,image_name,True_Value,Predicted_Value,Prediction_Time_s
0,/tmp/DataSetCombined/Edges/Round-5_0110382_edge.png,0.2193,0.22425,0.5821138322353363
1,/tmp/DataSetCombined/Edges/Round-10_0192189_edge.png,0.1725,0.17756243,0.5821138322353363
2,/tmp/DataSetCombined/Edges/Round-3_0084913_edge.png,0.4087,0.39733893,0.5821138322353363
3,/tmp/DataSetCombined/Edges/Round-6_0060352_edge.png,0.1957,0.1939938,0.5821138322353363
4,/tmp/DataSetCombined/Edges/Round-2_0045400_edge.png,0.205,0.20320484,0.5821138322353363
5,/tmp/DataSetCombined/Edges/Round-7_0082356_edge.png,0.2368,0.2387999,0.5821138322353363
6,/tmp/DataSetCombined/Edges/Round-9_0144395_edge.png,0.2283,0.23261744,0.5821138322353363
7,/tmp/DataSetCombined/Edges/Round-10_0148213_edge.png,0.2268,0.23032777,0.5821138322353363
8,/tmp/DataSetCombined/Edges/Round-10_0007377_edge.png,0.1668,0.17186028,0.5821138322353363
9,/tmp/DataSetCombined/Edges/Round-9_0061317_edge.png,0.1732,0.17890465,0.5821138322353363
10,/tmp/DataSetCombined/Edges/Round-1_0032334_edge.png,0.2039,0.20272453,0.5821138322353363
11,/tmp/DataSetCombined/Edges/Round-7_0092645_edge.png,0.2182,0.21804884,0.5821138322353363
12,/tmp/DataSetCombined/Edges/Round-9_0184153_edge.png,0.1729,0.17824188,0.5821138322353363
13,/tmp/DataSetCombined/Edges/Round-1_0016901_edge.png,0.2053,0.2037822,0.5821138322353363
14,/tmp/DataSetCombined/Edges/Round-6_0017520_edge.png,0.2271,0.23079813,0.5821138322353363
15,/tmp/DataSetCombined/Edges/Round-7_0106586_edge.png,0.1741,0.17926535,0.5821138322353363
16,/tmp/DataSetCombined/Edges/Round-3_0048883_edge.png,0.1613,0.16699797,0.5821138322353363
17,/tmp/DataSetCombined/Edges/Round-5_0113121_edge.png,0.1583,0.16491188,0.5821138322353363
18,/tmp/DataSetCombined/Edges/Round-8_0037029_edge.png,0.2459,0.24523354,0.5821138322353363
19,/tmp/DataSetCombined/Edges/Round-9_0150595_edge.png,0.2288,0.2317275,0.5821138322353363
20,/tmp/DataSetCombined/Edges/Round-8_0086983_edge.png,0.4096,0.39835936,0.5821138322353363
21,/tmp/DataSetCombined/Edges/Round-9_0124255_edge.png,0.3821,0.3755768,0.5821138322353363
22,/tmp/DataSetCombined/Edges/Round-5_0047263_edge.png,0.2437,0.24562675,0.5821138322353363
23,/tmp/DataSetCombined/Edges/Round-10_0191166_edge.png,0.1586,0.16703752,0.5821138322353363
24,/tmp/DataSetCombined/Edges/Round-10_0192219_edge.png,0.274,0.2678182,0.5821138322353363
25,/tmp/DataSetCombined/Edges/Round-4_0080520_edge.png,0.171,0.1767034,0.5821138322353363
26,/tmp/DataSetCombined/Edges/Round-9_0181805_edge.png,0.2345,0.23517781,0.5821138322353363
27,/tmp/DataSetCombined/Edges/Round-1_0108875_edge.png,0.3028,0.30157542,0.5821138322353363
28,/tmp/DataSetCombined/Edges/Round-7_0013248_edge.png,0.2296,0.23231187,0.5821138322353363
29,/tmp/DataSetCombined/Edges/Round-6_0110197_edge.png,0.2013,0.20039698,0.5821138322353363
30,/tmp/DataSetCombined/Edges/Round-5_0069898_edge.png,0.1892,0.19022755,0.5821138322353363
31,/tmp/DataSetCombined/Edges/Round-6_0032148_edge.png,0.228,0.23140815,0.5821138322353363
32,/tmp/DataSetCombined/Edges/Round-5_0020180_edge.png,0.2303,0.23262168,0.5821138322353363
33,/tmp/DataSetCombined/Edges/Round-9_0143639_edge.png,0.1602,0.16584653,0.5821138322353363
34,/tmp/DataSetCombined/Edges/Round-6_0002000_edge.png,0.1895,0.1909137,0.5821138322353363
35,/tmp/DataSetCombined/Edges/Round-8_0061291_edge.png,0.1813,0.18378033,0.5821138322353363
36,/tmp/DataSetCombined/Edges/Round-8_0081083_edge.png,0.2821,0.27884814,0.5821138322353363
37,/tmp/DataSetCombined/Edges/Round-4_0081844_edge.png,0.227,0.2307244,0.5821138322353363
38,/tmp/DataSetCombined/Edges/Round-8_0062662_edge.png,0.2027,0.20192854,0.5821138322353363
39,/tmp/DataSetCombined/Edges/Round-1_0015301_edge.png,0.2242,0.22705644,0.5821138322353363
40,/tmp/DataSetCombined/Edges/Round-9_0036575_edge.png,0.1729,0.17807113,0.5821138322353363
41,/tmp/DataSetCombined/Edges/Round-2_0102801_edge.png,0.2322,0.23633553,0.5821138322353363
42,/tmp/DataSetCombined/Edges/Round-5_0101473_edge.png,0.2505,0.24945956,0.5821138322353363
43,/tmp/DataSetCombined/Edges/Round-10_0050871_edge.png,0.1718,0.17810446,0.5821138322353363
44,/tmp/DataSetCombined/Edges/Round-6_0110588_edge.png,0.245,0.24493708,0.5821138322353363
45,/tmp/DataSetCombined/Edges/Round-10_0042654_edge.png,0.2475,0.24677092,0.5821138322353363
46,/tmp/DataSetCombined/Edges/Round-10_0147370_edge.png,0.2252,0.22611536,0.5821138322353363
47,/tmp/DataSetCombined/Edges/Round-9_0185387_edge.png,0.2259,0.23008107,0.5821138322353363
48,/tmp/DataSetCombined/Edges/Round-8_0056864_edge.png,0.1729,0.17827064,0.5821138322353363
49,/tmp/DataSetCombined/Edges/Round-1_0032267_edge.png,0.1864,0.18737793,0.5821138322353363
50,/tmp/DataSetCombined/Edges/Round-10_0165641_edge.png,0.2299,0.23234817,0.5821138322353363
51,/tmp/DataSetCombined/Edges/Round-3_0045334_edge.png,0.225,0.22645414,0.5821138322353363
52,/tmp/DataSetCombined/Edges/Round-8_0007158_edge.png,0.1771,0.18153504,0.5821138322353363
53,/tmp/DataSetCombined/Edges/Round-3_0040757_edge.png,0.302,0.29983145,0.5821138322353363
54,/tmp/DataSetCombined/Edges/Round-7_0073838_edge.png,0.3947,0.38678184,0.5821138322353363
55,/tmp/DataSetCombined/Edges/Round-9_0061798_edge.png,0.2658,0.26029474,0.5821138322353363
56,/tmp/DataSetCombined/Edges/Round-10_0022487_edge.png,0.3126,0.31172055,0.5821138322353363
57,/tmp/DataSetCombined/Edges/Round-10_0140177_edge.png,0.2706,0.2633677,0.5821138322353363
58,/tmp/DataSetCombined/Edges/Round-9_0127656_edge.png,0.1907,0.19138978,0.5821138322353363
59,/tmp/DataSetCombined/Edges/Round-10_0173948_edge.png,0.3029,0.30150533,0.5821138322353363
60,/tmp/DataSetCombined/Edges/Round-4_0027847_edge.png,0.4095,0.3982721,0.5821138322353363
61,/tmp/DataSetCombined/Edges/Round-9_0005662_edge.png,0.2969,0.29794785,0.5821138322353363
62,/tmp/DataSetCombined/Edges/Round-5_0094309_edge.png,0.3563,0.35768062,0.5821138322353363
63,/tmp/DataSetCombined/Edges/Round-9_0078534_edge.png,0.2001,0.2002415,0.5821138322353363
64,/tmp/DataSetCombined/Edges/Round-1_0058834_edge.png,0.2299,0.23223203,0.0039762370288372
65,/tmp/DataSetCombined/Edges/Round-10_0147100_edge.png,0.1691,0.173917,0.0039762370288372
66,/tmp/DataSetCombined/Edges/Round-8_0022900_edge.png,0.2298,0.23339447,0.0039762370288372
67,/tmp/DataSetCombined/Edges/Round-6_0130755_edge.png,0.2217,0.22590044,0.0039762370288372
68,/tmp/DataSetCombined/Edges/Round-10_0014722_edge.png,0.1881,0.1895557,0.0039762370288372
69,/tmp/DataSetCombined/Edges/Round-4_0000876_edge.png,0.2823,0.27851665,0.0039762370288372
70,/tmp/DataSetCombined/Edges/Round-4_0049698_edge.png,0.203,0.20117201,0.0039762370288372
71,/tmp/DataSetCombined/Edges/Round-7_0093794_edge.png,0.1791,0.18192762,0.0039762370288372
72,/tmp/DataSetCombined/Edges/Round-5_0062734_edge.png,0.2249,0.2263032,0.0039762370288372
73,/tmp/DataSetCombined/Edges/Round-3_0060291_edge.png,0.2541,0.25193542,0.0039762370288372
74,/tmp/DataSetCombined/Edges/Round-7_0097316_edge.png,0.2254,0.2295528,0.0039762370288372
75,/tmp/DataSetCombined/Edges/Round-9_0072123_edge.png,0.1901,0.19068071,0.0039762370288372
76,/tmp/DataSetCombined/Edges/Round-6_0074241_edge.png,0.183,0.18491429,0.0039762370288372
77,/tmp/DataSetCombined/Edges/Round-6_0041811_edge.png,0.225,0.22863564,0.0039762370288372
78,/tmp/DataSetCombined/Edges/Round-1_0006534_edge.png,0.2272,0.23075889,0.0039762370288372
79,/tmp/DataSetCombined/Edges/Round-1_0012167_edge.png,0.2303,0.23243,0.0039762370288372
80,/tmp/DataSetCombined/Edges/Round-4_0023571_edge.png,0.2234,0.22679721,0.0039762370288372
81,/tmp/DataSetCombined/Edges/Round-10_0190082_edge.png,0.1904,0.19083948,0.0039762370288372
82,/tmp/DataSetCombined/Edges/Round-7_0009003_edge.png,0.2072,0.20405178,0.0039762370288372
83,/tmp/DataSetCombined/Edges/Round-10_0091596_edge.png,0.1724,0.17707613,0.0039762370288372
84,/tmp/DataSetCombined/Edges/Round-6_0077239_edge.png,0.4096,0.39835638,0.0039762370288372
85,/tmp/DataSetCombined/Edges/Round-9_0001697_edge.png,0.4063,0.39618993,0.0039762370288372
86,/tmp/DataSetCombined/Edges/Round-7_0006957_edge.png,0.244,0.24351314,0.0039762370288372
87,/tmp/DataSetCombined/Edges/Round-7_0026040_edge.png,0.2797,0.27252486,0.0039762370288372
88,/tmp/DataSetCombined/Edges/Round-1_0072234_edge.png,0.2749,0.26975787,0.0039762370288372
89,/tmp/DataSetCombined/Edges/Round-10_0057102_edge.png,0.1853,0.18635526,0.0039762370288372
90,/tmp/DataSetCombined/Edges/Round-6_0130063_edge.png,0.2449,0.24395253,0.0039762370288372
91,/tmp/DataSetCombined/Edges/Round-10_0037567_edge.png,0.2266,0.22996476,0.0039762370288372
92,/tmp/DataSetCombined/Edges/Round-9_0038742_edge.png,0.1743,0.17874585,0.0039762370288372
93,/tmp/DataSetCombined/Edges/Round-2_0053834_edge.png,0.3027,0.30114305,0.0039762370288372
94,/tmp/DataSetCombined/Edges/Round-4_0058427_edge.png,0.2199,0.21835823,0.0039762370288372
95,/tmp/DataSetCombined/Edges/Round-5_0019150_edge.png,0.2546,0.2524627,0.0039762370288372
96,/tmp/DataSetCombined/Edges/Round-8_0036848_edge.png,0.2134,0.21064256,0.0039762370288372
97,/tmp/DataSetCombined/Edges/Round-8_0022942_edge.png,0.1891,0.19027498,0.0039762370288372
98,/tmp/DataSetCombined/Edges/Round-1_0160977_edge.png,0.1869,0.18870243,0.0039762370288372
99,/tmp/DataSetCombined/Edges/Round-6_0085551_edge.png,0.2693,0.2635534,0.0039762370288372
100,/tmp/DataSetCombined/Edges/Round-9_0138703_edge.png,0.3702,0.36591673,0.0039762370288372
101,/tmp/DataSetCombined/Edges/Round-9_0060564_edge.png,0.2151,0.22156563,0.0039762370288372
102,/tmp/DataSetCombined/Edges/Round-1_0030467_edge.png,0.3772,0.37148845,0.0039762370288372
103,/tmp/DataSetCombined/Edges/Round-6_0100956_edge.png,0.1598,0.16728896,0.0039762370288372
104,/tmp/DataSetCombined/Edges/Round-7_0019478_edge.png,0.1716,0.17670515,0.0039762370288372
105,/tmp/DataSetCombined/Edges/Round-1_0158027_edge.png,0.2803,0.27730274,0.0039762370288372
106,/tmp/DataSetCombined/Edges/Round-1_0094698_edge.png,0.1719,0.1783123,0.0039762370288372
107,/tmp/DataSetCombined/Edges/Round-5_0015719_edge.png,0.2369,0.23880175,0.0039762370288372
108,/tmp/DataSetCombined/Edges/Round-5_0124740_edge.png,0.1367,0.14897135,0.0039762370288372
109,/tmp/DataSetCombined/Edges/Round-8_0037239_edge.png,0.306,0.30430508,0.0039762370288372
110,/tmp/DataSetCombined/Edges/Round-6_0022065_edge.png,0.2227,0.22827794,0.0039762370288372
111,/tmp/DataSetCombined/Edges/Round-8_0075815_edge.png,0.2948,0.29696038,0.0039762370288372
112,/tmp/DataSetCombined/Edges/Round-2_0099615_edge.png,0.2902,0.29215696,0.0039762370288372
113,/tmp/DataSetCombined/Edges/Round-5_0020926_edge.png,0.1729,0.17840013,0.0039762370288372
114,/tmp/DataSetCombined/Edges/Round-6_0021343_edge.png,0.4027,0.39380658,0.0039762370288372
115,/tmp/DataSetCombined/Edges/Round-10_0104840_edge.png,0.1721,0.1796647,0.0039762370288372
116,/tmp/DataSetCombined/Edges/Round-10_0009394_edge.png,0.4083,0.39710298,0.0039762370288372
117,/tmp/DataSetCombined/Edges/Round-9_0163724_edge.png,0.3036,0.30287468,0.0039762370288372
118,/tmp/DataSetCombined/Edges/Round-5_0015031_edge.png,0.1718,0.17866243,0.0039762370288372
119,/tmp/DataSetCombined/Edges/Round-4_0080188_edge.png,0.1732,0.17882553,0.0039762370288372
120,/tmp/DataSetCombined/Edges/Round-3_0079073_edge.png,0.2372,0.23959565,0.0039762370288372
121,/tmp/DataSetCombined/Edges/Round-1_0048467_edge.png,0.1762,0.1807708,0.0039762370288372
122,/tmp/DataSetCombined/Edges/Round-4_0082928_edge.png,0.1885,0.19005758,0.0039762370288372
123,/tmp/DataSetCombined/Edges/Round-9_0161909_edge.png,0.1726,0.17844075,0.0039762370288372
124,/tmp/DataSetCombined/Edges/Round-3_0004767_edge.png,0.2243,0.22537906,0.0039762370288372
125,/tmp/DataSetCombined/Edges/Round-9_0047290_edge.png,0.1726,0.17845574,0.0039762370288372
126,/tmp/DataSetCombined/Edges/Round-10_0098669_edge.png,0.1729,0.1778476,0.0039762370288372
127,/tmp/DataSetCombined/Edges/Round-10_0101258_edge.png,0.2631,0.25610843,0.0039762370288372
128,/tmp/DataSetCombined/Edges/Round-6_0022637_edge.png,0.2237,0.22663109,0.0039466582238674
129,/tmp/DataSetCombined/Edges/Round-9_0071039_edge.png,0.1504,0.16303897,0.0039466582238674
130,/tmp/DataSetCombined/Edges/Round-6_0002334_edge.png,0.1994,0.19812274,0.0039466582238674
131,/tmp/DataSetCombined/Edges/Round-5_0074022_edge.png,0.2966,0.29852316,0.0039466582238674
132,/tmp/DataSetCombined/Edges/Round-3_0029651_edge.png,0.2705,0.26649976,0.0039466582238674
133,/tmp/DataSetCombined/Edges/Round-9_0134188_edge.png,0.2228,0.22741924,0.0039466582238674
134,/tmp/DataSetCombined/Edges/Round-4_0060263_edge.png,0.1776,0.18159646,0.0039466582238674
135,/tmp/DataSetCombined/Edges/Round-3_0064264_edge.png,0.2822,0.2774313,0.0039466582238674
136,/tmp/DataSetCombined/Edges/Round-1_0124677_edge.png,0.1674,0.17217007,0.0039466582238674
137,/tmp/DataSetCombined/Edges/Round-9_0165974_edge.png,0.2969,0.29798993,0.0039466582238674
138,/tmp/DataSetCombined/Edges/Round-4_0003495_edge.png,0.1934,0.19275716,0.0039466582238674
139,/tmp/DataSetCombined/Edges/Round-5_0005786_edge.png,0.1747,0.17971133,0.0039466582238674
140,/tmp/DataSetCombined/Edges/Round-4_0089279_edge.png,0.2256,0.22950366,0.0039466582238674
141,/tmp/DataSetCombined/Edges/Round-8_0042465_edge.png,0.2292,0.23278108,0.0039466582238674
142,/tmp/DataSetCombined/Edges/Round-9_0023692_edge.png,0.2297,0.2330555,0.0039466582238674
143,/tmp/DataSetCombined/Edges/Round-4_0056741_edge.png,0.2439,0.24512517,0.0039466582238674
144,/tmp/DataSetCombined/Edges/Round-7_0045936_edge.png,0.1766,0.18062428,0.0039466582238674
145,/tmp/DataSetCombined/Edges/Round-10_0046115_edge.png,0.1713,0.17717966,0.0039466582238674
146,/tmp/DataSetCombined/Edges/Round-7_0029923_edge.png,0.2299,0.23227642,0.0039466582238674
147,/tmp/DataSetCombined/Edges/Round-10_0088857_edge.png,0.2592,0.2543307,0.0039466582238674
148,/tmp/DataSetCombined/Edges/Round-8_0004239_edge.png,0.2829,0.2786856,0.0039466582238674
149,/tmp/DataSetCombined/Edges/Round-5_0011324_edge.png,0.2247,0.22601989,0.0039466582238674
150,/tmp/DataSetCombined/Edges/Round-2_0074234_edge.png,0.2292,0.23272657,0.0039466582238674
151,/tmp/DataSetCombined/Edges/Round-8_0053181_edge.png,0.2818,0.27736154,0.0039466582238674
152,/tmp/DataSetCombined/Edges/Round-1_0014101_edge.png,0.2204,0.22024962,0.0039466582238674
153,/tmp/DataSetCombined/Edges/Round-9_0139184_edge.png,0.1935,0.19287197,0.0039466582238674
154,/tmp/DataSetCombined/Edges/Round-7_0023241_edge.png,0.2262,0.23042339,0.0039466582238674
155,/tmp/DataSetCombined/Edges/Round-8_0073227_edge.png,0.2448,0.24389872,0.0039466582238674
156,/tmp/DataSetCombined/Edges/Round-8_0059453_edge.png,0.1733,0.1786519,0.0039466582238674
157,/tmp/DataSetCombined/Edges/Round-6_0015895_edge.png,0.3194,0.31706336,0.0039466582238674
158,/tmp/DataSetCombined/Edges/Round-10_0133524_edge.png,0.1958,0.19418669,0.0039466582238674
159,/tmp/DataSetCombined/Edges/Round-1_0024934_edge.png,0.196,0.19397606,0.0039466582238674
160,/tmp/DataSetCombined/Edges/Round-9_0139456_edge.png,0.3025,0.30131263,0.0039466582238674
161,/tmp/DataSetCombined/Edges/Round-7_0057735_edge.png,0.2373,0.2396152,0.0039466582238674
162,/tmp/DataSetCombined/Edges/Round-7_0126422_edge.png,0.2303,0.23294954,0.0039466582238674
163,/tmp/DataSetCombined/Edges/Round-5_0125191_edge.png,0.2317,0.23531353,0.0039466582238674
164,/tmp/DataSetCombined/Edges/Round-10_0153661_edge.png,0.1711,0.17626615,0.0039466582238674
165,/tmp/DataSetCombined/Edges/Round-9_0123202_edge.png,0.2197,0.22234206,0.0039466582238674
166,/tmp/DataSetCombined/Edges/Round-6_0002758_edge.png,0.4094,0.39784715,0.0039466582238674
167,/tmp/DataSetCombined/Edges/Round-10_0009845_edge.png,0.3774,0.37180626,0.0039466582238674
168,/tmp/DataSetCombined/Edges/Round-9_0107971_edge.png,0.2298,0.23328525,0.0039466582238674
169,/tmp/DataSetCombined/Edges/Round-9_0172625_edge.png,0.1719,0.17685084,0.0039466582238674
170,/tmp/DataSetCombined/Edges/Round-1_0116731_edge.png,0.2372,0.23928423,0.0039466582238674
171,/tmp/DataSetCombined/Edges/Round-1_0152037_edge.png,0.2154,0.21962559,0.0039466582238674
172,/tmp/DataSetCombined/Edges/Round-10_0101227_edge.png,0.231,0.22768433,0.0039466582238674
173,/tmp/DataSetCombined/Edges/Round-1_0010534_edge.png,0.2262,0.2318016,0.0039466582238674
174,/tmp/DataSetCombined/Edges/Round-8_0015165_edge.png,0.2447,0.24400315,0.0039466582238674
175,/tmp/DataSetCombined/Edges/Round-4_0084974_edge.png,0.2111,0.20938116,0.0039466582238674
176,/tmp/DataSetCombined/Edges/Round-4_0083198_edge.png,0.2247,0.22625375,0.0039466582238674
177,/tmp/DataSetCombined/Edges/Round-1_0088738_edge.png,0.1862,0.18801416,0.0039466582238674
178,/tmp/DataSetCombined/Edges/Round-10_0003546_edge.png,0.2238,0.226576,0.0039466582238674
179,/tmp/DataSetCombined/Edges/Round-1_0121486_edge.png,0.297,0.29751027,0.0039466582238674
180,/tmp/DataSetCombined/Edges/Round-8_0043699_edge.png,0.2274,0.23093964,0.0039466582238674
181,/tmp/DataSetCombined/Edges/Round-5_0107884_edge.png,0.2364,0.23586431,0.0039466582238674
182,/tmp/DataSetCombined/Edges/Round-1_0157605_edge.png,0.227,0.23063348,0.0039466582238674
183,/tmp/DataSetCombined/Edges/Round-3_0076906_edge.png,0.2338,0.23837149,0.0039466582238674
184,/tmp/DataSetCombined/Edges/Round-3_0007667_edge.png,0.2273,0.2307904,0.0039466582238674
185,/tmp/DataSetCombined/Edges/Round-9_0140148_edge.png,0.1564,0.16523759,0.0039466582238674
186,/tmp/DataSetCombined/Edges/Round-8_0058039_edge.png,0.2409,0.23803154,0.0039466582238674
187,/tmp/DataSetCombined/Edges/Round-4_0015595_edge.png,0.2547,0.25245473,0.0039466582238674
188,/tmp/DataSetCombined/Edges/Round-7_0091200_edge.png,0.2335,0.23400176,0.0039466582238674
189,/tmp/DataSetCombined/Edges/Round-10_0001061_edge.png,0.2289,0.23219544,0.0039466582238674
190,/tmp/DataSetCombined/Edges/Round-1_0117001_edge.png,0.2595,0.25433078,0.0039466582238674
191,/tmp/DataSetCombined/Edges/Round-1_0001167_edge.png,0.1689,0.17385307,0.0039466582238674
192,/tmp/DataSetCombined/Edges/Round-7_0122148_edge.png,0.1874,0.18910947,0.0041099749505519
193,/tmp/DataSetCombined/Edges/Round-1_0121275_edge.png,0.2072,0.20438527,0.0041099749505519
194,/tmp/DataSetCombined/Edges/Round-5_0049581_edge.png,0.2144,0.21338648,0.0041099749505519
195,/tmp/DataSetCombined/Edges/Round-1_0087534_edge.png,0.3012,0.29820514,0.0041099749505519
196,/tmp/DataSetCombined/Edges/Round-9_0071761_edge.png,0.1848,0.18565731,0.0041099749505519
197,/tmp/DataSetCombined/Edges/Round-10_0116307_edge.png,0.1967,0.19644298,0.0041099749505519
198,/tmp/DataSetCombined/Edges/Round-10_0030704_edge.png,0.2441,0.24337047,0.0041099749505519
199,/tmp/DataSetCombined/Edges/Round-10_0058848_edge.png,0.245,0.2438993,0.0041099749505519
200,/tmp/DataSetCombined/Edges/Round-6_0101799_edge.png,0.2446,0.24214737,0.0041099749505519
201,/tmp/DataSetCombined/Edges/Round-5_0019752_edge.png,0.3549,0.35688734,0.0041099749505519
202,/tmp/DataSetCombined/Edges/Round-1_0059801_edge.png,0.2372,0.23984958,0.0041099749505519
203,/tmp/DataSetCombined/Edges/Round-2_0088629_edge.png,0.172,0.17684567,0.0041099749505519
204,/tmp/DataSetCombined/Edges/Round-9_0074344_edge.png,0.2264,0.23013489,0.0041099749505519
205,/tmp/DataSetCombined/Edges/Round-6_0050419_edge.png,0.1617,0.16732153,0.0041099749505519
206,/tmp/DataSetCombined/Edges/Round-8_0049746_edge.png,0.3482,0.35240346,0.0041099749505519
207,/tmp/DataSetCombined/Edges/Round-9_0084584_edge.png,0.2777,0.2720093,0.0041099749505519
208,/tmp/DataSetCombined/Edges/Round-9_0108362_edge.png,0.1963,0.19593886,0.0041099749505519
209,/tmp/DataSetCombined/Edges/Round-6_0122417_edge.png,0.1772,0.18136092,0.0041099749505519
210,/tmp/DataSetCombined/Edges/Round-1_0047267_edge.png,0.2131,0.2124854,0.0041099749505519
211,/tmp/DataSetCombined/Edges/Round-9_0054906_edge.png,0.2275,0.2309973,0.0041099749505519
212,/tmp/DataSetCombined/Edges/Round-7_0073990_edge.png,0.1982,0.19790822,0.0041099749505519
213,/tmp/DataSetCombined/Edges/Round-5_0038173_edge.png,0.2243,0.22542803,0.0041099749505519
214,/tmp/DataSetCombined/Edges/Round-3_0014239_edge.png,0.2755,0.27043545,0.0041099749505519
215,/tmp/DataSetCombined/Edges/Round-9_0060354_edge.png,0.2181,0.22360127,0.0041099749505519
216,/tmp/DataSetCombined/Edges/Round-8_0021395_edge.png,0.2728,0.26958528,0.0041099749505519
217,/tmp/DataSetCombined/Edges/Round-5_0113332_edge.png,0.1775,0.18162948,0.0041099749505519
218,/tmp/DataSetCombined/Edges/Round-10_0143337_edge.png,0.1754,0.1784009,0.0041099749505519
219,/tmp/DataSetCombined/Edges/Round-10_0069171_edge.png,0.1693,0.1746327,0.0041099749505519
220,/tmp/DataSetCombined/Edges/Round-10_0061255_edge.png,0.2819,0.27817404,0.0041099749505519
221,/tmp/DataSetCombined/Edges/Round-8_0045035_edge.png,0.1773,0.18164457,0.0041099749505519
222,/tmp/DataSetCombined/Edges/Round-7_0123758_edge.png,0.1729,0.17839785,0.0041099749505519
223,/tmp/DataSetCombined/Edges/Round-2_0089773_edge.png,0.1835,0.18496895,0.0041099749505519
224,/tmp/DataSetCombined/Edges/Round-4_0040246_edge.png,0.1585,0.16540429,0.0041099749505519
225,/tmp/DataSetCombined/Edges/Round-9_0033324_edge.png,0.1619,0.16742787,0.0041099749505519
226,/tmp/DataSetCombined/Edges/Round-1_0028101_edge.png,0.2269,0.23083937,0.0041099749505519
227,/tmp/DataSetCombined/Edges/Round-10_0174911_edge.png,0.2962,0.29741716,0.0041099749505519
228,/tmp/DataSetCombined/Edges/Round-6_0090061_edge.png,0.1874,0.18703382,0.0041099749505519
229,/tmp/DataSetCombined/Edges/Round-10_0021975_edge.png,0.2053,0.20317486,0.0041099749505519
230,/tmp/DataSetCombined/Edges/Round-1_0075343_edge.png,0.2299,0.23253794,0.0041099749505519
231,/tmp/DataSetCombined/Edges/Round-1_0040134_edge.png,0.1834,0.18543717,0.0041099749505519
232,/tmp/DataSetCombined/Edges/Round-10_0086811_edge.png,0.1896,0.19069406,0.0041099749505519
233,/tmp/DataSetCombined/Edges/Round-8_0045848_edge.png,0.2088,0.20513368,0.0041099749505519
234,/tmp/DataSetCombined/Edges/Round-2_0098652_edge.png,0.2188,0.21916571,0.0041099749505519
235,/tmp/DataSetCombined/Edges/Round-10_0017912_edge.png,0.2585,0.25419703,0.0041099749505519
236,/tmp/DataSetCombined/Edges/Round-10_0104810_edge.png,0.255,0.2524567,0.0041099749505519
237,/tmp/DataSetCombined/Edges/Round-5_0059483_edge.png,0.1778,0.1802348,0.0041099749505519
238,/tmp/DataSetCombined/Edges/Round-3_0025934_edge.png,0.2373,0.23973072,0.0041099749505519
239,/tmp/DataSetCombined/Edges/Round-7_0059932_edge.png,0.1726,0.17927012,0.0041099749505519
240,/tmp/DataSetCombined/Edges/Round-5_0051327_edge.png,0.1868,0.18721661,0.0041099749505519
241,/tmp/DataSetCombined/Edges/Round-8_0057665_edge.png,0.218,0.21849108,0.0041099749505519
242,/tmp/DataSetCombined/Edges/Round-7_0100356_edge.png,0.1733,0.17822647,0.0041099749505519
243,/tmp/DataSetCombined/Edges/Round-6_0078863_edge.png,0.1733,0.17844464,0.0041099749505519
244,/tmp/DataSetCombined/Edges/Round-5_0062102_edge.png,0.18,0.18271619,0.0041099749505519
245,/tmp/DataSetCombined/Edges/Round-3_0078200_edge.png,0.4035,0.39445072,0.0041099749505519
246,/tmp/DataSetCombined/Edges/Round-2_0082301_edge.png,0.2969,0.2983101,0.0041099749505519
247,/tmp/DataSetCombined/Edges/Round-9_0076999_edge.png,0.2197,0.2243138,0.0041099749505519
248,/tmp/DataSetCombined/Edges/Round-3_0056047_edge.png,0.1898,0.19005442,0.0041099749505519
249,/tmp/DataSetCombined/Edges/Round-4_0037537_edge.png,0.2328,0.2283051,0.0041099749505519
250,/tmp/DataSetCombined/Edges/Round-1_0029167_edge.png,0.1981,0.19791742,0.0041099749505519
251,/tmp/DataSetCombined/Edges/Round-10_0061586_edge.png,0.1721,0.17914656,0.0041099749505519
252,/tmp/DataSetCombined/Edges/Round-1_0108513_edge.png,0.2296,0.2328896,0.0041099749505519
253,/tmp/DataSetCombined/Edges/Round-2_0074667_edge.png,0.2117,0.2087016,0.0041099749505519
254,/tmp/DataSetCombined/Edges/Round-7_0116911_edge.png,0.2058,0.20388456,0.0041099749505519
255,/tmp/DataSetCombined/Edges/Round-4_0044671_edge.png,0.282,0.27722543,0.0041099749505519
256,/tmp/DataSetCombined/Edges/Round-8_0024827_edge.png,0.2438,0.2430189,0.0037931837141513
257,/tmp/DataSetCombined/Edges/Round-2_0085134_edge.png,0.2453,0.24536166,0.0037931837141513
258,/tmp/DataSetCombined/Edges/Round-10_0132953_edge.png,0.1814,0.18453798,0.0037931837141513
259,/tmp/DataSetCombined/Edges/Round-9_0006746_edge.png,0.1907,0.19163415,0.0037931837141513
260,/tmp/DataSetCombined/Edges/Round-9_0103938_edge.png,0.1653,0.17106424,0.0037931837141513
261,/tmp/DataSetCombined/Edges/Round-5_0007411_edge.png,0.4097,0.39878267,0.0037931837141513
262,/tmp/DataSetCombined/Edges/Round-10_0022969_edge.png,0.3028,0.30141377,0.0037931837141513
263,/tmp/DataSetCombined/Edges/Round-10_0024835_edge.png,0.2369,0.23945326,0.0037931837141513
264,/tmp/DataSetCombined/Edges/Round-9_0178103_edge.png,0.2095,0.2065584,0.0037931837141513
265,/tmp/DataSetCombined/Edges/Round-8_0047203_edge.png,0.2055,0.20280328,0.0037931837141513
266,/tmp/DataSetCombined/Edges/Round-7_0133519_edge.png,0.236,0.2411763,0.0037931837141513
267,/tmp/DataSetCombined/Edges/Round-3_0087772_edge.png,0.2099,0.21229564,0.0037931837141513
268,/tmp/DataSetCombined/Edges/Round-1_0122389_edge.png,0.1718,0.17825681,0.0037931837141513
269,/tmp/DataSetCombined/Edges/Round-9_0051022_edge.png,0.1537,0.16470562,0.0037931837141513
270,/tmp/DataSetCombined/Edges/Round-9_0128130_edge.png,0.1911,0.19103213,0.0037931837141513
271,/tmp/DataSetCombined/Edges/Round-7_0011080_edge.png,0.2058,0.20312628,0.0037931837141513
272,/tmp/DataSetCombined/Edges/Round-5_0081366_edge.png,0.2093,0.20641384,0.0037931837141513
273,/tmp/DataSetCombined/Edges/Round-10_0097826_edge.png,0.2367,0.24036875,0.0037931837141513
274,/tmp/DataSetCombined/Edges/Round-6_0041931_edge.png,0.2961,0.29788697,0.0037931837141513
275,/tmp/DataSetCombined/Edges/Round-1_0027334_edge.png,0.1857,0.18766977,0.0037931837141513
276,/tmp/DataSetCombined/Edges/Round-3_0011771_edge.png,0.2371,0.23965563,0.0037931837141513
277,/tmp/DataSetCombined/Edges/Round-10_0135571_edge.png,0.2386,0.23847282,0.0037931837141513
278,/tmp/DataSetCombined/Edges/Round-8_0063847_edge.png,0.302,0.29898262,0.0037931837141513
279,/tmp/DataSetCombined/Edges/Round-8_0033473_edge.png,0.2286,0.23235275,0.0037931837141513
280,/tmp/DataSetCombined/Edges/Round-9_0065711_edge.png,0.2179,0.21833819,0.0037931837141513
281,/tmp/DataSetCombined/Edges/Round-5_0123596_edge.png,0.2438,0.24426046,0.0037931837141513
282,/tmp/DataSetCombined/Edges/Round-10_0149929_edge.png,0.1907,0.19166014,0.0037931837141513
283,/tmp/DataSetCombined/Edges/Round-10_0131177_edge.png,0.1742,0.17937988,0.0037931837141513
284,/tmp/DataSetCombined/Edges/Round-9_0146679_edge.png,0.2374,0.2407495,0.0037931837141513
285,/tmp/DataSetCombined/Edges/Round-2_0058679_edge.png,0.2594,0.2545958,0.0037931837141513
286,/tmp/DataSetCombined/Edges/Round-1_0149840_edge.png,0.2979,0.29746148,0.0037931837141513
287,/tmp/DataSetCombined/Edges/Round-5_0045999_edge.png,0.1897,0.19000094,0.0037931837141513
288,/tmp/DataSetCombined/Edges/Round-7_0111041_edge.png,0.3707,0.3663547,0.0037931837141513
289,/tmp/DataSetCombined/Edges/Round-6_0100384_edge.png,0.1735,0.17994322,0.0037931837141513
290,/tmp/DataSetCombined/Edges/Round-10_0124917_edge.png,0.2507,0.24896999,0.0037931837141513
291,/tmp/DataSetCombined/Edges/Round-2_0030400_edge.png,0.177,0.18156561,0.0037931837141513
292,/tmp/DataSetCombined/Edges/Round-3_0028747_edge.png,0.196,0.19510317,0.0037931837141513
293,/tmp/DataSetCombined/Edges/Round-10_0151946_edge.png,0.1901,0.19005421,0.0037931837141513
294,/tmp/DataSetCombined/Edges/Round-7_0108603_edge.png,0.177,0.18152776,0.0037931837141513
295,/tmp/DataSetCombined/Edges/Round-7_0034829_edge.png,0.1723,0.1771939,0.0037931837141513
296,/tmp/DataSetCombined/Edges/Round-10_0179908_edge.png,0.3037,0.3030678,0.0037931837141513
297,/tmp/DataSetCombined/Edges/Round-7_0066614_edge.png,0.3773,0.37171268,0.0037931837141513
298,/tmp/DataSetCombined/Edges/Round-2_0093656_edge.png,0.2268,0.23065081,0.0037931837141513
299,/tmp/DataSetCombined/Edges/Round-10_0069382_edge.png,0.1806,0.18479949,0.0037931837141513
300,/tmp/DataSetCombined/Edges/Round-1_0071700_edge.png,0.226,0.23020995,0.0037931837141513
301,/tmp/DataSetCombined/Edges/Round-1_0009100_edge.png,0.2368,0.23871383,0.0037931837141513
302,/tmp/DataSetCombined/Edges/Round-7_0036837_edge.png,0.2237,0.22465341,0.0037931837141513
303,/tmp/DataSetCombined/Edges/Round-6_0039751_edge.png,0.2289,0.23228705,0.0037931837141513
304,/tmp/DataSetCombined/Edges/Round-1_0008034_edge.png,0.1751,0.17977527,0.0037931837141513
305,/tmp/DataSetCombined/Edges/Round-3_0064415_edge.png,0.2223,0.22429924,0.0037931837141513
306,/tmp/DataSetCombined/Edges/Round-6_0035429_edge.png,0.1764,0.18054639,0.0037931837141513
307,/tmp/DataSetCombined/Edges/Round-5_0025952_edge.png,0.1674,0.17181584,0.0037931837141513
308,/tmp/DataSetCombined/Edges/Round-10_0175972_edge.png,0.2285,0.23210981,0.0037931837141513
309,/tmp/DataSetCombined/Edges/Round-9_0026702_edge.png,0.2263,0.2301975,0.0037931837141513
310,/tmp/DataSetCombined/Edges/Round-1_0154776_edge.png,0.2549,0.25237197,0.0037931837141513
311,/tmp/DataSetCombined/Edges/Round-10_0051383_edge.png,0.2373,0.2398009,0.0037931837141513
312,/tmp/DataSetCombined/Edges/Round-9_0179518_edge.png,0.1774,0.18194166,0.0037931837141513
313,/tmp/DataSetCombined/Edges/Round-10_0112726_edge.png,0.2071,0.20412998,0.0037931837141513
314,/tmp/DataSetCombined/Edges/Round-1_0029934_edge.png,0.171,0.17610809,0.0037931837141513
315,/tmp/DataSetCombined/Edges/Round-10_0024775_edge.png,0.1727,0.1776076,0.0037931837141513
316,/tmp/DataSetCombined/Edges/Round-9_0197409_edge.png,0.1689,0.17372243,0.0037931837141513
317,/tmp/DataSetCombined/Edges/Round-4_0061707_edge.png,0.2757,0.27056918,0.0037931837141513
318,/tmp/DataSetCombined/Edges/Round-3_0070796_edge.png,0.2235,0.22814822,0.0037931837141513
319,/tmp/DataSetCombined/Edges/Round-9_0171240_edge.png,0.1929,0.19243713,0.0037931837141513
320,/tmp/DataSetCombined/Edges/Round-10_0128588_edge.png,0.2396,0.24107118,0.0039815604686737
321,/tmp/DataSetCombined/Edges/Round-7_0019689_edge.png,0.3019,0.2992194,0.0039815604686737
322,/tmp/DataSetCombined/Edges/Round-9_0118205_edge.png,0.1923,0.19138354,0.0039815604686737
323,/tmp/DataSetCombined/Edges/Round-8_0057454_edge.png,0.2241,0.22796293,0.0039815604686737
324,/tmp/DataSetCombined/Edges/Round-7_0052076_edge.png,0.1982,0.19583665,0.0039815604686737
325,/tmp/DataSetCombined/Edges/Round-2_0091941_edge.png,0.2286,0.23212065,0.0039815604686737
326,/tmp/DataSetCombined/Edges/Round-7_0063303_edge.png,0.217,0.22217226,0.0039815604686737
327,/tmp/DataSetCombined/Edges/Round-2_0030200_edge.png,0.2373,0.23975304,0.0039815604686737
328,/tmp/DataSetCombined/Edges/Round-10_0091084_edge.png,0.2352,0.2386243,0.0039815604686737
329,/tmp/DataSetCombined/Edges/Round-9_0110258_edge.png,0.1999,0.19971825,0.0039815604686737
330,/tmp/DataSetCombined/Edges/Round-10_0167447_edge.png,0.3589,0.3592841,0.0039815604686737
331,/tmp/DataSetCombined/Edges/Round-5_0015057_edge.png,0.226,0.23030193,0.0039815604686737
332,/tmp/DataSetCombined/Edges/Round-4_0049156_edge.png,0.1651,0.16992658,0.0039815604686737
333,/tmp/DataSetCombined/Edges/Round-8_0072607_edge.png,0.2294,0.23295563,0.0039815604686737
334,/tmp/DataSetCombined/Edges/Round-1_0069334_edge.png,0.1839,0.18478075,0.0039815604686737
335,/tmp/DataSetCombined/Edges/Round-7_0021916_edge.png,0.2445,0.24383496,0.0039815604686737
336,/tmp/DataSetCombined/Edges/Round-6_0066071_edge.png,0.2251,0.22884448,0.0039815604686737
337,/tmp/DataSetCombined/Edges/Round-1_0060634_edge.png,0.2763,0.2707024,0.0039815604686737
338,/tmp/DataSetCombined/Edges/Round-9_0069684_edge.png,0.2299,0.23408629,0.0039815604686737
339,/tmp/DataSetCombined/Edges/Round-9_0029230_edge.png,0.1719,0.17832649,0.0039815604686737
340,/tmp/DataSetCombined/Edges/Round-3_0021101_edge.png,0.2819,0.27777302,0.0039815604686737
341,/tmp/DataSetCombined/Edges/Round-5_0072005_edge.png,0.1904,0.19062348,0.0039815604686737
342,/tmp/DataSetCombined/Edges/Round-8_0036234_edge.png,0.227,0.23078756,0.0039815604686737
343,/tmp/DataSetCombined/Edges/Round-4_0089249_edge.png,0.2259,0.22875014,0.0039815604686737
344,/tmp/DataSetCombined/Edges/Round-10_0165069_edge.png,0.4083,0.39704737,0.0039815604686737
345,/tmp/DataSetCombined/Edges/Round-10_0116247_edge.png,0.223,0.2287707,0.0039815604686737
346,/tmp/DataSetCombined/Edges/Round-1_0059634_edge.png,0.2445,0.24370861,0.0039815604686737
347,/tmp/DataSetCombined/Edges/Round-8_0028770_edge.png,0.1938,0.19410902,0.0039815604686737
348,/tmp/DataSetCombined/Edges/Round-7_0032933_edge.png,0.2295,0.23447376,0.0039815604686737
349,/tmp/DataSetCombined/Edges/Round-10_0047078_edge.png,0.3691,0.36421072,0.0039815604686737
350,/tmp/DataSetCombined/Edges/Round-5_0116041_edge.png,0.2552,0.25195283,0.0039815604686737
351,/tmp/DataSetCombined/Edges/Round-10_0007678_edge.png,0.1948,0.19318536,0.0039815604686737
352,/tmp/DataSetCombined/Edges/Round-8_0045385_edge.png,0.2298,0.23349692,0.0039815604686737
353,/tmp/DataSetCombined/Edges/Round-10_0057794_edge.png,0.2181,0.2170879,0.0039815604686737
354,/tmp/DataSetCombined/Edges/Round-5_0060357_edge.png,0.2121,0.21021388,0.0039815604686737
355,/tmp/DataSetCombined/Edges/Round-5_0027427_edge.png,0.176,0.18061459,0.0039815604686737
356,/tmp/DataSetCombined/Edges/Round-8_0018849_edge.png,0.1487,0.15888019,0.0039815604686737
357,/tmp/DataSetCombined/Edges/Round-9_0081002_edge.png,0.23,0.23358043,0.0039815604686737
358,/tmp/DataSetCombined/Edges/Round-4_0047621_edge.png,0.1849,0.18583353,0.0039815604686737
359,/tmp/DataSetCombined/Edges/Round-7_0001298_edge.png,0.2272,0.23067011,0.0039815604686737
360,/tmp/DataSetCombined/Edges/Round-9_0090634_edge.png,0.2024,0.20135349,0.0039815604686737
361,/tmp/DataSetCombined/Edges/Round-5_0083593_edge.png,0.1575,0.16474724,0.0039815604686737
362,/tmp/DataSetCombined/Edges/Round-6_0003614_edge.png,0.2718,0.2682155,0.0039815604686737
363,/tmp/DataSetCombined/Edges/Round-5_0066617_edge.png,0.3021,0.29951137,0.0039815604686737
364,/tmp/DataSetCombined/Edges/Round-1_0076878_edge.png,0.222,0.22598065,0.0039815604686737
365,/tmp/DataSetCombined/Edges/Round-9_0022428_edge.png,0.1775,0.18167946,0.0039815604686737
366,/tmp/DataSetCombined/Edges/Round-6_0004819_edge.png,0.2561,0.25357687,0.0039815604686737
367,/tmp/DataSetCombined/Edges/Round-2_0062954_edge.png,0.1921,0.19177315,0.0039815604686737
368,/tmp/DataSetCombined/Edges/Round-5_0055540_edge.png,0.2786,0.2756393,0.0039815604686737
369,/tmp/DataSetCombined/Edges/Round-6_0116156_edge.png,0.2273,0.23095575,0.0039815604686737
370,/tmp/DataSetCombined/Edges/Round-6_0017189_edge.png,0.1731,0.1784941,0.0039815604686737
371,/tmp/DataSetCombined/Edges/Round-6_0037566_edge.png,0.3227,0.3182329,0.0039815604686737
372,/tmp/DataSetCombined/Edges/Round-10_0124705_edge.png,0.2253,0.22922422,0.0039815604686737
373,/tmp/DataSetCombined/Edges/Round-8_0004630_edge.png,0.2262,0.22996485,0.0039815604686737
374,/tmp/DataSetCombined/Edges/Round-5_0066707_edge.png,0.2267,0.23083097,0.0039815604686737
375,/tmp/DataSetCombined/Edges/Round-1_0025200_edge.png,0.2476,0.24574211,0.0039815604686737
376,/tmp/DataSetCombined/Edges/Round-10_0034467_edge.png,0.271,0.2658964,0.0039815604686737
377,/tmp/DataSetCombined/Edges/Round-5_0084286_edge.png,0.2248,0.22657391,0.0039815604686737
378,/tmp/DataSetCombined/Edges/Round-9_0176869_edge.png,0.3762,0.37053454,0.0039815604686737
379,/tmp/DataSetCombined/Edges/Round-10_0049035_edge.png,0.1685,0.17325507,0.0039815604686737
380,/tmp/DataSetCombined/Edges/Round-8_0086862_edge.png,0.1667,0.17280369,0.0039815604686737
381,/tmp/DataSetCombined/Edges/Round-9_0137259_edge.png,0.1711,0.17631236,0.0039815604686737
382,/tmp/DataSetCombined/Edges/Round-8_0020987_edge.png,0.1855,0.18731532,0.0039815604686737
383,/tmp/DataSetCombined/Edges/Round-1_0124195_edge.png,0.2661,0.2571739,0.0039815604686737
384,/tmp/DataSetCombined/Edges/Round-9_0155288_edge.png,0.1729,0.17858435,0.0034988634288311
385,/tmp/DataSetCombined/Edges/Round-5_0087777_edge.png,0.1736,0.17910527,0.0034988634288311
386,/tmp/DataSetCombined/Edges/Round-7_0121426_edge.png,0.2424,0.2435809,0.0034988634288311
387,/tmp/DataSetCombined/Edges/Round-1_0077601_edge.png,0.165,0.17037475,0.0034988634288311
388,/tmp/DataSetCombined/Edges/Round-7_0059511_edge.png,0.1732,0.17910342,0.0034988634288311
389,/tmp/DataSetCombined/Edges/Round-10_0126993_edge.png,0.4092,0.3980956,0.0034988634288311
390,/tmp/DataSetCombined/Edges/Round-1_0137323_edge.png,0.2329,0.23681733,0.0034988634288311
391,/tmp/DataSetCombined/Edges/Round-9_0071912_edge.png,0.1724,0.17859453,0.0034988634288311
392,/tmp/DataSetCombined/Edges/Round-7_0034167_edge.png,0.2166,0.21579823,0.0034988634288311
393,/tmp/DataSetCombined/Edges/Round-7_0076001_edge.png,0.1722,0.1796858,0.0034988634288311
394,/tmp/DataSetCombined/Edges/Round-3_0086327_edge.png,0.1632,0.16939968,0.0034988634288311
395,/tmp/DataSetCombined/Edges/Round-10_0026527_edge.png,0.1733,0.17786796,0.0034988634288311
396,/tmp/DataSetCombined/Edges/Round-10_0099512_edge.png,0.2854,0.28469518,0.0034988634288311
397,/tmp/DataSetCombined/Edges/Round-7_0070226_edge.png,0.23,0.23368235,0.0034988634288311
398,/tmp/DataSetCombined/Edges/Round-9_0122750_edge.png,0.2177,0.21660988,0.0034988634288311
399,/tmp/DataSetCombined/Edges/Round-7_0098008_edge.png,0.2667,0.25873166,0.0034988634288311
400,/tmp/DataSetCombined/Edges/Round-7_0010329_edge.png,0.3077,0.30643678,0.0034988634288311
401,/tmp/DataSetCombined/Edges/Round-1_0083864_edge.png,0.1885,0.18825078,0.0034988634288311
402,/tmp/DataSetCombined/Edges/Round-5_0061801_edge.png,0.2036,0.20258264,0.0034988634288311
403,/tmp/DataSetCombined/Edges/Round-1_0165707_edge.png,0.2371,0.2394515,0.0034988634288311
404,/tmp/DataSetCombined/Edges/Round-7_0112907_edge.png,0.2449,0.24386892,0.0034988634288311
405,/tmp/DataSetCombined/Edges/Round-9_0018335_edge.png,0.225,0.22501564,0.0034988634288311
406,/tmp/DataSetCombined/Edges/Round-10_0122448_edge.png,0.255,0.2528572,0.0034988634288311
407,/tmp/DataSetCombined/Edges/Round-9_0183551_edge.png,0.2614,0.25500143,0.0034988634288311
408,/tmp/DataSetCombined/Edges/Round-6_0088706_edge.png,0.1929,0.19208223,0.0034988634288311
409,/tmp/DataSetCombined/Edges/Round-8_0030226_edge.png,0.1574,0.16474319,0.0034988634288311
410,/tmp/DataSetCombined/Edges/Round-9_0098911_edge.png,0.3014,0.29855227,0.0034988634288311
411,/tmp/DataSetCombined/Edges/Round-1_0043500_edge.png,0.1889,0.18923841,0.0034988634288311
412,/tmp/DataSetCombined/Edges/Round-10_0081873_edge.png,0.2489,0.24951726,0.0034988634288311
413,/tmp/DataSetCombined/Edges/Round-10_0193001_edge.png,0.1692,0.17462975,0.0034988634288311
414,/tmp/DataSetCombined/Edges/Round-7_0056170_edge.png,0.1741,0.1793499,0.0034988634288311
415,/tmp/DataSetCombined/Edges/Round-1_0034691_edge.png,0.2268,0.2309656,0.0034988634288311
416,/tmp/DataSetCombined/Edges/Round-10_0038741_edge.png,0.2549,0.25248408,0.0034988634288311
417,/tmp/DataSetCombined/Edges/Round-10_0042022_edge.png,0.2368,0.23888718,0.0034988634288311
418,/tmp/DataSetCombined/Edges/Round-2_0085498_edge.png,0.2157,0.21425675,0.0034988634288311
419,/tmp/DataSetCombined/Edges/Round-7_0061226_edge.png,0.2655,0.25734875,0.0034988634288311
420,/tmp/DataSetCombined/Edges/Round-7_0080340_edge.png,0.225,0.22627296,0.0034988634288311
421,/tmp/DataSetCombined/Edges/Round-1_0049300_edge.png,0.1669,0.17115004,0.0034988634288311
422,/tmp/DataSetCombined/Edges/Round-8_0042525_edge.png,0.2649,0.25739115,0.0034988634288311
423,/tmp/DataSetCombined/Edges/Round-6_0004126_edge.png,0.2298,0.23249502,0.0034988634288311
424,/tmp/DataSetCombined/Edges/Round-10_0135180_edge.png,0.1815,0.1840921,0.0034988634288311
425,/tmp/DataSetCombined/Edges/Round-7_0068601_edge.png,0.2296,0.23258273,0.0034988634288311
426,/tmp/DataSetCombined/Edges/Round-6_0006213_edge.png,0.1824,0.18414107,0.0034988634288311
427,/tmp/DataSetCombined/Edges/Round-9_0044864_edge.png,0.2264,0.23080511,0.0034988634288311
428,/tmp/DataSetCombined/Edges/Round-4_0073356_edge.png,0.3793,0.37279034,0.0034988634288311
429,/tmp/DataSetCombined/Edges/Round-10_0048192_edge.png,0.2249,0.2265099,0.0034988634288311
430,/tmp/DataSetCombined/Edges/Round-6_0020681_edge.png,0.2018,0.20263101,0.0034988634288311
431,/tmp/DataSetCombined/Edges/Round-10_0034617_edge.png,0.2245,0.22585756,0.0034988634288311
432,/tmp/DataSetCombined/Edges/Round-6_0012193_edge.png,0.2008,0.19944407,0.0034988634288311
433,/tmp/DataSetCombined/Edges/Round-7_0037989_edge.png,0.1647,0.16978592,0.0034988634288311
434,/tmp/DataSetCombined/Edges/Round-8_0045716_edge.png,0.2335,0.23557559,0.0034988634288311
435,/tmp/DataSetCombined/Edges/Round-6_0015955_edge.png,0.2939,0.294955,0.0034988634288311
436,/tmp/DataSetCombined/Edges/Round-9_0101499_edge.png,0.2251,0.22849879,0.0034988634288311
437,/tmp/DataSetCombined/Edges/Round-3_0034534_edge.png,0.1986,0.19786675,0.0034988634288311
438,/tmp/DataSetCombined/Edges/Round-5_0000940_edge.png,0.3029,0.3016553,0.0034988634288311
439,/tmp/DataSetCombined/Edges/Round-3_0040787_edge.png,0.2218,0.22315376,0.0034988634288311
440,/tmp/DataSetCombined/Edges/Round-5_0081637_edge.png,0.1722,0.17829266,0.0034988634288311
441,/tmp/DataSetCombined/Edges/Round-10_0068479_edge.png,0.1952,0.19523013,0.0034988634288311
442,/tmp/DataSetCombined/Edges/Round-7_0018124_edge.png,0.2253,0.22926882,0.0034988634288311
443,/tmp/DataSetCombined/Edges/Round-3_0015895_edge.png,0.2291,0.23246695,0.0034988634288311
444,/tmp/DataSetCombined/Edges/Round-5_0016291_edge.png,0.2315,0.22771224,0.0034988634288311
445,/tmp/DataSetCombined/Edges/Round-1_0038000_edge.png,0.2275,0.23083325,0.0034988634288311
446,/tmp/DataSetCombined/Edges/Round-1_0104690_edge.png,0.2138,0.21219712,0.0034988634288311
447,/tmp/DataSetCombined/Edges/Round-9_0044070_edge.png,0.1855,0.18729955,0.0034988634288311
448,/tmp/DataSetCombined/Edges/Round-6_0127504_edge.png,0.1883,0.18930501,0.0041096173226833
449,/tmp/DataSetCombined/Edges/Round-8_0009777_edge.png,0.1619,0.1693735,0.0041096173226833
450,/tmp/DataSetCombined/Edges/Round-10_0037642_edge.png,0.2528,0.25123805,0.0041096173226833
451,/tmp/DataSetCombined/Edges/Round-3_0012674_edge.png,0.1776,0.18145557,0.0041096173226833
452,/tmp/DataSetCombined/Edges/Round-10_0187885_edge.png,0.2001,0.20045723,0.0041096173226833
453,/tmp/DataSetCombined/Edges/Round-7_0091657_edge.png,0.2118,0.21086463,0.0041096173226833
454,/tmp/DataSetCombined/Edges/Round-9_0078774_edge.png,0.2271,0.23089293,0.0041096173226833
455,/tmp/DataSetCombined/Edges/Round-3_0084732_edge.png,0.1661,0.1717112,0.0041096173226833
456,/tmp/DataSetCombined/Edges/Round-8_0001273_edge.png,0.352,0.3549107,0.0041096173226833
457,/tmp/DataSetCombined/Edges/Round-8_0067068_edge.png,0.3806,0.37311172,0.0041096173226833
458,/tmp/DataSetCombined/Edges/Round-5_0061079_edge.png,0.1638,0.17171037,0.0041096173226833
459,/tmp/DataSetCombined/Edges/Round-2_0059467_edge.png,0.175,0.17918572,0.0041096173226833
460,/tmp/DataSetCombined/Edges/Round-6_0124314_edge.png,0.2678,0.26171595,0.0041096173226833
461,/tmp/DataSetCombined/Edges/Round-5_0076520_edge.png,0.2297,0.23317575,0.0041096173226833
462,/tmp/DataSetCombined/Edges/Round-8_0055269_edge.png,0.2264,0.23001039,0.0041096173226833
463,/tmp/DataSetCombined/Edges/Round-1_0124708_edge.png,0.2302,0.23239087,0.0041096173226833
464,/tmp/DataSetCombined/Edges/Round-4_0045123_edge.png,0.3839,0.37626833,0.0041096173226833
465,/tmp/DataSetCombined/Edges/Round-9_0183792_edge.png,0.1717,0.17770809,0.0041096173226833
466,/tmp/DataSetCombined/Edges/Round-9_0066042_edge.png,0.1742,0.17942777,0.0041096173226833
467,/tmp/DataSetCombined/Edges/Round-10_0114802_edge.png,0.2303,0.23259589,0.0041096173226833
468,/tmp/DataSetCombined/Edges/Round-9_0092229_edge.png,0.2288,0.23232704,0.0041096173226833
469,/tmp/DataSetCombined/Edges/Round-9_0055868_edge.png,0.1773,0.18157326,0.0041096173226833
470,/tmp/DataSetCombined/Edges/Round-3_0058847_edge.png,0.1866,0.18700644,0.0041096173226833
471,/tmp/DataSetCombined/Edges/Round-9_0046267_edge.png,0.2082,0.20520574,0.0041096173226833
472,/tmp/DataSetCombined/Edges/Round-9_0135603_edge.png,0.3007,0.29761475,0.0041096173226833
473,/tmp/DataSetCombined/Edges/Round-5_0033418_edge.png,0.1761,0.18030332,0.0041096173226833
474,/tmp/DataSetCombined/Edges/Round-2_0092451_edge.png,0.1724,0.17891993,0.0041096173226833
475,/tmp/DataSetCombined/Edges/Round-6_0019055_edge.png,0.2822,0.27758777,0.0041096173226833
476,/tmp/DataSetCombined/Edges/Round-1_0039634_edge.png,0.1735,0.1789664,0.0041096173226833
477,/tmp/DataSetCombined/Edges/Round-2_0024400_edge.png,0.2299,0.23246168,0.0041096173226833
478,/tmp/DataSetCombined/Edges/Round-9_0186892_edge.png,0.2254,0.22937053,0.0041096173226833
479,/tmp/DataSetCombined/Edges/Round-8_0034531_edge.png,0.3154,0.31301355,0.0041096173226833
480,/tmp/DataSetCombined/Edges/Round-1_0133074_edge.png,0.2963,0.29806048,0.0041096173226833
481,/tmp/DataSetCombined/Edges/Round-6_0119125_edge.png,0.2081,0.2045915,0.0041096173226833
482,/tmp/DataSetCombined/Edges/Round-9_0103246_edge.png,0.2173,0.2221922,0.0041096173226833
483,/tmp/DataSetCombined/Edges/Round-9_0132412_edge.png,0.2632,0.25671804,0.0041096173226833
484,/tmp/DataSetCombined/Edges/Round-1_0147101_edge.png,0.228,0.23151103,0.0041096173226833
485,/tmp/DataSetCombined/Edges/Round-7_0097978_edge.png,0.229,0.23228104,0.0041096173226833
486,/tmp/DataSetCombined/Edges/Round-1_0048934_edge.png,0.2245,0.22608453,0.0041096173226833
487,/tmp/DataSetCombined/Edges/Round-9_0121997_edge.png,0.2253,0.22932327,0.0041096173226833
488,/tmp/DataSetCombined/Edges/Round-8_0002974_edge.png,0.3404,0.34510946,0.0041096173226833
489,/tmp/DataSetCombined/Edges/Round-8_0069314_edge.png,0.2279,0.231372,0.0041096173226833
490,/tmp/DataSetCombined/Edges/Round-10_0195861_edge.png,0.291,0.2908365,0.0041096173226833
491,/tmp/DataSetCombined/Edges/Round-8_0055691_edge.png,0.1714,0.17703526,0.0041096173226833
492,/tmp/DataSetCombined/Edges/Round-9_0162663_edge.png,0.2244,0.22553213,0.0041096173226833
493,/tmp/DataSetCombined/Edges/Round-10_0010447_edge.png,0.1709,0.17605373,0.0041096173226833
494,/tmp/DataSetCombined/Edges/Round-10_0133193_edge.png,0.1873,0.18852009,0.0041096173226833
495,/tmp/DataSetCombined/Edges/Round-10_0137648_edge.png,0.2596,0.2547652,0.0041096173226833
496,/tmp/DataSetCombined/Edges/Round-4_0029741_edge.png,0.2328,0.23725712,0.0041096173226833
497,/tmp/DataSetCombined/Edges/Round-1_0046600_edge.png,0.2947,0.292381,0.0041096173226833
498,/tmp/DataSetCombined/Edges/Round-10_0147129_edge.png,0.1942,0.19263086,0.0041096173226833
499,/tmp/DataSetCombined/Edges/Round-6_0107977_edge.png,0.2606,0.25484267,0.0041096173226833
500,/tmp/DataSetCombined/Edges/Round-5_0054457_edge.png,0.1726,0.17724024,0.0041096173226833
501,/tmp/DataSetCombined/Edges/Round-9_0097888_edge.png,0.1775,0.18161386,0.0041096173226833
502,/tmp/DataSetCombined/Edges/Round-5_0078206_edge.png,0.1691,0.17463182,0.0041096173226833
503,/tmp/DataSetCombined/Edges/Round-9_0159532_edge.png,0.188,0.18962628,0.0041096173226833
504,/tmp/DataSetCombined/Edges/Round-10_0041486_edge.png,0.1742,0.1791743,0.0041096173226833
505,/tmp/DataSetCombined/Edges/Round-8_0065684_edge.png,0.2442,0.24353094,0.0041096173226833
506,/tmp/DataSetCombined/Edges/Round-10_0022908_edge.png,0.1741,0.17945242,0.0041096173226833
507,/tmp/DataSetCombined/Edges/Round-7_0048434_edge.png,0.4038,0.39400318,0.0041096173226833
508,/tmp/DataSetCombined/Edges/Round-9_0153120_edge.png,0.2272,0.23083456,0.0041096173226833
509,/tmp/DataSetCombined/Edges/Round-1_0034498_edge.png,0.2047,0.20288298,0.0041096173226833
510,/tmp/DataSetCombined/Edges/Round-6_0008972_edge.png,0.1951,0.19342384,0.0041096173226833
511,/tmp/DataSetCombined/Edges/Round-5_0095001_edge.png,0.261,0.2549323,0.0041096173226833
512,/tmp/DataSetCombined/Edges/Round-1_0089370_edge.png,0.2963,0.29481477,0.0041182152926921
513,/tmp/DataSetCombined/Edges/Round-1_0170248_edge.png,0.2279,0.23204005,0.0041182152926921
514,/tmp/DataSetCombined/Edges/Round-5_0046300_edge.png,0.3911,0.38326755,0.0041182152926921
515,/tmp/DataSetCombined/Edges/Round-3_0031734_edge.png,0.1663,0.17328587,0.0041182152926921
516,/tmp/DataSetCombined/Edges/Round-4_0050149_edge.png,0.3024,0.30088335,0.0041182152926921
517,/tmp/DataSetCombined/Edges/Round-7_0016468_edge.png,0.2303,0.23338434,0.0041182152926921
518,/tmp/DataSetCombined/Edges/Round-2_0105394_edge.png,0.4094,0.39762485,0.0041182152926921
519,/tmp/DataSetCombined/Edges/Round-6_0087051_edge.png,0.2157,0.21527503,0.0041182152926921
520,/tmp/DataSetCombined/Edges/Round-9_0057830_edge.png,0.2695,0.26197198,0.0041182152926921
521,/tmp/DataSetCombined/Edges/Round-9_0001122_edge.png,0.1881,0.18904595,0.0041182152926921
522,/tmp/DataSetCombined/Edges/Round-9_0165401_edge.png,0.1845,0.18620679,0.0041182152926921
523,/tmp/DataSetCombined/Edges/Round-1_0051264_edge.png,0.2366,0.23873566,0.0041182152926921
524,/tmp/DataSetCombined/Edges/Round-10_0092319_edge.png,0.1885,0.18893874,0.0041182152926921
525,/tmp/DataSetCombined/Edges/Round-6_0017370_edge.png,0.2077,0.20756906,0.0041182152926921
526,/tmp/DataSetCombined/Edges/Round-9_0066012_edge.png,0.2242,0.22773673,0.0041182152926921
527,/tmp/DataSetCombined/Edges/Round-10_0032331_edge.png,0.2436,0.24577422,0.0041182152926921
528,/tmp/DataSetCombined/Edges/Round-1_0053250_edge.png,0.2441,0.24338804,0.0041182152926921
529,/tmp/DataSetCombined/Edges/Round-6_0070134_edge.png,0.3733,0.36927363,0.0041182152926921
530,/tmp/DataSetCombined/Edges/Round-4_0034136_edge.png,0.2156,0.21391527,0.0041182152926921
531,/tmp/DataSetCombined/Edges/Round-9_0059893_edge.png,0.1677,0.17352995,0.0041182152926921
532,/tmp/DataSetCombined/Edges/Round-3_0043917_edge.png,0.3851,0.37791252,0.0041182152926921
533,/tmp/DataSetCombined/Edges/Round-6_0009935_edge.png,0.1711,0.1760419,0.0041182152926921
534,/tmp/DataSetCombined/Edges/Round-1_0107399_edge.png,0.4099,0.39864117,0.0041182152926921
535,/tmp/DataSetCombined/Edges/Round-8_0002042_edge.png,0.2453,0.2438102,0.0041182152926921
536,/tmp/DataSetCombined/Edges/Round-8_0065883_edge.png,0.1897,0.19010541,0.0041182152926921
537,/tmp/DataSetCombined/Edges/Round-8_0067448_edge.png,0.237,0.23966597,0.0041182152926921
538,/tmp/DataSetCombined/Edges/Round-1_0110470_edge.png,0.2449,0.24384025,0.0041182152926921
539,/tmp/DataSetCombined/Edges/Round-10_0116819_edge.png,0.4089,0.39801055,0.0041182152926921
540,/tmp/DataSetCombined/Edges/Round-6_0103936_edge.png,0.1888,0.19001812,0.0041182152926921
541,/tmp/DataSetCombined/Edges/Round-6_0043677_edge.png,0.1823,0.18626787,0.0041182152926921
542,/tmp/DataSetCombined/Edges/Round-6_0015052_edge.png,0.2684,0.26072243,0.0041182152926921
543,/tmp/DataSetCombined/Edges/Round-9_0157726_edge.png,0.1932,0.19272345,0.0041182152926921
544,/tmp/DataSetCombined/Edges/Round-2_0077071_edge.png,0.2815,0.2760648,0.0041182152926921
545,/tmp/DataSetCombined/Edges/Round-2_0055534_edge.png,0.2824,0.27793828,0.0041182152926921
546,/tmp/DataSetCombined/Edges/Round-4_0001448_edge.png,0.2371,0.23941195,0.0041182152926921
547,/tmp/DataSetCombined/Edges/Round-1_0157967_edge.png,0.4096,0.3980897,0.0041182152926921
548,/tmp/DataSetCombined/Edges/Round-9_0006175_edge.png,0.2251,0.22941892,0.0041182152926921
549,/tmp/DataSetCombined/Edges/Round-6_0097468_edge.png,0.2246,0.2263741,0.0041182152926921
550,/tmp/DataSetCombined/Edges/Round-8_0070187_edge.png,0.2303,0.23254795,0.0041182152926921
551,/tmp/DataSetCombined/Edges/Round-1_0099303_edge.png,0.1914,0.19158693,0.0041182152926921
552,/tmp/DataSetCombined/Edges/Round-10_0145835_edge.png,0.2249,0.22981621,0.0041182152926921
553,/tmp/DataSetCombined/Edges/Round-5_0052500_edge.png,0.2877,0.28630227,0.0041182152926921
554,/tmp/DataSetCombined/Edges/Round-6_0055506_edge.png,0.247,0.24791464,0.0041182152926921
555,/tmp/DataSetCombined/Edges/Round-4_0055146_edge.png,0.2451,0.24409813,0.0041182152926921
556,/tmp/DataSetCombined/Edges/Round-10_0087321_edge.png,0.254,0.2523158,0.0041182152926921
557,/tmp/DataSetCombined/Edges/Round-1_0074320_edge.png,0.2353,0.23660776,0.0041182152926921
558,/tmp/DataSetCombined/Edges/Round-9_0146228_edge.png,0.2423,0.24345317,0.0041182152926921
559,/tmp/DataSetCombined/Edges/Round-1_0150472_edge.png,0.23,0.23217088,0.0041182152926921
560,/tmp/DataSetCombined/Edges/Round-6_0035038_edge.png,0.1637,0.17214328,0.0041182152926921
561,/tmp/DataSetCombined/Edges/Round-8_0024435_edge.png,0.2251,0.22894408,0.0041182152926921
562,/tmp/DataSetCombined/Edges/Round-9_0143609_edge.png,0.2252,0.22929893,0.0041182152926921
563,/tmp/DataSetCombined/Edges/Round-9_0194417_edge.png,0.3792,0.37331444,0.0041182152926921
564,/tmp/DataSetCombined/Edges/Round-6_0069652_edge.png,0.2296,0.23218581,0.0041182152926921
565,/tmp/DataSetCombined/Edges/Round-2_0033200_edge.png,0.2388,0.23735154,0.0041182152926921
566,/tmp/DataSetCombined/Edges/Round-9_0149268_edge.png,0.2763,0.27045816,0.0041182152926921
567,/tmp/DataSetCombined/Edges/Round-10_0082746_edge.png,0.331,0.33067632,0.0041182152926921
568,/tmp/DataSetCombined/Edges/Round-6_0047500_edge.png,0.1732,0.17814785,0.0041182152926921
569,/tmp/DataSetCombined/Edges/Round-9_0150923_edge.png,0.1547,0.16508734,0.0041182152926921
570,/tmp/DataSetCombined/Edges/Round-9_0128529_edge.png,0.2276,0.23131117,0.0041182152926921
571,/tmp/DataSetCombined/Edges/Round-9_0055477_edge.png,0.2284,0.23221485,0.0041182152926921
572,/tmp/DataSetCombined/Edges/Round-3_0015804_edge.png,0.3023,0.301225,0.0041182152926921
573,/tmp/DataSetCombined/Edges/Round-4_0055386_edge.png,0.3172,0.3144409,0.0041182152926921
574,/tmp/DataSetCombined/Edges/Round-4_0084613_edge.png,0.1867,0.18734197,0.0041182152926921
575,/tmp/DataSetCombined/Edges/Round-8_0023746_edge.png,0.1891,0.18984234,0.0041182152926921
576,/tmp/DataSetCombined/Edges/Round-8_0070759_edge.png,0.1865,0.18713379,0.0038463845849037
577,/tmp/DataSetCombined/Edges/Round-9_0162210_edge.png,0.3252,0.32247448,0.0038463845849037
578,/tmp/DataSetCombined/Edges/Round-8_0057063_edge.png,0.2365,0.23829024,0.0038463845849037
579,/tmp/DataSetCombined/Edges/Round-10_0148936_edge.png,0.1763,0.18055825,0.0038463845849037
580,/tmp/DataSetCombined/Edges/Round-3_0073294_edge.png,0.1903,0.19048733,0.0038463845849037
581,/tmp/DataSetCombined/Edges/Round-7_0089310_edge.png,0.2399,0.23772573,0.0038463845849037
582,/tmp/DataSetCombined/Edges/Round-6_0126752_edge.png,0.1722,0.17717256,0.0038463845849037
583,/tmp/DataSetCombined/Edges/Round-3_0069742_edge.png,0.2971,0.29817963,0.0038463845849037
584,/tmp/DataSetCombined/Edges/Round-10_0163143_edge.png,0.2003,0.2003915,0.0038463845849037
585,/tmp/DataSetCombined/Edges/Round-3_0051653_edge.png,0.2273,0.23118365,0.0038463845849037
586,/tmp/DataSetCombined/Edges/Round-9_0163264_edge.png,0.1855,0.1868961,0.0038463845849037
587,/tmp/DataSetCombined/Edges/Round-8_0037480_edge.png,0.4091,0.39795625,0.0038463845849037
588,/tmp/DataSetCombined/Edges/Round-3_0044790_edge.png,0.2249,0.22659048,0.0038463845849037
589,/tmp/DataSetCombined/Edges/Round-8_0039817_edge.png,0.2286,0.23230098,0.0038463845849037
590,/tmp/DataSetCombined/Edges/Round-6_0025075_edge.png,0.297,0.29791868,0.0038463845849037
591,/tmp/DataSetCombined/Edges/Round-5_0011264_edge.png,0.2291,0.23258221,0.0038463845849037
592,/tmp/DataSetCombined/Edges/Round-10_0090332_edge.png,0.2642,0.25828063,0.0038463845849037
593,/tmp/DataSetCombined/Edges/Round-10_0036002_edge.png,0.2521,0.25142136,0.0038463845849037
594,/tmp/DataSetCombined/Edges/Round-5_0031521_edge.png,0.2451,0.24376826,0.0038463845849037
595,/tmp/DataSetCombined/Edges/Round-6_0079525_edge.png,0.1922,0.19105455,0.0038463845849037
596,/tmp/DataSetCombined/Edges/Round-9_0159682_edge.png,0.286,0.2797294,0.0038463845849037
597,/tmp/DataSetCombined/Edges/Round-10_0166935_edge.png,0.1312,0.1438137,0.0038463845849037
598,/tmp/DataSetCombined/Edges/Round-1_0128650_edge.png,0.1651,0.1708344,0.0038463845849037
599,/tmp/DataSetCombined/Edges/Round-1_0024567_edge.png,0.1679,0.1723748,0.0038463845849037
600,/tmp/DataSetCombined/Edges/Round-10_0032420_edge.png,0.294,0.29603276,0.0038463845849037
601,/tmp/DataSetCombined/Edges/Round-10_0118625_edge.png,0.2299,0.23271763,0.0038463845849037
602,/tmp/DataSetCombined/Edges/Round-8_0006425_edge.png,0.2199,0.22565627,0.0038463845849037
603,/tmp/DataSetCombined/Edges/Round-8_0049189_edge.png,0.254,0.25149003,0.0038463845849037
604,/tmp/DataSetCombined/Edges/Round-1_0133737_edge.png,0.1878,0.18895264,0.0038463845849037
605,/tmp/DataSetCombined/Edges/Round-1_0095601_edge.png,0.2445,0.24388039,0.0038463845849037
606,/tmp/DataSetCombined/Edges/Round-1_0159321_edge.png,0.2753,0.26935574,0.0038463845849037
607,/tmp/DataSetCombined/Edges/Round-2_0067710_edge.png,0.3029,0.30176112,0.0038463845849037
608,/tmp/DataSetCombined/Edges/Round-7_0077239_edge.png,0.1863,0.18719967,0.0038463845849037
609,/tmp/DataSetCombined/Edges/Round-1_0078805_edge.png,0.1781,0.18283059,0.0038463845849037
610,/tmp/DataSetCombined/Edges/Round-8_0088638_edge.png,0.189,0.19026849,0.0038463845849037
611,/tmp/DataSetCombined/Edges/Round-9_0040759_edge.png,0.2372,0.23958668,0.0038463845849037
612,/tmp/DataSetCombined/Edges/Round-6_0011350_edge.png,0.228,0.23090011,0.0038463845849037
613,/tmp/DataSetCombined/Edges/Round-8_0083160_edge.png,0.3569,0.3578987,0.0038463845849037
614,/tmp/DataSetCombined/Edges/Round-2_0066355_edge.png,0.2145,0.21889603,0.0038463845849037
615,/tmp/DataSetCombined/Edges/Round-2_0078201_edge.png,0.173,0.17833358,0.0038463845849037
616,/tmp/DataSetCombined/Edges/Round-10_0197488_edge.png,0.1745,0.17923117,0.0038463845849037
617,/tmp/DataSetCombined/Edges/Round-6_0041552_edge.png,0.1837,0.18562864,0.0038463845849037
618,/tmp/DataSetCombined/Edges/Round-10_0059058_edge.png,0.2268,0.23237588,0.0038463845849037
619,/tmp/DataSetCombined/Edges/Round-8_0079518_edge.png,0.2301,0.2325158,0.0038463845849037
620,/tmp/DataSetCombined/Edges/Round-6_0060653_edge.png,0.2082,0.20586908,0.0038463845849037
621,/tmp/DataSetCombined/Edges/Round-1_0158780_edge.png,0.3367,0.34042656,0.0038463845849037
622,/tmp/DataSetCombined/Edges/Round-3_0079826_edge.png,0.2667,0.2620325,0.0038463845849037
623,/tmp/DataSetCombined/Edges/Round-10_0047771_edge.png,0.1846,0.18561032,0.0038463845849037
624,/tmp/DataSetCombined/Edges/Round-7_0021736_edge.png,0.1635,0.16950013,0.0038463845849037
625,/tmp/DataSetCombined/Edges/Round-8_0042676_edge.png,0.1792,0.1815717,0.0038463845849037
626,/tmp/DataSetCombined/Edges/Round-6_0002031_edge.png,0.2224,0.22694017,0.0038463845849037
627,/tmp/DataSetCombined/Edges/Round-3_0002734_edge.png,0.1746,0.17887521,0.0038463845849037
628,/tmp/DataSetCombined/Edges/Round-1_0071000_edge.png,0.202,0.2013932,0.0038463845849037
629,/tmp/DataSetCombined/Edges/Round-7_0054604_edge.png,0.2319,0.23541735,0.0038463845849037
630,/tmp/DataSetCombined/Edges/Round-10_0053008_edge.png,0.1735,0.17955384,0.0038463845849037
631,/tmp/DataSetCombined/Edges/Round-7_0123683_edge.png,0.1667,0.1736319,0.0038463845849037
632,/tmp/DataSetCombined/Edges/Round-6_0073505_edge.png,0.2129,0.21037719,0.0038463845849037
633,/tmp/DataSetCombined/Edges/Round-3_0050870_edge.png,0.2281,0.23137715,0.0038463845849037
634,/tmp/DataSetCombined/Edges/Round-10_0003304_edge.png,0.249,0.24846691,0.0038463845849037
635,/tmp/DataSetCombined/Edges/Round-1_0122359_edge.png,0.1884,0.1886234,0.0038463845849037
636,/tmp/DataSetCombined/Edges/Round-1_0006434_edge.png,0.1816,0.1845835,0.0038463845849037
637,/tmp/DataSetCombined/Edges/Round-3_0066853_edge.png,0.1953,0.19511917,0.0038463845849037
638,/tmp/DataSetCombined/Edges/Round-9_0011201_edge.png,0.2815,0.27793565,0.0038463845849037
639,/tmp/DataSetCombined/Edges/Round-3_0051502_edge.png,0.2071,0.20435709,0.0038463845849037
640,/tmp/DataSetCombined/Edges/Round-3_0075100_edge.png,0.2903,0.2836546,0.0039597302675247
641,/tmp/DataSetCombined/Edges/Round-9_0191377_edge.png,0.1683,0.17332052,0.0039597302675247
642,/tmp/DataSetCombined/Edges/Round-8_0045023_edge.png,0.2159,0.22138497,0.0039597302675247
643,/tmp/DataSetCombined/Edges/Round-2_0071442_edge.png,0.2822,0.27826428,0.0039597302675247
644,/tmp/DataSetCombined/Edges/Round-10_0124434_edge.png,0.2601,0.25440586,0.0039597302675247
645,/tmp/DataSetCombined/Edges/Round-8_0016158_edge.png,0.2894,0.29083404,0.0039597302675247
646,/tmp/DataSetCombined/Edges/Round-8_0046258_edge.png,0.1654,0.16995789,0.0039597302675247
647,/tmp/DataSetCombined/Edges/Round-5_0071553_edge.png,0.2302,0.23250583,0.0039597302675247
648,/tmp/DataSetCombined/Edges/Round-10_0038079_edge.png,0.2294,0.23298436,0.0039597302675247
649,/tmp/DataSetCombined/Edges/Round-3_0063843_edge.png,0.3428,0.3472047,0.0039597302675247
650,/tmp/DataSetCombined/Edges/Round-5_0043473_edge.png,0.4091,0.39765877,0.0039597302675247
651,/tmp/DataSetCombined/Edges/Round-1_0048334_edge.png,0.1935,0.19318968,0.0039597302675247
652,/tmp/DataSetCombined/Edges/Round-4_0002863_edge.png,0.2966,0.29860133,0.0039597302675247
653,/tmp/DataSetCombined/Edges/Round-10_0002304_edge.png,0.2279,0.23137347,0.0039597302675247
654,/tmp/DataSetCombined/Edges/Round-10_0173557_edge.png,0.3833,0.37650114,0.0039597302675247
655,/tmp/DataSetCombined/Edges/Round-8_0029805_edge.png,0.2437,0.24494994,0.0039597302675247
656,/tmp/DataSetCombined/Edges/Round-6_0106043_edge.png,0.2723,0.26585484,0.0039597302675247
657,/tmp/DataSetCombined/Edges/Round-5_0048166_edge.png,0.2274,0.23108208,0.0039597302675247
658,/tmp/DataSetCombined/Edges/Round-3_0058787_edge.png,0.1842,0.18539506,0.0039597302675247
659,/tmp/DataSetCombined/Edges/Round-9_0112186_edge.png,0.3663,0.36327666,0.0039597302675247
660,/tmp/DataSetCombined/Edges/Round-6_0062158_edge.png,0.1772,0.18145102,0.0039597302675247
661,/tmp/DataSetCombined/Edges/Round-5_0023214_edge.png,0.2234,0.22467157,0.0039597302675247
662,/tmp/DataSetCombined/Edges/Round-1_0092229_edge.png,0.2246,0.22827804,0.0039597302675247
663,/tmp/DataSetCombined/Edges/Round-4_0017943_edge.png,0.3935,0.3859796,0.0039597302675247
664,/tmp/DataSetCombined/Edges/Round-7_0005692_edge.png,0.1892,0.1899584,0.0039597302675247
665,/tmp/DataSetCombined/Edges/Round-10_0069984_edge.png,0.2186,0.21888089,0.0039597302675247
666,/tmp/DataSetCombined/Edges/Round-5_0050724_edge.png,0.1882,0.18849215,0.0039597302675247
667,/tmp/DataSetCombined/Edges/Round-7_0039314_edge.png,0.23,0.23262876,0.0039597302675247
668,/tmp/DataSetCombined/Edges/Round-9_0099754_edge.png,0.23,0.2320893,0.0039597302675247
669,/tmp/DataSetCombined/Edges/Round-2_0072315_edge.png,0.2065,0.20395201,0.0039597302675247
670,/tmp/DataSetCombined/Edges/Round-4_0014692_edge.png,0.2683,0.2594804,0.0039597302675247
671,/tmp/DataSetCombined/Edges/Round-1_0025934_edge.png,0.2956,0.29738766,0.0039597302675247
672,/tmp/DataSetCombined/Edges/Round-1_0075946_edge.png,0.1728,0.17782292,0.0039597302675247
673,/tmp/DataSetCombined/Edges/Round-6_0110873_edge.png,0.1655,0.17101318,0.0039597302675247
674,/tmp/DataSetCombined/Edges/Round-7_0044130_edge.png,0.2542,0.25196925,0.0039597302675247
675,/tmp/DataSetCombined/Edges/Round-8_0016399_edge.png,0.19,0.19053403,0.0039597302675247
676,/tmp/DataSetCombined/Edges/Round-8_0033977_edge.png,0.1906,0.19140626,0.0039597302675247
677,/tmp/DataSetCombined/Edges/Round-7_0122268_edge.png,0.3,0.2969282,0.0039597302675247
678,/tmp/DataSetCombined/Edges/Round-10_0098882_edge.png,0.2226,0.2268763,0.0039597302675247
679,/tmp/DataSetCombined/Edges/Round-10_0121575_edge.png,0.1721,0.17962135,0.0039597302675247
680,/tmp/DataSetCombined/Edges/Round-6_0064716_edge.png,0.2424,0.24254192,0.0039597302675247
681,/tmp/DataSetCombined/Edges/Round-5_0074834_edge.png,0.2822,0.2785108,0.0039597302675247
682,/tmp/DataSetCombined/Edges/Round-8_0086351_edge.png,0.4034,0.3950049,0.0039597302675247
683,/tmp/DataSetCombined/Edges/Round-8_0060115_edge.png,0.2236,0.22497487,0.0039597302675247
684,/tmp/DataSetCombined/Edges/Round-10_0196403_edge.png,0.2822,0.27817494,0.0039597302675247
685,/tmp/DataSetCombined/Edges/Round-8_0055130_edge.png,0.1659,0.17127204,0.0039597302675247
686,/tmp/DataSetCombined/Edges/Round-7_0028418_edge.png,0.1728,0.17900538,0.0039597302675247
687,/tmp/DataSetCombined/Edges/Round-8_0021889_edge.png,0.2084,0.2058168,0.0039597302675247
688,/tmp/DataSetCombined/Edges/Round-2_0099073_edge.png,0.214,0.21744172,0.0039597302675247
689,/tmp/DataSetCombined/Edges/Round-2_0084716_edge.png,0.2816,0.27669823,0.0039597302675247
690,/tmp/DataSetCombined/Edges/Round-8_0027686_edge.png,0.2245,0.22467503,0.0039597302675247
691,/tmp/DataSetCombined/Edges/Round-9_0160374_edge.png,0.2642,0.25618768,0.0039597302675247
692,/tmp/DataSetCombined/Edges/Round-9_0053551_edge.png,0.2625,0.25595453,0.0039597302675247
693,/tmp/DataSetCombined/Edges/Round-9_0021555_edge.png,0.1712,0.17662507,0.0039597302675247
694,/tmp/DataSetCombined/Edges/Round-5_0073510_edge.png,0.3029,0.30213803,0.0039597302675247
695,/tmp/DataSetCombined/Edges/Round-7_0051083_edge.png,0.2298,0.23325011,0.0039597302675247
696,/tmp/DataSetCombined/Edges/Round-10_0163926_edge.png,0.2303,0.23282349,0.0039597302675247
697,/tmp/DataSetCombined/Edges/Round-7_0125278_edge.png,0.2303,0.23254853,0.0039597302675247
698,/tmp/DataSetCombined/Edges/Round-6_0043044_edge.png,0.2164,0.21471158,0.0039597302675247
699,/tmp/DataSetCombined/Edges/Round-10_0074770_edge.png,0.2349,0.23679775,0.0039597302675247
700,/tmp/DataSetCombined/Edges/Round-4_0080489_edge.png,0.2293,0.23276511,0.0039597302675247
701,/tmp/DataSetCombined/Edges/Round-4_0059601_edge.png,0.2247,0.22775567,0.0039597302675247
702,/tmp/DataSetCombined/Edges/Round-5_0031732_edge.png,0.1711,0.17596368,0.0039597302675247
703,/tmp/DataSetCombined/Edges/Round-1_0103698_edge.png,0.173,0.1785397,0.0039597302675247
704,/tmp/DataSetCombined/Edges/Round-10_0120552_edge.png,0.407,0.39670432,0.0039516240358352
705,/tmp/DataSetCombined/Edges/Round-8_0073829_edge.png,0.2268,0.23037712,0.0039516240358352
706,/tmp/DataSetCombined/Edges/Round-10_0096712_edge.png,0.225,0.22522949,0.0039516240358352
707,/tmp/DataSetCombined/Edges/Round-1_0004549_edge.png,0.2822,0.27799544,0.0039516240358352
708,/tmp/DataSetCombined/Edges/Round-8_0030181_edge.png,0.183,0.18473089,0.0039516240358352
709,/tmp/DataSetCombined/Edges/Round-5_0019060_edge.png,0.409,0.39733,0.0039516240358352
710,/tmp/DataSetCombined/Edges/Round-1_0155168_edge.png,0.2224,0.2265087,0.0039516240358352
711,/tmp/DataSetCombined/Edges/Round-8_0076387_edge.png,0.2304,0.2325555,0.0039516240358352
712,/tmp/DataSetCombined/Edges/Round-9_0099543_edge.png,0.286,0.2796341,0.0039516240358352
713,/tmp/DataSetCombined/Edges/Round-8_0017915_edge.png,0.2707,0.2641527,0.0039516240358352
714,/tmp/DataSetCombined/Edges/Round-9_0050962_edge.png,0.2207,0.22278936,0.0039516240358352
715,/tmp/DataSetCombined/Edges/Round-10_0100626_edge.png,0.2269,0.23094356,0.0039516240358352
716,/tmp/DataSetCombined/Edges/Round-7_0124646_edge.png,0.2298,0.23330006,0.0039516240358352
717,/tmp/DataSetCombined/Edges/Round-10_0045182_edge.png,0.1778,0.18156461,0.0039516240358352
718,/tmp/DataSetCombined/Edges/Round-1_0048434_edge.png,0.2697,0.26244104,0.0039516240358352
719,/tmp/DataSetCombined/Edges/Round-9_0033264_edge.png,0.2971,0.29805702,0.0039516240358352
720,/tmp/DataSetCombined/Edges/Round-9_0011623_edge.png,0.2565,0.25253057,0.0039516240358352
721,/tmp/DataSetCombined/Edges/Round-5_0091720_edge.png,0.2253,0.22911415,0.0039516240358352
722,/tmp/DataSetCombined/Edges/Round-1_0165823_edge.png,0.2781,0.27491233,0.0039516240358352
723,/tmp/DataSetCombined/Edges/Round-8_0005758_edge.png,0.3776,0.37187976,0.0039516240358352
724,/tmp/DataSetCombined/Edges/Round-1_0004940_edge.png,0.2303,0.23287894,0.0039516240358352
725,/tmp/DataSetCombined/Edges/Round-3_0053634_edge.png,0.2277,0.23113807,0.0039516240358352
726,/tmp/DataSetCombined/Edges/Round-2_0053683_edge.png,0.2914,0.2914881,0.0039516240358352
727,/tmp/DataSetCombined/Edges/Round-8_0010710_edge.png,0.1882,0.18829119,0.0039516240358352
728,/tmp/DataSetCombined/Edges/Round-2_0093926_edge.png,0.2383,0.23999912,0.0039516240358352
729,/tmp/DataSetCombined/Edges/Round-8_0047793_edge.png,0.3016,0.29972136,0.0039516240358352
730,/tmp/DataSetCombined/Edges/Round-10_0098278_edge.png,0.1725,0.1787477,0.0039516240358352
731,/tmp/DataSetCombined/Edges/Round-8_0059953_edge.png,0.2252,0.22485155,0.0039516240358352
732,/tmp/DataSetCombined/Edges/Round-8_0025440_edge.png,0.1795,0.1836552,0.0039516240358352
733,/tmp/DataSetCombined/Edges/Round-8_0044374_edge.png,0.377,0.3711847,0.0039516240358352
734,/tmp/DataSetCombined/Edges/Round-2_0072375_edge.png,0.3837,0.37639523,0.0039516240358352
735,/tmp/DataSetCombined/Edges/Round-1_0140667_edge.png,0.2284,0.2325988,0.0039516240358352
736,/tmp/DataSetCombined/Edges/Round-10_0050510_edge.png,0.3897,0.382247,0.0039516240358352
737,/tmp/DataSetCombined/Edges/Round-10_0188216_edge.png,0.1727,0.17772195,0.0039516240358352
738,/tmp/DataSetCombined/Edges/Round-8_0042146_edge.png,0.1763,0.18046062,0.0039516240358352
739,/tmp/DataSetCombined/Edges/Round-5_0046232_edge.png,0.2279,0.23298067,0.0039516240358352
740,/tmp/DataSetCombined/Edges/Round-10_0138852_edge.png,0.2372,0.23968305,0.0039516240358352
741,/tmp/DataSetCombined/Edges/Round-10_0172443_edge.png,0.196,0.19430134,0.0039516240358352
742,/tmp/DataSetCombined/Edges/Round-6_0021794_edge.png,0.19,0.19103543,0.0039516240358352
743,/tmp/DataSetCombined/Edges/Round-1_0002667_edge.png,0.1675,0.17202684,0.0039516240358352
744,/tmp/DataSetCombined/Edges/Round-3_0026367_edge.png,0.276,0.2714889,0.0039516240358352
745,/tmp/DataSetCombined/Edges/Round-4_0042188_edge.png,0.2965,0.29768476,0.0039516240358352
746,/tmp/DataSetCombined/Edges/Round-10_0068810_edge.png,0.2736,0.26977235,0.0039516240358352
747,/tmp/DataSetCombined/Edges/Round-7_0074230_edge.png,0.1896,0.19065048,0.0039516240358352
748,/tmp/DataSetCombined/Edges/Round-5_0055270_edge.png,0.1774,0.18221927,0.0039516240358352
749,/tmp/DataSetCombined/Edges/Round-10_0191707_edge.png,0.1919,0.1918142,0.0039516240358352
750,/tmp/DataSetCombined/Edges/Round-1_0019300_edge.png,0.2369,0.23912126,0.0039516240358352
751,/tmp/DataSetCombined/Edges/Round-7_0019719_edge.png,0.1764,0.18014683,0.0039516240358352
752,/tmp/DataSetCombined/Edges/Round-10_0020380_edge.png,0.1798,0.18381208,0.0039516240358352
753,/tmp/DataSetCombined/Edges/Round-8_0068182_edge.png,0.2805,0.27741885,0.0039516240358352
754,/tmp/DataSetCombined/Edges/Round-8_0062644_edge.png,0.21,0.20781405,0.0039516240358352
755,/tmp/DataSetCombined/Edges/Round-8_0012317_edge.png,0.2296,0.23305614,0.0039516240358352
756,/tmp/DataSetCombined/Edges/Round-1_0039967_edge.png,0.2109,0.20822747,0.0039516240358352
757,/tmp/DataSetCombined/Edges/Round-1_0083802_edge.png,0.187,0.1880174,0.0039516240358352
758,/tmp/DataSetCombined/Edges/Round-9_0194447_edge.png,0.1769,0.18069758,0.0039516240358352
759,/tmp/DataSetCombined/Edges/Round-8_0073239_edge.png,0.1899,0.19046666,0.0039516240358352
760,/tmp/DataSetCombined/Edges/Round-2_0082850_edge.png,0.245,0.24392171,0.0039516240358352
761,/tmp/DataSetCombined/Edges/Round-4_0015805_edge.png,0.177,0.18151279,0.0039516240358352
762,/tmp/DataSetCombined/Edges/Round-5_0096897_edge.png,0.2298,0.23261046,0.0039516240358352
763,/tmp/DataSetCombined/Edges/Round-3_0015924_edge.png,0.4091,0.39716458,0.0039516240358352
764,/tmp/DataSetCombined/Edges/Round-6_0057523_edge.png,0.1695,0.17396982,0.0039516240358352
765,/tmp/DataSetCombined/Edges/Round-8_0040388_edge.png,0.3684,0.3644384,0.0039516240358352
766,/tmp/DataSetCombined/Edges/Round-7_0016739_edge.png,0.2714,0.2641595,0.0039516240358352
767,/tmp/DataSetCombined/Edges/Round-6_0111703_edge.png,0.2249,0.22663039,0.0039516240358352
768,/tmp/DataSetCombined/Edges/Round-1_0141533_edge.png,0.1741,0.17920776,0.0037912912666797
769,/tmp/DataSetCombined/Edges/Round-4_0020110_edge.png,0.2909,0.29019168,0.0037912912666797
770,/tmp/DataSetCombined/Edges/Round-9_0094095_edge.png,0.2112,0.21665898,0.0037912912666797
771,/tmp/DataSetCombined/Edges/Round-8_0032713_edge.png,0.225,0.22672327,0.0037912912666797
772,/tmp/DataSetCombined/Edges/Round-1_0147342_edge.png,0.185,0.18577799,0.0037912912666797
773,/tmp/DataSetCombined/Edges/Round-1_0045767_edge.png,0.1643,0.16947412,0.0037912912666797
774,/tmp/DataSetCombined/Edges/Round-5_0023003_edge.png,0.1728,0.17753041,0.0037912912666797
775,/tmp/DataSetCombined/Edges/Round-8_0066888_edge.png,0.2964,0.29808322,0.0037912912666797
776,/tmp/DataSetCombined/Edges/Round-9_0019508_edge.png,0.3802,0.37270904,0.0037912912666797
777,/tmp/DataSetCombined/Edges/Round-10_0057403_edge.png,0.189,0.18975312,0.0037912912666797
778,/tmp/DataSetCombined/Edges/Round-10_0019146_edge.png,0.1708,0.17617555,0.0037912912666797
779,/tmp/DataSetCombined/Edges/Round-9_0051685_edge.png,0.2373,0.24002,0.0037912912666797
780,/tmp/DataSetCombined/Edges/Round-3_0032981_edge.png,0.2906,0.29217768,0.0037912912666797
781,/tmp/DataSetCombined/Edges/Round-9_0024316_edge.png,0.2242,0.22789651,0.0037912912666797
782,/tmp/DataSetCombined/Edges/Round-1_0029201_edge.png,0.1816,0.18374045,0.0037912912666797
783,/tmp/DataSetCombined/Edges/Round-9_0075644_edge.png,0.3956,0.3886279,0.0037912912666797
784,/tmp/DataSetCombined/Edges/Round-8_0017392_edge.png,0.1744,0.17931849,0.0037912912666797
785,/tmp/DataSetCombined/Edges/Round-1_0048667_edge.png,0.2349,0.23545513,0.0037912912666797
786,/tmp/DataSetCombined/Edges/Round-7_0004368_edge.png,0.1958,0.19499132,0.0037912912666797
787,/tmp/DataSetCombined/Edges/Round-3_0060321_edge.png,0.1812,0.18429649,0.0037912912666797
788,/tmp/DataSetCombined/Edges/Round-10_0008069_edge.png,0.1503,0.15920812,0.0037912912666797
789,/tmp/DataSetCombined/Edges/Round-6_0113177_edge.png,0.1863,0.18751597,0.0037912912666797
790,/tmp/DataSetCombined/Edges/Round-8_0043398_edge.png,0.244,0.24368103,0.0037912912666797
791,/tmp/DataSetCombined/Edges/Round-9_0171512_edge.png,0.2263,0.23011711,0.0037912912666797
792,/tmp/DataSetCombined/Edges/Round-4_0085968_edge.png,0.1895,0.18940651,0.0037912912666797
793,/tmp/DataSetCombined/Edges/Round-10_0083800_edge.png,0.297,0.2979267,0.0037912912666797
794,/tmp/DataSetCombined/Edges/Round-10_0106826_edge.png,0.2298,0.23338261,0.0037912912666797
795,/tmp/DataSetCombined/Edges/Round-5_0080524_edge.png,0.1999,0.19775672,0.0037912912666797
796,/tmp/DataSetCombined/Edges/Round-10_0171330_edge.png,0.245,0.24368015,0.0037912912666797
797,/tmp/DataSetCombined/Edges/Round-10_0184302_edge.png,0.4096,0.39797258,0.0037912912666797
798,/tmp/DataSetCombined/Edges/Round-6_0113749_edge.png,0.2303,0.23485513,0.0037912912666797
799,/tmp/DataSetCombined/Edges/Round-7_0098490_edge.png,0.2056,0.20325086,0.0037912912666797
800,/tmp/DataSetCombined/Edges/Round-1_0103728_edge.png,0.2217,0.22610267,0.0037912912666797
801,/tmp/DataSetCombined/Edges/Round-10_0098971_edge.png,0.2736,0.2686609,0.0037912912666797
802,/tmp/DataSetCombined/Edges/Round-3_0011620_edge.png,0.2301,0.23364906,0.0037912912666797
803,/tmp/DataSetCombined/Edges/Round-8_0039351_edge.png,0.2848,0.28102615,0.0037912912666797
804,/tmp/DataSetCombined/Edges/Round-5_0092533_edge.png,0.212,0.21106066,0.0037912912666797
805,/tmp/DataSetCombined/Edges/Round-4_0063634_edge.png,0.2249,0.22732018,0.0037912912666797
806,/tmp/DataSetCombined/Edges/Round-1_0091057_edge.png,0.2263,0.23003417,0.0037912912666797
807,/tmp/DataSetCombined/Edges/Round-9_0096653_edge.png,0.4096,0.39804918,0.0037912912666797
808,/tmp/DataSetCombined/Edges/Round-2_0068500_edge.png,0.2323,0.23686495,0.0037912912666797
809,/tmp/DataSetCombined/Edges/Round-10_0156912_edge.png,0.2331,0.23620933,0.0037912912666797
810,/tmp/DataSetCombined/Edges/Round-9_0045906_edge.png,0.177,0.18146333,0.0037912912666797
811,/tmp/DataSetCombined/Edges/Round-8_0022491_edge.png,0.1729,0.17843273,0.0037912912666797
812,/tmp/DataSetCombined/Edges/Round-4_0077334_edge.png,0.1906,0.19137533,0.0037912912666797
813,/tmp/DataSetCombined/Edges/Round-2_0074834_edge.png,0.4096,0.39860284,0.0037912912666797
814,/tmp/DataSetCombined/Edges/Round-7_0136385_edge.png,0.1709,0.17523676,0.0037912912666797
815,/tmp/DataSetCombined/Edges/Round-6_0064024_edge.png,0.242,0.24221265,0.0037912912666797
816,/tmp/DataSetCombined/Edges/Round-4_0012344_edge.png,0.2725,0.26609862,0.0037912912666797
817,/tmp/DataSetCombined/Edges/Round-10_0002546_edge.png,0.1862,0.18682046,0.0037912912666797
818,/tmp/DataSetCombined/Edges/Round-5_0066076_edge.png,0.1905,0.19174905,0.0037912912666797
819,/tmp/DataSetCombined/Edges/Round-5_0083310_edge.png,0.2965,0.29803407,0.0037912912666797
820,/tmp/DataSetCombined/Edges/Round-5_0065021_edge.png,0.1713,0.1768103,0.0037912912666797
821,/tmp/DataSetCombined/Edges/Round-9_0126723_edge.png,0.2125,0.21056291,0.0037912912666797
822,/tmp/DataSetCombined/Edges/Round-8_0068874_edge.png,0.1908,0.1922863,0.0037912912666797
823,/tmp/DataSetCombined/Edges/Round-8_0047083_edge.png,0.3026,0.3018021,0.0037912912666797
824,/tmp/DataSetCombined/Edges/Round-1_0163596_edge.png,0.2577,0.25328922,0.0037912912666797
825,/tmp/DataSetCombined/Edges/Round-10_0047199_edge.png,0.2667,0.2599663,0.0037912912666797
826,/tmp/DataSetCombined/Edges/Round-4_0011682_edge.png,0.2111,0.20805712,0.0037912912666797
827,/tmp/DataSetCombined/Edges/Round-1_0121943_edge.png,0.1636,0.16880393,0.0037912912666797
828,/tmp/DataSetCombined/Edges/Round-5_0073299_edge.png,0.4076,0.39665943,0.0037912912666797
829,/tmp/DataSetCombined/Edges/Round-3_0063602_edge.png,0.3094,0.30666515,0.0037912912666797
830,/tmp/DataSetCombined/Edges/Round-1_0119379_edge.png,0.2656,0.25774217,0.0037912912666797
831,/tmp/DataSetCombined/Edges/Round-1_0155410_edge.png,0.2288,0.23280998,0.0037912912666797
832,/tmp/DataSetCombined/Edges/Round-7_0068932_edge.png,0.1852,0.18603909,0.0037261918187141
833,/tmp/DataSetCombined/Edges/Round-4_0077239_edge.png,0.1545,0.162365,0.0037261918187141
834,/tmp/DataSetCombined/Edges/Round-9_0105834_edge.png,0.2337,0.23831087,0.0037261918187141
835,/tmp/DataSetCombined/Edges/Round-9_0130555_edge.png,0.2034,0.20156202,0.0037261918187141
836,/tmp/DataSetCombined/Edges/Round-3_0026934_edge.png,0.1724,0.17746134,0.0037261918187141
837,/tmp/DataSetCombined/Edges/Round-7_0014692_edge.png,0.3316,0.3323437,0.0037261918187141
838,/tmp/DataSetCombined/Edges/Round-6_0129770_edge.png,0.2188,0.22223648,0.0037261918187141
839,/tmp/DataSetCombined/Edges/Round-3_0045267_edge.png,0.2695,0.2643486,0.0037261918187141
840,/tmp/DataSetCombined/Edges/Round-7_0082085_edge.png,0.2447,0.2440928,0.0037261918187141
841,/tmp/DataSetCombined/Edges/Round-2_0053231_edge.png,0.245,0.24384488,0.0037261918187141
842,/tmp/DataSetCombined/Edges/Round-2_0109488_edge.png,0.2106,0.20831896,0.0037261918187141
843,/tmp/DataSetCombined/Edges/Round-10_0054844_edge.png,0.1723,0.17683154,0.0037261918187141
844,/tmp/DataSetCombined/Edges/Round-10_0184995_edge.png,0.2257,0.22956109,0.0037261918187141
845,/tmp/DataSetCombined/Edges/Round-1_0101320_edge.png,0.1882,0.18941465,0.0037261918187141
846,/tmp/DataSetCombined/Edges/Round-5_0126395_edge.png,0.2349,0.235258,0.0037261918187141
847,/tmp/DataSetCombined/Edges/Round-8_0075635_edge.png,0.2252,0.22888662,0.0037261918187141
848,/tmp/DataSetCombined/Edges/Round-1_0154716_edge.png,0.2185,0.21868779,0.0037261918187141
849,/tmp/DataSetCombined/Edges/Round-7_0017070_edge.png,0.2803,0.2753304,0.0037261918187141
850,/tmp/DataSetCombined/Edges/Round-7_0033980_edge.png,0.2451,0.24384885,0.0037261918187141
851,/tmp/DataSetCombined/Edges/Round-1_0069134_edge.png,0.2268,0.23015419,0.0037261918187141
852,/tmp/DataSetCombined/Edges/Round-8_0066346_edge.png,0.3595,0.35956687,0.0037261918187141
853,/tmp/DataSetCombined/Edges/Round-7_0006987_edge.png,0.1716,0.1776309,0.0037261918187141
854,/tmp/DataSetCombined/Edges/Round-7_0085757_edge.png,0.1724,0.17876126,0.0037261918187141
855,/tmp/DataSetCombined/Edges/Round-7_0061738_edge.png,0.1879,0.18942998,0.0037261918187141
856,/tmp/DataSetCombined/Edges/Round-1_0147883_edge.png,0.1639,0.16961762,0.0037261918187141
857,/tmp/DataSetCombined/Edges/Round-10_0022638_edge.png,0.2052,0.20331304,0.0037261918187141
858,/tmp/DataSetCombined/Edges/Round-7_0086209_edge.png,0.2332,0.23540837,0.0037261918187141
859,/tmp/DataSetCombined/Edges/Round-9_0189631_edge.png,0.2339,0.2377902,0.0037261918187141
860,/tmp/DataSetCombined/Edges/Round-5_0103549_edge.png,0.1652,0.1710698,0.0037261918187141
861,/tmp/DataSetCombined/Edges/Round-8_0014111_edge.png,0.1796,0.18349104,0.0037261918187141
862,/tmp/DataSetCombined/Edges/Round-6_0129822_edge.png,0.1905,0.19110338,0.0037261918187141
863,/tmp/DataSetCombined/Edges/Round-10_0164196_edge.png,0.4093,0.39836597,0.0037261918187141
864,/tmp/DataSetCombined/Edges/Round-10_0120702_edge.png,0.173,0.17810887,0.0037261918187141
865,/tmp/DataSetCombined/Edges/Round-4_0005963_edge.png,0.2299,0.23381844,0.0037261918187141
866,/tmp/DataSetCombined/Edges/Round-9_0092831_edge.png,0.1726,0.17830543,0.0037261918187141
867,/tmp/DataSetCombined/Edges/Round-5_0076972_edge.png,0.2245,0.22831696,0.0037261918187141
868,/tmp/DataSetCombined/Edges/Round-9_0116610_edge.png,0.2376,0.23736325,0.0037261918187141
869,/tmp/DataSetCombined/Edges/Round-8_0027596_edge.png,0.2299,0.23388238,0.0037261918187141
870,/tmp/DataSetCombined/Edges/Round-9_0194056_edge.png,0.1862,0.18760864,0.0037261918187141
871,/tmp/DataSetCombined/Edges/Round-9_0194026_edge.png,0.2471,0.24647446,0.0037261918187141
872,/tmp/DataSetCombined/Edges/Round-5_0003819_edge.png,0.1935,0.19227555,0.0037261918187141
873,/tmp/DataSetCombined/Edges/Round-7_0102583_edge.png,0.2166,0.21586956,0.0037261918187141
874,/tmp/DataSetCombined/Edges/Round-10_0050088_edge.png,0.1717,0.17710213,0.0037261918187141
875,/tmp/DataSetCombined/Edges/Round-4_0036514_edge.png,0.2368,0.24022622,0.0037261918187141
876,/tmp/DataSetCombined/Edges/Round-1_0171090_edge.png,0.1856,0.1863896,0.0037261918187141
877,/tmp/DataSetCombined/Edges/Round-5_0062222_edge.png,0.1665,0.17135853,0.0037261918187141
878,/tmp/DataSetCombined/Edges/Round-1_0038134_edge.png,0.274,0.2671433,0.0037261918187141
879,/tmp/DataSetCombined/Edges/Round-8_0010120_edge.png,0.1796,0.18212521,0.0037261918187141
880,/tmp/DataSetCombined/Edges/Round-1_0070742_edge.png,0.2327,0.22801764,0.0037261918187141
881,/tmp/DataSetCombined/Edges/Round-8_0014714_edge.png,0.2458,0.24533859,0.0037261918187141
882,/tmp/DataSetCombined/Edges/Round-9_0085758_edge.png,0.2805,0.2771719,0.0037261918187141
883,/tmp/DataSetCombined/Edges/Round-9_0138462_edge.png,0.2423,0.2426804,0.0037261918187141
884,/tmp/DataSetCombined/Edges/Round-10_0072151_edge.png,0.218,0.22417969,0.0037261918187141
885,/tmp/DataSetCombined/Edges/Round-6_0013457_edge.png,0.2968,0.29778177,0.0037261918187141
886,/tmp/DataSetCombined/Edges/Round-9_0009997_edge.png,0.2966,0.2985779,0.0037261918187141
887,/tmp/DataSetCombined/Edges/Round-6_0044218_edge.png,0.3014,0.29840198,0.0037261918187141
888,/tmp/DataSetCombined/Edges/Round-7_0079256_edge.png,0.1459,0.15780358,0.0037261918187141
889,/tmp/DataSetCombined/Edges/Round-7_0028448_edge.png,0.1721,0.17808472,0.0037261918187141
890,/tmp/DataSetCombined/Edges/Round-6_0058666_edge.png,0.2969,0.29875848,0.0037261918187141
891,/tmp/DataSetCombined/Edges/Round-9_0033203_edge.png,0.2268,0.23037139,0.0037261918187141
892,/tmp/DataSetCombined/Edges/Round-8_0057936_edge.png,0.297,0.29818523,0.0037261918187141
893,/tmp/DataSetCombined/Edges/Round-9_0158930_edge.png,0.2264,0.2301776,0.0037261918187141
894,/tmp/DataSetCombined/Edges/Round-4_0043256_edge.png,0.2451,0.24410482,0.0037261918187141
895,/tmp/DataSetCombined/Edges/Round-5_0018669_edge.png,0.1781,0.1805892,0.0037261918187141
896,/tmp/DataSetCombined/Edges/Round-6_0086388_edge.png,0.3928,0.38429374,0.0034308582544326
897,/tmp/DataSetCombined/Edges/Round-8_0036909_edge.png,0.1722,0.17800184,0.0034308582544326
898,/tmp/DataSetCombined/Edges/Round-1_0099243_edge.png,0.1721,0.1787329,0.0034308582544326
899,/tmp/DataSetCombined/Edges/Round-3_0034105_edge.png,0.2817,0.27810276,0.0034308582544326
900,/tmp/DataSetCombined/Edges/Round-10_0092409_edge.png,0.3694,0.3649879,0.0034308582544326
901,/tmp/DataSetCombined/Edges/Round-5_0047022_edge.png,0.1906,0.19156395,0.0034308582544326
902,/tmp/DataSetCombined/Edges/Round-4_0071797_edge.png,0.2319,0.23635052,0.0034308582544326
903,/tmp/DataSetCombined/Edges/Round-10_0157875_edge.png,0.2111,0.20956947,0.0034308582544326
904,/tmp/DataSetCombined/Edges/Round-9_0009816_edge.png,0.1717,0.17792785,0.0034308582544326
905,/tmp/DataSetCombined/Edges/Round-6_0050178_edge.png,0.2482,0.24679117,0.0034308582544326
906,/tmp/DataSetCombined/Edges/Round-3_0063753_edge.png,0.2705,0.2646315,0.0034308582544326
907,/tmp/DataSetCombined/Edges/Round-8_0040943_edge.png,0.255,0.25247836,0.0034308582544326
908,/tmp/DataSetCombined/Edges/Round-8_0051717_edge.png,0.2172,0.22258963,0.0034308582544326
909,/tmp/DataSetCombined/Edges/Round-9_0090694_edge.png,0.1703,0.1768743,0.0034308582544326
910,/tmp/DataSetCombined/Edges/Round-1_0067134_edge.png,0.2816,0.27675647,0.0034308582544326
911,/tmp/DataSetCombined/Edges/Round-5_0009458_edge.png,0.1679,0.17226082,0.0034308582544326
912,/tmp/DataSetCombined/Edges/Round-1_0118422_edge.png,0.3026,0.3014528,0.0034308582544326
913,/tmp/DataSetCombined/Edges/Round-4_0040547_edge.png,0.225,0.2287395,0.0034308582544326
914,/tmp/DataSetCombined/Edges/Round-6_0028687_edge.png,0.2489,0.24881074,0.0034308582544326
915,/tmp/DataSetCombined/Edges/Round-9_0181956_edge.png,0.1843,0.18705587,0.0034308582544326
916,/tmp/DataSetCombined/Edges/Round-3_0086267_edge.png,0.255,0.2526583,0.0034308582544326
917,/tmp/DataSetCombined/Edges/Round-2_0096063_edge.png,0.17,0.17479473,0.0034308582544326
918,/tmp/DataSetCombined/Edges/Round-10_0125006_edge.png,0.2183,0.21816847,0.0034308582544326
919,/tmp/DataSetCombined/Edges/Round-8_0030979_edge.png,0.2969,0.29770812,0.0034308582544326
920,/tmp/DataSetCombined/Edges/Round-7_0067577_edge.png,0.2104,0.21062137,0.0034308582544326
921,/tmp/DataSetCombined/Edges/Round-10_0125428_edge.png,0.1719,0.17798531,0.0034308582544326
922,/tmp/DataSetCombined/Edges/Round-5_0063046_edge.png,0.1686,0.17615594,0.0034308582544326
923,/tmp/DataSetCombined/Edges/Round-7_0066704_edge.png,0.2302,0.2327067,0.0034308582544326
924,/tmp/DataSetCombined/Edges/Round-6_0005970_edge.png,0.1958,0.19501384,0.0034308582544326
925,/tmp/DataSetCombined/Edges/Round-1_0154054_edge.png,0.297,0.29795253,0.0034308582544326
926,/tmp/DataSetCombined/Edges/Round-10_0109776_edge.png,0.3274,0.32606852,0.0034308582544326
927,/tmp/DataSetCombined/Edges/Round-10_0097345_edge.png,0.3024,0.30106428,0.0034308582544326
928,/tmp/DataSetCombined/Edges/Round-1_0053551_edge.png,0.3111,0.30992925,0.0034308582544326
929,/tmp/DataSetCombined/Edges/Round-10_0193393_edge.png,0.311,0.30968595,0.0034308582544326
930,/tmp/DataSetCombined/Edges/Round-7_0118897_edge.png,0.2449,0.24389225,0.0034308582544326
931,/tmp/DataSetCombined/Edges/Round-3_0009062_edge.png,0.2816,0.27697635,0.0034308582544326
932,/tmp/DataSetCombined/Edges/Round-6_0090090_edge.png,0.182,0.18466651,0.0034308582544326
933,/tmp/DataSetCombined/Edges/Round-5_0046781_edge.png,0.2006,0.1999071,0.0034308582544326
934,/tmp/DataSetCombined/Edges/Round-1_0144543_edge.png,0.2538,0.25042868,0.0034308582544326
935,/tmp/DataSetCombined/Edges/Round-10_0193844_edge.png,0.1467,0.15946949,0.0034308582544326
936,/tmp/DataSetCombined/Edges/Round-6_0084131_edge.png,0.2548,0.25241348,0.0034308582544326
937,/tmp/DataSetCombined/Edges/Round-8_0072745_edge.png,0.1724,0.17849751,0.0034308582544326
938,/tmp/DataSetCombined/Edges/Round-10_0008340_edge.png,0.2998,0.29909518,0.0034308582544326
939,/tmp/DataSetCombined/Edges/Round-10_0019176_edge.png,0.2571,0.25362137,0.0034308582544326
940,/tmp/DataSetCombined/Edges/Round-1_0100086_edge.png,0.1916,0.19114058,0.0034308582544326
941,/tmp/DataSetCombined/Edges/Round-1_0096173_edge.png,0.1643,0.1695382,0.0034308582544326
942,/tmp/DataSetCombined/Edges/Round-4_0046326_edge.png,0.2141,0.21279484,0.0034308582544326
943,/tmp/DataSetCombined/Edges/Round-2_0058500_edge.png,0.1955,0.1948826,0.0034308582544326
944,/tmp/DataSetCombined/Edges/Round-10_0112063_edge.png,0.2124,0.21089424,0.0034308582544326
945,/tmp/DataSetCombined/Edges/Round-3_0073836_edge.png,0.1866,0.18829681,0.0034308582544326
946,/tmp/DataSetCombined/Edges/Round-2_0076107_edge.png,0.2557,0.25216702,0.0034308582544326
947,/tmp/DataSetCombined/Edges/Round-7_0010237_edge.png,0.1854,0.18685426,0.0034308582544326
948,/tmp/DataSetCombined/Edges/Round-6_0035489_edge.png,0.172,0.17836213,0.0034308582544326
949,/tmp/DataSetCombined/Edges/Round-8_0011685_edge.png,0.2326,0.23654301,0.0034308582544326
950,/tmp/DataSetCombined/Edges/Round-10_0008822_edge.png,0.2051,0.20251928,0.0034308582544326
951,/tmp/DataSetCombined/Edges/Round-10_0097766_edge.png,0.2553,0.25161564,0.0034308582544326
952,/tmp/DataSetCombined/Edges/Round-10_0122538_edge.png,0.1721,0.17826854,0.0034308582544326
953,/tmp/DataSetCombined/Edges/Round-7_0102403_edge.png,0.1728,0.17768824,0.0034308582544326
954,/tmp/DataSetCombined/Edges/Round-8_0017765_edge.png,0.2481,0.24701837,0.0034308582544326
955,/tmp/DataSetCombined/Edges/Round-9_0197758_edge.png,0.1732,0.17878361,0.0034308582544326
956,/tmp/DataSetCombined/Edges/Round-2_0010800_edge.png,0.2174,0.21456508,0.0034308582544326
957,/tmp/DataSetCombined/Edges/Round-1_0106497_edge.png,0.2451,0.24393201,0.0034308582544326
958,/tmp/DataSetCombined/Edges/Round-1_0020300_edge.png,0.2307,0.23470964,0.0034308582544326
959,/tmp/DataSetCombined/Edges/Round-10_0061225_edge.png,0.173,0.17871901,0.0034308582544326
960,/tmp/DataSetCombined/Edges/Round-10_0058065_edge.png,0.1665,0.17167675,0.0039568468928337
961,/tmp/DataSetCombined/Edges/Round-2_0072856_edge.png,0.2995,0.29876706,0.0039568468928337
962,/tmp/DataSetCombined/Edges/Round-10_0010387_edge.png,0.1713,0.17708783,0.0039568468928337
963,/tmp/DataSetCombined/Edges/Round-7_0090543_edge.png,0.2227,0.22308657,0.0039568468928337
964,/tmp/DataSetCombined/Edges/Round-10_0033233_edge.png,0.2168,0.21571887,0.0039568468928337
965,/tmp/DataSetCombined/Edges/Round-9_0003194_edge.png,0.245,0.24394852,0.0039568468928337
966,/tmp/DataSetCombined/Edges/Round-8_0050893_edge.png,0.2817,0.2764327,0.0039568468928337
967,/tmp/DataSetCombined/Edges/Round-4_0039073_edge.png,0.1775,0.18154709,0.0039568468928337
968,/tmp/DataSetCombined/Edges/Round-10_0139454_edge.png,0.2281,0.2322322,0.0039568468928337
969,/tmp/DataSetCombined/Edges/Round-3_0030767_edge.png,0.2255,0.2294247,0.0039568468928337
970,/tmp/DataSetCombined/Edges/Round-8_0066466_edge.png,0.1709,0.17657955,0.0039568468928337
971,/tmp/DataSetCombined/Edges/Round-7_0007620_edge.png,0.1686,0.1758245,0.0039568468928337
972,/tmp/DataSetCombined/Edges/Round-8_0053061_edge.png,0.1734,0.17874728,0.0039568468928337
973,/tmp/DataSetCombined/Edges/Round-5_0016080_edge.png,0.2324,0.22806379,0.0039568468928337
974,/tmp/DataSetCombined/Edges/Round-3_0036700_edge.png,0.1808,0.18373114,0.0039568468928337
975,/tmp/DataSetCombined/Edges/Round-4_0047049_edge.png,0.2299,0.23240355,0.0039568468928337
976,/tmp/DataSetCombined/Edges/Round-8_0056281_edge.png,0.1827,0.18467584,0.0039568468928337
977,/tmp/DataSetCombined/Edges/Round-3_0085364_edge.png,0.1783,0.1826609,0.0039568468928337
978,/tmp/DataSetCombined/Edges/Round-7_0060925_edge.png,0.2331,0.2350133,0.0039568468928337
979,/tmp/DataSetCombined/Edges/Round-5_0030196_edge.png,0.171,0.1758509,0.0039568468928337
980,/tmp/DataSetCombined/Edges/Round-6_0063392_edge.png,0.2256,0.22939746,0.0039568468928337
981,/tmp/DataSetCombined/Edges/Round-5_0035765_edge.png,0.2921,0.29251242,0.0039568468928337
982,/tmp/DataSetCombined/Edges/Round-9_0167628_edge.png,0.2215,0.22640888,0.0039568468928337
983,/tmp/DataSetCombined/Edges/Round-6_0100264_edge.png,0.1722,0.17793013,0.0039568468928337
984,/tmp/DataSetCombined/Edges/Round-3_0048101_edge.png,0.2265,0.23001178,0.0039568468928337
985,/tmp/DataSetCombined/Edges/Round-10_0178509_edge.png,0.2279,0.23147178,0.0039568468928337
986,/tmp/DataSetCombined/Edges/Round-5_0041785_edge.png,0.2246,0.2259434,0.0039568468928337
987,/tmp/DataSetCombined/Edges/Round-8_0059513_edge.png,0.1888,0.19010785,0.0039568468928337
988,/tmp/DataSetCombined/Edges/Round-9_0006415_edge.png,0.2172,0.21831909,0.0039568468928337
989,/tmp/DataSetCombined/Edges/Round-5_0063938_edge.png,0.1597,0.16519777,0.0039568468928337
990,/tmp/DataSetCombined/Edges/Round-4_0026852_edge.png,0.2018,0.20143856,0.0039568468928337
991,/tmp/DataSetCombined/Edges/Round-9_0065087_edge.png,0.2584,0.25385734,0.0039568468928337
992,/tmp/DataSetCombined/Edges/Round-10_0113870_edge.png,0.1656,0.17261025,0.0039568468928337
993,/tmp/DataSetCombined/Edges/Round-10_0058305_edge.png,0.1906,0.19152412,0.0039568468928337
994,/tmp/DataSetCombined/Edges/Round-7_0071159_edge.png,0.18,0.18442604,0.0039568468928337
995,/tmp/DataSetCombined/Edges/Round-9_0002243_edge.png,0.1704,0.17505911,0.0039568468928337
996,/tmp/DataSetCombined/Edges/Round-6_0000485_edge.png,0.2449,0.2438515,0.0039568468928337
997,/tmp/DataSetCombined/Edges/Round-10_0137347_edge.png,0.2882,0.2827186,0.0039568468928337
998,/tmp/DataSetCombined/Edges/Round-5_0039166_edge.png,0.1767,0.18009187,0.0039568468928337
999,/tmp/DataSetCombined/Edges/Round-5_0082179_edge.png,0.2546,0.2522058,0.0039568468928337
1000,/tmp/DataSetCombined/Edges/Round-4_0021103_edge.png,0.2251,0.22642258,0.0039568468928337
1001,/tmp/DataSetCombined/Edges/Round-3_0069683_edge.png,0.3002,0.2975773,0.0039568468928337
1002,/tmp/DataSetCombined/Edges/Round-4_0012525_edge.png,0.1722,0.17828633,0.0039568468928337
1003,/tmp/DataSetCombined/Edges/Round-1_0003501_edge.png,0.2253,0.2292951,0.0039568468928337
1004,/tmp/DataSetCombined/Edges/Round-8_0059411_edge.png,0.1754,0.18025115,0.0039568468928337
1005,/tmp/DataSetCombined/Edges/Round-2_0084234_edge.png,0.2125,0.21077956,0.0039568468928337
1006,/tmp/DataSetCombined/Edges/Round-10_0112997_edge.png,0.1894,0.1908995,0.0039568468928337
1007,/tmp/DataSetCombined/Edges/Round-4_0082266_edge.png,0.1998,0.19946128,0.0039568468928337
1008,/tmp/DataSetCombined/Edges/Round-2_0099133_edge.png,0.2439,0.24072903,0.0039568468928337
1009,/tmp/DataSetCombined/Edges/Round-10_0089398_edge.png,0.1902,0.19007018,0.0039568468928337
1010,/tmp/DataSetCombined/Edges/Round-4_0065048_edge.png,0.1732,0.17840046,0.0039568468928337
1011,/tmp/DataSetCombined/Edges/Round-7_0068450_edge.png,0.2313,0.2323406,0.0039568468928337
1012,/tmp/DataSetCombined/Edges/Round-7_0014301_edge.png,0.2273,0.23091008,0.0039568468928337
1013,/tmp/DataSetCombined/Edges/Round-1_0074200_edge.png,0.2158,0.21498744,0.0039568468928337
1014,/tmp/DataSetCombined/Edges/Round-5_0078929_edge.png,0.2371,0.240568,0.0039568468928337
1015,/tmp/DataSetCombined/Edges/Round-10_0072603_edge.png,0.1939,0.19367686,0.0039568468928337
1016,/tmp/DataSetCombined/Edges/Round-5_0071403_edge.png,0.2078,0.20551121,0.0039568468928337
1017,/tmp/DataSetCombined/Edges/Round-4_0037206_edge.png,0.2156,0.22059992,0.0039568468928337
1018,/tmp/DataSetCombined/Edges/Round-10_0091536_edge.png,0.2303,0.23292616,0.0039568468928337
1019,/tmp/DataSetCombined/Edges/Round-1_0166003_edge.png,0.2266,0.23004091,0.0039568468928337
1020,/tmp/DataSetCombined/Edges/Round-6_0010657_edge.png,0.2805,0.2763906,0.0039568468928337
1021,/tmp/DataSetCombined/Edges/Round-9_0056380_edge.png,0.1904,0.19084784,0.0039568468928337
1022,/tmp/DataSetCombined/Edges/Round-2_0038400_edge.png,0.1901,0.19029503,0.0039568468928337
1023,/tmp/DataSetCombined/Edges/Round-8_0024026_edge.png,0.2407,0.24312171,0.0039568468928337
1024,/tmp/DataSetCombined/Edges/Round-6_0010627_edge.png,0.4096,0.39868468,0.0039539039134979
1025,/tmp/DataSetCombined/Edges/Round-9_0011743_edge.png,0.2304,0.23230052,0.0039539039134979
1026,/tmp/DataSetCombined/Edges/Round-8_0016579_edge.png,0.1765,0.17964827,0.0039539039134979
1027,/tmp/DataSetCombined/Edges/Round-9_0089339_edge.png,0.2254,0.22943029,0.0039539039134979
1028,/tmp/DataSetCombined/Edges/Round-6_0126631_edge.png,0.1793,0.18200523,0.0039539039134979
1029,/tmp/DataSetCombined/Edges/Round-10_0180661_edge.png,0.2711,0.26654777,0.0039539039134979
1030,/tmp/DataSetCombined/Edges/Round-3_0046634_edge.png,0.1707,0.17655021,0.0039539039134979
1031,/tmp/DataSetCombined/Edges/Round-6_0079268_edge.png,0.2274,0.23084204,0.0039539039134979
1032,/tmp/DataSetCombined/Edges/Round-7_0039163_edge.png,0.2246,0.2283955,0.0039539039134979
1033,/tmp/DataSetCombined/Edges/Round-8_0023545_edge.png,0.2254,0.22947924,0.0039539039134979
1034,/tmp/DataSetCombined/Edges/Round-3_0043526_edge.png,0.3028,0.30091202,0.0039539039134979
1035,/tmp/DataSetCombined/Edges/Round-9_0076005_edge.png,0.2363,0.23646598,0.0039539039134979
1036,/tmp/DataSetCombined/Edges/Round-7_0058337_edge.png,0.2965,0.2979759,0.0039539039134979
1037,/tmp/DataSetCombined/Edges/Round-3_0040064_edge.png,0.2486,0.24760984,0.0039539039134979
1038,/tmp/DataSetCombined/Edges/Round-5_0080583_edge.png,0.2506,0.25069568,0.0039539039134979
1039,/tmp/DataSetCombined/Edges/Round-1_0054534_edge.png,0.173,0.17805538,0.0039539039134979
1040,/tmp/DataSetCombined/Edges/Round-6_0114652_edge.png,0.1899,0.19017944,0.0039539039134979
1041,/tmp/DataSetCombined/Edges/Round-9_0104510_edge.png,0.1873,0.18863359,0.0039539039134979
1042,/tmp/DataSetCombined/Edges/Round-7_0003074_edge.png,0.2234,0.22770418,0.0039539039134979
1043,/tmp/DataSetCombined/Edges/Round-5_0070982_edge.png,0.2281,0.23207809,0.0039539039134979
1044,/tmp/DataSetCombined/Edges/Round-7_0037839_edge.png,0.2134,0.2122358,0.0039539039134979
1045,/tmp/DataSetCombined/Edges/Round-6_0130334_edge.png,0.2278,0.23139066,0.0039539039134979
1046,/tmp/DataSetCombined/Edges/Round-10_0077299_edge.png,0.3017,0.29953605,0.0039539039134979
1047,/tmp/DataSetCombined/Edges/Round-8_0013551_edge.png,0.2276,0.23124817,0.0039539039134979
1048,/tmp/DataSetCombined/Edges/Round-10_0121725_edge.png,0.3565,0.35772437,0.0039539039134979
1049,/tmp/DataSetCombined/Edges/Round-1_0081544_edge.png,0.2885,0.28687298,0.0039539039134979
1050,/tmp/DataSetCombined/Edges/Round-4_0087292_edge.png,0.2451,0.24382798,0.0039539039134979
1051,/tmp/DataSetCombined/Edges/Round-8_0066617_edge.png,0.2237,0.23066497,0.0039539039134979
1052,/tmp/DataSetCombined/Edges/Round-10_0007979_edge.png,0.227,0.23060499,0.0039539039134979
1053,/tmp/DataSetCombined/Edges/Round-8_0035723_edge.png,0.2027,0.20168532,0.0039539039134979
1054,/tmp/DataSetCombined/Edges/Round-10_0153029_edge.png,0.2219,0.22583164,0.0039539039134979
1055,/tmp/DataSetCombined/Edges/Round-1_0085849_edge.png,0.2298,0.23332627,0.0039539039134979
1056,/tmp/DataSetCombined/Edges/Round-5_0004667_edge.png,0.4089,0.39732993,0.0039539039134979
1057,/tmp/DataSetCombined/Edges/Round-7_0011923_edge.png,0.3977,0.39008015,0.0039539039134979
1058,/tmp/DataSetCombined/Edges/Round-6_0023389_edge.png,0.1782,0.1814399,0.0039539039134979
1059,/tmp/DataSetCombined/Edges/Round-9_0101560_edge.png,0.2748,0.26952177,0.0039539039134979
1060,/tmp/DataSetCombined/Edges/Round-10_0133163_edge.png,0.172,0.17826706,0.0039539039134979
1061,/tmp/DataSetCombined/Edges/Round-6_0126240_edge.png,0.2884,0.28655988,0.0039539039134979
1062,/tmp/DataSetCombined/Edges/Round-5_0068784_edge.png,0.2268,0.23096433,0.0039539039134979
1063,/tmp/DataSetCombined/Edges/Round-5_0029083_edge.png,0.1728,0.1781624,0.0039539039134979
1064,/tmp/DataSetCombined/Edges/Round-9_0085818_edge.png,0.2547,0.2524086,0.0039539039134979
1065,/tmp/DataSetCombined/Edges/Round-1_0089611_edge.png,0.2113,0.20723258,0.0039539039134979
1066,/tmp/DataSetCombined/Edges/Round-3_0064385_edge.png,0.2346,0.23968568,0.0039539039134979
1067,/tmp/DataSetCombined/Edges/Round-3_0033262_edge.png,0.1694,0.17501512,0.0039539039134979
1068,/tmp/DataSetCombined/Edges/Round-8_0074822_edge.png,0.1849,0.18659012,0.0039539039134979
1069,/tmp/DataSetCombined/Edges/Round-9_0070467_edge.png,0.2816,0.27682203,0.0039539039134979
1070,/tmp/DataSetCombined/Edges/Round-10_0000728_edge.png,0.1774,0.18205036,0.0039539039134979
1071,/tmp/DataSetCombined/Edges/Round-8_0008765_edge.png,0.1772,0.18015945,0.0039539039134979
1072,/tmp/DataSetCombined/Edges/Round-2_0055034_edge.png,0.3434,0.3490435,0.0039539039134979
1073,/tmp/DataSetCombined/Edges/Round-1_0130998_edge.png,0.2051,0.20356101,0.0039539039134979
1074,/tmp/DataSetCombined/Edges/Round-4_0019658_edge.png,0.2259,0.23165606,0.0039539039134979
1075,/tmp/DataSetCombined/Edges/Round-6_0005910_edge.png,0.1711,0.17609854,0.0039539039134979
1076,/tmp/DataSetCombined/Edges/Round-9_0097979_edge.png,0.2705,0.26508027,0.0039539039134979
1077,/tmp/DataSetCombined/Edges/Round-8_0018024_edge.png,0.2289,0.23203737,0.0039539039134979
1078,/tmp/DataSetCombined/Edges/Round-1_0004234_edge.png,0.2822,0.2781287,0.0039539039134979
1079,/tmp/DataSetCombined/Edges/Round-6_0005516_edge.png,0.172,0.17723453,0.0039539039134979
1080,/tmp/DataSetCombined/Edges/Round-4_0030434_edge.png,0.2364,0.23818073,0.0039539039134979
1081,/tmp/DataSetCombined/Edges/Round-8_0006947_edge.png,0.1986,0.19707371,0.0039539039134979
1082,/tmp/DataSetCombined/Edges/Round-8_0024417_edge.png,0.1722,0.17798102,0.0039539039134979
1083,/tmp/DataSetCombined/Edges/Round-4_0032119_edge.png,0.173,0.17832774,0.0039539039134979
1084,/tmp/DataSetCombined/Edges/Round-9_0192461_edge.png,0.3677,0.36423612,0.0039539039134979
1085,/tmp/DataSetCombined/Edges/Round-1_0127024_edge.png,0.3022,0.3005901,0.0039539039134979
1086,/tmp/DataSetCombined/Edges/Round-2_0004800_edge.png,0.2221,0.22432542,0.0039539039134979
1087,/tmp/DataSetCombined/Edges/Round-8_0037962_edge.png,0.2001,0.19833043,0.0039539039134979
1088,/tmp/DataSetCombined/Edges/Round-4_0009936_edge.png,0.2247,0.226631,0.0034606009721755
1089,/tmp/DataSetCombined/Edges/Round-10_0180330_edge.png,0.2167,0.21563016,0.0034606009721755
1090,/tmp/DataSetCombined/Edges/Round-1_0070400_edge.png,0.2031,0.2005487,0.0034606009721755
1091,/tmp/DataSetCombined/Edges/Round-9_0152070_edge.png,0.4087,0.3976686,0.0034606009721755
1092,/tmp/DataSetCombined/Edges/Round-2_0029800_edge.png,0.2231,0.23034564,0.0034606009721755
1093,/tmp/DataSetCombined/Edges/Round-7_0125429_edge.png,0.23,0.23246437,0.0034606009721755
1094,/tmp/DataSetCombined/Edges/Round-7_0002592_edge.png,0.2952,0.29581788,0.0034606009721755
1095,/tmp/DataSetCombined/Edges/Round-6_0086440_edge.png,0.2999,0.29951885,0.0034606009721755
1096,/tmp/DataSetCombined/Edges/Round-8_0011824_edge.png,0.2966,0.29811007,0.0034606009721755
1097,/tmp/DataSetCombined/Edges/Round-4_0080550_edge.png,0.2271,0.2308126,0.0034606009721755
1098,/tmp/DataSetCombined/Edges/Round-7_0108091_edge.png,0.2447,0.24404438,0.0034606009721755
1099,/tmp/DataSetCombined/Edges/Round-10_0179607_edge.png,0.2058,0.20270488,0.0034606009721755
1100,/tmp/DataSetCombined/Edges/Round-10_0154594_edge.png,0.2344,0.23677239,0.0034606009721755
1101,/tmp/DataSetCombined/Edges/Round-8_0053993_edge.png,0.2251,0.22518352,0.0034606009721755
1102,/tmp/DataSetCombined/Edges/Round-10_0097736_edge.png,0.1901,0.19005078,0.0034606009721755
1103,/tmp/DataSetCombined/Edges/Round-4_0082627_edge.png,0.2285,0.23231414,0.0034606009721755
1104,/tmp/DataSetCombined/Edges/Round-3_0035167_edge.png,0.2381,0.24192376,0.0034606009721755
1105,/tmp/DataSetCombined/Edges/Round-5_0013311_edge.png,0.4045,0.39513344,0.0034606009721755
1106,/tmp/DataSetCombined/Edges/Round-10_0145504_edge.png,0.2448,0.24393946,0.0034606009721755
1107,/tmp/DataSetCombined/Edges/Round-1_0053341_edge.png,0.3951,0.38750753,0.0034606009721755
1108,/tmp/DataSetCombined/Edges/Round-1_0165040_edge.png,0.2817,0.27757823,0.0034606009721755
1109,/tmp/DataSetCombined/Edges/Round-9_0082326_edge.png,0.2464,0.24705014,0.0034606009721755
1110,/tmp/DataSetCombined/Edges/Round-1_0056534_edge.png,0.1987,0.1983704,0.0034606009721755
1111,/tmp/DataSetCombined/Edges/Round-10_0192249_edge.png,0.2372,0.23900875,0.0034606009721755
1112,/tmp/DataSetCombined/Edges/Round-9_0096083_edge.png,0.2205,0.22082303,0.0034606009721755
1113,/tmp/DataSetCombined/Edges/Round-1_0124837_edge.png,0.2304,0.23251735,0.0034606009721755
1114,/tmp/DataSetCombined/Edges/Round-1_0026301_edge.png,0.2964,0.2981064,0.0034606009721755
1115,/tmp/DataSetCombined/Edges/Round-7_0131479_edge.png,0.1689,0.1760789,0.0034606009721755
1116,/tmp/DataSetCombined/Edges/Round-10_0092228_edge.png,0.3503,0.35390747,0.0034606009721755
1117,/tmp/DataSetCombined/Edges/Round-9_0026281_edge.png,0.1729,0.1775807,0.0034606009721755
1118,/tmp/DataSetCombined/Edges/Round-6_0048794_edge.png,0.2273,0.23102601,0.0034606009721755
1119,/tmp/DataSetCombined/Edges/Round-10_0169073_edge.png,0.224,0.22619303,0.0034606009721755
1120,/tmp/DataSetCombined/Edges/Round-8_0028360_edge.png,0.2152,0.21513313,0.0034606009721755
1121,/tmp/DataSetCombined/Edges/Round-8_0017043_edge.png,0.2785,0.27532756,0.0034606009721755
1122,/tmp/DataSetCombined/Edges/Round-5_0084135_edge.png,0.2282,0.23189047,0.0034606009721755
1123,/tmp/DataSetCombined/Edges/Round-9_0182708_edge.png,0.1502,0.16202554,0.0034606009721755
1124,/tmp/DataSetCombined/Edges/Round-1_0139756_edge.png,0.383,0.37560225,0.0034606009721755
1125,/tmp/DataSetCombined/Edges/Round-4_0090784_edge.png,0.2404,0.24220967,0.0034606009721755
1126,/tmp/DataSetCombined/Edges/Round-9_0130455_edge.png,0.2519,0.2502681,0.0034606009721755
1127,/tmp/DataSetCombined/Edges/Round-10_0016888_edge.png,0.2273,0.23087254,0.0034606009721755
1128,/tmp/DataSetCombined/Edges/Round-8_0058057_edge.png,0.2818,0.27788347,0.0034606009721755
1129,/tmp/DataSetCombined/Edges/Round-8_0000213_edge.png,0.3524,0.35472792,0.0034606009721755
1130,/tmp/DataSetCombined/Edges/Round-2_0102444_edge.png,0.2255,0.22940072,0.0034606009721755
1131,/tmp/DataSetCombined/Edges/Round-8_0024646_edge.png,0.1847,0.18631683,0.0034606009721755
1132,/tmp/DataSetCombined/Edges/Round-5_0062192_edge.png,0.236,0.240708,0.0034606009721755
1133,/tmp/DataSetCombined/Edges/Round-2_0064669_edge.png,0.1729,0.17930105,0.0034606009721755
1134,/tmp/DataSetCombined/Edges/Round-7_0052498_edge.png,0.2445,0.24358043,0.0034606009721755
1135,/tmp/DataSetCombined/Edges/Round-10_0067637_edge.png,0.2256,0.22927701,0.0034606009721755
1136,/tmp/DataSetCombined/Edges/Round-1_0102230_edge.png,0.223,0.22532272,0.0034606009721755
1137,/tmp/DataSetCombined/Edges/Round-2_0084634_edge.png,0.2251,0.22620942,0.0034606009721755
1138,/tmp/DataSetCombined/Edges/Round-1_0151104_edge.png,0.2821,0.27792016,0.0034606009721755
1139,/tmp/DataSetCombined/Edges/Round-8_0019559_edge.png,0.2732,0.26637316,0.0034606009721755
1140,/tmp/DataSetCombined/Edges/Round-1_0101680_edge.png,0.4082,0.3967489,0.0034606009721755
1141,/tmp/DataSetCombined/Edges/Round-8_0003516_edge.png,0.2445,0.24382457,0.0034606009721755
1142,/tmp/DataSetCombined/Edges/Round-7_0099724_edge.png,0.2819,0.27727687,0.0034606009721755
1143,/tmp/DataSetCombined/Edges/Round-1_0086902_edge.png,0.2445,0.2438722,0.0034606009721755
1144,/tmp/DataSetCombined/Edges/Round-10_0080730_edge.png,0.2282,0.23270567,0.0034606009721755
1145,/tmp/DataSetCombined/Edges/Round-4_0051564_edge.png,0.2254,0.22913177,0.0034606009721755
1146,/tmp/DataSetCombined/Edges/Round-2_0091368_edge.png,0.1958,0.1953815,0.0034606009721755
1147,/tmp/DataSetCombined/Edges/Round-1_0107791_edge.png,0.2248,0.22875899,0.0034606009721755
1148,/tmp/DataSetCombined/Edges/Round-7_0048283_edge.png,0.2371,0.2394026,0.0034606009721755
1149,/tmp/DataSetCombined/Edges/Round-6_0025858_edge.png,0.2419,0.2388979,0.0034606009721755
1150,/tmp/DataSetCombined/Edges/Round-8_0082046_edge.png,0.2171,0.21684173,0.0034606009721755
1151,/tmp/DataSetCombined/Edges/Round-2_0103558_edge.png,0.2105,0.20990212,0.0034606009721755
1152,/tmp/DataSetCombined/Edges/Round-9_0161217_edge.png,0.1658,0.17074218,0.0039195157587528
1153,/tmp/DataSetCombined/Edges/Round-10_0037958_edge.png,0.2858,0.2780298,0.0039195157587528
1154,/tmp/DataSetCombined/Edges/Round-8_0071330_edge.png,0.2956,0.29636985,0.0039195157587528
1155,/tmp/DataSetCombined/Edges/Round-5_0070397_edge.png,0.2234,0.22401732,0.0039195157587528
1156,/tmp/DataSetCombined/Edges/Round-10_0136143_edge.png,0.2795,0.2746295,0.0039195157587528
1157,/tmp/DataSetCombined/Edges/Round-6_0116699_edge.png,0.1727,0.17825164,0.0039195157587528
1158,/tmp/DataSetCombined/Edges/Round-8_0061458_edge.png,0.302,0.29950228,0.0039195157587528
1159,/tmp/DataSetCombined/Edges/Round-9_0013458_edge.png,0.1648,0.16975316,0.0039195157587528
1160,/tmp/DataSetCombined/Edges/Round-4_0031789_edge.png,0.4086,0.39725584,0.0039195157587528
1161,/tmp/DataSetCombined/Edges/Round-5_0065865_edge.png,0.2,0.19847223,0.0039195157587528
1162,/tmp/DataSetCombined/Edges/Round-8_0050152_edge.png,0.2447,0.24207428,0.0039195157587528
1163,/tmp/DataSetCombined/Edges/Round-5_0021016_edge.png,0.3269,0.32587323,0.0039195157587528
1164,/tmp/DataSetCombined/Edges/Round-10_0008190_edge.png,0.2064,0.20896855,0.0039195157587528
1165,/tmp/DataSetCombined/Edges/Round-9_0078142_edge.png,0.2579,0.253722,0.0039195157587528
1166,/tmp/DataSetCombined/Edges/Round-4_0014271_edge.png,0.2481,0.24910912,0.0039195157587528
1167,/tmp/DataSetCombined/Edges/Round-7_0021946_edge.png,0.1689,0.17354132,0.0039195157587528
1168,/tmp/DataSetCombined/Edges/Round-10_0187282_edge.png,0.1698,0.17514053,0.0039195157587528
1169,/tmp/DataSetCombined/Edges/Round-1_0154445_edge.png,0.2049,0.20344853,0.0039195157587528
1170,/tmp/DataSetCombined/Edges/Round-9_0165552_edge.png,0.2742,0.26970297,0.0039195157587528
1171,/tmp/DataSetCombined/Edges/Round-4_0042714_edge.png,0.2287,0.23221691,0.0039195157587528
1172,/tmp/DataSetCombined/Edges/Round-9_0019990_edge.png,0.2293,0.23264489,0.0039195157587528
1173,/tmp/DataSetCombined/Edges/Round-9_0020953_edge.png,0.245,0.24382432,0.0039195157587528
1174,/tmp/DataSetCombined/Edges/Round-8_0008182_edge.png,0.2275,0.23118536,0.0039195157587528
1175,/tmp/DataSetCombined/Edges/Round-1_0066867_edge.png,0.1721,0.17833191,0.0039195157587528
1176,/tmp/DataSetCombined/Edges/Round-3_0052634_edge.png,0.1682,0.17322896,0.0039195157587528
1177,/tmp/DataSetCombined/Edges/Round-1_0106045_edge.png,0.3049,0.30316156,0.0039195157587528
1178,/tmp/DataSetCombined/Edges/Round-3_0077930_edge.png,0.2177,0.21838026,0.0039195157587528
1179,/tmp/DataSetCombined/Edges/Round-4_0031307_edge.png,0.1751,0.17961912,0.0039195157587528
1180,/tmp/DataSetCombined/Edges/Round-4_0046025_edge.png,0.2122,0.2151899,0.0039195157587528
1181,/tmp/DataSetCombined/Edges/Round-7_0002442_edge.png,0.1982,0.19614157,0.0039195157587528
1182,/tmp/DataSetCombined/Edges/Round-7_0068119_edge.png,0.164,0.16937974,0.0039195157587528
1183,/tmp/DataSetCombined/Edges/Round-1_0074010_edge.png,0.3855,0.3781659,0.0039195157587528
1184,/tmp/DataSetCombined/Edges/Round-7_0054755_edge.png,0.2961,0.29688427,0.0039195157587528
1185,/tmp/DataSetCombined/Edges/Round-2_0091760_edge.png,0.1901,0.19057788,0.0039195157587528
1186,/tmp/DataSetCombined/Edges/Round-8_0080270_edge.png,0.244,0.24161282,0.0039195157587528
1187,/tmp/DataSetCombined/Edges/Round-5_0037541_edge.png,0.2449,0.24373914,0.0039195157587528
1188,/tmp/DataSetCombined/Edges/Round-1_0158719_edge.png,0.2815,0.27803332,0.0039195157587528
1189,/tmp/DataSetCombined/Edges/Round-8_0045415_edge.png,0.172,0.17844051,0.0039195157587528
1190,/tmp/DataSetCombined/Edges/Round-8_0057948_edge.png,0.2373,0.23981747,0.0039195157587528
1191,/tmp/DataSetCombined/Edges/Round-3_0003401_edge.png,0.1843,0.18668787,0.0039195157587528
1192,/tmp/DataSetCombined/Edges/Round-9_0163837_edge.png,0.255,0.25266787,0.0039195157587528
1193,/tmp/DataSetCombined/Edges/Round-5_0098613_edge.png,0.2362,0.23787932,0.0039195157587528
1194,/tmp/DataSetCombined/Edges/Round-10_0167567_edge.png,0.2362,0.24093428,0.0039195157587528
1195,/tmp/DataSetCombined/Edges/Round-6_0122026_edge.png,0.2594,0.25487185,0.0039195157587528
1196,/tmp/DataSetCombined/Edges/Round-10_0010477_edge.png,0.25,0.24854383,0.0039195157587528
1197,/tmp/DataSetCombined/Edges/Round-7_0096924_edge.png,0.2547,0.2524621,0.0039195157587528
1198,/tmp/DataSetCombined/Edges/Round-8_0040310_edge.png,0.1665,0.17105469,0.0039195157587528
1199,/tmp/DataSetCombined/Edges/Round-8_0072704_edge.png,0.2226,0.22695357,0.0039195157587528
1200,/tmp/DataSetCombined/Edges/Round-2_0106967_edge.png,0.408,0.39656875,0.0039195157587528
1201,/tmp/DataSetCombined/Edges/Round-10_0079285_edge.png,0.2125,0.21074557,0.0039195157587528
1202,/tmp/DataSetCombined/Edges/Round-10_0163564_edge.png,0.1809,0.18349104,0.0039195157587528
1203,/tmp/DataSetCombined/Edges/Round-10_0132411_edge.png,0.3422,0.34641045,0.0039195157587528
1204,/tmp/DataSetCombined/Edges/Round-7_0133887_edge.png,0.2191,0.21824019,0.0039195157587528
1205,/tmp/DataSetCombined/Edges/Round-1_0169194_edge.png,0.2298,0.23275857,0.0039195157587528
1206,/tmp/DataSetCombined/Edges/Round-2_0083934_edge.png,0.2029,0.20024335,0.0039195157587528
1207,/tmp/DataSetCombined/Edges/Round-10_0061707_edge.png,0.1845,0.18638115,0.0039195157587528
1208,/tmp/DataSetCombined/Edges/Round-8_0074473_edge.png,0.2547,0.2523449,0.0039195157587528
1209,/tmp/DataSetCombined/Edges/Round-5_0114867_edge.png,0.1732,0.17863952,0.0039195157587528
1210,/tmp/DataSetCombined/Edges/Round-10_0187102_edge.png,0.2753,0.2704119,0.0039195157587528
1211,/tmp/DataSetCombined/Edges/Round-5_0065263_edge.png,0.151,0.16296273,0.0039195157587528
1212,/tmp/DataSetCombined/Edges/Round-7_0033414_edge.png,0.1714,0.1761502,0.0039195157587528
1213,/tmp/DataSetCombined/Edges/Round-5_0106620_edge.png,0.2583,0.25347024,0.0039195157587528
1214,/tmp/DataSetCombined/Edges/Round-3_0028507_edge.png,0.2054,0.20354174,0.0039195157587528
1215,/tmp/DataSetCombined/Edges/Round-4_0005030_edge.png,0.1771,0.18190947,0.0039195157587528
1216,/tmp/DataSetCombined/Edges/Round-9_0144933_edge.png,0.4098,0.3979563,0.0038463994860649
1217,/tmp/DataSetCombined/Edges/Round-9_0006475_edge.png,0.228,0.23156214,0.0038463994860649
1218,/tmp/DataSetCombined/Edges/Round-1_0002967_edge.png,0.2328,0.23733376,0.0038463994860649
1219,/tmp/DataSetCombined/Edges/Round-9_0118115_edge.png,0.19,0.19096187,0.0038463994860649
1220,/tmp/DataSetCombined/Edges/Round-4_0045062_edge.png,0.2389,0.2411405,0.0038463994860649
1221,/tmp/DataSetCombined/Edges/Round-1_0127536_edge.png,0.2245,0.22555944,0.0038463994860649
1222,/tmp/DataSetCombined/Edges/Round-5_0044705_edge.png,0.2734,0.26828116,0.0038463994860649
1223,/tmp/DataSetCombined/Edges/Round-10_0033865_edge.png,0.2371,0.23988003,0.0038463994860649
1224,/tmp/DataSetCombined/Edges/Round-1_0067367_edge.png,0.2187,0.21851388,0.0038463994860649
1225,/tmp/DataSetCombined/Edges/Round-10_0028206_edge.png,0.1888,0.19017127,0.0038463994860649
1226,/tmp/DataSetCombined/Edges/Round-7_0076788_edge.png,0.2251,0.22661838,0.0038463994860649
1227,/tmp/DataSetCombined/Edges/Round-10_0152187_edge.png,0.2245,0.2277791,0.0038463994860649
1228,/tmp/DataSetCombined/Edges/Round-5_0101563_edge.png,0.1803,0.18394208,0.0038463994860649
1229,/tmp/DataSetCombined/Edges/Round-3_0051713_edge.png,0.2277,0.23242094,0.0038463994860649
1230,/tmp/DataSetCombined/Edges/Round-9_0041360_edge.png,0.2462,0.24665204,0.0038463994860649
1231,/tmp/DataSetCombined/Edges/Round-1_0150382_edge.png,0.2117,0.21050724,0.0038463994860649
1232,/tmp/DataSetCombined/Edges/Round-7_0005873_edge.png,0.1817,0.18423074,0.0038463994860649
1233,/tmp/DataSetCombined/Edges/Round-3_0088133_edge.png,0.1904,0.19117332,0.0038463994860649
1234,/tmp/DataSetCombined/Edges/Round-10_0175242_edge.png,0.2296,0.2346855,0.0038463994860649
1235,/tmp/DataSetCombined/Edges/Round-9_0002923_edge.png,0.279,0.27357018,0.0038463994860649
1236,/tmp/DataSetCombined/Edges/Round-8_0080692_edge.png,0.2255,0.2296579,0.0038463994860649
1237,/tmp/DataSetCombined/Edges/Round-1_0001300_edge.png,0.1726,0.17840892,0.0038463994860649
1238,/tmp/DataSetCombined/Edges/Round-10_0046777_edge.png,0.1745,0.18009935,0.0038463994860649
1239,/tmp/DataSetCombined/Edges/Round-1_0094848_edge.png,0.2285,0.23209505,0.0038463994860649
1240,/tmp/DataSetCombined/Edges/Round-9_0175424_edge.png,0.2335,0.23396902,0.0038463994860649
1241,/tmp/DataSetCombined/Edges/Round-8_0013310_edge.png,0.1888,0.19003968,0.0038463994860649
1242,/tmp/DataSetCombined/Edges/Round-8_0052500_edge.png,0.1413,0.15414673,0.0038463994860649
1243,/tmp/DataSetCombined/Edges/Round-7_0002080_edge.png,0.2286,0.23284772,0.0038463994860649
1244,/tmp/DataSetCombined/Edges/Round-6_0017219_edge.png,0.2288,0.23246646,0.0038463994860649
1245,/tmp/DataSetCombined/Edges/Round-7_0046778_edge.png,0.1589,0.1671896,0.0038463994860649
1246,/tmp/DataSetCombined/Edges/Round-9_0064357_edge.png,0.161,0.16799155,0.0038463994860649
1247,/tmp/DataSetCombined/Edges/Round-10_0111853_edge.png,0.1681,0.17320603,0.0038463994860649
1248,/tmp/DataSetCombined/Edges/Round-3_0069893_edge.png,0.1837,0.18543448,0.0038463994860649
1249,/tmp/DataSetCombined/Edges/Round-6_0099602_edge.png,0.375,0.36996135,0.0038463994860649
1250,/tmp/DataSetCombined/Edges/Round-7_0038200_edge.png,0.2277,0.23104244,0.0038463994860649
1251,/tmp/DataSetCombined/Edges/Round-7_0017281_edge.png,0.2296,0.23301916,0.0038463994860649
1252,/tmp/DataSetCombined/Edges/Round-10_0102793_edge.png,0.3144,0.31286174,0.0038463994860649
1253,/tmp/DataSetCombined/Edges/Round-6_0033653_edge.png,0.3014,0.3008886,0.0038463994860649
1254,/tmp/DataSetCombined/Edges/Round-10_0013036_edge.png,0.2444,0.24579081,0.0038463994860649
1255,/tmp/DataSetCombined/Edges/Round-9_0011441_edge.png,0.2274,0.23235598,0.0038463994860649
1256,/tmp/DataSetCombined/Edges/Round-10_0192971_edge.png,0.1894,0.19097906,0.0038463994860649
1257,/tmp/DataSetCombined/Edges/Round-1_0066000_edge.png,0.204,0.20268366,0.0038463994860649
1258,/tmp/DataSetCombined/Edges/Round-9_0035220_edge.png,0.1989,0.1976397,0.0038463994860649
1259,/tmp/DataSetCombined/Edges/Round-8_0054806_edge.png,0.4097,0.39802116,0.0038463994860649
1260,/tmp/DataSetCombined/Edges/Round-9_0028305_edge.png,0.2266,0.23005085,0.0038463994860649
1261,/tmp/DataSetCombined/Edges/Round-2_0106628_edge.png,0.2513,0.24941042,0.0038463994860649
1262,/tmp/DataSetCombined/Edges/Round-4_0017220_edge.png,0.2227,0.22697598,0.0038463994860649
1263,/tmp/DataSetCombined/Edges/Round-1_0030234_edge.png,0.243,0.24327144,0.0038463994860649
1264,/tmp/DataSetCombined/Edges/Round-7_0097797_edge.png,0.2263,0.2300232,0.0038463994860649
1265,/tmp/DataSetCombined/Edges/Round-3_0045167_edge.png,0.2414,0.24113722,0.0038463994860649
1266,/tmp/DataSetCombined/Edges/Round-1_0110319_edge.png,0.2969,0.29825163,0.0038463994860649
1267,/tmp/DataSetCombined/Edges/Round-8_0049129_edge.png,0.2295,0.23326492,0.0038463994860649
1268,/tmp/DataSetCombined/Edges/Round-6_0086508_edge.png,0.1776,0.18204409,0.0038463994860649
1269,/tmp/DataSetCombined/Edges/Round-9_0133917_edge.png,0.2255,0.23113428,0.0038463994860649
1270,/tmp/DataSetCombined/Edges/Round-8_0015075_edge.png,0.2064,0.20368287,0.0038463994860649
1271,/tmp/DataSetCombined/Edges/Round-5_0010302_edge.png,0.2523,0.2506816,0.0038463994860649
1272,/tmp/DataSetCombined/Edges/Round-6_0038108_edge.png,0.2251,0.22593942,0.0038463994860649
1273,/tmp/DataSetCombined/Edges/Round-5_0011956_edge.png,0.2729,0.2685555,0.0038463994860649
1274,/tmp/DataSetCombined/Edges/Round-2_0104582_edge.png,0.3027,0.30181247,0.0038463994860649
1275,/tmp/DataSetCombined/Edges/Round-1_0120072_edge.png,0.2249,0.22875822,0.0038463994860649
1276,/tmp/DataSetCombined/Edges/Round-8_0063173_edge.png,0.4096,0.39804506,0.0038463994860649
1277,/tmp/DataSetCombined/Edges/Round-9_0101951_edge.png,0.279,0.27283603,0.0038463994860649
1278,/tmp/DataSetCombined/Edges/Round-4_0046387_edge.png,0.2915,0.29255068,0.0038463994860649
1279,/tmp/DataSetCombined/Edges/Round-8_0006014_edge.png,0.216,0.2216994,0.0038463994860649
1280,/tmp/DataSetCombined/Edges/Round-6_0060270_edge.png,0.2961,0.2970752,0.0037912875413894
1281,/tmp/DataSetCombined/Edges/Round-6_0036784_edge.png,0.2042,0.20321004,0.0037912875413894
1282,/tmp/DataSetCombined/Edges/Round-10_0012134_edge.png,0.297,0.29792202,0.0037912875413894
1283,/tmp/DataSetCombined/Edges/Round-1_0049134_edge.png,0.2721,0.26781762,0.0037912875413894
1284,/tmp/DataSetCombined/Edges/Round-10_0130966_edge.png,0.3867,0.38014525,0.0037912875413894
1285,/tmp/DataSetCombined/Edges/Round-1_0075012_edge.png,0.1727,0.17814255,0.0037912875413894
1286,/tmp/DataSetCombined/Edges/Round-8_0057154_edge.png,0.2585,0.25422758,0.0037912875413894
1287,/tmp/DataSetCombined/Edges/Round-2_0046600_edge.png,0.2272,0.23085172,0.0037912875413894
1288,/tmp/DataSetCombined/Edges/Round-5_0064721_edge.png,0.2768,0.2697695,0.0037912875413894
1289,/tmp/DataSetCombined/Edges/Round-1_0134429_edge.png,0.1724,0.1783428,0.0037912875413894
1290,/tmp/DataSetCombined/Edges/Round-10_0088947_edge.png,0.2151,0.21358043,0.0037912875413894
1291,/tmp/DataSetCombined/Edges/Round-5_0054968_edge.png,0.1714,0.17709562,0.0037912875413894
1292,/tmp/DataSetCombined/Edges/Round-4_0011863_edge.png,0.2241,0.22927737,0.0037912875413894
1293,/tmp/DataSetCombined/Edges/Round-1_0049969_edge.png,0.2189,0.22454867,0.0037912875413894
1294,/tmp/DataSetCombined/Edges/Round-1_0006734_edge.png,0.2297,0.23282698,0.0037912875413894
1295,/tmp/DataSetCombined/Edges/Round-9_0174100_edge.png,0.2811,0.27672148,0.0037912875413894
1296,/tmp/DataSetCombined/Edges/Round-2_0057967_edge.png,0.2966,0.29815674,0.0037912875413894
1297,/tmp/DataSetCombined/Edges/Round-10_0085004_edge.png,0.2202,0.2246473,0.0037912875413894
1298,/tmp/DataSetCombined/Edges/Round-3_0053001_edge.png,0.1719,0.17773262,0.0037912875413894
1299,/tmp/DataSetCombined/Edges/Round-2_0096756_edge.png,0.2962,0.2967235,0.0037912875413894
1300,/tmp/DataSetCombined/Edges/Round-7_0011020_edge.png,0.1693,0.17439853,0.0037912875413894
1301,/tmp/DataSetCombined/Edges/Round-5_0063517_edge.png,0.2232,0.22760867,0.0037912875413894
1302,/tmp/DataSetCombined/Edges/Round-6_0086478_edge.png,0.2268,0.23102815,0.0037912875413894
1303,/tmp/DataSetCombined/Edges/Round-1_0078511_edge.png,0.2873,0.28604734,0.0037912875413894
1304,/tmp/DataSetCombined/Edges/Round-7_0084283_edge.png,0.2296,0.23290138,0.0037912875413894
1305,/tmp/DataSetCombined/Edges/Round-1_0161488_edge.png,0.1726,0.17791468,0.0037912875413894
1306,/tmp/DataSetCombined/Edges/Round-8_0071884_edge.png,0.2822,0.27834964,0.0037912875413894
1307,/tmp/DataSetCombined/Edges/Round-10_0149447_edge.png,0.2901,0.28455383,0.0037912875413894
1308,/tmp/DataSetCombined/Edges/Round-8_0068362_edge.png,0.1885,0.18986641,0.0037912875413894
1309,/tmp/DataSetCombined/Edges/Round-9_0091627_edge.png,0.2373,0.23947792,0.0037912875413894
1310,/tmp/DataSetCombined/Edges/Round-2_0101181_edge.png,0.1907,0.19171445,0.0037912875413894
1311,/tmp/DataSetCombined/Edges/Round-5_0090456_edge.png,0.245,0.24377826,0.0037912875413894
1312,/tmp/DataSetCombined/Edges/Round-6_0005213_edge.png,0.2526,0.2505672,0.0037912875413894
1313,/tmp/DataSetCombined/Edges/Round-6_0033142_edge.png,0.2874,0.28645003,0.0037912875413894
1314,/tmp/DataSetCombined/Edges/Round-8_0031069_edge.png,0.1763,0.18093114,0.0037912875413894
1315,/tmp/DataSetCombined/Edges/Round-2_0057834_edge.png,0.1866,0.18754545,0.0037912875413894
1316,/tmp/DataSetCombined/Edges/Round-5_0010241_edge.png,0.1732,0.17828365,0.0037912875413894
1317,/tmp/DataSetCombined/Edges/Round-4_0012494_edge.png,0.2184,0.2169799,0.0037912875413894
1318,/tmp/DataSetCombined/Edges/Round-4_0028538_edge.png,0.1972,0.19699812,0.0037912875413894
1319,/tmp/DataSetCombined/Edges/Round-9_0017010_edge.png,0.2428,0.24293879,0.0037912875413894
1320,/tmp/DataSetCombined/Edges/Round-4_0089700_edge.png,0.2018,0.19978489,0.0037912875413894
1321,/tmp/DataSetCombined/Edges/Round-10_0107127_edge.png,0.2223,0.22698,0.0037912875413894
1322,/tmp/DataSetCombined/Edges/Round-5_0062614_edge.png,0.2286,0.23262885,0.0037912875413894
1323,/tmp/DataSetCombined/Edges/Round-9_0157003_edge.png,0.1857,0.18731669,0.0037912875413894
1324,/tmp/DataSetCombined/Edges/Round-10_0041059_edge.png,0.1749,0.1794531,0.0037912875413894
1325,/tmp/DataSetCombined/Edges/Round-7_0047982_edge.png,0.1725,0.17775476,0.0037912875413894
1326,/tmp/DataSetCombined/Edges/Round-8_0083310_edge.png,0.1711,0.17664914,0.0037912875413894
1327,/tmp/DataSetCombined/Edges/Round-7_0015926_edge.png,0.3028,0.30190337,0.0037912875413894
1328,/tmp/DataSetCombined/Edges/Round-3_0073024_edge.png,0.255,0.25277123,0.0037912875413894
1329,/tmp/DataSetCombined/Edges/Round-8_0002282_edge.png,0.188,0.18892519,0.0037912875413894
1330,/tmp/DataSetCombined/Edges/Round-8_0036656_edge.png,0.2227,0.22350013,0.0037912875413894
1331,/tmp/DataSetCombined/Edges/Round-8_0063065_edge.png,0.1654,0.17117518,0.0037912875413894
1332,/tmp/DataSetCombined/Edges/Round-10_0094395_edge.png,0.2952,0.29145956,0.0037912875413894
1333,/tmp/DataSetCombined/Edges/Round-7_0114774_edge.png,0.1769,0.17975678,0.0037912875413894
1334,/tmp/DataSetCombined/Edges/Round-10_0096291_edge.png,0.1636,0.16882889,0.0037912875413894
1335,/tmp/DataSetCombined/Edges/Round-5_0080975_edge.png,0.3636,0.3619594,0.0037912875413894
1336,/tmp/DataSetCombined/Edges/Round-6_0058968_edge.png,0.3864,0.37948495,0.0037912875413894
1337,/tmp/DataSetCombined/Edges/Round-10_0162571_edge.png,0.2996,0.29738355,0.0037912875413894
1338,/tmp/DataSetCombined/Edges/Round-9_0025137_edge.png,0.2276,0.23120415,0.0037912875413894
1339,/tmp/DataSetCombined/Edges/Round-1_0069200_edge.png,0.3677,0.36526018,0.0037912875413894
1340,/tmp/DataSetCombined/Edges/Round-5_0092563_edge.png,0.1728,0.1773636,0.0037912875413894
1341,/tmp/DataSetCombined/Edges/Round-8_0052681_edge.png,0.2328,0.22791013,0.0037912875413894
1342,/tmp/DataSetCombined/Edges/Round-1_0161097_edge.png,0.2255,0.2295372,0.0037912875413894
1343,/tmp/DataSetCombined/Edges/Round-5_0126425_edge.png,0.2874,0.28558397,0.0037912875413894
1344,/tmp/DataSetCombined/Edges/Round-3_0084431_edge.png,0.2215,0.22152491,0.0038403086364269
1345,/tmp/DataSetCombined/Edges/Round-4_0025798_edge.png,0.1649,0.17124292,0.0038403086364269
1346,/tmp/DataSetCombined/Edges/Round-7_0034950_edge.png,0.1699,0.17491788,0.0038403086364269
1347,/tmp/DataSetCombined/Edges/Round-5_0027698_edge.png,0.1765,0.18044725,0.0038403086364269
1348,/tmp/DataSetCombined/Edges/Round-9_0018003_edge.png,0.2292,0.23264587,0.0038403086364269
1349,/tmp/DataSetCombined/Edges/Round-7_0092380_edge.png,0.1905,0.19161664,0.0038403086364269
1350,/tmp/DataSetCombined/Edges/Round-10_0169373_edge.png,0.2278,0.23128307,0.0038403086364269
1351,/tmp/DataSetCombined/Edges/Round-9_0169133_edge.png,0.3325,0.33357072,0.0038403086364269
1352,/tmp/DataSetCombined/Edges/Round-7_0064146_edge.png,0.2462,0.24783841,0.0038403086364269
1353,/tmp/DataSetCombined/Edges/Round-9_0037116_edge.png,0.1892,0.18992127,0.0038403086364269
1354,/tmp/DataSetCombined/Edges/Round-4_0025378_edge.png,0.224,0.22582772,0.0038403086364269
1355,/tmp/DataSetCombined/Edges/Round-10_0136866_edge.png,0.2265,0.23002529,0.0038403086364269
1356,/tmp/DataSetCombined/Edges/Round-1_0138926_edge.png,0.297,0.29498208,0.0038403086364269
1357,/tmp/DataSetCombined/Edges/Round-5_0095121_edge.png,0.2652,0.2566257,0.0038403086364269
1358,/tmp/DataSetCombined/Edges/Round-8_0079728_edge.png,0.2248,0.226935,0.0038403086364269
1359,/tmp/DataSetCombined/Edges/Round-6_0057492_edge.png,0.198,0.19670379,0.0038403086364269
1360,/tmp/DataSetCombined/Edges/Round-7_0068330_edge.png,0.2226,0.22234435,0.0038403086364269
1361,/tmp/DataSetCombined/Edges/Round-1_0009934_edge.png,0.204,0.201361,0.0038403086364269
1362,/tmp/DataSetCombined/Edges/Round-7_0029110_edge.png,0.2201,0.22494529,0.0038403086364269
1363,/tmp/DataSetCombined/Edges/Round-10_0073747_edge.png,0.2267,0.23040378,0.0038403086364269
1364,/tmp/DataSetCombined/Edges/Round-9_0104690_edge.png,0.2256,0.22910118,0.0038403086364269
1365,/tmp/DataSetCombined/Edges/Round-9_0154656_edge.png,0.1655,0.17041945,0.0038403086364269
1366,/tmp/DataSetCombined/Edges/Round-10_0141441_edge.png,0.1963,0.19674668,0.0038403086364269
1367,/tmp/DataSetCombined/Edges/Round-10_0103215_edge.png,0.1909,0.1914306,0.0038403086364269
1368,/tmp/DataSetCombined/Edges/Round-9_0023120_edge.png,0.2461,0.24668667,0.0038403086364269
1369,/tmp/DataSetCombined/Edges/Round-8_0047744_edge.png,0.3114,0.3100732,0.0038403086364269
1370,/tmp/DataSetCombined/Edges/Round-5_0080824_edge.png,0.2283,0.23160161,0.0038403086364269
1371,/tmp/DataSetCombined/Edges/Round-9_0080761_edge.png,0.2372,0.23659083,0.0038403086364269
1372,/tmp/DataSetCombined/Edges/Round-6_0070736_edge.png,0.2345,0.23790109,0.0038403086364269
1373,/tmp/DataSetCombined/Edges/Round-7_0110048_edge.png,0.3106,0.30942094,0.0038403086364269
1374,/tmp/DataSetCombined/Edges/Round-10_0126752_edge.png,0.1736,0.17897616,0.0038403086364269
1375,/tmp/DataSetCombined/Edges/Round-7_0027846_edge.png,0.4094,0.39822304,0.0038403086364269
1376,/tmp/DataSetCombined/Edges/Round-10_0147310_edge.png,0.2255,0.22832969,0.0038403086364269
1377,/tmp/DataSetCombined/Edges/Round-5_0021377_edge.png,0.2112,0.21082392,0.0038403086364269
1378,/tmp/DataSetCombined/Edges/Round-9_0054454_edge.png,0.2825,0.27857682,0.0038403086364269
1379,/tmp/DataSetCombined/Edges/Round-4_0035972_edge.png,0.1726,0.17852142,0.0038403086364269
1380,/tmp/DataSetCombined/Edges/Round-3_0056318_edge.png,0.1843,0.18627921,0.0038403086364269
1381,/tmp/DataSetCombined/Edges/Round-1_0113630_edge.png,0.2347,0.23853178,0.0038403086364269
1382,/tmp/DataSetCombined/Edges/Round-10_0094064_edge.png,0.2203,0.22471537,0.0038403086364269
1383,/tmp/DataSetCombined/Edges/Round-6_0009363_edge.png,0.2282,0.2321224,0.0038403086364269
1384,/tmp/DataSetCombined/Edges/Round-3_0056077_edge.png,0.2358,0.2380139,0.0038403086364269
1385,/tmp/DataSetCombined/Edges/Round-7_0017190_edge.png,0.2794,0.27352023,0.0038403086364269
1386,/tmp/DataSetCombined/Edges/Round-1_0137078_edge.png,0.2255,0.22965418,0.0038403086364269
1387,/tmp/DataSetCombined/Edges/Round-7_0006897_edge.png,0.2401,0.24055302,0.0038403086364269
1388,/tmp/DataSetCombined/Edges/Round-1_0020900_edge.png,0.1791,0.18352805,0.0038403086364269
1389,/tmp/DataSetCombined/Edges/Round-8_0060452_edge.png,0.2249,0.2256404,0.0038403086364269
1390,/tmp/DataSetCombined/Edges/Round-9_0036304_edge.png,0.2256,0.22982784,0.0038403086364269
1391,/tmp/DataSetCombined/Edges/Round-5_0027367_edge.png,0.2247,0.22597627,0.0038403086364269
1392,/tmp/DataSetCombined/Edges/Round-4_0044852_edge.png,0.1658,0.17054924,0.0038403086364269
1393,/tmp/DataSetCombined/Edges/Round-8_0086320_edge.png,0.1764,0.18014722,0.0038403086364269
1394,/tmp/DataSetCombined/Edges/Round-9_0024385_edge.png,0.223,0.22732931,0.0038403086364269
1395,/tmp/DataSetCombined/Edges/Round-2_0089682_edge.png,0.1917,0.1914235,0.0038403086364269
1396,/tmp/DataSetCombined/Edges/Round-1_0133858_edge.png,0.2298,0.23343545,0.0038403086364269
1397,/tmp/DataSetCombined/Edges/Round-7_0034407_edge.png,0.178,0.18143174,0.0038403086364269
1398,/tmp/DataSetCombined/Edges/Round-6_0080157_edge.png,0.2449,0.24401693,0.0038403086364269
1399,/tmp/DataSetCombined/Edges/Round-7_0081995_edge.png,0.2099,0.20982248,0.0038403086364269
1400,/tmp/DataSetCombined/Edges/Round-3_0085159_edge.png,0.1709,0.17760757,0.0038403086364269
1401,/tmp/DataSetCombined/Edges/Round-1_0011900_edge.png,0.1766,0.18056944,0.0038403086364269
1402,/tmp/DataSetCombined/Edges/Round-5_0026073_edge.png,0.1733,0.17808323,0.0038403086364269
1403,/tmp/DataSetCombined/Edges/Round-10_0193453_edge.png,0.2374,0.23845796,0.0038403086364269
1404,/tmp/DataSetCombined/Edges/Round-10_0137408_edge.png,0.1894,0.19034119,0.0038403086364269
1405,/tmp/DataSetCombined/Edges/Round-1_0033806_edge.png,0.1879,0.18828198,0.0038403086364269
1406,/tmp/DataSetCombined/Edges/Round-3_0033533_edge.png,0.2043,0.20276238,0.0038403086364269
1407,/tmp/DataSetCombined/Edges/Round-9_0103276_edge.png,0.1717,0.17820022,0.0038403086364269
1408,/tmp/DataSetCombined/Edges/Round-8_0004732_edge.png,0.3945,0.38717473,0.0040361583232879
1409,/tmp/DataSetCombined/Edges/Round-8_0035223_edge.png,0.3029,0.30252331,0.0040361583232879
1410,/tmp/DataSetCombined/Edges/Round-9_0032150_edge.png,0.2719,0.26871657,0.0040361583232879
1411,/tmp/DataSetCombined/Edges/Round-9_0143579_edge.png,0.2101,0.20673372,0.0040361583232879
1412,/tmp/DataSetCombined/Edges/Round-4_0053611_edge.png,0.2245,0.22611827,0.0040361583232879
1413,/tmp/DataSetCombined/Edges/Round-5_0113723_edge.png,0.281,0.2757957,0.0040361583232879
1414,/tmp/DataSetCombined/Edges/Round-8_0088096_edge.png,0.2091,0.20875505,0.0040361583232879
1415,/tmp/DataSetCombined/Edges/Round-6_0074408_edge.png,0.253,0.2509489,0.0040361583232879
1416,/tmp/DataSetCombined/Edges/Round-7_0006746_edge.png,0.2316,0.2363423,0.0040361583232879
1417,/tmp/DataSetCombined/Edges/Round-10_0171209_edge.png,0.2267,0.23038246,0.0040361583232879
1418,/tmp/DataSetCombined/Edges/Round-8_0067628_edge.png,0.1656,0.17090261,0.0040361583232879
1419,/tmp/DataSetCombined/Edges/Round-1_0169374_edge.png,0.1839,0.18566635,0.0040361583232879
1420,/tmp/DataSetCombined/Edges/Round-5_0057707_edge.png,0.1721,0.17975092,0.0040361583232879
1421,/tmp/DataSetCombined/Edges/Round-8_0007791_edge.png,0.2299,0.23329759,0.0040361583232879
1422,/tmp/DataSetCombined/Edges/Round-3_0002267_edge.png,0.2248,0.22631092,0.0040361583232879
1423,/tmp/DataSetCombined/Edges/Round-9_0016558_edge.png,0.1784,0.18322112,0.0040361583232879
1424,/tmp/DataSetCombined/Edges/Round-10_0148032_edge.png,0.1891,0.19037469,0.0040361583232879
1425,/tmp/DataSetCombined/Edges/Round-2_0077501_edge.png,0.1974,0.1969154,0.0040361583232879
1426,/tmp/DataSetCombined/Edges/Round-5_0006478_edge.png,0.1853,0.18667158,0.0040361583232879
1427,/tmp/DataSetCombined/Edges/Round-10_0148906_edge.png,0.2282,0.23209575,0.0040361583232879
1428,/tmp/DataSetCombined/Edges/Round-7_0032601_edge.png,0.1869,0.18813607,0.0040361583232879
1429,/tmp/DataSetCombined/Edges/Round-5_0070350_edge.png,0.2546,0.2523637,0.0040361583232879
1430,/tmp/DataSetCombined/Edges/Round-10_0125969_edge.png,0.2139,0.21196294,0.0040361583232879
1431,/tmp/DataSetCombined/Edges/Round-1_0102434_edge.png,0.1708,0.17590368,0.0040361583232879
1432,/tmp/DataSetCombined/Edges/Round-4_0033594_edge.png,0.1732,0.17864512,0.0040361583232879
1433,/tmp/DataSetCombined/Edges/Round-9_0135934_edge.png,0.2243,0.2283149,0.0040361583232879
1434,/tmp/DataSetCombined/Edges/Round-10_0074078_edge.png,0.2969,0.29904267,0.0040361583232879
1435,/tmp/DataSetCombined/Edges/Round-1_0023534_edge.png,0.2261,0.2299358,0.0040361583232879
1436,/tmp/DataSetCombined/Edges/Round-6_0019567_edge.png,0.2263,0.23020215,0.0040361583232879
1437,/tmp/DataSetCombined/Edges/Round-5_0027277_edge.png,0.1563,0.16466576,0.0040361583232879
1438,/tmp/DataSetCombined/Edges/Round-6_0008310_edge.png,0.1568,0.16494611,0.0040361583232879
1439,/tmp/DataSetCombined/Edges/Round-10_0190172_edge.png,0.3054,0.30238894,0.0040361583232879
1440,/tmp/DataSetCombined/Edges/Round-3_0062248_edge.png,0.4089,0.39792317,0.0040361583232879
1441,/tmp/DataSetCombined/Edges/Round-9_0122930_edge.png,0.1774,0.1806731,0.0040361583232879
1442,/tmp/DataSetCombined/Edges/Round-6_0096587_edge.png,0.2292,0.23261814,0.0040361583232879
1443,/tmp/DataSetCombined/Edges/Round-10_0146618_edge.png,0.235,0.2385987,0.0040361583232879
1444,/tmp/DataSetCombined/Edges/Round-3_0070646_edge.png,0.2824,0.27928925,0.0040361583232879
1445,/tmp/DataSetCombined/Edges/Round-1_0079738_edge.png,0.2543,0.2507686,0.0040361583232879
1446,/tmp/DataSetCombined/Edges/Round-3_0032301_edge.png,0.1762,0.18054248,0.0040361583232879
1447,/tmp/DataSetCombined/Edges/Round-9_0140961_edge.png,0.1919,0.19123995,0.0040361583232879
1448,/tmp/DataSetCombined/Edges/Round-1_0049200_edge.png,0.2247,0.22804677,0.0040361583232879
1449,/tmp/DataSetCombined/Edges/Round-8_0020625_edge.png,0.2308,0.23399404,0.0040361583232879
1450,/tmp/DataSetCombined/Edges/Round-1_0167388_edge.png,0.186,0.1879506,0.0040361583232879
1451,/tmp/DataSetCombined/Edges/Round-10_0163775_edge.png,0.2134,0.21154092,0.0040361583232879
1452,/tmp/DataSetCombined/Edges/Round-2_0086371_edge.png,0.2747,0.26829132,0.0040361583232879
1453,/tmp/DataSetCombined/Edges/Round-9_0073397_edge.png,0.2488,0.24960104,0.0040361583232879
1454,/tmp/DataSetCombined/Edges/Round-2_0072826_edge.png,0.3544,0.3573081,0.0040361583232879
1455,/tmp/DataSetCombined/Edges/Round-2_0096635_edge.png,0.2248,0.2269388,0.0040361583232879
1456,/tmp/DataSetCombined/Edges/Round-9_0012856_edge.png,0.1794,0.18233064,0.0040361583232879
1457,/tmp/DataSetCombined/Edges/Round-5_0024026_edge.png,0.1667,0.17377862,0.0040361583232879
1458,/tmp/DataSetCombined/Edges/Round-9_0197036_edge.png,0.2451,0.24392469,0.0040361583232879
1459,/tmp/DataSetCombined/Edges/Round-10_0137889_edge.png,0.2288,0.23223925,0.0040361583232879
1460,/tmp/DataSetCombined/Edges/Round-9_0169164_edge.png,0.2298,0.2320732,0.0040361583232879
1461,/tmp/DataSetCombined/Edges/Round-6_0008070_edge.png,0.2268,0.23099716,0.0040361583232879
1462,/tmp/DataSetCombined/Edges/Round-1_0146559_edge.png,0.2573,0.25348455,0.0040361583232879
1463,/tmp/DataSetCombined/Edges/Round-6_0095087_edge.png,0.2373,0.23976165,0.0040361583232879
1464,/tmp/DataSetCombined/Edges/Round-1_0025100_edge.png,0.2818,0.27802762,0.0040361583232879
1465,/tmp/DataSetCombined/Edges/Round-1_0080009_edge.png,0.1719,0.1783172,0.0040361583232879
1466,/tmp/DataSetCombined/Edges/Round-9_0189812_edge.png,0.1922,0.1920458,0.0040361583232879
1467,/tmp/DataSetCombined/Edges/Round-1_0103577_edge.png,0.2374,0.24150416,0.0040361583232879
1468,/tmp/DataSetCombined/Edges/Round-3_0034600_edge.png,0.1894,0.19108576,0.0040361583232879
1469,/tmp/DataSetCombined/Edges/Round-9_0125700_edge.png,0.3888,0.381621,0.0040361583232879
1470,/tmp/DataSetCombined/Edges/Round-9_0105924_edge.png,0.1591,0.16738598,0.0040361583232879
1471,/tmp/DataSetCombined/Edges/Round-10_0128107_edge.png,0.1704,0.1759191,0.0040361583232879
1472,/tmp/DataSetCombined/Edges/Round-7_0129763_edge.png,0.1839,0.18531786,0.0038786381483078
1473,/tmp/DataSetCombined/Edges/Round-6_0028231_edge.png,0.1732,0.1787124,0.0038786381483078
1474,/tmp/DataSetCombined/Edges/Round-3_0017670_edge.png,0.1683,0.17371728,0.0038786381483078
1475,/tmp/DataSetCombined/Edges/Round-1_0020434_edge.png,0.2829,0.278721,0.0038786381483078
1476,/tmp/DataSetCombined/Edges/Round-8_0015466_edge.png,0.1825,0.18462646,0.0038786381483078
1477,/tmp/DataSetCombined/Edges/Round-6_0110980_edge.png,0.2969,0.29784063,0.0038786381483078
1478,/tmp/DataSetCombined/Edges/Round-9_0172053_edge.png,0.2707,0.2656006,0.0038786381483078
1479,/tmp/DataSetCombined/Edges/Round-6_0112153_edge.png,0.2661,0.25800574,0.0038786381483078
1480,/tmp/DataSetCombined/Edges/Round-1_0044334_edge.png,0.1716,0.17647095,0.0038786381483078
1481,/tmp/DataSetCombined/Edges/Round-6_0110438_edge.png,0.1588,0.16468422,0.0038786381483078
1482,/tmp/DataSetCombined/Edges/Round-9_0065440_edge.png,0.2299,0.23252915,0.0038786381483078
1483,/tmp/DataSetCombined/Edges/Round-1_0171407_edge.png,0.1733,0.17809358,0.0038786381483078
1484,/tmp/DataSetCombined/Edges/Round-9_0004458_edge.png,0.3418,0.34556442,0.0038786381483078
1485,/tmp/DataSetCombined/Edges/Round-3_0072271_edge.png,0.1925,0.19100232,0.0038786381483078
1486,/tmp/DataSetCombined/Edges/Round-10_0042977_edge.png,0.2371,0.23968099,0.0038786381483078
1487,/tmp/DataSetCombined/Edges/Round-6_0058065_edge.png,0.1995,0.19814296,0.0038786381483078
1488,/tmp/DataSetCombined/Edges/Round-8_0006053_edge.png,0.2265,0.23035496,0.0038786381483078
1489,/tmp/DataSetCombined/Edges/Round-9_0032903_edge.png,0.2181,0.21976514,0.0038786381483078
1490,/tmp/DataSetCombined/Edges/Round-1_0006667_edge.png,0.1722,0.17802389,0.0038786381483078
1491,/tmp/DataSetCombined/Edges/Round-9_0037816_edge.png,0.2968,0.2986092,0.0038786381483078
1492,/tmp/DataSetCombined/Edges/Round-10_0136776_edge.png,0.1839,0.18587796,0.0038786381483078
1493,/tmp/DataSetCombined/Edges/Round-5_0096089_edge.png,0.1887,0.19001825,0.0038786381483078
1494,/tmp/DataSetCombined/Edges/Round-10_0008009_edge.png,0.1714,0.17658198,0.0038786381483078
1495,/tmp/DataSetCombined/Edges/Round-1_0122720_edge.png,0.2268,0.23029847,0.0038786381483078
1496,/tmp/DataSetCombined/Edges/Round-9_0077209_edge.png,0.2574,0.2540428,0.0038786381483078
1497,/tmp/DataSetCombined/Edges/Round-5_0093617_edge.png,0.1811,0.18351372,0.0038786381483078
1498,/tmp/DataSetCombined/Edges/Round-3_0015082_edge.png,0.1888,0.19003868,0.0038786381483078
1499,/tmp/DataSetCombined/Edges/Round-9_0037026_edge.png,0.1707,0.17622748,0.0038786381483078
1500,/tmp/DataSetCombined/Edges/Round-10_0111522_edge.png,0.2216,0.223712,0.0038786381483078
1501,/tmp/DataSetCombined/Edges/Round-7_0019147_edge.png,0.1762,0.17956649,0.0038786381483078
1502,/tmp/DataSetCombined/Edges/Round-10_0126451_edge.png,0.2445,0.24683481,0.0038786381483078
1503,/tmp/DataSetCombined/Edges/Round-10_0155166_edge.png,0.2949,0.2956012,0.0038786381483078
1504,/tmp/DataSetCombined/Edges/Round-10_0151283_edge.png,0.2285,0.23225285,0.0038786381483078
1505,/tmp/DataSetCombined/Edges/Round-7_0036334_edge.png,0.255,0.25286296,0.0038786381483078
1506,/tmp/DataSetCombined/Edges/Round-1_0054434_edge.png,0.2966,0.29821083,0.0038786381483078
1507,/tmp/DataSetCombined/Edges/Round-5_0009247_edge.png,0.227,0.23069401,0.0038786381483078
1508,/tmp/DataSetCombined/Edges/Round-8_0088789_edge.png,0.2739,0.2682575,0.0038786381483078
1509,/tmp/DataSetCombined/Edges/Round-6_0028537_edge.png,0.3021,0.3007512,0.0038786381483078
1510,/tmp/DataSetCombined/Edges/Round-5_0024177_edge.png,0.1761,0.17966504,0.0038786381483078
1511,/tmp/DataSetCombined/Edges/Round-8_0061096_edge.png,0.1662,0.17104158,0.0038786381483078
1512,/tmp/DataSetCombined/Edges/Round-10_0047982_edge.png,0.1781,0.18285087,0.0038786381483078
1513,/tmp/DataSetCombined/Edges/Round-6_0126962_edge.png,0.2247,0.22639382,0.0038786381483078
1514,/tmp/DataSetCombined/Edges/Round-1_0001834_edge.png,0.3828,0.37646285,0.0038786381483078
1515,/tmp/DataSetCombined/Edges/Round-8_0087433_edge.png,0.3655,0.3629829,0.0038786381483078
1516,/tmp/DataSetCombined/Edges/Round-1_0009634_edge.png,0.19,0.19029866,0.0038786381483078
1517,/tmp/DataSetCombined/Edges/Round-10_0161246_edge.png,0.2772,0.27167583,0.0038786381483078
1518,/tmp/DataSetCombined/Edges/Round-4_0083831_edge.png,0.2902,0.29090273,0.0038786381483078
1519,/tmp/DataSetCombined/Edges/Round-4_0002953_edge.png,0.1744,0.17914945,0.0038786381483078
1520,/tmp/DataSetCombined/Edges/Round-10_0141087_edge.png,0.2247,0.22664261,0.0038786381483078
1521,/tmp/DataSetCombined/Edges/Round-8_0035735_edge.png,0.2054,0.20278981,0.0038786381483078
1522,/tmp/DataSetCombined/Edges/Round-8_0048334_edge.png,0.2107,0.20871468,0.0038786381483078
1523,/tmp/DataSetCombined/Edges/Round-8_0019408_edge.png,0.1639,0.1696185,0.0038786381483078
1524,/tmp/DataSetCombined/Edges/Round-10_0045754_edge.png,0.2088,0.21234228,0.0038786381483078
1525,/tmp/DataSetCombined/Edges/Round-3_0067154_edge.png,0.2287,0.23181403,0.0038786381483078
1526,/tmp/DataSetCombined/Edges/Round-3_0053701_edge.png,0.2284,0.23225953,0.0038786381483078
1527,/tmp/DataSetCombined/Edges/Round-9_0039073_edge.png,0.2371,0.23938778,0.0038786381483078
1528,/tmp/DataSetCombined/Edges/Round-2_0063967_edge.png,0.2447,0.24380782,0.0038786381483078
1529,/tmp/DataSetCombined/Edges/Round-7_0050662_edge.png,0.2702,0.26329923,0.0038786381483078
1530,/tmp/DataSetCombined/Edges/Round-6_0123046_edge.png,0.2303,0.23218472,0.0038786381483078
1531,/tmp/DataSetCombined/Edges/Round-5_0087085_edge.png,0.1713,0.17676865,0.0038786381483078
1532,/tmp/DataSetCombined/Edges/Round-2_0066776_edge.png,0.2057,0.202991,0.0038786381483078
1533,/tmp/DataSetCombined/Edges/Round-10_0091475_edge.png,0.1802,0.18391438,0.0038786381483078
1534,/tmp/DataSetCombined/Edges/Round-9_0163324_edge.png,0.2273,0.23096444,0.0038786381483078
1535,/tmp/DataSetCombined/Edges/Round-6_0057432_edge.png,0.1796,0.18270805,0.0038786381483078
1536,/tmp/DataSetCombined/Edges/Round-6_0043586_edge.png,0.1887,0.18999442,0.0034923069179058
1537,/tmp/DataSetCombined/Edges/Round-10_0052256_edge.png,0.228,0.23147081,0.0034923069179058
1538,/tmp/DataSetCombined/Edges/Round-1_0117212_edge.png,0.2206,0.2203892,0.0034923069179058
1539,/tmp/DataSetCombined/Edges/Round-9_0139907_edge.png,0.174,0.18013705,0.0034923069179058
1540,/tmp/DataSetCombined/Edges/Round-9_0180602_edge.png,0.1871,0.18741523,0.0034923069179058
1541,/tmp/DataSetCombined/Edges/Round-1_0113871_edge.png,0.2854,0.28286535,0.0034923069179058
1542,/tmp/DataSetCombined/Edges/Round-1_0119262_edge.png,0.1744,0.17892602,0.0034923069179058
1543,/tmp/DataSetCombined/Edges/Round-8_0038985_edge.png,0.2441,0.24511501,0.0034923069179058
1544,/tmp/DataSetCombined/Edges/Round-8_0010240_edge.png,0.1775,0.18188998,0.0034923069179058
1545,/tmp/DataSetCombined/Edges/Round-10_0091114_edge.png,0.2448,0.24398217,0.0034923069179058
1546,/tmp/DataSetCombined/Edges/Round-7_0016107_edge.png,0.2441,0.24333635,0.0034923069179058
1547,/tmp/DataSetCombined/Edges/Round-8_0029113_edge.png,0.3021,0.29993507,0.0034923069179058
1548,/tmp/DataSetCombined/Edges/Round-10_0083951_edge.png,0.2418,0.24293357,0.0034923069179058
1549,/tmp/DataSetCombined/Edges/Round-9_0083651_edge.png,0.2298,0.23341602,0.0034923069179058
1550,/tmp/DataSetCombined/Edges/Round-8_0009578_edge.png,0.2755,0.27252787,0.0034923069179058
1551,/tmp/DataSetCombined/Edges/Round-9_0170789_edge.png,0.1773,0.181768,0.0034923069179058
1552,/tmp/DataSetCombined/Edges/Round-8_0047353_edge.png,0.3965,0.3890934,0.0034923069179058
1553,/tmp/DataSetCombined/Edges/Round-10_0046567_edge.png,0.2251,0.22677456,0.0034923069179058
1554,/tmp/DataSetCombined/Edges/Round-10_0053700_edge.png,0.2268,0.230567,0.0034923069179058
1555,/tmp/DataSetCombined/Edges/Round-8_0016350_edge.png,0.2317,0.23589328,0.0034923069179058
1556,/tmp/DataSetCombined/Edges/Round-2_0067318_edge.png,0.2331,0.22794749,0.0034923069179058
1557,/tmp/DataSetCombined/Edges/Round-3_0070556_edge.png,0.296,0.2976156,0.0034923069179058
1558,/tmp/DataSetCombined/Edges/Round-1_0114744_edge.png,0.2784,0.27212477,0.0034923069179058
1559,/tmp/DataSetCombined/Edges/Round-8_0003919_edge.png,0.4022,0.39469635,0.0034923069179058
1560,/tmp/DataSetCombined/Edges/Round-7_0023150_edge.png,0.2961,0.29374704,0.0034923069179058
1561,/tmp/DataSetCombined/Edges/Round-4_0010448_edge.png,0.1713,0.17662361,0.0034923069179058
1562,/tmp/DataSetCombined/Edges/Round-8_0023051_edge.png,0.2304,0.23263025,0.0034923069179058
1563,/tmp/DataSetCombined/Edges/Round-3_0046295_edge.png,0.1659,0.17122808,0.0034923069179058
1564,/tmp/DataSetCombined/Edges/Round-8_0029763_edge.png,0.1869,0.1885146,0.0034923069179058
1565,/tmp/DataSetCombined/Edges/Round-1_0164830_edge.png,0.1728,0.17829484,0.0034923069179058
1566,/tmp/DataSetCombined/Edges/Round-4_0059781_edge.png,0.2582,0.25399274,0.0034923069179058
1567,/tmp/DataSetCombined/Edges/Round-3_0032601_edge.png,0.2666,0.26065302,0.0034923069179058
1568,/tmp/DataSetCombined/Edges/Round-8_0031912_edge.png,0.1709,0.17594223,0.0034923069179058
1569,/tmp/DataSetCombined/Edges/Round-1_0128499_edge.png,0.2205,0.2258597,0.0034923069179058
1570,/tmp/DataSetCombined/Edges/Round-8_0043135_edge.png,0.1859,0.18639047,0.0034923069179058
1571,/tmp/DataSetCombined/Edges/Round-8_0041773_edge.png,0.2302,0.2327744,0.0034923069179058
1572,/tmp/DataSetCombined/Edges/Round-1_0017400_edge.png,0.1825,0.18572702,0.0034923069179058
1573,/tmp/DataSetCombined/Edges/Round-7_0017612_edge.png,0.3841,0.3762756,0.0034923069179058
1574,/tmp/DataSetCombined/Edges/Round-7_0016318_edge.png,0.2341,0.23472255,0.0034923069179058
1575,/tmp/DataSetCombined/Edges/Round-4_0077841_edge.png,0.2668,0.26037812,0.0034923069179058
1576,/tmp/DataSetCombined/Edges/Round-9_0090603_edge.png,0.2303,0.23261422,0.0034923069179058
1577,/tmp/DataSetCombined/Edges/Round-2_0084467_edge.png,0.226,0.23000717,0.0034923069179058
1578,/tmp/DataSetCombined/Edges/Round-2_0057601_edge.png,0.221,0.22570798,0.0034923069179058
1579,/tmp/DataSetCombined/Edges/Round-8_0019589_edge.png,0.2638,0.25644186,0.0034923069179058
1580,/tmp/DataSetCombined/Edges/Round-2_0071075_edge.png,0.2267,0.23099118,0.0034923069179058
1581,/tmp/DataSetCombined/Edges/Round-9_0008763_edge.png,0.1755,0.17950723,0.0034923069179058
1582,/tmp/DataSetCombined/Edges/Round-4_0051504_edge.png,0.2539,0.2511435,0.0034923069179058
1583,/tmp/DataSetCombined/Edges/Round-10_0048252_edge.png,0.2315,0.23402098,0.0034923069179058
1584,/tmp/DataSetCombined/Edges/Round-3_0029048_edge.png,0.297,0.2976912,0.0034923069179058
1585,/tmp/DataSetCombined/Edges/Round-10_0152487_edge.png,0.2969,0.29888076,0.0034923069179058
1586,/tmp/DataSetCombined/Edges/Round-5_0090546_edge.png,0.1968,0.19609702,0.0034923069179058
1587,/tmp/DataSetCombined/Edges/Round-6_0082475_edge.png,0.2244,0.22791322,0.0034923069179058
1588,/tmp/DataSetCombined/Edges/Round-3_0081482_edge.png,0.255,0.25266558,0.0034923069179058
1589,/tmp/DataSetCombined/Edges/Round-10_0044911_edge.png,0.1922,0.19140142,0.0034923069179058
1590,/tmp/DataSetCombined/Edges/Round-6_0072001_edge.png,0.2238,0.22940055,0.0034923069179058
1591,/tmp/DataSetCombined/Edges/Round-6_0044670_edge.png,0.3026,0.30180004,0.0034923069179058
1592,/tmp/DataSetCombined/Edges/Round-5_0067189_edge.png,0.1651,0.17085482,0.0034923069179058
1593,/tmp/DataSetCombined/Edges/Round-4_0008582_edge.png,0.3188,0.3163063,0.0034923069179058
1594,/tmp/DataSetCombined/Edges/Round-6_0001334_edge.png,0.1873,0.18875778,0.0034923069179058
1595,/tmp/DataSetCombined/Edges/Round-9_0194477_edge.png,0.2039,0.20263849,0.0034923069179058
1596,/tmp/DataSetCombined/Edges/Round-2_0081314_edge.png,0.2012,0.19988382,0.0034923069179058
1597,/tmp/DataSetCombined/Edges/Round-5_0097379_edge.png,0.4054,0.39502466,0.0034923069179058
1598,/tmp/DataSetCombined/Edges/Round-4_0076577_edge.png,0.2245,0.22615655,0.0034923069179058
1599,/tmp/DataSetCombined/Edges/Round-4_0001087_edge.png,0.3161,0.3131063,0.0034923069179058
1600,/tmp/DataSetCombined/Edges/Round-6_0091385_edge.png,0.1714,0.17726731,0.0034114308655261
1601,/tmp/DataSetCombined/Edges/Round-6_0069953_edge.png,0.1883,0.18970758,0.0034114308655261
1602,/tmp/DataSetCombined/Edges/Round-9_0180662_edge.png,0.2131,0.21080083,0.0034114308655261
1603,/tmp/DataSetCombined/Edges/Round-4_0051384_edge.png,0.173,0.17837197,0.0034114308655261
1604,/tmp/DataSetCombined/Edges/Round-5_0015779_edge.png,0.1693,0.17463613,0.0034114308655261
1605,/tmp/DataSetCombined/Edges/Round-6_0088917_edge.png,0.2742,0.26903325,0.0034114308655261
1606,/tmp/DataSetCombined/Edges/Round-10_0015383_edge.png,0.282,0.27838677,0.0034114308655261
1607,/tmp/DataSetCombined/Edges/Round-8_0067207_edge.png,0.2656,0.2592666,0.0034114308655261
1608,/tmp/DataSetCombined/Edges/Round-9_0145806_edge.png,0.2407,0.24285221,0.0034114308655261
1609,/tmp/DataSetCombined/Edges/Round-6_0104628_edge.png,0.2807,0.2760033,0.0034114308655261
1610,/tmp/DataSetCombined/Edges/Round-9_0164769_edge.png,0.2609,0.254816,0.0034114308655261
1611,/tmp/DataSetCombined/Edges/Round-9_0033144_edge.png,0.222,0.22830886,0.0034114308655261
1612,/tmp/DataSetCombined/Edges/Round-10_0040035_edge.png,0.1712,0.17662987,0.0034114308655261
1613,/tmp/DataSetCombined/Edges/Round-2_0055867_edge.png,0.3658,0.362765,0.0034114308655261
1614,/tmp/DataSetCombined/Edges/Round-6_0009634_edge.png,0.2395,0.2410192,0.0034114308655261
1615,/tmp/DataSetCombined/Edges/Round-10_0101198_edge.png,0.1501,0.15893711,0.0034114308655261
1616,/tmp/DataSetCombined/Edges/Round-8_0001091_edge.png,0.1797,0.1821495,0.0034114308655261
1617,/tmp/DataSetCombined/Edges/Round-1_0087354_edge.png,0.1734,0.1797835,0.0034114308655261
1618,/tmp/DataSetCombined/Edges/Round-9_0151796_edge.png,0.1718,0.17874995,0.0034114308655261
1619,/tmp/DataSetCombined/Edges/Round-5_0117726_edge.png,0.2373,0.23968315,0.0034114308655261
1620,/tmp/DataSetCombined/Edges/Round-10_0085636_edge.png,0.2434,0.24305645,0.0034114308655261
1621,/tmp/DataSetCombined/Edges/Round-9_0138763_edge.png,0.2053,0.20281221,0.0034114308655261
1622,/tmp/DataSetCombined/Edges/Round-10_0061436_edge.png,0.155,0.1629225,0.0034114308655261
1623,/tmp/DataSetCombined/Edges/Round-2_0094950_edge.png,0.2147,0.21375524,0.0034114308655261
1624,/tmp/DataSetCombined/Edges/Round-9_0195651_edge.png,0.1736,0.17986824,0.0034114308655261
1625,/tmp/DataSetCombined/Edges/Round-4_0037327_edge.png,0.1753,0.17945419,0.0034114308655261
1626,/tmp/DataSetCombined/Edges/Round-6_0079134_edge.png,0.353,0.35609758,0.0034114308655261
1627,/tmp/DataSetCombined/Edges/Round-8_0013611_edge.png,0.1766,0.17869787,0.0034114308655261
1628,/tmp/DataSetCombined/Edges/Round-5_0073871_edge.png,0.1888,0.19012982,0.0034114308655261
1629,/tmp/DataSetCombined/Edges/Round-9_0179579_edge.png,0.2303,0.23270766,0.0034114308655261
1630,/tmp/DataSetCombined/Edges/Round-5_0110021_edge.png,0.1762,0.1804768,0.0034114308655261
1631,/tmp/DataSetCombined/Edges/Round-9_0016348_edge.png,0.4093,0.39864713,0.0034114308655261
1632,/tmp/DataSetCombined/Edges/Round-7_0132910_edge.png,0.2274,0.23077168,0.0034114308655261
1633,/tmp/DataSetCombined/Edges/Round-2_0109367_edge.png,0.1805,0.18367691,0.0034114308655261
1634,/tmp/DataSetCombined/Edges/Round-8_0037137_edge.png,0.2048,0.20256,0.0034114308655261
1635,/tmp/DataSetCombined/Edges/Round-3_0005934_edge.png,0.2754,0.2694712,0.0034114308655261
1636,/tmp/DataSetCombined/Edges/Round-6_0044339_edge.png,0.1884,0.1890586,0.0034114308655261
1637,/tmp/DataSetCombined/Edges/Round-10_0188457_edge.png,0.2112,0.20794037,0.0034114308655261
1638,/tmp/DataSetCombined/Edges/Round-9_0085848_edge.png,0.4096,0.39759123,0.0034114308655261
1639,/tmp/DataSetCombined/Edges/Round-1_0142557_edge.png,0.2246,0.22592148,0.0034114308655261
1640,/tmp/DataSetCombined/Edges/Round-1_0102765_edge.png,0.2208,0.22586681,0.0034114308655261
1641,/tmp/DataSetCombined/Edges/Round-8_0006556_edge.png,0.2274,0.23099528,0.0034114308655261
1642,/tmp/DataSetCombined/Edges/Round-3_0041780_edge.png,0.1896,0.19068739,0.0034114308655261
1643,/tmp/DataSetCombined/Edges/Round-9_0186351_edge.png,0.1903,0.18987782,0.0034114308655261
1644,/tmp/DataSetCombined/Edges/Round-8_0043771_edge.png,0.1773,0.1816824,0.0034114308655261
1645,/tmp/DataSetCombined/Edges/Round-2_0101060_edge.png,0.2448,0.24391234,0.0034114308655261
1646,/tmp/DataSetCombined/Edges/Round-6_0082355_edge.png,0.4095,0.3978313,0.0034114308655261
1647,/tmp/DataSetCombined/Edges/Round-8_0015658_edge.png,0.2617,0.255142,0.0034114308655261
1648,/tmp/DataSetCombined/Edges/Round-9_0178916_edge.png,0.1716,0.17784707,0.0034114308655261
1649,/tmp/DataSetCombined/Edges/Round-10_0088465_edge.png,0.4096,0.3977853,0.0034114308655261
1650,/tmp/DataSetCombined/Edges/Round-9_0186471_edge.png,0.19,0.19098364,0.0034114308655261
1651,/tmp/DataSetCombined/Edges/Round-9_0004308_edge.png,0.2151,0.2140617,0.0034114308655261
1652,/tmp/DataSetCombined/Edges/Round-2_0075499_edge.png,0.2224,0.22268791,0.0034114308655261
1653,/tmp/DataSetCombined/Edges/Round-5_0088499_edge.png,0.225,0.22630791,0.0034114308655261
1654,/tmp/DataSetCombined/Edges/Round-7_0034498_edge.png,0.1729,0.17831519,0.0034114308655261
1655,/tmp/DataSetCombined/Edges/Round-6_0079585_edge.png,0.1749,0.17935236,0.0034114308655261
1656,/tmp/DataSetCombined/Edges/Round-9_0017100_edge.png,0.23,0.23249361,0.0034114308655261
1657,/tmp/DataSetCombined/Edges/Round-10_0026058_edge.png,0.2821,0.2782346,0.0034114308655261
1658,/tmp/DataSetCombined/Edges/Round-9_0047020_edge.png,0.2697,0.26513916,0.0034114308655261
1659,/tmp/DataSetCombined/Edges/Round-9_0128860_edge.png,0.3029,0.30132887,0.0034114308655261
1660,/tmp/DataSetCombined/Edges/Round-8_0042916_edge.png,0.2022,0.20219417,0.0034114308655261
1661,/tmp/DataSetCombined/Edges/Round-10_0058486_edge.png,0.2251,0.22870973,0.0034114308655261
1662,/tmp/DataSetCombined/Edges/Round-10_0103666_edge.png,0.2009,0.20067489,0.0034114308655261
1663,/tmp/DataSetCombined/Edges/Round-6_0018303_edge.png,0.3456,0.3509316,0.0034114308655261
1664,/tmp/DataSetCombined/Edges/Round-10_0070737_edge.png,0.2375,0.24124789,0.003663033246994
1665,/tmp/DataSetCombined/Edges/Round-9_0116550_edge.png,0.2213,0.22760059,0.003663033246994
1666,/tmp/DataSetCombined/Edges/Round-10_0139575_edge.png,0.1863,0.18711564,0.003663033246994
1667,/tmp/DataSetCombined/Edges/Round-9_0177832_edge.png,0.2733,0.27064335,0.003663033246994
1668,/tmp/DataSetCombined/Edges/Round-8_0006576_edge.png,0.2048,0.20300631,0.003663033246994
1669,/tmp/DataSetCombined/Edges/Round-6_0021885_edge.png,0.1869,0.18840241,0.003663033246994
1670,/tmp/DataSetCombined/Edges/Round-1_0010200_edge.png,0.1728,0.17802355,0.003663033246994
1671,/tmp/DataSetCombined/Edges/Round-5_0118840_edge.png,0.2479,0.24597603,0.003663033246994
1672,/tmp/DataSetCombined/Edges/Round-5_0107221_edge.png,0.2048,0.2032166,0.003663033246994
1673,/tmp/DataSetCombined/Edges/Round-1_0108423_edge.png,0.1903,0.19076568,0.003663033246994
1674,/tmp/DataSetCombined/Edges/Round-5_0039226_edge.png,0.2262,0.2304084,0.003663033246994
1675,/tmp/DataSetCombined/Edges/Round-2_0062923_edge.png,0.2196,0.22473064,0.003663033246994
1676,/tmp/DataSetCombined/Edges/Round-10_0029590_edge.png,0.2821,0.2779295,0.003663033246994
1677,/tmp/DataSetCombined/Edges/Round-9_0108933_edge.png,0.3027,0.30177924,0.003663033246994
1678,/tmp/DataSetCombined/Edges/Round-9_0174582_edge.png,0.1849,0.18571697,0.003663033246994
1679,/tmp/DataSetCombined/Edges/Round-4_0046478_edge.png,0.2431,0.24357152,0.003663033246994
1680,/tmp/DataSetCombined/Edges/Round-6_0073054_edge.png,0.2372,0.2370221,0.003663033246994
1681,/tmp/DataSetCombined/Edges/Round-5_0057076_edge.png,0.1907,0.19197291,0.003663033246994
1682,/tmp/DataSetCombined/Edges/Round-9_0054033_edge.png,0.2279,0.23135886,0.003663033246994
1683,/tmp/DataSetCombined/Edges/Round-7_0129131_edge.png,0.2209,0.22064854,0.003663033246994
1684,/tmp/DataSetCombined/Edges/Round-2_0102384_edge.png,0.1897,0.19004312,0.003663033246994
1685,/tmp/DataSetCombined/Edges/Round-9_0051625_edge.png,0.1869,0.18812065,0.003663033246994
1686,/tmp/DataSetCombined/Edges/Round-6_0129671_edge.png,0.2367,0.23864345,0.003663033246994
1687,/tmp/DataSetCombined/Edges/Round-5_0078235_edge.png,0.2276,0.23133911,0.003663033246994
1688,/tmp/DataSetCombined/Edges/Round-10_0062640_edge.png,0.2076,0.20559683,0.003663033246994
1689,/tmp/DataSetCombined/Edges/Round-10_0080669_edge.png,0.3421,0.34551632,0.003663033246994
1690,/tmp/DataSetCombined/Edges/Round-6_0046506_edge.png,0.1904,0.19101626,0.003663033246994
1691,/tmp/DataSetCombined/Edges/Round-4_0064838_edge.png,0.2316,0.23646742,0.003663033246994
1692,/tmp/DataSetCombined/Edges/Round-10_0000063_edge.png,0.409,0.39800543,0.003663033246994
1693,/tmp/DataSetCombined/Edges/Round-1_0090694_edge.png,0.2408,0.2429423,0.003663033246994
1694,/tmp/DataSetCombined/Edges/Round-6_0041600_edge.png,0.227,0.23067646,0.003663033246994
1695,/tmp/DataSetCombined/Edges/Round-5_0079049_edge.png,0.2276,0.23124212,0.003663033246994
1696,/tmp/DataSetCombined/Edges/Round-3_0056800_edge.png,0.274,0.26841116,0.003663033246994
1697,/tmp/DataSetCombined/Edges/Round-8_0085959_edge.png,0.4089,0.39783263,0.003663033246994
1698,/tmp/DataSetCombined/Edges/Round-8_0037179_edge.png,0.1807,0.18304223,0.003663033246994
1699,/tmp/DataSetCombined/Edges/Round-8_0062090_edge.png,0.1714,0.17713082,0.003663033246994
1700,/tmp/DataSetCombined/Edges/Round-8_0014262_edge.png,0.2275,0.23122083,0.003663033246994
1701,/tmp/DataSetCombined/Edges/Round-5_0096867_edge.png,0.1718,0.17835817,0.003663033246994
1702,/tmp/DataSetCombined/Edges/Round-4_0030163_edge.png,0.1714,0.1768734,0.003663033246994
1703,/tmp/DataSetCombined/Edges/Round-8_0013660_edge.png,0.2669,0.26225525,0.003663033246994
1704,/tmp/DataSetCombined/Edges/Round-1_0044734_edge.png,0.182,0.18446825,0.003663033246994
1705,/tmp/DataSetCombined/Edges/Round-9_0040247_edge.png,0.2101,0.21036321,0.003663033246994
1706,/tmp/DataSetCombined/Edges/Round-10_0195109_edge.png,0.1731,0.17852063,0.003663033246994
1707,/tmp/DataSetCombined/Edges/Round-4_0000304_edge.png,0.1623,0.16842392,0.003663033246994
1708,/tmp/DataSetCombined/Edges/Round-4_0016257_edge.png,0.2247,0.22633736,0.003663033246994
1709,/tmp/DataSetCombined/Edges/Round-2_0054600_edge.png,0.2258,0.22960348,0.003663033246994
1710,/tmp/DataSetCombined/Edges/Round-9_0141532_edge.png,0.2266,0.23077072,0.003663033246994
1711,/tmp/DataSetCombined/Edges/Round-1_0067834_edge.png,0.1896,0.1897267,0.003663033246994
1712,/tmp/DataSetCombined/Edges/Round-9_0047200_edge.png,0.277,0.27116492,0.003663033246994
1713,/tmp/DataSetCombined/Edges/Round-6_0116758_edge.png,0.2287,0.23246467,0.003663033246994
1714,/tmp/DataSetCombined/Edges/Round-4_0037387_edge.png,0.2284,0.23168755,0.003663033246994
1715,/tmp/DataSetCombined/Edges/Round-8_0053162_edge.png,0.2252,0.22852018,0.003663033246994
1716,/tmp/DataSetCombined/Edges/Round-3_0016707_edge.png,0.1471,0.15744877,0.003663033246994
1717,/tmp/DataSetCombined/Edges/Round-10_0197296_edge.png,0.1889,0.18979569,0.003663033246994
1718,/tmp/DataSetCombined/Edges/Round-9_0005000_edge.png,0.2819,0.2780251,0.003663033246994
1719,/tmp/DataSetCombined/Edges/Round-4_0075975_edge.png,0.282,0.2786793,0.003663033246994
1720,/tmp/DataSetCombined/Edges/Round-6_0130966_edge.png,0.3636,0.36213338,0.003663033246994
1721,/tmp/DataSetCombined/Edges/Round-1_0011800_edge.png,0.2812,0.27774665,0.003663033246994
1722,/tmp/DataSetCombined/Edges/Round-10_0054363_edge.png,0.1764,0.18033284,0.003663033246994
1723,/tmp/DataSetCombined/Edges/Round-9_0134398_edge.png,0.2857,0.28429812,0.003663033246994
1724,/tmp/DataSetCombined/Edges/Round-7_0071762_edge.png,0.2941,0.2962786,0.003663033246994
1725,/tmp/DataSetCombined/Edges/Round-7_0015987_edge.png,0.1853,0.18700354,0.003663033246994
1726,/tmp/DataSetCombined/Edges/Round-4_0002505_edge.png,0.1793,0.18265396,0.003663033246994
1727,/tmp/DataSetCombined/Edges/Round-6_0122929_edge.png,0.2282,0.23161872,0.003663033246994
1728,/tmp/DataSetCombined/Edges/Round-10_0056740_edge.png,0.2968,0.29811838,0.0041121281683444
1729,/tmp/DataSetCombined/Edges/Round-10_0044731_edge.png,0.1819,0.18493493,0.0041121281683444
1730,/tmp/DataSetCombined/Edges/Round-3_0081422_edge.png,0.1695,0.1753591,0.0041121281683444
1731,/tmp/DataSetCombined/Edges/Round-1_0161340_edge.png,0.2858,0.27851725,0.0041121281683444
1732,/tmp/DataSetCombined/Edges/Round-8_0076448_edge.png,0.2037,0.2026525,0.0041121281683444
1733,/tmp/DataSetCombined/Edges/Round-6_0067305_edge.png,0.1914,0.19148909,0.0041121281683444
1734,/tmp/DataSetCombined/Edges/Round-6_0095538_edge.png,0.2845,0.2811795,0.0041121281683444
1735,/tmp/DataSetCombined/Edges/Round-9_0196645_edge.png,0.171,0.17752285,0.0041121281683444
1736,/tmp/DataSetCombined/Edges/Round-4_0069202_edge.png,0.4093,0.39799237,0.0041121281683444
1737,/tmp/DataSetCombined/Edges/Round-9_0198360_edge.png,0.2068,0.20423952,0.0041121281683444
1738,/tmp/DataSetCombined/Edges/Round-4_0031578_edge.png,0.3835,0.3767779,0.0041121281683444
1739,/tmp/DataSetCombined/Edges/Round-1_0098038_edge.png,0.2252,0.22612719,0.0041121281683444
1740,/tmp/DataSetCombined/Edges/Round-8_0023845_edge.png,0.171,0.17567836,0.0041121281683444
1741,/tmp/DataSetCombined/Edges/Round-7_0005031_edge.png,0.2621,0.25655413,0.0041121281683444
1742,/tmp/DataSetCombined/Edges/Round-1_0026167_edge.png,0.3024,0.3012315,0.0041121281683444
1743,/tmp/DataSetCombined/Edges/Round-8_0071240_edge.png,0.2405,0.2428055,0.0041121281683444
1744,/tmp/DataSetCombined/Edges/Round-2_0111865_edge.png,0.216,0.21500045,0.0041121281683444
1745,/tmp/DataSetCombined/Edges/Round-8_0074172_edge.png,0.3008,0.29786682,0.0041121281683444
1746,/tmp/DataSetCombined/Edges/Round-6_0009233_edge.png,0.21,0.20969024,0.0041121281683444
1747,/tmp/DataSetCombined/Edges/Round-7_0130245_edge.png,0.2251,0.22880714,0.0041121281683444
1748,/tmp/DataSetCombined/Edges/Round-6_0047440_edge.png,0.2379,0.23681216,0.0041121281683444
1749,/tmp/DataSetCombined/Edges/Round-7_0009395_edge.png,0.2439,0.24386811,0.0041121281683444
1750,/tmp/DataSetCombined/Edges/Round-1_0079257_edge.png,0.1983,0.19836506,0.0041121281683444
1751,/tmp/DataSetCombined/Edges/Round-8_0018776_edge.png,0.2223,0.22635013,0.0041121281683444
1752,/tmp/DataSetCombined/Edges/Round-6_0021253_edge.png,0.2557,0.2525122,0.0041121281683444
1753,/tmp/DataSetCombined/Edges/Round-4_0087864_edge.png,0.1724,0.1787342,0.0041121281683444
1754,/tmp/DataSetCombined/Edges/Round-6_0052887_edge.png,0.1897,0.19028129,0.0041121281683444
1755,/tmp/DataSetCombined/Edges/Round-9_0062852_edge.png,0.1732,0.1779898,0.0041121281683444
1756,/tmp/DataSetCombined/Edges/Round-9_0074690_edge.png,0.1693,0.17456953,0.0041121281683444
1757,/tmp/DataSetCombined/Edges/Round-6_0073897_edge.png,0.1907,0.19215418,0.0041121281683444
1758,/tmp/DataSetCombined/Edges/Round-8_0022319_edge.png,0.2274,0.2308456,0.0041121281683444
1759,/tmp/DataSetCombined/Edges/Round-4_0036407_edge.png,0.187,0.18826272,0.0041121281683444
1760,/tmp/DataSetCombined/Edges/Round-8_0005940_edge.png,0.2174,0.22351258,0.0041121281683444
1761,/tmp/DataSetCombined/Edges/Round-7_0110199_edge.png,0.3029,0.3019106,0.0041121281683444
1762,/tmp/DataSetCombined/Edges/Round-6_0049125_edge.png,0.2355,0.23579144,0.0041121281683444
1763,/tmp/DataSetCombined/Edges/Round-7_0067969_edge.png,0.2228,0.2230231,0.0041121281683444
1764,/tmp/DataSetCombined/Edges/Round-10_0169253_edge.png,0.1719,0.17848305,0.0041121281683444
1765,/tmp/DataSetCombined/Edges/Round-2_0098622_edge.png,0.3678,0.36374536,0.0041121281683444
1766,/tmp/DataSetCombined/Edges/Round-3_0006367_edge.png,0.1994,0.1977658,0.0041121281683444
1767,/tmp/DataSetCombined/Edges/Round-9_0029442_edge.png,0.1817,0.18487088,0.0041121281683444
1768,/tmp/DataSetCombined/Edges/Round-7_0060263_edge.png,0.4082,0.397197,0.0041121281683444
1769,/tmp/DataSetCombined/Edges/Round-1_0048167_edge.png,0.1728,0.17792572,0.0041121281683444
1770,/tmp/DataSetCombined/Edges/Round-9_0130937_edge.png,0.1758,0.17846955,0.0041121281683444
1771,/tmp/DataSetCombined/Edges/Round-8_0041623_edge.png,0.1718,0.1779482,0.0041121281683444
1772,/tmp/DataSetCombined/Edges/Round-2_0082910_edge.png,0.1689,0.17346263,0.0041121281683444
1773,/tmp/DataSetCombined/Edges/Round-6_0079014_edge.png,0.1724,0.17810827,0.0041121281683444
1774,/tmp/DataSetCombined/Edges/Round-8_0011944_edge.png,0.2373,0.23952773,0.0041121281683444
1775,/tmp/DataSetCombined/Edges/Round-6_0092318_edge.png,0.4052,0.39547604,0.0041121281683444
1776,/tmp/DataSetCombined/Edges/Round-5_0116432_edge.png,0.1959,0.19560409,0.0041121281683444
1777,/tmp/DataSetCombined/Edges/Round-9_0131238_edge.png,0.184,0.1858151,0.0041121281683444
1778,/tmp/DataSetCombined/Edges/Round-10_0014751_edge.png,0.2248,0.22643557,0.0041121281683444
1779,/tmp/DataSetCombined/Edges/Round-8_0063415_edge.png,0.2372,0.23958305,0.0041121281683444
1780,/tmp/DataSetCombined/Edges/Round-9_0110800_edge.png,0.3676,0.36440992,0.0041121281683444
1781,/tmp/DataSetCombined/Edges/Round-6_0031998_edge.png,0.2868,0.28446177,0.0041121281683444
1782,/tmp/DataSetCombined/Edges/Round-1_0078896_edge.png,0.1724,0.17873976,0.0041121281683444
1783,/tmp/DataSetCombined/Edges/Round-6_0027784_edge.png,0.3492,0.3533603,0.0041121281683444
1784,/tmp/DataSetCombined/Edges/Round-7_0087534_edge.png,0.4094,0.3977399,0.0041121281683444
1785,/tmp/DataSetCombined/Edges/Round-8_0026042_edge.png,0.2191,0.22517109,0.0041121281683444
1786,/tmp/DataSetCombined/Edges/Round-6_0086719_edge.png,0.1893,0.19025816,0.0041121281683444
1787,/tmp/DataSetCombined/Edges/Round-5_0108636_edge.png,0.1697,0.1748079,0.0041121281683444
1788,/tmp/DataSetCombined/Edges/Round-9_0080550_edge.png,0.1881,0.18861228,0.0041121281683444
1789,/tmp/DataSetCombined/Edges/Round-2_0069567_edge.png,0.1769,0.18155846,0.0041121281683444
1790,/tmp/DataSetCombined/Edges/Round-10_0090580_edge.png,0.2453,0.24470297,0.0041121281683444
1791,/tmp/DataSetCombined/Edges/Round-9_0121425_edge.png,0.2403,0.24115583,0.0041121281683444
1792,/tmp/DataSetCombined/Edges/Round-4_0090182_edge.png,0.2293,0.23366052,0.0040427222847938
1793,/tmp/DataSetCombined/Edges/Round-5_0050062_edge.png,0.2796,0.27457756,0.0040427222847938
1794,/tmp/DataSetCombined/Edges/Round-5_0030949_edge.png,0.2985,0.29820418,0.0040427222847938
1795,/tmp/DataSetCombined/Edges/Round-3_0013095_edge.png,0.2233,0.22736606,0.0040427222847938
1796,/tmp/DataSetCombined/Edges/Round-8_0066003_edge.png,0.2069,0.20404193,0.0040427222847938
1797,/tmp/DataSetCombined/Edges/Round-5_0103369_edge.png,0.2527,0.252224,0.0040427222847938
1798,/tmp/DataSetCombined/Edges/Round-9_0028960_edge.png,0.1761,0.17998746,0.0040427222847938
1799,/tmp/DataSetCombined/Edges/Round-9_0051233_edge.png,0.1755,0.17975037,0.0040427222847938
1800,/tmp/DataSetCombined/Edges/Round-2_0073068_edge.png,0.1805,0.18375854,0.0040427222847938
1801,/tmp/DataSetCombined/Edges/Round-7_0010779_edge.png,0.2994,0.29689476,0.0040427222847938
1802,/tmp/DataSetCombined/Edges/Round-9_0044130_edge.png,0.2831,0.27872974,0.0040427222847938
1803,/tmp/DataSetCombined/Edges/Round-7_0125700_edge.png,0.1639,0.16964601,0.0040427222847938
1804,/tmp/DataSetCombined/Edges/Round-3_0040907_edge.png,0.2026,0.20065252,0.0040427222847938
1805,/tmp/DataSetCombined/Edges/Round-8_0032545_edge.png,0.1723,0.17682214,0.0040427222847938
1806,/tmp/DataSetCombined/Edges/Round-9_0029501_edge.png,0.1771,0.18154854,0.0040427222847938
1807,/tmp/DataSetCombined/Edges/Round-9_0131906_edge.png,0.1776,0.18145682,0.0040427222847938
1808,/tmp/DataSetCombined/Edges/Round-1_0017467_edge.png,0.1948,0.19332923,0.0040427222847938
1809,/tmp/DataSetCombined/Edges/Round-5_0018991_edge.png,0.2,0.1979503,0.0040427222847938
1810,/tmp/DataSetCombined/Edges/Round-8_0042947_edge.png,0.1955,0.19365464,0.0040427222847938
1811,/tmp/DataSetCombined/Edges/Round-9_0009876_edge.png,0.1744,0.17917322,0.0040427222847938
1812,/tmp/DataSetCombined/Edges/Round-4_0018514_edge.png,0.409,0.39800495,0.0040427222847938
1813,/tmp/DataSetCombined/Edges/Round-7_0065381_edge.png,0.255,0.25264025,0.0040427222847938
1814,/tmp/DataSetCombined/Edges/Round-1_0049909_edge.png,0.1638,0.1717047,0.0040427222847938
1815,/tmp/DataSetCombined/Edges/Round-2_0092752_edge.png,0.2296,0.2330976,0.0040427222847938
1816,/tmp/DataSetCombined/Edges/Round-10_0111251_edge.png,0.185,0.18689676,0.0040427222847938
1817,/tmp/DataSetCombined/Edges/Round-10_0145565_edge.png,0.2445,0.24368373,0.0040427222847938
1818,/tmp/DataSetCombined/Edges/Round-8_0041213_edge.png,0.2793,0.2732659,0.0040427222847938
1819,/tmp/DataSetCombined/Edges/Round-1_0154866_edge.png,0.1904,0.19087526,0.0040427222847938
1820,/tmp/DataSetCombined/Edges/Round-5_0084402_edge.png,0.2374,0.23953454,0.0040427222847938
1821,/tmp/DataSetCombined/Edges/Round-9_0194718_edge.png,0.192,0.19237688,0.0040427222847938
1822,/tmp/DataSetCombined/Edges/Round-1_0037734_edge.png,0.1691,0.17437124,0.0040427222847938
1823,/tmp/DataSetCombined/Edges/Round-5_0119923_edge.png,0.1744,0.17946151,0.0040427222847938
1824,/tmp/DataSetCombined/Edges/Round-9_0090965_edge.png,0.2967,0.29777345,0.0040427222847938
1825,/tmp/DataSetCombined/Edges/Round-5_0090817_edge.png,0.2818,0.2784207,0.0040427222847938
1826,/tmp/DataSetCombined/Edges/Round-10_0006444_edge.png,0.1727,0.17740424,0.0040427222847938
1827,/tmp/DataSetCombined/Edges/Round-6_0054121_edge.png,0.1886,0.1894542,0.0040427222847938
1828,/tmp/DataSetCombined/Edges/Round-4_0068571_edge.png,0.2359,0.23816627,0.0040427222847938
1829,/tmp/DataSetCombined/Edges/Round-6_0032179_edge.png,0.1775,0.18164857,0.0040427222847938
1830,/tmp/DataSetCombined/Edges/Round-1_0096446_edge.png,0.2036,0.20173904,0.0040427222847938
1831,/tmp/DataSetCombined/Edges/Round-8_0041050_edge.png,0.1787,0.1811642,0.0040427222847938
1832,/tmp/DataSetCombined/Edges/Round-6_0129551_edge.png,0.202,0.20217441,0.0040427222847938
1833,/tmp/DataSetCombined/Edges/Round-5_0023966_edge.png,0.3024,0.30159256,0.0040427222847938
1834,/tmp/DataSetCombined/Edges/Round-6_0082686_edge.png,0.1722,0.17850396,0.0040427222847938
1835,/tmp/DataSetCombined/Edges/Round-9_0133044_edge.png,0.2962,0.2980475,0.0040427222847938
1836,/tmp/DataSetCombined/Edges/Round-5_0003788_edge.png,0.2965,0.29776925,0.0040427222847938
1837,/tmp/DataSetCombined/Edges/Round-6_0054031_edge.png,0.1651,0.17093487,0.0040427222847938
1838,/tmp/DataSetCombined/Edges/Round-3_0088555_edge.png,0.2817,0.27769566,0.0040427222847938
1839,/tmp/DataSetCombined/Edges/Round-1_0046634_edge.png,0.2469,0.24671546,0.0040427222847938
1840,/tmp/DataSetCombined/Edges/Round-8_0056853_edge.png,0.1961,0.19564286,0.0040427222847938
1841,/tmp/DataSetCombined/Edges/Round-2_0103022_edge.png,0.2036,0.20295595,0.0040427222847938
1842,/tmp/DataSetCombined/Edges/Round-7_0067306_edge.png,0.2238,0.22512132,0.0040427222847938
1843,/tmp/DataSetCombined/Edges/Round-8_0054595_edge.png,0.227,0.23082088,0.0040427222847938
1844,/tmp/DataSetCombined/Edges/Round-7_0102674_edge.png,0.3025,0.3016145,0.0040427222847938
1845,/tmp/DataSetCombined/Edges/Round-10_0079556_edge.png,0.1845,0.18601961,0.0040427222847938
1846,/tmp/DataSetCombined/Edges/Round-8_0070229_edge.png,0.183,0.18527594,0.0040427222847938
1847,/tmp/DataSetCombined/Edges/Round-9_0050932_edge.png,0.2632,0.25648692,0.0040427222847938
1848,/tmp/DataSetCombined/Edges/Round-5_0006147_edge.png,0.3016,0.2989171,0.0040427222847938
1849,/tmp/DataSetCombined/Edges/Round-10_0118475_edge.png,0.1666,0.17123362,0.0040427222847938
1850,/tmp/DataSetCombined/Edges/Round-9_0002532_edge.png,0.2243,0.22589509,0.0040427222847938
1851,/tmp/DataSetCombined/Edges/Round-7_0069270_edge.png,0.2287,0.23266949,0.0040427222847938
1852,/tmp/DataSetCombined/Edges/Round-4_0050239_edge.png,0.2039,0.20168172,0.0040427222847938
1853,/tmp/DataSetCombined/Edges/Round-8_0085929_edge.png,0.2807,0.27288058,0.0040427222847938
1854,/tmp/DataSetCombined/Edges/Round-1_0068900_edge.png,0.126,0.13993907,0.0040427222847938
1855,/tmp/DataSetCombined/Edges/Round-10_0023932_edge.png,0.2262,0.23044124,0.0040427222847938
1856,/tmp/DataSetCombined/Edges/Round-10_0055867_edge.png,0.302,0.30185956,0.004101138561964
1857,/tmp/DataSetCombined/Edges/Round-7_0092590_edge.png,0.2301,0.2322817,0.004101138561964
1858,/tmp/DataSetCombined/Edges/Round-6_0016587_edge.png,0.1716,0.17784053,0.004101138561964
1859,/tmp/DataSetCombined/Edges/Round-7_0088844_edge.png,0.2023,0.2015822,0.004101138561964
1860,/tmp/DataSetCombined/Edges/Round-7_0071129_edge.png,0.1712,0.1765533,0.004101138561964
1861,/tmp/DataSetCombined/Edges/Round-8_0033056_edge.png,0.1946,0.1924911,0.004101138561964
1862,/tmp/DataSetCombined/Edges/Round-1_0074603_edge.png,0.3238,0.31979495,0.004101138561964
1863,/tmp/DataSetCombined/Edges/Round-10_0151012_edge.png,0.2373,0.23995866,0.004101138561964
1864,/tmp/DataSetCombined/Edges/Round-3_0056890_edge.png,0.2046,0.2027644,0.004101138561964
1865,/tmp/DataSetCombined/Edges/Round-5_0082239_edge.png,0.2351,0.23549804,0.004101138561964
1866,/tmp/DataSetCombined/Edges/Round-5_0058069_edge.png,0.2235,0.22647108,0.004101138561964
1867,/tmp/DataSetCombined/Edges/Round-1_0104872_edge.png,0.1807,0.18371877,0.004101138561964
1868,/tmp/DataSetCombined/Edges/Round-6_0131447_edge.png,0.2208,0.21968323,0.004101138561964
1869,/tmp/DataSetCombined/Edges/Round-4_0083289_edge.png,0.1689,0.17405578,0.004101138561964
1870,/tmp/DataSetCombined/Edges/Round-10_0022758_edge.png,0.2372,0.23920542,0.004101138561964
1871,/tmp/DataSetCombined/Edges/Round-4_0057313_edge.png,0.1723,0.17702577,0.004101138561964
1872,/tmp/DataSetCombined/Edges/Round-7_0030314_edge.png,0.1828,0.18516217,0.004101138561964
1873,/tmp/DataSetCombined/Edges/Round-8_0043548_edge.png,0.2816,0.2768011,0.004101138561964
1874,/tmp/DataSetCombined/Edges/Round-10_0151494_edge.png,0.1851,0.18613507,0.004101138561964
1875,/tmp/DataSetCombined/Edges/Round-6_0042081_edge.png,0.1983,0.19703881,0.004101138561964
1876,/tmp/DataSetCombined/Edges/Round-7_0116098_edge.png,0.2209,0.2257592,0.004101138561964
1877,/tmp/DataSetCombined/Edges/Round-8_0083912_edge.png,0.2309,0.23557995,0.004101138561964
1878,/tmp/DataSetCombined/Edges/Round-4_0009785_edge.png,0.2462,0.24662319,0.004101138561964
1879,/tmp/DataSetCombined/Edges/Round-9_0145025_edge.png,0.176,0.18056391,0.004101138561964
1880,/tmp/DataSetCombined/Edges/Round-9_0128830_edge.png,0.2269,0.23111816,0.004101138561964
1881,/tmp/DataSetCombined/Edges/Round-9_0058276_edge.png,0.2999,0.29710117,0.004101138561964
1882,/tmp/DataSetCombined/Edges/Round-9_0063785_edge.png,0.2202,0.22506331,0.004101138561964
1883,/tmp/DataSetCombined/Edges/Round-5_0094369_edge.png,0.2108,0.21419199,0.004101138561964
1884,/tmp/DataSetCombined/Edges/Round-2_0074034_edge.png,0.1864,0.18738717,0.004101138561964
1885,/tmp/DataSetCombined/Edges/Round-4_0039554_edge.png,0.172,0.17915478,0.004101138561964
1886,/tmp/DataSetCombined/Edges/Round-7_0104991_edge.png,0.2551,0.25273225,0.004101138561964
1887,/tmp/DataSetCombined/Edges/Round-7_0121968_edge.png,0.228,0.23133244,0.004101138561964
1888,/tmp/DataSetCombined/Edges/Round-10_0059148_edge.png,0.1775,0.18152283,0.004101138561964
1889,/tmp/DataSetCombined/Edges/Round-9_0105895_edge.png,0.2304,0.23237889,0.004101138561964
1890,/tmp/DataSetCombined/Edges/Round-4_0057132_edge.png,0.1699,0.17515978,0.004101138561964
1891,/tmp/DataSetCombined/Edges/Round-8_0050622_edge.png,0.1717,0.17840602,0.004101138561964
1892,/tmp/DataSetCombined/Edges/Round-9_0136054_edge.png,0.2251,0.22592062,0.004101138561964
1893,/tmp/DataSetCombined/Edges/Round-1_0136782_edge.png,0.229,0.23236077,0.004101138561964
1894,/tmp/DataSetCombined/Edges/Round-10_0019327_edge.png,0.3251,0.32320103,0.004101138561964
1895,/tmp/DataSetCombined/Edges/Round-10_0146768_edge.png,0.2861,0.2841066,0.004101138561964
1896,/tmp/DataSetCombined/Edges/Round-8_0038552_edge.png,0.1934,0.19168156,0.004101138561964
1897,/tmp/DataSetCombined/Edges/Round-8_0029355_edge.png,0.2625,0.25531447,0.004101138561964
1898,/tmp/DataSetCombined/Edges/Round-10_0181473_edge.png,0.2242,0.22793013,0.004101138561964
1899,/tmp/DataSetCombined/Edges/Round-8_0020733_edge.png,0.2711,0.26524675,0.004101138561964
1900,/tmp/DataSetCombined/Edges/Round-4_0045514_edge.png,0.4073,0.39640486,0.004101138561964
1901,/tmp/DataSetCombined/Edges/Round-10_0040426_edge.png,0.2606,0.2546339,0.004101138561964
1902,/tmp/DataSetCombined/Edges/Round-6_0048432_edge.png,0.1587,0.16517395,0.004101138561964
1903,/tmp/DataSetCombined/Edges/Round-10_0024564_edge.png,0.1795,0.18210372,0.004101138561964
1904,/tmp/DataSetCombined/Edges/Round-8_0011865_edge.png,0.1774,0.18185511,0.004101138561964
1905,/tmp/DataSetCombined/Edges/Round-7_0006686_edge.png,0.2229,0.2265276,0.004101138561964
1906,/tmp/DataSetCombined/Edges/Round-5_0073420_edge.png,0.3289,0.32817197,0.004101138561964
1907,/tmp/DataSetCombined/Edges/Round-3_0041419_edge.png,0.2279,0.23145185,0.004101138561964
1908,/tmp/DataSetCombined/Edges/Round-10_0132080_edge.png,0.1775,0.18225306,0.004101138561964
1909,/tmp/DataSetCombined/Edges/Round-1_0142681_edge.png,0.2431,0.24046035,0.004101138561964
1910,/tmp/DataSetCombined/Edges/Round-9_0167659_edge.png,0.2836,0.27957588,0.004101138561964
1911,/tmp/DataSetCombined/Edges/Round-8_0019138_edge.png,0.216,0.21490107,0.004101138561964
1912,/tmp/DataSetCombined/Edges/Round-6_0108872_edge.png,0.255,0.25237358,0.004101138561964
1913,/tmp/DataSetCombined/Edges/Round-5_0055179_edge.png,0.1726,0.1780555,0.004101138561964
1914,/tmp/DataSetCombined/Edges/Round-9_0038803_edge.png,0.2816,0.27652282,0.004101138561964
1915,/tmp/DataSetCombined/Edges/Round-7_0098189_edge.png,0.2056,0.20301557,0.004101138561964
1916,/tmp/DataSetCombined/Edges/Round-10_0024143_edge.png,0.2287,0.23233141,0.004101138561964
1917,/tmp/DataSetCombined/Edges/Round-10_0148304_edge.png,0.2313,0.23489195,0.004101138561964
1918,/tmp/DataSetCombined/Edges/Round-6_0030914_edge.png,0.2251,0.22579831,0.004101138561964
1919,/tmp/DataSetCombined/Edges/Round-9_0118717_edge.png,0.2052,0.20286949,0.004101138561964
1920,/tmp/DataSetCombined/Edges/Round-4_0068389_edge.png,0.1854,0.1868278,0.0034627318382263
1921,/tmp/DataSetCombined/Edges/Round-1_0089671_edge.png,0.2258,0.22981222,0.0034627318382263
1922,/tmp/DataSetCombined/Edges/Round-3_0014540_edge.png,0.2244,0.22837014,0.0034627318382263
1923,/tmp/DataSetCombined/Edges/Round-1_0120102_edge.png,0.2502,0.24861982,0.0034627318382263
1924,/tmp/DataSetCombined/Edges/Round-6_0131567_edge.png,0.2172,0.22309284,0.0034627318382263
1925,/tmp/DataSetCombined/Edges/Round-6_0030824_edge.png,0.2269,0.23109576,0.0034627318382263
1926,/tmp/DataSetCombined/Edges/Round-8_0053090_edge.png,0.2303,0.23266469,0.0034627318382263
1927,/tmp/DataSetCombined/Edges/Round-1_0125551_edge.png,0.2966,0.29834124,0.0034627318382263
1928,/tmp/DataSetCombined/Edges/Round-3_0012734_edge.png,0.3319,0.33318406,0.0034627318382263
1929,/tmp/DataSetCombined/Edges/Round-3_0080940_edge.png,0.2751,0.2719918,0.0034627318382263
1930,/tmp/DataSetCombined/Edges/Round-7_0127084_edge.png,0.2958,0.29718304,0.0034627318382263
1931,/tmp/DataSetCombined/Edges/Round-10_0048373_edge.png,0.1944,0.19447434,0.0034627318382263
1932,/tmp/DataSetCombined/Edges/Round-8_0040221_edge.png,0.2263,0.23013225,0.0034627318382263
1933,/tmp/DataSetCombined/Edges/Round-10_0138972_edge.png,0.1894,0.19019207,0.0034627318382263
1934,/tmp/DataSetCombined/Edges/Round-10_0128829_edge.png,0.1897,0.19041784,0.0034627318382263
1935,/tmp/DataSetCombined/Edges/Round-8_0020884_edge.png,0.2689,0.2606756,0.0034627318382263
1936,/tmp/DataSetCombined/Edges/Round-2_0034800_edge.png,0.2184,0.22408259,0.0034627318382263
1937,/tmp/DataSetCombined/Edges/Round-10_0104659_edge.png,0.2288,0.232197,0.0034627318382263
1938,/tmp/DataSetCombined/Edges/Round-6_0079375_edge.png,0.1727,0.17822236,0.0034627318382263
1939,/tmp/DataSetCombined/Edges/Round-10_0124977_edge.png,0.2962,0.29833925,0.0034627318382263
1940,/tmp/DataSetCombined/Edges/Round-10_0127866_edge.png,0.1508,0.16134933,0.0034627318382263
1941,/tmp/DataSetCombined/Edges/Round-6_0056018_edge.png,0.2366,0.23652214,0.0034627318382263
1942,/tmp/DataSetCombined/Edges/Round-10_0117983_edge.png,0.2107,0.20863836,0.0034627318382263
1943,/tmp/DataSetCombined/Edges/Round-10_0014631_edge.png,0.2288,0.23221275,0.0034627318382263
1944,/tmp/DataSetCombined/Edges/Round-4_0084463_edge.png,0.2249,0.22851186,0.0034627318382263
1945,/tmp/DataSetCombined/Edges/Round-1_0140509_edge.png,0.2334,0.2342608,0.0034627318382263
1946,/tmp/DataSetCombined/Edges/Round-5_0093075_edge.png,0.1715,0.1768763,0.0034627318382263
1947,/tmp/DataSetCombined/Edges/Round-9_0144905_edge.png,0.2127,0.21497463,0.0034627318382263
1948,/tmp/DataSetCombined/Edges/Round-7_0002652_edge.png,0.2402,0.242948,0.0034627318382263
1949,/tmp/DataSetCombined/Edges/Round-4_0024384_edge.png,0.1924,0.19207314,0.0034627318382263
1950,/tmp/DataSetCombined/Edges/Round-8_0026542_edge.png,0.1852,0.18661939,0.0034627318382263
1951,/tmp/DataSetCombined/Edges/Round-9_0160194_edge.png,0.176,0.1803511,0.0034627318382263
1952,/tmp/DataSetCombined/Edges/Round-8_0061970_edge.png,0.215,0.21334581,0.0034627318382263
1953,/tmp/DataSetCombined/Edges/Round-10_0018664_edge.png,0.1824,0.18448076,0.0034627318382263
1954,/tmp/DataSetCombined/Edges/Round-2_0094769_edge.png,0.1906,0.19125149,0.0034627318382263
1955,/tmp/DataSetCombined/Edges/Round-8_0040328_edge.png,0.3365,0.33914438,0.0034627318382263
1956,/tmp/DataSetCombined/Edges/Round-10_0055988_edge.png,0.2737,0.26783437,0.0034627318382263
1957,/tmp/DataSetCombined/Edges/Round-9_0163174_edge.png,0.2395,0.2413066,0.0034627318382263
1958,/tmp/DataSetCombined/Edges/Round-7_0066133_edge.png,0.2265,0.22911115,0.0034627318382263
1959,/tmp/DataSetCombined/Edges/Round-8_0038745_edge.png,0.339,0.3431294,0.0034627318382263
1960,/tmp/DataSetCombined/Edges/Round-9_0133194_edge.png,0.2252,0.22591591,0.0034627318382263
1961,/tmp/DataSetCombined/Edges/Round-9_0093373_edge.png,0.1723,0.17812465,0.0034627318382263
1962,/tmp/DataSetCombined/Edges/Round-7_0114894_edge.png,0.382,0.37516528,0.0034627318382263
1963,/tmp/DataSetCombined/Edges/Round-9_0190203_edge.png,0.2313,0.23599324,0.0034627318382263
1964,/tmp/DataSetCombined/Edges/Round-10_0170213_edge.png,0.2329,0.23357281,0.0034627318382263
1965,/tmp/DataSetCombined/Edges/Round-2_0054167_edge.png,0.2175,0.21728672,0.0034627318382263
1966,/tmp/DataSetCombined/Edges/Round-7_0098430_edge.png,0.1907,0.19171046,0.0034627318382263
1967,/tmp/DataSetCombined/Edges/Round-8_0062722_edge.png,0.176,0.18065059,0.0034627318382263
1968,/tmp/DataSetCombined/Edges/Round-3_0027367_edge.png,0.2446,0.24361375,0.0034627318382263
1969,/tmp/DataSetCombined/Edges/Round-9_0011712_edge.png,0.2314,0.2354865,0.0034627318382263
1970,/tmp/DataSetCombined/Edges/Round-5_0106861_edge.png,0.174,0.17676428,0.0034627318382263
1971,/tmp/DataSetCombined/Edges/Round-10_0092469_edge.png,0.2968,0.29786354,0.0034627318382263
1972,/tmp/DataSetCombined/Edges/Round-9_0058909_edge.png,0.1688,0.1741069,0.0034627318382263
1973,/tmp/DataSetCombined/Edges/Round-5_0019902_edge.png,0.1746,0.17738692,0.0034627318382263
1974,/tmp/DataSetCombined/Edges/Round-2_0103619_edge.png,0.2373,0.23957853,0.0034627318382263
1975,/tmp/DataSetCombined/Edges/Round-4_0075132_edge.png,0.23,0.23231012,0.0034627318382263
1976,/tmp/DataSetCombined/Edges/Round-7_0087563_edge.png,0.1545,0.16205177,0.0034627318382263
1977,/tmp/DataSetCombined/Edges/Round-8_0083641_edge.png,0.1724,0.17874578,0.0034627318382263
1978,/tmp/DataSetCombined/Edges/Round-9_0087867_edge.png,0.2261,0.23024587,0.0034627318382263
1979,/tmp/DataSetCombined/Edges/Round-3_0071940_edge.png,0.297,0.29799026,0.0034627318382263
1980,/tmp/DataSetCombined/Edges/Round-8_0009849_edge.png,0.188,0.18937905,0.0034627318382263
1981,/tmp/DataSetCombined/Edges/Round-10_0021313_edge.png,0.3726,0.36768895,0.0034627318382263
1982,/tmp/DataSetCombined/Edges/Round-10_0136836_edge.png,0.2274,0.23052849,0.0034627318382263
1983,/tmp/DataSetCombined/Edges/Round-1_0080550_edge.png,0.2444,0.24358311,0.0034627318382263
1984,/tmp/DataSetCombined/Edges/Round-1_0050964_edge.png,0.2416,0.24307285,0.0039644502103328
1985,/tmp/DataSetCombined/Edges/Round-10_0188065_edge.png,0.1701,0.17506972,0.0039644502103328
1986,/tmp/DataSetCombined/Edges/Round-4_0072453_edge.png,0.279,0.27325064,0.0039644502103328
1987,/tmp/DataSetCombined/Edges/Round-10_0042714_edge.png,0.1732,0.17876086,0.0039644502103328
1988,/tmp/DataSetCombined/Edges/Round-1_0008001_edge.png,0.1728,0.17743804,0.0039644502103328
1989,/tmp/DataSetCombined/Edges/Round-10_0189301_edge.png,0.232,0.23350416,0.0039644502103328
1990,/tmp/DataSetCombined/Edges/Round-7_0021675_edge.png,0.221,0.2256229,0.0039644502103328
1991,/tmp/DataSetCombined/Edges/Round-2_0036600_edge.png,0.2158,0.22212851,0.0039644502103328
1992,/tmp/DataSetCombined/Edges/Round-1_0099423_edge.png,0.1699,0.17469746,0.0039644502103328
1993,/tmp/DataSetCombined/Edges/Round-1_0108302_edge.png,0.2516,0.24992654,0.0039644502103328
1994,/tmp/DataSetCombined/Edges/Round-10_0113568_edge.png,0.1612,0.16815658,0.0039644502103328
1995,/tmp/DataSetCombined/Edges/Round-4_0016558_edge.png,0.226,0.22992149,0.0039644502103328
1996,/tmp/DataSetCombined/Edges/Round-10_0105592_edge.png,0.2403,0.24249525,0.0039644502103328
1997,/tmp/DataSetCombined/Edges/Round-8_0049822_edge.png,0.2297,0.23341352,0.0039644502103328
1998,/tmp/DataSetCombined/Edges/Round-1_0064434_edge.png,0.2102,0.20840994,0.0039644502103328
1999,/tmp/DataSetCombined/Edges/Round-1_0036634_edge.png,0.1653,0.1729664,0.0039644502103328
2000,/tmp/DataSetCombined/Edges/Round-9_0118506_edge.png,0.2629,0.25575384,0.0039644502103328
2001,/tmp/DataSetCombined/Edges/Round-10_0073596_edge.png,0.1884,0.18886077,0.0039644502103328
2002,/tmp/DataSetCombined/Edges/Round-4_0056380_edge.png,0.1604,0.16619973,0.0039644502103328
2003,/tmp/DataSetCombined/Edges/Round-8_0038384_edge.png,0.2238,0.22803572,0.0039644502103328
2004,/tmp/DataSetCombined/Edges/Round-2_0067770_edge.png,0.2029,0.201552,0.0039644502103328
2005,/tmp/DataSetCombined/Edges/Round-9_0123683_edge.png,0.1895,0.19095495,0.0039644502103328
2006,/tmp/DataSetCombined/Edges/Round-9_0101289_edge.png,0.2301,0.2344085,0.0039644502103328
2007,/tmp/DataSetCombined/Edges/Round-9_0056621_edge.png,0.2275,0.23121338,0.0039644502103328
2008,/tmp/DataSetCombined/Edges/Round-9_0113918_edge.png,0.4089,0.3976273,0.0039644502103328
2009,/tmp/DataSetCombined/Edges/Round-5_0025772_edge.png,0.3024,0.3007037,0.0039644502103328
2010,/tmp/DataSetCombined/Edges/Round-8_0010902_edge.png,0.2159,0.21545877,0.0039644502103328
2011,/tmp/DataSetCombined/Edges/Round-4_0043979_edge.png,0.2162,0.2143,0.0039644502103328
2012,/tmp/DataSetCombined/Edges/Round-1_0053461_edge.png,0.1901,0.19076419,0.0039644502103328
2013,/tmp/DataSetCombined/Edges/Round-2_0051767_edge.png,0.1672,0.17441913,0.0039644502103328
2014,/tmp/DataSetCombined/Edges/Round-6_0051894_edge.png,0.1731,0.17855409,0.0039644502103328
2015,/tmp/DataSetCombined/Edges/Round-3_0056619_edge.png,0.3566,0.35778093,0.0039644502103328
2016,/tmp/DataSetCombined/Edges/Round-8_0017693_edge.png,0.2179,0.22377522,0.0039644502103328
2017,/tmp/DataSetCombined/Edges/Round-5_0040280_edge.png,0.2131,0.21162587,0.0039644502103328
2018,/tmp/DataSetCombined/Edges/Round-10_0003334_edge.png,0.2247,0.22635406,0.0039644502103328
2019,/tmp/DataSetCombined/Edges/Round-9_0072363_edge.png,0.1723,0.17748855,0.0039644502103328
2020,/tmp/DataSetCombined/Edges/Round-5_0069414_edge.png,0.2238,0.22617653,0.0039644502103328
2021,/tmp/DataSetCombined/Edges/Round-5_0013220_edge.png,0.3474,0.3516689,0.0039644502103328
2022,/tmp/DataSetCombined/Edges/Round-7_0016829_edge.png,0.2568,0.25342622,0.0039644502103328
2023,/tmp/DataSetCombined/Edges/Round-7_0119168_edge.png,0.2282,0.23201558,0.0039644502103328
2024,/tmp/DataSetCombined/Edges/Round-5_0089734_edge.png,0.247,0.2460382,0.0039644502103328
2025,/tmp/DataSetCombined/Edges/Round-8_0035915_edge.png,0.187,0.18790269,0.0039644502103328
2026,/tmp/DataSetCombined/Edges/Round-9_0010448_edge.png,0.2075,0.2053469,0.0039644502103328
2027,/tmp/DataSetCombined/Edges/Round-10_0128076_edge.png,0.2295,0.23244385,0.0039644502103328
2028,/tmp/DataSetCombined/Edges/Round-5_0107691_edge.png,0.2301,0.2324753,0.0039644502103328
2029,/tmp/DataSetCombined/Edges/Round-1_0042667_edge.png,0.217,0.21665329,0.0039644502103328
2030,/tmp/DataSetCombined/Edges/Round-9_0021224_edge.png,0.1899,0.19024682,0.0039644502103328
2031,/tmp/DataSetCombined/Edges/Round-8_0067731_edge.png,0.1665,0.1729583,0.0039644502103328
2032,/tmp/DataSetCombined/Edges/Round-3_0071308_edge.png,0.2811,0.27475682,0.0039644502103328
2033,/tmp/DataSetCombined/Edges/Round-6_0037477_edge.png,0.1633,0.17132932,0.0039644502103328
2034,/tmp/DataSetCombined/Edges/Round-7_0083952_edge.png,0.2448,0.24388963,0.0039644502103328
2035,/tmp/DataSetCombined/Edges/Round-9_0051956_edge.png,0.2444,0.24362993,0.0039644502103328
2036,/tmp/DataSetCombined/Edges/Round-7_0107490_edge.png,0.1937,0.19312608,0.0039644502103328
2037,/tmp/DataSetCombined/Edges/Round-5_0011294_edge.png,0.2284,0.23207697,0.0039644502103328
2038,/tmp/DataSetCombined/Edges/Round-8_0012257_edge.png,0.1776,0.18161167,0.0039644502103328
2039,/tmp/DataSetCombined/Edges/Round-10_0009545_edge.png,0.2957,0.2976048,0.0039644502103328
2040,/tmp/DataSetCombined/Edges/Round-2_0097658_edge.png,0.1652,0.17242971,0.0039644502103328
2041,/tmp/DataSetCombined/Edges/Round-4_0064788_edge.png,0.2144,0.21335946,0.0039644502103328
2042,/tmp/DataSetCombined/Edges/Round-4_0023717_edge.png,0.2244,0.22528315,0.0039644502103328
2043,/tmp/DataSetCombined/Edges/Round-2_0107034_edge.png,0.2788,0.27246743,0.0039644502103328
2044,/tmp/DataSetCombined/Edges/Round-10_0151795_edge.png,0.1786,0.18240201,0.0039644502103328
2045,/tmp/DataSetCombined/Edges/Round-8_0016651_edge.png,0.1825,0.18421645,0.0039644502103328
2046,/tmp/DataSetCombined/Edges/Round-7_0063062_edge.png,0.1744,0.17918599,0.0039644502103328
2047,/tmp/DataSetCombined/Edges/Round-8_0061759_edge.png,0.2148,0.21355806,0.0039644502103328
2048,/tmp/DataSetCombined/Edges/Round-9_0152347_edge.png,0.302,0.30034298,0.0042136721312999
2049,/tmp/DataSetCombined/Edges/Round-4_0084523_edge.png,0.2346,0.23775274,0.0042136721312999
2050,/tmp/DataSetCombined/Edges/Round-3_0023967_edge.png,0.1774,0.18173018,0.0042136721312999
2051,/tmp/DataSetCombined/Edges/Round-1_0151826_edge.png,0.266,0.2612803,0.0042136721312999
2052,/tmp/DataSetCombined/Edges/Round-9_0154506_edge.png,0.161,0.16676107,0.0042136721312999
2053,/tmp/DataSetCombined/Edges/Round-5_0015990_edge.png,0.2261,0.2313492,0.0042136721312999
2054,/tmp/DataSetCombined/Edges/Round-1_0083952_edge.png,0.2765,0.27066186,0.0042136721312999
2055,/tmp/DataSetCombined/Edges/Round-5_0002697_edge.png,0.2252,0.22682579,0.0042136721312999
2056,/tmp/DataSetCombined/Edges/Round-10_0121692_edge.png,0.221,0.2251647,0.0042136721312999
2057,/tmp/DataSetCombined/Edges/Round-9_0178224_edge.png,0.2273,0.23108113,0.0042136721312999
2058,/tmp/DataSetCombined/Edges/Round-9_0028600_edge.png,0.173,0.17842084,0.0042136721312999
2059,/tmp/DataSetCombined/Edges/Round-10_0072362_edge.png,0.1813,0.18351108,0.0042136721312999
2060,/tmp/DataSetCombined/Edges/Round-3_0069231_edge.png,0.1864,0.18798247,0.0042136721312999
2061,/tmp/DataSetCombined/Edges/Round-9_0191257_edge.png,0.3649,0.36251557,0.0042136721312999
2062,/tmp/DataSetCombined/Edges/Round-4_0032872_edge.png,0.1718,0.17849448,0.0042136721312999
2063,/tmp/DataSetCombined/Edges/Round-10_0013337_edge.png,0.2251,0.22671379,0.0042136721312999
2064,/tmp/DataSetCombined/Edges/Round-1_0167749_edge.png,0.1715,0.17686798,0.0042136721312999
2065,/tmp/DataSetCombined/Edges/Round-3_0057883_edge.png,0.1685,0.1742039,0.0042136721312999
2066,/tmp/DataSetCombined/Edges/Round-10_0039674_edge.png,0.1975,0.1955581,0.0042136721312999
2067,/tmp/DataSetCombined/Edges/Round-2_0058367_edge.png,0.2084,0.20826241,0.0042136721312999
2068,/tmp/DataSetCombined/Edges/Round-8_0066424_edge.png,0.2354,0.2357029,0.0042136721312999
2069,/tmp/DataSetCombined/Edges/Round-6_0078532_edge.png,0.297,0.29781783,0.0042136721312999
2070,/tmp/DataSetCombined/Edges/Round-2_0067168_edge.png,0.2081,0.20526898,0.0042136721312999
2071,/tmp/DataSetCombined/Edges/Round-8_0060266_edge.png,0.164,0.16942225,0.0042136721312999
2072,/tmp/DataSetCombined/Edges/Round-5_0045337_edge.png,0.2044,0.20377946,0.0042136721312999
2073,/tmp/DataSetCombined/Edges/Round-1_0054301_edge.png,0.177,0.18130216,0.0042136721312999
2074,/tmp/DataSetCombined/Edges/Round-8_0074402_edge.png,0.2206,0.22249597,0.0042136721312999
2075,/tmp/DataSetCombined/Edges/Round-1_0046334_edge.png,0.1915,0.19148846,0.0042136721312999
2076,/tmp/DataSetCombined/Edges/Round-4_0030675_edge.png,0.2387,0.23732781,0.0042136721312999
2077,/tmp/DataSetCombined/Edges/Round-7_0029230_edge.png,0.3592,0.359294,0.0042136721312999
2078,/tmp/DataSetCombined/Edges/Round-9_0085126_edge.png,0.3029,0.30147344,0.0042136721312999
2079,/tmp/DataSetCombined/Edges/Round-2_0051667_edge.png,0.4091,0.39753538,0.0042136721312999
2080,/tmp/DataSetCombined/Edges/Round-6_0067546_edge.png,0.237,0.239512,0.0042136721312999
2081,/tmp/DataSetCombined/Edges/Round-8_0022087_edge.png,0.2512,0.24946813,0.0042136721312999
2082,/tmp/DataSetCombined/Edges/Round-1_0020667_edge.png,0.2597,0.25516835,0.0042136721312999
2083,/tmp/DataSetCombined/Edges/Round-9_0006325_edge.png,0.2968,0.29779795,0.0042136721312999
2084,/tmp/DataSetCombined/Edges/Round-9_0183491_edge.png,0.2555,0.25218022,0.0042136721312999
2085,/tmp/DataSetCombined/Edges/Round-8_0022268_edge.png,0.1731,0.1781753,0.0042136721312999
2086,/tmp/DataSetCombined/Edges/Round-10_0005516_edge.png,0.2843,0.28074288,0.0042136721312999
2087,/tmp/DataSetCombined/Edges/Round-5_0039829_edge.png,0.2222,0.2225249,0.0042136721312999
2088,/tmp/DataSetCombined/Edges/Round-3_0063060_edge.png,0.1665,0.1709571,0.0042136721312999
2089,/tmp/DataSetCombined/Edges/Round-10_0067155_edge.png,0.1712,0.17663735,0.0042136721312999
2090,/tmp/DataSetCombined/Edges/Round-1_0040334_edge.png,0.3959,0.38885987,0.0042136721312999
2091,/tmp/DataSetCombined/Edges/Round-9_0039976_edge.png,0.2366,0.23667681,0.0042136721312999
2092,/tmp/DataSetCombined/Edges/Round-3_0078351_edge.png,0.2313,0.23615319,0.0042136721312999
2093,/tmp/DataSetCombined/Edges/Round-8_0010270_edge.png,0.2231,0.22688597,0.0042136721312999
2094,/tmp/DataSetCombined/Edges/Round-8_0017753_edge.png,0.2424,0.24378997,0.0042136721312999
2095,/tmp/DataSetCombined/Edges/Round-5_0074593_edge.png,0.2413,0.24153216,0.0042136721312999
2096,/tmp/DataSetCombined/Edges/Round-9_0108031_edge.png,0.2164,0.2226737,0.0042136721312999
2097,/tmp/DataSetCombined/Edges/Round-4_0044731_edge.png,0.1712,0.17616159,0.0042136721312999
2098,/tmp/DataSetCombined/Edges/Round-4_0045016_edge.png,0.1873,0.18895482,0.0042136721312999
2099,/tmp/DataSetCombined/Edges/Round-5_0008404_edge.png,0.295,0.29708087,0.0042136721312999
2100,/tmp/DataSetCombined/Edges/Round-8_0026283_edge.png,0.2316,0.23572558,0.0042136721312999
2101,/tmp/DataSetCombined/Edges/Round-10_0052526_edge.png,0.2169,0.21601984,0.0042136721312999
2102,/tmp/DataSetCombined/Edges/Round-2_0095131_edge.png,0.1874,0.18849897,0.0042136721312999
2103,/tmp/DataSetCombined/Edges/Round-7_0091597_edge.png,0.2332,0.23799714,0.0042136721312999
2104,/tmp/DataSetCombined/Edges/Round-2_0081465_edge.png,0.1762,0.17974454,0.0042136721312999
2105,/tmp/DataSetCombined/Edges/Round-5_0001485_edge.png,0.166,0.17192736,0.0042136721312999
2106,/tmp/DataSetCombined/Edges/Round-4_0018876_edge.png,0.2226,0.22287281,0.0042136721312999
2107,/tmp/DataSetCombined/Edges/Round-6_0112822_edge.png,0.1627,0.16842568,0.0042136721312999
2108,/tmp/DataSetCombined/Edges/Round-2_0052734_edge.png,0.2348,0.23828444,0.0042136721312999
2109,/tmp/DataSetCombined/Edges/Round-1_0113359_edge.png,0.409,0.39782298,0.0042136721312999
2110,/tmp/DataSetCombined/Edges/Round-7_0088015_edge.png,0.1919,0.19146228,0.0042136721312999
2111,/tmp/DataSetCombined/Edges/Round-10_0144722_edge.png,0.1816,0.18343559,0.0042136721312999
2112,/tmp/DataSetCombined/Edges/Round-8_0024658_edge.png,0.1689,0.17551062,0.003445953130722
2113,/tmp/DataSetCombined/Edges/Round-6_0132681_edge.png,0.2301,0.2334697,0.003445953130722
2114,/tmp/DataSetCombined/Edges/Round-2_0073850_edge.png,0.3016,0.30189514,0.003445953130722
2115,/tmp/DataSetCombined/Edges/Round-4_0009876_edge.png,0.2615,0.254928,0.003445953130722
2116,/tmp/DataSetCombined/Edges/Round-1_0137831_edge.png,0.2304,0.23272532,0.003445953130722
2117,/tmp/DataSetCombined/Edges/Round-3_0067966_edge.png,0.2794,0.27469754,0.003445953130722
2118,/tmp/DataSetCombined/Edges/Round-4_0048554_edge.png,0.2369,0.23969342,0.003445953130722
2119,/tmp/DataSetCombined/Edges/Round-2_0071713_edge.png,0.1884,0.1893692,0.003445953130722
2120,/tmp/DataSetCombined/Edges/Round-10_0036273_edge.png,0.2598,0.2550263,0.003445953130722
2121,/tmp/DataSetCombined/Edges/Round-5_0073058_edge.png,0.1759,0.18047065,0.003445953130722
2122,/tmp/DataSetCombined/Edges/Round-10_0009935_edge.png,0.2819,0.27711576,0.003445953130722
2123,/tmp/DataSetCombined/Edges/Round-9_0106226_edge.png,0.177,0.1816558,0.003445953130722
2124,/tmp/DataSetCombined/Edges/Round-10_0049817_edge.png,0.1865,0.18789616,0.003445953130722
2125,/tmp/DataSetCombined/Edges/Round-3_0042292_edge.png,0.2064,0.20373383,0.003445953130722
2126,/tmp/DataSetCombined/Edges/Round-10_0035460_edge.png,0.2177,0.21943286,0.003445953130722
2127,/tmp/DataSetCombined/Edges/Round-5_0067310_edge.png,0.3027,0.30132145,0.003445953130722
2128,/tmp/DataSetCombined/Edges/Round-6_0002879_edge.png,0.2298,0.23272502,0.003445953130722
2129,/tmp/DataSetCombined/Edges/Round-3_0025285_edge.png,0.1888,0.18997212,0.003445953130722
2130,/tmp/DataSetCombined/Edges/Round-9_0076246_edge.png,0.2817,0.27726638,0.003445953130722
2131,/tmp/DataSetCombined/Edges/Round-8_0086772_edge.png,0.1782,0.18250659,0.003445953130722
2132,/tmp/DataSetCombined/Edges/Round-3_0006067_edge.png,0.2042,0.20258811,0.003445953130722
2133,/tmp/DataSetCombined/Edges/Round-8_0079849_edge.png,0.2277,0.23111868,0.003445953130722
2134,/tmp/DataSetCombined/Edges/Round-9_0023030_edge.png,0.1774,0.18184088,0.003445953130722
2135,/tmp/DataSetCombined/Edges/Round-10_0083679_edge.png,0.2368,0.23900807,0.003445953130722
2136,/tmp/DataSetCombined/Edges/Round-10_0184784_edge.png,0.2437,0.24289489,0.003445953130722
2137,/tmp/DataSetCombined/Edges/Round-8_0075304_edge.png,0.1953,0.19488612,0.003445953130722
2138,/tmp/DataSetCombined/Edges/Round-10_0015865_edge.png,0.24,0.2376456,0.003445953130722
2139,/tmp/DataSetCombined/Edges/Round-7_0113449_edge.png,0.2287,0.2323416,0.003445953130722
2140,/tmp/DataSetCombined/Edges/Round-4_0026400_edge.png,0.2266,0.2303972,0.003445953130722
2141,/tmp/DataSetCombined/Edges/Round-10_0077359_edge.png,0.1699,0.17711729,0.003445953130722
2142,/tmp/DataSetCombined/Edges/Round-9_0067366_edge.png,0.2049,0.2028689,0.003445953130722
2143,/tmp/DataSetCombined/Edges/Round-10_0115164_edge.png,0.1704,0.17493315,0.003445953130722
2144,/tmp/DataSetCombined/Edges/Round-9_0171753_edge.png,0.2303,0.23261094,0.003445953130722
2145,/tmp/DataSetCombined/Edges/Round-8_0080240_edge.png,0.1604,0.16612056,0.003445953130722
2146,/tmp/DataSetCombined/Edges/Round-4_0023150_edge.png,0.1773,0.18181661,0.003445953130722
2147,/tmp/DataSetCombined/Edges/Round-10_0007407_edge.png,0.2302,0.23602934,0.003445953130722
2148,/tmp/DataSetCombined/Edges/Round-8_0083220_edge.png,0.1864,0.18696725,0.003445953130722
2149,/tmp/DataSetCombined/Edges/Round-8_0012516_edge.png,0.4097,0.39864117,0.003445953130722
2150,/tmp/DataSetCombined/Edges/Round-5_0078868_edge.png,0.1667,0.17131695,0.003445953130722
2151,/tmp/DataSetCombined/Edges/Round-5_0079560_edge.png,0.2165,0.21481131,0.003445953130722
2152,/tmp/DataSetCombined/Edges/Round-8_0043428_edge.png,0.2285,0.23226073,0.003445953130722
2153,/tmp/DataSetCombined/Edges/Round-3_0076515_edge.png,0.2255,0.22937645,0.003445953130722
2154,/tmp/DataSetCombined/Edges/Round-5_0069868_edge.png,0.1658,0.1710378,0.003445953130722
2155,/tmp/DataSetCombined/Edges/Round-7_0079707_edge.png,0.2965,0.298591,0.003445953130722
2156,/tmp/DataSetCombined/Edges/Round-6_0124133_edge.png,0.1838,0.18572205,0.003445953130722
2157,/tmp/DataSetCombined/Edges/Round-2_0085649_edge.png,0.1769,0.181192,0.003445953130722
2158,/tmp/DataSetCombined/Edges/Round-8_0004209_edge.png,0.2226,0.2296434,0.003445953130722
2159,/tmp/DataSetCombined/Edges/Round-8_0005323_edge.png,0.2378,0.24088985,0.003445953130722
2160,/tmp/DataSetCombined/Edges/Round-4_0069804_edge.png,0.1885,0.18899634,0.003445953130722
2161,/tmp/DataSetCombined/Edges/Round-5_0067219_edge.png,0.2298,0.23269434,0.003445953130722
2162,/tmp/DataSetCombined/Edges/Round-10_0105532_edge.png,0.2278,0.23150797,0.003445953130722
2163,/tmp/DataSetCombined/Edges/Round-8_0046781_edge.png,0.2287,0.23246402,0.003445953130722
2164,/tmp/DataSetCombined/Edges/Round-5_0112068_edge.png,0.1766,0.18060361,0.003445953130722
2165,/tmp/DataSetCombined/Edges/Round-9_0136626_edge.png,0.269,0.2660393,0.003445953130722
2166,/tmp/DataSetCombined/Edges/Round-9_0006084_edge.png,0.4055,0.39559412,0.003445953130722
2167,/tmp/DataSetCombined/Edges/Round-8_0010981_edge.png,0.2022,0.20139243,0.003445953130722
2168,/tmp/DataSetCombined/Edges/Round-5_0104091_edge.png,0.2969,0.2984879,0.003445953130722
2169,/tmp/DataSetCombined/Edges/Round-5_0112279_edge.png,0.3094,0.30798918,0.003445953130722
2170,/tmp/DataSetCombined/Edges/Round-9_0144753_edge.png,0.2969,0.2983628,0.003445953130722
2171,/tmp/DataSetCombined/Edges/Round-1_0060734_edge.png,0.1725,0.17737406,0.003445953130722
2172,/tmp/DataSetCombined/Edges/Round-6_0106555_edge.png,0.2822,0.2783379,0.003445953130722
2173,/tmp/DataSetCombined/Edges/Round-6_0133103_edge.png,0.2666,0.2617046,0.003445953130722
2174,/tmp/DataSetCombined/Edges/Round-10_0093823_edge.png,0.2304,0.232178,0.003445953130722
2175,/tmp/DataSetCombined/Edges/Round-6_0021553_edge.png,0.2448,0.24394752,0.003445953130722
2176,/tmp/DataSetCombined/Edges/Round-6_0006564_edge.png,0.3027,0.30100393,0.0041058510541915
2177,/tmp/DataSetCombined/Edges/Round-9_0113509_edge.png,0.1882,0.18953177,0.0041058510541915
2178,/tmp/DataSetCombined/Edges/Round-9_0177110_edge.png,0.1728,0.17725003,0.0041058510541915
2179,/tmp/DataSetCombined/Edges/Round-9_0185809_edge.png,0.2032,0.20061034,0.0041058510541915
2180,/tmp/DataSetCombined/Edges/Round-10_0015895_edge.png,0.3026,0.3012172,0.0041058510541915
2181,/tmp/DataSetCombined/Edges/Round-6_0088345_edge.png,0.2369,0.23970628,0.0041058510541915
2182,/tmp/DataSetCombined/Edges/Round-9_0077540_edge.png,0.3019,0.29952556,0.0041058510541915
2183,/tmp/DataSetCombined/Edges/Round-10_0036062_edge.png,0.1761,0.18014193,0.0041058510541915
2184,/tmp/DataSetCombined/Edges/Round-10_0175363_edge.png,0.2333,0.23583621,0.0041058510541915
2185,/tmp/DataSetCombined/Edges/Round-5_0069356_edge.png,0.1631,0.16858953,0.0041058510541915
2186,/tmp/DataSetCombined/Edges/Round-7_0018455_edge.png,0.3023,0.30059475,0.0041058510541915
2187,/tmp/DataSetCombined/Edges/Round-9_0052437_edge.png,0.2249,0.22511844,0.0041058510541915
2188,/tmp/DataSetCombined/Edges/Round-9_0027124_edge.png,0.282,0.27763546,0.0041058510541915
2189,/tmp/DataSetCombined/Edges/Round-8_0081895_edge.png,0.2822,0.27882624,0.0041058510541915
2190,/tmp/DataSetCombined/Edges/Round-10_0141110_edge.png,0.297,0.29780465,0.0041058510541915
2191,/tmp/DataSetCombined/Edges/Round-1_0031467_edge.png,0.2268,0.23027825,0.0041058510541915
2192,/tmp/DataSetCombined/Edges/Round-4_0057162_edge.png,0.1551,0.16399288,0.0041058510541915
2193,/tmp/DataSetCombined/Edges/Round-1_0146288_edge.png,0.209,0.20649639,0.0041058510541915
2194,/tmp/DataSetCombined/Edges/Round-10_0144631_edge.png,0.2573,0.25309992,0.0041058510541915
2195,/tmp/DataSetCombined/Edges/Round-8_0028781_edge.png,0.4095,0.3982191,0.0041058510541915
2196,/tmp/DataSetCombined/Edges/Round-5_0058550_edge.png,0.1779,0.18171543,0.0041058510541915
2197,/tmp/DataSetCombined/Edges/Round-4_0021735_edge.png,0.1738,0.17985329,0.0041058510541915
2198,/tmp/DataSetCombined/Edges/Round-6_0069773_edge.png,0.2338,0.23431231,0.0041058510541915
2199,/tmp/DataSetCombined/Edges/Round-10_0167116_edge.png,0.2542,0.25232303,0.0041058510541915
2200,/tmp/DataSetCombined/Edges/Round-4_0078533_edge.png,0.1897,0.18960223,0.0041058510541915
2201,/tmp/DataSetCombined/Edges/Round-9_0142044_edge.png,0.1722,0.1773885,0.0041058510541915
2202,/tmp/DataSetCombined/Edges/Round-9_0065832_edge.png,0.186,0.18712313,0.0041058510541915
2203,/tmp/DataSetCombined/Edges/Round-1_0125279_edge.png,0.4096,0.39830863,0.0041058510541915
2204,/tmp/DataSetCombined/Edges/Round-3_0079615_edge.png,0.2818,0.27694035,0.0041058510541915
2205,/tmp/DataSetCombined/Edges/Round-8_0000849_edge.png,0.1732,0.17832246,0.0041058510541915
2206,/tmp/DataSetCombined/Edges/Round-1_0013434_edge.png,0.3018,0.2996382,0.0041058510541915
2207,/tmp/DataSetCombined/Edges/Round-7_0047862_edge.png,0.2532,0.251346,0.0041058510541915
2208,/tmp/DataSetCombined/Edges/Round-10_0073807_edge.png,0.1717,0.17788702,0.0041058510541915
2209,/tmp/DataSetCombined/Edges/Round-9_0044401_edge.png,0.243,0.24334034,0.0041058510541915
2210,/tmp/DataSetCombined/Edges/Round-9_0141472_edge.png,0.2902,0.29162407,0.0041058510541915
2211,/tmp/DataSetCombined/Edges/Round-6_0128768_edge.png,0.1843,0.18557397,0.0041058510541915
2212,/tmp/DataSetCombined/Edges/Round-1_0051956_edge.png,0.237,0.23616381,0.0041058510541915
2213,/tmp/DataSetCombined/Edges/Round-8_0051585_edge.png,0.4084,0.39703977,0.0041058510541915
2214,/tmp/DataSetCombined/Edges/Round-6_0101303_edge.png,0.1886,0.18860653,0.0041058510541915
2215,/tmp/DataSetCombined/Edges/Round-6_0039252_edge.png,0.225,0.226344,0.0041058510541915
2216,/tmp/DataSetCombined/Edges/Round-8_0048485_edge.png,0.2535,0.25160712,0.0041058510541915
2217,/tmp/DataSetCombined/Edges/Round-4_0004067_edge.png,0.2969,0.298167,0.0041058510541915
2218,/tmp/DataSetCombined/Edges/Round-1_0063601_edge.png,0.1741,0.17967254,0.0041058510541915
2219,/tmp/DataSetCombined/Edges/Round-9_0135542_edge.png,0.2817,0.274244,0.0041058510541915
2220,/tmp/DataSetCombined/Edges/Round-9_0001304_edge.png,0.171,0.17578202,0.0041058510541915
2221,/tmp/DataSetCombined/Edges/Round-9_0010569_edge.png,0.2057,0.20309621,0.0041058510541915
2222,/tmp/DataSetCombined/Edges/Round-9_0116339_edge.png,0.1927,0.19216877,0.0041058510541915
2223,/tmp/DataSetCombined/Edges/Round-2_0111444_edge.png,0.2419,0.24226248,0.0041058510541915
2224,/tmp/DataSetCombined/Edges/Round-2_0065605_edge.png,0.3023,0.3004949,0.0041058510541915
2225,/tmp/DataSetCombined/Edges/Round-8_0046600_edge.png,0.2799,0.27397776,0.0041058510541915
2226,/tmp/DataSetCombined/Edges/Round-3_0044670_edge.png,0.2487,0.24954727,0.0041058510541915
2227,/tmp/DataSetCombined/Edges/Round-10_0018273_edge.png,0.1867,0.18809208,0.0041058510541915
2228,/tmp/DataSetCombined/Edges/Round-5_0101834_edge.png,0.1986,0.19647408,0.0041058510541915
2229,/tmp/DataSetCombined/Edges/Round-7_0094787_edge.png,0.228,0.23145796,0.0041058510541915
2230,/tmp/DataSetCombined/Edges/Round-8_0062313_edge.png,0.2299,0.23419368,0.0041058510541915
2231,/tmp/DataSetCombined/Edges/Round-3_0075010_edge.png,0.1888,0.190096,0.0041058510541915
2232,/tmp/DataSetCombined/Edges/Round-8_0036927_edge.png,0.1777,0.18176858,0.0041058510541915
2233,/tmp/DataSetCombined/Edges/Round-1_0063801_edge.png,0.1872,0.18701729,0.0041058510541915
2234,/tmp/DataSetCombined/Edges/Round-4_0007077_edge.png,0.228,0.2314089,0.0041058510541915
2235,/tmp/DataSetCombined/Edges/Round-2_0052600_edge.png,0.3307,0.33203775,0.0041058510541915
2236,/tmp/DataSetCombined/Edges/Round-8_0028541_edge.png,0.1764,0.1804214,0.0041058510541915
2237,/tmp/DataSetCombined/Edges/Round-9_0013910_edge.png,0.2092,0.20835412,0.0041058510541915
2238,/tmp/DataSetCombined/Edges/Round-9_0135994_edge.png,0.2419,0.24173707,0.0041058510541915
2239,/tmp/DataSetCombined/Edges/Round-10_0099723_edge.png,0.19,0.19040804,0.0041058510541915
2240,/tmp/DataSetCombined/Edges/Round-2_0075626_edge.png,0.2961,0.29767704,0.0038859955966472
2241,/tmp/DataSetCombined/Edges/Round-7_0015445_edge.png,0.2722,0.26776072,0.0038859955966472
2242,/tmp/DataSetCombined/Edges/Round-1_0059501_edge.png,0.2646,0.25644276,0.0038859955966472
2243,/tmp/DataSetCombined/Edges/Round-9_0023964_edge.png,0.2483,0.24789746,0.0038859955966472
2244,/tmp/DataSetCombined/Edges/Round-7_0065802_edge.png,0.231,0.2349216,0.0038859955966472
2245,/tmp/DataSetCombined/Edges/Round-2_0078726_edge.png,0.2514,0.24970412,0.0038859955966472
2246,/tmp/DataSetCombined/Edges/Round-9_0170006_edge.png,0.1732,0.17900439,0.0038859955966472
2247,/tmp/DataSetCombined/Edges/Round-6_0129310_edge.png,0.1713,0.1771262,0.0038859955966472
2248,/tmp/DataSetCombined/Edges/Round-9_0151977_edge.png,0.2833,0.27993864,0.0038859955966472
2249,/tmp/DataSetCombined/Edges/Round-2_0059400_edge.png,0.1542,0.1622444,0.0038859955966472
2250,/tmp/DataSetCombined/Edges/Round-5_0047203_edge.png,0.2299,0.23376316,0.0038859955966472
2251,/tmp/DataSetCombined/Edges/Round-2_0056267_edge.png,0.3629,0.36147597,0.0038859955966472
2252,/tmp/DataSetCombined/Edges/Round-5_0098974_edge.png,0.1843,0.18549687,0.0038859955966472
2253,/tmp/DataSetCombined/Edges/Round-5_0074714_edge.png,0.2009,0.20092972,0.0038859955966472
2254,/tmp/DataSetCombined/Edges/Round-1_0062901_edge.png,0.2523,0.2505958,0.0038859955966472
2255,/tmp/DataSetCombined/Edges/Round-1_0149900_edge.png,0.2671,0.26122665,0.0038859955966472
2256,/tmp/DataSetCombined/Edges/Round-7_0095570_edge.png,0.2302,0.23271097,0.0038859955966472
2257,/tmp/DataSetCombined/Edges/Round-6_0001485_edge.png,0.1734,0.17906614,0.0038859955966472
2258,/tmp/DataSetCombined/Edges/Round-5_0110352_edge.png,0.2082,0.20763455,0.0038859955966472
2259,/tmp/DataSetCombined/Edges/Round-2_0060922_edge.png,0.2298,0.23333685,0.0038859955966472
2260,/tmp/DataSetCombined/Edges/Round-5_0036157_edge.png,0.2326,0.22805399,0.0038859955966472
2261,/tmp/DataSetCombined/Edges/Round-7_0001509_edge.png,0.2872,0.2809958,0.0038859955966472
2262,/tmp/DataSetCombined/Edges/Round-9_0067577_edge.png,0.3458,0.35109,0.0038859955966472
2263,/tmp/DataSetCombined/Edges/Round-9_0040036_edge.png,0.2053,0.20282191,0.0038859955966472
2264,/tmp/DataSetCombined/Edges/Round-6_0034978_edge.png,0.2251,0.22864331,0.0038859955966472
2265,/tmp/DataSetCombined/Edges/Round-9_0065621_edge.png,0.2802,0.27663916,0.0038859955966472
2266,/tmp/DataSetCombined/Edges/Round-10_0084251_edge.png,0.1957,0.19350936,0.0038859955966472
2267,/tmp/DataSetCombined/Edges/Round-2_0108101_edge.png,0.2292,0.23287669,0.0038859955966472
2268,/tmp/DataSetCombined/Edges/Round-8_0006135_edge.png,0.2962,0.29750407,0.0038859955966472
2269,/tmp/DataSetCombined/Edges/Round-9_0157154_edge.png,0.1726,0.17834716,0.0038859955966472
2270,/tmp/DataSetCombined/Edges/Round-2_0095792_edge.png,0.169,0.17562981,0.0038859955966472
2271,/tmp/DataSetCombined/Edges/Round-5_0008284_edge.png,0.3759,0.37089312,0.0038859955966472
2272,/tmp/DataSetCombined/Edges/Round-3_0080458_edge.png,0.4091,0.39768845,0.0038859955966472
2273,/tmp/DataSetCombined/Edges/Round-10_0045393_edge.png,0.2768,0.27294976,0.0038859955966472
2274,/tmp/DataSetCombined/Edges/Round-1_0166154_edge.png,0.2443,0.24347115,0.0038859955966472
2275,/tmp/DataSetCombined/Edges/Round-8_0064919_edge.png,0.2286,0.23212746,0.0038859955966472
2276,/tmp/DataSetCombined/Edges/Round-4_0025437_edge.png,0.2963,0.29828358,0.0038859955966472
2277,/tmp/DataSetCombined/Edges/Round-8_0033947_edge.png,0.3024,0.30224127,0.0038859955966472
2278,/tmp/DataSetCombined/Edges/Round-9_0127747_edge.png,0.2513,0.25128356,0.0038859955966472
2279,/tmp/DataSetCombined/Edges/Round-1_0110439_edge.png,0.235,0.2386403,0.0038859955966472
2280,/tmp/DataSetCombined/Edges/Round-2_0070117_edge.png,0.2585,0.2540549,0.0038859955966472
2281,/tmp/DataSetCombined/Edges/Round-7_0127596_edge.png,0.2033,0.20232594,0.0038859955966472
2282,/tmp/DataSetCombined/Edges/Round-10_0055837_edge.png,0.3041,0.30314708,0.0038859955966472
2283,/tmp/DataSetCombined/Edges/Round-10_0157755_edge.png,0.1716,0.17687565,0.0038859955966472
2284,/tmp/DataSetCombined/Edges/Round-7_0093132_edge.png,0.2175,0.21747378,0.0038859955966472
2285,/tmp/DataSetCombined/Edges/Round-9_0055748_edge.png,0.1722,0.17794168,0.0038859955966472
2286,/tmp/DataSetCombined/Edges/Round-3_0073656_edge.png,0.2284,0.23214039,0.0038859955966472
2287,/tmp/DataSetCombined/Edges/Round-8_0041712_edge.png,0.1971,0.19662875,0.0038859955966472
2288,/tmp/DataSetCombined/Edges/Round-10_0163805_edge.png,0.2438,0.24298188,0.0038859955966472
2289,/tmp/DataSetCombined/Edges/Round-10_0169193_edge.png,0.185,0.18578334,0.0038859955966472
2290,/tmp/DataSetCombined/Edges/Round-2_0006400_edge.png,0.1713,0.17618403,0.0038859955966472
2291,/tmp/DataSetCombined/Edges/Round-4_0020351_edge.png,0.3263,0.32484156,0.0038859955966472
2292,/tmp/DataSetCombined/Edges/Round-9_0089370_edge.png,0.1727,0.17838496,0.0038859955966472
2293,/tmp/DataSetCombined/Edges/Round-3_0015322_edge.png,0.2966,0.29808414,0.0038859955966472
2294,/tmp/DataSetCombined/Edges/Round-8_0061789_edge.png,0.1834,0.18515985,0.0038859955966472
2295,/tmp/DataSetCombined/Edges/Round-9_0004759_edge.png,0.3565,0.3578332,0.0038859955966472
2296,/tmp/DataSetCombined/Edges/Round-6_0131718_edge.png,0.2445,0.2437115,0.0038859955966472
2297,/tmp/DataSetCombined/Edges/Round-10_0030404_edge.png,0.2864,0.28051746,0.0038859955966472
2298,/tmp/DataSetCombined/Edges/Round-6_0130996_edge.png,0.2126,0.21256386,0.0038859955966472
2299,/tmp/DataSetCombined/Edges/Round-1_0041767_edge.png,0.2822,0.27796218,0.0038859955966472
2300,/tmp/DataSetCombined/Edges/Round-3_0028928_edge.png,0.2279,0.23130813,0.0038859955966472
2301,/tmp/DataSetCombined/Edges/Round-9_0157966_edge.png,0.2776,0.27154082,0.0038859955966472
2302,/tmp/DataSetCombined/Edges/Round-2_0071592_edge.png,0.1723,0.17760524,0.0038859955966472
2303,/tmp/DataSetCombined/Edges/Round-10_0043888_edge.png,0.187,0.18880644,0.0038859955966472
2304,/tmp/DataSetCombined/Edges/Round-10_0155930_edge.png,0.2278,0.2314619,0.0039359517395496
2305,/tmp/DataSetCombined/Edges/Round-10_0175032_edge.png,0.1887,0.18980666,0.0039359517395496
2306,/tmp/DataSetCombined/Edges/Round-8_0002595_edge.png,0.2606,0.2553848,0.0039359517395496
2307,/tmp/DataSetCombined/Edges/Round-4_0085546_edge.png,0.3026,0.30101722,0.0039359517395496
2308,/tmp/DataSetCombined/Edges/Round-9_0095119_edge.png,0.2204,0.22549295,0.0039359517395496
2309,/tmp/DataSetCombined/Edges/Round-9_0119379_edge.png,0.2168,0.21608828,0.0039359517395496
2310,/tmp/DataSetCombined/Edges/Round-9_0088015_edge.png,0.1925,0.19183534,0.0039359517395496
2311,/tmp/DataSetCombined/Edges/Round-7_0047230_edge.png,0.1777,0.18171513,0.0039359517395496
2312,/tmp/DataSetCombined/Edges/Round-9_0169465_edge.png,0.1655,0.17111844,0.0039359517395496
2313,/tmp/DataSetCombined/Edges/Round-10_0016467_edge.png,0.254,0.25133678,0.0039359517395496
2314,/tmp/DataSetCombined/Edges/Round-8_0029552_edge.png,0.2531,0.25201756,0.0039359517395496
2315,/tmp/DataSetCombined/Edges/Round-1_0057014_edge.png,0.2143,0.21292299,0.0039359517395496
2316,/tmp/DataSetCombined/Edges/Round-4_0027635_edge.png,0.2086,0.20622976,0.0039359517395496
2317,/tmp/DataSetCombined/Edges/Round-7_0041842_edge.png,0.1877,0.1891089,0.0039359517395496
2318,/tmp/DataSetCombined/Edges/Round-2_0087214_edge.png,0.2242,0.22582029,0.0039359517395496
2319,/tmp/DataSetCombined/Edges/Round-6_0029199_edge.png,0.2545,0.25242445,0.0039359517395496
2320,/tmp/DataSetCombined/Edges/Round-5_0028210_edge.png,0.2412,0.24296457,0.0039359517395496
2321,/tmp/DataSetCombined/Edges/Round-6_0105893_edge.png,0.2394,0.23915727,0.0039359517395496
2322,/tmp/DataSetCombined/Edges/Round-3_0055566_edge.png,0.173,0.17845663,0.0039359517395496
2323,/tmp/DataSetCombined/Edges/Round-7_0007740_edge.png,0.2405,0.2427594,0.0039359517395496
2324,/tmp/DataSetCombined/Edges/Round-10_0059720_edge.png,0.2447,0.24405116,0.0039359517395496
2325,/tmp/DataSetCombined/Edges/Round-10_0022457_edge.png,0.2334,0.23401386,0.0039359517395496
2326,/tmp/DataSetCombined/Edges/Round-4_0015655_edge.png,0.2263,0.23017162,0.0039359517395496
2327,/tmp/DataSetCombined/Edges/Round-5_0093376_edge.png,0.2547,0.2523536,0.0039359517395496
2328,/tmp/DataSetCombined/Edges/Round-6_0090903_edge.png,0.1687,0.17575473,0.0039359517395496
2329,/tmp/DataSetCombined/Edges/Round-1_0007967_edge.png,0.1838,0.18608046,0.0039359517395496
2330,/tmp/DataSetCombined/Edges/Round-9_0187825_edge.png,0.1711,0.17651585,0.0039359517395496
2331,/tmp/DataSetCombined/Edges/Round-1_0051083_edge.png,0.2255,0.2292682,0.0039359517395496
2332,/tmp/DataSetCombined/Edges/Round-4_0015083_edge.png,0.3735,0.36951208,0.0039359517395496
2333,/tmp/DataSetCombined/Edges/Round-7_0084885_edge.png,0.2303,0.23272324,0.0039359517395496
2334,/tmp/DataSetCombined/Edges/Round-7_0080822_edge.png,0.274,0.26736787,0.0039359517395496
2335,/tmp/DataSetCombined/Edges/Round-1_0111915_edge.png,0.1709,0.17587405,0.0039359517395496
2336,/tmp/DataSetCombined/Edges/Round-7_0062852_edge.png,0.1951,0.19322036,0.0039359517395496
2337,/tmp/DataSetCombined/Edges/Round-5_0063397_edge.png,0.1869,0.18801704,0.0039359517395496
2338,/tmp/DataSetCombined/Edges/Round-9_0012135_edge.png,0.2207,0.2227329,0.0039359517395496
2339,/tmp/DataSetCombined/Edges/Round-10_0186560_edge.png,0.2632,0.25619665,0.0039359517395496
2340,/tmp/DataSetCombined/Edges/Round-9_0097226_edge.png,0.2836,0.2797295,0.0039359517395496
2341,/tmp/DataSetCombined/Edges/Round-9_0086751_edge.png,0.23,0.23243152,0.0039359517395496
2342,/tmp/DataSetCombined/Edges/Round-8_0009686_edge.png,0.2197,0.21923347,0.0039359517395496
2343,/tmp/DataSetCombined/Edges/Round-2_0073789_edge.png,0.1854,0.1860489,0.0039359517395496
2344,/tmp/DataSetCombined/Edges/Round-6_0085786_edge.png,0.2359,0.23809928,0.0039359517395496
2345,/tmp/DataSetCombined/Edges/Round-10_0002940_edge.png,0.2439,0.24317291,0.0039359517395496
2346,/tmp/DataSetCombined/Edges/Round-9_0089641_edge.png,0.2279,0.23136425,0.0039359517395496
2347,/tmp/DataSetCombined/Edges/Round-10_0002152_edge.png,0.2064,0.20421247,0.0039359517395496
2348,/tmp/DataSetCombined/Edges/Round-10_0154143_edge.png,0.1862,0.18730105,0.0039359517395496
2349,/tmp/DataSetCombined/Edges/Round-1_0170967_edge.png,0.226,0.23018488,0.0039359517395496
2350,/tmp/DataSetCombined/Edges/Round-9_0144603_edge.png,0.1629,0.16845632,0.0039359517395496
2351,/tmp/DataSetCombined/Edges/Round-1_0144902_edge.png,0.2368,0.23887002,0.0039359517395496
2352,/tmp/DataSetCombined/Edges/Round-10_0123381_edge.png,0.3022,0.30036518,0.0039359517395496
2353,/tmp/DataSetCombined/Edges/Round-1_0062401_edge.png,0.2675,0.26298988,0.0039359517395496
2354,/tmp/DataSetCombined/Edges/Round-8_0028077_edge.png,0.1887,0.18991113,0.0039359517395496
2355,/tmp/DataSetCombined/Edges/Round-9_0127175_edge.png,0.2821,0.27752623,0.0039359517395496
2356,/tmp/DataSetCombined/Edges/Round-2_0099314_edge.png,0.1759,0.18155906,0.0039359517395496
2357,/tmp/DataSetCombined/Edges/Round-10_0070255_edge.png,0.2277,0.23210004,0.0039359517395496
2358,/tmp/DataSetCombined/Edges/Round-9_0053581_edge.png,0.4072,0.39609867,0.0039359517395496
2359,/tmp/DataSetCombined/Edges/Round-8_0008543_edge.png,0.2966,0.29854465,0.0039359517395496
2360,/tmp/DataSetCombined/Edges/Round-8_0065190_edge.png,0.1893,0.18915519,0.0039359517395496
2361,/tmp/DataSetCombined/Edges/Round-10_0167237_edge.png,0.4089,0.39761418,0.0039359517395496
2362,/tmp/DataSetCombined/Edges/Round-1_0109296_edge.png,0.2178,0.21738692,0.0039359517395496
2363,/tmp/DataSetCombined/Edges/Round-6_0065378_edge.png,0.1636,0.1720589,0.0039359517395496
2364,/tmp/DataSetCombined/Edges/Round-7_0059330_edge.png,0.2229,0.22718596,0.0039359517395496
2365,/tmp/DataSetCombined/Edges/Round-10_0174279_edge.png,0.2455,0.24551055,0.0039359517395496
2366,/tmp/DataSetCombined/Edges/Round-8_0076658_edge.png,0.1903,0.19072144,0.0039359517395496
2367,/tmp/DataSetCombined/Edges/Round-8_0013178_edge.png,0.1887,0.18830301,0.0039359517395496
2368,/tmp/DataSetCombined/Edges/Round-9_0157756_edge.png,0.2512,0.25081763,0.0038459822535514
2369,/tmp/DataSetCombined/Edges/Round-1_0060801_edge.png,0.2229,0.22367811,0.0038459822535514
2370,/tmp/DataSetCombined/Edges/Round-10_0125217_edge.png,0.3006,0.2984608,0.0038459822535514
2371,/tmp/DataSetCombined/Edges/Round-7_0079462_edge.png,0.1607,0.16850564,0.0038459822535514
2372,/tmp/DataSetCombined/Edges/Round-9_0124075_edge.png,0.261,0.25578654,0.0038459822535514
2373,/tmp/DataSetCombined/Edges/Round-1_0091477_edge.png,0.255,0.25269055,0.0038459822535514
2374,/tmp/DataSetCombined/Edges/Round-6_0002940_edge.png,0.274,0.2681933,0.0038459822535514
2375,/tmp/DataSetCombined/Edges/Round-1_0093222_edge.png,0.2282,0.2318552,0.0038459822535514
2376,/tmp/DataSetCombined/Edges/Round-5_0088379_edge.png,0.1897,0.19038871,0.0038459822535514
2377,/tmp/DataSetCombined/Edges/Round-9_0156522_edge.png,0.2272,0.23095542,0.0038459822535514
2378,/tmp/DataSetCombined/Edges/Round-1_0094065_edge.png,0.26,0.25453824,0.0038459822535514
2379,/tmp/DataSetCombined/Edges/Round-9_0103968_edge.png,0.2364,0.23874044,0.0038459822535514
2380,/tmp/DataSetCombined/Edges/Round-9_0012194_edge.png,0.2814,0.27664512,0.0038459822535514
2381,/tmp/DataSetCombined/Edges/Round-9_0141082_edge.png,0.2333,0.23565607,0.0038459822535514
2382,/tmp/DataSetCombined/Edges/Round-4_0088037_edge.png,0.2197,0.2251661,0.0038459822535514
2383,/tmp/DataSetCombined/Edges/Round-9_0161729_edge.png,0.1732,0.17850846,0.0038459822535514
2384,/tmp/DataSetCombined/Edges/Round-9_0083891_edge.png,0.1657,0.17087504,0.0038459822535514
2385,/tmp/DataSetCombined/Edges/Round-7_0053731_edge.png,0.2938,0.29569438,0.0038459822535514
2386,/tmp/DataSetCombined/Edges/Round-2_0072977_edge.png,0.2702,0.26603466,0.0038459822535514
2387,/tmp/DataSetCombined/Edges/Round-7_0031789_edge.png,0.2245,0.22579247,0.0038459822535514
2388,/tmp/DataSetCombined/Edges/Round-3_0033864_edge.png,0.1692,0.17450155,0.0038459822535514
2389,/tmp/DataSetCombined/Edges/Round-9_0171722_edge.png,0.2528,0.25141665,0.0038459822535514
2390,/tmp/DataSetCombined/Edges/Round-3_0060442_edge.png,0.1723,0.17829989,0.0038459822535514
2391,/tmp/DataSetCombined/Edges/Round-3_0018242_edge.png,0.2319,0.2366625,0.0038459822535514
2392,/tmp/DataSetCombined/Edges/Round-5_0118991_edge.png,0.2461,0.24504223,0.0038459822535514
2393,/tmp/DataSetCombined/Edges/Round-4_0021374_edge.png,0.1688,0.17401613,0.0038459822535514
2394,/tmp/DataSetCombined/Edges/Round-4_0063544_edge.png,0.2823,0.27905738,0.0038459822535514
2395,/tmp/DataSetCombined/Edges/Round-4_0016528_edge.png,0.1722,0.17818037,0.0038459822535514
2396,/tmp/DataSetCombined/Edges/Round-10_0166032_edge.png,0.3025,0.3021403,0.0038459822535514
2397,/tmp/DataSetCombined/Edges/Round-10_0104569_edge.png,0.4076,0.39638966,0.0038459822535514
2398,/tmp/DataSetCombined/Edges/Round-1_0034318_edge.png,0.2203,0.2261841,0.0038459822535514
2399,/tmp/DataSetCombined/Edges/Round-2_0086973_edge.png,0.2292,0.23186368,0.0038459822535514
2400,/tmp/DataSetCombined/Edges/Round-3_0044609_edge.png,0.1878,0.18945806,0.0038459822535514
2401,/tmp/DataSetCombined/Edges/Round-5_0038830_edge.png,0.2264,0.23049667,0.0038459822535514
2402,/tmp/DataSetCombined/Edges/Round-3_0072209_edge.png,0.2307,0.233175,0.0038459822535514
2403,/tmp/DataSetCombined/Edges/Round-6_0012915_edge.png,0.2946,0.29539907,0.0038459822535514
2404,/tmp/DataSetCombined/Edges/Round-9_0084042_edge.png,0.4091,0.39780694,0.0038459822535514
2405,/tmp/DataSetCombined/Edges/Round-9_0008702_edge.png,0.4091,0.39790082,0.0038459822535514
2406,/tmp/DataSetCombined/Edges/Round-1_0013267_edge.png,0.2547,0.25241357,0.0038459822535514
2407,/tmp/DataSetCombined/Edges/Round-9_0051459_edge.png,0.2418,0.241881,0.0038459822535514
2408,/tmp/DataSetCombined/Edges/Round-8_0036517_edge.png,0.2641,0.2583647,0.0038459822535514
2409,/tmp/DataSetCombined/Edges/Round-9_0127686_edge.png,0.1689,0.17394134,0.0038459822535514
2410,/tmp/DataSetCombined/Edges/Round-9_0002091_edge.png,0.2266,0.23008233,0.0038459822535514
2411,/tmp/DataSetCombined/Edges/Round-5_0031100_edge.png,0.2967,0.29801148,0.0038459822535514
2412,/tmp/DataSetCombined/Edges/Round-1_0072300_edge.png,0.1933,0.19267456,0.0038459822535514
2413,/tmp/DataSetCombined/Edges/Round-5_0106349_edge.png,0.2323,0.2365171,0.0038459822535514
2414,/tmp/DataSetCombined/Edges/Round-8_0019210_edge.png,0.1983,0.19739555,0.0038459822535514
2415,/tmp/DataSetCombined/Edges/Round-9_0171572_edge.png,0.2291,0.23196977,0.0038459822535514
2416,/tmp/DataSetCombined/Edges/Round-8_0066094_edge.png,0.2293,0.23249549,0.0038459822535514
2417,/tmp/DataSetCombined/Edges/Round-7_0101078_edge.png,0.2465,0.24533072,0.0038459822535514
2418,/tmp/DataSetCombined/Edges/Round-2_0083475_edge.png,0.2402,0.24254611,0.0038459822535514
2419,/tmp/DataSetCombined/Edges/Round-10_0150140_edge.png,0.232,0.23504016,0.0038459822535514
2420,/tmp/DataSetCombined/Edges/Round-5_0094700_edge.png,0.2157,0.22001566,0.0038459822535514
2421,/tmp/DataSetCombined/Edges/Round-8_0079367_edge.png,0.1886,0.18983926,0.0038459822535514
2422,/tmp/DataSetCombined/Edges/Round-6_0136173_edge.png,0.2268,0.23019165,0.0038459822535514
2423,/tmp/DataSetCombined/Edges/Round-2_0095492_edge.png,0.1722,0.1783254,0.0038459822535514
2424,/tmp/DataSetCombined/Edges/Round-8_0029624_edge.png,0.1766,0.18035173,0.0038459822535514
2425,/tmp/DataSetCombined/Edges/Round-10_0046446_edge.png,0.1713,0.1773501,0.0038459822535514
2426,/tmp/DataSetCombined/Edges/Round-5_0091690_edge.png,0.2371,0.23983976,0.0038459822535514
2427,/tmp/DataSetCombined/Edges/Round-6_0121665_edge.png,0.3701,0.36588967,0.0038459822535514
2428,/tmp/DataSetCombined/Edges/Round-9_0032391_edge.png,0.1657,0.17101842,0.0038459822535514
2429,/tmp/DataSetCombined/Edges/Round-1_0153873_edge.png,0.1658,0.17098641,0.0038459822535514
2430,/tmp/DataSetCombined/Edges/Round-8_0068290_edge.png,0.2583,0.25346678,0.0038459822535514
2431,/tmp/DataSetCombined/Edges/Round-7_0018966_edge.png,0.3704,0.36668628,0.0038459822535514
2432,/tmp/DataSetCombined/Edges/Round-4_0040788_edge.png,0.1888,0.18891393,0.0036382377147674
2433,/tmp/DataSetCombined/Edges/Round-1_0067100_edge.png,0.227,0.2307865,0.0036382377147674
2434,/tmp/DataSetCombined/Edges/Round-5_0084346_edge.png,0.3875,0.38076133,0.0036382377147674
2435,/tmp/DataSetCombined/Edges/Round-10_0009484_edge.png,0.2547,0.25254294,0.0036382377147674
2436,/tmp/DataSetCombined/Edges/Round-1_0058867_edge.png,0.2421,0.24322653,0.0036382377147674
2437,/tmp/DataSetCombined/Edges/Round-6_0101709_edge.png,0.2821,0.27725917,0.0036382377147674
2438,/tmp/DataSetCombined/Edges/Round-4_0023391_edge.png,0.2268,0.23031217,0.0036382377147674
2439,/tmp/DataSetCombined/Edges/Round-4_0059842_edge.png,0.1648,0.1699872,0.0036382377147674
2440,/tmp/DataSetCombined/Edges/Round-1_0152429_edge.png,0.1889,0.18991558,0.0036382377147674
2441,/tmp/DataSetCombined/Edges/Round-10_0076576_edge.png,0.1594,0.16548708,0.0036382377147674
2442,/tmp/DataSetCombined/Edges/Round-10_0115706_edge.png,0.1696,0.17454651,0.0036382377147674
2443,/tmp/DataSetCombined/Edges/Round-5_0061741_edge.png,0.2341,0.23898737,0.0036382377147674
2444,/tmp/DataSetCombined/Edges/Round-2_0038200_edge.png,0.2241,0.22795098,0.0036382377147674
2445,/tmp/DataSetCombined/Edges/Round-6_0069893_edge.png,0.3026,0.30131525,0.0036382377147674
2446,/tmp/DataSetCombined/Edges/Round-7_0007589_edge.png,0.1723,0.17813869,0.0036382377147674
2447,/tmp/DataSetCombined/Edges/Round-8_0032454_edge.png,0.2489,0.24760558,0.0036382377147674
2448,/tmp/DataSetCombined/Edges/Round-6_0025948_edge.png,0.194,0.19415274,0.0036382377147674
2449,/tmp/DataSetCombined/Edges/Round-10_0102763_edge.png,0.1941,0.19348055,0.0036382377147674
2450,/tmp/DataSetCombined/Edges/Round-6_0025436_edge.png,0.2142,0.21715522,0.0036382377147674
2451,/tmp/DataSetCombined/Edges/Round-5_0109178_edge.png,0.2966,0.29816687,0.0036382377147674
2452,/tmp/DataSetCombined/Edges/Round-5_0009880_edge.png,0.173,0.17841817,0.0036382377147674
2453,/tmp/DataSetCombined/Edges/Round-9_0130636_edge.png,0.2288,0.23286475,0.0036382377147674
2454,/tmp/DataSetCombined/Edges/Round-4_0091596_edge.png,0.2254,0.22844666,0.0036382377147674
2455,/tmp/DataSetCombined/Edges/Round-6_0099331_edge.png,0.2398,0.24076524,0.0036382377147674
2456,/tmp/DataSetCombined/Edges/Round-2_0094980_edge.png,0.1622,0.1677362,0.0036382377147674
2457,/tmp/DataSetCombined/Edges/Round-3_0002834_edge.png,0.2817,0.27796203,0.0036382377147674
2458,/tmp/DataSetCombined/Edges/Round-10_0047590_edge.png,0.224,0.22619373,0.0036382377147674
2459,/tmp/DataSetCombined/Edges/Round-2_0070479_edge.png,0.2943,0.29656762,0.0036382377147674
2460,/tmp/DataSetCombined/Edges/Round-10_0006624_edge.png,0.196,0.19591437,0.0036382377147674
2461,/tmp/DataSetCombined/Edges/Round-1_0167057_edge.png,0.2266,0.22998555,0.0036382377147674
2462,/tmp/DataSetCombined/Edges/Round-2_0053781_edge.png,0.2682,0.26096174,0.0036382377147674
2463,/tmp/DataSetCombined/Edges/Round-3_0011741_edge.png,0.2833,0.27735257,0.0036382377147674
2464,/tmp/DataSetCombined/Edges/Round-9_0069293_edge.png,0.229,0.2325702,0.0036382377147674
2465,/tmp/DataSetCombined/Edges/Round-5_0033538_edge.png,0.2753,0.2691282,0.0036382377147674
2466,/tmp/DataSetCombined/Edges/Round-7_0021555_edge.png,0.3498,0.35381752,0.0036382377147674
2467,/tmp/DataSetCombined/Edges/Round-10_0129912_edge.png,0.2285,0.23277351,0.0036382377147674
2468,/tmp/DataSetCombined/Edges/Round-9_0197427_edge.png,0.1877,0.18781641,0.0036382377147674
2469,/tmp/DataSetCombined/Edges/Round-10_0082957_edge.png,0.2368,0.23809111,0.0036382377147674
2470,/tmp/DataSetCombined/Edges/Round-8_0016140_edge.png,0.2173,0.21724729,0.0036382377147674
2471,/tmp/DataSetCombined/Edges/Round-3_0029379_edge.png,0.1729,0.17737684,0.0036382377147674
2472,/tmp/DataSetCombined/Edges/Round-2_0001600_edge.png,0.1907,0.19133645,0.0036382377147674
2473,/tmp/DataSetCombined/Edges/Round-9_0059026_edge.png,0.2219,0.22419994,0.0036382377147674
2474,/tmp/DataSetCombined/Edges/Round-9_0137709_edge.png,0.1802,0.18331054,0.0036382377147674
2475,/tmp/DataSetCombined/Edges/Round-9_0048945_edge.png,0.243,0.24269505,0.0036382377147674
2476,/tmp/DataSetCombined/Edges/Round-7_0024083_edge.png,0.1748,0.17924756,0.0036382377147674
2477,/tmp/DataSetCombined/Edges/Round-10_0093914_edge.png,0.2265,0.2300484,0.0036382377147674
2478,/tmp/DataSetCombined/Edges/Round-1_0162482_edge.png,0.2965,0.298554,0.0036382377147674
2479,/tmp/DataSetCombined/Edges/Round-7_0095321_edge.png,0.2246,0.22638498,0.0036382377147674
2480,/tmp/DataSetCombined/Edges/Round-10_0106766_edge.png,0.1901,0.19005698,0.0036382377147674
2481,/tmp/DataSetCombined/Edges/Round-4_0007588_edge.png,0.216,0.21506405,0.0036382377147674
2482,/tmp/DataSetCombined/Edges/Round-6_0022758_edge.png,0.3534,0.35643923,0.0036382377147674
2483,/tmp/DataSetCombined/Edges/Round-7_0015625_edge.png,0.239,0.23725964,0.0036382377147674
2484,/tmp/DataSetCombined/Edges/Round-5_0003516_edge.png,0.1628,0.17122012,0.0036382377147674
2485,/tmp/DataSetCombined/Edges/Round-10_0172804_edge.png,0.2413,0.24174729,0.0036382377147674
2486,/tmp/DataSetCombined/Edges/Round-1_0132741_edge.png,0.1732,0.17833671,0.0036382377147674
2487,/tmp/DataSetCombined/Edges/Round-9_0196343_edge.png,0.2279,0.231556,0.0036382377147674
2488,/tmp/DataSetCombined/Edges/Round-1_0022534_edge.png,0.2252,0.2290378,0.0036382377147674
2489,/tmp/DataSetCombined/Edges/Round-9_0002713_edge.png,0.1906,0.19133097,0.0036382377147674
2490,/tmp/DataSetCombined/Edges/Round-4_0068209_edge.png,0.1847,0.18578228,0.0036382377147674
2491,/tmp/DataSetCombined/Edges/Round-6_0090542_edge.png,0.2871,0.28580025,0.0036382377147674
2492,/tmp/DataSetCombined/Edges/Round-9_0144121_edge.png,0.1713,0.17678173,0.0036382377147674
2493,/tmp/DataSetCombined/Edges/Round-9_0155859_edge.png,0.2226,0.22472009,0.0036382377147674
2494,/tmp/DataSetCombined/Edges/Round-5_0036848_edge.png,0.2085,0.20718358,0.0036382377147674
2495,/tmp/DataSetCombined/Edges/Round-1_0058667_edge.png,0.1831,0.18508604,0.0036382377147674
2496,/tmp/DataSetCombined/Edges/Round-5_0111074_edge.png,0.1718,0.17812909,0.0039579086005687
2497,/tmp/DataSetCombined/Edges/Round-1_0065467_edge.png,0.1875,0.18948558,0.0039579086005687
2498,/tmp/DataSetCombined/Edges/Round-7_0009305_edge.png,0.1904,0.19069093,0.0039579086005687
2499,/tmp/DataSetCombined/Edges/Round-10_0010417_edge.png,0.1906,0.19154228,0.0039579086005687
2500,/tmp/DataSetCombined/Edges/Round-8_0021829_edge.png,0.1898,0.19004242,0.0039579086005687
2501,/tmp/DataSetCombined/Edges/Round-1_0101834_edge.png,0.1788,0.18270324,0.0039579086005687
2502,/tmp/DataSetCombined/Edges/Round-9_0024760_edge.png,0.3024,0.300983,0.0039579086005687
2503,/tmp/DataSetCombined/Edges/Round-10_0184754_edge.png,0.2255,0.22950172,0.0039579086005687
2504,/tmp/DataSetCombined/Edges/Round-9_0018545_edge.png,0.1661,0.17092691,0.0039579086005687
2505,/tmp/DataSetCombined/Edges/Round-8_0056431_edge.png,0.2623,0.2555328,0.0039579086005687
2506,/tmp/DataSetCombined/Edges/Round-6_0036362_edge.png,0.2653,0.2565011,0.0039579086005687
2507,/tmp/DataSetCombined/Edges/Round-5_0001576_edge.png,0.3004,0.29807678,0.0039579086005687
2508,/tmp/DataSetCombined/Edges/Round-10_0100054_edge.png,0.234,0.23884165,0.0039579086005687
2509,/tmp/DataSetCombined/Edges/Round-10_0097255_edge.png,0.2549,0.25232995,0.0039579086005687
2510,/tmp/DataSetCombined/Edges/Round-4_0089612_edge.png,0.3366,0.3396904,0.0039579086005687
2511,/tmp/DataSetCombined/Edges/Round-7_0025287_edge.png,0.23,0.23235163,0.0039579086005687
2512,/tmp/DataSetCombined/Edges/Round-8_0018548_edge.png,0.1724,0.17899373,0.0039579086005687
2513,/tmp/DataSetCombined/Edges/Round-10_0100385_edge.png,0.2862,0.28032362,0.0039579086005687
2514,/tmp/DataSetCombined/Edges/Round-7_0043708_edge.png,0.1734,0.18004245,0.0039579086005687
2515,/tmp/DataSetCombined/Edges/Round-6_0078381_edge.png,0.2549,0.2525602,0.0039579086005687
2516,/tmp/DataSetCombined/Edges/Round-9_0127958_edge.png,0.2065,0.20468512,0.0039579086005687
2517,/tmp/DataSetCombined/Edges/Round-1_0038934_edge.png,0.2578,0.25420436,0.0039579086005687
2518,/tmp/DataSetCombined/Edges/Round-8_0002745_edge.png,0.3211,0.31805003,0.0039579086005687
2519,/tmp/DataSetCombined/Edges/Round-1_0039434_edge.png,0.248,0.24661312,0.0039579086005687
2520,/tmp/DataSetCombined/Edges/Round-9_0186923_edge.png,0.3905,0.38320082,0.0039579086005687
2521,/tmp/DataSetCombined/Edges/Round-8_0053572_edge.png,0.2547,0.25230002,0.0039579086005687
2522,/tmp/DataSetCombined/Edges/Round-2_0102595_edge.png,0.1713,0.17722383,0.0039579086005687
2523,/tmp/DataSetCombined/Edges/Round-2_0047200_edge.png,0.213,0.21237211,0.0039579086005687
2524,/tmp/DataSetCombined/Edges/Round-3_0087020_edge.png,0.2299,0.23232019,0.0039579086005687
2525,/tmp/DataSetCombined/Edges/Round-9_0160585_edge.png,0.1722,0.17785844,0.0039579086005687
2526,/tmp/DataSetCombined/Edges/Round-1_0009267_edge.png,0.1772,0.18177086,0.0039579086005687
2527,/tmp/DataSetCombined/Edges/Round-9_0141584_edge.png,0.2232,0.22434565,0.0039579086005687
2528,/tmp/DataSetCombined/Edges/Round-5_0030919_edge.png,0.1908,0.19189039,0.0039579086005687
2529,/tmp/DataSetCombined/Edges/Round-8_0019198_edge.png,0.2249,0.23076737,0.0039579086005687
2530,/tmp/DataSetCombined/Edges/Round-6_0107609_edge.png,0.2544,0.25197652,0.0039579086005687
2531,/tmp/DataSetCombined/Edges/Round-10_0032932_edge.png,0.19,0.19093518,0.0039579086005687
2532,/tmp/DataSetCombined/Edges/Round-1_0009734_edge.png,0.2369,0.23972681,0.0039579086005687
2533,/tmp/DataSetCombined/Edges/Round-9_0039374_edge.png,0.2192,0.21866843,0.0039579086005687
2534,/tmp/DataSetCombined/Edges/Round-9_0002182_edge.png,0.1713,0.17635031,0.0039579086005687
2535,/tmp/DataSetCombined/Edges/Round-6_0076034_edge.png,0.2988,0.29546005,0.0039579086005687
2536,/tmp/DataSetCombined/Edges/Round-1_0114593_edge.png,0.2991,0.29636928,0.0039579086005687
2537,/tmp/DataSetCombined/Edges/Round-9_0137516_edge.png,0.2821,0.27748123,0.0039579086005687
2538,/tmp/DataSetCombined/Edges/Round-8_0058026_edge.png,0.1903,0.19053206,0.0039579086005687
2539,/tmp/DataSetCombined/Edges/Round-9_0004217_edge.png,0.297,0.2980516,0.0039579086005687
2540,/tmp/DataSetCombined/Edges/Round-5_0045367_edge.png,0.2854,0.27904058,0.0039579086005687
2541,/tmp/DataSetCombined/Edges/Round-7_0011352_edge.png,0.2295,0.2331519,0.0039579086005687
2542,/tmp/DataSetCombined/Edges/Round-7_0028147_edge.png,0.2494,0.24966782,0.0039579086005687
2543,/tmp/DataSetCombined/Edges/Round-2_0093477_edge.png,0.3029,0.30153108,0.0039579086005687
2544,/tmp/DataSetCombined/Edges/Round-1_0166635_edge.png,0.2297,0.23319837,0.0039579086005687
2545,/tmp/DataSetCombined/Edges/Round-7_0099212_edge.png,0.1723,0.17738192,0.0039579086005687
2546,/tmp/DataSetCombined/Edges/Round-6_0107187_edge.png,0.1836,0.18547177,0.0039579086005687
2547,/tmp/DataSetCombined/Edges/Round-8_0053301_edge.png,0.2365,0.23839997,0.0039579086005687
2548,/tmp/DataSetCombined/Edges/Round-8_0087283_edge.png,0.4082,0.39735982,0.0039579086005687
2549,/tmp/DataSetCombined/Edges/Round-9_0071551_edge.png,0.2297,0.23315081,0.0039579086005687
2550,/tmp/DataSetCombined/Edges/Round-4_0029832_edge.png,0.2255,0.22960114,0.0039579086005687
2551,/tmp/DataSetCombined/Edges/Round-1_0127687_edge.png,0.3303,0.33188248,0.0039579086005687
2552,/tmp/DataSetCombined/Edges/Round-3_0082083_edge.png,0.1731,0.1768448,0.0039579086005687
2553,/tmp/DataSetCombined/Edges/Round-5_0112459_edge.png,0.3487,0.35307598,0.0039579086005687
2554,/tmp/DataSetCombined/Edges/Round-8_0034139_edge.png,0.2292,0.2327361,0.0039579086005687
2555,/tmp/DataSetCombined/Edges/Round-10_0089459_edge.png,0.2205,0.22593361,0.0039579086005687
2556,/tmp/DataSetCombined/Edges/Round-9_0053370_edge.png,0.1744,0.17935409,0.0039579086005687
2557,/tmp/DataSetCombined/Edges/Round-3_0018152_edge.png,0.2448,0.24398519,0.0039579086005687
2558,/tmp/DataSetCombined/Edges/Round-8_0045367_edge.png,0.297,0.29765147,0.0039579086005687
2559,/tmp/DataSetCombined/Edges/Round-4_0033474_edge.png,0.1812,0.18353444,0.0039579086005687
2560,/tmp/DataSetCombined/Edges/Round-2_0059267_edge.png,0.1878,0.1883427,0.0040943212807178
2561,/tmp/DataSetCombined/Edges/Round-5_0016742_edge.png,0.1723,0.17875616,0.0040943212807178
2562,/tmp/DataSetCombined/Edges/Round-7_0009635_edge.png,0.3026,0.30112892,0.0040943212807178
2563,/tmp/DataSetCombined/Edges/Round-4_0002170_edge.png,0.2197,0.22376606,0.0040943212807178
2564,/tmp/DataSetCombined/Edges/Round-7_0097918_edge.png,0.227,0.23058918,0.0040943212807178
2565,/tmp/DataSetCombined/Edges/Round-10_0082566_edge.png,0.2265,0.23012556,0.0040943212807178
2566,/tmp/DataSetCombined/Edges/Round-10_0166544_edge.png,0.1801,0.18364358,0.0040943212807178
2567,/tmp/DataSetCombined/Edges/Round-5_0115410_edge.png,0.3029,0.30130795,0.0040943212807178
2568,/tmp/DataSetCombined/Edges/Round-4_0039163_edge.png,0.176,0.18037008,0.0040943212807178
2569,/tmp/DataSetCombined/Edges/Round-4_0005331_edge.png,0.2251,0.22650692,0.0040943212807178
2570,/tmp/DataSetCombined/Edges/Round-9_0148697_edge.png,0.2366,0.2384985,0.0040943212807178
2571,/tmp/DataSetCombined/Edges/Round-8_0017633_edge.png,0.2551,0.25186014,0.0040943212807178
2572,/tmp/DataSetCombined/Edges/Round-5_0077453_edge.png,0.2592,0.25443146,0.0040943212807178
2573,/tmp/DataSetCombined/Edges/Round-7_0060354_edge.png,0.2403,0.24279022,0.0040943212807178
2574,/tmp/DataSetCombined/Edges/Round-3_0001367_edge.png,0.1754,0.17924123,0.0040943212807178
2575,/tmp/DataSetCombined/Edges/Round-10_0150591_edge.png,0.2817,0.2770815,0.0040943212807178
2576,/tmp/DataSetCombined/Edges/Round-10_0194627_edge.png,0.2185,0.21854492,0.0040943212807178
2577,/tmp/DataSetCombined/Edges/Round-1_0099543_edge.png,0.2295,0.23304349,0.0040943212807178
2578,/tmp/DataSetCombined/Edges/Round-9_0198210_edge.png,0.2969,0.29863885,0.0040943212807178
2579,/tmp/DataSetCombined/Edges/Round-10_0093101_edge.png,0.159,0.16713938,0.0040943212807178
2580,/tmp/DataSetCombined/Edges/Round-9_0009606_edge.png,0.2905,0.28605372,0.0040943212807178
2581,/tmp/DataSetCombined/Edges/Round-6_0120021_edge.png,0.2237,0.22471496,0.0040943212807178
2582,/tmp/DataSetCombined/Edges/Round-7_0031160_edge.png,0.2817,0.277337,0.0040943212807178
2583,/tmp/DataSetCombined/Edges/Round-4_0009665_edge.png,0.2815,0.2775214,0.0040943212807178
2584,/tmp/DataSetCombined/Edges/Round-9_0124917_edge.png,0.246,0.24769515,0.0040943212807178
2585,/tmp/DataSetCombined/Edges/Round-10_0124013_edge.png,0.2291,0.23246,0.0040943212807178
2586,/tmp/DataSetCombined/Edges/Round-1_0019967_edge.png,0.3049,0.30336922,0.0040943212807178
2587,/tmp/DataSetCombined/Edges/Round-3_0021192_edge.png,0.1772,0.18166694,0.0040943212807178
2588,/tmp/DataSetCombined/Edges/Round-1_0148696_edge.png,0.2603,0.25439805,0.0040943212807178
2589,/tmp/DataSetCombined/Edges/Round-10_0192459_edge.png,0.1633,0.17068398,0.0040943212807178
2590,/tmp/DataSetCombined/Edges/Round-9_0081032_edge.png,0.2545,0.25224954,0.0040943212807178
2591,/tmp/DataSetCombined/Edges/Round-4_0075764_edge.png,0.2898,0.2897387,0.0040943212807178
2592,/tmp/DataSetCombined/Edges/Round-9_0078865_edge.png,0.308,0.3052733,0.0040943212807178
2593,/tmp/DataSetCombined/Edges/Round-7_0068721_edge.png,0.3216,0.31867933,0.0040943212807178
2594,/tmp/DataSetCombined/Edges/Round-7_0125309_edge.png,0.2301,0.23526338,0.0040943212807178
2595,/tmp/DataSetCombined/Edges/Round-1_0063867_edge.png,0.2465,0.24376413,0.0040943212807178
2596,/tmp/DataSetCombined/Edges/Round-8_0049039_edge.png,0.2268,0.23039477,0.0040943212807178
2597,/tmp/DataSetCombined/Edges/Round-7_0056350_edge.png,0.19,0.18969227,0.0040943212807178
2598,/tmp/DataSetCombined/Edges/Round-7_0133917_edge.png,0.229,0.23254137,0.0040943212807178
2599,/tmp/DataSetCombined/Edges/Round-5_0068544_edge.png,0.2217,0.22585772,0.0040943212807178
2600,/tmp/DataSetCombined/Edges/Round-1_0076157_edge.png,0.168,0.1723843,0.0040943212807178
2601,/tmp/DataSetCombined/Edges/Round-2_0082759_edge.png,0.1895,0.19063503,0.0040943212807178
2602,/tmp/DataSetCombined/Edges/Round-8_0038354_edge.png,0.1834,0.18524016,0.0040943212807178
2603,/tmp/DataSetCombined/Edges/Round-5_0124047_edge.png,0.2263,0.23058261,0.0040943212807178
2604,/tmp/DataSetCombined/Edges/Round-9_0006054_edge.png,0.2264,0.23065202,0.0040943212807178
2605,/tmp/DataSetCombined/Edges/Round-8_0073377_edge.png,0.2295,0.23291618,0.0040943212807178
2606,/tmp/DataSetCombined/Edges/Round-1_0128138_edge.png,0.2395,0.23758245,0.0040943212807178
2607,/tmp/DataSetCombined/Edges/Round-1_0033505_edge.png,0.1881,0.18900132,0.0040943212807178
2608,/tmp/DataSetCombined/Edges/Round-1_0139516_edge.png,0.2272,0.23099147,0.0040943212807178
2609,/tmp/DataSetCombined/Edges/Round-6_0097555_edge.png,0.1903,0.19065692,0.0040943212807178
2610,/tmp/DataSetCombined/Edges/Round-9_0198932_edge.png,0.3016,0.29886866,0.0040943212807178
2611,/tmp/DataSetCombined/Edges/Round-8_0016429_edge.png,0.1284,0.14130695,0.0040943212807178
2612,/tmp/DataSetCombined/Edges/Round-8_0024014_edge.png,0.2977,0.29755294,0.0040943212807178
2613,/tmp/DataSetCombined/Edges/Round-9_0153452_edge.png,0.2737,0.26818934,0.0040943212807178
2614,/tmp/DataSetCombined/Edges/Round-7_0068841_edge.png,0.2983,0.29489982,0.0040943212807178
2615,/tmp/DataSetCombined/Edges/Round-8_0046962_edge.png,0.1657,0.17129701,0.0040943212807178
2616,/tmp/DataSetCombined/Edges/Round-9_0147221_edge.png,0.2234,0.22339223,0.0040943212807178
2617,/tmp/DataSetCombined/Edges/Round-8_0061259_edge.png,0.1891,0.1898377,0.0040943212807178
2618,/tmp/DataSetCombined/Edges/Round-9_0151646_edge.png,0.2708,0.26646557,0.0040943212807178
2619,/tmp/DataSetCombined/Edges/Round-9_0097015_edge.png,0.2818,0.27732888,0.0040943212807178
2620,/tmp/DataSetCombined/Edges/Round-8_0067640_edge.png,0.1731,0.1785166,0.0040943212807178
2621,/tmp/DataSetCombined/Edges/Round-5_0070873_edge.png,0.2682,0.2616106,0.0040943212807178
2622,/tmp/DataSetCombined/Edges/Round-6_0135180_edge.png,0.1803,0.18404613,0.0040943212807178
2623,/tmp/DataSetCombined/Edges/Round-5_0074443_edge.png,0.1629,0.1710409,0.0040943212807178
2624,/tmp/DataSetCombined/Edges/Round-1_0042083_edge.png,0.2428,0.24276483,0.0039562545716762
2625,/tmp/DataSetCombined/Edges/Round-7_0126332_edge.png,0.2617,0.255081,0.0039562545716762
2626,/tmp/DataSetCombined/Edges/Round-4_0086871_edge.png,0.2791,0.27292812,0.0039562545716762
2627,/tmp/DataSetCombined/Edges/Round-1_0055167_edge.png,0.1736,0.17974347,0.0039562545716762
2628,/tmp/DataSetCombined/Edges/Round-7_0135241_edge.png,0.2107,0.20858102,0.0039562545716762
2629,/tmp/DataSetCombined/Edges/Round-9_0173408_edge.png,0.2155,0.22168629,0.0039562545716762
2630,/tmp/DataSetCombined/Edges/Round-6_0040908_edge.png,0.2784,0.2729341,0.0039562545716762
2631,/tmp/DataSetCombined/Edges/Round-8_0039605_edge.png,0.2303,0.23269622,0.0039562545716762
2632,/tmp/DataSetCombined/Edges/Round-10_0061737_edge.png,0.1879,0.18765615,0.0039562545716762
2633,/tmp/DataSetCombined/Edges/Round-10_0073897_edge.png,0.2329,0.22796366,0.0039562545716762
2634,/tmp/DataSetCombined/Edges/Round-7_0019418_edge.png,0.1774,0.18238632,0.0039562545716762
2635,/tmp/DataSetCombined/Edges/Round-5_0031551_edge.png,0.1723,0.17723152,0.0039562545716762
2636,/tmp/DataSetCombined/Edges/Round-10_0112334_edge.png,0.2256,0.22965935,0.0039562545716762
2637,/tmp/DataSetCombined/Edges/Round-2_0069600_edge.png,0.1721,0.1784381,0.0039562545716762
2638,/tmp/DataSetCombined/Edges/Round-9_0136987_edge.png,0.1776,0.18171225,0.0039562545716762
2639,/tmp/DataSetCombined/Edges/Round-9_0165522_edge.png,0.2017,0.20003645,0.0039562545716762
2640,/tmp/DataSetCombined/Edges/Round-10_0193242_edge.png,0.2963,0.29759333,0.0039562545716762
2641,/tmp/DataSetCombined/Edges/Round-3_0004234_edge.png,0.2422,0.24349222,0.0039562545716762
2642,/tmp/DataSetCombined/Edges/Round-8_0042736_edge.png,0.189,0.18881667,0.0039562545716762
2643,/tmp/DataSetCombined/Edges/Round-7_0071521_edge.png,0.2807,0.2761603,0.0039562545716762
2644,/tmp/DataSetCombined/Edges/Round-9_0051865_edge.png,0.1938,0.19333915,0.0039562545716762
2645,/tmp/DataSetCombined/Edges/Round-10_0154414_edge.png,0.1731,0.1784641,0.0039562545716762
2646,/tmp/DataSetCombined/Edges/Round-1_0019067_edge.png,0.1726,0.17818323,0.0039562545716762
2647,/tmp/DataSetCombined/Edges/Round-2_0033000_edge.png,0.1987,0.1974158,0.0039562545716762
2648,/tmp/DataSetCombined/Edges/Round-6_0013997_edge.png,0.196,0.19410565,0.0039562545716762
2649,/tmp/DataSetCombined/Edges/Round-10_0135090_edge.png,0.1619,0.16927767,0.0039562545716762
2650,/tmp/DataSetCombined/Edges/Round-5_0008344_edge.png,0.1598,0.16540603,0.0039562545716762
2651,/tmp/DataSetCombined/Edges/Round-6_0014721_edge.png,0.2327,0.22793943,0.0039562545716762
2652,/tmp/DataSetCombined/Edges/Round-1_0168382_edge.png,0.1707,0.17615665,0.0039562545716762
2653,/tmp/DataSetCombined/Edges/Round-10_0181774_edge.png,0.2075,0.20452414,0.0039562545716762
2654,/tmp/DataSetCombined/Edges/Round-2_0057003_edge.png,0.1979,0.19735104,0.0039562545716762
2655,/tmp/DataSetCombined/Edges/Round-3_0009333_edge.png,0.2966,0.2981997,0.0039562545716762
2656,/tmp/DataSetCombined/Edges/Round-5_0080072_edge.png,0.1794,0.18335408,0.0039562545716762
2657,/tmp/DataSetCombined/Edges/Round-6_0083168_edge.png,0.2499,0.24788961,0.0039562545716762
2658,/tmp/DataSetCombined/Edges/Round-5_0095874_edge.png,0.2303,0.23284166,0.0039562545716762
2659,/tmp/DataSetCombined/Edges/Round-3_0020199_edge.png,0.2254,0.22917153,0.0039562545716762
2660,/tmp/DataSetCombined/Edges/Round-10_0063695_edge.png,0.2049,0.20310763,0.0039562545716762
2661,/tmp/DataSetCombined/Edges/Round-9_0116430_edge.png,0.1769,0.18099907,0.0039562545716762
2662,/tmp/DataSetCombined/Edges/Round-1_0118310_edge.png,0.2284,0.23175496,0.0039562545716762
2663,/tmp/DataSetCombined/Edges/Round-10_0075191_edge.png,0.1661,0.17055672,0.0039562545716762
2664,/tmp/DataSetCombined/Edges/Round-6_0116909_edge.png,0.1627,0.16914466,0.0039562545716762
2665,/tmp/DataSetCombined/Edges/Round-1_0068734_edge.png,0.1907,0.19105898,0.0039562545716762
2666,/tmp/DataSetCombined/Edges/Round-10_0193965_edge.png,0.1827,0.18517178,0.0039562545716762
2667,/tmp/DataSetCombined/Edges/Round-6_0115976_edge.png,0.1828,0.18528561,0.0039562545716762
2668,/tmp/DataSetCombined/Edges/Round-9_0002743_edge.png,0.2741,0.26822624,0.0039562545716762
2669,/tmp/DataSetCombined/Edges/Round-9_0117194_edge.png,0.2821,0.27736938,0.0039562545716762
2670,/tmp/DataSetCombined/Edges/Round-9_0029351_edge.png,0.1716,0.17669672,0.0039562545716762
2671,/tmp/DataSetCombined/Edges/Round-8_0013762_edge.png,0.2727,0.26813313,0.0039562545716762
2672,/tmp/DataSetCombined/Edges/Round-5_0087446_edge.png,0.1732,0.17860682,0.0039562545716762
2673,/tmp/DataSetCombined/Edges/Round-4_0034498_edge.png,0.1639,0.17184341,0.0039562545716762
2674,/tmp/DataSetCombined/Edges/Round-1_0107761_edge.png,0.171,0.17655316,0.0039562545716762
2675,/tmp/DataSetCombined/Edges/Round-9_0197698_edge.png,0.2451,0.24414307,0.0039562545716762
2676,/tmp/DataSetCombined/Edges/Round-7_0031211_edge.png,0.3027,0.30157745,0.0039562545716762
2677,/tmp/DataSetCombined/Edges/Round-10_0060443_edge.png,0.2369,0.23953027,0.0039562545716762
2678,/tmp/DataSetCombined/Edges/Round-2_0041600_edge.png,0.1851,0.1866215,0.0039562545716762
2679,/tmp/DataSetCombined/Edges/Round-2_0110541_edge.png,0.2545,0.25205553,0.0039562545716762
2680,/tmp/DataSetCombined/Edges/Round-5_0114085_edge.png,0.2558,0.25279513,0.0039562545716762
2681,/tmp/DataSetCombined/Edges/Round-5_0041604_edge.png,0.2271,0.2308874,0.0039562545716762
2682,/tmp/DataSetCombined/Edges/Round-7_0038260_edge.png,0.2664,0.2607441,0.0039562545716762
2683,/tmp/DataSetCombined/Edges/Round-10_0199443_edge.png,0.1915,0.19069973,0.0039562545716762
2684,/tmp/DataSetCombined/Edges/Round-7_0024302_edge.png,0.1858,0.18666466,0.0039562545716762
2685,/tmp/DataSetCombined/Edges/Round-6_0018905_edge.png,0.3024,0.30086204,0.0039562545716762
2686,/tmp/DataSetCombined/Edges/Round-4_0021524_edge.png,0.2775,0.27397949,0.0039562545716762
2687,/tmp/DataSetCombined/Edges/Round-8_0037438_edge.png,0.2239,0.23048583,0.0039562545716762
2688,/tmp/DataSetCombined/Edges/Round-10_0168290_edge.png,0.2281,0.23213938,0.0040593370795249
2689,/tmp/DataSetCombined/Edges/Round-5_0016682_edge.png,0.2299,0.23243761,0.0040593370795249
2690,/tmp/DataSetCombined/Edges/Round-9_0156462_edge.png,0.1682,0.17386006,0.0040593370795249
2691,/tmp/DataSetCombined/Edges/Round-10_0031637_edge.png,0.1686,0.17597562,0.0040593370795249
2692,/tmp/DataSetCombined/Edges/Round-6_0072512_edge.png,0.1896,0.18925053,0.0040593370795249
2693,/tmp/DataSetCombined/Edges/Round-9_0161067_edge.png,0.1711,0.1766125,0.0040593370795249
2694,/tmp/DataSetCombined/Edges/Round-9_0083125_edge.png,0.2227,0.22328706,0.0040593370795249
2695,/tmp/DataSetCombined/Edges/Round-7_0077119_edge.png,0.2045,0.20293227,0.0040593370795249
2696,/tmp/DataSetCombined/Edges/Round-5_0016592_edge.png,0.1872,0.18803366,0.0040593370795249
2697,/tmp/DataSetCombined/Edges/Round-5_0104994_edge.png,0.1827,0.18488923,0.0040593370795249
2698,/tmp/DataSetCombined/Edges/Round-9_0134428_edge.png,0.1907,0.19166675,0.0040593370795249
2699,/tmp/DataSetCombined/Edges/Round-5_0011565_edge.png,0.3996,0.3924063,0.0040593370795249
2700,/tmp/DataSetCombined/Edges/Round-8_0009337_edge.png,0.4085,0.39711124,0.0040593370795249
2701,/tmp/DataSetCombined/Edges/Round-1_0041267_edge.png,0.1725,0.17814623,0.0040593370795249
2702,/tmp/DataSetCombined/Edges/Round-1_0006801_edge.png,0.2857,0.28495193,0.0040593370795249
2703,/tmp/DataSetCombined/Edges/Round-6_0097254_edge.png,0.2285,0.23259534,0.0040593370795249
2704,/tmp/DataSetCombined/Edges/Round-9_0078982_edge.png,0.2271,0.2308881,0.0040593370795249
2705,/tmp/DataSetCombined/Edges/Round-8_0075153_edge.png,0.255,0.25236836,0.0040593370795249
2706,/tmp/DataSetCombined/Edges/Round-4_0053881_edge.png,0.2318,0.23625793,0.0040593370795249
2707,/tmp/DataSetCombined/Edges/Round-9_0058880_edge.png,0.2325,0.2332253,0.0040593370795249
2708,/tmp/DataSetCombined/Edges/Round-4_0090580_edge.png,0.284,0.2816951,0.0040593370795249
2709,/tmp/DataSetCombined/Edges/Round-1_0040434_edge.png,0.2267,0.23084582,0.0040593370795249
2710,/tmp/DataSetCombined/Edges/Round-8_0044945_edge.png,0.2252,0.22890726,0.0040593370795249
2711,/tmp/DataSetCombined/Edges/Round-5_0004970_edge.png,0.2313,0.23265347,0.0040593370795249
2712,/tmp/DataSetCombined/Edges/Round-1_0171331_edge.png,0.2408,0.24118188,0.0040593370795249
2713,/tmp/DataSetCombined/Edges/Round-9_0053310_edge.png,0.2917,0.2867775,0.0040593370795249
2714,/tmp/DataSetCombined/Edges/Round-7_0058186_edge.png,0.2323,0.23316479,0.0040593370795249
2715,/tmp/DataSetCombined/Edges/Round-1_0022800_edge.png,0.2184,0.22083494,0.0040593370795249
2716,/tmp/DataSetCombined/Edges/Round-7_0033505_edge.png,0.1723,0.17736599,0.0040593370795249
2717,/tmp/DataSetCombined/Edges/Round-8_0072035_edge.png,0.2892,0.28958207,0.0040593370795249
2718,/tmp/DataSetCombined/Edges/Round-1_0118391_edge.png,0.2311,0.2329678,0.0040593370795249
2719,/tmp/DataSetCombined/Edges/Round-6_0014781_edge.png,0.2878,0.28159675,0.0040593370795249
2720,/tmp/DataSetCombined/Edges/Round-6_0089428_edge.png,0.2688,0.26270574,0.0040593370795249
2721,/tmp/DataSetCombined/Edges/Round-8_0005443_edge.png,0.188,0.18901266,0.0040593370795249
2722,/tmp/DataSetCombined/Edges/Round-9_0012796_edge.png,0.1905,0.19001167,0.0040593370795249
2723,/tmp/DataSetCombined/Edges/Round-7_0067487_edge.png,0.3028,0.30182275,0.0040593370795249
2724,/tmp/DataSetCombined/Edges/Round-10_0126092_edge.png,0.4091,0.3975824,0.0040593370795249
2725,/tmp/DataSetCombined/Edges/Round-8_0048364_edge.png,0.1732,0.17869426,0.0040593370795249
2726,/tmp/DataSetCombined/Edges/Round-9_0054093_edge.png,0.2018,0.20013231,0.0040593370795249
2727,/tmp/DataSetCombined/Edges/Round-2_0078846_edge.png,0.1886,0.18842734,0.0040593370795249
2728,/tmp/DataSetCombined/Edges/Round-5_0029023_edge.png,0.1965,0.19643816,0.0040593370795249
2729,/tmp/DataSetCombined/Edges/Round-1_0113195_edge.png,0.4084,0.39645237,0.0040593370795249
2730,/tmp/DataSetCombined/Edges/Round-2_0074300_edge.png,0.2247,0.22649464,0.0040593370795249
2731,/tmp/DataSetCombined/Edges/Round-6_0038568_edge.png,0.1726,0.17837623,0.0040593370795249
2732,/tmp/DataSetCombined/Edges/Round-3_0057192_edge.png,0.2137,0.2125773,0.0040593370795249
2733,/tmp/DataSetCombined/Edges/Round-2_0111896_edge.png,0.2432,0.2444318,0.0040593370795249
2734,/tmp/DataSetCombined/Edges/Round-4_0017521_edge.png,0.1961,0.1939283,0.0040593370795249
2735,/tmp/DataSetCombined/Edges/Round-9_0124646_edge.png,0.2794,0.27279443,0.0040593370795249
2736,/tmp/DataSetCombined/Edges/Round-9_0104299_edge.png,0.2248,0.22844213,0.0040593370795249
2737,/tmp/DataSetCombined/Edges/Round-3_0022396_edge.png,0.1715,0.17580287,0.0040593370795249
2738,/tmp/DataSetCombined/Edges/Round-5_0093586_edge.png,0.2304,0.23211268,0.0040593370795249
2739,/tmp/DataSetCombined/Edges/Round-9_0040457_edge.png,0.2394,0.23754063,0.0040593370795249
2740,/tmp/DataSetCombined/Edges/Round-4_0021434_edge.png,0.23,0.23360424,0.0040593370795249
2741,/tmp/DataSetCombined/Edges/Round-10_0184544_edge.png,0.1734,0.1798479,0.0040593370795249
2742,/tmp/DataSetCombined/Edges/Round-10_0168713_edge.png,0.2397,0.23771794,0.0040593370795249
2743,/tmp/DataSetCombined/Edges/Round-5_0073389_edge.png,0.1714,0.1772118,0.0040593370795249
2744,/tmp/DataSetCombined/Edges/Round-1_0015967_edge.png,0.1654,0.17109528,0.0040593370795249
2745,/tmp/DataSetCombined/Edges/Round-10_0009574_edge.png,0.2042,0.20302323,0.0040593370795249
2746,/tmp/DataSetCombined/Edges/Round-1_0122088_edge.png,0.2303,0.23251435,0.0040593370795249
2747,/tmp/DataSetCombined/Edges/Round-2_0054767_edge.png,0.2298,0.23280203,0.0040593370795249
2748,/tmp/DataSetCombined/Edges/Round-5_0015237_edge.png,0.1771,0.18156222,0.0040593370795249
2749,/tmp/DataSetCombined/Edges/Round-10_0163745_edge.png,0.1851,0.18754175,0.0040593370795249
2750,/tmp/DataSetCombined/Edges/Round-9_0127445_edge.png,0.172,0.17693299,0.0040593370795249
2751,/tmp/DataSetCombined/Edges/Round-1_0126754_edge.png,0.3503,0.35402727,0.0040593370795249
2752,/tmp/DataSetCombined/Edges/Round-1_0071767_edge.png,0.254,0.25166193,0.003631729632616
2753,/tmp/DataSetCombined/Edges/Round-8_0076056_edge.png,0.2215,0.22601034,0.003631729632616
2754,/tmp/DataSetCombined/Edges/Round-1_0061834_edge.png,0.1673,0.17204994,0.003631729632616
2755,/tmp/DataSetCombined/Edges/Round-4_0021494_edge.png,0.3144,0.31332248,0.003631729632616
2756,/tmp/DataSetCombined/Edges/Round-6_0116548_edge.png,0.2964,0.29788154,0.003631729632616
2757,/tmp/DataSetCombined/Edges/Round-3_0082716_edge.png,0.2176,0.21499965,0.003631729632616
2758,/tmp/DataSetCombined/Edges/Round-10_0127174_edge.png,0.2311,0.23583691,0.003631729632616
2759,/tmp/DataSetCombined/Edges/Round-1_0060701_edge.png,0.2231,0.2250894,0.003631729632616
2760,/tmp/DataSetCombined/Edges/Round-2_0093956_edge.png,0.3839,0.37623382,0.003631729632616
2761,/tmp/DataSetCombined/Edges/Round-4_0081724_edge.png,0.2284,0.23236543,0.003631729632616
2762,/tmp/DataSetCombined/Edges/Round-6_0028506_edge.png,0.4093,0.39829093,0.003631729632616
2763,/tmp/DataSetCombined/Edges/Round-4_0027454_edge.png,0.4085,0.39694312,0.003631729632616
2764,/tmp/DataSetCombined/Edges/Round-3_0071187_edge.png,0.33,0.33065695,0.003631729632616
2765,/tmp/DataSetCombined/Edges/Round-5_0019993_edge.png,0.187,0.18782946,0.003631729632616
2766,/tmp/DataSetCombined/Edges/Round-9_0026401_edge.png,0.4094,0.39832455,0.003631729632616
2767,/tmp/DataSetCombined/Edges/Round-5_0013130_edge.png,0.1879,0.1891672,0.003631729632616
2768,/tmp/DataSetCombined/Edges/Round-2_0101421_edge.png,0.171,0.17588046,0.003631729632616
2769,/tmp/DataSetCombined/Edges/Round-5_0066557_edge.png,0.2598,0.2545524,0.003631729632616
2770,/tmp/DataSetCombined/Edges/Round-3_0033683_edge.png,0.2444,0.24386549,0.003631729632616
2771,/tmp/DataSetCombined/Edges/Round-9_0183461_edge.png,0.2078,0.2073769,0.003631729632616
2772,/tmp/DataSetCombined/Edges/Round-3_0062519_edge.png,0.1961,0.19559157,0.003631729632616
2773,/tmp/DataSetCombined/Edges/Round-8_0024839_edge.png,0.2683,0.26288226,0.003631729632616
2774,/tmp/DataSetCombined/Edges/Round-9_0047390_edge.png,0.2269,0.23046473,0.003631729632616
2775,/tmp/DataSetCombined/Edges/Round-8_0021106_edge.png,0.2798,0.27635378,0.003631729632616
2776,/tmp/DataSetCombined/Edges/Round-7_0120884_edge.png,0.2492,0.24783424,0.003631729632616
2777,/tmp/DataSetCombined/Edges/Round-7_0076697_edge.png,0.2812,0.27716285,0.003631729632616
2778,/tmp/DataSetCombined/Edges/Round-6_0009754_edge.png,0.2817,0.2774361,0.003631729632616
2779,/tmp/DataSetCombined/Edges/Round-3_0044369_edge.png,0.2247,0.22648324,0.003631729632616
2780,/tmp/DataSetCombined/Edges/Round-6_0003645_edge.png,0.2146,0.21367559,0.003631729632616
2781,/tmp/DataSetCombined/Edges/Round-1_0033034_edge.png,0.2244,0.2271086,0.003631729632616
2782,/tmp/DataSetCombined/Edges/Round-10_0011440_edge.png,0.205,0.20281233,0.003631729632616
2783,/tmp/DataSetCombined/Edges/Round-6_0091716_edge.png,0.2369,0.23943907,0.003631729632616
2784,/tmp/DataSetCombined/Edges/Round-5_0079138_edge.png,0.1581,0.16619305,0.003631729632616
2785,/tmp/DataSetCombined/Edges/Round-1_0140961_edge.png,0.2303,0.23244667,0.003631729632616
2786,/tmp/DataSetCombined/Edges/Round-3_0075522_edge.png,0.176,0.18070534,0.003631729632616
2787,/tmp/DataSetCombined/Edges/Round-1_0062101_edge.png,0.2147,0.21337736,0.003631729632616
2788,/tmp/DataSetCombined/Edges/Round-1_0141864_edge.png,0.23,0.23191679,0.003631729632616
2789,/tmp/DataSetCombined/Edges/Round-2_0072254_edge.png,0.2225,0.22433914,0.003631729632616
2790,/tmp/DataSetCombined/Edges/Round-10_0151584_edge.png,0.185,0.18585792,0.003631729632616
2791,/tmp/DataSetCombined/Edges/Round-10_0143307_edge.png,0.2371,0.23969191,0.003631729632616
2792,/tmp/DataSetCombined/Edges/Round-9_0081423_edge.png,0.2806,0.27615732,0.003631729632616
2793,/tmp/DataSetCombined/Edges/Round-4_0017912_edge.png,0.2455,0.24739328,0.003631729632616
2794,/tmp/DataSetCombined/Edges/Round-5_0051447_edge.png,0.312,0.31092596,0.003631729632616
2795,/tmp/DataSetCombined/Edges/Round-2_0050267_edge.png,0.2253,0.22921996,0.003631729632616
2796,/tmp/DataSetCombined/Edges/Round-10_0125187_edge.png,0.2096,0.20628192,0.003631729632616
2797,/tmp/DataSetCombined/Edges/Round-8_0002264_edge.png,0.166,0.17383024,0.003631729632616
2798,/tmp/DataSetCombined/Edges/Round-2_0070087_edge.png,0.2963,0.29732054,0.003631729632616
2799,/tmp/DataSetCombined/Edges/Round-5_0045819_edge.png,0.2546,0.25225002,0.003631729632616
2800,/tmp/DataSetCombined/Edges/Round-3_0068839_edge.png,0.1645,0.17003295,0.003631729632616
2801,/tmp/DataSetCombined/Edges/Round-5_0056625_edge.png,0.235,0.23850688,0.003631729632616
2802,/tmp/DataSetCombined/Edges/Round-4_0083228_edge.png,0.1728,0.17790581,0.003631729632616
2803,/tmp/DataSetCombined/Edges/Round-9_0145114_edge.png,0.2262,0.23143403,0.003631729632616
2804,/tmp/DataSetCombined/Edges/Round-8_0013359_edge.png,0.1885,0.18906309,0.003631729632616
2805,/tmp/DataSetCombined/Edges/Round-3_0004940_edge.png,0.2886,0.28689423,0.003631729632616
2806,/tmp/DataSetCombined/Edges/Round-3_0052801_edge.png,0.3153,0.31312937,0.003631729632616
2807,/tmp/DataSetCombined/Edges/Round-5_0022040_edge.png,0.2183,0.22433479,0.003631729632616
2808,/tmp/DataSetCombined/Edges/Round-4_0089911_edge.png,0.1733,0.17849204,0.003631729632616
2809,/tmp/DataSetCombined/Edges/Round-9_0031970_edge.png,0.4097,0.39814436,0.003631729632616
2810,/tmp/DataSetCombined/Edges/Round-7_0048614_edge.png,0.225,0.22911762,0.003631729632616
2811,/tmp/DataSetCombined/Edges/Round-1_0004970_edge.png,0.1722,0.17897546,0.003631729632616
2812,/tmp/DataSetCombined/Edges/Round-1_0009134_edge.png,0.1769,0.18078181,0.003631729632616
2813,/tmp/DataSetCombined/Edges/Round-7_0022097_edge.png,0.234,0.23431396,0.003631729632616
2814,/tmp/DataSetCombined/Edges/Round-6_0041630_edge.png,0.2296,0.23292986,0.003631729632616
2815,/tmp/DataSetCombined/Edges/Round-4_0026551_edge.png,0.2963,0.29840732,0.003631729632616
2816,/tmp/DataSetCombined/Edges/Round-5_0089372_edge.png,0.2266,0.23027645,0.0035019144415855
2817,/tmp/DataSetCombined/Edges/Round-9_0097105_edge.png,0.2969,0.29849124,0.0035019144415855
2818,/tmp/DataSetCombined/Edges/Round-6_0083739_edge.png,0.2752,0.2717564,0.0035019144415855
2819,/tmp/DataSetCombined/Edges/Round-8_0033074_edge.png,0.19,0.19096035,0.0035019144415855
2820,/tmp/DataSetCombined/Edges/Round-5_0017796_edge.png,0.2816,0.27705163,0.0035019144415855
2821,/tmp/DataSetCombined/Edges/Round-10_0028868_edge.png,0.1636,0.16943409,0.0035019144415855
2822,/tmp/DataSetCombined/Edges/Round-8_0086200_edge.png,0.1897,0.19028737,0.0035019144415855
2823,/tmp/DataSetCombined/Edges/Round-3_0027844_edge.png,0.2263,0.23003523,0.0035019144415855
2824,/tmp/DataSetCombined/Edges/Round-8_0070018_edge.png,0.2017,0.20056923,0.0035019144415855
2825,/tmp/DataSetCombined/Edges/Round-1_0071600_edge.png,0.3029,0.302252,0.0035019144415855
2826,/tmp/DataSetCombined/Edges/Round-8_0073148_edge.png,0.175,0.17972535,0.0035019144415855
2827,/tmp/DataSetCombined/Edges/Round-5_0096807_edge.png,0.2339,0.23859519,0.0035019144415855
2828,/tmp/DataSetCombined/Edges/Round-7_0087294_edge.png,0.2867,0.28590328,0.0035019144415855
2829,/tmp/DataSetCombined/Edges/Round-8_0063655_edge.png,0.2439,0.2446688,0.0035019144415855
2830,/tmp/DataSetCombined/Edges/Round-1_0056501_edge.png,0.2371,0.2392638,0.0035019144415855
2831,/tmp/DataSetCombined/Edges/Round-7_0063122_edge.png,0.2661,0.2576432,0.0035019144415855
2832,/tmp/DataSetCombined/Edges/Round-3_0065198_edge.png,0.2814,0.27694133,0.0035019144415855
2833,/tmp/DataSetCombined/Edges/Round-9_0184454_edge.png,0.2395,0.2426307,0.0035019144415855
2834,/tmp/DataSetCombined/Edges/Round-8_0043861_edge.png,0.2609,0.25492814,0.0035019144415855
2835,/tmp/DataSetCombined/Edges/Round-7_0130215_edge.png,0.1725,0.178971,0.0035019144415855
2836,/tmp/DataSetCombined/Edges/Round-8_0048497_edge.png,0.2298,0.23324245,0.0035019144415855
2837,/tmp/DataSetCombined/Edges/Round-4_0061015_edge.png,0.2046,0.20286325,0.0035019144415855
2838,/tmp/DataSetCombined/Edges/Round-8_0054234_edge.png,0.1774,0.18199529,0.0035019144415855
2839,/tmp/DataSetCombined/Edges/Round-7_0119680_edge.png,0.2202,0.22469504,0.0035019144415855
2840,/tmp/DataSetCombined/Edges/Round-8_0006285_edge.png,0.2286,0.2321819,0.0035019144415855
2841,/tmp/DataSetCombined/Edges/Round-10_0114652_edge.png,0.1802,0.18241027,0.0035019144415855
2842,/tmp/DataSetCombined/Edges/Round-4_0030796_edge.png,0.1732,0.17926118,0.0035019144415855
2843,/tmp/DataSetCombined/Edges/Round-8_0026663_edge.png,0.2471,0.24792156,0.0035019144415855
2844,/tmp/DataSetCombined/Edges/Round-10_0025467_edge.png,0.1712,0.1782725,0.0035019144415855
2845,/tmp/DataSetCombined/Edges/Round-8_0056160_edge.png,0.2401,0.24046251,0.0035019144415855
2846,/tmp/DataSetCombined/Edges/Round-1_0111312_edge.png,0.143,0.15586768,0.0035019144415855
2847,/tmp/DataSetCombined/Edges/Round-7_0128980_edge.png,0.2362,0.23829873,0.0035019144415855
2848,/tmp/DataSetCombined/Edges/Round-6_0134759_edge.png,0.3907,0.38372207,0.0035019144415855
2849,/tmp/DataSetCombined/Edges/Round-10_0076275_edge.png,0.2305,0.23399058,0.0035019144415855
2850,/tmp/DataSetCombined/Edges/Round-9_0016107_edge.png,0.2236,0.2275914,0.0035019144415855
2851,/tmp/DataSetCombined/Edges/Round-9_0087232_edge.png,0.2222,0.22406131,0.0035019144415855
2852,/tmp/DataSetCombined/Edges/Round-5_0117245_edge.png,0.172,0.17884688,0.0035019144415855
2853,/tmp/DataSetCombined/Edges/Round-1_0119710_edge.png,0.1731,0.17916471,0.0035019144415855
2854,/tmp/DataSetCombined/Edges/Round-8_0017585_edge.png,0.1716,0.17771542,0.0035019144415855
2855,/tmp/DataSetCombined/Edges/Round-3_0063421_edge.png,0.2174,0.21709181,0.0035019144415855
2856,/tmp/DataSetCombined/Edges/Round-3_0056108_edge.png,0.3025,0.3010797,0.0035019144415855
2857,/tmp/DataSetCombined/Edges/Round-8_0061651_edge.png,0.225,0.22915354,0.0035019144415855
2858,/tmp/DataSetCombined/Edges/Round-10_0105502_edge.png,0.2819,0.2778017,0.0035019144415855
2859,/tmp/DataSetCombined/Edges/Round-2_0100759_edge.png,0.2271,0.23082767,0.0035019144415855
2860,/tmp/DataSetCombined/Edges/Round-9_0099995_edge.png,0.1773,0.1819502,0.0035019144415855
2861,/tmp/DataSetCombined/Edges/Round-1_0136235_edge.png,0.2322,0.23306376,0.0035019144415855
2862,/tmp/DataSetCombined/Edges/Round-3_0082294_edge.png,0.3022,0.29999593,0.0035019144415855
2863,/tmp/DataSetCombined/Edges/Round-1_0106918_edge.png,0.2284,0.23188835,0.0035019144415855
2864,/tmp/DataSetCombined/Edges/Round-9_0034498_edge.png,0.1892,0.19014923,0.0035019144415855
2865,/tmp/DataSetCombined/Edges/Round-5_0119723_edge.png,0.2259,0.22987692,0.0035019144415855
2866,/tmp/DataSetCombined/Edges/Round-4_0031126_edge.png,0.2275,0.23007606,0.0035019144415855
2867,/tmp/DataSetCombined/Edges/Round-5_0064781_edge.png,0.1855,0.187686,0.0035019144415855
2868,/tmp/DataSetCombined/Edges/Round-2_0107834_edge.png,0.187,0.18881011,0.0035019144415855
2869,/tmp/DataSetCombined/Edges/Round-10_0128287_edge.png,0.2298,0.2334525,0.0035019144415855
2870,/tmp/DataSetCombined/Edges/Round-6_0132230_edge.png,0.1795,0.18323693,0.0035019144415855
2871,/tmp/DataSetCombined/Edges/Round-10_0013427_edge.png,0.2263,0.23086724,0.0035019144415855
2872,/tmp/DataSetCombined/Edges/Round-8_0088337_edge.png,0.2286,0.23273514,0.0035019144415855
2873,/tmp/DataSetCombined/Edges/Round-9_0162482_edge.png,0.1939,0.19367945,0.0035019144415855
2874,/tmp/DataSetCombined/Edges/Round-10_0017731_edge.png,0.2776,0.27136827,0.0035019144415855
2875,/tmp/DataSetCombined/Edges/Round-6_0089245_edge.png,0.1728,0.17751238,0.0035019144415855
2876,/tmp/DataSetCombined/Edges/Round-10_0094666_edge.png,0.2424,0.23877999,0.0035019144415855
2877,/tmp/DataSetCombined/Edges/Round-2_0005000_edge.png,0.231,0.23394924,0.0035019144415855
2878,/tmp/DataSetCombined/Edges/Round-10_0120521_edge.png,0.2413,0.24160133,0.0035019144415855
2879,/tmp/DataSetCombined/Edges/Round-3_0053367_edge.png,0.2361,0.23759502,0.0035019144415855
2880,/tmp/DataSetCombined/Edges/Round-2_0060067_edge.png,0.1721,0.17850156,0.0035512670874595
2881,/tmp/DataSetCombined/Edges/Round-6_0005394_edge.png,0.282,0.27805626,0.0035512670874595
2882,/tmp/DataSetCombined/Edges/Round-2_0075927_edge.png,0.2252,0.22605398,0.0035512670874595
2883,/tmp/DataSetCombined/Edges/Round-10_0128739_edge.png,0.1744,0.18031672,0.0035512670874595
2884,/tmp/DataSetCombined/Edges/Round-8_0040177_edge.png,0.2822,0.27804857,0.0035512670874595
2885,/tmp/DataSetCombined/Edges/Round-6_0043918_edge.png,0.1794,0.18218061,0.0035512670874595
2886,/tmp/DataSetCombined/Edges/Round-10_0142796_edge.png,0.1884,0.18940292,0.0035512670874595
2887,/tmp/DataSetCombined/Edges/Round-4_0076757_edge.png,0.2367,0.23938614,0.0035512670874595
2888,/tmp/DataSetCombined/Edges/Round-5_0064811_edge.png,0.4085,0.39709336,0.0035512670874595
2889,/tmp/DataSetCombined/Edges/Round-6_0012524_edge.png,0.1723,0.17688176,0.0035512670874595
2890,/tmp/DataSetCombined/Edges/Round-4_0050781_edge.png,0.2238,0.22526163,0.0035512670874595
2891,/tmp/DataSetCombined/Edges/Round-9_0128288_edge.png,0.2291,0.23288357,0.0035512670874595
2892,/tmp/DataSetCombined/Edges/Round-9_0194748_edge.png,0.1711,0.17623195,0.0035512670874595
2893,/tmp/DataSetCombined/Edges/Round-5_0103429_edge.png,0.2394,0.24164367,0.0035512670874595
2894,/tmp/DataSetCombined/Edges/Round-1_0028401_edge.png,0.1881,0.18940586,0.0035512670874595
2895,/tmp/DataSetCombined/Edges/Round-8_0028872_edge.png,0.2163,0.21449962,0.0035512670874595
2896,/tmp/DataSetCombined/Edges/Round-9_0153401_edge.png,0.2024,0.20137542,0.0035512670874595
2897,/tmp/DataSetCombined/Edges/Round-10_0166152_edge.png,0.1729,0.17809813,0.0035512670874595
2898,/tmp/DataSetCombined/Edges/Round-10_0106345_edge.png,0.1781,0.18168366,0.0035512670874595
2899,/tmp/DataSetCombined/Edges/Round-1_0108242_edge.png,0.4096,0.3977189,0.0035512670874595
2900,/tmp/DataSetCombined/Edges/Round-8_0032502_edge.png,0.2246,0.22613987,0.0035512670874595
2901,/tmp/DataSetCombined/Edges/Round-7_0037237_edge.png,0.1905,0.19096926,0.0035512670874595
2902,/tmp/DataSetCombined/Edges/Round-2_0096665_edge.png,0.2194,0.21913715,0.0035512670874595
2903,/tmp/DataSetCombined/Edges/Round-5_0093526_edge.png,0.1895,0.19059403,0.0035512670874595
2904,/tmp/DataSetCombined/Edges/Round-4_0012990_edge.png,0.2373,0.23936474,0.0035512670874595
2905,/tmp/DataSetCombined/Edges/Round-8_0009837_edge.png,0.228,0.23133838,0.0035512670874595
2906,/tmp/DataSetCombined/Edges/Round-9_0096142_edge.png,0.2727,0.26607215,0.0035512670874595
2907,/tmp/DataSetCombined/Edges/Round-9_0009335_edge.png,0.1873,0.18706301,0.0035512670874595
2908,/tmp/DataSetCombined/Edges/Round-7_0101500_edge.png,0.2243,0.22590345,0.0035512670874595
2909,/tmp/DataSetCombined/Edges/Round-1_0017800_edge.png,0.2249,0.22576013,0.0035512670874595
2910,/tmp/DataSetCombined/Edges/Round-9_0045364_edge.png,0.2189,0.22482434,0.0035512670874595
2911,/tmp/DataSetCombined/Edges/Round-2_0111354_edge.png,0.297,0.298543,0.0035512670874595
2912,/tmp/DataSetCombined/Edges/Round-5_0033869_edge.png,0.3026,0.3013794,0.0035512670874595
2913,/tmp/DataSetCombined/Edges/Round-5_0037691_edge.png,0.2448,0.2440277,0.0035512670874595
2914,/tmp/DataSetCombined/Edges/Round-4_0047591_edge.png,0.1656,0.17096867,0.0035512670874595
2915,/tmp/DataSetCombined/Edges/Round-4_0038139_edge.png,0.1772,0.18154357,0.0035512670874595
2916,/tmp/DataSetCombined/Edges/Round-7_0040758_edge.png,0.255,0.25254664,0.0035512670874595
2917,/tmp/DataSetCombined/Edges/Round-7_0045815_edge.png,0.259,0.25459576,0.0035512670874595
2918,/tmp/DataSetCombined/Edges/Round-5_0082329_edge.png,0.2301,0.23264189,0.0035512670874595
2919,/tmp/DataSetCombined/Edges/Round-7_0037418_edge.png,0.2282,0.23207131,0.0035512670874595
2920,/tmp/DataSetCombined/Edges/Round-7_0000425_edge.png,0.1746,0.17905107,0.0035512670874595
2921,/tmp/DataSetCombined/Edges/Round-8_0061199_edge.png,0.1851,0.18663931,0.0035512670874595
2922,/tmp/DataSetCombined/Edges/Round-3_0013276_edge.png,0.1617,0.16743585,0.0035512670874595
2923,/tmp/DataSetCombined/Edges/Round-8_0001963_edge.png,0.1881,0.18917891,0.0035512670874595
2924,/tmp/DataSetCombined/Edges/Round-6_0081784_edge.png,0.176,0.18077603,0.0035512670874595
2925,/tmp/DataSetCombined/Edges/Round-10_0169162_edge.png,0.2341,0.23595864,0.0035512670874595
2926,/tmp/DataSetCombined/Edges/Round-6_0095930_edge.png,0.241,0.24142669,0.0035512670874595
2927,/tmp/DataSetCombined/Edges/Round-8_0035211_edge.png,0.2117,0.2104818,0.0035512670874595
2928,/tmp/DataSetCombined/Edges/Round-5_0097138_edge.png,0.2008,0.20061496,0.0035512670874595
2929,/tmp/DataSetCombined/Edges/Round-8_0005003_edge.png,0.1892,0.1896869,0.0035512670874595
2930,/tmp/DataSetCombined/Edges/Round-1_0005602_edge.png,0.2373,0.23965582,0.0035512670874595
2931,/tmp/DataSetCombined/Edges/Round-1_0088226_edge.png,0.1865,0.18899584,0.0035512670874595
2932,/tmp/DataSetCombined/Edges/Round-8_0010782_edge.png,0.2112,0.20835608,0.0035512670874595
2933,/tmp/DataSetCombined/Edges/Round-5_0040190_edge.png,0.2307,0.23554857,0.0035512670874595
2934,/tmp/DataSetCombined/Edges/Round-1_0012334_edge.png,0.1705,0.17748834,0.0035512670874595
2935,/tmp/DataSetCombined/Edges/Round-8_0031731_edge.png,0.169,0.17424437,0.0035512670874595
2936,/tmp/DataSetCombined/Edges/Round-2_0037800_edge.png,0.2951,0.29711875,0.0035512670874595
2937,/tmp/DataSetCombined/Edges/Round-8_0001152_edge.png,0.2815,0.27673993,0.0035512670874595
2938,/tmp/DataSetCombined/Edges/Round-8_0042687_edge.png,0.1639,0.16951981,0.0035512670874595
2939,/tmp/DataSetCombined/Edges/Round-10_0120762_edge.png,0.2298,0.23331614,0.0035512670874595
2940,/tmp/DataSetCombined/Edges/Round-3_0025225_edge.png,0.2274,0.23173375,0.0035512670874595
2941,/tmp/DataSetCombined/Edges/Round-8_0024116_edge.png,0.2744,0.26970136,0.0035512670874595
2942,/tmp/DataSetCombined/Edges/Round-1_0005272_edge.png,0.213,0.21122967,0.0035512670874595
2943,/tmp/DataSetCombined/Edges/Round-7_0070196_edge.png,0.1839,0.18545437,0.0035512670874595
2944,/tmp/DataSetCombined/Edges/Round-4_0090483_edge.png,0.2546,0.25237957,0.0034297928214073
2945,/tmp/DataSetCombined/Edges/Round-8_0004028_edge.png,0.1924,0.19225188,0.0034297928214073
2946,/tmp/DataSetCombined/Edges/Round-5_0037420_edge.png,0.2924,0.28947264,0.0034297928214073
2947,/tmp/DataSetCombined/Edges/Round-3_0038680_edge.png,0.2553,0.25247586,0.0034297928214073
2948,/tmp/DataSetCombined/Edges/Round-3_0056951_edge.png,0.2262,0.23025712,0.0034297928214073
2949,/tmp/DataSetCombined/Edges/Round-8_0038251_edge.png,0.2044,0.2018214,0.0034297928214073
2950,/tmp/DataSetCombined/Edges/Round-10_0019597_edge.png,0.1891,0.18931992,0.0034297928214073
2951,/tmp/DataSetCombined/Edges/Round-5_0042387_edge.png,0.2268,0.23052946,0.0034297928214073
2952,/tmp/DataSetCombined/Edges/Round-10_0128498_edge.png,0.2512,0.24949276,0.0034297928214073
2953,/tmp/DataSetCombined/Edges/Round-5_0085618_edge.png,0.1719,0.17814475,0.0034297928214073
2954,/tmp/DataSetCombined/Edges/Round-6_0060231_edge.png,0.2289,0.2321675,0.0034297928214073
2955,/tmp/DataSetCombined/Edges/Round-9_0062731_edge.png,0.2299,0.2325528,0.0034297928214073
2956,/tmp/DataSetCombined/Edges/Round-9_0158689_edge.png,0.1895,0.18947163,0.0034297928214073
2957,/tmp/DataSetCombined/Edges/Round-7_0024776_edge.png,0.1823,0.18418793,0.0034297928214073
2958,/tmp/DataSetCombined/Edges/Round-5_0096927_edge.png,0.2905,0.290556,0.0034297928214073
2959,/tmp/DataSetCombined/Edges/Round-5_0017555_edge.png,0.3451,0.3495977,0.0034297928214073
2960,/tmp/DataSetCombined/Edges/Round-1_0013167_edge.png,0.1722,0.17711043,0.0034297928214073
2961,/tmp/DataSetCombined/Edges/Round-8_0030678_edge.png,0.1741,0.17933601,0.0034297928214073
2962,/tmp/DataSetCombined/Edges/Round-5_0020565_edge.png,0.1995,0.19789207,0.0034297928214073
2963,/tmp/DataSetCombined/Edges/Round-10_0141592_edge.png,0.2528,0.25186267,0.0034297928214073
2964,/tmp/DataSetCombined/Edges/Round-2_0088358_edge.png,0.4093,0.39822918,0.0034297928214073
2965,/tmp/DataSetCombined/Edges/Round-9_0154957_edge.png,0.2231,0.22433041,0.0034297928214073
2966,/tmp/DataSetCombined/Edges/Round-9_0187586_edge.png,0.1735,0.17929153,0.0034297928214073
2967,/tmp/DataSetCombined/Edges/Round-2_0043000_edge.png,0.2292,0.23263517,0.0034297928214073
2968,/tmp/DataSetCombined/Edges/Round-3_0082987_edge.png,0.2099,0.2089986,0.0034297928214073
2969,/tmp/DataSetCombined/Edges/Round-9_0049728_edge.png,0.2821,0.27734283,0.0034297928214073
2970,/tmp/DataSetCombined/Edges/Round-9_0101078_edge.png,0.1761,0.1803848,0.0034297928214073
2971,/tmp/DataSetCombined/Edges/Round-10_0143818_edge.png,0.1786,0.18122268,0.0034297928214073
2972,/tmp/DataSetCombined/Edges/Round-8_0019902_edge.png,0.2303,0.2328285,0.0034297928214073
2973,/tmp/DataSetCombined/Edges/Round-4_0071430_edge.png,0.3702,0.36619073,0.0034297928214073
2974,/tmp/DataSetCombined/Edges/Round-1_0161579_edge.png,0.282,0.2777485,0.0034297928214073
2975,/tmp/DataSetCombined/Edges/Round-8_0052297_edge.png,0.2818,0.27721682,0.0034297928214073
2976,/tmp/DataSetCombined/Edges/Round-5_0003122_edge.png,0.1948,0.1946043,0.0034297928214073
2977,/tmp/DataSetCombined/Edges/Round-3_0000567_edge.png,0.2007,0.19901153,0.0034297928214073
2978,/tmp/DataSetCombined/Edges/Round-4_0046868_edge.png,0.1885,0.1889045,0.0034297928214073
2979,/tmp/DataSetCombined/Edges/Round-1_0073869_edge.png,0.1655,0.17091364,0.0034297928214073
2980,/tmp/DataSetCombined/Edges/Round-1_0018134_edge.png,0.2273,0.23097041,0.0034297928214073
2981,/tmp/DataSetCombined/Edges/Round-10_0112304_edge.png,0.3155,0.31361088,0.0034297928214073
2982,/tmp/DataSetCombined/Edges/Round-1_0051986_edge.png,0.3608,0.36025107,0.0034297928214073
2983,/tmp/DataSetCombined/Edges/Round-7_0025317_edge.png,0.2237,0.22462597,0.0034297928214073
2984,/tmp/DataSetCombined/Edges/Round-8_0072667_edge.png,0.189,0.19006261,0.0034297928214073
2985,/tmp/DataSetCombined/Edges/Round-2_0077178_edge.png,0.193,0.19279242,0.0034297928214073
2986,/tmp/DataSetCombined/Edges/Round-5_0105446_edge.png,0.2623,0.25530165,0.0034297928214073
2987,/tmp/DataSetCombined/Edges/Round-1_0110590_edge.png,0.3397,0.34389353,0.0034297928214073
2988,/tmp/DataSetCombined/Edges/Round-10_0066613_edge.png,0.2058,0.20380305,0.0034297928214073
2989,/tmp/DataSetCombined/Edges/Round-10_0125127_edge.png,0.2294,0.23543133,0.0034297928214073
2990,/tmp/DataSetCombined/Edges/Round-10_0076997_edge.png,0.2263,0.23015417,0.0034297928214073
2991,/tmp/DataSetCombined/Edges/Round-7_0053039_edge.png,0.2064,0.2034385,0.0034297928214073
2992,/tmp/DataSetCombined/Edges/Round-2_0096906_edge.png,0.3023,0.3007745,0.0034297928214073
2993,/tmp/DataSetCombined/Edges/Round-3_0043195_edge.png,0.1888,0.18983935,0.0034297928214073
2994,/tmp/DataSetCombined/Edges/Round-5_0043530_edge.png,0.2282,0.23216598,0.0034297928214073
2995,/tmp/DataSetCombined/Edges/Round-1_0092320_edge.png,0.2148,0.2119846,0.0034297928214073
2996,/tmp/DataSetCombined/Edges/Round-7_0033986_edge.png,0.1774,0.18237062,0.0034297928214073
2997,/tmp/DataSetCombined/Edges/Round-4_0070165_edge.png,0.2274,0.23101348,0.0034297928214073
2998,/tmp/DataSetCombined/Edges/Round-1_0082056_edge.png,0.2057,0.20366776,0.0034297928214073
2999,/tmp/DataSetCombined/Edges/Round-7_0039856_edge.png,0.2507,0.24911061,0.0034297928214073
3000,/tmp/DataSetCombined/Edges/Round-7_0045243_edge.png,0.1768,0.18089892,0.0034297928214073
3001,/tmp/DataSetCombined/Edges/Round-8_0013702_edge.png,0.3036,0.30334616,0.0034297928214073
3002,/tmp/DataSetCombined/Edges/Round-2_0087726_edge.png,0.187,0.18842255,0.0034297928214073
3003,/tmp/DataSetCombined/Edges/Round-6_0038138_edge.png,0.237,0.23932323,0.0034297928214073
3004,/tmp/DataSetCombined/Edges/Round-10_0073506_edge.png,0.2197,0.2246104,0.0034297928214073
3005,/tmp/DataSetCombined/Edges/Round-2_0088027_edge.png,0.2335,0.23395428,0.0034297928214073
3006,/tmp/DataSetCombined/Edges/Round-9_0103373_edge.png,0.26,0.2550016,0.0034297928214073
3007,/tmp/DataSetCombined/Edges/Round-8_0012377_edge.png,0.2246,0.22568423,0.0034297928214073
3008,/tmp/DataSetCombined/Edges/Round-10_0189901_edge.png,0.2201,0.21937108,0.0040150359272956
3009,/tmp/DataSetCombined/Edges/Round-4_0052377_edge.png,0.2247,0.22653273,0.0040150359272956
3010,/tmp/DataSetCombined/Edges/Round-5_0011444_edge.png,0.2022,0.20035592,0.0040150359272956
3011,/tmp/DataSetCombined/Edges/Round-9_0088818_edge.png,0.1903,0.19064617,0.0040150359272956
3012,/tmp/DataSetCombined/Edges/Round-1_0011300_edge.png,0.3028,0.30171412,0.0040150359272956
3013,/tmp/DataSetCombined/Edges/Round-2_0053472_edge.png,0.1541,0.16131182,0.0040150359272956
3014,/tmp/DataSetCombined/Edges/Round-4_0068360_edge.png,0.2451,0.24414572,0.0040150359272956
3015,/tmp/DataSetCombined/Edges/Round-6_0023420_edge.png,0.2155,0.22200255,0.0040150359272956
3016,/tmp/DataSetCombined/Edges/Round-7_0077269_edge.png,0.2872,0.28551424,0.0040150359272956
3017,/tmp/DataSetCombined/Edges/Round-3_0065589_edge.png,0.1862,0.1876038,0.0040150359272956
3018,/tmp/DataSetCombined/Edges/Round-4_0061226_edge.png,0.1402,0.15170519,0.0040150359272956
3019,/tmp/DataSetCombined/Edges/Round-8_0026151_edge.png,0.3435,0.34913385,0.0040150359272956
3020,/tmp/DataSetCombined/Edges/Round-1_0053734_edge.png,0.2361,0.2364068,0.0040150359272956
3021,/tmp/DataSetCombined/Edges/Round-8_0020282_edge.png,0.1724,0.17897058,0.0040150359272956
3022,/tmp/DataSetCombined/Edges/Round-4_0040096_edge.png,0.2288,0.23402688,0.0040150359272956
3023,/tmp/DataSetCombined/Edges/Round-1_0096926_edge.png,0.1715,0.17698053,0.0040150359272956
3024,/tmp/DataSetCombined/Edges/Round-5_0091058_edge.png,0.2247,0.22826856,0.0040150359272956
3025,/tmp/DataSetCombined/Edges/Round-1_0152880_edge.png,0.2682,0.26385775,0.0040150359272956
3026,/tmp/DataSetCombined/Edges/Round-6_0010447_edge.png,0.2968,0.2987547,0.0040150359272956
3027,/tmp/DataSetCombined/Edges/Round-3_0073716_edge.png,0.3023,0.300292,0.0040150359272956
3028,/tmp/DataSetCombined/Edges/Round-9_0069925_edge.png,0.2558,0.25283772,0.0040150359272956
3029,/tmp/DataSetCombined/Edges/Round-8_0007621_edge.png,0.1873,0.18854184,0.0040150359272956
3030,/tmp/DataSetCombined/Edges/Round-10_0035791_edge.png,0.255,0.25278288,0.0040150359272956
3031,/tmp/DataSetCombined/Edges/Round-8_0007712_edge.png,0.2192,0.21886314,0.0040150359272956
3032,/tmp/DataSetCombined/Edges/Round-4_0008822_edge.png,0.2272,0.2306849,0.0040150359272956
3033,/tmp/DataSetCombined/Edges/Round-10_0088887_edge.png,0.2225,0.22503649,0.0040150359272956
3034,/tmp/DataSetCombined/Edges/Round-10_0018634_edge.png,0.2546,0.25238198,0.0040150359272956
3035,/tmp/DataSetCombined/Edges/Round-7_0037598_edge.png,0.1655,0.17092368,0.0040150359272956
3036,/tmp/DataSetCombined/Edges/Round-3_0020892_edge.png,0.2281,0.23142107,0.0040150359272956
3037,/tmp/DataSetCombined/Edges/Round-9_0126784_edge.png,0.2281,0.23157997,0.0040150359272956
3038,/tmp/DataSetCombined/Edges/Round-1_0065967_edge.png,0.2562,0.25316876,0.0040150359272956
3039,/tmp/DataSetCombined/Edges/Round-7_0092801_edge.png,0.2286,0.23209766,0.0040150359272956
3040,/tmp/DataSetCombined/Edges/Round-7_0019629_edge.png,0.2546,0.25233296,0.0040150359272956
3041,/tmp/DataSetCombined/Edges/Round-8_0058189_edge.png,0.2294,0.23249595,0.0040150359272956
3042,/tmp/DataSetCombined/Edges/Round-2_0072676_edge.png,0.2105,0.20932949,0.0040150359272956
3043,/tmp/DataSetCombined/Edges/Round-10_0082596_edge.png,0.3604,0.36031908,0.0040150359272956
3044,/tmp/DataSetCombined/Edges/Round-3_0009423_edge.png,0.2227,0.227261,0.0040150359272956
3045,/tmp/DataSetCombined/Edges/Round-5_0043212_edge.png,0.1721,0.17864117,0.0040150359272956
3046,/tmp/DataSetCombined/Edges/Round-10_0040788_edge.png,0.3206,0.3178962,0.0040150359272956
3047,/tmp/DataSetCombined/Edges/Round-10_0074108_edge.png,0.2243,0.2270033,0.0040150359272956
3048,/tmp/DataSetCombined/Edges/Round-8_0005849_edge.png,0.2292,0.23264539,0.0040150359272956
3049,/tmp/DataSetCombined/Edges/Round-6_0056529_edge.png,0.2325,0.2282204,0.0040150359272956
3050,/tmp/DataSetCombined/Edges/Round-8_0039726_edge.png,0.2127,0.2118465,0.0040150359272956
3051,/tmp/DataSetCombined/Edges/Round-9_0133164_edge.png,0.3095,0.3077147,0.0040150359272956
3052,/tmp/DataSetCombined/Edges/Round-10_0028447_edge.png,0.1717,0.17775625,0.0040150359272956
3053,/tmp/DataSetCombined/Edges/Round-9_0109356_edge.png,0.2275,0.23109959,0.0040150359272956
3054,/tmp/DataSetCombined/Edges/Round-8_0004870_edge.png,0.1769,0.18110709,0.0040150359272956
3055,/tmp/DataSetCombined/Edges/Round-7_0060053_edge.png,0.1728,0.17820059,0.0040150359272956
3056,/tmp/DataSetCombined/Edges/Round-9_0189511_edge.png,0.2012,0.19934927,0.0040150359272956
3057,/tmp/DataSetCombined/Edges/Round-9_0151706_edge.png,0.1772,0.18143398,0.0040150359272956
3058,/tmp/DataSetCombined/Edges/Round-1_0146499_edge.png,0.1731,0.17830071,0.0040150359272956
3059,/tmp/DataSetCombined/Edges/Round-3_0026767_edge.png,0.1761,0.1800001,0.0040150359272956
3060,/tmp/DataSetCombined/Edges/Round-3_0041750_edge.png,0.2419,0.24167712,0.0040150359272956
3061,/tmp/DataSetCombined/Edges/Round-6_0069081_edge.png,0.2385,0.23969075,0.0040150359272956
3062,/tmp/DataSetCombined/Edges/Round-1_0109176_edge.png,0.2692,0.26307416,0.0040150359272956
3063,/tmp/DataSetCombined/Edges/Round-4_0066252_edge.png,0.4094,0.39792246,0.0040150359272956
3064,/tmp/DataSetCombined/Edges/Round-9_0154415_edge.png,0.3545,0.35675037,0.0040150359272956
3065,/tmp/DataSetCombined/Edges/Round-1_0159291_edge.png,0.2369,0.23925659,0.0040150359272956
3066,/tmp/DataSetCombined/Edges/Round-10_0010056_edge.png,0.1721,0.17777015,0.0040150359272956
3067,/tmp/DataSetCombined/Edges/Round-9_0082145_edge.png,0.1726,0.17844245,0.0040150359272956
3068,/tmp/DataSetCombined/Edges/Round-9_0004067_edge.png,0.2276,0.23131576,0.0040150359272956
3069,/tmp/DataSetCombined/Edges/Round-9_0108693_edge.png,0.1691,0.1742492,0.0040150359272956
3070,/tmp/DataSetCombined/Edges/Round-10_0145926_edge.png,0.2373,0.23962633,0.0040150359272956
3071,/tmp/DataSetCombined/Edges/Round-9_0006987_edge.png,0.1654,0.1708335,0.0040150359272956
3072,/tmp/DataSetCombined/Edges/Round-3_0027821_edge.png,0.1739,0.18039533,0.0042276121675968
3073,/tmp/DataSetCombined/Edges/Round-10_0006031_edge.png,0.1862,0.18760723,0.0042276121675968
3074,/tmp/DataSetCombined/Edges/Round-9_0003465_edge.png,0.224,0.22581686,0.0042276121675968
3075,/tmp/DataSetCombined/Edges/Round-7_0005181_edge.png,0.2488,0.2473908,0.0042276121675968
3076,/tmp/DataSetCombined/Edges/Round-7_0038802_edge.png,0.297,0.29792202,0.0042276121675968
3077,/tmp/DataSetCombined/Edges/Round-9_0159201_edge.png,0.1693,0.17441744,0.0042276121675968
3078,/tmp/DataSetCombined/Edges/Round-9_0043317_edge.png,0.1831,0.18517998,0.0042276121675968
3079,/tmp/DataSetCombined/Edges/Round-6_0073024_edge.png,0.1855,0.18757074,0.0042276121675968
3080,/tmp/DataSetCombined/Edges/Round-9_0106526_edge.png,0.1761,0.18017764,0.0042276121675968
3081,/tmp/DataSetCombined/Edges/Round-7_0026612_edge.png,0.1727,0.17748886,0.0042276121675968
3082,/tmp/DataSetCombined/Edges/Round-10_0140688_edge.png,0.2408,0.2432242,0.0042276121675968
3083,/tmp/DataSetCombined/Edges/Round-8_0058279_edge.png,0.1691,0.17398411,0.0042276121675968
3084,/tmp/DataSetCombined/Edges/Round-8_0072486_edge.png,0.1919,0.19148783,0.0042276121675968
3085,/tmp/DataSetCombined/Edges/Round-7_0057343_edge.png,0.1766,0.1803528,0.0042276121675968
3086,/tmp/DataSetCombined/Edges/Round-9_0145445_edge.png,0.2289,0.23178484,0.0042276121675968
3087,/tmp/DataSetCombined/Edges/Round-10_0029982_edge.png,0.1945,0.19243474,0.0042276121675968
3088,/tmp/DataSetCombined/Edges/Round-1_0121095_edge.png,0.22,0.22453593,0.0042276121675968
3089,/tmp/DataSetCombined/Edges/Round-3_0039974_edge.png,0.2546,0.25254115,0.0042276121675968
3090,/tmp/DataSetCombined/Edges/Round-9_0151074_edge.png,0.212,0.2095174,0.0042276121675968
3091,/tmp/DataSetCombined/Edges/Round-6_0130484_edge.png,0.2254,0.22907928,0.0042276121675968
3092,/tmp/DataSetCombined/Edges/Round-5_0030108_edge.png,0.2294,0.23296294,0.0042276121675968
3093,/tmp/DataSetCombined/Edges/Round-5_0099035_edge.png,0.2255,0.22936577,0.0042276121675968
3094,/tmp/DataSetCombined/Edges/Round-1_0154144_edge.png,0.2957,0.2971477,0.0042276121675968
3095,/tmp/DataSetCombined/Edges/Round-3_0039221_edge.png,0.2372,0.23925078,0.0042276121675968
3096,/tmp/DataSetCombined/Edges/Round-1_0002234_edge.png,0.176,0.18032949,0.0042276121675968
3097,/tmp/DataSetCombined/Edges/Round-6_0052586_edge.png,0.1885,0.1892101,0.0042276121675968
3098,/tmp/DataSetCombined/Edges/Round-6_0062399_edge.png,0.1824,0.18388957,0.0042276121675968
3099,/tmp/DataSetCombined/Edges/Round-5_0064600_edge.png,0.1869,0.18756136,0.0042276121675968
3100,/tmp/DataSetCombined/Edges/Round-8_0020613_edge.png,0.2275,0.2312529,0.0042276121675968
3101,/tmp/DataSetCombined/Edges/Round-10_0157725_edge.png,0.2293,0.2326784,0.0042276121675968
3102,/tmp/DataSetCombined/Edges/Round-9_0192973_edge.png,0.2511,0.24920726,0.0042276121675968
3103,/tmp/DataSetCombined/Edges/Round-7_0060835_edge.png,0.2277,0.23111993,0.0042276121675968
3104,/tmp/DataSetCombined/Edges/Round-8_0002173_edge.png,0.187,0.18818961,0.0042276121675968
3105,/tmp/DataSetCombined/Edges/Round-7_0035401_edge.png,0.2231,0.22450285,0.0042276121675968
3106,/tmp/DataSetCombined/Edges/Round-10_0195921_edge.png,0.2136,0.21640135,0.0042276121675968
3107,/tmp/DataSetCombined/Edges/Round-6_0117090_edge.png,0.2448,0.24393961,0.0042276121675968
3108,/tmp/DataSetCombined/Edges/Round-6_0007678_edge.png,0.2394,0.24174674,0.0042276121675968
3109,/tmp/DataSetCombined/Edges/Round-9_0024475_edge.png,0.2558,0.25299886,0.0042276121675968
3110,/tmp/DataSetCombined/Edges/Round-3_0070284_edge.png,0.2275,0.2308474,0.0042276121675968
3111,/tmp/DataSetCombined/Edges/Round-4_0009575_edge.png,0.3949,0.38722044,0.0042276121675968
3112,/tmp/DataSetCombined/Edges/Round-10_0030192_edge.png,0.2275,0.23118056,0.0042276121675968
3113,/tmp/DataSetCombined/Edges/Round-9_0063755_edge.png,0.1625,0.16765082,0.0042276121675968
3114,/tmp/DataSetCombined/Edges/Round-10_0174520_edge.png,0.1905,0.19157133,0.0042276121675968
3115,/tmp/DataSetCombined/Edges/Round-1_0003301_edge.png,0.2818,0.277503,0.0042276121675968
3116,/tmp/DataSetCombined/Edges/Round-1_0043000_edge.png,0.1614,0.16926326,0.0042276121675968
3117,/tmp/DataSetCombined/Edges/Round-5_0012679_edge.png,0.4078,0.39648843,0.0042276121675968
3118,/tmp/DataSetCombined/Edges/Round-9_0078353_edge.png,0.2213,0.22213303,0.0042276121675968
3119,/tmp/DataSetCombined/Edges/Round-3_0067786_edge.png,0.1868,0.18757544,0.0042276121675968
3120,/tmp/DataSetCombined/Edges/Round-6_0011862_edge.png,0.1742,0.1792231,0.0042276121675968
3121,/tmp/DataSetCombined/Edges/Round-6_0133795_edge.png,0.2261,0.22998528,0.0042276121675968
3122,/tmp/DataSetCombined/Edges/Round-2_0065151_edge.png,0.2448,0.24399808,0.0042276121675968
3123,/tmp/DataSetCombined/Edges/Round-7_0088587_edge.png,0.1603,0.16619498,0.0042276121675968
3124,/tmp/DataSetCombined/Edges/Round-10_0183912_edge.png,0.2281,0.23224379,0.0042276121675968
3125,/tmp/DataSetCombined/Edges/Round-10_0030781_edge.png,0.173,0.17681046,0.0042276121675968
3126,/tmp/DataSetCombined/Edges/Round-5_0053072_edge.png,0.195,0.19291143,0.0042276121675968
3127,/tmp/DataSetCombined/Edges/Round-5_0069567_edge.png,0.3583,0.35909814,0.0042276121675968
3128,/tmp/DataSetCombined/Edges/Round-8_0068451_edge.png,0.3034,0.3038181,0.0042276121675968
3129,/tmp/DataSetCombined/Edges/Round-8_0018144_edge.png,0.2946,0.29685628,0.0042276121675968
3130,/tmp/DataSetCombined/Edges/Round-7_0005060_edge.png,0.1871,0.18761678,0.0042276121675968
3131,/tmp/DataSetCombined/Edges/Round-1_0125128_edge.png,0.4096,0.39817286,0.0042276121675968
3132,/tmp/DataSetCombined/Edges/Round-6_0130725_edge.png,0.2594,0.2543339,0.0042276121675968
3133,/tmp/DataSetCombined/Edges/Round-6_0080639_edge.png,0.2966,0.29814538,0.0042276121675968
3134,/tmp/DataSetCombined/Edges/Round-9_0019900_edge.png,0.1614,0.16743207,0.0042276121675968
3135,/tmp/DataSetCombined/Edges/Round-5_0066798_edge.png,0.126,0.13992813,0.0042276121675968
3136,/tmp/DataSetCombined/Edges/Round-1_0114082_edge.png,0.2219,0.22598392,0.0034187585115432
3137,/tmp/DataSetCombined/Edges/Round-1_0126513_edge.png,0.2251,0.2287271,0.0034187585115432
3138,/tmp/DataSetCombined/Edges/Round-8_0044331_edge.png,0.1769,0.18089917,0.0034187585115432
3139,/tmp/DataSetCombined/Edges/Round-1_0122750_edge.png,0.1724,0.17856707,0.0034187585115432
3140,/tmp/DataSetCombined/Edges/Round-10_0111642_edge.png,0.2373,0.23962048,0.0034187585115432
3141,/tmp/DataSetCombined/Edges/Round-3_0049576_edge.png,0.2196,0.21928376,0.0034187585115432
3142,/tmp/DataSetCombined/Edges/Round-10_0109692_edge.png,0.1799,0.18432018,0.0034187585115432
3143,/tmp/DataSetCombined/Edges/Round-7_0105774_edge.png,0.1796,0.18324386,0.0034187585115432
3144,/tmp/DataSetCombined/Edges/Round-8_0077712_edge.png,0.2883,0.2866158,0.0034187585115432
3145,/tmp/DataSetCombined/Edges/Round-6_0088736_edge.png,0.2285,0.23227526,0.0034187585115432
3146,/tmp/DataSetCombined/Edges/Round-6_0017911_edge.png,0.168,0.17545423,0.0034187585115432
3147,/tmp/DataSetCombined/Edges/Round-9_0075494_edge.png,0.2422,0.23871621,0.0034187585115432
3148,/tmp/DataSetCombined/Edges/Round-9_0145205_edge.png,0.2644,0.25632018,0.0034187585115432
3149,/tmp/DataSetCombined/Edges/Round-1_0142917_edge.png,0.1726,0.17844056,0.0034187585115432
3150,/tmp/DataSetCombined/Edges/Round-7_0034859_edge.png,0.2235,0.22748148,0.0034187585115432
3151,/tmp/DataSetCombined/Edges/Round-10_0191467_edge.png,0.3916,0.384236,0.0034187585115432
3152,/tmp/DataSetCombined/Edges/Round-10_0037055_edge.png,0.1729,0.17790812,0.0034187585115432
3153,/tmp/DataSetCombined/Edges/Round-6_0051683_edge.png,0.2004,0.19905372,0.0034187585115432
3154,/tmp/DataSetCombined/Edges/Round-6_0122357_edge.png,0.3689,0.3653239,0.0034187585115432
3155,/tmp/DataSetCombined/Edges/Round-5_0029756_edge.png,0.165,0.17278114,0.0034187585115432
3156,/tmp/DataSetCombined/Edges/Round-10_0015625_edge.png,0.3025,0.3018589,0.0034187585115432
3157,/tmp/DataSetCombined/Edges/Round-10_0070917_edge.png,0.1909,0.19116324,0.0034187585115432
3158,/tmp/DataSetCombined/Edges/Round-3_0027467_edge.png,0.2449,0.24392009,0.0034187585115432
3159,/tmp/DataSetCombined/Edges/Round-10_0051271_edge.png,0.3197,0.3171762,0.0034187585115432
3160,/tmp/DataSetCombined/Edges/Round-4_0084824_edge.png,0.1791,0.18247516,0.0034187585115432
3161,/tmp/DataSetCombined/Edges/Round-7_0078293_edge.png,0.1736,0.1787149,0.0034187585115432
3162,/tmp/DataSetCombined/Edges/Round-4_0012466_edge.png,0.1972,0.19509915,0.0034187585115432
3163,/tmp/DataSetCombined/Edges/Round-9_0187435_edge.png,0.1672,0.17448005,0.0034187585115432
3164,/tmp/DataSetCombined/Edges/Round-9_0036996_edge.png,0.3592,0.35914207,0.0034187585115432
3165,/tmp/DataSetCombined/Edges/Round-10_0137055_edge.png,0.227,0.23128459,0.0034187585115432
3166,/tmp/DataSetCombined/Edges/Round-5_0070048_edge.png,0.1905,0.19166374,0.0034187585115432
3167,/tmp/DataSetCombined/Edges/Round-10_0159350_edge.png,0.2298,0.23349282,0.0034187585115432
3168,/tmp/DataSetCombined/Edges/Round-6_0109565_edge.png,0.2281,0.23149545,0.0034187585115432
3169,/tmp/DataSetCombined/Edges/Round-9_0102071_edge.png,0.2261,0.23033533,0.0034187585115432
3170,/tmp/DataSetCombined/Edges/Round-8_0032622_edge.png,0.1738,0.17900217,0.0034187585115432
3171,/tmp/DataSetCombined/Edges/Round-9_0049307_edge.png,0.1714,0.17640635,0.0034187585115432
3172,/tmp/DataSetCombined/Edges/Round-9_0127325_edge.png,0.3439,0.34940982,0.0034187585115432
3173,/tmp/DataSetCombined/Edges/Round-9_0075855_edge.png,0.1899,0.19063061,0.0034187585115432
3174,/tmp/DataSetCombined/Edges/Round-6_0087261_edge.png,0.282,0.27788162,0.0034187585115432
3175,/tmp/DataSetCombined/Edges/Round-1_0077151_edge.png,0.1762,0.18050793,0.0034187585115432
3176,/tmp/DataSetCombined/Edges/Round-1_0087985_edge.png,0.2365,0.2387611,0.0034187585115432
3177,/tmp/DataSetCombined/Edges/Round-9_0083921_edge.png,0.171,0.1762306,0.0034187585115432
3178,/tmp/DataSetCombined/Edges/Round-2_0099856_edge.png,0.3462,0.35080236,0.0034187585115432
3179,/tmp/DataSetCombined/Edges/Round-7_0009064_edge.png,0.2445,0.24593438,0.0034187585115432
3180,/tmp/DataSetCombined/Edges/Round-6_0052797_edge.png,0.2444,0.24210486,0.0034187585115432
3181,/tmp/DataSetCombined/Edges/Round-6_0015172_edge.png,0.1805,0.18352816,0.0034187585115432
3182,/tmp/DataSetCombined/Edges/Round-1_0033836_edge.png,0.1905,0.19215305,0.0034187585115432
3183,/tmp/DataSetCombined/Edges/Round-3_0022246_edge.png,0.2929,0.29490432,0.0034187585115432
3184,/tmp/DataSetCombined/Edges/Round-3_0033582_edge.png,0.1771,0.18157521,0.0034187585115432
3185,/tmp/DataSetCombined/Edges/Round-10_0095810_edge.png,0.4089,0.3979364,0.0034187585115432
3186,/tmp/DataSetCombined/Edges/Round-8_0034380_edge.png,0.4096,0.39785808,0.0034187585115432
3187,/tmp/DataSetCombined/Edges/Round-10_0153781_edge.png,0.2085,0.20539144,0.0034187585115432
3188,/tmp/DataSetCombined/Edges/Round-5_0024207_edge.png,0.3339,0.33637816,0.0034187585115432
3189,/tmp/DataSetCombined/Edges/Round-6_0109534_edge.png,0.1703,0.17523946,0.0034187585115432
3190,/tmp/DataSetCombined/Edges/Round-1_0059401_edge.png,0.225,0.22569302,0.0034187585115432
3191,/tmp/DataSetCombined/Edges/Round-7_0045905_edge.png,0.2998,0.29706684,0.0034187585115432
3192,/tmp/DataSetCombined/Edges/Round-3_0021312_edge.png,0.2445,0.24361587,0.0034187585115432
3193,/tmp/DataSetCombined/Edges/Round-1_0060201_edge.png,0.2862,0.28288746,0.0034187585115432
3194,/tmp/DataSetCombined/Edges/Round-10_0014150_edge.png,0.1707,0.1756992,0.0034187585115432
3195,/tmp/DataSetCombined/Edges/Round-8_0046017_edge.png,0.2086,0.20816724,0.0034187585115432
3196,/tmp/DataSetCombined/Edges/Round-7_0061588_edge.png,0.2238,0.22548042,0.0034187585115432
3197,/tmp/DataSetCombined/Edges/Round-7_0005091_edge.png,0.2851,0.2821416,0.0034187585115432
3198,/tmp/DataSetCombined/Edges/Round-10_0157544_edge.png,0.2429,0.24283615,0.0034187585115432
3199,/tmp/DataSetCombined/Edges/Round-8_0048311_edge.png,0.2282,0.23162887,0.0034187585115432
3200,/tmp/DataSetCombined/Edges/Round-2_0004600_edge.png,0.227,0.23084213,0.0040348321199417
3201,/tmp/DataSetCombined/Edges/Round-3_0035267_edge.png,0.2226,0.22725132,0.0040348321199417
3202,/tmp/DataSetCombined/Edges/Round-8_0057274_edge.png,0.4025,0.39361894,0.0040348321199417
3203,/tmp/DataSetCombined/Edges/Round-9_0112035_edge.png,0.2541,0.2517349,0.0040348321199417
3204,/tmp/DataSetCombined/Edges/Round-10_0093161_edge.png,0.1497,0.16004877,0.0040348321199417
3205,/tmp/DataSetCombined/Edges/Round-1_0025367_edge.png,0.3571,0.3590318,0.0040348321199417
3206,/tmp/DataSetCombined/Edges/Round-5_0050845_edge.png,0.2967,0.2980246,0.0040348321199417
3207,/tmp/DataSetCombined/Edges/Round-2_0061389_edge.png,0.2541,0.25083023,0.0040348321199417
3208,/tmp/DataSetCombined/Edges/Round-9_0175906_edge.png,0.2968,0.29763278,0.0040348321199417
3209,/tmp/DataSetCombined/Edges/Round-10_0004394_edge.png,0.2317,0.2328712,0.0040348321199417
3210,/tmp/DataSetCombined/Edges/Round-5_0029444_edge.png,0.23,0.23228702,0.0040348321199417
3211,/tmp/DataSetCombined/Edges/Round-6_0019688_edge.png,0.404,0.39443022,0.0040348321199417
3212,/tmp/DataSetCombined/Edges/Round-10_0173467_edge.png,0.1792,0.18306398,0.0040348321199417
3213,/tmp/DataSetCombined/Edges/Round-5_0046480_edge.png,0.2242,0.2258051,0.0040348321199417
3214,/tmp/DataSetCombined/Edges/Round-9_0052377_edge.png,0.208,0.20469818,0.0040348321199417
3215,/tmp/DataSetCombined/Edges/Round-3_0078291_edge.png,0.1732,0.17901145,0.0040348321199417
3216,/tmp/DataSetCombined/Edges/Round-5_0051087_edge.png,0.1609,0.16892438,0.0040348321199417
3217,/tmp/DataSetCombined/Edges/Round-8_0077411_edge.png,0.1951,0.19505714,0.0040348321199417
3218,/tmp/DataSetCombined/Edges/Round-2_0093535_edge.png,0.2718,0.265562,0.0040348321199417
3219,/tmp/DataSetCombined/Edges/Round-6_0018423_edge.png,0.238,0.23812851,0.0040348321199417
3220,/tmp/DataSetCombined/Edges/Round-7_0043197_edge.png,0.1571,0.16555125,0.0040348321199417
3221,/tmp/DataSetCombined/Edges/Round-10_0023510_edge.png,0.2307,0.23362014,0.0040348321199417
3222,/tmp/DataSetCombined/Edges/Round-1_0043367_edge.png,0.2446,0.2439918,0.0040348321199417
3223,/tmp/DataSetCombined/Edges/Round-6_0105953_edge.png,0.22,0.22467294,0.0040348321199417
3224,/tmp/DataSetCombined/Edges/Round-10_0073175_edge.png,0.226,0.23006219,0.0040348321199417
3225,/tmp/DataSetCombined/Edges/Round-9_0053702_edge.png,0.2235,0.22785802,0.0040348321199417
3226,/tmp/DataSetCombined/Edges/Round-4_0091115_edge.png,0.2293,0.2327038,0.0040348321199417
3227,/tmp/DataSetCombined/Edges/Round-8_0010499_edge.png,0.2448,0.24379194,0.0040348321199417
3228,/tmp/DataSetCombined/Edges/Round-4_0056199_edge.png,0.2767,0.27069747,0.0040348321199417
3229,/tmp/DataSetCombined/Edges/Round-6_0014540_edge.png,0.2362,0.23821911,0.0040348321199417
3230,/tmp/DataSetCombined/Edges/Round-10_0155046_edge.png,0.1712,0.17707075,0.0040348321199417
3231,/tmp/DataSetCombined/Edges/Round-1_0078775_edge.png,0.3029,0.30180696,0.0040348321199417
3232,/tmp/DataSetCombined/Edges/Round-5_0038444_edge.png,0.1906,0.19102257,0.0040348321199417
3233,/tmp/DataSetCombined/Edges/Round-2_0106719_edge.png,0.1727,0.1776661,0.0040348321199417
3234,/tmp/DataSetCombined/Edges/Round-4_0050841_edge.png,0.23,0.2323525,0.0040348321199417
3235,/tmp/DataSetCombined/Edges/Round-8_0063607_edge.png,0.2261,0.23004785,0.0040348321199417
3236,/tmp/DataSetCombined/Edges/Round-7_0067547_edge.png,0.1637,0.16955885,0.0040348321199417
3237,/tmp/DataSetCombined/Edges/Round-10_0064687_edge.png,0.2178,0.21668257,0.0040348321199417
3238,/tmp/DataSetCombined/Edges/Round-8_0046529_edge.png,0.1815,0.18359457,0.0040348321199417
3239,/tmp/DataSetCombined/Edges/Round-3_0049335_edge.png,0.2216,0.22611572,0.0040348321199417
3240,/tmp/DataSetCombined/Edges/Round-10_0194145_edge.png,0.282,0.2779106,0.0040348321199417
3241,/tmp/DataSetCombined/Edges/Round-3_0048974_edge.png,0.2479,0.24597839,0.0040348321199417
3242,/tmp/DataSetCombined/Edges/Round-7_0136596_edge.png,0.2766,0.27062032,0.0040348321199417
3243,/tmp/DataSetCombined/Edges/Round-8_0010451_edge.png,0.2304,0.23255578,0.0040348321199417
3244,/tmp/DataSetCombined/Edges/Round-1_0126092_edge.png,0.2273,0.23112668,0.0040348321199417
3245,/tmp/DataSetCombined/Edges/Round-10_0033534_edge.png,0.3292,0.3289532,0.0040348321199417
3246,/tmp/DataSetCombined/Edges/Round-10_0141290_edge.png,0.1624,0.16754347,0.0040348321199417
3247,/tmp/DataSetCombined/Edges/Round-2_0092782_edge.png,0.2613,0.25519037,0.0040348321199417
3248,/tmp/DataSetCombined/Edges/Round-10_0197787_edge.png,0.2309,0.23266445,0.0040348321199417
3249,/tmp/DataSetCombined/Edges/Round-6_0108331_edge.png,0.1717,0.17770983,0.0040348321199417
3250,/tmp/DataSetCombined/Edges/Round-7_0069564_edge.png,0.2247,0.22621599,0.0040348321199417
3251,/tmp/DataSetCombined/Edges/Round-3_0033051_edge.png,0.2066,0.20465325,0.0040348321199417
3252,/tmp/DataSetCombined/Edges/Round-7_0096671_edge.png,0.2541,0.2517772,0.0040348321199417
3253,/tmp/DataSetCombined/Edges/Round-10_0082054_edge.png,0.2442,0.24351779,0.0040348321199417
3254,/tmp/DataSetCombined/Edges/Round-6_0044941_edge.png,0.2001,0.19801481,0.0040348321199417
3255,/tmp/DataSetCombined/Edges/Round-1_0085527_edge.png,0.2243,0.22983731,0.0040348321199417
3256,/tmp/DataSetCombined/Edges/Round-10_0053429_edge.png,0.282,0.27736473,0.0040348321199417
3257,/tmp/DataSetCombined/Edges/Round-7_0038290_edge.png,0.1715,0.17717776,0.0040348321199417
3258,/tmp/DataSetCombined/Edges/Round-6_0122477_edge.png,0.2816,0.27613103,0.0040348321199417
3259,/tmp/DataSetCombined/Edges/Round-3_0080909_edge.png,0.1742,0.17940566,0.0040348321199417
3260,/tmp/DataSetCombined/Edges/Round-8_0010180_edge.png,0.2034,0.20236725,0.0040348321199417
3261,/tmp/DataSetCombined/Edges/Round-5_0023394_edge.png,0.1729,0.177086,0.0040348321199417
3262,/tmp/DataSetCombined/Edges/Round-8_0027325_edge.png,0.3693,0.36503708,0.0040348321199417
3263,/tmp/DataSetCombined/Edges/Round-7_0059390_edge.png,0.3628,0.3614382,0.0040348321199417
3264,/tmp/DataSetCombined/Edges/Round-5_0121881_edge.png,0.164,0.16935569,0.0040863789618015
3265,/tmp/DataSetCombined/Edges/Round-1_0107671_edge.png,0.1802,0.18333301,0.0040863789618015
3266,/tmp/DataSetCombined/Edges/Round-2_0071541_edge.png,0.221,0.2255527,0.0040863789618015
3267,/tmp/DataSetCombined/Edges/Round-6_0047830_edge.png,0.2969,0.29846695,0.0040863789618015
3268,/tmp/DataSetCombined/Edges/Round-1_0130215_edge.png,0.241,0.24176478,0.0040863789618015
3269,/tmp/DataSetCombined/Edges/Round-8_0078554_edge.png,0.1999,0.19903149,0.0040863789618015
3270,/tmp/DataSetCombined/Edges/Round-2_0060600_edge.png,0.2628,0.255541,0.0040863789618015
3271,/tmp/DataSetCombined/Edges/Round-1_0006300_edge.png,0.1724,0.17886233,0.0040863789618015
3272,/tmp/DataSetCombined/Edges/Round-4_0005542_edge.png,0.2862,0.28185445,0.0040863789618015
3273,/tmp/DataSetCombined/Edges/Round-9_0049186_edge.png,0.1632,0.16934916,0.0040863789618015
3274,/tmp/DataSetCombined/Edges/Round-9_0012555_edge.png,0.2295,0.2331828,0.0040863789618015
3275,/tmp/DataSetCombined/Edges/Round-9_0009064_edge.png,0.2371,0.23808745,0.0040863789618015
3276,/tmp/DataSetCombined/Edges/Round-8_0070680_edge.png,0.1558,0.1655392,0.0040863789618015
3277,/tmp/DataSetCombined/Edges/Round-9_0017793_edge.png,0.2263,0.23085055,0.0040863789618015
3278,/tmp/DataSetCombined/Edges/Round-6_0035610_edge.png,0.1722,0.17804454,0.0040863789618015
3279,/tmp/DataSetCombined/Edges/Round-8_0053433_edge.png,0.2152,0.21474214,0.0040863789618015
3280,/tmp/DataSetCombined/Edges/Round-10_0106555_edge.png,0.2329,0.2369632,0.0040863789618015
3281,/tmp/DataSetCombined/Edges/Round-7_0053190_edge.png,0.1988,0.19725946,0.0040863789618015
3282,/tmp/DataSetCombined/Edges/Round-5_0033628_edge.png,0.1768,0.18120442,0.0040863789618015
3283,/tmp/DataSetCombined/Edges/Round-7_0062882_edge.png,0.2064,0.20363748,0.0040863789618015
3284,/tmp/DataSetCombined/Edges/Round-1_0102824_edge.png,0.1491,0.16143313,0.0040863789618015
3285,/tmp/DataSetCombined/Edges/Round-1_0003634_edge.png,0.2305,0.23200506,0.0040863789618015
3286,/tmp/DataSetCombined/Edges/Round-1_0016201_edge.png,0.2293,0.23282161,0.0040863789618015
3287,/tmp/DataSetCombined/Edges/Round-5_0116853_edge.png,0.1761,0.18010242,0.0040863789618015
3288,/tmp/DataSetCombined/Edges/Round-5_0044253_edge.png,0.2752,0.27030724,0.0040863789618015
3289,/tmp/DataSetCombined/Edges/Round-1_0024800_edge.png,0.173,0.17813398,0.0040863789618015
3290,/tmp/DataSetCombined/Edges/Round-10_0140779_edge.png,0.2291,0.23247695,0.0040863789618015
3291,/tmp/DataSetCombined/Edges/Round-1_0071734_edge.png,0.1728,0.17835657,0.0040863789618015
3292,/tmp/DataSetCombined/Edges/Round-10_0169554_edge.png,0.227,0.23087345,0.0040863789618015
3293,/tmp/DataSetCombined/Edges/Round-6_0105441_edge.png,0.2879,0.28177613,0.0040863789618015
3294,/tmp/DataSetCombined/Edges/Round-7_0071490_edge.png,0.2241,0.22560208,0.0040863789618015
3295,/tmp/DataSetCombined/Edges/Round-9_0088455_edge.png,0.4096,0.39817417,0.0040863789618015
3296,/tmp/DataSetCombined/Edges/Round-3_0088976_edge.png,0.186,0.18689632,0.0040863789618015
3297,/tmp/DataSetCombined/Edges/Round-10_0097164_edge.png,0.1775,0.18131307,0.0040863789618015
3298,/tmp/DataSetCombined/Edges/Round-2_0084967_edge.png,0.1869,0.18870392,0.0040863789618015
3299,/tmp/DataSetCombined/Edges/Round-8_0059032_edge.png,0.2937,0.29563117,0.0040863789618015
3300,/tmp/DataSetCombined/Edges/Round-2_0061719_edge.png,0.2192,0.22523521,0.0040863789618015
3301,/tmp/DataSetCombined/Edges/Round-7_0057494_edge.png,0.2301,0.23447557,0.0040863789618015
3302,/tmp/DataSetCombined/Edges/Round-5_0045428_edge.png,0.2246,0.22925466,0.0040863789618015
3303,/tmp/DataSetCombined/Edges/Round-6_0117180_edge.png,0.2444,0.2435833,0.0040863789618015
3304,/tmp/DataSetCombined/Edges/Round-9_0048645_edge.png,0.1741,0.17955078,0.0040863789618015
3305,/tmp/DataSetCombined/Edges/Round-8_0074070_edge.png,0.1573,0.16505393,0.0040863789618015
3306,/tmp/DataSetCombined/Edges/Round-5_0066828_edge.png,0.2413,0.24333721,0.0040863789618015
3307,/tmp/DataSetCombined/Edges/Round-3_0020590_edge.png,0.2273,0.23076983,0.0040863789618015
3308,/tmp/DataSetCombined/Edges/Round-9_0084885_edge.png,0.2373,0.23990723,0.0040863789618015
3309,/tmp/DataSetCombined/Edges/Round-5_0060567_edge.png,0.2335,0.23399639,0.0040863789618015
3310,/tmp/DataSetCombined/Edges/Round-8_0019439_edge.png,0.2791,0.2727263,0.0040863789618015
3311,/tmp/DataSetCombined/Edges/Round-2_0066536_edge.png,0.1766,0.18051666,0.0040863789618015
3312,/tmp/DataSetCombined/Edges/Round-5_0004091_edge.png,0.2599,0.2545429,0.0040863789618015
3313,/tmp/DataSetCombined/Edges/Round-7_0135784_edge.png,0.282,0.2779618,0.0040863789618015
3314,/tmp/DataSetCombined/Edges/Round-4_0080580_edge.png,0.2372,0.23985624,0.0040863789618015
3315,/tmp/DataSetCombined/Edges/Round-5_0099636_edge.png,0.1732,0.17877886,0.0040863789618015
3316,/tmp/DataSetCombined/Edges/Round-5_0063921_edge.png,0.1784,0.18054275,0.0040863789618015
3317,/tmp/DataSetCombined/Edges/Round-5_0075165_edge.png,0.2796,0.2745351,0.0040863789618015
3318,/tmp/DataSetCombined/Edges/Round-5_0103038_edge.png,0.2815,0.27834028,0.0040863789618015
3319,/tmp/DataSetCombined/Edges/Round-6_0101378_edge.png,0.1742,0.17954352,0.0040863789618015
3320,/tmp/DataSetCombined/Edges/Round-3_0059431_edge.png,0.2383,0.23700309,0.0040863789618015
3321,/tmp/DataSetCombined/Edges/Round-8_0041393_edge.png,0.2745,0.26971334,0.0040863789618015
3322,/tmp/DataSetCombined/Edges/Round-9_0044280_edge.png,0.23,0.23367219,0.0040863789618015
3323,/tmp/DataSetCombined/Edges/Round-8_0010391_edge.png,0.2424,0.24281251,0.0040863789618015
3324,/tmp/DataSetCombined/Edges/Round-9_0140201_edge.png,0.1746,0.17949611,0.0040863789618015
3325,/tmp/DataSetCombined/Edges/Round-6_0116307_edge.png,0.2137,0.21288896,0.0040863789618015
3326,/tmp/DataSetCombined/Edges/Round-8_0053764_edge.png,0.1763,0.180403,0.0040863789618015
3327,/tmp/DataSetCombined/Edges/Round-7_0137589_edge.png,0.2806,0.27504408,0.0040863789618015
3328,/tmp/DataSetCombined/Edges/Round-8_0013509_edge.png,0.1905,0.19138785,0.0037858709692955
3329,/tmp/DataSetCombined/Edges/Round-7_0094667_edge.png,0.2449,0.24404004,0.0037858709692955
3330,/tmp/DataSetCombined/Edges/Round-4_0054062_edge.png,0.2625,0.2558844,0.0037858709692955
3331,/tmp/DataSetCombined/Edges/Round-10_0110649_edge.png,0.2263,0.23078302,0.0037858709692955
3332,/tmp/DataSetCombined/Edges/Round-7_0068149_edge.png,0.2373,0.2395209,0.0037858709692955
3333,/tmp/DataSetCombined/Edges/Round-9_0181027_edge.png,0.4033,0.39434558,0.0037858709692955
3334,/tmp/DataSetCombined/Edges/Round-8_0066497_edge.png,0.1918,0.19083643,0.0037858709692955
3335,/tmp/DataSetCombined/Edges/Round-6_0078893_edge.png,0.3608,0.3601266,0.0037858709692955
3336,/tmp/DataSetCombined/Edges/Round-9_0049969_edge.png,0.1723,0.17720535,0.0037858709692955
3337,/tmp/DataSetCombined/Edges/Round-1_0111072_edge.png,0.1643,0.17110442,0.0037858709692955
3338,/tmp/DataSetCombined/Edges/Round-2_0064338_edge.png,0.1928,0.19255592,0.0037858709692955
3339,/tmp/DataSetCombined/Edges/Round-8_0025068_edge.png,0.1863,0.18710722,0.0037858709692955
3340,/tmp/DataSetCombined/Edges/Round-8_0027246_edge.png,0.2963,0.2977496,0.0037858709692955
3341,/tmp/DataSetCombined/Edges/Round-10_0132832_edge.png,0.2373,0.23937824,0.0037858709692955
3342,/tmp/DataSetCombined/Edges/Round-4_0040397_edge.png,0.3024,0.30080014,0.0037858709692955
3343,/tmp/DataSetCombined/Edges/Round-8_0000364_edge.png,0.2952,0.29695514,0.0037858709692955
3344,/tmp/DataSetCombined/Edges/Round-10_0037357_edge.png,0.2442,0.2435043,0.0037858709692955
3345,/tmp/DataSetCombined/Edges/Round-5_0051959_edge.png,0.3017,0.2996108,0.0037858709692955
3346,/tmp/DataSetCombined/Edges/Round-6_0032450_edge.png,0.1775,0.18166709,0.0037858709692955
3347,/tmp/DataSetCombined/Edges/Round-9_0155890_edge.png,0.2126,0.21038198,0.0037858709692955
3348,/tmp/DataSetCombined/Edges/Round-8_0062692_edge.png,0.2265,0.23002736,0.0037858709692955
3349,/tmp/DataSetCombined/Edges/Round-9_0150743_edge.png,0.1737,0.17990692,0.0037858709692955
3350,/tmp/DataSetCombined/Edges/Round-8_0022840_edge.png,0.2267,0.22984093,0.0037858709692955
3351,/tmp/DataSetCombined/Edges/Round-7_0104630_edge.png,0.3978,0.3901087,0.0037858709692955
3352,/tmp/DataSetCombined/Edges/Round-7_0089039_edge.png,0.1578,0.16470784,0.0037858709692955
3353,/tmp/DataSetCombined/Edges/Round-1_0131118_edge.png,0.287,0.2855687,0.0037858709692955
3354,/tmp/DataSetCombined/Edges/Round-1_0147191_edge.png,0.1266,0.14065596,0.0037858709692955
3355,/tmp/DataSetCombined/Edges/Round-4_0003585_edge.png,0.1812,0.18550622,0.0037858709692955
3356,/tmp/DataSetCombined/Edges/Round-10_0106314_edge.png,0.297,0.29847687,0.0037858709692955
3357,/tmp/DataSetCombined/Edges/Round-7_0033625_edge.png,0.1635,0.16904916,0.0037858709692955
3358,/tmp/DataSetCombined/Edges/Round-5_0112579_edge.png,0.2283,0.23221037,0.0037858709692955
3359,/tmp/DataSetCombined/Edges/Round-3_0036667_edge.png,0.201,0.19981053,0.0037858709692955
3360,/tmp/DataSetCombined/Edges/Round-7_0063243_edge.png,0.292,0.2939507,0.0037858709692955
3361,/tmp/DataSetCombined/Edges/Round-8_0004551_edge.png,0.1731,0.17819038,0.0037858709692955
3362,/tmp/DataSetCombined/Edges/Round-9_0101741_edge.png,0.1454,0.15836562,0.0037858709692955
3363,/tmp/DataSetCombined/Edges/Round-4_0049096_edge.png,0.2469,0.2480122,0.0037858709692955
3364,/tmp/DataSetCombined/Edges/Round-5_0055420_edge.png,0.2232,0.22517775,0.0037858709692955
3365,/tmp/DataSetCombined/Edges/Round-6_0128578_edge.png,0.2346,0.23700893,0.0037858709692955
3366,/tmp/DataSetCombined/Edges/Round-5_0000485_edge.png,0.2544,0.25215986,0.0037858709692955
3367,/tmp/DataSetCombined/Edges/Round-10_0030945_edge.png,0.1898,0.19012143,0.0037858709692955
3368,/tmp/DataSetCombined/Edges/Round-10_0055602_edge.png,0.1762,0.18061814,0.0037858709692955
3369,/tmp/DataSetCombined/Edges/Round-2_0075200_edge.png,0.2569,0.25297788,0.0037858709692955
3370,/tmp/DataSetCombined/Edges/Round-7_0083410_edge.png,0.1762,0.18053743,0.0037858709692955
3371,/tmp/DataSetCombined/Edges/Round-6_0082114_edge.png,0.1691,0.17379868,0.0037858709692955
3372,/tmp/DataSetCombined/Edges/Round-1_0166394_edge.png,0.2268,0.23102525,0.0037858709692955
3373,/tmp/DataSetCombined/Edges/Round-6_0132140_edge.png,0.2773,0.2715586,0.0037858709692955
3374,/tmp/DataSetCombined/Edges/Round-1_0168170_edge.png,0.1859,0.18656346,0.0037858709692955
3375,/tmp/DataSetCombined/Edges/Round-1_0022900_edge.png,0.1711,0.17633243,0.0037858709692955
3376,/tmp/DataSetCombined/Edges/Round-5_0053915_edge.png,0.376,0.3712813,0.0037858709692955
3377,/tmp/DataSetCombined/Edges/Round-2_0075300_edge.png,0.2327,0.22809125,0.0037858709692955
3378,/tmp/DataSetCombined/Edges/Round-10_0196583_edge.png,0.1726,0.17777236,0.0037858709692955
3379,/tmp/DataSetCombined/Edges/Round-10_0165190_edge.png,0.2301,0.23225448,0.0037858709692955
3380,/tmp/DataSetCombined/Edges/Round-2_0075776_edge.png,0.1708,0.17672011,0.0037858709692955
3381,/tmp/DataSetCombined/Edges/Round-6_0032570_edge.png,0.2235,0.22422922,0.0037858709692955
3382,/tmp/DataSetCombined/Edges/Round-3_0011470_edge.png,0.1696,0.1754486,0.0037858709692955
3383,/tmp/DataSetCombined/Edges/Round-5_0015207_edge.png,0.1715,0.17682719,0.0037858709692955
3384,/tmp/DataSetCombined/Edges/Round-3_0062730_edge.png,0.2342,0.23433672,0.0037858709692955
3385,/tmp/DataSetCombined/Edges/Round-8_0047823_edge.png,0.25,0.24848925,0.0037858709692955
3386,/tmp/DataSetCombined/Edges/Round-10_0154113_edge.png,0.2021,0.20045716,0.0037858709692955
3387,/tmp/DataSetCombined/Edges/Round-1_0156612_edge.png,0.205,0.20357,0.0037858709692955
3388,/tmp/DataSetCombined/Edges/Round-3_0044489_edge.png,0.1742,0.17936742,0.0037858709692955
3389,/tmp/DataSetCombined/Edges/Round-10_0044791_edge.png,0.3016,0.29863402,0.0037858709692955
3390,/tmp/DataSetCombined/Edges/Round-6_0020169_edge.png,0.2443,0.24378894,0.0037858709692955
3391,/tmp/DataSetCombined/Edges/Round-5_0061711_edge.png,0.1711,0.17604752,0.0037858709692955
3392,/tmp/DataSetCombined/Edges/Round-7_0065440_edge.png,0.1761,0.18007074,0.0040461830794811
3393,/tmp/DataSetCombined/Edges/Round-7_0014542_edge.png,0.3027,0.30062884,0.0040461830794811
3394,/tmp/DataSetCombined/Edges/Round-6_0074439_edge.png,0.2224,0.22209412,0.0040461830794811
3395,/tmp/DataSetCombined/Edges/Round-4_0083590_edge.png,0.1949,0.19367819,0.0040461830794811
3396,/tmp/DataSetCombined/Edges/Round-6_0087381_edge.png,0.1993,0.19817667,0.0040461830794811
3397,/tmp/DataSetCombined/Edges/Round-3_0055174_edge.png,0.1622,0.16794407,0.0040461830794811
3398,/tmp/DataSetCombined/Edges/Round-5_0070801_edge.png,0.2002,0.1989108,0.0040461830794811
3399,/tmp/DataSetCombined/Edges/Round-9_0065049_edge.png,0.1828,0.18516739,0.0040461830794811
3400,/tmp/DataSetCombined/Edges/Round-1_0056301_edge.png,0.2276,0.23131965,0.0040461830794811
3401,/tmp/DataSetCombined/Edges/Round-1_0145566_edge.png,0.2249,0.2280273,0.0040461830794811
3402,/tmp/DataSetCombined/Edges/Round-5_0024508_edge.png,0.3022,0.30067676,0.0040461830794811
3403,/tmp/DataSetCombined/Edges/Round-1_0111734_edge.png,0.3596,0.3599235,0.0040461830794811
3404,/tmp/DataSetCombined/Edges/Round-5_0073690_edge.png,0.2198,0.21909258,0.0040461830794811
3405,/tmp/DataSetCombined/Edges/Round-1_0038400_edge.png,0.3614,0.36057907,0.0040461830794811
3406,/tmp/DataSetCombined/Edges/Round-10_0072850_edge.png,0.2017,0.19948564,0.0040461830794811
3407,/tmp/DataSetCombined/Edges/Round-10_0107519_edge.png,0.1847,0.18714413,0.0040461830794811
3408,/tmp/DataSetCombined/Edges/Round-9_0053431_edge.png,0.1878,0.18786046,0.0040461830794811
3409,/tmp/DataSetCombined/Edges/Round-3_0009967_edge.png,0.3218,0.31765354,0.0040461830794811
3410,/tmp/DataSetCombined/Edges/Round-8_0072907_edge.png,0.2287,0.23246723,0.0040461830794811
3411,/tmp/DataSetCombined/Edges/Round-10_0042473_edge.png,0.3541,0.35620677,0.0040461830794811
3412,/tmp/DataSetCombined/Edges/Round-8_0009927_edge.png,0.1901,0.19055043,0.0040461830794811
3413,/tmp/DataSetCombined/Edges/Round-7_0052919_edge.png,0.2268,0.23086388,0.0040461830794811
3414,/tmp/DataSetCombined/Edges/Round-9_0106496_edge.png,0.2277,0.23055243,0.0040461830794811
3415,/tmp/DataSetCombined/Edges/Round-8_0060055_edge.png,0.3843,0.37693202,0.0040461830794811
3416,/tmp/DataSetCombined/Edges/Round-1_0032134_edge.png,0.1716,0.17682831,0.0040461830794811
3417,/tmp/DataSetCombined/Edges/Round-5_0109088_edge.png,0.1809,0.18304457,0.0040461830794811
3418,/tmp/DataSetCombined/Edges/Round-6_0010928_edge.png,0.2265,0.23073748,0.0040461830794811
3419,/tmp/DataSetCombined/Edges/Round-8_0013148_edge.png,0.1677,0.17199588,0.0040461830794811
3420,/tmp/DataSetCombined/Edges/Round-9_0156160_edge.png,0.1742,0.17956184,0.0040461830794811
3421,/tmp/DataSetCombined/Edges/Round-3_0016677_edge.png,0.1647,0.17015992,0.0040461830794811
3422,/tmp/DataSetCombined/Edges/Round-2_0085589_edge.png,0.2026,0.20098537,0.0040461830794811
3423,/tmp/DataSetCombined/Edges/Round-10_0107489_edge.png,0.2294,0.23242377,0.0040461830794811
3424,/tmp/DataSetCombined/Edges/Round-8_0060025_edge.png,0.2273,0.23077862,0.0040461830794811
3425,/tmp/DataSetCombined/Edges/Round-4_0059540_edge.png,0.2285,0.23215324,0.0040461830794811
3426,/tmp/DataSetCombined/Edges/Round-3_0084852_edge.png,0.2224,0.225352,0.0040461830794811
3427,/tmp/DataSetCombined/Edges/Round-5_0044524_edge.png,0.2663,0.26165295,0.0040461830794811
3428,/tmp/DataSetCombined/Edges/Round-10_0169680_edge.png,0.2147,0.22020096,0.0040461830794811
3429,/tmp/DataSetCombined/Edges/Round-7_0029562_edge.png,0.2165,0.21478423,0.0040461830794811
3430,/tmp/DataSetCombined/Edges/Round-1_0032867_edge.png,0.2302,0.23253784,0.0040461830794811
3431,/tmp/DataSetCombined/Edges/Round-4_0087383_edge.png,0.1359,0.14866601,0.0040461830794811
3432,/tmp/DataSetCombined/Edges/Round-5_0022612_edge.png,0.3122,0.31113616,0.0040461830794811
3433,/tmp/DataSetCombined/Edges/Round-1_0004730_edge.png,0.3973,0.39012727,0.0040461830794811
3434,/tmp/DataSetCombined/Edges/Round-8_0023773_edge.png,0.3614,0.36059296,0.0040461830794811
3435,/tmp/DataSetCombined/Edges/Round-4_0038811_edge.png,0.2296,0.23272978,0.0040461830794811
3436,/tmp/DataSetCombined/Edges/Round-10_0127685_edge.png,0.1879,0.1894287,0.0040461830794811
3437,/tmp/DataSetCombined/Edges/Round-9_0140990_edge.png,0.255,0.25257888,0.0040461830794811
3438,/tmp/DataSetCombined/Edges/Round-10_0199563_edge.png,0.2448,0.24397755,0.0040461830794811
3439,/tmp/DataSetCombined/Edges/Round-6_0021042_edge.png,0.2821,0.2780666,0.0040461830794811
3440,/tmp/DataSetCombined/Edges/Round-10_0139213_edge.png,0.35,0.35350764,0.0040461830794811
3441,/tmp/DataSetCombined/Edges/Round-6_0028446_edge.png,0.2137,0.21180955,0.0040461830794811
3442,/tmp/DataSetCombined/Edges/Round-10_0147430_edge.png,0.1967,0.1945692,0.0040461830794811
3443,/tmp/DataSetCombined/Edges/Round-7_0001779_edge.png,0.2965,0.2983102,0.0040461830794811
3444,/tmp/DataSetCombined/Edges/Round-4_0052045_edge.png,0.23,0.2322436,0.0040461830794811
3445,/tmp/DataSetCombined/Edges/Round-10_0014812_edge.png,0.2125,0.21631733,0.0040461830794811
3446,/tmp/DataSetCombined/Edges/Round-1_0167541_edge.png,0.1679,0.17266673,0.0040461830794811
3447,/tmp/DataSetCombined/Edges/Round-6_0117902_edge.png,0.1721,0.17897168,0.0040461830794811
3448,/tmp/DataSetCombined/Edges/Round-8_0000808_edge.png,0.4084,0.39696988,0.0040461830794811
3449,/tmp/DataSetCombined/Edges/Round-5_0072248_edge.png,0.1887,0.19021818,0.0040461830794811
3450,/tmp/DataSetCombined/Edges/Round-6_0026520_edge.png,0.2452,0.2466962,0.0040461830794811
3451,/tmp/DataSetCombined/Edges/Round-10_0102973_edge.png,0.1907,0.19231711,0.0040461830794811
3452,/tmp/DataSetCombined/Edges/Round-6_0027731_edge.png,0.2204,0.22009942,0.0040461830794811
3453,/tmp/DataSetCombined/Edges/Round-8_0023924_edge.png,0.1778,0.18105942,0.0040461830794811
3454,/tmp/DataSetCombined/Edges/Round-10_0039433_edge.png,0.1742,0.17899427,0.0040461830794811
3455,/tmp/DataSetCombined/Edges/Round-2_0109548_edge.png,0.1727,0.17808919,0.0040461830794811
3456,/tmp/DataSetCombined/Edges/Round-1_0061801_edge.png,0.1885,0.18914755,0.00381550937891
3457,/tmp/DataSetCombined/Edges/Round-10_0042503_edge.png,0.2295,0.2331233,0.00381550937891
3458,/tmp/DataSetCombined/Edges/Round-10_0069774_edge.png,0.4098,0.39868563,0.00381550937891
3459,/tmp/DataSetCombined/Edges/Round-8_0032831_edge.png,0.2842,0.28054973,0.00381550937891
3460,/tmp/DataSetCombined/Edges/Round-8_0053042_edge.png,0.2961,0.29727829,0.00381550937891
3461,/tmp/DataSetCombined/Edges/Round-2_0112167_edge.png,0.2525,0.2506641,0.00381550937891
3462,/tmp/DataSetCombined/Edges/Round-3_0031434_edge.png,0.1892,0.18996811,0.00381550937891
3463,/tmp/DataSetCombined/Edges/Round-6_0108632_edge.png,0.2816,0.27767575,0.00381550937891
3464,/tmp/DataSetCombined/Edges/Round-10_0095569_edge.png,0.2446,0.24400723,0.00381550937891
3465,/tmp/DataSetCombined/Edges/Round-4_0017732_edge.png,0.1884,0.18910676,0.00381550937891
3466,/tmp/DataSetCombined/Edges/Round-4_0087743_edge.png,0.2699,0.2651965,0.00381550937891
3467,/tmp/DataSetCombined/Edges/Round-9_0111282_edge.png,0.1731,0.1796809,0.00381550937891
3468,/tmp/DataSetCombined/Edges/Round-6_0107638_edge.png,0.201,0.20098583,0.00381550937891
3469,/tmp/DataSetCombined/Edges/Round-8_0053873_edge.png,0.2762,0.2706982,0.00381550937891
3470,/tmp/DataSetCombined/Edges/Round-2_0071382_edge.png,0.2303,0.23264824,0.00381550937891
3471,/tmp/DataSetCombined/Edges/Round-5_0046932_edge.png,0.1793,0.18199693,0.00381550937891
3472,/tmp/DataSetCombined/Edges/Round-4_0068329_edge.png,0.1886,0.18997711,0.00381550937891
3473,/tmp/DataSetCombined/Edges/Round-10_0148604_edge.png,0.255,0.25247172,0.00381550937891
3474,/tmp/DataSetCombined/Edges/Round-5_0095543_edge.png,0.2464,0.2438446,0.00381550937891
3475,/tmp/DataSetCombined/Edges/Round-9_0097255_edge.png,0.1912,0.19048111,0.00381550937891
3476,/tmp/DataSetCombined/Edges/Round-7_0017762_edge.png,0.409,0.3972575,0.00381550937891
3477,/tmp/DataSetCombined/Edges/Round-2_0080381_edge.png,0.3048,0.30365798,0.00381550937891
3478,/tmp/DataSetCombined/Edges/Round-5_0090577_edge.png,0.1645,0.17122465,0.00381550937891
3479,/tmp/DataSetCombined/Edges/Round-1_0026267_edge.png,0.2937,0.29417267,0.00381550937891
3480,/tmp/DataSetCombined/Edges/Round-3_0065408_edge.png,0.1845,0.1856868,0.00381550937891
3481,/tmp/DataSetCombined/Edges/Round-3_0046800_edge.png,0.1775,0.18181217,0.00381550937891
3482,/tmp/DataSetCombined/Edges/Round-3_0003767_edge.png,0.3193,0.31611472,0.00381550937891
3483,/tmp/DataSetCombined/Edges/Round-9_0137908_edge.png,0.1665,0.17326869,0.00381550937891
3484,/tmp/DataSetCombined/Edges/Round-4_0078834_edge.png,0.1538,0.1646232,0.00381550937891
3485,/tmp/DataSetCombined/Edges/Round-10_0115074_edge.png,0.4097,0.39789188,0.00381550937891
3486,/tmp/DataSetCombined/Edges/Round-7_0046748_edge.png,0.2336,0.235821,0.00381550937891
3487,/tmp/DataSetCombined/Edges/Round-7_0101620_edge.png,0.2817,0.2781636,0.00381550937891
3488,/tmp/DataSetCombined/Edges/Round-8_0004070_edge.png,0.2782,0.27494842,0.00381550937891
3489,/tmp/DataSetCombined/Edges/Round-8_0058339_edge.png,0.2268,0.23023833,0.00381550937891
3490,/tmp/DataSetCombined/Edges/Round-4_0040517_edge.png,0.274,0.2679415,0.00381550937891
3491,/tmp/DataSetCombined/Edges/Round-7_0091928_edge.png,0.2373,0.23968795,0.00381550937891
3492,/tmp/DataSetCombined/Edges/Round-6_0121544_edge.png,0.1699,0.1753047,0.00381550937891
3493,/tmp/DataSetCombined/Edges/Round-5_0063156_edge.png,0.2279,0.23144251,0.00381550937891
3494,/tmp/DataSetCombined/Edges/Round-10_0118264_edge.png,0.1361,0.14900805,0.00381550937891
3495,/tmp/DataSetCombined/Edges/Round-6_0095117_edge.png,0.1855,0.1876278,0.00381550937891
3496,/tmp/DataSetCombined/Edges/Round-6_0017008_edge.png,0.2299,0.2324076,0.00381550937891
3497,/tmp/DataSetCombined/Edges/Round-10_0027122_edge.png,0.268,0.26017118,0.00381550937891
3498,/tmp/DataSetCombined/Edges/Round-7_0121516_edge.png,0.259,0.25408912,0.00381550937891
3499,/tmp/DataSetCombined/Edges/Round-8_0074654_edge.png,0.2814,0.27642348,0.00381550937891
3500,/tmp/DataSetCombined/Edges/Round-8_0032472_edge.png,0.2828,0.27867413,0.00381550937891
3501,/tmp/DataSetCombined/Edges/Round-6_0070616_edge.png,0.2271,0.23062995,0.00381550937891
3502,/tmp/DataSetCombined/Edges/Round-3_0002467_edge.png,0.1732,0.17835915,0.00381550937891
3503,/tmp/DataSetCombined/Edges/Round-8_0009698_edge.png,0.1539,0.16267362,0.00381550937891
3504,/tmp/DataSetCombined/Edges/Round-6_0011771_edge.png,0.2953,0.29724002,0.00381550937891
3505,/tmp/DataSetCombined/Edges/Round-10_0076667_edge.png,0.2822,0.2773962,0.00381550937891
3506,/tmp/DataSetCombined/Edges/Round-10_0046102_edge.png,0.1877,0.18922806,0.00381550937891
3507,/tmp/DataSetCombined/Edges/Round-2_0065211_edge.png,0.2916,0.28757367,0.00381550937891
3508,/tmp/DataSetCombined/Edges/Round-8_0025734_edge.png,0.1897,0.1901649,0.00381550937891
3509,/tmp/DataSetCombined/Edges/Round-9_0064236_edge.png,0.2224,0.22701913,0.00381550937891
3510,/tmp/DataSetCombined/Edges/Round-7_0005391_edge.png,0.2327,0.2351686,0.00381550937891
3511,/tmp/DataSetCombined/Edges/Round-9_0131406_edge.png,0.1665,0.17152238,0.00381550937891
3512,/tmp/DataSetCombined/Edges/Round-5_0099697_edge.png,0.1897,0.1900157,0.00381550937891
3513,/tmp/DataSetCombined/Edges/Round-8_0029101_edge.png,0.171,0.17580968,0.00381550937891
3514,/tmp/DataSetCombined/Edges/Round-10_0009515_edge.png,0.1893,0.19019799,0.00381550937891
3515,/tmp/DataSetCombined/Edges/Round-6_0092167_edge.png,0.2256,0.22921276,0.00381550937891
3516,/tmp/DataSetCombined/Edges/Round-1_0072600_edge.png,0.2293,0.23282069,0.00381550937891
3517,/tmp/DataSetCombined/Edges/Round-6_0081392_edge.png,0.1787,0.18153203,0.00381550937891
3518,/tmp/DataSetCombined/Edges/Round-10_0163323_edge.png,0.2061,0.20312108,0.00381550937891
3519,/tmp/DataSetCombined/Edges/Round-2_0090254_edge.png,0.1733,0.17816731,0.00381550937891
3520,/tmp/DataSetCombined/Edges/Round-5_0037450_edge.png,0.1905,0.19109896,0.0039314590394496
3521,/tmp/DataSetCombined/Edges/Round-10_0005667_edge.png,0.2385,0.23709792,0.0039314590394496
3522,/tmp/DataSetCombined/Edges/Round-10_0028025_edge.png,0.1894,0.1908324,0.0039314590394496
3523,/tmp/DataSetCombined/Edges/Round-10_0076305_edge.png,0.2638,0.25660056,0.0039314590394496
3524,/tmp/DataSetCombined/Edges/Round-1_0098220_edge.png,0.2301,0.23190218,0.0039314590394496
3525,/tmp/DataSetCombined/Edges/Round-9_0116309_edge.png,0.228,0.23147544,0.0039314590394496
3526,/tmp/DataSetCombined/Edges/Round-9_0145927_edge.png,0.2443,0.24350859,0.0039314590394496
3527,/tmp/DataSetCombined/Edges/Round-9_0125068_edge.png,0.2224,0.22688022,0.0039314590394496
3528,/tmp/DataSetCombined/Edges/Round-9_0112576_edge.png,0.1894,0.1909495,0.0039314590394496
3529,/tmp/DataSetCombined/Edges/Round-7_0100658_edge.png,0.2255,0.22955333,0.0039314590394496
3530,/tmp/DataSetCombined/Edges/Round-8_0017253_edge.png,0.237,0.23962778,0.0039314590394496
3531,/tmp/DataSetCombined/Edges/Round-7_0047621_edge.png,0.2504,0.24928291,0.0039314590394496
3532,/tmp/DataSetCombined/Edges/Round-5_0080854_edge.png,0.2303,0.23248616,0.0039314590394496
3533,/tmp/DataSetCombined/Edges/Round-10_0073927_edge.png,0.187,0.18836768,0.0039314590394496
3534,/tmp/DataSetCombined/Edges/Round-9_0078383_edge.png,0.2546,0.25224054,0.0039314590394496
3535,/tmp/DataSetCombined/Edges/Round-9_0123292_edge.png,0.2255,0.22965059,0.0039314590394496
3536,/tmp/DataSetCombined/Edges/Round-10_0162480_edge.png,0.273,0.26871073,0.0039314590394496
3537,/tmp/DataSetCombined/Edges/Round-6_0038379_edge.png,0.1723,0.17896287,0.0039314590394496
3538,/tmp/DataSetCombined/Edges/Round-3_0076033_edge.png,0.3014,0.29847273,0.0039314590394496
3539,/tmp/DataSetCombined/Edges/Round-9_0128228_edge.png,0.1709,0.17616054,0.0039314590394496
3540,/tmp/DataSetCombined/Edges/Round-9_0082025_edge.png,0.2137,0.21712607,0.0039314590394496
3541,/tmp/DataSetCombined/Edges/Round-8_0037920_edge.png,0.1838,0.18564841,0.0039314590394496
3542,/tmp/DataSetCombined/Edges/Round-7_0040217_edge.png,0.2324,0.23675998,0.0039314590394496
3543,/tmp/DataSetCombined/Edges/Round-5_0095156_edge.png,0.1806,0.1829858,0.0039314590394496
3544,/tmp/DataSetCombined/Edges/Round-9_0054605_edge.png,0.3471,0.35173106,0.0039314590394496
3545,/tmp/DataSetCombined/Edges/Round-7_0125128_edge.png,0.4093,0.3981691,0.0039314590394496
3546,/tmp/DataSetCombined/Edges/Round-4_0017280_edge.png,0.177,0.17934936,0.0039314590394496
3547,/tmp/DataSetCombined/Edges/Round-8_0055480_edge.png,0.1742,0.17900951,0.0039314590394496
3548,/tmp/DataSetCombined/Edges/Round-5_0010181_edge.png,0.1854,0.18661603,0.0039314590394496
3549,/tmp/DataSetCombined/Edges/Round-10_0099091_edge.png,0.1841,0.18583637,0.0039314590394496
3550,/tmp/DataSetCombined/Edges/Round-9_0199474_edge.png,0.186,0.18731071,0.0039314590394496
3551,/tmp/DataSetCombined/Edges/Round-9_0137198_edge.png,0.3027,0.3008874,0.0039314590394496
3552,/tmp/DataSetCombined/Edges/Round-2_0027000_edge.png,0.1723,0.17840388,0.0039314590394496
3553,/tmp/DataSetCombined/Edges/Round-1_0052167_edge.png,0.1797,0.18243727,0.0039314590394496
3554,/tmp/DataSetCombined/Edges/Round-1_0121396_edge.png,0.1711,0.17621653,0.0039314590394496
3555,/tmp/DataSetCombined/Edges/Round-1_0023767_edge.png,0.1497,0.16155386,0.0039314590394496
3556,/tmp/DataSetCombined/Edges/Round-1_0117513_edge.png,0.2219,0.22632256,0.0039314590394496
3557,/tmp/DataSetCombined/Edges/Round-1_0033423_edge.png,0.1956,0.19531113,0.0039314590394496
3558,/tmp/DataSetCombined/Edges/Round-1_0010067_edge.png,0.2299,0.23376822,0.0039314590394496
3559,/tmp/DataSetCombined/Edges/Round-6_0036182_edge.png,0.1966,0.19658288,0.0039314590394496
3560,/tmp/DataSetCombined/Edges/Round-2_0069334_edge.png,0.2723,0.26550865,0.0039314590394496
3561,/tmp/DataSetCombined/Edges/Round-3_0065890_edge.png,0.2528,0.25112015,0.0039314590394496
3562,/tmp/DataSetCombined/Edges/Round-1_0117182_edge.png,0.2247,0.22602966,0.0039314590394496
3563,/tmp/DataSetCombined/Edges/Round-4_0033022_edge.png,0.2156,0.21536098,0.0039314590394496
3564,/tmp/DataSetCombined/Edges/Round-3_0074107_edge.png,0.2295,0.23322527,0.0039314590394496
3565,/tmp/DataSetCombined/Edges/Round-3_0048161_edge.png,0.3894,0.38226217,0.0039314590394496
3566,/tmp/DataSetCombined/Edges/Round-6_0087803_edge.png,0.2534,0.251641,0.0039314590394496
3567,/tmp/DataSetCombined/Edges/Round-2_0066054_edge.png,0.2051,0.20294978,0.0039314590394496
3568,/tmp/DataSetCombined/Edges/Round-1_0024034_edge.png,0.2373,0.23970902,0.0039314590394496
3569,/tmp/DataSetCombined/Edges/Round-10_0166514_edge.png,0.1765,0.18032874,0.0039314590394496
3570,/tmp/DataSetCombined/Edges/Round-9_0063303_edge.png,0.1739,0.1804121,0.0039314590394496
3571,/tmp/DataSetCombined/Edges/Round-3_0042833_edge.png,0.1902,0.19034863,0.0039314590394496
3572,/tmp/DataSetCombined/Edges/Round-4_0030825_edge.png,0.2253,0.22945279,0.0039314590394496
3573,/tmp/DataSetCombined/Edges/Round-5_0052922_edge.png,0.4096,0.39777052,0.0039314590394496
3574,/tmp/DataSetCombined/Edges/Round-10_0187734_edge.png,0.2638,0.25617316,0.0039314590394496
3575,/tmp/DataSetCombined/Edges/Round-9_0063424_edge.png,0.2373,0.23927027,0.0039314590394496
3576,/tmp/DataSetCombined/Edges/Round-9_0054725_edge.png,0.2303,0.23232575,0.0039314590394496
3577,/tmp/DataSetCombined/Edges/Round-8_0038594_edge.png,0.1899,0.19005658,0.0039314590394496
3578,/tmp/DataSetCombined/Edges/Round-9_0004699_edge.png,0.1799,0.1829283,0.0039314590394496
3579,/tmp/DataSetCombined/Edges/Round-4_0081513_edge.png,0.2088,0.20661291,0.0039314590394496
3580,/tmp/DataSetCombined/Edges/Round-5_0080613_edge.png,0.1651,0.17117395,0.0039314590394496
3581,/tmp/DataSetCombined/Edges/Round-7_0059270_edge.png,0.1732,0.17851365,0.0039314590394496
3582,/tmp/DataSetCombined/Edges/Round-8_0035133_edge.png,0.2322,0.23704705,0.0039314590394496
3583,/tmp/DataSetCombined/Edges/Round-2_0082940_edge.png,0.2255,0.22964716,0.0039314590394496
3584,/tmp/DataSetCombined/Edges/Round-3_0085004_edge.png,0.2447,0.24413705,0.0040565319359302
3585,/tmp/DataSetCombined/Edges/Round-10_0092499_edge.png,0.2276,0.23124899,0.0040565319359302
3586,/tmp/DataSetCombined/Edges/Round-10_0086208_edge.png,0.3028,0.30186483,0.0040565319359302
3587,/tmp/DataSetCombined/Edges/Round-4_0082717_edge.png,0.2246,0.22649561,0.0040565319359302
3588,/tmp/DataSetCombined/Edges/Round-10_0147972_edge.png,0.2509,0.24966061,0.0040565319359302
3589,/tmp/DataSetCombined/Edges/Round-8_0019059_edge.png,0.3525,0.3553546,0.0040565319359302
3590,/tmp/DataSetCombined/Edges/Round-5_0045698_edge.png,0.1764,0.18040587,0.0040565319359302
3591,/tmp/DataSetCombined/Edges/Round-10_0105140_edge.png,0.2122,0.20963393,0.0040565319359302
3592,/tmp/DataSetCombined/Edges/Round-5_0009036_edge.png,0.3344,0.3373155,0.0040565319359302
3593,/tmp/DataSetCombined/Edges/Round-5_0001546_edge.png,0.2582,0.25443858,0.0040565319359302
3594,/tmp/DataSetCombined/Edges/Round-1_0098821_edge.png,0.2224,0.22991987,0.0040565319359302
3595,/tmp/DataSetCombined/Edges/Round-10_0138220_edge.png,0.2303,0.23261106,0.0040565319359302
3596,/tmp/DataSetCombined/Edges/Round-2_0088719_edge.png,0.225,0.22879902,0.0040565319359302
3597,/tmp/DataSetCombined/Edges/Round-9_0051353_edge.png,0.1791,0.18198428,0.0040565319359302
3598,/tmp/DataSetCombined/Edges/Round-7_0071310_edge.png,0.2304,0.2336249,0.0040565319359302
3599,/tmp/DataSetCombined/Edges/Round-3_0083341_edge.png,0.1897,0.19022334,0.0040565319359302
3600,/tmp/DataSetCombined/Edges/Round-1_0017334_edge.png,0.1856,0.18758732,0.0040565319359302
3601,/tmp/DataSetCombined/Edges/Round-10_0028267_edge.png,0.3662,0.36352462,0.0040565319359302
3602,/tmp/DataSetCombined/Edges/Round-10_0019026_edge.png,0.1603,0.16755517,0.0040565319359302
3603,/tmp/DataSetCombined/Edges/Round-9_0016167_edge.png,0.3022,0.3000731,0.0040565319359302
3604,/tmp/DataSetCombined/Edges/Round-1_0064367_edge.png,0.1762,0.18061742,0.0040565319359302
3605,/tmp/DataSetCombined/Edges/Round-8_0056233_edge.png,0.2267,0.23035525,0.0040565319359302
3606,/tmp/DataSetCombined/Edges/Round-9_0042805_edge.png,0.1714,0.17584138,0.0040565319359302
3607,/tmp/DataSetCombined/Edges/Round-10_0083499_edge.png,0.1738,0.17963795,0.0040565319359302
3608,/tmp/DataSetCombined/Edges/Round-3_0085545_edge.png,0.2311,0.23221941,0.0040565319359302
3609,/tmp/DataSetCombined/Edges/Round-10_0068359_edge.png,0.1721,0.17884377,0.0040565319359302
3610,/tmp/DataSetCombined/Edges/Round-5_0122422_edge.png,0.2267,0.23217864,0.0040565319359302
3611,/tmp/DataSetCombined/Edges/Round-9_0091837_edge.png,0.1866,0.1872753,0.0040565319359302
3612,/tmp/DataSetCombined/Edges/Round-1_0126664_edge.png,0.2443,0.24353027,0.0040565319359302
3613,/tmp/DataSetCombined/Edges/Round-1_0033866_edge.png,0.183,0.18507747,0.0040565319359302
3614,/tmp/DataSetCombined/Edges/Round-9_0170699_edge.png,0.1767,0.18082501,0.0040565319359302
3615,/tmp/DataSetCombined/Edges/Round-9_0047320_edge.png,0.2186,0.22461799,0.0040565319359302
3616,/tmp/DataSetCombined/Edges/Round-7_0063333_edge.png,0.2881,0.28646678,0.0040565319359302
3617,/tmp/DataSetCombined/Edges/Round-6_0085184_edge.png,0.2022,0.20142041,0.0040565319359302
3618,/tmp/DataSetCombined/Edges/Round-9_0106827_edge.png,0.2471,0.24546143,0.0040565319359302
3619,/tmp/DataSetCombined/Edges/Round-1_0132684_edge.png,0.379,0.37349445,0.0040565319359302
3620,/tmp/DataSetCombined/Edges/Round-2_0104614_edge.png,0.2415,0.24351248,0.0040565319359302
3621,/tmp/DataSetCombined/Edges/Round-10_0113148_edge.png,0.2163,0.21580598,0.0040565319359302
3622,/tmp/DataSetCombined/Edges/Round-3_0083378_edge.png,0.3732,0.36817145,0.0040565319359302
3623,/tmp/DataSetCombined/Edges/Round-4_0077781_edge.png,0.1735,0.17906696,0.0040565319359302
3624,/tmp/DataSetCombined/Edges/Round-7_0061481_edge.png,0.3029,0.3023703,0.0040565319359302
3625,/tmp/DataSetCombined/Edges/Round-9_0032000_edge.png,0.1723,0.17813732,0.0040565319359302
3626,/tmp/DataSetCombined/Edges/Round-1_0169886_edge.png,0.2509,0.2502411,0.0040565319359302
3627,/tmp/DataSetCombined/Edges/Round-5_0019451_edge.png,0.1654,0.16991514,0.0040565319359302
3628,/tmp/DataSetCombined/Edges/Round-8_0034097_edge.png,0.297,0.2979745,0.0040565319359302
3629,/tmp/DataSetCombined/Edges/Round-1_0125038_edge.png,0.2249,0.22602198,0.0040565319359302
3630,/tmp/DataSetCombined/Edges/Round-2_0095702_edge.png,0.19,0.19094492,0.0040565319359302
3631,/tmp/DataSetCombined/Edges/Round-8_0039425_edge.png,0.2295,0.23297463,0.0040565319359302
3632,/tmp/DataSetCombined/Edges/Round-8_0064209_edge.png,0.3026,0.3020655,0.0040565319359302
3633,/tmp/DataSetCombined/Edges/Round-7_0121382_edge.png,0.2294,0.2329613,0.0040565319359302
3634,/tmp/DataSetCombined/Edges/Round-1_0007334_edge.png,0.2151,0.21358144,0.0040565319359302
3635,/tmp/DataSetCombined/Edges/Round-8_0006496_edge.png,0.2965,0.2977206,0.0040565319359302
3636,/tmp/DataSetCombined/Edges/Round-4_0040364_edge.png,0.4094,0.3974318,0.0040565319359302
3637,/tmp/DataSetCombined/Edges/Round-6_0006334_edge.png,0.2252,0.22940333,0.0040565319359302
3638,/tmp/DataSetCombined/Edges/Round-1_0130697_edge.png,0.1729,0.17748374,0.0040565319359302
3639,/tmp/DataSetCombined/Edges/Round-1_0096414_edge.png,0.2359,0.23771988,0.0040565319359302
3640,/tmp/DataSetCombined/Edges/Round-9_0048615_edge.png,0.1728,0.1776644,0.0040565319359302
3641,/tmp/DataSetCombined/Edges/Round-10_0103997_edge.png,0.2203,0.21992718,0.0040565319359302
3642,/tmp/DataSetCombined/Edges/Round-7_0110259_edge.png,0.2811,0.27637893,0.0040565319359302
3643,/tmp/DataSetCombined/Edges/Round-10_0057162_edge.png,0.2324,0.23676012,0.0040565319359302
3644,/tmp/DataSetCombined/Edges/Round-2_0077901_edge.png,0.1906,0.19143161,0.0040565319359302
3645,/tmp/DataSetCombined/Edges/Round-1_0119650_edge.png,0.4084,0.39665645,0.0040565319359302
3646,/tmp/DataSetCombined/Edges/Round-2_0053292_edge.png,0.2246,0.22603802,0.0040565319359302
3647,/tmp/DataSetCombined/Edges/Round-10_0123411_edge.png,0.1841,0.18664591,0.0040565319359302
3648,/tmp/DataSetCombined/Edges/Round-6_0040451_edge.png,0.2447,0.24537927,0.0034345984458923
3649,/tmp/DataSetCombined/Edges/Round-6_0132351_edge.png,0.2309,0.23228183,0.0034345984458923
3650,/tmp/DataSetCombined/Edges/Round-6_0000546_edge.png,0.1714,0.17561519,0.0034345984458923
3651,/tmp/DataSetCombined/Edges/Round-2_0076739_edge.png,0.2818,0.2771665,0.0034345984458923
3652,/tmp/DataSetCombined/Edges/Round-10_0040667_edge.png,0.186,0.1872952,0.0034345984458923
3653,/tmp/DataSetCombined/Edges/Round-9_0057163_edge.png,0.1711,0.17631038,0.0034345984458923
3654,/tmp/DataSetCombined/Edges/Round-7_0121257_edge.png,0.2625,0.2552696,0.0034345984458923
3655,/tmp/DataSetCombined/Edges/Round-3_0006200_edge.png,0.2189,0.21828966,0.0034345984458923
3656,/tmp/DataSetCombined/Edges/Round-1_0044100_edge.png,0.227,0.2305432,0.0034345984458923
3657,/tmp/DataSetCombined/Edges/Round-4_0004879_edge.png,0.2302,0.23255731,0.0034345984458923
3658,/tmp/DataSetCombined/Edges/Round-10_0007317_edge.png,0.2104,0.20905727,0.0034345984458923
3659,/tmp/DataSetCombined/Edges/Round-7_0105624_edge.png,0.2968,0.29847008,0.0034345984458923
3660,/tmp/DataSetCombined/Edges/Round-3_0089006_edge.png,0.2245,0.23058115,0.0034345984458923
3661,/tmp/DataSetCombined/Edges/Round-10_0002637_edge.png,0.1732,0.1783165,0.0034345984458923
3662,/tmp/DataSetCombined/Edges/Round-9_0067005_edge.png,0.2269,0.23100808,0.0034345984458923
3663,/tmp/DataSetCombined/Edges/Round-2_0090344_edge.png,0.2184,0.22077504,0.0034345984458923
3664,/tmp/DataSetCombined/Edges/Round-6_0017610_edge.png,0.1646,0.17190592,0.0034345984458923
3665,/tmp/DataSetCombined/Edges/Round-10_0039042_edge.png,0.2201,0.22077952,0.0034345984458923
3666,/tmp/DataSetCombined/Edges/Round-10_0190985_edge.png,0.1758,0.17956819,0.0034345984458923
3667,/tmp/DataSetCombined/Edges/Round-9_0140480_edge.png,0.2241,0.22639923,0.0034345984458923
3668,/tmp/DataSetCombined/Edges/Round-1_0000267_edge.png,0.1965,0.1950868,0.0034345984458923
3669,/tmp/DataSetCombined/Edges/Round-8_0066891_edge.png,0.3106,0.30902672,0.0034345984458923
3670,/tmp/DataSetCombined/Edges/Round-8_0057136_edge.png,0.2251,0.22623132,0.0034345984458923
3671,/tmp/DataSetCombined/Edges/Round-3_0078753_edge.png,0.2251,0.22873624,0.0034345984458923
3672,/tmp/DataSetCombined/Edges/Round-9_0113539_edge.png,0.3433,0.34824806,0.0034345984458923
3673,/tmp/DataSetCombined/Edges/Round-10_0138130_edge.png,0.2276,0.23141046,0.0034345984458923
3674,/tmp/DataSetCombined/Edges/Round-7_0013217_edge.png,0.1974,0.19729342,0.0034345984458923
3675,/tmp/DataSetCombined/Edges/Round-3_0032800_edge.png,0.2303,0.23240823,0.0034345984458923
3676,/tmp/DataSetCombined/Edges/Round-6_0092829_edge.png,0.2038,0.2016417,0.0034345984458923
3677,/tmp/DataSetCombined/Edges/Round-10_0108361_edge.png,0.2289,0.23225082,0.0034345984458923
3678,/tmp/DataSetCombined/Edges/Round-8_0062812_edge.png,0.2178,0.21858309,0.0034345984458923
3679,/tmp/DataSetCombined/Edges/Round-9_0145777_edge.png,0.1601,0.16588211,0.0034345984458923
3680,/tmp/DataSetCombined/Edges/Round-8_0047281_edge.png,0.3531,0.35603064,0.0034345984458923
3681,/tmp/DataSetCombined/Edges/Round-10_0024173_edge.png,0.1989,0.19723584,0.0034345984458923
3682,/tmp/DataSetCombined/Edges/Round-10_0147671_edge.png,0.1907,0.19173568,0.0034345984458923
3683,/tmp/DataSetCombined/Edges/Round-6_0127655_edge.png,0.2415,0.23863223,0.0034345984458923
3684,/tmp/DataSetCombined/Edges/Round-6_0059539_edge.png,0.2364,0.23836857,0.0034345984458923
3685,/tmp/DataSetCombined/Edges/Round-4_0019959_edge.png,0.1869,0.18810742,0.0034345984458923
3686,/tmp/DataSetCombined/Edges/Round-6_0091776_edge.png,0.1725,0.17726009,0.0034345984458923
3687,/tmp/DataSetCombined/Edges/Round-8_0059368_edge.png,0.3169,0.3130725,0.0034345984458923
3688,/tmp/DataSetCombined/Edges/Round-6_0001637_edge.png,0.2253,0.22907823,0.0034345984458923
3689,/tmp/DataSetCombined/Edges/Round-7_0135663_edge.png,0.1778,0.17987356,0.0034345984458923
3690,/tmp/DataSetCombined/Edges/Round-2_0040400_edge.png,0.1955,0.19484575,0.0034345984458923
3691,/tmp/DataSetCombined/Edges/Round-6_0080097_edge.png,0.1419,0.15497711,0.0034345984458923
3692,/tmp/DataSetCombined/Edges/Round-9_0065771_edge.png,0.2711,0.26631325,0.0034345984458923
3693,/tmp/DataSetCombined/Edges/Round-3_0008941_edge.png,0.2251,0.2265673,0.0034345984458923
3694,/tmp/DataSetCombined/Edges/Round-7_0135452_edge.png,0.1854,0.18616149,0.0034345984458923
3695,/tmp/DataSetCombined/Edges/Round-1_0106798_edge.png,0.2969,0.2979027,0.0034345984458923
3696,/tmp/DataSetCombined/Edges/Round-9_0197066_edge.png,0.2459,0.24668306,0.0034345984458923
3697,/tmp/DataSetCombined/Edges/Round-2_0086582_edge.png,0.2058,0.20410405,0.0034345984458923
3698,/tmp/DataSetCombined/Edges/Round-6_0008882_edge.png,0.3845,0.37670803,0.0034345984458923
3699,/tmp/DataSetCombined/Edges/Round-8_0051838_edge.png,0.2406,0.24114588,0.0034345984458923
3700,/tmp/DataSetCombined/Edges/Round-5_0043260_edge.png,0.1764,0.18034114,0.0034345984458923
3701,/tmp/DataSetCombined/Edges/Round-9_0071580_edge.png,0.2268,0.23038976,0.0034345984458923
3702,/tmp/DataSetCombined/Edges/Round-1_0102525_edge.png,0.3437,0.34886283,0.0034345984458923
3703,/tmp/DataSetCombined/Edges/Round-2_0089742_edge.png,0.1524,0.16086915,0.0034345984458923
3704,/tmp/DataSetCombined/Edges/Round-1_0158328_edge.png,0.2372,0.23988181,0.0034345984458923
3705,/tmp/DataSetCombined/Edges/Round-9_0100506_edge.png,0.2434,0.24282809,0.0034345984458923
3706,/tmp/DataSetCombined/Edges/Round-10_0016527_edge.png,0.2378,0.23752955,0.0034345984458923
3707,/tmp/DataSetCombined/Edges/Round-9_0117031_edge.png,0.1877,0.18883821,0.0034345984458923
3708,/tmp/DataSetCombined/Edges/Round-10_0047470_edge.png,0.2264,0.23009628,0.0034345984458923
3709,/tmp/DataSetCombined/Edges/Round-1_0070434_edge.png,0.2296,0.23278618,0.0034345984458923
3710,/tmp/DataSetCombined/Edges/Round-10_0029169_edge.png,0.2245,0.22493316,0.0034345984458923
3711,/tmp/DataSetCombined/Edges/Round-5_0010904_edge.png,0.2785,0.2750233,0.0034345984458923
3712,/tmp/DataSetCombined/Edges/Round-3_0038559_edge.png,0.1947,0.19338737,0.004002396017313
3713,/tmp/DataSetCombined/Edges/Round-6_0103394_edge.png,0.4093,0.39803404,0.004002396017313
3714,/tmp/DataSetCombined/Edges/Round-1_0134580_edge.png,0.1857,0.18800898,0.004002396017313
3715,/tmp/DataSetCombined/Edges/Round-6_0128106_edge.png,0.2137,0.21240588,0.004002396017313
3716,/tmp/DataSetCombined/Edges/Round-9_0119078_edge.png,0.2389,0.23961881,0.004002396017313
3717,/tmp/DataSetCombined/Edges/Round-8_0051374_edge.png,0.173,0.17855854,0.004002396017313
3718,/tmp/DataSetCombined/Edges/Round-1_0006334_edge.png,0.2244,0.22535263,0.004002396017313
3719,/tmp/DataSetCombined/Edges/Round-3_0049064_edge.png,0.1933,0.19329429,0.004002396017313
3720,/tmp/DataSetCombined/Edges/Round-1_0014901_edge.png,0.244,0.24336311,0.004002396017313
3721,/tmp/DataSetCombined/Edges/Round-4_0003856_edge.png,0.1718,0.17818584,0.004002396017313
3722,/tmp/DataSetCombined/Edges/Round-8_0031690_edge.png,0.2235,0.22447333,0.004002396017313
3723,/tmp/DataSetCombined/Edges/Round-8_0030244_edge.png,0.1773,0.18166496,0.004002396017313
3724,/tmp/DataSetCombined/Edges/Round-1_0146980_edge.png,0.176,0.18018153,0.004002396017313
3725,/tmp/DataSetCombined/Edges/Round-4_0074349_edge.png,0.1762,0.18078269,0.004002396017313
3726,/tmp/DataSetCombined/Edges/Round-3_0024734_edge.png,0.1979,0.19645888,0.004002396017313
3727,/tmp/DataSetCombined/Edges/Round-9_0067336_edge.png,0.2617,0.25507557,0.004002396017313
3728,/tmp/DataSetCombined/Edges/Round-8_0043350_edge.png,0.2089,0.20497912,0.004002396017313
3729,/tmp/DataSetCombined/Edges/Round-10_0153751_edge.png,0.2213,0.22597471,0.004002396017313
3730,/tmp/DataSetCombined/Edges/Round-3_0013336_edge.png,0.2734,0.26830631,0.004002396017313
3731,/tmp/DataSetCombined/Edges/Round-4_0087051_edge.png,0.3021,0.30002216,0.004002396017313
3732,/tmp/DataSetCombined/Edges/Round-10_0023119_edge.png,0.2114,0.20983686,0.004002396017313
3733,/tmp/DataSetCombined/Edges/Round-7_0129518_edge.png,0.1976,0.19703114,0.004002396017313
3734,/tmp/DataSetCombined/Edges/Round-4_0077691_edge.png,0.2822,0.27823174,0.004002396017313
3735,/tmp/DataSetCombined/Edges/Round-7_0032782_edge.png,0.1719,0.17842564,0.004002396017313
3736,/tmp/DataSetCombined/Edges/Round-7_0082808_edge.png,0.1914,0.19073015,0.004002396017313
3737,/tmp/DataSetCombined/Edges/Round-2_0023600_edge.png,0.173,0.17836624,0.004002396017313
3738,/tmp/DataSetCombined/Edges/Round-10_0179668_edge.png,0.1592,0.16590717,0.004002396017313
3739,/tmp/DataSetCombined/Edges/Round-9_0062340_edge.png,0.1997,0.19785555,0.004002396017313
3740,/tmp/DataSetCombined/Edges/Round-7_0102282_edge.png,0.2743,0.27057385,0.004002396017313
3741,/tmp/DataSetCombined/Edges/Round-7_0113931_edge.png,0.2765,0.27128857,0.004002396017313
3742,/tmp/DataSetCombined/Edges/Round-9_0103606_edge.png,0.1904,0.19095276,0.004002396017313
3743,/tmp/DataSetCombined/Edges/Round-6_0099210_edge.png,0.2053,0.20425731,0.004002396017313
3744,/tmp/DataSetCombined/Edges/Round-9_0092861_edge.png,0.2482,0.24664232,0.004002396017313
3745,/tmp/DataSetCombined/Edges/Round-1_0058901_edge.png,0.1907,0.1916539,0.004002396017313
3746,/tmp/DataSetCombined/Edges/Round-9_0094065_edge.png,0.1754,0.17986853,0.004002396017313
3747,/tmp/DataSetCombined/Edges/Round-5_0008103_edge.png,0.225,0.22871563,0.004002396017313
3748,/tmp/DataSetCombined/Edges/Round-10_0111281_edge.png,0.1704,0.17564884,0.004002396017313
3749,/tmp/DataSetCombined/Edges/Round-1_0156048_edge.png,0.2034,0.20008366,0.004002396017313
3750,/tmp/DataSetCombined/Edges/Round-9_0117483_edge.png,0.2265,0.23068167,0.004002396017313
3751,/tmp/DataSetCombined/Edges/Round-8_0049388_edge.png,0.2263,0.23006631,0.004002396017313
3752,/tmp/DataSetCombined/Edges/Round-9_0093463_edge.png,0.2848,0.28176725,0.004002396017313
3753,/tmp/DataSetCombined/Edges/Round-5_0010391_edge.png,0.2516,0.24887931,0.004002396017313
3754,/tmp/DataSetCombined/Edges/Round-10_0153992_edge.png,0.176,0.18083835,0.004002396017313
3755,/tmp/DataSetCombined/Edges/Round-2_0074167_edge.png,0.2297,0.23323578,0.004002396017313
3756,/tmp/DataSetCombined/Edges/Round-2_0055500_edge.png,0.173,0.17870696,0.004002396017313
3757,/tmp/DataSetCombined/Edges/Round-9_0136024_edge.png,0.2299,0.23382282,0.004002396017313
3758,/tmp/DataSetCombined/Edges/Round-9_0091507_edge.png,0.2263,0.2300492,0.004002396017313
3759,/tmp/DataSetCombined/Edges/Round-2_0067438_edge.png,0.1713,0.17573544,0.004002396017313
3760,/tmp/DataSetCombined/Edges/Round-7_0102342_edge.png,0.2096,0.20892501,0.004002396017313
3761,/tmp/DataSetCombined/Edges/Round-10_0085967_edge.png,0.2959,0.29678434,0.004002396017313
3762,/tmp/DataSetCombined/Edges/Round-9_0078052_edge.png,0.2296,0.23292486,0.004002396017313
3763,/tmp/DataSetCombined/Edges/Round-10_0102642_edge.png,0.1988,0.19768034,0.004002396017313
3764,/tmp/DataSetCombined/Edges/Round-9_0052196_edge.png,0.2443,0.24438126,0.004002396017313
3765,/tmp/DataSetCombined/Edges/Round-9_0162933_edge.png,0.1663,0.17111745,0.004002396017313
3766,/tmp/DataSetCombined/Edges/Round-9_0042355_edge.png,0.1888,0.18958989,0.004002396017313
3767,/tmp/DataSetCombined/Edges/Round-5_0041273_edge.png,0.1772,0.18153442,0.004002396017313
3768,/tmp/DataSetCombined/Edges/Round-1_0147522_edge.png,0.2269,0.2305488,0.004002396017313
3769,/tmp/DataSetCombined/Edges/Round-6_0047018_edge.png,0.2243,0.22558029,0.004002396017313
3770,/tmp/DataSetCombined/Edges/Round-6_0047228_edge.png,0.1744,0.17884347,0.004002396017313
3771,/tmp/DataSetCombined/Edges/Round-8_0044403_edge.png,0.2311,0.23462236,0.004002396017313
3772,/tmp/DataSetCombined/Edges/Round-5_0085006_edge.png,0.1709,0.17614812,0.004002396017313
3773,/tmp/DataSetCombined/Edges/Round-8_0054637_edge.png,0.1713,0.17609057,0.004002396017313
3774,/tmp/DataSetCombined/Edges/Round-10_0009815_edge.png,0.2268,0.23028865,0.004002396017313
3775,/tmp/DataSetCombined/Edges/Round-4_0057993_edge.png,0.2308,0.2357566,0.004002396017313
3776,/tmp/DataSetCombined/Edges/Round-7_0064868_edge.png,0.2989,0.29805002,0.0036461316049098
3777,/tmp/DataSetCombined/Edges/Round-8_0027487_edge.png,0.2278,0.23146975,0.0036461316049098
3778,/tmp/DataSetCombined/Edges/Round-9_0144693_edge.png,0.1873,0.18901688,0.0036461316049098
3779,/tmp/DataSetCombined/Edges/Round-8_0021919_edge.png,0.2401,0.24305418,0.0036461316049098
3780,/tmp/DataSetCombined/Edges/Round-1_0088527_edge.png,0.2206,0.22099447,0.0036461316049098
3781,/tmp/DataSetCombined/Edges/Round-4_0081363_edge.png,0.2345,0.23703755,0.0036461316049098
3782,/tmp/DataSetCombined/Edges/Round-8_0063125_edge.png,0.2443,0.24352847,0.0036461316049098
3783,/tmp/DataSetCombined/Edges/Round-10_0191978_edge.png,0.1921,0.19160981,0.0036461316049098
3784,/tmp/DataSetCombined/Edges/Round-2_0099495_edge.png,0.1714,0.17553425,0.0036461316049098
3785,/tmp/DataSetCombined/Edges/Round-6_0117550_edge.png,0.2111,0.2161468,0.0036461316049098
3786,/tmp/DataSetCombined/Edges/Round-7_0057765_edge.png,0.3496,0.35357133,0.0036461316049098
3787,/tmp/DataSetCombined/Edges/Round-5_0081938_edge.png,0.383,0.37608248,0.0036461316049098
3788,/tmp/DataSetCombined/Edges/Round-1_0095210_edge.png,0.2164,0.2150802,0.0036461316049098
3789,/tmp/DataSetCombined/Edges/Round-3_0066401_edge.png,0.1881,0.18936102,0.0036461316049098
3790,/tmp/DataSetCombined/Edges/Round-6_0045061_edge.png,0.2239,0.22515947,0.0036461316049098
3791,/tmp/DataSetCombined/Edges/Round-9_0194779_edge.png,0.2513,0.25084817,0.0036461316049098
3792,/tmp/DataSetCombined/Edges/Round-10_0134969_edge.png,0.2053,0.20295966,0.0036461316049098
3793,/tmp/DataSetCombined/Edges/Round-9_0193905_edge.png,0.2274,0.23085043,0.0036461316049098
3794,/tmp/DataSetCombined/Edges/Round-10_0050329_edge.png,0.2481,0.24814323,0.0036461316049098
3795,/tmp/DataSetCombined/Edges/Round-10_0073476_edge.png,0.19,0.19059563,0.0036461316049098
3796,/tmp/DataSetCombined/Edges/Round-8_0003468_edge.png,0.2698,0.2620092,0.0036461316049098
3797,/tmp/DataSetCombined/Edges/Round-6_0058275_edge.png,0.1713,0.17704786,0.0036461316049098
3798,/tmp/DataSetCombined/Edges/Round-8_0001607_edge.png,0.1766,0.18052523,0.0036461316049098
3799,/tmp/DataSetCombined/Edges/Round-10_0071579_edge.png,0.1932,0.19305219,0.0036461316049098
3800,/tmp/DataSetCombined/Edges/Round-8_0046168_edge.png,0.1662,0.1737259,0.0036461316049098
3801,/tmp/DataSetCombined/Edges/Round-7_0029683_edge.png,0.1875,0.18839315,0.0036461316049098
3802,/tmp/DataSetCombined/Edges/Round-1_0073809_edge.png,0.2303,0.23493584,0.0036461316049098
3803,/tmp/DataSetCombined/Edges/Round-8_0057816_edge.png,0.2315,0.23345365,0.0036461316049098
3804,/tmp/DataSetCombined/Edges/Round-2_0055067_edge.png,0.246,0.24587749,0.0036461316049098
3805,/tmp/DataSetCombined/Edges/Round-7_0124586_edge.png,0.1931,0.19284514,0.0036461316049098
3806,/tmp/DataSetCombined/Edges/Round-8_0087686_edge.png,0.1733,0.17813322,0.0036461316049098
3807,/tmp/DataSetCombined/Edges/Round-9_0101230_edge.png,0.2193,0.21929008,0.0036461316049098
3808,/tmp/DataSetCombined/Edges/Round-6_0034723_edge.png,0.3025,0.30124667,0.0036461316049098
3809,/tmp/DataSetCombined/Edges/Round-1_0118319_edge.png,0.2371,0.23685782,0.0036461316049098
3810,/tmp/DataSetCombined/Edges/Round-8_0039184_edge.png,0.2904,0.28482512,0.0036461316049098
3811,/tmp/DataSetCombined/Edges/Round-9_0182829_edge.png,0.205,0.2029446,0.0036461316049098
3812,/tmp/DataSetCombined/Edges/Round-7_0086179_edge.png,0.2172,0.21483187,0.0036461316049098
3813,/tmp/DataSetCombined/Edges/Round-9_0185989_edge.png,0.181,0.18351527,0.0036461316049098
3814,/tmp/DataSetCombined/Edges/Round-7_0115676_edge.png,0.315,0.31330475,0.0036461316049098
3815,/tmp/DataSetCombined/Edges/Round-8_0073540_edge.png,0.4094,0.39810473,0.0036461316049098
3816,/tmp/DataSetCombined/Edges/Round-1_0054467_edge.png,0.2788,0.2735092,0.0036461316049098
3817,/tmp/DataSetCombined/Edges/Round-2_0018400_edge.png,0.1732,0.17835881,0.0036461316049098
3818,/tmp/DataSetCombined/Edges/Round-4_0083620_edge.png,0.2451,0.24527806,0.0036461316049098
3819,/tmp/DataSetCombined/Edges/Round-3_0065107_edge.png,0.1773,0.18178898,0.0036461316049098
3820,/tmp/DataSetCombined/Edges/Round-4_0019041_edge.png,0.2542,0.25195354,0.0036461316049098
3821,/tmp/DataSetCombined/Edges/Round-10_0181142_edge.png,0.2238,0.22529837,0.0036461316049098
3822,/tmp/DataSetCombined/Edges/Round-5_0053132_edge.png,0.4097,0.39812797,0.0036461316049098
3823,/tmp/DataSetCombined/Edges/Round-5_0003879_edge.png,0.1702,0.175186,0.0036461316049098
3824,/tmp/DataSetCombined/Edges/Round-3_0037234_edge.png,0.2374,0.23998246,0.0036461316049098
3825,/tmp/DataSetCombined/Edges/Round-2_0102686_edge.png,0.2239,0.22559431,0.0036461316049098
3826,/tmp/DataSetCombined/Edges/Round-9_0089581_edge.png,0.2131,0.21240921,0.0036461316049098
3827,/tmp/DataSetCombined/Edges/Round-1_0106888_edge.png,0.172,0.1792676,0.0036461316049098
3828,/tmp/DataSetCombined/Edges/Round-1_0066967_edge.png,0.2248,0.22612719,0.0036461316049098
3829,/tmp/DataSetCombined/Edges/Round-4_0069142_edge.png,0.2791,0.272833,0.0036461316049098
3830,/tmp/DataSetCombined/Edges/Round-5_0103188_edge.png,0.3024,0.30063817,0.0036461316049098
3831,/tmp/DataSetCombined/Edges/Round-8_0066334_edge.png,0.225,0.22625934,0.0036461316049098
3832,/tmp/DataSetCombined/Edges/Round-7_0038953_edge.png,0.1979,0.19757532,0.0036461316049098
3833,/tmp/DataSetCombined/Edges/Round-3_0030643_edge.png,0.2361,0.23620023,0.0036461316049098
3834,/tmp/DataSetCombined/Edges/Round-1_0153693_edge.png,0.2542,0.25175792,0.0036461316049098
3835,/tmp/DataSetCombined/Edges/Round-5_0023605_edge.png,0.2378,0.24101454,0.0036461316049098
3836,/tmp/DataSetCombined/Edges/Round-7_0033813_edge.png,0.2198,0.22103755,0.0036461316049098
3837,/tmp/DataSetCombined/Edges/Round-10_0058637_edge.png,0.2327,0.23349032,0.0036461316049098
3838,/tmp/DataSetCombined/Edges/Round-10_0083469_edge.png,0.2253,0.22938396,0.0036461316049098
3839,/tmp/DataSetCombined/Edges/Round-3_0037300_edge.png,0.1822,0.18493915,0.0036461316049098
3840,/tmp/DataSetCombined/Edges/Round-9_0107482_edge.png,0.1885,0.18894082,0.0034967139363288
3841,/tmp/DataSetCombined/Edges/Round-8_0078223_edge.png,0.4097,0.39813507,0.0034967139363288
3842,/tmp/DataSetCombined/Edges/Round-2_0077601_edge.png,0.4079,0.39667577,0.0034967139363288
3843,/tmp/DataSetCombined/Edges/Round-1_0119470_edge.png,0.2559,0.25311863,0.0034967139363288
3844,/tmp/DataSetCombined/Edges/Round-8_0049538_edge.png,0.1947,0.1926864,0.0034967139363288
3845,/tmp/DataSetCombined/Edges/Round-4_0069443_edge.png,0.4093,0.39794922,0.0034967139363288
3846,/tmp/DataSetCombined/Edges/Round-8_0044693_edge.png,0.2254,0.22928017,0.0034967139363288
3847,/tmp/DataSetCombined/Edges/Round-1_0019400_edge.png,0.2243,0.22531706,0.0034967139363288
3848,/tmp/DataSetCombined/Edges/Round-10_0058155_edge.png,0.2233,0.22398596,0.0034967139363288
3849,/tmp/DataSetCombined/Edges/Round-5_0022070_edge.png,0.2716,0.26437396,0.0034967139363288
3850,/tmp/DataSetCombined/Edges/Round-1_0010000_edge.png,0.247,0.24812376,0.0034967139363288
3851,/tmp/DataSetCombined/Edges/Round-6_0054061_edge.png,0.2185,0.22447866,0.0034967139363288
3852,/tmp/DataSetCombined/Edges/Round-10_0113599_edge.png,0.2373,0.23953067,0.0034967139363288
3853,/tmp/DataSetCombined/Edges/Round-4_0015926_edge.png,0.2247,0.22638132,0.0034967139363288
3854,/tmp/DataSetCombined/Edges/Round-1_0130757_edge.png,0.3027,0.3012264,0.0034967139363288
3855,/tmp/DataSetCombined/Edges/Round-9_0188006_edge.png,0.2338,0.23789841,0.0034967139363288
3856,/tmp/DataSetCombined/Edges/Round-3_0003667_edge.png,0.2365,0.23857395,0.0034967139363288
3857,/tmp/DataSetCombined/Edges/Round-1_0079828_edge.png,0.1598,0.1671055,0.0034967139363288
3858,/tmp/DataSetCombined/Edges/Round-5_0016863_edge.png,0.2746,0.27000475,0.0034967139363288
3859,/tmp/DataSetCombined/Edges/Round-1_0010167_edge.png,0.1874,0.1880603,0.0034967139363288
3860,/tmp/DataSetCombined/Edges/Round-7_0030946_edge.png,0.1888,0.1901866,0.0034967139363288
3861,/tmp/DataSetCombined/Edges/Round-9_0170679_edge.png,0.2936,0.295272,0.0034967139363288
3862,/tmp/DataSetCombined/Edges/Round-8_0052109_edge.png,0.2296,0.23278466,0.0034967139363288
3863,/tmp/DataSetCombined/Edges/Round-10_0147826_edge.png,0.2821,0.27799156,0.0034967139363288
3864,/tmp/DataSetCombined/Edges/Round-5_0064059_edge.png,0.1819,0.18367043,0.0034967139363288
3865,/tmp/DataSetCombined/Edges/Round-5_0116553_edge.png,0.2297,0.23323378,0.0034967139363288
3866,/tmp/DataSetCombined/Edges/Round-5_0114596_edge.png,0.3027,0.30115762,0.0034967139363288
3867,/tmp/DataSetCombined/Edges/Round-9_0089279_edge.png,0.1983,0.19807854,0.0034967139363288
3868,/tmp/DataSetCombined/Edges/Round-7_0021013_edge.png,0.2244,0.22882675,0.0034967139363288
3869,/tmp/DataSetCombined/Edges/Round-1_0058467_edge.png,0.2668,0.26182255,0.0034967139363288
3870,/tmp/DataSetCombined/Edges/Round-3_0081632_edge.png,0.3411,0.34581637,0.0034967139363288
3871,/tmp/DataSetCombined/Edges/Round-6_0041449_edge.png,0.1897,0.18987298,0.0034967139363288
3872,/tmp/DataSetCombined/Edges/Round-3_0007167_edge.png,0.1727,0.17825414,0.0034967139363288
3873,/tmp/DataSetCombined/Edges/Round-3_0052401_edge.png,0.1792,0.18233567,0.0034967139363288
3874,/tmp/DataSetCombined/Edges/Round-2_0093204_edge.png,0.229,0.23258288,0.0034967139363288
3875,/tmp/DataSetCombined/Edges/Round-10_0070857_edge.png,0.2357,0.23861259,0.0034967139363288
3876,/tmp/DataSetCombined/Edges/Round-9_0122991_edge.png,0.2793,0.27291107,0.0034967139363288
3877,/tmp/DataSetCombined/Edges/Round-6_0054603_edge.png,0.1962,0.19639333,0.0034967139363288
3878,/tmp/DataSetCombined/Edges/Round-6_0123742_edge.png,0.2216,0.2265419,0.0034967139363288
3879,/tmp/DataSetCombined/Edges/Round-9_0191106_edge.png,0.2352,0.23665507,0.0034967139363288
3880,/tmp/DataSetCombined/Edges/Round-9_0133225_edge.png,0.2289,0.23213613,0.0034967139363288
3881,/tmp/DataSetCombined/Edges/Round-8_0058731_edge.png,0.1882,0.18920237,0.0034967139363288
3882,/tmp/DataSetCombined/Edges/Round-4_0079888_edge.png,0.209,0.20533894,0.0034967139363288
3883,/tmp/DataSetCombined/Edges/Round-10_0008370_edge.png,0.2322,0.23513041,0.0034967139363288
3884,/tmp/DataSetCombined/Edges/Round-8_0014864_edge.png,0.3027,0.30274975,0.0034967139363288
3885,/tmp/DataSetCombined/Edges/Round-2_0093054_edge.png,0.192,0.19143595,0.0034967139363288
3886,/tmp/DataSetCombined/Edges/Round-5_0115108_edge.png,0.2388,0.24260382,0.0034967139363288
3887,/tmp/DataSetCombined/Edges/Round-1_0108393_edge.png,0.2204,0.22166722,0.0034967139363288
3888,/tmp/DataSetCombined/Edges/Round-7_0070045_edge.png,0.2255,0.22947042,0.0034967139363288
3889,/tmp/DataSetCombined/Edges/Round-5_0112098_edge.png,0.2282,0.23202983,0.0034967139363288
3890,/tmp/DataSetCombined/Edges/Round-9_0105232_edge.png,0.1803,0.18394525,0.0034967139363288
3891,/tmp/DataSetCombined/Edges/Round-6_0016166_edge.png,0.2085,0.20492138,0.0034967139363288
3892,/tmp/DataSetCombined/Edges/Round-6_0062940_edge.png,0.1723,0.17724204,0.0034967139363288
3893,/tmp/DataSetCombined/Edges/Round-2_0072285_edge.png,0.2819,0.27757114,0.0034967139363288
3894,/tmp/DataSetCombined/Edges/Round-9_0092418_edge.png,0.228,0.23142606,0.0034967139363288
3895,/tmp/DataSetCombined/Edges/Round-10_0142705_edge.png,0.2887,0.28647554,0.0034967139363288
3896,/tmp/DataSetCombined/Edges/Round-8_0063806_edge.png,0.2027,0.20184313,0.0034967139363288
3897,/tmp/DataSetCombined/Edges/Round-4_0058366_edge.png,0.1908,0.19035116,0.0034967139363288
3898,/tmp/DataSetCombined/Edges/Round-4_0007468_edge.png,0.2224,0.22428301,0.0034967139363288
3899,/tmp/DataSetCombined/Edges/Round-5_0045849_edge.png,0.1708,0.17602533,0.0034967139363288
3900,/tmp/DataSetCombined/Edges/Round-4_0023240_edge.png,0.2235,0.22775455,0.0034967139363288
3901,/tmp/DataSetCombined/Edges/Round-10_0142283_edge.png,0.2298,0.23337196,0.0034967139363288
3902,/tmp/DataSetCombined/Edges/Round-10_0060051_edge.png,0.229,0.23232803,0.0034967139363288
3903,/tmp/DataSetCombined/Edges/Round-10_0045875_edge.png,0.2247,0.22613981,0.0034967139363288
3904,/tmp/DataSetCombined/Edges/Round-7_0103877_edge.png,0.2297,0.23318301,0.0041468739509582
3905,/tmp/DataSetCombined/Edges/Round-1_0012934_edge.png,0.226,0.2297647,0.0041468739509582
3906,/tmp/DataSetCombined/Edges/Round-6_0129280_edge.png,0.1687,0.17429516,0.0041468739509582
3907,/tmp/DataSetCombined/Edges/Round-9_0044461_edge.png,0.1724,0.17873327,0.0041468739509582
3908,/tmp/DataSetCombined/Edges/Round-7_0049465_edge.png,0.3029,0.30204156,0.0041468739509582
3909,/tmp/DataSetCombined/Edges/Round-1_0069167_edge.png,0.2302,0.23441246,0.0041468739509582
3910,/tmp/DataSetCombined/Edges/Round-8_0062614_edge.png,0.1888,0.18891448,0.0041468739509582
3911,/tmp/DataSetCombined/Edges/Round-10_0162888_edge.png,0.1825,0.18457972,0.0041468739509582
3912,/tmp/DataSetCombined/Edges/Round-4_0076185_edge.png,0.2822,0.27795598,0.0041468739509582
3913,/tmp/DataSetCombined/Edges/Round-5_0101533_edge.png,0.1914,0.19159403,0.0041468739509582
3914,/tmp/DataSetCombined/Edges/Round-9_0138914_edge.png,0.1732,0.17835335,0.0041468739509582
3915,/tmp/DataSetCombined/Edges/Round-1_0151736_edge.png,0.2041,0.20342442,0.0041468739509582
3916,/tmp/DataSetCombined/Edges/Round-10_0037808_edge.png,0.2416,0.24203768,0.0041468739509582
3917,/tmp/DataSetCombined/Edges/Round-6_0005243_edge.png,0.3549,0.35690153,0.0041468739509582
3918,/tmp/DataSetCombined/Edges/Round-7_0119529_edge.png,0.1721,0.17971887,0.0041468739509582
3919,/tmp/DataSetCombined/Edges/Round-2_0066836_edge.png,0.2817,0.2770903,0.0041468739509582
3920,/tmp/DataSetCombined/Edges/Round-9_0197668_edge.png,0.2286,0.23214895,0.0041468739509582
3921,/tmp/DataSetCombined/Edges/Round-7_0075104_edge.png,0.1728,0.17814344,0.0041468739509582
3922,/tmp/DataSetCombined/Edges/Round-3_0047710_edge.png,0.2251,0.22618029,0.0041468739509582
3923,/tmp/DataSetCombined/Edges/Round-9_0033294_edge.png,0.2137,0.21316667,0.0041468739509582
3924,/tmp/DataSetCombined/Edges/Round-9_0089618_edge.png,0.1543,0.16253027,0.0041468739509582
3925,/tmp/DataSetCombined/Edges/Round-10_0106856_edge.png,0.1783,0.18286753,0.0041468739509582
3926,/tmp/DataSetCombined/Edges/Round-10_0065981_edge.png,0.164,0.16986315,0.0041468739509582
3927,/tmp/DataSetCombined/Edges/Round-10_0081964_edge.png,0.1863,0.187461,0.0041468739509582
3928,/tmp/DataSetCombined/Edges/Round-2_0093836_edge.png,0.2328,0.23671463,0.0041468739509582
3929,/tmp/DataSetCombined/Edges/Round-2_0069400_edge.png,0.2249,0.22670968,0.0041468739509582
3930,/tmp/DataSetCombined/Edges/Round-1_0065501_edge.png,0.4098,0.3985439,0.0041468739509582
3931,/tmp/DataSetCombined/Edges/Round-5_0002879_edge.png,0.2311,0.23588203,0.0041468739509582
3932,/tmp/DataSetCombined/Edges/Round-8_0047263_edge.png,0.2634,0.2564193,0.0041468739509582
3933,/tmp/DataSetCombined/Edges/Round-6_0030222_edge.png,0.1981,0.19768202,0.0041468739509582
3934,/tmp/DataSetCombined/Edges/Round-6_0044399_edge.png,0.2291,0.23243466,0.0041468739509582
3935,/tmp/DataSetCombined/Edges/Round-9_0008311_edge.png,0.237,0.23985177,0.0041468739509582
3936,/tmp/DataSetCombined/Edges/Round-8_0010481_edge.png,0.2258,0.23032519,0.0041468739509582
3937,/tmp/DataSetCombined/Edges/Round-5_0014364_edge.png,0.1792,0.18297617,0.0041468739509582
3938,/tmp/DataSetCombined/Edges/Round-6_0057402_edge.png,0.1797,0.18354881,0.0041468739509582
3939,/tmp/DataSetCombined/Edges/Round-4_0007569_edge.png,0.2969,0.29800773,0.0041468739509582
3940,/tmp/DataSetCombined/Edges/Round-8_0024526_edge.png,0.2281,0.23160946,0.0041468739509582
3941,/tmp/DataSetCombined/Edges/Round-10_0154022_edge.png,0.2246,0.22596392,0.0041468739509582
3942,/tmp/DataSetCombined/Edges/Round-1_0078625_edge.png,0.1763,0.1802622,0.0041468739509582
3943,/tmp/DataSetCombined/Edges/Round-10_0069502_edge.png,0.1667,0.17153166,0.0041468739509582
3944,/tmp/DataSetCombined/Edges/Round-6_0102582_edge.png,0.1956,0.19486013,0.0041468739509582
3945,/tmp/DataSetCombined/Edges/Round-9_0190083_edge.png,0.1647,0.16974628,0.0041468739509582
3946,/tmp/DataSetCombined/Edges/Round-5_0018368_edge.png,0.1886,0.18976769,0.0041468739509582
3947,/tmp/DataSetCombined/Edges/Round-1_0047634_edge.png,0.2267,0.23090361,0.0041468739509582
3948,/tmp/DataSetCombined/Edges/Round-6_0028838_edge.png,0.2243,0.22788396,0.0041468739509582
3949,/tmp/DataSetCombined/Edges/Round-5_0104753_edge.png,0.2973,0.2949167,0.0041468739509582
3950,/tmp/DataSetCombined/Edges/Round-9_0015896_edge.png,0.1724,0.17803381,0.0041468739509582
3951,/tmp/DataSetCombined/Edges/Round-5_0008946_edge.png,0.4047,0.39552277,0.0041468739509582
3952,/tmp/DataSetCombined/Edges/Round-4_0052718_edge.png,0.222,0.22484985,0.0041468739509582
3953,/tmp/DataSetCombined/Edges/Round-2_0109337_edge.png,0.1874,0.18872863,0.0041468739509582
3954,/tmp/DataSetCombined/Edges/Round-10_0023811_edge.png,0.2456,0.2446381,0.0041468739509582
3955,/tmp/DataSetCombined/Edges/Round-9_0162361_edge.png,0.2195,0.22407007,0.0041468739509582
3956,/tmp/DataSetCombined/Edges/Round-9_0033926_edge.png,0.1878,0.1877615,0.0041468739509582
3957,/tmp/DataSetCombined/Edges/Round-4_0049667_edge.png,0.3022,0.30052736,0.0041468739509582
3958,/tmp/DataSetCombined/Edges/Round-10_0100927_edge.png,0.1797,0.18354118,0.0041468739509582
3959,/tmp/DataSetCombined/Edges/Round-1_0139096_edge.png,0.2404,0.23981029,0.0041468739509582
3960,/tmp/DataSetCombined/Edges/Round-7_0054996_edge.png,0.2216,0.22356664,0.0041468739509582
3961,/tmp/DataSetCombined/Edges/Round-9_0193002_edge.png,0.2352,0.23657134,0.0041468739509582
3962,/tmp/DataSetCombined/Edges/Round-10_0174852_edge.png,0.2804,0.2759088,0.0041468739509582
3963,/tmp/DataSetCombined/Edges/Round-5_0028661_edge.png,0.1645,0.17008084,0.0041468739509582
3964,/tmp/DataSetCombined/Edges/Round-7_0041211_edge.png,0.2075,0.20494193,0.0041468739509582
3965,/tmp/DataSetCombined/Edges/Round-8_0024267_edge.png,0.1982,0.19806042,0.0041468739509582
3966,/tmp/DataSetCombined/Edges/Round-7_0068209_edge.png,0.2249,0.2265392,0.0041468739509582
3967,/tmp/DataSetCombined/Edges/Round-3_0034074_edge.png,0.2815,0.27814704,0.0041468739509582
3968,/tmp/DataSetCombined/Edges/Round-9_0075584_edge.png,0.3924,0.38443834,0.0034944266080856
3969,/tmp/DataSetCombined/Edges/Round-5_0067881_edge.png,0.1606,0.1677839,0.0034944266080856
3970,/tmp/DataSetCombined/Edges/Round-9_0067306_edge.png,0.2629,0.25638783,0.0034944266080856
3971,/tmp/DataSetCombined/Edges/Round-9_0137047_edge.png,0.2373,0.23929675,0.0034944266080856
3972,/tmp/DataSetCombined/Edges/Round-6_0072151_edge.png,0.2333,0.23805726,0.0034944266080856
3973,/tmp/DataSetCombined/Edges/Round-5_0084466_edge.png,0.176,0.18093945,0.0034944266080856
3974,/tmp/DataSetCombined/Edges/Round-9_0120493_edge.png,0.2448,0.24548042,0.0034944266080856
3975,/tmp/DataSetCombined/Edges/Round-9_0093914_edge.png,0.1727,0.17747456,0.0034944266080856
3976,/tmp/DataSetCombined/Edges/Round-4_0081152_edge.png,0.4084,0.39721656,0.0034944266080856
3977,/tmp/DataSetCombined/Edges/Round-7_0020321_edge.png,0.1827,0.18589927,0.0034944266080856
3978,/tmp/DataSetCombined/Edges/Round-6_0097284_edge.png,0.2208,0.22121549,0.0034944266080856
3979,/tmp/DataSetCombined/Edges/Round-10_0118565_edge.png,0.2547,0.2523687,0.0034944266080856
3980,/tmp/DataSetCombined/Edges/Round-6_0122658_edge.png,0.2319,0.23652613,0.0034944266080856
3981,/tmp/DataSetCombined/Edges/Round-9_0128439_edge.png,0.2965,0.29803982,0.0034944266080856
3982,/tmp/DataSetCombined/Edges/Round-3_0084552_edge.png,0.1847,0.18592851,0.0034944266080856
3983,/tmp/DataSetCombined/Edges/Round-10_0035339_edge.png,0.1767,0.18019342,0.0034944266080856
3984,/tmp/DataSetCombined/Edges/Round-9_0059149_edge.png,0.1775,0.18172763,0.0034944266080856
3985,/tmp/DataSetCombined/Edges/Round-9_0194177_edge.png,0.2129,0.21248001,0.0034944266080856
3986,/tmp/DataSetCombined/Edges/Round-8_0036987_edge.png,0.2039,0.20271319,0.0034944266080856
3987,/tmp/DataSetCombined/Edges/Round-6_0015473_edge.png,0.2243,0.22532156,0.0034944266080856
3988,/tmp/DataSetCombined/Edges/Round-5_0040009_edge.png,0.1729,0.17823774,0.0034944266080856
3989,/tmp/DataSetCombined/Edges/Round-1_0153783_edge.png,0.1939,0.19381031,0.0034944266080856
3990,/tmp/DataSetCombined/Edges/Round-9_0058126_edge.png,0.2284,0.23211063,0.0034944266080856
3991,/tmp/DataSetCombined/Edges/Round-5_0020233_edge.png,0.1726,0.17751507,0.0034944266080856
3992,/tmp/DataSetCombined/Edges/Round-10_0116608_edge.png,0.2452,0.24607977,0.0034944266080856
3993,/tmp/DataSetCombined/Edges/Round-6_0109326_edge.png,0.1656,0.17097807,0.0034944266080856
3994,/tmp/DataSetCombined/Edges/Round-9_0123443_edge.png,0.1728,0.17830491,0.0034944266080856
3995,/tmp/DataSetCombined/Edges/Round-10_0089278_edge.png,0.2225,0.22706142,0.0034944266080856
3996,/tmp/DataSetCombined/Edges/Round-8_0057436_edge.png,0.2226,0.2268754,0.0034944266080856
3997,/tmp/DataSetCombined/Edges/Round-3_0014376_edge.png,0.1731,0.17826319,0.0034944266080856
3998,/tmp/DataSetCombined/Edges/Round-8_0019611_edge.png,0.2272,0.23118788,0.0034944266080856
3999,/tmp/DataSetCombined/Edges/Round-7_0016890_edge.png,0.297,0.2980736,0.0034944266080856
4000,/tmp/DataSetCombined/Edges/Round-9_0024023_edge.png,0.2969,0.2982129,0.0034944266080856
4001,/tmp/DataSetCombined/Edges/Round-10_0124374_edge.png,0.2295,0.23292452,0.0034944266080856
4002,/tmp/DataSetCombined/Edges/Round-5_0072998_edge.png,0.1728,0.17801054,0.0034944266080856
4003,/tmp/DataSetCombined/Edges/Round-6_0067485_edge.png,0.1758,0.17940922,0.0034944266080856
4004,/tmp/DataSetCombined/Edges/Round-9_0074471_edge.png,0.2553,0.25228453,0.0034944266080856
4005,/tmp/DataSetCombined/Edges/Round-6_0096441_edge.png,0.2253,0.22961216,0.0034944266080856
4006,/tmp/DataSetCombined/Edges/Round-7_0006390_edge.png,0.1832,0.18536298,0.0034944266080856
4007,/tmp/DataSetCombined/Edges/Round-1_0164739_edge.png,0.4094,0.39772356,0.0034944266080856
4008,/tmp/DataSetCombined/Edges/Round-7_0122931_edge.png,0.2363,0.23833853,0.0034944266080856
4009,/tmp/DataSetCombined/Edges/Round-7_0000546_edge.png,0.2294,0.23296653,0.0034944266080856
4010,/tmp/DataSetCombined/Edges/Round-9_0138643_edge.png,0.272,0.2672047,0.0034944266080856
4011,/tmp/DataSetCombined/Edges/Round-3_0025967_edge.png,0.2273,0.2309277,0.0034944266080856
4012,/tmp/DataSetCombined/Edges/Round-1_0107881_edge.png,0.2159,0.21402918,0.0034944266080856
4013,/tmp/DataSetCombined/Edges/Round-10_0037326_edge.png,0.23,0.23241046,0.0034944266080856
4014,/tmp/DataSetCombined/Edges/Round-3_0054693_edge.png,0.2262,0.22980596,0.0034944266080856
4015,/tmp/DataSetCombined/Edges/Round-6_0080188_edge.png,0.1714,0.17696442,0.0034944266080856
4016,/tmp/DataSetCombined/Edges/Round-1_0048067_edge.png,0.2304,0.23359779,0.0034944266080856
4017,/tmp/DataSetCombined/Edges/Round-1_0100030_edge.png,0.1952,0.1949575,0.0034944266080856
4018,/tmp/DataSetCombined/Edges/Round-9_0135211_edge.png,0.3029,0.30159447,0.0034944266080856
4019,/tmp/DataSetCombined/Edges/Round-5_0026585_edge.png,0.1743,0.17891254,0.0034944266080856
4020,/tmp/DataSetCombined/Edges/Round-9_0115827_edge.png,0.4082,0.39669383,0.0034944266080856
4021,/tmp/DataSetCombined/Edges/Round-7_0001148_edge.png,0.2278,0.23116788,0.0034944266080856
4022,/tmp/DataSetCombined/Edges/Round-7_0077841_edge.png,0.1899,0.19006164,0.0034944266080856
4023,/tmp/DataSetCombined/Edges/Round-2_0076198_edge.png,0.2214,0.22419024,0.0034944266080856
4024,/tmp/DataSetCombined/Edges/Round-8_0082246_edge.png,0.2251,0.22646601,0.0034944266080856
4025,/tmp/DataSetCombined/Edges/Round-8_0058117_edge.png,0.1793,0.18226413,0.0034944266080856
4026,/tmp/DataSetCombined/Edges/Round-10_0199774_edge.png,0.1674,0.17198443,0.0034944266080856
4027,/tmp/DataSetCombined/Edges/Round-9_0045966_edge.png,0.2817,0.27716216,0.0034944266080856
4028,/tmp/DataSetCombined/Edges/Round-4_0012073_edge.png,0.2209,0.22369382,0.0034944266080856
4029,/tmp/DataSetCombined/Edges/Round-9_0046959_edge.png,0.1632,0.16944188,0.0034944266080856
4030,/tmp/DataSetCombined/Edges/Round-7_0035521_edge.png,0.2013,0.19933604,0.0034944266080856
4031,/tmp/DataSetCombined/Edges/Round-9_0002152_edge.png,0.2492,0.247678,0.0034944266080856
4032,/tmp/DataSetCombined/Edges/Round-4_0085426_edge.png,0.1784,0.18177193,0.0034575499594211
4033,/tmp/DataSetCombined/Edges/Round-9_0053732_edge.png,0.1811,0.18445204,0.0034575499594211
4034,/tmp/DataSetCombined/Edges/Round-10_0100084_edge.png,0.2045,0.20285219,0.0034575499594211
4035,/tmp/DataSetCombined/Edges/Round-3_0024200_edge.png,0.2243,0.22535309,0.0034575499594211
4036,/tmp/DataSetCombined/Edges/Round-6_0053369_edge.png,0.3029,0.30187964,0.0034575499594211
4037,/tmp/DataSetCombined/Edges/Round-1_0006267_edge.png,0.1613,0.16706717,0.0034575499594211
4038,/tmp/DataSetCombined/Edges/Round-10_0015504_edge.png,0.1875,0.18897852,0.0034575499594211
4039,/tmp/DataSetCombined/Edges/Round-5_0004364_edge.png,0.3804,0.37324187,0.0034575499594211
4040,/tmp/DataSetCombined/Edges/Round-6_0125397_edge.png,0.1906,0.19168252,0.0034575499594211
4041,/tmp/DataSetCombined/Edges/Round-1_0023634_edge.png,0.1716,0.17674251,0.0034575499594211
4042,/tmp/DataSetCombined/Edges/Round-5_0053614_edge.png,0.2712,0.2664945,0.0034575499594211
4043,/tmp/DataSetCombined/Edges/Round-5_0056534_edge.png,0.2731,0.26884353,0.0034575499594211
4044,/tmp/DataSetCombined/Edges/Round-4_0000516_edge.png,0.2302,0.2329048,0.0034575499594211
4045,/tmp/DataSetCombined/Edges/Round-7_0106346_edge.png,0.2952,0.2973031,0.0034575499594211
4046,/tmp/DataSetCombined/Edges/Round-3_0026867_edge.png,0.3021,0.29983118,0.0034575499594211
4047,/tmp/DataSetCombined/Edges/Round-1_0132081_edge.png,0.2288,0.23219496,0.0034575499594211
4048,/tmp/DataSetCombined/Edges/Round-10_0113783_edge.png,0.2319,0.2353813,0.0034575499594211
4049,/tmp/DataSetCombined/Edges/Round-7_0008943_edge.png,0.2731,0.2656711,0.0034575499594211
4050,/tmp/DataSetCombined/Edges/Round-6_0043857_edge.png,0.2806,0.2767732,0.0034575499594211
4051,/tmp/DataSetCombined/Edges/Round-10_0137949_edge.png,0.2362,0.23858094,0.0034575499594211
4052,/tmp/DataSetCombined/Edges/Round-9_0042384_edge.png,0.2263,0.23083712,0.0034575499594211
4053,/tmp/DataSetCombined/Edges/Round-6_0071338_edge.png,0.2533,0.25124267,0.0034575499594211
4054,/tmp/DataSetCombined/Edges/Round-8_0015044_edge.png,0.1726,0.17820278,0.0034575499594211
4055,/tmp/DataSetCombined/Edges/Round-4_0082566_edge.png,0.2257,0.22812003,0.0034575499594211
4056,/tmp/DataSetCombined/Edges/Round-9_0158207_edge.png,0.2663,0.2577787,0.0034575499594211
4057,/tmp/DataSetCombined/Edges/Round-8_0046739_edge.png,0.1745,0.17902817,0.0034575499594211
4058,/tmp/DataSetCombined/Edges/Round-4_0011471_edge.png,0.2253,0.22906357,0.0034575499594211
4059,/tmp/DataSetCombined/Edges/Round-10_0008656_edge.png,0.2795,0.27309644,0.0034575499594211
4060,/tmp/DataSetCombined/Edges/Round-2_0106568_edge.png,0.1722,0.17738059,0.0034575499594211
4061,/tmp/DataSetCombined/Edges/Round-8_0043970_edge.png,0.277,0.27182627,0.0034575499594211
4062,/tmp/DataSetCombined/Edges/Round-4_0058126_edge.png,0.3531,0.3556019,0.0034575499594211
4063,/tmp/DataSetCombined/Edges/Round-4_0009093_edge.png,0.1709,0.17638311,0.0034575499594211
4064,/tmp/DataSetCombined/Edges/Round-3_0052101_edge.png,0.1699,0.17509031,0.0034575499594211
4065,/tmp/DataSetCombined/Edges/Round-9_0149719_edge.png,0.1913,0.19154148,0.0034575499594211
4066,/tmp/DataSetCombined/Edges/Round-6_0017249_edge.png,0.172,0.17861903,0.0034575499594211
4067,/tmp/DataSetCombined/Edges/Round-4_0026461_edge.png,0.3639,0.362019,0.0034575499594211
4068,/tmp/DataSetCombined/Edges/Round-9_0166214_edge.png,0.187,0.18800531,0.0034575499594211
4069,/tmp/DataSetCombined/Edges/Round-9_0051716_edge.png,0.2053,0.20284969,0.0034575499594211
4070,/tmp/DataSetCombined/Edges/Round-10_0055265_edge.png,0.1713,0.17647502,0.0034575499594211
4071,/tmp/DataSetCombined/Edges/Round-10_0026490_edge.png,0.1651,0.17112663,0.0034575499594211
4072,/tmp/DataSetCombined/Edges/Round-10_0094004_edge.png,0.1738,0.17899129,0.0034575499594211
4073,/tmp/DataSetCombined/Edges/Round-7_0118416_edge.png,0.2278,0.23126751,0.0034575499594211
4074,/tmp/DataSetCombined/Edges/Round-7_0113720_edge.png,0.1729,0.17790367,0.0034575499594211
4075,/tmp/DataSetCombined/Edges/Round-5_0039295_edge.png,0.1812,0.1833614,0.0034575499594211
4076,/tmp/DataSetCombined/Edges/Round-8_0077651_edge.png,0.1597,0.16899028,0.0034575499594211
4077,/tmp/DataSetCombined/Edges/Round-9_0121967_edge.png,0.2193,0.22541414,0.0034575499594211
4078,/tmp/DataSetCombined/Edges/Round-7_0091717_edge.png,0.2485,0.24704832,0.0034575499594211
4079,/tmp/DataSetCombined/Edges/Round-8_0029854_edge.png,0.2405,0.24120666,0.0034575499594211
4080,/tmp/DataSetCombined/Edges/Round-7_0118867_edge.png,0.1633,0.16853249,0.0034575499594211
4081,/tmp/DataSetCombined/Edges/Round-4_0090994_edge.png,0.169,0.17417865,0.0034575499594211
4082,/tmp/DataSetCombined/Edges/Round-4_0069684_edge.png,0.2247,0.23013204,0.0034575499594211
4083,/tmp/DataSetCombined/Edges/Round-1_0150051_edge.png,0.2892,0.2833541,0.0034575499594211
4084,/tmp/DataSetCombined/Edges/Round-1_0015667_edge.png,0.1859,0.18651351,0.0034575499594211
4085,/tmp/DataSetCombined/Edges/Round-10_0011501_edge.png,0.19,0.19063959,0.0034575499594211
4086,/tmp/DataSetCombined/Edges/Round-8_0080409_edge.png,0.1903,0.19079596,0.0034575499594211
4087,/tmp/DataSetCombined/Edges/Round-8_0087464_edge.png,0.2997,0.2995434,0.0034575499594211
4088,/tmp/DataSetCombined/Edges/Round-8_0029281_edge.png,0.3981,0.39019376,0.0034575499594211
4089,/tmp/DataSetCombined/Edges/Round-5_0096958_edge.png,0.2111,0.21062107,0.0034575499594211
4090,/tmp/DataSetCombined/Edges/Round-9_0156732_edge.png,0.2197,0.21824111,0.0034575499594211
4091,/tmp/DataSetCombined/Edges/Round-10_0032811_edge.png,0.2279,0.23157392,0.0034575499594211
4092,/tmp/DataSetCombined/Edges/Round-3_0027001_edge.png,0.2962,0.2978353,0.0034575499594211
4093,/tmp/DataSetCombined/Edges/Round-9_0025227_edge.png,0.1677,0.17255692,0.0034575499594211
4094,/tmp/DataSetCombined/Edges/Round-8_0001891_edge.png,0.2306,0.23537852,0.0034575499594211
4095,/tmp/DataSetCombined/Edges/Round-8_0036126_edge.png,0.225,0.22606744,0.0034575499594211
4096,/tmp/DataSetCombined/Edges/Round-10_0136896_edge.png,0.4095,0.39827347,0.003422163426876
4097,/tmp/DataSetCombined/Edges/Round-9_0187939_edge.png,0.25,0.24825624,0.003422163426876
4098,/tmp/DataSetCombined/Edges/Round-8_0072565_edge.png,0.1487,0.16144921,0.003422163426876
4099,/tmp/DataSetCombined/Edges/Round-8_0021185_edge.png,0.2725,0.26814896,0.003422163426876
4100,/tmp/DataSetCombined/Edges/Round-7_0053491_edge.png,0.1923,0.1912254,0.003422163426876
4101,/tmp/DataSetCombined/Edges/Round-5_0006449_edge.png,0.2825,0.27524084,0.003422163426876
4102,/tmp/DataSetCombined/Edges/Round-4_0020049_edge.png,0.1763,0.1807067,0.003422163426876
4103,/tmp/DataSetCombined/Edges/Round-3_0085425_edge.png,0.2248,0.22638533,0.003422163426876
4104,/tmp/DataSetCombined/Edges/Round-6_0055958_edge.png,0.2588,0.25401038,0.003422163426876
4105,/tmp/DataSetCombined/Edges/Round-9_0108333_edge.png,0.1719,0.17795116,0.003422163426876
4106,/tmp/DataSetCombined/Edges/Round-3_0015593_edge.png,0.1626,0.16825537,0.003422163426876
4107,/tmp/DataSetCombined/Edges/Round-9_0015655_edge.png,0.1485,0.15909494,0.003422163426876
4108,/tmp/DataSetCombined/Edges/Round-2_0058967_edge.png,0.376,0.37113744,0.003422163426876
4109,/tmp/DataSetCombined/Edges/Round-1_0048867_edge.png,0.3864,0.37981707,0.003422163426876
4110,/tmp/DataSetCombined/Edges/Round-6_0047138_edge.png,0.1903,0.19080672,0.003422163426876
4111,/tmp/DataSetCombined/Edges/Round-5_0006388_edge.png,0.1916,0.19112839,0.003422163426876
4112,/tmp/DataSetCombined/Edges/Round-8_0010529_edge.png,0.1775,0.1821647,0.003422163426876
4113,/tmp/DataSetCombined/Edges/Round-5_0037631_edge.png,0.1719,0.1768546,0.003422163426876
4114,/tmp/DataSetCombined/Edges/Round-5_0088650_edge.png,0.1723,0.17745589,0.003422163426876
4115,/tmp/DataSetCombined/Edges/Round-5_0012077_edge.png,0.258,0.2535546,0.003422163426876
4116,/tmp/DataSetCombined/Edges/Round-5_0090426_edge.png,0.3027,0.30102283,0.003422163426876
4117,/tmp/DataSetCombined/Edges/Round-7_0037177_edge.png,0.1717,0.17799322,0.003422163426876
4118,/tmp/DataSetCombined/Edges/Round-6_0100053_edge.png,0.3288,0.32866466,0.003422163426876
4119,/tmp/DataSetCombined/Edges/Round-7_0044069_edge.png,0.2022,0.20004764,0.003422163426876
4120,/tmp/DataSetCombined/Edges/Round-10_0023209_edge.png,0.2441,0.2434384,0.003422163426876
4121,/tmp/DataSetCombined/Edges/Round-6_0056078_edge.png,0.2126,0.20973137,0.003422163426876
4122,/tmp/DataSetCombined/Edges/Round-10_0192129_edge.png,0.2369,0.23862569,0.003422163426876
4123,/tmp/DataSetCombined/Edges/Round-8_0048858_edge.png,0.2286,0.23266637,0.003422163426876
4124,/tmp/DataSetCombined/Edges/Round-1_0172695_edge.png,0.1468,0.15926489,0.003422163426876
4125,/tmp/DataSetCombined/Edges/Round-1_0066334_edge.png,0.2304,0.23266631,0.003422163426876
4126,/tmp/DataSetCombined/Edges/Round-1_0081062_edge.png,0.2819,0.27735782,0.003422163426876
4127,/tmp/DataSetCombined/Edges/Round-8_0074491_edge.png,0.1731,0.17876028,0.003422163426876
4128,/tmp/DataSetCombined/Edges/Round-8_0006255_edge.png,0.1587,0.16666405,0.003422163426876
4129,/tmp/DataSetCombined/Edges/Round-7_0077691_edge.png,0.2272,0.23101327,0.003422163426876
4130,/tmp/DataSetCombined/Edges/Round-9_0144033_edge.png,0.2623,0.2559461,0.003422163426876
4131,/tmp/DataSetCombined/Edges/Round-8_0047491_edge.png,0.1959,0.19423182,0.003422163426876
4132,/tmp/DataSetCombined/Edges/Round-5_0014816_edge.png,0.167,0.17132217,0.003422163426876
4133,/tmp/DataSetCombined/Edges/Round-8_0073137_edge.png,0.2445,0.24356192,0.003422163426876
4134,/tmp/DataSetCombined/Edges/Round-10_0101469_edge.png,0.2066,0.20355284,0.003422163426876
4135,/tmp/DataSetCombined/Edges/Round-5_0028000_edge.png,0.255,0.25258082,0.003422163426876
4136,/tmp/DataSetCombined/Edges/Round-8_0029745_edge.png,0.2295,0.2331725,0.003422163426876
4137,/tmp/DataSetCombined/Edges/Round-9_0041722_edge.png,0.171,0.17644504,0.003422163426876
4138,/tmp/DataSetCombined/Edges/Round-1_0169956_edge.png,0.229,0.23243035,0.003422163426876
4139,/tmp/DataSetCombined/Edges/Round-7_0073206_edge.png,0.177,0.181654,0.003422163426876
4140,/tmp/DataSetCombined/Edges/Round-9_0031879_edge.png,0.1665,0.17132495,0.003422163426876
4141,/tmp/DataSetCombined/Edges/Round-1_0070708_edge.png,0.2268,0.23036878,0.003422163426876
4142,/tmp/DataSetCombined/Edges/Round-3_0071428_edge.png,0.1899,0.19036832,0.003422163426876
4143,/tmp/DataSetCombined/Edges/Round-3_0043134_edge.png,0.2849,0.28247023,0.003422163426876
4144,/tmp/DataSetCombined/Edges/Round-3_0027334_edge.png,0.2424,0.24223128,0.003422163426876
4145,/tmp/DataSetCombined/Edges/Round-5_0036036_edge.png,0.2373,0.23973376,0.003422163426876
4146,/tmp/DataSetCombined/Edges/Round-2_0068545_edge.png,0.225,0.22539659,0.003422163426876
4147,/tmp/DataSetCombined/Edges/Round-10_0047560_edge.png,0.2966,0.2971117,0.003422163426876
4148,/tmp/DataSetCombined/Edges/Round-8_0064239_edge.png,0.2791,0.2738544,0.003422163426876
4149,/tmp/DataSetCombined/Edges/Round-10_0131207_edge.png,0.1649,0.17217717,0.003422163426876
4150,/tmp/DataSetCombined/Edges/Round-9_0137619_edge.png,0.2268,0.23101275,0.003422163426876
4151,/tmp/DataSetCombined/Edges/Round-9_0051474_edge.png,0.2632,0.25710562,0.003422163426876
4152,/tmp/DataSetCombined/Edges/Round-2_0010600_edge.png,0.2446,0.24358325,0.003422163426876
4153,/tmp/DataSetCombined/Edges/Round-4_0029531_edge.png,0.2181,0.21599795,0.003422163426876
4154,/tmp/DataSetCombined/Edges/Round-9_0177742_edge.png,0.2288,0.23213643,0.003422163426876
4155,/tmp/DataSetCombined/Edges/Round-6_0029410_edge.png,0.1814,0.1838261,0.003422163426876
4156,/tmp/DataSetCombined/Edges/Round-8_0008645_edge.png,0.1868,0.18826881,0.003422163426876
4157,/tmp/DataSetCombined/Edges/Round-7_0052859_edge.png,0.1765,0.18035974,0.003422163426876
4158,/tmp/DataSetCombined/Edges/Round-9_0160615_edge.png,0.1932,0.19137226,0.003422163426876
4159,/tmp/DataSetCombined/Edges/Round-10_0112034_edge.png,0.2208,0.22179995,0.003422163426876
4160,/tmp/DataSetCombined/Edges/Round-7_0054575_edge.png,0.1833,0.1857111,1.205656713909573
4161,/tmp/DataSetCombined/Edges/Round-1_0131148_edge.png,0.2305,0.23230304,1.205656713909573
4162,/tmp/DataSetCombined/Edges/Round-1_0156231_edge.png,0.2247,0.22655687,1.205656713909573
4163,/tmp/DataSetCombined/Edges/Round-1_0077270_edge.png,0.1971,0.19573274,1.205656713909573
4164,/tmp/DataSetCombined/Edges/Round-8_0017091_edge.png,0.1735,0.17970817,1.205656713909573
4165,/tmp/DataSetCombined/Edges/Round-3_0058014_edge.png,0.1726,0.17794508,1.205656713909573
4166,/tmp/DataSetCombined/Edges/Round-4_0010418_edge.png,0.23,0.23237878,1.205656713909573
4167,/tmp/DataSetCombined/Edges/Round-10_0128558_edge.png,0.2449,0.24385662,1.205656713909573
4168,/tmp/DataSetCombined/Edges/Round-8_0056642_edge.png,0.2172,0.21460545,1.205656713909573
