True_Value,Predicted_Value,Prediction_Time_s
"tf.Tensor(64.1, shape=(), dtype=float32)",59.12,0.030255697667598724
"tf.Tensor(65.08, shape=(), dtype=float32)",60.47,0.030255697667598724
"tf.Tensor(8.04, shape=(), dtype=float32)",10.43,0.030255697667598724
"tf.Tensor(4.92, shape=(), dtype=float32)",3.416,0.030255697667598724
"tf.Tensor(9.26, shape=(), dtype=float32)",16.64,0.030255697667598724
"tf.Tensor(65.36, shape=(), dtype=float32)",61.22,0.030255697667598724
"tf.Tensor(3.21, shape=(), dtype=float32)",-1.665,0.030255697667598724
"tf.Tensor(6.76, shape=(), dtype=float32)",8.08,0.030255697667598724
"tf.Tensor(64.24, shape=(), dtype=float32)",64.56,0.030255697667598724
"tf.Tensor(2.92, shape=(), dtype=float32)",-2.295,0.030255697667598724
"tf.Tensor(20.63, shape=(), dtype=float32)",34.5,0.030255697667598724
"tf.Tensor(39.7, shape=(), dtype=float32)",50.88,0.030255697667598724
"tf.Tensor(3.76, shape=(), dtype=float32)",-0.3608,0.030255697667598724
"tf.Tensor(2.68, shape=(), dtype=float32)",-2.537,0.030255697667598724
"tf.Tensor(63.9, shape=(), dtype=float32)",63.66,0.030255697667598724
"tf.Tensor(21.05, shape=(), dtype=float32)",34.97,0.030255697667598724
"tf.Tensor(3.76, shape=(), dtype=float32)",0.4097,0.030255697667598724
"tf.Tensor(6.46, shape=(), dtype=float32)",6.56,0.030255697667598724
"tf.Tensor(11.01, shape=(), dtype=float32)",17.36,0.030255697667598724
"tf.Tensor(65.43, shape=(), dtype=float32)",60.47,0.030255697667598724
"tf.Tensor(5.17, shape=(), dtype=float32)",4.582,0.030255697667598724
"tf.Tensor(8.65, shape=(), dtype=float32)",12.1,0.030255697667598724
"tf.Tensor(65.13, shape=(), dtype=float32)",58.72,0.030255697667598724
"tf.Tensor(61.69, shape=(), dtype=float32)",63.22,0.030255697667598724
"tf.Tensor(29.45, shape=(), dtype=float32)",44.34,0.030255697667598724
"tf.Tensor(6.53, shape=(), dtype=float32)",6.277,0.030255697667598724
"tf.Tensor(9.78, shape=(), dtype=float32)",14.77,0.030255697667598724
"tf.Tensor(6.85, shape=(), dtype=float32)",8.19,0.030255697667598724
"tf.Tensor(3.53, shape=(), dtype=float32)",-1.041,0.030255697667598724
"tf.Tensor(8.76, shape=(), dtype=float32)",11.04,0.030255697667598724
"tf.Tensor(65.25, shape=(), dtype=float32)",61.9,0.030255697667598724
"tf.Tensor(8.06, shape=(), dtype=float32)",11.73,0.030255697667598724
"tf.Tensor(49.14, shape=(), dtype=float32)",48.12,0.0037240907549858093
"tf.Tensor(5.19, shape=(), dtype=float32)",2.936,0.0037240907549858093
"tf.Tensor(2.68, shape=(), dtype=float32)",-2.316,0.0037240907549858093
"tf.Tensor(4.74, shape=(), dtype=float32)",2.47,0.0037240907549858093
"tf.Tensor(10.29, shape=(), dtype=float32)",15.484,0.0037240907549858093
"tf.Tensor(64.99, shape=(), dtype=float32)",59.2,0.0037240907549858093
"tf.Tensor(3.78, shape=(), dtype=float32)",-0.4492,0.0037240907549858093
"tf.Tensor(2.46, shape=(), dtype=float32)",-3.172,0.0037240907549858093
"tf.Tensor(61.68, shape=(), dtype=float32)",59.4,0.0037240907549858093
"tf.Tensor(4.27, shape=(), dtype=float32)",0.7803,0.0037240907549858093
"tf.Tensor(6.31, shape=(), dtype=float32)",6.32,0.0037240907549858093
"tf.Tensor(63.73, shape=(), dtype=float32)",60.25,0.0037240907549858093
"tf.Tensor(65.5, shape=(), dtype=float32)",61.25,0.0037240907549858093
"tf.Tensor(60.14, shape=(), dtype=float32)",62.62,0.0037240907549858093
"tf.Tensor(59.76, shape=(), dtype=float32)",55.5,0.0037240907549858093
"tf.Tensor(64.42, shape=(), dtype=float32)",63.7,0.0037240907549858093
"tf.Tensor(5.87, shape=(), dtype=float32)",5.203,0.0037240907549858093
"tf.Tensor(4.02, shape=(), dtype=float32)",0.351,0.0037240907549858093
"tf.Tensor(64.17, shape=(), dtype=float32)",59.3,0.0037240907549858093
"tf.Tensor(64.25, shape=(), dtype=float32)",60.9,0.0037240907549858093
"tf.Tensor(9.2, shape=(), dtype=float32)",11.76,0.0037240907549858093
"tf.Tensor(65.06, shape=(), dtype=float32)",58.94,0.0037240907549858093
"tf.Tensor(35.55, shape=(), dtype=float32)",46.66,0.0037240907549858093
"tf.Tensor(65.31, shape=(), dtype=float32)",61.97,0.0037240907549858093
"tf.Tensor(5.67, shape=(), dtype=float32)",5.6,0.0037240907549858093
"tf.Tensor(45.45, shape=(), dtype=float32)",50.0,0.0037240907549858093
"tf.Tensor(43.95, shape=(), dtype=float32)",53.97,0.0037240907549858093
"tf.Tensor(32.4, shape=(), dtype=float32)",40.97,0.0037240907549858093
"tf.Tensor(46.85, shape=(), dtype=float32)",53.8,0.0037240907549858093
"tf.Tensor(2.93, shape=(), dtype=float32)",-2.262,0.0037240907549858093
"tf.Tensor(58.69, shape=(), dtype=float32)",59.06,0.0037240907549858093
"tf.Tensor(3.22, shape=(), dtype=float32)",-1.279,0.0037240907549858093
"tf.Tensor(3.17, shape=(), dtype=float32)",-1.698,0.00364762544631958
"tf.Tensor(4.17, shape=(), dtype=float32)",-0.2086,0.00364762544631958
"tf.Tensor(4.51, shape=(), dtype=float32)",1.195,0.00364762544631958
"tf.Tensor(8.58, shape=(), dtype=float32)",12.63,0.00364762544631958
"tf.Tensor(53.4, shape=(), dtype=float32)",60.38,0.00364762544631958
"tf.Tensor(8.32, shape=(), dtype=float32)",10.43,0.00364762544631958
"tf.Tensor(28.97, shape=(), dtype=float32)",40.4,0.00364762544631958
"tf.Tensor(58.49, shape=(), dtype=float32)",58.94,0.00364762544631958
"tf.Tensor(47.71, shape=(), dtype=float32)",54.62,0.00364762544631958
"tf.Tensor(8.63, shape=(), dtype=float32)",10.695,0.00364762544631958
"tf.Tensor(64.69, shape=(), dtype=float32)",61.56,0.00364762544631958
"tf.Tensor(62.18, shape=(), dtype=float32)",63.78,0.00364762544631958
"tf.Tensor(3.99, shape=(), dtype=float32)",-0.4297,0.00364762544631958
"tf.Tensor(9.38, shape=(), dtype=float32)",11.89,0.00364762544631958
"tf.Tensor(53.55, shape=(), dtype=float32)",57.16,0.00364762544631958
"tf.Tensor(3.0, shape=(), dtype=float32)",-2.373,0.00364762544631958
"tf.Tensor(6.87, shape=(), dtype=float32)",7.48,0.00364762544631958
"tf.Tensor(7.9, shape=(), dtype=float32)",11.34,0.00364762544631958
"tf.Tensor(61.52, shape=(), dtype=float32)",60.88,0.00364762544631958
"tf.Tensor(65.18, shape=(), dtype=float32)",62.06,0.00364762544631958
"tf.Tensor(62.34, shape=(), dtype=float32)",58.7,0.00364762544631958
"tf.Tensor(60.54, shape=(), dtype=float32)",58.4,0.00364762544631958
"tf.Tensor(63.87, shape=(), dtype=float32)",62.0,0.00364762544631958
"tf.Tensor(3.52, shape=(), dtype=float32)",-1.144,0.00364762544631958
"tf.Tensor(65.27, shape=(), dtype=float32)",61.75,0.00364762544631958
"tf.Tensor(5.65, shape=(), dtype=float32)",5.254,0.00364762544631958
"tf.Tensor(56.88, shape=(), dtype=float32)",59.03,0.00364762544631958
"tf.Tensor(4.88, shape=(), dtype=float32)",3.45,0.00364762544631958
"tf.Tensor(8.2, shape=(), dtype=float32)",10.02,0.00364762544631958
"tf.Tensor(63.83, shape=(), dtype=float32)",62.7,0.00364762544631958
"tf.Tensor(64.41, shape=(), dtype=float32)",63.9,0.00364762544631958
"tf.Tensor(64.84, shape=(), dtype=float32)",59.03,0.00364762544631958
"tf.Tensor(5.97, shape=(), dtype=float32)",5.996,0.00376012921333313
"tf.Tensor(3.47, shape=(), dtype=float32)",-0.502,0.00376012921333313
"tf.Tensor(64.01, shape=(), dtype=float32)",59.1,0.00376012921333313
"tf.Tensor(40.26, shape=(), dtype=float32)",45.66,0.00376012921333313
"tf.Tensor(65.45, shape=(), dtype=float32)",61.3,0.00376012921333313
"tf.Tensor(7.42, shape=(), dtype=float32)",10.29,0.00376012921333313
"tf.Tensor(4.31, shape=(), dtype=float32)",0.4277,0.00376012921333313
"tf.Tensor(10.1, shape=(), dtype=float32)",14.31,0.00376012921333313
"tf.Tensor(64.67, shape=(), dtype=float32)",61.53,0.00376012921333313
"tf.Tensor(3.79, shape=(), dtype=float32)",-1.351,0.00376012921333313
"tf.Tensor(9.82, shape=(), dtype=float32)",15.04,0.00376012921333313
"tf.Tensor(3.99, shape=(), dtype=float32)",0.5835,0.00376012921333313
"tf.Tensor(20.01, shape=(), dtype=float32)",31.03,0.00376012921333313
"tf.Tensor(63.98, shape=(), dtype=float32)",59.3,0.00376012921333313
"tf.Tensor(46.14, shape=(), dtype=float32)",49.53,0.00376012921333313
"tf.Tensor(31.34, shape=(), dtype=float32)",46.34,0.00376012921333313
"tf.Tensor(8.72, shape=(), dtype=float32)",10.51,0.00376012921333313
"tf.Tensor(6.13, shape=(), dtype=float32)",6.66,0.00376012921333313
"tf.Tensor(28.46, shape=(), dtype=float32)",43.9,0.00376012921333313
"tf.Tensor(2.7, shape=(), dtype=float32)",-2.395,0.00376012921333313
"tf.Tensor(63.95, shape=(), dtype=float32)",62.1,0.00376012921333313
"tf.Tensor(4.59, shape=(), dtype=float32)",3.264,0.00376012921333313
"tf.Tensor(65.28, shape=(), dtype=float32)",61.06,0.00376012921333313
"tf.Tensor(4.37, shape=(), dtype=float32)",2.057,0.00376012921333313
"tf.Tensor(64.19, shape=(), dtype=float32)",60.5,0.00376012921333313
"tf.Tensor(63.9, shape=(), dtype=float32)",61.8,0.00376012921333313
"tf.Tensor(21.57, shape=(), dtype=float32)",34.16,0.00376012921333313
"tf.Tensor(9.62, shape=(), dtype=float32)",14.04,0.00376012921333313
"tf.Tensor(53.9, shape=(), dtype=float32)",60.06,0.00376012921333313
"tf.Tensor(5.05, shape=(), dtype=float32)",3.73,0.00376012921333313
"tf.Tensor(63.99, shape=(), dtype=float32)",60.44,0.00376012921333313
"tf.Tensor(38.95, shape=(), dtype=float32)",50.78,0.00376012921333313
"tf.Tensor(5.29, shape=(), dtype=float32)",3.975,0.003701940178871155
"tf.Tensor(8.98, shape=(), dtype=float32)",11.195,0.003701940178871155
"tf.Tensor(2.63, shape=(), dtype=float32)",-2.807,0.003701940178871155
"tf.Tensor(63.46, shape=(), dtype=float32)",61.3,0.003701940178871155
"tf.Tensor(6.62, shape=(), dtype=float32)",8.055,0.003701940178871155
"tf.Tensor(45.05, shape=(), dtype=float32)",52.44,0.003701940178871155
"tf.Tensor(4.88, shape=(), dtype=float32)",3.047,0.003701940178871155
"tf.Tensor(59.35, shape=(), dtype=float32)",60.9,0.003701940178871155
"tf.Tensor(63.71, shape=(), dtype=float32)",60.53,0.003701940178871155
"tf.Tensor(3.82, shape=(), dtype=float32)",0.12476,0.003701940178871155
"tf.Tensor(7.3, shape=(), dtype=float32)",9.555,0.003701940178871155
"tf.Tensor(16.24, shape=(), dtype=float32)",28.2,0.003701940178871155
"tf.Tensor(4.17, shape=(), dtype=float32)",0.838,0.003701940178871155
"tf.Tensor(6.25, shape=(), dtype=float32)",6.336,0.003701940178871155
"tf.Tensor(64.11, shape=(), dtype=float32)",63.6,0.003701940178871155
"tf.Tensor(3.29, shape=(), dtype=float32)",-1.111,0.003701940178871155
"tf.Tensor(64.08, shape=(), dtype=float32)",62.16,0.003701940178871155
"tf.Tensor(9.66, shape=(), dtype=float32)",15.43,0.003701940178871155
"tf.Tensor(6.69, shape=(), dtype=float32)",8.55,0.003701940178871155
"tf.Tensor(64.03, shape=(), dtype=float32)",61.44,0.003701940178871155
"tf.Tensor(2.59, shape=(), dtype=float32)",-2.623,0.003701940178871155
"tf.Tensor(8.06, shape=(), dtype=float32)",12.18,0.003701940178871155
"tf.Tensor(59.03, shape=(), dtype=float32)",59.56,0.003701940178871155
"tf.Tensor(3.81, shape=(), dtype=float32)",1.014,0.003701940178871155
"tf.Tensor(4.56, shape=(), dtype=float32)",1.836,0.003701940178871155
"tf.Tensor(7.65, shape=(), dtype=float32)",10.24,0.003701940178871155
"tf.Tensor(7.17, shape=(), dtype=float32)",9.76,0.003701940178871155
"tf.Tensor(4.57, shape=(), dtype=float32)",2.916,0.003701940178871155
"tf.Tensor(7.51, shape=(), dtype=float32)",9.98,0.003701940178871155
"tf.Tensor(3.05, shape=(), dtype=float32)",-2.375,0.003701940178871155
"tf.Tensor(12.76, shape=(), dtype=float32)",20.72,0.003701940178871155
"tf.Tensor(64.12, shape=(), dtype=float32)",59.9,0.003701940178871155
"tf.Tensor(61.14, shape=(), dtype=float32)",63.34,0.0036469027400016785
"tf.Tensor(56.88, shape=(), dtype=float32)",59.5,0.0036469027400016785
"tf.Tensor(3.9, shape=(), dtype=float32)",0.4297,0.0036469027400016785
"tf.Tensor(64.15, shape=(), dtype=float32)",59.2,0.0036469027400016785
"tf.Tensor(63.78, shape=(), dtype=float32)",61.94,0.0036469027400016785
"tf.Tensor(3.27, shape=(), dtype=float32)",-2.057,0.0036469027400016785
"tf.Tensor(4.19, shape=(), dtype=float32)",0.213,0.0036469027400016785
"tf.Tensor(33.46, shape=(), dtype=float32)",46.44,0.0036469027400016785
"tf.Tensor(4.14, shape=(), dtype=float32)",-0.1813,0.0036469027400016785
"tf.Tensor(7.42, shape=(), dtype=float32)",8.586,0.0036469027400016785
"tf.Tensor(9.33, shape=(), dtype=float32)",12.9,0.0036469027400016785
"tf.Tensor(3.88, shape=(), dtype=float32)",0.812,0.0036469027400016785
"tf.Tensor(50.8, shape=(), dtype=float32)",60.03,0.0036469027400016785
"tf.Tensor(14.04, shape=(), dtype=float32)",25.34,0.0036469027400016785
"tf.Tensor(5.17, shape=(), dtype=float32)",4.207,0.0036469027400016785
"tf.Tensor(65.37, shape=(), dtype=float32)",61.97,0.0036469027400016785
"tf.Tensor(8.3, shape=(), dtype=float32)",11.4,0.0036469027400016785
"tf.Tensor(48.25, shape=(), dtype=float32)",53.22,0.0036469027400016785
"tf.Tensor(8.77, shape=(), dtype=float32)",13.945,0.0036469027400016785
"tf.Tensor(61.79, shape=(), dtype=float32)",60.38,0.0036469027400016785
"tf.Tensor(36.85, shape=(), dtype=float32)",49.03,0.0036469027400016785
"tf.Tensor(4.05, shape=(), dtype=float32)",-0.2054,0.0036469027400016785
"tf.Tensor(61.51, shape=(), dtype=float32)",60.7,0.0036469027400016785
"tf.Tensor(4.1, shape=(), dtype=float32)",0.4995,0.0036469027400016785
"tf.Tensor(6.33, shape=(), dtype=float32)",6.93,0.0036469027400016785
"tf.Tensor(64.86, shape=(), dtype=float32)",61.12,0.0036469027400016785
"tf.Tensor(62.64, shape=(), dtype=float32)",59.66,0.0036469027400016785
"tf.Tensor(59.63, shape=(), dtype=float32)",56.9,0.0036469027400016785
"tf.Tensor(23.11, shape=(), dtype=float32)",37.6,0.0036469027400016785
"tf.Tensor(64.08, shape=(), dtype=float32)",61.38,0.0036469027400016785
"tf.Tensor(65.34, shape=(), dtype=float32)",62.1,0.0036469027400016785
"tf.Tensor(4.14, shape=(), dtype=float32)",-0.2145,0.0036469027400016785
"tf.Tensor(3.22, shape=(), dtype=float32)",-1.159,0.0036792904138565063
"tf.Tensor(63.78, shape=(), dtype=float32)",60.3,0.0036792904138565063
"tf.Tensor(3.83, shape=(), dtype=float32)",0.726,0.0036792904138565063
"tf.Tensor(5.63, shape=(), dtype=float32)",4.598,0.0036792904138565063
"tf.Tensor(43.75, shape=(), dtype=float32)",54.38,0.0036792904138565063
"tf.Tensor(3.25, shape=(), dtype=float32)",-1.614,0.0036792904138565063
"tf.Tensor(7.22, shape=(), dtype=float32)",8.87,0.0036792904138565063
"tf.Tensor(7.39, shape=(), dtype=float32)",9.79,0.0036792904138565063
"tf.Tensor(7.9, shape=(), dtype=float32)",9.445,0.0036792904138565063
"tf.Tensor(40.25, shape=(), dtype=float32)",52.44,0.0036792904138565063
"tf.Tensor(13.52, shape=(), dtype=float32)",23.77,0.0036792904138565063
"tf.Tensor(21.68, shape=(), dtype=float32)",37.44,0.0036792904138565063
"tf.Tensor(63.31, shape=(), dtype=float32)",63.53,0.0036792904138565063
"tf.Tensor(6.04, shape=(), dtype=float32)",6.465,0.0036792904138565063
"tf.Tensor(32.34, shape=(), dtype=float32)",47.8,0.0036792904138565063
"tf.Tensor(64.05, shape=(), dtype=float32)",59.8,0.0036792904138565063
"tf.Tensor(3.22, shape=(), dtype=float32)",-1.506,0.0036792904138565063
"tf.Tensor(16.82, shape=(), dtype=float32)",29.08,0.0036792904138565063
"tf.Tensor(7.97, shape=(), dtype=float32)",11.24,0.0036792904138565063
"tf.Tensor(63.34, shape=(), dtype=float32)",63.94,0.0036792904138565063
"tf.Tensor(14.83, shape=(), dtype=float32)",25.77,0.0036792904138565063
"tf.Tensor(15.43, shape=(), dtype=float32)",26.3,0.0036792904138565063
"tf.Tensor(51.3, shape=(), dtype=float32)",59.6,0.0036792904138565063
"tf.Tensor(3.96, shape=(), dtype=float32)",1.064,0.0036792904138565063
"tf.Tensor(7.03, shape=(), dtype=float32)",7.785,0.0036792904138565063
"tf.Tensor(2.36, shape=(), dtype=float32)",-3.78,0.0036792904138565063
"tf.Tensor(8.56, shape=(), dtype=float32)",11.984,0.0036792904138565063
"tf.Tensor(3.01, shape=(), dtype=float32)",-1.776,0.0036792904138565063
"tf.Tensor(65.1, shape=(), dtype=float32)",58.4,0.0036792904138565063
"tf.Tensor(65.01, shape=(), dtype=float32)",59.56,0.0036792904138565063
"tf.Tensor(52.38, shape=(), dtype=float32)",60.5,0.0036792904138565063
"tf.Tensor(64.28, shape=(), dtype=float32)",61.72,0.0036792904138565063
"tf.Tensor(5.84, shape=(), dtype=float32)",4.906,0.0036915168166160583
"tf.Tensor(62.55, shape=(), dtype=float32)",57.6,0.0036915168166160583
"tf.Tensor(6.31, shape=(), dtype=float32)",7.77,0.0036915168166160583
"tf.Tensor(3.32, shape=(), dtype=float32)",-2.025,0.0036915168166160583
"tf.Tensor(47.62, shape=(), dtype=float32)",58.47,0.0036915168166160583
"tf.Tensor(6.11, shape=(), dtype=float32)",5.344,0.0036915168166160583
"tf.Tensor(60.52, shape=(), dtype=float32)",63.38,0.0036915168166160583
"tf.Tensor(60.74, shape=(), dtype=float32)",59.25,0.0036915168166160583
"tf.Tensor(64.83, shape=(), dtype=float32)",58.8,0.0036915168166160583
"tf.Tensor(6.1, shape=(), dtype=float32)",6.918,0.0036915168166160583
"tf.Tensor(3.99, shape=(), dtype=float32)",0.3018,0.0036915168166160583
"tf.Tensor(1.98, shape=(), dtype=float32)",-4.35,0.0036915168166160583
"tf.Tensor(54.34, shape=(), dtype=float32)",50.22,0.0036915168166160583
"tf.Tensor(5.39, shape=(), dtype=float32)",4.61,0.0036915168166160583
"tf.Tensor(4.29, shape=(), dtype=float32)",0.598,0.0036915168166160583
"tf.Tensor(21.9, shape=(), dtype=float32)",37.8,0.0036915168166160583
"tf.Tensor(4.36, shape=(), dtype=float32)",1.279,0.0036915168166160583
"tf.Tensor(2.73, shape=(), dtype=float32)",-2.105,0.0036915168166160583
"tf.Tensor(3.57, shape=(), dtype=float32)",-0.484,0.0036915168166160583
"tf.Tensor(7.82, shape=(), dtype=float32)",11.23,0.0036915168166160583
"tf.Tensor(64.23, shape=(), dtype=float32)",58.7,0.0036915168166160583
"tf.Tensor(65.15, shape=(), dtype=float32)",61.12,0.0036915168166160583
"tf.Tensor(6.37, shape=(), dtype=float32)",6.69,0.0036915168166160583
"tf.Tensor(5.98, shape=(), dtype=float32)",4.58,0.0036915168166160583
"tf.Tensor(5.61, shape=(), dtype=float32)",4.688,0.0036915168166160583
"tf.Tensor(7.25, shape=(), dtype=float32)",8.984,0.0036915168166160583
"tf.Tensor(50.78, shape=(), dtype=float32)",59.9,0.0036915168166160583
"tf.Tensor(11.97, shape=(), dtype=float32)",0.27,0.0036915168166160583
"tf.Tensor(7.59, shape=(), dtype=float32)",9.68,0.0036915168166160583
"tf.Tensor(4.9, shape=(), dtype=float32)",3.762,0.0036915168166160583
"tf.Tensor(6.05, shape=(), dtype=float32)",5.887,0.0036915168166160583
"tf.Tensor(5.98, shape=(), dtype=float32)",5.953,0.0036915168166160583
"tf.Tensor(64.63, shape=(), dtype=float32)",61.44,0.004020072519779205
"tf.Tensor(38.11, shape=(), dtype=float32)",53.12,0.004020072519779205
"tf.Tensor(2.86, shape=(), dtype=float32)",-1.566,0.004020072519779205
"tf.Tensor(55.42, shape=(), dtype=float32)",51.53,0.004020072519779205
"tf.Tensor(5.79, shape=(), dtype=float32)",6.4,0.004020072519779205
"tf.Tensor(55.76, shape=(), dtype=float32)",60.8,0.004020072519779205
"tf.Tensor(65.44, shape=(), dtype=float32)",61.03,0.004020072519779205
"tf.Tensor(5.36, shape=(), dtype=float32)",4.18,0.004020072519779205
"tf.Tensor(11.97, shape=(), dtype=float32)",0.579,0.004020072519779205
"tf.Tensor(7.43, shape=(), dtype=float32)",9.42,0.004020072519779205
"tf.Tensor(3.43, shape=(), dtype=float32)",-1.068,0.004020072519779205
"tf.Tensor(4.92, shape=(), dtype=float32)",3.723,0.004020072519779205
"tf.Tensor(22.31, shape=(), dtype=float32)",38.78,0.004020072519779205
"tf.Tensor(39.72, shape=(), dtype=float32)",51.47,0.004020072519779205
"tf.Tensor(3.31, shape=(), dtype=float32)",-1.643,0.004020072519779205
"tf.Tensor(5.3, shape=(), dtype=float32)",3.982,0.004020072519779205
"tf.Tensor(49.12, shape=(), dtype=float32)",58.1,0.004020072519779205
"tf.Tensor(58.13, shape=(), dtype=float32)",60.25,0.004020072519779205
"tf.Tensor(8.78, shape=(), dtype=float32)",10.57,0.004020072519779205
"tf.Tensor(6.47, shape=(), dtype=float32)",6.395,0.004020072519779205
"tf.Tensor(9.23, shape=(), dtype=float32)",12.61,0.004020072519779205
"tf.Tensor(2.98, shape=(), dtype=float32)",-1.883,0.004020072519779205
"tf.Tensor(40.2, shape=(), dtype=float32)",53.47,0.004020072519779205
"tf.Tensor(51.67, shape=(), dtype=float32)",60.88,0.004020072519779205
"tf.Tensor(11.91, shape=(), dtype=float32)",20.16,0.004020072519779205
"tf.Tensor(8.22, shape=(), dtype=float32)",12.18,0.004020072519779205
"tf.Tensor(58.72, shape=(), dtype=float32)",55.84,0.004020072519779205
"tf.Tensor(6.24, shape=(), dtype=float32)",6.16,0.004020072519779205
"tf.Tensor(2.99, shape=(), dtype=float32)",-1.71,0.004020072519779205
"tf.Tensor(7.11, shape=(), dtype=float32)",8.1,0.004020072519779205
"tf.Tensor(65.38, shape=(), dtype=float32)",60.78,0.004020072519779205
"tf.Tensor(52.54, shape=(), dtype=float32)",59.97,0.004020072519779205
"tf.Tensor(4.12, shape=(), dtype=float32)",0.792,0.004023902118206024
"tf.Tensor(10.99, shape=(), dtype=float32)",17.8,0.004023902118206024
"tf.Tensor(40.26, shape=(), dtype=float32)",45.94,0.004023902118206024
"tf.Tensor(9.09, shape=(), dtype=float32)",12.164,0.004023902118206024
"tf.Tensor(63.72, shape=(), dtype=float32)",61.78,0.004023902118206024
"tf.Tensor(64.26, shape=(), dtype=float32)",58.72,0.004023902118206024
"tf.Tensor(23.95, shape=(), dtype=float32)",40.38,0.004023902118206024
"tf.Tensor(2.51, shape=(), dtype=float32)",-2.926,0.004023902118206024
"tf.Tensor(3.6, shape=(), dtype=float32)",-0.916,0.004023902118206024
"tf.Tensor(6.49, shape=(), dtype=float32)",6.645,0.004023902118206024
"tf.Tensor(63.77, shape=(), dtype=float32)",61.16,0.004023902118206024
"tf.Tensor(64.15, shape=(), dtype=float32)",60.56,0.004023902118206024
"tf.Tensor(3.81, shape=(), dtype=float32)",-0.1459,0.004023902118206024
"tf.Tensor(65.14, shape=(), dtype=float32)",60.38,0.004023902118206024
"tf.Tensor(29.17, shape=(), dtype=float32)",43.22,0.004023902118206024
"tf.Tensor(57.37, shape=(), dtype=float32)",62.3,0.004023902118206024
"tf.Tensor(64.29, shape=(), dtype=float32)",59.75,0.004023902118206024
"tf.Tensor(55.22, shape=(), dtype=float32)",56.0,0.004023902118206024
"tf.Tensor(63.88, shape=(), dtype=float32)",60.06,0.004023902118206024
"tf.Tensor(64.35, shape=(), dtype=float32)",58.78,0.004023902118206024
"tf.Tensor(64.42, shape=(), dtype=float32)",63.22,0.004023902118206024
"tf.Tensor(65.27, shape=(), dtype=float32)",61.3,0.004023902118206024
"tf.Tensor(2.69, shape=(), dtype=float32)",-2.824,0.004023902118206024
"tf.Tensor(6.93, shape=(), dtype=float32)",8.57,0.004023902118206024
"tf.Tensor(5.48, shape=(), dtype=float32)",4.715,0.004023902118206024
"tf.Tensor(65.01, shape=(), dtype=float32)",59.7,0.004023902118206024
"tf.Tensor(65.06, shape=(), dtype=float32)",58.94,0.004023902118206024
"tf.Tensor(8.58, shape=(), dtype=float32)",12.63,0.004023902118206024
"tf.Tensor(6.13, shape=(), dtype=float32)",6.395,0.004023902118206024
"tf.Tensor(9.51, shape=(), dtype=float32)",14.336,0.004023902118206024
"tf.Tensor(65.22, shape=(), dtype=float32)",59.4,0.004023902118206024
"tf.Tensor(64.22, shape=(), dtype=float32)",59.28,0.004023902118206024
"tf.Tensor(64.48, shape=(), dtype=float32)",61.75,0.0037064403295516968
"tf.Tensor(52.91, shape=(), dtype=float32)",57.0,0.0037064403295516968
"tf.Tensor(59.87, shape=(), dtype=float32)",62.06,0.0037064403295516968
"tf.Tensor(5.46, shape=(), dtype=float32)",3.379,0.0037064403295516968
"tf.Tensor(6.24, shape=(), dtype=float32)",5.76,0.0037064403295516968
"tf.Tensor(63.87, shape=(), dtype=float32)",60.97,0.0037064403295516968
"tf.Tensor(5.36, shape=(), dtype=float32)",3.957,0.0037064403295516968
"tf.Tensor(20.91, shape=(), dtype=float32)",34.06,0.0037064403295516968
"tf.Tensor(33.27, shape=(), dtype=float32)",45.7,0.0037064403295516968
"tf.Tensor(8.46, shape=(), dtype=float32)",11.65,0.0037064403295516968
"tf.Tensor(5.46, shape=(), dtype=float32)",3.902,0.0037064403295516968
"tf.Tensor(63.1, shape=(), dtype=float32)",63.25,0.0037064403295516968
"tf.Tensor(9.13, shape=(), dtype=float32)",12.234,0.0037064403295516968
"tf.Tensor(52.37, shape=(), dtype=float32)",51.66,0.0037064403295516968
"tf.Tensor(3.69, shape=(), dtype=float32)",-1.0205,0.0037064403295516968
"tf.Tensor(2.92, shape=(), dtype=float32)",-2.293,0.0037064403295516968
"tf.Tensor(3.08, shape=(), dtype=float32)",-1.651,0.0037064403295516968
"tf.Tensor(3.38, shape=(), dtype=float32)",-0.5366,0.0037064403295516968
"tf.Tensor(6.99, shape=(), dtype=float32)",7.023,0.0037064403295516968
"tf.Tensor(7.67, shape=(), dtype=float32)",10.85,0.0037064403295516968
"tf.Tensor(2.52, shape=(), dtype=float32)",-3.273,0.0037064403295516968
"tf.Tensor(2.96, shape=(), dtype=float32)",-1.784,0.0037064403295516968
"tf.Tensor(5.86, shape=(), dtype=float32)",5.03,0.0037064403295516968
"tf.Tensor(64.05, shape=(), dtype=float32)",58.72,0.0037064403295516968
"tf.Tensor(65.14, shape=(), dtype=float32)",60.66,0.0037064403295516968
"tf.Tensor(7.56, shape=(), dtype=float32)",9.87,0.0037064403295516968
"tf.Tensor(64.75, shape=(), dtype=float32)",61.3,0.0037064403295516968
"tf.Tensor(3.57, shape=(), dtype=float32)",-0.71,0.0037064403295516968
"tf.Tensor(55.88, shape=(), dtype=float32)",52.12,0.0037064403295516968
"tf.Tensor(64.9, shape=(), dtype=float32)",59.1,0.0037064403295516968
"tf.Tensor(65.38, shape=(), dtype=float32)",58.6,0.0037064403295516968
"tf.Tensor(8.67, shape=(), dtype=float32)",10.53,0.0037064403295516968
"tf.Tensor(22.72, shape=(), dtype=float32)",36.6,0.00376708060503006
"tf.Tensor(53.35, shape=(), dtype=float32)",56.75,0.00376708060503006
"tf.Tensor(3.73, shape=(), dtype=float32)",-0.3306,0.00376708060503006
"tf.Tensor(10.12, shape=(), dtype=float32)",16.39,0.00376708060503006
"tf.Tensor(31.99, shape=(), dtype=float32)",45.7,0.00376708060503006
"tf.Tensor(54.65, shape=(), dtype=float32)",50.7,0.00376708060503006
"tf.Tensor(65.27, shape=(), dtype=float32)",60.56,0.00376708060503006
"tf.Tensor(4.97, shape=(), dtype=float32)",3.246,0.00376708060503006
"tf.Tensor(56.56, shape=(), dtype=float32)",62.78,0.00376708060503006
"tf.Tensor(64.23, shape=(), dtype=float32)",63.56,0.00376708060503006
"tf.Tensor(64.99, shape=(), dtype=float32)",60.9,0.00376708060503006
"tf.Tensor(8.15, shape=(), dtype=float32)",11.58,0.00376708060503006
"tf.Tensor(3.76, shape=(), dtype=float32)",-0.1981,0.00376708060503006
"tf.Tensor(4.15, shape=(), dtype=float32)",1.191,0.00376708060503006
"tf.Tensor(64.9, shape=(), dtype=float32)",59.9,0.00376708060503006
"tf.Tensor(6.13, shape=(), dtype=float32)",5.957,0.00376708060503006
"tf.Tensor(4.65, shape=(), dtype=float32)",1.537,0.00376708060503006
"tf.Tensor(6.7, shape=(), dtype=float32)",8.39,0.00376708060503006
"tf.Tensor(46.08, shape=(), dtype=float32)",47.34,0.00376708060503006
"tf.Tensor(6.99, shape=(), dtype=float32)",7.703,0.00376708060503006
"tf.Tensor(2.75, shape=(), dtype=float32)",-2.867,0.00376708060503006
"tf.Tensor(4.69, shape=(), dtype=float32)",2.8,0.00376708060503006
"tf.Tensor(64.13, shape=(), dtype=float32)",62.34,0.00376708060503006
"tf.Tensor(7.27, shape=(), dtype=float32)",8.766,0.00376708060503006
"tf.Tensor(61.77, shape=(), dtype=float32)",58.47,0.00376708060503006
"tf.Tensor(7.39, shape=(), dtype=float32)",8.74,0.00376708060503006
"tf.Tensor(9.83, shape=(), dtype=float32)",14.445,0.00376708060503006
"tf.Tensor(63.53, shape=(), dtype=float32)",58.62,0.00376708060503006
"tf.Tensor(8.19, shape=(), dtype=float32)",12.055,0.00376708060503006
"tf.Tensor(55.58, shape=(), dtype=float32)",56.8,0.00376708060503006
"tf.Tensor(41.17, shape=(), dtype=float32)",54.8,0.00376708060503006
"tf.Tensor(64.51, shape=(), dtype=float32)",61.53,0.00376708060503006
"tf.Tensor(65.21, shape=(), dtype=float32)",61.84,0.003712795674800873
"tf.Tensor(64.9, shape=(), dtype=float32)",60.28,0.003712795674800873
"tf.Tensor(4.81, shape=(), dtype=float32)",2.762,0.003712795674800873
"tf.Tensor(8.3, shape=(), dtype=float32)",11.98,0.003712795674800873
"tf.Tensor(27.09, shape=(), dtype=float32)",43.25,0.003712795674800873
"tf.Tensor(11.33, shape=(), dtype=float32)",19.8,0.003712795674800873
"tf.Tensor(33.79, shape=(), dtype=float32)",49.8,0.003712795674800873
"tf.Tensor(5.51, shape=(), dtype=float32)",5.36,0.003712795674800873
"tf.Tensor(2.74, shape=(), dtype=float32)",-2.852,0.003712795674800873
"tf.Tensor(64.11, shape=(), dtype=float32)",59.84,0.003712795674800873
"tf.Tensor(64.49, shape=(), dtype=float32)",60.97,0.003712795674800873
"tf.Tensor(64.11, shape=(), dtype=float32)",58.88,0.003712795674800873
"tf.Tensor(9.36, shape=(), dtype=float32)",12.99,0.003712795674800873
"tf.Tensor(5.58, shape=(), dtype=float32)",5.35,0.003712795674800873
"tf.Tensor(65.25, shape=(), dtype=float32)",60.44,0.003712795674800873
"tf.Tensor(50.68, shape=(), dtype=float32)",56.34,0.003712795674800873
"tf.Tensor(9.18, shape=(), dtype=float32)",11.27,0.003712795674800873
"tf.Tensor(5.75, shape=(), dtype=float32)",4.668,0.003712795674800873
"tf.Tensor(57.68, shape=(), dtype=float32)",58.06,0.003712795674800873
"tf.Tensor(6.34, shape=(), dtype=float32)",5.51,0.003712795674800873
"tf.Tensor(64.75, shape=(), dtype=float32)",58.7,0.003712795674800873
"tf.Tensor(2.66, shape=(), dtype=float32)",-2.348,0.003712795674800873
"tf.Tensor(48.25, shape=(), dtype=float32)",58.78,0.003712795674800873
"tf.Tensor(64.32, shape=(), dtype=float32)",58.9,0.003712795674800873
"tf.Tensor(2.77, shape=(), dtype=float32)",-2.305,0.003712795674800873
"tf.Tensor(3.58, shape=(), dtype=float32)",-0.83,0.003712795674800873
"tf.Tensor(14.4, shape=(), dtype=float32)",25.31,0.003712795674800873
"tf.Tensor(63.67, shape=(), dtype=float32)",62.1,0.003712795674800873
"tf.Tensor(7.41, shape=(), dtype=float32)",9.02,0.003712795674800873
"tf.Tensor(65.29, shape=(), dtype=float32)",60.97,0.003712795674800873
"tf.Tensor(52.78, shape=(), dtype=float32)",55.1,0.003712795674800873
"tf.Tensor(64.49, shape=(), dtype=float32)",61.53,0.003712795674800873
"tf.Tensor(63.85, shape=(), dtype=float32)",58.94,0.003967359662055969
"tf.Tensor(52.03, shape=(), dtype=float32)",55.47,0.003967359662055969
"tf.Tensor(19.63, shape=(), dtype=float32)",35.75,0.003967359662055969
"tf.Tensor(2.48, shape=(), dtype=float32)",-3.035,0.003967359662055969
"tf.Tensor(63.89, shape=(), dtype=float32)",62.0,0.003967359662055969
"tf.Tensor(24.24, shape=(), dtype=float32)",38.34,0.003967359662055969
"tf.Tensor(52.56, shape=(), dtype=float32)",56.75,0.003967359662055969
"tf.Tensor(7.53, shape=(), dtype=float32)",10.02,0.003967359662055969
"tf.Tensor(36.54, shape=(), dtype=float32)",49.38,0.003967359662055969
"tf.Tensor(47.92, shape=(), dtype=float32)",53.22,0.003967359662055969
"tf.Tensor(3.77, shape=(), dtype=float32)",-0.4292,0.003967359662055969
"tf.Tensor(7.38, shape=(), dtype=float32)",9.086,0.003967359662055969
"tf.Tensor(9.72, shape=(), dtype=float32)",13.664,0.003967359662055969
"tf.Tensor(61.1, shape=(), dtype=float32)",60.53,0.003967359662055969
"tf.Tensor(64.58, shape=(), dtype=float32)",61.25,0.003967359662055969
"tf.Tensor(57.15, shape=(), dtype=float32)",53.03,0.003967359662055969
"tf.Tensor(41.74, shape=(), dtype=float32)",52.56,0.003967359662055969
"tf.Tensor(57.68, shape=(), dtype=float32)",56.03,0.003967359662055969
"tf.Tensor(65.24, shape=(), dtype=float32)",60.72,0.003967359662055969
"tf.Tensor(6.09, shape=(), dtype=float32)",6.88,0.003967359662055969
"tf.Tensor(5.82, shape=(), dtype=float32)",5.89,0.003967359662055969
"tf.Tensor(7.11, shape=(), dtype=float32)",8.99,0.003967359662055969
"tf.Tensor(15.73, shape=(), dtype=float32)",28.78,0.003967359662055969
"tf.Tensor(63.35, shape=(), dtype=float32)",60.12,0.003967359662055969
"tf.Tensor(3.64, shape=(), dtype=float32)",-0.1451,0.003967359662055969
"tf.Tensor(2.93, shape=(), dtype=float32)",-2.47,0.003967359662055969
"tf.Tensor(64.51, shape=(), dtype=float32)",63.6,0.003967359662055969
"tf.Tensor(35.49, shape=(), dtype=float32)",47.9,0.003967359662055969
"tf.Tensor(56.17, shape=(), dtype=float32)",52.44,0.003967359662055969
"tf.Tensor(32.09, shape=(), dtype=float32)",43.78,0.003967359662055969
"tf.Tensor(54.6, shape=(), dtype=float32)",61.9,0.003967359662055969
"tf.Tensor(30.25, shape=(), dtype=float32)",45.2,0.003967359662055969
"tf.Tensor(8.56, shape=(), dtype=float32)",12.82,0.004104495048522949
"tf.Tensor(6.6, shape=(), dtype=float32)",7.035,0.004104495048522949
"tf.Tensor(3.27, shape=(), dtype=float32)",-1.057,0.004104495048522949
"tf.Tensor(45.29, shape=(), dtype=float32)",56.66,0.004104495048522949
"tf.Tensor(44.38, shape=(), dtype=float32)",52.94,0.004104495048522949
"tf.Tensor(8.2, shape=(), dtype=float32)",11.07,0.004104495048522949
"tf.Tensor(11.42, shape=(), dtype=float32)",16.3,0.004104495048522949
"tf.Tensor(2.8, shape=(), dtype=float32)",-2.22,0.004104495048522949
"tf.Tensor(7.57, shape=(), dtype=float32)",9.9,0.004104495048522949
"tf.Tensor(5.45, shape=(), dtype=float32)",3.51,0.004104495048522949
"tf.Tensor(64.6, shape=(), dtype=float32)",61.62,0.004104495048522949
"tf.Tensor(64.44, shape=(), dtype=float32)",61.6,0.004104495048522949
"tf.Tensor(19.44, shape=(), dtype=float32)",32.53,0.004104495048522949
"tf.Tensor(3.02, shape=(), dtype=float32)",-1.689,0.004104495048522949
"tf.Tensor(63.65, shape=(), dtype=float32)",58.9,0.004104495048522949
"tf.Tensor(3.06, shape=(), dtype=float32)",-1.922,0.004104495048522949
"tf.Tensor(5.28, shape=(), dtype=float32)",4.62,0.004104495048522949
"tf.Tensor(65.2, shape=(), dtype=float32)",62.1,0.004104495048522949
"tf.Tensor(53.63, shape=(), dtype=float32)",60.03,0.004104495048522949
"tf.Tensor(49.76, shape=(), dtype=float32)",59.7,0.004104495048522949
"tf.Tensor(28.72, shape=(), dtype=float32)",44.44,0.004104495048522949
"tf.Tensor(9.95, shape=(), dtype=float32)",14.39,0.004104495048522949
"tf.Tensor(7.0, shape=(), dtype=float32)",9.76,0.004104495048522949
"tf.Tensor(64.4, shape=(), dtype=float32)",64.44,0.004104495048522949
"tf.Tensor(65.02, shape=(), dtype=float32)",60.4,0.004104495048522949
"tf.Tensor(7.63, shape=(), dtype=float32)",9.83,0.004104495048522949
"tf.Tensor(53.23, shape=(), dtype=float32)",56.5,0.004104495048522949
"tf.Tensor(65.07, shape=(), dtype=float32)",60.47,0.004104495048522949
"tf.Tensor(65.29, shape=(), dtype=float32)",61.8,0.004104495048522949
"tf.Tensor(59.88, shape=(), dtype=float32)",62.5,0.004104495048522949
"tf.Tensor(7.28, shape=(), dtype=float32)",9.766,0.004104495048522949
"tf.Tensor(54.64, shape=(), dtype=float32)",61.56,0.004104495048522949
"tf.Tensor(42.02, shape=(), dtype=float32)",50.75,0.0036473944783210754
"tf.Tensor(63.9, shape=(), dtype=float32)",62.06,0.0036473944783210754
"tf.Tensor(64.68, shape=(), dtype=float32)",59.56,0.0036473944783210754
"tf.Tensor(2.92, shape=(), dtype=float32)",-1.627,0.0036473944783210754
"tf.Tensor(5.95, shape=(), dtype=float32)",5.668,0.0036473944783210754
"tf.Tensor(3.97, shape=(), dtype=float32)",0.0808,0.0036473944783210754
"tf.Tensor(58.95, shape=(), dtype=float32)",60.0,0.0036473944783210754
"tf.Tensor(65.4, shape=(), dtype=float32)",60.88,0.0036473944783210754
"tf.Tensor(64.02, shape=(), dtype=float32)",59.66,0.0036473944783210754
"tf.Tensor(6.55, shape=(), dtype=float32)",6.938,0.0036473944783210754
"tf.Tensor(4.66, shape=(), dtype=float32)",2.209,0.0036473944783210754
"tf.Tensor(7.19, shape=(), dtype=float32)",8.516,0.0036473944783210754
"tf.Tensor(4.32, shape=(), dtype=float32)",0.2433,0.0036473944783210754
"tf.Tensor(62.31, shape=(), dtype=float32)",62.84,0.0036473944783210754
"tf.Tensor(4.18, shape=(), dtype=float32)",1.599,0.0036473944783210754
"tf.Tensor(60.29, shape=(), dtype=float32)",60.16,0.0036473944783210754
"tf.Tensor(4.64, shape=(), dtype=float32)",2.443,0.0036473944783210754
"tf.Tensor(46.9, shape=(), dtype=float32)",51.9,0.0036473944783210754
"tf.Tensor(64.12, shape=(), dtype=float32)",59.7,0.0036473944783210754
"tf.Tensor(63.98, shape=(), dtype=float32)",63.97,0.0036473944783210754
"tf.Tensor(64.31, shape=(), dtype=float32)",61.12,0.0036473944783210754
"tf.Tensor(54.41, shape=(), dtype=float32)",52.66,0.0036473944783210754
"tf.Tensor(48.64, shape=(), dtype=float32)",57.28,0.0036473944783210754
"tf.Tensor(48.57, shape=(), dtype=float32)",57.7,0.0036473944783210754
"tf.Tensor(36.15, shape=(), dtype=float32)",43.5,0.0036473944783210754
"tf.Tensor(5.98, shape=(), dtype=float32)",6.2,0.0036473944783210754
"tf.Tensor(49.61, shape=(), dtype=float32)",48.4,0.0036473944783210754
"tf.Tensor(38.11, shape=(), dtype=float32)",50.9,0.0036473944783210754
"tf.Tensor(28.38, shape=(), dtype=float32)",42.53,0.0036473944783210754
"tf.Tensor(43.14, shape=(), dtype=float32)",52.6,0.0036473944783210754
"tf.Tensor(63.28, shape=(), dtype=float32)",59.22,0.0036473944783210754
"tf.Tensor(55.3, shape=(), dtype=float32)",61.47,0.0036473944783210754
"tf.Tensor(4.81, shape=(), dtype=float32)",2.662,0.0038324594497680664
"tf.Tensor(65.01, shape=(), dtype=float32)",61.72,0.0038324594497680664
"tf.Tensor(64.41, shape=(), dtype=float32)",64.44,0.0038324594497680664
"tf.Tensor(23.01, shape=(), dtype=float32)",39.7,0.0038324594497680664
"tf.Tensor(29.22, shape=(), dtype=float32)",44.22,0.0038324594497680664
"tf.Tensor(4.66, shape=(), dtype=float32)",1.871,0.0038324594497680664
"tf.Tensor(47.9, shape=(), dtype=float32)",47.6,0.0038324594497680664
"tf.Tensor(17.99, shape=(), dtype=float32)",31.42,0.0038324594497680664
"tf.Tensor(3.44, shape=(), dtype=float32)",-1.028,0.0038324594497680664
"tf.Tensor(58.67, shape=(), dtype=float32)",62.2,0.0038324594497680664
"tf.Tensor(57.81, shape=(), dtype=float32)",60.5,0.0038324594497680664
"tf.Tensor(5.49, shape=(), dtype=float32)",4.816,0.0038324594497680664
"tf.Tensor(4.81, shape=(), dtype=float32)",2.576,0.0038324594497680664
"tf.Tensor(4.93, shape=(), dtype=float32)",3.408,0.0038324594497680664
"tf.Tensor(4.12, shape=(), dtype=float32)",1.951,0.0038324594497680664
"tf.Tensor(64.63, shape=(), dtype=float32)",61.34,0.0038324594497680664
"tf.Tensor(47.95, shape=(), dtype=float32)",54.8,0.0038324594497680664
"tf.Tensor(18.03, shape=(), dtype=float32)",29.12,0.0038324594497680664
"tf.Tensor(13.55, shape=(), dtype=float32)",22.03,0.0038324594497680664
"tf.Tensor(15.88, shape=(), dtype=float32)",28.84,0.0038324594497680664
"tf.Tensor(17.5, shape=(), dtype=float32)",30.5,0.0038324594497680664
"tf.Tensor(7.07, shape=(), dtype=float32)",9.06,0.0038324594497680664
"tf.Tensor(6.09, shape=(), dtype=float32)",5.625,0.0038324594497680664
"tf.Tensor(65.2, shape=(), dtype=float32)",59.62,0.0038324594497680664
"tf.Tensor(6.76, shape=(), dtype=float32)",8.64,0.0038324594497680664
"tf.Tensor(51.95, shape=(), dtype=float32)",50.44,0.0038324594497680664
"tf.Tensor(8.63, shape=(), dtype=float32)",11.69,0.0038324594497680664
"tf.Tensor(64.67, shape=(), dtype=float32)",59.3,0.0038324594497680664
"tf.Tensor(11.02, shape=(), dtype=float32)",20.47,0.0038324594497680664
"tf.Tensor(2.94, shape=(), dtype=float32)",-2.48,0.0038324594497680664
"tf.Tensor(18.59, shape=(), dtype=float32)",33.0,0.0038324594497680664
"tf.Tensor(3.56, shape=(), dtype=float32)",-0.915,0.0038324594497680664
"tf.Tensor(4.25, shape=(), dtype=float32)",-0.5234,0.003660738468170166
"tf.Tensor(8.37, shape=(), dtype=float32)",12.27,0.003660738468170166
"tf.Tensor(28.05, shape=(), dtype=float32)",41.16,0.003660738468170166
"tf.Tensor(64.95, shape=(), dtype=float32)",60.12,0.003660738468170166
"tf.Tensor(2.71, shape=(), dtype=float32)",-2.816,0.003660738468170166
"tf.Tensor(8.46, shape=(), dtype=float32)",12.766,0.003660738468170166
"tf.Tensor(41.5, shape=(), dtype=float32)",50.78,0.003660738468170166
"tf.Tensor(7.92, shape=(), dtype=float32)",11.82,0.003660738468170166
"tf.Tensor(3.49, shape=(), dtype=float32)",-0.9375,0.003660738468170166
"tf.Tensor(61.47, shape=(), dtype=float32)",62.84,0.003660738468170166
"tf.Tensor(26.79, shape=(), dtype=float32)",38.75,0.003660738468170166
"tf.Tensor(51.51, shape=(), dtype=float32)",59.75,0.003660738468170166
"tf.Tensor(12.07, shape=(), dtype=float32)",17.11,0.003660738468170166
"tf.Tensor(63.92, shape=(), dtype=float32)",62.44,0.003660738468170166
"tf.Tensor(7.46, shape=(), dtype=float32)",9.164,0.003660738468170166
"tf.Tensor(6.2, shape=(), dtype=float32)",8.695,0.003660738468170166
"tf.Tensor(57.93, shape=(), dtype=float32)",56.25,0.003660738468170166
"tf.Tensor(59.23, shape=(), dtype=float32)",62.97,0.003660738468170166
"tf.Tensor(61.96, shape=(), dtype=float32)",58.84,0.003660738468170166
"tf.Tensor(55.61, shape=(), dtype=float32)",56.9,0.003660738468170166
"tf.Tensor(59.23, shape=(), dtype=float32)",60.78,0.003660738468170166
"tf.Tensor(55.6, shape=(), dtype=float32)",57.34,0.003660738468170166
"tf.Tensor(5.73, shape=(), dtype=float32)",5.45,0.003660738468170166
"tf.Tensor(7.35, shape=(), dtype=float32)",9.15,0.003660738468170166
"tf.Tensor(3.7, shape=(), dtype=float32)",-0.1991,0.003660738468170166
"tf.Tensor(6.34, shape=(), dtype=float32)",5.402,0.003660738468170166
"tf.Tensor(64.31, shape=(), dtype=float32)",61.22,0.003660738468170166
"tf.Tensor(64.2, shape=(), dtype=float32)",61.06,0.003660738468170166
"tf.Tensor(6.07, shape=(), dtype=float32)",5.156,0.003660738468170166
"tf.Tensor(6.12, shape=(), dtype=float32)",5.77,0.003660738468170166
"tf.Tensor(3.89, shape=(), dtype=float32)",0.783,0.003660738468170166
"tf.Tensor(64.55, shape=(), dtype=float32)",60.28,0.003660738468170166
"tf.Tensor(16.44, shape=(), dtype=float32)",29.5,0.004011198878288269
"tf.Tensor(4.11, shape=(), dtype=float32)",1.644,0.004011198878288269
"tf.Tensor(29.96, shape=(), dtype=float32)",45.72,0.004011198878288269
"tf.Tensor(2.87, shape=(), dtype=float32)",-1.594,0.004011198878288269
"tf.Tensor(63.7, shape=(), dtype=float32)",61.97,0.004011198878288269
"tf.Tensor(29.47, shape=(), dtype=float32)",42.72,0.004011198878288269
"tf.Tensor(8.45, shape=(), dtype=float32)",11.65,0.004011198878288269
"tf.Tensor(5.44, shape=(), dtype=float32)",4.133,0.004011198878288269
"tf.Tensor(52.87, shape=(), dtype=float32)",59.8,0.004011198878288269
"tf.Tensor(63.94, shape=(), dtype=float32)",60.0,0.004011198878288269
"tf.Tensor(3.21, shape=(), dtype=float32)",-1.583,0.004011198878288269
"tf.Tensor(40.67, shape=(), dtype=float32)",52.28,0.004011198878288269
"tf.Tensor(6.37, shape=(), dtype=float32)",6.773,0.004011198878288269
"tf.Tensor(65.26, shape=(), dtype=float32)",61.47,0.004011198878288269
"tf.Tensor(3.15, shape=(), dtype=float32)",-1.686,0.004011198878288269
"tf.Tensor(3.04, shape=(), dtype=float32)",-1.673,0.004011198878288269
"tf.Tensor(64.72, shape=(), dtype=float32)",59.88,0.004011198878288269
"tf.Tensor(37.73, shape=(), dtype=float32)",49.0,0.004011198878288269
"tf.Tensor(64.09, shape=(), dtype=float32)",59.97,0.004011198878288269
"tf.Tensor(6.15, shape=(), dtype=float32)",6.38,0.004011198878288269
"tf.Tensor(65.23, shape=(), dtype=float32)",59.16,0.004011198878288269
"tf.Tensor(58.74, shape=(), dtype=float32)",61.47,0.004011198878288269
"tf.Tensor(62.17, shape=(), dtype=float32)",57.66,0.004011198878288269
"tf.Tensor(62.19, shape=(), dtype=float32)",57.88,0.004011198878288269
"tf.Tensor(4.71, shape=(), dtype=float32)",1.733,0.004011198878288269
"tf.Tensor(46.9, shape=(), dtype=float32)",57.9,0.004011198878288269
"tf.Tensor(4.11, shape=(), dtype=float32)",1.89,0.004011198878288269
"tf.Tensor(62.97, shape=(), dtype=float32)",60.47,0.004011198878288269
"tf.Tensor(50.99, shape=(), dtype=float32)",56.44,0.004011198878288269
"tf.Tensor(64.55, shape=(), dtype=float32)",61.7,0.004011198878288269
"tf.Tensor(7.43, shape=(), dtype=float32)",10.555,0.004011198878288269
"tf.Tensor(7.29, shape=(), dtype=float32)",9.46,0.004011198878288269
"tf.Tensor(65.33, shape=(), dtype=float32)",60.56,0.004043281078338623
"tf.Tensor(64.13, shape=(), dtype=float32)",59.16,0.004043281078338623
"tf.Tensor(44.38, shape=(), dtype=float32)",47.4,0.004043281078338623
"tf.Tensor(36.09, shape=(), dtype=float32)",43.38,0.004043281078338623
"tf.Tensor(61.5, shape=(), dtype=float32)",63.34,0.004043281078338623
"tf.Tensor(4.09, shape=(), dtype=float32)",-0.42,0.004043281078338623
"tf.Tensor(3.28, shape=(), dtype=float32)",-1.742,0.004043281078338623
"tf.Tensor(6.24, shape=(), dtype=float32)",6.215,0.004043281078338623
"tf.Tensor(25.72, shape=(), dtype=float32)",39.56,0.004043281078338623
"tf.Tensor(59.45, shape=(), dtype=float32)",59.2,0.004043281078338623
"tf.Tensor(5.61, shape=(), dtype=float32)",4.086,0.004043281078338623
"tf.Tensor(6.77, shape=(), dtype=float32)",8.49,0.004043281078338623
"tf.Tensor(64.53, shape=(), dtype=float32)",59.53,0.004043281078338623
"tf.Tensor(57.19, shape=(), dtype=float32)",62.0,0.004043281078338623
"tf.Tensor(9.77, shape=(), dtype=float32)",13.73,0.004043281078338623
"tf.Tensor(65.24, shape=(), dtype=float32)",60.47,0.004043281078338623
"tf.Tensor(8.43, shape=(), dtype=float32)",13.24,0.004043281078338623
"tf.Tensor(3.4, shape=(), dtype=float32)",-0.9795,0.004043281078338623
"tf.Tensor(20.42, shape=(), dtype=float32)",32.66,0.004043281078338623
"tf.Tensor(4.15, shape=(), dtype=float32)",1.932,0.004043281078338623
"tf.Tensor(3.36, shape=(), dtype=float32)",-1.528,0.004043281078338623
"tf.Tensor(64.08, shape=(), dtype=float32)",61.7,0.004043281078338623
"tf.Tensor(64.03, shape=(), dtype=float32)",63.66,0.004043281078338623
"tf.Tensor(3.39, shape=(), dtype=float32)",-1.914,0.004043281078338623
"tf.Tensor(60.49, shape=(), dtype=float32)",62.25,0.004043281078338623
"tf.Tensor(7.76, shape=(), dtype=float32)",9.695,0.004043281078338623
"tf.Tensor(5.17, shape=(), dtype=float32)",3.594,0.004043281078338623
"tf.Tensor(5.38, shape=(), dtype=float32)",3.773,0.004043281078338623
"tf.Tensor(62.12, shape=(), dtype=float32)",61.78,0.004043281078338623
"tf.Tensor(64.15, shape=(), dtype=float32)",57.94,0.004043281078338623
"tf.Tensor(28.65, shape=(), dtype=float32)",44.8,0.004043281078338623
"tf.Tensor(3.88, shape=(), dtype=float32)",0.5757,0.004043281078338623
"tf.Tensor(2.51, shape=(), dtype=float32)",-2.889,0.004198439419269562
"tf.Tensor(5.01, shape=(), dtype=float32)",2.893,0.004198439419269562
"tf.Tensor(62.53, shape=(), dtype=float32)",59.88,0.004198439419269562
"tf.Tensor(8.0, shape=(), dtype=float32)",9.82,0.004198439419269562
"tf.Tensor(5.21, shape=(), dtype=float32)",3.574,0.004198439419269562
"tf.Tensor(60.06, shape=(), dtype=float32)",62.62,0.004198439419269562
"tf.Tensor(64.39, shape=(), dtype=float32)",61.53,0.004198439419269562
"tf.Tensor(50.57, shape=(), dtype=float32)",54.22,0.004198439419269562
"tf.Tensor(35.17, shape=(), dtype=float32)",42.8,0.004198439419269562
"tf.Tensor(9.91, shape=(), dtype=float32)",15.98,0.004198439419269562
"tf.Tensor(40.79, shape=(), dtype=float32)",46.34,0.004198439419269562
"tf.Tensor(5.77, shape=(), dtype=float32)",5.043,0.004198439419269562
"tf.Tensor(64.25, shape=(), dtype=float32)",58.44,0.004198439419269562
"tf.Tensor(7.44, shape=(), dtype=float32)",8.836,0.004198439419269562
"tf.Tensor(3.9, shape=(), dtype=float32)",0.4272,0.004198439419269562
"tf.Tensor(64.4, shape=(), dtype=float32)",61.75,0.004198439419269562
"tf.Tensor(65.28, shape=(), dtype=float32)",60.66,0.004198439419269562
"tf.Tensor(9.48, shape=(), dtype=float32)",13.76,0.004198439419269562
"tf.Tensor(5.55, shape=(), dtype=float32)",4.367,0.004198439419269562
"tf.Tensor(64.35, shape=(), dtype=float32)",64.5,0.004198439419269562
"tf.Tensor(5.47, shape=(), dtype=float32)",5.285,0.004198439419269562
"tf.Tensor(65.33, shape=(), dtype=float32)",61.9,0.004198439419269562
"tf.Tensor(9.48, shape=(), dtype=float32)",14.32,0.004198439419269562
"tf.Tensor(3.47, shape=(), dtype=float32)",-0.9785,0.004198439419269562
"tf.Tensor(11.62, shape=(), dtype=float32)",21.02,0.004198439419269562
"tf.Tensor(57.66, shape=(), dtype=float32)",58.66,0.004198439419269562
"tf.Tensor(59.82, shape=(), dtype=float32)",59.53,0.004198439419269562
"tf.Tensor(7.65, shape=(), dtype=float32)",10.414,0.004198439419269562
"tf.Tensor(44.65, shape=(), dtype=float32)",54.62,0.004198439419269562
"tf.Tensor(35.54, shape=(), dtype=float32)",44.25,0.004198439419269562
"tf.Tensor(51.01, shape=(), dtype=float32)",58.78,0.004198439419269562
"tf.Tensor(8.15, shape=(), dtype=float32)",11.484,0.004198439419269562
"tf.Tensor(63.64, shape=(), dtype=float32)",60.3,0.003692910075187683
"tf.Tensor(65.05, shape=(), dtype=float32)",59.97,0.003692910075187683
"tf.Tensor(6.1, shape=(), dtype=float32)",5.24,0.003692910075187683
"tf.Tensor(63.15, shape=(), dtype=float32)",61.3,0.003692910075187683
"tf.Tensor(39.95, shape=(), dtype=float32)",51.7,0.003692910075187683
"tf.Tensor(62.79, shape=(), dtype=float32)",59.53,0.003692910075187683
"tf.Tensor(3.51, shape=(), dtype=float32)",-0.3013,0.003692910075187683
"tf.Tensor(59.37, shape=(), dtype=float32)",63.84,0.003692910075187683
"tf.Tensor(64.23, shape=(), dtype=float32)",60.2,0.003692910075187683
"tf.Tensor(52.97, shape=(), dtype=float32)",51.3,0.003692910075187683
"tf.Tensor(60.99, shape=(), dtype=float32)",60.72,0.003692910075187683
"tf.Tensor(43.71, shape=(), dtype=float32)",49.84,0.003692910075187683
"tf.Tensor(4.25, shape=(), dtype=float32)",0.3188,0.003692910075187683
"tf.Tensor(65.31, shape=(), dtype=float32)",61.0,0.003692910075187683
"tf.Tensor(65.36, shape=(), dtype=float32)",60.06,0.003692910075187683
"tf.Tensor(64.14, shape=(), dtype=float32)",58.88,0.003692910075187683
"tf.Tensor(5.13, shape=(), dtype=float32)",3.45,0.003692910075187683
"tf.Tensor(62.69, shape=(), dtype=float32)",63.66,0.003692910075187683
"tf.Tensor(30.82, shape=(), dtype=float32)",47.6,0.003692910075187683
"tf.Tensor(60.8, shape=(), dtype=float32)",58.34,0.003692910075187683
"tf.Tensor(7.53, shape=(), dtype=float32)",10.37,0.003692910075187683
"tf.Tensor(4.79, shape=(), dtype=float32)",2.318,0.003692910075187683
"tf.Tensor(18.73, shape=(), dtype=float32)",33.78,0.003692910075187683
"tf.Tensor(3.57, shape=(), dtype=float32)",-0.3628,0.003692910075187683
"tf.Tensor(3.59, shape=(), dtype=float32)",-1.045,0.003692910075187683
"tf.Tensor(64.33, shape=(), dtype=float32)",61.03,0.003692910075187683
"tf.Tensor(5.71, shape=(), dtype=float32)",4.68,0.003692910075187683
"tf.Tensor(26.73, shape=(), dtype=float32)",39.12,0.003692910075187683
"tf.Tensor(4.17, shape=(), dtype=float32)",1.578,0.003692910075187683
"tf.Tensor(54.56, shape=(), dtype=float32)",51.25,0.003692910075187683
"tf.Tensor(10.18, shape=(), dtype=float32)",13.46,0.003692910075187683
"tf.Tensor(62.76, shape=(), dtype=float32)",60.38,0.003692910075187683
"tf.Tensor(5.88, shape=(), dtype=float32)",5.645,0.00385497510433197
"tf.Tensor(55.27, shape=(), dtype=float32)",51.22,0.00385497510433197
"tf.Tensor(4.13, shape=(), dtype=float32)",1.695,0.00385497510433197
"tf.Tensor(3.13, shape=(), dtype=float32)",-2.037,0.00385497510433197
"tf.Tensor(62.19, shape=(), dtype=float32)",61.4,0.00385497510433197
"tf.Tensor(4.86, shape=(), dtype=float32)",3.059,0.00385497510433197
"tf.Tensor(65.33, shape=(), dtype=float32)",60.66,0.00385497510433197
"tf.Tensor(54.7, shape=(), dtype=float32)",56.28,0.00385497510433197
"tf.Tensor(3.2, shape=(), dtype=float32)",-1.514,0.00385497510433197
"tf.Tensor(6.3, shape=(), dtype=float32)",6.89,0.00385497510433197
"tf.Tensor(3.22, shape=(), dtype=float32)",-1.527,0.00385497510433197
"tf.Tensor(2.66, shape=(), dtype=float32)",-2.625,0.00385497510433197
"tf.Tensor(17.17, shape=(), dtype=float32)",31.67,0.00385497510433197
"tf.Tensor(46.2, shape=(), dtype=float32)",48.44,0.00385497510433197
"tf.Tensor(11.11, shape=(), dtype=float32)",18.1,0.00385497510433197
"tf.Tensor(62.48, shape=(), dtype=float32)",63.16,0.00385497510433197
"tf.Tensor(61.81, shape=(), dtype=float32)",62.53,0.00385497510433197
"tf.Tensor(65.37, shape=(), dtype=float32)",61.47,0.00385497510433197
"tf.Tensor(13.29, shape=(), dtype=float32)",21.28,0.00385497510433197
"tf.Tensor(3.84, shape=(), dtype=float32)",0.8125,0.00385497510433197
"tf.Tensor(3.31, shape=(), dtype=float32)",-1.648,0.00385497510433197
"tf.Tensor(64.26, shape=(), dtype=float32)",58.78,0.00385497510433197
"tf.Tensor(7.73, shape=(), dtype=float32)",9.86,0.00385497510433197
"tf.Tensor(5.44, shape=(), dtype=float32)",4.68,0.00385497510433197
"tf.Tensor(6.06, shape=(), dtype=float32)",6.164,0.00385497510433197
"tf.Tensor(48.64, shape=(), dtype=float32)",58.1,0.00385497510433197
"tf.Tensor(54.92, shape=(), dtype=float32)",53.44,0.00385497510433197
"tf.Tensor(46.59, shape=(), dtype=float32)",54.12,0.00385497510433197
"tf.Tensor(62.06, shape=(), dtype=float32)",64.5,0.00385497510433197
"tf.Tensor(7.72, shape=(), dtype=float32)",10.664,0.00385497510433197
"tf.Tensor(36.12, shape=(), dtype=float32)",49.3,0.00385497510433197
"tf.Tensor(6.05, shape=(), dtype=float32)",5.12,0.00385497510433197
"tf.Tensor(5.78, shape=(), dtype=float32)",6.75,0.0036633163690567017
"tf.Tensor(4.38, shape=(), dtype=float32)",0.2573,0.0036633163690567017
"tf.Tensor(7.25, shape=(), dtype=float32)",9.04,0.0036633163690567017
"tf.Tensor(65.37, shape=(), dtype=float32)",60.44,0.0036633163690567017
"tf.Tensor(31.67, shape=(), dtype=float32)",46.5,0.0036633163690567017
"tf.Tensor(51.61, shape=(), dtype=float32)",55.8,0.0036633163690567017
"tf.Tensor(6.76, shape=(), dtype=float32)",7.43,0.0036633163690567017
"tf.Tensor(10.67, shape=(), dtype=float32)",16.55,0.0036633163690567017
"tf.Tensor(33.6, shape=(), dtype=float32)",46.56,0.0036633163690567017
"tf.Tensor(64.99, shape=(), dtype=float32)",60.0,0.0036633163690567017
"tf.Tensor(61.85, shape=(), dtype=float32)",61.62,0.0036633163690567017
"tf.Tensor(6.06, shape=(), dtype=float32)",4.785,0.0036633163690567017
"tf.Tensor(63.86, shape=(), dtype=float32)",63.3,0.0036633163690567017
"tf.Tensor(25.85, shape=(), dtype=float32)",37.06,0.0036633163690567017
"tf.Tensor(63.38, shape=(), dtype=float32)",60.2,0.0036633163690567017
"tf.Tensor(49.2, shape=(), dtype=float32)",55.6,0.0036633163690567017
"tf.Tensor(35.63, shape=(), dtype=float32)",49.75,0.0036633163690567017
"tf.Tensor(64.22, shape=(), dtype=float32)",60.38,0.0036633163690567017
"tf.Tensor(65.3, shape=(), dtype=float32)",61.78,0.0036633163690567017
"tf.Tensor(52.31, shape=(), dtype=float32)",56.47,0.0036633163690567017
"tf.Tensor(5.91, shape=(), dtype=float32)",6.07,0.0036633163690567017
"tf.Tensor(22.66, shape=(), dtype=float32)",35.53,0.0036633163690567017
"tf.Tensor(8.28, shape=(), dtype=float32)",10.87,0.0036633163690567017
"tf.Tensor(46.8, shape=(), dtype=float32)",57.38,0.0036633163690567017
"tf.Tensor(65.2, shape=(), dtype=float32)",61.9,0.0036633163690567017
"tf.Tensor(8.16, shape=(), dtype=float32)",11.15,0.0036633163690567017
"tf.Tensor(2.59, shape=(), dtype=float32)",-2.473,0.0036633163690567017
"tf.Tensor(60.22, shape=(), dtype=float32)",58.6,0.0036633163690567017
"tf.Tensor(64.16, shape=(), dtype=float32)",60.56,0.0036633163690567017
"tf.Tensor(45.78, shape=(), dtype=float32)",55.16,0.0036633163690567017
"tf.Tensor(7.51, shape=(), dtype=float32)",8.74,0.0036633163690567017
"tf.Tensor(54.23, shape=(), dtype=float32)",49.97,0.0036633163690567017
"tf.Tensor(3.05, shape=(), dtype=float32)",-1.631,0.003960967063903809
"tf.Tensor(63.89, shape=(), dtype=float32)",60.47,0.003960967063903809
"tf.Tensor(3.51, shape=(), dtype=float32)",-0.61,0.003960967063903809
"tf.Tensor(47.51, shape=(), dtype=float32)",47.1,0.003960967063903809
"tf.Tensor(65.49, shape=(), dtype=float32)",60.78,0.003960967063903809
"tf.Tensor(65.07, shape=(), dtype=float32)",61.3,0.003960967063903809
"tf.Tensor(27.95, shape=(), dtype=float32)",41.97,0.003960967063903809
"tf.Tensor(60.0, shape=(), dtype=float32)",59.0,0.003960967063903809
"tf.Tensor(27.23, shape=(), dtype=float32)",41.72,0.003960967063903809
"tf.Tensor(62.75, shape=(), dtype=float32)",58.62,0.003960967063903809
"tf.Tensor(7.96, shape=(), dtype=float32)",10.87,0.003960967063903809
"tf.Tensor(6.81, shape=(), dtype=float32)",7.895,0.003960967063903809
"tf.Tensor(53.37, shape=(), dtype=float32)",56.9,0.003960967063903809
"tf.Tensor(43.47, shape=(), dtype=float32)",52.34,0.003960967063903809
"tf.Tensor(42.22, shape=(), dtype=float32)",55.7,0.003960967063903809
"tf.Tensor(63.96, shape=(), dtype=float32)",62.38,0.003960967063903809
"tf.Tensor(65.07, shape=(), dtype=float32)",59.38,0.003960967063903809
"tf.Tensor(64.15, shape=(), dtype=float32)",61.97,0.003960967063903809
"tf.Tensor(57.04, shape=(), dtype=float32)",56.03,0.003960967063903809
"tf.Tensor(32.59, shape=(), dtype=float32)",46.2,0.003960967063903809
"tf.Tensor(64.89, shape=(), dtype=float32)",59.75,0.003960967063903809
"tf.Tensor(4.26, shape=(), dtype=float32)",0.2168,0.003960967063903809
"tf.Tensor(6.27, shape=(), dtype=float32)",5.97,0.003960967063903809
"tf.Tensor(64.08, shape=(), dtype=float32)",62.88,0.003960967063903809
"tf.Tensor(64.81, shape=(), dtype=float32)",59.2,0.003960967063903809
"tf.Tensor(63.89, shape=(), dtype=float32)",63.6,0.003960967063903809
"tf.Tensor(7.94, shape=(), dtype=float32)",9.26,0.003960967063903809
"tf.Tensor(4.85, shape=(), dtype=float32)",3.43,0.003960967063903809
"tf.Tensor(43.47, shape=(), dtype=float32)",56.1,0.003960967063903809
"tf.Tensor(10.28, shape=(), dtype=float32)",18.19,0.003960967063903809
"tf.Tensor(3.12, shape=(), dtype=float32)",-1.702,0.003960967063903809
"tf.Tensor(3.44, shape=(), dtype=float32)",-1.037,0.003960967063903809
"tf.Tensor(65.04, shape=(), dtype=float32)",60.2,0.0036032721400260925
"tf.Tensor(57.73, shape=(), dtype=float32)",53.72,0.0036032721400260925
"tf.Tensor(63.43, shape=(), dtype=float32)",59.66,0.0036032721400260925
"tf.Tensor(61.62, shape=(), dtype=float32)",62.94,0.0036032721400260925
"tf.Tensor(42.25, shape=(), dtype=float32)",55.53,0.0036032721400260925
"tf.Tensor(5.3, shape=(), dtype=float32)",4.46,0.0036032721400260925
"tf.Tensor(5.95, shape=(), dtype=float32)",5.504,0.0036032721400260925
"tf.Tensor(18.13, shape=(), dtype=float32)",31.94,0.0036032721400260925
"tf.Tensor(7.56, shape=(), dtype=float32)",10.18,0.0036032721400260925
"tf.Tensor(10.98, shape=(), dtype=float32)",20.16,0.0036032721400260925
"tf.Tensor(11.4, shape=(), dtype=float32)",20.08,0.0036032721400260925
"tf.Tensor(64.39, shape=(), dtype=float32)",64.4,0.0036032721400260925
"tf.Tensor(53.07, shape=(), dtype=float32)",59.2,0.0036032721400260925
"tf.Tensor(64.2, shape=(), dtype=float32)",59.03,0.0036032721400260925
"tf.Tensor(6.61, shape=(), dtype=float32)",6.812,0.0036032721400260925
"tf.Tensor(47.09, shape=(), dtype=float32)",53.9,0.0036032721400260925
"tf.Tensor(2.92, shape=(), dtype=float32)",-1.922,0.0036032721400260925
"tf.Tensor(63.05, shape=(), dtype=float32)",60.56,0.0036032721400260925
"tf.Tensor(7.08, shape=(), dtype=float32)",8.09,0.0036032721400260925
"tf.Tensor(4.04, shape=(), dtype=float32)",-0.2817,0.0036032721400260925
"tf.Tensor(64.47, shape=(), dtype=float32)",61.22,0.0036032721400260925
"tf.Tensor(54.56, shape=(), dtype=float32)",56.97,0.0036032721400260925
"tf.Tensor(64.86, shape=(), dtype=float32)",59.28,0.0036032721400260925
"tf.Tensor(3.25, shape=(), dtype=float32)",-1.041,0.0036032721400260925
"tf.Tensor(64.68, shape=(), dtype=float32)",61.25,0.0036032721400260925
"tf.Tensor(5.12, shape=(), dtype=float32)",3.97,0.0036032721400260925
"tf.Tensor(6.16, shape=(), dtype=float32)",6.39,0.0036032721400260925
"tf.Tensor(7.87, shape=(), dtype=float32)",9.99,0.0036032721400260925
"tf.Tensor(42.82, shape=(), dtype=float32)",53.03,0.0036032721400260925
"tf.Tensor(5.04, shape=(), dtype=float32)",2.982,0.0036032721400260925
"tf.Tensor(3.24, shape=(), dtype=float32)",-2.322,0.0036032721400260925
"tf.Tensor(8.01, shape=(), dtype=float32)",9.99,0.0036032721400260925
"tf.Tensor(26.03, shape=(), dtype=float32)",43.38,0.0036592185497283936
"tf.Tensor(57.38, shape=(), dtype=float32)",62.25,0.0036592185497283936
"tf.Tensor(6.13, shape=(), dtype=float32)",6.848,0.0036592185497283936
"tf.Tensor(63.19, shape=(), dtype=float32)",59.44,0.0036592185497283936
"tf.Tensor(64.97, shape=(), dtype=float32)",59.3,0.0036592185497283936
"tf.Tensor(7.7, shape=(), dtype=float32)",10.805,0.0036592185497283936
"tf.Tensor(7.32, shape=(), dtype=float32)",8.88,0.0036592185497283936
"tf.Tensor(53.75, shape=(), dtype=float32)",59.12,0.0036592185497283936
"tf.Tensor(24.88, shape=(), dtype=float32)",40.47,0.0036592185497283936
"tf.Tensor(57.85, shape=(), dtype=float32)",62.66,0.0036592185497283936
"tf.Tensor(64.23, shape=(), dtype=float32)",63.56,0.0036592185497283936
"tf.Tensor(4.63, shape=(), dtype=float32)",2.281,0.0036592185497283936
"tf.Tensor(53.85, shape=(), dtype=float32)",59.8,0.0036592185497283936
"tf.Tensor(3.28, shape=(), dtype=float32)",-1.583,0.0036592185497283936
"tf.Tensor(65.12, shape=(), dtype=float32)",60.1,0.0036592185497283936
"tf.Tensor(22.05, shape=(), dtype=float32)",36.66,0.0036592185497283936
"tf.Tensor(4.2, shape=(), dtype=float32)",0.9854,0.0036592185497283936
"tf.Tensor(3.31, shape=(), dtype=float32)",-1.568,0.0036592185497283936
"tf.Tensor(30.11, shape=(), dtype=float32)",46.4,0.0036592185497283936
"tf.Tensor(4.36, shape=(), dtype=float32)",1.495,0.0036592185497283936
"tf.Tensor(13.83, shape=(), dtype=float32)",25.36,0.0036592185497283936
"tf.Tensor(65.03, shape=(), dtype=float32)",59.03,0.0036592185497283936
"tf.Tensor(63.85, shape=(), dtype=float32)",60.06,0.0036592185497283936
"tf.Tensor(18.61, shape=(), dtype=float32)",33.6,0.0036592185497283936
"tf.Tensor(51.19, shape=(), dtype=float32)",59.25,0.0036592185497283936
"tf.Tensor(52.57, shape=(), dtype=float32)",54.75,0.0036592185497283936
"tf.Tensor(24.53, shape=(), dtype=float32)",38.78,0.0036592185497283936
"tf.Tensor(4.04, shape=(), dtype=float32)",1.469,0.0036592185497283936
"tf.Tensor(7.11, shape=(), dtype=float32)",8.2,0.0036592185497283936
"tf.Tensor(65.32, shape=(), dtype=float32)",60.44,0.0036592185497283936
"tf.Tensor(36.92, shape=(), dtype=float32)",48.78,0.0036592185497283936
"tf.Tensor(65.33, shape=(), dtype=float32)",61.2,0.0036592185497283936
"tf.Tensor(60.47, shape=(), dtype=float32)",59.66,0.004322037100791931
"tf.Tensor(22.8, shape=(), dtype=float32)",35.28,0.004322037100791931
"tf.Tensor(64.2, shape=(), dtype=float32)",59.75,0.004322037100791931
"tf.Tensor(3.57, shape=(), dtype=float32)",-0.7783,0.004322037100791931
"tf.Tensor(52.58, shape=(), dtype=float32)",58.1,0.004322037100791931
"tf.Tensor(64.58, shape=(), dtype=float32)",61.8,0.004322037100791931
"tf.Tensor(6.67, shape=(), dtype=float32)",8.1,0.004322037100791931
"tf.Tensor(5.21, shape=(), dtype=float32)",3.455,0.004322037100791931
"tf.Tensor(22.24, shape=(), dtype=float32)",37.38,0.004322037100791931
"tf.Tensor(9.79, shape=(), dtype=float32)",13.086,0.004322037100791931
"tf.Tensor(5.98, shape=(), dtype=float32)",5.535,0.004322037100791931
"tf.Tensor(3.25, shape=(), dtype=float32)",-1.622,0.004322037100791931
"tf.Tensor(2.48, shape=(), dtype=float32)",-3.088,0.004322037100791931
"tf.Tensor(62.87, shape=(), dtype=float32)",63.66,0.004322037100791931
"tf.Tensor(64.67, shape=(), dtype=float32)",59.28,0.004322037100791931
"tf.Tensor(52.61, shape=(), dtype=float32)",55.8,0.004322037100791931
"tf.Tensor(7.5, shape=(), dtype=float32)",9.164,0.004322037100791931
"tf.Tensor(65.21, shape=(), dtype=float32)",60.0,0.004322037100791931
"tf.Tensor(5.61, shape=(), dtype=float32)",4.492,0.004322037100791931
"tf.Tensor(50.93, shape=(), dtype=float32)",55.97,0.004322037100791931
"tf.Tensor(3.42, shape=(), dtype=float32)",-1.641,0.004322037100791931
"tf.Tensor(49.36, shape=(), dtype=float32)",49.53,0.004322037100791931
"tf.Tensor(65.43, shape=(), dtype=float32)",60.7,0.004322037100791931
"tf.Tensor(59.3, shape=(), dtype=float32)",60.4,0.004322037100791931
"tf.Tensor(8.78, shape=(), dtype=float32)",12.13,0.004322037100791931
"tf.Tensor(41.4, shape=(), dtype=float32)",53.9,0.004322037100791931
"tf.Tensor(45.42, shape=(), dtype=float32)",55.78,0.004322037100791931
"tf.Tensor(64.76, shape=(), dtype=float32)",61.38,0.004322037100791931
"tf.Tensor(65.33, shape=(), dtype=float32)",60.1,0.004322037100791931
"tf.Tensor(64.39, shape=(), dtype=float32)",60.7,0.004322037100791931
"tf.Tensor(2.73, shape=(), dtype=float32)",-2.318,0.004322037100791931
"tf.Tensor(2.54, shape=(), dtype=float32)",-3.025,0.004322037100791931
"tf.Tensor(7.09, shape=(), dtype=float32)",9.82,0.003750257194042206
"tf.Tensor(64.33, shape=(), dtype=float32)",63.47,0.003750257194042206
"tf.Tensor(6.83, shape=(), dtype=float32)",7.715,0.003750257194042206
"tf.Tensor(54.23, shape=(), dtype=float32)",51.22,0.003750257194042206
"tf.Tensor(12.38, shape=(), dtype=float32)",22.39,0.003750257194042206
"tf.Tensor(6.56, shape=(), dtype=float32)",7.152,0.003750257194042206
"tf.Tensor(64.96, shape=(), dtype=float32)",59.47,0.003750257194042206
"tf.Tensor(6.53, shape=(), dtype=float32)",7.61,0.003750257194042206
"tf.Tensor(7.07, shape=(), dtype=float32)",7.98,0.003750257194042206
"tf.Tensor(3.7, shape=(), dtype=float32)",0.09705,0.003750257194042206
"tf.Tensor(8.28, shape=(), dtype=float32)",11.71,0.003750257194042206
"tf.Tensor(9.32, shape=(), dtype=float32)",13.914,0.003750257194042206
"tf.Tensor(65.17, shape=(), dtype=float32)",60.28,0.003750257194042206
"tf.Tensor(65.33, shape=(), dtype=float32)",62.2,0.003750257194042206
"tf.Tensor(64.62, shape=(), dtype=float32)",61.53,0.003750257194042206
"tf.Tensor(9.05, shape=(), dtype=float32)",13.24,0.003750257194042206
"tf.Tensor(64.04, shape=(), dtype=float32)",60.1,0.003750257194042206
"tf.Tensor(3.65, shape=(), dtype=float32)",-0.243,0.003750257194042206
"tf.Tensor(64.81, shape=(), dtype=float32)",61.66,0.003750257194042206
"tf.Tensor(5.4, shape=(), dtype=float32)",4.453,0.003750257194042206
"tf.Tensor(6.01, shape=(), dtype=float32)",7.16,0.003750257194042206
"tf.Tensor(5.27, shape=(), dtype=float32)",4.24,0.003750257194042206
"tf.Tensor(64.23, shape=(), dtype=float32)",64.2,0.003750257194042206
"tf.Tensor(7.09, shape=(), dtype=float32)",8.125,0.003750257194042206
"tf.Tensor(7.49, shape=(), dtype=float32)",9.51,0.003750257194042206
"tf.Tensor(6.99, shape=(), dtype=float32)",7.43,0.003750257194042206
"tf.Tensor(62.24, shape=(), dtype=float32)",63.97,0.003750257194042206
"tf.Tensor(55.23, shape=(), dtype=float32)",58.44,0.003750257194042206
"tf.Tensor(26.96, shape=(), dtype=float32)",43.5,0.003750257194042206
"tf.Tensor(61.93, shape=(), dtype=float32)",56.72,0.003750257194042206
"tf.Tensor(64.53, shape=(), dtype=float32)",60.2,0.003750257194042206
"tf.Tensor(62.57, shape=(), dtype=float32)",60.62,0.003750257194042206
"tf.Tensor(3.29, shape=(), dtype=float32)",-1.322,0.0036791712045669556
"tf.Tensor(3.56, shape=(), dtype=float32)",-0.6367,0.0036791712045669556
"tf.Tensor(7.34, shape=(), dtype=float32)",9.086,0.0036791712045669556
"tf.Tensor(65.33, shape=(), dtype=float32)",61.5,0.0036791712045669556
"tf.Tensor(5.4, shape=(), dtype=float32)",4.91,0.0036791712045669556
"tf.Tensor(3.09, shape=(), dtype=float32)",-1.835,0.0036791712045669556
"tf.Tensor(57.72, shape=(), dtype=float32)",61.75,0.0036791712045669556
"tf.Tensor(65.33, shape=(), dtype=float32)",60.94,0.0036791712045669556
"tf.Tensor(3.35, shape=(), dtype=float32)",-1.885,0.0036791712045669556
"tf.Tensor(54.83, shape=(), dtype=float32)",52.16,0.0036791712045669556
"tf.Tensor(64.55, shape=(), dtype=float32)",61.3,0.0036791712045669556
"tf.Tensor(15.5, shape=(), dtype=float32)",26.05,0.0036791712045669556
"tf.Tensor(64.88, shape=(), dtype=float32)",59.47,0.0036791712045669556
"tf.Tensor(5.37, shape=(), dtype=float32)",4.25,0.0036791712045669556
"tf.Tensor(64.27, shape=(), dtype=float32)",63.88,0.0036791712045669556
"tf.Tensor(28.95, shape=(), dtype=float32)",43.28,0.0036791712045669556
"tf.Tensor(64.34, shape=(), dtype=float32)",64.2,0.0036791712045669556
"tf.Tensor(65.24, shape=(), dtype=float32)",62.06,0.0036791712045669556
"tf.Tensor(64.07, shape=(), dtype=float32)",61.75,0.0036791712045669556
"tf.Tensor(55.72, shape=(), dtype=float32)",54.03,0.0036791712045669556
"tf.Tensor(3.96, shape=(), dtype=float32)",-0.4004,0.0036791712045669556
"tf.Tensor(3.4, shape=(), dtype=float32)",-0.3965,0.0036791712045669556
"tf.Tensor(3.93, shape=(), dtype=float32)",-0.2817,0.0036791712045669556
"tf.Tensor(54.55, shape=(), dtype=float32)",59.97,0.0036791712045669556
"tf.Tensor(3.69, shape=(), dtype=float32)",-0.5615,0.0036791712045669556
"tf.Tensor(65.14, shape=(), dtype=float32)",60.28,0.0036791712045669556
"tf.Tensor(3.25, shape=(), dtype=float32)",-2.172,0.0036791712045669556
"tf.Tensor(12.36, shape=(), dtype=float32)",21.72,0.0036791712045669556
"tf.Tensor(27.74, shape=(), dtype=float32)",38.6,0.0036791712045669556
"tf.Tensor(64.18, shape=(), dtype=float32)",61.88,0.0036791712045669556
"tf.Tensor(5.12, shape=(), dtype=float32)",3.943,0.0036791712045669556
"tf.Tensor(2.83, shape=(), dtype=float32)",-2.59,0.0036791712045669556
"tf.Tensor(57.06, shape=(), dtype=float32)",54.78,0.003672949969768524
"tf.Tensor(3.45, shape=(), dtype=float32)",-1.064,0.003672949969768524
"tf.Tensor(58.83, shape=(), dtype=float32)",59.1,0.003672949969768524
"tf.Tensor(23.99, shape=(), dtype=float32)",39.25,0.003672949969768524
"tf.Tensor(64.19, shape=(), dtype=float32)",59.53,0.003672949969768524
"tf.Tensor(55.82, shape=(), dtype=float32)",57.88,0.003672949969768524
"tf.Tensor(13.55, shape=(), dtype=float32)",23.36,0.003672949969768524
"tf.Tensor(64.81, shape=(), dtype=float32)",58.38,0.003672949969768524
"tf.Tensor(6.62, shape=(), dtype=float32)",6.793,0.003672949969768524
"tf.Tensor(62.34, shape=(), dtype=float32)",58.34,0.003672949969768524
"tf.Tensor(41.62, shape=(), dtype=float32)",53.25,0.003672949969768524
"tf.Tensor(9.69, shape=(), dtype=float32)",13.65,0.003672949969768524
"tf.Tensor(54.58, shape=(), dtype=float32)",51.38,0.003672949969768524
"tf.Tensor(6.74, shape=(), dtype=float32)",6.133,0.003672949969768524
"tf.Tensor(8.57, shape=(), dtype=float32)",11.42,0.003672949969768524
"tf.Tensor(63.42, shape=(), dtype=float32)",60.28,0.003672949969768524
"tf.Tensor(64.65, shape=(), dtype=float32)",61.06,0.003672949969768524
"tf.Tensor(4.93, shape=(), dtype=float32)",3.447,0.003672949969768524
"tf.Tensor(5.41, shape=(), dtype=float32)",4.332,0.003672949969768524
"tf.Tensor(9.98, shape=(), dtype=float32)",14.195,0.003672949969768524
"tf.Tensor(65.08, shape=(), dtype=float32)",58.78,0.003672949969768524
"tf.Tensor(5.74, shape=(), dtype=float32)",4.79,0.003672949969768524
"tf.Tensor(44.38, shape=(), dtype=float32)",50.88,0.003672949969768524
"tf.Tensor(55.83, shape=(), dtype=float32)",60.88,0.003672949969768524
"tf.Tensor(36.95, shape=(), dtype=float32)",51.22,0.003672949969768524
"tf.Tensor(21.84, shape=(), dtype=float32)",35.7,0.003672949969768524
"tf.Tensor(2.71, shape=(), dtype=float32)",-2.69,0.003672949969768524
"tf.Tensor(7.98, shape=(), dtype=float32)",11.23,0.003672949969768524
"tf.Tensor(64.98, shape=(), dtype=float32)",60.34,0.003672949969768524
"tf.Tensor(62.58, shape=(), dtype=float32)",60.9,0.003672949969768524
"tf.Tensor(5.84, shape=(), dtype=float32)",5.57,0.003672949969768524
"tf.Tensor(60.82, shape=(), dtype=float32)",57.75,0.003672949969768524
"tf.Tensor(7.91, shape=(), dtype=float32)",12.44,0.003991030156612396
"tf.Tensor(57.72, shape=(), dtype=float32)",55.53,0.003991030156612396
"tf.Tensor(55.63, shape=(), dtype=float32)",58.06,0.003991030156612396
"tf.Tensor(3.7, shape=(), dtype=float32)",0.02563,0.003991030156612396
"tf.Tensor(9.85, shape=(), dtype=float32)",14.92,0.003991030156612396
"tf.Tensor(7.05, shape=(), dtype=float32)",7.258,0.003991030156612396
"tf.Tensor(64.99, shape=(), dtype=float32)",59.28,0.003991030156612396
"tf.Tensor(6.57, shape=(), dtype=float32)",7.773,0.003991030156612396
"tf.Tensor(39.04, shape=(), dtype=float32)",50.06,0.003991030156612396
"tf.Tensor(65.08, shape=(), dtype=float32)",61.12,0.003991030156612396
"tf.Tensor(48.55, shape=(), dtype=float32)",47.38,0.003991030156612396
"tf.Tensor(64.91, shape=(), dtype=float32)",60.0,0.003991030156612396
"tf.Tensor(64.83, shape=(), dtype=float32)",58.9,0.003991030156612396
"tf.Tensor(2.6, shape=(), dtype=float32)",-2.543,0.003991030156612396
"tf.Tensor(6.2, shape=(), dtype=float32)",5.62,0.003991030156612396
"tf.Tensor(5.14, shape=(), dtype=float32)",4.297,0.003991030156612396
"tf.Tensor(65.37, shape=(), dtype=float32)",61.6,0.003991030156612396
"tf.Tensor(53.36, shape=(), dtype=float32)",50.88,0.003991030156612396
"tf.Tensor(61.84, shape=(), dtype=float32)",58.1,0.003991030156612396
"tf.Tensor(34.54, shape=(), dtype=float32)",46.72,0.003991030156612396
"tf.Tensor(5.05, shape=(), dtype=float32)",3.936,0.003991030156612396
"tf.Tensor(15.62, shape=(), dtype=float32)",28.58,0.003991030156612396
"tf.Tensor(51.71, shape=(), dtype=float32)",59.75,0.003991030156612396
"tf.Tensor(3.24, shape=(), dtype=float32)",-1.739,0.003991030156612396
"tf.Tensor(4.08, shape=(), dtype=float32)",0.5854,0.003991030156612396
"tf.Tensor(56.97, shape=(), dtype=float32)",52.56,0.003991030156612396
"tf.Tensor(34.07, shape=(), dtype=float32)",48.28,0.003991030156612396
"tf.Tensor(6.36, shape=(), dtype=float32)",6.83,0.003991030156612396
"tf.Tensor(3.32, shape=(), dtype=float32)",-2.223,0.003991030156612396
"tf.Tensor(3.94, shape=(), dtype=float32)",-0.791,0.003991030156612396
"tf.Tensor(4.28, shape=(), dtype=float32)",-0.07385,0.003991030156612396
"tf.Tensor(64.18, shape=(), dtype=float32)",59.4,0.003991030156612396
"tf.Tensor(8.86, shape=(), dtype=float32)",13.27,0.0036353692412376404
"tf.Tensor(65.38, shape=(), dtype=float32)",61.97,0.0036353692412376404
"tf.Tensor(3.45, shape=(), dtype=float32)",-1.067,0.0036353692412376404
"tf.Tensor(64.98, shape=(), dtype=float32)",60.2,0.0036353692412376404
"tf.Tensor(12.38, shape=(), dtype=float32)",23.64,0.0036353692412376404
"tf.Tensor(50.96, shape=(), dtype=float32)",58.34,0.0036353692412376404
"tf.Tensor(5.91, shape=(), dtype=float32)",4.953,0.0036353692412376404
"tf.Tensor(5.89, shape=(), dtype=float32)",5.45,0.0036353692412376404
"tf.Tensor(56.9, shape=(), dtype=float32)",52.8,0.0036353692412376404
"tf.Tensor(7.32, shape=(), dtype=float32)",9.1,0.0036353692412376404
"tf.Tensor(3.15, shape=(), dtype=float32)",-1.572,0.0036353692412376404
"tf.Tensor(4.67, shape=(), dtype=float32)",2.846,0.0036353692412376404
"tf.Tensor(64.85, shape=(), dtype=float32)",62.16,0.0036353692412376404
"tf.Tensor(51.69, shape=(), dtype=float32)",55.84,0.0036353692412376404
"tf.Tensor(63.0, shape=(), dtype=float32)",60.03,0.0036353692412376404
"tf.Tensor(9.54, shape=(), dtype=float32)",13.51,0.0036353692412376404
"tf.Tensor(65.3, shape=(), dtype=float32)",61.97,0.0036353692412376404
"tf.Tensor(3.65, shape=(), dtype=float32)",-0.8203,0.0036353692412376404
"tf.Tensor(59.76, shape=(), dtype=float32)",62.62,0.0036353692412376404
"tf.Tensor(10.49, shape=(), dtype=float32)",16.33,0.0036353692412376404
"tf.Tensor(40.83, shape=(), dtype=float32)",54.9,0.0036353692412376404
"tf.Tensor(3.8, shape=(), dtype=float32)",0.9897,0.0036353692412376404
"tf.Tensor(12.0, shape=(), dtype=float32)",20.23,0.0036353692412376404
"tf.Tensor(5.5, shape=(), dtype=float32)",5.316,0.0036353692412376404
"tf.Tensor(57.58, shape=(), dtype=float32)",61.75,0.0036353692412376404
"tf.Tensor(63.24, shape=(), dtype=float32)",58.84,0.0036353692412376404
"tf.Tensor(43.1, shape=(), dtype=float32)",53.6,0.0036353692412376404
"tf.Tensor(4.13, shape=(), dtype=float32)",0.7305,0.0036353692412376404
"tf.Tensor(64.8, shape=(), dtype=float32)",61.78,0.0036353692412376404
"tf.Tensor(44.01, shape=(), dtype=float32)",55.03,0.0036353692412376404
"tf.Tensor(60.65, shape=(), dtype=float32)",59.22,0.0036353692412376404
"tf.Tensor(65.19, shape=(), dtype=float32)",61.6,0.0036353692412376404
"tf.Tensor(43.14, shape=(), dtype=float32)",47.53,0.003932587802410126
"tf.Tensor(38.55, shape=(), dtype=float32)",53.47,0.003932587802410126
"tf.Tensor(64.91, shape=(), dtype=float32)",61.22,0.003932587802410126
"tf.Tensor(4.57, shape=(), dtype=float32)",2.645,0.003932587802410126
"tf.Tensor(3.5, shape=(), dtype=float32)",-1.143,0.003932587802410126
"tf.Tensor(24.69, shape=(), dtype=float32)",40.34,0.003932587802410126
"tf.Tensor(3.26, shape=(), dtype=float32)",-1.011,0.003932587802410126
"tf.Tensor(64.62, shape=(), dtype=float32)",59.62,0.003932587802410126
"tf.Tensor(59.03, shape=(), dtype=float32)",61.53,0.003932587802410126
"tf.Tensor(4.48, shape=(), dtype=float32)",2.117,0.003932587802410126
"tf.Tensor(61.72, shape=(), dtype=float32)",57.38,0.003932587802410126
"tf.Tensor(42.68, shape=(), dtype=float32)",54.88,0.003932587802410126
"tf.Tensor(65.06, shape=(), dtype=float32)",61.12,0.003932587802410126
"tf.Tensor(41.97, shape=(), dtype=float32)",48.03,0.003932587802410126
"tf.Tensor(62.56, shape=(), dtype=float32)",63.6,0.003932587802410126
"tf.Tensor(35.15, shape=(), dtype=float32)",46.16,0.003932587802410126
"tf.Tensor(65.13, shape=(), dtype=float32)",61.9,0.003932587802410126
"tf.Tensor(7.75, shape=(), dtype=float32)",9.23,0.003932587802410126
"tf.Tensor(10.76, shape=(), dtype=float32)",20.69,0.003932587802410126
"tf.Tensor(59.41, shape=(), dtype=float32)",53.25,0.003932587802410126
"tf.Tensor(65.35, shape=(), dtype=float32)",61.2,0.003932587802410126
"tf.Tensor(64.71, shape=(), dtype=float32)",61.38,0.003932587802410126
"tf.Tensor(64.17, shape=(), dtype=float32)",62.22,0.003932587802410126
"tf.Tensor(52.17, shape=(), dtype=float32)",55.84,0.003932587802410126
"tf.Tensor(64.34, shape=(), dtype=float32)",60.9,0.003932587802410126
"tf.Tensor(60.38, shape=(), dtype=float32)",62.66,0.003932587802410126
"tf.Tensor(8.55, shape=(), dtype=float32)",12.49,0.003932587802410126
"tf.Tensor(3.83, shape=(), dtype=float32)",0.03162,0.003932587802410126
"tf.Tensor(65.32, shape=(), dtype=float32)",61.3,0.003932587802410126
"tf.Tensor(20.58, shape=(), dtype=float32)",37.28,0.003932587802410126
"tf.Tensor(6.76, shape=(), dtype=float32)",9.21,0.003932587802410126
"tf.Tensor(60.82, shape=(), dtype=float32)",57.34,0.003932587802410126
"tf.Tensor(5.26, shape=(), dtype=float32)",4.582,0.00405314564704895
"tf.Tensor(3.74, shape=(), dtype=float32)",-0.796,0.00405314564704895
"tf.Tensor(64.85, shape=(), dtype=float32)",59.28,0.00405314564704895
"tf.Tensor(5.23, shape=(), dtype=float32)",2.934,0.00405314564704895
"tf.Tensor(63.41, shape=(), dtype=float32)",61.62,0.00405314564704895
"tf.Tensor(3.34, shape=(), dtype=float32)",-1.885,0.00405314564704895
"tf.Tensor(6.7, shape=(), dtype=float32)",6.55,0.00405314564704895
"tf.Tensor(4.13, shape=(), dtype=float32)",-0.4014,0.00405314564704895
"tf.Tensor(3.06, shape=(), dtype=float32)",-2.176,0.00405314564704895
"tf.Tensor(10.83, shape=(), dtype=float32)",17.3,0.00405314564704895
"tf.Tensor(65.2, shape=(), dtype=float32)",61.5,0.00405314564704895
"tf.Tensor(63.93, shape=(), dtype=float32)",60.84,0.00405314564704895
"tf.Tensor(5.36, shape=(), dtype=float32)",3.852,0.00405314564704895
"tf.Tensor(58.36, shape=(), dtype=float32)",61.94,0.00405314564704895
"tf.Tensor(65.05, shape=(), dtype=float32)",60.12,0.00405314564704895
"tf.Tensor(65.25, shape=(), dtype=float32)",60.94,0.00405314564704895
"tf.Tensor(64.91, shape=(), dtype=float32)",58.88,0.00405314564704895
"tf.Tensor(65.24, shape=(), dtype=float32)",59.8,0.00405314564704895
"tf.Tensor(9.56, shape=(), dtype=float32)",13.055,0.00405314564704895
"tf.Tensor(62.28, shape=(), dtype=float32)",63.97,0.00405314564704895
"tf.Tensor(5.88, shape=(), dtype=float32)",4.902,0.00405314564704895
"tf.Tensor(18.15, shape=(), dtype=float32)",30.45,0.00405314564704895
"tf.Tensor(5.99, shape=(), dtype=float32)",5.863,0.00405314564704895
"tf.Tensor(3.55, shape=(), dtype=float32)",-0.692,0.00405314564704895
"tf.Tensor(4.06, shape=(), dtype=float32)",-0.01733,0.00405314564704895
"tf.Tensor(2.99, shape=(), dtype=float32)",-2.22,0.00405314564704895
"tf.Tensor(2.46, shape=(), dtype=float32)",-3.281,0.00405314564704895
"tf.Tensor(49.58, shape=(), dtype=float32)",58.22,0.00405314564704895
"tf.Tensor(4.59, shape=(), dtype=float32)",1.724,0.00405314564704895
"tf.Tensor(3.79, shape=(), dtype=float32)",0.02124,0.00405314564704895
"tf.Tensor(52.29, shape=(), dtype=float32)",60.75,0.00405314564704895
"tf.Tensor(8.21, shape=(), dtype=float32)",10.35,0.00405314564704895
"tf.Tensor(64.19, shape=(), dtype=float32)",58.9,0.004085727035999298
"tf.Tensor(65.39, shape=(), dtype=float32)",61.6,0.004085727035999298
"tf.Tensor(30.23, shape=(), dtype=float32)",46.28,0.004085727035999298
"tf.Tensor(2.74, shape=(), dtype=float32)",-2.49,0.004085727035999298
"tf.Tensor(7.79, shape=(), dtype=float32)",10.88,0.004085727035999298
"tf.Tensor(41.07, shape=(), dtype=float32)",46.1,0.004085727035999298
"tf.Tensor(2.98, shape=(), dtype=float32)",-2.371,0.004085727035999298
"tf.Tensor(42.76, shape=(), dtype=float32)",51.06,0.004085727035999298
"tf.Tensor(7.49, shape=(), dtype=float32)",9.695,0.004085727035999298
"tf.Tensor(63.56, shape=(), dtype=float32)",58.88,0.004085727035999298
"tf.Tensor(64.17, shape=(), dtype=float32)",59.44,0.004085727035999298
"tf.Tensor(8.0, shape=(), dtype=float32)",11.836,0.004085727035999298
"tf.Tensor(7.15, shape=(), dtype=float32)",8.02,0.004085727035999298
"tf.Tensor(7.91, shape=(), dtype=float32)",11.914,0.004085727035999298
"tf.Tensor(64.08, shape=(), dtype=float32)",59.28,0.004085727035999298
"tf.Tensor(37.07, shape=(), dtype=float32)",45.47,0.004085727035999298
"tf.Tensor(41.2, shape=(), dtype=float32)",52.9,0.004085727035999298
"tf.Tensor(65.12, shape=(), dtype=float32)",60.0,0.004085727035999298
"tf.Tensor(40.37, shape=(), dtype=float32)",45.62,0.004085727035999298
"tf.Tensor(18.02, shape=(), dtype=float32)",31.58,0.004085727035999298
"tf.Tensor(8.72, shape=(), dtype=float32)",11.164,0.004085727035999298
"tf.Tensor(47.21, shape=(), dtype=float32)",55.5,0.004085727035999298
"tf.Tensor(2.51, shape=(), dtype=float32)",-2.947,0.004085727035999298
"tf.Tensor(7.84, shape=(), dtype=float32)",12.0,0.004085727035999298
"tf.Tensor(60.86, shape=(), dtype=float32)",55.06,0.004085727035999298
"tf.Tensor(7.78, shape=(), dtype=float32)",9.43,0.004085727035999298
"tf.Tensor(65.24, shape=(), dtype=float32)",62.06,0.004085727035999298
"tf.Tensor(32.16, shape=(), dtype=float32)",40.4,0.004085727035999298
"tf.Tensor(64.27, shape=(), dtype=float32)",60.84,0.004085727035999298
"tf.Tensor(4.19, shape=(), dtype=float32)",0.6514,0.004085727035999298
"tf.Tensor(60.14, shape=(), dtype=float32)",62.38,0.004085727035999298
"tf.Tensor(63.88, shape=(), dtype=float32)",62.3,0.004085727035999298
"tf.Tensor(63.47, shape=(), dtype=float32)",59.06,0.003987140953540802
"tf.Tensor(7.94, shape=(), dtype=float32)",10.336,0.003987140953540802
"tf.Tensor(65.41, shape=(), dtype=float32)",60.66,0.003987140953540802
"tf.Tensor(6.61, shape=(), dtype=float32)",7.258,0.003987140953540802
"tf.Tensor(63.97, shape=(), dtype=float32)",58.97,0.003987140953540802
"tf.Tensor(4.44, shape=(), dtype=float32)",1.247,0.003987140953540802
"tf.Tensor(43.65, shape=(), dtype=float32)",46.0,0.003987140953540802
"tf.Tensor(41.15, shape=(), dtype=float32)",52.34,0.003987140953540802
"tf.Tensor(7.55, shape=(), dtype=float32)",10.38,0.003987140953540802
"tf.Tensor(64.5, shape=(), dtype=float32)",60.97,0.003987140953540802
"tf.Tensor(63.69, shape=(), dtype=float32)",61.9,0.003987140953540802
"tf.Tensor(63.84, shape=(), dtype=float32)",58.16,0.003987140953540802
"tf.Tensor(3.93, shape=(), dtype=float32)",-0.2399,0.003987140953540802
"tf.Tensor(2.24, shape=(), dtype=float32)",-3.562,0.003987140953540802
"tf.Tensor(64.62, shape=(), dtype=float32)",61.9,0.003987140953540802
"tf.Tensor(7.74, shape=(), dtype=float32)",9.695,0.003987140953540802
"tf.Tensor(22.11, shape=(), dtype=float32)",35.66,0.003987140953540802
"tf.Tensor(6.87, shape=(), dtype=float32)",7.867,0.003987140953540802
"tf.Tensor(7.36, shape=(), dtype=float32)",9.27,0.003987140953540802
"tf.Tensor(6.72, shape=(), dtype=float32)",7.92,0.003987140953540802
"tf.Tensor(4.96, shape=(), dtype=float32)",3.28,0.003987140953540802
"tf.Tensor(46.4, shape=(), dtype=float32)",47.1,0.003987140953540802
"tf.Tensor(56.22, shape=(), dtype=float32)",58.6,0.003987140953540802
"tf.Tensor(36.44, shape=(), dtype=float32)",47.28,0.003987140953540802
"tf.Tensor(7.55, shape=(), dtype=float32)",9.54,0.003987140953540802
"tf.Tensor(8.27, shape=(), dtype=float32)",13.35,0.003987140953540802
"tf.Tensor(9.67, shape=(), dtype=float32)",13.4,0.003987140953540802
"tf.Tensor(7.52, shape=(), dtype=float32)",9.1,0.003987140953540802
"tf.Tensor(64.28, shape=(), dtype=float32)",63.53,0.003987140953540802
"tf.Tensor(63.84, shape=(), dtype=float32)",62.2,0.003987140953540802
"tf.Tensor(63.97, shape=(), dtype=float32)",60.75,0.003987140953540802
"tf.Tensor(65.04, shape=(), dtype=float32)",61.12,0.003987140953540802
"tf.Tensor(63.85, shape=(), dtype=float32)",58.0,0.0036634504795074463
"tf.Tensor(52.37, shape=(), dtype=float32)",56.5,0.0036634504795074463
"tf.Tensor(5.66, shape=(), dtype=float32)",5.105,0.0036634504795074463
"tf.Tensor(21.23, shape=(), dtype=float32)",35.53,0.0036634504795074463
"tf.Tensor(9.22, shape=(), dtype=float32)",11.98,0.0036634504795074463
"tf.Tensor(4.09, shape=(), dtype=float32)",-0.3203,0.0036634504795074463
"tf.Tensor(9.1, shape=(), dtype=float32)",11.16,0.0036634504795074463
"tf.Tensor(17.78, shape=(), dtype=float32)",30.38,0.0036634504795074463
"tf.Tensor(61.37, shape=(), dtype=float32)",60.06,0.0036634504795074463
"tf.Tensor(6.81, shape=(), dtype=float32)",7.727,0.0036634504795074463
"tf.Tensor(3.06, shape=(), dtype=float32)",-2.29,0.0036634504795074463
"tf.Tensor(58.89, shape=(), dtype=float32)",59.84,0.0036634504795074463
"tf.Tensor(64.52, shape=(), dtype=float32)",61.7,0.0036634504795074463
"tf.Tensor(9.83, shape=(), dtype=float32)",14.71,0.0036634504795074463
"tf.Tensor(3.2, shape=(), dtype=float32)",-1.806,0.0036634504795074463
"tf.Tensor(59.58, shape=(), dtype=float32)",63.12,0.0036634504795074463
"tf.Tensor(3.33, shape=(), dtype=float32)",-1.652,0.0036634504795074463
"tf.Tensor(3.62, shape=(), dtype=float32)",-0.194,0.0036634504795074463
"tf.Tensor(50.47, shape=(), dtype=float32)",56.4,0.0036634504795074463
"tf.Tensor(3.05, shape=(), dtype=float32)",-2.02,0.0036634504795074463
"tf.Tensor(65.18, shape=(), dtype=float32)",60.56,0.0036634504795074463
"tf.Tensor(18.6, shape=(), dtype=float32)",30.8,0.0036634504795074463
"tf.Tensor(49.5, shape=(), dtype=float32)",55.4,0.0036634504795074463
"tf.Tensor(64.03, shape=(), dtype=float32)",60.38,0.0036634504795074463
"tf.Tensor(65.27, shape=(), dtype=float32)",60.97,0.0036634504795074463
"tf.Tensor(26.19, shape=(), dtype=float32)",40.38,0.0036634504795074463
"tf.Tensor(40.32, shape=(), dtype=float32)",52.75,0.0036634504795074463
"tf.Tensor(64.56, shape=(), dtype=float32)",61.78,0.0036634504795074463
"tf.Tensor(18.37, shape=(), dtype=float32)",32.6,0.0036634504795074463
"tf.Tensor(2.69, shape=(), dtype=float32)",-2.129,0.0036634504795074463
"tf.Tensor(60.24, shape=(), dtype=float32)",55.8,0.0036634504795074463
"tf.Tensor(38.39, shape=(), dtype=float32)",44.8,0.0036634504795074463
"tf.Tensor(11.71, shape=(), dtype=float32)",23.4,0.00370190292596817
"tf.Tensor(5.36, shape=(), dtype=float32)",5.06,0.00370190292596817
"tf.Tensor(9.81, shape=(), dtype=float32)",14.68,0.00370190292596817
"tf.Tensor(58.13, shape=(), dtype=float32)",62.3,0.00370190292596817
"tf.Tensor(65.21, shape=(), dtype=float32)",60.1,0.00370190292596817
"tf.Tensor(13.45, shape=(), dtype=float32)",22.27,0.00370190292596817
"tf.Tensor(63.98, shape=(), dtype=float32)",63.6,0.00370190292596817
"tf.Tensor(10.61, shape=(), dtype=float32)",18.11,0.00370190292596817
"tf.Tensor(2.65, shape=(), dtype=float32)",-2.812,0.00370190292596817
"tf.Tensor(64.08, shape=(), dtype=float32)",62.12,0.00370190292596817
"tf.Tensor(32.25, shape=(), dtype=float32)",43.53,0.00370190292596817
"tf.Tensor(8.86, shape=(), dtype=float32)",12.4,0.00370190292596817
"tf.Tensor(2.73, shape=(), dtype=float32)",-2.49,0.00370190292596817
"tf.Tensor(6.11, shape=(), dtype=float32)",5.668,0.00370190292596817
"tf.Tensor(5.15, shape=(), dtype=float32)",3.6,0.00370190292596817
"tf.Tensor(9.82, shape=(), dtype=float32)",14.68,0.00370190292596817
"tf.Tensor(9.53, shape=(), dtype=float32)",13.68,0.00370190292596817
"tf.Tensor(5.27, shape=(), dtype=float32)",4.715,0.00370190292596817
"tf.Tensor(64.91, shape=(), dtype=float32)",60.1,0.00370190292596817
"tf.Tensor(65.36, shape=(), dtype=float32)",60.94,0.00370190292596817
"tf.Tensor(21.0, shape=(), dtype=float32)",33.1,0.00370190292596817
"tf.Tensor(59.38, shape=(), dtype=float32)",59.53,0.00370190292596817
"tf.Tensor(64.86, shape=(), dtype=float32)",58.88,0.00370190292596817
"tf.Tensor(6.23, shape=(), dtype=float32)",6.89,0.00370190292596817
"tf.Tensor(3.31, shape=(), dtype=float32)",-1.523,0.00370190292596817
"tf.Tensor(16.66, shape=(), dtype=float32)",29.33,0.00370190292596817
"tf.Tensor(8.34, shape=(), dtype=float32)",11.914,0.00370190292596817
"tf.Tensor(3.29, shape=(), dtype=float32)",-1.359,0.00370190292596817
"tf.Tensor(64.81, shape=(), dtype=float32)",59.38,0.00370190292596817
"tf.Tensor(11.92, shape=(), dtype=float32)",20.14,0.00370190292596817
"tf.Tensor(3.92, shape=(), dtype=float32)",0.8145,0.00370190292596817
"tf.Tensor(4.74, shape=(), dtype=float32)",2.316,0.00370190292596817
"tf.Tensor(39.19, shape=(), dtype=float32)",53.7,0.0036272183060646057
"tf.Tensor(63.97, shape=(), dtype=float32)",59.7,0.0036272183060646057
"tf.Tensor(7.2, shape=(), dtype=float32)",8.98,0.0036272183060646057
"tf.Tensor(23.54, shape=(), dtype=float32)",37.12,0.0036272183060646057
"tf.Tensor(6.39, shape=(), dtype=float32)",7.5,0.0036272183060646057
"tf.Tensor(60.63, shape=(), dtype=float32)",63.12,0.0036272183060646057
"tf.Tensor(64.16, shape=(), dtype=float32)",58.72,0.0036272183060646057
"tf.Tensor(3.58, shape=(), dtype=float32)",0.4478,0.0036272183060646057
"tf.Tensor(60.77, shape=(), dtype=float32)",61.03,0.0036272183060646057
"tf.Tensor(63.71, shape=(), dtype=float32)",62.2,0.0036272183060646057
"tf.Tensor(26.16, shape=(), dtype=float32)",40.34,0.0036272183060646057
"tf.Tensor(65.29, shape=(), dtype=float32)",60.5,0.0036272183060646057
"tf.Tensor(9.12, shape=(), dtype=float32)",10.57,0.0036272183060646057
"tf.Tensor(61.95, shape=(), dtype=float32)",63.53,0.0036272183060646057
"tf.Tensor(52.49, shape=(), dtype=float32)",60.2,0.0036272183060646057
"tf.Tensor(57.13, shape=(), dtype=float32)",52.38,0.0036272183060646057
"tf.Tensor(2.94, shape=(), dtype=float32)",-1.654,0.0036272183060646057
"tf.Tensor(7.35, shape=(), dtype=float32)",9.39,0.0036272183060646057
"tf.Tensor(3.49, shape=(), dtype=float32)",-1.199,0.0036272183060646057
"tf.Tensor(64.91, shape=(), dtype=float32)",59.5,0.0036272183060646057
"tf.Tensor(7.29, shape=(), dtype=float32)",9.414,0.0036272183060646057
"tf.Tensor(55.02, shape=(), dtype=float32)",61.62,0.0036272183060646057
"tf.Tensor(55.54, shape=(), dtype=float32)",56.25,0.0036272183060646057
"tf.Tensor(3.69, shape=(), dtype=float32)",-0.3647,0.0036272183060646057
"tf.Tensor(63.9, shape=(), dtype=float32)",61.8,0.0036272183060646057
"tf.Tensor(6.44, shape=(), dtype=float32)",8.05,0.0036272183060646057
"tf.Tensor(57.69, shape=(), dtype=float32)",62.16,0.0036272183060646057
"tf.Tensor(64.76, shape=(), dtype=float32)",59.9,0.0036272183060646057
"tf.Tensor(64.81, shape=(), dtype=float32)",61.6,0.0036272183060646057
"tf.Tensor(16.49, shape=(), dtype=float32)",26.16,0.0036272183060646057
"tf.Tensor(4.09, shape=(), dtype=float32)",0.4038,0.0036272183060646057
"tf.Tensor(3.28, shape=(), dtype=float32)",-1.281,0.0036272183060646057
"tf.Tensor(46.74, shape=(), dtype=float32)",52.44,0.0036836937069892883
"tf.Tensor(6.14, shape=(), dtype=float32)",6.492,0.0036836937069892883
"tf.Tensor(5.31, shape=(), dtype=float32)",3.488,0.0036836937069892883
"tf.Tensor(27.57, shape=(), dtype=float32)",42.56,0.0036836937069892883
"tf.Tensor(64.06, shape=(), dtype=float32)",59.22,0.0036836937069892883
"tf.Tensor(4.06, shape=(), dtype=float32)",1.1045,0.0036836937069892883
"tf.Tensor(8.56, shape=(), dtype=float32)",10.555,0.0036836937069892883
"tf.Tensor(4.07, shape=(), dtype=float32)",0.2788,0.0036836937069892883
"tf.Tensor(34.65, shape=(), dtype=float32)",47.3,0.0036836937069892883
"tf.Tensor(64.25, shape=(), dtype=float32)",60.06,0.0036836937069892883
"tf.Tensor(63.73, shape=(), dtype=float32)",58.5,0.0036836937069892883
"tf.Tensor(8.0, shape=(), dtype=float32)",11.99,0.0036836937069892883
"tf.Tensor(64.13, shape=(), dtype=float32)",58.9,0.0036836937069892883
"tf.Tensor(62.7, shape=(), dtype=float32)",59.94,0.0036836937069892883
"tf.Tensor(3.49, shape=(), dtype=float32)",-0.5444,0.0036836937069892883
"tf.Tensor(4.94, shape=(), dtype=float32)",3.467,0.0036836937069892883
"tf.Tensor(60.88, shape=(), dtype=float32)",63.34,0.0036836937069892883
"tf.Tensor(60.74, shape=(), dtype=float32)",60.53,0.0036836937069892883
"tf.Tensor(7.53, shape=(), dtype=float32)",10.23,0.0036836937069892883
"tf.Tensor(63.78, shape=(), dtype=float32)",60.22,0.0036836937069892883
"tf.Tensor(55.17, shape=(), dtype=float32)",56.56,0.0036836937069892883
"tf.Tensor(4.26, shape=(), dtype=float32)",0.312,0.0036836937069892883
"tf.Tensor(4.53, shape=(), dtype=float32)",2.408,0.0036836937069892883
"tf.Tensor(64.57, shape=(), dtype=float32)",61.2,0.0036836937069892883
"tf.Tensor(65.17, shape=(), dtype=float32)",60.6,0.0036836937069892883
"tf.Tensor(52.73, shape=(), dtype=float32)",56.7,0.0036836937069892883
"tf.Tensor(3.68, shape=(), dtype=float32)",-0.3984,0.0036836937069892883
"tf.Tensor(4.06, shape=(), dtype=float32)",-0.2798,0.0036836937069892883
"tf.Tensor(65.26, shape=(), dtype=float32)",62.03,0.0036836937069892883
"tf.Tensor(65.43, shape=(), dtype=float32)",60.94,0.0036836937069892883
"tf.Tensor(33.99, shape=(), dtype=float32)",49.75,0.0036836937069892883
"tf.Tensor(64.18, shape=(), dtype=float32)",60.75,0.0036836937069892883
"tf.Tensor(64.89, shape=(), dtype=float32)",60.1,0.00368296355009079
"tf.Tensor(61.83, shape=(), dtype=float32)",63.38,0.00368296355009079
"tf.Tensor(38.68, shape=(), dtype=float32)",53.03,0.00368296355009079
"tf.Tensor(57.87, shape=(), dtype=float32)",60.75,0.00368296355009079
"tf.Tensor(7.7, shape=(), dtype=float32)",12.49,0.00368296355009079
"tf.Tensor(65.14, shape=(), dtype=float32)",60.38,0.00368296355009079
"tf.Tensor(63.87, shape=(), dtype=float32)",60.62,0.00368296355009079
"tf.Tensor(59.98, shape=(), dtype=float32)",62.56,0.00368296355009079
"tf.Tensor(64.96, shape=(), dtype=float32)",58.53,0.00368296355009079
"tf.Tensor(5.12, shape=(), dtype=float32)",4.633,0.00368296355009079
"tf.Tensor(34.0, shape=(), dtype=float32)",48.78,0.00368296355009079
"tf.Tensor(7.17, shape=(), dtype=float32)",9.15,0.00368296355009079
"tf.Tensor(5.98, shape=(), dtype=float32)",3.762,0.00368296355009079
"tf.Tensor(5.15, shape=(), dtype=float32)",4.434,0.00368296355009079
"tf.Tensor(64.34, shape=(), dtype=float32)",63.8,0.00368296355009079
"tf.Tensor(64.55, shape=(), dtype=float32)",61.25,0.00368296355009079
"tf.Tensor(61.24, shape=(), dtype=float32)",63.12,0.00368296355009079
"tf.Tensor(5.45, shape=(), dtype=float32)",3.643,0.00368296355009079
"tf.Tensor(64.99, shape=(), dtype=float32)",59.0,0.00368296355009079
"tf.Tensor(63.95, shape=(), dtype=float32)",62.0,0.00368296355009079
"tf.Tensor(3.31, shape=(), dtype=float32)",-1.838,0.00368296355009079
"tf.Tensor(64.87, shape=(), dtype=float32)",60.03,0.00368296355009079
"tf.Tensor(38.06, shape=(), dtype=float32)",44.88,0.00368296355009079
"tf.Tensor(5.79, shape=(), dtype=float32)",5.637,0.00368296355009079
"tf.Tensor(65.35, shape=(), dtype=float32)",60.97,0.00368296355009079
"tf.Tensor(8.88, shape=(), dtype=float32)",10.195,0.00368296355009079
"tf.Tensor(32.74, shape=(), dtype=float32)",45.94,0.00368296355009079
"tf.Tensor(26.73, shape=(), dtype=float32)",38.47,0.00368296355009079
"tf.Tensor(5.02, shape=(), dtype=float32)",3.555,0.00368296355009079
"tf.Tensor(9.31, shape=(), dtype=float32)",11.73,0.00368296355009079
"tf.Tensor(62.4, shape=(), dtype=float32)",59.6,0.00368296355009079
"tf.Tensor(7.68, shape=(), dtype=float32)",10.06,0.00368296355009079
"tf.Tensor(65.27, shape=(), dtype=float32)",61.6,0.0036617815494537354
"tf.Tensor(6.75, shape=(), dtype=float32)",6.953,0.0036617815494537354
"tf.Tensor(23.41, shape=(), dtype=float32)",41.75,0.0036617815494537354
"tf.Tensor(63.21, shape=(), dtype=float32)",61.8,0.0036617815494537354
"tf.Tensor(3.9, shape=(), dtype=float32)",-0.0008545,0.0036617815494537354
"tf.Tensor(3.25, shape=(), dtype=float32)",-1.199,0.0036617815494537354
"tf.Tensor(27.16, shape=(), dtype=float32)",38.34,0.0036617815494537354
"tf.Tensor(57.91, shape=(), dtype=float32)",59.44,0.0036617815494537354
"tf.Tensor(3.27, shape=(), dtype=float32)",-1.258,0.0036617815494537354
"tf.Tensor(65.24, shape=(), dtype=float32)",61.53,0.0036617815494537354
"tf.Tensor(34.27, shape=(), dtype=float32)",46.88,0.0036617815494537354
"tf.Tensor(5.64, shape=(), dtype=float32)",4.4,0.0036617815494537354
"tf.Tensor(64.04, shape=(), dtype=float32)",61.44,0.0036617815494537354
"tf.Tensor(43.76, shape=(), dtype=float32)",47.22,0.0036617815494537354
"tf.Tensor(7.39, shape=(), dtype=float32)",9.46,0.0036617815494537354
"tf.Tensor(64.72, shape=(), dtype=float32)",61.62,0.0036617815494537354
"tf.Tensor(63.91, shape=(), dtype=float32)",59.84,0.0036617815494537354
"tf.Tensor(23.8, shape=(), dtype=float32)",41.8,0.0036617815494537354
"tf.Tensor(25.82, shape=(), dtype=float32)",40.88,0.0036617815494537354
"tf.Tensor(5.57, shape=(), dtype=float32)",5.043,0.0036617815494537354
"tf.Tensor(5.97, shape=(), dtype=float32)",5.992,0.0036617815494537354
"tf.Tensor(6.06, shape=(), dtype=float32)",6.91,0.0036617815494537354
"tf.Tensor(65.25, shape=(), dtype=float32)",60.56,0.0036617815494537354
"tf.Tensor(65.11, shape=(), dtype=float32)",62.38,0.0036617815494537354
"tf.Tensor(61.3, shape=(), dtype=float32)",56.03,0.0036617815494537354
"tf.Tensor(64.65, shape=(), dtype=float32)",61.44,0.0036617815494537354
"tf.Tensor(3.24, shape=(), dtype=float32)",-0.5728,0.0036617815494537354
"tf.Tensor(12.8, shape=(), dtype=float32)",21.73,0.0036617815494537354
"tf.Tensor(25.45, shape=(), dtype=float32)",41.22,0.0036617815494537354
"tf.Tensor(30.05, shape=(), dtype=float32)",39.94,0.0036617815494537354
"tf.Tensor(64.13, shape=(), dtype=float32)",60.16,0.0036617815494537354
"tf.Tensor(4.51, shape=(), dtype=float32)",2.197,0.0036617815494537354
"tf.Tensor(65.34, shape=(), dtype=float32)",59.8,0.003720201551914215
"tf.Tensor(52.88, shape=(), dtype=float32)",56.3,0.003720201551914215
"tf.Tensor(15.03, shape=(), dtype=float32)",27.31,0.003720201551914215
"tf.Tensor(32.51, shape=(), dtype=float32)",43.2,0.003720201551914215
"tf.Tensor(42.51, shape=(), dtype=float32)",56.84,0.003720201551914215
"tf.Tensor(9.09, shape=(), dtype=float32)",11.414,0.003720201551914215
"tf.Tensor(21.07, shape=(), dtype=float32)",36.03,0.003720201551914215
"tf.Tensor(3.52, shape=(), dtype=float32)",-1.155,0.003720201551914215
"tf.Tensor(3.85, shape=(), dtype=float32)",0.669,0.003720201551914215
"tf.Tensor(2.66, shape=(), dtype=float32)",-3.3,0.003720201551914215
"tf.Tensor(5.26, shape=(), dtype=float32)",4.21,0.003720201551914215
"tf.Tensor(63.82, shape=(), dtype=float32)",62.4,0.003720201551914215
"tf.Tensor(64.14, shape=(), dtype=float32)",60.62,0.003720201551914215
"tf.Tensor(6.65, shape=(), dtype=float32)",5.805,0.003720201551914215
"tf.Tensor(16.4, shape=(), dtype=float32)",28.2,0.003720201551914215
"tf.Tensor(63.91, shape=(), dtype=float32)",59.84,0.003720201551914215
"tf.Tensor(8.13, shape=(), dtype=float32)",10.04,0.003720201551914215
"tf.Tensor(3.93, shape=(), dtype=float32)",-0.01062,0.003720201551914215
"tf.Tensor(3.28, shape=(), dtype=float32)",-2.072,0.003720201551914215
"tf.Tensor(3.55, shape=(), dtype=float32)",-0.4927,0.003720201551914215
"tf.Tensor(64.12, shape=(), dtype=float32)",59.7,0.003720201551914215
"tf.Tensor(65.22, shape=(), dtype=float32)",60.38,0.003720201551914215
"tf.Tensor(52.21, shape=(), dtype=float32)",50.78,0.003720201551914215
"tf.Tensor(8.74, shape=(), dtype=float32)",10.04,0.003720201551914215
"tf.Tensor(52.75, shape=(), dtype=float32)",50.78,0.003720201551914215
"tf.Tensor(3.32, shape=(), dtype=float32)",-2.295,0.003720201551914215
"tf.Tensor(26.41, shape=(), dtype=float32)",41.1,0.003720201551914215
"tf.Tensor(63.76, shape=(), dtype=float32)",59.66,0.003720201551914215
"tf.Tensor(65.3, shape=(), dtype=float32)",61.38,0.003720201551914215
"tf.Tensor(42.41, shape=(), dtype=float32)",56.28,0.003720201551914215
"tf.Tensor(57.44, shape=(), dtype=float32)",60.34,0.003720201551914215
"tf.Tensor(4.53, shape=(), dtype=float32)",1.201,0.003720201551914215
"tf.Tensor(64.2, shape=(), dtype=float32)",58.72,0.003843337297439575
"tf.Tensor(62.86, shape=(), dtype=float32)",60.3,0.003843337297439575
"tf.Tensor(3.29, shape=(), dtype=float32)",-2.541,0.003843337297439575
"tf.Tensor(63.87, shape=(), dtype=float32)",58.0,0.003843337297439575
"tf.Tensor(49.29, shape=(), dtype=float32)",57.62,0.003843337297439575
"tf.Tensor(63.46, shape=(), dtype=float32)",59.8,0.003843337297439575
"tf.Tensor(5.18, shape=(), dtype=float32)",4.492,0.003843337297439575
"tf.Tensor(4.12, shape=(), dtype=float32)",1.317,0.003843337297439575
"tf.Tensor(4.32, shape=(), dtype=float32)",0.8994,0.003843337297439575
"tf.Tensor(63.91, shape=(), dtype=float32)",59.4,0.003843337297439575
"tf.Tensor(60.67, shape=(), dtype=float32)",59.0,0.003843337297439575
"tf.Tensor(62.88, shape=(), dtype=float32)",63.4,0.003843337297439575
"tf.Tensor(7.72, shape=(), dtype=float32)",8.82,0.003843337297439575
"tf.Tensor(6.17, shape=(), dtype=float32)",6.45,0.003843337297439575
"tf.Tensor(65.27, shape=(), dtype=float32)",61.44,0.003843337297439575
"tf.Tensor(37.41, shape=(), dtype=float32)",47.72,0.003843337297439575
"tf.Tensor(3.87, shape=(), dtype=float32)",0.3508,0.003843337297439575
"tf.Tensor(63.69, shape=(), dtype=float32)",61.16,0.003843337297439575
"tf.Tensor(6.22, shape=(), dtype=float32)",7.32,0.003843337297439575
"tf.Tensor(57.99, shape=(), dtype=float32)",62.1,0.003843337297439575
"tf.Tensor(64.2, shape=(), dtype=float32)",60.9,0.003843337297439575
"tf.Tensor(65.31, shape=(), dtype=float32)",61.4,0.003843337297439575
"tf.Tensor(37.16, shape=(), dtype=float32)",52.3,0.003843337297439575
"tf.Tensor(65.38, shape=(), dtype=float32)",59.16,0.003843337297439575
"tf.Tensor(65.21, shape=(), dtype=float32)",59.53,0.003843337297439575
"tf.Tensor(62.32, shape=(), dtype=float32)",63.66,0.003843337297439575
"tf.Tensor(62.24, shape=(), dtype=float32)",63.97,0.003843337297439575
"tf.Tensor(3.96, shape=(), dtype=float32)",1.104,0.003843337297439575
"tf.Tensor(2.85, shape=(), dtype=float32)",-1.998,0.003843337297439575
"tf.Tensor(27.26, shape=(), dtype=float32)",42.6,0.003843337297439575
"tf.Tensor(2.86, shape=(), dtype=float32)",-1.893,0.003843337297439575
"tf.Tensor(5.35, shape=(), dtype=float32)",3.846,0.003843337297439575
"tf.Tensor(64.08, shape=(), dtype=float32)",59.97,0.0037096068263053894
"tf.Tensor(5.93, shape=(), dtype=float32)",5.473,0.0037096068263053894
"tf.Tensor(8.27, shape=(), dtype=float32)",11.836,0.0037096068263053894
"tf.Tensor(7.35, shape=(), dtype=float32)",9.695,0.0037096068263053894
"tf.Tensor(33.87, shape=(), dtype=float32)",47.56,0.0037096068263053894
"tf.Tensor(4.8, shape=(), dtype=float32)",2.516,0.0037096068263053894
"tf.Tensor(7.98, shape=(), dtype=float32)",10.14,0.0037096068263053894
"tf.Tensor(5.75, shape=(), dtype=float32)",4.5,0.0037096068263053894
"tf.Tensor(2.58, shape=(), dtype=float32)",-2.588,0.0037096068263053894
"tf.Tensor(56.29, shape=(), dtype=float32)",61.53,0.0037096068263053894
"tf.Tensor(60.97, shape=(), dtype=float32)",59.88,0.0037096068263053894
"tf.Tensor(35.94, shape=(), dtype=float32)",43.7,0.0037096068263053894
"tf.Tensor(64.07, shape=(), dtype=float32)",60.75,0.0037096068263053894
"tf.Tensor(4.45, shape=(), dtype=float32)",1.707,0.0037096068263053894
"tf.Tensor(64.53, shape=(), dtype=float32)",59.44,0.0037096068263053894
"tf.Tensor(4.11, shape=(), dtype=float32)",2.115,0.0037096068263053894
"tf.Tensor(48.78, shape=(), dtype=float32)",49.1,0.0037096068263053894
"tf.Tensor(50.22, shape=(), dtype=float32)",48.8,0.0037096068263053894
"tf.Tensor(8.55, shape=(), dtype=float32)",11.87,0.0037096068263053894
"tf.Tensor(63.99, shape=(), dtype=float32)",60.0,0.0037096068263053894
"tf.Tensor(61.4, shape=(), dtype=float32)",63.47,0.0037096068263053894
"tf.Tensor(2.46, shape=(), dtype=float32)",-3.209,0.0037096068263053894
"tf.Tensor(8.05, shape=(), dtype=float32)",11.51,0.0037096068263053894
"tf.Tensor(3.72, shape=(), dtype=float32)",-0.4238,0.0037096068263053894
"tf.Tensor(3.44, shape=(), dtype=float32)",-0.6123,0.0037096068263053894
"tf.Tensor(3.54, shape=(), dtype=float32)",-0.3838,0.0037096068263053894
"tf.Tensor(3.97, shape=(), dtype=float32)",-0.4814,0.0037096068263053894
"tf.Tensor(64.37, shape=(), dtype=float32)",63.8,0.0037096068263053894
"tf.Tensor(7.72, shape=(), dtype=float32)",10.734,0.0037096068263053894
"tf.Tensor(41.97, shape=(), dtype=float32)",54.78,0.0037096068263053894
"tf.Tensor(51.05, shape=(), dtype=float32)",49.97,0.0037096068263053894
"tf.Tensor(3.28, shape=(), dtype=float32)",-1.414,0.0037096068263053894
"tf.Tensor(7.16, shape=(), dtype=float32)",8.85,0.003819674253463745
"tf.Tensor(64.35, shape=(), dtype=float32)",64.4,0.003819674253463745
"tf.Tensor(6.28, shape=(), dtype=float32)",7.113,0.003819674253463745
"tf.Tensor(63.73, shape=(), dtype=float32)",61.56,0.003819674253463745
"tf.Tensor(58.05, shape=(), dtype=float32)",62.72,0.003819674253463745
"tf.Tensor(4.97, shape=(), dtype=float32)",3.207,0.003819674253463745
"tf.Tensor(3.32, shape=(), dtype=float32)",-1.83,0.003819674253463745
"tf.Tensor(64.29, shape=(), dtype=float32)",63.5,0.003819674253463745
"tf.Tensor(5.5, shape=(), dtype=float32)",4.652,0.003819674253463745
"tf.Tensor(3.6, shape=(), dtype=float32)",-0.666,0.003819674253463745
"tf.Tensor(7.88, shape=(), dtype=float32)",9.055,0.003819674253463745
"tf.Tensor(64.6, shape=(), dtype=float32)",60.16,0.003819674253463745
"tf.Tensor(64.87, shape=(), dtype=float32)",58.9,0.003819674253463745
"tf.Tensor(59.64, shape=(), dtype=float32)",63.47,0.003819674253463745
"tf.Tensor(3.73, shape=(), dtype=float32)",-0.1134,0.003819674253463745
"tf.Tensor(9.98, shape=(), dtype=float32)",14.1,0.003819674253463745
"tf.Tensor(58.61, shape=(), dtype=float32)",61.7,0.003819674253463745
"tf.Tensor(5.53, shape=(), dtype=float32)",4.35,0.003819674253463745
"tf.Tensor(48.18, shape=(), dtype=float32)",53.03,0.003819674253463745
"tf.Tensor(10.08, shape=(), dtype=float32)",14.38,0.003819674253463745
"tf.Tensor(7.68, shape=(), dtype=float32)",8.85,0.003819674253463745
"tf.Tensor(3.52, shape=(), dtype=float32)",-0.817,0.003819674253463745
"tf.Tensor(4.03, shape=(), dtype=float32)",0.0431,0.003819674253463745
"tf.Tensor(65.26, shape=(), dtype=float32)",60.3,0.003819674253463745
"tf.Tensor(63.86, shape=(), dtype=float32)",61.5,0.003819674253463745
"tf.Tensor(56.01, shape=(), dtype=float32)",57.8,0.003819674253463745
"tf.Tensor(42.98, shape=(), dtype=float32)",55.53,0.003819674253463745
"tf.Tensor(3.58, shape=(), dtype=float32)",-0.8906,0.003819674253463745
"tf.Tensor(3.58, shape=(), dtype=float32)",-0.1718,0.003819674253463745
"tf.Tensor(8.19, shape=(), dtype=float32)",12.6,0.003819674253463745
"tf.Tensor(3.25, shape=(), dtype=float32)",-0.885,0.003819674253463745
"tf.Tensor(3.49, shape=(), dtype=float32)",-0.475,0.003819674253463745
"tf.Tensor(64.34, shape=(), dtype=float32)",63.8,0.003651447594165802
"tf.Tensor(6.35, shape=(), dtype=float32)",8.23,0.003651447594165802
"tf.Tensor(64.17, shape=(), dtype=float32)",60.12,0.003651447594165802
"tf.Tensor(8.09, shape=(), dtype=float32)",10.09,0.003651447594165802
"tf.Tensor(6.35, shape=(), dtype=float32)",6.402,0.003651447594165802
"tf.Tensor(12.48, shape=(), dtype=float32)",19.78,0.003651447594165802
"tf.Tensor(3.45, shape=(), dtype=float32)",-0.922,0.003651447594165802
"tf.Tensor(2.52, shape=(), dtype=float32)",-3.285,0.003651447594165802
"tf.Tensor(65.38, shape=(), dtype=float32)",61.78,0.003651447594165802
"tf.Tensor(2.49, shape=(), dtype=float32)",-2.89,0.003651447594165802
"tf.Tensor(31.98, shape=(), dtype=float32)",46.62,0.003651447594165802
"tf.Tensor(64.42, shape=(), dtype=float32)",61.47,0.003651447594165802
"tf.Tensor(64.91, shape=(), dtype=float32)",60.12,0.003651447594165802
"tf.Tensor(5.83, shape=(), dtype=float32)",5.906,0.003651447594165802
"tf.Tensor(3.45, shape=(), dtype=float32)",-0.3452,0.003651447594165802
"tf.Tensor(12.58, shape=(), dtype=float32)",19.73,0.003651447594165802
"tf.Tensor(6.57, shape=(), dtype=float32)",7.45,0.003651447594165802
"tf.Tensor(2.72, shape=(), dtype=float32)",-2.139,0.003651447594165802
"tf.Tensor(3.39, shape=(), dtype=float32)",-1.98,0.003651447594165802
"tf.Tensor(6.94, shape=(), dtype=float32)",7.457,0.003651447594165802
"tf.Tensor(64.53, shape=(), dtype=float32)",58.94,0.003651447594165802
"tf.Tensor(64.3, shape=(), dtype=float32)",60.9,0.003651447594165802
"tf.Tensor(3.5, shape=(), dtype=float32)",1.383,0.003651447594165802
"tf.Tensor(4.74, shape=(), dtype=float32)",2.361,0.003651447594165802
"tf.Tensor(32.27, shape=(), dtype=float32)",45.44,0.003651447594165802
"tf.Tensor(28.72, shape=(), dtype=float32)",42.56,0.003651447594165802
"tf.Tensor(64.87, shape=(), dtype=float32)",60.28,0.003651447594165802
"tf.Tensor(5.42, shape=(), dtype=float32)",3.932,0.003651447594165802
"tf.Tensor(8.44, shape=(), dtype=float32)",11.38,0.003651447594165802
"tf.Tensor(7.4, shape=(), dtype=float32)",9.14,0.003651447594165802
"tf.Tensor(64.97, shape=(), dtype=float32)",58.88,0.003651447594165802
"tf.Tensor(5.39, shape=(), dtype=float32)",3.7,0.003651447594165802
"tf.Tensor(3.72, shape=(), dtype=float32)",-0.8657,0.004037261009216309
"tf.Tensor(8.62, shape=(), dtype=float32)",10.516,0.004037261009216309
"tf.Tensor(63.07, shape=(), dtype=float32)",60.5,0.004037261009216309
"tf.Tensor(2.89, shape=(), dtype=float32)",-1.63,0.004037261009216309
"tf.Tensor(7.26, shape=(), dtype=float32)",8.984,0.004037261009216309
"tf.Tensor(59.16, shape=(), dtype=float32)",58.12,0.004037261009216309
"tf.Tensor(6.13, shape=(), dtype=float32)",6.047,0.004037261009216309
"tf.Tensor(15.84, shape=(), dtype=float32)",27.89,0.004037261009216309
"tf.Tensor(56.01, shape=(), dtype=float32)",61.47,0.004037261009216309
"tf.Tensor(65.31, shape=(), dtype=float32)",61.75,0.004037261009216309
"tf.Tensor(48.29, shape=(), dtype=float32)",55.62,0.004037261009216309
"tf.Tensor(65.34, shape=(), dtype=float32)",59.6,0.004037261009216309
"tf.Tensor(4.57, shape=(), dtype=float32)",1.423,0.004037261009216309
"tf.Tensor(5.96, shape=(), dtype=float32)",5.6,0.004037261009216309
"tf.Tensor(64.48, shape=(), dtype=float32)",61.25,0.004037261009216309
"tf.Tensor(65.26, shape=(), dtype=float32)",60.34,0.004037261009216309
"tf.Tensor(55.52, shape=(), dtype=float32)",52.28,0.004037261009216309
"tf.Tensor(29.21, shape=(), dtype=float32)",40.03,0.004037261009216309
"tf.Tensor(64.65, shape=(), dtype=float32)",61.0,0.004037261009216309
"tf.Tensor(38.49, shape=(), dtype=float32)",48.25,0.004037261009216309
"tf.Tensor(8.38, shape=(), dtype=float32)",12.83,0.004037261009216309
"tf.Tensor(5.62, shape=(), dtype=float32)",5.395,0.004037261009216309
"tf.Tensor(64.32, shape=(), dtype=float32)",63.75,0.004037261009216309
"tf.Tensor(63.3, shape=(), dtype=float32)",60.1,0.004037261009216309
"tf.Tensor(5.24, shape=(), dtype=float32)",3.78,0.004037261009216309
"tf.Tensor(65.32, shape=(), dtype=float32)",60.66,0.004037261009216309
"tf.Tensor(7.34, shape=(), dtype=float32)",8.77,0.004037261009216309
"tf.Tensor(5.32, shape=(), dtype=float32)",3.82,0.004037261009216309
"tf.Tensor(5.04, shape=(), dtype=float32)",3.133,0.004037261009216309
"tf.Tensor(60.58, shape=(), dtype=float32)",63.12,0.004037261009216309
"tf.Tensor(3.08, shape=(), dtype=float32)",-1.505,0.004037261009216309
"tf.Tensor(7.28, shape=(), dtype=float32)",8.586,0.004037261009216309
"tf.Tensor(65.22, shape=(), dtype=float32)",61.22,0.0036901533603668213
"tf.Tensor(23.02, shape=(), dtype=float32)",37.56,0.0036901533603668213
"tf.Tensor(36.06, shape=(), dtype=float32)",51.34,0.0036901533603668213
"tf.Tensor(7.5, shape=(), dtype=float32)",10.46,0.0036901533603668213
"tf.Tensor(5.22, shape=(), dtype=float32)",4.266,0.0036901533603668213
"tf.Tensor(64.14, shape=(), dtype=float32)",61.53,0.0036901533603668213
"tf.Tensor(6.14, shape=(), dtype=float32)",6.56,0.0036901533603668213
"tf.Tensor(9.86, shape=(), dtype=float32)",14.32,0.0036901533603668213
"tf.Tensor(65.19, shape=(), dtype=float32)",60.78,0.0036901533603668213
"tf.Tensor(6.4, shape=(), dtype=float32)",6.477,0.0036901533603668213
"tf.Tensor(3.0, shape=(), dtype=float32)",-1.86,0.0036901533603668213
"tf.Tensor(65.18, shape=(), dtype=float32)",61.34,0.0036901533603668213
"tf.Tensor(5.34, shape=(), dtype=float32)",4.164,0.0036901533603668213
"tf.Tensor(59.6, shape=(), dtype=float32)",63.38,0.0036901533603668213
"tf.Tensor(64.4, shape=(), dtype=float32)",64.44,0.0036901533603668213
"tf.Tensor(3.96, shape=(), dtype=float32)",-0.4297,0.0036901533603668213
"tf.Tensor(64.42, shape=(), dtype=float32)",57.94,0.0036901533603668213
"tf.Tensor(62.12, shape=(), dtype=float32)",64.0,0.0036901533603668213
"tf.Tensor(35.96, shape=(), dtype=float32)",49.4,0.0036901533603668213
"tf.Tensor(2.8, shape=(), dtype=float32)",-2.014,0.0036901533603668213
"tf.Tensor(61.85, shape=(), dtype=float32)",59.72,0.0036901533603668213
"tf.Tensor(3.24, shape=(), dtype=float32)",-1.123,0.0036901533603668213
"tf.Tensor(6.86, shape=(), dtype=float32)",7.15,0.0036901533603668213
"tf.Tensor(46.74, shape=(), dtype=float32)",49.9,0.0036901533603668213
"tf.Tensor(7.93, shape=(), dtype=float32)",10.32,0.0036901533603668213
"tf.Tensor(15.37, shape=(), dtype=float32)",26.7,0.0036901533603668213
"tf.Tensor(3.64, shape=(), dtype=float32)",-0.914,0.0036901533603668213
"tf.Tensor(4.36, shape=(), dtype=float32)",1.298,0.0036901533603668213
"tf.Tensor(9.89, shape=(), dtype=float32)",13.69,0.0036901533603668213
"tf.Tensor(63.15, shape=(), dtype=float32)",61.84,0.0036901533603668213
"tf.Tensor(65.09, shape=(), dtype=float32)",61.66,0.0036901533603668213
"tf.Tensor(29.81, shape=(), dtype=float32)",45.44,0.0036901533603668213
"tf.Tensor(63.62, shape=(), dtype=float32)",60.53,0.0037061572074890137
"tf.Tensor(64.01, shape=(), dtype=float32)",61.75,0.0037061572074890137
"tf.Tensor(4.17, shape=(), dtype=float32)",1.755,0.0037061572074890137
"tf.Tensor(44.17, shape=(), dtype=float32)",53.0,0.0037061572074890137
"tf.Tensor(7.53, shape=(), dtype=float32)",10.87,0.0037061572074890137
"tf.Tensor(57.54, shape=(), dtype=float32)",58.84,0.0037061572074890137
"tf.Tensor(3.27, shape=(), dtype=float32)",-1.664,0.0037061572074890137
"tf.Tensor(6.6, shape=(), dtype=float32)",8.3,0.0037061572074890137
"tf.Tensor(63.93, shape=(), dtype=float32)",62.53,0.0037061572074890137
"tf.Tensor(64.45, shape=(), dtype=float32)",63.53,0.0037061572074890137
"tf.Tensor(6.16, shape=(), dtype=float32)",5.69,0.0037061572074890137
"tf.Tensor(65.38, shape=(), dtype=float32)",60.16,0.0037061572074890137
"tf.Tensor(14.83, shape=(), dtype=float32)",26.75,0.0037061572074890137
"tf.Tensor(65.04, shape=(), dtype=float32)",61.0,0.0037061572074890137
"tf.Tensor(61.18, shape=(), dtype=float32)",59.56,0.0037061572074890137
"tf.Tensor(7.56, shape=(), dtype=float32)",10.13,0.0037061572074890137
"tf.Tensor(6.17, shape=(), dtype=float32)",5.89,0.0037061572074890137
"tf.Tensor(27.21, shape=(), dtype=float32)",42.9,0.0037061572074890137
"tf.Tensor(59.49, shape=(), dtype=float32)",55.0,0.0037061572074890137
"tf.Tensor(64.29, shape=(), dtype=float32)",59.6,0.0037061572074890137
"tf.Tensor(2.92, shape=(), dtype=float32)",-2.186,0.0037061572074890137
"tf.Tensor(65.35, shape=(), dtype=float32)",60.94,0.0037061572074890137
"tf.Tensor(64.16, shape=(), dtype=float32)",58.9,0.0037061572074890137
"tf.Tensor(53.24, shape=(), dtype=float32)",59.72,0.0037061572074890137
"tf.Tensor(5.55, shape=(), dtype=float32)",5.035,0.0037061572074890137
"tf.Tensor(4.03, shape=(), dtype=float32)",1.05,0.0037061572074890137
"tf.Tensor(4.15, shape=(), dtype=float32)",-0.355,0.0037061572074890137
"tf.Tensor(63.07, shape=(), dtype=float32)",61.28,0.0037061572074890137
"tf.Tensor(61.56, shape=(), dtype=float32)",56.9,0.0037061572074890137
"tf.Tensor(4.16, shape=(), dtype=float32)",0.738,0.0037061572074890137
"tf.Tensor(3.83, shape=(), dtype=float32)",0.792,0.0037061572074890137
"tf.Tensor(5.88, shape=(), dtype=float32)",4.855,0.0037061572074890137
"tf.Tensor(9.61, shape=(), dtype=float32)",14.37,0.0039291828870773315
"tf.Tensor(8.73, shape=(), dtype=float32)",10.77,0.0039291828870773315
"tf.Tensor(28.24, shape=(), dtype=float32)",44.97,0.0039291828870773315
"tf.Tensor(3.34, shape=(), dtype=float32)",-2.428,0.0039291828870773315
"tf.Tensor(5.19, shape=(), dtype=float32)",3.52,0.0039291828870773315
"tf.Tensor(41.57, shape=(), dtype=float32)",52.72,0.0039291828870773315
"tf.Tensor(60.34, shape=(), dtype=float32)",60.88,0.0039291828870773315
"tf.Tensor(55.07, shape=(), dtype=float32)",59.22,0.0039291828870773315
"tf.Tensor(44.48, shape=(), dtype=float32)",48.53,0.0039291828870773315
"tf.Tensor(9.77, shape=(), dtype=float32)",14.71,0.0039291828870773315
"tf.Tensor(3.61, shape=(), dtype=float32)",-0.4785,0.0039291828870773315
"tf.Tensor(3.14, shape=(), dtype=float32)",-1.924,0.0039291828870773315
"tf.Tensor(3.69, shape=(), dtype=float32)",0.2424,0.0039291828870773315
"tf.Tensor(8.74, shape=(), dtype=float32)",10.62,0.0039291828870773315
"tf.Tensor(3.39, shape=(), dtype=float32)",-1.006,0.0039291828870773315
"tf.Tensor(7.62, shape=(), dtype=float32)",9.12,0.0039291828870773315
"tf.Tensor(62.51, shape=(), dtype=float32)",58.28,0.0039291828870773315
"tf.Tensor(64.73, shape=(), dtype=float32)",61.53,0.0039291828870773315
"tf.Tensor(65.17, shape=(), dtype=float32)",60.62,0.0039291828870773315
"tf.Tensor(65.27, shape=(), dtype=float32)",60.8,0.0039291828870773315
"tf.Tensor(5.2, shape=(), dtype=float32)",4.113,0.0039291828870773315
"tf.Tensor(5.57, shape=(), dtype=float32)",5.027,0.0039291828870773315
"tf.Tensor(63.25, shape=(), dtype=float32)",58.2,0.0039291828870773315
"tf.Tensor(7.0, shape=(), dtype=float32)",7.062,0.0039291828870773315
"tf.Tensor(2.47, shape=(), dtype=float32)",-3.541,0.0039291828870773315
"tf.Tensor(6.7, shape=(), dtype=float32)",6.11,0.0039291828870773315
"tf.Tensor(64.16, shape=(), dtype=float32)",63.4,0.0039291828870773315
"tf.Tensor(8.36, shape=(), dtype=float32)",11.734,0.0039291828870773315
"tf.Tensor(40.92, shape=(), dtype=float32)",52.34,0.0039291828870773315
"tf.Tensor(64.32, shape=(), dtype=float32)",58.53,0.0039291828870773315
"tf.Tensor(47.08, shape=(), dtype=float32)",53.56,0.0039291828870773315
"tf.Tensor(63.39, shape=(), dtype=float32)",63.4,0.0039291828870773315
"tf.Tensor(6.61, shape=(), dtype=float32)",7.508,0.003945782780647278
"tf.Tensor(65.24, shape=(), dtype=float32)",61.2,0.003945782780647278
"tf.Tensor(63.2, shape=(), dtype=float32)",61.62,0.003945782780647278
"tf.Tensor(50.07, shape=(), dtype=float32)",56.2,0.003945782780647278
"tf.Tensor(6.85, shape=(), dtype=float32)",8.09,0.003945782780647278
"tf.Tensor(4.28, shape=(), dtype=float32)",2.057,0.003945782780647278
"tf.Tensor(22.33, shape=(), dtype=float32)",36.6,0.003945782780647278
"tf.Tensor(3.39, shape=(), dtype=float32)",-0.2612,0.003945782780647278
"tf.Tensor(63.26, shape=(), dtype=float32)",59.56,0.003945782780647278
"tf.Tensor(29.36, shape=(), dtype=float32)",44.34,0.003945782780647278
"tf.Tensor(7.32, shape=(), dtype=float32)",9.43,0.003945782780647278
"tf.Tensor(9.96, shape=(), dtype=float32)",15.27,0.003945782780647278
"tf.Tensor(65.18, shape=(), dtype=float32)",59.66,0.003945782780647278
"tf.Tensor(61.88, shape=(), dtype=float32)",56.6,0.003945782780647278
"tf.Tensor(26.28, shape=(), dtype=float32)",38.72,0.003945782780647278
"tf.Tensor(23.66, shape=(), dtype=float32)",37.44,0.003945782780647278
"tf.Tensor(37.91, shape=(), dtype=float32)",50.9,0.003945782780647278
"tf.Tensor(6.9, shape=(), dtype=float32)",9.016,0.003945782780647278
"tf.Tensor(3.31, shape=(), dtype=float32)",-1.321,0.003945782780647278
"tf.Tensor(16.57, shape=(), dtype=float32)",26.58,0.003945782780647278
"tf.Tensor(5.8, shape=(), dtype=float32)",5.504,0.003945782780647278
"tf.Tensor(65.27, shape=(), dtype=float32)",60.78,0.003945782780647278
"tf.Tensor(2.38, shape=(), dtype=float32)",-3.293,0.003945782780647278
"tf.Tensor(19.99, shape=(), dtype=float32)",32.6,0.003945782780647278
"tf.Tensor(7.44, shape=(), dtype=float32)",9.586,0.003945782780647278
"tf.Tensor(65.33, shape=(), dtype=float32)",60.2,0.003945782780647278
"tf.Tensor(62.79, shape=(), dtype=float32)",58.03,0.003945782780647278
"tf.Tensor(14.45, shape=(), dtype=float32)",26.11,0.003945782780647278
"tf.Tensor(65.42, shape=(), dtype=float32)",60.7,0.003945782780647278
"tf.Tensor(63.0, shape=(), dtype=float32)",62.94,0.003945782780647278
"tf.Tensor(35.72, shape=(), dtype=float32)",49.06,0.003945782780647278
"tf.Tensor(63.96, shape=(), dtype=float32)",60.75,0.003945782780647278
"tf.Tensor(5.7, shape=(), dtype=float32)",4.58,0.003835640847682953
"tf.Tensor(53.02, shape=(), dtype=float32)",56.9,0.003835640847682953
"tf.Tensor(3.31, shape=(), dtype=float32)",-1.35,0.003835640847682953
"tf.Tensor(62.1, shape=(), dtype=float32)",54.47,0.003835640847682953
"tf.Tensor(65.36, shape=(), dtype=float32)",60.5,0.003835640847682953
"tf.Tensor(65.1, shape=(), dtype=float32)",61.84,0.003835640847682953
"tf.Tensor(55.35, shape=(), dtype=float32)",58.84,0.003835640847682953
"tf.Tensor(4.86, shape=(), dtype=float32)",2.84,0.003835640847682953
"tf.Tensor(3.71, shape=(), dtype=float32)",-0.4805,0.003835640847682953
"tf.Tensor(64.38, shape=(), dtype=float32)",63.34,0.003835640847682953
"tf.Tensor(62.18, shape=(), dtype=float32)",61.4,0.003835640847682953
"tf.Tensor(62.69, shape=(), dtype=float32)",59.7,0.003835640847682953
"tf.Tensor(5.36, shape=(), dtype=float32)",4.04,0.003835640847682953
"tf.Tensor(5.27, shape=(), dtype=float32)",4.445,0.003835640847682953
"tf.Tensor(61.6, shape=(), dtype=float32)",62.9,0.003835640847682953
"tf.Tensor(43.04, shape=(), dtype=float32)",52.78,0.003835640847682953
"tf.Tensor(52.32, shape=(), dtype=float32)",60.72,0.003835640847682953
"tf.Tensor(4.08, shape=(), dtype=float32)",0.275,0.003835640847682953
"tf.Tensor(45.72, shape=(), dtype=float32)",55.66,0.003835640847682953
"tf.Tensor(7.52, shape=(), dtype=float32)",9.1,0.003835640847682953
"tf.Tensor(50.0, shape=(), dtype=float32)",53.9,0.003835640847682953
"tf.Tensor(6.69, shape=(), dtype=float32)",6.76,0.003835640847682953
"tf.Tensor(8.32, shape=(), dtype=float32)",11.6,0.003835640847682953
"tf.Tensor(64.97, shape=(), dtype=float32)",61.6,0.003835640847682953
"tf.Tensor(7.25, shape=(), dtype=float32)",8.93,0.003835640847682953
"tf.Tensor(5.51, shape=(), dtype=float32)",4.684,0.003835640847682953
"tf.Tensor(59.65, shape=(), dtype=float32)",54.22,0.003835640847682953
"tf.Tensor(23.02, shape=(), dtype=float32)",38.22,0.003835640847682953
"tf.Tensor(65.29, shape=(), dtype=float32)",61.66,0.003835640847682953
"tf.Tensor(5.88, shape=(), dtype=float32)",5.28,0.003835640847682953
"tf.Tensor(35.75, shape=(), dtype=float32)",49.5,0.003835640847682953
"tf.Tensor(11.04, shape=(), dtype=float32)",17.67,0.003835640847682953
"tf.Tensor(11.29, shape=(), dtype=float32)",18.83,0.0038837119936943054
"tf.Tensor(5.73, shape=(), dtype=float32)",4.535,0.0038837119936943054
"tf.Tensor(38.76, shape=(), dtype=float32)",48.8,0.0038837119936943054
"tf.Tensor(6.1, shape=(), dtype=float32)",7.098,0.0038837119936943054
"tf.Tensor(64.96, shape=(), dtype=float32)",59.1,0.0038837119936943054
"tf.Tensor(59.32, shape=(), dtype=float32)",63.3,0.0038837119936943054
"tf.Tensor(53.64, shape=(), dtype=float32)",57.5,0.0038837119936943054
"tf.Tensor(3.51, shape=(), dtype=float32)",-0.6025,0.0038837119936943054
"tf.Tensor(65.39, shape=(), dtype=float32)",61.47,0.0038837119936943054
"tf.Tensor(64.48, shape=(), dtype=float32)",61.47,0.0038837119936943054
"tf.Tensor(28.72, shape=(), dtype=float32)",39.34,0.0038837119936943054
"tf.Tensor(51.82, shape=(), dtype=float32)",57.5,0.0038837119936943054
"tf.Tensor(57.41, shape=(), dtype=float32)",55.25,0.0038837119936943054
"tf.Tensor(64.39, shape=(), dtype=float32)",63.97,0.0038837119936943054
"tf.Tensor(20.88, shape=(), dtype=float32)",32.62,0.0038837119936943054
"tf.Tensor(57.93, shape=(), dtype=float32)",60.6,0.0038837119936943054
"tf.Tensor(4.81, shape=(), dtype=float32)",2.473,0.0038837119936943054
"tf.Tensor(19.98, shape=(), dtype=float32)",35.72,0.0038837119936943054
"tf.Tensor(5.9, shape=(), dtype=float32)",5.203,0.0038837119936943054
"tf.Tensor(2.89, shape=(), dtype=float32)",-1.718,0.0038837119936943054
"tf.Tensor(4.89, shape=(), dtype=float32)",3.285,0.0038837119936943054
"tf.Tensor(27.16, shape=(), dtype=float32)",38.66,0.0038837119936943054
"tf.Tensor(51.98, shape=(), dtype=float32)",58.06,0.0038837119936943054
"tf.Tensor(13.86, shape=(), dtype=float32)",24.7,0.0038837119936943054
"tf.Tensor(44.41, shape=(), dtype=float32)",47.03,0.0038837119936943054
"tf.Tensor(45.96, shape=(), dtype=float32)",54.22,0.0038837119936943054
"tf.Tensor(4.4, shape=(), dtype=float32)",2.781,0.0038837119936943054
"tf.Tensor(62.2, shape=(), dtype=float32)",59.88,0.0038837119936943054
"tf.Tensor(63.8, shape=(), dtype=float32)",62.1,0.0038837119936943054
"tf.Tensor(60.85, shape=(), dtype=float32)",63.2,0.0038837119936943054
"tf.Tensor(2.72, shape=(), dtype=float32)",-2.564,0.0038837119936943054
"tf.Tensor(41.21, shape=(), dtype=float32)",53.16,0.0038837119936943054
"tf.Tensor(64.2, shape=(), dtype=float32)",63.22,0.0038443058729171753
"tf.Tensor(4.74, shape=(), dtype=float32)",2.014,0.0038443058729171753
"tf.Tensor(65.48, shape=(), dtype=float32)",60.75,0.0038443058729171753
"tf.Tensor(64.42, shape=(), dtype=float32)",64.44,0.0038443058729171753
"tf.Tensor(47.67, shape=(), dtype=float32)",58.47,0.0038443058729171753
"tf.Tensor(5.89, shape=(), dtype=float32)",5.61,0.0038443058729171753
"tf.Tensor(4.68, shape=(), dtype=float32)",3.41,0.0038443058729171753
"tf.Tensor(7.28, shape=(), dtype=float32)",9.57,0.0038443058729171753
"tf.Tensor(4.8, shape=(), dtype=float32)",3.57,0.0038443058729171753
"tf.Tensor(14.14, shape=(), dtype=float32)",23.02,0.0038443058729171753
"tf.Tensor(2.92, shape=(), dtype=float32)",-2.396,0.0038443058729171753
"tf.Tensor(64.02, shape=(), dtype=float32)",60.8,0.0038443058729171753
"tf.Tensor(58.45, shape=(), dtype=float32)",58.7,0.0038443058729171753
"tf.Tensor(12.08, shape=(), dtype=float32)",21.02,0.0038443058729171753
"tf.Tensor(3.42, shape=(), dtype=float32)",-1.373,0.0038443058729171753
"tf.Tensor(65.02, shape=(), dtype=float32)",62.0,0.0038443058729171753
"tf.Tensor(17.93, shape=(), dtype=float32)",27.58,0.0038443058729171753
"tf.Tensor(51.81, shape=(), dtype=float32)",51.0,0.0038443058729171753
"tf.Tensor(2.66, shape=(), dtype=float32)",-2.666,0.0038443058729171753
"tf.Tensor(64.2, shape=(), dtype=float32)",59.28,0.0038443058729171753
"tf.Tensor(64.49, shape=(), dtype=float32)",61.12,0.0038443058729171753
"tf.Tensor(65.09, shape=(), dtype=float32)",60.88,0.0038443058729171753
"tf.Tensor(65.27, shape=(), dtype=float32)",61.16,0.0038443058729171753
"tf.Tensor(3.58, shape=(), dtype=float32)",-0.955,0.0038443058729171753
"tf.Tensor(9.73, shape=(), dtype=float32)",13.734,0.0038443058729171753
"tf.Tensor(64.28, shape=(), dtype=float32)",63.53,0.0038443058729171753
"tf.Tensor(9.9, shape=(), dtype=float32)",14.82,0.0038443058729171753
"tf.Tensor(7.68, shape=(), dtype=float32)",9.72,0.0038443058729171753
"tf.Tensor(6.87, shape=(), dtype=float32)",8.18,0.0038443058729171753
"tf.Tensor(7.56, shape=(), dtype=float32)",9.86,0.0038443058729171753
"tf.Tensor(2.57, shape=(), dtype=float32)",-3.146,0.0038443058729171753
"tf.Tensor(4.44, shape=(), dtype=float32)",1.681,0.0038443058729171753
"tf.Tensor(8.76, shape=(), dtype=float32)",10.35,0.003666594624519348
"tf.Tensor(65.37, shape=(), dtype=float32)",60.75,0.003666594624519348
"tf.Tensor(64.59, shape=(), dtype=float32)",62.12,0.003666594624519348
"tf.Tensor(6.07, shape=(), dtype=float32)",5.547,0.003666594624519348
"tf.Tensor(65.15, shape=(), dtype=float32)",61.9,0.003666594624519348
"tf.Tensor(65.15, shape=(), dtype=float32)",61.0,0.003666594624519348
"tf.Tensor(63.75, shape=(), dtype=float32)",63.66,0.003666594624519348
"tf.Tensor(64.48, shape=(), dtype=float32)",64.2,0.003666594624519348
"tf.Tensor(4.11, shape=(), dtype=float32)",0.9575,0.003666594624519348
"tf.Tensor(16.9, shape=(), dtype=float32)",28.94,0.003666594624519348
"tf.Tensor(64.02, shape=(), dtype=float32)",62.1,0.003666594624519348
"tf.Tensor(63.56, shape=(), dtype=float32)",61.62,0.003666594624519348
"tf.Tensor(7.6, shape=(), dtype=float32)",9.55,0.003666594624519348
"tf.Tensor(50.24, shape=(), dtype=float32)",55.53,0.003666594624519348
"tf.Tensor(30.65, shape=(), dtype=float32)",45.12,0.003666594624519348
"tf.Tensor(8.54, shape=(), dtype=float32)",11.43,0.003666594624519348
"tf.Tensor(59.58, shape=(), dtype=float32)",59.97,0.003666594624519348
"tf.Tensor(7.15, shape=(), dtype=float32)",8.96,0.003666594624519348
"tf.Tensor(5.86, shape=(), dtype=float32)",5.055,0.003666594624519348
"tf.Tensor(48.4, shape=(), dtype=float32)",58.75,0.003666594624519348
"tf.Tensor(36.44, shape=(), dtype=float32)",49.1,0.003666594624519348
"tf.Tensor(5.27, shape=(), dtype=float32)",4.23,0.003666594624519348
"tf.Tensor(7.55, shape=(), dtype=float32)",10.18,0.003666594624519348
"tf.Tensor(63.79, shape=(), dtype=float32)",61.94,0.003666594624519348
"tf.Tensor(60.96, shape=(), dtype=float32)",63.12,0.003666594624519348
"tf.Tensor(3.83, shape=(), dtype=float32)",0.07605,0.003666594624519348
"tf.Tensor(65.22, shape=(), dtype=float32)",60.1,0.003666594624519348
"tf.Tensor(64.15, shape=(), dtype=float32)",58.94,0.003666594624519348
"tf.Tensor(63.69, shape=(), dtype=float32)",61.34,0.003666594624519348
"tf.Tensor(5.19, shape=(), dtype=float32)",4.18,0.003666594624519348
"tf.Tensor(44.7, shape=(), dtype=float32)",50.5,0.003666594624519348
"tf.Tensor(9.63, shape=(), dtype=float32)",14.66,0.003666594624519348
"tf.Tensor(64.36, shape=(), dtype=float32)",59.75,0.0037133321166038513
"tf.Tensor(65.13, shape=(), dtype=float32)",61.97,0.0037133321166038513
"tf.Tensor(3.89, shape=(), dtype=float32)",0.1511,0.0037133321166038513
"tf.Tensor(3.58, shape=(), dtype=float32)",-0.873,0.0037133321166038513
"tf.Tensor(58.95, shape=(), dtype=float32)",57.16,0.0037133321166038513
"tf.Tensor(37.73, shape=(), dtype=float32)",52.78,0.0037133321166038513
"tf.Tensor(58.17, shape=(), dtype=float32)",60.22,0.0037133321166038513
"tf.Tensor(7.62, shape=(), dtype=float32)",10.195,0.0037133321166038513
"tf.Tensor(3.68, shape=(), dtype=float32)",-0.4194,0.0037133321166038513
"tf.Tensor(3.41, shape=(), dtype=float32)",-2.012,0.0037133321166038513
"tf.Tensor(64.51, shape=(), dtype=float32)",61.12,0.0037133321166038513
"tf.Tensor(7.46, shape=(), dtype=float32)",0.655,0.0037133321166038513
"tf.Tensor(45.18, shape=(), dtype=float32)",56.72,0.0037133321166038513
"tf.Tensor(61.54, shape=(), dtype=float32)",63.2,0.0037133321166038513
"tf.Tensor(43.44, shape=(), dtype=float32)",50.94,0.0037133321166038513
"tf.Tensor(9.07, shape=(), dtype=float32)",11.914,0.0037133321166038513
"tf.Tensor(41.13, shape=(), dtype=float32)",54.34,0.0037133321166038513
"tf.Tensor(23.03, shape=(), dtype=float32)",36.6,0.0037133321166038513
"tf.Tensor(3.62, shape=(), dtype=float32)",0.576,0.0037133321166038513
"tf.Tensor(9.36, shape=(), dtype=float32)",12.445,0.0037133321166038513
"tf.Tensor(5.22, shape=(), dtype=float32)",3.297,0.0037133321166038513
"tf.Tensor(59.68, shape=(), dtype=float32)",62.9,0.0037133321166038513
"tf.Tensor(64.01, shape=(), dtype=float32)",59.4,0.0037133321166038513
"tf.Tensor(7.05, shape=(), dtype=float32)",7.277,0.0037133321166038513
"tf.Tensor(2.94, shape=(), dtype=float32)",-2.482,0.0037133321166038513
"tf.Tensor(3.14, shape=(), dtype=float32)",-1.922,0.0037133321166038513
"tf.Tensor(65.31, shape=(), dtype=float32)",59.7,0.0037133321166038513
"tf.Tensor(62.38, shape=(), dtype=float32)",61.03,0.0037133321166038513
"tf.Tensor(52.62, shape=(), dtype=float32)",55.6,0.0037133321166038513
"tf.Tensor(64.62, shape=(), dtype=float32)",59.38,0.0037133321166038513
"tf.Tensor(48.91, shape=(), dtype=float32)",51.56,0.0037133321166038513
"tf.Tensor(17.36, shape=(), dtype=float32)",28.16,0.0037133321166038513
"tf.Tensor(50.0, shape=(), dtype=float32)",55.53,0.0038650333881378174
"tf.Tensor(64.01, shape=(), dtype=float32)",60.62,0.0038650333881378174
"tf.Tensor(14.31, shape=(), dtype=float32)",26.44,0.0038650333881378174
"tf.Tensor(9.4, shape=(), dtype=float32)",13.914,0.0038650333881378174
"tf.Tensor(5.23, shape=(), dtype=float32)",4.13,0.0038650333881378174
"tf.Tensor(6.09, shape=(), dtype=float32)",5.773,0.0038650333881378174
"tf.Tensor(63.58, shape=(), dtype=float32)",59.16,0.0038650333881378174
"tf.Tensor(59.61, shape=(), dtype=float32)",62.7,0.0038650333881378174
"tf.Tensor(5.02, shape=(), dtype=float32)",2.273,0.0038650333881378174
"tf.Tensor(4.36, shape=(), dtype=float32)",1.279,0.0038650333881378174
"tf.Tensor(60.7, shape=(), dtype=float32)",61.2,0.0038650333881378174
"tf.Tensor(48.03, shape=(), dtype=float32)",52.9,0.0038650333881378174
"tf.Tensor(58.92, shape=(), dtype=float32)",62.06,0.0038650333881378174
"tf.Tensor(57.43, shape=(), dtype=float32)",61.97,0.0038650333881378174
"tf.Tensor(7.39, shape=(), dtype=float32)",8.96,0.0038650333881378174
"tf.Tensor(9.81, shape=(), dtype=float32)",14.2,0.0038650333881378174
"tf.Tensor(43.81, shape=(), dtype=float32)",54.72,0.0038650333881378174
"tf.Tensor(10.68, shape=(), dtype=float32)",16.27,0.0038650333881378174
"tf.Tensor(57.89, shape=(), dtype=float32)",55.8,0.0038650333881378174
"tf.Tensor(13.22, shape=(), dtype=float32)",23.25,0.0038650333881378174
"tf.Tensor(64.71, shape=(), dtype=float32)",61.47,0.0038650333881378174
"tf.Tensor(56.93, shape=(), dtype=float32)",58.38,0.0038650333881378174
"tf.Tensor(3.38, shape=(), dtype=float32)",-2.174,0.0038650333881378174
"tf.Tensor(23.1, shape=(), dtype=float32)",36.12,0.0038650333881378174
"tf.Tensor(54.02, shape=(), dtype=float32)",60.94,0.0038650333881378174
"tf.Tensor(65.3, shape=(), dtype=float32)",61.06,0.0038650333881378174
"tf.Tensor(54.47, shape=(), dtype=float32)",58.3,0.0038650333881378174
"tf.Tensor(60.74, shape=(), dtype=float32)",60.75,0.0038650333881378174
"tf.Tensor(18.93, shape=(), dtype=float32)",34.47,0.0038650333881378174
"tf.Tensor(57.09, shape=(), dtype=float32)",62.03,0.0038650333881378174
"tf.Tensor(6.45, shape=(), dtype=float32)",8.13,0.0038650333881378174
"tf.Tensor(65.13, shape=(), dtype=float32)",60.53,0.0038650333881378174
"tf.Tensor(63.83, shape=(), dtype=float32)",60.03,0.0037585794925689697
"tf.Tensor(50.38, shape=(), dtype=float32)",56.1,0.0037585794925689697
"tf.Tensor(64.49, shape=(), dtype=float32)",61.94,0.0037585794925689697
"tf.Tensor(4.56, shape=(), dtype=float32)",1.512,0.0037585794925689697
"tf.Tensor(51.3, shape=(), dtype=float32)",58.78,0.0037585794925689697
"tf.Tensor(52.48, shape=(), dtype=float32)",50.44,0.0037585794925689697
"tf.Tensor(64.16, shape=(), dtype=float32)",63.75,0.0037585794925689697
"tf.Tensor(62.45, shape=(), dtype=float32)",60.28,0.0037585794925689697
"tf.Tensor(54.95, shape=(), dtype=float32)",58.03,0.0037585794925689697
"tf.Tensor(57.63, shape=(), dtype=float32)",61.53,0.0037585794925689697
"tf.Tensor(7.45, shape=(), dtype=float32)",9.98,0.0037585794925689697
"tf.Tensor(17.8, shape=(), dtype=float32)",30.5,0.0037585794925689697
"tf.Tensor(3.39, shape=(), dtype=float32)",-0.817,0.0037585794925689697
"tf.Tensor(3.96, shape=(), dtype=float32)",-0.3643,0.0037585794925689697
"tf.Tensor(62.83, shape=(), dtype=float32)",60.2,0.0037585794925689697
"tf.Tensor(7.85, shape=(), dtype=float32)",9.79,0.0037585794925689697
"tf.Tensor(3.41, shape=(), dtype=float32)",-0.5635,0.0037585794925689697
"tf.Tensor(7.83, shape=(), dtype=float32)",9.63,0.0037585794925689697
"tf.Tensor(5.23, shape=(), dtype=float32)",5.312,0.0037585794925689697
"tf.Tensor(51.96, shape=(), dtype=float32)",50.12,0.0037585794925689697
"tf.Tensor(28.0, shape=(), dtype=float32)",39.22,0.0037585794925689697
"tf.Tensor(65.16, shape=(), dtype=float32)",62.22,0.0037585794925689697
"tf.Tensor(64.38, shape=(), dtype=float32)",63.88,0.0037585794925689697
"tf.Tensor(3.49, shape=(), dtype=float32)",-0.915,0.0037585794925689697
"tf.Tensor(65.44, shape=(), dtype=float32)",61.06,0.0037585794925689697
"tf.Tensor(65.13, shape=(), dtype=float32)",61.9,0.0037585794925689697
"tf.Tensor(3.5, shape=(), dtype=float32)",-1.046,0.0037585794925689697
"tf.Tensor(8.64, shape=(), dtype=float32)",10.086,0.0037585794925689697
"tf.Tensor(5.68, shape=(), dtype=float32)",4.195,0.0037585794925689697
"tf.Tensor(3.13, shape=(), dtype=float32)",-1.99,0.0037585794925689697
"tf.Tensor(40.65, shape=(), dtype=float32)",46.4,0.0037585794925689697
"tf.Tensor(6.56, shape=(), dtype=float32)",6.508,0.0037585794925689697
"tf.Tensor(4.78, shape=(), dtype=float32)",2.58,0.0038822293281555176
"tf.Tensor(6.63, shape=(), dtype=float32)",6.715,0.0038822293281555176
"tf.Tensor(6.27, shape=(), dtype=float32)",6.496,0.0038822293281555176
"tf.Tensor(6.67, shape=(), dtype=float32)",7.97,0.0038822293281555176
"tf.Tensor(2.67, shape=(), dtype=float32)",-3.129,0.0038822293281555176
"tf.Tensor(4.09, shape=(), dtype=float32)",1.112,0.0038822293281555176
"tf.Tensor(3.48, shape=(), dtype=float32)",-1.161,0.0038822293281555176
"tf.Tensor(64.91, shape=(), dtype=float32)",59.12,0.0038822293281555176
"tf.Tensor(9.59, shape=(), dtype=float32)",14.79,0.0038822293281555176
"tf.Tensor(19.02, shape=(), dtype=float32)",33.75,0.0038822293281555176
"tf.Tensor(5.49, shape=(), dtype=float32)",4.184,0.0038822293281555176
"tf.Tensor(51.41, shape=(), dtype=float32)",56.16,0.0038822293281555176
"tf.Tensor(9.64, shape=(), dtype=float32)",14.164,0.0038822293281555176
"tf.Tensor(6.46, shape=(), dtype=float32)",6.93,0.0038822293281555176
"tf.Tensor(9.49, shape=(), dtype=float32)",14.01,0.0038822293281555176
"tf.Tensor(65.35, shape=(), dtype=float32)",61.25,0.0038822293281555176
"tf.Tensor(21.15, shape=(), dtype=float32)",34.16,0.0038822293281555176
"tf.Tensor(3.93, shape=(), dtype=float32)",0.8413,0.0038822293281555176
"tf.Tensor(37.06, shape=(), dtype=float32)",49.78,0.0038822293281555176
"tf.Tensor(64.16, shape=(), dtype=float32)",59.84,0.0038822293281555176
"tf.Tensor(64.09, shape=(), dtype=float32)",59.75,0.0038822293281555176
"tf.Tensor(64.56, shape=(), dtype=float32)",61.53,0.0038822293281555176
"tf.Tensor(63.77, shape=(), dtype=float32)",61.9,0.0038822293281555176
"tf.Tensor(9.88, shape=(), dtype=float32)",13.87,0.0038822293281555176
"tf.Tensor(2.69, shape=(), dtype=float32)",-2.543,0.0038822293281555176
"tf.Tensor(64.56, shape=(), dtype=float32)",61.1,0.0038822293281555176
"tf.Tensor(51.46, shape=(), dtype=float32)",50.53,0.0038822293281555176
"tf.Tensor(60.99, shape=(), dtype=float32)",63.7,0.0038822293281555176
"tf.Tensor(3.29, shape=(), dtype=float32)",-0.999,0.0038822293281555176
"tf.Tensor(64.77, shape=(), dtype=float32)",61.12,0.0038822293281555176
"tf.Tensor(49.0, shape=(), dtype=float32)",54.75,0.0038822293281555176
"tf.Tensor(7.03, shape=(), dtype=float32)",7.98,0.0038822293281555176
"tf.Tensor(3.72, shape=(), dtype=float32)",-0.5903,0.003691568970680237
"tf.Tensor(47.9, shape=(), dtype=float32)",47.25,0.003691568970680237
"tf.Tensor(7.79, shape=(), dtype=float32)",8.85,0.003691568970680237
"tf.Tensor(6.24, shape=(), dtype=float32)",7.99,0.003691568970680237
"tf.Tensor(2.8, shape=(), dtype=float32)",-2.893,0.003691568970680237
"tf.Tensor(7.31, shape=(), dtype=float32)",9.055,0.003691568970680237
"tf.Tensor(61.77, shape=(), dtype=float32)",59.03,0.003691568970680237
"tf.Tensor(38.07, shape=(), dtype=float32)",51.8,0.003691568970680237
"tf.Tensor(64.97, shape=(), dtype=float32)",58.7,0.003691568970680237
"tf.Tensor(25.22, shape=(), dtype=float32)",40.25,0.003691568970680237
"tf.Tensor(39.79, shape=(), dtype=float32)",49.3,0.003691568970680237
"tf.Tensor(22.97, shape=(), dtype=float32)",37.2,0.003691568970680237
"tf.Tensor(8.94, shape=(), dtype=float32)",12.99,0.003691568970680237
"tf.Tensor(2.55, shape=(), dtype=float32)",-3.076,0.003691568970680237
"tf.Tensor(64.51, shape=(), dtype=float32)",61.38,0.003691568970680237
"tf.Tensor(39.2, shape=(), dtype=float32)",51.66,0.003691568970680237
"tf.Tensor(7.1, shape=(), dtype=float32)",8.74,0.003691568970680237
"tf.Tensor(3.06, shape=(), dtype=float32)",-0.542,0.003691568970680237
"tf.Tensor(5.91, shape=(), dtype=float32)",5.49,0.003691568970680237
"tf.Tensor(8.13, shape=(), dtype=float32)",12.32,0.003691568970680237
"tf.Tensor(49.85, shape=(), dtype=float32)",55.94,0.003691568970680237
"tf.Tensor(43.42, shape=(), dtype=float32)",51.56,0.003691568970680237
"tf.Tensor(4.21, shape=(), dtype=float32)",1.443,0.003691568970680237
"tf.Tensor(16.14, shape=(), dtype=float32)",28.75,0.003691568970680237
"tf.Tensor(55.91, shape=(), dtype=float32)",52.4,0.003691568970680237
"tf.Tensor(64.96, shape=(), dtype=float32)",60.88,0.003691568970680237
"tf.Tensor(6.33, shape=(), dtype=float32)",6.812,0.003691568970680237
"tf.Tensor(6.82, shape=(), dtype=float32)",7.94,0.003691568970680237
"tf.Tensor(6.12, shape=(), dtype=float32)",7.207,0.003691568970680237
"tf.Tensor(3.67, shape=(), dtype=float32)",-0.3735,0.003691568970680237
"tf.Tensor(65.32, shape=(), dtype=float32)",60.66,0.003691568970680237
"tf.Tensor(45.9, shape=(), dtype=float32)",53.34,0.003691568970680237
"tf.Tensor(5.53, shape=(), dtype=float32)",5.074,0.00370943546295166
"tf.Tensor(4.09, shape=(), dtype=float32)",0.04993,0.00370943546295166
"tf.Tensor(56.52, shape=(), dtype=float32)",57.8,0.00370943546295166
"tf.Tensor(7.05, shape=(), dtype=float32)",8.875,0.00370943546295166
"tf.Tensor(64.69, shape=(), dtype=float32)",59.22,0.00370943546295166
"tf.Tensor(8.32, shape=(), dtype=float32)",11.336,0.00370943546295166
"tf.Tensor(12.17, shape=(), dtype=float32)",22.48,0.00370943546295166
"tf.Tensor(4.16, shape=(), dtype=float32)",-0.398,0.00370943546295166
"tf.Tensor(5.36, shape=(), dtype=float32)",4.465,0.00370943546295166
"tf.Tensor(8.33, shape=(), dtype=float32)",11.38,0.00370943546295166
"tf.Tensor(64.73, shape=(), dtype=float32)",61.6,0.00370943546295166
"tf.Tensor(7.65, shape=(), dtype=float32)",9.93,0.00370943546295166
"tf.Tensor(6.19, shape=(), dtype=float32)",6.957,0.00370943546295166
"tf.Tensor(63.61, shape=(), dtype=float32)",63.2,0.00370943546295166
"tf.Tensor(15.26, shape=(), dtype=float32)",27.05,0.00370943546295166
"tf.Tensor(6.03, shape=(), dtype=float32)",4.29,0.00370943546295166
"tf.Tensor(8.03, shape=(), dtype=float32)",9.91,0.00370943546295166
"tf.Tensor(7.12, shape=(), dtype=float32)",8.26,0.00370943546295166
"tf.Tensor(58.49, shape=(), dtype=float32)",59.3,0.00370943546295166
"tf.Tensor(12.64, shape=(), dtype=float32)",21.12,0.00370943546295166
"tf.Tensor(56.99, shape=(), dtype=float32)",61.8,0.00370943546295166
"tf.Tensor(15.67, shape=(), dtype=float32)",27.75,0.00370943546295166
"tf.Tensor(34.42, shape=(), dtype=float32)",49.44,0.00370943546295166
"tf.Tensor(9.98, shape=(), dtype=float32)",14.36,0.00370943546295166
"tf.Tensor(42.04, shape=(), dtype=float32)",56.34,0.00370943546295166
"tf.Tensor(7.01, shape=(), dtype=float32)",7.973,0.00370943546295166
"tf.Tensor(47.07, shape=(), dtype=float32)",53.56,0.00370943546295166
"tf.Tensor(3.51, shape=(), dtype=float32)",-1.309,0.00370943546295166
"tf.Tensor(4.8, shape=(), dtype=float32)",2.568,0.00370943546295166
"tf.Tensor(64.41, shape=(), dtype=float32)",63.9,0.00370943546295166
"tf.Tensor(8.2, shape=(), dtype=float32)",12.34,0.00370943546295166
"tf.Tensor(4.44, shape=(), dtype=float32)",1.453,0.00370943546295166
"tf.Tensor(13.04, shape=(), dtype=float32)",23.17,0.003712698817253113
"tf.Tensor(13.74, shape=(), dtype=float32)",25.77,0.003712698817253113
"tf.Tensor(4.82, shape=(), dtype=float32)",2.625,0.003712698817253113
"tf.Tensor(64.26, shape=(), dtype=float32)",58.78,0.003712698817253113
"tf.Tensor(3.16, shape=(), dtype=float32)",-1.697,0.003712698817253113
"tf.Tensor(22.66, shape=(), dtype=float32)",39.16,0.003712698817253113
"tf.Tensor(5.99, shape=(), dtype=float32)",5.066,0.003712698817253113
"tf.Tensor(13.44, shape=(), dtype=float32)",23.77,0.003712698817253113
"tf.Tensor(57.7, shape=(), dtype=float32)",55.12,0.003712698817253113
"tf.Tensor(9.14, shape=(), dtype=float32)",12.11,0.003712698817253113
"tf.Tensor(9.09, shape=(), dtype=float32)",12.29,0.003712698817253113
"tf.Tensor(6.51, shape=(), dtype=float32)",6.28,0.003712698817253113
"tf.Tensor(6.32, shape=(), dtype=float32)",6.367,0.003712698817253113
"tf.Tensor(56.77, shape=(), dtype=float32)",59.1,0.003712698817253113
"tf.Tensor(29.81, shape=(), dtype=float32)",45.2,0.003712698817253113
"tf.Tensor(5.55, shape=(), dtype=float32)",5.61,0.003712698817253113
"tf.Tensor(64.05, shape=(), dtype=float32)",59.62,0.003712698817253113
"tf.Tensor(6.06, shape=(), dtype=float32)",5.22,0.003712698817253113
"tf.Tensor(63.27, shape=(), dtype=float32)",59.22,0.003712698817253113
"tf.Tensor(65.21, shape=(), dtype=float32)",62.0,0.003712698817253113
"tf.Tensor(53.81, shape=(), dtype=float32)",58.62,0.003712698817253113
"tf.Tensor(63.73, shape=(), dtype=float32)",59.66,0.003712698817253113
"tf.Tensor(2.59, shape=(), dtype=float32)",-2.656,0.003712698817253113
"tf.Tensor(64.53, shape=(), dtype=float32)",60.56,0.003712698817253113
"tf.Tensor(65.39, shape=(), dtype=float32)",60.2,0.003712698817253113
"tf.Tensor(4.68, shape=(), dtype=float32)",2.893,0.003712698817253113
"tf.Tensor(64.02, shape=(), dtype=float32)",61.94,0.003712698817253113
"tf.Tensor(8.18, shape=(), dtype=float32)",12.1,0.003712698817253113
"tf.Tensor(57.38, shape=(), dtype=float32)",58.28,0.003712698817253113
"tf.Tensor(3.24, shape=(), dtype=float32)",-2.102,0.003712698817253113
"tf.Tensor(65.21, shape=(), dtype=float32)",61.44,0.003712698817253113
"tf.Tensor(64.82, shape=(), dtype=float32)",59.88,0.003712698817253113
"tf.Tensor(48.18, shape=(), dtype=float32)",59.34,0.0037068650126457214
"tf.Tensor(7.14, shape=(), dtype=float32)",7.855,0.0037068650126457214
"tf.Tensor(29.24, shape=(), dtype=float32)",43.28,0.0037068650126457214
"tf.Tensor(4.85, shape=(), dtype=float32)",2.81,0.0037068650126457214
"tf.Tensor(63.82, shape=(), dtype=float32)",61.66,0.0037068650126457214
"tf.Tensor(3.21, shape=(), dtype=float32)",-1.505,0.0037068650126457214
"tf.Tensor(20.53, shape=(), dtype=float32)",32.84,0.0037068650126457214
"tf.Tensor(57.86, shape=(), dtype=float32)",62.38,0.0037068650126457214
"tf.Tensor(6.9, shape=(), dtype=float32)",6.844,0.0037068650126457214
"tf.Tensor(42.89, shape=(), dtype=float32)",47.88,0.0037068650126457214
"tf.Tensor(65.38, shape=(), dtype=float32)",60.66,0.0037068650126457214
"tf.Tensor(51.07, shape=(), dtype=float32)",56.28,0.0037068650126457214
"tf.Tensor(64.27, shape=(), dtype=float32)",60.03,0.0037068650126457214
"tf.Tensor(7.74, shape=(), dtype=float32)",9.43,0.0037068650126457214
"tf.Tensor(6.53, shape=(), dtype=float32)",6.504,0.0037068650126457214
"tf.Tensor(57.6, shape=(), dtype=float32)",61.94,0.0037068650126457214
"tf.Tensor(33.82, shape=(), dtype=float32)",46.4,0.0037068650126457214
"tf.Tensor(6.63, shape=(), dtype=float32)",7.727,0.0037068650126457214
"tf.Tensor(3.57, shape=(), dtype=float32)",-0.877,0.0037068650126457214
"tf.Tensor(5.55, shape=(), dtype=float32)",5.332,0.0037068650126457214
"tf.Tensor(64.73, shape=(), dtype=float32)",59.88,0.0037068650126457214
"tf.Tensor(41.6, shape=(), dtype=float32)",49.62,0.0037068650126457214
"tf.Tensor(57.07, shape=(), dtype=float32)",52.47,0.0037068650126457214
"tf.Tensor(3.33, shape=(), dtype=float32)",-2.14,0.0037068650126457214
"tf.Tensor(23.3, shape=(), dtype=float32)",40.22,0.0037068650126457214
"tf.Tensor(3.38, shape=(), dtype=float32)",-2.027,0.0037068650126457214
"tf.Tensor(64.39, shape=(), dtype=float32)",64.2,0.0037068650126457214
"tf.Tensor(65.34, shape=(), dtype=float32)",60.3,0.0037068650126457214
"tf.Tensor(64.22, shape=(), dtype=float32)",62.1,0.0037068650126457214
"tf.Tensor(65.06, shape=(), dtype=float32)",61.34,0.0037068650126457214
"tf.Tensor(28.54, shape=(), dtype=float32)",43.94,0.0037068650126457214
"tf.Tensor(6.52, shape=(), dtype=float32)",6.715,0.0037068650126457214
"tf.Tensor(7.3, shape=(), dtype=float32)",9.35,0.0036927908658981323
"tf.Tensor(9.59, shape=(), dtype=float32)",13.35,0.0036927908658981323
"tf.Tensor(12.71, shape=(), dtype=float32)",24.14,0.0036927908658981323
"tf.Tensor(60.6, shape=(), dtype=float32)",62.84,0.0036927908658981323
"tf.Tensor(4.21, shape=(), dtype=float32)",1.275,0.0036927908658981323
"tf.Tensor(64.0, shape=(), dtype=float32)",62.28,0.0036927908658981323
"tf.Tensor(4.22, shape=(), dtype=float32)",-0.2886,0.0036927908658981323
"tf.Tensor(7.16, shape=(), dtype=float32)",8.43,0.0036927908658981323
"tf.Tensor(27.97, shape=(), dtype=float32)",38.22,0.0036927908658981323
"tf.Tensor(59.51, shape=(), dtype=float32)",62.84,0.0036927908658981323
"tf.Tensor(6.06, shape=(), dtype=float32)",6.906,0.0036927908658981323
"tf.Tensor(56.72, shape=(), dtype=float32)",57.94,0.0036927908658981323
"tf.Tensor(64.34, shape=(), dtype=float32)",62.1,0.0036927908658981323
"tf.Tensor(7.93, shape=(), dtype=float32)",10.74,0.0036927908658981323
"tf.Tensor(10.45, shape=(), dtype=float32)",16.83,0.0036927908658981323
"tf.Tensor(65.29, shape=(), dtype=float32)",61.4,0.0036927908658981323
"tf.Tensor(63.97, shape=(), dtype=float32)",58.8,0.0036927908658981323
"tf.Tensor(64.28, shape=(), dtype=float32)",60.03,0.0036927908658981323
"tf.Tensor(64.81, shape=(), dtype=float32)",61.38,0.0036927908658981323
"tf.Tensor(64.03, shape=(), dtype=float32)",60.62,0.0036927908658981323
"tf.Tensor(30.26, shape=(), dtype=float32)",46.06,0.0036927908658981323
"tf.Tensor(5.83, shape=(), dtype=float32)",6.18,0.0036927908658981323
"tf.Tensor(3.3, shape=(), dtype=float32)",-0.4697,0.0036927908658981323
"tf.Tensor(35.78, shape=(), dtype=float32)",48.44,0.0036927908658981323
"tf.Tensor(12.42, shape=(), dtype=float32)",20.14,0.0036927908658981323
"tf.Tensor(3.42, shape=(), dtype=float32)",-1.353,0.0036927908658981323
"tf.Tensor(4.94, shape=(), dtype=float32)",2.963,0.0036927908658981323
"tf.Tensor(13.31, shape=(), dtype=float32)",21.03,0.0036927908658981323
"tf.Tensor(63.85, shape=(), dtype=float32)",58.72,0.0036927908658981323
"tf.Tensor(2.99, shape=(), dtype=float32)",-2.396,0.0036927908658981323
"tf.Tensor(18.18, shape=(), dtype=float32)",30.47,0.0036927908658981323
"tf.Tensor(30.72, shape=(), dtype=float32)",45.44,0.0036927908658981323
"tf.Tensor(64.73, shape=(), dtype=float32)",59.56,0.0037296488881111145
"tf.Tensor(4.83, shape=(), dtype=float32)",2.58,0.0037296488881111145
"tf.Tensor(63.68, shape=(), dtype=float32)",62.38,0.0037296488881111145
"tf.Tensor(8.14, shape=(), dtype=float32)",10.555,0.0037296488881111145
"tf.Tensor(17.49, shape=(), dtype=float32)",30.48,0.0037296488881111145
"tf.Tensor(19.43, shape=(), dtype=float32)",34.12,0.0037296488881111145
"tf.Tensor(5.43, shape=(), dtype=float32)",4.758,0.0037296488881111145
"tf.Tensor(3.78, shape=(), dtype=float32)",-0.2399,0.0037296488881111145
"tf.Tensor(22.11, shape=(), dtype=float32)",37.62,0.0037296488881111145
"tf.Tensor(59.5, shape=(), dtype=float32)",56.8,0.0037296488881111145
"tf.Tensor(10.73, shape=(), dtype=float32)",17.73,0.0037296488881111145
"tf.Tensor(3.08, shape=(), dtype=float32)",-1.769,0.0037296488881111145
"tf.Tensor(7.96, shape=(), dtype=float32)",12.125,0.0037296488881111145
"tf.Tensor(64.99, shape=(), dtype=float32)",60.56,0.0037296488881111145
"tf.Tensor(2.46, shape=(), dtype=float32)",-2.703,0.0037296488881111145
"tf.Tensor(3.35, shape=(), dtype=float32)",-1.703,0.0037296488881111145
"tf.Tensor(11.69, shape=(), dtype=float32)",19.89,0.0037296488881111145
"tf.Tensor(5.02, shape=(), dtype=float32)",3.367,0.0037296488881111145
"tf.Tensor(8.47, shape=(), dtype=float32)",11.68,0.0037296488881111145
"tf.Tensor(14.38, shape=(), dtype=float32)",23.03,0.0037296488881111145
"tf.Tensor(5.17, shape=(), dtype=float32)",4.96,0.0037296488881111145
"tf.Tensor(6.2, shape=(), dtype=float32)",6.355,0.0037296488881111145
"tf.Tensor(64.66, shape=(), dtype=float32)",61.06,0.0037296488881111145
"tf.Tensor(3.66, shape=(), dtype=float32)",0.0476,0.0037296488881111145
"tf.Tensor(6.29, shape=(), dtype=float32)",7.543,0.0037296488881111145
"tf.Tensor(8.75, shape=(), dtype=float32)",10.57,0.0037296488881111145
"tf.Tensor(42.05, shape=(), dtype=float32)",52.44,0.0037296488881111145
"tf.Tensor(63.97, shape=(), dtype=float32)",59.7,0.0037296488881111145
"tf.Tensor(65.3, shape=(), dtype=float32)",61.72,0.0037296488881111145
"tf.Tensor(3.92, shape=(), dtype=float32)",-0.1578,0.0037296488881111145
"tf.Tensor(4.52, shape=(), dtype=float32)",2.055,0.0037296488881111145
"tf.Tensor(59.97, shape=(), dtype=float32)",58.56,0.0037296488881111145
"tf.Tensor(43.08, shape=(), dtype=float32)",53.34,0.00396467000246048
"tf.Tensor(65.27, shape=(), dtype=float32)",61.38,0.00396467000246048
"tf.Tensor(2.68, shape=(), dtype=float32)",-2.625,0.00396467000246048
"tf.Tensor(2.96, shape=(), dtype=float32)",-1.754,0.00396467000246048
"tf.Tensor(58.76, shape=(), dtype=float32)",60.28,0.00396467000246048
"tf.Tensor(64.35, shape=(), dtype=float32)",63.9,0.00396467000246048
"tf.Tensor(6.0, shape=(), dtype=float32)",5.984,0.00396467000246048
"tf.Tensor(65.41, shape=(), dtype=float32)",60.56,0.00396467000246048
"tf.Tensor(31.83, shape=(), dtype=float32)",45.38,0.00396467000246048
"tf.Tensor(30.04, shape=(), dtype=float32)",40.3,0.00396467000246048
"tf.Tensor(23.9, shape=(), dtype=float32)",38.9,0.00396467000246048
"tf.Tensor(64.07, shape=(), dtype=float32)",60.28,0.00396467000246048
"tf.Tensor(12.92, shape=(), dtype=float32)",21.97,0.00396467000246048
"tf.Tensor(2.67, shape=(), dtype=float32)",-3.094,0.00396467000246048
"tf.Tensor(3.65, shape=(), dtype=float32)",-0.1398,0.00396467000246048
"tf.Tensor(4.47, shape=(), dtype=float32)",2.055,0.00396467000246048
"tf.Tensor(3.08, shape=(), dtype=float32)",-2.139,0.00396467000246048
"tf.Tensor(64.14, shape=(), dtype=float32)",60.12,0.00396467000246048
"tf.Tensor(4.88, shape=(), dtype=float32)",3.453,0.00396467000246048
"tf.Tensor(63.72, shape=(), dtype=float32)",60.88,0.00396467000246048
"tf.Tensor(60.8, shape=(), dtype=float32)",59.53,0.00396467000246048
"tf.Tensor(4.82, shape=(), dtype=float32)",3.346,0.00396467000246048
"tf.Tensor(65.26, shape=(), dtype=float32)",61.12,0.00396467000246048
"tf.Tensor(4.3, shape=(), dtype=float32)",0.53,0.00396467000246048
"tf.Tensor(64.13, shape=(), dtype=float32)",60.56,0.00396467000246048
"tf.Tensor(55.99, shape=(), dtype=float32)",52.16,0.00396467000246048
"tf.Tensor(2.99, shape=(), dtype=float32)",-2.23,0.00396467000246048
"tf.Tensor(3.36, shape=(), dtype=float32)",-1.799,0.00396467000246048
"tf.Tensor(27.84, shape=(), dtype=float32)",41.97,0.00396467000246048
"tf.Tensor(2.97, shape=(), dtype=float32)",-1.656,0.00396467000246048
"tf.Tensor(3.94, shape=(), dtype=float32)",-0.005127,0.00396467000246048
"tf.Tensor(63.58, shape=(), dtype=float32)",62.38,0.00396467000246048
"tf.Tensor(56.04, shape=(), dtype=float32)",57.5,0.0036259517073631287
"tf.Tensor(26.08, shape=(), dtype=float32)",43.62,0.0036259517073631287
"tf.Tensor(6.67, shape=(), dtype=float32)",6.367,0.0036259517073631287
"tf.Tensor(64.24, shape=(), dtype=float32)",60.84,0.0036259517073631287
"tf.Tensor(5.36, shape=(), dtype=float32)",3.328,0.0036259517073631287
"tf.Tensor(60.73, shape=(), dtype=float32)",61.38,0.0036259517073631287
"tf.Tensor(5.06, shape=(), dtype=float32)",5.254,0.0036259517073631287
"tf.Tensor(60.08, shape=(), dtype=float32)",62.78,0.0036259517073631287
"tf.Tensor(21.94, shape=(), dtype=float32)",35.16,0.0036259517073631287
"tf.Tensor(4.76, shape=(), dtype=float32)",2.27,0.0036259517073631287
"tf.Tensor(3.31, shape=(), dtype=float32)",-1.815,0.0036259517073631287
"tf.Tensor(2.69, shape=(), dtype=float32)",-2.281,0.0036259517073631287
"tf.Tensor(62.05, shape=(), dtype=float32)",61.56,0.0036259517073631287
"tf.Tensor(62.4, shape=(), dtype=float32)",61.4,0.0036259517073631287
"tf.Tensor(2.58, shape=(), dtype=float32)",-3.084,0.0036259517073631287
"tf.Tensor(60.14, shape=(), dtype=float32)",58.44,0.0036259517073631287
"tf.Tensor(63.01, shape=(), dtype=float32)",60.1,0.0036259517073631287
"tf.Tensor(59.58, shape=(), dtype=float32)",59.56,0.0036259517073631287
"tf.Tensor(39.36, shape=(), dtype=float32)",51.25,0.0036259517073631287
"tf.Tensor(63.1, shape=(), dtype=float32)",58.03,0.0036259517073631287
"tf.Tensor(63.95, shape=(), dtype=float32)",60.66,0.0036259517073631287
"tf.Tensor(3.6, shape=(), dtype=float32)",-0.954,0.0036259517073631287
"tf.Tensor(51.45, shape=(), dtype=float32)",55.75,0.0036259517073631287
"tf.Tensor(63.89, shape=(), dtype=float32)",61.94,0.0036259517073631287
"tf.Tensor(45.65, shape=(), dtype=float32)",56.1,0.0036259517073631287
"tf.Tensor(53.12, shape=(), dtype=float32)",56.53,0.0036259517073631287
"tf.Tensor(58.34, shape=(), dtype=float32)",62.28,0.0036259517073631287
"tf.Tensor(55.48, shape=(), dtype=float32)",61.28,0.0036259517073631287
"tf.Tensor(3.33, shape=(), dtype=float32)",-2.03,0.0036259517073631287
"tf.Tensor(7.38, shape=(), dtype=float32)",11.24,0.0036259517073631287
"tf.Tensor(21.75, shape=(), dtype=float32)",38.44,0.0036259517073631287
"tf.Tensor(64.24, shape=(), dtype=float32)",61.3,0.0036259517073631287
"tf.Tensor(63.71, shape=(), dtype=float32)",58.7,0.0040362924337387085
"tf.Tensor(5.17, shape=(), dtype=float32)",3.385,0.0040362924337387085
"tf.Tensor(62.39, shape=(), dtype=float32)",60.53,0.0040362924337387085
"tf.Tensor(58.21, shape=(), dtype=float32)",60.12,0.0040362924337387085
"tf.Tensor(64.25, shape=(), dtype=float32)",59.03,0.0040362924337387085
"tf.Tensor(64.04, shape=(), dtype=float32)",60.6,0.0040362924337387085
"tf.Tensor(65.28, shape=(), dtype=float32)",61.84,0.0040362924337387085
"tf.Tensor(65.23, shape=(), dtype=float32)",61.56,0.0040362924337387085
"tf.Tensor(27.67, shape=(), dtype=float32)",42.72,0.0040362924337387085
"tf.Tensor(8.23, shape=(), dtype=float32)",11.06,0.0040362924337387085
"tf.Tensor(5.19, shape=(), dtype=float32)",4.062,0.0040362924337387085
"tf.Tensor(3.0, shape=(), dtype=float32)",-2.025,0.0040362924337387085
"tf.Tensor(5.36, shape=(), dtype=float32)",4.996,0.0040362924337387085
"tf.Tensor(64.16, shape=(), dtype=float32)",61.8,0.0040362924337387085
"tf.Tensor(64.35, shape=(), dtype=float32)",60.9,0.0040362924337387085
"tf.Tensor(64.5, shape=(), dtype=float32)",61.47,0.0040362924337387085
"tf.Tensor(63.98, shape=(), dtype=float32)",59.9,0.0040362924337387085
"tf.Tensor(26.37, shape=(), dtype=float32)",41.25,0.0040362924337387085
"tf.Tensor(63.95, shape=(), dtype=float32)",60.78,0.0040362924337387085
"tf.Tensor(3.91, shape=(), dtype=float32)",0.7627,0.0040362924337387085
"tf.Tensor(4.62, shape=(), dtype=float32)",2.324,0.0040362924337387085
"tf.Tensor(65.36, shape=(), dtype=float32)",61.7,0.0040362924337387085
"tf.Tensor(63.93, shape=(), dtype=float32)",62.1,0.0040362924337387085
"tf.Tensor(64.3, shape=(), dtype=float32)",61.06,0.0040362924337387085
"tf.Tensor(12.89, shape=(), dtype=float32)",22.47,0.0040362924337387085
"tf.Tensor(61.25, shape=(), dtype=float32)",60.0,0.0040362924337387085
"tf.Tensor(33.68, shape=(), dtype=float32)",49.56,0.0040362924337387085
"tf.Tensor(3.09, shape=(), dtype=float32)",-1.7,0.0040362924337387085
"tf.Tensor(8.16, shape=(), dtype=float32)",11.79,0.0040362924337387085
"tf.Tensor(3.72, shape=(), dtype=float32)",0.584,0.0040362924337387085
"tf.Tensor(63.61, shape=(), dtype=float32)",61.38,0.0040362924337387085
"tf.Tensor(47.58, shape=(), dtype=float32)",55.53,0.0040362924337387085
"tf.Tensor(63.76, shape=(), dtype=float32)",61.56,0.003819182515144348
"tf.Tensor(64.78, shape=(), dtype=float32)",59.97,0.003819182515144348
"tf.Tensor(5.26, shape=(), dtype=float32)",3.332,0.003819182515144348
"tf.Tensor(64.17, shape=(), dtype=float32)",59.5,0.003819182515144348
"tf.Tensor(51.02, shape=(), dtype=float32)",49.78,0.003819182515144348
"tf.Tensor(64.26, shape=(), dtype=float32)",63.44,0.003819182515144348
"tf.Tensor(3.31, shape=(), dtype=float32)",-1.199,0.003819182515144348
"tf.Tensor(3.51, shape=(), dtype=float32)",-0.1766,0.003819182515144348
"tf.Tensor(15.86, shape=(), dtype=float32)",27.58,0.003819182515144348
"tf.Tensor(62.33, shape=(), dtype=float32)",63.2,0.003819182515144348
"tf.Tensor(30.33, shape=(), dtype=float32)",40.9,0.003819182515144348
"tf.Tensor(28.07, shape=(), dtype=float32)",42.56,0.003819182515144348
"tf.Tensor(45.61, shape=(), dtype=float32)",53.7,0.003819182515144348
"tf.Tensor(5.61, shape=(), dtype=float32)",5.71,0.003819182515144348
"tf.Tensor(3.32, shape=(), dtype=float32)",-0.967,0.003819182515144348
"tf.Tensor(61.3, shape=(), dtype=float32)",60.16,0.003819182515144348
"tf.Tensor(53.56, shape=(), dtype=float32)",57.38,0.003819182515144348
"tf.Tensor(27.48, shape=(), dtype=float32)",39.66,0.003819182515144348
"tf.Tensor(44.76, shape=(), dtype=float32)",53.72,0.003819182515144348
"tf.Tensor(4.59, shape=(), dtype=float32)",1.731,0.003819182515144348
"tf.Tensor(65.08, shape=(), dtype=float32)",62.25,0.003819182515144348
"tf.Tensor(5.33, shape=(), dtype=float32)",4.645,0.003819182515144348
"tf.Tensor(3.22, shape=(), dtype=float32)",-1.309,0.003819182515144348
"tf.Tensor(61.99, shape=(), dtype=float32)",58.12,0.003819182515144348
"tf.Tensor(3.16, shape=(), dtype=float32)",-1.876,0.003819182515144348
"tf.Tensor(64.65, shape=(), dtype=float32)",61.38,0.003819182515144348
"tf.Tensor(26.5, shape=(), dtype=float32)",40.12,0.003819182515144348
"tf.Tensor(7.52, shape=(), dtype=float32)",10.18,0.003819182515144348
"tf.Tensor(5.62, shape=(), dtype=float32)",4.49,0.003819182515144348
"tf.Tensor(5.48, shape=(), dtype=float32)",4.484,0.003819182515144348
"tf.Tensor(9.47, shape=(), dtype=float32)",13.42,0.003819182515144348
"tf.Tensor(44.63, shape=(), dtype=float32)",53.22,0.003819182515144348
"tf.Tensor(3.97, shape=(), dtype=float32)",-0.1525,0.004099331796169281
"tf.Tensor(59.98, shape=(), dtype=float32)",59.94,0.004099331796169281
"tf.Tensor(64.64, shape=(), dtype=float32)",61.53,0.004099331796169281
"tf.Tensor(56.62, shape=(), dtype=float32)",61.94,0.004099331796169281
"tf.Tensor(33.97, shape=(), dtype=float32)",46.84,0.004099331796169281
"tf.Tensor(13.48, shape=(), dtype=float32)",22.73,0.004099331796169281
"tf.Tensor(3.86, shape=(), dtype=float32)",0.1156,0.004099331796169281
"tf.Tensor(8.29, shape=(), dtype=float32)",12.18,0.004099331796169281
"tf.Tensor(60.61, shape=(), dtype=float32)",59.3,0.004099331796169281
"tf.Tensor(24.96, shape=(), dtype=float32)",42.6,0.004099331796169281
"tf.Tensor(65.4, shape=(), dtype=float32)",60.1,0.004099331796169281
"tf.Tensor(57.2, shape=(), dtype=float32)",58.12,0.004099331796169281
"tf.Tensor(53.67, shape=(), dtype=float32)",49.22,0.004099331796169281
"tf.Tensor(2.81, shape=(), dtype=float32)",-2.201,0.004099331796169281
"tf.Tensor(64.37, shape=(), dtype=float32)",64.25,0.004099331796169281
"tf.Tensor(14.66, shape=(), dtype=float32)",26.3,0.004099331796169281
"tf.Tensor(60.85, shape=(), dtype=float32)",63.53,0.004099331796169281
"tf.Tensor(6.87, shape=(), dtype=float32)",7.07,0.004099331796169281
"tf.Tensor(63.88, shape=(), dtype=float32)",60.56,0.004099331796169281
"tf.Tensor(64.29, shape=(), dtype=float32)",60.7,0.004099331796169281
"tf.Tensor(6.17, shape=(), dtype=float32)",5.89,0.004099331796169281
"tf.Tensor(64.87, shape=(), dtype=float32)",58.6,0.004099331796169281
"tf.Tensor(5.59, shape=(), dtype=float32)",4.4,0.004099331796169281
"tf.Tensor(64.39, shape=(), dtype=float32)",59.4,0.004099331796169281
"tf.Tensor(12.33, shape=(), dtype=float32)",19.16,0.004099331796169281
"tf.Tensor(64.32, shape=(), dtype=float32)",58.9,0.004099331796169281
"tf.Tensor(5.17, shape=(), dtype=float32)",3.643,0.004099331796169281
"tf.Tensor(58.15, shape=(), dtype=float32)",60.3,0.004099331796169281
"tf.Tensor(2.35, shape=(), dtype=float32)",-3.637,0.004099331796169281
"tf.Tensor(21.18, shape=(), dtype=float32)",36.22,0.004099331796169281
"tf.Tensor(64.87, shape=(), dtype=float32)",58.9,0.004099331796169281
"tf.Tensor(64.62, shape=(), dtype=float32)",61.38,0.004099331796169281
"tf.Tensor(64.13, shape=(), dtype=float32)",58.9,0.003741540014743805
"tf.Tensor(4.06, shape=(), dtype=float32)",0.948,0.003741540014743805
"tf.Tensor(5.15, shape=(), dtype=float32)",4.617,0.003741540014743805
"tf.Tensor(9.83, shape=(), dtype=float32)",14.82,0.003741540014743805
"tf.Tensor(2.57, shape=(), dtype=float32)",-2.586,0.003741540014743805
"tf.Tensor(64.07, shape=(), dtype=float32)",59.12,0.003741540014743805
"tf.Tensor(4.1, shape=(), dtype=float32)",0.7383,0.003741540014743805
"tf.Tensor(24.23, shape=(), dtype=float32)",38.28,0.003741540014743805
"tf.Tensor(6.99, shape=(), dtype=float32)",9.336,0.003741540014743805
"tf.Tensor(7.97, shape=(), dtype=float32)",9.81,0.003741540014743805
"tf.Tensor(54.01, shape=(), dtype=float32)",50.72,0.003741540014743805
"tf.Tensor(2.49, shape=(), dtype=float32)",-3.596,0.003741540014743805
"tf.Tensor(3.31, shape=(), dtype=float32)",-1.146,0.003741540014743805
"tf.Tensor(37.57, shape=(), dtype=float32)",47.7,0.003741540014743805
"tf.Tensor(7.13, shape=(), dtype=float32)",8.58,0.003741540014743805
"tf.Tensor(64.22, shape=(), dtype=float32)",61.5,0.003741540014743805
"tf.Tensor(65.16, shape=(), dtype=float32)",60.28,0.003741540014743805
"tf.Tensor(4.72, shape=(), dtype=float32)",2.742,0.003741540014743805
"tf.Tensor(64.45, shape=(), dtype=float32)",64.7,0.003741540014743805
"tf.Tensor(65.22, shape=(), dtype=float32)",60.7,0.003741540014743805
"tf.Tensor(65.27, shape=(), dtype=float32)",60.97,0.003741540014743805
"tf.Tensor(6.84, shape=(), dtype=float32)",6.906,0.003741540014743805
"tf.Tensor(6.33, shape=(), dtype=float32)",6.812,0.003741540014743805
"tf.Tensor(3.35, shape=(), dtype=float32)",-1.878,0.003741540014743805
"tf.Tensor(6.09, shape=(), dtype=float32)",5.605,0.003741540014743805
"tf.Tensor(62.33, shape=(), dtype=float32)",63.1,0.003741540014743805
"tf.Tensor(65.55, shape=(), dtype=float32)",60.7,0.003741540014743805
"tf.Tensor(63.74, shape=(), dtype=float32)",62.34,0.003741540014743805
"tf.Tensor(63.96, shape=(), dtype=float32)",59.03,0.003741540014743805
"tf.Tensor(65.46, shape=(), dtype=float32)",60.88,0.003741540014743805
"tf.Tensor(8.82, shape=(), dtype=float32)",11.01,0.003741540014743805
"tf.Tensor(4.47, shape=(), dtype=float32)",0.5225,0.003741540014743805
"tf.Tensor(9.38, shape=(), dtype=float32)",12.29,0.004088930785655975
"tf.Tensor(64.77, shape=(), dtype=float32)",60.1,0.004088930785655975
"tf.Tensor(64.68, shape=(), dtype=float32)",61.56,0.004088930785655975
"tf.Tensor(9.13, shape=(), dtype=float32)",12.49,0.004088930785655975
"tf.Tensor(63.35, shape=(), dtype=float32)",59.62,0.004088930785655975
"tf.Tensor(64.49, shape=(), dtype=float32)",60.97,0.004088930785655975
"tf.Tensor(60.32, shape=(), dtype=float32)",62.9,0.004088930785655975
"tf.Tensor(64.19, shape=(), dtype=float32)",60.78,0.004088930785655975
"tf.Tensor(14.19, shape=(), dtype=float32)",24.23,0.004088930785655975
"tf.Tensor(6.82, shape=(), dtype=float32)",8.56,0.004088930785655975
"tf.Tensor(65.09, shape=(), dtype=float32)",60.38,0.004088930785655975
"tf.Tensor(3.23, shape=(), dtype=float32)",-2.111,0.004088930785655975
"tf.Tensor(5.18, shape=(), dtype=float32)",3.604,0.004088930785655975
"tf.Tensor(8.47, shape=(), dtype=float32)",11.51,0.004088930785655975
"tf.Tensor(4.4, shape=(), dtype=float32)",1.945,0.004088930785655975
"tf.Tensor(6.23, shape=(), dtype=float32)",6.527,0.004088930785655975
"tf.Tensor(6.91, shape=(), dtype=float32)",7.086,0.004088930785655975
"tf.Tensor(3.36, shape=(), dtype=float32)",-0.958,0.004088930785655975
"tf.Tensor(51.88, shape=(), dtype=float32)",57.97,0.004088930785655975
"tf.Tensor(4.76, shape=(), dtype=float32)",2.465,0.004088930785655975
"tf.Tensor(41.19, shape=(), dtype=float32)",53.16,0.004088930785655975
"tf.Tensor(8.74, shape=(), dtype=float32)",12.82,0.004088930785655975
"tf.Tensor(40.12, shape=(), dtype=float32)",51.66,0.004088930785655975
"tf.Tensor(60.87, shape=(), dtype=float32)",56.34,0.004088930785655975
"tf.Tensor(45.78, shape=(), dtype=float32)",50.12,0.004088930785655975
"tf.Tensor(48.29, shape=(), dtype=float32)",55.1,0.004088930785655975
"tf.Tensor(3.79, shape=(), dtype=float32)",-0.2554,0.004088930785655975
"tf.Tensor(65.42, shape=(), dtype=float32)",61.5,0.004088930785655975
"tf.Tensor(6.84, shape=(), dtype=float32)",7.395,0.004088930785655975
"tf.Tensor(3.12, shape=(), dtype=float32)",-1.703,0.004088930785655975
"tf.Tensor(64.4, shape=(), dtype=float32)",63.88,0.004088930785655975
"tf.Tensor(63.99, shape=(), dtype=float32)",62.34,0.004088930785655975
"tf.Tensor(12.29, shape=(), dtype=float32)",21.7,0.004243217408657074
"tf.Tensor(64.44, shape=(), dtype=float32)",61.72,0.004243217408657074
"tf.Tensor(8.11, shape=(), dtype=float32)",11.47,0.004243217408657074
"tf.Tensor(53.83, shape=(), dtype=float32)",60.56,0.004243217408657074
"tf.Tensor(2.92, shape=(), dtype=float32)",-1.739,0.004243217408657074
"tf.Tensor(64.76, shape=(), dtype=float32)",61.25,0.004243217408657074
"tf.Tensor(59.34, shape=(), dtype=float32)",62.8,0.004243217408657074
"tf.Tensor(4.61, shape=(), dtype=float32)",1.265,0.004243217408657074
"tf.Tensor(3.98, shape=(), dtype=float32)",-0.5894,0.004243217408657074
"tf.Tensor(5.15, shape=(), dtype=float32)",3.63,0.004243217408657074
"tf.Tensor(5.4, shape=(), dtype=float32)",4.406,0.004243217408657074
"tf.Tensor(63.92, shape=(), dtype=float32)",61.75,0.004243217408657074
"tf.Tensor(42.4, shape=(), dtype=float32)",56.34,0.004243217408657074
"tf.Tensor(4.26, shape=(), dtype=float32)",1.214,0.004243217408657074
"tf.Tensor(64.43, shape=(), dtype=float32)",63.78,0.004243217408657074
"tf.Tensor(2.8, shape=(), dtype=float32)",-2.785,0.004243217408657074
"tf.Tensor(3.94, shape=(), dtype=float32)",-0.5107,0.004243217408657074
"tf.Tensor(63.43, shape=(), dtype=float32)",60.03,0.004243217408657074
"tf.Tensor(64.84, shape=(), dtype=float32)",59.97,0.004243217408657074
"tf.Tensor(6.05, shape=(), dtype=float32)",5.676,0.004243217408657074
"tf.Tensor(61.26, shape=(), dtype=float32)",54.8,0.004243217408657074
"tf.Tensor(64.55, shape=(), dtype=float32)",61.7,0.004243217408657074
"tf.Tensor(60.37, shape=(), dtype=float32)",55.38,0.004243217408657074
"tf.Tensor(64.09, shape=(), dtype=float32)",59.16,0.004243217408657074
"tf.Tensor(30.83, shape=(), dtype=float32)",40.9,0.004243217408657074
"tf.Tensor(7.53, shape=(), dtype=float32)",9.88,0.004243217408657074
"tf.Tensor(51.48, shape=(), dtype=float32)",55.5,0.004243217408657074
"tf.Tensor(65.25, shape=(), dtype=float32)",59.8,0.004243217408657074
"tf.Tensor(7.62, shape=(), dtype=float32)",9.04,0.004243217408657074
"tf.Tensor(64.35, shape=(), dtype=float32)",63.84,0.004243217408657074
"tf.Tensor(64.13, shape=(), dtype=float32)",64.1,0.004243217408657074
"tf.Tensor(64.99, shape=(), dtype=float32)",61.34,0.004243217408657074
"tf.Tensor(65.21, shape=(), dtype=float32)",59.66,0.0037513673305511475
"tf.Tensor(6.96, shape=(), dtype=float32)",8.39,0.0037513673305511475
"tf.Tensor(65.27, shape=(), dtype=float32)",62.12,0.0037513673305511475
"tf.Tensor(53.92, shape=(), dtype=float32)",56.47,0.0037513673305511475
"tf.Tensor(5.22, shape=(), dtype=float32)",2.734,0.0037513673305511475
"tf.Tensor(64.57, shape=(), dtype=float32)",61.6,0.0037513673305511475
"tf.Tensor(34.1, shape=(), dtype=float32)",46.75,0.0037513673305511475
"tf.Tensor(45.54, shape=(), dtype=float32)",55.0,0.0037513673305511475
"tf.Tensor(55.13, shape=(), dtype=float32)",56.9,0.0037513673305511475
"tf.Tensor(64.14, shape=(), dtype=float32)",61.25,0.0037513673305511475
"tf.Tensor(62.72, shape=(), dtype=float32)",63.12,0.0037513673305511475
"tf.Tensor(53.86, shape=(), dtype=float32)",61.06,0.0037513673305511475
"tf.Tensor(38.74, shape=(), dtype=float32)",52.53,0.0037513673305511475
"tf.Tensor(4.55, shape=(), dtype=float32)",1.583,0.0037513673305511475
"tf.Tensor(49.64, shape=(), dtype=float32)",48.6,0.0037513673305511475
"tf.Tensor(63.83, shape=(), dtype=float32)",63.66,0.0037513673305511475
"tf.Tensor(7.56, shape=(), dtype=float32)",9.96,0.0037513673305511475
"tf.Tensor(63.94, shape=(), dtype=float32)",62.56,0.0037513673305511475
"tf.Tensor(4.77, shape=(), dtype=float32)",2.309,0.0037513673305511475
"tf.Tensor(3.85, shape=(), dtype=float32)",-0.3262,0.0037513673305511475
"tf.Tensor(65.34, shape=(), dtype=float32)",62.12,0.0037513673305511475
"tf.Tensor(9.99, shape=(), dtype=float32)",15.51,0.0037513673305511475
"tf.Tensor(64.01, shape=(), dtype=float32)",60.75,0.0037513673305511475
"tf.Tensor(15.66, shape=(), dtype=float32)",25.39,0.0037513673305511475
"tf.Tensor(34.9, shape=(), dtype=float32)",42.16,0.0037513673305511475
"tf.Tensor(24.06, shape=(), dtype=float32)",37.75,0.0037513673305511475
"tf.Tensor(25.9, shape=(), dtype=float32)",38.66,0.0037513673305511475
"tf.Tensor(65.28, shape=(), dtype=float32)",61.03,0.0037513673305511475
"tf.Tensor(63.82, shape=(), dtype=float32)",58.72,0.0037513673305511475
"tf.Tensor(64.4, shape=(), dtype=float32)",63.5,0.0037513673305511475
"tf.Tensor(16.98, shape=(), dtype=float32)",28.92,0.0037513673305511475
"tf.Tensor(59.14, shape=(), dtype=float32)",56.38,0.0037513673305511475
"tf.Tensor(15.07, shape=(), dtype=float32)",27.78,0.0037028491497039795
"tf.Tensor(63.67, shape=(), dtype=float32)",58.25,0.0037028491497039795
"tf.Tensor(6.67, shape=(), dtype=float32)",5.656,0.0037028491497039795
"tf.Tensor(9.87, shape=(), dtype=float32)",14.3,0.0037028491497039795
"tf.Tensor(22.69, shape=(), dtype=float32)",35.38,0.0037028491497039795
"tf.Tensor(12.32, shape=(), dtype=float32)",20.05,0.0037028491497039795
"tf.Tensor(64.37, shape=(), dtype=float32)",60.8,0.0037028491497039795
"tf.Tensor(48.3, shape=(), dtype=float32)",48.5,0.0037028491497039795
"tf.Tensor(48.38, shape=(), dtype=float32)",55.03,0.0037028491497039795
"tf.Tensor(32.18, shape=(), dtype=float32)",46.62,0.0037028491497039795
"tf.Tensor(64.33, shape=(), dtype=float32)",63.97,0.0037028491497039795
"tf.Tensor(4.13, shape=(), dtype=float32)",0.217,0.0037028491497039795
"tf.Tensor(54.05, shape=(), dtype=float32)",55.8,0.0037028491497039795
"tf.Tensor(46.54, shape=(), dtype=float32)",55.84,0.0037028491497039795
"tf.Tensor(4.27, shape=(), dtype=float32)",0.215,0.0037028491497039795
"tf.Tensor(3.61, shape=(), dtype=float32)",-0.8594,0.0037028491497039795
"tf.Tensor(7.14, shape=(), dtype=float32)",9.055,0.0037028491497039795
"tf.Tensor(9.17, shape=(), dtype=float32)",11.805,0.0037028491497039795
"tf.Tensor(52.34, shape=(), dtype=float32)",49.62,0.0037028491497039795
"tf.Tensor(65.28, shape=(), dtype=float32)",60.94,0.0037028491497039795
"tf.Tensor(49.19, shape=(), dtype=float32)",56.53,0.0037028491497039795
"tf.Tensor(64.94, shape=(), dtype=float32)",60.2,0.0037028491497039795
"tf.Tensor(15.63, shape=(), dtype=float32)",27.2,0.0037028491497039795
"tf.Tensor(55.16, shape=(), dtype=float32)",51.56,0.0037028491497039795
"tf.Tensor(4.18, shape=(), dtype=float32)",-0.1671,0.0037028491497039795
"tf.Tensor(65.33, shape=(), dtype=float32)",59.4,0.0037028491497039795
"tf.Tensor(43.98, shape=(), dtype=float32)",56.7,0.0037028491497039795
"tf.Tensor(7.19, shape=(), dtype=float32)",8.48,0.0037028491497039795
"tf.Tensor(5.64, shape=(), dtype=float32)",5.977,0.0037028491497039795
"tf.Tensor(4.35, shape=(), dtype=float32)",1.287,0.0037028491497039795
"tf.Tensor(62.13, shape=(), dtype=float32)",56.25,0.0037028491497039795
"tf.Tensor(58.84, shape=(), dtype=float32)",62.06,0.0037028491497039795
"tf.Tensor(6.95, shape=(), dtype=float32)",6.777,0.0037179365754127502
"tf.Tensor(7.77, shape=(), dtype=float32)",11.26,0.0037179365754127502
"tf.Tensor(45.35, shape=(), dtype=float32)",53.56,0.0037179365754127502
"tf.Tensor(7.56, shape=(), dtype=float32)",10.15,0.0037179365754127502
"tf.Tensor(3.06, shape=(), dtype=float32)",-2.025,0.0037179365754127502
"tf.Tensor(4.35, shape=(), dtype=float32)",1.073,0.0037179365754127502
"tf.Tensor(11.27, shape=(), dtype=float32)",17.84,0.0037179365754127502
"tf.Tensor(64.95, shape=(), dtype=float32)",60.03,0.0037179365754127502
"tf.Tensor(6.05, shape=(), dtype=float32)",5.566,0.0037179365754127502
"tf.Tensor(64.32, shape=(), dtype=float32)",58.9,0.0037179365754127502
"tf.Tensor(64.6, shape=(), dtype=float32)",58.8,0.0037179365754127502
"tf.Tensor(2.09, shape=(), dtype=float32)",-4.492,0.0037179365754127502
"tf.Tensor(23.27, shape=(), dtype=float32)",37.16,0.0037179365754127502
"tf.Tensor(54.48, shape=(), dtype=float32)",56.44,0.0037179365754127502
"tf.Tensor(65.3, shape=(), dtype=float32)",60.5,0.0037179365754127502
"tf.Tensor(48.64, shape=(), dtype=float32)",52.66,0.0037179365754127502
"tf.Tensor(24.8, shape=(), dtype=float32)",37.84,0.0037179365754127502
"tf.Tensor(64.02, shape=(), dtype=float32)",61.1,0.0037179365754127502
"tf.Tensor(58.36, shape=(), dtype=float32)",62.9,0.0037179365754127502
"tf.Tensor(64.08, shape=(), dtype=float32)",59.56,0.0037179365754127502
"tf.Tensor(6.67, shape=(), dtype=float32)",8.54,0.0037179365754127502
"tf.Tensor(23.57, shape=(), dtype=float32)",39.06,0.0037179365754127502
"tf.Tensor(63.94, shape=(), dtype=float32)",59.9,0.0037179365754127502
"tf.Tensor(5.93, shape=(), dtype=float32)",5.38,0.0037179365754127502
"tf.Tensor(64.76, shape=(), dtype=float32)",59.12,0.0037179365754127502
"tf.Tensor(14.49, shape=(), dtype=float32)",23.64,0.0037179365754127502
"tf.Tensor(65.26, shape=(), dtype=float32)",61.97,0.0037179365754127502
"tf.Tensor(43.51, shape=(), dtype=float32)",54.66,0.0037179365754127502
"tf.Tensor(8.05, shape=(), dtype=float32)",12.586,0.0037179365754127502
"tf.Tensor(46.06, shape=(), dtype=float32)",56.7,0.0037179365754127502
"tf.Tensor(6.08, shape=(), dtype=float32)",5.258,0.0037179365754127502
"tf.Tensor(3.31, shape=(), dtype=float32)",-1.652,0.0037179365754127502
"tf.Tensor(6.71, shape=(), dtype=float32)",6.875,0.0036618709564208984
"tf.Tensor(65.46, shape=(), dtype=float32)",60.75,0.0036618709564208984
"tf.Tensor(65.22, shape=(), dtype=float32)",62.44,0.0036618709564208984
"tf.Tensor(3.78, shape=(), dtype=float32)",-0.3613,0.0036618709564208984
"tf.Tensor(12.14, shape=(), dtype=float32)",20.52,0.0036618709564208984
"tf.Tensor(65.11, shape=(), dtype=float32)",59.2,0.0036618709564208984
"tf.Tensor(22.6, shape=(), dtype=float32)",36.44,0.0036618709564208984
"tf.Tensor(10.24, shape=(), dtype=float32)",15.95,0.0036618709564208984
"tf.Tensor(65.4, shape=(), dtype=float32)",60.66,0.0036618709564208984
"tf.Tensor(34.11, shape=(), dtype=float32)",43.72,0.0036618709564208984
"tf.Tensor(4.08, shape=(), dtype=float32)",0.3313,0.0036618709564208984
"tf.Tensor(7.04, shape=(), dtype=float32)",9.01,0.0036618709564208984
"tf.Tensor(64.59, shape=(), dtype=float32)",60.06,0.0036618709564208984
"tf.Tensor(3.58, shape=(), dtype=float32)",-0.6797,0.0036618709564208984
"tf.Tensor(37.25, shape=(), dtype=float32)",51.75,0.0036618709564208984
"tf.Tensor(12.89, shape=(), dtype=float32)",21.11,0.0036618709564208984
"tf.Tensor(29.48, shape=(), dtype=float32)",43.16,0.0036618709564208984
"tf.Tensor(5.64, shape=(), dtype=float32)",4.5,0.0036618709564208984
"tf.Tensor(5.51, shape=(), dtype=float32)",4.242,0.0036618709564208984
"tf.Tensor(5.05, shape=(), dtype=float32)",2.861,0.0036618709564208984
"tf.Tensor(4.99, shape=(), dtype=float32)",2.99,0.0036618709564208984
"tf.Tensor(11.04, shape=(), dtype=float32)",17.95,0.0036618709564208984
"tf.Tensor(51.97, shape=(), dtype=float32)",55.34,0.0036618709564208984
"tf.Tensor(65.34, shape=(), dtype=float32)",60.88,0.0036618709564208984
"tf.Tensor(14.89, shape=(), dtype=float32)",26.45,0.0036618709564208984
"tf.Tensor(3.54, shape=(), dtype=float32)",-0.83,0.0036618709564208984
"tf.Tensor(7.92, shape=(), dtype=float32)",9.81,0.0036618709564208984
"tf.Tensor(8.69, shape=(), dtype=float32)",10.63,0.0036618709564208984
"tf.Tensor(64.6, shape=(), dtype=float32)",61.7,0.0036618709564208984
"tf.Tensor(60.86, shape=(), dtype=float32)",63.62,0.0036618709564208984
"tf.Tensor(12.02, shape=(), dtype=float32)",21.39,0.0036618709564208984
"tf.Tensor(2.69, shape=(), dtype=float32)",-2.342,0.0036618709564208984
"tf.Tensor(2.4, shape=(), dtype=float32)",-3.344,0.0036423802375793457
"tf.Tensor(4.15, shape=(), dtype=float32)",1.841,0.0036423802375793457
"tf.Tensor(33.42, shape=(), dtype=float32)",47.38,0.0036423802375793457
"tf.Tensor(65.25, shape=(), dtype=float32)",61.72,0.0036423802375793457
"tf.Tensor(52.44, shape=(), dtype=float32)",49.66,0.0036423802375793457
"tf.Tensor(26.37, shape=(), dtype=float32)",38.7,0.0036423802375793457
"tf.Tensor(64.65, shape=(), dtype=float32)",59.03,0.0036423802375793457
"tf.Tensor(7.17, shape=(), dtype=float32)",8.086,0.0036423802375793457
"tf.Tensor(64.0, shape=(), dtype=float32)",63.28,0.0036423802375793457
"tf.Tensor(56.56, shape=(), dtype=float32)",59.6,0.0036423802375793457
"tf.Tensor(6.65, shape=(), dtype=float32)",6.01,0.0036423802375793457
"tf.Tensor(63.93, shape=(), dtype=float32)",61.72,0.0036423802375793457
"tf.Tensor(4.02, shape=(), dtype=float32)",0.749,0.0036423802375793457
"tf.Tensor(9.72, shape=(), dtype=float32)",18.02,0.0036423802375793457
"tf.Tensor(64.09, shape=(), dtype=float32)",59.03,0.0036423802375793457
"tf.Tensor(65.22, shape=(), dtype=float32)",59.53,0.0036423802375793457
"tf.Tensor(29.92, shape=(), dtype=float32)",42.53,0.0036423802375793457
"tf.Tensor(59.52, shape=(), dtype=float32)",57.62,0.0036423802375793457
"tf.Tensor(8.1, shape=(), dtype=float32)",12.1,0.0036423802375793457
"tf.Tensor(4.0, shape=(), dtype=float32)",-0.401,0.0036423802375793457
"tf.Tensor(4.63, shape=(), dtype=float32)",1.252,0.0036423802375793457
"tf.Tensor(54.2, shape=(), dtype=float32)",57.38,0.0036423802375793457
"tf.Tensor(8.44, shape=(), dtype=float32)",11.65,0.0036423802375793457
"tf.Tensor(64.1, shape=(), dtype=float32)",59.2,0.0036423802375793457
"tf.Tensor(63.74, shape=(), dtype=float32)",59.78,0.0036423802375793457
"tf.Tensor(3.24, shape=(), dtype=float32)",-2.223,0.0036423802375793457
"tf.Tensor(8.17, shape=(), dtype=float32)",11.9,0.0036423802375793457
"tf.Tensor(7.47, shape=(), dtype=float32)",9.336,0.0036423802375793457
"tf.Tensor(65.52, shape=(), dtype=float32)",61.2,0.0036423802375793457
"tf.Tensor(65.3, shape=(), dtype=float32)",61.06,0.0036423802375793457
"tf.Tensor(62.83, shape=(), dtype=float32)",63.03,0.0036423802375793457
"tf.Tensor(29.5, shape=(), dtype=float32)",40.56,0.0036423802375793457
"tf.Tensor(65.25, shape=(), dtype=float32)",60.38,0.0036782026290893555
"tf.Tensor(64.0, shape=(), dtype=float32)",61.03,0.0036782026290893555
"tf.Tensor(13.74, shape=(), dtype=float32)",24.33,0.0036782026290893555
"tf.Tensor(5.88, shape=(), dtype=float32)",5.555,0.0036782026290893555
"tf.Tensor(6.73, shape=(), dtype=float32)",7.594,0.0036782026290893555
"tf.Tensor(64.16, shape=(), dtype=float32)",59.12,0.0036782026290893555
"tf.Tensor(6.61, shape=(), dtype=float32)",6.6,0.0036782026290893555
"tf.Tensor(64.44, shape=(), dtype=float32)",64.06,0.0036782026290893555
"tf.Tensor(63.71, shape=(), dtype=float32)",61.38,0.0036782026290893555
"tf.Tensor(2.25, shape=(), dtype=float32)",-3.965,0.0036782026290893555
"tf.Tensor(61.22, shape=(), dtype=float32)",60.06,0.0036782026290893555
"tf.Tensor(5.61, shape=(), dtype=float32)",4.688,0.0036782026290893555
"tf.Tensor(47.21, shape=(), dtype=float32)",58.6,0.0036782026290893555
"tf.Tensor(64.56, shape=(), dtype=float32)",61.53,0.0036782026290893555
"tf.Tensor(64.68, shape=(), dtype=float32)",61.6,0.0036782026290893555
"tf.Tensor(7.43, shape=(), dtype=float32)",9.21,0.0036782026290893555
"tf.Tensor(4.07, shape=(), dtype=float32)",1.33,0.0036782026290893555
"tf.Tensor(63.95, shape=(), dtype=float32)",60.34,0.0036782026290893555
"tf.Tensor(62.25, shape=(), dtype=float32)",63.9,0.0036782026290893555
"tf.Tensor(59.24, shape=(), dtype=float32)",59.72,0.0036782026290893555
"tf.Tensor(63.42, shape=(), dtype=float32)",63.75,0.0036782026290893555
"tf.Tensor(63.78, shape=(), dtype=float32)",62.3,0.0036782026290893555
"tf.Tensor(52.05, shape=(), dtype=float32)",56.03,0.0036782026290893555
"tf.Tensor(3.53, shape=(), dtype=float32)",-1.374,0.0036782026290893555
"tf.Tensor(51.56, shape=(), dtype=float32)",55.34,0.0036782026290893555
"tf.Tensor(61.81, shape=(), dtype=float32)",55.94,0.0036782026290893555
"tf.Tensor(24.39, shape=(), dtype=float32)",40.03,0.0036782026290893555
"tf.Tensor(64.3, shape=(), dtype=float32)",59.0,0.0036782026290893555
"tf.Tensor(12.74, shape=(), dtype=float32)",21.14,0.0036782026290893555
"tf.Tensor(3.31, shape=(), dtype=float32)",-1.479,0.0036782026290893555
"tf.Tensor(65.21, shape=(), dtype=float32)",60.66,0.0036782026290893555
"tf.Tensor(65.26, shape=(), dtype=float32)",60.78,0.0036782026290893555
"tf.Tensor(65.08, shape=(), dtype=float32)",60.97,0.0037443041801452637
"tf.Tensor(6.04, shape=(), dtype=float32)",6.53,0.0037443041801452637
"tf.Tensor(2.81, shape=(), dtype=float32)",-2.484,0.0037443041801452637
"tf.Tensor(9.25, shape=(), dtype=float32)",10.93,0.0037443041801452637
"tf.Tensor(7.1, shape=(), dtype=float32)",9.805,0.0037443041801452637
"tf.Tensor(4.05, shape=(), dtype=float32)",0.759,0.0037443041801452637
"tf.Tensor(7.36, shape=(), dtype=float32)",9.2,0.0037443041801452637
"tf.Tensor(60.15, shape=(), dtype=float32)",59.72,0.0037443041801452637
"tf.Tensor(60.86, shape=(), dtype=float32)",58.84,0.0037443041801452637
"tf.Tensor(54.67, shape=(), dtype=float32)",51.22,0.0037443041801452637
"tf.Tensor(7.95, shape=(), dtype=float32)",8.93,0.0037443041801452637
"tf.Tensor(25.19, shape=(), dtype=float32)",40.6,0.0037443041801452637
"tf.Tensor(3.2, shape=(), dtype=float32)",-1.507,0.0037443041801452637
"tf.Tensor(7.22, shape=(), dtype=float32)",8.46,0.0037443041801452637
"tf.Tensor(64.28, shape=(), dtype=float32)",58.88,0.0037443041801452637
"tf.Tensor(64.3, shape=(), dtype=float32)",59.8,0.0037443041801452637
"tf.Tensor(5.43, shape=(), dtype=float32)",4.19,0.0037443041801452637
"tf.Tensor(59.38, shape=(), dtype=float32)",55.34,0.0037443041801452637
"tf.Tensor(64.91, shape=(), dtype=float32)",61.7,0.0037443041801452637
"tf.Tensor(6.81, shape=(), dtype=float32)",6.42,0.0037443041801452637
"tf.Tensor(30.71, shape=(), dtype=float32)",47.2,0.0037443041801452637
"tf.Tensor(10.05, shape=(), dtype=float32)",16.52,0.0037443041801452637
"tf.Tensor(7.35, shape=(), dtype=float32)",9.1,0.0037443041801452637
"tf.Tensor(56.63, shape=(), dtype=float32)",62.2,0.0037443041801452637
"tf.Tensor(5.89, shape=(), dtype=float32)",4.49,0.0037443041801452637
"tf.Tensor(64.85, shape=(), dtype=float32)",61.22,0.0037443041801452637
"tf.Tensor(32.02, shape=(), dtype=float32)",46.34,0.0037443041801452637
"tf.Tensor(61.77, shape=(), dtype=float32)",61.03,0.0037443041801452637
"tf.Tensor(65.19, shape=(), dtype=float32)",61.03,0.0037443041801452637
"tf.Tensor(5.27, shape=(), dtype=float32)",3.8,0.0037443041801452637
"tf.Tensor(64.17, shape=(), dtype=float32)",60.28,0.0037443041801452637
"tf.Tensor(8.9, shape=(), dtype=float32)",12.516,0.0037443041801452637
"tf.Tensor(6.12, shape=(), dtype=float32)",6.82,0.0037679001688957214
"tf.Tensor(64.39, shape=(), dtype=float32)",59.9,0.0037679001688957214
"tf.Tensor(64.65, shape=(), dtype=float32)",61.6,0.0037679001688957214
"tf.Tensor(64.28, shape=(), dtype=float32)",61.7,0.0037679001688957214
"tf.Tensor(4.06, shape=(), dtype=float32)",0.04895,0.0037679001688957214
"tf.Tensor(24.81, shape=(), dtype=float32)",39.4,0.0037679001688957214
"tf.Tensor(25.41, shape=(), dtype=float32)",41.28,0.0037679001688957214
"tf.Tensor(4.46, shape=(), dtype=float32)",1.608,0.0037679001688957214
"tf.Tensor(6.27, shape=(), dtype=float32)",8.586,0.0037679001688957214
"tf.Tensor(5.53, shape=(), dtype=float32)",4.973,0.0037679001688957214
"tf.Tensor(5.31, shape=(), dtype=float32)",3.615,0.0037679001688957214
"tf.Tensor(7.41, shape=(), dtype=float32)",10.13,0.0037679001688957214
"tf.Tensor(59.7, shape=(), dtype=float32)",58.38,0.0037679001688957214
"tf.Tensor(62.85, shape=(), dtype=float32)",57.8,0.0037679001688957214
"tf.Tensor(9.32, shape=(), dtype=float32)",13.8,0.0037679001688957214
"tf.Tensor(14.4, shape=(), dtype=float32)",24.61,0.0037679001688957214
"tf.Tensor(39.59, shape=(), dtype=float32)",44.9,0.0037679001688957214
"tf.Tensor(12.82, shape=(), dtype=float32)",23.14,0.0037679001688957214
"tf.Tensor(52.17, shape=(), dtype=float32)",60.03,0.0037679001688957214
"tf.Tensor(7.44, shape=(), dtype=float32)",10.13,0.0037679001688957214
"tf.Tensor(6.21, shape=(), dtype=float32)",2.672,0.0037679001688957214
"tf.Tensor(3.41, shape=(), dtype=float32)",-0.4292,0.0037679001688957214
"tf.Tensor(6.83, shape=(), dtype=float32)",7.57,0.0037679001688957214
"tf.Tensor(9.86, shape=(), dtype=float32)",14.695,0.0037679001688957214
"tf.Tensor(4.86, shape=(), dtype=float32)",2.973,0.0037679001688957214
"tf.Tensor(4.87, shape=(), dtype=float32)",3.82,0.0037679001688957214
"tf.Tensor(8.7, shape=(), dtype=float32)",11.57,0.0037679001688957214
"tf.Tensor(60.97, shape=(), dtype=float32)",55.8,0.0037679001688957214
"tf.Tensor(63.31, shape=(), dtype=float32)",62.38,0.0037679001688957214
"tf.Tensor(3.21, shape=(), dtype=float32)",-1.396,0.0037679001688957214
"tf.Tensor(6.21, shape=(), dtype=float32)",6.633,0.0037679001688957214
"tf.Tensor(16.19, shape=(), dtype=float32)",27.83,0.0037679001688957214
"tf.Tensor(62.82, shape=(), dtype=float32)",57.38,0.0037562325596809387
"tf.Tensor(65.06, shape=(), dtype=float32)",60.75,0.0037562325596809387
"tf.Tensor(64.16, shape=(), dtype=float32)",59.12,0.0037562325596809387
"tf.Tensor(64.37, shape=(), dtype=float32)",63.75,0.0037562325596809387
"tf.Tensor(64.68, shape=(), dtype=float32)",61.25,0.0037562325596809387
"tf.Tensor(6.03, shape=(), dtype=float32)",5.133,0.0037562325596809387
"tf.Tensor(6.93, shape=(), dtype=float32)",8.08,0.0037562325596809387
"tf.Tensor(50.06, shape=(), dtype=float32)",56.6,0.0037562325596809387
"tf.Tensor(64.28, shape=(), dtype=float32)",58.9,0.0037562325596809387
"tf.Tensor(65.33, shape=(), dtype=float32)",61.72,0.0037562325596809387
"tf.Tensor(4.58, shape=(), dtype=float32)",1.592,0.0037562325596809387
"tf.Tensor(64.37, shape=(), dtype=float32)",64.1,0.0037562325596809387
"tf.Tensor(3.4, shape=(), dtype=float32)",-0.4478,0.0037562325596809387
"tf.Tensor(65.18, shape=(), dtype=float32)",59.62,0.0037562325596809387
"tf.Tensor(8.02, shape=(), dtype=float32)",11.73,0.0037562325596809387
"tf.Tensor(2.08, shape=(), dtype=float32)",-4.047,0.0037562325596809387
"tf.Tensor(36.04, shape=(), dtype=float32)",49.16,0.0037562325596809387
"tf.Tensor(6.59, shape=(), dtype=float32)",7.26,0.0037562325596809387
"tf.Tensor(3.78, shape=(), dtype=float32)",-0.4233,0.0037562325596809387
"tf.Tensor(6.15, shape=(), dtype=float32)",6.45,0.0037562325596809387
"tf.Tensor(8.53, shape=(), dtype=float32)",11.33,0.0037562325596809387
"tf.Tensor(5.17, shape=(), dtype=float32)",3.066,0.0037562325596809387
"tf.Tensor(3.31, shape=(), dtype=float32)",-2.14,0.0037562325596809387
"tf.Tensor(48.26, shape=(), dtype=float32)",47.47,0.0037562325596809387
"tf.Tensor(36.15, shape=(), dtype=float32)",48.34,0.0037562325596809387
"tf.Tensor(42.31, shape=(), dtype=float32)",53.8,0.0037562325596809387
"tf.Tensor(65.33, shape=(), dtype=float32)",61.56,0.0037562325596809387
"tf.Tensor(63.22, shape=(), dtype=float32)",62.66,0.0037562325596809387
"tf.Tensor(3.26, shape=(), dtype=float32)",-1.479,0.0037562325596809387
"tf.Tensor(2.7, shape=(), dtype=float32)",-2.35,0.0037562325596809387
"tf.Tensor(9.36, shape=(), dtype=float32)",13.89,0.0037562325596809387
"tf.Tensor(6.66, shape=(), dtype=float32)",6.69,0.0037562325596809387
"tf.Tensor(65.35, shape=(), dtype=float32)",61.06,0.003907293081283569
"tf.Tensor(5.45, shape=(), dtype=float32)",3.383,0.003907293081283569
"tf.Tensor(59.04, shape=(), dtype=float32)",59.88,0.003907293081283569
"tf.Tensor(64.98, shape=(), dtype=float32)",59.2,0.003907293081283569
"tf.Tensor(27.54, shape=(), dtype=float32)",42.25,0.003907293081283569
"tf.Tensor(61.99, shape=(), dtype=float32)",60.3,0.003907293081283569
"tf.Tensor(4.96, shape=(), dtype=float32)",4.58,0.003907293081283569
"tf.Tensor(5.45, shape=(), dtype=float32)",3.656,0.003907293081283569
"tf.Tensor(65.14, shape=(), dtype=float32)",58.78,0.003907293081283569
"tf.Tensor(59.17, shape=(), dtype=float32)",59.84,0.003907293081283569
"tf.Tensor(65.43, shape=(), dtype=float32)",60.66,0.003907293081283569
"tf.Tensor(52.39, shape=(), dtype=float32)",60.78,0.003907293081283569
"tf.Tensor(35.39, shape=(), dtype=float32)",48.62,0.003907293081283569
"tf.Tensor(4.56, shape=(), dtype=float32)",2.041,0.003907293081283569
"tf.Tensor(5.45, shape=(), dtype=float32)",3.486,0.003907293081283569
"tf.Tensor(61.36, shape=(), dtype=float32)",63.53,0.003907293081283569
"tf.Tensor(64.19, shape=(), dtype=float32)",59.8,0.003907293081283569
"tf.Tensor(12.87, shape=(), dtype=float32)",21.36,0.003907293081283569
"tf.Tensor(64.14, shape=(), dtype=float32)",61.0,0.003907293081283569
"tf.Tensor(6.88, shape=(), dtype=float32)",7.273,0.003907293081283569
"tf.Tensor(64.08, shape=(), dtype=float32)",59.88,0.003907293081283569
"tf.Tensor(65.03, shape=(), dtype=float32)",60.9,0.003907293081283569
"tf.Tensor(65.22, shape=(), dtype=float32)",60.0,0.003907293081283569
"tf.Tensor(64.98, shape=(), dtype=float32)",58.9,0.003907293081283569
"tf.Tensor(58.8, shape=(), dtype=float32)",62.06,0.003907293081283569
"tf.Tensor(64.81, shape=(), dtype=float32)",60.34,0.003907293081283569
"tf.Tensor(64.77, shape=(), dtype=float32)",59.1,0.003907293081283569
"tf.Tensor(62.1, shape=(), dtype=float32)",56.6,0.003907293081283569
"tf.Tensor(3.71, shape=(), dtype=float32)",-0.756,0.003907293081283569
"tf.Tensor(5.22, shape=(), dtype=float32)",4.13,0.003907293081283569
"tf.Tensor(56.5, shape=(), dtype=float32)",58.34,0.003907293081283569
"tf.Tensor(62.6, shape=(), dtype=float32)",58.12,0.003907293081283569
"tf.Tensor(6.47, shape=(), dtype=float32)",6.32,0.0037158653140068054
"tf.Tensor(45.96, shape=(), dtype=float32)",55.44,0.0037158653140068054
"tf.Tensor(63.99, shape=(), dtype=float32)",62.22,0.0037158653140068054
"tf.Tensor(45.5, shape=(), dtype=float32)",47.16,0.0037158653140068054
"tf.Tensor(32.66, shape=(), dtype=float32)",42.2,0.0037158653140068054
"tf.Tensor(64.22, shape=(), dtype=float32)",63.5,0.0037158653140068054
"tf.Tensor(64.33, shape=(), dtype=float32)",61.12,0.0037158653140068054
"tf.Tensor(6.5, shape=(), dtype=float32)",6.645,0.0037158653140068054
"tf.Tensor(4.19, shape=(), dtype=float32)",1.255,0.0037158653140068054
"tf.Tensor(63.38, shape=(), dtype=float32)",59.25,0.0037158653140068054
"tf.Tensor(58.96, shape=(), dtype=float32)",53.0,0.0037158653140068054
"tf.Tensor(3.83, shape=(), dtype=float32)",0.7344,0.0037158653140068054
"tf.Tensor(3.33, shape=(), dtype=float32)",-2.143,0.0037158653140068054
"tf.Tensor(63.53, shape=(), dtype=float32)",60.1,0.0037158653140068054
"tf.Tensor(41.96, shape=(), dtype=float32)",46.2,0.0037158653140068054
"tf.Tensor(31.13, shape=(), dtype=float32)",41.66,0.0037158653140068054
"tf.Tensor(13.69, shape=(), dtype=float32)",23.83,0.0037158653140068054
"tf.Tensor(55.1, shape=(), dtype=float32)",58.12,0.0037158653140068054
"tf.Tensor(61.83, shape=(), dtype=float32)",57.28,0.0037158653140068054
"tf.Tensor(7.94, shape=(), dtype=float32)",9.664,0.0037158653140068054
"tf.Tensor(58.04, shape=(), dtype=float32)",60.84,0.0037158653140068054
"tf.Tensor(6.2, shape=(), dtype=float32)",6.496,0.0037158653140068054
"tf.Tensor(65.37, shape=(), dtype=float32)",60.56,0.0037158653140068054
"tf.Tensor(64.19, shape=(), dtype=float32)",60.56,0.0037158653140068054
"tf.Tensor(5.62, shape=(), dtype=float32)",4.56,0.0037158653140068054
"tf.Tensor(12.66, shape=(), dtype=float32)",21.02,0.0037158653140068054
"tf.Tensor(61.98, shape=(), dtype=float32)",64.4,0.0037158653140068054
"tf.Tensor(64.91, shape=(), dtype=float32)",59.8,0.0037158653140068054
"tf.Tensor(27.5, shape=(), dtype=float32)",39.44,0.0037158653140068054
"tf.Tensor(27.4, shape=(), dtype=float32)",42.53,0.0037158653140068054
"tf.Tensor(3.34, shape=(), dtype=float32)",-1.335,0.0037158653140068054
"tf.Tensor(47.61, shape=(), dtype=float32)",59.34,0.0037158653140068054
"tf.Tensor(60.68, shape=(), dtype=float32)",60.62,0.004090204834938049
"tf.Tensor(64.18, shape=(), dtype=float32)",60.47,0.004090204834938049
"tf.Tensor(29.0, shape=(), dtype=float32)",44.7,0.004090204834938049
"tf.Tensor(64.02, shape=(), dtype=float32)",59.7,0.004090204834938049
"tf.Tensor(17.4, shape=(), dtype=float32)",30.81,0.004090204834938049
"tf.Tensor(63.9, shape=(), dtype=float32)",61.72,0.004090204834938049
"tf.Tensor(63.85, shape=(), dtype=float32)",61.94,0.004090204834938049
"tf.Tensor(8.71, shape=(), dtype=float32)",13.5,0.004090204834938049
"tf.Tensor(21.07, shape=(), dtype=float32)",34.2,0.004090204834938049
"tf.Tensor(4.82, shape=(), dtype=float32)",2.662,0.004090204834938049
"tf.Tensor(37.97, shape=(), dtype=float32)",51.12,0.004090204834938049
"tf.Tensor(64.19, shape=(), dtype=float32)",58.5,0.004090204834938049
"tf.Tensor(5.27, shape=(), dtype=float32)",3.75,0.004090204834938049
"tf.Tensor(9.22, shape=(), dtype=float32)",11.98,0.004090204834938049
"tf.Tensor(5.17, shape=(), dtype=float32)",3.287,0.004090204834938049
"tf.Tensor(65.06, shape=(), dtype=float32)",58.9,0.004090204834938049
"tf.Tensor(64.89, shape=(), dtype=float32)",59.0,0.004090204834938049
"tf.Tensor(5.78, shape=(), dtype=float32)",4.953,0.004090204834938049
"tf.Tensor(11.71, shape=(), dtype=float32)",22.4,0.004090204834938049
"tf.Tensor(6.54, shape=(), dtype=float32)",6.2,0.004090204834938049
"tf.Tensor(4.09, shape=(), dtype=float32)",0.613,0.004090204834938049
"tf.Tensor(13.95, shape=(), dtype=float32)",26.27,0.004090204834938049
"tf.Tensor(32.52, shape=(), dtype=float32)",45.06,0.004090204834938049
"tf.Tensor(9.23, shape=(), dtype=float32)",14.09,0.004090204834938049
"tf.Tensor(63.49, shape=(), dtype=float32)",58.88,0.004090204834938049
"tf.Tensor(7.61, shape=(), dtype=float32)",9.945,0.004090204834938049
"tf.Tensor(12.53, shape=(), dtype=float32)",21.83,0.004090204834938049
"tf.Tensor(7.83, shape=(), dtype=float32)",11.09,0.004090204834938049
"tf.Tensor(2.49, shape=(), dtype=float32)",-3.89,0.004090204834938049
"tf.Tensor(37.61, shape=(), dtype=float32)",49.28,0.004090204834938049
"tf.Tensor(6.85, shape=(), dtype=float32)",8.4,0.004090204834938049
"tf.Tensor(63.5, shape=(), dtype=float32)",61.7,0.004090204834938049
"tf.Tensor(33.0, shape=(), dtype=float32)",46.78,0.0038479790091514587
"tf.Tensor(63.16, shape=(), dtype=float32)",61.7,0.0038479790091514587
"tf.Tensor(43.96, shape=(), dtype=float32)",50.16,0.0038479790091514587
"tf.Tensor(63.67, shape=(), dtype=float32)",59.06,0.0038479790091514587
"tf.Tensor(30.52, shape=(), dtype=float32)",40.16,0.0038479790091514587
"tf.Tensor(13.7, shape=(), dtype=float32)",22.05,0.0038479790091514587
"tf.Tensor(6.97, shape=(), dtype=float32)",9.336,0.0038479790091514587
"tf.Tensor(7.01, shape=(), dtype=float32)",7.234,0.0038479790091514587
"tf.Tensor(6.9, shape=(), dtype=float32)",7.266,0.0038479790091514587
"tf.Tensor(62.76, shape=(), dtype=float32)",59.78,0.0038479790091514587
"tf.Tensor(64.13, shape=(), dtype=float32)",59.56,0.0038479790091514587
"tf.Tensor(5.17, shape=(), dtype=float32)",4.12,0.0038479790091514587
"tf.Tensor(33.38, shape=(), dtype=float32)",42.9,0.0038479790091514587
"tf.Tensor(61.7, shape=(), dtype=float32)",57.9,0.0038479790091514587
"tf.Tensor(50.82, shape=(), dtype=float32)",60.03,0.0038479790091514587
"tf.Tensor(63.98, shape=(), dtype=float32)",58.72,0.0038479790091514587
"tf.Tensor(3.34, shape=(), dtype=float32)",-2.195,0.0038479790091514587
"tf.Tensor(64.65, shape=(), dtype=float32)",60.62,0.0038479790091514587
"tf.Tensor(3.12, shape=(), dtype=float32)",-1.834,0.0038479790091514587
"tf.Tensor(3.52, shape=(), dtype=float32)",-0.602,0.0038479790091514587
"tf.Tensor(64.43, shape=(), dtype=float32)",64.0,0.0038479790091514587
"tf.Tensor(56.61, shape=(), dtype=float32)",59.03,0.0038479790091514587
"tf.Tensor(60.77, shape=(), dtype=float32)",63.53,0.0038479790091514587
"tf.Tensor(4.5, shape=(), dtype=float32)",0.9404,0.0038479790091514587
"tf.Tensor(4.46, shape=(), dtype=float32)",2.701,0.0038479790091514587
"tf.Tensor(13.88, shape=(), dtype=float32)",26.28,0.0038479790091514587
"tf.Tensor(57.39, shape=(), dtype=float32)",56.03,0.0038479790091514587
"tf.Tensor(38.34, shape=(), dtype=float32)",53.38,0.0038479790091514587
"tf.Tensor(5.8, shape=(), dtype=float32)",4.945,0.0038479790091514587
"tf.Tensor(7.32, shape=(), dtype=float32)",9.12,0.0038479790091514587
"tf.Tensor(65.08, shape=(), dtype=float32)",60.6,0.0038479790091514587
"tf.Tensor(59.36, shape=(), dtype=float32)",62.9,0.0038479790091514587
"tf.Tensor(29.52, shape=(), dtype=float32)",41.8,0.00380658358335495
"tf.Tensor(35.63, shape=(), dtype=float32)",48.44,0.00380658358335495
"tf.Tensor(2.95, shape=(), dtype=float32)",-2.258,0.00380658358335495
"tf.Tensor(7.96, shape=(), dtype=float32)",9.77,0.00380658358335495
"tf.Tensor(4.05, shape=(), dtype=float32)",0.0626,0.00380658358335495
"tf.Tensor(7.67, shape=(), dtype=float32)",10.445,0.00380658358335495
"tf.Tensor(64.27, shape=(), dtype=float32)",63.16,0.00380658358335495
"tf.Tensor(64.45, shape=(), dtype=float32)",61.38,0.00380658358335495
"tf.Tensor(5.19, shape=(), dtype=float32)",4.23,0.00380658358335495
"tf.Tensor(6.51, shape=(), dtype=float32)",7.79,0.00380658358335495
"tf.Tensor(8.75, shape=(), dtype=float32)",10.84,0.00380658358335495
"tf.Tensor(9.89, shape=(), dtype=float32)",14.1,0.00380658358335495
"tf.Tensor(65.33, shape=(), dtype=float32)",60.2,0.00380658358335495
"tf.Tensor(8.25, shape=(), dtype=float32)",11.586,0.00380658358335495
"tf.Tensor(65.26, shape=(), dtype=float32)",60.56,0.00380658358335495
"tf.Tensor(63.13, shape=(), dtype=float32)",64.0,0.00380658358335495
"tf.Tensor(6.61, shape=(), dtype=float32)",6.543,0.00380658358335495
"tf.Tensor(7.83, shape=(), dtype=float32)",9.76,0.00380658358335495
"tf.Tensor(56.19, shape=(), dtype=float32)",57.75,0.00380658358335495
"tf.Tensor(52.61, shape=(), dtype=float32)",60.03,0.00380658358335495
"tf.Tensor(3.58, shape=(), dtype=float32)",-0.883,0.00380658358335495
"tf.Tensor(3.56, shape=(), dtype=float32)",-0.882,0.00380658358335495
"tf.Tensor(6.68, shape=(), dtype=float32)",5.97,0.00380658358335495
"tf.Tensor(64.52, shape=(), dtype=float32)",61.7,0.00380658358335495
"tf.Tensor(65.21, shape=(), dtype=float32)",61.72,0.00380658358335495
"tf.Tensor(4.05, shape=(), dtype=float32)",0.01233,0.00380658358335495
"tf.Tensor(5.5, shape=(), dtype=float32)",4.066,0.00380658358335495
"tf.Tensor(6.71, shape=(), dtype=float32)",7.105,0.00380658358335495
"tf.Tensor(7.98, shape=(), dtype=float32)",12.08,0.00380658358335495
"tf.Tensor(1.98, shape=(), dtype=float32)",-4.605,0.00380658358335495
"tf.Tensor(5.15, shape=(), dtype=float32)",3.986,0.00380658358335495
"tf.Tensor(61.81, shape=(), dtype=float32)",62.5,0.00380658358335495
"tf.Tensor(56.71, shape=(), dtype=float32)",60.25,0.003732122480869293
"tf.Tensor(65.21, shape=(), dtype=float32)",61.16,0.003732122480869293
"tf.Tensor(64.33, shape=(), dtype=float32)",63.8,0.003732122480869293
"tf.Tensor(61.97, shape=(), dtype=float32)",56.8,0.003732122480869293
"tf.Tensor(3.39, shape=(), dtype=float32)",-0.1329,0.003732122480869293
"tf.Tensor(9.74, shape=(), dtype=float32)",16.14,0.003732122480869293
"tf.Tensor(4.13, shape=(), dtype=float32)",0.332,0.003732122480869293
"tf.Tensor(60.55, shape=(), dtype=float32)",56.9,0.003732122480869293
"tf.Tensor(6.18, shape=(), dtype=float32)",6.66,0.003732122480869293
"tf.Tensor(4.04, shape=(), dtype=float32)",-0.08765,0.003732122480869293
"tf.Tensor(50.36, shape=(), dtype=float32)",57.7,0.003732122480869293
"tf.Tensor(3.15, shape=(), dtype=float32)",-1.8,0.003732122480869293
"tf.Tensor(7.56, shape=(), dtype=float32)",10.38,0.003732122480869293
"tf.Tensor(5.17, shape=(), dtype=float32)",3.545,0.003732122480869293
"tf.Tensor(3.4, shape=(), dtype=float32)",-0.539,0.003732122480869293
"tf.Tensor(5.37, shape=(), dtype=float32)",4.566,0.003732122480869293
"tf.Tensor(54.76, shape=(), dtype=float32)",57.94,0.003732122480869293
"tf.Tensor(64.55, shape=(), dtype=float32)",60.38,0.003732122480869293
"tf.Tensor(31.06, shape=(), dtype=float32)",41.16,0.003732122480869293
"tf.Tensor(7.78, shape=(), dtype=float32)",9.5,0.003732122480869293
"tf.Tensor(63.99, shape=(), dtype=float32)",58.9,0.003732122480869293
"tf.Tensor(62.13, shape=(), dtype=float32)",63.53,0.003732122480869293
"tf.Tensor(5.84, shape=(), dtype=float32)",4.438,0.003732122480869293
"tf.Tensor(58.88, shape=(), dtype=float32)",62.16,0.003732122480869293
"tf.Tensor(8.68, shape=(), dtype=float32)",10.445,0.003732122480869293
"tf.Tensor(2.67, shape=(), dtype=float32)",-2.94,0.003732122480869293
"tf.Tensor(5.3, shape=(), dtype=float32)",3.979,0.003732122480869293
"tf.Tensor(19.83, shape=(), dtype=float32)",32.5,0.003732122480869293
"tf.Tensor(40.26, shape=(), dtype=float32)",44.88,0.003732122480869293
"tf.Tensor(5.48, shape=(), dtype=float32)",4.957,0.003732122480869293
"tf.Tensor(5.19, shape=(), dtype=float32)",3.043,0.003732122480869293
"tf.Tensor(13.18, shape=(), dtype=float32)",21.98,0.003732122480869293
"tf.Tensor(56.87, shape=(), dtype=float32)",54.7,0.003649190068244934
"tf.Tensor(64.85, shape=(), dtype=float32)",60.34,0.003649190068244934
"tf.Tensor(55.0, shape=(), dtype=float32)",53.66,0.003649190068244934
"tf.Tensor(2.78, shape=(), dtype=float32)",-2.836,0.003649190068244934
"tf.Tensor(5.76, shape=(), dtype=float32)",5.656,0.003649190068244934
"tf.Tensor(55.31, shape=(), dtype=float32)",56.84,0.003649190068244934
"tf.Tensor(7.76, shape=(), dtype=float32)",10.49,0.003649190068244934
"tf.Tensor(5.41, shape=(), dtype=float32)",4.445,0.003649190068244934
"tf.Tensor(5.4, shape=(), dtype=float32)",3.568,0.003649190068244934
"tf.Tensor(64.25, shape=(), dtype=float32)",60.9,0.003649190068244934
"tf.Tensor(13.11, shape=(), dtype=float32)",24.36,0.003649190068244934
"tf.Tensor(51.26, shape=(), dtype=float32)",58.56,0.003649190068244934
"tf.Tensor(64.39, shape=(), dtype=float32)",63.62,0.003649190068244934
"tf.Tensor(64.6, shape=(), dtype=float32)",61.47,0.003649190068244934
"tf.Tensor(11.49, shape=(), dtype=float32)",19.7,0.003649190068244934
"tf.Tensor(57.85, shape=(), dtype=float32)",55.16,0.003649190068244934
"tf.Tensor(64.05, shape=(), dtype=float32)",59.22,0.003649190068244934
"tf.Tensor(6.41, shape=(), dtype=float32)",6.773,0.003649190068244934
"tf.Tensor(2.46, shape=(), dtype=float32)",-2.771,0.003649190068244934
"tf.Tensor(2.98, shape=(), dtype=float32)",-1.92,0.003649190068244934
"tf.Tensor(61.59, shape=(), dtype=float32)",61.2,0.003649190068244934
"tf.Tensor(3.98, shape=(), dtype=float32)",-0.4814,0.003649190068244934
"tf.Tensor(65.48, shape=(), dtype=float32)",60.88,0.003649190068244934
"tf.Tensor(65.25, shape=(), dtype=float32)",60.0,0.003649190068244934
"tf.Tensor(5.38, shape=(), dtype=float32)",3.402,0.003649190068244934
"tf.Tensor(20.23, shape=(), dtype=float32)",32.38,0.003649190068244934
"tf.Tensor(60.61, shape=(), dtype=float32)",63.5,0.003649190068244934
"tf.Tensor(50.07, shape=(), dtype=float32)",56.53,0.003649190068244934
"tf.Tensor(46.07, shape=(), dtype=float32)",49.8,0.003649190068244934
"tf.Tensor(64.76, shape=(), dtype=float32)",59.66,0.003649190068244934
"tf.Tensor(3.14, shape=(), dtype=float32)",-2.076,0.003649190068244934
"tf.Tensor(46.7, shape=(), dtype=float32)",55.44,0.003649190068244934
"tf.Tensor(64.45, shape=(), dtype=float32)",61.38,0.0037119537591934204
"tf.Tensor(60.5, shape=(), dtype=float32)",56.28,0.0037119537591934204
"tf.Tensor(64.94, shape=(), dtype=float32)",59.28,0.0037119537591934204
"tf.Tensor(29.8, shape=(), dtype=float32)",45.0,0.0037119537591934204
"tf.Tensor(65.07, shape=(), dtype=float32)",58.8,0.0037119537591934204
"tf.Tensor(65.04, shape=(), dtype=float32)",60.25,0.0037119537591934204
"tf.Tensor(61.4, shape=(), dtype=float32)",61.03,0.0037119537591934204
"tf.Tensor(64.2, shape=(), dtype=float32)",60.16,0.0037119537591934204
"tf.Tensor(3.18, shape=(), dtype=float32)",-1.27,0.0037119537591934204
"tf.Tensor(4.09, shape=(), dtype=float32)",-0.04614,0.0037119537591934204
"tf.Tensor(65.12, shape=(), dtype=float32)",58.5,0.0037119537591934204
"tf.Tensor(5.96, shape=(), dtype=float32)",4.973,0.0037119537591934204
"tf.Tensor(65.36, shape=(), dtype=float32)",61.5,0.0037119537591934204
"tf.Tensor(61.2, shape=(), dtype=float32)",60.7,0.0037119537591934204
"tf.Tensor(62.96, shape=(), dtype=float32)",60.4,0.0037119537591934204
"tf.Tensor(7.77, shape=(), dtype=float32)",9.805,0.0037119537591934204
"tf.Tensor(44.93, shape=(), dtype=float32)",47.8,0.0037119537591934204
"tf.Tensor(50.12, shape=(), dtype=float32)",55.0,0.0037119537591934204
"tf.Tensor(4.1, shape=(), dtype=float32)",0.3394,0.0037119537591934204
"tf.Tensor(5.84, shape=(), dtype=float32)",6.137,0.0037119537591934204
"tf.Tensor(65.09, shape=(), dtype=float32)",60.28,0.0037119537591934204
"tf.Tensor(47.04, shape=(), dtype=float32)",56.88,0.0037119537591934204
"tf.Tensor(2.51, shape=(), dtype=float32)",-2.814,0.0037119537591934204
"tf.Tensor(7.54, shape=(), dtype=float32)",10.414,0.0037119537591934204
"tf.Tensor(43.04, shape=(), dtype=float32)",55.7,0.0037119537591934204
"tf.Tensor(7.97, shape=(), dtype=float32)",10.26,0.0037119537591934204
"tf.Tensor(63.88, shape=(), dtype=float32)",62.2,0.0037119537591934204
"tf.Tensor(3.68, shape=(), dtype=float32)",-0.4785,0.0037119537591934204
"tf.Tensor(62.22, shape=(), dtype=float32)",63.7,0.0037119537591934204
"tf.Tensor(4.0, shape=(), dtype=float32)",-0.4365,0.0037119537591934204
"tf.Tensor(49.93, shape=(), dtype=float32)",57.44,0.0037119537591934204
"tf.Tensor(64.57, shape=(), dtype=float32)",61.6,0.0037119537591934204
"tf.Tensor(23.62, shape=(), dtype=float32)",39.0,0.003645077347755432
"tf.Tensor(62.42, shape=(), dtype=float32)",60.56,0.003645077347755432
"tf.Tensor(3.09, shape=(), dtype=float32)",-2.25,0.003645077347755432
"tf.Tensor(34.48, shape=(), dtype=float32)",48.12,0.003645077347755432
"tf.Tensor(58.08, shape=(), dtype=float32)",54.6,0.003645077347755432
"tf.Tensor(4.57, shape=(), dtype=float32)",1.505,0.003645077347755432
"tf.Tensor(31.44, shape=(), dtype=float32)",45.97,0.003645077347755432
"tf.Tensor(5.05, shape=(), dtype=float32)",3.217,0.003645077347755432
"tf.Tensor(52.09, shape=(), dtype=float32)",57.75,0.003645077347755432
"tf.Tensor(63.13, shape=(), dtype=float32)",60.7,0.003645077347755432
"tf.Tensor(17.41, shape=(), dtype=float32)",30.23,0.003645077347755432
"tf.Tensor(47.82, shape=(), dtype=float32)",48.78,0.003645077347755432
"tf.Tensor(51.09, shape=(), dtype=float32)",55.5,0.003645077347755432
"tf.Tensor(56.59, shape=(), dtype=float32)",59.97,0.003645077347755432
"tf.Tensor(65.22, shape=(), dtype=float32)",61.78,0.003645077347755432
"tf.Tensor(6.76, shape=(), dtype=float32)",8.08,0.003645077347755432
"tf.Tensor(65.39, shape=(), dtype=float32)",61.22,0.003645077347755432
"tf.Tensor(5.43, shape=(), dtype=float32)",4.44,0.003645077347755432
"tf.Tensor(7.53, shape=(), dtype=float32)",10.586,0.003645077347755432
"tf.Tensor(5.18, shape=(), dtype=float32)",4.016,0.003645077347755432
"tf.Tensor(62.79, shape=(), dtype=float32)",59.94,0.003645077347755432
"tf.Tensor(3.32, shape=(), dtype=float32)",-1.588,0.003645077347755432
"tf.Tensor(6.29, shape=(), dtype=float32)",6.793,0.003645077347755432
"tf.Tensor(2.99, shape=(), dtype=float32)",-1.992,0.003645077347755432
"tf.Tensor(4.98, shape=(), dtype=float32)",3.049,0.003645077347755432
"tf.Tensor(5.35, shape=(), dtype=float32)",4.05,0.003645077347755432
"tf.Tensor(10.64, shape=(), dtype=float32)",16.06,0.003645077347755432
"tf.Tensor(43.63, shape=(), dtype=float32)",52.25,0.003645077347755432
"tf.Tensor(64.26, shape=(), dtype=float32)",63.03,0.003645077347755432
"tf.Tensor(39.99, shape=(), dtype=float32)",45.94,0.003645077347755432
"tf.Tensor(25.96, shape=(), dtype=float32)",38.28,0.003645077347755432
"tf.Tensor(7.11, shape=(), dtype=float32)",8.445,0.003645077347755432
"tf.Tensor(3.46, shape=(), dtype=float32)",-0.5723,0.003804728388786316
"tf.Tensor(5.76, shape=(), dtype=float32)",5.02,0.003804728388786316
"tf.Tensor(9.04, shape=(), dtype=float32)",12.15,0.003804728388786316
"tf.Tensor(58.91, shape=(), dtype=float32)",61.84,0.003804728388786316
"tf.Tensor(4.23, shape=(), dtype=float32)",0.219,0.003804728388786316
"tf.Tensor(64.43, shape=(), dtype=float32)",63.7,0.003804728388786316
"tf.Tensor(9.08, shape=(), dtype=float32)",11.73,0.003804728388786316
"tf.Tensor(2.71, shape=(), dtype=float32)",-2.549,0.003804728388786316
"tf.Tensor(5.36, shape=(), dtype=float32)",4.465,0.003804728388786316
"tf.Tensor(60.93, shape=(), dtype=float32)",60.84,0.003804728388786316
"tf.Tensor(2.92, shape=(), dtype=float32)",-1.803,0.003804728388786316
"tf.Tensor(5.2, shape=(), dtype=float32)",4.242,0.003804728388786316
"tf.Tensor(8.34, shape=(), dtype=float32)",10.45,0.003804728388786316
"tf.Tensor(5.31, shape=(), dtype=float32)",4.34,0.003804728388786316
"tf.Tensor(58.81, shape=(), dtype=float32)",53.03,0.003804728388786316
"tf.Tensor(7.83, shape=(), dtype=float32)",9.18,0.003804728388786316
"tf.Tensor(64.78, shape=(), dtype=float32)",61.6,0.003804728388786316
"tf.Tensor(3.34, shape=(), dtype=float32)",-0.6094,0.003804728388786316
"tf.Tensor(51.26, shape=(), dtype=float32)",56.28,0.003804728388786316
"tf.Tensor(8.54, shape=(), dtype=float32)",11.68,0.003804728388786316
"tf.Tensor(56.29, shape=(), dtype=float32)",57.4,0.003804728388786316
"tf.Tensor(2.93, shape=(), dtype=float32)",-1.781,0.003804728388786316
"tf.Tensor(65.0, shape=(), dtype=float32)",62.38,0.003804728388786316
"tf.Tensor(64.02, shape=(), dtype=float32)",59.56,0.003804728388786316
"tf.Tensor(38.83, shape=(), dtype=float32)",54.25,0.003804728388786316
"tf.Tensor(6.84, shape=(), dtype=float32)",7.727,0.003804728388786316
"tf.Tensor(3.48, shape=(), dtype=float32)",-0.922,0.003804728388786316
"tf.Tensor(8.71, shape=(), dtype=float32)",12.29,0.003804728388786316
"tf.Tensor(65.25, shape=(), dtype=float32)",61.38,0.003804728388786316
"tf.Tensor(64.86, shape=(), dtype=float32)",58.6,0.003804728388786316
"tf.Tensor(2.68, shape=(), dtype=float32)",-2.824,0.003804728388786316
"tf.Tensor(4.63, shape=(), dtype=float32)",2.16,0.003804728388786316
"tf.Tensor(3.26, shape=(), dtype=float32)",-2.066,0.004150696098804474
"tf.Tensor(63.83, shape=(), dtype=float32)",60.03,0.004150696098804474
"tf.Tensor(61.51, shape=(), dtype=float32)",63.03,0.004150696098804474
"tf.Tensor(6.61, shape=(), dtype=float32)",7.09,0.004150696098804474
"tf.Tensor(61.26, shape=(), dtype=float32)",63.22,0.004150696098804474
"tf.Tensor(63.99, shape=(), dtype=float32)",62.06,0.004150696098804474
"tf.Tensor(6.59, shape=(), dtype=float32)",6.695,0.004150696098804474
"tf.Tensor(3.69, shape=(), dtype=float32)",-0.9785,0.004150696098804474
"tf.Tensor(65.41, shape=(), dtype=float32)",60.66,0.004150696098804474
"tf.Tensor(26.81, shape=(), dtype=float32)",41.25,0.004150696098804474
"tf.Tensor(65.29, shape=(), dtype=float32)",60.38,0.004150696098804474
"tf.Tensor(64.08, shape=(), dtype=float32)",59.62,0.004150696098804474
"tf.Tensor(4.77, shape=(), dtype=float32)",2.309,0.004150696098804474
"tf.Tensor(35.18, shape=(), dtype=float32)",48.47,0.004150696098804474
"tf.Tensor(64.7, shape=(), dtype=float32)",59.75,0.004150696098804474
"tf.Tensor(64.03, shape=(), dtype=float32)",59.12,0.004150696098804474
"tf.Tensor(3.7, shape=(), dtype=float32)",0.4526,0.004150696098804474
"tf.Tensor(64.43, shape=(), dtype=float32)",59.22,0.004150696098804474
"tf.Tensor(5.3, shape=(), dtype=float32)",2.975,0.004150696098804474
"tf.Tensor(5.23, shape=(), dtype=float32)",4.9,0.004150696098804474
"tf.Tensor(6.48, shape=(), dtype=float32)",6.633,0.004150696098804474
"tf.Tensor(7.25, shape=(), dtype=float32)",9.22,0.004150696098804474
"tf.Tensor(3.87, shape=(), dtype=float32)",0.8184,0.004150696098804474
"tf.Tensor(6.77, shape=(), dtype=float32)",8.77,0.004150696098804474
"tf.Tensor(40.52, shape=(), dtype=float32)",54.38,0.004150696098804474
"tf.Tensor(7.71, shape=(), dtype=float32)",9.75,0.004150696098804474
"tf.Tensor(64.84, shape=(), dtype=float32)",59.56,0.004150696098804474
"tf.Tensor(6.24, shape=(), dtype=float32)",6.26,0.004150696098804474
"tf.Tensor(53.28, shape=(), dtype=float32)",50.66,0.004150696098804474
"tf.Tensor(3.11, shape=(), dtype=float32)",-1.891,0.004150696098804474
"tf.Tensor(55.35, shape=(), dtype=float32)",58.5,0.004150696098804474
"tf.Tensor(6.89, shape=(), dtype=float32)",6.59,0.004150696098804474
"tf.Tensor(4.35, shape=(), dtype=float32)",1.495,0.003990821540355682
"tf.Tensor(3.45, shape=(), dtype=float32)",-0.951,0.003990821540355682
"tf.Tensor(5.52, shape=(), dtype=float32)",4.695,0.003990821540355682
"tf.Tensor(2.87, shape=(), dtype=float32)",-1.809,0.003990821540355682
"tf.Tensor(2.88, shape=(), dtype=float32)",-2.223,0.003990821540355682
"tf.Tensor(62.06, shape=(), dtype=float32)",56.6,0.003990821540355682
"tf.Tensor(64.79, shape=(), dtype=float32)",59.4,0.003990821540355682
"tf.Tensor(53.33, shape=(), dtype=float32)",59.94,0.003990821540355682
"tf.Tensor(5.03, shape=(), dtype=float32)",3.78,0.003990821540355682
"tf.Tensor(11.92, shape=(), dtype=float32)",19.64,0.003990821540355682
"tf.Tensor(3.32, shape=(), dtype=float32)",-0.8433,0.003990821540355682
"tf.Tensor(4.71, shape=(), dtype=float32)",3.236,0.003990821540355682
"tf.Tensor(62.08, shape=(), dtype=float32)",63.28,0.003990821540355682
"tf.Tensor(9.93, shape=(), dtype=float32)",14.96,0.003990821540355682
"tf.Tensor(4.14, shape=(), dtype=float32)",0.3374,0.003990821540355682
"tf.Tensor(7.48, shape=(), dtype=float32)",9.38,0.003990821540355682
"tf.Tensor(3.03, shape=(), dtype=float32)",-1.766,0.003990821540355682
"tf.Tensor(6.71, shape=(), dtype=float32)",7.355,0.003990821540355682
"tf.Tensor(4.69, shape=(), dtype=float32)",2.164,0.003990821540355682
"tf.Tensor(65.3, shape=(), dtype=float32)",60.56,0.003990821540355682
"tf.Tensor(25.85, shape=(), dtype=float32)",42.94,0.003990821540355682
"tf.Tensor(58.37, shape=(), dtype=float32)",61.9,0.003990821540355682
"tf.Tensor(15.67, shape=(), dtype=float32)",27.64,0.003990821540355682
"tf.Tensor(63.8, shape=(), dtype=float32)",62.0,0.003990821540355682
"tf.Tensor(64.4, shape=(), dtype=float32)",64.0,0.003990821540355682
"tf.Tensor(21.19, shape=(), dtype=float32)",35.5,0.003990821540355682
"tf.Tensor(6.6, shape=(), dtype=float32)",6.6,0.003990821540355682
"tf.Tensor(63.88, shape=(), dtype=float32)",59.66,0.003990821540355682
"tf.Tensor(5.39, shape=(), dtype=float32)",3.406,0.003990821540355682
"tf.Tensor(17.81, shape=(), dtype=float32)",31.86,0.003990821540355682
"tf.Tensor(56.13, shape=(), dtype=float32)",58.44,0.003990821540355682
"tf.Tensor(65.41, shape=(), dtype=float32)",60.72,0.003990821540355682
"tf.Tensor(55.74, shape=(), dtype=float32)",52.7,0.003869384527206421
"tf.Tensor(3.99, shape=(), dtype=float32)",-0.08484,0.003869384527206421
"tf.Tensor(56.74, shape=(), dtype=float32)",59.5,0.003869384527206421
"tf.Tensor(3.64, shape=(), dtype=float32)",-1.029,0.003869384527206421
"tf.Tensor(65.21, shape=(), dtype=float32)",58.9,0.003869384527206421
"tf.Tensor(17.04, shape=(), dtype=float32)",30.36,0.003869384527206421
"tf.Tensor(7.22, shape=(), dtype=float32)",9.13,0.003869384527206421
"tf.Tensor(63.72, shape=(), dtype=float32)",61.6,0.003869384527206421
"tf.Tensor(41.71, shape=(), dtype=float32)",53.03,0.003869384527206421
"tf.Tensor(3.14, shape=(), dtype=float32)",-2.04,0.003869384527206421
"tf.Tensor(2.39, shape=(), dtype=float32)",-3.473,0.003869384527206421
"tf.Tensor(57.06, shape=(), dtype=float32)",59.84,0.003869384527206421
"tf.Tensor(65.28, shape=(), dtype=float32)",61.72,0.003869384527206421
"tf.Tensor(38.22, shape=(), dtype=float32)",45.72,0.003869384527206421
"tf.Tensor(7.04, shape=(), dtype=float32)",8.625,0.003869384527206421
"tf.Tensor(5.18, shape=(), dtype=float32)",4.92,0.003869384527206421
"tf.Tensor(62.75, shape=(), dtype=float32)",60.1,0.003869384527206421
"tf.Tensor(65.35, shape=(), dtype=float32)",60.56,0.003869384527206421
"tf.Tensor(28.76, shape=(), dtype=float32)",43.8,0.003869384527206421
"tf.Tensor(59.7, shape=(), dtype=float32)",54.56,0.003869384527206421
"tf.Tensor(60.14, shape=(), dtype=float32)",62.6,0.003869384527206421
"tf.Tensor(55.38, shape=(), dtype=float32)",52.28,0.003869384527206421
"tf.Tensor(4.81, shape=(), dtype=float32)",2.57,0.003869384527206421
"tf.Tensor(42.78, shape=(), dtype=float32)",51.22,0.003869384527206421
"tf.Tensor(56.82, shape=(), dtype=float32)",57.06,0.003869384527206421
"tf.Tensor(40.5, shape=(), dtype=float32)",52.88,0.003869384527206421
"tf.Tensor(7.86, shape=(), dtype=float32)",9.12,0.003869384527206421
"tf.Tensor(3.43, shape=(), dtype=float32)",-0.3867,0.003869384527206421
"tf.Tensor(64.29, shape=(), dtype=float32)",62.1,0.003869384527206421
"tf.Tensor(5.65, shape=(), dtype=float32)",4.562,0.003869384527206421
"tf.Tensor(32.58, shape=(), dtype=float32)",41.7,0.003869384527206421
"tf.Tensor(26.78, shape=(), dtype=float32)",44.66,0.003869384527206421
"tf.Tensor(65.33, shape=(), dtype=float32)",61.53,0.004180394113063812
"tf.Tensor(5.35, shape=(), dtype=float32)",3.764,0.004180394113063812
"tf.Tensor(4.94, shape=(), dtype=float32)",3.44,0.004180394113063812
"tf.Tensor(9.56, shape=(), dtype=float32)",13.5,0.004180394113063812
"tf.Tensor(20.47, shape=(), dtype=float32)",32.62,0.004180394113063812
"tf.Tensor(4.88, shape=(), dtype=float32)",3.36,0.004180394113063812
"tf.Tensor(4.55, shape=(), dtype=float32)",2.148,0.004180394113063812
"tf.Tensor(61.91, shape=(), dtype=float32)",60.75,0.004180394113063812
"tf.Tensor(4.38, shape=(), dtype=float32)",1.141,0.004180394113063812
"tf.Tensor(56.91, shape=(), dtype=float32)",61.8,0.004180394113063812
"tf.Tensor(37.36, shape=(), dtype=float32)",52.7,0.004180394113063812
"tf.Tensor(63.87, shape=(), dtype=float32)",60.5,0.004180394113063812
"tf.Tensor(3.58, shape=(), dtype=float32)",-1.152,0.004180394113063812
"tf.Tensor(64.34, shape=(), dtype=float32)",63.9,0.004180394113063812
"tf.Tensor(52.07, shape=(), dtype=float32)",60.2,0.004180394113063812
"tf.Tensor(4.41, shape=(), dtype=float32)",-0.001099,0.004180394113063812
"tf.Tensor(64.95, shape=(), dtype=float32)",61.22,0.004180394113063812
"tf.Tensor(64.46, shape=(), dtype=float32)",63.8,0.004180394113063812
"tf.Tensor(65.25, shape=(), dtype=float32)",61.03,0.004180394113063812
"tf.Tensor(61.09, shape=(), dtype=float32)",60.75,0.004180394113063812
"tf.Tensor(6.18, shape=(), dtype=float32)",6.93,0.004180394113063812
"tf.Tensor(64.7, shape=(), dtype=float32)",61.1,0.004180394113063812
"tf.Tensor(64.55, shape=(), dtype=float32)",61.4,0.004180394113063812
"tf.Tensor(9.7, shape=(), dtype=float32)",13.52,0.004180394113063812
"tf.Tensor(64.75, shape=(), dtype=float32)",60.62,0.004180394113063812
"tf.Tensor(7.33, shape=(), dtype=float32)",8.26,0.004180394113063812
"tf.Tensor(61.84, shape=(), dtype=float32)",57.4,0.004180394113063812
"tf.Tensor(63.49, shape=(), dtype=float32)",63.34,0.004180394113063812
"tf.Tensor(22.25, shape=(), dtype=float32)",36.53,0.004180394113063812
"tf.Tensor(64.27, shape=(), dtype=float32)",63.88,0.004180394113063812
"tf.Tensor(7.58, shape=(), dtype=float32)",10.17,0.004180394113063812
"tf.Tensor(63.68, shape=(), dtype=float32)",61.44,0.004180394113063812
"tf.Tensor(63.26, shape=(), dtype=float32)",59.2,0.004091501235961914
"tf.Tensor(4.63, shape=(), dtype=float32)",1.192,0.004091501235961914
"tf.Tensor(7.2, shape=(), dtype=float32)",7.47,0.004091501235961914
"tf.Tensor(31.44, shape=(), dtype=float32)",46.16,0.004091501235961914
"tf.Tensor(64.34, shape=(), dtype=float32)",63.4,0.004091501235961914
"tf.Tensor(53.12, shape=(), dtype=float32)",59.34,0.004091501235961914
"tf.Tensor(2.62, shape=(), dtype=float32)",-3.055,0.004091501235961914
"tf.Tensor(53.19, shape=(), dtype=float32)",56.5,0.004091501235961914
"tf.Tensor(11.79, shape=(), dtype=float32)",22.81,0.004091501235961914
"tf.Tensor(4.62, shape=(), dtype=float32)",1.838,0.004091501235961914
"tf.Tensor(9.65, shape=(), dtype=float32)",14.1,0.004091501235961914
"tf.Tensor(3.56, shape=(), dtype=float32)",-0.83,0.004091501235961914
"tf.Tensor(4.89, shape=(), dtype=float32)",2.98,0.004091501235961914
"tf.Tensor(3.0, shape=(), dtype=float32)",-2.025,0.004091501235961914
"tf.Tensor(49.04, shape=(), dtype=float32)",54.94,0.004091501235961914
"tf.Tensor(29.0, shape=(), dtype=float32)",39.5,0.004091501235961914
"tf.Tensor(48.7, shape=(), dtype=float32)",55.9,0.004091501235961914
"tf.Tensor(7.19, shape=(), dtype=float32)",8.695,0.004091501235961914
"tf.Tensor(5.17, shape=(), dtype=float32)",3.016,0.004091501235961914
"tf.Tensor(62.9, shape=(), dtype=float32)",63.8,0.004091501235961914
"tf.Tensor(2.57, shape=(), dtype=float32)",-2.867,0.004091501235961914
"tf.Tensor(35.04, shape=(), dtype=float32)",41.94,0.004091501235961914
"tf.Tensor(48.89, shape=(), dtype=float32)",58.1,0.004091501235961914
"tf.Tensor(48.75, shape=(), dtype=float32)",55.75,0.004091501235961914
"tf.Tensor(28.98, shape=(), dtype=float32)",43.94,0.004091501235961914
"tf.Tensor(63.12, shape=(), dtype=float32)",60.53,0.004091501235961914
"tf.Tensor(6.02, shape=(), dtype=float32)",5.03,0.004091501235961914
"tf.Tensor(60.53, shape=(), dtype=float32)",59.28,0.004091501235961914
"tf.Tensor(31.76, shape=(), dtype=float32)",46.72,0.004091501235961914
"tf.Tensor(65.31, shape=(), dtype=float32)",61.38,0.004091501235961914
"tf.Tensor(6.25, shape=(), dtype=float32)",6.168,0.004091501235961914
"tf.Tensor(58.28, shape=(), dtype=float32)",59.94,0.004091501235961914
"tf.Tensor(2.82, shape=(), dtype=float32)",-1.895,0.003678344190120697
"tf.Tensor(26.61, shape=(), dtype=float32)",42.06,0.003678344190120697
"tf.Tensor(49.89, shape=(), dtype=float32)",54.12,0.003678344190120697
"tf.Tensor(29.44, shape=(), dtype=float32)",44.94,0.003678344190120697
"tf.Tensor(38.13, shape=(), dtype=float32)",49.5,0.003678344190120697
"tf.Tensor(9.78, shape=(), dtype=float32)",14.23,0.003678344190120697
"tf.Tensor(56.26, shape=(), dtype=float32)",58.12,0.003678344190120697
"tf.Tensor(6.11, shape=(), dtype=float32)",6.39,0.003678344190120697
"tf.Tensor(8.21, shape=(), dtype=float32)",12.04,0.003678344190120697
"tf.Tensor(64.33, shape=(), dtype=float32)",64.1,0.003678344190120697
"tf.Tensor(2.89, shape=(), dtype=float32)",-2.324,0.003678344190120697
"tf.Tensor(8.2, shape=(), dtype=float32)",11.43,0.003678344190120697
"tf.Tensor(3.36, shape=(), dtype=float32)",-1.575,0.003678344190120697
"tf.Tensor(63.9, shape=(), dtype=float32)",61.88,0.003678344190120697
"tf.Tensor(63.69, shape=(), dtype=float32)",59.25,0.003678344190120697
"tf.Tensor(65.06, shape=(), dtype=float32)",59.38,0.003678344190120697
"tf.Tensor(6.64, shape=(), dtype=float32)",8.9,0.003678344190120697
"tf.Tensor(4.15, shape=(), dtype=float32)",1.534,0.003678344190120697
"tf.Tensor(8.3, shape=(), dtype=float32)",12.08,0.003678344190120697
"tf.Tensor(42.06, shape=(), dtype=float32)",46.4,0.003678344190120697
"tf.Tensor(4.93, shape=(), dtype=float32)",3.117,0.003678344190120697
"tf.Tensor(3.28, shape=(), dtype=float32)",-1.631,0.003678344190120697
"tf.Tensor(60.64, shape=(), dtype=float32)",63.84,0.003678344190120697
"tf.Tensor(3.36, shape=(), dtype=float32)",-1.799,0.003678344190120697
"tf.Tensor(3.85, shape=(), dtype=float32)",0.588,0.003678344190120697
"tf.Tensor(32.17, shape=(), dtype=float32)",45.75,0.003678344190120697
"tf.Tensor(2.75, shape=(), dtype=float32)",-2.934,0.003678344190120697
"tf.Tensor(3.51, shape=(), dtype=float32)",0.05823,0.003678344190120697
"tf.Tensor(9.84, shape=(), dtype=float32)",14.85,0.003678344190120697
"tf.Tensor(1.97, shape=(), dtype=float32)",-4.54,0.003678344190120697
"tf.Tensor(31.43, shape=(), dtype=float32)",47.03,0.003678344190120697
"tf.Tensor(28.52, shape=(), dtype=float32)",44.06,0.003678344190120697
"tf.Tensor(64.12, shape=(), dtype=float32)",58.53,0.0036895573139190674
"tf.Tensor(65.32, shape=(), dtype=float32)",61.75,0.0036895573139190674
"tf.Tensor(5.62, shape=(), dtype=float32)",4.887,0.0036895573139190674
"tf.Tensor(55.67, shape=(), dtype=float32)",60.94,0.0036895573139190674
"tf.Tensor(2.46, shape=(), dtype=float32)",-2.879,0.0036895573139190674
"tf.Tensor(4.16, shape=(), dtype=float32)",0.1339,0.0036895573139190674
"tf.Tensor(63.84, shape=(), dtype=float32)",57.97,0.0036895573139190674
"tf.Tensor(55.38, shape=(), dtype=float32)",52.78,0.0036895573139190674
"tf.Tensor(64.06, shape=(), dtype=float32)",59.75,0.0036895573139190674
"tf.Tensor(6.29, shape=(), dtype=float32)",6.62,0.0036895573139190674
"tf.Tensor(58.39, shape=(), dtype=float32)",61.7,0.0036895573139190674
"tf.Tensor(32.17, shape=(), dtype=float32)",46.72,0.0036895573139190674
"tf.Tensor(4.02, shape=(), dtype=float32)",1.277,0.0036895573139190674
"tf.Tensor(6.69, shape=(), dtype=float32)",7.582,0.0036895573139190674
"tf.Tensor(3.52, shape=(), dtype=float32)",-1.116,0.0036895573139190674
"tf.Tensor(64.21, shape=(), dtype=float32)",61.3,0.0036895573139190674
"tf.Tensor(9.06, shape=(), dtype=float32)",12.13,0.0036895573139190674
"tf.Tensor(64.22, shape=(), dtype=float32)",59.22,0.0036895573139190674
"tf.Tensor(4.16, shape=(), dtype=float32)",1.47,0.0036895573139190674
"tf.Tensor(25.18, shape=(), dtype=float32)",40.97,0.0036895573139190674
"tf.Tensor(6.92, shape=(), dtype=float32)",9.016,0.0036895573139190674
"tf.Tensor(65.12, shape=(), dtype=float32)",61.97,0.0036895573139190674
"tf.Tensor(59.69, shape=(), dtype=float32)",54.9,0.0036895573139190674
"tf.Tensor(7.93, shape=(), dtype=float32)",9.4,0.0036895573139190674
"tf.Tensor(7.15, shape=(), dtype=float32)",8.016,0.0036895573139190674
"tf.Tensor(4.97, shape=(), dtype=float32)",3.188,0.0036895573139190674
"tf.Tensor(63.88, shape=(), dtype=float32)",60.9,0.0036895573139190674
"tf.Tensor(27.81, shape=(), dtype=float32)",38.6,0.0036895573139190674
"tf.Tensor(5.19, shape=(), dtype=float32)",4.074,0.0036895573139190674
"tf.Tensor(6.06, shape=(), dtype=float32)",5.617,0.0036895573139190674
"tf.Tensor(62.06, shape=(), dtype=float32)",59.78,0.0036895573139190674
"tf.Tensor(64.35, shape=(), dtype=float32)",63.97,0.0036895573139190674
"tf.Tensor(3.36, shape=(), dtype=float32)",-2.293,0.004062920808792114
"tf.Tensor(58.84, shape=(), dtype=float32)",60.06,0.004062920808792114
"tf.Tensor(64.75, shape=(), dtype=float32)",61.6,0.004062920808792114
"tf.Tensor(6.6, shape=(), dtype=float32)",7.47,0.004062920808792114
"tf.Tensor(8.38, shape=(), dtype=float32)",12.14,0.004062920808792114
"tf.Tensor(63.99, shape=(), dtype=float32)",62.12,0.004062920808792114
"tf.Tensor(4.32, shape=(), dtype=float32)",-0.1305,0.004062920808792114
"tf.Tensor(64.89, shape=(), dtype=float32)",59.4,0.004062920808792114
"tf.Tensor(18.49, shape=(), dtype=float32)",31.03,0.004062920808792114
"tf.Tensor(64.12, shape=(), dtype=float32)",58.4,0.004062920808792114
"tf.Tensor(64.16, shape=(), dtype=float32)",59.75,0.004062920808792114
"tf.Tensor(48.99, shape=(), dtype=float32)",58.75,0.004062920808792114
"tf.Tensor(62.9, shape=(), dtype=float32)",61.12,0.004062920808792114
"tf.Tensor(58.52, shape=(), dtype=float32)",61.62,0.004062920808792114
"tf.Tensor(50.26, shape=(), dtype=float32)",48.38,0.004062920808792114
"tf.Tensor(3.37, shape=(), dtype=float32)",-1.734,0.004062920808792114
"tf.Tensor(3.91, shape=(), dtype=float32)",-0.10535,0.004062920808792114
"tf.Tensor(65.31, shape=(), dtype=float32)",61.97,0.004062920808792114
"tf.Tensor(64.84, shape=(), dtype=float32)",58.9,0.004062920808792114
"tf.Tensor(28.02, shape=(), dtype=float32)",43.47,0.004062920808792114
"tf.Tensor(62.53, shape=(), dtype=float32)",59.2,0.004062920808792114
"tf.Tensor(2.59, shape=(), dtype=float32)",-2.477,0.004062920808792114
"tf.Tensor(5.9, shape=(), dtype=float32)",4.832,0.004062920808792114
"tf.Tensor(62.76, shape=(), dtype=float32)",59.4,0.004062920808792114
"tf.Tensor(9.5, shape=(), dtype=float32)",14.32,0.004062920808792114
"tf.Tensor(64.42, shape=(), dtype=float32)",59.9,0.004062920808792114
"tf.Tensor(56.99, shape=(), dtype=float32)",59.3,0.004062920808792114
"tf.Tensor(61.17, shape=(), dtype=float32)",60.25,0.004062920808792114
"tf.Tensor(13.72, shape=(), dtype=float32)",23.61,0.004062920808792114
"tf.Tensor(60.7, shape=(), dtype=float32)",60.06,0.004062920808792114
"tf.Tensor(47.14, shape=(), dtype=float32)",58.6,0.004062920808792114
"tf.Tensor(9.38, shape=(), dtype=float32)",13.24,0.004062920808792114
"tf.Tensor(8.06, shape=(), dtype=float32)",11.984,0.003653906285762787
"tf.Tensor(64.41, shape=(), dtype=float32)",64.5,0.003653906285762787
"tf.Tensor(50.83, shape=(), dtype=float32)",56.47,0.003653906285762787
"tf.Tensor(42.44, shape=(), dtype=float32)",45.84,0.003653906285762787
"tf.Tensor(42.6, shape=(), dtype=float32)",47.56,0.003653906285762787
"tf.Tensor(6.69, shape=(), dtype=float32)",6.656,0.003653906285762787
"tf.Tensor(64.87, shape=(), dtype=float32)",58.78,0.003653906285762787
"tf.Tensor(20.74, shape=(), dtype=float32)",36.12,0.003653906285762787
"tf.Tensor(64.54, shape=(), dtype=float32)",61.38,0.003653906285762787
"tf.Tensor(3.75, shape=(), dtype=float32)",-0.523,0.003653906285762787
"tf.Tensor(5.41, shape=(), dtype=float32)",3.865,0.003653906285762787
"tf.Tensor(9.86, shape=(), dtype=float32)",14.945,0.003653906285762787
"tf.Tensor(4.77, shape=(), dtype=float32)",3.162,0.003653906285762787
"tf.Tensor(64.33, shape=(), dtype=float32)",63.28,0.003653906285762787
"tf.Tensor(54.07, shape=(), dtype=float32)",56.72,0.003653906285762787
"tf.Tensor(3.74, shape=(), dtype=float32)",-0.3677,0.003653906285762787
"tf.Tensor(45.26, shape=(), dtype=float32)",58.3,0.003653906285762787
"tf.Tensor(57.32, shape=(), dtype=float32)",59.2,0.003653906285762787
"tf.Tensor(6.81, shape=(), dtype=float32)",9.13,0.003653906285762787
"tf.Tensor(63.89, shape=(), dtype=float32)",61.72,0.003653906285762787
"tf.Tensor(56.23, shape=(), dtype=float32)",58.8,0.003653906285762787
"tf.Tensor(3.05, shape=(), dtype=float32)",-1.775,0.003653906285762787
"tf.Tensor(5.38, shape=(), dtype=float32)",4.086,0.003653906285762787
"tf.Tensor(61.72, shape=(), dtype=float32)",58.56,0.003653906285762787
"tf.Tensor(4.46, shape=(), dtype=float32)",1.504,0.003653906285762787
"tf.Tensor(37.9, shape=(), dtype=float32)",49.78,0.003653906285762787
"tf.Tensor(4.75, shape=(), dtype=float32)",2.523,0.003653906285762787
"tf.Tensor(16.47, shape=(), dtype=float32)",26.52,0.003653906285762787
"tf.Tensor(5.17, shape=(), dtype=float32)",3.297,0.003653906285762787
"tf.Tensor(56.95, shape=(), dtype=float32)",56.28,0.003653906285762787
"tf.Tensor(58.81, shape=(), dtype=float32)",59.38,0.003653906285762787
"tf.Tensor(8.51, shape=(), dtype=float32)",10.85,0.003653906285762787
"tf.Tensor(6.2, shape=(), dtype=float32)",6.38,0.0035447627305984497
"tf.Tensor(63.37, shape=(), dtype=float32)",62.12,0.0035447627305984497
"tf.Tensor(8.09, shape=(), dtype=float32)",11.5,0.0035447627305984497
"tf.Tensor(3.92, shape=(), dtype=float32)",1.139,0.0035447627305984497
"tf.Tensor(23.32, shape=(), dtype=float32)",37.56,0.0035447627305984497
"tf.Tensor(4.12, shape=(), dtype=float32)",1.864,0.0035447627305984497
"tf.Tensor(8.92, shape=(), dtype=float32)",12.336,0.0035447627305984497
"tf.Tensor(2.99, shape=(), dtype=float32)",-1.814,0.0035447627305984497
"tf.Tensor(64.96, shape=(), dtype=float32)",59.1,0.0035447627305984497
"tf.Tensor(63.92, shape=(), dtype=float32)",59.97,0.0035447627305984497
"tf.Tensor(2.75, shape=(), dtype=float32)",-2.73,0.0035447627305984497
"tf.Tensor(5.79, shape=(), dtype=float32)",5.656,0.0035447627305984497
"tf.Tensor(55.54, shape=(), dtype=float32)",58.44,0.0035447627305984497
"tf.Tensor(58.48, shape=(), dtype=float32)",56.9,0.0035447627305984497
"tf.Tensor(2.65, shape=(), dtype=float32)",-2.9,0.0035447627305984497
"tf.Tensor(48.63, shape=(), dtype=float32)",54.9,0.0035447627305984497
"tf.Tensor(55.87, shape=(), dtype=float32)",61.16,0.0035447627305984497
"tf.Tensor(16.88, shape=(), dtype=float32)",31.05,0.0035447627305984497
"tf.Tensor(61.59, shape=(), dtype=float32)",62.94,0.0035447627305984497
"tf.Tensor(13.92, shape=(), dtype=float32)",25.3,0.0035447627305984497
"tf.Tensor(64.1, shape=(), dtype=float32)",60.56,0.0035447627305984497
"tf.Tensor(64.45, shape=(), dtype=float32)",64.06,0.0035447627305984497
"tf.Tensor(26.51, shape=(), dtype=float32)",38.1,0.0035447627305984497
"tf.Tensor(39.17, shape=(), dtype=float32)",50.34,0.0035447627305984497
"tf.Tensor(65.34, shape=(), dtype=float32)",61.25,0.0035447627305984497
"tf.Tensor(5.91, shape=(), dtype=float32)",5.832,0.0035447627305984497
"tf.Tensor(54.2, shape=(), dtype=float32)",58.12,0.0035447627305984497
"tf.Tensor(50.54, shape=(), dtype=float32)",55.62,0.0035447627305984497
"tf.Tensor(59.14, shape=(), dtype=float32)",63.38,0.0035447627305984497
"tf.Tensor(19.84, shape=(), dtype=float32)",35.38,0.0035447627305984497
"tf.Tensor(3.34, shape=(), dtype=float32)",-1.143,0.0035447627305984497
"tf.Tensor(63.66, shape=(), dtype=float32)",59.84,0.0035447627305984497
"tf.Tensor(4.45, shape=(), dtype=float32)",1.395,0.0036438778042793274
"tf.Tensor(64.28, shape=(), dtype=float32)",59.28,0.0036438778042793274
"tf.Tensor(58.79, shape=(), dtype=float32)",61.47,0.0036438778042793274
"tf.Tensor(3.39, shape=(), dtype=float32)",-0.8633,0.0036438778042793274
"tf.Tensor(5.08, shape=(), dtype=float32)",4.227,0.0036438778042793274
"tf.Tensor(65.21, shape=(), dtype=float32)",61.03,0.0036438778042793274
"tf.Tensor(3.24, shape=(), dtype=float32)",-1.083,0.0036438778042793274
"tf.Tensor(2.88, shape=(), dtype=float32)",-1.654,0.0036438778042793274
"tf.Tensor(2.8, shape=(), dtype=float32)",-2.28,0.0036438778042793274
"tf.Tensor(65.34, shape=(), dtype=float32)",60.38,0.0036438778042793274
"tf.Tensor(31.36, shape=(), dtype=float32)",46.4,0.0036438778042793274
"tf.Tensor(30.35, shape=(), dtype=float32)",41.34,0.0036438778042793274
"tf.Tensor(61.78, shape=(), dtype=float32)",60.03,0.0036438778042793274
"tf.Tensor(64.14, shape=(), dtype=float32)",59.2,0.0036438778042793274
"tf.Tensor(65.36, shape=(), dtype=float32)",60.8,0.0036438778042793274
"tf.Tensor(64.36, shape=(), dtype=float32)",63.62,0.0036438778042793274
"tf.Tensor(8.78, shape=(), dtype=float32)",11.195,0.0036438778042793274
"tf.Tensor(3.47, shape=(), dtype=float32)",-1.271,0.0036438778042793274
"tf.Tensor(5.72, shape=(), dtype=float32)",4.83,0.0036438778042793274
"tf.Tensor(63.87, shape=(), dtype=float32)",61.8,0.0036438778042793274
"tf.Tensor(55.39, shape=(), dtype=float32)",58.53,0.0036438778042793274
"tf.Tensor(4.21, shape=(), dtype=float32)",-0.1373,0.0036438778042793274
"tf.Tensor(62.58, shape=(), dtype=float32)",63.16,0.0036438778042793274
"tf.Tensor(5.17, shape=(), dtype=float32)",3.244,0.0036438778042793274
"tf.Tensor(3.1, shape=(), dtype=float32)",-1.949,0.0036438778042793274
"tf.Tensor(65.31, shape=(), dtype=float32)",60.28,0.0036438778042793274
"tf.Tensor(64.22, shape=(), dtype=float32)",59.22,0.0036438778042793274
"tf.Tensor(64.2, shape=(), dtype=float32)",64.0,0.0036438778042793274
"tf.Tensor(4.52, shape=(), dtype=float32)",2.03,0.0036438778042793274
"tf.Tensor(64.58, shape=(), dtype=float32)",61.38,0.0036438778042793274
"tf.Tensor(9.12, shape=(), dtype=float32)",10.57,0.0036438778042793274
"tf.Tensor(11.18, shape=(), dtype=float32)",18.55,0.0036438778042793274
"tf.Tensor(40.39, shape=(), dtype=float32)",52.88,0.0036747828125953674
"tf.Tensor(5.42, shape=(), dtype=float32)",4.223,0.0036747828125953674
"tf.Tensor(3.26, shape=(), dtype=float32)",-1.105,0.0036747828125953674
"tf.Tensor(64.65, shape=(), dtype=float32)",58.8,0.0036747828125953674
"tf.Tensor(6.42, shape=(), dtype=float32)",5.902,0.0036747828125953674
"tf.Tensor(62.29, shape=(), dtype=float32)",59.47,0.0036747828125953674
"tf.Tensor(63.67, shape=(), dtype=float32)",59.8,0.0036747828125953674
"tf.Tensor(4.63, shape=(), dtype=float32)",2.197,0.0036747828125953674
"tf.Tensor(6.46, shape=(), dtype=float32)",6.336,0.0036747828125953674
"tf.Tensor(34.57, shape=(), dtype=float32)",44.3,0.0036747828125953674
"tf.Tensor(28.49, shape=(), dtype=float32)",43.8,0.0036747828125953674
"tf.Tensor(50.29, shape=(), dtype=float32)",58.97,0.0036747828125953674
"tf.Tensor(3.86, shape=(), dtype=float32)",0.6904,0.0036747828125953674
"tf.Tensor(40.98, shape=(), dtype=float32)",52.56,0.0036747828125953674
"tf.Tensor(36.63, shape=(), dtype=float32)",48.56,0.0036747828125953674
"tf.Tensor(7.47, shape=(), dtype=float32)",10.77,0.0036747828125953674
"tf.Tensor(64.26, shape=(), dtype=float32)",59.75,0.0036747828125953674
"tf.Tensor(63.13, shape=(), dtype=float32)",60.78,0.0036747828125953674
"tf.Tensor(8.89, shape=(), dtype=float32)",10.93,0.0036747828125953674
"tf.Tensor(21.23, shape=(), dtype=float32)",33.8,0.0036747828125953674
"tf.Tensor(3.4, shape=(), dtype=float32)",-0.1503,0.0036747828125953674
"tf.Tensor(6.28, shape=(), dtype=float32)",7.242,0.0036747828125953674
"tf.Tensor(54.61, shape=(), dtype=float32)",55.38,0.0036747828125953674
"tf.Tensor(3.5, shape=(), dtype=float32)",-0.01538,0.0036747828125953674
"tf.Tensor(64.71, shape=(), dtype=float32)",59.75,0.0036747828125953674
"tf.Tensor(47.97, shape=(), dtype=float32)",54.38,0.0036747828125953674
"tf.Tensor(7.07, shape=(), dtype=float32)",8.21,0.0036747828125953674
"tf.Tensor(64.76, shape=(), dtype=float32)",61.4,0.0036747828125953674
"tf.Tensor(7.65, shape=(), dtype=float32)",10.73,0.0036747828125953674
"tf.Tensor(65.4, shape=(), dtype=float32)",60.44,0.0036747828125953674
"tf.Tensor(63.82, shape=(), dtype=float32)",61.66,0.0036747828125953674
"tf.Tensor(63.87, shape=(), dtype=float32)",61.28,0.0036747828125953674
"tf.Tensor(57.45, shape=(), dtype=float32)",56.6,0.003912642598152161
"tf.Tensor(58.12, shape=(), dtype=float32)",55.6,0.003912642598152161
"tf.Tensor(49.43, shape=(), dtype=float32)",58.34,0.003912642598152161
"tf.Tensor(3.8, shape=(), dtype=float32)",-0.2798,0.003912642598152161
"tf.Tensor(7.53, shape=(), dtype=float32)",8.38,0.003912642598152161
"tf.Tensor(7.58, shape=(), dtype=float32)",10.625,0.003912642598152161
"tf.Tensor(64.58, shape=(), dtype=float32)",61.2,0.003912642598152161
"tf.Tensor(65.13, shape=(), dtype=float32)",62.03,0.003912642598152161
"tf.Tensor(33.61, shape=(), dtype=float32)",49.8,0.003912642598152161
"tf.Tensor(60.87, shape=(), dtype=float32)",57.16,0.003912642598152161
"tf.Tensor(64.78, shape=(), dtype=float32)",58.78,0.003912642598152161
"tf.Tensor(17.03, shape=(), dtype=float32)",28.02,0.003912642598152161
"tf.Tensor(27.9, shape=(), dtype=float32)",38.03,0.003912642598152161
"tf.Tensor(3.35, shape=(), dtype=float32)",-0.9414,0.003912642598152161
"tf.Tensor(65.28, shape=(), dtype=float32)",61.78,0.003912642598152161
"tf.Tensor(64.45, shape=(), dtype=float32)",63.8,0.003912642598152161
"tf.Tensor(6.27, shape=(), dtype=float32)",6.484,0.003912642598152161
"tf.Tensor(16.95, shape=(), dtype=float32)",27.62,0.003912642598152161
"tf.Tensor(32.7, shape=(), dtype=float32)",45.94,0.003912642598152161
"tf.Tensor(62.92, shape=(), dtype=float32)",58.75,0.003912642598152161
"tf.Tensor(9.89, shape=(), dtype=float32)",14.45,0.003912642598152161
"tf.Tensor(64.36, shape=(), dtype=float32)",63.22,0.003912642598152161
"tf.Tensor(65.33, shape=(), dtype=float32)",61.97,0.003912642598152161
"tf.Tensor(60.77, shape=(), dtype=float32)",60.9,0.003912642598152161
"tf.Tensor(13.58, shape=(), dtype=float32)",23.39,0.003912642598152161
"tf.Tensor(64.31, shape=(), dtype=float32)",63.62,0.003912642598152161
"tf.Tensor(26.68, shape=(), dtype=float32)",42.56,0.003912642598152161
"tf.Tensor(63.5, shape=(), dtype=float32)",60.78,0.003912642598152161
"tf.Tensor(7.66, shape=(), dtype=float32)",9.586,0.003912642598152161
"tf.Tensor(64.38, shape=(), dtype=float32)",63.34,0.003912642598152161
"tf.Tensor(4.01, shape=(), dtype=float32)",0.1987,0.003912642598152161
"tf.Tensor(65.18, shape=(), dtype=float32)",60.78,0.003912642598152161
"tf.Tensor(3.37, shape=(), dtype=float32)",-1.3125,0.004152126610279083
"tf.Tensor(38.46, shape=(), dtype=float32)",54.1,0.004152126610279083
"tf.Tensor(62.99, shape=(), dtype=float32)",63.88,0.004152126610279083
"tf.Tensor(64.44, shape=(), dtype=float32)",64.2,0.004152126610279083
"tf.Tensor(21.49, shape=(), dtype=float32)",34.3,0.004152126610279083
"tf.Tensor(4.06, shape=(), dtype=float32)",0.366,0.004152126610279083
"tf.Tensor(5.43, shape=(), dtype=float32)",4.195,0.004152126610279083
"tf.Tensor(54.5, shape=(), dtype=float32)",57.12,0.004152126610279083
"tf.Tensor(63.24, shape=(), dtype=float32)",58.8,0.004152126610279083
"tf.Tensor(5.19, shape=(), dtype=float32)",3.443,0.004152126610279083
"tf.Tensor(4.07, shape=(), dtype=float32)",1.211,0.004152126610279083
"tf.Tensor(25.08, shape=(), dtype=float32)",41.97,0.004152126610279083
"tf.Tensor(3.19, shape=(), dtype=float32)",-1.503,0.004152126610279083
"tf.Tensor(2.89, shape=(), dtype=float32)",-1.772,0.004152126610279083
"tf.Tensor(47.44, shape=(), dtype=float32)",52.8,0.004152126610279083
"tf.Tensor(63.94, shape=(), dtype=float32)",59.75,0.004152126610279083
"tf.Tensor(64.62, shape=(), dtype=float32)",58.78,0.004152126610279083
"tf.Tensor(3.76, shape=(), dtype=float32)",-0.4263,0.004152126610279083
"tf.Tensor(6.96, shape=(), dtype=float32)",7.816,0.004152126610279083
"tf.Tensor(4.46, shape=(), dtype=float32)",1.63,0.004152126610279083
"tf.Tensor(23.5, shape=(), dtype=float32)",36.75,0.004152126610279083
"tf.Tensor(48.68, shape=(), dtype=float32)",55.72,0.004152126610279083
"tf.Tensor(4.86, shape=(), dtype=float32)",2.906,0.004152126610279083
"tf.Tensor(7.23, shape=(), dtype=float32)",8.555,0.004152126610279083
"tf.Tensor(64.21, shape=(), dtype=float32)",64.1,0.004152126610279083
"tf.Tensor(4.02, shape=(), dtype=float32)",0.611,0.004152126610279083
"tf.Tensor(26.95, shape=(), dtype=float32)",39.25,0.004152126610279083
"tf.Tensor(2.88, shape=(), dtype=float32)",-1.93,0.004152126610279083
"tf.Tensor(63.67, shape=(), dtype=float32)",62.0,0.004152126610279083
"tf.Tensor(3.56, shape=(), dtype=float32)",-1.527,0.004152126610279083
"tf.Tensor(4.12, shape=(), dtype=float32)",1.2,0.004152126610279083
"tf.Tensor(5.17, shape=(), dtype=float32)",3.78,0.004152126610279083
"tf.Tensor(4.03, shape=(), dtype=float32)",0.0807,0.0036869272589683533
"tf.Tensor(64.09, shape=(), dtype=float32)",59.38,0.0036869272589683533
"tf.Tensor(5.49, shape=(), dtype=float32)",4.03,0.0036869272589683533
"tf.Tensor(2.99, shape=(), dtype=float32)",-2.06,0.0036869272589683533
"tf.Tensor(63.79, shape=(), dtype=float32)",61.34,0.0036869272589683533
"tf.Tensor(16.72, shape=(), dtype=float32)",26.78,0.0036869272589683533
"tf.Tensor(11.56, shape=(), dtype=float32)",18.58,0.0036869272589683533
"tf.Tensor(3.16, shape=(), dtype=float32)",-1.391,0.0036869272589683533
"tf.Tensor(5.53, shape=(), dtype=float32)",3.998,0.0036869272589683533
"tf.Tensor(8.36, shape=(), dtype=float32)",11.78,0.0036869272589683533
"tf.Tensor(64.6, shape=(), dtype=float32)",61.3,0.0036869272589683533
"tf.Tensor(2.8, shape=(), dtype=float32)",-2.098,0.0036869272589683533
"tf.Tensor(64.69, shape=(), dtype=float32)",61.44,0.0036869272589683533
"tf.Tensor(63.81, shape=(), dtype=float32)",62.16,0.0036869272589683533
"tf.Tensor(11.53, shape=(), dtype=float32)",21.38,0.0036869272589683533
"tf.Tensor(63.96, shape=(), dtype=float32)",62.06,0.0036869272589683533
"tf.Tensor(61.51, shape=(), dtype=float32)",57.38,0.0036869272589683533
"tf.Tensor(5.88, shape=(), dtype=float32)",5.89,0.0036869272589683533
"tf.Tensor(26.86, shape=(), dtype=float32)",39.0,0.0036869272589683533
"tf.Tensor(6.07, shape=(), dtype=float32)",5.336,0.0036869272589683533
"tf.Tensor(58.38, shape=(), dtype=float32)",60.5,0.0036869272589683533
"tf.Tensor(25.08, shape=(), dtype=float32)",39.66,0.0036869272589683533
"tf.Tensor(26.11, shape=(), dtype=float32)",41.38,0.0036869272589683533
"tf.Tensor(64.22, shape=(), dtype=float32)",61.06,0.0036869272589683533
"tf.Tensor(8.53, shape=(), dtype=float32)",11.96,0.0036869272589683533
"tf.Tensor(63.91, shape=(), dtype=float32)",59.38,0.0036869272589683533
"tf.Tensor(39.22, shape=(), dtype=float32)",45.72,0.0036869272589683533
"tf.Tensor(7.55, shape=(), dtype=float32)",9.695,0.0036869272589683533
"tf.Tensor(63.94, shape=(), dtype=float32)",59.72,0.0036869272589683533
"tf.Tensor(63.97, shape=(), dtype=float32)",61.94,0.0036869272589683533
"tf.Tensor(38.8, shape=(), dtype=float32)",51.25,0.0036869272589683533
"tf.Tensor(5.03, shape=(), dtype=float32)",2.848,0.0036869272589683533
"tf.Tensor(4.23, shape=(), dtype=float32)",-1.028,0.0036217346787452698
"tf.Tensor(32.29, shape=(), dtype=float32)",47.72,0.0036217346787452698
"tf.Tensor(7.33, shape=(), dtype=float32)",9.24,0.0036217346787452698
"tf.Tensor(6.91, shape=(), dtype=float32)",7.43,0.0036217346787452698
"tf.Tensor(64.35, shape=(), dtype=float32)",63.7,0.0036217346787452698
"tf.Tensor(28.96, shape=(), dtype=float32)",45.47,0.0036217346787452698
"tf.Tensor(40.78, shape=(), dtype=float32)",51.56,0.0036217346787452698
"tf.Tensor(3.28, shape=(), dtype=float32)",-1.384,0.0036217346787452698
"tf.Tensor(62.44, shape=(), dtype=float32)",58.84,0.0036217346787452698
"tf.Tensor(7.42, shape=(), dtype=float32)",9.3,0.0036217346787452698
"tf.Tensor(47.55, shape=(), dtype=float32)",58.78,0.0036217346787452698
"tf.Tensor(65.18, shape=(), dtype=float32)",59.44,0.0036217346787452698
"tf.Tensor(7.23, shape=(), dtype=float32)",8.94,0.0036217346787452698
"tf.Tensor(6.75, shape=(), dtype=float32)",7.83,0.0036217346787452698
"tf.Tensor(55.3, shape=(), dtype=float32)",61.38,0.0036217346787452698
"tf.Tensor(65.35, shape=(), dtype=float32)",61.3,0.0036217346787452698
"tf.Tensor(10.57, shape=(), dtype=float32)",16.4,0.0036217346787452698
"tf.Tensor(2.51, shape=(), dtype=float32)",-2.771,0.0036217346787452698
"tf.Tensor(7.76, shape=(), dtype=float32)",9.766,0.0036217346787452698
"tf.Tensor(36.53, shape=(), dtype=float32)",46.78,0.0036217346787452698
"tf.Tensor(22.29, shape=(), dtype=float32)",36.47,0.0036217346787452698
"tf.Tensor(19.35, shape=(), dtype=float32)",33.12,0.0036217346787452698
"tf.Tensor(39.59, shape=(), dtype=float32)",51.47,0.0036217346787452698
"tf.Tensor(49.61, shape=(), dtype=float32)",55.9,0.0036217346787452698
"tf.Tensor(64.6, shape=(), dtype=float32)",61.06,0.0036217346787452698
"tf.Tensor(42.98, shape=(), dtype=float32)",55.8,0.0036217346787452698
"tf.Tensor(3.83, shape=(), dtype=float32)",0.3833,0.0036217346787452698
"tf.Tensor(8.29, shape=(), dtype=float32)",11.68,0.0036217346787452698
"tf.Tensor(6.57, shape=(), dtype=float32)",7.516,0.0036217346787452698
"tf.Tensor(3.62, shape=(), dtype=float32)",-1.115,0.0036217346787452698
"tf.Tensor(2.66, shape=(), dtype=float32)",-2.133,0.0036217346787452698
"tf.Tensor(14.05, shape=(), dtype=float32)",24.48,0.0036217346787452698
"tf.Tensor(5.24, shape=(), dtype=float32)",4.285,0.003634043037891388
"tf.Tensor(43.72, shape=(), dtype=float32)",53.0,0.003634043037891388
"tf.Tensor(52.27, shape=(), dtype=float32)",55.34,0.003634043037891388
"tf.Tensor(13.68, shape=(), dtype=float32)",25.58,0.003634043037891388
"tf.Tensor(42.4, shape=(), dtype=float32)",47.44,0.003634043037891388
"tf.Tensor(64.96, shape=(), dtype=float32)",58.62,0.003634043037891388
"tf.Tensor(57.04, shape=(), dtype=float32)",60.03,0.003634043037891388
"tf.Tensor(14.01, shape=(), dtype=float32)",25.8,0.003634043037891388
"tf.Tensor(4.17, shape=(), dtype=float32)",1.588,0.003634043037891388
"tf.Tensor(2.54, shape=(), dtype=float32)",-3.012,0.003634043037891388
"tf.Tensor(6.06, shape=(), dtype=float32)",4.848,0.003634043037891388
"tf.Tensor(56.13, shape=(), dtype=float32)",58.66,0.003634043037891388
"tf.Tensor(4.61, shape=(), dtype=float32)",2.846,0.003634043037891388
"tf.Tensor(6.88, shape=(), dtype=float32)",7.324,0.003634043037891388
"tf.Tensor(65.29, shape=(), dtype=float32)",61.9,0.003634043037891388
"tf.Tensor(65.21, shape=(), dtype=float32)",61.7,0.003634043037891388
"tf.Tensor(63.21, shape=(), dtype=float32)",60.47,0.003634043037891388
"tf.Tensor(6.29, shape=(), dtype=float32)",6.008,0.003634043037891388
"tf.Tensor(3.24, shape=(), dtype=float32)",-2.11,0.003634043037891388
"tf.Tensor(5.03, shape=(), dtype=float32)",3.59,0.003634043037891388
"tf.Tensor(4.01, shape=(), dtype=float32)",-0.1752,0.003634043037891388
"tf.Tensor(8.0, shape=(), dtype=float32)",10.51,0.003634043037891388
"tf.Tensor(3.86, shape=(), dtype=float32)",0.936,0.003634043037891388
"tf.Tensor(6.09, shape=(), dtype=float32)",5.426,0.003634043037891388
"tf.Tensor(63.79, shape=(), dtype=float32)",63.03,0.003634043037891388
"tf.Tensor(9.73, shape=(), dtype=float32)",14.07,0.003634043037891388
"tf.Tensor(4.88, shape=(), dtype=float32)",3.62,0.003634043037891388
"tf.Tensor(3.48, shape=(), dtype=float32)",0.9976,0.003634043037891388
"tf.Tensor(5.84, shape=(), dtype=float32)",6.11,0.003634043037891388
"tf.Tensor(8.14, shape=(), dtype=float32)",10.055,0.003634043037891388
"tf.Tensor(3.06, shape=(), dtype=float32)",-1.853,0.003634043037891388
"tf.Tensor(28.92, shape=(), dtype=float32)",45.16,0.003634043037891388
"tf.Tensor(58.65, shape=(), dtype=float32)",59.56,0.00397878885269165
"tf.Tensor(63.8, shape=(), dtype=float32)",61.75,0.00397878885269165
"tf.Tensor(65.24, shape=(), dtype=float32)",59.94,0.00397878885269165
"tf.Tensor(4.22, shape=(), dtype=float32)",-0.2145,0.00397878885269165
"tf.Tensor(64.24, shape=(), dtype=float32)",64.44,0.00397878885269165
"tf.Tensor(4.27, shape=(), dtype=float32)",-0.5884,0.00397878885269165
"tf.Tensor(9.12, shape=(), dtype=float32)",12.98,0.00397878885269165
"tf.Tensor(9.04, shape=(), dtype=float32)",13.76,0.00397878885269165
"tf.Tensor(8.17, shape=(), dtype=float32)",12.445,0.00397878885269165
"tf.Tensor(65.41, shape=(), dtype=float32)",61.47,0.00397878885269165
"tf.Tensor(3.93, shape=(), dtype=float32)",-0.4712,0.00397878885269165
"tf.Tensor(3.99, shape=(), dtype=float32)",-0.2817,0.00397878885269165
"tf.Tensor(62.72, shape=(), dtype=float32)",56.7,0.00397878885269165
"tf.Tensor(64.95, shape=(), dtype=float32)",60.84,0.00397878885269165
"tf.Tensor(64.24, shape=(), dtype=float32)",63.28,0.00397878885269165
"tf.Tensor(41.64, shape=(), dtype=float32)",45.34,0.00397878885269165
"tf.Tensor(1.98, shape=(), dtype=float32)",-4.426,0.00397878885269165
"tf.Tensor(48.92, shape=(), dtype=float32)",58.6,0.00397878885269165
"tf.Tensor(63.84, shape=(), dtype=float32)",63.47,0.00397878885269165
"tf.Tensor(52.76, shape=(), dtype=float32)",60.66,0.00397878885269165
"tf.Tensor(63.44, shape=(), dtype=float32)",63.22,0.00397878885269165
"tf.Tensor(64.85, shape=(), dtype=float32)",60.2,0.00397878885269165
"tf.Tensor(8.51, shape=(), dtype=float32)",10.56,0.00397878885269165
"tf.Tensor(63.37, shape=(), dtype=float32)",59.2,0.00397878885269165
"tf.Tensor(4.7, shape=(), dtype=float32)",2.701,0.00397878885269165
"tf.Tensor(64.02, shape=(), dtype=float32)",60.84,0.00397878885269165
"tf.Tensor(6.93, shape=(), dtype=float32)",8.46,0.00397878885269165
"tf.Tensor(22.18, shape=(), dtype=float32)",37.16,0.00397878885269165
"tf.Tensor(3.39, shape=(), dtype=float32)",-0.417,0.00397878885269165
"tf.Tensor(41.3, shape=(), dtype=float32)",51.5,0.00397878885269165
"tf.Tensor(42.23, shape=(), dtype=float32)",49.75,0.00397878885269165
"tf.Tensor(5.28, shape=(), dtype=float32)",4.215,0.00397878885269165
"tf.Tensor(7.14, shape=(), dtype=float32)",8.305,0.0037268325686454773
"tf.Tensor(3.6, shape=(), dtype=float32)",0.6963,0.0037268325686454773
"tf.Tensor(7.85, shape=(), dtype=float32)",11.15,0.0037268325686454773
"tf.Tensor(4.6, shape=(), dtype=float32)",3.334,0.0037268325686454773
"tf.Tensor(4.13, shape=(), dtype=float32)",-0.392,0.0037268325686454773
"tf.Tensor(20.17, shape=(), dtype=float32)",33.88,0.0037268325686454773
"tf.Tensor(65.23, shape=(), dtype=float32)",61.34,0.0037268325686454773
"tf.Tensor(13.37, shape=(), dtype=float32)",23.16,0.0037268325686454773
"tf.Tensor(5.88, shape=(), dtype=float32)",4.57,0.0037268325686454773
"tf.Tensor(65.29, shape=(), dtype=float32)",61.7,0.0037268325686454773
"tf.Tensor(17.64, shape=(), dtype=float32)",31.95,0.0037268325686454773
"tf.Tensor(65.34, shape=(), dtype=float32)",60.6,0.0037268325686454773
"tf.Tensor(64.03, shape=(), dtype=float32)",60.56,0.0037268325686454773
"tf.Tensor(62.67, shape=(), dtype=float32)",60.7,0.0037268325686454773
"tf.Tensor(2.0, shape=(), dtype=float32)",-4.01,0.0037268325686454773
"tf.Tensor(63.69, shape=(), dtype=float32)",61.8,0.0037268325686454773
"tf.Tensor(5.27, shape=(), dtype=float32)",3.914,0.0037268325686454773
"tf.Tensor(47.47, shape=(), dtype=float32)",47.78,0.0037268325686454773
"tf.Tensor(64.38, shape=(), dtype=float32)",64.4,0.0037268325686454773
"tf.Tensor(3.6, shape=(), dtype=float32)",-1.042,0.0037268325686454773
"tf.Tensor(7.34, shape=(), dtype=float32)",8.914,0.0037268325686454773
"tf.Tensor(6.56, shape=(), dtype=float32)",6.36,0.0037268325686454773
"tf.Tensor(32.79, shape=(), dtype=float32)",46.0,0.0037268325686454773
"tf.Tensor(3.8, shape=(), dtype=float32)",-0.172,0.0037268325686454773
"tf.Tensor(6.72, shape=(), dtype=float32)",9.24,0.0037268325686454773
"tf.Tensor(3.28, shape=(), dtype=float32)",-1.516,0.0037268325686454773
"tf.Tensor(64.56, shape=(), dtype=float32)",61.44,0.0037268325686454773
"tf.Tensor(11.19, shape=(), dtype=float32)",19.27,0.0037268325686454773
"tf.Tensor(6.12, shape=(), dtype=float32)",5.26,0.0037268325686454773
"tf.Tensor(60.8, shape=(), dtype=float32)",59.06,0.0037268325686454773
"tf.Tensor(5.1, shape=(), dtype=float32)",3.676,0.0037268325686454773
"tf.Tensor(5.52, shape=(), dtype=float32)",5.324,0.0037268325686454773
"tf.Tensor(65.2, shape=(), dtype=float32)",61.7,0.003743685781955719
"tf.Tensor(56.21, shape=(), dtype=float32)",62.06,0.003743685781955719
"tf.Tensor(3.08, shape=(), dtype=float32)",-2.428,0.003743685781955719
"tf.Tensor(26.43, shape=(), dtype=float32)",43.62,0.003743685781955719
"tf.Tensor(3.44, shape=(), dtype=float32)",-1.006,0.003743685781955719
"tf.Tensor(64.11, shape=(), dtype=float32)",56.94,0.003743685781955719
"tf.Tensor(16.44, shape=(), dtype=float32)",28.08,0.003743685781955719
"tf.Tensor(12.47, shape=(), dtype=float32)",19.44,0.003743685781955719
"tf.Tensor(2.98, shape=(), dtype=float32)",-2.367,0.003743685781955719
"tf.Tensor(46.17, shape=(), dtype=float32)",53.7,0.003743685781955719
"tf.Tensor(49.97, shape=(), dtype=float32)",56.56,0.003743685781955719
"tf.Tensor(3.36, shape=(), dtype=float32)",-0.6826,0.003743685781955719
"tf.Tensor(3.35, shape=(), dtype=float32)",-1.735,0.003743685781955719
"tf.Tensor(32.83, shape=(), dtype=float32)",46.78,0.003743685781955719
"tf.Tensor(47.36, shape=(), dtype=float32)",53.25,0.003743685781955719
"tf.Tensor(64.06, shape=(), dtype=float32)",59.84,0.003743685781955719
"tf.Tensor(24.76, shape=(), dtype=float32)",40.5,0.003743685781955719
"tf.Tensor(64.04, shape=(), dtype=float32)",58.8,0.003743685781955719
"tf.Tensor(64.0, shape=(), dtype=float32)",61.84,0.003743685781955719
"tf.Tensor(65.1, shape=(), dtype=float32)",62.3,0.003743685781955719
"tf.Tensor(64.61, shape=(), dtype=float32)",61.3,0.003743685781955719
"tf.Tensor(6.6, shape=(), dtype=float32)",7.117,0.003743685781955719
"tf.Tensor(8.21, shape=(), dtype=float32)",11.34,0.003743685781955719
"tf.Tensor(3.46, shape=(), dtype=float32)",-0.5396,0.003743685781955719
"tf.Tensor(5.49, shape=(), dtype=float32)",4.168,0.003743685781955719
"tf.Tensor(7.5, shape=(), dtype=float32)",9.13,0.003743685781955719
"tf.Tensor(54.38, shape=(), dtype=float32)",61.2,0.003743685781955719
"tf.Tensor(65.31, shape=(), dtype=float32)",59.9,0.003743685781955719
"tf.Tensor(5.89, shape=(), dtype=float32)",4.715,0.003743685781955719
"tf.Tensor(4.76, shape=(), dtype=float32)",2.64,0.003743685781955719
"tf.Tensor(63.88, shape=(), dtype=float32)",60.03,0.003743685781955719
"tf.Tensor(58.31, shape=(), dtype=float32)",59.88,0.003743685781955719
"tf.Tensor(11.04, shape=(), dtype=float32)",17.88,0.003648795187473297
"tf.Tensor(48.66, shape=(), dtype=float32)",58.2,0.003648795187473297
"tf.Tensor(65.58, shape=(), dtype=float32)",61.7,0.003648795187473297
"tf.Tensor(4.52, shape=(), dtype=float32)",1.359,0.003648795187473297
"tf.Tensor(25.81, shape=(), dtype=float32)",40.75,0.003648795187473297
"tf.Tensor(8.32, shape=(), dtype=float32)",11.77,0.003648795187473297
"tf.Tensor(4.15, shape=(), dtype=float32)",0.11646,0.003648795187473297
"tf.Tensor(5.55, shape=(), dtype=float32)",4.984,0.003648795187473297
"tf.Tensor(7.7, shape=(), dtype=float32)",9.65,0.003648795187473297
"tf.Tensor(49.27, shape=(), dtype=float32)",48.4,0.003648795187473297
"tf.Tensor(5.38, shape=(), dtype=float32)",4.406,0.003648795187473297
"tf.Tensor(7.55, shape=(), dtype=float32)",9.805,0.003648795187473297
"tf.Tensor(58.51, shape=(), dtype=float32)",60.03,0.003648795187473297
"tf.Tensor(12.99, shape=(), dtype=float32)",23.27,0.003648795187473297
"tf.Tensor(63.86, shape=(), dtype=float32)",62.12,0.003648795187473297
"tf.Tensor(3.59, shape=(), dtype=float32)",-0.4458,0.003648795187473297
"tf.Tensor(58.05, shape=(), dtype=float32)",55.5,0.003648795187473297
"tf.Tensor(48.63, shape=(), dtype=float32)",57.5,0.003648795187473297
"tf.Tensor(9.24, shape=(), dtype=float32)",12.27,0.003648795187473297
"tf.Tensor(4.97, shape=(), dtype=float32)",3.492,0.003648795187473297
"tf.Tensor(6.81, shape=(), dtype=float32)",9.016,0.003648795187473297
"tf.Tensor(64.69, shape=(), dtype=float32)",61.44,0.003648795187473297
"tf.Tensor(5.09, shape=(), dtype=float32)",4.15,0.003648795187473297
"tf.Tensor(58.39, shape=(), dtype=float32)",61.97,0.003648795187473297
"tf.Tensor(64.36, shape=(), dtype=float32)",64.2,0.003648795187473297
"tf.Tensor(60.72, shape=(), dtype=float32)",63.62,0.003648795187473297
"tf.Tensor(51.89, shape=(), dtype=float32)",49.3,0.003648795187473297
"tf.Tensor(60.11, shape=(), dtype=float32)",56.88,0.003648795187473297
"tf.Tensor(45.34, shape=(), dtype=float32)",52.25,0.003648795187473297
"tf.Tensor(21.81, shape=(), dtype=float32)",35.3,0.003648795187473297
"tf.Tensor(65.29, shape=(), dtype=float32)",61.44,0.003648795187473297
"tf.Tensor(64.35, shape=(), dtype=float32)",63.97,0.003648795187473297
"tf.Tensor(64.48, shape=(), dtype=float32)",64.2,0.004076860845088959
"tf.Tensor(3.38, shape=(), dtype=float32)",-0.6577,0.004076860845088959
"tf.Tensor(65.33, shape=(), dtype=float32)",59.53,0.004076860845088959
"tf.Tensor(4.87, shape=(), dtype=float32)",3.066,0.004076860845088959
"tf.Tensor(6.74, shape=(), dtype=float32)",8.23,0.004076860845088959
"tf.Tensor(36.71, shape=(), dtype=float32)",50.0,0.004076860845088959
"tf.Tensor(27.76, shape=(), dtype=float32)",42.0,0.004076860845088959
"tf.Tensor(53.5, shape=(), dtype=float32)",60.66,0.004076860845088959
"tf.Tensor(4.24, shape=(), dtype=float32)",-0.866,0.004076860845088959
"tf.Tensor(4.33, shape=(), dtype=float32)",0.513,0.004076860845088959
"tf.Tensor(38.03, shape=(), dtype=float32)",48.16,0.004076860845088959
"tf.Tensor(61.97, shape=(), dtype=float32)",56.8,0.004076860845088959
"tf.Tensor(48.68, shape=(), dtype=float32)",49.2,0.004076860845088959
"tf.Tensor(3.13, shape=(), dtype=float32)",-2.242,0.004076860845088959
"tf.Tensor(58.68, shape=(), dtype=float32)",59.88,0.004076860845088959
"tf.Tensor(3.02, shape=(), dtype=float32)",-2.139,0.004076860845088959
"tf.Tensor(63.05, shape=(), dtype=float32)",61.12,0.004076860845088959
"tf.Tensor(27.24, shape=(), dtype=float32)",41.0,0.004076860845088959
"tf.Tensor(4.77, shape=(), dtype=float32)",2.48,0.004076860845088959
"tf.Tensor(64.31, shape=(), dtype=float32)",63.9,0.004076860845088959
"tf.Tensor(59.48, shape=(), dtype=float32)",58.97,0.004076860845088959
"tf.Tensor(15.55, shape=(), dtype=float32)",28.9,0.004076860845088959
"tf.Tensor(30.93, shape=(), dtype=float32)",45.03,0.004076860845088959
"tf.Tensor(13.16, shape=(), dtype=float32)",22.44,0.004076860845088959
"tf.Tensor(4.06, shape=(), dtype=float32)",-0.05237,0.004076860845088959
"tf.Tensor(64.58, shape=(), dtype=float32)",63.97,0.004076860845088959
"tf.Tensor(5.33, shape=(), dtype=float32)",4.13,0.004076860845088959
"tf.Tensor(58.96, shape=(), dtype=float32)",59.78,0.004076860845088959
"tf.Tensor(45.07, shape=(), dtype=float32)",54.2,0.004076860845088959
"tf.Tensor(5.49, shape=(), dtype=float32)",5.047,0.004076860845088959
"tf.Tensor(5.79, shape=(), dtype=float32)",5.043,0.004076860845088959
"tf.Tensor(43.53, shape=(), dtype=float32)",53.75,0.004076860845088959
"tf.Tensor(6.57, shape=(), dtype=float32)",7.582,0.003820188343524933
"tf.Tensor(7.09, shape=(), dtype=float32)",7.598,0.003820188343524933
"tf.Tensor(9.95, shape=(), dtype=float32)",14.445,0.003820188343524933
"tf.Tensor(52.94, shape=(), dtype=float32)",51.66,0.003820188343524933
"tf.Tensor(43.77, shape=(), dtype=float32)",54.2,0.003820188343524933
"tf.Tensor(21.43, shape=(), dtype=float32)",34.2,0.003820188343524933
"tf.Tensor(57.7, shape=(), dtype=float32)",61.97,0.003820188343524933
"tf.Tensor(63.12, shape=(), dtype=float32)",58.72,0.003820188343524933
"tf.Tensor(64.3, shape=(), dtype=float32)",60.6,0.003820188343524933
"tf.Tensor(10.57, shape=(), dtype=float32)",17.42,0.003820188343524933
"tf.Tensor(32.83, shape=(), dtype=float32)",48.22,0.003820188343524933
"tf.Tensor(2.5, shape=(), dtype=float32)",-2.975,0.003820188343524933
"tf.Tensor(64.89, shape=(), dtype=float32)",61.3,0.003820188343524933
"tf.Tensor(30.52, shape=(), dtype=float32)",44.47,0.003820188343524933
"tf.Tensor(26.24, shape=(), dtype=float32)",40.62,0.003820188343524933
"tf.Tensor(26.72, shape=(), dtype=float32)",41.78,0.003820188343524933
"tf.Tensor(9.92, shape=(), dtype=float32)",14.01,0.003820188343524933
"tf.Tensor(65.34, shape=(), dtype=float32)",60.38,0.003820188343524933
"tf.Tensor(6.36, shape=(), dtype=float32)",7.77,0.003820188343524933
"tf.Tensor(34.54, shape=(), dtype=float32)",48.6,0.003820188343524933
"tf.Tensor(3.21, shape=(), dtype=float32)",-1.517,0.003820188343524933
"tf.Tensor(64.27, shape=(), dtype=float32)",63.56,0.003820188343524933
"tf.Tensor(5.76, shape=(), dtype=float32)",5.04,0.003820188343524933
"tf.Tensor(57.25, shape=(), dtype=float32)",59.9,0.003820188343524933
"tf.Tensor(64.13, shape=(), dtype=float32)",60.8,0.003820188343524933
"tf.Tensor(55.48, shape=(), dtype=float32)",61.78,0.003820188343524933
"tf.Tensor(4.2, shape=(), dtype=float32)",0.4673,0.003820188343524933
"tf.Tensor(22.12, shape=(), dtype=float32)",37.16,0.003820188343524933
"tf.Tensor(3.68, shape=(), dtype=float32)",-0.666,0.003820188343524933
"tf.Tensor(61.28, shape=(), dtype=float32)",57.9,0.003820188343524933
"tf.Tensor(58.27, shape=(), dtype=float32)",58.16,0.003820188343524933
"tf.Tensor(6.45, shape=(), dtype=float32)",7.285,0.003820188343524933
"tf.Tensor(10.27, shape=(), dtype=float32)",16.67,0.00365583598613739
"tf.Tensor(5.1, shape=(), dtype=float32)",3.86,0.00365583598613739
"tf.Tensor(35.53, shape=(), dtype=float32)",47.97,0.00365583598613739
"tf.Tensor(49.6, shape=(), dtype=float32)",50.0,0.00365583598613739
"tf.Tensor(5.41, shape=(), dtype=float32)",4.895,0.00365583598613739
"tf.Tensor(56.08, shape=(), dtype=float32)",57.38,0.00365583598613739
"tf.Tensor(3.3, shape=(), dtype=float32)",-0.9717,0.00365583598613739
"tf.Tensor(40.72, shape=(), dtype=float32)",53.84,0.00365583598613739
"tf.Tensor(60.43, shape=(), dtype=float32)",62.9,0.00365583598613739
"tf.Tensor(9.7, shape=(), dtype=float32)",13.29,0.00365583598613739
"tf.Tensor(4.03, shape=(), dtype=float32)",1.316,0.00365583598613739
"tf.Tensor(37.61, shape=(), dtype=float32)",50.66,0.00365583598613739
"tf.Tensor(61.28, shape=(), dtype=float32)",58.06,0.00365583598613739
"tf.Tensor(8.65, shape=(), dtype=float32)",10.234,0.00365583598613739
"tf.Tensor(64.37, shape=(), dtype=float32)",59.56,0.00365583598613739
"tf.Tensor(3.92, shape=(), dtype=float32)",0.1726,0.00365583598613739
"tf.Tensor(53.04, shape=(), dtype=float32)",51.34,0.00365583598613739
"tf.Tensor(6.49, shape=(), dtype=float32)",6.742,0.00365583598613739
"tf.Tensor(64.29, shape=(), dtype=float32)",61.3,0.00365583598613739
"tf.Tensor(31.35, shape=(), dtype=float32)",41.47,0.00365583598613739
"tf.Tensor(3.48, shape=(), dtype=float32)",-0.5083,0.00365583598613739
"tf.Tensor(5.23, shape=(), dtype=float32)",2.705,0.00365583598613739
"tf.Tensor(6.26, shape=(), dtype=float32)",6.27,0.00365583598613739
"tf.Tensor(44.94, shape=(), dtype=float32)",49.22,0.00365583598613739
"tf.Tensor(2.1, shape=(), dtype=float32)",-4.01,0.00365583598613739
"tf.Tensor(5.74, shape=(), dtype=float32)",6.117,0.00365583598613739
"tf.Tensor(46.62, shape=(), dtype=float32)",47.34,0.00365583598613739
"tf.Tensor(62.81, shape=(), dtype=float32)",60.25,0.00365583598613739
"tf.Tensor(2.1, shape=(), dtype=float32)",-4.215,0.00365583598613739
"tf.Tensor(3.3, shape=(), dtype=float32)",-1.006,0.00365583598613739
"tf.Tensor(21.65, shape=(), dtype=float32)",35.7,0.00365583598613739
"tf.Tensor(64.2, shape=(), dtype=float32)",59.84,0.00365583598613739
"tf.Tensor(4.07, shape=(), dtype=float32)",0.532,0.0038438886404037476
"tf.Tensor(64.09, shape=(), dtype=float32)",61.88,0.0038438886404037476
"tf.Tensor(64.66, shape=(), dtype=float32)",61.4,0.0038438886404037476
"tf.Tensor(43.08, shape=(), dtype=float32)",55.78,0.0038438886404037476
"tf.Tensor(64.66, shape=(), dtype=float32)",58.53,0.0038438886404037476
"tf.Tensor(7.56, shape=(), dtype=float32)",9.91,0.0038438886404037476
"tf.Tensor(64.16, shape=(), dtype=float32)",60.44,0.0038438886404037476
"tf.Tensor(48.97, shape=(), dtype=float32)",58.2,0.0038438886404037476
"tf.Tensor(36.08, shape=(), dtype=float32)",48.06,0.0038438886404037476
"tf.Tensor(6.91, shape=(), dtype=float32)",8.66,0.0038438886404037476
"tf.Tensor(62.51, shape=(), dtype=float32)",58.9,0.0038438886404037476
"tf.Tensor(9.86, shape=(), dtype=float32)",15.44,0.0038438886404037476
"tf.Tensor(5.02, shape=(), dtype=float32)",3.385,0.0038438886404037476
"tf.Tensor(3.27, shape=(), dtype=float32)",-1.345,0.0038438886404037476
"tf.Tensor(3.31, shape=(), dtype=float32)",-1.761,0.0038438886404037476
"tf.Tensor(6.0, shape=(), dtype=float32)",4.74,0.0038438886404037476
"tf.Tensor(3.64, shape=(), dtype=float32)",-0.756,0.0038438886404037476
"tf.Tensor(3.65, shape=(), dtype=float32)",0.10657,0.0038438886404037476
"tf.Tensor(62.38, shape=(), dtype=float32)",57.62,0.0038438886404037476
"tf.Tensor(64.92, shape=(), dtype=float32)",58.53,0.0038438886404037476
"tf.Tensor(62.5, shape=(), dtype=float32)",58.47,0.0038438886404037476
"tf.Tensor(4.84, shape=(), dtype=float32)",2.879,0.0038438886404037476
"tf.Tensor(5.13, shape=(), dtype=float32)",4.832,0.0038438886404037476
"tf.Tensor(11.98, shape=(), dtype=float32)",22.19,0.0038438886404037476
"tf.Tensor(61.39, shape=(), dtype=float32)",60.03,0.0038438886404037476
"tf.Tensor(43.42, shape=(), dtype=float32)",50.75,0.0038438886404037476
"tf.Tensor(3.69, shape=(), dtype=float32)",-0.02222,0.0038438886404037476
"tf.Tensor(3.35, shape=(), dtype=float32)",-0.5044,0.0038438886404037476
"tf.Tensor(4.99, shape=(), dtype=float32)",3.238,0.0038438886404037476
"tf.Tensor(5.19, shape=(), dtype=float32)",2.934,0.0038438886404037476
"tf.Tensor(51.51, shape=(), dtype=float32)",50.9,0.0038438886404037476
"tf.Tensor(7.75, shape=(), dtype=float32)",9.81,0.0038438886404037476
"tf.Tensor(49.5, shape=(), dtype=float32)",57.78,0.003796681761741638
"tf.Tensor(2.51, shape=(), dtype=float32)",-3.03,0.003796681761741638
"tf.Tensor(6.69, shape=(), dtype=float32)",6.312,0.003796681761741638
"tf.Tensor(4.32, shape=(), dtype=float32)",0.01892,0.003796681761741638
"tf.Tensor(3.75, shape=(), dtype=float32)",-0.552,0.003796681761741638
"tf.Tensor(61.98, shape=(), dtype=float32)",55.25,0.003796681761741638
"tf.Tensor(53.52, shape=(), dtype=float32)",58.0,0.003796681761741638
"tf.Tensor(2.77, shape=(), dtype=float32)",-2.379,0.003796681761741638
"tf.Tensor(58.83, shape=(), dtype=float32)",62.25,0.003796681761741638
"tf.Tensor(3.64, shape=(), dtype=float32)",-0.8203,0.003796681761741638
"tf.Tensor(49.74, shape=(), dtype=float32)",56.06,0.003796681761741638
"tf.Tensor(3.4, shape=(), dtype=float32)",-0.556,0.003796681761741638
"tf.Tensor(17.84, shape=(), dtype=float32)",29.86,0.003796681761741638
"tf.Tensor(49.43, shape=(), dtype=float32)",49.16,0.003796681761741638
"tf.Tensor(3.93, shape=(), dtype=float32)",-0.2091,0.003796681761741638
"tf.Tensor(64.18, shape=(), dtype=float32)",62.1,0.003796681761741638
"tf.Tensor(5.91, shape=(), dtype=float32)",5.16,0.003796681761741638
"tf.Tensor(30.47, shape=(), dtype=float32)",45.12,0.003796681761741638
"tf.Tensor(65.17, shape=(), dtype=float32)",60.25,0.003796681761741638
"tf.Tensor(43.46, shape=(), dtype=float32)",55.44,0.003796681761741638
"tf.Tensor(64.99, shape=(), dtype=float32)",60.38,0.003796681761741638
"tf.Tensor(3.27, shape=(), dtype=float32)",-1.158,0.003796681761741638
"tf.Tensor(42.99, shape=(), dtype=float32)",50.75,0.003796681761741638
"tf.Tensor(47.64, shape=(), dtype=float32)",54.62,0.003796681761741638
"tf.Tensor(62.2, shape=(), dtype=float32)",58.78,0.003796681761741638
"tf.Tensor(53.59, shape=(), dtype=float32)",56.12,0.003796681761741638
"tf.Tensor(8.32, shape=(), dtype=float32)",12.18,0.003796681761741638
"tf.Tensor(12.54, shape=(), dtype=float32)",22.9,0.003796681761741638
"tf.Tensor(26.15, shape=(), dtype=float32)",43.53,0.003796681761741638
"tf.Tensor(6.6, shape=(), dtype=float32)",7.137,0.003796681761741638
"tf.Tensor(63.97, shape=(), dtype=float32)",59.9,0.003796681761741638
"tf.Tensor(62.76, shape=(), dtype=float32)",59.84,0.003796681761741638
"tf.Tensor(7.64, shape=(), dtype=float32)",9.1,0.003852561116218567
"tf.Tensor(65.45, shape=(), dtype=float32)",60.88,0.003852561116218567
"tf.Tensor(65.4, shape=(), dtype=float32)",61.22,0.003852561116218567
"tf.Tensor(64.63, shape=(), dtype=float32)",61.6,0.003852561116218567
"tf.Tensor(59.81, shape=(), dtype=float32)",57.7,0.003852561116218567
"tf.Tensor(3.91, shape=(), dtype=float32)",0.11316,0.003852561116218567
"tf.Tensor(41.22, shape=(), dtype=float32)",55.38,0.003852561116218567
"tf.Tensor(6.76, shape=(), dtype=float32)",7.117,0.003852561116218567
"tf.Tensor(4.96, shape=(), dtype=float32)",2.87,0.003852561116218567
"tf.Tensor(63.81, shape=(), dtype=float32)",61.75,0.003852561116218567
"tf.Tensor(56.95, shape=(), dtype=float32)",58.94,0.003852561116218567
"tf.Tensor(4.47, shape=(), dtype=float32)",1.615,0.003852561116218567
"tf.Tensor(24.13, shape=(), dtype=float32)",38.53,0.003852561116218567
"tf.Tensor(12.32, shape=(), dtype=float32)",23.02,0.003852561116218567
"tf.Tensor(64.96, shape=(), dtype=float32)",58.78,0.003852561116218567
"tf.Tensor(3.38, shape=(), dtype=float32)",-0.617,0.003852561116218567
"tf.Tensor(26.88, shape=(), dtype=float32)",41.47,0.003852561116218567
"tf.Tensor(62.5, shape=(), dtype=float32)",64.0,0.003852561116218567
"tf.Tensor(63.85, shape=(), dtype=float32)",60.53,0.003852561116218567
"tf.Tensor(37.3, shape=(), dtype=float32)",48.25,0.003852561116218567
"tf.Tensor(49.3, shape=(), dtype=float32)",58.03,0.003852561116218567
"tf.Tensor(9.85, shape=(), dtype=float32)",14.24,0.003852561116218567
"tf.Tensor(61.54, shape=(), dtype=float32)",61.03,0.003852561116218567
"tf.Tensor(9.99, shape=(), dtype=float32)",13.98,0.003852561116218567
"tf.Tensor(4.57, shape=(), dtype=float32)",1.506,0.003852561116218567
"tf.Tensor(64.67, shape=(), dtype=float32)",61.47,0.003852561116218567
"tf.Tensor(62.78, shape=(), dtype=float32)",62.97,0.003852561116218567
"tf.Tensor(65.29, shape=(), dtype=float32)",60.94,0.003852561116218567
"tf.Tensor(6.19, shape=(), dtype=float32)",6.17,0.003852561116218567
"tf.Tensor(62.24, shape=(), dtype=float32)",58.25,0.003852561116218567
"tf.Tensor(64.68, shape=(), dtype=float32)",61.7,0.003852561116218567
"tf.Tensor(7.62, shape=(), dtype=float32)",10.83,0.003852561116218567
"tf.Tensor(4.95, shape=(), dtype=float32)",3.3,0.004069119691848755
"tf.Tensor(6.79, shape=(), dtype=float32)",7.04,0.004069119691848755
"tf.Tensor(30.02, shape=(), dtype=float32)",43.06,0.004069119691848755
"tf.Tensor(65.44, shape=(), dtype=float32)",61.56,0.004069119691848755
"tf.Tensor(56.77, shape=(), dtype=float32)",60.53,0.004069119691848755
"tf.Tensor(65.34, shape=(), dtype=float32)",60.66,0.004069119691848755
"tf.Tensor(64.05, shape=(), dtype=float32)",60.03,0.004069119691848755
"tf.Tensor(13.78, shape=(), dtype=float32)",25.64,0.004069119691848755
"tf.Tensor(7.42, shape=(), dtype=float32)",9.21,0.004069119691848755
"tf.Tensor(36.68, shape=(), dtype=float32)",44.1,0.004069119691848755
"tf.Tensor(4.53, shape=(), dtype=float32)",1.276,0.004069119691848755
"tf.Tensor(61.17, shape=(), dtype=float32)",62.5,0.004069119691848755
"tf.Tensor(3.8, shape=(), dtype=float32)",-0.3618,0.004069119691848755
"tf.Tensor(63.77, shape=(), dtype=float32)",62.06,0.004069119691848755
"tf.Tensor(7.35, shape=(), dtype=float32)",9.32,0.004069119691848755
"tf.Tensor(60.73, shape=(), dtype=float32)",60.0,0.004069119691848755
"tf.Tensor(2.84, shape=(), dtype=float32)",-2.02,0.004069119691848755
"tf.Tensor(59.79, shape=(), dtype=float32)",62.4,0.004069119691848755
"tf.Tensor(64.77, shape=(), dtype=float32)",61.47,0.004069119691848755
"tf.Tensor(64.2, shape=(), dtype=float32)",60.78,0.004069119691848755
"tf.Tensor(59.66, shape=(), dtype=float32)",59.72,0.004069119691848755
"tf.Tensor(15.21, shape=(), dtype=float32)",26.62,0.004069119691848755
"tf.Tensor(65.12, shape=(), dtype=float32)",60.56,0.004069119691848755
"tf.Tensor(64.92, shape=(), dtype=float32)",58.34,0.004069119691848755
"tf.Tensor(55.14, shape=(), dtype=float32)",56.06,0.004069119691848755
"tf.Tensor(10.91, shape=(), dtype=float32)",16.14,0.004069119691848755
"tf.Tensor(9.04, shape=(), dtype=float32)",11.695,0.004069119691848755
"tf.Tensor(64.28, shape=(), dtype=float32)",60.75,0.004069119691848755
"tf.Tensor(17.17, shape=(), dtype=float32)",28.69,0.004069119691848755
"tf.Tensor(53.93, shape=(), dtype=float32)",50.7,0.004069119691848755
"tf.Tensor(7.8, shape=(), dtype=float32)",9.07,0.004069119691848755
"tf.Tensor(37.14, shape=(), dtype=float32)",44.5,0.004069119691848755
"tf.Tensor(3.24, shape=(), dtype=float32)",-1.998,0.003843560814857483
"tf.Tensor(7.58, shape=(), dtype=float32)",9.586,0.003843560814857483
"tf.Tensor(63.99, shape=(), dtype=float32)",59.3,0.003843560814857483
"tf.Tensor(4.2, shape=(), dtype=float32)",-0.1754,0.003843560814857483
"tf.Tensor(18.13, shape=(), dtype=float32)",30.34,0.003843560814857483
"tf.Tensor(63.91, shape=(), dtype=float32)",58.94,0.003843560814857483
"tf.Tensor(62.09, shape=(), dtype=float32)",63.56,0.003843560814857483
"tf.Tensor(2.81, shape=(), dtype=float32)",-1.92,0.003843560814857483
"tf.Tensor(65.43, shape=(), dtype=float32)",60.28,0.003843560814857483
"tf.Tensor(65.08, shape=(), dtype=float32)",60.97,0.003843560814857483
"tf.Tensor(63.96, shape=(), dtype=float32)",63.12,0.003843560814857483
"tf.Tensor(61.39, shape=(), dtype=float32)",59.6,0.003843560814857483
"tf.Tensor(63.89, shape=(), dtype=float32)",62.0,0.003843560814857483
"tf.Tensor(5.69, shape=(), dtype=float32)",4.875,0.003843560814857483
"tf.Tensor(5.43, shape=(), dtype=float32)",4.176,0.003843560814857483
"tf.Tensor(63.81, shape=(), dtype=float32)",62.34,0.003843560814857483
"tf.Tensor(49.74, shape=(), dtype=float32)",49.97,0.003843560814857483
"tf.Tensor(63.73, shape=(), dtype=float32)",60.53,0.003843560814857483
"tf.Tensor(56.18, shape=(), dtype=float32)",58.84,0.003843560814857483
"tf.Tensor(44.77, shape=(), dtype=float32)",46.62,0.003843560814857483
"tf.Tensor(2.91, shape=(), dtype=float32)",-2.547,0.003843560814857483
"tf.Tensor(6.52, shape=(), dtype=float32)",6.465,0.003843560814857483
"tf.Tensor(62.82, shape=(), dtype=float32)",58.5,0.003843560814857483
"tf.Tensor(64.72, shape=(), dtype=float32)",61.6,0.003843560814857483
"tf.Tensor(8.32, shape=(), dtype=float32)",10.43,0.003843560814857483
"tf.Tensor(25.8, shape=(), dtype=float32)",39.1,0.003843560814857483
"tf.Tensor(64.97, shape=(), dtype=float32)",60.0,0.003843560814857483
"tf.Tensor(65.21, shape=(), dtype=float32)",60.56,0.003843560814857483
"tf.Tensor(50.69, shape=(), dtype=float32)",61.03,0.003843560814857483
"tf.Tensor(5.98, shape=(), dtype=float32)",7.703,0.003843560814857483
"tf.Tensor(64.96, shape=(), dtype=float32)",60.94,0.003843560814857483
"tf.Tensor(65.23, shape=(), dtype=float32)",61.6,0.003843560814857483
"tf.Tensor(59.02, shape=(), dtype=float32)",61.97,0.003919854760169983
"tf.Tensor(60.8, shape=(), dtype=float32)",63.22,0.003919854760169983
"tf.Tensor(4.01, shape=(), dtype=float32)",-0.1718,0.003919854760169983
"tf.Tensor(51.22, shape=(), dtype=float32)",58.38,0.003919854760169983
"tf.Tensor(40.31, shape=(), dtype=float32)",45.8,0.003919854760169983
"tf.Tensor(65.39, shape=(), dtype=float32)",61.97,0.003919854760169983
"tf.Tensor(5.54, shape=(), dtype=float32)",4.973,0.003919854760169983
"tf.Tensor(10.24, shape=(), dtype=float32)",16.31,0.003919854760169983
"tf.Tensor(64.45, shape=(), dtype=float32)",64.4,0.003919854760169983
"tf.Tensor(21.28, shape=(), dtype=float32)",37.03,0.003919854760169983
"tf.Tensor(65.33, shape=(), dtype=float32)",61.44,0.003919854760169983
"tf.Tensor(57.94, shape=(), dtype=float32)",62.28,0.003919854760169983
"tf.Tensor(58.62, shape=(), dtype=float32)",59.1,0.003919854760169983
"tf.Tensor(63.86, shape=(), dtype=float32)",59.78,0.003919854760169983
"tf.Tensor(7.53, shape=(), dtype=float32)",9.09,0.003919854760169983
"tf.Tensor(65.09, shape=(), dtype=float32)",60.5,0.003919854760169983
"tf.Tensor(64.36, shape=(), dtype=float32)",64.2,0.003919854760169983
"tf.Tensor(64.49, shape=(), dtype=float32)",64.06,0.003919854760169983
"tf.Tensor(6.29, shape=(), dtype=float32)",6.246,0.003919854760169983
"tf.Tensor(40.49, shape=(), dtype=float32)",53.8,0.003919854760169983
"tf.Tensor(65.3, shape=(), dtype=float32)",60.06,0.003919854760169983
"tf.Tensor(60.4, shape=(), dtype=float32)",57.38,0.003919854760169983
"tf.Tensor(64.61, shape=(), dtype=float32)",61.38,0.003919854760169983
"tf.Tensor(30.11, shape=(), dtype=float32)",45.78,0.003919854760169983
"tf.Tensor(6.6, shape=(), dtype=float32)",7.5,0.003919854760169983
"tf.Tensor(2.91, shape=(), dtype=float32)",-2.223,0.003919854760169983
"tf.Tensor(5.31, shape=(), dtype=float32)",4.348,0.003919854760169983
"tf.Tensor(3.22, shape=(), dtype=float32)",-1.429,0.003919854760169983
"tf.Tensor(3.26, shape=(), dtype=float32)",-1.164,0.003919854760169983
"tf.Tensor(6.38, shape=(), dtype=float32)",6.527,0.003919854760169983
"tf.Tensor(63.7, shape=(), dtype=float32)",58.8,0.003919854760169983
"tf.Tensor(5.32, shape=(), dtype=float32)",4.465,0.003919854760169983
"tf.Tensor(54.83, shape=(), dtype=float32)",62.12,0.0036322027444839478
"tf.Tensor(5.37, shape=(), dtype=float32)",4.465,0.0036322027444839478
"tf.Tensor(8.36, shape=(), dtype=float32)",9.88,0.0036322027444839478
"tf.Tensor(3.91, shape=(), dtype=float32)",-0.0851,0.0036322027444839478
"tf.Tensor(55.02, shape=(), dtype=float32)",61.94,0.0036322027444839478
"tf.Tensor(6.89, shape=(), dtype=float32)",7.305,0.0036322027444839478
"tf.Tensor(57.39, shape=(), dtype=float32)",59.06,0.0036322027444839478
"tf.Tensor(2.66, shape=(), dtype=float32)",-2.904,0.0036322027444839478
"tf.Tensor(50.81, shape=(), dtype=float32)",56.56,0.0036322027444839478
"tf.Tensor(16.48, shape=(), dtype=float32)",7.97,0.0036322027444839478
"tf.Tensor(2.48, shape=(), dtype=float32)",-3.344,0.0036322027444839478
"tf.Tensor(62.58, shape=(), dtype=float32)",60.72,0.0036322027444839478
"tf.Tensor(63.88, shape=(), dtype=float32)",61.34,0.0036322027444839478
"tf.Tensor(8.2, shape=(), dtype=float32)",10.29,0.0036322027444839478
"tf.Tensor(15.02, shape=(), dtype=float32)",26.3,0.0036322027444839478
"tf.Tensor(10.87, shape=(), dtype=float32)",18.16,0.0036322027444839478
"tf.Tensor(63.98, shape=(), dtype=float32)",58.94,0.0036322027444839478
"tf.Tensor(12.5, shape=(), dtype=float32)",22.78,0.0036322027444839478
"tf.Tensor(4.65, shape=(), dtype=float32)",2.086,0.0036322027444839478
"tf.Tensor(63.3, shape=(), dtype=float32)",63.47,0.0036322027444839478
"tf.Tensor(53.55, shape=(), dtype=float32)",51.34,0.0036322027444839478
"tf.Tensor(63.4, shape=(), dtype=float32)",59.75,0.0036322027444839478
"tf.Tensor(6.28, shape=(), dtype=float32)",6.645,0.0036322027444839478
"tf.Tensor(58.17, shape=(), dtype=float32)",62.75,0.0036322027444839478
"tf.Tensor(5.48, shape=(), dtype=float32)",4.184,0.0036322027444839478
"tf.Tensor(2.57, shape=(), dtype=float32)",-2.787,0.0036322027444839478
"tf.Tensor(3.7, shape=(), dtype=float32)",-0.2047,0.0036322027444839478
"tf.Tensor(64.32, shape=(), dtype=float32)",63.9,0.0036322027444839478
"tf.Tensor(3.7, shape=(), dtype=float32)",-0.1018,0.0036322027444839478
"tf.Tensor(3.6, shape=(), dtype=float32)",-0.924,0.0036322027444839478
"tf.Tensor(4.16, shape=(), dtype=float32)",-0.2062,0.0036322027444839478
"tf.Tensor(59.16, shape=(), dtype=float32)",60.78,0.0036322027444839478
"tf.Tensor(48.44, shape=(), dtype=float32)",54.38,0.003964029252529144
"tf.Tensor(4.63, shape=(), dtype=float32)",1.769,0.003964029252529144
"tf.Tensor(65.27, shape=(), dtype=float32)",61.72,0.003964029252529144
"tf.Tensor(3.0, shape=(), dtype=float32)",-2.176,0.003964029252529144
"tf.Tensor(5.46, shape=(), dtype=float32)",3.943,0.003964029252529144
"tf.Tensor(5.34, shape=(), dtype=float32)",4.152,0.003964029252529144
"tf.Tensor(9.53, shape=(), dtype=float32)",15.98,0.003964029252529144
"tf.Tensor(3.37, shape=(), dtype=float32)",-1.424,0.003964029252529144
"tf.Tensor(4.71, shape=(), dtype=float32)",2.92,0.003964029252529144
"tf.Tensor(4.15, shape=(), dtype=float32)",-0.2477,0.003964029252529144
"tf.Tensor(64.85, shape=(), dtype=float32)",59.8,0.003964029252529144
"tf.Tensor(5.27, shape=(), dtype=float32)",4.156,0.003964029252529144
"tf.Tensor(64.09, shape=(), dtype=float32)",60.75,0.003964029252529144
"tf.Tensor(63.84, shape=(), dtype=float32)",61.62,0.003964029252529144
"tf.Tensor(62.65, shape=(), dtype=float32)",59.56,0.003964029252529144
"tf.Tensor(9.18, shape=(), dtype=float32)",11.23,0.003964029252529144
"tf.Tensor(51.15, shape=(), dtype=float32)",60.03,0.003964029252529144
"tf.Tensor(3.76, shape=(), dtype=float32)",-0.3535,0.003964029252529144
"tf.Tensor(64.0, shape=(), dtype=float32)",59.4,0.003964029252529144
"tf.Tensor(63.97, shape=(), dtype=float32)",59.75,0.003964029252529144
"tf.Tensor(10.34, shape=(), dtype=float32)",16.45,0.003964029252529144
"tf.Tensor(45.8, shape=(), dtype=float32)",55.22,0.003964029252529144
"tf.Tensor(5.53, shape=(), dtype=float32)",4.98,0.003964029252529144
"tf.Tensor(64.86, shape=(), dtype=float32)",59.6,0.003964029252529144
"tf.Tensor(2.74, shape=(), dtype=float32)",-2.975,0.003964029252529144
"tf.Tensor(45.23, shape=(), dtype=float32)",50.5,0.003964029252529144
"tf.Tensor(5.18, shape=(), dtype=float32)",3.61,0.003964029252529144
"tf.Tensor(13.27, shape=(), dtype=float32)",22.14,0.003964029252529144
"tf.Tensor(63.88, shape=(), dtype=float32)",62.16,0.003964029252529144
"tf.Tensor(65.12, shape=(), dtype=float32)",60.53,0.003964029252529144
"tf.Tensor(55.62, shape=(), dtype=float32)",61.5,0.003964029252529144
"tf.Tensor(6.9, shape=(), dtype=float32)",9.234,0.003964029252529144
"tf.Tensor(5.17, shape=(), dtype=float32)",3.818,0.003978244960308075
"tf.Tensor(64.12, shape=(), dtype=float32)",60.56,0.003978244960308075
"tf.Tensor(47.76, shape=(), dtype=float32)",49.53,0.003978244960308075
"tf.Tensor(10.56, shape=(), dtype=float32)",1.435,0.003978244960308075
"tf.Tensor(56.93, shape=(), dtype=float32)",57.16,0.003978244960308075
"tf.Tensor(63.75, shape=(), dtype=float32)",61.7,0.003978244960308075
"tf.Tensor(7.3, shape=(), dtype=float32)",9.37,0.003978244960308075
"tf.Tensor(11.73, shape=(), dtype=float32)",21.6,0.003978244960308075
"tf.Tensor(4.04, shape=(), dtype=float32)",-0.4,0.003978244960308075
"tf.Tensor(16.79, shape=(), dtype=float32)",28.31,0.003978244960308075
"tf.Tensor(4.58, shape=(), dtype=float32)",1.681,0.003978244960308075
"tf.Tensor(3.26, shape=(), dtype=float32)",-1.127,0.003978244960308075
"tf.Tensor(3.17, shape=(), dtype=float32)",-1.613,0.003978244960308075
"tf.Tensor(6.74, shape=(), dtype=float32)",8.055,0.003978244960308075
"tf.Tensor(9.88, shape=(), dtype=float32)",14.08,0.003978244960308075
"tf.Tensor(4.97, shape=(), dtype=float32)",3.451,0.003978244960308075
"tf.Tensor(9.75, shape=(), dtype=float32)",13.57,0.003978244960308075
"tf.Tensor(30.46, shape=(), dtype=float32)",41.9,0.003978244960308075
"tf.Tensor(3.0, shape=(), dtype=float32)",-2.145,0.003978244960308075
"tf.Tensor(62.89, shape=(), dtype=float32)",58.34,0.003978244960308075
"tf.Tensor(3.34, shape=(), dtype=float32)",-2.322,0.003978244960308075
"tf.Tensor(6.71, shape=(), dtype=float32)",8.375,0.003978244960308075
"tf.Tensor(2.96, shape=(), dtype=float32)",-2.295,0.003978244960308075
"tf.Tensor(64.35, shape=(), dtype=float32)",64.4,0.003978244960308075
"tf.Tensor(64.12, shape=(), dtype=float32)",63.4,0.003978244960308075
"tf.Tensor(56.54, shape=(), dtype=float32)",51.84,0.003978244960308075
"tf.Tensor(6.28, shape=(), dtype=float32)",6.09,0.003978244960308075
"tf.Tensor(14.29, shape=(), dtype=float32)",22.94,0.003978244960308075
"tf.Tensor(3.82, shape=(), dtype=float32)",0.2705,0.003978244960308075
"tf.Tensor(8.81, shape=(), dtype=float32)",11.75,0.003978244960308075
"tf.Tensor(4.43, shape=(), dtype=float32)",3.785,0.003978244960308075
"tf.Tensor(47.84, shape=(), dtype=float32)",53.66,0.003978244960308075
"tf.Tensor(65.3, shape=(), dtype=float32)",60.12,0.0035668760538101196
"tf.Tensor(65.25, shape=(), dtype=float32)",61.6,0.0035668760538101196
"tf.Tensor(63.1, shape=(), dtype=float32)",59.22,0.0035668760538101196
"tf.Tensor(13.12, shape=(), dtype=float32)",23.14,0.0035668760538101196
"tf.Tensor(4.1, shape=(), dtype=float32)",0.436,0.0035668760538101196
"tf.Tensor(3.97, shape=(), dtype=float32)",-0.4043,0.0035668760538101196
"tf.Tensor(65.1, shape=(), dtype=float32)",62.1,0.0035668760538101196
"tf.Tensor(59.32, shape=(), dtype=float32)",57.53,0.0035668760538101196
"tf.Tensor(64.28, shape=(), dtype=float32)",60.03,0.0035668760538101196
"tf.Tensor(6.18, shape=(), dtype=float32)",6.855,0.0035668760538101196
"tf.Tensor(64.68, shape=(), dtype=float32)",61.6,0.0035668760538101196
"tf.Tensor(8.5, shape=(), dtype=float32)",11.21,0.0035668760538101196
"tf.Tensor(65.3, shape=(), dtype=float32)",60.78,0.0035668760538101196
"tf.Tensor(4.27, shape=(), dtype=float32)",0.5225,0.0035668760538101196
"tf.Tensor(3.69, shape=(), dtype=float32)",-0.3574,0.0035668760538101196
"tf.Tensor(6.04, shape=(), dtype=float32)",6.375,0.0035668760538101196
"tf.Tensor(5.74, shape=(), dtype=float32)",5.535,0.0035668760538101196
"tf.Tensor(34.64, shape=(), dtype=float32)",47.34,0.0035668760538101196
"tf.Tensor(63.28, shape=(), dtype=float32)",61.84,0.0035668760538101196
"tf.Tensor(45.03, shape=(), dtype=float32)",47.0,0.0035668760538101196
"tf.Tensor(58.61, shape=(), dtype=float32)",58.2,0.0035668760538101196
"tf.Tensor(5.67, shape=(), dtype=float32)",5.043,0.0035668760538101196
"tf.Tensor(9.28, shape=(), dtype=float32)",11.49,0.0035668760538101196
"tf.Tensor(15.94, shape=(), dtype=float32)",26.9,0.0035668760538101196
"tf.Tensor(65.3, shape=(), dtype=float32)",61.06,0.0035668760538101196
"tf.Tensor(5.63, shape=(), dtype=float32)",4.074,0.0035668760538101196
"tf.Tensor(59.8, shape=(), dtype=float32)",60.47,0.0035668760538101196
"tf.Tensor(18.54, shape=(), dtype=float32)",32.94,0.0035668760538101196
"tf.Tensor(32.34, shape=(), dtype=float32)",42.12,0.0035668760538101196
"tf.Tensor(7.66, shape=(), dtype=float32)",10.38,0.0035668760538101196
"tf.Tensor(37.57, shape=(), dtype=float32)",44.7,0.0035668760538101196
"tf.Tensor(64.14, shape=(), dtype=float32)",59.8,0.0035668760538101196
"tf.Tensor(47.22, shape=(), dtype=float32)",46.12,0.003583081066608429
"tf.Tensor(45.52, shape=(), dtype=float32)",51.16,0.003583081066608429
"tf.Tensor(61.91, shape=(), dtype=float32)",64.1,0.003583081066608429
"tf.Tensor(30.0, shape=(), dtype=float32)",45.12,0.003583081066608429
"tf.Tensor(65.15, shape=(), dtype=float32)",60.56,0.003583081066608429
"tf.Tensor(63.25, shape=(), dtype=float32)",63.25,0.003583081066608429
"tf.Tensor(8.08, shape=(), dtype=float32)",9.98,0.003583081066608429
"tf.Tensor(5.44, shape=(), dtype=float32)",3.646,0.003583081066608429
"tf.Tensor(64.34, shape=(), dtype=float32)",63.9,0.003583081066608429
"tf.Tensor(4.32, shape=(), dtype=float32)",1.349,0.003583081066608429
"tf.Tensor(63.79, shape=(), dtype=float32)",63.8,0.003583081066608429
"tf.Tensor(65.25, shape=(), dtype=float32)",61.06,0.003583081066608429
"tf.Tensor(5.07, shape=(), dtype=float32)",3.176,0.003583081066608429
"tf.Tensor(52.98, shape=(), dtype=float32)",56.78,0.003583081066608429
"tf.Tensor(43.73, shape=(), dtype=float32)",53.34,0.003583081066608429
"tf.Tensor(2.64, shape=(), dtype=float32)",-3.027,0.003583081066608429
"tf.Tensor(31.91, shape=(), dtype=float32)",45.47,0.003583081066608429
"tf.Tensor(22.31, shape=(), dtype=float32)",39.12,0.003583081066608429
"tf.Tensor(11.48, shape=(), dtype=float32)",21.47,0.003583081066608429
"tf.Tensor(5.29, shape=(), dtype=float32)",3.508,0.003583081066608429
"tf.Tensor(64.29, shape=(), dtype=float32)",58.6,0.003583081066608429
"tf.Tensor(5.56, shape=(), dtype=float32)",4.863,0.003583081066608429
"tf.Tensor(6.47, shape=(), dtype=float32)",6.363,0.003583081066608429
"tf.Tensor(3.61, shape=(), dtype=float32)",-0.723,0.003583081066608429
"tf.Tensor(3.59, shape=(), dtype=float32)",-0.2311,0.003583081066608429
"tf.Tensor(64.16, shape=(), dtype=float32)",61.06,0.003583081066608429
"tf.Tensor(56.44, shape=(), dtype=float32)",60.12,0.003583081066608429
"tf.Tensor(65.32, shape=(), dtype=float32)",60.56,0.003583081066608429
"tf.Tensor(61.09, shape=(), dtype=float32)",60.2,0.003583081066608429
"tf.Tensor(5.93, shape=(), dtype=float32)",5.543,0.003583081066608429
"tf.Tensor(62.83, shape=(), dtype=float32)",57.6,0.003583081066608429
"tf.Tensor(57.94, shape=(), dtype=float32)",62.75,0.003583081066608429
"tf.Tensor(31.95, shape=(), dtype=float32)",46.53,0.0036424100399017334
"tf.Tensor(38.83, shape=(), dtype=float32)",47.97,0.0036424100399017334
"tf.Tensor(65.24, shape=(), dtype=float32)",61.9,0.0036424100399017334
"tf.Tensor(65.14, shape=(), dtype=float32)",60.78,0.0036424100399017334
"tf.Tensor(62.97, shape=(), dtype=float32)",60.72,0.0036424100399017334
"tf.Tensor(43.88, shape=(), dtype=float32)",54.6,0.0036424100399017334
"tf.Tensor(3.7, shape=(), dtype=float32)",-0.358,0.0036424100399017334
"tf.Tensor(51.4, shape=(), dtype=float32)",59.6,0.0036424100399017334
"tf.Tensor(12.19, shape=(), dtype=float32)",20.42,0.0036424100399017334
"tf.Tensor(64.41, shape=(), dtype=float32)",61.38,0.0036424100399017334
"tf.Tensor(62.73, shape=(), dtype=float32)",63.1,0.0036424100399017334
"tf.Tensor(5.27, shape=(), dtype=float32)",4.836,0.0036424100399017334
"tf.Tensor(2.6, shape=(), dtype=float32)",-2.004,0.0036424100399017334
"tf.Tensor(6.95, shape=(), dtype=float32)",9.4,0.0036424100399017334
"tf.Tensor(3.34, shape=(), dtype=float32)",-1.949,0.0036424100399017334
"tf.Tensor(5.6, shape=(), dtype=float32)",4.934,0.0036424100399017334
"tf.Tensor(64.16, shape=(), dtype=float32)",58.88,0.0036424100399017334
"tf.Tensor(64.47, shape=(), dtype=float32)",64.3,0.0036424100399017334
"tf.Tensor(3.99, shape=(), dtype=float32)",-0.1278,0.0036424100399017334
"tf.Tensor(3.6, shape=(), dtype=float32)",-0.7285,0.0036424100399017334
"tf.Tensor(23.92, shape=(), dtype=float32)",38.5,0.0036424100399017334
"tf.Tensor(4.05, shape=(), dtype=float32)",1.017,0.0036424100399017334
"tf.Tensor(9.95, shape=(), dtype=float32)",13.664,0.0036424100399017334
"tf.Tensor(37.16, shape=(), dtype=float32)",44.47,0.0036424100399017334
"tf.Tensor(55.61, shape=(), dtype=float32)",54.03,0.0036424100399017334
"tf.Tensor(6.15, shape=(), dtype=float32)",5.03,0.0036424100399017334
"tf.Tensor(8.43, shape=(), dtype=float32)",11.01,0.0036424100399017334
"tf.Tensor(64.03, shape=(), dtype=float32)",62.0,0.0036424100399017334
"tf.Tensor(59.75, shape=(), dtype=float32)",54.47,0.0036424100399017334
"tf.Tensor(3.86, shape=(), dtype=float32)",0.8906,0.0036424100399017334
"tf.Tensor(6.13, shape=(), dtype=float32)",6.547,0.0036424100399017334
"tf.Tensor(63.53, shape=(), dtype=float32)",59.12,0.0036424100399017334
"tf.Tensor(64.28, shape=(), dtype=float32)",63.22,0.08066399892171223
"tf.Tensor(25.07, shape=(), dtype=float32)",38.47,0.08066399892171223
"tf.Tensor(2.01, shape=(), dtype=float32)",-4.184,0.08066399892171223
"tf.Tensor(23.71, shape=(), dtype=float32)",38.75,0.08066399892171223
"tf.Tensor(64.27, shape=(), dtype=float32)",58.8,0.08066399892171223
"tf.Tensor(49.28, shape=(), dtype=float32)",48.28,0.08066399892171223
"tf.Tensor(64.5, shape=(), dtype=float32)",63.75,0.08066399892171223
"tf.Tensor(3.69, shape=(), dtype=float32)",0.5093,0.08066399892171223
"tf.Tensor(53.94, shape=(), dtype=float32)",49.56,0.08066399892171223
