True_Value,Predicted_Value,Prediction_Time_s
"tf.Tensor(64.12, shape=(), dtype=float32)",49.9,0.022393018007278442
"tf.Tensor(5.45, shape=(), dtype=float32)",8.02,0.022393018007278442
"tf.Tensor(6.54, shape=(), dtype=float32)",9.14,0.022393018007278442
"tf.Tensor(21.75, shape=(), dtype=float32)",33.6,0.022393018007278442
"tf.Tensor(55.13, shape=(), dtype=float32)",49.88,0.022393018007278442
"tf.Tensor(63.19, shape=(), dtype=float32)",52.34,0.022393018007278442
"tf.Tensor(63.95, shape=(), dtype=float32)",53.97,0.022393018007278442
"tf.Tensor(63.77, shape=(), dtype=float32)",54.7,0.022393018007278442
"tf.Tensor(6.35, shape=(), dtype=float32)",9.66,0.022393018007278442
"tf.Tensor(4.88, shape=(), dtype=float32)",6.918,0.022393018007278442
"tf.Tensor(2.92, shape=(), dtype=float32)",4.875,0.022393018007278442
"tf.Tensor(52.58, shape=(), dtype=float32)",50.0,0.022393018007278442
"tf.Tensor(3.36, shape=(), dtype=float32)",4.79,0.022393018007278442
"tf.Tensor(39.59, shape=(), dtype=float32)",42.4,0.022393018007278442
"tf.Tensor(4.74, shape=(), dtype=float32)",6.34,0.022393018007278442
"tf.Tensor(25.19, shape=(), dtype=float32)",34.62,0.022393018007278442
"tf.Tensor(65.29, shape=(), dtype=float32)",53.0,0.022393018007278442
"tf.Tensor(6.28, shape=(), dtype=float32)",8.13,0.022393018007278442
"tf.Tensor(5.49, shape=(), dtype=float32)",7.453,0.022393018007278442
"tf.Tensor(26.5, shape=(), dtype=float32)",36.34,0.022393018007278442
"tf.Tensor(55.3, shape=(), dtype=float32)",52.2,0.022393018007278442
"tf.Tensor(6.18, shape=(), dtype=float32)",8.24,0.022393018007278442
"tf.Tensor(64.55, shape=(), dtype=float32)",55.62,0.022393018007278442
"tf.Tensor(36.95, shape=(), dtype=float32)",45.66,0.022393018007278442
"tf.Tensor(64.07, shape=(), dtype=float32)",48.62,0.022393018007278442
"tf.Tensor(65.11, shape=(), dtype=float32)",56.06,0.022393018007278442
"tf.Tensor(58.84, shape=(), dtype=float32)",51.66,0.022393018007278442
"tf.Tensor(62.75, shape=(), dtype=float32)",49.34,0.022393018007278442
"tf.Tensor(63.97, shape=(), dtype=float32)",49.1,0.022393018007278442
"tf.Tensor(2.88, shape=(), dtype=float32)",3.855,0.022393018007278442
"tf.Tensor(4.82, shape=(), dtype=float32)",6.887,0.022393018007278442
"tf.Tensor(9.77, shape=(), dtype=float32)",10.914,0.022393018007278442
"tf.Tensor(6.71, shape=(), dtype=float32)",8.72,0.003778412938117981
"tf.Tensor(27.84, shape=(), dtype=float32)",42.2,0.003778412938117981
"tf.Tensor(64.57, shape=(), dtype=float32)",56.2,0.003778412938117981
"tf.Tensor(9.72, shape=(), dtype=float32)",10.74,0.003778412938117981
"tf.Tensor(7.52, shape=(), dtype=float32)",9.85,0.003778412938117981
"tf.Tensor(26.03, shape=(), dtype=float32)",34.6,0.003778412938117981
"tf.Tensor(28.54, shape=(), dtype=float32)",39.0,0.003778412938117981
"tf.Tensor(60.86, shape=(), dtype=float32)",52.94,0.003778412938117981
"tf.Tensor(4.41, shape=(), dtype=float32)",6.01,0.003778412938117981
"tf.Tensor(65.43, shape=(), dtype=float32)",51.72,0.003778412938117981
"tf.Tensor(65.29, shape=(), dtype=float32)",52.6,0.003778412938117981
"tf.Tensor(6.25, shape=(), dtype=float32)",8.33,0.003778412938117981
"tf.Tensor(6.15, shape=(), dtype=float32)",9.44,0.003778412938117981
"tf.Tensor(15.02, shape=(), dtype=float32)",18.02,0.003778412938117981
"tf.Tensor(64.91, shape=(), dtype=float32)",51.56,0.003778412938117981
"tf.Tensor(6.13, shape=(), dtype=float32)",9.78,0.003778412938117981
"tf.Tensor(65.31, shape=(), dtype=float32)",54.9,0.003778412938117981
"tf.Tensor(64.91, shape=(), dtype=float32)",52.84,0.003778412938117981
"tf.Tensor(5.23, shape=(), dtype=float32)",6.363,0.003778412938117981
"tf.Tensor(64.45, shape=(), dtype=float32)",56.7,0.003778412938117981
"tf.Tensor(56.08, shape=(), dtype=float32)",51.78,0.003778412938117981
"tf.Tensor(3.26, shape=(), dtype=float32)",4.55,0.003778412938117981
"tf.Tensor(5.17, shape=(), dtype=float32)",6.9,0.003778412938117981
"tf.Tensor(12.76, shape=(), dtype=float32)",14.96,0.003778412938117981
"tf.Tensor(7.14, shape=(), dtype=float32)",9.69,0.003778412938117981
"tf.Tensor(28.46, shape=(), dtype=float32)",39.12,0.003778412938117981
"tf.Tensor(65.26, shape=(), dtype=float32)",55.5,0.003778412938117981
"tf.Tensor(63.78, shape=(), dtype=float32)",54.66,0.003778412938117981
"tf.Tensor(53.35, shape=(), dtype=float32)",49.97,0.003778412938117981
"tf.Tensor(55.63, shape=(), dtype=float32)",52.6,0.003778412938117981
"tf.Tensor(49.61, shape=(), dtype=float32)",42.06,0.003778412938117981
"tf.Tensor(49.97, shape=(), dtype=float32)",51.53,0.003778412938117981
"tf.Tensor(11.33, shape=(), dtype=float32)",15.586,0.0030525848269462585
"tf.Tensor(64.68, shape=(), dtype=float32)",56.5,0.0030525848269462585
"tf.Tensor(63.8, shape=(), dtype=float32)",54.1,0.0030525848269462585
"tf.Tensor(9.56, shape=(), dtype=float32)",10.78,0.0030525848269462585
"tf.Tensor(35.78, shape=(), dtype=float32)",42.47,0.0030525848269462585
"tf.Tensor(7.42, shape=(), dtype=float32)",10.414,0.0030525848269462585
"tf.Tensor(54.76, shape=(), dtype=float32)",51.03,0.0030525848269462585
"tf.Tensor(64.87, shape=(), dtype=float32)",51.6,0.0030525848269462585
"tf.Tensor(63.1, shape=(), dtype=float32)",55.1,0.0030525848269462585
"tf.Tensor(3.24, shape=(), dtype=float32)",4.273,0.0030525848269462585
"tf.Tensor(33.99, shape=(), dtype=float32)",44.53,0.0030525848269462585
"tf.Tensor(65.33, shape=(), dtype=float32)",52.06,0.0030525848269462585
"tf.Tensor(4.01, shape=(), dtype=float32)",5.605,0.0030525848269462585
"tf.Tensor(10.49, shape=(), dtype=float32)",11.64,0.0030525848269462585
"tf.Tensor(8.55, shape=(), dtype=float32)",9.984,0.0030525848269462585
"tf.Tensor(50.0, shape=(), dtype=float32)",48.06,0.0030525848269462585
"tf.Tensor(3.93, shape=(), dtype=float32)",6.062,0.0030525848269462585
"tf.Tensor(32.18, shape=(), dtype=float32)",44.78,0.0030525848269462585
"tf.Tensor(4.84, shape=(), dtype=float32)",6.867,0.0030525848269462585
"tf.Tensor(18.59, shape=(), dtype=float32)",22.02,0.0030525848269462585
"tf.Tensor(51.07, shape=(), dtype=float32)",47.56,0.0030525848269462585
"tf.Tensor(3.2, shape=(), dtype=float32)",4.445,0.0030525848269462585
"tf.Tensor(60.77, shape=(), dtype=float32)",55.56,0.0030525848269462585
"tf.Tensor(3.64, shape=(), dtype=float32)",4.555,0.0030525848269462585
"tf.Tensor(63.93, shape=(), dtype=float32)",52.6,0.0030525848269462585
"tf.Tensor(3.51, shape=(), dtype=float32)",5.305,0.0030525848269462585
"tf.Tensor(64.76, shape=(), dtype=float32)",54.72,0.0030525848269462585
"tf.Tensor(58.31, shape=(), dtype=float32)",51.75,0.0030525848269462585
"tf.Tensor(3.28, shape=(), dtype=float32)",4.5,0.0030525848269462585
"tf.Tensor(7.66, shape=(), dtype=float32)",10.59,0.0030525848269462585
"tf.Tensor(65.36, shape=(), dtype=float32)",52.4,0.0030525848269462585
"tf.Tensor(60.65, shape=(), dtype=float32)",51.2,0.0030525848269462585
"tf.Tensor(2.77, shape=(), dtype=float32)",3.73,0.004278853535652161
"tf.Tensor(17.04, shape=(), dtype=float32)",26.11,0.004278853535652161
"tf.Tensor(20.17, shape=(), dtype=float32)",27.05,0.004278853535652161
"tf.Tensor(7.1, shape=(), dtype=float32)",8.766,0.004278853535652161
"tf.Tensor(3.04, shape=(), dtype=float32)",4.33,0.004278853535652161
"tf.Tensor(2.99, shape=(), dtype=float32)",4.42,0.004278853535652161
"tf.Tensor(64.69, shape=(), dtype=float32)",55.22,0.004278853535652161
"tf.Tensor(6.09, shape=(), dtype=float32)",8.17,0.004278853535652161
"tf.Tensor(63.74, shape=(), dtype=float32)",50.16,0.004278853535652161
"tf.Tensor(64.19, shape=(), dtype=float32)",52.22,0.004278853535652161
"tf.Tensor(63.87, shape=(), dtype=float32)",51.47,0.004278853535652161
"tf.Tensor(63.42, shape=(), dtype=float32)",51.66,0.004278853535652161
"tf.Tensor(23.11, shape=(), dtype=float32)",33.34,0.004278853535652161
"tf.Tensor(6.62, shape=(), dtype=float32)",8.7,0.004278853535652161
"tf.Tensor(7.44, shape=(), dtype=float32)",10.7,0.004278853535652161
"tf.Tensor(53.56, shape=(), dtype=float32)",52.8,0.004278853535652161
"tf.Tensor(4.27, shape=(), dtype=float32)",5.336,0.004278853535652161
"tf.Tensor(3.31, shape=(), dtype=float32)",4.793,0.004278853535652161
"tf.Tensor(64.92, shape=(), dtype=float32)",50.78,0.004278853535652161
"tf.Tensor(3.35, shape=(), dtype=float32)",4.9,0.004278853535652161
"tf.Tensor(4.27, shape=(), dtype=float32)",6.3,0.004278853535652161
"tf.Tensor(3.66, shape=(), dtype=float32)",5.367,0.004278853535652161
"tf.Tensor(62.08, shape=(), dtype=float32)",54.28,0.004278853535652161
"tf.Tensor(56.5, shape=(), dtype=float32)",53.56,0.004278853535652161
"tf.Tensor(61.54, shape=(), dtype=float32)",53.8,0.004278853535652161
"tf.Tensor(64.84, shape=(), dtype=float32)",51.1,0.004278853535652161
"tf.Tensor(65.39, shape=(), dtype=float32)",53.66,0.004278853535652161
"tf.Tensor(4.45, shape=(), dtype=float32)",7.363,0.004278853535652161
"tf.Tensor(3.58, shape=(), dtype=float32)",4.957,0.004278853535652161
"tf.Tensor(7.46, shape=(), dtype=float32)",6.055,0.004278853535652161
"tf.Tensor(63.95, shape=(), dtype=float32)",53.5,0.004278853535652161
"tf.Tensor(6.67, shape=(), dtype=float32)",8.63,0.004278853535652161
"tf.Tensor(64.98, shape=(), dtype=float32)",49.75,0.003859587013721466
"tf.Tensor(3.39, shape=(), dtype=float32)",4.79,0.003859587013721466
"tf.Tensor(63.24, shape=(), dtype=float32)",51.38,0.003859587013721466
"tf.Tensor(56.54, shape=(), dtype=float32)",45.47,0.003859587013721466
"tf.Tensor(62.97, shape=(), dtype=float32)",51.47,0.003859587013721466
"tf.Tensor(4.19, shape=(), dtype=float32)",5.53,0.003859587013721466
"tf.Tensor(65.27, shape=(), dtype=float32)",51.97,0.003859587013721466
"tf.Tensor(8.88, shape=(), dtype=float32)",10.43,0.003859587013721466
"tf.Tensor(64.78, shape=(), dtype=float32)",53.66,0.003859587013721466
"tf.Tensor(7.38, shape=(), dtype=float32)",10.21,0.003859587013721466
"tf.Tensor(63.67, shape=(), dtype=float32)",48.2,0.003859587013721466
"tf.Tensor(2.65, shape=(), dtype=float32)",3.73,0.003859587013721466
"tf.Tensor(60.7, shape=(), dtype=float32)",55.4,0.003859587013721466
"tf.Tensor(8.27, shape=(), dtype=float32)",12.914,0.003859587013721466
"tf.Tensor(7.5, shape=(), dtype=float32)",10.375,0.003859587013721466
"tf.Tensor(59.35, shape=(), dtype=float32)",52.84,0.003859587013721466
"tf.Tensor(3.8, shape=(), dtype=float32)",6.637,0.003859587013721466
"tf.Tensor(6.87, shape=(), dtype=float32)",8.945,0.003859587013721466
"tf.Tensor(5.89, shape=(), dtype=float32)",8.93,0.003859587013721466
"tf.Tensor(60.55, shape=(), dtype=float32)",52.22,0.003859587013721466
"tf.Tensor(60.5, shape=(), dtype=float32)",43.47,0.003859587013721466
"tf.Tensor(60.99, shape=(), dtype=float32)",50.7,0.003859587013721466
"tf.Tensor(62.76, shape=(), dtype=float32)",52.6,0.003859587013721466
"tf.Tensor(57.06, shape=(), dtype=float32)",46.4,0.003859587013721466
"tf.Tensor(52.49, shape=(), dtype=float32)",52.8,0.003859587013721466
"tf.Tensor(25.45, shape=(), dtype=float32)",28.7,0.003859587013721466
"tf.Tensor(64.12, shape=(), dtype=float32)",50.72,0.003859587013721466
"tf.Tensor(64.34, shape=(), dtype=float32)",56.53,0.003859587013721466
"tf.Tensor(7.83, shape=(), dtype=float32)",9.69,0.003859587013721466
"tf.Tensor(24.69, shape=(), dtype=float32)",35.3,0.003859587013721466
"tf.Tensor(65.48, shape=(), dtype=float32)",51.22,0.003859587013721466
"tf.Tensor(64.08, shape=(), dtype=float32)",53.56,0.003859587013721466
"tf.Tensor(4.63, shape=(), dtype=float32)",6.86,0.0039121732115745544
"tf.Tensor(64.2, shape=(), dtype=float32)",56.2,0.0039121732115745544
"tf.Tensor(63.98, shape=(), dtype=float32)",51.1,0.0039121732115745544
"tf.Tensor(14.4, shape=(), dtype=float32)",17.66,0.0039121732115745544
"tf.Tensor(65.33, shape=(), dtype=float32)",52.34,0.0039121732115745544
"tf.Tensor(64.03, shape=(), dtype=float32)",52.4,0.0039121732115745544
"tf.Tensor(3.44, shape=(), dtype=float32)",5.51,0.0039121732115745544
"tf.Tensor(46.14, shape=(), dtype=float32)",46.0,0.0039121732115745544
"tf.Tensor(9.7, shape=(), dtype=float32)",11.125,0.0039121732115745544
"tf.Tensor(64.53, shape=(), dtype=float32)",50.6,0.0039121732115745544
"tf.Tensor(56.87, shape=(), dtype=float32)",47.38,0.0039121732115745544
"tf.Tensor(4.25, shape=(), dtype=float32)",6.79,0.0039121732115745544
"tf.Tensor(8.38, shape=(), dtype=float32)",11.86,0.0039121732115745544
"tf.Tensor(37.3, shape=(), dtype=float32)",41.47,0.0039121732115745544
"tf.Tensor(64.02, shape=(), dtype=float32)",51.84,0.0039121732115745544
"tf.Tensor(5.39, shape=(), dtype=float32)",7.89,0.0039121732115745544
"tf.Tensor(8.65, shape=(), dtype=float32)",11.1,0.0039121732115745544
"tf.Tensor(3.08, shape=(), dtype=float32)",4.645,0.0039121732115745544
"tf.Tensor(63.0, shape=(), dtype=float32)",51.1,0.0039121732115745544
"tf.Tensor(64.28, shape=(), dtype=float32)",58.53,0.0039121732115745544
"tf.Tensor(2.69, shape=(), dtype=float32)",4.75,0.0039121732115745544
"tf.Tensor(61.28, shape=(), dtype=float32)",46.53,0.0039121732115745544
"tf.Tensor(7.51, shape=(), dtype=float32)",8.91,0.0039121732115745544
"tf.Tensor(2.6, shape=(), dtype=float32)",4.64,0.0039121732115745544
"tf.Tensor(11.92, shape=(), dtype=float32)",14.19,0.0039121732115745544
"tf.Tensor(2.82, shape=(), dtype=float32)",3.535,0.0039121732115745544
"tf.Tensor(7.53, shape=(), dtype=float32)",10.06,0.0039121732115745544
"tf.Tensor(6.52, shape=(), dtype=float32)",9.14,0.0039121732115745544
"tf.Tensor(4.86, shape=(), dtype=float32)",6.293,0.0039121732115745544
"tf.Tensor(36.09, shape=(), dtype=float32)",39.44,0.0039121732115745544
"tf.Tensor(9.36, shape=(), dtype=float32)",9.81,0.0039121732115745544
"tf.Tensor(23.01, shape=(), dtype=float32)",33.0,0.0039121732115745544
"tf.Tensor(65.46, shape=(), dtype=float32)",51.56,0.003389716148376465
"tf.Tensor(65.39, shape=(), dtype=float32)",51.72,0.003389716148376465
"tf.Tensor(48.29, shape=(), dtype=float32)",49.53,0.003389716148376465
"tf.Tensor(5.19, shape=(), dtype=float32)",7.055,0.003389716148376465
"tf.Tensor(63.73, shape=(), dtype=float32)",51.12,0.003389716148376465
"tf.Tensor(46.07, shape=(), dtype=float32)",46.25,0.003389716148376465
"tf.Tensor(63.81, shape=(), dtype=float32)",53.5,0.003389716148376465
"tf.Tensor(63.86, shape=(), dtype=float32)",51.56,0.003389716148376465
"tf.Tensor(4.97, shape=(), dtype=float32)",7.133,0.003389716148376465
"tf.Tensor(23.1, shape=(), dtype=float32)",33.16,0.003389716148376465
"tf.Tensor(63.62, shape=(), dtype=float32)",53.84,0.003389716148376465
"tf.Tensor(63.88, shape=(), dtype=float32)",52.78,0.003389716148376465
"tf.Tensor(5.88, shape=(), dtype=float32)",8.96,0.003389716148376465
"tf.Tensor(5.84, shape=(), dtype=float32)",7.035,0.003389716148376465
"tf.Tensor(26.86, shape=(), dtype=float32)",32.53,0.003389716148376465
"tf.Tensor(6.2, shape=(), dtype=float32)",7.434,0.003389716148376465
"tf.Tensor(64.75, shape=(), dtype=float32)",52.2,0.003389716148376465
"tf.Tensor(41.64, shape=(), dtype=float32)",41.2,0.003389716148376465
"tf.Tensor(7.15, shape=(), dtype=float32)",9.56,0.003389716148376465
"tf.Tensor(64.49, shape=(), dtype=float32)",55.3,0.003389716148376465
"tf.Tensor(64.51, shape=(), dtype=float32)",55.5,0.003389716148376465
"tf.Tensor(8.06, shape=(), dtype=float32)",11.07,0.003389716148376465
"tf.Tensor(6.55, shape=(), dtype=float32)",9.14,0.003389716148376465
"tf.Tensor(34.1, shape=(), dtype=float32)",43.9,0.003389716148376465
"tf.Tensor(2.7, shape=(), dtype=float32)",3.52,0.003389716148376465
"tf.Tensor(64.6, shape=(), dtype=float32)",54.0,0.003389716148376465
"tf.Tensor(10.91, shape=(), dtype=float32)",11.414,0.003389716148376465
"tf.Tensor(3.31, shape=(), dtype=float32)",4.797,0.003389716148376465
"tf.Tensor(5.54, shape=(), dtype=float32)",8.055,0.003389716148376465
"tf.Tensor(37.73, shape=(), dtype=float32)",43.66,0.003389716148376465
"tf.Tensor(2.81, shape=(), dtype=float32)",3.812,0.003389716148376465
"tf.Tensor(65.06, shape=(), dtype=float32)",51.34,0.003389716148376465
"tf.Tensor(64.35, shape=(), dtype=float32)",56.78,0.003838449716567993
"tf.Tensor(5.24, shape=(), dtype=float32)",7.332,0.003838449716567993
"tf.Tensor(7.41, shape=(), dtype=float32)",9.53,0.003838449716567993
"tf.Tensor(63.99, shape=(), dtype=float32)",53.9,0.003838449716567993
"tf.Tensor(63.79, shape=(), dtype=float32)",54.75,0.003838449716567993
"tf.Tensor(53.4, shape=(), dtype=float32)",55.62,0.003838449716567993
"tf.Tensor(52.37, shape=(), dtype=float32)",44.88,0.003838449716567993
"tf.Tensor(3.32, shape=(), dtype=float32)",4.246,0.003838449716567993
"tf.Tensor(60.47, shape=(), dtype=float32)",52.2,0.003838449716567993
"tf.Tensor(5.31, shape=(), dtype=float32)",6.457,0.003838449716567993
"tf.Tensor(54.6, shape=(), dtype=float32)",54.12,0.003838449716567993
"tf.Tensor(60.82, shape=(), dtype=float32)",51.4,0.003838449716567993
"tf.Tensor(6.69, shape=(), dtype=float32)",8.9,0.003838449716567993
"tf.Tensor(58.39, shape=(), dtype=float32)",52.1,0.003838449716567993
"tf.Tensor(4.87, shape=(), dtype=float32)",7.074,0.003838449716567993
"tf.Tensor(41.2, shape=(), dtype=float32)",44.94,0.003838449716567993
"tf.Tensor(50.81, shape=(), dtype=float32)",49.53,0.003838449716567993
"tf.Tensor(7.83, shape=(), dtype=float32)",9.46,0.003838449716567993
"tf.Tensor(3.19, shape=(), dtype=float32)",4.633,0.003838449716567993
"tf.Tensor(6.69, shape=(), dtype=float32)",8.21,0.003838449716567993
"tf.Tensor(9.38, shape=(), dtype=float32)",10.984,0.003838449716567993
"tf.Tensor(22.66, shape=(), dtype=float32)",28.12,0.003838449716567993
"tf.Tensor(12.99, shape=(), dtype=float32)",15.27,0.003838449716567993
"tf.Tensor(8.2, shape=(), dtype=float32)",12.23,0.003838449716567993
"tf.Tensor(65.36, shape=(), dtype=float32)",52.12,0.003838449716567993
"tf.Tensor(6.7, shape=(), dtype=float32)",8.72,0.003838449716567993
"tf.Tensor(14.4, shape=(), dtype=float32)",25.77,0.003838449716567993
"tf.Tensor(41.97, shape=(), dtype=float32)",42.97,0.003838449716567993
"tf.Tensor(50.29, shape=(), dtype=float32)",50.97,0.003838449716567993
"tf.Tensor(6.53, shape=(), dtype=float32)",10.06,0.003838449716567993
"tf.Tensor(3.56, shape=(), dtype=float32)",3.953,0.003838449716567993
"tf.Tensor(64.06, shape=(), dtype=float32)",51.1,0.003838449716567993
"tf.Tensor(5.56, shape=(), dtype=float32)",8.61,0.003612898290157318
"tf.Tensor(57.13, shape=(), dtype=float32)",47.9,0.003612898290157318
"tf.Tensor(5.73, shape=(), dtype=float32)",8.41,0.003612898290157318
"tf.Tensor(2.98, shape=(), dtype=float32)",4.152,0.003612898290157318
"tf.Tensor(64.32, shape=(), dtype=float32)",48.6,0.003612898290157318
"tf.Tensor(63.86, shape=(), dtype=float32)",53.16,0.003612898290157318
"tf.Tensor(65.27, shape=(), dtype=float32)",54.3,0.003612898290157318
"tf.Tensor(31.34, shape=(), dtype=float32)",43.62,0.003612898290157318
"tf.Tensor(65.06, shape=(), dtype=float32)",50.0,0.003612898290157318
"tf.Tensor(16.48, shape=(), dtype=float32)",8.84,0.003612898290157318
"tf.Tensor(64.34, shape=(), dtype=float32)",54.06,0.003612898290157318
"tf.Tensor(43.47, shape=(), dtype=float32)",45.28,0.003612898290157318
"tf.Tensor(63.99, shape=(), dtype=float32)",50.8,0.003612898290157318
"tf.Tensor(52.78, shape=(), dtype=float32)",51.12,0.003612898290157318
"tf.Tensor(64.35, shape=(), dtype=float32)",55.56,0.003612898290157318
"tf.Tensor(4.01, shape=(), dtype=float32)",5.77,0.003612898290157318
"tf.Tensor(61.6, shape=(), dtype=float32)",56.28,0.003612898290157318
"tf.Tensor(26.95, shape=(), dtype=float32)",34.47,0.003612898290157318
"tf.Tensor(8.27, shape=(), dtype=float32)",12.164,0.003612898290157318
"tf.Tensor(2.74, shape=(), dtype=float32)",3.906,0.003612898290157318
"tf.Tensor(65.12, shape=(), dtype=float32)",49.84,0.003612898290157318
"tf.Tensor(64.19, shape=(), dtype=float32)",52.16,0.003612898290157318
"tf.Tensor(8.72, shape=(), dtype=float32)",12.03,0.003612898290157318
"tf.Tensor(11.11, shape=(), dtype=float32)",10.19,0.003612898290157318
"tf.Tensor(58.17, shape=(), dtype=float32)",51.62,0.003612898290157318
"tf.Tensor(64.05, shape=(), dtype=float32)",51.44,0.003612898290157318
"tf.Tensor(4.32, shape=(), dtype=float32)",7.223,0.003612898290157318
"tf.Tensor(10.34, shape=(), dtype=float32)",12.33,0.003612898290157318
"tf.Tensor(3.09, shape=(), dtype=float32)",4.668,0.003612898290157318
"tf.Tensor(61.39, shape=(), dtype=float32)",52.47,0.003612898290157318
"tf.Tensor(54.41, shape=(), dtype=float32)",43.88,0.003612898290157318
"tf.Tensor(8.58, shape=(), dtype=float32)",11.53,0.003612898290157318
"tf.Tensor(3.31, shape=(), dtype=float32)",4.88,0.003110326826572418
"tf.Tensor(31.44, shape=(), dtype=float32)",42.06,0.003110326826572418
"tf.Tensor(46.59, shape=(), dtype=float32)",49.94,0.003110326826572418
"tf.Tensor(65.2, shape=(), dtype=float32)",55.75,0.003110326826572418
"tf.Tensor(57.72, shape=(), dtype=float32)",52.28,0.003110326826572418
"tf.Tensor(6.36, shape=(), dtype=float32)",9.26,0.003110326826572418
"tf.Tensor(3.36, shape=(), dtype=float32)",4.844,0.003110326826572418
"tf.Tensor(13.22, shape=(), dtype=float32)",19.38,0.003110326826572418
"tf.Tensor(3.61, shape=(), dtype=float32)",5.4,0.003110326826572418
"tf.Tensor(43.08, shape=(), dtype=float32)",44.47,0.003110326826572418
"tf.Tensor(8.17, shape=(), dtype=float32)",10.29,0.003110326826572418
"tf.Tensor(63.73, shape=(), dtype=float32)",55.16,0.003110326826572418
"tf.Tensor(4.44, shape=(), dtype=float32)",6.934,0.003110326826572418
"tf.Tensor(2.59, shape=(), dtype=float32)",3.344,0.003110326826572418
"tf.Tensor(64.08, shape=(), dtype=float32)",53.16,0.003110326826572418
"tf.Tensor(35.72, shape=(), dtype=float32)",41.94,0.003110326826572418
"tf.Tensor(7.76, shape=(), dtype=float32)",9.44,0.003110326826572418
"tf.Tensor(8.21, shape=(), dtype=float32)",12.68,0.003110326826572418
"tf.Tensor(2.95, shape=(), dtype=float32)",4.96,0.003110326826572418
"tf.Tensor(64.85, shape=(), dtype=float32)",52.94,0.003110326826572418
"tf.Tensor(55.38, shape=(), dtype=float32)",47.28,0.003110326826572418
"tf.Tensor(5.75, shape=(), dtype=float32)",8.08,0.003110326826572418
"tf.Tensor(65.15, shape=(), dtype=float32)",54.97,0.003110326826572418
"tf.Tensor(11.18, shape=(), dtype=float32)",14.37,0.003110326826572418
"tf.Tensor(9.78, shape=(), dtype=float32)",11.03,0.003110326826572418
"tf.Tensor(55.17, shape=(), dtype=float32)",51.47,0.003110326826572418
"tf.Tensor(52.34, shape=(), dtype=float32)",45.44,0.003110326826572418
"tf.Tensor(3.74, shape=(), dtype=float32)",4.555,0.003110326826572418
"tf.Tensor(7.11, shape=(), dtype=float32)",8.53,0.003110326826572418
"tf.Tensor(59.79, shape=(), dtype=float32)",54.12,0.003110326826572418
"tf.Tensor(5.17, shape=(), dtype=float32)",6.867,0.003110326826572418
"tf.Tensor(49.76, shape=(), dtype=float32)",50.9,0.003110326826572418
"tf.Tensor(35.94, shape=(), dtype=float32)",37.72,0.0030661746859550476
"tf.Tensor(42.89, shape=(), dtype=float32)",43.7,0.0030661746859550476
"tf.Tensor(3.28, shape=(), dtype=float32)",4.562,0.0030661746859550476
"tf.Tensor(65.1, shape=(), dtype=float32)",55.9,0.0030661746859550476
"tf.Tensor(5.91, shape=(), dtype=float32)",8.78,0.0030661746859550476
"tf.Tensor(8.78, shape=(), dtype=float32)",9.945,0.0030661746859550476
"tf.Tensor(4.28, shape=(), dtype=float32)",6.414,0.0030661746859550476
"tf.Tensor(6.06, shape=(), dtype=float32)",7.58,0.0030661746859550476
"tf.Tensor(64.14, shape=(), dtype=float32)",53.84,0.0030661746859550476
"tf.Tensor(47.67, shape=(), dtype=float32)",51.28,0.0030661746859550476
"tf.Tensor(5.62, shape=(), dtype=float32)",8.875,0.0030661746859550476
"tf.Tensor(4.2, shape=(), dtype=float32)",5.15,0.0030661746859550476
"tf.Tensor(49.19, shape=(), dtype=float32)",47.9,0.0030661746859550476
"tf.Tensor(4.13, shape=(), dtype=float32)",6.65,0.0030661746859550476
"tf.Tensor(3.99, shape=(), dtype=float32)",5.85,0.0030661746859550476
"tf.Tensor(64.25, shape=(), dtype=float32)",51.03,0.0030661746859550476
"tf.Tensor(6.19, shape=(), dtype=float32)",10.625,0.0030661746859550476
"tf.Tensor(6.69, shape=(), dtype=float32)",9.234,0.0030661746859550476
"tf.Tensor(64.41, shape=(), dtype=float32)",52.03,0.0030661746859550476
"tf.Tensor(28.97, shape=(), dtype=float32)",37.84,0.0030661746859550476
"tf.Tensor(51.26, shape=(), dtype=float32)",45.34,0.0030661746859550476
"tf.Tensor(5.46, shape=(), dtype=float32)",7.746,0.0030661746859550476
"tf.Tensor(19.98, shape=(), dtype=float32)",31.8,0.0030661746859550476
"tf.Tensor(32.25, shape=(), dtype=float32)",36.78,0.0030661746859550476
"tf.Tensor(51.51, shape=(), dtype=float32)",53.38,0.0030661746859550476
"tf.Tensor(51.3, shape=(), dtype=float32)",53.56,0.0030661746859550476
"tf.Tensor(55.3, shape=(), dtype=float32)",52.53,0.0030661746859550476
"tf.Tensor(11.48, shape=(), dtype=float32)",15.35,0.0030661746859550476
"tf.Tensor(62.5, shape=(), dtype=float32)",57.3,0.0030661746859550476
"tf.Tensor(6.11, shape=(), dtype=float32)",8.75,0.0030661746859550476
"tf.Tensor(62.83, shape=(), dtype=float32)",48.84,0.0030661746859550476
"tf.Tensor(2.88, shape=(), dtype=float32)",4.67,0.0030661746859550476
"tf.Tensor(64.12, shape=(), dtype=float32)",56.53,0.005880780518054962
"tf.Tensor(3.5, shape=(), dtype=float32)",5.19,0.005880780518054962
"tf.Tensor(50.47, shape=(), dtype=float32)",51.12,0.005880780518054962
"tf.Tensor(64.08, shape=(), dtype=float32)",50.6,0.005880780518054962
"tf.Tensor(3.96, shape=(), dtype=float32)",5.918,0.005880780518054962
"tf.Tensor(48.63, shape=(), dtype=float32)",49.12,0.005880780518054962
"tf.Tensor(52.87, shape=(), dtype=float32)",49.62,0.005880780518054962
"tf.Tensor(5.53, shape=(), dtype=float32)",8.4,0.005880780518054962
"tf.Tensor(4.71, shape=(), dtype=float32)",6.27,0.005880780518054962
"tf.Tensor(3.36, shape=(), dtype=float32)",5.16,0.005880780518054962
"tf.Tensor(5.31, shape=(), dtype=float32)",7.67,0.005880780518054962
"tf.Tensor(2.89, shape=(), dtype=float32)",3.879,0.005880780518054962
"tf.Tensor(6.24, shape=(), dtype=float32)",8.46,0.005880780518054962
"tf.Tensor(45.18, shape=(), dtype=float32)",48.5,0.005880780518054962
"tf.Tensor(57.68, shape=(), dtype=float32)",47.62,0.005880780518054962
"tf.Tensor(64.98, shape=(), dtype=float32)",52.2,0.005880780518054962
"tf.Tensor(4.16, shape=(), dtype=float32)",4.92,0.005880780518054962
"tf.Tensor(64.08, shape=(), dtype=float32)",49.97,0.005880780518054962
"tf.Tensor(62.69, shape=(), dtype=float32)",53.44,0.005880780518054962
"tf.Tensor(52.97, shape=(), dtype=float32)",46.88,0.005880780518054962
"tf.Tensor(6.96, shape=(), dtype=float32)",9.5,0.005880780518054962
"tf.Tensor(10.98, shape=(), dtype=float32)",18.33,0.005880780518054962
"tf.Tensor(6.68, shape=(), dtype=float32)",8.91,0.005880780518054962
"tf.Tensor(62.87, shape=(), dtype=float32)",56.12,0.005880780518054962
"tf.Tensor(21.28, shape=(), dtype=float32)",33.06,0.005880780518054962
"tf.Tensor(35.39, shape=(), dtype=float32)",44.4,0.005880780518054962
"tf.Tensor(2.1, shape=(), dtype=float32)",3.562,0.005880780518054962
"tf.Tensor(60.0, shape=(), dtype=float32)",54.7,0.005880780518054962
"tf.Tensor(55.48, shape=(), dtype=float32)",56.6,0.005880780518054962
"tf.Tensor(3.27, shape=(), dtype=float32)",3.57,0.005880780518054962
"tf.Tensor(8.71, shape=(), dtype=float32)",14.35,0.005880780518054962
"tf.Tensor(47.09, shape=(), dtype=float32)",49.2,0.005880780518054962
"tf.Tensor(65.21, shape=(), dtype=float32)",49.75,0.004480443894863129
"tf.Tensor(48.38, shape=(), dtype=float32)",49.3,0.004480443894863129
"tf.Tensor(5.19, shape=(), dtype=float32)",8.086,0.004480443894863129
"tf.Tensor(26.28, shape=(), dtype=float32)",32.88,0.004480443894863129
"tf.Tensor(64.77, shape=(), dtype=float32)",52.22,0.004480443894863129
"tf.Tensor(63.71, shape=(), dtype=float32)",54.94,0.004480443894863129
"tf.Tensor(7.6, shape=(), dtype=float32)",8.96,0.004480443894863129
"tf.Tensor(23.3, shape=(), dtype=float32)",32.0,0.004480443894863129
"tf.Tensor(2.86, shape=(), dtype=float32)",4.254,0.004480443894863129
"tf.Tensor(55.91, shape=(), dtype=float32)",46.8,0.004480443894863129
"tf.Tensor(4.32, shape=(), dtype=float32)",6.902,0.004480443894863129
"tf.Tensor(65.14, shape=(), dtype=float32)",50.25,0.004480443894863129
"tf.Tensor(9.9, shape=(), dtype=float32)",11.22,0.004480443894863129
"tf.Tensor(3.78, shape=(), dtype=float32)",6.15,0.004480443894863129
"tf.Tensor(3.31, shape=(), dtype=float32)",4.715,0.004480443894863129
"tf.Tensor(64.16, shape=(), dtype=float32)",50.88,0.004480443894863129
"tf.Tensor(33.46, shape=(), dtype=float32)",41.06,0.004480443894863129
"tf.Tensor(63.94, shape=(), dtype=float32)",48.53,0.004480443894863129
"tf.Tensor(4.11, shape=(), dtype=float32)",5.773,0.004480443894863129
"tf.Tensor(49.74, shape=(), dtype=float32)",44.56,0.004480443894863129
"tf.Tensor(3.31, shape=(), dtype=float32)",5.438,0.004480443894863129
"tf.Tensor(5.99, shape=(), dtype=float32)",7.52,0.004480443894863129
"tf.Tensor(8.62, shape=(), dtype=float32)",9.91,0.004480443894863129
"tf.Tensor(11.49, shape=(), dtype=float32)",11.95,0.004480443894863129
"tf.Tensor(3.35, shape=(), dtype=float32)",4.734,0.004480443894863129
"tf.Tensor(4.13, shape=(), dtype=float32)",6.93,0.004480443894863129
"tf.Tensor(64.48, shape=(), dtype=float32)",55.25,0.004480443894863129
"tf.Tensor(64.76, shape=(), dtype=float32)",51.25,0.004480443894863129
"tf.Tensor(5.19, shape=(), dtype=float32)",7.42,0.004480443894863129
"tf.Tensor(7.43, shape=(), dtype=float32)",11.24,0.004480443894863129
"tf.Tensor(59.63, shape=(), dtype=float32)",52.9,0.004480443894863129
"tf.Tensor(64.49, shape=(), dtype=float32)",57.03,0.004480443894863129
"tf.Tensor(65.24, shape=(), dtype=float32)",51.78,0.00599188357591629
"tf.Tensor(54.58, shape=(), dtype=float32)",42.8,0.00599188357591629
"tf.Tensor(7.55, shape=(), dtype=float32)",9.664,0.00599188357591629
"tf.Tensor(7.77, shape=(), dtype=float32)",11.11,0.00599188357591629
"tf.Tensor(8.28, shape=(), dtype=float32)",12.125,0.00599188357591629
"tf.Tensor(53.5, shape=(), dtype=float32)",54.94,0.00599188357591629
"tf.Tensor(43.76, shape=(), dtype=float32)",40.72,0.00599188357591629
"tf.Tensor(6.79, shape=(), dtype=float32)",8.76,0.00599188357591629
"tf.Tensor(2.96, shape=(), dtype=float32)",4.812,0.00599188357591629
"tf.Tensor(3.37, shape=(), dtype=float32)",4.83,0.00599188357591629
"tf.Tensor(2.92, shape=(), dtype=float32)",5.12,0.00599188357591629
"tf.Tensor(5.27, shape=(), dtype=float32)",8.44,0.00599188357591629
"tf.Tensor(64.39, shape=(), dtype=float32)",54.6,0.00599188357591629
"tf.Tensor(36.06, shape=(), dtype=float32)",42.7,0.00599188357591629
"tf.Tensor(3.58, shape=(), dtype=float32)",4.938,0.00599188357591629
"tf.Tensor(4.97, shape=(), dtype=float32)",7.473,0.00599188357591629
"tf.Tensor(10.1, shape=(), dtype=float32)",10.6,0.00599188357591629
"tf.Tensor(64.08, shape=(), dtype=float32)",54.2,0.00599188357591629
"tf.Tensor(62.53, shape=(), dtype=float32)",52.84,0.00599188357591629
"tf.Tensor(63.97, shape=(), dtype=float32)",51.44,0.00599188357591629
"tf.Tensor(6.17, shape=(), dtype=float32)",7.67,0.00599188357591629
"tf.Tensor(51.67, shape=(), dtype=float32)",53.0,0.00599188357591629
"tf.Tensor(61.59, shape=(), dtype=float32)",50.12,0.00599188357591629
"tf.Tensor(5.64, shape=(), dtype=float32)",7.156,0.00599188357591629
"tf.Tensor(64.62, shape=(), dtype=float32)",51.3,0.00599188357591629
"tf.Tensor(64.13, shape=(), dtype=float32)",54.34,0.00599188357591629
"tf.Tensor(63.3, shape=(), dtype=float32)",52.16,0.00599188357591629
"tf.Tensor(30.0, shape=(), dtype=float32)",38.8,0.00599188357591629
"tf.Tensor(43.77, shape=(), dtype=float32)",45.28,0.00599188357591629
"tf.Tensor(64.81, shape=(), dtype=float32)",50.34,0.00599188357591629
"tf.Tensor(8.53, shape=(), dtype=float32)",12.79,0.00599188357591629
"tf.Tensor(10.12, shape=(), dtype=float32)",12.64,0.00599188357591629
"tf.Tensor(65.41, shape=(), dtype=float32)",52.1,0.003686875104904175
"tf.Tensor(4.16, shape=(), dtype=float32)",5.082,0.003686875104904175
"tf.Tensor(65.26, shape=(), dtype=float32)",53.5,0.003686875104904175
"tf.Tensor(4.12, shape=(), dtype=float32)",6.83,0.003686875104904175
"tf.Tensor(39.95, shape=(), dtype=float32)",43.94,0.003686875104904175
"tf.Tensor(65.46, shape=(), dtype=float32)",52.44,0.003686875104904175
"tf.Tensor(64.02, shape=(), dtype=float32)",51.72,0.003686875104904175
"tf.Tensor(6.81, shape=(), dtype=float32)",10.23,0.003686875104904175
"tf.Tensor(63.05, shape=(), dtype=float32)",52.34,0.003686875104904175
"tf.Tensor(8.34, shape=(), dtype=float32)",9.43,0.003686875104904175
"tf.Tensor(64.17, shape=(), dtype=float32)",51.8,0.003686875104904175
"tf.Tensor(2.87, shape=(), dtype=float32)",4.176,0.003686875104904175
"tf.Tensor(13.95, shape=(), dtype=float32)",16.19,0.003686875104904175
"tf.Tensor(13.31, shape=(), dtype=float32)",16.62,0.003686875104904175
"tf.Tensor(64.91, shape=(), dtype=float32)",51.7,0.003686875104904175
"tf.Tensor(63.07, shape=(), dtype=float32)",51.53,0.003686875104904175
"tf.Tensor(40.12, shape=(), dtype=float32)",44.25,0.003686875104904175
"tf.Tensor(24.76, shape=(), dtype=float32)",34.94,0.003686875104904175
"tf.Tensor(12.36, shape=(), dtype=float32)",16.3,0.003686875104904175
"tf.Tensor(5.93, shape=(), dtype=float32)",9.56,0.003686875104904175
"tf.Tensor(59.75, shape=(), dtype=float32)",45.66,0.003686875104904175
"tf.Tensor(63.9, shape=(), dtype=float32)",54.38,0.003686875104904175
"tf.Tensor(5.88, shape=(), dtype=float32)",8.625,0.003686875104904175
"tf.Tensor(24.96, shape=(), dtype=float32)",34.5,0.003686875104904175
"tf.Tensor(59.88, shape=(), dtype=float32)",55.94,0.003686875104904175
"tf.Tensor(3.62, shape=(), dtype=float32)",5.043,0.003686875104904175
"tf.Tensor(65.1, shape=(), dtype=float32)",49.75,0.003686875104904175
"tf.Tensor(3.98, shape=(), dtype=float32)",5.453,0.003686875104904175
"tf.Tensor(30.05, shape=(), dtype=float32)",32.4,0.003686875104904175
"tf.Tensor(64.07, shape=(), dtype=float32)",52.44,0.003686875104904175
"tf.Tensor(65.24, shape=(), dtype=float32)",56.97,0.003686875104904175
"tf.Tensor(63.88, shape=(), dtype=float32)",51.2,0.003686875104904175
"tf.Tensor(6.46, shape=(), dtype=float32)",8.58,0.003731466829776764
"tf.Tensor(4.09, shape=(), dtype=float32)",6.613,0.003731466829776764
"tf.Tensor(42.4, shape=(), dtype=float32)",45.5,0.003731466829776764
"tf.Tensor(64.81, shape=(), dtype=float32)",51.47,0.003731466829776764
"tf.Tensor(64.42, shape=(), dtype=float32)",52.94,0.003731466829776764
"tf.Tensor(4.61, shape=(), dtype=float32)",7.11,0.003731466829776764
"tf.Tensor(34.11, shape=(), dtype=float32)",38.0,0.003731466829776764
"tf.Tensor(3.31, shape=(), dtype=float32)",4.285,0.003731466829776764
"tf.Tensor(48.64, shape=(), dtype=float32)",51.06,0.003731466829776764
"tf.Tensor(6.89, shape=(), dtype=float32)",9.65,0.003731466829776764
"tf.Tensor(64.45, shape=(), dtype=float32)",56.38,0.003731466829776764
"tf.Tensor(7.17, shape=(), dtype=float32)",9.984,0.003731466829776764
"tf.Tensor(17.5, shape=(), dtype=float32)",24.75,0.003731466829776764
"tf.Tensor(54.92, shape=(), dtype=float32)",44.22,0.003731466829776764
"tf.Tensor(4.04, shape=(), dtype=float32)",6.67,0.003731466829776764
"tf.Tensor(3.35, shape=(), dtype=float32)",6.125,0.003731466829776764
"tf.Tensor(6.09, shape=(), dtype=float32)",10.24,0.003731466829776764
"tf.Tensor(7.35, shape=(), dtype=float32)",9.34,0.003731466829776764
"tf.Tensor(50.07, shape=(), dtype=float32)",50.34,0.003731466829776764
"tf.Tensor(42.31, shape=(), dtype=float32)",44.78,0.003731466829776764
"tf.Tensor(6.15, shape=(), dtype=float32)",9.68,0.003731466829776764
"tf.Tensor(3.41, shape=(), dtype=float32)",4.82,0.003731466829776764
"tf.Tensor(65.21, shape=(), dtype=float32)",54.44,0.003731466829776764
"tf.Tensor(5.75, shape=(), dtype=float32)",7.38,0.003731466829776764
"tf.Tensor(38.46, shape=(), dtype=float32)",45.3,0.003731466829776764
"tf.Tensor(3.83, shape=(), dtype=float32)",5.176,0.003731466829776764
"tf.Tensor(4.64, shape=(), dtype=float32)",7.08,0.003731466829776764
"tf.Tensor(60.61, shape=(), dtype=float32)",52.22,0.003731466829776764
"tf.Tensor(8.68, shape=(), dtype=float32)",10.164,0.003731466829776764
"tf.Tensor(3.34, shape=(), dtype=float32)",5.695,0.003731466829776764
"tf.Tensor(3.29, shape=(), dtype=float32)",4.695,0.003731466829776764
"tf.Tensor(2.73, shape=(), dtype=float32)",3.758,0.003731466829776764
"tf.Tensor(7.76, shape=(), dtype=float32)",9.92,0.0038712769746780396
"tf.Tensor(53.75, shape=(), dtype=float32)",49.28,0.0038712769746780396
"tf.Tensor(4.83, shape=(), dtype=float32)",7.656,0.0038712769746780396
"tf.Tensor(5.17, shape=(), dtype=float32)",6.914,0.0038712769746780396
"tf.Tensor(5.15, shape=(), dtype=float32)",7.7,0.0038712769746780396
"tf.Tensor(6.07, shape=(), dtype=float32)",8.67,0.0038712769746780396
"tf.Tensor(65.45, shape=(), dtype=float32)",52.75,0.0038712769746780396
"tf.Tensor(64.55, shape=(), dtype=float32)",55.8,0.0038712769746780396
"tf.Tensor(63.42, shape=(), dtype=float32)",57.75,0.0038712769746780396
"tf.Tensor(65.15, shape=(), dtype=float32)",51.72,0.0038712769746780396
"tf.Tensor(61.7, shape=(), dtype=float32)",51.53,0.0038712769746780396
"tf.Tensor(62.44, shape=(), dtype=float32)",51.94,0.0038712769746780396
"tf.Tensor(6.59, shape=(), dtype=float32)",9.41,0.0038712769746780396
"tf.Tensor(25.85, shape=(), dtype=float32)",37.38,0.0038712769746780396
"tf.Tensor(2.94, shape=(), dtype=float32)",4.973,0.0038712769746780396
"tf.Tensor(3.14, shape=(), dtype=float32)",4.484,0.0038712769746780396
"tf.Tensor(3.39, shape=(), dtype=float32)",4.52,0.0038712769746780396
"tf.Tensor(4.6, shape=(), dtype=float32)",7.695,0.0038712769746780396
"tf.Tensor(6.37, shape=(), dtype=float32)",8.18,0.0038712769746780396
"tf.Tensor(23.8, shape=(), dtype=float32)",35.6,0.0038712769746780396
"tf.Tensor(58.96, shape=(), dtype=float32)",54.16,0.0038712769746780396
"tf.Tensor(3.31, shape=(), dtype=float32)",4.63,0.0038712769746780396
"tf.Tensor(64.28, shape=(), dtype=float32)",51.88,0.0038712769746780396
"tf.Tensor(20.47, shape=(), dtype=float32)",29.23,0.0038712769746780396
"tf.Tensor(5.18, shape=(), dtype=float32)",7.062,0.0038712769746780396
"tf.Tensor(3.82, shape=(), dtype=float32)",4.934,0.0038712769746780396
"tf.Tensor(4.15, shape=(), dtype=float32)",6.918,0.0038712769746780396
"tf.Tensor(12.42, shape=(), dtype=float32)",15.84,0.0038712769746780396
"tf.Tensor(64.2, shape=(), dtype=float32)",51.44,0.0038712769746780396
"tf.Tensor(65.27, shape=(), dtype=float32)",54.62,0.0038712769746780396
"tf.Tensor(3.69, shape=(), dtype=float32)",5.4,0.0038712769746780396
"tf.Tensor(7.55, shape=(), dtype=float32)",9.7,0.0038712769746780396
"tf.Tensor(6.97, shape=(), dtype=float32)",9.89,0.005596451461315155
"tf.Tensor(33.6, shape=(), dtype=float32)",45.0,0.005596451461315155
"tf.Tensor(64.75, shape=(), dtype=float32)",55.28,0.005596451461315155
"tf.Tensor(64.9, shape=(), dtype=float32)",51.47,0.005596451461315155
"tf.Tensor(64.77, shape=(), dtype=float32)",55.97,0.005596451461315155
"tf.Tensor(6.01, shape=(), dtype=float32)",8.52,0.005596451461315155
"tf.Tensor(8.69, shape=(), dtype=float32)",10.24,0.005596451461315155
"tf.Tensor(65.33, shape=(), dtype=float32)",54.66,0.005596451461315155
"tf.Tensor(56.29, shape=(), dtype=float32)",50.62,0.005596451461315155
"tf.Tensor(26.68, shape=(), dtype=float32)",36.94,0.005596451461315155
"tf.Tensor(8.56, shape=(), dtype=float32)",13.75,0.005596451461315155
"tf.Tensor(63.98, shape=(), dtype=float32)",50.78,0.005596451461315155
"tf.Tensor(7.78, shape=(), dtype=float32)",10.336,0.005596451461315155
"tf.Tensor(64.38, shape=(), dtype=float32)",57.4,0.005596451461315155
"tf.Tensor(38.39, shape=(), dtype=float32)",37.0,0.005596451461315155
"tf.Tensor(9.31, shape=(), dtype=float32)",10.19,0.005596451461315155
"tf.Tensor(19.35, shape=(), dtype=float32)",28.23,0.005596451461315155
"tf.Tensor(4.77, shape=(), dtype=float32)",7.703,0.005596451461315155
"tf.Tensor(63.16, shape=(), dtype=float32)",54.75,0.005596451461315155
"tf.Tensor(64.89, shape=(), dtype=float32)",52.3,0.005596451461315155
"tf.Tensor(3.59, shape=(), dtype=float32)",4.484,0.005596451461315155
"tf.Tensor(63.89, shape=(), dtype=float32)",55.7,0.005596451461315155
"tf.Tensor(62.32, shape=(), dtype=float32)",57.53,0.005596451461315155
"tf.Tensor(11.42, shape=(), dtype=float32)",13.13,0.005596451461315155
"tf.Tensor(62.73, shape=(), dtype=float32)",56.53,0.005596451461315155
"tf.Tensor(52.57, shape=(), dtype=float32)",50.22,0.005596451461315155
"tf.Tensor(22.31, shape=(), dtype=float32)",32.34,0.005596451461315155
"tf.Tensor(3.0, shape=(), dtype=float32)",4.363,0.005596451461315155
"tf.Tensor(65.28, shape=(), dtype=float32)",51.8,0.005596451461315155
"tf.Tensor(62.24, shape=(), dtype=float32)",51.0,0.005596451461315155
"tf.Tensor(2.71, shape=(), dtype=float32)",3.648,0.005596451461315155
"tf.Tensor(65.07, shape=(), dtype=float32)",50.28,0.005596451461315155
"tf.Tensor(7.65, shape=(), dtype=float32)",9.25,0.0055952295660972595
"tf.Tensor(6.81, shape=(), dtype=float32)",9.945,0.0055952295660972595
"tf.Tensor(42.98, shape=(), dtype=float32)",48.53,0.0055952295660972595
"tf.Tensor(65.23, shape=(), dtype=float32)",55.5,0.0055952295660972595
"tf.Tensor(7.48, shape=(), dtype=float32)",10.625,0.0055952295660972595
"tf.Tensor(45.42, shape=(), dtype=float32)",47.5,0.0055952295660972595
"tf.Tensor(8.32, shape=(), dtype=float32)",9.45,0.0055952295660972595
"tf.Tensor(62.28, shape=(), dtype=float32)",54.9,0.0055952295660972595
"tf.Tensor(6.11, shape=(), dtype=float32)",8.09,0.0055952295660972595
"tf.Tensor(62.1, shape=(), dtype=float32)",48.06,0.0055952295660972595
"tf.Tensor(7.35, shape=(), dtype=float32)",10.836,0.0055952295660972595
"tf.Tensor(3.91, shape=(), dtype=float32)",6.08,0.0055952295660972595
"tf.Tensor(7.57, shape=(), dtype=float32)",9.25,0.0055952295660972595
"tf.Tensor(3.0, shape=(), dtype=float32)",4.457,0.0055952295660972595
"tf.Tensor(18.13, shape=(), dtype=float32)",28.97,0.0055952295660972595
"tf.Tensor(21.23, shape=(), dtype=float32)",30.53,0.0055952295660972595
"tf.Tensor(5.79, shape=(), dtype=float32)",9.125,0.0055952295660972595
"tf.Tensor(57.99, shape=(), dtype=float32)",54.53,0.0055952295660972595
"tf.Tensor(7.7, shape=(), dtype=float32)",8.52,0.0055952295660972595
"tf.Tensor(8.21, shape=(), dtype=float32)",9.34,0.0055952295660972595
"tf.Tensor(53.04, shape=(), dtype=float32)",45.34,0.0055952295660972595
"tf.Tensor(64.65, shape=(), dtype=float32)",50.03,0.0055952295660972595
"tf.Tensor(6.33, shape=(), dtype=float32)",9.734,0.0055952295660972595
"tf.Tensor(13.78, shape=(), dtype=float32)",17.92,0.0055952295660972595
"tf.Tensor(9.54, shape=(), dtype=float32)",12.164,0.0055952295660972595
"tf.Tensor(5.43, shape=(), dtype=float32)",7.797,0.0055952295660972595
"tf.Tensor(64.42, shape=(), dtype=float32)",56.78,0.0055952295660972595
"tf.Tensor(47.61, shape=(), dtype=float32)",50.03,0.0055952295660972595
"tf.Tensor(62.18, shape=(), dtype=float32)",55.6,0.0055952295660972595
"tf.Tensor(58.21, shape=(), dtype=float32)",52.44,0.0055952295660972595
"tf.Tensor(63.28, shape=(), dtype=float32)",51.94,0.0055952295660972595
"tf.Tensor(63.92, shape=(), dtype=float32)",54.38,0.0055952295660972595
"tf.Tensor(6.23, shape=(), dtype=float32)",8.94,0.005613408982753754
"tf.Tensor(64.29, shape=(), dtype=float32)",54.6,0.005613408982753754
"tf.Tensor(63.94, shape=(), dtype=float32)",52.6,0.005613408982753754
"tf.Tensor(4.63, shape=(), dtype=float32)",6.97,0.005613408982753754
"tf.Tensor(64.73, shape=(), dtype=float32)",55.62,0.005613408982753754
"tf.Tensor(43.1, shape=(), dtype=float32)",47.06,0.005613408982753754
"tf.Tensor(64.6, shape=(), dtype=float32)",55.5,0.005613408982753754
"tf.Tensor(7.68, shape=(), dtype=float32)",10.2,0.005613408982753754
"tf.Tensor(6.57, shape=(), dtype=float32)",8.84,0.005613408982753754
"tf.Tensor(6.22, shape=(), dtype=float32)",7.824,0.005613408982753754
"tf.Tensor(63.92, shape=(), dtype=float32)",51.3,0.005613408982753754
"tf.Tensor(5.83, shape=(), dtype=float32)",8.06,0.005613408982753754
"tf.Tensor(64.64, shape=(), dtype=float32)",56.8,0.005613408982753754
"tf.Tensor(16.24, shape=(), dtype=float32)",23.53,0.005613408982753754
"tf.Tensor(59.68, shape=(), dtype=float32)",54.53,0.005613408982753754
"tf.Tensor(7.42, shape=(), dtype=float32)",11.82,0.005613408982753754
"tf.Tensor(62.85, shape=(), dtype=float32)",48.7,0.005613408982753754
"tf.Tensor(3.51, shape=(), dtype=float32)",5.152,0.005613408982753754
"tf.Tensor(65.44, shape=(), dtype=float32)",52.2,0.005613408982753754
"tf.Tensor(62.33, shape=(), dtype=float32)",55.8,0.005613408982753754
"tf.Tensor(6.1, shape=(), dtype=float32)",8.016,0.005613408982753754
"tf.Tensor(5.22, shape=(), dtype=float32)",7.87,0.005613408982753754
"tf.Tensor(7.97, shape=(), dtype=float32)",10.21,0.005613408982753754
"tf.Tensor(9.17, shape=(), dtype=float32)",10.34,0.005613408982753754
"tf.Tensor(64.23, shape=(), dtype=float32)",56.94,0.005613408982753754
"tf.Tensor(63.99, shape=(), dtype=float32)",54.12,0.005613408982753754
"tf.Tensor(6.61, shape=(), dtype=float32)",9.484,0.005613408982753754
"tf.Tensor(13.18, shape=(), dtype=float32)",18.53,0.005613408982753754
"tf.Tensor(54.56, shape=(), dtype=float32)",49.8,0.005613408982753754
"tf.Tensor(63.99, shape=(), dtype=float32)",52.6,0.005613408982753754
"tf.Tensor(5.47, shape=(), dtype=float32)",8.15,0.005613408982753754
"tf.Tensor(47.64, shape=(), dtype=float32)",47.12,0.005613408982753754
"tf.Tensor(9.49, shape=(), dtype=float32)",11.75,0.003454841673374176
"tf.Tensor(2.8, shape=(), dtype=float32)",3.73,0.003454841673374176
"tf.Tensor(65.27, shape=(), dtype=float32)",52.62,0.003454841673374176
"tf.Tensor(35.75, shape=(), dtype=float32)",43.4,0.003454841673374176
"tf.Tensor(64.13, shape=(), dtype=float32)",50.88,0.003454841673374176
"tf.Tensor(64.06, shape=(), dtype=float32)",49.0,0.003454841673374176
"tf.Tensor(9.12, shape=(), dtype=float32)",11.44,0.003454841673374176
"tf.Tensor(5.59, shape=(), dtype=float32)",7.96,0.003454841673374176
"tf.Tensor(35.63, shape=(), dtype=float32)",42.66,0.003454841673374176
"tf.Tensor(3.28, shape=(), dtype=float32)",4.535,0.003454841673374176
"tf.Tensor(55.27, shape=(), dtype=float32)",46.9,0.003454841673374176
"tf.Tensor(4.29, shape=(), dtype=float32)",5.844,0.003454841673374176
"tf.Tensor(62.24, shape=(), dtype=float32)",57.3,0.003454841673374176
"tf.Tensor(6.2, shape=(), dtype=float32)",9.78,0.003454841673374176
"tf.Tensor(3.65, shape=(), dtype=float32)",5.297,0.003454841673374176
"tf.Tensor(57.39, shape=(), dtype=float32)",50.7,0.003454841673374176
"tf.Tensor(4.12, shape=(), dtype=float32)",6.48,0.003454841673374176
"tf.Tensor(3.84, shape=(), dtype=float32)",5.305,0.003454841673374176
"tf.Tensor(5.43, shape=(), dtype=float32)",8.55,0.003454841673374176
"tf.Tensor(53.19, shape=(), dtype=float32)",50.44,0.003454841673374176
"tf.Tensor(26.78, shape=(), dtype=float32)",33.12,0.003454841673374176
"tf.Tensor(7.14, shape=(), dtype=float32)",8.85,0.003454841673374176
"tf.Tensor(6.74, shape=(), dtype=float32)",8.23,0.003454841673374176
"tf.Tensor(64.1, shape=(), dtype=float32)",51.72,0.003454841673374176
"tf.Tensor(36.92, shape=(), dtype=float32)",43.97,0.003454841673374176
"tf.Tensor(4.8, shape=(), dtype=float32)",7.348,0.003454841673374176
"tf.Tensor(9.87, shape=(), dtype=float32)",10.914,0.003454841673374176
"tf.Tensor(64.45, shape=(), dtype=float32)",56.8,0.003454841673374176
"tf.Tensor(3.42, shape=(), dtype=float32)",5.0,0.003454841673374176
"tf.Tensor(65.25, shape=(), dtype=float32)",51.03,0.003454841673374176
"tf.Tensor(51.01, shape=(), dtype=float32)",51.94,0.003454841673374176
"tf.Tensor(6.65, shape=(), dtype=float32)",8.98,0.003454841673374176
"tf.Tensor(48.63, shape=(), dtype=float32)",50.06,0.004135161638259888
"tf.Tensor(5.98, shape=(), dtype=float32)",7.594,0.004135161638259888
"tf.Tensor(61.3, shape=(), dtype=float32)",48.16,0.004135161638259888
"tf.Tensor(65.2, shape=(), dtype=float32)",54.38,0.004135161638259888
"tf.Tensor(65.31, shape=(), dtype=float32)",56.03,0.004135161638259888
"tf.Tensor(6.26, shape=(), dtype=float32)",8.25,0.004135161638259888
"tf.Tensor(5.98, shape=(), dtype=float32)",7.68,0.004135161638259888
"tf.Tensor(7.28, shape=(), dtype=float32)",9.92,0.004135161638259888
"tf.Tensor(35.15, shape=(), dtype=float32)",44.78,0.004135161638259888
"tf.Tensor(4.17, shape=(), dtype=float32)",7.074,0.004135161638259888
"tf.Tensor(49.2, shape=(), dtype=float32)",48.66,0.004135161638259888
"tf.Tensor(64.23, shape=(), dtype=float32)",55.3,0.004135161638259888
"tf.Tensor(63.78, shape=(), dtype=float32)",51.94,0.004135161638259888
"tf.Tensor(55.31, shape=(), dtype=float32)",53.12,0.004135161638259888
"tf.Tensor(65.43, shape=(), dtype=float32)",53.34,0.004135161638259888
"tf.Tensor(10.68, shape=(), dtype=float32)",12.445,0.004135161638259888
"tf.Tensor(3.35, shape=(), dtype=float32)",5.66,0.004135161638259888
"tf.Tensor(43.73, shape=(), dtype=float32)",49.66,0.004135161638259888
"tf.Tensor(4.97, shape=(), dtype=float32)",7.418,0.004135161638259888
"tf.Tensor(48.29, shape=(), dtype=float32)",48.44,0.004135161638259888
"tf.Tensor(62.79, shape=(), dtype=float32)",50.97,0.004135161638259888
"tf.Tensor(9.59, shape=(), dtype=float32)",11.6,0.004135161638259888
"tf.Tensor(57.66, shape=(), dtype=float32)",52.7,0.004135161638259888
"tf.Tensor(41.19, shape=(), dtype=float32)",47.25,0.004135161638259888
"tf.Tensor(5.5, shape=(), dtype=float32)",8.72,0.004135161638259888
"tf.Tensor(5.52, shape=(), dtype=float32)",6.527,0.004135161638259888
"tf.Tensor(37.07, shape=(), dtype=float32)",41.8,0.004135161638259888
"tf.Tensor(64.25, shape=(), dtype=float32)",52.94,0.004135161638259888
"tf.Tensor(3.65, shape=(), dtype=float32)",4.902,0.004135161638259888
"tf.Tensor(60.34, shape=(), dtype=float32)",49.12,0.004135161638259888
"tf.Tensor(3.24, shape=(), dtype=float32)",4.56,0.004135161638259888
"tf.Tensor(63.73, shape=(), dtype=float32)",54.7,0.004135161638259888
"tf.Tensor(6.92, shape=(), dtype=float32)",8.195,0.0059944093227386475
"tf.Tensor(4.52, shape=(), dtype=float32)",5.76,0.0059944093227386475
"tf.Tensor(7.55, shape=(), dtype=float32)",9.18,0.0059944093227386475
"tf.Tensor(4.57, shape=(), dtype=float32)",5.72,0.0059944093227386475
"tf.Tensor(4.44, shape=(), dtype=float32)",6.977,0.0059944093227386475
"tf.Tensor(6.83, shape=(), dtype=float32)",8.99,0.0059944093227386475
"tf.Tensor(3.56, shape=(), dtype=float32)",5.273,0.0059944093227386475
"tf.Tensor(6.47, shape=(), dtype=float32)",9.86,0.0059944093227386475
"tf.Tensor(29.52, shape=(), dtype=float32)",40.3,0.0059944093227386475
"tf.Tensor(7.7, shape=(), dtype=float32)",11.22,0.0059944093227386475
"tf.Tensor(9.14, shape=(), dtype=float32)",9.22,0.0059944093227386475
"tf.Tensor(7.04, shape=(), dtype=float32)",9.734,0.0059944093227386475
"tf.Tensor(7.05, shape=(), dtype=float32)",8.836,0.0059944093227386475
"tf.Tensor(7.53, shape=(), dtype=float32)",9.55,0.0059944093227386475
"tf.Tensor(61.84, shape=(), dtype=float32)",49.5,0.0059944093227386475
"tf.Tensor(6.09, shape=(), dtype=float32)",7.91,0.0059944093227386475
"tf.Tensor(59.16, shape=(), dtype=float32)",52.9,0.0059944093227386475
"tf.Tensor(5.84, shape=(), dtype=float32)",8.8,0.0059944093227386475
"tf.Tensor(62.22, shape=(), dtype=float32)",55.4,0.0059944093227386475
"tf.Tensor(57.37, shape=(), dtype=float32)",54.5,0.0059944093227386475
"tf.Tensor(5.79, shape=(), dtype=float32)",8.69,0.0059944093227386475
"tf.Tensor(7.16, shape=(), dtype=float32)",9.91,0.0059944093227386475
"tf.Tensor(51.95, shape=(), dtype=float32)",46.3,0.0059944093227386475
"tf.Tensor(65.25, shape=(), dtype=float32)",54.6,0.0059944093227386475
"tf.Tensor(63.87, shape=(), dtype=float32)",51.06,0.0059944093227386475
"tf.Tensor(3.74, shape=(), dtype=float32)",4.82,0.0059944093227386475
"tf.Tensor(6.93, shape=(), dtype=float32)",8.58,0.0059944093227386475
"tf.Tensor(7.34, shape=(), dtype=float32)",10.08,0.0059944093227386475
"tf.Tensor(8.15, shape=(), dtype=float32)",10.484,0.0059944093227386475
"tf.Tensor(4.59, shape=(), dtype=float32)",7.027,0.0059944093227386475
"tf.Tensor(27.23, shape=(), dtype=float32)",37.03,0.0059944093227386475
"tf.Tensor(63.85, shape=(), dtype=float32)",54.16,0.0059944093227386475
"tf.Tensor(65.3, shape=(), dtype=float32)",53.72,0.0037217140197753906
"tf.Tensor(6.59, shape=(), dtype=float32)",9.44,0.0037217140197753906
"tf.Tensor(3.28, shape=(), dtype=float32)",5.11,0.0037217140197753906
"tf.Tensor(64.12, shape=(), dtype=float32)",48.38,0.0037217140197753906
"tf.Tensor(8.0, shape=(), dtype=float32)",12.055,0.0037217140197753906
"tf.Tensor(3.25, shape=(), dtype=float32)",4.707,0.0037217140197753906
"tf.Tensor(55.52, shape=(), dtype=float32)",49.3,0.0037217140197753906
"tf.Tensor(60.14, shape=(), dtype=float32)",57.2,0.0037217140197753906
"tf.Tensor(64.66, shape=(), dtype=float32)",55.44,0.0037217140197753906
"tf.Tensor(9.98, shape=(), dtype=float32)",11.06,0.0037217140197753906
"tf.Tensor(64.75, shape=(), dtype=float32)",55.8,0.0037217140197753906
"tf.Tensor(45.35, shape=(), dtype=float32)",47.12,0.0037217140197753906
"tf.Tensor(65.13, shape=(), dtype=float32)",51.1,0.0037217140197753906
"tf.Tensor(33.68, shape=(), dtype=float32)",44.12,0.0037217140197753906
"tf.Tensor(7.39, shape=(), dtype=float32)",10.26,0.0037217140197753906
"tf.Tensor(4.32, shape=(), dtype=float32)",6.633,0.0037217140197753906
"tf.Tensor(14.05, shape=(), dtype=float32)",21.55,0.0037217140197753906
"tf.Tensor(29.22, shape=(), dtype=float32)",42.44,0.0037217140197753906
"tf.Tensor(34.57, shape=(), dtype=float32)",35.97,0.0037217140197753906
"tf.Tensor(22.8, shape=(), dtype=float32)",28.64,0.0037217140197753906
"tf.Tensor(6.42, shape=(), dtype=float32)",8.38,0.0037217140197753906
"tf.Tensor(2.66, shape=(), dtype=float32)",4.82,0.0037217140197753906
"tf.Tensor(48.78, shape=(), dtype=float32)",40.94,0.0037217140197753906
"tf.Tensor(9.63, shape=(), dtype=float32)",10.85,0.0037217140197753906
"tf.Tensor(64.24, shape=(), dtype=float32)",52.9,0.0037217140197753906
"tf.Tensor(65.25, shape=(), dtype=float32)",53.66,0.0037217140197753906
"tf.Tensor(63.58, shape=(), dtype=float32)",54.66,0.0037217140197753906
"tf.Tensor(2.98, shape=(), dtype=float32)",4.64,0.0037217140197753906
"tf.Tensor(6.27, shape=(), dtype=float32)",8.42,0.0037217140197753906
"tf.Tensor(10.24, shape=(), dtype=float32)",12.086,0.0037217140197753906
"tf.Tensor(29.36, shape=(), dtype=float32)",38.12,0.0037217140197753906
"tf.Tensor(4.22, shape=(), dtype=float32)",6.86,0.0037217140197753906
"tf.Tensor(64.01, shape=(), dtype=float32)",52.0,0.003630213439464569
"tf.Tensor(62.34, shape=(), dtype=float32)",51.53,0.003630213439464569
"tf.Tensor(11.73, shape=(), dtype=float32)",19.83,0.003630213439464569
"tf.Tensor(2.46, shape=(), dtype=float32)",3.984,0.003630213439464569
"tf.Tensor(4.17, shape=(), dtype=float32)",6.99,0.003630213439464569
"tf.Tensor(25.81, shape=(), dtype=float32)",40.1,0.003630213439464569
"tf.Tensor(9.13, shape=(), dtype=float32)",11.12,0.003630213439464569
"tf.Tensor(63.25, shape=(), dtype=float32)",48.75,0.003630213439464569
"tf.Tensor(58.81, shape=(), dtype=float32)",52.25,0.003630213439464569
"tf.Tensor(64.96, shape=(), dtype=float32)",50.16,0.003630213439464569
"tf.Tensor(61.5, shape=(), dtype=float32)",55.8,0.003630213439464569
"tf.Tensor(7.56, shape=(), dtype=float32)",9.59,0.003630213439464569
"tf.Tensor(64.36, shape=(), dtype=float32)",57.97,0.003630213439464569
"tf.Tensor(6.82, shape=(), dtype=float32)",10.445,0.003630213439464569
"tf.Tensor(4.05, shape=(), dtype=float32)",5.95,0.003630213439464569
"tf.Tensor(65.12, shape=(), dtype=float32)",55.97,0.003630213439464569
"tf.Tensor(12.5, shape=(), dtype=float32)",19.97,0.003630213439464569
"tf.Tensor(50.96, shape=(), dtype=float32)",51.72,0.003630213439464569
"tf.Tensor(51.56, shape=(), dtype=float32)",51.7,0.003630213439464569
"tf.Tensor(63.26, shape=(), dtype=float32)",51.75,0.003630213439464569
"tf.Tensor(2.65, shape=(), dtype=float32)",3.93,0.003630213439464569
"tf.Tensor(29.92, shape=(), dtype=float32)",42.28,0.003630213439464569
"tf.Tensor(4.03, shape=(), dtype=float32)",5.645,0.003630213439464569
"tf.Tensor(2.98, shape=(), dtype=float32)",3.945,0.003630213439464569
"tf.Tensor(55.99, shape=(), dtype=float32)",47.06,0.003630213439464569
"tf.Tensor(64.65, shape=(), dtype=float32)",55.28,0.003630213439464569
"tf.Tensor(37.61, shape=(), dtype=float32)",41.16,0.003630213439464569
"tf.Tensor(4.14, shape=(), dtype=float32)",6.902,0.003630213439464569
"tf.Tensor(6.06, shape=(), dtype=float32)",8.48,0.003630213439464569
"tf.Tensor(9.53, shape=(), dtype=float32)",11.84,0.003630213439464569
"tf.Tensor(3.64, shape=(), dtype=float32)",4.785,0.003630213439464569
"tf.Tensor(5.17, shape=(), dtype=float32)",7.137,0.003630213439464569
"tf.Tensor(5.35, shape=(), dtype=float32)",8.25,0.0030828863382339478
"tf.Tensor(56.9, shape=(), dtype=float32)",44.75,0.0030828863382339478
"tf.Tensor(9.89, shape=(), dtype=float32)",11.766,0.0030828863382339478
"tf.Tensor(4.26, shape=(), dtype=float32)",5.645,0.0030828863382339478
"tf.Tensor(63.87, shape=(), dtype=float32)",52.1,0.0030828863382339478
"tf.Tensor(3.47, shape=(), dtype=float32)",5.754,0.0030828863382339478
"tf.Tensor(15.55, shape=(), dtype=float32)",21.33,0.0030828863382339478
"tf.Tensor(4.15, shape=(), dtype=float32)",5.24,0.0030828863382339478
"tf.Tensor(64.63, shape=(), dtype=float32)",55.06,0.0030828863382339478
"tf.Tensor(65.34, shape=(), dtype=float32)",52.8,0.0030828863382339478
"tf.Tensor(5.49, shape=(), dtype=float32)",8.11,0.0030828863382339478
"tf.Tensor(6.49, shape=(), dtype=float32)",9.164,0.0030828863382339478
"tf.Tensor(2.66, shape=(), dtype=float32)",4.4,0.0030828863382339478
"tf.Tensor(3.33, shape=(), dtype=float32)",5.125,0.0030828863382339478
"tf.Tensor(5.23, shape=(), dtype=float32)",6.344,0.0030828863382339478
"tf.Tensor(4.88, shape=(), dtype=float32)",8.46,0.0030828863382339478
"tf.Tensor(64.28, shape=(), dtype=float32)",50.03,0.0030828863382339478
"tf.Tensor(57.73, shape=(), dtype=float32)",48.28,0.0030828863382339478
"tf.Tensor(3.53, shape=(), dtype=float32)",5.25,0.0030828863382339478
"tf.Tensor(4.07, shape=(), dtype=float32)",6.31,0.0030828863382339478
"tf.Tensor(63.83, shape=(), dtype=float32)",54.28,0.0030828863382339478
"tf.Tensor(4.26, shape=(), dtype=float32)",5.777,0.0030828863382339478
"tf.Tensor(4.56, shape=(), dtype=float32)",6.57,0.0030828863382339478
"tf.Tensor(5.88, shape=(), dtype=float32)",6.72,0.0030828863382339478
"tf.Tensor(63.66, shape=(), dtype=float32)",50.12,0.0030828863382339478
"tf.Tensor(7.19, shape=(), dtype=float32)",9.29,0.0030828863382339478
"tf.Tensor(5.39, shape=(), dtype=float32)",6.406,0.0030828863382339478
"tf.Tensor(10.83, shape=(), dtype=float32)",12.59,0.0030828863382339478
"tf.Tensor(65.33, shape=(), dtype=float32)",56.0,0.0030828863382339478
"tf.Tensor(43.96, shape=(), dtype=float32)",47.88,0.0030828863382339478
"tf.Tensor(64.27, shape=(), dtype=float32)",47.4,0.0030828863382339478
"tf.Tensor(65.33, shape=(), dtype=float32)",52.22,0.0030828863382339478
"tf.Tensor(65.03, shape=(), dtype=float32)",53.5,0.005583509802818298
"tf.Tensor(4.67, shape=(), dtype=float32)",6.734,0.005583509802818298
"tf.Tensor(7.05, shape=(), dtype=float32)",9.89,0.005583509802818298
"tf.Tensor(63.67, shape=(), dtype=float32)",48.88,0.005583509802818298
"tf.Tensor(58.36, shape=(), dtype=float32)",55.2,0.005583509802818298
"tf.Tensor(3.58, shape=(), dtype=float32)",4.375,0.005583509802818298
"tf.Tensor(65.04, shape=(), dtype=float32)",53.03,0.005583509802818298
"tf.Tensor(56.93, shape=(), dtype=float32)",50.7,0.005583509802818298
"tf.Tensor(63.99, shape=(), dtype=float32)",48.1,0.005583509802818298
"tf.Tensor(21.43, shape=(), dtype=float32)",27.81,0.005583509802818298
"tf.Tensor(7.27, shape=(), dtype=float32)",10.55,0.005583509802818298
"tf.Tensor(3.39, shape=(), dtype=float32)",4.285,0.005583509802818298
"tf.Tensor(41.07, shape=(), dtype=float32)",40.97,0.005583509802818298
"tf.Tensor(65.38, shape=(), dtype=float32)",54.7,0.005583509802818298
"tf.Tensor(3.6, shape=(), dtype=float32)",4.97,0.005583509802818298
"tf.Tensor(2.8, shape=(), dtype=float32)",3.434,0.005583509802818298
"tf.Tensor(7.0, shape=(), dtype=float32)",8.97,0.005583509802818298
"tf.Tensor(64.09, shape=(), dtype=float32)",49.88,0.005583509802818298
"tf.Tensor(64.24, shape=(), dtype=float32)",52.9,0.005583509802818298
"tf.Tensor(6.67, shape=(), dtype=float32)",8.92,0.005583509802818298
"tf.Tensor(23.92, shape=(), dtype=float32)",32.8,0.005583509802818298
"tf.Tensor(64.7, shape=(), dtype=float32)",47.47,0.005583509802818298
"tf.Tensor(7.88, shape=(), dtype=float32)",10.43,0.005583509802818298
"tf.Tensor(64.87, shape=(), dtype=float32)",54.12,0.005583509802818298
"tf.Tensor(6.96, shape=(), dtype=float32)",9.91,0.005583509802818298
"tf.Tensor(14.01, shape=(), dtype=float32)",17.34,0.005583509802818298
"tf.Tensor(4.1, shape=(), dtype=float32)",6.207,0.005583509802818298
"tf.Tensor(7.28, shape=(), dtype=float32)",10.64,0.005583509802818298
"tf.Tensor(64.16, shape=(), dtype=float32)",51.25,0.005583509802818298
"tf.Tensor(45.03, shape=(), dtype=float32)",41.6,0.005583509802818298
"tf.Tensor(63.97, shape=(), dtype=float32)",52.4,0.005583509802818298
"tf.Tensor(6.71, shape=(), dtype=float32)",7.906,0.005583509802818298
"tf.Tensor(64.2, shape=(), dtype=float32)",53.75,0.003750845789909363
"tf.Tensor(6.12, shape=(), dtype=float32)",9.12,0.003750845789909363
"tf.Tensor(4.13, shape=(), dtype=float32)",6.023,0.003750845789909363
"tf.Tensor(5.17, shape=(), dtype=float32)",7.67,0.003750845789909363
"tf.Tensor(65.37, shape=(), dtype=float32)",51.88,0.003750845789909363
"tf.Tensor(9.98, shape=(), dtype=float32)",10.81,0.003750845789909363
"tf.Tensor(65.03, shape=(), dtype=float32)",50.7,0.003750845789909363
"tf.Tensor(29.0, shape=(), dtype=float32)",38.8,0.003750845789909363
"tf.Tensor(25.07, shape=(), dtype=float32)",34.34,0.003750845789909363
"tf.Tensor(5.27, shape=(), dtype=float32)",7.617,0.003750845789909363
"tf.Tensor(3.68, shape=(), dtype=float32)",4.887,0.003750845789909363
"tf.Tensor(60.8, shape=(), dtype=float32)",52.38,0.003750845789909363
"tf.Tensor(47.21, shape=(), dtype=float32)",51.38,0.003750845789909363
"tf.Tensor(31.43, shape=(), dtype=float32)",40.44,0.003750845789909363
"tf.Tensor(64.08, shape=(), dtype=float32)",52.03,0.003750845789909363
"tf.Tensor(61.59, shape=(), dtype=float32)",56.62,0.003750845789909363
"tf.Tensor(32.58, shape=(), dtype=float32)",38.88,0.003750845789909363
"tf.Tensor(63.89, shape=(), dtype=float32)",56.06,0.003750845789909363
"tf.Tensor(10.45, shape=(), dtype=float32)",12.484,0.003750845789909363
"tf.Tensor(3.06, shape=(), dtype=float32)",4.875,0.003750845789909363
"tf.Tensor(3.39, shape=(), dtype=float32)",4.527,0.003750845789909363
"tf.Tensor(43.75, shape=(), dtype=float32)",48.88,0.003750845789909363
"tf.Tensor(65.39, shape=(), dtype=float32)",54.62,0.003750845789909363
"tf.Tensor(65.22, shape=(), dtype=float32)",50.03,0.003750845789909363
"tf.Tensor(3.46, shape=(), dtype=float32)",4.727,0.003750845789909363
"tf.Tensor(3.38, shape=(), dtype=float32)",4.598,0.003750845789909363
"tf.Tensor(65.12, shape=(), dtype=float32)",52.28,0.003750845789909363
"tf.Tensor(4.58, shape=(), dtype=float32)",6.203,0.003750845789909363
"tf.Tensor(2.59, shape=(), dtype=float32)",4.28,0.003750845789909363
"tf.Tensor(3.32, shape=(), dtype=float32)",6.246,0.003750845789909363
"tf.Tensor(7.52, shape=(), dtype=float32)",9.97,0.003750845789909363
"tf.Tensor(62.12, shape=(), dtype=float32)",55.3,0.003750845789909363
"tf.Tensor(63.95, shape=(), dtype=float32)",51.8,0.005661778151988983
"tf.Tensor(4.26, shape=(), dtype=float32)",7.387,0.005661778151988983
"tf.Tensor(40.26, shape=(), dtype=float32)",39.3,0.005661778151988983
"tf.Tensor(64.91, shape=(), dtype=float32)",52.06,0.005661778151988983
"tf.Tensor(2.81, shape=(), dtype=float32)",3.508,0.005661778151988983
"tf.Tensor(9.99, shape=(), dtype=float32)",10.85,0.005661778151988983
"tf.Tensor(57.19, shape=(), dtype=float32)",55.88,0.005661778151988983
"tf.Tensor(4.85, shape=(), dtype=float32)",7.113,0.005661778151988983
"tf.Tensor(6.47, shape=(), dtype=float32)",8.63,0.005661778151988983
"tf.Tensor(55.35, shape=(), dtype=float32)",50.22,0.005661778151988983
"tf.Tensor(56.97, shape=(), dtype=float32)",48.72,0.005661778151988983
"tf.Tensor(7.61, shape=(), dtype=float32)",9.26,0.005661778151988983
"tf.Tensor(40.39, shape=(), dtype=float32)",43.84,0.005661778151988983
"tf.Tensor(6.13, shape=(), dtype=float32)",9.71,0.005661778151988983
"tf.Tensor(11.01, shape=(), dtype=float32)",14.38,0.005661778151988983
"tf.Tensor(5.86, shape=(), dtype=float32)",8.484,0.005661778151988983
"tf.Tensor(63.99, shape=(), dtype=float32)",51.94,0.005661778151988983
"tf.Tensor(65.04, shape=(), dtype=float32)",50.34,0.005661778151988983
"tf.Tensor(62.79, shape=(), dtype=float32)",48.84,0.005661778151988983
"tf.Tensor(64.09, shape=(), dtype=float32)",50.38,0.005661778151988983
"tf.Tensor(64.65, shape=(), dtype=float32)",56.75,0.005661778151988983
"tf.Tensor(65.33, shape=(), dtype=float32)",51.56,0.005661778151988983
"tf.Tensor(58.51, shape=(), dtype=float32)",51.34,0.005661778151988983
"tf.Tensor(62.5, shape=(), dtype=float32)",54.2,0.005661778151988983
"tf.Tensor(6.02, shape=(), dtype=float32)",9.2,0.005661778151988983
"tf.Tensor(60.77, shape=(), dtype=float32)",56.5,0.005661778151988983
"tf.Tensor(7.75, shape=(), dtype=float32)",10.04,0.005661778151988983
"tf.Tensor(61.51, shape=(), dtype=float32)",51.94,0.005661778151988983
"tf.Tensor(7.93, shape=(), dtype=float32)",10.1,0.005661778151988983
"tf.Tensor(4.69, shape=(), dtype=float32)",6.945,0.005661778151988983
"tf.Tensor(8.53, shape=(), dtype=float32)",11.64,0.005661778151988983
"tf.Tensor(7.56, shape=(), dtype=float32)",9.31,0.005661778151988983
"tf.Tensor(3.34, shape=(), dtype=float32)",4.664,0.0055871084332466125
"tf.Tensor(6.2, shape=(), dtype=float32)",8.734,0.0055871084332466125
"tf.Tensor(64.53, shape=(), dtype=float32)",51.3,0.0055871084332466125
"tf.Tensor(61.4, shape=(), dtype=float32)",56.22,0.0055871084332466125
"tf.Tensor(5.02, shape=(), dtype=float32)",7.426,0.0055871084332466125
"tf.Tensor(27.67, shape=(), dtype=float32)",33.75,0.0055871084332466125
"tf.Tensor(5.4, shape=(), dtype=float32)",8.26,0.0055871084332466125
"tf.Tensor(65.27, shape=(), dtype=float32)",53.56,0.0055871084332466125
"tf.Tensor(3.4, shape=(), dtype=float32)",4.945,0.0055871084332466125
"tf.Tensor(3.31, shape=(), dtype=float32)",4.254,0.0055871084332466125
"tf.Tensor(64.57, shape=(), dtype=float32)",56.0,0.0055871084332466125
"tf.Tensor(3.65, shape=(), dtype=float32)",5.094,0.0055871084332466125
"tf.Tensor(6.82, shape=(), dtype=float32)",9.914,0.0055871084332466125
"tf.Tensor(3.76, shape=(), dtype=float32)",4.734,0.0055871084332466125
"tf.Tensor(63.72, shape=(), dtype=float32)",54.88,0.0055871084332466125
"tf.Tensor(64.69, shape=(), dtype=float32)",56.16,0.0055871084332466125
"tf.Tensor(7.5, shape=(), dtype=float32)",10.25,0.0055871084332466125
"tf.Tensor(64.27, shape=(), dtype=float32)",56.78,0.0055871084332466125
"tf.Tensor(3.55, shape=(), dtype=float32)",4.965,0.0055871084332466125
"tf.Tensor(4.5, shape=(), dtype=float32)",6.3,0.0055871084332466125
"tf.Tensor(8.57, shape=(), dtype=float32)",9.88,0.0055871084332466125
"tf.Tensor(6.61, shape=(), dtype=float32)",8.81,0.0055871084332466125
"tf.Tensor(3.92, shape=(), dtype=float32)",5.863,0.0055871084332466125
"tf.Tensor(65.58, shape=(), dtype=float32)",52.53,0.0055871084332466125
"tf.Tensor(9.12, shape=(), dtype=float32)",10.22,0.0055871084332466125
"tf.Tensor(52.32, shape=(), dtype=float32)",53.47,0.0055871084332466125
"tf.Tensor(6.06, shape=(), dtype=float32)",9.84,0.0055871084332466125
"tf.Tensor(4.05, shape=(), dtype=float32)",6.723,0.0055871084332466125
"tf.Tensor(48.99, shape=(), dtype=float32)",48.66,0.0055871084332466125
"tf.Tensor(56.44, shape=(), dtype=float32)",51.16,0.0055871084332466125
"tf.Tensor(38.83, shape=(), dtype=float32)",44.53,0.0055871084332466125
"tf.Tensor(65.3, shape=(), dtype=float32)",54.72,0.0055871084332466125
"tf.Tensor(64.36, shape=(), dtype=float32)",58.03,0.003869391977787018
"tf.Tensor(63.92, shape=(), dtype=float32)",52.3,0.003869391977787018
"tf.Tensor(61.37, shape=(), dtype=float32)",50.16,0.003869391977787018
"tf.Tensor(64.61, shape=(), dtype=float32)",55.8,0.003869391977787018
"tf.Tensor(64.85, shape=(), dtype=float32)",50.0,0.003869391977787018
"tf.Tensor(43.44, shape=(), dtype=float32)",47.0,0.003869391977787018
"tf.Tensor(4.76, shape=(), dtype=float32)",7.15,0.003869391977787018
"tf.Tensor(64.91, shape=(), dtype=float32)",49.1,0.003869391977787018
"tf.Tensor(4.68, shape=(), dtype=float32)",6.92,0.003869391977787018
"tf.Tensor(64.26, shape=(), dtype=float32)",48.53,0.003869391977787018
"tf.Tensor(4.27, shape=(), dtype=float32)",5.254,0.003869391977787018
"tf.Tensor(22.12, shape=(), dtype=float32)",32.1,0.003869391977787018
"tf.Tensor(11.04, shape=(), dtype=float32)",9.766,0.003869391977787018
"tf.Tensor(65.25, shape=(), dtype=float32)",51.3,0.003869391977787018
"tf.Tensor(64.39, shape=(), dtype=float32)",52.97,0.003869391977787018
"tf.Tensor(8.36, shape=(), dtype=float32)",10.29,0.003869391977787018
"tf.Tensor(3.99, shape=(), dtype=float32)",5.113,0.003869391977787018
"tf.Tensor(40.67, shape=(), dtype=float32)",46.0,0.003869391977787018
"tf.Tensor(4.08, shape=(), dtype=float32)",5.992,0.003869391977787018
"tf.Tensor(65.28, shape=(), dtype=float32)",55.62,0.003869391977787018
"tf.Tensor(7.0, shape=(), dtype=float32)",8.97,0.003869391977787018
"tf.Tensor(4.17, shape=(), dtype=float32)",6.156,0.003869391977787018
"tf.Tensor(8.22, shape=(), dtype=float32)",13.05,0.003869391977787018
"tf.Tensor(20.42, shape=(), dtype=float32)",24.78,0.003869391977787018
"tf.Tensor(43.95, shape=(), dtype=float32)",47.84,0.003869391977787018
"tf.Tensor(64.37, shape=(), dtype=float32)",58.7,0.003869391977787018
"tf.Tensor(32.51, shape=(), dtype=float32)",35.7,0.003869391977787018
"tf.Tensor(59.6, shape=(), dtype=float32)",55.2,0.003869391977787018
"tf.Tensor(5.05, shape=(), dtype=float32)",7.13,0.003869391977787018
"tf.Tensor(3.88, shape=(), dtype=float32)",5.188,0.003869391977787018
"tf.Tensor(64.28, shape=(), dtype=float32)",56.22,0.003869391977787018
"tf.Tensor(8.72, shape=(), dtype=float32)",10.07,0.003869391977787018
"tf.Tensor(13.83, shape=(), dtype=float32)",18.05,0.004164092242717743
"tf.Tensor(56.21, shape=(), dtype=float32)",55.56,0.004164092242717743
"tf.Tensor(13.44, shape=(), dtype=float32)",23.9,0.004164092242717743
"tf.Tensor(20.58, shape=(), dtype=float32)",27.73,0.004164092242717743
"tf.Tensor(3.87, shape=(), dtype=float32)",6.34,0.004164092242717743
"tf.Tensor(64.25, shape=(), dtype=float32)",49.4,0.004164092242717743
"tf.Tensor(10.76, shape=(), dtype=float32)",13.77,0.004164092242717743
"tf.Tensor(38.06, shape=(), dtype=float32)",39.7,0.004164092242717743
"tf.Tensor(65.06, shape=(), dtype=float32)",49.8,0.004164092242717743
"tf.Tensor(61.97, shape=(), dtype=float32)",49.66,0.004164092242717743
"tf.Tensor(2.99, shape=(), dtype=float32)",4.652,0.004164092242717743
"tf.Tensor(65.28, shape=(), dtype=float32)",56.06,0.004164092242717743
"tf.Tensor(7.39, shape=(), dtype=float32)",9.87,0.004164092242717743
"tf.Tensor(64.97, shape=(), dtype=float32)",52.44,0.004164092242717743
"tf.Tensor(9.86, shape=(), dtype=float32)",10.98,0.004164092242717743
"tf.Tensor(16.98, shape=(), dtype=float32)",21.64,0.004164092242717743
"tf.Tensor(3.14, shape=(), dtype=float32)",4.09,0.004164092242717743
"tf.Tensor(10.57, shape=(), dtype=float32)",13.445,0.004164092242717743
"tf.Tensor(64.95, shape=(), dtype=float32)",53.1,0.004164092242717743
"tf.Tensor(65.09, shape=(), dtype=float32)",55.03,0.004164092242717743
"tf.Tensor(12.38, shape=(), dtype=float32)",20.27,0.004164092242717743
"tf.Tensor(60.8, shape=(), dtype=float32)",52.7,0.004164092242717743
"tf.Tensor(29.47, shape=(), dtype=float32)",41.62,0.004164092242717743
"tf.Tensor(46.85, shape=(), dtype=float32)",50.44,0.004164092242717743
"tf.Tensor(6.95, shape=(), dtype=float32)",8.63,0.004164092242717743
"tf.Tensor(7.55, shape=(), dtype=float32)",9.375,0.004164092242717743
"tf.Tensor(5.22, shape=(), dtype=float32)",6.773,0.004164092242717743
"tf.Tensor(60.8, shape=(), dtype=float32)",57.53,0.004164092242717743
"tf.Tensor(42.41, shape=(), dtype=float32)",49.22,0.004164092242717743
"tf.Tensor(22.29, shape=(), dtype=float32)",31.34,0.004164092242717743
"tf.Tensor(52.62, shape=(), dtype=float32)",49.62,0.004164092242717743
"tf.Tensor(4.59, shape=(), dtype=float32)",6.734,0.004164092242717743
"tf.Tensor(63.9, shape=(), dtype=float32)",56.78,0.003464154899120331
"tf.Tensor(14.19, shape=(), dtype=float32)",25.06,0.003464154899120331
"tf.Tensor(60.68, shape=(), dtype=float32)",55.5,0.003464154899120331
"tf.Tensor(62.05, shape=(), dtype=float32)",50.47,0.003464154899120331
"tf.Tensor(9.36, shape=(), dtype=float32)",11.414,0.003464154899120331
"tf.Tensor(47.82, shape=(), dtype=float32)",41.12,0.003464154899120331
"tf.Tensor(2.75, shape=(), dtype=float32)",3.695,0.003464154899120331
"tf.Tensor(4.21, shape=(), dtype=float32)",5.344,0.003464154899120331
"tf.Tensor(18.37, shape=(), dtype=float32)",29.58,0.003464154899120331
"tf.Tensor(32.17, shape=(), dtype=float32)",42.44,0.003464154899120331
"tf.Tensor(62.97, shape=(), dtype=float32)",54.75,0.003464154899120331
"tf.Tensor(63.74, shape=(), dtype=float32)",53.22,0.003464154899120331
"tf.Tensor(3.93, shape=(), dtype=float32)",4.85,0.003464154899120331
"tf.Tensor(64.67, shape=(), dtype=float32)",56.06,0.003464154899120331
"tf.Tensor(26.37, shape=(), dtype=float32)",38.75,0.003464154899120331
"tf.Tensor(64.65, shape=(), dtype=float32)",51.44,0.003464154899120331
"tf.Tensor(22.31, shape=(), dtype=float32)",32.6,0.003464154899120331
"tf.Tensor(3.52, shape=(), dtype=float32)",5.58,0.003464154899120331
"tf.Tensor(7.17, shape=(), dtype=float32)",9.56,0.003464154899120331
"tf.Tensor(59.8, shape=(), dtype=float32)",54.9,0.003464154899120331
"tf.Tensor(57.7, shape=(), dtype=float32)",55.88,0.003464154899120331
"tf.Tensor(60.49, shape=(), dtype=float32)",56.56,0.003464154899120331
"tf.Tensor(53.59, shape=(), dtype=float32)",46.78,0.003464154899120331
"tf.Tensor(7.05, shape=(), dtype=float32)",10.25,0.003464154899120331
"tf.Tensor(62.53, shape=(), dtype=float32)",52.7,0.003464154899120331
"tf.Tensor(7.45, shape=(), dtype=float32)",9.4,0.003464154899120331
"tf.Tensor(64.29, shape=(), dtype=float32)",53.47,0.003464154899120331
"tf.Tensor(3.31, shape=(), dtype=float32)",6.28,0.003464154899120331
"tf.Tensor(64.6, shape=(), dtype=float32)",55.1,0.003464154899120331
"tf.Tensor(64.05, shape=(), dtype=float32)",50.16,0.003464154899120331
"tf.Tensor(21.49, shape=(), dtype=float32)",27.3,0.003464154899120331
"tf.Tensor(7.56, shape=(), dtype=float32)",9.35,0.003464154899120331
"tf.Tensor(64.35, shape=(), dtype=float32)",56.7,0.0031070709228515625
"tf.Tensor(54.83, shape=(), dtype=float32)",45.8,0.0031070709228515625
"tf.Tensor(2.89, shape=(), dtype=float32)",4.754,0.0031070709228515625
"tf.Tensor(5.17, shape=(), dtype=float32)",7.242,0.0031070709228515625
"tf.Tensor(57.85, shape=(), dtype=float32)",46.5,0.0031070709228515625
"tf.Tensor(64.27, shape=(), dtype=float32)",51.44,0.0031070709228515625
"tf.Tensor(65.38, shape=(), dtype=float32)",52.22,0.0031070709228515625
"tf.Tensor(50.78, shape=(), dtype=float32)",49.38,0.0031070709228515625
"tf.Tensor(29.8, shape=(), dtype=float32)",36.34,0.0031070709228515625
"tf.Tensor(6.06, shape=(), dtype=float32)",9.61,0.0031070709228515625
"tf.Tensor(53.07, shape=(), dtype=float32)",53.3,0.0031070709228515625
"tf.Tensor(62.34, shape=(), dtype=float32)",50.38,0.0031070709228515625
"tf.Tensor(2.92, shape=(), dtype=float32)",5.062,0.0031070709228515625
"tf.Tensor(61.91, shape=(), dtype=float32)",53.28,0.0031070709228515625
"tf.Tensor(56.01, shape=(), dtype=float32)",54.53,0.0031070709228515625
"tf.Tensor(6.04, shape=(), dtype=float32)",7.668,0.0031070709228515625
"tf.Tensor(28.52, shape=(), dtype=float32)",37.56,0.0031070709228515625
"tf.Tensor(3.43, shape=(), dtype=float32)",4.285,0.0031070709228515625
"tf.Tensor(2.66, shape=(), dtype=float32)",3.723,0.0031070709228515625
"tf.Tensor(5.77, shape=(), dtype=float32)",7.84,0.0031070709228515625
"tf.Tensor(64.25, shape=(), dtype=float32)",52.97,0.0031070709228515625
"tf.Tensor(12.71, shape=(), dtype=float32)",14.42,0.0031070709228515625
"tf.Tensor(65.35, shape=(), dtype=float32)",52.88,0.0031070709228515625
"tf.Tensor(4.86, shape=(), dtype=float32)",7.883,0.0031070709228515625
"tf.Tensor(64.21, shape=(), dtype=float32)",56.3,0.0031070709228515625
"tf.Tensor(64.18, shape=(), dtype=float32)",49.88,0.0031070709228515625
"tf.Tensor(64.0, shape=(), dtype=float32)",51.94,0.0031070709228515625
"tf.Tensor(5.36, shape=(), dtype=float32)",8.19,0.0031070709228515625
"tf.Tensor(4.78, shape=(), dtype=float32)",7.223,0.0031070709228515625
"tf.Tensor(4.53, shape=(), dtype=float32)",5.7,0.0031070709228515625
"tf.Tensor(53.93, shape=(), dtype=float32)",44.1,0.0031070709228515625
"tf.Tensor(3.58, shape=(), dtype=float32)",4.93,0.0031070709228515625
"tf.Tensor(35.63, shape=(), dtype=float32)",43.8,0.0030506476759910583
"tf.Tensor(33.61, shape=(), dtype=float32)",45.06,0.0030506476759910583
"tf.Tensor(20.23, shape=(), dtype=float32)",24.08,0.0030506476759910583
"tf.Tensor(3.25, shape=(), dtype=float32)",3.375,0.0030506476759910583
"tf.Tensor(64.29, shape=(), dtype=float32)",50.25,0.0030506476759910583
"tf.Tensor(65.35, shape=(), dtype=float32)",53.2,0.0030506476759910583
"tf.Tensor(2.46, shape=(), dtype=float32)",3.414,0.0030506476759910583
"tf.Tensor(64.86, shape=(), dtype=float32)",51.12,0.0030506476759910583
"tf.Tensor(8.65, shape=(), dtype=float32)",9.85,0.0030506476759910583
"tf.Tensor(4.2, shape=(), dtype=float32)",6.547,0.0030506476759910583
"tf.Tensor(59.36, shape=(), dtype=float32)",54.62,0.0030506476759910583
"tf.Tensor(64.18, shape=(), dtype=float32)",55.0,0.0030506476759910583
"tf.Tensor(62.19, shape=(), dtype=float32)",48.6,0.0030506476759910583
"tf.Tensor(55.72, shape=(), dtype=float32)",44.4,0.0030506476759910583
"tf.Tensor(51.26, shape=(), dtype=float32)",53.38,0.0030506476759910583
"tf.Tensor(64.38, shape=(), dtype=float32)",57.34,0.0030506476759910583
"tf.Tensor(63.8, shape=(), dtype=float32)",53.5,0.0030506476759910583
"tf.Tensor(8.16, shape=(), dtype=float32)",10.195,0.0030506476759910583
"tf.Tensor(4.35, shape=(), dtype=float32)",6.785,0.0030506476759910583
"tf.Tensor(61.97, shape=(), dtype=float32)",51.56,0.0030506476759910583
"tf.Tensor(3.58, shape=(), dtype=float32)",5.18,0.0030506476759910583
"tf.Tensor(63.07, shape=(), dtype=float32)",52.16,0.0030506476759910583
"tf.Tensor(65.48, shape=(), dtype=float32)",52.34,0.0030506476759910583
"tf.Tensor(5.17, shape=(), dtype=float32)",6.83,0.0030506476759910583
"tf.Tensor(4.47, shape=(), dtype=float32)",7.18,0.0030506476759910583
"tf.Tensor(3.51, shape=(), dtype=float32)",4.18,0.0030506476759910583
"tf.Tensor(64.56, shape=(), dtype=float32)",55.5,0.0030506476759910583
"tf.Tensor(63.85, shape=(), dtype=float32)",52.9,0.0030506476759910583
"tf.Tensor(9.06, shape=(), dtype=float32)",10.82,0.0030506476759910583
"tf.Tensor(45.45, shape=(), dtype=float32)",44.6,0.0030506476759910583
"tf.Tensor(7.94, shape=(), dtype=float32)",9.945,0.0030506476759910583
"tf.Tensor(17.41, shape=(), dtype=float32)",27.08,0.0030506476759910583
"tf.Tensor(63.78, shape=(), dtype=float32)",54.72,0.003063410520553589
"tf.Tensor(4.22, shape=(), dtype=float32)",6.668,0.003063410520553589
"tf.Tensor(25.41, shape=(), dtype=float32)",39.75,0.003063410520553589
"tf.Tensor(65.34, shape=(), dtype=float32)",50.53,0.003063410520553589
"tf.Tensor(64.99, shape=(), dtype=float32)",50.34,0.003063410520553589
"tf.Tensor(63.95, shape=(), dtype=float32)",51.25,0.003063410520553589
"tf.Tensor(4.14, shape=(), dtype=float32)",7.016,0.003063410520553589
"tf.Tensor(58.67, shape=(), dtype=float32)",55.38,0.003063410520553589
"tf.Tensor(2.71, shape=(), dtype=float32)",3.992,0.003063410520553589
"tf.Tensor(12.29, shape=(), dtype=float32)",14.67,0.003063410520553589
"tf.Tensor(9.53, shape=(), dtype=float32)",11.766,0.003063410520553589
"tf.Tensor(3.51, shape=(), dtype=float32)",4.11,0.003063410520553589
"tf.Tensor(60.6, shape=(), dtype=float32)",55.75,0.003063410520553589
"tf.Tensor(4.95, shape=(), dtype=float32)",6.6,0.003063410520553589
"tf.Tensor(57.6, shape=(), dtype=float32)",54.53,0.003063410520553589
"tf.Tensor(7.14, shape=(), dtype=float32)",10.34,0.003063410520553589
"tf.Tensor(37.9, shape=(), dtype=float32)",47.12,0.003063410520553589
"tf.Tensor(22.97, shape=(), dtype=float32)",30.97,0.003063410520553589
"tf.Tensor(4.57, shape=(), dtype=float32)",6.156,0.003063410520553589
"tf.Tensor(37.16, shape=(), dtype=float32)",40.62,0.003063410520553589
"tf.Tensor(3.97, shape=(), dtype=float32)",5.816,0.003063410520553589
"tf.Tensor(6.67, shape=(), dtype=float32)",9.06,0.003063410520553589
"tf.Tensor(7.32, shape=(), dtype=float32)",9.38,0.003063410520553589
"tf.Tensor(30.04, shape=(), dtype=float32)",34.44,0.003063410520553589
"tf.Tensor(50.06, shape=(), dtype=float32)",50.8,0.003063410520553589
"tf.Tensor(2.67, shape=(), dtype=float32)",4.38,0.003063410520553589
"tf.Tensor(7.82, shape=(), dtype=float32)",10.734,0.003063410520553589
"tf.Tensor(14.45, shape=(), dtype=float32)",21.22,0.003063410520553589
"tf.Tensor(5.91, shape=(), dtype=float32)",8.71,0.003063410520553589
"tf.Tensor(3.4, shape=(), dtype=float32)",4.785,0.003063410520553589
"tf.Tensor(45.34, shape=(), dtype=float32)",44.25,0.003063410520553589
"tf.Tensor(62.78, shape=(), dtype=float32)",55.03,0.003063410520553589
"tf.Tensor(5.7, shape=(), dtype=float32)",7.812,0.005595646798610687
"tf.Tensor(6.09, shape=(), dtype=float32)",8.87,0.005595646798610687
"tf.Tensor(44.65, shape=(), dtype=float32)",46.0,0.005595646798610687
"tf.Tensor(48.75, shape=(), dtype=float32)",49.3,0.005595646798610687
"tf.Tensor(64.71, shape=(), dtype=float32)",56.0,0.005595646798610687
"tf.Tensor(56.59, shape=(), dtype=float32)",54.8,0.005595646798610687
"tf.Tensor(23.41, shape=(), dtype=float32)",33.75,0.005595646798610687
"tf.Tensor(2.58, shape=(), dtype=float32)",3.46,0.005595646798610687
"tf.Tensor(65.18, shape=(), dtype=float32)",53.34,0.005595646798610687
"tf.Tensor(6.77, shape=(), dtype=float32)",10.06,0.005595646798610687
"tf.Tensor(6.99, shape=(), dtype=float32)",8.89,0.005595646798610687
"tf.Tensor(64.28, shape=(), dtype=float32)",58.53,0.005595646798610687
"tf.Tensor(42.6, shape=(), dtype=float32)",43.22,0.005595646798610687
"tf.Tensor(62.24, shape=(), dtype=float32)",55.88,0.005595646798610687
"tf.Tensor(49.36, shape=(), dtype=float32)",45.38,0.005595646798610687
"tf.Tensor(4.02, shape=(), dtype=float32)",6.074,0.005595646798610687
"tf.Tensor(44.93, shape=(), dtype=float32)",43.62,0.005595646798610687
"tf.Tensor(6.45, shape=(), dtype=float32)",7.72,0.005595646798610687
"tf.Tensor(63.37, shape=(), dtype=float32)",52.6,0.005595646798610687
"tf.Tensor(55.42, shape=(), dtype=float32)",46.88,0.005595646798610687
"tf.Tensor(7.22, shape=(), dtype=float32)",10.02,0.005595646798610687
"tf.Tensor(64.56, shape=(), dtype=float32)",55.5,0.005595646798610687
"tf.Tensor(6.74, shape=(), dtype=float32)",8.72,0.005595646798610687
"tf.Tensor(64.76, shape=(), dtype=float32)",49.0,0.005595646798610687
"tf.Tensor(52.73, shape=(), dtype=float32)",49.47,0.005595646798610687
"tf.Tensor(47.9, shape=(), dtype=float32)",40.66,0.005595646798610687
"tf.Tensor(5.88, shape=(), dtype=float32)",9.25,0.005595646798610687
"tf.Tensor(5.48, shape=(), dtype=float32)",7.4,0.005595646798610687
"tf.Tensor(65.34, shape=(), dtype=float32)",52.53,0.005595646798610687
"tf.Tensor(64.59, shape=(), dtype=float32)",52.6,0.005595646798610687
"tf.Tensor(59.51, shape=(), dtype=float32)",53.62,0.005595646798610687
"tf.Tensor(34.9, shape=(), dtype=float32)",37.47,0.005595646798610687
"tf.Tensor(61.39, shape=(), dtype=float32)",52.06,0.0032726451754570007
"tf.Tensor(40.5, shape=(), dtype=float32)",43.3,0.0032726451754570007
"tf.Tensor(3.85, shape=(), dtype=float32)",5.914,0.0032726451754570007
"tf.Tensor(64.35, shape=(), dtype=float32)",58.0,0.0032726451754570007
"tf.Tensor(65.26, shape=(), dtype=float32)",52.8,0.0032726451754570007
"tf.Tensor(9.82, shape=(), dtype=float32)",11.516,0.0032726451754570007
"tf.Tensor(3.32, shape=(), dtype=float32)",4.57,0.0032726451754570007
"tf.Tensor(7.39, shape=(), dtype=float32)",10.734,0.0032726451754570007
"tf.Tensor(53.02, shape=(), dtype=float32)",49.3,0.0032726451754570007
"tf.Tensor(46.06, shape=(), dtype=float32)",48.47,0.0032726451754570007
"tf.Tensor(60.43, shape=(), dtype=float32)",55.28,0.0032726451754570007
"tf.Tensor(22.69, shape=(), dtype=float32)",29.25,0.0032726451754570007
"tf.Tensor(4.53, shape=(), dtype=float32)",6.723,0.0032726451754570007
"tf.Tensor(65.17, shape=(), dtype=float32)",52.94,0.0032726451754570007
"tf.Tensor(65.26, shape=(), dtype=float32)",52.12,0.0032726451754570007
"tf.Tensor(19.83, shape=(), dtype=float32)",23.48,0.0032726451754570007
"tf.Tensor(64.28, shape=(), dtype=float32)",52.66,0.0032726451754570007
"tf.Tensor(15.26, shape=(), dtype=float32)",23.72,0.0032726451754570007
"tf.Tensor(5.61, shape=(), dtype=float32)",6.355,0.0032726451754570007
"tf.Tensor(40.32, shape=(), dtype=float32)",46.6,0.0032726451754570007
"tf.Tensor(65.41, shape=(), dtype=float32)",52.78,0.0032726451754570007
"tf.Tensor(36.85, shape=(), dtype=float32)",41.94,0.0032726451754570007
"tf.Tensor(30.72, shape=(), dtype=float32)",44.7,0.0032726451754570007
"tf.Tensor(20.91, shape=(), dtype=float32)",28.14,0.0032726451754570007
"tf.Tensor(5.27, shape=(), dtype=float32)",7.95,0.0032726451754570007
"tf.Tensor(3.78, shape=(), dtype=float32)",4.625,0.0032726451754570007
"tf.Tensor(52.75, shape=(), dtype=float32)",44.97,0.0032726451754570007
"tf.Tensor(65.21, shape=(), dtype=float32)",52.2,0.0032726451754570007
"tf.Tensor(4.92, shape=(), dtype=float32)",6.94,0.0032726451754570007
"tf.Tensor(64.01, shape=(), dtype=float32)",53.12,0.0032726451754570007
"tf.Tensor(27.4, shape=(), dtype=float32)",37.4,0.0032726451754570007
"tf.Tensor(5.24, shape=(), dtype=float32)",7.535,0.0032726451754570007
"tf.Tensor(5.95, shape=(), dtype=float32)",9.35,0.0034399032592773438
"tf.Tensor(41.96, shape=(), dtype=float32)",41.8,0.0034399032592773438
"tf.Tensor(8.71, shape=(), dtype=float32)",10.84,0.0034399032592773438
"tf.Tensor(6.15, shape=(), dtype=float32)",8.0,0.0034399032592773438
"tf.Tensor(64.36, shape=(), dtype=float32)",56.9,0.0034399032592773438
"tf.Tensor(56.17, shape=(), dtype=float32)",49.78,0.0034399032592773438
"tf.Tensor(27.16, shape=(), dtype=float32)",32.56,0.0034399032592773438
"tf.Tensor(3.22, shape=(), dtype=float32)",4.902,0.0034399032592773438
"tf.Tensor(64.19, shape=(), dtype=float32)",52.5,0.0034399032592773438
"tf.Tensor(63.53, shape=(), dtype=float32)",51.44,0.0034399032592773438
"tf.Tensor(48.18, shape=(), dtype=float32)",46.34,0.0034399032592773438
"tf.Tensor(4.72, shape=(), dtype=float32)",7.547,0.0034399032592773438
"tf.Tensor(6.76, shape=(), dtype=float32)",9.31,0.0034399032592773438
"tf.Tensor(65.34, shape=(), dtype=float32)",51.16,0.0034399032592773438
"tf.Tensor(62.29, shape=(), dtype=float32)",53.16,0.0034399032592773438
"tf.Tensor(3.69, shape=(), dtype=float32)",4.957,0.0034399032592773438
"tf.Tensor(7.39, shape=(), dtype=float32)",9.81,0.0034399032592773438
"tf.Tensor(52.38, shape=(), dtype=float32)",51.56,0.0034399032592773438
"tf.Tensor(3.72, shape=(), dtype=float32)",5.4,0.0034399032592773438
"tf.Tensor(6.87, shape=(), dtype=float32)",10.41,0.0034399032592773438
"tf.Tensor(8.45, shape=(), dtype=float32)",11.586,0.0034399032592773438
"tf.Tensor(9.65, shape=(), dtype=float32)",10.875,0.0034399032592773438
"tf.Tensor(3.97, shape=(), dtype=float32)",5.586,0.0034399032592773438
"tf.Tensor(62.19, shape=(), dtype=float32)",50.4,0.0034399032592773438
"tf.Tensor(9.04, shape=(), dtype=float32)",11.61,0.0034399032592773438
"tf.Tensor(9.64, shape=(), dtype=float32)",11.12,0.0034399032592773438
"tf.Tensor(9.66, shape=(), dtype=float32)",12.195,0.0034399032592773438
"tf.Tensor(50.26, shape=(), dtype=float32)",45.6,0.0034399032592773438
"tf.Tensor(3.13, shape=(), dtype=float32)",5.336,0.0034399032592773438
"tf.Tensor(59.45, shape=(), dtype=float32)",51.7,0.0034399032592773438
"tf.Tensor(16.95, shape=(), dtype=float32)",25.61,0.0034399032592773438
"tf.Tensor(55.16, shape=(), dtype=float32)",45.16,0.0034399032592773438
"tf.Tensor(65.29, shape=(), dtype=float32)",51.12,0.003392234444618225
"tf.Tensor(64.27, shape=(), dtype=float32)",58.16,0.003392234444618225
"tf.Tensor(5.98, shape=(), dtype=float32)",8.07,0.003392234444618225
"tf.Tensor(33.27, shape=(), dtype=float32)",41.88,0.003392234444618225
"tf.Tensor(2.96, shape=(), dtype=float32)",4.9,0.003392234444618225
"tf.Tensor(57.38, shape=(), dtype=float32)",55.5,0.003392234444618225
"tf.Tensor(6.36, shape=(), dtype=float32)",8.734,0.003392234444618225
"tf.Tensor(65.38, shape=(), dtype=float32)",54.66,0.003392234444618225
"tf.Tensor(4.35, shape=(), dtype=float32)",6.977,0.003392234444618225
"tf.Tensor(49.6, shape=(), dtype=float32)",43.88,0.003392234444618225
"tf.Tensor(5.15, shape=(), dtype=float32)",7.293,0.003392234444618225
"tf.Tensor(9.23, shape=(), dtype=float32)",10.1,0.003392234444618225
"tf.Tensor(45.52, shape=(), dtype=float32)",45.4,0.003392234444618225
"tf.Tensor(60.08, shape=(), dtype=float32)",56.44,0.003392234444618225
"tf.Tensor(4.93, shape=(), dtype=float32)",7.62,0.003392234444618225
"tf.Tensor(14.49, shape=(), dtype=float32)",19.11,0.003392234444618225
"tf.Tensor(61.85, shape=(), dtype=float32)",51.28,0.003392234444618225
"tf.Tensor(5.55, shape=(), dtype=float32)",8.46,0.003392234444618225
"tf.Tensor(56.88, shape=(), dtype=float32)",50.72,0.003392234444618225
"tf.Tensor(48.25, shape=(), dtype=float32)",46.16,0.003392234444618225
"tf.Tensor(64.29, shape=(), dtype=float32)",57.2,0.003392234444618225
"tf.Tensor(54.7, shape=(), dtype=float32)",46.38,0.003392234444618225
"tf.Tensor(3.83, shape=(), dtype=float32)",5.496,0.003392234444618225
"tf.Tensor(7.74, shape=(), dtype=float32)",10.0,0.003392234444618225
"tf.Tensor(63.41, shape=(), dtype=float32)",54.4,0.003392234444618225
"tf.Tensor(3.81, shape=(), dtype=float32)",4.906,0.003392234444618225
"tf.Tensor(7.44, shape=(), dtype=float32)",10.2,0.003392234444618225
"tf.Tensor(60.86, shape=(), dtype=float32)",55.53,0.003392234444618225
"tf.Tensor(33.0, shape=(), dtype=float32)",42.94,0.003392234444618225
"tf.Tensor(65.22, shape=(), dtype=float32)",54.22,0.003392234444618225
"tf.Tensor(40.26, shape=(), dtype=float32)",40.62,0.003392234444618225
"tf.Tensor(65.06, shape=(), dtype=float32)",50.9,0.003392234444618225
"tf.Tensor(62.57, shape=(), dtype=float32)",51.53,0.003578983247280121
"tf.Tensor(58.04, shape=(), dtype=float32)",55.03,0.003578983247280121
"tf.Tensor(6.07, shape=(), dtype=float32)",10.24,0.003578983247280121
"tf.Tensor(4.15, shape=(), dtype=float32)",7.08,0.003578983247280121
"tf.Tensor(30.93, shape=(), dtype=float32)",41.88,0.003578983247280121
"tf.Tensor(18.13, shape=(), dtype=float32)",30.98,0.003578983247280121
"tf.Tensor(63.97, shape=(), dtype=float32)",54.16,0.003578983247280121
"tf.Tensor(6.81, shape=(), dtype=float32)",7.785,0.003578983247280121
"tf.Tensor(2.39, shape=(), dtype=float32)",3.566,0.003578983247280121
"tf.Tensor(5.44, shape=(), dtype=float32)",7.613,0.003578983247280121
"tf.Tensor(3.32, shape=(), dtype=float32)",5.37,0.003578983247280121
"tf.Tensor(64.99, shape=(), dtype=float32)",51.94,0.003578983247280121
"tf.Tensor(2.58, shape=(), dtype=float32)",2.996,0.003578983247280121
"tf.Tensor(31.06, shape=(), dtype=float32)",33.6,0.003578983247280121
"tf.Tensor(12.33, shape=(), dtype=float32)",17.67,0.003578983247280121
"tf.Tensor(62.89, shape=(), dtype=float32)",49.22,0.003578983247280121
"tf.Tensor(5.96, shape=(), dtype=float32)",9.99,0.003578983247280121
"tf.Tensor(4.57, shape=(), dtype=float32)",5.836,0.003578983247280121
"tf.Tensor(6.27, shape=(), dtype=float32)",8.38,0.003578983247280121
"tf.Tensor(5.05, shape=(), dtype=float32)",7.94,0.003578983247280121
"tf.Tensor(63.38, shape=(), dtype=float32)",52.28,0.003578983247280121
"tf.Tensor(2.92, shape=(), dtype=float32)",4.81,0.003578983247280121
"tf.Tensor(32.17, shape=(), dtype=float32)",38.22,0.003578983247280121
"tf.Tensor(21.57, shape=(), dtype=float32)",31.44,0.003578983247280121
"tf.Tensor(58.28, shape=(), dtype=float32)",51.72,0.003578983247280121
"tf.Tensor(3.28, shape=(), dtype=float32)",4.266,0.003578983247280121
"tf.Tensor(58.95, shape=(), dtype=float32)",49.22,0.003578983247280121
"tf.Tensor(64.57, shape=(), dtype=float32)",55.66,0.003578983247280121
"tf.Tensor(6.74, shape=(), dtype=float32)",8.234,0.003578983247280121
"tf.Tensor(4.44, shape=(), dtype=float32)",7.492,0.003578983247280121
"tf.Tensor(65.17, shape=(), dtype=float32)",51.25,0.003578983247280121
"tf.Tensor(3.62, shape=(), dtype=float32)",5.32,0.003578983247280121
"tf.Tensor(6.11, shape=(), dtype=float32)",8.77,0.003158286213874817
"tf.Tensor(65.22, shape=(), dtype=float32)",56.8,0.003158286213874817
"tf.Tensor(64.99, shape=(), dtype=float32)",50.38,0.003158286213874817
"tf.Tensor(40.26, shape=(), dtype=float32)",38.94,0.003158286213874817
"tf.Tensor(2.85, shape=(), dtype=float32)",3.703,0.003158286213874817
"tf.Tensor(29.81, shape=(), dtype=float32)",38.9,0.003158286213874817
"tf.Tensor(57.86, shape=(), dtype=float32)",56.7,0.003158286213874817
"tf.Tensor(7.79, shape=(), dtype=float32)",10.516,0.003158286213874817
"tf.Tensor(3.44, shape=(), dtype=float32)",5.254,0.003158286213874817
"tf.Tensor(64.86, shape=(), dtype=float32)",55.38,0.003158286213874817
"tf.Tensor(9.22, shape=(), dtype=float32)",10.05,0.003158286213874817
"tf.Tensor(6.06, shape=(), dtype=float32)",8.875,0.003158286213874817
"tf.Tensor(11.97, shape=(), dtype=float32)",7.168,0.003158286213874817
"tf.Tensor(9.09, shape=(), dtype=float32)",10.78,0.003158286213874817
"tf.Tensor(21.07, shape=(), dtype=float32)",28.02,0.003158286213874817
"tf.Tensor(56.77, shape=(), dtype=float32)",50.4,0.003158286213874817
"tf.Tensor(62.86, shape=(), dtype=float32)",50.28,0.003158286213874817
"tf.Tensor(5.1, shape=(), dtype=float32)",7.41,0.003158286213874817
"tf.Tensor(64.45, shape=(), dtype=float32)",57.62,0.003158286213874817
"tf.Tensor(27.9, shape=(), dtype=float32)",34.1,0.003158286213874817
"tf.Tensor(65.55, shape=(), dtype=float32)",52.44,0.003158286213874817
"tf.Tensor(41.13, shape=(), dtype=float32)",46.28,0.003158286213874817
"tf.Tensor(60.85, shape=(), dtype=float32)",55.2,0.003158286213874817
"tf.Tensor(63.88, shape=(), dtype=float32)",54.22,0.003158286213874817
"tf.Tensor(26.73, shape=(), dtype=float32)",32.94,0.003158286213874817
"tf.Tensor(9.85, shape=(), dtype=float32)",11.03,0.003158286213874817
"tf.Tensor(16.57, shape=(), dtype=float32)",25.58,0.003158286213874817
"tf.Tensor(6.19, shape=(), dtype=float32)",8.37,0.003158286213874817
"tf.Tensor(62.09, shape=(), dtype=float32)",56.12,0.003158286213874817
"tf.Tensor(57.94, shape=(), dtype=float32)",54.53,0.003158286213874817
"tf.Tensor(61.09, shape=(), dtype=float32)",52.44,0.003158286213874817
"tf.Tensor(5.43, shape=(), dtype=float32)",8.71,0.003158286213874817
"tf.Tensor(6.0, shape=(), dtype=float32)",9.24,0.003514029085636139
"tf.Tensor(3.9, shape=(), dtype=float32)",5.37,0.003514029085636139
"tf.Tensor(5.39, shape=(), dtype=float32)",8.15,0.003514029085636139
"tf.Tensor(9.91, shape=(), dtype=float32)",14.63,0.003514029085636139
"tf.Tensor(53.81, shape=(), dtype=float32)",49.7,0.003514029085636139
"tf.Tensor(18.54, shape=(), dtype=float32)",27.34,0.003514029085636139
"tf.Tensor(25.08, shape=(), dtype=float32)",37.88,0.003514029085636139
"tf.Tensor(64.33, shape=(), dtype=float32)",58.22,0.003514029085636139
"tf.Tensor(39.99, shape=(), dtype=float32)",40.72,0.003514029085636139
"tf.Tensor(2.51, shape=(), dtype=float32)",4.83,0.003514029085636139
"tf.Tensor(5.26, shape=(), dtype=float32)",5.965,0.003514029085636139
"tf.Tensor(8.54, shape=(), dtype=float32)",9.72,0.003514029085636139
"tf.Tensor(4.94, shape=(), dtype=float32)",7.78,0.003514029085636139
"tf.Tensor(41.17, shape=(), dtype=float32)",45.72,0.003514029085636139
"tf.Tensor(24.13, shape=(), dtype=float32)",36.16,0.003514029085636139
"tf.Tensor(64.01, shape=(), dtype=float32)",51.28,0.003514029085636139
"tf.Tensor(58.69, shape=(), dtype=float32)",51.38,0.003514029085636139
"tf.Tensor(3.72, shape=(), dtype=float32)",5.55,0.003514029085636139
"tf.Tensor(5.21, shape=(), dtype=float32)",6.7,0.003514029085636139
"tf.Tensor(7.43, shape=(), dtype=float32)",10.24,0.003514029085636139
"tf.Tensor(16.72, shape=(), dtype=float32)",24.95,0.003514029085636139
"tf.Tensor(61.99, shape=(), dtype=float32)",52.62,0.003514029085636139
"tf.Tensor(3.45, shape=(), dtype=float32)",5.266,0.003514029085636139
"tf.Tensor(3.03, shape=(), dtype=float32)",4.9,0.003514029085636139
"tf.Tensor(10.24, shape=(), dtype=float32)",12.516,0.003514029085636139
"tf.Tensor(64.6, shape=(), dtype=float32)",51.56,0.003514029085636139
"tf.Tensor(64.81, shape=(), dtype=float32)",50.72,0.003514029085636139
"tf.Tensor(60.15, shape=(), dtype=float32)",53.88,0.003514029085636139
"tf.Tensor(65.3, shape=(), dtype=float32)",53.66,0.003514029085636139
"tf.Tensor(9.24, shape=(), dtype=float32)",10.1,0.003514029085636139
"tf.Tensor(64.65, shape=(), dtype=float32)",50.12,0.003514029085636139
"tf.Tensor(48.66, shape=(), dtype=float32)",49.06,0.003514029085636139
"tf.Tensor(5.5, shape=(), dtype=float32)",8.06,0.003253251314163208
"tf.Tensor(5.36, shape=(), dtype=float32)",6.875,0.003253251314163208
"tf.Tensor(40.25, shape=(), dtype=float32)",48.0,0.003253251314163208
"tf.Tensor(55.61, shape=(), dtype=float32)",51.47,0.003253251314163208
"tf.Tensor(65.33, shape=(), dtype=float32)",54.9,0.003253251314163208
"tf.Tensor(65.31, shape=(), dtype=float32)",50.03,0.003253251314163208
"tf.Tensor(64.41, shape=(), dtype=float32)",57.6,0.003253251314163208
"tf.Tensor(32.27, shape=(), dtype=float32)",40.62,0.003253251314163208
"tf.Tensor(64.03, shape=(), dtype=float32)",49.1,0.003253251314163208
"tf.Tensor(63.91, shape=(), dtype=float32)",55.06,0.003253251314163208
"tf.Tensor(61.36, shape=(), dtype=float32)",57.03,0.003253251314163208
"tf.Tensor(64.34, shape=(), dtype=float32)",58.6,0.003253251314163208
"tf.Tensor(3.21, shape=(), dtype=float32)",4.6,0.003253251314163208
"tf.Tensor(51.48, shape=(), dtype=float32)",47.28,0.003253251314163208
"tf.Tensor(60.74, shape=(), dtype=float32)",50.8,0.003253251314163208
"tf.Tensor(64.14, shape=(), dtype=float32)",52.62,0.003253251314163208
"tf.Tensor(9.81, shape=(), dtype=float32)",11.31,0.003253251314163208
"tf.Tensor(65.08, shape=(), dtype=float32)",49.53,0.003253251314163208
"tf.Tensor(21.15, shape=(), dtype=float32)",26.89,0.003253251314163208
"tf.Tensor(7.65, shape=(), dtype=float32)",9.7,0.003253251314163208
"tf.Tensor(3.68, shape=(), dtype=float32)",5.07,0.003253251314163208
"tf.Tensor(2.73, shape=(), dtype=float32)",3.574,0.003253251314163208
"tf.Tensor(1.97, shape=(), dtype=float32)",3.078,0.003253251314163208
"tf.Tensor(3.5, shape=(), dtype=float32)",7.684,0.003253251314163208
"tf.Tensor(14.89, shape=(), dtype=float32)",20.4,0.003253251314163208
"tf.Tensor(64.35, shape=(), dtype=float32)",50.4,0.003253251314163208
"tf.Tensor(2.57, shape=(), dtype=float32)",4.64,0.003253251314163208
"tf.Tensor(7.31, shape=(), dtype=float32)",8.84,0.003253251314163208
"tf.Tensor(51.02, shape=(), dtype=float32)",44.53,0.003253251314163208
"tf.Tensor(23.5, shape=(), dtype=float32)",30.0,0.003253251314163208
"tf.Tensor(5.8, shape=(), dtype=float32)",8.695,0.003253251314163208
"tf.Tensor(64.58, shape=(), dtype=float32)",56.03,0.003253251314163208
"tf.Tensor(3.61, shape=(), dtype=float32)",5.016,0.003215886652469635
"tf.Tensor(3.56, shape=(), dtype=float32)",5.414,0.003215886652469635
"tf.Tensor(8.74, shape=(), dtype=float32)",10.1,0.003215886652469635
"tf.Tensor(7.2, shape=(), dtype=float32)",9.414,0.003215886652469635
"tf.Tensor(12.89, shape=(), dtype=float32)",18.53,0.003215886652469635
"tf.Tensor(57.15, shape=(), dtype=float32)",43.94,0.003215886652469635
"tf.Tensor(14.04, shape=(), dtype=float32)",22.34,0.003215886652469635
"tf.Tensor(9.77, shape=(), dtype=float32)",10.93,0.003215886652469635
"tf.Tensor(8.06, shape=(), dtype=float32)",10.88,0.003215886652469635
"tf.Tensor(64.55, shape=(), dtype=float32)",50.34,0.003215886652469635
"tf.Tensor(64.08, shape=(), dtype=float32)",50.2,0.003215886652469635
"tf.Tensor(3.29, shape=(), dtype=float32)",4.54,0.003215886652469635
"tf.Tensor(58.74, shape=(), dtype=float32)",52.56,0.003215886652469635
"tf.Tensor(6.76, shape=(), dtype=float32)",9.375,0.003215886652469635
"tf.Tensor(59.7, shape=(), dtype=float32)",47.8,0.003215886652469635
"tf.Tensor(61.77, shape=(), dtype=float32)",50.0,0.003215886652469635
"tf.Tensor(54.34, shape=(), dtype=float32)",45.66,0.003215886652469635
"tf.Tensor(2.66, shape=(), dtype=float32)",3.605,0.003215886652469635
"tf.Tensor(64.65, shape=(), dtype=float32)",52.34,0.003215886652469635
"tf.Tensor(2.8, shape=(), dtype=float32)",2.992,0.003215886652469635
"tf.Tensor(39.79, shape=(), dtype=float32)",48.94,0.003215886652469635
"tf.Tensor(65.21, shape=(), dtype=float32)",52.8,0.003215886652469635
"tf.Tensor(64.96, shape=(), dtype=float32)",50.12,0.003215886652469635
"tf.Tensor(5.68, shape=(), dtype=float32)",7.91,0.003215886652469635
"tf.Tensor(30.11, shape=(), dtype=float32)",39.06,0.003215886652469635
"tf.Tensor(64.63, shape=(), dtype=float32)",56.0,0.003215886652469635
"tf.Tensor(65.25, shape=(), dtype=float32)",51.4,0.003215886652469635
"tf.Tensor(9.98, shape=(), dtype=float32)",10.91,0.003215886652469635
"tf.Tensor(53.9, shape=(), dtype=float32)",53.0,0.003215886652469635
"tf.Tensor(7.98, shape=(), dtype=float32)",11.08,0.003215886652469635
"tf.Tensor(63.15, shape=(), dtype=float32)",53.97,0.003215886652469635
"tf.Tensor(58.61, shape=(), dtype=float32)",55.88,0.003215886652469635
"tf.Tensor(26.16, shape=(), dtype=float32)",40.9,0.0030849426984786987
"tf.Tensor(58.08, shape=(), dtype=float32)",45.78,0.0030849426984786987
"tf.Tensor(34.64, shape=(), dtype=float32)",41.44,0.0030849426984786987
"tf.Tensor(5.74, shape=(), dtype=float32)",7.16,0.0030849426984786987
"tf.Tensor(27.81, shape=(), dtype=float32)",34.56,0.0030849426984786987
"tf.Tensor(4.07, shape=(), dtype=float32)",5.88,0.0030849426984786987
"tf.Tensor(43.14, shape=(), dtype=float32)",43.88,0.0030849426984786987
"tf.Tensor(38.11, shape=(), dtype=float32)",40.84,0.0030849426984786987
"tf.Tensor(64.99, shape=(), dtype=float32)",51.16,0.0030849426984786987
"tf.Tensor(25.8, shape=(), dtype=float32)",32.8,0.0030849426984786987
"tf.Tensor(3.25, shape=(), dtype=float32)",4.992,0.0030849426984786987
"tf.Tensor(61.98, shape=(), dtype=float32)",57.2,0.0030849426984786987
"tf.Tensor(4.92, shape=(), dtype=float32)",8.38,0.0030849426984786987
"tf.Tensor(65.26, shape=(), dtype=float32)",54.97,0.0030849426984786987
"tf.Tensor(64.62, shape=(), dtype=float32)",56.12,0.0030849426984786987
"tf.Tensor(6.72, shape=(), dtype=float32)",9.09,0.0030849426984786987
"tf.Tensor(54.01, shape=(), dtype=float32)",43.62,0.0030849426984786987
"tf.Tensor(65.34, shape=(), dtype=float32)",52.84,0.0030849426984786987
"tf.Tensor(2.93, shape=(), dtype=float32)",4.99,0.0030849426984786987
"tf.Tensor(5.15, shape=(), dtype=float32)",8.2,0.0030849426984786987
"tf.Tensor(4.03, shape=(), dtype=float32)",5.93,0.0030849426984786987
"tf.Tensor(7.71, shape=(), dtype=float32)",9.47,0.0030849426984786987
"tf.Tensor(7.98, shape=(), dtype=float32)",10.414,0.0030849426984786987
"tf.Tensor(59.7, shape=(), dtype=float32)",52.72,0.0030849426984786987
"tf.Tensor(2.99, shape=(), dtype=float32)",4.484,0.0030849426984786987
"tf.Tensor(65.21, shape=(), dtype=float32)",52.2,0.0030849426984786987
"tf.Tensor(28.65, shape=(), dtype=float32)",36.84,0.0030849426984786987
"tf.Tensor(63.27, shape=(), dtype=float32)",51.25,0.0030849426984786987
"tf.Tensor(3.69, shape=(), dtype=float32)",5.023,0.0030849426984786987
"tf.Tensor(62.79, shape=(), dtype=float32)",53.06,0.0030849426984786987
"tf.Tensor(47.95, shape=(), dtype=float32)",48.84,0.0030849426984786987
"tf.Tensor(63.91, shape=(), dtype=float32)",50.78,0.0030849426984786987
"tf.Tensor(64.77, shape=(), dtype=float32)",55.7,0.005554616451263428
"tf.Tensor(53.86, shape=(), dtype=float32)",53.66,0.005554616451263428
"tf.Tensor(64.98, shape=(), dtype=float32)",49.56,0.005554616451263428
"tf.Tensor(52.76, shape=(), dtype=float32)",48.66,0.005554616451263428
"tf.Tensor(9.74, shape=(), dtype=float32)",12.47,0.005554616451263428
"tf.Tensor(65.08, shape=(), dtype=float32)",51.47,0.005554616451263428
"tf.Tensor(3.45, shape=(), dtype=float32)",4.734,0.005554616451263428
"tf.Tensor(4.65, shape=(), dtype=float32)",7.27,0.005554616451263428
"tf.Tensor(64.86, shape=(), dtype=float32)",51.7,0.005554616451263428
"tf.Tensor(3.7, shape=(), dtype=float32)",5.36,0.005554616451263428
"tf.Tensor(63.87, shape=(), dtype=float32)",54.8,0.005554616451263428
"tf.Tensor(64.58, shape=(), dtype=float32)",55.62,0.005554616451263428
"tf.Tensor(13.58, shape=(), dtype=float32)",20.81,0.005554616451263428
"tf.Tensor(5.41, shape=(), dtype=float32)",8.32,0.005554616451263428
"tf.Tensor(63.9, shape=(), dtype=float32)",53.94,0.005554616451263428
"tf.Tensor(65.28, shape=(), dtype=float32)",53.03,0.005554616451263428
"tf.Tensor(5.09, shape=(), dtype=float32)",7.656,0.005554616451263428
"tf.Tensor(8.98, shape=(), dtype=float32)",10.72,0.005554616451263428
"tf.Tensor(3.6, shape=(), dtype=float32)",4.496,0.005554616451263428
"tf.Tensor(37.73, shape=(), dtype=float32)",40.97,0.005554616451263428
"tf.Tensor(23.62, shape=(), dtype=float32)",31.64,0.005554616451263428
"tf.Tensor(62.9, shape=(), dtype=float32)",56.06,0.005554616451263428
"tf.Tensor(56.99, shape=(), dtype=float32)",54.34,0.005554616451263428
"tf.Tensor(3.58, shape=(), dtype=float32)",4.93,0.005554616451263428
"tf.Tensor(8.76, shape=(), dtype=float32)",10.0,0.005554616451263428
"tf.Tensor(23.27, shape=(), dtype=float32)",31.8,0.005554616451263428
"tf.Tensor(35.54, shape=(), dtype=float32)",37.5,0.005554616451263428
"tf.Tensor(6.99, shape=(), dtype=float32)",9.27,0.005554616451263428
"tf.Tensor(11.04, shape=(), dtype=float32)",13.54,0.005554616451263428
"tf.Tensor(40.37, shape=(), dtype=float32)",40.3,0.005554616451263428
"tf.Tensor(8.2, shape=(), dtype=float32)",9.7,0.005554616451263428
"tf.Tensor(64.58, shape=(), dtype=float32)",55.5,0.005554616451263428
"tf.Tensor(64.0, shape=(), dtype=float32)",53.75,0.0034303590655326843
"tf.Tensor(64.13, shape=(), dtype=float32)",51.03,0.0034303590655326843
"tf.Tensor(60.53, shape=(), dtype=float32)",52.56,0.0034303590655326843
"tf.Tensor(48.91, shape=(), dtype=float32)",44.38,0.0034303590655326843
"tf.Tensor(64.17, shape=(), dtype=float32)",51.94,0.0034303590655326843
"tf.Tensor(2.69, shape=(), dtype=float32)",3.434,0.0034303590655326843
"tf.Tensor(4.82, shape=(), dtype=float32)",7.35,0.0034303590655326843
"tf.Tensor(4.05, shape=(), dtype=float32)",5.695,0.0034303590655326843
"tf.Tensor(52.31, shape=(), dtype=float32)",49.25,0.0034303590655326843
"tf.Tensor(8.06, shape=(), dtype=float32)",11.414,0.0034303590655326843
"tf.Tensor(12.38, shape=(), dtype=float32)",18.8,0.0034303590655326843
"tf.Tensor(8.32, shape=(), dtype=float32)",9.62,0.0034303590655326843
"tf.Tensor(63.88, shape=(), dtype=float32)",53.66,0.0034303590655326843
"tf.Tensor(64.22, shape=(), dtype=float32)",52.16,0.0034303590655326843
"tf.Tensor(65.09, shape=(), dtype=float32)",52.8,0.0034303590655326843
"tf.Tensor(35.17, shape=(), dtype=float32)",38.44,0.0034303590655326843
"tf.Tensor(39.72, shape=(), dtype=float32)",42.88,0.0034303590655326843
"tf.Tensor(2.74, shape=(), dtype=float32)",3.75,0.0034303590655326843
"tf.Tensor(60.38, shape=(), dtype=float32)",56.44,0.0034303590655326843
"tf.Tensor(65.31, shape=(), dtype=float32)",50.94,0.0034303590655326843
"tf.Tensor(55.54, shape=(), dtype=float32)",51.47,0.0034303590655326843
"tf.Tensor(6.34, shape=(), dtype=float32)",8.46,0.0034303590655326843
"tf.Tensor(6.51, shape=(), dtype=float32)",9.18,0.0034303590655326843
"tf.Tensor(5.78, shape=(), dtype=float32)",8.766,0.0034303590655326843
"tf.Tensor(4.88, shape=(), dtype=float32)",6.703,0.0034303590655326843
"tf.Tensor(64.55, shape=(), dtype=float32)",55.8,0.0034303590655326843
"tf.Tensor(64.89, shape=(), dtype=float32)",55.47,0.0034303590655326843
"tf.Tensor(62.67, shape=(), dtype=float32)",52.28,0.0034303590655326843
"tf.Tensor(65.22, shape=(), dtype=float32)",51.84,0.0034303590655326843
"tf.Tensor(15.67, shape=(), dtype=float32)",26.19,0.0034303590655326843
"tf.Tensor(5.32, shape=(), dtype=float32)",6.402,0.0034303590655326843
"tf.Tensor(6.49, shape=(), dtype=float32)",9.3,0.0034303590655326843
"tf.Tensor(64.97, shape=(), dtype=float32)",51.38,0.002785511314868927
"tf.Tensor(7.63, shape=(), dtype=float32)",8.96,0.002785511314868927
"tf.Tensor(3.72, shape=(), dtype=float32)",5.305,0.002785511314868927
"tf.Tensor(64.1, shape=(), dtype=float32)",50.38,0.002785511314868927
"tf.Tensor(3.02, shape=(), dtype=float32)",4.68,0.002785511314868927
"tf.Tensor(65.12, shape=(), dtype=float32)",51.56,0.002785511314868927
"tf.Tensor(55.02, shape=(), dtype=float32)",52.6,0.002785511314868927
"tf.Tensor(6.05, shape=(), dtype=float32)",9.43,0.002785511314868927
"tf.Tensor(39.59, shape=(), dtype=float32)",44.66,0.002785511314868927
"tf.Tensor(65.29, shape=(), dtype=float32)",56.28,0.002785511314868927
"tf.Tensor(23.32, shape=(), dtype=float32)",32.66,0.002785511314868927
"tf.Tensor(5.88, shape=(), dtype=float32)",8.67,0.002785511314868927
"tf.Tensor(64.52, shape=(), dtype=float32)",56.16,0.002785511314868927
"tf.Tensor(22.18, shape=(), dtype=float32)",33.12,0.002785511314868927
"tf.Tensor(2.87, shape=(), dtype=float32)",4.203,0.002785511314868927
"tf.Tensor(4.86, shape=(), dtype=float32)",7.95,0.002785511314868927
"tf.Tensor(3.96, shape=(), dtype=float32)",5.61,0.002785511314868927
"tf.Tensor(61.22, shape=(), dtype=float32)",52.28,0.002785511314868927
"tf.Tensor(3.3, shape=(), dtype=float32)",6.297,0.002785511314868927
"tf.Tensor(6.73, shape=(), dtype=float32)",9.055,0.002785511314868927
"tf.Tensor(62.06, shape=(), dtype=float32)",56.03,0.002785511314868927
"tf.Tensor(59.14, shape=(), dtype=float32)",48.6,0.002785511314868927
"tf.Tensor(55.61, shape=(), dtype=float32)",45.1,0.002785511314868927
"tf.Tensor(4.06, shape=(), dtype=float32)",5.56,0.002785511314868927
"tf.Tensor(27.16, shape=(), dtype=float32)",34.7,0.002785511314868927
"tf.Tensor(59.38, shape=(), dtype=float32)",48.28,0.002785511314868927
"tf.Tensor(43.98, shape=(), dtype=float32)",50.56,0.002785511314868927
"tf.Tensor(7.97, shape=(), dtype=float32)",9.7,0.002785511314868927
"tf.Tensor(11.53, shape=(), dtype=float32)",14.32,0.002785511314868927
"tf.Tensor(11.92, shape=(), dtype=float32)",14.516,0.002785511314868927
"tf.Tensor(64.98, shape=(), dtype=float32)",51.3,0.002785511314868927
"tf.Tensor(3.72, shape=(), dtype=float32)",5.453,0.002785511314868927
"tf.Tensor(61.26, shape=(), dtype=float32)",56.28,0.0033993348479270935
"tf.Tensor(9.79, shape=(), dtype=float32)",12.28,0.0033993348479270935
"tf.Tensor(3.7, shape=(), dtype=float32)",5.08,0.0033993348479270935
"tf.Tensor(64.86, shape=(), dtype=float32)",53.2,0.0033993348479270935
"tf.Tensor(6.64, shape=(), dtype=float32)",9.08,0.0033993348479270935
"tf.Tensor(61.85, shape=(), dtype=float32)",55.28,0.0033993348479270935
"tf.Tensor(44.17, shape=(), dtype=float32)",49.56,0.0033993348479270935
"tf.Tensor(8.21, shape=(), dtype=float32)",10.164,0.0033993348479270935
"tf.Tensor(43.08, shape=(), dtype=float32)",50.12,0.0033993348479270935
"tf.Tensor(6.89, shape=(), dtype=float32)",8.97,0.0033993348479270935
"tf.Tensor(56.71, shape=(), dtype=float32)",54.7,0.0033993348479270935
"tf.Tensor(3.44, shape=(), dtype=float32)",5.566,0.0033993348479270935
"tf.Tensor(65.29, shape=(), dtype=float32)",56.12,0.0033993348479270935
"tf.Tensor(47.92, shape=(), dtype=float32)",46.2,0.0033993348479270935
"tf.Tensor(41.74, shape=(), dtype=float32)",45.38,0.0033993348479270935
"tf.Tensor(64.67, shape=(), dtype=float32)",51.06,0.0033993348479270935
"tf.Tensor(12.0, shape=(), dtype=float32)",14.414,0.0033993348479270935
"tf.Tensor(14.38, shape=(), dtype=float32)",16.77,0.0033993348479270935
"tf.Tensor(61.14, shape=(), dtype=float32)",57.3,0.0033993348479270935
"tf.Tensor(9.88, shape=(), dtype=float32)",11.86,0.0033993348479270935
"tf.Tensor(47.04, shape=(), dtype=float32)",47.8,0.0033993348479270935
"tf.Tensor(5.95, shape=(), dtype=float32)",9.23,0.0033993348479270935
"tf.Tensor(3.64, shape=(), dtype=float32)",5.49,0.0033993348479270935
"tf.Tensor(4.51, shape=(), dtype=float32)",6.836,0.0033993348479270935
"tf.Tensor(4.07, shape=(), dtype=float32)",5.97,0.0033993348479270935
"tf.Tensor(6.27, shape=(), dtype=float32)",8.695,0.0033993348479270935
"tf.Tensor(18.02, shape=(), dtype=float32)",24.03,0.0033993348479270935
"tf.Tensor(4.05, shape=(), dtype=float32)",6.164,0.0033993348479270935
"tf.Tensor(52.91, shape=(), dtype=float32)",51.84,0.0033993348479270935
"tf.Tensor(64.51, shape=(), dtype=float32)",56.53,0.0033993348479270935
"tf.Tensor(3.58, shape=(), dtype=float32)",5.242,0.0033993348479270935
"tf.Tensor(4.63, shape=(), dtype=float32)",6.508,0.0033993348479270935
"tf.Tensor(65.16, shape=(), dtype=float32)",55.9,0.0035228952765464783
"tf.Tensor(61.25, shape=(), dtype=float32)",52.38,0.0035228952765464783
"tf.Tensor(64.1, shape=(), dtype=float32)",51.44,0.0035228952765464783
"tf.Tensor(64.28, shape=(), dtype=float32)",49.06,0.0035228952765464783
"tf.Tensor(59.38, shape=(), dtype=float32)",54.9,0.0035228952765464783
"tf.Tensor(8.3, shape=(), dtype=float32)",12.57,0.0035228952765464783
"tf.Tensor(31.35, shape=(), dtype=float32)",34.44,0.0035228952765464783
"tf.Tensor(64.18, shape=(), dtype=float32)",51.7,0.0035228952765464783
"tf.Tensor(65.18, shape=(), dtype=float32)",54.5,0.0035228952765464783
"tf.Tensor(3.59, shape=(), dtype=float32)",4.902,0.0035228952765464783
"tf.Tensor(65.14, shape=(), dtype=float32)",51.47,0.0035228952765464783
"tf.Tensor(9.86, shape=(), dtype=float32)",10.914,0.0035228952765464783
"tf.Tensor(5.97, shape=(), dtype=float32)",7.35,0.0035228952765464783
"tf.Tensor(64.26, shape=(), dtype=float32)",56.2,0.0035228952765464783
"tf.Tensor(28.95, shape=(), dtype=float32)",39.97,0.0035228952765464783
"tf.Tensor(3.27, shape=(), dtype=float32)",3.98,0.0035228952765464783
"tf.Tensor(4.05, shape=(), dtype=float32)",6.574,0.0035228952765464783
"tf.Tensor(60.97, shape=(), dtype=float32)",51.97,0.0035228952765464783
"tf.Tensor(3.92, shape=(), dtype=float32)",5.77,0.0035228952765464783
"tf.Tensor(64.3, shape=(), dtype=float32)",52.44,0.0035228952765464783
"tf.Tensor(64.44, shape=(), dtype=float32)",55.9,0.0035228952765464783
"tf.Tensor(1.98, shape=(), dtype=float32)",2.992,0.0035228952765464783
"tf.Tensor(4.0, shape=(), dtype=float32)",5.836,0.0035228952765464783
"tf.Tensor(5.84, shape=(), dtype=float32)",6.734,0.0035228952765464783
"tf.Tensor(64.91, shape=(), dtype=float32)",55.8,0.0035228952765464783
"tf.Tensor(65.04, shape=(), dtype=float32)",52.03,0.0035228952765464783
"tf.Tensor(3.28, shape=(), dtype=float32)",4.45,0.0035228952765464783
"tf.Tensor(51.4, shape=(), dtype=float32)",52.38,0.0035228952765464783
"tf.Tensor(3.26, shape=(), dtype=float32)",3.656,0.0035228952765464783
"tf.Tensor(3.57, shape=(), dtype=float32)",5.305,0.0035228952765464783
"tf.Tensor(62.75, shape=(), dtype=float32)",52.0,0.0035228952765464783
"tf.Tensor(31.76, shape=(), dtype=float32)",40.16,0.0035228952765464783
"tf.Tensor(11.02, shape=(), dtype=float32)",17.69,0.0030088499188423157
"tf.Tensor(64.73, shape=(), dtype=float32)",55.53,0.0030088499188423157
"tf.Tensor(7.32, shape=(), dtype=float32)",10.05,0.0030088499188423157
"tf.Tensor(43.65, shape=(), dtype=float32)",40.7,0.0030088499188423157
"tf.Tensor(6.32, shape=(), dtype=float32)",8.05,0.0030088499188423157
"tf.Tensor(9.12, shape=(), dtype=float32)",10.484,0.0030088499188423157
"tf.Tensor(60.37, shape=(), dtype=float32)",43.12,0.0030088499188423157
"tf.Tensor(3.39, shape=(), dtype=float32)",4.89,0.0030088499188423157
"tf.Tensor(6.61, shape=(), dtype=float32)",9.5,0.0030088499188423157
"tf.Tensor(4.18, shape=(), dtype=float32)",6.887,0.0030088499188423157
"tf.Tensor(38.8, shape=(), dtype=float32)",45.47,0.0030088499188423157
"tf.Tensor(3.91, shape=(), dtype=float32)",4.625,0.0030088499188423157
"tf.Tensor(2.88, shape=(), dtype=float32)",3.664,0.0030088499188423157
"tf.Tensor(64.5, shape=(), dtype=float32)",56.8,0.0030088499188423157
"tf.Tensor(3.31, shape=(), dtype=float32)",4.54,0.0030088499188423157
"tf.Tensor(64.42, shape=(), dtype=float32)",57.72,0.0030088499188423157
"tf.Tensor(36.54, shape=(), dtype=float32)",44.62,0.0030088499188423157
"tf.Tensor(26.96, shape=(), dtype=float32)",34.9,0.0030088499188423157
"tf.Tensor(3.35, shape=(), dtype=float32)",5.28,0.0030088499188423157
"tf.Tensor(4.04, shape=(), dtype=float32)",6.598,0.0030088499188423157
"tf.Tensor(5.9, shape=(), dtype=float32)",9.03,0.0030088499188423157
"tf.Tensor(7.94, shape=(), dtype=float32)",10.125,0.0030088499188423157
"tf.Tensor(65.38, shape=(), dtype=float32)",51.16,0.0030088499188423157
"tf.Tensor(5.42, shape=(), dtype=float32)",8.48,0.0030088499188423157
"tf.Tensor(42.25, shape=(), dtype=float32)",50.2,0.0030088499188423157
"tf.Tensor(4.12, shape=(), dtype=float32)",7.07,0.0030088499188423157
"tf.Tensor(8.54, shape=(), dtype=float32)",9.13,0.0030088499188423157
"tf.Tensor(51.46, shape=(), dtype=float32)",44.94,0.0030088499188423157
"tf.Tensor(28.49, shape=(), dtype=float32)",34.5,0.0030088499188423157
"tf.Tensor(63.82, shape=(), dtype=float32)",54.97,0.0030088499188423157
"tf.Tensor(40.52, shape=(), dtype=float32)",46.78,0.0030088499188423157
"tf.Tensor(64.29, shape=(), dtype=float32)",49.1,0.0030088499188423157
"tf.Tensor(64.99, shape=(), dtype=float32)",49.84,0.005631953477859497
"tf.Tensor(5.05, shape=(), dtype=float32)",7.56,0.005631953477859497
"tf.Tensor(15.84, shape=(), dtype=float32)",24.58,0.005631953477859497
"tf.Tensor(13.37, shape=(), dtype=float32)",19.72,0.005631953477859497
"tf.Tensor(64.15, shape=(), dtype=float32)",54.03,0.005631953477859497
"tf.Tensor(64.22, shape=(), dtype=float32)",53.0,0.005631953477859497
"tf.Tensor(64.69, shape=(), dtype=float32)",56.5,0.005631953477859497
"tf.Tensor(9.32, shape=(), dtype=float32)",11.06,0.005631953477859497
"tf.Tensor(65.09, shape=(), dtype=float32)",51.22,0.005631953477859497
"tf.Tensor(24.88, shape=(), dtype=float32)",31.81,0.005631953477859497
"tf.Tensor(64.4, shape=(), dtype=float32)",57.8,0.005631953477859497
"tf.Tensor(4.11, shape=(), dtype=float32)",6.8,0.005631953477859497
"tf.Tensor(58.89, shape=(), dtype=float32)",51.66,0.005631953477859497
"tf.Tensor(13.88, shape=(), dtype=float32)",18.47,0.005631953477859497
"tf.Tensor(49.29, shape=(), dtype=float32)",48.0,0.005631953477859497
"tf.Tensor(6.93, shape=(), dtype=float32)",9.14,0.005631953477859497
"tf.Tensor(64.84, shape=(), dtype=float32)",51.28,0.005631953477859497
"tf.Tensor(5.12, shape=(), dtype=float32)",7.766,0.005631953477859497
"tf.Tensor(7.53, shape=(), dtype=float32)",9.7,0.005631953477859497
"tf.Tensor(4.27, shape=(), dtype=float32)",5.594,0.005631953477859497
"tf.Tensor(65.25, shape=(), dtype=float32)",54.38,0.005631953477859497
"tf.Tensor(58.13, shape=(), dtype=float32)",55.7,0.005631953477859497
"tf.Tensor(6.13, shape=(), dtype=float32)",8.94,0.005631953477859497
"tf.Tensor(10.08, shape=(), dtype=float32)",14.44,0.005631953477859497
"tf.Tensor(3.24, shape=(), dtype=float32)",4.945,0.005631953477859497
"tf.Tensor(5.27, shape=(), dtype=float32)",8.36,0.005631953477859497
"tf.Tensor(2.78, shape=(), dtype=float32)",3.938,0.005631953477859497
"tf.Tensor(3.57, shape=(), dtype=float32)",5.242,0.005631953477859497
"tf.Tensor(63.96, shape=(), dtype=float32)",53.47,0.005631953477859497
"tf.Tensor(6.56, shape=(), dtype=float32)",9.805,0.005631953477859497
"tf.Tensor(41.71, shape=(), dtype=float32)",44.12,0.005631953477859497
"tf.Tensor(6.03, shape=(), dtype=float32)",9.72,0.005631953477859497
"tf.Tensor(58.79, shape=(), dtype=float32)",51.9,0.0034358352422714233
"tf.Tensor(65.43, shape=(), dtype=float32)",50.88,0.0034358352422714233
"tf.Tensor(45.78, shape=(), dtype=float32)",44.53,0.0034358352422714233
"tf.Tensor(7.9, shape=(), dtype=float32)",11.02,0.0034358352422714233
"tf.Tensor(58.34, shape=(), dtype=float32)",55.03,0.0034358352422714233
"tf.Tensor(64.33, shape=(), dtype=float32)",58.16,0.0034358352422714233
"tf.Tensor(4.11, shape=(), dtype=float32)",6.97,0.0034358352422714233
"tf.Tensor(11.97, shape=(), dtype=float32)",6.867,0.0034358352422714233
"tf.Tensor(7.87, shape=(), dtype=float32)",9.84,0.0034358352422714233
"tf.Tensor(39.7, shape=(), dtype=float32)",43.06,0.0034358352422714233
"tf.Tensor(63.1, shape=(), dtype=float32)",51.03,0.0034358352422714233
"tf.Tensor(42.76, shape=(), dtype=float32)",47.88,0.0034358352422714233
"tf.Tensor(63.75, shape=(), dtype=float32)",54.88,0.0034358352422714233
"tf.Tensor(12.58, shape=(), dtype=float32)",16.27,0.0034358352422714233
"tf.Tensor(4.36, shape=(), dtype=float32)",6.773,0.0034358352422714233
"tf.Tensor(57.06, shape=(), dtype=float32)",51.12,0.0034358352422714233
"tf.Tensor(7.2, shape=(), dtype=float32)",9.47,0.0034358352422714233
"tf.Tensor(51.15, shape=(), dtype=float32)",53.38,0.0034358352422714233
"tf.Tensor(65.37, shape=(), dtype=float32)",52.12,0.0034358352422714233
"tf.Tensor(5.34, shape=(), dtype=float32)",6.46,0.0034358352422714233
"tf.Tensor(2.62, shape=(), dtype=float32)",4.34,0.0034358352422714233
"tf.Tensor(45.5, shape=(), dtype=float32)",38.7,0.0034358352422714233
"tf.Tensor(65.32, shape=(), dtype=float32)",52.03,0.0034358352422714233
"tf.Tensor(8.56, shape=(), dtype=float32)",11.85,0.0034358352422714233
"tf.Tensor(3.62, shape=(), dtype=float32)",4.85,0.0034358352422714233
"tf.Tensor(57.93, shape=(), dtype=float32)",51.53,0.0034358352422714233
"tf.Tensor(62.33, shape=(), dtype=float32)",56.38,0.0034358352422714233
"tf.Tensor(64.03, shape=(), dtype=float32)",53.88,0.0034358352422714233
"tf.Tensor(65.31, shape=(), dtype=float32)",56.6,0.0034358352422714233
"tf.Tensor(34.0, shape=(), dtype=float32)",42.4,0.0034358352422714233
"tf.Tensor(2.86, shape=(), dtype=float32)",4.68,0.0034358352422714233
"tf.Tensor(36.04, shape=(), dtype=float32)",41.56,0.0034358352422714233
"tf.Tensor(62.48, shape=(), dtype=float32)",57.28,0.0030054450035095215
"tf.Tensor(64.04, shape=(), dtype=float32)",52.22,0.0030054450035095215
"tf.Tensor(58.83, shape=(), dtype=float32)",52.94,0.0030054450035095215
"tf.Tensor(6.83, shape=(), dtype=float32)",9.46,0.0030054450035095215
"tf.Tensor(21.05, shape=(), dtype=float32)",30.83,0.0030054450035095215
"tf.Tensor(3.37, shape=(), dtype=float32)",5.168,0.0030054450035095215
"tf.Tensor(3.56, shape=(), dtype=float32)",4.258,0.0030054450035095215
"tf.Tensor(18.15, shape=(), dtype=float32)",29.72,0.0030054450035095215
"tf.Tensor(13.27, shape=(), dtype=float32)",17.61,0.0030054450035095215
"tf.Tensor(42.82, shape=(), dtype=float32)",46.84,0.0030054450035095215
"tf.Tensor(5.22, shape=(), dtype=float32)",7.0,0.0030054450035095215
"tf.Tensor(59.98, shape=(), dtype=float32)",53.6,0.0030054450035095215
"tf.Tensor(21.84, shape=(), dtype=float32)",33.84,0.0030054450035095215
"tf.Tensor(50.0, shape=(), dtype=float32)",48.44,0.0030054450035095215
"tf.Tensor(19.43, shape=(), dtype=float32)",30.2,0.0030054450035095215
"tf.Tensor(62.18, shape=(), dtype=float32)",52.5,0.0030054450035095215
"tf.Tensor(48.55, shape=(), dtype=float32)",43.44,0.0030054450035095215
"tf.Tensor(28.02, shape=(), dtype=float32)",37.62,0.0030054450035095215
"tf.Tensor(41.62, shape=(), dtype=float32)",44.56,0.0030054450035095215
"tf.Tensor(3.67, shape=(), dtype=float32)",5.12,0.0030054450035095215
"tf.Tensor(58.49, shape=(), dtype=float32)",51.8,0.0030054450035095215
"tf.Tensor(64.06, shape=(), dtype=float32)",50.53,0.0030054450035095215
"tf.Tensor(2.83, shape=(), dtype=float32)",4.008,0.0030054450035095215
"tf.Tensor(64.11, shape=(), dtype=float32)",54.44,0.0030054450035095215
"tf.Tensor(8.32, shape=(), dtype=float32)",10.43,0.0030054450035095215
"tf.Tensor(6.84, shape=(), dtype=float32)",8.984,0.0030054450035095215
"tf.Tensor(65.2, shape=(), dtype=float32)",56.47,0.0030054450035095215
"tf.Tensor(19.99, shape=(), dtype=float32)",24.77,0.0030054450035095215
"tf.Tensor(59.76, shape=(), dtype=float32)",48.97,0.0030054450035095215
"tf.Tensor(3.96, shape=(), dtype=float32)",5.86,0.0030054450035095215
"tf.Tensor(63.5, shape=(), dtype=float32)",53.9,0.0030054450035095215
"tf.Tensor(64.87, shape=(), dtype=float32)",50.75,0.0030054450035095215
"tf.Tensor(4.15, shape=(), dtype=float32)",7.05,0.0032293424010276794
"tf.Tensor(58.95, shape=(), dtype=float32)",49.97,0.0032293424010276794
"tf.Tensor(26.72, shape=(), dtype=float32)",38.66,0.0032293424010276794
"tf.Tensor(24.81, shape=(), dtype=float32)",34.7,0.0032293424010276794
"tf.Tensor(60.93, shape=(), dtype=float32)",55.3,0.0032293424010276794
"tf.Tensor(55.39, shape=(), dtype=float32)",50.62,0.0032293424010276794
"tf.Tensor(63.31, shape=(), dtype=float32)",54.28,0.0032293424010276794
"tf.Tensor(26.61, shape=(), dtype=float32)",38.8,0.0032293424010276794
"tf.Tensor(7.56, shape=(), dtype=float32)",9.59,0.0032293424010276794
"tf.Tensor(10.61, shape=(), dtype=float32)",12.78,0.0032293424010276794
"tf.Tensor(63.01, shape=(), dtype=float32)",49.56,0.0032293424010276794
"tf.Tensor(23.02, shape=(), dtype=float32)",32.75,0.0032293424010276794
"tf.Tensor(65.26, shape=(), dtype=float32)",53.1,0.0032293424010276794
"tf.Tensor(11.56, shape=(), dtype=float32)",13.45,0.0032293424010276794
"tf.Tensor(3.54, shape=(), dtype=float32)",5.844,0.0032293424010276794
"tf.Tensor(64.49, shape=(), dtype=float32)",55.16,0.0032293424010276794
"tf.Tensor(3.33, shape=(), dtype=float32)",5.133,0.0032293424010276794
"tf.Tensor(2.92, shape=(), dtype=float32)",4.61,0.0032293424010276794
"tf.Tensor(6.1, shape=(), dtype=float32)",8.02,0.0032293424010276794
"tf.Tensor(64.96, shape=(), dtype=float32)",50.16,0.0032293424010276794
"tf.Tensor(64.72, shape=(), dtype=float32)",51.03,0.0032293424010276794
"tf.Tensor(5.89, shape=(), dtype=float32)",9.1,0.0032293424010276794
"tf.Tensor(50.07, shape=(), dtype=float32)",48.4,0.0032293424010276794
"tf.Tensor(5.61, shape=(), dtype=float32)",8.84,0.0032293424010276794
"tf.Tensor(8.58, shape=(), dtype=float32)",12.25,0.0032293424010276794
"tf.Tensor(2.49, shape=(), dtype=float32)",3.2,0.0032293424010276794
"tf.Tensor(56.91, shape=(), dtype=float32)",53.2,0.0032293424010276794
"tf.Tensor(7.32, shape=(), dtype=float32)",10.37,0.0032293424010276794
"tf.Tensor(64.32, shape=(), dtype=float32)",47.94,0.0032293424010276794
"tf.Tensor(64.35, shape=(), dtype=float32)",53.84,0.0032293424010276794
"tf.Tensor(2.36, shape=(), dtype=float32)",3.574,0.0032293424010276794
"tf.Tensor(8.63, shape=(), dtype=float32)",9.945,0.0032293424010276794
"tf.Tensor(9.69, shape=(), dtype=float32)",10.98,0.00324828177690506
"tf.Tensor(63.82, shape=(), dtype=float32)",49.53,0.00324828177690506
"tf.Tensor(3.99, shape=(), dtype=float32)",7.035,0.00324828177690506
"tf.Tensor(5.06, shape=(), dtype=float32)",6.984,0.00324828177690506
"tf.Tensor(7.49, shape=(), dtype=float32)",9.75,0.00324828177690506
"tf.Tensor(3.26, shape=(), dtype=float32)",5.29,0.00324828177690506
"tf.Tensor(64.34, shape=(), dtype=float32)",55.66,0.00324828177690506
"tf.Tensor(25.9, shape=(), dtype=float32)",34.12,0.00324828177690506
"tf.Tensor(63.69, shape=(), dtype=float32)",54.4,0.00324828177690506
"tf.Tensor(62.39, shape=(), dtype=float32)",49.34,0.00324828177690506
"tf.Tensor(61.3, shape=(), dtype=float32)",53.34,0.00324828177690506
"tf.Tensor(65.13, shape=(), dtype=float32)",55.9,0.00324828177690506
"tf.Tensor(7.28, shape=(), dtype=float32)",10.484,0.00324828177690506
"tf.Tensor(2.72, shape=(), dtype=float32)",4.934,0.00324828177690506
"tf.Tensor(64.76, shape=(), dtype=float32)",55.62,0.00324828177690506
"tf.Tensor(61.95, shape=(), dtype=float32)",57.3,0.00324828177690506
"tf.Tensor(10.18, shape=(), dtype=float32)",10.875,0.00324828177690506
"tf.Tensor(44.94, shape=(), dtype=float32)",43.6,0.00324828177690506
"tf.Tensor(63.56, shape=(), dtype=float32)",54.34,0.00324828177690506
"tf.Tensor(5.53, shape=(), dtype=float32)",8.0,0.00324828177690506
"tf.Tensor(6.86, shape=(), dtype=float32)",9.22,0.00324828177690506
"tf.Tensor(59.81, shape=(), dtype=float32)",52.6,0.00324828177690506
"tf.Tensor(63.91, shape=(), dtype=float32)",49.7,0.00324828177690506
"tf.Tensor(52.17, shape=(), dtype=float32)",47.62,0.00324828177690506
"tf.Tensor(65.4, shape=(), dtype=float32)",53.7,0.00324828177690506
"tf.Tensor(7.97, shape=(), dtype=float32)",11.24,0.00324828177690506
"tf.Tensor(63.7, shape=(), dtype=float32)",54.72,0.00324828177690506
"tf.Tensor(4.33, shape=(), dtype=float32)",6.82,0.00324828177690506
"tf.Tensor(2.91, shape=(), dtype=float32)",4.926,0.00324828177690506
"tf.Tensor(41.97, shape=(), dtype=float32)",48.1,0.00324828177690506
"tf.Tensor(6.4, shape=(), dtype=float32)",9.52,0.00324828177690506
"tf.Tensor(3.25, shape=(), dtype=float32)",4.36,0.00324828177690506
"tf.Tensor(2.54, shape=(), dtype=float32)",3.742,0.005561806261539459
"tf.Tensor(64.78, shape=(), dtype=float32)",50.8,0.005561806261539459
"tf.Tensor(65.36, shape=(), dtype=float32)",52.44,0.005561806261539459
"tf.Tensor(63.84, shape=(), dtype=float32)",53.47,0.005561806261539459
"tf.Tensor(26.79, shape=(), dtype=float32)",33.44,0.005561806261539459
"tf.Tensor(65.06, shape=(), dtype=float32)",55.3,0.005561806261539459
"tf.Tensor(6.7, shape=(), dtype=float32)",8.164,0.005561806261539459
"tf.Tensor(64.16, shape=(), dtype=float32)",51.66,0.005561806261539459
"tf.Tensor(9.13, shape=(), dtype=float32)",11.72,0.005561806261539459
"tf.Tensor(63.97, shape=(), dtype=float32)",48.12,0.005561806261539459
"tf.Tensor(64.11, shape=(), dtype=float32)",56.34,0.005561806261539459
"tf.Tensor(15.63, shape=(), dtype=float32)",23.62,0.005561806261539459
"tf.Tensor(51.22, shape=(), dtype=float32)",52.88,0.005561806261539459
"tf.Tensor(3.71, shape=(), dtype=float32)",5.312,0.005561806261539459
"tf.Tensor(64.15, shape=(), dtype=float32)",53.12,0.005561806261539459
"tf.Tensor(6.29, shape=(), dtype=float32)",7.832,0.005561806261539459
"tf.Tensor(64.38, shape=(), dtype=float32)",57.72,0.005561806261539459
"tf.Tensor(37.91, shape=(), dtype=float32)",44.2,0.005561806261539459
"tf.Tensor(64.17, shape=(), dtype=float32)",51.78,0.005561806261539459
"tf.Tensor(63.69, shape=(), dtype=float32)",53.16,0.005561806261539459
"tf.Tensor(7.36, shape=(), dtype=float32)",8.91,0.005561806261539459
"tf.Tensor(64.92, shape=(), dtype=float32)",47.0,0.005561806261539459
"tf.Tensor(65.01, shape=(), dtype=float32)",51.4,0.005561806261539459
"tf.Tensor(10.99, shape=(), dtype=float32)",12.05,0.005561806261539459
"tf.Tensor(65.36, shape=(), dtype=float32)",51.3,0.005561806261539459
"tf.Tensor(25.08, shape=(), dtype=float32)",34.28,0.005561806261539459
"tf.Tensor(58.45, shape=(), dtype=float32)",52.5,0.005561806261539459
"tf.Tensor(6.76, shape=(), dtype=float32)",8.14,0.005561806261539459
"tf.Tensor(13.86, shape=(), dtype=float32)",19.84,0.005561806261539459
"tf.Tensor(53.33, shape=(), dtype=float32)",55.3,0.005561806261539459
"tf.Tensor(55.23, shape=(), dtype=float32)",49.7,0.005561806261539459
"tf.Tensor(56.13, shape=(), dtype=float32)",52.66,0.005561806261539459
"tf.Tensor(8.55, shape=(), dtype=float32)",13.61,0.0036576464772224426
"tf.Tensor(6.7, shape=(), dtype=float32)",8.26,0.0036576464772224426
"tf.Tensor(41.6, shape=(), dtype=float32)",48.28,0.0036576464772224426
"tf.Tensor(63.88, shape=(), dtype=float32)",51.62,0.0036576464772224426
"tf.Tensor(7.47, shape=(), dtype=float32)",10.14,0.0036576464772224426
"tf.Tensor(53.85, shape=(), dtype=float32)",53.0,0.0036576464772224426
"tf.Tensor(9.56, shape=(), dtype=float32)",11.88,0.0036576464772224426
"tf.Tensor(51.51, shape=(), dtype=float32)",46.78,0.0036576464772224426
"tf.Tensor(3.38, shape=(), dtype=float32)",4.76,0.0036576464772224426
"tf.Tensor(4.59, shape=(), dtype=float32)",6.363,0.0036576464772224426
"tf.Tensor(5.53, shape=(), dtype=float32)",7.73,0.0036576464772224426
"tf.Tensor(63.83, shape=(), dtype=float32)",55.06,0.0036576464772224426
"tf.Tensor(63.47, shape=(), dtype=float32)",49.56,0.0036576464772224426
"tf.Tensor(65.3, shape=(), dtype=float32)",50.9,0.0036576464772224426
"tf.Tensor(39.36, shape=(), dtype=float32)",45.22,0.0036576464772224426
"tf.Tensor(30.52, shape=(), dtype=float32)",37.22,0.0036576464772224426
"tf.Tensor(3.76, shape=(), dtype=float32)",5.383,0.0036576464772224426
"tf.Tensor(5.93, shape=(), dtype=float32)",9.38,0.0036576464772224426
"tf.Tensor(56.77, shape=(), dtype=float32)",54.56,0.0036576464772224426
"tf.Tensor(5.12, shape=(), dtype=float32)",7.184,0.0036576464772224426
"tf.Tensor(8.05, shape=(), dtype=float32)",11.24,0.0036576464772224426
"tf.Tensor(41.22, shape=(), dtype=float32)",48.2,0.0036576464772224426
"tf.Tensor(58.37, shape=(), dtype=float32)",53.2,0.0036576464772224426
"tf.Tensor(4.09, shape=(), dtype=float32)",6.316,0.0036576464772224426
"tf.Tensor(3.08, shape=(), dtype=float32)",4.555,0.0036576464772224426
"tf.Tensor(62.69, shape=(), dtype=float32)",57.2,0.0036576464772224426
"tf.Tensor(7.76, shape=(), dtype=float32)",10.69,0.0036576464772224426
"tf.Tensor(3.02, shape=(), dtype=float32)",4.484,0.0036576464772224426
"tf.Tensor(63.86, shape=(), dtype=float32)",56.7,0.0036576464772224426
"tf.Tensor(5.12, shape=(), dtype=float32)",7.223,0.0036576464772224426
"tf.Tensor(31.83, shape=(), dtype=float32)",43.34,0.0036576464772224426
"tf.Tensor(65.31, shape=(), dtype=float32)",51.6,0.0036576464772224426
"tf.Tensor(15.07, shape=(), dtype=float32)",20.77,0.0032759755849838257
"tf.Tensor(3.49, shape=(), dtype=float32)",4.63,0.0032759755849838257
"tf.Tensor(7.86, shape=(), dtype=float32)",9.87,0.0032759755849838257
"tf.Tensor(63.76, shape=(), dtype=float32)",54.53,0.0032759755849838257
"tf.Tensor(2.64, shape=(), dtype=float32)",3.832,0.0032759755849838257
"tf.Tensor(3.76, shape=(), dtype=float32)",5.387,0.0032759755849838257
"tf.Tensor(3.26, shape=(), dtype=float32)",4.793,0.0032759755849838257
"tf.Tensor(55.22, shape=(), dtype=float32)",49.12,0.0032759755849838257
"tf.Tensor(27.24, shape=(), dtype=float32)",40.7,0.0032759755849838257
"tf.Tensor(2.48, shape=(), dtype=float32)",4.168,0.0032759755849838257
"tf.Tensor(6.41, shape=(), dtype=float32)",7.32,0.0032759755849838257
"tf.Tensor(48.18, shape=(), dtype=float32)",51.53,0.0032759755849838257
"tf.Tensor(56.72, shape=(), dtype=float32)",49.78,0.0032759755849838257
"tf.Tensor(21.68, shape=(), dtype=float32)",33.53,0.0032759755849838257
"tf.Tensor(4.66, shape=(), dtype=float32)",6.797,0.0032759755849838257
"tf.Tensor(64.56, shape=(), dtype=float32)",55.62,0.0032759755849838257
"tf.Tensor(49.58, shape=(), dtype=float32)",47.62,0.0032759755849838257
"tf.Tensor(65.44, shape=(), dtype=float32)",54.94,0.0032759755849838257
"tf.Tensor(64.6, shape=(), dtype=float32)",55.5,0.0032759755849838257
"tf.Tensor(47.97, shape=(), dtype=float32)",47.8,0.0032759755849838257
"tf.Tensor(17.4, shape=(), dtype=float32)",23.75,0.0032759755849838257
"tf.Tensor(61.72, shape=(), dtype=float32)",48.94,0.0032759755849838257
"tf.Tensor(64.11, shape=(), dtype=float32)",49.75,0.0032759755849838257
"tf.Tensor(5.76, shape=(), dtype=float32)",8.05,0.0032759755849838257
"tf.Tensor(43.81, shape=(), dtype=float32)",48.97,0.0032759755849838257
"tf.Tensor(36.71, shape=(), dtype=float32)",42.34,0.0032759755849838257
"tf.Tensor(3.49, shape=(), dtype=float32)",4.562,0.0032759755849838257
"tf.Tensor(54.02, shape=(), dtype=float32)",53.62,0.0032759755849838257
"tf.Tensor(6.06, shape=(), dtype=float32)",8.09,0.0032759755849838257
"tf.Tensor(46.4, shape=(), dtype=float32)",42.72,0.0032759755849838257
"tf.Tensor(3.53, shape=(), dtype=float32)",4.875,0.0032759755849838257
"tf.Tensor(53.55, shape=(), dtype=float32)",43.6,0.0032759755849838257
"tf.Tensor(12.74, shape=(), dtype=float32)",18.4,0.00280974805355072
"tf.Tensor(9.72, shape=(), dtype=float32)",14.31,0.00280974805355072
"tf.Tensor(65.38, shape=(), dtype=float32)",47.22,0.00280974805355072
"tf.Tensor(64.91, shape=(), dtype=float32)",51.2,0.00280974805355072
"tf.Tensor(4.15, shape=(), dtype=float32)",6.9,0.00280974805355072
"tf.Tensor(7.98, shape=(), dtype=float32)",12.66,0.00280974805355072
"tf.Tensor(7.43, shape=(), dtype=float32)",10.414,0.00280974805355072
"tf.Tensor(8.51, shape=(), dtype=float32)",11.1,0.00280974805355072
"tf.Tensor(8.2, shape=(), dtype=float32)",10.9,0.00280974805355072
"tf.Tensor(26.73, shape=(), dtype=float32)",34.44,0.00280974805355072
"tf.Tensor(63.71, shape=(), dtype=float32)",50.7,0.00280974805355072
"tf.Tensor(3.6, shape=(), dtype=float32)",5.25,0.00280974805355072
"tf.Tensor(7.72, shape=(), dtype=float32)",10.54,0.00280974805355072
"tf.Tensor(65.33, shape=(), dtype=float32)",51.6,0.00280974805355072
"tf.Tensor(2.84, shape=(), dtype=float32)",3.68,0.00280974805355072
"tf.Tensor(64.55, shape=(), dtype=float32)",56.16,0.00280974805355072
"tf.Tensor(64.02, shape=(), dtype=float32)",50.94,0.00280974805355072
"tf.Tensor(65.18, shape=(), dtype=float32)",50.53,0.00280974805355072
"tf.Tensor(6.04, shape=(), dtype=float32)",7.977,0.00280974805355072
"tf.Tensor(3.38, shape=(), dtype=float32)",4.516,0.00280974805355072
"tf.Tensor(5.53, shape=(), dtype=float32)",8.41,0.00280974805355072
"tf.Tensor(6.67, shape=(), dtype=float32)",9.4,0.00280974805355072
"tf.Tensor(64.67, shape=(), dtype=float32)",46.62,0.00280974805355072
"tf.Tensor(64.62, shape=(), dtype=float32)",50.03,0.00280974805355072
"tf.Tensor(63.88, shape=(), dtype=float32)",52.78,0.00280974805355072
"tf.Tensor(64.9, shape=(), dtype=float32)",52.0,0.00280974805355072
"tf.Tensor(5.32, shape=(), dtype=float32)",8.09,0.00280974805355072
"tf.Tensor(6.47, shape=(), dtype=float32)",9.1,0.00280974805355072
"tf.Tensor(3.38, shape=(), dtype=float32)",4.6,0.00280974805355072
"tf.Tensor(6.09, shape=(), dtype=float32)",8.99,0.00280974805355072
"tf.Tensor(3.3, shape=(), dtype=float32)",6.23,0.00280974805355072
"tf.Tensor(65.52, shape=(), dtype=float32)",52.44,0.00280974805355072
"tf.Tensor(55.82, shape=(), dtype=float32)",50.16,0.005547463893890381
"tf.Tensor(64.05, shape=(), dtype=float32)",52.03,0.005547463893890381
"tf.Tensor(62.55, shape=(), dtype=float32)",53.34,0.005547463893890381
"tf.Tensor(7.73, shape=(), dtype=float32)",9.125,0.005547463893890381
"tf.Tensor(49.12, shape=(), dtype=float32)",49.03,0.005547463893890381
"tf.Tensor(60.61, shape=(), dtype=float32)",55.3,0.005547463893890381
"tf.Tensor(3.38, shape=(), dtype=float32)",5.05,0.005547463893890381
"tf.Tensor(3.69, shape=(), dtype=float32)",5.957,0.005547463893890381
"tf.Tensor(65.35, shape=(), dtype=float32)",52.44,0.005547463893890381
"tf.Tensor(61.62, shape=(), dtype=float32)",55.3,0.005547463893890381
"tf.Tensor(7.4, shape=(), dtype=float32)",9.766,0.005547463893890381
"tf.Tensor(2.69, shape=(), dtype=float32)",4.445,0.005547463893890381
"tf.Tensor(2.08, shape=(), dtype=float32)",3.664,0.005547463893890381
"tf.Tensor(45.61, shape=(), dtype=float32)",49.34,0.005547463893890381
"tf.Tensor(64.02, shape=(), dtype=float32)",52.22,0.005547463893890381
"tf.Tensor(64.94, shape=(), dtype=float32)",50.56,0.005547463893890381
"tf.Tensor(5.57, shape=(), dtype=float32)",7.75,0.005547463893890381
"tf.Tensor(7.34, shape=(), dtype=float32)",10.0,0.005547463893890381
"tf.Tensor(65.08, shape=(), dtype=float32)",53.06,0.005547463893890381
"tf.Tensor(44.76, shape=(), dtype=float32)",46.28,0.005547463893890381
"tf.Tensor(63.35, shape=(), dtype=float32)",49.72,0.005547463893890381
"tf.Tensor(49.5, shape=(), dtype=float32)",50.78,0.005547463893890381
"tf.Tensor(7.36, shape=(), dtype=float32)",9.08,0.005547463893890381
"tf.Tensor(5.19, shape=(), dtype=float32)",7.215,0.005547463893890381
"tf.Tensor(49.85, shape=(), dtype=float32)",46.94,0.005547463893890381
"tf.Tensor(65.14, shape=(), dtype=float32)",50.78,0.005547463893890381
"tf.Tensor(8.3, shape=(), dtype=float32)",12.484,0.005547463893890381
"tf.Tensor(8.78, shape=(), dtype=float32)",9.664,0.005547463893890381
"tf.Tensor(8.34, shape=(), dtype=float32)",12.05,0.005547463893890381
"tf.Tensor(3.34, shape=(), dtype=float32)",6.035,0.005547463893890381
"tf.Tensor(65.11, shape=(), dtype=float32)",49.3,0.005547463893890381
"tf.Tensor(7.75, shape=(), dtype=float32)",9.45,0.005547463893890381
"tf.Tensor(44.38, shape=(), dtype=float32)",45.38,0.003429330885410309
"tf.Tensor(18.93, shape=(), dtype=float32)",27.77,0.003429330885410309
"tf.Tensor(64.27, shape=(), dtype=float32)",58.28,0.003429330885410309
"tf.Tensor(4.76, shape=(), dtype=float32)",6.34,0.003429330885410309
"tf.Tensor(3.73, shape=(), dtype=float32)",5.473,0.003429330885410309
"tf.Tensor(64.04, shape=(), dtype=float32)",51.56,0.003429330885410309
"tf.Tensor(42.44, shape=(), dtype=float32)",39.9,0.003429330885410309
"tf.Tensor(7.53, shape=(), dtype=float32)",9.65,0.003429330885410309
"tf.Tensor(64.85, shape=(), dtype=float32)",52.06,0.003429330885410309
"tf.Tensor(13.74, shape=(), dtype=float32)",16.69,0.003429330885410309
"tf.Tensor(4.21, shape=(), dtype=float32)",5.562,0.003429330885410309
"tf.Tensor(17.03, shape=(), dtype=float32)",26.58,0.003429330885410309
"tf.Tensor(65.21, shape=(), dtype=float32)",53.0,0.003429330885410309
"tf.Tensor(4.02, shape=(), dtype=float32)",5.453,0.003429330885410309
"tf.Tensor(6.29, shape=(), dtype=float32)",9.12,0.003429330885410309
"tf.Tensor(4.06, shape=(), dtype=float32)",5.883,0.003429330885410309
"tf.Tensor(64.48, shape=(), dtype=float32)",56.2,0.003429330885410309
"tf.Tensor(62.17, shape=(), dtype=float32)",47.97,0.003429330885410309
"tf.Tensor(6.85, shape=(), dtype=float32)",10.195,0.003429330885410309
"tf.Tensor(64.73, shape=(), dtype=float32)",53.12,0.003429330885410309
"tf.Tensor(42.98, shape=(), dtype=float32)",50.78,0.003429330885410309
"tf.Tensor(2.51, shape=(), dtype=float32)",3.285,0.003429330885410309
"tf.Tensor(40.83, shape=(), dtype=float32)",48.62,0.003429330885410309
"tf.Tensor(2.73, shape=(), dtype=float32)",3.734,0.003429330885410309
"tf.Tensor(7.19, shape=(), dtype=float32)",9.44,0.003429330885410309
"tf.Tensor(18.73, shape=(), dtype=float32)",26.67,0.003429330885410309
"tf.Tensor(4.89, shape=(), dtype=float32)",8.14,0.003429330885410309
"tf.Tensor(63.13, shape=(), dtype=float32)",54.22,0.003429330885410309
"tf.Tensor(3.45, shape=(), dtype=float32)",4.72,0.003429330885410309
"tf.Tensor(63.37, shape=(), dtype=float32)",53.34,0.003429330885410309
"tf.Tensor(44.7, shape=(), dtype=float32)",46.03,0.003429330885410309
"tf.Tensor(47.36, shape=(), dtype=float32)",48.56,0.003429330885410309
"tf.Tensor(64.8, shape=(), dtype=float32)",49.75,0.003263309597969055
"tf.Tensor(3.22, shape=(), dtype=float32)",5.07,0.003263309597969055
"tf.Tensor(8.7, shape=(), dtype=float32)",9.1,0.003263309597969055
"tf.Tensor(42.51, shape=(), dtype=float32)",49.84,0.003263309597969055
"tf.Tensor(63.13, shape=(), dtype=float32)",49.06,0.003263309597969055
"tf.Tensor(64.31, shape=(), dtype=float32)",55.8,0.003263309597969055
"tf.Tensor(43.04, shape=(), dtype=float32)",50.0,0.003263309597969055
"tf.Tensor(24.53, shape=(), dtype=float32)",31.92,0.003263309597969055
"tf.Tensor(64.15, shape=(), dtype=float32)",48.44,0.003263309597969055
"tf.Tensor(2.51, shape=(), dtype=float32)",3.406,0.003263309597969055
"tf.Tensor(64.6, shape=(), dtype=float32)",56.3,0.003263309597969055
"tf.Tensor(4.36, shape=(), dtype=float32)",5.953,0.003263309597969055
"tf.Tensor(4.16, shape=(), dtype=float32)",6.832,0.003263309597969055
"tf.Tensor(25.72, shape=(), dtype=float32)",31.39,0.003263309597969055
"tf.Tensor(58.05, shape=(), dtype=float32)",46.9,0.003263309597969055
"tf.Tensor(49.61, shape=(), dtype=float32)",49.34,0.003263309597969055
"tf.Tensor(5.46, shape=(), dtype=float32)",8.32,0.003263309597969055
"tf.Tensor(65.31, shape=(), dtype=float32)",52.44,0.003263309597969055
"tf.Tensor(3.25, shape=(), dtype=float32)",4.984,0.003263309597969055
"tf.Tensor(46.62, shape=(), dtype=float32)",40.44,0.003263309597969055
"tf.Tensor(6.05, shape=(), dtype=float32)",9.79,0.003263309597969055
"tf.Tensor(54.2, shape=(), dtype=float32)",52.53,0.003263309597969055
"tf.Tensor(3.43, shape=(), dtype=float32)",4.65,0.003263309597969055
"tf.Tensor(65.33, shape=(), dtype=float32)",53.72,0.003263309597969055
"tf.Tensor(2.59, shape=(), dtype=float32)",3.473,0.003263309597969055
"tf.Tensor(65.21, shape=(), dtype=float32)",51.97,0.003263309597969055
"tf.Tensor(64.31, shape=(), dtype=float32)",55.72,0.003263309597969055
"tf.Tensor(11.79, shape=(), dtype=float32)",14.57,0.003263309597969055
"tf.Tensor(9.96, shape=(), dtype=float32)",12.88,0.003263309597969055
"tf.Tensor(4.3, shape=(), dtype=float32)",5.496,0.003263309597969055
"tf.Tensor(55.6, shape=(), dtype=float32)",52.3,0.003263309597969055
"tf.Tensor(60.87, shape=(), dtype=float32)",48.0,0.003263309597969055
"tf.Tensor(64.13, shape=(), dtype=float32)",52.53,0.005690649151802063
"tf.Tensor(9.86, shape=(), dtype=float32)",11.336,0.005690649151802063
"tf.Tensor(4.69, shape=(), dtype=float32)",7.242,0.005690649151802063
"tf.Tensor(64.16, shape=(), dtype=float32)",50.16,0.005690649151802063
"tf.Tensor(32.83, shape=(), dtype=float32)",40.0,0.005690649151802063
"tf.Tensor(44.38, shape=(), dtype=float32)",47.7,0.005690649151802063
"tf.Tensor(12.19, shape=(), dtype=float32)",18.34,0.005690649151802063
"tf.Tensor(57.7, shape=(), dtype=float32)",47.22,0.005690649151802063
"tf.Tensor(57.25, shape=(), dtype=float32)",51.06,0.005690649151802063
"tf.Tensor(13.11, shape=(), dtype=float32)",15.74,0.005690649151802063
"tf.Tensor(62.25, shape=(), dtype=float32)",54.78,0.005690649151802063
"tf.Tensor(6.28, shape=(), dtype=float32)",8.73,0.005690649151802063
"tf.Tensor(7.62, shape=(), dtype=float32)",10.63,0.005690649151802063
"tf.Tensor(65.21, shape=(), dtype=float32)",53.84,0.005690649151802063
"tf.Tensor(53.12, shape=(), dtype=float32)",55.03,0.005690649151802063
"tf.Tensor(5.27, shape=(), dtype=float32)",7.594,0.005690649151802063
"tf.Tensor(64.3, shape=(), dtype=float32)",53.12,0.005690649151802063
"tf.Tensor(3.21, shape=(), dtype=float32)",4.625,0.005690649151802063
"tf.Tensor(6.61, shape=(), dtype=float32)",8.78,0.005690649151802063
"tf.Tensor(58.36, shape=(), dtype=float32)",54.25,0.005690649151802063
"tf.Tensor(65.34, shape=(), dtype=float32)",51.7,0.005690649151802063
"tf.Tensor(42.68, shape=(), dtype=float32)",45.72,0.005690649151802063
"tf.Tensor(7.07, shape=(), dtype=float32)",9.08,0.005690649151802063
"tf.Tensor(60.74, shape=(), dtype=float32)",55.62,0.005690649151802063
"tf.Tensor(65.21, shape=(), dtype=float32)",52.8,0.005690649151802063
"tf.Tensor(64.19, shape=(), dtype=float32)",49.97,0.005690649151802063
"tf.Tensor(5.04, shape=(), dtype=float32)",7.53,0.005690649151802063
"tf.Tensor(3.15, shape=(), dtype=float32)",4.453,0.005690649151802063
"tf.Tensor(3.06, shape=(), dtype=float32)",4.562,0.005690649151802063
"tf.Tensor(64.85, shape=(), dtype=float32)",51.97,0.005690649151802063
"tf.Tensor(64.15, shape=(), dtype=float32)",49.3,0.005690649151802063
"tf.Tensor(4.63, shape=(), dtype=float32)",7.02,0.005690649151802063
"tf.Tensor(64.97, shape=(), dtype=float32)",51.56,0.0034500882029533386
"tf.Tensor(7.56, shape=(), dtype=float32)",9.586,0.0034500882029533386
"tf.Tensor(7.04, shape=(), dtype=float32)",8.99,0.0034500882029533386
"tf.Tensor(64.08, shape=(), dtype=float32)",55.8,0.0034500882029533386
"tf.Tensor(31.98, shape=(), dtype=float32)",42.88,0.0034500882029533386
"tf.Tensor(46.9, shape=(), dtype=float32)",47.47,0.0034500882029533386
"tf.Tensor(64.44, shape=(), dtype=float32)",56.0,0.0034500882029533386
"tf.Tensor(64.67, shape=(), dtype=float32)",56.06,0.0034500882029533386
"tf.Tensor(65.34, shape=(), dtype=float32)",52.44,0.0034500882029533386
"tf.Tensor(3.6, shape=(), dtype=float32)",5.18,0.0034500882029533386
"tf.Tensor(54.05, shape=(), dtype=float32)",50.84,0.0034500882029533386
"tf.Tensor(3.41, shape=(), dtype=float32)",5.78,0.0034500882029533386
"tf.Tensor(6.29, shape=(), dtype=float32)",8.87,0.0034500882029533386
"tf.Tensor(3.24, shape=(), dtype=float32)",4.33,0.0034500882029533386
"tf.Tensor(3.83, shape=(), dtype=float32)",5.75,0.0034500882029533386
"tf.Tensor(17.93, shape=(), dtype=float32)",26.56,0.0034500882029533386
"tf.Tensor(27.09, shape=(), dtype=float32)",36.3,0.0034500882029533386
"tf.Tensor(64.22, shape=(), dtype=float32)",55.28,0.0034500882029533386
"tf.Tensor(3.46, shape=(), dtype=float32)",4.62,0.0034500882029533386
"tf.Tensor(4.03, shape=(), dtype=float32)",5.76,0.0034500882029533386
"tf.Tensor(2.69, shape=(), dtype=float32)",4.836,0.0034500882029533386
"tf.Tensor(4.13, shape=(), dtype=float32)",6.63,0.0034500882029533386
"tf.Tensor(6.99, shape=(), dtype=float32)",8.81,0.0034500882029533386
"tf.Tensor(5.58, shape=(), dtype=float32)",6.773,0.0034500882029533386
"tf.Tensor(65.29, shape=(), dtype=float32)",56.12,0.0034500882029533386
"tf.Tensor(6.04, shape=(), dtype=float32)",7.633,0.0034500882029533386
"tf.Tensor(53.67, shape=(), dtype=float32)",40.8,0.0034500882029533386
"tf.Tensor(65.29, shape=(), dtype=float32)",53.72,0.0034500882029533386
"tf.Tensor(64.47, shape=(), dtype=float32)",52.84,0.0034500882029533386
"tf.Tensor(3.28, shape=(), dtype=float32)",4.516,0.0034500882029533386
"tf.Tensor(2.25, shape=(), dtype=float32)",2.625,0.0034500882029533386
"tf.Tensor(4.98, shape=(), dtype=float32)",7.63,0.0034500882029533386
"tf.Tensor(11.71, shape=(), dtype=float32)",15.57,0.0036108121275901794
"tf.Tensor(65.41, shape=(), dtype=float32)",51.16,0.0036108121275901794
"tf.Tensor(3.42, shape=(), dtype=float32)",5.117,0.0036108121275901794
"tf.Tensor(64.96, shape=(), dtype=float32)",50.38,0.0036108121275901794
"tf.Tensor(55.88, shape=(), dtype=float32)",46.66,0.0036108121275901794
"tf.Tensor(22.05, shape=(), dtype=float32)",31.45,0.0036108121275901794
"tf.Tensor(51.09, shape=(), dtype=float32)",51.06,0.0036108121275901794
"tf.Tensor(26.41, shape=(), dtype=float32)",36.97,0.0036108121275901794
"tf.Tensor(8.17, shape=(), dtype=float32)",12.59,0.0036108121275901794
"tf.Tensor(63.21, shape=(), dtype=float32)",53.56,0.0036108121275901794
"tf.Tensor(23.54, shape=(), dtype=float32)",33.3,0.0036108121275901794
"tf.Tensor(59.23, shape=(), dtype=float32)",51.94,0.0036108121275901794
"tf.Tensor(8.32, shape=(), dtype=float32)",12.28,0.0036108121275901794
"tf.Tensor(5.65, shape=(), dtype=float32)",6.86,0.0036108121275901794
"tf.Tensor(9.73, shape=(), dtype=float32)",10.586,0.0036108121275901794
"tf.Tensor(8.75, shape=(), dtype=float32)",9.38,0.0036108121275901794
"tf.Tensor(6.14, shape=(), dtype=float32)",7.83,0.0036108121275901794
"tf.Tensor(3.0, shape=(), dtype=float32)",4.55,0.0036108121275901794
"tf.Tensor(54.23, shape=(), dtype=float32)",44.8,0.0036108121275901794
"tf.Tensor(18.49, shape=(), dtype=float32)",25.69,0.0036108121275901794
"tf.Tensor(7.52, shape=(), dtype=float32)",10.4,0.0036108121275901794
"tf.Tensor(38.83, shape=(), dtype=float32)",46.78,0.0036108121275901794
"tf.Tensor(3.69, shape=(), dtype=float32)",4.875,0.0036108121275901794
"tf.Tensor(4.74, shape=(), dtype=float32)",6.19,0.0036108121275901794
"tf.Tensor(64.85, shape=(), dtype=float32)",56.2,0.0036108121275901794
"tf.Tensor(51.97, shape=(), dtype=float32)",49.4,0.0036108121275901794
"tf.Tensor(57.09, shape=(), dtype=float32)",54.12,0.0036108121275901794
"tf.Tensor(20.01, shape=(), dtype=float32)",26.03,0.0036108121275901794
"tf.Tensor(6.76, shape=(), dtype=float32)",9.055,0.0036108121275901794
"tf.Tensor(5.17, shape=(), dtype=float32)",6.445,0.0036108121275901794
"tf.Tensor(56.88, shape=(), dtype=float32)",50.22,0.0036108121275901794
"tf.Tensor(21.23, shape=(), dtype=float32)",27.11,0.0036108121275901794
"tf.Tensor(2.7, shape=(), dtype=float32)",3.48,0.0040617287158966064
"tf.Tensor(64.31, shape=(), dtype=float32)",57.16,0.0040617287158966064
"tf.Tensor(6.87, shape=(), dtype=float32)",10.42,0.0040617287158966064
"tf.Tensor(57.72, shape=(), dtype=float32)",47.56,0.0040617287158966064
"tf.Tensor(59.69, shape=(), dtype=float32)",44.78,0.0040617287158966064
"tf.Tensor(3.49, shape=(), dtype=float32)",5.65,0.0040617287158966064
"tf.Tensor(36.15, shape=(), dtype=float32)",40.5,0.0040617287158966064
"tf.Tensor(4.74, shape=(), dtype=float32)",7.137,0.0040617287158966064
"tf.Tensor(56.04, shape=(), dtype=float32)",50.38,0.0040617287158966064
"tf.Tensor(32.34, shape=(), dtype=float32)",40.25,0.0040617287158966064
"tf.Tensor(63.79, shape=(), dtype=float32)",55.94,0.0040617287158966064
"tf.Tensor(10.64, shape=(), dtype=float32)",13.05,0.0040617287158966064
"tf.Tensor(4.24, shape=(), dtype=float32)",5.9,0.0040617287158966064
"tf.Tensor(8.1, shape=(), dtype=float32)",11.14,0.0040617287158966064
"tf.Tensor(3.34, shape=(), dtype=float32)",6.047,0.0040617287158966064
"tf.Tensor(2.01, shape=(), dtype=float32)",3.598,0.0040617287158966064
"tf.Tensor(64.3, shape=(), dtype=float32)",53.84,0.0040617287158966064
"tf.Tensor(65.27, shape=(), dtype=float32)",54.62,0.0040617287158966064
"tf.Tensor(64.87, shape=(), dtype=float32)",51.44,0.0040617287158966064
"tf.Tensor(2.66, shape=(), dtype=float32)",4.18,0.0040617287158966064
"tf.Tensor(5.19, shape=(), dtype=float32)",7.83,0.0040617287158966064
"tf.Tensor(3.08, shape=(), dtype=float32)",4.918,0.0040617287158966064
"tf.Tensor(63.67, shape=(), dtype=float32)",50.47,0.0040617287158966064
"tf.Tensor(4.81, shape=(), dtype=float32)",6.684,0.0040617287158966064
"tf.Tensor(24.8, shape=(), dtype=float32)",32.38,0.0040617287158966064
"tf.Tensor(26.43, shape=(), dtype=float32)",34.22,0.0040617287158966064
"tf.Tensor(64.2, shape=(), dtype=float32)",58.03,0.0040617287158966064
"tf.Tensor(3.05, shape=(), dtype=float32)",4.438,0.0040617287158966064
"tf.Tensor(5.52, shape=(), dtype=float32)",7.668,0.0040617287158966064
"tf.Tensor(65.24, shape=(), dtype=float32)",55.88,0.0040617287158966064
"tf.Tensor(63.56, shape=(), dtype=float32)",50.16,0.0040617287158966064
"tf.Tensor(9.36, shape=(), dtype=float32)",10.97,0.0040617287158966064
"tf.Tensor(24.39, shape=(), dtype=float32)",40.62,0.006010755896568298
"tf.Tensor(21.94, shape=(), dtype=float32)",29.89,0.006010755896568298
"tf.Tensor(50.12, shape=(), dtype=float32)",48.47,0.006010755896568298
"tf.Tensor(38.34, shape=(), dtype=float32)",42.6,0.006010755896568298
"tf.Tensor(4.75, shape=(), dtype=float32)",6.895,0.006010755896568298
"tf.Tensor(63.35, shape=(), dtype=float32)",53.44,0.006010755896568298
"tf.Tensor(13.29, shape=(), dtype=float32)",14.49,0.006010755896568298
"tf.Tensor(3.8, shape=(), dtype=float32)",5.125,0.006010755896568298
"tf.Tensor(2.1, shape=(), dtype=float32)",3.012,0.006010755896568298
"tf.Tensor(29.81, shape=(), dtype=float32)",39.06,0.006010755896568298
"tf.Tensor(49.0, shape=(), dtype=float32)",46.0,0.006010755896568298
"tf.Tensor(63.85, shape=(), dtype=float32)",50.12,0.006010755896568298
"tf.Tensor(48.64, shape=(), dtype=float32)",49.38,0.006010755896568298
"tf.Tensor(64.96, shape=(), dtype=float32)",53.0,0.006010755896568298
"tf.Tensor(65.36, shape=(), dtype=float32)",51.4,0.006010755896568298
"tf.Tensor(65.22, shape=(), dtype=float32)",52.62,0.006010755896568298
"tf.Tensor(64.44, shape=(), dtype=float32)",55.7,0.006010755896568298
"tf.Tensor(61.77, shape=(), dtype=float32)",51.44,0.006010755896568298
"tf.Tensor(5.02, shape=(), dtype=float32)",7.426,0.006010755896568298
"tf.Tensor(62.58, shape=(), dtype=float32)",51.3,0.006010755896568298
"tf.Tensor(63.71, shape=(), dtype=float32)",54.8,0.006010755896568298
"tf.Tensor(3.82, shape=(), dtype=float32)",5.586,0.006010755896568298
"tf.Tensor(64.53, shape=(), dtype=float32)",52.66,0.006010755896568298
"tf.Tensor(7.95, shape=(), dtype=float32)",10.09,0.006010755896568298
"tf.Tensor(3.16, shape=(), dtype=float32)",3.934,0.006010755896568298
"tf.Tensor(3.09, shape=(), dtype=float32)",4.145,0.006010755896568298
"tf.Tensor(64.4, shape=(), dtype=float32)",55.9,0.006010755896568298
"tf.Tensor(64.58, shape=(), dtype=float32)",56.38,0.006010755896568298
"tf.Tensor(2.68, shape=(), dtype=float32)",4.043,0.006010755896568298
"tf.Tensor(30.11, shape=(), dtype=float32)",39.12,0.006010755896568298
"tf.Tensor(63.46, shape=(), dtype=float32)",55.1,0.006010755896568298
"tf.Tensor(55.0, shape=(), dtype=float32)",42.47,0.006010755896568298
"tf.Tensor(64.16, shape=(), dtype=float32)",48.75,0.002916499972343445
"tf.Tensor(9.48, shape=(), dtype=float32)",11.16,0.002916499972343445
"tf.Tensor(3.37, shape=(), dtype=float32)",5.117,0.002916499972343445
"tf.Tensor(41.3, shape=(), dtype=float32)",45.8,0.002916499972343445
"tf.Tensor(60.4, shape=(), dtype=float32)",45.47,0.002916499972343445
"tf.Tensor(15.5, shape=(), dtype=float32)",21.72,0.002916499972343445
"tf.Tensor(7.51, shape=(), dtype=float32)",9.86,0.002916499972343445
"tf.Tensor(4.09, shape=(), dtype=float32)",6.44,0.002916499972343445
"tf.Tensor(2.35, shape=(), dtype=float32)",3.324,0.002916499972343445
"tf.Tensor(5.48, shape=(), dtype=float32)",7.67,0.002916499972343445
"tf.Tensor(40.72, shape=(), dtype=float32)",47.72,0.002916499972343445
"tf.Tensor(27.76, shape=(), dtype=float32)",41.25,0.002916499972343445
"tf.Tensor(5.07, shape=(), dtype=float32)",7.426,0.002916499972343445
"tf.Tensor(62.6, shape=(), dtype=float32)",47.53,0.002916499972343445
"tf.Tensor(6.63, shape=(), dtype=float32)",8.34,0.002916499972343445
"tf.Tensor(9.09, shape=(), dtype=float32)",10.97,0.002916499972343445
"tf.Tensor(4.19, shape=(), dtype=float32)",6.055,0.002916499972343445
"tf.Tensor(60.52, shape=(), dtype=float32)",56.7,0.002916499972343445
"tf.Tensor(65.4, shape=(), dtype=float32)",51.2,0.002916499972343445
"tf.Tensor(7.83, shape=(), dtype=float32)",8.6,0.002916499972343445
"tf.Tensor(65.26, shape=(), dtype=float32)",55.2,0.002916499972343445
"tf.Tensor(3.75, shape=(), dtype=float32)",5.117,0.002916499972343445
"tf.Tensor(7.68, shape=(), dtype=float32)",9.78,0.002916499972343445
"tf.Tensor(6.76, shape=(), dtype=float32)",8.516,0.002916499972343445
"tf.Tensor(52.44, shape=(), dtype=float32)",43.88,0.002916499972343445
"tf.Tensor(59.87, shape=(), dtype=float32)",53.03,0.002916499972343445
"tf.Tensor(3.39, shape=(), dtype=float32)",4.598,0.002916499972343445
"tf.Tensor(43.53, shape=(), dtype=float32)",45.16,0.002916499972343445
"tf.Tensor(9.95, shape=(), dtype=float32)",11.27,0.002916499972343445
"tf.Tensor(64.03, shape=(), dtype=float32)",56.03,0.002916499972343445
"tf.Tensor(65.33, shape=(), dtype=float32)",51.8,0.002916499972343445
"tf.Tensor(46.08, shape=(), dtype=float32)",42.6,0.002916499972343445
"tf.Tensor(45.9, shape=(), dtype=float32)",46.66,0.0033878907561302185
"tf.Tensor(64.97, shape=(), dtype=float32)",51.47,0.0033878907561302185
"tf.Tensor(28.38, shape=(), dtype=float32)",39.84,0.0033878907561302185
"tf.Tensor(2.8, shape=(), dtype=float32)",3.945,0.0033878907561302185
"tf.Tensor(4.45, shape=(), dtype=float32)",7.473,0.0033878907561302185
"tf.Tensor(55.83, shape=(), dtype=float32)",56.0,0.0033878907561302185
"tf.Tensor(64.73, shape=(), dtype=float32)",48.72,0.0033878907561302185
"tf.Tensor(51.3, shape=(), dtype=float32)",52.0,0.0033878907561302185
"tf.Tensor(63.96, shape=(), dtype=float32)",55.03,0.0033878907561302185
"tf.Tensor(60.97, shape=(), dtype=float32)",48.6,0.0033878907561302185
"tf.Tensor(64.89, shape=(), dtype=float32)",53.53,0.0033878907561302185
"tf.Tensor(65.4, shape=(), dtype=float32)",51.4,0.0033878907561302185
"tf.Tensor(61.54, shape=(), dtype=float32)",56.22,0.0033878907561302185
"tf.Tensor(65.38, shape=(), dtype=float32)",53.47,0.0033878907561302185
"tf.Tensor(60.63, shape=(), dtype=float32)",56.0,0.0033878907561302185
"tf.Tensor(45.78, shape=(), dtype=float32)",50.62,0.0033878907561302185
"tf.Tensor(65.45, shape=(), dtype=float32)",52.7,0.0033878907561302185
"tf.Tensor(65.32, shape=(), dtype=float32)",56.2,0.0033878907561302185
"tf.Tensor(6.6, shape=(), dtype=float32)",9.33,0.0033878907561302185
"tf.Tensor(65.27, shape=(), dtype=float32)",52.1,0.0033878907561302185
"tf.Tensor(4.56, shape=(), dtype=float32)",5.86,0.0033878907561302185
"tf.Tensor(29.17, shape=(), dtype=float32)",35.94,0.0033878907561302185
"tf.Tensor(8.25, shape=(), dtype=float32)",10.875,0.0033878907561302185
"tf.Tensor(5.51, shape=(), dtype=float32)",7.773,0.0033878907561302185
"tf.Tensor(54.61, shape=(), dtype=float32)",46.88,0.0033878907561302185
"tf.Tensor(63.71, shape=(), dtype=float32)",51.56,0.0033878907561302185
"tf.Tensor(13.7, shape=(), dtype=float32)",16.52,0.0033878907561302185
"tf.Tensor(3.29, shape=(), dtype=float32)",4.684,0.0033878907561302185
"tf.Tensor(3.06, shape=(), dtype=float32)",5.1,0.0033878907561302185
"tf.Tensor(3.31, shape=(), dtype=float32)",4.586,0.0033878907561302185
"tf.Tensor(64.19, shape=(), dtype=float32)",53.94,0.0033878907561302185
"tf.Tensor(8.47, shape=(), dtype=float32)",11.35,0.0033878907561302185
"tf.Tensor(19.63, shape=(), dtype=float32)",28.31,0.0034882649779319763
"tf.Tensor(23.71, shape=(), dtype=float32)",33.06,0.0034882649779319763
"tf.Tensor(9.04, shape=(), dtype=float32)",10.68,0.0034882649779319763
"tf.Tensor(3.22, shape=(), dtype=float32)",4.984,0.0034882649779319763
"tf.Tensor(60.11, shape=(), dtype=float32)",53.72,0.0034882649779319763
"tf.Tensor(40.79, shape=(), dtype=float32)",42.53,0.0034882649779319763
"tf.Tensor(65.25, shape=(), dtype=float32)",53.3,0.0034882649779319763
"tf.Tensor(65.41, shape=(), dtype=float32)",52.03,0.0034882649779319763
"tf.Tensor(64.42, shape=(), dtype=float32)",48.78,0.0034882649779319763
"tf.Tensor(7.25, shape=(), dtype=float32)",9.91,0.0034882649779319763
"tf.Tensor(25.18, shape=(), dtype=float32)",40.56,0.0034882649779319763
"tf.Tensor(5.55, shape=(), dtype=float32)",8.03,0.0034882649779319763
"tf.Tensor(60.8, shape=(), dtype=float32)",52.03,0.0034882649779319763
"tf.Tensor(6.9, shape=(), dtype=float32)",9.37,0.0034882649779319763
"tf.Tensor(6.51, shape=(), dtype=float32)",9.03,0.0034882649779319763
"tf.Tensor(9.93, shape=(), dtype=float32)",10.97,0.0034882649779319763
"tf.Tensor(60.73, shape=(), dtype=float32)",54.75,0.0034882649779319763
"tf.Tensor(5.13, shape=(), dtype=float32)",7.484,0.0034882649779319763
"tf.Tensor(7.11, shape=(), dtype=float32)",9.28,0.0034882649779319763
"tf.Tensor(7.22, shape=(), dtype=float32)",10.23,0.0034882649779319763
"tf.Tensor(45.23, shape=(), dtype=float32)",45.34,0.0034882649779319763
"tf.Tensor(12.32, shape=(), dtype=float32)",16.9,0.0034882649779319763
"tf.Tensor(64.91, shape=(), dtype=float32)",52.44,0.0034882649779319763
"tf.Tensor(17.49, shape=(), dtype=float32)",24.48,0.0034882649779319763
"tf.Tensor(3.12, shape=(), dtype=float32)",4.754,0.0034882649779319763
"tf.Tensor(64.44, shape=(), dtype=float32)",55.88,0.0034882649779319763
"tf.Tensor(40.65, shape=(), dtype=float32)",41.97,0.0034882649779319763
"tf.Tensor(3.01, shape=(), dtype=float32)",4.133,0.0034882649779319763
"tf.Tensor(63.39, shape=(), dtype=float32)",56.44,0.0034882649779319763
"tf.Tensor(64.01, shape=(), dtype=float32)",52.25,0.0034882649779319763
"tf.Tensor(56.13, shape=(), dtype=float32)",53.88,0.0034882649779319763
"tf.Tensor(61.28, shape=(), dtype=float32)",52.6,0.0034882649779319763
"tf.Tensor(5.23, shape=(), dtype=float32)",6.344,0.003664858639240265
"tf.Tensor(5.37, shape=(), dtype=float32)",5.992,0.003664858639240265
"tf.Tensor(63.87, shape=(), dtype=float32)",52.28,0.003664858639240265
"tf.Tensor(7.26, shape=(), dtype=float32)",9.6,0.003664858639240265
"tf.Tensor(3.39, shape=(), dtype=float32)",5.543,0.003664858639240265
"tf.Tensor(48.68, shape=(), dtype=float32)",51.25,0.003664858639240265
"tf.Tensor(4.53, shape=(), dtype=float32)",5.87,0.003664858639240265
"tf.Tensor(31.99, shape=(), dtype=float32)",42.88,0.003664858639240265
"tf.Tensor(8.36, shape=(), dtype=float32)",12.29,0.003664858639240265
"tf.Tensor(30.52, shape=(), dtype=float32)",46.94,0.003664858639240265
"tf.Tensor(16.19, shape=(), dtype=float32)",22.95,0.003664858639240265
"tf.Tensor(3.93, shape=(), dtype=float32)",6.113,0.003664858639240265
"tf.Tensor(63.88, shape=(), dtype=float32)",54.1,0.003664858639240265
"tf.Tensor(4.18, shape=(), dtype=float32)",7.473,0.003664858639240265
"tf.Tensor(4.4, shape=(), dtype=float32)",6.58,0.003664858639240265
"tf.Tensor(53.28, shape=(), dtype=float32)",42.06,0.003664858639240265
"tf.Tensor(65.07, shape=(), dtype=float32)",51.66,0.003664858639240265
"tf.Tensor(64.18, shape=(), dtype=float32)",53.28,0.003664858639240265
"tf.Tensor(5.14, shape=(), dtype=float32)",7.9,0.003664858639240265
"tf.Tensor(4.08, shape=(), dtype=float32)",6.254,0.003664858639240265
"tf.Tensor(65.12, shape=(), dtype=float32)",51.38,0.003664858639240265
"tf.Tensor(59.58, shape=(), dtype=float32)",54.9,0.003664858639240265
"tf.Tensor(5.21, shape=(), dtype=float32)",6.188,0.003664858639240265
"tf.Tensor(6.6, shape=(), dtype=float32)",9.59,0.003664858639240265
"tf.Tensor(40.49, shape=(), dtype=float32)",46.84,0.003664858639240265
"tf.Tensor(64.5, shape=(), dtype=float32)",56.12,0.003664858639240265
"tf.Tensor(64.39, shape=(), dtype=float32)",56.94,0.003664858639240265
"tf.Tensor(64.49, shape=(), dtype=float32)",55.62,0.003664858639240265
"tf.Tensor(3.0, shape=(), dtype=float32)",4.41,0.003664858639240265
"tf.Tensor(12.66, shape=(), dtype=float32)",18.8,0.003664858639240265
"tf.Tensor(5.79, shape=(), dtype=float32)",8.516,0.003664858639240265
"tf.Tensor(6.61, shape=(), dtype=float32)",9.43,0.003664858639240265
"tf.Tensor(64.15, shape=(), dtype=float32)",48.88,0.0026560723781585693
"tf.Tensor(64.22, shape=(), dtype=float32)",58.47,0.0026560723781585693
"tf.Tensor(64.89, shape=(), dtype=float32)",50.25,0.0026560723781585693
"tf.Tensor(64.35, shape=(), dtype=float32)",57.47,0.0026560723781585693
"tf.Tensor(53.92, shape=(), dtype=float32)",47.78,0.0026560723781585693
"tf.Tensor(64.27, shape=(), dtype=float32)",56.16,0.0026560723781585693
"tf.Tensor(4.77, shape=(), dtype=float32)",6.188,0.0026560723781585693
"tf.Tensor(54.47, shape=(), dtype=float32)",51.03,0.0026560723781585693
"tf.Tensor(16.44, shape=(), dtype=float32)",24.88,0.0026560723781585693
"tf.Tensor(64.03, shape=(), dtype=float32)",53.9,0.0026560723781585693
"tf.Tensor(56.26, shape=(), dtype=float32)",51.38,0.0026560723781585693
"tf.Tensor(64.63, shape=(), dtype=float32)",55.8,0.0026560723781585693
"tf.Tensor(7.3, shape=(), dtype=float32)",10.08,0.0026560723781585693
"tf.Tensor(15.03, shape=(), dtype=float32)",18.92,0.0026560723781585693
"tf.Tensor(4.81, shape=(), dtype=float32)",6.77,0.0026560723781585693
"tf.Tensor(2.46, shape=(), dtype=float32)",3.785,0.0026560723781585693
"tf.Tensor(5.27, shape=(), dtype=float32)",7.965,0.0026560723781585693
"tf.Tensor(63.85, shape=(), dtype=float32)",48.03,0.0026560723781585693
"tf.Tensor(5.37, shape=(), dtype=float32)",7.83,0.0026560723781585693
"tf.Tensor(57.69, shape=(), dtype=float32)",54.28,0.0026560723781585693
"tf.Tensor(10.05, shape=(), dtype=float32)",14.914,0.0026560723781585693
"tf.Tensor(6.13, shape=(), dtype=float32)",8.63,0.0026560723781585693
"tf.Tensor(64.46, shape=(), dtype=float32)",56.53,0.0026560723781585693
"tf.Tensor(8.92, shape=(), dtype=float32)",11.125,0.0026560723781585693
"tf.Tensor(5.33, shape=(), dtype=float32)",8.25,0.0026560723781585693
"tf.Tensor(39.17, shape=(), dtype=float32)",43.94,0.0026560723781585693
"tf.Tensor(6.08, shape=(), dtype=float32)",9.836,0.0026560723781585693
"tf.Tensor(5.53, shape=(), dtype=float32)",7.465,0.0026560723781585693
"tf.Tensor(54.65, shape=(), dtype=float32)",45.1,0.0026560723781585693
"tf.Tensor(3.52, shape=(), dtype=float32)",4.934,0.0026560723781585693
"tf.Tensor(65.01, shape=(), dtype=float32)",50.97,0.0026560723781585693
"tf.Tensor(3.3, shape=(), dtype=float32)",6.26,0.0026560723781585693
"tf.Tensor(63.88, shape=(), dtype=float32)",54.38,0.003117695450782776
"tf.Tensor(64.23, shape=(), dtype=float32)",49.5,0.003117695450782776
"tf.Tensor(4.77, shape=(), dtype=float32)",6.617,0.003117695450782776
"tf.Tensor(6.29, shape=(), dtype=float32)",8.85,0.003117695450782776
"tf.Tensor(5.03, shape=(), dtype=float32)",7.562,0.003117695450782776
"tf.Tensor(36.53, shape=(), dtype=float32)",45.0,0.003117695450782776
"tf.Tensor(3.4, shape=(), dtype=float32)",4.67,0.003117695450782776
"tf.Tensor(64.56, shape=(), dtype=float32)",56.7,0.003117695450782776
"tf.Tensor(6.65, shape=(), dtype=float32)",8.805,0.003117695450782776
"tf.Tensor(3.79, shape=(), dtype=float32)",5.71,0.003117695450782776
"tf.Tensor(23.95, shape=(), dtype=float32)",34.6,0.003117695450782776
"tf.Tensor(64.81, shape=(), dtype=float32)",51.8,0.003117695450782776
"tf.Tensor(3.05, shape=(), dtype=float32)",3.898,0.003117695450782776
"tf.Tensor(9.83, shape=(), dtype=float32)",11.25,0.003117695450782776
"tf.Tensor(3.47, shape=(), dtype=float32)",4.438,0.003117695450782776
"tf.Tensor(6.18, shape=(), dtype=float32)",8.57,0.003117695450782776
"tf.Tensor(44.41, shape=(), dtype=float32)",42.66,0.003117695450782776
"tf.Tensor(4.07, shape=(), dtype=float32)",6.355,0.003117695450782776
"tf.Tensor(62.4, shape=(), dtype=float32)",51.72,0.003117695450782776
"tf.Tensor(21.19, shape=(), dtype=float32)",31.06,0.003117695450782776
"tf.Tensor(48.68, shape=(), dtype=float32)",42.06,0.003117695450782776
"tf.Tensor(7.15, shape=(), dtype=float32)",10.1,0.003117695450782776
"tf.Tensor(2.99, shape=(), dtype=float32)",4.234,0.003117695450782776
"tf.Tensor(15.21, shape=(), dtype=float32)",27.81,0.003117695450782776
"tf.Tensor(30.02, shape=(), dtype=float32)",40.47,0.003117695450782776
"tf.Tensor(36.44, shape=(), dtype=float32)",40.2,0.003117695450782776
"tf.Tensor(8.11, shape=(), dtype=float32)",10.695,0.003117695450782776
"tf.Tensor(64.12, shape=(), dtype=float32)",53.5,0.003117695450782776
"tf.Tensor(8.32, shape=(), dtype=float32)",12.4,0.003117695450782776
"tf.Tensor(3.27, shape=(), dtype=float32)",4.7,0.003117695450782776
"tf.Tensor(11.19, shape=(), dtype=float32)",15.47,0.003117695450782776
"tf.Tensor(56.18, shape=(), dtype=float32)",52.47,0.003117695450782776
"tf.Tensor(12.92, shape=(), dtype=float32)",14.44,0.003301292657852173
"tf.Tensor(4.43, shape=(), dtype=float32)",7.812,0.003301292657852173
"tf.Tensor(50.83, shape=(), dtype=float32)",48.7,0.003301292657852173
"tf.Tensor(20.53, shape=(), dtype=float32)",30.14,0.003301292657852173
"tf.Tensor(63.53, shape=(), dtype=float32)",54.22,0.003301292657852173
"tf.Tensor(64.4, shape=(), dtype=float32)",58.62,0.003301292657852173
"tf.Tensor(3.26, shape=(), dtype=float32)",4.375,0.003301292657852173
"tf.Tensor(46.2, shape=(), dtype=float32)",42.2,0.003301292657852173
"tf.Tensor(2.96, shape=(), dtype=float32)",3.828,0.003301292657852173
"tf.Tensor(59.52, shape=(), dtype=float32)",46.16,0.003301292657852173
"tf.Tensor(9.18, shape=(), dtype=float32)",9.805,0.003301292657852173
"tf.Tensor(62.81, shape=(), dtype=float32)",51.44,0.003301292657852173
"tf.Tensor(9.84, shape=(), dtype=float32)",10.89,0.003301292657852173
"tf.Tensor(6.53, shape=(), dtype=float32)",9.16,0.003301292657852173
"tf.Tensor(48.3, shape=(), dtype=float32)",43.94,0.003301292657852173
"tf.Tensor(8.2, shape=(), dtype=float32)",9.586,0.003301292657852173
"tf.Tensor(65.21, shape=(), dtype=float32)",54.3,0.003301292657852173
"tf.Tensor(2.68, shape=(), dtype=float32)",4.477,0.003301292657852173
"tf.Tensor(63.98, shape=(), dtype=float32)",51.34,0.003301292657852173
"tf.Tensor(50.22, shape=(), dtype=float32)",44.34,0.003301292657852173
"tf.Tensor(5.64, shape=(), dtype=float32)",6.97,0.003301292657852173
"tf.Tensor(5.17, shape=(), dtype=float32)",6.73,0.003301292657852173
"tf.Tensor(58.12, shape=(), dtype=float32)",47.84,0.003301292657852173
"tf.Tensor(7.17, shape=(), dtype=float32)",10.36,0.003301292657852173
"tf.Tensor(56.62, shape=(), dtype=float32)",57.4,0.003301292657852173
"tf.Tensor(11.04, shape=(), dtype=float32)",11.99,0.003301292657852173
"tf.Tensor(64.51, shape=(), dtype=float32)",56.5,0.003301292657852173
"tf.Tensor(7.32, shape=(), dtype=float32)",10.516,0.003301292657852173
"tf.Tensor(31.13, shape=(), dtype=float32)",37.0,0.003301292657852173
"tf.Tensor(63.28, shape=(), dtype=float32)",54.4,0.003301292657852173
"tf.Tensor(22.72, shape=(), dtype=float32)",32.72,0.003301292657852173
"tf.Tensor(62.58, shape=(), dtype=float32)",53.72,0.003301292657852173
"tf.Tensor(63.89, shape=(), dtype=float32)",55.06,0.005688406527042389
"tf.Tensor(59.37, shape=(), dtype=float32)",54.8,0.005688406527042389
"tf.Tensor(5.9, shape=(), dtype=float32)",8.96,0.005688406527042389
"tf.Tensor(61.68, shape=(), dtype=float32)",50.4,0.005688406527042389
"tf.Tensor(4.38, shape=(), dtype=float32)",5.832,0.005688406527042389
"tf.Tensor(9.08, shape=(), dtype=float32)",10.82,0.005688406527042389
"tf.Tensor(64.0, shape=(), dtype=float32)",53.62,0.005688406527042389
"tf.Tensor(63.88, shape=(), dtype=float32)",54.4,0.005688406527042389
"tf.Tensor(3.16, shape=(), dtype=float32)",4.65,0.005688406527042389
"tf.Tensor(13.72, shape=(), dtype=float32)",20.62,0.005688406527042389
"tf.Tensor(57.38, shape=(), dtype=float32)",50.3,0.005688406527042389
"tf.Tensor(3.64, shape=(), dtype=float32)",4.312,0.005688406527042389
"tf.Tensor(65.24, shape=(), dtype=float32)",52.28,0.005688406527042389
"tf.Tensor(3.24, shape=(), dtype=float32)",3.547,0.005688406527042389
"tf.Tensor(8.05, shape=(), dtype=float32)",10.84,0.005688406527042389
"tf.Tensor(3.85, shape=(), dtype=float32)",5.805,0.005688406527042389
"tf.Tensor(6.66, shape=(), dtype=float32)",9.234,0.005688406527042389
"tf.Tensor(65.32, shape=(), dtype=float32)",53.2,0.005688406527042389
"tf.Tensor(38.22, shape=(), dtype=float32)",40.16,0.005688406527042389
"tf.Tensor(64.83, shape=(), dtype=float32)",52.1,0.005688406527042389
"tf.Tensor(7.93, shape=(), dtype=float32)",9.42,0.005688406527042389
"tf.Tensor(26.88, shape=(), dtype=float32)",36.7,0.005688406527042389
"tf.Tensor(63.94, shape=(), dtype=float32)",50.75,0.005688406527042389
"tf.Tensor(7.38, shape=(), dtype=float32)",10.19,0.005688406527042389
"tf.Tensor(7.62, shape=(), dtype=float32)",9.31,0.005688406527042389
"tf.Tensor(59.3, shape=(), dtype=float32)",54.47,0.005688406527042389
"tf.Tensor(59.32, shape=(), dtype=float32)",53.5,0.005688406527042389
"tf.Tensor(53.52, shape=(), dtype=float32)",52.06,0.005688406527042389
"tf.Tensor(64.66, shape=(), dtype=float32)",50.22,0.005688406527042389
"tf.Tensor(7.93, shape=(), dtype=float32)",10.28,0.005688406527042389
"tf.Tensor(20.74, shape=(), dtype=float32)",33.0,0.005688406527042389
"tf.Tensor(64.14, shape=(), dtype=float32)",50.94,0.005688406527042389
"tf.Tensor(41.21, shape=(), dtype=float32)",46.22,0.002724297344684601
"tf.Tensor(64.43, shape=(), dtype=float32)",50.88,0.002724297344684601
"tf.Tensor(37.57, shape=(), dtype=float32)",38.7,0.002724297344684601
"tf.Tensor(5.36, shape=(), dtype=float32)",7.97,0.002724297344684601
"tf.Tensor(8.38, shape=(), dtype=float32)",10.45,0.002724297344684601
"tf.Tensor(10.29, shape=(), dtype=float32)",12.63,0.002724297344684601
"tf.Tensor(7.84, shape=(), dtype=float32)",11.664,0.002724297344684601
"tf.Tensor(4.66, shape=(), dtype=float32)",7.45,0.002724297344684601
"tf.Tensor(5.98, shape=(), dtype=float32)",9.24,0.002724297344684601
"tf.Tensor(2.52, shape=(), dtype=float32)",3.816,0.002724297344684601
"tf.Tensor(2.51, shape=(), dtype=float32)",3.984,0.002724297344684601
"tf.Tensor(6.14, shape=(), dtype=float32)",9.336,0.002724297344684601
"tf.Tensor(65.28, shape=(), dtype=float32)",51.97,0.002724297344684601
"tf.Tensor(2.63, shape=(), dtype=float32)",3.926,0.002724297344684601
"tf.Tensor(58.88, shape=(), dtype=float32)",53.9,0.002724297344684601
"tf.Tensor(5.04, shape=(), dtype=float32)",7.31,0.002724297344684601
"tf.Tensor(9.07, shape=(), dtype=float32)",10.45,0.002724297344684601
"tf.Tensor(5.61, shape=(), dtype=float32)",8.55,0.002724297344684601
"tf.Tensor(4.47, shape=(), dtype=float32)",7.465,0.002724297344684601
"tf.Tensor(7.62, shape=(), dtype=float32)",9.82,0.002724297344684601
"tf.Tensor(65.15, shape=(), dtype=float32)",52.53,0.002724297344684601
"tf.Tensor(47.62, shape=(), dtype=float32)",50.66,0.002724297344684601
"tf.Tensor(5.63, shape=(), dtype=float32)",6.195,0.002724297344684601
"tf.Tensor(63.49, shape=(), dtype=float32)",48.47,0.002724297344684601
"tf.Tensor(60.99, shape=(), dtype=float32)",56.0,0.002724297344684601
"tf.Tensor(6.85, shape=(), dtype=float32)",9.7,0.002724297344684601
"tf.Tensor(20.63, shape=(), dtype=float32)",32.16,0.002724297344684601
"tf.Tensor(63.93, shape=(), dtype=float32)",54.72,0.002724297344684601
"tf.Tensor(57.45, shape=(), dtype=float32)",48.06,0.002724297344684601
"tf.Tensor(13.04, shape=(), dtype=float32)",15.21,0.002724297344684601
"tf.Tensor(3.45, shape=(), dtype=float32)",4.863,0.002724297344684601
"tf.Tensor(56.23, shape=(), dtype=float32)",52.53,0.002724297344684601
"tf.Tensor(7.33, shape=(), dtype=float32)",10.086,0.002729564905166626
"tf.Tensor(8.14, shape=(), dtype=float32)",10.31,0.002729564905166626
"tf.Tensor(7.29, shape=(), dtype=float32)",9.914,0.002729564905166626
"tf.Tensor(32.4, shape=(), dtype=float32)",38.62,0.002729564905166626
"tf.Tensor(61.99, shape=(), dtype=float32)",52.56,0.002729564905166626
"tf.Tensor(64.48, shape=(), dtype=float32)",55.5,0.002729564905166626
"tf.Tensor(3.81, shape=(), dtype=float32)",5.637,0.002729564905166626
"tf.Tensor(17.99, shape=(), dtype=float32)",26.83,0.002729564905166626
"tf.Tensor(6.13, shape=(), dtype=float32)",8.3,0.002729564905166626
"tf.Tensor(3.93, shape=(), dtype=float32)",5.688,0.002729564905166626
"tf.Tensor(64.18, shape=(), dtype=float32)",52.12,0.002729564905166626
"tf.Tensor(3.7, shape=(), dtype=float32)",5.996,0.002729564905166626
"tf.Tensor(42.99, shape=(), dtype=float32)",46.66,0.002729564905166626
"tf.Tensor(64.01, shape=(), dtype=float32)",50.06,0.002729564905166626
"tf.Tensor(26.15, shape=(), dtype=float32)",35.8,0.002729564905166626
"tf.Tensor(29.0, shape=(), dtype=float32)",34.34,0.002729564905166626
"tf.Tensor(3.0, shape=(), dtype=float32)",4.44,0.002729564905166626
"tf.Tensor(5.73, shape=(), dtype=float32)",7.793,0.002729564905166626
"tf.Tensor(63.96, shape=(), dtype=float32)",53.6,0.002729564905166626
"tf.Tensor(21.9, shape=(), dtype=float32)",30.94,0.002729564905166626
"tf.Tensor(65.17, shape=(), dtype=float32)",51.56,0.002729564905166626
"tf.Tensor(64.81, shape=(), dtype=float32)",52.6,0.002729564905166626
"tf.Tensor(5.46, shape=(), dtype=float32)",7.97,0.002729564905166626
"tf.Tensor(62.83, shape=(), dtype=float32)",54.38,0.002729564905166626
"tf.Tensor(6.69, shape=(), dtype=float32)",8.97,0.002729564905166626
"tf.Tensor(9.09, shape=(), dtype=float32)",10.51,0.002729564905166626
"tf.Tensor(30.71, shape=(), dtype=float32)",38.75,0.002729564905166626
"tf.Tensor(7.5, shape=(), dtype=float32)",10.3,0.002729564905166626
"tf.Tensor(7.11, shape=(), dtype=float32)",9.27,0.002729564905166626
"tf.Tensor(6.16, shape=(), dtype=float32)",8.33,0.002729564905166626
"tf.Tensor(3.31, shape=(), dtype=float32)",5.2,0.002729564905166626
"tf.Tensor(64.3, shape=(), dtype=float32)",53.62,0.002729564905166626
"tf.Tensor(4.14, shape=(), dtype=float32)",5.41,0.005577512085437775
"tf.Tensor(7.1, shape=(), dtype=float32)",8.22,0.005577512085437775
"tf.Tensor(14.83, shape=(), dtype=float32)",22.03,0.005577512085437775
"tf.Tensor(3.27, shape=(), dtype=float32)",4.473,0.005577512085437775
"tf.Tensor(3.49, shape=(), dtype=float32)",4.7,0.005577512085437775
"tf.Tensor(63.72, shape=(), dtype=float32)",54.72,0.005577512085437775
"tf.Tensor(41.15, shape=(), dtype=float32)",45.94,0.005577512085437775
"tf.Tensor(4.31, shape=(), dtype=float32)",5.742,0.005577512085437775
"tf.Tensor(65.12, shape=(), dtype=float32)",53.28,0.005577512085437775
"tf.Tensor(3.06, shape=(), dtype=float32)",4.758,0.005577512085437775
"tf.Tensor(30.33, shape=(), dtype=float32)",32.38,0.005577512085437775
"tf.Tensor(5.91, shape=(), dtype=float32)",7.312,0.005577512085437775
"tf.Tensor(8.78, shape=(), dtype=float32)",11.57,0.005577512085437775
"tf.Tensor(64.48, shape=(), dtype=float32)",56.7,0.005577512085437775
"tf.Tensor(6.46, shape=(), dtype=float32)",8.72,0.005577512085437775
"tf.Tensor(62.58, shape=(), dtype=float32)",57.12,0.005577512085437775
"tf.Tensor(62.2, shape=(), dtype=float32)",53.0,0.005577512085437775
"tf.Tensor(61.1, shape=(), dtype=float32)",51.6,0.005577512085437775
"tf.Tensor(3.21, shape=(), dtype=float32)",4.39,0.005577512085437775
"tf.Tensor(5.93, shape=(), dtype=float32)",9.32,0.005577512085437775
"tf.Tensor(63.77, shape=(), dtype=float32)",55.12,0.005577512085437775
"tf.Tensor(14.66, shape=(), dtype=float32)",18.19,0.005577512085437775
"tf.Tensor(64.49, shape=(), dtype=float32)",56.8,0.005577512085437775
"tf.Tensor(33.87, shape=(), dtype=float32)",41.3,0.005577512085437775
"tf.Tensor(8.47, shape=(), dtype=float32)",9.414,0.005577512085437775
"tf.Tensor(63.75, shape=(), dtype=float32)",52.75,0.005577512085437775
"tf.Tensor(64.0, shape=(), dtype=float32)",57.5,0.005577512085437775
"tf.Tensor(8.74, shape=(), dtype=float32)",9.47,0.005577512085437775
"tf.Tensor(40.2, shape=(), dtype=float32)",46.94,0.005577512085437775
"tf.Tensor(5.88, shape=(), dtype=float32)",8.77,0.005577512085437775
"tf.Tensor(2.8, shape=(), dtype=float32)",3.86,0.005577512085437775
"tf.Tensor(5.13, shape=(), dtype=float32)",7.785,0.005577512085437775
"tf.Tensor(60.32, shape=(), dtype=float32)",56.8,0.005628377199172974
"tf.Tensor(55.74, shape=(), dtype=float32)",46.72,0.005628377199172974
"tf.Tensor(49.28, shape=(), dtype=float32)",43.97,0.005628377199172974
"tf.Tensor(40.31, shape=(), dtype=float32)",40.5,0.005628377199172974
"tf.Tensor(4.23, shape=(), dtype=float32)",7.09,0.005628377199172974
"tf.Tensor(34.65, shape=(), dtype=float32)",42.62,0.005628377199172974
"tf.Tensor(57.85, shape=(), dtype=float32)",54.97,0.005628377199172974
"tf.Tensor(4.23, shape=(), dtype=float32)",6.57,0.005628377199172974
"tf.Tensor(9.38, shape=(), dtype=float32)",10.02,0.005628377199172974
"tf.Tensor(3.86, shape=(), dtype=float32)",5.184,0.005628377199172974
"tf.Tensor(3.1, shape=(), dtype=float32)",4.312,0.005628377199172974
"tf.Tensor(65.2, shape=(), dtype=float32)",54.1,0.005628377199172974
"tf.Tensor(63.21, shape=(), dtype=float32)",53.34,0.005628377199172974
"tf.Tensor(11.91, shape=(), dtype=float32)",13.44,0.005628377199172974
"tf.Tensor(64.71, shape=(), dtype=float32)",51.6,0.005628377199172974
"tf.Tensor(45.26, shape=(), dtype=float32)",51.94,0.005628377199172974
"tf.Tensor(63.99, shape=(), dtype=float32)",53.88,0.005628377199172974
"tf.Tensor(65.34, shape=(), dtype=float32)",51.56,0.005628377199172974
"tf.Tensor(2.69, shape=(), dtype=float32)",3.79,0.005628377199172974
"tf.Tensor(65.02, shape=(), dtype=float32)",50.22,0.005628377199172974
"tf.Tensor(64.3, shape=(), dtype=float32)",50.72,0.005628377199172974
"tf.Tensor(3.05, shape=(), dtype=float32)",4.535,0.005628377199172974
"tf.Tensor(5.36, shape=(), dtype=float32)",8.22,0.005628377199172974
"tf.Tensor(3.58, shape=(), dtype=float32)",4.707,0.005628377199172974
"tf.Tensor(43.42, shape=(), dtype=float32)",46.16,0.005628377199172974
"tf.Tensor(65.28, shape=(), dtype=float32)",49.78,0.005628377199172974
"tf.Tensor(64.45, shape=(), dtype=float32)",56.88,0.005628377199172974
"tf.Tensor(3.34, shape=(), dtype=float32)",5.734,0.005628377199172974
"tf.Tensor(65.35, shape=(), dtype=float32)",55.1,0.005628377199172974
"tf.Tensor(53.12, shape=(), dtype=float32)",48.06,0.005628377199172974
"tf.Tensor(53.36, shape=(), dtype=float32)",45.38,0.005628377199172974
"tf.Tensor(3.24, shape=(), dtype=float32)",3.383,0.005628377199172974
"tf.Tensor(2.8, shape=(), dtype=float32)",4.02,0.0035018548369407654
"tf.Tensor(59.65, shape=(), dtype=float32)",48.0,0.0035018548369407654
"tf.Tensor(3.06, shape=(), dtype=float32)",4.78,0.0035018548369407654
"tf.Tensor(32.74, shape=(), dtype=float32)",42.12,0.0035018548369407654
"tf.Tensor(18.61, shape=(), dtype=float32)",27.17,0.0035018548369407654
"tf.Tensor(12.08, shape=(), dtype=float32)",17.66,0.0035018548369407654
"tf.Tensor(25.96, shape=(), dtype=float32)",30.44,0.0035018548369407654
"tf.Tensor(51.81, shape=(), dtype=float32)",46.3,0.0035018548369407654
"tf.Tensor(3.22, shape=(), dtype=float32)",4.555,0.0035018548369407654
"tf.Tensor(64.16, shape=(), dtype=float32)",55.84,0.0035018548369407654
"tf.Tensor(23.66, shape=(), dtype=float32)",34.72,0.0035018548369407654
"tf.Tensor(3.17, shape=(), dtype=float32)",4.23,0.0035018548369407654
"tf.Tensor(51.71, shape=(), dtype=float32)",52.12,0.0035018548369407654
"tf.Tensor(65.09, shape=(), dtype=float32)",52.2,0.0035018548369407654
"tf.Tensor(4.62, shape=(), dtype=float32)",7.2,0.0035018548369407654
"tf.Tensor(63.81, shape=(), dtype=float32)",54.22,0.0035018548369407654
"tf.Tensor(60.58, shape=(), dtype=float32)",56.78,0.0035018548369407654
"tf.Tensor(7.07, shape=(), dtype=float32)",9.8,0.0035018548369407654
"tf.Tensor(47.22, shape=(), dtype=float32)",42.28,0.0035018548369407654
"tf.Tensor(13.74, shape=(), dtype=float32)",20.64,0.0035018548369407654
"tf.Tensor(16.49, shape=(), dtype=float32)",23.33,0.0035018548369407654
"tf.Tensor(28.05, shape=(), dtype=float32)",41.78,0.0035018548369407654
"tf.Tensor(48.89, shape=(), dtype=float32)",51.25,0.0035018548369407654
"tf.Tensor(5.71, shape=(), dtype=float32)",8.01,0.0035018548369407654
"tf.Tensor(64.14, shape=(), dtype=float32)",49.0,0.0035018548369407654
"tf.Tensor(62.72, shape=(), dtype=float32)",56.8,0.0035018548369407654
"tf.Tensor(65.29, shape=(), dtype=float32)",51.22,0.0035018548369407654
"tf.Tensor(7.54, shape=(), dtype=float32)",9.734,0.0035018548369407654
"tf.Tensor(52.61, shape=(), dtype=float32)",49.47,0.0035018548369407654
"tf.Tensor(6.05, shape=(), dtype=float32)",9.52,0.0035018548369407654
"tf.Tensor(29.96, shape=(), dtype=float32)",37.25,0.0035018548369407654
"tf.Tensor(5.43, shape=(), dtype=float32)",8.086,0.0035018548369407654
"tf.Tensor(34.42, shape=(), dtype=float32)",44.44,0.003301851451396942
"tf.Tensor(6.33, shape=(), dtype=float32)",8.85,0.003301851451396942
"tf.Tensor(7.72, shape=(), dtype=float32)",8.66,0.003301851451396942
"tf.Tensor(54.2, shape=(), dtype=float32)",47.56,0.003301851451396942
"tf.Tensor(7.79, shape=(), dtype=float32)",10.984,0.003301851451396942
"tf.Tensor(55.35, shape=(), dtype=float32)",50.62,0.003301851451396942
"tf.Tensor(7.22, shape=(), dtype=float32)",9.83,0.003301851451396942
"tf.Tensor(54.67, shape=(), dtype=float32)",44.8,0.003301851451396942
"tf.Tensor(34.54, shape=(), dtype=float32)",42.47,0.003301851451396942
"tf.Tensor(21.65, shape=(), dtype=float32)",34.2,0.003301851451396942
"tf.Tensor(65.25, shape=(), dtype=float32)",51.97,0.003301851451396942
"tf.Tensor(7.55, shape=(), dtype=float32)",9.164,0.003301851451396942
"tf.Tensor(5.18, shape=(), dtype=float32)",8.164,0.003301851451396942
"tf.Tensor(65.34, shape=(), dtype=float32)",55.0,0.003301851451396942
"tf.Tensor(47.9, shape=(), dtype=float32)",40.9,0.003301851451396942
"tf.Tensor(51.82, shape=(), dtype=float32)",45.06,0.003301851451396942
"tf.Tensor(60.86, shape=(), dtype=float32)",47.8,0.003301851451396942
"tf.Tensor(63.84, shape=(), dtype=float32)",55.7,0.003301851451396942
"tf.Tensor(5.1, shape=(), dtype=float32)",7.535,0.003301851451396942
"tf.Tensor(6.16, shape=(), dtype=float32)",9.29,0.003301851451396942
"tf.Tensor(64.72, shape=(), dtype=float32)",54.9,0.003301851451396942
"tf.Tensor(59.14, shape=(), dtype=float32)",55.3,0.003301851451396942
"tf.Tensor(54.07, shape=(), dtype=float32)",47.88,0.003301851451396942
"tf.Tensor(52.37, shape=(), dtype=float32)",48.7,0.003301851451396942
"tf.Tensor(6.12, shape=(), dtype=float32)",9.93,0.003301851451396942
"tf.Tensor(57.41, shape=(), dtype=float32)",45.62,0.003301851451396942
"tf.Tensor(5.61, shape=(), dtype=float32)",8.336,0.003301851451396942
"tf.Tensor(9.92, shape=(), dtype=float32)",10.51,0.003301851451396942
"tf.Tensor(13.12, shape=(), dtype=float32)",18.52,0.003301851451396942
"tf.Tensor(2.57, shape=(), dtype=float32)",3.113,0.003301851451396942
"tf.Tensor(4.81, shape=(), dtype=float32)",7.27,0.003301851451396942
"tf.Tensor(64.55, shape=(), dtype=float32)",50.6,0.003301851451396942
"tf.Tensor(3.36, shape=(), dtype=float32)",4.74,0.00408114492893219
"tf.Tensor(65.01, shape=(), dtype=float32)",55.4,0.00408114492893219
"tf.Tensor(8.64, shape=(), dtype=float32)",9.51,0.00408114492893219
"tf.Tensor(64.39, shape=(), dtype=float32)",56.44,0.00408114492893219
"tf.Tensor(2.46, shape=(), dtype=float32)",3.875,0.00408114492893219
"tf.Tensor(5.72, shape=(), dtype=float32)",7.66,0.00408114492893219
"tf.Tensor(32.7, shape=(), dtype=float32)",42.9,0.00408114492893219
"tf.Tensor(64.02, shape=(), dtype=float32)",53.66,0.00408114492893219
"tf.Tensor(2.72, shape=(), dtype=float32)",3.512,0.00408114492893219
"tf.Tensor(4.25, shape=(), dtype=float32)",5.758,0.00408114492893219
"tf.Tensor(44.63, shape=(), dtype=float32)",47.5,0.00408114492893219
"tf.Tensor(32.83, shape=(), dtype=float32)",45.3,0.00408114492893219
"tf.Tensor(6.84, shape=(), dtype=float32)",9.31,0.00408114492893219
"tf.Tensor(25.82, shape=(), dtype=float32)",40.66,0.00408114492893219
"tf.Tensor(43.71, shape=(), dtype=float32)",47.28,0.00408114492893219
"tf.Tensor(5.27, shape=(), dtype=float32)",8.22,0.00408114492893219
"tf.Tensor(7.3, shape=(), dtype=float32)",10.19,0.00408114492893219
"tf.Tensor(3.31, shape=(), dtype=float32)",4.86,0.00408114492893219
"tf.Tensor(12.14, shape=(), dtype=float32)",14.87,0.00408114492893219
"tf.Tensor(62.06, shape=(), dtype=float32)",52.9,0.00408114492893219
"tf.Tensor(61.47, shape=(), dtype=float32)",56.53,0.00408114492893219
"tf.Tensor(4.94, shape=(), dtype=float32)",6.664,0.00408114492893219
"tf.Tensor(59.58, shape=(), dtype=float32)",51.03,0.00408114492893219
"tf.Tensor(9.81, shape=(), dtype=float32)",11.22,0.00408114492893219
"tf.Tensor(2.66, shape=(), dtype=float32)",4.22,0.00408114492893219
"tf.Tensor(62.06, shape=(), dtype=float32)",49.6,0.00408114492893219
"tf.Tensor(13.52, shape=(), dtype=float32)",19.25,0.00408114492893219
"tf.Tensor(3.83, shape=(), dtype=float32)",5.19,0.00408114492893219
"tf.Tensor(63.86, shape=(), dtype=float32)",53.44,0.00408114492893219
"tf.Tensor(64.13, shape=(), dtype=float32)",56.5,0.00408114492893219
"tf.Tensor(39.04, shape=(), dtype=float32)",43.44,0.00408114492893219
"tf.Tensor(3.64, shape=(), dtype=float32)",4.7,0.00408114492893219
"tf.Tensor(7.85, shape=(), dtype=float32)",10.3,0.0055442750453948975
"tf.Tensor(13.48, shape=(), dtype=float32)",20.06,0.0055442750453948975
"tf.Tensor(8.02, shape=(), dtype=float32)",11.89,0.0055442750453948975
"tf.Tensor(5.37, shape=(), dtype=float32)",6.074,0.0055442750453948975
"tf.Tensor(65.09, shape=(), dtype=float32)",51.8,0.0055442750453948975
"tf.Tensor(15.88, shape=(), dtype=float32)",23.2,0.0055442750453948975
"tf.Tensor(4.94, shape=(), dtype=float32)",6.414,0.0055442750453948975
"tf.Tensor(41.57, shape=(), dtype=float32)",44.3,0.0055442750453948975
"tf.Tensor(55.87, shape=(), dtype=float32)",55.5,0.0055442750453948975
"tf.Tensor(65.39, shape=(), dtype=float32)",52.22,0.0055442750453948975
"tf.Tensor(58.83, shape=(), dtype=float32)",55.62,0.0055442750453948975
"tf.Tensor(65.27, shape=(), dtype=float32)",54.66,0.0055442750453948975
"tf.Tensor(64.14, shape=(), dtype=float32)",54.06,0.0055442750453948975
"tf.Tensor(5.29, shape=(), dtype=float32)",8.234,0.0055442750453948975
"tf.Tensor(4.17, shape=(), dtype=float32)",7.0,0.0055442750453948975
"tf.Tensor(4.0, shape=(), dtype=float32)",7.246,0.0055442750453948975
"tf.Tensor(50.99, shape=(), dtype=float32)",48.78,0.0055442750453948975
"tf.Tensor(64.65, shape=(), dtype=float32)",53.7,0.0055442750453948975
"tf.Tensor(64.76, shape=(), dtype=float32)",54.94,0.0055442750453948975
"tf.Tensor(61.83, shape=(), dtype=float32)",56.5,0.0055442750453948975
"tf.Tensor(61.81, shape=(), dtype=float32)",57.3,0.0055442750453948975
"tf.Tensor(3.7, shape=(), dtype=float32)",5.25,0.0055442750453948975
"tf.Tensor(62.38, shape=(), dtype=float32)",50.75,0.0055442750453948975
"tf.Tensor(64.55, shape=(), dtype=float32)",56.3,0.0055442750453948975
"tf.Tensor(4.96, shape=(), dtype=float32)",7.918,0.0055442750453948975
"tf.Tensor(64.33, shape=(), dtype=float32)",57.03,0.0055442750453948975
"tf.Tensor(16.66, shape=(), dtype=float32)",24.92,0.0055442750453948975
"tf.Tensor(4.1, shape=(), dtype=float32)",6.496,0.0055442750453948975
"tf.Tensor(65.25, shape=(), dtype=float32)",53.16,0.0055442750453948975
"tf.Tensor(6.46, shape=(), dtype=float32)",8.79,0.0055442750453948975
"tf.Tensor(15.94, shape=(), dtype=float32)",22.98,0.0055442750453948975
"tf.Tensor(2.81, shape=(), dtype=float32)",3.21,0.0055442750453948975
"tf.Tensor(13.69, shape=(), dtype=float32)",24.31,0.0035171210765838623
"tf.Tensor(4.32, shape=(), dtype=float32)",5.887,0.0035171210765838623
"tf.Tensor(6.28, shape=(), dtype=float32)",8.63,0.0035171210765838623
"tf.Tensor(4.93, shape=(), dtype=float32)",7.906,0.0035171210765838623
"tf.Tensor(8.74, shape=(), dtype=float32)",12.266,0.0035171210765838623
"tf.Tensor(2.6, shape=(), dtype=float32)",3.203,0.0035171210765838623
"tf.Tensor(56.01, shape=(), dtype=float32)",52.16,0.0035171210765838623
"tf.Tensor(25.22, shape=(), dtype=float32)",40.22,0.0035171210765838623
"tf.Tensor(65.22, shape=(), dtype=float32)",50.56,0.0035171210765838623
"tf.Tensor(5.67, shape=(), dtype=float32)",6.902,0.0035171210765838623
"tf.Tensor(8.0, shape=(), dtype=float32)",8.98,0.0035171210765838623
"tf.Tensor(3.97, shape=(), dtype=float32)",5.125,0.0035171210765838623
"tf.Tensor(63.34, shape=(), dtype=float32)",55.9,0.0035171210765838623
"tf.Tensor(7.35, shape=(), dtype=float32)",9.33,0.0035171210765838623
"tf.Tensor(6.88, shape=(), dtype=float32)",9.484,0.0035171210765838623
"tf.Tensor(64.95, shape=(), dtype=float32)",52.1,0.0035171210765838623
"tf.Tensor(5.61, shape=(), dtype=float32)",8.12,0.0035171210765838623
"tf.Tensor(65.24, shape=(), dtype=float32)",54.1,0.0035171210765838623
"tf.Tensor(3.15, shape=(), dtype=float32)",4.625,0.0035171210765838623
"tf.Tensor(3.42, shape=(), dtype=float32)",5.297,0.0035171210765838623
"tf.Tensor(64.22, shape=(), dtype=float32)",52.34,0.0035171210765838623
"tf.Tensor(64.99, shape=(), dtype=float32)",55.6,0.0035171210765838623
"tf.Tensor(7.72, shape=(), dtype=float32)",10.71,0.0035171210765838623
"tf.Tensor(64.59, shape=(), dtype=float32)",49.16,0.0035171210765838623
"tf.Tensor(52.09, shape=(), dtype=float32)",49.5,0.0035171210765838623
"tf.Tensor(27.26, shape=(), dtype=float32)",34.06,0.0035171210765838623
"tf.Tensor(32.34, shape=(), dtype=float32)",38.47,0.0035171210765838623
"tf.Tensor(5.91, shape=(), dtype=float32)",8.95,0.0035171210765838623
"tf.Tensor(44.38, shape=(), dtype=float32)",43.2,0.0035171210765838623
"tf.Tensor(2.55, shape=(), dtype=float32)",3.336,0.0035171210765838623
"tf.Tensor(53.37, shape=(), dtype=float32)",49.75,0.0035171210765838623
"tf.Tensor(61.96, shape=(), dtype=float32)",53.28,0.0035171210765838623
"tf.Tensor(33.97, shape=(), dtype=float32)",41.0,0.005559898912906647
"tf.Tensor(56.19, shape=(), dtype=float32)",49.78,0.005559898912906647
"tf.Tensor(64.2, shape=(), dtype=float32)",54.72,0.005559898912906647
"tf.Tensor(5.23, shape=(), dtype=float32)",6.746,0.005559898912906647
"tf.Tensor(65.19, shape=(), dtype=float32)",52.44,0.005559898912906647
"tf.Tensor(14.14, shape=(), dtype=float32)",23.58,0.005559898912906647
"tf.Tensor(17.17, shape=(), dtype=float32)",25.17,0.005559898912906647
"tf.Tensor(64.26, shape=(), dtype=float32)",47.8,0.005559898912906647
"tf.Tensor(44.01, shape=(), dtype=float32)",48.84,0.005559898912906647
"tf.Tensor(58.72, shape=(), dtype=float32)",48.06,0.005559898912906647
"tf.Tensor(64.84, shape=(), dtype=float32)",51.5,0.005559898912906647
"tf.Tensor(51.05, shape=(), dtype=float32)",45.88,0.005559898912906647
"tf.Tensor(3.48, shape=(), dtype=float32)",4.613,0.005559898912906647
"tf.Tensor(8.86, shape=(), dtype=float32)",11.19,0.005559898912906647
"tf.Tensor(51.19, shape=(), dtype=float32)",51.94,0.005559898912906647
"tf.Tensor(2.94, shape=(), dtype=float32)",4.066,0.005559898912906647
"tf.Tensor(64.47, shape=(), dtype=float32)",56.53,0.005559898912906647
"tf.Tensor(9.95, shape=(), dtype=float32)",11.445,0.005559898912906647
"tf.Tensor(47.47, shape=(), dtype=float32)",40.44,0.005559898912906647
"tf.Tensor(48.25, shape=(), dtype=float32)",50.38,0.005559898912906647
"tf.Tensor(6.76, shape=(), dtype=float32)",9.4,0.005559898912906647
"tf.Tensor(5.69, shape=(), dtype=float32)",8.09,0.005559898912906647
"tf.Tensor(59.02, shape=(), dtype=float32)",54.94,0.005559898912906647
"tf.Tensor(45.05, shape=(), dtype=float32)",46.5,0.005559898912906647
"tf.Tensor(3.5, shape=(), dtype=float32)",5.19,0.005559898912906647
"tf.Tensor(4.1, shape=(), dtype=float32)",6.844,0.005559898912906647
"tf.Tensor(11.62, shape=(), dtype=float32)",17.75,0.005559898912906647
"tf.Tensor(60.06, shape=(), dtype=float32)",57.2,0.005559898912906647
"tf.Tensor(5.48, shape=(), dtype=float32)",6.805,0.005559898912906647
"tf.Tensor(64.08, shape=(), dtype=float32)",50.94,0.005559898912906647
"tf.Tensor(16.44, shape=(), dtype=float32)",22.33,0.005559898912906647
"tf.Tensor(58.92, shape=(), dtype=float32)",56.34,0.005559898912906647
"tf.Tensor(5.33, shape=(), dtype=float32)",8.375,0.0034769997000694275
"tf.Tensor(3.93, shape=(), dtype=float32)",4.906,0.0034769997000694275
"tf.Tensor(58.65, shape=(), dtype=float32)",54.2,0.0034769997000694275
"tf.Tensor(59.16, shape=(), dtype=float32)",50.66,0.0034769997000694275
"tf.Tensor(58.96, shape=(), dtype=float32)",46.7,0.0034769997000694275
"tf.Tensor(64.95, shape=(), dtype=float32)",50.62,0.0034769997000694275
"tf.Tensor(6.48, shape=(), dtype=float32)",9.2,0.0034769997000694275
"tf.Tensor(5.82, shape=(), dtype=float32)",7.137,0.0034769997000694275
"tf.Tensor(6.63, shape=(), dtype=float32)",8.195,0.0034769997000694275
"tf.Tensor(6.71, shape=(), dtype=float32)",8.695,0.0034769997000694275
"tf.Tensor(3.89, shape=(), dtype=float32)",5.543,0.0034769997000694275
"tf.Tensor(17.64, shape=(), dtype=float32)",26.44,0.0034769997000694275
"tf.Tensor(8.2, shape=(), dtype=float32)",9.08,0.0034769997000694275
"tf.Tensor(10.67, shape=(), dtype=float32)",11.4,0.0034769997000694275
"tf.Tensor(26.19, shape=(), dtype=float32)",31.06,0.0034769997000694275
"tf.Tensor(2.0, shape=(), dtype=float32)",3.281,0.0034769997000694275
"tf.Tensor(49.43, shape=(), dtype=float32)",44.6,0.0034769997000694275
"tf.Tensor(7.66, shape=(), dtype=float32)",8.91,0.0034769997000694275
"tf.Tensor(64.35, shape=(), dtype=float32)",57.72,0.0034769997000694275
"tf.Tensor(4.09, shape=(), dtype=float32)",6.516,0.0034769997000694275
"tf.Tensor(4.09, shape=(), dtype=float32)",6.516,0.0034769997000694275
"tf.Tensor(2.67, shape=(), dtype=float32)",3.672,0.0034769997000694275
"tf.Tensor(59.04, shape=(), dtype=float32)",51.44,0.0034769997000694275
"tf.Tensor(40.78, shape=(), dtype=float32)",44.66,0.0034769997000694275
"tf.Tensor(3.92, shape=(), dtype=float32)",6.37,0.0034769997000694275
"tf.Tensor(64.04, shape=(), dtype=float32)",51.75,0.0034769997000694275
"tf.Tensor(3.7, shape=(), dtype=float32)",4.95,0.0034769997000694275
"tf.Tensor(8.43, shape=(), dtype=float32)",9.516,0.0034769997000694275
"tf.Tensor(15.66, shape=(), dtype=float32)",21.55,0.0034769997000694275
"tf.Tensor(50.36, shape=(), dtype=float32)",50.25,0.0034769997000694275
"tf.Tensor(62.64, shape=(), dtype=float32)",50.56,0.0034769997000694275
"tf.Tensor(65.32, shape=(), dtype=float32)",52.8,0.0034769997000694275
"tf.Tensor(9.62, shape=(), dtype=float32)",12.78,0.003489278256893158
"tf.Tensor(32.16, shape=(), dtype=float32)",36.9,0.003489278256893158
"tf.Tensor(64.14, shape=(), dtype=float32)",51.44,0.003489278256893158
"tf.Tensor(61.78, shape=(), dtype=float32)",52.94,0.003489278256893158
"tf.Tensor(3.51, shape=(), dtype=float32)",6.07,0.003489278256893158
"tf.Tensor(3.36, shape=(), dtype=float32)",4.195,0.003489278256893158
"tf.Tensor(8.46, shape=(), dtype=float32)",11.7,0.003489278256893158
"tf.Tensor(3.57, shape=(), dtype=float32)",4.652,0.003489278256893158
"tf.Tensor(64.51, shape=(), dtype=float32)",55.47,0.003489278256893158
"tf.Tensor(27.97, shape=(), dtype=float32)",34.88,0.003489278256893158
"tf.Tensor(58.27, shape=(), dtype=float32)",52.4,0.003489278256893158
"tf.Tensor(29.44, shape=(), dtype=float32)",38.7,0.003489278256893158
"tf.Tensor(52.94, shape=(), dtype=float32)",46.6,0.003489278256893158
"tf.Tensor(3.11, shape=(), dtype=float32)",4.414,0.003489278256893158
"tf.Tensor(5.17, shape=(), dtype=float32)",6.555,0.003489278256893158
"tf.Tensor(6.94, shape=(), dtype=float32)",9.86,0.003489278256893158
"tf.Tensor(7.58, shape=(), dtype=float32)",9.28,0.003489278256893158
"tf.Tensor(65.22, shape=(), dtype=float32)",50.7,0.003489278256893158
"tf.Tensor(64.37, shape=(), dtype=float32)",50.6,0.003489278256893158
"tf.Tensor(9.2, shape=(), dtype=float32)",10.14,0.003489278256893158
"tf.Tensor(61.26, shape=(), dtype=float32)",46.44,0.003489278256893158
"tf.Tensor(5.62, shape=(), dtype=float32)",6.652,0.003489278256893158
"tf.Tensor(8.32, shape=(), dtype=float32)",9.93,0.003489278256893158
"tf.Tensor(5.35, shape=(), dtype=float32)",8.47,0.003489278256893158
"tf.Tensor(64.87, shape=(), dtype=float32)",51.56,0.003489278256893158
"tf.Tensor(65.14, shape=(), dtype=float32)",51.53,0.003489278256893158
"tf.Tensor(7.42, shape=(), dtype=float32)",9.586,0.003489278256893158
"tf.Tensor(4.08, shape=(), dtype=float32)",6.742,0.003489278256893158
"tf.Tensor(65.4, shape=(), dtype=float32)",52.34,0.003489278256893158
"tf.Tensor(63.78, shape=(), dtype=float32)",51.44,0.003489278256893158
"tf.Tensor(2.48, shape=(), dtype=float32)",3.547,0.003489278256893158
"tf.Tensor(3.65, shape=(), dtype=float32)",4.918,0.003489278256893158
"tf.Tensor(64.02, shape=(), dtype=float32)",51.8,0.003105573356151581
"tf.Tensor(64.28, shape=(), dtype=float32)",54.4,0.003105573356151581
"tf.Tensor(4.97, shape=(), dtype=float32)",6.664,0.003105573356151581
"tf.Tensor(32.52, shape=(), dtype=float32)",42.8,0.003105573356151581
"tf.Tensor(9.89, shape=(), dtype=float32)",11.09,0.003105573356151581
"tf.Tensor(7.09, shape=(), dtype=float32)",9.25,0.003105573356151581
"tf.Tensor(2.49, shape=(), dtype=float32)",4.305,0.003105573356151581
"tf.Tensor(7.92, shape=(), dtype=float32)",10.984,0.003105573356151581
"tf.Tensor(6.91, shape=(), dtype=float32)",9.1,0.003105573356151581
"tf.Tensor(64.4, shape=(), dtype=float32)",57.5,0.003105573356151581
"tf.Tensor(6.44, shape=(), dtype=float32)",9.305,0.003105573356151581
"tf.Tensor(38.76, shape=(), dtype=float32)",43.75,0.003105573356151581
"tf.Tensor(65.13, shape=(), dtype=float32)",54.72,0.003105573356151581
"tf.Tensor(3.93, shape=(), dtype=float32)",5.656,0.003105573356151581
"tf.Tensor(64.24, shape=(), dtype=float32)",56.78,0.003105573356151581
"tf.Tensor(13.45, shape=(), dtype=float32)",16.78,0.003105573356151581
"tf.Tensor(5.36, shape=(), dtype=float32)",8.26,0.003105573356151581
"tf.Tensor(10.87, shape=(), dtype=float32)",16.36,0.003105573356151581
"tf.Tensor(6.2, shape=(), dtype=float32)",8.89,0.003105573356151581
"tf.Tensor(64.27, shape=(), dtype=float32)",57.34,0.003105573356151581
"tf.Tensor(3.99, shape=(), dtype=float32)",5.617,0.003105573356151581
"tf.Tensor(4.77, shape=(), dtype=float32)",7.15,0.003105573356151581
"tf.Tensor(65.25, shape=(), dtype=float32)",54.47,0.003105573356151581
"tf.Tensor(65.23, shape=(), dtype=float32)",54.78,0.003105573356151581
"tf.Tensor(23.99, shape=(), dtype=float32)",33.9,0.003105573356151581
"tf.Tensor(5.03, shape=(), dtype=float32)",7.73,0.003105573356151581
"tf.Tensor(56.22, shape=(), dtype=float32)",50.25,0.003105573356151581
"tf.Tensor(3.8, shape=(), dtype=float32)",5.49,0.003105573356151581
"tf.Tensor(3.23, shape=(), dtype=float32)",3.637,0.003105573356151581
"tf.Tensor(64.35, shape=(), dtype=float32)",56.1,0.003105573356151581
"tf.Tensor(2.75, shape=(), dtype=float32)",3.441,0.003105573356151581
"tf.Tensor(61.84, shape=(), dtype=float32)",51.28,0.003105573356151581
"tf.Tensor(60.88, shape=(), dtype=float32)",55.75,0.003093525767326355
"tf.Tensor(64.22, shape=(), dtype=float32)",51.12,0.003093525767326355
"tf.Tensor(63.05, shape=(), dtype=float32)",50.06,0.003093525767326355
"tf.Tensor(5.44, shape=(), dtype=float32)",8.25,0.003093525767326355
"tf.Tensor(63.67, shape=(), dtype=float32)",53.47,0.003093525767326355
"tf.Tensor(58.17, shape=(), dtype=float32)",53.66,0.003093525767326355
"tf.Tensor(50.68, shape=(), dtype=float32)",49.66,0.003093525767326355
"tf.Tensor(5.35, shape=(), dtype=float32)",8.484,0.003093525767326355
"tf.Tensor(65.3, shape=(), dtype=float32)",53.25,0.003093525767326355
"tf.Tensor(49.14, shape=(), dtype=float32)",42.72,0.003093525767326355
"tf.Tensor(5.2, shape=(), dtype=float32)",7.266,0.003093525767326355
"tf.Tensor(4.36, shape=(), dtype=float32)",7.59,0.003093525767326355
"tf.Tensor(44.77, shape=(), dtype=float32)",41.53,0.003093525767326355
"tf.Tensor(6.9, shape=(), dtype=float32)",10.45,0.003093525767326355
"tf.Tensor(3.77, shape=(), dtype=float32)",5.32,0.003093525767326355
"tf.Tensor(5.79, shape=(), dtype=float32)",7.348,0.003093525767326355
"tf.Tensor(65.33, shape=(), dtype=float32)",53.5,0.003093525767326355
"tf.Tensor(7.78, shape=(), dtype=float32)",10.414,0.003093525767326355
"tf.Tensor(64.23, shape=(), dtype=float32)",58.16,0.003093525767326355
"tf.Tensor(7.03, shape=(), dtype=float32)",9.78,0.003093525767326355
"tf.Tensor(8.23, shape=(), dtype=float32)",10.94,0.003093525767326355
"tf.Tensor(64.34, shape=(), dtype=float32)",58.6,0.003093525767326355
"tf.Tensor(3.21, shape=(), dtype=float32)",4.777,0.003093525767326355
"tf.Tensor(2.54, shape=(), dtype=float32)",3.746,0.003093525767326355
"tf.Tensor(58.38, shape=(), dtype=float32)",53.6,0.003093525767326355
"tf.Tensor(6.9, shape=(), dtype=float32)",8.36,0.003093525767326355
"tf.Tensor(30.46, shape=(), dtype=float32)",34.03,0.003093525767326355
"tf.Tensor(65.33, shape=(), dtype=float32)",55.7,0.003093525767326355
"tf.Tensor(5.62, shape=(), dtype=float32)",8.22,0.003093525767326355
"tf.Tensor(10.57, shape=(), dtype=float32)",12.555,0.003093525767326355
"tf.Tensor(51.41, shape=(), dtype=float32)",50.2,0.003093525767326355
"tf.Tensor(62.2, shape=(), dtype=float32)",52.25,0.003093525767326355
"tf.Tensor(3.86, shape=(), dtype=float32)",4.727,0.005543433129787445
"tf.Tensor(5.55, shape=(), dtype=float32)",7.83,0.005543433129787445
"tf.Tensor(5.76, shape=(), dtype=float32)",7.797,0.005543433129787445
"tf.Tensor(22.66, shape=(), dtype=float32)",32.62,0.005543433129787445
"tf.Tensor(8.16, shape=(), dtype=float32)",11.61,0.005543433129787445
"tf.Tensor(3.79, shape=(), dtype=float32)",5.55,0.005543433129787445
"tf.Tensor(63.87, shape=(), dtype=float32)",54.38,0.005543433129787445
"tf.Tensor(37.06, shape=(), dtype=float32)",42.8,0.005543433129787445
"tf.Tensor(65.06, shape=(), dtype=float32)",51.12,0.005543433129787445
"tf.Tensor(8.03, shape=(), dtype=float32)",10.85,0.005543433129787445
"tf.Tensor(64.26, shape=(), dtype=float32)",50.72,0.005543433129787445
"tf.Tensor(54.55, shape=(), dtype=float32)",54.4,0.005543433129787445
"tf.Tensor(9.78, shape=(), dtype=float32)",11.03,0.005543433129787445
"tf.Tensor(6.24, shape=(), dtype=float32)",8.125,0.005543433129787445
"tf.Tensor(57.2, shape=(), dtype=float32)",51.4,0.005543433129787445
"tf.Tensor(13.92, shape=(), dtype=float32)",26.05,0.005543433129787445
"tf.Tensor(4.12, shape=(), dtype=float32)",6.934,0.005543433129787445
"tf.Tensor(7.85, shape=(), dtype=float32)",9.85,0.005543433129787445
"tf.Tensor(63.76, shape=(), dtype=float32)",54.94,0.005543433129787445
"tf.Tensor(38.95, shape=(), dtype=float32)",44.53,0.005543433129787445
"tf.Tensor(6.71, shape=(), dtype=float32)",9.14,0.005543433129787445
"tf.Tensor(47.44, shape=(), dtype=float32)",48.47,0.005543433129787445
"tf.Tensor(4.35, shape=(), dtype=float32)",6.797,0.005543433129787445
"tf.Tensor(6.56, shape=(), dtype=float32)",9.234,0.005543433129787445
"tf.Tensor(52.61, shape=(), dtype=float32)",54.2,0.005543433129787445
"tf.Tensor(27.5, shape=(), dtype=float32)",34.88,0.005543433129787445
"tf.Tensor(28.92, shape=(), dtype=float32)",38.06,0.005543433129787445
"tf.Tensor(64.09, shape=(), dtype=float32)",54.88,0.005543433129787445
"tf.Tensor(65.05, shape=(), dtype=float32)",50.44,0.005543433129787445
"tf.Tensor(5.38, shape=(), dtype=float32)",7.53,0.005543433129787445
"tf.Tensor(9.47, shape=(), dtype=float32)",10.695,0.005543433129787445
"tf.Tensor(3.0, shape=(), dtype=float32)",4.5,0.005543433129787445
"tf.Tensor(62.72, shape=(), dtype=float32)",47.38,0.0029097944498062134
"tf.Tensor(3.28, shape=(), dtype=float32)",4.49,0.0029097944498062134
"tf.Tensor(64.72, shape=(), dtype=float32)",56.2,0.0029097944498062134
"tf.Tensor(6.99, shape=(), dtype=float32)",9.3,0.0029097944498062134
"tf.Tensor(2.99, shape=(), dtype=float32)",3.71,0.0029097944498062134
"tf.Tensor(5.51, shape=(), dtype=float32)",7.883,0.0029097944498062134
"tf.Tensor(26.24, shape=(), dtype=float32)",36.66,0.0029097944498062134
"tf.Tensor(5.43, shape=(), dtype=float32)",8.516,0.0029097944498062134
"tf.Tensor(64.91, shape=(), dtype=float32)",51.25,0.0029097944498062134
"tf.Tensor(30.82, shape=(), dtype=float32)",41.4,0.0029097944498062134
"tf.Tensor(48.7, shape=(), dtype=float32)",48.66,0.0029097944498062134
"tf.Tensor(4.19, shape=(), dtype=float32)",6.785,0.0029097944498062134
"tf.Tensor(3.48, shape=(), dtype=float32)",4.465,0.0029097944498062134
"tf.Tensor(6.07, shape=(), dtype=float32)",9.805,0.0029097944498062134
"tf.Tensor(54.83, shape=(), dtype=float32)",51.62,0.0029097944498062134
"tf.Tensor(15.43, shape=(), dtype=float32)",24.42,0.0029097944498062134
"tf.Tensor(64.58, shape=(), dtype=float32)",55.9,0.0029097944498062134
"tf.Tensor(5.84, shape=(), dtype=float32)",8.914,0.0029097944498062134
"tf.Tensor(7.13, shape=(), dtype=float32)",10.17,0.0029097944498062134
"tf.Tensor(63.53, shape=(), dtype=float32)",53.6,0.0029097944498062134
"tf.Tensor(2.52, shape=(), dtype=float32)",4.016,0.0029097944498062134
"tf.Tensor(31.36, shape=(), dtype=float32)",40.8,0.0029097944498062134
"tf.Tensor(5.08, shape=(), dtype=float32)",7.234,0.0029097944498062134
"tf.Tensor(2.49, shape=(), dtype=float32)",2.96,0.0029097944498062134
"tf.Tensor(6.28, shape=(), dtype=float32)",9.0,0.0029097944498062134
"tf.Tensor(5.4, shape=(), dtype=float32)",8.0,0.0029097944498062134
"tf.Tensor(63.15, shape=(), dtype=float32)",56.0,0.0029097944498062134
"tf.Tensor(7.8, shape=(), dtype=float32)",10.45,0.0029097944498062134
"tf.Tensor(7.96, shape=(), dtype=float32)",10.45,0.0029097944498062134
"tf.Tensor(43.42, shape=(), dtype=float32)",45.78,0.0029097944498062134
"tf.Tensor(6.17, shape=(), dtype=float32)",9.68,0.0029097944498062134
"tf.Tensor(5.65, shape=(), dtype=float32)",7.918,0.0029097944498062134
"tf.Tensor(5.15, shape=(), dtype=float32)",7.973,0.0032538846135139465
"tf.Tensor(65.33, shape=(), dtype=float32)",53.3,0.0032538846135139465
"tf.Tensor(64.37, shape=(), dtype=float32)",50.16,0.0032538846135139465
"tf.Tensor(60.96, shape=(), dtype=float32)",55.9,0.0032538846135139465
"tf.Tensor(63.98, shape=(), dtype=float32)",56.53,0.0032538846135139465
"tf.Tensor(63.77, shape=(), dtype=float32)",54.97,0.0032538846135139465
"tf.Tensor(8.46, shape=(), dtype=float32)",9.34,0.0032538846135139465
"tf.Tensor(64.16, shape=(), dtype=float32)",52.66,0.0032538846135139465
"tf.Tensor(61.09, shape=(), dtype=float32)",54.03,0.0032538846135139465
"tf.Tensor(48.92, shape=(), dtype=float32)",49.53,0.0032538846135139465
"tf.Tensor(6.91, shape=(), dtype=float32)",8.19,0.0032538846135139465
"tf.Tensor(65.18, shape=(), dtype=float32)",51.7,0.0032538846135139465
"tf.Tensor(27.54, shape=(), dtype=float32)",40.28,0.0032538846135139465
"tf.Tensor(3.4, shape=(), dtype=float32)",4.367,0.0032538846135139465
"tf.Tensor(7.19, shape=(), dtype=float32)",10.11,0.0032538846135139465
"tf.Tensor(34.27, shape=(), dtype=float32)",41.44,0.0032538846135139465
"tf.Tensor(61.18, shape=(), dtype=float32)",51.8,0.0032538846135139465
"tf.Tensor(65.32, shape=(), dtype=float32)",51.78,0.0032538846135139465
"tf.Tensor(65.13, shape=(), dtype=float32)",56.7,0.0032538846135139465
"tf.Tensor(3.68, shape=(), dtype=float32)",5.625,0.0032538846135139465
"tf.Tensor(57.39, shape=(), dtype=float32)",48.66,0.0032538846135139465
"tf.Tensor(31.91, shape=(), dtype=float32)",43.12,0.0032538846135139465
"tf.Tensor(27.57, shape=(), dtype=float32)",32.97,0.0032538846135139465
"tf.Tensor(7.12, shape=(), dtype=float32)",9.586,0.0032538846135139465
"tf.Tensor(5.62, shape=(), dtype=float32)",8.16,0.0032538846135139465
"tf.Tensor(57.58, shape=(), dtype=float32)",52.8,0.0032538846135139465
"tf.Tensor(3.45, shape=(), dtype=float32)",5.293,0.0032538846135139465
"tf.Tensor(9.22, shape=(), dtype=float32)",12.16,0.0032538846135139465
"tf.Tensor(5.27, shape=(), dtype=float32)",8.31,0.0032538846135139465
"tf.Tensor(5.76, shape=(), dtype=float32)",9.16,0.0032538846135139465
"tf.Tensor(3.25, shape=(), dtype=float32)",4.77,0.0032538846135139465
"tf.Tensor(57.54, shape=(), dtype=float32)",48.22,0.0032538846135139465
"tf.Tensor(38.07, shape=(), dtype=float32)",43.84,0.005559399724006653
"tf.Tensor(4.51, shape=(), dtype=float32)",6.117,0.005559399724006653
"tf.Tensor(4.1, shape=(), dtype=float32)",6.633,0.005559399724006653
"tf.Tensor(6.9, shape=(), dtype=float32)",8.75,0.005559399724006653
"tf.Tensor(5.31, shape=(), dtype=float32)",7.938,0.005559399724006653
"tf.Tensor(53.64, shape=(), dtype=float32)",51.3,0.005559399724006653
"tf.Tensor(3.47, shape=(), dtype=float32)",4.582,0.005559399724006653
"tf.Tensor(56.56, shape=(), dtype=float32)",52.47,0.005559399724006653
"tf.Tensor(57.43, shape=(), dtype=float32)",54.88,0.005559399724006653
"tf.Tensor(22.24, shape=(), dtype=float32)",36.66,0.005559399724006653
"tf.Tensor(8.28, shape=(), dtype=float32)",10.914,0.005559399724006653
"tf.Tensor(2.59, shape=(), dtype=float32)",3.164,0.005559399724006653
"tf.Tensor(64.28, shape=(), dtype=float32)",53.88,0.005559399724006653
"tf.Tensor(4.56, shape=(), dtype=float32)",5.668,0.005559399724006653
"tf.Tensor(64.2, shape=(), dtype=float32)",53.0,0.005559399724006653
"tf.Tensor(59.34, shape=(), dtype=float32)",55.75,0.005559399724006653
"tf.Tensor(64.22, shape=(), dtype=float32)",54.75,0.005559399724006653
"tf.Tensor(64.77, shape=(), dtype=float32)",51.66,0.005559399724006653
"tf.Tensor(3.36, shape=(), dtype=float32)",4.633,0.005559399724006653
"tf.Tensor(6.37, shape=(), dtype=float32)",9.86,0.005559399724006653
"tf.Tensor(7.53, shape=(), dtype=float32)",9.516,0.005559399724006653
"tf.Tensor(28.72, shape=(), dtype=float32)",42.0,0.005559399724006653
"tf.Tensor(64.14, shape=(), dtype=float32)",53.38,0.005559399724006653
"tf.Tensor(63.99, shape=(), dtype=float32)",49.56,0.005559399724006653
"tf.Tensor(5.51, shape=(), dtype=float32)",8.516,0.005559399724006653
"tf.Tensor(4.68, shape=(), dtype=float32)",7.3,0.005559399724006653
"tf.Tensor(5.83, shape=(), dtype=float32)",8.46,0.005559399724006653
"tf.Tensor(5.23, shape=(), dtype=float32)",7.71,0.005559399724006653
"tf.Tensor(4.81, shape=(), dtype=float32)",7.086,0.005559399724006653
"tf.Tensor(5.02, shape=(), dtype=float32)",7.332,0.005559399724006653
"tf.Tensor(63.83, shape=(), dtype=float32)",54.72,0.005559399724006653
"tf.Tensor(8.0, shape=(), dtype=float32)",11.02,0.005559399724006653
"tf.Tensor(63.97, shape=(), dtype=float32)",52.47,0.003683611750602722
"tf.Tensor(12.53, shape=(), dtype=float32)",17.95,0.003683611750602722
"tf.Tensor(49.27, shape=(), dtype=float32)",41.6,0.003683611750602722
"tf.Tensor(15.67, shape=(), dtype=float32)",23.56,0.003683611750602722
"tf.Tensor(7.01, shape=(), dtype=float32)",8.53,0.003683611750602722
"tf.Tensor(47.14, shape=(), dtype=float32)",51.72,0.003683611750602722
"tf.Tensor(64.43, shape=(), dtype=float32)",57.28,0.003683611750602722
"tf.Tensor(5.19, shape=(), dtype=float32)",6.547,0.003683611750602722
"tf.Tensor(61.17, shape=(), dtype=float32)",54.6,0.003683611750602722
"tf.Tensor(7.74, shape=(), dtype=float32)",10.24,0.003683611750602722
"tf.Tensor(6.56, shape=(), dtype=float32)",8.92,0.003683611750602722
"tf.Tensor(63.97, shape=(), dtype=float32)",50.34,0.003683611750602722
"tf.Tensor(7.77, shape=(), dtype=float32)",10.4,0.003683611750602722
"tf.Tensor(62.1, shape=(), dtype=float32)",48.28,0.003683611750602722
"tf.Tensor(28.72, shape=(), dtype=float32)",37.25,0.003683611750602722
"tf.Tensor(6.75, shape=(), dtype=float32)",9.01,0.003683611750602722
"tf.Tensor(65.36, shape=(), dtype=float32)",53.9,0.003683611750602722
"tf.Tensor(27.48, shape=(), dtype=float32)",33.8,0.003683611750602722
"tf.Tensor(5.45, shape=(), dtype=float32)",7.703,0.003683611750602722
"tf.Tensor(8.13, shape=(), dtype=float32)",12.96,0.003683611750602722
"tf.Tensor(40.92, shape=(), dtype=float32)",47.16,0.003683611750602722
"tf.Tensor(65.43, shape=(), dtype=float32)",51.72,0.003683611750602722
"tf.Tensor(9.83, shape=(), dtype=float32)",11.12,0.003683611750602722
"tf.Tensor(3.49, shape=(), dtype=float32)",5.04,0.003683611750602722
"tf.Tensor(61.17, shape=(), dtype=float32)",54.66,0.003683611750602722
"tf.Tensor(3.2, shape=(), dtype=float32)",4.477,0.003683611750602722
"tf.Tensor(63.73, shape=(), dtype=float32)",55.28,0.003683611750602722
"tf.Tensor(63.43, shape=(), dtype=float32)",53.56,0.003683611750602722
"tf.Tensor(53.55, shape=(), dtype=float32)",52.34,0.003683611750602722
"tf.Tensor(53.94, shape=(), dtype=float32)",44.56,0.003683611750602722
"tf.Tensor(4.52, shape=(), dtype=float32)",6.477,0.003683611750602722
"tf.Tensor(54.5, shape=(), dtype=float32)",47.47,0.003683611750602722
"tf.Tensor(7.46, shape=(), dtype=float32)",10.21,0.0026165246963500977
"tf.Tensor(15.86, shape=(), dtype=float32)",22.94,0.0026165246963500977
"tf.Tensor(18.03, shape=(), dtype=float32)",23.06,0.0026165246963500977
"tf.Tensor(5.84, shape=(), dtype=float32)",7.84,0.0026165246963500977
"tf.Tensor(6.87, shape=(), dtype=float32)",9.75,0.0026165246963500977
"tf.Tensor(6.03, shape=(), dtype=float32)",7.79,0.0026165246963500977
"tf.Tensor(11.71, shape=(), dtype=float32)",13.68,0.0026165246963500977
"tf.Tensor(6.12, shape=(), dtype=float32)",9.58,0.0026165246963500977
"tf.Tensor(62.9, shape=(), dtype=float32)",53.84,0.0026165246963500977
"tf.Tensor(62.76, shape=(), dtype=float32)",50.8,0.0026165246963500977
"tf.Tensor(52.07, shape=(), dtype=float32)",49.88,0.0026165246963500977
"tf.Tensor(63.12, shape=(), dtype=float32)",51.66,0.0026165246963500977
"tf.Tensor(45.65, shape=(), dtype=float32)",50.38,0.0026165246963500977
"tf.Tensor(65.33, shape=(), dtype=float32)",53.44,0.0026165246963500977
"tf.Tensor(7.49, shape=(), dtype=float32)",9.734,0.0026165246963500977
"tf.Tensor(57.81, shape=(), dtype=float32)",50.2,0.0026165246963500977
"tf.Tensor(63.69, shape=(), dtype=float32)",51.0,0.0026165246963500977
"tf.Tensor(64.16, shape=(), dtype=float32)",54.7,0.0026165246963500977
"tf.Tensor(64.02, shape=(), dtype=float32)",53.47,0.0026165246963500977
"tf.Tensor(57.94, shape=(), dtype=float32)",55.53,0.0026165246963500977
"tf.Tensor(53.24, shape=(), dtype=float32)",55.47,0.0026165246963500977
"tf.Tensor(60.64, shape=(), dtype=float32)",56.97,0.0026165246963500977
"tf.Tensor(9.33, shape=(), dtype=float32)",10.76,0.0026165246963500977
"tf.Tensor(64.39, shape=(), dtype=float32)",56.44,0.0026165246963500977
"tf.Tensor(3.96, shape=(), dtype=float32)",6.703,0.0026165246963500977
"tf.Tensor(50.57, shape=(), dtype=float32)",47.47,0.0026165246963500977
"tf.Tensor(48.26, shape=(), dtype=float32)",39.38,0.0026165246963500977
"tf.Tensor(64.37, shape=(), dtype=float32)",54.7,0.0026165246963500977
"tf.Tensor(4.82, shape=(), dtype=float32)",7.293,0.0026165246963500977
"tf.Tensor(19.02, shape=(), dtype=float32)",28.0,0.0026165246963500977
"tf.Tensor(64.42, shape=(), dtype=float32)",56.1,0.0026165246963500977
"tf.Tensor(3.92, shape=(), dtype=float32)",6.37,0.0026165246963500977
"tf.Tensor(12.47, shape=(), dtype=float32)",17.89,0.005600646138191223
"tf.Tensor(7.25, shape=(), dtype=float32)",10.24,0.005600646138191223
"tf.Tensor(4.16, shape=(), dtype=float32)",6.645,0.005600646138191223
"tf.Tensor(17.17, shape=(), dtype=float32)",20.72,0.005600646138191223
"tf.Tensor(4.06, shape=(), dtype=float32)",6.52,0.005600646138191223
"tf.Tensor(43.04, shape=(), dtype=float32)",44.06,0.005600646138191223
"tf.Tensor(12.82, shape=(), dtype=float32)",19.2,0.005600646138191223
"tf.Tensor(64.99, shape=(), dtype=float32)",52.3,0.005600646138191223
"tf.Tensor(28.76, shape=(), dtype=float32)",36.0,0.005600646138191223
"tf.Tensor(17.8, shape=(), dtype=float32)",26.52,0.005600646138191223
"tf.Tensor(3.54, shape=(), dtype=float32)",4.113,0.005600646138191223
"tf.Tensor(26.51, shape=(), dtype=float32)",33.06,0.005600646138191223
"tf.Tensor(64.68, shape=(), dtype=float32)",55.94,0.005600646138191223
"tf.Tensor(65.27, shape=(), dtype=float32)",53.5,0.005600646138191223
"tf.Tensor(65.15, shape=(), dtype=float32)",56.9,0.005600646138191223
"tf.Tensor(62.12, shape=(), dtype=float32)",53.28,0.005600646138191223
"tf.Tensor(4.65, shape=(), dtype=float32)",7.285,0.005600646138191223
"tf.Tensor(65.21, shape=(), dtype=float32)",54.12,0.005600646138191223
"tf.Tensor(63.5, shape=(), dtype=float32)",54.53,0.005600646138191223
"tf.Tensor(62.65, shape=(), dtype=float32)",52.06,0.005600646138191223
"tf.Tensor(8.76, shape=(), dtype=float32)",9.875,0.005600646138191223
"tf.Tensor(36.12, shape=(), dtype=float32)",43.2,0.005600646138191223
"tf.Tensor(64.16, shape=(), dtype=float32)",50.62,0.005600646138191223
"tf.Tensor(17.81, shape=(), dtype=float32)",25.62,0.005600646138191223
"tf.Tensor(64.2, shape=(), dtype=float32)",48.62,0.005600646138191223
"tf.Tensor(4.99, shape=(), dtype=float32)",7.695,0.005600646138191223
"tf.Tensor(59.17, shape=(), dtype=float32)",52.38,0.005600646138191223
"tf.Tensor(32.02, shape=(), dtype=float32)",38.25,0.005600646138191223
"tf.Tensor(21.81, shape=(), dtype=float32)",26.03,0.005600646138191223
"tf.Tensor(64.94, shape=(), dtype=float32)",50.16,0.005600646138191223
"tf.Tensor(59.41, shape=(), dtype=float32)",45.06,0.005600646138191223
"tf.Tensor(5.28, shape=(), dtype=float32)",8.66,0.005600646138191223
"tf.Tensor(63.82, shape=(), dtype=float32)",55.44,0.003005608916282654
"tf.Tensor(63.73, shape=(), dtype=float32)",54.3,0.003005608916282654
"tf.Tensor(5.26, shape=(), dtype=float32)",7.887,0.003005608916282654
"tf.Tensor(4.57, shape=(), dtype=float32)",5.547,0.003005608916282654
"tf.Tensor(5.27, shape=(), dtype=float32)",7.098,0.003005608916282654
"tf.Tensor(63.95, shape=(), dtype=float32)",51.4,0.003005608916282654
"tf.Tensor(61.2, shape=(), dtype=float32)",50.3,0.003005608916282654
"tf.Tensor(4.11, shape=(), dtype=float32)",6.746,0.003005608916282654
"tf.Tensor(44.48, shape=(), dtype=float32)",43.7,0.003005608916282654
"tf.Tensor(61.56, shape=(), dtype=float32)",52.44,0.003005608916282654
"tf.Tensor(60.14, shape=(), dtype=float32)",53.56,0.003005608916282654
"tf.Tensor(65.25, shape=(), dtype=float32)",52.44,0.003005608916282654
"tf.Tensor(3.76, shape=(), dtype=float32)",5.625,0.003005608916282654
"tf.Tensor(65.3, shape=(), dtype=float32)",53.8,0.003005608916282654
"tf.Tensor(63.83, shape=(), dtype=float32)",51.88,0.003005608916282654
"tf.Tensor(13.68, shape=(), dtype=float32)",16.8,0.003005608916282654
"tf.Tensor(60.82, shape=(), dtype=float32)",48.28,0.003005608916282654
"tf.Tensor(63.49, shape=(), dtype=float32)",55.12,0.003005608916282654
"tf.Tensor(29.45, shape=(), dtype=float32)",43.25,0.003005608916282654
"tf.Tensor(13.16, shape=(), dtype=float32)",18.4,0.003005608916282654
"tf.Tensor(3.97, shape=(), dtype=float32)",5.656,0.003005608916282654
"tf.Tensor(5.3, shape=(), dtype=float32)",5.92,0.003005608916282654
"tf.Tensor(64.33, shape=(), dtype=float32)",55.56,0.003005608916282654
"tf.Tensor(3.06, shape=(), dtype=float32)",4.957,0.003005608916282654
"tf.Tensor(64.24, shape=(), dtype=float32)",56.72,0.003005608916282654
"tf.Tensor(12.07, shape=(), dtype=float32)",15.45,0.003005608916282654
"tf.Tensor(47.55, shape=(), dtype=float32)",49.03,0.003005608916282654
"tf.Tensor(3.48, shape=(), dtype=float32)",4.527,0.003005608916282654
"tf.Tensor(65.38, shape=(), dtype=float32)",52.1,0.003005608916282654
"tf.Tensor(64.68, shape=(), dtype=float32)",56.38,0.003005608916282654
"tf.Tensor(65.3, shape=(), dtype=float32)",51.62,0.003005608916282654
"tf.Tensor(64.39, shape=(), dtype=float32)",52.53,0.003005608916282654
"tf.Tensor(9.4, shape=(), dtype=float32)",11.74,0.00581398606300354
"tf.Tensor(50.93, shape=(), dtype=float32)",47.25,0.00581398606300354
"tf.Tensor(64.09, shape=(), dtype=float32)",53.06,0.00581398606300354
"tf.Tensor(7.3, shape=(), dtype=float32)",10.0,0.00581398606300354
"tf.Tensor(4.61, shape=(), dtype=float32)",5.97,0.00581398606300354
"tf.Tensor(4.02, shape=(), dtype=float32)",7.098,0.00581398606300354
"tf.Tensor(10.73, shape=(), dtype=float32)",13.61,0.00581398606300354
"tf.Tensor(57.68, shape=(), dtype=float32)",54.84,0.00581398606300354
"tf.Tensor(56.63, shape=(), dtype=float32)",53.97,0.00581398606300354
"tf.Tensor(34.07, shape=(), dtype=float32)",42.06,0.00581398606300354
"tf.Tensor(3.79, shape=(), dtype=float32)",6.547,0.00581398606300354
"tf.Tensor(7.56, shape=(), dtype=float32)",9.61,0.00581398606300354
"tf.Tensor(59.48, shape=(), dtype=float32)",54.5,0.00581398606300354
"tf.Tensor(63.31, shape=(), dtype=float32)",55.38,0.00581398606300354
"tf.Tensor(3.8, shape=(), dtype=float32)",5.77,0.00581398606300354
"tf.Tensor(3.12, shape=(), dtype=float32)",4.562,0.00581398606300354
"tf.Tensor(8.0, shape=(), dtype=float32)",9.24,0.00581398606300354
"tf.Tensor(37.16, shape=(), dtype=float32)",45.2,0.00581398606300354
"tf.Tensor(5.45, shape=(), dtype=float32)",7.67,0.00581398606300354
"tf.Tensor(49.74, shape=(), dtype=float32)",49.0,0.00581398606300354
"tf.Tensor(7.29, shape=(), dtype=float32)",10.0,0.00581398606300354
"tf.Tensor(7.65, shape=(), dtype=float32)",10.38,0.00581398606300354
"tf.Tensor(16.4, shape=(), dtype=float32)",22.9,0.00581398606300354
"tf.Tensor(11.98, shape=(), dtype=float32)",16.69,0.00581398606300354
"tf.Tensor(3.24, shape=(), dtype=float32)",3.719,0.00581398606300354
"tf.Tensor(5.74, shape=(), dtype=float32)",8.52,0.00581398606300354
"tf.Tensor(5.64, shape=(), dtype=float32)",7.074,0.00581398606300354
"tf.Tensor(3.89, shape=(), dtype=float32)",5.125,0.00581398606300354
"tf.Tensor(3.14, shape=(), dtype=float32)",4.62,0.00581398606300354
"tf.Tensor(4.01, shape=(), dtype=float32)",6.023,0.00581398606300354
"tf.Tensor(8.81, shape=(), dtype=float32)",11.89,0.00581398606300354
"tf.Tensor(15.62, shape=(), dtype=float32)",22.66,0.00581398606300354
"tf.Tensor(64.19, shape=(), dtype=float32)",52.94,0.0037872344255447388
"tf.Tensor(5.36, shape=(), dtype=float32)",8.17,0.0037872344255447388
"tf.Tensor(4.02, shape=(), dtype=float32)",4.992,0.0037872344255447388
"tf.Tensor(64.08, shape=(), dtype=float32)",57.4,0.0037872344255447388
"tf.Tensor(65.31, shape=(), dtype=float32)",54.97,0.0037872344255447388
"tf.Tensor(3.2, shape=(), dtype=float32)",4.227,0.0037872344255447388
"tf.Tensor(6.33, shape=(), dtype=float32)",9.11,0.0037872344255447388
"tf.Tensor(3.13, shape=(), dtype=float32)",4.39,0.0037872344255447388
"tf.Tensor(13.55, shape=(), dtype=float32)",21.12,0.0037872344255447388
"tf.Tensor(18.6, shape=(), dtype=float32)",28.23,0.0037872344255447388
"tf.Tensor(9.26, shape=(), dtype=float32)",13.4,0.0037872344255447388
"tf.Tensor(59.66, shape=(), dtype=float32)",53.62,0.0037872344255447388
"tf.Tensor(3.16, shape=(), dtype=float32)",3.738,0.0037872344255447388
"tf.Tensor(3.26, shape=(), dtype=float32)",4.926,0.0037872344255447388
"tf.Tensor(52.29, shape=(), dtype=float32)",51.28,0.0037872344255447388
"tf.Tensor(23.02, shape=(), dtype=float32)",36.66,0.0037872344255447388
"tf.Tensor(6.53, shape=(), dtype=float32)",8.66,0.0037872344255447388
"tf.Tensor(64.2, shape=(), dtype=float32)",50.53,0.0037872344255447388
"tf.Tensor(65.41, shape=(), dtype=float32)",50.9,0.0037872344255447388
"tf.Tensor(64.2, shape=(), dtype=float32)",49.16,0.0037872344255447388
"tf.Tensor(16.14, shape=(), dtype=float32)",25.67,0.0037872344255447388
"tf.Tensor(65.24, shape=(), dtype=float32)",56.56,0.0037872344255447388
"tf.Tensor(59.32, shape=(), dtype=float32)",47.0,0.0037872344255447388
"tf.Tensor(3.56, shape=(), dtype=float32)",3.852,0.0037872344255447388
"tf.Tensor(2.91, shape=(), dtype=float32)",4.84,0.0037872344255447388
"tf.Tensor(5.38, shape=(), dtype=float32)",6.14,0.0037872344255447388
"tf.Tensor(7.35, shape=(), dtype=float32)",10.125,0.0037872344255447388
"tf.Tensor(6.21, shape=(), dtype=float32)",9.266,0.0037872344255447388
"tf.Tensor(48.03, shape=(), dtype=float32)",43.94,0.0037872344255447388
"tf.Tensor(8.13, shape=(), dtype=float32)",10.125,0.0037872344255447388
"tf.Tensor(11.4, shape=(), dtype=float32)",11.586,0.0037872344255447388
"tf.Tensor(4.89, shape=(), dtype=float32)",6.36,0.0037872344255447388
"tf.Tensor(8.94, shape=(), dtype=float32)",12.31,0.0030591189861297607
"tf.Tensor(63.94, shape=(), dtype=float32)",54.6,0.0030591189861297607
"tf.Tensor(3.4, shape=(), dtype=float32)",4.613,0.0030591189861297607
"tf.Tensor(6.06, shape=(), dtype=float32)",9.664,0.0030591189861297607
"tf.Tensor(6.85, shape=(), dtype=float32)",8.97,0.0030591189861297607
"tf.Tensor(8.04, shape=(), dtype=float32)",11.08,0.0030591189861297607
"tf.Tensor(33.82, shape=(), dtype=float32)",43.1,0.0030591189861297607
"tf.Tensor(3.17, shape=(), dtype=float32)",3.762,0.0030591189861297607
"tf.Tensor(64.96, shape=(), dtype=float32)",49.94,0.0030591189861297607
"tf.Tensor(37.61, shape=(), dtype=float32)",42.7,0.0030591189861297607
"tf.Tensor(63.79, shape=(), dtype=float32)",55.25,0.0030591189861297607
"tf.Tensor(64.09, shape=(), dtype=float32)",51.94,0.0030591189861297607
"tf.Tensor(9.75, shape=(), dtype=float32)",11.13,0.0030591189861297607
"tf.Tensor(4.74, shape=(), dtype=float32)",6.34,0.0030591189861297607
"tf.Tensor(4.17, shape=(), dtype=float32)",7.188,0.0030591189861297607
"tf.Tensor(65.07, shape=(), dtype=float32)",51.94,0.0030591189861297607
"tf.Tensor(4.96, shape=(), dtype=float32)",8.25,0.0030591189861297607
"tf.Tensor(64.65, shape=(), dtype=float32)",54.78,0.0030591189861297607
"tf.Tensor(65.07, shape=(), dtype=float32)",53.5,0.0030591189861297607
"tf.Tensor(42.02, shape=(), dtype=float32)",45.62,0.0030591189861297607
"tf.Tensor(6.57, shape=(), dtype=float32)",8.71,0.0030591189861297607
"tf.Tensor(3.73, shape=(), dtype=float32)",5.035,0.0030591189861297607
"tf.Tensor(5.67, shape=(), dtype=float32)",7.203,0.0030591189861297607
"tf.Tensor(6.91, shape=(), dtype=float32)",9.86,0.0030591189861297607
"tf.Tensor(5.15, shape=(), dtype=float32)",8.555,0.0030591189861297607
"tf.Tensor(64.37, shape=(), dtype=float32)",57.4,0.0030591189861297607
"tf.Tensor(63.68, shape=(), dtype=float32)",52.25,0.0030591189861297607
"tf.Tensor(65.37, shape=(), dtype=float32)",51.78,0.0030591189861297607
"tf.Tensor(62.51, shape=(), dtype=float32)",51.12,0.0030591189861297607
"tf.Tensor(56.29, shape=(), dtype=float32)",55.6,0.0030591189861297607
"tf.Tensor(43.46, shape=(), dtype=float32)",46.53,0.0030591189861297607
"tf.Tensor(3.88, shape=(), dtype=float32)",5.695,0.0030591189861297607
"tf.Tensor(25.85, shape=(), dtype=float32)",31.38,0.003298237919807434
"tf.Tensor(2.48, shape=(), dtype=float32)",4.45,0.003298237919807434
"tf.Tensor(9.04, shape=(), dtype=float32)",10.72,0.003298237919807434
"tf.Tensor(53.23, shape=(), dtype=float32)",48.53,0.003298237919807434
"tf.Tensor(8.51, shape=(), dtype=float32)",11.52,0.003298237919807434
"tf.Tensor(21.0, shape=(), dtype=float32)",27.84,0.003298237919807434
"tf.Tensor(7.07, shape=(), dtype=float32)",9.85,0.003298237919807434
"tf.Tensor(5.17, shape=(), dtype=float32)",7.406,0.003298237919807434
"tf.Tensor(8.86, shape=(), dtype=float32)",10.55,0.003298237919807434
"tf.Tensor(8.3, shape=(), dtype=float32)",12.195,0.003298237919807434
"tf.Tensor(63.89, shape=(), dtype=float32)",53.56,0.003298237919807434
"tf.Tensor(63.94, shape=(), dtype=float32)",51.94,0.003298237919807434
"tf.Tensor(30.25, shape=(), dtype=float32)",43.12,0.003298237919807434
"tf.Tensor(50.54, shape=(), dtype=float32)",45.9,0.003298237919807434
"tf.Tensor(57.89, shape=(), dtype=float32)",47.28,0.003298237919807434
"tf.Tensor(61.69, shape=(), dtype=float32)",56.7,0.003298237919807434
"tf.Tensor(3.35, shape=(), dtype=float32)",5.195,0.003298237919807434
"tf.Tensor(5.17, shape=(), dtype=float32)",8.195,0.003298237919807434
"tf.Tensor(54.56, shape=(), dtype=float32)",46.06,0.003298237919807434
"tf.Tensor(5.41, shape=(), dtype=float32)",8.09,0.003298237919807434
"tf.Tensor(8.01, shape=(), dtype=float32)",9.94,0.003298237919807434
"tf.Tensor(7.25, shape=(), dtype=float32)",9.68,0.003298237919807434
"tf.Tensor(2.5, shape=(), dtype=float32)",3.621,0.003298237919807434
"tf.Tensor(60.67, shape=(), dtype=float32)",51.66,0.003298237919807434
"tf.Tensor(64.12, shape=(), dtype=float32)",51.03,0.003298237919807434
"tf.Tensor(64.03, shape=(), dtype=float32)",52.94,0.003298237919807434
"tf.Tensor(4.58, shape=(), dtype=float32)",6.016,0.003298237919807434
"tf.Tensor(24.06, shape=(), dtype=float32)",35.94,0.003298237919807434
"tf.Tensor(65.37, shape=(), dtype=float32)",55.53,0.003298237919807434
"tf.Tensor(3.99, shape=(), dtype=float32)",4.793,0.003298237919807434
"tf.Tensor(7.42, shape=(), dtype=float32)",10.38,0.003298237919807434
"tf.Tensor(61.91, shape=(), dtype=float32)",56.34,0.003298237919807434
"tf.Tensor(48.44, shape=(), dtype=float32)",47.97,0.0033601075410842896
"tf.Tensor(4.85, shape=(), dtype=float32)",6.72,0.0033601075410842896
"tf.Tensor(6.57, shape=(), dtype=float32)",9.03,0.0033601075410842896
"tf.Tensor(7.03, shape=(), dtype=float32)",8.734,0.0033601075410842896
"tf.Tensor(6.21, shape=(), dtype=float32)",6.9,0.0033601075410842896
"tf.Tensor(41.5, shape=(), dtype=float32)",47.4,0.0033601075410842896
"tf.Tensor(59.24, shape=(), dtype=float32)",49.8,0.0033601075410842896
"tf.Tensor(32.66, shape=(), dtype=float32)",39.47,0.0033601075410842896
"tf.Tensor(61.81, shape=(), dtype=float32)",49.6,0.0033601075410842896
"tf.Tensor(61.98, shape=(), dtype=float32)",51.53,0.0033601075410842896
"tf.Tensor(61.51, shape=(), dtype=float32)",54.38,0.0033601075410842896
"tf.Tensor(64.17, shape=(), dtype=float32)",52.84,0.0033601075410842896
"tf.Tensor(4.79, shape=(), dtype=float32)",6.504,0.0033601075410842896
"tf.Tensor(9.59, shape=(), dtype=float32)",12.51,0.0033601075410842896
"tf.Tensor(20.88, shape=(), dtype=float32)",26.73,0.0033601075410842896
"tf.Tensor(30.83, shape=(), dtype=float32)",36.97,0.0033601075410842896
"tf.Tensor(35.04, shape=(), dtype=float32)",38.84,0.0033601075410842896
"tf.Tensor(29.21, shape=(), dtype=float32)",34.1,0.0033601075410842896
"tf.Tensor(62.56, shape=(), dtype=float32)",56.62,0.0033601075410842896
"tf.Tensor(4.57, shape=(), dtype=float32)",7.215,0.0033601075410842896
"tf.Tensor(60.14, shape=(), dtype=float32)",53.2,0.0033601075410842896
"tf.Tensor(24.23, shape=(), dtype=float32)",36.16,0.0033601075410842896
"tf.Tensor(30.35, shape=(), dtype=float32)",35.56,0.0033601075410842896
"tf.Tensor(46.74, shape=(), dtype=float32)",46.22,0.0033601075410842896
"tf.Tensor(63.0, shape=(), dtype=float32)",55.66,0.0033601075410842896
"tf.Tensor(64.96, shape=(), dtype=float32)",50.8,0.0033601075410842896
"tf.Tensor(5.02, shape=(), dtype=float32)",7.492,0.0033601075410842896
"tf.Tensor(45.8, shape=(), dtype=float32)",49.34,0.0033601075410842896
"tf.Tensor(3.68, shape=(), dtype=float32)",5.406,0.0033601075410842896
"tf.Tensor(4.52, shape=(), dtype=float32)",6.633,0.0033601075410842896
"tf.Tensor(8.5, shape=(), dtype=float32)",9.32,0.0033601075410842896
"tf.Tensor(3.24, shape=(), dtype=float32)",4.85,0.0033601075410842896
"tf.Tensor(5.41, shape=(), dtype=float32)",6.707,0.002960905432701111
"tf.Tensor(35.53, shape=(), dtype=float32)",41.6,0.002960905432701111
"tf.Tensor(60.77, shape=(), dtype=float32)",56.62,0.002960905432701111
"tf.Tensor(65.22, shape=(), dtype=float32)",51.62,0.002960905432701111
"tf.Tensor(65.32, shape=(), dtype=float32)",52.22,0.002960905432701111
"tf.Tensor(57.91, shape=(), dtype=float32)",52.28,0.002960905432701111
"tf.Tensor(48.64, shape=(), dtype=float32)",44.53,0.002960905432701111
"tf.Tensor(64.6, shape=(), dtype=float32)",55.5,0.002960905432701111
"tf.Tensor(5.99, shape=(), dtype=float32)",9.875,0.002960905432701111
"tf.Tensor(55.07, shape=(), dtype=float32)",53.66,0.002960905432701111
"tf.Tensor(9.67, shape=(), dtype=float32)",11.2,0.002960905432701111
"tf.Tensor(6.95, shape=(), dtype=float32)",9.516,0.002960905432701111
"tf.Tensor(3.51, shape=(), dtype=float32)",4.88,0.002960905432701111
"tf.Tensor(55.58, shape=(), dtype=float32)",50.1,0.002960905432701111
"tf.Tensor(22.11, shape=(), dtype=float32)",29.14,0.002960905432701111
"tf.Tensor(2.92, shape=(), dtype=float32)",4.867,0.002960905432701111
"tf.Tensor(59.23, shape=(), dtype=float32)",54.22,0.002960905432701111
"tf.Tensor(37.14, shape=(), dtype=float32)",36.66,0.002960905432701111
"tf.Tensor(3.48, shape=(), dtype=float32)",7.19,0.002960905432701111
"tf.Tensor(5.6, shape=(), dtype=float32)",6.824,0.002960905432701111
"tf.Tensor(3.15, shape=(), dtype=float32)",4.55,0.002960905432701111
"tf.Tensor(65.24, shape=(), dtype=float32)",52.28,0.002960905432701111
"tf.Tensor(6.05, shape=(), dtype=float32)",8.38,0.002960905432701111
"tf.Tensor(5.19, shape=(), dtype=float32)",6.43,0.002960905432701111
"tf.Tensor(2.77, shape=(), dtype=float32)",3.637,0.002960905432701111
"tf.Tensor(4.87, shape=(), dtype=float32)",7.902,0.002960905432701111
"tf.Tensor(3.36, shape=(), dtype=float32)",5.094,0.002960905432701111
"tf.Tensor(3.57, shape=(), dtype=float32)",4.164,0.002960905432701111
"tf.Tensor(47.71, shape=(), dtype=float32)",50.25,0.002960905432701111
"tf.Tensor(64.31, shape=(), dtype=float32)",51.84,0.002960905432701111
"tf.Tensor(46.54, shape=(), dtype=float32)",48.88,0.002960905432701111
"tf.Tensor(63.82, shape=(), dtype=float32)",53.72,0.002960905432701111
"tf.Tensor(6.31, shape=(), dtype=float32)",9.15,0.003757365047931671
"tf.Tensor(62.51, shape=(), dtype=float32)",49.25,0.003757365047931671
"tf.Tensor(7.33, shape=(), dtype=float32)",10.0,0.003757365047931671
"tf.Tensor(45.54, shape=(), dtype=float32)",49.1,0.003757365047931671
"tf.Tensor(63.91, shape=(), dtype=float32)",52.16,0.003757365047931671
"tf.Tensor(65.39, shape=(), dtype=float32)",51.7,0.003757365047931671
"tf.Tensor(2.68, shape=(), dtype=float32)",4.477,0.003757365047931671
"tf.Tensor(55.62, shape=(), dtype=float32)",53.22,0.003757365047931671
"tf.Tensor(64.07, shape=(), dtype=float32)",53.16,0.003757365047931671
"tf.Tensor(22.25, shape=(), dtype=float32)",32.1,0.003757365047931671
"tf.Tensor(6.72, shape=(), dtype=float32)",10.76,0.003757365047931671
"tf.Tensor(30.26, shape=(), dtype=float32)",38.38,0.003757365047931671
"tf.Tensor(63.84, shape=(), dtype=float32)",54.75,0.003757365047931671
"tf.Tensor(4.15, shape=(), dtype=float32)",6.363,0.003757365047931671
"tf.Tensor(30.23, shape=(), dtype=float32)",39.6,0.003757365047931671
"tf.Tensor(12.87, shape=(), dtype=float32)",17.17,0.003757365047931671
"tf.Tensor(12.8, shape=(), dtype=float32)",17.72,0.003757365047931671
"tf.Tensor(43.63, shape=(), dtype=float32)",46.8,0.003757365047931671
"tf.Tensor(64.11, shape=(), dtype=float32)",48.4,0.003757365047931671
"tf.Tensor(52.56, shape=(), dtype=float32)",51.25,0.003757365047931671
"tf.Tensor(7.67, shape=(), dtype=float32)",9.76,0.003757365047931671
"tf.Tensor(62.31, shape=(), dtype=float32)",56.97,0.003757365047931671
"tf.Tensor(65.3, shape=(), dtype=float32)",54.16,0.003757365047931671
"tf.Tensor(31.44, shape=(), dtype=float32)",40.0,0.003757365047931671
"tf.Tensor(61.79, shape=(), dtype=float32)",53.06,0.003757365047931671
"tf.Tensor(5.49, shape=(), dtype=float32)",7.492,0.003757365047931671
"tf.Tensor(61.88, shape=(), dtype=float32)",48.2,0.003757365047931671
"tf.Tensor(7.56, shape=(), dtype=float32)",9.23,0.003757365047931671
"tf.Tensor(47.07, shape=(), dtype=float32)",45.12,0.003757365047931671
"tf.Tensor(6.38, shape=(), dtype=float32)",9.61,0.003757365047931671
"tf.Tensor(64.33, shape=(), dtype=float32)",54.8,0.003757365047931671
"tf.Tensor(59.82, shape=(), dtype=float32)",52.47,0.003757365047931671
"tf.Tensor(4.12, shape=(), dtype=float32)",6.816,0.00306808203458786
"tf.Tensor(22.33, shape=(), dtype=float32)",30.78,0.00306808203458786
"tf.Tensor(45.07, shape=(), dtype=float32)",47.6,0.00306808203458786
"tf.Tensor(46.8, shape=(), dtype=float32)",50.06,0.00306808203458786
"tf.Tensor(6.93, shape=(), dtype=float32)",10.13,0.00306808203458786
"tf.Tensor(65.36, shape=(), dtype=float32)",52.2,0.00306808203458786
"tf.Tensor(64.42, shape=(), dtype=float32)",58.4,0.00306808203458786
"tf.Tensor(65.3, shape=(), dtype=float32)",52.22,0.00306808203458786
"tf.Tensor(5.66, shape=(), dtype=float32)",8.06,0.00306808203458786
"tf.Tensor(6.52, shape=(), dtype=float32)",9.76,0.00306808203458786
"tf.Tensor(63.93, shape=(), dtype=float32)",53.62,0.00306808203458786
"tf.Tensor(26.08, shape=(), dtype=float32)",37.16,0.00306808203458786
"tf.Tensor(6.84, shape=(), dtype=float32)",9.74,0.00306808203458786
"tf.Tensor(50.24, shape=(), dtype=float32)",47.56,0.00306808203458786
"tf.Tensor(56.74, shape=(), dtype=float32)",48.7,0.00306808203458786
"tf.Tensor(4.46, shape=(), dtype=float32)",7.246,0.00306808203458786
"tf.Tensor(3.34, shape=(), dtype=float32)",4.72,0.00306808203458786
"tf.Tensor(2.75, shape=(), dtype=float32)",3.348,0.00306808203458786
"tf.Tensor(5.3, shape=(), dtype=float32)",7.906,0.00306808203458786
"tf.Tensor(63.12, shape=(), dtype=float32)",48.16,0.00306808203458786
"tf.Tensor(27.74, shape=(), dtype=float32)",33.47,0.00306808203458786
"tf.Tensor(63.46, shape=(), dtype=float32)",51.22,0.00306808203458786
"tf.Tensor(3.4, shape=(), dtype=float32)",4.535,0.00306808203458786
"tf.Tensor(47.21, shape=(), dtype=float32)",48.6,0.00306808203458786
"tf.Tensor(3.32, shape=(), dtype=float32)",5.242,0.00306808203458786
"tf.Tensor(3.6, shape=(), dtype=float32)",4.734,0.00306808203458786
"tf.Tensor(42.78, shape=(), dtype=float32)",44.72,0.00306808203458786
"tf.Tensor(16.47, shape=(), dtype=float32)",21.2,0.00306808203458786
"tf.Tensor(5.41, shape=(), dtype=float32)",8.0,0.00306808203458786
"tf.Tensor(39.22, shape=(), dtype=float32)",39.53,0.00306808203458786
"tf.Tensor(5.78, shape=(), dtype=float32)",8.18,0.00306808203458786
"tf.Tensor(8.29, shape=(), dtype=float32)",10.516,0.00306808203458786
"tf.Tensor(38.74, shape=(), dtype=float32)",46.12,0.0029933378100395203
"tf.Tensor(53.83, shape=(), dtype=float32)",51.25,0.0029933378100395203
"tf.Tensor(58.81, shape=(), dtype=float32)",46.4,0.0029933378100395203
"tf.Tensor(43.47, shape=(), dtype=float32)",46.2,0.0029933378100395203
"tf.Tensor(63.84, shape=(), dtype=float32)",50.97,0.0029933378100395203
"tf.Tensor(64.37, shape=(), dtype=float32)",56.94,0.0029933378100395203
"tf.Tensor(5.55, shape=(), dtype=float32)",8.1,0.0029933378100395203
"tf.Tensor(65.35, shape=(), dtype=float32)",52.75,0.0029933378100395203
"tf.Tensor(59.5, shape=(), dtype=float32)",46.12,0.0029933378100395203
"tf.Tensor(12.32, shape=(), dtype=float32)",15.664,0.0029933378100395203
"tf.Tensor(5.45, shape=(), dtype=float32)",7.87,0.0029933378100395203
"tf.Tensor(4.63, shape=(), dtype=float32)",7.08,0.0029933378100395203
"tf.Tensor(64.79, shape=(), dtype=float32)",51.94,0.0029933378100395203
"tf.Tensor(4.13, shape=(), dtype=float32)",6.09,0.0029933378100395203
"tf.Tensor(45.29, shape=(), dtype=float32)",49.53,0.0029933378100395203
"tf.Tensor(63.69, shape=(), dtype=float32)",53.06,0.0029933378100395203
"tf.Tensor(12.64, shape=(), dtype=float32)",18.0,0.0029933378100395203
"tf.Tensor(64.36, shape=(), dtype=float32)",57.78,0.0029933378100395203
"tf.Tensor(3.7, shape=(), dtype=float32)",5.473,0.0029933378100395203
"tf.Tensor(2.57, shape=(), dtype=float32)",3.32,0.0029933378100395203
"tf.Tensor(3.08, shape=(), dtype=float32)",4.934,0.0029933378100395203
"tf.Tensor(2.99, shape=(), dtype=float32)",4.543,0.0029933378100395203
"tf.Tensor(64.53, shape=(), dtype=float32)",48.94,0.0029933378100395203
"tf.Tensor(8.9, shape=(), dtype=float32)",14.64,0.0029933378100395203
"tf.Tensor(64.99, shape=(), dtype=float32)",52.28,0.0029933378100395203
"tf.Tensor(3.91, shape=(), dtype=float32)",5.55,0.0029933378100395203
"tf.Tensor(5.98, shape=(), dtype=float32)",8.78,0.0029933378100395203
"tf.Tensor(2.94, shape=(), dtype=float32)",4.92,0.0029933378100395203
"tf.Tensor(7.67, shape=(), dtype=float32)",9.89,0.0029933378100395203
"tf.Tensor(38.49, shape=(), dtype=float32)",45.78,0.0029933378100395203
"tf.Tensor(3.55, shape=(), dtype=float32)",4.363,0.0029933378100395203
"tf.Tensor(65.37, shape=(), dtype=float32)",53.28,0.0029933378100395203
"tf.Tensor(3.27, shape=(), dtype=float32)",4.36,0.0026801079511642456
"tf.Tensor(6.17, shape=(), dtype=float32)",7.695,0.0026801079511642456
"tf.Tensor(48.4, shape=(), dtype=float32)",50.97,0.0026801079511642456
"tf.Tensor(9.28, shape=(), dtype=float32)",9.945,0.0026801079511642456
"tf.Tensor(5.05, shape=(), dtype=float32)",7.375,0.0026801079511642456
"tf.Tensor(58.13, shape=(), dtype=float32)",54.75,0.0026801079511642456
"tf.Tensor(62.82, shape=(), dtype=float32)",47.22,0.0026801079511642456
"tf.Tensor(5.86, shape=(), dtype=float32)",8.93,0.0026801079511642456
"tf.Tensor(64.17, shape=(), dtype=float32)",50.6,0.0026801079511642456
"tf.Tensor(63.13, shape=(), dtype=float32)",50.88,0.0026801079511642456
"tf.Tensor(5.01, shape=(), dtype=float32)",7.535,0.0026801079511642456
"tf.Tensor(9.61, shape=(), dtype=float32)",10.586,0.0026801079511642456
"tf.Tensor(63.3, shape=(), dtype=float32)",54.75,0.0026801079511642456
"tf.Tensor(5.45, shape=(), dtype=float32)",7.836,0.0026801079511642456
"tf.Tensor(65.25, shape=(), dtype=float32)",51.4,0.0026801079511642456
"tf.Tensor(4.47, shape=(), dtype=float32)",6.07,0.0026801079511642456
"tf.Tensor(6.6, shape=(), dtype=float32)",8.695,0.0026801079511642456
"tf.Tensor(8.33, shape=(), dtype=float32)",10.16,0.0026801079511642456
"tf.Tensor(42.23, shape=(), dtype=float32)",47.8,0.0026801079511642456
"tf.Tensor(63.9, shape=(), dtype=float32)",53.88,0.0026801079511642456
"tf.Tensor(4.88, shape=(), dtype=float32)",6.31,0.0026801079511642456
"tf.Tensor(4.46, shape=(), dtype=float32)",6.887,0.0026801079511642456
"tf.Tensor(4.62, shape=(), dtype=float32)",6.92,0.0026801079511642456
"tf.Tensor(64.32, shape=(), dtype=float32)",57.6,0.0026801079511642456
"tf.Tensor(62.76, shape=(), dtype=float32)",54.7,0.0026801079511642456
"tf.Tensor(7.25, shape=(), dtype=float32)",9.17,0.0026801079511642456
"tf.Tensor(60.85, shape=(), dtype=float32)",56.7,0.0026801079511642456
"tf.Tensor(64.03, shape=(), dtype=float32)",54.25,0.0026801079511642456
"tf.Tensor(3.22, shape=(), dtype=float32)",4.58,0.0026801079511642456
"tf.Tensor(5.89, shape=(), dtype=float32)",8.17,0.0026801079511642456
"tf.Tensor(5.31, shape=(), dtype=float32)",7.863,0.0026801079511642456
"tf.Tensor(5.18, shape=(), dtype=float32)",7.48,0.0026801079511642456
"tf.Tensor(3.6, shape=(), dtype=float32)",4.78,0.005539663136005402
"tf.Tensor(63.4, shape=(), dtype=float32)",53.5,0.005539663136005402
"tf.Tensor(5.55, shape=(), dtype=float32)",7.555,0.005539663136005402
"tf.Tensor(21.07, shape=(), dtype=float32)",31.86,0.005539663136005402
"tf.Tensor(3.83, shape=(), dtype=float32)",5.36,0.005539663136005402
"tf.Tensor(3.27, shape=(), dtype=float32)",4.703,0.005539663136005402
"tf.Tensor(51.61, shape=(), dtype=float32)",50.6,0.005539663136005402
"tf.Tensor(63.89, shape=(), dtype=float32)",54.6,0.005539663136005402
"tf.Tensor(21.18, shape=(), dtype=float32)",34.03,0.005539663136005402
"tf.Tensor(65.13, shape=(), dtype=float32)",55.9,0.005539663136005402
"tf.Tensor(9.82, shape=(), dtype=float32)",11.01,0.005539663136005402
"tf.Tensor(64.85, shape=(), dtype=float32)",53.2,0.005539663136005402
"tf.Tensor(64.48, shape=(), dtype=float32)",57.06,0.005539663136005402
"tf.Tensor(42.06, shape=(), dtype=float32)",41.94,0.005539663136005402
"tf.Tensor(64.14, shape=(), dtype=float32)",51.28,0.005539663136005402
"tf.Tensor(49.64, shape=(), dtype=float32)",42.0,0.005539663136005402
"tf.Tensor(61.51, shape=(), dtype=float32)",48.5,0.005539663136005402
"tf.Tensor(12.48, shape=(), dtype=float32)",15.92,0.005539663136005402
"tf.Tensor(64.16, shape=(), dtype=float32)",54.6,0.005539663136005402
"tf.Tensor(62.42, shape=(), dtype=float32)",50.38,0.005539663136005402
"tf.Tensor(60.29, shape=(), dtype=float32)",51.84,0.005539663136005402
"tf.Tensor(49.3, shape=(), dtype=float32)",47.4,0.005539663136005402
"tf.Tensor(65.16, shape=(), dtype=float32)",51.47,0.005539663136005402
"tf.Tensor(58.8, shape=(), dtype=float32)",54.7,0.005539663136005402
"tf.Tensor(37.25, shape=(), dtype=float32)",44.03,0.005539663136005402
"tf.Tensor(46.74, shape=(), dtype=float32)",44.16,0.005539663136005402
"tf.Tensor(65.1, shape=(), dtype=float32)",56.2,0.005539663136005402
"tf.Tensor(5.17, shape=(), dtype=float32)",6.65,0.005539663136005402
"tf.Tensor(8.29, shape=(), dtype=float32)",12.06,0.005539663136005402
"tf.Tensor(65.31, shape=(), dtype=float32)",55.44,0.005539663136005402
"tf.Tensor(63.1, shape=(), dtype=float32)",51.25,0.005539663136005402
"tf.Tensor(7.92, shape=(), dtype=float32)",10.03,0.005539663136005402
"tf.Tensor(64.43, shape=(), dtype=float32)",55.88,0.0031655877828598022
"tf.Tensor(65.33, shape=(), dtype=float32)",50.2,0.0031655877828598022
"tf.Tensor(5.19, shape=(), dtype=float32)",7.168,0.0031655877828598022
"tf.Tensor(3.76, shape=(), dtype=float32)",4.703,0.0031655877828598022
"tf.Tensor(8.37, shape=(), dtype=float32)",10.01,0.0031655877828598022
"tf.Tensor(2.68, shape=(), dtype=float32)",3.879,0.0031655877828598022
"tf.Tensor(61.77, shape=(), dtype=float32)",52.88,0.0031655877828598022
"tf.Tensor(63.96, shape=(), dtype=float32)",53.56,0.0031655877828598022
"tf.Tensor(65.3, shape=(), dtype=float32)",55.06,0.0031655877828598022
"tf.Tensor(7.35, shape=(), dtype=float32)",9.62,0.0031655877828598022
"tf.Tensor(9.38, shape=(), dtype=float32)",10.625,0.0031655877828598022
"tf.Tensor(64.43, shape=(), dtype=float32)",57.7,0.0031655877828598022
"tf.Tensor(12.89, shape=(), dtype=float32)",17.89,0.0031655877828598022
"tf.Tensor(7.7, shape=(), dtype=float32)",10.38,0.0031655877828598022
"tf.Tensor(8.73, shape=(), dtype=float32)",9.67,0.0031655877828598022
"tf.Tensor(63.44, shape=(), dtype=float32)",55.4,0.0031655877828598022
"tf.Tensor(4.88, shape=(), dtype=float32)",7.785,0.0031655877828598022
"tf.Tensor(3.61, shape=(), dtype=float32)",5.395,0.0031655877828598022
"tf.Tensor(59.03, shape=(), dtype=float32)",55.38,0.0031655877828598022
"tf.Tensor(65.06, shape=(), dtype=float32)",51.25,0.0031655877828598022
"tf.Tensor(6.5, shape=(), dtype=float32)",9.41,0.0031655877828598022
"tf.Tensor(58.39, shape=(), dtype=float32)",53.66,0.0031655877828598022
"tf.Tensor(5.57, shape=(), dtype=float32)",8.39,0.0031655877828598022
"tf.Tensor(2.46, shape=(), dtype=float32)",3.723,0.0031655877828598022
"tf.Tensor(16.79, shape=(), dtype=float32)",24.92,0.0031655877828598022
"tf.Tensor(5.98, shape=(), dtype=float32)",8.86,0.0031655877828598022
"tf.Tensor(31.67, shape=(), dtype=float32)",39.7,0.0031655877828598022
"tf.Tensor(65.24, shape=(), dtype=float32)",54.3,0.0031655877828598022
"tf.Tensor(55.67, shape=(), dtype=float32)",54.88,0.0031655877828598022
"tf.Tensor(5.63, shape=(), dtype=float32)",7.91,0.0031655877828598022
"tf.Tensor(59.49, shape=(), dtype=float32)",48.16,0.0031655877828598022
"tf.Tensor(3.58, shape=(), dtype=float32)",4.977,0.0031655877828598022
"tf.Tensor(6.6, shape=(), dtype=float32)",8.945,0.002951584756374359
"tf.Tensor(65.37, shape=(), dtype=float32)",56.3,0.002951584756374359
"tf.Tensor(26.37, shape=(), dtype=float32)",33.8,0.002951584756374359
"tf.Tensor(63.91, shape=(), dtype=float32)",50.25,0.002951584756374359
"tf.Tensor(33.79, shape=(), dtype=float32)",45.5,0.002951584756374359
"tf.Tensor(3.52, shape=(), dtype=float32)",5.42,0.002951584756374359
"tf.Tensor(64.2, shape=(), dtype=float32)",54.1,0.002951584756374359
"tf.Tensor(3.08, shape=(), dtype=float32)",4.71,0.002951584756374359
"tf.Tensor(4.09, shape=(), dtype=float32)",6.48,0.002951584756374359
"tf.Tensor(51.89, shape=(), dtype=float32)",44.47,0.002951584756374359
"tf.Tensor(5.49, shape=(), dtype=float32)",8.234,0.002951584756374359
"tf.Tensor(65.27, shape=(), dtype=float32)",53.34,0.002951584756374359
"tf.Tensor(2.57, shape=(), dtype=float32)",4.023,0.002951584756374359
"tf.Tensor(7.65, shape=(), dtype=float32)",10.68,0.002951584756374359
"tf.Tensor(6.2, shape=(), dtype=float32)",8.516,0.002951584756374359
"tf.Tensor(63.65, shape=(), dtype=float32)",48.0,0.002951584756374359
"tf.Tensor(2.89, shape=(), dtype=float32)",3.879,0.002951584756374359
"tf.Tensor(3.94, shape=(), dtype=float32)",4.816,0.002951584756374359
"tf.Tensor(58.91, shape=(), dtype=float32)",54.88,0.002951584756374359
"tf.Tensor(65.44, shape=(), dtype=float32)",51.53,0.002951584756374359
"tf.Tensor(65.4, shape=(), dtype=float32)",50.84,0.002951584756374359
"tf.Tensor(65.21, shape=(), dtype=float32)",50.25,0.002951584756374359
"tf.Tensor(64.68, shape=(), dtype=float32)",50.2,0.002951584756374359
"tf.Tensor(2.38, shape=(), dtype=float32)",3.7,0.002951584756374359
"tf.Tensor(10.27, shape=(), dtype=float32)",11.73,0.002951584756374359
"tf.Tensor(7.58, shape=(), dtype=float32)",9.516,0.002951584756374359
"tf.Tensor(3.83, shape=(), dtype=float32)",5.25,0.002951584756374359
"tf.Tensor(11.29, shape=(), dtype=float32)",11.57,0.002951584756374359
"tf.Tensor(6.45, shape=(), dtype=float32)",9.625,0.002951584756374359
"tf.Tensor(7.64, shape=(), dtype=float32)",9.875,0.002951584756374359
"tf.Tensor(57.87, shape=(), dtype=float32)",51.1,0.002951584756374359
"tf.Tensor(62.45, shape=(), dtype=float32)",51.97,0.002951584756374359
"tf.Tensor(6.57, shape=(), dtype=float32)",9.24,0.003726571798324585
"tf.Tensor(9.25, shape=(), dtype=float32)",9.68,0.003726571798324585
"tf.Tensor(7.15, shape=(), dtype=float32)",10.45,0.003726571798324585
"tf.Tensor(64.45, shape=(), dtype=float32)",56.44,0.003726571798324585
"tf.Tensor(63.64, shape=(), dtype=float32)",50.28,0.003726571798324585
"tf.Tensor(5.36, shape=(), dtype=float32)",6.5,0.003726571798324585
"tf.Tensor(8.19, shape=(), dtype=float32)",13.19,0.003726571798324585
"tf.Tensor(50.8, shape=(), dtype=float32)",49.06,0.003726571798324585
"tf.Tensor(64.5, shape=(), dtype=float32)",55.47,0.003726571798324585
"tf.Tensor(65.23, shape=(), dtype=float32)",48.56,0.003726571798324585
"tf.Tensor(64.41, shape=(), dtype=float32)",55.66,0.003726571798324585
"tf.Tensor(12.54, shape=(), dtype=float32)",21.12,0.003726571798324585
"tf.Tensor(7.23, shape=(), dtype=float32)",9.99,0.003726571798324585
"tf.Tensor(5.18, shape=(), dtype=float32)",6.496,0.003726571798324585
"tf.Tensor(38.03, shape=(), dtype=float32)",47.62,0.003726571798324585
"tf.Tensor(64.54, shape=(), dtype=float32)",55.44,0.003726571798324585
"tf.Tensor(57.07, shape=(), dtype=float32)",48.62,0.003726571798324585
"tf.Tensor(65.5, shape=(), dtype=float32)",54.88,0.003726571798324585
"tf.Tensor(7.53, shape=(), dtype=float32)",9.375,0.003726571798324585
"tf.Tensor(65.08, shape=(), dtype=float32)",51.97,0.003726571798324585
"tf.Tensor(5.36, shape=(), dtype=float32)",7.703,0.003726571798324585
"tf.Tensor(33.38, shape=(), dtype=float32)",34.38,0.003726571798324585
"tf.Tensor(14.83, shape=(), dtype=float32)",20.33,0.003726571798324585
"tf.Tensor(56.61, shape=(), dtype=float32)",50.16,0.003726571798324585
"tf.Tensor(65.24, shape=(), dtype=float32)",53.8,0.003726571798324585
"tf.Tensor(65.19, shape=(), dtype=float32)",55.22,0.003726571798324585
"tf.Tensor(16.82, shape=(), dtype=float32)",24.12,0.003726571798324585
"tf.Tensor(3.13, shape=(), dtype=float32)",4.91,0.003726571798324585
"tf.Tensor(64.83, shape=(), dtype=float32)",51.75,0.003726571798324585
"tf.Tensor(42.22, shape=(), dtype=float32)",47.06,0.003726571798324585
"tf.Tensor(39.19, shape=(), dtype=float32)",45.3,0.003726571798324585
"tf.Tensor(52.54, shape=(), dtype=float32)",46.88,0.003726571798324585
"tf.Tensor(52.21, shape=(), dtype=float32)",46.66,0.005591295659542084
"tf.Tensor(1.98, shape=(), dtype=float32)",3.04,0.005591295659542084
"tf.Tensor(2.4, shape=(), dtype=float32)",3.602,0.005591295659542084
"tf.Tensor(42.05, shape=(), dtype=float32)",43.22,0.005591295659542084
"tf.Tensor(6.34, shape=(), dtype=float32)",9.09,0.005591295659542084
"tf.Tensor(2.09, shape=(), dtype=float32)",2.879,0.005591295659542084
"tf.Tensor(3.86, shape=(), dtype=float32)",5.49,0.005591295659542084
"tf.Tensor(9.18, shape=(), dtype=float32)",9.82,0.005591295659542084
"tf.Tensor(29.5, shape=(), dtype=float32)",33.62,0.005591295659542084
"tf.Tensor(64.13, shape=(), dtype=float32)",49.6,0.005591295659542084
"tf.Tensor(6.81, shape=(), dtype=float32)",9.664,0.005591295659542084
"tf.Tensor(7.44, shape=(), dtype=float32)",10.06,0.005591295659542084
"tf.Tensor(63.61, shape=(), dtype=float32)",52.84,0.005591295659542084
"tf.Tensor(5.28, shape=(), dtype=float32)",8.234,0.005591295659542084
"tf.Tensor(65.2, shape=(), dtype=float32)",53.84,0.005591295659542084
"tf.Tensor(64.32, shape=(), dtype=float32)",49.97,0.005591295659542084
"tf.Tensor(3.6, shape=(), dtype=float32)",5.203,0.005591295659542084
"tf.Tensor(48.57, shape=(), dtype=float32)",48.0,0.005591295659542084
"tf.Tensor(6.1, shape=(), dtype=float32)",8.336,0.005591295659542084
"tf.Tensor(54.64, shape=(), dtype=float32)",55.4,0.005591295659542084
"tf.Tensor(64.7, shape=(), dtype=float32)",55.28,0.005591295659542084
"tf.Tensor(4.04, shape=(), dtype=float32)",6.457,0.005591295659542084
"tf.Tensor(3.5, shape=(), dtype=float32)",5.496,0.005591295659542084
"tf.Tensor(55.38, shape=(), dtype=float32)",44.06,0.005591295659542084
"tf.Tensor(52.03, shape=(), dtype=float32)",49.66,0.005591295659542084
"tf.Tensor(36.44, shape=(), dtype=float32)",43.5,0.005591295659542084
"tf.Tensor(6.18, shape=(), dtype=float32)",8.81,0.005591295659542084
"tf.Tensor(63.58, shape=(), dtype=float32)",51.12,0.005591295659542084
"tf.Tensor(5.26, shape=(), dtype=float32)",8.2,0.005591295659542084
"tf.Tensor(6.67, shape=(), dtype=float32)",8.16,0.005591295659542084
"tf.Tensor(63.7, shape=(), dtype=float32)",49.97,0.005591295659542084
"tf.Tensor(3.09, shape=(), dtype=float32)",4.44,0.005591295659542084
"tf.Tensor(5.44, shape=(), dtype=float32)",8.98,0.00314534455537796
"tf.Tensor(10.28, shape=(), dtype=float32)",14.266,0.00314534455537796
"tf.Tensor(63.26, shape=(), dtype=float32)",51.94,0.00314534455537796
"tf.Tensor(5.5, shape=(), dtype=float32)",7.96,0.00314534455537796
"tf.Tensor(5.89, shape=(), dtype=float32)",9.234,0.00314534455537796
"tf.Tensor(45.96, shape=(), dtype=float32)",49.0,0.00314534455537796
"tf.Tensor(36.68, shape=(), dtype=float32)",42.16,0.00314534455537796
"tf.Tensor(42.04, shape=(), dtype=float32)",51.72,0.00314534455537796
"tf.Tensor(64.76, shape=(), dtype=float32)",52.06,0.00314534455537796
"tf.Tensor(5.36, shape=(), dtype=float32)",8.15,0.00314534455537796
"tf.Tensor(14.31, shape=(), dtype=float32)",22.53,0.00314534455537796
"tf.Tensor(7.47, shape=(), dtype=float32)",9.6,0.00314534455537796
"tf.Tensor(9.73, shape=(), dtype=float32)",10.97,0.00314534455537796
"tf.Tensor(3.78, shape=(), dtype=float32)",5.27,0.00314534455537796
"tf.Tensor(65.19, shape=(), dtype=float32)",50.9,0.00314534455537796
"tf.Tensor(46.17, shape=(), dtype=float32)",50.44,0.00314534455537796
"tf.Tensor(3.14, shape=(), dtype=float32)",4.65,0.00314534455537796
"tf.Tensor(5.8, shape=(), dtype=float32)",6.52,0.00314534455537796
"tf.Tensor(5.96, shape=(), dtype=float32)",7.824,0.00314534455537796
"tf.Tensor(64.68, shape=(), dtype=float32)",56.88,0.00314534455537796
"tf.Tensor(5.2, shape=(), dtype=float32)",7.938,0.00314534455537796
"tf.Tensor(7.62, shape=(), dtype=float32)",9.62,0.00314534455537796
"tf.Tensor(4.46, shape=(), dtype=float32)",7.28,0.00314534455537796
"tf.Tensor(8.44, shape=(), dtype=float32)",9.27,0.00314534455537796
"tf.Tensor(5.29, shape=(), dtype=float32)",8.164,0.00314534455537796
"tf.Tensor(64.71, shape=(), dtype=float32)",54.56,0.00314534455537796
"tf.Tensor(65.0, shape=(), dtype=float32)",54.78,0.00314534455537796
"tf.Tensor(34.48, shape=(), dtype=float32)",41.94,0.00314534455537796
"tf.Tensor(4.4, shape=(), dtype=float32)",6.8,0.00314534455537796
"tf.Tensor(4.71, shape=(), dtype=float32)",7.64,0.00314534455537796
"tf.Tensor(59.03, shape=(), dtype=float32)",51.38,0.00314534455537796
"tf.Tensor(64.13, shape=(), dtype=float32)",49.06,0.00314534455537796
"tf.Tensor(3.29, shape=(), dtype=float32)",4.098,0.003945216536521912
"tf.Tensor(51.88, shape=(), dtype=float32)",50.8,0.003945216536521912
"tf.Tensor(4.03, shape=(), dtype=float32)",6.633,0.003945216536521912
"tf.Tensor(65.27, shape=(), dtype=float32)",52.8,0.003945216536521912
"tf.Tensor(47.76, shape=(), dtype=float32)",45.88,0.003945216536521912
"tf.Tensor(43.88, shape=(), dtype=float32)",50.38,0.003945216536521912
"tf.Tensor(5.3, shape=(), dtype=float32)",8.195,0.003945216536521912
"tf.Tensor(28.96, shape=(), dtype=float32)",40.12,0.003945216536521912
"tf.Tensor(64.84, shape=(), dtype=float32)",52.2,0.003945216536521912
"tf.Tensor(3.05, shape=(), dtype=float32)",4.812,0.003945216536521912
"tf.Tensor(60.54, shape=(), dtype=float32)",53.28,0.003945216536521912
"tf.Tensor(65.04, shape=(), dtype=float32)",51.53,0.003945216536521912
"tf.Tensor(2.47, shape=(), dtype=float32)",4.03,0.003945216536521912
"tf.Tensor(56.99, shape=(), dtype=float32)",50.1,0.003945216536521912
"tf.Tensor(58.05, shape=(), dtype=float32)",53.72,0.003945216536521912
"tf.Tensor(4.63, shape=(), dtype=float32)",6.27,0.003945216536521912
"tf.Tensor(2.89, shape=(), dtype=float32)",5.227,0.003945216536521912
"tf.Tensor(64.24, shape=(), dtype=float32)",55.38,0.003945216536521912
"tf.Tensor(56.52, shape=(), dtype=float32)",53.34,0.003945216536521912
"tf.Tensor(65.29, shape=(), dtype=float32)",56.34,0.003945216536521912
"tf.Tensor(37.36, shape=(), dtype=float32)",43.34,0.003945216536521912
"tf.Tensor(38.68, shape=(), dtype=float32)",45.8,0.003945216536521912
"tf.Tensor(51.69, shape=(), dtype=float32)",46.53,0.003945216536521912
"tf.Tensor(7.91, shape=(), dtype=float32)",10.38,0.003945216536521912
"tf.Tensor(63.97, shape=(), dtype=float32)",51.53,0.003945216536521912
"tf.Tensor(62.7, shape=(), dtype=float32)",51.66,0.003945216536521912
"tf.Tensor(4.93, shape=(), dtype=float32)",6.055,0.003945216536521912
"tf.Tensor(8.08, shape=(), dtype=float32)",9.914,0.003945216536521912
"tf.Tensor(3.91, shape=(), dtype=float32)",5.742,0.003945216536521912
"tf.Tensor(9.23, shape=(), dtype=float32)",12.14,0.003945216536521912
"tf.Tensor(60.22, shape=(), dtype=float32)",51.34,0.003945216536521912
"tf.Tensor(63.61, shape=(), dtype=float32)",55.53,0.003945216536521912
"tf.Tensor(8.77, shape=(), dtype=float32)",13.984,0.003553032875061035
"tf.Tensor(60.87, shape=(), dtype=float32)",51.25,0.003553032875061035
"tf.Tensor(65.1, shape=(), dtype=float32)",56.47,0.003553032875061035
"tf.Tensor(4.09, shape=(), dtype=float32)",7.05,0.003553032875061035
"tf.Tensor(7.09, shape=(), dtype=float32)",10.13,0.003553032875061035
"tf.Tensor(9.95, shape=(), dtype=float32)",11.12,0.003553032875061035
"tf.Tensor(64.68, shape=(), dtype=float32)",55.62,0.003553032875061035
"tf.Tensor(55.76, shape=(), dtype=float32)",54.28,0.003553032875061035
"tf.Tensor(8.09, shape=(), dtype=float32)",11.48,0.003553032875061035
"tf.Tensor(62.13, shape=(), dtype=float32)",50.53,0.003553032875061035
"tf.Tensor(5.48, shape=(), dtype=float32)",7.91,0.003553032875061035
"tf.Tensor(3.96, shape=(), dtype=float32)",5.03,0.003553032875061035
"tf.Tensor(6.81, shape=(), dtype=float32)",9.16,0.003553032875061035
"tf.Tensor(3.32, shape=(), dtype=float32)",4.445,0.003553032875061035
"tf.Tensor(41.4, shape=(), dtype=float32)",47.56,0.003553032875061035
"tf.Tensor(3.94, shape=(), dtype=float32)",4.727,0.003553032875061035
"tf.Tensor(64.81, shape=(), dtype=float32)",51.12,0.003553032875061035
"tf.Tensor(37.57, shape=(), dtype=float32)",45.7,0.003553032875061035
"tf.Tensor(63.68, shape=(), dtype=float32)",54.53,0.003553032875061035
"tf.Tensor(49.04, shape=(), dtype=float32)",49.78,0.003553032875061035
"tf.Tensor(6.6, shape=(), dtype=float32)",8.8,0.003553032875061035
"tf.Tensor(64.89, shape=(), dtype=float32)",51.03,0.003553032875061035
"tf.Tensor(39.2, shape=(), dtype=float32)",46.47,0.003553032875061035
"tf.Tensor(64.29, shape=(), dtype=float32)",49.5,0.003553032875061035
"tf.Tensor(65.27, shape=(), dtype=float32)",55.84,0.003553032875061035
"tf.Tensor(55.02, shape=(), dtype=float32)",52.56,0.003553032875061035
"tf.Tensor(65.17, shape=(), dtype=float32)",53.1,0.003553032875061035
"tf.Tensor(56.93, shape=(), dtype=float32)",51.97,0.003553032875061035
"tf.Tensor(64.13, shape=(), dtype=float32)",52.72,0.003553032875061035
"tf.Tensor(65.18, shape=(), dtype=float32)",53.6,0.003553032875061035
"tf.Tensor(58.76, shape=(), dtype=float32)",50.94,0.003553032875061035
"tf.Tensor(6.75, shape=(), dtype=float32)",8.62,0.003553032875061035
"tf.Tensor(48.97, shape=(), dtype=float32)",48.84,0.0029946044087409973
"tf.Tensor(5.17, shape=(), dtype=float32)",6.85,0.0029946044087409973
"tf.Tensor(13.55, shape=(), dtype=float32)",17.55,0.0029946044087409973
"tf.Tensor(46.7, shape=(), dtype=float32)",47.84,0.0029946044087409973
"tf.Tensor(63.9, shape=(), dtype=float32)",54.97,0.0029946044087409973
"tf.Tensor(11.27, shape=(), dtype=float32)",14.47,0.0029946044087409973
"tf.Tensor(52.98, shape=(), dtype=float32)",50.03,0.0029946044087409973
"tf.Tensor(30.65, shape=(), dtype=float32)",40.0,0.0029946044087409973
"tf.Tensor(64.32, shape=(), dtype=float32)",49.6,0.0029946044087409973
"tf.Tensor(61.24, shape=(), dtype=float32)",57.1,0.0029946044087409973
"tf.Tensor(5.22, shape=(), dtype=float32)",7.633,0.0029946044087409973
"tf.Tensor(64.19, shape=(), dtype=float32)",50.62,0.0029946044087409973
"tf.Tensor(62.88, shape=(), dtype=float32)",55.66,0.0029946044087409973
"tf.Tensor(9.48, shape=(), dtype=float32)",12.32,0.0029946044087409973
"tf.Tensor(19.44, shape=(), dtype=float32)",28.31,0.0029946044087409973
"tf.Tensor(62.99, shape=(), dtype=float32)",54.8,0.0029946044087409973
"tf.Tensor(3.31, shape=(), dtype=float32)",4.906,0.0029946044087409973
"tf.Tensor(45.72, shape=(), dtype=float32)",47.34,0.0029946044087409973
"tf.Tensor(61.83, shape=(), dtype=float32)",48.6,0.0029946044087409973
"tf.Tensor(64.23, shape=(), dtype=float32)",53.38,0.0029946044087409973
"tf.Tensor(64.07, shape=(), dtype=float32)",53.06,0.0029946044087409973
"tf.Tensor(4.37, shape=(), dtype=float32)",6.754,0.0029946044087409973
"tf.Tensor(3.18, shape=(), dtype=float32)",4.535,0.0029946044087409973
"tf.Tensor(3.21, shape=(), dtype=float32)",4.87,0.0029946044087409973
"tf.Tensor(64.26, shape=(), dtype=float32)",56.34,0.0029946044087409973
"tf.Tensor(23.9, shape=(), dtype=float32)",33.25,0.0029946044087409973
"tf.Tensor(9.99, shape=(), dtype=float32)",11.44,0.0029946044087409973
"tf.Tensor(56.95, shape=(), dtype=float32)",51.78,0.0029946044087409973
"tf.Tensor(4.71, shape=(), dtype=float32)",6.09,0.0029946044087409973
"tf.Tensor(64.86, shape=(), dtype=float32)",51.44,0.0029946044087409973
"tf.Tensor(3.85, shape=(), dtype=float32)",4.816,0.0029946044087409973
"tf.Tensor(52.17, shape=(), dtype=float32)",48.6,0.0029946044087409973
"tf.Tensor(64.88, shape=(), dtype=float32)",49.97,0.0027206093072891235
"tf.Tensor(52.48, shape=(), dtype=float32)",45.06,0.0027206093072891235
"tf.Tensor(57.04, shape=(), dtype=float32)",51.94,0.0027206093072891235
"tf.Tensor(4.8, shape=(), dtype=float32)",6.445,0.0027206093072891235
"tf.Tensor(63.93, shape=(), dtype=float32)",54.88,0.0027206093072891235
"tf.Tensor(64.35, shape=(), dtype=float32)",58.0,0.0027206093072891235
"tf.Tensor(31.95, shape=(), dtype=float32)",40.2,0.0027206093072891235
"tf.Tensor(63.85, shape=(), dtype=float32)",54.8,0.0027206093072891235
"tf.Tensor(52.27, shape=(), dtype=float32)",50.12,0.0027206093072891235
"tf.Tensor(6.12, shape=(), dtype=float32)",8.6,0.0027206093072891235
"tf.Tensor(65.13, shape=(), dtype=float32)",48.72,0.0027206093072891235
"tf.Tensor(4.9, shape=(), dtype=float32)",8.12,0.0027206093072891235
"tf.Tensor(3.12, shape=(), dtype=float32)",4.375,0.0027206093072891235
"tf.Tensor(58.84, shape=(), dtype=float32)",56.34,0.0027206093072891235
"tf.Tensor(64.21, shape=(), dtype=float32)",56.44,0.0027206093072891235
"tf.Tensor(65.18, shape=(), dtype=float32)",52.3,0.0027206093072891235
"tf.Tensor(37.41, shape=(), dtype=float32)",40.72,0.0027206093072891235
"tf.Tensor(3.69, shape=(), dtype=float32)",5.223,0.0027206093072891235
"tf.Tensor(45.96, shape=(), dtype=float32)",50.25,0.0027206093072891235
"tf.Tensor(65.29, shape=(), dtype=float32)",55.1,0.0027206093072891235
"tf.Tensor(6.35, shape=(), dtype=float32)",9.31,0.0027206093072891235
"tf.Tensor(65.35, shape=(), dtype=float32)",53.28,0.0027206093072891235
"tf.Tensor(40.98, shape=(), dtype=float32)",47.72,0.0027206093072891235
"tf.Tensor(5.19, shape=(), dtype=float32)",8.02,0.0027206093072891235
"tf.Tensor(6.6, shape=(), dtype=float32)",8.29,0.0027206093072891235
"tf.Tensor(38.55, shape=(), dtype=float32)",43.6,0.0027206093072891235
"tf.Tensor(3.9, shape=(), dtype=float32)",4.95,0.0027206093072891235
"tf.Tensor(17.36, shape=(), dtype=float32)",22.61,0.0027206093072891235
"tf.Tensor(43.72, shape=(), dtype=float32)",46.16,0.0027206093072891235
"tf.Tensor(63.2, shape=(), dtype=float32)",53.0,0.0027206093072891235
"tf.Tensor(8.36, shape=(), dtype=float32)",9.14,0.0027206093072891235
"tf.Tensor(28.07, shape=(), dtype=float32)",40.44,0.0027206093072891235
"tf.Tensor(7.91, shape=(), dtype=float32)",11.47,0.0030117183923721313
"tf.Tensor(62.76, shape=(), dtype=float32)",50.94,0.0030117183923721313
"tf.Tensor(7.09, shape=(), dtype=float32)",9.375,0.0030117183923721313
"tf.Tensor(4.55, shape=(), dtype=float32)",6.86,0.0030117183923721313
"tf.Tensor(17.78, shape=(), dtype=float32)",24.89,0.0030117183923721313
"tf.Tensor(6.39, shape=(), dtype=float32)",8.6,0.0030117183923721313
"tf.Tensor(64.13, shape=(), dtype=float32)",51.25,0.0030117183923721313
"tf.Tensor(65.22, shape=(), dtype=float32)",55.22,0.0030117183923721313
"tf.Tensor(64.49, shape=(), dtype=float32)",53.72,0.0030117183923721313
"tf.Tensor(9.89, shape=(), dtype=float32)",10.94,0.0030117183923721313
"tf.Tensor(64.39, shape=(), dtype=float32)",55.94,0.0030117183923721313
"tf.Tensor(64.53, shape=(), dtype=float32)",54.12,0.0030117183923721313
"tf.Tensor(15.37, shape=(), dtype=float32)",18.69,0.0030117183923721313
"tf.Tensor(28.0, shape=(), dtype=float32)",36.97,0.0030117183923721313
"tf.Tensor(4.04, shape=(), dtype=float32)",6.242,0.0030117183923721313
"tf.Tensor(3.69, shape=(), dtype=float32)",5.086,0.0030117183923721313
"tf.Tensor(2.92, shape=(), dtype=float32)",3.898,0.0030117183923721313
"tf.Tensor(63.98, shape=(), dtype=float32)",55.9,0.0030117183923721313
"tf.Tensor(3.86, shape=(), dtype=float32)",6.363,0.0030117183923721313
"tf.Tensor(50.82, shape=(), dtype=float32)",48.47,0.0030117183923721313
"tf.Tensor(6.24, shape=(), dtype=float32)",7.668,0.0030117183923721313
"tf.Tensor(64.16, shape=(), dtype=float32)",49.22,0.0030117183923721313
"tf.Tensor(6.3, shape=(), dtype=float32)",8.94,0.0030117183923721313
"tf.Tensor(64.87, shape=(), dtype=float32)",51.44,0.0030117183923721313
"tf.Tensor(64.28, shape=(), dtype=float32)",55.75,0.0030117183923721313
"tf.Tensor(4.06, shape=(), dtype=float32)",6.14,0.0030117183923721313
"tf.Tensor(49.93, shape=(), dtype=float32)",50.16,0.0030117183923721313
"tf.Tensor(9.1, shape=(), dtype=float32)",10.445,0.0030117183923721313
"tf.Tensor(1.98, shape=(), dtype=float32)",3.16,0.0030117183923721313
"tf.Tensor(29.24, shape=(), dtype=float32)",43.56,0.0030117183923721313
"tf.Tensor(8.63, shape=(), dtype=float32)",10.06,0.0030117183923721313
"tf.Tensor(7.08, shape=(), dtype=float32)",8.79,0.0030117183923721313
"tf.Tensor(12.17, shape=(), dtype=float32)",17.83,0.0029772743582725525
"tf.Tensor(65.42, shape=(), dtype=float32)",54.88,0.0029772743582725525
"tf.Tensor(3.52, shape=(), dtype=float32)",4.984,0.0029772743582725525
"tf.Tensor(63.24, shape=(), dtype=float32)",52.44,0.0029772743582725525
"tf.Tensor(56.82, shape=(), dtype=float32)",51.28,0.0029772743582725525
"tf.Tensor(7.96, shape=(), dtype=float32)",11.17,0.0029772743582725525
"tf.Tensor(64.95, shape=(), dtype=float32)",52.44,0.0029772743582725525
"tf.Tensor(4.06, shape=(), dtype=float32)",6.93,0.0029772743582725525
"tf.Tensor(4.16, shape=(), dtype=float32)",7.03,0.0029772743582725525
"tf.Tensor(51.98, shape=(), dtype=float32)",51.25,0.0029772743582725525
"tf.Tensor(4.2, shape=(), dtype=float32)",7.19,0.0029772743582725525
"tf.Tensor(4.99, shape=(), dtype=float32)",7.223,0.0029772743582725525
"tf.Tensor(60.73, shape=(), dtype=float32)",50.84,0.0029772743582725525
"tf.Tensor(34.54, shape=(), dtype=float32)",43.56,0.0029772743582725525
"tf.Tensor(63.84, shape=(), dtype=float32)",50.6,0.0029772743582725525
"tf.Tensor(6.0, shape=(), dtype=float32)",7.844,0.0029772743582725525
"tf.Tensor(2.74, shape=(), dtype=float32)",4.07,0.0029772743582725525
"tf.Tensor(65.08, shape=(), dtype=float32)",55.53,0.0029772743582725525
"tf.Tensor(4.7, shape=(), dtype=float32)",7.414,0.0029772743582725525
"tf.Tensor(3.99, shape=(), dtype=float32)",6.01,0.0029772743582725525
"tf.Tensor(63.72, shape=(), dtype=float32)",53.9,0.0029772743582725525
"tf.Tensor(6.77, shape=(), dtype=float32)",9.27,0.0029772743582725525
"tf.Tensor(64.45, shape=(), dtype=float32)",56.8,0.0029772743582725525
"tf.Tensor(32.29, shape=(), dtype=float32)",41.3,0.0029772743582725525
"tf.Tensor(7.68, shape=(), dtype=float32)",7.81,0.0029772743582725525
"tf.Tensor(57.04, shape=(), dtype=float32)",47.2,0.0029772743582725525
"tf.Tensor(5.38, shape=(), dtype=float32)",7.766,0.0029772743582725525
"tf.Tensor(64.32, shape=(), dtype=float32)",56.38,0.0029772743582725525
"tf.Tensor(64.34, shape=(), dtype=float32)",57.84,0.0029772743582725525
"tf.Tensor(2.24, shape=(), dtype=float32)",3.738,0.0029772743582725525
"tf.Tensor(65.42, shape=(), dtype=float32)",52.97,0.0029772743582725525
"tf.Tensor(50.69, shape=(), dtype=float32)",52.12,0.0029772743582725525
"tf.Tensor(17.84, shape=(), dtype=float32)",23.84,0.003192119300365448
"tf.Tensor(61.81, shape=(), dtype=float32)",56.3,0.003192119300365448
"tf.Tensor(58.62, shape=(), dtype=float32)",51.7,0.003192119300365448
"tf.Tensor(64.66, shape=(), dtype=float32)",56.56,0.003192119300365448
"tf.Tensor(2.51, shape=(), dtype=float32)",3.309,0.003192119300365448
"tf.Tensor(5.88, shape=(), dtype=float32)",9.12,0.003192119300365448
"tf.Tensor(56.56, shape=(), dtype=float32)",57.88,0.003192119300365448
"tf.Tensor(3.75, shape=(), dtype=float32)",4.57,0.003192119300365448
"tf.Tensor(64.05, shape=(), dtype=float32)",52.5,0.003192119300365448
"tf.Tensor(8.43, shape=(), dtype=float32)",9.1,0.003192119300365448
"tf.Tensor(32.79, shape=(), dtype=float32)",42.84,0.003192119300365448
"tf.Tensor(7.96, shape=(), dtype=float32)",9.41,0.003192119300365448
"tf.Tensor(4.06, shape=(), dtype=float32)",6.34,0.003192119300365448
"tf.Tensor(63.25, shape=(), dtype=float32)",54.28,0.003192119300365448
"tf.Tensor(36.63, shape=(), dtype=float32)",43.62,0.003192119300365448
"tf.Tensor(64.05, shape=(), dtype=float32)",51.44,0.003192119300365448
"tf.Tensor(35.55, shape=(), dtype=float32)",41.78,0.003192119300365448
"tf.Tensor(7.41, shape=(), dtype=float32)",9.79,0.003192119300365448
"tf.Tensor(6.61, shape=(), dtype=float32)",9.91,0.003192119300365448
"tf.Tensor(16.9, shape=(), dtype=float32)",24.9,0.003192119300365448
"tf.Tensor(57.93, shape=(), dtype=float32)",48.22,0.003192119300365448
"tf.Tensor(6.88, shape=(), dtype=float32)",9.53,0.003192119300365448
"tf.Tensor(61.72, shape=(), dtype=float32)",47.97,0.003192119300365448
"tf.Tensor(3.41, shape=(), dtype=float32)",4.37,0.003192119300365448
"tf.Tensor(60.24, shape=(), dtype=float32)",50.03,0.003192119300365448
"tf.Tensor(5.03, shape=(), dtype=float32)",7.324,0.003192119300365448
"tf.Tensor(9.5, shape=(), dtype=float32)",12.0,0.003192119300365448
"tf.Tensor(4.15, shape=(), dtype=float32)",6.453,0.003192119300365448
"tf.Tensor(3.34, shape=(), dtype=float32)",4.516,0.003192119300365448
"tf.Tensor(64.26, shape=(), dtype=float32)",49.28,0.003192119300365448
"tf.Tensor(63.43, shape=(), dtype=float32)",55.38,0.003192119300365448
"tf.Tensor(32.09, shape=(), dtype=float32)",39.0,0.003192119300365448
"tf.Tensor(52.88, shape=(), dtype=float32)",49.88,0.0028470829129219055
"tf.Tensor(6.25, shape=(), dtype=float32)",8.25,0.0028470829129219055
"tf.Tensor(64.2, shape=(), dtype=float32)",50.62,0.0028470829129219055
"tf.Tensor(64.34, shape=(), dtype=float32)",55.7,0.0028470829129219055
"tf.Tensor(10.56, shape=(), dtype=float32)",6.414,0.0028470829129219055
"tf.Tensor(8.89, shape=(), dtype=float32)",10.03,0.0028470829129219055
"tf.Tensor(8.19, shape=(), dtype=float32)",12.53,0.0028470829129219055
"tf.Tensor(64.62, shape=(), dtype=float32)",47.78,0.0028470829129219055
"tf.Tensor(65.26, shape=(), dtype=float32)",50.75,0.0028470829129219055
"tf.Tensor(57.63, shape=(), dtype=float32)",55.1,0.0028470829129219055
"tf.Tensor(64.69, shape=(), dtype=float32)",50.2,0.0028470829129219055
"tf.Tensor(3.29, shape=(), dtype=float32)",4.348,0.0028470829129219055
"tf.Tensor(4.81, shape=(), dtype=float32)",7.125,0.0028470829129219055
"tf.Tensor(9.86, shape=(), dtype=float32)",11.03,0.0028470829129219055
"tf.Tensor(64.4, shape=(), dtype=float32)",57.62,0.0028470829129219055
"tf.Tensor(55.1, shape=(), dtype=float32)",54.0,0.0028470829129219055
"tf.Tensor(6.62, shape=(), dtype=float32)",8.87,0.0028470829129219055
"tf.Tensor(8.14, shape=(), dtype=float32)",10.04,0.0028470829129219055
"tf.Tensor(5.97, shape=(), dtype=float32)",8.195,0.0028470829129219055
"tf.Tensor(6.23, shape=(), dtype=float32)",8.22,0.0028470829129219055
"tf.Tensor(53.63, shape=(), dtype=float32)",53.28,0.0028470829129219055
"tf.Tensor(63.98, shape=(), dtype=float32)",49.1,0.0028470829129219055
"tf.Tensor(4.32, shape=(), dtype=float32)",6.14,0.0028470829129219055
"tf.Tensor(47.58, shape=(), dtype=float32)",47.7,0.0028470829129219055
"tf.Tensor(64.97, shape=(), dtype=float32)",52.3,0.0028470829129219055
"tf.Tensor(28.72, shape=(), dtype=float32)",38.5,0.0028470829129219055
"tf.Tensor(4.96, shape=(), dtype=float32)",6.305,0.0028470829129219055
"tf.Tensor(63.81, shape=(), dtype=float32)",55.16,0.0028470829129219055
"tf.Tensor(6.31, shape=(), dtype=float32)",9.25,0.0028470829129219055
"tf.Tensor(18.18, shape=(), dtype=float32)",24.48,0.0028470829129219055
"tf.Tensor(64.96, shape=(), dtype=float32)",54.66,0.0028470829129219055
"tf.Tensor(57.32, shape=(), dtype=float32)",49.88,0.0028470829129219055
"tf.Tensor(47.08, shape=(), dtype=float32)",46.47,0.003348305821418762
"tf.Tensor(63.8, shape=(), dtype=float32)",54.4,0.003348305821418762
"tf.Tensor(64.81, shape=(), dtype=float32)",56.16,0.003348305821418762
"tf.Tensor(9.85, shape=(), dtype=float32)",11.32,0.003348305821418762
"tf.Tensor(64.12, shape=(), dtype=float32)",49.8,0.003348305821418762
"tf.Tensor(7.11, shape=(), dtype=float32)",9.45,0.003348305821418762
"tf.Tensor(56.95, shape=(), dtype=float32)",47.66,0.003348305821418762
"tf.Tensor(23.57, shape=(), dtype=float32)",31.64,0.003348305821418762
"tf.Tensor(59.76, shape=(), dtype=float32)",54.5,0.003348305821418762
"tf.Tensor(4.46, shape=(), dtype=float32)",7.574,0.003348305821418762
"tf.Tensor(2.51, shape=(), dtype=float32)",3.562,0.003348305821418762
"tf.Tensor(64.16, shape=(), dtype=float32)",47.84,0.003348305821418762
"tf.Tensor(9.7, shape=(), dtype=float32)",11.5,0.003348305821418762
"tf.Tensor(8.56, shape=(), dtype=float32)",9.29,0.003348305821418762
"tf.Tensor(36.15, shape=(), dtype=float32)",41.6,0.003348305821418762
"tf.Tensor(64.9, shape=(), dtype=float32)",53.28,0.003348305821418762
"tf.Tensor(2.46, shape=(), dtype=float32)",3.605,0.003348305821418762
"tf.Tensor(38.11, shape=(), dtype=float32)",43.88,0.003348305821418762
"tf.Tensor(52.39, shape=(), dtype=float32)",50.56,0.003348305821418762
"tf.Tensor(4.38, shape=(), dtype=float32)",6.76,0.003348305821418762
"tf.Tensor(60.14, shape=(), dtype=float32)",53.34,0.003348305821418762
"tf.Tensor(64.29, shape=(), dtype=float32)",56.62,0.003348305821418762
"tf.Tensor(27.21, shape=(), dtype=float32)",36.7,0.003348305821418762
"tf.Tensor(5.91, shape=(), dtype=float32)",9.28,0.003348305821418762
"tf.Tensor(4.13, shape=(), dtype=float32)",6.934,0.003348305821418762
"tf.Tensor(65.18, shape=(), dtype=float32)",49.16,0.003348305821418762
"tf.Tensor(63.96, shape=(), dtype=float32)",48.78,0.003348305821418762
"tf.Tensor(64.22, shape=(), dtype=float32)",49.88,0.003348305821418762
"tf.Tensor(14.29, shape=(), dtype=float32)",21.31,0.003348305821418762
"tf.Tensor(35.18, shape=(), dtype=float32)",41.28,0.003348305821418762
"tf.Tensor(52.05, shape=(), dtype=float32)",49.5,0.003348305821418762
"tf.Tensor(8.18, shape=(), dtype=float32)",13.47,0.003348305821418762
"tf.Tensor(58.61, shape=(), dtype=float32)",50.1,0.006022796034812927
"tf.Tensor(64.33, shape=(), dtype=float32)",55.25,0.006022796034812927
"tf.Tensor(6.24, shape=(), dtype=float32)",8.164,0.006022796034812927
"tf.Tensor(64.04, shape=(), dtype=float32)",53.62,0.006022796034812927
"tf.Tensor(35.96, shape=(), dtype=float32)",41.53,0.006022796034812927
"tf.Tensor(3.94, shape=(), dtype=float32)",5.6,0.006022796034812927
"tf.Tensor(6.24, shape=(), dtype=float32)",8.39,0.006022796034812927
"tf.Tensor(59.61, shape=(), dtype=float32)",54.47,0.006022796034812927
"tf.Tensor(64.62, shape=(), dtype=float32)",54.94,0.006022796034812927
"tf.Tensor(64.38, shape=(), dtype=float32)",55.8,0.006022796034812927
"tf.Tensor(51.96, shape=(), dtype=float32)",44.28,0.006022796034812927
"tf.Tensor(5.18, shape=(), dtype=float32)",6.703,0.006022796034812927
"tf.Tensor(64.28, shape=(), dtype=float32)",49.75,0.006022796034812927
"tf.Tensor(64.16, shape=(), dtype=float32)",57.0,0.006022796034812927
"tf.Tensor(63.38, shape=(), dtype=float32)",51.66,0.006022796034812927
"tf.Tensor(16.88, shape=(), dtype=float32)",26.8,0.006022796034812927
"tf.Tensor(7.56, shape=(), dtype=float32)",9.41,0.006022796034812927
"tf.Tensor(11.69, shape=(), dtype=float32)",11.945,0.006022796034812927
"tf.Tensor(65.3, shape=(), dtype=float32)",51.25,0.006022796034812927
"tf.Tensor(9.32, shape=(), dtype=float32)",10.33,0.006022796034812927
"tf.Tensor(30.47, shape=(), dtype=float32)",44.4,0.006022796034812927
"tf.Tensor(8.67, shape=(), dtype=float32)",10.32,0.006022796034812927
"tf.Tensor(62.13, shape=(), dtype=float32)",55.0,0.006022796034812927
"tf.Tensor(65.27, shape=(), dtype=float32)",54.38,0.006022796034812927
"tf.Tensor(55.54, shape=(), dtype=float32)",50.62,0.006022796034812927
"tf.Tensor(28.98, shape=(), dtype=float32)",39.28,0.006022796034812927
"tf.Tensor(64.09, shape=(), dtype=float32)",52.1,0.006022796034812927
"tf.Tensor(12.02, shape=(), dtype=float32)",15.86,0.006022796034812927
"tf.Tensor(65.14, shape=(), dtype=float32)",51.72,0.006022796034812927
"tf.Tensor(59.58, shape=(), dtype=float32)",54.53,0.006022796034812927
"tf.Tensor(7.58, shape=(), dtype=float32)",9.89,0.006022796034812927
"tf.Tensor(62.92, shape=(), dtype=float32)",53.75,0.006022796034812927
"tf.Tensor(8.82, shape=(), dtype=float32)",10.16,0.005542546510696411
"tf.Tensor(7.53, shape=(), dtype=float32)",9.76,0.005542546510696411
"tf.Tensor(3.32, shape=(), dtype=float32)",5.1,0.005542546510696411
"tf.Tensor(65.33, shape=(), dtype=float32)",55.1,0.005542546510696411
"tf.Tensor(58.15, shape=(), dtype=float32)",55.0,0.005542546510696411
"tf.Tensor(2.93, shape=(), dtype=float32)",4.82,0.005542546510696411
"tf.Tensor(4.48, shape=(), dtype=float32)",7.38,0.005542546510696411
"tf.Tensor(63.22, shape=(), dtype=float32)",55.56,0.005542546510696411
"tf.Tensor(6.27, shape=(), dtype=float32)",7.535,0.005542546510696411
"tf.Tensor(64.78, shape=(), dtype=float32)",51.06,0.005542546510696411
"tf.Tensor(3.22, shape=(), dtype=float32)",4.848,0.005542546510696411
"tf.Tensor(54.23, shape=(), dtype=float32)",45.94,0.005542546510696411
"tf.Tensor(9.83, shape=(), dtype=float32)",12.81,0.005542546510696411
"tf.Tensor(60.72, shape=(), dtype=float32)",56.22,0.005542546510696411
"tf.Tensor(65.08, shape=(), dtype=float32)",52.78,0.005542546510696411
"tf.Tensor(5.74, shape=(), dtype=float32)",7.7,0.005542546510696411
"tf.Tensor(8.75, shape=(), dtype=float32)",10.09,0.005542546510696411
"tf.Tensor(65.21, shape=(), dtype=float32)",54.47,0.005542546510696411
"tf.Tensor(62.82, shape=(), dtype=float32)",52.88,0.005542546510696411
"tf.Tensor(7.94, shape=(), dtype=float32)",10.72,0.005542546510696411
"tf.Tensor(61.4, shape=(), dtype=float32)",51.94,0.005542546510696411
"tf.Tensor(64.34, shape=(), dtype=float32)",56.06,0.005542546510696411
"tf.Tensor(36.08, shape=(), dtype=float32)",45.7,0.005542546510696411
"tf.Tensor(7.83, shape=(), dtype=float32)",9.9,0.005542546510696411
"tf.Tensor(65.28, shape=(), dtype=float32)",55.1,0.005542546510696411
"tf.Tensor(5.87, shape=(), dtype=float32)",8.695,0.005542546510696411
"tf.Tensor(3.33, shape=(), dtype=float32)",5.68,0.005542546510696411
"tf.Tensor(7.59, shape=(), dtype=float32)",9.2,0.005542546510696411
"tf.Tensor(7.16, shape=(), dtype=float32)",9.82,0.005542546510696411
"tf.Tensor(64.52, shape=(), dtype=float32)",56.97,0.005542546510696411
"tf.Tensor(54.95, shape=(), dtype=float32)",53.8,0.005542546510696411
"tf.Tensor(65.49, shape=(), dtype=float32)",54.47,0.005542546510696411
"tf.Tensor(64.75, shape=(), dtype=float32)",52.03,0.0032267794013023376
"tf.Tensor(64.25, shape=(), dtype=float32)",51.94,0.0032267794013023376
"tf.Tensor(7.34, shape=(), dtype=float32)",10.13,0.0032267794013023376
"tf.Tensor(64.56, shape=(), dtype=float32)",55.5,0.0032267794013023376
"tf.Tensor(5.49, shape=(), dtype=float32)",7.938,0.0032267794013023376
"tf.Tensor(5.4, shape=(), dtype=float32)",6.406,0.0032267794013023376
"tf.Tensor(3.33, shape=(), dtype=float32)",5.195,0.0032267794013023376
"tf.Tensor(3.7, shape=(), dtype=float32)",5.4,0.0032267794013023376
"tf.Tensor(29.48, shape=(), dtype=float32)",43.7,0.0032267794013023376
"tf.Tensor(3.71, shape=(), dtype=float32)",5.258,0.0032267794013023376
"tf.Tensor(62.96, shape=(), dtype=float32)",51.44,0.0032267794013023376
"tf.Tensor(64.68, shape=(), dtype=float32)",56.2,0.0032267794013023376
"tf.Tensor(2.97, shape=(), dtype=float32)",3.906,0.0032267794013023376
"tf.Tensor(7.23, shape=(), dtype=float32)",9.195,0.0032267794013023376
"tf.Tensor(2.93, shape=(), dtype=float32)",4.133,0.0032267794013023376
"tf.Tensor(5.3, shape=(), dtype=float32)",7.1,0.0032267794013023376
"tf.Tensor(3.44, shape=(), dtype=float32)",4.875,0.0032267794013023376
"tf.Tensor(60.74, shape=(), dtype=float32)",54.6,0.0032267794013023376
"tf.Tensor(65.43, shape=(), dtype=float32)",51.88,0.0032267794013023376
"tf.Tensor(26.11, shape=(), dtype=float32)",40.44,0.0032267794013023376
"tf.Tensor(3.24, shape=(), dtype=float32)",3.82,0.0032267794013023376
"tf.Tensor(51.45, shape=(), dtype=float32)",47.94,0.0032267794013023376
"tf.Tensor(65.21, shape=(), dtype=float32)",53.88,0.0032267794013023376
"tf.Tensor(35.49, shape=(), dtype=float32)",40.5,0.0032267794013023376
"tf.Tensor(63.67, shape=(), dtype=float32)",54.22,0.0032267794013023376
"tf.Tensor(63.85, shape=(), dtype=float32)",48.06,0.0032267794013023376
"tf.Tensor(65.14, shape=(), dtype=float32)",50.28,0.0032267794013023376
"tf.Tensor(3.78, shape=(), dtype=float32)",5.035,0.0032267794013023376
"tf.Tensor(9.05, shape=(), dtype=float32)",11.41,0.0032267794013023376
"tf.Tensor(27.95, shape=(), dtype=float32)",41.12,0.0032267794013023376
"tf.Tensor(64.0, shape=(), dtype=float32)",52.53,0.0032267794013023376
"tf.Tensor(37.97, shape=(), dtype=float32)",43.56,0.0032267794013023376
"tf.Tensor(6.6, shape=(), dtype=float32)",8.875,0.003738775849342346
"tf.Tensor(65.34, shape=(), dtype=float32)",53.9,0.003738775849342346
"tf.Tensor(6.29, shape=(), dtype=float32)",8.21,0.003738775849342346
"tf.Tensor(55.14, shape=(), dtype=float32)",48.44,0.003738775849342346
"tf.Tensor(4.28, shape=(), dtype=float32)",5.934,0.003738775849342346
"tf.Tensor(63.79, shape=(), dtype=float32)",53.88,0.003738775849342346
"tf.Tensor(2.99, shape=(), dtype=float32)",4.582,0.003738775849342346
"tf.Tensor(43.14, shape=(), dtype=float32)",46.12,0.003738775849342346
"tf.Tensor(64.82, shape=(), dtype=float32)",52.4,0.003738775849342346
"tf.Tensor(64.4, shape=(), dtype=float32)",56.03,0.003738775849342346
"tf.Tensor(63.9, shape=(), dtype=float32)",53.84,0.003738775849342346
"tf.Tensor(50.38, shape=(), dtype=float32)",50.4,0.003738775849342346
"tf.Tensor(62.4, shape=(), dtype=float32)",49.03,0.003738775849342346
"tf.Tensor(2.98, shape=(), dtype=float32)",4.355,0.003738775849342346
"tf.Tensor(65.23, shape=(), dtype=float32)",50.56,0.003738775849342346
"tf.Tensor(3.87, shape=(), dtype=float32)",5.43,0.003738775849342346
"tf.Tensor(64.62, shape=(), dtype=float32)",50.16,0.003738775849342346
"tf.Tensor(64.41, shape=(), dtype=float32)",58.28,0.003738775849342346
"tf.Tensor(64.09, shape=(), dtype=float32)",48.94,0.003738775849342346
"tf.Tensor(9.51, shape=(), dtype=float32)",9.92,0.003738775849342346
"tf.Tensor(6.13, shape=(), dtype=float32)",7.734,0.003738775849342346
"tf.Tensor(3.9, shape=(), dtype=float32)",5.94,0.003738775849342346
"tf.Tensor(64.17, shape=(), dtype=float32)",51.6,0.003738775849342346
"tf.Tensor(55.48, shape=(), dtype=float32)",50.66,0.003738775849342346
"tf.Tensor(61.52, shape=(), dtype=float32)",50.94,0.003738775849342346
"tf.Tensor(28.24, shape=(), dtype=float32)",36.7,0.003738775849342346
"tf.Tensor(3.59, shape=(), dtype=float32)",5.496,0.003738775849342346
"tf.Tensor(19.84, shape=(), dtype=float32)",28.05,0.003738775849342346
"tf.Tensor(8.09, shape=(), dtype=float32)",10.56,0.003738775849342346
"tf.Tensor(62.83, shape=(), dtype=float32)",57.03,0.003738775849342346
"tf.Tensor(59.98, shape=(), dtype=float32)",55.38,0.003738775849342346
"tf.Tensor(5.42, shape=(), dtype=float32)",8.21,0.003738775849342346
"tf.Tensor(43.51, shape=(), dtype=float32)",50.0,0.002760782837867737
"tf.Tensor(63.89, shape=(), dtype=float32)",55.22,0.002760782837867737
"tf.Tensor(64.61, shape=(), dtype=float32)",55.1,0.002760782837867737
"tf.Tensor(5.17, shape=(), dtype=float32)",7.062,0.002760782837867737
"tf.Tensor(8.15, shape=(), dtype=float32)",9.86,0.002760782837867737
"tf.Tensor(58.68, shape=(), dtype=float32)",54.88,0.002760782837867737
"tf.Tensor(4.76, shape=(), dtype=float32)",7.074,0.002760782837867737
"tf.Tensor(32.59, shape=(), dtype=float32)",44.7,0.002760782837867737
"tf.Tensor(60.7, shape=(), dtype=float32)",51.72,0.002760782837867737
"tf.Tensor(58.49, shape=(), dtype=float32)",53.3,0.002760782837867737
"tf.Tensor(62.38, shape=(), dtype=float32)",53.3,0.002760782837867737
"tf.Tensor(58.52, shape=(), dtype=float32)",54.28,0.002760782837867737
"tf.Tensor(3.57, shape=(), dtype=float32)",4.203,0.002760782837867737
"tf.Tensor(24.24, shape=(), dtype=float32)",35.34,0.002760782837867737
"tf.Tensor(65.33, shape=(), dtype=float32)",54.1,0.002760782837867737
"tf.Tensor(2.67, shape=(), dtype=float32)",4.367,0.002760782837867737
"tf.Tensor(38.13, shape=(), dtype=float32)",42.12,0.002760782837867737
"tf.Tensor(47.84, shape=(), dtype=float32)",43.88,0.002760782837867737
"tf.Tensor(8.44, shape=(), dtype=float32)",11.27,0.002760782837867737
"tf.Tensor(65.08, shape=(), dtype=float32)",52.3,0.002760782837867737
"tf.Tensor(3.52, shape=(), dtype=float32)",5.465,0.002760782837867737
"tf.Tensor(64.41, shape=(), dtype=float32)",55.53,0.002760782837867737
"tf.Tensor(5.34, shape=(), dtype=float32)",7.902,0.002760782837867737
"tf.Tensor(49.89, shape=(), dtype=float32)",47.47,0.002760782837867737
"tf.Tensor(42.4, shape=(), dtype=float32)",48.62,0.002760782837867737
"tf.Tensor(3.34, shape=(), dtype=float32)",4.863,0.002760782837867737
"tf.Tensor(22.6, shape=(), dtype=float32)",30.19,0.002760782837867737
"tf.Tensor(49.5, shape=(), dtype=float32)",46.9,0.002760782837867737
"tf.Tensor(65.34, shape=(), dtype=float32)",56.56,0.002760782837867737
"tf.Tensor(49.43, shape=(), dtype=float32)",49.25,0.002760782837867737
"tf.Tensor(65.02, shape=(), dtype=float32)",54.97,0.002760782837867737
"tf.Tensor(65.05, shape=(), dtype=float32)",54.7,0.002760782837867737
"tf.Tensor(59.97, shape=(), dtype=float32)",52.0,0.0029603689908981323
"tf.Tensor(4.36, shape=(), dtype=float32)",6.902,0.0029603689908981323
"tf.Tensor(54.48, shape=(), dtype=float32)",53.4,0.0029603689908981323
"tf.Tensor(26.81, shape=(), dtype=float32)",38.66,0.0029603689908981323
"tf.Tensor(59.64, shape=(), dtype=float32)",51.28,0.0029603689908981323
"tf.Tensor(64.36, shape=(), dtype=float32)",53.72,0.0029603689908981323
"tf.Tensor(4.97, shape=(), dtype=float32)",7.855,0.0029603689908981323
"tf.Tensor(33.42, shape=(), dtype=float32)",40.7,0.0029603689908981323
"tf.Tensor(64.39, shape=(), dtype=float32)",48.94,0.0029603689908981323
"tf.Tensor(61.93, shape=(), dtype=float32)",48.7,0.0029603689908981323
"tf.Tensor(4.55, shape=(), dtype=float32)",5.652,0.0029603689908981323
"tf.Tensor(7.9, shape=(), dtype=float32)",9.85,0.0029603689908981323
"tf.Tensor(5.4, shape=(), dtype=float32)",8.37,0.0029603689908981323
"tf.Tensor(4.06, shape=(), dtype=float32)",6.293,0.0029603689908981323
"tf.Tensor(9.88, shape=(), dtype=float32)",10.695,0.0029603689908981323
"tf.Tensor(7.01, shape=(), dtype=float32)",8.484,0.0029603689908981323
"tf.Tensor(65.3, shape=(), dtype=float32)",51.97,0.0029603689908981323
"tf.Tensor(57.44, shape=(), dtype=float32)",50.25,0.0029603689908981323
"tf.Tensor(54.38, shape=(), dtype=float32)",55.44,0.0029603689908981323
"tf.Tensor(63.87, shape=(), dtype=float32)",51.12,0.0029603689908981323
"tf.Tensor(23.03, shape=(), dtype=float32)",34.1,0.0029603689908981323
"tf.Tensor(4.86, shape=(), dtype=float32)",6.938,0.0029603689908981323
"tf.Tensor(5.38, shape=(), dtype=float32)",8.61,0.0029603689908981323
"tf.Tensor(2.92, shape=(), dtype=float32)",4.777,0.0029603689908981323
"tf.Tensor(3.39, shape=(), dtype=float32)",4.383,0.0029603689908981323
"tf.Tensor(63.69, shape=(), dtype=float32)",55.1,0.0029603689908981323
"tf.Tensor(47.51, shape=(), dtype=float32)",42.72,0.0029603689908981323
"tf.Tensor(22.11, shape=(), dtype=float32)",36.0,0.0029603689908981323
"tf.Tensor(4.21, shape=(), dtype=float32)",7.176,0.0029603689908981323
"tf.Tensor(58.48, shape=(), dtype=float32)",47.7,0.0029603689908981323
"tf.Tensor(64.33, shape=(), dtype=float32)",50.94,0.0029603689908981323
"tf.Tensor(64.02, shape=(), dtype=float32)",50.16,0.0029603689908981323
"tf.Tensor(3.98, shape=(), dtype=float32)",5.875,0.06124761369493273
"tf.Tensor(2.71, shape=(), dtype=float32)",3.512,0.06124761369493273
"tf.Tensor(6.69, shape=(), dtype=float32)",9.13,0.06124761369493273
"tf.Tensor(3.69, shape=(), dtype=float32)",4.96,0.06124761369493273
"tf.Tensor(7.53, shape=(), dtype=float32)",9.664,0.06124761369493273
"tf.Tensor(4.8, shape=(), dtype=float32)",7.637,0.06124761369493273
"tf.Tensor(65.35, shape=(), dtype=float32)",51.4,0.06124761369493273
"tf.Tensor(15.73, shape=(), dtype=float32)",22.61,0.06124761369493273
"tf.Tensor(46.9, shape=(), dtype=float32)",51.06,0.06124761369493273
