,image_name,True_Value,Predicted_Value,Prediction_Time_s
0,/tmp/DataSetCombined/Edges/Round-5_0110382_edge.png,15.46334,15.749577,0.5656507574021816
1,/tmp/DataSetCombined/Edges/Round-10_0192189_edge.png,8.60858,8.689528,0.5656507574021816
2,/tmp/DataSetCombined/Edges/Round-3_0084913_edge.png,8.43365,8.6577,0.5656507574021816
3,/tmp/DataSetCombined/Edges/Round-6_0060352_edge.png,17.89083,17.796082,0.5656507574021816
4,/tmp/DataSetCombined/Edges/Round-2_0045400_edge.png,11.38264,11.846237,0.5656507574021816
5,/tmp/DataSetCombined/Edges/Round-7_0082356_edge.png,9.19772,9.164083,0.5656507574021816
6,/tmp/DataSetCombined/Edges/Round-9_0144395_edge.png,13.77218,13.801027,0.5656507574021816
7,/tmp/DataSetCombined/Edges/Round-10_0148213_edge.png,8.80438,8.905234,0.5656507574021816
8,/tmp/DataSetCombined/Edges/Round-10_0007377_edge.png,16.43274,16.820963,0.5656507574021816
9,/tmp/DataSetCombined/Edges/Round-9_0061317_edge.png,14.41171,14.69951,0.5656507574021816
10,/tmp/DataSetCombined/Edges/Round-1_0032334_edge.png,17.27893,17.526884,0.5656507574021816
11,/tmp/DataSetCombined/Edges/Round-7_0092645_edge.png,16.10032,16.431553,0.5656507574021816
12,/tmp/DataSetCombined/Edges/Round-9_0184153_edge.png,26.05834,26.557684,0.5656507574021816
13,/tmp/DataSetCombined/Edges/Round-1_0016901_edge.png,8.74781,8.836123,0.5656507574021816
14,/tmp/DataSetCombined/Edges/Round-6_0017520_edge.png,18.18952,18.230658,0.5656507574021816
15,/tmp/DataSetCombined/Edges/Round-7_0106586_edge.png,15.19992,15.219067,0.5656507574021816
16,/tmp/DataSetCombined/Edges/Round-3_0048883_edge.png,8.61788,8.823072,0.5656507574021816
17,/tmp/DataSetCombined/Edges/Round-5_0113121_edge.png,13.98546,14.330511,0.5656507574021816
18,/tmp/DataSetCombined/Edges/Round-8_0037029_edge.png,9.06482,9.129715,0.5656507574021816
19,/tmp/DataSetCombined/Edges/Round-9_0150595_edge.png,15.10895,15.115518,0.5656507574021816
20,/tmp/DataSetCombined/Edges/Round-8_0086983_edge.png,11.98367,12.269274,0.5656507574021816
21,/tmp/DataSetCombined/Edges/Round-9_0124255_edge.png,17.68533,17.892382,0.5656507574021816
22,/tmp/DataSetCombined/Edges/Round-5_0047263_edge.png,13.03758,13.538553,0.5656507574021816
23,/tmp/DataSetCombined/Edges/Round-10_0191166_edge.png,19.65467,19.559755,0.5656507574021816
24,/tmp/DataSetCombined/Edges/Round-10_0192219_edge.png,13.68502,13.904823,0.5656507574021816
25,/tmp/DataSetCombined/Edges/Round-4_0080520_edge.png,12.51218,12.988863,0.5656507574021816
26,/tmp/DataSetCombined/Edges/Round-9_0181805_edge.png,8.70589,8.800991,0.5656507574021816
27,/tmp/DataSetCombined/Edges/Round-1_0108875_edge.png,12.69356,12.989759,0.5656507574021816
28,/tmp/DataSetCombined/Edges/Round-7_0013248_edge.png,11.28442,11.852982,0.5656507574021816
29,/tmp/DataSetCombined/Edges/Round-6_0110197_edge.png,27.0184,27.385576,0.5656507574021816
30,/tmp/DataSetCombined/Edges/Round-5_0069898_edge.png,14.03868,14.007772,0.5656507574021816
31,/tmp/DataSetCombined/Edges/Round-6_0032148_edge.png,7.81209,7.9632087,0.5656507574021816
32,/tmp/DataSetCombined/Edges/Round-5_0020180_edge.png,13.56622,13.650068,0.5656507574021816
33,/tmp/DataSetCombined/Edges/Round-9_0143639_edge.png,11.01966,11.429138,0.5656507574021816
34,/tmp/DataSetCombined/Edges/Round-6_0002000_edge.png,9.15386,9.135946,0.5656507574021816
35,/tmp/DataSetCombined/Edges/Round-8_0061291_edge.png,17.99124,18.173153,0.5656507574021816
36,/tmp/DataSetCombined/Edges/Round-8_0081083_edge.png,30.27674,30.000277,0.5656507574021816
37,/tmp/DataSetCombined/Edges/Round-4_0081844_edge.png,8.28402,8.395456,0.5656507574021816
38,/tmp/DataSetCombined/Edges/Round-8_0062662_edge.png,24.96839,25.116253,0.5656507574021816
39,/tmp/DataSetCombined/Edges/Round-1_0015301_edge.png,18.30381,18.332024,0.5656507574021816
40,/tmp/DataSetCombined/Edges/Round-9_0036575_edge.png,29.91553,29.833914,0.5656507574021816
41,/tmp/DataSetCombined/Edges/Round-2_0102801_edge.png,14.58726,14.511827,0.5656507574021816
42,/tmp/DataSetCombined/Edges/Round-5_0101473_edge.png,9.24618,9.216097,0.5656507574021816
43,/tmp/DataSetCombined/Edges/Round-10_0050871_edge.png,12.76414,13.111107,0.5656507574021816
44,/tmp/DataSetCombined/Edges/Round-6_0110588_edge.png,9.31707,9.243458,0.5656507574021816
45,/tmp/DataSetCombined/Edges/Round-10_0042654_edge.png,9.30455,9.2482605,0.5656507574021816
46,/tmp/DataSetCombined/Edges/Round-10_0147370_edge.png,14.23121,14.157092,0.5656507574021816
47,/tmp/DataSetCombined/Edges/Round-9_0185387_edge.png,12.29735,12.756916,0.5656507574021816
48,/tmp/DataSetCombined/Edges/Round-8_0056864_edge.png,9.3149,9.233504,0.5656507574021816
49,/tmp/DataSetCombined/Edges/Round-1_0032267_edge.png,12.91261,13.365124,0.5656507574021816
50,/tmp/DataSetCombined/Edges/Round-10_0165641_edge.png,20.11423,19.764725,0.5656507574021816
51,/tmp/DataSetCombined/Edges/Round-3_0045334_edge.png,8.78263,8.864923,0.5656507574021816
52,/tmp/DataSetCombined/Edges/Round-8_0007158_edge.png,10.41899,11.057093,0.5656507574021816
53,/tmp/DataSetCombined/Edges/Round-3_0040757_edge.png,12.47151,12.828369,0.5656507574021816
54,/tmp/DataSetCombined/Edges/Round-7_0073838_edge.png,12.5166,12.971194,0.5656507574021816
55,/tmp/DataSetCombined/Edges/Round-9_0061798_edge.png,18.32453,18.3506,0.5656507574021816
56,/tmp/DataSetCombined/Edges/Round-10_0022487_edge.png,9.20993,9.222375,0.5656507574021816
57,/tmp/DataSetCombined/Edges/Round-10_0140177_edge.png,11.88462,12.513652,0.5656507574021816
58,/tmp/DataSetCombined/Edges/Round-9_0127656_edge.png,13.62546,13.709522,0.5656507574021816
59,/tmp/DataSetCombined/Edges/Round-10_0173948_edge.png,16.13181,16.577711,0.5656507574021816
60,/tmp/DataSetCombined/Edges/Round-4_0027847_edge.png,11.83457,12.1738615,0.5656507574021816
61,/tmp/DataSetCombined/Edges/Round-9_0005662_edge.png,30.34695,30.072256,0.5656507574021816
62,/tmp/DataSetCombined/Edges/Round-5_0094309_edge.png,26.47262,26.871094,0.5656507574021816
63,/tmp/DataSetCombined/Edges/Round-9_0078534_edge.png,12.2376,12.603318,0.5656507574021816
64,/tmp/DataSetCombined/Edges/Round-1_0058834_edge.png,9.16751,9.165333,0.0042529143393039
65,/tmp/DataSetCombined/Edges/Round-10_0147100_edge.png,13.61618,13.741808,0.0042529143393039
66,/tmp/DataSetCombined/Edges/Round-8_0022900_edge.png,15.22988,15.591099,0.0042529143393039
67,/tmp/DataSetCombined/Edges/Round-6_0130755_edge.png,16.02976,16.322832,0.0042529143393039
68,/tmp/DataSetCombined/Edges/Round-10_0014722_edge.png,20.28894,19.96844,0.0042529143393039
69,/tmp/DataSetCombined/Edges/Round-4_0000876_edge.png,16.10474,16.396786,0.0042529143393039
70,/tmp/DataSetCombined/Edges/Round-4_0049698_edge.png,13.64027,13.765306,0.0042529143393039
71,/tmp/DataSetCombined/Edges/Round-7_0093794_edge.png,12.64467,13.060633,0.0042529143393039
72,/tmp/DataSetCombined/Edges/Round-5_0062734_edge.png,16.03466,16.413229,0.0042529143393039
73,/tmp/DataSetCombined/Edges/Round-3_0060291_edge.png,14.35863,14.369345,0.0042529143393039
74,/tmp/DataSetCombined/Edges/Round-7_0097316_edge.png,12.87888,13.33898,0.0042529143393039
75,/tmp/DataSetCombined/Edges/Round-9_0072123_edge.png,7.80478,8.036366,0.0042529143393039
76,/tmp/DataSetCombined/Edges/Round-6_0074241_edge.png,15.23007,15.253994,0.0042529143393039
77,/tmp/DataSetCombined/Edges/Round-6_0041811_edge.png,7.95328,8.016047,0.0042529143393039
78,/tmp/DataSetCombined/Edges/Round-1_0006534_edge.png,16.64577,17.063564,0.0042529143393039
79,/tmp/DataSetCombined/Edges/Round-1_0012167_edge.png,27.03199,27.42512,0.0042529143393039
80,/tmp/DataSetCombined/Edges/Round-4_0023571_edge.png,13.08516,13.332996,0.0042529143393039
81,/tmp/DataSetCombined/Edges/Round-10_0190082_edge.png,14.11131,14.069047,0.0042529143393039
82,/tmp/DataSetCombined/Edges/Round-7_0009003_edge.png,15.17724,15.47424,0.0042529143393039
83,/tmp/DataSetCombined/Edges/Round-10_0091596_edge.png,29.59097,29.58542,0.0042529143393039
84,/tmp/DataSetCombined/Edges/Round-6_0077239_edge.png,13.11137,13.480768,0.0042529143393039
85,/tmp/DataSetCombined/Edges/Round-9_0001697_edge.png,14.13438,14.463683,0.0042529143393039
86,/tmp/DataSetCombined/Edges/Round-7_0006957_edge.png,27.79433,27.912655,0.0042529143393039
87,/tmp/DataSetCombined/Edges/Round-7_0026040_edge.png,14.14818,14.204535,0.0042529143393039
88,/tmp/DataSetCombined/Edges/Round-1_0072234_edge.png,9.20137,9.208708,0.0042529143393039
89,/tmp/DataSetCombined/Edges/Round-10_0057102_edge.png,18.20151,18.24938,0.0042529143393039
90,/tmp/DataSetCombined/Edges/Round-6_0130063_edge.png,19.61616,19.523657,0.0042529143393039
91,/tmp/DataSetCombined/Edges/Round-10_0037567_edge.png,9.24506,9.222679,0.0042529143393039
92,/tmp/DataSetCombined/Edges/Round-9_0038742_edge.png,30.24564,29.929262,0.0042529143393039
93,/tmp/DataSetCombined/Edges/Round-2_0053834_edge.png,13.61711,13.7396755,0.0042529143393039
94,/tmp/DataSetCombined/Edges/Round-4_0058427_edge.png,12.93893,13.152496,0.0042529143393039
95,/tmp/DataSetCombined/Edges/Round-5_0019150_edge.png,8.73644,8.77467,0.0042529143393039
96,/tmp/DataSetCombined/Edges/Round-8_0036848_edge.png,12.08447,12.614865,0.0042529143393039
97,/tmp/DataSetCombined/Edges/Round-8_0022942_edge.png,13.48338,13.567664,0.0042529143393039
98,/tmp/DataSetCombined/Edges/Round-1_0160977_edge.png,9.34658,9.25765,0.0042529143393039
99,/tmp/DataSetCombined/Edges/Round-6_0085551_edge.png,20.14338,20.063887,0.0042529143393039
100,/tmp/DataSetCombined/Edges/Round-9_0138703_edge.png,9.90687,10.136804,0.0042529143393039
101,/tmp/DataSetCombined/Edges/Round-9_0060564_edge.png,12.30559,12.754105,0.0042529143393039
102,/tmp/DataSetCombined/Edges/Round-1_0030467_edge.png,19.58827,19.502314,0.0042529143393039
103,/tmp/DataSetCombined/Edges/Round-6_0100956_edge.png,12.77508,13.167131,0.0042529143393039
104,/tmp/DataSetCombined/Edges/Round-7_0019478_edge.png,6.12395,6.424378,0.0042529143393039
105,/tmp/DataSetCombined/Edges/Round-1_0158027_edge.png,14.03857,14.013702,0.0042529143393039
106,/tmp/DataSetCombined/Edges/Round-1_0094698_edge.png,9.34236,9.252314,0.0042529143393039
107,/tmp/DataSetCombined/Edges/Round-5_0015719_edge.png,8.83873,8.957204,0.0042529143393039
108,/tmp/DataSetCombined/Edges/Round-5_0124740_edge.png,8.58415,8.816015,0.0042529143393039
109,/tmp/DataSetCombined/Edges/Round-8_0037239_edge.png,9.4179,9.322461,0.0042529143393039
110,/tmp/DataSetCombined/Edges/Round-6_0022065_edge.png,14.59486,14.536953,0.0042529143393039
111,/tmp/DataSetCombined/Edges/Round-8_0075815_edge.png,13.91769,14.051459,0.0042529143393039
112,/tmp/DataSetCombined/Edges/Round-2_0099615_edge.png,24.78118,24.874277,0.0042529143393039
113,/tmp/DataSetCombined/Edges/Round-5_0020926_edge.png,9.18826,9.187647,0.0042529143393039
114,/tmp/DataSetCombined/Edges/Round-6_0021343_edge.png,14.59175,14.522598,0.0042529143393039
115,/tmp/DataSetCombined/Edges/Round-10_0104840_edge.png,17.01068,17.023705,0.0042529143393039
116,/tmp/DataSetCombined/Edges/Round-10_0009394_edge.png,9.61345,9.590035,0.0042529143393039
117,/tmp/DataSetCombined/Edges/Round-9_0163724_edge.png,18.13415,17.955341,0.0042529143393039
118,/tmp/DataSetCombined/Edges/Round-5_0015031_edge.png,19.6711,19.558018,0.0042529143393039
119,/tmp/DataSetCombined/Edges/Round-4_0080188_edge.png,15.24975,15.28562,0.0042529143393039
120,/tmp/DataSetCombined/Edges/Round-3_0079073_edge.png,20.27453,20.146414,0.0042529143393039
121,/tmp/DataSetCombined/Edges/Round-1_0048467_edge.png,13.08002,13.575941,0.0042529143393039
122,/tmp/DataSetCombined/Edges/Round-4_0082928_edge.png,8.52315,8.634596,0.0042529143393039
123,/tmp/DataSetCombined/Edges/Round-9_0161909_edge.png,14.57304,14.508066,0.0042529143393039
124,/tmp/DataSetCombined/Edges/Round-3_0004767_edge.png,11.79151,12.117833,0.0042529143393039
125,/tmp/DataSetCombined/Edges/Round-9_0047290_edge.png,15.72187,16.0519,0.0042529143393039
126,/tmp/DataSetCombined/Edges/Round-10_0098669_edge.png,14.14587,14.209547,0.0042529143393039
127,/tmp/DataSetCombined/Edges/Round-10_0101258_edge.png,13.8796,13.640903,0.0042529143393039
128,/tmp/DataSetCombined/Edges/Round-6_0022637_edge.png,13.23171,13.409399,0.0041886791586875
129,/tmp/DataSetCombined/Edges/Round-9_0071039_edge.png,9.65708,9.611435,0.0041886791586875
130,/tmp/DataSetCombined/Edges/Round-6_0002334_edge.png,9.64222,9.612274,0.0041886791586875
131,/tmp/DataSetCombined/Edges/Round-5_0074022_edge.png,12.55384,12.820442,0.0041886791586875
132,/tmp/DataSetCombined/Edges/Round-3_0029651_edge.png,9.91237,10.114028,0.0041886791586875
133,/tmp/DataSetCombined/Edges/Round-9_0134188_edge.png,14.02761,13.995466,0.0041886791586875
134,/tmp/DataSetCombined/Edges/Round-4_0060263_edge.png,9.89493,10.072622,0.0041886791586875
135,/tmp/DataSetCombined/Edges/Round-3_0064264_edge.png,11.16591,11.627161,0.0041886791586875
136,/tmp/DataSetCombined/Edges/Round-1_0124677_edge.png,13.02877,13.098261,0.0041886791586875
137,/tmp/DataSetCombined/Edges/Round-9_0165974_edge.png,15.89755,15.883741,0.0041886791586875
138,/tmp/DataSetCombined/Edges/Round-4_0003495_edge.png,9.83139,9.9882345,0.0041886791586875
139,/tmp/DataSetCombined/Edges/Round-5_0005786_edge.png,9.93115,10.250099,0.0041886791586875
140,/tmp/DataSetCombined/Edges/Round-4_0089279_edge.png,9.99384,10.43585,0.0041886791586875
141,/tmp/DataSetCombined/Edges/Round-8_0042465_edge.png,10.00872,10.400576,0.0041886791586875
142,/tmp/DataSetCombined/Edges/Round-9_0023692_edge.png,16.10221,16.413233,0.0041886791586875
143,/tmp/DataSetCombined/Edges/Round-4_0056741_edge.png,8.777,8.859893,0.0041886791586875
144,/tmp/DataSetCombined/Edges/Round-7_0045936_edge.png,13.28813,13.37779,0.0041886791586875
145,/tmp/DataSetCombined/Edges/Round-10_0046115_edge.png,12.48629,12.954348,0.0041886791586875
146,/tmp/DataSetCombined/Edges/Round-7_0029923_edge.png,14.88077,14.983339,0.0041886791586875
147,/tmp/DataSetCombined/Edges/Round-10_0088857_edge.png,13.61336,13.727472,0.0041886791586875
148,/tmp/DataSetCombined/Edges/Round-8_0004239_edge.png,8.04468,8.338062,0.0041886791586875
149,/tmp/DataSetCombined/Edges/Round-5_0011324_edge.png,13.87628,13.963081,0.0041886791586875
150,/tmp/DataSetCombined/Edges/Round-2_0074234_edge.png,16.92149,16.945105,0.0041886791586875
151,/tmp/DataSetCombined/Edges/Round-8_0053181_edge.png,10.72689,11.124676,0.0041886791586875
152,/tmp/DataSetCombined/Edges/Round-1_0014101_edge.png,12.93971,13.4123,0.0041886791586875
153,/tmp/DataSetCombined/Edges/Round-9_0139184_edge.png,9.85502,10.1430435,0.0041886791586875
154,/tmp/DataSetCombined/Edges/Round-7_0023241_edge.png,13.49813,13.356187,0.0041886791586875
155,/tmp/DataSetCombined/Edges/Round-8_0073227_edge.png,10.8335,11.508072,0.0041886791586875
156,/tmp/DataSetCombined/Edges/Round-8_0059453_edge.png,9.09462,9.076639,0.0041886791586875
157,/tmp/DataSetCombined/Edges/Round-6_0015895_edge.png,19.59337,19.478136,0.0041886791586875
158,/tmp/DataSetCombined/Edges/Round-10_0133524_edge.png,13.0251,13.279318,0.0041886791586875
159,/tmp/DataSetCombined/Edges/Round-1_0024934_edge.png,12.88772,13.205487,0.0041886791586875
160,/tmp/DataSetCombined/Edges/Round-9_0139456_edge.png,14.49951,14.412453,0.0041886791586875
161,/tmp/DataSetCombined/Edges/Round-7_0057735_edge.png,9.46136,9.330409,0.0041886791586875
162,/tmp/DataSetCombined/Edges/Round-7_0126422_edge.png,8.75493,8.847801,0.0041886791586875
163,/tmp/DataSetCombined/Edges/Round-5_0125191_edge.png,11.15826,11.875827,0.0041886791586875
164,/tmp/DataSetCombined/Edges/Round-10_0153661_edge.png,8.77845,8.890598,0.0041886791586875
165,/tmp/DataSetCombined/Edges/Round-9_0123202_edge.png,13.65218,13.716373,0.0041886791586875
166,/tmp/DataSetCombined/Edges/Round-6_0002758_edge.png,10.23226,10.497417,0.0041886791586875
167,/tmp/DataSetCombined/Edges/Round-10_0009845_edge.png,6.90364,7.3032413,0.0041886791586875
168,/tmp/DataSetCombined/Edges/Round-9_0107971_edge.png,9.54093,9.405752,0.0041886791586875
169,/tmp/DataSetCombined/Edges/Round-9_0172625_edge.png,12.08445,12.412931,0.0041886791586875
170,/tmp/DataSetCombined/Edges/Round-1_0116731_edge.png,18.77517,18.764658,0.0041886791586875
171,/tmp/DataSetCombined/Edges/Round-1_0152037_edge.png,18.29948,18.35346,0.0041886791586875
172,/tmp/DataSetCombined/Edges/Round-10_0101227_edge.png,17.50833,17.753798,0.0041886791586875
173,/tmp/DataSetCombined/Edges/Round-1_0010534_edge.png,16.40965,16.729576,0.0041886791586875
174,/tmp/DataSetCombined/Edges/Round-8_0015165_edge.png,14.57008,14.50647,0.0041886791586875
175,/tmp/DataSetCombined/Edges/Round-4_0084974_edge.png,12.17946,12.656286,0.0041886791586875
176,/tmp/DataSetCombined/Edges/Round-4_0083198_edge.png,9.3111,9.243448,0.0041886791586875
177,/tmp/DataSetCombined/Edges/Round-1_0088738_edge.png,9.67251,9.657227,0.0041886791586875
178,/tmp/DataSetCombined/Edges/Round-10_0003546_edge.png,22.72797,22.6858,0.0041886791586875
179,/tmp/DataSetCombined/Edges/Round-1_0121486_edge.png,16.31824,16.715734,0.0041886791586875
180,/tmp/DataSetCombined/Edges/Round-8_0043699_edge.png,11.97434,12.51308,0.0041886791586875
181,/tmp/DataSetCombined/Edges/Round-5_0107884_edge.png,19.53946,19.284784,0.0041886791586875
182,/tmp/DataSetCombined/Edges/Round-1_0157605_edge.png,8.87617,8.953256,0.0041886791586875
183,/tmp/DataSetCombined/Edges/Round-3_0076906_edge.png,18.81106,18.59752,0.0041886791586875
184,/tmp/DataSetCombined/Edges/Round-3_0007667_edge.png,30.32537,30.053217,0.0041886791586875
185,/tmp/DataSetCombined/Edges/Round-9_0140148_edge.png,7.16817,7.5064616,0.0041886791586875
186,/tmp/DataSetCombined/Edges/Round-8_0058039_edge.png,9.18369,9.165141,0.0041886791586875
187,/tmp/DataSetCombined/Edges/Round-4_0015595_edge.png,14.55136,14.496888,0.0041886791586875
188,/tmp/DataSetCombined/Edges/Round-7_0091200_edge.png,8.85559,8.977419,0.0041886791586875
189,/tmp/DataSetCombined/Edges/Round-10_0001061_edge.png,20.27291,20.163954,0.0041886791586875
190,/tmp/DataSetCombined/Edges/Round-1_0117001_edge.png,7.98253,8.18285,0.0041886791586875
191,/tmp/DataSetCombined/Edges/Round-1_0001167_edge.png,13.54129,13.626165,0.0041886791586875
192,/tmp/DataSetCombined/Edges/Round-7_0122148_edge.png,11.37393,11.944787,0.0032518692314624
193,/tmp/DataSetCombined/Edges/Round-1_0121275_edge.png,14.10153,14.161516,0.0032518692314624
194,/tmp/DataSetCombined/Edges/Round-5_0049581_edge.png,10.97571,11.252722,0.0032518692314624
195,/tmp/DataSetCombined/Edges/Round-1_0087534_edge.png,10.28216,10.544294,0.0032518692314624
196,/tmp/DataSetCombined/Edges/Round-9_0071761_edge.png,30.32691,30.037392,0.0032518692314624
197,/tmp/DataSetCombined/Edges/Round-10_0116307_edge.png,14.58743,14.576053,0.0032518692314624
198,/tmp/DataSetCombined/Edges/Round-10_0030704_edge.png,15.15005,15.197154,0.0032518692314624
199,/tmp/DataSetCombined/Edges/Round-10_0058848_edge.png,13.04599,13.335114,0.0032518692314624
200,/tmp/DataSetCombined/Edges/Round-6_0101799_edge.png,8.8681,8.760975,0.0032518692314624
201,/tmp/DataSetCombined/Edges/Round-5_0019752_edge.png,12.77,13.241961,0.0032518692314624
202,/tmp/DataSetCombined/Edges/Round-1_0059801_edge.png,11.09994,11.338068,0.0032518692314624
203,/tmp/DataSetCombined/Edges/Round-2_0088629_edge.png,17.35901,17.563755,0.0032518692314624
204,/tmp/DataSetCombined/Edges/Round-9_0074344_edge.png,8.32991,8.659626,0.0032518692314624
205,/tmp/DataSetCombined/Edges/Round-6_0050419_edge.png,12.70314,12.997738,0.0032518692314624
206,/tmp/DataSetCombined/Edges/Round-8_0049746_edge.png,9.22568,9.195803,0.0032518692314624
207,/tmp/DataSetCombined/Edges/Round-9_0084584_edge.png,10.59218,11.258352,0.0032518692314624
208,/tmp/DataSetCombined/Edges/Round-9_0108362_edge.png,12.31934,12.783712,0.0032518692314624
209,/tmp/DataSetCombined/Edges/Round-6_0122417_edge.png,16.67273,17.017435,0.0032518692314624
210,/tmp/DataSetCombined/Edges/Round-1_0047267_edge.png,18.04705,18.224754,0.0032518692314624
211,/tmp/DataSetCombined/Edges/Round-9_0054906_edge.png,12.04227,12.443083,0.0032518692314624
212,/tmp/DataSetCombined/Edges/Round-7_0073990_edge.png,8.95362,9.032267,0.0032518692314624
213,/tmp/DataSetCombined/Edges/Round-5_0038173_edge.png,11.06771,11.454116,0.0032518692314624
214,/tmp/DataSetCombined/Edges/Round-3_0014239_edge.png,17.72222,17.961878,0.0032518692314624
215,/tmp/DataSetCombined/Edges/Round-9_0060354_edge.png,9.44096,9.358593,0.0032518692314624
216,/tmp/DataSetCombined/Edges/Round-8_0021395_edge.png,13.1885,13.473991,0.0032518692314624
217,/tmp/DataSetCombined/Edges/Round-5_0113332_edge.png,11.25946,11.566841,0.0032518692314624
218,/tmp/DataSetCombined/Edges/Round-10_0143337_edge.png,9.88738,9.907372,0.0032518692314624
219,/tmp/DataSetCombined/Edges/Round-10_0069171_edge.png,12.53522,12.977022,0.0032518692314624
220,/tmp/DataSetCombined/Edges/Round-10_0061255_edge.png,7.81697,8.021684,0.0032518692314624
221,/tmp/DataSetCombined/Edges/Round-8_0045035_edge.png,9.13894,9.094925,0.0032518692314624
222,/tmp/DataSetCombined/Edges/Round-7_0123758_edge.png,16.06977,16.374117,0.0032518692314624
223,/tmp/DataSetCombined/Edges/Round-2_0089773_edge.png,11.77852,12.281093,0.0032518692314624
224,/tmp/DataSetCombined/Edges/Round-4_0040246_edge.png,12.54231,12.808764,0.0032518692314624
225,/tmp/DataSetCombined/Edges/Round-9_0033324_edge.png,17.93977,18.129251,0.0032518692314624
226,/tmp/DataSetCombined/Edges/Round-1_0028101_edge.png,12.92117,13.141826,0.0032518692314624
227,/tmp/DataSetCombined/Edges/Round-10_0174911_edge.png,18.34795,18.370977,0.0032518692314624
228,/tmp/DataSetCombined/Edges/Round-6_0090061_edge.png,10.45906,10.991649,0.0032518692314624
229,/tmp/DataSetCombined/Edges/Round-10_0021975_edge.png,14.57041,14.51025,0.0032518692314624
230,/tmp/DataSetCombined/Edges/Round-1_0075343_edge.png,14.58129,14.511992,0.0032518692314624
231,/tmp/DataSetCombined/Edges/Round-1_0040134_edge.png,20.24602,20.142588,0.0032518692314624
232,/tmp/DataSetCombined/Edges/Round-10_0086811_edge.png,9.04455,9.0836525,0.0032518692314624
233,/tmp/DataSetCombined/Edges/Round-8_0045848_edge.png,13.07279,13.287263,0.0032518692314624
234,/tmp/DataSetCombined/Edges/Round-2_0098652_edge.png,14.81073,14.773462,0.0032518692314624
235,/tmp/DataSetCombined/Edges/Round-10_0017912_edge.png,16.52957,16.935595,0.0032518692314624
236,/tmp/DataSetCombined/Edges/Round-10_0104810_edge.png,10.67629,10.807711,0.0032518692314624
237,/tmp/DataSetCombined/Edges/Round-5_0059483_edge.png,9.59918,9.630373,0.0032518692314624
238,/tmp/DataSetCombined/Edges/Round-3_0025934_edge.png,13.6006,14.065746,0.0032518692314624
239,/tmp/DataSetCombined/Edges/Round-7_0059932_edge.png,11.13151,11.504551,0.0032518692314624
240,/tmp/DataSetCombined/Edges/Round-5_0051327_edge.png,27.70607,27.860594,0.0032518692314624
241,/tmp/DataSetCombined/Edges/Round-8_0057665_edge.png,11.16895,11.702018,0.0032518692314624
242,/tmp/DataSetCombined/Edges/Round-7_0100356_edge.png,11.91052,12.292864,0.0032518692314624
243,/tmp/DataSetCombined/Edges/Round-6_0078863_edge.png,18.65744,18.734343,0.0032518692314624
244,/tmp/DataSetCombined/Edges/Round-5_0062102_edge.png,12.69106,12.9778,0.0032518692314624
245,/tmp/DataSetCombined/Edges/Round-3_0078200_edge.png,15.22657,15.259872,0.0032518692314624
246,/tmp/DataSetCombined/Edges/Round-2_0082301_edge.png,30.30162,29.98272,0.0032518692314624
247,/tmp/DataSetCombined/Edges/Round-9_0076999_edge.png,11.12136,11.741497,0.0032518692314624
248,/tmp/DataSetCombined/Edges/Round-3_0056047_edge.png,9.42416,9.311514,0.0032518692314624
249,/tmp/DataSetCombined/Edges/Round-4_0037537_edge.png,18.2821,18.328,0.0032518692314624
250,/tmp/DataSetCombined/Edges/Round-1_0029167_edge.png,13.65526,13.740087,0.0032518692314624
251,/tmp/DataSetCombined/Edges/Round-10_0061586_edge.png,11.80154,12.131765,0.0032518692314624
252,/tmp/DataSetCombined/Edges/Round-1_0108513_edge.png,13.81952,13.610818,0.0032518692314624
253,/tmp/DataSetCombined/Edges/Round-2_0074667_edge.png,20.18499,20.08715,0.0032518692314624
254,/tmp/DataSetCombined/Edges/Round-7_0116911_edge.png,25.012,25.208553,0.0032518692314624
255,/tmp/DataSetCombined/Edges/Round-4_0044671_edge.png,12.18237,12.70062,0.0032518692314624
256,/tmp/DataSetCombined/Edges/Round-8_0024827_edge.png,14.01134,13.996682,0.0033741109073162
257,/tmp/DataSetCombined/Edges/Round-2_0085134_edge.png,11.80186,12.42171,0.0033741109073162
258,/tmp/DataSetCombined/Edges/Round-10_0132953_edge.png,9.97721,10.298616,0.0033741109073162
259,/tmp/DataSetCombined/Edges/Round-9_0006746_edge.png,27.16761,27.4329,0.0033741109073162
260,/tmp/DataSetCombined/Edges/Round-9_0103938_edge.png,13.03345,13.327541,0.0033741109073162
261,/tmp/DataSetCombined/Edges/Round-5_0007411_edge.png,12.53399,12.953421,0.0033741109073162
262,/tmp/DataSetCombined/Edges/Round-10_0022969_edge.png,18.03279,18.105585,0.0033741109073162
263,/tmp/DataSetCombined/Edges/Round-10_0024835_edge.png,7.2121,7.515917,0.0033741109073162
264,/tmp/DataSetCombined/Edges/Round-9_0178103_edge.png,13.28974,13.816824,0.0033741109073162
265,/tmp/DataSetCombined/Edges/Round-8_0047203_edge.png,9.79729,9.69789,0.0033741109073162
266,/tmp/DataSetCombined/Edges/Round-7_0133519_edge.png,14.5881,14.514822,0.0033741109073162
267,/tmp/DataSetCombined/Edges/Round-3_0087772_edge.png,13.68998,13.795441,0.0033741109073162
268,/tmp/DataSetCombined/Edges/Round-1_0122389_edge.png,20.20772,20.089048,0.0033741109073162
269,/tmp/DataSetCombined/Edges/Round-9_0051022_edge.png,8.52234,8.639611,0.0033741109073162
270,/tmp/DataSetCombined/Edges/Round-9_0128130_edge.png,29.61451,29.570267,0.0033741109073162
271,/tmp/DataSetCombined/Edges/Round-7_0011080_edge.png,13.24662,13.748217,0.0033741109073162
272,/tmp/DataSetCombined/Edges/Round-5_0081366_edge.png,9.58446,9.5587845,0.0033741109073162
273,/tmp/DataSetCombined/Edges/Round-10_0097826_edge.png,15.8396,16.14924,0.0033741109073162
274,/tmp/DataSetCombined/Edges/Round-6_0041931_edge.png,18.32481,18.368256,0.0033741109073162
275,/tmp/DataSetCombined/Edges/Round-1_0027334_edge.png,8.79524,8.881262,0.0033741109073162
276,/tmp/DataSetCombined/Edges/Round-3_0011771_edge.png,30.34119,30.066101,0.0033741109073162
277,/tmp/DataSetCombined/Edges/Round-10_0135571_edge.png,30.31898,30.043516,0.0033741109073162
278,/tmp/DataSetCombined/Edges/Round-8_0063847_edge.png,12.75212,13.214832,0.0033741109073162
279,/tmp/DataSetCombined/Edges/Round-8_0033473_edge.png,13.53054,13.631288,0.0033741109073162
280,/tmp/DataSetCombined/Edges/Round-9_0065711_edge.png,8.80441,8.901703,0.0033741109073162
281,/tmp/DataSetCombined/Edges/Round-5_0123596_edge.png,8.53818,8.640514,0.0033741109073162
282,/tmp/DataSetCombined/Edges/Round-10_0149929_edge.png,12.68636,13.114953,0.0033741109073162
283,/tmp/DataSetCombined/Edges/Round-10_0131177_edge.png,14.03899,13.987956,0.0033741109073162
284,/tmp/DataSetCombined/Edges/Round-9_0146679_edge.png,12.80878,13.296275,0.0033741109073162
285,/tmp/DataSetCombined/Edges/Round-2_0058679_edge.png,16.98422,17.18287,0.0033741109073162
286,/tmp/DataSetCombined/Edges/Round-1_0149840_edge.png,25.77015,26.18892,0.0033741109073162
287,/tmp/DataSetCombined/Edges/Round-5_0045999_edge.png,11.98847,12.272576,0.0033741109073162
288,/tmp/DataSetCombined/Edges/Round-7_0111041_edge.png,9.33059,9.247787,0.0033741109073162
289,/tmp/DataSetCombined/Edges/Round-6_0100384_edge.png,7.6368,7.7524595,0.0033741109073162
290,/tmp/DataSetCombined/Edges/Round-10_0124917_edge.png,14.04157,14.019125,0.0033741109073162
291,/tmp/DataSetCombined/Edges/Round-2_0030400_edge.png,8.48675,8.707737,0.0033741109073162
292,/tmp/DataSetCombined/Edges/Round-3_0028747_edge.png,19.36786,19.318642,0.0033741109073162
293,/tmp/DataSetCombined/Edges/Round-10_0151946_edge.png,25.01463,25.170847,0.0033741109073162
294,/tmp/DataSetCombined/Edges/Round-7_0108603_edge.png,27.83821,28.12444,0.0033741109073162
295,/tmp/DataSetCombined/Edges/Round-7_0034829_edge.png,9.47571,9.354667,0.0033741109073162
296,/tmp/DataSetCombined/Edges/Round-10_0179908_edge.png,10.72687,10.840108,0.0033741109073162
297,/tmp/DataSetCombined/Edges/Round-7_0066614_edge.png,9.76465,9.796716,0.0033741109073162
298,/tmp/DataSetCombined/Edges/Round-2_0093656_edge.png,12.58322,13.048394,0.0033741109073162
299,/tmp/DataSetCombined/Edges/Round-10_0069382_edge.png,12.64042,12.910788,0.0033741109073162
300,/tmp/DataSetCombined/Edges/Round-1_0071700_edge.png,9.45001,9.3429165,0.0033741109073162
301,/tmp/DataSetCombined/Edges/Round-1_0009100_edge.png,7.14153,7.542086,0.0033741109073162
302,/tmp/DataSetCombined/Edges/Round-7_0036837_edge.png,14.04095,14.025719,0.0033741109073162
303,/tmp/DataSetCombined/Edges/Round-6_0039751_edge.png,14.68699,15.041324,0.0033741109073162
304,/tmp/DataSetCombined/Edges/Round-1_0008034_edge.png,8.87725,8.991489,0.0033741109073162
305,/tmp/DataSetCombined/Edges/Round-3_0064415_edge.png,9.83609,10.0478115,0.0033741109073162
306,/tmp/DataSetCombined/Edges/Round-6_0035429_edge.png,8.86972,9.002779,0.0033741109073162
307,/tmp/DataSetCombined/Edges/Round-5_0025952_edge.png,9.47558,9.359861,0.0033741109073162
308,/tmp/DataSetCombined/Edges/Round-10_0175972_edge.png,12.93865,13.422739,0.0033741109073162
309,/tmp/DataSetCombined/Edges/Round-9_0026702_edge.png,9.12122,9.132248,0.0033741109073162
310,/tmp/DataSetCombined/Edges/Round-1_0154776_edge.png,9.13712,9.082487,0.0033741109073162
311,/tmp/DataSetCombined/Edges/Round-10_0051383_edge.png,14.15492,14.223746,0.0033741109073162
312,/tmp/DataSetCombined/Edges/Round-9_0179518_edge.png,9.72287,9.698935,0.0033741109073162
313,/tmp/DataSetCombined/Edges/Round-10_0112726_edge.png,8.70609,8.834806,0.0033741109073162
314,/tmp/DataSetCombined/Edges/Round-1_0029934_edge.png,8.36029,8.436766,0.0033741109073162
315,/tmp/DataSetCombined/Edges/Round-10_0024775_edge.png,8.62082,8.836303,0.0033741109073162
316,/tmp/DataSetCombined/Edges/Round-9_0197409_edge.png,9.26483,9.216055,0.0033741109073162
317,/tmp/DataSetCombined/Edges/Round-4_0061707_edge.png,21.7568,21.67472,0.0033741109073162
318,/tmp/DataSetCombined/Edges/Round-3_0070796_edge.png,12.18885,12.719224,0.0033741109073162
319,/tmp/DataSetCombined/Edges/Round-9_0171240_edge.png,17.5015,17.760103,0.0033741109073162
320,/tmp/DataSetCombined/Edges/Round-10_0128588_edge.png,9.89117,9.777207,0.0038559362292289
321,/tmp/DataSetCombined/Edges/Round-7_0019689_edge.png,20.27479,20.186445,0.0038559362292289
322,/tmp/DataSetCombined/Edges/Round-9_0118205_edge.png,13.09106,13.349611,0.0038559362292289
323,/tmp/DataSetCombined/Edges/Round-8_0057454_edge.png,12.60682,13.02602,0.0038559362292289
324,/tmp/DataSetCombined/Edges/Round-7_0052076_edge.png,9.32823,9.255069,0.0038559362292289
325,/tmp/DataSetCombined/Edges/Round-2_0091941_edge.png,12.33832,12.76874,0.0038559362292289
326,/tmp/DataSetCombined/Edges/Round-7_0063303_edge.png,17.43267,17.708868,0.0038559362292289
327,/tmp/DataSetCombined/Edges/Round-2_0030200_edge.png,19.62473,19.514345,0.0038559362292289
328,/tmp/DataSetCombined/Edges/Round-10_0091084_edge.png,16.85282,17.0463,0.0038559362292289
329,/tmp/DataSetCombined/Edges/Round-9_0110258_edge.png,11.99522,12.271727,0.0038559362292289
330,/tmp/DataSetCombined/Edges/Round-10_0167447_edge.png,12.58713,12.942499,0.0038559362292289
331,/tmp/DataSetCombined/Edges/Round-5_0015057_edge.png,12.70536,13.038622,0.0038559362292289
332,/tmp/DataSetCombined/Edges/Round-4_0049156_edge.png,16.13829,16.497896,0.0038559362292289
333,/tmp/DataSetCombined/Edges/Round-8_0072607_edge.png,8.51467,8.748316,0.0038559362292289
334,/tmp/DataSetCombined/Edges/Round-1_0069334_edge.png,15.93342,16.278004,0.0038559362292289
335,/tmp/DataSetCombined/Edges/Round-7_0021916_edge.png,10.39683,10.396278,0.0038559362292289
336,/tmp/DataSetCombined/Edges/Round-6_0066071_edge.png,9.62113,9.5826435,0.0038559362292289
337,/tmp/DataSetCombined/Edges/Round-1_0060634_edge.png,11.44701,11.928011,0.0038559362292289
338,/tmp/DataSetCombined/Edges/Round-9_0069684_edge.png,12.07094,12.617479,0.0038559362292289
339,/tmp/DataSetCombined/Edges/Round-9_0029230_edge.png,12.42571,12.760192,0.0038559362292289
340,/tmp/DataSetCombined/Edges/Round-3_0021101_edge.png,18.30814,18.338552,0.0038559362292289
341,/tmp/DataSetCombined/Edges/Round-5_0072005_edge.png,19.13587,19.101084,0.0038559362292289
342,/tmp/DataSetCombined/Edges/Round-8_0036234_edge.png,28.04073,28.191515,0.0038559362292289
343,/tmp/DataSetCombined/Edges/Round-4_0089249_edge.png,9.67574,9.636945,0.0038559362292289
344,/tmp/DataSetCombined/Edges/Round-10_0165069_edge.png,11.08351,11.592255,0.0038559362292289
345,/tmp/DataSetCombined/Edges/Round-10_0116247_edge.png,13.62384,13.71709,0.0038559362292289
346,/tmp/DataSetCombined/Edges/Round-1_0059634_edge.png,26.49232,26.889433,0.0038559362292289
347,/tmp/DataSetCombined/Edges/Round-8_0028770_edge.png,15.07873,15.116776,0.0038559362292289
348,/tmp/DataSetCombined/Edges/Round-7_0032933_edge.png,19.65489,19.561504,0.0038559362292289
349,/tmp/DataSetCombined/Edges/Round-10_0047078_edge.png,8.70308,8.760616,0.0038559362292289
350,/tmp/DataSetCombined/Edges/Round-5_0116041_edge.png,9.87036,10.14396,0.0038559362292289
351,/tmp/DataSetCombined/Edges/Round-10_0007678_edge.png,12.90519,13.3719,0.0038559362292289
352,/tmp/DataSetCombined/Edges/Round-8_0045385_edge.png,8.37852,8.676056,0.0038559362292289
353,/tmp/DataSetCombined/Edges/Round-10_0057794_edge.png,12.27086,12.376069,0.0038559362292289
354,/tmp/DataSetCombined/Edges/Round-5_0060357_edge.png,9.89821,9.973066,0.0038559362292289
355,/tmp/DataSetCombined/Edges/Round-5_0027427_edge.png,27.35061,27.681026,0.0038559362292289
356,/tmp/DataSetCombined/Edges/Round-8_0018849_edge.png,7.45438,7.7243495,0.0038559362292289
357,/tmp/DataSetCombined/Edges/Round-9_0081002_edge.png,11.5712,12.03447,0.0038559362292289
358,/tmp/DataSetCombined/Edges/Round-4_0047621_edge.png,7.60304,7.778012,0.0038559362292289
359,/tmp/DataSetCombined/Edges/Round-7_0001298_edge.png,13.15246,13.625719,0.0038559362292289
360,/tmp/DataSetCombined/Edges/Round-9_0090634_edge.png,8.05018,8.209829,0.0038559362292289
361,/tmp/DataSetCombined/Edges/Round-5_0083593_edge.png,8.46981,8.718896,0.0038559362292289
362,/tmp/DataSetCombined/Edges/Round-6_0003614_edge.png,7.23231,7.572458,0.0038559362292289
363,/tmp/DataSetCombined/Edges/Round-5_0066617_edge.png,13.08062,13.567879,0.0038559362292289
364,/tmp/DataSetCombined/Edges/Round-1_0076878_edge.png,8.66795,8.760302,0.0038559362292289
365,/tmp/DataSetCombined/Edges/Round-9_0022428_edge.png,18.27269,18.304516,0.0038559362292289
366,/tmp/DataSetCombined/Edges/Round-6_0004819_edge.png,15.63845,16.045073,0.0038559362292289
367,/tmp/DataSetCombined/Edges/Round-2_0062954_edge.png,8.26768,8.616749,0.0038559362292289
368,/tmp/DataSetCombined/Edges/Round-5_0055540_edge.png,19.65554,19.567146,0.0038559362292289
369,/tmp/DataSetCombined/Edges/Round-6_0116156_edge.png,12.95814,13.146318,0.0038559362292289
370,/tmp/DataSetCombined/Edges/Round-6_0017189_edge.png,19.60781,19.548676,0.0038559362292289
371,/tmp/DataSetCombined/Edges/Round-6_0037566_edge.png,17.769,17.691473,0.0038559362292289
372,/tmp/DataSetCombined/Edges/Round-10_0124705_edge.png,13.97406,13.993548,0.0038559362292289
373,/tmp/DataSetCombined/Edges/Round-8_0004630_edge.png,9.44539,9.3640995,0.0038559362292289
374,/tmp/DataSetCombined/Edges/Round-5_0066707_edge.png,15.23025,15.256159,0.0038559362292289
375,/tmp/DataSetCombined/Edges/Round-1_0025200_edge.png,14.70216,14.809163,0.0038559362292289
376,/tmp/DataSetCombined/Edges/Round-10_0034467_edge.png,12.25554,12.740379,0.0038559362292289
377,/tmp/DataSetCombined/Edges/Round-5_0084286_edge.png,14.85295,14.938236,0.0038559362292289
378,/tmp/DataSetCombined/Edges/Round-9_0176869_edge.png,8.98093,9.039113,0.0038559362292289
379,/tmp/DataSetCombined/Edges/Round-10_0049035_edge.png,13.97375,13.73351,0.0038559362292289
380,/tmp/DataSetCombined/Edges/Round-8_0086862_edge.png,14.02916,14.128542,0.0038559362292289
381,/tmp/DataSetCombined/Edges/Round-9_0137259_edge.png,8.7572,8.845831,0.0038559362292289
382,/tmp/DataSetCombined/Edges/Round-8_0020987_edge.png,18.5876,18.406431,0.0038559362292289
383,/tmp/DataSetCombined/Edges/Round-1_0124195_edge.png,25.84743,26.223654,0.0038559362292289
384,/tmp/DataSetCombined/Edges/Round-9_0155288_edge.png,12.72952,13.120424,0.0038420148193836
385,/tmp/DataSetCombined/Edges/Round-5_0087777_edge.png,12.54263,12.99499,0.0038420148193836
386,/tmp/DataSetCombined/Edges/Round-7_0121426_edge.png,12.18633,12.437481,0.0038420148193836
387,/tmp/DataSetCombined/Edges/Round-1_0077601_edge.png,17.35542,17.35674,0.0038420148193836
388,/tmp/DataSetCombined/Edges/Round-7_0059511_edge.png,15.18681,15.183384,0.0038420148193836
389,/tmp/DataSetCombined/Edges/Round-10_0126993_edge.png,19.66047,19.553234,0.0038420148193836
390,/tmp/DataSetCombined/Edges/Round-1_0137323_edge.png,9.4886,9.352364,0.0038420148193836
391,/tmp/DataSetCombined/Edges/Round-9_0071912_edge.png,14.58369,14.513096,0.0038420148193836
392,/tmp/DataSetCombined/Edges/Round-7_0034167_edge.png,11.48834,11.813185,0.0038420148193836
393,/tmp/DataSetCombined/Edges/Round-7_0076001_edge.png,11.52196,11.823594,0.0038420148193836
394,/tmp/DataSetCombined/Edges/Round-3_0086327_edge.png,8.44285,8.575639,0.0038420148193836
395,/tmp/DataSetCombined/Edges/Round-10_0026527_edge.png,15.38653,15.402333,0.0038420148193836
396,/tmp/DataSetCombined/Edges/Round-10_0099512_edge.png,13.99747,14.009867,0.0038420148193836
397,/tmp/DataSetCombined/Edges/Round-7_0070226_edge.png,9.67583,9.644482,0.0038420148193836
398,/tmp/DataSetCombined/Edges/Round-9_0122750_edge.png,13.82939,13.588707,0.0038420148193836
399,/tmp/DataSetCombined/Edges/Round-7_0098008_edge.png,8.38106,8.682827,0.0038420148193836
400,/tmp/DataSetCombined/Edges/Round-7_0010329_edge.png,30.14054,29.951115,0.0038420148193836
401,/tmp/DataSetCombined/Edges/Round-1_0083864_edge.png,16.08699,16.388418,0.0038420148193836
402,/tmp/DataSetCombined/Edges/Round-5_0061801_edge.png,10.78558,10.956512,0.0038420148193836
403,/tmp/DataSetCombined/Edges/Round-1_0165707_edge.png,11.82312,12.4363575,0.0038420148193836
404,/tmp/DataSetCombined/Edges/Round-7_0112907_edge.png,16.99264,17.032148,0.0038420148193836
405,/tmp/DataSetCombined/Edges/Round-9_0018335_edge.png,13.09585,13.577848,0.0038420148193836
406,/tmp/DataSetCombined/Edges/Round-10_0122448_edge.png,13.85783,13.892941,0.0038420148193836
407,/tmp/DataSetCombined/Edges/Round-9_0183551_edge.png,17.57719,17.827574,0.0038420148193836
408,/tmp/DataSetCombined/Edges/Round-6_0088706_edge.png,12.904,13.128213,0.0038420148193836
409,/tmp/DataSetCombined/Edges/Round-8_0030226_edge.png,13.94498,13.967337,0.0038420148193836
410,/tmp/DataSetCombined/Edges/Round-9_0098911_edge.png,13.42567,13.954654,0.0038420148193836
411,/tmp/DataSetCombined/Edges/Round-1_0043500_edge.png,9.24808,9.209385,0.0038420148193836
412,/tmp/DataSetCombined/Edges/Round-10_0081873_edge.png,18.2579,18.299074,0.0038420148193836
413,/tmp/DataSetCombined/Edges/Round-10_0193001_edge.png,8.98719,9.032104,0.0038420148193836
414,/tmp/DataSetCombined/Edges/Round-7_0056170_edge.png,16.3311,16.395937,0.0038420148193836
415,/tmp/DataSetCombined/Edges/Round-1_0034691_edge.png,15.01479,15.319086,0.0038420148193836
416,/tmp/DataSetCombined/Edges/Round-10_0038741_edge.png,18.19138,18.232622,0.0038420148193836
417,/tmp/DataSetCombined/Edges/Round-10_0042022_edge.png,8.5581,8.813118,0.0038420148193836
418,/tmp/DataSetCombined/Edges/Round-2_0085498_edge.png,13.77961,14.188866,0.0038420148193836
419,/tmp/DataSetCombined/Edges/Round-7_0061226_edge.png,30.33707,30.049448,0.0038420148193836
420,/tmp/DataSetCombined/Edges/Round-7_0080340_edge.png,13.99764,14.019754,0.0038420148193836
421,/tmp/DataSetCombined/Edges/Round-1_0049300_edge.png,17.0861,17.397459,0.0038420148193836
422,/tmp/DataSetCombined/Edges/Round-8_0042525_edge.png,19.66817,19.565947,0.0038420148193836
423,/tmp/DataSetCombined/Edges/Round-6_0004126_edge.png,13.15506,13.451185,0.0038420148193836
424,/tmp/DataSetCombined/Edges/Round-10_0135180_edge.png,30.2771,29.88828,0.0038420148193836
425,/tmp/DataSetCombined/Edges/Round-7_0068601_edge.png,13.70854,13.7813835,0.0038420148193836
426,/tmp/DataSetCombined/Edges/Round-6_0006213_edge.png,13.91747,13.936825,0.0038420148193836
427,/tmp/DataSetCombined/Edges/Round-9_0044864_edge.png,8.37194,8.662081,0.0038420148193836
428,/tmp/DataSetCombined/Edges/Round-4_0073356_edge.png,13.32752,13.448505,0.0038420148193836
429,/tmp/DataSetCombined/Edges/Round-10_0048192_edge.png,9.81897,9.997543,0.0038420148193836
430,/tmp/DataSetCombined/Edges/Round-6_0020681_edge.png,16.08623,16.431917,0.0038420148193836
431,/tmp/DataSetCombined/Edges/Round-10_0034617_edge.png,8.85421,8.971952,0.0038420148193836
432,/tmp/DataSetCombined/Edges/Round-6_0012193_edge.png,13.25522,13.759447,0.0038420148193836
433,/tmp/DataSetCombined/Edges/Round-7_0037989_edge.png,8.27646,8.382429,0.0038420148193836
434,/tmp/DataSetCombined/Edges/Round-8_0045716_edge.png,9.18598,9.184139,0.0038420148193836
435,/tmp/DataSetCombined/Edges/Round-6_0015955_edge.png,13.66635,13.724698,0.0038420148193836
436,/tmp/DataSetCombined/Edges/Round-9_0101499_edge.png,15.59246,15.864114,0.0038420148193836
437,/tmp/DataSetCombined/Edges/Round-3_0034534_edge.png,24.83715,24.949337,0.0038420148193836
438,/tmp/DataSetCombined/Edges/Round-5_0000940_edge.png,26.38953,26.837751,0.0038420148193836
439,/tmp/DataSetCombined/Edges/Round-3_0040787_edge.png,13.96655,13.980186,0.0038420148193836
440,/tmp/DataSetCombined/Edges/Round-5_0081637_edge.png,11.67118,11.990742,0.0038420148193836
441,/tmp/DataSetCombined/Edges/Round-10_0068479_edge.png,30.27065,30.021856,0.0038420148193836
442,/tmp/DataSetCombined/Edges/Round-7_0018124_edge.png,11.71639,12.069963,0.0038420148193836
443,/tmp/DataSetCombined/Edges/Round-3_0015895_edge.png,15.00186,15.262666,0.0038420148193836
444,/tmp/DataSetCombined/Edges/Round-5_0016291_edge.png,11.35437,11.658295,0.0038420148193836
445,/tmp/DataSetCombined/Edges/Round-1_0038000_edge.png,14.00573,13.996811,0.0038420148193836
446,/tmp/DataSetCombined/Edges/Round-1_0104690_edge.png,19.63708,19.538372,0.0038420148193836
447,/tmp/DataSetCombined/Edges/Round-9_0044070_edge.png,8.10191,8.426916,0.0038420148193836
448,/tmp/DataSetCombined/Edges/Round-6_0127504_edge.png,15.30195,15.592104,0.003262348473072
449,/tmp/DataSetCombined/Edges/Round-8_0009777_edge.png,8.65004,8.812722,0.003262348473072
450,/tmp/DataSetCombined/Edges/Round-10_0037642_edge.png,8.93053,9.009135,0.003262348473072
451,/tmp/DataSetCombined/Edges/Round-3_0012674_edge.png,12.30535,12.77722,0.003262348473072
452,/tmp/DataSetCombined/Edges/Round-10_0187885_edge.png,16.09092,16.394886,0.003262348473072
453,/tmp/DataSetCombined/Edges/Round-7_0091657_edge.png,18.49502,18.572624,0.003262348473072
454,/tmp/DataSetCombined/Edges/Round-9_0078774_edge.png,14.96149,14.956918,0.003262348473072
455,/tmp/DataSetCombined/Edges/Round-3_0084732_edge.png,14.00752,14.018959,0.003262348473072
456,/tmp/DataSetCombined/Edges/Round-8_0001273_edge.png,8.61305,8.829853,0.003262348473072
457,/tmp/DataSetCombined/Edges/Round-8_0067068_edge.png,10.07473,10.231422,0.003262348473072
458,/tmp/DataSetCombined/Edges/Round-5_0061079_edge.png,17.02067,17.337124,0.003262348473072
459,/tmp/DataSetCombined/Edges/Round-2_0059467_edge.png,15.83123,16.231867,0.003262348473072
460,/tmp/DataSetCombined/Edges/Round-6_0124314_edge.png,8.82596,8.82358,0.003262348473072
461,/tmp/DataSetCombined/Edges/Round-5_0076520_edge.png,12.29335,12.666153,0.003262348473072
462,/tmp/DataSetCombined/Edges/Round-8_0055269_edge.png,15.49718,15.83194,0.003262348473072
463,/tmp/DataSetCombined/Edges/Round-1_0124708_edge.png,12.42756,12.708907,0.003262348473072
464,/tmp/DataSetCombined/Edges/Round-4_0045123_edge.png,8.16764,8.281203,0.003262348473072
465,/tmp/DataSetCombined/Edges/Round-9_0183792_edge.png,9.1966,9.1731,0.003262348473072
466,/tmp/DataSetCombined/Edges/Round-9_0066042_edge.png,9.36589,9.276303,0.003262348473072
467,/tmp/DataSetCombined/Edges/Round-10_0114802_edge.png,13.62719,13.733393,0.003262348473072
468,/tmp/DataSetCombined/Edges/Round-9_0092229_edge.png,15.67894,15.95226,0.003262348473072
469,/tmp/DataSetCombined/Edges/Round-9_0055868_edge.png,16.10404,16.407097,0.003262348473072
470,/tmp/DataSetCombined/Edges/Round-3_0058847_edge.png,9.2231,9.089292,0.003262348473072
471,/tmp/DataSetCombined/Edges/Round-9_0046267_edge.png,13.78967,13.824814,0.003262348473072
472,/tmp/DataSetCombined/Edges/Round-9_0135603_edge.png,11.81137,12.343376,0.003262348473072
473,/tmp/DataSetCombined/Edges/Round-5_0033418_edge.png,8.50963,8.742975,0.003262348473072
474,/tmp/DataSetCombined/Edges/Round-2_0092451_edge.png,30.19569,29.936779,0.003262348473072
475,/tmp/DataSetCombined/Edges/Round-6_0019055_edge.png,19.05996,19.056328,0.003262348473072
476,/tmp/DataSetCombined/Edges/Round-1_0039634_edge.png,10.25402,10.808882,0.003262348473072
477,/tmp/DataSetCombined/Edges/Round-2_0024400_edge.png,16.57709,16.975004,0.003262348473072
478,/tmp/DataSetCombined/Edges/Round-9_0186892_edge.png,11.44299,11.77539,0.003262348473072
479,/tmp/DataSetCombined/Edges/Round-8_0034531_edge.png,12.20238,12.746115,0.003262348473072
480,/tmp/DataSetCombined/Edges/Round-1_0133074_edge.png,13.29362,13.805019,0.003262348473072
481,/tmp/DataSetCombined/Edges/Round-6_0119125_edge.png,21.94474,21.855288,0.003262348473072
482,/tmp/DataSetCombined/Edges/Round-9_0103246_edge.png,9.9068,9.985184,0.003262348473072
483,/tmp/DataSetCombined/Edges/Round-9_0132412_edge.png,13.57223,13.681498,0.003262348473072
484,/tmp/DataSetCombined/Edges/Round-1_0147101_edge.png,25.16655,25.331167,0.003262348473072
485,/tmp/DataSetCombined/Edges/Round-7_0097978_edge.png,13.22894,13.340826,0.003262348473072
486,/tmp/DataSetCombined/Edges/Round-1_0048934_edge.png,8.01875,8.302342,0.003262348473072
487,/tmp/DataSetCombined/Edges/Round-9_0121997_edge.png,16.06417,16.358393,0.003262348473072
488,/tmp/DataSetCombined/Edges/Round-8_0002974_edge.png,12.60025,13.033434,0.003262348473072
489,/tmp/DataSetCombined/Edges/Round-8_0069314_edge.png,13.2581,13.760844,0.003262348473072
490,/tmp/DataSetCombined/Edges/Round-10_0195861_edge.png,22.13145,22.096655,0.003262348473072
491,/tmp/DataSetCombined/Edges/Round-8_0055691_edge.png,9.57836,9.549443,0.003262348473072
492,/tmp/DataSetCombined/Edges/Round-9_0162663_edge.png,17.66307,17.668272,0.003262348473072
493,/tmp/DataSetCombined/Edges/Round-10_0010447_edge.png,12.14858,12.620415,0.003262348473072
494,/tmp/DataSetCombined/Edges/Round-10_0133193_edge.png,13.60851,13.726925,0.003262348473072
495,/tmp/DataSetCombined/Edges/Round-10_0137648_edge.png,12.22708,12.528789,0.003262348473072
496,/tmp/DataSetCombined/Edges/Round-4_0029741_edge.png,13.15426,13.62737,0.003262348473072
497,/tmp/DataSetCombined/Edges/Round-1_0046600_edge.png,12.23759,12.734066,0.003262348473072
498,/tmp/DataSetCombined/Edges/Round-10_0147129_edge.png,8.06689,8.336664,0.003262348473072
499,/tmp/DataSetCombined/Edges/Round-6_0107977_edge.png,13.64286,13.717351,0.003262348473072
500,/tmp/DataSetCombined/Edges/Round-5_0054457_edge.png,12.25223,12.743595,0.003262348473072
501,/tmp/DataSetCombined/Edges/Round-9_0097888_edge.png,16.06811,16.375536,0.003262348473072
502,/tmp/DataSetCombined/Edges/Round-5_0078206_edge.png,8.30378,8.624009,0.003262348473072
503,/tmp/DataSetCombined/Edges/Round-9_0159532_edge.png,30.32338,30.056791,0.003262348473072
504,/tmp/DataSetCombined/Edges/Round-10_0041486_edge.png,12.77465,13.233169,0.003262348473072
505,/tmp/DataSetCombined/Edges/Round-8_0065684_edge.png,14.04012,14.013857,0.003262348473072
506,/tmp/DataSetCombined/Edges/Round-10_0022908_edge.png,27.95336,28.043657,0.003262348473072
507,/tmp/DataSetCombined/Edges/Round-7_0048434_edge.png,18.31422,18.331514,0.003262348473072
508,/tmp/DataSetCombined/Edges/Round-9_0153120_edge.png,15.21604,15.232773,0.003262348473072
509,/tmp/DataSetCombined/Edges/Round-1_0034498_edge.png,7.42795,7.739168,0.003262348473072
510,/tmp/DataSetCombined/Edges/Round-6_0008972_edge.png,14.58938,14.497025,0.003262348473072
511,/tmp/DataSetCombined/Edges/Round-5_0095001_edge.png,14.04682,14.002538,0.003262348473072
512,/tmp/DataSetCombined/Edges/Round-1_0089370_edge.png,8.08413,8.247826,0.0033828653395175
513,/tmp/DataSetCombined/Edges/Round-1_0170248_edge.png,16.07474,16.40776,0.0033828653395175
514,/tmp/DataSetCombined/Edges/Round-5_0046300_edge.png,11.24645,11.535407,0.0033828653395175
515,/tmp/DataSetCombined/Edges/Round-3_0031734_edge.png,8.34608,8.55656,0.0033828653395175
516,/tmp/DataSetCombined/Edges/Round-4_0050149_edge.png,13.53812,13.801063,0.0033828653395175
517,/tmp/DataSetCombined/Edges/Round-7_0016468_edge.png,13.29171,13.813013,0.0033828653395175
518,/tmp/DataSetCombined/Edges/Round-2_0105394_edge.png,9.29708,9.230244,0.0033828653395175
519,/tmp/DataSetCombined/Edges/Round-6_0087051_edge.png,9.98768,10.342394,0.0033828653395175
520,/tmp/DataSetCombined/Edges/Round-9_0057830_edge.png,9.39514,9.289823,0.0033828653395175
521,/tmp/DataSetCombined/Edges/Round-9_0001122_edge.png,10.36572,10.68251,0.0033828653395175
522,/tmp/DataSetCombined/Edges/Round-9_0165401_edge.png,24.55409,24.517694,0.0033828653395175
523,/tmp/DataSetCombined/Edges/Round-1_0051264_edge.png,12.00354,12.286931,0.0033828653395175
524,/tmp/DataSetCombined/Edges/Round-10_0092319_edge.png,8.53207,8.6506815,0.0033828653395175
525,/tmp/DataSetCombined/Edges/Round-6_0017370_edge.png,14.04135,14.179955,0.0033828653395175
526,/tmp/DataSetCombined/Edges/Round-9_0066012_edge.png,15.23014,15.228146,0.0033828653395175
527,/tmp/DataSetCombined/Edges/Round-10_0032331_edge.png,20.24959,20.150167,0.0033828653395175
528,/tmp/DataSetCombined/Edges/Round-1_0053250_edge.png,13.14197,13.6179085,0.0033828653395175
529,/tmp/DataSetCombined/Edges/Round-6_0070134_edge.png,13.14121,13.621604,0.0033828653395175
530,/tmp/DataSetCombined/Edges/Round-4_0034136_edge.png,10.71421,10.873262,0.0033828653395175
531,/tmp/DataSetCombined/Edges/Round-9_0059893_edge.png,11.48773,11.957987,0.0033828653395175
532,/tmp/DataSetCombined/Edges/Round-3_0043917_edge.png,10.47429,10.769178,0.0033828653395175
533,/tmp/DataSetCombined/Edges/Round-6_0009935_edge.png,19.86927,19.717747,0.0033828653395175
534,/tmp/DataSetCombined/Edges/Round-1_0107399_edge.png,8.18291,8.440519,0.0033828653395175
535,/tmp/DataSetCombined/Edges/Round-8_0002042_edge.png,11.61181,12.055067,0.0033828653395175
536,/tmp/DataSetCombined/Edges/Round-8_0065883_edge.png,18.25243,18.31124,0.0033828653395175
537,/tmp/DataSetCombined/Edges/Round-8_0067448_edge.png,9.65847,9.603232,0.0033828653395175
538,/tmp/DataSetCombined/Edges/Round-1_0110470_edge.png,16.62452,17.036034,0.0033828653395175
539,/tmp/DataSetCombined/Edges/Round-10_0116819_edge.png,9.68104,9.643287,0.0033828653395175
540,/tmp/DataSetCombined/Edges/Round-6_0103936_edge.png,10.1951,10.748133,0.0033828653395175
541,/tmp/DataSetCombined/Edges/Round-6_0043677_edge.png,16.83154,17.216532,0.0033828653395175
542,/tmp/DataSetCombined/Edges/Round-6_0015052_edge.png,9.74653,10.016842,0.0033828653395175
543,/tmp/DataSetCombined/Edges/Round-9_0157726_edge.png,14.35633,14.33543,0.0033828653395175
544,/tmp/DataSetCombined/Edges/Round-2_0077071_edge.png,8.71641,8.833436,0.0033828653395175
545,/tmp/DataSetCombined/Edges/Round-2_0055534_edge.png,16.07919,16.3864,0.0033828653395175
546,/tmp/DataSetCombined/Edges/Round-4_0001448_edge.png,20.25908,20.156347,0.0033828653395175
547,/tmp/DataSetCombined/Edges/Round-1_0157967_edge.png,20.81422,20.554846,0.0033828653395175
548,/tmp/DataSetCombined/Edges/Round-9_0006175_edge.png,19.62584,19.533344,0.0033828653395175
549,/tmp/DataSetCombined/Edges/Round-6_0097468_edge.png,18.54447,18.572977,0.0033828653395175
550,/tmp/DataSetCombined/Edges/Round-8_0070187_edge.png,9.3686,9.304947,0.0033828653395175
551,/tmp/DataSetCombined/Edges/Round-1_0099303_edge.png,12.31198,12.59252,0.0033828653395175
552,/tmp/DataSetCombined/Edges/Round-10_0145835_edge.png,6.57402,6.98935,0.0033828653395175
553,/tmp/DataSetCombined/Edges/Round-5_0052500_edge.png,9.21054,9.239071,0.0033828653395175
554,/tmp/DataSetCombined/Edges/Round-6_0055506_edge.png,14.99557,14.991425,0.0033828653395175
555,/tmp/DataSetCombined/Edges/Round-4_0055146_edge.png,10.50212,11.198214,0.0033828653395175
556,/tmp/DataSetCombined/Edges/Round-10_0087321_edge.png,19.67078,19.53973,0.0033828653395175
557,/tmp/DataSetCombined/Edges/Round-1_0074320_edge.png,26.51809,26.900496,0.0033828653395175
558,/tmp/DataSetCombined/Edges/Round-9_0146228_edge.png,15.05866,15.403848,0.0033828653395175
559,/tmp/DataSetCombined/Edges/Round-1_0150472_edge.png,14.41355,14.614843,0.0033828653395175
560,/tmp/DataSetCombined/Edges/Round-6_0035038_edge.png,9.26956,9.22249,0.0033828653395175
561,/tmp/DataSetCombined/Edges/Round-8_0024435_edge.png,14.43141,14.423881,0.0033828653395175
562,/tmp/DataSetCombined/Edges/Round-9_0143609_edge.png,9.91071,10.12307,0.0033828653395175
563,/tmp/DataSetCombined/Edges/Round-9_0194417_edge.png,15.73556,16.069906,0.0033828653395175
564,/tmp/DataSetCombined/Edges/Round-6_0069652_edge.png,17.64232,17.6147,0.0033828653395175
565,/tmp/DataSetCombined/Edges/Round-2_0033200_edge.png,19.66365,19.557688,0.0033828653395175
566,/tmp/DataSetCombined/Edges/Round-9_0149268_edge.png,12.72134,13.062597,0.0033828653395175
567,/tmp/DataSetCombined/Edges/Round-10_0082746_edge.png,9.53842,9.526521,0.0033828653395175
568,/tmp/DataSetCombined/Edges/Round-6_0047500_edge.png,9.99096,10.4084015,0.0033828653395175
569,/tmp/DataSetCombined/Edges/Round-9_0150923_edge.png,12.716,12.809225,0.0033828653395175
570,/tmp/DataSetCombined/Edges/Round-9_0128529_edge.png,18.79037,18.558733,0.0033828653395175
571,/tmp/DataSetCombined/Edges/Round-9_0055477_edge.png,14.42254,14.711513,0.0033828653395175
572,/tmp/DataSetCombined/Edges/Round-3_0015804_edge.png,13.40928,13.730782,0.0033828653395175
573,/tmp/DataSetCombined/Edges/Round-4_0055386_edge.png,30.24825,29.942158,0.0033828653395175
574,/tmp/DataSetCombined/Edges/Round-4_0084613_edge.png,16.42295,16.79933,0.0033828653395175
575,/tmp/DataSetCombined/Edges/Round-8_0023746_edge.png,22.58469,22.478018,0.0033828653395175
576,/tmp/DataSetCombined/Edges/Round-8_0070759_edge.png,7.75865,7.9649243,0.0039088167250156
577,/tmp/DataSetCombined/Edges/Round-9_0162210_edge.png,8.05586,8.207929,0.0039088167250156
578,/tmp/DataSetCombined/Edges/Round-8_0057063_edge.png,11.96566,12.3315325,0.0039088167250156
579,/tmp/DataSetCombined/Edges/Round-10_0148936_edge.png,8.28144,8.383125,0.0039088167250156
580,/tmp/DataSetCombined/Edges/Round-3_0073294_edge.png,23.05522,23.049463,0.0039088167250156
581,/tmp/DataSetCombined/Edges/Round-7_0089310_edge.png,27.14191,27.401329,0.0039088167250156
582,/tmp/DataSetCombined/Edges/Round-6_0126752_edge.png,13.39251,13.48501,0.0039088167250156
583,/tmp/DataSetCombined/Edges/Round-3_0069742_edge.png,14.44985,14.412283,0.0039088167250156
584,/tmp/DataSetCombined/Edges/Round-10_0163143_edge.png,13.04176,13.016579,0.0039088167250156
585,/tmp/DataSetCombined/Edges/Round-3_0051653_edge.png,8.48341,8.710106,0.0039088167250156
586,/tmp/DataSetCombined/Edges/Round-9_0163264_edge.png,8.97156,9.032598,0.0039088167250156
587,/tmp/DataSetCombined/Edges/Round-8_0037480_edge.png,17.84209,18.057905,0.0039088167250156
588,/tmp/DataSetCombined/Edges/Round-3_0044790_edge.png,23.8143,23.612726,0.0039088167250156
589,/tmp/DataSetCombined/Edges/Round-8_0039817_edge.png,10.1247,10.133934,0.0039088167250156
590,/tmp/DataSetCombined/Edges/Round-6_0025075_edge.png,9.90889,9.981373,0.0039088167250156
591,/tmp/DataSetCombined/Edges/Round-5_0011264_edge.png,30.34081,30.016562,0.0039088167250156
592,/tmp/DataSetCombined/Edges/Round-10_0090332_edge.png,30.32525,30.005196,0.0039088167250156
593,/tmp/DataSetCombined/Edges/Round-10_0036002_edge.png,8.11386,8.37428,0.0039088167250156
594,/tmp/DataSetCombined/Edges/Round-5_0031521_edge.png,14.1013,14.439658,0.0039088167250156
595,/tmp/DataSetCombined/Edges/Round-6_0079525_edge.png,7.97303,8.023452,0.0039088167250156
596,/tmp/DataSetCombined/Edges/Round-9_0159682_edge.png,8.97686,9.033733,0.0039088167250156
597,/tmp/DataSetCombined/Edges/Round-10_0166935_edge.png,17.60077,17.765318,0.0039088167250156
598,/tmp/DataSetCombined/Edges/Round-1_0128650_edge.png,30.19855,29.989523,0.0039088167250156
599,/tmp/DataSetCombined/Edges/Round-1_0024567_edge.png,30.0658,29.920628,0.0039088167250156
600,/tmp/DataSetCombined/Edges/Round-10_0032420_edge.png,11.82948,12.196707,0.0039088167250156
601,/tmp/DataSetCombined/Edges/Round-10_0118625_edge.png,13.64747,13.769922,0.0039088167250156
602,/tmp/DataSetCombined/Edges/Round-8_0006425_edge.png,16.40948,16.806284,0.0039088167250156
603,/tmp/DataSetCombined/Edges/Round-8_0049189_edge.png,8.20846,8.4862795,0.0039088167250156
604,/tmp/DataSetCombined/Edges/Round-1_0133737_edge.png,12.63861,12.723131,0.0039088167250156
605,/tmp/DataSetCombined/Edges/Round-1_0095601_edge.png,17.72799,17.85572,0.0039088167250156
606,/tmp/DataSetCombined/Edges/Round-1_0159321_edge.png,14.55427,14.481377,0.0039088167250156
607,/tmp/DataSetCombined/Edges/Round-2_0067710_edge.png,14.71728,14.502445,0.0039088167250156
608,/tmp/DataSetCombined/Edges/Round-7_0077239_edge.png,30.21502,29.963146,0.0039088167250156
609,/tmp/DataSetCombined/Edges/Round-1_0078805_edge.png,11.09711,11.621661,0.0039088167250156
610,/tmp/DataSetCombined/Edges/Round-8_0088638_edge.png,11.99102,12.573729,0.0039088167250156
611,/tmp/DataSetCombined/Edges/Round-9_0040759_edge.png,11.94119,12.545336,0.0039088167250156
612,/tmp/DataSetCombined/Edges/Round-6_0011350_edge.png,29.18408,29.27208,0.0039088167250156
613,/tmp/DataSetCombined/Edges/Round-8_0083160_edge.png,11.00669,11.464001,0.0039088167250156
614,/tmp/DataSetCombined/Edges/Round-2_0066355_edge.png,8.06811,8.322696,0.0039088167250156
615,/tmp/DataSetCombined/Edges/Round-2_0078201_edge.png,12.51883,12.977009,0.0039088167250156
616,/tmp/DataSetCombined/Edges/Round-10_0197488_edge.png,13.59463,13.724729,0.0039088167250156
617,/tmp/DataSetCombined/Edges/Round-6_0041552_edge.png,18.12402,18.268513,0.0039088167250156
618,/tmp/DataSetCombined/Edges/Round-10_0059058_edge.png,16.0368,16.432917,0.0039088167250156
619,/tmp/DataSetCombined/Edges/Round-8_0079518_edge.png,9.65662,9.59665,0.0039088167250156
620,/tmp/DataSetCombined/Edges/Round-6_0060653_edge.png,14.56786,14.540699,0.0039088167250156
621,/tmp/DataSetCombined/Edges/Round-1_0158780_edge.png,11.75153,12.443561,0.0039088167250156
622,/tmp/DataSetCombined/Edges/Round-3_0079826_edge.png,7.7577,8.006318,0.0039088167250156
623,/tmp/DataSetCombined/Edges/Round-10_0047771_edge.png,13.85069,13.892785,0.0039088167250156
624,/tmp/DataSetCombined/Edges/Round-7_0021736_edge.png,12.60086,13.0311165,0.0039088167250156
625,/tmp/DataSetCombined/Edges/Round-8_0042676_edge.png,21.52554,21.371767,0.0039088167250156
626,/tmp/DataSetCombined/Edges/Round-6_0002031_edge.png,28.84788,28.949133,0.0039088167250156
627,/tmp/DataSetCombined/Edges/Round-3_0002734_edge.png,8.28579,8.624462,0.0039088167250156
628,/tmp/DataSetCombined/Edges/Round-1_0071000_edge.png,8.08761,8.263176,0.0039088167250156
629,/tmp/DataSetCombined/Edges/Round-7_0054604_edge.png,12.69212,12.741705,0.0039088167250156
630,/tmp/DataSetCombined/Edges/Round-10_0053008_edge.png,12.76687,13.065336,0.0039088167250156
631,/tmp/DataSetCombined/Edges/Round-7_0123683_edge.png,14.45256,14.770238,0.0039088167250156
632,/tmp/DataSetCombined/Edges/Round-6_0073505_edge.png,10.29057,10.322391,0.0039088167250156
633,/tmp/DataSetCombined/Edges/Round-3_0050870_edge.png,9.04117,9.0912895,0.0039088167250156
634,/tmp/DataSetCombined/Edges/Round-10_0003304_edge.png,14.4316,14.221815,0.0039088167250156
635,/tmp/DataSetCombined/Edges/Round-1_0122359_edge.png,20.99795,20.819399,0.0039088167250156
636,/tmp/DataSetCombined/Edges/Round-1_0006434_edge.png,30.11752,29.921583,0.0039088167250156
637,/tmp/DataSetCombined/Edges/Round-3_0066853_edge.png,12.49029,12.667969,0.0039088167250156
638,/tmp/DataSetCombined/Edges/Round-9_0011201_edge.png,27.73835,28.060339,0.0039088167250156
639,/tmp/DataSetCombined/Edges/Round-3_0051502_edge.png,9.49984,9.496583,0.0039088167250156
640,/tmp/DataSetCombined/Edges/Round-3_0075100_edge.png,14.0345,14.018606,0.0034891851246356
641,/tmp/DataSetCombined/Edges/Round-9_0191377_edge.png,8.7671,8.856834,0.0034891851246356
642,/tmp/DataSetCombined/Edges/Round-8_0045023_edge.png,14.07771,14.29188,0.0034891851246356
643,/tmp/DataSetCombined/Edges/Round-2_0071442_edge.png,15.21319,15.223938,0.0034891851246356
644,/tmp/DataSetCombined/Edges/Round-10_0124434_edge.png,11.49347,12.253464,0.0034891851246356
645,/tmp/DataSetCombined/Edges/Round-8_0016158_edge.png,11.76486,12.109619,0.0034891851246356
646,/tmp/DataSetCombined/Edges/Round-8_0046258_edge.png,8.8471,8.940561,0.0034891851246356
647,/tmp/DataSetCombined/Edges/Round-5_0071553_edge.png,11.57345,12.037104,0.0034891851246356
648,/tmp/DataSetCombined/Edges/Round-10_0038079_edge.png,8.21499,8.349493,0.0034891851246356
649,/tmp/DataSetCombined/Edges/Round-3_0063843_edge.png,6.71047,7.1280503,0.0034891851246356
650,/tmp/DataSetCombined/Edges/Round-5_0043473_edge.png,20.27528,20.181177,0.0034891851246356
651,/tmp/DataSetCombined/Edges/Round-1_0048334_edge.png,12.10154,12.618645,0.0034891851246356
652,/tmp/DataSetCombined/Edges/Round-4_0002863_edge.png,13.23377,13.505585,0.0034891851246356
653,/tmp/DataSetCombined/Edges/Round-10_0002304_edge.png,18.33067,18.349947,0.0034891851246356
654,/tmp/DataSetCombined/Edges/Round-10_0173557_edge.png,12.16612,12.632384,0.0034891851246356
655,/tmp/DataSetCombined/Edges/Round-8_0029805_edge.png,9.5316,9.511608,0.0034891851246356
656,/tmp/DataSetCombined/Edges/Round-6_0106043_edge.png,8.40262,8.674586,0.0034891851246356
657,/tmp/DataSetCombined/Edges/Round-5_0048166_edge.png,8.71339,8.836384,0.0034891851246356
658,/tmp/DataSetCombined/Edges/Round-3_0058787_edge.png,20.26968,20.161623,0.0034891851246356
659,/tmp/DataSetCombined/Edges/Round-9_0112186_edge.png,11.39126,11.87462,0.0034891851246356
660,/tmp/DataSetCombined/Edges/Round-6_0062158_edge.png,17.51454,17.766989,0.0034891851246356
661,/tmp/DataSetCombined/Edges/Round-5_0023214_edge.png,13.12092,13.386385,0.0034891851246356
662,/tmp/DataSetCombined/Edges/Round-1_0092229_edge.png,10.70085,11.392678,0.0034891851246356
663,/tmp/DataSetCombined/Edges/Round-4_0017943_edge.png,19.62998,19.540174,0.0034891851246356
664,/tmp/DataSetCombined/Edges/Round-7_0005692_edge.png,8.1717,8.425579,0.0034891851246356
665,/tmp/DataSetCombined/Edges/Round-10_0069984_edge.png,14.00745,13.980915,0.0034891851246356
666,/tmp/DataSetCombined/Edges/Round-5_0050724_edge.png,24.77748,24.839766,0.0034891851246356
667,/tmp/DataSetCombined/Edges/Round-7_0039314_edge.png,16.58878,16.656967,0.0034891851246356
668,/tmp/DataSetCombined/Edges/Round-9_0099754_edge.png,30.3231,29.980639,0.0034891851246356
669,/tmp/DataSetCombined/Edges/Round-2_0072315_edge.png,30.29054,29.922026,0.0034891851246356
670,/tmp/DataSetCombined/Edges/Round-4_0014692_edge.png,8.03016,8.306891,0.0034891851246356
671,/tmp/DataSetCombined/Edges/Round-1_0025934_edge.png,8.93275,8.968839,0.0034891851246356
672,/tmp/DataSetCombined/Edges/Round-1_0075946_edge.png,12.97104,13.365109,0.0034891851246356
673,/tmp/DataSetCombined/Edges/Round-6_0110873_edge.png,12.79721,13.27721,0.0034891851246356
674,/tmp/DataSetCombined/Edges/Round-7_0044130_edge.png,7.83415,7.971423,0.0034891851246356
675,/tmp/DataSetCombined/Edges/Round-8_0016399_edge.png,11.59484,12.298128,0.0034891851246356
676,/tmp/DataSetCombined/Edges/Round-8_0033977_edge.png,12.82492,13.296104,0.0034891851246356
677,/tmp/DataSetCombined/Edges/Round-7_0122268_edge.png,18.94895,18.743946,0.0034891851246356
678,/tmp/DataSetCombined/Edges/Round-10_0098882_edge.png,18.20606,18.309847,0.0034891851246356
679,/tmp/DataSetCombined/Edges/Round-10_0121575_edge.png,14.00059,14.0011425,0.0034891851246356
680,/tmp/DataSetCombined/Edges/Round-6_0064716_edge.png,15.33128,15.339771,0.0034891851246356
681,/tmp/DataSetCombined/Edges/Round-5_0074834_edge.png,13.68879,13.808623,0.0034891851246356
682,/tmp/DataSetCombined/Edges/Round-8_0086351_edge.png,14.01972,14.198921,0.0034891851246356
683,/tmp/DataSetCombined/Edges/Round-8_0060115_edge.png,15.14651,15.439917,0.0034891851246356
684,/tmp/DataSetCombined/Edges/Round-10_0196403_edge.png,17.01419,17.204021,0.0034891851246356
685,/tmp/DataSetCombined/Edges/Round-8_0055130_edge.png,8.81924,8.941195,0.0034891851246356
686,/tmp/DataSetCombined/Edges/Round-7_0028418_edge.png,18.01944,18.076572,0.0034891851246356
687,/tmp/DataSetCombined/Edges/Round-8_0021889_edge.png,8.48467,8.627701,0.0034891851246356
688,/tmp/DataSetCombined/Edges/Round-2_0099073_edge.png,9.3722,9.2765465,0.0034891851246356
689,/tmp/DataSetCombined/Edges/Round-2_0084716_edge.png,12.83875,13.145618,0.0034891851246356
690,/tmp/DataSetCombined/Edges/Round-8_0027686_edge.png,13.69718,13.802996,0.0034891851246356
691,/tmp/DataSetCombined/Edges/Round-9_0160374_edge.png,9.07644,9.029318,0.0034891851246356
692,/tmp/DataSetCombined/Edges/Round-9_0053551_edge.png,15.24662,15.28224,0.0034891851246356
693,/tmp/DataSetCombined/Edges/Round-9_0021555_edge.png,11.73837,12.420671,0.0034891851246356
694,/tmp/DataSetCombined/Edges/Round-5_0073510_edge.png,8.81902,8.908258,0.0034891851246356
695,/tmp/DataSetCombined/Edges/Round-7_0051083_edge.png,8.7075,8.827547,0.0034891851246356
696,/tmp/DataSetCombined/Edges/Round-10_0163926_edge.png,12.44393,12.503708,0.0034891851246356
697,/tmp/DataSetCombined/Edges/Round-7_0125278_edge.png,9.87129,10.110055,0.0034891851246356
698,/tmp/DataSetCombined/Edges/Round-6_0043044_edge.png,9.3802,9.317419,0.0034891851246356
699,/tmp/DataSetCombined/Edges/Round-10_0074770_edge.png,12.84358,12.851924,0.0034891851246356
700,/tmp/DataSetCombined/Edges/Round-4_0080489_edge.png,13.65629,13.707445,0.0034891851246356
701,/tmp/DataSetCombined/Edges/Round-4_0059601_edge.png,8.79982,8.925354,0.0034891851246356
702,/tmp/DataSetCombined/Edges/Round-5_0031732_edge.png,8.69878,8.813635,0.0034891851246356
703,/tmp/DataSetCombined/Edges/Round-1_0103698_edge.png,8.58282,8.55649,0.0034891851246356
704,/tmp/DataSetCombined/Edges/Round-10_0120552_edge.png,10.46792,10.553106,0.0033394619822502
705,/tmp/DataSetCombined/Edges/Round-8_0073829_edge.png,19.60509,19.531096,0.0033394619822502
706,/tmp/DataSetCombined/Edges/Round-10_0096712_edge.png,22.45563,22.289503,0.0033394619822502
707,/tmp/DataSetCombined/Edges/Round-1_0004549_edge.png,19.66507,19.562767,0.0033394619822502
708,/tmp/DataSetCombined/Edges/Round-8_0030181_edge.png,8.17008,8.436518,0.0033394619822502
709,/tmp/DataSetCombined/Edges/Round-5_0019060_edge.png,19.65792,19.54893,0.0033394619822502
710,/tmp/DataSetCombined/Edges/Round-1_0155168_edge.png,11.44456,11.915381,0.0033394619822502
711,/tmp/DataSetCombined/Edges/Round-8_0076387_edge.png,8.18604,8.456465,0.0033394619822502
712,/tmp/DataSetCombined/Edges/Round-9_0099543_edge.png,14.54247,14.472324,0.0033394619822502
713,/tmp/DataSetCombined/Edges/Round-8_0017915_edge.png,21.72731,21.665956,0.0033394619822502
714,/tmp/DataSetCombined/Edges/Round-9_0050962_edge.png,18.28565,18.32339,0.0033394619822502
715,/tmp/DataSetCombined/Edges/Round-10_0100626_edge.png,13.08522,13.562882,0.0033394619822502
716,/tmp/DataSetCombined/Edges/Round-7_0124646_edge.png,9.49283,9.3781,0.0033394619822502
717,/tmp/DataSetCombined/Edges/Round-10_0045182_edge.png,12.12805,12.511635,0.0033394619822502
718,/tmp/DataSetCombined/Edges/Round-1_0048434_edge.png,8.42408,8.484767,0.0033394619822502
719,/tmp/DataSetCombined/Edges/Round-9_0033264_edge.png,14.04758,14.017786,0.0033394619822502
720,/tmp/DataSetCombined/Edges/Round-9_0011623_edge.png,29.63646,29.657372,0.0033394619822502
721,/tmp/DataSetCombined/Edges/Round-5_0091720_edge.png,13.08883,13.2882595,0.0033394619822502
722,/tmp/DataSetCombined/Edges/Round-1_0165823_edge.png,7.75141,7.971728,0.0033394619822502
723,/tmp/DataSetCombined/Edges/Round-8_0005758_edge.png,12.18919,12.473244,0.0033394619822502
724,/tmp/DataSetCombined/Edges/Round-1_0004940_edge.png,9.38305,9.291039,0.0033394619822502
725,/tmp/DataSetCombined/Edges/Round-3_0053634_edge.png,15.20837,15.532716,0.0033394619822502
726,/tmp/DataSetCombined/Edges/Round-2_0053683_edge.png,17.58767,17.835312,0.0033394619822502
727,/tmp/DataSetCombined/Edges/Round-8_0010710_edge.png,13.13935,13.333256,0.0033394619822502
728,/tmp/DataSetCombined/Edges/Round-2_0093926_edge.png,14.53082,14.465347,0.0033394619822502
729,/tmp/DataSetCombined/Edges/Round-8_0047793_edge.png,7.94982,8.020127,0.0033394619822502
730,/tmp/DataSetCombined/Edges/Round-10_0098278_edge.png,12.73707,13.042824,0.0033394619822502
731,/tmp/DataSetCombined/Edges/Round-8_0059953_edge.png,18.3384,18.370173,0.0033394619822502
732,/tmp/DataSetCombined/Edges/Round-8_0025440_edge.png,11.09076,11.698687,0.0033394619822502
733,/tmp/DataSetCombined/Edges/Round-8_0044374_edge.png,8.63172,8.844453,0.0033394619822502
734,/tmp/DataSetCombined/Edges/Round-2_0072375_edge.png,12.71279,13.026552,0.0033394619822502
735,/tmp/DataSetCombined/Edges/Round-1_0140667_edge.png,14.90352,15.266467,0.0033394619822502
736,/tmp/DataSetCombined/Edges/Round-10_0050510_edge.png,14.34094,14.370211,0.0033394619822502
737,/tmp/DataSetCombined/Edges/Round-10_0188216_edge.png,15.25018,15.300735,0.0033394619822502
738,/tmp/DataSetCombined/Edges/Round-8_0042146_edge.png,13.2389,13.751986,0.0033394619822502
739,/tmp/DataSetCombined/Edges/Round-5_0046232_edge.png,11.45727,11.9363365,0.0033394619822502
740,/tmp/DataSetCombined/Edges/Round-10_0138852_edge.png,12.5,12.97695,0.0033394619822502
741,/tmp/DataSetCombined/Edges/Round-10_0172443_edge.png,12.00858,12.561437,0.0033394619822502
742,/tmp/DataSetCombined/Edges/Round-6_0021794_edge.png,20.26186,20.175838,0.0033394619822502
743,/tmp/DataSetCombined/Edges/Round-1_0002667_edge.png,14.46661,14.329591,0.0033394619822502
744,/tmp/DataSetCombined/Edges/Round-3_0026367_edge.png,7.84707,7.9815154,0.0033394619822502
745,/tmp/DataSetCombined/Edges/Round-4_0042188_edge.png,14.08896,14.269434,0.0033394619822502
746,/tmp/DataSetCombined/Edges/Round-10_0068810_edge.png,8.4987,8.609883,0.0033394619822502
747,/tmp/DataSetCombined/Edges/Round-7_0074230_edge.png,11.50536,11.99732,0.0033394619822502
748,/tmp/DataSetCombined/Edges/Round-5_0055270_edge.png,12.87109,12.957924,0.0033394619822502
749,/tmp/DataSetCombined/Edges/Round-10_0191707_edge.png,12.07289,12.606438,0.0033394619822502
750,/tmp/DataSetCombined/Edges/Round-1_0019300_edge.png,16.07943,16.373102,0.0033394619822502
751,/tmp/DataSetCombined/Edges/Round-7_0019719_edge.png,12.2299,12.555092,0.0033394619822502
752,/tmp/DataSetCombined/Edges/Round-10_0020380_edge.png,15.1803,15.246965,0.0033394619822502
753,/tmp/DataSetCombined/Edges/Round-8_0068182_edge.png,16.22148,16.59457,0.0033394619822502
754,/tmp/DataSetCombined/Edges/Round-8_0062644_edge.png,12.22073,12.5067005,0.0033394619822502
755,/tmp/DataSetCombined/Edges/Round-8_0012317_edge.png,15.20544,15.265331,0.0033394619822502
756,/tmp/DataSetCombined/Edges/Round-1_0039967_edge.png,14.01883,14.005231,0.0033394619822502
757,/tmp/DataSetCombined/Edges/Round-1_0083802_edge.png,12.67233,13.098867,0.0033394619822502
758,/tmp/DataSetCombined/Edges/Round-9_0194447_edge.png,9.93323,10.235531,0.0033394619822502
759,/tmp/DataSetCombined/Edges/Round-8_0073239_edge.png,9.47861,9.457933,0.0033394619822502
760,/tmp/DataSetCombined/Edges/Round-2_0082850_edge.png,8.0854,8.249976,0.0033394619822502
761,/tmp/DataSetCombined/Edges/Round-4_0015805_edge.png,14.92137,15.072338,0.0033394619822502
762,/tmp/DataSetCombined/Edges/Round-5_0096897_edge.png,12.65213,12.912645,0.0033394619822502
763,/tmp/DataSetCombined/Edges/Round-3_0015924_edge.png,15.12139,15.499469,0.0033394619822502
764,/tmp/DataSetCombined/Edges/Round-6_0057523_edge.png,12.88445,13.310881,0.0033394619822502
765,/tmp/DataSetCombined/Edges/Round-8_0040388_edge.png,9.80698,9.979893,0.0033394619822502
766,/tmp/DataSetCombined/Edges/Round-7_0016739_edge.png,20.24843,20.149061,0.0033394619822502
767,/tmp/DataSetCombined/Edges/Round-6_0111703_edge.png,12.79424,13.098573,0.0033394619822502
768,/tmp/DataSetCombined/Edges/Round-1_0141533_edge.png,8.54558,8.792458,0.0033065527677536
769,/tmp/DataSetCombined/Edges/Round-4_0020110_edge.png,7.34886,7.6565957,0.0033065527677536
770,/tmp/DataSetCombined/Edges/Round-9_0094095_edge.png,6.44011,6.8789015,0.0033065527677536
771,/tmp/DataSetCombined/Edges/Round-8_0032713_edge.png,13.38155,13.635554,0.0033065527677536
772,/tmp/DataSetCombined/Edges/Round-1_0147342_edge.png,14.7067,15.031803,0.0033065527677536
773,/tmp/DataSetCombined/Edges/Round-1_0045767_edge.png,11.89839,12.409858,0.0033065527677536
774,/tmp/DataSetCombined/Edges/Round-5_0023003_edge.png,19.3111,19.272505,0.0033065527677536
775,/tmp/DataSetCombined/Edges/Round-8_0066888_edge.png,13.62279,13.721363,0.0033065527677536
776,/tmp/DataSetCombined/Edges/Round-9_0019508_edge.png,11.0384,11.628721,0.0033065527677536
777,/tmp/DataSetCombined/Edges/Round-10_0057403_edge.png,21.66668,21.573769,0.0033065527677536
778,/tmp/DataSetCombined/Edges/Round-10_0019146_edge.png,11.77915,12.44216,0.0033065527677536
779,/tmp/DataSetCombined/Edges/Round-9_0051685_edge.png,14.84996,14.877216,0.0033065527677536
780,/tmp/DataSetCombined/Edges/Round-3_0032981_edge.png,13.79305,14.001379,0.0033065527677536
781,/tmp/DataSetCombined/Edges/Round-9_0024316_edge.png,12.76104,13.05772,0.0033065527677536
782,/tmp/DataSetCombined/Edges/Round-1_0029201_edge.png,18.27197,18.305538,0.0033065527677536
783,/tmp/DataSetCombined/Edges/Round-9_0075644_edge.png,7.03031,7.336482,0.0033065527677536
784,/tmp/DataSetCombined/Edges/Round-8_0017392_edge.png,8.13476,8.2424965,0.0033065527677536
785,/tmp/DataSetCombined/Edges/Round-1_0048667_edge.png,15.2089,15.264238,0.0033065527677536
786,/tmp/DataSetCombined/Edges/Round-7_0004368_edge.png,11.8443,12.366346,0.0033065527677536
787,/tmp/DataSetCombined/Edges/Round-3_0060321_edge.png,12.3862,12.835717,0.0033065527677536
788,/tmp/DataSetCombined/Edges/Round-10_0008069_edge.png,15.23751,15.256125,0.0033065527677536
789,/tmp/DataSetCombined/Edges/Round-6_0113177_edge.png,8.07724,8.196075,0.0033065527677536
790,/tmp/DataSetCombined/Edges/Round-8_0043398_edge.png,18.33744,18.353395,0.0033065527677536
791,/tmp/DataSetCombined/Edges/Round-9_0171512_edge.png,14.2774,14.495077,0.0033065527677536
792,/tmp/DataSetCombined/Edges/Round-4_0085968_edge.png,8.47117,8.719151,0.0033065527677536
793,/tmp/DataSetCombined/Edges/Round-10_0083800_edge.png,20.25405,20.116741,0.0033065527677536
794,/tmp/DataSetCombined/Edges/Round-10_0106826_edge.png,20.22972,19.9078,0.0033065527677536
795,/tmp/DataSetCombined/Edges/Round-5_0080524_edge.png,8.83722,8.883667,0.0033065527677536
796,/tmp/DataSetCombined/Edges/Round-10_0171330_edge.png,8.48375,8.613703,0.0033065527677536
797,/tmp/DataSetCombined/Edges/Round-10_0184302_edge.png,27.75053,27.817652,0.0033065527677536
798,/tmp/DataSetCombined/Edges/Round-6_0113749_edge.png,14.09399,14.069056,0.0033065527677536
799,/tmp/DataSetCombined/Edges/Round-7_0098490_edge.png,30.1977,29.922297,0.0033065527677536
800,/tmp/DataSetCombined/Edges/Round-1_0103728_edge.png,7.54784,7.8089175,0.0033065527677536
801,/tmp/DataSetCombined/Edges/Round-10_0098971_edge.png,9.74814,9.852701,0.0033065527677536
802,/tmp/DataSetCombined/Edges/Round-3_0011620_edge.png,8.39066,8.6086,0.0033065527677536
803,/tmp/DataSetCombined/Edges/Round-8_0039351_edge.png,9.75966,9.846927,0.0033065527677536
804,/tmp/DataSetCombined/Edges/Round-5_0092533_edge.png,12.2064,12.671165,0.0033065527677536
805,/tmp/DataSetCombined/Edges/Round-4_0063634_edge.png,19.58863,19.472256,0.0033065527677536
806,/tmp/DataSetCombined/Edges/Round-1_0091057_edge.png,12.49927,12.983921,0.0033065527677536
807,/tmp/DataSetCombined/Edges/Round-9_0096653_edge.png,11.53744,11.993158,0.0033065527677536
808,/tmp/DataSetCombined/Edges/Round-2_0068500_edge.png,7.77471,7.9727726,0.0033065527677536
809,/tmp/DataSetCombined/Edges/Round-10_0156912_edge.png,26.34908,26.808027,0.0033065527677536
810,/tmp/DataSetCombined/Edges/Round-9_0045906_edge.png,10.66562,10.812281,0.0033065527677536
811,/tmp/DataSetCombined/Edges/Round-8_0022491_edge.png,14.56702,14.502928,0.0033065527677536
812,/tmp/DataSetCombined/Edges/Round-4_0077334_edge.png,8.46884,8.612696,0.0033065527677536
813,/tmp/DataSetCombined/Edges/Round-2_0074834_edge.png,16.08724,16.441435,0.0033065527677536
814,/tmp/DataSetCombined/Edges/Round-7_0136385_edge.png,13.81955,14.014538,0.0033065527677536
815,/tmp/DataSetCombined/Edges/Round-6_0064024_edge.png,21.33015,21.149645,0.0033065527677536
816,/tmp/DataSetCombined/Edges/Round-4_0012344_edge.png,14.04009,14.021851,0.0033065527677536
817,/tmp/DataSetCombined/Edges/Round-10_0002546_edge.png,8.12743,8.379713,0.0033065527677536
818,/tmp/DataSetCombined/Edges/Round-5_0066076_edge.png,11.64386,11.942844,0.0033065527677536
819,/tmp/DataSetCombined/Edges/Round-5_0083310_edge.png,20.27834,20.199041,0.0033065527677536
820,/tmp/DataSetCombined/Edges/Round-5_0065021_edge.png,8.17471,8.275532,0.0033065527677536
821,/tmp/DataSetCombined/Edges/Round-9_0126723_edge.png,13.22161,13.724978,0.0033065527677536
822,/tmp/DataSetCombined/Edges/Round-8_0068874_edge.png,8.07091,8.253675,0.0033065527677536
823,/tmp/DataSetCombined/Edges/Round-8_0047083_edge.png,12.68383,13.121413,0.0033065527677536
824,/tmp/DataSetCombined/Edges/Round-1_0163596_edge.png,20.19174,20.066755,0.0033065527677536
825,/tmp/DataSetCombined/Edges/Round-10_0047199_edge.png,12.90498,13.390132,0.0033065527677536
826,/tmp/DataSetCombined/Edges/Round-4_0011682_edge.png,11.32804,11.828929,0.0033065527677536
827,/tmp/DataSetCombined/Edges/Round-1_0121943_edge.png,13.26359,13.776016,0.0033065527677536
828,/tmp/DataSetCombined/Edges/Round-5_0073299_edge.png,9.4521,9.325901,0.0033065527677536
829,/tmp/DataSetCombined/Edges/Round-3_0063602_edge.png,12.75152,13.20981,0.0033065527677536
830,/tmp/DataSetCombined/Edges/Round-1_0119379_edge.png,14.55738,14.491148,0.0033065527677536
831,/tmp/DataSetCombined/Edges/Round-1_0155410_edge.png,10.56624,11.223297,0.0033065527677536
832,/tmp/DataSetCombined/Edges/Round-7_0068932_edge.png,9.89382,10.094441,0.0033631399273872
833,/tmp/DataSetCombined/Edges/Round-4_0077239_edge.png,8.62143,8.841581,0.0033631399273872
834,/tmp/DataSetCombined/Edges/Round-9_0105834_edge.png,8.91415,9.015287,0.0033631399273872
835,/tmp/DataSetCombined/Edges/Round-9_0130555_edge.png,8.8853,8.924218,0.0033631399273872
836,/tmp/DataSetCombined/Edges/Round-3_0026934_edge.png,9.52325,9.520823,0.0033631399273872
837,/tmp/DataSetCombined/Edges/Round-7_0014692_edge.png,12.13003,12.413646,0.0033631399273872
838,/tmp/DataSetCombined/Edges/Round-6_0129770_edge.png,8.03539,8.23743,0.0033631399273872
839,/tmp/DataSetCombined/Edges/Round-3_0045267_edge.png,13.50317,13.5948,0.0033631399273872
840,/tmp/DataSetCombined/Edges/Round-7_0082085_edge.png,23.92988,23.755426,0.0033631399273872
841,/tmp/DataSetCombined/Edges/Round-2_0053231_edge.png,11.91703,12.42913,0.0033631399273872
842,/tmp/DataSetCombined/Edges/Round-2_0109488_edge.png,13.28411,13.813894,0.0033631399273872
843,/tmp/DataSetCombined/Edges/Round-10_0054844_edge.png,8.37739,8.459456,0.0033631399273872
844,/tmp/DataSetCombined/Edges/Round-10_0184995_edge.png,19.94429,19.599638,0.0033631399273872
845,/tmp/DataSetCombined/Edges/Round-1_0101320_edge.png,10.82679,10.971665,0.0033631399273872
846,/tmp/DataSetCombined/Edges/Round-5_0126395_edge.png,11.54645,12.098649,0.0033631399273872
847,/tmp/DataSetCombined/Edges/Round-8_0075635_edge.png,14.55733,14.499903,0.0033631399273872
848,/tmp/DataSetCombined/Edges/Round-1_0154716_edge.png,13.65369,13.690741,0.0033631399273872
849,/tmp/DataSetCombined/Edges/Round-7_0017070_edge.png,12.50516,12.850251,0.0033631399273872
850,/tmp/DataSetCombined/Edges/Round-7_0033980_edge.png,15.51956,15.790385,0.0033631399273872
851,/tmp/DataSetCombined/Edges/Round-1_0069134_edge.png,10.10642,10.265554,0.0033631399273872
852,/tmp/DataSetCombined/Edges/Round-8_0066346_edge.png,13.57691,13.7768955,0.0033631399273872
853,/tmp/DataSetCombined/Edges/Round-7_0006987_edge.png,16.94224,17.17314,0.0033631399273872
854,/tmp/DataSetCombined/Edges/Round-7_0085757_edge.png,12.61978,12.930412,0.0033631399273872
855,/tmp/DataSetCombined/Edges/Round-7_0061738_edge.png,12.51236,12.85816,0.0033631399273872
856,/tmp/DataSetCombined/Edges/Round-1_0147883_edge.png,13.94881,13.96104,0.0033631399273872
857,/tmp/DataSetCombined/Edges/Round-10_0022638_edge.png,12.68351,12.760407,0.0033631399273872
858,/tmp/DataSetCombined/Edges/Round-7_0086209_edge.png,14.47709,14.315111,0.0033631399273872
859,/tmp/DataSetCombined/Edges/Round-9_0189631_edge.png,17.39542,17.378042,0.0033631399273872
860,/tmp/DataSetCombined/Edges/Round-5_0103549_edge.png,17.70177,17.94012,0.0033631399273872
861,/tmp/DataSetCombined/Edges/Round-8_0014111_edge.png,25.53321,25.92991,0.0033631399273872
862,/tmp/DataSetCombined/Edges/Round-6_0129822_edge.png,13.79003,13.860189,0.0033631399273872
863,/tmp/DataSetCombined/Edges/Round-10_0164196_edge.png,24.57554,24.550518,0.0033631399273872
864,/tmp/DataSetCombined/Edges/Round-10_0120702_edge.png,30.12455,29.904509,0.0033631399273872
865,/tmp/DataSetCombined/Edges/Round-4_0005963_edge.png,8.17447,8.29303,0.0033631399273872
866,/tmp/DataSetCombined/Edges/Round-9_0092831_edge.png,8.65688,8.723341,0.0033631399273872
867,/tmp/DataSetCombined/Edges/Round-5_0076972_edge.png,30.30192,29.920118,0.0033631399273872
868,/tmp/DataSetCombined/Edges/Round-9_0116610_edge.png,19.92891,19.607744,0.0033631399273872
869,/tmp/DataSetCombined/Edges/Round-8_0027596_edge.png,17.48922,17.74639,0.0033631399273872
870,/tmp/DataSetCombined/Edges/Round-9_0194056_edge.png,12.58486,13.020254,0.0033631399273872
871,/tmp/DataSetCombined/Edges/Round-9_0194026_edge.png,16.09951,16.378132,0.0033631399273872
872,/tmp/DataSetCombined/Edges/Round-5_0003819_edge.png,7.73066,7.8401103,0.0033631399273872
873,/tmp/DataSetCombined/Edges/Round-7_0102583_edge.png,15.6536,15.942533,0.0033631399273872
874,/tmp/DataSetCombined/Edges/Round-10_0050088_edge.png,8.97244,9.036467,0.0033631399273872
875,/tmp/DataSetCombined/Edges/Round-4_0036514_edge.png,13.6597,13.7610035,0.0033631399273872
876,/tmp/DataSetCombined/Edges/Round-1_0171090_edge.png,9.96634,10.338007,0.0033631399273872
877,/tmp/DataSetCombined/Edges/Round-5_0062222_edge.png,8.7145,8.820528,0.0033631399273872
878,/tmp/DataSetCombined/Edges/Round-1_0038134_edge.png,20.68961,20.481915,0.0033631399273872
879,/tmp/DataSetCombined/Edges/Round-8_0010120_edge.png,17.9748,17.85066,0.0033631399273872
880,/tmp/DataSetCombined/Edges/Round-1_0070742_edge.png,8.39064,8.446524,0.0033631399273872
881,/tmp/DataSetCombined/Edges/Round-8_0014714_edge.png,19.67147,19.562813,0.0033631399273872
882,/tmp/DataSetCombined/Edges/Round-9_0085758_edge.png,13.19558,13.683461,0.0033631399273872
883,/tmp/DataSetCombined/Edges/Round-9_0138462_edge.png,10.95331,11.434839,0.0033631399273872
884,/tmp/DataSetCombined/Edges/Round-10_0072151_edge.png,8.53163,8.772135,0.0033631399273872
885,/tmp/DataSetCombined/Edges/Round-6_0013457_edge.png,11.76817,12.441777,0.0033631399273872
886,/tmp/DataSetCombined/Edges/Round-9_0009997_edge.png,16.34772,16.745314,0.0033631399273872
887,/tmp/DataSetCombined/Edges/Round-6_0044218_edge.png,15.317,15.591171,0.0033631399273872
888,/tmp/DataSetCombined/Edges/Round-7_0079256_edge.png,9.27889,9.242289,0.0033631399273872
889,/tmp/DataSetCombined/Edges/Round-7_0028448_edge.png,18.30751,18.333612,0.0033631399273872
890,/tmp/DataSetCombined/Edges/Round-6_0058666_edge.png,14.00958,14.127863,0.0033631399273872
891,/tmp/DataSetCombined/Edges/Round-9_0033203_edge.png,13.22523,13.460278,0.0033631399273872
892,/tmp/DataSetCombined/Edges/Round-8_0057936_edge.png,14.50518,14.487179,0.0033631399273872
893,/tmp/DataSetCombined/Edges/Round-9_0158930_edge.png,9.47621,9.464408,0.0033631399273872
894,/tmp/DataSetCombined/Edges/Round-4_0043256_edge.png,8.83916,8.950799,0.0033631399273872
895,/tmp/DataSetCombined/Edges/Round-5_0018669_edge.png,13.5276,13.393564,0.0033631399273872
896,/tmp/DataSetCombined/Edges/Round-6_0086388_edge.png,10.77278,10.949976,0.0038137026131153
897,/tmp/DataSetCombined/Edges/Round-8_0036909_edge.png,18.38816,18.47483,0.0038137026131153
898,/tmp/DataSetCombined/Edges/Round-1_0099243_edge.png,7.69831,7.8192573,0.0038137026131153
899,/tmp/DataSetCombined/Edges/Round-3_0034105_edge.png,12.41532,12.6633415,0.0038137026131153
900,/tmp/DataSetCombined/Edges/Round-10_0092409_edge.png,8.80317,8.943845,0.0038137026131153
901,/tmp/DataSetCombined/Edges/Round-5_0047022_edge.png,13.29797,13.8195,0.0038137026131153
902,/tmp/DataSetCombined/Edges/Round-4_0071797_edge.png,15.78427,16.106215,0.0038137026131153
903,/tmp/DataSetCombined/Edges/Round-10_0157875_edge.png,13.68233,14.179523,0.0038137026131153
904,/tmp/DataSetCombined/Edges/Round-9_0009816_edge.png,18.21415,18.06116,0.0038137026131153
905,/tmp/DataSetCombined/Edges/Round-6_0050178_edge.png,10.05434,10.486837,0.0038137026131153
906,/tmp/DataSetCombined/Edges/Round-3_0063753_edge.png,30.25715,30.053461,0.0038137026131153
907,/tmp/DataSetCombined/Edges/Round-8_0040943_edge.png,8.37222,8.658796,0.0038137026131153
908,/tmp/DataSetCombined/Edges/Round-8_0051717_edge.png,8.70573,8.823776,0.0038137026131153
909,/tmp/DataSetCombined/Edges/Round-9_0090694_edge.png,18.33523,18.329775,0.0038137026131153
910,/tmp/DataSetCombined/Edges/Round-1_0067134_edge.png,12.26882,12.76804,0.0038137026131153
911,/tmp/DataSetCombined/Edges/Round-5_0009458_edge.png,14.72845,15.043682,0.0038137026131153
912,/tmp/DataSetCombined/Edges/Round-1_0118422_edge.png,12.70799,13.013401,0.0038137026131153
913,/tmp/DataSetCombined/Edges/Round-4_0040547_edge.png,19.66537,19.581537,0.0038137026131153
914,/tmp/DataSetCombined/Edges/Round-6_0028687_edge.png,12.57698,12.923787,0.0038137026131153
915,/tmp/DataSetCombined/Edges/Round-9_0181956_edge.png,19.50536,19.418343,0.0038137026131153
916,/tmp/DataSetCombined/Edges/Round-3_0086267_edge.png,12.66817,13.078535,0.0038137026131153
917,/tmp/DataSetCombined/Edges/Round-2_0096063_edge.png,19.64839,19.551859,0.0038137026131153
918,/tmp/DataSetCombined/Edges/Round-10_0125006_edge.png,12.20197,12.451773,0.0038137026131153
919,/tmp/DataSetCombined/Edges/Round-8_0030979_edge.png,8.72209,8.777267,0.0038137026131153
920,/tmp/DataSetCombined/Edges/Round-7_0067577_edge.png,17.57798,17.766912,0.0038137026131153
921,/tmp/DataSetCombined/Edges/Round-10_0125428_edge.png,12.85405,13.310156,0.0038137026131153
922,/tmp/DataSetCombined/Edges/Round-5_0063046_edge.png,15.73811,16.087368,0.0038137026131153
923,/tmp/DataSetCombined/Edges/Round-7_0066704_edge.png,19.96154,19.845884,0.0038137026131153
924,/tmp/DataSetCombined/Edges/Round-6_0005970_edge.png,11.05412,11.699448,0.0038137026131153
925,/tmp/DataSetCombined/Edges/Round-1_0154054_edge.png,13.54386,13.647136,0.0038137026131153
926,/tmp/DataSetCombined/Edges/Round-10_0109776_edge.png,11.49739,11.973667,0.0038137026131153
927,/tmp/DataSetCombined/Edges/Round-10_0097345_edge.png,10.20375,10.852009,0.0038137026131153
928,/tmp/DataSetCombined/Edges/Round-1_0053551_edge.png,16.0724,16.359098,0.0038137026131153
929,/tmp/DataSetCombined/Edges/Round-10_0193393_edge.png,13.78088,13.964542,0.0038137026131153
930,/tmp/DataSetCombined/Edges/Round-7_0118897_edge.png,14.57275,14.500964,0.0038137026131153
931,/tmp/DataSetCombined/Edges/Round-3_0009062_edge.png,10.00406,10.42297,0.0038137026131153
932,/tmp/DataSetCombined/Edges/Round-6_0090090_edge.png,9.31692,9.242061,0.0038137026131153
933,/tmp/DataSetCombined/Edges/Round-5_0046781_edge.png,9.42048,9.238209,0.0038137026131153
934,/tmp/DataSetCombined/Edges/Round-1_0144543_edge.png,18.19771,18.300207,0.0038137026131153
935,/tmp/DataSetCombined/Edges/Round-10_0193844_edge.png,12.50425,12.955464,0.0038137026131153
936,/tmp/DataSetCombined/Edges/Round-6_0084131_edge.png,12.60812,13.024687,0.0038137026131153
937,/tmp/DataSetCombined/Edges/Round-8_0072745_edge.png,8.07504,8.199229,0.0038137026131153
938,/tmp/DataSetCombined/Edges/Round-10_0008340_edge.png,30.32518,30.04875,0.0038137026131153
939,/tmp/DataSetCombined/Edges/Round-10_0019176_edge.png,9.441,9.414486,0.0038137026131153
940,/tmp/DataSetCombined/Edges/Round-1_0100086_edge.png,9.82079,10.049814,0.0038137026131153
941,/tmp/DataSetCombined/Edges/Round-1_0096173_edge.png,9.8434,9.857171,0.0038137026131153
942,/tmp/DataSetCombined/Edges/Round-4_0046326_edge.png,30.1824,29.960508,0.0038137026131153
943,/tmp/DataSetCombined/Edges/Round-2_0058500_edge.png,7.72431,7.8510346,0.0038137026131153
944,/tmp/DataSetCombined/Edges/Round-10_0112063_edge.png,14.52783,14.450859,0.0038137026131153
945,/tmp/DataSetCombined/Edges/Round-3_0073836_edge.png,15.42243,15.409656,0.0038137026131153
946,/tmp/DataSetCombined/Edges/Round-2_0076107_edge.png,16.38161,16.691626,0.0038137026131153
947,/tmp/DataSetCombined/Edges/Round-7_0010237_edge.png,11.7113,12.055647,0.0038137026131153
948,/tmp/DataSetCombined/Edges/Round-6_0035489_edge.png,8.398,8.680574,0.0038137026131153
949,/tmp/DataSetCombined/Edges/Round-8_0011685_edge.png,12.5132,12.782618,0.0038137026131153
950,/tmp/DataSetCombined/Edges/Round-10_0008822_edge.png,7.38559,7.639201,0.0038137026131153
951,/tmp/DataSetCombined/Edges/Round-10_0097766_edge.png,14.04757,14.012658,0.0038137026131153
952,/tmp/DataSetCombined/Edges/Round-10_0122538_edge.png,10.32207,10.925991,0.0038137026131153
953,/tmp/DataSetCombined/Edges/Round-7_0102403_edge.png,13.80649,13.8839245,0.0038137026131153
954,/tmp/DataSetCombined/Edges/Round-8_0017765_edge.png,8.75486,8.847071,0.0038137026131153
955,/tmp/DataSetCombined/Edges/Round-9_0197758_edge.png,12.19235,12.714733,0.0038137026131153
956,/tmp/DataSetCombined/Edges/Round-2_0010800_edge.png,18.10964,18.238243,0.0038137026131153
957,/tmp/DataSetCombined/Edges/Round-1_0106497_edge.png,19.50814,19.409754,0.0038137026131153
958,/tmp/DataSetCombined/Edges/Round-1_0020300_edge.png,12.67758,12.96837,0.0038137026131153
959,/tmp/DataSetCombined/Edges/Round-10_0061225_edge.png,12.69858,12.993517,0.0038137026131153
960,/tmp/DataSetCombined/Edges/Round-10_0058065_edge.png,13.66693,13.762866,0.0036383382976055
961,/tmp/DataSetCombined/Edges/Round-2_0072856_edge.png,14.37698,14.65476,0.0036383382976055
962,/tmp/DataSetCombined/Edges/Round-10_0010387_edge.png,14.56956,14.490899,0.0036383382976055
963,/tmp/DataSetCombined/Edges/Round-7_0090543_edge.png,13.16588,13.670549,0.0036383382976055
964,/tmp/DataSetCombined/Edges/Round-10_0033233_edge.png,11.02529,11.68025,0.0036383382976055
965,/tmp/DataSetCombined/Edges/Round-9_0003194_edge.png,14.58073,14.890717,0.0036383382976055
966,/tmp/DataSetCombined/Edges/Round-8_0050893_edge.png,8.85293,8.980052,0.0036383382976055
967,/tmp/DataSetCombined/Edges/Round-4_0039073_edge.png,13.43676,13.538988,0.0036383382976055
968,/tmp/DataSetCombined/Edges/Round-10_0139454_edge.png,8.28519,8.397219,0.0036383382976055
969,/tmp/DataSetCombined/Edges/Round-3_0030767_edge.png,14.51479,14.42231,0.0036383382976055
970,/tmp/DataSetCombined/Edges/Round-8_0066466_edge.png,9.46198,9.44763,0.0036383382976055
971,/tmp/DataSetCombined/Edges/Round-7_0007620_edge.png,12.70849,13.013175,0.0036383382976055
972,/tmp/DataSetCombined/Edges/Round-8_0053061_edge.png,15.80793,16.135956,0.0036383382976055
973,/tmp/DataSetCombined/Edges/Round-5_0016080_edge.png,12.25358,12.527603,0.0036383382976055
974,/tmp/DataSetCombined/Edges/Round-3_0036700_edge.png,12.55564,12.986439,0.0036383382976055
975,/tmp/DataSetCombined/Edges/Round-4_0047049_edge.png,9.25301,9.092537,0.0036383382976055
976,/tmp/DataSetCombined/Edges/Round-8_0056281_edge.png,15.93775,16.294662,0.0036383382976055
977,/tmp/DataSetCombined/Edges/Round-3_0085364_edge.png,13.1656,13.636962,0.0036383382976055
978,/tmp/DataSetCombined/Edges/Round-7_0060925_edge.png,11.92158,12.521768,0.0036383382976055
979,/tmp/DataSetCombined/Edges/Round-5_0030196_edge.png,12.86662,13.342724,0.0036383382976055
980,/tmp/DataSetCombined/Edges/Round-6_0063392_edge.png,19.63462,19.545504,0.0036383382976055
981,/tmp/DataSetCombined/Edges/Round-5_0035765_edge.png,9.55083,9.582556,0.0036383382976055
982,/tmp/DataSetCombined/Edges/Round-9_0167628_edge.png,18.33908,18.351662,0.0036383382976055
983,/tmp/DataSetCombined/Edges/Round-6_0100264_edge.png,9.60252,9.489838,0.0036383382976055
984,/tmp/DataSetCombined/Edges/Round-3_0048101_edge.png,30.19668,29.756002,0.0036383382976055
985,/tmp/DataSetCombined/Edges/Round-10_0178509_edge.png,12.75978,13.218573,0.0036383382976055
986,/tmp/DataSetCombined/Edges/Round-5_0041785_edge.png,13.22018,13.716583,0.0036383382976055
987,/tmp/DataSetCombined/Edges/Round-8_0059513_edge.png,20.23722,20.126997,0.0036383382976055
988,/tmp/DataSetCombined/Edges/Round-9_0006415_edge.png,13.14712,13.609448,0.0036383382976055
989,/tmp/DataSetCombined/Edges/Round-5_0063938_edge.png,11.76912,12.420843,0.0036383382976055
990,/tmp/DataSetCombined/Edges/Round-4_0026852_edge.png,11.3069,11.716505,0.0036383382976055
991,/tmp/DataSetCombined/Edges/Round-9_0065087_edge.png,14.90637,15.044525,0.0036383382976055
992,/tmp/DataSetCombined/Edges/Round-10_0113870_edge.png,8.78573,8.858988,0.0036383382976055
993,/tmp/DataSetCombined/Edges/Round-10_0058305_edge.png,20.26703,20.187704,0.0036383382976055
994,/tmp/DataSetCombined/Edges/Round-7_0071159_edge.png,12.69383,13.134898,0.0036383382976055
995,/tmp/DataSetCombined/Edges/Round-9_0002243_edge.png,13.73703,13.96845,0.0036383382976055
996,/tmp/DataSetCombined/Edges/Round-6_0000485_edge.png,18.2981,18.356836,0.0036383382976055
997,/tmp/DataSetCombined/Edges/Round-10_0137347_edge.png,18.01836,18.09104,0.0036383382976055
998,/tmp/DataSetCombined/Edges/Round-5_0039166_edge.png,12.90292,13.375145,0.0036383382976055
999,/tmp/DataSetCombined/Edges/Round-5_0082179_edge.png,7.95641,8.216073,0.0036383382976055
1000,/tmp/DataSetCombined/Edges/Round-4_0021103_edge.png,14.56146,14.490987,0.0036383382976055
1001,/tmp/DataSetCombined/Edges/Round-3_0069683_edge.png,13.85736,14.259057,0.0036383382976055
1002,/tmp/DataSetCombined/Edges/Round-4_0012525_edge.png,7.04079,7.4149814,0.0036383382976055
1003,/tmp/DataSetCombined/Edges/Round-1_0003501_edge.png,11.78096,12.128614,0.0036383382976055
1004,/tmp/DataSetCombined/Edges/Round-8_0059411_edge.png,10.61304,10.7674465,0.0036383382976055
1005,/tmp/DataSetCombined/Edges/Round-2_0084234_edge.png,16.46139,16.849009,0.0036383382976055
1006,/tmp/DataSetCombined/Edges/Round-10_0112997_edge.png,13.56713,13.700607,0.0036383382976055
1007,/tmp/DataSetCombined/Edges/Round-4_0082266_edge.png,13.59004,13.730612,0.0036383382976055
1008,/tmp/DataSetCombined/Edges/Round-2_0099133_edge.png,20.25604,20.153446,0.0036383382976055
1009,/tmp/DataSetCombined/Edges/Round-10_0089398_edge.png,12.63841,12.9493065,0.0036383382976055
1010,/tmp/DataSetCombined/Edges/Round-4_0065048_edge.png,13.62653,13.717648,0.0036383382976055
1011,/tmp/DataSetCombined/Edges/Round-7_0068450_edge.png,7.83921,8.089026,0.0036383382976055
1012,/tmp/DataSetCombined/Edges/Round-7_0014301_edge.png,15.07919,15.424965,0.0036383382976055
1013,/tmp/DataSetCombined/Edges/Round-1_0074200_edge.png,17.88529,18.037724,0.0036383382976055
1014,/tmp/DataSetCombined/Edges/Round-5_0078929_edge.png,18.30263,18.324444,0.0036383382976055
1015,/tmp/DataSetCombined/Edges/Round-10_0072603_edge.png,13.98262,13.983732,0.0036383382976055
1016,/tmp/DataSetCombined/Edges/Round-5_0071403_edge.png,8.34727,8.434253,0.0036383382976055
1017,/tmp/DataSetCombined/Edges/Round-4_0037206_edge.png,12.19372,12.636299,0.0036383382976055
1018,/tmp/DataSetCombined/Edges/Round-10_0091536_edge.png,14.19532,14.139919,0.0036383382976055
1019,/tmp/DataSetCombined/Edges/Round-1_0166003_edge.png,7.56538,7.7565727,0.0036383382976055
1020,/tmp/DataSetCombined/Edges/Round-6_0010657_edge.png,14.26507,14.226744,0.0036383382976055
1021,/tmp/DataSetCombined/Edges/Round-9_0056380_edge.png,24.73852,24.821802,0.0036383382976055
1022,/tmp/DataSetCombined/Edges/Round-2_0038400_edge.png,9.80934,10.014419,0.0036383382976055
1023,/tmp/DataSetCombined/Edges/Round-8_0024026_edge.png,12.16941,12.431868,0.0036383382976055
1024,/tmp/DataSetCombined/Edges/Round-6_0010627_edge.png,15.24972,15.279169,0.0032449960708618
1025,/tmp/DataSetCombined/Edges/Round-9_0011743_edge.png,9.77986,9.900458,0.0032449960708618
1026,/tmp/DataSetCombined/Edges/Round-8_0016579_edge.png,8.65658,8.702468,0.0032449960708618
1027,/tmp/DataSetCombined/Edges/Round-9_0089339_edge.png,9.54837,9.5505495,0.0032449960708618
1028,/tmp/DataSetCombined/Edges/Round-6_0126631_edge.png,13.59267,13.739583,0.0032449960708618
1029,/tmp/DataSetCombined/Edges/Round-10_0180661_edge.png,9.05668,9.101099,0.0032449960708618
1030,/tmp/DataSetCombined/Edges/Round-3_0046634_edge.png,8.8019,8.870558,0.0032449960708618
1031,/tmp/DataSetCombined/Edges/Round-6_0079268_edge.png,13.17622,13.666202,0.0032449960708618
1032,/tmp/DataSetCombined/Edges/Round-7_0039163_edge.png,26.09871,26.54933,0.0032449960708618
1033,/tmp/DataSetCombined/Edges/Round-8_0023545_edge.png,19.48991,19.39281,0.0032449960708618
1034,/tmp/DataSetCombined/Edges/Round-3_0043526_edge.png,16.69874,17.093739,0.0032449960708618
1035,/tmp/DataSetCombined/Edges/Round-9_0076005_edge.png,23.96843,23.772299,0.0032449960708618
1036,/tmp/DataSetCombined/Edges/Round-7_0058337_edge.png,11.65748,12.013724,0.0032449960708618
1037,/tmp/DataSetCombined/Edges/Round-3_0040064_edge.png,8.16984,8.297367,0.0032449960708618
1038,/tmp/DataSetCombined/Edges/Round-5_0080583_edge.png,9.34755,9.245924,0.0032449960708618
1039,/tmp/DataSetCombined/Edges/Round-1_0054534_edge.png,8.25614,8.607372,0.0032449960708618
1040,/tmp/DataSetCombined/Edges/Round-6_0114652_edge.png,21.42462,21.283464,0.0032449960708618
1041,/tmp/DataSetCombined/Edges/Round-9_0104510_edge.png,8.50072,8.749337,0.0032449960708618
1042,/tmp/DataSetCombined/Edges/Round-7_0003074_edge.png,18.16241,18.316498,0.0032449960708618
1043,/tmp/DataSetCombined/Edges/Round-5_0070982_edge.png,14.01075,13.997801,0.0032449960708618
1044,/tmp/DataSetCombined/Edges/Round-7_0037839_edge.png,13.43715,13.583281,0.0032449960708618
1045,/tmp/DataSetCombined/Edges/Round-6_0130334_edge.png,13.95958,13.98662,0.0032449960708618
1046,/tmp/DataSetCombined/Edges/Round-10_0077299_edge.png,17.56414,17.80679,0.0032449960708618
1047,/tmp/DataSetCombined/Edges/Round-8_0013551_edge.png,16.0775,16.370626,0.0032449960708618
1048,/tmp/DataSetCombined/Edges/Round-10_0121725_edge.png,18.17107,18.28686,0.0032449960708618
1049,/tmp/DataSetCombined/Edges/Round-1_0081544_edge.png,24.86601,24.947527,0.0032449960708618
1050,/tmp/DataSetCombined/Edges/Round-4_0087292_edge.png,12.28158,12.561243,0.0032449960708618
1051,/tmp/DataSetCombined/Edges/Round-8_0066617_edge.png,9.44822,9.361944,0.0032449960708618
1052,/tmp/DataSetCombined/Edges/Round-10_0007979_edge.png,11.244,11.8360615,0.0032449960708618
1053,/tmp/DataSetCombined/Edges/Round-8_0035723_edge.png,10.87494,11.230303,0.0032449960708618
1054,/tmp/DataSetCombined/Edges/Round-10_0153029_edge.png,13.06126,13.549237,0.0032449960708618
1055,/tmp/DataSetCombined/Edges/Round-1_0085849_edge.png,18.29311,18.341772,0.0032449960708618
1056,/tmp/DataSetCombined/Edges/Round-5_0004667_edge.png,14.58653,14.523162,0.0032449960708618
1057,/tmp/DataSetCombined/Edges/Round-7_0011923_edge.png,9.49599,9.438115,0.0032449960708618
1058,/tmp/DataSetCombined/Edges/Round-6_0023389_edge.png,13.12912,13.601521,0.0032449960708618
1059,/tmp/DataSetCombined/Edges/Round-9_0101560_edge.png,11.83847,12.447933,0.0032449960708618
1060,/tmp/DataSetCombined/Edges/Round-10_0133163_edge.png,12.70161,13.005554,0.0032449960708618
1061,/tmp/DataSetCombined/Edges/Round-6_0126240_edge.png,16.30936,16.742746,0.0032449960708618
1062,/tmp/DataSetCombined/Edges/Round-5_0068784_edge.png,16.53659,16.936424,0.0032449960708618
1063,/tmp/DataSetCombined/Edges/Round-5_0029083_edge.png,11.79719,12.428927,0.0032449960708618
1064,/tmp/DataSetCombined/Edges/Round-9_0085818_edge.png,11.98155,12.267704,0.0032449960708618
1065,/tmp/DataSetCombined/Edges/Round-1_0089611_edge.png,16.38529,16.772295,0.0032449960708618
1066,/tmp/DataSetCombined/Edges/Round-3_0064385_edge.png,7.76874,7.9267335,0.0032449960708618
1067,/tmp/DataSetCombined/Edges/Round-3_0033262_edge.png,14.5949,14.5262985,0.0032449960708618
1068,/tmp/DataSetCombined/Edges/Round-8_0074822_edge.png,8.15841,8.408788,0.0032449960708618
1069,/tmp/DataSetCombined/Edges/Round-9_0070467_edge.png,20.22344,19.947264,0.0032449960708618
1070,/tmp/DataSetCombined/Edges/Round-10_0000728_edge.png,14.09823,13.794942,0.0032449960708618
1071,/tmp/DataSetCombined/Edges/Round-8_0008765_edge.png,14.27916,14.337776,0.0032449960708618
1072,/tmp/DataSetCombined/Edges/Round-2_0055034_edge.png,7.7258,7.9029346,0.0032449960708618
1073,/tmp/DataSetCombined/Edges/Round-1_0130998_edge.png,12.03955,12.423705,0.0032449960708618
1074,/tmp/DataSetCombined/Edges/Round-4_0019658_edge.png,13.52673,14.036444,0.0032449960708618
1075,/tmp/DataSetCombined/Edges/Round-6_0005910_edge.png,9.59148,9.558945,0.0032449960708618
1076,/tmp/DataSetCombined/Edges/Round-9_0097979_edge.png,9.55742,9.598343,0.0032449960708618
1077,/tmp/DataSetCombined/Edges/Round-8_0018024_edge.png,8.21283,8.490778,0.0032449960708618
1078,/tmp/DataSetCombined/Edges/Round-1_0004234_edge.png,17.6751,17.928997,0.0032449960708618
1079,/tmp/DataSetCombined/Edges/Round-6_0005516_edge.png,8.45029,8.52241,0.0032449960708618
1080,/tmp/DataSetCombined/Edges/Round-4_0030434_edge.png,13.66301,13.772334,0.0032449960708618
1081,/tmp/DataSetCombined/Edges/Round-8_0006947_edge.png,8.55545,8.630615,0.0032449960708618
1082,/tmp/DataSetCombined/Edges/Round-8_0024417_edge.png,9.01594,8.967571,0.0032449960708618
1083,/tmp/DataSetCombined/Edges/Round-4_0032119_edge.png,12.65625,13.074463,0.0032449960708618
1084,/tmp/DataSetCombined/Edges/Round-9_0192461_edge.png,13.65642,13.748598,0.0032449960708618
1085,/tmp/DataSetCombined/Edges/Round-1_0127024_edge.png,18.48261,18.307367,0.0032449960708618
1086,/tmp/DataSetCombined/Edges/Round-2_0004800_edge.png,16.27784,16.346226,0.0032449960708618
1087,/tmp/DataSetCombined/Edges/Round-8_0037962_edge.png,11.38745,11.853703,0.0032449960708618
1088,/tmp/DataSetCombined/Edges/Round-4_0009936_edge.png,12.86805,13.329653,0.0033194571733474
1089,/tmp/DataSetCombined/Edges/Round-10_0180330_edge.png,9.80691,9.871603,0.0033194571733474
1090,/tmp/DataSetCombined/Edges/Round-1_0070400_edge.png,9.8575,9.9371395,0.0033194571733474
1091,/tmp/DataSetCombined/Edges/Round-9_0152070_edge.png,12.6057,13.026164,0.0033194571733474
1092,/tmp/DataSetCombined/Edges/Round-2_0029800_edge.png,9.07315,9.111031,0.0033194571733474
1093,/tmp/DataSetCombined/Edges/Round-7_0125429_edge.png,12.08112,12.597532,0.0033194571733474
1094,/tmp/DataSetCombined/Edges/Round-7_0002592_edge.png,13.87469,13.897114,0.0033194571733474
1095,/tmp/DataSetCombined/Edges/Round-6_0086440_edge.png,13.10743,13.594688,0.0033194571733474
1096,/tmp/DataSetCombined/Edges/Round-8_0011824_edge.png,11.43524,11.90718,0.0033194571733474
1097,/tmp/DataSetCombined/Edges/Round-4_0080550_edge.png,15.19925,15.413589,0.0033194571733474
1098,/tmp/DataSetCombined/Edges/Round-7_0108091_edge.png,15.23048,15.274052,0.0033194571733474
1099,/tmp/DataSetCombined/Edges/Round-10_0179607_edge.png,15.02515,15.030618,0.0033194571733474
1100,/tmp/DataSetCombined/Edges/Round-10_0154594_edge.png,8.51178,8.75376,0.0033194571733474
1101,/tmp/DataSetCombined/Edges/Round-8_0053993_edge.png,9.04542,9.042561,0.0033194571733474
1102,/tmp/DataSetCombined/Edges/Round-10_0097736_edge.png,10.93499,11.195574,0.0033194571733474
1103,/tmp/DataSetCombined/Edges/Round-4_0082627_edge.png,8.67899,8.785105,0.0033194571733474
1104,/tmp/DataSetCombined/Edges/Round-3_0035167_edge.png,21.83174,21.725922,0.0033194571733474
1105,/tmp/DataSetCombined/Edges/Round-5_0013311_edge.png,17.22134,17.219446,0.0033194571733474
1106,/tmp/DataSetCombined/Edges/Round-10_0145504_edge.png,10.01431,10.438971,0.0033194571733474
1107,/tmp/DataSetCombined/Edges/Round-1_0053341_edge.png,13.30255,13.819658,0.0033194571733474
1108,/tmp/DataSetCombined/Edges/Round-1_0165040_edge.png,10.00472,10.387491,0.0033194571733474
1109,/tmp/DataSetCombined/Edges/Round-9_0082326_edge.png,8.50973,8.580666,0.0033194571733474
1110,/tmp/DataSetCombined/Edges/Round-1_0056534_edge.png,15.90975,16.268476,0.0033194571733474
1111,/tmp/DataSetCombined/Edges/Round-10_0192249_edge.png,8.88157,8.99334,0.0033194571733474
1112,/tmp/DataSetCombined/Edges/Round-9_0096083_edge.png,20.23215,20.09199,0.0033194571733474
1113,/tmp/DataSetCombined/Edges/Round-1_0124837_edge.png,28.49797,28.588514,0.0033194571733474
1114,/tmp/DataSetCombined/Edges/Round-1_0026301_edge.png,19.60179,19.500288,0.0033194571733474
1115,/tmp/DataSetCombined/Edges/Round-7_0131479_edge.png,15.16841,15.198263,0.0033194571733474
1116,/tmp/DataSetCombined/Edges/Round-10_0092228_edge.png,8.0364,8.301282,0.0033194571733474
1117,/tmp/DataSetCombined/Edges/Round-9_0026281_edge.png,12.47743,12.855213,0.0033194571733474
1118,/tmp/DataSetCombined/Edges/Round-6_0048794_edge.png,13.62107,13.738068,0.0033194571733474
1119,/tmp/DataSetCombined/Edges/Round-10_0169073_edge.png,12.96993,13.280856,0.0033194571733474
1120,/tmp/DataSetCombined/Edges/Round-8_0028360_edge.png,27.85434,28.153387,0.0033194571733474
1121,/tmp/DataSetCombined/Edges/Round-8_0017043_edge.png,11.40369,11.903851,0.0033194571733474
1122,/tmp/DataSetCombined/Edges/Round-5_0084135_edge.png,8.55907,8.808278,0.0033194571733474
1123,/tmp/DataSetCombined/Edges/Round-9_0182708_edge.png,27.43867,27.754377,0.0033194571733474
1124,/tmp/DataSetCombined/Edges/Round-1_0139756_edge.png,13.57466,13.699982,0.0033194571733474
1125,/tmp/DataSetCombined/Edges/Round-4_0090784_edge.png,9.96403,10.110102,0.0033194571733474
1126,/tmp/DataSetCombined/Edges/Round-9_0130455_edge.png,16.06713,16.432327,0.0033194571733474
1127,/tmp/DataSetCombined/Edges/Round-10_0016888_edge.png,8.68904,8.587594,0.0033194571733474
1128,/tmp/DataSetCombined/Edges/Round-8_0058057_edge.png,12.21532,12.735079,0.0033194571733474
1129,/tmp/DataSetCombined/Edges/Round-8_0000213_edge.png,7.52724,7.7172837,0.0033194571733474
1130,/tmp/DataSetCombined/Edges/Round-2_0102444_edge.png,10.79073,11.280697,0.0033194571733474
1131,/tmp/DataSetCombined/Edges/Round-8_0024646_edge.png,14.01512,13.999449,0.0033194571733474
1132,/tmp/DataSetCombined/Edges/Round-5_0062192_edge.png,8.82683,8.926491,0.0033194571733474
1133,/tmp/DataSetCombined/Edges/Round-2_0064669_edge.png,22.62299,22.53652,0.0033194571733474
1134,/tmp/DataSetCombined/Edges/Round-7_0052498_edge.png,13.20932,13.571469,0.0033194571733474
1135,/tmp/DataSetCombined/Edges/Round-10_0067637_edge.png,9.03814,9.091953,0.0033194571733474
1136,/tmp/DataSetCombined/Edges/Round-1_0102230_edge.png,19.6226,19.546885,0.0033194571733474
1137,/tmp/DataSetCombined/Edges/Round-2_0084634_edge.png,7.98012,8.037404,0.0033194571733474
1138,/tmp/DataSetCombined/Edges/Round-1_0151104_edge.png,10.43882,11.196682,0.0033194571733474
1139,/tmp/DataSetCombined/Edges/Round-8_0019559_edge.png,8.81906,8.907789,0.0033194571733474
1140,/tmp/DataSetCombined/Edges/Round-1_0101680_edge.png,9.36983,9.273882,0.0033194571733474
1141,/tmp/DataSetCombined/Edges/Round-8_0003516_edge.png,21.9265,21.844091,0.0033194571733474
1142,/tmp/DataSetCombined/Edges/Round-7_0099724_edge.png,18.33564,18.342299,0.0033194571733474
1143,/tmp/DataSetCombined/Edges/Round-1_0086902_edge.png,12.6077,13.019669,0.0033194571733474
1144,/tmp/DataSetCombined/Edges/Round-10_0080730_edge.png,9.48818,9.370807,0.0033194571733474
1145,/tmp/DataSetCombined/Edges/Round-4_0051564_edge.png,20.51406,20.287024,0.0033194571733474
1146,/tmp/DataSetCombined/Edges/Round-2_0091368_edge.png,11.78699,12.285967,0.0033194571733474
1147,/tmp/DataSetCombined/Edges/Round-1_0107791_edge.png,9.77748,9.811344,0.0033194571733474
1148,/tmp/DataSetCombined/Edges/Round-7_0048283_edge.png,12.37759,12.83508,0.0033194571733474
1149,/tmp/DataSetCombined/Edges/Round-6_0025858_edge.png,18.1753,18.285042,0.0033194571733474
1150,/tmp/DataSetCombined/Edges/Round-8_0082046_edge.png,13.64814,13.75619,0.0033194571733474
1151,/tmp/DataSetCombined/Edges/Round-2_0103558_edge.png,19.63756,19.557383,0.0033194571733474
1152,/tmp/DataSetCombined/Edges/Round-9_0161217_edge.png,7.26736,7.6094217,0.003863837569952
1153,/tmp/DataSetCombined/Edges/Round-10_0037958_edge.png,9.6744,9.642869,0.003863837569952
1154,/tmp/DataSetCombined/Edges/Round-8_0071330_edge.png,19.66235,19.581284,0.003863837569952
1155,/tmp/DataSetCombined/Edges/Round-5_0070397_edge.png,11.8165,12.146939,0.003863837569952
1156,/tmp/DataSetCombined/Edges/Round-10_0136143_edge.png,24.09663,23.924889,0.003863837569952
1157,/tmp/DataSetCombined/Edges/Round-6_0116699_edge.png,9.5334,9.332048,0.003863837569952
1158,/tmp/DataSetCombined/Edges/Round-8_0061458_edge.png,18.339,18.351213,0.003863837569952
1159,/tmp/DataSetCombined/Edges/Round-9_0013458_edge.png,14.82713,15.0921955,0.003863837569952
1160,/tmp/DataSetCombined/Edges/Round-4_0031789_edge.png,13.31454,13.51221,0.003863837569952
1161,/tmp/DataSetCombined/Edges/Round-5_0065865_edge.png,8.61585,8.69732,0.003863837569952
1162,/tmp/DataSetCombined/Edges/Round-8_0050152_edge.png,20.21284,19.894022,0.003863837569952
1163,/tmp/DataSetCombined/Edges/Round-5_0021016_edge.png,10.12794,10.140358,0.003863837569952
1164,/tmp/DataSetCombined/Edges/Round-10_0008190_edge.png,20.27403,19.970716,0.003863837569952
1165,/tmp/DataSetCombined/Edges/Round-9_0078142_edge.png,9.22338,9.194361,0.003863837569952
1166,/tmp/DataSetCombined/Edges/Round-4_0014271_edge.png,9.01724,9.012207,0.003863837569952
1167,/tmp/DataSetCombined/Edges/Round-7_0021946_edge.png,12.81176,13.13584,0.003863837569952
1168,/tmp/DataSetCombined/Edges/Round-10_0187282_edge.png,12.18527,12.685608,0.003863837569952
1169,/tmp/DataSetCombined/Edges/Round-1_0154445_edge.png,9.61821,9.475439,0.003863837569952
1170,/tmp/DataSetCombined/Edges/Round-9_0165552_edge.png,9.99985,10.3930855,0.003863837569952
1171,/tmp/DataSetCombined/Edges/Round-4_0042714_edge.png,9.53426,9.358105,0.003863837569952
1172,/tmp/DataSetCombined/Edges/Round-9_0019990_edge.png,13.55973,13.652193,0.003863837569952
1173,/tmp/DataSetCombined/Edges/Round-9_0020953_edge.png,9.17882,9.123798,0.003863837569952
1174,/tmp/DataSetCombined/Edges/Round-8_0008182_edge.png,19.16216,19.156939,0.003863837569952
1175,/tmp/DataSetCombined/Edges/Round-1_0066867_edge.png,8.9489,8.988245,0.003863837569952
1176,/tmp/DataSetCombined/Edges/Round-3_0052634_edge.png,11.9431,12.331877,0.003863837569952
1177,/tmp/DataSetCombined/Edges/Round-1_0106045_edge.png,19.65723,19.557203,0.003863837569952
1178,/tmp/DataSetCombined/Edges/Round-3_0077930_edge.png,18.57116,18.400377,0.003863837569952
1179,/tmp/DataSetCombined/Edges/Round-4_0031307_edge.png,8.6349,8.840313,0.003863837569952
1180,/tmp/DataSetCombined/Edges/Round-4_0046025_edge.png,9.09427,9.037344,0.003863837569952
1181,/tmp/DataSetCombined/Edges/Round-7_0002442_edge.png,7.86197,8.071866,0.003863837569952
1182,/tmp/DataSetCombined/Edges/Round-7_0068119_edge.png,12.44726,12.716073,0.003863837569952
1183,/tmp/DataSetCombined/Edges/Round-1_0074010_edge.png,20.21828,20.086924,0.003863837569952
1184,/tmp/DataSetCombined/Edges/Round-7_0054755_edge.png,9.30127,9.224937,0.003863837569952
1185,/tmp/DataSetCombined/Edges/Round-2_0091760_edge.png,10.76514,11.013915,0.003863837569952
1186,/tmp/DataSetCombined/Edges/Round-8_0080270_edge.png,12.31399,12.776658,0.003863837569952
1187,/tmp/DataSetCombined/Edges/Round-5_0037541_edge.png,12.38389,12.833698,0.003863837569952
1188,/tmp/DataSetCombined/Edges/Round-1_0158719_edge.png,13.62664,13.740349,0.003863837569952
1189,/tmp/DataSetCombined/Edges/Round-8_0045415_edge.png,19.94987,19.623945,0.003863837569952
1190,/tmp/DataSetCombined/Edges/Round-8_0057948_edge.png,18.75915,18.754427,0.003863837569952
1191,/tmp/DataSetCombined/Edges/Round-3_0003401_edge.png,15.30121,15.559775,0.003863837569952
1192,/tmp/DataSetCombined/Edges/Round-9_0163837_edge.png,8.96384,9.031218,0.003863837569952
1193,/tmp/DataSetCombined/Edges/Round-5_0098613_edge.png,18.10333,18.231632,0.003863837569952
1194,/tmp/DataSetCombined/Edges/Round-10_0167567_edge.png,12.01095,12.397516,0.003863837569952
1195,/tmp/DataSetCombined/Edges/Round-6_0122026_edge.png,10.45487,10.570504,0.003863837569952
1196,/tmp/DataSetCombined/Edges/Round-10_0010477_edge.png,7.58174,7.794096,0.003863837569952
1197,/tmp/DataSetCombined/Edges/Round-7_0096924_edge.png,11.98403,12.334804,0.003863837569952
1198,/tmp/DataSetCombined/Edges/Round-8_0040310_edge.png,8.17669,8.429789,0.003863837569952
1199,/tmp/DataSetCombined/Edges/Round-8_0072704_edge.png,20.23621,20.083637,0.003863837569952
1200,/tmp/DataSetCombined/Edges/Round-2_0106967_edge.png,13.62883,13.731762,0.003863837569952
1201,/tmp/DataSetCombined/Edges/Round-10_0079285_edge.png,13.45639,13.552734,0.003863837569952
1202,/tmp/DataSetCombined/Edges/Round-10_0163564_edge.png,14.57112,14.501142,0.003863837569952
1203,/tmp/DataSetCombined/Edges/Round-10_0132411_edge.png,11.29146,11.705926,0.003863837569952
1204,/tmp/DataSetCombined/Edges/Round-7_0133887_edge.png,8.24276,8.43914,0.003863837569952
1205,/tmp/DataSetCombined/Edges/Round-1_0169194_edge.png,12.82744,13.32209,0.003863837569952
1206,/tmp/DataSetCombined/Edges/Round-2_0083934_edge.png,14.01236,14.077942,0.003863837569952
1207,/tmp/DataSetCombined/Edges/Round-10_0061707_edge.png,13.42458,13.530207,0.003863837569952
1208,/tmp/DataSetCombined/Edges/Round-8_0074473_edge.png,9.30286,9.243406,0.003863837569952
1209,/tmp/DataSetCombined/Edges/Round-5_0114867_edge.png,13.53983,13.705612,0.003863837569952
1210,/tmp/DataSetCombined/Edges/Round-10_0187102_edge.png,11.39848,11.844861,0.003863837569952
1211,/tmp/DataSetCombined/Edges/Round-5_0065263_edge.png,13.57311,13.700192,0.003863837569952
1212,/tmp/DataSetCombined/Edges/Round-7_0033414_edge.png,12.72506,13.097031,0.003863837569952
1213,/tmp/DataSetCombined/Edges/Round-5_0106620_edge.png,12.47852,12.892229,0.003863837569952
1214,/tmp/DataSetCombined/Edges/Round-3_0028507_edge.png,16.07494,16.402819,0.003863837569952
1215,/tmp/DataSetCombined/Edges/Round-4_0005030_edge.png,15.26557,15.209811,0.003863837569952
1216,/tmp/DataSetCombined/Edges/Round-9_0144933_edge.png,20.20926,20.108343,0.0036223419010639
1217,/tmp/DataSetCombined/Edges/Round-9_0006475_edge.png,12.46215,12.902307,0.0036223419010639
1218,/tmp/DataSetCombined/Edges/Round-1_0002967_edge.png,25.96549,26.368464,0.0036223419010639
1219,/tmp/DataSetCombined/Edges/Round-9_0118115_edge.png,9.48754,9.361838,0.0036223419010639
1220,/tmp/DataSetCombined/Edges/Round-4_0045062_edge.png,10.5435,10.851852,0.0036223419010639
1221,/tmp/DataSetCombined/Edges/Round-1_0127536_edge.png,27.4775,27.77759,0.0036223419010639
1222,/tmp/DataSetCombined/Edges/Round-5_0044705_edge.png,11.36889,11.809227,0.0036223419010639
1223,/tmp/DataSetCombined/Edges/Round-10_0033865_edge.png,12.18713,12.674068,0.0036223419010639
1224,/tmp/DataSetCombined/Edges/Round-1_0067367_edge.png,17.33521,17.583948,0.0036223419010639
1225,/tmp/DataSetCombined/Edges/Round-10_0028206_edge.png,9.2146,9.222673,0.0036223419010639
1226,/tmp/DataSetCombined/Edges/Round-7_0076788_edge.png,14.02355,14.00736,0.0036223419010639
1227,/tmp/DataSetCombined/Edges/Round-10_0152187_edge.png,14.57508,14.504269,0.0036223419010639
1228,/tmp/DataSetCombined/Edges/Round-5_0101563_edge.png,14.92497,15.046967,0.0036223419010639
1229,/tmp/DataSetCombined/Edges/Round-3_0051713_edge.png,9.90171,10.002199,0.0036223419010639
1230,/tmp/DataSetCombined/Edges/Round-9_0041360_edge.png,13.46802,13.757332,0.0036223419010639
1231,/tmp/DataSetCombined/Edges/Round-1_0150382_edge.png,15.87083,16.191767,0.0036223419010639
1232,/tmp/DataSetCombined/Edges/Round-7_0005873_edge.png,13.19754,13.679262,0.0036223419010639
1233,/tmp/DataSetCombined/Edges/Round-3_0088133_edge.png,14.57354,14.508439,0.0036223419010639
1234,/tmp/DataSetCombined/Edges/Round-10_0175242_edge.png,12.01636,12.596206,0.0036223419010639
1235,/tmp/DataSetCombined/Edges/Round-9_0002923_edge.png,13.65922,13.767643,0.0036223419010639
1236,/tmp/DataSetCombined/Edges/Round-8_0080692_edge.png,13.45719,13.523464,0.0036223419010639
1237,/tmp/DataSetCombined/Edges/Round-1_0001300_edge.png,21.26594,21.088663,0.0036223419010639
1238,/tmp/DataSetCombined/Edges/Round-10_0046777_edge.png,16.06642,16.366194,0.0036223419010639
1239,/tmp/DataSetCombined/Edges/Round-1_0094848_edge.png,11.61381,12.033656,0.0036223419010639
1240,/tmp/DataSetCombined/Edges/Round-9_0175424_edge.png,12.53867,12.989989,0.0036223419010639
1241,/tmp/DataSetCombined/Edges/Round-8_0013310_edge.png,9.21146,9.220644,0.0036223419010639
1242,/tmp/DataSetCombined/Edges/Round-8_0052500_edge.png,9.13045,9.094803,0.0036223419010639
1243,/tmp/DataSetCombined/Edges/Round-7_0002080_edge.png,8.32561,8.52412,0.0036223419010639
1244,/tmp/DataSetCombined/Edges/Round-6_0017219_edge.png,14.74333,15.034262,0.0036223419010639
1245,/tmp/DataSetCombined/Edges/Round-7_0046778_edge.png,12.28891,12.76358,0.0036223419010639
1246,/tmp/DataSetCombined/Edges/Round-9_0064357_edge.png,8.63835,8.756346,0.0036223419010639
1247,/tmp/DataSetCombined/Edges/Round-10_0111853_edge.png,26.2388,26.731077,0.0036223419010639
1248,/tmp/DataSetCombined/Edges/Round-3_0069893_edge.png,9.78423,9.924266,0.0036223419010639
1249,/tmp/DataSetCombined/Edges/Round-6_0099602_edge.png,16.07368,16.361927,0.0036223419010639
1250,/tmp/DataSetCombined/Edges/Round-7_0038200_edge.png,14.96442,15.274235,0.0036223419010639
1251,/tmp/DataSetCombined/Edges/Round-7_0017281_edge.png,9.87532,10.164475,0.0036223419010639
1252,/tmp/DataSetCombined/Edges/Round-10_0102793_edge.png,18.33111,18.339926,0.0036223419010639
1253,/tmp/DataSetCombined/Edges/Round-6_0033653_edge.png,8.55375,8.655537,0.0036223419010639
1254,/tmp/DataSetCombined/Edges/Round-10_0013036_edge.png,7.82288,7.937363,0.0036223419010639
1255,/tmp/DataSetCombined/Edges/Round-9_0011441_edge.png,13.33394,13.495111,0.0036223419010639
1256,/tmp/DataSetCombined/Edges/Round-10_0192971_edge.png,8.9201,9.008102,0.0036223419010639
1257,/tmp/DataSetCombined/Edges/Round-1_0066000_edge.png,15.04244,15.424707,0.0036223419010639
1258,/tmp/DataSetCombined/Edges/Round-9_0035220_edge.png,17.77525,17.978071,0.0036223419010639
1259,/tmp/DataSetCombined/Edges/Round-8_0054806_edge.png,11.75298,12.104405,0.0036223419010639
1260,/tmp/DataSetCombined/Edges/Round-9_0028305_edge.png,14.59576,14.540981,0.0036223419010639
1261,/tmp/DataSetCombined/Edges/Round-2_0106628_edge.png,10.69922,10.875361,0.0036223419010639
1262,/tmp/DataSetCombined/Edges/Round-4_0017220_edge.png,16.32727,16.743036,0.0036223419010639
1263,/tmp/DataSetCombined/Edges/Round-1_0030234_edge.png,12.54831,12.990081,0.0036223419010639
1264,/tmp/DataSetCombined/Edges/Round-7_0097797_edge.png,28.96477,29.122126,0.0036223419010639
1265,/tmp/DataSetCombined/Edges/Round-3_0045167_edge.png,10.67417,11.346256,0.0036223419010639
1266,/tmp/DataSetCombined/Edges/Round-1_0110319_edge.png,13.28029,13.376471,0.0036223419010639
1267,/tmp/DataSetCombined/Edges/Round-8_0049129_edge.png,8.92091,9.004142,0.0036223419010639
1268,/tmp/DataSetCombined/Edges/Round-6_0086508_edge.png,12.21862,12.511393,0.0036223419010639
1269,/tmp/DataSetCombined/Edges/Round-9_0133917_edge.png,19.67039,19.555902,0.0036223419010639
1270,/tmp/DataSetCombined/Edges/Round-8_0015075_edge.png,14.0484,14.012041,0.0036223419010639
1271,/tmp/DataSetCombined/Edges/Round-5_0010302_edge.png,12.66771,12.950843,0.0036223419010639
1272,/tmp/DataSetCombined/Edges/Round-6_0038108_edge.png,15.23414,15.266615,0.0036223419010639
1273,/tmp/DataSetCombined/Edges/Round-5_0011956_edge.png,9.06399,9.035621,0.0036223419010639
1274,/tmp/DataSetCombined/Edges/Round-2_0104582_edge.png,11.79395,12.141395,0.0036223419010639
1275,/tmp/DataSetCombined/Edges/Round-1_0120072_edge.png,13.62784,13.81122,0.0036223419010639
1276,/tmp/DataSetCombined/Edges/Round-8_0063173_edge.png,18.13854,18.19298,0.0036223419010639
1277,/tmp/DataSetCombined/Edges/Round-9_0101951_edge.png,9.44775,9.347959,0.0036223419010639
1278,/tmp/DataSetCombined/Edges/Round-4_0046387_edge.png,15.21846,15.276805,0.0036223419010639
1279,/tmp/DataSetCombined/Edges/Round-8_0006014_edge.png,8.07493,8.330626,0.0036223419010639
1280,/tmp/DataSetCombined/Edges/Round-6_0060270_edge.png,11.06303,11.480284,0.0035331696271896
1281,/tmp/DataSetCombined/Edges/Round-6_0036784_edge.png,13.63115,13.743263,0.0035331696271896
1282,/tmp/DataSetCombined/Edges/Round-10_0012134_edge.png,8.91731,8.958084,0.0035331696271896
1283,/tmp/DataSetCombined/Edges/Round-1_0049134_edge.png,13.14711,13.618155,0.0035331696271896
1284,/tmp/DataSetCombined/Edges/Round-10_0130966_edge.png,13.42816,13.506668,0.0035331696271896
1285,/tmp/DataSetCombined/Edges/Round-1_0075012_edge.png,26.23492,26.751179,0.0035331696271896
1286,/tmp/DataSetCombined/Edges/Round-8_0057154_edge.png,17.70172,17.948126,0.0035331696271896
1287,/tmp/DataSetCombined/Edges/Round-2_0046600_edge.png,20.66293,20.492975,0.0035331696271896
1288,/tmp/DataSetCombined/Edges/Round-5_0064721_edge.png,13.06449,13.569806,0.0035331696271896
1289,/tmp/DataSetCombined/Edges/Round-1_0134429_edge.png,8.73233,8.827228,0.0035331696271896
1290,/tmp/DataSetCombined/Edges/Round-10_0088947_edge.png,18.34427,18.37401,0.0035331696271896
1291,/tmp/DataSetCombined/Edges/Round-5_0054968_edge.png,19.59704,19.4936,0.0035331696271896
1292,/tmp/DataSetCombined/Edges/Round-4_0011863_edge.png,20.22902,20.084143,0.0035331696271896
1293,/tmp/DataSetCombined/Edges/Round-1_0049969_edge.png,10.26092,10.3056135,0.0035331696271896
1294,/tmp/DataSetCombined/Edges/Round-1_0006734_edge.png,30.2673,29.959982,0.0035331696271896
1295,/tmp/DataSetCombined/Edges/Round-9_0174100_edge.png,7.8355,8.083536,0.0035331696271896
1296,/tmp/DataSetCombined/Edges/Round-2_0057967_edge.png,15.2414,15.23114,0.0035331696271896
1297,/tmp/DataSetCombined/Edges/Round-10_0085004_edge.png,8.31303,8.621576,0.0035331696271896
1298,/tmp/DataSetCombined/Edges/Round-3_0053001_edge.png,11.62323,12.08465,0.0035331696271896
1299,/tmp/DataSetCombined/Edges/Round-2_0096756_edge.png,9.73758,9.768961,0.0035331696271896
1300,/tmp/DataSetCombined/Edges/Round-7_0011020_edge.png,11.32421,11.861224,0.0035331696271896
1301,/tmp/DataSetCombined/Edges/Round-5_0063517_edge.png,8.75902,8.684541,0.0035331696271896
1302,/tmp/DataSetCombined/Edges/Round-6_0086478_edge.png,13.07636,13.564776,0.0035331696271896
1303,/tmp/DataSetCombined/Edges/Round-1_0078511_edge.png,18.34151,18.360773,0.0035331696271896
1304,/tmp/DataSetCombined/Edges/Round-7_0084283_edge.png,12.10881,12.403965,0.0035331696271896
1305,/tmp/DataSetCombined/Edges/Round-1_0161488_edge.png,9.20044,9.078769,0.0035331696271896
1306,/tmp/DataSetCombined/Edges/Round-8_0071884_edge.png,11.27159,11.729734,0.0035331696271896
1307,/tmp/DataSetCombined/Edges/Round-10_0149447_edge.png,9.24164,9.2644415,0.0035331696271896
1308,/tmp/DataSetCombined/Edges/Round-8_0068362_edge.png,17.3365,17.600245,0.0035331696271896
1309,/tmp/DataSetCombined/Edges/Round-9_0091627_edge.png,8.57666,8.80978,0.0035331696271896
1310,/tmp/DataSetCombined/Edges/Round-2_0101181_edge.png,25.22503,25.48739,0.0035331696271896
1311,/tmp/DataSetCombined/Edges/Round-5_0090456_edge.png,17.42447,17.696722,0.0035331696271896
1312,/tmp/DataSetCombined/Edges/Round-6_0005213_edge.png,8.52955,8.64666,0.0035331696271896
1313,/tmp/DataSetCombined/Edges/Round-6_0033142_edge.png,18.32294,18.333809,0.0035331696271896
1314,/tmp/DataSetCombined/Edges/Round-8_0031069_edge.png,9.38383,9.284041,0.0035331696271896
1315,/tmp/DataSetCombined/Edges/Round-2_0057834_edge.png,11.89131,12.206021,0.0035331696271896
1316,/tmp/DataSetCombined/Edges/Round-5_0010241_edge.png,13.61074,13.876643,0.0035331696271896
1317,/tmp/DataSetCombined/Edges/Round-4_0012494_edge.png,10.32595,10.423549,0.0035331696271896
1318,/tmp/DataSetCombined/Edges/Round-4_0028538_edge.png,9.14502,9.094358,0.0035331696271896
1319,/tmp/DataSetCombined/Edges/Round-9_0017010_edge.png,14.0182,14.091438,0.0035331696271896
1320,/tmp/DataSetCombined/Edges/Round-4_0089700_edge.png,13.41859,13.604382,0.0035331696271896
1321,/tmp/DataSetCombined/Edges/Round-10_0107127_edge.png,11.18484,11.597788,0.0035331696271896
1322,/tmp/DataSetCombined/Edges/Round-5_0062614_edge.png,11.33838,11.793377,0.0035331696271896
1323,/tmp/DataSetCombined/Edges/Round-9_0157003_edge.png,14.40513,14.360727,0.0035331696271896
1324,/tmp/DataSetCombined/Edges/Round-10_0041059_edge.png,13.97062,13.943936,0.0035331696271896
1325,/tmp/DataSetCombined/Edges/Round-7_0047982_edge.png,12.59176,12.65699,0.0035331696271896
1326,/tmp/DataSetCombined/Edges/Round-8_0083310_edge.png,9.79008,9.84155,0.0035331696271896
1327,/tmp/DataSetCombined/Edges/Round-7_0015926_edge.png,11.97055,12.282544,0.0035331696271896
1328,/tmp/DataSetCombined/Edges/Round-3_0073024_edge.png,12.10326,12.617319,0.0035331696271896
1329,/tmp/DataSetCombined/Edges/Round-8_0002282_edge.png,15.3989,15.709842,0.0035331696271896
1330,/tmp/DataSetCombined/Edges/Round-8_0036656_edge.png,12.29887,12.590696,0.0035331696271896
1331,/tmp/DataSetCombined/Edges/Round-8_0063065_edge.png,12.32282,12.416544,0.0035331696271896
1332,/tmp/DataSetCombined/Edges/Round-10_0094395_edge.png,8.34608,8.667986,0.0035331696271896
1333,/tmp/DataSetCombined/Edges/Round-7_0114774_edge.png,17.13715,17.140265,0.0035331696271896
1334,/tmp/DataSetCombined/Edges/Round-10_0096291_edge.png,11.86829,12.466402,0.0035331696271896
1335,/tmp/DataSetCombined/Edges/Round-5_0080975_edge.png,16.49433,16.93628,0.0035331696271896
1336,/tmp/DataSetCombined/Edges/Round-6_0058968_edge.png,19.98082,19.869223,0.0035331696271896
1337,/tmp/DataSetCombined/Edges/Round-10_0162571_edge.png,11.79896,12.121208,0.0035331696271896
1338,/tmp/DataSetCombined/Edges/Round-9_0025137_edge.png,8.09925,8.358358,0.0035331696271896
1339,/tmp/DataSetCombined/Edges/Round-1_0069200_edge.png,9.21702,9.191463,0.0035331696271896
1340,/tmp/DataSetCombined/Edges/Round-5_0092563_edge.png,18.29841,18.313623,0.0035331696271896
1341,/tmp/DataSetCombined/Edges/Round-8_0052681_edge.png,7.49307,7.7706943,0.0035331696271896
1342,/tmp/DataSetCombined/Edges/Round-1_0161097_edge.png,11.25641,11.835801,0.0035331696271896
1343,/tmp/DataSetCombined/Edges/Round-5_0126425_edge.png,19.59686,19.515139,0.0035331696271896
1344,/tmp/DataSetCombined/Edges/Round-3_0084431_edge.png,14.04386,14.025658,0.0033670663833618
1345,/tmp/DataSetCombined/Edges/Round-4_0025798_edge.png,20.17205,20.055208,0.0033670663833618
1346,/tmp/DataSetCombined/Edges/Round-7_0034950_edge.png,17.45321,17.427717,0.0033670663833618
1347,/tmp/DataSetCombined/Edges/Round-5_0027698_edge.png,25.42566,25.710447,0.0033670663833618
1348,/tmp/DataSetCombined/Edges/Round-9_0018003_edge.png,30.32437,29.945314,0.0033670663833618
1349,/tmp/DataSetCombined/Edges/Round-7_0092380_edge.png,10.02275,10.469362,0.0033670663833618
1350,/tmp/DataSetCombined/Edges/Round-10_0169373_edge.png,18.33746,18.37197,0.0033670663833618
1351,/tmp/DataSetCombined/Edges/Round-9_0169133_edge.png,11.38303,11.676281,0.0033670663833618
1352,/tmp/DataSetCombined/Edges/Round-7_0064146_edge.png,7.92569,8.009873,0.0033670663833618
1353,/tmp/DataSetCombined/Edges/Round-9_0037116_edge.png,8.23246,8.458967,0.0033670663833618
1354,/tmp/DataSetCombined/Edges/Round-4_0025378_edge.png,15.18047,15.194773,0.0033670663833618
1355,/tmp/DataSetCombined/Edges/Round-10_0136866_edge.png,13.10281,13.338209,0.0033670663833618
1356,/tmp/DataSetCombined/Edges/Round-1_0138926_edge.png,19.67724,19.560616,0.0033670663833618
1357,/tmp/DataSetCombined/Edges/Round-5_0095121_edge.png,18.29371,18.326717,0.0033670663833618
1358,/tmp/DataSetCombined/Edges/Round-8_0079728_edge.png,9.25185,9.214404,0.0033670663833618
1359,/tmp/DataSetCombined/Edges/Round-6_0057492_edge.png,5.8475,6.420181,0.0033670663833618
1360,/tmp/DataSetCombined/Edges/Round-7_0068330_edge.png,10.36926,10.32926,0.0033670663833618
1361,/tmp/DataSetCombined/Edges/Round-1_0009934_edge.png,7.46789,7.766491,0.0033670663833618
1362,/tmp/DataSetCombined/Edges/Round-7_0029110_edge.png,13.53564,13.7595,0.0033670663833618
1363,/tmp/DataSetCombined/Edges/Round-10_0073747_edge.png,10.49547,10.604041,0.0033670663833618
1364,/tmp/DataSetCombined/Edges/Round-9_0104690_edge.png,18.79983,18.82958,0.0033670663833618
1365,/tmp/DataSetCombined/Edges/Round-9_0154656_edge.png,8.32971,8.488153,0.0033670663833618
1366,/tmp/DataSetCombined/Edges/Round-10_0141441_edge.png,15.20205,15.239395,0.0033670663833618
1367,/tmp/DataSetCombined/Edges/Round-10_0103215_edge.png,20.23615,20.101004,0.0033670663833618
1368,/tmp/DataSetCombined/Edges/Round-9_0023120_edge.png,9.18371,9.15528,0.0033670663833618
1369,/tmp/DataSetCombined/Edges/Round-8_0047744_edge.png,13.61228,13.725969,0.0033670663833618
1370,/tmp/DataSetCombined/Edges/Round-5_0080824_edge.png,13.66353,13.769379,0.0033670663833618
1371,/tmp/DataSetCombined/Edges/Round-9_0080761_edge.png,12.68844,12.981588,0.0033670663833618
1372,/tmp/DataSetCombined/Edges/Round-6_0070736_edge.png,11.665,12.1697,0.0033670663833618
1373,/tmp/DataSetCombined/Edges/Round-7_0110048_edge.png,19.86728,19.52334,0.0033670663833618
1374,/tmp/DataSetCombined/Edges/Round-10_0126752_edge.png,21.37002,21.222189,0.0033670663833618
1375,/tmp/DataSetCombined/Edges/Round-7_0027846_edge.png,19.6621,19.545397,0.0033670663833618
1376,/tmp/DataSetCombined/Edges/Round-10_0147310_edge.png,15.23952,15.505975,0.0033670663833618
1377,/tmp/DataSetCombined/Edges/Round-5_0021377_edge.png,8.76553,8.840506,0.0033670663833618
1378,/tmp/DataSetCombined/Edges/Round-9_0054454_edge.png,25.14561,25.387531,0.0033670663833618
1379,/tmp/DataSetCombined/Edges/Round-4_0035972_edge.png,12.64486,12.908346,0.0033670663833618
1380,/tmp/DataSetCombined/Edges/Round-3_0056318_edge.png,12.32118,12.790904,0.0033670663833618
1381,/tmp/DataSetCombined/Edges/Round-1_0113630_edge.png,9.45639,9.345666,0.0033670663833618
1382,/tmp/DataSetCombined/Edges/Round-10_0094064_edge.png,15.23826,15.226221,0.0033670663833618
1383,/tmp/DataSetCombined/Edges/Round-6_0009363_edge.png,8.96926,9.0103,0.0033670663833618
1384,/tmp/DataSetCombined/Edges/Round-3_0056077_edge.png,13.59174,13.724228,0.0033670663833618
1385,/tmp/DataSetCombined/Edges/Round-7_0017190_edge.png,9.47237,9.361891,0.0033670663833618
1386,/tmp/DataSetCombined/Edges/Round-1_0137078_edge.png,8.35722,8.672778,0.0033670663833618
1387,/tmp/DataSetCombined/Edges/Round-7_0006897_edge.png,21.04879,20.826277,0.0033670663833618
1388,/tmp/DataSetCombined/Edges/Round-1_0020900_edge.png,9.60869,9.583925,0.0033670663833618
1389,/tmp/DataSetCombined/Edges/Round-8_0060452_edge.png,12.26712,12.560282,0.0033670663833618
1390,/tmp/DataSetCombined/Edges/Round-9_0036304_edge.png,9.79734,9.959595,0.0033670663833618
1391,/tmp/DataSetCombined/Edges/Round-5_0027367_edge.png,7.86002,8.075724,0.0033670663833618
1392,/tmp/DataSetCombined/Edges/Round-4_0044852_edge.png,18.83576,18.636717,0.0033670663833618
1393,/tmp/DataSetCombined/Edges/Round-8_0086320_edge.png,11.92621,12.247938,0.0033670663833618
1394,/tmp/DataSetCombined/Edges/Round-9_0024385_edge.png,11.19548,11.438507,0.0033670663833618
1395,/tmp/DataSetCombined/Edges/Round-2_0089682_edge.png,30.32177,30.06295,0.0033670663833618
1396,/tmp/DataSetCombined/Edges/Round-1_0133858_edge.png,18.97602,18.98993,0.0033670663833618
1397,/tmp/DataSetCombined/Edges/Round-7_0034407_edge.png,8.75214,8.779286,0.0033670663833618
1398,/tmp/DataSetCombined/Edges/Round-6_0080157_edge.png,20.19842,19.881065,0.0033670663833618
1399,/tmp/DataSetCombined/Edges/Round-7_0081995_edge.png,13.08292,13.581084,0.0033670663833618
1400,/tmp/DataSetCombined/Edges/Round-3_0085159_edge.png,9.81381,10.055126,0.0033670663833618
1401,/tmp/DataSetCombined/Edges/Round-1_0011900_edge.png,9.19123,9.208251,0.0033670663833618
1402,/tmp/DataSetCombined/Edges/Round-5_0026073_edge.png,12.79325,13.07777,0.0033670663833618
1403,/tmp/DataSetCombined/Edges/Round-10_0193453_edge.png,18.40022,18.480707,0.0033670663833618
1404,/tmp/DataSetCombined/Edges/Round-10_0137408_edge.png,11.88895,12.40221,0.0033670663833618
1405,/tmp/DataSetCombined/Edges/Round-1_0033806_edge.png,13.25415,13.468015,0.0033670663833618
1406,/tmp/DataSetCombined/Edges/Round-3_0033533_edge.png,17.34376,17.590168,0.0033670663833618
1407,/tmp/DataSetCombined/Edges/Round-9_0103276_edge.png,8.13383,8.364287,0.0033670663833618
1408,/tmp/DataSetCombined/Edges/Round-8_0004732_edge.png,17.70094,17.939426,0.003427505493164
1409,/tmp/DataSetCombined/Edges/Round-8_0035223_edge.png,14.56277,14.48324,0.003427505493164
1410,/tmp/DataSetCombined/Edges/Round-9_0032150_edge.png,13.62535,13.728508,0.003427505493164
1411,/tmp/DataSetCombined/Edges/Round-9_0143579_edge.png,29.88723,29.710695,0.003427505493164
1412,/tmp/DataSetCombined/Edges/Round-4_0053611_edge.png,19.6575,19.547428,0.003427505493164
1413,/tmp/DataSetCombined/Edges/Round-5_0113723_edge.png,18.29675,18.327703,0.003427505493164
1414,/tmp/DataSetCombined/Edges/Round-8_0088096_edge.png,11.65644,12.353811,0.003427505493164
1415,/tmp/DataSetCombined/Edges/Round-6_0074408_edge.png,14.57691,14.510588,0.003427505493164
1416,/tmp/DataSetCombined/Edges/Round-7_0006746_edge.png,12.85284,13.138979,0.003427505493164
1417,/tmp/DataSetCombined/Edges/Round-10_0171209_edge.png,16.07836,16.411001,0.003427505493164
1418,/tmp/DataSetCombined/Edges/Round-8_0067628_edge.png,13.10491,13.186711,0.003427505493164
1419,/tmp/DataSetCombined/Edges/Round-1_0169374_edge.png,14.48316,14.655259,0.003427505493164
1420,/tmp/DataSetCombined/Edges/Round-5_0057707_edge.png,9.40481,9.330754,0.003427505493164
1421,/tmp/DataSetCombined/Edges/Round-8_0007791_edge.png,14.52213,14.453175,0.003427505493164
1422,/tmp/DataSetCombined/Edges/Round-3_0002267_edge.png,12.59436,13.030848,0.003427505493164
1423,/tmp/DataSetCombined/Edges/Round-9_0016558_edge.png,17.99471,18.073034,0.003427505493164
1424,/tmp/DataSetCombined/Edges/Round-10_0148032_edge.png,17.13924,17.317102,0.003427505493164
1425,/tmp/DataSetCombined/Edges/Round-2_0077501_edge.png,10.09602,10.282234,0.003427505493164
1426,/tmp/DataSetCombined/Edges/Round-5_0006478_edge.png,14.96859,15.274517,0.003427505493164
1427,/tmp/DataSetCombined/Edges/Round-10_0148906_edge.png,12.37462,12.747492,0.003427505493164
1428,/tmp/DataSetCombined/Edges/Round-7_0032601_edge.png,7.96268,8.116328,0.003427505493164
1429,/tmp/DataSetCombined/Edges/Round-5_0070350_edge.png,13.65056,13.74477,0.003427505493164
1430,/tmp/DataSetCombined/Edges/Round-10_0125969_edge.png,11.97243,12.268772,0.003427505493164
1431,/tmp/DataSetCombined/Edges/Round-1_0102434_edge.png,10.87151,11.559821,0.003427505493164
1432,/tmp/DataSetCombined/Edges/Round-4_0033594_edge.png,13.37601,13.485481,0.003427505493164
1433,/tmp/DataSetCombined/Edges/Round-9_0135934_edge.png,14.29003,13.992788,0.003427505493164
1434,/tmp/DataSetCombined/Edges/Round-10_0074078_edge.png,19.91249,19.769926,0.003427505493164
1435,/tmp/DataSetCombined/Edges/Round-1_0023534_edge.png,9.61596,9.580254,0.003427505493164
1436,/tmp/DataSetCombined/Edges/Round-6_0019567_edge.png,15.0369,15.372032,0.003427505493164
1437,/tmp/DataSetCombined/Edges/Round-5_0027277_edge.png,8.77951,8.87492,0.003427505493164
1438,/tmp/DataSetCombined/Edges/Round-6_0008310_edge.png,8.54439,8.629549,0.003427505493164
1439,/tmp/DataSetCombined/Edges/Round-10_0190172_edge.png,9.85259,10.126942,0.003427505493164
1440,/tmp/DataSetCombined/Edges/Round-3_0062248_edge.png,30.3278,29.95227,0.003427505493164
1441,/tmp/DataSetCombined/Edges/Round-9_0122930_edge.png,9.1044,9.124357,0.003427505493164
1442,/tmp/DataSetCombined/Edges/Round-6_0096587_edge.png,11.85212,12.338512,0.003427505493164
1443,/tmp/DataSetCombined/Edges/Round-10_0146618_edge.png,11.55192,11.974706,0.003427505493164
1444,/tmp/DataSetCombined/Edges/Round-3_0070646_edge.png,9.0765,9.059214,0.003427505493164
1445,/tmp/DataSetCombined/Edges/Round-1_0079738_edge.png,9.48343,9.415821,0.003427505493164
1446,/tmp/DataSetCombined/Edges/Round-3_0032301_edge.png,13.29141,13.824913,0.003427505493164
1447,/tmp/DataSetCombined/Edges/Round-9_0140961_edge.png,15.08773,15.205936,0.003427505493164
1448,/tmp/DataSetCombined/Edges/Round-1_0049200_edge.png,10.01372,10.461085,0.003427505493164
1449,/tmp/DataSetCombined/Edges/Round-8_0020625_edge.png,12.75079,13.213278,0.003427505493164
1450,/tmp/DataSetCombined/Edges/Round-1_0167388_edge.png,13.22554,13.738356,0.003427505493164
1451,/tmp/DataSetCombined/Edges/Round-10_0163775_edge.png,11.74374,12.248625,0.003427505493164
1452,/tmp/DataSetCombined/Edges/Round-2_0086371_edge.png,13.29633,13.813473,0.003427505493164
1453,/tmp/DataSetCombined/Edges/Round-9_0073397_edge.png,8.39695,8.458012,0.003427505493164
1454,/tmp/DataSetCombined/Edges/Round-2_0072826_edge.png,18.29755,18.330103,0.003427505493164
1455,/tmp/DataSetCombined/Edges/Round-2_0096635_edge.png,10.39334,10.391856,0.003427505493164
1456,/tmp/DataSetCombined/Edges/Round-9_0012856_edge.png,15.91408,16.245098,0.003427505493164
1457,/tmp/DataSetCombined/Edges/Round-5_0024026_edge.png,16.016,16.308334,0.003427505493164
1458,/tmp/DataSetCombined/Edges/Round-9_0197036_edge.png,12.68485,12.978762,0.003427505493164
1459,/tmp/DataSetCombined/Edges/Round-10_0137889_edge.png,13.47124,13.755949,0.003427505493164
1460,/tmp/DataSetCombined/Edges/Round-9_0169164_edge.png,13.98013,14.327465,0.003427505493164
1461,/tmp/DataSetCombined/Edges/Round-6_0008070_edge.png,12.49939,12.858062,0.003427505493164
1462,/tmp/DataSetCombined/Edges/Round-1_0146559_edge.png,15.31327,15.627487,0.003427505493164
1463,/tmp/DataSetCombined/Edges/Round-6_0095087_edge.png,15.44833,15.7851095,0.003427505493164
1464,/tmp/DataSetCombined/Edges/Round-1_0025100_edge.png,14.0303,14.002619,0.003427505493164
1465,/tmp/DataSetCombined/Edges/Round-1_0080009_edge.png,13.6338,13.728209,0.003427505493164
1466,/tmp/DataSetCombined/Edges/Round-9_0189812_edge.png,9.60273,9.416281,0.003427505493164
1467,/tmp/DataSetCombined/Edges/Round-1_0103577_edge.png,15.16544,15.473503,0.003427505493164
1468,/tmp/DataSetCombined/Edges/Round-3_0034600_edge.png,8.29032,8.617035,0.003427505493164
1469,/tmp/DataSetCombined/Edges/Round-9_0125700_edge.png,9.22516,9.213825,0.003427505493164
1470,/tmp/DataSetCombined/Edges/Round-9_0105924_edge.png,10.14396,10.416098,0.003427505493164
1471,/tmp/DataSetCombined/Edges/Round-10_0128107_edge.png,10.94968,11.57869,0.003427505493164
1472,/tmp/DataSetCombined/Edges/Round-7_0129763_edge.png,7.66841,7.7683067,0.0037849135696887
1473,/tmp/DataSetCombined/Edges/Round-6_0028231_edge.png,15.51797,15.80934,0.0037849135696887
1474,/tmp/DataSetCombined/Edges/Round-3_0017670_edge.png,18.28364,18.312654,0.0037849135696887
1475,/tmp/DataSetCombined/Edges/Round-1_0020434_edge.png,19.40223,19.116049,0.0037849135696887
1476,/tmp/DataSetCombined/Edges/Round-8_0015466_edge.png,13.79703,13.961359,0.0037849135696887
1477,/tmp/DataSetCombined/Edges/Round-6_0110980_edge.png,13.65614,13.741424,0.0037849135696887
1478,/tmp/DataSetCombined/Edges/Round-9_0172053_edge.png,12.30165,12.778309,0.0037849135696887
1479,/tmp/DataSetCombined/Edges/Round-6_0112153_edge.png,9.75025,9.596075,0.0037849135696887
1480,/tmp/DataSetCombined/Edges/Round-1_0044334_edge.png,12.96191,13.258944,0.0037849135696887
1481,/tmp/DataSetCombined/Edges/Round-6_0110438_edge.png,8.08111,8.181593,0.0037849135696887
1482,/tmp/DataSetCombined/Edges/Round-9_0065440_edge.png,9.20587,9.218925,0.0037849135696887
1483,/tmp/DataSetCombined/Edges/Round-1_0171407_edge.png,12.13614,12.649427,0.0037849135696887
1484,/tmp/DataSetCombined/Edges/Round-9_0004458_edge.png,12.50536,12.969899,0.0037849135696887
1485,/tmp/DataSetCombined/Edges/Round-3_0072271_edge.png,13.31088,13.806492,0.0037849135696887
1486,/tmp/DataSetCombined/Edges/Round-10_0042977_edge.png,9.71814,9.669918,0.0037849135696887
1487,/tmp/DataSetCombined/Edges/Round-6_0058065_edge.png,9.23547,9.265435,0.0037849135696887
1488,/tmp/DataSetCombined/Edges/Round-8_0006053_edge.png,12.71257,13.163235,0.0037849135696887
1489,/tmp/DataSetCombined/Edges/Round-9_0032903_edge.png,9.69229,9.792067,0.0037849135696887
1490,/tmp/DataSetCombined/Edges/Round-1_0006667_edge.png,17.81261,17.986761,0.0037849135696887
1491,/tmp/DataSetCombined/Edges/Round-9_0037816_edge.png,14.04901,14.025621,0.0037849135696887
1492,/tmp/DataSetCombined/Edges/Round-10_0136776_edge.png,9.49684,9.377493,0.0037849135696887
1493,/tmp/DataSetCombined/Edges/Round-5_0096089_edge.png,20.25838,20.143766,0.0037849135696887
1494,/tmp/DataSetCombined/Edges/Round-10_0008009_edge.png,9.2047,9.187744,0.0037849135696887
1495,/tmp/DataSetCombined/Edges/Round-1_0122720_edge.png,17.88006,17.99582,0.0037849135696887
1496,/tmp/DataSetCombined/Edges/Round-9_0077209_edge.png,19.37959,19.316011,0.0037849135696887
1497,/tmp/DataSetCombined/Edges/Round-5_0093617_edge.png,13.46651,13.340906,0.0037849135696887
1498,/tmp/DataSetCombined/Edges/Round-3_0015082_edge.png,13.13198,13.331643,0.0037849135696887
1499,/tmp/DataSetCombined/Edges/Round-9_0037026_edge.png,12.69457,13.008812,0.0037849135696887
1500,/tmp/DataSetCombined/Edges/Round-10_0111522_edge.png,9.83201,9.901989,0.0037849135696887
1501,/tmp/DataSetCombined/Edges/Round-7_0019147_edge.png,14.98333,15.313416,0.0037849135696887
1502,/tmp/DataSetCombined/Edges/Round-10_0126451_edge.png,13.99538,14.003752,0.0037849135696887
1503,/tmp/DataSetCombined/Edges/Round-10_0155166_edge.png,19.61902,19.51346,0.0037849135696887
1504,/tmp/DataSetCombined/Edges/Round-10_0151283_edge.png,12.85477,13.326507,0.0037849135696887
1505,/tmp/DataSetCombined/Edges/Round-7_0036334_edge.png,9.31468,9.244356,0.0037849135696887
1506,/tmp/DataSetCombined/Edges/Round-1_0054434_edge.png,13.05098,13.325835,0.0037849135696887
1507,/tmp/DataSetCombined/Edges/Round-5_0009247_edge.png,20.15264,19.836931,0.0037849135696887
1508,/tmp/DataSetCombined/Edges/Round-8_0088789_edge.png,20.2652,20.164055,0.0037849135696887
1509,/tmp/DataSetCombined/Edges/Round-6_0028537_edge.png,11.4682,11.758554,0.0037849135696887
1510,/tmp/DataSetCombined/Edges/Round-5_0024177_edge.png,9.66892,9.6206455,0.0037849135696887
1511,/tmp/DataSetCombined/Edges/Round-8_0061096_edge.png,12.70739,13.024511,0.0037849135696887
1512,/tmp/DataSetCombined/Edges/Round-10_0047982_edge.png,8.49176,8.718818,0.0037849135696887
1513,/tmp/DataSetCombined/Edges/Round-6_0126962_edge.png,14.59845,14.514814,0.0037849135696887
1514,/tmp/DataSetCombined/Edges/Round-1_0001834_edge.png,8.26205,8.488872,0.0037849135696887
1515,/tmp/DataSetCombined/Edges/Round-8_0087433_edge.png,20.22238,20.111856,0.0037849135696887
1516,/tmp/DataSetCombined/Edges/Round-1_0009634_edge.png,10.00932,10.40975,0.0037849135696887
1517,/tmp/DataSetCombined/Edges/Round-10_0161246_edge.png,28.93819,29.058992,0.0037849135696887
1518,/tmp/DataSetCombined/Edges/Round-4_0083831_edge.png,14.06137,14.203726,0.0037849135696887
1519,/tmp/DataSetCombined/Edges/Round-4_0002953_edge.png,14.93849,14.784692,0.0037849135696887
1520,/tmp/DataSetCombined/Edges/Round-10_0141087_edge.png,8.19273,8.287834,0.0037849135696887
1521,/tmp/DataSetCombined/Edges/Round-8_0035735_edge.png,8.28974,8.624058,0.0037849135696887
1522,/tmp/DataSetCombined/Edges/Round-8_0048334_edge.png,14.73815,14.729485,0.0037849135696887
1523,/tmp/DataSetCombined/Edges/Round-8_0019408_edge.png,26.79416,27.305178,0.0037849135696887
1524,/tmp/DataSetCombined/Edges/Round-10_0045754_edge.png,15.94893,16.275496,0.0037849135696887
1525,/tmp/DataSetCombined/Edges/Round-3_0067154_edge.png,23.94771,23.745953,0.0037849135696887
1526,/tmp/DataSetCombined/Edges/Round-3_0053701_edge.png,19.08969,18.856672,0.0037849135696887
1527,/tmp/DataSetCombined/Edges/Round-9_0039073_edge.png,13.23086,13.743147,0.0037849135696887
1528,/tmp/DataSetCombined/Edges/Round-2_0063967_edge.png,8.75073,8.863033,0.0037849135696887
1529,/tmp/DataSetCombined/Edges/Round-7_0050662_edge.png,30.30597,30.00107,0.0037849135696887
1530,/tmp/DataSetCombined/Edges/Round-6_0123046_edge.png,15.77638,16.097025,0.0037849135696887
1531,/tmp/DataSetCombined/Edges/Round-5_0087085_edge.png,17.19779,17.525564,0.0037849135696887
1532,/tmp/DataSetCombined/Edges/Round-2_0066776_edge.png,17.30885,17.560862,0.0037849135696887
1533,/tmp/DataSetCombined/Edges/Round-10_0091475_edge.png,14.90204,14.706862,0.0037849135696887
1534,/tmp/DataSetCombined/Edges/Round-9_0163324_edge.png,10.02866,10.469628,0.0037849135696887
1535,/tmp/DataSetCombined/Edges/Round-6_0057432_edge.png,11.511,12.229794,0.0037849135696887
1536,/tmp/DataSetCombined/Edges/Round-6_0043586_edge.png,28.89097,29.062773,0.0037745796144008
1537,/tmp/DataSetCombined/Edges/Round-10_0052256_edge.png,12.7541,13.044631,0.0037745796144008
1538,/tmp/DataSetCombined/Edges/Round-1_0117212_edge.png,19.63496,19.567427,0.0037745796144008
1539,/tmp/DataSetCombined/Edges/Round-9_0139907_edge.png,11.80242,12.141094,0.0037745796144008
1540,/tmp/DataSetCombined/Edges/Round-9_0180602_edge.png,17.70717,17.944864,0.0037745796144008
1541,/tmp/DataSetCombined/Edges/Round-1_0113871_edge.png,8.54011,8.6588955,0.0037745796144008
1542,/tmp/DataSetCombined/Edges/Round-1_0119262_edge.png,12.45833,12.872965,0.0037745796144008
1543,/tmp/DataSetCombined/Edges/Round-8_0038985_edge.png,9.71445,9.660313,0.0037745796144008
1544,/tmp/DataSetCombined/Edges/Round-8_0010240_edge.png,8.86415,8.758789,0.0037745796144008
1545,/tmp/DataSetCombined/Edges/Round-10_0091114_edge.png,14.28273,14.217516,0.0037745796144008
1546,/tmp/DataSetCombined/Edges/Round-7_0016107_edge.png,16.64964,16.870079,0.0037745796144008
1547,/tmp/DataSetCombined/Edges/Round-8_0029113_edge.png,8.62837,8.738867,0.0037745796144008
1548,/tmp/DataSetCombined/Edges/Round-10_0083951_edge.png,18.30179,18.309639,0.0037745796144008
1549,/tmp/DataSetCombined/Edges/Round-9_0083651_edge.png,9.36258,9.271719,0.0037745796144008
1550,/tmp/DataSetCombined/Edges/Round-8_0009578_edge.png,14.04063,14.025862,0.0037745796144008
1551,/tmp/DataSetCombined/Edges/Round-9_0170789_edge.png,8.04161,8.327897,0.0037745796144008
1552,/tmp/DataSetCombined/Edges/Round-8_0047353_edge.png,11.71286,12.1408,0.0037745796144008
1553,/tmp/DataSetCombined/Edges/Round-10_0046567_edge.png,14.59135,14.5192375,0.0037745796144008
1554,/tmp/DataSetCombined/Edges/Round-10_0053700_edge.png,9.83522,10.065298,0.0037745796144008
1555,/tmp/DataSetCombined/Edges/Round-8_0016350_edge.png,18.10621,18.160206,0.0037745796144008
1556,/tmp/DataSetCombined/Edges/Round-2_0067318_edge.png,8.49034,8.6232,0.0037745796144008
1557,/tmp/DataSetCombined/Edges/Round-3_0070556_edge.png,9.48494,9.359643,0.0037745796144008
1558,/tmp/DataSetCombined/Edges/Round-1_0114744_edge.png,15.30762,15.311317,0.0037745796144008
1559,/tmp/DataSetCombined/Edges/Round-8_0003919_edge.png,8.06657,8.252396,0.0037745796144008
1560,/tmp/DataSetCombined/Edges/Round-7_0023150_edge.png,12.15475,12.347786,0.0037745796144008
1561,/tmp/DataSetCombined/Edges/Round-4_0010448_edge.png,26.76685,27.240705,0.0037745796144008
1562,/tmp/DataSetCombined/Edges/Round-8_0023051_edge.png,13.46339,13.558482,0.0037745796144008
1563,/tmp/DataSetCombined/Edges/Round-3_0046295_edge.png,12.70475,12.996199,0.0037745796144008
1564,/tmp/DataSetCombined/Edges/Round-8_0029763_edge.png,10.15848,10.529136,0.0037745796144008
1565,/tmp/DataSetCombined/Edges/Round-1_0164830_edge.png,9.78286,9.870033,0.0037745796144008
1566,/tmp/DataSetCombined/Edges/Round-4_0059781_edge.png,9.47734,9.400373,0.0037745796144008
1567,/tmp/DataSetCombined/Edges/Round-3_0032601_edge.png,9.17301,9.209024,0.0037745796144008
1568,/tmp/DataSetCombined/Edges/Round-8_0031912_edge.png,10.32011,10.609653,0.0037745796144008
1569,/tmp/DataSetCombined/Edges/Round-1_0128499_edge.png,9.98768,10.426837,0.0037745796144008
1570,/tmp/DataSetCombined/Edges/Round-8_0043135_edge.png,11.78543,12.302624,0.0037745796144008
1571,/tmp/DataSetCombined/Edges/Round-8_0041773_edge.png,13.64741,13.808897,0.0037745796144008
1572,/tmp/DataSetCombined/Edges/Round-1_0017400_edge.png,16.73383,17.079958,0.0037745796144008
1573,/tmp/DataSetCombined/Edges/Round-7_0017612_edge.png,9.41831,9.3425255,0.0037745796144008
1574,/tmp/DataSetCombined/Edges/Round-7_0016318_edge.png,9.52339,9.546661,0.0037745796144008
1575,/tmp/DataSetCombined/Edges/Round-4_0077841_edge.png,15.28444,15.526079,0.0037745796144008
1576,/tmp/DataSetCombined/Edges/Round-9_0090603_edge.png,16.98207,17.268415,0.0037745796144008
1577,/tmp/DataSetCombined/Edges/Round-2_0084467_edge.png,12.43542,12.878136,0.0037745796144008
1578,/tmp/DataSetCombined/Edges/Round-2_0057601_edge.png,11.44176,11.741397,0.0037745796144008
1579,/tmp/DataSetCombined/Edges/Round-8_0019589_edge.png,12.5383,12.814203,0.0037745796144008
1580,/tmp/DataSetCombined/Edges/Round-2_0071075_edge.png,7.60734,7.745871,0.0037745796144008
1581,/tmp/DataSetCombined/Edges/Round-9_0008763_edge.png,12.81346,13.292616,0.0037745796144008
1582,/tmp/DataSetCombined/Edges/Round-4_0051504_edge.png,15.11384,15.160448,0.0037745796144008
1583,/tmp/DataSetCombined/Edges/Round-10_0048252_edge.png,9.24681,9.210911,0.0037745796144008
1584,/tmp/DataSetCombined/Edges/Round-3_0029048_edge.png,9.50978,9.357458,0.0037745796144008
1585,/tmp/DataSetCombined/Edges/Round-10_0152487_edge.png,20.07482,19.964916,0.0037745796144008
1586,/tmp/DataSetCombined/Edges/Round-5_0090546_edge.png,8.47932,8.7292385,0.0037745796144008
1587,/tmp/DataSetCombined/Edges/Round-6_0082475_edge.png,8.8091,8.904249,0.0037745796144008
1588,/tmp/DataSetCombined/Edges/Round-3_0081482_edge.png,13.6534,13.771773,0.0037745796144008
1589,/tmp/DataSetCombined/Edges/Round-10_0044911_edge.png,19.11705,18.843748,0.0037745796144008
1590,/tmp/DataSetCombined/Edges/Round-6_0072001_edge.png,9.91262,10.148495,0.0037745796144008
1591,/tmp/DataSetCombined/Edges/Round-6_0044670_edge.png,8.88654,8.959145,0.0037745796144008
1592,/tmp/DataSetCombined/Edges/Round-5_0067189_edge.png,9.46872,9.366854,0.0037745796144008
1593,/tmp/DataSetCombined/Edges/Round-4_0008582_edge.png,12.90375,13.367477,0.0037745796144008
1594,/tmp/DataSetCombined/Edges/Round-6_0001334_edge.png,8.03503,8.221508,0.0037745796144008
1595,/tmp/DataSetCombined/Edges/Round-9_0194477_edge.png,10.0396,10.412945,0.0037745796144008
1596,/tmp/DataSetCombined/Edges/Round-2_0081314_edge.png,23.29199,23.238916,0.0037745796144008
1597,/tmp/DataSetCombined/Edges/Round-5_0097379_edge.png,8.61829,8.823263,0.0037745796144008
1598,/tmp/DataSetCombined/Edges/Round-4_0076577_edge.png,8.02678,8.307021,0.0037745796144008
1599,/tmp/DataSetCombined/Edges/Round-4_0001087_edge.png,17.2185,17.46144,0.0037745796144008
1600,/tmp/DataSetCombined/Edges/Round-6_0091385_edge.png,19.50837,19.244562,0.0039162971079349
1601,/tmp/DataSetCombined/Edges/Round-6_0069953_edge.png,9.93481,10.24044,0.0039162971079349
1602,/tmp/DataSetCombined/Edges/Round-9_0180662_edge.png,8.09119,8.365885,0.0039162971079349
1603,/tmp/DataSetCombined/Edges/Round-4_0051384_edge.png,12.27252,12.727846,0.0039162971079349
1604,/tmp/DataSetCombined/Edges/Round-5_0015779_edge.png,19.63677,19.542501,0.0039162971079349
1605,/tmp/DataSetCombined/Edges/Round-6_0088917_edge.png,8.92934,8.938805,0.0039162971079349
1606,/tmp/DataSetCombined/Edges/Round-10_0015383_edge.png,8.52566,8.599474,0.0039162971079349
1607,/tmp/DataSetCombined/Edges/Round-8_0067207_edge.png,13.63859,13.74402,0.0039162971079349
1608,/tmp/DataSetCombined/Edges/Round-9_0145806_edge.png,9.43078,9.329382,0.0039162971079349
1609,/tmp/DataSetCombined/Edges/Round-6_0104628_edge.png,14.44089,14.408773,0.0039162971079349
1610,/tmp/DataSetCombined/Edges/Round-9_0164769_edge.png,9.47324,9.381018,0.0039162971079349
1611,/tmp/DataSetCombined/Edges/Round-9_0033144_edge.png,15.53537,15.83664,0.0039162971079349
1612,/tmp/DataSetCombined/Edges/Round-10_0040035_edge.png,17.53333,17.709152,0.0039162971079349
1613,/tmp/DataSetCombined/Edges/Round-2_0055867_edge.png,13.6199,13.732096,0.0039162971079349
1614,/tmp/DataSetCombined/Edges/Round-6_0009634_edge.png,27.46078,27.699492,0.0039162971079349
1615,/tmp/DataSetCombined/Edges/Round-10_0101198_edge.png,10.35548,10.350899,0.0039162971079349
1616,/tmp/DataSetCombined/Edges/Round-8_0001091_edge.png,17.73421,17.844042,0.0039162971079349
1617,/tmp/DataSetCombined/Edges/Round-1_0087354_edge.png,13.50853,13.651315,0.0039162971079349
1618,/tmp/DataSetCombined/Edges/Round-9_0151796_edge.png,14.58821,14.524758,0.0039162971079349
1619,/tmp/DataSetCombined/Edges/Round-5_0117726_edge.png,14.02031,13.969899,0.0039162971079349
1620,/tmp/DataSetCombined/Edges/Round-10_0085636_edge.png,9.21622,9.220839,0.0039162971079349
1621,/tmp/DataSetCombined/Edges/Round-9_0138763_edge.png,9.19859,9.206629,0.0039162971079349
1622,/tmp/DataSetCombined/Edges/Round-10_0061436_edge.png,9.55343,9.407436,0.0039162971079349
1623,/tmp/DataSetCombined/Edges/Round-2_0094950_edge.png,11.98913,12.341448,0.0039162971079349
1624,/tmp/DataSetCombined/Edges/Round-9_0195651_edge.png,18.75727,18.760326,0.0039162971079349
1625,/tmp/DataSetCombined/Edges/Round-4_0037327_edge.png,12.87789,13.349556,0.0039162971079349
1626,/tmp/DataSetCombined/Edges/Round-6_0079134_edge.png,9.33972,9.258805,0.0039162971079349
1627,/tmp/DataSetCombined/Edges/Round-8_0013611_edge.png,9.4757,9.350838,0.0039162971079349
1628,/tmp/DataSetCombined/Edges/Round-5_0073871_edge.png,9.45215,9.39967,0.0039162971079349
1629,/tmp/DataSetCombined/Edges/Round-9_0179579_edge.png,12.05322,12.33192,0.0039162971079349
1630,/tmp/DataSetCombined/Edges/Round-5_0110021_edge.png,19.63071,19.557432,0.0039162971079349
1631,/tmp/DataSetCombined/Edges/Round-9_0016348_edge.png,8.41941,8.727359,0.0039162971079349
1632,/tmp/DataSetCombined/Edges/Round-7_0132910_edge.png,15.19118,15.220854,0.0039162971079349
1633,/tmp/DataSetCombined/Edges/Round-2_0109367_edge.png,11.77737,12.135622,0.0039162971079349
1634,/tmp/DataSetCombined/Edges/Round-8_0037137_edge.png,30.29241,29.920036,0.0039162971079349
1635,/tmp/DataSetCombined/Edges/Round-3_0005934_edge.png,15.21588,15.267416,0.0039162971079349
1636,/tmp/DataSetCombined/Edges/Round-6_0044339_edge.png,18.45315,18.536535,0.0039162971079349
1637,/tmp/DataSetCombined/Edges/Round-10_0188457_edge.png,10.52506,10.585181,0.0039162971079349
1638,/tmp/DataSetCombined/Edges/Round-9_0085848_edge.png,28.35911,28.491179,0.0039162971079349
1639,/tmp/DataSetCombined/Edges/Round-1_0142557_edge.png,9.51553,9.46955,0.0039162971079349
1640,/tmp/DataSetCombined/Edges/Round-1_0102765_edge.png,30.31915,30.018171,0.0039162971079349
1641,/tmp/DataSetCombined/Edges/Round-8_0006556_edge.png,8.51325,8.624329,0.0039162971079349
1642,/tmp/DataSetCombined/Edges/Round-3_0041780_edge.png,18.65129,18.732119,0.0039162971079349
1643,/tmp/DataSetCombined/Edges/Round-9_0186351_edge.png,9.79284,9.920103,0.0039162971079349
1644,/tmp/DataSetCombined/Edges/Round-8_0043771_edge.png,7.50951,7.756576,0.0039162971079349
1645,/tmp/DataSetCombined/Edges/Round-2_0101060_edge.png,9.4005,9.296038,0.0039162971079349
1646,/tmp/DataSetCombined/Edges/Round-6_0082355_edge.png,30.29612,29.94649,0.0039162971079349
1647,/tmp/DataSetCombined/Edges/Round-8_0015658_edge.png,8.45651,8.54125,0.0039162971079349
1648,/tmp/DataSetCombined/Edges/Round-9_0178916_edge.png,14.99732,15.054204,0.0039162971079349
1649,/tmp/DataSetCombined/Edges/Round-10_0088465_edge.png,9.91566,10.032948,0.0039162971079349
1650,/tmp/DataSetCombined/Edges/Round-9_0186471_edge.png,15.13491,15.161443,0.0039162971079349
1651,/tmp/DataSetCombined/Edges/Round-9_0004308_edge.png,13.99659,14.009217,0.0039162971079349
1652,/tmp/DataSetCombined/Edges/Round-2_0075499_edge.png,11.40606,11.827295,0.0039162971079349
1653,/tmp/DataSetCombined/Edges/Round-5_0088499_edge.png,8.52038,8.583181,0.0039162971079349
1654,/tmp/DataSetCombined/Edges/Round-7_0034498_edge.png,14.58289,14.518628,0.0039162971079349
1655,/tmp/DataSetCombined/Edges/Round-6_0079585_edge.png,15.11381,15.473221,0.0039162971079349
1656,/tmp/DataSetCombined/Edges/Round-9_0017100_edge.png,15.25154,15.2951145,0.0039162971079349
1657,/tmp/DataSetCombined/Edges/Round-10_0026058_edge.png,14.78953,15.0299425,0.0039162971079349
1658,/tmp/DataSetCombined/Edges/Round-9_0047020_edge.png,12.52629,12.884312,0.0039162971079349
1659,/tmp/DataSetCombined/Edges/Round-9_0128860_edge.png,9.64554,9.511673,0.0039162971079349
1660,/tmp/DataSetCombined/Edges/Round-8_0042916_edge.png,13.98583,13.996763,0.0039162971079349
1661,/tmp/DataSetCombined/Edges/Round-10_0058486_edge.png,13.26879,13.787855,0.0039162971079349
1662,/tmp/DataSetCombined/Edges/Round-10_0103666_edge.png,20.30485,20.0148,0.0039162971079349
1663,/tmp/DataSetCombined/Edges/Round-6_0018303_edge.png,14.04113,14.0230255,0.0039162971079349
1664,/tmp/DataSetCombined/Edges/Round-10_0070737_edge.png,12.59966,13.031375,0.0035364553332328
1665,/tmp/DataSetCombined/Edges/Round-9_0116550_edge.png,10.922,11.313977,0.0035364553332328
1666,/tmp/DataSetCombined/Edges/Round-10_0139575_edge.png,12.34143,12.813298,0.0035364553332328
1667,/tmp/DataSetCombined/Edges/Round-9_0177832_edge.png,12.20735,12.745272,0.0035364553332328
1668,/tmp/DataSetCombined/Edges/Round-8_0006576_edge.png,11.67805,12.384159,0.0035364553332328
1669,/tmp/DataSetCombined/Edges/Round-6_0021885_edge.png,12.91665,13.212324,0.0035364553332328
1670,/tmp/DataSetCombined/Edges/Round-1_0010200_edge.png,8.26928,8.453882,0.0035364553332328
1671,/tmp/DataSetCombined/Edges/Round-5_0118840_edge.png,11.67556,12.366334,0.0035364553332328
1672,/tmp/DataSetCombined/Edges/Round-5_0107221_edge.png,12.31039,12.800566,0.0035364553332328
1673,/tmp/DataSetCombined/Edges/Round-1_0108423_edge.png,9.92173,10.191444,0.0035364553332328
1674,/tmp/DataSetCombined/Edges/Round-5_0039226_edge.png,8.52201,8.745727,0.0035364553332328
1675,/tmp/DataSetCombined/Edges/Round-2_0062923_edge.png,8.14608,8.256977,0.0035364553332328
1676,/tmp/DataSetCombined/Edges/Round-10_0029590_edge.png,17.09502,17.103975,0.0035364553332328
1677,/tmp/DataSetCombined/Edges/Round-9_0108933_edge.png,16.57944,16.920996,0.0035364553332328
1678,/tmp/DataSetCombined/Edges/Round-9_0174582_edge.png,15.2225,15.565115,0.0035364553332328
1679,/tmp/DataSetCombined/Edges/Round-4_0046478_edge.png,13.94118,14.041029,0.0035364553332328
1680,/tmp/DataSetCombined/Edges/Round-6_0073054_edge.png,12.7519,13.201202,0.0035364553332328
1681,/tmp/DataSetCombined/Edges/Round-5_0057076_edge.png,17.02843,17.384356,0.0035364553332328
1682,/tmp/DataSetCombined/Edges/Round-9_0054033_edge.png,22.87538,22.794027,0.0035364553332328
1683,/tmp/DataSetCombined/Edges/Round-7_0129131_edge.png,13.65108,13.778052,0.0035364553332328
1684,/tmp/DataSetCombined/Edges/Round-2_0102384_edge.png,16.03096,16.320875,0.0035364553332328
1685,/tmp/DataSetCombined/Edges/Round-9_0051625_edge.png,12.99318,13.303982,0.0035364553332328
1686,/tmp/DataSetCombined/Edges/Round-6_0129671_edge.png,25.57282,25.932158,0.0035364553332328
1687,/tmp/DataSetCombined/Edges/Round-5_0078235_edge.png,15.17069,15.221623,0.0035364553332328
1688,/tmp/DataSetCombined/Edges/Round-10_0062640_edge.png,10.68816,10.869339,0.0035364553332328
1689,/tmp/DataSetCombined/Edges/Round-10_0080669_edge.png,8.7662,8.870809,0.0035364553332328
1690,/tmp/DataSetCombined/Edges/Round-6_0046506_edge.png,7.80072,8.016574,0.0035364553332328
1691,/tmp/DataSetCombined/Edges/Round-4_0064838_edge.png,8.39337,8.427816,0.0035364553332328
1692,/tmp/DataSetCombined/Edges/Round-10_0000063_edge.png,9.74293,9.797987,0.0035364553332328
1693,/tmp/DataSetCombined/Edges/Round-1_0090694_edge.png,8.52701,8.744169,0.0035364553332328
1694,/tmp/DataSetCombined/Edges/Round-6_0041600_edge.png,14.0907,14.079702,0.0035364553332328
1695,/tmp/DataSetCombined/Edges/Round-5_0079049_edge.png,8.06673,8.240954,0.0035364553332328
1696,/tmp/DataSetCombined/Edges/Round-3_0056800_edge.png,12.91716,13.381262,0.0035364553332328
1697,/tmp/DataSetCombined/Edges/Round-8_0085959_edge.png,8.2402,8.569685,0.0035364553332328
1698,/tmp/DataSetCombined/Edges/Round-8_0037179_edge.png,13.86284,14.008652,0.0035364553332328
1699,/tmp/DataSetCombined/Edges/Round-8_0062090_edge.png,17.50035,17.766605,0.0035364553332328
1700,/tmp/DataSetCombined/Edges/Round-8_0014262_edge.png,9.71423,9.709761,0.0035364553332328
1701,/tmp/DataSetCombined/Edges/Round-5_0096867_edge.png,12.86151,13.318723,0.0035364553332328
1702,/tmp/DataSetCombined/Edges/Round-4_0030163_edge.png,6.49774,6.9017997,0.0035364553332328
1703,/tmp/DataSetCombined/Edges/Round-8_0013660_edge.png,12.62984,13.006603,0.0035364553332328
1704,/tmp/DataSetCombined/Edges/Round-1_0044734_edge.png,8.93806,8.949799,0.0035364553332328
1705,/tmp/DataSetCombined/Edges/Round-9_0040247_edge.png,7.60805,7.768849,0.0035364553332328
1706,/tmp/DataSetCombined/Edges/Round-10_0195109_edge.png,29.10186,29.286055,0.0035364553332328
1707,/tmp/DataSetCombined/Edges/Round-4_0000304_edge.png,12.95073,13.184095,0.0035364553332328
1708,/tmp/DataSetCombined/Edges/Round-4_0016257_edge.png,20.12585,20.020382,0.0035364553332328
1709,/tmp/DataSetCombined/Edges/Round-2_0054600_edge.png,18.32321,18.330118,0.0035364553332328
1710,/tmp/DataSetCombined/Edges/Round-9_0141532_edge.png,7.72066,7.8467097,0.0035364553332328
1711,/tmp/DataSetCombined/Edges/Round-1_0067834_edge.png,19.65859,19.569551,0.0035364553332328
1712,/tmp/DataSetCombined/Edges/Round-9_0047200_edge.png,12.047,12.554903,0.0035364553332328
1713,/tmp/DataSetCombined/Edges/Round-6_0116758_edge.png,9.569,9.554215,0.0035364553332328
1714,/tmp/DataSetCombined/Edges/Round-4_0037387_edge.png,9.43385,9.404551,0.0035364553332328
1715,/tmp/DataSetCombined/Edges/Round-8_0053162_edge.png,8.8027,8.855673,0.0035364553332328
1716,/tmp/DataSetCombined/Edges/Round-3_0016707_edge.png,16.04875,16.458185,0.0035364553332328
1717,/tmp/DataSetCombined/Edges/Round-10_0197296_edge.png,7.68549,7.941481,0.0035364553332328
1718,/tmp/DataSetCombined/Edges/Round-9_0005000_edge.png,14.03925,13.997299,0.0035364553332328
1719,/tmp/DataSetCombined/Edges/Round-4_0075975_edge.png,10.22598,10.542331,0.0035364553332328
1720,/tmp/DataSetCombined/Edges/Round-6_0130966_edge.png,25.45746,25.826338,0.0035364553332328
1721,/tmp/DataSetCombined/Edges/Round-1_0011800_edge.png,11.22627,11.83954,0.0035364553332328
1722,/tmp/DataSetCombined/Edges/Round-10_0054363_edge.png,14.50597,14.428877,0.0035364553332328
1723,/tmp/DataSetCombined/Edges/Round-9_0134398_edge.png,13.64156,13.756173,0.0035364553332328
1724,/tmp/DataSetCombined/Edges/Round-7_0071762_edge.png,18.28757,18.328232,0.0035364553332328
1725,/tmp/DataSetCombined/Edges/Round-7_0015987_edge.png,11.99382,12.413209,0.0035364553332328
1726,/tmp/DataSetCombined/Edges/Round-4_0002505_edge.png,19.63065,19.539392,0.0035364553332328
1727,/tmp/DataSetCombined/Edges/Round-6_0122929_edge.png,12.28795,12.762941,0.0035364553332328
1728,/tmp/DataSetCombined/Edges/Round-10_0056740_edge.png,12.73616,13.166388,0.0043149851262569
1729,/tmp/DataSetCombined/Edges/Round-10_0044731_edge.png,14.02887,13.999119,0.0043149851262569
1730,/tmp/DataSetCombined/Edges/Round-3_0081422_edge.png,23.10294,23.10552,0.0043149851262569
1731,/tmp/DataSetCombined/Edges/Round-1_0161340_edge.png,8.70445,8.831052,0.0043149851262569
1732,/tmp/DataSetCombined/Edges/Round-8_0076448_edge.png,18.93677,18.707071,0.0043149851262569
1733,/tmp/DataSetCombined/Edges/Round-6_0067305_edge.png,11.90738,12.436917,0.0043149851262569
1734,/tmp/DataSetCombined/Edges/Round-6_0095538_edge.png,11.61949,12.042913,0.0043149851262569
1735,/tmp/DataSetCombined/Edges/Round-9_0196645_edge.png,8.18493,8.29025,0.0043149851262569
1736,/tmp/DataSetCombined/Edges/Round-4_0069202_edge.png,15.23932,15.253847,0.0043149851262569
1737,/tmp/DataSetCombined/Edges/Round-9_0198360_edge.png,11.72759,11.907313,0.0043149851262569
1738,/tmp/DataSetCombined/Edges/Round-4_0031578_edge.png,7.56026,7.706495,0.0043149851262569
1739,/tmp/DataSetCombined/Edges/Round-1_0098038_edge.png,17.7004,17.908197,0.0043149851262569
1740,/tmp/DataSetCombined/Edges/Round-8_0023845_edge.png,14.55065,14.484194,0.0043149851262569
1741,/tmp/DataSetCombined/Edges/Round-7_0005031_edge.png,8.20987,8.416494,0.0043149851262569
1742,/tmp/DataSetCombined/Edges/Round-1_0026167_edge.png,9.13436,9.154405,0.0043149851262569
1743,/tmp/DataSetCombined/Edges/Round-8_0071240_edge.png,10.93074,11.202852,0.0043149851262569
1744,/tmp/DataSetCombined/Edges/Round-2_0111865_edge.png,8.58179,8.834381,0.0043149851262569
1745,/tmp/DataSetCombined/Edges/Round-8_0074172_edge.png,23.98521,23.793285,0.0043149851262569
1746,/tmp/DataSetCombined/Edges/Round-6_0009233_edge.png,8.02556,8.304336,0.0043149851262569
1747,/tmp/DataSetCombined/Edges/Round-7_0130245_edge.png,14.29367,14.348545,0.0043149851262569
1748,/tmp/DataSetCombined/Edges/Round-6_0047440_edge.png,20.1771,20.073015,0.0043149851262569
1749,/tmp/DataSetCombined/Edges/Round-7_0009395_edge.png,20.00456,19.889128,0.0043149851262569
1750,/tmp/DataSetCombined/Edges/Round-1_0079257_edge.png,11.88575,12.237503,0.0043149851262569
1751,/tmp/DataSetCombined/Edges/Round-8_0018776_edge.png,15.01027,15.24997,0.0043149851262569
1752,/tmp/DataSetCombined/Edges/Round-6_0021253_edge.png,13.35734,13.580065,0.0043149851262569
1753,/tmp/DataSetCombined/Edges/Round-4_0087864_edge.png,12.70646,13.004999,0.0043149851262569
1754,/tmp/DataSetCombined/Edges/Round-6_0052887_edge.png,12.54424,12.991337,0.0043149851262569
1755,/tmp/DataSetCombined/Edges/Round-9_0062852_edge.png,7.98132,8.154565,0.0043149851262569
1756,/tmp/DataSetCombined/Edges/Round-9_0074690_edge.png,12.2544,12.535099,0.0043149851262569
1757,/tmp/DataSetCombined/Edges/Round-6_0073897_edge.png,9.9143,10.158703,0.0043149851262569
1758,/tmp/DataSetCombined/Edges/Round-8_0022319_edge.png,21.27035,21.081047,0.0043149851262569
1759,/tmp/DataSetCombined/Edges/Round-4_0036407_edge.png,7.67074,7.7801995,0.0043149851262569
1760,/tmp/DataSetCombined/Edges/Round-8_0005940_edge.png,8.86075,8.954389,0.0043149851262569
1761,/tmp/DataSetCombined/Edges/Round-7_0110199_edge.png,12.23353,12.749134,0.0043149851262569
1762,/tmp/DataSetCombined/Edges/Round-6_0049125_edge.png,19.62122,19.527822,0.0043149851262569
1763,/tmp/DataSetCombined/Edges/Round-7_0067969_edge.png,20.26183,20.150532,0.0043149851262569
1764,/tmp/DataSetCombined/Edges/Round-10_0169253_edge.png,15.25152,15.2930565,0.0043149851262569
1765,/tmp/DataSetCombined/Edges/Round-2_0098622_edge.png,8.00111,8.13962,0.0043149851262569
1766,/tmp/DataSetCombined/Edges/Round-3_0006367_edge.png,8.63047,8.847891,0.0043149851262569
1767,/tmp/DataSetCombined/Edges/Round-9_0029442_edge.png,9.88232,10.133806,0.0043149851262569
1768,/tmp/DataSetCombined/Edges/Round-7_0060263_edge.png,13.23259,13.744188,0.0043149851262569
1769,/tmp/DataSetCombined/Edges/Round-1_0048167_edge.png,13.17071,13.65545,0.0043149851262569
1770,/tmp/DataSetCombined/Edges/Round-9_0130937_edge.png,11.32479,11.755098,0.0043149851262569
1771,/tmp/DataSetCombined/Edges/Round-8_0041623_edge.png,19.64901,19.541185,0.0043149851262569
1772,/tmp/DataSetCombined/Edges/Round-2_0082910_edge.png,30.32622,30.005299,0.0043149851262569
1773,/tmp/DataSetCombined/Edges/Round-6_0079014_edge.png,20.27351,20.162033,0.0043149851262569
1774,/tmp/DataSetCombined/Edges/Round-8_0011944_edge.png,11.99902,12.363435,0.0043149851262569
1775,/tmp/DataSetCombined/Edges/Round-6_0092318_edge.png,16.48575,16.921679,0.0043149851262569
1776,/tmp/DataSetCombined/Edges/Round-5_0116432_edge.png,30.20511,29.818642,0.0043149851262569
1777,/tmp/DataSetCombined/Edges/Round-9_0131238_edge.png,12.66921,13.07903,0.0043149851262569
1778,/tmp/DataSetCombined/Edges/Round-10_0014751_edge.png,15.88375,15.864943,0.0043149851262569
1779,/tmp/DataSetCombined/Edges/Round-8_0063415_edge.png,28.43825,28.585726,0.0043149851262569
1780,/tmp/DataSetCombined/Edges/Round-9_0110800_edge.png,12.99283,13.18736,0.0043149851262569
1781,/tmp/DataSetCombined/Edges/Round-6_0031998_edge.png,8.2741,8.3936615,0.0043149851262569
1782,/tmp/DataSetCombined/Edges/Round-1_0078896_edge.png,13.20173,13.696356,0.0043149851262569
1783,/tmp/DataSetCombined/Edges/Round-6_0027784_edge.png,13.3201,13.817367,0.0043149851262569
1784,/tmp/DataSetCombined/Edges/Round-7_0087534_edge.png,8.43966,8.720806,0.0043149851262569
1785,/tmp/DataSetCombined/Edges/Round-8_0026042_edge.png,14.6909,15.032551,0.0043149851262569
1786,/tmp/DataSetCombined/Edges/Round-6_0086719_edge.png,19.386,19.332409,0.0043149851262569
1787,/tmp/DataSetCombined/Edges/Round-5_0108636_edge.png,12.5685,12.988964,0.0043149851262569
1788,/tmp/DataSetCombined/Edges/Round-9_0080550_edge.png,12.28603,12.762647,0.0043149851262569
1789,/tmp/DataSetCombined/Edges/Round-2_0069567_edge.png,28.1474,28.26116,0.0043149851262569
1790,/tmp/DataSetCombined/Edges/Round-10_0090580_edge.png,10.22161,10.87981,0.0043149851262569
1791,/tmp/DataSetCombined/Edges/Round-9_0121425_edge.png,19.76144,19.412497,0.0043149851262569
1792,/tmp/DataSetCombined/Edges/Round-4_0090182_edge.png,12.91551,13.198685,0.0038397647440433
1793,/tmp/DataSetCombined/Edges/Round-5_0050062_edge.png,11.0302,11.442234,0.0038397647440433
1794,/tmp/DataSetCombined/Edges/Round-5_0030949_edge.png,13.86558,13.999082,0.0038397647440433
1795,/tmp/DataSetCombined/Edges/Round-3_0013095_edge.png,17.27787,17.566227,0.0038397647440433
1796,/tmp/DataSetCombined/Edges/Round-8_0066003_edge.png,11.09162,11.26749,0.0038397647440433
1797,/tmp/DataSetCombined/Edges/Round-5_0103369_edge.png,9.40529,9.315588,0.0038397647440433
1798,/tmp/DataSetCombined/Edges/Round-9_0028960_edge.png,14.22862,14.292055,0.0038397647440433
1799,/tmp/DataSetCombined/Edges/Round-9_0051233_edge.png,11.99634,12.581205,0.0038397647440433
1800,/tmp/DataSetCombined/Edges/Round-2_0073068_edge.png,12.56206,12.995953,0.0038397647440433
1801,/tmp/DataSetCombined/Edges/Round-7_0010779_edge.png,8.1572,8.415167,0.0038397647440433
1802,/tmp/DataSetCombined/Edges/Round-9_0044130_edge.png,19.15377,19.131437,0.0038397647440433
1803,/tmp/DataSetCombined/Edges/Round-7_0125700_edge.png,11.86199,12.349629,0.0038397647440433
1804,/tmp/DataSetCombined/Edges/Round-3_0040907_edge.png,17.2105,17.405222,0.0038397647440433
1805,/tmp/DataSetCombined/Edges/Round-8_0032545_edge.png,9.61928,9.528562,0.0038397647440433
1806,/tmp/DataSetCombined/Edges/Round-9_0029501_edge.png,14.61267,14.914543,0.0038397647440433
1807,/tmp/DataSetCombined/Edges/Round-9_0131906_edge.png,8.07014,8.334687,0.0038397647440433
1808,/tmp/DataSetCombined/Edges/Round-1_0017467_edge.png,13.28516,13.816063,0.0038397647440433
1809,/tmp/DataSetCombined/Edges/Round-5_0018991_edge.png,13.19928,13.67276,0.0038397647440433
1810,/tmp/DataSetCombined/Edges/Round-8_0042947_edge.png,26.46583,26.841673,0.0038397647440433
1811,/tmp/DataSetCombined/Edges/Round-9_0009876_edge.png,12.30048,12.769002,0.0038397647440433
1812,/tmp/DataSetCombined/Edges/Round-4_0018514_edge.png,8.47664,8.722312,0.0038397647440433
1813,/tmp/DataSetCombined/Edges/Round-7_0065381_edge.png,9.45951,9.422482,0.0038397647440433
1814,/tmp/DataSetCombined/Edges/Round-1_0049909_edge.png,8.54287,8.5204315,0.0038397647440433
1815,/tmp/DataSetCombined/Edges/Round-2_0092752_edge.png,8.06043,8.212234,0.0038397647440433
1816,/tmp/DataSetCombined/Edges/Round-10_0111251_edge.png,9.06247,9.113587,0.0038397647440433
1817,/tmp/DataSetCombined/Edges/Round-10_0145565_edge.png,12.41375,12.66192,0.0038397647440433
1818,/tmp/DataSetCombined/Edges/Round-8_0041213_edge.png,9.84396,10.086588,0.0038397647440433
1819,/tmp/DataSetCombined/Edges/Round-1_0154866_edge.png,7.36778,7.659452,0.0038397647440433
1820,/tmp/DataSetCombined/Edges/Round-5_0084402_edge.png,9.05292,8.9159,0.0038397647440433
1821,/tmp/DataSetCombined/Edges/Round-9_0194718_edge.png,12.74253,13.1995125,0.0038397647440433
1822,/tmp/DataSetCombined/Edges/Round-1_0037734_edge.png,28.72545,28.88844,0.0038397647440433
1823,/tmp/DataSetCombined/Edges/Round-5_0119923_edge.png,8.32882,8.472851,0.0038397647440433
1824,/tmp/DataSetCombined/Edges/Round-9_0090965_edge.png,29.74691,29.692106,0.0038397647440433
1825,/tmp/DataSetCombined/Edges/Round-5_0090817_edge.png,14.01612,14.011322,0.0038397647440433
1826,/tmp/DataSetCombined/Edges/Round-10_0006444_edge.png,12.95051,13.216009,0.0038397647440433
1827,/tmp/DataSetCombined/Edges/Round-6_0054121_edge.png,12.96181,13.368135,0.0038397647440433
1828,/tmp/DataSetCombined/Edges/Round-4_0068571_edge.png,17.16047,17.42478,0.0038397647440433
1829,/tmp/DataSetCombined/Edges/Round-6_0032179_edge.png,8.9274,9.023285,0.0038397647440433
1830,/tmp/DataSetCombined/Edges/Round-1_0096446_edge.png,15.60197,15.638325,0.0038397647440433
1831,/tmp/DataSetCombined/Edges/Round-8_0041050_edge.png,12.67362,13.113411,0.0038397647440433
1832,/tmp/DataSetCombined/Edges/Round-6_0129551_edge.png,9.53441,9.55784,0.0038397647440433
1833,/tmp/DataSetCombined/Edges/Round-5_0023966_edge.png,22.9284,22.862637,0.0038397647440433
1834,/tmp/DataSetCombined/Edges/Round-6_0082686_edge.png,18.09349,17.949043,0.0038397647440433
1835,/tmp/DataSetCombined/Edges/Round-9_0133044_edge.png,10.32228,10.598324,0.0038397647440433
1836,/tmp/DataSetCombined/Edges/Round-5_0003788_edge.png,8.19065,8.471457,0.0038397647440433
1837,/tmp/DataSetCombined/Edges/Round-6_0054031_edge.png,12.25627,12.591454,0.0038397647440433
1838,/tmp/DataSetCombined/Edges/Round-3_0088555_edge.png,15.23025,15.251597,0.0038397647440433
1839,/tmp/DataSetCombined/Edges/Round-1_0046634_edge.png,11.59355,12.037804,0.0038397647440433
1840,/tmp/DataSetCombined/Edges/Round-8_0056853_edge.png,12.97758,13.244118,0.0038397647440433
1841,/tmp/DataSetCombined/Edges/Round-2_0103022_edge.png,16.54418,16.943554,0.0038397647440433
1842,/tmp/DataSetCombined/Edges/Round-7_0067306_edge.png,18.78429,18.549397,0.0038397647440433
1843,/tmp/DataSetCombined/Edges/Round-8_0054595_edge.png,19.66178,19.546183,0.0038397647440433
1844,/tmp/DataSetCombined/Edges/Round-7_0102674_edge.png,13.08853,13.582796,0.0038397647440433
1845,/tmp/DataSetCombined/Edges/Round-10_0079556_edge.png,8.72159,8.747276,0.0038397647440433
1846,/tmp/DataSetCombined/Edges/Round-8_0070229_edge.png,9.88574,9.880072,0.0038397647440433
1847,/tmp/DataSetCombined/Edges/Round-9_0050932_edge.png,20.97559,20.75492,0.0038397647440433
1848,/tmp/DataSetCombined/Edges/Round-5_0006147_edge.png,17.97454,18.10748,0.0038397647440433
1849,/tmp/DataSetCombined/Edges/Round-10_0118475_edge.png,6.50354,6.901924,0.0038397647440433
1850,/tmp/DataSetCombined/Edges/Round-9_0002532_edge.png,14.58769,14.519638,0.0038397647440433
1851,/tmp/DataSetCombined/Edges/Round-7_0069270_edge.png,20.19638,20.08456,0.0038397647440433
1852,/tmp/DataSetCombined/Edges/Round-4_0050239_edge.png,16.4311,16.756786,0.0038397647440433
1853,/tmp/DataSetCombined/Edges/Round-8_0085929_edge.png,9.88779,10.1696205,0.0038397647440433
1854,/tmp/DataSetCombined/Edges/Round-1_0068900_edge.png,13.66675,13.7399025,0.0038397647440433
1855,/tmp/DataSetCombined/Edges/Round-10_0023932_edge.png,23.71547,23.519659,0.0038397647440433
1856,/tmp/DataSetCombined/Edges/Round-10_0055867_edge.png,13.62397,13.733351,0.0039439611136913
1857,/tmp/DataSetCombined/Edges/Round-7_0092590_edge.png,7.22428,7.5531373,0.0039439611136913
1858,/tmp/DataSetCombined/Edges/Round-6_0016587_edge.png,20.21063,20.092085,0.0039439611136913
1859,/tmp/DataSetCombined/Edges/Round-7_0088844_edge.png,17.58021,17.750559,0.0039439611136913
1860,/tmp/DataSetCombined/Edges/Round-7_0071129_edge.png,8.78595,8.869792,0.0039439611136913
1861,/tmp/DataSetCombined/Edges/Round-8_0033056_edge.png,11.18813,11.841247,0.0039439611136913
1862,/tmp/DataSetCombined/Edges/Round-1_0074603_edge.png,14.10184,14.232161,0.0039439611136913
1863,/tmp/DataSetCombined/Edges/Round-10_0151012_edge.png,8.63882,8.725744,0.0039439611136913
1864,/tmp/DataSetCombined/Edges/Round-3_0056890_edge.png,12.71927,13.164751,0.0039439611136913
1865,/tmp/DataSetCombined/Edges/Round-5_0082239_edge.png,7.39505,7.694778,0.0039439611136913
1866,/tmp/DataSetCombined/Edges/Round-5_0058069_edge.png,13.33291,13.418988,0.0039439611136913
1867,/tmp/DataSetCombined/Edges/Round-1_0104872_edge.png,30.25749,29.930246,0.0039439611136913
1868,/tmp/DataSetCombined/Edges/Round-6_0131447_edge.png,13.64679,13.740425,0.0039439611136913
1869,/tmp/DataSetCombined/Edges/Round-4_0083289_edge.png,20.28088,20.176039,0.0039439611136913
1870,/tmp/DataSetCombined/Edges/Round-10_0022758_edge.png,9.37264,9.27946,0.0039439611136913
1871,/tmp/DataSetCombined/Edges/Round-4_0057313_edge.png,13.26394,13.7826,0.0039439611136913
1872,/tmp/DataSetCombined/Edges/Round-7_0030314_edge.png,12.8894,13.364612,0.0039439611136913
1873,/tmp/DataSetCombined/Edges/Round-8_0043548_edge.png,18.4425,18.260687,0.0039439611136913
1874,/tmp/DataSetCombined/Edges/Round-10_0151494_edge.png,10.48654,11.21615,0.0039439611136913
1875,/tmp/DataSetCombined/Edges/Round-6_0042081_edge.png,14.68681,14.946172,0.0039439611136913
1876,/tmp/DataSetCombined/Edges/Round-7_0116098_edge.png,10.05065,10.18247,0.0039439611136913
1877,/tmp/DataSetCombined/Edges/Round-8_0083912_edge.png,10.03705,9.99516,0.0039439611136913
1878,/tmp/DataSetCombined/Edges/Round-4_0009785_edge.png,8.69285,8.75938,0.0039439611136913
1879,/tmp/DataSetCombined/Edges/Round-9_0145025_edge.png,15.19978,15.226559,0.0039439611136913
1880,/tmp/DataSetCombined/Edges/Round-9_0128830_edge.png,11.9909,12.476301,0.0039439611136913
1881,/tmp/DataSetCombined/Edges/Round-9_0058276_edge.png,20.24067,20.13862,0.0039439611136913
1882,/tmp/DataSetCombined/Edges/Round-9_0063785_edge.png,19.63368,19.567488,0.0039439611136913
1883,/tmp/DataSetCombined/Edges/Round-5_0094369_edge.png,10.01462,10.438812,0.0039439611136913
1884,/tmp/DataSetCombined/Edges/Round-2_0074034_edge.png,9.85081,10.077612,0.0039439611136913
1885,/tmp/DataSetCombined/Edges/Round-4_0039554_edge.png,9.2919,9.23011,0.0039439611136913
1886,/tmp/DataSetCombined/Edges/Round-7_0104991_edge.png,8.22343,8.308617,0.0039439611136913
1887,/tmp/DataSetCombined/Edges/Round-7_0121968_edge.png,15.28297,15.252056,0.0039439611136913
1888,/tmp/DataSetCombined/Edges/Round-10_0059148_edge.png,13.19963,13.277065,0.0039439611136913
1889,/tmp/DataSetCombined/Edges/Round-9_0105895_edge.png,13.63837,13.754635,0.0039439611136913
1890,/tmp/DataSetCombined/Edges/Round-4_0057132_edge.png,11.67531,12.091539,0.0039439611136913
1891,/tmp/DataSetCombined/Edges/Round-8_0050622_edge.png,8.30352,8.406504,0.0039439611136913
1892,/tmp/DataSetCombined/Edges/Round-9_0136054_edge.png,20.05358,19.938917,0.0039439611136913
1893,/tmp/DataSetCombined/Edges/Round-1_0136782_edge.png,14.45667,14.377642,0.0039439611136913
1894,/tmp/DataSetCombined/Edges/Round-10_0019327_edge.png,12.94091,13.023333,0.0039439611136913
1895,/tmp/DataSetCombined/Edges/Round-10_0146768_edge.png,9.97377,10.2757225,0.0039439611136913
1896,/tmp/DataSetCombined/Edges/Round-8_0038552_edge.png,23.65004,23.550764,0.0039439611136913
1897,/tmp/DataSetCombined/Edges/Round-8_0029355_edge.png,8.67803,8.814835,0.0039439611136913
1898,/tmp/DataSetCombined/Edges/Round-10_0181473_edge.png,13.77807,13.9812355,0.0039439611136913
1899,/tmp/DataSetCombined/Edges/Round-8_0020733_edge.png,9.43993,9.36483,0.0039439611136913
1900,/tmp/DataSetCombined/Edges/Round-4_0045514_edge.png,11.97233,12.357268,0.0039439611136913
1901,/tmp/DataSetCombined/Edges/Round-10_0040426_edge.png,13.35037,13.250996,0.0039439611136913
1902,/tmp/DataSetCombined/Edges/Round-6_0048432_edge.png,14.59307,14.5319805,0.0039439611136913
1903,/tmp/DataSetCombined/Edges/Round-10_0024564_edge.png,9.52018,9.514391,0.0039439611136913
1904,/tmp/DataSetCombined/Edges/Round-8_0011865_edge.png,18.82369,18.614965,0.0039439611136913
1905,/tmp/DataSetCombined/Edges/Round-7_0006686_edge.png,27.05284,27.413706,0.0039439611136913
1906,/tmp/DataSetCombined/Edges/Round-5_0073420_edge.png,20.22734,20.077925,0.0039439611136913
1907,/tmp/DataSetCombined/Edges/Round-3_0041419_edge.png,30.3175,30.061005,0.0039439611136913
1908,/tmp/DataSetCombined/Edges/Round-10_0132080_edge.png,13.29125,13.807184,0.0039439611136913
1909,/tmp/DataSetCombined/Edges/Round-1_0142681_edge.png,11.64865,12.347759,0.0039439611136913
1910,/tmp/DataSetCombined/Edges/Round-9_0167659_edge.png,13.10901,13.317413,0.0039439611136913
1911,/tmp/DataSetCombined/Edges/Round-8_0019138_edge.png,14.01903,13.993118,0.0039439611136913
1912,/tmp/DataSetCombined/Edges/Round-6_0108872_edge.png,18.47017,18.523071,0.0039439611136913
1913,/tmp/DataSetCombined/Edges/Round-5_0055179_edge.png,12.2092,12.49238,0.0039439611136913
1914,/tmp/DataSetCombined/Edges/Round-9_0038803_edge.png,11.1554,11.763062,0.0039439611136913
1915,/tmp/DataSetCombined/Edges/Round-7_0098189_edge.png,13.78839,13.851881,0.0039439611136913
1916,/tmp/DataSetCombined/Edges/Round-10_0024143_edge.png,15.01661,15.172272,0.0039439611136913
1917,/tmp/DataSetCombined/Edges/Round-10_0148304_edge.png,9.04361,9.0712385,0.0039439611136913
1918,/tmp/DataSetCombined/Edges/Round-6_0030914_edge.png,10.80981,11.209309,0.0039439611136913
1919,/tmp/DataSetCombined/Edges/Round-9_0118717_edge.png,8.97379,9.018159,0.0039439611136913
1920,/tmp/DataSetCombined/Edges/Round-4_0068389_edge.png,19.78476,19.456446,0.0034384280443191
1921,/tmp/DataSetCombined/Edges/Round-1_0089671_edge.png,13.53271,13.753743,0.0034384280443191
1922,/tmp/DataSetCombined/Edges/Round-3_0014540_edge.png,12.64795,12.994772,0.0034384280443191
1923,/tmp/DataSetCombined/Edges/Round-1_0120102_edge.png,14.51773,14.43787,0.0034384280443191
1924,/tmp/DataSetCombined/Edges/Round-6_0131567_edge.png,7.15822,7.5504947,0.0034384280443191
1925,/tmp/DataSetCombined/Edges/Round-6_0030824_edge.png,16.9353,17.258137,0.0034384280443191
1926,/tmp/DataSetCombined/Edges/Round-8_0053090_edge.png,11.7825,12.12908,0.0034384280443191
1927,/tmp/DataSetCombined/Edges/Round-1_0125551_edge.png,13.2922,13.8195,0.0034384280443191
1928,/tmp/DataSetCombined/Edges/Round-3_0012734_edge.png,9.00164,9.062498,0.0034384280443191
1929,/tmp/DataSetCombined/Edges/Round-3_0080940_edge.png,8.78449,8.816884,0.0034384280443191
1930,/tmp/DataSetCombined/Edges/Round-7_0127084_edge.png,9.18446,9.186072,0.0034384280443191
1931,/tmp/DataSetCombined/Edges/Round-10_0048373_edge.png,9.2254,9.23776,0.0034384280443191
1932,/tmp/DataSetCombined/Edges/Round-8_0040221_edge.png,13.57836,13.770523,0.0034384280443191
1933,/tmp/DataSetCombined/Edges/Round-10_0138972_edge.png,8.7931,8.881118,0.0034384280443191
1934,/tmp/DataSetCombined/Edges/Round-10_0128829_edge.png,13.34291,13.437254,0.0034384280443191
1935,/tmp/DataSetCombined/Edges/Round-8_0020884_edge.png,12.33597,12.79322,0.0034384280443191
1936,/tmp/DataSetCombined/Edges/Round-2_0034800_edge.png,14.98755,15.106355,0.0034384280443191
1937,/tmp/DataSetCombined/Edges/Round-10_0104659_edge.png,12.66786,13.099209,0.0034384280443191
1938,/tmp/DataSetCombined/Edges/Round-6_0079375_edge.png,8.9244,8.98806,0.0034384280443191
1939,/tmp/DataSetCombined/Edges/Round-10_0124977_edge.png,12.46836,12.928393,0.0034384280443191
1940,/tmp/DataSetCombined/Edges/Round-10_0127866_edge.png,13.63805,13.683201,0.0034384280443191
1941,/tmp/DataSetCombined/Edges/Round-6_0056018_edge.png,13.64328,13.735924,0.0034384280443191
1942,/tmp/DataSetCombined/Edges/Round-10_0117983_edge.png,13.21221,13.491996,0.0034384280443191
1943,/tmp/DataSetCombined/Edges/Round-10_0014631_edge.png,14.03765,13.997951,0.0034384280443191
1944,/tmp/DataSetCombined/Edges/Round-4_0084463_edge.png,13.05488,13.5624485,0.0034384280443191
1945,/tmp/DataSetCombined/Edges/Round-1_0140509_edge.png,13.76153,14.189011,0.0034384280443191
1946,/tmp/DataSetCombined/Edges/Round-5_0093075_edge.png,15.47222,15.791804,0.0034384280443191
1947,/tmp/DataSetCombined/Edges/Round-9_0144905_edge.png,14.41632,14.372222,0.0034384280443191
1948,/tmp/DataSetCombined/Edges/Round-7_0002652_edge.png,9.16871,9.111053,0.0034384280443191
1949,/tmp/DataSetCombined/Edges/Round-4_0024384_edge.png,12.36048,12.792339,0.0034384280443191
1950,/tmp/DataSetCombined/Edges/Round-8_0026542_edge.png,8.91133,9.002591,0.0034384280443191
1951,/tmp/DataSetCombined/Edges/Round-9_0160194_edge.png,20.07824,19.986067,0.0034384280443191
1952,/tmp/DataSetCombined/Edges/Round-8_0061970_edge.png,7.08859,7.493256,0.0034384280443191
1953,/tmp/DataSetCombined/Edges/Round-10_0018664_edge.png,12.89286,13.370066,0.0034384280443191
1954,/tmp/DataSetCombined/Edges/Round-2_0094769_edge.png,13.05773,13.553822,0.0034384280443191
1955,/tmp/DataSetCombined/Edges/Round-8_0040328_edge.png,12.40462,12.6437235,0.0034384280443191
1956,/tmp/DataSetCombined/Edges/Round-10_0055988_edge.png,14.0176,14.004925,0.0034384280443191
1957,/tmp/DataSetCombined/Edges/Round-9_0163174_edge.png,13.14763,13.621887,0.0034384280443191
1958,/tmp/DataSetCombined/Edges/Round-7_0066133_edge.png,8.43627,8.648842,0.0034384280443191
1959,/tmp/DataSetCombined/Edges/Round-8_0038745_edge.png,8.54524,8.811075,0.0034384280443191
1960,/tmp/DataSetCombined/Edges/Round-9_0133194_edge.png,12.23664,12.519891,0.0034384280443191
1961,/tmp/DataSetCombined/Edges/Round-9_0093373_edge.png,13.59579,13.716625,0.0034384280443191
1962,/tmp/DataSetCombined/Edges/Round-7_0114894_edge.png,16.35541,16.418097,0.0034384280443191
1963,/tmp/DataSetCombined/Edges/Round-9_0190203_edge.png,10.63241,10.932064,0.0034384280443191
1964,/tmp/DataSetCombined/Edges/Round-10_0170213_edge.png,9.36344,9.251648,0.0034384280443191
1965,/tmp/DataSetCombined/Edges/Round-2_0054167_edge.png,12.01478,12.524056,0.0034384280443191
1966,/tmp/DataSetCombined/Edges/Round-7_0098430_edge.png,8.65437,8.689165,0.0034384280443191
1967,/tmp/DataSetCombined/Edges/Round-8_0062722_edge.png,16.67071,17.027544,0.0034384280443191
1968,/tmp/DataSetCombined/Edges/Round-3_0027367_edge.png,9.23948,9.210802,0.0034384280443191
1969,/tmp/DataSetCombined/Edges/Round-9_0011712_edge.png,13.06378,13.313069,0.0034384280443191
1970,/tmp/DataSetCombined/Edges/Round-5_0106861_edge.png,14.00647,13.984642,0.0034384280443191
1971,/tmp/DataSetCombined/Edges/Round-10_0092469_edge.png,9.44054,9.353802,0.0034384280443191
1972,/tmp/DataSetCombined/Edges/Round-9_0058909_edge.png,9.11572,9.128201,0.0034384280443191
1973,/tmp/DataSetCombined/Edges/Round-5_0019902_edge.png,8.48684,8.716175,0.0034384280443191
1974,/tmp/DataSetCombined/Edges/Round-2_0103619_edge.png,8.13897,8.443506,0.0034384280443191
1975,/tmp/DataSetCombined/Edges/Round-4_0075132_edge.png,11.72357,12.105532,0.0034384280443191
1976,/tmp/DataSetCombined/Edges/Round-7_0087563_edge.png,14.56147,14.49635,0.0034384280443191
1977,/tmp/DataSetCombined/Edges/Round-8_0083641_edge.png,9.15415,9.088551,0.0034384280443191
1978,/tmp/DataSetCombined/Edges/Round-9_0087867_edge.png,18.19575,18.244318,0.0034384280443191
1979,/tmp/DataSetCombined/Edges/Round-3_0071940_edge.png,15.31933,15.307389,0.0034384280443191
1980,/tmp/DataSetCombined/Edges/Round-8_0009849_edge.png,13.08886,13.396621,0.0034384280443191
1981,/tmp/DataSetCombined/Edges/Round-10_0021313_edge.png,13.23655,13.747801,0.0034384280443191
1982,/tmp/DataSetCombined/Edges/Round-10_0136836_edge.png,10.07216,10.411644,0.0034384280443191
1983,/tmp/DataSetCombined/Edges/Round-1_0080550_edge.png,12.95747,13.025108,0.0034384280443191
1984,/tmp/DataSetCombined/Edges/Round-1_0050964_edge.png,7.98876,8.048139,0.00334282964468
1985,/tmp/DataSetCombined/Edges/Round-10_0188065_edge.png,19.05198,18.813437,0.00334282964468
1986,/tmp/DataSetCombined/Edges/Round-4_0072453_edge.png,8.50889,8.622268,0.00334282964468
1987,/tmp/DataSetCombined/Edges/Round-10_0042714_edge.png,18.00108,18.19464,0.00334282964468
1988,/tmp/DataSetCombined/Edges/Round-1_0008001_edge.png,12.96485,13.465164,0.00334282964468
1989,/tmp/DataSetCombined/Edges/Round-10_0189301_edge.png,19.66223,19.56675,0.00334282964468
1990,/tmp/DataSetCombined/Edges/Round-7_0021675_edge.png,16.13465,16.154228,0.00334282964468
1991,/tmp/DataSetCombined/Edges/Round-2_0036600_edge.png,6.22369,6.5443945,0.00334282964468
1992,/tmp/DataSetCombined/Edges/Round-1_0099423_edge.png,5.84473,6.433252,0.00334282964468
1993,/tmp/DataSetCombined/Edges/Round-1_0108302_edge.png,12.75882,13.059745,0.00334282964468
1994,/tmp/DataSetCombined/Edges/Round-10_0113568_edge.png,10.41077,11.069233,0.00334282964468
1995,/tmp/DataSetCombined/Edges/Round-4_0016558_edge.png,9.4524,9.428854,0.00334282964468
1996,/tmp/DataSetCombined/Edges/Round-10_0105592_edge.png,7.35288,7.5989356,0.00334282964468
1997,/tmp/DataSetCombined/Edges/Round-8_0049822_edge.png,14.45638,14.769757,0.00334282964468
1998,/tmp/DataSetCombined/Edges/Round-1_0064434_edge.png,23.94072,23.761023,0.00334282964468
1999,/tmp/DataSetCombined/Edges/Round-1_0036634_edge.png,7.8694,8.073239,0.00334282964468
2000,/tmp/DataSetCombined/Edges/Round-9_0118506_edge.png,18.1278,18.286577,0.00334282964468
2001,/tmp/DataSetCombined/Edges/Round-10_0073596_edge.png,10.77429,11.148821,0.00334282964468
2002,/tmp/DataSetCombined/Edges/Round-4_0056380_edge.png,9.1626,9.134033,0.00334282964468
2003,/tmp/DataSetCombined/Edges/Round-8_0038384_edge.png,14.03852,14.008645,0.00334282964468
2004,/tmp/DataSetCombined/Edges/Round-2_0067770_edge.png,25.63227,26.055428,0.00334282964468
2005,/tmp/DataSetCombined/Edges/Round-9_0123683_edge.png,13.04509,13.541694,0.00334282964468
2006,/tmp/DataSetCombined/Edges/Round-9_0101289_edge.png,18.30923,18.32789,0.00334282964468
2007,/tmp/DataSetCombined/Edges/Round-9_0056621_edge.png,19.45532,19.387003,0.00334282964468
2008,/tmp/DataSetCombined/Edges/Round-9_0113918_edge.png,9.32496,9.247364,0.00334282964468
2009,/tmp/DataSetCombined/Edges/Round-5_0025772_edge.png,8.6681,8.783837,0.00334282964468
2010,/tmp/DataSetCombined/Edges/Round-8_0010902_edge.png,13.24293,13.524499,0.00334282964468
2011,/tmp/DataSetCombined/Edges/Round-4_0043979_edge.png,9.45397,9.344355,0.00334282964468
2012,/tmp/DataSetCombined/Edges/Round-1_0053461_edge.png,14.10053,14.090509,0.00334282964468
2013,/tmp/DataSetCombined/Edges/Round-2_0051767_edge.png,11.93999,12.253611,0.00334282964468
2014,/tmp/DataSetCombined/Edges/Round-6_0051894_edge.png,13.23513,13.414314,0.00334282964468
2015,/tmp/DataSetCombined/Edges/Round-3_0056619_edge.png,18.3171,18.34112,0.00334282964468
2016,/tmp/DataSetCombined/Edges/Round-8_0017693_edge.png,16.50545,16.8827,0.00334282964468
2017,/tmp/DataSetCombined/Edges/Round-5_0040280_edge.png,20.40185,20.131432,0.00334282964468
2018,/tmp/DataSetCombined/Edges/Round-10_0003334_edge.png,14.5512,14.477178,0.00334282964468
2019,/tmp/DataSetCombined/Edges/Round-9_0072363_edge.png,20.17088,20.055931,0.00334282964468
2020,/tmp/DataSetCombined/Edges/Round-5_0069414_edge.png,15.21481,15.255547,0.00334282964468
2021,/tmp/DataSetCombined/Edges/Round-5_0013220_edge.png,13.59657,13.715633,0.00334282964468
2022,/tmp/DataSetCombined/Edges/Round-7_0016829_edge.png,7.5372,7.749659,0.00334282964468
2023,/tmp/DataSetCombined/Edges/Round-7_0119168_edge.png,9.80849,9.994959,0.00334282964468
2024,/tmp/DataSetCombined/Edges/Round-5_0089734_edge.png,8.40343,8.62817,0.00334282964468
2025,/tmp/DataSetCombined/Edges/Round-8_0035915_edge.png,11.63162,12.095429,0.00334282964468
2026,/tmp/DataSetCombined/Edges/Round-9_0010448_edge.png,20.23035,20.135134,0.00334282964468
2027,/tmp/DataSetCombined/Edges/Round-10_0128076_edge.png,30.29494,30.043322,0.00334282964468
2028,/tmp/DataSetCombined/Edges/Round-5_0107691_edge.png,30.18527,29.967562,0.00334282964468
2029,/tmp/DataSetCombined/Edges/Round-1_0042667_edge.png,9.3958,9.29023,0.00334282964468
2030,/tmp/DataSetCombined/Edges/Round-9_0021224_edge.png,9.82001,9.99071,0.00334282964468
2031,/tmp/DataSetCombined/Edges/Round-8_0067731_edge.png,10.34982,10.697794,0.00334282964468
2032,/tmp/DataSetCombined/Edges/Round-3_0071308_edge.png,16.70051,17.049185,0.00334282964468
2033,/tmp/DataSetCombined/Edges/Round-6_0037477_edge.png,13.29589,13.468805,0.00334282964468
2034,/tmp/DataSetCombined/Edges/Round-7_0083952_edge.png,11.18162,11.444691,0.00334282964468
2035,/tmp/DataSetCombined/Edges/Round-9_0051956_edge.png,13.29768,13.818899,0.00334282964468
2036,/tmp/DataSetCombined/Edges/Round-7_0107490_edge.png,14.86231,14.953058,0.00334282964468
2037,/tmp/DataSetCombined/Edges/Round-5_0011294_edge.png,7.90511,8.076001,0.00334282964468
2038,/tmp/DataSetCombined/Edges/Round-8_0012257_edge.png,12.38954,12.689676,0.00334282964468
2039,/tmp/DataSetCombined/Edges/Round-10_0009545_edge.png,9.50419,9.36955,0.00334282964468
2040,/tmp/DataSetCombined/Edges/Round-2_0097658_edge.png,7.44312,7.785137,0.00334282964468
2041,/tmp/DataSetCombined/Edges/Round-4_0064788_edge.png,14.52418,14.551558,0.00334282964468
2042,/tmp/DataSetCombined/Edges/Round-4_0023717_edge.png,12.96329,13.464081,0.00334282964468
2043,/tmp/DataSetCombined/Edges/Round-2_0107034_edge.png,8.70782,8.836516,0.00334282964468
2044,/tmp/DataSetCombined/Edges/Round-10_0151795_edge.png,15.04523,15.129688,0.00334282964468
2045,/tmp/DataSetCombined/Edges/Round-8_0016651_edge.png,15.24606,15.272,0.00334282964468
2046,/tmp/DataSetCombined/Edges/Round-7_0063062_edge.png,14.37205,14.371172,0.00334282964468
2047,/tmp/DataSetCombined/Edges/Round-8_0061759_edge.png,11.93617,12.322992,0.00334282964468
2048,/tmp/DataSetCombined/Edges/Round-9_0152347_edge.png,8.23464,8.366583,0.0037136413156986
2049,/tmp/DataSetCombined/Edges/Round-4_0084523_edge.png,12.46176,12.899681,0.0037136413156986
2050,/tmp/DataSetCombined/Edges/Round-3_0023967_edge.png,7.75293,7.883422,0.0037136413156986
2051,/tmp/DataSetCombined/Edges/Round-1_0151826_edge.png,14.53443,14.462539,0.0037136413156986
2052,/tmp/DataSetCombined/Edges/Round-9_0154506_edge.png,14.37989,14.144664,0.0037136413156986
2053,/tmp/DataSetCombined/Edges/Round-5_0015990_edge.png,14.68563,14.521755,0.0037136413156986
2054,/tmp/DataSetCombined/Edges/Round-1_0083952_edge.png,12.7528,13.08641,0.0037136413156986
2055,/tmp/DataSetCombined/Edges/Round-5_0002697_edge.png,15.22487,15.557782,0.0037136413156986
2056,/tmp/DataSetCombined/Edges/Round-10_0121692_edge.png,14.00189,13.99382,0.0037136413156986
2057,/tmp/DataSetCombined/Edges/Round-9_0178224_edge.png,15.24585,15.276905,0.0037136413156986
2058,/tmp/DataSetCombined/Edges/Round-9_0028600_edge.png,12.01358,12.298021,0.0037136413156986
2059,/tmp/DataSetCombined/Edges/Round-10_0072362_edge.png,13.60161,13.722902,0.0037136413156986
2060,/tmp/DataSetCombined/Edges/Round-3_0069231_edge.png,13.86307,13.886206,0.0037136413156986
2061,/tmp/DataSetCombined/Edges/Round-9_0191257_edge.png,15.23306,15.24003,0.0037136413156986
2062,/tmp/DataSetCombined/Edges/Round-4_0032872_edge.png,12.26235,12.737807,0.0037136413156986
2063,/tmp/DataSetCombined/Edges/Round-10_0013337_edge.png,11.61879,12.332678,0.0037136413156986
2064,/tmp/DataSetCombined/Edges/Round-1_0167749_edge.png,12.456,12.897769,0.0037136413156986
2065,/tmp/DataSetCombined/Edges/Round-3_0057883_edge.png,13.54913,13.67436,0.0037136413156986
2066,/tmp/DataSetCombined/Edges/Round-10_0039674_edge.png,8.72349,8.837442,0.0037136413156986
2067,/tmp/DataSetCombined/Edges/Round-2_0058367_edge.png,20.22793,20.127756,0.0037136413156986
2068,/tmp/DataSetCombined/Edges/Round-8_0066424_edge.png,15.18331,15.185477,0.0037136413156986
2069,/tmp/DataSetCombined/Edges/Round-6_0078532_edge.png,8.03039,8.303843,0.0037136413156986
2070,/tmp/DataSetCombined/Edges/Round-2_0067168_edge.png,19.64093,19.542948,0.0037136413156986
2071,/tmp/DataSetCombined/Edges/Round-8_0060266_edge.png,8.6039,8.697093,0.0037136413156986
2072,/tmp/DataSetCombined/Edges/Round-5_0045337_edge.png,8.46977,8.546702,0.0037136413156986
2073,/tmp/DataSetCombined/Edges/Round-1_0054301_edge.png,20.27246,20.171808,0.0037136413156986
2074,/tmp/DataSetCombined/Edges/Round-8_0074402_edge.png,8.33621,8.640144,0.0037136413156986
2075,/tmp/DataSetCombined/Edges/Round-1_0046334_edge.png,7.70179,7.9168854,0.0037136413156986
2076,/tmp/DataSetCombined/Edges/Round-4_0030675_edge.png,10.96027,11.249342,0.0037136413156986
2077,/tmp/DataSetCombined/Edges/Round-7_0029230_edge.png,8.60118,8.744297,0.0037136413156986
2078,/tmp/DataSetCombined/Edges/Round-9_0085126_edge.png,8.47327,8.5447445,0.0037136413156986
2079,/tmp/DataSetCombined/Edges/Round-2_0051667_edge.png,9.07163,9.037576,0.0037136413156986
2080,/tmp/DataSetCombined/Edges/Round-6_0067546_edge.png,9.05136,9.049636,0.0037136413156986
2081,/tmp/DataSetCombined/Edges/Round-8_0022087_edge.png,15.91778,16.199217,0.0037136413156986
2082,/tmp/DataSetCombined/Edges/Round-1_0020667_edge.png,13.31597,13.814116,0.0037136413156986
2083,/tmp/DataSetCombined/Edges/Round-9_0006325_edge.png,8.88212,8.96756,0.0037136413156986
2084,/tmp/DataSetCombined/Edges/Round-9_0183491_edge.png,16.97126,17.195208,0.0037136413156986
2085,/tmp/DataSetCombined/Edges/Round-8_0022268_edge.png,25.20336,25.426748,0.0037136413156986
2086,/tmp/DataSetCombined/Edges/Round-10_0005516_edge.png,16.10158,16.41395,0.0037136413156986
2087,/tmp/DataSetCombined/Edges/Round-5_0039829_edge.png,18.82495,18.849203,0.0037136413156986
2088,/tmp/DataSetCombined/Edges/Round-3_0063060_edge.png,10.18176,10.170164,0.0037136413156986
2089,/tmp/DataSetCombined/Edges/Round-10_0067155_edge.png,11.48258,11.9326935,0.0037136413156986
2090,/tmp/DataSetCombined/Edges/Round-1_0040334_edge.png,14.4773,14.40194,0.0037136413156986
2091,/tmp/DataSetCombined/Edges/Round-9_0039976_edge.png,19.62339,19.533833,0.0037136413156986
2092,/tmp/DataSetCombined/Edges/Round-3_0078351_edge.png,13.06567,13.56027,0.0037136413156986
2093,/tmp/DataSetCombined/Edges/Round-8_0010270_edge.png,12.34933,12.625473,0.0037136413156986
2094,/tmp/DataSetCombined/Edges/Round-8_0017753_edge.png,16.76021,16.963228,0.0037136413156986
2095,/tmp/DataSetCombined/Edges/Round-5_0074593_edge.png,12.69299,12.921781,0.0037136413156986
2096,/tmp/DataSetCombined/Edges/Round-9_0108031_edge.png,27.18259,27.455593,0.0037136413156986
2097,/tmp/DataSetCombined/Edges/Round-4_0044731_edge.png,17.64171,17.85055,0.0037136413156986
2098,/tmp/DataSetCombined/Edges/Round-4_0045016_edge.png,13.26279,13.763035,0.0037136413156986
2099,/tmp/DataSetCombined/Edges/Round-5_0008404_edge.png,12.62671,13.057674,0.0037136413156986
2100,/tmp/DataSetCombined/Edges/Round-8_0026283_edge.png,8.89609,8.924181,0.0037136413156986
2101,/tmp/DataSetCombined/Edges/Round-10_0052526_edge.png,14.02537,14.015397,0.0037136413156986
2102,/tmp/DataSetCombined/Edges/Round-2_0095131_edge.png,14.03625,14.00062,0.0037136413156986
2103,/tmp/DataSetCombined/Edges/Round-7_0091597_edge.png,10.40138,10.70524,0.0037136413156986
2104,/tmp/DataSetCombined/Edges/Round-2_0081465_edge.png,8.97859,9.020369,0.0037136413156986
2105,/tmp/DataSetCombined/Edges/Round-5_0001485_edge.png,15.91298,16.220497,0.0037136413156986
2106,/tmp/DataSetCombined/Edges/Round-4_0018876_edge.png,6.59069,6.995454,0.0037136413156986
2107,/tmp/DataSetCombined/Edges/Round-6_0112822_edge.png,18.30889,18.433382,0.0037136413156986
2108,/tmp/DataSetCombined/Edges/Round-2_0052734_edge.png,10.59286,11.076991,0.0037136413156986
2109,/tmp/DataSetCombined/Edges/Round-1_0113359_edge.png,9.17177,9.133118,0.0037136413156986
2110,/tmp/DataSetCombined/Edges/Round-7_0088015_edge.png,18.31694,18.344284,0.0037136413156986
2111,/tmp/DataSetCombined/Edges/Round-10_0144722_edge.png,17.93307,18.05004,0.0037136413156986
2112,/tmp/DataSetCombined/Edges/Round-8_0024658_edge.png,13.16076,13.537539,0.0040964409708976
2113,/tmp/DataSetCombined/Edges/Round-6_0132681_edge.png,18.14842,17.983408,0.0040964409708976
2114,/tmp/DataSetCombined/Edges/Round-2_0073850_edge.png,13.55523,13.690052,0.0040964409708976
2115,/tmp/DataSetCombined/Edges/Round-4_0009876_edge.png,12.89958,12.880458,0.0040964409708976
2116,/tmp/DataSetCombined/Edges/Round-1_0137831_edge.png,7.3555,7.6046996,0.0040964409708976
2117,/tmp/DataSetCombined/Edges/Round-3_0067966_edge.png,9.48056,9.404687,0.0040964409708976
2118,/tmp/DataSetCombined/Edges/Round-4_0048554_edge.png,18.39893,18.252356,0.0040964409708976
2119,/tmp/DataSetCombined/Edges/Round-2_0071713_edge.png,12.02652,12.324722,0.0040964409708976
2120,/tmp/DataSetCombined/Edges/Round-10_0036273_edge.png,20.16002,20.062395,0.0040964409708976
2121,/tmp/DataSetCombined/Edges/Round-5_0073058_edge.png,8.11639,8.370607,0.0040964409708976
2122,/tmp/DataSetCombined/Edges/Round-10_0009935_edge.png,9.21978,9.230309,0.0040964409708976
2123,/tmp/DataSetCombined/Edges/Round-9_0106226_edge.png,11.33209,11.879559,0.0040964409708976
2124,/tmp/DataSetCombined/Edges/Round-10_0049817_edge.png,30.28532,29.993622,0.0040964409708976
2125,/tmp/DataSetCombined/Edges/Round-3_0042292_edge.png,14.04255,14.031284,0.0040964409708976
2126,/tmp/DataSetCombined/Edges/Round-10_0035460_edge.png,16.63478,16.867146,0.0040964409708976
2127,/tmp/DataSetCombined/Edges/Round-5_0067310_edge.png,11.53834,11.792522,0.0040964409708976
2128,/tmp/DataSetCombined/Edges/Round-6_0002879_edge.png,18.77951,18.755049,0.0040964409708976
2129,/tmp/DataSetCombined/Edges/Round-3_0025285_edge.png,9.10174,9.096764,0.0040964409708976
2130,/tmp/DataSetCombined/Edges/Round-9_0076246_edge.png,11.02001,11.7031,0.0040964409708976
2131,/tmp/DataSetCombined/Edges/Round-8_0086772_edge.png,12.14253,12.426008,0.0040964409708976
2132,/tmp/DataSetCombined/Edges/Round-3_0006067_edge.png,15.19776,15.224334,0.0040964409708976
2133,/tmp/DataSetCombined/Edges/Round-8_0079849_edge.png,11.70912,12.197978,0.0040964409708976
2134,/tmp/DataSetCombined/Edges/Round-9_0023030_edge.png,13.22107,13.719808,0.0040964409708976
2135,/tmp/DataSetCombined/Edges/Round-10_0083679_edge.png,13.92483,14.093017,0.0040964409708976
2136,/tmp/DataSetCombined/Edges/Round-10_0184784_edge.png,8.52107,8.57693,0.0040964409708976
2137,/tmp/DataSetCombined/Edges/Round-8_0075304_edge.png,9.56857,9.624497,0.0040964409708976
2138,/tmp/DataSetCombined/Edges/Round-10_0015865_edge.png,8.12244,8.240909,0.0040964409708976
2139,/tmp/DataSetCombined/Edges/Round-7_0113449_edge.png,12.90333,13.178849,0.0040964409708976
2140,/tmp/DataSetCombined/Edges/Round-4_0026400_edge.png,8.17187,8.2792635,0.0040964409708976
2141,/tmp/DataSetCombined/Edges/Round-10_0077359_edge.png,9.70505,9.658436,0.0040964409708976
2142,/tmp/DataSetCombined/Edges/Round-9_0067366_edge.png,8.93456,9.022611,0.0040964409708976
2143,/tmp/DataSetCombined/Edges/Round-10_0115164_edge.png,14.55311,14.503608,0.0040964409708976
2144,/tmp/DataSetCombined/Edges/Round-9_0171753_edge.png,17.38821,17.571957,0.0040964409708976
2145,/tmp/DataSetCombined/Edges/Round-8_0080240_edge.png,17.05126,17.390112,0.0040964409708976
2146,/tmp/DataSetCombined/Edges/Round-4_0023150_edge.png,9.48637,9.463509,0.0040964409708976
2147,/tmp/DataSetCombined/Edges/Round-10_0007407_edge.png,8.91691,8.951749,0.0040964409708976
2148,/tmp/DataSetCombined/Edges/Round-8_0083220_edge.png,15.14643,15.162657,0.0040964409708976
2149,/tmp/DataSetCombined/Edges/Round-8_0012516_edge.png,11.78929,12.294015,0.0040964409708976
2150,/tmp/DataSetCombined/Edges/Round-5_0078868_edge.png,12.86381,13.335875,0.0040964409708976
2151,/tmp/DataSetCombined/Edges/Round-5_0079560_edge.png,8.15687,8.40543,0.0040964409708976
2152,/tmp/DataSetCombined/Edges/Round-8_0043428_edge.png,8.21512,8.536575,0.0040964409708976
2153,/tmp/DataSetCombined/Edges/Round-3_0076515_edge.png,11.5188,12.011169,0.0040964409708976
2154,/tmp/DataSetCombined/Edges/Round-5_0069868_edge.png,11.30686,11.536785,0.0040964409708976
2155,/tmp/DataSetCombined/Edges/Round-7_0079707_edge.png,12.64514,13.050847,0.0040964409708976
2156,/tmp/DataSetCombined/Edges/Round-6_0124133_edge.png,10.08516,10.185157,0.0040964409708976
2157,/tmp/DataSetCombined/Edges/Round-2_0085649_edge.png,8.48921,8.720687,0.0040964409708976
2158,/tmp/DataSetCombined/Edges/Round-8_0004209_edge.png,10.89486,11.53797,0.0040964409708976
2159,/tmp/DataSetCombined/Edges/Round-8_0005323_edge.png,9.97591,10.309801,0.0040964409708976
2160,/tmp/DataSetCombined/Edges/Round-4_0069804_edge.png,8.69678,8.8454075,0.0040964409708976
2161,/tmp/DataSetCombined/Edges/Round-5_0067219_edge.png,8.22449,8.5462,0.0040964409708976
2162,/tmp/DataSetCombined/Edges/Round-10_0105532_edge.png,17.02463,17.22681,0.0040964409708976
2163,/tmp/DataSetCombined/Edges/Round-8_0046781_edge.png,12.90141,13.36981,0.0040964409708976
2164,/tmp/DataSetCombined/Edges/Round-5_0112068_edge.png,13.66665,13.791171,0.0040964409708976
2165,/tmp/DataSetCombined/Edges/Round-9_0136626_edge.png,15.85327,15.871138,0.0040964409708976
2166,/tmp/DataSetCombined/Edges/Round-9_0006084_edge.png,27.81777,28.070545,0.0040964409708976
2167,/tmp/DataSetCombined/Edges/Round-8_0010981_edge.png,14.5554,14.490063,0.0040964409708976
2168,/tmp/DataSetCombined/Edges/Round-5_0104091_edge.png,15.93545,16.256441,0.0040964409708976
2169,/tmp/DataSetCombined/Edges/Round-5_0112279_edge.png,20.15922,20.084082,0.0040964409708976
2170,/tmp/DataSetCombined/Edges/Round-9_0144753_edge.png,9.3057,9.2441,0.0040964409708976
2171,/tmp/DataSetCombined/Edges/Round-1_0060734_edge.png,8.79845,8.859037,0.0040964409708976
2172,/tmp/DataSetCombined/Edges/Round-6_0106555_edge.png,7.91388,8.118172,0.0040964409708976
2173,/tmp/DataSetCombined/Edges/Round-6_0133103_edge.png,12.90451,13.170684,0.0040964409708976
2174,/tmp/DataSetCombined/Edges/Round-10_0093823_edge.png,16.95434,17.173756,0.0040964409708976
2175,/tmp/DataSetCombined/Edges/Round-6_0021553_edge.png,18.04367,17.909178,0.0040964409708976
2176,/tmp/DataSetCombined/Edges/Round-6_0006564_edge.png,9.20836,9.180347,0.0032704323530197
2177,/tmp/DataSetCombined/Edges/Round-9_0113509_edge.png,11.0172,11.184784,0.0032704323530197
2178,/tmp/DataSetCombined/Edges/Round-9_0177110_edge.png,8.54345,8.783716,0.0032704323530197
2179,/tmp/DataSetCombined/Edges/Round-9_0185809_edge.png,11.08861,11.497247,0.0032704323530197
2180,/tmp/DataSetCombined/Edges/Round-10_0015895_edge.png,16.37175,16.786905,0.0032704323530197
2181,/tmp/DataSetCombined/Edges/Round-6_0088345_edge.png,7.74685,7.877483,0.0032704323530197
2182,/tmp/DataSetCombined/Edges/Round-9_0077540_edge.png,14.58998,14.519123,0.0032704323530197
2183,/tmp/DataSetCombined/Edges/Round-10_0036062_edge.png,9.2495,9.211809,0.0032704323530197
2184,/tmp/DataSetCombined/Edges/Round-10_0175363_edge.png,11.84464,12.323221,0.0032704323530197
2185,/tmp/DataSetCombined/Edges/Round-5_0069356_edge.png,9.89285,10.076443,0.0032704323530197
2186,/tmp/DataSetCombined/Edges/Round-7_0018455_edge.png,10.01511,10.3991375,0.0032704323530197
2187,/tmp/DataSetCombined/Edges/Round-9_0052437_edge.png,12.73044,13.171069,0.0032704323530197
2188,/tmp/DataSetCombined/Edges/Round-9_0027124_edge.png,11.89586,12.363736,0.0032704323530197
2189,/tmp/DataSetCombined/Edges/Round-8_0081895_edge.png,11.55674,12.00045,0.0032704323530197
2190,/tmp/DataSetCombined/Edges/Round-10_0141110_edge.png,9.96618,10.316183,0.0032704323530197
2191,/tmp/DataSetCombined/Edges/Round-1_0031467_edge.png,8.81685,8.909681,0.0032704323530197
2192,/tmp/DataSetCombined/Edges/Round-4_0057162_edge.png,10.28646,10.336943,0.0032704323530197
2193,/tmp/DataSetCombined/Edges/Round-1_0146288_edge.png,9.24145,9.089116,0.0032704323530197
2194,/tmp/DataSetCombined/Edges/Round-10_0144631_edge.png,12.46894,12.7202425,0.0032704323530197
2195,/tmp/DataSetCombined/Edges/Round-8_0028781_edge.png,13.55559,13.769222,0.0032704323530197
2196,/tmp/DataSetCombined/Edges/Round-5_0058550_edge.png,14.01392,13.993353,0.0032704323530197
2197,/tmp/DataSetCombined/Edges/Round-4_0021735_edge.png,12.78898,13.146963,0.0032704323530197
2198,/tmp/DataSetCombined/Edges/Round-6_0069773_edge.png,6.78167,7.1465516,0.0032704323530197
2199,/tmp/DataSetCombined/Edges/Round-10_0167116_edge.png,9.74286,9.783772,0.0032704323530197
2200,/tmp/DataSetCombined/Edges/Round-4_0078533_edge.png,13.52578,13.7747755,0.0032704323530197
2201,/tmp/DataSetCombined/Edges/Round-9_0142044_edge.png,8.70401,8.831627,0.0032704323530197
2202,/tmp/DataSetCombined/Edges/Round-9_0065832_edge.png,12.43837,12.700039,0.0032704323530197
2203,/tmp/DataSetCombined/Edges/Round-1_0125279_edge.png,9.22467,9.195766,0.0032704323530197
2204,/tmp/DataSetCombined/Edges/Round-3_0079615_edge.png,7.61415,7.741445,0.0032704323530197
2205,/tmp/DataSetCombined/Edges/Round-8_0000849_edge.png,18.324,18.365898,0.0032704323530197
2206,/tmp/DataSetCombined/Edges/Round-1_0013434_edge.png,9.1879,9.211784,0.0032704323530197
2207,/tmp/DataSetCombined/Edges/Round-7_0047862_edge.png,10.06176,10.41971,0.0032704323530197
2208,/tmp/DataSetCombined/Edges/Round-10_0073807_edge.png,9.49578,9.462465,0.0032704323530197
2209,/tmp/DataSetCombined/Edges/Round-9_0044401_edge.png,8.96244,9.027757,0.0032704323530197
2210,/tmp/DataSetCombined/Edges/Round-9_0141472_edge.png,15.24124,15.232794,0.0032704323530197
2211,/tmp/DataSetCombined/Edges/Round-6_0128768_edge.png,14.02217,13.988548,0.0032704323530197
2212,/tmp/DataSetCombined/Edges/Round-1_0051956_edge.png,6.79841,7.1689653,0.0032704323530197
2213,/tmp/DataSetCombined/Edges/Round-8_0051585_edge.png,13.26036,13.75535,0.0032704323530197
2214,/tmp/DataSetCombined/Edges/Round-6_0101303_edge.png,8.07616,8.23196,0.0032704323530197
2215,/tmp/DataSetCombined/Edges/Round-6_0039252_edge.png,10.02087,10.415826,0.0032704323530197
2216,/tmp/DataSetCombined/Edges/Round-8_0048485_edge.png,19.66526,19.5522,0.0032704323530197
2217,/tmp/DataSetCombined/Edges/Round-4_0004067_edge.png,6.96328,7.370336,0.0032704323530197
2218,/tmp/DataSetCombined/Edges/Round-1_0063601_edge.png,12.625,13.050769,0.0032704323530197
2219,/tmp/DataSetCombined/Edges/Round-9_0135542_edge.png,11.22661,11.83884,0.0032704323530197
2220,/tmp/DataSetCombined/Edges/Round-9_0001304_edge.png,18.27918,18.3185,0.0032704323530197
2221,/tmp/DataSetCombined/Edges/Round-9_0010569_edge.png,8.41921,8.710467,0.0032704323530197
2222,/tmp/DataSetCombined/Edges/Round-9_0116339_edge.png,18.31975,18.329514,0.0032704323530197
2223,/tmp/DataSetCombined/Edges/Round-2_0111444_edge.png,9.38295,9.285674,0.0032704323530197
2224,/tmp/DataSetCombined/Edges/Round-2_0065605_edge.png,23.30216,23.24514,0.0032704323530197
2225,/tmp/DataSetCombined/Edges/Round-8_0046600_edge.png,16.10329,16.428019,0.0032704323530197
2226,/tmp/DataSetCombined/Edges/Round-3_0044670_edge.png,18.82977,18.847414,0.0032704323530197
2227,/tmp/DataSetCombined/Edges/Round-10_0018273_edge.png,7.91213,8.097988,0.0032704323530197
2228,/tmp/DataSetCombined/Edges/Round-5_0101834_edge.png,14.35745,14.619256,0.0032704323530197
2229,/tmp/DataSetCombined/Edges/Round-7_0094787_edge.png,15.31591,15.694162,0.0032704323530197
2230,/tmp/DataSetCombined/Edges/Round-8_0062313_edge.png,30.30301,30.020624,0.0032704323530197
2231,/tmp/DataSetCombined/Edges/Round-3_0075010_edge.png,9.3942,9.35581,0.0032704323530197
2232,/tmp/DataSetCombined/Edges/Round-8_0036927_edge.png,13.27712,13.499743,0.0032704323530197
2233,/tmp/DataSetCombined/Edges/Round-1_0063801_edge.png,8.69525,8.8374195,0.0032704323530197
2234,/tmp/DataSetCombined/Edges/Round-4_0007077_edge.png,30.22427,29.956858,0.0032704323530197
2235,/tmp/DataSetCombined/Edges/Round-2_0052600_edge.png,13.30638,13.472014,0.0032704323530197
2236,/tmp/DataSetCombined/Edges/Round-8_0028541_edge.png,15.79157,16.12071,0.0032704323530197
2237,/tmp/DataSetCombined/Edges/Round-9_0013910_edge.png,6.67017,7.165507,0.0032704323530197
2238,/tmp/DataSetCombined/Edges/Round-9_0135994_edge.png,8.97694,9.020115,0.0032704323530197
2239,/tmp/DataSetCombined/Edges/Round-10_0099723_edge.png,14.26678,14.327696,0.0032704323530197
2240,/tmp/DataSetCombined/Edges/Round-2_0075626_edge.png,12.92756,12.908739,0.0036689825356006
2241,/tmp/DataSetCombined/Edges/Round-7_0015445_edge.png,15.25182,15.260515,0.0036689825356006
2242,/tmp/DataSetCombined/Edges/Round-1_0059501_edge.png,17.57215,17.781473,0.0036689825356006
2243,/tmp/DataSetCombined/Edges/Round-9_0023964_edge.png,18.28278,18.33318,0.0036689825356006
2244,/tmp/DataSetCombined/Edges/Round-7_0065802_edge.png,12.20129,12.739674,0.0036689825356006
2245,/tmp/DataSetCombined/Edges/Round-2_0078726_edge.png,15.17462,15.200551,0.0036689825356006
2246,/tmp/DataSetCombined/Edges/Round-9_0170006_edge.png,10.11705,10.290829,0.0036689825356006
2247,/tmp/DataSetCombined/Edges/Round-6_0129310_edge.png,18.33894,18.349539,0.0036689825356006
2248,/tmp/DataSetCombined/Edges/Round-9_0151977_edge.png,12.89681,13.308384,0.0036689825356006
2249,/tmp/DataSetCombined/Edges/Round-2_0059400_edge.png,13.93134,14.0435295,0.0036689825356006
2250,/tmp/DataSetCombined/Edges/Round-5_0047203_edge.png,16.01462,16.30496,0.0036689825356006
2251,/tmp/DataSetCombined/Edges/Round-2_0056267_edge.png,19.23206,19.179739,0.0036689825356006
2252,/tmp/DataSetCombined/Edges/Round-5_0098974_edge.png,18.07573,17.924923,0.0036689825356006
2253,/tmp/DataSetCombined/Edges/Round-5_0074714_edge.png,20.27673,20.17322,0.0036689825356006
2254,/tmp/DataSetCombined/Edges/Round-1_0062901_edge.png,10.01939,10.40781,0.0036689825356006
2255,/tmp/DataSetCombined/Edges/Round-1_0149900_edge.png,11.10133,11.730564,0.0036689825356006
2256,/tmp/DataSetCombined/Edges/Round-7_0095570_edge.png,19.64889,19.570429,0.0036689825356006
2257,/tmp/DataSetCombined/Edges/Round-6_0001485_edge.png,13.35191,13.871102,0.0036689825356006
2258,/tmp/DataSetCombined/Edges/Round-5_0110352_edge.png,9.83282,9.728697,0.0036689825356006
2259,/tmp/DataSetCombined/Edges/Round-2_0060922_edge.png,19.59768,19.521769,0.0036689825356006
2260,/tmp/DataSetCombined/Edges/Round-5_0036157_edge.png,14.58184,14.509342,0.0036689825356006
2261,/tmp/DataSetCombined/Edges/Round-7_0001509_edge.png,8.07519,8.327459,0.0036689825356006
2262,/tmp/DataSetCombined/Edges/Round-9_0067577_edge.png,28.45479,28.567598,0.0036689825356006
2263,/tmp/DataSetCombined/Edges/Round-9_0040036_edge.png,8.08391,8.246279,0.0036689825356006
2264,/tmp/DataSetCombined/Edges/Round-6_0034978_edge.png,13.29955,13.545655,0.0036689825356006
2265,/tmp/DataSetCombined/Edges/Round-9_0065621_edge.png,6.216,6.5260587,0.0036689825356006
2266,/tmp/DataSetCombined/Edges/Round-10_0084251_edge.png,13.06478,13.278955,0.0036689825356006
2267,/tmp/DataSetCombined/Edges/Round-2_0108101_edge.png,14.95741,15.085046,0.0036689825356006
2268,/tmp/DataSetCombined/Edges/Round-8_0006135_edge.png,9.93334,10.210146,0.0036689825356006
2269,/tmp/DataSetCombined/Edges/Round-9_0157154_edge.png,11.88762,12.390865,0.0036689825356006
2270,/tmp/DataSetCombined/Edges/Round-2_0095792_edge.png,14.71018,15.071954,0.0036689825356006
2271,/tmp/DataSetCombined/Edges/Round-5_0008284_edge.png,12.8247,13.312897,0.0036689825356006
2272,/tmp/DataSetCombined/Edges/Round-3_0080458_edge.png,13.65086,14.123695,0.0036689825356006
2273,/tmp/DataSetCombined/Edges/Round-10_0045393_edge.png,15.20162,15.2418785,0.0036689825356006
2274,/tmp/DataSetCombined/Edges/Round-1_0166154_edge.png,18.29532,18.333202,0.0036689825356006
2275,/tmp/DataSetCombined/Edges/Round-8_0064919_edge.png,10.03165,10.458656,0.0036689825356006
2276,/tmp/DataSetCombined/Edges/Round-4_0025437_edge.png,13.17865,13.6462965,0.0036689825356006
2277,/tmp/DataSetCombined/Edges/Round-8_0033947_edge.png,18.31133,18.40246,0.0036689825356006
2278,/tmp/DataSetCombined/Edges/Round-9_0127747_edge.png,15.02926,14.994545,0.0036689825356006
2279,/tmp/DataSetCombined/Edges/Round-1_0110439_edge.png,7.56362,7.707848,0.0036689825356006
2280,/tmp/DataSetCombined/Edges/Round-2_0070117_edge.png,13.90691,13.920015,0.0036689825356006
2281,/tmp/DataSetCombined/Edges/Round-7_0127596_edge.png,9.17679,9.029659,0.0036689825356006
2282,/tmp/DataSetCombined/Edges/Round-10_0055837_edge.png,17.98475,18.066132,0.0036689825356006
2283,/tmp/DataSetCombined/Edges/Round-10_0157755_edge.png,17.33906,17.517033,0.0036689825356006
2284,/tmp/DataSetCombined/Edges/Round-7_0093132_edge.png,14.46689,14.400879,0.0036689825356006
2285,/tmp/DataSetCombined/Edges/Round-9_0055748_edge.png,9.09731,9.120062,0.0036689825356006
2286,/tmp/DataSetCombined/Edges/Round-3_0073656_edge.png,13.23917,13.412185,0.0036689825356006
2287,/tmp/DataSetCombined/Edges/Round-8_0041712_edge.png,9.30777,9.238232,0.0036689825356006
2288,/tmp/DataSetCombined/Edges/Round-10_0163805_edge.png,10.47097,10.937699,0.0036689825356006
2289,/tmp/DataSetCombined/Edges/Round-10_0169193_edge.png,13.00704,13.306133,0.0036689825356006
2290,/tmp/DataSetCombined/Edges/Round-2_0006400_edge.png,11.07996,11.585283,0.0036689825356006
2291,/tmp/DataSetCombined/Edges/Round-4_0020351_edge.png,9.59684,9.605212,0.0036689825356006
2292,/tmp/DataSetCombined/Edges/Round-9_0089370_edge.png,14.38554,14.392288,0.0036689825356006
2293,/tmp/DataSetCombined/Edges/Round-3_0015322_edge.png,8.84081,8.948078,0.0036689825356006
2294,/tmp/DataSetCombined/Edges/Round-8_0061789_edge.png,9.3807,9.311867,0.0036689825356006
2295,/tmp/DataSetCombined/Edges/Round-9_0004759_edge.png,18.79424,18.803251,0.0036689825356006
2296,/tmp/DataSetCombined/Edges/Round-6_0131718_edge.png,11.78882,12.144586,0.0036689825356006
2297,/tmp/DataSetCombined/Edges/Round-10_0030404_edge.png,8.78361,8.860953,0.0036689825356006
2298,/tmp/DataSetCombined/Edges/Round-6_0130996_edge.png,13.50631,13.604301,0.0036689825356006
2299,/tmp/DataSetCombined/Edges/Round-1_0041767_edge.png,12.0327,12.439427,0.0036689825356006
2300,/tmp/DataSetCombined/Edges/Round-3_0028928_edge.png,16.09081,16.40656,0.0036689825356006
2301,/tmp/DataSetCombined/Edges/Round-9_0157966_edge.png,14.03848,14.007374,0.0036689825356006
2302,/tmp/DataSetCombined/Edges/Round-2_0071592_edge.png,13.311,13.660217,0.0036689825356006
2303,/tmp/DataSetCombined/Edges/Round-10_0043888_edge.png,12.83981,13.317659,0.0036689825356006
2304,/tmp/DataSetCombined/Edges/Round-10_0155930_edge.png,13.24836,13.758022,0.003492321819067
2305,/tmp/DataSetCombined/Edges/Round-10_0175032_edge.png,9.51659,9.489367,0.003492321819067
2306,/tmp/DataSetCombined/Edges/Round-8_0002595_edge.png,8.21498,8.531203,0.003492321819067
2307,/tmp/DataSetCombined/Edges/Round-4_0085546_edge.png,13.66134,13.7634735,0.003492321819067
2308,/tmp/DataSetCombined/Edges/Round-9_0095119_edge.png,27.61632,27.782423,0.003492321819067
2309,/tmp/DataSetCombined/Edges/Round-9_0119379_edge.png,10.53482,10.624721,0.003492321819067
2310,/tmp/DataSetCombined/Edges/Round-9_0088015_edge.png,16.25523,16.684137,0.003492321819067
2311,/tmp/DataSetCombined/Edges/Round-7_0047230_edge.png,14.8803,15.247709,0.003492321819067
2312,/tmp/DataSetCombined/Edges/Round-9_0169465_edge.png,13.65376,13.772455,0.003492321819067
2313,/tmp/DataSetCombined/Edges/Round-10_0016467_edge.png,8.00899,8.278906,0.003492321819067
2314,/tmp/DataSetCombined/Edges/Round-8_0029552_edge.png,12.17472,12.418411,0.003492321819067
2315,/tmp/DataSetCombined/Edges/Round-1_0057014_edge.png,20.27524,20.191427,0.003492321819067
2316,/tmp/DataSetCombined/Edges/Round-4_0027635_edge.png,9.75673,9.859669,0.003492321819067
2317,/tmp/DataSetCombined/Edges/Round-7_0041842_edge.png,11.86308,12.473775,0.003492321819067
2318,/tmp/DataSetCombined/Edges/Round-2_0087214_edge.png,8.41707,8.472283,0.003492321819067
2319,/tmp/DataSetCombined/Edges/Round-6_0029199_edge.png,30.0777,29.926603,0.003492321819067
2320,/tmp/DataSetCombined/Edges/Round-5_0028210_edge.png,8.00359,8.282557,0.003492321819067
2321,/tmp/DataSetCombined/Edges/Round-6_0105893_edge.png,19.47452,19.389631,0.003492321819067
2322,/tmp/DataSetCombined/Edges/Round-3_0055566_edge.png,16.10919,16.413507,0.003492321819067
2323,/tmp/DataSetCombined/Edges/Round-7_0007740_edge.png,13.28498,13.80876,0.003492321819067
2324,/tmp/DataSetCombined/Edges/Round-10_0059720_edge.png,20.27813,20.189,0.003492321819067
2325,/tmp/DataSetCombined/Edges/Round-10_0022457_edge.png,14.58956,14.525364,0.003492321819067
2326,/tmp/DataSetCombined/Edges/Round-4_0015655_edge.png,11.55424,12.017428,0.003492321819067
2327,/tmp/DataSetCombined/Edges/Round-5_0093376_edge.png,22.25887,22.07566,0.003492321819067
2328,/tmp/DataSetCombined/Edges/Round-6_0090903_edge.png,12.42588,12.674775,0.003492321819067
2329,/tmp/DataSetCombined/Edges/Round-1_0007967_edge.png,11.45734,11.9859295,0.003492321819067
2330,/tmp/DataSetCombined/Edges/Round-9_0187825_edge.png,26.37072,26.702717,0.003492321819067
2331,/tmp/DataSetCombined/Edges/Round-1_0051083_edge.png,8.12346,8.249443,0.003492321819067
2332,/tmp/DataSetCombined/Edges/Round-4_0015083_edge.png,15.16602,15.201296,0.003492321819067
2333,/tmp/DataSetCombined/Edges/Round-7_0084885_edge.png,13.58114,13.626819,0.003492321819067
2334,/tmp/DataSetCombined/Edges/Round-7_0080822_edge.png,15.24901,15.290768,0.003492321819067
2335,/tmp/DataSetCombined/Edges/Round-1_0111915_edge.png,13.43855,13.63619,0.003492321819067
2336,/tmp/DataSetCombined/Edges/Round-7_0062852_edge.png,8.11286,8.350264,0.003492321819067
2337,/tmp/DataSetCombined/Edges/Round-5_0063397_edge.png,30.32779,30.074951,0.003492321819067
2338,/tmp/DataSetCombined/Edges/Round-9_0012135_edge.png,12.48401,12.750885,0.003492321819067
2339,/tmp/DataSetCombined/Edges/Round-10_0186560_edge.png,8.91891,9.010586,0.003492321819067
2340,/tmp/DataSetCombined/Edges/Round-9_0097226_edge.png,8.9464,9.042316,0.003492321819067
2341,/tmp/DataSetCombined/Edges/Round-9_0086751_edge.png,10.53844,10.634726,0.003492321819067
2342,/tmp/DataSetCombined/Edges/Round-8_0009686_edge.png,13.99035,14.064576,0.003492321819067
2343,/tmp/DataSetCombined/Edges/Round-2_0073789_edge.png,15.75281,16.071533,0.003492321819067
2344,/tmp/DataSetCombined/Edges/Round-6_0085786_edge.png,11.80922,12.42481,0.003492321819067
2345,/tmp/DataSetCombined/Edges/Round-10_0002940_edge.png,10.19034,10.490753,0.003492321819067
2346,/tmp/DataSetCombined/Edges/Round-9_0089641_edge.png,13.2228,13.201242,0.003492321819067
2347,/tmp/DataSetCombined/Edges/Round-10_0002152_edge.png,15.67798,15.995695,0.003492321819067
2348,/tmp/DataSetCombined/Edges/Round-10_0154143_edge.png,11.74969,12.105618,0.003492321819067
2349,/tmp/DataSetCombined/Edges/Round-1_0170967_edge.png,8.91829,8.958195,0.003492321819067
2350,/tmp/DataSetCombined/Edges/Round-9_0144603_edge.png,12.89493,13.171748,0.003492321819067
2351,/tmp/DataSetCombined/Edges/Round-1_0144902_edge.png,12.03492,12.559473,0.003492321819067
2352,/tmp/DataSetCombined/Edges/Round-10_0123381_edge.png,10.20724,10.552436,0.003492321819067
2353,/tmp/DataSetCombined/Edges/Round-1_0062401_edge.png,18.19404,18.251337,0.003492321819067
2354,/tmp/DataSetCombined/Edges/Round-8_0028077_edge.png,11.27881,11.502113,0.003492321819067
2355,/tmp/DataSetCombined/Edges/Round-9_0127175_edge.png,20.27164,20.172216,0.003492321819067
2356,/tmp/DataSetCombined/Edges/Round-2_0099314_edge.png,9.21294,9.195073,0.003492321819067
2357,/tmp/DataSetCombined/Edges/Round-10_0070255_edge.png,24.53121,24.447874,0.003492321819067
2358,/tmp/DataSetCombined/Edges/Round-9_0053581_edge.png,8.12631,8.387237,0.003492321819067
2359,/tmp/DataSetCombined/Edges/Round-8_0008543_edge.png,20.23603,20.08624,0.003492321819067
2360,/tmp/DataSetCombined/Edges/Round-8_0065190_edge.png,9.71717,9.673595,0.003492321819067
2361,/tmp/DataSetCombined/Edges/Round-10_0167237_edge.png,9.77691,9.639645,0.003492321819067
2362,/tmp/DataSetCombined/Edges/Round-1_0109296_edge.png,12.70489,13.149503,0.003492321819067
2363,/tmp/DataSetCombined/Edges/Round-6_0065378_edge.png,15.22705,15.268351,0.003492321819067
2364,/tmp/DataSetCombined/Edges/Round-7_0059330_edge.png,10.67234,10.796099,0.003492321819067
2365,/tmp/DataSetCombined/Edges/Round-10_0174279_edge.png,14.12779,14.209509,0.003492321819067
2366,/tmp/DataSetCombined/Edges/Round-8_0076658_edge.png,14.94285,15.008805,0.003492321819067
2367,/tmp/DataSetCombined/Edges/Round-8_0013178_edge.png,8.92496,8.983316,0.003492321819067
2368,/tmp/DataSetCombined/Edges/Round-9_0157756_edge.png,13.52304,13.644482,0.0038416273891925
2369,/tmp/DataSetCombined/Edges/Round-1_0060801_edge.png,8.38957,8.628874,0.0038416273891925
2370,/tmp/DataSetCombined/Edges/Round-10_0125217_edge.png,13.50609,13.592846,0.0038416273891925
2371,/tmp/DataSetCombined/Edges/Round-7_0079462_edge.png,14.03656,14.009053,0.0038416273891925
2372,/tmp/DataSetCombined/Edges/Round-9_0124075_edge.png,8.20433,8.471324,0.0038416273891925
2373,/tmp/DataSetCombined/Edges/Round-1_0091477_edge.png,12.88571,13.369143,0.0038416273891925
2374,/tmp/DataSetCombined/Edges/Round-6_0002940_edge.png,12.86233,13.321623,0.0038416273891925
2375,/tmp/DataSetCombined/Edges/Round-1_0093222_edge.png,15.18807,15.190984,0.0038416273891925
2376,/tmp/DataSetCombined/Edges/Round-5_0088379_edge.png,19.66493,19.556044,0.0038416273891925
2377,/tmp/DataSetCombined/Edges/Round-9_0156522_edge.png,17.23652,17.543526,0.0038416273891925
2378,/tmp/DataSetCombined/Edges/Round-1_0094065_edge.png,9.48241,9.474052,0.0038416273891925
2379,/tmp/DataSetCombined/Edges/Round-9_0103968_edge.png,13.62368,13.726228,0.0038416273891925
2380,/tmp/DataSetCombined/Edges/Round-9_0012194_edge.png,8.50356,8.75911,0.0038416273891925
2381,/tmp/DataSetCombined/Edges/Round-9_0141082_edge.png,11.2601,11.5016575,0.0038416273891925
2382,/tmp/DataSetCombined/Edges/Round-4_0088037_edge.png,11.26119,11.695072,0.0038416273891925
2383,/tmp/DataSetCombined/Edges/Round-9_0161729_edge.png,30.21132,30.086046,0.0038416273891925
2384,/tmp/DataSetCombined/Edges/Round-9_0083891_edge.png,18.34464,18.371563,0.0038416273891925
2385,/tmp/DataSetCombined/Edges/Round-7_0053731_edge.png,12.95194,13.43474,0.0038416273891925
2386,/tmp/DataSetCombined/Edges/Round-2_0072977_edge.png,13.09113,13.573843,0.0038416273891925
2387,/tmp/DataSetCombined/Edges/Round-7_0031789_edge.png,8.36943,8.634206,0.0038416273891925
2388,/tmp/DataSetCombined/Edges/Round-3_0033864_edge.png,19.66258,19.566435,0.0038416273891925
2389,/tmp/DataSetCombined/Edges/Round-9_0171722_edge.png,12.56572,12.926654,0.0038416273891925
2390,/tmp/DataSetCombined/Edges/Round-3_0060442_edge.png,9.2916,9.09258,0.0038416273891925
2391,/tmp/DataSetCombined/Edges/Round-3_0018242_edge.png,19.65903,19.557487,0.0038416273891925
2392,/tmp/DataSetCombined/Edges/Round-5_0118991_edge.png,19.66632,19.561281,0.0038416273891925
2393,/tmp/DataSetCombined/Edges/Round-4_0021374_edge.png,8.78424,8.877146,0.0038416273891925
2394,/tmp/DataSetCombined/Edges/Round-4_0063544_edge.png,30.27317,29.983236,0.0038416273891925
2395,/tmp/DataSetCombined/Edges/Round-4_0016528_edge.png,19.18764,19.098928,0.0038416273891925
2396,/tmp/DataSetCombined/Edges/Round-10_0166032_edge.png,30.15026,29.953297,0.0038416273891925
2397,/tmp/DataSetCombined/Edges/Round-10_0104569_edge.png,16.62414,16.696741,0.0038416273891925
2398,/tmp/DataSetCombined/Edges/Round-1_0034318_edge.png,9.35515,9.281825,0.0038416273891925
2399,/tmp/DataSetCombined/Edges/Round-2_0086973_edge.png,14.57736,14.520634,0.0038416273891925
2400,/tmp/DataSetCombined/Edges/Round-3_0044609_edge.png,18.15268,17.994967,0.0038416273891925
2401,/tmp/DataSetCombined/Edges/Round-5_0038830_edge.png,8.07062,8.333746,0.0038416273891925
2402,/tmp/DataSetCombined/Edges/Round-3_0072209_edge.png,8.56096,8.808069,0.0038416273891925
2403,/tmp/DataSetCombined/Edges/Round-6_0012915_edge.png,12.78123,13.137457,0.0038416273891925
2404,/tmp/DataSetCombined/Edges/Round-9_0084042_edge.png,14.55916,14.494654,0.0038416273891925
2405,/tmp/DataSetCombined/Edges/Round-9_0008702_edge.png,12.14665,12.366057,0.0038416273891925
2406,/tmp/DataSetCombined/Edges/Round-1_0013267_edge.png,8.88165,8.898373,0.0038416273891925
2407,/tmp/DataSetCombined/Edges/Round-9_0051459_edge.png,15.58264,15.923167,0.0038416273891925
2408,/tmp/DataSetCombined/Edges/Round-8_0036517_edge.png,16.05544,16.338163,0.0038416273891925
2409,/tmp/DataSetCombined/Edges/Round-9_0127686_edge.png,14.08431,14.19483,0.0038416273891925
2410,/tmp/DataSetCombined/Edges/Round-9_0002091_edge.png,27.12193,27.414093,0.0038416273891925
2411,/tmp/DataSetCombined/Edges/Round-5_0031100_edge.png,8.09327,8.2284355,0.0038416273891925
2412,/tmp/DataSetCombined/Edges/Round-1_0072300_edge.png,11.9628,12.440429,0.0038416273891925
2413,/tmp/DataSetCombined/Edges/Round-5_0106349_edge.png,8.03484,8.240828,0.0038416273891925
2414,/tmp/DataSetCombined/Edges/Round-8_0019210_edge.png,14.59342,14.533868,0.0038416273891925
2415,/tmp/DataSetCombined/Edges/Round-9_0171572_edge.png,10.51306,10.557001,0.0038416273891925
2416,/tmp/DataSetCombined/Edges/Round-8_0066094_edge.png,7.42054,7.6845784,0.0038416273891925
2417,/tmp/DataSetCombined/Edges/Round-7_0101078_edge.png,17.26364,17.448313,0.0038416273891925
2418,/tmp/DataSetCombined/Edges/Round-2_0083475_edge.png,12.39843,12.835133,0.0038416273891925
2419,/tmp/DataSetCombined/Edges/Round-10_0150140_edge.png,14.17349,14.257456,0.0038416273891925
2420,/tmp/DataSetCombined/Edges/Round-5_0094700_edge.png,8.07502,8.243665,0.0038416273891925
2421,/tmp/DataSetCombined/Edges/Round-8_0079367_edge.png,14.01479,14.134904,0.0038416273891925
2422,/tmp/DataSetCombined/Edges/Round-6_0136173_edge.png,10.02679,10.399537,0.0038416273891925
2423,/tmp/DataSetCombined/Edges/Round-2_0095492_edge.png,23.52129,23.517227,0.0038416273891925
2424,/tmp/DataSetCombined/Edges/Round-8_0029624_edge.png,8.72337,8.7537155,0.0038416273891925
2425,/tmp/DataSetCombined/Edges/Round-10_0046446_edge.png,8.06752,8.2606735,0.0038416273891925
2426,/tmp/DataSetCombined/Edges/Round-5_0091690_edge.png,9.61564,9.599218,0.0038416273891925
2427,/tmp/DataSetCombined/Edges/Round-6_0121665_edge.png,8.32025,8.571603,0.0038416273891925
2428,/tmp/DataSetCombined/Edges/Round-9_0032391_edge.png,22.24993,22.129187,0.0038416273891925
2429,/tmp/DataSetCombined/Edges/Round-1_0153873_edge.png,19.5938,19.490013,0.0038416273891925
2430,/tmp/DataSetCombined/Edges/Round-8_0068290_edge.png,15.21702,15.541615,0.0038416273891925
2431,/tmp/DataSetCombined/Edges/Round-7_0018966_edge.png,13.88767,14.000624,0.0038416273891925
2432,/tmp/DataSetCombined/Edges/Round-4_0040788_edge.png,17.03402,17.295164,0.0032837092876434
2433,/tmp/DataSetCombined/Edges/Round-1_0067100_edge.png,18.10342,18.151814,0.0032837092876434
2434,/tmp/DataSetCombined/Edges/Round-5_0084346_edge.png,13.74971,13.7934265,0.0032837092876434
2435,/tmp/DataSetCombined/Edges/Round-10_0009484_edge.png,30.32143,30.067677,0.0032837092876434
2436,/tmp/DataSetCombined/Edges/Round-1_0058867_edge.png,9.05354,8.996494,0.0032837092876434
2437,/tmp/DataSetCombined/Edges/Round-6_0101709_edge.png,18.01088,18.209816,0.0032837092876434
2438,/tmp/DataSetCombined/Edges/Round-4_0023391_edge.png,12.63152,13.05011,0.0032837092876434
2439,/tmp/DataSetCombined/Edges/Round-4_0059842_edge.png,9.23924,9.21303,0.0032837092876434
2440,/tmp/DataSetCombined/Edges/Round-1_0152429_edge.png,25.42625,25.786646,0.0032837092876434
2441,/tmp/DataSetCombined/Edges/Round-10_0076576_edge.png,12.60266,13.040832,0.0032837092876434
2442,/tmp/DataSetCombined/Edges/Round-10_0115706_edge.png,8.70785,8.806198,0.0032837092876434
2443,/tmp/DataSetCombined/Edges/Round-5_0061741_edge.png,13.2498,13.75861,0.0032837092876434
2444,/tmp/DataSetCombined/Edges/Round-2_0038200_edge.png,12.76359,13.219089,0.0032837092876434
2445,/tmp/DataSetCombined/Edges/Round-6_0069893_edge.png,13.68192,13.907042,0.0032837092876434
2446,/tmp/DataSetCombined/Edges/Round-7_0007589_edge.png,9.56876,9.398179,0.0032837092876434
2447,/tmp/DataSetCombined/Edges/Round-8_0032454_edge.png,13.36585,13.698748,0.0032837092876434
2448,/tmp/DataSetCombined/Edges/Round-6_0025948_edge.png,13.64185,13.7376175,0.0032837092876434
2449,/tmp/DataSetCombined/Edges/Round-10_0102763_edge.png,15.24938,15.281151,0.0032837092876434
2450,/tmp/DataSetCombined/Edges/Round-6_0025436_edge.png,13.6097,13.737892,0.0032837092876434
2451,/tmp/DataSetCombined/Edges/Round-5_0109178_edge.png,13.651,13.731674,0.0032837092876434
2452,/tmp/DataSetCombined/Edges/Round-5_0009880_edge.png,13.2872,13.806599,0.0032837092876434
2453,/tmp/DataSetCombined/Edges/Round-9_0130636_edge.png,13.04698,13.319799,0.0032837092876434
2454,/tmp/DataSetCombined/Edges/Round-4_0091596_edge.png,15.46969,15.779606,0.0032837092876434
2455,/tmp/DataSetCombined/Edges/Round-6_0099331_edge.png,14.03899,14.00038,0.0032837092876434
2456,/tmp/DataSetCombined/Edges/Round-2_0094980_edge.png,9.05168,9.077523,0.0032837092876434
2457,/tmp/DataSetCombined/Edges/Round-3_0002834_edge.png,8.53808,8.644237,0.0032837092876434
2458,/tmp/DataSetCombined/Edges/Round-10_0047590_edge.png,18.30143,18.340145,0.0032837092876434
2459,/tmp/DataSetCombined/Edges/Round-2_0070479_edge.png,13.02262,13.520296,0.0032837092876434
2460,/tmp/DataSetCombined/Edges/Round-10_0006624_edge.png,10.6555,10.809652,0.0032837092876434
2461,/tmp/DataSetCombined/Edges/Round-1_0167057_edge.png,12.43506,12.808825,0.0032837092876434
2462,/tmp/DataSetCombined/Edges/Round-2_0053781_edge.png,20.23323,20.114313,0.0032837092876434
2463,/tmp/DataSetCombined/Edges/Round-3_0011741_edge.png,13.2486,13.754875,0.0032837092876434
2464,/tmp/DataSetCombined/Edges/Round-9_0069293_edge.png,18.30658,18.333496,0.0032837092876434
2465,/tmp/DataSetCombined/Edges/Round-5_0033538_edge.png,10.46187,10.568968,0.0032837092876434
2466,/tmp/DataSetCombined/Edges/Round-7_0021555_edge.png,11.56553,11.862915,0.0032837092876434
2467,/tmp/DataSetCombined/Edges/Round-10_0129912_edge.png,25.63317,25.99621,0.0032837092876434
2468,/tmp/DataSetCombined/Edges/Round-9_0197427_edge.png,9.32133,9.2764015,0.0032837092876434
2469,/tmp/DataSetCombined/Edges/Round-10_0082957_edge.png,19.00116,18.98903,0.0032837092876434
2470,/tmp/DataSetCombined/Edges/Round-8_0016140_edge.png,12.27895,12.777087,0.0032837092876434
2471,/tmp/DataSetCombined/Edges/Round-3_0029379_edge.png,27.32161,27.676104,0.0032837092876434
2472,/tmp/DataSetCombined/Edges/Round-2_0001600_edge.png,14.04005,14.012959,0.0032837092876434
2473,/tmp/DataSetCombined/Edges/Round-9_0059026_edge.png,8.52055,8.754007,0.0032837092876434
2474,/tmp/DataSetCombined/Edges/Round-9_0137709_edge.png,11.53628,11.83963,0.0032837092876434
2475,/tmp/DataSetCombined/Edges/Round-9_0048945_edge.png,8.27529,8.615242,0.0032837092876434
2476,/tmp/DataSetCombined/Edges/Round-7_0024083_edge.png,13.54559,13.393645,0.0032837092876434
2477,/tmp/DataSetCombined/Edges/Round-10_0093914_edge.png,8.47508,8.72124,0.0032837092876434
2478,/tmp/DataSetCombined/Edges/Round-1_0162482_edge.png,12.73407,13.17154,0.0032837092876434
2479,/tmp/DataSetCombined/Edges/Round-7_0095321_edge.png,8.53637,8.609739,0.0032837092876434
2480,/tmp/DataSetCombined/Edges/Round-10_0106766_edge.png,14.01428,14.00031,0.0032837092876434
2481,/tmp/DataSetCombined/Edges/Round-4_0007588_edge.png,14.00491,14.001667,0.0032837092876434
2482,/tmp/DataSetCombined/Edges/Round-6_0022758_edge.png,27.77639,27.865404,0.0032837092876434
2483,/tmp/DataSetCombined/Edges/Round-7_0015625_edge.png,11.60561,12.305086,0.0032837092876434
2484,/tmp/DataSetCombined/Edges/Round-5_0003516_edge.png,18.68265,18.743933,0.0032837092876434
2485,/tmp/DataSetCombined/Edges/Round-10_0172804_edge.png,8.95925,9.027607,0.0032837092876434
2486,/tmp/DataSetCombined/Edges/Round-1_0132741_edge.png,13.99857,13.991644,0.0032837092876434
2487,/tmp/DataSetCombined/Edges/Round-9_0196343_edge.png,13.99905,14.064058,0.0032837092876434
2488,/tmp/DataSetCombined/Edges/Round-1_0022534_edge.png,12.69509,13.129142,0.0032837092876434
2489,/tmp/DataSetCombined/Edges/Round-9_0002713_edge.png,10.45183,10.90782,0.0032837092876434
2490,/tmp/DataSetCombined/Edges/Round-4_0068209_edge.png,12.5193,12.795893,0.0032837092876434
2491,/tmp/DataSetCombined/Edges/Round-6_0090542_edge.png,8.22723,8.517825,0.0032837092876434
2492,/tmp/DataSetCombined/Edges/Round-9_0144121_edge.png,28.87011,29.078892,0.0032837092876434
2493,/tmp/DataSetCombined/Edges/Round-9_0155859_edge.png,11.42628,11.901016,0.0032837092876434
2494,/tmp/DataSetCombined/Edges/Round-5_0036848_edge.png,12.63349,13.06208,0.0032837092876434
2495,/tmp/DataSetCombined/Edges/Round-1_0058667_edge.png,20.22926,20.089422,0.0032837092876434
2496,/tmp/DataSetCombined/Edges/Round-5_0111074_edge.png,11.72485,12.400274,0.0039040260016918
2497,/tmp/DataSetCombined/Edges/Round-1_0065467_edge.png,9.51343,9.381279,0.0039040260016918
2498,/tmp/DataSetCombined/Edges/Round-7_0009305_edge.png,12.95485,13.343807,0.0039040260016918
2499,/tmp/DataSetCombined/Edges/Round-10_0010417_edge.png,10.88312,11.02128,0.0039040260016918
2500,/tmp/DataSetCombined/Edges/Round-8_0021829_edge.png,12.68329,13.108147,0.0039040260016918
2501,/tmp/DataSetCombined/Edges/Round-1_0101834_edge.png,14.03733,13.998628,0.0039040260016918
2502,/tmp/DataSetCombined/Edges/Round-9_0024760_edge.png,13.75502,13.567208,0.0039040260016918
2503,/tmp/DataSetCombined/Edges/Round-10_0184754_edge.png,15.83665,16.128067,0.0039040260016918
2504,/tmp/DataSetCombined/Edges/Round-9_0018545_edge.png,8.19576,8.4401865,0.0039040260016918
2505,/tmp/DataSetCombined/Edges/Round-8_0056431_edge.png,12.9128,13.361099,0.0039040260016918
2506,/tmp/DataSetCombined/Edges/Round-6_0036362_edge.png,12.4471,12.785934,0.0039040260016918
2507,/tmp/DataSetCombined/Edges/Round-5_0001576_edge.png,11.03776,11.254361,0.0039040260016918
2508,/tmp/DataSetCombined/Edges/Round-10_0100054_edge.png,7.68396,7.83589,0.0039040260016918
2509,/tmp/DataSetCombined/Edges/Round-10_0097255_edge.png,9.15547,9.132669,0.0039040260016918
2510,/tmp/DataSetCombined/Edges/Round-4_0089612_edge.png,19.65699,19.557981,0.0039040260016918
2511,/tmp/DataSetCombined/Edges/Round-7_0025287_edge.png,12.61413,13.031624,0.0039040260016918
2512,/tmp/DataSetCombined/Edges/Round-8_0018548_edge.png,16.37364,16.740343,0.0039040260016918
2513,/tmp/DataSetCombined/Edges/Round-10_0100385_edge.png,15.23885,15.288616,0.0039040260016918
2514,/tmp/DataSetCombined/Edges/Round-7_0043708_edge.png,17.8522,17.756472,0.0039040260016918
2515,/tmp/DataSetCombined/Edges/Round-6_0078381_edge.png,15.68029,15.935875,0.0039040260016918
2516,/tmp/DataSetCombined/Edges/Round-9_0127958_edge.png,12.54707,12.943144,0.0039040260016918
2517,/tmp/DataSetCombined/Edges/Round-1_0038934_edge.png,12.00994,12.303232,0.0039040260016918
2518,/tmp/DataSetCombined/Edges/Round-8_0002745_edge.png,12.10414,12.366274,0.0039040260016918
2519,/tmp/DataSetCombined/Edges/Round-1_0039434_edge.png,9.9902,10.011143,0.0039040260016918
2520,/tmp/DataSetCombined/Edges/Round-9_0186923_edge.png,12.91762,13.224659,0.0039040260016918
2521,/tmp/DataSetCombined/Edges/Round-8_0053572_edge.png,18.6097,18.413832,0.0039040260016918
2522,/tmp/DataSetCombined/Edges/Round-2_0102595_edge.png,29.13893,29.25117,0.0039040260016918
2523,/tmp/DataSetCombined/Edges/Round-2_0047200_edge.png,8.49262,8.580227,0.0039040260016918
2524,/tmp/DataSetCombined/Edges/Round-3_0087020_edge.png,16.65602,17.020987,0.0039040260016918
2525,/tmp/DataSetCombined/Edges/Round-9_0160585_edge.png,19.63568,19.55873,0.0039040260016918
2526,/tmp/DataSetCombined/Edges/Round-1_0009267_edge.png,23.58927,23.425707,0.0039040260016918
2527,/tmp/DataSetCombined/Edges/Round-9_0141584_edge.png,19.67057,19.558935,0.0039040260016918
2528,/tmp/DataSetCombined/Edges/Round-5_0030919_edge.png,15.00394,15.076351,0.0039040260016918
2529,/tmp/DataSetCombined/Edges/Round-8_0019198_edge.png,14.55484,14.493404,0.0039040260016918
2530,/tmp/DataSetCombined/Edges/Round-6_0107609_edge.png,11.86005,12.474434,0.0039040260016918
2531,/tmp/DataSetCombined/Edges/Round-10_0032932_edge.png,12.57246,13.003523,0.0039040260016918
2532,/tmp/DataSetCombined/Edges/Round-1_0009734_edge.png,19.6078,19.523878,0.0039040260016918
2533,/tmp/DataSetCombined/Edges/Round-9_0039374_edge.png,9.88569,10.153129,0.0039040260016918
2534,/tmp/DataSetCombined/Edges/Round-9_0002182_edge.png,8.61443,8.703215,0.0039040260016918
2535,/tmp/DataSetCombined/Edges/Round-6_0076034_edge.png,14.58976,14.516904,0.0039040260016918
2536,/tmp/DataSetCombined/Edges/Round-1_0114593_edge.png,18.33828,18.338528,0.0039040260016918
2537,/tmp/DataSetCombined/Edges/Round-9_0137516_edge.png,16.33965,16.757126,0.0039040260016918
2538,/tmp/DataSetCombined/Edges/Round-8_0058026_edge.png,16.28143,16.581404,0.0039040260016918
2539,/tmp/DataSetCombined/Edges/Round-9_0004217_edge.png,10.75888,10.990261,0.0039040260016918
2540,/tmp/DataSetCombined/Edges/Round-5_0045367_edge.png,13.29451,13.464069,0.0039040260016918
2541,/tmp/DataSetCombined/Edges/Round-7_0011352_edge.png,24.1949,24.01718,0.0039040260016918
2542,/tmp/DataSetCombined/Edges/Round-7_0028147_edge.png,16.09355,16.10306,0.0039040260016918
2543,/tmp/DataSetCombined/Edges/Round-2_0093477_edge.png,14.01555,13.996069,0.0039040260016918
2544,/tmp/DataSetCombined/Edges/Round-1_0166635_edge.png,19.28361,19.242785,0.0039040260016918
2545,/tmp/DataSetCombined/Edges/Round-7_0099212_edge.png,13.52421,13.688902,0.0039040260016918
2546,/tmp/DataSetCombined/Edges/Round-6_0107187_edge.png,13.87938,13.898666,0.0039040260016918
2547,/tmp/DataSetCombined/Edges/Round-8_0053301_edge.png,14.10168,14.220022,0.0039040260016918
2548,/tmp/DataSetCombined/Edges/Round-8_0087283_edge.png,12.61308,12.9496765,0.0039040260016918
2549,/tmp/DataSetCombined/Edges/Round-9_0071551_edge.png,11.41582,11.883448,0.0039040260016918
2550,/tmp/DataSetCombined/Edges/Round-4_0029832_edge.png,8.72205,8.823735,0.0039040260016918
2551,/tmp/DataSetCombined/Edges/Round-1_0127687_edge.png,8.57188,8.677633,0.0039040260016918
2552,/tmp/DataSetCombined/Edges/Round-3_0082083_edge.png,19.65579,19.550287,0.0039040260016918
2553,/tmp/DataSetCombined/Edges/Round-5_0112459_edge.png,9.00661,9.037395,0.0039040260016918
2554,/tmp/DataSetCombined/Edges/Round-8_0034139_edge.png,13.25857,13.764144,0.0039040260016918
2555,/tmp/DataSetCombined/Edges/Round-10_0089459_edge.png,20.24663,20.153757,0.0039040260016918
2556,/tmp/DataSetCombined/Edges/Round-9_0053370_edge.png,18.32757,18.368681,0.0039040260016918
2557,/tmp/DataSetCombined/Edges/Round-3_0018152_edge.png,8.80184,8.912779,0.0039040260016918
2558,/tmp/DataSetCombined/Edges/Round-8_0045367_edge.png,10.17258,10.456301,0.0039040260016918
2559,/tmp/DataSetCombined/Edges/Round-4_0033474_edge.png,14.34477,14.586376,0.0039040260016918
2560,/tmp/DataSetCombined/Edges/Round-2_0059267_edge.png,13.37388,13.633608,0.0033762156963348
2561,/tmp/DataSetCombined/Edges/Round-5_0016742_edge.png,12.65144,12.906783,0.0033762156963348
2562,/tmp/DataSetCombined/Edges/Round-7_0009635_edge.png,8.04461,8.295911,0.0033762156963348
2563,/tmp/DataSetCombined/Edges/Round-4_0002170_edge.png,11.14385,11.5684,0.0033762156963348
2564,/tmp/DataSetCombined/Edges/Round-7_0097918_edge.png,8.0338,8.239608,0.0033762156963348
2565,/tmp/DataSetCombined/Edges/Round-10_0082566_edge.png,20.96108,20.720125,0.0033762156963348
2566,/tmp/DataSetCombined/Edges/Round-10_0166544_edge.png,12.33207,12.448543,0.0033762156963348
2567,/tmp/DataSetCombined/Edges/Round-5_0115410_edge.png,18.23776,18.262756,0.0033762156963348
2568,/tmp/DataSetCombined/Edges/Round-4_0039163_edge.png,8.95631,9.029539,0.0033762156963348
2569,/tmp/DataSetCombined/Edges/Round-4_0005331_edge.png,9.93655,10.217741,0.0033762156963348
2570,/tmp/DataSetCombined/Edges/Round-9_0148697_edge.png,22.70275,22.672007,0.0033762156963348
2571,/tmp/DataSetCombined/Edges/Round-8_0017633_edge.png,14.58897,14.519577,0.0033762156963348
2572,/tmp/DataSetCombined/Edges/Round-5_0077453_edge.png,29.9026,29.8344,0.0033762156963348
2573,/tmp/DataSetCombined/Edges/Round-7_0060354_edge.png,16.24822,16.313389,0.0033762156963348
2574,/tmp/DataSetCombined/Edges/Round-3_0001367_edge.png,16.78539,17.006233,0.0033762156963348
2575,/tmp/DataSetCombined/Edges/Round-10_0150591_edge.png,15.19195,15.492434,0.0033762156963348
2576,/tmp/DataSetCombined/Edges/Round-10_0194627_edge.png,13.96536,13.973972,0.0033762156963348
2577,/tmp/DataSetCombined/Edges/Round-1_0099543_edge.png,28.07254,28.183004,0.0033762156963348
2578,/tmp/DataSetCombined/Edges/Round-9_0198210_edge.png,13.61483,13.740337,0.0033762156963348
2579,/tmp/DataSetCombined/Edges/Round-10_0093101_edge.png,16.76492,17.163424,0.0033762156963348
2580,/tmp/DataSetCombined/Edges/Round-9_0009606_edge.png,11.27813,11.738656,0.0033762156963348
2581,/tmp/DataSetCombined/Edges/Round-6_0120021_edge.png,20.33848,20.056036,0.0033762156963348
2582,/tmp/DataSetCombined/Edges/Round-7_0031160_edge.png,19.67301,19.553598,0.0033762156963348
2583,/tmp/DataSetCombined/Edges/Round-4_0009665_edge.png,29.32987,29.387953,0.0033762156963348
2584,/tmp/DataSetCombined/Edges/Round-9_0124917_edge.png,12.66053,12.703531,0.0033762156963348
2585,/tmp/DataSetCombined/Edges/Round-10_0124013_edge.png,8.40183,8.67663,0.0033762156963348
2586,/tmp/DataSetCombined/Edges/Round-1_0019967_edge.png,18.34443,18.342089,0.0033762156963348
2587,/tmp/DataSetCombined/Edges/Round-3_0021192_edge.png,17.58831,17.787178,0.0033762156963348
2588,/tmp/DataSetCombined/Edges/Round-1_0148696_edge.png,13.16657,13.64386,0.0033762156963348
2589,/tmp/DataSetCombined/Edges/Round-10_0192459_edge.png,20.20837,20.088627,0.0033762156963348
2590,/tmp/DataSetCombined/Edges/Round-9_0081032_edge.png,21.36209,21.218954,0.0033762156963348
2591,/tmp/DataSetCombined/Edges/Round-4_0075764_edge.png,14.14995,13.860397,0.0033762156963348
2592,/tmp/DataSetCombined/Edges/Round-9_0078865_edge.png,10.96452,11.447631,0.0033762156963348
2593,/tmp/DataSetCombined/Edges/Round-7_0068721_edge.png,20.25965,20.178751,0.0033762156963348
2594,/tmp/DataSetCombined/Edges/Round-7_0125309_edge.png,9.22134,9.23439,0.0033762156963348
2595,/tmp/DataSetCombined/Edges/Round-1_0063867_edge.png,19.93521,19.793459,0.0033762156963348
2596,/tmp/DataSetCombined/Edges/Round-8_0049039_edge.png,9.12398,9.136974,0.0033762156963348
2597,/tmp/DataSetCombined/Edges/Round-7_0056350_edge.png,15.22024,15.495683,0.0033762156963348
2598,/tmp/DataSetCombined/Edges/Round-7_0133917_edge.png,26.46952,26.874296,0.0033762156963348
2599,/tmp/DataSetCombined/Edges/Round-5_0068544_edge.png,11.91777,12.316708,0.0033762156963348
2600,/tmp/DataSetCombined/Edges/Round-1_0076157_edge.png,18.17022,18.203882,0.0033762156963348
2601,/tmp/DataSetCombined/Edges/Round-2_0082759_edge.png,13.87183,13.938392,0.0033762156963348
2602,/tmp/DataSetCombined/Edges/Round-8_0038354_edge.png,7.66853,7.8678055,0.0033762156963348
2603,/tmp/DataSetCombined/Edges/Round-5_0124047_edge.png,19.55513,19.484138,0.0033762156963348
2604,/tmp/DataSetCombined/Edges/Round-9_0006054_edge.png,9.84247,9.892542,0.0033762156963348
2605,/tmp/DataSetCombined/Edges/Round-8_0073377_edge.png,18.33068,18.36452,0.0033762156963348
2606,/tmp/DataSetCombined/Edges/Round-1_0128138_edge.png,13.06504,13.308538,0.0033762156963348
2607,/tmp/DataSetCombined/Edges/Round-1_0033505_edge.png,12.9481,13.428646,0.0033762156963348
2608,/tmp/DataSetCombined/Edges/Round-1_0139516_edge.png,17.78401,17.73586,0.0033762156963348
2609,/tmp/DataSetCombined/Edges/Round-6_0097555_edge.png,21.50111,21.370142,0.0033762156963348
2610,/tmp/DataSetCombined/Edges/Round-9_0198932_edge.png,9.75397,9.749096,0.0033762156963348
2611,/tmp/DataSetCombined/Edges/Round-8_0016429_edge.png,9.40956,9.311346,0.0033762156963348
2612,/tmp/DataSetCombined/Edges/Round-8_0024014_edge.png,16.2103,16.505154,0.0033762156963348
2613,/tmp/DataSetCombined/Edges/Round-9_0153452_edge.png,9.92248,10.337521,0.0033762156963348
2614,/tmp/DataSetCombined/Edges/Round-7_0068841_edge.png,8.53389,8.660778,0.0033762156963348
2615,/tmp/DataSetCombined/Edges/Round-8_0046962_edge.png,18.34578,18.348873,0.0033762156963348
2616,/tmp/DataSetCombined/Edges/Round-9_0147221_edge.png,10.42523,11.046646,0.0033762156963348
2617,/tmp/DataSetCombined/Edges/Round-8_0061259_edge.png,18.34133,18.360949,0.0033762156963348
2618,/tmp/DataSetCombined/Edges/Round-9_0151646_edge.png,9.02095,9.037328,0.0033762156963348
2619,/tmp/DataSetCombined/Edges/Round-9_0097015_edge.png,10.29365,10.334736,0.0033762156963348
2620,/tmp/DataSetCombined/Edges/Round-8_0067640_edge.png,21.3474,21.20075,0.0033762156963348
2621,/tmp/DataSetCombined/Edges/Round-5_0070873_edge.png,13.02731,13.521691,0.0033762156963348
2622,/tmp/DataSetCombined/Edges/Round-6_0135180_edge.png,9.02381,8.887169,0.0033762156963348
2623,/tmp/DataSetCombined/Edges/Round-5_0074443_edge.png,10.28318,10.810665,0.0033762156963348
2624,/tmp/DataSetCombined/Edges/Round-1_0042083_edge.png,16.8969,17.282417,0.0038447305560112
2625,/tmp/DataSetCombined/Edges/Round-7_0126332_edge.png,11.5101,12.046854,0.0038447305560112
2626,/tmp/DataSetCombined/Edges/Round-4_0086871_edge.png,7.96595,8.155962,0.0038447305560112
2627,/tmp/DataSetCombined/Edges/Round-1_0055167_edge.png,14.73384,14.97985,0.0038447305560112
2628,/tmp/DataSetCombined/Edges/Round-7_0135241_edge.png,9.32311,9.244333,0.0038447305560112
2629,/tmp/DataSetCombined/Edges/Round-9_0173408_edge.png,8.86495,8.996176,0.0038447305560112
2630,/tmp/DataSetCombined/Edges/Round-6_0040908_edge.png,26.39815,26.920662,0.0038447305560112
2631,/tmp/DataSetCombined/Edges/Round-8_0039605_edge.png,18.2937,18.316664,0.0038447305560112
2632,/tmp/DataSetCombined/Edges/Round-10_0061737_edge.png,19.62582,19.54227,0.0038447305560112
2633,/tmp/DataSetCombined/Edges/Round-10_0073897_edge.png,18.72561,18.731567,0.0038447305560112
2634,/tmp/DataSetCombined/Edges/Round-7_0019418_edge.png,7.29769,7.647684,0.0038447305560112
2635,/tmp/DataSetCombined/Edges/Round-5_0031551_edge.png,19.65643,19.542356,0.0038447305560112
2636,/tmp/DataSetCombined/Edges/Round-10_0112334_edge.png,12.32064,12.780611,0.0038447305560112
2637,/tmp/DataSetCombined/Edges/Round-2_0069600_edge.png,13.92413,13.6496,0.0038447305560112
2638,/tmp/DataSetCombined/Edges/Round-9_0136987_edge.png,16.10339,16.374357,0.0038447305560112
2639,/tmp/DataSetCombined/Edges/Round-9_0165522_edge.png,15.21,15.248201,0.0038447305560112
2640,/tmp/DataSetCombined/Edges/Round-10_0193242_edge.png,16.34567,16.650202,0.0038447305560112
2641,/tmp/DataSetCombined/Edges/Round-3_0004234_edge.png,15.19574,15.522787,0.0038447305560112
2642,/tmp/DataSetCombined/Edges/Round-8_0042736_edge.png,8.60301,8.840806,0.0038447305560112
2643,/tmp/DataSetCombined/Edges/Round-7_0071521_edge.png,18.3264,18.337297,0.0038447305560112
2644,/tmp/DataSetCombined/Edges/Round-9_0051865_edge.png,16.15938,16.60755,0.0038447305560112
2645,/tmp/DataSetCombined/Edges/Round-10_0154414_edge.png,19.60692,19.533375,0.0038447305560112
2646,/tmp/DataSetCombined/Edges/Round-1_0019067_edge.png,20.01894,19.900171,0.0038447305560112
2647,/tmp/DataSetCombined/Edges/Round-2_0033000_edge.png,8.92119,9.003594,0.0038447305560112
2648,/tmp/DataSetCombined/Edges/Round-6_0013997_edge.png,10.0012,10.387426,0.0038447305560112
2649,/tmp/DataSetCombined/Edges/Round-10_0135090_edge.png,14.03884,14.000842,0.0038447305560112
2650,/tmp/DataSetCombined/Edges/Round-5_0008344_edge.png,13.28222,13.799494,0.0038447305560112
2651,/tmp/DataSetCombined/Edges/Round-6_0014721_edge.png,30.29147,29.907255,0.0038447305560112
2652,/tmp/DataSetCombined/Edges/Round-1_0168382_edge.png,8.32548,8.412155,0.0038447305560112
2653,/tmp/DataSetCombined/Edges/Round-10_0181774_edge.png,7.76675,7.95564,0.0038447305560112
2654,/tmp/DataSetCombined/Edges/Round-2_0057003_edge.png,8.40842,8.450605,0.0038447305560112
2655,/tmp/DataSetCombined/Edges/Round-3_0009333_edge.png,11.13947,11.631859,0.0038447305560112
2656,/tmp/DataSetCombined/Edges/Round-5_0080072_edge.png,26.22787,26.678421,0.0038447305560112
2657,/tmp/DataSetCombined/Edges/Round-6_0083168_edge.png,8.79028,8.708089,0.0038447305560112
2658,/tmp/DataSetCombined/Edges/Round-5_0095874_edge.png,11.9603,12.278009,0.0038447305560112
2659,/tmp/DataSetCombined/Edges/Round-3_0020199_edge.png,8.91756,9.011515,0.0038447305560112
2660,/tmp/DataSetCombined/Edges/Round-10_0063695_edge.png,9.44935,9.421394,0.0038447305560112
2661,/tmp/DataSetCombined/Edges/Round-9_0116430_edge.png,9.83669,9.729098,0.0038447305560112
2662,/tmp/DataSetCombined/Edges/Round-1_0118310_edge.png,12.203,12.461107,0.0038447305560112
2663,/tmp/DataSetCombined/Edges/Round-10_0075191_edge.png,12.51692,12.987717,0.0038447305560112
2664,/tmp/DataSetCombined/Edges/Round-6_0116909_edge.png,25.57636,25.936462,0.0038447305560112
2665,/tmp/DataSetCombined/Edges/Round-1_0068734_edge.png,13.65984,13.748504,0.0038447305560112
2666,/tmp/DataSetCombined/Edges/Round-10_0193965_edge.png,19.61333,19.50999,0.0038447305560112
2667,/tmp/DataSetCombined/Edges/Round-6_0115976_edge.png,9.36832,9.275783,0.0038447305560112
2668,/tmp/DataSetCombined/Edges/Round-9_0002743_edge.png,9.01638,9.034826,0.0038447305560112
2669,/tmp/DataSetCombined/Edges/Round-9_0117194_edge.png,14.8518,15.178223,0.0038447305560112
2670,/tmp/DataSetCombined/Edges/Round-9_0029351_edge.png,20.24582,20.142725,0.0038447305560112
2671,/tmp/DataSetCombined/Edges/Round-8_0013762_edge.png,14.93616,14.964892,0.0038447305560112
2672,/tmp/DataSetCombined/Edges/Round-5_0087446_edge.png,30.3374,30.012823,0.0038447305560112
2673,/tmp/DataSetCombined/Edges/Round-4_0034498_edge.png,11.36325,11.861387,0.0038447305560112
2674,/tmp/DataSetCombined/Edges/Round-1_0107761_edge.png,18.28924,18.30164,0.0038447305560112
2675,/tmp/DataSetCombined/Edges/Round-9_0197698_edge.png,15.71625,16.05522,0.0038447305560112
2676,/tmp/DataSetCombined/Edges/Round-7_0031211_edge.png,11.93351,12.448706,0.0038447305560112
2677,/tmp/DataSetCombined/Edges/Round-10_0060443_edge.png,9.53447,9.550434,0.0038447305560112
2678,/tmp/DataSetCombined/Edges/Round-2_0041600_edge.png,9.29154,9.234289,0.0038447305560112
2679,/tmp/DataSetCombined/Edges/Round-2_0110541_edge.png,16.06159,16.360413,0.0038447305560112
2680,/tmp/DataSetCombined/Edges/Round-5_0114085_edge.png,11.98946,12.5535345,0.0038447305560112
2681,/tmp/DataSetCombined/Edges/Round-5_0041604_edge.png,13.04857,13.255211,0.0038447305560112
2682,/tmp/DataSetCombined/Edges/Round-7_0038260_edge.png,9.36815,9.275977,0.0038447305560112
2683,/tmp/DataSetCombined/Edges/Round-10_0199443_edge.png,12.71742,13.160048,0.0038447305560112
2684,/tmp/DataSetCombined/Edges/Round-7_0024302_edge.png,12.74686,13.053587,0.0038447305560112
2685,/tmp/DataSetCombined/Edges/Round-6_0018905_edge.png,8.44596,8.735107,0.0038447305560112
2686,/tmp/DataSetCombined/Edges/Round-4_0021524_edge.png,14.41773,14.143167,0.0038447305560112
2687,/tmp/DataSetCombined/Edges/Round-8_0037438_edge.png,10.00383,10.382217,0.0038447305560112
2688,/tmp/DataSetCombined/Edges/Round-10_0168290_edge.png,11.93556,12.539817,0.0033765435218811
2689,/tmp/DataSetCombined/Edges/Round-5_0016682_edge.png,11.65565,12.171171,0.0033765435218811
2690,/tmp/DataSetCombined/Edges/Round-9_0156462_edge.png,17.37555,17.64393,0.0033765435218811
2691,/tmp/DataSetCombined/Edges/Round-10_0031637_edge.png,9.47229,9.273708,0.0033765435218811
2692,/tmp/DataSetCombined/Edges/Round-6_0072512_edge.png,7.91329,8.007565,0.0033765435218811
2693,/tmp/DataSetCombined/Edges/Round-9_0161067_edge.png,9.97517,10.356165,0.0033765435218811
2694,/tmp/DataSetCombined/Edges/Round-9_0083125_edge.png,8.74943,8.83917,0.0033765435218811
2695,/tmp/DataSetCombined/Edges/Round-7_0077119_edge.png,18.73876,18.52475,0.0033765435218811
2696,/tmp/DataSetCombined/Edges/Round-5_0016592_edge.png,13.99657,14.001331,0.0033765435218811
2697,/tmp/DataSetCombined/Edges/Round-5_0104994_edge.png,11.51871,12.009642,0.0033765435218811
2698,/tmp/DataSetCombined/Edges/Round-9_0134428_edge.png,13.60414,13.726908,0.0033765435218811
2699,/tmp/DataSetCombined/Edges/Round-5_0011565_edge.png,9.05453,9.097517,0.0033765435218811
2700,/tmp/DataSetCombined/Edges/Round-8_0009337_edge.png,12.94263,12.941789,0.0033765435218811
2701,/tmp/DataSetCombined/Edges/Round-1_0041267_edge.png,20.14105,20.034029,0.0033765435218811
2702,/tmp/DataSetCombined/Edges/Round-1_0006801_edge.png,19.09434,18.85346,0.0033765435218811
2703,/tmp/DataSetCombined/Edges/Round-6_0097254_edge.png,10.93221,11.585812,0.0033765435218811
2704,/tmp/DataSetCombined/Edges/Round-9_0078982_edge.png,12.40828,12.832898,0.0033765435218811
2705,/tmp/DataSetCombined/Edges/Round-8_0075153_edge.png,9.46701,9.358647,0.0033765435218811
2706,/tmp/DataSetCombined/Edges/Round-4_0053881_edge.png,15.19294,15.228496,0.0033765435218811
2707,/tmp/DataSetCombined/Edges/Round-9_0058880_edge.png,9.87503,10.163747,0.0033765435218811
2708,/tmp/DataSetCombined/Edges/Round-4_0090580_edge.png,16.05071,16.350986,0.0033765435218811
2709,/tmp/DataSetCombined/Edges/Round-1_0040434_edge.png,8.55483,8.81506,0.0033765435218811
2710,/tmp/DataSetCombined/Edges/Round-8_0044945_edge.png,20.09778,19.711775,0.0033765435218811
2711,/tmp/DataSetCombined/Edges/Round-5_0004970_edge.png,9.96347,10.257217,0.0033765435218811
2712,/tmp/DataSetCombined/Edges/Round-1_0171331_edge.png,8.03537,8.2235,0.0033765435218811
2713,/tmp/DataSetCombined/Edges/Round-9_0053310_edge.png,12.59326,13.045222,0.0033765435218811
2714,/tmp/DataSetCombined/Edges/Round-7_0058186_edge.png,24.14018,23.968815,0.0033765435218811
2715,/tmp/DataSetCombined/Edges/Round-1_0022800_edge.png,11.3806,11.684631,0.0033765435218811
2716,/tmp/DataSetCombined/Edges/Round-7_0033505_edge.png,17.64567,17.911055,0.0033765435218811
2717,/tmp/DataSetCombined/Edges/Round-8_0072035_edge.png,8.65947,8.792976,0.0033765435218811
2718,/tmp/DataSetCombined/Edges/Round-1_0118391_edge.png,14.56169,14.49287,0.0033765435218811
2719,/tmp/DataSetCombined/Edges/Round-6_0014781_edge.png,19.66442,19.57149,0.0033765435218811
2720,/tmp/DataSetCombined/Edges/Round-6_0089428_edge.png,7.7513,7.876312,0.0033765435218811
2721,/tmp/DataSetCombined/Edges/Round-8_0005443_edge.png,9.1983,9.231947,0.0033765435218811
2722,/tmp/DataSetCombined/Edges/Round-9_0012796_edge.png,12.80434,13.007417,0.0033765435218811
2723,/tmp/DataSetCombined/Edges/Round-7_0067487_edge.png,13.65725,13.756026,0.0033765435218811
2724,/tmp/DataSetCombined/Edges/Round-10_0126092_edge.png,10.09855,10.276288,0.0033765435218811
2725,/tmp/DataSetCombined/Edges/Round-8_0048364_edge.png,14.57986,14.519193,0.0033765435218811
2726,/tmp/DataSetCombined/Edges/Round-9_0054093_edge.png,14.04575,14.02084,0.0033765435218811
2727,/tmp/DataSetCombined/Edges/Round-2_0078846_edge.png,7.50368,7.7197695,0.0033765435218811
2728,/tmp/DataSetCombined/Edges/Round-5_0029023_edge.png,12.32243,12.778265,0.0033765435218811
2729,/tmp/DataSetCombined/Edges/Round-1_0113195_edge.png,7.40016,7.6529975,0.0033765435218811
2730,/tmp/DataSetCombined/Edges/Round-2_0074300_edge.png,12.37364,12.869263,0.0033765435218811
2731,/tmp/DataSetCombined/Edges/Round-6_0038568_edge.png,8.64664,8.812722,0.0033765435218811
2732,/tmp/DataSetCombined/Edges/Round-3_0057192_edge.png,9.36449,9.314618,0.0033765435218811
2733,/tmp/DataSetCombined/Edges/Round-2_0111896_edge.png,13.37248,13.510615,0.0033765435218811
2734,/tmp/DataSetCombined/Edges/Round-4_0017521_edge.png,14.01771,13.9908085,0.0033765435218811
2735,/tmp/DataSetCombined/Edges/Round-9_0124646_edge.png,10.24309,10.499187,0.0033765435218811
2736,/tmp/DataSetCombined/Edges/Round-9_0104299_edge.png,9.2343,9.205704,0.0033765435218811
2737,/tmp/DataSetCombined/Edges/Round-3_0022396_edge.png,13.59756,13.776292,0.0033765435218811
2738,/tmp/DataSetCombined/Edges/Round-5_0093586_edge.png,20.2485,20.136244,0.0033765435218811
2739,/tmp/DataSetCombined/Edges/Round-9_0040457_edge.png,26.76465,27.172441,0.0033765435218811
2740,/tmp/DataSetCombined/Edges/Round-4_0021434_edge.png,9.23956,9.212555,0.0033765435218811
2741,/tmp/DataSetCombined/Edges/Round-10_0184544_edge.png,8.95442,9.0527115,0.0033765435218811
2742,/tmp/DataSetCombined/Edges/Round-10_0168713_edge.png,8.25366,8.608126,0.0033765435218811
2743,/tmp/DataSetCombined/Edges/Round-5_0073389_edge.png,10.13592,10.545261,0.0033765435218811
2744,/tmp/DataSetCombined/Edges/Round-1_0015967_edge.png,8.78617,8.885375,0.0033765435218811
2745,/tmp/DataSetCombined/Edges/Round-10_0009574_edge.png,13.59764,13.726015,0.0033765435218811
2746,/tmp/DataSetCombined/Edges/Round-1_0122088_edge.png,12.32961,12.77995,0.0033765435218811
2747,/tmp/DataSetCombined/Edges/Round-2_0054767_edge.png,9.29863,9.232212,0.0033765435218811
2748,/tmp/DataSetCombined/Edges/Round-5_0015237_edge.png,11.99472,12.564903,0.0033765435218811
2749,/tmp/DataSetCombined/Edges/Round-10_0163745_edge.png,17.83563,17.985172,0.0033765435218811
2750,/tmp/DataSetCombined/Edges/Round-9_0127445_edge.png,8.17867,8.265132,0.0033765435218811
2751,/tmp/DataSetCombined/Edges/Round-1_0126754_edge.png,8.43689,8.748109,0.0033765435218811
2752,/tmp/DataSetCombined/Edges/Round-1_0071767_edge.png,10.01005,9.952821,0.0052341781556606
2753,/tmp/DataSetCombined/Edges/Round-8_0076056_edge.png,12.574,12.854149,0.0052341781556606
2754,/tmp/DataSetCombined/Edges/Round-1_0061834_edge.png,9.85318,10.163799,0.0052341781556606
2755,/tmp/DataSetCombined/Edges/Round-4_0021494_edge.png,13.17633,13.661387,0.0052341781556606
2756,/tmp/DataSetCombined/Edges/Round-6_0116548_edge.png,10.86971,11.102005,0.0052341781556606
2757,/tmp/DataSetCombined/Edges/Round-3_0082716_edge.png,25.87608,26.329771,0.0052341781556606
2758,/tmp/DataSetCombined/Edges/Round-10_0127174_edge.png,9.63509,9.608231,0.0052341781556606
2759,/tmp/DataSetCombined/Edges/Round-1_0060701_edge.png,11.43052,11.770758,0.0052341781556606
2760,/tmp/DataSetCombined/Edges/Round-2_0093956_edge.png,15.14223,15.15003,0.0052341781556606
2761,/tmp/DataSetCombined/Edges/Round-4_0081724_edge.png,13.51482,13.627095,0.0052341781556606
2762,/tmp/DataSetCombined/Edges/Round-6_0028506_edge.png,12.80182,13.27565,0.0052341781556606
2763,/tmp/DataSetCombined/Edges/Round-4_0027454_edge.png,12.90758,13.157902,0.0052341781556606
2764,/tmp/DataSetCombined/Edges/Round-3_0071187_edge.png,13.2368,13.428844,0.0052341781556606
2765,/tmp/DataSetCombined/Edges/Round-5_0019993_edge.png,20.45602,20.213541,0.0052341781556606
2766,/tmp/DataSetCombined/Edges/Round-9_0026401_edge.png,15.22392,15.278215,0.0052341781556606
2767,/tmp/DataSetCombined/Edges/Round-5_0013130_edge.png,14.17756,13.8804455,0.0052341781556606
2768,/tmp/DataSetCombined/Edges/Round-2_0101421_edge.png,21.06795,20.820337,0.0052341781556606
2769,/tmp/DataSetCombined/Edges/Round-5_0066557_edge.png,9.39919,9.304098,0.0052341781556606
2770,/tmp/DataSetCombined/Edges/Round-3_0033683_edge.png,9.2241,9.225016,0.0052341781556606
2771,/tmp/DataSetCombined/Edges/Round-9_0183461_edge.png,12.34722,12.830158,0.0052341781556606
2772,/tmp/DataSetCombined/Edges/Round-3_0062519_edge.png,14.00425,14.06903,0.0052341781556606
2773,/tmp/DataSetCombined/Edges/Round-8_0024839_edge.png,18.40375,18.239918,0.0052341781556606
2774,/tmp/DataSetCombined/Edges/Round-9_0047390_edge.png,9.76525,9.847727,0.0052341781556606
2775,/tmp/DataSetCombined/Edges/Round-8_0021106_edge.png,15.23919,15.273922,0.0052341781556606
2776,/tmp/DataSetCombined/Edges/Round-7_0120884_edge.png,12.08829,12.613819,0.0052341781556606
2777,/tmp/DataSetCombined/Edges/Round-7_0076697_edge.png,20.21435,20.10385,0.0052341781556606
2778,/tmp/DataSetCombined/Edges/Round-6_0009754_edge.png,8.7467,8.788712,0.0052341781556606
2779,/tmp/DataSetCombined/Edges/Round-3_0044369_edge.png,20.21696,20.101961,0.0052341781556606
2780,/tmp/DataSetCombined/Edges/Round-6_0003645_edge.png,12.5211,12.702246,0.0052341781556606
2781,/tmp/DataSetCombined/Edges/Round-1_0033034_edge.png,11.10999,11.756618,0.0052341781556606
2782,/tmp/DataSetCombined/Edges/Round-10_0011440_edge.png,13.73137,13.787951,0.0052341781556606
2783,/tmp/DataSetCombined/Edges/Round-6_0091716_edge.png,8.02512,8.314871,0.0052341781556606
2784,/tmp/DataSetCombined/Edges/Round-5_0079138_edge.png,21.71755,21.676674,0.0052341781556606
2785,/tmp/DataSetCombined/Edges/Round-1_0140961_edge.png,19.57652,19.493073,0.0052341781556606
2786,/tmp/DataSetCombined/Edges/Round-3_0075522_edge.png,18.28527,18.326971,0.0052341781556606
2787,/tmp/DataSetCombined/Edges/Round-1_0062101_edge.png,15.23525,15.258369,0.0052341781556606
2788,/tmp/DataSetCombined/Edges/Round-1_0141864_edge.png,16.10297,16.397867,0.0052341781556606
2789,/tmp/DataSetCombined/Edges/Round-2_0072254_edge.png,15.16285,15.176098,0.0052341781556606
2790,/tmp/DataSetCombined/Edges/Round-10_0151584_edge.png,7.82147,8.046306,0.0052341781556606
2791,/tmp/DataSetCombined/Edges/Round-10_0143307_edge.png,8.09205,8.357636,0.0052341781556606
2792,/tmp/DataSetCombined/Edges/Round-9_0081423_edge.png,8.12086,8.237524,0.0052341781556606
2793,/tmp/DataSetCombined/Edges/Round-4_0017912_edge.png,20.25615,20.145258,0.0052341781556606
2794,/tmp/DataSetCombined/Edges/Round-5_0051447_edge.png,16.0898,16.40307,0.0052341781556606
2795,/tmp/DataSetCombined/Edges/Round-2_0050267_edge.png,12.37127,12.831069,0.0052341781556606
2796,/tmp/DataSetCombined/Edges/Round-10_0125187_edge.png,7.77878,8.041726,0.0052341781556606
2797,/tmp/DataSetCombined/Edges/Round-8_0002264_edge.png,10.38954,10.938581,0.0052341781556606
2798,/tmp/DataSetCombined/Edges/Round-2_0070087_edge.png,12.2945,12.599293,0.0052341781556606
2799,/tmp/DataSetCombined/Edges/Round-5_0045819_edge.png,13.62167,13.696512,0.0052341781556606
2800,/tmp/DataSetCombined/Edges/Round-3_0068839_edge.png,15.16363,15.214735,0.0052341781556606
2801,/tmp/DataSetCombined/Edges/Round-5_0056625_edge.png,8.68692,8.845515,0.0052341781556606
2802,/tmp/DataSetCombined/Edges/Round-4_0083228_edge.png,11.8352,12.440381,0.0052341781556606
2803,/tmp/DataSetCombined/Edges/Round-9_0145114_edge.png,19.67034,19.601595,0.0052341781556606
2804,/tmp/DataSetCombined/Edges/Round-8_0013359_edge.png,13.31149,13.821061,0.0052341781556606
2805,/tmp/DataSetCombined/Edges/Round-3_0004940_edge.png,8.92084,8.9480095,0.0052341781556606
2806,/tmp/DataSetCombined/Edges/Round-3_0052801_edge.png,11.98795,12.468882,0.0052341781556606
2807,/tmp/DataSetCombined/Edges/Round-5_0022040_edge.png,9.58104,9.535406,0.0052341781556606
2808,/tmp/DataSetCombined/Edges/Round-4_0089911_edge.png,8.61981,8.721519,0.0052341781556606
2809,/tmp/DataSetCombined/Edges/Round-9_0031970_edge.png,25.33744,25.570978,0.0052341781556606
2810,/tmp/DataSetCombined/Edges/Round-7_0048614_edge.png,9.63474,9.548049,0.0052341781556606
2811,/tmp/DataSetCombined/Edges/Round-1_0004970_edge.png,9.37868,9.319762,0.0052341781556606
2812,/tmp/DataSetCombined/Edges/Round-1_0009134_edge.png,13.59131,13.789478,0.0052341781556606
2813,/tmp/DataSetCombined/Edges/Round-7_0022097_edge.png,14.40829,14.410866,0.0052341781556606
2814,/tmp/DataSetCombined/Edges/Round-6_0041630_edge.png,17.67828,17.809101,0.0052341781556606
2815,/tmp/DataSetCombined/Edges/Round-4_0026551_edge.png,30.22781,29.943241,0.0052341781556606
2816,/tmp/DataSetCombined/Edges/Round-5_0089372_edge.png,13.31685,13.816231,0.0041014961898326
2817,/tmp/DataSetCombined/Edges/Round-9_0097105_edge.png,16.72844,16.93477,0.0041014961898326
2818,/tmp/DataSetCombined/Edges/Round-6_0083739_edge.png,13.66895,13.716677,0.0041014961898326
2819,/tmp/DataSetCombined/Edges/Round-8_0033074_edge.png,12.96138,13.451923,0.0041014961898326
2820,/tmp/DataSetCombined/Edges/Round-5_0017796_edge.png,11.78192,12.427639,0.0041014961898326
2821,/tmp/DataSetCombined/Edges/Round-10_0028868_edge.png,14.59301,14.516983,0.0041014961898326
2822,/tmp/DataSetCombined/Edges/Round-8_0086200_edge.png,6.46425,6.7938104,0.0041014961898326
2823,/tmp/DataSetCombined/Edges/Round-3_0027844_edge.png,17.61561,17.80521,0.0041014961898326
2824,/tmp/DataSetCombined/Edges/Round-8_0070018_edge.png,9.9526,9.848103,0.0041014961898326
2825,/tmp/DataSetCombined/Edges/Round-1_0071600_edge.png,8.93343,8.978076,0.0041014961898326
2826,/tmp/DataSetCombined/Edges/Round-8_0073148_edge.png,10.43499,10.595589,0.0041014961898326
2827,/tmp/DataSetCombined/Edges/Round-5_0096807_edge.png,12.00653,12.561014,0.0041014961898326
2828,/tmp/DataSetCombined/Edges/Round-7_0087294_edge.png,17.76658,17.867895,0.0041014961898326
2829,/tmp/DataSetCombined/Edges/Round-8_0063655_edge.png,8.81431,8.920397,0.0041014961898326
2830,/tmp/DataSetCombined/Edges/Round-1_0056501_edge.png,19.66686,19.559584,0.0041014961898326
2831,/tmp/DataSetCombined/Edges/Round-7_0063122_edge.png,8.93568,9.030345,0.0041014961898326
2832,/tmp/DataSetCombined/Edges/Round-3_0065198_edge.png,22.76414,22.685253,0.0041014961898326
2833,/tmp/DataSetCombined/Edges/Round-9_0184454_edge.png,12.51857,12.791935,0.0041014961898326
2834,/tmp/DataSetCombined/Edges/Round-8_0043861_edge.png,9.24384,9.218004,0.0041014961898326
2835,/tmp/DataSetCombined/Edges/Round-7_0130215_edge.png,12.45392,12.845203,0.0041014961898326
2836,/tmp/DataSetCombined/Edges/Round-8_0048497_edge.png,20.25648,20.13865,0.0041014961898326
2837,/tmp/DataSetCombined/Edges/Round-4_0061015_edge.png,18.30274,18.3446,0.0041014961898326
2838,/tmp/DataSetCombined/Edges/Round-8_0054234_edge.png,8.87742,8.969379,0.0041014961898326
2839,/tmp/DataSetCombined/Edges/Round-7_0119680_edge.png,9.19329,9.210375,0.0041014961898326
2840,/tmp/DataSetCombined/Edges/Round-8_0006285_edge.png,11.92584,12.516332,0.0041014961898326
2841,/tmp/DataSetCombined/Edges/Round-10_0114652_edge.png,10.34819,10.333223,0.0041014961898326
2842,/tmp/DataSetCombined/Edges/Round-4_0030796_edge.png,9.61421,9.506599,0.0041014961898326
2843,/tmp/DataSetCombined/Edges/Round-8_0026663_edge.png,16.03426,16.337885,0.0041014961898326
2844,/tmp/DataSetCombined/Edges/Round-10_0025467_edge.png,24.96914,25.199705,0.0041014961898326
2845,/tmp/DataSetCombined/Edges/Round-8_0056160_edge.png,30.25849,29.998417,0.0041014961898326
2846,/tmp/DataSetCombined/Edges/Round-1_0111312_edge.png,13.6165,13.730003,0.0041014961898326
2847,/tmp/DataSetCombined/Edges/Round-7_0128980_edge.png,18.20532,18.26642,0.0041014961898326
2848,/tmp/DataSetCombined/Edges/Round-6_0134759_edge.png,11.69501,12.170856,0.0041014961898326
2849,/tmp/DataSetCombined/Edges/Round-10_0076275_edge.png,12.40569,12.739244,0.0041014961898326
2850,/tmp/DataSetCombined/Edges/Round-9_0016107_edge.png,8.1038,8.238777,0.0041014961898326
2851,/tmp/DataSetCombined/Edges/Round-9_0087232_edge.png,14.32336,14.099705,0.0041014961898326
2852,/tmp/DataSetCombined/Edges/Round-5_0117245_edge.png,12.06038,12.624694,0.0041014961898326
2853,/tmp/DataSetCombined/Edges/Round-1_0119710_edge.png,20.19289,20.089237,0.0041014961898326
2854,/tmp/DataSetCombined/Edges/Round-8_0017585_edge.png,9.02804,9.08577,0.0041014961898326
2855,/tmp/DataSetCombined/Edges/Round-3_0063421_edge.png,13.61225,13.703764,0.0041014961898326
2856,/tmp/DataSetCombined/Edges/Round-3_0056108_edge.png,13.01808,13.308538,0.0041014961898326
2857,/tmp/DataSetCombined/Edges/Round-8_0061651_edge.png,7.13453,7.41742,0.0041014961898326
2858,/tmp/DataSetCombined/Edges/Round-10_0105502_edge.png,12.08377,12.500841,0.0041014961898326
2859,/tmp/DataSetCombined/Edges/Round-2_0100759_edge.png,12.66207,13.097729,0.0041014961898326
2860,/tmp/DataSetCombined/Edges/Round-9_0099995_edge.png,15.20294,15.232145,0.0041014961898326
2861,/tmp/DataSetCombined/Edges/Round-1_0136235_edge.png,12.38385,12.593157,0.0041014961898326
2862,/tmp/DataSetCombined/Edges/Round-3_0082294_edge.png,13.66164,13.72151,0.0041014961898326
2863,/tmp/DataSetCombined/Edges/Round-1_0106918_edge.png,17.38462,17.555586,0.0041014961898326
2864,/tmp/DataSetCombined/Edges/Round-9_0034498_edge.png,9.85733,10.090932,0.0041014961898326
2865,/tmp/DataSetCombined/Edges/Round-5_0119723_edge.png,12.45811,12.744436,0.0041014961898326
2866,/tmp/DataSetCombined/Edges/Round-4_0031126_edge.png,22.41163,22.285425,0.0041014961898326
2867,/tmp/DataSetCombined/Edges/Round-5_0064781_edge.png,7.96379,8.137134,0.0041014961898326
2868,/tmp/DataSetCombined/Edges/Round-2_0107834_edge.png,14.5872,14.511878,0.0041014961898326
2869,/tmp/DataSetCombined/Edges/Round-10_0128287_edge.png,13.63449,14.106836,0.0041014961898326
2870,/tmp/DataSetCombined/Edges/Round-6_0132230_edge.png,15.20697,15.246103,0.0041014961898326
2871,/tmp/DataSetCombined/Edges/Round-10_0013427_edge.png,14.71644,14.794708,0.0041014961898326
2872,/tmp/DataSetCombined/Edges/Round-8_0088337_edge.png,11.34552,11.842035,0.0041014961898326
2873,/tmp/DataSetCombined/Edges/Round-9_0162482_edge.png,9.84534,9.873398,0.0041014961898326
2874,/tmp/DataSetCombined/Edges/Round-10_0017731_edge.png,11.81625,12.123587,0.0041014961898326
2875,/tmp/DataSetCombined/Edges/Round-6_0089245_edge.png,14.4489,14.752098,0.0041014961898326
2876,/tmp/DataSetCombined/Edges/Round-10_0094666_edge.png,12.73534,13.081772,0.0041014961898326
2877,/tmp/DataSetCombined/Edges/Round-2_0005000_edge.png,11.2229,11.725927,0.0041014961898326
2878,/tmp/DataSetCombined/Edges/Round-10_0120521_edge.png,18.56066,18.396914,0.0041014961898326
2879,/tmp/DataSetCombined/Edges/Round-3_0053367_edge.png,9.77556,9.750947,0.0041014961898326
2880,/tmp/DataSetCombined/Edges/Round-2_0060067_edge.png,30.25046,30.002247,0.0052551850676536
2881,/tmp/DataSetCombined/Edges/Round-6_0005394_edge.png,9.53689,9.513198,0.0052551850676536
2882,/tmp/DataSetCombined/Edges/Round-2_0075927_edge.png,9.98653,10.135235,0.0052551850676536
2883,/tmp/DataSetCombined/Edges/Round-10_0128739_edge.png,11.17883,11.772322,0.0052551850676536
2884,/tmp/DataSetCombined/Edges/Round-8_0040177_edge.png,10.18625,10.462225,0.0052551850676536
2885,/tmp/DataSetCombined/Edges/Round-6_0043918_edge.png,11.06868,11.630995,0.0052551850676536
2886,/tmp/DataSetCombined/Edges/Round-10_0142796_edge.png,11.19345,11.657219,0.0052551850676536
2887,/tmp/DataSetCombined/Edges/Round-4_0076757_edge.png,12.08387,12.569264,0.0052551850676536
2888,/tmp/DataSetCombined/Edges/Round-5_0064811_edge.png,20.16008,20.082926,0.0052551850676536
2889,/tmp/DataSetCombined/Edges/Round-6_0012524_edge.png,8.36423,8.565081,0.0052551850676536
2890,/tmp/DataSetCombined/Edges/Round-4_0050781_edge.png,13.04241,13.54357,0.0052551850676536
2891,/tmp/DataSetCombined/Edges/Round-9_0128288_edge.png,15.96777,16.26007,0.0052551850676536
2892,/tmp/DataSetCombined/Edges/Round-9_0194748_edge.png,30.27618,29.96281,0.0052551850676536
2893,/tmp/DataSetCombined/Edges/Round-5_0103429_edge.png,15.23319,15.2434025,0.0052551850676536
2894,/tmp/DataSetCombined/Edges/Round-1_0028401_edge.png,30.18171,29.931246,0.0052551850676536
2895,/tmp/DataSetCombined/Edges/Round-8_0028872_edge.png,12.51137,12.993415,0.0052551850676536
2896,/tmp/DataSetCombined/Edges/Round-9_0153401_edge.png,19.63675,19.52513,0.0052551850676536
2897,/tmp/DataSetCombined/Edges/Round-10_0166152_edge.png,18.32886,18.368557,0.0052551850676536
2898,/tmp/DataSetCombined/Edges/Round-10_0106345_edge.png,14.75826,15.0659485,0.0052551850676536
2899,/tmp/DataSetCombined/Edges/Round-1_0108242_edge.png,14.26843,14.430135,0.0052551850676536
2900,/tmp/DataSetCombined/Edges/Round-8_0032502_edge.png,19.96458,19.621222,0.0052551850676536
2901,/tmp/DataSetCombined/Edges/Round-7_0037237_edge.png,14.80786,14.671395,0.0052551850676536
2902,/tmp/DataSetCombined/Edges/Round-2_0096665_edge.png,13.55477,13.663521,0.0052551850676536
2903,/tmp/DataSetCombined/Edges/Round-5_0093526_edge.png,14.89083,14.713341,0.0052551850676536
2904,/tmp/DataSetCombined/Edges/Round-4_0012990_edge.png,18.50125,18.32531,0.0052551850676536
2905,/tmp/DataSetCombined/Edges/Round-8_0009837_edge.png,14.58075,14.512564,0.0052551850676536
2906,/tmp/DataSetCombined/Edges/Round-9_0096142_edge.png,12.1729,12.5465145,0.0052551850676536
2907,/tmp/DataSetCombined/Edges/Round-9_0009335_edge.png,18.98845,18.96261,0.0052551850676536
2908,/tmp/DataSetCombined/Edges/Round-7_0101500_edge.png,16.76459,16.96675,0.0052551850676536
2909,/tmp/DataSetCombined/Edges/Round-1_0017800_edge.png,8.13125,8.348756,0.0052551850676536
2910,/tmp/DataSetCombined/Edges/Round-9_0045364_edge.png,13.47925,13.349256,0.0052551850676536
2911,/tmp/DataSetCombined/Edges/Round-2_0111354_edge.png,27.90791,28.133772,0.0052551850676536
2912,/tmp/DataSetCombined/Edges/Round-5_0033869_edge.png,8.78204,8.703711,0.0052551850676536
2913,/tmp/DataSetCombined/Edges/Round-5_0037691_edge.png,13.99641,14.010505,0.0052551850676536
2914,/tmp/DataSetCombined/Edges/Round-4_0047591_edge.png,20.25665,20.159166,0.0052551850676536
2915,/tmp/DataSetCombined/Edges/Round-4_0038139_edge.png,14.78777,14.891745,0.0052551850676536
2916,/tmp/DataSetCombined/Edges/Round-7_0040758_edge.png,11.46022,12.0222225,0.0052551850676536
2917,/tmp/DataSetCombined/Edges/Round-7_0045815_edge.png,16.02901,16.299753,0.0052551850676536
2918,/tmp/DataSetCombined/Edges/Round-5_0082329_edge.png,11.56192,12.013285,0.0052551850676536
2919,/tmp/DataSetCombined/Edges/Round-7_0037418_edge.png,12.54453,12.702481,0.0052551850676536
2920,/tmp/DataSetCombined/Edges/Round-7_0000425_edge.png,23.31099,23.263641,0.0052551850676536
2921,/tmp/DataSetCombined/Edges/Round-8_0061199_edge.png,18.23274,18.335855,0.0052551850676536
2922,/tmp/DataSetCombined/Edges/Round-3_0013276_edge.png,10.01276,10.446901,0.0052551850676536
2923,/tmp/DataSetCombined/Edges/Round-8_0001963_edge.png,30.32149,30.013592,0.0052551850676536
2924,/tmp/DataSetCombined/Edges/Round-6_0081784_edge.png,10.60409,10.7479725,0.0052551850676536
2925,/tmp/DataSetCombined/Edges/Round-10_0169162_edge.png,9.81947,9.839897,0.0052551850676536
2926,/tmp/DataSetCombined/Edges/Round-6_0095930_edge.png,8.0758,8.2455015,0.0052551850676536
2927,/tmp/DataSetCombined/Edges/Round-8_0035211_edge.png,11.08174,11.316381,0.0052551850676536
2928,/tmp/DataSetCombined/Edges/Round-5_0097138_edge.png,10.47804,10.57067,0.0052551850676536
2929,/tmp/DataSetCombined/Edges/Round-8_0005003_edge.png,10.89944,11.580824,0.0052551850676536
2930,/tmp/DataSetCombined/Edges/Round-1_0005602_edge.png,11.50702,12.052189,0.0052551850676536
2931,/tmp/DataSetCombined/Edges/Round-1_0088226_edge.png,7.6533,7.8578935,0.0052551850676536
2932,/tmp/DataSetCombined/Edges/Round-8_0010782_edge.png,18.21336,18.269924,0.0052551850676536
2933,/tmp/DataSetCombined/Edges/Round-5_0040190_edge.png,6.55964,6.952145,0.0052551850676536
2934,/tmp/DataSetCombined/Edges/Round-1_0012334_edge.png,11.72661,12.221174,0.0052551850676536
2935,/tmp/DataSetCombined/Edges/Round-8_0031731_edge.png,16.7087,16.920097,0.0052551850676536
2936,/tmp/DataSetCombined/Edges/Round-2_0037800_edge.png,15.24535,15.270097,0.0052551850676536
2937,/tmp/DataSetCombined/Edges/Round-8_0001152_edge.png,9.79713,9.963793,0.0052551850676536
2938,/tmp/DataSetCombined/Edges/Round-8_0042687_edge.png,18.34768,18.36905,0.0052551850676536
2939,/tmp/DataSetCombined/Edges/Round-10_0120762_edge.png,10.82714,11.54312,0.0052551850676536
2940,/tmp/DataSetCombined/Edges/Round-3_0025225_edge.png,13.27109,13.783701,0.0052551850676536
2941,/tmp/DataSetCombined/Edges/Round-8_0024116_edge.png,27.34176,27.785673,0.0052551850676536
2942,/tmp/DataSetCombined/Edges/Round-1_0005272_edge.png,9.33147,9.262102,0.0052551850676536
2943,/tmp/DataSetCombined/Edges/Round-7_0070196_edge.png,9.23449,9.226892,0.0052551850676536
2944,/tmp/DataSetCombined/Edges/Round-4_0090483_edge.png,29.70922,29.726858,0.0052348226308822
2945,/tmp/DataSetCombined/Edges/Round-8_0004028_edge.png,18.95657,18.71037,0.0052348226308822
2946,/tmp/DataSetCombined/Edges/Round-5_0037420_edge.png,12.79265,13.263052,0.0052348226308822
2947,/tmp/DataSetCombined/Edges/Round-3_0038680_edge.png,12.11786,12.183799,0.0052348226308822
2948,/tmp/DataSetCombined/Edges/Round-3_0056951_edge.png,14.01096,14.001978,0.0052348226308822
2949,/tmp/DataSetCombined/Edges/Round-8_0038251_edge.png,17.57215,17.837614,0.0052348226308822
2950,/tmp/DataSetCombined/Edges/Round-10_0019597_edge.png,18.11453,18.238846,0.0052348226308822
2951,/tmp/DataSetCombined/Edges/Round-5_0042387_edge.png,7.21314,7.5692534,0.0052348226308822
2952,/tmp/DataSetCombined/Edges/Round-10_0128498_edge.png,14.22237,14.533027,0.0052348226308822
2953,/tmp/DataSetCombined/Edges/Round-5_0085618_edge.png,12.90975,13.363818,0.0052348226308822
2954,/tmp/DataSetCombined/Edges/Round-6_0060231_edge.png,13.45971,13.999678,0.0052348226308822
2955,/tmp/DataSetCombined/Edges/Round-9_0062731_edge.png,13.61549,13.725941,0.0052348226308822
2956,/tmp/DataSetCombined/Edges/Round-9_0158689_edge.png,7.25962,7.479773,0.0052348226308822
2957,/tmp/DataSetCombined/Edges/Round-7_0024776_edge.png,13.29163,13.372473,0.0052348226308822
2958,/tmp/DataSetCombined/Edges/Round-5_0096927_edge.png,9.35855,9.31335,0.0052348226308822
2959,/tmp/DataSetCombined/Edges/Round-5_0017555_edge.png,8.6331,8.731977,0.0052348226308822
2960,/tmp/DataSetCombined/Edges/Round-1_0013167_edge.png,12.46012,12.903322,0.0052348226308822
2961,/tmp/DataSetCombined/Edges/Round-8_0030678_edge.png,9.96447,10.341194,0.0052348226308822
2962,/tmp/DataSetCombined/Edges/Round-5_0020565_edge.png,8.81577,8.882209,0.0052348226308822
2963,/tmp/DataSetCombined/Edges/Round-10_0141592_edge.png,12.31768,12.786723,0.0052348226308822
2964,/tmp/DataSetCombined/Edges/Round-2_0088358_edge.png,7.5608,7.7731757,0.0052348226308822
2965,/tmp/DataSetCombined/Edges/Round-9_0154957_edge.png,30.29971,30.000128,0.0052348226308822
2966,/tmp/DataSetCombined/Edges/Round-9_0187586_edge.png,11.98967,12.267994,0.0052348226308822
2967,/tmp/DataSetCombined/Edges/Round-2_0043000_edge.png,14.57656,14.38548,0.0052348226308822
2968,/tmp/DataSetCombined/Edges/Round-3_0082987_edge.png,13.62793,13.727892,0.0052348226308822
2969,/tmp/DataSetCombined/Edges/Round-9_0049728_edge.png,30.22227,29.922821,0.0052348226308822
2970,/tmp/DataSetCombined/Edges/Round-9_0101078_edge.png,9.45851,9.327457,0.0052348226308822
2971,/tmp/DataSetCombined/Edges/Round-10_0143818_edge.png,13.77535,13.818062,0.0052348226308822
2972,/tmp/DataSetCombined/Edges/Round-8_0019902_edge.png,9.2174,9.191677,0.0052348226308822
2973,/tmp/DataSetCombined/Edges/Round-4_0071430_edge.png,12.51388,12.795871,0.0052348226308822
2974,/tmp/DataSetCombined/Edges/Round-1_0161579_edge.png,13.62529,13.737127,0.0052348226308822
2975,/tmp/DataSetCombined/Edges/Round-8_0052297_edge.png,12.7885,13.039598,0.0052348226308822
2976,/tmp/DataSetCombined/Edges/Round-5_0003122_edge.png,15.81671,16.111223,0.0052348226308822
2977,/tmp/DataSetCombined/Edges/Round-3_0000567_edge.png,12.71403,12.780251,0.0052348226308822
2978,/tmp/DataSetCombined/Edges/Round-4_0046868_edge.png,15.97724,16.253073,0.0052348226308822
2979,/tmp/DataSetCombined/Edges/Round-1_0073869_edge.png,8.57417,8.670372,0.0052348226308822
2980,/tmp/DataSetCombined/Edges/Round-1_0018134_edge.png,13.50172,13.679161,0.0052348226308822
2981,/tmp/DataSetCombined/Edges/Round-10_0112304_edge.png,20.209,20.06904,0.0052348226308822
2982,/tmp/DataSetCombined/Edges/Round-1_0051986_edge.png,13.91958,13.942293,0.0052348226308822
2983,/tmp/DataSetCombined/Edges/Round-7_0025317_edge.png,20.21655,20.08454,0.0052348226308822
2984,/tmp/DataSetCombined/Edges/Round-8_0072667_edge.png,9.31714,9.230209,0.0052348226308822
2985,/tmp/DataSetCombined/Edges/Round-2_0077178_edge.png,17.41941,17.649069,0.0052348226308822
2986,/tmp/DataSetCombined/Edges/Round-5_0105446_edge.png,20.19586,20.070906,0.0052348226308822
2987,/tmp/DataSetCombined/Edges/Round-1_0110590_edge.png,12.75045,13.203263,0.0052348226308822
2988,/tmp/DataSetCombined/Edges/Round-10_0066613_edge.png,13.64709,13.746111,0.0052348226308822
2989,/tmp/DataSetCombined/Edges/Round-10_0125127_edge.png,8.79676,8.893806,0.0052348226308822
2990,/tmp/DataSetCombined/Edges/Round-10_0076997_edge.png,9.4585,9.33971,0.0052348226308822
2991,/tmp/DataSetCombined/Edges/Round-7_0053039_edge.png,15.16985,15.209604,0.0052348226308822
2992,/tmp/DataSetCombined/Edges/Round-2_0096906_edge.png,26.02228,26.417152,0.0052348226308822
2993,/tmp/DataSetCombined/Edges/Round-3_0043195_edge.png,12.74526,12.975918,0.0052348226308822
2994,/tmp/DataSetCombined/Edges/Round-5_0043530_edge.png,16.73972,17.099987,0.0052348226308822
2995,/tmp/DataSetCombined/Edges/Round-1_0092320_edge.png,11.82828,12.285997,0.0052348226308822
2996,/tmp/DataSetCombined/Edges/Round-7_0033986_edge.png,15.64931,15.642506,0.0052348226308822
2997,/tmp/DataSetCombined/Edges/Round-4_0070165_edge.png,10.93515,11.465077,0.0052348226308822
2998,/tmp/DataSetCombined/Edges/Round-1_0082056_edge.png,13.50278,13.609352,0.0052348226308822
2999,/tmp/DataSetCombined/Edges/Round-7_0039856_edge.png,28.61484,28.762064,0.0052348226308822
3000,/tmp/DataSetCombined/Edges/Round-7_0045243_edge.png,18.42603,18.512928,0.0052348226308822
3001,/tmp/DataSetCombined/Edges/Round-8_0013702_edge.png,12.55968,12.600229,0.0052348226308822
3002,/tmp/DataSetCombined/Edges/Round-2_0087726_edge.png,12.29286,12.600679,0.0052348226308822
3003,/tmp/DataSetCombined/Edges/Round-6_0038138_edge.png,24.2838,24.100294,0.0052348226308822
3004,/tmp/DataSetCombined/Edges/Round-10_0073506_edge.png,19.66527,19.570326,0.0052348226308822
3005,/tmp/DataSetCombined/Edges/Round-2_0088027_edge.png,9.55004,9.454294,0.0052348226308822
3006,/tmp/DataSetCombined/Edges/Round-9_0103373_edge.png,12.54625,12.987435,0.0052348226308822
3007,/tmp/DataSetCombined/Edges/Round-8_0012377_edge.png,16.35003,16.761307,0.0052348226308822
3008,/tmp/DataSetCombined/Edges/Round-10_0189901_edge.png,13.65421,13.72608,0.0052634738385677
3009,/tmp/DataSetCombined/Edges/Round-4_0052377_edge.png,9.67393,9.634478,0.0052634738385677
3010,/tmp/DataSetCombined/Edges/Round-5_0011444_edge.png,11.22205,11.518677,0.0052634738385677
3011,/tmp/DataSetCombined/Edges/Round-9_0088818_edge.png,24.51771,24.475172,0.0052634738385677
3012,/tmp/DataSetCombined/Edges/Round-1_0011300_edge.png,13.52374,13.595821,0.0052634738385677
3013,/tmp/DataSetCombined/Edges/Round-2_0053472_edge.png,10.27096,10.545076,0.0052634738385677
3014,/tmp/DataSetCombined/Edges/Round-4_0068360_edge.png,7.80839,7.966377,0.0052634738385677
3015,/tmp/DataSetCombined/Edges/Round-6_0023420_edge.png,18.10645,17.956245,0.0052634738385677
3016,/tmp/DataSetCombined/Edges/Round-7_0077269_edge.png,16.6865,16.779795,0.0052634738385677
3017,/tmp/DataSetCombined/Edges/Round-3_0065589_edge.png,15.30833,15.606573,0.0052634738385677
3018,/tmp/DataSetCombined/Edges/Round-4_0061226_edge.png,9.12952,9.017203,0.0052634738385677
3019,/tmp/DataSetCombined/Edges/Round-8_0026151_edge.png,9.8145,9.684107,0.0052634738385677
3020,/tmp/DataSetCombined/Edges/Round-1_0053734_edge.png,18.34631,18.457586,0.0052634738385677
3021,/tmp/DataSetCombined/Edges/Round-8_0020282_edge.png,25.16967,25.410913,0.0052634738385677
3022,/tmp/DataSetCombined/Edges/Round-4_0040096_edge.png,17.62975,17.825275,0.0052634738385677
3023,/tmp/DataSetCombined/Edges/Round-1_0096926_edge.png,8.70968,8.831246,0.0052634738385677
3024,/tmp/DataSetCombined/Edges/Round-5_0091058_edge.png,8.76514,8.8358135,0.0052634738385677
3025,/tmp/DataSetCombined/Edges/Round-1_0152880_edge.png,10.37321,10.669609,0.0052634738385677
3026,/tmp/DataSetCombined/Edges/Round-6_0010447_edge.png,19.66117,19.567013,0.0052634738385677
3027,/tmp/DataSetCombined/Edges/Round-3_0073716_edge.png,12.51472,12.902513,0.0052634738385677
3028,/tmp/DataSetCombined/Edges/Round-9_0069925_edge.png,13.83567,14.192639,0.0052634738385677
3029,/tmp/DataSetCombined/Edges/Round-8_0007621_edge.png,16.08855,16.432028,0.0052634738385677
3030,/tmp/DataSetCombined/Edges/Round-10_0035791_edge.png,12.05934,12.489121,0.0052634738385677
3031,/tmp/DataSetCombined/Edges/Round-8_0007712_edge.png,13.97948,13.99308,0.0052634738385677
3032,/tmp/DataSetCombined/Edges/Round-4_0008822_edge.png,18.34266,18.332891,0.0052634738385677
3033,/tmp/DataSetCombined/Edges/Round-10_0088887_edge.png,17.89916,17.787712,0.0052634738385677
3034,/tmp/DataSetCombined/Edges/Round-10_0018634_edge.png,19.62104,19.5263,0.0052634738385677
3035,/tmp/DataSetCombined/Edges/Round-7_0037598_edge.png,13.28701,13.8043,0.0052634738385677
3036,/tmp/DataSetCombined/Edges/Round-3_0020892_edge.png,17.92026,17.82052,0.0052634738385677
3037,/tmp/DataSetCombined/Edges/Round-9_0126784_edge.png,8.85462,8.97813,0.0052634738385677
3038,/tmp/DataSetCombined/Edges/Round-1_0065967_edge.png,15.83099,16.220257,0.0052634738385677
3039,/tmp/DataSetCombined/Edges/Round-7_0092801_edge.png,12.10651,12.626749,0.0052634738385677
3040,/tmp/DataSetCombined/Edges/Round-7_0019629_edge.png,12.28043,12.776035,0.0052634738385677
3041,/tmp/DataSetCombined/Edges/Round-8_0058189_edge.png,15.30754,15.6735,0.0052634738385677
3042,/tmp/DataSetCombined/Edges/Round-2_0072676_edge.png,18.21539,18.267153,0.0052634738385677
3043,/tmp/DataSetCombined/Edges/Round-10_0082596_edge.png,12.67902,12.963601,0.0052634738385677
3044,/tmp/DataSetCombined/Edges/Round-3_0009423_edge.png,9.35486,9.26142,0.0052634738385677
3045,/tmp/DataSetCombined/Edges/Round-5_0043212_edge.png,12.25396,12.755651,0.0052634738385677
3046,/tmp/DataSetCombined/Edges/Round-10_0040788_edge.png,16.90061,16.935997,0.0052634738385677
3047,/tmp/DataSetCombined/Edges/Round-10_0074108_edge.png,12.00146,12.58087,0.0052634738385677
3048,/tmp/DataSetCombined/Edges/Round-8_0005849_edge.png,13.07609,13.560679,0.0052634738385677
3049,/tmp/DataSetCombined/Edges/Round-6_0056529_edge.png,8.7051,8.8313265,0.0052634738385677
3050,/tmp/DataSetCombined/Edges/Round-8_0039726_edge.png,10.43533,11.142327,0.0052634738385677
3051,/tmp/DataSetCombined/Edges/Round-9_0133164_edge.png,15.1409,15.427633,0.0052634738385677
3052,/tmp/DataSetCombined/Edges/Round-10_0028447_edge.png,15.98544,16.012915,0.0052634738385677
3053,/tmp/DataSetCombined/Edges/Round-9_0109356_edge.png,19.60134,19.499952,0.0052634738385677
3054,/tmp/DataSetCombined/Edges/Round-8_0004870_edge.png,12.57204,12.861441,0.0052634738385677
3055,/tmp/DataSetCombined/Edges/Round-7_0060053_edge.png,6.87247,7.2353826,0.0052634738385677
3056,/tmp/DataSetCombined/Edges/Round-9_0189511_edge.png,19.83602,19.470922,0.0052634738385677
3057,/tmp/DataSetCombined/Edges/Round-9_0151706_edge.png,10.04742,10.13819,0.0052634738385677
3058,/tmp/DataSetCombined/Edges/Round-1_0146499_edge.png,12.64365,13.103251,0.0052634738385677
3059,/tmp/DataSetCombined/Edges/Round-3_0026767_edge.png,12.51049,12.969484,0.0052634738385677
3060,/tmp/DataSetCombined/Edges/Round-3_0041750_edge.png,19.58685,19.497667,0.0052634738385677
3061,/tmp/DataSetCombined/Edges/Round-6_0069081_edge.png,9.11698,9.055383,0.0052634738385677
3062,/tmp/DataSetCombined/Edges/Round-1_0109176_edge.png,8.01611,8.30242,0.0052634738385677
3063,/tmp/DataSetCombined/Edges/Round-4_0066252_edge.png,10.02736,10.488964,0.0052634738385677
3064,/tmp/DataSetCombined/Edges/Round-9_0154415_edge.png,8.88501,8.987441,0.0052634738385677
3065,/tmp/DataSetCombined/Edges/Round-1_0159291_edge.png,19.63707,19.542677,0.0052634738385677
3066,/tmp/DataSetCombined/Edges/Round-10_0010056_edge.png,9.93156,10.205511,0.0052634738385677
3067,/tmp/DataSetCombined/Edges/Round-9_0082145_edge.png,10.26105,10.84993,0.0052634738385677
3068,/tmp/DataSetCombined/Edges/Round-9_0004067_edge.png,28.26924,28.520329,0.0052634738385677
3069,/tmp/DataSetCombined/Edges/Round-9_0108693_edge.png,12.70728,13.004744,0.0052634738385677
3070,/tmp/DataSetCombined/Edges/Round-10_0145926_edge.png,8.63479,8.841646,0.0052634738385677
3071,/tmp/DataSetCombined/Edges/Round-9_0006987_edge.png,30.2642,29.960148,0.0052634738385677
3072,/tmp/DataSetCombined/Edges/Round-3_0027821_edge.png,28.65725,28.711699,0.0053104758262634
3073,/tmp/DataSetCombined/Edges/Round-10_0006031_edge.png,14.04505,14.102634,0.0053104758262634
3074,/tmp/DataSetCombined/Edges/Round-9_0003465_edge.png,19.43179,19.368383,0.0053104758262634
3075,/tmp/DataSetCombined/Edges/Round-7_0005181_edge.png,13.05828,13.554566,0.0053104758262634
3076,/tmp/DataSetCombined/Edges/Round-7_0038802_edge.png,11.91767,12.527889,0.0053104758262634
3077,/tmp/DataSetCombined/Edges/Round-9_0159201_edge.png,12.08907,12.489216,0.0053104758262634
3078,/tmp/DataSetCombined/Edges/Round-9_0043317_edge.png,11.80258,12.424196,0.0053104758262634
3079,/tmp/DataSetCombined/Edges/Round-6_0073024_edge.png,12.28478,12.75559,0.0053104758262634
3080,/tmp/DataSetCombined/Edges/Round-9_0106526_edge.png,15.22262,15.248783,0.0053104758262634
3081,/tmp/DataSetCombined/Edges/Round-7_0026612_edge.png,16.4928,16.526402,0.0053104758262634
3082,/tmp/DataSetCombined/Edges/Round-10_0140688_edge.png,20.14574,20.059221,0.0053104758262634
3083,/tmp/DataSetCombined/Edges/Round-8_0058279_edge.png,30.33294,30.104765,0.0053104758262634
3084,/tmp/DataSetCombined/Edges/Round-8_0072486_edge.png,14.52086,14.5012455,0.0053104758262634
3085,/tmp/DataSetCombined/Edges/Round-7_0057343_edge.png,27.69228,27.89652,0.0053104758262634
3086,/tmp/DataSetCombined/Edges/Round-9_0145445_edge.png,15.28999,15.227717,0.0053104758262634
3087,/tmp/DataSetCombined/Edges/Round-10_0029982_edge.png,15.98504,16.343222,0.0053104758262634
3088,/tmp/DataSetCombined/Edges/Round-1_0121095_edge.png,13.98661,13.986071,0.0053104758262634
3089,/tmp/DataSetCombined/Edges/Round-3_0039974_edge.png,16.03461,16.2845,0.0053104758262634
3090,/tmp/DataSetCombined/Edges/Round-9_0151074_edge.png,8.54489,8.624325,0.0053104758262634
3091,/tmp/DataSetCombined/Edges/Round-6_0130484_edge.png,14.87886,14.8713665,0.0053104758262634
3092,/tmp/DataSetCombined/Edges/Round-5_0030108_edge.png,20.27396,20.153217,0.0053104758262634
3093,/tmp/DataSetCombined/Edges/Round-5_0099035_edge.png,8.74413,8.83115,0.0053104758262634
3094,/tmp/DataSetCombined/Edges/Round-1_0154144_edge.png,16.3157,16.732752,0.0053104758262634
3095,/tmp/DataSetCombined/Edges/Round-3_0039221_edge.png,8.28659,8.612217,0.0053104758262634
3096,/tmp/DataSetCombined/Edges/Round-1_0002234_edge.png,9.14027,9.155943,0.0053104758262634
3097,/tmp/DataSetCombined/Edges/Round-6_0052586_edge.png,12.34717,12.828457,0.0053104758262634
3098,/tmp/DataSetCombined/Edges/Round-6_0062399_edge.png,8.48758,8.6290655,0.0053104758262634
3099,/tmp/DataSetCombined/Edges/Round-5_0064600_edge.png,23.78823,23.587305,0.0053104758262634
3100,/tmp/DataSetCombined/Edges/Round-8_0020613_edge.png,19.1059,19.041368,0.0053104758262634
3101,/tmp/DataSetCombined/Edges/Round-10_0157725_edge.png,9.1607,9.15201,0.0053104758262634
3102,/tmp/DataSetCombined/Edges/Round-9_0192973_edge.png,8.0709,8.347555,0.0053104758262634
3103,/tmp/DataSetCombined/Edges/Round-7_0060835_edge.png,13.28639,13.801548,0.0053104758262634
3104,/tmp/DataSetCombined/Edges/Round-8_0002173_edge.png,19.6012,19.492254,0.0053104758262634
3105,/tmp/DataSetCombined/Edges/Round-7_0035401_edge.png,12.55185,12.996992,0.0053104758262634
3106,/tmp/DataSetCombined/Edges/Round-10_0195921_edge.png,15.24257,15.255899,0.0053104758262634
3107,/tmp/DataSetCombined/Edges/Round-6_0117090_edge.png,14.59009,14.516441,0.0053104758262634
3108,/tmp/DataSetCombined/Edges/Round-6_0007678_edge.png,10.00059,10.038371,0.0053104758262634
3109,/tmp/DataSetCombined/Edges/Round-9_0024475_edge.png,6.68185,7.069573,0.0053104758262634
3110,/tmp/DataSetCombined/Edges/Round-3_0070284_edge.png,15.67631,15.978114,0.0053104758262634
3111,/tmp/DataSetCombined/Edges/Round-4_0009575_edge.png,16.06201,16.346617,0.0053104758262634
3112,/tmp/DataSetCombined/Edges/Round-10_0030192_edge.png,9.4877,9.346997,0.0053104758262634
3113,/tmp/DataSetCombined/Edges/Round-9_0063755_edge.png,18.94449,18.96802,0.0053104758262634
3114,/tmp/DataSetCombined/Edges/Round-10_0174520_edge.png,20.23282,20.111177,0.0053104758262634
3115,/tmp/DataSetCombined/Edges/Round-1_0003301_edge.png,9.49245,9.451251,0.0053104758262634
3116,/tmp/DataSetCombined/Edges/Round-1_0043000_edge.png,8.54359,8.611353,0.0053104758262634
3117,/tmp/DataSetCombined/Edges/Round-5_0012679_edge.png,12.03118,12.528658,0.0053104758262634
3118,/tmp/DataSetCombined/Edges/Round-9_0078353_edge.png,8.27644,8.421335,0.0053104758262634
3119,/tmp/DataSetCombined/Edges/Round-3_0067786_edge.png,30.24541,29.94851,0.0053104758262634
3120,/tmp/DataSetCombined/Edges/Round-6_0011862_edge.png,20.29238,19.978045,0.0053104758262634
3121,/tmp/DataSetCombined/Edges/Round-6_0133795_edge.png,9.62443,9.585802,0.0053104758262634
3122,/tmp/DataSetCombined/Edges/Round-2_0065151_edge.png,9.27108,9.228864,0.0053104758262634
3123,/tmp/DataSetCombined/Edges/Round-7_0088587_edge.png,11.25044,11.843384,0.0053104758262634
3124,/tmp/DataSetCombined/Edges/Round-10_0183912_edge.png,12.36225,12.627714,0.0053104758262634
3125,/tmp/DataSetCombined/Edges/Round-10_0030781_edge.png,19.63519,19.562702,0.0053104758262634
3126,/tmp/DataSetCombined/Edges/Round-5_0053072_edge.png,20.03676,19.939735,0.0053104758262634
3127,/tmp/DataSetCombined/Edges/Round-5_0069567_edge.png,7.86622,8.067989,0.0053104758262634
3128,/tmp/DataSetCombined/Edges/Round-8_0068451_edge.png,13.61768,13.7313795,0.0053104758262634
3129,/tmp/DataSetCombined/Edges/Round-8_0018144_edge.png,13.42403,13.621218,0.0053104758262634
3130,/tmp/DataSetCombined/Edges/Round-7_0005060_edge.png,13.49568,13.58377,0.0053104758262634
3131,/tmp/DataSetCombined/Edges/Round-1_0125128_edge.png,12.62804,12.92206,0.0053104758262634
3132,/tmp/DataSetCombined/Edges/Round-6_0130725_edge.png,12.62416,13.087948,0.0053104758262634
3133,/tmp/DataSetCombined/Edges/Round-6_0080639_edge.png,13.8465,14.242762,0.0053104758262634
3134,/tmp/DataSetCombined/Edges/Round-9_0019900_edge.png,9.57606,9.532042,0.0053104758262634
3135,/tmp/DataSetCombined/Edges/Round-5_0066798_edge.png,13.42313,13.59997,0.0053104758262634
3136,/tmp/DataSetCombined/Edges/Round-1_0114082_edge.png,6.63105,6.888861,0.00349697843194
3137,/tmp/DataSetCombined/Edges/Round-1_0126513_edge.png,15.27816,15.267387,0.00349697843194
3138,/tmp/DataSetCombined/Edges/Round-8_0044331_edge.png,13.65679,13.749004,0.00349697843194
3139,/tmp/DataSetCombined/Edges/Round-1_0122750_edge.png,8.92334,9.008452,0.00349697843194
3140,/tmp/DataSetCombined/Edges/Round-10_0111642_edge.png,15.26932,15.63221,0.00349697843194
3141,/tmp/DataSetCombined/Edges/Round-3_0049576_edge.png,10.3645,10.86875,0.00349697843194
3142,/tmp/DataSetCombined/Edges/Round-10_0109692_edge.png,8.71744,8.824836,0.00349697843194
3143,/tmp/DataSetCombined/Edges/Round-7_0105774_edge.png,8.05158,8.328952,0.00349697843194
3144,/tmp/DataSetCombined/Edges/Round-8_0077712_edge.png,9.51517,9.357304,0.00349697843194
3145,/tmp/DataSetCombined/Edges/Round-6_0088736_edge.png,20.22083,20.096125,0.00349697843194
3146,/tmp/DataSetCombined/Edges/Round-6_0017911_edge.png,13.66253,13.767256,0.00349697843194
3147,/tmp/DataSetCombined/Edges/Round-9_0075494_edge.png,12.9324,13.242756,0.00349697843194
3148,/tmp/DataSetCombined/Edges/Round-9_0145205_edge.png,13.14275,13.609804,0.00349697843194
3149,/tmp/DataSetCombined/Edges/Round-1_0142917_edge.png,8.50912,8.749898,0.00349697843194
3150,/tmp/DataSetCombined/Edges/Round-7_0034859_edge.png,9.82851,9.993934,0.00349697843194
3151,/tmp/DataSetCombined/Edges/Round-10_0191467_edge.png,16.02923,16.325718,0.00349697843194
3152,/tmp/DataSetCombined/Edges/Round-10_0037055_edge.png,15.7974,16.146242,0.00349697843194
3153,/tmp/DataSetCombined/Edges/Round-6_0051683_edge.png,21.11127,20.903257,0.00349697843194
3154,/tmp/DataSetCombined/Edges/Round-6_0122357_edge.png,8.72178,8.821533,0.00349697843194
3155,/tmp/DataSetCombined/Edges/Round-5_0029756_edge.png,20.27398,20.14868,0.00349697843194
3156,/tmp/DataSetCombined/Edges/Round-10_0015625_edge.png,12.09844,12.408234,0.00349697843194
3157,/tmp/DataSetCombined/Edges/Round-10_0070917_edge.png,17.86539,18.004114,0.00349697843194
3158,/tmp/DataSetCombined/Edges/Round-3_0027467_edge.png,9.11852,9.090051,0.00349697843194
3159,/tmp/DataSetCombined/Edges/Round-10_0051271_edge.png,18.30168,18.33431,0.00349697843194
3160,/tmp/DataSetCombined/Edges/Round-4_0084824_edge.png,13.98142,13.987686,0.00349697843194
3161,/tmp/DataSetCombined/Edges/Round-7_0078293_edge.png,13.19216,13.675938,0.00349697843194
3162,/tmp/DataSetCombined/Edges/Round-4_0012466_edge.png,9.51669,9.327045,0.00349697843194
3163,/tmp/DataSetCombined/Edges/Round-9_0187435_edge.png,8.69196,8.834841,0.00349697843194
3164,/tmp/DataSetCombined/Edges/Round-9_0036996_edge.png,18.60179,18.696993,0.00349697843194
3165,/tmp/DataSetCombined/Edges/Round-10_0137055_edge.png,13.66122,13.771994,0.00349697843194
3166,/tmp/DataSetCombined/Edges/Round-5_0070048_edge.png,9.64059,9.785962,0.00349697843194
3167,/tmp/DataSetCombined/Edges/Round-10_0159350_edge.png,15.02641,15.012949,0.00349697843194
3168,/tmp/DataSetCombined/Edges/Round-6_0109565_edge.png,13.71667,13.936369,0.00349697843194
3169,/tmp/DataSetCombined/Edges/Round-9_0102071_edge.png,11.90735,12.187762,0.00349697843194
3170,/tmp/DataSetCombined/Edges/Round-8_0032622_edge.png,12.56249,12.86088,0.00349697843194
3171,/tmp/DataSetCombined/Edges/Round-9_0049307_edge.png,5.87734,6.403115,0.00349697843194
3172,/tmp/DataSetCombined/Edges/Round-9_0127325_edge.png,11.45512,11.747244,0.00349697843194
3173,/tmp/DataSetCombined/Edges/Round-9_0075855_edge.png,9.17852,9.164964,0.00349697843194
3174,/tmp/DataSetCombined/Edges/Round-6_0087261_edge.png,13.11183,13.596651,0.00349697843194
3175,/tmp/DataSetCombined/Edges/Round-1_0077151_edge.png,11.64361,11.993407,0.00349697843194
3176,/tmp/DataSetCombined/Edges/Round-1_0087985_edge.png,8.38947,8.688578,0.00349697843194
3177,/tmp/DataSetCombined/Edges/Round-9_0083921_edge.png,9.52159,9.510691,0.00349697843194
3178,/tmp/DataSetCombined/Edges/Round-2_0099856_edge.png,8.97971,8.983715,0.00349697843194
3179,/tmp/DataSetCombined/Edges/Round-7_0009064_edge.png,8.00142,8.290186,0.00349697843194
3180,/tmp/DataSetCombined/Edges/Round-6_0052797_edge.png,18.30531,18.330807,0.00349697843194
3181,/tmp/DataSetCombined/Edges/Round-6_0015172_edge.png,11.60443,12.045094,0.00349697843194
3182,/tmp/DataSetCombined/Edges/Round-1_0033836_edge.png,9.23706,9.077107,0.00349697843194
3183,/tmp/DataSetCombined/Edges/Round-3_0022246_edge.png,20.2733,20.158625,0.00349697843194
3184,/tmp/DataSetCombined/Edges/Round-3_0033582_edge.png,15.22635,15.257999,0.00349697843194
3185,/tmp/DataSetCombined/Edges/Round-10_0095810_edge.png,29.98636,29.87417,0.00349697843194
3186,/tmp/DataSetCombined/Edges/Round-8_0034380_edge.png,15.43521,15.706818,0.00349697843194
3187,/tmp/DataSetCombined/Edges/Round-10_0153781_edge.png,14.00618,14.012856,0.00349697843194
3188,/tmp/DataSetCombined/Edges/Round-5_0024207_edge.png,8.3312,8.417167,0.00349697843194
3189,/tmp/DataSetCombined/Edges/Round-6_0109534_edge.png,9.16556,9.141596,0.00349697843194
3190,/tmp/DataSetCombined/Edges/Round-1_0059401_edge.png,23.88008,23.693327,0.00349697843194
3191,/tmp/DataSetCombined/Edges/Round-7_0045905_edge.png,9.87635,10.180984,0.00349697843194
3192,/tmp/DataSetCombined/Edges/Round-3_0021312_edge.png,8.95783,8.972375,0.00349697843194
3193,/tmp/DataSetCombined/Edges/Round-1_0060201_edge.png,12.69389,12.976152,0.00349697843194
3194,/tmp/DataSetCombined/Edges/Round-10_0014150_edge.png,9.45903,9.325127,0.00349697843194
3195,/tmp/DataSetCombined/Edges/Round-8_0046017_edge.png,16.10481,16.403303,0.00349697843194
3196,/tmp/DataSetCombined/Edges/Round-7_0061588_edge.png,9.62587,9.590776,0.00349697843194
3197,/tmp/DataSetCombined/Edges/Round-7_0005091_edge.png,7.68506,7.890242,0.00349697843194
3198,/tmp/DataSetCombined/Edges/Round-10_0157544_edge.png,17.76302,17.971352,0.00349697843194
3199,/tmp/DataSetCombined/Edges/Round-8_0048311_edge.png,9.03544,9.028886,0.00349697843194
3200,/tmp/DataSetCombined/Edges/Round-2_0004600_edge.png,14.79681,14.769814,0.0039024837315082
3201,/tmp/DataSetCombined/Edges/Round-3_0035267_edge.png,9.31387,9.260719,0.0039024837315082
3202,/tmp/DataSetCombined/Edges/Round-8_0057274_edge.png,12.22707,12.751801,0.0039024837315082
3203,/tmp/DataSetCombined/Edges/Round-9_0112035_edge.png,12.2867,12.764562,0.0039024837315082
3204,/tmp/DataSetCombined/Edges/Round-10_0093161_edge.png,13.23347,13.59781,0.0039024837315082
3205,/tmp/DataSetCombined/Edges/Round-1_0025367_edge.png,24.42819,24.369993,0.0039024837315082
3206,/tmp/DataSetCombined/Edges/Round-5_0050845_edge.png,14.36545,14.364791,0.0039024837315082
3207,/tmp/DataSetCombined/Edges/Round-2_0061389_edge.png,13.3974,13.7243595,0.0039024837315082
3208,/tmp/DataSetCombined/Edges/Round-9_0175906_edge.png,20.01059,19.899904,0.0039024837315082
3209,/tmp/DataSetCombined/Edges/Round-10_0004394_edge.png,19.542,19.467592,0.0039024837315082
3210,/tmp/DataSetCombined/Edges/Round-5_0029444_edge.png,8.96982,9.028027,0.0039024837315082
3211,/tmp/DataSetCombined/Edges/Round-6_0019688_edge.png,14.56773,14.883826,0.0039024837315082
3212,/tmp/DataSetCombined/Edges/Round-10_0173467_edge.png,10.7108,11.453096,0.0039024837315082
3213,/tmp/DataSetCombined/Edges/Round-5_0046480_edge.png,13.62795,13.740798,0.0039024837315082
3214,/tmp/DataSetCombined/Edges/Round-9_0052377_edge.png,24.93609,25.191393,0.0039024837315082
3215,/tmp/DataSetCombined/Edges/Round-3_0078291_edge.png,8.58373,8.829721,0.0039024837315082
3216,/tmp/DataSetCombined/Edges/Round-5_0051087_edge.png,18.94381,18.697363,0.0039024837315082
3217,/tmp/DataSetCombined/Edges/Round-8_0077411_edge.png,8.71737,8.762307,0.0039024837315082
3218,/tmp/DataSetCombined/Edges/Round-2_0093535_edge.png,7.7468,7.9815593,0.0039024837315082
3219,/tmp/DataSetCombined/Edges/Round-6_0018423_edge.png,18.32141,18.3591,0.0039024837315082
3220,/tmp/DataSetCombined/Edges/Round-7_0043197_edge.png,12.36535,12.810652,0.0039024837315082
3221,/tmp/DataSetCombined/Edges/Round-10_0023510_edge.png,17.38888,17.381441,0.0039024837315082
3222,/tmp/DataSetCombined/Edges/Round-1_0043367_edge.png,10.12829,10.393568,0.0039024837315082
3223,/tmp/DataSetCombined/Edges/Round-6_0105953_edge.png,19.41692,19.367792,0.0039024837315082
3224,/tmp/DataSetCombined/Edges/Round-10_0073175_edge.png,7.91358,8.092974,0.0039024837315082
3225,/tmp/DataSetCombined/Edges/Round-9_0053702_edge.png,9.577,9.532265,0.0039024837315082
3226,/tmp/DataSetCombined/Edges/Round-4_0091115_edge.png,5.96539,6.4301524,0.0039024837315082
3227,/tmp/DataSetCombined/Edges/Round-8_0010499_edge.png,11.95431,12.45295,0.0039024837315082
3228,/tmp/DataSetCombined/Edges/Round-4_0056199_edge.png,13.28255,13.803467,0.0039024837315082
3229,/tmp/DataSetCombined/Edges/Round-6_0014540_edge.png,13.09128,13.295068,0.0039024837315082
3230,/tmp/DataSetCombined/Edges/Round-10_0155046_edge.png,14.58644,14.522552,0.0039024837315082
3231,/tmp/DataSetCombined/Edges/Round-1_0078775_edge.png,12.94917,13.4396515,0.0039024837315082
3232,/tmp/DataSetCombined/Edges/Round-5_0038444_edge.png,6.65118,6.992949,0.0039024837315082
3233,/tmp/DataSetCombined/Edges/Round-2_0106719_edge.png,14.14994,14.438224,0.0039024837315082
3234,/tmp/DataSetCombined/Edges/Round-4_0050841_edge.png,10.4308,10.565803,0.0039024837315082
3235,/tmp/DataSetCombined/Edges/Round-8_0063607_edge.png,13.30493,13.816913,0.0039024837315082
3236,/tmp/DataSetCombined/Edges/Round-7_0067547_edge.png,20.19413,20.088778,0.0039024837315082
3237,/tmp/DataSetCombined/Edges/Round-10_0064687_edge.png,8.02284,8.207027,0.0039024837315082
3238,/tmp/DataSetCombined/Edges/Round-8_0046529_edge.png,8.51639,8.64245,0.0039024837315082
3239,/tmp/DataSetCombined/Edges/Round-3_0049335_edge.png,12.329,12.795305,0.0039024837315082
3240,/tmp/DataSetCombined/Edges/Round-10_0194145_edge.png,19.65482,19.546032,0.0039024837315082
3241,/tmp/DataSetCombined/Edges/Round-3_0048974_edge.png,12.17876,12.558107,0.0039024837315082
3242,/tmp/DataSetCombined/Edges/Round-7_0136596_edge.png,13.92927,14.027973,0.0039024837315082
3243,/tmp/DataSetCombined/Edges/Round-8_0010451_edge.png,9.107,8.965722,0.0039024837315082
3244,/tmp/DataSetCombined/Edges/Round-1_0126092_edge.png,9.47772,9.339872,0.0039024837315082
3245,/tmp/DataSetCombined/Edges/Round-10_0033534_edge.png,8.61112,8.730438,0.0039024837315082
3246,/tmp/DataSetCombined/Edges/Round-10_0141290_edge.png,8.38502,8.463081,0.0039024837315082
3247,/tmp/DataSetCombined/Edges/Round-2_0092782_edge.png,11.99801,12.267517,0.0039024837315082
3248,/tmp/DataSetCombined/Edges/Round-10_0197787_edge.png,22.59456,22.460945,0.0039024837315082
3249,/tmp/DataSetCombined/Edges/Round-6_0108331_edge.png,13.30966,13.59329,0.0039024837315082
3250,/tmp/DataSetCombined/Edges/Round-7_0069564_edge.png,9.83942,10.059549,0.0039024837315082
3251,/tmp/DataSetCombined/Edges/Round-3_0033051_edge.png,15.20911,15.254185,0.0039024837315082
3252,/tmp/DataSetCombined/Edges/Round-7_0096671_edge.png,12.54752,12.985319,0.0039024837315082
3253,/tmp/DataSetCombined/Edges/Round-10_0082054_edge.png,8.36787,8.659496,0.0039024837315082
3254,/tmp/DataSetCombined/Edges/Round-6_0044941_edge.png,8.31946,8.646836,0.0039024837315082
3255,/tmp/DataSetCombined/Edges/Round-1_0085527_edge.png,14.26207,14.3992405,0.0039024837315082
3256,/tmp/DataSetCombined/Edges/Round-10_0053429_edge.png,9.66926,9.643757,0.0039024837315082
3257,/tmp/DataSetCombined/Edges/Round-7_0038290_edge.png,10.8755,11.322329,0.0039024837315082
3258,/tmp/DataSetCombined/Edges/Round-6_0122477_edge.png,7.2207,7.57833,0.0039024837315082
3259,/tmp/DataSetCombined/Edges/Round-3_0080909_edge.png,13.68594,14.152765,0.0039024837315082
3260,/tmp/DataSetCombined/Edges/Round-8_0010180_edge.png,9.51938,9.368923,0.0039024837315082
3261,/tmp/DataSetCombined/Edges/Round-5_0023394_edge.png,14.03407,14.195839,0.0039024837315082
3262,/tmp/DataSetCombined/Edges/Round-8_0027325_edge.png,14.59041,14.537256,0.0039024837315082
3263,/tmp/DataSetCombined/Edges/Round-7_0059390_edge.png,13.75001,13.531127,0.0039024837315082
3264,/tmp/DataSetCombined/Edges/Round-5_0121881_edge.png,11.62522,11.961755,0.0037657432258129
3265,/tmp/DataSetCombined/Edges/Round-1_0107671_edge.png,10.23789,10.447115,0.0037657432258129
3266,/tmp/DataSetCombined/Edges/Round-2_0071541_edge.png,14.47448,14.382919,0.0037657432258129
3267,/tmp/DataSetCombined/Edges/Round-6_0047830_edge.png,17.00753,17.219786,0.0037657432258129
3268,/tmp/DataSetCombined/Edges/Round-1_0130215_edge.png,9.94421,10.236902,0.0037657432258129
3269,/tmp/DataSetCombined/Edges/Round-8_0078554_edge.png,13.27518,13.791767,0.0037657432258129
3270,/tmp/DataSetCombined/Edges/Round-2_0060600_edge.png,9.5058,9.500252,0.0037657432258129
3271,/tmp/DataSetCombined/Edges/Round-1_0006300_edge.png,11.80355,12.443962,0.0037657432258129
3272,/tmp/DataSetCombined/Edges/Round-4_0005542_edge.png,17.70918,17.641344,0.0037657432258129
3273,/tmp/DataSetCombined/Edges/Round-9_0049186_edge.png,16.07369,16.374306,0.0037657432258129
3274,/tmp/DataSetCombined/Edges/Round-9_0012555_edge.png,11.90218,12.250604,0.0037657432258129
3275,/tmp/DataSetCombined/Edges/Round-9_0009064_edge.png,8.49479,8.727652,0.0037657432258129
3276,/tmp/DataSetCombined/Edges/Round-8_0070680_edge.png,9.19875,9.074077,0.0037657432258129
3277,/tmp/DataSetCombined/Edges/Round-9_0017793_edge.png,15.6723,15.968821,0.0037657432258129
3278,/tmp/DataSetCombined/Edges/Round-6_0035610_edge.png,18.61242,18.71954,0.0037657432258129
3279,/tmp/DataSetCombined/Edges/Round-8_0053433_edge.png,11.40291,11.944588,0.0037657432258129
3280,/tmp/DataSetCombined/Edges/Round-10_0106555_edge.png,8.05378,8.330694,0.0037657432258129
3281,/tmp/DataSetCombined/Edges/Round-7_0053190_edge.png,7.07243,7.380506,0.0037657432258129
3282,/tmp/DataSetCombined/Edges/Round-5_0033628_edge.png,13.99686,14.002878,0.0037657432258129
3283,/tmp/DataSetCombined/Edges/Round-7_0062882_edge.png,18.32214,18.35935,0.0037657432258129
3284,/tmp/DataSetCombined/Edges/Round-1_0102824_edge.png,13.91006,13.932812,0.0037657432258129
3285,/tmp/DataSetCombined/Edges/Round-1_0003634_edge.png,10.6244,10.747639,0.0037657432258129
3286,/tmp/DataSetCombined/Edges/Round-1_0016201_edge.png,6.84676,7.219851,0.0037657432258129
3287,/tmp/DataSetCombined/Edges/Round-5_0116853_edge.png,12.36911,12.832096,0.0037657432258129
3288,/tmp/DataSetCombined/Edges/Round-5_0044253_edge.png,15.87253,16.16887,0.0037657432258129
3289,/tmp/DataSetCombined/Edges/Round-1_0024800_edge.png,15.15934,15.20038,0.0037657432258129
3290,/tmp/DataSetCombined/Edges/Round-10_0140779_edge.png,13.06391,13.045399,0.0037657432258129
3291,/tmp/DataSetCombined/Edges/Round-1_0071734_edge.png,12.74421,13.188625,0.0037657432258129
3292,/tmp/DataSetCombined/Edges/Round-10_0169554_edge.png,18.2472,18.296942,0.0037657432258129
3293,/tmp/DataSetCombined/Edges/Round-6_0105441_edge.png,19.59803,19.302526,0.0037657432258129
3294,/tmp/DataSetCombined/Edges/Round-7_0071490_edge.png,13.58397,13.836432,0.0037657432258129
3295,/tmp/DataSetCombined/Edges/Round-9_0088455_edge.png,8.33286,8.580202,0.0037657432258129
3296,/tmp/DataSetCombined/Edges/Round-3_0088976_edge.png,17.69904,17.943365,0.0037657432258129
3297,/tmp/DataSetCombined/Edges/Round-10_0097164_edge.png,13.05075,13.3816595,0.0037657432258129
3298,/tmp/DataSetCombined/Edges/Round-2_0084967_edge.png,6.47968,6.9640155,0.0037657432258129
3299,/tmp/DataSetCombined/Edges/Round-8_0059032_edge.png,8.19801,8.300137,0.0037657432258129
3300,/tmp/DataSetCombined/Edges/Round-2_0061719_edge.png,8.63474,8.673687,0.0037657432258129
3301,/tmp/DataSetCombined/Edges/Round-7_0057494_edge.png,13.84603,13.897516,0.0037657432258129
3302,/tmp/DataSetCombined/Edges/Round-5_0045428_edge.png,14.45459,14.311604,0.0037657432258129
3303,/tmp/DataSetCombined/Edges/Round-6_0117180_edge.png,12.37958,12.8359165,0.0037657432258129
3304,/tmp/DataSetCombined/Edges/Round-9_0048645_edge.png,14.0408,13.9996395,0.0037657432258129
3305,/tmp/DataSetCombined/Edges/Round-8_0074070_edge.png,8.29903,8.641804,0.0037657432258129
3306,/tmp/DataSetCombined/Edges/Round-5_0066828_edge.png,14.03941,14.008583,0.0037657432258129
3307,/tmp/DataSetCombined/Edges/Round-3_0020590_edge.png,18.31478,18.340664,0.0037657432258129
3308,/tmp/DataSetCombined/Edges/Round-9_0084885_edge.png,30.2808,29.924004,0.0037657432258129
3309,/tmp/DataSetCombined/Edges/Round-5_0060567_edge.png,14.79635,14.925382,0.0037657432258129
3310,/tmp/DataSetCombined/Edges/Round-8_0019439_edge.png,16.15021,16.215927,0.0037657432258129
3311,/tmp/DataSetCombined/Edges/Round-2_0066536_edge.png,13.62458,13.734744,0.0037657432258129
3312,/tmp/DataSetCombined/Edges/Round-5_0004091_edge.png,13.63904,13.749844,0.0037657432258129
3313,/tmp/DataSetCombined/Edges/Round-7_0135784_edge.png,17.68365,17.807234,0.0037657432258129
3314,/tmp/DataSetCombined/Edges/Round-4_0080580_edge.png,16.17806,16.537764,0.0037657432258129
3315,/tmp/DataSetCombined/Edges/Round-5_0099636_edge.png,12.40527,12.6460085,0.0037657432258129
3316,/tmp/DataSetCombined/Edges/Round-5_0063921_edge.png,14.99185,14.994098,0.0037657432258129
3317,/tmp/DataSetCombined/Edges/Round-5_0075165_edge.png,30.31131,29.929033,0.0037657432258129
3318,/tmp/DataSetCombined/Edges/Round-5_0103038_edge.png,20.20805,20.106716,0.0037657432258129
3319,/tmp/DataSetCombined/Edges/Round-6_0101378_edge.png,8.06486,8.328098,0.0037657432258129
3320,/tmp/DataSetCombined/Edges/Round-3_0059431_edge.png,17.91617,18.135351,0.0037657432258129
3321,/tmp/DataSetCombined/Edges/Round-8_0041393_edge.png,19.54698,19.476738,0.0037657432258129
3322,/tmp/DataSetCombined/Edges/Round-9_0044280_edge.png,30.24963,30.021467,0.0037657432258129
3323,/tmp/DataSetCombined/Edges/Round-8_0010391_edge.png,27.7092,27.778734,0.0037657432258129
3324,/tmp/DataSetCombined/Edges/Round-9_0140201_edge.png,16.41931,16.739893,0.0037657432258129
3325,/tmp/DataSetCombined/Edges/Round-6_0116307_edge.png,14.33989,14.621181,0.0037657432258129
3326,/tmp/DataSetCombined/Edges/Round-8_0053764_edge.png,11.71569,12.2393,0.0037657432258129
3327,/tmp/DataSetCombined/Edges/Round-7_0137589_edge.png,17.73687,17.930052,0.0037657432258129
3328,/tmp/DataSetCombined/Edges/Round-8_0013509_edge.png,13.55281,13.6459255,0.0037526600062847
3329,/tmp/DataSetCombined/Edges/Round-7_0094667_edge.png,12.1796,12.446155,0.0037526600062847
3330,/tmp/DataSetCombined/Edges/Round-4_0054062_edge.png,15.22935,15.266212,0.0037526600062847
3331,/tmp/DataSetCombined/Edges/Round-10_0110649_edge.png,11.52337,12.0035515,0.0037526600062847
3332,/tmp/DataSetCombined/Edges/Round-7_0068149_edge.png,16.0239,16.042927,0.0037526600062847
3333,/tmp/DataSetCombined/Edges/Round-9_0181027_edge.png,14.51417,14.435363,0.0037526600062847
3334,/tmp/DataSetCombined/Edges/Round-8_0066497_edge.png,20.08735,19.970215,0.0037526600062847
3335,/tmp/DataSetCombined/Edges/Round-6_0078893_edge.png,14.41505,14.440901,0.0037526600062847
3336,/tmp/DataSetCombined/Edges/Round-9_0049969_edge.png,19.14224,19.056768,0.0037526600062847
3337,/tmp/DataSetCombined/Edges/Round-1_0111072_edge.png,19.56569,19.46583,0.0037526600062847
3338,/tmp/DataSetCombined/Edges/Round-2_0064338_edge.png,9.4527,9.407471,0.0037526600062847
3339,/tmp/DataSetCombined/Edges/Round-8_0025068_edge.png,20.8311,20.58733,0.0037526600062847
3340,/tmp/DataSetCombined/Edges/Round-8_0027246_edge.png,8.36434,8.66564,0.0037526600062847
3341,/tmp/DataSetCombined/Edges/Round-10_0132832_edge.png,9.41622,9.36647,0.0037526600062847
3342,/tmp/DataSetCombined/Edges/Round-4_0040397_edge.png,15.25127,15.296499,0.0037526600062847
3343,/tmp/DataSetCombined/Edges/Round-8_0000364_edge.png,12.14699,12.205031,0.0037526600062847
3344,/tmp/DataSetCombined/Edges/Round-10_0037357_edge.png,11.81669,12.434684,0.0037526600062847
3345,/tmp/DataSetCombined/Edges/Round-5_0051959_edge.png,10.67967,11.388735,0.0037526600062847
3346,/tmp/DataSetCombined/Edges/Round-6_0032450_edge.png,16.06693,16.355305,0.0037526600062847
3347,/tmp/DataSetCombined/Edges/Round-9_0155890_edge.png,10.56909,11.105465,0.0037526600062847
3348,/tmp/DataSetCombined/Edges/Round-8_0062692_edge.png,10.74507,10.937151,0.0037526600062847
3349,/tmp/DataSetCombined/Edges/Round-9_0150743_edge.png,9.20452,9.161572,0.0037526600062847
3350,/tmp/DataSetCombined/Edges/Round-8_0022840_edge.png,15.22069,15.247812,0.0037526600062847
3351,/tmp/DataSetCombined/Edges/Round-7_0104630_edge.png,28.03742,28.197096,0.0037526600062847
3352,/tmp/DataSetCombined/Edges/Round-7_0089039_edge.png,18.29945,18.325296,0.0037526600062847
3353,/tmp/DataSetCombined/Edges/Round-1_0131118_edge.png,9.06458,9.112136,0.0037526600062847
3354,/tmp/DataSetCombined/Edges/Round-1_0147191_edge.png,14.2876,14.439924,0.0037526600062847
3355,/tmp/DataSetCombined/Edges/Round-4_0003585_edge.png,11.97949,12.459407,0.0037526600062847
3356,/tmp/DataSetCombined/Edges/Round-10_0106314_edge.png,14.30244,14.3565645,0.0037526600062847
3357,/tmp/DataSetCombined/Edges/Round-7_0033625_edge.png,15.20538,15.250896,0.0037526600062847
3358,/tmp/DataSetCombined/Edges/Round-5_0112579_edge.png,9.31991,9.23391,0.0037526600062847
3359,/tmp/DataSetCombined/Edges/Round-3_0036667_edge.png,8.82275,8.9265995,0.0037526600062847
3360,/tmp/DataSetCombined/Edges/Round-7_0063243_edge.png,10.63333,11.389518,0.0037526600062847
3361,/tmp/DataSetCombined/Edges/Round-8_0004551_edge.png,8.59893,8.846767,0.0037526600062847
3362,/tmp/DataSetCombined/Edges/Round-9_0101741_edge.png,8.62205,8.831634,0.0037526600062847
3363,/tmp/DataSetCombined/Edges/Round-4_0049096_edge.png,9.48582,9.332661,0.0037526600062847
3364,/tmp/DataSetCombined/Edges/Round-5_0055420_edge.png,25.8381,26.340853,0.0037526600062847
3365,/tmp/DataSetCombined/Edges/Round-6_0128578_edge.png,9.29988,9.140743,0.0037526600062847
3366,/tmp/DataSetCombined/Edges/Round-5_0000485_edge.png,9.00414,9.062931,0.0037526600062847
3367,/tmp/DataSetCombined/Edges/Round-10_0030945_edge.png,24.84151,25.021406,0.0037526600062847
3368,/tmp/DataSetCombined/Edges/Round-10_0055602_edge.png,8.97705,9.025074,0.0037526600062847
3369,/tmp/DataSetCombined/Edges/Round-2_0075200_edge.png,8.36813,8.65988,0.0037526600062847
3370,/tmp/DataSetCombined/Edges/Round-7_0083410_edge.png,16.10139,16.432554,0.0037526600062847
3371,/tmp/DataSetCombined/Edges/Round-6_0082114_edge.png,17.00407,17.18871,0.0037526600062847
3372,/tmp/DataSetCombined/Edges/Round-1_0166394_edge.png,14.34563,14.119204,0.0037526600062847
3373,/tmp/DataSetCombined/Edges/Round-6_0132140_edge.png,8.55234,8.806675,0.0037526600062847
3374,/tmp/DataSetCombined/Edges/Round-1_0168170_edge.png,15.08664,15.340139,0.0037526600062847
3375,/tmp/DataSetCombined/Edges/Round-1_0022900_edge.png,11.16274,11.398179,0.0037526600062847
3376,/tmp/DataSetCombined/Edges/Round-5_0053915_edge.png,9.83861,9.89944,0.0037526600062847
3377,/tmp/DataSetCombined/Edges/Round-2_0075300_edge.png,13.27439,13.788107,0.0037526600062847
3378,/tmp/DataSetCombined/Edges/Round-10_0196583_edge.png,13.15244,13.530178,0.0037526600062847
3379,/tmp/DataSetCombined/Edges/Round-10_0165190_edge.png,12.44295,12.708888,0.0037526600062847
3380,/tmp/DataSetCombined/Edges/Round-2_0075776_edge.png,15.11621,14.99613,0.0037526600062847
3381,/tmp/DataSetCombined/Edges/Round-6_0032570_edge.png,8.457,8.752085,0.0037526600062847
3382,/tmp/DataSetCombined/Edges/Round-3_0011470_edge.png,9.82908,9.964317,0.0037526600062847
3383,/tmp/DataSetCombined/Edges/Round-5_0015207_edge.png,9.1811,9.196206,0.0037526600062847
3384,/tmp/DataSetCombined/Edges/Round-3_0062730_edge.png,20.28045,20.178865,0.0037526600062847
3385,/tmp/DataSetCombined/Edges/Round-8_0047823_edge.png,19.17507,19.090715,0.0037526600062847
3386,/tmp/DataSetCombined/Edges/Round-10_0154113_edge.png,14.9614,14.872661,0.0037526600062847
3387,/tmp/DataSetCombined/Edges/Round-1_0156612_edge.png,29.69911,29.654795,0.0037526600062847
3388,/tmp/DataSetCombined/Edges/Round-3_0044489_edge.png,30.31023,30.001007,0.0037526600062847
3389,/tmp/DataSetCombined/Edges/Round-10_0044791_edge.png,8.53066,8.776211,0.0037526600062847
3390,/tmp/DataSetCombined/Edges/Round-6_0020169_edge.png,8.16165,8.402672,0.0037526600062847
3391,/tmp/DataSetCombined/Edges/Round-5_0061711_edge.png,13.15676,13.36891,0.0037526600062847
3392,/tmp/DataSetCombined/Edges/Round-7_0065440_edge.png,12.8871,13.139063,0.0037993974983692
3393,/tmp/DataSetCombined/Edges/Round-7_0014542_edge.png,12.91381,13.187462,0.0037993974983692
3394,/tmp/DataSetCombined/Edges/Round-6_0074439_edge.png,11.04394,11.456736,0.0037993974983692
3395,/tmp/DataSetCombined/Edges/Round-4_0083590_edge.png,10.00599,10.370186,0.0037993974983692
3396,/tmp/DataSetCombined/Edges/Round-6_0087381_edge.png,9.14803,9.155567,0.0037993974983692
3397,/tmp/DataSetCombined/Edges/Round-3_0055174_edge.png,15.29921,15.594788,0.0037993974983692
3398,/tmp/DataSetCombined/Edges/Round-5_0070801_edge.png,9.85735,10.117662,0.0037993974983692
3399,/tmp/DataSetCombined/Edges/Round-9_0065049_edge.png,10.04691,10.430258,0.0037993974983692
3400,/tmp/DataSetCombined/Edges/Round-1_0056301_edge.png,11.77398,12.274715,0.0037993974983692
3401,/tmp/DataSetCombined/Edges/Round-1_0145566_edge.png,11.32993,11.868184,0.0037993974983692
3402,/tmp/DataSetCombined/Edges/Round-5_0024508_edge.png,13.17889,13.554701,0.0037993974983692
3403,/tmp/DataSetCombined/Edges/Round-1_0111734_edge.png,10.00518,10.383833,0.0037993974983692
3404,/tmp/DataSetCombined/Edges/Round-5_0073690_edge.png,18.32086,18.43204,0.0037993974983692
3405,/tmp/DataSetCombined/Edges/Round-1_0038400_edge.png,15.24033,15.228605,0.0037993974983692
3406,/tmp/DataSetCombined/Edges/Round-10_0072850_edge.png,12.73222,13.174396,0.0037993974983692
3407,/tmp/DataSetCombined/Edges/Round-10_0107519_edge.png,12.14521,12.543669,0.0037993974983692
3408,/tmp/DataSetCombined/Edges/Round-9_0053431_edge.png,16.64301,17.053598,0.0037993974983692
3409,/tmp/DataSetCombined/Edges/Round-3_0009967_edge.png,14.5212,14.446232,0.0037993974983692
3410,/tmp/DataSetCombined/Edges/Round-8_0072907_edge.png,7.85494,8.033723,0.0037993974983692
3411,/tmp/DataSetCombined/Edges/Round-10_0042473_edge.png,6.87576,7.2427464,0.0037993974983692
3412,/tmp/DataSetCombined/Edges/Round-8_0009927_edge.png,11.26932,11.561087,0.0037993974983692
3413,/tmp/DataSetCombined/Edges/Round-7_0052919_edge.png,14.17232,14.471615,0.0037993974983692
3414,/tmp/DataSetCombined/Edges/Round-9_0106496_edge.png,12.43319,12.753082,0.0037993974983692
3415,/tmp/DataSetCombined/Edges/Round-8_0060055_edge.png,10.70513,11.269453,0.0037993974983692
3416,/tmp/DataSetCombined/Edges/Round-1_0032134_edge.png,11.72942,12.125553,0.0037993974983692
3417,/tmp/DataSetCombined/Edges/Round-5_0109088_edge.png,15.06646,15.118177,0.0037993974983692
3418,/tmp/DataSetCombined/Edges/Round-6_0010928_edge.png,12.02015,12.318394,0.0037993974983692
3419,/tmp/DataSetCombined/Edges/Round-8_0013148_edge.png,9.54894,9.566505,0.0037993974983692
3420,/tmp/DataSetCombined/Edges/Round-9_0156160_edge.png,30.30298,29.995083,0.0037993974983692
3421,/tmp/DataSetCombined/Edges/Round-3_0016677_edge.png,7.62491,7.8568587,0.0037993974983692
3422,/tmp/DataSetCombined/Edges/Round-2_0085589_edge.png,12.71317,13.006849,0.0037993974983692
3423,/tmp/DataSetCombined/Edges/Round-10_0107489_edge.png,10.96085,11.613405,0.0037993974983692
3424,/tmp/DataSetCombined/Edges/Round-8_0060025_edge.png,9.68897,9.633839,0.0037993974983692
3425,/tmp/DataSetCombined/Edges/Round-4_0059540_edge.png,13.29628,13.812681,0.0037993974983692
3426,/tmp/DataSetCombined/Edges/Round-3_0084852_edge.png,30.31204,30.040457,0.0037993974983692
3427,/tmp/DataSetCombined/Edges/Round-5_0044524_edge.png,15.20368,15.22303,0.0037993974983692
3428,/tmp/DataSetCombined/Edges/Round-10_0169680_edge.png,16.07419,16.33337,0.0037993974983692
3429,/tmp/DataSetCombined/Edges/Round-7_0029562_edge.png,17.84457,18.055334,0.0037993974983692
3430,/tmp/DataSetCombined/Edges/Round-1_0032867_edge.png,15.04879,15.391735,0.0037993974983692
3431,/tmp/DataSetCombined/Edges/Round-4_0087383_edge.png,25.77367,26.187151,0.0037993974983692
3432,/tmp/DataSetCombined/Edges/Round-5_0022612_edge.png,16.48428,16.768358,0.0037993974983692
3433,/tmp/DataSetCombined/Edges/Round-1_0004730_edge.png,13.23812,13.745936,0.0037993974983692
3434,/tmp/DataSetCombined/Edges/Round-8_0023773_edge.png,7.79148,8.01515,0.0037993974983692
3435,/tmp/DataSetCombined/Edges/Round-4_0038811_edge.png,9.48766,9.385395,0.0037993974983692
3436,/tmp/DataSetCombined/Edges/Round-10_0127685_edge.png,8.2361,8.576359,0.0037993974983692
3437,/tmp/DataSetCombined/Edges/Round-9_0140990_edge.png,20.92945,20.709654,0.0037993974983692
3438,/tmp/DataSetCombined/Edges/Round-10_0199563_edge.png,8.50927,8.623165,0.0037993974983692
3439,/tmp/DataSetCombined/Edges/Round-6_0021042_edge.png,9.27939,9.241561,0.0037993974983692
3440,/tmp/DataSetCombined/Edges/Round-10_0139213_edge.png,7.8147,8.048807,0.0037993974983692
3441,/tmp/DataSetCombined/Edges/Round-6_0028446_edge.png,10.93234,11.081554,0.0037993974983692
3442,/tmp/DataSetCombined/Edges/Round-10_0147430_edge.png,14.96732,14.836645,0.0037993974983692
3443,/tmp/DataSetCombined/Edges/Round-7_0001779_edge.png,11.41595,11.741449,0.0037993974983692
3444,/tmp/DataSetCombined/Edges/Round-4_0052045_edge.png,12.07401,12.6184,0.0037993974983692
3445,/tmp/DataSetCombined/Edges/Round-10_0014812_edge.png,19.60382,19.519564,0.0037993974983692
3446,/tmp/DataSetCombined/Edges/Round-1_0167541_edge.png,20.20851,19.855644,0.0037993974983692
3447,/tmp/DataSetCombined/Edges/Round-6_0117902_edge.png,20.16365,20.04899,0.0037993974983692
3448,/tmp/DataSetCombined/Edges/Round-8_0000808_edge.png,12.37391,12.834032,0.0037993974983692
3449,/tmp/DataSetCombined/Edges/Round-5_0072248_edge.png,15.23369,15.289167,0.0037993974983692
3450,/tmp/DataSetCombined/Edges/Round-6_0026520_edge.png,7.55277,7.8020864,0.0037993974983692
3451,/tmp/DataSetCombined/Edges/Round-10_0102973_edge.png,8.24284,8.340991,0.0037993974983692
3452,/tmp/DataSetCombined/Edges/Round-6_0027731_edge.png,8.47207,8.436431,0.0037993974983692
3453,/tmp/DataSetCombined/Edges/Round-8_0023924_edge.png,9.21091,9.189565,0.0037993974983692
3454,/tmp/DataSetCombined/Edges/Round-10_0039433_edge.png,12.0565,12.17439,0.0037993974983692
3455,/tmp/DataSetCombined/Edges/Round-2_0109548_edge.png,13.92516,14.021999,0.0037993974983692
3456,/tmp/DataSetCombined/Edges/Round-1_0061801_edge.png,12.66862,13.021101,0.0037676468491554
3457,/tmp/DataSetCombined/Edges/Round-10_0042503_edge.png,12.99173,13.495447,0.0037676468491554
3458,/tmp/DataSetCombined/Edges/Round-10_0069774_edge.png,9.57032,9.441369,0.0037676468491554
3459,/tmp/DataSetCombined/Edges/Round-8_0032831_edge.png,17.17052,17.452665,0.0037676468491554
3460,/tmp/DataSetCombined/Edges/Round-8_0053042_edge.png,19.66902,19.542383,0.0037676468491554
3461,/tmp/DataSetCombined/Edges/Round-2_0112167_edge.png,13.1858,13.657509,0.0037676468491554
3462,/tmp/DataSetCombined/Edges/Round-3_0031434_edge.png,12.58579,13.007678,0.0037676468491554
3463,/tmp/DataSetCombined/Edges/Round-6_0108632_edge.png,8.20603,8.4322605,0.0037676468491554
3464,/tmp/DataSetCombined/Edges/Round-10_0095569_edge.png,10.30743,10.557927,0.0037676468491554
3465,/tmp/DataSetCombined/Edges/Round-4_0017732_edge.png,13.52228,13.628321,0.0037676468491554
3466,/tmp/DataSetCombined/Edges/Round-4_0087743_edge.png,11.42886,11.888662,0.0037676468491554
3467,/tmp/DataSetCombined/Edges/Round-9_0111282_edge.png,11.75011,12.093468,0.0037676468491554
3468,/tmp/DataSetCombined/Edges/Round-6_0107638_edge.png,18.18072,18.228395,0.0037676468491554
3469,/tmp/DataSetCombined/Edges/Round-8_0053873_edge.png,13.78132,14.186876,0.0037676468491554
3470,/tmp/DataSetCombined/Edges/Round-2_0071382_edge.png,9.72659,9.741332,0.0037676468491554
3471,/tmp/DataSetCombined/Edges/Round-5_0046932_edge.png,12.60488,13.018893,0.0037676468491554
3472,/tmp/DataSetCombined/Edges/Round-4_0068329_edge.png,8.15026,8.257713,0.0037676468491554
3473,/tmp/DataSetCombined/Edges/Round-10_0148604_edge.png,10.93236,11.335467,0.0037676468491554
3474,/tmp/DataSetCombined/Edges/Round-5_0095543_edge.png,29.76006,29.711576,0.0037676468491554
3475,/tmp/DataSetCombined/Edges/Round-9_0097255_edge.png,16.38577,16.70149,0.0037676468491554
3476,/tmp/DataSetCombined/Edges/Round-7_0017762_edge.png,10.80596,11.274822,0.0037676468491554
3477,/tmp/DataSetCombined/Edges/Round-2_0080381_edge.png,11.76405,12.104285,0.0037676468491554
3478,/tmp/DataSetCombined/Edges/Round-5_0090577_edge.png,16.09863,16.410225,0.0037676468491554
3479,/tmp/DataSetCombined/Edges/Round-1_0026267_edge.png,11.44291,11.921134,0.0037676468491554
3480,/tmp/DataSetCombined/Edges/Round-3_0065408_edge.png,15.03287,15.367746,0.0037676468491554
3481,/tmp/DataSetCombined/Edges/Round-3_0046800_edge.png,8.93927,8.97702,0.0037676468491554
3482,/tmp/DataSetCombined/Edges/Round-3_0003767_edge.png,11.94803,12.349885,0.0037676468491554
3483,/tmp/DataSetCombined/Edges/Round-9_0137908_edge.png,16.78069,17.153177,0.0037676468491554
3484,/tmp/DataSetCombined/Edges/Round-4_0078834_edge.png,13.49325,13.584616,0.0037676468491554
3485,/tmp/DataSetCombined/Edges/Round-10_0115074_edge.png,14.03026,14.015434,0.0037676468491554
3486,/tmp/DataSetCombined/Edges/Round-7_0046748_edge.png,14.00147,14.106754,0.0037676468491554
3487,/tmp/DataSetCombined/Edges/Round-7_0101620_edge.png,13.39776,13.910828,0.0037676468491554
3488,/tmp/DataSetCombined/Edges/Round-8_0004070_edge.png,13.66218,13.7773075,0.0037676468491554
3489,/tmp/DataSetCombined/Edges/Round-8_0058339_edge.png,19.62733,19.540237,0.0037676468491554
3490,/tmp/DataSetCombined/Edges/Round-4_0040517_edge.png,12.20144,12.475636,0.0037676468491554
3491,/tmp/DataSetCombined/Edges/Round-7_0091928_edge.png,27.15512,27.58402,0.0037676468491554
3492,/tmp/DataSetCombined/Edges/Round-6_0121544_edge.png,13.17775,13.653231,0.0037676468491554
3493,/tmp/DataSetCombined/Edges/Round-5_0063156_edge.png,8.21477,8.525695,0.0037676468491554
3494,/tmp/DataSetCombined/Edges/Round-10_0118264_edge.png,29.02916,29.190372,0.0037676468491554
3495,/tmp/DataSetCombined/Edges/Round-6_0095117_edge.png,12.06683,12.503781,0.0037676468491554
3496,/tmp/DataSetCombined/Edges/Round-6_0017008_edge.png,20.2747,20.185522,0.0037676468491554
3497,/tmp/DataSetCombined/Edges/Round-10_0027122_edge.png,9.53276,9.538633,0.0037676468491554
3498,/tmp/DataSetCombined/Edges/Round-7_0121516_edge.png,10.26645,10.812026,0.0037676468491554
3499,/tmp/DataSetCombined/Edges/Round-8_0074654_edge.png,11.63307,12.112438,0.0037676468491554
3500,/tmp/DataSetCombined/Edges/Round-8_0032472_edge.png,9.35371,9.260099,0.0037676468491554
3501,/tmp/DataSetCombined/Edges/Round-6_0070616_edge.png,26.24727,26.682997,0.0037676468491554
3502,/tmp/DataSetCombined/Edges/Round-3_0002467_edge.png,8.70797,8.769448,0.0037676468491554
3503,/tmp/DataSetCombined/Edges/Round-8_0009698_edge.png,11.90743,12.518758,0.0037676468491554
3504,/tmp/DataSetCombined/Edges/Round-6_0011771_edge.png,12.57966,12.966731,0.0037676468491554
3505,/tmp/DataSetCombined/Edges/Round-10_0076667_edge.png,14.59303,14.532152,0.0037676468491554
3506,/tmp/DataSetCombined/Edges/Round-10_0046102_edge.png,9.34555,9.305885,0.0037676468491554
3507,/tmp/DataSetCombined/Edges/Round-2_0065211_edge.png,7.84077,8.054474,0.0037676468491554
3508,/tmp/DataSetCombined/Edges/Round-8_0025734_edge.png,16.0715,16.485266,0.0037676468491554
3509,/tmp/DataSetCombined/Edges/Round-9_0064236_edge.png,12.45785,12.894422,0.0037676468491554
3510,/tmp/DataSetCombined/Edges/Round-7_0005391_edge.png,8.71117,8.837484,0.0037676468491554
3511,/tmp/DataSetCombined/Edges/Round-9_0131406_edge.png,12.51361,12.998733,0.0037676468491554
3512,/tmp/DataSetCombined/Edges/Round-5_0099697_edge.png,7.32431,7.6726384,0.0037676468491554
3513,/tmp/DataSetCombined/Edges/Round-8_0029101_edge.png,14.82257,15.251438,0.0037676468491554
3514,/tmp/DataSetCombined/Edges/Round-10_0009515_edge.png,14.78875,15.046568,0.0037676468491554
3515,/tmp/DataSetCombined/Edges/Round-6_0092167_edge.png,9.49592,9.360439,0.0037676468491554
3516,/tmp/DataSetCombined/Edges/Round-1_0072600_edge.png,14.77523,15.233757,0.0037676468491554
3517,/tmp/DataSetCombined/Edges/Round-6_0081392_edge.png,14.13123,14.227718,0.0037676468491554
3518,/tmp/DataSetCombined/Edges/Round-10_0163323_edge.png,16.10154,16.38442,0.0037676468491554
3519,/tmp/DataSetCombined/Edges/Round-2_0090254_edge.png,14.01657,14.002884,0.0037676468491554
3520,/tmp/DataSetCombined/Edges/Round-5_0037450_edge.png,9.38197,9.32959,0.0034287199378013
3521,/tmp/DataSetCombined/Edges/Round-10_0005667_edge.png,11.8915,12.264147,0.0034287199378013
3522,/tmp/DataSetCombined/Edges/Round-10_0028025_edge.png,8.30199,8.402892,0.0034287199378013
3523,/tmp/DataSetCombined/Edges/Round-10_0076305_edge.png,12.38936,12.831218,0.0034287199378013
3524,/tmp/DataSetCombined/Edges/Round-1_0098220_edge.png,20.81373,20.580048,0.0034287199378013
3525,/tmp/DataSetCombined/Edges/Round-9_0116309_edge.png,12.99046,13.364333,0.0034287199378013
3526,/tmp/DataSetCombined/Edges/Round-9_0145927_edge.png,11.01851,11.60256,0.0034287199378013
3527,/tmp/DataSetCombined/Edges/Round-9_0125068_edge.png,9.78655,10.013168,0.0034287199378013
3528,/tmp/DataSetCombined/Edges/Round-9_0112576_edge.png,14.03162,14.005883,0.0034287199378013
3529,/tmp/DataSetCombined/Edges/Round-7_0100658_edge.png,18.17586,18.309397,0.0034287199378013
3530,/tmp/DataSetCombined/Edges/Round-8_0017253_edge.png,8.43662,8.579031,0.0034287199378013
3531,/tmp/DataSetCombined/Edges/Round-7_0047621_edge.png,8.81777,8.901375,0.0034287199378013
3532,/tmp/DataSetCombined/Edges/Round-5_0080854_edge.png,11.0608,11.418289,0.0034287199378013
3533,/tmp/DataSetCombined/Edges/Round-10_0073927_edge.png,7.67691,7.885943,0.0034287199378013
3534,/tmp/DataSetCombined/Edges/Round-9_0078383_edge.png,9.41044,9.340546,0.0034287199378013
3535,/tmp/DataSetCombined/Edges/Round-9_0123292_edge.png,12.59721,13.050038,0.0034287199378013
3536,/tmp/DataSetCombined/Edges/Round-10_0162480_edge.png,10.07714,10.028249,0.0034287199378013
3537,/tmp/DataSetCombined/Edges/Round-6_0038379_edge.png,9.57019,9.56594,0.0034287199378013
3538,/tmp/DataSetCombined/Edges/Round-3_0076033_edge.png,8.03477,8.3232765,0.0034287199378013
3539,/tmp/DataSetCombined/Edges/Round-9_0128228_edge.png,12.57618,13.002458,0.0034287199378013
3540,/tmp/DataSetCombined/Edges/Round-9_0082025_edge.png,30.30208,29.950724,0.0034287199378013
3541,/tmp/DataSetCombined/Edges/Round-8_0037920_edge.png,14.58983,14.516809,0.0034287199378013
3542,/tmp/DataSetCombined/Edges/Round-7_0040217_edge.png,7.02838,7.3105655,0.0034287199378013
3543,/tmp/DataSetCombined/Edges/Round-5_0095156_edge.png,19.66847,19.55715,0.0034287199378013
3544,/tmp/DataSetCombined/Edges/Round-9_0054605_edge.png,18.22178,18.270899,0.0034287199378013
3545,/tmp/DataSetCombined/Edges/Round-7_0125128_edge.png,9.84408,10.05052,0.0034287199378013
3546,/tmp/DataSetCombined/Edges/Round-4_0017280_edge.png,16.04728,16.316935,0.0034287199378013
3547,/tmp/DataSetCombined/Edges/Round-8_0055480_edge.png,10.3556,10.851277,0.0034287199378013
3548,/tmp/DataSetCombined/Edges/Round-5_0010181_edge.png,20.24661,20.130692,0.0034287199378013
3549,/tmp/DataSetCombined/Edges/Round-10_0099091_edge.png,15.21908,15.251705,0.0034287199378013
3550,/tmp/DataSetCombined/Edges/Round-9_0199474_edge.png,8.8237,8.90575,0.0034287199378013
3551,/tmp/DataSetCombined/Edges/Round-9_0137198_edge.png,15.05963,15.072552,0.0034287199378013
3552,/tmp/DataSetCombined/Edges/Round-2_0027000_edge.png,8.13589,8.362131,0.0034287199378013
3553,/tmp/DataSetCombined/Edges/Round-1_0052167_edge.png,11.48213,11.957763,0.0034287199378013
3554,/tmp/DataSetCombined/Edges/Round-1_0121396_edge.png,8.51038,8.623927,0.0034287199378013
3555,/tmp/DataSetCombined/Edges/Round-1_0023767_edge.png,8.75442,8.786182,0.0034287199378013
3556,/tmp/DataSetCombined/Edges/Round-1_0117513_edge.png,14.59015,14.527052,0.0034287199378013
3557,/tmp/DataSetCombined/Edges/Round-1_0033423_edge.png,19.60517,19.524202,0.0034287199378013
3558,/tmp/DataSetCombined/Edges/Round-1_0010067_edge.png,9.94376,10.167464,0.0034287199378013
3559,/tmp/DataSetCombined/Edges/Round-6_0036182_edge.png,12.73732,13.166958,0.0034287199378013
3560,/tmp/DataSetCombined/Edges/Round-2_0069334_edge.png,18.27855,18.416105,0.0034287199378013
3561,/tmp/DataSetCombined/Edges/Round-3_0065890_edge.png,11.63745,12.149073,0.0034287199378013
3562,/tmp/DataSetCombined/Edges/Round-1_0117182_edge.png,12.24432,12.524691,0.0034287199378013
3563,/tmp/DataSetCombined/Edges/Round-4_0033022_edge.png,7.57592,7.7696223,0.0034287199378013
3564,/tmp/DataSetCombined/Edges/Round-3_0074107_edge.png,12.96482,13.470694,0.0034287199378013
3565,/tmp/DataSetCombined/Edges/Round-3_0048161_edge.png,13.22064,13.7119465,0.0034287199378013
3566,/tmp/DataSetCombined/Edges/Round-6_0087803_edge.png,6.83093,7.1757655,0.0034287199378013
3567,/tmp/DataSetCombined/Edges/Round-2_0066054_edge.png,13.61383,13.706364,0.0034287199378013
3568,/tmp/DataSetCombined/Edges/Round-1_0024034_edge.png,10.33964,10.696133,0.0034287199378013
3569,/tmp/DataSetCombined/Edges/Round-10_0166514_edge.png,13.05687,13.012139,0.0034287199378013
3570,/tmp/DataSetCombined/Edges/Round-9_0063303_edge.png,13.73622,13.787042,0.0034287199378013
3571,/tmp/DataSetCombined/Edges/Round-3_0042833_edge.png,12.46739,12.7307005,0.0034287199378013
3572,/tmp/DataSetCombined/Edges/Round-4_0030825_edge.png,12.41804,12.425631,0.0034287199378013
3573,/tmp/DataSetCombined/Edges/Round-5_0052922_edge.png,9.92392,10.221878,0.0034287199378013
3574,/tmp/DataSetCombined/Edges/Round-10_0187734_edge.png,20.25629,20.149622,0.0034287199378013
3575,/tmp/DataSetCombined/Edges/Round-9_0063424_edge.png,17.33841,17.334295,0.0034287199378013
3576,/tmp/DataSetCombined/Edges/Round-9_0054725_edge.png,10.37526,10.37723,0.0034287199378013
3577,/tmp/DataSetCombined/Edges/Round-8_0038594_edge.png,8.21334,8.319361,0.0034287199378013
3578,/tmp/DataSetCombined/Edges/Round-9_0004699_edge.png,19.42084,19.108551,0.0034287199378013
3579,/tmp/DataSetCombined/Edges/Round-4_0081513_edge.png,13.2357,13.358908,0.0034287199378013
3580,/tmp/DataSetCombined/Edges/Round-5_0080613_edge.png,12.2234,12.724155,0.0034287199378013
3581,/tmp/DataSetCombined/Edges/Round-7_0059270_edge.png,18.31348,18.341913,0.0034287199378013
3582,/tmp/DataSetCombined/Edges/Round-8_0035133_edge.png,29.14932,29.174164,0.0034287199378013
3583,/tmp/DataSetCombined/Edges/Round-2_0082940_edge.png,13.43796,13.545095,0.0034287199378013
3584,/tmp/DataSetCombined/Edges/Round-3_0085004_edge.png,12.80314,13.267377,0.0032519586384296
3585,/tmp/DataSetCombined/Edges/Round-10_0092499_edge.png,8.59769,8.853846,0.0032519586384296
3586,/tmp/DataSetCombined/Edges/Round-10_0086208_edge.png,12.99375,13.487733,0.0032519586384296
3587,/tmp/DataSetCombined/Edges/Round-4_0082717_edge.png,13.66449,14.150506,0.0032519586384296
3588,/tmp/DataSetCombined/Edges/Round-10_0147972_edge.png,14.25827,14.303377,0.0032519586384296
3589,/tmp/DataSetCombined/Edges/Round-8_0019059_edge.png,12.36425,12.756508,0.0032519586384296
3590,/tmp/DataSetCombined/Edges/Round-5_0045698_edge.png,14.48857,14.461499,0.0032519586384296
3591,/tmp/DataSetCombined/Edges/Round-10_0105140_edge.png,12.71371,13.15485,0.0032519586384296
3592,/tmp/DataSetCombined/Edges/Round-5_0009036_edge.png,11.88333,12.398489,0.0032519586384296
3593,/tmp/DataSetCombined/Edges/Round-5_0001546_edge.png,12.33221,12.603747,0.0032519586384296
3594,/tmp/DataSetCombined/Edges/Round-1_0098821_edge.png,8.69625,8.822569,0.0032519586384296
3595,/tmp/DataSetCombined/Edges/Round-10_0138220_edge.png,11.65895,12.176023,0.0032519586384296
3596,/tmp/DataSetCombined/Edges/Round-2_0088719_edge.png,26.93884,27.413403,0.0032519586384296
3597,/tmp/DataSetCombined/Edges/Round-9_0051353_edge.png,7.52735,7.7284408,0.0032519586384296
3598,/tmp/DataSetCombined/Edges/Round-7_0071310_edge.png,10.91497,11.325774,0.0032519586384296
3599,/tmp/DataSetCombined/Edges/Round-3_0083341_edge.png,6.75237,7.123034,0.0032519586384296
3600,/tmp/DataSetCombined/Edges/Round-1_0017334_edge.png,22.85011,22.778948,0.0032519586384296
3601,/tmp/DataSetCombined/Edges/Round-10_0028267_edge.png,10.36103,10.691819,0.0032519586384296
3602,/tmp/DataSetCombined/Edges/Round-10_0019026_edge.png,14.50225,14.436323,0.0032519586384296
3603,/tmp/DataSetCombined/Edges/Round-9_0016167_edge.png,14.58573,14.502886,0.0032519586384296
3604,/tmp/DataSetCombined/Edges/Round-1_0064367_edge.png,13.54386,13.679293,0.0032519586384296
3605,/tmp/DataSetCombined/Edges/Round-8_0056233_edge.png,13.33615,13.832008,0.0032519586384296
3606,/tmp/DataSetCombined/Edges/Round-9_0042805_edge.png,30.27681,29.966173,0.0032519586384296
3607,/tmp/DataSetCombined/Edges/Round-10_0083499_edge.png,7.75547,7.8854423,0.0032519586384296
3608,/tmp/DataSetCombined/Edges/Round-3_0085545_edge.png,17.66327,17.796144,0.0032519586384296
3609,/tmp/DataSetCombined/Edges/Round-10_0068359_edge.png,12.39327,12.840855,0.0032519586384296
3610,/tmp/DataSetCombined/Edges/Round-5_0122422_edge.png,7.98967,8.277661,0.0032519586384296
3611,/tmp/DataSetCombined/Edges/Round-9_0091837_edge.png,13.59975,13.718393,0.0032519586384296
3612,/tmp/DataSetCombined/Edges/Round-1_0126664_edge.png,18.90511,18.887953,0.0032519586384296
3613,/tmp/DataSetCombined/Edges/Round-1_0033866_edge.png,7.58278,7.7995915,0.0032519586384296
3614,/tmp/DataSetCombined/Edges/Round-9_0170699_edge.png,11.22717,11.706873,0.0032519586384296
3615,/tmp/DataSetCombined/Edges/Round-9_0047320_edge.png,13.65754,13.847836,0.0032519586384296
3616,/tmp/DataSetCombined/Edges/Round-7_0063333_edge.png,8.77666,8.864867,0.0032519586384296
3617,/tmp/DataSetCombined/Edges/Round-6_0085184_edge.png,13.6606,13.768721,0.0032519586384296
3618,/tmp/DataSetCombined/Edges/Round-9_0106827_edge.png,14.78548,14.845169,0.0032519586384296
3619,/tmp/DataSetCombined/Edges/Round-1_0132684_edge.png,20.41287,20.183304,0.0032519586384296
3620,/tmp/DataSetCombined/Edges/Round-2_0104614_edge.png,9.70797,9.706893,0.0032519586384296
3621,/tmp/DataSetCombined/Edges/Round-10_0113148_edge.png,13.65236,13.760147,0.0032519586384296
3622,/tmp/DataSetCombined/Edges/Round-3_0083378_edge.png,13.16858,13.537287,0.0032519586384296
3623,/tmp/DataSetCombined/Edges/Round-4_0077781_edge.png,30.17987,29.9396,0.0032519586384296
3624,/tmp/DataSetCombined/Edges/Round-7_0061481_edge.png,18.32822,18.328363,0.0032519586384296
3625,/tmp/DataSetCombined/Edges/Round-9_0032000_edge.png,11.38912,11.844451,0.0032519586384296
3626,/tmp/DataSetCombined/Edges/Round-1_0169886_edge.png,27.6077,27.725883,0.0032519586384296
3627,/tmp/DataSetCombined/Edges/Round-5_0019451_edge.png,25.17798,25.300207,0.0032519586384296
3628,/tmp/DataSetCombined/Edges/Round-8_0034097_edge.png,7.37349,7.6416907,0.0032519586384296
3629,/tmp/DataSetCombined/Edges/Round-1_0125038_edge.png,13.62435,13.736614,0.0032519586384296
3630,/tmp/DataSetCombined/Edges/Round-2_0095702_edge.png,10.2635,10.35544,0.0032519586384296
3631,/tmp/DataSetCombined/Edges/Round-8_0039425_edge.png,13.36282,13.44849,0.0032519586384296
3632,/tmp/DataSetCombined/Edges/Round-8_0064209_edge.png,9.65814,9.613713,0.0032519586384296
3633,/tmp/DataSetCombined/Edges/Round-7_0121382_edge.png,30.32472,30.021873,0.0032519586384296
3634,/tmp/DataSetCombined/Edges/Round-1_0007334_edge.png,9.91651,10.199821,0.0032519586384296
3635,/tmp/DataSetCombined/Edges/Round-8_0006496_edge.png,10.40431,10.735635,0.0032519586384296
3636,/tmp/DataSetCombined/Edges/Round-4_0040364_edge.png,13.66785,13.757329,0.0032519586384296
3637,/tmp/DataSetCombined/Edges/Round-6_0006334_edge.png,19.65723,19.560207,0.0032519586384296
3638,/tmp/DataSetCombined/Edges/Round-1_0130697_edge.png,15.62026,15.889347,0.0032519586384296
3639,/tmp/DataSetCombined/Edges/Round-1_0096414_edge.png,13.31226,13.793465,0.0032519586384296
3640,/tmp/DataSetCombined/Edges/Round-9_0048615_edge.png,10.34486,10.879545,0.0032519586384296
3641,/tmp/DataSetCombined/Edges/Round-10_0103997_edge.png,20.26676,20.160852,0.0032519586384296
3642,/tmp/DataSetCombined/Edges/Round-7_0110259_edge.png,9.51047,9.367398,0.0032519586384296
3643,/tmp/DataSetCombined/Edges/Round-10_0057162_edge.png,12.64828,12.999544,0.0032519586384296
3644,/tmp/DataSetCombined/Edges/Round-2_0077901_edge.png,12.46406,12.811882,0.0032519586384296
3645,/tmp/DataSetCombined/Edges/Round-1_0119650_edge.png,12.12552,12.634602,0.0032519586384296
3646,/tmp/DataSetCombined/Edges/Round-2_0053292_edge.png,11.2053,11.67858,0.0032519586384296
3647,/tmp/DataSetCombined/Edges/Round-10_0123411_edge.png,17.44722,17.600126,0.0032519586384296
3648,/tmp/DataSetCombined/Edges/Round-6_0040451_edge.png,12.62054,12.723721,0.0039735808968544
3649,/tmp/DataSetCombined/Edges/Round-6_0132351_edge.png,9.60241,9.607475,0.0039735808968544
3650,/tmp/DataSetCombined/Edges/Round-6_0000546_edge.png,13.0302,13.4153595,0.0039735808968544
3651,/tmp/DataSetCombined/Edges/Round-2_0076739_edge.png,8.70518,8.820782,0.0039735808968544
3652,/tmp/DataSetCombined/Edges/Round-10_0040667_edge.png,9.47105,9.371563,0.0039735808968544
3653,/tmp/DataSetCombined/Edges/Round-9_0057163_edge.png,9.66404,9.640687,0.0039735808968544
3654,/tmp/DataSetCombined/Edges/Round-7_0121257_edge.png,7.89102,7.9968476,0.0039735808968544
3655,/tmp/DataSetCombined/Edges/Round-3_0006200_edge.png,9.30669,9.243986,0.0039735808968544
3656,/tmp/DataSetCombined/Edges/Round-1_0044100_edge.png,15.49037,15.900186,0.0039735808968544
3657,/tmp/DataSetCombined/Edges/Round-4_0004879_edge.png,20.21761,20.085627,0.0039735808968544
3658,/tmp/DataSetCombined/Edges/Round-10_0007317_edge.png,14.55261,14.811924,0.0039735808968544
3659,/tmp/DataSetCombined/Edges/Round-7_0105624_edge.png,9.87206,10.144976,0.0039735808968544
3660,/tmp/DataSetCombined/Edges/Round-3_0089006_edge.png,11.80343,12.436719,0.0039735808968544
3661,/tmp/DataSetCombined/Edges/Round-10_0002637_edge.png,8.5745,8.804808,0.0039735808968544
3662,/tmp/DataSetCombined/Edges/Round-9_0067005_edge.png,17.14452,17.150015,0.0039735808968544
3663,/tmp/DataSetCombined/Edges/Round-2_0090344_edge.png,8.51827,8.575639,0.0039735808968544
3664,/tmp/DataSetCombined/Edges/Round-6_0017610_edge.png,13.3222,13.811941,0.0039735808968544
3665,/tmp/DataSetCombined/Edges/Round-10_0039042_edge.png,9.24197,9.214281,0.0039735808968544
3666,/tmp/DataSetCombined/Edges/Round-10_0190985_edge.png,15.06727,15.090218,0.0039735808968544
3667,/tmp/DataSetCombined/Edges/Round-9_0140480_edge.png,30.26375,30.006659,0.0039735808968544
3668,/tmp/DataSetCombined/Edges/Round-1_0000267_edge.png,9.92562,10.17239,0.0039735808968544
3669,/tmp/DataSetCombined/Edges/Round-8_0066891_edge.png,9.85416,10.123419,0.0039735808968544
3670,/tmp/DataSetCombined/Edges/Round-8_0057136_edge.png,7.88991,8.072486,0.0039735808968544
3671,/tmp/DataSetCombined/Edges/Round-3_0078753_edge.png,18.30484,18.343634,0.0039735808968544
3672,/tmp/DataSetCombined/Edges/Round-9_0113539_edge.png,14.04725,14.013962,0.0039735808968544
3673,/tmp/DataSetCombined/Edges/Round-10_0138130_edge.png,11.50665,11.995801,0.0039735808968544
3674,/tmp/DataSetCombined/Edges/Round-7_0013217_edge.png,9.92706,10.031069,0.0039735808968544
3675,/tmp/DataSetCombined/Edges/Round-3_0032800_edge.png,8.71256,8.766407,0.0039735808968544
3676,/tmp/DataSetCombined/Edges/Round-6_0092829_edge.png,20.2481,20.137018,0.0039735808968544
3677,/tmp/DataSetCombined/Edges/Round-10_0108361_edge.png,17.53223,17.76846,0.0039735808968544
3678,/tmp/DataSetCombined/Edges/Round-8_0062812_edge.png,15.2367,15.265312,0.0039735808968544
3679,/tmp/DataSetCombined/Edges/Round-9_0145777_edge.png,24.84515,24.938139,0.0039735808968544
3680,/tmp/DataSetCombined/Edges/Round-8_0047281_edge.png,12.01437,12.304178,0.0039735808968544
3681,/tmp/DataSetCombined/Edges/Round-10_0024173_edge.png,13.64736,13.749996,0.0039735808968544
3682,/tmp/DataSetCombined/Edges/Round-10_0147671_edge.png,10.00603,10.372447,0.0039735808968544
3683,/tmp/DataSetCombined/Edges/Round-6_0127655_edge.png,14.57879,14.511639,0.0039735808968544
3684,/tmp/DataSetCombined/Edges/Round-6_0059539_edge.png,9.51933,9.439816,0.0039735808968544
3685,/tmp/DataSetCombined/Edges/Round-4_0019959_edge.png,11.61441,12.164398,0.0039735808968544
3686,/tmp/DataSetCombined/Edges/Round-6_0091776_edge.png,19.07028,19.018215,0.0039735808968544
3687,/tmp/DataSetCombined/Edges/Round-8_0059368_edge.png,8.84534,8.948841,0.0039735808968544
3688,/tmp/DataSetCombined/Edges/Round-6_0001637_edge.png,12.21749,12.730467,0.0039735808968544
3689,/tmp/DataSetCombined/Edges/Round-7_0135663_edge.png,14.24937,14.449426,0.0039735808968544
3690,/tmp/DataSetCombined/Edges/Round-2_0040400_edge.png,9.89921,10.131041,0.0039735808968544
3691,/tmp/DataSetCombined/Edges/Round-6_0080097_edge.png,9.89817,9.923726,0.0039735808968544
3692,/tmp/DataSetCombined/Edges/Round-9_0065771_edge.png,13.25838,13.438725,0.0039735808968544
3693,/tmp/DataSetCombined/Edges/Round-3_0008941_edge.png,8.29204,8.464609,0.0039735808968544
3694,/tmp/DataSetCombined/Edges/Round-7_0135452_edge.png,18.81475,18.790504,0.0039735808968544
3695,/tmp/DataSetCombined/Edges/Round-1_0106798_edge.png,13.44564,13.531033,0.0039735808968544
3696,/tmp/DataSetCombined/Edges/Round-9_0197066_edge.png,14.61582,14.607478,0.0039735808968544
3697,/tmp/DataSetCombined/Edges/Round-2_0086582_edge.png,19.64225,19.548407,0.0039735808968544
3698,/tmp/DataSetCombined/Edges/Round-6_0008882_edge.png,12.89906,13.355841,0.0039735808968544
3699,/tmp/DataSetCombined/Edges/Round-8_0051838_edge.png,13.09632,13.185529,0.0039735808968544
3700,/tmp/DataSetCombined/Edges/Round-5_0043260_edge.png,12.72236,13.156992,0.0039735808968544
3701,/tmp/DataSetCombined/Edges/Round-9_0071580_edge.png,8.28523,8.435429,0.0039735808968544
3702,/tmp/DataSetCombined/Edges/Round-1_0102525_edge.png,12.69855,13.140249,0.0039735808968544
3703,/tmp/DataSetCombined/Edges/Round-2_0089742_edge.png,13.08399,13.1539955,0.0039735808968544
3704,/tmp/DataSetCombined/Edges/Round-1_0158328_edge.png,17.26101,17.526854,0.0039735808968544
3705,/tmp/DataSetCombined/Edges/Round-9_0100506_edge.png,8.9646,9.019636,0.0039735808968544
3706,/tmp/DataSetCombined/Edges/Round-10_0016527_edge.png,30.27292,29.95437,0.0039735808968544
3707,/tmp/DataSetCombined/Edges/Round-9_0117031_edge.png,27.79769,28.063148,0.0039735808968544
3708,/tmp/DataSetCombined/Edges/Round-10_0047470_edge.png,8.7737,8.870111,0.0039735808968544
3709,/tmp/DataSetCombined/Edges/Round-1_0070434_edge.png,9.03174,9.08062,0.0039735808968544
3710,/tmp/DataSetCombined/Edges/Round-10_0029169_edge.png,7.65461,7.8544736,0.0039735808968544
3711,/tmp/DataSetCombined/Edges/Round-5_0010904_edge.png,11.96813,12.375215,0.0039735808968544
3712,/tmp/DataSetCombined/Edges/Round-3_0038559_edge.png,11.30637,11.876875,0.003850407898426
3713,/tmp/DataSetCombined/Edges/Round-6_0103394_edge.png,30.33357,30.053802,0.003850407898426
3714,/tmp/DataSetCombined/Edges/Round-1_0134580_edge.png,13.61719,13.7411785,0.003850407898426
3715,/tmp/DataSetCombined/Edges/Round-6_0128106_edge.png,7.59113,7.755258,0.003850407898426
3716,/tmp/DataSetCombined/Edges/Round-9_0119078_edge.png,11.92073,12.239952,0.003850407898426
3717,/tmp/DataSetCombined/Edges/Round-8_0051374_edge.png,9.30271,9.236004,0.003850407898426
3718,/tmp/DataSetCombined/Edges/Round-1_0006334_edge.png,19.62356,19.53111,0.003850407898426
3719,/tmp/DataSetCombined/Edges/Round-3_0049064_edge.png,9.06558,9.121477,0.003850407898426
3720,/tmp/DataSetCombined/Edges/Round-1_0014901_edge.png,11.70632,12.370915,0.003850407898426
3721,/tmp/DataSetCombined/Edges/Round-4_0003856_edge.png,8.37923,8.465945,0.003850407898426
3722,/tmp/DataSetCombined/Edges/Round-8_0031690_edge.png,13.63339,13.871632,0.003850407898426
3723,/tmp/DataSetCombined/Edges/Round-8_0030244_edge.png,10.52383,10.857587,0.003850407898426
3724,/tmp/DataSetCombined/Edges/Round-1_0146980_edge.png,9.50772,9.375011,0.003850407898426
3725,/tmp/DataSetCombined/Edges/Round-4_0074349_edge.png,8.39016,8.445685,0.003850407898426
3726,/tmp/DataSetCombined/Edges/Round-3_0024734_edge.png,19.68909,19.588976,0.003850407898426
3727,/tmp/DataSetCombined/Edges/Round-9_0067336_edge.png,12.85118,13.274603,0.003850407898426
3728,/tmp/DataSetCombined/Edges/Round-8_0043350_edge.png,12.10044,12.352377,0.003850407898426
3729,/tmp/DataSetCombined/Edges/Round-10_0153751_edge.png,13.73631,13.821841,0.003850407898426
3730,/tmp/DataSetCombined/Edges/Round-3_0013336_edge.png,18.44682,18.267063,0.003850407898426
3731,/tmp/DataSetCombined/Edges/Round-4_0087051_edge.png,15.20671,15.27253,0.003850407898426
3732,/tmp/DataSetCombined/Edges/Round-10_0023119_edge.png,19.51826,19.438122,0.003850407898426
3733,/tmp/DataSetCombined/Edges/Round-7_0129518_edge.png,14.00479,14.015861,0.003850407898426
3734,/tmp/DataSetCombined/Edges/Round-4_0077691_edge.png,19.77424,19.642218,0.003850407898426
3735,/tmp/DataSetCombined/Edges/Round-7_0032782_edge.png,12.38313,12.691422,0.003850407898426
3736,/tmp/DataSetCombined/Edges/Round-7_0082808_edge.png,14.04505,14.00845,0.003850407898426
3737,/tmp/DataSetCombined/Edges/Round-2_0023600_edge.png,13.48554,13.663288,0.003850407898426
3738,/tmp/DataSetCombined/Edges/Round-10_0179668_edge.png,8.91212,9.012661,0.003850407898426
3739,/tmp/DataSetCombined/Edges/Round-9_0062340_edge.png,8.76162,8.850721,0.003850407898426
3740,/tmp/DataSetCombined/Edges/Round-7_0102282_edge.png,11.52603,11.971308,0.003850407898426
3741,/tmp/DataSetCombined/Edges/Round-7_0113931_edge.png,12.06825,12.605194,0.003850407898426
3742,/tmp/DataSetCombined/Edges/Round-9_0103606_edge.png,30.33305,29.975447,0.003850407898426
3743,/tmp/DataSetCombined/Edges/Round-6_0099210_edge.png,9.19268,9.20065,0.003850407898426
3744,/tmp/DataSetCombined/Edges/Round-9_0092861_edge.png,12.65997,12.913636,0.003850407898426
3745,/tmp/DataSetCombined/Edges/Round-1_0058901_edge.png,7.63513,7.7554574,0.003850407898426
3746,/tmp/DataSetCombined/Edges/Round-9_0094065_edge.png,19.34175,19.268925,0.003850407898426
3747,/tmp/DataSetCombined/Edges/Round-5_0008103_edge.png,12.79806,13.273664,0.003850407898426
3748,/tmp/DataSetCombined/Edges/Round-10_0111281_edge.png,8.10407,8.229329,0.003850407898426
3749,/tmp/DataSetCombined/Edges/Round-1_0156048_edge.png,14.01213,14.180031,0.003850407898426
3750,/tmp/DataSetCombined/Edges/Round-9_0117483_edge.png,13.90126,13.922061,0.003850407898426
3751,/tmp/DataSetCombined/Edges/Round-8_0049388_edge.png,12.07061,12.162415,0.003850407898426
3752,/tmp/DataSetCombined/Edges/Round-9_0093463_edge.png,14.54635,14.465715,0.003850407898426
3753,/tmp/DataSetCombined/Edges/Round-5_0010391_edge.png,18.33663,18.336462,0.003850407898426
3754,/tmp/DataSetCombined/Edges/Round-10_0153992_edge.png,23.8252,23.668581,0.003850407898426
3755,/tmp/DataSetCombined/Edges/Round-2_0074167_edge.png,13.90349,13.931504,0.003850407898426
3756,/tmp/DataSetCombined/Edges/Round-2_0055500_edge.png,17.65225,17.881245,0.003850407898426
3757,/tmp/DataSetCombined/Edges/Round-9_0136024_edge.png,14.75317,15.043762,0.003850407898426
3758,/tmp/DataSetCombined/Edges/Round-9_0091507_edge.png,25.452,25.790363,0.003850407898426
3759,/tmp/DataSetCombined/Edges/Round-2_0067438_edge.png,20.25018,20.1406,0.003850407898426
3760,/tmp/DataSetCombined/Edges/Round-7_0102342_edge.png,7.99342,8.165676,0.003850407898426
3761,/tmp/DataSetCombined/Edges/Round-10_0085967_edge.png,11.76241,12.275654,0.003850407898426
3762,/tmp/DataSetCombined/Edges/Round-9_0078052_edge.png,12.72943,13.012823,0.003850407898426
3763,/tmp/DataSetCombined/Edges/Round-10_0102642_edge.png,13.82712,13.876648,0.003850407898426
3764,/tmp/DataSetCombined/Edges/Round-9_0052196_edge.png,9.45758,9.468028,0.003850407898426
3765,/tmp/DataSetCombined/Edges/Round-9_0162933_edge.png,14.02229,14.009379,0.003850407898426
3766,/tmp/DataSetCombined/Edges/Round-9_0042355_edge.png,19.26902,19.223295,0.003850407898426
3767,/tmp/DataSetCombined/Edges/Round-5_0041273_edge.png,10.00606,10.125637,0.003850407898426
3768,/tmp/DataSetCombined/Edges/Round-1_0147522_edge.png,8.48642,8.611038,0.003850407898426
3769,/tmp/DataSetCombined/Edges/Round-6_0047018_edge.png,13.01665,13.504555,0.003850407898426
3770,/tmp/DataSetCombined/Edges/Round-6_0047228_edge.png,13.59184,13.707173,0.003850407898426
3771,/tmp/DataSetCombined/Edges/Round-8_0044403_edge.png,17.06642,17.34524,0.003850407898426
3772,/tmp/DataSetCombined/Edges/Round-5_0085006_edge.png,14.86036,14.919498,0.003850407898426
3773,/tmp/DataSetCombined/Edges/Round-8_0054637_edge.png,9.79416,9.954675,0.003850407898426
3774,/tmp/DataSetCombined/Edges/Round-10_0009815_edge.png,28.33036,28.452942,0.003850407898426
3775,/tmp/DataSetCombined/Edges/Round-4_0057993_edge.png,14.52371,14.444008,0.003850407898426
3776,/tmp/DataSetCombined/Edges/Round-7_0064868_edge.png,19.64196,19.538923,0.0032506510615348
3777,/tmp/DataSetCombined/Edges/Round-8_0027487_edge.png,13.95435,13.963481,0.0032506510615348
3778,/tmp/DataSetCombined/Edges/Round-9_0144693_edge.png,12.88239,13.345697,0.0032506510615348
3779,/tmp/DataSetCombined/Edges/Round-8_0021919_edge.png,17.5553,17.773195,0.0032506510615348
3780,/tmp/DataSetCombined/Edges/Round-1_0088527_edge.png,15.15851,15.374602,0.0032506510615348
3781,/tmp/DataSetCombined/Edges/Round-4_0081363_edge.png,9.26016,9.212095,0.0032506510615348
3782,/tmp/DataSetCombined/Edges/Round-8_0063125_edge.png,8.26107,8.441284,0.0032506510615348
3783,/tmp/DataSetCombined/Edges/Round-10_0191978_edge.png,18.33088,18.360296,0.0032506510615348
3784,/tmp/DataSetCombined/Edges/Round-2_0099495_edge.png,12.28321,12.767693,0.0032506510615348
3785,/tmp/DataSetCombined/Edges/Round-6_0117550_edge.png,11.91156,12.517178,0.0032506510615348
3786,/tmp/DataSetCombined/Edges/Round-7_0057765_edge.png,14.62312,14.812044,0.0032506510615348
3787,/tmp/DataSetCombined/Edges/Round-5_0081938_edge.png,13.5537,13.631401,0.0032506510615348
3788,/tmp/DataSetCombined/Edges/Round-1_0095210_edge.png,14.57872,14.512694,0.0032506510615348
3789,/tmp/DataSetCombined/Edges/Round-3_0066401_edge.png,18.85065,18.848392,0.0032506510615348
3790,/tmp/DataSetCombined/Edges/Round-6_0045061_edge.png,14.55972,14.493019,0.0032506510615348
3791,/tmp/DataSetCombined/Edges/Round-9_0194779_edge.png,13.66146,13.767691,0.0032506510615348
3792,/tmp/DataSetCombined/Edges/Round-10_0134969_edge.png,12.97648,13.311238,0.0032506510615348
3793,/tmp/DataSetCombined/Edges/Round-9_0193905_edge.png,19.57462,19.29069,0.0032506510615348
3794,/tmp/DataSetCombined/Edges/Round-10_0050329_edge.png,16.10394,16.413734,0.0032506510615348
3795,/tmp/DataSetCombined/Edges/Round-10_0073476_edge.png,12.664,13.091456,0.0032506510615348
3796,/tmp/DataSetCombined/Edges/Round-8_0003468_edge.png,8.56386,8.803356,0.0032506510615348
3797,/tmp/DataSetCombined/Edges/Round-6_0058275_edge.png,13.74164,14.1876135,0.0032506510615348
3798,/tmp/DataSetCombined/Edges/Round-8_0001607_edge.png,11.16831,11.788853,0.0032506510615348
3799,/tmp/DataSetCombined/Edges/Round-10_0071579_edge.png,8.07926,8.328241,0.0032506510615348
3800,/tmp/DataSetCombined/Edges/Round-8_0046168_edge.png,12.26499,12.549614,0.0032506510615348
3801,/tmp/DataSetCombined/Edges/Round-7_0029683_edge.png,11.76629,12.416599,0.0032506510615348
3802,/tmp/DataSetCombined/Edges/Round-1_0073809_edge.png,9.50127,9.476717,0.0032506510615348
3803,/tmp/DataSetCombined/Edges/Round-8_0057816_edge.png,13.20083,13.699564,0.0032506510615348
3804,/tmp/DataSetCombined/Edges/Round-2_0055067_edge.png,17.35833,17.625551,0.0032506510615348
3805,/tmp/DataSetCombined/Edges/Round-7_0124586_edge.png,13.01288,13.501825,0.0032506510615348
3806,/tmp/DataSetCombined/Edges/Round-8_0087686_edge.png,9.95231,10.242495,0.0032506510615348
3807,/tmp/DataSetCombined/Edges/Round-9_0101230_edge.png,7.68493,7.849978,0.0032506510615348
3808,/tmp/DataSetCombined/Edges/Round-6_0034723_edge.png,10.04557,10.4778,0.0032506510615348
3809,/tmp/DataSetCombined/Edges/Round-1_0118319_edge.png,10.00606,10.397406,0.0032506510615348
3810,/tmp/DataSetCombined/Edges/Round-8_0039184_edge.png,8.8394,8.847681,0.0032506510615348
3811,/tmp/DataSetCombined/Edges/Round-9_0182829_edge.png,15.81753,16.218178,0.0032506510615348
3812,/tmp/DataSetCombined/Edges/Round-7_0086179_edge.png,9.78629,9.8678055,0.0032506510615348
3813,/tmp/DataSetCombined/Edges/Round-9_0185989_edge.png,12.9804,13.292761,0.0032506510615348
3814,/tmp/DataSetCombined/Edges/Round-7_0115676_edge.png,30.31768,29.979294,0.0032506510615348
3815,/tmp/DataSetCombined/Edges/Round-8_0073540_edge.png,8.67688,8.766966,0.0032506510615348
3816,/tmp/DataSetCombined/Edges/Round-1_0054467_edge.png,13.63234,13.712969,0.0032506510615348
3817,/tmp/DataSetCombined/Edges/Round-2_0018400_edge.png,13.19526,13.573461,0.0032506510615348
3818,/tmp/DataSetCombined/Edges/Round-4_0083620_edge.png,18.73801,18.536688,0.0032506510615348
3819,/tmp/DataSetCombined/Edges/Round-3_0065107_edge.png,12.76302,12.798205,0.0032506510615348
3820,/tmp/DataSetCombined/Edges/Round-4_0019041_edge.png,18.63106,18.705946,0.0032506510615348
3821,/tmp/DataSetCombined/Edges/Round-10_0181142_edge.png,16.55588,16.617292,0.0032506510615348
3822,/tmp/DataSetCombined/Edges/Round-5_0053132_edge.png,20.40655,20.157469,0.0032506510615348
3823,/tmp/DataSetCombined/Edges/Round-5_0003879_edge.png,16.10521,16.444002,0.0032506510615348
3824,/tmp/DataSetCombined/Edges/Round-3_0037234_edge.png,13.6553,13.926897,0.0032506510615348
3825,/tmp/DataSetCombined/Edges/Round-2_0102686_edge.png,8.73183,8.775142,0.0032506510615348
3826,/tmp/DataSetCombined/Edges/Round-9_0089581_edge.png,13.54365,13.655044,0.0032506510615348
3827,/tmp/DataSetCombined/Edges/Round-1_0106888_edge.png,13.6332,13.751288,0.0032506510615348
3828,/tmp/DataSetCombined/Edges/Round-1_0066967_edge.png,13.40877,13.513787,0.0032506510615348
3829,/tmp/DataSetCombined/Edges/Round-4_0069142_edge.png,19.15185,18.945717,0.0032506510615348
3830,/tmp/DataSetCombined/Edges/Round-5_0103188_edge.png,6.86046,7.2320676,0.0032506510615348
3831,/tmp/DataSetCombined/Edges/Round-8_0066334_edge.png,12.71852,13.005697,0.0032506510615348
3832,/tmp/DataSetCombined/Edges/Round-7_0038953_edge.png,15.08346,15.137137,0.0032506510615348
3833,/tmp/DataSetCombined/Edges/Round-3_0030643_edge.png,9.06686,8.994797,0.0032506510615348
3834,/tmp/DataSetCombined/Edges/Round-1_0153693_edge.png,19.48146,19.198673,0.0032506510615348
3835,/tmp/DataSetCombined/Edges/Round-5_0023605_edge.png,8.97525,9.037893,0.0032506510615348
3836,/tmp/DataSetCombined/Edges/Round-7_0033813_edge.png,13.40341,13.513136,0.0032506510615348
3837,/tmp/DataSetCombined/Edges/Round-10_0058637_edge.png,13.82596,13.890976,0.0032506510615348
3838,/tmp/DataSetCombined/Edges/Round-10_0083469_edge.png,9.17327,9.171576,0.0032506510615348
3839,/tmp/DataSetCombined/Edges/Round-3_0037300_edge.png,8.79809,8.879639,0.0032506510615348
3840,/tmp/DataSetCombined/Edges/Round-9_0107482_edge.png,15.51626,15.528035,0.0036501958966255
3841,/tmp/DataSetCombined/Edges/Round-8_0078223_edge.png,8.30408,8.556258,0.0036501958966255
3842,/tmp/DataSetCombined/Edges/Round-2_0077601_edge.png,14.59411,14.511529,0.0036501958966255
3843,/tmp/DataSetCombined/Edges/Round-1_0119470_edge.png,8.31148,8.37652,0.0036501958966255
3844,/tmp/DataSetCombined/Edges/Round-8_0049538_edge.png,14.04386,13.99875,0.0036501958966255
3845,/tmp/DataSetCombined/Edges/Round-4_0069443_edge.png,13.00102,13.471817,0.0036501958966255
3846,/tmp/DataSetCombined/Edges/Round-8_0044693_edge.png,14.00855,14.004244,0.0036501958966255
3847,/tmp/DataSetCombined/Edges/Round-1_0019400_edge.png,16.06566,16.40676,0.0036501958966255
3848,/tmp/DataSetCombined/Edges/Round-10_0058155_edge.png,9.24908,9.214172,0.0036501958966255
3849,/tmp/DataSetCombined/Edges/Round-5_0022070_edge.png,11.62553,12.084467,0.0036501958966255
3850,/tmp/DataSetCombined/Edges/Round-1_0010000_edge.png,12.77608,13.223145,0.0036501958966255
3851,/tmp/DataSetCombined/Edges/Round-6_0054061_edge.png,12.97686,13.287407,0.0036501958966255
3852,/tmp/DataSetCombined/Edges/Round-10_0113599_edge.png,18.71499,18.753624,0.0036501958966255
3853,/tmp/DataSetCombined/Edges/Round-4_0015926_edge.png,13.3455,13.621758,0.0036501958966255
3854,/tmp/DataSetCombined/Edges/Round-1_0130757_edge.png,26.70074,27.21541,0.0036501958966255
3855,/tmp/DataSetCombined/Edges/Round-9_0188006_edge.png,13.72812,13.781862,0.0036501958966255
3856,/tmp/DataSetCombined/Edges/Round-3_0003667_edge.png,12.69485,13.115351,0.0036501958966255
3857,/tmp/DataSetCombined/Edges/Round-1_0079828_edge.png,14.01264,13.999087,0.0036501958966255
3858,/tmp/DataSetCombined/Edges/Round-5_0016863_edge.png,10.05242,10.503788,0.0036501958966255
3859,/tmp/DataSetCombined/Edges/Round-1_0010167_edge.png,11.50559,12.252047,0.0036501958966255
3860,/tmp/DataSetCombined/Edges/Round-7_0030946_edge.png,10.59577,10.723167,0.0036501958966255
3861,/tmp/DataSetCombined/Edges/Round-9_0170679_edge.png,13.46278,13.554352,0.0036501958966255
3862,/tmp/DataSetCombined/Edges/Round-8_0052109_edge.png,13.63505,13.71869,0.0036501958966255
3863,/tmp/DataSetCombined/Edges/Round-10_0147826_edge.png,7.73164,7.928855,0.0036501958966255
3864,/tmp/DataSetCombined/Edges/Round-5_0064059_edge.png,30.29888,30.038214,0.0036501958966255
3865,/tmp/DataSetCombined/Edges/Round-5_0116553_edge.png,13.66521,13.773021,0.0036501958966255
3866,/tmp/DataSetCombined/Edges/Round-5_0114596_edge.png,30.31904,30.041065,0.0036501958966255
3867,/tmp/DataSetCombined/Edges/Round-9_0089279_edge.png,30.29458,29.99631,0.0036501958966255
3868,/tmp/DataSetCombined/Edges/Round-7_0021013_edge.png,22.35568,22.218832,0.0036501958966255
3869,/tmp/DataSetCombined/Edges/Round-1_0058467_edge.png,16.71167,16.925554,0.0036501958966255
3870,/tmp/DataSetCombined/Edges/Round-3_0081632_edge.png,18.30436,18.315044,0.0036501958966255
3871,/tmp/DataSetCombined/Edges/Round-6_0041449_edge.png,19.65549,19.54244,0.0036501958966255
3872,/tmp/DataSetCombined/Edges/Round-3_0007167_edge.png,8.25059,8.582678,0.0036501958966255
3873,/tmp/DataSetCombined/Edges/Round-3_0052401_edge.png,10.7695,11.483328,0.0036501958966255
3874,/tmp/DataSetCombined/Edges/Round-2_0093204_edge.png,12.58955,13.037638,0.0036501958966255
3875,/tmp/DataSetCombined/Edges/Round-10_0070857_edge.png,13.56501,13.779135,0.0036501958966255
3876,/tmp/DataSetCombined/Edges/Round-9_0122991_edge.png,12.88022,12.892362,0.0036501958966255
3877,/tmp/DataSetCombined/Edges/Round-6_0054603_edge.png,30.26549,29.986288,0.0036501958966255
3878,/tmp/DataSetCombined/Edges/Round-6_0123742_edge.png,12.52633,12.994261,0.0036501958966255
3879,/tmp/DataSetCombined/Edges/Round-9_0191106_edge.png,16.7946,17.00819,0.0036501958966255
3880,/tmp/DataSetCombined/Edges/Round-9_0133225_edge.png,11.14144,11.745414,0.0036501958966255
3881,/tmp/DataSetCombined/Edges/Round-8_0058731_edge.png,13.05151,13.113377,0.0036501958966255
3882,/tmp/DataSetCombined/Edges/Round-4_0079888_edge.png,17.08263,17.292814,0.0036501958966255
3883,/tmp/DataSetCombined/Edges/Round-10_0008370_edge.png,9.68569,9.709754,0.0036501958966255
3884,/tmp/DataSetCombined/Edges/Round-8_0014864_edge.png,8.65463,8.561796,0.0036501958966255
3885,/tmp/DataSetCombined/Edges/Round-2_0093054_edge.png,9.87684,10.113852,0.0036501958966255
3886,/tmp/DataSetCombined/Edges/Round-5_0115108_edge.png,14.81339,15.076178,0.0036501958966255
3887,/tmp/DataSetCombined/Edges/Round-1_0108393_edge.png,21.88188,21.728518,0.0036501958966255
3888,/tmp/DataSetCombined/Edges/Round-7_0070045_edge.png,10.26792,10.507965,0.0036501958966255
3889,/tmp/DataSetCombined/Edges/Round-5_0112098_edge.png,13.84238,14.018768,0.0036501958966255
3890,/tmp/DataSetCombined/Edges/Round-9_0105232_edge.png,15.23,15.246162,0.0036501958966255
3891,/tmp/DataSetCombined/Edges/Round-6_0016166_edge.png,20.22824,20.11854,0.0036501958966255
3892,/tmp/DataSetCombined/Edges/Round-6_0062940_edge.png,20.23864,20.11011,0.0036501958966255
3893,/tmp/DataSetCombined/Edges/Round-2_0072285_edge.png,18.34415,18.369915,0.0036501958966255
3894,/tmp/DataSetCombined/Edges/Round-9_0092418_edge.png,9.83735,10.006823,0.0036501958966255
3895,/tmp/DataSetCombined/Edges/Round-10_0142705_edge.png,9.08055,9.019734,0.0036501958966255
3896,/tmp/DataSetCombined/Edges/Round-8_0063806_edge.png,9.95044,10.279772,0.0036501958966255
3897,/tmp/DataSetCombined/Edges/Round-4_0058366_edge.png,8.87782,9.010149,0.0036501958966255
3898,/tmp/DataSetCombined/Edges/Round-4_0007468_edge.png,16.0656,16.359907,0.0036501958966255
3899,/tmp/DataSetCombined/Edges/Round-5_0045849_edge.png,9.38001,9.292681,0.0036501958966255
3900,/tmp/DataSetCombined/Edges/Round-4_0023240_edge.png,11.2236,11.715265,0.0036501958966255
3901,/tmp/DataSetCombined/Edges/Round-10_0142283_edge.png,13.5911,13.715342,0.0036501958966255
3902,/tmp/DataSetCombined/Edges/Round-10_0060051_edge.png,18.93388,18.925354,0.0036501958966255
3903,/tmp/DataSetCombined/Edges/Round-10_0045875_edge.png,13.53301,13.613615,0.0036501958966255
3904,/tmp/DataSetCombined/Edges/Round-7_0103877_edge.png,22.02689,21.954977,0.0033821612596511
3905,/tmp/DataSetCombined/Edges/Round-1_0012934_edge.png,18.28235,18.321716,0.0033821612596511
3906,/tmp/DataSetCombined/Edges/Round-6_0129280_edge.png,18.52948,18.609034,0.0033821612596511
3907,/tmp/DataSetCombined/Edges/Round-9_0044461_edge.png,9.34045,9.254184,0.0033821612596511
3908,/tmp/DataSetCombined/Edges/Round-7_0049465_edge.png,24.47867,24.435913,0.0033821612596511
3909,/tmp/DataSetCombined/Edges/Round-1_0069167_edge.png,10.87386,11.559391,0.0033821612596511
3910,/tmp/DataSetCombined/Edges/Round-8_0062614_edge.png,10.40613,10.884082,0.0033821612596511
3911,/tmp/DataSetCombined/Edges/Round-10_0162888_edge.png,16.97207,17.216003,0.0033821612596511
3912,/tmp/DataSetCombined/Edges/Round-4_0076185_edge.png,10.40307,10.704418,0.0033821612596511
3913,/tmp/DataSetCombined/Edges/Round-5_0101533_edge.png,9.39587,9.29717,0.0033821612596511
3914,/tmp/DataSetCombined/Edges/Round-9_0138914_edge.png,9.787,9.948235,0.0033821612596511
3915,/tmp/DataSetCombined/Edges/Round-1_0151736_edge.png,26.30495,26.759819,0.0033821612596511
3916,/tmp/DataSetCombined/Edges/Round-10_0037808_edge.png,16.90702,17.243383,0.0033821612596511
3917,/tmp/DataSetCombined/Edges/Round-6_0005243_edge.png,15.19755,15.215509,0.0033821612596511
3918,/tmp/DataSetCombined/Edges/Round-7_0119529_edge.png,11.74651,12.424961,0.0033821612596511
3919,/tmp/DataSetCombined/Edges/Round-2_0066836_edge.png,10.09681,10.490545,0.0033821612596511
3920,/tmp/DataSetCombined/Edges/Round-9_0197668_edge.png,14.58175,14.529824,0.0033821612596511
3921,/tmp/DataSetCombined/Edges/Round-7_0075104_edge.png,10.0068,10.331258,0.0033821612596511
3922,/tmp/DataSetCombined/Edges/Round-3_0047710_edge.png,30.26415,30.047077,0.0033821612596511
3923,/tmp/DataSetCombined/Edges/Round-9_0033294_edge.png,14.58166,14.527357,0.0033821612596511
3924,/tmp/DataSetCombined/Edges/Round-9_0089618_edge.png,20.22464,20.082003,0.0033821612596511
3925,/tmp/DataSetCombined/Edges/Round-10_0106856_edge.png,12.62683,12.864178,0.0033821612596511
3926,/tmp/DataSetCombined/Edges/Round-10_0065981_edge.png,20.9239,20.7074,0.0033821612596511
3927,/tmp/DataSetCombined/Edges/Round-10_0081964_edge.png,8.2666,8.631152,0.0033821612596511
3928,/tmp/DataSetCombined/Edges/Round-2_0093836_edge.png,12.00784,12.580971,0.0033821612596511
3929,/tmp/DataSetCombined/Edges/Round-2_0069400_edge.png,12.6186,12.986019,0.0033821612596511
3930,/tmp/DataSetCombined/Edges/Round-1_0065501_edge.png,19.75098,19.61414,0.0033821612596511
3931,/tmp/DataSetCombined/Edges/Round-5_0002879_edge.png,17.67681,17.92729,0.0033821612596511
3932,/tmp/DataSetCombined/Edges/Round-8_0047263_edge.png,11.95926,12.427512,0.0033821612596511
3933,/tmp/DataSetCombined/Edges/Round-6_0030222_edge.png,11.73429,12.234116,0.0033821612596511
3934,/tmp/DataSetCombined/Edges/Round-6_0044399_edge.png,12.74638,13.100414,0.0033821612596511
3935,/tmp/DataSetCombined/Edges/Round-9_0008311_edge.png,13.18123,13.366636,0.0033821612596511
3936,/tmp/DataSetCombined/Edges/Round-8_0010481_edge.png,18.33675,18.352427,0.0033821612596511
3937,/tmp/DataSetCombined/Edges/Round-5_0014364_edge.png,9.46772,9.434792,0.0033821612596511
3938,/tmp/DataSetCombined/Edges/Round-6_0057402_edge.png,9.47177,9.364608,0.0033821612596511
3939,/tmp/DataSetCombined/Edges/Round-4_0007569_edge.png,14.21769,14.129822,0.0033821612596511
3940,/tmp/DataSetCombined/Edges/Round-8_0024526_edge.png,27.02731,27.406189,0.0033821612596511
3941,/tmp/DataSetCombined/Edges/Round-10_0154022_edge.png,24.57917,24.546854,0.0033821612596511
3942,/tmp/DataSetCombined/Edges/Round-1_0078625_edge.png,8.97223,9.039155,0.0033821612596511
3943,/tmp/DataSetCombined/Edges/Round-10_0069502_edge.png,19.40554,19.341204,0.0033821612596511
3944,/tmp/DataSetCombined/Edges/Round-6_0102582_edge.png,9.13403,9.083601,0.0033821612596511
3945,/tmp/DataSetCombined/Edges/Round-9_0190083_edge.png,30.28752,29.970482,0.0033821612596511
3946,/tmp/DataSetCombined/Edges/Round-5_0018368_edge.png,10.27387,10.806357,0.0033821612596511
3947,/tmp/DataSetCombined/Edges/Round-1_0047634_edge.png,11.98994,12.344678,0.0033821612596511
3948,/tmp/DataSetCombined/Edges/Round-6_0028838_edge.png,7.83327,7.9745793,0.0033821612596511
3949,/tmp/DataSetCombined/Edges/Round-5_0104753_edge.png,14.01785,13.986244,0.0033821612596511
3950,/tmp/DataSetCombined/Edges/Round-9_0015896_edge.png,9.30198,9.231986,0.0033821612596511
3951,/tmp/DataSetCombined/Edges/Round-5_0008946_edge.png,13.08584,13.569807,0.0033821612596511
3952,/tmp/DataSetCombined/Edges/Round-4_0052718_edge.png,13.91769,13.63557,0.0033821612596511
3953,/tmp/DataSetCombined/Edges/Round-2_0109337_edge.png,30.29601,29.950766,0.0033821612596511
3954,/tmp/DataSetCombined/Edges/Round-10_0023811_edge.png,18.88542,18.86078,0.0033821612596511
3955,/tmp/DataSetCombined/Edges/Round-9_0162361_edge.png,14.00611,13.994116,0.0033821612596511
3956,/tmp/DataSetCombined/Edges/Round-9_0033926_edge.png,12.99748,13.495098,0.0033821612596511
3957,/tmp/DataSetCombined/Edges/Round-4_0049667_edge.png,15.24094,15.598638,0.0033821612596511
3958,/tmp/DataSetCombined/Edges/Round-10_0100927_edge.png,11.98072,12.520094,0.0033821612596511
3959,/tmp/DataSetCombined/Edges/Round-1_0139096_edge.png,12.36101,12.806874,0.0033821612596511
3960,/tmp/DataSetCombined/Edges/Round-7_0054996_edge.png,9.41469,9.30545,0.0033821612596511
3961,/tmp/DataSetCombined/Edges/Round-9_0193002_edge.png,14.38693,14.384636,0.0033821612596511
3962,/tmp/DataSetCombined/Edges/Round-10_0174852_edge.png,13.63491,13.732242,0.0033821612596511
3963,/tmp/DataSetCombined/Edges/Round-5_0028661_edge.png,7.43966,7.7442307,0.0033821612596511
3964,/tmp/DataSetCombined/Edges/Round-7_0041211_edge.png,12.29065,12.645251,0.0033821612596511
3965,/tmp/DataSetCombined/Edges/Round-8_0024267_edge.png,12.85782,13.3300705,0.0033821612596511
3966,/tmp/DataSetCombined/Edges/Round-7_0068209_edge.png,8.55979,8.650218,0.0033821612596511
3967,/tmp/DataSetCombined/Edges/Round-3_0034074_edge.png,9.27057,9.232855,0.0033821612596511
3968,/tmp/DataSetCombined/Edges/Round-9_0075584_edge.png,14.57311,14.517605,0.0033069439232349
3969,/tmp/DataSetCombined/Edges/Round-5_0067881_edge.png,19.51147,19.418997,0.0033069439232349
3970,/tmp/DataSetCombined/Edges/Round-9_0067306_edge.png,12.62033,12.960224,0.0033069439232349
3971,/tmp/DataSetCombined/Edges/Round-9_0137047_edge.png,12.16381,12.425341,0.0033069439232349
3972,/tmp/DataSetCombined/Edges/Round-6_0072151_edge.png,12.67213,12.9489,0.0033069439232349
3973,/tmp/DataSetCombined/Edges/Round-5_0084466_edge.png,8.78791,8.846289,0.0033069439232349
3974,/tmp/DataSetCombined/Edges/Round-9_0120493_edge.png,16.25523,16.671843,0.0033069439232349
3975,/tmp/DataSetCombined/Edges/Round-9_0093914_edge.png,8.63982,8.733276,0.0033069439232349
3976,/tmp/DataSetCombined/Edges/Round-4_0081152_edge.png,8.55464,8.630528,0.0033069439232349
3977,/tmp/DataSetCombined/Edges/Round-7_0020321_edge.png,12.6971,13.1425495,0.0033069439232349
3978,/tmp/DataSetCombined/Edges/Round-6_0097284_edge.png,9.71986,9.666121,0.0033069439232349
3979,/tmp/DataSetCombined/Edges/Round-10_0118565_edge.png,10.77236,10.976544,0.0033069439232349
3980,/tmp/DataSetCombined/Edges/Round-6_0122658_edge.png,28.54188,28.597412,0.0033069439232349
3981,/tmp/DataSetCombined/Edges/Round-9_0128439_edge.png,14.33885,14.10721,0.0033069439232349
3982,/tmp/DataSetCombined/Edges/Round-3_0084552_edge.png,8.15301,8.242546,0.0033069439232349
3983,/tmp/DataSetCombined/Edges/Round-10_0035339_edge.png,8.07345,8.33484,0.0033069439232349
3984,/tmp/DataSetCombined/Edges/Round-9_0059149_edge.png,12.09785,12.628584,0.0033069439232349
3985,/tmp/DataSetCombined/Edges/Round-9_0194177_edge.png,19.55847,19.46425,0.0033069439232349
3986,/tmp/DataSetCombined/Edges/Round-8_0036987_edge.png,8.14341,8.242706,0.0033069439232349
3987,/tmp/DataSetCombined/Edges/Round-6_0015473_edge.png,8.23693,8.431274,0.0033069439232349
3988,/tmp/DataSetCombined/Edges/Round-5_0040009_edge.png,19.66344,19.571348,0.0033069439232349
3989,/tmp/DataSetCombined/Edges/Round-1_0153783_edge.png,13.24131,13.756859,0.0033069439232349
3990,/tmp/DataSetCombined/Edges/Round-9_0058126_edge.png,14.25783,13.96052,0.0033069439232349
3991,/tmp/DataSetCombined/Edges/Round-5_0020233_edge.png,29.70535,29.74833,0.0033069439232349
3992,/tmp/DataSetCombined/Edges/Round-10_0116608_edge.png,12.19233,12.735859,0.0033069439232349
3993,/tmp/DataSetCombined/Edges/Round-6_0109326_edge.png,10.92408,11.603123,0.0033069439232349
3994,/tmp/DataSetCombined/Edges/Round-9_0123443_edge.png,13.38254,13.483614,0.0033069439232349
3995,/tmp/DataSetCombined/Edges/Round-10_0089278_edge.png,8.53985,8.783508,0.0033069439232349
3996,/tmp/DataSetCombined/Edges/Round-8_0057436_edge.png,18.33934,18.36257,0.0033069439232349
3997,/tmp/DataSetCombined/Edges/Round-3_0014376_edge.png,8.02893,8.222069,0.0033069439232349
3998,/tmp/DataSetCombined/Edges/Round-8_0019611_edge.png,14.72138,15.06522,0.0033069439232349
3999,/tmp/DataSetCombined/Edges/Round-7_0016890_edge.png,14.63827,14.4253025,0.0033069439232349
4000,/tmp/DataSetCombined/Edges/Round-9_0024023_edge.png,16.67893,16.91233,0.0033069439232349
4001,/tmp/DataSetCombined/Edges/Round-10_0124374_edge.png,11.70595,12.144766,0.0033069439232349
4002,/tmp/DataSetCombined/Edges/Round-5_0072998_edge.png,15.18719,15.231758,0.0033069439232349
4003,/tmp/DataSetCombined/Edges/Round-6_0067485_edge.png,18.29065,18.329233,0.0033069439232349
4004,/tmp/DataSetCombined/Edges/Round-9_0074471_edge.png,12.92483,13.396068,0.0033069439232349
4005,/tmp/DataSetCombined/Edges/Round-6_0096441_edge.png,8.16317,8.367956,0.0033069439232349
4006,/tmp/DataSetCombined/Edges/Round-7_0006390_edge.png,18.89074,18.862642,0.0033069439232349
4007,/tmp/DataSetCombined/Edges/Round-1_0164739_edge.png,19.17711,19.152798,0.0033069439232349
4008,/tmp/DataSetCombined/Edges/Round-7_0122931_edge.png,11.95712,12.358957,0.0033069439232349
4009,/tmp/DataSetCombined/Edges/Round-7_0000546_edge.png,8.88738,8.990261,0.0033069439232349
4010,/tmp/DataSetCombined/Edges/Round-9_0138643_edge.png,29.80954,29.830442,0.0033069439232349
4011,/tmp/DataSetCombined/Edges/Round-3_0025967_edge.png,7.42902,7.685253,0.0033069439232349
4012,/tmp/DataSetCombined/Edges/Round-1_0107881_edge.png,12.0332,12.460626,0.0033069439232349
4013,/tmp/DataSetCombined/Edges/Round-10_0037326_edge.png,12.87399,13.223726,0.0033069439232349
4014,/tmp/DataSetCombined/Edges/Round-3_0054693_edge.png,11.52613,11.998276,0.0033069439232349
4015,/tmp/DataSetCombined/Edges/Round-6_0080188_edge.png,15.66878,16.048388,0.0033069439232349
4016,/tmp/DataSetCombined/Edges/Round-1_0048067_edge.png,9.01886,8.968518,0.0033069439232349
4017,/tmp/DataSetCombined/Edges/Round-1_0100030_edge.png,11.76956,12.216161,0.0033069439232349
4018,/tmp/DataSetCombined/Edges/Round-9_0135211_edge.png,8.00512,8.074924,0.0033069439232349
4019,/tmp/DataSetCombined/Edges/Round-5_0026585_edge.png,30.16694,29.91245,0.0033069439232349
4020,/tmp/DataSetCombined/Edges/Round-9_0115827_edge.png,13.15222,13.620839,0.0033069439232349
4021,/tmp/DataSetCombined/Edges/Round-7_0001148_edge.png,18.31739,18.329607,0.0033069439232349
4022,/tmp/DataSetCombined/Edges/Round-7_0077841_edge.png,18.07768,18.170633,0.0033069439232349
4023,/tmp/DataSetCombined/Edges/Round-2_0076198_edge.png,18.30118,18.326866,0.0033069439232349
4024,/tmp/DataSetCombined/Edges/Round-8_0082246_edge.png,13.6081,13.718386,0.0033069439232349
4025,/tmp/DataSetCombined/Edges/Round-8_0058117_edge.png,12.90256,13.378341,0.0033069439232349
4026,/tmp/DataSetCombined/Edges/Round-10_0199774_edge.png,14.0409,14.019647,0.0033069439232349
4027,/tmp/DataSetCombined/Edges/Round-9_0045966_edge.png,15.55829,15.856216,0.0033069439232349
4028,/tmp/DataSetCombined/Edges/Round-4_0012073_edge.png,19.67338,19.57664,0.0033069439232349
4029,/tmp/DataSetCombined/Edges/Round-9_0046959_edge.png,12.17304,12.650335,0.0033069439232349
4030,/tmp/DataSetCombined/Edges/Round-7_0035521_edge.png,12.97565,13.26652,0.0033069439232349
4031,/tmp/DataSetCombined/Edges/Round-9_0002152_edge.png,16.06911,16.37087,0.0033069439232349
4032,/tmp/DataSetCombined/Edges/Round-4_0085426_edge.png,12.61388,13.024437,0.0034097470343112
4033,/tmp/DataSetCombined/Edges/Round-9_0053732_edge.png,11.19136,11.430713,0.0034097470343112
4034,/tmp/DataSetCombined/Edges/Round-10_0100084_edge.png,12.29435,12.769768,0.0034097470343112
4035,/tmp/DataSetCombined/Edges/Round-3_0024200_edge.png,16.6081,16.927954,0.0034097470343112
4036,/tmp/DataSetCombined/Edges/Round-6_0053369_edge.png,20.24061,20.135115,0.0034097470343112
4037,/tmp/DataSetCombined/Edges/Round-1_0006267_edge.png,8.75104,8.841694,0.0034097470343112
4038,/tmp/DataSetCombined/Edges/Round-10_0015504_edge.png,15.39694,15.409273,0.0034097470343112
4039,/tmp/DataSetCombined/Edges/Round-5_0004364_edge.png,11.30059,11.877023,0.0034097470343112
4040,/tmp/DataSetCombined/Edges/Round-6_0125397_edge.png,12.47355,12.922155,0.0034097470343112
4041,/tmp/DataSetCombined/Edges/Round-1_0023634_edge.png,8.59788,8.695593,0.0034097470343112
4042,/tmp/DataSetCombined/Edges/Round-5_0053614_edge.png,10.53721,10.6267185,0.0034097470343112
4043,/tmp/DataSetCombined/Edges/Round-5_0056534_edge.png,8.47711,8.717648,0.0034097470343112
4044,/tmp/DataSetCombined/Edges/Round-4_0000516_edge.png,9.37437,9.317934,0.0034097470343112
4045,/tmp/DataSetCombined/Edges/Round-7_0106346_edge.png,30.31236,30.016396,0.0034097470343112
4046,/tmp/DataSetCombined/Edges/Round-3_0026867_edge.png,8.92889,9.026884,0.0034097470343112
4047,/tmp/DataSetCombined/Edges/Round-1_0132081_edge.png,11.98356,12.47616,0.0034097470343112
4048,/tmp/DataSetCombined/Edges/Round-10_0113783_edge.png,8.93167,8.805134,0.0034097470343112
4049,/tmp/DataSetCombined/Edges/Round-7_0008943_edge.png,14.72791,14.507559,0.0034097470343112
4050,/tmp/DataSetCombined/Edges/Round-6_0043857_edge.png,13.35382,13.549136,0.0034097470343112
4051,/tmp/DataSetCombined/Edges/Round-10_0137949_edge.png,16.09829,16.40235,0.0034097470343112
4052,/tmp/DataSetCombined/Edges/Round-9_0042384_edge.png,8.49549,8.604427,0.0034097470343112
4053,/tmp/DataSetCombined/Edges/Round-6_0071338_edge.png,18.3447,18.363811,0.0034097470343112
4054,/tmp/DataSetCombined/Edges/Round-8_0015044_edge.png,8.97279,9.014175,0.0034097470343112
4055,/tmp/DataSetCombined/Edges/Round-4_0082566_edge.png,14.04917,14.006138,0.0034097470343112
4056,/tmp/DataSetCombined/Edges/Round-9_0158207_edge.png,15.18661,15.193616,0.0034097470343112
4057,/tmp/DataSetCombined/Edges/Round-8_0046739_edge.png,18.24713,18.307968,0.0034097470343112
4058,/tmp/DataSetCombined/Edges/Round-4_0011471_edge.png,14.69366,15.070127,0.0034097470343112
4059,/tmp/DataSetCombined/Edges/Round-10_0008656_edge.png,8.97623,9.041718,0.0034097470343112
4060,/tmp/DataSetCombined/Edges/Round-2_0106568_edge.png,14.02032,13.992586,0.0034097470343112
4061,/tmp/DataSetCombined/Edges/Round-8_0043970_edge.png,8.91083,9.013726,0.0034097470343112
4062,/tmp/DataSetCombined/Edges/Round-4_0058126_edge.png,17.87952,18.009052,0.0034097470343112
4063,/tmp/DataSetCombined/Edges/Round-4_0009093_edge.png,24.30913,24.184706,0.0034097470343112
4064,/tmp/DataSetCombined/Edges/Round-3_0052101_edge.png,30.09481,29.919275,0.0034097470343112
4065,/tmp/DataSetCombined/Edges/Round-9_0149719_edge.png,8.05574,8.182707,0.0034097470343112
4066,/tmp/DataSetCombined/Edges/Round-6_0017249_edge.png,11.9311,12.4805975,0.0034097470343112
4067,/tmp/DataSetCombined/Edges/Round-4_0026461_edge.png,30.21396,29.849697,0.0034097470343112
4068,/tmp/DataSetCombined/Edges/Round-9_0166214_edge.png,12.0579,12.359789,0.0034097470343112
4069,/tmp/DataSetCombined/Edges/Round-9_0051716_edge.png,19.23998,19.14377,0.0034097470343112
4070,/tmp/DataSetCombined/Edges/Round-10_0055265_edge.png,17.45644,17.610773,0.0034097470343112
4071,/tmp/DataSetCombined/Edges/Round-10_0026490_edge.png,9.06572,9.114107,0.0034097470343112
4072,/tmp/DataSetCombined/Edges/Round-10_0094004_edge.png,17.7396,17.965658,0.0034097470343112
4073,/tmp/DataSetCombined/Edges/Round-7_0118416_edge.png,24.15787,24.032204,0.0034097470343112
4074,/tmp/DataSetCombined/Edges/Round-7_0113720_edge.png,17.66248,17.864105,0.0034097470343112
4075,/tmp/DataSetCombined/Edges/Round-5_0039295_edge.png,16.10292,16.412668,0.0034097470343112
4076,/tmp/DataSetCombined/Edges/Round-8_0077651_edge.png,8.1625,8.408623,0.0034097470343112
4077,/tmp/DataSetCombined/Edges/Round-9_0121967_edge.png,9.58911,9.581699,0.0034097470343112
4078,/tmp/DataSetCombined/Edges/Round-7_0091717_edge.png,11.0391,11.703038,0.0034097470343112
4079,/tmp/DataSetCombined/Edges/Round-8_0029854_edge.png,12.85494,13.327183,0.0034097470343112
4080,/tmp/DataSetCombined/Edges/Round-7_0118867_edge.png,12.81576,12.82976,0.0034097470343112
4081,/tmp/DataSetCombined/Edges/Round-4_0090994_edge.png,22.79522,22.781012,0.0034097470343112
4082,/tmp/DataSetCombined/Edges/Round-4_0069684_edge.png,16.52471,16.929888,0.0034097470343112
4083,/tmp/DataSetCombined/Edges/Round-1_0150051_edge.png,10.56279,10.689262,0.0034097470343112
4084,/tmp/DataSetCombined/Edges/Round-1_0015667_edge.png,8.02548,8.167738,0.0034097470343112
4085,/tmp/DataSetCombined/Edges/Round-10_0011501_edge.png,16.86691,17.2281,0.0034097470343112
4086,/tmp/DataSetCombined/Edges/Round-8_0080409_edge.png,8.0259,8.327145,0.0034097470343112
4087,/tmp/DataSetCombined/Edges/Round-8_0087464_edge.png,10.88526,11.542187,0.0034097470343112
4088,/tmp/DataSetCombined/Edges/Round-8_0029281_edge.png,8.56553,8.788586,0.0034097470343112
4089,/tmp/DataSetCombined/Edges/Round-5_0096958_edge.png,9.46548,9.4693985,0.0034097470343112
4090,/tmp/DataSetCombined/Edges/Round-9_0156732_edge.png,8.38101,8.678112,0.0034097470343112
4091,/tmp/DataSetCombined/Edges/Round-10_0032811_edge.png,26.09425,26.60943,0.0034097470343112
4092,/tmp/DataSetCombined/Edges/Round-3_0027001_edge.png,13.48665,13.719509,0.0034097470343112
4093,/tmp/DataSetCombined/Edges/Round-9_0025227_edge.png,9.512,9.497688,0.0034097470343112
4094,/tmp/DataSetCombined/Edges/Round-8_0001891_edge.png,14.1287,14.174414,0.0034097470343112
4095,/tmp/DataSetCombined/Edges/Round-8_0036126_edge.png,10.88629,11.147219,0.0034097470343112
4096,/tmp/DataSetCombined/Edges/Round-10_0136896_edge.png,14.53956,14.46069,0.0032458044588565
4097,/tmp/DataSetCombined/Edges/Round-9_0187939_edge.png,16.06581,16.371191,0.0032458044588565
4098,/tmp/DataSetCombined/Edges/Round-8_0072565_edge.png,12.27735,12.71417,0.0032458044588565
4099,/tmp/DataSetCombined/Edges/Round-8_0021185_edge.png,14.03242,14.014693,0.0032458044588565
4100,/tmp/DataSetCombined/Edges/Round-7_0053491_edge.png,12.33736,12.801355,0.0032458044588565
4101,/tmp/DataSetCombined/Edges/Round-5_0006449_edge.png,13.48695,13.617048,0.0032458044588565
4102,/tmp/DataSetCombined/Edges/Round-4_0020049_edge.png,8.9262,8.97764,0.0032458044588565
4103,/tmp/DataSetCombined/Edges/Round-3_0085425_edge.png,12.92609,13.399454,0.0032458044588565
4104,/tmp/DataSetCombined/Edges/Round-6_0055958_edge.png,19.59282,19.511623,0.0032458044588565
4105,/tmp/DataSetCombined/Edges/Round-9_0108333_edge.png,12.369,12.83346,0.0032458044588565
4106,/tmp/DataSetCombined/Edges/Round-3_0015593_edge.png,9.40739,9.337068,0.0032458044588565
4107,/tmp/DataSetCombined/Edges/Round-9_0015655_edge.png,7.27371,7.617438,0.0032458044588565
4108,/tmp/DataSetCombined/Edges/Round-2_0058967_edge.png,15.51156,15.87521,0.0032458044588565
4109,/tmp/DataSetCombined/Edges/Round-1_0048867_edge.png,12.8573,13.315355,0.0032458044588565
4110,/tmp/DataSetCombined/Edges/Round-6_0047138_edge.png,13.01995,13.512564,0.0032458044588565
4111,/tmp/DataSetCombined/Edges/Round-5_0006388_edge.png,12.1908,12.44471,0.0032458044588565
4112,/tmp/DataSetCombined/Edges/Round-8_0010529_edge.png,12.77426,13.075325,0.0032458044588565
4113,/tmp/DataSetCombined/Edges/Round-5_0037631_edge.png,9.86256,10.060332,0.0032458044588565
4114,/tmp/DataSetCombined/Edges/Round-5_0088650_edge.png,13.05199,13.232977,0.0032458044588565
4115,/tmp/DataSetCombined/Edges/Round-5_0012077_edge.png,12.84181,13.028357,0.0032458044588565
4116,/tmp/DataSetCombined/Edges/Round-5_0090426_edge.png,8.48176,8.470618,0.0032458044588565
4117,/tmp/DataSetCombined/Edges/Round-7_0037177_edge.png,12.50776,12.965616,0.0032458044588565
4118,/tmp/DataSetCombined/Edges/Round-6_0100053_edge.png,17.34272,17.344812,0.0032458044588565
4119,/tmp/DataSetCombined/Edges/Round-7_0044069_edge.png,13.01936,13.252657,0.0032458044588565
4120,/tmp/DataSetCombined/Edges/Round-10_0023209_edge.png,15.6743,16.069788,0.0032458044588565
4121,/tmp/DataSetCombined/Edges/Round-6_0056078_edge.png,14.5943,14.504538,0.0032458044588565
4122,/tmp/DataSetCombined/Edges/Round-10_0192129_edge.png,8.54181,8.627364,0.0032458044588565
4123,/tmp/DataSetCombined/Edges/Round-8_0048858_edge.png,9.46363,9.35207,0.0032458044588565
4124,/tmp/DataSetCombined/Edges/Round-1_0172695_edge.png,7.25552,7.5797257,0.0032458044588565
4125,/tmp/DataSetCombined/Edges/Round-1_0066334_edge.png,15.11322,15.489002,0.0032458044588565
4126,/tmp/DataSetCombined/Edges/Round-1_0081062_edge.png,13.46885,13.628867,0.0032458044588565
4127,/tmp/DataSetCombined/Edges/Round-8_0074491_edge.png,14.57314,14.511397,0.0032458044588565
4128,/tmp/DataSetCombined/Edges/Round-8_0006255_edge.png,14.01454,14.007755,0.0032458044588565
4129,/tmp/DataSetCombined/Edges/Round-7_0077691_edge.png,8.56828,8.79406,0.0032458044588565
4130,/tmp/DataSetCombined/Edges/Round-9_0144033_edge.png,11.59076,12.083413,0.0032458044588565
4131,/tmp/DataSetCombined/Edges/Round-8_0047491_edge.png,9.39988,9.290288,0.0032458044588565
4132,/tmp/DataSetCombined/Edges/Round-5_0014816_edge.png,9.72142,9.656047,0.0032458044588565
4133,/tmp/DataSetCombined/Edges/Round-8_0073137_edge.png,18.27696,18.324135,0.0032458044588565
4134,/tmp/DataSetCombined/Edges/Round-10_0101469_edge.png,9.48519,9.3539715,0.0032458044588565
4135,/tmp/DataSetCombined/Edges/Round-5_0028000_edge.png,11.95395,12.551721,0.0032458044588565
4136,/tmp/DataSetCombined/Edges/Round-8_0029745_edge.png,16.24505,16.56042,0.0032458044588565
4137,/tmp/DataSetCombined/Edges/Round-9_0041722_edge.png,25.39062,25.708632,0.0032458044588565
4138,/tmp/DataSetCombined/Edges/Round-1_0169956_edge.png,13.65787,13.768638,0.0032458044588565
4139,/tmp/DataSetCombined/Edges/Round-7_0073206_edge.png,6.85481,7.2197356,0.0032458044588565
4140,/tmp/DataSetCombined/Edges/Round-9_0031879_edge.png,14.02089,14.162863,0.0032458044588565
4141,/tmp/DataSetCombined/Edges/Round-1_0070708_edge.png,12.9922,13.495853,0.0032458044588565
4142,/tmp/DataSetCombined/Edges/Round-3_0071428_edge.png,8.69957,8.81689,0.0032458044588565
4143,/tmp/DataSetCombined/Edges/Round-3_0043134_edge.png,16.10321,16.430927,0.0032458044588565
4144,/tmp/DataSetCombined/Edges/Round-3_0027334_edge.png,6.6864,7.043689,0.0032458044588565
4145,/tmp/DataSetCombined/Edges/Round-5_0036036_edge.png,15.40621,15.738268,0.0032458044588565
4146,/tmp/DataSetCombined/Edges/Round-2_0068545_edge.png,9.83269,9.828116,0.0032458044588565
4147,/tmp/DataSetCombined/Edges/Round-10_0047560_edge.png,29.83275,29.819723,0.0032458044588565
4148,/tmp/DataSetCombined/Edges/Round-8_0064239_edge.png,14.03953,14.013591,0.0032458044588565
4149,/tmp/DataSetCombined/Edges/Round-10_0131207_edge.png,12.06168,12.480503,0.0032458044588565
4150,/tmp/DataSetCombined/Edges/Round-9_0137619_edge.png,15.45745,15.754574,0.0032458044588565
4151,/tmp/DataSetCombined/Edges/Round-9_0051474_edge.png,13.04008,13.521067,0.0032458044588565
4152,/tmp/DataSetCombined/Edges/Round-2_0010600_edge.png,18.27947,18.309456,0.0032458044588565
4153,/tmp/DataSetCombined/Edges/Round-4_0029531_edge.png,8.9092,8.971287,0.0032458044588565
4154,/tmp/DataSetCombined/Edges/Round-9_0177742_edge.png,24.38319,24.2825,0.0032458044588565
4155,/tmp/DataSetCombined/Edges/Round-6_0029410_edge.png,8.17865,8.448237,0.0032458044588565
4156,/tmp/DataSetCombined/Edges/Round-8_0008645_edge.png,18.6808,18.72488,0.0032458044588565
4157,/tmp/DataSetCombined/Edges/Round-7_0052859_edge.png,10.34572,10.314033,0.0032458044588565
4158,/tmp/DataSetCombined/Edges/Round-9_0160615_edge.png,11.96149,12.343454,0.0032458044588565
4159,/tmp/DataSetCombined/Edges/Round-10_0112034_edge.png,28.82937,29.062098,0.0032458044588565
4160,/tmp/DataSetCombined/Edges/Round-7_0054575_edge.png,30.20093,29.956903,1.4937145445081923
4161,/tmp/DataSetCombined/Edges/Round-1_0131148_edge.png,8.44541,8.729574,1.4937145445081923
4162,/tmp/DataSetCombined/Edges/Round-1_0156231_edge.png,11.68951,12.00481,1.4937145445081923
4163,/tmp/DataSetCombined/Edges/Round-1_0077270_edge.png,13.06931,13.551859,1.4937145445081923
4164,/tmp/DataSetCombined/Edges/Round-8_0017091_edge.png,8.64664,8.729224,1.4937145445081923
4165,/tmp/DataSetCombined/Edges/Round-3_0058014_edge.png,30.19562,30.059465,1.4937145445081923
4166,/tmp/DataSetCombined/Edges/Round-4_0010418_edge.png,13.01369,13.259737,1.4937145445081923
4167,/tmp/DataSetCombined/Edges/Round-10_0128558_edge.png,8.88028,8.917436,1.4937145445081923
4168,/tmp/DataSetCombined/Edges/Round-8_0056642_edge.png,8.44623,8.732974,1.4937145445081923
