,image_name,True_Value,Predicted_Value,Prediction_Time_s
0,/tmp/DataSetCombined/Edges/Round-5_0110382_edge.png,64.91,62.6728,0.494851928204298
1,/tmp/DataSetCombined/Edges/Round-10_0192189_edge.png,8.78,8.050611,0.494851928204298
2,/tmp/DataSetCombined/Edges/Round-3_0084913_edge.png,44.63,43.86691,0.494851928204298
3,/tmp/DataSetCombined/Edges/Round-6_0060352_edge.png,9.88,9.150812,0.494851928204298
4,/tmp/DataSetCombined/Edges/Round-2_0045400_edge.png,8.2,7.505934,0.494851928204298
5,/tmp/DataSetCombined/Edges/Round-7_0082356_edge.png,7.41,6.8500805,0.494851928204298
6,/tmp/DataSetCombined/Edges/Round-9_0144395_edge.png,28.49,28.544271,0.494851928204298
7,/tmp/DataSetCombined/Edges/Round-10_0148213_edge.png,3.12,2.8098326,0.494851928204298
8,/tmp/DataSetCombined/Edges/Round-10_0007377_edge.png,5.93,5.705875,0.494851928204298
9,/tmp/DataSetCombined/Edges/Round-9_0061317_edge.png,3.49,3.2248292,0.494851928204298
10,/tmp/DataSetCombined/Edges/Round-1_0032334_edge.png,49.0,47.56367,0.494851928204298
11,/tmp/DataSetCombined/Edges/Round-7_0092645_edge.png,5.74,5.471984,0.494851928204298
12,/tmp/DataSetCombined/Edges/Round-9_0184153_edge.png,11.79,10.9030905,0.494851928204298
13,/tmp/DataSetCombined/Edges/Round-1_0016901_edge.png,62.33,61.020695,0.494851928204298
14,/tmp/DataSetCombined/Edges/Round-6_0017520_edge.png,64.04,62.047268,0.494851928204298
15,/tmp/DataSetCombined/Edges/Round-7_0106586_edge.png,9.48,8.78879,0.494851928204298
16,/tmp/DataSetCombined/Edges/Round-3_0048883_edge.png,7.17,6.6295485,0.494851928204298
17,/tmp/DataSetCombined/Edges/Round-5_0113121_edge.png,64.28,62.354156,0.494851928204298
18,/tmp/DataSetCombined/Edges/Round-8_0037029_edge.png,6.56,6.215446,0.494851928204298
19,/tmp/DataSetCombined/Edges/Round-9_0150595_edge.png,64.69,62.88331,0.494851928204298
20,/tmp/DataSetCombined/Edges/Round-8_0086983_edge.png,64.02,62.697746,0.494851928204298
21,/tmp/DataSetCombined/Edges/Round-9_0124255_edge.png,65.43,63.25791,0.494851928204298
22,/tmp/DataSetCombined/Edges/Round-5_0047263_edge.png,3.34,3.141891,0.494851928204298
23,/tmp/DataSetCombined/Edges/Round-10_0191166_edge.png,5.09,4.6525455,0.494851928204298
24,/tmp/DataSetCombined/Edges/Round-10_0192219_edge.png,4.63,4.1599274,0.494851928204298
25,/tmp/DataSetCombined/Edges/Round-4_0080520_edge.png,64.34,62.41836,0.494851928204298
26,/tmp/DataSetCombined/Edges/Round-9_0181805_edge.png,3.15,2.927383,0.494851928204298
27,/tmp/DataSetCombined/Edges/Round-1_0108875_edge.png,52.44,51.759834,0.494851928204298
28,/tmp/DataSetCombined/Edges/Round-7_0013248_edge.png,64.96,63.46812,0.494851928204298
29,/tmp/DataSetCombined/Edges/Round-6_0110197_edge.png,4.13,3.8089046,0.494851928204298
30,/tmp/DataSetCombined/Edges/Round-5_0069898_edge.png,3.35,3.2122545,0.494851928204298
31,/tmp/DataSetCombined/Edges/Round-6_0032148_edge.png,4.33,3.9385362,0.494851928204298
32,/tmp/DataSetCombined/Edges/Round-5_0020180_edge.png,6.67,6.325061,0.494851928204298
33,/tmp/DataSetCombined/Edges/Round-9_0143639_edge.png,4.69,4.2317333,0.494851928204298
34,/tmp/DataSetCombined/Edges/Round-6_0002000_edge.png,63.84,62.18576,0.494851928204298
35,/tmp/DataSetCombined/Edges/Round-8_0061291_edge.png,63.87,62.64151,0.494851928204298
36,/tmp/DataSetCombined/Edges/Round-8_0081083_edge.png,62.06,61.299576,0.494851928204298
37,/tmp/DataSetCombined/Edges/Round-4_0081844_edge.png,3.15,2.8625846,0.494851928204298
38,/tmp/DataSetCombined/Edges/Round-8_0062662_edge.png,14.31,14.208122,0.494851928204298
39,/tmp/DataSetCombined/Edges/Round-1_0015301_edge.png,62.64,61.436333,0.494851928204298
40,/tmp/DataSetCombined/Edges/Round-9_0036575_edge.png,64.51,62.21538,0.494851928204298
41,/tmp/DataSetCombined/Edges/Round-2_0102801_edge.png,6.68,6.2815495,0.494851928204298
42,/tmp/DataSetCombined/Edges/Round-5_0101473_edge.png,6.24,5.870327,0.494851928204298
43,/tmp/DataSetCombined/Edges/Round-10_0050871_edge.png,4.15,3.8088517,0.494851928204298
44,/tmp/DataSetCombined/Edges/Round-6_0110588_edge.png,6.84,6.4508247,0.494851928204298
45,/tmp/DataSetCombined/Edges/Round-10_0042654_edge.png,46.14,44.836025,0.494851928204298
46,/tmp/DataSetCombined/Edges/Round-10_0147370_edge.png,5.23,4.866808,0.494851928204298
47,/tmp/DataSetCombined/Edges/Round-9_0185387_edge.png,16.14,16.231792,0.494851928204298
48,/tmp/DataSetCombined/Edges/Round-8_0056864_edge.png,30.02,30.305437,0.494851928204298
49,/tmp/DataSetCombined/Edges/Round-1_0032267_edge.png,5.26,4.8311257,0.494851928204298
50,/tmp/DataSetCombined/Edges/Round-10_0165641_edge.png,47.9,47.3415,0.494851928204298
51,/tmp/DataSetCombined/Edges/Round-3_0045334_edge.png,8.23,7.618775,0.494851928204298
52,/tmp/DataSetCombined/Edges/Round-8_0007158_edge.png,5.83,5.402841,0.494851928204298
53,/tmp/DataSetCombined/Edges/Round-3_0040757_edge.png,8.86,8.223661,0.494851928204298
54,/tmp/DataSetCombined/Edges/Round-7_0073838_edge.png,62.4,61.394417,0.494851928204298
55,/tmp/DataSetCombined/Edges/Round-9_0061798_edge.png,63.43,62.060177,0.494851928204298
56,/tmp/DataSetCombined/Edges/Round-10_0022487_edge.png,64.32,62.158756,0.494851928204298
57,/tmp/DataSetCombined/Edges/Round-10_0140177_edge.png,23.62,23.809912,0.494851928204298
58,/tmp/DataSetCombined/Edges/Round-9_0127656_edge.png,43.98,44.010323,0.494851928204298
59,/tmp/DataSetCombined/Edges/Round-10_0173948_edge.png,58.91,57.86814,0.494851928204298
60,/tmp/DataSetCombined/Edges/Round-4_0027847_edge.png,3.47,3.1986327,0.494851928204298
61,/tmp/DataSetCombined/Edges/Round-9_0005662_edge.png,65.32,63.471684,0.494851928204298
62,/tmp/DataSetCombined/Edges/Round-5_0094309_edge.png,5.45,5.2439575,0.494851928204298
63,/tmp/DataSetCombined/Edges/Round-9_0078534_edge.png,10.28,9.658229,0.494851928204298
64,/tmp/DataSetCombined/Edges/Round-1_0058834_edge.png,64.65,62.671577,0.002708863466978
65,/tmp/DataSetCombined/Edges/Round-10_0147100_edge.png,5.7,5.459093,0.002708863466978
66,/tmp/DataSetCombined/Edges/Round-8_0022900_edge.png,6.17,5.870541,0.002708863466978
67,/tmp/DataSetCombined/Edges/Round-6_0130755_edge.png,9.36,8.693832,0.002708863466978
68,/tmp/DataSetCombined/Edges/Round-10_0014722_edge.png,52.21,51.266956,0.002708863466978
69,/tmp/DataSetCombined/Edges/Round-4_0000876_edge.png,6.93,6.416851,0.002708863466978
70,/tmp/DataSetCombined/Edges/Round-4_0049698_edge.png,64.45,62.47617,0.002708863466978
71,/tmp/DataSetCombined/Edges/Round-7_0093794_edge.png,65.39,63.02189,0.002708863466978
72,/tmp/DataSetCombined/Edges/Round-5_0062734_edge.png,57.58,56.576946,0.002708863466978
73,/tmp/DataSetCombined/Edges/Round-3_0060291_edge.png,7.0,6.5375195,0.002708863466978
74,/tmp/DataSetCombined/Edges/Round-7_0097316_edge.png,54.7,54.91007,0.002708863466978
75,/tmp/DataSetCombined/Edges/Round-9_0072123_edge.png,42.23,42.100567,0.002708863466978
76,/tmp/DataSetCombined/Edges/Round-6_0074241_edge.png,10.49,9.765514,0.002708863466978
77,/tmp/DataSetCombined/Edges/Round-6_0041811_edge.png,3.7,3.4214845,0.002708863466978
78,/tmp/DataSetCombined/Edges/Round-1_0006534_edge.png,7.32,6.769219,0.002708863466978
79,/tmp/DataSetCombined/Edges/Round-1_0012167_edge.png,56.97,56.60075,0.002708863466978
80,/tmp/DataSetCombined/Edges/Round-4_0023571_edge.png,65.17,63.589672,0.002708863466978
81,/tmp/DataSetCombined/Edges/Round-10_0190082_edge.png,59.32,59.546577,0.002708863466978
82,/tmp/DataSetCombined/Edges/Round-7_0009003_edge.png,65.24,63.10347,0.002708863466978
83,/tmp/DataSetCombined/Edges/Round-10_0091596_edge.png,64.5,62.28108,0.002708863466978
84,/tmp/DataSetCombined/Edges/Round-6_0077239_edge.png,4.64,4.1229463,0.002708863466978
85,/tmp/DataSetCombined/Edges/Round-9_0001697_edge.png,2.59,2.2532234,0.002708863466978
86,/tmp/DataSetCombined/Edges/Round-7_0006957_edge.png,7.34,6.8692784,0.002708863466978
87,/tmp/DataSetCombined/Edges/Round-7_0026040_edge.png,65.22,63.485104,0.002708863466978
88,/tmp/DataSetCombined/Edges/Round-1_0072234_edge.png,64.2,61.9576,0.002708863466978
89,/tmp/DataSetCombined/Edges/Round-10_0057102_edge.png,49.85,48.072765,0.002708863466978
90,/tmp/DataSetCombined/Edges/Round-6_0130063_edge.png,65.26,63.27649,0.002708863466978
91,/tmp/DataSetCombined/Edges/Round-10_0037567_edge.png,3.45,3.1802073,0.002708863466978
92,/tmp/DataSetCombined/Edges/Round-9_0038742_edge.png,6.89,6.4192524,0.002708863466978
93,/tmp/DataSetCombined/Edges/Round-2_0053834_edge.png,2.66,2.410919,0.002708863466978
94,/tmp/DataSetCombined/Edges/Round-4_0058427_edge.png,64.09,62.55904,0.002708863466978
95,/tmp/DataSetCombined/Edges/Round-5_0019150_edge.png,4.77,4.2635264,0.002708863466978
96,/tmp/DataSetCombined/Edges/Round-8_0036848_edge.png,3.76,3.443592,0.002708863466978
97,/tmp/DataSetCombined/Edges/Round-8_0022942_edge.png,5.35,4.94597,0.002708863466978
98,/tmp/DataSetCombined/Edges/Round-1_0160977_edge.png,4.57,4.0554028,0.002708863466978
99,/tmp/DataSetCombined/Edges/Round-6_0085551_edge.png,27.57,27.44041,0.002708863466978
100,/tmp/DataSetCombined/Edges/Round-9_0138703_edge.png,4.59,4.2277517,0.002708863466978
101,/tmp/DataSetCombined/Edges/Round-9_0060564_edge.png,8.75,8.263992,0.002708863466978
102,/tmp/DataSetCombined/Edges/Round-1_0030467_edge.png,64.12,61.897213,0.002708863466978
103,/tmp/DataSetCombined/Edges/Round-6_0100956_edge.png,64.45,62.539837,0.002708863466978
104,/tmp/DataSetCombined/Edges/Round-7_0019478_edge.png,35.75,35.901917,0.002708863466978
105,/tmp/DataSetCombined/Edges/Round-1_0158027_edge.png,6.12,5.6989627,0.002708863466978
106,/tmp/DataSetCombined/Edges/Round-1_0094698_edge.png,59.58,58.592987,0.002708863466978
107,/tmp/DataSetCombined/Edges/Round-5_0015719_edge.png,7.43,6.885744,0.002708863466978
108,/tmp/DataSetCombined/Edges/Round-5_0124740_edge.png,4.56,4.0520353,0.002708863466978
109,/tmp/DataSetCombined/Edges/Round-8_0037239_edge.png,5.22,4.7464023,0.002708863466978
110,/tmp/DataSetCombined/Edges/Round-6_0022065_edge.png,4.27,3.866703,0.002708863466978
111,/tmp/DataSetCombined/Edges/Round-8_0075815_edge.png,59.79,59.466602,0.002708863466978
112,/tmp/DataSetCombined/Edges/Round-2_0099615_edge.png,44.17,43.413868,0.002708863466978
113,/tmp/DataSetCombined/Edges/Round-5_0020926_edge.png,7.03,6.5115347,0.002708863466978
114,/tmp/DataSetCombined/Edges/Round-6_0021343_edge.png,5.23,4.8751574,0.002708863466978
115,/tmp/DataSetCombined/Edges/Round-10_0104840_edge.png,48.38,47.665043,0.002708863466978
116,/tmp/DataSetCombined/Edges/Round-10_0009394_edge.png,64.12,62.830772,0.002708863466978
117,/tmp/DataSetCombined/Edges/Round-9_0163724_edge.png,50.24,49.001194,0.002708863466978
118,/tmp/DataSetCombined/Edges/Round-5_0015031_edge.png,64.87,62.560947,0.002708863466978
119,/tmp/DataSetCombined/Edges/Round-4_0080188_edge.png,56.91,56.09666,0.002708863466978
120,/tmp/DataSetCombined/Edges/Round-3_0079073_edge.png,6.93,6.522382,0.002708863466978
121,/tmp/DataSetCombined/Edges/Round-1_0048467_edge.png,64.0,62.614246,0.002708863466978
122,/tmp/DataSetCombined/Edges/Round-4_0082928_edge.png,65.18,62.99746,0.002708863466978
123,/tmp/DataSetCombined/Edges/Round-9_0161909_edge.png,8.17,7.4529295,0.002708863466978
124,/tmp/DataSetCombined/Edges/Round-3_0004767_edge.png,64.33,62.557304,0.002708863466978
125,/tmp/DataSetCombined/Edges/Round-9_0047290_edge.png,51.89,50.754726,0.002708863466978
126,/tmp/DataSetCombined/Edges/Round-10_0098669_edge.png,64.44,62.415806,0.002708863466978
127,/tmp/DataSetCombined/Edges/Round-10_0101258_edge.png,64.22,62.477863,0.002708863466978
128,/tmp/DataSetCombined/Edges/Round-6_0022637_edge.png,9.13,8.476592,0.0025945529341697
129,/tmp/DataSetCombined/Edges/Round-9_0071039_edge.png,13.68,13.044893,0.0025945529341697
130,/tmp/DataSetCombined/Edges/Round-6_0002334_edge.png,3.82,3.519857,0.0025945529341697
131,/tmp/DataSetCombined/Edges/Round-5_0074022_edge.png,3.31,3.195909,0.0025945529341697
132,/tmp/DataSetCombined/Edges/Round-3_0029651_edge.png,64.09,62.22204,0.0025945529341697
133,/tmp/DataSetCombined/Edges/Round-9_0134188_edge.png,55.99,55.122093,0.0025945529341697
134,/tmp/DataSetCombined/Edges/Round-4_0060263_edge.png,4.21,3.8470936,0.0025945529341697
135,/tmp/DataSetCombined/Edges/Round-3_0064264_edge.png,8.58,7.872184,0.0025945529341697
136,/tmp/DataSetCombined/Edges/Round-1_0124677_edge.png,64.95,63.458668,0.0025945529341697
137,/tmp/DataSetCombined/Edges/Round-9_0165974_edge.png,15.63,16.101667,0.0025945529341697
138,/tmp/DataSetCombined/Edges/Round-4_0003495_edge.png,3.13,2.879281,0.0025945529341697
139,/tmp/DataSetCombined/Edges/Round-5_0005786_edge.png,54.64,52.96297,0.0025945529341697
140,/tmp/DataSetCombined/Edges/Round-4_0089279_edge.png,42.82,42.191017,0.0025945529341697
141,/tmp/DataSetCombined/Edges/Round-8_0042465_edge.png,5.79,5.4027185,0.0025945529341697
142,/tmp/DataSetCombined/Edges/Round-9_0023692_edge.png,63.12,61.95772,0.0025945529341697
143,/tmp/DataSetCombined/Edges/Round-4_0056741_edge.png,61.26,60.50159,0.0025945529341697
144,/tmp/DataSetCombined/Edges/Round-7_0045936_edge.png,65.13,63.573307,0.0025945529341697
145,/tmp/DataSetCombined/Edges/Round-10_0046115_edge.png,3.4,3.1232696,0.0025945529341697
146,/tmp/DataSetCombined/Edges/Round-7_0029923_edge.png,51.19,50.944225,0.0025945529341697
147,/tmp/DataSetCombined/Edges/Round-10_0088857_edge.png,11.73,10.914856,0.0025945529341697
148,/tmp/DataSetCombined/Edges/Round-8_0004239_edge.png,63.19,61.99639,0.0025945529341697
149,/tmp/DataSetCombined/Edges/Round-5_0011324_edge.png,40.92,40.23762,0.0025945529341697
150,/tmp/DataSetCombined/Edges/Round-2_0074234_edge.png,61.77,61.213097,0.0025945529341697
151,/tmp/DataSetCombined/Edges/Round-8_0053181_edge.png,58.83,58.1985,0.0025945529341697
152,/tmp/DataSetCombined/Edges/Round-1_0014101_edge.png,6.25,6.0070267,0.0025945529341697
153,/tmp/DataSetCombined/Edges/Round-9_0139184_edge.png,3.24,3.0236602,0.0025945529341697
154,/tmp/DataSetCombined/Edges/Round-7_0023241_edge.png,7.08,6.610523,0.0025945529341697
155,/tmp/DataSetCombined/Edges/Round-8_0073227_edge.png,62.33,61.15846,0.0025945529341697
156,/tmp/DataSetCombined/Edges/Round-8_0059453_edge.png,5.36,5.1215425,0.0025945529341697
157,/tmp/DataSetCombined/Edges/Round-6_0015895_edge.png,7.72,7.069362,0.0025945529341697
158,/tmp/DataSetCombined/Edges/Round-10_0133524_edge.png,2.08,1.7004906,0.0025945529341697
159,/tmp/DataSetCombined/Edges/Round-1_0024934_edge.png,7.28,6.737208,0.0025945529341697
160,/tmp/DataSetCombined/Edges/Round-9_0139456_edge.png,3.28,2.9773288,0.0025945529341697
161,/tmp/DataSetCombined/Edges/Round-7_0057735_edge.png,63.87,61.468643,0.0025945529341697
162,/tmp/DataSetCombined/Edges/Round-7_0126422_edge.png,64.86,62.675938,0.0025945529341697
163,/tmp/DataSetCombined/Edges/Round-5_0125191_edge.png,13.55,13.192734,0.0025945529341697
164,/tmp/DataSetCombined/Edges/Round-10_0153661_edge.png,64.96,62.526585,0.0025945529341697
165,/tmp/DataSetCombined/Edges/Round-9_0123202_edge.png,63.1,61.534996,0.0025945529341697
166,/tmp/DataSetCombined/Edges/Round-6_0002758_edge.png,59.76,58.023438,0.0025945529341697
167,/tmp/DataSetCombined/Edges/Round-10_0009845_edge.png,7.42,6.8834453,0.0025945529341697
168,/tmp/DataSetCombined/Edges/Round-9_0107971_edge.png,32.83,33.11034,0.0025945529341697
169,/tmp/DataSetCombined/Edges/Round-9_0172625_edge.png,6.17,5.868987,0.0025945529341697
170,/tmp/DataSetCombined/Edges/Round-1_0116731_edge.png,5.98,5.629092,0.0025945529341697
171,/tmp/DataSetCombined/Edges/Round-1_0152037_edge.png,56.56,55.61368,0.0025945529341697
172,/tmp/DataSetCombined/Edges/Round-10_0101227_edge.png,64.2,62.19424,0.0025945529341697
173,/tmp/DataSetCombined/Edges/Round-1_0010534_edge.png,64.16,62.132008,0.0025945529341697
174,/tmp/DataSetCombined/Edges/Round-8_0015165_edge.png,6.02,5.6788244,0.0025945529341697
175,/tmp/DataSetCombined/Edges/Round-4_0084974_edge.png,65.4,63.420704,0.0025945529341697
176,/tmp/DataSetCombined/Edges/Round-4_0083198_edge.png,55.1,54.898182,0.0025945529341697
177,/tmp/DataSetCombined/Edges/Round-1_0088738_edge.png,64.43,62.54848,0.0025945529341697
178,/tmp/DataSetCombined/Edges/Round-10_0003546_edge.png,62.24,60.95214,0.0025945529341697
179,/tmp/DataSetCombined/Edges/Round-1_0121486_edge.png,11.71,10.932228,0.0025945529341697
180,/tmp/DataSetCombined/Edges/Round-8_0043699_edge.png,5.84,5.5638566,0.0025945529341697
181,/tmp/DataSetCombined/Edges/Round-5_0107884_edge.png,52.07,52.177372,0.0025945529341697
182,/tmp/DataSetCombined/Edges/Round-1_0157605_edge.png,65.1,63.55218,0.0025945529341697
183,/tmp/DataSetCombined/Edges/Round-3_0076906_edge.png,64.03,62.25485,0.0025945529341697
184,/tmp/DataSetCombined/Edges/Round-3_0007667_edge.png,64.41,62.499794,0.0025945529341697
185,/tmp/DataSetCombined/Edges/Round-9_0140148_edge.png,4.09,3.758552,0.0025945529341697
186,/tmp/DataSetCombined/Edges/Round-8_0058039_edge.png,5.27,4.822005,0.0025945529341697
187,/tmp/DataSetCombined/Edges/Round-4_0015595_edge.png,6.46,6.108766,0.0025945529341697
188,/tmp/DataSetCombined/Edges/Round-7_0091200_edge.png,3.4,3.12291,0.0025945529341697
189,/tmp/DataSetCombined/Edges/Round-10_0001061_edge.png,61.17,61.25707,0.0025945529341697
190,/tmp/DataSetCombined/Edges/Round-1_0117001_edge.png,5.13,4.720404,0.0025945529341697
191,/tmp/DataSetCombined/Edges/Round-1_0001167_edge.png,3.42,3.2233963,0.0025945529341697
192,/tmp/DataSetCombined/Edges/Round-7_0122148_edge.png,63.85,62.326023,0.0024977810680866
193,/tmp/DataSetCombined/Edges/Round-1_0121275_edge.png,3.02,2.7575407,0.0024977810680866
194,/tmp/DataSetCombined/Edges/Round-5_0049581_edge.png,28.24,28.91453,0.0024977810680866
195,/tmp/DataSetCombined/Edges/Round-1_0087534_edge.png,4.03,3.7183871,0.0024977810680866
196,/tmp/DataSetCombined/Edges/Round-9_0071761_edge.png,6.37,5.9945307,0.0024977810680866
197,/tmp/DataSetCombined/Edges/Round-10_0116307_edge.png,55.58,53.730106,0.0024977810680866
198,/tmp/DataSetCombined/Edges/Round-10_0030704_edge.png,63.72,62.67803,0.0024977810680866
199,/tmp/DataSetCombined/Edges/Round-10_0058848_edge.png,64.55,62.957283,0.0024977810680866
200,/tmp/DataSetCombined/Edges/Round-6_0101799_edge.png,59.38,58.61492,0.0024977810680866
201,/tmp/DataSetCombined/Edges/Round-5_0019752_edge.png,57.19,56.144787,0.0024977810680866
202,/tmp/DataSetCombined/Edges/Round-1_0059801_edge.png,65.33,63.902145,0.0024977810680866
203,/tmp/DataSetCombined/Edges/Round-2_0088629_edge.png,62.9,61.518215,0.0024977810680866
204,/tmp/DataSetCombined/Edges/Round-9_0074344_edge.png,4.56,4.047707,0.0024977810680866
205,/tmp/DataSetCombined/Edges/Round-6_0050419_edge.png,63.53,62.519573,0.0024977810680866
206,/tmp/DataSetCombined/Edges/Round-8_0049746_edge.png,64.11,62.70554,0.0024977810680866
207,/tmp/DataSetCombined/Edges/Round-9_0084584_edge.png,52.09,50.443695,0.0024977810680866
208,/tmp/DataSetCombined/Edges/Round-9_0108362_edge.png,2.65,2.141127,0.0024977810680866
209,/tmp/DataSetCombined/Edges/Round-6_0122417_edge.png,17.41,17.658493,0.0024977810680866
210,/tmp/DataSetCombined/Edges/Round-1_0047267_edge.png,64.39,62.20508,0.0024977810680866
211,/tmp/DataSetCombined/Edges/Round-9_0054906_edge.png,8.94,8.315625,0.0024977810680866
212,/tmp/DataSetCombined/Edges/Round-7_0073990_edge.png,64.91,62.771877,0.0024977810680866
213,/tmp/DataSetCombined/Edges/Round-5_0038173_edge.png,62.51,61.20045,0.0024977810680866
214,/tmp/DataSetCombined/Edges/Round-3_0014239_edge.png,4.26,3.8592367,0.0024977810680866
215,/tmp/DataSetCombined/Edges/Round-9_0060354_edge.png,32.27,32.716774,0.0024977810680866
216,/tmp/DataSetCombined/Edges/Round-8_0021395_edge.png,6.14,5.8238707,0.0024977810680866
217,/tmp/DataSetCombined/Edges/Round-5_0113332_edge.png,64.45,62.521,0.0024977810680866
218,/tmp/DataSetCombined/Edges/Round-10_0143337_edge.png,9.78,9.127951,0.0024977810680866
219,/tmp/DataSetCombined/Edges/Round-10_0069171_edge.png,7.53,6.9791975,0.0024977810680866
220,/tmp/DataSetCombined/Edges/Round-10_0061255_edge.png,3.22,2.9758897,0.0024977810680866
221,/tmp/DataSetCombined/Edges/Round-8_0045035_edge.png,59.98,59.76253,0.0024977810680866
222,/tmp/DataSetCombined/Edges/Round-7_0123758_edge.png,3.31,3.1195989,0.0024977810680866
223,/tmp/DataSetCombined/Edges/Round-2_0089773_edge.png,7.77,7.2136993,0.0024977810680866
224,/tmp/DataSetCombined/Edges/Round-4_0040246_edge.png,64.18,62.085545,0.0024977810680866
225,/tmp/DataSetCombined/Edges/Round-9_0033324_edge.png,22.31,22.092142,0.0024977810680866
226,/tmp/DataSetCombined/Edges/Round-1_0028101_edge.png,56.61,56.840324,0.0024977810680866
227,/tmp/DataSetCombined/Edges/Round-10_0174911_edge.png,64.89,62.724743,0.0024977810680866
228,/tmp/DataSetCombined/Edges/Round-6_0090061_edge.png,5.18,4.7910795,0.0024977810680866
229,/tmp/DataSetCombined/Edges/Round-10_0021975_edge.png,7.98,7.4060326,0.0024977810680866
230,/tmp/DataSetCombined/Edges/Round-1_0075343_edge.png,43.14,42.39352,0.0024977810680866
231,/tmp/DataSetCombined/Edges/Round-1_0040134_edge.png,65.37,63.48496,0.0024977810680866
232,/tmp/DataSetCombined/Edges/Round-10_0086811_edge.png,64.51,62.614544,0.0024977810680866
233,/tmp/DataSetCombined/Edges/Round-8_0045848_edge.png,64.12,62.692398,0.0024977810680866
234,/tmp/DataSetCombined/Edges/Round-2_0098652_edge.png,7.17,6.808258,0.0024977810680866
235,/tmp/DataSetCombined/Edges/Round-10_0017912_edge.png,38.11,37.81456,0.0024977810680866
236,/tmp/DataSetCombined/Edges/Round-10_0104810_edge.png,53.24,53.065067,0.0024977810680866
237,/tmp/DataSetCombined/Edges/Round-5_0059483_edge.png,8.05,7.4576864,0.0024977810680866
238,/tmp/DataSetCombined/Edges/Round-3_0025934_edge.png,61.72,60.813847,0.0024977810680866
239,/tmp/DataSetCombined/Edges/Round-7_0059932_edge.png,64.16,62.410633,0.0024977810680866
240,/tmp/DataSetCombined/Edges/Round-5_0051327_edge.png,65.34,62.91729,0.0024977810680866
241,/tmp/DataSetCombined/Edges/Round-8_0057665_edge.png,6.83,6.299307,0.0024977810680866
242,/tmp/DataSetCombined/Edges/Round-7_0100356_edge.png,56.95,57.351055,0.0024977810680866
243,/tmp/DataSetCombined/Edges/Round-6_0078863_edge.png,65.06,62.725025,0.0024977810680866
244,/tmp/DataSetCombined/Edges/Round-5_0062102_edge.png,3.65,3.3265262,0.0024977810680866
245,/tmp/DataSetCombined/Edges/Round-3_0078200_edge.png,64.65,62.35642,0.0024977810680866
246,/tmp/DataSetCombined/Edges/Round-2_0082301_edge.png,64.91,62.656265,0.0024977810680866
247,/tmp/DataSetCombined/Edges/Round-9_0076999_edge.png,7.32,6.8115053,0.0024977810680866
248,/tmp/DataSetCombined/Edges/Round-3_0056047_edge.png,11.04,10.446046,0.0024977810680866
249,/tmp/DataSetCombined/Edges/Round-4_0037537_edge.png,62.76,60.443687,0.0024977810680866
250,/tmp/DataSetCombined/Edges/Round-1_0029167_edge.png,57.04,57.298443,0.0024977810680866
251,/tmp/DataSetCombined/Edges/Round-10_0061586_edge.png,5.12,4.6459723,0.0024977810680866
252,/tmp/DataSetCombined/Edges/Round-1_0108513_edge.png,64.25,62.61832,0.0024977810680866
253,/tmp/DataSetCombined/Edges/Round-2_0074667_edge.png,5.36,5.121208,0.0024977810680866
254,/tmp/DataSetCombined/Edges/Round-7_0116911_edge.png,7.34,6.895673,0.0024977810680866
255,/tmp/DataSetCombined/Edges/Round-4_0044671_edge.png,2.58,2.2488472,0.0024977810680866
256,/tmp/DataSetCombined/Edges/Round-8_0024827_edge.png,7.71,7.1718636,0.0029886774718761
257,/tmp/DataSetCombined/Edges/Round-2_0085134_edge.png,5.02,4.632513,0.0029886774718761
258,/tmp/DataSetCombined/Edges/Round-10_0132953_edge.png,55.61,56.4069,0.0029886774718761
259,/tmp/DataSetCombined/Edges/Round-9_0006746_edge.png,9.99,9.265911,0.0029886774718761
260,/tmp/DataSetCombined/Edges/Round-9_0103938_edge.png,3.67,3.4095478,0.0029886774718761
261,/tmp/DataSetCombined/Edges/Round-5_0007411_edge.png,7.65,7.1845193,0.0029886774718761
262,/tmp/DataSetCombined/Edges/Round-10_0022969_edge.png,65.02,63.390026,0.0029886774718761
263,/tmp/DataSetCombined/Edges/Round-10_0024835_edge.png,64.22,62.059757,0.0029886774718761
264,/tmp/DataSetCombined/Edges/Round-9_0178103_edge.png,63.72,62.667725,0.0029886774718761
265,/tmp/DataSetCombined/Edges/Round-8_0047203_edge.png,45.72,44.581856,0.0029886774718761
266,/tmp/DataSetCombined/Edges/Round-7_0133519_edge.png,64.84,62.441364,0.0029886774718761
267,/tmp/DataSetCombined/Edges/Round-3_0087772_edge.png,19.44,19.865763,0.0029886774718761
268,/tmp/DataSetCombined/Edges/Round-1_0122389_edge.png,62.32,61.226128,0.0029886774718761
269,/tmp/DataSetCombined/Edges/Round-9_0051022_edge.png,13.37,12.935079,0.0029886774718761
270,/tmp/DataSetCombined/Edges/Round-9_0128130_edge.png,52.57,51.26327,0.0029886774718761
271,/tmp/DataSetCombined/Edges/Round-7_0011080_edge.png,15.86,16.09607,0.0029886774718761
272,/tmp/DataSetCombined/Edges/Round-5_0081366_edge.png,6.2,5.824272,0.0029886774718761
273,/tmp/DataSetCombined/Edges/Round-10_0097826_edge.png,14.14,14.064628,0.0029886774718761
274,/tmp/DataSetCombined/Edges/Round-6_0041931_edge.png,31.83,31.035088,0.0029886774718761
275,/tmp/DataSetCombined/Edges/Round-1_0027334_edge.png,65.44,63.276398,0.0029886774718761
276,/tmp/DataSetCombined/Edges/Round-3_0011771_edge.png,4.32,3.8663807,0.0029886774718761
277,/tmp/DataSetCombined/Edges/Round-10_0135571_edge.png,48.68,47.464817,0.0029886774718761
278,/tmp/DataSetCombined/Edges/Round-8_0063847_edge.png,3.68,3.3948884,0.0029886774718761
279,/tmp/DataSetCombined/Edges/Round-8_0033473_edge.png,8.0,7.430727,0.0029886774718761
280,/tmp/DataSetCombined/Edges/Round-9_0065711_edge.png,4.14,3.7994342,0.0029886774718761
281,/tmp/DataSetCombined/Edges/Round-5_0123596_edge.png,33.99,34.326138,0.0029886774718761
282,/tmp/DataSetCombined/Edges/Round-10_0149929_edge.png,62.22,60.894913,0.0029886774718761
283,/tmp/DataSetCombined/Edges/Round-10_0131177_edge.png,7.97,7.48179,0.0029886774718761
284,/tmp/DataSetCombined/Edges/Round-9_0146679_edge.png,60.52,59.392624,0.0029886774718761
285,/tmp/DataSetCombined/Edges/Round-2_0058679_edge.png,6.87,6.447135,0.0029886774718761
286,/tmp/DataSetCombined/Edges/Round-1_0149840_edge.png,61.24,60.54653,0.0029886774718761
287,/tmp/DataSetCombined/Edges/Round-5_0045999_edge.png,64.35,62.371822,0.0029886774718761
288,/tmp/DataSetCombined/Edges/Round-7_0111041_edge.png,63.81,62.656612,0.0029886774718761
289,/tmp/DataSetCombined/Edges/Round-6_0100384_edge.png,9.48,8.828054,0.0029886774718761
290,/tmp/DataSetCombined/Edges/Round-10_0124917_edge.png,63.88,62.40523,0.0029886774718761
291,/tmp/DataSetCombined/Edges/Round-2_0030400_edge.png,34.0,34.657413,0.0029886774718761
292,/tmp/DataSetCombined/Edges/Round-3_0028747_edge.png,58.31,57.324238,0.0029886774718761
293,/tmp/DataSetCombined/Edges/Round-10_0151946_edge.png,5.75,5.451027,0.0029886774718761
294,/tmp/DataSetCombined/Edges/Round-7_0108603_edge.png,64.02,62.742764,0.0029886774718761
295,/tmp/DataSetCombined/Edges/Round-7_0034829_edge.png,10.24,9.900765,0.0029886774718761
296,/tmp/DataSetCombined/Edges/Round-10_0179908_edge.png,37.16,36.473896,0.0029886774718761
297,/tmp/DataSetCombined/Edges/Round-7_0066614_edge.png,63.88,62.586056,0.0029886774718761
298,/tmp/DataSetCombined/Edges/Round-2_0093656_edge.png,63.31,62.939404,0.0029886774718761
299,/tmp/DataSetCombined/Edges/Round-10_0069382_edge.png,2.92,2.6205359,0.0029886774718761
300,/tmp/DataSetCombined/Edges/Round-1_0071700_edge.png,34.07,33.31514,0.0029886774718761
301,/tmp/DataSetCombined/Edges/Round-1_0009100_edge.png,3.57,3.3913894,0.0029886774718761
302,/tmp/DataSetCombined/Edges/Round-7_0036837_edge.png,64.38,62.432682,0.0029886774718761
303,/tmp/DataSetCombined/Edges/Round-6_0039751_edge.png,57.68,57.70682,0.0029886774718761
304,/tmp/DataSetCombined/Edges/Round-1_0008034_edge.png,65.42,63.483433,0.0029886774718761
305,/tmp/DataSetCombined/Edges/Round-3_0064415_edge.png,3.6,3.3530664,0.0029886774718761
306,/tmp/DataSetCombined/Edges/Round-6_0035429_edge.png,64.9,62.83997,0.0029886774718761
307,/tmp/DataSetCombined/Edges/Round-5_0025952_edge.png,60.68,60.791718,0.0029886774718761
308,/tmp/DataSetCombined/Edges/Round-10_0175972_edge.png,3.27,3.1252122,0.0029886774718761
309,/tmp/DataSetCombined/Edges/Round-9_0026702_edge.png,63.88,62.48833,0.0029886774718761
310,/tmp/DataSetCombined/Edges/Round-1_0154776_edge.png,9.18,8.334715,0.0029886774718761
311,/tmp/DataSetCombined/Edges/Round-10_0051383_edge.png,6.86,6.5117884,0.0029886774718761
312,/tmp/DataSetCombined/Edges/Round-9_0179518_edge.png,7.25,6.8134546,0.0029886774718761
313,/tmp/DataSetCombined/Edges/Round-10_0112726_edge.png,23.27,23.039057,0.0029886774718761
314,/tmp/DataSetCombined/Edges/Round-1_0029934_edge.png,62.55,60.983017,0.0029886774718761
315,/tmp/DataSetCombined/Edges/Round-10_0024775_edge.png,23.11,22.795153,0.0029886774718761
316,/tmp/DataSetCombined/Edges/Round-9_0197409_edge.png,64.08,62.502995,0.0029886774718761
317,/tmp/DataSetCombined/Edges/Round-4_0061707_edge.png,4.94,4.5200686,0.0029886774718761
318,/tmp/DataSetCombined/Edges/Round-3_0070796_edge.png,60.08,59.903633,0.0029886774718761
319,/tmp/DataSetCombined/Edges/Round-9_0171240_edge.png,4.12,3.7316828,0.0029886774718761
320,/tmp/DataSetCombined/Edges/Round-10_0128588_edge.png,53.12,53.031376,0.0029383562505245
321,/tmp/DataSetCombined/Edges/Round-7_0019689_edge.png,4.15,3.7685056,0.0029383562505245
322,/tmp/DataSetCombined/Edges/Round-9_0118205_edge.png,64.58,62.26795,0.0029383562505245
323,/tmp/DataSetCombined/Edges/Round-8_0057454_edge.png,6.25,6.0050387,0.0029383562505245
324,/tmp/DataSetCombined/Edges/Round-7_0052076_edge.png,61.62,60.80382,0.0029383562505245
325,/tmp/DataSetCombined/Edges/Round-2_0091941_edge.png,58.21,57.66199,0.0029383562505245
326,/tmp/DataSetCombined/Edges/Round-7_0063303_edge.png,6.99,6.635847,0.0029383562505245
327,/tmp/DataSetCombined/Edges/Round-2_0030200_edge.png,3.65,3.311871,0.0029383562505245
328,/tmp/DataSetCombined/Edges/Round-10_0091084_edge.png,63.86,62.965824,0.0029383562505245
329,/tmp/DataSetCombined/Edges/Round-9_0110258_edge.png,65.25,63.633087,0.0029383562505245
330,/tmp/DataSetCombined/Edges/Round-10_0167447_edge.png,3.83,3.5013509,0.0029383562505245
331,/tmp/DataSetCombined/Edges/Round-5_0015057_edge.png,12.29,11.588662,0.0029383562505245
332,/tmp/DataSetCombined/Edges/Round-4_0049156_edge.png,37.57,37.32027,0.0029383562505245
333,/tmp/DataSetCombined/Edges/Round-8_0072607_edge.png,6.87,6.468424,0.0029383562505245
334,/tmp/DataSetCombined/Edges/Round-1_0069334_edge.png,3.37,3.1565456,0.0029383562505245
335,/tmp/DataSetCombined/Edges/Round-7_0021916_edge.png,64.28,62.351418,0.0029383562505245
336,/tmp/DataSetCombined/Edges/Round-6_0066071_edge.png,59.49,58.720104,0.0029383562505245
337,/tmp/DataSetCombined/Edges/Round-1_0060634_edge.png,57.86,56.71424,0.0029383562505245
338,/tmp/DataSetCombined/Edges/Round-9_0069684_edge.png,65.12,62.96239,0.0029383562505245
339,/tmp/DataSetCombined/Edges/Round-9_0029230_edge.png,4.88,4.4097867,0.0029383562505245
340,/tmp/DataSetCombined/Edges/Round-3_0021101_edge.png,3.64,3.3792849,0.0029383562505245
341,/tmp/DataSetCombined/Edges/Round-5_0072005_edge.png,5.05,4.6360083,0.0029383562505245
342,/tmp/DataSetCombined/Edges/Round-8_0036234_edge.png,50.68,51.146,0.0029383562505245
343,/tmp/DataSetCombined/Edges/Round-4_0089249_edge.png,8.58,7.9808106,0.0029383562505245
344,/tmp/DataSetCombined/Edges/Round-10_0165069_edge.png,4.8,4.387338,0.0029383562505245
345,/tmp/DataSetCombined/Edges/Round-10_0116247_edge.png,58.38,58.366814,0.0029383562505245
346,/tmp/DataSetCombined/Edges/Round-1_0059634_edge.png,63.9,62.566177,0.0029383562505245
347,/tmp/DataSetCombined/Edges/Round-8_0028770_edge.png,64.55,62.399,0.0029383562505245
348,/tmp/DataSetCombined/Edges/Round-7_0032933_edge.png,9.49,8.796879,0.0029383562505245
349,/tmp/DataSetCombined/Edges/Round-10_0047078_edge.png,9.04,8.312353,0.0029383562505245
350,/tmp/DataSetCombined/Edges/Round-5_0116041_edge.png,58.62,58.959686,0.0029383562505245
351,/tmp/DataSetCombined/Edges/Round-10_0007678_edge.png,8.67,7.9413385,0.0029383562505245
352,/tmp/DataSetCombined/Edges/Round-8_0045385_edge.png,64.96,62.87389,0.0029383562505245
353,/tmp/DataSetCombined/Edges/Round-10_0057794_edge.png,64.06,62.137882,0.0029383562505245
354,/tmp/DataSetCombined/Edges/Round-5_0060357_edge.png,40.26,39.441082,0.0029383562505245
355,/tmp/DataSetCombined/Edges/Round-5_0027427_edge.png,65.38,63.517456,0.0029383562505245
356,/tmp/DataSetCombined/Edges/Round-8_0018849_edge.png,3.93,3.5990067,0.0029383562505245
357,/tmp/DataSetCombined/Edges/Round-9_0081002_edge.png,61.95,60.92859,0.0029383562505245
358,/tmp/DataSetCombined/Edges/Round-4_0047621_edge.png,63.99,62.698723,0.0029383562505245
359,/tmp/DataSetCombined/Edges/Round-7_0001298_edge.png,9.84,9.100548,0.0029383562505245
360,/tmp/DataSetCombined/Edges/Round-9_0090634_edge.png,63.97,62.22598,0.0029383562505245
361,/tmp/DataSetCombined/Edges/Round-5_0083593_edge.png,16.49,16.881586,0.0029383562505245
362,/tmp/DataSetCombined/Edges/Round-6_0003614_edge.png,60.47,60.710106,0.0029383562505245
363,/tmp/DataSetCombined/Edges/Round-5_0066617_edge.png,6.29,6.023971,0.0029383562505245
364,/tmp/DataSetCombined/Edges/Round-1_0076878_edge.png,38.74,39.014004,0.0029383562505245
365,/tmp/DataSetCombined/Edges/Round-9_0022428_edge.png,12.53,11.413893,0.0029383562505245
366,/tmp/DataSetCombined/Edges/Round-6_0004819_edge.png,64.39,62.464794,0.0029383562505245
367,/tmp/DataSetCombined/Edges/Round-2_0062954_edge.png,25.22,24.853655,0.0029383562505245
368,/tmp/DataSetCombined/Edges/Round-5_0055540_edge.png,30.11,31.217834,0.0029383562505245
369,/tmp/DataSetCombined/Edges/Round-6_0116156_edge.png,60.14,59.631313,0.0029383562505245
370,/tmp/DataSetCombined/Edges/Round-6_0017189_edge.png,6.81,6.39259,0.0029383562505245
371,/tmp/DataSetCombined/Edges/Round-6_0037566_edge.png,65.33,63.28012,0.0029383562505245
372,/tmp/DataSetCombined/Edges/Round-10_0124705_edge.png,7.28,6.799323,0.0029383562505245
373,/tmp/DataSetCombined/Edges/Round-8_0004630_edge.png,41.13,41.26157,0.0029383562505245
374,/tmp/DataSetCombined/Edges/Round-5_0066707_edge.png,36.92,36.40022,0.0029383562505245
375,/tmp/DataSetCombined/Edges/Round-1_0025200_edge.png,4.94,4.5826855,0.0029383562505245
376,/tmp/DataSetCombined/Edges/Round-10_0034467_edge.png,32.7,32.75325,0.0029383562505245
377,/tmp/DataSetCombined/Edges/Round-5_0084286_edge.png,6.99,6.5072265,0.0029383562505245
378,/tmp/DataSetCombined/Edges/Round-9_0176869_edge.png,9.81,9.197386,0.0029383562505245
379,/tmp/DataSetCombined/Edges/Round-10_0049035_edge.png,63.79,61.98352,0.0029383562505245
380,/tmp/DataSetCombined/Edges/Round-8_0086862_edge.png,64.63,62.37483,0.0029383562505245
381,/tmp/DataSetCombined/Edges/Round-9_0137259_edge.png,65.36,63.186054,0.0029383562505245
382,/tmp/DataSetCombined/Edges/Round-8_0020987_edge.png,4.13,3.7309017,0.0029383562505245
383,/tmp/DataSetCombined/Edges/Round-1_0124195_edge.png,63.69,61.70899,0.0029383562505245
384,/tmp/DataSetCombined/Edges/Round-9_0155288_edge.png,63.42,60.77688,0.0026029646396636
385,/tmp/DataSetCombined/Edges/Round-5_0087777_edge.png,3.26,3.0077882,0.0026029646396636
386,/tmp/DataSetCombined/Edges/Round-7_0121426_edge.png,65.22,63.020496,0.0026029646396636
387,/tmp/DataSetCombined/Edges/Round-1_0077601_edge.png,7.07,6.732456,0.0026029646396636
388,/tmp/DataSetCombined/Edges/Round-7_0059511_edge.png,6.67,6.280567,0.0026029646396636
389,/tmp/DataSetCombined/Edges/Round-10_0126993_edge.png,7.33,6.7751703,0.0026029646396636
390,/tmp/DataSetCombined/Edges/Round-1_0137323_edge.png,64.68,62.220497,0.0026029646396636
391,/tmp/DataSetCombined/Edges/Round-9_0071912_edge.png,4.95,4.592976,0.0026029646396636
392,/tmp/DataSetCombined/Edges/Round-7_0034167_edge.png,3.83,3.532178,0.0026029646396636
393,/tmp/DataSetCombined/Edges/Round-7_0076001_edge.png,6.29,5.8953075,0.0026029646396636
394,/tmp/DataSetCombined/Edges/Round-3_0086327_edge.png,44.65,43.39167,0.0026029646396636
395,/tmp/DataSetCombined/Edges/Round-10_0026527_edge.png,3.38,3.116065,0.0026029646396636
396,/tmp/DataSetCombined/Edges/Round-10_0099512_edge.png,3.32,3.1657438,0.0026029646396636
397,/tmp/DataSetCombined/Edges/Round-7_0070226_edge.png,2.96,2.7161775,0.0026029646396636
398,/tmp/DataSetCombined/Edges/Round-9_0122750_edge.png,8.63,8.101041,0.0026029646396636
399,/tmp/DataSetCombined/Edges/Round-7_0098008_edge.png,64.53,61.92561,0.0026029646396636
400,/tmp/DataSetCombined/Edges/Round-7_0010329_edge.png,2.64,2.2336714,0.0026029646396636
401,/tmp/DataSetCombined/Edges/Round-1_0083864_edge.png,4.28,3.8407974,0.0026029646396636
402,/tmp/DataSetCombined/Edges/Round-5_0061801_edge.png,21.28,21.63962,0.0026029646396636
403,/tmp/DataSetCombined/Edges/Round-1_0165707_edge.png,2.59,2.3172107,0.0026029646396636
404,/tmp/DataSetCombined/Edges/Round-7_0112907_edge.png,65.22,63.45528,0.0026029646396636
405,/tmp/DataSetCombined/Edges/Round-9_0018335_edge.png,5.78,5.4731326,0.0026029646396636
406,/tmp/DataSetCombined/Edges/Round-10_0122448_edge.png,64.85,62.909615,0.0026029646396636
407,/tmp/DataSetCombined/Edges/Round-9_0183551_edge.png,60.86,60.52701,0.0026029646396636
408,/tmp/DataSetCombined/Edges/Round-6_0088706_edge.png,61.81,60.803913,0.0026029646396636
409,/tmp/DataSetCombined/Edges/Round-8_0030226_edge.png,4.84,4.3494797,0.0026029646396636
410,/tmp/DataSetCombined/Edges/Round-9_0098911_edge.png,65.05,62.82976,0.0026029646396636
411,/tmp/DataSetCombined/Edges/Round-1_0043500_edge.png,6.61,6.239922,0.0026029646396636
412,/tmp/DataSetCombined/Edges/Round-10_0081873_edge.png,3.06,2.8016434,0.0026029646396636
413,/tmp/DataSetCombined/Edges/Round-10_0193001_edge.png,62.38,61.990276,0.0026029646396636
414,/tmp/DataSetCombined/Edges/Round-7_0056170_edge.png,4.93,4.4984293,0.0026029646396636
415,/tmp/DataSetCombined/Edges/Round-1_0034691_edge.png,64.61,62.34776,0.0026029646396636
416,/tmp/DataSetCombined/Edges/Round-10_0038741_edge.png,5.39,5.0437984,0.0026029646396636
417,/tmp/DataSetCombined/Edges/Round-10_0042022_edge.png,62.73,61.369488,0.0026029646396636
418,/tmp/DataSetCombined/Edges/Round-2_0085498_edge.png,3.0,2.785201,0.0026029646396636
419,/tmp/DataSetCombined/Edges/Round-7_0061226_edge.png,58.92,58.777332,0.0026029646396636
420,/tmp/DataSetCombined/Edges/Round-7_0080340_edge.png,41.07,40.02662,0.0026029646396636
421,/tmp/DataSetCombined/Edges/Round-1_0049300_edge.png,5.53,5.3605704,0.0026029646396636
422,/tmp/DataSetCombined/Edges/Round-8_0042525_edge.png,3.2,2.89119,0.0026029646396636
423,/tmp/DataSetCombined/Edges/Round-6_0004126_edge.png,3.6,3.393052,0.0026029646396636
424,/tmp/DataSetCombined/Edges/Round-10_0135180_edge.png,29.17,29.219292,0.0026029646396636
425,/tmp/DataSetCombined/Edges/Round-7_0068601_edge.png,62.13,61.007603,0.0026029646396636
426,/tmp/DataSetCombined/Edges/Round-6_0006213_edge.png,4.35,3.9648943,0.0026029646396636
427,/tmp/DataSetCombined/Edges/Round-9_0044864_edge.png,50.0,48.337894,0.0026029646396636
428,/tmp/DataSetCombined/Edges/Round-4_0073356_edge.png,65.3,62.86148,0.0026029646396636
429,/tmp/DataSetCombined/Edges/Round-10_0048192_edge.png,51.41,50.245266,0.0026029646396636
430,/tmp/DataSetCombined/Edges/Round-6_0020681_edge.png,34.11,33.808758,0.0026029646396636
431,/tmp/DataSetCombined/Edges/Round-10_0034617_edge.png,63.74,62.295948,0.0026029646396636
432,/tmp/DataSetCombined/Edges/Round-6_0012193_edge.png,49.61,49.035934,0.0026029646396636
433,/tmp/DataSetCombined/Edges/Round-7_0037989_edge.png,2.75,2.4044614,0.0026029646396636
434,/tmp/DataSetCombined/Edges/Round-8_0045716_edge.png,9.89,9.173799,0.0026029646396636
435,/tmp/DataSetCombined/Edges/Round-6_0015955_edge.png,11.04,10.399909,0.0026029646396636
436,/tmp/DataSetCombined/Edges/Round-9_0101499_edge.png,4.96,4.5282583,0.0026029646396636
437,/tmp/DataSetCombined/Edges/Round-3_0034534_edge.png,3.28,2.9632058,0.0026029646396636
438,/tmp/DataSetCombined/Edges/Round-5_0000940_edge.png,5.5,5.1490583,0.0026029646396636
439,/tmp/DataSetCombined/Edges/Round-3_0040787_edge.png,43.65,42.54091,0.0026029646396636
440,/tmp/DataSetCombined/Edges/Round-5_0081637_edge.png,65.18,63.34611,0.0026029646396636
441,/tmp/DataSetCombined/Edges/Round-10_0068479_edge.png,43.88,43.376156,0.0026029646396636
442,/tmp/DataSetCombined/Edges/Round-7_0018124_edge.png,3.97,3.628158,0.0026029646396636
443,/tmp/DataSetCombined/Edges/Round-3_0015895_edge.png,64.41,62.962948,0.0026029646396636
444,/tmp/DataSetCombined/Edges/Round-5_0016291_edge.png,7.13,6.74146,0.0026029646396636
445,/tmp/DataSetCombined/Edges/Round-1_0038000_edge.png,7.56,6.9994574,0.0026029646396636
446,/tmp/DataSetCombined/Edges/Round-1_0104690_edge.png,8.98,8.28851,0.0026029646396636
447,/tmp/DataSetCombined/Edges/Round-9_0044070_edge.png,47.14,47.92886,0.0026029646396636
448,/tmp/DataSetCombined/Edges/Round-6_0127504_edge.png,6.84,6.361927,0.0024977773427963
449,/tmp/DataSetCombined/Edges/Round-8_0009777_edge.png,63.34,61.93838,0.0024977773427963
450,/tmp/DataSetCombined/Edges/Round-10_0037642_edge.png,63.25,60.96062,0.0024977773427963
451,/tmp/DataSetCombined/Edges/Round-3_0012674_edge.png,60.93,61.494022,0.0024977773427963
452,/tmp/DataSetCombined/Edges/Round-10_0187885_edge.png,11.18,10.328636,0.0024977773427963
453,/tmp/DataSetCombined/Edges/Round-7_0091657_edge.png,5.36,4.9763284,0.0024977773427963
454,/tmp/DataSetCombined/Edges/Round-9_0078774_edge.png,5.18,4.7710543,0.0024977773427963
455,/tmp/DataSetCombined/Edges/Round-3_0084732_edge.png,65.29,62.660816,0.0024977773427963
456,/tmp/DataSetCombined/Edges/Round-8_0001273_edge.png,58.61,57.768642,0.0024977773427963
457,/tmp/DataSetCombined/Edges/Round-8_0067068_edge.png,9.1,8.361787,0.0024977773427963
458,/tmp/DataSetCombined/Edges/Round-5_0061079_edge.png,57.04,56.84547,0.0024977773427963
459,/tmp/DataSetCombined/Edges/Round-2_0059467_edge.png,64.53,62.350533,0.0024977773427963
460,/tmp/DataSetCombined/Edges/Round-6_0124314_edge.png,65.08,63.127396,0.0024977773427963
461,/tmp/DataSetCombined/Edges/Round-5_0076520_edge.png,58.28,57.494923,0.0024977773427963
462,/tmp/DataSetCombined/Edges/Round-8_0055269_edge.png,62.31,61.173717,0.0024977773427963
463,/tmp/DataSetCombined/Edges/Round-1_0124708_edge.png,56.88,56.993137,0.0024977773427963
464,/tmp/DataSetCombined/Edges/Round-4_0045123_edge.png,3.61,3.4038281,0.0024977773427963
465,/tmp/DataSetCombined/Edges/Round-9_0183792_edge.png,63.7,62.149338,0.0024977773427963
466,/tmp/DataSetCombined/Edges/Round-9_0066042_edge.png,8.43,7.8588357,0.0024977773427963
467,/tmp/DataSetCombined/Edges/Round-10_0114802_edge.png,26.43,26.82326,0.0024977773427963
468,/tmp/DataSetCombined/Edges/Round-9_0092229_edge.png,60.87,60.459606,0.0024977773427963
469,/tmp/DataSetCombined/Edges/Round-9_0055868_edge.png,5.98,5.659683,0.0024977773427963
470,/tmp/DataSetCombined/Edges/Round-3_0058847_edge.png,8.89,8.139316,0.0024977773427963
471,/tmp/DataSetCombined/Edges/Round-9_0046267_edge.png,57.81,57.932476,0.0024977773427963
472,/tmp/DataSetCombined/Edges/Round-9_0135603_edge.png,2.57,2.2210758,0.0024977773427963
473,/tmp/DataSetCombined/Edges/Round-5_0033418_edge.png,5.52,5.3374085,0.0024977773427963
474,/tmp/DataSetCombined/Edges/Round-2_0092451_edge.png,56.08,55.429035,0.0024977773427963
475,/tmp/DataSetCombined/Edges/Round-6_0019055_edge.png,63.71,61.80687,0.0024977773427963
476,/tmp/DataSetCombined/Edges/Round-1_0039634_edge.png,5.37,5.0946426,0.0024977773427963
477,/tmp/DataSetCombined/Edges/Round-2_0024400_edge.png,2.59,2.2805195,0.0024977773427963
478,/tmp/DataSetCombined/Edges/Round-9_0186892_edge.png,8.54,7.7691,0.0024977773427963
479,/tmp/DataSetCombined/Edges/Round-8_0034531_edge.png,65.15,63.531406,0.0024977773427963
480,/tmp/DataSetCombined/Edges/Round-1_0133074_edge.png,61.98,61.037098,0.0024977773427963
481,/tmp/DataSetCombined/Edges/Round-6_0119125_edge.png,4.06,3.764667,0.0024977773427963
482,/tmp/DataSetCombined/Edges/Round-9_0103246_edge.png,7.83,7.1577187,0.0024977773427963
483,/tmp/DataSetCombined/Edges/Round-9_0132412_edge.png,63.94,62.664227,0.0024977773427963
484,/tmp/DataSetCombined/Edges/Round-1_0147101_edge.png,3.98,3.6853423,0.0024977773427963
485,/tmp/DataSetCombined/Edges/Round-7_0097978_edge.png,64.39,62.504017,0.0024977773427963
486,/tmp/DataSetCombined/Edges/Round-1_0048934_edge.png,64.29,61.83762,0.0024977773427963
487,/tmp/DataSetCombined/Edges/Round-9_0121997_edge.png,10.24,9.640776,0.0024977773427963
488,/tmp/DataSetCombined/Edges/Round-8_0002974_edge.png,65.26,63.561802,0.0024977773427963
489,/tmp/DataSetCombined/Edges/Round-8_0069314_edge.png,41.4,41.143482,0.0024977773427963
490,/tmp/DataSetCombined/Edges/Round-10_0195861_edge.png,3.6,3.3802524,0.0024977773427963
491,/tmp/DataSetCombined/Edges/Round-8_0055691_edge.png,5.82,5.3969326,0.0024977773427963
492,/tmp/DataSetCombined/Edges/Round-9_0162663_edge.png,63.78,62.541092,0.0024977773427963
493,/tmp/DataSetCombined/Edges/Round-10_0010447_edge.png,62.34,60.66692,0.0024977773427963
494,/tmp/DataSetCombined/Edges/Round-10_0133193_edge.png,8.2,7.6212697,0.0024977773427963
495,/tmp/DataSetCombined/Edges/Round-10_0137648_edge.png,4.0,3.6957407,0.0024977773427963
496,/tmp/DataSetCombined/Edges/Round-4_0029741_edge.png,3.71,3.4179964,0.0024977773427963
497,/tmp/DataSetCombined/Edges/Round-1_0046600_edge.png,65.13,63.66625,0.0024977773427963
498,/tmp/DataSetCombined/Edges/Round-10_0147129_edge.png,27.54,27.62606,0.0024977773427963
499,/tmp/DataSetCombined/Edges/Round-6_0107977_edge.png,6.1,5.7484756,0.0024977773427963
500,/tmp/DataSetCombined/Edges/Round-5_0054457_edge.png,45.05,44.056084,0.0024977773427963
501,/tmp/DataSetCombined/Edges/Round-9_0097888_edge.png,5.62,5.28134,0.0024977773427963
502,/tmp/DataSetCombined/Edges/Round-5_0078206_edge.png,63.93,62.816578,0.0024977773427963
503,/tmp/DataSetCombined/Edges/Round-9_0159532_edge.png,63.58,62.43096,0.0024977773427963
504,/tmp/DataSetCombined/Edges/Round-10_0041486_edge.png,64.89,62.61853,0.0024977773427963
505,/tmp/DataSetCombined/Edges/Round-8_0065684_edge.png,65.3,62.99548,0.0024977773427963
506,/tmp/DataSetCombined/Edges/Round-10_0022908_edge.png,65.37,63.74406,0.0024977773427963
507,/tmp/DataSetCombined/Edges/Round-7_0048434_edge.png,5.64,5.3448086,0.0024977773427963
508,/tmp/DataSetCombined/Edges/Round-9_0153120_edge.png,52.29,51.451565,0.0024977773427963
509,/tmp/DataSetCombined/Edges/Round-1_0034498_edge.png,3.08,2.9225245,0.0024977773427963
510,/tmp/DataSetCombined/Edges/Round-6_0008972_edge.png,3.16,2.918057,0.0024977773427963
511,/tmp/DataSetCombined/Edges/Round-5_0095001_edge.png,7.31,6.875654,0.0024977773427963
512,/tmp/DataSetCombined/Edges/Round-1_0089370_edge.png,9.88,9.417793,0.0024606175720691
513,/tmp/DataSetCombined/Edges/Round-1_0170248_edge.png,4.17,3.7880158,0.0024606175720691
514,/tmp/DataSetCombined/Edges/Round-5_0046300_edge.png,7.55,7.055373,0.0024606175720691
515,/tmp/DataSetCombined/Edges/Round-3_0031734_edge.png,64.36,62.35858,0.0024606175720691
516,/tmp/DataSetCombined/Edges/Round-4_0050149_edge.png,58.37,57.551647,0.0024606175720691
517,/tmp/DataSetCombined/Edges/Round-7_0016468_edge.png,6.77,6.340462,0.0024606175720691
518,/tmp/DataSetCombined/Edges/Round-2_0105394_edge.png,21.49,21.722277,0.0024606175720691
519,/tmp/DataSetCombined/Edges/Round-6_0087051_edge.png,49.36,48.338337,0.0024606175720691
520,/tmp/DataSetCombined/Edges/Round-9_0057830_edge.png,3.78,3.5059009,0.0024606175720691
521,/tmp/DataSetCombined/Edges/Round-9_0001122_edge.png,64.16,62.582325,0.0024606175720691
522,/tmp/DataSetCombined/Edges/Round-9_0165401_edge.png,65.46,63.255768,0.0024606175720691
523,/tmp/DataSetCombined/Edges/Round-1_0051264_edge.png,7.56,7.031353,0.0024606175720691
524,/tmp/DataSetCombined/Edges/Round-10_0092319_edge.png,44.38,44.436672,0.0024606175720691
525,/tmp/DataSetCombined/Edges/Round-6_0017370_edge.png,18.37,18.991045,0.0024606175720691
526,/tmp/DataSetCombined/Edges/Round-9_0066012_edge.png,22.12,22.213762,0.0024606175720691
527,/tmp/DataSetCombined/Edges/Round-10_0032331_edge.png,5.8,5.384451,0.0024606175720691
528,/tmp/DataSetCombined/Edges/Round-1_0053250_edge.png,62.25,60.92605,0.0024606175720691
529,/tmp/DataSetCombined/Edges/Round-6_0070134_edge.png,64.49,62.28712,0.0024606175720691
530,/tmp/DataSetCombined/Edges/Round-4_0034136_edge.png,30.52,30.003603,0.0024606175720691
531,/tmp/DataSetCombined/Edges/Round-9_0059893_edge.png,65.27,63.431442,0.0024606175720691
532,/tmp/DataSetCombined/Edges/Round-3_0043917_edge.png,65.15,63.091373,0.0024606175720691
533,/tmp/DataSetCombined/Edges/Round-6_0009935_edge.png,60.99,60.230976,0.0024606175720691
534,/tmp/DataSetCombined/Edges/Round-1_0107399_edge.png,55.76,54.949024,0.0024606175720691
535,/tmp/DataSetCombined/Edges/Round-8_0002042_edge.png,9.85,9.140444,0.0024606175720691
536,/tmp/DataSetCombined/Edges/Round-8_0065883_edge.png,7.3,6.813808,0.0024606175720691
537,/tmp/DataSetCombined/Edges/Round-8_0067448_edge.png,2.93,2.7359157,0.0024606175720691
538,/tmp/DataSetCombined/Edges/Round-1_0110470_edge.png,6.04,5.6720133,0.0024606175720691
539,/tmp/DataSetCombined/Edges/Round-10_0116819_edge.png,26.24,26.539017,0.0024606175720691
540,/tmp/DataSetCombined/Edges/Round-6_0103936_edge.png,24.53,24.666708,0.0024606175720691
541,/tmp/DataSetCombined/Edges/Round-6_0043677_edge.png,58.74,58.092045,0.0024606175720691
542,/tmp/DataSetCombined/Edges/Round-6_0015052_edge.png,6.61,6.204516,0.0024606175720691
543,/tmp/DataSetCombined/Edges/Round-9_0157726_edge.png,43.73,42.9723,0.0024606175720691
544,/tmp/DataSetCombined/Edges/Round-2_0077071_edge.png,2.92,2.6899343,0.0024606175720691
545,/tmp/DataSetCombined/Edges/Round-2_0055534_edge.png,48.75,48.174553,0.0024606175720691
546,/tmp/DataSetCombined/Edges/Round-4_0001448_edge.png,62.58,61.912334,0.0024606175720691
547,/tmp/DataSetCombined/Edges/Round-1_0157967_edge.png,60.74,60.83615,0.0024606175720691
548,/tmp/DataSetCombined/Edges/Round-9_0006175_edge.png,44.38,43.647346,0.0024606175720691
549,/tmp/DataSetCombined/Edges/Round-6_0097468_edge.png,64.2,62.64978,0.0024606175720691
550,/tmp/DataSetCombined/Edges/Round-8_0070187_edge.png,4.53,4.0254245,0.0024606175720691
551,/tmp/DataSetCombined/Edges/Round-1_0099303_edge.png,64.42,62.586143,0.0024606175720691
552,/tmp/DataSetCombined/Edges/Round-10_0145835_edge.png,2.68,2.3606641,0.0024606175720691
553,/tmp/DataSetCombined/Edges/Round-5_0052500_edge.png,5.19,4.7397175,0.0024606175720691
554,/tmp/DataSetCombined/Edges/Round-6_0055506_edge.png,4.27,3.8489833,0.0024606175720691
555,/tmp/DataSetCombined/Edges/Round-4_0055146_edge.png,65.29,63.80011,0.0024606175720691
556,/tmp/DataSetCombined/Edges/Round-10_0087321_edge.png,4.74,4.179905,0.0024606175720691
557,/tmp/DataSetCombined/Edges/Round-1_0074320_edge.png,30.04,29.244516,0.0024606175720691
558,/tmp/DataSetCombined/Edges/Round-9_0146228_edge.png,64.68,62.459248,0.0024606175720691
559,/tmp/DataSetCombined/Edges/Round-1_0150472_edge.png,10.1,9.296892,0.0024606175720691
560,/tmp/DataSetCombined/Edges/Round-6_0035038_edge.png,3.62,3.380114,0.0024606175720691
561,/tmp/DataSetCombined/Edges/Round-8_0024435_edge.png,4.11,3.7396793,0.0024606175720691
562,/tmp/DataSetCombined/Edges/Round-9_0143609_edge.png,2.51,2.1549444,0.0024606175720691
563,/tmp/DataSetCombined/Edges/Round-9_0194417_edge.png,5.3,4.8979073,0.0024606175720691
564,/tmp/DataSetCombined/Edges/Round-6_0069652_edge.png,6.04,5.6356964,0.0024606175720691
565,/tmp/DataSetCombined/Edges/Round-2_0033200_edge.png,65.11,63.179657,0.0024606175720691
566,/tmp/DataSetCombined/Edges/Round-9_0149268_edge.png,61.85,61.570568,0.0024606175720691
567,/tmp/DataSetCombined/Edges/Round-10_0082746_edge.png,4.17,3.8103318,0.0024606175720691
568,/tmp/DataSetCombined/Edges/Round-6_0047500_edge.png,65.29,62.961803,0.0024606175720691
569,/tmp/DataSetCombined/Edges/Round-9_0150923_edge.png,59.04,60.247055,0.0024606175720691
570,/tmp/DataSetCombined/Edges/Round-9_0128529_edge.png,8.5,7.8574166,0.0024606175720691
571,/tmp/DataSetCombined/Edges/Round-9_0055477_edge.png,9.99,9.386082,0.0024606175720691
572,/tmp/DataSetCombined/Edges/Round-3_0015804_edge.png,63.99,62.351845,0.0024606175720691
573,/tmp/DataSetCombined/Edges/Round-4_0055386_edge.png,30.26,31.132803,0.0024606175720691
574,/tmp/DataSetCombined/Edges/Round-4_0084613_edge.png,3.97,3.6898146,0.0024606175720691
575,/tmp/DataSetCombined/Edges/Round-8_0023746_edge.png,6.52,6.1054792,0.0024606175720691
576,/tmp/DataSetCombined/Edges/Round-8_0070759_edge.png,3.0,2.842956,0.0024252347648143
577,/tmp/DataSetCombined/Edges/Round-9_0162210_edge.png,6.15,5.8364573,0.0024252347648143
578,/tmp/DataSetCombined/Edges/Round-8_0057063_edge.png,59.58,60.463,0.0024252347648143
579,/tmp/DataSetCombined/Edges/Round-10_0148936_edge.png,43.95,42.796932,0.0024252347648143
580,/tmp/DataSetCombined/Edges/Round-3_0073294_edge.png,45.23,43.851955,0.0024252347648143
581,/tmp/DataSetCombined/Edges/Round-7_0089310_edge.png,3.29,3.0171146,0.0024252347648143
582,/tmp/DataSetCombined/Edges/Round-6_0126752_edge.png,64.17,62.25871,0.0024252347648143
583,/tmp/DataSetCombined/Edges/Round-3_0069742_edge.png,15.84,15.83473,0.0024252347648143
584,/tmp/DataSetCombined/Edges/Round-10_0163143_edge.png,4.25,3.871831,0.0024252347648143
585,/tmp/DataSetCombined/Edges/Round-3_0051653_edge.png,58.45,56.592007,0.0024252347648143
586,/tmp/DataSetCombined/Edges/Round-9_0163264_edge.png,2.93,2.6455846,0.0024252347648143
587,/tmp/DataSetCombined/Edges/Round-8_0037480_edge.png,58.89,60.041782,0.0024252347648143
588,/tmp/DataSetCombined/Edges/Round-3_0044790_edge.png,3.69,3.416449,0.0024252347648143
589,/tmp/DataSetCombined/Edges/Round-8_0039817_edge.png,3.56,3.4009066,0.0024252347648143
590,/tmp/DataSetCombined/Edges/Round-6_0025075_edge.png,12.02,11.127201,0.0024252347648143
591,/tmp/DataSetCombined/Edges/Round-5_0011264_edge.png,13.48,13.051387,0.0024252347648143
592,/tmp/DataSetCombined/Edges/Round-10_0090332_edge.png,30.52,30.74645,0.0024252347648143
593,/tmp/DataSetCombined/Edges/Round-10_0036002_edge.png,3.25,2.961245,0.0024252347648143
594,/tmp/DataSetCombined/Edges/Round-5_0031521_edge.png,4.09,3.7805815,0.0024252347648143
595,/tmp/DataSetCombined/Edges/Round-6_0079525_edge.png,3.64,3.3711715,0.0024252347648143
596,/tmp/DataSetCombined/Edges/Round-9_0159682_edge.png,5.35,4.9218006,0.0024252347648143
597,/tmp/DataSetCombined/Edges/Round-10_0166935_edge.png,2.49,2.0699186,0.0024252347648143
598,/tmp/DataSetCombined/Edges/Round-1_0128650_edge.png,5.27,4.826417,0.0024252347648143
599,/tmp/DataSetCombined/Edges/Round-1_0024567_edge.png,48.25,46.231052,0.0024252347648143
600,/tmp/DataSetCombined/Edges/Round-10_0032420_edge.png,13.18,12.407325,0.0024252347648143
601,/tmp/DataSetCombined/Edges/Round-10_0118625_edge.png,8.21,7.532489,0.0024252347648143
602,/tmp/DataSetCombined/Edges/Round-8_0006425_edge.png,7.78,7.160394,0.0024252347648143
603,/tmp/DataSetCombined/Edges/Round-8_0049189_edge.png,58.39,57.427113,0.0024252347648143
604,/tmp/DataSetCombined/Edges/Round-1_0133737_edge.png,4.12,3.766725,0.0024252347648143
605,/tmp/DataSetCombined/Edges/Round-1_0095601_edge.png,3.46,3.2079086,0.0024252347648143
606,/tmp/DataSetCombined/Edges/Round-1_0159321_edge.png,63.73,62.78181,0.0024252347648143
607,/tmp/DataSetCombined/Edges/Round-2_0067710_edge.png,65.28,63.42317,0.0024252347648143
608,/tmp/DataSetCombined/Edges/Round-7_0077239_edge.png,2.6,2.2261553,0.0024252347648143
609,/tmp/DataSetCombined/Edges/Round-1_0078805_edge.png,4.13,3.7657351,0.0024252347648143
610,/tmp/DataSetCombined/Edges/Round-8_0088638_edge.png,20.53,20.966673,0.0024252347648143
611,/tmp/DataSetCombined/Edges/Round-9_0040759_edge.png,64.84,62.71652,0.0024252347648143
612,/tmp/DataSetCombined/Edges/Round-6_0011350_edge.png,64.87,62.552464,0.0024252347648143
613,/tmp/DataSetCombined/Edges/Round-8_0083160_edge.png,65.27,63.8392,0.0024252347648143
614,/tmp/DataSetCombined/Edges/Round-2_0066355_edge.png,40.26,38.25187,0.0024252347648143
615,/tmp/DataSetCombined/Edges/Round-2_0078201_edge.png,40.2,40.235973,0.0024252347648143
616,/tmp/DataSetCombined/Edges/Round-10_0197488_edge.png,12.89,12.429011,0.0024252347648143
617,/tmp/DataSetCombined/Edges/Round-6_0041552_edge.png,64.33,62.338394,0.0024252347648143
618,/tmp/DataSetCombined/Edges/Round-10_0059058_edge.png,2.47,2.1214452,0.0024252347648143
619,/tmp/DataSetCombined/Edges/Round-8_0079518_edge.png,8.02,7.5038157,0.0024252347648143
620,/tmp/DataSetCombined/Edges/Round-6_0060653_edge.png,5.96,5.7964535,0.0024252347648143
621,/tmp/DataSetCombined/Edges/Round-1_0158780_edge.png,6.27,6.0266175,0.0024252347648143
622,/tmp/DataSetCombined/Edges/Round-3_0079826_edge.png,3.24,2.9368515,0.0024252347648143
623,/tmp/DataSetCombined/Edges/Round-10_0047771_edge.png,57.66,56.770714,0.0024252347648143
624,/tmp/DataSetCombined/Edges/Round-7_0021736_edge.png,5.75,5.4758205,0.0024252347648143
625,/tmp/DataSetCombined/Edges/Round-8_0042676_edge.png,4.19,3.74867,0.0024252347648143
626,/tmp/DataSetCombined/Edges/Round-6_0002031_edge.png,42.89,41.491795,0.0024252347648143
627,/tmp/DataSetCombined/Edges/Round-3_0002734_edge.png,64.36,62.551525,0.0024252347648143
628,/tmp/DataSetCombined/Edges/Round-1_0071000_edge.png,47.9,47.61993,0.0024252347648143
629,/tmp/DataSetCombined/Edges/Round-7_0054604_edge.png,7.53,7.0000744,0.0024252347648143
630,/tmp/DataSetCombined/Edges/Round-10_0053008_edge.png,7.98,7.411603,0.0024252347648143
631,/tmp/DataSetCombined/Edges/Round-7_0123683_edge.png,16.19,16.44777,0.0024252347648143
632,/tmp/DataSetCombined/Edges/Round-6_0073505_edge.png,14.01,13.773534,0.0024252347648143
633,/tmp/DataSetCombined/Edges/Round-3_0050870_edge.png,5.76,5.2994223,0.0024252347648143
634,/tmp/DataSetCombined/Edges/Round-10_0003304_edge.png,8.74,8.1545,0.0024252347648143
635,/tmp/DataSetCombined/Edges/Round-1_0122359_edge.png,64.85,62.644268,0.0024252347648143
636,/tmp/DataSetCombined/Edges/Round-1_0006434_edge.png,5.79,5.445814,0.0024252347648143
637,/tmp/DataSetCombined/Edges/Round-3_0066853_edge.png,5.53,5.179821,0.0024252347648143
638,/tmp/DataSetCombined/Edges/Round-9_0011201_edge.png,64.85,63.207874,0.0024252347648143
639,/tmp/DataSetCombined/Edges/Round-3_0051502_edge.png,7.2,6.650979,0.0024252347648143
640,/tmp/DataSetCombined/Edges/Round-3_0075100_edge.png,62.88,61.47652,0.0026426464319229
641,/tmp/DataSetCombined/Edges/Round-9_0191377_edge.png,4.67,4.312528,0.0026426464319229
642,/tmp/DataSetCombined/Edges/Round-8_0045023_edge.png,64.56,62.535686,0.0026426464319229
643,/tmp/DataSetCombined/Edges/Round-2_0071442_edge.png,9.89,9.16411,0.0026426464319229
644,/tmp/DataSetCombined/Edges/Round-10_0124434_edge.png,64.37,61.676556,0.0026426464319229
645,/tmp/DataSetCombined/Edges/Round-8_0016158_edge.png,7.62,7.1062655,0.0026426464319229
646,/tmp/DataSetCombined/Edges/Round-8_0046258_edge.png,6.33,6.1140113,0.0026426464319229
647,/tmp/DataSetCombined/Edges/Round-5_0071553_edge.png,30.05,29.808731,0.0026426464319229
648,/tmp/DataSetCombined/Edges/Round-10_0038079_edge.png,39.7,39.20571,0.0026426464319229
649,/tmp/DataSetCombined/Edges/Round-3_0063843_edge.png,64.24,62.199894,0.0026426464319229
650,/tmp/DataSetCombined/Edges/Round-5_0043473_edge.png,3.36,3.1742196,0.0026426464319229
651,/tmp/DataSetCombined/Edges/Round-1_0048334_edge.png,62.69,61.15417,0.0026426464319229
652,/tmp/DataSetCombined/Edges/Round-4_0002863_edge.png,40.67,40.00615,0.0026426464319229
653,/tmp/DataSetCombined/Edges/Round-10_0002304_edge.png,11.48,10.842817,0.0026426464319229
654,/tmp/DataSetCombined/Edges/Round-10_0173557_edge.png,57.85,59.65794,0.0026426464319229
655,/tmp/DataSetCombined/Edges/Round-8_0029805_edge.png,55.42,54.790043,0.0026426464319229
656,/tmp/DataSetCombined/Edges/Round-6_0106043_edge.png,29.36,29.664764,0.0026426464319229
657,/tmp/DataSetCombined/Edges/Round-5_0048166_edge.png,24.81,24.9341,0.0026426464319229
658,/tmp/DataSetCombined/Edges/Round-3_0058787_edge.png,61.77,61.747635,0.0026426464319229
659,/tmp/DataSetCombined/Edges/Round-9_0112186_edge.png,12.19,11.077087,0.0026426464319229
660,/tmp/DataSetCombined/Edges/Round-6_0062158_edge.png,63.47,61.627747,0.0026426464319229
661,/tmp/DataSetCombined/Edges/Round-5_0023214_edge.png,49.19,48.35706,0.0026426464319229
662,/tmp/DataSetCombined/Edges/Round-1_0092229_edge.png,6.81,6.449701,0.0026426464319229
663,/tmp/DataSetCombined/Edges/Round-4_0017943_edge.png,4.01,3.6893172,0.0026426464319229
664,/tmp/DataSetCombined/Edges/Round-7_0005692_edge.png,48.64,48.794476,0.0026426464319229
665,/tmp/DataSetCombined/Edges/Round-10_0069984_edge.png,59.66,60.540287,0.0026426464319229
666,/tmp/DataSetCombined/Edges/Round-5_0050724_edge.png,64.62,62.421967,0.0026426464319229
667,/tmp/DataSetCombined/Edges/Round-7_0039314_edge.png,19.98,20.459978,0.0026426464319229
668,/tmp/DataSetCombined/Edges/Round-9_0099754_edge.png,61.93,61.004425,0.0026426464319229
669,/tmp/DataSetCombined/Edges/Round-2_0072315_edge.png,64.6,62.28814,0.0026426464319229
670,/tmp/DataSetCombined/Edges/Round-4_0014692_edge.png,4.63,4.2002826,0.0026426464319229
671,/tmp/DataSetCombined/Edges/Round-1_0025934_edge.png,62.79,59.8493,0.0026426464319229
672,/tmp/DataSetCombined/Edges/Round-1_0075946_edge.png,2.87,2.5387645,0.0026426464319229
673,/tmp/DataSetCombined/Edges/Round-6_0110873_edge.png,2.46,2.1039534,0.0026426464319229
674,/tmp/DataSetCombined/Edges/Round-7_0044130_edge.png,29.24,29.091501,0.0026426464319229
675,/tmp/DataSetCombined/Edges/Round-8_0016399_edge.png,58.68,58.914494,0.0026426464319229
676,/tmp/DataSetCombined/Edges/Round-8_0033977_edge.png,3.6,3.3572364,0.0026426464319229
677,/tmp/DataSetCombined/Edges/Round-7_0122268_edge.png,55.54,56.9424,0.0026426464319229
678,/tmp/DataSetCombined/Edges/Round-10_0098882_edge.png,9.78,9.12535,0.0026426464319229
679,/tmp/DataSetCombined/Edges/Round-10_0121575_edge.png,8.55,7.874225,0.0026426464319229
680,/tmp/DataSetCombined/Edges/Round-6_0064716_edge.png,62.53,62.25671,0.0026426464319229
681,/tmp/DataSetCombined/Edges/Round-5_0074834_edge.png,4.88,4.4925222,0.0026426464319229
682,/tmp/DataSetCombined/Edges/Round-8_0086351_edge.png,58.61,59.091827,0.0026426464319229
683,/tmp/DataSetCombined/Edges/Round-8_0060115_edge.png,4.09,3.710878,0.0026426464319229
684,/tmp/DataSetCombined/Edges/Round-10_0196403_edge.png,11.56,10.605551,0.0026426464319229
685,/tmp/DataSetCombined/Edges/Round-8_0055130_edge.png,14.89,14.954131,0.0026426464319229
686,/tmp/DataSetCombined/Edges/Round-7_0028418_edge.png,2.38,2.107242,0.0026426464319229
687,/tmp/DataSetCombined/Edges/Round-8_0021889_edge.png,2.67,2.3207936,0.0026426464319229
688,/tmp/DataSetCombined/Edges/Round-2_0099073_edge.png,64.0,62.913567,0.0026426464319229
689,/tmp/DataSetCombined/Edges/Round-2_0084716_edge.png,64.81,63.342403,0.0026426464319229
690,/tmp/DataSetCombined/Edges/Round-8_0027686_edge.png,65.25,63.25509,0.0026426464319229
691,/tmp/DataSetCombined/Edges/Round-9_0160374_edge.png,3.22,3.0070276,0.0026426464319229
692,/tmp/DataSetCombined/Edges/Round-9_0053551_edge.png,3.4,3.1349616,0.0026426464319229
693,/tmp/DataSetCombined/Edges/Round-9_0021555_edge.png,6.12,5.8399286,0.0026426464319229
694,/tmp/DataSetCombined/Edges/Round-5_0073510_edge.png,49.14,48.4169,0.0026426464319229
695,/tmp/DataSetCombined/Edges/Round-7_0051083_edge.png,63.77,62.511585,0.0026426464319229
696,/tmp/DataSetCombined/Edges/Round-10_0163926_edge.png,60.88,60.373287,0.0026426464319229
697,/tmp/DataSetCombined/Edges/Round-7_0125278_edge.png,5.17,4.8988276,0.0026426464319229
698,/tmp/DataSetCombined/Edges/Round-6_0043044_edge.png,3.51,3.3585424,0.0026426464319229
699,/tmp/DataSetCombined/Edges/Round-10_0074770_edge.png,4.47,3.958022,0.0026426464319229
700,/tmp/DataSetCombined/Edges/Round-4_0080489_edge.png,58.95,59.713535,0.0026426464319229
701,/tmp/DataSetCombined/Edges/Round-4_0059601_edge.png,3.22,2.9944344,0.0026426464319229
702,/tmp/DataSetCombined/Edges/Round-5_0031732_edge.png,64.14,62.2044,0.0026426464319229
703,/tmp/DataSetCombined/Edges/Round-1_0103698_edge.png,5.4,5.136803,0.0026426464319229
704,/tmp/DataSetCombined/Edges/Round-10_0120552_edge.png,61.25,60.936523,0.0024302378296852
705,/tmp/DataSetCombined/Edges/Round-8_0073829_edge.png,6.2,5.898355,0.0024302378296852
706,/tmp/DataSetCombined/Edges/Round-10_0096712_edge.png,6.99,6.4950047,0.0024302378296852
707,/tmp/DataSetCombined/Edges/Round-1_0004549_edge.png,61.96,61.946434,0.0024302378296852
708,/tmp/DataSetCombined/Edges/Round-8_0030181_edge.png,2.62,2.4785028,0.0024302378296852
709,/tmp/DataSetCombined/Edges/Round-5_0019060_edge.png,60.29,60.42911,0.0024302378296852
710,/tmp/DataSetCombined/Edges/Round-1_0155168_edge.png,42.44,41.378044,0.0024302378296852
711,/tmp/DataSetCombined/Edges/Round-8_0076387_edge.png,6.2,5.7645855,0.0024302378296852
712,/tmp/DataSetCombined/Edges/Round-9_0099543_edge.png,30.25,29.94034,0.0024302378296852
713,/tmp/DataSetCombined/Edges/Round-8_0017915_edge.png,7.1,6.5109873,0.0024302378296852
714,/tmp/DataSetCombined/Edges/Round-9_0050962_edge.png,5.45,5.2587795,0.0024302378296852
715,/tmp/DataSetCombined/Edges/Round-10_0100626_edge.png,6.92,6.3923264,0.0024302378296852
716,/tmp/DataSetCombined/Edges/Round-7_0124646_edge.png,64.13,62.031536,0.0024302378296852
717,/tmp/DataSetCombined/Edges/Round-10_0045182_edge.png,63.5,63.035755,0.0024302378296852
718,/tmp/DataSetCombined/Edges/Round-1_0048434_edge.png,7.98,7.449712,0.0024302378296852
719,/tmp/DataSetCombined/Edges/Round-9_0033264_edge.png,65.25,63.458786,0.0024302378296852
720,/tmp/DataSetCombined/Edges/Round-9_0011623_edge.png,7.83,7.2479706,0.0024302378296852
721,/tmp/DataSetCombined/Edges/Round-5_0091720_edge.png,3.31,3.189989,0.0024302378296852
722,/tmp/DataSetCombined/Edges/Round-1_0165823_edge.png,64.55,62.453884,0.0024302378296852
723,/tmp/DataSetCombined/Edges/Round-8_0005758_edge.png,10.18,9.372022,0.0024302378296852
724,/tmp/DataSetCombined/Edges/Round-1_0004940_edge.png,7.19,6.6885815,0.0024302378296852
725,/tmp/DataSetCombined/Edges/Round-3_0053634_edge.png,38.49,37.749287,0.0024302378296852
726,/tmp/DataSetCombined/Edges/Round-2_0053683_edge.png,8.65,8.004763,0.0024302378296852
727,/tmp/DataSetCombined/Edges/Round-8_0010710_edge.png,5.87,5.509098,0.0024302378296852
728,/tmp/DataSetCombined/Edges/Round-2_0093926_edge.png,12.0,11.083389,0.0024302378296852
729,/tmp/DataSetCombined/Edges/Round-8_0047793_edge.png,53.12,51.70889,0.0024302378296852
730,/tmp/DataSetCombined/Edges/Round-10_0098278_edge.png,56.56,55.19168,0.0024302378296852
731,/tmp/DataSetCombined/Edges/Round-8_0059953_edge.png,7.67,7.1067877,0.0024302378296852
732,/tmp/DataSetCombined/Edges/Round-8_0025440_edge.png,63.16,62.49527,0.0024302378296852
733,/tmp/DataSetCombined/Edges/Round-8_0044374_edge.png,41.22,41.063297,0.0024302378296852
734,/tmp/DataSetCombined/Edges/Round-2_0072375_edge.png,31.67,31.958908,0.0024302378296852
735,/tmp/DataSetCombined/Edges/Round-1_0140667_edge.png,4.97,4.5525026,0.0024302378296852
736,/tmp/DataSetCombined/Edges/Round-10_0050510_edge.png,26.81,27.265722,0.0024302378296852
737,/tmp/DataSetCombined/Edges/Round-10_0188216_edge.png,51.51,51.40265,0.0024302378296852
738,/tmp/DataSetCombined/Edges/Round-8_0042146_edge.png,4.57,4.167157,0.0024302378296852
739,/tmp/DataSetCombined/Edges/Round-5_0046232_edge.png,4.3,3.8533397,0.0024302378296852
740,/tmp/DataSetCombined/Edges/Round-10_0138852_edge.png,60.6,60.025196,0.0024302378296852
741,/tmp/DataSetCombined/Edges/Round-10_0172443_edge.png,5.46,5.258012,0.0024302378296852
742,/tmp/DataSetCombined/Edges/Round-6_0021794_edge.png,6.23,5.9704456,0.0024302378296852
743,/tmp/DataSetCombined/Edges/Round-1_0002667_edge.png,50.81,49.55956,0.0024302378296852
744,/tmp/DataSetCombined/Edges/Round-3_0026367_edge.png,60.8,60.80369,0.0024302378296852
745,/tmp/DataSetCombined/Edges/Round-4_0042188_edge.png,61.5,60.787884,0.0024302378296852
746,/tmp/DataSetCombined/Edges/Round-10_0068810_edge.png,9.91,9.356284,0.0024302378296852
747,/tmp/DataSetCombined/Edges/Round-7_0074230_edge.png,8.53,7.9267435,0.0024302378296852
748,/tmp/DataSetCombined/Edges/Round-5_0055270_edge.png,63.99,62.623554,0.0024302378296852
749,/tmp/DataSetCombined/Edges/Round-10_0191707_edge.png,64.35,62.408047,0.0024302378296852
750,/tmp/DataSetCombined/Edges/Round-1_0019300_edge.png,62.18,61.66773,0.0024302378296852
751,/tmp/DataSetCombined/Edges/Round-7_0019719_edge.png,2.72,2.522139,0.0024302378296852
752,/tmp/DataSetCombined/Edges/Round-10_0020380_edge.png,5.84,5.3594036,0.0024302378296852
753,/tmp/DataSetCombined/Edges/Round-8_0068182_edge.png,7.79,7.168689,0.0024302378296852
754,/tmp/DataSetCombined/Edges/Round-8_0062644_edge.png,56.77,56.882133,0.0024302378296852
755,/tmp/DataSetCombined/Edges/Round-8_0012317_edge.png,63.1,61.11225,0.0024302378296852
756,/tmp/DataSetCombined/Edges/Round-1_0039967_edge.png,63.88,62.302845,0.0024302378296852
757,/tmp/DataSetCombined/Edges/Round-1_0083802_edge.png,56.63,55.188984,0.0024302378296852
758,/tmp/DataSetCombined/Edges/Round-9_0194447_edge.png,5.17,4.821669,0.0024302378296852
759,/tmp/DataSetCombined/Edges/Round-8_0073239_edge.png,5.73,5.457694,0.0024302378296852
760,/tmp/DataSetCombined/Edges/Round-2_0082850_edge.png,56.93,56.26336,0.0024302378296852
761,/tmp/DataSetCombined/Edges/Round-4_0015805_edge.png,57.73,57.25815,0.0024302378296852
762,/tmp/DataSetCombined/Edges/Round-5_0096897_edge.png,29.44,29.395247,0.0024302378296852
763,/tmp/DataSetCombined/Edges/Round-3_0015924_edge.png,43.04,42.67232,0.0024302378296852
764,/tmp/DataSetCombined/Edges/Round-6_0057523_edge.png,58.39,57.95611,0.0024302378296852
765,/tmp/DataSetCombined/Edges/Round-8_0040388_edge.png,7.4,6.912715,0.0024302378296852
766,/tmp/DataSetCombined/Edges/Round-7_0016739_edge.png,62.89,60.80089,0.0024302378296852
767,/tmp/DataSetCombined/Edges/Round-6_0111703_edge.png,28.07,28.594343,0.0024302378296852
768,/tmp/DataSetCombined/Edges/Round-1_0141533_edge.png,8.04,7.403328,0.0025317147374153
769,/tmp/DataSetCombined/Edges/Round-4_0020110_edge.png,11.91,10.972015,0.0025317147374153
770,/tmp/DataSetCombined/Edges/Round-9_0094095_edge.png,62.2,59.948414,0.0025317147374153
771,/tmp/DataSetCombined/Edges/Round-8_0032713_edge.png,53.55,51.655117,0.0025317147374153
772,/tmp/DataSetCombined/Edges/Round-1_0147342_edge.png,13.45,12.944103,0.0025317147374153
773,/tmp/DataSetCombined/Edges/Round-1_0045767_edge.png,3.26,3.0156116,0.0025317147374153
774,/tmp/DataSetCombined/Edges/Round-5_0023003_edge.png,63.73,63.041695,0.0025317147374153
775,/tmp/DataSetCombined/Edges/Round-8_0066888_edge.png,3.12,2.7871184,0.0025317147374153
776,/tmp/DataSetCombined/Edges/Round-9_0019508_edge.png,16.44,16.70733,0.0025317147374153
777,/tmp/DataSetCombined/Edges/Round-10_0057403_edge.png,61.91,61.494022,0.0025317147374153
778,/tmp/DataSetCombined/Edges/Round-10_0019146_edge.png,5.15,4.640033,0.0025317147374153
779,/tmp/DataSetCombined/Edges/Round-9_0051685_edge.png,12.17,11.244614,0.0025317147374153
780,/tmp/DataSetCombined/Edges/Round-3_0032981_edge.png,64.31,62.551357,0.0025317147374153
781,/tmp/DataSetCombined/Edges/Round-9_0024316_edge.png,64.34,62.155262,0.0025317147374153
782,/tmp/DataSetCombined/Edges/Round-1_0029201_edge.png,45.34,43.756817,0.0025317147374153
783,/tmp/DataSetCombined/Edges/Round-9_0075644_edge.png,33.27,33.137188,0.0025317147374153
784,/tmp/DataSetCombined/Edges/Round-8_0017392_edge.png,11.04,10.370106,0.0025317147374153
785,/tmp/DataSetCombined/Edges/Round-1_0048667_edge.png,62.79,60.69083,0.0025317147374153
786,/tmp/DataSetCombined/Edges/Round-7_0004368_edge.png,56.74,56.74059,0.0025317147374153
787,/tmp/DataSetCombined/Edges/Round-3_0060321_edge.png,7.27,6.86528,0.0025317147374153
788,/tmp/DataSetCombined/Edges/Round-10_0008069_edge.png,63.61,62.93323,0.0025317147374153
789,/tmp/DataSetCombined/Edges/Round-6_0113177_edge.png,3.39,3.2383065,0.0025317147374153
790,/tmp/DataSetCombined/Edges/Round-8_0043398_edge.png,51.05,50.66912,0.0025317147374153
791,/tmp/DataSetCombined/Edges/Round-9_0171512_edge.png,35.18,34.521442,0.0025317147374153
792,/tmp/DataSetCombined/Edges/Round-4_0085968_edge.png,4.1,3.76405,0.0025317147374153
793,/tmp/DataSetCombined/Edges/Round-10_0083800_edge.png,4.46,4.0158243,0.0025317147374153
794,/tmp/DataSetCombined/Edges/Round-10_0106826_edge.png,4.09,3.739379,0.0025317147374153
795,/tmp/DataSetCombined/Edges/Round-5_0080524_edge.png,9.74,9.322715,0.0025317147374153
796,/tmp/DataSetCombined/Edges/Round-10_0171330_edge.png,27.81,26.847424,0.0025317147374153
797,/tmp/DataSetCombined/Edges/Round-10_0184302_edge.png,64.13,62.73117,0.0025317147374153
798,/tmp/DataSetCombined/Edges/Round-6_0113749_edge.png,7.94,7.3985786,0.0025317147374153
799,/tmp/DataSetCombined/Edges/Round-7_0098490_edge.png,58.15,57.95254,0.0025317147374153
800,/tmp/DataSetCombined/Edges/Round-1_0103728_edge.png,3.22,2.9856343,0.0025317147374153
801,/tmp/DataSetCombined/Edges/Round-10_0098971_edge.png,3.31,3.0988436,0.0025317147374153
802,/tmp/DataSetCombined/Edges/Round-3_0011620_edge.png,65.12,63.312748,0.0025317147374153
803,/tmp/DataSetCombined/Edges/Round-8_0039351_edge.png,2.98,2.6260715,0.0025317147374153
804,/tmp/DataSetCombined/Edges/Round-5_0092533_edge.png,3.29,3.0852165,0.0025317147374153
805,/tmp/DataSetCombined/Edges/Round-4_0063634_edge.png,3.54,3.298098,0.0025317147374153
806,/tmp/DataSetCombined/Edges/Round-1_0091057_edge.png,55.23,54.569668,0.0025317147374153
807,/tmp/DataSetCombined/Edges/Round-9_0096653_edge.png,3.51,3.2975974,0.0025317147374153
808,/tmp/DataSetCombined/Edges/Round-2_0068500_edge.png,63.83,62.09313,0.0025317147374153
809,/tmp/DataSetCombined/Edges/Round-10_0156912_edge.png,65.21,63.388367,0.0025317147374153
810,/tmp/DataSetCombined/Edges/Round-9_0045906_edge.png,64.08,62.271797,0.0025317147374153
811,/tmp/DataSetCombined/Edges/Round-8_0022491_edge.png,35.04,34.480885,0.0025317147374153
812,/tmp/DataSetCombined/Edges/Round-4_0077334_edge.png,64.08,61.917664,0.0025317147374153
813,/tmp/DataSetCombined/Edges/Round-2_0074834_edge.png,24.06,24.173548,0.0025317147374153
814,/tmp/DataSetCombined/Edges/Round-7_0136385_edge.png,7.58,7.027407,0.0025317147374153
815,/tmp/DataSetCombined/Edges/Round-6_0064024_edge.png,12.14,11.291916,0.0025317147374153
816,/tmp/DataSetCombined/Edges/Round-4_0012344_edge.png,25.9,26.201662,0.0025317147374153
817,/tmp/DataSetCombined/Edges/Round-10_0002546_edge.png,5.42,5.2731733,0.0025317147374153
818,/tmp/DataSetCombined/Edges/Round-5_0066076_edge.png,53.52,52.386364,0.0025317147374153
819,/tmp/DataSetCombined/Edges/Round-5_0083310_edge.png,3.36,3.2189293,0.0025317147374153
820,/tmp/DataSetCombined/Edges/Round-5_0065021_edge.png,35.15,34.58025,0.0025317147374153
821,/tmp/DataSetCombined/Edges/Round-9_0126723_edge.png,63.69,63.028046,0.0025317147374153
822,/tmp/DataSetCombined/Edges/Round-8_0068874_edge.png,4.59,4.0788584,0.0025317147374153
823,/tmp/DataSetCombined/Edges/Round-8_0047083_edge.png,47.22,47.167995,0.0025317147374153
824,/tmp/DataSetCombined/Edges/Round-1_0163596_edge.png,5.39,5.140449,0.0025317147374153
825,/tmp/DataSetCombined/Edges/Round-10_0047199_edge.png,39.17,38.341053,0.0025317147374153
826,/tmp/DataSetCombined/Edges/Round-4_0011682_edge.png,3.49,3.3737721,0.0025317147374153
827,/tmp/DataSetCombined/Edges/Round-1_0121943_edge.png,52.88,52.037632,0.0025317147374153
828,/tmp/DataSetCombined/Edges/Round-5_0073299_edge.png,9.25,8.412529,0.0025317147374153
829,/tmp/DataSetCombined/Edges/Round-3_0063602_edge.png,5.76,5.4871025,0.0025317147374153
830,/tmp/DataSetCombined/Edges/Round-1_0119379_edge.png,5.3,4.907603,0.0025317147374153
831,/tmp/DataSetCombined/Edges/Round-1_0155410_edge.png,5.61,5.281805,0.0025317147374153
832,/tmp/DataSetCombined/Edges/Round-7_0068932_edge.png,3.45,3.234611,0.002570018172264
833,/tmp/DataSetCombined/Edges/Round-4_0077239_edge.png,9.82,9.083662,0.002570018172264
834,/tmp/DataSetCombined/Edges/Round-9_0105834_edge.png,64.13,62.246304,0.002570018172264
835,/tmp/DataSetCombined/Edges/Round-9_0130555_edge.png,57.72,56.976074,0.002570018172264
836,/tmp/DataSetCombined/Edges/Round-3_0026934_edge.png,6.44,6.0380564,0.002570018172264
837,/tmp/DataSetCombined/Edges/Round-7_0014692_edge.png,6.59,6.234171,0.002570018172264
838,/tmp/DataSetCombined/Edges/Round-6_0129770_edge.png,9.56,9.010597,0.002570018172264
839,/tmp/DataSetCombined/Edges/Round-3_0045267_edge.png,4.35,3.9739509,0.002570018172264
840,/tmp/DataSetCombined/Edges/Round-7_0082085_edge.png,5.58,5.201828,0.002570018172264
841,/tmp/DataSetCombined/Edges/Round-2_0053231_edge.png,63.25,61.583797,0.002570018172264
842,/tmp/DataSetCombined/Edges/Round-2_0109488_edge.png,63.74,62.50056,0.002570018172264
843,/tmp/DataSetCombined/Edges/Round-10_0054844_edge.png,64.81,62.643288,0.002570018172264
844,/tmp/DataSetCombined/Edges/Round-10_0184995_edge.png,5.27,4.8143625,0.002570018172264
845,/tmp/DataSetCombined/Edges/Round-1_0101320_edge.png,65.18,63.9501,0.002570018172264
846,/tmp/DataSetCombined/Edges/Round-5_0126395_edge.png,6.74,6.2707167,0.002570018172264
847,/tmp/DataSetCombined/Edges/Round-8_0075635_edge.png,2.69,2.492111,0.002570018172264
848,/tmp/DataSetCombined/Edges/Round-1_0154716_edge.png,65.1,63.42049,0.002570018172264
849,/tmp/DataSetCombined/Edges/Round-7_0017070_edge.png,65.29,63.36074,0.002570018172264
850,/tmp/DataSetCombined/Edges/Round-7_0033980_edge.png,57.43,56.859848,0.002570018172264
851,/tmp/DataSetCombined/Edges/Round-1_0069134_edge.png,51.81,52.16035,0.002570018172264
852,/tmp/DataSetCombined/Edges/Round-8_0066346_edge.png,5.83,5.4727945,0.002570018172264
853,/tmp/DataSetCombined/Edges/Round-7_0006987_edge.png,10.91,10.087561,0.002570018172264
854,/tmp/DataSetCombined/Edges/Round-7_0085757_edge.png,65.48,63.34831,0.002570018172264
855,/tmp/DataSetCombined/Edges/Round-7_0061738_edge.png,55.72,55.83021,0.002570018172264
856,/tmp/DataSetCombined/Edges/Round-1_0147883_edge.png,3.76,3.4577217,0.002570018172264
857,/tmp/DataSetCombined/Edges/Round-10_0022638_edge.png,64.17,62.364094,0.002570018172264
858,/tmp/DataSetCombined/Edges/Round-7_0086209_edge.png,54.47,54.26432,0.002570018172264
859,/tmp/DataSetCombined/Edges/Round-9_0189631_edge.png,61.91,60.929462,0.002570018172264
860,/tmp/DataSetCombined/Edges/Round-5_0103549_edge.png,2.73,2.5033998,0.002570018172264
861,/tmp/DataSetCombined/Edges/Round-8_0014111_edge.png,36.08,36.139973,0.002570018172264
862,/tmp/DataSetCombined/Edges/Round-6_0129822_edge.png,65.23,62.86272,0.002570018172264
863,/tmp/DataSetCombined/Edges/Round-10_0164196_edge.png,63.8,62.560986,0.002570018172264
864,/tmp/DataSetCombined/Edges/Round-10_0120702_edge.png,4.18,3.7697258,0.002570018172264
865,/tmp/DataSetCombined/Edges/Round-4_0005963_edge.png,51.4,51.247982,0.002570018172264
866,/tmp/DataSetCombined/Edges/Round-9_0092831_edge.png,64.46,62.451035,0.002570018172264
867,/tmp/DataSetCombined/Edges/Round-5_0076972_edge.png,4.06,3.7736278,0.002570018172264
868,/tmp/DataSetCombined/Edges/Round-9_0116610_edge.png,64.27,62.274128,0.002570018172264
869,/tmp/DataSetCombined/Edges/Round-8_0027596_edge.png,3.03,2.755876,0.002570018172264
870,/tmp/DataSetCombined/Edges/Round-9_0194056_edge.png,3.44,3.274485,0.002570018172264
871,/tmp/DataSetCombined/Edges/Round-9_0194026_edge.png,2.89,2.400207,0.002570018172264
872,/tmp/DataSetCombined/Edges/Round-5_0003819_edge.png,54.55,53.916622,0.002570018172264
873,/tmp/DataSetCombined/Edges/Round-7_0102583_edge.png,3.08,2.7601128,0.002570018172264
874,/tmp/DataSetCombined/Edges/Round-10_0050088_edge.png,64.05,62.45268,0.002570018172264
875,/tmp/DataSetCombined/Edges/Round-4_0036514_edge.png,28.52,29.266724,0.002570018172264
876,/tmp/DataSetCombined/Edges/Round-1_0171090_edge.png,29.5,29.695478,0.002570018172264
877,/tmp/DataSetCombined/Edges/Round-5_0062222_edge.png,60.15,61.2979,0.002570018172264
878,/tmp/DataSetCombined/Edges/Round-1_0038134_edge.png,65.24,62.920044,0.002570018172264
879,/tmp/DataSetCombined/Edges/Round-8_0010120_edge.png,13.88,13.391379,0.002570018172264
880,/tmp/DataSetCombined/Edges/Round-1_0070742_edge.png,2.94,2.6167083,0.002570018172264
881,/tmp/DataSetCombined/Edges/Round-8_0014714_edge.png,6.9,6.407361,0.002570018172264
882,/tmp/DataSetCombined/Edges/Round-9_0085758_edge.png,65.33,63.221096,0.002570018172264
883,/tmp/DataSetCombined/Edges/Round-9_0138462_edge.png,13.22,12.537865,0.002570018172264
884,/tmp/DataSetCombined/Edges/Round-10_0072151_edge.png,64.21,62.43017,0.002570018172264
885,/tmp/DataSetCombined/Edges/Round-6_0013457_edge.png,64.23,62.00478,0.002570018172264
886,/tmp/DataSetCombined/Edges/Round-9_0009997_edge.png,7.09,6.7066455,0.002570018172264
887,/tmp/DataSetCombined/Edges/Round-6_0044218_edge.png,6.01,5.7520638,0.002570018172264
888,/tmp/DataSetCombined/Edges/Round-7_0079256_edge.png,53.81,53.046757,0.002570018172264
889,/tmp/DataSetCombined/Edges/Round-7_0028448_edge.png,16.44,16.779684,0.002570018172264
890,/tmp/DataSetCombined/Edges/Round-6_0058666_edge.png,63.92,62.874794,0.002570018172264
891,/tmp/DataSetCombined/Edges/Round-9_0033203_edge.png,7.62,6.9983435,0.002570018172264
892,/tmp/DataSetCombined/Edges/Round-8_0057936_edge.png,43.42,42.90997,0.002570018172264
893,/tmp/DataSetCombined/Edges/Round-9_0158930_edge.png,5.38,5.0459146,0.002570018172264
894,/tmp/DataSetCombined/Edges/Round-4_0043256_edge.png,5.88,5.530477,0.002570018172264
895,/tmp/DataSetCombined/Edges/Round-5_0018669_edge.png,58.65,57.931095,0.002570018172264
896,/tmp/DataSetCombined/Edges/Round-6_0086388_edge.png,28.0,28.12438,0.0024837926030158
897,/tmp/DataSetCombined/Edges/Round-8_0036909_edge.png,64.25,62.102325,0.0024837926030158
898,/tmp/DataSetCombined/Edges/Round-1_0099243_edge.png,3.75,3.4600353,0.0024837926030158
899,/tmp/DataSetCombined/Edges/Round-3_0034105_edge.png,3.73,3.4270105,0.0024837926030158
900,/tmp/DataSetCombined/Edges/Round-10_0092409_edge.png,48.97,49.485188,0.0024837926030158
901,/tmp/DataSetCombined/Edges/Round-5_0047022_edge.png,5.27,4.7974796,0.0024837926030158
902,/tmp/DataSetCombined/Edges/Round-4_0071797_edge.png,2.51,2.2375042,0.0024837926030158
903,/tmp/DataSetCombined/Edges/Round-10_0157875_edge.png,65.3,63.356995,0.0024837926030158
904,/tmp/DataSetCombined/Edges/Round-9_0009816_edge.png,3.58,3.369554,0.0024837926030158
905,/tmp/DataSetCombined/Edges/Round-6_0050178_edge.png,5.48,5.3569,0.0024837926030158
906,/tmp/DataSetCombined/Edges/Round-3_0063753_edge.png,12.66,11.850979,0.0024837926030158
907,/tmp/DataSetCombined/Edges/Round-8_0040943_edge.png,5.19,4.9067826,0.0024837926030158
908,/tmp/DataSetCombined/Edges/Round-8_0051717_edge.png,7.72,7.251578,0.0024837926030158
909,/tmp/DataSetCombined/Edges/Round-9_0090694_edge.png,2.77,2.3327222,0.0024837926030158
910,/tmp/DataSetCombined/Edges/Round-1_0067134_edge.png,6.97,6.4787,0.0024837926030158
911,/tmp/DataSetCombined/Edges/Round-5_0009458_edge.png,6.32,5.971608,0.0024837926030158
912,/tmp/DataSetCombined/Edges/Round-1_0118422_edge.png,18.59,19.023775,0.0024837926030158
913,/tmp/DataSetCombined/Edges/Round-4_0040547_edge.png,4.7,4.1684494,0.0024837926030158
914,/tmp/DataSetCombined/Edges/Round-6_0028687_edge.png,3.88,3.5945964,0.0024837926030158
915,/tmp/DataSetCombined/Edges/Round-9_0181956_edge.png,25.72,25.750605,0.0024837926030158
916,/tmp/DataSetCombined/Edges/Round-3_0086267_edge.png,61.54,61.917507,0.0024837926030158
917,/tmp/DataSetCombined/Edges/Round-2_0096063_edge.png,23.9,23.947247,0.0024837926030158
918,/tmp/DataSetCombined/Edges/Round-10_0125006_edge.png,5.04,4.6258135,0.0024837926030158
919,/tmp/DataSetCombined/Edges/Round-8_0030979_edge.png,54.2,53.579308,0.0024837926030158
920,/tmp/DataSetCombined/Edges/Round-7_0067577_edge.png,10.05,9.47413,0.0024837926030158
921,/tmp/DataSetCombined/Edges/Round-10_0125428_edge.png,3.83,3.530521,0.0024837926030158
922,/tmp/DataSetCombined/Edges/Round-5_0063046_edge.png,64.98,62.828945,0.0024837926030158
923,/tmp/DataSetCombined/Edges/Round-7_0066704_edge.png,63.98,62.346413,0.0024837926030158
924,/tmp/DataSetCombined/Edges/Round-6_0005970_edge.png,60.72,60.66403,0.0024837926030158
925,/tmp/DataSetCombined/Edges/Round-1_0154054_edge.png,4.32,3.907292,0.0024837926030158
926,/tmp/DataSetCombined/Edges/Round-10_0109776_edge.png,4.97,4.5755177,0.0024837926030158
927,/tmp/DataSetCombined/Edges/Round-10_0097345_edge.png,63.68,62.704296,0.0024837926030158
928,/tmp/DataSetCombined/Edges/Round-1_0053551_edge.png,49.04,48.29128,0.0024837926030158
929,/tmp/DataSetCombined/Edges/Round-10_0193393_edge.png,10.27,9.747664,0.0024837926030158
930,/tmp/DataSetCombined/Edges/Round-7_0118897_edge.png,64.03,63.048687,0.0024837926030158
931,/tmp/DataSetCombined/Edges/Round-3_0009062_edge.png,3.31,3.0914655,0.0024837926030158
932,/tmp/DataSetCombined/Edges/Round-6_0090090_edge.png,64.4,62.462406,0.0024837926030158
933,/tmp/DataSetCombined/Edges/Round-5_0046781_edge.png,11.02,10.524357,0.0024837926030158
934,/tmp/DataSetCombined/Edges/Round-1_0144543_edge.png,57.63,56.89907,0.0024837926030158
935,/tmp/DataSetCombined/Edges/Round-10_0193844_edge.png,28.76,29.148857,0.0024837926030158
936,/tmp/DataSetCombined/Edges/Round-6_0084131_edge.png,6.48,6.140612,0.0024837926030158
937,/tmp/DataSetCombined/Edges/Round-8_0072745_edge.png,5.26,4.8428526,0.0024837926030158
938,/tmp/DataSetCombined/Edges/Round-10_0008340_edge.png,60.5,60.261803,0.0024837926030158
939,/tmp/DataSetCombined/Edges/Round-10_0019176_edge.png,20.17,20.172173,0.0024837926030158
940,/tmp/DataSetCombined/Edges/Round-1_0100086_edge.png,56.21,54.061153,0.0024837926030158
941,/tmp/DataSetCombined/Edges/Round-1_0096173_edge.png,5.27,4.8857374,0.0024837926030158
942,/tmp/DataSetCombined/Edges/Round-4_0046326_edge.png,63.53,60.552677,0.0024837926030158
943,/tmp/DataSetCombined/Edges/Round-2_0058500_edge.png,6.2,5.846229,0.0024837926030158
944,/tmp/DataSetCombined/Edges/Round-10_0112063_edge.png,10.56,9.245651,0.0024837926030158
945,/tmp/DataSetCombined/Edges/Round-3_0073836_edge.png,9.38,8.72876,0.0024837926030158
946,/tmp/DataSetCombined/Edges/Round-2_0076107_edge.png,65.04,63.43753,0.0024837926030158
947,/tmp/DataSetCombined/Edges/Round-7_0010237_edge.png,2.68,2.3121014,0.0024837926030158
948,/tmp/DataSetCombined/Edges/Round-6_0035489_edge.png,4.2,3.8135176,0.0024837926030158
949,/tmp/DataSetCombined/Edges/Round-8_0011685_edge.png,64.57,62.403675,0.0024837926030158
950,/tmp/DataSetCombined/Edges/Round-10_0008822_edge.png,10.87,10.096058,0.0024837926030158
951,/tmp/DataSetCombined/Edges/Round-10_0097766_edge.png,38.95,38.876865,0.0024837926030158
952,/tmp/DataSetCombined/Edges/Round-10_0122538_edge.png,4.78,4.257516,0.0024837926030158
953,/tmp/DataSetCombined/Edges/Round-7_0102403_edge.png,4.13,3.8017526,0.0024837926030158
954,/tmp/DataSetCombined/Edges/Round-8_0017765_edge.png,4.8,4.288722,0.0024837926030158
955,/tmp/DataSetCombined/Edges/Round-9_0197758_edge.png,32.17,31.566948,0.0024837926030158
956,/tmp/DataSetCombined/Edges/Round-2_0010800_edge.png,4.74,4.3220496,0.0024837926030158
957,/tmp/DataSetCombined/Edges/Round-1_0106497_edge.png,65.32,63.532635,0.0024837926030158
958,/tmp/DataSetCombined/Edges/Round-1_0020300_edge.png,65.21,63.37444,0.0024837926030158
959,/tmp/DataSetCombined/Edges/Round-10_0061225_edge.png,5.9,5.7263355,0.0024837926030158
960,/tmp/DataSetCombined/Edges/Round-10_0058065_edge.png,63.86,62.763737,0.0026127323508262
961,/tmp/DataSetCombined/Edges/Round-2_0072856_edge.png,54.83,53.26308,0.0026127323508262
962,/tmp/DataSetCombined/Edges/Round-10_0010387_edge.png,6.07,5.780239,0.0026127323508262
963,/tmp/DataSetCombined/Edges/Round-7_0090543_edge.png,4.05,3.71595,0.0026127323508262
964,/tmp/DataSetCombined/Edges/Round-10_0033233_edge.png,40.25,40.466045,0.0026127323508262
965,/tmp/DataSetCombined/Edges/Round-9_0003194_edge.png,65.25,63.439865,0.0026127323508262
966,/tmp/DataSetCombined/Edges/Round-8_0050893_edge.png,64.36,62.402615,0.0026127323508262
967,/tmp/DataSetCombined/Edges/Round-4_0039073_edge.png,4.68,4.269698,0.0026127323508262
968,/tmp/DataSetCombined/Edges/Round-10_0139454_edge.png,64.73,62.605278,0.0026127323508262
969,/tmp/DataSetCombined/Edges/Round-3_0030767_edge.png,4.74,4.3442836,0.0026127323508262
970,/tmp/DataSetCombined/Edges/Round-8_0066466_edge.png,64.86,62.39739,0.0026127323508262
971,/tmp/DataSetCombined/Edges/Round-7_0007620_edge.png,3.34,3.0889492,0.0026127323508262
972,/tmp/DataSetCombined/Edges/Round-8_0053061_edge.png,36.12,35.48161,0.0026127323508262
973,/tmp/DataSetCombined/Edges/Round-5_0016080_edge.png,5.13,4.63468,0.0026127323508262
974,/tmp/DataSetCombined/Edges/Round-3_0036700_edge.png,59.88,59.967777,0.0026127323508262
975,/tmp/DataSetCombined/Edges/Round-4_0047049_edge.png,3.3,3.155048,0.0026127323508262
976,/tmp/DataSetCombined/Edges/Round-8_0056281_edge.png,64.01,61.392086,0.0026127323508262
977,/tmp/DataSetCombined/Edges/Round-3_0085364_edge.png,29.47,29.936823,0.0026127323508262
978,/tmp/DataSetCombined/Edges/Round-7_0060925_edge.png,7.96,7.298874,0.0026127323508262
979,/tmp/DataSetCombined/Edges/Round-5_0030196_edge.png,3.31,3.1038094,0.0026127323508262
980,/tmp/DataSetCombined/Edges/Round-6_0063392_edge.png,49.93,48.80807,0.0026127323508262
981,/tmp/DataSetCombined/Edges/Round-5_0035765_edge.png,3.33,3.1434646,0.0026127323508262
982,/tmp/DataSetCombined/Edges/Round-9_0167628_edge.png,65.29,63.187057,0.0026127323508262
983,/tmp/DataSetCombined/Edges/Round-6_0100264_edge.png,64.96,62.60214,0.0026127323508262
984,/tmp/DataSetCombined/Edges/Round-3_0048101_edge.png,5.89,5.7048635,0.0026127323508262
985,/tmp/DataSetCombined/Edges/Round-10_0178509_edge.png,4.52,4.005768,0.0026127323508262
986,/tmp/DataSetCombined/Edges/Round-5_0041785_edge.png,2.74,2.3993025,0.0026127323508262
987,/tmp/DataSetCombined/Edges/Round-8_0059513_edge.png,43.47,42.85105,0.0026127323508262
988,/tmp/DataSetCombined/Edges/Round-9_0006415_edge.png,28.72,28.473475,0.0026127323508262
989,/tmp/DataSetCombined/Edges/Round-5_0063938_edge.png,8.2,7.569392,0.0026127323508262
990,/tmp/DataSetCombined/Edges/Round-4_0026852_edge.png,65.4,63.24629,0.0026127323508262
991,/tmp/DataSetCombined/Edges/Round-9_0065087_edge.png,9.75,9.0411825,0.0026127323508262
992,/tmp/DataSetCombined/Edges/Round-10_0113870_edge.png,63.3,61.832592,0.0026127323508262
993,/tmp/DataSetCombined/Edges/Round-10_0058305_edge.png,5.61,5.384181,0.0026127323508262
994,/tmp/DataSetCombined/Edges/Round-7_0071159_edge.png,3.68,3.4076786,0.0026127323508262
995,/tmp/DataSetCombined/Edges/Round-9_0002243_edge.png,64.32,62.776115,0.0026127323508262
996,/tmp/DataSetCombined/Edges/Round-6_0000485_edge.png,65.21,63.0212,0.0026127323508262
997,/tmp/DataSetCombined/Edges/Round-10_0137347_edge.png,64.89,62.612904,0.0026127323508262
998,/tmp/DataSetCombined/Edges/Round-5_0039166_edge.png,60.82,59.590073,0.0026127323508262
999,/tmp/DataSetCombined/Edges/Round-5_0082179_edge.png,16.98,17.157911,0.0026127323508262
1000,/tmp/DataSetCombined/Edges/Round-4_0021103_edge.png,21.07,21.276802,0.0026127323508262
1001,/tmp/DataSetCombined/Edges/Round-3_0069683_edge.png,22.66,23.031778,0.0026127323508262
1002,/tmp/DataSetCombined/Edges/Round-4_0012525_edge.png,64.59,63.07893,0.0026127323508262
1003,/tmp/DataSetCombined/Edges/Round-1_0003501_edge.png,8.57,7.8102837,0.0026127323508262
1004,/tmp/DataSetCombined/Edges/Round-8_0059411_edge.png,32.74,31.651045,0.0026127323508262
1005,/tmp/DataSetCombined/Edges/Round-2_0084234_edge.png,61.09,61.257122,0.0026127323508262
1006,/tmp/DataSetCombined/Edges/Round-10_0112997_edge.png,65.18,63.448513,0.0026127323508262
1007,/tmp/DataSetCombined/Edges/Round-4_0082266_edge.png,64.12,62.4,0.0026127323508262
1008,/tmp/DataSetCombined/Edges/Round-2_0099133_edge.png,9.72,9.05886,0.0026127323508262
1009,/tmp/DataSetCombined/Edges/Round-10_0089398_edge.png,8.01,7.416274,0.0026127323508262
1010,/tmp/DataSetCombined/Edges/Round-4_0065048_edge.png,3.16,2.9513855,0.0026127323508262
1011,/tmp/DataSetCombined/Edges/Round-7_0068450_edge.png,60.67,61.212326,0.0026127323508262
1012,/tmp/DataSetCombined/Edges/Round-7_0014301_edge.png,7.56,7.043256,0.0026127323508262
1013,/tmp/DataSetCombined/Edges/Round-1_0074200_edge.png,4.05,3.7612944,0.0026127323508262
1014,/tmp/DataSetCombined/Edges/Round-5_0078929_edge.png,9.14,8.428001,0.0026127323508262
1015,/tmp/DataSetCombined/Edges/Round-10_0072603_edge.png,11.29,10.471359,0.0026127323508262
1016,/tmp/DataSetCombined/Edges/Round-5_0071403_edge.png,46.54,45.921574,0.0026127323508262
1017,/tmp/DataSetCombined/Edges/Round-4_0037206_edge.png,2.73,2.3440118,0.0026127323508262
1018,/tmp/DataSetCombined/Edges/Round-10_0091536_edge.png,61.22,60.04919,0.0026127323508262
1019,/tmp/DataSetCombined/Edges/Round-1_0166003_edge.png,8.72,7.964607,0.0026127323508262
1020,/tmp/DataSetCombined/Edges/Round-6_0010657_edge.png,63.0,61.50871,0.0026127323508262
1021,/tmp/DataSetCombined/Edges/Round-9_0056380_edge.png,5.05,4.58624,0.0026127323508262
1022,/tmp/DataSetCombined/Edges/Round-2_0038400_edge.png,54.01,51.53809,0.0026127323508262
1023,/tmp/DataSetCombined/Edges/Round-8_0024026_edge.png,64.11,59.703964,0.0026127323508262
1024,/tmp/DataSetCombined/Edges/Round-6_0010627_edge.png,65.28,63.09002,0.0031444281339645
1025,/tmp/DataSetCombined/Edges/Round-9_0011743_edge.png,4.08,3.7311769,0.0031444281339645
1026,/tmp/DataSetCombined/Edges/Round-8_0016579_edge.png,3.64,3.3712397,0.0031444281339645
1027,/tmp/DataSetCombined/Edges/Round-9_0089339_edge.png,7.39,6.927035,0.0031444281339645
1028,/tmp/DataSetCombined/Edges/Round-6_0126631_edge.png,32.4,32.052147,0.0031444281339645
1029,/tmp/DataSetCombined/Edges/Round-10_0180661_edge.png,8.47,7.932869,0.0031444281339645
1030,/tmp/DataSetCombined/Edges/Round-3_0046634_edge.png,27.09,27.385187,0.0031444281339645
1031,/tmp/DataSetCombined/Edges/Round-6_0079268_edge.png,13.29,12.335615,0.0031444281339645
1032,/tmp/DataSetCombined/Edges/Round-7_0039163_edge.png,36.15,35.945393,0.0031444281339645
1033,/tmp/DataSetCombined/Edges/Round-8_0023545_edge.png,2.66,2.3544595,0.0031444281339645
1034,/tmp/DataSetCombined/Edges/Round-3_0043526_edge.png,3.25,3.0028267,0.0031444281339645
1035,/tmp/DataSetCombined/Edges/Round-9_0076005_edge.png,8.05,7.4410324,0.0031444281339645
1036,/tmp/DataSetCombined/Edges/Round-7_0058337_edge.png,7.35,6.9262085,0.0031444281339645
1037,/tmp/DataSetCombined/Edges/Round-3_0040064_edge.png,2.92,2.5038767,0.0031444281339645
1038,/tmp/DataSetCombined/Edges/Round-5_0080583_edge.png,65.23,63.67748,0.0031444281339645
1039,/tmp/DataSetCombined/Edges/Round-1_0054534_edge.png,53.94,53.645313,0.0031444281339645
1040,/tmp/DataSetCombined/Edges/Round-6_0114652_edge.png,65.01,62.623363,0.0031444281339645
1041,/tmp/DataSetCombined/Edges/Round-9_0104510_edge.png,7.9,7.3480883,0.0031444281339645
1042,/tmp/DataSetCombined/Edges/Round-7_0003074_edge.png,41.97,40.558594,0.0031444281339645
1043,/tmp/DataSetCombined/Edges/Round-5_0070982_edge.png,54.34,53.586536,0.0031444281339645
1044,/tmp/DataSetCombined/Edges/Round-7_0037839_edge.png,65.25,63.6208,0.0031444281339645
1045,/tmp/DataSetCombined/Edges/Round-6_0130334_edge.png,64.29,62.347763,0.0031444281339645
1046,/tmp/DataSetCombined/Edges/Round-10_0077299_edge.png,5.99,5.7943463,0.0031444281339645
1047,/tmp/DataSetCombined/Edges/Round-8_0013551_edge.png,35.53,34.994793,0.0031444281339645
1048,/tmp/DataSetCombined/Edges/Round-10_0121725_edge.png,6.33,5.985811,0.0031444281339645
1049,/tmp/DataSetCombined/Edges/Round-1_0081544_edge.png,61.78,61.789875,0.0031444281339645
1050,/tmp/DataSetCombined/Edges/Round-4_0087292_edge.png,2.59,2.3120832,0.0031444281339645
1051,/tmp/DataSetCombined/Edges/Round-8_0066617_edge.png,48.03,46.43731,0.0031444281339645
1052,/tmp/DataSetCombined/Edges/Round-10_0007979_edge.png,2.67,2.277699,0.0031444281339645
1053,/tmp/DataSetCombined/Edges/Round-8_0035723_edge.png,6.06,5.670965,0.0031444281339645
1054,/tmp/DataSetCombined/Edges/Round-10_0153029_edge.png,63.86,61.933636,0.0031444281339645
1055,/tmp/DataSetCombined/Edges/Round-1_0085849_edge.png,65.25,63.62035,0.0031444281339645
1056,/tmp/DataSetCombined/Edges/Round-5_0004667_edge.png,63.87,62.609165,0.0031444281339645
1057,/tmp/DataSetCombined/Edges/Round-7_0011923_edge.png,31.44,31.080557,0.0031444281339645
1058,/tmp/DataSetCombined/Edges/Round-6_0023389_edge.png,3.99,3.6690946,0.0031444281339645
1059,/tmp/DataSetCombined/Edges/Round-9_0101560_edge.png,54.6,52.33035,0.0031444281339645
1060,/tmp/DataSetCombined/Edges/Round-10_0133163_edge.png,5.63,5.2803664,0.0031444281339645
1061,/tmp/DataSetCombined/Edges/Round-6_0126240_edge.png,64.2,62.329903,0.0031444281339645
1062,/tmp/DataSetCombined/Edges/Round-5_0068784_edge.png,64.67,63.14734,0.0031444281339645
1063,/tmp/DataSetCombined/Edges/Round-5_0029083_edge.png,3.92,3.5739355,0.0031444281339645
1064,/tmp/DataSetCombined/Edges/Round-9_0085818_edge.png,63.64,62.05073,0.0031444281339645
1065,/tmp/DataSetCombined/Edges/Round-1_0089611_edge.png,58.48,57.25795,0.0031444281339645
1066,/tmp/DataSetCombined/Edges/Round-3_0064385_edge.png,59.52,60.222668,0.0031444281339645
1067,/tmp/DataSetCombined/Edges/Round-3_0033262_edge.png,3.21,2.9272404,0.0031444281339645
1068,/tmp/DataSetCombined/Edges/Round-8_0074822_edge.png,9.36,8.661127,0.0031444281339645
1069,/tmp/DataSetCombined/Edges/Round-9_0070467_edge.png,47.61,47.35494,0.0031444281339645
1070,/tmp/DataSetCombined/Edges/Round-10_0000728_edge.png,8.63,8.001157,0.0031444281339645
1071,/tmp/DataSetCombined/Edges/Round-8_0008765_edge.png,5.3,4.918976,0.0031444281339645
1072,/tmp/DataSetCombined/Edges/Round-2_0055034_edge.png,64.2,62.226112,0.0031444281339645
1073,/tmp/DataSetCombined/Edges/Round-1_0130998_edge.png,56.9,56.13007,0.0031444281339645
1074,/tmp/DataSetCombined/Edges/Round-4_0019658_edge.png,53.75,52.35217,0.0031444281339645
1075,/tmp/DataSetCombined/Edges/Round-6_0005910_edge.png,7.23,6.7377176,0.0031444281339645
1076,/tmp/DataSetCombined/Edges/Round-9_0097979_edge.png,64.08,62.728497,0.0031444281339645
1077,/tmp/DataSetCombined/Edges/Round-8_0018024_edge.png,64.72,62.372868,0.0031444281339645
1078,/tmp/DataSetCombined/Edges/Round-1_0004234_edge.png,64.33,62.84632,0.0031444281339645
1079,/tmp/DataSetCombined/Edges/Round-6_0005516_edge.png,3.7,3.463983,0.0031444281339645
1080,/tmp/DataSetCombined/Edges/Round-4_0030434_edge.png,8.27,7.6216354,0.0031444281339645
1081,/tmp/DataSetCombined/Edges/Round-8_0006947_edge.png,65.33,64.07085,0.0031444281339645
1082,/tmp/DataSetCombined/Edges/Round-8_0024417_edge.png,3.27,2.991519,0.0031444281339645
1083,/tmp/DataSetCombined/Edges/Round-4_0032119_edge.png,6.47,6.083543,0.0031444281339645
1084,/tmp/DataSetCombined/Edges/Round-9_0192461_edge.png,9.93,9.0268135,0.0031444281339645
1085,/tmp/DataSetCombined/Edges/Round-1_0127024_edge.png,9.17,8.341165,0.0031444281339645
1086,/tmp/DataSetCombined/Edges/Round-2_0004800_edge.png,63.13,61.578796,0.0031444281339645
1087,/tmp/DataSetCombined/Edges/Round-8_0037962_edge.png,18.13,18.520224,0.0031444281339645
1088,/tmp/DataSetCombined/Edges/Round-4_0009936_edge.png,3.57,3.3885999,0.0030746422708034
1089,/tmp/DataSetCombined/Edges/Round-10_0180330_edge.png,64.56,62.366856,0.0030746422708034
1090,/tmp/DataSetCombined/Edges/Round-1_0070400_edge.png,54.67,52.479195,0.0030746422708034
1091,/tmp/DataSetCombined/Edges/Round-9_0152070_edge.png,4.93,4.5767336,0.0030746422708034
1092,/tmp/DataSetCombined/Edges/Round-2_0029800_edge.png,64.71,62.62535,0.0030746422708034
1093,/tmp/DataSetCombined/Edges/Round-7_0125429_edge.png,33.61,34.129,0.0030746422708034
1094,/tmp/DataSetCombined/Edges/Round-7_0002592_edge.png,9.54,8.960123,0.0030746422708034
1095,/tmp/DataSetCombined/Edges/Round-6_0086440_edge.png,4.66,4.2496176,0.0030746422708034
1096,/tmp/DataSetCombined/Edges/Round-8_0011824_edge.png,53.23,51.186436,0.0030746422708034
1097,/tmp/DataSetCombined/Edges/Round-4_0080550_edge.png,6.04,5.6946087,0.0030746422708034
1098,/tmp/DataSetCombined/Edges/Round-7_0108091_edge.png,65.06,62.627384,0.0030746422708034
1099,/tmp/DataSetCombined/Edges/Round-10_0179607_edge.png,63.68,62.717846,0.0030746422708034
1100,/tmp/DataSetCombined/Edges/Round-10_0154594_edge.png,2.78,2.5933166,0.0030746422708034
1101,/tmp/DataSetCombined/Edges/Round-8_0053993_edge.png,7.12,6.720365,0.0030746422708034
1102,/tmp/DataSetCombined/Edges/Round-10_0097736_edge.png,64.16,62.350285,0.0030746422708034
1103,/tmp/DataSetCombined/Edges/Round-4_0082627_edge.png,9.31,8.568362,0.0030746422708034
1104,/tmp/DataSetCombined/Edges/Round-3_0035167_edge.png,9.83,9.050768,0.0030746422708034
1105,/tmp/DataSetCombined/Edges/Round-5_0013311_edge.png,50.8,50.702877,0.0030746422708034
1106,/tmp/DataSetCombined/Edges/Round-10_0145504_edge.png,2.49,2.038982,0.0030746422708034
1107,/tmp/DataSetCombined/Edges/Round-1_0053341_edge.png,60.32,59.70915,0.0030746422708034
1108,/tmp/DataSetCombined/Edges/Round-1_0165040_edge.png,42.06,40.63141,0.0030746422708034
1109,/tmp/DataSetCombined/Edges/Round-9_0082326_edge.png,63.88,62.00446,0.0030746422708034
1110,/tmp/DataSetCombined/Edges/Round-1_0056534_edge.png,65.3,62.98172,0.0030746422708034
1111,/tmp/DataSetCombined/Edges/Round-10_0192249_edge.png,3.93,3.6411128,0.0030746422708034
1112,/tmp/DataSetCombined/Edges/Round-9_0096083_edge.png,64.16,62.412,0.0030746422708034
1113,/tmp/DataSetCombined/Edges/Round-1_0124837_edge.png,7.5,6.9128656,0.0030746422708034
1114,/tmp/DataSetCombined/Edges/Round-1_0026301_edge.png,9.09,8.33908,0.0030746422708034
1115,/tmp/DataSetCombined/Edges/Round-7_0131479_edge.png,6.76,6.4519897,0.0030746422708034
1116,/tmp/DataSetCombined/Edges/Round-10_0092228_edge.png,10.57,9.994328,0.0030746422708034
1117,/tmp/DataSetCombined/Edges/Round-9_0026281_edge.png,5.91,5.5530376,0.0030746422708034
1118,/tmp/DataSetCombined/Edges/Round-6_0048794_edge.png,64.2,62.400356,0.0030746422708034
1119,/tmp/DataSetCombined/Edges/Round-10_0169073_edge.png,63.96,62.049244,0.0030746422708034
1120,/tmp/DataSetCombined/Edges/Round-8_0028360_edge.png,3.05,2.8224587,0.0030746422708034
1121,/tmp/DataSetCombined/Edges/Round-8_0017043_edge.png,47.76,46.956573,0.0030746422708034
1122,/tmp/DataSetCombined/Edges/Round-5_0084135_edge.png,63.35,62.133953,0.0030746422708034
1123,/tmp/DataSetCombined/Edges/Round-9_0182708_edge.png,57.39,56.450527,0.0030746422708034
1124,/tmp/DataSetCombined/Edges/Round-1_0139756_edge.png,64.81,63.291508,0.0030746422708034
1125,/tmp/DataSetCombined/Edges/Round-4_0090784_edge.png,3.5,3.2313032,0.0030746422708034
1126,/tmp/DataSetCombined/Edges/Round-9_0130455_edge.png,5.2,4.8699646,0.0030746422708034
1127,/tmp/DataSetCombined/Edges/Round-10_0016888_edge.png,63.22,61.542297,0.0030746422708034
1128,/tmp/DataSetCombined/Edges/Round-8_0058057_edge.png,64.24,62.519333,0.0030746422708034
1129,/tmp/DataSetCombined/Edges/Round-8_0000213_edge.png,4.16,3.8212929,0.0030746422708034
1130,/tmp/DataSetCombined/Edges/Round-2_0102444_edge.png,61.79,61.493244,0.0030746422708034
1131,/tmp/DataSetCombined/Edges/Round-8_0024646_edge.png,63.97,62.045666,0.0030746422708034
1132,/tmp/DataSetCombined/Edges/Round-5_0062192_edge.png,8.46,7.8737845,0.0030746422708034
1133,/tmp/DataSetCombined/Edges/Round-2_0064669_edge.png,26.51,27.290222,0.0030746422708034
1134,/tmp/DataSetCombined/Edges/Round-7_0052498_edge.png,3.58,3.3823562,0.0030746422708034
1135,/tmp/DataSetCombined/Edges/Round-10_0067637_edge.png,7.85,7.25782,0.0030746422708034
1136,/tmp/DataSetCombined/Edges/Round-1_0102230_edge.png,34.42,34.571407,0.0030746422708034
1137,/tmp/DataSetCombined/Edges/Round-2_0084634_edge.png,9.73,9.069843,0.0030746422708034
1138,/tmp/DataSetCombined/Edges/Round-1_0151104_edge.png,63.93,62.68368,0.0030746422708034
1139,/tmp/DataSetCombined/Edges/Round-8_0019559_edge.png,4.11,3.7449322,0.0030746422708034
1140,/tmp/DataSetCombined/Edges/Round-1_0101680_edge.png,64.29,62.080765,0.0030746422708034
1141,/tmp/DataSetCombined/Edges/Round-8_0003516_edge.png,3.22,2.9936109,0.0030746422708034
1142,/tmp/DataSetCombined/Edges/Round-7_0099724_edge.png,7.42,6.981166,0.0030746422708034
1143,/tmp/DataSetCombined/Edges/Round-1_0086902_edge.png,63.8,62.73498,0.0030746422708034
1144,/tmp/DataSetCombined/Edges/Round-10_0080730_edge.png,6.24,6.0007753,0.0030746422708034
1145,/tmp/DataSetCombined/Edges/Round-4_0051564_edge.png,4.86,4.3879514,0.0030746422708034
1146,/tmp/DataSetCombined/Edges/Round-2_0091368_edge.png,63.82,62.76501,0.0030746422708034
1147,/tmp/DataSetCombined/Edges/Round-1_0107791_edge.png,15.94,16.250265,0.0030746422708034
1148,/tmp/DataSetCombined/Edges/Round-7_0048283_edge.png,3.35,3.1690183,0.0030746422708034
1149,/tmp/DataSetCombined/Edges/Round-6_0025858_edge.png,6.65,6.3087177,0.0030746422708034
1150,/tmp/DataSetCombined/Edges/Round-8_0082046_edge.png,58.49,58.189396,0.0030746422708034
1151,/tmp/DataSetCombined/Edges/Round-2_0103558_edge.png,6.82,6.4037137,0.0030746422708034
1152,/tmp/DataSetCombined/Edges/Round-9_0161217_edge.png,3.51,3.377586,0.0028309971094131
1153,/tmp/DataSetCombined/Edges/Round-10_0037958_edge.png,5.22,4.9189153,0.0028309971094131
1154,/tmp/DataSetCombined/Edges/Round-8_0071330_edge.png,2.67,2.3947906,0.0028309971094131
1155,/tmp/DataSetCombined/Edges/Round-5_0070397_edge.png,3.04,2.7909307,0.0028309971094131
1156,/tmp/DataSetCombined/Edges/Round-10_0136143_edge.png,2.96,2.7224631,0.0028309971094131
1157,/tmp/DataSetCombined/Edges/Round-6_0116699_edge.png,6.35,5.8992186,0.0028309971094131
1158,/tmp/DataSetCombined/Edges/Round-8_0061458_edge.png,3.57,3.4073553,0.0028309971094131
1159,/tmp/DataSetCombined/Edges/Round-9_0013458_edge.png,10.08,9.386997,0.0028309971094131
1160,/tmp/DataSetCombined/Edges/Round-4_0031789_edge.png,11.69,10.964882,0.0028309971094131
1161,/tmp/DataSetCombined/Edges/Round-5_0065865_edge.png,53.33,52.55801,0.0028309971094131
1162,/tmp/DataSetCombined/Edges/Round-8_0050152_edge.png,64.98,62.746117,0.0028309971094131
1163,/tmp/DataSetCombined/Edges/Round-5_0021016_edge.png,49.6,49.52534,0.0028309971094131
1164,/tmp/DataSetCombined/Edges/Round-10_0008190_edge.png,6.7,6.2493305,0.0028309971094131
1165,/tmp/DataSetCombined/Edges/Round-9_0078142_edge.png,63.49,61.866108,0.0028309971094131
1166,/tmp/DataSetCombined/Edges/Round-4_0014271_edge.png,44.93,44.18211,0.0028309971094131
1167,/tmp/DataSetCombined/Edges/Round-7_0021946_edge.png,3.29,3.1764765,0.0028309971094131
1168,/tmp/DataSetCombined/Edges/Round-10_0187282_edge.png,8.28,7.6870317,0.0028309971094131
1169,/tmp/DataSetCombined/Edges/Round-1_0154445_edge.png,4.09,3.755331,0.0028309971094131
1170,/tmp/DataSetCombined/Edges/Round-9_0165552_edge.png,51.82,51.257793,0.0028309971094131
1171,/tmp/DataSetCombined/Edges/Round-4_0042714_edge.png,60.8,60.098385,0.0028309971094131
1172,/tmp/DataSetCombined/Edges/Round-9_0019990_edge.png,63.96,62.697746,0.0028309971094131
1173,/tmp/DataSetCombined/Edges/Round-9_0020953_edge.png,8.81,8.195901,0.0028309971094131
1174,/tmp/DataSetCombined/Edges/Round-8_0008182_edge.png,65.2,63.844048,0.0028309971094131
1175,/tmp/DataSetCombined/Edges/Round-1_0066867_edge.png,52.34,51.707485,0.0028309971094131
1176,/tmp/DataSetCombined/Edges/Round-3_0052634_edge.png,64.66,62.454403,0.0028309971094131
1177,/tmp/DataSetCombined/Edges/Round-1_0106045_edge.png,6.87,6.46614,0.0028309971094131
1178,/tmp/DataSetCombined/Edges/Round-3_0077930_edge.png,33.79,34.184032,0.0028309971094131
1179,/tmp/DataSetCombined/Edges/Round-4_0031307_edge.png,3.28,3.0170226,0.0028309971094131
1180,/tmp/DataSetCombined/Edges/Round-4_0046025_edge.png,57.09,55.370068,0.0028309971094131
1181,/tmp/DataSetCombined/Edges/Round-7_0002442_edge.png,7.7,7.147066,0.0028309971094131
1182,/tmp/DataSetCombined/Edges/Round-7_0068119_edge.png,8.78,8.14847,0.0028309971094131
1183,/tmp/DataSetCombined/Edges/Round-1_0074010_edge.png,59.17,59.868412,0.0028309971094131
1184,/tmp/DataSetCombined/Edges/Round-7_0054755_edge.png,65.35,63.61922,0.0028309971094131
1185,/tmp/DataSetCombined/Edges/Round-2_0091760_edge.png,42.6,41.135372,0.0028309971094131
1186,/tmp/DataSetCombined/Edges/Round-8_0080270_edge.png,9.4,9.031151,0.0028309971094131
1187,/tmp/DataSetCombined/Edges/Round-5_0037541_edge.png,7.14,6.635148,0.0028309971094131
1188,/tmp/DataSetCombined/Edges/Round-1_0158719_edge.png,12.8,12.005997,0.0028309971094131
1189,/tmp/DataSetCombined/Edges/Round-8_0045415_edge.png,51.3,50.38534,0.0028309971094131
1190,/tmp/DataSetCombined/Edges/Round-8_0057948_edge.png,5.59,5.2659125,0.0028309971094131
1191,/tmp/DataSetCombined/Edges/Round-3_0003401_edge.png,65.09,62.5354,0.0028309971094131
1192,/tmp/DataSetCombined/Edges/Round-9_0163837_edge.png,64.34,62.44663,0.0028309971094131
1193,/tmp/DataSetCombined/Edges/Round-5_0098613_edge.png,3.41,3.2925272,0.0028309971094131
1194,/tmp/DataSetCombined/Edges/Round-10_0167567_edge.png,3.85,3.5082097,0.0028309971094131
1195,/tmp/DataSetCombined/Edges/Round-6_0122026_edge.png,62.28,60.979237,0.0028309971094131
1196,/tmp/DataSetCombined/Edges/Round-10_0010477_edge.png,45.52,44.122196,0.0028309971094131
1197,/tmp/DataSetCombined/Edges/Round-7_0096924_edge.png,63.26,60.820175,0.0028309971094131
1198,/tmp/DataSetCombined/Edges/Round-8_0040310_edge.png,4.15,3.8025866,0.0028309971094131
1199,/tmp/DataSetCombined/Edges/Round-8_0072704_edge.png,64.22,62.389496,0.0028309971094131
1200,/tmp/DataSetCombined/Edges/Round-2_0106967_edge.png,1.97,1.6796705,0.0028309971094131
1201,/tmp/DataSetCombined/Edges/Round-10_0079285_edge.png,26.16,26.677904,0.0028309971094131
1202,/tmp/DataSetCombined/Edges/Round-10_0163564_edge.png,4.17,3.8335853,0.0028309971094131
1203,/tmp/DataSetCombined/Edges/Round-10_0132411_edge.png,65.31,63.452877,0.0028309971094131
1204,/tmp/DataSetCombined/Edges/Round-7_0133887_edge.png,3.18,2.9740324,0.0028309971094131
1205,/tmp/DataSetCombined/Edges/Round-1_0169194_edge.png,65.01,63.7594,0.0028309971094131
1206,/tmp/DataSetCombined/Edges/Round-2_0083934_edge.png,60.64,60.306545,0.0028309971094131
1207,/tmp/DataSetCombined/Edges/Round-10_0061707_edge.png,2.1,1.6720911,0.0028309971094131
1208,/tmp/DataSetCombined/Edges/Round-8_0074473_edge.png,51.22,50.19763,0.0028309971094131
1209,/tmp/DataSetCombined/Edges/Round-5_0114867_edge.png,9.22,8.414667,0.0028309971094131
1210,/tmp/DataSetCombined/Edges/Round-10_0187102_edge.png,64.14,62.301647,0.0028309971094131
1211,/tmp/DataSetCombined/Edges/Round-5_0065263_edge.png,64.45,62.151432,0.0028309971094131
1212,/tmp/DataSetCombined/Edges/Round-7_0033414_edge.png,28.54,27.783236,0.0028309971094131
1213,/tmp/DataSetCombined/Edges/Round-5_0106620_edge.png,3.72,3.3849669,0.0028309971094131
1214,/tmp/DataSetCombined/Edges/Round-3_0028507_edge.png,3.31,3.0826573,0.0028309971094131
1215,/tmp/DataSetCombined/Edges/Round-4_0005030_edge.png,62.2,61.00835,0.0028309971094131
1216,/tmp/DataSetCombined/Edges/Round-9_0144933_edge.png,3.81,3.5472827,0.0026096887886524
1217,/tmp/DataSetCombined/Edges/Round-9_0006475_edge.png,6.14,5.860221,0.0026096887886524
1218,/tmp/DataSetCombined/Edges/Round-1_0002967_edge.png,54.58,53.003445,0.0026096887886524
1219,/tmp/DataSetCombined/Edges/Round-9_0118115_edge.png,64.97,63.23862,0.0026096887886524
1220,/tmp/DataSetCombined/Edges/Round-4_0045062_edge.png,7.22,6.6571627,0.0026096887886524
1221,/tmp/DataSetCombined/Edges/Round-1_0127536_edge.png,48.4,48.27799,0.0026096887886524
1222,/tmp/DataSetCombined/Edges/Round-5_0044705_edge.png,26.28,26.595499,0.0026096887886524
1223,/tmp/DataSetCombined/Edges/Round-10_0033865_edge.png,65.06,62.610634,0.0026096887886524
1224,/tmp/DataSetCombined/Edges/Round-1_0067367_edge.png,2.52,2.153801,0.0026096887886524
1225,/tmp/DataSetCombined/Edges/Round-10_0028206_edge.png,2.68,2.3203158,0.0026096887886524
1226,/tmp/DataSetCombined/Edges/Round-7_0076788_edge.png,15.67,16.307825,0.0026096887886524
1227,/tmp/DataSetCombined/Edges/Round-10_0152187_edge.png,3.34,3.1539116,0.0026096887886524
1228,/tmp/DataSetCombined/Edges/Round-5_0101563_edge.png,5.73,5.447692,0.0026096887886524
1229,/tmp/DataSetCombined/Edges/Round-3_0051713_edge.png,58.49,57.79231,0.0026096887886524
1230,/tmp/DataSetCombined/Edges/Round-9_0041360_edge.png,64.81,62.599728,0.0026096887886524
1231,/tmp/DataSetCombined/Edges/Round-1_0150382_edge.png,6.69,6.346587,0.0026096887886524
1232,/tmp/DataSetCombined/Edges/Round-7_0005873_edge.png,61.88,61.070374,0.0026096887886524
1233,/tmp/DataSetCombined/Edges/Round-3_0088133_edge.png,52.39,50.971928,0.0026096887886524
1234,/tmp/DataSetCombined/Edges/Round-10_0175242_edge.png,3.69,3.3779793,0.0026096887886524
1235,/tmp/DataSetCombined/Edges/Round-9_0002923_edge.png,3.5,3.5577178,0.0026096887886524
1236,/tmp/DataSetCombined/Edges/Round-8_0080692_edge.png,13.52,13.007081,0.0026096887886524
1237,/tmp/DataSetCombined/Edges/Round-1_0001300_edge.png,65.35,63.62898,0.0026096887886524
1238,/tmp/DataSetCombined/Edges/Round-10_0046777_edge.png,65.3,63.925915,0.0026096887886524
1239,/tmp/DataSetCombined/Edges/Round-1_0094848_edge.png,22.33,22.275229,0.0026096887886524
1240,/tmp/DataSetCombined/Edges/Round-9_0175424_edge.png,60.65,61.180317,0.0026096887886524
1241,/tmp/DataSetCombined/Edges/Round-8_0013310_edge.png,65.4,63.38419,0.0026096887886524
1242,/tmp/DataSetCombined/Edges/Round-8_0052500_edge.png,58.83,57.914474,0.0026096887886524
1243,/tmp/DataSetCombined/Edges/Round-7_0002080_edge.png,42.31,41.416126,0.0026096887886524
1244,/tmp/DataSetCombined/Edges/Round-6_0017219_edge.png,64.38,62.480305,0.0026096887886524
1245,/tmp/DataSetCombined/Edges/Round-7_0046778_edge.png,58.05,58.618237,0.0026096887886524
1246,/tmp/DataSetCombined/Edges/Round-9_0064357_edge.png,64.98,62.690838,0.0026096887886524
1247,/tmp/DataSetCombined/Edges/Round-10_0111853_edge.png,5.55,5.3671136,0.0026096887886524
1248,/tmp/DataSetCombined/Edges/Round-3_0069893_edge.png,5.04,4.5795245,0.0026096887886524
1249,/tmp/DataSetCombined/Edges/Round-6_0099602_edge.png,61.37,61.71097,0.0026096887886524
1250,/tmp/DataSetCombined/Edges/Round-7_0038200_edge.png,6.18,5.8509755,0.0026096887886524
1251,/tmp/DataSetCombined/Edges/Round-7_0017281_edge.png,57.07,56.57973,0.0026096887886524
1252,/tmp/DataSetCombined/Edges/Round-10_0102793_edge.png,6.93,6.482482,0.0026096887886524
1253,/tmp/DataSetCombined/Edges/Round-6_0033653_edge.png,45.35,44.164093,0.0026096887886524
1254,/tmp/DataSetCombined/Edges/Round-10_0013036_edge.png,64.42,62.1764,0.0026096887886524
1255,/tmp/DataSetCombined/Edges/Round-9_0011441_edge.png,57.7,56.820126,0.0026096887886524
1256,/tmp/DataSetCombined/Edges/Round-10_0192971_edge.png,58.79,63.107063,0.0026096887886524
1257,/tmp/DataSetCombined/Edges/Round-1_0066000_edge.png,5.78,5.4109554,0.0026096887886524
1258,/tmp/DataSetCombined/Edges/Round-9_0035220_edge.png,65.14,62.758385,0.0026096887886524
1259,/tmp/DataSetCombined/Edges/Round-8_0054806_edge.png,3.39,3.202898,0.0026096887886524
1260,/tmp/DataSetCombined/Edges/Round-9_0028305_edge.png,12.33,11.335195,0.0026096887886524
1261,/tmp/DataSetCombined/Edges/Round-2_0106628_edge.png,3.91,3.5770273,0.0026096887886524
1262,/tmp/DataSetCombined/Edges/Round-4_0017220_edge.png,25.8,25.9789,0.0026096887886524
1263,/tmp/DataSetCombined/Edges/Round-1_0030234_edge.png,9.92,9.105571,0.0026096887886524
1264,/tmp/DataSetCombined/Edges/Round-7_0097797_edge.png,65.3,63.236942,0.0026096887886524
1265,/tmp/DataSetCombined/Edges/Round-3_0045167_edge.png,27.16,27.71111,0.0026096887886524
1266,/tmp/DataSetCombined/Edges/Round-1_0110319_edge.png,65.03,62.835567,0.0026096887886524
1267,/tmp/DataSetCombined/Edges/Round-8_0049129_edge.png,26.08,26.326038,0.0026096887886524
1268,/tmp/DataSetCombined/Edges/Round-6_0086508_edge.png,9.98,9.200178,0.0026096887886524
1269,/tmp/DataSetCombined/Edges/Round-9_0133917_edge.png,30.93,30.248304,0.0026096887886524
1270,/tmp/DataSetCombined/Edges/Round-8_0015075_edge.png,7.56,7.0121126,0.0026096887886524
1271,/tmp/DataSetCombined/Edges/Round-5_0010302_edge.png,65.26,63.00088,0.0026096887886524
1272,/tmp/DataSetCombined/Edges/Round-6_0038108_edge.png,28.98,28.663805,0.0026096887886524
1273,/tmp/DataSetCombined/Edges/Round-5_0011956_edge.png,5.4,5.105122,0.0026096887886524
1274,/tmp/DataSetCombined/Edges/Round-2_0104582_edge.png,64.22,62.497334,0.0026096887886524
1275,/tmp/DataSetCombined/Edges/Round-1_0120072_edge.png,59.35,60.011295,0.0026096887886524
1276,/tmp/DataSetCombined/Edges/Round-8_0063173_edge.png,65.3,63.211483,0.0026096887886524
1277,/tmp/DataSetCombined/Edges/Round-9_0101951_edge.png,7.11,6.584527,0.0026096887886524
1278,/tmp/DataSetCombined/Edges/Round-4_0046387_edge.png,50.07,49.295506,0.0026096887886524
1279,/tmp/DataSetCombined/Edges/Round-8_0006014_edge.png,40.31,39.976597,0.0026096887886524
1280,/tmp/DataSetCombined/Edges/Round-6_0060270_edge.png,4.72,4.192037,0.0031480751931667
1281,/tmp/DataSetCombined/Edges/Round-6_0036784_edge.png,4.16,3.8100724,0.0031480751931667
1282,/tmp/DataSetCombined/Edges/Round-10_0012134_edge.png,22.8,23.177975,0.0031480751931667
1283,/tmp/DataSetCombined/Edges/Round-1_0049134_edge.png,53.64,51.674244,0.0031480751931667
1284,/tmp/DataSetCombined/Edges/Round-10_0130966_edge.png,63.46,62.292793,0.0031480751931667
1285,/tmp/DataSetCombined/Edges/Round-1_0075012_edge.png,65.34,62.788364,0.0031480751931667
1286,/tmp/DataSetCombined/Edges/Round-8_0057154_edge.png,3.14,2.8866282,0.0031480751931667
1287,/tmp/DataSetCombined/Edges/Round-2_0046600_edge.png,62.87,61.414284,0.0031480751931667
1288,/tmp/DataSetCombined/Edges/Round-5_0064721_edge.png,65.43,63.16996,0.0031480751931667
1289,/tmp/DataSetCombined/Edges/Round-1_0134429_edge.png,5.5,5.352736,0.0031480751931667
1290,/tmp/DataSetCombined/Edges/Round-10_0088947_edge.png,6.13,5.8961787,0.0031480751931667
1291,/tmp/DataSetCombined/Edges/Round-5_0054968_edge.png,12.42,11.709761,0.0031480751931667
1292,/tmp/DataSetCombined/Edges/Round-4_0011863_edge.png,16.4,16.743635,0.0031480751931667
1293,/tmp/DataSetCombined/Edges/Round-1_0049969_edge.png,6.28,5.975428,0.0031480751931667
1294,/tmp/DataSetCombined/Edges/Round-1_0006734_edge.png,65.25,63.046787,0.0031480751931667
1295,/tmp/DataSetCombined/Edges/Round-9_0174100_edge.png,5.53,5.163126,0.0031480751931667
1296,/tmp/DataSetCombined/Edges/Round-2_0057967_edge.png,3.91,3.5806875,0.0031480751931667
1297,/tmp/DataSetCombined/Edges/Round-10_0085004_edge.png,64.53,63.244495,0.0031480751931667
1298,/tmp/DataSetCombined/Edges/Round-3_0053001_edge.png,40.32,39.779774,0.0031480751931667
1299,/tmp/DataSetCombined/Edges/Round-2_0096756_edge.png,53.67,54.681194,0.0031480751931667
1300,/tmp/DataSetCombined/Edges/Round-7_0011020_edge.png,6.6,6.207679,0.0031480751931667
1301,/tmp/DataSetCombined/Edges/Round-5_0063517_edge.png,46.06,46.087124,0.0031480751931667
1302,/tmp/DataSetCombined/Edges/Round-6_0086478_edge.png,64.28,62.42021,0.0031480751931667
1303,/tmp/DataSetCombined/Edges/Round-1_0078511_edge.png,61.81,60.71094,0.0031480751931667
1304,/tmp/DataSetCombined/Edges/Round-7_0084283_edge.png,11.62,10.826572,0.0031480751931667
1305,/tmp/DataSetCombined/Edges/Round-1_0161488_edge.png,60.24,59.983654,0.0031480751931667
1306,/tmp/DataSetCombined/Edges/Round-8_0071884_edge.png,59.34,59.216923,0.0031480751931667
1307,/tmp/DataSetCombined/Edges/Round-10_0149447_edge.png,9.12,8.43088,0.0031480751931667
1308,/tmp/DataSetCombined/Edges/Round-8_0068362_edge.png,64.4,62.51755,0.0031480751931667
1309,/tmp/DataSetCombined/Edges/Round-9_0091627_edge.png,1.98,1.6457245,0.0031480751931667
1310,/tmp/DataSetCombined/Edges/Round-2_0101181_edge.png,6.5,6.1112995,0.0031480751931667
1311,/tmp/DataSetCombined/Edges/Round-5_0090456_edge.png,64.26,62.28229,0.0031480751931667
1312,/tmp/DataSetCombined/Edges/Round-6_0005213_edge.png,64.35,62.197178,0.0031480751931667
1313,/tmp/DataSetCombined/Edges/Round-6_0033142_edge.png,15.02,14.619879,0.0031480751931667
1314,/tmp/DataSetCombined/Edges/Round-8_0031069_edge.png,5.17,4.802579,0.0031480751931667
1315,/tmp/DataSetCombined/Edges/Round-2_0057834_edge.png,65.36,63.286835,0.0031480751931667
1316,/tmp/DataSetCombined/Edges/Round-5_0010241_edge.png,11.97,10.986626,0.0031480751931667
1317,/tmp/DataSetCombined/Edges/Round-4_0012494_edge.png,8.64,7.9525924,0.0031480751931667
1318,/tmp/DataSetCombined/Edges/Round-4_0028538_edge.png,5.71,5.397594,0.0031480751931667
1319,/tmp/DataSetCombined/Edges/Round-9_0017010_edge.png,64.43,62.57764,0.0031480751931667
1320,/tmp/DataSetCombined/Edges/Round-4_0089700_edge.png,64.42,62.465214,0.0031480751931667
1321,/tmp/DataSetCombined/Edges/Round-10_0107127_edge.png,23.3,23.285736,0.0031480751931667
1322,/tmp/DataSetCombined/Edges/Round-5_0062614_edge.png,4.76,4.318891,0.0031480751931667
1323,/tmp/DataSetCombined/Edges/Round-9_0157003_edge.png,47.58,46.684948,0.0031480751931667
1324,/tmp/DataSetCombined/Edges/Round-10_0041059_edge.png,4.87,4.4126997,0.0031480751931667
1325,/tmp/DataSetCombined/Edges/Round-7_0047982_edge.png,52.61,51.440544,0.0031480751931667
1326,/tmp/DataSetCombined/Edges/Round-8_0083310_edge.png,5.49,5.1627064,0.0031480751931667
1327,/tmp/DataSetCombined/Edges/Round-7_0015926_edge.png,22.11,22.001179,0.0031480751931667
1328,/tmp/DataSetCombined/Edges/Round-3_0073024_edge.png,65.33,63.138897,0.0031480751931667
1329,/tmp/DataSetCombined/Edges/Round-8_0002282_edge.png,2.8,2.4999743,0.0031480751931667
1330,/tmp/DataSetCombined/Edges/Round-8_0036656_edge.png,3.0,2.774283,0.0031480751931667
1331,/tmp/DataSetCombined/Edges/Round-8_0063065_edge.png,39.59,38.111248,0.0031480751931667
1332,/tmp/DataSetCombined/Edges/Round-10_0094395_edge.png,64.34,62.417545,0.0031480751931667
1333,/tmp/DataSetCombined/Edges/Round-7_0114774_edge.png,7.34,6.810359,0.0031480751931667
1334,/tmp/DataSetCombined/Edges/Round-10_0096291_edge.png,19.84,20.504814,0.0031480751931667
1335,/tmp/DataSetCombined/Edges/Round-5_0080975_edge.png,11.49,10.818678,0.0031480751931667
1336,/tmp/DataSetCombined/Edges/Round-6_0058968_edge.png,6.34,6.047972,0.0031480751931667
1337,/tmp/DataSetCombined/Edges/Round-10_0162571_edge.png,64.17,62.447887,0.0031480751931667
1338,/tmp/DataSetCombined/Edges/Round-9_0025137_edge.png,65.38,63.919205,0.0031480751931667
1339,/tmp/DataSetCombined/Edges/Round-1_0069200_edge.png,58.08,57.984753,0.0031480751931667
1340,/tmp/DataSetCombined/Edges/Round-5_0092563_edge.png,6.61,6.2501397,0.0031480751931667
1341,/tmp/DataSetCombined/Edges/Round-8_0052681_edge.png,4.1,3.7626762,0.0031480751931667
1342,/tmp/DataSetCombined/Edges/Round-1_0161097_edge.png,3.4,3.1457071,0.0031480751931667
1343,/tmp/DataSetCombined/Edges/Round-5_0126425_edge.png,60.61,61.23185,0.0031480751931667
1344,/tmp/DataSetCombined/Edges/Round-3_0084431_edge.png,61.84,61.624542,0.0026990287005901
1345,/tmp/DataSetCombined/Edges/Round-4_0025798_edge.png,3.52,3.3142972,0.0026990287005901
1346,/tmp/DataSetCombined/Edges/Round-7_0034950_edge.png,64.03,62.09721,0.0026990287005901
1347,/tmp/DataSetCombined/Edges/Round-5_0027698_edge.png,64.09,62.217323,0.0026990287005901
1348,/tmp/DataSetCombined/Edges/Round-9_0018003_edge.png,23.66,23.587193,0.0026990287005901
1349,/tmp/DataSetCombined/Edges/Round-7_0092380_edge.png,65.08,62.71902,0.0026990287005901
1350,/tmp/DataSetCombined/Edges/Round-10_0169373_edge.png,63.91,62.389355,0.0026990287005901
1351,/tmp/DataSetCombined/Edges/Round-9_0169133_edge.png,2.46,2.034029,0.0026990287005901
1352,/tmp/DataSetCombined/Edges/Round-7_0064146_edge.png,65.45,63.259895,0.0026990287005901
1353,/tmp/DataSetCombined/Edges/Round-9_0037116_edge.png,3.76,3.5076528,0.0026990287005901
1354,/tmp/DataSetCombined/Edges/Round-4_0025378_edge.png,60.74,60.910282,0.0026990287005901
1355,/tmp/DataSetCombined/Edges/Round-10_0136866_edge.png,52.17,51.21609,0.0026990287005901
1356,/tmp/DataSetCombined/Edges/Round-1_0138926_edge.png,64.1,62.55981,0.0026990287005901
1357,/tmp/DataSetCombined/Edges/Round-5_0095121_edge.png,3.85,3.5150523,0.0026990287005901
1358,/tmp/DataSetCombined/Edges/Round-8_0079728_edge.png,53.36,51.72066,0.0026990287005901
1359,/tmp/DataSetCombined/Edges/Round-6_0057492_edge.png,10.45,9.849243,0.0026990287005901
1360,/tmp/DataSetCombined/Edges/Round-7_0068330_edge.png,64.34,62.37421,0.0026990287005901
1361,/tmp/DataSetCombined/Edges/Round-1_0009934_edge.png,43.47,42.682827,0.0026990287005901
1362,/tmp/DataSetCombined/Edges/Round-7_0029110_edge.png,12.47,11.583019,0.0026990287005901
1363,/tmp/DataSetCombined/Edges/Round-10_0073747_edge.png,13.31,12.676367,0.0026990287005901
1364,/tmp/DataSetCombined/Edges/Round-9_0104690_edge.png,5.49,5.350733,0.0026990287005901
1365,/tmp/DataSetCombined/Edges/Round-9_0154656_edge.png,11.19,10.467775,0.0026990287005901
1366,/tmp/DataSetCombined/Edges/Round-10_0141441_edge.png,7.56,7.0176535,0.0026990287005901
1367,/tmp/DataSetCombined/Edges/Round-10_0103215_edge.png,7.11,6.5766163,0.0026990287005901
1368,/tmp/DataSetCombined/Edges/Round-9_0023120_edge.png,5.23,4.910899,0.0026990287005901
1369,/tmp/DataSetCombined/Edges/Round-8_0047744_edge.png,8.68,7.953596,0.0026990287005901
1370,/tmp/DataSetCombined/Edges/Round-5_0080824_edge.png,64.85,62.827076,0.0026990287005901
1371,/tmp/DataSetCombined/Edges/Round-9_0080761_edge.png,32.34,32.38944,0.0026990287005901
1372,/tmp/DataSetCombined/Edges/Round-6_0070736_edge.png,3.96,3.6463842,0.0026990287005901
1373,/tmp/DataSetCombined/Edges/Round-7_0110048_edge.png,8.06,7.4289627,0.0026990287005901
1374,/tmp/DataSetCombined/Edges/Round-10_0126752_edge.png,64.65,62.98922,0.0026990287005901
1375,/tmp/DataSetCombined/Edges/Round-7_0027846_edge.png,4.07,3.7052016,0.0026990287005901
1376,/tmp/DataSetCombined/Edges/Round-10_0147310_edge.png,5.24,4.746095,0.0026990287005901
1377,/tmp/DataSetCombined/Edges/Round-5_0021377_edge.png,60.49,59.151672,0.0026990287005901
1378,/tmp/DataSetCombined/Edges/Round-9_0054454_edge.png,3.09,2.8139653,0.0026990287005901
1379,/tmp/DataSetCombined/Edges/Round-4_0035972_edge.png,4.81,4.3163476,0.0026990287005901
1380,/tmp/DataSetCombined/Edges/Round-3_0056318_edge.png,3.48,3.2674074,0.0026990287005901
1381,/tmp/DataSetCombined/Edges/Round-1_0113630_edge.png,33.0,33.089638,0.0026990287005901
1382,/tmp/DataSetCombined/Edges/Round-10_0094064_edge.png,65.36,63.616505,0.0026990287005901
1383,/tmp/DataSetCombined/Edges/Round-6_0009363_edge.png,4.63,4.174793,0.0026990287005901
1384,/tmp/DataSetCombined/Edges/Round-3_0056077_edge.png,42.99,42.14829,0.0026990287005901
1385,/tmp/DataSetCombined/Edges/Round-7_0017190_edge.png,51.56,50.93528,0.0026990287005901
1386,/tmp/DataSetCombined/Edges/Round-1_0137078_edge.png,35.94,35.123356,0.0026990287005901
1387,/tmp/DataSetCombined/Edges/Round-7_0006897_edge.png,65.29,63.516747,0.0026990287005901
1388,/tmp/DataSetCombined/Edges/Round-1_0020900_edge.png,5.4,5.006832,0.0026990287005901
1389,/tmp/DataSetCombined/Edges/Round-8_0060452_edge.png,3.87,3.5597572,0.0026990287005901
1390,/tmp/DataSetCombined/Edges/Round-9_0036304_edge.png,57.94,57.219784,0.0026990287005901
1391,/tmp/DataSetCombined/Edges/Round-5_0027367_edge.png,34.54,34.01859,0.0026990287005901
1392,/tmp/DataSetCombined/Edges/Round-4_0044852_edge.png,6.9,6.4600434,0.0026990287005901
1393,/tmp/DataSetCombined/Edges/Round-8_0086320_edge.png,24.39,24.22463,0.0026990287005901
1394,/tmp/DataSetCombined/Edges/Round-9_0024385_edge.png,7.22,6.807805,0.0026990287005901
1395,/tmp/DataSetCombined/Edges/Round-2_0089682_edge.png,55.67,54.684395,0.0026990287005901
1396,/tmp/DataSetCombined/Edges/Round-1_0133858_edge.png,8.32,7.70392,0.0026990287005901
1397,/tmp/DataSetCombined/Edges/Round-7_0034407_edge.png,1.98,1.6403501,0.0026990287005901
1398,/tmp/DataSetCombined/Edges/Round-6_0080157_edge.png,62.48,61.04286,0.0026990287005901
1399,/tmp/DataSetCombined/Edges/Round-7_0081995_edge.png,13.72,13.225088,0.0026990287005901
1400,/tmp/DataSetCombined/Edges/Round-3_0085159_edge.png,25.85,26.183954,0.0026990287005901
1401,/tmp/DataSetCombined/Edges/Round-1_0011900_edge.png,58.27,57.049908,0.0026990287005901
1402,/tmp/DataSetCombined/Edges/Round-5_0026073_edge.png,59.32,58.94934,0.0026990287005901
1403,/tmp/DataSetCombined/Edges/Round-10_0193453_edge.png,4.28,3.9022799,0.0026990287005901
1404,/tmp/DataSetCombined/Edges/Round-10_0137408_edge.png,64.07,62.866444,0.0026990287005901
1405,/tmp/DataSetCombined/Edges/Round-1_0033806_edge.png,63.85,63.035786,0.0026990287005901
1406,/tmp/DataSetCombined/Edges/Round-3_0033533_edge.png,65.37,63.15256,0.0026990287005901
1407,/tmp/DataSetCombined/Edges/Round-9_0103276_edge.png,64.48,62.372158,0.0026990287005901
1408,/tmp/DataSetCombined/Edges/Round-8_0004732_edge.png,65.33,63.275703,0.0029583759605884
1409,/tmp/DataSetCombined/Edges/Round-8_0035223_edge.png,57.38,56.57868,0.0029583759605884
1410,/tmp/DataSetCombined/Edges/Round-9_0032150_edge.png,64.87,62.952007,0.0029583759605884
1411,/tmp/DataSetCombined/Edges/Round-9_0143579_edge.png,6.81,6.3657866,0.0029583759605884
1412,/tmp/DataSetCombined/Edges/Round-4_0053611_edge.png,62.53,61.546463,0.0029583759605884
1413,/tmp/DataSetCombined/Edges/Round-5_0113723_edge.png,7.94,7.410021,0.0029583759605884
1414,/tmp/DataSetCombined/Edges/Round-8_0088096_edge.png,64.11,62.027016,0.0029583759605884
1415,/tmp/DataSetCombined/Edges/Round-6_0074408_edge.png,65.32,62.98466,0.0029583759605884
1416,/tmp/DataSetCombined/Edges/Round-7_0006746_edge.png,26.11,26.482473,0.0029583759605884
1417,/tmp/DataSetCombined/Edges/Round-10_0171209_edge.png,63.93,62.268307,0.0029583759605884
1418,/tmp/DataSetCombined/Edges/Round-8_0067628_edge.png,12.36,11.093866,0.0029583759605884
1419,/tmp/DataSetCombined/Edges/Round-1_0169374_edge.png,65.08,63.2827,0.0029583759605884
1420,/tmp/DataSetCombined/Edges/Round-5_0057707_edge.png,3.52,3.3303933,0.0029583759605884
1421,/tmp/DataSetCombined/Edges/Round-8_0007791_edge.png,64.6,62.28651,0.0029583759605884
1422,/tmp/DataSetCombined/Edges/Round-3_0002267_edge.png,13.74,13.365599,0.0029583759605884
1423,/tmp/DataSetCombined/Edges/Round-9_0016558_edge.png,4.43,4.1645045,0.0029583759605884
1424,/tmp/DataSetCombined/Edges/Round-10_0148032_edge.png,2.51,2.1354437,0.0029583759605884
1425,/tmp/DataSetCombined/Edges/Round-2_0077501_edge.png,7.43,6.8361316,0.0029583759605884
1426,/tmp/DataSetCombined/Edges/Round-5_0006478_edge.png,3.59,3.2778435,0.0029583759605884
1427,/tmp/DataSetCombined/Edges/Round-10_0148906_edge.png,63.97,62.58192,0.0029583759605884
1428,/tmp/DataSetCombined/Edges/Round-7_0032601_edge.png,9.96,9.295639,0.0029583759605884
1429,/tmp/DataSetCombined/Edges/Round-5_0070350_edge.png,6.13,5.6888475,0.0029583759605884
1430,/tmp/DataSetCombined/Edges/Round-10_0125969_edge.png,63.41,62.25956,0.0029583759605884
1431,/tmp/DataSetCombined/Edges/Round-1_0102434_edge.png,63.95,62.37733,0.0029583759605884
1432,/tmp/DataSetCombined/Edges/Round-4_0033594_edge.png,3.98,3.6484385,0.0029583759605884
1433,/tmp/DataSetCombined/Edges/Round-9_0135934_edge.png,6.53,6.08427,0.0029583759605884
1434,/tmp/DataSetCombined/Edges/Round-10_0074078_edge.png,8.51,7.899558,0.0029583759605884
1435,/tmp/DataSetCombined/Edges/Round-1_0023534_edge.png,4.5,3.9937987,0.0029583759605884
1436,/tmp/DataSetCombined/Edges/Round-6_0019567_edge.png,26.19,26.332651,0.0029583759605884
1437,/tmp/DataSetCombined/Edges/Round-5_0027277_edge.png,3.6,3.3533278,0.0029583759605884
1438,/tmp/DataSetCombined/Edges/Round-6_0008310_edge.png,2.24,1.883016,0.0029583759605884
1439,/tmp/DataSetCombined/Edges/Round-10_0190172_edge.png,6.35,5.978711,0.0029583759605884
1440,/tmp/DataSetCombined/Edges/Round-3_0062248_edge.png,7.54,7.0317793,0.0029583759605884
1441,/tmp/DataSetCombined/Edges/Round-9_0122930_edge.png,3.14,2.9126425,0.0029583759605884
1442,/tmp/DataSetCombined/Edges/Round-6_0096587_edge.png,3.69,3.417292,0.0029583759605884
1443,/tmp/DataSetCombined/Edges/Round-10_0146618_edge.png,57.93,58.210552,0.0029583759605884
1444,/tmp/DataSetCombined/Edges/Round-3_0070646_edge.png,8.13,7.479272,0.0029583759605884
1445,/tmp/DataSetCombined/Edges/Round-1_0079738_edge.png,65.35,63.586628,0.0029583759605884
1446,/tmp/DataSetCombined/Edges/Round-3_0032301_edge.png,6.51,6.1251926,0.0029583759605884
1447,/tmp/DataSetCombined/Edges/Round-9_0140961_edge.png,4.46,4.043484,0.0029583759605884
1448,/tmp/DataSetCombined/Edges/Round-1_0049200_edge.png,3.38,3.2462025,0.0029583759605884
1449,/tmp/DataSetCombined/Edges/Round-8_0020625_edge.png,63.49,61.969788,0.0029583759605884
1450,/tmp/DataSetCombined/Edges/Round-1_0167388_edge.png,2.92,2.6798434,0.0029583759605884
1451,/tmp/DataSetCombined/Edges/Round-10_0163775_edge.png,9.86,9.253235,0.0029583759605884
1452,/tmp/DataSetCombined/Edges/Round-2_0086371_edge.png,3.09,2.8707123,0.0029583759605884
1453,/tmp/DataSetCombined/Edges/Round-9_0073397_edge.png,49.3,49.17453,0.0029583759605884
1454,/tmp/DataSetCombined/Edges/Round-2_0072826_edge.png,8.7,7.9992447,0.0029583759605884
1455,/tmp/DataSetCombined/Edges/Round-2_0096635_edge.png,3.06,3.0874858,0.0029583759605884
1456,/tmp/DataSetCombined/Edges/Round-9_0012856_edge.png,15.21,14.841578,0.0029583759605884
1457,/tmp/DataSetCombined/Edges/Round-5_0024026_edge.png,11.53,10.736016,0.0029583759605884
1458,/tmp/DataSetCombined/Edges/Round-9_0197036_edge.png,4.76,4.254613,0.0029583759605884
1459,/tmp/DataSetCombined/Edges/Round-10_0137889_edge.png,65.28,63.7964,0.0029583759605884
1460,/tmp/DataSetCombined/Edges/Round-9_0169164_edge.png,63.93,62.66595,0.0029583759605884
1461,/tmp/DataSetCombined/Edges/Round-6_0008070_edge.png,65.12,63.588047,0.0029583759605884
1462,/tmp/DataSetCombined/Edges/Round-1_0146559_edge.png,7.65,7.1022086,0.0029583759605884
1463,/tmp/DataSetCombined/Edges/Round-6_0095087_edge.png,5.79,5.371773,0.0029583759605884
1464,/tmp/DataSetCombined/Edges/Round-1_0025100_edge.png,14.38,14.048967,0.0029583759605884
1465,/tmp/DataSetCombined/Edges/Round-1_0080009_edge.png,5.9,5.586389,0.0029583759605884
1466,/tmp/DataSetCombined/Edges/Round-9_0189812_edge.png,4.71,4.243878,0.0029583759605884
1467,/tmp/DataSetCombined/Edges/Round-1_0103577_edge.png,7.44,6.8988037,0.0029583759605884
1468,/tmp/DataSetCombined/Edges/Round-3_0034600_edge.png,65.07,63.013233,0.0029583759605884
1469,/tmp/DataSetCombined/Edges/Round-9_0125700_edge.png,4.06,3.748907,0.0029583759605884
1470,/tmp/DataSetCombined/Edges/Round-9_0105924_edge.png,64.73,63.23415,0.0029583759605884
1471,/tmp/DataSetCombined/Edges/Round-10_0128107_edge.png,64.56,62.573425,0.0029583759605884
1472,/tmp/DataSetCombined/Edges/Round-7_0129763_edge.png,64.63,62.284252,0.0024880543351173
1473,/tmp/DataSetCombined/Edges/Round-6_0028231_edge.png,41.71,40.133343,0.0024880543351173
1474,/tmp/DataSetCombined/Edges/Round-3_0017670_edge.png,2.36,2.0155888,0.0024880543351173
1475,/tmp/DataSetCombined/Edges/Round-1_0020434_edge.png,3.36,3.0885234,0.0024880543351173
1476,/tmp/DataSetCombined/Edges/Round-8_0015466_edge.png,64.2,62.205177,0.0024880543351173
1477,/tmp/DataSetCombined/Edges/Round-6_0110980_edge.png,52.05,51.934708,0.0024880543351173
1478,/tmp/DataSetCombined/Edges/Round-9_0172053_edge.png,61.26,60.652466,0.0024880543351173
1479,/tmp/DataSetCombined/Edges/Round-6_0112153_edge.png,64.81,62.294197,0.0024880543351173
1480,/tmp/DataSetCombined/Edges/Round-1_0044334_edge.png,3.36,3.1850638,0.0024880543351173
1481,/tmp/DataSetCombined/Edges/Round-6_0110438_edge.png,9.98,9.158839,0.0024880543351173
1482,/tmp/DataSetCombined/Edges/Round-9_0065440_edge.png,4.19,3.7358947,0.0024880543351173
1483,/tmp/DataSetCombined/Edges/Round-1_0171407_edge.png,3.9,3.5188174,0.0024880543351173
1484,/tmp/DataSetCombined/Edges/Round-9_0004458_edge.png,7.53,7.006969,0.0024880543351173
1485,/tmp/DataSetCombined/Edges/Round-3_0072271_edge.png,27.76,27.86423,0.0024880543351173
1486,/tmp/DataSetCombined/Edges/Round-10_0042977_edge.png,4.23,3.8651357,0.0024880543351173
1487,/tmp/DataSetCombined/Edges/Round-6_0058065_edge.png,6.6,6.1562834,0.0024880543351173
1488,/tmp/DataSetCombined/Edges/Round-8_0006053_edge.png,39.95,39.27471,0.0024880543351173
1489,/tmp/DataSetCombined/Edges/Round-9_0032903_edge.png,2.82,2.4932637,0.0024880543351173
1490,/tmp/DataSetCombined/Edges/Round-1_0006667_edge.png,40.65,39.65335,0.0024880543351173
1491,/tmp/DataSetCombined/Edges/Round-9_0037816_edge.png,4.14,3.806137,0.0024880543351173
1492,/tmp/DataSetCombined/Edges/Round-10_0136776_edge.png,6.94,6.509613,0.0024880543351173
1493,/tmp/DataSetCombined/Edges/Round-5_0096089_edge.png,52.78,51.5294,0.0024880543351173
1494,/tmp/DataSetCombined/Edges/Round-10_0008009_edge.png,65.27,63.278416,0.0024880543351173
1495,/tmp/DataSetCombined/Edges/Round-1_0122720_edge.png,54.76,54.045124,0.0024880543351173
1496,/tmp/DataSetCombined/Edges/Round-9_0077209_edge.png,3.38,3.1377797,0.0024880543351173
1497,/tmp/DataSetCombined/Edges/Round-5_0093617_edge.png,15.03,15.06781,0.0024880543351173
1498,/tmp/DataSetCombined/Edges/Round-3_0015082_edge.png,4.4,3.9648151,0.0024880543351173
1499,/tmp/DataSetCombined/Edges/Round-9_0037026_edge.png,62.39,61.983723,0.0024880543351173
1500,/tmp/DataSetCombined/Edges/Round-10_0111522_edge.png,64.4,62.506435,0.0024880543351173
1501,/tmp/DataSetCombined/Edges/Round-7_0019147_edge.png,58.76,59.991283,0.0024880543351173
1502,/tmp/DataSetCombined/Edges/Round-10_0126451_edge.png,64.17,62.165684,0.0024880543351173
1503,/tmp/DataSetCombined/Edges/Round-10_0155166_edge.png,13.7,13.124399,0.0024880543351173
1504,/tmp/DataSetCombined/Edges/Round-10_0151283_edge.png,65.31,63.590923,0.0024880543351173
1505,/tmp/DataSetCombined/Edges/Round-7_0036334_edge.png,8.76,8.026284,0.0024880543351173
1506,/tmp/DataSetCombined/Edges/Round-1_0054434_edge.png,45.8,45.98745,0.0024880543351173
1507,/tmp/DataSetCombined/Edges/Round-5_0009247_edge.png,64.75,62.656002,0.0024880543351173
1508,/tmp/DataSetCombined/Edges/Round-8_0088789_edge.png,2.84,2.5665221,0.0024880543351173
1509,/tmp/DataSetCombined/Edges/Round-6_0028537_edge.png,13.27,12.5749035,0.0024880543351173
1510,/tmp/DataSetCombined/Edges/Round-5_0024177_edge.png,64.62,63.18733,0.0024880543351173
1511,/tmp/DataSetCombined/Edges/Round-8_0061096_edge.png,6.06,5.792472,0.0024880543351173
1512,/tmp/DataSetCombined/Edges/Round-10_0047982_edge.png,63.99,62.21829,0.0024880543351173
1513,/tmp/DataSetCombined/Edges/Round-6_0126962_edge.png,60.14,60.918156,0.0024880543351173
1514,/tmp/DataSetCombined/Edges/Round-1_0001834_edge.png,5.77,5.35178,0.0024880543351173
1515,/tmp/DataSetCombined/Edges/Round-8_0087433_edge.png,65.2,63.122696,0.0024880543351173
1516,/tmp/DataSetCombined/Edges/Round-1_0009634_edge.png,59.3,58.68825,0.0024880543351173
1517,/tmp/DataSetCombined/Edges/Round-10_0161246_edge.png,39.59,39.126133,0.0024880543351173
1518,/tmp/DataSetCombined/Edges/Round-4_0083831_edge.png,2.48,2.142136,0.0024880543351173
1519,/tmp/DataSetCombined/Edges/Round-4_0002953_edge.png,64.82,62.727314,0.0024880543351173
1520,/tmp/DataSetCombined/Edges/Round-10_0141087_edge.png,9.53,9.04968,0.0024880543351173
1521,/tmp/DataSetCombined/Edges/Round-8_0035735_edge.png,65.43,63.24498,0.0024880543351173
1522,/tmp/DataSetCombined/Edges/Round-8_0048334_edge.png,3.02,2.7088804,0.0024880543351173
1523,/tmp/DataSetCombined/Edges/Round-8_0019408_edge.png,64.09,62.63839,0.0024880543351173
1524,/tmp/DataSetCombined/Edges/Round-10_0045754_edge.png,64.29,62.27627,0.0024880543351173
1525,/tmp/DataSetCombined/Edges/Round-3_0067154_edge.png,4.71,4.2234488,0.0024880543351173
1526,/tmp/DataSetCombined/Edges/Round-3_0053701_edge.png,37.57,36.88954,0.0024880543351173
1527,/tmp/DataSetCombined/Edges/Round-9_0039073_edge.png,4.07,3.6819496,0.0024880543351173
1528,/tmp/DataSetCombined/Edges/Round-2_0063967_edge.png,55.35,55.209183,0.0024880543351173
1529,/tmp/DataSetCombined/Edges/Round-7_0050662_edge.png,61.98,61.416943,0.0024880543351173
1530,/tmp/DataSetCombined/Edges/Round-6_0123046_edge.png,4.92,4.462435,0.0024880543351173
1531,/tmp/DataSetCombined/Edges/Round-5_0087085_edge.png,3.31,3.180029,0.0024880543351173
1532,/tmp/DataSetCombined/Edges/Round-2_0066776_edge.png,55.02,53.134228,0.0024880543351173
1533,/tmp/DataSetCombined/Edges/Round-10_0091475_edge.png,6.13,5.8518476,0.0024880543351173
1534,/tmp/DataSetCombined/Edges/Round-9_0163324_edge.png,64.29,63.017975,0.0024880543351173
1535,/tmp/DataSetCombined/Edges/Round-6_0057432_edge.png,63.96,62.22433,0.0024880543351173
1536,/tmp/DataSetCombined/Edges/Round-6_0043586_edge.png,8.74,7.9553094,0.0024345740675926
1537,/tmp/DataSetCombined/Edges/Round-10_0052256_edge.png,3.05,2.7683644,0.0024345740675926
1538,/tmp/DataSetCombined/Edges/Round-1_0117212_edge.png,48.68,47.92432,0.0024345740675926
1539,/tmp/DataSetCombined/Edges/Round-9_0139907_edge.png,5.46,5.2501,0.0024345740675926
1540,/tmp/DataSetCombined/Edges/Round-9_0180602_edge.png,3.61,3.4118886,0.0024345740675926
1541,/tmp/DataSetCombined/Edges/Round-1_0113871_edge.png,13.12,12.367863,0.0024345740675926
1542,/tmp/DataSetCombined/Edges/Round-1_0119262_edge.png,16.66,16.781599,0.0024345740675926
1543,/tmp/DataSetCombined/Edges/Round-8_0038985_edge.png,7.52,6.9385805,0.0024345740675926
1544,/tmp/DataSetCombined/Edges/Round-8_0010240_edge.png,52.31,51.968784,0.0024345740675926
1545,/tmp/DataSetCombined/Edges/Round-10_0091114_edge.png,6.53,6.148857,0.0024345740675926
1546,/tmp/DataSetCombined/Edges/Round-7_0016107_edge.png,63.88,62.44365,0.0024345740675926
1547,/tmp/DataSetCombined/Edges/Round-8_0029113_edge.png,64.68,62.20165,0.0024345740675926
1548,/tmp/DataSetCombined/Edges/Round-10_0083951_edge.png,64.03,62.370426,0.0024345740675926
1549,/tmp/DataSetCombined/Edges/Round-9_0083651_edge.png,55.17,55.301136,0.0024345740675926
1550,/tmp/DataSetCombined/Edges/Round-8_0009578_edge.png,2.85,2.5234084,0.0024345740675926
1551,/tmp/DataSetCombined/Edges/Round-9_0170789_edge.png,4.55,4.0687985,0.0024345740675926
1552,/tmp/DataSetCombined/Edges/Round-8_0047353_edge.png,65.26,63.70866,0.0024345740675926
1553,/tmp/DataSetCombined/Edges/Round-10_0046567_edge.png,5.88,5.5301733,0.0024345740675926
1554,/tmp/DataSetCombined/Edges/Round-10_0053700_edge.png,64.09,62.2542,0.0024345740675926
1555,/tmp/DataSetCombined/Edges/Round-8_0016350_edge.png,63.84,61.960087,0.0024345740675926
1556,/tmp/DataSetCombined/Edges/Round-2_0067318_edge.png,48.25,47.603806,0.0024345740675926
1557,/tmp/DataSetCombined/Edges/Round-3_0070556_edge.png,5.27,4.7980886,0.0024345740675926
1558,/tmp/DataSetCombined/Edges/Round-1_0114744_edge.png,38.39,37.922993,0.0024345740675926
1559,/tmp/DataSetCombined/Edges/Round-8_0003919_edge.png,3.7,3.4426866,0.0024345740675926
1560,/tmp/DataSetCombined/Edges/Round-7_0023150_edge.png,5.84,5.4709396,0.0024345740675926
1561,/tmp/DataSetCombined/Edges/Round-4_0010448_edge.png,12.71,12.084814,0.0024345740675926
1562,/tmp/DataSetCombined/Edges/Round-8_0023051_edge.png,9.59,9.052086,0.0024345740675926
1563,/tmp/DataSetCombined/Edges/Round-3_0046295_edge.png,64.39,62.51141,0.0024345740675926
1564,/tmp/DataSetCombined/Edges/Round-8_0029763_edge.png,65.27,63.82124,0.0024345740675926
1565,/tmp/DataSetCombined/Edges/Round-1_0164830_edge.png,6.28,6.02826,0.0024345740675926
1566,/tmp/DataSetCombined/Edges/Round-4_0059781_edge.png,3.39,3.1196828,0.0024345740675926
1567,/tmp/DataSetCombined/Edges/Round-3_0032601_edge.png,3.19,2.9677033,0.0024345740675926
1568,/tmp/DataSetCombined/Edges/Round-8_0031912_edge.png,64.97,62.516445,0.0024345740675926
1569,/tmp/DataSetCombined/Edges/Round-1_0128499_edge.png,9.87,9.215725,0.0024345740675926
1570,/tmp/DataSetCombined/Edges/Round-8_0043135_edge.png,64.62,63.130203,0.0024345740675926
1571,/tmp/DataSetCombined/Edges/Round-8_0041773_edge.png,36.68,35.671696,0.0024345740675926
1572,/tmp/DataSetCombined/Edges/Round-1_0017400_edge.png,5.57,5.220848,0.0024345740675926
1573,/tmp/DataSetCombined/Edges/Round-7_0017612_edge.png,6.22,5.710314,0.0024345740675926
1574,/tmp/DataSetCombined/Edges/Round-7_0016318_edge.png,55.14,55.860386,0.0024345740675926
1575,/tmp/DataSetCombined/Edges/Round-4_0077841_edge.png,2.35,1.9909695,0.0024345740675926
1576,/tmp/DataSetCombined/Edges/Round-9_0090603_edge.png,5.36,4.959175,0.0024345740675926
1577,/tmp/DataSetCombined/Edges/Round-2_0084467_edge.png,2.97,2.673893,0.0024345740675926
1578,/tmp/DataSetCombined/Edges/Round-2_0057601_edge.png,47.92,46.26851,0.0024345740675926
1579,/tmp/DataSetCombined/Edges/Round-8_0019589_edge.png,56.22,54.93742,0.0024345740675926
1580,/tmp/DataSetCombined/Edges/Round-2_0071075_edge.png,3.55,3.322761,0.0024345740675926
1581,/tmp/DataSetCombined/Edges/Round-9_0008763_edge.png,65.23,63.903667,0.0024345740675926
1582,/tmp/DataSetCombined/Edges/Round-4_0051504_edge.png,59.23,59.08392,0.0024345740675926
1583,/tmp/DataSetCombined/Edges/Round-10_0048252_edge.png,21.57,21.823965,0.0024345740675926
1584,/tmp/DataSetCombined/Edges/Round-3_0029048_edge.png,43.42,42.634212,0.0024345740675926
1585,/tmp/DataSetCombined/Edges/Round-10_0152487_edge.png,3.46,3.219397,0.0024345740675926
1586,/tmp/DataSetCombined/Edges/Round-5_0090546_edge.png,23.99,24.472681,0.0024345740675926
1587,/tmp/DataSetCombined/Edges/Round-6_0082475_edge.png,9.04,8.523731,0.0024345740675926
1588,/tmp/DataSetCombined/Edges/Round-3_0081482_edge.png,61.3,61.31743,0.0024345740675926
1589,/tmp/DataSetCombined/Edges/Round-10_0044911_edge.png,56.29,54.212696,0.0024345740675926
1590,/tmp/DataSetCombined/Edges/Round-6_0072001_edge.png,5.51,5.149914,0.0024345740675926
1591,/tmp/DataSetCombined/Edges/Round-6_0044670_edge.png,4.66,4.276634,0.0024345740675926
1592,/tmp/DataSetCombined/Edges/Round-5_0067189_edge.png,5.17,4.8496494,0.0024345740675926
1593,/tmp/DataSetCombined/Edges/Round-4_0008582_edge.png,64.3,62.23347,0.0024345740675926
1594,/tmp/DataSetCombined/Edges/Round-6_0001334_edge.png,61.68,61.6133,0.0024345740675926
1595,/tmp/DataSetCombined/Edges/Round-9_0194477_edge.png,32.34,31.727919,0.0024345740675926
1596,/tmp/DataSetCombined/Edges/Round-2_0081314_edge.png,4.32,3.8622842,0.0024345740675926
1597,/tmp/DataSetCombined/Edges/Round-5_0097379_edge.png,9.65,8.905169,0.0024345740675926
1598,/tmp/DataSetCombined/Edges/Round-4_0076577_edge.png,5.02,4.4879727,0.0024345740675926
1599,/tmp/DataSetCombined/Edges/Round-4_0001087_edge.png,5.1,4.68362,0.0024345740675926
1600,/tmp/DataSetCombined/Edges/Round-6_0091385_edge.png,48.64,47.177597,0.0024937018752098
1601,/tmp/DataSetCombined/Edges/Round-6_0069953_edge.png,61.69,60.70094,0.0024937018752098
1602,/tmp/DataSetCombined/Edges/Round-9_0180662_edge.png,6.67,6.2610264,0.0024937018752098
1603,/tmp/DataSetCombined/Edges/Round-4_0051384_edge.png,5.84,5.4466887,0.0024937018752098
1604,/tmp/DataSetCombined/Edges/Round-5_0015779_edge.png,62.58,61.162376,0.0024937018752098
1605,/tmp/DataSetCombined/Edges/Round-6_0088917_edge.png,6.03,5.77623,0.0024937018752098
1606,/tmp/DataSetCombined/Edges/Round-10_0015383_edge.png,60.8,61.038692,0.0024937018752098
1607,/tmp/DataSetCombined/Edges/Round-8_0067207_edge.png,21.05,21.490208,0.0024937018752098
1608,/tmp/DataSetCombined/Edges/Round-9_0145806_edge.png,4.46,4.0420804,0.0024937018752098
1609,/tmp/DataSetCombined/Edges/Round-6_0104628_edge.png,19.35,19.739101,0.0024937018752098
1610,/tmp/DataSetCombined/Edges/Round-9_0164769_edge.png,64.3,62.512745,0.0024937018752098
1611,/tmp/DataSetCombined/Edges/Round-9_0033144_edge.png,48.55,48.038967,0.0024937018752098
1612,/tmp/DataSetCombined/Edges/Round-10_0040035_edge.png,14.45,14.547258,0.0024937018752098
1613,/tmp/DataSetCombined/Edges/Round-2_0055867_edge.png,64.08,61.96239,0.0024937018752098
1614,/tmp/DataSetCombined/Edges/Round-6_0009634_edge.png,7.52,6.9411387,0.0024937018752098
1615,/tmp/DataSetCombined/Edges/Round-10_0101198_edge.png,58.17,57.49297,0.0024937018752098
1616,/tmp/DataSetCombined/Edges/Round-8_0001091_edge.png,2.7,2.499468,0.0024937018752098
1617,/tmp/DataSetCombined/Edges/Round-1_0087354_edge.png,4.65,4.2423754,0.0024937018752098
1618,/tmp/DataSetCombined/Edges/Round-9_0151796_edge.png,41.64,40.09437,0.0024937018752098
1619,/tmp/DataSetCombined/Edges/Round-5_0117726_edge.png,12.74,12.128683,0.0024937018752098
1620,/tmp/DataSetCombined/Edges/Round-10_0085636_edge.png,7.25,6.6675105,0.0024937018752098
1621,/tmp/DataSetCombined/Edges/Round-9_0138763_edge.png,3.53,3.2903094,0.0024937018752098
1622,/tmp/DataSetCombined/Edges/Round-10_0061436_edge.png,47.55,47.557102,0.0024937018752098
1623,/tmp/DataSetCombined/Edges/Round-2_0094950_edge.png,59.81,60.8928,0.0024937018752098
1624,/tmp/DataSetCombined/Edges/Round-9_0195651_edge.png,64.35,62.401737,0.0024937018752098
1625,/tmp/DataSetCombined/Edges/Round-4_0037327_edge.png,7.62,6.913782,0.0024937018752098
1626,/tmp/DataSetCombined/Edges/Round-6_0079134_edge.png,51.69,50.80082,0.0024937018752098
1627,/tmp/DataSetCombined/Edges/Round-8_0013611_edge.png,6.62,6.222827,0.0024937018752098
1628,/tmp/DataSetCombined/Edges/Round-5_0073871_edge.png,60.7,60.99066,0.0024937018752098
1629,/tmp/DataSetCombined/Edges/Round-9_0179579_edge.png,30.0,30.647842,0.0024937018752098
1630,/tmp/DataSetCombined/Edges/Round-5_0110021_edge.png,23.41,24.2166,0.0024937018752098
1631,/tmp/DataSetCombined/Edges/Round-9_0016348_edge.png,60.96,60.538845,0.0024937018752098
1632,/tmp/DataSetCombined/Edges/Round-7_0132910_edge.png,64.17,62.775784,0.0024937018752098
1633,/tmp/DataSetCombined/Edges/Round-2_0109367_edge.png,4.12,3.766108,0.0024937018752098
1634,/tmp/DataSetCombined/Edges/Round-8_0037137_edge.png,22.69,23.043846,0.0024937018752098
1635,/tmp/DataSetCombined/Edges/Round-3_0005934_edge.png,7.93,7.436594,0.0024937018752098
1636,/tmp/DataSetCombined/Edges/Round-6_0044339_edge.png,41.5,40.80824,0.0024937018752098
1637,/tmp/DataSetCombined/Edges/Round-10_0188457_edge.png,27.5,27.67306,0.0024937018752098
1638,/tmp/DataSetCombined/Edges/Round-9_0085848_edge.png,58.36,57.63842,0.0024937018752098
1639,/tmp/DataSetCombined/Edges/Round-1_0142557_edge.png,3.45,3.2486234,0.0024937018752098
1640,/tmp/DataSetCombined/Edges/Round-1_0102765_edge.png,64.37,62.524475,0.0024937018752098
1641,/tmp/DataSetCombined/Edges/Round-8_0006556_edge.png,46.9,46.393074,0.0024937018752098
1642,/tmp/DataSetCombined/Edges/Round-3_0041780_edge.png,15.73,16.067303,0.0024937018752098
1643,/tmp/DataSetCombined/Edges/Round-9_0186351_edge.png,3.45,3.2286253,0.0024937018752098
1644,/tmp/DataSetCombined/Edges/Round-8_0043771_edge.png,31.13,30.621239,0.0024937018752098
1645,/tmp/DataSetCombined/Edges/Round-2_0101060_edge.png,52.76,51.922867,0.0024937018752098
1646,/tmp/DataSetCombined/Edges/Round-6_0082355_edge.png,64.94,63.057858,0.0024937018752098
1647,/tmp/DataSetCombined/Edges/Round-8_0015658_edge.png,3.15,2.923912,0.0024937018752098
1648,/tmp/DataSetCombined/Edges/Round-9_0178916_edge.png,60.22,60.64024,0.0024937018752098
1649,/tmp/DataSetCombined/Edges/Round-10_0088465_edge.png,6.75,6.332745,0.0024937018752098
1650,/tmp/DataSetCombined/Edges/Round-9_0186471_edge.png,8.2,7.589523,0.0024937018752098
1651,/tmp/DataSetCombined/Edges/Round-9_0004308_edge.png,4.58,4.1028666,0.0024937018752098
1652,/tmp/DataSetCombined/Edges/Round-2_0075499_edge.png,64.31,62.457294,0.0024937018752098
1653,/tmp/DataSetCombined/Edges/Round-5_0088499_edge.png,59.64,59.42766,0.0024937018752098
1654,/tmp/DataSetCombined/Edges/Round-7_0034498_edge.png,64.64,62.278385,0.0024937018752098
1655,/tmp/DataSetCombined/Edges/Round-6_0079585_edge.png,56.59,56.293125,0.0024937018752098
1656,/tmp/DataSetCombined/Edges/Round-9_0017100_edge.png,65.24,63.293472,0.0024937018752098
1657,/tmp/DataSetCombined/Edges/Round-10_0026058_edge.png,65.33,63.321247,0.0024937018752098
1658,/tmp/DataSetCombined/Edges/Round-9_0047020_edge.png,63.27,61.323395,0.0024937018752098
1659,/tmp/DataSetCombined/Edges/Round-9_0128860_edge.png,7.76,7.1429815,0.0024937018752098
1660,/tmp/DataSetCombined/Edges/Round-8_0042916_edge.png,64.4,62.39101,0.0024937018752098
1661,/tmp/DataSetCombined/Edges/Round-10_0058486_edge.png,7.55,6.9980803,0.0024937018752098
1662,/tmp/DataSetCombined/Edges/Round-10_0103666_edge.png,65.33,63.666447,0.0024937018752098
1663,/tmp/DataSetCombined/Edges/Round-6_0018303_edge.png,38.06,37.124928,0.0024937018752098
1664,/tmp/DataSetCombined/Edges/Round-10_0070737_edge.png,3.22,2.9722567,0.0029716454446315
1665,/tmp/DataSetCombined/Edges/Round-9_0116550_edge.png,64.0,62.708652,0.0029716454446315
1666,/tmp/DataSetCombined/Edges/Round-10_0139575_edge.png,14.19,14.25032,0.0029716454446315
1667,/tmp/DataSetCombined/Edges/Round-9_0177832_edge.png,63.82,62.482517,0.0029716454446315
1668,/tmp/DataSetCombined/Edges/Round-8_0006576_edge.png,8.17,7.5647016,0.0029716454446315
1669,/tmp/DataSetCombined/Edges/Round-6_0021885_edge.png,3.68,3.4154916,0.0029716454446315
1670,/tmp/DataSetCombined/Edges/Round-1_0010200_edge.png,3.39,3.242097,0.0029716454446315
1671,/tmp/DataSetCombined/Edges/Round-5_0118840_edge.png,9.09,8.323109,0.0029716454446315
1672,/tmp/DataSetCombined/Edges/Round-5_0107221_edge.png,5.56,5.438772,0.0029716454446315
1673,/tmp/DataSetCombined/Edges/Round-1_0108423_edge.png,3.38,3.244082,0.0029716454446315
1674,/tmp/DataSetCombined/Edges/Round-5_0039226_edge.png,5.14,4.675515,0.0029716454446315
1675,/tmp/DataSetCombined/Edges/Round-2_0062923_edge.png,7.91,7.3751497,0.0029716454446315
1676,/tmp/DataSetCombined/Edges/Round-10_0029590_edge.png,50.47,49.593994,0.0029716454446315
1677,/tmp/DataSetCombined/Edges/Round-9_0108933_edge.png,13.83,13.451687,0.0029716454446315
1678,/tmp/DataSetCombined/Edges/Round-9_0174582_edge.png,3.76,3.50746,0.0029716454446315
1679,/tmp/DataSetCombined/Edges/Round-4_0046478_edge.png,23.71,23.807486,0.0029716454446315
1680,/tmp/DataSetCombined/Edges/Round-6_0073054_edge.png,3.35,3.2449088,0.0029716454446315
1681,/tmp/DataSetCombined/Edges/Round-5_0057076_edge.png,5.61,5.29206,0.0029716454446315
1682,/tmp/DataSetCombined/Edges/Round-9_0054033_edge.png,7.25,6.645687,0.0029716454446315
1683,/tmp/DataSetCombined/Edges/Round-7_0129131_edge.png,7.97,7.3376703,0.0029716454446315
1684,/tmp/DataSetCombined/Edges/Round-2_0102384_edge.png,5.17,4.836467,0.0029716454446315
1685,/tmp/DataSetCombined/Edges/Round-9_0051625_edge.png,64.65,62.778286,0.0029716454446315
1686,/tmp/DataSetCombined/Edges/Round-6_0129671_edge.png,46.17,45.476124,0.0029716454446315
1687,/tmp/DataSetCombined/Edges/Round-5_0078235_edge.png,17.5,17.865383,0.0029716454446315
1688,/tmp/DataSetCombined/Edges/Round-10_0062640_edge.png,10.64,9.901644,0.0029716454446315
1689,/tmp/DataSetCombined/Edges/Round-10_0080669_edge.png,63.46,62.589676,0.0029716454446315
1690,/tmp/DataSetCombined/Edges/Round-6_0046506_edge.png,9.89,9.21031,0.0029716454446315
1691,/tmp/DataSetCombined/Edges/Round-4_0064838_edge.png,64.24,62.3861,0.0029716454446315
1692,/tmp/DataSetCombined/Edges/Round-10_0000063_edge.png,7.76,7.216504,0.0029716454446315
1693,/tmp/DataSetCombined/Edges/Round-1_0090694_edge.png,60.58,60.26423,0.0029716454446315
1694,/tmp/DataSetCombined/Edges/Round-6_0041600_edge.png,6.4,6.0626974,0.0029716454446315
1695,/tmp/DataSetCombined/Edges/Round-5_0079049_edge.png,5.93,5.638606,0.0029716454446315
1696,/tmp/DataSetCombined/Edges/Round-3_0056800_edge.png,63.21,61.912704,0.0029716454446315
1697,/tmp/DataSetCombined/Edges/Round-8_0085959_edge.png,9.56,9.033067,0.0029716454446315
1698,/tmp/DataSetCombined/Edges/Round-8_0037179_edge.png,64.86,62.705574,0.0029716454446315
1699,/tmp/DataSetCombined/Edges/Round-8_0062090_edge.png,30.65,30.051836,0.0029716454446315
1700,/tmp/DataSetCombined/Edges/Round-8_0014262_edge.png,55.6,56.18419,0.0029716454446315
1701,/tmp/DataSetCombined/Edges/Round-5_0096867_edge.png,65.58,63.41249,0.0029716454446315
1702,/tmp/DataSetCombined/Edges/Round-4_0030163_edge.png,11.42,10.607597,0.0029716454446315
1703,/tmp/DataSetCombined/Edges/Round-8_0013660_edge.png,65.44,63.219807,0.0029716454446315
1704,/tmp/DataSetCombined/Edges/Round-1_0044734_edge.png,7.36,6.761632,0.0029716454446315
1705,/tmp/DataSetCombined/Edges/Round-9_0040247_edge.png,62.86,61.546787,0.0029716454446315
1706,/tmp/DataSetCombined/Edges/Round-10_0195109_edge.png,9.2,8.4084425,0.0029716454446315
1707,/tmp/DataSetCombined/Edges/Round-4_0000304_edge.png,7.52,6.9393926,0.0029716454446315
1708,/tmp/DataSetCombined/Edges/Round-4_0016257_edge.png,57.32,55.73216,0.0029716454446315
1709,/tmp/DataSetCombined/Edges/Round-2_0054600_edge.png,54.92,53.854107,0.0029716454446315
1710,/tmp/DataSetCombined/Edges/Round-9_0141532_edge.png,15.5,16.185066,0.0029716454446315
1711,/tmp/DataSetCombined/Edges/Round-1_0067834_edge.png,64.32,62.08106,0.0029716454446315
1712,/tmp/DataSetCombined/Edges/Round-9_0047200_edge.png,64.91,63.258896,0.0029716454446315
1713,/tmp/DataSetCombined/Edges/Round-6_0116758_edge.png,65.08,63.238483,0.0029716454446315
1714,/tmp/DataSetCombined/Edges/Round-4_0037387_edge.png,32.09,32.508698,0.0029716454446315
1715,/tmp/DataSetCombined/Edges/Round-8_0053162_edge.png,3.79,3.5025802,0.0029716454446315
1716,/tmp/DataSetCombined/Edges/Round-3_0016707_edge.png,63.82,62.914745,0.0029716454446315
1717,/tmp/DataSetCombined/Edges/Round-10_0197296_edge.png,61.54,60.472927,0.0029716454446315
1718,/tmp/DataSetCombined/Edges/Round-9_0005000_edge.png,7.35,6.8204565,0.0029716454446315
1719,/tmp/DataSetCombined/Edges/Round-4_0075975_edge.png,64.99,62.79925,0.0029716454446315
1720,/tmp/DataSetCombined/Edges/Round-6_0130966_edge.png,3.32,3.1903024,0.0029716454446315
1721,/tmp/DataSetCombined/Edges/Round-1_0011800_edge.png,7.44,7.006691,0.0029716454446315
1722,/tmp/DataSetCombined/Edges/Round-10_0054363_edge.png,65.13,63.7785,0.0029716454446315
1723,/tmp/DataSetCombined/Edges/Round-9_0134398_edge.png,26.72,27.303186,0.0029716454446315
1724,/tmp/DataSetCombined/Edges/Round-7_0071762_edge.png,64.67,62.564045,0.0029716454446315
1725,/tmp/DataSetCombined/Edges/Round-7_0015987_edge.png,5.49,5.356999,0.0029716454446315
1726,/tmp/DataSetCombined/Edges/Round-4_0002505_edge.png,63.9,62.157993,0.0029716454446315
1727,/tmp/DataSetCombined/Edges/Round-6_0122929_edge.png,4.15,3.8018813,0.0029716454446315
1728,/tmp/DataSetCombined/Edges/Round-10_0056740_edge.png,25.08,25.465265,0.002418864518404
1729,/tmp/DataSetCombined/Edges/Round-10_0044731_edge.png,40.79,39.88418,0.002418864518404
1730,/tmp/DataSetCombined/Edges/Round-3_0081422_edge.png,9.18,8.344921,0.002418864518404
1731,/tmp/DataSetCombined/Edges/Round-1_0161340_edge.png,9.83,9.0830555,0.002418864518404
1732,/tmp/DataSetCombined/Edges/Round-8_0076448_edge.png,7.77,7.1355495,0.002418864518404
1733,/tmp/DataSetCombined/Edges/Round-6_0067305_edge.png,6.29,5.9390388,0.002418864518404
1734,/tmp/DataSetCombined/Edges/Round-6_0095538_edge.png,13.04,12.106224,0.002418864518404
1735,/tmp/DataSetCombined/Edges/Round-9_0196645_edge.png,4.88,4.4516854,0.002418864518404
1736,/tmp/DataSetCombined/Edges/Round-4_0069202_edge.png,55.48,54.050495,0.002418864518404
1737,/tmp/DataSetCombined/Edges/Round-9_0198360_edge.png,6.13,5.839781,0.002418864518404
1738,/tmp/DataSetCombined/Edges/Round-4_0031578_edge.png,64.86,62.688168,0.002418864518404
1739,/tmp/DataSetCombined/Edges/Round-1_0098038_edge.png,3.28,2.9564657,0.002418864518404
1740,/tmp/DataSetCombined/Edges/Round-8_0023845_edge.png,64.76,62.800602,0.002418864518404
1741,/tmp/DataSetCombined/Edges/Round-7_0005031_edge.png,4.14,3.799078,0.002418864518404
1742,/tmp/DataSetCombined/Edges/Round-1_0026167_edge.png,3.52,3.3075395,0.002418864518404
1743,/tmp/DataSetCombined/Edges/Round-8_0071240_edge.png,6.82,6.4921513,0.002418864518404
1744,/tmp/DataSetCombined/Edges/Round-2_0111865_edge.png,57.45,57.060932,0.002418864518404
1745,/tmp/DataSetCombined/Edges/Round-8_0074172_edge.png,64.58,62.626312,0.002418864518404
1746,/tmp/DataSetCombined/Edges/Round-6_0009233_edge.png,2.81,2.4751706,0.002418864518404
1747,/tmp/DataSetCombined/Edges/Round-7_0130245_edge.png,4.62,4.124582,0.002418864518404
1748,/tmp/DataSetCombined/Edges/Round-6_0047440_edge.png,26.79,27.401274,0.002418864518404
1749,/tmp/DataSetCombined/Edges/Round-7_0009395_edge.png,48.57,48.46919,0.002418864518404
1750,/tmp/DataSetCombined/Edges/Round-1_0079257_edge.png,64.28,62.574265,0.002418864518404
1751,/tmp/DataSetCombined/Edges/Round-8_0018776_edge.png,64.37,62.496555,0.002418864518404
1752,/tmp/DataSetCombined/Edges/Round-6_0021253_edge.png,3.36,3.0485039,0.002418864518404
1753,/tmp/DataSetCombined/Edges/Round-4_0087864_edge.png,64.99,62.63026,0.002418864518404
1754,/tmp/DataSetCombined/Edges/Round-6_0052887_edge.png,5.1,4.6518116,0.002418864518404
1755,/tmp/DataSetCombined/Edges/Round-9_0062852_edge.png,3.01,2.661234,0.002418864518404
1756,/tmp/DataSetCombined/Edges/Round-9_0074690_edge.png,61.18,61.652493,0.002418864518404
1757,/tmp/DataSetCombined/Edges/Round-6_0073897_edge.png,64.77,63.176495,0.002418864518404
1758,/tmp/DataSetCombined/Edges/Round-8_0022319_edge.png,2.94,2.6241107,0.002418864518404
1759,/tmp/DataSetCombined/Edges/Round-4_0036407_edge.png,6.11,5.8364477,0.002418864518404
1760,/tmp/DataSetCombined/Edges/Round-8_0005940_edge.png,50.93,49.85426,0.002418864518404
1761,/tmp/DataSetCombined/Edges/Round-7_0110199_edge.png,3.28,2.9895353,0.002418864518404
1762,/tmp/DataSetCombined/Edges/Round-6_0049125_edge.png,9.5,8.852566,0.002418864518404
1763,/tmp/DataSetCombined/Edges/Round-7_0067969_edge.png,2.66,2.2905197,0.002418864518404
1764,/tmp/DataSetCombined/Edges/Round-10_0169253_edge.png,64.13,62.607304,0.002418864518404
1765,/tmp/DataSetCombined/Edges/Round-2_0098622_edge.png,3.21,2.8843808,0.002418864518404
1766,/tmp/DataSetCombined/Edges/Round-3_0006367_edge.png,51.09,49.85248,0.002418864518404
1767,/tmp/DataSetCombined/Edges/Round-9_0029442_edge.png,64.2,62.234196,0.002418864518404
1768,/tmp/DataSetCombined/Edges/Round-7_0060263_edge.png,29.21,29.351309,0.002418864518404
1769,/tmp/DataSetCombined/Edges/Round-1_0048167_edge.png,59.23,59.141144,0.002418864518404
1770,/tmp/DataSetCombined/Edges/Round-9_0130937_edge.png,18.54,19.084394,0.002418864518404
1771,/tmp/DataSetCombined/Edges/Round-8_0041623_edge.png,65.46,63.21394,0.002418864518404
1772,/tmp/DataSetCombined/Edges/Round-2_0082910_edge.png,7.76,7.1621175,0.002418864518404
1773,/tmp/DataSetCombined/Edges/Round-6_0079014_edge.png,7.03,6.651721,0.002418864518404
1774,/tmp/DataSetCombined/Edges/Round-8_0011944_edge.png,55.3,53.718716,0.002418864518404
1775,/tmp/DataSetCombined/Edges/Round-6_0092318_edge.png,64.55,62.432594,0.002418864518404
1776,/tmp/DataSetCombined/Edges/Round-5_0116432_edge.png,5.64,5.3392735,0.002418864518404
1777,/tmp/DataSetCombined/Edges/Round-9_0131238_edge.png,3.58,3.2926736,0.002418864518404
1778,/tmp/DataSetCombined/Edges/Round-10_0014751_edge.png,7.3,6.8382797,0.002418864518404
1779,/tmp/DataSetCombined/Edges/Round-8_0063415_edge.png,59.6,58.94099,0.002418864518404
1780,/tmp/DataSetCombined/Edges/Round-9_0110800_edge.png,4.81,4.357216,0.002418864518404
1781,/tmp/DataSetCombined/Edges/Round-6_0031998_edge.png,64.14,63.08158,0.002418864518404
1782,/tmp/DataSetCombined/Edges/Round-1_0078896_edge.png,64.42,62.525757,0.002418864518404
1783,/tmp/DataSetCombined/Edges/Round-6_0027784_edge.png,45.07,43.659313,0.002418864518404
1784,/tmp/DataSetCombined/Edges/Round-7_0087534_edge.png,65.04,63.122356,0.002418864518404
1785,/tmp/DataSetCombined/Edges/Round-8_0026042_edge.png,28.65,29.871653,0.002418864518404
1786,/tmp/DataSetCombined/Edges/Round-6_0086719_edge.png,12.32,11.076849,0.002418864518404
1787,/tmp/DataSetCombined/Edges/Round-5_0108636_edge.png,8.11,7.7835,0.002418864518404
1788,/tmp/DataSetCombined/Edges/Round-9_0080550_edge.png,65.14,63.43511,0.002418864518404
1789,/tmp/DataSetCombined/Edges/Round-2_0069567_edge.png,9.53,8.932068,0.002418864518404
1790,/tmp/DataSetCombined/Edges/Round-10_0090580_edge.png,4.6,4.2188926,0.002418864518404
1791,/tmp/DataSetCombined/Edges/Round-9_0121425_edge.png,2.99,2.784555,0.002418864518404
1792,/tmp/DataSetCombined/Edges/Round-4_0090182_edge.png,7.95,7.4253006,0.0025224238634109
1793,/tmp/DataSetCombined/Edges/Round-5_0050062_edge.png,27.9,28.3041,0.0025224238634109
1794,/tmp/DataSetCombined/Edges/Round-5_0030949_edge.png,59.38,58.59772,0.0025224238634109
1795,/tmp/DataSetCombined/Edges/Round-3_0013095_edge.png,64.27,62.367443,0.0025224238634109
1796,/tmp/DataSetCombined/Edges/Round-8_0066003_edge.png,65.27,63.769318,0.0025224238634109
1797,/tmp/DataSetCombined/Edges/Round-5_0103369_edge.png,3.32,3.224032,0.0025224238634109
1798,/tmp/DataSetCombined/Edges/Round-9_0028960_edge.png,12.32,11.141487,0.0025224238634109
1799,/tmp/DataSetCombined/Edges/Round-9_0051233_edge.png,6.63,6.2444067,0.0025224238634109
1800,/tmp/DataSetCombined/Edges/Round-2_0073068_edge.png,2.75,2.4366546,0.0025224238634109
1801,/tmp/DataSetCombined/Edges/Round-7_0010779_edge.png,64.02,62.153507,0.0025224238634109
1802,/tmp/DataSetCombined/Edges/Round-9_0044130_edge.png,64.81,62.574657,0.0025224238634109
1803,/tmp/DataSetCombined/Edges/Round-7_0125700_edge.png,11.92,11.0900955,0.0025224238634109
1804,/tmp/DataSetCombined/Edges/Round-3_0040907_edge.png,62.1,60.919018,0.0025224238634109
1805,/tmp/DataSetCombined/Edges/Round-8_0032545_edge.png,8.25,7.5756063,0.0025224238634109
1806,/tmp/DataSetCombined/Edges/Round-9_0029501_edge.png,5.93,5.710022,0.0025224238634109
1807,/tmp/DataSetCombined/Edges/Round-9_0131906_edge.png,7.19,6.683974,0.0025224238634109
1808,/tmp/DataSetCombined/Edges/Round-1_0017467_edge.png,64.21,61.959095,0.0025224238634109
1809,/tmp/DataSetCombined/Edges/Round-5_0018991_edge.png,7.32,6.8598742,0.0025224238634109
1810,/tmp/DataSetCombined/Edges/Round-8_0042947_edge.png,41.3,40.308723,0.0025224238634109
1811,/tmp/DataSetCombined/Edges/Round-9_0009876_edge.png,3.31,3.117056,0.0025224238634109
1812,/tmp/DataSetCombined/Edges/Round-4_0018514_edge.png,64.34,62.53659,0.0025224238634109
1813,/tmp/DataSetCombined/Edges/Round-7_0065381_edge.png,65.21,63.340424,0.0025224238634109
1814,/tmp/DataSetCombined/Edges/Round-1_0049909_edge.png,9.73,9.053862,0.0025224238634109
1815,/tmp/DataSetCombined/Edges/Round-2_0092752_edge.png,40.37,39.626453,0.0025224238634109
1816,/tmp/DataSetCombined/Edges/Round-10_0111251_edge.png,64.77,62.703037,0.0025224238634109
1817,/tmp/DataSetCombined/Edges/Round-10_0145565_edge.png,4.11,3.7537389,0.0025224238634109
1818,/tmp/DataSetCombined/Edges/Round-8_0041213_edge.png,3.94,3.5993128,0.0025224238634109
1819,/tmp/DataSetCombined/Edges/Round-1_0154866_edge.png,63.95,62.170742,0.0025224238634109
1820,/tmp/DataSetCombined/Edges/Round-5_0084402_edge.png,6.71,6.3582263,0.0025224238634109
1821,/tmp/DataSetCombined/Edges/Round-9_0194718_edge.png,14.83,15.100943,0.0025224238634109
1822,/tmp/DataSetCombined/Edges/Round-1_0037734_edge.png,46.74,45.745975,0.0025224238634109
1823,/tmp/DataSetCombined/Edges/Round-5_0119923_edge.png,3.31,3.2070627,0.0025224238634109
1824,/tmp/DataSetCombined/Edges/Round-9_0090965_edge.png,65.26,63.254547,0.0025224238634109
1825,/tmp/DataSetCombined/Edges/Round-5_0090817_edge.png,4.99,4.4618707,0.0025224238634109
1826,/tmp/DataSetCombined/Edges/Round-10_0006444_edge.png,52.38,50.680065,0.0025224238634109
1827,/tmp/DataSetCombined/Edges/Round-6_0054121_edge.png,27.16,27.031057,0.0025224238634109
1828,/tmp/DataSetCombined/Edges/Round-4_0068571_edge.png,52.91,51.48356,0.0025224238634109
1829,/tmp/DataSetCombined/Edges/Round-6_0032179_edge.png,65.33,63.242718,0.0025224238634109
1830,/tmp/DataSetCombined/Edges/Round-1_0096446_edge.png,2.74,2.4213204,0.0025224238634109
1831,/tmp/DataSetCombined/Edges/Round-8_0041050_edge.png,3.9,3.5725017,0.0025224238634109
1832,/tmp/DataSetCombined/Edges/Round-6_0129551_edge.png,6.87,6.473672,0.0025224238634109
1833,/tmp/DataSetCombined/Edges/Round-5_0023966_edge.png,3.25,3.0463657,0.0025224238634109
1834,/tmp/DataSetCombined/Edges/Round-6_0082686_edge.png,4.53,4.1069174,0.0025224238634109
1835,/tmp/DataSetCombined/Edges/Round-9_0133044_edge.png,65.34,63.24524,0.0025224238634109
1836,/tmp/DataSetCombined/Edges/Round-5_0003788_edge.png,2.68,2.4055438,0.0025224238634109
1837,/tmp/DataSetCombined/Edges/Round-6_0054031_edge.png,5.62,5.3727345,0.0025224238634109
1838,/tmp/DataSetCombined/Edges/Round-3_0088555_edge.png,4.03,3.7020264,0.0025224238634109
1839,/tmp/DataSetCombined/Edges/Round-1_0046634_edge.png,60.43,59.360413,0.0025224238634109
1840,/tmp/DataSetCombined/Edges/Round-8_0056853_edge.png,20.23,20.461456,0.0025224238634109
1841,/tmp/DataSetCombined/Edges/Round-2_0103022_edge.png,65.31,62.986744,0.0025224238634109
1842,/tmp/DataSetCombined/Edges/Round-7_0067306_edge.png,5.57,5.233528,0.0025224238634109
1843,/tmp/DataSetCombined/Edges/Round-8_0054595_edge.png,6.63,6.2631826,0.0025224238634109
1844,/tmp/DataSetCombined/Edges/Round-7_0102674_edge.png,4.53,4.0356035,0.0025224238634109
1845,/tmp/DataSetCombined/Edges/Round-10_0079556_edge.png,8.34,7.651316,0.0025224238634109
1846,/tmp/DataSetCombined/Edges/Round-8_0070229_edge.png,45.03,44.22337,0.0025224238634109
1847,/tmp/DataSetCombined/Edges/Round-9_0050932_edge.png,64.83,62.453327,0.0025224238634109
1848,/tmp/DataSetCombined/Edges/Round-5_0006147_edge.png,65.12,63.04475,0.0025224238634109
1849,/tmp/DataSetCombined/Edges/Round-10_0118475_edge.png,4.82,4.4071546,0.0025224238634109
1850,/tmp/DataSetCombined/Edges/Round-9_0002532_edge.png,26.96,27.905115,0.0025224238634109
1851,/tmp/DataSetCombined/Edges/Round-7_0069270_edge.png,3.52,3.2674437,0.0025224238634109
1852,/tmp/DataSetCombined/Edges/Round-4_0050239_edge.png,30.82,31.315054,0.0025224238634109
1853,/tmp/DataSetCombined/Edges/Round-8_0085929_edge.png,28.96,29.309942,0.0025224238634109
1854,/tmp/DataSetCombined/Edges/Round-1_0068900_edge.png,58.12,58.2673,0.0025224238634109
1855,/tmp/DataSetCombined/Edges/Round-10_0023932_edge.png,3.2,2.8862967,0.0025224238634109
1856,/tmp/DataSetCombined/Edges/Round-10_0055867_edge.png,62.82,61.993088,0.0025388859212398
1857,/tmp/DataSetCombined/Edges/Round-7_0092590_edge.png,51.51,50.87762,0.0025388859212398
1858,/tmp/DataSetCombined/Edges/Round-6_0016587_edge.png,29.81,29.463507,0.0025388859212398
1859,/tmp/DataSetCombined/Edges/Round-7_0088844_edge.png,64.88,62.94691,0.0025388859212398
1860,/tmp/DataSetCombined/Edges/Round-7_0071129_edge.png,63.37,61.563538,0.0025388859212398
1861,/tmp/DataSetCombined/Edges/Round-8_0033056_edge.png,3.96,3.6333919,0.0025388859212398
1862,/tmp/DataSetCombined/Edges/Round-1_0074603_edge.png,63.35,62.57163,0.0025388859212398
1863,/tmp/DataSetCombined/Edges/Round-10_0151012_edge.png,5.38,5.1104546,0.0025388859212398
1864,/tmp/DataSetCombined/Edges/Round-3_0056890_edge.png,4.47,3.993631,0.0025388859212398
1865,/tmp/DataSetCombined/Edges/Round-5_0082239_edge.png,2.88,2.604506,0.0025388859212398
1866,/tmp/DataSetCombined/Edges/Round-5_0058069_edge.png,9.86,9.194994,0.0025388859212398
1867,/tmp/DataSetCombined/Edges/Round-1_0104872_edge.png,6.27,5.911123,0.0025388859212398
1868,/tmp/DataSetCombined/Edges/Round-6_0131447_edge.png,4.75,4.201798,0.0025388859212398
1869,/tmp/DataSetCombined/Edges/Round-4_0083289_edge.png,34.48,34.432278,0.0025388859212398
1870,/tmp/DataSetCombined/Edges/Round-10_0022758_edge.png,9.13,8.410913,0.0025388859212398
1871,/tmp/DataSetCombined/Edges/Round-4_0057313_edge.png,7.55,7.006048,0.0025388859212398
1872,/tmp/DataSetCombined/Edges/Round-7_0030314_edge.png,6.07,5.800359,0.0025388859212398
1873,/tmp/DataSetCombined/Edges/Round-8_0043548_edge.png,64.14,62.86552,0.0025388859212398
1874,/tmp/DataSetCombined/Edges/Round-10_0151494_edge.png,64.7,62.963726,0.0025388859212398
1875,/tmp/DataSetCombined/Edges/Round-6_0042081_edge.png,25.07,25.078875,0.0025388859212398
1876,/tmp/DataSetCombined/Edges/Round-7_0116098_edge.png,30.71,31.131199,0.0025388859212398
1877,/tmp/DataSetCombined/Edges/Round-8_0083912_edge.png,3.75,3.4568272,0.0025388859212398
1878,/tmp/DataSetCombined/Edges/Round-4_0009785_edge.png,8.78,8.082339,0.0025388859212398
1879,/tmp/DataSetCombined/Edges/Round-9_0145025_edge.png,39.2,38.982708,0.0025388859212398
1880,/tmp/DataSetCombined/Edges/Round-9_0128830_edge.png,63.98,60.696327,0.0025388859212398
1881,/tmp/DataSetCombined/Edges/Round-9_0058276_edge.png,58.95,56.520947,0.0025388859212398
1882,/tmp/DataSetCombined/Edges/Round-9_0063785_edge.png,65.25,63.924145,0.0025388859212398
1883,/tmp/DataSetCombined/Edges/Round-5_0094369_edge.png,55.16,55.03809,0.0025388859212398
1884,/tmp/DataSetCombined/Edges/Round-2_0074034_edge.png,57.54,59.39822,0.0025388859212398
1885,/tmp/DataSetCombined/Edges/Round-4_0039554_edge.png,63.94,62.014347,0.0025388859212398
1886,/tmp/DataSetCombined/Edges/Round-7_0104991_edge.png,26.03,26.670244,0.0025388859212398
1887,/tmp/DataSetCombined/Edges/Round-7_0121968_edge.png,5.63,5.2913914,0.0025388859212398
1888,/tmp/DataSetCombined/Edges/Round-10_0059148_edge.png,7.9,7.4431934,0.0025388859212398
1889,/tmp/DataSetCombined/Edges/Round-9_0105895_edge.png,3.0,2.8227983,0.0025388859212398
1890,/tmp/DataSetCombined/Edges/Round-4_0057132_edge.png,64.25,62.276222,0.0025388859212398
1891,/tmp/DataSetCombined/Edges/Round-8_0050622_edge.png,13.78,13.377049,0.0025388859212398
1892,/tmp/DataSetCombined/Edges/Round-9_0136054_edge.png,46.85,46.422886,0.0025388859212398
1893,/tmp/DataSetCombined/Edges/Round-1_0136782_edge.png,44.77,44.013622,0.0025388859212398
1894,/tmp/DataSetCombined/Edges/Round-10_0019327_edge.png,9.82,9.062211,0.0025388859212398
1895,/tmp/DataSetCombined/Edges/Round-10_0146768_edge.png,65.06,63.44859,0.0025388859212398
1896,/tmp/DataSetCombined/Edges/Round-8_0038552_edge.png,62.45,62.402554,0.0025388859212398
1897,/tmp/DataSetCombined/Edges/Round-8_0029355_edge.png,4.76,4.2585893,0.0025388859212398
1898,/tmp/DataSetCombined/Edges/Round-10_0181473_edge.png,60.38,59.21448,0.0025388859212398
1899,/tmp/DataSetCombined/Edges/Round-8_0020733_edge.png,4.89,4.5069437,0.0025388859212398
1900,/tmp/DataSetCombined/Edges/Round-4_0045514_edge.png,3.06,2.8022542,0.0025388859212398
1901,/tmp/DataSetCombined/Edges/Round-10_0040426_edge.png,61.6,60.566525,0.0025388859212398
1902,/tmp/DataSetCombined/Edges/Round-6_0048432_edge.png,64.65,62.533054,0.0025388859212398
1903,/tmp/DataSetCombined/Edges/Round-10_0024564_edge.png,7.65,7.046362,0.0025388859212398
1904,/tmp/DataSetCombined/Edges/Round-8_0011865_edge.png,5.79,5.4063754,0.0025388859212398
1905,/tmp/DataSetCombined/Edges/Round-7_0006686_edge.png,62.24,60.934124,0.0025388859212398
1906,/tmp/DataSetCombined/Edges/Round-5_0073420_edge.png,5.19,4.748741,0.0025388859212398
1907,/tmp/DataSetCombined/Edges/Round-3_0041419_edge.png,59.58,59.04555,0.0025388859212398
1908,/tmp/DataSetCombined/Edges/Round-10_0132080_edge.png,17.03,17.53557,0.0025388859212398
1909,/tmp/DataSetCombined/Edges/Round-1_0142681_edge.png,5.27,4.824503,0.0025388859212398
1910,/tmp/DataSetCombined/Edges/Round-9_0167659_edge.png,2.0,1.6611491,0.0025388859212398
1911,/tmp/DataSetCombined/Edges/Round-8_0019138_edge.png,64.58,62.55734,0.0025388859212398
1912,/tmp/DataSetCombined/Edges/Round-6_0108872_edge.png,64.16,62.21201,0.0025388859212398
1913,/tmp/DataSetCombined/Edges/Round-5_0055179_edge.png,4.11,3.758266,0.0025388859212398
1914,/tmp/DataSetCombined/Edges/Round-9_0038803_edge.png,3.41,3.2021947,0.0025388859212398
1915,/tmp/DataSetCombined/Edges/Round-7_0098189_edge.png,3.59,3.3763776,0.0025388859212398
1916,/tmp/DataSetCombined/Edges/Round-10_0024143_edge.png,64.01,62.605762,0.0025388859212398
1917,/tmp/DataSetCombined/Edges/Round-10_0148304_edge.png,3.99,3.6216364,0.0025388859212398
1918,/tmp/DataSetCombined/Edges/Round-6_0030914_edge.png,12.08,11.209952,0.0025388859212398
1919,/tmp/DataSetCombined/Edges/Round-9_0118717_edge.png,65.25,63.4994,0.0025388859212398
1920,/tmp/DataSetCombined/Edges/Round-4_0068389_edge.png,6.91,6.401724,0.0030147843062877
1921,/tmp/DataSetCombined/Edges/Round-1_0089671_edge.png,5.91,5.77772,0.0030147843062877
1922,/tmp/DataSetCombined/Edges/Round-3_0014540_edge.png,10.98,10.466643,0.0030147843062877
1923,/tmp/DataSetCombined/Edges/Round-1_0120102_edge.png,5.22,4.772406,0.0030147843062877
1924,/tmp/DataSetCombined/Edges/Round-6_0131567_edge.png,6.13,5.8982244,0.0030147843062877
1925,/tmp/DataSetCombined/Edges/Round-6_0030824_edge.png,7.01,6.640029,0.0030147843062877
1926,/tmp/DataSetCombined/Edges/Round-8_0053090_edge.png,55.48,53.600674,0.0030147843062877
1927,/tmp/DataSetCombined/Edges/Round-1_0125551_edge.png,65.21,63.236736,0.0030147843062877
1928,/tmp/DataSetCombined/Edges/Round-3_0012734_edge.png,58.67,58.091248,0.0030147843062877
1929,/tmp/DataSetCombined/Edges/Round-3_0080940_edge.png,2.94,2.6725826,0.0030147843062877
1930,/tmp/DataSetCombined/Edges/Round-7_0127084_edge.png,61.17,60.35604,0.0030147843062877
1931,/tmp/DataSetCombined/Edges/Round-10_0048373_edge.png,45.29,43.79849,0.0030147843062877
1932,/tmp/DataSetCombined/Edges/Round-8_0040221_edge.png,64.53,62.649464,0.0030147843062877
1933,/tmp/DataSetCombined/Edges/Round-10_0138972_edge.png,4.35,3.9570265,0.0030147843062877
1934,/tmp/DataSetCombined/Edges/Round-10_0128829_edge.png,8.06,7.428742,0.0030147843062877
1935,/tmp/DataSetCombined/Edges/Round-8_0020884_edge.png,5.31,5.02213,0.0030147843062877
1936,/tmp/DataSetCombined/Edges/Round-2_0034800_edge.png,65.07,63.030155,0.0030147843062877
1937,/tmp/DataSetCombined/Edges/Round-10_0104659_edge.png,63.24,60.874405,0.0030147843062877
1938,/tmp/DataSetCombined/Edges/Round-6_0079375_edge.png,64.69,62.276756,0.0030147843062877
1939,/tmp/DataSetCombined/Edges/Round-10_0124977_edge.png,36.06,36.665493,0.0030147843062877
1940,/tmp/DataSetCombined/Edges/Round-10_0127866_edge.png,11.98,11.148565,0.0030147843062877
1941,/tmp/DataSetCombined/Edges/Round-6_0056018_edge.png,63.95,62.401325,0.0030147843062877
1942,/tmp/DataSetCombined/Edges/Round-10_0117983_edge.png,64.37,62.38735,0.0030147843062877
1943,/tmp/DataSetCombined/Edges/Round-10_0014631_edge.png,14.4,14.500776,0.0030147843062877
1944,/tmp/DataSetCombined/Edges/Round-4_0084463_edge.png,62.78,61.26652,0.0030147843062877
1945,/tmp/DataSetCombined/Edges/Round-1_0140509_edge.png,49.64,48.33637,0.0030147843062877
1946,/tmp/DataSetCombined/Edges/Round-5_0093075_edge.png,39.04,38.457977,0.0030147843062877
1947,/tmp/DataSetCombined/Edges/Round-9_0144905_edge.png,63.91,62.399914,0.0030147843062877
1948,/tmp/DataSetCombined/Edges/Round-7_0002652_edge.png,6.91,6.478735,0.0030147843062877
1949,/tmp/DataSetCombined/Edges/Round-4_0024384_edge.png,49.74,49.556217,0.0030147843062877
1950,/tmp/DataSetCombined/Edges/Round-8_0026542_edge.png,35.17,34.518772,0.0030147843062877
1951,/tmp/DataSetCombined/Edges/Round-9_0160194_edge.png,37.9,37.55044,0.0030147843062877
1952,/tmp/DataSetCombined/Edges/Round-8_0061970_edge.png,50.29,49.37739,0.0030147843062877
1953,/tmp/DataSetCombined/Edges/Round-10_0018664_edge.png,60.14,60.365334,0.0030147843062877
1954,/tmp/DataSetCombined/Edges/Round-2_0094769_edge.png,5.48,5.1022797,0.0030147843062877
1955,/tmp/DataSetCombined/Edges/Round-8_0040328_edge.png,5.55,5.176609,0.0030147843062877
1956,/tmp/DataSetCombined/Edges/Round-10_0055988_edge.png,7.43,6.9552393,0.0030147843062877
1957,/tmp/DataSetCombined/Edges/Round-9_0163174_edge.png,61.59,61.754772,0.0030147843062877
1958,/tmp/DataSetCombined/Edges/Round-7_0066133_edge.png,63.89,62.73498,0.0030147843062877
1959,/tmp/DataSetCombined/Edges/Round-8_0038745_edge.png,64.61,62.46595,0.0030147843062877
1960,/tmp/DataSetCombined/Edges/Round-9_0133194_edge.png,63.79,62.961506,0.0030147843062877
1961,/tmp/DataSetCombined/Edges/Round-9_0093373_edge.png,64.18,62.914513,0.0030147843062877
1962,/tmp/DataSetCombined/Edges/Round-7_0114894_edge.png,4.12,3.7916274,0.0030147843062877
1963,/tmp/DataSetCombined/Edges/Round-9_0190203_edge.png,3.93,3.6014853,0.0030147843062877
1964,/tmp/DataSetCombined/Edges/Round-10_0170213_edge.png,14.29,14.049423,0.0030147843062877
1965,/tmp/DataSetCombined/Edges/Round-2_0054167_edge.png,27.97,28.436232,0.0030147843062877
1966,/tmp/DataSetCombined/Edges/Round-7_0098430_edge.png,30.46,30.927887,0.0030147843062877
1967,/tmp/DataSetCombined/Edges/Round-8_0062722_edge.png,61.97,60.054176,0.0030147843062877
1968,/tmp/DataSetCombined/Edges/Round-3_0027367_edge.png,63.76,62.899464,0.0030147843062877
1969,/tmp/DataSetCombined/Edges/Round-9_0011712_edge.png,62.83,61.86674,0.0030147843062877
1970,/tmp/DataSetCombined/Edges/Round-5_0106861_edge.png,8.32,7.759607,0.0030147843062877
1971,/tmp/DataSetCombined/Edges/Round-10_0092469_edge.png,63.78,62.030468,0.0030147843062877
1972,/tmp/DataSetCombined/Edges/Round-9_0058909_edge.png,63.2,62.384884,0.0030147843062877
1973,/tmp/DataSetCombined/Edges/Round-5_0019902_edge.png,3.97,3.6623406,0.0030147843062877
1974,/tmp/DataSetCombined/Edges/Round-2_0103619_edge.png,64.51,62.5734,0.0030147843062877
1975,/tmp/DataSetCombined/Edges/Round-4_0075132_edge.png,64.03,62.05419,0.0030147843062877
1976,/tmp/DataSetCombined/Edges/Round-7_0087563_edge.png,4.38,4.0121546,0.0030147843062877
1977,/tmp/DataSetCombined/Edges/Round-8_0083641_edge.png,3.13,2.985909,0.0030147843062877
1978,/tmp/DataSetCombined/Edges/Round-9_0087867_edge.png,8.21,7.6120186,0.0030147843062877
1979,/tmp/DataSetCombined/Edges/Round-3_0071940_edge.png,6.79,6.449106,0.0030147843062877
1980,/tmp/DataSetCombined/Edges/Round-8_0009849_edge.png,2.89,2.5676441,0.0030147843062877
1981,/tmp/DataSetCombined/Edges/Round-10_0021313_edge.png,6.61,6.2282925,0.0030147843062877
1982,/tmp/DataSetCombined/Edges/Round-10_0136836_edge.png,48.78,47.81956,0.0030147843062877
1983,/tmp/DataSetCombined/Edges/Round-1_0080550_edge.png,4.38,3.951767,0.0030147843062877
1984,/tmp/DataSetCombined/Edges/Round-1_0050964_edge.png,7.28,6.843638,0.0027633495628833
1985,/tmp/DataSetCombined/Edges/Round-10_0188065_edge.png,20.88,21.125256,0.0027633495628833
1986,/tmp/DataSetCombined/Edges/Round-4_0072453_edge.png,9.95,9.162236,0.0027633495628833
1987,/tmp/DataSetCombined/Edges/Round-10_0042714_edge.png,63.99,62.266495,0.0027633495628833
1988,/tmp/DataSetCombined/Edges/Round-1_0008001_edge.png,6.18,5.90681,0.0027633495628833
1989,/tmp/DataSetCombined/Edges/Round-10_0189301_edge.png,13.95,13.675928,0.0027633495628833
1990,/tmp/DataSetCombined/Edges/Round-7_0021675_edge.png,62.83,60.93579,0.0027633495628833
1991,/tmp/DataSetCombined/Edges/Round-2_0036600_edge.png,17.99,18.75131,0.0027633495628833
1992,/tmp/DataSetCombined/Edges/Round-1_0099423_edge.png,64.65,62.866253,0.0027633495628833
1993,/tmp/DataSetCombined/Edges/Round-1_0108302_edge.png,62.56,61.097878,0.0027633495628833
1994,/tmp/DataSetCombined/Edges/Round-10_0113568_edge.png,3.24,3.0301557,0.0027633495628833
1995,/tmp/DataSetCombined/Edges/Round-4_0016558_edge.png,3.39,3.138175,0.0027633495628833
1996,/tmp/DataSetCombined/Edges/Round-10_0105592_edge.png,64.53,63.370487,0.0027633495628833
1997,/tmp/DataSetCombined/Edges/Round-8_0049822_edge.png,2.99,2.629035,0.0027633495628833
1998,/tmp/DataSetCombined/Edges/Round-1_0064434_edge.png,3.33,3.17419,0.0027633495628833
1999,/tmp/DataSetCombined/Edges/Round-1_0036634_edge.png,64.68,62.338593,0.0027633495628833
2000,/tmp/DataSetCombined/Edges/Round-9_0118506_edge.png,34.64,34.901478,0.0027633495628833
2001,/tmp/DataSetCombined/Edges/Round-10_0073596_edge.png,8.0,7.4169064,0.0027633495628833
2002,/tmp/DataSetCombined/Edges/Round-4_0056380_edge.png,6.57,6.101907,0.0027633495628833
2003,/tmp/DataSetCombined/Edges/Round-8_0038384_edge.png,54.23,52.71378,0.0027633495628833
2004,/tmp/DataSetCombined/Edges/Round-2_0067770_edge.png,65.37,63.59774,0.0027633495628833
2005,/tmp/DataSetCombined/Edges/Round-9_0123683_edge.png,65.23,63.70319,0.0027633495628833
2006,/tmp/DataSetCombined/Edges/Round-9_0101289_edge.png,64.72,63.14123,0.0027633495628833
2007,/tmp/DataSetCombined/Edges/Round-9_0056621_edge.png,31.91,31.68945,0.0027633495628833
2008,/tmp/DataSetCombined/Edges/Round-9_0113918_edge.png,31.76,31.774979,0.0027633495628833
2009,/tmp/DataSetCombined/Edges/Round-5_0025772_edge.png,7.68,7.132619,0.0027633495628833
2010,/tmp/DataSetCombined/Edges/Round-8_0010902_edge.png,64.49,62.472954,0.0027633495628833
2011,/tmp/DataSetCombined/Edges/Round-4_0043979_edge.png,53.37,51.426136,0.0027633495628833
2012,/tmp/DataSetCombined/Edges/Round-1_0053461_edge.png,53.07,53.486095,0.0027633495628833
2013,/tmp/DataSetCombined/Edges/Round-2_0051767_edge.png,48.63,48.89969,0.0027633495628833
2014,/tmp/DataSetCombined/Edges/Round-6_0051894_edge.png,59.63,57.54321,0.0027633495628833
2015,/tmp/DataSetCombined/Edges/Round-3_0056619_edge.png,3.11,2.7569628,0.0027633495628833
2016,/tmp/DataSetCombined/Edges/Round-8_0017693_edge.png,4.21,3.8027616,0.0027633495628833
2017,/tmp/DataSetCombined/Edges/Round-5_0040280_edge.png,6.76,6.403065,0.0027633495628833
2018,/tmp/DataSetCombined/Edges/Round-10_0003334_edge.png,64.91,62.922337,0.0027633495628833
2019,/tmp/DataSetCombined/Edges/Round-9_0072363_edge.png,65.42,62.938946,0.0027633495628833
2020,/tmp/DataSetCombined/Edges/Round-5_0069414_edge.png,64.18,62.390255,0.0027633495628833
2021,/tmp/DataSetCombined/Edges/Round-5_0013220_edge.png,63.71,62.67648,0.0027633495628833
2022,/tmp/DataSetCombined/Edges/Round-7_0016829_edge.png,49.28,48.312317,0.0027633495628833
2023,/tmp/DataSetCombined/Edges/Round-7_0119168_edge.png,64.32,62.37962,0.0027633495628833
2024,/tmp/DataSetCombined/Edges/Round-5_0089734_edge.png,3.69,3.3992133,0.0027633495628833
2025,/tmp/DataSetCombined/Edges/Round-8_0035915_edge.png,35.63,36.10017,0.0027633495628833
2026,/tmp/DataSetCombined/Edges/Round-9_0010448_edge.png,16.48,15.361821,0.0027633495628833
2027,/tmp/DataSetCombined/Edges/Round-10_0128076_edge.png,65.41,63.183437,0.0027633495628833
2028,/tmp/DataSetCombined/Edges/Round-5_0107691_edge.png,7.53,7.0063133,0.0027633495628833
2029,/tmp/DataSetCombined/Edges/Round-1_0042667_edge.png,4.18,3.8520298,0.0027633495628833
2030,/tmp/DataSetCombined/Edges/Round-9_0021224_edge.png,24.13,24.224031,0.0027633495628833
2031,/tmp/DataSetCombined/Edges/Round-8_0067731_edge.png,47.84,46.534954,0.0027633495628833
2032,/tmp/DataSetCombined/Edges/Round-3_0071308_edge.png,4.04,3.6607566,0.0027633495628833
2033,/tmp/DataSetCombined/Edges/Round-6_0037477_edge.png,62.7,61.165997,0.0027633495628833
2034,/tmp/DataSetCombined/Edges/Round-7_0083952_edge.png,64.29,62.132484,0.0027633495628833
2035,/tmp/DataSetCombined/Edges/Round-9_0051956_edge.png,58.51,57.925518,0.0027633495628833
2036,/tmp/DataSetCombined/Edges/Round-7_0107490_edge.png,7.16,6.7488384,0.0027633495628833
2037,/tmp/DataSetCombined/Edges/Round-5_0011294_edge.png,5.03,4.786406,0.0027633495628833
2038,/tmp/DataSetCombined/Edges/Round-8_0012257_edge.png,52.17,51.75606,0.0027633495628833
2039,/tmp/DataSetCombined/Edges/Round-10_0009545_edge.png,64.01,62.453136,0.0027633495628833
2040,/tmp/DataSetCombined/Edges/Round-2_0097658_edge.png,3.36,3.1637344,0.0027633495628833
2041,/tmp/DataSetCombined/Edges/Round-4_0064788_edge.png,30.23,30.273123,0.0027633495628833
2042,/tmp/DataSetCombined/Edges/Round-4_0023717_edge.png,65.21,63.840782,0.0027633495628833
2043,/tmp/DataSetCombined/Edges/Round-2_0107034_edge.png,42.76,42.22393,0.0027633495628833
2044,/tmp/DataSetCombined/Edges/Round-10_0151795_edge.png,2.48,2.0599084,0.0027633495628833
2045,/tmp/DataSetCombined/Edges/Round-8_0016651_edge.png,21.0,21.464098,0.0027633495628833
2046,/tmp/DataSetCombined/Edges/Round-7_0063062_edge.png,64.9,62.801014,0.0027633495628833
2047,/tmp/DataSetCombined/Edges/Round-8_0061759_edge.png,4.44,4.016972,0.0027633495628833
2048,/tmp/DataSetCombined/Edges/Round-9_0152347_edge.png,5.67,5.3755407,0.0030694045126438
2049,/tmp/DataSetCombined/Edges/Round-4_0084523_edge.png,41.96,41.157345,0.0030694045126438
2050,/tmp/DataSetCombined/Edges/Round-3_0023967_edge.png,51.48,51.986156,0.0030694045126438
2051,/tmp/DataSetCombined/Edges/Round-1_0151826_edge.png,50.78,50.151188,0.0030694045126438
2052,/tmp/DataSetCombined/Edges/Round-9_0154506_edge.png,2.66,2.380166,0.0030694045126438
2053,/tmp/DataSetCombined/Edges/Round-5_0015990_edge.png,4.41,3.9462342,0.0030694045126438
2054,/tmp/DataSetCombined/Edges/Round-1_0083952_edge.png,5.27,4.838487,0.0030694045126438
2055,/tmp/DataSetCombined/Edges/Round-5_0002697_edge.png,36.95,37.927994,0.0030694045126438
2056,/tmp/DataSetCombined/Edges/Round-10_0121692_edge.png,59.03,59.1968,0.0030694045126438
2057,/tmp/DataSetCombined/Edges/Round-9_0178224_edge.png,62.19,60.63319,0.0030694045126438
2058,/tmp/DataSetCombined/Edges/Round-9_0028600_edge.png,61.09,61.135117,0.0030694045126438
2059,/tmp/DataSetCombined/Edges/Round-10_0072362_edge.png,4.63,4.1667466,0.0030694045126438
2060,/tmp/DataSetCombined/Edges/Round-3_0069231_edge.png,52.73,50.644993,0.0030694045126438
2061,/tmp/DataSetCombined/Edges/Round-9_0191257_edge.png,63.67,62.75043,0.0030694045126438
2062,/tmp/DataSetCombined/Edges/Round-4_0032872_edge.png,39.22,38.046177,0.0030694045126438
2063,/tmp/DataSetCombined/Edges/Round-10_0013337_edge.png,64.77,62.514397,0.0030694045126438
2064,/tmp/DataSetCombined/Edges/Round-1_0167749_edge.png,18.49,18.84233,0.0030694045126438
2065,/tmp/DataSetCombined/Edges/Round-3_0057883_edge.png,3.85,3.5374985,0.0030694045126438
2066,/tmp/DataSetCombined/Edges/Round-10_0039674_edge.png,35.49,34.7926,0.0030694045126438
2067,/tmp/DataSetCombined/Edges/Round-2_0058367_edge.png,16.24,16.649084,0.0030694045126438
2068,/tmp/DataSetCombined/Edges/Round-8_0066424_edge.png,5.88,5.711302,0.0030694045126438
2069,/tmp/DataSetCombined/Edges/Round-6_0078532_edge.png,2.58,2.2276626,0.0030694045126438
2070,/tmp/DataSetCombined/Edges/Round-2_0067168_edge.png,7.05,6.5302334,0.0030694045126438
2071,/tmp/DataSetCombined/Edges/Round-8_0060266_edge.png,7.6,7.0216765,0.0030694045126438
2072,/tmp/DataSetCombined/Edges/Round-5_0045337_edge.png,10.76,10.268197,0.0030694045126438
2073,/tmp/DataSetCombined/Edges/Round-1_0054301_edge.png,64.14,62.43086,0.0030694045126438
2074,/tmp/DataSetCombined/Edges/Round-8_0074402_edge.png,7.46,6.8169174,0.0030694045126438
2075,/tmp/DataSetCombined/Edges/Round-1_0046334_edge.png,6.08,5.8046045,0.0030694045126438
2076,/tmp/DataSetCombined/Edges/Round-4_0030675_edge.png,37.41,36.377758,0.0030694045126438
2077,/tmp/DataSetCombined/Edges/Round-7_0029230_edge.png,3.7,3.429874,0.0030694045126438
2078,/tmp/DataSetCombined/Edges/Round-9_0085126_edge.png,5.15,4.6928306,0.0030694045126438
2079,/tmp/DataSetCombined/Edges/Round-2_0051667_edge.png,64.19,62.047924,0.0030694045126438
2080,/tmp/DataSetCombined/Edges/Round-6_0067546_edge.png,64.6,62.37402,0.0030694045126438
2081,/tmp/DataSetCombined/Edges/Round-8_0022087_edge.png,3.69,3.3747258,0.0030694045126438
2082,/tmp/DataSetCombined/Edges/Round-1_0020667_edge.png,2.01,1.668919,0.0030694045126438
2083,/tmp/DataSetCombined/Edges/Round-9_0006325_edge.png,4.85,4.4243636,0.0030694045126438
2084,/tmp/DataSetCombined/Edges/Round-9_0183491_edge.png,3.49,3.2514925,0.0030694045126438
2085,/tmp/DataSetCombined/Edges/Round-8_0022268_edge.png,4.02,3.6809082,0.0030694045126438
2086,/tmp/DataSetCombined/Edges/Round-10_0005516_edge.png,3.43,3.1553268,0.0030694045126438
2087,/tmp/DataSetCombined/Edges/Round-5_0039829_edge.png,7.49,6.8977423,0.0030694045126438
2088,/tmp/DataSetCombined/Edges/Round-3_0063060_edge.png,65.31,63.74609,0.0030694045126438
2089,/tmp/DataSetCombined/Edges/Round-10_0067155_edge.png,7.96,7.315854,0.0030694045126438
2090,/tmp/DataSetCombined/Edges/Round-1_0040334_edge.png,3.99,3.6971169,0.0030694045126438
2091,/tmp/DataSetCombined/Edges/Round-9_0039976_edge.png,65.17,63.449074,0.0030694045126438
2092,/tmp/DataSetCombined/Edges/Round-3_0078351_edge.png,3.8,3.5204582,0.0030694045126438
2093,/tmp/DataSetCombined/Edges/Round-8_0010270_edge.png,3.27,3.038477,0.0030694045126438
2094,/tmp/DataSetCombined/Edges/Round-8_0017753_edge.png,4.04,3.7130003,0.0030694045126438
2095,/tmp/DataSetCombined/Edges/Round-5_0074593_edge.png,3.44,3.2302675,0.0030694045126438
2096,/tmp/DataSetCombined/Edges/Round-9_0108031_edge.png,15.67,16.124723,0.0030694045126438
2097,/tmp/DataSetCombined/Edges/Round-4_0044731_edge.png,37.61,37.73237,0.0030694045126438
2098,/tmp/DataSetCombined/Edges/Round-4_0045016_edge.png,7.51,6.9215555,0.0030694045126438
2099,/tmp/DataSetCombined/Edges/Round-5_0008404_edge.png,3.57,3.401528,0.0030694045126438
2100,/tmp/DataSetCombined/Edges/Round-8_0026283_edge.png,65.37,62.858112,0.0030694045126438
2101,/tmp/DataSetCombined/Edges/Round-10_0052526_edge.png,4.57,4.0551357,0.0030694045126438
2102,/tmp/DataSetCombined/Edges/Round-2_0095131_edge.png,64.5,62.321533,0.0030694045126438
2103,/tmp/DataSetCombined/Edges/Round-7_0091597_edge.png,16.57,17.02767,0.0030694045126438
2104,/tmp/DataSetCombined/Edges/Round-2_0081465_edge.png,47.07,46.38397,0.0030694045126438
2105,/tmp/DataSetCombined/Edges/Round-5_0001485_edge.png,7.68,7.112892,0.0030694045126438
2106,/tmp/DataSetCombined/Edges/Round-4_0018876_edge.png,64.91,62.643345,0.0030694045126438
2107,/tmp/DataSetCombined/Edges/Round-6_0112822_edge.png,56.01,56.29546,0.0030694045126438
2108,/tmp/DataSetCombined/Edges/Round-2_0052734_edge.png,9.83,9.293733,0.0030694045126438
2109,/tmp/DataSetCombined/Edges/Round-1_0113359_edge.png,4.71,4.244054,0.0030694045126438
2110,/tmp/DataSetCombined/Edges/Round-7_0088015_edge.png,64.35,62.536472,0.0030694045126438
2111,/tmp/DataSetCombined/Edges/Round-10_0144722_edge.png,65.14,63.204876,0.0030694045126438
2112,/tmp/DataSetCombined/Edges/Round-8_0024658_edge.png,54.23,54.25951,0.0029894970357418
2113,/tmp/DataSetCombined/Edges/Round-6_0132681_edge.png,65.19,63.425327,0.0029894970357418
2114,/tmp/DataSetCombined/Edges/Round-2_0073850_edge.png,57.15,56.783733,0.0029894970357418
2115,/tmp/DataSetCombined/Edges/Round-4_0009876_edge.png,64.19,62.309486,0.0029894970357418
2116,/tmp/DataSetCombined/Edges/Round-1_0137831_edge.png,3.44,3.200492,0.0029894970357418
2117,/tmp/DataSetCombined/Edges/Round-3_0067966_edge.png,60.0,58.926632,0.0029894970357418
2118,/tmp/DataSetCombined/Edges/Round-4_0048554_edge.png,63.67,62.21136,0.0029894970357418
2119,/tmp/DataSetCombined/Edges/Round-2_0071713_edge.png,44.01,42.57644,0.0029894970357418
2120,/tmp/DataSetCombined/Edges/Round-10_0036273_edge.png,62.29,62.049664,0.0029894970357418
2121,/tmp/DataSetCombined/Edges/Round-5_0073058_edge.png,52.98,51.624138,0.0029894970357418
2122,/tmp/DataSetCombined/Edges/Round-10_0009935_edge.png,50.36,49.72893,0.0029894970357418
2123,/tmp/DataSetCombined/Edges/Round-9_0106226_edge.png,4.06,3.7091413,0.0029894970357418
2124,/tmp/DataSetCombined/Edges/Round-10_0049817_edge.png,65.39,63.86719,0.0029894970357418
2125,/tmp/DataSetCombined/Edges/Round-3_0042292_edge.png,64.14,62.338833,0.0029894970357418
2126,/tmp/DataSetCombined/Edges/Round-10_0035460_edge.png,5.8,5.3714523,0.0029894970357418
2127,/tmp/DataSetCombined/Edges/Round-5_0067310_edge.png,7.66,7.091025,0.0029894970357418
2128,/tmp/DataSetCombined/Edges/Round-6_0002879_edge.png,57.69,56.640984,0.0029894970357418
2129,/tmp/DataSetCombined/Edges/Round-3_0025285_edge.png,64.67,62.55592,0.0029894970357418
2130,/tmp/DataSetCombined/Edges/Round-9_0076246_edge.png,63.91,62.09097,0.0029894970357418
2131,/tmp/DataSetCombined/Edges/Round-8_0086772_edge.png,3.31,3.2314777,0.0029894970357418
2132,/tmp/DataSetCombined/Edges/Round-3_0006067_edge.png,3.93,3.6035118,0.0029894970357418
2133,/tmp/DataSetCombined/Edges/Round-8_0079849_edge.png,2.71,2.4298844,0.0029894970357418
2134,/tmp/DataSetCombined/Edges/Round-9_0023030_edge.png,62.4,61.438404,0.0029894970357418
2135,/tmp/DataSetCombined/Edges/Round-10_0083679_edge.png,7.55,7.0178404,0.0029894970357418
2136,/tmp/DataSetCombined/Edges/Round-10_0184784_edge.png,5.91,5.5546227,0.0029894970357418
2137,/tmp/DataSetCombined/Edges/Round-8_0075304_edge.png,62.85,60.309753,0.0029894970357418
2138,/tmp/DataSetCombined/Edges/Round-10_0015865_edge.png,64.08,62.376945,0.0029894970357418
2139,/tmp/DataSetCombined/Edges/Round-7_0113449_edge.png,39.19,39.915737,0.0029894970357418
2140,/tmp/DataSetCombined/Edges/Round-4_0026400_edge.png,52.49,52.034966,0.0029894970357418
2141,/tmp/DataSetCombined/Edges/Round-10_0077359_edge.png,64.13,62.408024,0.0029894970357418
2142,/tmp/DataSetCombined/Edges/Round-9_0067366_edge.png,8.36,7.8199615,0.0029894970357418
2143,/tmp/DataSetCombined/Edges/Round-10_0115164_edge.png,60.97,59.59904,0.0029894970357418
2144,/tmp/DataSetCombined/Edges/Round-9_0171753_edge.png,3.35,3.2006702,0.0029894970357418
2145,/tmp/DataSetCombined/Edges/Round-8_0080240_edge.png,36.09,35.38955,0.0029894970357418
2146,/tmp/DataSetCombined/Edges/Round-4_0023150_edge.png,38.03,37.287693,0.0029894970357418
2147,/tmp/DataSetCombined/Edges/Round-10_0007407_edge.png,64.26,62.48497,0.0029894970357418
2148,/tmp/DataSetCombined/Edges/Round-8_0083220_edge.png,58.52,57.98064,0.0029894970357418
2149,/tmp/DataSetCombined/Edges/Round-8_0012516_edge.png,64.91,62.754032,0.0029894970357418
2150,/tmp/DataSetCombined/Edges/Round-5_0078868_edge.png,60.82,59.80161,0.0029894970357418
2151,/tmp/DataSetCombined/Edges/Round-5_0079560_edge.png,65.3,63.12048,0.0029894970357418
2152,/tmp/DataSetCombined/Edges/Round-8_0043428_edge.png,5.67,5.3310404,0.0029894970357418
2153,/tmp/DataSetCombined/Edges/Round-3_0076515_edge.png,6.13,5.7776413,0.0029894970357418
2154,/tmp/DataSetCombined/Edges/Round-5_0069868_edge.png,3.4,3.2166877,0.0029894970357418
2155,/tmp/DataSetCombined/Edges/Round-7_0079707_edge.png,4.52,4.0802245,0.0029894970357418
2156,/tmp/DataSetCombined/Edges/Round-6_0124133_edge.png,7.04,6.5432014,0.0029894970357418
2157,/tmp/DataSetCombined/Edges/Round-2_0085649_edge.png,7.38,6.9023848,0.0029894970357418
2158,/tmp/DataSetCombined/Edges/Round-8_0004209_edge.png,5.53,5.312278,0.0029894970357418
2159,/tmp/DataSetCombined/Edges/Round-8_0005323_edge.png,5.05,4.5976276,0.0029894970357418
2160,/tmp/DataSetCombined/Edges/Round-4_0069804_edge.png,38.07,37.706577,0.0029894970357418
2161,/tmp/DataSetCombined/Edges/Round-5_0067219_edge.png,63.81,62.861347,0.0029894970357418
2162,/tmp/DataSetCombined/Edges/Round-10_0105532_edge.png,65.38,63.109127,0.0029894970357418
2163,/tmp/DataSetCombined/Edges/Round-8_0046781_edge.png,2.66,2.484932,0.0029894970357418
2164,/tmp/DataSetCombined/Edges/Round-5_0112068_edge.png,7.59,7.0120516,0.0029894970357418
2165,/tmp/DataSetCombined/Edges/Round-9_0136626_edge.png,62.69,62.229267,0.0029894970357418
2166,/tmp/DataSetCombined/Edges/Round-9_0006084_edge.png,3.72,3.3655891,0.0029894970357418
2167,/tmp/DataSetCombined/Edges/Round-8_0010981_edge.png,55.07,54.485416,0.0029894970357418
2168,/tmp/DataSetCombined/Edges/Round-5_0104091_edge.png,7.92,7.411192,0.0029894970357418
2169,/tmp/DataSetCombined/Edges/Round-5_0112279_edge.png,2.39,2.1253443,0.0029894970357418
2170,/tmp/DataSetCombined/Edges/Round-9_0144753_edge.png,21.15,21.244772,0.0029894970357418
2171,/tmp/DataSetCombined/Edges/Round-1_0060734_edge.png,20.74,21.015028,0.0029894970357418
2172,/tmp/DataSetCombined/Edges/Round-6_0106555_edge.png,4.36,3.9543176,0.0029894970357418
2173,/tmp/DataSetCombined/Edges/Round-6_0133103_edge.png,63.65,61.22977,0.0029894970357418
2174,/tmp/DataSetCombined/Edges/Round-10_0093823_edge.png,63.66,62.223434,0.0029894970357418
2175,/tmp/DataSetCombined/Edges/Round-6_0021553_edge.png,56.99,57.299988,0.0029894970357418
2176,/tmp/DataSetCombined/Edges/Round-6_0006564_edge.png,4.77,4.3577166,0.0025467537343502
2177,/tmp/DataSetCombined/Edges/Round-9_0113509_edge.png,5.43,5.28769,0.0025467537343502
2178,/tmp/DataSetCombined/Edges/Round-9_0177110_edge.png,64.5,62.351307,0.0025467537343502
2179,/tmp/DataSetCombined/Edges/Round-9_0185809_edge.png,4.06,3.7711973,0.0025467537343502
2180,/tmp/DataSetCombined/Edges/Round-10_0015895_edge.png,2.46,2.0598211,0.0025467537343502
2181,/tmp/DataSetCombined/Edges/Round-6_0088345_edge.png,64.19,62.351505,0.0025467537343502
2182,/tmp/DataSetCombined/Edges/Round-9_0077540_edge.png,7.93,7.293497,0.0025467537343502
2183,/tmp/DataSetCombined/Edges/Round-10_0036062_edge.png,63.91,62.25858,0.0025467537343502
2184,/tmp/DataSetCombined/Edges/Round-10_0175363_edge.png,9.95,9.17058,0.0025467537343502
2185,/tmp/DataSetCombined/Edges/Round-5_0069356_edge.png,57.44,56.456516,0.0025467537343502
2186,/tmp/DataSetCombined/Edges/Round-7_0018455_edge.png,6.21,6.2506804,0.0025467537343502
2187,/tmp/DataSetCombined/Edges/Round-9_0052437_edge.png,2.55,2.2139707,0.0025467537343502
2188,/tmp/DataSetCombined/Edges/Round-9_0027124_edge.png,35.55,35.651394,0.0025467537343502
2189,/tmp/DataSetCombined/Edges/Round-8_0081895_edge.png,13.44,13.00452,0.0025467537343502
2190,/tmp/DataSetCombined/Edges/Round-10_0141110_edge.png,62.96,61.57529,0.0025467537343502
2191,/tmp/DataSetCombined/Edges/Round-1_0031467_edge.png,8.9,8.262618,0.0025467537343502
2192,/tmp/DataSetCombined/Edges/Round-4_0057162_edge.png,28.46,28.068165,0.0025467537343502
2193,/tmp/DataSetCombined/Edges/Round-1_0146288_edge.png,12.38,11.421193,0.0025467537343502
2194,/tmp/DataSetCombined/Edges/Round-10_0144631_edge.png,6.34,5.976441,0.0025467537343502
2195,/tmp/DataSetCombined/Edges/Round-8_0028781_edge.png,63.67,61.197853,0.0025467537343502
2196,/tmp/DataSetCombined/Edges/Round-5_0058550_edge.png,51.3,50.921272,0.0025467537343502
2197,/tmp/DataSetCombined/Edges/Round-4_0021735_edge.png,9.81,9.050777,0.0025467537343502
2198,/tmp/DataSetCombined/Edges/Round-6_0069773_edge.png,65.24,64.00291,0.0025467537343502
2199,/tmp/DataSetCombined/Edges/Round-10_0167116_edge.png,42.41,41.43545,0.0025467537343502
2200,/tmp/DataSetCombined/Edges/Round-4_0078533_edge.png,3.41,3.1474018,0.0025467537343502
2201,/tmp/DataSetCombined/Edges/Round-9_0142044_edge.png,2.92,2.478177,0.0025467537343502
2202,/tmp/DataSetCombined/Edges/Round-9_0065832_edge.png,41.2,40.59141,0.0025467537343502
2203,/tmp/DataSetCombined/Edges/Round-1_0125279_edge.png,64.35,62.43924,0.0025467537343502
2204,/tmp/DataSetCombined/Edges/Round-3_0079615_edge.png,64.45,62.422966,0.0025467537343502
2205,/tmp/DataSetCombined/Edges/Round-8_0000849_edge.png,10.61,10.023111,0.0025467537343502
2206,/tmp/DataSetCombined/Edges/Round-1_0013434_edge.png,13.11,12.412811,0.0025467537343502
2207,/tmp/DataSetCombined/Edges/Round-7_0047862_edge.png,2.8,2.694775,0.0025467537343502
2208,/tmp/DataSetCombined/Edges/Round-10_0073807_edge.png,57.94,56.768585,0.0025467537343502
2209,/tmp/DataSetCombined/Edges/Round-9_0044401_edge.png,50.82,50.470165,0.0025467537343502
2210,/tmp/DataSetCombined/Edges/Round-9_0141472_edge.png,64.99,62.813053,0.0025467537343502
2211,/tmp/DataSetCombined/Edges/Round-6_0128768_edge.png,57.68,56.861122,0.0025467537343502
2212,/tmp/DataSetCombined/Edges/Round-1_0051956_edge.png,64.15,62.62708,0.0025467537343502
2213,/tmp/DataSetCombined/Edges/Round-8_0051585_edge.png,64.22,62.274555,0.0025467537343502
2214,/tmp/DataSetCombined/Edges/Round-6_0101303_edge.png,6.2,5.832649,0.0025467537343502
2215,/tmp/DataSetCombined/Edges/Round-6_0039252_edge.png,65.55,63.241184,0.0025467537343502
2216,/tmp/DataSetCombined/Edges/Round-8_0048485_edge.png,4.96,4.5757732,0.0025467537343502
2217,/tmp/DataSetCombined/Edges/Round-4_0004067_edge.png,12.64,11.69487,0.0025467537343502
2218,/tmp/DataSetCombined/Edges/Round-1_0063601_edge.png,12.54,11.561146,0.0025467537343502
2219,/tmp/DataSetCombined/Edges/Round-9_0135542_edge.png,29.48,29.90264,0.0025467537343502
2220,/tmp/DataSetCombined/Edges/Round-9_0001304_edge.png,43.1,42.534515,0.0025467537343502
2221,/tmp/DataSetCombined/Edges/Round-9_0010569_edge.png,29.96,29.798971,0.0025467537343502
2222,/tmp/DataSetCombined/Edges/Round-9_0116339_edge.png,64.16,62.5192,0.0025467537343502
2223,/tmp/DataSetCombined/Edges/Round-2_0111444_edge.png,65.27,63.741337,0.0025467537343502
2224,/tmp/DataSetCombined/Edges/Round-2_0065605_edge.png,6.18,5.9094644,0.0025467537343502
2225,/tmp/DataSetCombined/Edges/Round-8_0046600_edge.png,33.46,33.46242,0.0025467537343502
2226,/tmp/DataSetCombined/Edges/Round-3_0044670_edge.png,3.34,3.1954784,0.0025467537343502
2227,/tmp/DataSetCombined/Edges/Round-10_0018273_edge.png,64.44,62.465115,0.0025467537343502
2228,/tmp/DataSetCombined/Edges/Round-5_0101834_edge.png,43.04,42.986546,0.0025467537343502
2229,/tmp/DataSetCombined/Edges/Round-7_0094787_edge.png,4.61,4.1550465,0.0025467537343502
2230,/tmp/DataSetCombined/Edges/Round-8_0062313_edge.png,7.38,6.9726877,0.0025467537343502
2231,/tmp/DataSetCombined/Edges/Round-3_0075010_edge.png,2.51,2.2146215,0.0025467537343502
2232,/tmp/DataSetCombined/Edges/Round-8_0036927_edge.png,63.07,61.524902,0.0025467537343502
2233,/tmp/DataSetCombined/Edges/Round-1_0063801_edge.png,32.58,31.886248,0.0025467537343502
2234,/tmp/DataSetCombined/Edges/Round-4_0007077_edge.png,53.63,52.09791,0.0025467537343502
2235,/tmp/DataSetCombined/Edges/Round-2_0052600_edge.png,6.72,6.348956,0.0025467537343502
2236,/tmp/DataSetCombined/Edges/Round-8_0028541_edge.png,51.71,51.06457,0.0025467537343502
2237,/tmp/DataSetCombined/Edges/Round-9_0013910_edge.png,62.42,61.98305,0.0025467537343502
2238,/tmp/DataSetCombined/Edges/Round-9_0135994_edge.png,3.72,3.433971,0.0025467537343502
2239,/tmp/DataSetCombined/Edges/Round-10_0099723_edge.png,10.67,10.1007595,0.0025467537343502
2240,/tmp/DataSetCombined/Edges/Round-2_0075626_edge.png,64.6,62.374798,0.0030663311481475
2241,/tmp/DataSetCombined/Edges/Round-7_0015445_edge.png,30.11,30.595686,0.0030663311481475
2242,/tmp/DataSetCombined/Edges/Round-1_0059501_edge.png,2.98,2.75568,0.0030663311481475
2243,/tmp/DataSetCombined/Edges/Round-9_0023964_edge.png,6.96,6.565511,0.0030663311481475
2244,/tmp/DataSetCombined/Edges/Round-7_0065802_edge.png,61.97,61.103832,0.0030663311481475
2245,/tmp/DataSetCombined/Edges/Round-2_0078726_edge.png,3.17,3.016428,0.0030663311481475
2246,/tmp/DataSetCombined/Edges/Round-9_0170006_edge.png,5.15,4.697809,0.0030663311481475
2247,/tmp/DataSetCombined/Edges/Round-6_0129310_edge.png,6.74,6.2558737,0.0030663311481475
2248,/tmp/DataSetCombined/Edges/Round-9_0151977_edge.png,4.4,4.0057034,0.0030663311481475
2249,/tmp/DataSetCombined/Edges/Round-2_0059400_edge.png,51.61,50.671497,0.0030663311481475
2250,/tmp/DataSetCombined/Edges/Round-5_0047203_edge.png,65.34,63.73254,0.0030663311481475
2251,/tmp/DataSetCombined/Edges/Round-2_0056267_edge.png,6.05,5.76784,0.0030663311481475
2252,/tmp/DataSetCombined/Edges/Round-5_0098974_edge.png,6.99,6.6579685,0.0030663311481475
2253,/tmp/DataSetCombined/Edges/Round-5_0074714_edge.png,63.58,61.435085,0.0030663311481475
2254,/tmp/DataSetCombined/Edges/Round-1_0062901_edge.png,2.65,2.2849925,0.0030663311481475
2255,/tmp/DataSetCombined/Edges/Round-1_0149900_edge.png,63.83,62.383373,0.0030663311481475
2256,/tmp/DataSetCombined/Edges/Round-7_0095570_edge.png,31.34,31.655764,0.0030663311481475
2257,/tmp/DataSetCombined/Edges/Round-6_0001485_edge.png,64.99,63.590694,0.0030663311481475
2258,/tmp/DataSetCombined/Edges/Round-5_0110352_edge.png,58.81,58.46644,0.0030663311481475
2259,/tmp/DataSetCombined/Edges/Round-2_0060922_edge.png,7.57,7.007163,0.0030663311481475
2260,/tmp/DataSetCombined/Edges/Round-5_0036157_edge.png,37.16,37.904934,0.0030663311481475
2261,/tmp/DataSetCombined/Edges/Round-7_0001509_edge.png,65.34,63.740917,0.0030663311481475
2262,/tmp/DataSetCombined/Edges/Round-9_0067577_edge.png,65.18,63.239223,0.0030663311481475
2263,/tmp/DataSetCombined/Edges/Round-9_0040036_edge.png,64.97,62.55508,0.0030663311481475
2264,/tmp/DataSetCombined/Edges/Round-6_0034978_edge.png,59.98,59.596966,0.0030663311481475
2265,/tmp/DataSetCombined/Edges/Round-9_0065621_edge.png,23.8,23.968882,0.0030663311481475
2266,/tmp/DataSetCombined/Edges/Round-10_0084251_edge.png,6.76,6.3603544,0.0030663311481475
2267,/tmp/DataSetCombined/Edges/Round-2_0108101_edge.png,7.94,7.35719,0.0030663311481475
2268,/tmp/DataSetCombined/Edges/Round-8_0006135_edge.png,2.5,2.096592,0.0030663311481475
2269,/tmp/DataSetCombined/Edges/Round-9_0157154_edge.png,61.47,60.725193,0.0030663311481475
2270,/tmp/DataSetCombined/Edges/Round-2_0095792_edge.png,41.74,41.114742,0.0030663311481475
2271,/tmp/DataSetCombined/Edges/Round-5_0008284_edge.png,45.18,45.107258,0.0030663311481475
2272,/tmp/DataSetCombined/Edges/Round-3_0080458_edge.png,26.88,26.706455,0.0030663311481475
2273,/tmp/DataSetCombined/Edges/Round-10_0045393_edge.png,62.76,60.884426,0.0030663311481475
2274,/tmp/DataSetCombined/Edges/Round-1_0166154_edge.png,7.2,6.725456,0.0030663311481475
2275,/tmp/DataSetCombined/Edges/Round-8_0064919_edge.png,8.38,7.8364305,0.0030663311481475
2276,/tmp/DataSetCombined/Edges/Round-4_0025437_edge.png,13.74,13.237659,0.0030663311481475
2277,/tmp/DataSetCombined/Edges/Round-8_0033947_edge.png,4.63,4.191885,0.0030663311481475
2278,/tmp/DataSetCombined/Edges/Round-9_0127747_edge.png,64.96,63.44205,0.0030663311481475
2279,/tmp/DataSetCombined/Edges/Round-1_0110439_edge.png,47.51,47.291584,0.0030663311481475
2280,/tmp/DataSetCombined/Edges/Round-2_0070117_edge.png,14.04,13.495377,0.0030663311481475
2281,/tmp/DataSetCombined/Edges/Round-7_0127596_edge.png,15.07,15.303138,0.0030663311481475
2282,/tmp/DataSetCombined/Edges/Round-10_0055837_edge.png,3.28,3.1635928,0.0030663311481475
2283,/tmp/DataSetCombined/Edges/Round-10_0157755_edge.png,63.98,62.37654,0.0030663311481475
2284,/tmp/DataSetCombined/Edges/Round-7_0093132_edge.png,6.64,6.1206293,0.0030663311481475
2285,/tmp/DataSetCombined/Edges/Round-9_0055748_edge.png,65.29,63.847088,0.0030663311481475
2286,/tmp/DataSetCombined/Edges/Round-3_0073656_edge.png,3.78,3.5338182,0.0030663311481475
2287,/tmp/DataSetCombined/Edges/Round-8_0041712_edge.png,65.35,63.078342,0.0030663311481475
2288,/tmp/DataSetCombined/Edges/Round-10_0163805_edge.png,29.92,30.31933,0.0030663311481475
2289,/tmp/DataSetCombined/Edges/Round-10_0169193_edge.png,24.88,24.858685,0.0030663311481475
2290,/tmp/DataSetCombined/Edges/Round-2_0006400_edge.png,5.28,4.841483,0.0030663311481475
2291,/tmp/DataSetCombined/Edges/Round-4_0020351_edge.png,6.81,6.3636217,0.0030663311481475
2292,/tmp/DataSetCombined/Edges/Round-9_0089370_edge.png,8.19,7.6030464,0.0030663311481475
2293,/tmp/DataSetCombined/Edges/Round-3_0015322_edge.png,64.02,62.478596,0.0030663311481475
2294,/tmp/DataSetCombined/Edges/Round-8_0061789_edge.png,64.3,62.278305,0.0030663311481475
2295,/tmp/DataSetCombined/Edges/Round-9_0004759_edge.png,42.78,41.979748,0.0030663311481475
2296,/tmp/DataSetCombined/Edges/Round-6_0131718_edge.png,63.8,62.572575,0.0030663311481475
2297,/tmp/DataSetCombined/Edges/Round-10_0030404_edge.png,6.88,6.45358,0.0030663311481475
2298,/tmp/DataSetCombined/Edges/Round-6_0130996_edge.png,54.83,53.907467,0.0030663311481475
2299,/tmp/DataSetCombined/Edges/Round-1_0041767_edge.png,7.11,6.5626163,0.0030663311481475
2300,/tmp/DataSetCombined/Edges/Round-3_0028928_edge.png,5.62,5.3625593,0.0030663311481475
2301,/tmp/DataSetCombined/Edges/Round-9_0157966_edge.png,41.57,41.246952,0.0030663311481475
2302,/tmp/DataSetCombined/Edges/Round-2_0071592_edge.png,2.77,2.3701043,0.0030663311481475
2303,/tmp/DataSetCombined/Edges/Round-10_0043888_edge.png,5.32,4.9035444,0.0030663311481475
2304,/tmp/DataSetCombined/Edges/Round-10_0155930_edge.png,8.75,8.028698,0.0024578757584095
2305,/tmp/DataSetCombined/Edges/Round-10_0175032_edge.png,65.35,63.239414,0.0024578757584095
2306,/tmp/DataSetCombined/Edges/Round-8_0002595_edge.png,13.92,13.842487,0.0024578757584095
2307,/tmp/DataSetCombined/Edges/Round-4_0085546_edge.png,3.4,3.2759395,0.0024578757584095
2308,/tmp/DataSetCombined/Edges/Round-9_0095119_edge.png,63.97,62.323315,0.0024578757584095
2309,/tmp/DataSetCombined/Edges/Round-9_0119379_edge.png,4.86,4.3229203,0.0024578757584095
2310,/tmp/DataSetCombined/Edges/Round-9_0088015_edge.png,64.2,62.382664,0.0024578757584095
2311,/tmp/DataSetCombined/Edges/Round-7_0047230_edge.png,6.69,6.245173,0.0024578757584095
2312,/tmp/DataSetCombined/Edges/Round-9_0169465_edge.png,61.72,60.948536,0.0024578757584095
2313,/tmp/DataSetCombined/Edges/Round-10_0016467_edge.png,18.13,18.475044,0.0024578757584095
2314,/tmp/DataSetCombined/Edges/Round-8_0029552_edge.png,46.74,45.72636,0.0024578757584095
2315,/tmp/DataSetCombined/Edges/Round-1_0057014_edge.png,64.04,61.962494,0.0024578757584095
2316,/tmp/DataSetCombined/Edges/Round-4_0027635_edge.png,64.04,62.391823,0.0024578757584095
2317,/tmp/DataSetCombined/Edges/Round-7_0041842_edge.png,59.76,59.39973,0.0024578757584095
2318,/tmp/DataSetCombined/Edges/Round-2_0087214_edge.png,62.58,61.513214,0.0024578757584095
2319,/tmp/DataSetCombined/Edges/Round-6_0029199_edge.png,2.46,2.0775347,0.0024578757584095
2320,/tmp/DataSetCombined/Edges/Round-5_0028210_edge.png,32.51,33.114216,0.0024578757584095
2321,/tmp/DataSetCombined/Edges/Round-6_0105893_edge.png,8.38,7.8713765,0.0024578757584095
2322,/tmp/DataSetCombined/Edges/Round-3_0055566_edge.png,6.54,6.1334605,0.0024578757584095
2323,/tmp/DataSetCombined/Edges/Round-7_0007740_edge.png,5.45,5.264288,0.0024578757584095
2324,/tmp/DataSetCombined/Edges/Round-10_0059720_edge.png,64.02,62.220074,0.0024578757584095
2325,/tmp/DataSetCombined/Edges/Round-10_0022457_edge.png,9.51,9.078001,0.0024578757584095
2326,/tmp/DataSetCombined/Edges/Round-4_0015655_edge.png,65.29,63.39471,0.0024578757584095
2327,/tmp/DataSetCombined/Edges/Round-5_0093376_edge.png,57.2,56.578297,0.0024578757584095
2328,/tmp/DataSetCombined/Edges/Round-6_0090903_edge.png,65.09,63.21128,0.0024578757584095
2329,/tmp/DataSetCombined/Edges/Round-1_0007967_edge.png,3.99,3.7014513,0.0024578757584095
2330,/tmp/DataSetCombined/Edges/Round-9_0187825_edge.png,6.6,6.2190447,0.0024578757584095
2331,/tmp/DataSetCombined/Edges/Round-1_0051083_edge.png,64.85,62.63098,0.0024578757584095
2332,/tmp/DataSetCombined/Edges/Round-4_0015083_edge.png,21.23,21.351713,0.0024578757584095
2333,/tmp/DataSetCombined/Edges/Round-7_0084885_edge.png,63.95,62.665333,0.0024578757584095
2334,/tmp/DataSetCombined/Edges/Round-7_0080822_edge.png,54.41,53.464336,0.0024578757584095
2335,/tmp/DataSetCombined/Edges/Round-1_0111915_edge.png,40.49,40.22073,0.0024578757584095
2336,/tmp/DataSetCombined/Edges/Round-7_0062852_edge.png,8.09,7.5296917,0.0024578757584095
2337,/tmp/DataSetCombined/Edges/Round-5_0063397_edge.png,37.91,37.463264,0.0024578757584095
2338,/tmp/DataSetCombined/Edges/Round-9_0012135_edge.png,4.83,4.355376,0.0024578757584095
2339,/tmp/DataSetCombined/Edges/Round-10_0186560_edge.png,5.24,4.792727,0.0024578757584095
2340,/tmp/DataSetCombined/Edges/Round-9_0097226_edge.png,38.22,36.956974,0.0024578757584095
2341,/tmp/DataSetCombined/Edges/Round-9_0086751_edge.png,63.78,62.688362,0.0024578757584095
2342,/tmp/DataSetCombined/Edges/Round-8_0009686_edge.png,9.09,8.480881,0.0024578757584095
2343,/tmp/DataSetCombined/Edges/Round-2_0073789_edge.png,47.21,45.756927,0.0024578757584095
2344,/tmp/DataSetCombined/Edges/Round-6_0085786_edge.png,47.36,45.872852,0.0024578757584095
2345,/tmp/DataSetCombined/Edges/Round-10_0002940_edge.png,64.89,62.95708,0.0024578757584095
2346,/tmp/DataSetCombined/Edges/Round-9_0089641_edge.png,38.83,37.79516,0.0024578757584095
2347,/tmp/DataSetCombined/Edges/Round-10_0002152_edge.png,64.18,62.17653,0.0024578757584095
2348,/tmp/DataSetCombined/Edges/Round-10_0154143_edge.png,6.45,6.081503,0.0024578757584095
2349,/tmp/DataSetCombined/Edges/Round-1_0170967_edge.png,64.98,63.064266,0.0024578757584095
2350,/tmp/DataSetCombined/Edges/Round-9_0144603_edge.png,47.47,47.185772,0.0024578757584095
2351,/tmp/DataSetCombined/Edges/Round-1_0144902_edge.png,4.59,4.0795555,0.0024578757584095
2352,/tmp/DataSetCombined/Edges/Round-10_0123381_edge.png,21.81,22.17285,0.0024578757584095
2353,/tmp/DataSetCombined/Edges/Round-1_0062401_edge.png,65.39,63.087383,0.0024578757584095
2354,/tmp/DataSetCombined/Edges/Round-8_0028077_edge.png,61.1,61.344555,0.0024578757584095
2355,/tmp/DataSetCombined/Edges/Round-9_0127175_edge.png,7.61,6.9864187,0.0024578757584095
2356,/tmp/DataSetCombined/Edges/Round-2_0099314_edge.png,7.56,6.946004,0.0024578757584095
2357,/tmp/DataSetCombined/Edges/Round-10_0070255_edge.png,7.35,6.888758,0.0024578757584095
2358,/tmp/DataSetCombined/Edges/Round-9_0053581_edge.png,60.55,59.57494,0.0024578757584095
2359,/tmp/DataSetCombined/Edges/Round-8_0008543_edge.png,62.24,60.98512,0.0024578757584095
2360,/tmp/DataSetCombined/Edges/Round-8_0065190_edge.png,52.58,51.880047,0.0024578757584095
2361,/tmp/DataSetCombined/Edges/Round-10_0167237_edge.png,35.54,35.72231,0.0024578757584095
2362,/tmp/DataSetCombined/Edges/Round-1_0109296_edge.png,11.27,10.534994,0.0024578757584095
2363,/tmp/DataSetCombined/Edges/Round-6_0065378_edge.png,31.95,32.8624,0.0024578757584095
2364,/tmp/DataSetCombined/Edges/Round-7_0059330_edge.png,63.96,62.730854,0.0024578757584095
2365,/tmp/DataSetCombined/Edges/Round-10_0174279_edge.png,5.26,4.8676057,0.0024578757584095
2366,/tmp/DataSetCombined/Edges/Round-8_0076658_edge.png,55.31,57.065334,0.0024578757584095
2367,/tmp/DataSetCombined/Edges/Round-8_0013178_edge.png,3.06,2.8518033,0.0024578757584095
2368,/tmp/DataSetCombined/Edges/Round-9_0157756_edge.png,6.29,5.911518,0.0027237050235271
2369,/tmp/DataSetCombined/Edges/Round-1_0060801_edge.png,4.15,3.8032236,0.0027237050235271
2370,/tmp/DataSetCombined/Edges/Round-10_0125217_edge.png,60.77,60.432266,0.0027237050235271
2371,/tmp/DataSetCombined/Edges/Round-7_0079462_edge.png,58.88,58.481937,0.0027237050235271
2372,/tmp/DataSetCombined/Edges/Round-9_0124075_edge.png,4.04,3.6992269,0.0027237050235271
2373,/tmp/DataSetCombined/Edges/Round-1_0091477_edge.png,6.33,5.987226,0.0027237050235271
2374,/tmp/DataSetCombined/Edges/Round-6_0002940_edge.png,64.29,62.46491,0.0027237050235271
2375,/tmp/DataSetCombined/Edges/Round-1_0093222_edge.png,3.14,2.883556,0.0027237050235271
2376,/tmp/DataSetCombined/Edges/Round-5_0088379_edge.png,64.3,62.791824,0.0027237050235271
2377,/tmp/DataSetCombined/Edges/Round-9_0156522_edge.png,4.12,3.7547097,0.0027237050235271
2378,/tmp/DataSetCombined/Edges/Round-1_0094065_edge.png,2.99,2.6054206,0.0027237050235271
2379,/tmp/DataSetCombined/Edges/Round-9_0103968_edge.png,62.82,61.05907,0.0027237050235271
2380,/tmp/DataSetCombined/Edges/Round-9_0012194_edge.png,64.44,62.06088,0.0027237050235271
2381,/tmp/DataSetCombined/Edges/Round-9_0141082_edge.png,65.08,63.682705,0.0027237050235271
2382,/tmp/DataSetCombined/Edges/Round-4_0088037_edge.png,64.41,62.61166,0.0027237050235271
2383,/tmp/DataSetCombined/Edges/Round-9_0161729_edge.png,6.83,6.4959974,0.0027237050235271
2384,/tmp/DataSetCombined/Edges/Round-9_0083891_edge.png,63.31,61.47809,0.0027237050235271
2385,/tmp/DataSetCombined/Edges/Round-7_0053731_edge.png,50.12,48.14937,0.0027237050235271
2386,/tmp/DataSetCombined/Edges/Round-2_0072977_edge.png,57.87,57.24303,0.0027237050235271
2387,/tmp/DataSetCombined/Edges/Round-7_0031789_edge.png,2.87,2.5816183,0.0027237050235271
2388,/tmp/DataSetCombined/Edges/Round-3_0033864_edge.png,41.97,42.104527,0.0027237050235271
2389,/tmp/DataSetCombined/Edges/Round-9_0171722_edge.png,34.65,34.365788,0.0027237050235271
2390,/tmp/DataSetCombined/Edges/Round-3_0060442_edge.png,64.4,62.572895,0.0027237050235271
2391,/tmp/DataSetCombined/Edges/Round-3_0018242_edge.png,61.59,60.77239,0.0027237050235271
2392,/tmp/DataSetCombined/Edges/Round-5_0118991_edge.png,65.1,62.637264,0.0027237050235271
2393,/tmp/DataSetCombined/Edges/Round-4_0021374_edge.png,59.7,58.513805,0.0027237050235271
2394,/tmp/DataSetCombined/Edges/Round-4_0063544_edge.png,5.18,4.7064905,0.0027237050235271
2395,/tmp/DataSetCombined/Edges/Round-4_0016528_edge.png,2.46,2.1165757,0.0027237050235271
2396,/tmp/DataSetCombined/Edges/Round-10_0166032_edge.png,6.95,6.5562606,0.0027237050235271
2397,/tmp/DataSetCombined/Edges/Round-10_0104569_edge.png,63.76,62.622982,0.0027237050235271
2398,/tmp/DataSetCombined/Edges/Round-1_0034318_edge.png,5.88,5.6989665,0.0027237050235271
2399,/tmp/DataSetCombined/Edges/Round-2_0086973_edge.png,53.55,51.931255,0.0027237050235271
2400,/tmp/DataSetCombined/Edges/Round-3_0044609_edge.png,63.43,62.10648,0.0027237050235271
2401,/tmp/DataSetCombined/Edges/Round-5_0038830_edge.png,62.13,61.230007,0.0027237050235271
2402,/tmp/DataSetCombined/Edges/Round-3_0072209_edge.png,8.36,7.845586,0.0027237050235271
2403,/tmp/DataSetCombined/Edges/Round-6_0012915_edge.png,64.48,62.38168,0.0027237050235271
2404,/tmp/DataSetCombined/Edges/Round-9_0084042_edge.png,6.71,6.2108684,0.0027237050235271
2405,/tmp/DataSetCombined/Edges/Round-9_0008702_edge.png,65.41,63.19685,0.0027237050235271
2406,/tmp/DataSetCombined/Edges/Round-1_0013267_edge.png,56.5,56.388165,0.0027237050235271
2407,/tmp/DataSetCombined/Edges/Round-9_0051459_edge.png,3.64,3.3941598,0.0027237050235271
2408,/tmp/DataSetCombined/Edges/Round-8_0036517_edge.png,4.04,3.7187762,0.0027237050235271
2409,/tmp/DataSetCombined/Edges/Round-9_0127686_edge.png,64.99,62.719738,0.0027237050235271
2410,/tmp/DataSetCombined/Edges/Round-9_0002091_edge.png,63.89,62.704266,0.0027237050235271
2411,/tmp/DataSetCombined/Edges/Round-5_0031100_edge.png,3.84,3.5040178,0.0027237050235271
2412,/tmp/DataSetCombined/Edges/Round-1_0072300_edge.png,2.69,2.430303,0.0027237050235271
2413,/tmp/DataSetCombined/Edges/Round-5_0106349_edge.png,65.21,63.925068,0.0027237050235271
2414,/tmp/DataSetCombined/Edges/Round-8_0019210_edge.png,54.95,54.629833,0.0027237050235271
2415,/tmp/DataSetCombined/Edges/Round-9_0171572_edge.png,2.98,2.745349,0.0027237050235271
2416,/tmp/DataSetCombined/Edges/Round-8_0066094_edge.png,63.87,61.939972,0.0027237050235271
2417,/tmp/DataSetCombined/Edges/Round-7_0101078_edge.png,63.5,62.20747,0.0027237050235271
2418,/tmp/DataSetCombined/Edges/Round-2_0083475_edge.png,16.9,17.047838,0.0027237050235271
2419,/tmp/DataSetCombined/Edges/Round-10_0150140_edge.png,3.57,3.3815598,0.0027237050235271
2420,/tmp/DataSetCombined/Edges/Round-5_0094700_edge.png,5.02,4.6298003,0.0027237050235271
2421,/tmp/DataSetCombined/Edges/Round-8_0079367_edge.png,64.28,62.41252,0.0027237050235271
2422,/tmp/DataSetCombined/Edges/Round-6_0136173_edge.png,9.7,9.050232,0.0027237050235271
2423,/tmp/DataSetCombined/Edges/Round-2_0095492_edge.png,4.36,3.9618254,0.0027237050235271
2424,/tmp/DataSetCombined/Edges/Round-8_0029624_edge.png,65.12,63.249958,0.0027237050235271
2425,/tmp/DataSetCombined/Edges/Round-10_0046446_edge.png,62.97,61.89719,0.0027237050235271
2426,/tmp/DataSetCombined/Edges/Round-5_0091690_edge.png,7.7,7.0958815,0.0027237050235271
2427,/tmp/DataSetCombined/Edges/Round-6_0121665_edge.png,6.6,6.218672,0.0027237050235271
2428,/tmp/DataSetCombined/Edges/Round-9_0032391_edge.png,63.67,62.63762,0.0027237050235271
2429,/tmp/DataSetCombined/Edges/Round-1_0153873_edge.png,8.54,7.785309,0.0027237050235271
2430,/tmp/DataSetCombined/Edges/Round-8_0068290_edge.png,21.68,22.168922,0.0027237050235271
2431,/tmp/DataSetCombined/Edges/Round-7_0018966_edge.png,7.39,6.84087,0.0027237050235271
2432,/tmp/DataSetCombined/Edges/Round-4_0040788_edge.png,47.71,46.704556,0.0028449557721614
2433,/tmp/DataSetCombined/Edges/Round-1_0067100_edge.png,25.19,25.748,0.0028449557721614
2434,/tmp/DataSetCombined/Edges/Round-5_0084346_edge.png,45.45,44.17685,0.0028449557721614
2435,/tmp/DataSetCombined/Edges/Round-10_0009484_edge.png,3.94,3.642662,0.0028449557721614
2436,/tmp/DataSetCombined/Edges/Round-1_0058867_edge.png,9.28,8.4319105,0.0028449557721614
2437,/tmp/DataSetCombined/Edges/Round-6_0101709_edge.png,37.73,38.06718,0.0028449557721614
2438,/tmp/DataSetCombined/Edges/Round-4_0023391_edge.png,3.58,3.3549209,0.0028449557721614
2439,/tmp/DataSetCombined/Edges/Round-4_0059842_edge.png,53.35,52.572674,0.0028449557721614
2440,/tmp/DataSetCombined/Edges/Round-1_0152429_edge.png,63.69,62.812527,0.0028449557721614
2441,/tmp/DataSetCombined/Edges/Round-10_0076576_edge.png,58.05,56.949017,0.0028449557721614
2442,/tmp/DataSetCombined/Edges/Round-10_0115706_edge.png,8.51,7.8815484,0.0028449557721614
2443,/tmp/DataSetCombined/Edges/Round-5_0061741_edge.png,5.55,5.1854453,0.0028449557721614
2444,/tmp/DataSetCombined/Edges/Round-2_0038200_edge.png,2.92,2.666191,0.0028449557721614
2445,/tmp/DataSetCombined/Edges/Round-6_0069893_edge.png,2.1,1.6897339,0.0028449557721614
2446,/tmp/DataSetCombined/Edges/Round-7_0007589_edge.png,17.8,18.491747,0.0028449557721614
2447,/tmp/DataSetCombined/Edges/Round-8_0032454_edge.png,3.24,3.030428,0.0028449557721614
2448,/tmp/DataSetCombined/Edges/Round-6_0025948_edge.png,4.48,3.982503,0.0028449557721614
2449,/tmp/DataSetCombined/Edges/Round-10_0102763_edge.png,26.61,27.218208,0.0028449557721614
2450,/tmp/DataSetCombined/Edges/Round-6_0025436_edge.png,64.34,62.259354,0.0028449557721614
2451,/tmp/DataSetCombined/Edges/Round-5_0109178_edge.png,5.47,5.0689034,0.0028449557721614
2452,/tmp/DataSetCombined/Edges/Round-5_0009880_edge.png,4.81,4.3521743,0.0028449557721614
2453,/tmp/DataSetCombined/Edges/Round-9_0130636_edge.png,60.77,60.830555,0.0028449557721614
2454,/tmp/DataSetCombined/Edges/Round-4_0091596_edge.png,6.39,6.094948,0.0028449557721614
2455,/tmp/DataSetCombined/Edges/Round-6_0099331_edge.png,64.78,63.11181,0.0028449557721614
2456,/tmp/DataSetCombined/Edges/Round-2_0094980_edge.png,7.16,6.7153754,0.0028449557721614
2457,/tmp/DataSetCombined/Edges/Round-3_0002834_edge.png,17.93,17.977629,0.0028449557721614
2458,/tmp/DataSetCombined/Edges/Round-10_0047590_edge.png,2.99,2.7772946,0.0028449557721614
2459,/tmp/DataSetCombined/Edges/Round-2_0070479_edge.png,64.04,63.06951,0.0028449557721614
2460,/tmp/DataSetCombined/Edges/Round-10_0006624_edge.png,19.43,19.805136,0.0028449557721614
2461,/tmp/DataSetCombined/Edges/Round-1_0167057_edge.png,2.63,2.2102551,0.0028449557721614
2462,/tmp/DataSetCombined/Edges/Round-2_0053781_edge.png,4.1,3.8110576,0.0028449557721614
2463,/tmp/DataSetCombined/Edges/Round-3_0011741_edge.png,62.65,62.090275,0.0028449557721614
2464,/tmp/DataSetCombined/Edges/Round-9_0069293_edge.png,64.23,62.370487,0.0028449557721614
2465,/tmp/DataSetCombined/Edges/Round-5_0033538_edge.png,9.72,9.193674,0.0028449557721614
2466,/tmp/DataSetCombined/Edges/Round-7_0021555_edge.png,8.88,8.118818,0.0028449557721614
2467,/tmp/DataSetCombined/Edges/Round-10_0129912_edge.png,9.69,8.980503,0.0028449557721614
2468,/tmp/DataSetCombined/Edges/Round-9_0197427_edge.png,5.89,5.4123316,0.0028449557721614
2469,/tmp/DataSetCombined/Edges/Round-10_0082957_edge.png,8.27,7.6538415,0.0028449557721614
2470,/tmp/DataSetCombined/Edges/Round-8_0016140_edge.png,5.06,4.62653,0.0028449557721614
2471,/tmp/DataSetCombined/Edges/Round-3_0029379_edge.png,5.55,5.1597757,0.0028449557721614
2472,/tmp/DataSetCombined/Edges/Round-2_0001600_edge.png,29.52,29.840462,0.0028449557721614
2473,/tmp/DataSetCombined/Edges/Round-9_0059026_edge.png,2.75,2.4194822,0.0028449557721614
2474,/tmp/DataSetCombined/Edges/Round-9_0137709_edge.png,3.36,3.211907,0.0028449557721614
2475,/tmp/DataSetCombined/Edges/Round-9_0048945_edge.png,64.06,62.215755,0.0028449557721614
2476,/tmp/DataSetCombined/Edges/Round-7_0024083_edge.png,64.96,62.907135,0.0028449557721614
2477,/tmp/DataSetCombined/Edges/Round-10_0093914_edge.png,7.8,7.188907,0.0028449557721614
2478,/tmp/DataSetCombined/Edges/Round-1_0162482_edge.png,6.05,5.794474,0.0028449557721614
2479,/tmp/DataSetCombined/Edges/Round-7_0095321_edge.png,60.34,60.754093,0.0028449557721614
2480,/tmp/DataSetCombined/Edges/Round-10_0106766_edge.png,9.23,8.531217,0.0028449557721614
2481,/tmp/DataSetCombined/Edges/Round-4_0007588_edge.png,64.56,62.37131,0.0028449557721614
2482,/tmp/DataSetCombined/Edges/Round-6_0022758_edge.png,56.04,54.779835,0.0028449557721614
2483,/tmp/DataSetCombined/Edges/Round-7_0015625_edge.png,10.99,10.270235,0.0028449557721614
2484,/tmp/DataSetCombined/Edges/Round-5_0003516_edge.png,8.33,7.64395,0.0028449557721614
2485,/tmp/DataSetCombined/Edges/Round-10_0172804_edge.png,2.8,2.4269814,0.0028449557721614
2486,/tmp/DataSetCombined/Edges/Round-1_0132741_edge.png,7.04,6.4600987,0.0028449557721614
2487,/tmp/DataSetCombined/Edges/Round-9_0196343_edge.png,55.02,53.007282,0.0028449557721614
2488,/tmp/DataSetCombined/Edges/Round-1_0022534_edge.png,6.27,5.9810953,0.0028449557721614
2489,/tmp/DataSetCombined/Edges/Round-9_0002713_edge.png,58.8,58.08796,0.0028449557721614
2490,/tmp/DataSetCombined/Edges/Round-4_0068209_edge.png,64.36,62.62689,0.0028449557721614
2491,/tmp/DataSetCombined/Edges/Round-6_0090542_edge.png,64.92,62.833416,0.0028449557721614
2492,/tmp/DataSetCombined/Edges/Round-9_0144121_edge.png,43.63,42.405365,0.0028449557721614
2493,/tmp/DataSetCombined/Edges/Round-9_0155859_edge.png,39.36,39.456333,0.0028449557721614
2494,/tmp/DataSetCombined/Edges/Round-5_0036848_edge.png,5.98,5.583705,0.0028449557721614
2495,/tmp/DataSetCombined/Edges/Round-1_0058667_edge.png,15.62,15.692979,0.0028449557721614
2496,/tmp/DataSetCombined/Edges/Round-5_0111074_edge.png,23.02,22.900145,0.002424519509077
2497,/tmp/DataSetCombined/Edges/Round-1_0065467_edge.png,63.94,62.596226,0.002424519509077
2498,/tmp/DataSetCombined/Edges/Round-7_0009305_edge.png,24.69,24.89734,0.002424519509077
2499,/tmp/DataSetCombined/Edges/Round-10_0010417_edge.png,3.65,3.4189558,0.002424519509077
2500,/tmp/DataSetCombined/Edges/Round-8_0021829_edge.png,4.92,4.5443325,0.002424519509077
2501,/tmp/DataSetCombined/Edges/Round-1_0101834_edge.png,36.44,36.573833,0.002424519509077
2502,/tmp/DataSetCombined/Edges/Round-9_0024760_edge.png,36.71,35.861637,0.002424519509077
2503,/tmp/DataSetCombined/Edges/Round-10_0184754_edge.png,8.44,7.9285145,0.002424519509077
2504,/tmp/DataSetCombined/Edges/Round-9_0018545_edge.png,22.05,22.001143,0.002424519509077
2505,/tmp/DataSetCombined/Edges/Round-8_0056431_edge.png,26.37,26.785633,0.002424519509077
2506,/tmp/DataSetCombined/Edges/Round-6_0036362_edge.png,4.88,4.4002347,0.002424519509077
2507,/tmp/DataSetCombined/Edges/Round-5_0001576_edge.png,64.22,62.935482,0.002424519509077
2508,/tmp/DataSetCombined/Edges/Round-10_0100054_edge.png,5.34,4.95133,0.002424519509077
2509,/tmp/DataSetCombined/Edges/Round-10_0097255_edge.png,2.4,2.1478095,0.002424519509077
2510,/tmp/DataSetCombined/Edges/Round-4_0089612_edge.png,64.94,63.259964,0.002424519509077
2511,/tmp/DataSetCombined/Edges/Round-7_0025287_edge.png,4.82,4.359582,0.002424519509077
2512,/tmp/DataSetCombined/Edges/Round-8_0018548_edge.png,47.08,46.932415,0.002424519509077
2513,/tmp/DataSetCombined/Edges/Round-10_0100385_edge.png,63.77,62.83566,0.002424519509077
2514,/tmp/DataSetCombined/Edges/Round-7_0043708_edge.png,63.12,61.000446,0.002424519509077
2515,/tmp/DataSetCombined/Edges/Round-6_0078381_edge.png,32.79,32.804146,0.002424519509077
2516,/tmp/DataSetCombined/Edges/Round-9_0127958_edge.png,4.02,3.6914825,0.002424519509077
2517,/tmp/DataSetCombined/Edges/Round-1_0038934_edge.png,22.18,22.144075,0.002424519509077
2518,/tmp/DataSetCombined/Edges/Round-8_0002745_edge.png,6.56,6.1690664,0.002424519509077
2519,/tmp/DataSetCombined/Edges/Round-1_0039434_edge.png,27.24,27.769258,0.002424519509077
2520,/tmp/DataSetCombined/Edges/Round-9_0186923_edge.png,64.32,62.29701,0.002424519509077
2521,/tmp/DataSetCombined/Edges/Round-8_0053572_edge.png,31.43,31.903788,0.002424519509077
2522,/tmp/DataSetCombined/Edges/Round-2_0102595_edge.png,11.33,10.551388,0.002424519509077
2523,/tmp/DataSetCombined/Edges/Round-2_0047200_edge.png,8.22,7.6331553,0.002424519509077
2524,/tmp/DataSetCombined/Edges/Round-3_0087020_edge.png,12.76,12.118644,0.002424519509077
2525,/tmp/DataSetCombined/Edges/Round-9_0160585_edge.png,45.65,45.28492,0.002424519509077
2526,/tmp/DataSetCombined/Edges/Round-1_0009267_edge.png,5.12,4.665244,0.002424519509077
2527,/tmp/DataSetCombined/Edges/Round-9_0141584_edge.png,5.19,4.697956,0.002424519509077
2528,/tmp/DataSetCombined/Edges/Round-5_0030919_edge.png,26.73,26.475653,0.002424519509077
2529,/tmp/DataSetCombined/Edges/Round-8_0019198_edge.png,52.27,51.016785,0.002424519509077
2530,/tmp/DataSetCombined/Edges/Round-6_0107609_edge.png,64.58,62.43166,0.002424519509077
2531,/tmp/DataSetCombined/Edges/Round-10_0032932_edge.png,2.74,2.3650737,0.002424519509077
2532,/tmp/DataSetCombined/Edges/Round-1_0009734_edge.png,63.05,61.68791,0.002424519509077
2533,/tmp/DataSetCombined/Edges/Round-9_0039374_edge.png,49.43,48.435013,0.002424519509077
2534,/tmp/DataSetCombined/Edges/Round-9_0002182_edge.png,55.61,55.898098,0.002424519509077
2535,/tmp/DataSetCombined/Edges/Round-6_0076034_edge.png,28.72,28.790127,0.002424519509077
2536,/tmp/DataSetCombined/Edges/Round-1_0114593_edge.png,55.62,53.658672,0.002424519509077
2537,/tmp/DataSetCombined/Edges/Round-9_0137516_edge.png,4.81,4.34855,0.002424519509077
2538,/tmp/DataSetCombined/Edges/Round-8_0058026_edge.png,64.22,62.958458,0.002424519509077
2539,/tmp/DataSetCombined/Edges/Round-9_0004217_edge.png,6.85,6.348319,0.002424519509077
2540,/tmp/DataSetCombined/Edges/Round-5_0045367_edge.png,65.09,63.212856,0.002424519509077
2541,/tmp/DataSetCombined/Edges/Round-7_0011352_edge.png,61.4,61.403767,0.002424519509077
2542,/tmp/DataSetCombined/Edges/Round-7_0028147_edge.png,5.69,5.3515625,0.002424519509077
2543,/tmp/DataSetCombined/Edges/Round-2_0093477_edge.png,15.43,15.531944,0.002424519509077
2544,/tmp/DataSetCombined/Edges/Round-1_0166635_edge.png,34.1,33.99119,0.002424519509077
2545,/tmp/DataSetCombined/Edges/Round-7_0099212_edge.png,54.56,54.16048,0.002424519509077
2546,/tmp/DataSetCombined/Edges/Round-6_0107187_edge.png,10.34,9.883567,0.002424519509077
2547,/tmp/DataSetCombined/Edges/Round-8_0053301_edge.png,65.49,63.265358,0.002424519509077
2548,/tmp/DataSetCombined/Edges/Round-8_0087283_edge.png,21.65,22.010378,0.002424519509077
2549,/tmp/DataSetCombined/Edges/Round-9_0071551_edge.png,2.25,1.8505062,0.002424519509077
2550,/tmp/DataSetCombined/Edges/Round-4_0029832_edge.png,60.14,60.217545,0.002424519509077
2551,/tmp/DataSetCombined/Edges/Round-1_0127687_edge.png,3.35,3.138628,0.002424519509077
2552,/tmp/DataSetCombined/Edges/Round-3_0082083_edge.png,63.92,62.502087,0.002424519509077
2553,/tmp/DataSetCombined/Edges/Round-5_0112459_edge.png,23.32,23.086393,0.002424519509077
2554,/tmp/DataSetCombined/Edges/Round-8_0034139_edge.png,2.69,2.4203491,0.002424519509077
2555,/tmp/DataSetCombined/Edges/Round-10_0089459_edge.png,27.67,27.904099,0.002424519509077
2556,/tmp/DataSetCombined/Edges/Round-9_0053370_edge.png,64.69,62.32402,0.002424519509077
2557,/tmp/DataSetCombined/Edges/Round-3_0018152_edge.png,64.25,62.3101,0.002424519509077
2558,/tmp/DataSetCombined/Edges/Round-8_0045367_edge.png,60.8,60.871986,0.002424519509077
2559,/tmp/DataSetCombined/Edges/Round-4_0033474_edge.png,59.41,56.47143,0.002424519509077
2560,/tmp/DataSetCombined/Edges/Round-2_0059267_edge.png,60.37,59.965904,0.00312215462327
2561,/tmp/DataSetCombined/Edges/Round-5_0016742_edge.png,63.87,62.494335,0.00312215462327
2562,/tmp/DataSetCombined/Edges/Round-7_0009635_edge.png,63.42,61.781677,0.00312215462327
2563,/tmp/DataSetCombined/Edges/Round-4_0002170_edge.png,24.8,24.765003,0.00312215462327
2564,/tmp/DataSetCombined/Edges/Round-7_0097918_edge.png,64.87,62.369934,0.00312215462327
2565,/tmp/DataSetCombined/Edges/Round-10_0082566_edge.png,56.01,54.77177,0.00312215462327
2566,/tmp/DataSetCombined/Edges/Round-10_0166544_edge.png,28.97,29.178778,0.00312215462327
2567,/tmp/DataSetCombined/Edges/Round-5_0115410_edge.png,63.3,61.35432,0.00312215462327
2568,/tmp/DataSetCombined/Edges/Round-4_0039163_edge.png,64.91,62.641705,0.00312215462327
2569,/tmp/DataSetCombined/Edges/Round-4_0005331_edge.png,22.31,22.682432,0.00312215462327
2570,/tmp/DataSetCombined/Edges/Round-9_0148697_edge.png,3.93,3.587737,0.00312215462327
2571,/tmp/DataSetCombined/Edges/Round-8_0017633_edge.png,64.0,62.0277,0.00312215462327
2572,/tmp/DataSetCombined/Edges/Round-5_0077453_edge.png,4.9,4.3631525,0.00312215462327
2573,/tmp/DataSetCombined/Edges/Round-7_0060354_edge.png,50.57,49.226536,0.00312215462327
2574,/tmp/DataSetCombined/Edges/Round-3_0001367_edge.png,4.81,4.330468,0.00312215462327
2575,/tmp/DataSetCombined/Edges/Round-10_0150591_edge.png,65.21,63.864544,0.00312215462327
2576,/tmp/DataSetCombined/Edges/Round-10_0194627_edge.png,5.74,5.3023753,0.00312215462327
2577,/tmp/DataSetCombined/Edges/Round-1_0099543_edge.png,13.86,13.987459,0.00312215462327
2578,/tmp/DataSetCombined/Edges/Round-9_0198210_edge.png,65.34,63.163563,0.00312215462327
2579,/tmp/DataSetCombined/Edges/Round-10_0093101_edge.png,4.85,4.38333,0.00312215462327
2580,/tmp/DataSetCombined/Edges/Round-9_0009606_edge.png,9.24,8.455111,0.00312215462327
2581,/tmp/DataSetCombined/Edges/Round-6_0120021_edge.png,45.26,45.217285,0.00312215462327
2582,/tmp/DataSetCombined/Edges/Round-7_0031160_edge.png,3.92,3.6078706,0.00312215462327
2583,/tmp/DataSetCombined/Edges/Round-4_0009665_edge.png,8.44,7.7713604,0.00312215462327
2584,/tmp/DataSetCombined/Edges/Round-9_0124917_edge.png,52.87,51.677914,0.00312215462327
2585,/tmp/DataSetCombined/Edges/Round-10_0124013_edge.png,2.99,2.7987514,0.00312215462327
2586,/tmp/DataSetCombined/Edges/Round-1_0019967_edge.png,63.87,62.049213,0.00312215462327
2587,/tmp/DataSetCombined/Edges/Round-3_0021192_edge.png,64.1,62.0171,0.00312215462327
2588,/tmp/DataSetCombined/Edges/Round-1_0148696_edge.png,63.37,62.178295,0.00312215462327
2589,/tmp/DataSetCombined/Edges/Round-10_0192459_edge.png,63.89,62.719578,0.00312215462327
2590,/tmp/DataSetCombined/Edges/Round-9_0081032_edge.png,62.83,61.34343,0.00312215462327
2591,/tmp/DataSetCombined/Edges/Round-4_0075764_edge.png,37.3,36.16202,0.00312215462327
2592,/tmp/DataSetCombined/Edges/Round-9_0078865_edge.png,3.38,3.151958,0.00312215462327
2593,/tmp/DataSetCombined/Edges/Round-7_0068721_edge.png,37.14,36.58167,0.00312215462327
2594,/tmp/DataSetCombined/Edges/Round-7_0125309_edge.png,3.91,3.5924997,0.00312215462327
2595,/tmp/DataSetCombined/Edges/Round-1_0063867_edge.png,64.62,63.136223,0.00312215462327
2596,/tmp/DataSetCombined/Edges/Round-8_0049039_edge.png,58.13,58.69325,0.00312215462327
2597,/tmp/DataSetCombined/Edges/Round-7_0056350_edge.png,5.54,5.350749,0.00312215462327
2598,/tmp/DataSetCombined/Edges/Round-7_0133917_edge.png,3.26,3.017633,0.00312215462327
2599,/tmp/DataSetCombined/Edges/Round-5_0068544_edge.png,7.32,6.900451,0.00312215462327
2600,/tmp/DataSetCombined/Edges/Round-1_0076157_edge.png,3.21,2.8526611,0.00312215462327
2601,/tmp/DataSetCombined/Edges/Round-2_0082759_edge.png,56.17,55.18598,0.00312215462327
2602,/tmp/DataSetCombined/Edges/Round-8_0038354_edge.png,64.63,62.395668,0.00312215462327
2603,/tmp/DataSetCombined/Edges/Round-5_0124047_edge.png,12.48,11.572033,0.00312215462327
2604,/tmp/DataSetCombined/Edges/Round-9_0006054_edge.png,62.5,61.422207,0.00312215462327
2605,/tmp/DataSetCombined/Edges/Round-8_0073377_edge.png,17.36,18.053291,0.00312215462327
2606,/tmp/DataSetCombined/Edges/Round-1_0128138_edge.png,62.51,62.515713,0.00312215462327
2607,/tmp/DataSetCombined/Edges/Round-1_0033505_edge.png,63.9,62.658978,0.00312215462327
2608,/tmp/DataSetCombined/Edges/Round-1_0139516_edge.png,8.16,7.7653356,0.00312215462327
2609,/tmp/DataSetCombined/Edges/Round-6_0097555_edge.png,56.13,55.650566,0.00312215462327
2610,/tmp/DataSetCombined/Edges/Round-9_0198932_edge.png,64.95,62.582726,0.00312215462327
2611,/tmp/DataSetCombined/Edges/Round-8_0016429_edge.png,3.43,3.1883984,0.00312215462327
2612,/tmp/DataSetCombined/Edges/Round-8_0024014_edge.png,64.13,62.07775,0.00312215462327
2613,/tmp/DataSetCombined/Edges/Round-9_0153452_edge.png,49.5,48.173763,0.00312215462327
2614,/tmp/DataSetCombined/Edges/Round-7_0068841_edge.png,17.17,17.578098,0.00312215462327
2615,/tmp/DataSetCombined/Edges/Round-8_0046962_edge.png,5.99,5.5943427,0.00312215462327
2616,/tmp/DataSetCombined/Edges/Round-9_0147221_edge.png,44.38,43.63681,0.00312215462327
2617,/tmp/DataSetCombined/Edges/Round-8_0061259_edge.png,50.07,48.914,0.00312215462327
2618,/tmp/DataSetCombined/Edges/Round-9_0151646_edge.png,3.14,2.9288917,0.00312215462327
2619,/tmp/DataSetCombined/Edges/Round-9_0097015_edge.png,65.29,63.289486,0.00312215462327
2620,/tmp/DataSetCombined/Edges/Round-8_0067640_edge.png,48.66,48.41485,0.00312215462327
2621,/tmp/DataSetCombined/Edges/Round-5_0070873_edge.png,3.31,3.0799112,0.00312215462327
2622,/tmp/DataSetCombined/Edges/Round-6_0135180_edge.png,32.29,32.52914,0.00312215462327
2623,/tmp/DataSetCombined/Edges/Round-5_0074443_edge.png,5.44,5.2441087,0.00312215462327
2624,/tmp/DataSetCombined/Edges/Round-1_0042083_edge.png,64.78,62.968628,0.0027939304709434
2625,/tmp/DataSetCombined/Edges/Round-7_0126332_edge.png,45.78,43.98012,0.0027939304709434
2626,/tmp/DataSetCombined/Edges/Round-4_0086871_edge.png,9.98,9.176053,0.0027939304709434
2627,/tmp/DataSetCombined/Edges/Round-1_0055167_edge.png,5.97,5.6267757,0.0027939304709434
2628,/tmp/DataSetCombined/Edges/Round-7_0135241_edge.png,9.62,8.935668,0.0027939304709434
2629,/tmp/DataSetCombined/Edges/Round-9_0173408_edge.png,37.06,36.998043,0.0027939304709434
2630,/tmp/DataSetCombined/Edges/Round-6_0040908_edge.png,64.02,62.009853,0.0027939304709434
2631,/tmp/DataSetCombined/Edges/Round-8_0039605_edge.png,39.72,39.672684,0.0027939304709434
2632,/tmp/DataSetCombined/Edges/Round-10_0061737_edge.png,5.19,4.8164835,0.0027939304709434
2633,/tmp/DataSetCombined/Edges/Round-10_0073897_edge.png,7.22,6.7747884,0.0027939304709434
2634,/tmp/DataSetCombined/Edges/Round-7_0019418_edge.png,6.36,5.8700824,0.0027939304709434
2635,/tmp/DataSetCombined/Edges/Round-5_0031551_edge.png,64.65,62.923267,0.0027939304709434
2636,/tmp/DataSetCombined/Edges/Round-10_0112334_edge.png,2.57,2.314096,0.0027939304709434
2637,/tmp/DataSetCombined/Edges/Round-2_0069600_edge.png,8.73,7.98394,0.0027939304709434
2638,/tmp/DataSetCombined/Edges/Round-9_0136987_edge.png,65.24,63.293804,0.0027939304709434
2639,/tmp/DataSetCombined/Edges/Round-9_0165522_edge.png,59.16,59.877304,0.0027939304709434
2640,/tmp/DataSetCombined/Edges/Round-10_0193242_edge.png,7.7,7.2803555,0.0027939304709434
2641,/tmp/DataSetCombined/Edges/Round-3_0004234_edge.png,4.68,4.201801,0.0027939304709434
2642,/tmp/DataSetCombined/Edges/Round-8_0042736_edge.png,8.69,7.994732,0.0027939304709434
2643,/tmp/DataSetCombined/Edges/Round-7_0071521_edge.png,59.68,58.832882,0.0027939304709434
2644,/tmp/DataSetCombined/Edges/Round-9_0051865_edge.png,3.58,3.364141,0.0027939304709434
2645,/tmp/DataSetCombined/Edges/Round-10_0154414_edge.png,54.56,54.032417,0.0027939304709434
2646,/tmp/DataSetCombined/Edges/Round-1_0019067_edge.png,64.59,63.192013,0.0027939304709434
2647,/tmp/DataSetCombined/Edges/Round-2_0033000_edge.png,60.73,61.213654,0.0027939304709434
2648,/tmp/DataSetCombined/Edges/Round-6_0013997_edge.png,64.8,63.233105,0.0027939304709434
2649,/tmp/DataSetCombined/Edges/Round-10_0135090_edge.png,4.63,4.184607,0.0027939304709434
2650,/tmp/DataSetCombined/Edges/Round-5_0008344_edge.png,53.86,52.364803,0.0027939304709434
2651,/tmp/DataSetCombined/Edges/Round-6_0014721_edge.png,5.31,4.909203,0.0027939304709434
2652,/tmp/DataSetCombined/Edges/Round-1_0168382_edge.png,61.51,61.19846,0.0027939304709434
2653,/tmp/DataSetCombined/Edges/Round-10_0181774_edge.png,9.67,9.010689,0.0027939304709434
2654,/tmp/DataSetCombined/Edges/Round-2_0057003_edge.png,51.26,50.445095,0.0027939304709434
2655,/tmp/DataSetCombined/Edges/Round-3_0009333_edge.png,60.4,60.738533,0.0027939304709434
2656,/tmp/DataSetCombined/Edges/Round-5_0080072_edge.png,9.04,8.246477,0.0027939304709434
2657,/tmp/DataSetCombined/Edges/Round-6_0083168_edge.png,64.38,62.486576,0.0027939304709434
2658,/tmp/DataSetCombined/Edges/Round-5_0095874_edge.png,61.39,61.2636,0.0027939304709434
2659,/tmp/DataSetCombined/Edges/Round-3_0020199_edge.png,2.71,2.594767,0.0027939304709434
2660,/tmp/DataSetCombined/Edges/Round-10_0063695_edge.png,6.03,5.7315702,0.0027939304709434
2661,/tmp/DataSetCombined/Edges/Round-9_0116430_edge.png,57.06,56.432457,0.0027939304709434
2662,/tmp/DataSetCombined/Edges/Round-1_0118310_edge.png,49.76,49.944263,0.0027939304709434
2663,/tmp/DataSetCombined/Edges/Round-10_0075191_edge.png,63.98,62.034004,0.0027939304709434
2664,/tmp/DataSetCombined/Edges/Round-6_0116909_edge.png,3.88,3.5401745,0.0027939304709434
2665,/tmp/DataSetCombined/Edges/Round-1_0068734_edge.png,64.2,62.292725,0.0027939304709434
2666,/tmp/DataSetCombined/Edges/Round-10_0193965_edge.png,5.01,4.504837,0.0027939304709434
2667,/tmp/DataSetCombined/Edges/Round-6_0115976_edge.png,32.02,32.46316,0.0027939304709434
2668,/tmp/DataSetCombined/Edges/Round-9_0002743_edge.png,7.49,6.89363,0.0027939304709434
2669,/tmp/DataSetCombined/Edges/Round-9_0117194_edge.png,49.12,49.140472,0.0027939304709434
2670,/tmp/DataSetCombined/Edges/Round-9_0029351_edge.png,64.07,62.252888,0.0027939304709434
2671,/tmp/DataSetCombined/Edges/Round-8_0013762_edge.png,34.27,34.181355,0.0027939304709434
2672,/tmp/DataSetCombined/Edges/Round-5_0087446_edge.png,23.01,23.052507,0.0027939304709434
2673,/tmp/DataSetCombined/Edges/Round-4_0034498_edge.png,38.55,38.916965,0.0027939304709434
2674,/tmp/DataSetCombined/Edges/Round-1_0107761_edge.png,6.1,5.7758074,0.0027939304709434
2675,/tmp/DataSetCombined/Edges/Round-9_0197698_edge.png,3.86,3.4897017,0.0027939304709434
2676,/tmp/DataSetCombined/Edges/Round-7_0031211_edge.png,3.76,3.3960757,0.0027939304709434
2677,/tmp/DataSetCombined/Edges/Round-10_0060443_edge.png,6.21,5.8407145,0.0027939304709434
2678,/tmp/DataSetCombined/Edges/Round-2_0041600_edge.png,63.92,62.664093,0.0027939304709434
2679,/tmp/DataSetCombined/Edges/Round-2_0110541_edge.png,48.44,46.21171,0.0027939304709434
2680,/tmp/DataSetCombined/Edges/Round-5_0114085_edge.png,63.83,62.672077,0.0027939304709434
2681,/tmp/DataSetCombined/Edges/Round-5_0041604_edge.png,5.17,4.770942,0.0027939304709434
2682,/tmp/DataSetCombined/Edges/Round-7_0038260_edge.png,6.74,6.3149657,0.0027939304709434
2683,/tmp/DataSetCombined/Edges/Round-10_0199443_edge.png,33.6,33.646397,0.0027939304709434
2684,/tmp/DataSetCombined/Edges/Round-7_0024302_edge.png,64.57,62.192326,0.0027939304709434
2685,/tmp/DataSetCombined/Edges/Round-6_0018905_edge.png,23.5,24.178196,0.0027939304709434
2686,/tmp/DataSetCombined/Edges/Round-4_0021524_edge.png,3.34,3.1870332,0.0027939304709434
2687,/tmp/DataSetCombined/Edges/Round-8_0037438_edge.png,37.25,38.12257,0.0027939304709434
2688,/tmp/DataSetCombined/Edges/Round-10_0168290_edge.png,48.92,49.22913,0.0030662529170513
2689,/tmp/DataSetCombined/Edges/Round-5_0016682_edge.png,65.36,63.48106,0.0030662529170513
2690,/tmp/DataSetCombined/Edges/Round-9_0156462_edge.png,64.28,62.86942,0.0030662529170513
2691,/tmp/DataSetCombined/Edges/Round-10_0031637_edge.png,7.55,7.0359015,0.0030662529170513
2692,/tmp/DataSetCombined/Edges/Round-6_0072512_edge.png,4.16,3.8319006,0.0030662529170513
2693,/tmp/DataSetCombined/Edges/Round-9_0161067_edge.png,59.65,60.236298,0.0030662529170513
2694,/tmp/DataSetCombined/Edges/Round-9_0083125_edge.png,63.98,62.4844,0.0030662529170513
2695,/tmp/DataSetCombined/Edges/Round-7_0077119_edge.png,16.47,16.681551,0.0030662529170513
2696,/tmp/DataSetCombined/Edges/Round-5_0016592_edge.png,63.73,60.511547,0.0030662529170513
2697,/tmp/DataSetCombined/Edges/Round-5_0104994_edge.png,3.5,3.257656,0.0030662529170513
2698,/tmp/DataSetCombined/Edges/Round-9_0134428_edge.png,4.94,4.59195,0.0030662529170513
2699,/tmp/DataSetCombined/Edges/Round-5_0011565_edge.png,7.41,6.8575296,0.0030662529170513
2700,/tmp/DataSetCombined/Edges/Round-8_0009337_edge.png,26.5,26.652487,0.0030662529170513
2701,/tmp/DataSetCombined/Edges/Round-1_0041267_edge.png,65.16,63.315266,0.0030662529170513
2702,/tmp/DataSetCombined/Edges/Round-1_0006801_edge.png,3.62,3.3190842,0.0030662529170513
2703,/tmp/DataSetCombined/Edges/Round-6_0097254_edge.png,26.86,26.284971,0.0030662529170513
2704,/tmp/DataSetCombined/Edges/Round-9_0078982_edge.png,63.9,62.76093,0.0030662529170513
2705,/tmp/DataSetCombined/Edges/Round-8_0075153_edge.png,52.61,52.014927,0.0030662529170513
2706,/tmp/DataSetCombined/Edges/Round-4_0053881_edge.png,56.87,57.32947,0.0030662529170513
2707,/tmp/DataSetCombined/Edges/Round-9_0058880_edge.png,64.33,62.482876,0.0030662529170513
2708,/tmp/DataSetCombined/Edges/Round-4_0090580_edge.png,4.44,4.0314016,0.0030662529170513
2709,/tmp/DataSetCombined/Edges/Round-1_0040434_edge.png,43.51,43.296677,0.0030662529170513
2710,/tmp/DataSetCombined/Edges/Round-8_0044945_edge.png,2.92,2.6444182,0.0030662529170513
2711,/tmp/DataSetCombined/Edges/Round-5_0004970_edge.png,2.81,2.6159697,0.0030662529170513
2712,/tmp/DataSetCombined/Edges/Round-1_0171331_edge.png,52.32,51.357235,0.0030662529170513
2713,/tmp/DataSetCombined/Edges/Round-9_0053310_edge.png,8.0,7.426917,0.0030662529170513
2714,/tmp/DataSetCombined/Edges/Round-7_0058186_edge.png,3.21,2.9591293,0.0030662529170513
2715,/tmp/DataSetCombined/Edges/Round-1_0022800_edge.png,32.18,32.20172,0.0030662529170513
2716,/tmp/DataSetCombined/Edges/Round-7_0033505_edge.png,9.07,8.43584,0.0030662529170513
2717,/tmp/DataSetCombined/Edges/Round-8_0072035_edge.png,12.07,11.090023,0.0030662529170513
2718,/tmp/DataSetCombined/Edges/Round-1_0118391_edge.png,55.22,55.785973,0.0030662529170513
2719,/tmp/DataSetCombined/Edges/Round-6_0014781_edge.png,64.84,62.540504,0.0030662529170513
2720,/tmp/DataSetCombined/Edges/Round-6_0089428_edge.png,5.76,5.344445,0.0030662529170513
2721,/tmp/DataSetCombined/Edges/Round-8_0005443_edge.png,65.3,63.0189,0.0030662529170513
2722,/tmp/DataSetCombined/Edges/Round-9_0012796_edge.png,42.22,41.53092,0.0030662529170513
2723,/tmp/DataSetCombined/Edges/Round-7_0067487_edge.png,38.68,39.16032,0.0030662529170513
2724,/tmp/DataSetCombined/Edges/Round-10_0126092_edge.png,3.29,3.051269,0.0030662529170513
2725,/tmp/DataSetCombined/Edges/Round-8_0048364_edge.png,3.74,3.489142,0.0030662529170513
2726,/tmp/DataSetCombined/Edges/Round-9_0054093_edge.png,5.39,5.122708,0.0030662529170513
2727,/tmp/DataSetCombined/Edges/Round-2_0078846_edge.png,4.23,3.8947282,0.0030662529170513
2728,/tmp/DataSetCombined/Edges/Round-5_0029023_edge.png,42.4,41.685596,0.0030662529170513
2729,/tmp/DataSetCombined/Edges/Round-1_0113195_edge.png,33.97,32.92185,0.0030662529170513
2730,/tmp/DataSetCombined/Edges/Round-2_0074300_edge.png,2.8,2.3884287,0.0030662529170513
2731,/tmp/DataSetCombined/Edges/Round-6_0038568_edge.png,6.0,5.7982926,0.0030662529170513
2732,/tmp/DataSetCombined/Edges/Round-3_0057192_edge.png,5.62,5.3042154,0.0030662529170513
2733,/tmp/DataSetCombined/Edges/Round-2_0111896_edge.png,38.34,38.482723,0.0030662529170513
2734,/tmp/DataSetCombined/Edges/Round-4_0017521_edge.png,4.17,3.8130822,0.0030662529170513
2735,/tmp/DataSetCombined/Edges/Round-9_0124646_edge.png,50.26,49.457676,0.0030662529170513
2736,/tmp/DataSetCombined/Edges/Round-9_0104299_edge.png,55.35,54.23618,0.0030662529170513
2737,/tmp/DataSetCombined/Edges/Round-3_0022396_edge.png,65.41,63.266304,0.0030662529170513
2738,/tmp/DataSetCombined/Edges/Round-5_0093586_edge.png,64.26,62.755573,0.0030662529170513
2739,/tmp/DataSetCombined/Edges/Round-9_0040457_edge.png,7.05,6.6779175,0.0030662529170513
2740,/tmp/DataSetCombined/Edges/Round-4_0021434_edge.png,2.73,2.44987,0.0030662529170513
2741,/tmp/DataSetCombined/Edges/Round-10_0184544_edge.png,50.38,49.84016,0.0030662529170513
2742,/tmp/DataSetCombined/Edges/Round-10_0168713_edge.png,6.73,6.3634386,0.0030662529170513
2743,/tmp/DataSetCombined/Edges/Round-5_0073389_edge.png,20.01,20.570133,0.0030662529170513
2744,/tmp/DataSetCombined/Edges/Round-1_0015967_edge.png,61.83,61.149017,0.0030662529170513
2745,/tmp/DataSetCombined/Edges/Round-10_0009574_edge.png,9.36,8.917944,0.0030662529170513
2746,/tmp/DataSetCombined/Edges/Round-1_0122088_edge.png,7.39,6.9515915,0.0030662529170513
2747,/tmp/DataSetCombined/Edges/Round-2_0054767_edge.png,3.8,3.5355535,0.0030662529170513
2748,/tmp/DataSetCombined/Edges/Round-5_0015237_edge.png,24.24,24.167185,0.0030662529170513
2749,/tmp/DataSetCombined/Edges/Round-10_0163745_edge.png,42.98,42.87399,0.0030662529170513
2750,/tmp/DataSetCombined/Edges/Round-9_0127445_edge.png,6.09,5.6623774,0.0030662529170513
2751,/tmp/DataSetCombined/Edges/Round-1_0126754_edge.png,64.45,62.444042,0.0030662529170513
2752,/tmp/DataSetCombined/Edges/Round-1_0071767_edge.png,43.75,43.538876,0.0024855248630046
2753,/tmp/DataSetCombined/Edges/Round-8_0076056_edge.png,63.28,60.845222,0.0024855248630046
2754,/tmp/DataSetCombined/Edges/Round-1_0061834_edge.png,63.98,62.379353,0.0024855248630046
2755,/tmp/DataSetCombined/Edges/Round-4_0021494_edge.png,32.17,31.384441,0.0024855248630046
2756,/tmp/DataSetCombined/Edges/Round-6_0116548_edge.png,44.41,44.244446,0.0024855248630046
2757,/tmp/DataSetCombined/Edges/Round-3_0082716_edge.png,56.95,55.306545,0.0024855248630046
2758,/tmp/DataSetCombined/Edges/Round-10_0127174_edge.png,4.21,3.8590946,0.0024855248630046
2759,/tmp/DataSetCombined/Edges/Round-1_0060701_edge.png,8.18,7.522034,0.0024855248630046
2760,/tmp/DataSetCombined/Edges/Round-2_0093956_edge.png,46.08,45.12527,0.0024855248630046
2761,/tmp/DataSetCombined/Edges/Round-4_0081724_edge.png,5.36,5.002102,0.0024855248630046
2762,/tmp/DataSetCombined/Edges/Round-6_0028506_edge.png,64.87,62.79716,0.0024855248630046
2763,/tmp/DataSetCombined/Edges/Round-4_0027454_edge.png,64.99,62.658077,0.0024855248630046
2764,/tmp/DataSetCombined/Edges/Round-3_0071187_edge.png,64.73,62.72685,0.0024855248630046
2765,/tmp/DataSetCombined/Edges/Round-5_0019993_edge.png,52.97,52.150433,0.0024855248630046
2766,/tmp/DataSetCombined/Edges/Round-9_0026401_edge.png,7.74,7.1922693,0.0024855248630046
2767,/tmp/DataSetCombined/Edges/Round-5_0013130_edge.png,3.34,3.213368,0.0024855248630046
2768,/tmp/DataSetCombined/Edges/Round-2_0101421_edge.png,64.92,62.52212,0.0024855248630046
2769,/tmp/DataSetCombined/Edges/Round-5_0066557_edge.png,49.27,48.111553,0.0024855248630046
2770,/tmp/DataSetCombined/Edges/Round-3_0033683_edge.png,59.5,60.318516,0.0024855248630046
2771,/tmp/DataSetCombined/Edges/Round-9_0183461_edge.png,3.97,3.6599522,0.0024855248630046
2772,/tmp/DataSetCombined/Edges/Round-3_0062519_edge.png,12.89,12.303827,0.0024855248630046
2773,/tmp/DataSetCombined/Edges/Round-8_0024839_edge.png,5.3,4.891237,0.0024855248630046
2774,/tmp/DataSetCombined/Edges/Round-9_0047390_edge.png,64.05,62.330753,0.0024855248630046
2775,/tmp/DataSetCombined/Edges/Round-8_0021106_edge.png,55.0,54.149445,0.0024855248630046
2776,/tmp/DataSetCombined/Edges/Round-7_0120884_edge.png,3.58,3.4019327,0.0024855248630046
2777,/tmp/DataSetCombined/Edges/Round-7_0076697_edge.png,3.51,3.316914,0.0024855248630046
2778,/tmp/DataSetCombined/Edges/Round-6_0009754_edge.png,6.57,6.2392483,0.0024855248630046
2779,/tmp/DataSetCombined/Edges/Round-3_0044369_edge.png,3.23,3.0336914,0.0024855248630046
2780,/tmp/DataSetCombined/Edges/Round-6_0003645_edge.png,52.37,50.262005,0.0024855248630046
2781,/tmp/DataSetCombined/Edges/Round-1_0033034_edge.png,17.78,17.912289,0.0024855248630046
2782,/tmp/DataSetCombined/Edges/Round-10_0011440_edge.png,64.75,62.5062,0.0024855248630046
2783,/tmp/DataSetCombined/Edges/Round-6_0091716_edge.png,56.52,55.918636,0.0024855248630046
2784,/tmp/DataSetCombined/Edges/Round-5_0079138_edge.png,65.21,63.544323,0.0024855248630046
2785,/tmp/DataSetCombined/Edges/Round-1_0140961_edge.png,53.85,54.225582,0.0024855248630046
2786,/tmp/DataSetCombined/Edges/Round-3_0075522_edge.png,4.98,4.497854,0.0024855248630046
2787,/tmp/DataSetCombined/Edges/Round-1_0062101_edge.png,65.2,63.59207,0.0024855248630046
2788,/tmp/DataSetCombined/Edges/Round-1_0141864_edge.png,48.29,46.79307,0.0024855248630046
2789,/tmp/DataSetCombined/Edges/Round-2_0072254_edge.png,43.71,42.484776,0.0024855248630046
2790,/tmp/DataSetCombined/Edges/Round-10_0151584_edge.png,3.78,3.4346056,0.0024855248630046
2791,/tmp/DataSetCombined/Edges/Round-10_0143307_edge.png,63.81,62.59956,0.0024855248630046
2792,/tmp/DataSetCombined/Edges/Round-9_0081423_edge.png,50.54,49.44802,0.0024855248630046
2793,/tmp/DataSetCombined/Edges/Round-4_0017912_edge.png,40.83,41.164654,0.0024855248630046
2794,/tmp/DataSetCombined/Edges/Round-5_0051447_edge.png,3.17,3.0018106,0.0024855248630046
2795,/tmp/DataSetCombined/Edges/Round-2_0050267_edge.png,64.15,62.310997,0.0024855248630046
2796,/tmp/DataSetCombined/Edges/Round-10_0125187_edge.png,2.46,2.0116801,0.0024855248630046
2797,/tmp/DataSetCombined/Edges/Round-8_0002264_edge.png,9.05,8.3310795,0.0024855248630046
2798,/tmp/DataSetCombined/Edges/Round-2_0070087_edge.png,65.27,63.431286,0.0024855248630046
2799,/tmp/DataSetCombined/Edges/Round-5_0045819_edge.png,22.72,23.102776,0.0024855248630046
2800,/tmp/DataSetCombined/Edges/Round-3_0068839_edge.png,63.13,62.239532,0.0024855248630046
2801,/tmp/DataSetCombined/Edges/Round-5_0056625_edge.png,41.21,40.735027,0.0024855248630046
2802,/tmp/DataSetCombined/Edges/Round-4_0083228_edge.png,5.03,4.600396,0.0024855248630046
2803,/tmp/DataSetCombined/Edges/Round-9_0145114_edge.png,29.0,28.526628,0.0024855248630046
2804,/tmp/DataSetCombined/Edges/Round-8_0013359_edge.png,17.4,17.855225,0.0024855248630046
2805,/tmp/DataSetCombined/Edges/Round-3_0004940_edge.png,2.93,2.6520724,0.0024855248630046
2806,/tmp/DataSetCombined/Edges/Round-3_0052801_edge.png,63.62,62.18736,0.0024855248630046
2807,/tmp/DataSetCombined/Edges/Round-5_0022040_edge.png,65.3,63.97337,0.0024855248630046
2808,/tmp/DataSetCombined/Edges/Round-4_0089911_edge.png,65.27,63.312183,0.0024855248630046
2809,/tmp/DataSetCombined/Edges/Round-9_0031970_edge.png,65.24,63.349163,0.0024855248630046
2810,/tmp/DataSetCombined/Edges/Round-7_0048614_edge.png,5.36,4.998642,0.0024855248630046
2811,/tmp/DataSetCombined/Edges/Round-1_0004970_edge.png,65.41,63.26249,0.0024855248630046
2812,/tmp/DataSetCombined/Edges/Round-1_0009134_edge.png,5.32,4.962219,0.0024855248630046
2813,/tmp/DataSetCombined/Edges/Round-7_0022097_edge.png,7.47,6.895008,0.0024855248630046
2814,/tmp/DataSetCombined/Edges/Round-6_0041630_edge.png,62.92,61.838123,0.0024855248630046
2815,/tmp/DataSetCombined/Edges/Round-4_0026551_edge.png,9.22,8.764618,0.0024855248630046
2816,/tmp/DataSetCombined/Edges/Round-5_0089372_edge.png,6.84,6.4617643,0.0029983334243297
2817,/tmp/DataSetCombined/Edges/Round-9_0097105_edge.png,46.8,46.756832,0.0029983334243297
2818,/tmp/DataSetCombined/Edges/Round-6_0083739_edge.png,8.56,8.011027,0.0029983334243297
2819,/tmp/DataSetCombined/Edges/Round-8_0033074_edge.png,5.98,5.6723304,0.0029983334243297
2820,/tmp/DataSetCombined/Edges/Round-5_0017796_edge.png,3.53,3.3486276,0.0029983334243297
2821,/tmp/DataSetCombined/Edges/Round-10_0028868_edge.png,63.1,60.052624,0.0029983334243297
2822,/tmp/DataSetCombined/Edges/Round-8_0086200_edge.png,48.7,48.36269,0.0029983334243297
2823,/tmp/DataSetCombined/Edges/Round-3_0027844_edge.png,65.38,63.7699,0.0029983334243297
2824,/tmp/DataSetCombined/Edges/Round-8_0070018_edge.png,3.58,3.2932568,0.0029983334243297
2825,/tmp/DataSetCombined/Edges/Round-1_0071600_edge.png,4.55,4.103722,0.0029983334243297
2826,/tmp/DataSetCombined/Edges/Round-8_0073148_edge.png,65.19,63.052242,0.0029983334243297
2827,/tmp/DataSetCombined/Edges/Round-5_0096807_edge.png,64.15,62.80788,0.0029983334243297
2828,/tmp/DataSetCombined/Edges/Round-7_0087294_edge.png,65.06,63.460102,0.0029983334243297
2829,/tmp/DataSetCombined/Edges/Round-8_0063655_edge.png,60.63,60.139828,0.0029983334243297
2830,/tmp/DataSetCombined/Edges/Round-1_0056501_edge.png,63.56,62.693867,0.0029983334243297
2831,/tmp/DataSetCombined/Edges/Round-7_0063122_edge.png,3.79,3.4956622,0.0029983334243297
2832,/tmp/DataSetCombined/Edges/Round-3_0065198_edge.png,4.27,3.8704772,0.0029983334243297
2833,/tmp/DataSetCombined/Edges/Round-9_0184454_edge.png,6.06,5.8357215,0.0029983334243297
2834,/tmp/DataSetCombined/Edges/Round-8_0043861_edge.png,6.12,5.6683464,0.0029983334243297
2835,/tmp/DataSetCombined/Edges/Round-7_0130215_edge.png,65.19,63.903667,0.0029983334243297
2836,/tmp/DataSetCombined/Edges/Round-8_0048497_edge.png,49.58,49.546673,0.0029983334243297
2837,/tmp/DataSetCombined/Edges/Round-4_0061015_edge.png,5.17,4.7426577,0.0029983334243297
2838,/tmp/DataSetCombined/Edges/Round-8_0054234_edge.png,54.05,53.313267,0.0029983334243297
2839,/tmp/DataSetCombined/Edges/Round-7_0119680_edge.png,3.1,2.8429255,0.0029983334243297
2840,/tmp/DataSetCombined/Edges/Round-8_0006285_edge.png,12.58,11.873972,0.0029983334243297
2841,/tmp/DataSetCombined/Edges/Round-10_0114652_edge.png,64.35,62.288895,0.0029983334243297
2842,/tmp/DataSetCombined/Edges/Round-4_0030796_edge.png,65.17,62.96007,0.0029983334243297
2843,/tmp/DataSetCombined/Edges/Round-8_0026663_edge.png,6.06,5.6388216,0.0029983334243297
2844,/tmp/DataSetCombined/Edges/Round-10_0025467_edge.png,29.22,29.025839,0.0029983334243297
2845,/tmp/DataSetCombined/Edges/Round-8_0056160_edge.png,19.63,20.061417,0.0029983334243297
2846,/tmp/DataSetCombined/Edges/Round-1_0111312_edge.png,50.83,51.162884,0.0029983334243297
2847,/tmp/DataSetCombined/Edges/Round-7_0128980_edge.png,3.24,2.943315,0.0029983334243297
2848,/tmp/DataSetCombined/Edges/Round-6_0134759_edge.png,48.91,47.491234,0.0029983334243297
2849,/tmp/DataSetCombined/Edges/Round-10_0076275_edge.png,64.28,62.052425,0.0029983334243297
2850,/tmp/DataSetCombined/Edges/Round-9_0016107_edge.png,63.99,62.88483,0.0029983334243297
2851,/tmp/DataSetCombined/Edges/Round-9_0087232_edge.png,6.96,6.5936804,0.0029983334243297
2852,/tmp/DataSetCombined/Edges/Round-5_0117245_edge.png,5.03,4.60774,0.0029983334243297
2853,/tmp/DataSetCombined/Edges/Round-1_0119710_edge.png,64.44,62.473026,0.0029983334243297
2854,/tmp/DataSetCombined/Edges/Round-8_0017585_edge.png,56.93,54.938572,0.0029983334243297
2855,/tmp/DataSetCombined/Edges/Round-3_0063421_edge.png,51.67,62.86596,0.0029983334243297
2856,/tmp/DataSetCombined/Edges/Round-3_0056108_edge.png,3.92,3.6048717,0.0029983334243297
2857,/tmp/DataSetCombined/Edges/Round-8_0061651_edge.png,54.38,52.72791,0.0029983334243297
2858,/tmp/DataSetCombined/Edges/Round-10_0105502_edge.png,64.49,62.58146,0.0029983334243297
2859,/tmp/DataSetCombined/Edges/Round-2_0100759_edge.png,28.95,28.857607,0.0029983334243297
2860,/tmp/DataSetCombined/Edges/Round-9_0099995_edge.png,7.97,7.395279,0.0029983334243297
2861,/tmp/DataSetCombined/Edges/Round-1_0136235_edge.png,7.56,7.037583,0.0029983334243297
2862,/tmp/DataSetCombined/Edges/Round-3_0082294_edge.png,8.0,7.3697753,0.0029983334243297
2863,/tmp/DataSetCombined/Edges/Round-1_0106918_edge.png,53.83,52.50211,0.0029983334243297
2864,/tmp/DataSetCombined/Edges/Round-9_0034498_edge.png,9.64,8.96372,0.0029983334243297
2865,/tmp/DataSetCombined/Edges/Round-5_0119723_edge.png,43.96,43.48115,0.0029983334243297
2866,/tmp/DataSetCombined/Edges/Round-4_0031126_edge.png,3.47,3.2727275,0.0029983334243297
2867,/tmp/DataSetCombined/Edges/Round-5_0064781_edge.png,60.11,58.96884,0.0029983334243297
2868,/tmp/DataSetCombined/Edges/Round-2_0107834_edge.png,6.85,6.461431,0.0029983334243297
2869,/tmp/DataSetCombined/Edges/Round-10_0128287_edge.png,7.15,6.7576222,0.0029983334243297
2870,/tmp/DataSetCombined/Edges/Round-6_0132230_edge.png,64.49,62.53595,0.0029983334243297
2871,/tmp/DataSetCombined/Edges/Round-10_0013427_edge.png,4.05,3.7637963,0.0029983334243297
2872,/tmp/DataSetCombined/Edges/Round-8_0088337_edge.png,6.09,5.851859,0.0029983334243297
2873,/tmp/DataSetCombined/Edges/Round-9_0162482_edge.png,8.32,7.761299,0.0029983334243297
2874,/tmp/DataSetCombined/Edges/Round-10_0017731_edge.png,4.74,4.3176093,0.0029983334243297
2875,/tmp/DataSetCombined/Edges/Round-6_0089245_edge.png,9.7,8.990187,0.0029983334243297
2876,/tmp/DataSetCombined/Edges/Round-10_0094666_edge.png,63.94,62.065674,0.0029983334243297
2877,/tmp/DataSetCombined/Edges/Round-2_0005000_edge.png,4.99,4.5914264,0.0029983334243297
2878,/tmp/DataSetCombined/Edges/Round-10_0120521_edge.png,5.33,4.947361,0.0029983334243297
2879,/tmp/DataSetCombined/Edges/Round-3_0053367_edge.png,52.75,52.876118,0.0029983334243297
2880,/tmp/DataSetCombined/Edges/Round-2_0060067_edge.png,3.39,3.2217464,0.002968706190586
2881,/tmp/DataSetCombined/Edges/Round-6_0005394_edge.png,47.97,46.94539,0.002968706190586
2882,/tmp/DataSetCombined/Edges/Round-2_0075927_edge.png,65.33,63.722042,0.002968706190586
2883,/tmp/DataSetCombined/Edges/Round-10_0128739_edge.png,9.33,8.61027,0.002968706190586
2884,/tmp/DataSetCombined/Edges/Round-8_0040177_edge.png,2.51,2.2242641,0.002968706190586
2885,/tmp/DataSetCombined/Edges/Round-6_0043918_edge.png,8.65,7.9227533,0.002968706190586
2886,/tmp/DataSetCombined/Edges/Round-10_0142796_edge.png,7.09,6.6388807,0.002968706190586
2887,/tmp/DataSetCombined/Edges/Round-4_0076757_edge.png,3.96,3.6366935,0.002968706190586
2888,/tmp/DataSetCombined/Edges/Round-5_0064811_edge.png,4.97,4.5354695,0.002968706190586
2889,/tmp/DataSetCombined/Edges/Round-6_0012524_edge.png,32.25,32.835632,0.002968706190586
2890,/tmp/DataSetCombined/Edges/Round-4_0050781_edge.png,51.01,50.371075,0.002968706190586
2891,/tmp/DataSetCombined/Edges/Round-9_0128288_edge.png,8.16,7.543592,0.002968706190586
2892,/tmp/DataSetCombined/Edges/Round-9_0194748_edge.png,13.16,12.556715,0.002968706190586
2893,/tmp/DataSetCombined/Edges/Round-5_0103429_edge.png,18.18,18.626415,0.002968706190586
2894,/tmp/DataSetCombined/Edges/Round-1_0028401_edge.png,4.97,4.499506,0.002968706190586
2895,/tmp/DataSetCombined/Edges/Round-8_0028872_edge.png,6.19,5.9160137,0.002968706190586
2896,/tmp/DataSetCombined/Edges/Round-9_0153401_edge.png,3.5,3.3175979,0.002968706190586
2897,/tmp/DataSetCombined/Edges/Round-10_0166152_edge.png,3.0,2.8429132,0.002968706190586
2898,/tmp/DataSetCombined/Edges/Round-10_0106345_edge.png,9.23,8.388214,0.002968706190586
2899,/tmp/DataSetCombined/Edges/Round-1_0108242_edge.png,49.61,48.421207,0.002968706190586
2900,/tmp/DataSetCombined/Edges/Round-8_0032502_edge.png,57.06,56.09505,0.002968706190586
2901,/tmp/DataSetCombined/Edges/Round-7_0037237_edge.png,64.31,63.05907,0.002968706190586
2902,/tmp/DataSetCombined/Edges/Round-2_0096665_edge.png,65.32,63.56219,0.002968706190586
2903,/tmp/DataSetCombined/Edges/Round-5_0093526_edge.png,62.76,61.677937,0.002968706190586
2904,/tmp/DataSetCombined/Edges/Round-4_0012990_edge.png,5.27,4.7754216,0.002968706190586
2905,/tmp/DataSetCombined/Edges/Round-8_0009837_edge.png,6.55,6.1789947,0.002968706190586
2906,/tmp/DataSetCombined/Edges/Round-9_0096142_edge.png,17.81,18.197258,0.002968706190586
2907,/tmp/DataSetCombined/Edges/Round-9_0009335_edge.png,6.06,5.6023784,0.002968706190586
2908,/tmp/DataSetCombined/Edges/Round-7_0101500_edge.png,4.08,3.7629685,0.002968706190586
2909,/tmp/DataSetCombined/Edges/Round-1_0017800_edge.png,3.49,3.2483788,0.002968706190586
2910,/tmp/DataSetCombined/Edges/Round-9_0045364_edge.png,64.62,62.391197,0.002968706190586
2911,/tmp/DataSetCombined/Edges/Round-2_0111354_edge.png,54.02,52.160545,0.002968706190586
2912,/tmp/DataSetCombined/Edges/Round-5_0033869_edge.png,3.08,2.8232698,0.002968706190586
2913,/tmp/DataSetCombined/Edges/Round-5_0037691_edge.png,6.06,5.6683235,0.002968706190586
2914,/tmp/DataSetCombined/Edges/Round-4_0047591_edge.png,3.24,2.9862814,0.002968706190586
2915,/tmp/DataSetCombined/Edges/Round-4_0038139_edge.png,64.38,62.41099,0.002968706190586
2916,/tmp/DataSetCombined/Edges/Round-7_0040758_edge.png,7.11,6.5910053,0.002968706190586
2917,/tmp/DataSetCombined/Edges/Round-7_0045815_edge.png,63.71,62.176533,0.002968706190586
2918,/tmp/DataSetCombined/Edges/Round-5_0082329_edge.png,3.89,3.582437,0.002968706190586
2919,/tmp/DataSetCombined/Edges/Round-7_0037418_edge.png,63.88,62.665333,0.002968706190586
2920,/tmp/DataSetCombined/Edges/Round-7_0000425_edge.png,22.24,22.224356,0.002968706190586
2921,/tmp/DataSetCombined/Edges/Round-8_0061199_edge.png,54.48,54.233437,0.002968706190586
2922,/tmp/DataSetCombined/Edges/Round-3_0013276_edge.png,64.58,62.498188,0.002968706190586
2923,/tmp/DataSetCombined/Edges/Round-8_0001963_edge.png,5.44,5.014255,0.002968706190586
2924,/tmp/DataSetCombined/Edges/Round-6_0081784_edge.png,6.28,6.0381775,0.002968706190586
2925,/tmp/DataSetCombined/Edges/Round-10_0169162_edge.png,7.53,6.9118567,0.002968706190586
2926,/tmp/DataSetCombined/Edges/Round-6_0095930_edge.png,59.75,59.458927,0.002968706190586
2927,/tmp/DataSetCombined/Edges/Round-8_0035211_edge.png,62.81,61.575302,0.002968706190586
2928,/tmp/DataSetCombined/Edges/Round-5_0097138_edge.png,20.58,21.309778,0.002968706190586
2929,/tmp/DataSetCombined/Edges/Round-8_0005003_edge.png,64.02,62.427288,0.002968706190586
2930,/tmp/DataSetCombined/Edges/Round-1_0005602_edge.png,60.77,60.889782,0.002968706190586
2931,/tmp/DataSetCombined/Edges/Round-1_0088226_edge.png,65.35,63.305805,0.002968706190586
2932,/tmp/DataSetCombined/Edges/Round-8_0010782_edge.png,6.26,6.0289874,0.002968706190586
2933,/tmp/DataSetCombined/Edges/Round-5_0040190_edge.png,62.12,61.097878,0.002968706190586
2934,/tmp/DataSetCombined/Edges/Round-1_0012334_edge.png,65.33,63.168556,0.002968706190586
2935,/tmp/DataSetCombined/Edges/Round-8_0031731_edge.png,9.61,8.954935,0.002968706190586
2936,/tmp/DataSetCombined/Edges/Round-2_0037800_edge.png,6.19,5.8683977,0.002968706190586
2937,/tmp/DataSetCombined/Edges/Round-8_0001152_edge.png,5.61,5.378231,0.002968706190586
2938,/tmp/DataSetCombined/Edges/Round-8_0042687_edge.png,65.35,63.080303,0.002968706190586
2939,/tmp/DataSetCombined/Edges/Round-10_0120762_edge.png,5.88,5.7187405,0.002968706190586
2940,/tmp/DataSetCombined/Edges/Round-3_0025225_edge.png,64.47,62.643833,0.002968706190586
2941,/tmp/DataSetCombined/Edges/Round-8_0024116_edge.png,63.53,62.098568,0.002968706190586
2942,/tmp/DataSetCombined/Edges/Round-1_0005272_edge.png,7.53,6.981225,0.002968706190586
2943,/tmp/DataSetCombined/Edges/Round-7_0070196_edge.png,1.98,1.6486785,0.002968706190586
2944,/tmp/DataSetCombined/Edges/Round-4_0090483_edge.png,64.42,62.053738,0.0028000436723232
2945,/tmp/DataSetCombined/Edges/Round-8_0004028_edge.png,64.3,62.250202,0.0028000436723232
2946,/tmp/DataSetCombined/Edges/Round-5_0037420_edge.png,3.56,3.3668947,0.0028000436723232
2947,/tmp/DataSetCombined/Edges/Round-3_0038680_edge.png,51.98,51.617443,0.0028000436723232
2948,/tmp/DataSetCombined/Edges/Round-3_0056951_edge.png,5.88,5.489473,0.0028000436723232
2949,/tmp/DataSetCombined/Edges/Round-8_0038251_edge.png,5.43,5.258406,0.0028000436723232
2950,/tmp/DataSetCombined/Edges/Round-10_0019597_edge.png,64.33,62.333576,0.0028000436723232
2951,/tmp/DataSetCombined/Edges/Round-5_0042387_edge.png,3.48,3.5289407,0.0028000436723232
2952,/tmp/DataSetCombined/Edges/Round-10_0128498_edge.png,56.44,55.770042,0.0028000436723232
2953,/tmp/DataSetCombined/Edges/Round-5_0085618_edge.png,7.75,7.169779,0.0028000436723232
2954,/tmp/DataSetCombined/Edges/Round-6_0060231_edge.png,5.84,5.433778,0.0028000436723232
2955,/tmp/DataSetCombined/Edges/Round-9_0062731_edge.png,63.15,62.302933,0.0028000436723232
2956,/tmp/DataSetCombined/Edges/Round-9_0158689_edge.png,4.57,4.124005,0.0028000436723232
2957,/tmp/DataSetCombined/Edges/Round-7_0024776_edge.png,28.05,28.375895,0.0028000436723232
2958,/tmp/DataSetCombined/Edges/Round-5_0096927_edge.png,8.21,7.566477,0.0028000436723232
2959,/tmp/DataSetCombined/Edges/Round-5_0017555_edge.png,5.91,5.7470045,0.0028000436723232
2960,/tmp/DataSetCombined/Edges/Round-1_0013167_edge.png,6.77,6.3900156,0.0028000436723232
2961,/tmp/DataSetCombined/Edges/Round-8_0030678_edge.png,61.85,61.271465,0.0028000436723232
2962,/tmp/DataSetCombined/Edges/Round-5_0020565_edge.png,3.64,3.3023982,0.0028000436723232
2963,/tmp/DataSetCombined/Edges/Round-10_0141592_edge.png,5.17,4.7499332,0.0028000436723232
2964,/tmp/DataSetCombined/Edges/Round-2_0088358_edge.png,64.67,62.3956,0.0028000436723232
2965,/tmp/DataSetCombined/Edges/Round-9_0154957_edge.png,21.94,22.21462,0.0028000436723232
2966,/tmp/DataSetCombined/Edges/Round-9_0187586_edge.png,56.54,55.824535,0.0028000436723232
2967,/tmp/DataSetCombined/Edges/Round-2_0043000_edge.png,6.57,6.191888,0.0028000436723232
2968,/tmp/DataSetCombined/Edges/Round-3_0082987_edge.png,6.6,6.217126,0.0028000436723232
2969,/tmp/DataSetCombined/Edges/Round-9_0049728_edge.png,5.36,5.103095,0.0028000436723232
2970,/tmp/DataSetCombined/Edges/Round-9_0101078_edge.png,2.96,2.9208555,0.0028000436723232
2971,/tmp/DataSetCombined/Edges/Round-10_0143818_edge.png,65.25,63.145283,0.0028000436723232
2972,/tmp/DataSetCombined/Edges/Round-8_0019902_edge.png,65.14,63.44795,0.0028000436723232
2973,/tmp/DataSetCombined/Edges/Round-4_0071430_edge.png,3.56,3.3179584,0.0028000436723232
2974,/tmp/DataSetCombined/Edges/Round-1_0161579_edge.png,48.89,48.778084,0.0028000436723232
2975,/tmp/DataSetCombined/Edges/Round-8_0052297_edge.png,17.49,17.798939,0.0028000436723232
2976,/tmp/DataSetCombined/Edges/Round-5_0003122_edge.png,5.33,4.9159646,0.0028000436723232
2977,/tmp/DataSetCombined/Edges/Round-3_0000567_edge.png,63.89,62.10271,0.0028000436723232
2978,/tmp/DataSetCombined/Edges/Round-4_0046868_edge.png,4.05,3.6695232,0.0028000436723232
2979,/tmp/DataSetCombined/Edges/Round-1_0073869_edge.png,5.68,5.493864,0.0028000436723232
2980,/tmp/DataSetCombined/Edges/Round-1_0018134_edge.png,4.82,4.3675637,0.0028000436723232
2981,/tmp/DataSetCombined/Edges/Round-10_0112304_edge.png,6.06,5.79504,0.0028000436723232
2982,/tmp/DataSetCombined/Edges/Round-1_0051986_edge.png,6.45,6.069743,0.0028000436723232
2983,/tmp/DataSetCombined/Edges/Round-7_0025317_edge.png,6.76,6.3461566,0.0028000436723232
2984,/tmp/DataSetCombined/Edges/Round-8_0072667_edge.png,51.96,51.412186,0.0028000436723232
2985,/tmp/DataSetCombined/Edges/Round-2_0077178_edge.png,40.5,39.8026,0.0028000436723232
2986,/tmp/DataSetCombined/Edges/Round-5_0105446_edge.png,65.4,63.487835,0.0028000436723232
2987,/tmp/DataSetCombined/Edges/Round-1_0110590_edge.png,64.68,62.566254,0.0028000436723232
2988,/tmp/DataSetCombined/Edges/Round-10_0066613_edge.png,8.76,8.066587,0.0028000436723232
2989,/tmp/DataSetCombined/Edges/Round-10_0125127_edge.png,3.34,3.2030592,0.0028000436723232
2990,/tmp/DataSetCombined/Edges/Round-10_0076997_edge.png,4.07,3.6912775,0.0028000436723232
2991,/tmp/DataSetCombined/Edges/Round-7_0053039_edge.png,59.8,60.327183,0.0028000436723232
2992,/tmp/DataSetCombined/Edges/Round-2_0096906_edge.png,7.86,7.2877665,0.0028000436723232
2993,/tmp/DataSetCombined/Edges/Round-3_0043195_edge.png,5.31,4.8887615,0.0028000436723232
2994,/tmp/DataSetCombined/Edges/Round-5_0043530_edge.png,5.31,4.850421,0.0028000436723232
2995,/tmp/DataSetCombined/Edges/Round-1_0092320_edge.png,64.52,62.222523,0.0028000436723232
2996,/tmp/DataSetCombined/Edges/Round-7_0033986_edge.png,5.17,4.819007,0.0028000436723232
2997,/tmp/DataSetCombined/Edges/Round-4_0070165_edge.png,18.93,18.966864,0.0028000436723232
2998,/tmp/DataSetCombined/Edges/Round-1_0082056_edge.png,63.7,62.58836,0.0028000436723232
2999,/tmp/DataSetCombined/Edges/Round-7_0039856_edge.png,59.14,59.125443,0.0028000436723232
3000,/tmp/DataSetCombined/Edges/Round-7_0045243_edge.png,46.59,45.48147,0.0028000436723232
3001,/tmp/DataSetCombined/Edges/Round-8_0013702_edge.png,47.67,47.33388,0.0028000436723232
3002,/tmp/DataSetCombined/Edges/Round-2_0087726_edge.png,5.42,5.0532107,0.0028000436723232
3003,/tmp/DataSetCombined/Edges/Round-6_0038138_edge.png,5.17,4.8313217,0.0028000436723232
3004,/tmp/DataSetCombined/Edges/Round-10_0073506_edge.png,57.89,56.703102,0.0028000436723232
3005,/tmp/DataSetCombined/Edges/Round-2_0088027_edge.png,61.7,59.988575,0.0028000436723232
3006,/tmp/DataSetCombined/Edges/Round-9_0103373_edge.png,7.09,6.690215,0.0028000436723232
3007,/tmp/DataSetCombined/Edges/Round-8_0012377_edge.png,61.56,60.202812,0.0028000436723232
3008,/tmp/DataSetCombined/Edges/Round-10_0189901_edge.png,34.9,33.945526,0.0029779635369777
3009,/tmp/DataSetCombined/Edges/Round-4_0052377_edge.png,5.19,4.751747,0.0029779635369777
3010,/tmp/DataSetCombined/Edges/Round-5_0011444_edge.png,22.6,22.970686,0.0029779635369777
3011,/tmp/DataSetCombined/Edges/Round-9_0088818_edge.png,14.83,14.590306,0.0029779635369777
3012,/tmp/DataSetCombined/Edges/Round-1_0011300_edge.png,2.89,2.6328468,0.0029779635369777
3013,/tmp/DataSetCombined/Edges/Round-2_0053472_edge.png,5.19,4.868375,0.0029779635369777
3014,/tmp/DataSetCombined/Edges/Round-4_0068360_edge.png,4.52,4.077534,0.0029779635369777
3015,/tmp/DataSetCombined/Edges/Round-6_0023420_edge.png,7.62,6.973121,0.0029779635369777
3016,/tmp/DataSetCombined/Edges/Round-7_0077269_edge.png,3.54,3.4060264,0.0029779635369777
3017,/tmp/DataSetCombined/Edges/Round-3_0065589_edge.png,5.65,5.321995,0.0029779635369777
3018,/tmp/DataSetCombined/Edges/Round-4_0061226_edge.png,55.3,53.68272,0.0029779635369777
3019,/tmp/DataSetCombined/Edges/Round-8_0026151_edge.png,64.35,62.39637,0.0029779635369777
3020,/tmp/DataSetCombined/Edges/Round-1_0053734_edge.png,64.15,62.167484,0.0029779635369777
3021,/tmp/DataSetCombined/Edges/Round-8_0020282_edge.png,64.7,62.69134,0.0029779635369777
3022,/tmp/DataSetCombined/Edges/Round-4_0040096_edge.png,43.81,42.58958,0.0029779635369777
3023,/tmp/DataSetCombined/Edges/Round-1_0096926_edge.png,2.86,2.8164144,0.0029779635369777
3024,/tmp/DataSetCombined/Edges/Round-5_0091058_edge.png,43.77,42.932796,0.0029779635369777
3025,/tmp/DataSetCombined/Edges/Round-1_0152880_edge.png,65.13,62.678455,0.0029779635369777
3026,/tmp/DataSetCombined/Edges/Round-6_0010447_edge.png,65.38,63.133514,0.0029779635369777
3027,/tmp/DataSetCombined/Edges/Round-3_0073716_edge.png,58.84,57.756336,0.0029779635369777
3028,/tmp/DataSetCombined/Edges/Round-9_0069925_edge.png,3.6,3.397326,0.0029779635369777
3029,/tmp/DataSetCombined/Edges/Round-8_0007621_edge.png,62.72,61.153454,0.0029779635369777
3030,/tmp/DataSetCombined/Edges/Round-10_0035791_edge.png,61.51,61.525875,0.0029779635369777
3031,/tmp/DataSetCombined/Edges/Round-8_0007712_edge.png,56.23,55.423527,0.0029779635369777
3032,/tmp/DataSetCombined/Edges/Round-4_0008822_edge.png,6.76,6.403269,0.0029779635369777
3033,/tmp/DataSetCombined/Edges/Round-10_0088887_edge.png,4.01,3.6768146,0.0029779635369777
3034,/tmp/DataSetCombined/Edges/Round-10_0018634_edge.png,65.14,62.467915,0.0029779635369777
3035,/tmp/DataSetCombined/Edges/Round-7_0037598_edge.png,3.3,3.1420903,0.0029779635369777
3036,/tmp/DataSetCombined/Edges/Round-3_0020892_edge.png,65.22,63.066246,0.0029779635369777
3037,/tmp/DataSetCombined/Edges/Round-9_0126784_edge.png,64.16,62.511097,0.0029779635369777
3038,/tmp/DataSetCombined/Edges/Round-1_0065967_edge.png,41.17,41.42603,0.0029779635369777
3039,/tmp/DataSetCombined/Edges/Round-7_0092801_edge.png,37.61,37.39093,0.0029779635369777
3040,/tmp/DataSetCombined/Edges/Round-7_0019629_edge.png,63.72,62.823944,0.0029779635369777
3041,/tmp/DataSetCombined/Edges/Round-8_0058189_edge.png,12.87,11.805047,0.0029779635369777
3042,/tmp/DataSetCombined/Edges/Round-2_0072676_edge.png,65.2,63.74631,0.0029779635369777
3043,/tmp/DataSetCombined/Edges/Round-10_0082596_edge.png,33.82,33.38029,0.0029779635369777
3044,/tmp/DataSetCombined/Edges/Round-3_0009423_edge.png,63.56,61.39513,0.0029779635369777
3045,/tmp/DataSetCombined/Edges/Round-5_0043212_edge.png,32.83,33.41334,0.0029779635369777
3046,/tmp/DataSetCombined/Edges/Round-10_0040788_edge.png,64.24,62.748363,0.0029779635369777
3047,/tmp/DataSetCombined/Edges/Round-10_0074108_edge.png,65.01,63.502254,0.0029779635369777
3048,/tmp/DataSetCombined/Edges/Round-8_0005849_edge.png,6.27,5.990745,0.0029779635369777
3049,/tmp/DataSetCombined/Edges/Round-6_0056529_edge.png,2.71,2.3726754,0.0029779635369777
3050,/tmp/DataSetCombined/Edges/Round-8_0039726_edge.png,2.48,2.092474,0.0029779635369777
3051,/tmp/DataSetCombined/Edges/Round-9_0133164_edge.png,49.2,49.387363,0.0029779635369777
3052,/tmp/DataSetCombined/Edges/Round-10_0028447_edge.png,51.15,50.792507,0.0029779635369777
3053,/tmp/DataSetCombined/Edges/Round-9_0109356_edge.png,64.52,62.479984,0.0029779635369777
3054,/tmp/DataSetCombined/Edges/Round-8_0004870_edge.png,64.08,62.29173,0.0029779635369777
3055,/tmp/DataSetCombined/Edges/Round-7_0060053_edge.png,7.53,6.990142,0.0029779635369777
3056,/tmp/DataSetCombined/Edges/Round-9_0189511_edge.png,64.23,62.283623,0.0029779635369777
3057,/tmp/DataSetCombined/Edges/Round-9_0151706_edge.png,9.32,8.530664,0.0029779635369777
3058,/tmp/DataSetCombined/Edges/Round-1_0146499_edge.png,65.03,63.513508,0.0029779635369777
3059,/tmp/DataSetCombined/Edges/Round-3_0026767_edge.png,31.99,31.075354,0.0029779635369777
3060,/tmp/DataSetCombined/Edges/Round-3_0041750_edge.png,26.15,26.684046,0.0029779635369777
3061,/tmp/DataSetCombined/Edges/Round-6_0069081_edge.png,64.12,62.400517,0.0029779635369777
3062,/tmp/DataSetCombined/Edges/Round-1_0109176_edge.png,5.29,4.868518,0.0029779635369777
3063,/tmp/DataSetCombined/Edges/Round-4_0066252_edge.png,21.23,21.66768,0.0029779635369777
3064,/tmp/DataSetCombined/Edges/Round-9_0154415_edge.png,5.17,4.722229,0.0029779635369777
3065,/tmp/DataSetCombined/Edges/Round-1_0159291_edge.png,2.83,2.3285575,0.0029779635369777
3066,/tmp/DataSetCombined/Edges/Round-10_0010056_edge.png,40.12,39.203487,0.0029779635369777
3067,/tmp/DataSetCombined/Edges/Round-9_0082145_edge.png,65.27,63.65074,0.0029779635369777
3068,/tmp/DataSetCombined/Edges/Round-9_0004067_edge.png,64.23,62.42389,0.0029779635369777
3069,/tmp/DataSetCombined/Edges/Round-9_0108693_edge.png,59.69,58.51083,0.0029779635369777
3070,/tmp/DataSetCombined/Edges/Round-10_0145926_edge.png,45.96,44.674465,0.0029779635369777
3071,/tmp/DataSetCombined/Edges/Round-9_0006987_edge.png,3.99,3.6684413,0.0029779635369777
3072,/tmp/DataSetCombined/Edges/Round-3_0027821_edge.png,4.32,3.918775,0.002587005496025
3073,/tmp/DataSetCombined/Edges/Round-10_0006031_edge.png,7.25,6.7823906,0.002587005496025
3074,/tmp/DataSetCombined/Edges/Round-9_0003465_edge.png,2.98,2.6644444,0.002587005496025
3075,/tmp/DataSetCombined/Edges/Round-7_0005181_edge.png,3.82,3.4808645,0.002587005496025
3076,/tmp/DataSetCombined/Edges/Round-7_0038802_edge.png,9.79,9.114037,0.002587005496025
3077,/tmp/DataSetCombined/Edges/Round-9_0159201_edge.png,4.24,3.8839154,0.002587005496025
3078,/tmp/DataSetCombined/Edges/Round-9_0043317_edge.png,44.7,43.896866,0.002587005496025
3079,/tmp/DataSetCombined/Edges/Round-6_0073024_edge.png,18.15,18.60016,0.002587005496025
3080,/tmp/DataSetCombined/Edges/Round-9_0106526_edge.png,65.29,63.012463,0.002587005496025
3081,/tmp/DataSetCombined/Edges/Round-7_0026612_edge.png,53.92,53.47855,0.002587005496025
3082,/tmp/DataSetCombined/Edges/Round-10_0140688_edge.png,53.02,51.084927,0.002587005496025
3083,/tmp/DataSetCombined/Edges/Round-8_0058279_edge.png,36.04,35.446808,0.002587005496025
3084,/tmp/DataSetCombined/Edges/Round-8_0072486_edge.png,64.49,62.328243,0.002587005496025
3085,/tmp/DataSetCombined/Edges/Round-7_0057343_edge.png,64.75,63.29623,0.002587005496025
3086,/tmp/DataSetCombined/Edges/Round-9_0145445_edge.png,2.09,1.6819415,0.002587005496025
3087,/tmp/DataSetCombined/Edges/Round-10_0029982_edge.png,65.04,63.573765,0.002587005496025
3088,/tmp/DataSetCombined/Edges/Round-1_0121095_edge.png,7.14,6.749193,0.002587005496025
3089,/tmp/DataSetCombined/Edges/Round-3_0039974_edge.png,6.61,6.2401066,0.002587005496025
3090,/tmp/DataSetCombined/Edges/Round-9_0151074_edge.png,51.45,49.618015,0.002587005496025
3091,/tmp/DataSetCombined/Edges/Round-6_0130484_edge.png,64.01,62.37888,0.002587005496025
3092,/tmp/DataSetCombined/Edges/Round-5_0030108_edge.png,62.9,61.279385,0.002587005496025
3093,/tmp/DataSetCombined/Edges/Round-5_0099035_edge.png,63.79,62.742744,0.002587005496025
3094,/tmp/DataSetCombined/Edges/Round-1_0154144_edge.png,3.93,3.6011705,0.002587005496025
3095,/tmp/DataSetCombined/Edges/Round-3_0039221_edge.png,4.51,4.037202,0.002587005496025
3096,/tmp/DataSetCombined/Edges/Round-1_0002234_edge.png,65.05,63.668903,0.002587005496025
3097,/tmp/DataSetCombined/Edges/Round-6_0052586_edge.png,3.83,3.5296574,0.002587005496025
3098,/tmp/DataSetCombined/Edges/Round-6_0062399_edge.png,6.75,6.4139986,0.002587005496025
3099,/tmp/DataSetCombined/Edges/Round-5_0064600_edge.png,64.28,62.26765,0.002587005496025
3100,/tmp/DataSetCombined/Edges/Round-8_0020613_edge.png,64.08,62.780064,0.002587005496025
3101,/tmp/DataSetCombined/Edges/Round-10_0157725_edge.png,3.69,3.4106588,0.002587005496025
3102,/tmp/DataSetCombined/Edges/Round-9_0192973_edge.png,60.73,61.03745,0.002587005496025
3103,/tmp/DataSetCombined/Edges/Round-7_0060835_edge.png,5.45,5.293685,0.002587005496025
3104,/tmp/DataSetCombined/Edges/Round-8_0002173_edge.png,12.82,11.962481,0.002587005496025
3105,/tmp/DataSetCombined/Edges/Round-7_0035401_edge.png,7.72,7.1712923,0.002587005496025
3106,/tmp/DataSetCombined/Edges/Round-10_0195921_edge.png,6.38,6.01912,0.002587005496025
3107,/tmp/DataSetCombined/Edges/Round-6_0117090_edge.png,8.43,7.8662,0.002587005496025
3108,/tmp/DataSetCombined/Edges/Round-6_0007678_edge.png,58.36,57.481697,0.002587005496025
3109,/tmp/DataSetCombined/Edges/Round-9_0024475_edge.png,3.28,2.9205432,0.002587005496025
3110,/tmp/DataSetCombined/Edges/Round-3_0070284_edge.png,59.14,60.12321,0.002587005496025
3111,/tmp/DataSetCombined/Edges/Round-4_0009575_edge.png,65.07,63.047844,0.002587005496025
3112,/tmp/DataSetCombined/Edges/Round-10_0030192_edge.png,3.08,2.850802,0.002587005496025
3113,/tmp/DataSetCombined/Edges/Round-9_0063755_edge.png,6.9,6.4402328,0.002587005496025
3114,/tmp/DataSetCombined/Edges/Round-10_0174520_edge.png,55.38,54.055805,0.002587005496025
3115,/tmp/DataSetCombined/Edges/Round-1_0003301_edge.png,64.03,62.703175,0.002587005496025
3116,/tmp/DataSetCombined/Edges/Round-1_0043000_edge.png,45.5,44.670414,0.002587005496025
3117,/tmp/DataSetCombined/Edges/Round-5_0012679_edge.png,60.85,60.615578,0.002587005496025
3118,/tmp/DataSetCombined/Edges/Round-9_0078353_edge.png,65.18,63.080444,0.002587005496025
3119,/tmp/DataSetCombined/Edges/Round-3_0067786_edge.png,8.14,7.5056143,0.002587005496025
3120,/tmp/DataSetCombined/Edges/Round-6_0011862_edge.png,5.37,5.0486603,0.002587005496025
3121,/tmp/DataSetCombined/Edges/Round-6_0133795_edge.png,49.29,48.95815,0.002587005496025
3122,/tmp/DataSetCombined/Edges/Round-2_0065151_edge.png,29.8,30.232912,0.002587005496025
3123,/tmp/DataSetCombined/Edges/Round-7_0088587_edge.png,3.9,3.56994,0.002587005496025
3124,/tmp/DataSetCombined/Edges/Round-10_0183912_edge.png,57.6,56.69881,0.002587005496025
3125,/tmp/DataSetCombined/Edges/Round-10_0030781_edge.png,7.91,7.404603,0.002587005496025
3126,/tmp/DataSetCombined/Edges/Round-5_0053072_edge.png,64.13,62.403446,0.002587005496025
3127,/tmp/DataSetCombined/Edges/Round-5_0069567_edge.png,53.28,54.302395,0.002587005496025
3128,/tmp/DataSetCombined/Edges/Round-8_0068451_edge.png,16.79,17.0241,0.002587005496025
3129,/tmp/DataSetCombined/Edges/Round-8_0018144_edge.png,56.62,55.210976,0.002587005496025
3130,/tmp/DataSetCombined/Edges/Round-7_0005060_edge.png,57.91,57.27384,0.002587005496025
3131,/tmp/DataSetCombined/Edges/Round-1_0125128_edge.png,5.66,5.1665916,0.002587005496025
3132,/tmp/DataSetCombined/Edges/Round-6_0130725_edge.png,43.76,42.6306,0.002587005496025
3133,/tmp/DataSetCombined/Edges/Round-6_0080639_edge.png,47.95,46.65675,0.002587005496025
3134,/tmp/DataSetCombined/Edges/Round-9_0019900_edge.png,4.96,4.613504,0.002587005496025
3135,/tmp/DataSetCombined/Edges/Round-5_0066798_edge.png,8.32,7.6404104,0.002587005496025
3136,/tmp/DataSetCombined/Edges/Round-1_0114082_edge.png,5.95,5.6524277,0.0025335550308227
3137,/tmp/DataSetCombined/Edges/Round-1_0126513_edge.png,7.68,7.043333,0.0025335550308227
3138,/tmp/DataSetCombined/Edges/Round-8_0044331_edge.png,64.39,61.966255,0.0025335550308227
3139,/tmp/DataSetCombined/Edges/Round-1_0122750_edge.png,6.95,6.4981537,0.0025335550308227
3140,/tmp/DataSetCombined/Edges/Round-10_0111642_edge.png,5.18,4.8363276,0.0025335550308227
3141,/tmp/DataSetCombined/Edges/Round-3_0049576_edge.png,48.29,46.566845,0.0025335550308227
3142,/tmp/DataSetCombined/Edges/Round-10_0109692_edge.png,31.36,32.56763,0.0025335550308227
3143,/tmp/DataSetCombined/Edges/Round-7_0105774_edge.png,5.49,5.122104,0.0025335550308227
3144,/tmp/DataSetCombined/Edges/Round-8_0077712_edge.png,5.48,5.098326,0.0025335550308227
3145,/tmp/DataSetCombined/Edges/Round-6_0088736_edge.png,64.16,62.13293,0.0025335550308227
3146,/tmp/DataSetCombined/Edges/Round-6_0017911_edge.png,62.09,60.93859,0.0025335550308227
3147,/tmp/DataSetCombined/Edges/Round-9_0075494_edge.png,64.05,62.531918,0.0025335550308227
3148,/tmp/DataSetCombined/Edges/Round-9_0145205_edge.png,64.13,62.73466,0.0025335550308227
3149,/tmp/DataSetCombined/Edges/Round-1_0142917_edge.png,6.24,5.729439,0.0025335550308227
3150,/tmp/DataSetCombined/Edges/Round-7_0034859_edge.png,4.27,3.8604722,0.0025335550308227
3151,/tmp/DataSetCombined/Edges/Round-10_0191467_edge.png,3.78,3.534758,0.0025335550308227
3152,/tmp/DataSetCombined/Edges/Round-10_0037055_edge.png,19.02,19.301298,0.0025335550308227
3153,/tmp/DataSetCombined/Edges/Round-6_0051683_edge.png,7.0,6.451232,0.0025335550308227
3154,/tmp/DataSetCombined/Edges/Round-6_0122357_edge.png,7.15,6.769992,0.0025335550308227
3155,/tmp/DataSetCombined/Edges/Round-5_0029756_edge.png,8.15,7.515135,0.0025335550308227
3156,/tmp/DataSetCombined/Edges/Round-10_0015625_edge.png,3.48,3.2747073,0.0025335550308227
3157,/tmp/DataSetCombined/Edges/Round-10_0070917_edge.png,23.02,22.716091,0.0025335550308227
3158,/tmp/DataSetCombined/Edges/Round-3_0027467_edge.png,3.28,2.9592905,0.0025335550308227
3159,/tmp/DataSetCombined/Edges/Round-10_0051271_edge.png,2.86,2.525134,0.0025335550308227
3160,/tmp/DataSetCombined/Edges/Round-4_0084824_edge.png,53.56,52.395096,0.0025335550308227
3161,/tmp/DataSetCombined/Edges/Round-7_0078293_edge.png,4.17,3.8447642,0.0025335550308227
3162,/tmp/DataSetCombined/Edges/Round-4_0012466_edge.png,20.91,20.993704,0.0025335550308227
3163,/tmp/DataSetCombined/Edges/Round-9_0187435_edge.png,64.27,62.268246,0.0025335550308227
3164,/tmp/DataSetCombined/Edges/Round-9_0036996_edge.png,7.73,7.126541,0.0025335550308227
3165,/tmp/DataSetCombined/Edges/Round-10_0137055_edge.png,38.13,38.162464,0.0025335550308227
3166,/tmp/DataSetCombined/Edges/Round-5_0070048_edge.png,61.28,61.033997,0.0025335550308227
3167,/tmp/DataSetCombined/Edges/Round-10_0159350_edge.png,12.38,11.410369,0.0025335550308227
3168,/tmp/DataSetCombined/Edges/Round-6_0109565_edge.png,41.6,41.22759,0.0025335550308227
3169,/tmp/DataSetCombined/Edges/Round-9_0102071_edge.png,42.4,41.14468,0.0025335550308227
3170,/tmp/DataSetCombined/Edges/Round-8_0032622_edge.png,27.84,28.360691,0.0025335550308227
3171,/tmp/DataSetCombined/Edges/Round-9_0049307_edge.png,3.08,2.8227415,0.0025335550308227
3172,/tmp/DataSetCombined/Edges/Round-9_0127325_edge.png,4.45,4.042911,0.0025335550308227
3173,/tmp/DataSetCombined/Edges/Round-9_0075855_edge.png,48.3,47.55797,0.0025335550308227
3174,/tmp/DataSetCombined/Edges/Round-6_0087261_edge.png,47.04,45.728535,0.0025335550308227
3175,/tmp/DataSetCombined/Edges/Round-1_0077151_edge.png,26.78,27.583456,0.0025335550308227
3176,/tmp/DataSetCombined/Edges/Round-1_0087985_edge.png,34.57,34.72876,0.0025335550308227
3177,/tmp/DataSetCombined/Edges/Round-9_0083921_edge.png,65.1,63.597797,0.0025335550308227
3178,/tmp/DataSetCombined/Edges/Round-2_0099856_edge.png,6.61,6.2200646,0.0025335550308227
3179,/tmp/DataSetCombined/Edges/Round-7_0009064_edge.png,6.7,6.337401,0.0025335550308227
3180,/tmp/DataSetCombined/Edges/Round-6_0052797_edge.png,59.45,59.12685,0.0025335550308227
3181,/tmp/DataSetCombined/Edges/Round-6_0015172_edge.png,63.97,62.358334,0.0025335550308227
3182,/tmp/DataSetCombined/Edges/Round-1_0033836_edge.png,45.96,45.945026,0.0025335550308227
3183,/tmp/DataSetCombined/Edges/Round-3_0022246_edge.png,3.71,3.3806543,0.0025335550308227
3184,/tmp/DataSetCombined/Edges/Round-3_0033582_edge.png,22.66,22.756203,0.0025335550308227
3185,/tmp/DataSetCombined/Edges/Round-10_0095810_edge.png,64.42,62.22216,0.0025335550308227
3186,/tmp/DataSetCombined/Edges/Round-8_0034380_edge.png,4.87,4.3782015,0.0025335550308227
3187,/tmp/DataSetCombined/Edges/Round-10_0153781_edge.png,55.54,55.499546,0.0025335550308227
3188,/tmp/DataSetCombined/Edges/Round-5_0024207_edge.png,8.1,7.39038,0.0025335550308227
3189,/tmp/DataSetCombined/Edges/Round-6_0109534_edge.png,4.47,4.038847,0.0025335550308227
3190,/tmp/DataSetCombined/Edges/Round-1_0059401_edge.png,3.47,3.3126407,0.0025335550308227
3191,/tmp/DataSetCombined/Edges/Round-7_0045905_edge.png,4.77,4.3336644,0.0025335550308227
3192,/tmp/DataSetCombined/Edges/Round-3_0021312_edge.png,53.04,52.682175,0.0025335550308227
3193,/tmp/DataSetCombined/Edges/Round-1_0060201_edge.png,63.85,62.36288,0.0025335550308227
3194,/tmp/DataSetCombined/Edges/Round-10_0014150_edge.png,43.46,42.51736,0.0025335550308227
3195,/tmp/DataSetCombined/Edges/Round-8_0046017_edge.png,60.06,59.857033,0.0025335550308227
3196,/tmp/DataSetCombined/Edges/Round-7_0061588_edge.png,45.61,44.16067,0.0025335550308227
3197,/tmp/DataSetCombined/Edges/Round-7_0005091_edge.png,60.86,60.743637,0.0025335550308227
3198,/tmp/DataSetCombined/Edges/Round-10_0157544_edge.png,56.99,56.408474,0.0025335550308227
3199,/tmp/DataSetCombined/Edges/Round-8_0048311_edge.png,8.2,7.5450683,0.0025335550308227
3200,/tmp/DataSetCombined/Edges/Round-2_0004600_edge.png,6.1,5.5625715,0.0024824254214763
3201,/tmp/DataSetCombined/Edges/Round-3_0035267_edge.png,8.56,7.9315042,0.0024824254214763
3202,/tmp/DataSetCombined/Edges/Round-8_0057274_edge.png,40.72,40.786938,0.0024824254214763
3203,/tmp/DataSetCombined/Edges/Round-9_0112035_edge.png,5.89,5.7180367,0.0024824254214763
3204,/tmp/DataSetCombined/Edges/Round-10_0093161_edge.png,8.29,7.696852,0.0024824254214763
3205,/tmp/DataSetCombined/Edges/Round-1_0025367_edge.png,4.36,3.9691477,0.0024824254214763
3206,/tmp/DataSetCombined/Edges/Round-5_0050845_edge.png,9.86,9.225418,0.0024824254214763
3207,/tmp/DataSetCombined/Edges/Round-2_0061389_edge.png,62.05,61.62884,0.0024824254214763
3208,/tmp/DataSetCombined/Edges/Round-9_0175906_edge.png,61.28,60.130344,0.0024824254214763
3209,/tmp/DataSetCombined/Edges/Round-10_0004394_edge.png,7.88,7.309454,0.0024824254214763
3210,/tmp/DataSetCombined/Edges/Round-5_0029444_edge.png,62.17,61.43478,0.0024824254214763
3211,/tmp/DataSetCombined/Edges/Round-6_0019688_edge.png,65.27,62.956356,0.0024824254214763
3212,/tmp/DataSetCombined/Edges/Round-10_0173467_edge.png,65.12,63.041676,0.0024824254214763
3213,/tmp/DataSetCombined/Edges/Round-5_0046480_edge.png,3.06,2.7438922,0.0024824254214763
3214,/tmp/DataSetCombined/Edges/Round-9_0052377_edge.png,6.9,6.397824,0.0024824254214763
3215,/tmp/DataSetCombined/Edges/Round-3_0078291_edge.png,28.02,27.878874,0.0024824254214763
3216,/tmp/DataSetCombined/Edges/Round-5_0051087_edge.png,52.37,50.597733,0.0024824254214763
3217,/tmp/DataSetCombined/Edges/Round-8_0077411_edge.png,13.55,13.158252,0.0024824254214763
3218,/tmp/DataSetCombined/Edges/Round-2_0093535_edge.png,38.76,37.74232,0.0024824254214763
3219,/tmp/DataSetCombined/Edges/Round-6_0018423_edge.png,65.33,63.596786,0.0024824254214763
3220,/tmp/DataSetCombined/Edges/Round-7_0043197_edge.png,6.46,6.0378737,0.0024824254214763
3221,/tmp/DataSetCombined/Edges/Round-10_0023510_edge.png,22.97,23.190882,0.0024824254214763
3222,/tmp/DataSetCombined/Edges/Round-1_0043367_edge.png,65.31,63.30383,0.0024824254214763
3223,/tmp/DataSetCombined/Edges/Round-6_0105953_edge.png,55.27,52.99037,0.0024824254214763
3224,/tmp/DataSetCombined/Edges/Round-10_0073175_edge.png,6.65,6.2239523,0.0024824254214763
3225,/tmp/DataSetCombined/Edges/Round-9_0053702_edge.png,63.13,62.213913,0.0024824254214763
3226,/tmp/DataSetCombined/Edges/Round-4_0091115_edge.png,3.59,3.4129362,0.0024824254214763
3227,/tmp/DataSetCombined/Edges/Round-8_0010499_edge.png,56.88,56.20891,0.0024824254214763
3228,/tmp/DataSetCombined/Edges/Round-4_0056199_edge.png,8.45,7.9681892,0.0024824254214763
3229,/tmp/DataSetCombined/Edges/Round-6_0014540_edge.png,62.79,61.45655,0.0024824254214763
3230,/tmp/DataSetCombined/Edges/Round-10_0155046_edge.png,4.02,3.625794,0.0024824254214763
3231,/tmp/DataSetCombined/Edges/Round-1_0078775_edge.png,8.08,7.5204177,0.0024824254214763
3232,/tmp/DataSetCombined/Edges/Round-5_0038444_edge.png,2.99,2.5949793,0.0024824254214763
3233,/tmp/DataSetCombined/Edges/Round-2_0106719_edge.png,6.28,5.915825,0.0024824254214763
3234,/tmp/DataSetCombined/Edges/Round-4_0050841_edge.png,64.41,62.605503,0.0024824254214763
3235,/tmp/DataSetCombined/Edges/Round-8_0063607_edge.png,5.15,4.67321,0.0024824254214763
3236,/tmp/DataSetCombined/Edges/Round-7_0067547_edge.png,29.0,29.932045,0.0024824254214763
3237,/tmp/DataSetCombined/Edges/Round-10_0064687_edge.png,16.82,16.973368,0.0024824254214763
3238,/tmp/DataSetCombined/Edges/Round-8_0046529_edge.png,25.41,24.886244,0.0024824254214763
3239,/tmp/DataSetCombined/Edges/Round-3_0049335_edge.png,9.26,8.576107,0.0024824254214763
3240,/tmp/DataSetCombined/Edges/Round-10_0194145_edge.png,65.24,63.18645,0.0024824254214763
3241,/tmp/DataSetCombined/Edges/Round-3_0048974_edge.png,7.83,7.1705647,0.0024824254214763
3242,/tmp/DataSetCombined/Edges/Round-7_0136596_edge.png,64.84,62.736416,0.0024824254214763
3243,/tmp/DataSetCombined/Edges/Round-8_0010451_edge.png,7.17,6.6963654,0.0024824254214763
3244,/tmp/DataSetCombined/Edges/Round-1_0126092_edge.png,42.25,42.01988,0.0024824254214763
3245,/tmp/DataSetCombined/Edges/Round-10_0033534_edge.png,64.35,62.449112,0.0024824254214763
3246,/tmp/DataSetCombined/Edges/Round-10_0141290_edge.png,6.05,5.715256,0.0024824254214763
3247,/tmp/DataSetCombined/Edges/Round-2_0092782_edge.png,33.42,33.47031,0.0024824254214763
3248,/tmp/DataSetCombined/Edges/Round-10_0197787_edge.png,4.09,3.7750778,0.0024824254214763
3249,/tmp/DataSetCombined/Edges/Round-6_0108331_edge.png,22.11,22.284472,0.0024824254214763
3250,/tmp/DataSetCombined/Edges/Round-7_0069564_edge.png,62.19,62.280254,0.0024824254214763
3251,/tmp/DataSetCombined/Edges/Round-3_0033051_edge.png,4.05,3.7280278,0.0024824254214763
3252,/tmp/DataSetCombined/Edges/Round-7_0096671_edge.png,4.61,4.1461015,0.0024824254214763
3253,/tmp/DataSetCombined/Edges/Round-10_0082054_edge.png,4.2,3.841866,0.0024824254214763
3254,/tmp/DataSetCombined/Edges/Round-6_0044941_edge.png,9.77,9.050675,0.0024824254214763
3255,/tmp/DataSetCombined/Edges/Round-1_0085527_edge.png,55.38,54.782513,0.0024824254214763
3256,/tmp/DataSetCombined/Edges/Round-10_0053429_edge.png,42.98,42.787556,0.0024824254214763
3257,/tmp/DataSetCombined/Edges/Round-7_0038290_edge.png,65.34,63.06603,0.0024824254214763
3258,/tmp/DataSetCombined/Edges/Round-6_0122477_edge.png,32.52,31.604322,0.0024824254214763
3259,/tmp/DataSetCombined/Edges/Round-3_0080909_edge.png,65.0,63.501583,0.0024824254214763
3260,/tmp/DataSetCombined/Edges/Round-8_0010180_edge.png,7.78,7.157386,0.0024824254214763
3261,/tmp/DataSetCombined/Edges/Round-5_0023394_edge.png,63.0,61.56259,0.0024824254214763
3262,/tmp/DataSetCombined/Edges/Round-8_0027325_edge.png,38.8,38.80617,0.0024824254214763
3263,/tmp/DataSetCombined/Edges/Round-7_0059390_edge.png,2.54,2.20719,0.0024824254214763
3264,/tmp/DataSetCombined/Edges/Round-5_0121881_edge.png,8.74,7.9685283,0.002518456429243
3265,/tmp/DataSetCombined/Edges/Round-1_0107671_edge.png,40.78,40.275585,0.002518456429243
3266,/tmp/DataSetCombined/Edges/Round-2_0071541_edge.png,6.46,6.1553946,0.002518456429243
3267,/tmp/DataSetCombined/Edges/Round-6_0047830_edge.png,8.36,7.712469,0.002518456429243
3268,/tmp/DataSetCombined/Edges/Round-1_0130215_edge.png,5.29,4.862748,0.002518456429243
3269,/tmp/DataSetCombined/Edges/Round-8_0078554_edge.png,23.1,23.674917,0.002518456429243
3270,/tmp/DataSetCombined/Edges/Round-2_0060600_edge.png,57.39,56.27397,0.002518456429243
3271,/tmp/DataSetCombined/Edges/Round-1_0006300_edge.png,8.19,7.624542,0.002518456429243
3272,/tmp/DataSetCombined/Edges/Round-4_0005542_edge.png,7.3,6.7433414,0.002518456429243
3273,/tmp/DataSetCombined/Edges/Round-9_0049186_edge.png,40.39,39.703186,0.002518456429243
3274,/tmp/DataSetCombined/Edges/Round-9_0012555_edge.png,5.43,5.2318773,0.002518456429243
3275,/tmp/DataSetCombined/Edges/Round-9_0009064_edge.png,65.07,63.129322,0.002518456429243
3276,/tmp/DataSetCombined/Edges/Round-8_0070680_edge.png,4.77,4.2943563,0.002518456429243
3277,/tmp/DataSetCombined/Edges/Round-9_0017793_edge.png,59.7,59.257294,0.002518456429243
3278,/tmp/DataSetCombined/Edges/Round-6_0035610_edge.png,28.38,28.549994,0.002518456429243
3279,/tmp/DataSetCombined/Edges/Round-8_0053433_edge.png,4.29,3.9136066,0.002518456429243
3280,/tmp/DataSetCombined/Edges/Round-10_0106555_edge.png,36.63,36.08246,0.002518456429243
3281,/tmp/DataSetCombined/Edges/Round-7_0053190_edge.png,20.63,21.049215,0.002518456429243
3282,/tmp/DataSetCombined/Edges/Round-5_0033628_edge.png,7.07,6.7139606,0.002518456429243
3283,/tmp/DataSetCombined/Edges/Round-7_0062882_edge.png,65.31,63.708805,0.002518456429243
3284,/tmp/DataSetCombined/Edges/Round-1_0102824_edge.png,62.5,61.214764,0.002518456429243
3285,/tmp/DataSetCombined/Edges/Round-1_0003634_edge.png,64.73,63.03295,0.002518456429243
3286,/tmp/DataSetCombined/Edges/Round-1_0016201_edge.png,63.15,62.17999,0.002518456429243
3287,/tmp/DataSetCombined/Edges/Round-5_0116853_edge.png,64.68,62.602055,0.002518456429243
3288,/tmp/DataSetCombined/Edges/Round-5_0044253_edge.png,5.07,4.64912,0.002518456429243
3289,/tmp/DataSetCombined/Edges/Round-1_0024800_edge.png,5.41,5.196301,0.002518456429243
3290,/tmp/DataSetCombined/Edges/Round-10_0140779_edge.png,7.93,7.428026,0.002518456429243
3291,/tmp/DataSetCombined/Edges/Round-1_0071734_edge.png,4.44,3.9669862,0.002518456429243
3292,/tmp/DataSetCombined/Edges/Round-10_0169554_edge.png,24.76,25.084105,0.002518456429243
3293,/tmp/DataSetCombined/Edges/Round-6_0105441_edge.png,63.05,62.381405,0.002518456429243
3294,/tmp/DataSetCombined/Edges/Round-7_0071490_edge.png,64.48,62.372597,0.002518456429243
3295,/tmp/DataSetCombined/Edges/Round-9_0088455_edge.png,4.79,4.3571057,0.002518456429243
3296,/tmp/DataSetCombined/Edges/Round-3_0088976_edge.png,59.51,58.99792,0.002518456429243
3297,/tmp/DataSetCombined/Edges/Round-10_0097164_edge.png,3.31,3.1240892,0.002518456429243
3298,/tmp/DataSetCombined/Edges/Round-2_0084967_edge.png,43.44,42.76419,0.002518456429243
3299,/tmp/DataSetCombined/Edges/Round-8_0059032_edge.png,64.19,62.220554,0.002518456429243
3300,/tmp/DataSetCombined/Edges/Round-2_0061719_edge.png,3.96,3.6377587,0.002518456429243
3301,/tmp/DataSetCombined/Edges/Round-7_0057494_edge.png,5.08,4.6249275,0.002518456429243
3302,/tmp/DataSetCombined/Edges/Round-5_0045428_edge.png,64.4,62.099274,0.002518456429243
3303,/tmp/DataSetCombined/Edges/Round-6_0117180_edge.png,2.69,2.4222865,0.002518456429243
3304,/tmp/DataSetCombined/Edges/Round-9_0048645_edge.png,65.25,63.276356,0.002518456429243
3305,/tmp/DataSetCombined/Edges/Round-8_0074070_edge.png,65.21,63.087227,0.002518456429243
3306,/tmp/DataSetCombined/Edges/Round-5_0066828_edge.png,64.17,62.47919,0.002518456429243
3307,/tmp/DataSetCombined/Edges/Round-3_0020590_edge.png,7.51,6.9581947,0.002518456429243
3308,/tmp/DataSetCombined/Edges/Round-9_0084885_edge.png,16.72,17.29234,0.002518456429243
3309,/tmp/DataSetCombined/Edges/Round-5_0060567_edge.png,6.47,6.1094475,0.002518456429243
3310,/tmp/DataSetCombined/Edges/Round-8_0019439_edge.png,20.47,20.865713,0.002518456429243
3311,/tmp/DataSetCombined/Edges/Round-2_0066536_edge.png,63.69,62.831337,0.002518456429243
3312,/tmp/DataSetCombined/Edges/Round-5_0004091_edge.png,4.19,3.8180194,0.002518456429243
3313,/tmp/DataSetCombined/Edges/Round-7_0135784_edge.png,64.71,62.340298,0.002518456429243
3314,/tmp/DataSetCombined/Edges/Round-4_0080580_edge.png,51.97,50.85532,0.002518456429243
3315,/tmp/DataSetCombined/Edges/Round-5_0099636_edge.png,55.39,55.907578,0.002518456429243
3316,/tmp/DataSetCombined/Edges/Round-5_0063921_edge.png,57.93,57.842377,0.002518456429243
3317,/tmp/DataSetCombined/Edges/Round-5_0075165_edge.png,65.26,63.345425,0.002518456429243
3318,/tmp/DataSetCombined/Edges/Round-5_0103038_edge.png,64.0,62.28111,0.002518456429243
3319,/tmp/DataSetCombined/Edges/Round-6_0101378_edge.png,65.3,63.874252,0.002518456429243
3320,/tmp/DataSetCombined/Edges/Round-3_0059431_edge.png,3.7,3.4240785,0.002518456429243
3321,/tmp/DataSetCombined/Edges/Round-8_0041393_edge.png,63.39,61.745693,0.002518456429243
3322,/tmp/DataSetCombined/Edges/Round-9_0044280_edge.png,4.36,3.884482,0.002518456429243
3323,/tmp/DataSetCombined/Edges/Round-8_0010391_edge.png,7.14,6.7439127,0.002518456429243
3324,/tmp/DataSetCombined/Edges/Round-9_0140201_edge.png,8.29,7.6857276,0.002518456429243
3325,/tmp/DataSetCombined/Edges/Round-6_0116307_edge.png,64.16,62.12322,0.002518456429243
3326,/tmp/DataSetCombined/Edges/Round-8_0053764_edge.png,63.86,62.08178,0.002518456429243
3327,/tmp/DataSetCombined/Edges/Round-7_0137589_edge.png,3.92,3.5808477,0.002518456429243
3328,/tmp/DataSetCombined/Edges/Round-8_0013509_edge.png,4.62,4.1549187,0.0029801130294799
3329,/tmp/DataSetCombined/Edges/Round-7_0094667_edge.png,64.09,62.570736,0.0029801130294799
3330,/tmp/DataSetCombined/Edges/Round-4_0054062_edge.png,63.24,62.360966,0.0029801130294799
3331,/tmp/DataSetCombined/Edges/Round-10_0110649_edge.png,40.26,39.42116,0.0029801130294799
3332,/tmp/DataSetCombined/Edges/Round-7_0068149_edge.png,17.17,17.738243,0.0029801130294799
3333,/tmp/DataSetCombined/Edges/Round-9_0181027_edge.png,6.7,6.2314334,0.0029801130294799
3334,/tmp/DataSetCombined/Edges/Round-8_0066497_edge.png,5.88,5.390007,0.0029801130294799
3335,/tmp/DataSetCombined/Edges/Round-6_0078893_edge.png,3.26,2.9720278,0.0029801130294799
3336,/tmp/DataSetCombined/Edges/Round-9_0049969_edge.png,57.13,56.36179,0.0029801130294799
3337,/tmp/DataSetCombined/Edges/Round-1_0111072_edge.png,64.95,63.465923,0.0029801130294799
3338,/tmp/DataSetCombined/Edges/Round-2_0064338_edge.png,7.44,7.0014086,0.0029801130294799
3339,/tmp/DataSetCombined/Edges/Round-8_0025068_edge.png,7.58,6.995384,0.0029801130294799
3340,/tmp/DataSetCombined/Edges/Round-8_0027246_edge.png,63.85,59.857834,0.0029801130294799
3341,/tmp/DataSetCombined/Edges/Round-10_0132832_edge.png,48.64,47.830692,0.0029801130294799
3342,/tmp/DataSetCombined/Edges/Round-4_0040397_edge.png,64.16,62.549183,0.0029801130294799
3343,/tmp/DataSetCombined/Edges/Round-8_0000364_edge.png,4.07,3.7723174,0.0029801130294799
3344,/tmp/DataSetCombined/Edges/Round-10_0037357_edge.png,56.13,55.262905,0.0029801130294799
3345,/tmp/DataSetCombined/Edges/Round-5_0051959_edge.png,27.74,26.913603,0.0029801130294799
3346,/tmp/DataSetCombined/Edges/Round-6_0032450_edge.png,61.77,61.489315,0.0029801130294799
3347,/tmp/DataSetCombined/Edges/Round-9_0155890_edge.png,65.15,63.457035,0.0029801130294799
3348,/tmp/DataSetCombined/Edges/Round-8_0062692_edge.png,64.48,62.501427,0.0029801130294799
3349,/tmp/DataSetCombined/Edges/Round-9_0150743_edge.png,3.58,3.3092847,0.0029801130294799
3350,/tmp/DataSetCombined/Edges/Round-8_0022840_edge.png,64.86,62.550694,0.0029801130294799
3351,/tmp/DataSetCombined/Edges/Round-7_0104630_edge.png,58.04,58.037327,0.0029801130294799
3352,/tmp/DataSetCombined/Edges/Round-7_0089039_edge.png,8.46,7.8319397,0.0029801130294799
3353,/tmp/DataSetCombined/Edges/Round-1_0131118_edge.png,3.06,2.821083,0.0029801130294799
3354,/tmp/DataSetCombined/Edges/Round-1_0147191_edge.png,4.13,3.7978802,0.0029801130294799
3355,/tmp/DataSetCombined/Edges/Round-4_0003585_edge.png,64.91,62.781414,0.0029801130294799
3356,/tmp/DataSetCombined/Edges/Round-10_0106314_edge.png,4.0,3.6351557,0.0029801130294799
3357,/tmp/DataSetCombined/Edges/Round-7_0033625_edge.png,58.69,59.342712,0.0029801130294799
3358,/tmp/DataSetCombined/Edges/Round-5_0112579_edge.png,31.44,30.993105,0.0029801130294799
3359,/tmp/DataSetCombined/Edges/Round-3_0036667_edge.png,7.82,7.200877,0.0029801130294799
3360,/tmp/DataSetCombined/Edges/Round-7_0063243_edge.png,64.35,62.506084,0.0029801130294799
3361,/tmp/DataSetCombined/Edges/Round-8_0004551_edge.png,27.26,27.432625,0.0029801130294799
3362,/tmp/DataSetCombined/Edges/Round-9_0101741_edge.png,54.61,54.186672,0.0029801130294799
3363,/tmp/DataSetCombined/Edges/Round-4_0049096_edge.png,63.82,62.619553,0.0029801130294799
3364,/tmp/DataSetCombined/Edges/Round-5_0055420_edge.png,24.96,25.342922,0.0029801130294799
3365,/tmp/DataSetCombined/Edges/Round-6_0128578_edge.png,8.37,7.8296785,0.0029801130294799
3366,/tmp/DataSetCombined/Edges/Round-5_0000485_edge.png,25.82,26.154127,0.0029801130294799
3367,/tmp/DataSetCombined/Edges/Round-10_0030945_edge.png,3.31,3.1708179,0.0029801130294799
3368,/tmp/DataSetCombined/Edges/Round-10_0055602_edge.png,23.54,23.753319,0.0029801130294799
3369,/tmp/DataSetCombined/Edges/Round-2_0075200_edge.png,64.62,62.53156,0.0029801130294799
3370,/tmp/DataSetCombined/Edges/Round-7_0083410_edge.png,2.57,2.227387,0.0029801130294799
3371,/tmp/DataSetCombined/Edges/Round-6_0082114_edge.png,63.4,61.737392,0.0029801130294799
3372,/tmp/DataSetCombined/Edges/Round-1_0166394_edge.png,64.54,62.483723,0.0029801130294799
3373,/tmp/DataSetCombined/Edges/Round-6_0132140_edge.png,65.33,63.27983,0.0029801130294799
3374,/tmp/DataSetCombined/Edges/Round-1_0168170_edge.png,58.13,57.634594,0.0029801130294799
3375,/tmp/DataSetCombined/Edges/Round-1_0022900_edge.png,36.15,35.173088,0.0029801130294799
3376,/tmp/DataSetCombined/Edges/Round-5_0053915_edge.png,8.32,7.7828865,0.0029801130294799
3377,/tmp/DataSetCombined/Edges/Round-2_0075300_edge.png,5.86,5.630775,0.0029801130294799
3378,/tmp/DataSetCombined/Edges/Round-10_0196583_edge.png,16.88,17.19624,0.0029801130294799
3379,/tmp/DataSetCombined/Edges/Round-10_0165190_edge.png,5.51,5.1710086,0.0029801130294799
3380,/tmp/DataSetCombined/Edges/Round-2_0075776_edge.png,64.33,62.38338,0.0029801130294799
3381,/tmp/DataSetCombined/Edges/Round-6_0032570_edge.png,65.52,63.180622,0.0029801130294799
3382,/tmp/DataSetCombined/Edges/Round-3_0011470_edge.png,35.78,34.68265,0.0029801130294799
3383,/tmp/DataSetCombined/Edges/Round-5_0015207_edge.png,5.48,5.0662484,0.0029801130294799
3384,/tmp/DataSetCombined/Edges/Round-3_0062730_edge.png,63.97,62.44966,0.0029801130294799
3385,/tmp/DataSetCombined/Edges/Round-8_0047823_edge.png,64.97,62.676006,0.0029801130294799
3386,/tmp/DataSetCombined/Edges/Round-10_0154113_edge.png,6.76,6.355488,0.0029801130294799
3387,/tmp/DataSetCombined/Edges/Round-1_0156612_edge.png,8.86,8.534096,0.0029801130294799
3388,/tmp/DataSetCombined/Edges/Round-3_0044489_edge.png,6.71,6.408245,0.0029801130294799
3389,/tmp/DataSetCombined/Edges/Round-10_0044791_edge.png,10.73,10.122811,0.0029801130294799
3390,/tmp/DataSetCombined/Edges/Round-6_0020169_edge.png,5.64,5.3457766,0.0029801130294799
3391,/tmp/DataSetCombined/Edges/Round-5_0061711_edge.png,3.32,3.1185436,0.0029801130294799
3392,/tmp/DataSetCombined/Edges/Round-7_0065440_edge.png,27.23,27.62639,0.002417042851448
3393,/tmp/DataSetCombined/Edges/Round-7_0014542_edge.png,3.45,3.250608,0.002417042851448
3394,/tmp/DataSetCombined/Edges/Round-6_0074439_edge.png,65.13,63.213528,0.002417042851448
3395,/tmp/DataSetCombined/Edges/Round-4_0083590_edge.png,7.53,6.9483824,0.002417042851448
3396,/tmp/DataSetCombined/Edges/Round-6_0087381_edge.png,63.75,62.621716,0.002417042851448
3397,/tmp/DataSetCombined/Edges/Round-3_0055174_edge.png,8.14,7.4490433,0.002417042851448
3398,/tmp/DataSetCombined/Edges/Round-5_0070801_edge.png,7.45,6.8996935,0.002417042851448
3399,/tmp/DataSetCombined/Edges/Round-9_0065049_edge.png,64.6,62.39764,0.002417042851448
3400,/tmp/DataSetCombined/Edges/Round-1_0056301_edge.png,64.13,62.16033,0.002417042851448
3401,/tmp/DataSetCombined/Edges/Round-1_0145566_edge.png,11.71,10.809189,0.002417042851448
3402,/tmp/DataSetCombined/Edges/Round-5_0024508_edge.png,3.99,3.6366525,0.002417042851448
3403,/tmp/DataSetCombined/Edges/Round-1_0111734_edge.png,57.37,57.123722,0.002417042851448
3404,/tmp/DataSetCombined/Edges/Round-5_0073690_edge.png,37.36,37.755825,0.002417042851448
3405,/tmp/DataSetCombined/Edges/Round-1_0038400_edge.png,55.83,54.40704,0.002417042851448
3406,/tmp/DataSetCombined/Edges/Round-10_0072850_edge.png,63.89,62.977497,0.002417042851448
3407,/tmp/DataSetCombined/Edges/Round-10_0107519_edge.png,4.45,4.0680885,0.002417042851448
3408,/tmp/DataSetCombined/Edges/Round-9_0053431_edge.png,3.05,2.8066173,0.002417042851448
3409,/tmp/DataSetCombined/Edges/Round-3_0009967_edge.png,64.14,62.299152,0.002417042851448
3410,/tmp/DataSetCombined/Edges/Round-8_0072907_edge.png,60.85,60.522747,0.002417042851448
3411,/tmp/DataSetCombined/Edges/Round-10_0042473_edge.png,6.37,6.022615,0.002417042851448
3412,/tmp/DataSetCombined/Edges/Round-8_0009927_edge.png,65.36,63.081818,0.002417042851448
3413,/tmp/DataSetCombined/Edges/Round-7_0052919_edge.png,21.19,21.343763,0.002417042851448
3414,/tmp/DataSetCombined/Edges/Round-9_0106496_edge.png,64.19,62.15252,0.002417042851448
3415,/tmp/DataSetCombined/Edges/Round-8_0060055_edge.png,9.12,8.429792,0.002417042851448
3416,/tmp/DataSetCombined/Edges/Round-1_0032134_edge.png,5.44,5.227736,0.002417042851448
3417,/tmp/DataSetCombined/Edges/Round-5_0109088_edge.png,65.13,63.881363,0.002417042851448
3418,/tmp/DataSetCombined/Edges/Round-6_0010928_edge.png,6.15,5.8469324,0.002417042851448
3419,/tmp/DataSetCombined/Edges/Round-8_0013148_edge.png,31.98,32.150433,0.002417042851448
3420,/tmp/DataSetCombined/Edges/Round-9_0156160_edge.png,50.22,49.719944,0.002417042851448
3421,/tmp/DataSetCombined/Edges/Round-3_0016677_edge.png,44.48,42.97122,0.002417042851448
3422,/tmp/DataSetCombined/Edges/Round-2_0085589_edge.png,41.15,40.682888,0.002417042851448
3423,/tmp/DataSetCombined/Edges/Round-10_0107489_edge.png,58.17,57.58359,0.002417042851448
3424,/tmp/DataSetCombined/Edges/Round-8_0060025_edge.png,2.91,2.6670532,0.002417042851448
3425,/tmp/DataSetCombined/Edges/Round-4_0059540_edge.png,2.49,2.1521692,0.002417042851448
3426,/tmp/DataSetCombined/Edges/Round-3_0084852_edge.png,2.8,2.5835538,0.002417042851448
3427,/tmp/DataSetCombined/Edges/Round-5_0044524_edge.png,7.19,6.7183123,0.002417042851448
3428,/tmp/DataSetCombined/Edges/Round-10_0169680_edge.png,27.4,27.746523,0.002417042851448
3429,/tmp/DataSetCombined/Edges/Round-7_0029562_edge.png,6.51,6.1976843,0.002417042851448
3430,/tmp/DataSetCombined/Edges/Round-1_0032867_edge.png,14.49,14.099825,0.002417042851448
3431,/tmp/DataSetCombined/Edges/Round-4_0087383_edge.png,33.38,33.274906,0.002417042851448
3432,/tmp/DataSetCombined/Edges/Round-5_0022612_edge.png,9.32,8.854697,0.002417042851448
3433,/tmp/DataSetCombined/Edges/Round-1_0004730_edge.png,54.07,53.16683,0.002417042851448
3434,/tmp/DataSetCombined/Edges/Round-8_0023773_edge.png,37.73,36.738033,0.002417042851448
3435,/tmp/DataSetCombined/Edges/Round-4_0038811_edge.png,6.72,6.3525515,0.002417042851448
3436,/tmp/DataSetCombined/Edges/Round-10_0127685_edge.png,65.38,63.45077,0.002417042851448
3437,/tmp/DataSetCombined/Edges/Round-9_0140990_edge.png,6.81,6.4065123,0.002417042851448
3438,/tmp/DataSetCombined/Edges/Round-10_0199563_edge.png,64.66,62.525845,0.002417042851448
3439,/tmp/DataSetCombined/Edges/Round-6_0021042_edge.png,7.96,7.404191,0.002417042851448
3440,/tmp/DataSetCombined/Edges/Round-10_0139213_edge.png,3.96,3.558887,0.002417042851448
3441,/tmp/DataSetCombined/Edges/Round-6_0028446_edge.png,64.55,62.541214,0.002417042851448
3442,/tmp/DataSetCombined/Edges/Round-10_0147430_edge.png,6.16,5.88965,0.002417042851448
3443,/tmp/DataSetCombined/Edges/Round-7_0001779_edge.png,65.11,62.751907,0.002417042851448
3444,/tmp/DataSetCombined/Edges/Round-4_0052045_edge.png,3.89,3.5798378,0.002417042851448
3445,/tmp/DataSetCombined/Edges/Round-10_0014812_edge.png,65.34,63.67789,0.002417042851448
3446,/tmp/DataSetCombined/Edges/Round-1_0167541_edge.png,7.84,7.3177905,0.002417042851448
3447,/tmp/DataSetCombined/Edges/Round-6_0117902_edge.png,49.5,48.774776,0.002417042851448
3448,/tmp/DataSetCombined/Edges/Round-8_0000808_edge.png,7.64,6.9526687,0.002417042851448
3449,/tmp/DataSetCombined/Edges/Round-5_0072248_edge.png,3.16,2.8973627,0.002417042851448
3450,/tmp/DataSetCombined/Edges/Round-6_0026520_edge.png,47.62,47.85326,0.002417042851448
3451,/tmp/DataSetCombined/Edges/Round-10_0102973_edge.png,15.88,16.046227,0.002417042851448
3452,/tmp/DataSetCombined/Edges/Round-6_0027731_edge.png,3.51,3.2551017,0.002417042851448
3453,/tmp/DataSetCombined/Edges/Round-8_0023924_edge.png,4.16,3.7761202,0.002417042851448
3454,/tmp/DataSetCombined/Edges/Round-10_0039433_edge.png,6.47,6.115287,0.002417042851448
3455,/tmp/DataSetCombined/Edges/Round-2_0109548_edge.png,65.33,63.207455,0.002417042851448
3456,/tmp/DataSetCombined/Edges/Round-1_0061801_edge.png,8.32,7.766967,0.0025974586606025
3457,/tmp/DataSetCombined/Edges/Round-10_0042503_edge.png,4.97,4.5460267,0.0025974586606025
3458,/tmp/DataSetCombined/Edges/Round-10_0069774_edge.png,64.76,62.58417,0.0025974586606025
3459,/tmp/DataSetCombined/Edges/Round-8_0032831_edge.png,23.95,24.154585,0.0025974586606025
3460,/tmp/DataSetCombined/Edges/Round-8_0053042_edge.png,7.75,7.0826106,0.0025974586606025
3461,/tmp/DataSetCombined/Edges/Round-2_0112167_edge.png,31.06,31.381403,0.0025974586606025
3462,/tmp/DataSetCombined/Edges/Round-3_0031434_edge.png,64.65,62.579582,0.0025974586606025
3463,/tmp/DataSetCombined/Edges/Round-6_0108632_edge.png,56.82,55.816628,0.0025974586606025
3464,/tmp/DataSetCombined/Edges/Round-10_0095569_edge.png,64.55,62.15765,0.0025974586606025
3465,/tmp/DataSetCombined/Edges/Round-4_0017732_edge.png,59.82,59.55383,0.0025974586606025
3466,/tmp/DataSetCombined/Edges/Round-4_0087743_edge.png,6.16,5.816576,0.0025974586606025
3467,/tmp/DataSetCombined/Edges/Round-9_0111282_edge.png,65.21,62.788742,0.0025974586606025
3468,/tmp/DataSetCombined/Edges/Round-6_0107638_edge.png,7.35,6.9783525,0.0025974586606025
3469,/tmp/DataSetCombined/Edges/Round-8_0053873_edge.png,6.24,5.95325,0.0025974586606025
3470,/tmp/DataSetCombined/Edges/Round-2_0071382_edge.png,65.22,63.940624,0.0025974586606025
3471,/tmp/DataSetCombined/Edges/Round-5_0046932_edge.png,6.69,6.3778505,0.0025974586606025
3472,/tmp/DataSetCombined/Edges/Round-4_0068329_edge.png,58.81,56.83525,0.0025974586606025
3473,/tmp/DataSetCombined/Edges/Round-10_0148604_edge.png,7.66,7.101422,0.0025974586606025
3474,/tmp/DataSetCombined/Edges/Round-5_0095543_edge.png,6.59,6.243968,0.0025974586606025
3475,/tmp/DataSetCombined/Edges/Round-9_0097255_edge.png,22.29,22.177595,0.0025974586606025
3476,/tmp/DataSetCombined/Edges/Round-7_0017762_edge.png,3.86,3.5201025,0.0025974586606025
3477,/tmp/DataSetCombined/Edges/Round-2_0080381_edge.png,3.83,3.5103517,0.0025974586606025
3478,/tmp/DataSetCombined/Edges/Round-5_0090577_edge.png,4.03,3.6933827,0.0025974586606025
3479,/tmp/DataSetCombined/Edges/Round-1_0026267_edge.png,4.01,3.6844063,0.0025974586606025
3480,/tmp/DataSetCombined/Edges/Round-3_0065408_edge.png,5.23,4.856374,0.0025974586606025
3481,/tmp/DataSetCombined/Edges/Round-3_0046800_edge.png,3.87,3.5739932,0.0025974586606025
3482,/tmp/DataSetCombined/Edges/Round-3_0003767_edge.png,10.83,10.1088705,0.0025974586606025
3483,/tmp/DataSetCombined/Edges/Round-9_0137908_edge.png,3.32,3.2359486,0.0025974586606025
3484,/tmp/DataSetCombined/Edges/Round-4_0078834_edge.png,7.92,7.405308,0.0025974586606025
3485,/tmp/DataSetCombined/Edges/Round-10_0115074_edge.png,8.53,7.903386,0.0025974586606025
3486,/tmp/DataSetCombined/Edges/Round-7_0046748_edge.png,52.62,51.455074,0.0025974586606025
3487,/tmp/DataSetCombined/Edges/Round-7_0101620_edge.png,64.56,62.533604,0.0025974586606025
3488,/tmp/DataSetCombined/Edges/Round-8_0004070_edge.png,7.85,7.198619,0.0025974586606025
3489,/tmp/DataSetCombined/Edges/Round-8_0058339_edge.png,10.68,9.894633,0.0025974586606025
3490,/tmp/DataSetCombined/Edges/Round-4_0040517_edge.png,60.53,58.55009,0.0025974586606025
3491,/tmp/DataSetCombined/Edges/Round-7_0091928_edge.png,3.8,3.5250216,0.0025974586606025
3492,/tmp/DataSetCombined/Edges/Round-6_0121544_edge.png,27.48,27.167185,0.0025974586606025
3493,/tmp/DataSetCombined/Edges/Round-5_0063156_edge.png,29.81,29.573664,0.0025974586606025
3494,/tmp/DataSetCombined/Edges/Round-10_0118264_edge.png,63.89,62.383507,0.0025974586606025
3495,/tmp/DataSetCombined/Edges/Round-6_0095117_edge.png,65.27,63.642258,0.0025974586606025
3496,/tmp/DataSetCombined/Edges/Round-6_0017008_edge.png,6.09,5.795514,0.0025974586606025
3497,/tmp/DataSetCombined/Edges/Round-10_0027122_edge.png,46.7,46.193256,0.0025974586606025
3498,/tmp/DataSetCombined/Edges/Round-7_0121516_edge.png,3.39,3.1514049,0.0025974586606025
3499,/tmp/DataSetCombined/Edges/Round-8_0074654_edge.png,9.66,9.195971,0.0025974586606025
3500,/tmp/DataSetCombined/Edges/Round-8_0032472_edge.png,65.38,62.91995,0.0025974586606025
3501,/tmp/DataSetCombined/Edges/Round-6_0070616_edge.png,26.95,26.536303,0.0025974586606025
3502,/tmp/DataSetCombined/Edges/Round-3_0002467_edge.png,63.38,61.546894,0.0025974586606025
3503,/tmp/DataSetCombined/Edges/Round-8_0009698_edge.png,64.16,62.356808,0.0025974586606025
3504,/tmp/DataSetCombined/Edges/Round-6_0011771_edge.png,63.94,61.938847,0.0025974586606025
3505,/tmp/DataSetCombined/Edges/Round-10_0076667_edge.png,6.71,6.323474,0.0025974586606025
3506,/tmp/DataSetCombined/Edges/Round-10_0046102_edge.png,54.65,53.699863,0.0025974586606025
3507,/tmp/DataSetCombined/Edges/Round-2_0065211_edge.png,65.2,63.888542,0.0025974586606025
3508,/tmp/DataSetCombined/Edges/Round-8_0025734_edge.png,61.3,60.48454,0.0025974586606025
3509,/tmp/DataSetCombined/Edges/Round-9_0064236_edge.png,63.9,62.668262,0.0025974586606025
3510,/tmp/DataSetCombined/Edges/Round-7_0005391_edge.png,65.21,62.829456,0.0025974586606025
3511,/tmp/DataSetCombined/Edges/Round-9_0131406_edge.png,3.13,2.972754,0.0025974586606025
3512,/tmp/DataSetCombined/Edges/Round-5_0099697_edge.png,62.76,61.53182,0.0025974586606025
3513,/tmp/DataSetCombined/Edges/Round-8_0029101_edge.png,5.4,5.019315,0.0025974586606025
3514,/tmp/DataSetCombined/Edges/Round-10_0009515_edge.png,64.75,62.669094,0.0025974586606025
3515,/tmp/DataSetCombined/Edges/Round-6_0092167_edge.png,64.02,62.0706,0.0025974586606025
3516,/tmp/DataSetCombined/Edges/Round-1_0072600_edge.png,7.29,6.7957673,0.0025974586606025
3517,/tmp/DataSetCombined/Edges/Round-6_0081392_edge.png,4.58,4.090286,0.0025974586606025
3518,/tmp/DataSetCombined/Edges/Round-10_0163323_edge.png,18.73,18.885351,0.0025974586606025
3519,/tmp/DataSetCombined/Edges/Round-2_0090254_edge.png,53.9,54.40288,0.0025974586606025
3520,/tmp/DataSetCombined/Edges/Round-5_0037450_edge.png,40.98,40.11171,0.0025511793792247
3521,/tmp/DataSetCombined/Edges/Round-10_0005667_edge.png,2.92,2.577612,0.0025511793792247
3522,/tmp/DataSetCombined/Edges/Round-10_0028025_edge.png,64.55,61.810616,0.0025511793792247
3523,/tmp/DataSetCombined/Edges/Round-10_0076305_edge.png,11.4,10.735981,0.0025511793792247
3524,/tmp/DataSetCombined/Edges/Round-1_0098220_edge.png,65.5,62.99896,0.0025511793792247
3525,/tmp/DataSetCombined/Edges/Round-9_0116309_edge.png,46.4,45.633865,0.0025511793792247
3526,/tmp/DataSetCombined/Edges/Round-9_0145927_edge.png,60.54,60.79188,0.0025511793792247
3527,/tmp/DataSetCombined/Edges/Round-9_0125068_edge.png,62.06,60.968395,0.0025511793792247
3528,/tmp/DataSetCombined/Edges/Round-9_0112576_edge.png,5.38,5.1051426,0.0025511793792247
3529,/tmp/DataSetCombined/Edges/Round-7_0100658_edge.png,64.76,62.5007,0.0025511793792247
3530,/tmp/DataSetCombined/Edges/Round-8_0017253_edge.png,63.84,62.735798,0.0025511793792247
3531,/tmp/DataSetCombined/Edges/Round-7_0047621_edge.png,4.15,3.814588,0.0025511793792247
3532,/tmp/DataSetCombined/Edges/Round-5_0080854_edge.png,62.6,61.364964,0.0025511793792247
3533,/tmp/DataSetCombined/Edges/Round-10_0073927_edge.png,7.35,6.7923546,0.0025511793792247
3534,/tmp/DataSetCombined/Edges/Round-9_0078383_edge.png,65.24,62.903942,0.0025511793792247
3535,/tmp/DataSetCombined/Edges/Round-9_0123292_edge.png,52.03,50.68223,0.0025511793792247
3536,/tmp/DataSetCombined/Edges/Round-10_0162480_edge.png,9.38,8.643223,0.0025511793792247
3537,/tmp/DataSetCombined/Edges/Round-6_0038379_edge.png,7.26,6.729517,0.0025511793792247
3538,/tmp/DataSetCombined/Edges/Round-3_0076033_edge.png,53.4,51.87585,0.0025511793792247
3539,/tmp/DataSetCombined/Edges/Round-9_0128228_edge.png,7.83,7.237759,0.0025511793792247
3540,/tmp/DataSetCombined/Edges/Round-9_0082025_edge.png,3.05,2.7904396,0.0025511793792247
3541,/tmp/DataSetCombined/Edges/Round-8_0037920_edge.png,4.16,3.807963,0.0025511793792247
3542,/tmp/DataSetCombined/Edges/Round-7_0040217_edge.png,65.08,63.547295,0.0025511793792247
3543,/tmp/DataSetCombined/Edges/Round-5_0095156_edge.png,21.18,21.3783,0.0025511793792247
3544,/tmp/DataSetCombined/Edges/Round-9_0054605_edge.png,63.88,62.14257,0.0025511793792247
3545,/tmp/DataSetCombined/Edges/Round-7_0125128_edge.png,38.46,39.061306,0.0025511793792247
3546,/tmp/DataSetCombined/Edges/Round-4_0017280_edge.png,2.54,2.1756258,0.0025511793792247
3547,/tmp/DataSetCombined/Edges/Round-8_0055480_edge.png,3.24,3.0699425,0.0025511793792247
3548,/tmp/DataSetCombined/Edges/Round-5_0010181_edge.png,64.69,62.2571,0.0025511793792247
3549,/tmp/DataSetCombined/Edges/Round-10_0099091_edge.png,36.44,37.26533,0.0025511793792247
3550,/tmp/DataSetCombined/Edges/Round-9_0199474_edge.png,65.33,63.109295,0.0025511793792247
3551,/tmp/DataSetCombined/Edges/Round-9_0137198_edge.png,40.52,40.321316,0.0025511793792247
3552,/tmp/DataSetCombined/Edges/Round-2_0027000_edge.png,65.28,63.323803,0.0025511793792247
3553,/tmp/DataSetCombined/Edges/Round-1_0052167_edge.png,11.97,10.951344,0.0025511793792247
3554,/tmp/DataSetCombined/Edges/Round-1_0121396_edge.png,4.8,4.2990174,0.0025511793792247
3555,/tmp/DataSetCombined/Edges/Round-1_0023767_edge.png,57.72,58.238148,0.0025511793792247
3556,/tmp/DataSetCombined/Edges/Round-1_0117513_edge.png,55.63,55.307064,0.0025511793792247
3557,/tmp/DataSetCombined/Edges/Round-1_0033423_edge.png,20.42,20.646955,0.0025511793792247
3558,/tmp/DataSetCombined/Edges/Round-1_0010067_edge.png,6.6,6.095081,0.0025511793792247
3559,/tmp/DataSetCombined/Edges/Round-6_0036182_edge.png,65.16,63.196114,0.0025511793792247
3560,/tmp/DataSetCombined/Edges/Round-2_0069334_edge.png,5.19,4.789192,0.0025511793792247
3561,/tmp/DataSetCombined/Edges/Round-3_0065890_edge.png,65.33,63.45669,0.0025511793792247
3562,/tmp/DataSetCombined/Edges/Round-1_0117182_edge.png,4.25,3.884431,0.0025511793792247
3563,/tmp/DataSetCombined/Edges/Round-4_0033022_edge.png,52.48,51.316483,0.0025511793792247
3564,/tmp/DataSetCombined/Edges/Round-3_0074107_edge.png,3.27,2.974883,0.0025511793792247
3565,/tmp/DataSetCombined/Edges/Round-3_0048161_edge.png,64.71,62.172512,0.0025511793792247
3566,/tmp/DataSetCombined/Edges/Round-6_0087803_edge.png,4.09,3.7475777,0.0025511793792247
3567,/tmp/DataSetCombined/Edges/Round-2_0066054_edge.png,3.72,3.3695836,0.0025511793792247
3568,/tmp/DataSetCombined/Edges/Round-1_0024034_edge.png,3.48,3.294567,0.0025511793792247
3569,/tmp/DataSetCombined/Edges/Round-10_0166514_edge.png,3.86,3.5493336,0.0025511793792247
3570,/tmp/DataSetCombined/Edges/Round-9_0063303_edge.png,58.72,58.909992,0.0025511793792247
3571,/tmp/DataSetCombined/Edges/Round-3_0042833_edge.png,5.17,4.79962,0.0025511793792247
3572,/tmp/DataSetCombined/Edges/Round-4_0030825_edge.png,6.15,5.858568,0.0025511793792247
3573,/tmp/DataSetCombined/Edges/Round-5_0052922_edge.png,47.21,47.316685,0.0025511793792247
3574,/tmp/DataSetCombined/Edges/Round-10_0187734_edge.png,3.83,3.5346384,0.0025511793792247
3575,/tmp/DataSetCombined/Edges/Round-9_0063424_edge.png,4.37,4.0321565,0.0025511793792247
3576,/tmp/DataSetCombined/Edges/Round-9_0054725_edge.png,6.89,6.419345,0.0025511793792247
3577,/tmp/DataSetCombined/Edges/Round-8_0038594_edge.png,56.77,55.706097,0.0025511793792247
3578,/tmp/DataSetCombined/Edges/Round-9_0004699_edge.png,63.99,62.706627,0.0025511793792247
3579,/tmp/DataSetCombined/Edges/Round-4_0081513_edge.png,56.19,55.00075,0.0025511793792247
3580,/tmp/DataSetCombined/Edges/Round-5_0080613_edge.png,65.37,63.214386,0.0025511793792247
3581,/tmp/DataSetCombined/Edges/Round-7_0059270_edge.png,5.65,5.2380486,0.0025511793792247
3582,/tmp/DataSetCombined/Edges/Round-8_0035133_edge.png,3.32,3.12821,0.0025511793792247
3583,/tmp/DataSetCombined/Edges/Round-2_0082940_edge.png,9.86,9.179964,0.0025511793792247
3584,/tmp/DataSetCombined/Edges/Round-3_0085004_edge.png,2.91,2.724247,0.0025701373815536
3585,/tmp/DataSetCombined/Edges/Round-10_0092499_edge.png,23.57,23.752533,0.0025701373815536
3586,/tmp/DataSetCombined/Edges/Round-10_0086208_edge.png,63.96,61.829388,0.0025701373815536
3587,/tmp/DataSetCombined/Edges/Round-4_0082717_edge.png,64.45,62.50365,0.0025701373815536
3588,/tmp/DataSetCombined/Edges/Round-10_0147972_edge.png,5.2,4.7513113,0.0025701373815536
3589,/tmp/DataSetCombined/Edges/Round-8_0019059_edge.png,3.37,3.1676269,0.0025701373815536
3590,/tmp/DataSetCombined/Edges/Round-5_0045698_edge.png,65.09,63.268475,0.0025701373815536
3591,/tmp/DataSetCombined/Edges/Round-10_0105140_edge.png,3.21,2.846745,0.0025701373815536
3592,/tmp/DataSetCombined/Edges/Round-5_0009036_edge.png,10.29,9.900967,0.0025701373815536
3593,/tmp/DataSetCombined/Edges/Round-5_0001546_edge.png,14.4,14.044937,0.0025701373815536
3594,/tmp/DataSetCombined/Edges/Round-1_0098821_edge.png,5.46,5.2687235,0.0025701373815536
3595,/tmp/DataSetCombined/Edges/Round-10_0138220_edge.png,5.15,4.6909556,0.0025701373815536
3596,/tmp/DataSetCombined/Edges/Round-2_0088719_edge.png,7.33,6.8946204,0.0025701373815536
3597,/tmp/DataSetCombined/Edges/Round-9_0051353_edge.png,64.37,62.449467,0.0025701373815536
3598,/tmp/DataSetCombined/Edges/Round-7_0071310_edge.png,4.2,3.8497062,0.0025701373815536
3599,/tmp/DataSetCombined/Edges/Round-3_0083341_edge.png,25.08,25.182539,0.0025701373815536
3600,/tmp/DataSetCombined/Edges/Round-1_0017334_edge.png,5.43,5.246974,0.0025701373815536
3601,/tmp/DataSetCombined/Edges/Round-10_0028267_edge.png,4.26,3.8685865,0.0025701373815536
3602,/tmp/DataSetCombined/Edges/Round-10_0019026_edge.png,62.72,60.590168,0.0025701373815536
3603,/tmp/DataSetCombined/Edges/Round-9_0016167_edge.png,64.78,62.633236,0.0025701373815536
3604,/tmp/DataSetCombined/Edges/Round-1_0064367_edge.png,30.35,30.87853,0.0025701373815536
3605,/tmp/DataSetCombined/Edges/Round-8_0056233_edge.png,65.43,63.238895,0.0025701373815536
3606,/tmp/DataSetCombined/Edges/Round-9_0042805_edge.png,55.13,52.968807,0.0025701373815536
3607,/tmp/DataSetCombined/Edges/Round-10_0083499_edge.png,64.31,62.11465,0.0025701373815536
3608,/tmp/DataSetCombined/Edges/Round-3_0085545_edge.png,6.31,6.0662746,0.0025701373815536
3609,/tmp/DataSetCombined/Edges/Round-10_0068359_edge.png,46.9,46.769634,0.0025701373815536
3610,/tmp/DataSetCombined/Edges/Round-5_0122422_edge.png,21.43,21.745256,0.0025701373815536
3611,/tmp/DataSetCombined/Edges/Round-9_0091837_edge.png,4.89,4.3878856,0.0025701373815536
3612,/tmp/DataSetCombined/Edges/Round-1_0126664_edge.png,4.03,3.7170863,0.0025701373815536
3613,/tmp/DataSetCombined/Edges/Round-1_0033866_edge.png,30.72,30.752558,0.0025701373815536
3614,/tmp/DataSetCombined/Edges/Round-9_0170699_edge.png,7.65,7.0209527,0.0025701373815536
3615,/tmp/DataSetCombined/Edges/Round-9_0047320_edge.png,51.95,50.80122,0.0025701373815536
3616,/tmp/DataSetCombined/Edges/Round-7_0063333_edge.png,64.25,62.12655,0.0025701373815536
3617,/tmp/DataSetCombined/Edges/Round-6_0085184_edge.png,4.88,4.4834304,0.0025701373815536
3618,/tmp/DataSetCombined/Edges/Round-9_0106827_edge.png,62.12,61.811287,0.0025701373815536
3619,/tmp/DataSetCombined/Edges/Round-1_0132684_edge.png,65.32,63.321285,0.0025701373815536
3620,/tmp/DataSetCombined/Edges/Round-2_0104614_edge.png,5.37,5.0249853,0.0025701373815536
3621,/tmp/DataSetCombined/Edges/Round-10_0113148_edge.png,57.38,56.80414,0.0025701373815536
3622,/tmp/DataSetCombined/Edges/Round-3_0083378_edge.png,64.36,62.56039,0.0025701373815536
3623,/tmp/DataSetCombined/Edges/Round-4_0077781_edge.png,3.12,2.8514128,0.0025701373815536
3624,/tmp/DataSetCombined/Edges/Round-7_0061481_edge.png,46.2,46.14265,0.0025701373815536
3625,/tmp/DataSetCombined/Edges/Round-9_0032000_edge.png,3.34,3.194941,0.0025701373815536
3626,/tmp/DataSetCombined/Edges/Round-1_0169886_edge.png,62.67,62.11157,0.0025701373815536
3627,/tmp/DataSetCombined/Edges/Round-5_0019451_edge.png,2.52,2.1899228,0.0025701373815536
3628,/tmp/DataSetCombined/Edges/Round-8_0034097_edge.png,5.17,4.7885666,0.0025701373815536
3629,/tmp/DataSetCombined/Edges/Round-1_0125038_edge.png,7.67,7.1104,0.0025701373815536
3630,/tmp/DataSetCombined/Edges/Round-2_0095702_edge.png,5.55,5.3630743,0.0025701373815536
3631,/tmp/DataSetCombined/Edges/Round-8_0039425_edge.png,2.88,2.6368399,0.0025701373815536
3632,/tmp/DataSetCombined/Edges/Round-8_0064209_edge.png,6.11,5.7826066,0.0025701373815536
3633,/tmp/DataSetCombined/Edges/Round-7_0121382_edge.png,64.47,62.338314,0.0025701373815536
3634,/tmp/DataSetCombined/Edges/Round-1_0007334_edge.png,63.73,62.22477,0.0025701373815536
3635,/tmp/DataSetCombined/Edges/Round-8_0006496_edge.png,64.85,62.878757,0.0025701373815536
3636,/tmp/DataSetCombined/Edges/Round-4_0040364_edge.png,2.81,2.5350637,0.0025701373815536
3637,/tmp/DataSetCombined/Edges/Round-6_0006334_edge.png,5.45,5.217861,0.0025701373815536
3638,/tmp/DataSetCombined/Edges/Round-1_0130697_edge.png,57.85,56.96054,0.0025701373815536
3639,/tmp/DataSetCombined/Edges/Round-1_0096414_edge.png,42.05,40.739216,0.0025701373815536
3640,/tmp/DataSetCombined/Edges/Round-9_0048615_edge.png,2.6,2.3038101,0.0025701373815536
3641,/tmp/DataSetCombined/Edges/Round-10_0103997_edge.png,64.43,62.462822,0.0025701373815536
3642,/tmp/DataSetCombined/Edges/Round-7_0110259_edge.png,2.7,2.4811149,0.0025701373815536
3643,/tmp/DataSetCombined/Edges/Round-10_0057162_edge.png,48.26,47.94533,0.0025701373815536
3644,/tmp/DataSetCombined/Edges/Round-2_0077901_edge.png,6.42,6.106842,0.0025701373815536
3645,/tmp/DataSetCombined/Edges/Round-1_0119650_edge.png,65.06,62.924004,0.0025701373815536
3646,/tmp/DataSetCombined/Edges/Round-2_0053292_edge.png,11.01,10.342965,0.0025701373815536
3647,/tmp/DataSetCombined/Edges/Round-10_0123411_edge.png,5.34,4.9931517,0.0025701373815536
3648,/tmp/DataSetCombined/Edges/Round-6_0040451_edge.png,9.77,9.092852,0.0026415213942527
3649,/tmp/DataSetCombined/Edges/Round-6_0132351_edge.png,5.18,4.7637625,0.0026415213942527
3650,/tmp/DataSetCombined/Edges/Round-6_0000546_edge.png,48.18,46.082394,0.0026415213942527
3651,/tmp/DataSetCombined/Edges/Round-2_0076739_edge.png,4.57,4.066333,0.0026415213942527
3652,/tmp/DataSetCombined/Edges/Round-10_0040667_edge.png,55.88,54.553043,0.0026415213942527
3653,/tmp/DataSetCombined/Edges/Round-9_0057163_edge.png,26.41,26.79508,0.0026415213942527
3654,/tmp/DataSetCombined/Edges/Round-7_0121257_edge.png,3.35,3.063848,0.0026415213942527
3655,/tmp/DataSetCombined/Edges/Round-3_0006200_edge.png,5.98,5.6622562,0.0026415213942527
3656,/tmp/DataSetCombined/Edges/Round-1_0044100_edge.png,65.33,63.800953,0.0026415213942527
3657,/tmp/DataSetCombined/Edges/Round-4_0004879_edge.png,4.32,3.92093,0.0026415213942527
3658,/tmp/DataSetCombined/Edges/Round-10_0007317_edge.png,61.4,60.775093,0.0026415213942527
3659,/tmp/DataSetCombined/Edges/Round-7_0105624_edge.png,64.22,62.45538,0.0026415213942527
3660,/tmp/DataSetCombined/Edges/Round-3_0089006_edge.png,9.08,8.276314,0.0026415213942527
3661,/tmp/DataSetCombined/Edges/Round-10_0002637_edge.png,11.11,10.547394,0.0026415213942527
3662,/tmp/DataSetCombined/Edges/Round-9_0067005_edge.png,64.01,62.045326,0.0026415213942527
3663,/tmp/DataSetCombined/Edges/Round-2_0090344_edge.png,6.57,6.1974716,0.0026415213942527
3664,/tmp/DataSetCombined/Edges/Round-6_0017610_edge.png,64.39,62.91982,0.0026415213942527
3665,/tmp/DataSetCombined/Edges/Round-10_0039042_edge.png,62.06,60.69171,0.0026415213942527
3666,/tmp/DataSetCombined/Edges/Round-10_0190985_edge.png,6.36,6.0405655,0.0026415213942527
3667,/tmp/DataSetCombined/Edges/Round-9_0140480_edge.png,42.04,41.697235,0.0026415213942527
3668,/tmp/DataSetCombined/Edges/Round-1_0000267_edge.png,6.0,5.6232386,0.0026415213942527
3669,/tmp/DataSetCombined/Edges/Round-8_0066891_edge.png,54.2,53.438107,0.0026415213942527
3670,/tmp/DataSetCombined/Edges/Round-8_0057136_edge.png,26.37,26.815496,0.0026415213942527
3671,/tmp/DataSetCombined/Edges/Round-3_0078753_edge.png,54.5,54.86597,0.0026415213942527
3672,/tmp/DataSetCombined/Edges/Round-9_0113539_edge.png,63.01,61.855793,0.0026415213942527
3673,/tmp/DataSetCombined/Edges/Round-10_0138130_edge.png,18.03,18.33345,0.0026415213942527
3674,/tmp/DataSetCombined/Edges/Round-7_0013217_edge.png,3.91,3.5820684,0.0026415213942527
3675,/tmp/DataSetCombined/Edges/Round-3_0032800_edge.png,5.95,5.6924047,0.0026415213942527
3676,/tmp/DataSetCombined/Edges/Round-6_0092829_edge.png,63.61,61.90354,0.0026415213942527
3677,/tmp/DataSetCombined/Edges/Round-10_0108361_edge.png,3.26,3.1142426,0.0026415213942527
3678,/tmp/DataSetCombined/Edges/Round-8_0062812_edge.png,51.46,50.948826,0.0026415213942527
3679,/tmp/DataSetCombined/Edges/Round-9_0145777_edge.png,64.28,62.796818,0.0026415213942527
3680,/tmp/DataSetCombined/Edges/Round-8_0047281_edge.png,4.15,3.8219743,0.0026415213942527
3681,/tmp/DataSetCombined/Edges/Round-10_0024173_edge.png,7.47,6.882955,0.0026415213942527
3682,/tmp/DataSetCombined/Edges/Round-10_0147671_edge.png,64.96,62.53966,0.0026415213942527
3683,/tmp/DataSetCombined/Edges/Round-6_0127655_edge.png,6.62,6.2205667,0.0026415213942527
3684,/tmp/DataSetCombined/Edges/Round-6_0059539_edge.png,61.39,61.28152,0.0026415213942527
3685,/tmp/DataSetCombined/Edges/Round-4_0019959_edge.png,9.06,8.320727,0.0026415213942527
3686,/tmp/DataSetCombined/Edges/Round-6_0091776_edge.png,3.37,3.1869245,0.0026415213942527
3687,/tmp/DataSetCombined/Edges/Round-8_0059368_edge.png,45.9,44.615376,0.0026415213942527
3688,/tmp/DataSetCombined/Edges/Round-6_0001637_edge.png,6.49,6.154334,0.0026415213942527
3689,/tmp/DataSetCombined/Edges/Round-7_0135663_edge.png,55.87,54.21055,0.0026415213942527
3690,/tmp/DataSetCombined/Edges/Round-2_0040400_edge.png,34.54,34.849266,0.0026415213942527
3691,/tmp/DataSetCombined/Edges/Round-6_0080097_edge.png,7.05,6.6782017,0.0026415213942527
3692,/tmp/DataSetCombined/Edges/Round-9_0065771_edge.png,63.78,61.862286,0.0026415213942527
3693,/tmp/DataSetCombined/Edges/Round-3_0008941_edge.png,64.26,62.36716,0.0026415213942527
3694,/tmp/DataSetCombined/Edges/Round-7_0135452_edge.png,64.89,62.588844,0.0026415213942527
3695,/tmp/DataSetCombined/Edges/Round-1_0106798_edge.png,64.49,62.06892,0.0026415213942527
3696,/tmp/DataSetCombined/Edges/Round-9_0197066_edge.png,64.76,62.46491,0.0026415213942527
3697,/tmp/DataSetCombined/Edges/Round-2_0086582_edge.png,59.48,59.562588,0.0026415213942527
3698,/tmp/DataSetCombined/Edges/Round-6_0008882_edge.png,36.85,36.767826,0.0026415213942527
3699,/tmp/DataSetCombined/Edges/Round-8_0051838_edge.png,63.71,62.739338,0.0026415213942527
3700,/tmp/DataSetCombined/Edges/Round-5_0043260_edge.png,5.05,4.664189,0.0026415213942527
3701,/tmp/DataSetCombined/Edges/Round-9_0071580_edge.png,3.27,3.0825596,0.0026415213942527
3702,/tmp/DataSetCombined/Edges/Round-1_0102525_edge.png,25.81,26.178885,0.0026415213942527
3703,/tmp/DataSetCombined/Edges/Round-2_0089742_edge.png,64.2,62.132504,0.0026415213942527
3704,/tmp/DataSetCombined/Edges/Round-1_0158328_edge.png,62.57,61.73041,0.0026415213942527
3705,/tmp/DataSetCombined/Edges/Round-9_0100506_edge.png,5.17,4.760888,0.0026415213942527
3706,/tmp/DataSetCombined/Edges/Round-10_0016527_edge.png,4.51,4.029863,0.0026415213942527
3707,/tmp/DataSetCombined/Edges/Round-9_0117031_edge.png,64.99,63.38044,0.0026415213942527
3708,/tmp/DataSetCombined/Edges/Round-10_0047470_edge.png,4.86,4.432669,0.0026415213942527
3709,/tmp/DataSetCombined/Edges/Round-1_0070434_edge.png,61.36,60.48212,0.0026415213942527
3710,/tmp/DataSetCombined/Edges/Round-10_0029169_edge.png,3.33,3.2036843,0.0026415213942527
3711,/tmp/DataSetCombined/Edges/Round-5_0010904_edge.png,56.71,56.594456,0.0026415213942527
3712,/tmp/DataSetCombined/Edges/Round-3_0038559_edge.png,64.14,62.52006,0.0024688579142093
3713,/tmp/DataSetCombined/Edges/Round-6_0103394_edge.png,59.97,60.41212,0.0024688579142093
3714,/tmp/DataSetCombined/Edges/Round-1_0134580_edge.png,6.09,5.7438693,0.0024688579142093
3715,/tmp/DataSetCombined/Edges/Round-6_0128106_edge.png,64.1,62.0804,0.0024688579142093
3716,/tmp/DataSetCombined/Edges/Round-9_0119078_edge.png,49.89,48.02812,0.0024688579142093
3717,/tmp/DataSetCombined/Edges/Round-8_0051374_edge.png,27.95,28.428902,0.0024688579142093
3718,/tmp/DataSetCombined/Edges/Round-1_0006334_edge.png,3.73,3.4214573,0.0024688579142093
3719,/tmp/DataSetCombined/Edges/Round-3_0049064_edge.png,49.97,48.917435,0.0024688579142093
3720,/tmp/DataSetCombined/Edges/Round-1_0014901_edge.png,64.05,62.39211,0.0024688579142093
3721,/tmp/DataSetCombined/Edges/Round-4_0003856_edge.png,65.17,63.169743,0.0024688579142093
3722,/tmp/DataSetCombined/Edges/Round-8_0031690_edge.png,4.02,3.6774483,0.0024688579142093
3723,/tmp/DataSetCombined/Edges/Round-8_0030244_edge.png,61.99,61.47535,0.0024688579142093
3724,/tmp/DataSetCombined/Edges/Round-1_0146980_edge.png,63.85,61.250076,0.0024688579142093
3725,/tmp/DataSetCombined/Edges/Round-4_0074349_edge.png,64.12,62.22565,0.0024688579142093
3726,/tmp/DataSetCombined/Edges/Round-3_0024734_edge.png,4.08,3.7203627,0.0024688579142093
3727,/tmp/DataSetCombined/Edges/Round-9_0067336_edge.png,9.85,9.112947,0.0024688579142093
3728,/tmp/DataSetCombined/Edges/Round-8_0043350_edge.png,63.84,61.985035,0.0024688579142093
3729,/tmp/DataSetCombined/Edges/Round-10_0153751_edge.png,26.73,27.46609,0.0024688579142093
3730,/tmp/DataSetCombined/Edges/Round-3_0013336_edge.png,3.39,3.1645718,0.0024688579142093
3731,/tmp/DataSetCombined/Edges/Round-4_0087051_edge.png,64.19,61.99631,0.0024688579142093
3732,/tmp/DataSetCombined/Edges/Round-10_0023119_edge.png,18.02,18.53842,0.0024688579142093
3733,/tmp/DataSetCombined/Edges/Round-7_0129518_edge.png,63.44,62.022938,0.0024688579142093
3734,/tmp/DataSetCombined/Edges/Round-4_0077691_edge.png,9.95,9.217902,0.0024688579142093
3735,/tmp/DataSetCombined/Edges/Round-7_0032782_edge.png,30.33,29.75084,0.0024688579142093
3736,/tmp/DataSetCombined/Edges/Round-7_0082808_edge.png,63.9,62.790874,0.0024688579142093
3737,/tmp/DataSetCombined/Edges/Round-2_0023600_edge.png,64.97,62.766277,0.0024688579142093
3738,/tmp/DataSetCombined/Edges/Round-10_0179668_edge.png,4.69,4.255557,0.0024688579142093
3739,/tmp/DataSetCombined/Edges/Round-9_0062340_edge.png,49.74,48.344692,0.0024688579142093
3740,/tmp/DataSetCombined/Edges/Round-7_0102282_edge.png,63.26,62.380222,0.0024688579142093
3741,/tmp/DataSetCombined/Edges/Round-7_0113931_edge.png,3.26,3.0082216,0.0024688579142093
3742,/tmp/DataSetCombined/Edges/Round-9_0103606_edge.png,7.07,6.501732,0.0024688579142093
3743,/tmp/DataSetCombined/Edges/Round-6_0099210_edge.png,45.54,45.813595,0.0024688579142093
3744,/tmp/DataSetCombined/Edges/Round-9_0092861_edge.png,64.23,62.332806,0.0024688579142093
3745,/tmp/DataSetCombined/Edges/Round-1_0058901_edge.png,5.02,4.6239753,0.0024688579142093
3746,/tmp/DataSetCombined/Edges/Round-9_0094065_edge.png,5.49,5.0701823,0.0024688579142093
3747,/tmp/DataSetCombined/Edges/Round-5_0008103_edge.png,7.23,7.0070477,0.0024688579142093
3748,/tmp/DataSetCombined/Edges/Round-10_0111281_edge.png,65.08,63.18617,0.0024688579142093
3749,/tmp/DataSetCombined/Edges/Round-1_0156048_edge.png,18.6,19.081772,0.0024688579142093
3750,/tmp/DataSetCombined/Edges/Round-9_0117483_edge.png,42.02,41.146076,0.0024688579142093
3751,/tmp/DataSetCombined/Edges/Round-8_0049388_edge.png,55.52,53.937943,0.0024688579142093
3752,/tmp/DataSetCombined/Edges/Round-9_0093463_edge.png,64.79,62.691288,0.0024688579142093
3753,/tmp/DataSetCombined/Edges/Round-5_0010391_edge.png,35.72,36.50621,0.0024688579142093
3754,/tmp/DataSetCombined/Edges/Round-10_0153992_edge.png,5.72,5.433182,0.0024688579142093
3755,/tmp/DataSetCombined/Edges/Round-2_0074167_edge.png,44.76,44.154613,0.0024688579142093
3756,/tmp/DataSetCombined/Edges/Round-2_0055500_edge.png,6.09,5.7215185,0.0024688579142093
3757,/tmp/DataSetCombined/Edges/Round-9_0136024_edge.png,64.37,62.518745,0.0024688579142093
3758,/tmp/DataSetCombined/Edges/Round-9_0091507_edge.png,33.68,34.3409,0.0024688579142093
3759,/tmp/DataSetCombined/Edges/Round-2_0067438_edge.png,21.07,21.635763,0.0024688579142093
3760,/tmp/DataSetCombined/Edges/Round-7_0102342_edge.png,7.58,6.9582067,0.0024688579142093
3761,/tmp/DataSetCombined/Edges/Round-10_0085967_edge.png,27.21,28.002768,0.0024688579142093
3762,/tmp/DataSetCombined/Edges/Round-9_0078052_edge.png,48.99,48.92624,0.0024688579142093
3763,/tmp/DataSetCombined/Edges/Round-10_0102642_edge.png,28.72,28.820005,0.0024688579142093
3764,/tmp/DataSetCombined/Edges/Round-9_0052196_edge.png,5.51,5.169146,0.0024688579142093
3765,/tmp/DataSetCombined/Edges/Round-9_0162933_edge.png,63.73,62.214924,0.0024688579142093
3766,/tmp/DataSetCombined/Edges/Round-9_0042355_edge.png,64.08,62.612236,0.0024688579142093
3767,/tmp/DataSetCombined/Edges/Round-5_0041273_edge.png,64.27,62.11999,0.0024688579142093
3768,/tmp/DataSetCombined/Edges/Round-1_0147522_edge.png,3.62,3.39365,0.0024688579142093
3769,/tmp/DataSetCombined/Edges/Round-6_0047018_edge.png,4.56,4.0985794,0.0024688579142093
3770,/tmp/DataSetCombined/Edges/Round-6_0047228_edge.png,60.86,60.34141,0.0024688579142093
3771,/tmp/DataSetCombined/Edges/Round-8_0044403_edge.png,59.03,58.714813,0.0024688579142093
3772,/tmp/DataSetCombined/Edges/Round-5_0085006_edge.png,2.66,2.3158607,0.0024688579142093
3773,/tmp/DataSetCombined/Edges/Round-8_0054637_edge.png,65.34,63.309853,0.0024688579142093
3774,/tmp/DataSetCombined/Edges/Round-10_0009815_edge.png,8.47,7.844673,0.0024688579142093
3775,/tmp/DataSetCombined/Edges/Round-4_0057993_edge.png,64.32,62.490093,0.0024688579142093
3776,/tmp/DataSetCombined/Edges/Round-7_0064868_edge.png,3.61,3.301766,0.0024835839867591
3777,/tmp/DataSetCombined/Edges/Round-8_0027487_edge.png,4.31,3.8598142,0.0024835839867591
3778,/tmp/DataSetCombined/Edges/Round-9_0144693_edge.png,47.09,45.904686,0.0024835839867591
3779,/tmp/DataSetCombined/Edges/Round-8_0021919_edge.png,41.19,40.670307,0.0024835839867591
3780,/tmp/DataSetCombined/Edges/Round-1_0088527_edge.png,65.34,63.762768,0.0024835839867591
3781,/tmp/DataSetCombined/Edges/Round-4_0081363_edge.png,64.06,60.6183,0.0024835839867591
3782,/tmp/DataSetCombined/Edges/Round-8_0063125_edge.png,59.61,58.272106,0.0024835839867591
3783,/tmp/DataSetCombined/Edges/Round-10_0191978_edge.png,50.96,50.225216,0.0024835839867591
3784,/tmp/DataSetCombined/Edges/Round-2_0099495_edge.png,5.35,4.9577765,0.0024835839867591
3785,/tmp/DataSetCombined/Edges/Round-6_0117550_edge.png,61.14,60.271225,0.0024835839867591
3786,/tmp/DataSetCombined/Edges/Round-7_0057765_edge.png,6.29,5.9890404,0.0024835839867591
3787,/tmp/DataSetCombined/Edges/Round-5_0081938_edge.png,56.72,55.14204,0.0024835839867591
3788,/tmp/DataSetCombined/Edges/Round-1_0095210_edge.png,63.84,62.726074,0.0024835839867591
3789,/tmp/DataSetCombined/Edges/Round-3_0066401_edge.png,59.87,59.665707,0.0024835839867591
3790,/tmp/DataSetCombined/Edges/Round-6_0045061_edge.png,21.84,22.030672,0.0024835839867591
3791,/tmp/DataSetCombined/Edges/Round-9_0194779_edge.png,35.39,35.441357,0.0024835839867591
3792,/tmp/DataSetCombined/Edges/Round-10_0134969_edge.png,5.38,5.1111093,0.0024835839867591
3793,/tmp/DataSetCombined/Edges/Round-9_0193905_edge.png,7.87,7.2071924,0.0024835839867591
3794,/tmp/DataSetCombined/Edges/Round-10_0050329_edge.png,65.06,63.344326,0.0024835839867591
3795,/tmp/DataSetCombined/Edges/Round-10_0073476_edge.png,8.3,7.781995,0.0024835839867591
3796,/tmp/DataSetCombined/Edges/Round-8_0003468_edge.png,64.24,62.21077,0.0024835839867591
3797,/tmp/DataSetCombined/Edges/Round-6_0058275_edge.png,62.97,61.98268,0.0024835839867591
3798,/tmp/DataSetCombined/Edges/Round-8_0001607_edge.png,6.69,6.3597546,0.0024835839867591
3799,/tmp/DataSetCombined/Edges/Round-10_0071579_edge.png,57.99,57.52158,0.0024835839867591
3800,/tmp/DataSetCombined/Edges/Round-8_0046168_edge.png,65.24,63.851807,0.0024835839867591
3801,/tmp/DataSetCombined/Edges/Round-7_0029683_edge.png,6.91,6.452189,0.0024835839867591
3802,/tmp/DataSetCombined/Edges/Round-1_0073809_edge.png,64.09,62.225986,0.0024835839867591
3803,/tmp/DataSetCombined/Edges/Round-8_0057816_edge.png,6.05,5.6557035,0.0024835839867591
3804,/tmp/DataSetCombined/Edges/Round-2_0055067_edge.png,62.1,61.248905,0.0024835839867591
3805,/tmp/DataSetCombined/Edges/Round-7_0124586_edge.png,6.23,5.8909307,0.0024835839867591
3806,/tmp/DataSetCombined/Edges/Round-8_0087686_edge.png,8.62,7.9790096,0.0024835839867591
3807,/tmp/DataSetCombined/Edges/Round-9_0101230_edge.png,36.54,36.995373,0.0024835839867591
3808,/tmp/DataSetCombined/Edges/Round-6_0034723_edge.png,65.36,63.2067,0.0024835839867591
3809,/tmp/DataSetCombined/Edges/Round-1_0118319_edge.png,18.61,19.321339,0.0024835839867591
3810,/tmp/DataSetCombined/Edges/Round-8_0039184_edge.png,63.97,62.338306,0.0024835839867591
3811,/tmp/DataSetCombined/Edges/Round-9_0182829_edge.png,63.83,62.578754,0.0024835839867591
3812,/tmp/DataSetCombined/Edges/Round-7_0086179_edge.png,60.7,61.133533,0.0024835839867591
3813,/tmp/DataSetCombined/Edges/Round-9_0185989_edge.png,61.99,61.358974,0.0024835839867591
3814,/tmp/DataSetCombined/Edges/Round-7_0115676_edge.png,55.91,54.887714,0.0024835839867591
3815,/tmp/DataSetCombined/Edges/Round-8_0073540_edge.png,53.93,51.86015,0.0024835839867591
3816,/tmp/DataSetCombined/Edges/Round-1_0054467_edge.png,3.32,3.0732675,0.0024835839867591
3817,/tmp/DataSetCombined/Edges/Round-2_0018400_edge.png,64.41,62.55365,0.0024835839867591
3818,/tmp/DataSetCombined/Edges/Round-4_0083620_edge.png,64.19,62.301342,0.0024835839867591
3819,/tmp/DataSetCombined/Edges/Round-3_0065107_edge.png,2.99,2.7473736,0.0024835839867591
3820,/tmp/DataSetCombined/Edges/Round-4_0019041_edge.png,3.7,3.4305382,0.0024835839867591
3821,/tmp/DataSetCombined/Edges/Round-10_0181142_edge.png,12.99,12.140841,0.0024835839867591
3822,/tmp/DataSetCombined/Edges/Round-5_0053132_edge.png,60.87,60.14688,0.0024835839867591
3823,/tmp/DataSetCombined/Edges/Round-5_0003879_edge.png,14.66,14.514122,0.0024835839867591
3824,/tmp/DataSetCombined/Edges/Round-3_0037234_edge.png,9.12,8.436255,0.0024835839867591
3825,/tmp/DataSetCombined/Edges/Round-2_0102686_edge.png,5.41,5.0628457,0.0024835839867591
3826,/tmp/DataSetCombined/Edges/Round-9_0089581_edge.png,3.56,3.3721495,0.0024835839867591
3827,/tmp/DataSetCombined/Edges/Round-1_0106888_edge.png,3.27,3.0176597,0.0024835839867591
3828,/tmp/DataSetCombined/Edges/Round-1_0066967_edge.png,17.64,17.996035,0.0024835839867591
3829,/tmp/DataSetCombined/Edges/Round-4_0069142_edge.png,3.74,3.4577708,0.0024835839867591
3830,/tmp/DataSetCombined/Edges/Round-5_0103188_edge.png,21.9,22.081833,0.0024835839867591
3831,/tmp/DataSetCombined/Edges/Round-8_0066334_edge.png,3.69,3.4215364,0.0024835839867591
3832,/tmp/DataSetCombined/Edges/Round-7_0038953_edge.png,63.88,62.82568,0.0024835839867591
3833,/tmp/DataSetCombined/Edges/Round-3_0030643_edge.png,5.86,5.4966516,0.0024835839867591
3834,/tmp/DataSetCombined/Edges/Round-1_0153693_edge.png,5.52,5.180747,0.0024835839867591
3835,/tmp/DataSetCombined/Edges/Round-5_0023605_edge.png,8.3,7.7770424,0.0024835839867591
3836,/tmp/DataSetCombined/Edges/Round-7_0033813_edge.png,15.66,15.750144,0.0024835839867591
3837,/tmp/DataSetCombined/Edges/Round-10_0058637_edge.png,51.26,50.415752,0.0024835839867591
3838,/tmp/DataSetCombined/Edges/Round-10_0083469_edge.png,5.43,5.240382,0.0024835839867591
3839,/tmp/DataSetCombined/Edges/Round-3_0037300_edge.png,50.99,51.004253,0.0024835839867591
3840,/tmp/DataSetCombined/Edges/Round-9_0107482_edge.png,61.84,60.96099,0.0025741159915924
3841,/tmp/DataSetCombined/Edges/Round-8_0078223_edge.png,22.25,22.077322,0.0025741159915924
3842,/tmp/DataSetCombined/Edges/Round-2_0077601_edge.png,9.38,8.760083,0.0025741159915924
3843,/tmp/DataSetCombined/Edges/Round-1_0119470_edge.png,3.7,3.3545609,0.0025741159915924
3844,/tmp/DataSetCombined/Edges/Round-8_0049538_edge.png,5.97,5.553357,0.0025741159915924
3845,/tmp/DataSetCombined/Edges/Round-4_0069443_edge.png,64.16,61.24122,0.0025741159915924
3846,/tmp/DataSetCombined/Edges/Round-8_0044693_edge.png,7.39,6.8079643,0.0025741159915924
3847,/tmp/DataSetCombined/Edges/Round-1_0019400_edge.png,64.08,62.800312,0.0025741159915924
3848,/tmp/DataSetCombined/Edges/Round-10_0058155_edge.png,2.57,2.1976373,0.0025741159915924
3849,/tmp/DataSetCombined/Edges/Round-5_0022070_edge.png,64.07,62.04768,0.0025741159915924
3850,/tmp/DataSetCombined/Edges/Round-1_0010000_edge.png,35.96,36.34801,0.0025741159915924
3851,/tmp/DataSetCombined/Edges/Round-6_0054061_edge.png,8.71,8.068237,0.0025741159915924
3852,/tmp/DataSetCombined/Edges/Round-10_0113599_edge.png,51.02,50.5007,0.0025741159915924
3853,/tmp/DataSetCombined/Edges/Round-4_0015926_edge.png,59.16,58.45151,0.0025741159915924
3854,/tmp/DataSetCombined/Edges/Round-1_0130757_edge.png,8.13,7.4742637,0.0025741159915924
3855,/tmp/DataSetCombined/Edges/Round-9_0188006_edge.png,51.88,51.2781,0.0025741159915924
3856,/tmp/DataSetCombined/Edges/Round-3_0003667_edge.png,10.12,9.526375,0.0025741159915924
3857,/tmp/DataSetCombined/Edges/Round-1_0079828_edge.png,65.14,63.18645,0.0025741159915924
3858,/tmp/DataSetCombined/Edges/Round-5_0016863_edge.png,65.39,63.88705,0.0025741159915924
3859,/tmp/DataSetCombined/Edges/Round-1_0010167_edge.png,48.63,47.314167,0.0025741159915924
3860,/tmp/DataSetCombined/Edges/Round-7_0030946_edge.png,5.17,4.8312855,0.0025741159915924
3861,/tmp/DataSetCombined/Edges/Round-9_0170679_edge.png,65.31,63.67612,0.0025741159915924
3862,/tmp/DataSetCombined/Edges/Round-8_0052109_edge.png,4.13,3.8108125,0.0025741159915924
3863,/tmp/DataSetCombined/Edges/Round-10_0147826_edge.png,8.09,7.5249047,0.0025741159915924
3864,/tmp/DataSetCombined/Edges/Round-5_0064059_edge.png,3.81,3.4847107,0.0025741159915924
3865,/tmp/DataSetCombined/Edges/Round-5_0116553_edge.png,64.05,61.82167,0.0025741159915924
3866,/tmp/DataSetCombined/Edges/Round-5_0114596_edge.png,5.28,4.8589845,0.0025741159915924
3867,/tmp/DataSetCombined/Edges/Round-9_0089279_edge.png,3.6,3.3714113,0.0025741159915924
3868,/tmp/DataSetCombined/Edges/Round-7_0021013_edge.png,58.96,57.63906,0.0025741159915924
3869,/tmp/DataSetCombined/Edges/Round-1_0058467_edge.png,47.64,46.73444,0.0025741159915924
3870,/tmp/DataSetCombined/Edges/Round-3_0081632_edge.png,65.22,62.64367,0.0025741159915924
3871,/tmp/DataSetCombined/Edges/Round-6_0041449_edge.png,65.22,63.213474,0.0025741159915924
3872,/tmp/DataSetCombined/Edges/Round-3_0007167_edge.png,8.55,7.937361,0.0025741159915924
3873,/tmp/DataSetCombined/Edges/Round-3_0052401_edge.png,65.22,63.475433,0.0025741159915924
3874,/tmp/DataSetCombined/Edges/Round-2_0093204_edge.png,3.44,3.234974,0.0025741159915924
3875,/tmp/DataSetCombined/Edges/Round-10_0070857_edge.png,63.28,62.75826,0.0025741159915924
3876,/tmp/DataSetCombined/Edges/Round-9_0122991_edge.png,17.84,17.96948,0.0025741159915924
3877,/tmp/DataSetCombined/Edges/Round-6_0054603_edge.png,61.81,61.02785,0.0025741159915924
3878,/tmp/DataSetCombined/Edges/Round-6_0123742_edge.png,48.18,47.823082,0.0025741159915924
3879,/tmp/DataSetCombined/Edges/Round-9_0191106_edge.png,8.06,7.4171934,0.0025741159915924
3880,/tmp/DataSetCombined/Edges/Round-9_0133225_edge.png,6.67,6.2219296,0.0025741159915924
3881,/tmp/DataSetCombined/Edges/Round-8_0058731_edge.png,6.56,6.233878,0.0025741159915924
3882,/tmp/DataSetCombined/Edges/Round-4_0079888_edge.png,3.77,3.5568285,0.0025741159915924
3883,/tmp/DataSetCombined/Edges/Round-10_0008370_edge.png,8.82,8.11684,0.0025741159915924
3884,/tmp/DataSetCombined/Edges/Round-8_0014864_edge.png,3.58,3.3893733,0.0025741159915924
3885,/tmp/DataSetCombined/Edges/Round-2_0093054_edge.png,64.48,62.241127,0.0025741159915924
3886,/tmp/DataSetCombined/Edges/Round-5_0115108_edge.png,3.49,3.2449408,0.0025741159915924
3887,/tmp/DataSetCombined/Edges/Round-1_0108393_edge.png,17.04,17.296045,0.0025741159915924
3888,/tmp/DataSetCombined/Edges/Round-7_0070045_edge.png,7.15,6.6380587,0.0025741159915924
3889,/tmp/DataSetCombined/Edges/Round-5_0112098_edge.png,15.26,15.312012,0.0025741159915924
3890,/tmp/DataSetCombined/Edges/Round-9_0105232_edge.png,65.27,62.86398,0.0025741159915924
3891,/tmp/DataSetCombined/Edges/Round-6_0016166_edge.png,57.7,57.265125,0.0025741159915924
3892,/tmp/DataSetCombined/Edges/Round-6_0062940_edge.png,3.33,3.1922822,0.0025741159915924
3893,/tmp/DataSetCombined/Edges/Round-2_0072285_edge.png,24.23,24.436306,0.0025741159915924
3894,/tmp/DataSetCombined/Edges/Round-9_0092418_edge.png,5.89,5.5552464,0.0025741159915924
3895,/tmp/DataSetCombined/Edges/Round-10_0142705_edge.png,33.87,34.380047,0.0025741159915924
3896,/tmp/DataSetCombined/Edges/Round-8_0063806_edge.png,64.96,62.682217,0.0025741159915924
3897,/tmp/DataSetCombined/Edges/Round-4_0058366_edge.png,65.04,63.051693,0.0025741159915924
3898,/tmp/DataSetCombined/Edges/Round-4_0007468_edge.png,64.76,63.11929,0.0025741159915924
3899,/tmp/DataSetCombined/Edges/Round-5_0045849_edge.png,52.56,51.667614,0.0025741159915924
3900,/tmp/DataSetCombined/Edges/Round-4_0023240_edge.png,6.12,5.8347855,0.0025741159915924
3901,/tmp/DataSetCombined/Edges/Round-10_0142283_edge.png,32.59,32.540512,0.0025741159915924
3902,/tmp/DataSetCombined/Edges/Round-10_0060051_edge.png,64.39,62.311337,0.0025741159915924
3903,/tmp/DataSetCombined/Edges/Round-10_0045875_edge.png,2.89,2.7619915,0.0025741159915924
3904,/tmp/DataSetCombined/Edges/Round-7_0103877_edge.png,3.09,2.8889709,0.0029624924063682
3905,/tmp/DataSetCombined/Edges/Round-1_0012934_edge.png,7.46,6.991375,0.0029624924063682
3906,/tmp/DataSetCombined/Edges/Round-6_0129280_edge.png,58.84,59.19394,0.0029624924063682
3907,/tmp/DataSetCombined/Edges/Round-9_0044461_edge.png,64.07,62.30739,0.0029624924063682
3908,/tmp/DataSetCombined/Edges/Round-7_0049465_edge.png,65.27,63.606144,0.0029624924063682
3909,/tmp/DataSetCombined/Edges/Round-1_0069167_edge.png,8.15,7.461483,0.0029624924063682
3910,/tmp/DataSetCombined/Edges/Round-8_0062614_edge.png,65.21,63.293102,0.0029624924063682
3911,/tmp/DataSetCombined/Edges/Round-10_0162888_edge.png,3.42,3.2688107,0.0029624924063682
3912,/tmp/DataSetCombined/Edges/Round-4_0076185_edge.png,37.07,35.752125,0.0029624924063682
3913,/tmp/DataSetCombined/Edges/Round-5_0101533_edge.png,4.06,3.698882,0.0029624924063682
3914,/tmp/DataSetCombined/Edges/Round-9_0138914_edge.png,32.16,31.798597,0.0029624924063682
3915,/tmp/DataSetCombined/Edges/Round-1_0151736_edge.png,62.99,61.61412,0.0029624924063682
3916,/tmp/DataSetCombined/Edges/Round-10_0037808_edge.png,26.68,27.207863,0.0029624924063682
3917,/tmp/DataSetCombined/Edges/Round-6_0005243_edge.png,25.18,24.857067,0.0029624924063682
3918,/tmp/DataSetCombined/Edges/Round-7_0119529_edge.png,41.62,41.05328,0.0029624924063682
3919,/tmp/DataSetCombined/Edges/Round-2_0066836_edge.png,65.26,64.00776,0.0029624924063682
3920,/tmp/DataSetCombined/Edges/Round-9_0197668_edge.png,6.17,5.8308,0.0029624924063682
3921,/tmp/DataSetCombined/Edges/Round-7_0075104_edge.png,65.15,62.803608,0.0029624924063682
3922,/tmp/DataSetCombined/Edges/Round-3_0047710_edge.png,12.5,11.388572,0.0029624924063682
3923,/tmp/DataSetCombined/Edges/Round-9_0033294_edge.png,21.75,22.121857,0.0029624924063682
3924,/tmp/DataSetCombined/Edges/Round-9_0089618_edge.png,64.27,62.334606,0.0029624924063682
3925,/tmp/DataSetCombined/Edges/Round-10_0106856_edge.png,5.5,5.0835266,0.0029624924063682
3926,/tmp/DataSetCombined/Edges/Round-10_0065981_edge.png,6.24,5.967833,0.0029624924063682
3927,/tmp/DataSetCombined/Edges/Round-10_0081964_edge.png,50.06,49.447063,0.0029624924063682
3928,/tmp/DataSetCombined/Edges/Round-2_0093836_edge.png,3.68,3.421794,0.0029624924063682
3929,/tmp/DataSetCombined/Edges/Round-2_0069400_edge.png,61.51,60.628994,0.0029624924063682
3930,/tmp/DataSetCombined/Edges/Round-1_0065501_edge.png,63.07,62.374916,0.0029624924063682
3931,/tmp/DataSetCombined/Edges/Round-5_0002879_edge.png,64.18,62.651295,0.0029624924063682
3932,/tmp/DataSetCombined/Edges/Round-8_0047263_edge.png,65.28,63.6331,0.0029624924063682
3933,/tmp/DataSetCombined/Edges/Round-6_0030222_edge.png,43.08,43.127773,0.0029624924063682
3934,/tmp/DataSetCombined/Edges/Round-6_0044399_edge.png,11.92,11.219632,0.0029624924063682
3935,/tmp/DataSetCombined/Edges/Round-9_0008311_edge.png,5.53,5.3706856,0.0029624924063682
3936,/tmp/DataSetCombined/Edges/Round-8_0010481_edge.png,39.99,39.39832,0.0029624924063682
3937,/tmp/DataSetCombined/Edges/Round-5_0014364_edge.png,47.44,47.76376,0.0029624924063682
3938,/tmp/DataSetCombined/Edges/Round-6_0057402_edge.png,3.0,2.6488423,0.0029624924063682
3939,/tmp/DataSetCombined/Edges/Round-4_0007569_edge.png,57.41,56.10773,0.0029624924063682
3940,/tmp/DataSetCombined/Edges/Round-8_0024526_edge.png,2.8,2.5289488,0.0029624924063682
3941,/tmp/DataSetCombined/Edges/Round-10_0154022_edge.png,58.34,57.649467,0.0029624924063682
3942,/tmp/DataSetCombined/Edges/Round-1_0078625_edge.png,3.25,2.972196,0.0029624924063682
3943,/tmp/DataSetCombined/Edges/Round-10_0069502_edge.png,43.53,42.79517,0.0029624924063682
3944,/tmp/DataSetCombined/Edges/Round-6_0102582_edge.png,3.24,2.9957204,0.0029624924063682
3945,/tmp/DataSetCombined/Edges/Round-9_0190083_edge.png,3.56,3.4199772,0.0029624924063682
3946,/tmp/DataSetCombined/Edges/Round-5_0018368_edge.png,61.2,61.26881,0.0029624924063682
3947,/tmp/DataSetCombined/Edges/Round-1_0047634_edge.png,5.61,5.411645,0.0029624924063682
3948,/tmp/DataSetCombined/Edges/Round-6_0028838_edge.png,63.21,61.680546,0.0029624924063682
3949,/tmp/DataSetCombined/Edges/Round-5_0104753_edge.png,64.81,62.88572,0.0029624924063682
3950,/tmp/DataSetCombined/Edges/Round-9_0015896_edge.png,3.55,3.307518,0.0029624924063682
3951,/tmp/DataSetCombined/Edges/Round-5_0008946_edge.png,65.09,63.16869,0.0029624924063682
3952,/tmp/DataSetCombined/Edges/Round-4_0052718_edge.png,8.28,7.703828,0.0029624924063682
3953,/tmp/DataSetCombined/Edges/Round-2_0109337_edge.png,8.92,8.353532,0.0029624924063682
3954,/tmp/DataSetCombined/Edges/Round-10_0023811_edge.png,45.78,45.155037,0.0029624924063682
3955,/tmp/DataSetCombined/Edges/Round-9_0162361_edge.png,64.15,62.139194,0.0029624924063682
3956,/tmp/DataSetCombined/Edges/Round-9_0033926_edge.png,65.48,63.26801,0.0029624924063682
3957,/tmp/DataSetCombined/Edges/Round-4_0049667_edge.png,4.22,3.8689322,0.0029624924063682
3958,/tmp/DataSetCombined/Edges/Round-10_0100927_edge.png,63.69,62.889645,0.0029624924063682
3959,/tmp/DataSetCombined/Edges/Round-1_0139096_edge.png,7.48,7.0956964,0.0029624924063682
3960,/tmp/DataSetCombined/Edges/Round-7_0054996_edge.png,15.55,15.695061,0.0029624924063682
3961,/tmp/DataSetCombined/Edges/Round-9_0193002_edge.png,6.52,6.12191,0.0029624924063682
3962,/tmp/DataSetCombined/Edges/Round-10_0174852_edge.png,7.42,6.983497,0.0029624924063682
3963,/tmp/DataSetCombined/Edges/Round-5_0028661_edge.png,51.07,49.649994,0.0029624924063682
3964,/tmp/DataSetCombined/Edges/Round-7_0041211_edge.png,65.02,62.678196,0.0029624924063682
3965,/tmp/DataSetCombined/Edges/Round-8_0024267_edge.png,65.44,63.5354,0.0029624924063682
3966,/tmp/DataSetCombined/Edges/Round-7_0068209_edge.png,2.69,2.533452,0.0029624924063682
3967,/tmp/DataSetCombined/Edges/Round-3_0034074_edge.png,7.5,6.8075047,0.0029624924063682
3968,/tmp/DataSetCombined/Edges/Round-9_0075584_edge.png,38.83,39.34257,0.0024135075509548
3969,/tmp/DataSetCombined/Edges/Round-5_0067881_edge.png,42.68,42.119343,0.0024135075509548
3970,/tmp/DataSetCombined/Edges/Round-9_0067306_edge.png,65.31,63.45357,0.0024135075509548
3971,/tmp/DataSetCombined/Edges/Round-9_0137047_edge.png,7.1,6.640356,0.0024135075509548
3972,/tmp/DataSetCombined/Edges/Round-6_0072151_edge.png,4.22,3.8615751,0.0024135075509548
3973,/tmp/DataSetCombined/Edges/Round-5_0084466_edge.png,5.12,4.631813,0.0024135075509548
3974,/tmp/DataSetCombined/Edges/Round-9_0120493_edge.png,36.53,36.399845,0.0024135075509548
3975,/tmp/DataSetCombined/Edges/Round-9_0093914_edge.png,3.66,3.4023657,0.0024135075509548
3976,/tmp/DataSetCombined/Edges/Round-4_0081152_edge.png,47.82,46.95754,0.0024135075509548
3977,/tmp/DataSetCombined/Edges/Round-7_0020321_edge.png,5.21,4.8844867,0.0024135075509548
3978,/tmp/DataSetCombined/Edges/Round-6_0097284_edge.png,10.57,9.947811,0.0024135075509548
3979,/tmp/DataSetCombined/Edges/Round-10_0118565_edge.png,2.72,2.522838,0.0024135075509548
3980,/tmp/DataSetCombined/Edges/Round-6_0122658_edge.png,6.41,6.0746107,0.0024135075509548
3981,/tmp/DataSetCombined/Edges/Round-9_0128439_edge.png,5.41,5.1617002,0.0024135075509548
3982,/tmp/DataSetCombined/Edges/Round-3_0084552_edge.png,29.45,29.204897,0.0024135075509548
3983,/tmp/DataSetCombined/Edges/Round-10_0035339_edge.png,57.25,56.40347,0.0024135075509548
3984,/tmp/DataSetCombined/Edges/Round-9_0059149_edge.png,6.3,5.9702044,0.0024135075509548
3985,/tmp/DataSetCombined/Edges/Round-9_0194177_edge.png,64.68,62.63638,0.0024135075509548
3986,/tmp/DataSetCombined/Edges/Round-8_0036987_edge.png,60.97,60.035965,0.0024135075509548
3987,/tmp/DataSetCombined/Edges/Round-6_0015473_edge.png,5.19,4.7570105,0.0024135075509548
3988,/tmp/DataSetCombined/Edges/Round-5_0040009_edge.png,62.34,61.069645,0.0024135075509548
3989,/tmp/DataSetCombined/Edges/Round-1_0153783_edge.png,64.6,62.4873,0.0024135075509548
3990,/tmp/DataSetCombined/Edges/Round-9_0058126_edge.png,59.37,59.159744,0.0024135075509548
3991,/tmp/DataSetCombined/Edges/Round-5_0020233_edge.png,63.38,61.002502,0.0024135075509548
3992,/tmp/DataSetCombined/Edges/Round-10_0116608_edge.png,19.99,20.239735,0.0024135075509548
3993,/tmp/DataSetCombined/Edges/Round-6_0109326_edge.png,65.31,62.98585,0.0024135075509548
3994,/tmp/DataSetCombined/Edges/Round-9_0123443_edge.png,5.98,5.566033,0.0024135075509548
3995,/tmp/DataSetCombined/Edges/Round-10_0089278_edge.png,64.34,62.607185,0.0024135075509548
3996,/tmp/DataSetCombined/Edges/Round-8_0057436_edge.png,65.34,63.403957,0.0024135075509548
3997,/tmp/DataSetCombined/Edges/Round-3_0014376_edge.png,7.63,7.000315,0.0024135075509548
3998,/tmp/DataSetCombined/Edges/Round-8_0019611_edge.png,65.32,63.51984,0.0024135075509548
3999,/tmp/DataSetCombined/Edges/Round-7_0016890_edge.png,50.0,47.922916,0.0024135075509548
4000,/tmp/DataSetCombined/Edges/Round-9_0024023_edge.png,13.69,13.298899,0.0024135075509548
4001,/tmp/DataSetCombined/Edges/Round-10_0124374_edge.png,45.42,44.0973,0.0024135075509548
4002,/tmp/DataSetCombined/Edges/Round-5_0072998_edge.png,64.57,62.402805,0.0024135075509548
4003,/tmp/DataSetCombined/Edges/Round-6_0067485_edge.png,3.24,3.0320888,0.0024135075509548
4004,/tmp/DataSetCombined/Edges/Round-9_0074471_edge.png,2.88,2.579198,0.0024135075509548
4005,/tmp/DataSetCombined/Edges/Round-6_0096441_edge.png,63.85,62.16801,0.0024135075509548
4006,/tmp/DataSetCombined/Edges/Round-7_0006390_edge.png,19.83,19.906483,0.0024135075509548
4007,/tmp/DataSetCombined/Edges/Round-1_0164739_edge.png,9.9,9.163556,0.0024135075509548
4008,/tmp/DataSetCombined/Edges/Round-7_0122931_edge.png,32.66,32.422474,0.0024135075509548
4009,/tmp/DataSetCombined/Edges/Round-7_0000546_edge.png,64.26,62.417824,0.0024135075509548
4010,/tmp/DataSetCombined/Edges/Round-9_0138643_edge.png,8.56,7.8650227,0.0024135075509548
4011,/tmp/DataSetCombined/Edges/Round-3_0025967_edge.png,65.43,63.258472,0.0024135075509548
4012,/tmp/DataSetCombined/Edges/Round-1_0107881_edge.png,4.86,4.3379354,0.0024135075509548
4013,/tmp/DataSetCombined/Edges/Round-10_0037326_edge.png,44.94,43.812996,0.0024135075509548
4014,/tmp/DataSetCombined/Edges/Round-3_0054693_edge.png,64.27,62.356853,0.0024135075509548
4015,/tmp/DataSetCombined/Edges/Round-6_0080188_edge.png,8.3,7.7869163,0.0024135075509548
4016,/tmp/DataSetCombined/Edges/Round-1_0048067_edge.png,52.94,52.18893,0.0024135075509548
4017,/tmp/DataSetCombined/Edges/Round-1_0100030_edge.png,64.95,62.687267,0.0024135075509548
4018,/tmp/DataSetCombined/Edges/Round-9_0135211_edge.png,23.92,24.168524,0.0024135075509548
4019,/tmp/DataSetCombined/Edges/Round-5_0026585_edge.png,6.11,5.719408,0.0024135075509548
4020,/tmp/DataSetCombined/Edges/Round-9_0115827_edge.png,62.08,60.986908,0.0024135075509548
4021,/tmp/DataSetCombined/Edges/Round-7_0001148_edge.png,5.91,5.5437007,0.0024135075509548
4022,/tmp/DataSetCombined/Edges/Round-7_0077841_edge.png,46.07,45.1356,0.0024135075509548
4023,/tmp/DataSetCombined/Edges/Round-2_0076198_edge.png,7.56,6.99521,0.0024135075509548
4024,/tmp/DataSetCombined/Edges/Round-8_0082246_edge.png,58.96,56.473606,0.0024135075509548
4025,/tmp/DataSetCombined/Edges/Round-8_0058117_edge.png,5.36,4.90823,0.0024135075509548
4026,/tmp/DataSetCombined/Edges/Round-10_0199774_edge.png,6.31,5.8522334,0.0024135075509548
4027,/tmp/DataSetCombined/Edges/Round-9_0045966_edge.png,6.85,6.4996758,0.0024135075509548
4028,/tmp/DataSetCombined/Edges/Round-4_0012073_edge.png,63.75,61.80801,0.0024135075509548
4029,/tmp/DataSetCombined/Edges/Round-9_0046959_edge.png,64.72,62.5275,0.0024135075509548
4030,/tmp/DataSetCombined/Edges/Round-7_0035521_edge.png,64.26,62.56653,0.0024135075509548
4031,/tmp/DataSetCombined/Edges/Round-9_0002152_edge.png,64.33,62.529877,0.0024135075509548
4032,/tmp/DataSetCombined/Edges/Round-4_0085426_edge.png,64.03,62.106895,0.0024313256144523
4033,/tmp/DataSetCombined/Edges/Round-9_0053732_edge.png,7.5,7.0544257,0.0024313256144523
4034,/tmp/DataSetCombined/Edges/Round-10_0100084_edge.png,61.52,61.75282,0.0024313256144523
4035,/tmp/DataSetCombined/Edges/Round-3_0024200_edge.png,65.45,63.249958,0.0024313256144523
4036,/tmp/DataSetCombined/Edges/Round-6_0053369_edge.png,28.92,30.024874,0.0024313256144523
4037,/tmp/DataSetCombined/Edges/Round-1_0006267_edge.png,6.69,6.278586,0.0024313256144523
4038,/tmp/DataSetCombined/Edges/Round-10_0015504_edge.png,7.36,6.807928,0.0024313256144523
4039,/tmp/DataSetCombined/Edges/Round-5_0004364_edge.png,37.97,37.606136,0.0024313256144523
4040,/tmp/DataSetCombined/Edges/Round-6_0125397_edge.png,59.24,59.366848,0.0024313256144523
4041,/tmp/DataSetCombined/Edges/Round-1_0023634_edge.png,7.74,7.1552725,0.0024313256144523
4042,/tmp/DataSetCombined/Edges/Round-5_0053614_edge.png,65.41,63.7615,0.0024313256144523
4043,/tmp/DataSetCombined/Edges/Round-5_0056534_edge.png,7.01,6.500899,0.0024313256144523
4044,/tmp/DataSetCombined/Edges/Round-4_0000516_edge.png,63.95,62.49679,0.0024313256144523
4045,/tmp/DataSetCombined/Edges/Round-7_0106346_edge.png,64.9,63.365185,0.0024313256144523
4046,/tmp/DataSetCombined/Edges/Round-3_0026867_edge.png,64.77,62.75568,0.0024313256144523
4047,/tmp/DataSetCombined/Edges/Round-1_0132081_edge.png,65.4,62.939526,0.0024313256144523
4048,/tmp/DataSetCombined/Edges/Round-10_0113783_edge.png,6.6,6.1846943,0.0024313256144523
4049,/tmp/DataSetCombined/Edges/Round-7_0008943_edge.png,3.8,3.472197,0.0024313256144523
4050,/tmp/DataSetCombined/Edges/Round-6_0043857_edge.png,56.29,55.87389,0.0024313256144523
4051,/tmp/DataSetCombined/Edges/Round-10_0137949_edge.png,3.69,3.4056864,0.0024313256144523
4052,/tmp/DataSetCombined/Edges/Round-9_0042384_edge.png,8.71,8.093637,0.0024313256144523
4053,/tmp/DataSetCombined/Edges/Round-6_0071338_edge.png,6.07,5.8023252,0.0024313256144523
4054,/tmp/DataSetCombined/Edges/Round-8_0015044_edge.png,12.92,12.293987,0.0024313256144523
4055,/tmp/DataSetCombined/Edges/Round-4_0082566_edge.png,64.66,63.34658,0.0024313256144523
4056,/tmp/DataSetCombined/Edges/Round-9_0158207_edge.png,53.59,52.88411,0.0024313256144523
4057,/tmp/DataSetCombined/Edges/Round-8_0046739_edge.png,6.67,6.2700005,0.0024313256144523
4058,/tmp/DataSetCombined/Edges/Round-4_0011471_edge.png,8.34,7.776206,0.0024313256144523
4059,/tmp/DataSetCombined/Edges/Round-10_0008656_edge.png,16.95,17.243837,0.0024313256144523
4060,/tmp/DataSetCombined/Edges/Round-2_0106568_edge.png,3.86,3.5259914,0.0024313256144523
4061,/tmp/DataSetCombined/Edges/Round-8_0043970_edge.png,3.52,3.2612877,0.0024313256144523
4062,/tmp/DataSetCombined/Edges/Round-4_0058126_edge.png,52.54,51.068844,0.0024313256144523
4063,/tmp/DataSetCombined/Edges/Round-4_0009093_edge.png,3.25,2.9987202,0.0024313256144523
4064,/tmp/DataSetCombined/Edges/Round-3_0052101_edge.png,9.47,8.774327,0.0024313256144523
4065,/tmp/DataSetCombined/Edges/Round-9_0149719_edge.png,4.06,3.7514105,0.0024313256144523
4066,/tmp/DataSetCombined/Edges/Round-6_0017249_edge.png,65.36,63.123726,0.0024313256144523
4067,/tmp/DataSetCombined/Edges/Round-4_0026461_edge.png,23.03,23.452742,0.0024313256144523
4068,/tmp/DataSetCombined/Edges/Round-9_0166214_edge.png,64.27,62.57321,0.0024313256144523
4069,/tmp/DataSetCombined/Edges/Round-9_0051716_edge.png,43.14,42.64909,0.0024313256144523
4070,/tmp/DataSetCombined/Edges/Round-10_0055265_edge.png,2.51,2.1706991,0.0024313256144523
4071,/tmp/DataSetCombined/Edges/Round-10_0026490_edge.png,63.87,63.003727,0.0024313256144523
4072,/tmp/DataSetCombined/Edges/Round-10_0094004_edge.png,50.69,63.377644,0.0024313256144523
4073,/tmp/DataSetCombined/Edges/Round-7_0118416_edge.png,56.18,55.9045,0.0024313256144523
4074,/tmp/DataSetCombined/Edges/Round-7_0113720_edge.png,63.79,61.967705,0.0024313256144523
4075,/tmp/DataSetCombined/Edges/Round-5_0039295_edge.png,6.53,6.1391525,0.0024313256144523
4076,/tmp/DataSetCombined/Edges/Round-8_0077651_edge.png,6.88,6.483265,0.0024313256144523
4077,/tmp/DataSetCombined/Edges/Round-9_0121967_edge.png,64.51,62.345592,0.0024313256144523
4078,/tmp/DataSetCombined/Edges/Round-7_0091717_edge.png,5.22,4.8985524,0.0024313256144523
4079,/tmp/DataSetCombined/Edges/Round-8_0029854_edge.png,39.79,39.155033,0.0024313256144523
4080,/tmp/DataSetCombined/Edges/Round-7_0118867_edge.png,3.65,3.32552,0.0024313256144523
4081,/tmp/DataSetCombined/Edges/Round-4_0090994_edge.png,8.72,8.024988,0.0024313256144523
4082,/tmp/DataSetCombined/Edges/Round-4_0069684_edge.png,3.2,2.9912195,0.0024313256144523
4083,/tmp/DataSetCombined/Edges/Round-1_0150051_edge.png,64.28,62.309834,0.0024313256144523
4084,/tmp/DataSetCombined/Edges/Round-1_0015667_edge.png,6.49,6.168338,0.0024313256144523
4085,/tmp/DataSetCombined/Edges/Round-10_0011501_edge.png,3.29,3.0295029,0.0024313256144523
4086,/tmp/DataSetCombined/Edges/Round-8_0080409_edge.png,42.51,41.735165,0.0024313256144523
4087,/tmp/DataSetCombined/Edges/Round-8_0087464_edge.png,30.83,30.75393,0.0024313256144523
4088,/tmp/DataSetCombined/Edges/Round-8_0029281_edge.png,64.83,62.45051,0.0024313256144523
4089,/tmp/DataSetCombined/Edges/Round-5_0096958_edge.png,13.58,12.949844,0.0024313256144523
4090,/tmp/DataSetCombined/Edges/Round-9_0156732_edge.png,3.94,3.5828276,0.0024313256144523
4091,/tmp/DataSetCombined/Edges/Round-10_0032811_edge.png,9.59,8.93909,0.0024313256144523
4092,/tmp/DataSetCombined/Edges/Round-3_0027001_edge.png,60.99,60.491993,0.0024313256144523
4093,/tmp/DataSetCombined/Edges/Round-9_0025227_edge.png,60.61,60.24435,0.0024313256144523
4094,/tmp/DataSetCombined/Edges/Round-8_0001891_edge.png,65.28,63.423824,0.0024313256144523
4095,/tmp/DataSetCombined/Edges/Round-8_0036126_edge.png,64.28,62.522278,0.0024313256144523
4096,/tmp/DataSetCombined/Edges/Round-10_0136896_edge.png,25.45,25.596838,0.0025205351412296
4097,/tmp/DataSetCombined/Edges/Round-9_0187939_edge.png,7.42,6.917244,0.0025205351412296
4098,/tmp/DataSetCombined/Edges/Round-8_0072565_edge.png,43.08,42.242657,0.0025205351412296
4099,/tmp/DataSetCombined/Edges/Round-8_0021185_edge.png,61.83,60.63346,0.0025205351412296
4100,/tmp/DataSetCombined/Edges/Round-7_0053491_edge.png,64.6,62.526844,0.0025205351412296
4101,/tmp/DataSetCombined/Edges/Round-5_0006449_edge.png,5.21,4.8332486,0.0025205351412296
4102,/tmp/DataSetCombined/Edges/Round-4_0020049_edge.png,64.39,61.867794,0.0025205351412296
4103,/tmp/DataSetCombined/Edges/Round-3_0085425_edge.png,4.93,4.4611983,0.0025205351412296
4104,/tmp/DataSetCombined/Edges/Round-6_0055958_edge.png,4.46,4.0240846,0.0025205351412296
4105,/tmp/DataSetCombined/Edges/Round-9_0108333_edge.png,59.36,59.006477,0.0025205351412296
4106,/tmp/DataSetCombined/Edges/Round-3_0015593_edge.png,5.74,5.4688826,0.0025205351412296
4107,/tmp/DataSetCombined/Edges/Round-9_0015655_edge.png,8.77,8.159702,0.0025205351412296
4108,/tmp/DataSetCombined/Edges/Round-2_0058967_edge.png,9.63,8.961232,0.0025205351412296
4109,/tmp/DataSetCombined/Edges/Round-1_0048867_edge.png,65.25,63.680317,0.0025205351412296
4110,/tmp/DataSetCombined/Edges/Round-6_0047138_edge.png,65.3,62.883995,0.0025205351412296
4111,/tmp/DataSetCombined/Edges/Round-5_0006388_edge.png,30.47,30.51952,0.0025205351412296
4112,/tmp/DataSetCombined/Edges/Round-8_0010529_edge.png,53.5,51.814987,0.0025205351412296
4113,/tmp/DataSetCombined/Edges/Round-5_0037631_edge.png,56.26,55.432034,0.0025205351412296
4114,/tmp/DataSetCombined/Edges/Round-5_0088650_edge.png,64.76,62.536495,0.0025205351412296
4115,/tmp/DataSetCombined/Edges/Round-5_0012077_edge.png,64.11,62.386143,0.0025205351412296
4116,/tmp/DataSetCombined/Edges/Round-5_0090426_edge.png,5.6,5.2653418,0.0025205351412296
4117,/tmp/DataSetCombined/Edges/Round-7_0037177_edge.png,4.26,3.8424945,0.0025205351412296
4118,/tmp/DataSetCombined/Edges/Round-6_0100053_edge.png,59.02,58.698254,0.0025205351412296
4119,/tmp/DataSetCombined/Edges/Round-7_0044069_edge.png,62.38,61.597218,0.0025205351412296
4120,/tmp/DataSetCombined/Edges/Round-10_0023209_edge.png,63.99,62.674015,0.0025205351412296
4121,/tmp/DataSetCombined/Edges/Round-6_0056078_edge.png,8.03,7.4321547,0.0025205351412296
4122,/tmp/DataSetCombined/Edges/Round-10_0192129_edge.png,65.22,63.244366,0.0025205351412296
4123,/tmp/DataSetCombined/Edges/Round-8_0048858_edge.png,65.21,62.89995,0.0025205351412296
4124,/tmp/DataSetCombined/Edges/Round-1_0172695_edge.png,7.29,6.803976,0.0025205351412296
4125,/tmp/DataSetCombined/Edges/Round-1_0066334_edge.png,55.82,56.023743,0.0025205351412296
4126,/tmp/DataSetCombined/Edges/Round-1_0081062_edge.png,5.36,5.0884957,0.0025205351412296
4127,/tmp/DataSetCombined/Edges/Round-8_0074491_edge.png,14.05,13.546375,0.0025205351412296
4128,/tmp/DataSetCombined/Edges/Round-8_0006255_edge.png,3.42,3.20477,0.0025205351412296
4129,/tmp/DataSetCombined/Edges/Round-7_0077691_edge.png,62.75,62.262928,0.0025205351412296
4130,/tmp/DataSetCombined/Edges/Round-9_0144033_edge.png,65.28,63.00428,0.0025205351412296
4131,/tmp/DataSetCombined/Edges/Round-8_0047491_edge.png,55.74,54.941128,0.0025205351412296
4132,/tmp/DataSetCombined/Edges/Round-5_0014816_edge.png,4.65,4.2552752,0.0025205351412296
4133,/tmp/DataSetCombined/Edges/Round-8_0073137_edge.png,65.26,63.5937,0.0025205351412296
4134,/tmp/DataSetCombined/Edges/Round-10_0101469_edge.png,64.43,62.5126,0.0025205351412296
4135,/tmp/DataSetCombined/Edges/Round-5_0028000_edge.png,53.19,52.679195,0.0025205351412296
4136,/tmp/DataSetCombined/Edges/Round-8_0029745_edge.png,60.74,61.049976,0.0025205351412296
4137,/tmp/DataSetCombined/Edges/Round-9_0041722_edge.png,15.37,15.5531645,0.0025205351412296
4138,/tmp/DataSetCombined/Edges/Round-1_0169956_edge.png,49.43,49.169422,0.0025205351412296
4139,/tmp/DataSetCombined/Edges/Round-7_0073206_edge.png,63.97,62.697746,0.0025205351412296
4140,/tmp/DataSetCombined/Edges/Round-9_0031879_edge.png,25.96,25.809916,0.0025205351412296
4141,/tmp/DataSetCombined/Edges/Round-1_0070708_edge.png,38.11,38.412624,0.0025205351412296
4142,/tmp/DataSetCombined/Edges/Round-3_0071428_edge.png,4.1,3.735746,0.0025205351412296
4143,/tmp/DataSetCombined/Edges/Round-3_0043134_edge.png,63.91,62.378063,0.0025205351412296
4144,/tmp/DataSetCombined/Edges/Round-3_0027334_edge.png,63.67,62.194202,0.0025205351412296
4145,/tmp/DataSetCombined/Edges/Round-5_0036036_edge.png,3.3,3.1356359,0.0025205351412296
4146,/tmp/DataSetCombined/Edges/Round-2_0068545_edge.png,64.99,62.90873,0.0025205351412296
4147,/tmp/DataSetCombined/Edges/Round-10_0047560_edge.png,65.18,63.295174,0.0025205351412296
4148,/tmp/DataSetCombined/Edges/Round-8_0064239_edge.png,35.63,36.058422,0.0025205351412296
4149,/tmp/DataSetCombined/Edges/Round-10_0131207_edge.png,65.39,63.238537,0.0025205351412296
4150,/tmp/DataSetCombined/Edges/Round-9_0137619_edge.png,6.66,6.328013,0.0025205351412296
4151,/tmp/DataSetCombined/Edges/Round-9_0051474_edge.png,5.96,5.5586915,0.0025205351412296
4152,/tmp/DataSetCombined/Edges/Round-2_0010600_edge.png,43.72,42.514072,0.0025205351412296
4153,/tmp/DataSetCombined/Edges/Round-4_0029531_edge.png,46.62,46.40698,0.0025205351412296
4154,/tmp/DataSetCombined/Edges/Round-9_0177742_edge.png,63.77,62.87895,0.0025205351412296
4155,/tmp/DataSetCombined/Edges/Round-6_0029410_edge.png,25.85,26.022524,0.0025205351412296
4156,/tmp/DataSetCombined/Edges/Round-8_0008645_edge.png,5.23,4.752676,0.0025205351412296
4157,/tmp/DataSetCombined/Edges/Round-7_0052859_edge.png,64.87,62.329464,0.0025205351412296
4158,/tmp/DataSetCombined/Edges/Round-9_0160615_edge.png,3.25,3.037943,0.0025205351412296
4159,/tmp/DataSetCombined/Edges/Round-10_0112034_edge.png,2.95,2.6977787,0.0025205351412296
4160,/tmp/DataSetCombined/Edges/Round-7_0054575_edge.png,7.79,7.2756987,1.3476716147528751
4161,/tmp/DataSetCombined/Edges/Round-1_0131148_edge.png,64.12,61.994125,1.3476716147528751
4162,/tmp/DataSetCombined/Edges/Round-1_0156231_edge.png,5.41,5.260371,1.3476716147528751
4163,/tmp/DataSetCombined/Edges/Round-1_0077270_edge.png,62.75,61.370796,1.3476716147528751
4164,/tmp/DataSetCombined/Edges/Round-8_0017091_edge.png,31.35,31.417585,1.3476716147528751
4165,/tmp/DataSetCombined/Edges/Round-3_0058014_edge.png,62.18,61.061867,1.3476716147528751
4166,/tmp/DataSetCombined/Edges/Round-4_0010418_edge.png,3.51,3.2258272,1.3476716147528751
4167,/tmp/DataSetCombined/Edges/Round-10_0128558_edge.png,62.44,61.715694,1.3476716147528751
4168,/tmp/DataSetCombined/Edges/Round-8_0056642_edge.png,3.79,3.5124846,1.3476716147528751
