image_name,True_Value,Predicted_Value,Prediction_Time_s
/tmp/DataSetCombined/Edges/Round-5_0110382_edge.png,"tf.Tensor(5.446, shape=(), dtype=float32)",5.099843,1.1549874655902386
/tmp/DataSetCombined/Edges/Round-10_0192189_edge.png,"tf.Tensor(5.04, shape=(), dtype=float32)",4.6835823,1.1549874655902386
/tmp/DataSetCombined/Edges/Round-3_0084913_edge.png,"tf.Tensor(5.518, shape=(), dtype=float32)",5.178128,1.1549874655902386
/tmp/DataSetCombined/Edges/Round-6_0060352_edge.png,"tf.Tensor(2.213, shape=(), dtype=float32)",2.28052,1.1549874655902386
/tmp/DataSetCombined/Edges/Round-2_0045400_edge.png,"tf.Tensor(2.196, shape=(), dtype=float32)",2.296573,1.1549874655902386
/tmp/DataSetCombined/Edges/Round-7_0082356_edge.png,"tf.Tensor(5.646, shape=(), dtype=float32)",5.225838,1.1549874655902386
/tmp/DataSetCombined/Edges/Round-9_0144395_edge.png,"tf.Tensor(5.152, shape=(), dtype=float32)",4.7451444,1.1549874655902386
/tmp/DataSetCombined/Edges/Round-10_0148213_edge.png,"tf.Tensor(3.309, shape=(), dtype=float32)",3.1540701,1.1549874655902386
/tmp/DataSetCombined/Edges/Round-10_0007377_edge.png,"tf.Tensor(5.559, shape=(), dtype=float32)",5.169833,1.1549874655902386
/tmp/DataSetCombined/Edges/Round-9_0061317_edge.png,"tf.Tensor(5.198, shape=(), dtype=float32)",4.8009877,1.1549874655902386
/tmp/DataSetCombined/Edges/Round-1_0032334_edge.png,"tf.Tensor(5.675, shape=(), dtype=float32)",5.276543,1.1549874655902386
/tmp/DataSetCombined/Edges/Round-7_0092645_edge.png,"tf.Tensor(5.568, shape=(), dtype=float32)",5.220748,1.1549874655902386
/tmp/DataSetCombined/Edges/Round-9_0184153_edge.png,"tf.Tensor(5.121, shape=(), dtype=float32)",4.920751,1.1549874655902386
/tmp/DataSetCombined/Edges/Round-1_0016901_edge.png,"tf.Tensor(5.647, shape=(), dtype=float32)",5.2159348,1.1549874655902386
/tmp/DataSetCombined/Edges/Round-6_0017520_edge.png,"tf.Tensor(4.791, shape=(), dtype=float32)",4.5301757,1.1549874655902386
/tmp/DataSetCombined/Edges/Round-7_0106586_edge.png,"tf.Tensor(5.126, shape=(), dtype=float32)",4.782859,1.1549874655902386
/tmp/DataSetCombined/Edges/Round-3_0048883_edge.png,"tf.Tensor(3.543, shape=(), dtype=float32)",3.3876977,1.1549874655902386
/tmp/DataSetCombined/Edges/Round-5_0113121_edge.png,"tf.Tensor(5.549, shape=(), dtype=float32)",5.189367,1.1549874655902386
/tmp/DataSetCombined/Edges/Round-8_0037029_edge.png,"tf.Tensor(2.904, shape=(), dtype=float32)",2.9610028,1.1549874655902386
/tmp/DataSetCombined/Edges/Round-9_0150595_edge.png,"tf.Tensor(4.265, shape=(), dtype=float32)",3.978949,1.1549874655902386
/tmp/DataSetCombined/Edges/Round-8_0086983_edge.png,"tf.Tensor(2.191, shape=(), dtype=float32)",2.3002195,1.1549874655902386
/tmp/DataSetCombined/Edges/Round-9_0124255_edge.png,"tf.Tensor(2.479, shape=(), dtype=float32)",2.4770021,1.1549874655902386
/tmp/DataSetCombined/Edges/Round-5_0047263_edge.png,"tf.Tensor(5.03, shape=(), dtype=float32)",4.800395,1.1549874655902386
/tmp/DataSetCombined/Edges/Round-10_0191166_edge.png,"tf.Tensor(3.213, shape=(), dtype=float32)",3.1744761,1.1549874655902386
/tmp/DataSetCombined/Edges/Round-10_0192219_edge.png,"tf.Tensor(5.154, shape=(), dtype=float32)",4.749593,1.1549874655902386
/tmp/DataSetCombined/Edges/Round-4_0080520_edge.png,"tf.Tensor(5.575, shape=(), dtype=float32)",5.2164865,1.1549874655902386
/tmp/DataSetCombined/Edges/Round-9_0181805_edge.png,"tf.Tensor(5.569, shape=(), dtype=float32)",5.218132,1.1549874655902386
/tmp/DataSetCombined/Edges/Round-1_0108875_edge.png,"tf.Tensor(5.568, shape=(), dtype=float32)",5.226061,1.1549874655902386
/tmp/DataSetCombined/Edges/Round-7_0013248_edge.png,"tf.Tensor(5.336, shape=(), dtype=float32)",4.9321136,1.1549874655902386
/tmp/DataSetCombined/Edges/Round-6_0110197_edge.png,"tf.Tensor(5.636, shape=(), dtype=float32)",5.2861457,1.1549874655902386
/tmp/DataSetCombined/Edges/Round-5_0069898_edge.png,"tf.Tensor(5.436, shape=(), dtype=float32)",5.0857635,1.1549874655902386
/tmp/DataSetCombined/Edges/Round-6_0032148_edge.png,"tf.Tensor(2.125, shape=(), dtype=float32)",2.240777,1.1549874655902386
/tmp/DataSetCombined/Edges/Round-5_0020180_edge.png,"tf.Tensor(1.923, shape=(), dtype=float32)",1.9535341,1.1549874655902386
/tmp/DataSetCombined/Edges/Round-9_0143639_edge.png,"tf.Tensor(1.713, shape=(), dtype=float32)",1.7525494,1.1549874655902386
/tmp/DataSetCombined/Edges/Round-6_0002000_edge.png,"tf.Tensor(2.48, shape=(), dtype=float32)",2.5733268,1.1549874655902386
/tmp/DataSetCombined/Edges/Round-8_0061291_edge.png,"tf.Tensor(2.122, shape=(), dtype=float32)",2.1983123,1.1549874655902386
/tmp/DataSetCombined/Edges/Round-8_0081083_edge.png,"tf.Tensor(5.082, shape=(), dtype=float32)",4.7180104,1.1549874655902386
/tmp/DataSetCombined/Edges/Round-4_0081844_edge.png,"tf.Tensor(4.827, shape=(), dtype=float32)",4.4929447,1.1549874655902386
/tmp/DataSetCombined/Edges/Round-8_0062662_edge.png,"tf.Tensor(3.558, shape=(), dtype=float32)",3.3935788,1.1549874655902386
/tmp/DataSetCombined/Edges/Round-1_0015301_edge.png,"tf.Tensor(5.363, shape=(), dtype=float32)",4.9777446,1.1549874655902386
/tmp/DataSetCombined/Edges/Round-9_0036575_edge.png,"tf.Tensor(5.425, shape=(), dtype=float32)",5.0877357,1.1549874655902386
/tmp/DataSetCombined/Edges/Round-2_0102801_edge.png,"tf.Tensor(5.025, shape=(), dtype=float32)",4.6923304,1.1549874655902386
/tmp/DataSetCombined/Edges/Round-5_0101473_edge.png,"tf.Tensor(3.503, shape=(), dtype=float32)",3.4627304,1.1549874655902386
/tmp/DataSetCombined/Edges/Round-10_0050871_edge.png,"tf.Tensor(2.747, shape=(), dtype=float32)",2.791747,1.1549874655902386
/tmp/DataSetCombined/Edges/Round-6_0110588_edge.png,"tf.Tensor(5.587, shape=(), dtype=float32)",5.2362013,1.1549874655902386
/tmp/DataSetCombined/Edges/Round-10_0042654_edge.png,"tf.Tensor(5.562, shape=(), dtype=float32)",5.2203455,1.1549874655902386
/tmp/DataSetCombined/Edges/Round-10_0147370_edge.png,"tf.Tensor(5.489, shape=(), dtype=float32)",5.167492,1.1549874655902386
/tmp/DataSetCombined/Edges/Round-9_0185387_edge.png,"tf.Tensor(5.517, shape=(), dtype=float32)",5.177576,1.1549874655902386
/tmp/DataSetCombined/Edges/Round-8_0056864_edge.png,"tf.Tensor(2.508, shape=(), dtype=float32)",2.587155,1.1549874655902386
/tmp/DataSetCombined/Edges/Round-1_0032267_edge.png,"tf.Tensor(5.56, shape=(), dtype=float32)",5.1682763,1.1549874655902386
/tmp/DataSetCombined/Edges/Round-10_0165641_edge.png,"tf.Tensor(2.521, shape=(), dtype=float32)",2.606695,1.1549874655902386
/tmp/DataSetCombined/Edges/Round-3_0045334_edge.png,"tf.Tensor(2.739, shape=(), dtype=float32)",2.816594,1.1549874655902386
/tmp/DataSetCombined/Edges/Round-8_0007158_edge.png,"tf.Tensor(4.622, shape=(), dtype=float32)",4.3780437,1.1549874655902386
/tmp/DataSetCombined/Edges/Round-3_0040757_edge.png,"tf.Tensor(1.836, shape=(), dtype=float32)",1.8737648,1.1549874655902386
/tmp/DataSetCombined/Edges/Round-7_0073838_edge.png,"tf.Tensor(4.099, shape=(), dtype=float32)",3.9378564,1.1549874655902386
/tmp/DataSetCombined/Edges/Round-9_0061798_edge.png,"tf.Tensor(5.295, shape=(), dtype=float32)",5.0015993,1.1549874655902386
/tmp/DataSetCombined/Edges/Round-10_0022487_edge.png,"tf.Tensor(2.241, shape=(), dtype=float32)",2.3404303,1.1549874655902386
/tmp/DataSetCombined/Edges/Round-10_0140177_edge.png,"tf.Tensor(4.52, shape=(), dtype=float32)",4.2757683,1.1549874655902386
/tmp/DataSetCombined/Edges/Round-9_0127656_edge.png,"tf.Tensor(2.471, shape=(), dtype=float32)",2.5576613,1.1549874655902386
/tmp/DataSetCombined/Edges/Round-10_0173948_edge.png,"tf.Tensor(1.931, shape=(), dtype=float32)",2.0389497,1.1549874655902386
/tmp/DataSetCombined/Edges/Round-4_0027847_edge.png,"tf.Tensor(3.526, shape=(), dtype=float32)",3.3848102,1.1549874655902386
/tmp/DataSetCombined/Edges/Round-9_0005662_edge.png,"tf.Tensor(1.944, shape=(), dtype=float32)",1.9856288,1.1549874655902386
/tmp/DataSetCombined/Edges/Round-5_0094309_edge.png,"tf.Tensor(5.152, shape=(), dtype=float32)",4.7339363,1.1549874655902386
/tmp/DataSetCombined/Edges/Round-9_0078534_edge.png,"tf.Tensor(4.265, shape=(), dtype=float32)",3.9736457,1.1549874655902386
/tmp/DataSetCombined/Edges/Round-1_0058834_edge.png,"tf.Tensor(2.818, shape=(), dtype=float32)",2.8869767,0.005251679569482803
/tmp/DataSetCombined/Edges/Round-10_0147100_edge.png,"tf.Tensor(4.71, shape=(), dtype=float32)",4.4092746,0.005251679569482803
/tmp/DataSetCombined/Edges/Round-8_0022900_edge.png,"tf.Tensor(2.061, shape=(), dtype=float32)",2.1831806,0.005251679569482803
/tmp/DataSetCombined/Edges/Round-6_0130755_edge.png,"tf.Tensor(3.02, shape=(), dtype=float32)",3.0173926,0.005251679569482803
/tmp/DataSetCombined/Edges/Round-10_0014722_edge.png,"tf.Tensor(3.31, shape=(), dtype=float32)",3.3007035,0.005251679569482803
/tmp/DataSetCombined/Edges/Round-4_0000876_edge.png,"tf.Tensor(2.785, shape=(), dtype=float32)",2.799741,0.005251679569482803
/tmp/DataSetCombined/Edges/Round-4_0049698_edge.png,"tf.Tensor(2.204, shape=(), dtype=float32)",2.328801,0.005251679569482803
/tmp/DataSetCombined/Edges/Round-7_0093794_edge.png,"tf.Tensor(4.518, shape=(), dtype=float32)",4.2159476,0.005251679569482803
/tmp/DataSetCombined/Edges/Round-5_0062734_edge.png,"tf.Tensor(5.648, shape=(), dtype=float32)",5.2279487,0.005251679569482803
/tmp/DataSetCombined/Edges/Round-3_0060291_edge.png,"tf.Tensor(1.958, shape=(), dtype=float32)",2.0494423,0.005251679569482803
/tmp/DataSetCombined/Edges/Round-7_0097316_edge.png,"tf.Tensor(4.263, shape=(), dtype=float32)",3.9715514,0.005251679569482803
/tmp/DataSetCombined/Edges/Round-9_0072123_edge.png,"tf.Tensor(3.93, shape=(), dtype=float32)",3.8118029,0.005251679569482803
/tmp/DataSetCombined/Edges/Round-6_0074241_edge.png,"tf.Tensor(2.101, shape=(), dtype=float32)",2.2169197,0.005251679569482803
/tmp/DataSetCombined/Edges/Round-6_0041811_edge.png,"tf.Tensor(1.935, shape=(), dtype=float32)",1.9856279,0.005251679569482803
/tmp/DataSetCombined/Edges/Round-1_0006534_edge.png,"tf.Tensor(4.064, shape=(), dtype=float32)",3.913232,0.005251679569482803
/tmp/DataSetCombined/Edges/Round-1_0012167_edge.png,"tf.Tensor(1.804, shape=(), dtype=float32)",1.8749275,0.005251679569482803
/tmp/DataSetCombined/Edges/Round-4_0023571_edge.png,"tf.Tensor(5.175, shape=(), dtype=float32)",4.771814,0.005251679569482803
/tmp/DataSetCombined/Edges/Round-10_0190082_edge.png,"tf.Tensor(3.559, shape=(), dtype=float32)",3.449161,0.005251679569482803
/tmp/DataSetCombined/Edges/Round-7_0009003_edge.png,"tf.Tensor(2.749, shape=(), dtype=float32)",2.82297,0.005251679569482803
/tmp/DataSetCombined/Edges/Round-10_0091596_edge.png,"tf.Tensor(5.52, shape=(), dtype=float32)",5.1780834,0.005251679569482803
/tmp/DataSetCombined/Edges/Round-6_0077239_edge.png,"tf.Tensor(1.979, shape=(), dtype=float32)",2.0905704,0.005251679569482803
/tmp/DataSetCombined/Edges/Round-9_0001697_edge.png,"tf.Tensor(5.569, shape=(), dtype=float32)",5.178868,0.005251679569482803
/tmp/DataSetCombined/Edges/Round-7_0006957_edge.png,"tf.Tensor(2.906, shape=(), dtype=float32)",2.997575,0.005251679569482803
/tmp/DataSetCombined/Edges/Round-7_0026040_edge.png,"tf.Tensor(1.535, shape=(), dtype=float32)",1.5517447,0.005251679569482803
/tmp/DataSetCombined/Edges/Round-1_0072234_edge.png,"tf.Tensor(5.041, shape=(), dtype=float32)",4.677627,0.005251679569482803
/tmp/DataSetCombined/Edges/Round-10_0057102_edge.png,"tf.Tensor(2.523, shape=(), dtype=float32)",2.5989442,0.005251679569482803
/tmp/DataSetCombined/Edges/Round-6_0130063_edge.png,"tf.Tensor(5.067, shape=(), dtype=float32)",4.711035,0.005251679569482803
/tmp/DataSetCombined/Edges/Round-10_0037567_edge.png,"tf.Tensor(5.291, shape=(), dtype=float32)",5.070004,0.005251679569482803
/tmp/DataSetCombined/Edges/Round-9_0038742_edge.png,"tf.Tensor(5.675, shape=(), dtype=float32)",5.285169,0.005251679569482803
/tmp/DataSetCombined/Edges/Round-2_0053834_edge.png,"tf.Tensor(5.084, shape=(), dtype=float32)",4.733573,0.005251679569482803
/tmp/DataSetCombined/Edges/Round-4_0058427_edge.png,"tf.Tensor(5.588, shape=(), dtype=float32)",5.2362013,0.005251679569482803
/tmp/DataSetCombined/Edges/Round-5_0019150_edge.png,"tf.Tensor(2.48, shape=(), dtype=float32)",2.48501,0.005251679569482803
/tmp/DataSetCombined/Edges/Round-8_0036848_edge.png,"tf.Tensor(5.571, shape=(), dtype=float32)",5.219355,0.005251679569482803
/tmp/DataSetCombined/Edges/Round-8_0022942_edge.png,"tf.Tensor(2.37, shape=(), dtype=float32)",2.4920304,0.005251679569482803
/tmp/DataSetCombined/Edges/Round-1_0160977_edge.png,"tf.Tensor(4.762, shape=(), dtype=float32)",4.452743,0.005251679569482803
/tmp/DataSetCombined/Edges/Round-6_0085551_edge.png,"tf.Tensor(5.667, shape=(), dtype=float32)",5.2459893,0.005251679569482803
/tmp/DataSetCombined/Edges/Round-9_0138703_edge.png,"tf.Tensor(5.642, shape=(), dtype=float32)",5.2347875,0.005251679569482803
/tmp/DataSetCombined/Edges/Round-9_0060564_edge.png,"tf.Tensor(5.667, shape=(), dtype=float32)",5.2309914,0.005251679569482803
/tmp/DataSetCombined/Edges/Round-1_0030467_edge.png,"tf.Tensor(5.459, shape=(), dtype=float32)",5.14755,0.005251679569482803
/tmp/DataSetCombined/Edges/Round-6_0100956_edge.png,"tf.Tensor(4.549, shape=(), dtype=float32)",4.2604914,0.005251679569482803
/tmp/DataSetCombined/Edges/Round-7_0019478_edge.png,"tf.Tensor(2.063, shape=(), dtype=float32)",2.1073623,0.005251679569482803
/tmp/DataSetCombined/Edges/Round-1_0158027_edge.png,"tf.Tensor(4.452, shape=(), dtype=float32)",4.208884,0.005251679569482803
/tmp/DataSetCombined/Edges/Round-1_0094698_edge.png,"tf.Tensor(2.901, shape=(), dtype=float32)",2.916411,0.005251679569482803
/tmp/DataSetCombined/Edges/Round-5_0015719_edge.png,"tf.Tensor(3.483, shape=(), dtype=float32)",3.353109,0.005251679569482803
/tmp/DataSetCombined/Edges/Round-5_0124740_edge.png,"tf.Tensor(1.986, shape=(), dtype=float32)",2.084443,0.005251679569482803
/tmp/DataSetCombined/Edges/Round-8_0037239_edge.png,"tf.Tensor(3.644, shape=(), dtype=float32)",3.5479002,0.005251679569482803
/tmp/DataSetCombined/Edges/Round-6_0022065_edge.png,"tf.Tensor(3.651, shape=(), dtype=float32)",3.5624087,0.005251679569482803
/tmp/DataSetCombined/Edges/Round-8_0075815_edge.png,"tf.Tensor(3.419, shape=(), dtype=float32)",3.3583117,0.005251679569482803
/tmp/DataSetCombined/Edges/Round-2_0099615_edge.png,"tf.Tensor(4.264, shape=(), dtype=float32)",3.9783974,0.005251679569482803
/tmp/DataSetCombined/Edges/Round-5_0020926_edge.png,"tf.Tensor(4.865, shape=(), dtype=float32)",4.6782527,0.005251679569482803
/tmp/DataSetCombined/Edges/Round-6_0021343_edge.png,"tf.Tensor(5.661, shape=(), dtype=float32)",5.2175803,0.005251679569482803
/tmp/DataSetCombined/Edges/Round-10_0104840_edge.png,"tf.Tensor(3.297, shape=(), dtype=float32)",3.1884196,0.005251679569482803
/tmp/DataSetCombined/Edges/Round-10_0009394_edge.png,"tf.Tensor(4.956, shape=(), dtype=float32)",4.5846686,0.005251679569482803
/tmp/DataSetCombined/Edges/Round-9_0163724_edge.png,"tf.Tensor(4.268, shape=(), dtype=float32)",3.9651563,0.005251679569482803
/tmp/DataSetCombined/Edges/Round-5_0015031_edge.png,"tf.Tensor(3.194, shape=(), dtype=float32)",3.1182241,0.005251679569482803
/tmp/DataSetCombined/Edges/Round-4_0080188_edge.png,"tf.Tensor(2.598, shape=(), dtype=float32)",2.6882746,0.005251679569482803
/tmp/DataSetCombined/Edges/Round-3_0079073_edge.png,"tf.Tensor(5.624, shape=(), dtype=float32)",5.242802,0.005251679569482803
/tmp/DataSetCombined/Edges/Round-1_0048467_edge.png,"tf.Tensor(1.961, shape=(), dtype=float32)",2.0582626,0.005251679569482803
/tmp/DataSetCombined/Edges/Round-4_0082928_edge.png,"tf.Tensor(4.797, shape=(), dtype=float32)",4.4922037,0.005251679569482803
/tmp/DataSetCombined/Edges/Round-9_0161909_edge.png,"tf.Tensor(4.739, shape=(), dtype=float32)",4.4235816,0.005251679569482803
/tmp/DataSetCombined/Edges/Round-3_0004767_edge.png,"tf.Tensor(5.668, shape=(), dtype=float32)",5.275031,0.005251679569482803
/tmp/DataSetCombined/Edges/Round-9_0047290_edge.png,"tf.Tensor(1.988, shape=(), dtype=float32)",2.0090358,0.005251679569482803
/tmp/DataSetCombined/Edges/Round-10_0098669_edge.png,"tf.Tensor(5.421, shape=(), dtype=float32)",5.1001153,0.005251679569482803
/tmp/DataSetCombined/Edges/Round-10_0101258_edge.png,"tf.Tensor(2.979, shape=(), dtype=float32)",3.0241208,0.005251679569482803
/tmp/DataSetCombined/Edges/Round-6_0022637_edge.png,"tf.Tensor(4.635, shape=(), dtype=float32)",4.3343115,0.006039399653673172
/tmp/DataSetCombined/Edges/Round-9_0071039_edge.png,"tf.Tensor(4.153, shape=(), dtype=float32)",3.9728792,0.006039399653673172
/tmp/DataSetCombined/Edges/Round-6_0002334_edge.png,"tf.Tensor(3.099, shape=(), dtype=float32)",2.9928346,0.006039399653673172
/tmp/DataSetCombined/Edges/Round-5_0074022_edge.png,"tf.Tensor(2.542, shape=(), dtype=float32)",2.5968206,0.006039399653673172
/tmp/DataSetCombined/Edges/Round-3_0029651_edge.png,"tf.Tensor(2.752, shape=(), dtype=float32)",2.8383427,0.006039399653673172
/tmp/DataSetCombined/Edges/Round-9_0134188_edge.png,"tf.Tensor(4.264, shape=(), dtype=float32)",3.9783902,0.006039399653673172
/tmp/DataSetCombined/Edges/Round-4_0060263_edge.png,"tf.Tensor(5.036, shape=(), dtype=float32)",4.6932135,0.006039399653673172
/tmp/DataSetCombined/Edges/Round-3_0064264_edge.png,"tf.Tensor(5.572, shape=(), dtype=float32)",5.1703305,0.006039399653673172
/tmp/DataSetCombined/Edges/Round-1_0124677_edge.png,"tf.Tensor(2.444, shape=(), dtype=float32)",2.6161644,0.006039399653673172
/tmp/DataSetCombined/Edges/Round-9_0165974_edge.png,"tf.Tensor(2.079, shape=(), dtype=float32)",2.2039883,0.006039399653673172
/tmp/DataSetCombined/Edges/Round-4_0003495_edge.png,"tf.Tensor(2.877, shape=(), dtype=float32)",2.9384682,0.006039399653673172
/tmp/DataSetCombined/Edges/Round-5_0005786_edge.png,"tf.Tensor(5.664, shape=(), dtype=float32)",5.272075,0.006039399653673172
/tmp/DataSetCombined/Edges/Round-4_0089279_edge.png,"tf.Tensor(5.365, shape=(), dtype=float32)",4.981555,0.006039399653673172
/tmp/DataSetCombined/Edges/Round-8_0042465_edge.png,"tf.Tensor(5.692, shape=(), dtype=float32)",5.244972,0.006039399653673172
/tmp/DataSetCombined/Edges/Round-9_0023692_edge.png,"tf.Tensor(5.562, shape=(), dtype=float32)",5.168178,0.006039399653673172
/tmp/DataSetCombined/Edges/Round-4_0056741_edge.png,"tf.Tensor(2.132, shape=(), dtype=float32)",2.2051845,0.006039399653673172
/tmp/DataSetCombined/Edges/Round-7_0045936_edge.png,"tf.Tensor(2.039, shape=(), dtype=float32)",2.0794203,0.006039399653673172
/tmp/DataSetCombined/Edges/Round-10_0046115_edge.png,"tf.Tensor(5.032, shape=(), dtype=float32)",4.690623,0.006039399653673172
/tmp/DataSetCombined/Edges/Round-7_0029923_edge.png,"tf.Tensor(2.74, shape=(), dtype=float32)",2.8072147,0.006039399653673172
/tmp/DataSetCombined/Edges/Round-10_0088857_edge.png,"tf.Tensor(4.264, shape=(), dtype=float32)",3.9794517,0.006039399653673172
/tmp/DataSetCombined/Edges/Round-8_0004239_edge.png,"tf.Tensor(5.671, shape=(), dtype=float32)",5.2744207,0.006039399653673172
/tmp/DataSetCombined/Edges/Round-5_0011324_edge.png,"tf.Tensor(3.812, shape=(), dtype=float32)",3.7442942,0.006039399653673172
/tmp/DataSetCombined/Edges/Round-2_0074234_edge.png,"tf.Tensor(5.579, shape=(), dtype=float32)",5.210014,0.006039399653673172
/tmp/DataSetCombined/Edges/Round-8_0053181_edge.png,"tf.Tensor(4.955, shape=(), dtype=float32)",4.582567,0.006039399653673172
/tmp/DataSetCombined/Edges/Round-1_0014101_edge.png,"tf.Tensor(1.86, shape=(), dtype=float32)",1.9010859,0.006039399653673172
/tmp/DataSetCombined/Edges/Round-9_0139184_edge.png,"tf.Tensor(2.603, shape=(), dtype=float32)",2.8311532,0.006039399653673172
/tmp/DataSetCombined/Edges/Round-7_0023241_edge.png,"tf.Tensor(1.914, shape=(), dtype=float32)",2.0187058,0.006039399653673172
/tmp/DataSetCombined/Edges/Round-8_0073227_edge.png,"tf.Tensor(5.141, shape=(), dtype=float32)",4.8071322,0.006039399653673172
/tmp/DataSetCombined/Edges/Round-8_0059453_edge.png,"tf.Tensor(5.444, shape=(), dtype=float32)",5.1341653,0.006039399653673172
/tmp/DataSetCombined/Edges/Round-6_0015895_edge.png,"tf.Tensor(2.597, shape=(), dtype=float32)",2.6680303,0.006039399653673172
/tmp/DataSetCombined/Edges/Round-10_0133524_edge.png,"tf.Tensor(2.62, shape=(), dtype=float32)",2.604024,0.006039399653673172
/tmp/DataSetCombined/Edges/Round-1_0024934_edge.png,"tf.Tensor(4.966, shape=(), dtype=float32)",4.6949544,0.006039399653673172
/tmp/DataSetCombined/Edges/Round-9_0139456_edge.png,"tf.Tensor(1.856, shape=(), dtype=float32)",1.9107852,0.006039399653673172
/tmp/DataSetCombined/Edges/Round-7_0057735_edge.png,"tf.Tensor(5.561, shape=(), dtype=float32)",5.168786,0.006039399653673172
/tmp/DataSetCombined/Edges/Round-7_0126422_edge.png,"tf.Tensor(5.346, shape=(), dtype=float32)",5.0989947,0.006039399653673172
/tmp/DataSetCombined/Edges/Round-5_0125191_edge.png,"tf.Tensor(2.477, shape=(), dtype=float32)",2.567999,0.006039399653673172
/tmp/DataSetCombined/Edges/Round-10_0153661_edge.png,"tf.Tensor(5.076, shape=(), dtype=float32)",4.718588,0.006039399653673172
/tmp/DataSetCombined/Edges/Round-9_0123202_edge.png,"tf.Tensor(3.356, shape=(), dtype=float32)",3.3231761,0.006039399653673172
/tmp/DataSetCombined/Edges/Round-6_0002758_edge.png,"tf.Tensor(5.675, shape=(), dtype=float32)",5.235952,0.006039399653673172
/tmp/DataSetCombined/Edges/Round-10_0009845_edge.png,"tf.Tensor(5.669, shape=(), dtype=float32)",5.2651186,0.006039399653673172
/tmp/DataSetCombined/Edges/Round-9_0107971_edge.png,"tf.Tensor(5.57, shape=(), dtype=float32)",5.2175965,0.006039399653673172
/tmp/DataSetCombined/Edges/Round-9_0172625_edge.png,"tf.Tensor(5.632, shape=(), dtype=float32)",5.252786,0.006039399653673172
/tmp/DataSetCombined/Edges/Round-1_0116731_edge.png,"tf.Tensor(1.831, shape=(), dtype=float32)",1.9015422,0.006039399653673172
/tmp/DataSetCombined/Edges/Round-1_0152037_edge.png,"tf.Tensor(3.851, shape=(), dtype=float32)",3.7167187,0.006039399653673172
/tmp/DataSetCombined/Edges/Round-10_0101227_edge.png,"tf.Tensor(5.667, shape=(), dtype=float32)",5.249147,0.006039399653673172
/tmp/DataSetCombined/Edges/Round-1_0010534_edge.png,"tf.Tensor(4.957, shape=(), dtype=float32)",4.592275,0.006039399653673172
/tmp/DataSetCombined/Edges/Round-8_0015165_edge.png,"tf.Tensor(5.446, shape=(), dtype=float32)",5.134663,0.006039399653673172
/tmp/DataSetCombined/Edges/Round-4_0084974_edge.png,"tf.Tensor(1.541, shape=(), dtype=float32)",1.551938,0.006039399653673172
/tmp/DataSetCombined/Edges/Round-4_0083198_edge.png,"tf.Tensor(2.808, shape=(), dtype=float32)",2.858357,0.006039399653673172
/tmp/DataSetCombined/Edges/Round-1_0088738_edge.png,"tf.Tensor(4.27, shape=(), dtype=float32)",3.9906826,0.006039399653673172
/tmp/DataSetCombined/Edges/Round-10_0003546_edge.png,"tf.Tensor(5.325, shape=(), dtype=float32)",5.1282043,0.006039399653673172
/tmp/DataSetCombined/Edges/Round-1_0121486_edge.png,"tf.Tensor(5.044, shape=(), dtype=float32)",4.6858783,0.006039399653673172
/tmp/DataSetCombined/Edges/Round-8_0043699_edge.png,"tf.Tensor(2.336, shape=(), dtype=float32)",2.4557054,0.006039399653673172
/tmp/DataSetCombined/Edges/Round-5_0107884_edge.png,"tf.Tensor(5.192, shape=(), dtype=float32)",4.79024,0.006039399653673172
/tmp/DataSetCombined/Edges/Round-1_0157605_edge.png,"tf.Tensor(5.253, shape=(), dtype=float32)",4.979547,0.006039399653673172
/tmp/DataSetCombined/Edges/Round-3_0076906_edge.png,"tf.Tensor(5.676, shape=(), dtype=float32)",5.270331,0.006039399653673172
/tmp/DataSetCombined/Edges/Round-3_0007667_edge.png,"tf.Tensor(3.422, shape=(), dtype=float32)",3.2836633,0.006039399653673172
/tmp/DataSetCombined/Edges/Round-9_0140148_edge.png,"tf.Tensor(4.954, shape=(), dtype=float32)",4.5858235,0.006039399653673172
/tmp/DataSetCombined/Edges/Round-8_0058039_edge.png,"tf.Tensor(3.613, shape=(), dtype=float32)",3.528419,0.006039399653673172
/tmp/DataSetCombined/Edges/Round-4_0015595_edge.png,"tf.Tensor(5.492, shape=(), dtype=float32)",5.13078,0.006039399653673172
/tmp/DataSetCombined/Edges/Round-7_0091200_edge.png,"tf.Tensor(2.028, shape=(), dtype=float32)",2.1531358,0.006039399653673172
/tmp/DataSetCombined/Edges/Round-10_0001061_edge.png,"tf.Tensor(2.88, shape=(), dtype=float32)",2.963531,0.006039399653673172
/tmp/DataSetCombined/Edges/Round-1_0117001_edge.png,"tf.Tensor(5.569, shape=(), dtype=float32)",5.221102,0.006039399653673172
/tmp/DataSetCombined/Edges/Round-1_0001167_edge.png,"tf.Tensor(5.568, shape=(), dtype=float32)",5.2228885,0.006039399653673172
/tmp/DataSetCombined/Edges/Round-7_0122148_edge.png,"tf.Tensor(5.519, shape=(), dtype=float32)",5.1716104,0.00524517148733139
/tmp/DataSetCombined/Edges/Round-1_0121275_edge.png,"tf.Tensor(5.551, shape=(), dtype=float32)",5.159658,0.00524517148733139
/tmp/DataSetCombined/Edges/Round-5_0049581_edge.png,"tf.Tensor(1.991, shape=(), dtype=float32)",2.0983696,0.00524517148733139
/tmp/DataSetCombined/Edges/Round-1_0087534_edge.png,"tf.Tensor(2.731, shape=(), dtype=float32)",2.7013776,0.00524517148733139
/tmp/DataSetCombined/Edges/Round-9_0071761_edge.png,"tf.Tensor(5.194, shape=(), dtype=float32)",4.767344,0.00524517148733139
/tmp/DataSetCombined/Edges/Round-10_0116307_edge.png,"tf.Tensor(2.415, shape=(), dtype=float32)",2.5921066,0.00524517148733139
/tmp/DataSetCombined/Edges/Round-10_0030704_edge.png,"tf.Tensor(3.886, shape=(), dtype=float32)",3.7198367,0.00524517148733139
/tmp/DataSetCombined/Edges/Round-10_0058848_edge.png,"tf.Tensor(2.046, shape=(), dtype=float32)",2.1612403,0.00524517148733139
/tmp/DataSetCombined/Edges/Round-6_0101799_edge.png,"tf.Tensor(5.658, shape=(), dtype=float32)",5.219832,0.00524517148733139
/tmp/DataSetCombined/Edges/Round-5_0019752_edge.png,"tf.Tensor(2.187, shape=(), dtype=float32)",2.2595544,0.00524517148733139
/tmp/DataSetCombined/Edges/Round-1_0059801_edge.png,"tf.Tensor(2.99, shape=(), dtype=float32)",2.969214,0.00524517148733139
/tmp/DataSetCombined/Edges/Round-2_0088629_edge.png,"tf.Tensor(5.599, shape=(), dtype=float32)",5.2397976,0.00524517148733139
/tmp/DataSetCombined/Edges/Round-9_0074344_edge.png,"tf.Tensor(5.448, shape=(), dtype=float32)",5.131505,0.00524517148733139
/tmp/DataSetCombined/Edges/Round-6_0050419_edge.png,"tf.Tensor(5.036, shape=(), dtype=float32)",4.678833,0.00524517148733139
/tmp/DataSetCombined/Edges/Round-8_0049746_edge.png,"tf.Tensor(4.269, shape=(), dtype=float32)",3.9783902,0.00524517148733139
/tmp/DataSetCombined/Edges/Round-9_0084584_edge.png,"tf.Tensor(5.446, shape=(), dtype=float32)",5.093844,0.00524517148733139
/tmp/DataSetCombined/Edges/Round-9_0108362_edge.png,"tf.Tensor(3.782, shape=(), dtype=float32)",3.680675,0.00524517148733139
/tmp/DataSetCombined/Edges/Round-6_0122417_edge.png,"tf.Tensor(4.73, shape=(), dtype=float32)",4.451052,0.00524517148733139
/tmp/DataSetCombined/Edges/Round-1_0047267_edge.png,"tf.Tensor(5.446, shape=(), dtype=float32)",5.136727,0.00524517148733139
/tmp/DataSetCombined/Edges/Round-9_0054906_edge.png,"tf.Tensor(5.52, shape=(), dtype=float32)",5.175252,0.00524517148733139
/tmp/DataSetCombined/Edges/Round-7_0073990_edge.png,"tf.Tensor(3.328, shape=(), dtype=float32)",3.3151302,0.00524517148733139
/tmp/DataSetCombined/Edges/Round-5_0038173_edge.png,"tf.Tensor(3.013, shape=(), dtype=float32)",2.9938471,0.00524517148733139
/tmp/DataSetCombined/Edges/Round-3_0014239_edge.png,"tf.Tensor(5.156, shape=(), dtype=float32)",4.742632,0.00524517148733139
/tmp/DataSetCombined/Edges/Round-9_0060354_edge.png,"tf.Tensor(1.994, shape=(), dtype=float32)",2.040743,0.00524517148733139
/tmp/DataSetCombined/Edges/Round-8_0021395_edge.png,"tf.Tensor(5.463, shape=(), dtype=float32)",5.11639,0.00524517148733139
/tmp/DataSetCombined/Edges/Round-5_0113332_edge.png,"tf.Tensor(4.806, shape=(), dtype=float32)",4.5853076,0.00524517148733139
/tmp/DataSetCombined/Edges/Round-10_0143337_edge.png,"tf.Tensor(4.792, shape=(), dtype=float32)",4.485255,0.00524517148733139
/tmp/DataSetCombined/Edges/Round-10_0069171_edge.png,"tf.Tensor(5.451, shape=(), dtype=float32)",5.133205,0.00524517148733139
/tmp/DataSetCombined/Edges/Round-10_0061255_edge.png,"tf.Tensor(1.474, shape=(), dtype=float32)",1.5095973,0.00524517148733139
/tmp/DataSetCombined/Edges/Round-8_0045035_edge.png,"tf.Tensor(2.466, shape=(), dtype=float32)",2.48021,0.00524517148733139
/tmp/DataSetCombined/Edges/Round-7_0123758_edge.png,"tf.Tensor(1.977, shape=(), dtype=float32)",2.0379877,0.00524517148733139
/tmp/DataSetCombined/Edges/Round-2_0089773_edge.png,"tf.Tensor(5.035, shape=(), dtype=float32)",4.685785,0.00524517148733139
/tmp/DataSetCombined/Edges/Round-4_0040246_edge.png,"tf.Tensor(4.803, shape=(), dtype=float32)",4.539231,0.00524517148733139
/tmp/DataSetCombined/Edges/Round-9_0033324_edge.png,"tf.Tensor(3.089, shape=(), dtype=float32)",2.983744,0.00524517148733139
/tmp/DataSetCombined/Edges/Round-1_0028101_edge.png,"tf.Tensor(5.224, shape=(), dtype=float32)",4.8155622,0.00524517148733139
/tmp/DataSetCombined/Edges/Round-10_0174911_edge.png,"tf.Tensor(2.507, shape=(), dtype=float32)",2.5832224,0.00524517148733139
/tmp/DataSetCombined/Edges/Round-6_0090061_edge.png,"tf.Tensor(2.032, shape=(), dtype=float32)",2.1697793,0.00524517148733139
/tmp/DataSetCombined/Edges/Round-10_0021975_edge.png,"tf.Tensor(2.078, shape=(), dtype=float32)",2.2011065,0.00524517148733139
/tmp/DataSetCombined/Edges/Round-1_0075343_edge.png,"tf.Tensor(1.963, shape=(), dtype=float32)",2.078322,0.00524517148733139
/tmp/DataSetCombined/Edges/Round-1_0040134_edge.png,"tf.Tensor(3.087, shape=(), dtype=float32)",3.0539403,0.00524517148733139
/tmp/DataSetCombined/Edges/Round-10_0086811_edge.png,"tf.Tensor(1.978, shape=(), dtype=float32)",2.067542,0.00524517148733139
/tmp/DataSetCombined/Edges/Round-8_0045848_edge.png,"tf.Tensor(4.795, shape=(), dtype=float32)",4.4917436,0.00524517148733139
/tmp/DataSetCombined/Edges/Round-2_0098652_edge.png,"tf.Tensor(4.41, shape=(), dtype=float32)",4.1069794,0.00524517148733139
/tmp/DataSetCombined/Edges/Round-10_0017912_edge.png,"tf.Tensor(2.439, shape=(), dtype=float32)",2.5761266,0.00524517148733139
/tmp/DataSetCombined/Edges/Round-10_0104810_edge.png,"tf.Tensor(5.153, shape=(), dtype=float32)",4.7296305,0.00524517148733139
/tmp/DataSetCombined/Edges/Round-5_0059483_edge.png,"tf.Tensor(3.166, shape=(), dtype=float32)",3.1988404,0.00524517148733139
/tmp/DataSetCombined/Edges/Round-3_0025934_edge.png,"tf.Tensor(3.165, shape=(), dtype=float32)",3.1349301,0.00524517148733139
/tmp/DataSetCombined/Edges/Round-7_0059932_edge.png,"tf.Tensor(5.341, shape=(), dtype=float32)",4.9545608,0.00524517148733139
/tmp/DataSetCombined/Edges/Round-5_0051327_edge.png,"tf.Tensor(4.337, shape=(), dtype=float32)",4.0462627,0.00524517148733139
/tmp/DataSetCombined/Edges/Round-8_0057665_edge.png,"tf.Tensor(3.296, shape=(), dtype=float32)",3.2042584,0.00524517148733139
/tmp/DataSetCombined/Edges/Round-7_0100356_edge.png,"tf.Tensor(5.422, shape=(), dtype=float32)",5.0519414,0.00524517148733139
/tmp/DataSetCombined/Edges/Round-6_0078863_edge.png,"tf.Tensor(5.015, shape=(), dtype=float32)",4.744948,0.00524517148733139
/tmp/DataSetCombined/Edges/Round-5_0062102_edge.png,"tf.Tensor(5.032, shape=(), dtype=float32)",4.6825776,0.00524517148733139
/tmp/DataSetCombined/Edges/Round-3_0078200_edge.png,"tf.Tensor(5.222, shape=(), dtype=float32)",5.00876,0.00524517148733139
/tmp/DataSetCombined/Edges/Round-2_0082301_edge.png,"tf.Tensor(2.847, shape=(), dtype=float32)",2.7954333,0.00524517148733139
/tmp/DataSetCombined/Edges/Round-9_0076999_edge.png,"tf.Tensor(3.539, shape=(), dtype=float32)",3.375424,0.00524517148733139
/tmp/DataSetCombined/Edges/Round-3_0056047_edge.png,"tf.Tensor(4.017, shape=(), dtype=float32)",3.83711,0.00524517148733139
/tmp/DataSetCombined/Edges/Round-4_0037537_edge.png,"tf.Tensor(4.797, shape=(), dtype=float32)",4.501367,0.00524517148733139
/tmp/DataSetCombined/Edges/Round-1_0029167_edge.png,"tf.Tensor(4.951, shape=(), dtype=float32)",4.69224,0.00524517148733139
/tmp/DataSetCombined/Edges/Round-10_0061586_edge.png,"tf.Tensor(5.677, shape=(), dtype=float32)",5.2850566,0.00524517148733139
/tmp/DataSetCombined/Edges/Round-1_0108513_edge.png,"tf.Tensor(5.443, shape=(), dtype=float32)",5.1245484,0.00524517148733139
/tmp/DataSetCombined/Edges/Round-2_0074667_edge.png,"tf.Tensor(2.207, shape=(), dtype=float32)",2.2943919,0.00524517148733139
/tmp/DataSetCombined/Edges/Round-7_0116911_edge.png,"tf.Tensor(4.981, shape=(), dtype=float32)",4.627675,0.00524517148733139
/tmp/DataSetCombined/Edges/Round-4_0044671_edge.png,"tf.Tensor(3.536, shape=(), dtype=float32)",3.381164,0.00524517148733139
/tmp/DataSetCombined/Edges/Round-8_0024827_edge.png,"tf.Tensor(5.386, shape=(), dtype=float32)",5.0781493,0.005944561213254929
/tmp/DataSetCombined/Edges/Round-2_0085134_edge.png,"tf.Tensor(5.025, shape=(), dtype=float32)",4.69723,0.005944561213254929
/tmp/DataSetCombined/Edges/Round-10_0132953_edge.png,"tf.Tensor(3.623, shape=(), dtype=float32)",3.5026562,0.005944561213254929
/tmp/DataSetCombined/Edges/Round-9_0006746_edge.png,"tf.Tensor(1.287, shape=(), dtype=float32)",1.38253,0.005944561213254929
/tmp/DataSetCombined/Edges/Round-9_0103938_edge.png,"tf.Tensor(4.956, shape=(), dtype=float32)",4.5814757,0.005944561213254929
/tmp/DataSetCombined/Edges/Round-5_0007411_edge.png,"tf.Tensor(5.353, shape=(), dtype=float32)",4.96749,0.005944561213254929
/tmp/DataSetCombined/Edges/Round-10_0022969_edge.png,"tf.Tensor(2.787, shape=(), dtype=float32)",2.8316126,0.005944561213254929
/tmp/DataSetCombined/Edges/Round-10_0024835_edge.png,"tf.Tensor(3.493, shape=(), dtype=float32)",3.3526134,0.005944561213254929
/tmp/DataSetCombined/Edges/Round-9_0178103_edge.png,"tf.Tensor(3.733, shape=(), dtype=float32)",3.6752734,0.005944561213254929
/tmp/DataSetCombined/Edges/Round-8_0047203_edge.png,"tf.Tensor(5.443, shape=(), dtype=float32)",5.1293077,0.005944561213254929
/tmp/DataSetCombined/Edges/Round-7_0133519_edge.png,"tf.Tensor(5.018, shape=(), dtype=float32)",4.733054,0.005944561213254929
/tmp/DataSetCombined/Edges/Round-3_0087772_edge.png,"tf.Tensor(1.872, shape=(), dtype=float32)",1.8992555,0.005944561213254929
/tmp/DataSetCombined/Edges/Round-1_0122389_edge.png,"tf.Tensor(1.525, shape=(), dtype=float32)",1.5456455,0.005944561213254929
/tmp/DataSetCombined/Edges/Round-9_0051022_edge.png,"tf.Tensor(3.13, shape=(), dtype=float32)",3.1488461,0.005944561213254929
/tmp/DataSetCombined/Edges/Round-9_0128130_edge.png,"tf.Tensor(4.78, shape=(), dtype=float32)",4.479399,0.005944561213254929
/tmp/DataSetCombined/Edges/Round-7_0011080_edge.png,"tf.Tensor(5.156, shape=(), dtype=float32)",4.9415407,0.005944561213254929
/tmp/DataSetCombined/Edges/Round-5_0081366_edge.png,"tf.Tensor(5.153, shape=(), dtype=float32)",4.740343,0.005944561213254929
/tmp/DataSetCombined/Edges/Round-10_0097826_edge.png,"tf.Tensor(4.631, shape=(), dtype=float32)",4.356611,0.005944561213254929
/tmp/DataSetCombined/Edges/Round-6_0041931_edge.png,"tf.Tensor(5.073, shape=(), dtype=float32)",4.716404,0.005944561213254929
/tmp/DataSetCombined/Edges/Round-1_0027334_edge.png,"tf.Tensor(5.342, shape=(), dtype=float32)",4.9552135,0.005944561213254929
/tmp/DataSetCombined/Edges/Round-3_0011771_edge.png,"tf.Tensor(2.876, shape=(), dtype=float32)",2.9397666,0.005944561213254929
/tmp/DataSetCombined/Edges/Round-10_0135571_edge.png,"tf.Tensor(4.271, shape=(), dtype=float32)",3.9821935,0.005944561213254929
/tmp/DataSetCombined/Edges/Round-8_0063847_edge.png,"tf.Tensor(3.538, shape=(), dtype=float32)",3.4875584,0.005944561213254929
/tmp/DataSetCombined/Edges/Round-8_0033473_edge.png,"tf.Tensor(5.031, shape=(), dtype=float32)",4.6852775,0.005944561213254929
/tmp/DataSetCombined/Edges/Round-9_0065711_edge.png,"tf.Tensor(3.964, shape=(), dtype=float32)",3.831165,0.005944561213254929
/tmp/DataSetCombined/Edges/Round-5_0123596_edge.png,"tf.Tensor(5.443, shape=(), dtype=float32)",5.1261497,0.005944561213254929
/tmp/DataSetCombined/Edges/Round-10_0149929_edge.png,"tf.Tensor(3.244, shape=(), dtype=float32)",3.1535726,0.005944561213254929
/tmp/DataSetCombined/Edges/Round-10_0131177_edge.png,"tf.Tensor(5.537, shape=(), dtype=float32)",5.2060146,0.005944561213254929
/tmp/DataSetCombined/Edges/Round-9_0146679_edge.png,"tf.Tensor(2.513, shape=(), dtype=float32)",2.5602818,0.005944561213254929
/tmp/DataSetCombined/Edges/Round-2_0058679_edge.png,"tf.Tensor(4.268, shape=(), dtype=float32)",3.974148,0.005944561213254929
/tmp/DataSetCombined/Edges/Round-1_0149840_edge.png,"tf.Tensor(1.822, shape=(), dtype=float32)",1.9006019,0.005944561213254929
/tmp/DataSetCombined/Edges/Round-5_0045999_edge.png,"tf.Tensor(1.911, shape=(), dtype=float32)",2.0281858,0.005944561213254929
/tmp/DataSetCombined/Edges/Round-7_0111041_edge.png,"tf.Tensor(5.341, shape=(), dtype=float32)",4.9509077,0.005944561213254929
/tmp/DataSetCombined/Edges/Round-6_0100384_edge.png,"tf.Tensor(5.446, shape=(), dtype=float32)",5.099843,0.005944561213254929
/tmp/DataSetCombined/Edges/Round-10_0124917_edge.png,"tf.Tensor(2.762, shape=(), dtype=float32)",2.8587732,0.005944561213254929
/tmp/DataSetCombined/Edges/Round-2_0030400_edge.png,"tf.Tensor(3.087, shape=(), dtype=float32)",3.0564654,0.005944561213254929
/tmp/DataSetCombined/Edges/Round-3_0028747_edge.png,"tf.Tensor(5.562, shape=(), dtype=float32)",5.16819,0.005944561213254929
/tmp/DataSetCombined/Edges/Round-10_0151946_edge.png,"tf.Tensor(5.169, shape=(), dtype=float32)",4.739474,0.005944561213254929
/tmp/DataSetCombined/Edges/Round-7_0108603_edge.png,"tf.Tensor(2.404, shape=(), dtype=float32)",2.5068588,0.005944561213254929
/tmp/DataSetCombined/Edges/Round-7_0034829_edge.png,"tf.Tensor(2.669, shape=(), dtype=float32)",2.7708123,0.005944561213254929
/tmp/DataSetCombined/Edges/Round-10_0179908_edge.png,"tf.Tensor(3.149, shape=(), dtype=float32)",3.1651554,0.005944561213254929
/tmp/DataSetCombined/Edges/Round-7_0066614_edge.png,"tf.Tensor(3.506, shape=(), dtype=float32)",3.3920982,0.005944561213254929
/tmp/DataSetCombined/Edges/Round-2_0093656_edge.png,"tf.Tensor(5.459, shape=(), dtype=float32)",5.1618366,0.005944561213254929
/tmp/DataSetCombined/Edges/Round-10_0069382_edge.png,"tf.Tensor(2.742, shape=(), dtype=float32)",2.8204641,0.005944561213254929
/tmp/DataSetCombined/Edges/Round-1_0071700_edge.png,"tf.Tensor(5.243, shape=(), dtype=float32)",4.8422823,0.005944561213254929
/tmp/DataSetCombined/Edges/Round-1_0009100_edge.png,"tf.Tensor(2.886, shape=(), dtype=float32)",2.8938298,0.005944561213254929
/tmp/DataSetCombined/Edges/Round-7_0036837_edge.png,"tf.Tensor(4.263, shape=(), dtype=float32)",3.968307,0.005944561213254929
/tmp/DataSetCombined/Edges/Round-6_0039751_edge.png,"tf.Tensor(5.23, shape=(), dtype=float32)",4.925825,0.005944561213254929
/tmp/DataSetCombined/Edges/Round-1_0008034_edge.png,"tf.Tensor(5.239, shape=(), dtype=float32)",4.9721117,0.005944561213254929
/tmp/DataSetCombined/Edges/Round-3_0064415_edge.png,"tf.Tensor(1.877, shape=(), dtype=float32)",1.9034204,0.005944561213254929
/tmp/DataSetCombined/Edges/Round-6_0035429_edge.png,"tf.Tensor(2.513, shape=(), dtype=float32)",2.5340688,0.005944561213254929
/tmp/DataSetCombined/Edges/Round-5_0025952_edge.png,"tf.Tensor(5.508, shape=(), dtype=float32)",5.1370087,0.005944561213254929
/tmp/DataSetCombined/Edges/Round-10_0175972_edge.png,"tf.Tensor(4.785, shape=(), dtype=float32)",4.483158,0.005944561213254929
/tmp/DataSetCombined/Edges/Round-9_0026702_edge.png,"tf.Tensor(5.404, shape=(), dtype=float32)",5.07304,0.005944561213254929
/tmp/DataSetCombined/Edges/Round-1_0154776_edge.png,"tf.Tensor(5.156, shape=(), dtype=float32)",4.7393827,0.005944561213254929
/tmp/DataSetCombined/Edges/Round-10_0051383_edge.png,"tf.Tensor(5.132, shape=(), dtype=float32)",4.865633,0.005944561213254929
/tmp/DataSetCombined/Edges/Round-9_0179518_edge.png,"tf.Tensor(4.607, shape=(), dtype=float32)",4.3626695,0.005944561213254929
/tmp/DataSetCombined/Edges/Round-10_0112726_edge.png,"tf.Tensor(2.351, shape=(), dtype=float32)",2.3879302,0.005944561213254929
/tmp/DataSetCombined/Edges/Round-1_0029934_edge.png,"tf.Tensor(4.287, shape=(), dtype=float32)",3.996496,0.005944561213254929
/tmp/DataSetCombined/Edges/Round-10_0024775_edge.png,"tf.Tensor(5.25, shape=(), dtype=float32)",4.978441,0.005944561213254929
/tmp/DataSetCombined/Edges/Round-9_0197409_edge.png,"tf.Tensor(1.743, shape=(), dtype=float32)",1.7582524,0.005944561213254929
/tmp/DataSetCombined/Edges/Round-4_0061707_edge.png,"tf.Tensor(3.499, shape=(), dtype=float32)",3.4535239,0.005944561213254929
/tmp/DataSetCombined/Edges/Round-3_0070796_edge.png,"tf.Tensor(5.182, shape=(), dtype=float32)",4.91669,0.005944561213254929
/tmp/DataSetCombined/Edges/Round-9_0171240_edge.png,"tf.Tensor(5.559, shape=(), dtype=float32)",5.1682763,0.005944561213254929
/tmp/DataSetCombined/Edges/Round-10_0128588_edge.png,"tf.Tensor(5.664, shape=(), dtype=float32)",5.2364173,0.005878333002328873
/tmp/DataSetCombined/Edges/Round-7_0019689_edge.png,"tf.Tensor(4.978, shape=(), dtype=float32)",4.6645584,0.005878333002328873
/tmp/DataSetCombined/Edges/Round-9_0118205_edge.png,"tf.Tensor(5.517, shape=(), dtype=float32)",5.176369,0.005878333002328873
/tmp/DataSetCombined/Edges/Round-8_0057454_edge.png,"tf.Tensor(5.562, shape=(), dtype=float32)",5.170838,0.005878333002328873
/tmp/DataSetCombined/Edges/Round-7_0052076_edge.png,"tf.Tensor(2.262, shape=(), dtype=float32)",2.3794076,0.005878333002328873
/tmp/DataSetCombined/Edges/Round-2_0091941_edge.png,"tf.Tensor(3.399, shape=(), dtype=float32)",3.3613474,0.005878333002328873
/tmp/DataSetCombined/Edges/Round-7_0063303_edge.png,"tf.Tensor(4.761, shape=(), dtype=float32)",4.4951453,0.005878333002328873
/tmp/DataSetCombined/Edges/Round-2_0030200_edge.png,"tf.Tensor(5.324, shape=(), dtype=float32)",5.0267797,0.005878333002328873
/tmp/DataSetCombined/Edges/Round-10_0091084_edge.png,"tf.Tensor(3.276, shape=(), dtype=float32)",3.1793315,0.005878333002328873
/tmp/DataSetCombined/Edges/Round-9_0110258_edge.png,"tf.Tensor(3.426, shape=(), dtype=float32)",3.2898989,0.005878333002328873
/tmp/DataSetCombined/Edges/Round-10_0167447_edge.png,"tf.Tensor(5.188, shape=(), dtype=float32)",4.7816176,0.005878333002328873
/tmp/DataSetCombined/Edges/Round-5_0015057_edge.png,"tf.Tensor(1.925, shape=(), dtype=float32)",1.9515724,0.005878333002328873
/tmp/DataSetCombined/Edges/Round-4_0049156_edge.png,"tf.Tensor(3.051, shape=(), dtype=float32)",3.0617225,0.005878333002328873
/tmp/DataSetCombined/Edges/Round-8_0072607_edge.png,"tf.Tensor(2.525, shape=(), dtype=float32)",2.5983772,0.005878333002328873
/tmp/DataSetCombined/Edges/Round-1_0069334_edge.png,"tf.Tensor(2.746, shape=(), dtype=float32)",2.8399858,0.005878333002328873
/tmp/DataSetCombined/Edges/Round-7_0021916_edge.png,"tf.Tensor(5.149, shape=(), dtype=float32)",4.935068,0.005878333002328873
/tmp/DataSetCombined/Edges/Round-6_0066071_edge.png,"tf.Tensor(1.958, shape=(), dtype=float32)",2.0737615,0.005878333002328873
/tmp/DataSetCombined/Edges/Round-1_0060634_edge.png,"tf.Tensor(5.608, shape=(), dtype=float32)",5.2370386,0.005878333002328873
/tmp/DataSetCombined/Edges/Round-9_0069684_edge.png,"tf.Tensor(2.747, shape=(), dtype=float32)",2.806035,0.005878333002328873
/tmp/DataSetCombined/Edges/Round-9_0029230_edge.png,"tf.Tensor(2.215, shape=(), dtype=float32)",2.319325,0.005878333002328873
/tmp/DataSetCombined/Edges/Round-3_0021101_edge.png,"tf.Tensor(2.621, shape=(), dtype=float32)",2.6646686,0.005878333002328873
/tmp/DataSetCombined/Edges/Round-5_0072005_edge.png,"tf.Tensor(5.342, shape=(), dtype=float32)",4.9521003,0.005878333002328873
/tmp/DataSetCombined/Edges/Round-8_0036234_edge.png,"tf.Tensor(3.076, shape=(), dtype=float32)",3.047902,0.005878333002328873
/tmp/DataSetCombined/Edges/Round-4_0089249_edge.png,"tf.Tensor(5.551, shape=(), dtype=float32)",5.2188177,0.005878333002328873
/tmp/DataSetCombined/Edges/Round-10_0165069_edge.png,"tf.Tensor(3.1, shape=(), dtype=float32)",3.086296,0.005878333002328873
/tmp/DataSetCombined/Edges/Round-10_0116247_edge.png,"tf.Tensor(4.788, shape=(), dtype=float32)",4.491987,0.005878333002328873
/tmp/DataSetCombined/Edges/Round-1_0059634_edge.png,"tf.Tensor(5.377, shape=(), dtype=float32)",4.994372,0.005878333002328873
/tmp/DataSetCombined/Edges/Round-8_0028770_edge.png,"tf.Tensor(5.55, shape=(), dtype=float32)",5.216749,0.005878333002328873
/tmp/DataSetCombined/Edges/Round-7_0032933_edge.png,"tf.Tensor(3.047, shape=(), dtype=float32)",2.9566562,0.005878333002328873
/tmp/DataSetCombined/Edges/Round-10_0047078_edge.png,"tf.Tensor(2.524, shape=(), dtype=float32)",2.6064413,0.005878333002328873
/tmp/DataSetCombined/Edges/Round-5_0116041_edge.png,"tf.Tensor(4.982, shape=(), dtype=float32)",4.6324687,0.005878333002328873
/tmp/DataSetCombined/Edges/Round-10_0007678_edge.png,"tf.Tensor(2.155, shape=(), dtype=float32)",2.2287261,0.005878333002328873
/tmp/DataSetCombined/Edges/Round-8_0045385_edge.png,"tf.Tensor(4.465, shape=(), dtype=float32)",4.1566305,0.005878333002328873
/tmp/DataSetCombined/Edges/Round-10_0057794_edge.png,"tf.Tensor(3.321, shape=(), dtype=float32)",3.288124,0.005878333002328873
/tmp/DataSetCombined/Edges/Round-5_0060357_edge.png,"tf.Tensor(5.656, shape=(), dtype=float32)",5.250818,0.005878333002328873
/tmp/DataSetCombined/Edges/Round-5_0027427_edge.png,"tf.Tensor(3.84, shape=(), dtype=float32)",3.757955,0.005878333002328873
/tmp/DataSetCombined/Edges/Round-8_0018849_edge.png,"tf.Tensor(3.558, shape=(), dtype=float32)",3.3993187,0.005878333002328873
/tmp/DataSetCombined/Edges/Round-9_0081002_edge.png,"tf.Tensor(5.118, shape=(), dtype=float32)",4.780227,0.005878333002328873
/tmp/DataSetCombined/Edges/Round-4_0047621_edge.png,"tf.Tensor(2.592, shape=(), dtype=float32)",2.5943358,0.005878333002328873
/tmp/DataSetCombined/Edges/Round-7_0001298_edge.png,"tf.Tensor(2.487, shape=(), dtype=float32)",2.6778743,0.005878333002328873
/tmp/DataSetCombined/Edges/Round-9_0090634_edge.png,"tf.Tensor(5.56, shape=(), dtype=float32)",5.171944,0.005878333002328873
/tmp/DataSetCombined/Edges/Round-5_0083593_edge.png,"tf.Tensor(2.495, shape=(), dtype=float32)",2.5047734,0.005878333002328873
/tmp/DataSetCombined/Edges/Round-6_0003614_edge.png,"tf.Tensor(5.457, shape=(), dtype=float32)",5.1174397,0.005878333002328873
/tmp/DataSetCombined/Edges/Round-5_0066617_edge.png,"tf.Tensor(5.672, shape=(), dtype=float32)",5.2644544,0.005878333002328873
/tmp/DataSetCombined/Edges/Round-1_0076878_edge.png,"tf.Tensor(5.655, shape=(), dtype=float32)",5.229533,0.005878333002328873
/tmp/DataSetCombined/Edges/Round-9_0022428_edge.png,"tf.Tensor(3.328, shape=(), dtype=float32)",3.2200973,0.005878333002328873
/tmp/DataSetCombined/Edges/Round-6_0004819_edge.png,"tf.Tensor(5.558, shape=(), dtype=float32)",5.1686406,0.005878333002328873
/tmp/DataSetCombined/Edges/Round-2_0062954_edge.png,"tf.Tensor(1.547, shape=(), dtype=float32)",1.5450408,0.005878333002328873
/tmp/DataSetCombined/Edges/Round-5_0055540_edge.png,"tf.Tensor(2.418, shape=(), dtype=float32)",2.4985285,0.005878333002328873
/tmp/DataSetCombined/Edges/Round-6_0116156_edge.png,"tf.Tensor(5.026, shape=(), dtype=float32)",4.7487464,0.005878333002328873
/tmp/DataSetCombined/Edges/Round-6_0017189_edge.png,"tf.Tensor(2.94, shape=(), dtype=float32)",2.9847891,0.005878333002328873
/tmp/DataSetCombined/Edges/Round-6_0037566_edge.png,"tf.Tensor(2.58, shape=(), dtype=float32)",2.6349108,0.005878333002328873
/tmp/DataSetCombined/Edges/Round-10_0124705_edge.png,"tf.Tensor(3.649, shape=(), dtype=float32)",3.5363612,0.005878333002328873
/tmp/DataSetCombined/Edges/Round-8_0004630_edge.png,"tf.Tensor(5.127, shape=(), dtype=float32)",4.7404327,0.005878333002328873
/tmp/DataSetCombined/Edges/Round-5_0066707_edge.png,"tf.Tensor(5.036, shape=(), dtype=float32)",4.6878533,0.005878333002328873
/tmp/DataSetCombined/Edges/Round-1_0025200_edge.png,"tf.Tensor(3.948, shape=(), dtype=float32)",3.873374,0.005878333002328873
/tmp/DataSetCombined/Edges/Round-10_0034467_edge.png,"tf.Tensor(3.848, shape=(), dtype=float32)",3.764329,0.005878333002328873
/tmp/DataSetCombined/Edges/Round-5_0084286_edge.png,"tf.Tensor(5.608, shape=(), dtype=float32)",5.201432,0.005878333002328873
/tmp/DataSetCombined/Edges/Round-9_0176869_edge.png,"tf.Tensor(2.843, shape=(), dtype=float32)",2.8708436,0.005878333002328873
/tmp/DataSetCombined/Edges/Round-10_0049035_edge.png,"tf.Tensor(5.444, shape=(), dtype=float32)",5.1262927,0.005878333002328873
/tmp/DataSetCombined/Edges/Round-8_0086862_edge.png,"tf.Tensor(3.623, shape=(), dtype=float32)",3.5789545,0.005878333002328873
/tmp/DataSetCombined/Edges/Round-9_0137259_edge.png,"tf.Tensor(4.551, shape=(), dtype=float32)",4.410682,0.005878333002328873
/tmp/DataSetCombined/Edges/Round-8_0020987_edge.png,"tf.Tensor(5.571, shape=(), dtype=float32)",5.220154,0.005878333002328873
/tmp/DataSetCombined/Edges/Round-1_0124195_edge.png,"tf.Tensor(4.604, shape=(), dtype=float32)",4.368569,0.005878333002328873
/tmp/DataSetCombined/Edges/Round-9_0155288_edge.png,"tf.Tensor(5.511, shape=(), dtype=float32)",5.197828,0.004442058503627777
/tmp/DataSetCombined/Edges/Round-5_0087777_edge.png,"tf.Tensor(5.459, shape=(), dtype=float32)",5.151797,0.004442058503627777
/tmp/DataSetCombined/Edges/Round-7_0121426_edge.png,"tf.Tensor(5.344, shape=(), dtype=float32)",4.9536123,0.004442058503627777
/tmp/DataSetCombined/Edges/Round-1_0077601_edge.png,"tf.Tensor(3.747, shape=(), dtype=float32)",3.6860447,0.004442058503627777
/tmp/DataSetCombined/Edges/Round-7_0059511_edge.png,"tf.Tensor(2.574, shape=(), dtype=float32)",2.643535,0.004442058503627777
/tmp/DataSetCombined/Edges/Round-10_0126993_edge.png,"tf.Tensor(2.864, shape=(), dtype=float32)",2.8797028,0.004442058503627777
/tmp/DataSetCombined/Edges/Round-1_0137323_edge.png,"tf.Tensor(4.673, shape=(), dtype=float32)",4.3980308,0.004442058503627777
/tmp/DataSetCombined/Edges/Round-9_0071912_edge.png,"tf.Tensor(5.154, shape=(), dtype=float32)",4.744095,0.004442058503627777
/tmp/DataSetCombined/Edges/Round-7_0034167_edge.png,"tf.Tensor(5.633, shape=(), dtype=float32)",5.2812877,0.004442058503627777
/tmp/DataSetCombined/Edges/Round-7_0076001_edge.png,"tf.Tensor(5.035, shape=(), dtype=float32)",4.6831245,0.004442058503627777
/tmp/DataSetCombined/Edges/Round-3_0086327_edge.png,"tf.Tensor(3.258, shape=(), dtype=float32)",3.2611628,0.004442058503627777
/tmp/DataSetCombined/Edges/Round-10_0026527_edge.png,"tf.Tensor(4.847, shape=(), dtype=float32)",4.585517,0.004442058503627777
/tmp/DataSetCombined/Edges/Round-10_0099512_edge.png,"tf.Tensor(2.18, shape=(), dtype=float32)",2.2798667,0.004442058503627777
/tmp/DataSetCombined/Edges/Round-7_0070226_edge.png,"tf.Tensor(3.374, shape=(), dtype=float32)",3.3558538,0.004442058503627777
/tmp/DataSetCombined/Edges/Round-9_0122750_edge.png,"tf.Tensor(5.693, shape=(), dtype=float32)",5.2511992,0.004442058503627777
/tmp/DataSetCombined/Edges/Round-7_0098008_edge.png,"tf.Tensor(5.036, shape=(), dtype=float32)",4.6799226,0.004442058503627777
/tmp/DataSetCombined/Edges/Round-7_0010329_edge.png,"tf.Tensor(2.26, shape=(), dtype=float32)",2.3179262,0.004442058503627777
/tmp/DataSetCombined/Edges/Round-1_0083864_edge.png,"tf.Tensor(5.484, shape=(), dtype=float32)",5.128814,0.004442058503627777
/tmp/DataSetCombined/Edges/Round-5_0061801_edge.png,"tf.Tensor(5.514, shape=(), dtype=float32)",5.1652923,0.004442058503627777
/tmp/DataSetCombined/Edges/Round-1_0165707_edge.png,"tf.Tensor(2.212, shape=(), dtype=float32)",2.2935913,0.004442058503627777
/tmp/DataSetCombined/Edges/Round-7_0112907_edge.png,"tf.Tensor(5.65, shape=(), dtype=float32)",5.2393093,0.004442058503627777
/tmp/DataSetCombined/Edges/Round-9_0018335_edge.png,"tf.Tensor(2.699, shape=(), dtype=float32)",2.754298,0.004442058503627777
/tmp/DataSetCombined/Edges/Round-10_0122448_edge.png,"tf.Tensor(5.083, shape=(), dtype=float32)",4.7153106,0.004442058503627777
/tmp/DataSetCombined/Edges/Round-9_0183551_edge.png,"tf.Tensor(4.657, shape=(), dtype=float32)",4.3521514,0.004442058503627777
/tmp/DataSetCombined/Edges/Round-6_0088706_edge.png,"tf.Tensor(4.789, shape=(), dtype=float32)",4.484264,0.004442058503627777
/tmp/DataSetCombined/Edges/Round-8_0030226_edge.png,"tf.Tensor(5.036, shape=(), dtype=float32)",4.6949577,0.004442058503627777
/tmp/DataSetCombined/Edges/Round-9_0098911_edge.png,"tf.Tensor(5.38, shape=(), dtype=float32)",5.0920973,0.004442058503627777
/tmp/DataSetCombined/Edges/Round-1_0043500_edge.png,"tf.Tensor(5.562, shape=(), dtype=float32)",5.175609,0.004442058503627777
/tmp/DataSetCombined/Edges/Round-10_0081873_edge.png,"tf.Tensor(3.998, shape=(), dtype=float32)",3.892187,0.004442058503627777
/tmp/DataSetCombined/Edges/Round-10_0193001_edge.png,"tf.Tensor(5.579, shape=(), dtype=float32)",5.2190924,0.004442058503627777
/tmp/DataSetCombined/Edges/Round-7_0056170_edge.png,"tf.Tensor(5.184, shape=(), dtype=float32)",4.767171,0.004442058503627777
/tmp/DataSetCombined/Edges/Round-1_0034691_edge.png,"tf.Tensor(5.453, shape=(), dtype=float32)",5.136377,0.004442058503627777
/tmp/DataSetCombined/Edges/Round-10_0038741_edge.png,"tf.Tensor(1.93, shape=(), dtype=float32)",2.0519514,0.004442058503627777
/tmp/DataSetCombined/Edges/Round-10_0042022_edge.png,"tf.Tensor(4.346, shape=(), dtype=float32)",4.094684,0.004442058503627777
/tmp/DataSetCombined/Edges/Round-2_0085498_edge.png,"tf.Tensor(4.392, shape=(), dtype=float32)",4.165606,0.004442058503627777
/tmp/DataSetCombined/Edges/Round-7_0061226_edge.png,"tf.Tensor(1.95, shape=(), dtype=float32)",2.061356,0.004442058503627777
/tmp/DataSetCombined/Edges/Round-7_0080340_edge.png,"tf.Tensor(2.389, shape=(), dtype=float32)",2.4471905,0.004442058503627777
/tmp/DataSetCombined/Edges/Round-1_0049300_edge.png,"tf.Tensor(2.533, shape=(), dtype=float32)",2.601643,0.004442058503627777
/tmp/DataSetCombined/Edges/Round-8_0042525_edge.png,"tf.Tensor(3.503, shape=(), dtype=float32)",3.3639436,0.004442058503627777
/tmp/DataSetCombined/Edges/Round-6_0004126_edge.png,"tf.Tensor(3.206, shape=(), dtype=float32)",3.1312246,0.004442058503627777
/tmp/DataSetCombined/Edges/Round-10_0135180_edge.png,"tf.Tensor(4.063, shape=(), dtype=float32)",3.891004,0.004442058503627777
/tmp/DataSetCombined/Edges/Round-7_0068601_edge.png,"tf.Tensor(5.584, shape=(), dtype=float32)",5.174153,0.004442058503627777
/tmp/DataSetCombined/Edges/Round-6_0006213_edge.png,"tf.Tensor(4.444, shape=(), dtype=float32)",4.138699,0.004442058503627777
/tmp/DataSetCombined/Edges/Round-9_0044864_edge.png,"tf.Tensor(3.349, shape=(), dtype=float32)",3.2986257,0.004442058503627777
/tmp/DataSetCombined/Edges/Round-4_0073356_edge.png,"tf.Tensor(2.559, shape=(), dtype=float32)",2.5792308,0.004442058503627777
/tmp/DataSetCombined/Edges/Round-10_0048192_edge.png,"tf.Tensor(5.555, shape=(), dtype=float32)",5.219907,0.004442058503627777
/tmp/DataSetCombined/Edges/Round-6_0020681_edge.png,"tf.Tensor(1.997, shape=(), dtype=float32)",2.1119525,0.004442058503627777
/tmp/DataSetCombined/Edges/Round-10_0034617_edge.png,"tf.Tensor(5.521, shape=(), dtype=float32)",5.1728168,0.004442058503627777
/tmp/DataSetCombined/Edges/Round-6_0012193_edge.png,"tf.Tensor(4.378, shape=(), dtype=float32)",4.0927405,0.004442058503627777
/tmp/DataSetCombined/Edges/Round-7_0037989_edge.png,"tf.Tensor(4.267, shape=(), dtype=float32)",3.982689,0.004442058503627777
/tmp/DataSetCombined/Edges/Round-8_0045716_edge.png,"tf.Tensor(4.265, shape=(), dtype=float32)",3.973697,0.004442058503627777
/tmp/DataSetCombined/Edges/Round-6_0015955_edge.png,"tf.Tensor(3.938, shape=(), dtype=float32)",3.7832491,0.004442058503627777
/tmp/DataSetCombined/Edges/Round-9_0101499_edge.png,"tf.Tensor(4.699, shape=(), dtype=float32)",4.4213066,0.004442058503627777
/tmp/DataSetCombined/Edges/Round-3_0034534_edge.png,"tf.Tensor(5.586, shape=(), dtype=float32)",5.198223,0.004442058503627777
/tmp/DataSetCombined/Edges/Round-5_0000940_edge.png,"tf.Tensor(2.143, shape=(), dtype=float32)",2.2072163,0.004442058503627777
/tmp/DataSetCombined/Edges/Round-3_0040787_edge.png,"tf.Tensor(5.517, shape=(), dtype=float32)",5.184586,0.004442058503627777
/tmp/DataSetCombined/Edges/Round-5_0081637_edge.png,"tf.Tensor(4.738, shape=(), dtype=float32)",4.4331765,0.004442058503627777
/tmp/DataSetCombined/Edges/Round-10_0068479_edge.png,"tf.Tensor(4.431, shape=(), dtype=float32)",4.1946917,0.004442058503627777
/tmp/DataSetCombined/Edges/Round-7_0018124_edge.png,"tf.Tensor(5.117, shape=(), dtype=float32)",4.7850213,0.004442058503627777
/tmp/DataSetCombined/Edges/Round-3_0015895_edge.png,"tf.Tensor(2.134, shape=(), dtype=float32)",2.238104,0.004442058503627777
/tmp/DataSetCombined/Edges/Round-5_0016291_edge.png,"tf.Tensor(5.653, shape=(), dtype=float32)",5.2373633,0.004442058503627777
/tmp/DataSetCombined/Edges/Round-1_0038000_edge.png,"tf.Tensor(5.632, shape=(), dtype=float32)",5.2491183,0.004442058503627777
/tmp/DataSetCombined/Edges/Round-1_0104690_edge.png,"tf.Tensor(1.828, shape=(), dtype=float32)",1.8522077,0.004442058503627777
/tmp/DataSetCombined/Edges/Round-9_0044070_edge.png,"tf.Tensor(1.813, shape=(), dtype=float32)",1.8531421,0.004442058503627777
/tmp/DataSetCombined/Edges/Round-6_0127504_edge.png,"tf.Tensor(5.514, shape=(), dtype=float32)",5.186746,0.0054650940001010895
/tmp/DataSetCombined/Edges/Round-8_0009777_edge.png,"tf.Tensor(2.898, shape=(), dtype=float32)",2.9742227,0.0054650940001010895
/tmp/DataSetCombined/Edges/Round-10_0037642_edge.png,"tf.Tensor(5.517, shape=(), dtype=float32)",5.18735,0.0054650940001010895
/tmp/DataSetCombined/Edges/Round-3_0012674_edge.png,"tf.Tensor(2.968, shape=(), dtype=float32)",2.8801777,0.0054650940001010895
/tmp/DataSetCombined/Edges/Round-10_0187885_edge.png,"tf.Tensor(5.503, shape=(), dtype=float32)",5.1549063,0.0054650940001010895
/tmp/DataSetCombined/Edges/Round-7_0091657_edge.png,"tf.Tensor(2.441, shape=(), dtype=float32)",2.541749,0.0054650940001010895
/tmp/DataSetCombined/Edges/Round-9_0078774_edge.png,"tf.Tensor(4.312, shape=(), dtype=float32)",4.027274,0.0054650940001010895
/tmp/DataSetCombined/Edges/Round-3_0084732_edge.png,"tf.Tensor(5.217, shape=(), dtype=float32)",4.805761,0.0054650940001010895
/tmp/DataSetCombined/Edges/Round-8_0001273_edge.png,"tf.Tensor(4.676, shape=(), dtype=float32)",4.4032826,0.0054650940001010895
/tmp/DataSetCombined/Edges/Round-8_0067068_edge.png,"tf.Tensor(5.665, shape=(), dtype=float32)",5.2709813,0.0054650940001010895
/tmp/DataSetCombined/Edges/Round-5_0061079_edge.png,"tf.Tensor(4.461, shape=(), dtype=float32)",4.1556892,0.0054650940001010895
/tmp/DataSetCombined/Edges/Round-2_0059467_edge.png,"tf.Tensor(5.619, shape=(), dtype=float32)",5.223807,0.0054650940001010895
/tmp/DataSetCombined/Edges/Round-6_0124314_edge.png,"tf.Tensor(3.406, shape=(), dtype=float32)",3.2826583,0.0054650940001010895
/tmp/DataSetCombined/Edges/Round-5_0076520_edge.png,"tf.Tensor(5.343, shape=(), dtype=float32)",5.0511737,0.0054650940001010895
/tmp/DataSetCombined/Edges/Round-8_0055269_edge.png,"tf.Tensor(2.692, shape=(), dtype=float32)",2.75136,0.0054650940001010895
/tmp/DataSetCombined/Edges/Round-1_0124708_edge.png,"tf.Tensor(5.443, shape=(), dtype=float32)",5.120273,0.0054650940001010895
/tmp/DataSetCombined/Edges/Round-4_0045123_edge.png,"tf.Tensor(5.677, shape=(), dtype=float32)",5.2687154,0.0054650940001010895
/tmp/DataSetCombined/Edges/Round-9_0183792_edge.png,"tf.Tensor(5.443, shape=(), dtype=float32)",5.0993357,0.0054650940001010895
/tmp/DataSetCombined/Edges/Round-9_0066042_edge.png,"tf.Tensor(4.786, shape=(), dtype=float32)",4.4911757,0.0054650940001010895
/tmp/DataSetCombined/Edges/Round-10_0114802_edge.png,"tf.Tensor(2.887, shape=(), dtype=float32)",2.8103693,0.0054650940001010895
/tmp/DataSetCombined/Edges/Round-9_0092229_edge.png,"tf.Tensor(4.774, shape=(), dtype=float32)",4.4676957,0.0054650940001010895
/tmp/DataSetCombined/Edges/Round-9_0055868_edge.png,"tf.Tensor(2.885, shape=(), dtype=float32)",2.9653082,0.0054650940001010895
/tmp/DataSetCombined/Edges/Round-3_0058847_edge.png,"tf.Tensor(1.691, shape=(), dtype=float32)",1.7341893,0.0054650940001010895
/tmp/DataSetCombined/Edges/Round-9_0046267_edge.png,"tf.Tensor(3.151, shape=(), dtype=float32)",3.0804787,0.0054650940001010895
/tmp/DataSetCombined/Edges/Round-9_0135603_edge.png,"tf.Tensor(3.299, shape=(), dtype=float32)",3.290918,0.0054650940001010895
/tmp/DataSetCombined/Edges/Round-5_0033418_edge.png,"tf.Tensor(5.071, shape=(), dtype=float32)",4.717924,0.0054650940001010895
/tmp/DataSetCombined/Edges/Round-2_0092451_edge.png,"tf.Tensor(4.265, shape=(), dtype=float32)",3.9804986,0.0054650940001010895
/tmp/DataSetCombined/Edges/Round-6_0019055_edge.png,"tf.Tensor(4.957, shape=(), dtype=float32)",4.5932283,0.0054650940001010895
/tmp/DataSetCombined/Edges/Round-1_0039634_edge.png,"tf.Tensor(3.523, shape=(), dtype=float32)",3.3801737,0.0054650940001010895
/tmp/DataSetCombined/Edges/Round-2_0024400_edge.png,"tf.Tensor(3.856, shape=(), dtype=float32)",3.7653265,0.0054650940001010895
/tmp/DataSetCombined/Edges/Round-9_0186892_edge.png,"tf.Tensor(5.445, shape=(), dtype=float32)",5.1314607,0.0054650940001010895
/tmp/DataSetCombined/Edges/Round-8_0034531_edge.png,"tf.Tensor(5.122, shape=(), dtype=float32)",4.7850213,0.0054650940001010895
/tmp/DataSetCombined/Edges/Round-1_0133074_edge.png,"tf.Tensor(5.568, shape=(), dtype=float32)",5.2201395,0.0054650940001010895
/tmp/DataSetCombined/Edges/Round-6_0119125_edge.png,"tf.Tensor(4.263, shape=(), dtype=float32)",3.9800477,0.0054650940001010895
/tmp/DataSetCombined/Edges/Round-9_0103246_edge.png,"tf.Tensor(2.423, shape=(), dtype=float32)",2.5871227,0.0054650940001010895
/tmp/DataSetCombined/Edges/Round-9_0132412_edge.png,"tf.Tensor(2.18, shape=(), dtype=float32)",2.234958,0.0054650940001010895
/tmp/DataSetCombined/Edges/Round-1_0147101_edge.png,"tf.Tensor(4.742, shape=(), dtype=float32)",4.456262,0.0054650940001010895
/tmp/DataSetCombined/Edges/Round-7_0097978_edge.png,"tf.Tensor(5.568, shape=(), dtype=float32)",5.2179446,0.0054650940001010895
/tmp/DataSetCombined/Edges/Round-1_0048934_edge.png,"tf.Tensor(3.317, shape=(), dtype=float32)",3.2154408,0.0054650940001010895
/tmp/DataSetCombined/Edges/Round-9_0121997_edge.png,"tf.Tensor(2.012, shape=(), dtype=float32)",2.0495968,0.0054650940001010895
/tmp/DataSetCombined/Edges/Round-8_0002974_edge.png,"tf.Tensor(5.552, shape=(), dtype=float32)",5.2323456,0.0054650940001010895
/tmp/DataSetCombined/Edges/Round-8_0069314_edge.png,"tf.Tensor(5.357, shape=(), dtype=float32)",5.0429134,0.0054650940001010895
/tmp/DataSetCombined/Edges/Round-10_0195861_edge.png,"tf.Tensor(4.335, shape=(), dtype=float32)",4.054867,0.0054650940001010895
/tmp/DataSetCombined/Edges/Round-8_0055691_edge.png,"tf.Tensor(5.033, shape=(), dtype=float32)",4.687386,0.0054650940001010895
/tmp/DataSetCombined/Edges/Round-9_0162663_edge.png,"tf.Tensor(5.448, shape=(), dtype=float32)",5.125584,0.0054650940001010895
/tmp/DataSetCombined/Edges/Round-10_0010447_edge.png,"tf.Tensor(4.506, shape=(), dtype=float32)",4.197361,0.0054650940001010895
/tmp/DataSetCombined/Edges/Round-10_0133193_edge.png,"tf.Tensor(4.265, shape=(), dtype=float32)",3.9794443,0.0054650940001010895
/tmp/DataSetCombined/Edges/Round-10_0137648_edge.png,"tf.Tensor(2.319, shape=(), dtype=float32)",2.4228191,0.0054650940001010895
/tmp/DataSetCombined/Edges/Round-4_0029741_edge.png,"tf.Tensor(4.264, shape=(), dtype=float32)",3.9725912,0.0054650940001010895
/tmp/DataSetCombined/Edges/Round-1_0046600_edge.png,"tf.Tensor(1.942, shape=(), dtype=float32)",2.0523784,0.0054650940001010895
/tmp/DataSetCombined/Edges/Round-10_0147129_edge.png,"tf.Tensor(2.506, shape=(), dtype=float32)",2.5580604,0.0054650940001010895
/tmp/DataSetCombined/Edges/Round-6_0107977_edge.png,"tf.Tensor(2.623, shape=(), dtype=float32)",2.680012,0.0054650940001010895
/tmp/DataSetCombined/Edges/Round-5_0054457_edge.png,"tf.Tensor(5.518, shape=(), dtype=float32)",5.1728168,0.0054650940001010895
/tmp/DataSetCombined/Edges/Round-9_0097888_edge.png,"tf.Tensor(5.214, shape=(), dtype=float32)",4.811752,0.0054650940001010895
/tmp/DataSetCombined/Edges/Round-5_0078206_edge.png,"tf.Tensor(2.907, shape=(), dtype=float32)",2.9129891,0.0054650940001010895
/tmp/DataSetCombined/Edges/Round-9_0159532_edge.png,"tf.Tensor(5.449, shape=(), dtype=float32)",5.126559,0.0054650940001010895
/tmp/DataSetCombined/Edges/Round-10_0041486_edge.png,"tf.Tensor(5.48, shape=(), dtype=float32)",5.1568704,0.0054650940001010895
/tmp/DataSetCombined/Edges/Round-8_0065684_edge.png,"tf.Tensor(3.053, shape=(), dtype=float32)",3.0454836,0.0054650940001010895
/tmp/DataSetCombined/Edges/Round-10_0022908_edge.png,"tf.Tensor(3.857, shape=(), dtype=float32)",3.7244494,0.0054650940001010895
/tmp/DataSetCombined/Edges/Round-7_0048434_edge.png,"tf.Tensor(3.134, shape=(), dtype=float32)",3.1286883,0.0054650940001010895
/tmp/DataSetCombined/Edges/Round-9_0153120_edge.png,"tf.Tensor(1.527, shape=(), dtype=float32)",1.5500855,0.0054650940001010895
/tmp/DataSetCombined/Edges/Round-1_0034498_edge.png,"tf.Tensor(3.707, shape=(), dtype=float32)",3.6395004,0.0054650940001010895
/tmp/DataSetCombined/Edges/Round-6_0008972_edge.png,"tf.Tensor(2.894, shape=(), dtype=float32)",2.9560347,0.0054650940001010895
/tmp/DataSetCombined/Edges/Round-5_0095001_edge.png,"tf.Tensor(2.535, shape=(), dtype=float32)",2.6822972,0.0054650940001010895
/tmp/DataSetCombined/Edges/Round-1_0089370_edge.png,"tf.Tensor(5.034, shape=(), dtype=float32)",4.6777205,0.00543980672955513
/tmp/DataSetCombined/Edges/Round-1_0170248_edge.png,"tf.Tensor(4.272, shape=(), dtype=float32)",3.9784536,0.00543980672955513
/tmp/DataSetCombined/Edges/Round-5_0046300_edge.png,"tf.Tensor(4.958, shape=(), dtype=float32)",4.5932236,0.00543980672955513
/tmp/DataSetCombined/Edges/Round-3_0031734_edge.png,"tf.Tensor(2.519, shape=(), dtype=float32)",2.5698764,0.00543980672955513
/tmp/DataSetCombined/Edges/Round-4_0050149_edge.png,"tf.Tensor(5.381, shape=(), dtype=float32)",4.983156,0.00543980672955513
/tmp/DataSetCombined/Edges/Round-7_0016468_edge.png,"tf.Tensor(3.138, shape=(), dtype=float32)",3.078199,0.00543980672955513
/tmp/DataSetCombined/Edges/Round-2_0105394_edge.png,"tf.Tensor(2.919, shape=(), dtype=float32)",2.9157405,0.00543980672955513
/tmp/DataSetCombined/Edges/Round-6_0087051_edge.png,"tf.Tensor(4.768, shape=(), dtype=float32)",4.4791193,0.00543980672955513
/tmp/DataSetCombined/Edges/Round-9_0057830_edge.png,"tf.Tensor(5.425, shape=(), dtype=float32)",5.054548,0.00543980672955513
/tmp/DataSetCombined/Edges/Round-9_0001122_edge.png,"tf.Tensor(2.717, shape=(), dtype=float32)",2.7571716,0.00543980672955513
/tmp/DataSetCombined/Edges/Round-9_0165401_edge.png,"tf.Tensor(3.925, shape=(), dtype=float32)",3.692611,0.00543980672955513
/tmp/DataSetCombined/Edges/Round-1_0051264_edge.png,"tf.Tensor(4.455, shape=(), dtype=float32)",4.231399,0.00543980672955513
/tmp/DataSetCombined/Edges/Round-10_0092319_edge.png,"tf.Tensor(5.231, shape=(), dtype=float32)",4.960185,0.00543980672955513
/tmp/DataSetCombined/Edges/Round-6_0017370_edge.png,"tf.Tensor(2.507, shape=(), dtype=float32)",2.56906,0.00543980672955513
/tmp/DataSetCombined/Edges/Round-9_0066012_edge.png,"tf.Tensor(4.448, shape=(), dtype=float32)",4.2180867,0.00543980672955513
/tmp/DataSetCombined/Edges/Round-10_0032331_edge.png,"tf.Tensor(5.569, shape=(), dtype=float32)",5.226075,0.00543980672955513
/tmp/DataSetCombined/Edges/Round-1_0053250_edge.png,"tf.Tensor(3.245, shape=(), dtype=float32)",3.1439316,0.00543980672955513
/tmp/DataSetCombined/Edges/Round-6_0070134_edge.png,"tf.Tensor(2.397, shape=(), dtype=float32)",2.4691603,0.00543980672955513
/tmp/DataSetCombined/Edges/Round-4_0034136_edge.png,"tf.Tensor(4.541, shape=(), dtype=float32)",4.2494407,0.00543980672955513
/tmp/DataSetCombined/Edges/Round-9_0059893_edge.png,"tf.Tensor(5.651, shape=(), dtype=float32)",5.2152023,0.00543980672955513
/tmp/DataSetCombined/Edges/Round-3_0043917_edge.png,"tf.Tensor(2.125, shape=(), dtype=float32)",2.2044876,0.00543980672955513
/tmp/DataSetCombined/Edges/Round-6_0009935_edge.png,"tf.Tensor(5.088, shape=(), dtype=float32)",4.7882853,0.00543980672955513
/tmp/DataSetCombined/Edges/Round-1_0107399_edge.png,"tf.Tensor(5.512, shape=(), dtype=float32)",5.1561546,0.00543980672955513
/tmp/DataSetCombined/Edges/Round-8_0002042_edge.png,"tf.Tensor(4.624, shape=(), dtype=float32)",4.380117,0.00543980672955513
/tmp/DataSetCombined/Edges/Round-8_0065883_edge.png,"tf.Tensor(5.155, shape=(), dtype=float32)",4.7344737,0.00543980672955513
/tmp/DataSetCombined/Edges/Round-8_0067448_edge.png,"tf.Tensor(5.436, shape=(), dtype=float32)",5.1684756,0.00543980672955513
/tmp/DataSetCombined/Edges/Round-1_0110470_edge.png,"tf.Tensor(2.457, shape=(), dtype=float32)",2.5054867,0.00543980672955513
/tmp/DataSetCombined/Edges/Round-10_0116819_edge.png,"tf.Tensor(4.62, shape=(), dtype=float32)",4.3779273,0.00543980672955513
/tmp/DataSetCombined/Edges/Round-6_0103936_edge.png,"tf.Tensor(4.656, shape=(), dtype=float32)",4.3491163,0.00543980672955513
/tmp/DataSetCombined/Edges/Round-6_0043677_edge.png,"tf.Tensor(3.557, shape=(), dtype=float32)",3.3998141,0.00543980672955513
/tmp/DataSetCombined/Edges/Round-6_0015052_edge.png,"tf.Tensor(4.232, shape=(), dtype=float32)",4.0390944,0.00543980672955513
/tmp/DataSetCombined/Edges/Round-9_0157726_edge.png,"tf.Tensor(5.326, shape=(), dtype=float32)",5.003215,0.00543980672955513
/tmp/DataSetCombined/Edges/Round-2_0077071_edge.png,"tf.Tensor(5.462, shape=(), dtype=float32)",5.148555,0.00543980672955513
/tmp/DataSetCombined/Edges/Round-2_0055534_edge.png,"tf.Tensor(4.262, shape=(), dtype=float32)",3.9741552,0.00543980672955513
/tmp/DataSetCombined/Edges/Round-4_0001448_edge.png,"tf.Tensor(4.263, shape=(), dtype=float32)",3.970948,0.00543980672955513
/tmp/DataSetCombined/Edges/Round-1_0157967_edge.png,"tf.Tensor(5.572, shape=(), dtype=float32)",5.223807,0.00543980672955513
/tmp/DataSetCombined/Edges/Round-9_0006175_edge.png,"tf.Tensor(2.605, shape=(), dtype=float32)",2.6956391,0.00543980672955513
/tmp/DataSetCombined/Edges/Round-6_0097468_edge.png,"tf.Tensor(2.451, shape=(), dtype=float32)",2.477077,0.00543980672955513
/tmp/DataSetCombined/Edges/Round-8_0070187_edge.png,"tf.Tensor(5.449, shape=(), dtype=float32)",5.128756,0.00543980672955513
/tmp/DataSetCombined/Edges/Round-1_0099303_edge.png,"tf.Tensor(2.457, shape=(), dtype=float32)",2.5697913,0.00543980672955513
/tmp/DataSetCombined/Edges/Round-10_0145835_edge.png,"tf.Tensor(5.218, shape=(), dtype=float32)",4.8011303,0.00543980672955513
/tmp/DataSetCombined/Edges/Round-5_0052500_edge.png,"tf.Tensor(3.234, shape=(), dtype=float32)",3.245913,0.00543980672955513
/tmp/DataSetCombined/Edges/Round-6_0055506_edge.png,"tf.Tensor(5.385, shape=(), dtype=float32)",4.9872746,0.00543980672955513
/tmp/DataSetCombined/Edges/Round-4_0055146_edge.png,"tf.Tensor(2.721, shape=(), dtype=float32)",2.761227,0.00543980672955513
/tmp/DataSetCombined/Edges/Round-10_0087321_edge.png,"tf.Tensor(3.092, shape=(), dtype=float32)",2.993103,0.00543980672955513
/tmp/DataSetCombined/Edges/Round-1_0074320_edge.png,"tf.Tensor(3.043, shape=(), dtype=float32)",3.033883,0.00543980672955513
/tmp/DataSetCombined/Edges/Round-9_0146228_edge.png,"tf.Tensor(5.563, shape=(), dtype=float32)",5.1688285,0.00543980672955513
/tmp/DataSetCombined/Edges/Round-1_0150472_edge.png,"tf.Tensor(2.035, shape=(), dtype=float32)",2.084678,0.00543980672955513
/tmp/DataSetCombined/Edges/Round-6_0035038_edge.png,"tf.Tensor(4.424, shape=(), dtype=float32)",4.1191707,0.00543980672955513
/tmp/DataSetCombined/Edges/Round-8_0024435_edge.png,"tf.Tensor(2.905, shape=(), dtype=float32)",3.0370395,0.00543980672955513
/tmp/DataSetCombined/Edges/Round-9_0143609_edge.png,"tf.Tensor(1.983, shape=(), dtype=float32)",2.108164,0.00543980672955513
/tmp/DataSetCombined/Edges/Round-9_0194417_edge.png,"tf.Tensor(5.52, shape=(), dtype=float32)",5.1770782,0.00543980672955513
/tmp/DataSetCombined/Edges/Round-6_0069652_edge.png,"tf.Tensor(4.747, shape=(), dtype=float32)",4.4341793,0.00543980672955513
/tmp/DataSetCombined/Edges/Round-2_0033200_edge.png,"tf.Tensor(1.945, shape=(), dtype=float32)",2.0592752,0.00543980672955513
/tmp/DataSetCombined/Edges/Round-9_0149268_edge.png,"tf.Tensor(4.523, shape=(), dtype=float32)",4.2244935,0.00543980672955513
/tmp/DataSetCombined/Edges/Round-10_0082746_edge.png,"tf.Tensor(3.553, shape=(), dtype=float32)",3.3990629,0.00543980672955513
/tmp/DataSetCombined/Edges/Round-6_0047500_edge.png,"tf.Tensor(2.787, shape=(), dtype=float32)",2.8319647,0.00543980672955513
/tmp/DataSetCombined/Edges/Round-9_0150923_edge.png,"tf.Tensor(1.933, shape=(), dtype=float32)",2.0513692,0.00543980672955513
/tmp/DataSetCombined/Edges/Round-9_0128529_edge.png,"tf.Tensor(5.456, shape=(), dtype=float32)",5.0792627,0.00543980672955513
/tmp/DataSetCombined/Edges/Round-9_0055477_edge.png,"tf.Tensor(2.56, shape=(), dtype=float32)",2.6813393,0.00543980672955513
/tmp/DataSetCombined/Edges/Round-3_0015804_edge.png,"tf.Tensor(5.599, shape=(), dtype=float32)",5.2086644,0.00543980672955513
/tmp/DataSetCombined/Edges/Round-4_0055386_edge.png,"tf.Tensor(3.095, shape=(), dtype=float32)",2.994857,0.00543980672955513
/tmp/DataSetCombined/Edges/Round-4_0084613_edge.png,"tf.Tensor(5.376, shape=(), dtype=float32)",5.0729823,0.00543980672955513
/tmp/DataSetCombined/Edges/Round-8_0023746_edge.png,"tf.Tensor(5.171, shape=(), dtype=float32)",4.7675967,0.00543980672955513
/tmp/DataSetCombined/Edges/Round-8_0070759_edge.png,"tf.Tensor(5.223, shape=(), dtype=float32)",4.9354835,0.0052773356437683105
/tmp/DataSetCombined/Edges/Round-9_0162210_edge.png,"tf.Tensor(4.516, shape=(), dtype=float32)",4.2123017,0.0052773356437683105
/tmp/DataSetCombined/Edges/Round-8_0057063_edge.png,"tf.Tensor(4.957, shape=(), dtype=float32)",4.5933294,0.0052773356437683105
/tmp/DataSetCombined/Edges/Round-10_0148936_edge.png,"tf.Tensor(2.007, shape=(), dtype=float32)",2.110692,0.0052773356437683105
/tmp/DataSetCombined/Edges/Round-3_0073294_edge.png,"tf.Tensor(4.478, shape=(), dtype=float32)",4.245093,0.0052773356437683105
/tmp/DataSetCombined/Edges/Round-7_0089310_edge.png,"tf.Tensor(4.088, shape=(), dtype=float32)",3.8478742,0.0052773356437683105
/tmp/DataSetCombined/Edges/Round-6_0126752_edge.png,"tf.Tensor(5.035, shape=(), dtype=float32)",4.682627,0.0052773356437683105
/tmp/DataSetCombined/Edges/Round-3_0069742_edge.png,"tf.Tensor(4.66, shape=(), dtype=float32)",4.3565702,0.0052773356437683105
/tmp/DataSetCombined/Edges/Round-10_0163143_edge.png,"tf.Tensor(5.089, shape=(), dtype=float32)",4.8206377,0.0052773356437683105
/tmp/DataSetCombined/Edges/Round-3_0051653_edge.png,"tf.Tensor(4.375, shape=(), dtype=float32)",4.160116,0.0052773356437683105
/tmp/DataSetCombined/Edges/Round-9_0163264_edge.png,"tf.Tensor(5.472, shape=(), dtype=float32)",5.1530037,0.0052773356437683105
/tmp/DataSetCombined/Edges/Round-8_0037480_edge.png,"tf.Tensor(5.034, shape=(), dtype=float32)",4.68143,0.0052773356437683105
/tmp/DataSetCombined/Edges/Round-3_0044790_edge.png,"tf.Tensor(5.295, shape=(), dtype=float32)",5.00803,0.0052773356437683105
/tmp/DataSetCombined/Edges/Round-8_0039817_edge.png,"tf.Tensor(3.875, shape=(), dtype=float32)",3.722776,0.0052773356437683105
/tmp/DataSetCombined/Edges/Round-6_0025075_edge.png,"tf.Tensor(3.121, shape=(), dtype=float32)",3.06107,0.0052773356437683105
/tmp/DataSetCombined/Edges/Round-5_0011264_edge.png,"tf.Tensor(4.151, shape=(), dtype=float32)",3.9290528,0.0052773356437683105
/tmp/DataSetCombined/Edges/Round-10_0090332_edge.png,"tf.Tensor(5.048, shape=(), dtype=float32)",4.687888,0.0052773356437683105
/tmp/DataSetCombined/Edges/Round-10_0036002_edge.png,"tf.Tensor(2.153, shape=(), dtype=float32)",2.2520442,0.0052773356437683105
/tmp/DataSetCombined/Edges/Round-5_0031521_edge.png,"tf.Tensor(2.669, shape=(), dtype=float32)",2.6736887,0.0052773356437683105
/tmp/DataSetCombined/Edges/Round-6_0079525_edge.png,"tf.Tensor(4.785, shape=(), dtype=float32)",4.487625,0.0052773356437683105
/tmp/DataSetCombined/Edges/Round-9_0159682_edge.png,"tf.Tensor(3.47, shape=(), dtype=float32)",3.4055052,0.0052773356437683105
/tmp/DataSetCombined/Edges/Round-10_0166935_edge.png,"tf.Tensor(2.44, shape=(), dtype=float32)",2.6087158,0.0052773356437683105
/tmp/DataSetCombined/Edges/Round-1_0128650_edge.png,"tf.Tensor(5.561, shape=(), dtype=float32)",5.16819,0.0052773356437683105
/tmp/DataSetCombined/Edges/Round-1_0024567_edge.png,"tf.Tensor(2.623, shape=(), dtype=float32)",2.6268184,0.0052773356437683105
/tmp/DataSetCombined/Edges/Round-10_0032420_edge.png,"tf.Tensor(5.127, shape=(), dtype=float32)",4.7868147,0.0052773356437683105
/tmp/DataSetCombined/Edges/Round-10_0118625_edge.png,"tf.Tensor(5.568, shape=(), dtype=float32)",5.2276177,0.0052773356437683105
/tmp/DataSetCombined/Edges/Round-8_0006425_edge.png,"tf.Tensor(2.602, shape=(), dtype=float32)",2.7013943,0.0052773356437683105
/tmp/DataSetCombined/Edges/Round-8_0049189_edge.png,"tf.Tensor(5.089, shape=(), dtype=float32)",4.727316,0.0052773356437683105
/tmp/DataSetCombined/Edges/Round-1_0133737_edge.png,"tf.Tensor(5.443, shape=(), dtype=float32)",5.1336136,0.0052773356437683105
/tmp/DataSetCombined/Edges/Round-1_0095601_edge.png,"tf.Tensor(5.569, shape=(), dtype=float32)",5.223807,0.0052773356437683105
/tmp/DataSetCombined/Edges/Round-1_0159321_edge.png,"tf.Tensor(4.436, shape=(), dtype=float32)",4.1270146,0.0052773356437683105
/tmp/DataSetCombined/Edges/Round-2_0067710_edge.png,"tf.Tensor(3.516, shape=(), dtype=float32)",3.4182854,0.0052773356437683105
/tmp/DataSetCombined/Edges/Round-7_0077239_edge.png,"tf.Tensor(5.43, shape=(), dtype=float32)",5.1188226,0.0052773356437683105
/tmp/DataSetCombined/Edges/Round-1_0078805_edge.png,"tf.Tensor(5.369, shape=(), dtype=float32)",5.0747404,0.0052773356437683105
/tmp/DataSetCombined/Edges/Round-8_0088638_edge.png,"tf.Tensor(2.086, shape=(), dtype=float32)",2.1951823,0.0052773356437683105
/tmp/DataSetCombined/Edges/Round-9_0040759_edge.png,"tf.Tensor(1.957, shape=(), dtype=float32)",2.0637052,0.0052773356437683105
/tmp/DataSetCombined/Edges/Round-6_0011350_edge.png,"tf.Tensor(5.149, shape=(), dtype=float32)",4.8265433,0.0052773356437683105
/tmp/DataSetCombined/Edges/Round-8_0083160_edge.png,"tf.Tensor(5.175, shape=(), dtype=float32)",4.758662,0.0052773356437683105
/tmp/DataSetCombined/Edges/Round-2_0066355_edge.png,"tf.Tensor(4.963, shape=(), dtype=float32)",4.591536,0.0052773356437683105
/tmp/DataSetCombined/Edges/Round-2_0078201_edge.png,"tf.Tensor(2.201, shape=(), dtype=float32)",2.3182096,0.0052773356437683105
/tmp/DataSetCombined/Edges/Round-10_0197488_edge.png,"tf.Tensor(2.953, shape=(), dtype=float32)",2.880604,0.0052773356437683105
/tmp/DataSetCombined/Edges/Round-6_0041552_edge.png,"tf.Tensor(5.035, shape=(), dtype=float32)",4.68308,0.0052773356437683105
/tmp/DataSetCombined/Edges/Round-10_0059058_edge.png,"tf.Tensor(5.152, shape=(), dtype=float32)",4.7591724,0.0052773356437683105
/tmp/DataSetCombined/Edges/Round-8_0079518_edge.png,"tf.Tensor(2.574, shape=(), dtype=float32)",2.6628225,0.0052773356437683105
/tmp/DataSetCombined/Edges/Round-6_0060653_edge.png,"tf.Tensor(3.097, shape=(), dtype=float32)",2.9883926,0.0052773356437683105
/tmp/DataSetCombined/Edges/Round-1_0158780_edge.png,"tf.Tensor(3.072, shape=(), dtype=float32)",3.0484831,0.0052773356437683105
/tmp/DataSetCombined/Edges/Round-3_0079826_edge.png,"tf.Tensor(4.499, shape=(), dtype=float32)",4.184667,0.0052773356437683105
/tmp/DataSetCombined/Edges/Round-10_0047771_edge.png,"tf.Tensor(5.518, shape=(), dtype=float32)",5.1851525,0.0052773356437683105
/tmp/DataSetCombined/Edges/Round-7_0021736_edge.png,"tf.Tensor(5.615, shape=(), dtype=float32)",5.2175217,0.0052773356437683105
/tmp/DataSetCombined/Edges/Round-8_0042676_edge.png,"tf.Tensor(4.093, shape=(), dtype=float32)",3.8463244,0.0052773356437683105
/tmp/DataSetCombined/Edges/Round-6_0002031_edge.png,"tf.Tensor(2.468, shape=(), dtype=float32)",2.4728582,0.0052773356437683105
/tmp/DataSetCombined/Edges/Round-3_0002734_edge.png,"tf.Tensor(5.549, shape=(), dtype=float32)",5.240971,0.0052773356437683105
/tmp/DataSetCombined/Edges/Round-1_0071000_edge.png,"tf.Tensor(4.547, shape=(), dtype=float32)",4.25889,0.0052773356437683105
/tmp/DataSetCombined/Edges/Round-7_0054604_edge.png,"tf.Tensor(4.791, shape=(), dtype=float32)",4.534028,0.0052773356437683105
/tmp/DataSetCombined/Edges/Round-10_0053008_edge.png,"tf.Tensor(3.059, shape=(), dtype=float32)",3.018025,0.0052773356437683105
/tmp/DataSetCombined/Edges/Round-7_0123683_edge.png,"tf.Tensor(5.158, shape=(), dtype=float32)",4.7461987,0.0052773356437683105
/tmp/DataSetCombined/Edges/Round-6_0073505_edge.png,"tf.Tensor(3.521, shape=(), dtype=float32)",3.3806124,0.0052773356437683105
/tmp/DataSetCombined/Edges/Round-3_0050870_edge.png,"tf.Tensor(2.748, shape=(), dtype=float32)",2.826062,0.0052773356437683105
/tmp/DataSetCombined/Edges/Round-10_0003304_edge.png,"tf.Tensor(4.096, shape=(), dtype=float32)",3.950004,0.0052773356437683105
/tmp/DataSetCombined/Edges/Round-1_0122359_edge.png,"tf.Tensor(4.461, shape=(), dtype=float32)",4.156236,0.0052773356437683105
/tmp/DataSetCombined/Edges/Round-1_0006434_edge.png,"tf.Tensor(4.965, shape=(), dtype=float32)",4.5938835,0.0052773356437683105
/tmp/DataSetCombined/Edges/Round-3_0066853_edge.png,"tf.Tensor(4.272, shape=(), dtype=float32)",3.9810948,0.0052773356437683105
/tmp/DataSetCombined/Edges/Round-9_0011201_edge.png,"tf.Tensor(3.417, shape=(), dtype=float32)",3.2754815,0.0052773356437683105
/tmp/DataSetCombined/Edges/Round-3_0051502_edge.png,"tf.Tensor(2.559, shape=(), dtype=float32)",2.6574976,0.0052773356437683105
/tmp/DataSetCombined/Edges/Round-3_0075100_edge.png,"tf.Tensor(4.771, shape=(), dtype=float32)",4.4591923,0.005250360816717148
/tmp/DataSetCombined/Edges/Round-9_0191377_edge.png,"tf.Tensor(2.886, shape=(), dtype=float32)",2.9062834,0.005250360816717148
/tmp/DataSetCombined/Edges/Round-8_0045023_edge.png,"tf.Tensor(5.032, shape=(), dtype=float32)",4.683627,0.005250360816717148
/tmp/DataSetCombined/Edges/Round-2_0071442_edge.png,"tf.Tensor(2.071, shape=(), dtype=float32)",2.1471086,0.005250360816717148
/tmp/DataSetCombined/Edges/Round-10_0124434_edge.png,"tf.Tensor(3.417, shape=(), dtype=float32)",3.2740235,0.005250360816717148
/tmp/DataSetCombined/Edges/Round-8_0016158_edge.png,"tf.Tensor(5.277, shape=(), dtype=float32)",4.8847976,0.005250360816717148
/tmp/DataSetCombined/Edges/Round-8_0046258_edge.png,"tf.Tensor(5.438, shape=(), dtype=float32)",5.1048717,0.005250360816717148
/tmp/DataSetCombined/Edges/Round-5_0071553_edge.png,"tf.Tensor(2.431, shape=(), dtype=float32)",2.5975082,0.005250360816717148
/tmp/DataSetCombined/Edges/Round-10_0038079_edge.png,"tf.Tensor(5.642, shape=(), dtype=float32)",5.23575,0.005250360816717148
/tmp/DataSetCombined/Edges/Round-3_0063843_edge.png,"tf.Tensor(2.587, shape=(), dtype=float32)",2.826154,0.005250360816717148
/tmp/DataSetCombined/Edges/Round-5_0043473_edge.png,"tf.Tensor(5.19, shape=(), dtype=float32)",4.7864294,0.005250360816717148
/tmp/DataSetCombined/Edges/Round-1_0048334_edge.png,"tf.Tensor(5.062, shape=(), dtype=float32)",4.7160115,0.005250360816717148
/tmp/DataSetCombined/Edges/Round-4_0002863_edge.png,"tf.Tensor(5.069, shape=(), dtype=float32)",4.7170877,0.005250360816717148
/tmp/DataSetCombined/Edges/Round-10_0002304_edge.png,"tf.Tensor(3.481, shape=(), dtype=float32)",3.3570085,0.005250360816717148
/tmp/DataSetCombined/Edges/Round-10_0173557_edge.png,"tf.Tensor(5.136, shape=(), dtype=float32)",4.7479405,0.005250360816717148
/tmp/DataSetCombined/Edges/Round-8_0029805_edge.png,"tf.Tensor(1.643, shape=(), dtype=float32)",1.5841764,0.005250360816717148
/tmp/DataSetCombined/Edges/Round-6_0106043_edge.png,"tf.Tensor(3.636, shape=(), dtype=float32)",3.5524406,0.005250360816717148
/tmp/DataSetCombined/Edges/Round-5_0048166_edge.png,"tf.Tensor(5.56, shape=(), dtype=float32)",5.179929,0.005250360816717148
/tmp/DataSetCombined/Edges/Round-3_0058787_edge.png,"tf.Tensor(2.751, shape=(), dtype=float32)",2.801571,0.005250360816717148
/tmp/DataSetCombined/Edges/Round-9_0112186_edge.png,"tf.Tensor(2.937, shape=(), dtype=float32)",2.8719444,0.005250360816717148
/tmp/DataSetCombined/Edges/Round-6_0062158_edge.png,"tf.Tensor(2.631, shape=(), dtype=float32)",2.6797175,0.005250360816717148
/tmp/DataSetCombined/Edges/Round-5_0023214_edge.png,"tf.Tensor(1.556, shape=(), dtype=float32)",1.5587885,0.005250360816717148
/tmp/DataSetCombined/Edges/Round-1_0092229_edge.png,"tf.Tensor(2.537, shape=(), dtype=float32)",2.5987763,0.005250360816717148
/tmp/DataSetCombined/Edges/Round-4_0017943_edge.png,"tf.Tensor(1.969, shape=(), dtype=float32)",2.052885,0.005250360816717148
/tmp/DataSetCombined/Edges/Round-7_0005692_edge.png,"tf.Tensor(5.607, shape=(), dtype=float32)",5.2610216,0.005250360816717148
/tmp/DataSetCombined/Edges/Round-10_0069984_edge.png,"tf.Tensor(2.098, shape=(), dtype=float32)",2.2340689,0.005250360816717148
/tmp/DataSetCombined/Edges/Round-5_0050724_edge.png,"tf.Tensor(4.799, shape=(), dtype=float32)",4.5365396,0.005250360816717148
/tmp/DataSetCombined/Edges/Round-7_0039314_edge.png,"tf.Tensor(4.342, shape=(), dtype=float32)",4.0564165,0.005250360816717148
/tmp/DataSetCombined/Edges/Round-9_0099754_edge.png,"tf.Tensor(2.723, shape=(), dtype=float32)",2.6898634,0.005250360816717148
/tmp/DataSetCombined/Edges/Round-2_0072315_edge.png,"tf.Tensor(3.321, shape=(), dtype=float32)",3.3050466,0.005250360816717148
/tmp/DataSetCombined/Edges/Round-4_0014692_edge.png,"tf.Tensor(1.607, shape=(), dtype=float32)",1.617291,0.005250360816717148
/tmp/DataSetCombined/Edges/Round-1_0025934_edge.png,"tf.Tensor(1.54, shape=(), dtype=float32)",1.5606507,0.005250360816717148
/tmp/DataSetCombined/Edges/Round-1_0075946_edge.png,"tf.Tensor(1.995, shape=(), dtype=float32)",2.0403216,0.005250360816717148
/tmp/DataSetCombined/Edges/Round-6_0110873_edge.png,"tf.Tensor(1.682, shape=(), dtype=float32)",1.7152197,0.005250360816717148
/tmp/DataSetCombined/Edges/Round-7_0044130_edge.png,"tf.Tensor(5.082, shape=(), dtype=float32)",4.710416,0.005250360816717148
/tmp/DataSetCombined/Edges/Round-8_0016399_edge.png,"tf.Tensor(2.577, shape=(), dtype=float32)",2.6646678,0.005250360816717148
/tmp/DataSetCombined/Edges/Round-8_0033977_edge.png,"tf.Tensor(5.531, shape=(), dtype=float32)",5.2091727,0.005250360816717148
/tmp/DataSetCombined/Edges/Round-7_0122268_edge.png,"tf.Tensor(5.67, shape=(), dtype=float32)",5.2840815,0.005250360816717148
/tmp/DataSetCombined/Edges/Round-10_0098882_edge.png,"tf.Tensor(5.151, shape=(), dtype=float32)",4.8222723,0.005250360816717148
/tmp/DataSetCombined/Edges/Round-10_0121575_edge.png,"tf.Tensor(2.689, shape=(), dtype=float32)",2.6829438,0.005250360816717148
/tmp/DataSetCombined/Edges/Round-6_0064716_edge.png,"tf.Tensor(2.602, shape=(), dtype=float32)",2.666462,0.005250360816717148
/tmp/DataSetCombined/Edges/Round-5_0074834_edge.png,"tf.Tensor(2.249, shape=(), dtype=float32)",2.3695173,0.005250360816717148
/tmp/DataSetCombined/Edges/Round-8_0086351_edge.png,"tf.Tensor(5.565, shape=(), dtype=float32)",5.174153,0.005250360816717148
/tmp/DataSetCombined/Edges/Round-8_0060115_edge.png,"tf.Tensor(5.037, shape=(), dtype=float32)",4.6841297,0.005250360816717148
/tmp/DataSetCombined/Edges/Round-10_0196403_edge.png,"tf.Tensor(2.638, shape=(), dtype=float32)",2.686643,0.005250360816717148
/tmp/DataSetCombined/Edges/Round-8_0055130_edge.png,"tf.Tensor(5.154, shape=(), dtype=float32)",4.742496,0.005250360816717148
/tmp/DataSetCombined/Edges/Round-7_0028418_edge.png,"tf.Tensor(2.827, shape=(), dtype=float32)",2.8574688,0.005250360816717148
/tmp/DataSetCombined/Edges/Round-8_0021889_edge.png,"tf.Tensor(4.535, shape=(), dtype=float32)",4.316645,0.005250360816717148
/tmp/DataSetCombined/Edges/Round-2_0099073_edge.png,"tf.Tensor(3.417, shape=(), dtype=float32)",3.3455088,0.005250360816717148
/tmp/DataSetCombined/Edges/Round-2_0084716_edge.png,"tf.Tensor(3.275, shape=(), dtype=float32)",3.1669297,0.005250360816717148
/tmp/DataSetCombined/Edges/Round-8_0027686_edge.png,"tf.Tensor(5.216, shape=(), dtype=float32)",4.803468,0.005250360816717148
/tmp/DataSetCombined/Edges/Round-9_0160374_edge.png,"tf.Tensor(5.561, shape=(), dtype=float32)",5.1708946,0.005250360816717148
/tmp/DataSetCombined/Edges/Round-9_0053551_edge.png,"tf.Tensor(4.717, shape=(), dtype=float32)",4.4102798,0.005250360816717148
/tmp/DataSetCombined/Edges/Round-9_0021555_edge.png,"tf.Tensor(3.008, shape=(), dtype=float32)",3.032497,0.005250360816717148
/tmp/DataSetCombined/Edges/Round-5_0073510_edge.png,"tf.Tensor(2.94, shape=(), dtype=float32)",2.9777381,0.005250360816717148
/tmp/DataSetCombined/Edges/Round-7_0051083_edge.png,"tf.Tensor(2.841, shape=(), dtype=float32)",2.9221694,0.005250360816717148
/tmp/DataSetCombined/Edges/Round-10_0163926_edge.png,"tf.Tensor(1.689, shape=(), dtype=float32)",1.7279043,0.005250360816717148
/tmp/DataSetCombined/Edges/Round-7_0125278_edge.png,"tf.Tensor(5.153, shape=(), dtype=float32)",4.7338424,0.005250360816717148
/tmp/DataSetCombined/Edges/Round-6_0043044_edge.png,"tf.Tensor(3.437, shape=(), dtype=float32)",3.3941798,0.005250360816717148
/tmp/DataSetCombined/Edges/Round-10_0074770_edge.png,"tf.Tensor(4.264, shape=(), dtype=float32)",3.9772987,0.005250360816717148
/tmp/DataSetCombined/Edges/Round-4_0080489_edge.png,"tf.Tensor(5.437, shape=(), dtype=float32)",5.1290493,0.005250360816717148
/tmp/DataSetCombined/Edges/Round-4_0059601_edge.png,"tf.Tensor(4.043, shape=(), dtype=float32)",3.882473,0.005250360816717148
/tmp/DataSetCombined/Edges/Round-5_0031732_edge.png,"tf.Tensor(5.571, shape=(), dtype=float32)",5.2158904,0.005250360816717148
/tmp/DataSetCombined/Edges/Round-1_0103698_edge.png,"tf.Tensor(5.444, shape=(), dtype=float32)",5.1315494,0.005250360816717148
/tmp/DataSetCombined/Edges/Round-10_0120552_edge.png,"tf.Tensor(5.658, shape=(), dtype=float32)",5.258237,0.005220502614974976
/tmp/DataSetCombined/Edges/Round-8_0073829_edge.png,"tf.Tensor(4.794, shape=(), dtype=float32)",4.490746,0.005220502614974976
/tmp/DataSetCombined/Edges/Round-10_0096712_edge.png,"tf.Tensor(5.033, shape=(), dtype=float32)",4.8202434,0.005220502614974976
/tmp/DataSetCombined/Edges/Round-1_0004549_edge.png,"tf.Tensor(3.568, shape=(), dtype=float32)",3.4909415,0.005220502614974976
/tmp/DataSetCombined/Edges/Round-8_0030181_edge.png,"tf.Tensor(5.456, shape=(), dtype=float32)",5.136973,0.005220502614974976
/tmp/DataSetCombined/Edges/Round-5_0019060_edge.png,"tf.Tensor(1.717, shape=(), dtype=float32)",1.7051153,0.005220502614974976
/tmp/DataSetCombined/Edges/Round-1_0155168_edge.png,"tf.Tensor(5.45, shape=(), dtype=float32)",5.1340666,0.005220502614974976
/tmp/DataSetCombined/Edges/Round-8_0076387_edge.png,"tf.Tensor(2.211, shape=(), dtype=float32)",2.334207,0.005220502614974976
/tmp/DataSetCombined/Edges/Round-9_0099543_edge.png,"tf.Tensor(1.964, shape=(), dtype=float32)",2.0589683,0.005220502614974976
/tmp/DataSetCombined/Edges/Round-8_0017915_edge.png,"tf.Tensor(4.754, shape=(), dtype=float32)",4.442138,0.005220502614974976
/tmp/DataSetCombined/Edges/Round-9_0050962_edge.png,"tf.Tensor(3.266, shape=(), dtype=float32)",3.2820716,0.005220502614974976
/tmp/DataSetCombined/Edges/Round-10_0100626_edge.png,"tf.Tensor(2.222, shape=(), dtype=float32)",2.3259733,0.005220502614974976
/tmp/DataSetCombined/Edges/Round-7_0124646_edge.png,"tf.Tensor(2.542, shape=(), dtype=float32)",2.6029267,0.005220502614974976
/tmp/DataSetCombined/Edges/Round-10_0045182_edge.png,"tf.Tensor(1.882, shape=(), dtype=float32)",1.9247677,0.005220502614974976
/tmp/DataSetCombined/Edges/Round-1_0048434_edge.png,"tf.Tensor(4.967, shape=(), dtype=float32)",4.5997458,0.005220502614974976
/tmp/DataSetCombined/Edges/Round-9_0033264_edge.png,"tf.Tensor(1.227, shape=(), dtype=float32)",1.372173,0.005220502614974976
/tmp/DataSetCombined/Edges/Round-9_0011623_edge.png,"tf.Tensor(2.193, shape=(), dtype=float32)",2.299166,0.005220502614974976
/tmp/DataSetCombined/Edges/Round-5_0091720_edge.png,"tf.Tensor(3.361, shape=(), dtype=float32)",3.2299266,0.005220502614974976
/tmp/DataSetCombined/Edges/Round-1_0165823_edge.png,"tf.Tensor(5.598, shape=(), dtype=float32)",5.2313714,0.005220502614974976
/tmp/DataSetCombined/Edges/Round-8_0005758_edge.png,"tf.Tensor(3.673, shape=(), dtype=float32)",3.493015,0.005220502614974976
/tmp/DataSetCombined/Edges/Round-1_0004940_edge.png,"tf.Tensor(2.509, shape=(), dtype=float32)",2.5748339,0.005220502614974976
/tmp/DataSetCombined/Edges/Round-3_0053634_edge.png,"tf.Tensor(5.456, shape=(), dtype=float32)",5.1369286,0.005220502614974976
/tmp/DataSetCombined/Edges/Round-2_0053683_edge.png,"tf.Tensor(2.357, shape=(), dtype=float32)",2.4566696,0.005220502614974976
/tmp/DataSetCombined/Edges/Round-8_0010710_edge.png,"tf.Tensor(2.496, shape=(), dtype=float32)",2.586617,0.005220502614974976
/tmp/DataSetCombined/Edges/Round-2_0093926_edge.png,"tf.Tensor(3.651, shape=(), dtype=float32)",3.574027,0.005220502614974976
/tmp/DataSetCombined/Edges/Round-8_0047793_edge.png,"tf.Tensor(4.756, shape=(), dtype=float32)",4.450132,0.005220502614974976
/tmp/DataSetCombined/Edges/Round-10_0098278_edge.png,"tf.Tensor(2.165, shape=(), dtype=float32)",2.2600317,0.005220502614974976
/tmp/DataSetCombined/Edges/Round-8_0059953_edge.png,"tf.Tensor(5.515, shape=(), dtype=float32)",5.193069,0.005220502614974976
/tmp/DataSetCombined/Edges/Round-8_0025440_edge.png,"tf.Tensor(4.796, shape=(), dtype=float32)",4.498303,0.005220502614974976
/tmp/DataSetCombined/Edges/Round-8_0044374_edge.png,"tf.Tensor(2.79, shape=(), dtype=float32)",2.8635852,0.005220502614974976
/tmp/DataSetCombined/Edges/Round-2_0072375_edge.png,"tf.Tensor(3.743, shape=(), dtype=float32)",3.625123,0.005220502614974976
/tmp/DataSetCombined/Edges/Round-1_0140667_edge.png,"tf.Tensor(4.346, shape=(), dtype=float32)",4.0611587,0.005220502614974976
/tmp/DataSetCombined/Edges/Round-10_0050510_edge.png,"tf.Tensor(2.856, shape=(), dtype=float32)",2.893916,0.005220502614974976
/tmp/DataSetCombined/Edges/Round-10_0188216_edge.png,"tf.Tensor(5.346, shape=(), dtype=float32)",5.050577,0.005220502614974976
/tmp/DataSetCombined/Edges/Round-8_0042146_edge.png,"tf.Tensor(5.341, shape=(), dtype=float32)",4.9513164,0.005220502614974976
/tmp/DataSetCombined/Edges/Round-5_0046232_edge.png,"tf.Tensor(2.33, shape=(), dtype=float32)",2.3661575,0.005220502614974976
/tmp/DataSetCombined/Edges/Round-10_0138852_edge.png,"tf.Tensor(5.032, shape=(), dtype=float32)",4.6787252,0.005220502614974976
/tmp/DataSetCombined/Edges/Round-10_0172443_edge.png,"tf.Tensor(5.032, shape=(), dtype=float32)",4.684273,0.005220502614974976
/tmp/DataSetCombined/Edges/Round-6_0021794_edge.png,"tf.Tensor(5.502, shape=(), dtype=float32)",5.146144,0.005220502614974976
/tmp/DataSetCombined/Edges/Round-1_0002667_edge.png,"tf.Tensor(3.762, shape=(), dtype=float32)",3.6834974,0.005220502614974976
/tmp/DataSetCombined/Edges/Round-3_0026367_edge.png,"tf.Tensor(4.956, shape=(), dtype=float32)",4.594888,0.005220502614974976
/tmp/DataSetCombined/Edges/Round-4_0042188_edge.png,"tf.Tensor(4.777, shape=(), dtype=float32)",4.477756,0.005220502614974976
/tmp/DataSetCombined/Edges/Round-10_0068810_edge.png,"tf.Tensor(3.516, shape=(), dtype=float32)",3.4439993,0.005220502614974976
/tmp/DataSetCombined/Edges/Round-7_0074230_edge.png,"tf.Tensor(4.296, shape=(), dtype=float32)",4.0065985,0.005220502614974976
/tmp/DataSetCombined/Edges/Round-5_0055270_edge.png,"tf.Tensor(4.956, shape=(), dtype=float32)",4.5864124,0.005220502614974976
/tmp/DataSetCombined/Edges/Round-10_0191707_edge.png,"tf.Tensor(5.472, shape=(), dtype=float32)",5.1496882,0.005220502614974976
/tmp/DataSetCombined/Edges/Round-1_0019300_edge.png,"tf.Tensor(2.099, shape=(), dtype=float32)",2.21233,0.005220502614974976
/tmp/DataSetCombined/Edges/Round-7_0019719_edge.png,"tf.Tensor(3.161, shape=(), dtype=float32)",3.0936542,0.005220502614974976
/tmp/DataSetCombined/Edges/Round-10_0020380_edge.png,"tf.Tensor(2.32, shape=(), dtype=float32)",2.437363,0.005220502614974976
/tmp/DataSetCombined/Edges/Round-8_0068182_edge.png,"tf.Tensor(2.165, shape=(), dtype=float32)",2.2245088,0.005220502614974976
/tmp/DataSetCombined/Edges/Round-8_0062644_edge.png,"tf.Tensor(4.396, shape=(), dtype=float32)",4.1692686,0.005220502614974976
/tmp/DataSetCombined/Edges/Round-8_0012317_edge.png,"tf.Tensor(4.265, shape=(), dtype=float32)",3.9746997,0.005220502614974976
/tmp/DataSetCombined/Edges/Round-1_0039967_edge.png,"tf.Tensor(5.518, shape=(), dtype=float32)",5.175709,0.005220502614974976
/tmp/DataSetCombined/Edges/Round-1_0083802_edge.png,"tf.Tensor(2.889, shape=(), dtype=float32)",2.8993804,0.005220502614974976
/tmp/DataSetCombined/Edges/Round-9_0194447_edge.png,"tf.Tensor(5.519, shape=(), dtype=float32)",5.1743736,0.005220502614974976
/tmp/DataSetCombined/Edges/Round-8_0073239_edge.png,"tf.Tensor(2.342, shape=(), dtype=float32)",2.4969287,0.005220502614974976
/tmp/DataSetCombined/Edges/Round-2_0082850_edge.png,"tf.Tensor(1.565, shape=(), dtype=float32)",1.5863085,0.005220502614974976
/tmp/DataSetCombined/Edges/Round-4_0015805_edge.png,"tf.Tensor(2.229, shape=(), dtype=float32)",2.3097248,0.005220502614974976
/tmp/DataSetCombined/Edges/Round-5_0096897_edge.png,"tf.Tensor(5.138, shape=(), dtype=float32)",4.7948065,0.005220502614974976
/tmp/DataSetCombined/Edges/Round-3_0015924_edge.png,"tf.Tensor(2.481, shape=(), dtype=float32)",2.521375,0.005220502614974976
/tmp/DataSetCombined/Edges/Round-6_0057523_edge.png,"tf.Tensor(2.154, shape=(), dtype=float32)",2.2459192,0.005220502614974976
/tmp/DataSetCombined/Edges/Round-8_0040388_edge.png,"tf.Tensor(2.746, shape=(), dtype=float32)",2.8254704,0.005220502614974976
/tmp/DataSetCombined/Edges/Round-7_0016739_edge.png,"tf.Tensor(3.29, shape=(), dtype=float32)",3.2496386,0.005220502614974976
/tmp/DataSetCombined/Edges/Round-6_0111703_edge.png,"tf.Tensor(5.153, shape=(), dtype=float32)",4.735035,0.005220502614974976
/tmp/DataSetCombined/Edges/Round-1_0141533_edge.png,"tf.Tensor(5.225, shape=(), dtype=float32)",4.811299,0.00581856444478035
/tmp/DataSetCombined/Edges/Round-4_0020110_edge.png,"tf.Tensor(5.68, shape=(), dtype=float32)",5.226232,0.00581856444478035
/tmp/DataSetCombined/Edges/Round-9_0094095_edge.png,"tf.Tensor(2.819, shape=(), dtype=float32)",2.8372402,0.00581856444478035
/tmp/DataSetCombined/Edges/Round-8_0032713_edge.png,"tf.Tensor(5.632, shape=(), dtype=float32)",5.2279906,0.00581856444478035
/tmp/DataSetCombined/Edges/Round-1_0147342_edge.png,"tf.Tensor(2.7, shape=(), dtype=float32)",2.7804458,0.00581856444478035
/tmp/DataSetCombined/Edges/Round-1_0045767_edge.png,"tf.Tensor(5.484, shape=(), dtype=float32)",5.1308293,0.00581856444478035
/tmp/DataSetCombined/Edges/Round-5_0023003_edge.png,"tf.Tensor(5.445, shape=(), dtype=float32)",5.0912313,0.00581856444478035
/tmp/DataSetCombined/Edges/Round-8_0066888_edge.png,"tf.Tensor(2.523, shape=(), dtype=float32)",2.6081975,0.00581856444478035
/tmp/DataSetCombined/Edges/Round-9_0019508_edge.png,"tf.Tensor(3.853, shape=(), dtype=float32)",3.7757053,0.00581856444478035
/tmp/DataSetCombined/Edges/Round-10_0057403_edge.png,"tf.Tensor(4.105, shape=(), dtype=float32)",3.9468973,0.00581856444478035
/tmp/DataSetCombined/Edges/Round-10_0019146_edge.png,"tf.Tensor(5.458, shape=(), dtype=float32)",5.1600213,0.00581856444478035
/tmp/DataSetCombined/Edges/Round-9_0051685_edge.png,"tf.Tensor(2.849, shape=(), dtype=float32)",2.9255347,0.00581856444478035
/tmp/DataSetCombined/Edges/Round-3_0032981_edge.png,"tf.Tensor(1.535, shape=(), dtype=float32)",1.5487788,0.00581856444478035
/tmp/DataSetCombined/Edges/Round-9_0024316_edge.png,"tf.Tensor(4.955, shape=(), dtype=float32)",4.5858164,0.00581856444478035
/tmp/DataSetCombined/Edges/Round-1_0029201_edge.png,"tf.Tensor(4.585, shape=(), dtype=float32)",4.304554,0.00581856444478035
/tmp/DataSetCombined/Edges/Round-9_0075644_edge.png,"tf.Tensor(5.445, shape=(), dtype=float32)",5.1342096,0.00581856444478035
/tmp/DataSetCombined/Edges/Round-8_0017392_edge.png,"tf.Tensor(4.489, shape=(), dtype=float32)",4.2502155,0.00581856444478035
/tmp/DataSetCombined/Edges/Round-1_0048667_edge.png,"tf.Tensor(1.542, shape=(), dtype=float32)",1.5568498,0.00581856444478035
/tmp/DataSetCombined/Edges/Round-7_0004368_edge.png,"tf.Tensor(2.008, shape=(), dtype=float32)",2.042817,0.00581856444478035
/tmp/DataSetCombined/Edges/Round-3_0060321_edge.png,"tf.Tensor(5.342, shape=(), dtype=float32)",4.956305,0.00581856444478035
/tmp/DataSetCombined/Edges/Round-10_0008069_edge.png,"tf.Tensor(5.693, shape=(), dtype=float32)",5.2437778,0.00581856444478035
/tmp/DataSetCombined/Edges/Round-6_0113177_edge.png,"tf.Tensor(3.658, shape=(), dtype=float32)",3.5555325,0.00581856444478035
/tmp/DataSetCombined/Edges/Round-8_0043398_edge.png,"tf.Tensor(5.608, shape=(), dtype=float32)",5.2327185,0.00581856444478035
/tmp/DataSetCombined/Edges/Round-9_0171512_edge.png,"tf.Tensor(1.569, shape=(), dtype=float32)",1.5910542,0.00581856444478035
/tmp/DataSetCombined/Edges/Round-4_0085968_edge.png,"tf.Tensor(3.206, shape=(), dtype=float32)",3.1325133,0.00581856444478035
/tmp/DataSetCombined/Edges/Round-10_0083800_edge.png,"tf.Tensor(5.669, shape=(), dtype=float32)",5.267316,0.00581856444478035
/tmp/DataSetCombined/Edges/Round-10_0106826_edge.png,"tf.Tensor(2.799, shape=(), dtype=float32)",2.863541,0.00581856444478035
/tmp/DataSetCombined/Edges/Round-5_0080524_edge.png,"tf.Tensor(5.4, shape=(), dtype=float32)",5.1058764,0.00581856444478035
/tmp/DataSetCombined/Edges/Round-10_0171330_edge.png,"tf.Tensor(3.392, shape=(), dtype=float32)",3.209329,0.00581856444478035
/tmp/DataSetCombined/Edges/Round-10_0184302_edge.png,"tf.Tensor(5.538, shape=(), dtype=float32)",5.194783,0.00581856444478035
/tmp/DataSetCombined/Edges/Round-6_0113749_edge.png,"tf.Tensor(2.404, shape=(), dtype=float32)",2.463281,0.00581856444478035
/tmp/DataSetCombined/Edges/Round-7_0098490_edge.png,"tf.Tensor(4.718, shape=(), dtype=float32)",4.43876,0.00581856444478035
/tmp/DataSetCombined/Edges/Round-1_0103728_edge.png,"tf.Tensor(3.283, shape=(), dtype=float32)",3.188713,0.00581856444478035
/tmp/DataSetCombined/Edges/Round-10_0098971_edge.png,"tf.Tensor(2.546, shape=(), dtype=float32)",2.6094062,0.00581856444478035
/tmp/DataSetCombined/Edges/Round-3_0011620_edge.png,"tf.Tensor(3.058, shape=(), dtype=float32)",2.9647005,0.00581856444478035
/tmp/DataSetCombined/Edges/Round-8_0039351_edge.png,"tf.Tensor(5.522, shape=(), dtype=float32)",5.192616,0.00581856444478035
/tmp/DataSetCombined/Edges/Round-5_0092533_edge.png,"tf.Tensor(4.797, shape=(), dtype=float32)",4.502515,0.00581856444478035
/tmp/DataSetCombined/Edges/Round-4_0063634_edge.png,"tf.Tensor(5.575, shape=(), dtype=float32)",5.2153387,0.00581856444478035
/tmp/DataSetCombined/Edges/Round-1_0091057_edge.png,"tf.Tensor(4.882, shape=(), dtype=float32)",4.6910763,0.00581856444478035
/tmp/DataSetCombined/Edges/Round-9_0096653_edge.png,"tf.Tensor(3.601, shape=(), dtype=float32)",3.484211,0.00581856444478035
/tmp/DataSetCombined/Edges/Round-2_0068500_edge.png,"tf.Tensor(3.103, shape=(), dtype=float32)",2.987087,0.00581856444478035
/tmp/DataSetCombined/Edges/Round-10_0156912_edge.png,"tf.Tensor(5.033, shape=(), dtype=float32)",4.684179,0.00581856444478035
/tmp/DataSetCombined/Edges/Round-9_0045906_edge.png,"tf.Tensor(3.312, shape=(), dtype=float32)",3.2191288,0.00581856444478035
/tmp/DataSetCombined/Edges/Round-8_0022491_edge.png,"tf.Tensor(5.444, shape=(), dtype=float32)",5.1240416,0.00581856444478035
/tmp/DataSetCombined/Edges/Round-4_0077334_edge.png,"tf.Tensor(4.927, shape=(), dtype=float32)",4.716573,0.00581856444478035
/tmp/DataSetCombined/Edges/Round-2_0074834_edge.png,"tf.Tensor(2.604, shape=(), dtype=float32)",2.6725447,0.00581856444478035
/tmp/DataSetCombined/Edges/Round-7_0136385_edge.png,"tf.Tensor(5.342, shape=(), dtype=float32)",4.9589233,0.00581856444478035
/tmp/DataSetCombined/Edges/Round-6_0064024_edge.png,"tf.Tensor(2.561, shape=(), dtype=float32)",2.5813296,0.00581856444478035
/tmp/DataSetCombined/Edges/Round-4_0012344_edge.png,"tf.Tensor(2.142, shape=(), dtype=float32)",2.2943823,0.00581856444478035
/tmp/DataSetCombined/Edges/Round-10_0002546_edge.png,"tf.Tensor(3.115, shape=(), dtype=float32)",2.9954238,0.00581856444478035
/tmp/DataSetCombined/Edges/Round-5_0066076_edge.png,"tf.Tensor(4.798, shape=(), dtype=float32)",4.490196,0.00581856444478035
/tmp/DataSetCombined/Edges/Round-5_0083310_edge.png,"tf.Tensor(5.667, shape=(), dtype=float32)",5.2459893,0.00581856444478035
/tmp/DataSetCombined/Edges/Round-5_0065021_edge.png,"tf.Tensor(1.959, shape=(), dtype=float32)",2.068676,0.00581856444478035
/tmp/DataSetCombined/Edges/Round-9_0126723_edge.png,"tf.Tensor(2.897, shape=(), dtype=float32)",2.9056304,0.00581856444478035
/tmp/DataSetCombined/Edges/Round-8_0068874_edge.png,"tf.Tensor(3.097, shape=(), dtype=float32)",2.9925833,0.00581856444478035
/tmp/DataSetCombined/Edges/Round-8_0047083_edge.png,"tf.Tensor(5.158, shape=(), dtype=float32)",4.7377887,0.00581856444478035
/tmp/DataSetCombined/Edges/Round-1_0163596_edge.png,"tf.Tensor(5.519, shape=(), dtype=float32)",5.1726594,0.00581856444478035
/tmp/DataSetCombined/Edges/Round-10_0047199_edge.png,"tf.Tensor(5.37, shape=(), dtype=float32)",5.068168,0.00581856444478035
/tmp/DataSetCombined/Edges/Round-4_0011682_edge.png,"tf.Tensor(2.43, shape=(), dtype=float32)",2.492311,0.00581856444478035
/tmp/DataSetCombined/Edges/Round-1_0121943_edge.png,"tf.Tensor(4.803, shape=(), dtype=float32)",4.618913,0.00581856444478035
/tmp/DataSetCombined/Edges/Round-5_0073299_edge.png,"tf.Tensor(4.507, shape=(), dtype=float32)",4.2300797,0.00581856444478035
/tmp/DataSetCombined/Edges/Round-3_0063602_edge.png,"tf.Tensor(4.511, shape=(), dtype=float32)",4.2169504,0.00581856444478035
/tmp/DataSetCombined/Edges/Round-1_0119379_edge.png,"tf.Tensor(4.968, shape=(), dtype=float32)",4.6126113,0.00581856444478035
/tmp/DataSetCombined/Edges/Round-1_0155410_edge.png,"tf.Tensor(2.306, shape=(), dtype=float32)",2.4220307,0.00581856444478035
/tmp/DataSetCombined/Edges/Round-7_0068932_edge.png,"tf.Tensor(2.925, shape=(), dtype=float32)",2.9129567,0.005937386304140091
/tmp/DataSetCombined/Edges/Round-4_0077239_edge.png,"tf.Tensor(4.954, shape=(), dtype=float32)",4.5857673,0.005937386304140091
/tmp/DataSetCombined/Edges/Round-9_0105834_edge.png,"tf.Tensor(1.523, shape=(), dtype=float32)",1.5429789,0.005937386304140091
/tmp/DataSetCombined/Edges/Round-9_0130555_edge.png,"tf.Tensor(5.043, shape=(), dtype=float32)",4.6893873,0.005937386304140091
/tmp/DataSetCombined/Edges/Round-3_0026934_edge.png,"tf.Tensor(5.469, shape=(), dtype=float32)",5.097002,0.005937386304140091
/tmp/DataSetCombined/Edges/Round-7_0014692_edge.png,"tf.Tensor(2.451, shape=(), dtype=float32)",2.5169106,0.005937386304140091
/tmp/DataSetCombined/Edges/Round-6_0129770_edge.png,"tf.Tensor(4.6, shape=(), dtype=float32)",4.338558,0.005937386304140091
/tmp/DataSetCombined/Edges/Round-3_0045267_edge.png,"tf.Tensor(2.208, shape=(), dtype=float32)",2.3062863,0.005937386304140091
/tmp/DataSetCombined/Edges/Round-7_0082085_edge.png,"tf.Tensor(5.568, shape=(), dtype=float32)",5.2223935,0.005937386304140091
/tmp/DataSetCombined/Edges/Round-2_0053231_edge.png,"tf.Tensor(3.096, shape=(), dtype=float32)",2.9867961,0.005937386304140091
/tmp/DataSetCombined/Edges/Round-2_0109488_edge.png,"tf.Tensor(4.271, shape=(), dtype=float32)",3.9783528,0.005937386304140091
/tmp/DataSetCombined/Edges/Round-10_0054844_edge.png,"tf.Tensor(4.851, shape=(), dtype=float32)",4.6067805,0.005937386304140091
/tmp/DataSetCombined/Edges/Round-10_0184995_edge.png,"tf.Tensor(4.267, shape=(), dtype=float32)",3.9725492,0.005937386304140091
/tmp/DataSetCombined/Edges/Round-1_0101320_edge.png,"tf.Tensor(4.302, shape=(), dtype=float32)",4.2047586,0.005937386304140091
/tmp/DataSetCombined/Edges/Round-5_0126395_edge.png,"tf.Tensor(4.763, shape=(), dtype=float32)",4.478072,0.005937386304140091
/tmp/DataSetCombined/Edges/Round-8_0075635_edge.png,"tf.Tensor(5.563, shape=(), dtype=float32)",5.19575,0.005937386304140091
/tmp/DataSetCombined/Edges/Round-1_0154716_edge.png,"tf.Tensor(3.261, shape=(), dtype=float32)",3.239438,0.005937386304140091
/tmp/DataSetCombined/Edges/Round-7_0017070_edge.png,"tf.Tensor(5.221, shape=(), dtype=float32)",4.7969255,0.005937386304140091
/tmp/DataSetCombined/Edges/Round-7_0033980_edge.png,"tf.Tensor(2.477, shape=(), dtype=float32)",2.5966902,0.005937386304140091
/tmp/DataSetCombined/Edges/Round-1_0069134_edge.png,"tf.Tensor(2.461, shape=(), dtype=float32)",2.4750648,0.005937386304140091
/tmp/DataSetCombined/Edges/Round-8_0066346_edge.png,"tf.Tensor(2.537, shape=(), dtype=float32)",2.6070225,0.005937386304140091
/tmp/DataSetCombined/Edges/Round-7_0006987_edge.png,"tf.Tensor(5.036, shape=(), dtype=float32)",4.688987,0.005937386304140091
/tmp/DataSetCombined/Edges/Round-7_0085757_edge.png,"tf.Tensor(1.897, shape=(), dtype=float32)",1.9264855,0.005937386304140091
/tmp/DataSetCombined/Edges/Round-7_0061738_edge.png,"tf.Tensor(2.735, shape=(), dtype=float32)",2.8148816,0.005937386304140091
/tmp/DataSetCombined/Edges/Round-1_0147883_edge.png,"tf.Tensor(5.675, shape=(), dtype=float32)",5.2426157,0.005937386304140091
/tmp/DataSetCombined/Edges/Round-10_0022638_edge.png,"tf.Tensor(1.938, shape=(), dtype=float32)",2.0493367,0.005937386304140091
/tmp/DataSetCombined/Edges/Round-7_0086209_edge.png,"tf.Tensor(3.22, shape=(), dtype=float32)",3.1371374,0.005937386304140091
/tmp/DataSetCombined/Edges/Round-9_0189631_edge.png,"tf.Tensor(5.153, shape=(), dtype=float32)",4.7360377,0.005937386304140091
/tmp/DataSetCombined/Edges/Round-5_0103549_edge.png,"tf.Tensor(5.252, shape=(), dtype=float32)",4.982282,0.005937386304140091
/tmp/DataSetCombined/Edges/Round-8_0014111_edge.png,"tf.Tensor(2.285, shape=(), dtype=float32)",2.4188988,0.005937386304140091
/tmp/DataSetCombined/Edges/Round-6_0129822_edge.png,"tf.Tensor(4.607, shape=(), dtype=float32)",4.326993,0.005937386304140091
/tmp/DataSetCombined/Edges/Round-10_0164196_edge.png,"tf.Tensor(2.09, shape=(), dtype=float32)",2.200428,0.005937386304140091
/tmp/DataSetCombined/Edges/Round-10_0120702_edge.png,"tf.Tensor(5.576, shape=(), dtype=float32)",5.207454,0.005937386304140091
/tmp/DataSetCombined/Edges/Round-4_0005963_edge.png,"tf.Tensor(3.042, shape=(), dtype=float32)",3.0006318,0.005937386304140091
/tmp/DataSetCombined/Edges/Round-9_0092831_edge.png,"tf.Tensor(5.562, shape=(), dtype=float32)",5.170796,0.005937386304140091
/tmp/DataSetCombined/Edges/Round-5_0076972_edge.png,"tf.Tensor(2.61, shape=(), dtype=float32)",2.7766469,0.005937386304140091
/tmp/DataSetCombined/Edges/Round-9_0116610_edge.png,"tf.Tensor(4.025, shape=(), dtype=float32)",3.8825102,0.005937386304140091
/tmp/DataSetCombined/Edges/Round-8_0027596_edge.png,"tf.Tensor(5.57, shape=(), dtype=float32)",5.224857,0.005937386304140091
/tmp/DataSetCombined/Edges/Round-9_0194056_edge.png,"tf.Tensor(5.005, shape=(), dtype=float32)",4.670019,0.005937386304140091
/tmp/DataSetCombined/Edges/Round-9_0194026_edge.png,"tf.Tensor(3.578, shape=(), dtype=float32)",3.3761714,0.005937386304140091
/tmp/DataSetCombined/Edges/Round-5_0003819_edge.png,"tf.Tensor(2.881, shape=(), dtype=float32)",2.948392,0.005937386304140091
/tmp/DataSetCombined/Edges/Round-7_0102583_edge.png,"tf.Tensor(5.153, shape=(), dtype=float32)",4.7461987,0.005937386304140091
/tmp/DataSetCombined/Edges/Round-10_0050088_edge.png,"tf.Tensor(5.042, shape=(), dtype=float32)",4.6797733,0.005937386304140091
/tmp/DataSetCombined/Edges/Round-4_0036514_edge.png,"tf.Tensor(5.036, shape=(), dtype=float32)",4.6857357,0.005937386304140091
/tmp/DataSetCombined/Edges/Round-1_0171090_edge.png,"tf.Tensor(5.562, shape=(), dtype=float32)",5.1756535,0.005937386304140091
/tmp/DataSetCombined/Edges/Round-5_0062222_edge.png,"tf.Tensor(2.462, shape=(), dtype=float32)",2.5780115,0.005937386304140091
/tmp/DataSetCombined/Edges/Round-1_0038134_edge.png,"tf.Tensor(4.718, shape=(), dtype=float32)",4.4065256,0.005937386304140091
/tmp/DataSetCombined/Edges/Round-8_0010120_edge.png,"tf.Tensor(5.519, shape=(), dtype=float32)",5.184631,0.005937386304140091
/tmp/DataSetCombined/Edges/Round-1_0070742_edge.png,"tf.Tensor(5.686, shape=(), dtype=float32)",5.2500367,0.005937386304140091
/tmp/DataSetCombined/Edges/Round-8_0014714_edge.png,"tf.Tensor(2.612, shape=(), dtype=float32)",2.7030306,0.005937386304140091
/tmp/DataSetCombined/Edges/Round-9_0085758_edge.png,"tf.Tensor(3.089, shape=(), dtype=float32)",3.068336,0.005937386304140091
/tmp/DataSetCombined/Edges/Round-9_0138462_edge.png,"tf.Tensor(5.036, shape=(), dtype=float32)",4.685233,0.005937386304140091
/tmp/DataSetCombined/Edges/Round-10_0072151_edge.png,"tf.Tensor(4.783, shape=(), dtype=float32)",4.4902363,0.005937386304140091
/tmp/DataSetCombined/Edges/Round-6_0013457_edge.png,"tf.Tensor(3.635, shape=(), dtype=float32)",3.5439656,0.005937386304140091
/tmp/DataSetCombined/Edges/Round-9_0009997_edge.png,"tf.Tensor(2.28, shape=(), dtype=float32)",2.4151382,0.005937386304140091
/tmp/DataSetCombined/Edges/Round-6_0044218_edge.png,"tf.Tensor(2.484, shape=(), dtype=float32)",2.6079316,0.005937386304140091
/tmp/DataSetCombined/Edges/Round-7_0079256_edge.png,"tf.Tensor(5.523, shape=(), dtype=float32)",5.1983795,0.005937386304140091
/tmp/DataSetCombined/Edges/Round-7_0028448_edge.png,"tf.Tensor(4.409, shape=(), dtype=float32)",4.209061,0.005937386304140091
/tmp/DataSetCombined/Edges/Round-6_0058666_edge.png,"tf.Tensor(5.279, shape=(), dtype=float32)",4.8832407,0.005937386304140091
/tmp/DataSetCombined/Edges/Round-9_0033203_edge.png,"tf.Tensor(1.249, shape=(), dtype=float32)",1.364624,0.005937386304140091
/tmp/DataSetCombined/Edges/Round-8_0057936_edge.png,"tf.Tensor(5.582, shape=(), dtype=float32)",5.2313857,0.005937386304140091
/tmp/DataSetCombined/Edges/Round-9_0158930_edge.png,"tf.Tensor(1.952, shape=(), dtype=float32)",2.0707629,0.005937386304140091
/tmp/DataSetCombined/Edges/Round-4_0043256_edge.png,"tf.Tensor(3.673, shape=(), dtype=float32)",3.5991678,0.005937386304140091
/tmp/DataSetCombined/Edges/Round-5_0018669_edge.png,"tf.Tensor(5.094, shape=(), dtype=float32)",4.7194953,0.005937386304140091
/tmp/DataSetCombined/Edges/Round-6_0086388_edge.png,"tf.Tensor(5.567, shape=(), dtype=float32)",5.220736,0.005280882120132446
/tmp/DataSetCombined/Edges/Round-8_0036909_edge.png,"tf.Tensor(4.438, shape=(), dtype=float32)",4.238201,0.005280882120132446
/tmp/DataSetCombined/Edges/Round-1_0099243_edge.png,"tf.Tensor(4.954, shape=(), dtype=float32)",4.5847692,0.005280882120132446
/tmp/DataSetCombined/Edges/Round-3_0034105_edge.png,"tf.Tensor(2.329, shape=(), dtype=float32)",2.4517405,0.005280882120132446
/tmp/DataSetCombined/Edges/Round-10_0092409_edge.png,"tf.Tensor(1.785, shape=(), dtype=float32)",1.8378093,0.005280882120132446
/tmp/DataSetCombined/Edges/Round-5_0047022_edge.png,"tf.Tensor(5.354, shape=(), dtype=float32)",4.9557652,0.005280882120132446
/tmp/DataSetCombined/Edges/Round-4_0071797_edge.png,"tf.Tensor(3.218, shape=(), dtype=float32)",3.1358635,0.005280882120132446
/tmp/DataSetCombined/Edges/Round-10_0157875_edge.png,"tf.Tensor(3.054, shape=(), dtype=float32)",3.0914056,0.005280882120132446
/tmp/DataSetCombined/Edges/Round-9_0009816_edge.png,"tf.Tensor(2.507, shape=(), dtype=float32)",2.564873,0.005280882120132446
/tmp/DataSetCombined/Edges/Round-6_0050178_edge.png,"tf.Tensor(2.569, shape=(), dtype=float32)",2.583784,0.005280882120132446
/tmp/DataSetCombined/Edges/Round-3_0063753_edge.png,"tf.Tensor(1.994, shape=(), dtype=float32)",2.1058557,0.005280882120132446
/tmp/DataSetCombined/Edges/Round-8_0040943_edge.png,"tf.Tensor(3.578, shape=(), dtype=float32)",3.5320628,0.005280882120132446
/tmp/DataSetCombined/Edges/Round-8_0051717_edge.png,"tf.Tensor(5.446, shape=(), dtype=float32)",5.1316037,0.005280882120132446
/tmp/DataSetCombined/Edges/Round-9_0090694_edge.png,"tf.Tensor(5.204, shape=(), dtype=float32)",4.937172,0.005280882120132446
/tmp/DataSetCombined/Edges/Round-1_0067134_edge.png,"tf.Tensor(4.682, shape=(), dtype=float32)",4.413323,0.005280882120132446
/tmp/DataSetCombined/Edges/Round-5_0009458_edge.png,"tf.Tensor(5.535, shape=(), dtype=float32)",5.196384,0.005280882120132446
/tmp/DataSetCombined/Edges/Round-1_0118422_edge.png,"tf.Tensor(5.267, shape=(), dtype=float32)",5.0575795,0.005280882120132446
/tmp/DataSetCombined/Edges/Round-4_0040547_edge.png,"tf.Tensor(2.444, shape=(), dtype=float32)",2.5491722,0.005280882120132446
/tmp/DataSetCombined/Edges/Round-6_0028687_edge.png,"tf.Tensor(5.559, shape=(), dtype=float32)",5.17139,0.005280882120132446
/tmp/DataSetCombined/Edges/Round-9_0181956_edge.png,"tf.Tensor(2.26, shape=(), dtype=float32)",2.365254,0.005280882120132446
/tmp/DataSetCombined/Edges/Round-3_0086267_edge.png,"tf.Tensor(5.297, shape=(), dtype=float32)",5.0043626,0.005280882120132446
/tmp/DataSetCombined/Edges/Round-2_0096063_edge.png,"tf.Tensor(4.589, shape=(), dtype=float32)",4.3371825,0.005280882120132446
/tmp/DataSetCombined/Edges/Round-10_0125006_edge.png,"tf.Tensor(3.987, shape=(), dtype=float32)",3.7574253,0.005280882120132446
/tmp/DataSetCombined/Edges/Round-8_0030979_edge.png,"tf.Tensor(2.395, shape=(), dtype=float32)",2.4645782,0.005280882120132446
/tmp/DataSetCombined/Edges/Round-7_0067577_edge.png,"tf.Tensor(2.474, shape=(), dtype=float32)",2.5193899,0.005280882120132446
/tmp/DataSetCombined/Edges/Round-10_0125428_edge.png,"tf.Tensor(3.124, shape=(), dtype=float32)",3.1212375,0.005280882120132446
/tmp/DataSetCombined/Edges/Round-5_0063046_edge.png,"tf.Tensor(1.947, shape=(), dtype=float32)",2.0786133,0.005280882120132446
/tmp/DataSetCombined/Edges/Round-7_0066704_edge.png,"tf.Tensor(5.387, shape=(), dtype=float32)",5.138041,0.005280882120132446
/tmp/DataSetCombined/Edges/Round-6_0005970_edge.png,"tf.Tensor(3.474, shape=(), dtype=float32)",3.349477,0.005280882120132446
/tmp/DataSetCombined/Edges/Round-1_0154054_edge.png,"tf.Tensor(3.328, shape=(), dtype=float32)",3.2996047,0.005280882120132446
/tmp/DataSetCombined/Edges/Round-10_0109776_edge.png,"tf.Tensor(4.024, shape=(), dtype=float32)",3.87086,0.005280882120132446
/tmp/DataSetCombined/Edges/Round-10_0097345_edge.png,"tf.Tensor(5.516, shape=(), dtype=float32)",5.16413,0.005280882120132446
/tmp/DataSetCombined/Edges/Round-1_0053551_edge.png,"tf.Tensor(3.565, shape=(), dtype=float32)",3.4512482,0.005280882120132446
/tmp/DataSetCombined/Edges/Round-10_0193393_edge.png,"tf.Tensor(1.731, shape=(), dtype=float32)",1.7625027,0.005280882120132446
/tmp/DataSetCombined/Edges/Round-7_0118897_edge.png,"tf.Tensor(5.186, shape=(), dtype=float32)",4.7863765,0.005280882120132446
/tmp/DataSetCombined/Edges/Round-3_0009062_edge.png,"tf.Tensor(5.208, shape=(), dtype=float32)",4.8007073,0.005280882120132446
/tmp/DataSetCombined/Edges/Round-6_0090090_edge.png,"tf.Tensor(5.34, shape=(), dtype=float32)",4.9557533,0.005280882120132446
/tmp/DataSetCombined/Edges/Round-5_0046781_edge.png,"tf.Tensor(5.516, shape=(), dtype=float32)",5.1775312,0.005280882120132446
/tmp/DataSetCombined/Edges/Round-1_0144543_edge.png,"tf.Tensor(2.083, shape=(), dtype=float32)",2.1993632,0.005280882120132446
/tmp/DataSetCombined/Edges/Round-10_0193844_edge.png,"tf.Tensor(5.135, shape=(), dtype=float32)",4.8029294,0.005280882120132446
/tmp/DataSetCombined/Edges/Round-6_0084131_edge.png,"tf.Tensor(5.563, shape=(), dtype=float32)",5.170796,0.005280882120132446
/tmp/DataSetCombined/Edges/Round-8_0072745_edge.png,"tf.Tensor(2.932, shape=(), dtype=float32)",2.8694043,0.005280882120132446
/tmp/DataSetCombined/Edges/Round-10_0008340_edge.png,"tf.Tensor(2.584, shape=(), dtype=float32)",2.6543922,0.005280882120132446
/tmp/DataSetCombined/Edges/Round-10_0019176_edge.png,"tf.Tensor(2.384, shape=(), dtype=float32)",2.4513025,0.005280882120132446
/tmp/DataSetCombined/Edges/Round-1_0100086_edge.png,"tf.Tensor(4.295, shape=(), dtype=float32)",4.0585055,0.005280882120132446
/tmp/DataSetCombined/Edges/Round-1_0096173_edge.png,"tf.Tensor(5.572, shape=(), dtype=float32)",5.2213464,0.005280882120132446
/tmp/DataSetCombined/Edges/Round-4_0046326_edge.png,"tf.Tensor(2.274, shape=(), dtype=float32)",2.3352325,0.005280882120132446
/tmp/DataSetCombined/Edges/Round-2_0058500_edge.png,"tf.Tensor(1.823, shape=(), dtype=float32)",1.8457935,0.005280882120132446
/tmp/DataSetCombined/Edges/Round-10_0112063_edge.png,"tf.Tensor(2.378, shape=(), dtype=float32)",2.4241512,0.005280882120132446
/tmp/DataSetCombined/Edges/Round-3_0073836_edge.png,"tf.Tensor(5.554, shape=(), dtype=float32)",5.222759,0.005280882120132446
/tmp/DataSetCombined/Edges/Round-2_0076107_edge.png,"tf.Tensor(5.058, shape=(), dtype=float32)",4.705002,0.005280882120132446
/tmp/DataSetCombined/Edges/Round-7_0010237_edge.png,"tf.Tensor(5.345, shape=(), dtype=float32)",4.951445,0.005280882120132446
/tmp/DataSetCombined/Edges/Round-6_0035489_edge.png,"tf.Tensor(4.996, shape=(), dtype=float32)",4.6367345,0.005280882120132446
/tmp/DataSetCombined/Edges/Round-8_0011685_edge.png,"tf.Tensor(5.153, shape=(), dtype=float32)",4.744095,0.005280882120132446
/tmp/DataSetCombined/Edges/Round-10_0008822_edge.png,"tf.Tensor(5.097, shape=(), dtype=float32)",4.7465396,0.005280882120132446
/tmp/DataSetCombined/Edges/Round-10_0097766_edge.png,"tf.Tensor(2.368, shape=(), dtype=float32)",2.413087,0.005280882120132446
/tmp/DataSetCombined/Edges/Round-10_0122538_edge.png,"tf.Tensor(5.15, shape=(), dtype=float32)",4.834593,0.005280882120132446
/tmp/DataSetCombined/Edges/Round-7_0102403_edge.png,"tf.Tensor(5.143, shape=(), dtype=float32)",4.8151917,0.005280882120132446
/tmp/DataSetCombined/Edges/Round-8_0017765_edge.png,"tf.Tensor(5.057, shape=(), dtype=float32)",4.68569,0.005280882120132446
/tmp/DataSetCombined/Edges/Round-9_0197758_edge.png,"tf.Tensor(2.484, shape=(), dtype=float32)",2.5320835,0.005280882120132446
/tmp/DataSetCombined/Edges/Round-2_0010800_edge.png,"tf.Tensor(4.787, shape=(), dtype=float32)",4.492884,0.005280882120132446
/tmp/DataSetCombined/Edges/Round-1_0106497_edge.png,"tf.Tensor(3.127, shape=(), dtype=float32)",3.0022557,0.005280882120132446
/tmp/DataSetCombined/Edges/Round-1_0020300_edge.png,"tf.Tensor(5.592, shape=(), dtype=float32)",5.201834,0.005280882120132446
/tmp/DataSetCombined/Edges/Round-10_0061225_edge.png,"tf.Tensor(5.548, shape=(), dtype=float32)",5.231153,0.005280882120132446
/tmp/DataSetCombined/Edges/Round-10_0058065_edge.png,"tf.Tensor(4.459, shape=(), dtype=float32)",4.157793,0.005524240434169769
/tmp/DataSetCombined/Edges/Round-2_0072856_edge.png,"tf.Tensor(1.993, shape=(), dtype=float32)",2.1046264,0.005524240434169769
/tmp/DataSetCombined/Edges/Round-10_0010387_edge.png,"tf.Tensor(3.474, shape=(), dtype=float32)",3.3477745,0.005524240434169769
/tmp/DataSetCombined/Edges/Round-7_0090543_edge.png,"tf.Tensor(5.554, shape=(), dtype=float32)",5.209769,0.005524240434169769
/tmp/DataSetCombined/Edges/Round-10_0033233_edge.png,"tf.Tensor(4.794, shape=(), dtype=float32)",4.4928913,0.005524240434169769
/tmp/DataSetCombined/Edges/Round-9_0003194_edge.png,"tf.Tensor(2.516, shape=(), dtype=float32)",2.7140808,0.005524240434169769
/tmp/DataSetCombined/Edges/Round-8_0050893_edge.png,"tf.Tensor(3.289, shape=(), dtype=float32)",3.2757797,0.005524240434169769
/tmp/DataSetCombined/Edges/Round-4_0039073_edge.png,"tf.Tensor(5.222, shape=(), dtype=float32)",4.8102093,0.005524240434169769
/tmp/DataSetCombined/Edges/Round-10_0139454_edge.png,"tf.Tensor(5.572, shape=(), dtype=float32)",5.2212033,0.005524240434169769
/tmp/DataSetCombined/Edges/Round-3_0030767_edge.png,"tf.Tensor(3.22, shape=(), dtype=float32)",3.2248073,0.005524240434169769
/tmp/DataSetCombined/Edges/Round-8_0066466_edge.png,"tf.Tensor(5.081, shape=(), dtype=float32)",4.7220845,0.005524240434169769
/tmp/DataSetCombined/Edges/Round-7_0007620_edge.png,"tf.Tensor(5.618, shape=(), dtype=float32)",5.24797,0.005524240434169769
/tmp/DataSetCombined/Edges/Round-8_0053061_edge.png,"tf.Tensor(3.872, shape=(), dtype=float32)",3.775365,0.005524240434169769
/tmp/DataSetCombined/Edges/Round-5_0016080_edge.png,"tf.Tensor(4.797, shape=(), dtype=float32)",4.4778943,0.005524240434169769
/tmp/DataSetCombined/Edges/Round-3_0036700_edge.png,"tf.Tensor(5.561, shape=(), dtype=float32)",5.166675,0.005524240434169769
/tmp/DataSetCombined/Edges/Round-4_0047049_edge.png,"tf.Tensor(5.028, shape=(), dtype=float32)",4.75675,0.005524240434169769
/tmp/DataSetCombined/Edges/Round-8_0056281_edge.png,"tf.Tensor(3.603, shape=(), dtype=float32)",3.5065908,0.005524240434169769
/tmp/DataSetCombined/Edges/Round-3_0085364_edge.png,"tf.Tensor(5.562, shape=(), dtype=float32)",5.1723523,0.005524240434169769
/tmp/DataSetCombined/Edges/Round-7_0060925_edge.png,"tf.Tensor(4.571, shape=(), dtype=float32)",4.3143334,0.005524240434169769
/tmp/DataSetCombined/Edges/Round-5_0030196_edge.png,"tf.Tensor(1.92, shape=(), dtype=float32)",2.0106015,0.005524240434169769
/tmp/DataSetCombined/Edges/Round-6_0063392_edge.png,"tf.Tensor(2.524, shape=(), dtype=float32)",2.5941901,0.005524240434169769
/tmp/DataSetCombined/Edges/Round-5_0035765_edge.png,"tf.Tensor(5.447, shape=(), dtype=float32)",5.1154366,0.005524240434169769
/tmp/DataSetCombined/Edges/Round-9_0167628_edge.png,"tf.Tensor(3.406, shape=(), dtype=float32)",3.2878468,0.005524240434169769
/tmp/DataSetCombined/Edges/Round-6_0100264_edge.png,"tf.Tensor(3.284, shape=(), dtype=float32)",3.1765003,0.005524240434169769
/tmp/DataSetCombined/Edges/Round-3_0048101_edge.png,"tf.Tensor(5.075, shape=(), dtype=float32)",4.7861814,0.005524240434169769
/tmp/DataSetCombined/Edges/Round-10_0178509_edge.png,"tf.Tensor(5.517, shape=(), dtype=float32)",5.180891,0.005524240434169769
/tmp/DataSetCombined/Edges/Round-5_0041785_edge.png,"tf.Tensor(3.925, shape=(), dtype=float32)",3.7625527,0.005524240434169769
/tmp/DataSetCombined/Edges/Round-8_0059513_edge.png,"tf.Tensor(4.778, shape=(), dtype=float32)",4.4882827,0.005524240434169769
/tmp/DataSetCombined/Edges/Round-9_0006415_edge.png,"tf.Tensor(4.798, shape=(), dtype=float32)",4.4933963,0.005524240434169769
/tmp/DataSetCombined/Edges/Round-5_0063938_edge.png,"tf.Tensor(4.255, shape=(), dtype=float32)",4.2061625,0.005524240434169769
/tmp/DataSetCombined/Edges/Round-4_0026852_edge.png,"tf.Tensor(3.541, shape=(), dtype=float32)",3.390238,0.005524240434169769
/tmp/DataSetCombined/Edges/Round-9_0065087_edge.png,"tf.Tensor(4.778, shape=(), dtype=float32)",4.479357,0.005524240434169769
/tmp/DataSetCombined/Edges/Round-10_0113870_edge.png,"tf.Tensor(5.036, shape=(), dtype=float32)",4.6889524,0.005524240434169769
/tmp/DataSetCombined/Edges/Round-10_0058305_edge.png,"tf.Tensor(3.54, shape=(), dtype=float32)",3.3798563,0.005524240434169769
/tmp/DataSetCombined/Edges/Round-7_0071159_edge.png,"tf.Tensor(5.567, shape=(), dtype=float32)",5.220736,0.005524240434169769
/tmp/DataSetCombined/Edges/Round-9_0002243_edge.png,"tf.Tensor(4.898, shape=(), dtype=float32)",4.6614404,0.005524240434169769
/tmp/DataSetCombined/Edges/Round-6_0000485_edge.png,"tf.Tensor(5.153, shape=(), dtype=float32)",4.741398,0.005524240434169769
/tmp/DataSetCombined/Edges/Round-10_0137347_edge.png,"tf.Tensor(2.443, shape=(), dtype=float32)",2.6019566,0.005524240434169769
/tmp/DataSetCombined/Edges/Round-5_0039166_edge.png,"tf.Tensor(5.695, shape=(), dtype=float32)",5.2416835,0.005524240434169769
/tmp/DataSetCombined/Edges/Round-5_0082179_edge.png,"tf.Tensor(3.85, shape=(), dtype=float32)",3.761695,0.005524240434169769
/tmp/DataSetCombined/Edges/Round-4_0021103_edge.png,"tf.Tensor(5.444, shape=(), dtype=float32)",5.130909,0.005524240434169769
/tmp/DataSetCombined/Edges/Round-3_0069683_edge.png,"tf.Tensor(4.691, shape=(), dtype=float32)",4.4037857,0.005524240434169769
/tmp/DataSetCombined/Edges/Round-4_0012525_edge.png,"tf.Tensor(5.477, shape=(), dtype=float32)",5.1200504,0.005524240434169769
/tmp/DataSetCombined/Edges/Round-1_0003501_edge.png,"tf.Tensor(3.021, shape=(), dtype=float32)",3.010408,0.005524240434169769
/tmp/DataSetCombined/Edges/Round-8_0059411_edge.png,"tf.Tensor(5.188, shape=(), dtype=float32)",4.8930945,0.005524240434169769
/tmp/DataSetCombined/Edges/Round-2_0084234_edge.png,"tf.Tensor(2.705, shape=(), dtype=float32)",2.7512395,0.005524240434169769
/tmp/DataSetCombined/Edges/Round-10_0112997_edge.png,"tf.Tensor(5.095, shape=(), dtype=float32)",4.7485986,0.005524240434169769
/tmp/DataSetCombined/Edges/Round-4_0082266_edge.png,"tf.Tensor(5.453, shape=(), dtype=float32)",5.192407,0.005524240434169769
/tmp/DataSetCombined/Edges/Round-2_0099133_edge.png,"tf.Tensor(5.678, shape=(), dtype=float32)",5.2688136,0.005524240434169769
/tmp/DataSetCombined/Edges/Round-10_0089398_edge.png,"tf.Tensor(2.987, shape=(), dtype=float32)",3.0123827,0.005524240434169769
/tmp/DataSetCombined/Edges/Round-4_0065048_edge.png,"tf.Tensor(3.434, shape=(), dtype=float32)",3.4053276,0.005524240434169769
/tmp/DataSetCombined/Edges/Round-7_0068450_edge.png,"tf.Tensor(2.84, shape=(), dtype=float32)",2.8019261,0.005524240434169769
/tmp/DataSetCombined/Edges/Round-7_0014301_edge.png,"tf.Tensor(4.271, shape=(), dtype=float32)",4.095175,0.005524240434169769
/tmp/DataSetCombined/Edges/Round-1_0074200_edge.png,"tf.Tensor(4.371, shape=(), dtype=float32)",4.235598,0.005524240434169769
/tmp/DataSetCombined/Edges/Round-5_0078929_edge.png,"tf.Tensor(2.55, shape=(), dtype=float32)",2.628955,0.005524240434169769
/tmp/DataSetCombined/Edges/Round-10_0072603_edge.png,"tf.Tensor(3.169, shape=(), dtype=float32)",3.1030874,0.005524240434169769
/tmp/DataSetCombined/Edges/Round-5_0071403_edge.png,"tf.Tensor(5.342, shape=(), dtype=float32)",4.9514475,0.005524240434169769
/tmp/DataSetCombined/Edges/Round-4_0037206_edge.png,"tf.Tensor(2.722, shape=(), dtype=float32)",2.7598596,0.005524240434169769
/tmp/DataSetCombined/Edges/Round-10_0091536_edge.png,"tf.Tensor(5.08, shape=(), dtype=float32)",4.72611,0.005524240434169769
/tmp/DataSetCombined/Edges/Round-1_0166003_edge.png,"tf.Tensor(2.462, shape=(), dtype=float32)",2.6506171,0.005524240434169769
/tmp/DataSetCombined/Edges/Round-6_0010657_edge.png,"tf.Tensor(4.697, shape=(), dtype=float32)",4.5648293,0.005524240434169769
/tmp/DataSetCombined/Edges/Round-9_0056380_edge.png,"tf.Tensor(4.749, shape=(), dtype=float32)",4.4447865,0.005524240434169769
/tmp/DataSetCombined/Edges/Round-2_0038400_edge.png,"tf.Tensor(2.945, shape=(), dtype=float32)",2.9441686,0.005524240434169769
/tmp/DataSetCombined/Edges/Round-8_0024026_edge.png,"tf.Tensor(5.574, shape=(), dtype=float32)",5.2171273,0.005524240434169769
/tmp/DataSetCombined/Edges/Round-6_0010627_edge.png,"tf.Tensor(5.618, shape=(), dtype=float32)",5.220691,0.005212683230638504
/tmp/DataSetCombined/Edges/Round-9_0011743_edge.png,"tf.Tensor(3.408, shape=(), dtype=float32)",3.3546019,0.005212683230638504
/tmp/DataSetCombined/Edges/Round-8_0016579_edge.png,"tf.Tensor(3.316, shape=(), dtype=float32)",3.1335232,0.005212683230638504
/tmp/DataSetCombined/Edges/Round-9_0089339_edge.png,"tf.Tensor(2.507, shape=(), dtype=float32)",2.5659566,0.005212683230638504
/tmp/DataSetCombined/Edges/Round-6_0126631_edge.png,"tf.Tensor(4.032, shape=(), dtype=float32)",3.8648977,0.005212683230638504
/tmp/DataSetCombined/Edges/Round-10_0180661_edge.png,"tf.Tensor(5.099, shape=(), dtype=float32)",4.749732,0.005212683230638504
/tmp/DataSetCombined/Edges/Round-3_0046634_edge.png,"tf.Tensor(1.937, shape=(), dtype=float32)",2.054792,0.005212683230638504
/tmp/DataSetCombined/Edges/Round-6_0079268_edge.png,"tf.Tensor(5.345, shape=(), dtype=float32)",4.951445,0.005212683230638504
/tmp/DataSetCombined/Edges/Round-7_0039163_edge.png,"tf.Tensor(4.478, shape=(), dtype=float32)",4.315933,0.005212683230638504
/tmp/DataSetCombined/Edges/Round-8_0023545_edge.png,"tf.Tensor(1.525, shape=(), dtype=float32)",1.5452328,0.005212683230638504
/tmp/DataSetCombined/Edges/Round-3_0043526_edge.png,"tf.Tensor(4.965, shape=(), dtype=float32)",4.5986986,0.005212683230638504
/tmp/DataSetCombined/Edges/Round-9_0076005_edge.png,"tf.Tensor(2.159, shape=(), dtype=float32)",2.2226682,0.005212683230638504
/tmp/DataSetCombined/Edges/Round-7_0058337_edge.png,"tf.Tensor(5.516, shape=(), dtype=float32)",5.1712117,0.005212683230638504
/tmp/DataSetCombined/Edges/Round-3_0040064_edge.png,"tf.Tensor(2.599, shape=(), dtype=float32)",2.6506822,0.005212683230638504
/tmp/DataSetCombined/Edges/Round-5_0080583_edge.png,"tf.Tensor(4.307, shape=(), dtype=float32)",4.101368,0.005212683230638504
/tmp/DataSetCombined/Edges/Round-1_0054534_edge.png,"tf.Tensor(4.778, shape=(), dtype=float32)",4.5069404,0.005212683230638504
/tmp/DataSetCombined/Edges/Round-6_0114652_edge.png,"tf.Tensor(2.729, shape=(), dtype=float32)",2.7999084,0.005212683230638504
/tmp/DataSetCombined/Edges/Round-9_0104510_edge.png,"tf.Tensor(3.578, shape=(), dtype=float32)",3.4334848,0.005212683230638504
/tmp/DataSetCombined/Edges/Round-7_0003074_edge.png,"tf.Tensor(5.224, shape=(), dtype=float32)",4.8188486,0.005212683230638504
/tmp/DataSetCombined/Edges/Round-5_0070982_edge.png,"tf.Tensor(2.802, shape=(), dtype=float32)",2.8633118,0.005212683230638504
/tmp/DataSetCombined/Edges/Round-7_0037839_edge.png,"tf.Tensor(2.201, shape=(), dtype=float32)",2.3036194,0.005212683230638504
/tmp/DataSetCombined/Edges/Round-6_0130334_edge.png,"tf.Tensor(5.625, shape=(), dtype=float32)",5.264179,0.005212683230638504
/tmp/DataSetCombined/Edges/Round-10_0077299_edge.png,"tf.Tensor(2.969, shape=(), dtype=float32)",2.9494581,0.005212683230638504
/tmp/DataSetCombined/Edges/Round-8_0013551_edge.png,"tf.Tensor(5.145, shape=(), dtype=float32)",4.8024616,0.005212683230638504
/tmp/DataSetCombined/Edges/Round-10_0121725_edge.png,"tf.Tensor(5.62, shape=(), dtype=float32)",5.223232,0.005212683230638504
/tmp/DataSetCombined/Edges/Round-1_0081544_edge.png,"tf.Tensor(5.571, shape=(), dtype=float32)",5.222349,0.005212683230638504
/tmp/DataSetCombined/Edges/Round-4_0087292_edge.png,"tf.Tensor(5.136, shape=(), dtype=float32)",4.804437,0.005212683230638504
/tmp/DataSetCombined/Edges/Round-8_0066617_edge.png,"tf.Tensor(2.326, shape=(), dtype=float32)",2.379204,0.005212683230638504
/tmp/DataSetCombined/Edges/Round-10_0007979_edge.png,"tf.Tensor(2.135, shape=(), dtype=float32)",2.2690952,0.005212683230638504
/tmp/DataSetCombined/Edges/Round-8_0035723_edge.png,"tf.Tensor(5.152, shape=(), dtype=float32)",4.7451444,0.005212683230638504
/tmp/DataSetCombined/Edges/Round-10_0153029_edge.png,"tf.Tensor(3.958, shape=(), dtype=float32)",3.832466,0.005212683230638504
/tmp/DataSetCombined/Edges/Round-1_0085849_edge.png,"tf.Tensor(4.746, shape=(), dtype=float32)",4.458417,0.005212683230638504
/tmp/DataSetCombined/Edges/Round-5_0004667_edge.png,"tf.Tensor(4.539, shape=(), dtype=float32)",4.2418857,0.005212683230638504
/tmp/DataSetCombined/Edges/Round-7_0011923_edge.png,"tf.Tensor(2.161, shape=(), dtype=float32)",2.256846,0.005212683230638504
/tmp/DataSetCombined/Edges/Round-6_0023389_edge.png,"tf.Tensor(3.517, shape=(), dtype=float32)",3.3738816,0.005212683230638504
/tmp/DataSetCombined/Edges/Round-9_0101560_edge.png,"tf.Tensor(5.642, shape=(), dtype=float32)",5.230101,0.005212683230638504
/tmp/DataSetCombined/Edges/Round-10_0133163_edge.png,"tf.Tensor(4.266, shape=(), dtype=float32)",3.978491,0.005212683230638504
/tmp/DataSetCombined/Edges/Round-6_0126240_edge.png,"tf.Tensor(3.087, shape=(), dtype=float32)",3.10224,0.005212683230638504
/tmp/DataSetCombined/Edges/Round-5_0068784_edge.png,"tf.Tensor(5.518, shape=(), dtype=float32)",5.18399,0.005212683230638504
/tmp/DataSetCombined/Edges/Round-5_0029083_edge.png,"tf.Tensor(5.34, shape=(), dtype=float32)",4.9524946,0.005212683230638504
/tmp/DataSetCombined/Edges/Round-9_0085818_edge.png,"tf.Tensor(5.561, shape=(), dtype=float32)",5.1788235,0.005212683230638504
/tmp/DataSetCombined/Edges/Round-1_0089611_edge.png,"tf.Tensor(5.08, shape=(), dtype=float32)",4.726603,0.005212683230638504
/tmp/DataSetCombined/Edges/Round-3_0064385_edge.png,"tf.Tensor(5.146, shape=(), dtype=float32)",4.827071,0.005212683230638504
/tmp/DataSetCombined/Edges/Round-3_0033262_edge.png,"tf.Tensor(5.221, shape=(), dtype=float32)",4.921505,0.005212683230638504
/tmp/DataSetCombined/Edges/Round-8_0074822_edge.png,"tf.Tensor(5.504, shape=(), dtype=float32)",5.1383514,0.005212683230638504
/tmp/DataSetCombined/Edges/Round-9_0070467_edge.png,"tf.Tensor(4.372, shape=(), dtype=float32)",4.086878,0.005212683230638504
/tmp/DataSetCombined/Edges/Round-10_0000728_edge.png,"tf.Tensor(3.087, shape=(), dtype=float32)",3.0930197,0.005212683230638504
/tmp/DataSetCombined/Edges/Round-8_0008765_edge.png,"tf.Tensor(5.651, shape=(), dtype=float32)",5.279278,0.005212683230638504
/tmp/DataSetCombined/Edges/Round-2_0055034_edge.png,"tf.Tensor(4.574, shape=(), dtype=float32)",4.339833,0.005212683230638504
/tmp/DataSetCombined/Edges/Round-1_0130998_edge.png,"tf.Tensor(2.533, shape=(), dtype=float32)",2.6148188,0.005212683230638504
/tmp/DataSetCombined/Edges/Round-4_0019658_edge.png,"tf.Tensor(5.537, shape=(), dtype=float32)",5.215035,0.005212683230638504
/tmp/DataSetCombined/Edges/Round-6_0005910_edge.png,"tf.Tensor(1.833, shape=(), dtype=float32)",1.8763397,0.005212683230638504
/tmp/DataSetCombined/Edges/Round-9_0097979_edge.png,"tf.Tensor(4.757, shape=(), dtype=float32)",4.4575934,0.005212683230638504
/tmp/DataSetCombined/Edges/Round-8_0018024_edge.png,"tf.Tensor(5.621, shape=(), dtype=float32)",5.2211866,0.005212683230638504
/tmp/DataSetCombined/Edges/Round-1_0004234_edge.png,"tf.Tensor(1.874, shape=(), dtype=float32)",1.8971422,0.005212683230638504
/tmp/DataSetCombined/Edges/Round-6_0005516_edge.png,"tf.Tensor(2.241, shape=(), dtype=float32)",2.35758,0.005212683230638504
/tmp/DataSetCombined/Edges/Round-4_0030434_edge.png,"tf.Tensor(4.201, shape=(), dtype=float32)",4.0093513,0.005212683230638504
/tmp/DataSetCombined/Edges/Round-8_0006947_edge.png,"tf.Tensor(2.888, shape=(), dtype=float32)",2.8904326,0.005212683230638504
/tmp/DataSetCombined/Edges/Round-8_0024417_edge.png,"tf.Tensor(5.064, shape=(), dtype=float32)",4.712063,0.005212683230638504
/tmp/DataSetCombined/Edges/Round-4_0032119_edge.png,"tf.Tensor(4.751, shape=(), dtype=float32)",4.4668617,0.005212683230638504
/tmp/DataSetCombined/Edges/Round-9_0192461_edge.png,"tf.Tensor(5.676, shape=(), dtype=float32)",5.269819,0.005212683230638504
/tmp/DataSetCombined/Edges/Round-1_0127024_edge.png,"tf.Tensor(5.076, shape=(), dtype=float32)",4.7194953,0.005212683230638504
/tmp/DataSetCombined/Edges/Round-2_0004800_edge.png,"tf.Tensor(4.262, shape=(), dtype=float32)",3.9826958,0.005212683230638504
/tmp/DataSetCombined/Edges/Round-8_0037962_edge.png,"tf.Tensor(5.057, shape=(), dtype=float32)",4.792746,0.005212683230638504
/tmp/DataSetCombined/Edges/Round-4_0009936_edge.png,"tf.Tensor(4.79, shape=(), dtype=float32)",4.474935,0.0052492208778858185
/tmp/DataSetCombined/Edges/Round-10_0180330_edge.png,"tf.Tensor(1.977, shape=(), dtype=float32)",2.057645,0.0052492208778858185
/tmp/DataSetCombined/Edges/Round-1_0070400_edge.png,"tf.Tensor(3.398, shape=(), dtype=float32)",3.336309,0.0052492208778858185
/tmp/DataSetCombined/Edges/Round-9_0152070_edge.png,"tf.Tensor(2.913, shape=(), dtype=float32)",2.9787972,0.0052492208778858185
/tmp/DataSetCombined/Edges/Round-2_0029800_edge.png,"tf.Tensor(3.054, shape=(), dtype=float32)",3.0768125,0.0052492208778858185
/tmp/DataSetCombined/Edges/Round-7_0125429_edge.png,"tf.Tensor(5.289, shape=(), dtype=float32)",5.0182977,0.0052492208778858185
/tmp/DataSetCombined/Edges/Round-7_0002592_edge.png,"tf.Tensor(2.265, shape=(), dtype=float32)",2.397043,0.0052492208778858185
/tmp/DataSetCombined/Edges/Round-6_0086440_edge.png,"tf.Tensor(4.385, shape=(), dtype=float32)",4.094938,0.0052492208778858185
/tmp/DataSetCombined/Edges/Round-8_0011824_edge.png,"tf.Tensor(3.542, shape=(), dtype=float32)",3.4700398,0.0052492208778858185
/tmp/DataSetCombined/Edges/Round-4_0080550_edge.png,"tf.Tensor(5.084, shape=(), dtype=float32)",4.7281694,0.0052492208778858185
/tmp/DataSetCombined/Edges/Round-7_0108091_edge.png,"tf.Tensor(2.661, shape=(), dtype=float32)",2.6562374,0.0052492208778858185
/tmp/DataSetCombined/Edges/Round-10_0179607_edge.png,"tf.Tensor(3.519, shape=(), dtype=float32)",3.4744277,0.0052492208778858185
/tmp/DataSetCombined/Edges/Round-10_0154594_edge.png,"tf.Tensor(5.362, shape=(), dtype=float32)",4.9702835,0.0052492208778858185
/tmp/DataSetCombined/Edges/Round-8_0053993_edge.png,"tf.Tensor(2.792, shape=(), dtype=float32)",2.8564627,0.0052492208778858185
/tmp/DataSetCombined/Edges/Round-10_0097736_edge.png,"tf.Tensor(5.044, shape=(), dtype=float32)",4.689445,0.0052492208778858185
/tmp/DataSetCombined/Edges/Round-4_0082627_edge.png,"tf.Tensor(3.119, shape=(), dtype=float32)",3.07661,0.0052492208778858185
/tmp/DataSetCombined/Edges/Round-3_0035167_edge.png,"tf.Tensor(2.037, shape=(), dtype=float32)",2.1451504,0.0052492208778858185
/tmp/DataSetCombined/Edges/Round-5_0013311_edge.png,"tf.Tensor(4.965, shape=(), dtype=float32)",4.5997877,0.0052492208778858185
/tmp/DataSetCombined/Edges/Round-10_0145504_edge.png,"tf.Tensor(4.33, shape=(), dtype=float32)",4.0361648,0.0052492208778858185
/tmp/DataSetCombined/Edges/Round-1_0053341_edge.png,"tf.Tensor(5.497, shape=(), dtype=float32)",5.179684,0.0052492208778858185
/tmp/DataSetCombined/Edges/Round-1_0165040_edge.png,"tf.Tensor(5.342, shape=(), dtype=float32)",4.944494,0.0052492208778858185
/tmp/DataSetCombined/Edges/Round-9_0082326_edge.png,"tf.Tensor(5.074, shape=(), dtype=float32)",4.7254972,0.0052492208778858185
/tmp/DataSetCombined/Edges/Round-1_0056534_edge.png,"tf.Tensor(5.521, shape=(), dtype=float32)",5.1877885,0.0052492208778858185
/tmp/DataSetCombined/Edges/Round-10_0192249_edge.png,"tf.Tensor(5.648, shape=(), dtype=float32)",5.2620497,0.0052492208778858185
/tmp/DataSetCombined/Edges/Round-9_0096083_edge.png,"tf.Tensor(3.169, shape=(), dtype=float32)",3.1080666,0.0052492208778858185
/tmp/DataSetCombined/Edges/Round-1_0124837_edge.png,"tf.Tensor(3.532, shape=(), dtype=float32)",3.372921,0.0052492208778858185
/tmp/DataSetCombined/Edges/Round-1_0026301_edge.png,"tf.Tensor(5.413, shape=(), dtype=float32)",5.063713,0.0052492208778858185
/tmp/DataSetCombined/Edges/Round-7_0131479_edge.png,"tf.Tensor(2.695, shape=(), dtype=float32)",2.7503107,0.0052492208778858185
/tmp/DataSetCombined/Edges/Round-10_0092228_edge.png,"tf.Tensor(3.908, shape=(), dtype=float32)",3.8239965,0.0052492208778858185
/tmp/DataSetCombined/Edges/Round-9_0026281_edge.png,"tf.Tensor(5.153, shape=(), dtype=float32)",4.728532,0.0052492208778858185
/tmp/DataSetCombined/Edges/Round-6_0048794_edge.png,"tf.Tensor(3.474, shape=(), dtype=float32)",3.3455844,0.0052492208778858185
/tmp/DataSetCombined/Edges/Round-10_0169073_edge.png,"tf.Tensor(5.57, shape=(), dtype=float32)",5.213277,0.0052492208778858185
/tmp/DataSetCombined/Edges/Round-8_0028360_edge.png,"tf.Tensor(4.495, shape=(), dtype=float32)",4.1847115,0.0052492208778858185
/tmp/DataSetCombined/Edges/Round-8_0017043_edge.png,"tf.Tensor(5.055, shape=(), dtype=float32)",4.7045064,0.0052492208778858185
/tmp/DataSetCombined/Edges/Round-5_0084135_edge.png,"tf.Tensor(5.519, shape=(), dtype=float32)",5.1775312,0.0052492208778858185
/tmp/DataSetCombined/Edges/Round-9_0182708_edge.png,"tf.Tensor(5.344, shape=(), dtype=float32)",4.9585004,0.0052492208778858185
/tmp/DataSetCombined/Edges/Round-1_0139756_edge.png,"tf.Tensor(2.08, shape=(), dtype=float32)",2.1987953,0.0052492208778858185
/tmp/DataSetCombined/Edges/Round-4_0090784_edge.png,"tf.Tensor(5.559, shape=(), dtype=float32)",5.230572,0.0052492208778858185
/tmp/DataSetCombined/Edges/Round-9_0130455_edge.png,"tf.Tensor(5.569, shape=(), dtype=float32)",5.220184,0.0052492208778858185
/tmp/DataSetCombined/Edges/Round-10_0016888_edge.png,"tf.Tensor(2.224, shape=(), dtype=float32)",2.275288,0.0052492208778858185
/tmp/DataSetCombined/Edges/Round-8_0058057_edge.png,"tf.Tensor(5.652, shape=(), dtype=float32)",5.2171273,0.0052492208778858185
/tmp/DataSetCombined/Edges/Round-8_0000213_edge.png,"tf.Tensor(2.508, shape=(), dtype=float32)",2.575921,0.0052492208778858185
/tmp/DataSetCombined/Edges/Round-2_0102444_edge.png,"tf.Tensor(5.561, shape=(), dtype=float32)",5.1730475,0.0052492208778858185
/tmp/DataSetCombined/Edges/Round-8_0024646_edge.png,"tf.Tensor(5.031, shape=(), dtype=float32)",4.693572,0.0052492208778858185
/tmp/DataSetCombined/Edges/Round-5_0062192_edge.png,"tf.Tensor(5.142, shape=(), dtype=float32)",4.824355,0.0052492208778858185
/tmp/DataSetCombined/Edges/Round-2_0064669_edge.png,"tf.Tensor(2.988, shape=(), dtype=float32)",2.9572604,0.0052492208778858185
/tmp/DataSetCombined/Edges/Round-7_0052498_edge.png,"tf.Tensor(5.569, shape=(), dtype=float32)",5.2255654,0.0052492208778858185
/tmp/DataSetCombined/Edges/Round-10_0067637_edge.png,"tf.Tensor(4.298, shape=(), dtype=float32)",4.010432,0.0052492208778858185
/tmp/DataSetCombined/Edges/Round-1_0102230_edge.png,"tf.Tensor(5.572, shape=(), dtype=float32)",5.220736,0.0052492208778858185
/tmp/DataSetCombined/Edges/Round-2_0084634_edge.png,"tf.Tensor(2.659, shape=(), dtype=float32)",2.7124987,0.0052492208778858185
/tmp/DataSetCombined/Edges/Round-1_0151104_edge.png,"tf.Tensor(1.629, shape=(), dtype=float32)",1.6278203,0.0052492208778858185
/tmp/DataSetCombined/Edges/Round-8_0019559_edge.png,"tf.Tensor(3.465, shape=(), dtype=float32)",3.3548331,0.0052492208778858185
/tmp/DataSetCombined/Edges/Round-1_0101680_edge.png,"tf.Tensor(4.798, shape=(), dtype=float32)",4.490196,0.0052492208778858185
/tmp/DataSetCombined/Edges/Round-8_0003516_edge.png,"tf.Tensor(4.292, shape=(), dtype=float32)",4.0521975,0.0052492208778858185
/tmp/DataSetCombined/Edges/Round-7_0099724_edge.png,"tf.Tensor(3.457, shape=(), dtype=float32)",3.4122028,0.0052492208778858185
/tmp/DataSetCombined/Edges/Round-1_0086902_edge.png,"tf.Tensor(3.128, shape=(), dtype=float32)",3.160492,0.0052492208778858185
/tmp/DataSetCombined/Edges/Round-10_0080730_edge.png,"tf.Tensor(5.522, shape=(), dtype=float32)",5.188906,0.0052492208778858185
/tmp/DataSetCombined/Edges/Round-4_0051564_edge.png,"tf.Tensor(3.636, shape=(), dtype=float32)",3.508091,0.0052492208778858185
/tmp/DataSetCombined/Edges/Round-2_0091368_edge.png,"tf.Tensor(5.56, shape=(), dtype=float32)",5.178912,0.0052492208778858185
/tmp/DataSetCombined/Edges/Round-1_0107791_edge.png,"tf.Tensor(1.719, shape=(), dtype=float32)",1.7428563,0.0052492208778858185
/tmp/DataSetCombined/Edges/Round-7_0048283_edge.png,"tf.Tensor(5.573, shape=(), dtype=float32)",5.174153,0.0052492208778858185
/tmp/DataSetCombined/Edges/Round-6_0025858_edge.png,"tf.Tensor(4.799, shape=(), dtype=float32)",4.617716,0.0052492208778858185
/tmp/DataSetCombined/Edges/Round-8_0082046_edge.png,"tf.Tensor(4.255, shape=(), dtype=float32)",4.0531845,0.0052492208778858185
/tmp/DataSetCombined/Edges/Round-2_0103558_edge.png,"tf.Tensor(5.577, shape=(), dtype=float32)",5.210624,0.0052492208778858185
/tmp/DataSetCombined/Edges/Round-9_0161217_edge.png,"tf.Tensor(3.36, shape=(), dtype=float32)",3.2465987,0.0057221464812755585
/tmp/DataSetCombined/Edges/Round-10_0037958_edge.png,"tf.Tensor(5.131, shape=(), dtype=float32)",4.824711,0.0057221464812755585
/tmp/DataSetCombined/Edges/Round-8_0071330_edge.png,"tf.Tensor(4.961, shape=(), dtype=float32)",4.707156,0.0057221464812755585
/tmp/DataSetCombined/Edges/Round-5_0070397_edge.png,"tf.Tensor(5.016, shape=(), dtype=float32)",4.666356,0.0057221464812755585
/tmp/DataSetCombined/Edges/Round-10_0136143_edge.png,"tf.Tensor(3.268, shape=(), dtype=float32)",3.167829,0.0057221464812755585
/tmp/DataSetCombined/Edges/Round-6_0116699_edge.png,"tf.Tensor(5.671, shape=(), dtype=float32)",5.2635922,0.0057221464812755585
/tmp/DataSetCombined/Edges/Round-8_0061458_edge.png,"tf.Tensor(5.154, shape=(), dtype=float32)",4.726337,0.0057221464812755585
/tmp/DataSetCombined/Edges/Round-9_0013458_edge.png,"tf.Tensor(2.393, shape=(), dtype=float32)",2.497404,0.0057221464812755585
/tmp/DataSetCombined/Edges/Round-4_0031789_edge.png,"tf.Tensor(4.402, shape=(), dtype=float32)",4.17281,0.0057221464812755585
/tmp/DataSetCombined/Edges/Round-5_0065865_edge.png,"tf.Tensor(5.561, shape=(), dtype=float32)",5.167084,0.0057221464812755585
/tmp/DataSetCombined/Edges/Round-8_0050152_edge.png,"tf.Tensor(2.023, shape=(), dtype=float32)",2.1549935,0.0057221464812755585
/tmp/DataSetCombined/Edges/Round-5_0021016_edge.png,"tf.Tensor(2.725, shape=(), dtype=float32)",2.7677815,0.0057221464812755585
/tmp/DataSetCombined/Edges/Round-10_0008190_edge.png,"tf.Tensor(5.516, shape=(), dtype=float32)",5.1578145,0.0057221464812755585
/tmp/DataSetCombined/Edges/Round-9_0078142_edge.png,"tf.Tensor(4.954, shape=(), dtype=float32)",4.590122,0.0057221464812755585
/tmp/DataSetCombined/Edges/Round-4_0014271_edge.png,"tf.Tensor(5.144, shape=(), dtype=float32)",4.871115,0.0057221464812755585
/tmp/DataSetCombined/Edges/Round-7_0021946_edge.png,"tf.Tensor(4.497, shape=(), dtype=float32)",4.266809,0.0057221464812755585
/tmp/DataSetCombined/Edges/Round-10_0187282_edge.png,"tf.Tensor(3.28, shape=(), dtype=float32)",3.185998,0.0057221464812755585
/tmp/DataSetCombined/Edges/Round-1_0154445_edge.png,"tf.Tensor(5.218, shape=(), dtype=float32)",4.790413,0.0057221464812755585
/tmp/DataSetCombined/Edges/Round-9_0165552_edge.png,"tf.Tensor(2.503, shape=(), dtype=float32)",2.5161653,0.0057221464812755585
/tmp/DataSetCombined/Edges/Round-4_0042714_edge.png,"tf.Tensor(3.319, shape=(), dtype=float32)",3.2139134,0.0057221464812755585
/tmp/DataSetCombined/Edges/Round-9_0019990_edge.png,"tf.Tensor(2.409, shape=(), dtype=float32)",2.5258558,0.0057221464812755585
/tmp/DataSetCombined/Edges/Round-9_0020953_edge.png,"tf.Tensor(3.452, shape=(), dtype=float32)",3.3069549,0.0057221464812755585
/tmp/DataSetCombined/Edges/Round-8_0008182_edge.png,"tf.Tensor(4.68, shape=(), dtype=float32)",4.4096403,0.0057221464812755585
/tmp/DataSetCombined/Edges/Round-1_0066867_edge.png,"tf.Tensor(2.957, shape=(), dtype=float32)",3.022572,0.0057221464812755585
/tmp/DataSetCombined/Edges/Round-3_0052634_edge.png,"tf.Tensor(1.999, shape=(), dtype=float32)",2.1238444,0.0057221464812755585
/tmp/DataSetCombined/Edges/Round-1_0106045_edge.png,"tf.Tensor(3.431, shape=(), dtype=float32)",3.297975,0.0057221464812755585
/tmp/DataSetCombined/Edges/Round-3_0077930_edge.png,"tf.Tensor(5.154, shape=(), dtype=float32)",4.7348895,0.0057221464812755585
/tmp/DataSetCombined/Edges/Round-4_0031307_edge.png,"tf.Tensor(4.651, shape=(), dtype=float32)",4.3947353,0.0057221464812755585
/tmp/DataSetCombined/Edges/Round-4_0046025_edge.png,"tf.Tensor(3.091, shape=(), dtype=float32)",3.054618,0.0057221464812755585
/tmp/DataSetCombined/Edges/Round-7_0002442_edge.png,"tf.Tensor(4.264, shape=(), dtype=float32)",3.9751973,0.0057221464812755585
/tmp/DataSetCombined/Edges/Round-7_0068119_edge.png,"tf.Tensor(2.335, shape=(), dtype=float32)",2.3786876,0.0057221464812755585
/tmp/DataSetCombined/Edges/Round-1_0074010_edge.png,"tf.Tensor(5.663, shape=(), dtype=float32)",5.269647,0.0057221464812755585
/tmp/DataSetCombined/Edges/Round-7_0054755_edge.png,"tf.Tensor(4.719, shape=(), dtype=float32)",4.413423,0.0057221464812755585
/tmp/DataSetCombined/Edges/Round-2_0091760_edge.png,"tf.Tensor(3.221, shape=(), dtype=float32)",3.2446811,0.0057221464812755585
/tmp/DataSetCombined/Edges/Round-8_0080270_edge.png,"tf.Tensor(4.391, shape=(), dtype=float32)",4.10017,0.0057221464812755585
/tmp/DataSetCombined/Edges/Round-5_0037541_edge.png,"tf.Tensor(5.629, shape=(), dtype=float32)",5.247022,0.0057221464812755585
/tmp/DataSetCombined/Edges/Round-1_0158719_edge.png,"tf.Tensor(2.544, shape=(), dtype=float32)",2.583637,0.0057221464812755585
/tmp/DataSetCombined/Edges/Round-8_0045415_edge.png,"tf.Tensor(1.812, shape=(), dtype=float32)",1.8229518,0.0057221464812755585
/tmp/DataSetCombined/Edges/Round-8_0057948_edge.png,"tf.Tensor(5.446, shape=(), dtype=float32)",5.135811,0.0057221464812755585
/tmp/DataSetCombined/Edges/Round-3_0003401_edge.png,"tf.Tensor(3.61, shape=(), dtype=float32)",3.4253883,0.0057221464812755585
/tmp/DataSetCombined/Edges/Round-9_0163837_edge.png,"tf.Tensor(2.486, shape=(), dtype=float32)",2.5182352,0.0057221464812755585
/tmp/DataSetCombined/Edges/Round-5_0098613_edge.png,"tf.Tensor(5.558, shape=(), dtype=float32)",5.2356014,0.0057221464812755585
/tmp/DataSetCombined/Edges/Round-10_0167567_edge.png,"tf.Tensor(4.957, shape=(), dtype=float32)",4.5938244,0.0057221464812755585
/tmp/DataSetCombined/Edges/Round-6_0122026_edge.png,"tf.Tensor(5.68, shape=(), dtype=float32)",5.27142,0.0057221464812755585
/tmp/DataSetCombined/Edges/Round-10_0010477_edge.png,"tf.Tensor(5.571, shape=(), dtype=float32)",5.2216964,0.0057221464812755585
/tmp/DataSetCombined/Edges/Round-7_0096924_edge.png,"tf.Tensor(1.821, shape=(), dtype=float32)",1.8594973,0.0057221464812755585
/tmp/DataSetCombined/Edges/Round-8_0040310_edge.png,"tf.Tensor(5.572, shape=(), dtype=float32)",5.219588,0.0057221464812755585
/tmp/DataSetCombined/Edges/Round-8_0072704_edge.png,"tf.Tensor(3.783, shape=(), dtype=float32)",3.648811,0.0057221464812755585
/tmp/DataSetCombined/Edges/Round-2_0106967_edge.png,"tf.Tensor(1.717, shape=(), dtype=float32)",1.7520568,0.0057221464812755585
/tmp/DataSetCombined/Edges/Round-10_0079285_edge.png,"tf.Tensor(1.546, shape=(), dtype=float32)",1.5508368,0.0057221464812755585
/tmp/DataSetCombined/Edges/Round-10_0163564_edge.png,"tf.Tensor(4.289, shape=(), dtype=float32)",4.0012455,0.0057221464812755585
/tmp/DataSetCombined/Edges/Round-10_0132411_edge.png,"tf.Tensor(5.21, shape=(), dtype=float32)",4.932779,0.0057221464812755585
/tmp/DataSetCombined/Edges/Round-7_0133887_edge.png,"tf.Tensor(4.191, shape=(), dtype=float32)",3.9613855,0.0057221464812755585
/tmp/DataSetCombined/Edges/Round-1_0169194_edge.png,"tf.Tensor(2.091, shape=(), dtype=float32)",2.2038376,0.0057221464812755585
/tmp/DataSetCombined/Edges/Round-2_0083934_edge.png,"tf.Tensor(5.606, shape=(), dtype=float32)",5.2299695,0.0057221464812755585
/tmp/DataSetCombined/Edges/Round-10_0061707_edge.png,"tf.Tensor(3.641, shape=(), dtype=float32)",3.4464512,0.0057221464812755585
/tmp/DataSetCombined/Edges/Round-8_0074473_edge.png,"tf.Tensor(5.196, shape=(), dtype=float32)",4.787537,0.0057221464812755585
/tmp/DataSetCombined/Edges/Round-5_0114867_edge.png,"tf.Tensor(1.983, shape=(), dtype=float32)",2.083763,0.0057221464812755585
/tmp/DataSetCombined/Edges/Round-10_0187102_edge.png,"tf.Tensor(5.536, shape=(), dtype=float32)",5.2399664,0.0057221464812755585
/tmp/DataSetCombined/Edges/Round-5_0065263_edge.png,"tf.Tensor(5.341, shape=(), dtype=float32)",4.9539227,0.0057221464812755585
/tmp/DataSetCombined/Edges/Round-7_0033414_edge.png,"tf.Tensor(1.675, shape=(), dtype=float32)",1.6589346,0.0057221464812755585
/tmp/DataSetCombined/Edges/Round-5_0106620_edge.png,"tf.Tensor(2.97, shape=(), dtype=float32)",2.9706688,0.0057221464812755585
/tmp/DataSetCombined/Edges/Round-3_0028507_edge.png,"tf.Tensor(5.442, shape=(), dtype=float32)",5.1282043,0.0057221464812755585
/tmp/DataSetCombined/Edges/Round-4_0005030_edge.png,"tf.Tensor(5.656, shape=(), dtype=float32)",5.2529707,0.0057221464812755585
/tmp/DataSetCombined/Edges/Round-9_0144933_edge.png,"tf.Tensor(2.267, shape=(), dtype=float32)",2.3987153,0.005077555775642395
/tmp/DataSetCombined/Edges/Round-9_0006475_edge.png,"tf.Tensor(3.626, shape=(), dtype=float32)",3.5237033,0.005077555775642395
/tmp/DataSetCombined/Edges/Round-1_0002967_edge.png,"tf.Tensor(3.217, shape=(), dtype=float32)",3.1299448,0.005077555775642395
/tmp/DataSetCombined/Edges/Round-9_0118115_edge.png,"tf.Tensor(1.984, shape=(), dtype=float32)",2.0987957,0.005077555775642395
/tmp/DataSetCombined/Edges/Round-4_0045062_edge.png,"tf.Tensor(1.986, shape=(), dtype=float32)",2.0918233,0.005077555775642395
/tmp/DataSetCombined/Edges/Round-1_0127536_edge.png,"tf.Tensor(4.262, shape=(), dtype=float32)",3.9793952,0.005077555775642395
/tmp/DataSetCombined/Edges/Round-5_0044705_edge.png,"tf.Tensor(5.571, shape=(), dtype=float32)",5.2250113,0.005077555775642395
/tmp/DataSetCombined/Edges/Round-10_0033865_edge.png,"tf.Tensor(1.712, shape=(), dtype=float32)",1.6856663,0.005077555775642395
/tmp/DataSetCombined/Edges/Round-1_0067367_edge.png,"tf.Tensor(1.893, shape=(), dtype=float32)",1.975488,0.005077555775642395
/tmp/DataSetCombined/Edges/Round-10_0028206_edge.png,"tf.Tensor(5.584, shape=(), dtype=float32)",5.235736,0.005077555775642395
/tmp/DataSetCombined/Edges/Round-7_0076788_edge.png,"tf.Tensor(4.967, shape=(), dtype=float32)",4.6592827,0.005077555775642395
/tmp/DataSetCombined/Edges/Round-10_0152187_edge.png,"tf.Tensor(5.443, shape=(), dtype=float32)",5.1266475,0.005077555775642395
/tmp/DataSetCombined/Edges/Round-5_0101563_edge.png,"tf.Tensor(5.528, shape=(), dtype=float32)",5.2010984,0.005077555775642395
/tmp/DataSetCombined/Edges/Round-3_0051713_edge.png,"tf.Tensor(3.39, shape=(), dtype=float32)",3.2653043,0.005077555775642395
/tmp/DataSetCombined/Edges/Round-9_0041360_edge.png,"tf.Tensor(5.443, shape=(), dtype=float32)",5.127692,0.005077555775642395
/tmp/DataSetCombined/Edges/Round-1_0150382_edge.png,"tf.Tensor(5.537, shape=(), dtype=float32)",5.191655,0.005077555775642395
/tmp/DataSetCombined/Edges/Round-7_0005873_edge.png,"tf.Tensor(5.153, shape=(), dtype=float32)",4.7457404,0.005077555775642395
/tmp/DataSetCombined/Edges/Round-3_0088133_edge.png,"tf.Tensor(5.575, shape=(), dtype=float32)",5.2244034,0.005077555775642395
/tmp/DataSetCombined/Edges/Round-10_0175242_edge.png,"tf.Tensor(5.14, shape=(), dtype=float32)",4.806132,0.005077555775642395
/tmp/DataSetCombined/Edges/Round-9_0002923_edge.png,"tf.Tensor(2.038, shape=(), dtype=float32)",2.132808,0.005077555775642395
/tmp/DataSetCombined/Edges/Round-8_0080692_edge.png,"tf.Tensor(2.453, shape=(), dtype=float32)",2.5591612,0.005077555775642395
/tmp/DataSetCombined/Edges/Round-1_0001300_edge.png,"tf.Tensor(2.009, shape=(), dtype=float32)",2.1162698,0.005077555775642395
/tmp/DataSetCombined/Edges/Round-10_0046777_edge.png,"tf.Tensor(2.065, shape=(), dtype=float32)",2.1257498,0.005077555775642395
/tmp/DataSetCombined/Edges/Round-1_0094848_edge.png,"tf.Tensor(1.96, shape=(), dtype=float32)",2.0519884,0.005077555775642395
/tmp/DataSetCombined/Edges/Round-9_0175424_edge.png,"tf.Tensor(5.452, shape=(), dtype=float32)",5.136771,0.005077555775642395
/tmp/DataSetCombined/Edges/Round-8_0013310_edge.png,"tf.Tensor(3.156, shape=(), dtype=float32)",3.0936987,0.005077555775642395
/tmp/DataSetCombined/Edges/Round-8_0052500_edge.png,"tf.Tensor(3.654, shape=(), dtype=float32)",3.571684,0.005077555775642395
/tmp/DataSetCombined/Edges/Round-7_0002080_edge.png,"tf.Tensor(2.3, shape=(), dtype=float32)",2.33881,0.005077555775642395
/tmp/DataSetCombined/Edges/Round-6_0017219_edge.png,"tf.Tensor(4.407, shape=(), dtype=float32)",4.155053,0.005077555775642395
/tmp/DataSetCombined/Edges/Round-7_0046778_edge.png,"tf.Tensor(4.876, shape=(), dtype=float32)",4.615727,0.005077555775642395
/tmp/DataSetCombined/Edges/Round-9_0064357_edge.png,"tf.Tensor(4.427, shape=(), dtype=float32)",4.159359,0.005077555775642395
/tmp/DataSetCombined/Edges/Round-10_0111853_edge.png,"tf.Tensor(5.342, shape=(), dtype=float32)",4.9675345,0.005077555775642395
/tmp/DataSetCombined/Edges/Round-3_0069893_edge.png,"tf.Tensor(5.362, shape=(), dtype=float32)",5.0630765,0.005077555775642395
/tmp/DataSetCombined/Edges/Round-6_0099602_edge.png,"tf.Tensor(5.572, shape=(), dtype=float32)",5.2207923,0.005077555775642395
/tmp/DataSetCombined/Edges/Round-7_0038200_edge.png,"tf.Tensor(4.609, shape=(), dtype=float32)",4.3284564,0.005077555775642395
/tmp/DataSetCombined/Edges/Round-7_0017281_edge.png,"tf.Tensor(2.82, shape=(), dtype=float32)",2.8469417,0.005077555775642395
/tmp/DataSetCombined/Edges/Round-10_0102793_edge.png,"tf.Tensor(4.965, shape=(), dtype=float32)",4.703665,0.005077555775642395
/tmp/DataSetCombined/Edges/Round-6_0033653_edge.png,"tf.Tensor(3.021, shape=(), dtype=float32)",3.056663,0.005077555775642395
/tmp/DataSetCombined/Edges/Round-10_0013036_edge.png,"tf.Tensor(2.505, shape=(), dtype=float32)",2.5656154,0.005077555775642395
/tmp/DataSetCombined/Edges/Round-9_0011441_edge.png,"tf.Tensor(5.037, shape=(), dtype=float32)",4.7084403,0.005077555775642395
/tmp/DataSetCombined/Edges/Round-10_0192971_edge.png,"tf.Tensor(2.417, shape=(), dtype=float32)",2.4838963,0.005077555775642395
/tmp/DataSetCombined/Edges/Round-1_0066000_edge.png,"tf.Tensor(3.007, shape=(), dtype=float32)",2.9853334,0.005077555775642395
/tmp/DataSetCombined/Edges/Round-9_0035220_edge.png,"tf.Tensor(4.262, shape=(), dtype=float32)",3.979545,0.005077555775642395
/tmp/DataSetCombined/Edges/Round-8_0054806_edge.png,"tf.Tensor(2.842, shape=(), dtype=float32)",2.8344824,0.005077555775642395
/tmp/DataSetCombined/Edges/Round-9_0028305_edge.png,"tf.Tensor(5.033, shape=(), dtype=float32)",4.6878743,0.005077555775642395
/tmp/DataSetCombined/Edges/Round-2_0106628_edge.png,"tf.Tensor(4.264, shape=(), dtype=float32)",3.962013,0.005077555775642395
/tmp/DataSetCombined/Edges/Round-4_0017220_edge.png,"tf.Tensor(4.797, shape=(), dtype=float32)",4.4972067,0.005077555775642395
/tmp/DataSetCombined/Edges/Round-1_0030234_edge.png,"tf.Tensor(1.558, shape=(), dtype=float32)",1.5575273,0.005077555775642395
/tmp/DataSetCombined/Edges/Round-7_0097797_edge.png,"tf.Tensor(3.42, shape=(), dtype=float32)",3.3716848,0.005077555775642395
/tmp/DataSetCombined/Edges/Round-3_0045167_edge.png,"tf.Tensor(5.224, shape=(), dtype=float32)",4.811299,0.005077555775642395
/tmp/DataSetCombined/Edges/Round-1_0110319_edge.png,"tf.Tensor(5.154, shape=(), dtype=float32)",4.733877,0.005077555775642395
/tmp/DataSetCombined/Edges/Round-8_0049129_edge.png,"tf.Tensor(5.567, shape=(), dtype=float32)",5.1718993,0.005077555775642395
/tmp/DataSetCombined/Edges/Round-6_0086508_edge.png,"tf.Tensor(3.52, shape=(), dtype=float32)",3.3595896,0.005077555775642395
/tmp/DataSetCombined/Edges/Round-9_0133917_edge.png,"tf.Tensor(2.125, shape=(), dtype=float32)",2.1997502,0.005077555775642395
/tmp/DataSetCombined/Edges/Round-8_0015075_edge.png,"tf.Tensor(5.197, shape=(), dtype=float32)",4.7802734,0.005077555775642395
/tmp/DataSetCombined/Edges/Round-5_0010302_edge.png,"tf.Tensor(4.292, shape=(), dtype=float32)",4.0039873,0.005077555775642395
/tmp/DataSetCombined/Edges/Round-6_0038108_edge.png,"tf.Tensor(4.681, shape=(), dtype=float32)",4.383724,0.005077555775642395
/tmp/DataSetCombined/Edges/Round-5_0011956_edge.png,"tf.Tensor(3.345, shape=(), dtype=float32)",3.2481513,0.005077555775642395
/tmp/DataSetCombined/Edges/Round-2_0104582_edge.png,"tf.Tensor(5.413, shape=(), dtype=float32)",5.050838,0.005077555775642395
/tmp/DataSetCombined/Edges/Round-1_0120072_edge.png,"tf.Tensor(4.497, shape=(), dtype=float32)",4.251033,0.005077555775642395
/tmp/DataSetCombined/Edges/Round-8_0063173_edge.png,"tf.Tensor(2.49, shape=(), dtype=float32)",2.625032,0.005077555775642395
/tmp/DataSetCombined/Edges/Round-9_0101951_edge.png,"tf.Tensor(2.764, shape=(), dtype=float32)",2.8674254,0.005077555775642395
/tmp/DataSetCombined/Edges/Round-4_0046387_edge.png,"tf.Tensor(1.876, shape=(), dtype=float32)",1.915829,0.005077555775642395
/tmp/DataSetCombined/Edges/Round-8_0006014_edge.png,"tf.Tensor(3.702, shape=(), dtype=float32)",3.6390493,0.005077555775642395
/tmp/DataSetCombined/Edges/Round-6_0060270_edge.png,"tf.Tensor(5.232, shape=(), dtype=float32)",4.9499154,0.005948279052972794
/tmp/DataSetCombined/Edges/Round-6_0036784_edge.png,"tf.Tensor(4.264, shape=(), dtype=float32)",3.9869947,0.005948279052972794
/tmp/DataSetCombined/Edges/Round-10_0012134_edge.png,"tf.Tensor(5.346, shape=(), dtype=float32)",4.944391,0.005948279052972794
/tmp/DataSetCombined/Edges/Round-1_0049134_edge.png,"tf.Tensor(5.176, shape=(), dtype=float32)",4.771888,0.005948279052972794
/tmp/DataSetCombined/Edges/Round-10_0130966_edge.png,"tf.Tensor(1.981, shape=(), dtype=float32)",2.0601013,0.005948279052972794
/tmp/DataSetCombined/Edges/Round-1_0075012_edge.png,"tf.Tensor(3.716, shape=(), dtype=float32)",3.5869555,0.005948279052972794
/tmp/DataSetCombined/Edges/Round-8_0057154_edge.png,"tf.Tensor(2.572, shape=(), dtype=float32)",2.6241133,0.005948279052972794
/tmp/DataSetCombined/Edges/Round-2_0046600_edge.png,"tf.Tensor(3.114, shape=(), dtype=float32)",3.0758293,0.005948279052972794
/tmp/DataSetCombined/Edges/Round-5_0064721_edge.png,"tf.Tensor(2.238, shape=(), dtype=float32)",2.3295162,0.005948279052972794
/tmp/DataSetCombined/Edges/Round-1_0134429_edge.png,"tf.Tensor(4.956, shape=(), dtype=float32)",4.5879765,0.005948279052972794
/tmp/DataSetCombined/Edges/Round-10_0088947_edge.png,"tf.Tensor(5.212, shape=(), dtype=float32)",4.788173,0.005948279052972794
/tmp/DataSetCombined/Edges/Round-5_0054968_edge.png,"tf.Tensor(3.239, shape=(), dtype=float32)",3.2245033,0.005948279052972794
/tmp/DataSetCombined/Edges/Round-4_0011863_edge.png,"tf.Tensor(4.522, shape=(), dtype=float32)",4.3629136,0.005948279052972794
/tmp/DataSetCombined/Edges/Round-1_0049969_edge.png,"tf.Tensor(5.591, shape=(), dtype=float32)",5.241002,0.005948279052972794
/tmp/DataSetCombined/Edges/Round-1_0006734_edge.png,"tf.Tensor(3.04, shape=(), dtype=float32)",3.0174172,0.005948279052972794
/tmp/DataSetCombined/Edges/Round-9_0174100_edge.png,"tf.Tensor(5.222, shape=(), dtype=float32)",4.8139024,0.005948279052972794
/tmp/DataSetCombined/Edges/Round-2_0057967_edge.png,"tf.Tensor(5.114, shape=(), dtype=float32)",4.8388653,0.005948279052972794
/tmp/DataSetCombined/Edges/Round-10_0085004_edge.png,"tf.Tensor(5.341, shape=(), dtype=float32)",4.9545608,0.005948279052972794
/tmp/DataSetCombined/Edges/Round-3_0053001_edge.png,"tf.Tensor(4.77, shape=(), dtype=float32)",4.4554334,0.005948279052972794
/tmp/DataSetCombined/Edges/Round-2_0096756_edge.png,"tf.Tensor(5.442, shape=(), dtype=float32)",5.12816,0.005948279052972794
/tmp/DataSetCombined/Edges/Round-7_0011020_edge.png,"tf.Tensor(2.009, shape=(), dtype=float32)",2.0463965,0.005948279052972794
/tmp/DataSetCombined/Edges/Round-5_0063517_edge.png,"tf.Tensor(4.797, shape=(), dtype=float32)",4.481597,0.005948279052972794
/tmp/DataSetCombined/Edges/Round-6_0086478_edge.png,"tf.Tensor(2.828, shape=(), dtype=float32)",2.9032772,0.005948279052972794
/tmp/DataSetCombined/Edges/Round-1_0078511_edge.png,"tf.Tensor(5.217, shape=(), dtype=float32)",4.801727,0.005948279052972794
/tmp/DataSetCombined/Edges/Round-7_0084283_edge.png,"tf.Tensor(4.391, shape=(), dtype=float32)",4.1028237,0.005948279052972794
/tmp/DataSetCombined/Edges/Round-1_0161488_edge.png,"tf.Tensor(5.637, shape=(), dtype=float32)",5.2795296,0.005948279052972794
/tmp/DataSetCombined/Edges/Round-8_0071884_edge.png,"tf.Tensor(1.305, shape=(), dtype=float32)",1.3897815,0.005948279052972794
/tmp/DataSetCombined/Edges/Round-10_0149447_edge.png,"tf.Tensor(5.191, shape=(), dtype=float32)",4.795041,0.005948279052972794
/tmp/DataSetCombined/Edges/Round-8_0068362_edge.png,"tf.Tensor(2.918, shape=(), dtype=float32)",2.975974,0.005948279052972794
/tmp/DataSetCombined/Edges/Round-9_0091627_edge.png,"tf.Tensor(5.597, shape=(), dtype=float32)",5.1900926,0.005948279052972794
/tmp/DataSetCombined/Edges/Round-2_0101181_edge.png,"tf.Tensor(4.58, shape=(), dtype=float32)",4.2934537,0.005948279052972794
/tmp/DataSetCombined/Edges/Round-5_0090456_edge.png,"tf.Tensor(2.943, shape=(), dtype=float32)",2.9428234,0.005948279052972794
/tmp/DataSetCombined/Edges/Round-6_0005213_edge.png,"tf.Tensor(3.857, shape=(), dtype=float32)",3.758253,0.005948279052972794
/tmp/DataSetCombined/Edges/Round-6_0033142_edge.png,"tf.Tensor(2.914, shape=(), dtype=float32)",2.9156396,0.005948279052972794
/tmp/DataSetCombined/Edges/Round-8_0031069_edge.png,"tf.Tensor(5.574, shape=(), dtype=float32)",5.2195435,0.005948279052972794
/tmp/DataSetCombined/Edges/Round-2_0057834_edge.png,"tf.Tensor(2.023, shape=(), dtype=float32)",2.103234,0.005948279052972794
/tmp/DataSetCombined/Edges/Round-5_0010241_edge.png,"tf.Tensor(2.153, shape=(), dtype=float32)",2.2149084,0.005948279052972794
/tmp/DataSetCombined/Edges/Round-4_0012494_edge.png,"tf.Tensor(4.975, shape=(), dtype=float32)",4.612604,0.005948279052972794
/tmp/DataSetCombined/Edges/Round-4_0028538_edge.png,"tf.Tensor(5.333, shape=(), dtype=float32)",4.9369597,0.005948279052972794
/tmp/DataSetCombined/Edges/Round-9_0017010_edge.png,"tf.Tensor(5.039, shape=(), dtype=float32)",4.692337,0.005948279052972794
/tmp/DataSetCombined/Edges/Round-4_0089700_edge.png,"tf.Tensor(4.263, shape=(), dtype=float32)",4.0664234,0.005948279052972794
/tmp/DataSetCombined/Edges/Round-10_0107127_edge.png,"tf.Tensor(5.157, shape=(), dtype=float32)",4.746844,0.005948279052972794
/tmp/DataSetCombined/Edges/Round-5_0062614_edge.png,"tf.Tensor(1.941, shape=(), dtype=float32)",1.9858613,0.005948279052972794
/tmp/DataSetCombined/Edges/Round-9_0157003_edge.png,"tf.Tensor(5.57, shape=(), dtype=float32)",5.2254643,0.005948279052972794
/tmp/DataSetCombined/Edges/Round-10_0041059_edge.png,"tf.Tensor(5.492, shape=(), dtype=float32)",5.142814,0.005948279052972794
/tmp/DataSetCombined/Edges/Round-7_0047982_edge.png,"tf.Tensor(3.724, shape=(), dtype=float32)",3.6625962,0.005948279052972794
/tmp/DataSetCombined/Edges/Round-8_0083310_edge.png,"tf.Tensor(5.129, shape=(), dtype=float32)",4.8059807,0.005948279052972794
/tmp/DataSetCombined/Edges/Round-7_0015926_edge.png,"tf.Tensor(5.007, shape=(), dtype=float32)",4.642132,0.005948279052972794
/tmp/DataSetCombined/Edges/Round-3_0073024_edge.png,"tf.Tensor(2.229, shape=(), dtype=float32)",2.3009083,0.005948279052972794
/tmp/DataSetCombined/Edges/Round-8_0002282_edge.png,"tf.Tensor(5.576, shape=(), dtype=float32)",5.2156315,0.005948279052972794
/tmp/DataSetCombined/Edges/Round-8_0036656_edge.png,"tf.Tensor(2.767, shape=(), dtype=float32)",2.7828627,0.005948279052972794
/tmp/DataSetCombined/Edges/Round-8_0063065_edge.png,"tf.Tensor(4.958, shape=(), dtype=float32)",4.5970387,0.005948279052972794
/tmp/DataSetCombined/Edges/Round-10_0094395_edge.png,"tf.Tensor(5.318, shape=(), dtype=float32)",5.051218,0.005948279052972794
/tmp/DataSetCombined/Edges/Round-7_0114774_edge.png,"tf.Tensor(1.932, shape=(), dtype=float32)",2.0553412,0.005948279052972794
/tmp/DataSetCombined/Edges/Round-10_0096291_edge.png,"tf.Tensor(4.957, shape=(), dtype=float32)",4.5911245,0.005948279052972794
/tmp/DataSetCombined/Edges/Round-5_0080975_edge.png,"tf.Tensor(4.552, shape=(), dtype=float32)",4.2473464,0.005948279052972794
/tmp/DataSetCombined/Edges/Round-6_0058968_edge.png,"tf.Tensor(5.568, shape=(), dtype=float32)",5.2161527,0.005948279052972794
/tmp/DataSetCombined/Edges/Round-10_0162571_edge.png,"tf.Tensor(3.162, shape=(), dtype=float32)",3.0921268,0.005948279052972794
/tmp/DataSetCombined/Edges/Round-9_0025137_edge.png,"tf.Tensor(4.577, shape=(), dtype=float32)",4.313185,0.005948279052972794
/tmp/DataSetCombined/Edges/Round-1_0069200_edge.png,"tf.Tensor(2.65, shape=(), dtype=float32)",2.6950393,0.005948279052972794
/tmp/DataSetCombined/Edges/Round-5_0092563_edge.png,"tf.Tensor(5.58, shape=(), dtype=float32)",5.1549506,0.005948279052972794
/tmp/DataSetCombined/Edges/Round-8_0052681_edge.png,"tf.Tensor(5.688, shape=(), dtype=float32)",5.245236,0.005948279052972794
/tmp/DataSetCombined/Edges/Round-1_0161097_edge.png,"tf.Tensor(3.54, shape=(), dtype=float32)",3.4897537,0.005948279052972794
/tmp/DataSetCombined/Edges/Round-5_0126425_edge.png,"tf.Tensor(4.297, shape=(), dtype=float32)",4.011385,0.005948279052972794
/tmp/DataSetCombined/Edges/Round-3_0084431_edge.png,"tf.Tensor(2.812, shape=(), dtype=float32)",2.828063,0.005230385810136795
/tmp/DataSetCombined/Edges/Round-4_0025798_edge.png,"tf.Tensor(4.207, shape=(), dtype=float32)",4.08012,0.005230385810136795
/tmp/DataSetCombined/Edges/Round-7_0034950_edge.png,"tf.Tensor(5.56, shape=(), dtype=float32)",5.170939,0.005230385810136795
/tmp/DataSetCombined/Edges/Round-5_0027698_edge.png,"tf.Tensor(2.49, shape=(), dtype=float32)",2.5916796,0.005230385810136795
/tmp/DataSetCombined/Edges/Round-9_0018003_edge.png,"tf.Tensor(4.286, shape=(), dtype=float32)",3.9927418,0.005230385810136795
/tmp/DataSetCombined/Edges/Round-7_0092380_edge.png,"tf.Tensor(2.13, shape=(), dtype=float32)",2.2034466,0.005230385810136795
/tmp/DataSetCombined/Edges/Round-10_0169373_edge.png,"tf.Tensor(5.143, shape=(), dtype=float32)",4.819114,0.005230385810136795
/tmp/DataSetCombined/Edges/Round-9_0169133_edge.png,"tf.Tensor(2.363, shape=(), dtype=float32)",2.4724536,0.005230385810136795
/tmp/DataSetCombined/Edges/Round-7_0064146_edge.png,"tf.Tensor(5.035, shape=(), dtype=float32)",4.6809273,0.005230385810136795
/tmp/DataSetCombined/Edges/Round-9_0037116_edge.png,"tf.Tensor(2.99, shape=(), dtype=float32)",3.038863,0.005230385810136795
/tmp/DataSetCombined/Edges/Round-4_0025378_edge.png,"tf.Tensor(5.006, shape=(), dtype=float32)",4.6433153,0.005230385810136795
/tmp/DataSetCombined/Edges/Round-10_0136866_edge.png,"tf.Tensor(2.305, shape=(), dtype=float32)",2.4365504,0.005230385810136795
/tmp/DataSetCombined/Edges/Round-1_0138926_edge.png,"tf.Tensor(5.675, shape=(), dtype=float32)",5.279933,0.005230385810136795
/tmp/DataSetCombined/Edges/Round-5_0095121_edge.png,"tf.Tensor(3.244, shape=(), dtype=float32)",3.1045806,0.005230385810136795
/tmp/DataSetCombined/Edges/Round-8_0079728_edge.png,"tf.Tensor(3.177, shape=(), dtype=float32)",3.1009953,0.005230385810136795
/tmp/DataSetCombined/Edges/Round-6_0057492_edge.png,"tf.Tensor(5.062, shape=(), dtype=float32)",4.708496,0.005230385810136795
/tmp/DataSetCombined/Edges/Round-7_0068330_edge.png,"tf.Tensor(4.874, shape=(), dtype=float32)",4.6134896,0.005230385810136795
/tmp/DataSetCombined/Edges/Round-1_0009934_edge.png,"tf.Tensor(5.371, shape=(), dtype=float32)",4.972944,0.005230385810136795
/tmp/DataSetCombined/Edges/Round-7_0029110_edge.png,"tf.Tensor(2.143, shape=(), dtype=float32)",2.2147784,0.005230385810136795
/tmp/DataSetCombined/Edges/Round-10_0073747_edge.png,"tf.Tensor(1.657, shape=(), dtype=float32)",1.6838738,0.005230385810136795
/tmp/DataSetCombined/Edges/Round-9_0104690_edge.png,"tf.Tensor(5.549, shape=(), dtype=float32)",5.2254777,0.005230385810136795
/tmp/DataSetCombined/Edges/Round-9_0154656_edge.png,"tf.Tensor(4.804, shape=(), dtype=float32)",4.6191363,0.005230385810136795
/tmp/DataSetCombined/Edges/Round-10_0141441_edge.png,"tf.Tensor(5.162, shape=(), dtype=float32)",4.7440457,0.005230385810136795
/tmp/DataSetCombined/Edges/Round-10_0103215_edge.png,"tf.Tensor(5.035, shape=(), dtype=float32)",4.68844,0.005230385810136795
/tmp/DataSetCombined/Edges/Round-9_0023120_edge.png,"tf.Tensor(1.987, shape=(), dtype=float32)",2.029977,0.005230385810136795
/tmp/DataSetCombined/Edges/Round-8_0047744_edge.png,"tf.Tensor(2.506, shape=(), dtype=float32)",2.5586271,0.005230385810136795
/tmp/DataSetCombined/Edges/Round-5_0080824_edge.png,"tf.Tensor(3.326, shape=(), dtype=float32)",3.3108833,0.005230385810136795
/tmp/DataSetCombined/Edges/Round-9_0080761_edge.png,"tf.Tensor(5.565, shape=(), dtype=float32)",5.170301,0.005230385810136795
/tmp/DataSetCombined/Edges/Round-6_0070736_edge.png,"tf.Tensor(4.43, shape=(), dtype=float32)",4.119309,0.005230385810136795
/tmp/DataSetCombined/Edges/Round-7_0110048_edge.png,"tf.Tensor(5.446, shape=(), dtype=float32)",5.128756,0.005230385810136795
/tmp/DataSetCombined/Edges/Round-10_0126752_edge.png,"tf.Tensor(5.149, shape=(), dtype=float32)",4.824533,0.005230385810136795
/tmp/DataSetCombined/Edges/Round-7_0027846_edge.png,"tf.Tensor(3.535, shape=(), dtype=float32)",3.3809104,0.005230385810136795
/tmp/DataSetCombined/Edges/Round-10_0147310_edge.png,"tf.Tensor(5.154, shape=(), dtype=float32)",4.7321777,0.005230385810136795
/tmp/DataSetCombined/Edges/Round-5_0021377_edge.png,"tf.Tensor(4.924, shape=(), dtype=float32)",4.661675,0.005230385810136795
/tmp/DataSetCombined/Edges/Round-9_0054454_edge.png,"tf.Tensor(5.443, shape=(), dtype=float32)",5.1117835,0.005230385810136795
/tmp/DataSetCombined/Edges/Round-4_0035972_edge.png,"tf.Tensor(5.234, shape=(), dtype=float32)",5.01346,0.005230385810136795
/tmp/DataSetCombined/Edges/Round-3_0056318_edge.png,"tf.Tensor(2.0, shape=(), dtype=float32)",2.114786,0.005230385810136795
/tmp/DataSetCombined/Edges/Round-1_0113630_edge.png,"tf.Tensor(1.526, shape=(), dtype=float32)",1.5393121,0.005230385810136795
/tmp/DataSetCombined/Edges/Round-10_0094064_edge.png,"tf.Tensor(2.647, shape=(), dtype=float32)",2.7087517,0.005230385810136795
/tmp/DataSetCombined/Edges/Round-6_0009363_edge.png,"tf.Tensor(2.046, shape=(), dtype=float32)",2.136378,0.005230385810136795
/tmp/DataSetCombined/Edges/Round-3_0056077_edge.png,"tf.Tensor(5.667, shape=(), dtype=float32)",5.234544,0.005230385810136795
/tmp/DataSetCombined/Edges/Round-7_0017190_edge.png,"tf.Tensor(5.444, shape=(), dtype=float32)",5.126746,0.005230385810136795
/tmp/DataSetCombined/Edges/Round-1_0137078_edge.png,"tf.Tensor(5.587, shape=(), dtype=float32)",5.234034,0.005230385810136795
/tmp/DataSetCombined/Edges/Round-7_0006897_edge.png,"tf.Tensor(5.076, shape=(), dtype=float32)",4.722534,0.005230385810136795
/tmp/DataSetCombined/Edges/Round-1_0020900_edge.png,"tf.Tensor(3.641, shape=(), dtype=float32)",3.6010814,0.005230385810136795
/tmp/DataSetCombined/Edges/Round-8_0060452_edge.png,"tf.Tensor(5.574, shape=(), dtype=float32)",5.2133164,0.005230385810136795
/tmp/DataSetCombined/Edges/Round-9_0036304_edge.png,"tf.Tensor(3.005, shape=(), dtype=float32)",2.9807634,0.005230385810136795
/tmp/DataSetCombined/Edges/Round-5_0027367_edge.png,"tf.Tensor(5.242, shape=(), dtype=float32)",4.969421,0.005230385810136795
/tmp/DataSetCombined/Edges/Round-4_0044852_edge.png,"tf.Tensor(4.517, shape=(), dtype=float32)",4.2154503,0.005230385810136795
/tmp/DataSetCombined/Edges/Round-8_0086320_edge.png,"tf.Tensor(2.267, shape=(), dtype=float32)",2.3926585,0.005230385810136795
/tmp/DataSetCombined/Edges/Round-9_0024385_edge.png,"tf.Tensor(5.363, shape=(), dtype=float32)",4.9723353,0.005230385810136795
/tmp/DataSetCombined/Edges/Round-2_0089682_edge.png,"tf.Tensor(5.022, shape=(), dtype=float32)",4.685965,0.005230385810136795
/tmp/DataSetCombined/Edges/Round-1_0133858_edge.png,"tf.Tensor(2.629, shape=(), dtype=float32)",2.7078977,0.005230385810136795
/tmp/DataSetCombined/Edges/Round-7_0034407_edge.png,"tf.Tensor(2.513, shape=(), dtype=float32)",2.5760565,0.005230385810136795
/tmp/DataSetCombined/Edges/Round-6_0080157_edge.png,"tf.Tensor(2.663, shape=(), dtype=float32)",2.7683718,0.005230385810136795
/tmp/DataSetCombined/Edges/Round-7_0081995_edge.png,"tf.Tensor(3.602, shape=(), dtype=float32)",3.4218976,0.005230385810136795
/tmp/DataSetCombined/Edges/Round-3_0085159_edge.png,"tf.Tensor(3.026, shape=(), dtype=float32)",3.0518165,0.005230385810136795
/tmp/DataSetCombined/Edges/Round-1_0011900_edge.png,"tf.Tensor(5.523, shape=(), dtype=float32)",5.20133,0.005230385810136795
/tmp/DataSetCombined/Edges/Round-5_0026073_edge.png,"tf.Tensor(4.975, shape=(), dtype=float32)",4.7723584,0.005230385810136795
/tmp/DataSetCombined/Edges/Round-10_0193453_edge.png,"tf.Tensor(3.817, shape=(), dtype=float32)",3.749729,0.005230385810136795
/tmp/DataSetCombined/Edges/Round-10_0137408_edge.png,"tf.Tensor(5.019, shape=(), dtype=float32)",4.6599555,0.005230385810136795
/tmp/DataSetCombined/Edges/Round-1_0033806_edge.png,"tf.Tensor(4.267, shape=(), dtype=float32)",3.9746928,0.005230385810136795
/tmp/DataSetCombined/Edges/Round-3_0033533_edge.png,"tf.Tensor(5.397, shape=(), dtype=float32)",5.0149097,0.005230385810136795
/tmp/DataSetCombined/Edges/Round-9_0103276_edge.png,"tf.Tensor(3.444, shape=(), dtype=float32)",3.3897753,0.005230385810136795
/tmp/DataSetCombined/Edges/Round-8_0004732_edge.png,"tf.Tensor(2.245, shape=(), dtype=float32)",2.3136604,0.00543966144323349
/tmp/DataSetCombined/Edges/Round-8_0035223_edge.png,"tf.Tensor(4.284, shape=(), dtype=float32)",4.0008364,0.00543966144323349
/tmp/DataSetCombined/Edges/Round-9_0032150_edge.png,"tf.Tensor(4.262, shape=(), dtype=float32)",3.9651492,0.00543966144323349
/tmp/DataSetCombined/Edges/Round-9_0143579_edge.png,"tf.Tensor(2.948, shape=(), dtype=float32)",2.9352326,0.00543966144323349
/tmp/DataSetCombined/Edges/Round-4_0053611_edge.png,"tf.Tensor(2.465, shape=(), dtype=float32)",2.5117545,0.00543966144323349
/tmp/DataSetCombined/Edges/Round-5_0113723_edge.png,"tf.Tensor(5.577, shape=(), dtype=float32)",5.2059517,0.00543966144323349
/tmp/DataSetCombined/Edges/Round-8_0088096_edge.png,"tf.Tensor(5.675, shape=(), dtype=float32)",5.2719717,0.00543966144323349
/tmp/DataSetCombined/Edges/Round-6_0074408_edge.png,"tf.Tensor(4.378, shape=(), dtype=float32)",4.164876,0.00543966144323349
/tmp/DataSetCombined/Edges/Round-7_0006746_edge.png,"tf.Tensor(5.306, shape=(), dtype=float32)",5.0036798,0.00543966144323349
/tmp/DataSetCombined/Edges/Round-10_0171209_edge.png,"tf.Tensor(5.517, shape=(), dtype=float32)",5.185182,0.00543966144323349
/tmp/DataSetCombined/Edges/Round-8_0067628_edge.png,"tf.Tensor(5.343, shape=(), dtype=float32)",4.955709,0.00543966144323349
/tmp/DataSetCombined/Edges/Round-1_0169374_edge.png,"tf.Tensor(5.516, shape=(), dtype=float32)",5.182842,0.00543966144323349
/tmp/DataSetCombined/Edges/Round-5_0057707_edge.png,"tf.Tensor(2.671, shape=(), dtype=float32)",2.723434,0.00543966144323349
/tmp/DataSetCombined/Edges/Round-8_0007791_edge.png,"tf.Tensor(4.705, shape=(), dtype=float32)",4.429318,0.00543966144323349
/tmp/DataSetCombined/Edges/Round-3_0002267_edge.png,"tf.Tensor(2.483, shape=(), dtype=float32)",2.5179183,0.00543966144323349
/tmp/DataSetCombined/Edges/Round-9_0016558_edge.png,"tf.Tensor(5.561, shape=(), dtype=float32)",5.175158,0.00543966144323349
/tmp/DataSetCombined/Edges/Round-10_0148032_edge.png,"tf.Tensor(3.389, shape=(), dtype=float32)",3.3262231,0.00543966144323349
/tmp/DataSetCombined/Edges/Round-2_0077501_edge.png,"tf.Tensor(4.267, shape=(), dtype=float32)",3.9789863,0.00543966144323349
/tmp/DataSetCombined/Edges/Round-5_0006478_edge.png,"tf.Tensor(5.443, shape=(), dtype=float32)",5.123445,0.00543966144323349
/tmp/DataSetCombined/Edges/Round-10_0148906_edge.png,"tf.Tensor(4.273, shape=(), dtype=float32)",3.9794443,0.00543966144323349
/tmp/DataSetCombined/Edges/Round-7_0032601_edge.png,"tf.Tensor(1.673, shape=(), dtype=float32)",1.6460619,0.00543966144323349
/tmp/DataSetCombined/Edges/Round-5_0070350_edge.png,"tf.Tensor(4.297, shape=(), dtype=float32)",4.1312246,0.00543966144323349
/tmp/DataSetCombined/Edges/Round-10_0125969_edge.png,"tf.Tensor(5.42, shape=(), dtype=float32)",5.0793676,0.00543966144323349
/tmp/DataSetCombined/Edges/Round-1_0102434_edge.png,"tf.Tensor(3.291, shape=(), dtype=float32)",3.1900089,0.00543966144323349
/tmp/DataSetCombined/Edges/Round-4_0033594_edge.png,"tf.Tensor(1.986, shape=(), dtype=float32)",2.03017,0.00543966144323349
/tmp/DataSetCombined/Edges/Round-9_0135934_edge.png,"tf.Tensor(2.617, shape=(), dtype=float32)",2.660191,0.00543966144323349
/tmp/DataSetCombined/Edges/Round-10_0074078_edge.png,"tf.Tensor(4.955, shape=(), dtype=float32)",4.5879765,0.00543966144323349
/tmp/DataSetCombined/Edges/Round-1_0023534_edge.png,"tf.Tensor(5.562, shape=(), dtype=float32)",5.1736436,0.00543966144323349
/tmp/DataSetCombined/Edges/Round-6_0019567_edge.png,"tf.Tensor(2.6, shape=(), dtype=float32)",2.6862295,0.00543966144323349
/tmp/DataSetCombined/Edges/Round-5_0027277_edge.png,"tf.Tensor(2.679, shape=(), dtype=float32)",2.7254999,0.00543966144323349
/tmp/DataSetCombined/Edges/Round-6_0008310_edge.png,"tf.Tensor(2.497, shape=(), dtype=float32)",2.5351915,0.00543966144323349
/tmp/DataSetCombined/Edges/Round-10_0190172_edge.png,"tf.Tensor(1.92, shape=(), dtype=float32)",1.9586971,0.00543966144323349
/tmp/DataSetCombined/Edges/Round-3_0062248_edge.png,"tf.Tensor(3.327, shape=(), dtype=float32)",3.3122425,0.00543966144323349
/tmp/DataSetCombined/Edges/Round-9_0122930_edge.png,"tf.Tensor(3.34, shape=(), dtype=float32)",3.21873,0.00543966144323349
/tmp/DataSetCombined/Edges/Round-6_0096587_edge.png,"tf.Tensor(3.31, shape=(), dtype=float32)",3.2060912,0.00543966144323349
/tmp/DataSetCombined/Edges/Round-10_0146618_edge.png,"tf.Tensor(4.319, shape=(), dtype=float32)",4.02726,0.00543966144323349
/tmp/DataSetCombined/Edges/Round-3_0070646_edge.png,"tf.Tensor(3.874, shape=(), dtype=float32)",3.7781074,0.00543966144323349
/tmp/DataSetCombined/Edges/Round-1_0079738_edge.png,"tf.Tensor(2.645, shape=(), dtype=float32)",2.6490502,0.00543966144323349
/tmp/DataSetCombined/Edges/Round-3_0032301_edge.png,"tf.Tensor(5.363, shape=(), dtype=float32)",4.977193,0.00543966144323349
/tmp/DataSetCombined/Edges/Round-9_0140961_edge.png,"tf.Tensor(4.919, shape=(), dtype=float32)",4.6542816,0.00543966144323349
/tmp/DataSetCombined/Edges/Round-1_0049200_edge.png,"tf.Tensor(3.9, shape=(), dtype=float32)",3.9335012,0.00543966144323349
/tmp/DataSetCombined/Edges/Round-8_0020625_edge.png,"tf.Tensor(5.62, shape=(), dtype=float32)",5.241921,0.00543966144323349
/tmp/DataSetCombined/Edges/Round-1_0167388_edge.png,"tf.Tensor(5.148, shape=(), dtype=float32)",4.828839,0.00543966144323349
/tmp/DataSetCombined/Edges/Round-10_0163775_edge.png,"tf.Tensor(5.145, shape=(), dtype=float32)",4.8203115,0.00543966144323349
/tmp/DataSetCombined/Edges/Round-2_0086371_edge.png,"tf.Tensor(2.434, shape=(), dtype=float32)",2.4920633,0.00543966144323349
/tmp/DataSetCombined/Edges/Round-9_0073397_edge.png,"tf.Tensor(5.328, shape=(), dtype=float32)",4.9395776,0.00543966144323349
/tmp/DataSetCombined/Edges/Round-2_0072826_edge.png,"tf.Tensor(3.706, shape=(), dtype=float32)",3.5268447,0.00543966144323349
/tmp/DataSetCombined/Edges/Round-2_0096635_edge.png,"tf.Tensor(4.57, shape=(), dtype=float32)",4.282741,0.00543966144323349
/tmp/DataSetCombined/Edges/Round-9_0012856_edge.png,"tf.Tensor(5.629, shape=(), dtype=float32)",5.225429,0.00543966144323349
/tmp/DataSetCombined/Edges/Round-5_0024026_edge.png,"tf.Tensor(5.519, shape=(), dtype=float32)",5.1753783,0.00543966144323349
/tmp/DataSetCombined/Edges/Round-9_0197036_edge.png,"tf.Tensor(5.086, shape=(), dtype=float32)",4.8126154,0.00543966144323349
/tmp/DataSetCombined/Edges/Round-10_0137889_edge.png,"tf.Tensor(4.264, shape=(), dtype=float32)",3.9730935,0.00543966144323349
/tmp/DataSetCombined/Edges/Round-9_0169164_edge.png,"tf.Tensor(5.095, shape=(), dtype=float32)",4.719998,0.00543966144323349
/tmp/DataSetCombined/Edges/Round-6_0008070_edge.png,"tf.Tensor(2.686, shape=(), dtype=float32)",2.7522538,0.00543966144323349
/tmp/DataSetCombined/Edges/Round-1_0146559_edge.png,"tf.Tensor(1.246, shape=(), dtype=float32)",1.3667339,0.00543966144323349
/tmp/DataSetCombined/Edges/Round-6_0095087_edge.png,"tf.Tensor(5.082, shape=(), dtype=float32)",4.7125897,0.00543966144323349
/tmp/DataSetCombined/Edges/Round-1_0025100_edge.png,"tf.Tensor(4.386, shape=(), dtype=float32)",4.171182,0.00543966144323349
/tmp/DataSetCombined/Edges/Round-1_0080009_edge.png,"tf.Tensor(5.447, shape=(), dtype=float32)",5.1240416,0.00543966144323349
/tmp/DataSetCombined/Edges/Round-9_0189812_edge.png,"tf.Tensor(4.601, shape=(), dtype=float32)",4.3604345,0.00543966144323349
/tmp/DataSetCombined/Edges/Round-1_0103577_edge.png,"tf.Tensor(2.898, shape=(), dtype=float32)",2.903534,0.00543966144323349
/tmp/DataSetCombined/Edges/Round-3_0034600_edge.png,"tf.Tensor(1.874, shape=(), dtype=float32)",1.915281,0.00543966144323349
/tmp/DataSetCombined/Edges/Round-9_0125700_edge.png,"tf.Tensor(5.029, shape=(), dtype=float32)",4.6663256,0.00543966144323349
/tmp/DataSetCombined/Edges/Round-9_0105924_edge.png,"tf.Tensor(5.518, shape=(), dtype=float32)",5.1728168,0.00543966144323349
/tmp/DataSetCombined/Edges/Round-10_0128107_edge.png,"tf.Tensor(5.244, shape=(), dtype=float32)",4.9381604,0.00543966144323349
/tmp/DataSetCombined/Edges/Round-7_0129763_edge.png,"tf.Tensor(2.136, shape=(), dtype=float32)",2.2468452,0.005229748785495758
/tmp/DataSetCombined/Edges/Round-6_0028231_edge.png,"tf.Tensor(1.504, shape=(), dtype=float32)",1.5247195,0.005229748785495758
/tmp/DataSetCombined/Edges/Round-3_0017670_edge.png,"tf.Tensor(1.676, shape=(), dtype=float32)",1.6599393,0.005229748785495758
/tmp/DataSetCombined/Edges/Round-1_0020434_edge.png,"tf.Tensor(4.71, shape=(), dtype=float32)",4.435653,0.005229748785495758
/tmp/DataSetCombined/Edges/Round-8_0015466_edge.png,"tf.Tensor(5.05, shape=(), dtype=float32)",4.6926365,0.005229748785495758
/tmp/DataSetCombined/Edges/Round-6_0110980_edge.png,"tf.Tensor(5.052, shape=(), dtype=float32)",4.6928396,0.005229748785495758
/tmp/DataSetCombined/Edges/Round-9_0172053_edge.png,"tf.Tensor(5.068, shape=(), dtype=float32)",4.7179747,0.005229748785495758
/tmp/DataSetCombined/Edges/Round-6_0112153_edge.png,"tf.Tensor(3.088, shape=(), dtype=float32)",2.9824011,0.005229748785495758
/tmp/DataSetCombined/Edges/Round-1_0044334_edge.png,"tf.Tensor(3.097, shape=(), dtype=float32)",2.9904153,0.005229748785495758
/tmp/DataSetCombined/Edges/Round-6_0110438_edge.png,"tf.Tensor(4.793, shape=(), dtype=float32)",4.491676,0.005229748785495758
/tmp/DataSetCombined/Edges/Round-9_0065440_edge.png,"tf.Tensor(4.765, shape=(), dtype=float32)",4.4679675,0.005229748785495758
/tmp/DataSetCombined/Edges/Round-1_0171407_edge.png,"tf.Tensor(5.036, shape=(), dtype=float32)",4.6866913,0.005229748785495758
/tmp/DataSetCombined/Edges/Round-9_0004458_edge.png,"tf.Tensor(4.427, shape=(), dtype=float32)",4.117062,0.005229748785495758
/tmp/DataSetCombined/Edges/Round-3_0072271_edge.png,"tf.Tensor(4.517, shape=(), dtype=float32)",4.273684,0.005229748785495758
/tmp/DataSetCombined/Edges/Round-10_0042977_edge.png,"tf.Tensor(4.264, shape=(), dtype=float32)",3.974148,0.005229748785495758
/tmp/DataSetCombined/Edges/Round-6_0058065_edge.png,"tf.Tensor(1.685, shape=(), dtype=float32)",1.7283056,0.005229748785495758
/tmp/DataSetCombined/Edges/Round-8_0006053_edge.png,"tf.Tensor(4.974, shape=(), dtype=float32)",4.612008,0.005229748785495758
/tmp/DataSetCombined/Edges/Round-9_0032903_edge.png,"tf.Tensor(3.387, shape=(), dtype=float32)",3.201566,0.005229748785495758
/tmp/DataSetCombined/Edges/Round-1_0006667_edge.png,"tf.Tensor(4.565, shape=(), dtype=float32)",4.2807336,0.005229748785495758
/tmp/DataSetCombined/Edges/Round-9_0037816_edge.png,"tf.Tensor(5.149, shape=(), dtype=float32)",4.866342,0.005229748785495758
/tmp/DataSetCombined/Edges/Round-10_0136776_edge.png,"tf.Tensor(5.459, shape=(), dtype=float32)",5.141732,0.005229748785495758
/tmp/DataSetCombined/Edges/Round-5_0096089_edge.png,"tf.Tensor(2.956, shape=(), dtype=float32)",2.943639,0.005229748785495758
/tmp/DataSetCombined/Edges/Round-10_0008009_edge.png,"tf.Tensor(4.454, shape=(), dtype=float32)",4.1767087,0.005229748785495758
/tmp/DataSetCombined/Edges/Round-1_0122720_edge.png,"tf.Tensor(5.082, shape=(), dtype=float32)",4.708904,0.005229748785495758
/tmp/DataSetCombined/Edges/Round-9_0077209_edge.png,"tf.Tensor(2.549, shape=(), dtype=float32)",2.6157238,0.005229748785495758
/tmp/DataSetCombined/Edges/Round-5_0093617_edge.png,"tf.Tensor(5.236, shape=(), dtype=float32)",5.0167756,0.005229748785495758
/tmp/DataSetCombined/Edges/Round-3_0015082_edge.png,"tf.Tensor(5.56, shape=(), dtype=float32)",5.1694317,0.005229748785495758
/tmp/DataSetCombined/Edges/Round-9_0037026_edge.png,"tf.Tensor(5.031, shape=(), dtype=float32)",4.682026,0.005229748785495758
/tmp/DataSetCombined/Edges/Round-10_0111522_edge.png,"tf.Tensor(5.032, shape=(), dtype=float32)",4.688534,0.005229748785495758
/tmp/DataSetCombined/Edges/Round-7_0019147_edge.png,"tf.Tensor(3.035, shape=(), dtype=float32)",3.0132241,0.005229748785495758
/tmp/DataSetCombined/Edges/Round-10_0126451_edge.png,"tf.Tensor(4.47, shape=(), dtype=float32)",4.160434,0.005229748785495758
/tmp/DataSetCombined/Edges/Round-10_0155166_edge.png,"tf.Tensor(5.566, shape=(), dtype=float32)",5.1740966,0.005229748785495758
/tmp/DataSetCombined/Edges/Round-10_0151283_edge.png,"tf.Tensor(4.334, shape=(), dtype=float32)",4.0421658,0.005229748785495758
/tmp/DataSetCombined/Edges/Round-7_0036334_edge.png,"tf.Tensor(4.616, shape=(), dtype=float32)",4.317851,0.005229748785495758
/tmp/DataSetCombined/Edges/Round-1_0054434_edge.png,"tf.Tensor(5.63, shape=(), dtype=float32)",5.2489753,0.005229748785495758
/tmp/DataSetCombined/Edges/Round-5_0009247_edge.png,"tf.Tensor(5.21, shape=(), dtype=float32)",4.7949014,0.005229748785495758
/tmp/DataSetCombined/Edges/Round-8_0088789_edge.png,"tf.Tensor(2.951, shape=(), dtype=float32)",2.9500024,0.005229748785495758
/tmp/DataSetCombined/Edges/Round-6_0028537_edge.png,"tf.Tensor(5.361, shape=(), dtype=float32)",5.046625,0.005229748785495758
/tmp/DataSetCombined/Edges/Round-5_0024177_edge.png,"tf.Tensor(5.052, shape=(), dtype=float32)",4.6895385,0.005229748785495758
/tmp/DataSetCombined/Edges/Round-8_0061096_edge.png,"tf.Tensor(5.035, shape=(), dtype=float32)",4.685815,0.005229748785495758
/tmp/DataSetCombined/Edges/Round-10_0047982_edge.png,"tf.Tensor(1.958, shape=(), dtype=float32)",2.0590143,0.005229748785495758
/tmp/DataSetCombined/Edges/Round-6_0126962_edge.png,"tf.Tensor(5.037, shape=(), dtype=float32)",4.6825776,0.005229748785495758
/tmp/DataSetCombined/Edges/Round-1_0001834_edge.png,"tf.Tensor(4.984, shape=(), dtype=float32)",4.7036295,0.005229748785495758
/tmp/DataSetCombined/Edges/Round-8_0087433_edge.png,"tf.Tensor(5.446, shape=(), dtype=float32)",5.091928,0.005229748785495758
/tmp/DataSetCombined/Edges/Round-1_0009634_edge.png,"tf.Tensor(2.403, shape=(), dtype=float32)",2.5011036,0.005229748785495758
/tmp/DataSetCombined/Edges/Round-10_0161246_edge.png,"tf.Tensor(4.263, shape=(), dtype=float32)",3.9805923,0.005229748785495758
/tmp/DataSetCombined/Edges/Round-4_0083831_edge.png,"tf.Tensor(4.92, shape=(), dtype=float32)",4.660036,0.005229748785495758
/tmp/DataSetCombined/Edges/Round-4_0002953_edge.png,"tf.Tensor(1.948, shape=(), dtype=float32)",2.052106,0.005229748785495758
/tmp/DataSetCombined/Edges/Round-10_0141087_edge.png,"tf.Tensor(2.444, shape=(), dtype=float32)",2.5592752,0.005229748785495758
/tmp/DataSetCombined/Edges/Round-8_0035735_edge.png,"tf.Tensor(2.448, shape=(), dtype=float32)",2.521876,0.005229748785495758
/tmp/DataSetCombined/Edges/Round-8_0048334_edge.png,"tf.Tensor(4.786, shape=(), dtype=float32)",4.486651,0.005229748785495758
/tmp/DataSetCombined/Edges/Round-8_0019408_edge.png,"tf.Tensor(2.787, shape=(), dtype=float32)",2.8453324,0.005229748785495758
/tmp/DataSetCombined/Edges/Round-10_0045754_edge.png,"tf.Tensor(2.771, shape=(), dtype=float32)",2.8173976,0.005229748785495758
/tmp/DataSetCombined/Edges/Round-3_0067154_edge.png,"tf.Tensor(4.572, shape=(), dtype=float32)",4.2843914,0.005229748785495758
/tmp/DataSetCombined/Edges/Round-3_0053701_edge.png,"tf.Tensor(5.568, shape=(), dtype=float32)",5.2222505,0.005229748785495758
/tmp/DataSetCombined/Edges/Round-9_0039073_edge.png,"tf.Tensor(5.404, shape=(), dtype=float32)",5.030445,0.005229748785495758
/tmp/DataSetCombined/Edges/Round-2_0063967_edge.png,"tf.Tensor(5.161, shape=(), dtype=float32)",4.736634,0.005229748785495758
/tmp/DataSetCombined/Edges/Round-7_0050662_edge.png,"tf.Tensor(2.461, shape=(), dtype=float32)",2.5753706,0.005229748785495758
/tmp/DataSetCombined/Edges/Round-6_0123046_edge.png,"tf.Tensor(3.109, shape=(), dtype=float32)",2.9959264,0.005229748785495758
/tmp/DataSetCombined/Edges/Round-5_0087085_edge.png,"tf.Tensor(2.358, shape=(), dtype=float32)",2.4622965,0.005229748785495758
/tmp/DataSetCombined/Edges/Round-2_0066776_edge.png,"tf.Tensor(3.02, shape=(), dtype=float32)",2.9883757,0.005229748785495758
/tmp/DataSetCombined/Edges/Round-10_0091475_edge.png,"tf.Tensor(4.265, shape=(), dtype=float32)",3.9736526,0.005229748785495758
/tmp/DataSetCombined/Edges/Round-9_0163324_edge.png,"tf.Tensor(5.14, shape=(), dtype=float32)",4.815405,0.005229748785495758
/tmp/DataSetCombined/Edges/Round-6_0057432_edge.png,"tf.Tensor(4.646, shape=(), dtype=float32)",4.3474584,0.005229748785495758
/tmp/DataSetCombined/Edges/Round-6_0043586_edge.png,"tf.Tensor(4.64, shape=(), dtype=float32)",4.390084,0.0056826286017894745
/tmp/DataSetCombined/Edges/Round-10_0052256_edge.png,"tf.Tensor(3.114, shape=(), dtype=float32)",3.1310515,0.0056826286017894745
/tmp/DataSetCombined/Edges/Round-1_0117212_edge.png,"tf.Tensor(5.458, shape=(), dtype=float32)",5.146998,0.0056826286017894745
/tmp/DataSetCombined/Edges/Round-9_0139907_edge.png,"tf.Tensor(5.138, shape=(), dtype=float32)",4.801279,0.0056826286017894745
/tmp/DataSetCombined/Edges/Round-9_0180602_edge.png,"tf.Tensor(5.622, shape=(), dtype=float32)",5.1949077,0.0056826286017894745
/tmp/DataSetCombined/Edges/Round-1_0113871_edge.png,"tf.Tensor(4.812, shape=(), dtype=float32)",4.5439935,0.0056826286017894745
/tmp/DataSetCombined/Edges/Round-1_0119262_edge.png,"tf.Tensor(3.124, shape=(), dtype=float32)",3.1521425,0.0056826286017894745
/tmp/DataSetCombined/Edges/Round-8_0038985_edge.png,"tf.Tensor(5.153, shape=(), dtype=float32)",4.736131,0.0056826286017894745
/tmp/DataSetCombined/Edges/Round-8_0010240_edge.png,"tf.Tensor(2.122, shape=(), dtype=float32)",2.2450683,0.0056826286017894745
/tmp/DataSetCombined/Edges/Round-10_0091114_edge.png,"tf.Tensor(5.444, shape=(), dtype=float32)",5.10582,0.0056826286017894745
/tmp/DataSetCombined/Edges/Round-7_0016107_edge.png,"tf.Tensor(5.035, shape=(), dtype=float32)",4.682026,0.0056826286017894745
/tmp/DataSetCombined/Edges/Round-8_0029113_edge.png,"tf.Tensor(5.145, shape=(), dtype=float32)",4.8061714,0.0056826286017894745
/tmp/DataSetCombined/Edges/Round-10_0083951_edge.png,"tf.Tensor(5.346, shape=(), dtype=float32)",4.9558096,0.0056826286017894745
/tmp/DataSetCombined/Edges/Round-9_0083651_edge.png,"tf.Tensor(5.154, shape=(), dtype=float32)",4.739289,0.0056826286017894745
/tmp/DataSetCombined/Edges/Round-8_0009578_edge.png,"tf.Tensor(5.572, shape=(), dtype=float32)",5.218132,0.0056826286017894745
/tmp/DataSetCombined/Edges/Round-9_0170789_edge.png,"tf.Tensor(2.271, shape=(), dtype=float32)",2.4198728,0.0056826286017894745
/tmp/DataSetCombined/Edges/Round-8_0047353_edge.png,"tf.Tensor(3.387, shape=(), dtype=float32)",3.3744974,0.0056826286017894745
/tmp/DataSetCombined/Edges/Round-10_0046567_edge.png,"tf.Tensor(5.663, shape=(), dtype=float32)",5.250239,0.0056826286017894745
/tmp/DataSetCombined/Edges/Round-10_0053700_edge.png,"tf.Tensor(5.535, shape=(), dtype=float32)",5.1840343,0.0056826286017894745
/tmp/DataSetCombined/Edges/Round-8_0016350_edge.png,"tf.Tensor(5.15, shape=(), dtype=float32)",4.735535,0.0056826286017894745
/tmp/DataSetCombined/Edges/Round-2_0067318_edge.png,"tf.Tensor(5.035, shape=(), dtype=float32)",4.68478,0.0056826286017894745
/tmp/DataSetCombined/Edges/Round-3_0070556_edge.png,"tf.Tensor(2.675, shape=(), dtype=float32)",2.771939,0.0056826286017894745
/tmp/DataSetCombined/Edges/Round-1_0114744_edge.png,"tf.Tensor(3.437, shape=(), dtype=float32)",3.2986674,0.0056826286017894745
/tmp/DataSetCombined/Edges/Round-8_0003919_edge.png,"tf.Tensor(3.019, shape=(), dtype=float32)",3.0073407,0.0056826286017894745
/tmp/DataSetCombined/Edges/Round-7_0023150_edge.png,"tf.Tensor(4.174, shape=(), dtype=float32)",3.9903042,0.0056826286017894745
/tmp/DataSetCombined/Edges/Round-4_0010448_edge.png,"tf.Tensor(2.668, shape=(), dtype=float32)",2.74335,0.0056826286017894745
/tmp/DataSetCombined/Edges/Round-8_0023051_edge.png,"tf.Tensor(5.097, shape=(), dtype=float32)",4.7546835,0.0056826286017894745
/tmp/DataSetCombined/Edges/Round-3_0046295_edge.png,"tf.Tensor(2.669, shape=(), dtype=float32)",2.7275186,0.0056826286017894745
/tmp/DataSetCombined/Edges/Round-8_0029763_edge.png,"tf.Tensor(2.543, shape=(), dtype=float32)",2.6042228,0.0056826286017894745
/tmp/DataSetCombined/Edges/Round-1_0164830_edge.png,"tf.Tensor(5.134, shape=(), dtype=float32)",4.79383,0.0056826286017894745
/tmp/DataSetCombined/Edges/Round-4_0059781_edge.png,"tf.Tensor(2.119, shape=(), dtype=float32)",2.2514942,0.0056826286017894745
/tmp/DataSetCombined/Edges/Round-3_0032601_edge.png,"tf.Tensor(3.474, shape=(), dtype=float32)",3.4161482,0.0056826286017894745
/tmp/DataSetCombined/Edges/Round-8_0031912_edge.png,"tf.Tensor(4.916, shape=(), dtype=float32)",4.567748,0.0056826286017894745
/tmp/DataSetCombined/Edges/Round-1_0128499_edge.png,"tf.Tensor(4.342, shape=(), dtype=float32)",4.090233,0.0056826286017894745
/tmp/DataSetCombined/Edges/Round-8_0043135_edge.png,"tf.Tensor(4.263, shape=(), dtype=float32)",3.9778454,0.0056826286017894745
/tmp/DataSetCombined/Edges/Round-8_0041773_edge.png,"tf.Tensor(4.532, shape=(), dtype=float32)",4.229701,0.0056826286017894745
/tmp/DataSetCombined/Edges/Round-1_0017400_edge.png,"tf.Tensor(1.936, shape=(), dtype=float32)",1.979837,0.0056826286017894745
/tmp/DataSetCombined/Edges/Round-7_0017612_edge.png,"tf.Tensor(5.501, shape=(), dtype=float32)",5.142206,0.0056826286017894745
/tmp/DataSetCombined/Edges/Round-7_0016318_edge.png,"tf.Tensor(4.955, shape=(), dtype=float32)",4.5867767,0.0056826286017894745
/tmp/DataSetCombined/Edges/Round-4_0077841_edge.png,"tf.Tensor(3.153, shape=(), dtype=float32)",3.0899456,0.0056826286017894745
/tmp/DataSetCombined/Edges/Round-9_0090603_edge.png,"tf.Tensor(4.589, shape=(), dtype=float32)",4.3120403,0.0056826286017894745
/tmp/DataSetCombined/Edges/Round-2_0084467_edge.png,"tf.Tensor(2.751, shape=(), dtype=float32)",2.8311071,0.0056826286017894745
/tmp/DataSetCombined/Edges/Round-2_0057601_edge.png,"tf.Tensor(1.825, shape=(), dtype=float32)",1.9140348,0.0056826286017894745
/tmp/DataSetCombined/Edges/Round-8_0019589_edge.png,"tf.Tensor(4.996, shape=(), dtype=float32)",4.7299314,0.0056826286017894745
/tmp/DataSetCombined/Edges/Round-2_0071075_edge.png,"tf.Tensor(3.361, shape=(), dtype=float32)",3.197454,0.0056826286017894745
/tmp/DataSetCombined/Edges/Round-9_0008763_edge.png,"tf.Tensor(1.999, shape=(), dtype=float32)",2.040234,0.0056826286017894745
/tmp/DataSetCombined/Edges/Round-4_0051504_edge.png,"tf.Tensor(4.387, shape=(), dtype=float32)",4.091831,0.0056826286017894745
/tmp/DataSetCombined/Edges/Round-10_0048252_edge.png,"tf.Tensor(5.342, shape=(), dtype=float32)",4.950356,0.0056826286017894745
/tmp/DataSetCombined/Edges/Round-3_0029048_edge.png,"tf.Tensor(3.468, shape=(), dtype=float32)",3.4337702,0.0056826286017894745
/tmp/DataSetCombined/Edges/Round-10_0152487_edge.png,"tf.Tensor(4.278, shape=(), dtype=float32)",3.990697,0.0056826286017894745
/tmp/DataSetCombined/Edges/Round-5_0090546_edge.png,"tf.Tensor(5.546, shape=(), dtype=float32)",5.2274146,0.0056826286017894745
/tmp/DataSetCombined/Edges/Round-6_0082475_edge.png,"tf.Tensor(5.045, shape=(), dtype=float32)",4.6845717,0.0056826286017894745
/tmp/DataSetCombined/Edges/Round-3_0081482_edge.png,"tf.Tensor(5.561, shape=(), dtype=float32)",5.171944,0.0056826286017894745
/tmp/DataSetCombined/Edges/Round-10_0044911_edge.png,"tf.Tensor(5.562, shape=(), dtype=float32)",5.1703873,0.0056826286017894745
/tmp/DataSetCombined/Edges/Round-6_0072001_edge.png,"tf.Tensor(1.795, shape=(), dtype=float32)",1.8557096,0.0056826286017894745
/tmp/DataSetCombined/Edges/Round-6_0044670_edge.png,"tf.Tensor(1.976, shape=(), dtype=float32)",2.025288,0.0056826286017894745
/tmp/DataSetCombined/Edges/Round-5_0067189_edge.png,"tf.Tensor(5.503, shape=(), dtype=float32)",5.173822,0.0056826286017894745
/tmp/DataSetCombined/Edges/Round-4_0008582_edge.png,"tf.Tensor(4.608, shape=(), dtype=float32)",4.3618903,0.0056826286017894745
/tmp/DataSetCombined/Edges/Round-6_0001334_edge.png,"tf.Tensor(5.12, shape=(), dtype=float32)",4.7777147,0.0056826286017894745
/tmp/DataSetCombined/Edges/Round-9_0194477_edge.png,"tf.Tensor(3.119, shape=(), dtype=float32)",3.0701137,0.0056826286017894745
/tmp/DataSetCombined/Edges/Round-2_0081314_edge.png,"tf.Tensor(5.627, shape=(), dtype=float32)",5.2281127,0.0056826286017894745
/tmp/DataSetCombined/Edges/Round-5_0097379_edge.png,"tf.Tensor(1.937, shape=(), dtype=float32)",2.0634356,0.0056826286017894745
/tmp/DataSetCombined/Edges/Round-4_0076577_edge.png,"tf.Tensor(5.676, shape=(), dtype=float32)",5.2788835,0.0056826286017894745
/tmp/DataSetCombined/Edges/Round-4_0001087_edge.png,"tf.Tensor(5.415, shape=(), dtype=float32)",5.079455,0.0056826286017894745
/tmp/DataSetCombined/Edges/Round-6_0091385_edge.png,"tf.Tensor(3.331, shape=(), dtype=float32)",3.2095256,0.00558861717581749
/tmp/DataSetCombined/Edges/Round-6_0069953_edge.png,"tf.Tensor(3.102, shape=(), dtype=float32)",3.0850868,0.00558861717581749
/tmp/DataSetCombined/Edges/Round-9_0180662_edge.png,"tf.Tensor(5.561, shape=(), dtype=float32)",5.1740103,0.00558861717581749
/tmp/DataSetCombined/Edges/Round-4_0051384_edge.png,"tf.Tensor(3.596, shape=(), dtype=float32)",3.4857068,0.00558861717581749
/tmp/DataSetCombined/Edges/Round-5_0015779_edge.png,"tf.Tensor(5.56, shape=(), dtype=float32)",5.16672,0.00558861717581749
/tmp/DataSetCombined/Edges/Round-6_0088917_edge.png,"tf.Tensor(5.575, shape=(), dtype=float32)",5.1688304,0.00558861717581749
/tmp/DataSetCombined/Edges/Round-10_0015383_edge.png,"tf.Tensor(5.629, shape=(), dtype=float32)",5.265938,0.00558861717581749
/tmp/DataSetCombined/Edges/Round-8_0067207_edge.png,"tf.Tensor(5.572, shape=(), dtype=float32)",5.218132,0.00558861717581749
/tmp/DataSetCombined/Edges/Round-9_0145806_edge.png,"tf.Tensor(3.494, shape=(), dtype=float32)",3.4493775,0.00558861717581749
/tmp/DataSetCombined/Edges/Round-6_0104628_edge.png,"tf.Tensor(5.145, shape=(), dtype=float32)",4.808275,0.00558861717581749
/tmp/DataSetCombined/Edges/Round-9_0164769_edge.png,"tf.Tensor(4.784, shape=(), dtype=float32)",4.489021,0.00558861717581749
/tmp/DataSetCombined/Edges/Round-9_0033144_edge.png,"tf.Tensor(2.528, shape=(), dtype=float32)",2.5956526,0.00558861717581749
/tmp/DataSetCombined/Edges/Round-10_0040035_edge.png,"tf.Tensor(1.937, shape=(), dtype=float32)",2.049649,0.00558861717581749
/tmp/DataSetCombined/Edges/Round-2_0055867_edge.png,"tf.Tensor(2.128, shape=(), dtype=float32)",2.2357204,0.00558861717581749
/tmp/DataSetCombined/Edges/Round-6_0009634_edge.png,"tf.Tensor(3.137, shape=(), dtype=float32)",3.158691,0.00558861717581749
/tmp/DataSetCombined/Edges/Round-10_0101198_edge.png,"tf.Tensor(4.461, shape=(), dtype=float32)",4.1598306,0.00558861717581749
/tmp/DataSetCombined/Edges/Round-8_0001091_edge.png,"tf.Tensor(4.958, shape=(), dtype=float32)",4.588479,0.00558861717581749
/tmp/DataSetCombined/Edges/Round-1_0087354_edge.png,"tf.Tensor(5.191, shape=(), dtype=float32)",4.772115,0.00558861717581749
/tmp/DataSetCombined/Edges/Round-9_0151796_edge.png,"tf.Tensor(2.421, shape=(), dtype=float32)",2.5900838,0.00558861717581749
/tmp/DataSetCombined/Edges/Round-5_0117726_edge.png,"tf.Tensor(3.255, shape=(), dtype=float32)",3.1152873,0.00558861717581749
/tmp/DataSetCombined/Edges/Round-10_0085636_edge.png,"tf.Tensor(5.557, shape=(), dtype=float32)",5.2187448,0.00558861717581749
/tmp/DataSetCombined/Edges/Round-9_0138763_edge.png,"tf.Tensor(5.663, shape=(), dtype=float32)",5.2473884,0.00558861717581749
/tmp/DataSetCombined/Edges/Round-10_0061436_edge.png,"tf.Tensor(2.313, shape=(), dtype=float32)",2.4367478,0.00558861717581749
/tmp/DataSetCombined/Edges/Round-2_0094950_edge.png,"tf.Tensor(2.766, shape=(), dtype=float32)",2.731244,0.00558861717581749
/tmp/DataSetCombined/Edges/Round-9_0195651_edge.png,"tf.Tensor(2.579, shape=(), dtype=float32)",2.641125,0.00558861717581749
/tmp/DataSetCombined/Edges/Round-4_0037327_edge.png,"tf.Tensor(2.193, shape=(), dtype=float32)",2.3087008,0.00558861717581749
/tmp/DataSetCombined/Edges/Round-6_0079134_edge.png,"tf.Tensor(2.413, shape=(), dtype=float32)",2.5310369,0.00558861717581749
/tmp/DataSetCombined/Edges/Round-8_0013611_edge.png,"tf.Tensor(5.518, shape=(), dtype=float32)",5.171058,0.00558861717581749
/tmp/DataSetCombined/Edges/Round-5_0073871_edge.png,"tf.Tensor(2.931, shape=(), dtype=float32)",2.8646395,0.00558861717581749
/tmp/DataSetCombined/Edges/Round-9_0179579_edge.png,"tf.Tensor(4.775, shape=(), dtype=float32)",4.4772463,0.00558861717581749
/tmp/DataSetCombined/Edges/Round-5_0110021_edge.png,"tf.Tensor(2.559, shape=(), dtype=float32)",2.577882,0.00558861717581749
/tmp/DataSetCombined/Edges/Round-9_0016348_edge.png,"tf.Tensor(1.619, shape=(), dtype=float32)",1.6230922,0.00558861717581749
/tmp/DataSetCombined/Edges/Round-7_0132910_edge.png,"tf.Tensor(5.624, shape=(), dtype=float32)",5.223807,0.00558861717581749
/tmp/DataSetCombined/Edges/Round-2_0109367_edge.png,"tf.Tensor(5.55, shape=(), dtype=float32)",5.2328973,0.00558861717581749
/tmp/DataSetCombined/Edges/Round-8_0037137_edge.png,"tf.Tensor(1.522, shape=(), dtype=float32)",1.5430872,0.00558861717581749
/tmp/DataSetCombined/Edges/Round-3_0005934_edge.png,"tf.Tensor(2.755, shape=(), dtype=float32)",2.8532007,0.00558861717581749
/tmp/DataSetCombined/Edges/Round-6_0044339_edge.png,"tf.Tensor(5.478, shape=(), dtype=float32)",5.12217,0.00558861717581749
/tmp/DataSetCombined/Edges/Round-10_0188457_edge.png,"tf.Tensor(4.686, shape=(), dtype=float32)",4.511145,0.00558861717581749
/tmp/DataSetCombined/Edges/Round-9_0085848_edge.png,"tf.Tensor(5.588, shape=(), dtype=float32)",5.23514,0.00558861717581749
/tmp/DataSetCombined/Edges/Round-1_0142557_edge.png,"tf.Tensor(2.546, shape=(), dtype=float32)",2.5782762,0.00558861717581749
/tmp/DataSetCombined/Edges/Round-1_0102765_edge.png,"tf.Tensor(5.569, shape=(), dtype=float32)",5.224857,0.00558861717581749
/tmp/DataSetCombined/Edges/Round-8_0006556_edge.png,"tf.Tensor(3.561, shape=(), dtype=float32)",3.445777,0.00558861717581749
/tmp/DataSetCombined/Edges/Round-3_0041780_edge.png,"tf.Tensor(5.1, shape=(), dtype=float32)",4.8194757,0.00558861717581749
/tmp/DataSetCombined/Edges/Round-9_0186351_edge.png,"tf.Tensor(4.347, shape=(), dtype=float32)",4.063807,0.00558861717581749
/tmp/DataSetCombined/Edges/Round-8_0043771_edge.png,"tf.Tensor(5.523, shape=(), dtype=float32)",5.19035,0.00558861717581749
/tmp/DataSetCombined/Edges/Round-2_0101060_edge.png,"tf.Tensor(3.252, shape=(), dtype=float32)",3.1616626,0.00558861717581749
/tmp/DataSetCombined/Edges/Round-6_0082355_edge.png,"tf.Tensor(5.23, shape=(), dtype=float32)",5.004396,0.00558861717581749
/tmp/DataSetCombined/Edges/Round-8_0015658_edge.png,"tf.Tensor(5.036, shape=(), dtype=float32)",4.6853266,0.00558861717581749
/tmp/DataSetCombined/Edges/Round-9_0178916_edge.png,"tf.Tensor(5.406, shape=(), dtype=float32)",5.102209,0.00558861717581749
/tmp/DataSetCombined/Edges/Round-10_0088465_edge.png,"tf.Tensor(5.222, shape=(), dtype=float32)",4.792521,0.00558861717581749
/tmp/DataSetCombined/Edges/Round-9_0186471_edge.png,"tf.Tensor(4.508, shape=(), dtype=float32)",4.190515,0.00558861717581749
/tmp/DataSetCombined/Edges/Round-9_0004308_edge.png,"tf.Tensor(5.003, shape=(), dtype=float32)",4.7937512,0.00558861717581749
/tmp/DataSetCombined/Edges/Round-2_0075499_edge.png,"tf.Tensor(4.432, shape=(), dtype=float32)",4.121417,0.00558861717581749
/tmp/DataSetCombined/Edges/Round-5_0088499_edge.png,"tf.Tensor(5.148, shape=(), dtype=float32)",4.8265433,0.00558861717581749
/tmp/DataSetCombined/Edges/Round-7_0034498_edge.png,"tf.Tensor(4.954, shape=(), dtype=float32)",4.5847692,0.00558861717581749
/tmp/DataSetCombined/Edges/Round-6_0079585_edge.png,"tf.Tensor(2.968, shape=(), dtype=float32)",2.9475634,0.00558861717581749
/tmp/DataSetCombined/Edges/Round-9_0017100_edge.png,"tf.Tensor(2.787, shape=(), dtype=float32)",2.832093,0.00558861717581749
/tmp/DataSetCombined/Edges/Round-10_0026058_edge.png,"tf.Tensor(2.184, shape=(), dtype=float32)",2.1855097,0.00558861717581749
/tmp/DataSetCombined/Edges/Round-9_0047020_edge.png,"tf.Tensor(5.559, shape=(), dtype=float32)",5.174153,0.00558861717581749
/tmp/DataSetCombined/Edges/Round-9_0128860_edge.png,"tf.Tensor(5.174, shape=(), dtype=float32)",4.765063,0.00558861717581749
/tmp/DataSetCombined/Edges/Round-8_0042916_edge.png,"tf.Tensor(4.956, shape=(), dtype=float32)",4.5884647,0.00558861717581749
/tmp/DataSetCombined/Edges/Round-10_0058486_edge.png,"tf.Tensor(4.467, shape=(), dtype=float32)",4.159279,0.00558861717581749
/tmp/DataSetCombined/Edges/Round-10_0103666_edge.png,"tf.Tensor(4.776, shape=(), dtype=float32)",4.479909,0.00558861717581749
/tmp/DataSetCombined/Edges/Round-6_0018303_edge.png,"tf.Tensor(2.847, shape=(), dtype=float32)",2.8690112,0.00558861717581749
/tmp/DataSetCombined/Edges/Round-10_0070737_edge.png,"tf.Tensor(5.518, shape=(), dtype=float32)",5.18028,0.005381152033805847
/tmp/DataSetCombined/Edges/Round-9_0116550_edge.png,"tf.Tensor(5.577, shape=(), dtype=float32)",5.223654,0.005381152033805847
/tmp/DataSetCombined/Edges/Round-10_0139575_edge.png,"tf.Tensor(5.509, shape=(), dtype=float32)",5.175566,0.005381152033805847
/tmp/DataSetCombined/Edges/Round-9_0177832_edge.png,"tf.Tensor(4.948, shape=(), dtype=float32)",4.649661,0.005381152033805847
/tmp/DataSetCombined/Edges/Round-8_0006576_edge.png,"tf.Tensor(4.956, shape=(), dtype=float32)",4.5852647,0.005381152033805847
/tmp/DataSetCombined/Edges/Round-6_0021885_edge.png,"tf.Tensor(5.436, shape=(), dtype=float32)",5.083552,0.005381152033805847
/tmp/DataSetCombined/Edges/Round-1_0010200_edge.png,"tf.Tensor(5.559, shape=(), dtype=float32)",5.172409,0.005381152033805847
/tmp/DataSetCombined/Edges/Round-5_0118840_edge.png,"tf.Tensor(4.663, shape=(), dtype=float32)",4.4080215,0.005381152033805847
/tmp/DataSetCombined/Edges/Round-5_0107221_edge.png,"tf.Tensor(3.553, shape=(), dtype=float32)",3.48341,0.005381152033805847
/tmp/DataSetCombined/Edges/Round-1_0108423_edge.png,"tf.Tensor(5.089, shape=(), dtype=float32)",4.7405343,0.005381152033805847
/tmp/DataSetCombined/Edges/Round-5_0039226_edge.png,"tf.Tensor(4.54, shape=(), dtype=float32)",4.239331,0.005381152033805847
/tmp/DataSetCombined/Edges/Round-2_0062923_edge.png,"tf.Tensor(3.019, shape=(), dtype=float32)",3.0096931,0.005381152033805847
/tmp/DataSetCombined/Edges/Round-10_0029590_edge.png,"tf.Tensor(2.507, shape=(), dtype=float32)",2.5787475,0.005381152033805847
/tmp/DataSetCombined/Edges/Round-9_0108933_edge.png,"tf.Tensor(5.036, shape=(), dtype=float32)",4.692159,0.005381152033805847
/tmp/DataSetCombined/Edges/Round-9_0174582_edge.png,"tf.Tensor(5.42, shape=(), dtype=float32)",5.1059213,0.005381152033805847
/tmp/DataSetCombined/Edges/Round-4_0046478_edge.png,"tf.Tensor(5.151, shape=(), dtype=float32)",4.7398334,0.005381152033805847
/tmp/DataSetCombined/Edges/Round-6_0073054_edge.png,"tf.Tensor(5.101, shape=(), dtype=float32)",4.7551365,0.005381152033805847
/tmp/DataSetCombined/Edges/Round-5_0057076_edge.png,"tf.Tensor(2.459, shape=(), dtype=float32)",2.580379,0.005381152033805847
/tmp/DataSetCombined/Edges/Round-9_0054033_edge.png,"tf.Tensor(4.79, shape=(), dtype=float32)",4.5004416,0.005381152033805847
/tmp/DataSetCombined/Edges/Round-7_0129131_edge.png,"tf.Tensor(3.587, shape=(), dtype=float32)",3.514674,0.005381152033805847
/tmp/DataSetCombined/Edges/Round-2_0102384_edge.png,"tf.Tensor(5.626, shape=(), dtype=float32)",5.201876,0.005381152033805847
/tmp/DataSetCombined/Edges/Round-9_0051625_edge.png,"tf.Tensor(3.249, shape=(), dtype=float32)",3.1529808,0.005381152033805847
/tmp/DataSetCombined/Edges/Round-6_0129671_edge.png,"tf.Tensor(1.936, shape=(), dtype=float32)",2.0370882,0.005381152033805847
/tmp/DataSetCombined/Edges/Round-5_0078235_edge.png,"tf.Tensor(3.54, shape=(), dtype=float32)",3.385254,0.005381152033805847
/tmp/DataSetCombined/Edges/Round-10_0062640_edge.png,"tf.Tensor(4.954, shape=(), dtype=float32)",4.588925,0.005381152033805847
/tmp/DataSetCombined/Edges/Round-10_0080669_edge.png,"tf.Tensor(4.612, shape=(), dtype=float32)",4.32735,0.005381152033805847
/tmp/DataSetCombined/Edges/Round-6_0046506_edge.png,"tf.Tensor(4.357, shape=(), dtype=float32)",4.090587,0.005381152033805847
/tmp/DataSetCombined/Edges/Round-4_0064838_edge.png,"tf.Tensor(5.532, shape=(), dtype=float32)",5.1791067,0.005381152033805847
/tmp/DataSetCombined/Edges/Round-10_0000063_edge.png,"tf.Tensor(4.651, shape=(), dtype=float32)",4.3905864,0.005381152033805847
/tmp/DataSetCombined/Edges/Round-1_0090694_edge.png,"tf.Tensor(2.715, shape=(), dtype=float32)",2.6882672,0.005381152033805847
/tmp/DataSetCombined/Edges/Round-6_0041600_edge.png,"tf.Tensor(5.447, shape=(), dtype=float32)",5.131505,0.005381152033805847
/tmp/DataSetCombined/Edges/Round-5_0079049_edge.png,"tf.Tensor(3.316, shape=(), dtype=float32)",3.3051996,0.005381152033805847
/tmp/DataSetCombined/Edges/Round-3_0056800_edge.png,"tf.Tensor(5.518, shape=(), dtype=float32)",5.1712155,0.005381152033805847
/tmp/DataSetCombined/Edges/Round-8_0085959_edge.png,"tf.Tensor(4.431, shape=(), dtype=float32)",4.156711,0.005381152033805847
/tmp/DataSetCombined/Edges/Round-8_0037179_edge.png,"tf.Tensor(2.639, shape=(), dtype=float32)",2.6975534,0.005381152033805847
/tmp/DataSetCombined/Edges/Round-8_0062090_edge.png,"tf.Tensor(1.565, shape=(), dtype=float32)",1.575417,0.005381152033805847
/tmp/DataSetCombined/Edges/Round-8_0014262_edge.png,"tf.Tensor(5.05, shape=(), dtype=float32)",4.6879377,0.005381152033805847
/tmp/DataSetCombined/Edges/Round-5_0096867_edge.png,"tf.Tensor(4.268, shape=(), dtype=float32)",3.98479,0.005381152033805847
/tmp/DataSetCombined/Edges/Round-4_0030163_edge.png,"tf.Tensor(4.265, shape=(), dtype=float32)",3.982689,0.005381152033805847
/tmp/DataSetCombined/Edges/Round-8_0013660_edge.png,"tf.Tensor(4.361, shape=(), dtype=float32)",4.0753975,0.005381152033805847
/tmp/DataSetCombined/Edges/Round-1_0044734_edge.png,"tf.Tensor(5.066, shape=(), dtype=float32)",4.8535113,0.005381152033805847
/tmp/DataSetCombined/Edges/Round-9_0040247_edge.png,"tf.Tensor(5.579, shape=(), dtype=float32)",5.221797,0.005381152033805847
/tmp/DataSetCombined/Edges/Round-10_0195109_edge.png,"tf.Tensor(1.875, shape=(), dtype=float32)",1.9570663,0.005381152033805847
/tmp/DataSetCombined/Edges/Round-4_0000304_edge.png,"tf.Tensor(5.519, shape=(), dtype=float32)",5.1840487,0.005381152033805847
/tmp/DataSetCombined/Edges/Round-4_0016257_edge.png,"tf.Tensor(2.238, shape=(), dtype=float32)",2.3606634,0.005381152033805847
/tmp/DataSetCombined/Edges/Round-2_0054600_edge.png,"tf.Tensor(4.777, shape=(), dtype=float32)",4.482609,0.005381152033805847
/tmp/DataSetCombined/Edges/Round-9_0141532_edge.png,"tf.Tensor(5.365, shape=(), dtype=float32)",5.103143,0.005381152033805847
/tmp/DataSetCombined/Edges/Round-1_0067834_edge.png,"tf.Tensor(5.342, shape=(), dtype=float32)",4.9486985,0.005381152033805847
/tmp/DataSetCombined/Edges/Round-9_0047200_edge.png,"tf.Tensor(1.956, shape=(), dtype=float32)",2.0358298,0.005381152033805847
/tmp/DataSetCombined/Edges/Round-6_0116758_edge.png,"tf.Tensor(2.465, shape=(), dtype=float32)",2.4888773,0.005381152033805847
/tmp/DataSetCombined/Edges/Round-4_0037387_edge.png,"tf.Tensor(4.865, shape=(), dtype=float32)",4.527646,0.005381152033805847
/tmp/DataSetCombined/Edges/Round-8_0053162_edge.png,"tf.Tensor(3.267, shape=(), dtype=float32)",3.2687924,0.005381152033805847
/tmp/DataSetCombined/Edges/Round-3_0016707_edge.png,"tf.Tensor(1.701, shape=(), dtype=float32)",1.7102242,0.005381152033805847
/tmp/DataSetCombined/Edges/Round-10_0197296_edge.png,"tf.Tensor(5.681, shape=(), dtype=float32)",5.284603,0.005381152033805847
/tmp/DataSetCombined/Edges/Round-9_0005000_edge.png,"tf.Tensor(4.972, shape=(), dtype=float32)",4.609404,0.005381152033805847
/tmp/DataSetCombined/Edges/Round-4_0075975_edge.png,"tf.Tensor(4.602, shape=(), dtype=float32)",4.3652754,0.005381152033805847
/tmp/DataSetCombined/Edges/Round-6_0130966_edge.png,"tf.Tensor(5.489, shape=(), dtype=float32)",5.1377926,0.005381152033805847
/tmp/DataSetCombined/Edges/Round-1_0011800_edge.png,"tf.Tensor(5.446, shape=(), dtype=float32)",5.1347613,0.005381152033805847
/tmp/DataSetCombined/Edges/Round-10_0054363_edge.png,"tf.Tensor(2.509, shape=(), dtype=float32)",2.557961,0.005381152033805847
/tmp/DataSetCombined/Edges/Round-9_0134398_edge.png,"tf.Tensor(5.447, shape=(), dtype=float32)",5.130909,0.005381152033805847
/tmp/DataSetCombined/Edges/Round-7_0071762_edge.png,"tf.Tensor(5.066, shape=(), dtype=float32)",4.717472,0.005381152033805847
/tmp/DataSetCombined/Edges/Round-7_0015987_edge.png,"tf.Tensor(5.426, shape=(), dtype=float32)",5.059407,0.005381152033805847
/tmp/DataSetCombined/Edges/Round-4_0002505_edge.png,"tf.Tensor(5.195, shape=(), dtype=float32)",4.7827783,0.005381152033805847
/tmp/DataSetCombined/Edges/Round-6_0122929_edge.png,"tf.Tensor(5.69, shape=(), dtype=float32)",5.247433,0.005381152033805847
/tmp/DataSetCombined/Edges/Round-10_0056740_edge.png,"tf.Tensor(5.282, shape=(), dtype=float32)",4.97799,0.005225609987974167
/tmp/DataSetCombined/Edges/Round-10_0044731_edge.png,"tf.Tensor(2.22, shape=(), dtype=float32)",2.330875,0.005225609987974167
/tmp/DataSetCombined/Edges/Round-3_0081422_edge.png,"tf.Tensor(2.774, shape=(), dtype=float32)",2.8126109,0.005225609987974167
/tmp/DataSetCombined/Edges/Round-1_0161340_edge.png,"tf.Tensor(4.667, shape=(), dtype=float32)",4.3677664,0.005225609987974167
/tmp/DataSetCombined/Edges/Round-8_0076448_edge.png,"tf.Tensor(5.211, shape=(), dtype=float32)",4.7988935,0.005225609987974167
/tmp/DataSetCombined/Edges/Round-6_0067305_edge.png,"tf.Tensor(5.079, shape=(), dtype=float32)",4.713064,0.005225609987974167
/tmp/DataSetCombined/Edges/Round-6_0095538_edge.png,"tf.Tensor(5.106, shape=(), dtype=float32)",4.8959165,0.005225609987974167
/tmp/DataSetCombined/Edges/Round-9_0196645_edge.png,"tf.Tensor(5.129, shape=(), dtype=float32)",4.8571076,0.005225609987974167
/tmp/DataSetCombined/Edges/Round-4_0069202_edge.png,"tf.Tensor(5.266, shape=(), dtype=float32)",4.9919267,0.005225609987974167
/tmp/DataSetCombined/Edges/Round-9_0198360_edge.png,"tf.Tensor(5.514, shape=(), dtype=float32)",5.151384,0.005225609987974167
/tmp/DataSetCombined/Edges/Round-4_0031578_edge.png,"tf.Tensor(5.597, shape=(), dtype=float32)",5.212152,0.005225609987974167
/tmp/DataSetCombined/Edges/Round-1_0098038_edge.png,"tf.Tensor(3.058, shape=(), dtype=float32)",3.0356505,0.005225609987974167
/tmp/DataSetCombined/Edges/Round-8_0023845_edge.png,"tf.Tensor(5.647, shape=(), dtype=float32)",5.26672,0.005225609987974167
/tmp/DataSetCombined/Edges/Round-7_0005031_edge.png,"tf.Tensor(2.742, shape=(), dtype=float32)",2.8013341,0.005225609987974167
/tmp/DataSetCombined/Edges/Round-1_0026167_edge.png,"tf.Tensor(5.575, shape=(), dtype=float32)",5.2184963,0.005225609987974167
/tmp/DataSetCombined/Edges/Round-8_0071240_edge.png,"tf.Tensor(4.797, shape=(), dtype=float32)",4.496655,0.005225609987974167
/tmp/DataSetCombined/Edges/Round-2_0111865_edge.png,"tf.Tensor(5.322, shape=(), dtype=float32)",5.014503,0.005225609987974167
/tmp/DataSetCombined/Edges/Round-8_0074172_edge.png,"tf.Tensor(5.443, shape=(), dtype=float32)",5.137323,0.005225609987974167
/tmp/DataSetCombined/Edges/Round-6_0009233_edge.png,"tf.Tensor(5.127, shape=(), dtype=float32)",4.8102417,0.005225609987974167
/tmp/DataSetCombined/Edges/Round-7_0130245_edge.png,"tf.Tensor(2.963, shape=(), dtype=float32)",2.9410005,0.005225609987974167
/tmp/DataSetCombined/Edges/Round-6_0047440_edge.png,"tf.Tensor(2.868, shape=(), dtype=float32)",2.8891342,0.005225609987974167
/tmp/DataSetCombined/Edges/Round-7_0009395_edge.png,"tf.Tensor(2.71, shape=(), dtype=float32)",2.7553353,0.005225609987974167
/tmp/DataSetCombined/Edges/Round-1_0079257_edge.png,"tf.Tensor(5.664, shape=(), dtype=float32)",5.2722535,0.005225609987974167
/tmp/DataSetCombined/Edges/Round-8_0018776_edge.png,"tf.Tensor(2.27, shape=(), dtype=float32)",2.3628523,0.005225609987974167
/tmp/DataSetCombined/Edges/Round-6_0021253_edge.png,"tf.Tensor(4.323, shape=(), dtype=float32)",4.028723,0.005225609987974167
/tmp/DataSetCombined/Edges/Round-4_0087864_edge.png,"tf.Tensor(3.43, shape=(), dtype=float32)",3.3819137,0.005225609987974167
/tmp/DataSetCombined/Edges/Round-6_0052887_edge.png,"tf.Tensor(5.036, shape=(), dtype=float32)",4.690041,0.005225609987974167
/tmp/DataSetCombined/Edges/Round-9_0062852_edge.png,"tf.Tensor(1.86, shape=(), dtype=float32)",1.9582865,0.005225609987974167
/tmp/DataSetCombined/Edges/Round-9_0074690_edge.png,"tf.Tensor(1.934, shape=(), dtype=float32)",2.036263,0.005225609987974167
/tmp/DataSetCombined/Edges/Round-6_0073897_edge.png,"tf.Tensor(2.7, shape=(), dtype=float32)",2.7498314,0.005225609987974167
/tmp/DataSetCombined/Edges/Round-8_0022319_edge.png,"tf.Tensor(5.68, shape=(), dtype=float32)",5.284209,0.005225609987974167
/tmp/DataSetCombined/Edges/Round-4_0036407_edge.png,"tf.Tensor(5.144, shape=(), dtype=float32)",4.822754,0.005225609987974167
/tmp/DataSetCombined/Edges/Round-8_0005940_edge.png,"tf.Tensor(2.764, shape=(), dtype=float32)",2.82919,0.005225609987974167
/tmp/DataSetCombined/Edges/Round-7_0110199_edge.png,"tf.Tensor(5.111, shape=(), dtype=float32)",4.76163,0.005225609987974167
/tmp/DataSetCombined/Edges/Round-6_0049125_edge.png,"tf.Tensor(3.526, shape=(), dtype=float32)",3.3817039,0.005225609987974167
/tmp/DataSetCombined/Edges/Round-7_0067969_edge.png,"tf.Tensor(4.954, shape=(), dtype=float32)",4.5985885,0.005225609987974167
/tmp/DataSetCombined/Edges/Round-10_0169253_edge.png,"tf.Tensor(5.342, shape=(), dtype=float32)",4.9605246,0.005225609987974167
/tmp/DataSetCombined/Edges/Round-2_0098622_edge.png,"tf.Tensor(2.248, shape=(), dtype=float32)",2.313413,0.005225609987974167
/tmp/DataSetCombined/Edges/Round-3_0006367_edge.png,"tf.Tensor(3.515, shape=(), dtype=float32)",3.3726301,0.005225609987974167
/tmp/DataSetCombined/Edges/Round-9_0029442_edge.png,"tf.Tensor(5.452, shape=(), dtype=float32)",5.1399293,0.005225609987974167
/tmp/DataSetCombined/Edges/Round-7_0060263_edge.png,"tf.Tensor(4.706, shape=(), dtype=float32)",4.4082203,0.005225609987974167
/tmp/DataSetCombined/Edges/Round-1_0048167_edge.png,"tf.Tensor(5.142, shape=(), dtype=float32)",4.7998214,0.005225609987974167
/tmp/DataSetCombined/Edges/Round-9_0130937_edge.png,"tf.Tensor(4.59, shape=(), dtype=float32)",4.424222,0.005225609987974167
/tmp/DataSetCombined/Edges/Round-8_0041623_edge.png,"tf.Tensor(3.619, shape=(), dtype=float32)",3.4549127,0.005225609987974167
/tmp/DataSetCombined/Edges/Round-2_0082910_edge.png,"tf.Tensor(5.202, shape=(), dtype=float32)",4.7919416,0.005225609987974167
/tmp/DataSetCombined/Edges/Round-6_0079014_edge.png,"tf.Tensor(4.262, shape=(), dtype=float32)",3.9762,0.005225609987974167
/tmp/DataSetCombined/Edges/Round-8_0011944_edge.png,"tf.Tensor(2.475, shape=(), dtype=float32)",2.5055907,0.005225609987974167
/tmp/DataSetCombined/Edges/Round-6_0092318_edge.png,"tf.Tensor(1.525, shape=(), dtype=float32)",1.5467601,0.005225609987974167
/tmp/DataSetCombined/Edges/Round-5_0116432_edge.png,"tf.Tensor(5.44, shape=(), dtype=float32)",5.0836105,0.005225609987974167
/tmp/DataSetCombined/Edges/Round-9_0131238_edge.png,"tf.Tensor(2.49, shape=(), dtype=float32)",2.5275776,0.005225609987974167
/tmp/DataSetCombined/Edges/Round-10_0014751_edge.png,"tf.Tensor(4.426, shape=(), dtype=float32)",4.1249623,0.005225609987974167
/tmp/DataSetCombined/Edges/Round-8_0063415_edge.png,"tf.Tensor(2.561, shape=(), dtype=float32)",2.6350822,0.005225609987974167
/tmp/DataSetCombined/Edges/Round-9_0110800_edge.png,"tf.Tensor(2.861, shape=(), dtype=float32)",2.8969245,0.005225609987974167
/tmp/DataSetCombined/Edges/Round-6_0031998_edge.png,"tf.Tensor(5.177, shape=(), dtype=float32)",4.8775597,0.005225609987974167
/tmp/DataSetCombined/Edges/Round-1_0078896_edge.png,"tf.Tensor(2.753, shape=(), dtype=float32)",2.7217653,0.005225609987974167
/tmp/DataSetCombined/Edges/Round-6_0027784_edge.png,"tf.Tensor(4.809, shape=(), dtype=float32)",4.54668,0.005225609987974167
/tmp/DataSetCombined/Edges/Round-7_0087534_edge.png,"tf.Tensor(3.323, shape=(), dtype=float32)",3.2091806,0.005225609987974167
/tmp/DataSetCombined/Edges/Round-8_0026042_edge.png,"tf.Tensor(2.951, shape=(), dtype=float32)",3.0039113,0.005225609987974167
/tmp/DataSetCombined/Edges/Round-6_0086719_edge.png,"tf.Tensor(4.956, shape=(), dtype=float32)",4.5874104,0.005225609987974167
/tmp/DataSetCombined/Edges/Round-5_0108636_edge.png,"tf.Tensor(4.636, shape=(), dtype=float32)",4.3337593,0.005225609987974167
/tmp/DataSetCombined/Edges/Round-9_0080550_edge.png,"tf.Tensor(2.116, shape=(), dtype=float32)",2.2396388,0.005225609987974167
/tmp/DataSetCombined/Edges/Round-2_0069567_edge.png,"tf.Tensor(3.85, shape=(), dtype=float32)",3.7585425,0.005225609987974167
/tmp/DataSetCombined/Edges/Round-10_0090580_edge.png,"tf.Tensor(2.805, shape=(), dtype=float32)",2.8798618,0.005225609987974167
/tmp/DataSetCombined/Edges/Round-9_0121425_edge.png,"tf.Tensor(3.253, shape=(), dtype=float32)",3.2664006,0.005225609987974167
/tmp/DataSetCombined/Edges/Round-4_0090182_edge.png,"tf.Tensor(5.448, shape=(), dtype=float32)",5.0902267,0.005729649215936661
/tmp/DataSetCombined/Edges/Round-5_0050062_edge.png,"tf.Tensor(5.341, shape=(), dtype=float32)",4.958428,0.005729649215936661
/tmp/DataSetCombined/Edges/Round-5_0030949_edge.png,"tf.Tensor(5.541, shape=(), dtype=float32)",5.210872,0.005729649215936661
/tmp/DataSetCombined/Edges/Round-3_0013095_edge.png,"tf.Tensor(5.049, shape=(), dtype=float32)",4.6862383,0.005729649215936661
/tmp/DataSetCombined/Edges/Round-8_0066003_edge.png,"tf.Tensor(5.176, shape=(), dtype=float32)",4.768772,0.005729649215936661
/tmp/DataSetCombined/Edges/Round-5_0103369_edge.png,"tf.Tensor(1.736, shape=(), dtype=float32)",1.7596941,0.005729649215936661
/tmp/DataSetCombined/Edges/Round-9_0028960_edge.png,"tf.Tensor(3.071, shape=(), dtype=float32)",3.09273,0.005729649215936661
/tmp/DataSetCombined/Edges/Round-9_0051233_edge.png,"tf.Tensor(3.136, shape=(), dtype=float32)",3.079678,0.005729649215936661
/tmp/DataSetCombined/Edges/Round-2_0073068_edge.png,"tf.Tensor(3.4, shape=(), dtype=float32)",3.2710443,0.005729649215936661
/tmp/DataSetCombined/Edges/Round-7_0010779_edge.png,"tf.Tensor(1.76, shape=(), dtype=float32)",1.8077966,0.005729649215936661
/tmp/DataSetCombined/Edges/Round-9_0044130_edge.png,"tf.Tensor(2.04, shape=(), dtype=float32)",2.0917642,0.005729649215936661
/tmp/DataSetCombined/Edges/Round-7_0125700_edge.png,"tf.Tensor(5.345, shape=(), dtype=float32)",4.9482455,0.005729649215936661
/tmp/DataSetCombined/Edges/Round-3_0040907_edge.png,"tf.Tensor(1.696, shape=(), dtype=float32)",1.7262771,0.005729649215936661
/tmp/DataSetCombined/Edges/Round-8_0032545_edge.png,"tf.Tensor(2.784, shape=(), dtype=float32)",2.8260078,0.005729649215936661
/tmp/DataSetCombined/Edges/Round-9_0029501_edge.png,"tf.Tensor(5.447, shape=(), dtype=float32)",5.1078725,0.005729649215936661
/tmp/DataSetCombined/Edges/Round-9_0131906_edge.png,"tf.Tensor(3.092, shape=(), dtype=float32)",2.9860964,0.005729649215936661
/tmp/DataSetCombined/Edges/Round-1_0017467_edge.png,"tf.Tensor(2.455, shape=(), dtype=float32)",2.542223,0.005729649215936661
/tmp/DataSetCombined/Edges/Round-5_0018991_edge.png,"tf.Tensor(4.616, shape=(), dtype=float32)",4.372764,0.005729649215936661
/tmp/DataSetCombined/Edges/Round-8_0042947_edge.png,"tf.Tensor(2.024, shape=(), dtype=float32)",2.0621588,0.005729649215936661
/tmp/DataSetCombined/Edges/Round-9_0009876_edge.png,"tf.Tensor(5.571, shape=(), dtype=float32)",5.179377,0.005729649215936661
/tmp/DataSetCombined/Edges/Round-4_0018514_edge.png,"tf.Tensor(5.173, shape=(), dtype=float32)",4.7505608,0.005729649215936661
/tmp/DataSetCombined/Edges/Round-7_0065381_edge.png,"tf.Tensor(2.869, shape=(), dtype=float32)",2.8075557,0.005729649215936661
/tmp/DataSetCombined/Edges/Round-1_0049909_edge.png,"tf.Tensor(5.404, shape=(), dtype=float32)",5.027287,0.005729649215936661
/tmp/DataSetCombined/Edges/Round-2_0092752_edge.png,"tf.Tensor(5.484, shape=(), dtype=float32)",5.2042212,0.005729649215936661
/tmp/DataSetCombined/Edges/Round-10_0111251_edge.png,"tf.Tensor(5.644, shape=(), dtype=float32)",5.230202,0.005729649215936661
/tmp/DataSetCombined/Edges/Round-10_0145565_edge.png,"tf.Tensor(3.14, shape=(), dtype=float32)",3.0638392,0.005729649215936661
/tmp/DataSetCombined/Edges/Round-8_0041213_edge.png,"tf.Tensor(4.753, shape=(), dtype=float32)",4.4468946,0.005729649215936661
/tmp/DataSetCombined/Edges/Round-1_0154866_edge.png,"tf.Tensor(1.861, shape=(), dtype=float32)",1.8991237,0.005729649215936661
/tmp/DataSetCombined/Edges/Round-5_0084402_edge.png,"tf.Tensor(2.319, shape=(), dtype=float32)",2.3941314,0.005729649215936661
/tmp/DataSetCombined/Edges/Round-9_0194718_edge.png,"tf.Tensor(5.668, shape=(), dtype=float32)",5.244886,0.005729649215936661
/tmp/DataSetCombined/Edges/Round-1_0037734_edge.png,"tf.Tensor(5.322, shape=(), dtype=float32)",5.006429,0.005729649215936661
/tmp/DataSetCombined/Edges/Round-5_0119923_edge.png,"tf.Tensor(3.517, shape=(), dtype=float32)",3.3980284,0.005729649215936661
/tmp/DataSetCombined/Edges/Round-9_0090965_edge.png,"tf.Tensor(5.447, shape=(), dtype=float32)",5.1245484,0.005729649215936661
/tmp/DataSetCombined/Edges/Round-5_0090817_edge.png,"tf.Tensor(3.116, shape=(), dtype=float32)",3.1297693,0.005729649215936661
/tmp/DataSetCombined/Edges/Round-10_0006444_edge.png,"tf.Tensor(2.624, shape=(), dtype=float32)",2.7112055,0.005729649215936661
/tmp/DataSetCombined/Edges/Round-6_0054121_edge.png,"tf.Tensor(3.793, shape=(), dtype=float32)",3.7384086,0.005729649215936661
/tmp/DataSetCombined/Edges/Round-4_0068571_edge.png,"tf.Tensor(5.1, shape=(), dtype=float32)",4.7567425,0.005729649215936661
/tmp/DataSetCombined/Edges/Round-6_0032179_edge.png,"tf.Tensor(4.389, shape=(), dtype=float32)",4.0928783,0.005729649215936661
/tmp/DataSetCombined/Edges/Round-1_0096446_edge.png,"tf.Tensor(5.1, shape=(), dtype=float32)",4.7535353,0.005729649215936661
/tmp/DataSetCombined/Edges/Round-8_0041050_edge.png,"tf.Tensor(2.484, shape=(), dtype=float32)",2.523495,0.005729649215936661
/tmp/DataSetCombined/Edges/Round-6_0129551_edge.png,"tf.Tensor(3.659, shape=(), dtype=float32)",3.5624087,0.005729649215936661
/tmp/DataSetCombined/Edges/Round-5_0023966_edge.png,"tf.Tensor(5.434, shape=(), dtype=float32)",5.1293683,0.005729649215936661
/tmp/DataSetCombined/Edges/Round-6_0082686_edge.png,"tf.Tensor(4.262, shape=(), dtype=float32)",3.9683633,0.005729649215936661
/tmp/DataSetCombined/Edges/Round-9_0133044_edge.png,"tf.Tensor(5.074, shape=(), dtype=float32)",4.7167664,0.005729649215936661
/tmp/DataSetCombined/Edges/Round-5_0003788_edge.png,"tf.Tensor(3.148, shape=(), dtype=float32)",3.0874634,0.005729649215936661
/tmp/DataSetCombined/Edges/Round-6_0054031_edge.png,"tf.Tensor(5.341, shape=(), dtype=float32)",4.9459496,0.005729649215936661
/tmp/DataSetCombined/Edges/Round-3_0088555_edge.png,"tf.Tensor(3.037, shape=(), dtype=float32)",2.9438775,0.005729649215936661
/tmp/DataSetCombined/Edges/Round-1_0046634_edge.png,"tf.Tensor(3.548, shape=(), dtype=float32)",3.3933885,0.005729649215936661
/tmp/DataSetCombined/Edges/Round-8_0056853_edge.png,"tf.Tensor(3.549, shape=(), dtype=float32)",3.3986263,0.005729649215936661
/tmp/DataSetCombined/Edges/Round-2_0103022_edge.png,"tf.Tensor(5.522, shape=(), dtype=float32)",5.1871924,0.005729649215936661
/tmp/DataSetCombined/Edges/Round-7_0067306_edge.png,"tf.Tensor(2.37, shape=(), dtype=float32)",2.423846,0.005729649215936661
/tmp/DataSetCombined/Edges/Round-8_0054595_edge.png,"tf.Tensor(2.698, shape=(), dtype=float32)",2.7747543,0.005729649215936661
/tmp/DataSetCombined/Edges/Round-7_0102674_edge.png,"tf.Tensor(3.881, shape=(), dtype=float32)",3.8034945,0.005729649215936661
/tmp/DataSetCombined/Edges/Round-10_0079556_edge.png,"tf.Tensor(3.507, shape=(), dtype=float32)",3.4470348,0.005729649215936661
/tmp/DataSetCombined/Edges/Round-8_0070229_edge.png,"tf.Tensor(4.956, shape=(), dtype=float32)",4.590674,0.005729649215936661
/tmp/DataSetCombined/Edges/Round-9_0050932_edge.png,"tf.Tensor(2.557, shape=(), dtype=float32)",2.5707839,0.005729649215936661
/tmp/DataSetCombined/Edges/Round-5_0006147_edge.png,"tf.Tensor(5.608, shape=(), dtype=float32)",5.2604556,0.005729649215936661
/tmp/DataSetCombined/Edges/Round-10_0118475_edge.png,"tf.Tensor(2.722, shape=(), dtype=float32)",2.6885982,0.005729649215936661
/tmp/DataSetCombined/Edges/Round-9_0002532_edge.png,"tf.Tensor(5.565, shape=(), dtype=float32)",5.167767,0.005729649215936661
/tmp/DataSetCombined/Edges/Round-7_0069270_edge.png,"tf.Tensor(5.522, shape=(), dtype=float32)",5.1818814,0.005729649215936661
/tmp/DataSetCombined/Edges/Round-4_0050239_edge.png,"tf.Tensor(5.202, shape=(), dtype=float32)",4.8067126,0.005729649215936661
/tmp/DataSetCombined/Edges/Round-8_0085929_edge.png,"tf.Tensor(5.657, shape=(), dtype=float32)",5.243386,0.005729649215936661
/tmp/DataSetCombined/Edges/Round-1_0068900_edge.png,"tf.Tensor(3.73, shape=(), dtype=float32)",3.5972662,0.005729649215936661
/tmp/DataSetCombined/Edges/Round-10_0023932_edge.png,"tf.Tensor(5.449, shape=(), dtype=float32)",5.129352,0.005729649215936661
/tmp/DataSetCombined/Edges/Round-10_0055867_edge.png,"tf.Tensor(2.3, shape=(), dtype=float32)",2.3494189,0.00450611487030983
/tmp/DataSetCombined/Edges/Round-7_0092590_edge.png,"tf.Tensor(5.498, shape=(), dtype=float32)",5.1637893,0.00450611487030983
/tmp/DataSetCombined/Edges/Round-6_0016587_edge.png,"tf.Tensor(5.689, shape=(), dtype=float32)",5.236403,0.00450611487030983
/tmp/DataSetCombined/Edges/Round-7_0088844_edge.png,"tf.Tensor(5.442, shape=(), dtype=float32)",5.136318,0.00450611487030983
/tmp/DataSetCombined/Edges/Round-7_0071129_edge.png,"tf.Tensor(5.572, shape=(), dtype=float32)",5.1745057,0.00450611487030983
/tmp/DataSetCombined/Edges/Round-8_0033056_edge.png,"tf.Tensor(2.708, shape=(), dtype=float32)",2.7590344,0.00450611487030983
/tmp/DataSetCombined/Edges/Round-1_0074603_edge.png,"tf.Tensor(5.485, shape=(), dtype=float32)",5.111899,0.00450611487030983
/tmp/DataSetCombined/Edges/Round-10_0151012_edge.png,"tf.Tensor(4.724, shape=(), dtype=float32)",4.441408,0.00450611487030983
/tmp/DataSetCombined/Edges/Round-3_0056890_edge.png,"tf.Tensor(4.431, shape=(), dtype=float32)",4.128714,0.00450611487030983
/tmp/DataSetCombined/Edges/Round-5_0082239_edge.png,"tf.Tensor(3.485, shape=(), dtype=float32)",3.377235,0.00450611487030983
/tmp/DataSetCombined/Edges/Round-5_0058069_edge.png,"tf.Tensor(2.636, shape=(), dtype=float32)",2.7307725,0.00450611487030983
/tmp/DataSetCombined/Edges/Round-1_0104872_edge.png,"tf.Tensor(2.76, shape=(), dtype=float32)",2.8329964,0.00450611487030983
/tmp/DataSetCombined/Edges/Round-6_0131447_edge.png,"tf.Tensor(5.635, shape=(), dtype=float32)",5.2100015,0.00450611487030983
/tmp/DataSetCombined/Edges/Round-4_0083289_edge.png,"tf.Tensor(5.496, shape=(), dtype=float32)",5.147473,0.00450611487030983
/tmp/DataSetCombined/Edges/Round-10_0022758_edge.png,"tf.Tensor(1.858, shape=(), dtype=float32)",1.9483187,0.00450611487030983
/tmp/DataSetCombined/Edges/Round-4_0057313_edge.png,"tf.Tensor(5.037, shape=(), dtype=float32)",4.688499,0.00450611487030983
/tmp/DataSetCombined/Edges/Round-7_0030314_edge.png,"tf.Tensor(1.881, shape=(), dtype=float32)",1.9071715,0.00450611487030983
/tmp/DataSetCombined/Edges/Round-8_0043548_edge.png,"tf.Tensor(4.966, shape=(), dtype=float32)",4.5959916,0.00450611487030983
/tmp/DataSetCombined/Edges/Round-10_0151494_edge.png,"tf.Tensor(2.455, shape=(), dtype=float32)",2.4767966,0.00450611487030983
/tmp/DataSetCombined/Edges/Round-6_0042081_edge.png,"tf.Tensor(5.561, shape=(), dtype=float32)",5.1973047,0.00450611487030983
/tmp/DataSetCombined/Edges/Round-7_0116098_edge.png,"tf.Tensor(3.544, shape=(), dtype=float32)",3.3825045,0.00450611487030983
/tmp/DataSetCombined/Edges/Round-8_0083912_edge.png,"tf.Tensor(4.262, shape=(), dtype=float32)",3.9764018,0.00450611487030983
/tmp/DataSetCombined/Edges/Round-4_0009785_edge.png,"tf.Tensor(1.989, shape=(), dtype=float32)",2.0815141,0.00450611487030983
/tmp/DataSetCombined/Edges/Round-9_0145025_edge.png,"tf.Tensor(4.927, shape=(), dtype=float32)",4.624874,0.00450611487030983
/tmp/DataSetCombined/Edges/Round-9_0128830_edge.png,"tf.Tensor(5.598, shape=(), dtype=float32)",5.221797,0.00450611487030983
/tmp/DataSetCombined/Edges/Round-9_0058276_edge.png,"tf.Tensor(5.342, shape=(), dtype=float32)",4.954066,0.00450611487030983
/tmp/DataSetCombined/Edges/Round-9_0063785_edge.png,"tf.Tensor(5.574, shape=(), dtype=float32)",5.2131295,0.00450611487030983
/tmp/DataSetCombined/Edges/Round-5_0094369_edge.png,"tf.Tensor(2.584, shape=(), dtype=float32)",2.6625576,0.00450611487030983
/tmp/DataSetCombined/Edges/Round-2_0074034_edge.png,"tf.Tensor(1.937, shape=(), dtype=float32)",2.0432506,0.00450611487030983
/tmp/DataSetCombined/Edges/Round-4_0039554_edge.png,"tf.Tensor(5.479, shape=(), dtype=float32)",5.1322517,0.00450611487030983
/tmp/DataSetCombined/Edges/Round-7_0104991_edge.png,"tf.Tensor(5.523, shape=(), dtype=float32)",5.188719,0.00450611487030983
/tmp/DataSetCombined/Edges/Round-7_0121968_edge.png,"tf.Tensor(5.348, shape=(), dtype=float32)",4.9492927,0.00450611487030983
/tmp/DataSetCombined/Edges/Round-10_0059148_edge.png,"tf.Tensor(3.159, shape=(), dtype=float32)",3.0933785,0.00450611487030983
/tmp/DataSetCombined/Edges/Round-9_0105895_edge.png,"tf.Tensor(2.471, shape=(), dtype=float32)",2.6320992,0.00450611487030983
/tmp/DataSetCombined/Edges/Round-4_0057132_edge.png,"tf.Tensor(2.515, shape=(), dtype=float32)",2.6028445,0.00450611487030983
/tmp/DataSetCombined/Edges/Round-8_0050622_edge.png,"tf.Tensor(3.107, shape=(), dtype=float32)",2.9878974,0.00450611487030983
/tmp/DataSetCombined/Edges/Round-9_0136054_edge.png,"tf.Tensor(4.357, shape=(), dtype=float32)",4.0648046,0.00450611487030983
/tmp/DataSetCombined/Edges/Round-1_0136782_edge.png,"tf.Tensor(2.025, shape=(), dtype=float32)",2.1546922,0.00450611487030983
/tmp/DataSetCombined/Edges/Round-10_0019327_edge.png,"tf.Tensor(2.247, shape=(), dtype=float32)",2.3211374,0.00450611487030983
/tmp/DataSetCombined/Edges/Round-10_0146768_edge.png,"tf.Tensor(2.495, shape=(), dtype=float32)",2.6166356,0.00450611487030983
/tmp/DataSetCombined/Edges/Round-8_0038552_edge.png,"tf.Tensor(2.549, shape=(), dtype=float32)",2.6045554,0.00450611487030983
/tmp/DataSetCombined/Edges/Round-8_0029355_edge.png,"tf.Tensor(5.68, shape=(), dtype=float32)",5.27142,0.00450611487030983
/tmp/DataSetCombined/Edges/Round-10_0181473_edge.png,"tf.Tensor(1.988, shape=(), dtype=float32)",2.1031287,0.00450611487030983
/tmp/DataSetCombined/Edges/Round-8_0020733_edge.png,"tf.Tensor(3.674, shape=(), dtype=float32)",3.5931368,0.00450611487030983
/tmp/DataSetCombined/Edges/Round-4_0045514_edge.png,"tf.Tensor(5.444, shape=(), dtype=float32)",5.119736,0.00450611487030983
/tmp/DataSetCombined/Edges/Round-10_0040426_edge.png,"tf.Tensor(5.153, shape=(), dtype=float32)",4.739796,0.00450611487030983
/tmp/DataSetCombined/Edges/Round-6_0048432_edge.png,"tf.Tensor(5.568, shape=(), dtype=float32)",5.229219,0.00450611487030983
/tmp/DataSetCombined/Edges/Round-10_0024564_edge.png,"tf.Tensor(2.399, shape=(), dtype=float32)",2.5017684,0.00450611487030983
/tmp/DataSetCombined/Edges/Round-8_0011865_edge.png,"tf.Tensor(3.163, shape=(), dtype=float32)",3.102356,0.00450611487030983
/tmp/DataSetCombined/Edges/Round-7_0006686_edge.png,"tf.Tensor(5.601, shape=(), dtype=float32)",5.2356772,0.00450611487030983
/tmp/DataSetCombined/Edges/Round-5_0073420_edge.png,"tf.Tensor(5.053, shape=(), dtype=float32)",4.694754,0.00450611487030983
/tmp/DataSetCombined/Edges/Round-3_0041419_edge.png,"tf.Tensor(4.622, shape=(), dtype=float32)",4.3660536,0.00450611487030983
/tmp/DataSetCombined/Edges/Round-10_0132080_edge.png,"tf.Tensor(5.343, shape=(), dtype=float32)",4.956174,0.00450611487030983
/tmp/DataSetCombined/Edges/Round-1_0142681_edge.png,"tf.Tensor(5.559, shape=(), dtype=float32)",5.171448,0.00450611487030983
/tmp/DataSetCombined/Edges/Round-9_0167659_edge.png,"tf.Tensor(4.775, shape=(), dtype=float32)",4.4792204,0.00450611487030983
/tmp/DataSetCombined/Edges/Round-8_0019138_edge.png,"tf.Tensor(5.534, shape=(), dtype=float32)",5.2006383,0.00450611487030983
/tmp/DataSetCombined/Edges/Round-6_0108872_edge.png,"tf.Tensor(5.501, shape=(), dtype=float32)",5.2164135,0.00450611487030983
/tmp/DataSetCombined/Edges/Round-5_0055179_edge.png,"tf.Tensor(5.344, shape=(), dtype=float32)",4.960623,0.00450611487030983
/tmp/DataSetCombined/Edges/Round-9_0038803_edge.png,"tf.Tensor(2.116, shape=(), dtype=float32)",2.2264285,0.00450611487030983
/tmp/DataSetCombined/Edges/Round-7_0098189_edge.png,"tf.Tensor(3.47, shape=(), dtype=float32)",3.4131055,0.00450611487030983
/tmp/DataSetCombined/Edges/Round-10_0024143_edge.png,"tf.Tensor(5.563, shape=(), dtype=float32)",5.1869273,0.00450611487030983
/tmp/DataSetCombined/Edges/Round-10_0148304_edge.png,"tf.Tensor(4.415, shape=(), dtype=float32)",4.184749,0.00450611487030983
/tmp/DataSetCombined/Edges/Round-6_0030914_edge.png,"tf.Tensor(5.59, shape=(), dtype=float32)",5.199272,0.00450611487030983
/tmp/DataSetCombined/Edges/Round-9_0118717_edge.png,"tf.Tensor(3.231, shape=(), dtype=float32)",3.234526,0.00450611487030983
/tmp/DataSetCombined/Edges/Round-4_0068389_edge.png,"tf.Tensor(1.969, shape=(), dtype=float32)",2.0008621,0.005159992724657059
/tmp/DataSetCombined/Edges/Round-1_0089671_edge.png,"tf.Tensor(2.57, shape=(), dtype=float32)",2.58373,0.005159992724657059
/tmp/DataSetCombined/Edges/Round-3_0014540_edge.png,"tf.Tensor(5.368, shape=(), dtype=float32)",5.0796633,0.005159992724657059
/tmp/DataSetCombined/Edges/Round-1_0120102_edge.png,"tf.Tensor(5.138, shape=(), dtype=float32)",4.813287,0.005159992724657059
/tmp/DataSetCombined/Edges/Round-6_0131567_edge.png,"tf.Tensor(3.385, shape=(), dtype=float32)",3.3438854,0.005159992724657059
/tmp/DataSetCombined/Edges/Round-6_0030824_edge.png,"tf.Tensor(5.228, shape=(), dtype=float32)",4.969407,0.005159992724657059
/tmp/DataSetCombined/Edges/Round-8_0053090_edge.png,"tf.Tensor(5.128, shape=(), dtype=float32)",4.736632,0.005159992724657059
/tmp/DataSetCombined/Edges/Round-1_0125551_edge.png,"tf.Tensor(2.118, shape=(), dtype=float32)",2.2301743,0.005159992724657059
/tmp/DataSetCombined/Edges/Round-3_0012734_edge.png,"tf.Tensor(3.56, shape=(), dtype=float32)",3.4989922,0.005159992724657059
/tmp/DataSetCombined/Edges/Round-3_0080940_edge.png,"tf.Tensor(2.623, shape=(), dtype=float32)",2.7225091,0.005159992724657059
/tmp/DataSetCombined/Edges/Round-7_0127084_edge.png,"tf.Tensor(4.486, shape=(), dtype=float32)",4.1773257,0.005159992724657059
/tmp/DataSetCombined/Edges/Round-10_0048373_edge.png,"tf.Tensor(2.554, shape=(), dtype=float32)",2.6540456,0.005159992724657059
/tmp/DataSetCombined/Edges/Round-8_0040221_edge.png,"tf.Tensor(4.949, shape=(), dtype=float32)",4.6004286,0.005159992724657059
/tmp/DataSetCombined/Edges/Round-10_0138972_edge.png,"tf.Tensor(5.341, shape=(), dtype=float32)",4.951999,0.005159992724657059
/tmp/DataSetCombined/Edges/Round-10_0128829_edge.png,"tf.Tensor(3.782, shape=(), dtype=float32)",3.6948311,0.005159992724657059
/tmp/DataSetCombined/Edges/Round-8_0020884_edge.png,"tf.Tensor(4.954, shape=(), dtype=float32)",4.5873733,0.005159992724657059
/tmp/DataSetCombined/Edges/Round-2_0034800_edge.png,"tf.Tensor(5.034, shape=(), dtype=float32)",4.6878743,0.005159992724657059
/tmp/DataSetCombined/Edges/Round-10_0104659_edge.png,"tf.Tensor(4.443, shape=(), dtype=float32)",4.2050104,0.005159992724657059
/tmp/DataSetCombined/Edges/Round-6_0079375_edge.png,"tf.Tensor(2.175, shape=(), dtype=float32)",2.313582,0.005159992724657059
/tmp/DataSetCombined/Edges/Round-10_0124977_edge.png,"tf.Tensor(1.898, shape=(), dtype=float32)",1.9451666,0.005159992724657059
/tmp/DataSetCombined/Edges/Round-10_0127866_edge.png,"tf.Tensor(3.262, shape=(), dtype=float32)",3.1887505,0.005159992724657059
/tmp/DataSetCombined/Edges/Round-6_0056018_edge.png,"tf.Tensor(1.949, shape=(), dtype=float32)",2.0700638,0.005159992724657059
/tmp/DataSetCombined/Edges/Round-10_0117983_edge.png,"tf.Tensor(5.521, shape=(), dtype=float32)",5.184631,0.005159992724657059
/tmp/DataSetCombined/Edges/Round-10_0014631_edge.png,"tf.Tensor(2.233, shape=(), dtype=float32)",2.347843,0.005159992724657059
/tmp/DataSetCombined/Edges/Round-4_0084463_edge.png,"tf.Tensor(3.631, shape=(), dtype=float32)",3.5085864,0.005159992724657059
/tmp/DataSetCombined/Edges/Round-1_0140509_edge.png,"tf.Tensor(5.485, shape=(), dtype=float32)",5.1282697,0.005159992724657059
/tmp/DataSetCombined/Edges/Round-5_0093075_edge.png,"tf.Tensor(5.098, shape=(), dtype=float32)",4.7529883,0.005159992724657059
/tmp/DataSetCombined/Edges/Round-9_0144905_edge.png,"tf.Tensor(2.848, shape=(), dtype=float32)",2.8922222,0.005159992724657059
/tmp/DataSetCombined/Edges/Round-7_0002652_edge.png,"tf.Tensor(2.507, shape=(), dtype=float32)",2.5701575,0.005159992724657059
/tmp/DataSetCombined/Edges/Round-4_0024384_edge.png,"tf.Tensor(4.265, shape=(), dtype=float32)",3.9814963,0.005159992724657059
/tmp/DataSetCombined/Edges/Round-8_0026542_edge.png,"tf.Tensor(5.139, shape=(), dtype=float32)",4.909708,0.005159992724657059
/tmp/DataSetCombined/Edges/Round-9_0160194_edge.png,"tf.Tensor(4.13, shape=(), dtype=float32)",3.973321,0.005159992724657059
/tmp/DataSetCombined/Edges/Round-8_0061970_edge.png,"tf.Tensor(4.265, shape=(), dtype=float32)",3.983743,0.005159992724657059
/tmp/DataSetCombined/Edges/Round-10_0018664_edge.png,"tf.Tensor(5.586, shape=(), dtype=float32)",5.2351375,0.005159992724657059
/tmp/DataSetCombined/Edges/Round-2_0094769_edge.png,"tf.Tensor(4.987, shape=(), dtype=float32)",4.704609,0.005159992724657059
/tmp/DataSetCombined/Edges/Round-8_0040328_edge.png,"tf.Tensor(3.514, shape=(), dtype=float32)",3.4119782,0.005159992724657059
/tmp/DataSetCombined/Edges/Round-10_0055988_edge.png,"tf.Tensor(3.424, shape=(), dtype=float32)",3.3992894,0.005159992724657059
/tmp/DataSetCombined/Edges/Round-9_0163174_edge.png,"tf.Tensor(5.009, shape=(), dtype=float32)",4.7390056,0.005159992724657059
/tmp/DataSetCombined/Edges/Round-7_0066133_edge.png,"tf.Tensor(2.51, shape=(), dtype=float32)",2.5749407,0.005159992724657059
/tmp/DataSetCombined/Edges/Round-8_0038745_edge.png,"tf.Tensor(2.077, shape=(), dtype=float32)",2.1884031,0.005159992724657059
/tmp/DataSetCombined/Edges/Round-9_0133194_edge.png,"tf.Tensor(2.622, shape=(), dtype=float32)",2.6747289,0.005159992724657059
/tmp/DataSetCombined/Edges/Round-9_0093373_edge.png,"tf.Tensor(5.478, shape=(), dtype=float32)",5.122304,0.005159992724657059
/tmp/DataSetCombined/Edges/Round-7_0114894_edge.png,"tf.Tensor(3.709, shape=(), dtype=float32)",3.6411016,0.005159992724657059
/tmp/DataSetCombined/Edges/Round-9_0190203_edge.png,"tf.Tensor(5.107, shape=(), dtype=float32)",4.758334,0.005159992724657059
/tmp/DataSetCombined/Edges/Round-10_0170213_edge.png,"tf.Tensor(4.263, shape=(), dtype=float32)",3.9667063,0.005159992724657059
/tmp/DataSetCombined/Edges/Round-2_0054167_edge.png,"tf.Tensor(5.563, shape=(), dtype=float32)",5.173688,0.005159992724657059
/tmp/DataSetCombined/Edges/Round-7_0098430_edge.png,"tf.Tensor(5.445, shape=(), dtype=float32)",5.1271996,0.005159992724657059
/tmp/DataSetCombined/Edges/Round-8_0062722_edge.png,"tf.Tensor(5.518, shape=(), dtype=float32)",5.1936207,0.005159992724657059
/tmp/DataSetCombined/Edges/Round-3_0027367_edge.png,"tf.Tensor(5.566, shape=(), dtype=float32)",5.170852,0.005159992724657059
/tmp/DataSetCombined/Edges/Round-9_0011712_edge.png,"tf.Tensor(5.032, shape=(), dtype=float32)",4.6777205,0.005159992724657059
/tmp/DataSetCombined/Edges/Round-5_0106861_edge.png,"tf.Tensor(4.266, shape=(), dtype=float32)",3.9874897,0.005159992724657059
/tmp/DataSetCombined/Edges/Round-10_0092469_edge.png,"tf.Tensor(3.712, shape=(), dtype=float32)",3.6379578,0.005159992724657059
/tmp/DataSetCombined/Edges/Round-9_0058909_edge.png,"tf.Tensor(4.265, shape=(), dtype=float32)",3.9762,0.005159992724657059
/tmp/DataSetCombined/Edges/Round-5_0019902_edge.png,"tf.Tensor(5.493, shape=(), dtype=float32)",5.154725,0.005159992724657059
/tmp/DataSetCombined/Edges/Round-2_0103619_edge.png,"tf.Tensor(4.751, shape=(), dtype=float32)",4.494117,0.005159992724657059
/tmp/DataSetCombined/Edges/Round-4_0075132_edge.png,"tf.Tensor(2.225, shape=(), dtype=float32)",2.3563952,0.005159992724657059
/tmp/DataSetCombined/Edges/Round-7_0087563_edge.png,"tf.Tensor(3.313, shape=(), dtype=float32)",3.2097473,0.005159992724657059
/tmp/DataSetCombined/Edges/Round-8_0083641_edge.png,"tf.Tensor(2.972, shape=(), dtype=float32)",2.9503353,0.005159992724657059
/tmp/DataSetCombined/Edges/Round-9_0087867_edge.png,"tf.Tensor(5.346, shape=(), dtype=float32)",4.9568567,0.005159992724657059
/tmp/DataSetCombined/Edges/Round-3_0071940_edge.png,"tf.Tensor(5.113, shape=(), dtype=float32)",4.78929,0.005159992724657059
/tmp/DataSetCombined/Edges/Round-8_0009849_edge.png,"tf.Tensor(4.665, shape=(), dtype=float32)",4.363473,0.005159992724657059
/tmp/DataSetCombined/Edges/Round-10_0021313_edge.png,"tf.Tensor(5.472, shape=(), dtype=float32)",5.111492,0.005159992724657059
/tmp/DataSetCombined/Edges/Round-10_0136836_edge.png,"tf.Tensor(4.959, shape=(), dtype=float32)",4.599839,0.005159992724657059
/tmp/DataSetCombined/Edges/Round-1_0080550_edge.png,"tf.Tensor(5.561, shape=(), dtype=float32)",5.175158,0.005159992724657059
/tmp/DataSetCombined/Edges/Round-1_0050964_edge.png,"tf.Tensor(5.593, shape=(), dtype=float32)",5.188536,0.004619866609573364
/tmp/DataSetCombined/Edges/Round-10_0188065_edge.png,"tf.Tensor(5.35, shape=(), dtype=float32)",5.054596,0.004619866609573364
/tmp/DataSetCombined/Edges/Round-4_0072453_edge.png,"tf.Tensor(5.629, shape=(), dtype=float32)",5.2427135,0.004619866609573364
/tmp/DataSetCombined/Edges/Round-10_0042714_edge.png,"tf.Tensor(4.394, shape=(), dtype=float32)",4.0995793,0.004619866609573364
/tmp/DataSetCombined/Edges/Round-1_0008001_edge.png,"tf.Tensor(3.346, shape=(), dtype=float32)",3.176058,0.004619866609573364
/tmp/DataSetCombined/Edges/Round-10_0189301_edge.png,"tf.Tensor(5.57, shape=(), dtype=float32)",5.2222505,0.004619866609573364
/tmp/DataSetCombined/Edges/Round-7_0021675_edge.png,"tf.Tensor(4.978, shape=(), dtype=float32)",4.613257,0.004619866609573364
/tmp/DataSetCombined/Edges/Round-2_0036600_edge.png,"tf.Tensor(2.624, shape=(), dtype=float32)",2.6783743,0.004619866609573364
/tmp/DataSetCombined/Edges/Round-1_0099423_edge.png,"tf.Tensor(2.58, shape=(), dtype=float32)",2.6583424,0.004619866609573364
/tmp/DataSetCombined/Edges/Round-1_0108302_edge.png,"tf.Tensor(5.556, shape=(), dtype=float32)",5.220503,0.004619866609573364
/tmp/DataSetCombined/Edges/Round-10_0113568_edge.png,"tf.Tensor(2.263, shape=(), dtype=float32)",2.3810604,0.004619866609573364
/tmp/DataSetCombined/Edges/Round-4_0016558_edge.png,"tf.Tensor(5.518, shape=(), dtype=float32)",5.18565,0.004619866609573364
/tmp/DataSetCombined/Edges/Round-10_0105592_edge.png,"tf.Tensor(2.899, shape=(), dtype=float32)",2.9164133,0.004619866609573364
/tmp/DataSetCombined/Edges/Round-8_0049822_edge.png,"tf.Tensor(5.518, shape=(), dtype=float32)",5.175975,0.004619866609573364
/tmp/DataSetCombined/Edges/Round-1_0064434_edge.png,"tf.Tensor(5.544, shape=(), dtype=float32)",5.2029014,0.004619866609573364
/tmp/DataSetCombined/Edges/Round-1_0036634_edge.png,"tf.Tensor(5.569, shape=(), dtype=float32)",5.2212877,0.004619866609573364
/tmp/DataSetCombined/Edges/Round-9_0118506_edge.png,"tf.Tensor(3.954, shape=(), dtype=float32)",3.8061671,0.004619866609573364
/tmp/DataSetCombined/Edges/Round-10_0073596_edge.png,"tf.Tensor(2.482, shape=(), dtype=float32)",2.4839406,0.004619866609573364
/tmp/DataSetCombined/Edges/Round-4_0056380_edge.png,"tf.Tensor(2.379, shape=(), dtype=float32)",2.4359455,0.004619866609573364
/tmp/DataSetCombined/Edges/Round-8_0038384_edge.png,"tf.Tensor(5.64, shape=(), dtype=float32)",5.2363887,0.004619866609573364
/tmp/DataSetCombined/Edges/Round-2_0067770_edge.png,"tf.Tensor(5.517, shape=(), dtype=float32)",5.173822,0.004619866609573364
/tmp/DataSetCombined/Edges/Round-9_0123683_edge.png,"tf.Tensor(3.144, shape=(), dtype=float32)",3.1592252,0.004619866609573364
/tmp/DataSetCombined/Edges/Round-9_0101289_edge.png,"tf.Tensor(5.44, shape=(), dtype=float32)",5.117646,0.004619866609573364
/tmp/DataSetCombined/Edges/Round-9_0056621_edge.png,"tf.Tensor(5.032, shape=(), dtype=float32)",4.68143,0.004619866609573364
/tmp/DataSetCombined/Edges/Round-9_0113918_edge.png,"tf.Tensor(3.433, shape=(), dtype=float32)",3.388297,0.004619866609573364
/tmp/DataSetCombined/Edges/Round-5_0025772_edge.png,"tf.Tensor(4.597, shape=(), dtype=float32)",4.3433113,0.004619866609573364
/tmp/DataSetCombined/Edges/Round-8_0010902_edge.png,"tf.Tensor(5.638, shape=(), dtype=float32)",5.251936,0.004619866609573364
/tmp/DataSetCombined/Edges/Round-4_0043979_edge.png,"tf.Tensor(2.392, shape=(), dtype=float32)",2.4577477,0.004619866609573364
/tmp/DataSetCombined/Edges/Round-1_0053461_edge.png,"tf.Tensor(5.223, shape=(), dtype=float32)",4.808141,0.004619866609573364
/tmp/DataSetCombined/Edges/Round-2_0051767_edge.png,"tf.Tensor(4.329, shape=(), dtype=float32)",4.0966067,0.004619866609573364
/tmp/DataSetCombined/Edges/Round-6_0051894_edge.png,"tf.Tensor(1.901, shape=(), dtype=float32)",1.9822755,0.004619866609573364
/tmp/DataSetCombined/Edges/Round-3_0056619_edge.png,"tf.Tensor(2.711, shape=(), dtype=float32)",2.7771513,0.004619866609573364
/tmp/DataSetCombined/Edges/Round-8_0017693_edge.png,"tf.Tensor(5.223, shape=(), dtype=float32)",4.8064556,0.004619866609573364
/tmp/DataSetCombined/Edges/Round-5_0040280_edge.png,"tf.Tensor(5.216, shape=(), dtype=float32)",4.804983,0.004619866609573364
/tmp/DataSetCombined/Edges/Round-10_0003334_edge.png,"tf.Tensor(3.512, shape=(), dtype=float32)",3.3733225,0.004619866609573364
/tmp/DataSetCombined/Edges/Round-9_0072363_edge.png,"tf.Tensor(2.822, shape=(), dtype=float32)",2.7880816,0.004619866609573364
/tmp/DataSetCombined/Edges/Round-5_0069414_edge.png,"tf.Tensor(5.61, shape=(), dtype=float32)",5.2052426,0.004619866609573364
/tmp/DataSetCombined/Edges/Round-5_0013220_edge.png,"tf.Tensor(5.035, shape=(), dtype=float32)",4.6777205,0.004619866609573364
/tmp/DataSetCombined/Edges/Round-7_0016829_edge.png,"tf.Tensor(1.877, shape=(), dtype=float32)",1.8885858,0.004619866609573364
/tmp/DataSetCombined/Edges/Round-7_0119168_edge.png,"tf.Tensor(2.702, shape=(), dtype=float32)",2.694237,0.004619866609573364
/tmp/DataSetCombined/Edges/Round-5_0089734_edge.png,"tf.Tensor(3.909, shape=(), dtype=float32)",3.752164,0.004619866609573364
/tmp/DataSetCombined/Edges/Round-8_0035915_edge.png,"tf.Tensor(1.851, shape=(), dtype=float32)",1.9405675,0.004619866609573364
/tmp/DataSetCombined/Edges/Round-9_0010448_edge.png,"tf.Tensor(5.05, shape=(), dtype=float32)",4.7091517,0.004619866609573364
/tmp/DataSetCombined/Edges/Round-10_0128076_edge.png,"tf.Tensor(1.94, shape=(), dtype=float32)",2.0609922,0.004619866609573364
/tmp/DataSetCombined/Edges/Round-5_0107691_edge.png,"tf.Tensor(2.772, shape=(), dtype=float32)",2.8449993,0.004619866609573364
/tmp/DataSetCombined/Edges/Round-1_0042667_edge.png,"tf.Tensor(1.479, shape=(), dtype=float32)",1.5092499,0.004619866609573364
/tmp/DataSetCombined/Edges/Round-9_0021224_edge.png,"tf.Tensor(2.665, shape=(), dtype=float32)",2.718971,0.004619866609573364
/tmp/DataSetCombined/Edges/Round-8_0067731_edge.png,"tf.Tensor(4.534, shape=(), dtype=float32)",4.2355866,0.004619866609573364
/tmp/DataSetCombined/Edges/Round-3_0071308_edge.png,"tf.Tensor(4.666, shape=(), dtype=float32)",4.404379,0.004619866609573364
/tmp/DataSetCombined/Edges/Round-6_0037477_edge.png,"tf.Tensor(4.627, shape=(), dtype=float32)",4.3683343,0.004619866609573364
/tmp/DataSetCombined/Edges/Round-7_0083952_edge.png,"tf.Tensor(2.988, shape=(), dtype=float32)",2.9661372,0.004619866609573364
/tmp/DataSetCombined/Edges/Round-9_0051956_edge.png,"tf.Tensor(3.218, shape=(), dtype=float32)",3.1421778,0.004619866609573364
/tmp/DataSetCombined/Edges/Round-7_0107490_edge.png,"tf.Tensor(5.004, shape=(), dtype=float32)",4.6500955,0.004619866609573364
/tmp/DataSetCombined/Edges/Round-5_0011294_edge.png,"tf.Tensor(5.032, shape=(), dtype=float32)",4.685829,0.004619866609573364
/tmp/DataSetCombined/Edges/Round-8_0012257_edge.png,"tf.Tensor(2.401, shape=(), dtype=float32)",2.503504,0.004619866609573364
/tmp/DataSetCombined/Edges/Round-10_0009545_edge.png,"tf.Tensor(3.499, shape=(), dtype=float32)",3.3681343,0.004619866609573364
/tmp/DataSetCombined/Edges/Round-2_0097658_edge.png,"tf.Tensor(2.054, shape=(), dtype=float32)",2.0996635,0.004619866609573364
/tmp/DataSetCombined/Edges/Round-4_0064788_edge.png,"tf.Tensor(4.731, shape=(), dtype=float32)",4.419872,0.004619866609573364
/tmp/DataSetCombined/Edges/Round-4_0023717_edge.png,"tf.Tensor(2.371, shape=(), dtype=float32)",2.4793813,0.004619866609573364
/tmp/DataSetCombined/Edges/Round-2_0107034_edge.png,"tf.Tensor(4.809, shape=(), dtype=float32)",4.5402465,0.004619866609573364
/tmp/DataSetCombined/Edges/Round-10_0151795_edge.png,"tf.Tensor(3.8, shape=(), dtype=float32)",3.6331286,0.004619866609573364
/tmp/DataSetCombined/Edges/Round-8_0016651_edge.png,"tf.Tensor(5.444, shape=(), dtype=float32)",5.1336136,0.004619866609573364
/tmp/DataSetCombined/Edges/Round-7_0063062_edge.png,"tf.Tensor(2.462, shape=(), dtype=float32)",2.4752073,0.004619866609573364
/tmp/DataSetCombined/Edges/Round-8_0061759_edge.png,"tf.Tensor(1.834, shape=(), dtype=float32)",1.9032505,0.004619866609573364
/tmp/DataSetCombined/Edges/Round-9_0152347_edge.png,"tf.Tensor(2.687, shape=(), dtype=float32)",2.760134,0.004528313875198364
/tmp/DataSetCombined/Edges/Round-4_0084523_edge.png,"tf.Tensor(2.097, shape=(), dtype=float32)",2.147617,0.004528313875198364
/tmp/DataSetCombined/Edges/Round-3_0023967_edge.png,"tf.Tensor(3.67, shape=(), dtype=float32)",3.4909024,0.004528313875198364
/tmp/DataSetCombined/Edges/Round-1_0151826_edge.png,"tf.Tensor(3.252, shape=(), dtype=float32)",3.2274625,0.004528313875198364
/tmp/DataSetCombined/Edges/Round-9_0154506_edge.png,"tf.Tensor(5.67, shape=(), dtype=float32)",5.264144,0.004528313875198364
/tmp/DataSetCombined/Edges/Round-5_0015990_edge.png,"tf.Tensor(5.567, shape=(), dtype=float32)",5.2249107,0.004528313875198364
/tmp/DataSetCombined/Edges/Round-1_0083952_edge.png,"tf.Tensor(5.213, shape=(), dtype=float32)",5.014071,0.004528313875198364
/tmp/DataSetCombined/Edges/Round-5_0002697_edge.png,"tf.Tensor(4.354, shape=(), dtype=float32)",4.0738974,0.004528313875198364
/tmp/DataSetCombined/Edges/Round-10_0121692_edge.png,"tf.Tensor(3.212, shape=(), dtype=float32)",3.2285097,0.004528313875198364
/tmp/DataSetCombined/Edges/Round-9_0178224_edge.png,"tf.Tensor(3.675, shape=(), dtype=float32)",3.6101074,0.004528313875198364
/tmp/DataSetCombined/Edges/Round-9_0028600_edge.png,"tf.Tensor(5.02, shape=(), dtype=float32)",4.6647434,0.004528313875198364
/tmp/DataSetCombined/Edges/Round-10_0072362_edge.png,"tf.Tensor(2.929, shape=(), dtype=float32)",2.9149082,0.004528313875198364
/tmp/DataSetCombined/Edges/Round-3_0069231_edge.png,"tf.Tensor(5.55, shape=(), dtype=float32)",5.207586,0.004528313875198364
/tmp/DataSetCombined/Edges/Round-9_0191257_edge.png,"tf.Tensor(5.645, shape=(), dtype=float32)",5.217578,0.004528313875198364
/tmp/DataSetCombined/Edges/Round-4_0032872_edge.png,"tf.Tensor(2.053, shape=(), dtype=float32)",2.166062,0.004528313875198364
/tmp/DataSetCombined/Edges/Round-10_0013337_edge.png,"tf.Tensor(5.694, shape=(), dtype=float32)",5.251288,0.004528313875198364
/tmp/DataSetCombined/Edges/Round-1_0167749_edge.png,"tf.Tensor(2.303, shape=(), dtype=float32)",2.4251845,0.004528313875198364
/tmp/DataSetCombined/Edges/Round-3_0057883_edge.png,"tf.Tensor(2.277, shape=(), dtype=float32)",2.4163601,0.004528313875198364
/tmp/DataSetCombined/Edges/Round-10_0039674_edge.png,"tf.Tensor(2.137, shape=(), dtype=float32)",2.2444801,0.004528313875198364
/tmp/DataSetCombined/Edges/Round-2_0058367_edge.png,"tf.Tensor(3.565, shape=(), dtype=float32)",3.5027125,0.004528313875198364
/tmp/DataSetCombined/Edges/Round-8_0066424_edge.png,"tf.Tensor(5.126, shape=(), dtype=float32)",4.741891,0.004528313875198364
/tmp/DataSetCombined/Edges/Round-6_0078532_edge.png,"tf.Tensor(5.446, shape=(), dtype=float32)",5.1342096,0.004528313875198364
/tmp/DataSetCombined/Edges/Round-2_0067168_edge.png,"tf.Tensor(5.576, shape=(), dtype=float32)",5.2171273,0.004528313875198364
/tmp/DataSetCombined/Edges/Round-8_0060266_edge.png,"tf.Tensor(2.783, shape=(), dtype=float32)",2.8074224,0.004528313875198364
/tmp/DataSetCombined/Edges/Round-5_0045337_edge.png,"tf.Tensor(3.303, shape=(), dtype=float32)",3.2663858,0.004528313875198364
/tmp/DataSetCombined/Edges/Round-1_0054301_edge.png,"tf.Tensor(3.329, shape=(), dtype=float32)",3.2115262,0.004528313875198364
/tmp/DataSetCombined/Edges/Round-8_0074402_edge.png,"tf.Tensor(5.659, shape=(), dtype=float32)",5.2380605,0.004528313875198364
/tmp/DataSetCombined/Edges/Round-1_0046334_edge.png,"tf.Tensor(3.458, shape=(), dtype=float32)",3.4303803,0.004528313875198364
/tmp/DataSetCombined/Edges/Round-4_0030675_edge.png,"tf.Tensor(5.253, shape=(), dtype=float32)",4.965087,0.004528313875198364
/tmp/DataSetCombined/Edges/Round-7_0029230_edge.png,"tf.Tensor(1.937, shape=(), dtype=float32)",2.0599554,0.004528313875198364
/tmp/DataSetCombined/Edges/Round-9_0085126_edge.png,"tf.Tensor(2.008, shape=(), dtype=float32)",2.1429074,0.004528313875198364
/tmp/DataSetCombined/Edges/Round-2_0051667_edge.png,"tf.Tensor(3.373, shape=(), dtype=float32)",3.353816,0.004528313875198364
/tmp/DataSetCombined/Edges/Round-6_0067546_edge.png,"tf.Tensor(2.43, shape=(), dtype=float32)",2.491762,0.004528313875198364
/tmp/DataSetCombined/Edges/Round-8_0022087_edge.png,"tf.Tensor(4.966, shape=(), dtype=float32)",4.6035047,0.004528313875198364
/tmp/DataSetCombined/Edges/Round-1_0020667_edge.png,"tf.Tensor(5.656, shape=(), dtype=float32)",5.218914,0.004528313875198364
/tmp/DataSetCombined/Edges/Round-9_0006325_edge.png,"tf.Tensor(3.174, shape=(), dtype=float32)",3.0971427,0.004528313875198364
/tmp/DataSetCombined/Edges/Round-9_0183491_edge.png,"tf.Tensor(5.156, shape=(), dtype=float32)",4.7274776,0.004528313875198364
/tmp/DataSetCombined/Edges/Round-8_0022268_edge.png,"tf.Tensor(3.62, shape=(), dtype=float32)",3.5115967,0.004528313875198364
/tmp/DataSetCombined/Edges/Round-10_0005516_edge.png,"tf.Tensor(3.657, shape=(), dtype=float32)",3.5445902,0.004528313875198364
/tmp/DataSetCombined/Edges/Round-5_0039829_edge.png,"tf.Tensor(2.849, shape=(), dtype=float32)",2.8640962,0.004528313875198364
/tmp/DataSetCombined/Edges/Round-3_0063060_edge.png,"tf.Tensor(2.891, shape=(), dtype=float32)",2.8099022,0.004528313875198364
/tmp/DataSetCombined/Edges/Round-10_0067155_edge.png,"tf.Tensor(5.573, shape=(), dtype=float32)",5.2207923,0.004528313875198364
/tmp/DataSetCombined/Edges/Round-1_0040334_edge.png,"tf.Tensor(5.035, shape=(), dtype=float32)",4.6815233,0.004528313875198364
/tmp/DataSetCombined/Edges/Round-9_0039976_edge.png,"tf.Tensor(5.225, shape=(), dtype=float32)",4.8273273,0.004528313875198364
/tmp/DataSetCombined/Edges/Round-3_0078351_edge.png,"tf.Tensor(1.959, shape=(), dtype=float32)",2.0789516,0.004528313875198364
/tmp/DataSetCombined/Edges/Round-8_0010270_edge.png,"tf.Tensor(3.197, shape=(), dtype=float32)",3.0571427,0.004528313875198364
/tmp/DataSetCombined/Edges/Round-8_0017753_edge.png,"tf.Tensor(4.938, shape=(), dtype=float32)",4.5955806,0.004528313875198364
/tmp/DataSetCombined/Edges/Round-5_0074593_edge.png,"tf.Tensor(2.653, shape=(), dtype=float32)",2.7576256,0.004528313875198364
/tmp/DataSetCombined/Edges/Round-9_0108031_edge.png,"tf.Tensor(4.745, shape=(), dtype=float32)",4.4393363,0.004528313875198364
/tmp/DataSetCombined/Edges/Round-4_0044731_edge.png,"tf.Tensor(1.937, shape=(), dtype=float32)",2.073012,0.004528313875198364
/tmp/DataSetCombined/Edges/Round-4_0045016_edge.png,"tf.Tensor(4.537, shape=(), dtype=float32)",4.2753153,0.004528313875198364
/tmp/DataSetCombined/Edges/Round-5_0008404_edge.png,"tf.Tensor(4.109, shape=(), dtype=float32)",4.0162654,0.004528313875198364
/tmp/DataSetCombined/Edges/Round-8_0026283_edge.png,"tf.Tensor(3.738, shape=(), dtype=float32)",3.5966702,0.004528313875198364
/tmp/DataSetCombined/Edges/Round-10_0052526_edge.png,"tf.Tensor(2.918, shape=(), dtype=float32)",2.9790316,0.004528313875198364
/tmp/DataSetCombined/Edges/Round-2_0095131_edge.png,"tf.Tensor(5.518, shape=(), dtype=float32)",5.1840487,0.004528313875198364
/tmp/DataSetCombined/Edges/Round-7_0091597_edge.png,"tf.Tensor(3.148, shape=(), dtype=float32)",3.1235492,0.004528313875198364
/tmp/DataSetCombined/Edges/Round-2_0081465_edge.png,"tf.Tensor(5.079, shape=(), dtype=float32)",4.7168975,0.004528313875198364
/tmp/DataSetCombined/Edges/Round-5_0001485_edge.png,"tf.Tensor(5.463, shape=(), dtype=float32)",5.136771,0.004528313875198364
/tmp/DataSetCombined/Edges/Round-4_0018876_edge.png,"tf.Tensor(2.602, shape=(), dtype=float32)",2.683134,0.004528313875198364
/tmp/DataSetCombined/Edges/Round-6_0112822_edge.png,"tf.Tensor(2.64, shape=(), dtype=float32)",2.7406828,0.004528313875198364
/tmp/DataSetCombined/Edges/Round-2_0052734_edge.png,"tf.Tensor(4.96, shape=(), dtype=float32)",4.5910406,0.004528313875198364
/tmp/DataSetCombined/Edges/Round-1_0113359_edge.png,"tf.Tensor(5.517, shape=(), dtype=float32)",5.179177,0.004528313875198364
/tmp/DataSetCombined/Edges/Round-7_0088015_edge.png,"tf.Tensor(5.59, shape=(), dtype=float32)",5.2402177,0.004528313875198364
/tmp/DataSetCombined/Edges/Round-10_0144722_edge.png,"tf.Tensor(2.819, shape=(), dtype=float32)",2.902436,0.004528313875198364
/tmp/DataSetCombined/Edges/Round-8_0024658_edge.png,"tf.Tensor(3.034, shape=(), dtype=float32)",3.0368652,0.005598276853561401
/tmp/DataSetCombined/Edges/Round-6_0132681_edge.png,"tf.Tensor(5.661, shape=(), dtype=float32)",5.2702136,0.005598276853561401
/tmp/DataSetCombined/Edges/Round-2_0073850_edge.png,"tf.Tensor(4.981, shape=(), dtype=float32)",4.663497,0.005598276853561401
/tmp/DataSetCombined/Edges/Round-4_0009876_edge.png,"tf.Tensor(5.503, shape=(), dtype=float32)",5.1575613,0.005598276853561401
/tmp/DataSetCombined/Edges/Round-1_0137831_edge.png,"tf.Tensor(2.183, shape=(), dtype=float32)",2.329811,0.005598276853561401
/tmp/DataSetCombined/Edges/Round-3_0067966_edge.png,"tf.Tensor(4.954, shape=(), dtype=float32)",4.593869,0.005598276853561401
/tmp/DataSetCombined/Edges/Round-4_0048554_edge.png,"tf.Tensor(5.667, shape=(), dtype=float32)",5.2513,0.005598276853561401
/tmp/DataSetCombined/Edges/Round-2_0071713_edge.png,"tf.Tensor(4.263, shape=(), dtype=float32)",3.9677038,0.005598276853561401
/tmp/DataSetCombined/Edges/Round-10_0036273_edge.png,"tf.Tensor(2.977, shape=(), dtype=float32)",2.8872066,0.005598276853561401
/tmp/DataSetCombined/Edges/Round-5_0073058_edge.png,"tf.Tensor(5.033, shape=(), dtype=float32)",4.693234,0.005598276853561401
/tmp/DataSetCombined/Edges/Round-10_0009935_edge.png,"tf.Tensor(5.143, shape=(), dtype=float32)",4.8218193,0.005598276853561401
/tmp/DataSetCombined/Edges/Round-9_0106226_edge.png,"tf.Tensor(5.342, shape=(), dtype=float32)",4.9519105,0.005598276853561401
/tmp/DataSetCombined/Edges/Round-10_0049817_edge.png,"tf.Tensor(5.638, shape=(), dtype=float32)",5.2315574,0.005598276853561401
/tmp/DataSetCombined/Edges/Round-3_0042292_edge.png,"tf.Tensor(2.786, shape=(), dtype=float32)",2.8268552,0.005598276853561401
/tmp/DataSetCombined/Edges/Round-10_0035460_edge.png,"tf.Tensor(5.212, shape=(), dtype=float32)",4.9312363,0.005598276853561401
/tmp/DataSetCombined/Edges/Round-5_0067310_edge.png,"tf.Tensor(1.93, shape=(), dtype=float32)",2.0424137,0.005598276853561401
/tmp/DataSetCombined/Edges/Round-6_0002879_edge.png,"tf.Tensor(5.077, shape=(), dtype=float32)",4.725567,0.005598276853561401
/tmp/DataSetCombined/Edges/Round-3_0025285_edge.png,"tf.Tensor(2.915, shape=(), dtype=float32)",2.9104488,0.005598276853561401
/tmp/DataSetCombined/Edges/Round-9_0076246_edge.png,"tf.Tensor(5.147, shape=(), dtype=float32)",4.8040185,0.005598276853561401
/tmp/DataSetCombined/Edges/Round-8_0086772_edge.png,"tf.Tensor(5.518, shape=(), dtype=float32)",5.1787095,0.005598276853561401
/tmp/DataSetCombined/Edges/Round-3_0006067_edge.png,"tf.Tensor(5.524, shape=(), dtype=float32)",5.1905074,0.005598276853561401
/tmp/DataSetCombined/Edges/Round-8_0079849_edge.png,"tf.Tensor(3.311, shape=(), dtype=float32)",3.3013515,0.005598276853561401
/tmp/DataSetCombined/Edges/Round-9_0023030_edge.png,"tf.Tensor(2.526, shape=(), dtype=float32)",2.595634,0.005598276853561401
/tmp/DataSetCombined/Edges/Round-10_0083679_edge.png,"tf.Tensor(4.574, shape=(), dtype=float32)",4.2849946,0.005598276853561401
/tmp/DataSetCombined/Edges/Round-10_0184784_edge.png,"tf.Tensor(5.371, shape=(), dtype=float32)",5.0798063,0.005598276853561401
/tmp/DataSetCombined/Edges/Round-8_0075304_edge.png,"tf.Tensor(5.211, shape=(), dtype=float32)",4.793482,0.005598276853561401
/tmp/DataSetCombined/Edges/Round-10_0015865_edge.png,"tf.Tensor(5.645, shape=(), dtype=float32)",5.2781157,0.005598276853561401
/tmp/DataSetCombined/Edges/Round-7_0113449_edge.png,"tf.Tensor(5.561, shape=(), dtype=float32)",5.1692815,0.005598276853561401
/tmp/DataSetCombined/Edges/Round-4_0026400_edge.png,"tf.Tensor(4.391, shape=(), dtype=float32)",4.085988,0.005598276853561401
/tmp/DataSetCombined/Edges/Round-10_0077359_edge.png,"tf.Tensor(2.006, shape=(), dtype=float32)",2.1246712,0.005598276853561401
/tmp/DataSetCombined/Edges/Round-9_0067366_edge.png,"tf.Tensor(4.718, shape=(), dtype=float32)",4.4027224,0.005598276853561401
/tmp/DataSetCombined/Edges/Round-10_0115164_edge.png,"tf.Tensor(2.813, shape=(), dtype=float32)",2.8306818,0.005598276853561401
/tmp/DataSetCombined/Edges/Round-9_0171753_edge.png,"tf.Tensor(5.662, shape=(), dtype=float32)",5.266764,0.005598276853561401
/tmp/DataSetCombined/Edges/Round-8_0080240_edge.png,"tf.Tensor(4.269, shape=(), dtype=float32)",3.9794517,0.005598276853561401
/tmp/DataSetCombined/Edges/Round-4_0023150_edge.png,"tf.Tensor(3.116, shape=(), dtype=float32)",3.1305022,0.005598276853561401
/tmp/DataSetCombined/Edges/Round-10_0007407_edge.png,"tf.Tensor(2.238, shape=(), dtype=float32)",2.3570673,0.005598276853561401
/tmp/DataSetCombined/Edges/Round-8_0083220_edge.png,"tf.Tensor(5.516, shape=(), dtype=float32)",5.1861873,0.005598276853561401
/tmp/DataSetCombined/Edges/Round-8_0012516_edge.png,"tf.Tensor(2.309, shape=(), dtype=float32)",2.4319866,0.005598276853561401
/tmp/DataSetCombined/Edges/Round-5_0078868_edge.png,"tf.Tensor(2.876, shape=(), dtype=float32)",2.8004594,0.005598276853561401
/tmp/DataSetCombined/Edges/Round-5_0079560_edge.png,"tf.Tensor(3.248, shape=(), dtype=float32)",3.0978029,0.005598276853561401
/tmp/DataSetCombined/Edges/Round-8_0043428_edge.png,"tf.Tensor(2.589, shape=(), dtype=float32)",2.6837015,0.005598276853561401
/tmp/DataSetCombined/Edges/Round-3_0076515_edge.png,"tf.Tensor(5.247, shape=(), dtype=float32)",4.9833856,0.005598276853561401
/tmp/DataSetCombined/Edges/Round-5_0069868_edge.png,"tf.Tensor(3.456, shape=(), dtype=float32)",3.3173883,0.005598276853561401
/tmp/DataSetCombined/Edges/Round-7_0079707_edge.png,"tf.Tensor(2.508, shape=(), dtype=float32)",2.5732694,0.005598276853561401
/tmp/DataSetCombined/Edges/Round-6_0124133_edge.png,"tf.Tensor(2.541, shape=(), dtype=float32)",2.5360541,0.005598276853561401
/tmp/DataSetCombined/Edges/Round-2_0085649_edge.png,"tf.Tensor(5.358, shape=(), dtype=float32)",5.068289,0.005598276853561401
/tmp/DataSetCombined/Edges/Round-8_0004209_edge.png,"tf.Tensor(5.59, shape=(), dtype=float32)",5.1844244,0.005598276853561401
/tmp/DataSetCombined/Edges/Round-8_0005323_edge.png,"tf.Tensor(2.632, shape=(), dtype=float32)",2.6837285,0.005598276853561401
/tmp/DataSetCombined/Edges/Round-4_0069804_edge.png,"tf.Tensor(2.138, shape=(), dtype=float32)",2.207531,0.005598276853561401
/tmp/DataSetCombined/Edges/Round-5_0067219_edge.png,"tf.Tensor(5.429, shape=(), dtype=float32)",5.068627,0.005598276853561401
/tmp/DataSetCombined/Edges/Round-10_0105532_edge.png,"tf.Tensor(5.166, shape=(), dtype=float32)",4.745738,0.005598276853561401
/tmp/DataSetCombined/Edges/Round-8_0046781_edge.png,"tf.Tensor(5.609, shape=(), dtype=float32)",5.256859,0.005598276853561401
/tmp/DataSetCombined/Edges/Round-5_0112068_edge.png,"tf.Tensor(5.147, shape=(), dtype=float32)",4.8304305,0.005598276853561401
/tmp/DataSetCombined/Edges/Round-9_0136626_edge.png,"tf.Tensor(5.423, shape=(), dtype=float32)",5.0386033,0.005598276853561401
/tmp/DataSetCombined/Edges/Round-9_0006084_edge.png,"tf.Tensor(2.049, shape=(), dtype=float32)",2.1471984,0.005598276853561401
/tmp/DataSetCombined/Edges/Round-8_0010981_edge.png,"tf.Tensor(5.645, shape=(), dtype=float32)",5.214707,0.005598276853561401
/tmp/DataSetCombined/Edges/Round-5_0104091_edge.png,"tf.Tensor(2.591, shape=(), dtype=float32)",2.6474135,0.005598276853561401
/tmp/DataSetCombined/Edges/Round-5_0112279_edge.png,"tf.Tensor(1.968, shape=(), dtype=float32)",2.080863,0.005598276853561401
/tmp/DataSetCombined/Edges/Round-9_0144753_edge.png,"tf.Tensor(2.091, shape=(), dtype=float32)",2.2065094,0.005598276853561401
/tmp/DataSetCombined/Edges/Round-1_0060734_edge.png,"tf.Tensor(5.664, shape=(), dtype=float32)",5.272209,0.005598276853561401
/tmp/DataSetCombined/Edges/Round-6_0106555_edge.png,"tf.Tensor(4.727, shape=(), dtype=float32)",4.417224,0.005598276853561401
/tmp/DataSetCombined/Edges/Round-6_0133103_edge.png,"tf.Tensor(5.41, shape=(), dtype=float32)",5.016523,0.005598276853561401
/tmp/DataSetCombined/Edges/Round-10_0093823_edge.png,"tf.Tensor(5.035, shape=(), dtype=float32)",4.689445,0.005598276853561401
/tmp/DataSetCombined/Edges/Round-6_0021553_edge.png,"tf.Tensor(5.563, shape=(), dtype=float32)",5.1750574,0.005598276853561401
/tmp/DataSetCombined/Edges/Round-6_0006564_edge.png,"tf.Tensor(5.15, shape=(), dtype=float32)",4.8324547,0.005050688982009888
/tmp/DataSetCombined/Edges/Round-9_0113509_edge.png,"tf.Tensor(3.221, shape=(), dtype=float32)",3.1420991,0.005050688982009888
/tmp/DataSetCombined/Edges/Round-9_0177110_edge.png,"tf.Tensor(5.518, shape=(), dtype=float32)",5.1840487,0.005050688982009888
/tmp/DataSetCombined/Edges/Round-9_0185809_edge.png,"tf.Tensor(4.623, shape=(), dtype=float32)",4.322559,0.005050688982009888
/tmp/DataSetCombined/Edges/Round-10_0015895_edge.png,"tf.Tensor(2.034, shape=(), dtype=float32)",2.1291063,0.005050688982009888
/tmp/DataSetCombined/Edges/Round-6_0088345_edge.png,"tf.Tensor(5.552, shape=(), dtype=float32)",5.158244,0.005050688982009888
/tmp/DataSetCombined/Edges/Round-9_0077540_edge.png,"tf.Tensor(5.655, shape=(), dtype=float32)",5.2257814,0.005050688982009888
/tmp/DataSetCombined/Edges/Round-10_0036062_edge.png,"tf.Tensor(2.728, shape=(), dtype=float32)",2.7759373,0.005050688982009888
/tmp/DataSetCombined/Edges/Round-10_0175363_edge.png,"tf.Tensor(3.447, shape=(), dtype=float32)",3.3170338,0.005050688982009888
/tmp/DataSetCombined/Edges/Round-5_0069356_edge.png,"tf.Tensor(5.518, shape=(), dtype=float32)",5.1932263,0.005050688982009888
/tmp/DataSetCombined/Edges/Round-7_0018455_edge.png,"tf.Tensor(2.52, shape=(), dtype=float32)",2.5367749,0.005050688982009888
/tmp/DataSetCombined/Edges/Round-9_0052437_edge.png,"tf.Tensor(5.031, shape=(), dtype=float32)",4.6782722,0.005050688982009888
/tmp/DataSetCombined/Edges/Round-9_0027124_edge.png,"tf.Tensor(5.444, shape=(), dtype=float32)",5.131968,0.005050688982009888
/tmp/DataSetCombined/Edges/Round-8_0081895_edge.png,"tf.Tensor(5.39, shape=(), dtype=float32)",5.063043,0.005050688982009888
/tmp/DataSetCombined/Edges/Round-10_0141110_edge.png,"tf.Tensor(5.022, shape=(), dtype=float32)",4.6577587,0.005050688982009888
/tmp/DataSetCombined/Edges/Round-1_0031467_edge.png,"tf.Tensor(3.921, shape=(), dtype=float32)",3.8529716,0.005050688982009888
/tmp/DataSetCombined/Edges/Round-4_0057162_edge.png,"tf.Tensor(2.949, shape=(), dtype=float32)",2.9446862,0.005050688982009888
/tmp/DataSetCombined/Edges/Round-1_0146288_edge.png,"tf.Tensor(4.733, shape=(), dtype=float32)",4.4276857,0.005050688982009888
/tmp/DataSetCombined/Edges/Round-10_0144631_edge.png,"tf.Tensor(5.032, shape=(), dtype=float32)",4.6777205,0.005050688982009888
/tmp/DataSetCombined/Edges/Round-8_0028781_edge.png,"tf.Tensor(4.493, shape=(), dtype=float32)",4.1905594,0.005050688982009888
/tmp/DataSetCombined/Edges/Round-5_0058550_edge.png,"tf.Tensor(1.915, shape=(), dtype=float32)",2.0383296,0.005050688982009888
/tmp/DataSetCombined/Edges/Round-4_0021735_edge.png,"tf.Tensor(2.518, shape=(), dtype=float32)",2.5262291,0.005050688982009888
/tmp/DataSetCombined/Edges/Round-6_0069773_edge.png,"tf.Tensor(5.159, shape=(), dtype=float32)",4.7597246,0.005050688982009888
/tmp/DataSetCombined/Edges/Round-10_0167116_edge.png,"tf.Tensor(5.15, shape=(), dtype=float32)",4.9479547,0.005050688982009888
/tmp/DataSetCombined/Edges/Round-4_0078533_edge.png,"tf.Tensor(4.473, shape=(), dtype=float32)",4.163678,0.005050688982009888
/tmp/DataSetCombined/Edges/Round-9_0142044_edge.png,"tf.Tensor(5.581, shape=(), dtype=float32)",5.225056,0.005050688982009888
/tmp/DataSetCombined/Edges/Round-9_0065832_edge.png,"tf.Tensor(4.734, shape=(), dtype=float32)",4.424077,0.005050688982009888
/tmp/DataSetCombined/Edges/Round-1_0125279_edge.png,"tf.Tensor(5.56, shape=(), dtype=float32)",5.1805253,0.005050688982009888
/tmp/DataSetCombined/Edges/Round-3_0079615_edge.png,"tf.Tensor(3.793, shape=(), dtype=float32)",3.7133377,0.005050688982009888
/tmp/DataSetCombined/Edges/Round-8_0000849_edge.png,"tf.Tensor(4.953, shape=(), dtype=float32)",4.583607,0.005050688982009888
/tmp/DataSetCombined/Edges/Round-1_0013434_edge.png,"tf.Tensor(4.6, shape=(), dtype=float32)",4.3227015,0.005050688982009888
/tmp/DataSetCombined/Edges/Round-7_0047862_edge.png,"tf.Tensor(5.517, shape=(), dtype=float32)",5.1712155,0.005050688982009888
/tmp/DataSetCombined/Edges/Round-10_0073807_edge.png,"tf.Tensor(3.334, shape=(), dtype=float32)",3.1551244,0.005050688982009888
/tmp/DataSetCombined/Edges/Round-9_0044401_edge.png,"tf.Tensor(3.032, shape=(), dtype=float32)",3.0221834,0.005050688982009888
/tmp/DataSetCombined/Edges/Round-9_0141472_edge.png,"tf.Tensor(4.263, shape=(), dtype=float32)",3.973596,0.005050688982009888
/tmp/DataSetCombined/Edges/Round-6_0128768_edge.png,"tf.Tensor(5.654, shape=(), dtype=float32)",5.217764,0.005050688982009888
/tmp/DataSetCombined/Edges/Round-1_0051956_edge.png,"tf.Tensor(3.299, shape=(), dtype=float32)",3.2794893,0.005050688982009888
/tmp/DataSetCombined/Edges/Round-8_0051585_edge.png,"tf.Tensor(3.218, shape=(), dtype=float32)",3.2676466,0.005050688982009888
/tmp/DataSetCombined/Edges/Round-6_0101303_edge.png,"tf.Tensor(4.262, shape=(), dtype=float32)",3.9763381,0.005050688982009888
/tmp/DataSetCombined/Edges/Round-6_0039252_edge.png,"tf.Tensor(2.447, shape=(), dtype=float32)",2.549399,0.005050688982009888
/tmp/DataSetCombined/Edges/Round-8_0048485_edge.png,"tf.Tensor(4.263, shape=(), dtype=float32)",3.9794517,0.005050688982009888
/tmp/DataSetCombined/Edges/Round-4_0004067_edge.png,"tf.Tensor(2.89, shape=(), dtype=float32)",2.8881435,0.005050688982009888
/tmp/DataSetCombined/Edges/Round-1_0063601_edge.png,"tf.Tensor(2.136, shape=(), dtype=float32)",2.2457502,0.005050688982009888
/tmp/DataSetCombined/Edges/Round-9_0135542_edge.png,"tf.Tensor(2.072, shape=(), dtype=float32)",2.1581445,0.005050688982009888
/tmp/DataSetCombined/Edges/Round-9_0001304_edge.png,"tf.Tensor(5.621, shape=(), dtype=float32)",5.250266,0.005050688982009888
/tmp/DataSetCombined/Edges/Round-9_0010569_edge.png,"tf.Tensor(3.88, shape=(), dtype=float32)",3.789979,0.005050688982009888
/tmp/DataSetCombined/Edges/Round-9_0116339_edge.png,"tf.Tensor(1.808, shape=(), dtype=float32)",1.8525376,0.005050688982009888
/tmp/DataSetCombined/Edges/Round-2_0111444_edge.png,"tf.Tensor(5.612, shape=(), dtype=float32)",5.2094617,0.005050688982009888
/tmp/DataSetCombined/Edges/Round-2_0065605_edge.png,"tf.Tensor(5.447, shape=(), dtype=float32)",5.1342096,0.005050688982009888
/tmp/DataSetCombined/Edges/Round-8_0046600_edge.png,"tf.Tensor(2.727, shape=(), dtype=float32)",2.7743983,0.005050688982009888
/tmp/DataSetCombined/Edges/Round-3_0044670_edge.png,"tf.Tensor(3.731, shape=(), dtype=float32)",3.5641837,0.005050688982009888
/tmp/DataSetCombined/Edges/Round-10_0018273_edge.png,"tf.Tensor(5.68, shape=(), dtype=float32)",5.2697206,0.005050688982009888
/tmp/DataSetCombined/Edges/Round-5_0101834_edge.png,"tf.Tensor(4.776, shape=(), dtype=float32)",4.4744973,0.005050688982009888
/tmp/DataSetCombined/Edges/Round-7_0094787_edge.png,"tf.Tensor(3.354, shape=(), dtype=float32)",3.3122535,0.005050688982009888
/tmp/DataSetCombined/Edges/Round-8_0062313_edge.png,"tf.Tensor(4.577, shape=(), dtype=float32)",4.3285303,0.005050688982009888
/tmp/DataSetCombined/Edges/Round-3_0075010_edge.png,"tf.Tensor(2.839, shape=(), dtype=float32)",2.867417,0.005050688982009888
/tmp/DataSetCombined/Edges/Round-8_0036927_edge.png,"tf.Tensor(5.486, shape=(), dtype=float32)",5.1334915,0.005050688982009888
/tmp/DataSetCombined/Edges/Round-1_0063801_edge.png,"tf.Tensor(5.155, shape=(), dtype=float32)",4.7461915,0.005050688982009888
/tmp/DataSetCombined/Edges/Round-4_0007077_edge.png,"tf.Tensor(3.537, shape=(), dtype=float32)",3.3780084,0.005050688982009888
/tmp/DataSetCombined/Edges/Round-2_0052600_edge.png,"tf.Tensor(1.986, shape=(), dtype=float32)",2.0675616,0.005050688982009888
/tmp/DataSetCombined/Edges/Round-8_0028541_edge.png,"tf.Tensor(5.036, shape=(), dtype=float32)",4.6834397,0.005050688982009888
/tmp/DataSetCombined/Edges/Round-9_0013910_edge.png,"tf.Tensor(5.443, shape=(), dtype=float32)",5.129352,0.005050688982009888
/tmp/DataSetCombined/Edges/Round-9_0135994_edge.png,"tf.Tensor(2.788, shape=(), dtype=float32)",2.8042002,0.005050688982009888
/tmp/DataSetCombined/Edges/Round-10_0099723_edge.png,"tf.Tensor(4.262, shape=(), dtype=float32)",3.9720538,0.005050688982009888
/tmp/DataSetCombined/Edges/Round-2_0075626_edge.png,"tf.Tensor(5.08, shape=(), dtype=float32)",4.718487,0.005351807922124863
/tmp/DataSetCombined/Edges/Round-7_0015445_edge.png,"tf.Tensor(5.501, shape=(), dtype=float32)",5.179684,0.005351807922124863
/tmp/DataSetCombined/Edges/Round-1_0059501_edge.png,"tf.Tensor(4.956, shape=(), dtype=float32)",4.5857673,0.005351807922124863
/tmp/DataSetCombined/Edges/Round-9_0023964_edge.png,"tf.Tensor(1.664, shape=(), dtype=float32)",1.690875,0.005351807922124863
/tmp/DataSetCombined/Edges/Round-7_0065802_edge.png,"tf.Tensor(3.554, shape=(), dtype=float32)",3.3943276,0.005351807922124863
/tmp/DataSetCombined/Edges/Round-2_0078726_edge.png,"tf.Tensor(2.443, shape=(), dtype=float32)",2.605896,0.005351807922124863
/tmp/DataSetCombined/Edges/Round-9_0170006_edge.png,"tf.Tensor(5.179, shape=(), dtype=float32)",4.788485,0.005351807922124863
/tmp/DataSetCombined/Edges/Round-6_0129310_edge.png,"tf.Tensor(3.765, shape=(), dtype=float32)",3.623182,0.005351807922124863
/tmp/DataSetCombined/Edges/Round-9_0151977_edge.png,"tf.Tensor(4.896, shape=(), dtype=float32)",4.5517316,0.005351807922124863
/tmp/DataSetCombined/Edges/Round-2_0059400_edge.png,"tf.Tensor(4.7, shape=(), dtype=float32)",4.4255486,0.005351807922124863
/tmp/DataSetCombined/Edges/Round-5_0047203_edge.png,"tf.Tensor(3.063, shape=(), dtype=float32)",2.9684029,0.005351807922124863
/tmp/DataSetCombined/Edges/Round-2_0056267_edge.png,"tf.Tensor(1.937, shape=(), dtype=float32)",2.0571594,0.005351807922124863
/tmp/DataSetCombined/Edges/Round-5_0098974_edge.png,"tf.Tensor(1.958, shape=(), dtype=float32)",1.9846842,0.005351807922124863
/tmp/DataSetCombined/Edges/Round-5_0074714_edge.png,"tf.Tensor(4.431, shape=(), dtype=float32)",4.1881256,0.005351807922124863
/tmp/DataSetCombined/Edges/Round-1_0062901_edge.png,"tf.Tensor(5.123, shape=(), dtype=float32)",4.8188977,0.005351807922124863
/tmp/DataSetCombined/Edges/Round-1_0149900_edge.png,"tf.Tensor(5.161, shape=(), dtype=float32)",4.7393384,0.005351807922124863
/tmp/DataSetCombined/Edges/Round-7_0095570_edge.png,"tf.Tensor(2.238, shape=(), dtype=float32)",2.3210835,0.005351807922124863
/tmp/DataSetCombined/Edges/Round-6_0001485_edge.png,"tf.Tensor(5.434, shape=(), dtype=float32)",5.0973964,0.005351807922124863
/tmp/DataSetCombined/Edges/Round-5_0110352_edge.png,"tf.Tensor(5.154, shape=(), dtype=float32)",4.735042,0.005351807922124863
/tmp/DataSetCombined/Edges/Round-2_0060922_edge.png,"tf.Tensor(5.152, shape=(), dtype=float32)",4.7365403,0.005351807922124863
/tmp/DataSetCombined/Edges/Round-5_0036157_edge.png,"tf.Tensor(2.635, shape=(), dtype=float32)",2.6275475,0.005351807922124863
/tmp/DataSetCombined/Edges/Round-7_0001509_edge.png,"tf.Tensor(3.101, shape=(), dtype=float32)",3.1480772,0.005351807922124863
/tmp/DataSetCombined/Edges/Round-9_0067577_edge.png,"tf.Tensor(2.085, shape=(), dtype=float32)",2.148961,0.005351807922124863
/tmp/DataSetCombined/Edges/Round-9_0040036_edge.png,"tf.Tensor(2.399, shape=(), dtype=float32)",2.5015593,0.005351807922124863
/tmp/DataSetCombined/Edges/Round-6_0034978_edge.png,"tf.Tensor(2.813, shape=(), dtype=float32)",2.8838887,0.005351807922124863
/tmp/DataSetCombined/Edges/Round-9_0065621_edge.png,"tf.Tensor(5.443, shape=(), dtype=float32)",5.0938373,0.005351807922124863
/tmp/DataSetCombined/Edges/Round-10_0084251_edge.png,"tf.Tensor(5.415, shape=(), dtype=float32)",5.10166,0.005351807922124863
/tmp/DataSetCombined/Edges/Round-2_0108101_edge.png,"tf.Tensor(4.262, shape=(), dtype=float32)",3.974148,0.005351807922124863
/tmp/DataSetCombined/Edges/Round-8_0006135_edge.png,"tf.Tensor(5.464, shape=(), dtype=float32)",5.0942383,0.005351807922124863
/tmp/DataSetCombined/Edges/Round-9_0157154_edge.png,"tf.Tensor(4.959, shape=(), dtype=float32)",4.590587,0.005351807922124863
/tmp/DataSetCombined/Edges/Round-2_0095792_edge.png,"tf.Tensor(5.135, shape=(), dtype=float32)",4.824617,0.005351807922124863
/tmp/DataSetCombined/Edges/Round-5_0008284_edge.png,"tf.Tensor(5.019, shape=(), dtype=float32)",4.6674995,0.005351807922124863
/tmp/DataSetCombined/Edges/Round-3_0080458_edge.png,"tf.Tensor(1.769, shape=(), dtype=float32)",1.7645712,0.005351807922124863
/tmp/DataSetCombined/Edges/Round-10_0045393_edge.png,"tf.Tensor(5.525, shape=(), dtype=float32)",5.1915126,0.005351807922124863
/tmp/DataSetCombined/Edges/Round-1_0166154_edge.png,"tf.Tensor(5.483, shape=(), dtype=float32)",5.1305943,0.005351807922124863
/tmp/DataSetCombined/Edges/Round-8_0064919_edge.png,"tf.Tensor(2.88, shape=(), dtype=float32)",2.8914478,0.005351807922124863
/tmp/DataSetCombined/Edges/Round-4_0025437_edge.png,"tf.Tensor(2.817, shape=(), dtype=float32)",2.8694215,0.005351807922124863
/tmp/DataSetCombined/Edges/Round-8_0033947_edge.png,"tf.Tensor(5.68, shape=(), dtype=float32)",5.2901154,0.005351807922124863
/tmp/DataSetCombined/Edges/Round-9_0127747_edge.png,"tf.Tensor(5.673, shape=(), dtype=float32)",5.2356915,0.005351807922124863
/tmp/DataSetCombined/Edges/Round-1_0110439_edge.png,"tf.Tensor(5.449, shape=(), dtype=float32)",5.1320567,0.005351807922124863
/tmp/DataSetCombined/Edges/Round-2_0070117_edge.png,"tf.Tensor(5.627, shape=(), dtype=float32)",5.203421,0.005351807922124863
/tmp/DataSetCombined/Edges/Round-7_0127596_edge.png,"tf.Tensor(2.868, shape=(), dtype=float32)",2.951514,0.005351807922124863
/tmp/DataSetCombined/Edges/Round-10_0055837_edge.png,"tf.Tensor(5.371, shape=(), dtype=float32)",5.072531,0.005351807922124863
/tmp/DataSetCombined/Edges/Round-10_0157755_edge.png,"tf.Tensor(2.72, shape=(), dtype=float32)",2.7902203,0.005351807922124863
/tmp/DataSetCombined/Edges/Round-7_0093132_edge.png,"tf.Tensor(2.568, shape=(), dtype=float32)",2.6292915,0.005351807922124863
/tmp/DataSetCombined/Edges/Round-9_0055748_edge.png,"tf.Tensor(5.402, shape=(), dtype=float32)",5.102137,0.005351807922124863
/tmp/DataSetCombined/Edges/Round-3_0073656_edge.png,"tf.Tensor(5.152, shape=(), dtype=float32)",4.7317266,0.005351807922124863
/tmp/DataSetCombined/Edges/Round-8_0041712_edge.png,"tf.Tensor(3.56, shape=(), dtype=float32)",3.4104939,0.005351807922124863
/tmp/DataSetCombined/Edges/Round-10_0163805_edge.png,"tf.Tensor(5.692, shape=(), dtype=float32)",5.244332,0.005351807922124863
/tmp/DataSetCombined/Edges/Round-10_0169193_edge.png,"tf.Tensor(5.554, shape=(), dtype=float32)",5.2291875,0.005351807922124863
/tmp/DataSetCombined/Edges/Round-2_0006400_edge.png,"tf.Tensor(5.572, shape=(), dtype=float32)",5.2201395,0.005351807922124863
/tmp/DataSetCombined/Edges/Round-4_0020351_edge.png,"tf.Tensor(5.527, shape=(), dtype=float32)",5.2307887,0.005351807922124863
/tmp/DataSetCombined/Edges/Round-9_0089370_edge.png,"tf.Tensor(2.959, shape=(), dtype=float32)",2.9932342,0.005351807922124863
/tmp/DataSetCombined/Edges/Round-3_0015322_edge.png,"tf.Tensor(4.96, shape=(), dtype=float32)",4.6039433,0.005351807922124863
/tmp/DataSetCombined/Edges/Round-8_0061789_edge.png,"tf.Tensor(3.118, shape=(), dtype=float32)",2.9943793,0.005351807922124863
/tmp/DataSetCombined/Edges/Round-9_0004759_edge.png,"tf.Tensor(2.253, shape=(), dtype=float32)",2.343136,0.005351807922124863
/tmp/DataSetCombined/Edges/Round-6_0131718_edge.png,"tf.Tensor(2.903, shape=(), dtype=float32)",2.975888,0.005351807922124863
/tmp/DataSetCombined/Edges/Round-10_0030404_edge.png,"tf.Tensor(3.517, shape=(), dtype=float32)",3.3830562,0.005351807922124863
/tmp/DataSetCombined/Edges/Round-6_0130996_edge.png,"tf.Tensor(5.216, shape=(), dtype=float32)",4.943995,0.005351807922124863
/tmp/DataSetCombined/Edges/Round-1_0041767_edge.png,"tf.Tensor(5.033, shape=(), dtype=float32)",4.6857357,0.005351807922124863
/tmp/DataSetCombined/Edges/Round-3_0028928_edge.png,"tf.Tensor(5.264, shape=(), dtype=float32)",5.0034494,0.005351807922124863
/tmp/DataSetCombined/Edges/Round-9_0157966_edge.png,"tf.Tensor(3.871, shape=(), dtype=float32)",3.7752619,0.005351807922124863
/tmp/DataSetCombined/Edges/Round-2_0071592_edge.png,"tf.Tensor(5.152, shape=(), dtype=float32)",4.7408953,0.005351807922124863
/tmp/DataSetCombined/Edges/Round-10_0043888_edge.png,"tf.Tensor(4.787, shape=(), dtype=float32)",4.489021,0.005351807922124863
/tmp/DataSetCombined/Edges/Round-10_0155930_edge.png,"tf.Tensor(4.543, shape=(), dtype=float32)",4.28272,0.005740653723478317
/tmp/DataSetCombined/Edges/Round-10_0175032_edge.png,"tf.Tensor(5.56, shape=(), dtype=float32)",5.1756535,0.005740653723478317
/tmp/DataSetCombined/Edges/Round-8_0002595_edge.png,"tf.Tensor(2.609, shape=(), dtype=float32)",2.654802,0.005740653723478317
/tmp/DataSetCombined/Edges/Round-4_0085546_edge.png,"tf.Tensor(2.705, shape=(), dtype=float32)",2.7391212,0.005740653723478317
/tmp/DataSetCombined/Edges/Round-9_0095119_edge.png,"tf.Tensor(1.697, shape=(), dtype=float32)",1.6851387,0.005740653723478317
/tmp/DataSetCombined/Edges/Round-9_0119379_edge.png,"tf.Tensor(5.572, shape=(), dtype=float32)",5.217989,0.005740653723478317
/tmp/DataSetCombined/Edges/Round-9_0088015_edge.png,"tf.Tensor(2.841, shape=(), dtype=float32)",2.8048394,0.005740653723478317
/tmp/DataSetCombined/Edges/Round-7_0047230_edge.png,"tf.Tensor(1.753, shape=(), dtype=float32)",1.8160412,0.005740653723478317
/tmp/DataSetCombined/Edges/Round-9_0169465_edge.png,"tf.Tensor(4.566, shape=(), dtype=float32)",4.2801375,0.005740653723478317
/tmp/DataSetCombined/Edges/Round-10_0016467_edge.png,"tf.Tensor(2.774, shape=(), dtype=float32)",2.8214025,0.005740653723478317
/tmp/DataSetCombined/Edges/Round-8_0029552_edge.png,"tf.Tensor(3.933, shape=(), dtype=float32)",3.767682,0.005740653723478317
/tmp/DataSetCombined/Edges/Round-1_0057014_edge.png,"tf.Tensor(1.99, shape=(), dtype=float32)",2.099989,0.005740653723478317
/tmp/DataSetCombined/Edges/Round-4_0027635_edge.png,"tf.Tensor(2.6, shape=(), dtype=float32)",2.6964045,0.005740653723478317
/tmp/DataSetCombined/Edges/Round-7_0041842_edge.png,"tf.Tensor(5.667, shape=(), dtype=float32)",5.2407227,0.005740653723478317
/tmp/DataSetCombined/Edges/Round-2_0087214_edge.png,"tf.Tensor(2.479, shape=(), dtype=float32)",2.5188217,0.005740653723478317
/tmp/DataSetCombined/Edges/Round-6_0029199_edge.png,"tf.Tensor(4.095, shape=(), dtype=float32)",4.0157704,0.005740653723478317
/tmp/DataSetCombined/Edges/Round-5_0028210_edge.png,"tf.Tensor(4.114, shape=(), dtype=float32)",3.9361603,0.005740653723478317
/tmp/DataSetCombined/Edges/Round-6_0105893_edge.png,"tf.Tensor(5.633, shape=(), dtype=float32)",5.2806773,0.005740653723478317
/tmp/DataSetCombined/Edges/Round-3_0055566_edge.png,"tf.Tensor(2.985, shape=(), dtype=float32)",2.8978696,0.005740653723478317
/tmp/DataSetCombined/Edges/Round-7_0007740_edge.png,"tf.Tensor(5.156, shape=(), dtype=float32)",4.7361755,0.005740653723478317
/tmp/DataSetCombined/Edges/Round-10_0059720_edge.png,"tf.Tensor(2.325, shape=(), dtype=float32)",2.4286602,0.005740653723478317
/tmp/DataSetCombined/Edges/Round-10_0022457_edge.png,"tf.Tensor(2.848, shape=(), dtype=float32)",2.927927,0.005740653723478317
/tmp/DataSetCombined/Edges/Round-4_0015655_edge.png,"tf.Tensor(5.157, shape=(), dtype=float32)",4.7402916,0.005740653723478317
/tmp/DataSetCombined/Edges/Round-5_0093376_edge.png,"tf.Tensor(2.648, shape=(), dtype=float32)",2.7335718,0.005740653723478317
/tmp/DataSetCombined/Edges/Round-6_0090903_edge.png,"tf.Tensor(5.444, shape=(), dtype=float32)",5.1416287,0.005740653723478317
/tmp/DataSetCombined/Edges/Round-1_0007967_edge.png,"tf.Tensor(4.959, shape=(), dtype=float32)",4.597083,0.005740653723478317
/tmp/DataSetCombined/Edges/Round-9_0187825_edge.png,"tf.Tensor(2.387, shape=(), dtype=float32)",2.4941783,0.005740653723478317
/tmp/DataSetCombined/Edges/Round-1_0051083_edge.png,"tf.Tensor(3.429, shape=(), dtype=float32)",3.2836564,0.005740653723478317
/tmp/DataSetCombined/Edges/Round-4_0015083_edge.png,"tf.Tensor(2.544, shape=(), dtype=float32)",2.5983443,0.005740653723478317
/tmp/DataSetCombined/Edges/Round-7_0084885_edge.png,"tf.Tensor(4.262, shape=(), dtype=float32)",3.9730935,0.005740653723478317
/tmp/DataSetCombined/Edges/Round-7_0080822_edge.png,"tf.Tensor(5.442, shape=(), dtype=float32)",5.123997,0.005740653723478317
/tmp/DataSetCombined/Edges/Round-1_0111915_edge.png,"tf.Tensor(2.46, shape=(), dtype=float32)",2.5120122,0.005740653723478317
/tmp/DataSetCombined/Edges/Round-7_0062852_edge.png,"tf.Tensor(5.559, shape=(), dtype=float32)",5.175158,0.005740653723478317
/tmp/DataSetCombined/Edges/Round-5_0063397_edge.png,"tf.Tensor(2.546, shape=(), dtype=float32)",2.60128,0.005740653723478317
/tmp/DataSetCombined/Edges/Round-9_0012135_edge.png,"tf.Tensor(2.299, shape=(), dtype=float32)",2.4191232,0.005740653723478317
/tmp/DataSetCombined/Edges/Round-10_0186560_edge.png,"tf.Tensor(4.554, shape=(), dtype=float32)",4.268492,0.005740653723478317
/tmp/DataSetCombined/Edges/Round-9_0097226_edge.png,"tf.Tensor(4.071, shape=(), dtype=float32)",3.998284,0.005740653723478317
/tmp/DataSetCombined/Edges/Round-9_0086751_edge.png,"tf.Tensor(1.933, shape=(), dtype=float32)",2.057673,0.005740653723478317
/tmp/DataSetCombined/Edges/Round-8_0009686_edge.png,"tf.Tensor(4.954, shape=(), dtype=float32)",4.5911694,0.005740653723478317
/tmp/DataSetCombined/Edges/Round-2_0073789_edge.png,"tf.Tensor(3.012, shape=(), dtype=float32)",2.9867883,0.005740653723478317
/tmp/DataSetCombined/Edges/Round-6_0085786_edge.png,"tf.Tensor(5.148, shape=(), dtype=float32)",4.8137197,0.005740653723478317
/tmp/DataSetCombined/Edges/Round-10_0002940_edge.png,"tf.Tensor(4.585, shape=(), dtype=float32)",4.357678,0.005740653723478317
/tmp/DataSetCombined/Edges/Round-9_0089641_edge.png,"tf.Tensor(5.052, shape=(), dtype=float32)",4.6991982,0.005740653723478317
/tmp/DataSetCombined/Edges/Round-10_0002152_edge.png,"tf.Tensor(5.224, shape=(), dtype=float32)",4.8123903,0.005740653723478317
/tmp/DataSetCombined/Edges/Round-10_0154143_edge.png,"tf.Tensor(4.958, shape=(), dtype=float32)",4.590029,0.005740653723478317
/tmp/DataSetCombined/Edges/Round-1_0170967_edge.png,"tf.Tensor(5.448, shape=(), dtype=float32)",5.1330614,0.005740653723478317
/tmp/DataSetCombined/Edges/Round-9_0144603_edge.png,"tf.Tensor(3.85, shape=(), dtype=float32)",3.7151437,0.005740653723478317
/tmp/DataSetCombined/Edges/Round-1_0144902_edge.png,"tf.Tensor(5.145, shape=(), dtype=float32)",4.8158374,0.005740653723478317
/tmp/DataSetCombined/Edges/Round-10_0123381_edge.png,"tf.Tensor(5.295, shape=(), dtype=float32)",4.9009566,0.005740653723478317
/tmp/DataSetCombined/Edges/Round-1_0062401_edge.png,"tf.Tensor(2.618, shape=(), dtype=float32)",2.6739013,0.005740653723478317
/tmp/DataSetCombined/Edges/Round-8_0028077_edge.png,"tf.Tensor(2.849, shape=(), dtype=float32)",2.870521,0.005740653723478317
/tmp/DataSetCombined/Edges/Round-9_0127175_edge.png,"tf.Tensor(1.95, shape=(), dtype=float32)",2.0400336,0.005740653723478317
/tmp/DataSetCombined/Edges/Round-2_0099314_edge.png,"tf.Tensor(5.689, shape=(), dtype=float32)",5.25168,0.005740653723478317
/tmp/DataSetCombined/Edges/Round-10_0070255_edge.png,"tf.Tensor(5.514, shape=(), dtype=float32)",5.159271,0.005740653723478317
/tmp/DataSetCombined/Edges/Round-9_0053581_edge.png,"tf.Tensor(1.596, shape=(), dtype=float32)",1.6347988,0.005740653723478317
/tmp/DataSetCombined/Edges/Round-8_0008543_edge.png,"tf.Tensor(3.471, shape=(), dtype=float32)",3.3706942,0.005740653723478317
/tmp/DataSetCombined/Edges/Round-8_0065190_edge.png,"tf.Tensor(4.796, shape=(), dtype=float32)",4.5020127,0.005740653723478317
/tmp/DataSetCombined/Edges/Round-10_0167237_edge.png,"tf.Tensor(5.08, shape=(), dtype=float32)",4.8733687,0.005740653723478317
/tmp/DataSetCombined/Edges/Round-1_0109296_edge.png,"tf.Tensor(4.264, shape=(), dtype=float32)",4.0516667,0.005740653723478317
/tmp/DataSetCombined/Edges/Round-6_0065378_edge.png,"tf.Tensor(5.528, shape=(), dtype=float32)",5.2350645,0.005740653723478317
/tmp/DataSetCombined/Edges/Round-7_0059330_edge.png,"tf.Tensor(2.772, shape=(), dtype=float32)",2.8714092,0.005740653723478317
/tmp/DataSetCombined/Edges/Round-10_0174279_edge.png,"tf.Tensor(5.641, shape=(), dtype=float32)",5.2801256,0.005740653723478317
/tmp/DataSetCombined/Edges/Round-8_0076658_edge.png,"tf.Tensor(2.785, shape=(), dtype=float32)",2.8311396,0.005740653723478317
/tmp/DataSetCombined/Edges/Round-8_0013178_edge.png,"tf.Tensor(5.668, shape=(), dtype=float32)",5.2678533,0.005740653723478317
/tmp/DataSetCombined/Edges/Round-9_0157756_edge.png,"tf.Tensor(4.792, shape=(), dtype=float32)",4.4949203,0.005246806889772415
/tmp/DataSetCombined/Edges/Round-1_0060801_edge.png,"tf.Tensor(5.485, shape=(), dtype=float32)",5.15827,0.005246806889772415
/tmp/DataSetCombined/Edges/Round-10_0125217_edge.png,"tf.Tensor(3.537, shape=(), dtype=float32)",3.3788586,0.005246806889772415
/tmp/DataSetCombined/Edges/Round-7_0079462_edge.png,"tf.Tensor(5.037, shape=(), dtype=float32)",4.6895385,0.005246806889772415
/tmp/DataSetCombined/Edges/Round-9_0124075_edge.png,"tf.Tensor(3.007, shape=(), dtype=float32)",3.0371115,0.005246806889772415
/tmp/DataSetCombined/Edges/Round-1_0091477_edge.png,"tf.Tensor(5.43, shape=(), dtype=float32)",5.06707,0.005246806889772415
/tmp/DataSetCombined/Edges/Round-6_0002940_edge.png,"tf.Tensor(5.446, shape=(), dtype=float32)",5.1201024,0.005246806889772415
/tmp/DataSetCombined/Edges/Round-1_0093222_edge.png,"tf.Tensor(3.195, shape=(), dtype=float32)",3.1166992,0.005246806889772415
/tmp/DataSetCombined/Edges/Round-5_0088379_edge.png,"tf.Tensor(3.146, shape=(), dtype=float32)",3.119069,0.005246806889772415
/tmp/DataSetCombined/Edges/Round-9_0156522_edge.png,"tf.Tensor(3.477, shape=(), dtype=float32)",3.4126468,0.005246806889772415
/tmp/DataSetCombined/Edges/Round-1_0094065_edge.png,"tf.Tensor(4.264, shape=(), dtype=float32)",3.9677973,0.005246806889772415
/tmp/DataSetCombined/Edges/Round-9_0103968_edge.png,"tf.Tensor(5.523, shape=(), dtype=float32)",5.197941,0.005246806889772415
/tmp/DataSetCombined/Edges/Round-9_0012194_edge.png,"tf.Tensor(3.438, shape=(), dtype=float32)",3.3909454,0.005246806889772415
/tmp/DataSetCombined/Edges/Round-9_0141082_edge.png,"tf.Tensor(5.442, shape=(), dtype=float32)",5.1282043,0.005246806889772415
/tmp/DataSetCombined/Edges/Round-4_0088037_edge.png,"tf.Tensor(4.264, shape=(), dtype=float32)",3.9773057,0.005246806889772415
/tmp/DataSetCombined/Edges/Round-9_0161729_edge.png,"tf.Tensor(4.122, shape=(), dtype=float32)",3.9425673,0.005246806889772415
/tmp/DataSetCombined/Edges/Round-9_0083891_edge.png,"tf.Tensor(5.177, shape=(), dtype=float32)",4.88556,0.005246806889772415
/tmp/DataSetCombined/Edges/Round-7_0053731_edge.png,"tf.Tensor(5.555, shape=(), dtype=float32)",5.219907,0.005246806889772415
/tmp/DataSetCombined/Edges/Round-2_0072977_edge.png,"tf.Tensor(5.342, shape=(), dtype=float32)",4.9578614,0.005246806889772415
/tmp/DataSetCombined/Edges/Round-7_0031789_edge.png,"tf.Tensor(2.706, shape=(), dtype=float32)",2.787587,0.005246806889772415
/tmp/DataSetCombined/Edges/Round-3_0033864_edge.png,"tf.Tensor(1.938, shape=(), dtype=float32)",2.0601037,0.005246806889772415
/tmp/DataSetCombined/Edges/Round-9_0171722_edge.png,"tf.Tensor(3.496, shape=(), dtype=float32)",3.3621898,0.005246806889772415
/tmp/DataSetCombined/Edges/Round-3_0060442_edge.png,"tf.Tensor(1.945, shape=(), dtype=float32)",1.9908571,0.005246806889772415
/tmp/DataSetCombined/Edges/Round-3_0018242_edge.png,"tf.Tensor(1.921, shape=(), dtype=float32)",2.023176,0.005246806889772415
/tmp/DataSetCombined/Edges/Round-5_0118991_edge.png,"tf.Tensor(3.066, shape=(), dtype=float32)",3.0406265,0.005246806889772415
/tmp/DataSetCombined/Edges/Round-4_0021374_edge.png,"tf.Tensor(4.599, shape=(), dtype=float32)",4.342325,0.005246806889772415
/tmp/DataSetCombined/Edges/Round-4_0063544_edge.png,"tf.Tensor(2.279, shape=(), dtype=float32)",2.3785832,0.005246806889772415
/tmp/DataSetCombined/Edges/Round-4_0016528_edge.png,"tf.Tensor(3.921, shape=(), dtype=float32)",3.8550162,0.005246806889772415
/tmp/DataSetCombined/Edges/Round-10_0166032_edge.png,"tf.Tensor(4.472, shape=(), dtype=float32)",4.2424183,0.005246806889772415
/tmp/DataSetCombined/Edges/Round-10_0104569_edge.png,"tf.Tensor(3.555, shape=(), dtype=float32)",3.49675,0.005246806889772415
/tmp/DataSetCombined/Edges/Round-1_0034318_edge.png,"tf.Tensor(5.553, shape=(), dtype=float32)",5.23274,0.005246806889772415
/tmp/DataSetCombined/Edges/Round-2_0086973_edge.png,"tf.Tensor(2.658, shape=(), dtype=float32)",2.738242,0.005246806889772415
/tmp/DataSetCombined/Edges/Round-3_0044609_edge.png,"tf.Tensor(4.481, shape=(), dtype=float32)",4.1794715,0.005246806889772415
/tmp/DataSetCombined/Edges/Round-5_0038830_edge.png,"tf.Tensor(5.569, shape=(), dtype=float32)",5.218132,0.005246806889772415
/tmp/DataSetCombined/Edges/Round-3_0072209_edge.png,"tf.Tensor(5.485, shape=(), dtype=float32)",5.1169934,0.005246806889772415
/tmp/DataSetCombined/Edges/Round-6_0012915_edge.png,"tf.Tensor(4.482, shape=(), dtype=float32)",4.1809716,0.005246806889772415
/tmp/DataSetCombined/Edges/Round-9_0084042_edge.png,"tf.Tensor(2.507, shape=(), dtype=float32)",2.543684,0.005246806889772415
/tmp/DataSetCombined/Edges/Round-9_0008702_edge.png,"tf.Tensor(2.064, shape=(), dtype=float32)",2.1953304,0.005246806889772415
/tmp/DataSetCombined/Edges/Round-1_0013267_edge.png,"tf.Tensor(5.482, shape=(), dtype=float32)",5.1207476,0.005246806889772415
/tmp/DataSetCombined/Edges/Round-9_0051459_edge.png,"tf.Tensor(4.797, shape=(), dtype=float32)",4.4864426,0.005246806889772415
/tmp/DataSetCombined/Edges/Round-8_0036517_edge.png,"tf.Tensor(2.528, shape=(), dtype=float32)",2.6010945,0.005246806889772415
/tmp/DataSetCombined/Edges/Round-9_0127686_edge.png,"tf.Tensor(5.388, shape=(), dtype=float32)",4.9945292,0.005246806889772415
/tmp/DataSetCombined/Edges/Round-9_0002091_edge.png,"tf.Tensor(1.882, shape=(), dtype=float32)",1.9124817,0.005246806889772415
/tmp/DataSetCombined/Edges/Round-5_0031100_edge.png,"tf.Tensor(2.482, shape=(), dtype=float32)",2.528872,0.005246806889772415
/tmp/DataSetCombined/Edges/Round-1_0072300_edge.png,"tf.Tensor(4.87, shape=(), dtype=float32)",4.6793656,0.005246806889772415
/tmp/DataSetCombined/Edges/Round-5_0106349_edge.png,"tf.Tensor(3.466, shape=(), dtype=float32)",3.4352365,0.005246806889772415
/tmp/DataSetCombined/Edges/Round-8_0019210_edge.png,"tf.Tensor(2.824, shape=(), dtype=float32)",2.847767,0.005246806889772415
/tmp/DataSetCombined/Edges/Round-9_0171572_edge.png,"tf.Tensor(4.606, shape=(), dtype=float32)",4.3258452,0.005246806889772415
/tmp/DataSetCombined/Edges/Round-8_0066094_edge.png,"tf.Tensor(4.698, shape=(), dtype=float32)",4.3927794,0.005246806889772415
/tmp/DataSetCombined/Edges/Round-7_0101078_edge.png,"tf.Tensor(4.395, shape=(), dtype=float32)",4.1002765,0.005246806889772415
/tmp/DataSetCombined/Edges/Round-2_0083475_edge.png,"tf.Tensor(2.452, shape=(), dtype=float32)",2.4836035,0.005246806889772415
/tmp/DataSetCombined/Edges/Round-10_0150140_edge.png,"tf.Tensor(2.222, shape=(), dtype=float32)",2.360002,0.005246806889772415
/tmp/DataSetCombined/Edges/Round-5_0094700_edge.png,"tf.Tensor(2.966, shape=(), dtype=float32)",2.9502292,0.005246806889772415
/tmp/DataSetCombined/Edges/Round-8_0079367_edge.png,"tf.Tensor(5.101, shape=(), dtype=float32)",4.8013597,0.005246806889772415
/tmp/DataSetCombined/Edges/Round-6_0136173_edge.png,"tf.Tensor(4.578, shape=(), dtype=float32)",4.294545,0.005246806889772415
/tmp/DataSetCombined/Edges/Round-2_0095492_edge.png,"tf.Tensor(4.805, shape=(), dtype=float32)",4.5335255,0.005246806889772415
/tmp/DataSetCombined/Edges/Round-8_0029624_edge.png,"tf.Tensor(2.347, shape=(), dtype=float32)",2.455331,0.005246806889772415
/tmp/DataSetCombined/Edges/Round-10_0046446_edge.png,"tf.Tensor(2.534, shape=(), dtype=float32)",2.6119876,0.005246806889772415
/tmp/DataSetCombined/Edges/Round-5_0091690_edge.png,"tf.Tensor(5.138, shape=(), dtype=float32)",4.815001,0.005246806889772415
/tmp/DataSetCombined/Edges/Round-6_0121665_edge.png,"tf.Tensor(4.545, shape=(), dtype=float32)",4.2529364,0.005246806889772415
/tmp/DataSetCombined/Edges/Round-9_0032391_edge.png,"tf.Tensor(5.036, shape=(), dtype=float32)",4.688499,0.005246806889772415
/tmp/DataSetCombined/Edges/Round-1_0153873_edge.png,"tf.Tensor(3.887, shape=(), dtype=float32)",3.766744,0.005246806889772415
/tmp/DataSetCombined/Edges/Round-8_0068290_edge.png,"tf.Tensor(5.57, shape=(), dtype=float32)",5.221797,0.005246806889772415
/tmp/DataSetCombined/Edges/Round-7_0018966_edge.png,"tf.Tensor(3.192, shape=(), dtype=float32)",3.1090856,0.005246806889772415
/tmp/DataSetCombined/Edges/Round-4_0040788_edge.png,"tf.Tensor(4.505, shape=(), dtype=float32)",4.254085,0.004796318709850311
/tmp/DataSetCombined/Edges/Round-1_0067100_edge.png,"tf.Tensor(3.283, shape=(), dtype=float32)",3.272554,0.004796318709850311
/tmp/DataSetCombined/Edges/Round-5_0084346_edge.png,"tf.Tensor(4.627, shape=(), dtype=float32)",4.3886433,0.004796318709850311
/tmp/DataSetCombined/Edges/Round-10_0009484_edge.png,"tf.Tensor(3.183, shape=(), dtype=float32)",3.0981183,0.004796318709850311
/tmp/DataSetCombined/Edges/Round-1_0058867_edge.png,"tf.Tensor(5.449, shape=(), dtype=float32)",5.130909,0.004796318709850311
/tmp/DataSetCombined/Edges/Round-6_0101709_edge.png,"tf.Tensor(2.566, shape=(), dtype=float32)",2.617837,0.004796318709850311
/tmp/DataSetCombined/Edges/Round-4_0023391_edge.png,"tf.Tensor(3.89, shape=(), dtype=float32)",3.79921,0.004796318709850311
/tmp/DataSetCombined/Edges/Round-4_0059842_edge.png,"tf.Tensor(5.517, shape=(), dtype=float32)",5.1834383,0.004796318709850311
/tmp/DataSetCombined/Edges/Round-1_0152429_edge.png,"tf.Tensor(2.297, shape=(), dtype=float32)",2.4001322,0.004796318709850311
/tmp/DataSetCombined/Edges/Round-10_0076576_edge.png,"tf.Tensor(3.385, shape=(), dtype=float32)",3.3197594,0.004796318709850311
/tmp/DataSetCombined/Edges/Round-10_0115706_edge.png,"tf.Tensor(5.156, shape=(), dtype=float32)",4.7408013,0.004796318709850311
/tmp/DataSetCombined/Edges/Round-5_0061741_edge.png,"tf.Tensor(5.033, shape=(), dtype=float32)",4.6846814,0.004796318709850311
/tmp/DataSetCombined/Edges/Round-2_0038200_edge.png,"tf.Tensor(2.553, shape=(), dtype=float32)",2.6200325,0.004796318709850311
/tmp/DataSetCombined/Edges/Round-6_0069893_edge.png,"tf.Tensor(5.448, shape=(), dtype=float32)",5.137919,0.004796318709850311
/tmp/DataSetCombined/Edges/Round-7_0007589_edge.png,"tf.Tensor(4.956, shape=(), dtype=float32)",4.6788654,0.004796318709850311
/tmp/DataSetCombined/Edges/Round-8_0032454_edge.png,"tf.Tensor(3.244, shape=(), dtype=float32)",3.1442227,0.004796318709850311
/tmp/DataSetCombined/Edges/Round-6_0025948_edge.png,"tf.Tensor(1.718, shape=(), dtype=float32)",1.7167763,0.004796318709850311
/tmp/DataSetCombined/Edges/Round-10_0102763_edge.png,"tf.Tensor(3.057, shape=(), dtype=float32)",3.0669765,0.004796318709850311
/tmp/DataSetCombined/Edges/Round-6_0025436_edge.png,"tf.Tensor(5.692, shape=(), dtype=float32)",5.2511544,0.004796318709850311
/tmp/DataSetCombined/Edges/Round-5_0109178_edge.png,"tf.Tensor(5.066, shape=(), dtype=float32)",4.6958723,0.004796318709850311
/tmp/DataSetCombined/Edges/Round-5_0009880_edge.png,"tf.Tensor(2.026, shape=(), dtype=float32)",2.1529932,0.004796318709850311
/tmp/DataSetCombined/Edges/Round-9_0130636_edge.png,"tf.Tensor(5.572, shape=(), dtype=float32)",5.2208366,0.004796318709850311
/tmp/DataSetCombined/Edges/Round-4_0091596_edge.png,"tf.Tensor(3.012, shape=(), dtype=float32)",3.043778,0.004796318709850311
/tmp/DataSetCombined/Edges/Round-6_0099331_edge.png,"tf.Tensor(2.719, shape=(), dtype=float32)",2.8028414,0.004796318709850311
/tmp/DataSetCombined/Edges/Round-2_0094980_edge.png,"tf.Tensor(2.548, shape=(), dtype=float32)",2.568664,0.004796318709850311
/tmp/DataSetCombined/Edges/Round-3_0002834_edge.png,"tf.Tensor(5.667, shape=(), dtype=float32)",5.2771254,0.004796318709850311
/tmp/DataSetCombined/Edges/Round-10_0047590_edge.png,"tf.Tensor(1.847, shape=(), dtype=float32)",1.890965,0.004796318709850311
/tmp/DataSetCombined/Edges/Round-2_0070479_edge.png,"tf.Tensor(5.341, shape=(), dtype=float32)",4.9498906,0.004796318709850311
/tmp/DataSetCombined/Edges/Round-10_0006624_edge.png,"tf.Tensor(5.01, shape=(), dtype=float32)",4.6822042,0.004796318709850311
/tmp/DataSetCombined/Edges/Round-1_0167057_edge.png,"tf.Tensor(3.342, shape=(), dtype=float32)",3.315384,0.004796318709850311
/tmp/DataSetCombined/Edges/Round-2_0053781_edge.png,"tf.Tensor(2.617, shape=(), dtype=float32)",2.669969,0.004796318709850311
/tmp/DataSetCombined/Edges/Round-3_0011741_edge.png,"tf.Tensor(3.554, shape=(), dtype=float32)",3.3993118,0.004796318709850311
/tmp/DataSetCombined/Edges/Round-9_0069293_edge.png,"tf.Tensor(4.265, shape=(), dtype=float32)",3.977801,0.004796318709850311
/tmp/DataSetCombined/Edges/Round-5_0033538_edge.png,"tf.Tensor(4.836, shape=(), dtype=float32)",4.5567846,0.004796318709850311
/tmp/DataSetCombined/Edges/Round-7_0021555_edge.png,"tf.Tensor(3.015, shape=(), dtype=float32)",3.008883,0.004796318709850311
/tmp/DataSetCombined/Edges/Round-10_0129912_edge.png,"tf.Tensor(2.043, shape=(), dtype=float32)",2.146953,0.004796318709850311
/tmp/DataSetCombined/Edges/Round-9_0197427_edge.png,"tf.Tensor(5.571, shape=(), dtype=float32)",5.222349,0.004796318709850311
/tmp/DataSetCombined/Edges/Round-10_0082957_edge.png,"tf.Tensor(1.928, shape=(), dtype=float32)",2.0568366,0.004796318709850311
/tmp/DataSetCombined/Edges/Round-8_0016140_edge.png,"tf.Tensor(5.693, shape=(), dtype=float32)",5.252249,0.004796318709850311
/tmp/DataSetCombined/Edges/Round-3_0029379_edge.png,"tf.Tensor(5.039, shape=(), dtype=float32)",4.755663,0.004796318709850311
/tmp/DataSetCombined/Edges/Round-2_0001600_edge.png,"tf.Tensor(5.333, shape=(), dtype=float32)",5.093714,0.004796318709850311
/tmp/DataSetCombined/Edges/Round-9_0059026_edge.png,"tf.Tensor(2.154, shape=(), dtype=float32)",2.2899573,0.004796318709850311
/tmp/DataSetCombined/Edges/Round-9_0137709_edge.png,"tf.Tensor(5.519, shape=(), dtype=float32)",5.181837,0.004796318709850311
/tmp/DataSetCombined/Edges/Round-9_0048945_edge.png,"tf.Tensor(5.144, shape=(), dtype=float32)",4.813591,0.004796318709850311
/tmp/DataSetCombined/Edges/Round-7_0024083_edge.png,"tf.Tensor(2.252, shape=(), dtype=float32)",2.3735552,0.004796318709850311
/tmp/DataSetCombined/Edges/Round-10_0093914_edge.png,"tf.Tensor(5.052, shape=(), dtype=float32)",4.7589192,0.004796318709850311
/tmp/DataSetCombined/Edges/Round-1_0162482_edge.png,"tf.Tensor(4.778, shape=(), dtype=float32)",4.4816036,0.004796318709850311
/tmp/DataSetCombined/Edges/Round-7_0095321_edge.png,"tf.Tensor(1.699, shape=(), dtype=float32)",1.6735162,0.004796318709850311
/tmp/DataSetCombined/Edges/Round-10_0106766_edge.png,"tf.Tensor(5.154, shape=(), dtype=float32)",4.740336,0.004796318709850311
/tmp/DataSetCombined/Edges/Round-4_0007588_edge.png,"tf.Tensor(5.518, shape=(), dtype=float32)",5.1765566,0.004796318709850311
/tmp/DataSetCombined/Edges/Round-6_0022758_edge.png,"tf.Tensor(5.354, shape=(), dtype=float32)",5.046724,0.004796318709850311
/tmp/DataSetCombined/Edges/Round-7_0015625_edge.png,"tf.Tensor(4.786, shape=(), dtype=float32)",4.499429,0.004796318709850311
/tmp/DataSetCombined/Edges/Round-5_0003516_edge.png,"tf.Tensor(2.385, shape=(), dtype=float32)",2.4957218,0.004796318709850311
/tmp/DataSetCombined/Edges/Round-10_0172804_edge.png,"tf.Tensor(5.084, shape=(), dtype=float32)",4.7347207,0.004796318709850311
/tmp/DataSetCombined/Edges/Round-1_0132741_edge.png,"tf.Tensor(5.145, shape=(), dtype=float32)",4.8217697,0.004796318709850311
/tmp/DataSetCombined/Edges/Round-9_0196343_edge.png,"tf.Tensor(2.004, shape=(), dtype=float32)",2.0172594,0.004796318709850311
/tmp/DataSetCombined/Edges/Round-1_0022534_edge.png,"tf.Tensor(4.334, shape=(), dtype=float32)",4.10766,0.004796318709850311
/tmp/DataSetCombined/Edges/Round-9_0002713_edge.png,"tf.Tensor(1.99, shape=(), dtype=float32)",2.106707,0.004796318709850311
/tmp/DataSetCombined/Edges/Round-4_0068209_edge.png,"tf.Tensor(4.412, shape=(), dtype=float32)",4.2752814,0.004796318709850311
/tmp/DataSetCombined/Edges/Round-6_0090542_edge.png,"tf.Tensor(4.739, shape=(), dtype=float32)",4.475874,0.004796318709850311
/tmp/DataSetCombined/Edges/Round-9_0144121_edge.png,"tf.Tensor(5.34, shape=(), dtype=float32)",5.0463014,0.004796318709850311
/tmp/DataSetCombined/Edges/Round-9_0155859_edge.png,"tf.Tensor(4.179, shape=(), dtype=float32)",4.0519896,0.004796318709850311
/tmp/DataSetCombined/Edges/Round-5_0036848_edge.png,"tf.Tensor(2.08, shape=(), dtype=float32)",2.1376183,0.004796318709850311
/tmp/DataSetCombined/Edges/Round-1_0058667_edge.png,"tf.Tensor(1.774, shape=(), dtype=float32)",1.8167763,0.004796318709850311
/tmp/DataSetCombined/Edges/Round-5_0111074_edge.png,"tf.Tensor(1.528, shape=(), dtype=float32)",1.5446932,0.005246404558420181
/tmp/DataSetCombined/Edges/Round-1_0065467_edge.png,"tf.Tensor(2.514, shape=(), dtype=float32)",2.5754507,0.005246404558420181
/tmp/DataSetCombined/Edges/Round-7_0009305_edge.png,"tf.Tensor(4.98, shape=(), dtype=float32)",4.625477,0.005246404558420181
/tmp/DataSetCombined/Edges/Round-10_0010417_edge.png,"tf.Tensor(5.267, shape=(), dtype=float32)",5.0619445,0.005246404558420181
/tmp/DataSetCombined/Edges/Round-8_0021829_edge.png,"tf.Tensor(4.205, shape=(), dtype=float32)",4.0453725,0.005246404558420181
/tmp/DataSetCombined/Edges/Round-1_0101834_edge.png,"tf.Tensor(4.792, shape=(), dtype=float32)",4.483193,0.005246404558420181
/tmp/DataSetCombined/Edges/Round-9_0024760_edge.png,"tf.Tensor(4.785, shape=(), dtype=float32)",4.477805,0.005246404558420181
/tmp/DataSetCombined/Edges/Round-10_0184754_edge.png,"tf.Tensor(4.514, shape=(), dtype=float32)",4.3023005,0.005246404558420181
/tmp/DataSetCombined/Edges/Round-9_0018545_edge.png,"tf.Tensor(2.891, shape=(), dtype=float32)",2.9574986,0.005246404558420181
/tmp/DataSetCombined/Edges/Round-8_0056431_edge.png,"tf.Tensor(2.008, shape=(), dtype=float32)",2.129811,0.005246404558420181
/tmp/DataSetCombined/Edges/Round-6_0036362_edge.png,"tf.Tensor(2.847, shape=(), dtype=float32)",2.8789983,0.005246404558420181
/tmp/DataSetCombined/Edges/Round-5_0001576_edge.png,"tf.Tensor(2.685, shape=(), dtype=float32)",2.7616553,0.005246404558420181
/tmp/DataSetCombined/Edges/Round-10_0100054_edge.png,"tf.Tensor(4.708, shape=(), dtype=float32)",4.414585,0.005246404558420181
/tmp/DataSetCombined/Edges/Round-10_0097255_edge.png,"tf.Tensor(5.031, shape=(), dtype=float32)",4.6895385,0.005246404558420181
/tmp/DataSetCombined/Edges/Round-4_0089612_edge.png,"tf.Tensor(4.897, shape=(), dtype=float32)",4.695978,0.005246404558420181
/tmp/DataSetCombined/Edges/Round-7_0025287_edge.png,"tf.Tensor(4.567, shape=(), dtype=float32)",4.2758827,0.005246404558420181
/tmp/DataSetCombined/Edges/Round-8_0018548_edge.png,"tf.Tensor(1.943, shape=(), dtype=float32)",1.9699357,0.005246404558420181
/tmp/DataSetCombined/Edges/Round-10_0100385_edge.png,"tf.Tensor(3.303, shape=(), dtype=float32)",3.2960548,0.005246404558420181
/tmp/DataSetCombined/Edges/Round-7_0043708_edge.png,"tf.Tensor(5.087, shape=(), dtype=float32)",4.7287645,0.005246404558420181
/tmp/DataSetCombined/Edges/Round-6_0078381_edge.png,"tf.Tensor(5.562, shape=(), dtype=float32)",5.1750717,0.005246404558420181
/tmp/DataSetCombined/Edges/Round-9_0127958_edge.png,"tf.Tensor(5.042, shape=(), dtype=float32)",4.683188,0.005246404558420181
/tmp/DataSetCombined/Edges/Round-1_0038934_edge.png,"tf.Tensor(5.033, shape=(), dtype=float32)",4.683538,0.005246404558420181
/tmp/DataSetCombined/Edges/Round-8_0002745_edge.png,"tf.Tensor(2.689, shape=(), dtype=float32)",2.747685,0.005246404558420181
/tmp/DataSetCombined/Edges/Round-1_0039434_edge.png,"tf.Tensor(5.609, shape=(), dtype=float32)",5.200878,0.005246404558420181
/tmp/DataSetCombined/Edges/Round-9_0186923_edge.png,"tf.Tensor(2.031, shape=(), dtype=float32)",2.1403818,0.005246404558420181
/tmp/DataSetCombined/Edges/Round-8_0053572_edge.png,"tf.Tensor(3.522, shape=(), dtype=float32)",3.4747257,0.005246404558420181
/tmp/DataSetCombined/Edges/Round-2_0102595_edge.png,"tf.Tensor(4.308, shape=(), dtype=float32)",4.191074,0.005246404558420181
/tmp/DataSetCombined/Edges/Round-2_0047200_edge.png,"tf.Tensor(5.518, shape=(), dtype=float32)",5.18198,0.005246404558420181
/tmp/DataSetCombined/Edges/Round-3_0087020_edge.png,"tf.Tensor(5.667, shape=(), dtype=float32)",5.262853,0.005246404558420181
/tmp/DataSetCombined/Edges/Round-9_0160585_edge.png,"tf.Tensor(5.156, shape=(), dtype=float32)",4.7435875,0.005246404558420181
/tmp/DataSetCombined/Edges/Round-1_0009267_edge.png,"tf.Tensor(5.153, shape=(), dtype=float32)",4.7284822,0.005246404558420181
/tmp/DataSetCombined/Edges/Round-9_0141584_edge.png,"tf.Tensor(1.976, shape=(), dtype=float32)",2.0546932,0.005246404558420181
/tmp/DataSetCombined/Edges/Round-5_0030919_edge.png,"tf.Tensor(5.562, shape=(), dtype=float32)",5.166532,0.005246404558420181
/tmp/DataSetCombined/Edges/Round-8_0019198_edge.png,"tf.Tensor(3.48, shape=(), dtype=float32)",3.438456,0.005246404558420181
/tmp/DataSetCombined/Edges/Round-6_0107609_edge.png,"tf.Tensor(5.643, shape=(), dtype=float32)",5.214378,0.005246404558420181
/tmp/DataSetCombined/Edges/Round-10_0032932_edge.png,"tf.Tensor(1.608, shape=(), dtype=float32)",1.6192256,0.005246404558420181
/tmp/DataSetCombined/Edges/Round-1_0009734_edge.png,"tf.Tensor(5.062, shape=(), dtype=float32)",4.693328,0.005246404558420181
/tmp/DataSetCombined/Edges/Round-9_0039374_edge.png,"tf.Tensor(1.998, shape=(), dtype=float32)",2.1197033,0.005246404558420181
/tmp/DataSetCombined/Edges/Round-9_0002182_edge.png,"tf.Tensor(4.954, shape=(), dtype=float32)",4.586225,0.005246404558420181
/tmp/DataSetCombined/Edges/Round-6_0076034_edge.png,"tf.Tensor(2.131, shape=(), dtype=float32)",2.185499,0.005246404558420181
/tmp/DataSetCombined/Edges/Round-1_0114593_edge.png,"tf.Tensor(5.468, shape=(), dtype=float32)",5.158836,0.005246404558420181
/tmp/DataSetCombined/Edges/Round-9_0137516_edge.png,"tf.Tensor(5.083, shape=(), dtype=float32)",4.7147026,0.005246404558420181
/tmp/DataSetCombined/Edges/Round-8_0058026_edge.png,"tf.Tensor(3.665, shape=(), dtype=float32)",3.531518,0.005246404558420181
/tmp/DataSetCombined/Edges/Round-9_0004217_edge.png,"tf.Tensor(5.666, shape=(), dtype=float32)",5.2517953,0.005246404558420181
/tmp/DataSetCombined/Edges/Round-5_0045367_edge.png,"tf.Tensor(5.419, shape=(), dtype=float32)",5.0321,0.005246404558420181
/tmp/DataSetCombined/Edges/Round-7_0011352_edge.png,"tf.Tensor(1.935, shape=(), dtype=float32)",2.0586197,0.005246404558420181
/tmp/DataSetCombined/Edges/Round-7_0028147_edge.png,"tf.Tensor(4.591, shape=(), dtype=float32)",4.316302,0.005246404558420181
/tmp/DataSetCombined/Edges/Round-2_0093477_edge.png,"tf.Tensor(3.096, shape=(), dtype=float32)",2.9902306,0.005246404558420181
/tmp/DataSetCombined/Edges/Round-1_0166635_edge.png,"tf.Tensor(5.68, shape=(), dtype=float32)",5.276179,0.005246404558420181
/tmp/DataSetCombined/Edges/Round-7_0099212_edge.png,"tf.Tensor(3.222, shape=(), dtype=float32)",3.169005,0.005246404558420181
/tmp/DataSetCombined/Edges/Round-6_0107187_edge.png,"tf.Tensor(5.571, shape=(), dtype=float32)",5.2179446,0.005246404558420181
/tmp/DataSetCombined/Edges/Round-8_0053301_edge.png,"tf.Tensor(4.269, shape=(), dtype=float32)",3.9810877,0.005246404558420181
/tmp/DataSetCombined/Edges/Round-8_0087283_edge.png,"tf.Tensor(2.782, shape=(), dtype=float32)",2.7508738,0.005246404558420181
/tmp/DataSetCombined/Edges/Round-9_0071551_edge.png,"tf.Tensor(1.529, shape=(), dtype=float32)",1.5458412,0.005246404558420181
/tmp/DataSetCombined/Edges/Round-4_0029832_edge.png,"tf.Tensor(5.479, shape=(), dtype=float32)",5.195797,0.005246404558420181
/tmp/DataSetCombined/Edges/Round-1_0127687_edge.png,"tf.Tensor(5.115, shape=(), dtype=float32)",4.784484,0.005246404558420181
/tmp/DataSetCombined/Edges/Round-3_0082083_edge.png,"tf.Tensor(2.098, shape=(), dtype=float32)",2.168476,0.005246404558420181
/tmp/DataSetCombined/Edges/Round-5_0112459_edge.png,"tf.Tensor(2.63, shape=(), dtype=float32)",2.7370632,0.005246404558420181
/tmp/DataSetCombined/Edges/Round-8_0034139_edge.png,"tf.Tensor(5.152, shape=(), dtype=float32)",4.7275715,0.005246404558420181
/tmp/DataSetCombined/Edges/Round-10_0089459_edge.png,"tf.Tensor(5.513, shape=(), dtype=float32)",5.132501,0.005246404558420181
/tmp/DataSetCombined/Edges/Round-9_0053370_edge.png,"tf.Tensor(1.672, shape=(), dtype=float32)",1.6522608,0.005246404558420181
/tmp/DataSetCombined/Edges/Round-3_0018152_edge.png,"tf.Tensor(4.566, shape=(), dtype=float32)",4.4187646,0.005246404558420181
/tmp/DataSetCombined/Edges/Round-8_0045367_edge.png,"tf.Tensor(4.777, shape=(), dtype=float32)",4.48928,0.005246404558420181
/tmp/DataSetCombined/Edges/Round-4_0033474_edge.png,"tf.Tensor(3.723, shape=(), dtype=float32)",3.5151227,0.005246404558420181
/tmp/DataSetCombined/Edges/Round-2_0059267_edge.png,"tf.Tensor(5.614, shape=(), dtype=float32)",5.2199755,0.005244225263595581
/tmp/DataSetCombined/Edges/Round-5_0016742_edge.png,"tf.Tensor(4.972, shape=(), dtype=float32)",4.701383,0.005244225263595581
/tmp/DataSetCombined/Edges/Round-7_0009635_edge.png,"tf.Tensor(4.401, shape=(), dtype=float32)",4.1075754,0.005244225263595581
/tmp/DataSetCombined/Edges/Round-4_0002170_edge.png,"tf.Tensor(2.509, shape=(), dtype=float32)",2.5725696,0.005244225263595581
/tmp/DataSetCombined/Edges/Round-7_0097918_edge.png,"tf.Tensor(2.256, shape=(), dtype=float32)",2.3757045,0.005244225263595581
/tmp/DataSetCombined/Edges/Round-10_0082566_edge.png,"tf.Tensor(2.405, shape=(), dtype=float32)",2.509299,0.005244225263595581
/tmp/DataSetCombined/Edges/Round-10_0166544_edge.png,"tf.Tensor(2.451, shape=(), dtype=float32)",2.5771863,0.005244225263595581
/tmp/DataSetCombined/Edges/Round-5_0115410_edge.png,"tf.Tensor(5.562, shape=(), dtype=float32)",5.1725516,0.005244225263595581
/tmp/DataSetCombined/Edges/Round-4_0039163_edge.png,"tf.Tensor(5.687, shape=(), dtype=float32)",5.2332006,0.005244225263595581
/tmp/DataSetCombined/Edges/Round-4_0005331_edge.png,"tf.Tensor(3.5, shape=(), dtype=float32)",3.3633447,0.005244225263595581
/tmp/DataSetCombined/Edges/Round-9_0148697_edge.png,"tf.Tensor(5.037, shape=(), dtype=float32)",4.687421,0.005244225263595581
/tmp/DataSetCombined/Edges/Round-8_0017633_edge.png,"tf.Tensor(3.377, shape=(), dtype=float32)",3.3225975,0.005244225263595581
/tmp/DataSetCombined/Edges/Round-5_0077453_edge.png,"tf.Tensor(3.894, shape=(), dtype=float32)",3.8018513,0.005244225263595581
/tmp/DataSetCombined/Edges/Round-7_0060354_edge.png,"tf.Tensor(5.341, shape=(), dtype=float32)",4.955113,0.005244225263595581
/tmp/DataSetCombined/Edges/Round-3_0001367_edge.png,"tf.Tensor(2.147, shape=(), dtype=float32)",2.1855326,0.005244225263595581
/tmp/DataSetCombined/Edges/Round-10_0150591_edge.png,"tf.Tensor(5.571, shape=(), dtype=float32)",5.2223067,0.005244225263595581
/tmp/DataSetCombined/Edges/Round-10_0194627_edge.png,"tf.Tensor(5.519, shape=(), dtype=float32)",5.1775312,0.005244225263595581
/tmp/DataSetCombined/Edges/Round-1_0099543_edge.png,"tf.Tensor(4.332, shape=(), dtype=float32)",4.04106,0.005244225263595581
/tmp/DataSetCombined/Edges/Round-9_0198210_edge.png,"tf.Tensor(5.661, shape=(), dtype=float32)",5.2133727,0.005244225263595581
/tmp/DataSetCombined/Edges/Round-10_0093101_edge.png,"tf.Tensor(1.98, shape=(), dtype=float32)",2.0769715,0.005244225263595581
/tmp/DataSetCombined/Edges/Round-9_0009606_edge.png,"tf.Tensor(4.801, shape=(), dtype=float32)",4.53928,0.005244225263595581
/tmp/DataSetCombined/Edges/Round-6_0120021_edge.png,"tf.Tensor(3.319, shape=(), dtype=float32)",3.3002527,0.005244225263595581
/tmp/DataSetCombined/Edges/Round-7_0031160_edge.png,"tf.Tensor(5.445, shape=(), dtype=float32)",5.1305146,0.005244225263595581
/tmp/DataSetCombined/Edges/Round-4_0009665_edge.png,"tf.Tensor(1.406, shape=(), dtype=float32)",1.4692469,0.005244225263595581
/tmp/DataSetCombined/Edges/Round-9_0124917_edge.png,"tf.Tensor(2.456, shape=(), dtype=float32)",2.5435967,0.005244225263595581
/tmp/DataSetCombined/Edges/Round-10_0124013_edge.png,"tf.Tensor(5.571, shape=(), dtype=float32)",5.2150726,0.005244225263595581
/tmp/DataSetCombined/Edges/Round-1_0019967_edge.png,"tf.Tensor(5.442, shape=(), dtype=float32)",5.128756,0.005244225263595581
/tmp/DataSetCombined/Edges/Round-3_0021192_edge.png,"tf.Tensor(4.861, shape=(), dtype=float32)",4.595473,0.005244225263595581
/tmp/DataSetCombined/Edges/Round-1_0148696_edge.png,"tf.Tensor(2.139, shape=(), dtype=float32)",2.2033715,0.005244225263595581
/tmp/DataSetCombined/Edges/Round-10_0192459_edge.png,"tf.Tensor(2.007, shape=(), dtype=float32)",2.0487313,0.005244225263595581
/tmp/DataSetCombined/Edges/Round-9_0081032_edge.png,"tf.Tensor(3.968, shape=(), dtype=float32)",3.822374,0.005244225263595581
/tmp/DataSetCombined/Edges/Round-4_0075764_edge.png,"tf.Tensor(5.595, shape=(), dtype=float32)",5.200829,0.005244225263595581
/tmp/DataSetCombined/Edges/Round-9_0078865_edge.png,"tf.Tensor(5.154, shape=(), dtype=float32)",4.737545,0.005244225263595581
/tmp/DataSetCombined/Edges/Round-7_0068721_edge.png,"tf.Tensor(1.99, shape=(), dtype=float32)",2.0812159,0.005244225263595581
/tmp/DataSetCombined/Edges/Round-7_0125309_edge.png,"tf.Tensor(5.029, shape=(), dtype=float32)",4.756642,0.005244225263595581
/tmp/DataSetCombined/Edges/Round-1_0063867_edge.png,"tf.Tensor(2.085, shape=(), dtype=float32)",2.135602,0.005244225263595581
/tmp/DataSetCombined/Edges/Round-8_0049039_edge.png,"tf.Tensor(5.567, shape=(), dtype=float32)",5.224853,0.005244225263595581
/tmp/DataSetCombined/Edges/Round-7_0056350_edge.png,"tf.Tensor(4.363, shape=(), dtype=float32)",4.0705967,0.005244225263595581
/tmp/DataSetCombined/Edges/Round-7_0133917_edge.png,"tf.Tensor(5.445, shape=(), dtype=float32)",5.1330614,0.005244225263595581
/tmp/DataSetCombined/Edges/Round-5_0068544_edge.png,"tf.Tensor(3.108, shape=(), dtype=float32)",3.0949357,0.005244225263595581
/tmp/DataSetCombined/Edges/Round-1_0076157_edge.png,"tf.Tensor(5.449, shape=(), dtype=float32)",5.0962787,0.005244225263595581
/tmp/DataSetCombined/Edges/Round-2_0082759_edge.png,"tf.Tensor(2.35, shape=(), dtype=float32)",2.470519,0.005244225263595581
/tmp/DataSetCombined/Edges/Round-8_0038354_edge.png,"tf.Tensor(5.341, shape=(), dtype=float32)",4.9567137,0.005244225263595581
/tmp/DataSetCombined/Edges/Round-5_0124047_edge.png,"tf.Tensor(3.278, shape=(), dtype=float32)",3.280583,0.005244225263595581
/tmp/DataSetCombined/Edges/Round-9_0006054_edge.png,"tf.Tensor(5.03, shape=(), dtype=float32)",4.6668277,0.005244225263595581
/tmp/DataSetCombined/Edges/Round-8_0073377_edge.png,"tf.Tensor(1.686, shape=(), dtype=float32)",1.7371528,0.005244225263595581
/tmp/DataSetCombined/Edges/Round-1_0128138_edge.png,"tf.Tensor(4.345, shape=(), dtype=float32)",4.13494,0.005244225263595581
/tmp/DataSetCombined/Edges/Round-1_0033505_edge.png,"tf.Tensor(4.956, shape=(), dtype=float32)",4.5915923,0.005244225263595581
/tmp/DataSetCombined/Edges/Round-1_0139516_edge.png,"tf.Tensor(5.679, shape=(), dtype=float32)",5.2820415,0.005244225263595581
/tmp/DataSetCombined/Edges/Round-6_0097555_edge.png,"tf.Tensor(5.525, shape=(), dtype=float32)",5.187758,0.005244225263595581
/tmp/DataSetCombined/Edges/Round-9_0198932_edge.png,"tf.Tensor(4.225, shape=(), dtype=float32)",4.0140657,0.005244225263595581
/tmp/DataSetCombined/Edges/Round-8_0016429_edge.png,"tf.Tensor(3.79, shape=(), dtype=float32)",3.7348213,0.005244225263595581
/tmp/DataSetCombined/Edges/Round-8_0024014_edge.png,"tf.Tensor(5.411, shape=(), dtype=float32)",5.1016574,0.005244225263595581
/tmp/DataSetCombined/Edges/Round-9_0153452_edge.png,"tf.Tensor(4.97, shape=(), dtype=float32)",4.5996943,0.005244225263595581
/tmp/DataSetCombined/Edges/Round-7_0068841_edge.png,"tf.Tensor(2.647, shape=(), dtype=float32)",2.725177,0.005244225263595581
/tmp/DataSetCombined/Edges/Round-8_0046962_edge.png,"tf.Tensor(4.263, shape=(), dtype=float32)",3.976789,0.005244225263595581
/tmp/DataSetCombined/Edges/Round-9_0147221_edge.png,"tf.Tensor(2.911, shape=(), dtype=float32)",2.9907656,0.005244225263595581
/tmp/DataSetCombined/Edges/Round-8_0061259_edge.png,"tf.Tensor(5.578, shape=(), dtype=float32)",5.209563,0.005244225263595581
/tmp/DataSetCombined/Edges/Round-9_0151646_edge.png,"tf.Tensor(5.077, shape=(), dtype=float32)",4.7292323,0.005244225263595581
/tmp/DataSetCombined/Edges/Round-9_0097015_edge.png,"tf.Tensor(3.544, shape=(), dtype=float32)",3.3824599,0.005244225263595581
/tmp/DataSetCombined/Edges/Round-8_0067640_edge.png,"tf.Tensor(2.65, shape=(), dtype=float32)",2.7476046,0.005244225263595581
/tmp/DataSetCombined/Edges/Round-5_0070873_edge.png,"tf.Tensor(3.539, shape=(), dtype=float32)",3.4489021,0.005244225263595581
/tmp/DataSetCombined/Edges/Round-6_0135180_edge.png,"tf.Tensor(5.533, shape=(), dtype=float32)",5.145778,0.005244225263595581
/tmp/DataSetCombined/Edges/Round-5_0074443_edge.png,"tf.Tensor(1.714, shape=(), dtype=float32)",1.7209158,0.005244225263595581
/tmp/DataSetCombined/Edges/Round-1_0042083_edge.png,"tf.Tensor(5.057, shape=(), dtype=float32)",4.6965,0.005235739052295685
/tmp/DataSetCombined/Edges/Round-7_0126332_edge.png,"tf.Tensor(5.57, shape=(), dtype=float32)",5.2228465,0.005235739052295685
/tmp/DataSetCombined/Edges/Round-4_0086871_edge.png,"tf.Tensor(5.56, shape=(), dtype=float32)",5.17139,0.005235739052295685
/tmp/DataSetCombined/Edges/Round-1_0055167_edge.png,"tf.Tensor(5.604, shape=(), dtype=float32)",5.2120585,0.005235739052295685
/tmp/DataSetCombined/Edges/Round-7_0135241_edge.png,"tf.Tensor(2.938, shape=(), dtype=float32)",2.8662114,0.005235739052295685
/tmp/DataSetCombined/Edges/Round-9_0173408_edge.png,"tf.Tensor(5.411, shape=(), dtype=float32)",5.094633,0.005235739052295685
/tmp/DataSetCombined/Edges/Round-6_0040908_edge.png,"tf.Tensor(2.853, shape=(), dtype=float32)",2.867991,0.005235739052295685
/tmp/DataSetCombined/Edges/Round-8_0039605_edge.png,"tf.Tensor(4.057, shape=(), dtype=float32)",3.9110866,0.005235739052295685
/tmp/DataSetCombined/Edges/Round-10_0061737_edge.png,"tf.Tensor(5.005, shape=(), dtype=float32)",4.668965,0.005235739052295685
/tmp/DataSetCombined/Edges/Round-10_0073897_edge.png,"tf.Tensor(1.674, shape=(), dtype=float32)",1.6798861,0.005235739052295685
/tmp/DataSetCombined/Edges/Round-7_0019418_edge.png,"tf.Tensor(5.367, shape=(), dtype=float32)",4.981513,0.005235739052295685
/tmp/DataSetCombined/Edges/Round-5_0031551_edge.png,"tf.Tensor(5.518, shape=(), dtype=float32)",5.1791325,0.005235739052295685
/tmp/DataSetCombined/Edges/Round-10_0112334_edge.png,"tf.Tensor(5.032, shape=(), dtype=float32)",4.680484,0.005235739052295685
/tmp/DataSetCombined/Edges/Round-2_0069600_edge.png,"tf.Tensor(5.034, shape=(), dtype=float32)",4.6890507,0.005235739052295685
/tmp/DataSetCombined/Edges/Round-9_0136987_edge.png,"tf.Tensor(2.233, shape=(), dtype=float32)",2.3030927,0.005235739052295685
/tmp/DataSetCombined/Edges/Round-9_0165522_edge.png,"tf.Tensor(2.585, shape=(), dtype=float32)",2.6714733,0.005235739052295685
/tmp/DataSetCombined/Edges/Round-10_0193242_edge.png,"tf.Tensor(5.154, shape=(), dtype=float32)",4.738786,0.005235739052295685
/tmp/DataSetCombined/Edges/Round-3_0004234_edge.png,"tf.Tensor(4.976, shape=(), dtype=float32)",4.613163,0.005235739052295685
/tmp/DataSetCombined/Edges/Round-8_0042736_edge.png,"tf.Tensor(2.501, shape=(), dtype=float32)",2.588009,0.005235739052295685
/tmp/DataSetCombined/Edges/Round-7_0071521_edge.png,"tf.Tensor(4.702, shape=(), dtype=float32)",4.403384,0.005235739052295685
/tmp/DataSetCombined/Edges/Round-9_0051865_edge.png,"tf.Tensor(5.577, shape=(), dtype=float32)",5.1549506,0.005235739052295685
/tmp/DataSetCombined/Edges/Round-10_0154414_edge.png,"tf.Tensor(3.162, shape=(), dtype=float32)",3.08902,0.005235739052295685
/tmp/DataSetCombined/Edges/Round-1_0019067_edge.png,"tf.Tensor(2.941, shape=(), dtype=float32)",2.9905295,0.005235739052295685
/tmp/DataSetCombined/Edges/Round-2_0033000_edge.png,"tf.Tensor(5.032, shape=(), dtype=float32)",4.6831293,0.005235739052295685
/tmp/DataSetCombined/Edges/Round-6_0013997_edge.png,"tf.Tensor(5.143, shape=(), dtype=float32)",4.8152065,0.005235739052295685
/tmp/DataSetCombined/Edges/Round-10_0135090_edge.png,"tf.Tensor(3.098, shape=(), dtype=float32)",2.9957044,0.005235739052295685
/tmp/DataSetCombined/Edges/Round-5_0008344_edge.png,"tf.Tensor(3.183, shape=(), dtype=float32)",3.1038737,0.005235739052295685
/tmp/DataSetCombined/Edges/Round-6_0014721_edge.png,"tf.Tensor(2.734, shape=(), dtype=float32)",2.8081515,0.005235739052295685
/tmp/DataSetCombined/Edges/Round-1_0168382_edge.png,"tf.Tensor(4.409, shape=(), dtype=float32)",4.110273,0.005235739052295685
/tmp/DataSetCombined/Edges/Round-10_0181774_edge.png,"tf.Tensor(5.585, shape=(), dtype=float32)",5.1938677,0.005235739052295685
/tmp/DataSetCombined/Edges/Round-2_0057003_edge.png,"tf.Tensor(5.154, shape=(), dtype=float32)",4.745738,0.005235739052295685
/tmp/DataSetCombined/Edges/Round-3_0009333_edge.png,"tf.Tensor(1.99, shape=(), dtype=float32)",2.092281,0.005235739052295685
/tmp/DataSetCombined/Edges/Round-5_0080072_edge.png,"tf.Tensor(3.273, shape=(), dtype=float32)",3.2717388,0.005235739052295685
/tmp/DataSetCombined/Edges/Round-6_0083168_edge.png,"tf.Tensor(5.154, shape=(), dtype=float32)",4.7403855,0.005235739052295685
/tmp/DataSetCombined/Edges/Round-5_0095874_edge.png,"tf.Tensor(4.797, shape=(), dtype=float32)",4.494967,0.005235739052295685
/tmp/DataSetCombined/Edges/Round-3_0020199_edge.png,"tf.Tensor(4.552, shape=(), dtype=float32)",4.259989,0.005235739052295685
/tmp/DataSetCombined/Edges/Round-10_0063695_edge.png,"tf.Tensor(3.16, shape=(), dtype=float32)",3.0978673,0.005235739052295685
/tmp/DataSetCombined/Edges/Round-9_0116430_edge.png,"tf.Tensor(5.52, shape=(), dtype=float32)",5.176615,0.005235739052295685
/tmp/DataSetCombined/Edges/Round-1_0118310_edge.png,"tf.Tensor(5.518, shape=(), dtype=float32)",5.178172,0.005235739052295685
/tmp/DataSetCombined/Edges/Round-10_0075191_edge.png,"tf.Tensor(5.158, shape=(), dtype=float32)",4.735535,0.005235739052295685
/tmp/DataSetCombined/Edges/Round-6_0116909_edge.png,"tf.Tensor(2.833, shape=(), dtype=float32)",2.8964667,0.005235739052295685
/tmp/DataSetCombined/Edges/Round-1_0068734_edge.png,"tf.Tensor(5.565, shape=(), dtype=float32)",5.1709466,0.005235739052295685
/tmp/DataSetCombined/Edges/Round-10_0193965_edge.png,"tf.Tensor(3.307, shape=(), dtype=float32)",3.2984614,0.005235739052295685
/tmp/DataSetCombined/Edges/Round-6_0115976_edge.png,"tf.Tensor(5.571, shape=(), dtype=float32)",5.221159,0.005235739052295685
/tmp/DataSetCombined/Edges/Round-9_0002743_edge.png,"tf.Tensor(5.495, shape=(), dtype=float32)",5.2175612,0.005235739052295685
/tmp/DataSetCombined/Edges/Round-9_0117194_edge.png,"tf.Tensor(5.66, shape=(), dtype=float32)",5.226929,0.005235739052295685
/tmp/DataSetCombined/Edges/Round-9_0029351_edge.png,"tf.Tensor(3.332, shape=(), dtype=float32)",3.2193484,0.005235739052295685
/tmp/DataSetCombined/Edges/Round-8_0013762_edge.png,"tf.Tensor(5.462, shape=(), dtype=float32)",5.0883904,0.005235739052295685
/tmp/DataSetCombined/Edges/Round-5_0087446_edge.png,"tf.Tensor(2.831, shape=(), dtype=float32)",2.8920393,0.005235739052295685
/tmp/DataSetCombined/Edges/Round-4_0034498_edge.png,"tf.Tensor(2.876, shape=(), dtype=float32)",2.8899717,0.005235739052295685
/tmp/DataSetCombined/Edges/Round-1_0107761_edge.png,"tf.Tensor(4.972, shape=(), dtype=float32)",4.613055,0.005235739052295685
/tmp/DataSetCombined/Edges/Round-9_0197698_edge.png,"tf.Tensor(5.396, shape=(), dtype=float32)",5.133658,0.005235739052295685
/tmp/DataSetCombined/Edges/Round-7_0031211_edge.png,"tf.Tensor(2.374, shape=(), dtype=float32)",2.4483538,0.005235739052295685
/tmp/DataSetCombined/Edges/Round-10_0060443_edge.png,"tf.Tensor(1.976, shape=(), dtype=float32)",2.0266345,0.005235739052295685
/tmp/DataSetCombined/Edges/Round-2_0041600_edge.png,"tf.Tensor(5.571, shape=(), dtype=float32)",5.221201,0.005235739052295685
/tmp/DataSetCombined/Edges/Round-2_0110541_edge.png,"tf.Tensor(4.416, shape=(), dtype=float32)",4.103922,0.005235739052295685
/tmp/DataSetCombined/Edges/Round-5_0114085_edge.png,"tf.Tensor(5.583, shape=(), dtype=float32)",5.230021,0.005235739052295685
/tmp/DataSetCombined/Edges/Round-5_0041604_edge.png,"tf.Tensor(5.536, shape=(), dtype=float32)",5.2329116,0.005235739052295685
/tmp/DataSetCombined/Edges/Round-7_0038260_edge.png,"tf.Tensor(5.444, shape=(), dtype=float32)",5.119736,0.005235739052295685
/tmp/DataSetCombined/Edges/Round-10_0199443_edge.png,"tf.Tensor(4.94, shape=(), dtype=float32)",4.6745243,0.005235739052295685
/tmp/DataSetCombined/Edges/Round-7_0024302_edge.png,"tf.Tensor(3.213, shape=(), dtype=float32)",3.2188408,0.005235739052295685
/tmp/DataSetCombined/Edges/Round-6_0018905_edge.png,"tf.Tensor(5.582, shape=(), dtype=float32)",5.23028,0.005235739052295685
/tmp/DataSetCombined/Edges/Round-4_0021524_edge.png,"tf.Tensor(5.342, shape=(), dtype=float32)",4.9566693,0.005235739052295685
/tmp/DataSetCombined/Edges/Round-8_0037438_edge.png,"tf.Tensor(5.535, shape=(), dtype=float32)",5.240375,0.005235739052295685
/tmp/DataSetCombined/Edges/Round-10_0168290_edge.png,"tf.Tensor(5.48, shape=(), dtype=float32)",5.140638,0.005593340843915939
/tmp/DataSetCombined/Edges/Round-5_0016682_edge.png,"tf.Tensor(5.549, shape=(), dtype=float32)",5.182176,0.005593340843915939
/tmp/DataSetCombined/Edges/Round-9_0156462_edge.png,"tf.Tensor(3.291, shape=(), dtype=float32)",3.1918025,0.005593340843915939
/tmp/DataSetCombined/Edges/Round-10_0031637_edge.png,"tf.Tensor(5.224, shape=(), dtype=float32)",4.81671,0.005593340843915939
/tmp/DataSetCombined/Edges/Round-6_0072512_edge.png,"tf.Tensor(4.038, shape=(), dtype=float32)",3.8664436,0.005593340843915939
/tmp/DataSetCombined/Edges/Round-9_0161067_edge.png,"tf.Tensor(3.307, shape=(), dtype=float32)",3.2825038,0.005593340843915939
/tmp/DataSetCombined/Edges/Round-9_0083125_edge.png,"tf.Tensor(3.63, shape=(), dtype=float32)",3.580131,0.005593340843915939
/tmp/DataSetCombined/Edges/Round-7_0077119_edge.png,"tf.Tensor(2.75, shape=(), dtype=float32)",2.7374947,0.005593340843915939
/tmp/DataSetCombined/Edges/Round-5_0016592_edge.png,"tf.Tensor(3.424, shape=(), dtype=float32)",3.2601988,0.005593340843915939
/tmp/DataSetCombined/Edges/Round-5_0104994_edge.png,"tf.Tensor(4.993, shape=(), dtype=float32)",4.7202563,0.005593340843915939
/tmp/DataSetCombined/Edges/Round-9_0134428_edge.png,"tf.Tensor(5.563, shape=(), dtype=float32)",5.177311,0.005593340843915939
/tmp/DataSetCombined/Edges/Round-5_0011565_edge.png,"tf.Tensor(5.396, shape=(), dtype=float32)",5.007855,0.005593340843915939
/tmp/DataSetCombined/Edges/Round-8_0009337_edge.png,"tf.Tensor(2.452, shape=(), dtype=float32)",2.5401773,0.005593340843915939
/tmp/DataSetCombined/Edges/Round-1_0041267_edge.png,"tf.Tensor(4.957, shape=(), dtype=float32)",4.5911245,0.005593340843915939
/tmp/DataSetCombined/Edges/Round-1_0006801_edge.png,"tf.Tensor(3.428, shape=(), dtype=float32)",3.286997,0.005593340843915939
/tmp/DataSetCombined/Edges/Round-6_0097254_edge.png,"tf.Tensor(2.618, shape=(), dtype=float32)",2.6597064,0.005593340843915939
/tmp/DataSetCombined/Edges/Round-9_0078982_edge.png,"tf.Tensor(5.394, shape=(), dtype=float32)",5.068052,0.005593340843915939
/tmp/DataSetCombined/Edges/Round-8_0075153_edge.png,"tf.Tensor(5.225, shape=(), dtype=float32)",4.808636,0.005593340843915939
/tmp/DataSetCombined/Edges/Round-4_0053881_edge.png,"tf.Tensor(2.45, shape=(), dtype=float32)",2.4804788,0.005593340843915939
/tmp/DataSetCombined/Edges/Round-9_0058880_edge.png,"tf.Tensor(2.673, shape=(), dtype=float32)",2.7845097,0.005593340843915939
/tmp/DataSetCombined/Edges/Round-4_0090580_edge.png,"tf.Tensor(2.829, shape=(), dtype=float32)",2.9056652,0.005593340843915939
/tmp/DataSetCombined/Edges/Round-1_0040434_edge.png,"tf.Tensor(2.081, shape=(), dtype=float32)",2.205743,0.005593340843915939
/tmp/DataSetCombined/Edges/Round-8_0044945_edge.png,"tf.Tensor(1.814, shape=(), dtype=float32)",1.8865607,0.005593340843915939
/tmp/DataSetCombined/Edges/Round-5_0004970_edge.png,"tf.Tensor(2.629, shape=(), dtype=float32)",2.7263167,0.005593340843915939
/tmp/DataSetCombined/Edges/Round-1_0171331_edge.png,"tf.Tensor(2.105, shape=(), dtype=float32)",2.1841414,0.005593340843915939
/tmp/DataSetCombined/Edges/Round-9_0053310_edge.png,"tf.Tensor(5.219, shape=(), dtype=float32)",4.926012,0.005593340843915939
/tmp/DataSetCombined/Edges/Round-7_0058186_edge.png,"tf.Tensor(5.517, shape=(), dtype=float32)",5.173822,0.005593340843915939
/tmp/DataSetCombined/Edges/Round-1_0022800_edge.png,"tf.Tensor(3.981, shape=(), dtype=float32)",3.8708375,0.005593340843915939
/tmp/DataSetCombined/Edges/Round-7_0033505_edge.png,"tf.Tensor(5.214, shape=(), dtype=float32)",4.7905536,0.005593340843915939
/tmp/DataSetCombined/Edges/Round-8_0072035_edge.png,"tf.Tensor(3.039, shape=(), dtype=float32)",3.0174932,0.005593340843915939
/tmp/DataSetCombined/Edges/Round-1_0118391_edge.png,"tf.Tensor(5.249, shape=(), dtype=float32)",4.8831844,0.005593340843915939
/tmp/DataSetCombined/Edges/Round-6_0014781_edge.png,"tf.Tensor(5.32, shape=(), dtype=float32)",5.012902,0.005593340843915939
/tmp/DataSetCombined/Edges/Round-6_0089428_edge.png,"tf.Tensor(4.772, shape=(), dtype=float32)",4.46825,0.005593340843915939
/tmp/DataSetCombined/Edges/Round-8_0005443_edge.png,"tf.Tensor(3.533, shape=(), dtype=float32)",3.367378,0.005593340843915939
/tmp/DataSetCombined/Edges/Round-9_0012796_edge.png,"tf.Tensor(4.955, shape=(), dtype=float32)",4.591672,0.005593340843915939
/tmp/DataSetCombined/Edges/Round-7_0067487_edge.png,"tf.Tensor(2.233, shape=(), dtype=float32)",2.3134704,0.005593340843915939
/tmp/DataSetCombined/Edges/Round-10_0126092_edge.png,"tf.Tensor(5.557, shape=(), dtype=float32)",5.22066,0.005593340843915939
/tmp/DataSetCombined/Edges/Round-8_0048364_edge.png,"tf.Tensor(5.448, shape=(), dtype=float32)",5.1460376,0.005593340843915939
/tmp/DataSetCombined/Edges/Round-9_0054093_edge.png,"tf.Tensor(5.631, shape=(), dtype=float32)",5.251638,0.005593340843915939
/tmp/DataSetCombined/Edges/Round-2_0078846_edge.png,"tf.Tensor(5.111, shape=(), dtype=float32)",4.7973547,0.005593340843915939
/tmp/DataSetCombined/Edges/Round-5_0029023_edge.png,"tf.Tensor(5.07, shape=(), dtype=float32)",4.7158217,0.005593340843915939
/tmp/DataSetCombined/Edges/Round-1_0113195_edge.png,"tf.Tensor(5.637, shape=(), dtype=float32)",5.2374077,0.005593340843915939
/tmp/DataSetCombined/Edges/Round-2_0074300_edge.png,"tf.Tensor(3.334, shape=(), dtype=float32)",3.2195923,0.005593340843915939
/tmp/DataSetCombined/Edges/Round-6_0038568_edge.png,"tf.Tensor(2.212, shape=(), dtype=float32)",2.2917976,0.005593340843915939
/tmp/DataSetCombined/Edges/Round-3_0057192_edge.png,"tf.Tensor(2.553, shape=(), dtype=float32)",2.57926,0.005593340843915939
/tmp/DataSetCombined/Edges/Round-2_0111896_edge.png,"tf.Tensor(5.473, shape=(), dtype=float32)",5.2004666,0.005593340843915939
/tmp/DataSetCombined/Edges/Round-4_0017521_edge.png,"tf.Tensor(3.929, shape=(), dtype=float32)",3.7715273,0.005593340843915939
/tmp/DataSetCombined/Edges/Round-9_0124646_edge.png,"tf.Tensor(3.732, shape=(), dtype=float32)",3.665486,0.005593340843915939
/tmp/DataSetCombined/Edges/Round-9_0104299_edge.png,"tf.Tensor(3.512, shape=(), dtype=float32)",3.4549277,0.005593340843915939
/tmp/DataSetCombined/Edges/Round-3_0022396_edge.png,"tf.Tensor(5.496, shape=(), dtype=float32)",5.135647,0.005593340843915939
/tmp/DataSetCombined/Edges/Round-5_0093586_edge.png,"tf.Tensor(2.602, shape=(), dtype=float32)",2.694225,0.005593340843915939
/tmp/DataSetCombined/Edges/Round-9_0040457_edge.png,"tf.Tensor(4.293, shape=(), dtype=float32)",4.006039,0.005593340843915939
/tmp/DataSetCombined/Edges/Round-4_0021434_edge.png,"tf.Tensor(4.781, shape=(), dtype=float32)",4.4841633,0.005593340843915939
/tmp/DataSetCombined/Edges/Round-10_0184544_edge.png,"tf.Tensor(5.524, shape=(), dtype=float32)",5.2021923,0.005593340843915939
/tmp/DataSetCombined/Edges/Round-10_0168713_edge.png,"tf.Tensor(3.101, shape=(), dtype=float32)",3.055497,0.005593340843915939
/tmp/DataSetCombined/Edges/Round-5_0073389_edge.png,"tf.Tensor(5.153, shape=(), dtype=float32)",4.7295294,0.005593340843915939
/tmp/DataSetCombined/Edges/Round-1_0015967_edge.png,"tf.Tensor(5.519, shape=(), dtype=float32)",5.1769795,0.005593340843915939
/tmp/DataSetCombined/Edges/Round-10_0009574_edge.png,"tf.Tensor(2.038, shape=(), dtype=float32)",2.0735855,0.005593340843915939
/tmp/DataSetCombined/Edges/Round-1_0122088_edge.png,"tf.Tensor(4.96, shape=(), dtype=float32)",4.591078,0.005593340843915939
/tmp/DataSetCombined/Edges/Round-2_0054767_edge.png,"tf.Tensor(5.658, shape=(), dtype=float32)",5.215526,0.005593340843915939
/tmp/DataSetCombined/Edges/Round-5_0015237_edge.png,"tf.Tensor(5.343, shape=(), dtype=float32)",5.056749,0.005593340843915939
/tmp/DataSetCombined/Edges/Round-10_0163745_edge.png,"tf.Tensor(4.509, shape=(), dtype=float32)",4.204256,0.005593340843915939
/tmp/DataSetCombined/Edges/Round-9_0127445_edge.png,"tf.Tensor(3.194, shape=(), dtype=float32)",3.2208996,0.005593340843915939
/tmp/DataSetCombined/Edges/Round-1_0126754_edge.png,"tf.Tensor(2.45, shape=(), dtype=float32)",2.6372943,0.005593340843915939
/tmp/DataSetCombined/Edges/Round-1_0071767_edge.png,"tf.Tensor(5.342, shape=(), dtype=float32)",4.962081,0.00525951012969017
/tmp/DataSetCombined/Edges/Round-8_0076056_edge.png,"tf.Tensor(3.12, shape=(), dtype=float32)",3.1448748,0.00525951012969017
/tmp/DataSetCombined/Edges/Round-1_0061834_edge.png,"tf.Tensor(3.849, shape=(), dtype=float32)",3.7674723,0.00525951012969017
/tmp/DataSetCombined/Edges/Round-4_0021494_edge.png,"tf.Tensor(5.571, shape=(), dtype=float32)",5.219588,0.00525951012969017
/tmp/DataSetCombined/Edges/Round-6_0116548_edge.png,"tf.Tensor(4.734, shape=(), dtype=float32)",4.42303,0.00525951012969017
/tmp/DataSetCombined/Edges/Round-3_0082716_edge.png,"tf.Tensor(4.965, shape=(), dtype=float32)",4.603002,0.00525951012969017
/tmp/DataSetCombined/Edges/Round-10_0127174_edge.png,"tf.Tensor(1.561, shape=(), dtype=float32)",1.5628998,0.00525951012969017
/tmp/DataSetCombined/Edges/Round-1_0060701_edge.png,"tf.Tensor(3.208, shape=(), dtype=float32)",3.2268593,0.00525951012969017
/tmp/DataSetCombined/Edges/Round-2_0093956_edge.png,"tf.Tensor(5.573, shape=(), dtype=float32)",5.2213907,0.00525951012969017
/tmp/DataSetCombined/Edges/Round-4_0081724_edge.png,"tf.Tensor(4.266, shape=(), dtype=float32)",3.9767962,0.00525951012969017
/tmp/DataSetCombined/Edges/Round-6_0028506_edge.png,"tf.Tensor(3.165, shape=(), dtype=float32)",3.089784,0.00525951012969017
/tmp/DataSetCombined/Edges/Round-4_0027454_edge.png,"tf.Tensor(2.696, shape=(), dtype=float32)",2.7471004,0.00525951012969017
/tmp/DataSetCombined/Edges/Round-3_0071187_edge.png,"tf.Tensor(4.958, shape=(), dtype=float32)",4.594421,0.00525951012969017
/tmp/DataSetCombined/Edges/Round-5_0019993_edge.png,"tf.Tensor(5.16, shape=(), dtype=float32)",4.7414045,0.00525951012969017
/tmp/DataSetCombined/Edges/Round-9_0026401_edge.png,"tf.Tensor(5.586, shape=(), dtype=float32)",5.2193923,0.00525951012969017
/tmp/DataSetCombined/Edges/Round-5_0013130_edge.png,"tf.Tensor(5.156, shape=(), dtype=float32)",4.738228,0.00525951012969017
/tmp/DataSetCombined/Edges/Round-2_0101421_edge.png,"tf.Tensor(5.476, shape=(), dtype=float32)",5.166388,0.00525951012969017
/tmp/DataSetCombined/Edges/Round-5_0066557_edge.png,"tf.Tensor(4.266, shape=(), dtype=float32)",3.9805923,0.00525951012969017
/tmp/DataSetCombined/Edges/Round-3_0033683_edge.png,"tf.Tensor(4.563, shape=(), dtype=float32)",4.283891,0.00525951012969017
/tmp/DataSetCombined/Edges/Round-9_0183461_edge.png,"tf.Tensor(2.058, shape=(), dtype=float32)",2.1245859,0.00525951012969017
/tmp/DataSetCombined/Edges/Round-3_0062519_edge.png,"tf.Tensor(1.69, shape=(), dtype=float32)",1.7231932,0.00525951012969017
/tmp/DataSetCombined/Edges/Round-8_0024839_edge.png,"tf.Tensor(5.361, shape=(), dtype=float32)",5.070477,0.00525951012969017
/tmp/DataSetCombined/Edges/Round-9_0047390_edge.png,"tf.Tensor(2.631, shape=(), dtype=float32)",2.7437372,0.00525951012969017
/tmp/DataSetCombined/Edges/Round-8_0021106_edge.png,"tf.Tensor(5.428, shape=(), dtype=float32)",5.074597,0.00525951012969017
/tmp/DataSetCombined/Edges/Round-7_0120884_edge.png,"tf.Tensor(5.573, shape=(), dtype=float32)",5.225056,0.00525951012969017
/tmp/DataSetCombined/Edges/Round-7_0076697_edge.png,"tf.Tensor(4.995, shape=(), dtype=float32)",4.7874637,0.00525951012969017
/tmp/DataSetCombined/Edges/Round-6_0009754_edge.png,"tf.Tensor(1.969, shape=(), dtype=float32)",2.0814576,0.00525951012969017
/tmp/DataSetCombined/Edges/Round-3_0044369_edge.png,"tf.Tensor(1.825, shape=(), dtype=float32)",1.8588226,0.00525951012969017
/tmp/DataSetCombined/Edges/Round-6_0003645_edge.png,"tf.Tensor(5.239, shape=(), dtype=float32)",4.9403133,0.00525951012969017
/tmp/DataSetCombined/Edges/Round-1_0033034_edge.png,"tf.Tensor(5.132, shape=(), dtype=float32)",4.908107,0.00525951012969017
/tmp/DataSetCombined/Edges/Round-10_0011440_edge.png,"tf.Tensor(5.034, shape=(), dtype=float32)",4.6868834,0.00525951012969017
/tmp/DataSetCombined/Edges/Round-6_0091716_edge.png,"tf.Tensor(3.097, shape=(), dtype=float32)",3.0000923,0.00525951012969017
/tmp/DataSetCombined/Edges/Round-5_0079138_edge.png,"tf.Tensor(2.479, shape=(), dtype=float32)",2.569815,0.00525951012969017
/tmp/DataSetCombined/Edges/Round-1_0140961_edge.png,"tf.Tensor(2.818, shape=(), dtype=float32)",2.8981986,0.00525951012969017
/tmp/DataSetCombined/Edges/Round-3_0075522_edge.png,"tf.Tensor(1.678, shape=(), dtype=float32)",1.687763,0.00525951012969017
/tmp/DataSetCombined/Edges/Round-1_0062101_edge.png,"tf.Tensor(5.144, shape=(), dtype=float32)",4.817941,0.00525951012969017
/tmp/DataSetCombined/Edges/Round-1_0141864_edge.png,"tf.Tensor(4.787, shape=(), dtype=float32)",4.493027,0.00525951012969017
/tmp/DataSetCombined/Edges/Round-2_0072254_edge.png,"tf.Tensor(4.085, shape=(), dtype=float32)",3.9673638,0.00525951012969017
/tmp/DataSetCombined/Edges/Round-10_0151584_edge.png,"tf.Tensor(2.495, shape=(), dtype=float32)",2.5233831,0.00525951012969017
/tmp/DataSetCombined/Edges/Round-10_0143307_edge.png,"tf.Tensor(2.727, shape=(), dtype=float32)",2.8177667,0.00525951012969017
/tmp/DataSetCombined/Edges/Round-9_0081423_edge.png,"tf.Tensor(5.664, shape=(), dtype=float32)",5.2460904,0.00525951012969017
/tmp/DataSetCombined/Edges/Round-4_0017912_edge.png,"tf.Tensor(3.752, shape=(), dtype=float32)",3.5860682,0.00525951012969017
/tmp/DataSetCombined/Edges/Round-5_0051447_edge.png,"tf.Tensor(3.291, shape=(), dtype=float32)",3.1706884,0.00525951012969017
/tmp/DataSetCombined/Edges/Round-2_0050267_edge.png,"tf.Tensor(5.641, shape=(), dtype=float32)",5.2186275,0.00525951012969017
/tmp/DataSetCombined/Edges/Round-10_0125187_edge.png,"tf.Tensor(5.114, shape=(), dtype=float32)",4.808622,0.00525951012969017
/tmp/DataSetCombined/Edges/Round-8_0002264_edge.png,"tf.Tensor(4.274, shape=(), dtype=float32)",3.9869356,0.00525951012969017
/tmp/DataSetCombined/Edges/Round-2_0070087_edge.png,"tf.Tensor(3.205, shape=(), dtype=float32)",3.1317174,0.00525951012969017
/tmp/DataSetCombined/Edges/Round-5_0045819_edge.png,"tf.Tensor(5.009, shape=(), dtype=float32)",4.6817436,0.00525951012969017
/tmp/DataSetCombined/Edges/Round-3_0068839_edge.png,"tf.Tensor(5.503, shape=(), dtype=float32)",5.176714,0.00525951012969017
/tmp/DataSetCombined/Edges/Round-5_0056625_edge.png,"tf.Tensor(5.198, shape=(), dtype=float32)",4.806016,0.00525951012969017
/tmp/DataSetCombined/Edges/Round-4_0083228_edge.png,"tf.Tensor(4.265, shape=(), dtype=float32)",3.977801,0.00525951012969017
/tmp/DataSetCombined/Edges/Round-9_0145114_edge.png,"tf.Tensor(1.64, shape=(), dtype=float32)",1.6922886,0.00525951012969017
/tmp/DataSetCombined/Edges/Round-8_0013359_edge.png,"tf.Tensor(3.545, shape=(), dtype=float32)",3.386848,0.00525951012969017
/tmp/DataSetCombined/Edges/Round-3_0004940_edge.png,"tf.Tensor(5.419, shape=(), dtype=float32)",5.0358543,0.00525951012969017
/tmp/DataSetCombined/Edges/Round-3_0052801_edge.png,"tf.Tensor(5.114, shape=(), dtype=float32)",4.805356,0.00525951012969017
/tmp/DataSetCombined/Edges/Round-5_0022040_edge.png,"tf.Tensor(5.033, shape=(), dtype=float32)",4.679838,0.00525951012969017
/tmp/DataSetCombined/Edges/Round-4_0089911_edge.png,"tf.Tensor(3.488, shape=(), dtype=float32)",3.3529115,0.00525951012969017
/tmp/DataSetCombined/Edges/Round-9_0031970_edge.png,"tf.Tensor(3.136, shape=(), dtype=float32)",3.0643442,0.00525951012969017
/tmp/DataSetCombined/Edges/Round-7_0048614_edge.png,"tf.Tensor(4.408, shape=(), dtype=float32)",4.1060677,0.00525951012969017
/tmp/DataSetCombined/Edges/Round-1_0004970_edge.png,"tf.Tensor(4.962, shape=(), dtype=float32)",4.5905824,0.00525951012969017
/tmp/DataSetCombined/Edges/Round-1_0009134_edge.png,"tf.Tensor(4.29, shape=(), dtype=float32)",4.004389,0.00525951012969017
/tmp/DataSetCombined/Edges/Round-7_0022097_edge.png,"tf.Tensor(5.078, shape=(), dtype=float32)",4.709392,0.00525951012969017
/tmp/DataSetCombined/Edges/Round-6_0041630_edge.png,"tf.Tensor(2.18, shape=(), dtype=float32)",2.2279623,0.00525951012969017
/tmp/DataSetCombined/Edges/Round-4_0026551_edge.png,"tf.Tensor(3.448, shape=(), dtype=float32)",3.385573,0.00525951012969017
/tmp/DataSetCombined/Edges/Round-5_0089372_edge.png,"tf.Tensor(5.441, shape=(), dtype=float32)",5.114345,0.005137257277965546
/tmp/DataSetCombined/Edges/Round-9_0097105_edge.png,"tf.Tensor(5.153, shape=(), dtype=float32)",4.747297,0.005137257277965546
/tmp/DataSetCombined/Edges/Round-6_0083739_edge.png,"tf.Tensor(4.446, shape=(), dtype=float32)",4.148787,0.005137257277965546
/tmp/DataSetCombined/Edges/Round-8_0033074_edge.png,"tf.Tensor(5.563, shape=(), dtype=float32)",5.176757,0.005137257277965546
/tmp/DataSetCombined/Edges/Round-5_0017796_edge.png,"tf.Tensor(5.577, shape=(), dtype=float32)",5.1591997,0.005137257277965546
/tmp/DataSetCombined/Edges/Round-10_0028868_edge.png,"tf.Tensor(5.157, shape=(), dtype=float32)",4.738139,0.005137257277965546
/tmp/DataSetCombined/Edges/Round-8_0086200_edge.png,"tf.Tensor(5.673, shape=(), dtype=float32)",5.265558,0.005137257277965546
/tmp/DataSetCombined/Edges/Round-3_0027844_edge.png,"tf.Tensor(5.65, shape=(), dtype=float32)",5.2261033,0.005137257277965546
/tmp/DataSetCombined/Edges/Round-8_0070018_edge.png,"tf.Tensor(2.526, shape=(), dtype=float32)",2.5852027,0.005137257277965546
/tmp/DataSetCombined/Edges/Round-1_0071600_edge.png,"tf.Tensor(2.565, shape=(), dtype=float32)",2.6293025,0.005137257277965546
/tmp/DataSetCombined/Edges/Round-8_0073148_edge.png,"tf.Tensor(2.995, shape=(), dtype=float32)",2.967245,0.005137257277965546
/tmp/DataSetCombined/Edges/Round-5_0096807_edge.png,"tf.Tensor(5.084, shape=(), dtype=float32)",4.7270703,0.005137257277965546
/tmp/DataSetCombined/Edges/Round-7_0087294_edge.png,"tf.Tensor(5.441, shape=(), dtype=float32)",5.1765943,0.005137257277965546
/tmp/DataSetCombined/Edges/Round-8_0063655_edge.png,"tf.Tensor(2.518, shape=(), dtype=float32)",2.5980484,0.005137257277965546
/tmp/DataSetCombined/Edges/Round-1_0056501_edge.png,"tf.Tensor(3.511, shape=(), dtype=float32)",3.3686862,0.005137257277965546
/tmp/DataSetCombined/Edges/Round-7_0063122_edge.png,"tf.Tensor(4.262, shape=(), dtype=float32)",3.9768405,0.005137257277965546
/tmp/DataSetCombined/Edges/Round-3_0065198_edge.png,"tf.Tensor(5.569, shape=(), dtype=float32)",5.2216544,0.005137257277965546
/tmp/DataSetCombined/Edges/Round-9_0184454_edge.png,"tf.Tensor(5.565, shape=(), dtype=float32)",5.167215,0.005137257277965546
/tmp/DataSetCombined/Edges/Round-8_0043861_edge.png,"tf.Tensor(1.682, shape=(), dtype=float32)",1.6496735,0.005137257277965546
/tmp/DataSetCombined/Edges/Round-7_0130215_edge.png,"tf.Tensor(2.0, shape=(), dtype=float32)",2.0697143,0.005137257277965546
/tmp/DataSetCombined/Edges/Round-8_0048497_edge.png,"tf.Tensor(2.836, shape=(), dtype=float32)",2.865897,0.005137257277965546
/tmp/DataSetCombined/Edges/Round-4_0061015_edge.png,"tf.Tensor(5.033, shape=(), dtype=float32)",4.6874795,0.005137257277965546
/tmp/DataSetCombined/Edges/Round-8_0054234_edge.png,"tf.Tensor(5.213, shape=(), dtype=float32)",4.790495,0.005137257277965546
/tmp/DataSetCombined/Edges/Round-7_0119680_edge.png,"tf.Tensor(5.672, shape=(), dtype=float32)",5.2771697,0.005137257277965546
/tmp/DataSetCombined/Edges/Round-8_0006285_edge.png,"tf.Tensor(5.164, shape=(), dtype=float32)",4.7489967,0.005137257277965546
/tmp/DataSetCombined/Edges/Round-10_0114652_edge.png,"tf.Tensor(3.865, shape=(), dtype=float32)",3.702699,0.005137257277965546
/tmp/DataSetCombined/Edges/Round-4_0030796_edge.png,"tf.Tensor(5.469, shape=(), dtype=float32)",5.1227574,0.005137257277965546
/tmp/DataSetCombined/Edges/Round-8_0026663_edge.png,"tf.Tensor(2.387, shape=(), dtype=float32)",2.4989555,0.005137257277965546
/tmp/DataSetCombined/Edges/Round-10_0025467_edge.png,"tf.Tensor(2.572, shape=(), dtype=float32)",2.6314127,0.005137257277965546
/tmp/DataSetCombined/Edges/Round-8_0056160_edge.png,"tf.Tensor(5.498, shape=(), dtype=float32)",5.1526465,0.005137257277965546
/tmp/DataSetCombined/Edges/Round-1_0111312_edge.png,"tf.Tensor(5.032, shape=(), dtype=float32)",4.685184,0.005137257277965546
/tmp/DataSetCombined/Edges/Round-7_0128980_edge.png,"tf.Tensor(3.364, shape=(), dtype=float32)",3.3324542,0.005137257277965546
/tmp/DataSetCombined/Edges/Round-6_0134759_edge.png,"tf.Tensor(2.156, shape=(), dtype=float32)",2.2997923,0.005137257277965546
/tmp/DataSetCombined/Edges/Round-10_0076275_edge.png,"tf.Tensor(4.978, shape=(), dtype=float32)",4.695983,0.005137257277965546
/tmp/DataSetCombined/Edges/Round-9_0016107_edge.png,"tf.Tensor(2.757, shape=(), dtype=float32)",2.7235625,0.005137257277965546
/tmp/DataSetCombined/Edges/Round-9_0087232_edge.png,"tf.Tensor(2.52, shape=(), dtype=float32)",2.5621517,0.005137257277965546
/tmp/DataSetCombined/Edges/Round-5_0117245_edge.png,"tf.Tensor(4.96, shape=(), dtype=float32)",4.5901294,0.005137257277965546
/tmp/DataSetCombined/Edges/Round-1_0119710_edge.png,"tf.Tensor(2.555, shape=(), dtype=float32)",2.667704,0.005137257277965546
/tmp/DataSetCombined/Edges/Round-8_0017585_edge.png,"tf.Tensor(5.034, shape=(), dtype=float32)",4.6819816,0.005137257277965546
/tmp/DataSetCombined/Edges/Round-3_0063421_edge.png,"tf.Tensor(5.549, shape=(), dtype=float32)",5.225434,0.005137257277965546
/tmp/DataSetCombined/Edges/Round-3_0056108_edge.png,"tf.Tensor(5.14, shape=(), dtype=float32)",4.806434,0.005137257277965546
/tmp/DataSetCombined/Edges/Round-8_0061651_edge.png,"tf.Tensor(2.588, shape=(), dtype=float32)",2.6475656,0.005137257277965546
/tmp/DataSetCombined/Edges/Round-10_0105502_edge.png,"tf.Tensor(3.511, shape=(), dtype=float32)",3.3730738,0.005137257277965546
/tmp/DataSetCombined/Edges/Round-2_0100759_edge.png,"tf.Tensor(5.615, shape=(), dtype=float32)",5.2185388,0.005137257277965546
/tmp/DataSetCombined/Edges/Round-9_0099995_edge.png,"tf.Tensor(3.128, shape=(), dtype=float32)",3.1163988,0.005137257277965546
/tmp/DataSetCombined/Edges/Round-1_0136235_edge.png,"tf.Tensor(2.109, shape=(), dtype=float32)",2.1859734,0.005137257277965546
/tmp/DataSetCombined/Edges/Round-3_0082294_edge.png,"tf.Tensor(4.397, shape=(), dtype=float32)",4.1028748,0.005137257277965546
/tmp/DataSetCombined/Edges/Round-1_0106918_edge.png,"tf.Tensor(3.13, shape=(), dtype=float32)",3.0757928,0.005137257277965546
/tmp/DataSetCombined/Edges/Round-9_0034498_edge.png,"tf.Tensor(1.884, shape=(), dtype=float32)",1.9243065,0.005137257277965546
/tmp/DataSetCombined/Edges/Round-5_0119723_edge.png,"tf.Tensor(2.92, shape=(), dtype=float32)",2.9182584,0.005137257277965546
/tmp/DataSetCombined/Edges/Round-4_0031126_edge.png,"tf.Tensor(4.235, shape=(), dtype=float32)",4.0428414,0.005137257277965546
/tmp/DataSetCombined/Edges/Round-5_0064781_edge.png,"tf.Tensor(5.509, shape=(), dtype=float32)",5.120208,0.005137257277965546
/tmp/DataSetCombined/Edges/Round-2_0107834_edge.png,"tf.Tensor(4.867, shape=(), dtype=float32)",4.5985622,0.005137257277965546
/tmp/DataSetCombined/Edges/Round-10_0128287_edge.png,"tf.Tensor(2.529, shape=(), dtype=float32)",2.586265,0.005137257277965546
/tmp/DataSetCombined/Edges/Round-6_0132230_edge.png,"tf.Tensor(3.325, shape=(), dtype=float32)",3.2075617,0.005137257277965546
/tmp/DataSetCombined/Edges/Round-10_0013427_edge.png,"tf.Tensor(3.416, shape=(), dtype=float32)",3.2712345,0.005137257277965546
/tmp/DataSetCombined/Edges/Round-8_0088337_edge.png,"tf.Tensor(2.413, shape=(), dtype=float32)",2.5237722,0.005137257277965546
/tmp/DataSetCombined/Edges/Round-9_0162482_edge.png,"tf.Tensor(5.561, shape=(), dtype=float32)",5.1703305,0.005137257277965546
/tmp/DataSetCombined/Edges/Round-10_0017731_edge.png,"tf.Tensor(3.439, shape=(), dtype=float32)",3.3919926,0.005137257277965546
/tmp/DataSetCombined/Edges/Round-6_0089245_edge.png,"tf.Tensor(5.355, shape=(), dtype=float32)",5.0538993,0.005137257277965546
/tmp/DataSetCombined/Edges/Round-10_0094666_edge.png,"tf.Tensor(3.102, shape=(), dtype=float32)",2.989139,0.005137257277965546
/tmp/DataSetCombined/Edges/Round-2_0005000_edge.png,"tf.Tensor(4.954, shape=(), dtype=float32)",4.5890236,0.005137257277965546
/tmp/DataSetCombined/Edges/Round-10_0120521_edge.png,"tf.Tensor(4.659, shape=(), dtype=float32)",4.3545628,0.005137257277965546
/tmp/DataSetCombined/Edges/Round-3_0053367_edge.png,"tf.Tensor(4.268, shape=(), dtype=float32)",3.9890323,0.005137257277965546
/tmp/DataSetCombined/Edges/Round-2_0060067_edge.png,"tf.Tensor(1.899, shape=(), dtype=float32)",1.9880717,0.005699310451745987
/tmp/DataSetCombined/Edges/Round-6_0005394_edge.png,"tf.Tensor(4.263, shape=(), dtype=float32)",3.9714432,0.005699310451745987
/tmp/DataSetCombined/Edges/Round-2_0075927_edge.png,"tf.Tensor(5.585, shape=(), dtype=float32)",5.188599,0.005699310451745987
/tmp/DataSetCombined/Edges/Round-10_0128739_edge.png,"tf.Tensor(2.058, shape=(), dtype=float32)",2.1251864,0.005699310451745987
/tmp/DataSetCombined/Edges/Round-8_0040177_edge.png,"tf.Tensor(3.073, shape=(), dtype=float32)",3.086965,0.005699310451745987
/tmp/DataSetCombined/Edges/Round-6_0043918_edge.png,"tf.Tensor(2.988, shape=(), dtype=float32)",2.972131,0.005699310451745987
/tmp/DataSetCombined/Edges/Round-10_0142796_edge.png,"tf.Tensor(5.285, shape=(), dtype=float32)",4.9961457,0.005699310451745987
/tmp/DataSetCombined/Edges/Round-4_0076757_edge.png,"tf.Tensor(5.444, shape=(), dtype=float32)",5.1293077,0.005699310451745987
/tmp/DataSetCombined/Edges/Round-5_0064811_edge.png,"tf.Tensor(5.568, shape=(), dtype=float32)",5.1682763,0.005699310451745987
/tmp/DataSetCombined/Edges/Round-6_0012524_edge.png,"tf.Tensor(1.948, shape=(), dtype=float32)",2.0325384,0.005699310451745987
/tmp/DataSetCombined/Edges/Round-4_0050781_edge.png,"tf.Tensor(4.596, shape=(), dtype=float32)",4.423261,0.005699310451745987
/tmp/DataSetCombined/Edges/Round-9_0128288_edge.png,"tf.Tensor(3.487, shape=(), dtype=float32)",3.3426826,0.005699310451745987
/tmp/DataSetCombined/Edges/Round-9_0194748_edge.png,"tf.Tensor(2.479, shape=(), dtype=float32)",2.5166879,0.005699310451745987
/tmp/DataSetCombined/Edges/Round-5_0103429_edge.png,"tf.Tensor(5.083, shape=(), dtype=float32)",4.7195506,0.005699310451745987
/tmp/DataSetCombined/Edges/Round-1_0028401_edge.png,"tf.Tensor(5.036, shape=(), dtype=float32)",4.69114,0.005699310451745987
/tmp/DataSetCombined/Edges/Round-8_0028872_edge.png,"tf.Tensor(5.517, shape=(), dtype=float32)",5.179797,0.005699310451745987
/tmp/DataSetCombined/Edges/Round-9_0153401_edge.png,"tf.Tensor(5.189, shape=(), dtype=float32)",4.789831,0.005699310451745987
/tmp/DataSetCombined/Edges/Round-10_0166152_edge.png,"tf.Tensor(2.822, shape=(), dtype=float32)",2.9129782,0.005699310451745987
/tmp/DataSetCombined/Edges/Round-10_0106345_edge.png,"tf.Tensor(5.572, shape=(), dtype=float32)",5.218045,0.005699310451745987
/tmp/DataSetCombined/Edges/Round-1_0108242_edge.png,"tf.Tensor(4.791, shape=(), dtype=float32)",4.4842052,0.005699310451745987
/tmp/DataSetCombined/Edges/Round-8_0032502_edge.png,"tf.Tensor(5.678, shape=(), dtype=float32)",5.2799473,0.005699310451745987
/tmp/DataSetCombined/Edges/Round-7_0037237_edge.png,"tf.Tensor(3.091, shape=(), dtype=float32)",3.0388184,0.005699310451745987
/tmp/DataSetCombined/Edges/Round-2_0096665_edge.png,"tf.Tensor(1.931, shape=(), dtype=float32)",2.0629668,0.005699310451745987
/tmp/DataSetCombined/Edges/Round-5_0093526_edge.png,"tf.Tensor(1.545, shape=(), dtype=float32)",1.5477885,0.005699310451745987
/tmp/DataSetCombined/Edges/Round-4_0012990_edge.png,"tf.Tensor(3.55, shape=(), dtype=float32)",3.4744704,0.005699310451745987
/tmp/DataSetCombined/Edges/Round-8_0009837_edge.png,"tf.Tensor(4.955, shape=(), dtype=float32)",4.5856733,0.005699310451745987
/tmp/DataSetCombined/Edges/Round-9_0096142_edge.png,"tf.Tensor(4.389, shape=(), dtype=float32)",4.0832834,0.005699310451745987
/tmp/DataSetCombined/Edges/Round-9_0009335_edge.png,"tf.Tensor(1.845, shape=(), dtype=float32)",1.8980726,0.005699310451745987
/tmp/DataSetCombined/Edges/Round-7_0101500_edge.png,"tf.Tensor(2.699, shape=(), dtype=float32)",2.6848125,0.005699310451745987
/tmp/DataSetCombined/Edges/Round-1_0017800_edge.png,"tf.Tensor(4.797, shape=(), dtype=float32)",4.497155,0.005699310451745987
/tmp/DataSetCombined/Edges/Round-9_0045364_edge.png,"tf.Tensor(3.455, shape=(), dtype=float32)",3.3057036,0.005699310451745987
/tmp/DataSetCombined/Edges/Round-2_0111354_edge.png,"tf.Tensor(5.042, shape=(), dtype=float32)",4.6604233,0.005699310451745987
/tmp/DataSetCombined/Edges/Round-5_0033869_edge.png,"tf.Tensor(5.56, shape=(), dtype=float32)",5.16672,0.005699310451745987
/tmp/DataSetCombined/Edges/Round-5_0037691_edge.png,"tf.Tensor(5.155, shape=(), dtype=float32)",4.7376385,0.005699310451745987
/tmp/DataSetCombined/Edges/Round-4_0047591_edge.png,"tf.Tensor(5.152, shape=(), dtype=float32)",4.7370353,0.005699310451745987
/tmp/DataSetCombined/Edges/Round-4_0038139_edge.png,"tf.Tensor(5.366, shape=(), dtype=float32)",4.9755054,0.005699310451745987
/tmp/DataSetCombined/Edges/Round-7_0040758_edge.png,"tf.Tensor(5.065, shape=(), dtype=float32)",4.7183185,0.005699310451745987
/tmp/DataSetCombined/Edges/Round-7_0045815_edge.png,"tf.Tensor(5.537, shape=(), dtype=float32)",5.191468,0.005699310451745987
/tmp/DataSetCombined/Edges/Round-5_0082329_edge.png,"tf.Tensor(5.447, shape=(), dtype=float32)",5.136318,0.005699310451745987
/tmp/DataSetCombined/Edges/Round-7_0037418_edge.png,"tf.Tensor(5.114, shape=(), dtype=float32)",4.7744236,0.005699310451745987
/tmp/DataSetCombined/Edges/Round-7_0000425_edge.png,"tf.Tensor(3.502, shape=(), dtype=float32)",3.365289,0.005699310451745987
/tmp/DataSetCombined/Edges/Round-8_0061199_edge.png,"tf.Tensor(5.223, shape=(), dtype=float32)",4.813919,0.005699310451745987
/tmp/DataSetCombined/Edges/Round-3_0013276_edge.png,"tf.Tensor(5.444, shape=(), dtype=float32)",5.133628,0.005699310451745987
/tmp/DataSetCombined/Edges/Round-8_0001963_edge.png,"tf.Tensor(2.396, shape=(), dtype=float32)",2.563335,0.005699310451745987
/tmp/DataSetCombined/Edges/Round-6_0081784_edge.png,"tf.Tensor(4.933, shape=(), dtype=float32)",4.7235975,0.005699310451745987
/tmp/DataSetCombined/Edges/Round-10_0169162_edge.png,"tf.Tensor(3.744, shape=(), dtype=float32)",3.6707754,0.005699310451745987
/tmp/DataSetCombined/Edges/Round-6_0095930_edge.png,"tf.Tensor(5.675, shape=(), dtype=float32)",5.2824945,0.005699310451745987
/tmp/DataSetCombined/Edges/Round-8_0035211_edge.png,"tf.Tensor(4.957, shape=(), dtype=float32)",4.5927777,0.005699310451745987
/tmp/DataSetCombined/Edges/Round-5_0097138_edge.png,"tf.Tensor(3.906, shape=(), dtype=float32)",3.8347702,0.005699310451745987
/tmp/DataSetCombined/Edges/Round-8_0005003_edge.png,"tf.Tensor(3.23, shape=(), dtype=float32)",3.240624,0.005699310451745987
/tmp/DataSetCombined/Edges/Round-1_0005602_edge.png,"tf.Tensor(4.649, shape=(), dtype=float32)",4.340662,0.005699310451745987
/tmp/DataSetCombined/Edges/Round-1_0088226_edge.png,"tf.Tensor(2.065, shape=(), dtype=float32)",2.1143703,0.005699310451745987
/tmp/DataSetCombined/Edges/Round-8_0010782_edge.png,"tf.Tensor(2.981, shape=(), dtype=float32)",3.073264,0.005699310451745987
/tmp/DataSetCombined/Edges/Round-5_0040190_edge.png,"tf.Tensor(5.447, shape=(), dtype=float32)",5.129904,0.005699310451745987
/tmp/DataSetCombined/Edges/Round-1_0012334_edge.png,"tf.Tensor(5.67, shape=(), dtype=float32)",5.259242,0.005699310451745987
/tmp/DataSetCombined/Edges/Round-8_0031731_edge.png,"tf.Tensor(5.537, shape=(), dtype=float32)",5.212286,0.005699310451745987
/tmp/DataSetCombined/Edges/Round-2_0037800_edge.png,"tf.Tensor(2.343, shape=(), dtype=float32)",2.453433,0.005699310451745987
/tmp/DataSetCombined/Edges/Round-8_0001152_edge.png,"tf.Tensor(2.78, shape=(), dtype=float32)",2.8121376,0.005699310451745987
/tmp/DataSetCombined/Edges/Round-8_0042687_edge.png,"tf.Tensor(2.849, shape=(), dtype=float32)",2.8159087,0.005699310451745987
/tmp/DataSetCombined/Edges/Round-10_0120762_edge.png,"tf.Tensor(4.956, shape=(), dtype=float32)",4.5959845,0.005699310451745987
/tmp/DataSetCombined/Edges/Round-3_0025225_edge.png,"tf.Tensor(5.571, shape=(), dtype=float32)",5.2149744,0.005699310451745987
/tmp/DataSetCombined/Edges/Round-8_0024116_edge.png,"tf.Tensor(5.342, shape=(), dtype=float32)",4.9556646,0.005699310451745987
/tmp/DataSetCombined/Edges/Round-1_0005272_edge.png,"tf.Tensor(5.667, shape=(), dtype=float32)",5.251344,0.005699310451745987
/tmp/DataSetCombined/Edges/Round-7_0070196_edge.png,"tf.Tensor(5.152, shape=(), dtype=float32)",4.734934,0.005699310451745987
/tmp/DataSetCombined/Edges/Round-4_0090483_edge.png,"tf.Tensor(3.144, shape=(), dtype=float32)",3.0778623,0.005027100443840027
/tmp/DataSetCombined/Edges/Round-8_0004028_edge.png,"tf.Tensor(1.717, shape=(), dtype=float32)",1.7148824,0.005027100443840027
/tmp/DataSetCombined/Edges/Round-5_0037420_edge.png,"tf.Tensor(4.265, shape=(), dtype=float32)",3.9716005,0.005027100443840027
/tmp/DataSetCombined/Edges/Round-3_0038680_edge.png,"tf.Tensor(2.53, shape=(), dtype=float32)",2.604954,0.005027100443840027
/tmp/DataSetCombined/Edges/Round-3_0056951_edge.png,"tf.Tensor(2.754, shape=(), dtype=float32)",2.8174047,0.005027100443840027
/tmp/DataSetCombined/Edges/Round-8_0038251_edge.png,"tf.Tensor(3.379, shape=(), dtype=float32)",3.2683396,0.005027100443840027
/tmp/DataSetCombined/Edges/Round-10_0019597_edge.png,"tf.Tensor(2.616, shape=(), dtype=float32)",2.6623049,0.005027100443840027
/tmp/DataSetCombined/Edges/Round-5_0042387_edge.png,"tf.Tensor(3.479, shape=(), dtype=float32)",3.4275794,0.005027100443840027
/tmp/DataSetCombined/Edges/Round-10_0128498_edge.png,"tf.Tensor(2.67, shape=(), dtype=float32)",2.7244785,0.005027100443840027
/tmp/DataSetCombined/Edges/Round-5_0085618_edge.png,"tf.Tensor(5.535, shape=(), dtype=float32)",5.1555395,0.005027100443840027
/tmp/DataSetCombined/Edges/Round-6_0060231_edge.png,"tf.Tensor(5.52, shape=(), dtype=float32)",5.182433,0.005027100443840027
/tmp/DataSetCombined/Edges/Round-9_0062731_edge.png,"tf.Tensor(4.954, shape=(), dtype=float32)",4.5820203,0.005027100443840027
/tmp/DataSetCombined/Edges/Round-9_0158689_edge.png,"tf.Tensor(1.96, shape=(), dtype=float32)",2.0870001,0.005027100443840027
/tmp/DataSetCombined/Edges/Round-7_0024776_edge.png,"tf.Tensor(4.466, shape=(), dtype=float32)",4.159875,0.005027100443840027
/tmp/DataSetCombined/Edges/Round-5_0096927_edge.png,"tf.Tensor(4.531, shape=(), dtype=float32)",4.2414837,0.005027100443840027
/tmp/DataSetCombined/Edges/Round-5_0017555_edge.png,"tf.Tensor(2.041, shape=(), dtype=float32)",2.1445358,0.005027100443840027
/tmp/DataSetCombined/Edges/Round-1_0013167_edge.png,"tf.Tensor(3.5, shape=(), dtype=float32)",3.4180028,0.005027100443840027
/tmp/DataSetCombined/Edges/Round-8_0030678_edge.png,"tf.Tensor(5.326, shape=(), dtype=float32)",5.0278735,0.005027100443840027
/tmp/DataSetCombined/Edges/Round-5_0020565_edge.png,"tf.Tensor(5.568, shape=(), dtype=float32)",5.220897,0.005027100443840027
/tmp/DataSetCombined/Edges/Round-10_0141592_edge.png,"tf.Tensor(3.75, shape=(), dtype=float32)",3.671247,0.005027100443840027
/tmp/DataSetCombined/Edges/Round-2_0088358_edge.png,"tf.Tensor(1.778, shape=(), dtype=float32)",1.8377881,0.005027100443840027
/tmp/DataSetCombined/Edges/Round-9_0154957_edge.png,"tf.Tensor(5.444, shape=(), dtype=float32)",5.1288004,0.005027100443840027
/tmp/DataSetCombined/Edges/Round-9_0187586_edge.png,"tf.Tensor(2.928, shape=(), dtype=float32)",2.9936755,0.005027100443840027
/tmp/DataSetCombined/Edges/Round-2_0043000_edge.png,"tf.Tensor(4.643, shape=(), dtype=float32)",4.382578,0.005027100443840027
/tmp/DataSetCombined/Edges/Round-3_0082987_edge.png,"tf.Tensor(3.143, shape=(), dtype=float32)",3.1678433,0.005027100443840027
/tmp/DataSetCombined/Edges/Round-9_0049728_edge.png,"tf.Tensor(4.445, shape=(), dtype=float32)",4.1281624,0.005027100443840027
/tmp/DataSetCombined/Edges/Round-9_0101078_edge.png,"tf.Tensor(2.508, shape=(), dtype=float32)",2.5690143,0.005027100443840027
/tmp/DataSetCombined/Edges/Round-10_0143818_edge.png,"tf.Tensor(5.602, shape=(), dtype=float32)",5.251041,0.005027100443840027
/tmp/DataSetCombined/Edges/Round-8_0019902_edge.png,"tf.Tensor(5.443, shape=(), dtype=float32)",5.127894,0.005027100443840027
/tmp/DataSetCombined/Edges/Round-4_0071430_edge.png,"tf.Tensor(5.519, shape=(), dtype=float32)",5.1759605,0.005027100443840027
/tmp/DataSetCombined/Edges/Round-1_0161579_edge.png,"tf.Tensor(4.736, shape=(), dtype=float32)",4.4266315,0.005027100443840027
/tmp/DataSetCombined/Edges/Round-8_0052297_edge.png,"tf.Tensor(5.498, shape=(), dtype=float32)",5.218566,0.005027100443840027
/tmp/DataSetCombined/Edges/Round-5_0003122_edge.png,"tf.Tensor(5.208, shape=(), dtype=float32)",4.800436,0.005027100443840027
/tmp/DataSetCombined/Edges/Round-3_0000567_edge.png,"tf.Tensor(4.133, shape=(), dtype=float32)",3.9415696,0.005027100443840027
/tmp/DataSetCombined/Edges/Round-4_0046868_edge.png,"tf.Tensor(3.539, shape=(), dtype=float32)",3.39159,0.005027100443840027
/tmp/DataSetCombined/Edges/Round-1_0073869_edge.png,"tf.Tensor(5.653, shape=(), dtype=float32)",5.212533,0.005027100443840027
/tmp/DataSetCombined/Edges/Round-1_0018134_edge.png,"tf.Tensor(2.338, shape=(), dtype=float32)",2.377866,0.005027100443840027
/tmp/DataSetCombined/Edges/Round-10_0112304_edge.png,"tf.Tensor(1.7, shape=(), dtype=float32)",1.7298954,0.005027100443840027
/tmp/DataSetCombined/Edges/Round-1_0051986_edge.png,"tf.Tensor(4.327, shape=(), dtype=float32)",4.040363,0.005027100443840027
/tmp/DataSetCombined/Edges/Round-7_0025317_edge.png,"tf.Tensor(2.471, shape=(), dtype=float32)",2.475455,0.005027100443840027
/tmp/DataSetCombined/Edges/Round-8_0072667_edge.png,"tf.Tensor(2.029, shape=(), dtype=float32)",2.1296694,0.005027100443840027
/tmp/DataSetCombined/Edges/Round-2_0077178_edge.png,"tf.Tensor(4.817, shape=(), dtype=float32)",4.555268,0.005027100443840027
/tmp/DataSetCombined/Edges/Round-5_0105446_edge.png,"tf.Tensor(2.502, shape=(), dtype=float32)",2.558758,0.005027100443840027
/tmp/DataSetCombined/Edges/Round-1_0110590_edge.png,"tf.Tensor(4.597, shape=(), dtype=float32)",4.3167524,0.005027100443840027
/tmp/DataSetCombined/Edges/Round-10_0066613_edge.png,"tf.Tensor(4.794, shape=(), dtype=float32)",4.5035224,0.005027100443840027
/tmp/DataSetCombined/Edges/Round-10_0125127_edge.png,"tf.Tensor(2.089, shape=(), dtype=float32)",2.156063,0.005027100443840027
/tmp/DataSetCombined/Edges/Round-10_0076997_edge.png,"tf.Tensor(4.263, shape=(), dtype=float32)",3.9736598,0.005027100443840027
/tmp/DataSetCombined/Edges/Round-7_0053039_edge.png,"tf.Tensor(1.67, shape=(), dtype=float32)",1.6374272,0.005027100443840027
/tmp/DataSetCombined/Edges/Round-2_0096906_edge.png,"tf.Tensor(5.156, shape=(), dtype=float32)",4.7354784,0.005027100443840027
/tmp/DataSetCombined/Edges/Round-3_0043195_edge.png,"tf.Tensor(1.842, shape=(), dtype=float32)",1.8862095,0.005027100443840027
/tmp/DataSetCombined/Edges/Round-5_0043530_edge.png,"tf.Tensor(5.408, shape=(), dtype=float32)",5.166717,0.005027100443840027
/tmp/DataSetCombined/Edges/Round-1_0092320_edge.png,"tf.Tensor(5.151, shape=(), dtype=float32)",4.899525,0.005027100443840027
/tmp/DataSetCombined/Edges/Round-7_0033986_edge.png,"tf.Tensor(4.541, shape=(), dtype=float32)",4.2457404,0.005027100443840027
/tmp/DataSetCombined/Edges/Round-4_0070165_edge.png,"tf.Tensor(1.712, shape=(), dtype=float32)",1.6953578,0.005027100443840027
/tmp/DataSetCombined/Edges/Round-1_0082056_edge.png,"tf.Tensor(2.498, shape=(), dtype=float32)",2.504555,0.005027100443840027
/tmp/DataSetCombined/Edges/Round-7_0039856_edge.png,"tf.Tensor(5.517, shape=(), dtype=float32)",5.1668916,0.005027100443840027
/tmp/DataSetCombined/Edges/Round-7_0045243_edge.png,"tf.Tensor(5.489, shape=(), dtype=float32)",5.1211653,0.005027100443840027
/tmp/DataSetCombined/Edges/Round-8_0013702_edge.png,"tf.Tensor(4.954, shape=(), dtype=float32)",4.5868216,0.005027100443840027
/tmp/DataSetCombined/Edges/Round-2_0087726_edge.png,"tf.Tensor(1.944, shape=(), dtype=float32)",2.054292,0.005027100443840027
/tmp/DataSetCombined/Edges/Round-6_0038138_edge.png,"tf.Tensor(2.237, shape=(), dtype=float32)",2.3330035,0.005027100443840027
/tmp/DataSetCombined/Edges/Round-10_0073506_edge.png,"tf.Tensor(5.449, shape=(), dtype=float32)",5.12989,0.005027100443840027
/tmp/DataSetCombined/Edges/Round-2_0088027_edge.png,"tf.Tensor(5.52, shape=(), dtype=float32)",5.168058,0.005027100443840027
/tmp/DataSetCombined/Edges/Round-9_0103373_edge.png,"tf.Tensor(3.124, shape=(), dtype=float32)",3.0820131,0.005027100443840027
/tmp/DataSetCombined/Edges/Round-8_0012377_edge.png,"tf.Tensor(3.392, shape=(), dtype=float32)",3.3678932,0.005027100443840027
/tmp/DataSetCombined/Edges/Round-10_0189901_edge.png,"tf.Tensor(2.339, shape=(), dtype=float32)",2.4547572,0.005890756845474243
/tmp/DataSetCombined/Edges/Round-4_0052377_edge.png,"tf.Tensor(5.449, shape=(), dtype=float32)",5.128756,0.005890756845474243
/tmp/DataSetCombined/Edges/Round-5_0011444_edge.png,"tf.Tensor(2.828, shape=(), dtype=float32)",2.8594742,0.005890756845474243
/tmp/DataSetCombined/Edges/Round-9_0088818_edge.png,"tf.Tensor(4.152, shape=(), dtype=float32)",3.9871116,0.005890756845474243
/tmp/DataSetCombined/Edges/Round-1_0011300_edge.png,"tf.Tensor(4.953, shape=(), dtype=float32)",4.588974,0.005890756845474243
/tmp/DataSetCombined/Edges/Round-2_0053472_edge.png,"tf.Tensor(3.881, shape=(), dtype=float32)",3.719327,0.005890756845474243
/tmp/DataSetCombined/Edges/Round-4_0068360_edge.png,"tf.Tensor(4.963, shape=(), dtype=float32)",4.5938835,0.005890756845474243
/tmp/DataSetCombined/Edges/Round-6_0023420_edge.png,"tf.Tensor(5.023, shape=(), dtype=float32)",4.651795,0.005890756845474243
/tmp/DataSetCombined/Edges/Round-7_0077269_edge.png,"tf.Tensor(4.669, shape=(), dtype=float32)",4.39843,0.005890756845474243
/tmp/DataSetCombined/Edges/Round-3_0065589_edge.png,"tf.Tensor(2.406, shape=(), dtype=float32)",2.5074117,0.005890756845474243
/tmp/DataSetCombined/Edges/Round-4_0061226_edge.png,"tf.Tensor(1.793, shape=(), dtype=float32)",1.7911196,0.005890756845474243
/tmp/DataSetCombined/Edges/Round-8_0026151_edge.png,"tf.Tensor(5.521, shape=(), dtype=float32)",5.1766696,0.005890756845474243
/tmp/DataSetCombined/Edges/Round-1_0053734_edge.png,"tf.Tensor(2.468, shape=(), dtype=float32)",2.630829,0.005890756845474243
/tmp/DataSetCombined/Edges/Round-8_0020282_edge.png,"tf.Tensor(4.99, shape=(), dtype=float32)",4.6309166,0.005890756845474243
/tmp/DataSetCombined/Edges/Round-4_0040096_edge.png,"tf.Tensor(5.19, shape=(), dtype=float32)",4.7833724,0.005890756845474243
/tmp/DataSetCombined/Edges/Round-1_0096926_edge.png,"tf.Tensor(1.829, shape=(), dtype=float32)",1.874522,0.005890756845474243
/tmp/DataSetCombined/Edges/Round-5_0091058_edge.png,"tf.Tensor(2.749, shape=(), dtype=float32)",2.856071,0.005890756845474243
/tmp/DataSetCombined/Edges/Round-1_0152880_edge.png,"tf.Tensor(2.885, shape=(), dtype=float32)",2.963065,0.005890756845474243
/tmp/DataSetCombined/Edges/Round-6_0010447_edge.png,"tf.Tensor(3.273, shape=(), dtype=float32)",3.2549863,0.005890756845474243
/tmp/DataSetCombined/Edges/Round-3_0073716_edge.png,"tf.Tensor(2.51, shape=(), dtype=float32)",2.6051838,0.005890756845474243
/tmp/DataSetCombined/Edges/Round-9_0069925_edge.png,"tf.Tensor(4.265, shape=(), dtype=float32)",3.9714503,0.005890756845474243
/tmp/DataSetCombined/Edges/Round-8_0007621_edge.png,"tf.Tensor(4.489, shape=(), dtype=float32)",4.173675,0.005890756845474243
/tmp/DataSetCombined/Edges/Round-10_0035791_edge.png,"tf.Tensor(3.824, shape=(), dtype=float32)",3.6893992,0.005890756845474243
/tmp/DataSetCombined/Edges/Round-8_0007712_edge.png,"tf.Tensor(5.528, shape=(), dtype=float32)",5.1990886,0.005890756845474243
/tmp/DataSetCombined/Edges/Round-4_0008822_edge.png,"tf.Tensor(1.898, shape=(), dtype=float32)",2.0097234,0.005890756845474243
/tmp/DataSetCombined/Edges/Round-10_0088887_edge.png,"tf.Tensor(5.572, shape=(), dtype=float32)",5.222903,0.005890756845474243
/tmp/DataSetCombined/Edges/Round-10_0018634_edge.png,"tf.Tensor(5.539, shape=(), dtype=float32)",5.240375,0.005890756845474243
/tmp/DataSetCombined/Edges/Round-7_0037598_edge.png,"tf.Tensor(2.464, shape=(), dtype=float32)",2.5116577,0.005890756845474243
/tmp/DataSetCombined/Edges/Round-3_0020892_edge.png,"tf.Tensor(4.035, shape=(), dtype=float32)",3.8238032,0.005890756845474243
/tmp/DataSetCombined/Edges/Round-9_0126784_edge.png,"tf.Tensor(2.18, shape=(), dtype=float32)",2.2889037,0.005890756845474243
/tmp/DataSetCombined/Edges/Round-1_0065967_edge.png,"tf.Tensor(4.957, shape=(), dtype=float32)",4.591085,0.005890756845474243
/tmp/DataSetCombined/Edges/Round-7_0092801_edge.png,"tf.Tensor(4.085, shape=(), dtype=float32)",3.9236126,0.005890756845474243
/tmp/DataSetCombined/Edges/Round-7_0019629_edge.png,"tf.Tensor(2.031, shape=(), dtype=float32)",2.1317575,0.005890756845474243
/tmp/DataSetCombined/Edges/Round-8_0058189_edge.png,"tf.Tensor(2.891, shape=(), dtype=float32)",2.9019454,0.005890756845474243
/tmp/DataSetCombined/Edges/Round-2_0072676_edge.png,"tf.Tensor(5.125, shape=(), dtype=float32)",4.785765,0.005890756845474243
/tmp/DataSetCombined/Edges/Round-10_0082596_edge.png,"tf.Tensor(2.894, shape=(), dtype=float32)",2.8962195,0.005890756845474243
/tmp/DataSetCombined/Edges/Round-3_0009423_edge.png,"tf.Tensor(4.522, shape=(), dtype=float32)",4.369582,0.005890756845474243
/tmp/DataSetCombined/Edges/Round-5_0043212_edge.png,"tf.Tensor(3.538, shape=(), dtype=float32)",3.4369593,0.005890756845474243
/tmp/DataSetCombined/Edges/Round-10_0040788_edge.png,"tf.Tensor(2.894, shape=(), dtype=float32)",2.8157394,0.005890756845474243
/tmp/DataSetCombined/Edges/Round-10_0074108_edge.png,"tf.Tensor(4.925, shape=(), dtype=float32)",4.67146,0.005890756845474243
/tmp/DataSetCombined/Edges/Round-8_0005849_edge.png,"tf.Tensor(4.797, shape=(), dtype=float32)",4.500313,0.005890756845474243
/tmp/DataSetCombined/Edges/Round-6_0056529_edge.png,"tf.Tensor(4.957, shape=(), dtype=float32)",4.5949306,0.005890756845474243
/tmp/DataSetCombined/Edges/Round-8_0039726_edge.png,"tf.Tensor(3.009, shape=(), dtype=float32)",2.9856608,0.005890756845474243
/tmp/DataSetCombined/Edges/Round-9_0133164_edge.png,"tf.Tensor(5.422, shape=(), dtype=float32)",5.0412097,0.005890756845474243
/tmp/DataSetCombined/Edges/Round-10_0028447_edge.png,"tf.Tensor(2.274, shape=(), dtype=float32)",2.3443997,0.005890756845474243
/tmp/DataSetCombined/Edges/Round-9_0109356_edge.png,"tf.Tensor(5.109, shape=(), dtype=float32)",4.756792,0.005890756845474243
/tmp/DataSetCombined/Edges/Round-8_0004870_edge.png,"tf.Tensor(5.039, shape=(), dtype=float32)",4.6853266,0.005890756845474243
/tmp/DataSetCombined/Edges/Round-7_0060053_edge.png,"tf.Tensor(5.343, shape=(), dtype=float32)",4.9497576,0.005890756845474243
/tmp/DataSetCombined/Edges/Round-9_0189511_edge.png,"tf.Tensor(3.268, shape=(), dtype=float32)",3.2493024,0.005890756845474243
/tmp/DataSetCombined/Edges/Round-9_0151706_edge.png,"tf.Tensor(5.152, shape=(), dtype=float32)",4.736131,0.005890756845474243
/tmp/DataSetCombined/Edges/Round-1_0146499_edge.png,"tf.Tensor(4.758, shape=(), dtype=float32)",4.45969,0.005890756845474243
/tmp/DataSetCombined/Edges/Round-3_0026767_edge.png,"tf.Tensor(1.932, shape=(), dtype=float32)",2.0415204,0.005890756845474243
/tmp/DataSetCombined/Edges/Round-3_0041750_edge.png,"tf.Tensor(3.395, shape=(), dtype=float32)",3.2679453,0.005890756845474243
/tmp/DataSetCombined/Edges/Round-6_0069081_edge.png,"tf.Tensor(4.836, shape=(), dtype=float32)",4.572334,0.005890756845474243
/tmp/DataSetCombined/Edges/Round-1_0109176_edge.png,"tf.Tensor(5.517, shape=(), dtype=float32)",5.164738,0.005890756845474243
/tmp/DataSetCombined/Edges/Round-4_0066252_edge.png,"tf.Tensor(4.263, shape=(), dtype=float32)",3.9773057,0.005890756845474243
/tmp/DataSetCombined/Edges/Round-9_0154415_edge.png,"tf.Tensor(4.217, shape=(), dtype=float32)",4.07472,0.005890756845474243
/tmp/DataSetCombined/Edges/Round-1_0159291_edge.png,"tf.Tensor(5.146, shape=(), dtype=float32)",4.8018656,0.005890756845474243
/tmp/DataSetCombined/Edges/Round-10_0010056_edge.png,"tf.Tensor(2.723, shape=(), dtype=float32)",2.7671828,0.005890756845474243
/tmp/DataSetCombined/Edges/Round-9_0082145_edge.png,"tf.Tensor(5.553, shape=(), dtype=float32)",5.210872,0.005890756845474243
/tmp/DataSetCombined/Edges/Round-9_0004067_edge.png,"tf.Tensor(3.077, shape=(), dtype=float32)",2.9740644,0.005890756845474243
/tmp/DataSetCombined/Edges/Round-9_0108693_edge.png,"tf.Tensor(5.649, shape=(), dtype=float32)",5.221755,0.005890756845474243
/tmp/DataSetCombined/Edges/Round-10_0145926_edge.png,"tf.Tensor(2.624, shape=(), dtype=float32)",2.6752105,0.005890756845474243
/tmp/DataSetCombined/Edges/Round-9_0006987_edge.png,"tf.Tensor(5.663, shape=(), dtype=float32)",5.249177,0.005890756845474243
/tmp/DataSetCombined/Edges/Round-3_0027821_edge.png,"tf.Tensor(3.443, shape=(), dtype=float32)",3.3867548,0.00522255152463913
/tmp/DataSetCombined/Edges/Round-10_0006031_edge.png,"tf.Tensor(5.608, shape=(), dtype=float32)",5.232733,0.00522255152463913
/tmp/DataSetCombined/Edges/Round-9_0003465_edge.png,"tf.Tensor(1.94, shape=(), dtype=float32)",2.0553265,0.00522255152463913
/tmp/DataSetCombined/Edges/Round-7_0005181_edge.png,"tf.Tensor(1.829, shape=(), dtype=float32)",1.8701414,0.00522255152463913
/tmp/DataSetCombined/Edges/Round-7_0038802_edge.png,"tf.Tensor(5.678, shape=(), dtype=float32)",5.2676663,0.00522255152463913
/tmp/DataSetCombined/Edges/Round-9_0159201_edge.png,"tf.Tensor(5.493, shape=(), dtype=float32)",5.1361985,0.00522255152463913
/tmp/DataSetCombined/Edges/Round-9_0043317_edge.png,"tf.Tensor(5.153, shape=(), dtype=float32)",4.724221,0.00522255152463913
/tmp/DataSetCombined/Edges/Round-6_0073024_edge.png,"tf.Tensor(2.509, shape=(), dtype=float32)",2.5769033,0.00522255152463913
/tmp/DataSetCombined/Edges/Round-9_0106526_edge.png,"tf.Tensor(4.788, shape=(), dtype=float32)",4.630481,0.00522255152463913
/tmp/DataSetCombined/Edges/Round-7_0026612_edge.png,"tf.Tensor(4.474, shape=(), dtype=float32)",4.1672797,0.00522255152463913
/tmp/DataSetCombined/Edges/Round-10_0140688_edge.png,"tf.Tensor(3.388, shape=(), dtype=float32)",3.3444815,0.00522255152463913
/tmp/DataSetCombined/Edges/Round-8_0058279_edge.png,"tf.Tensor(4.775, shape=(), dtype=float32)",4.4682403,0.00522255152463913
/tmp/DataSetCombined/Edges/Round-8_0072486_edge.png,"tf.Tensor(1.677, shape=(), dtype=float32)",1.6527493,0.00522255152463913
/tmp/DataSetCombined/Edges/Round-7_0057343_edge.png,"tf.Tensor(5.416, shape=(), dtype=float32)",5.0571094,0.00522255152463913
/tmp/DataSetCombined/Edges/Round-9_0145445_edge.png,"tf.Tensor(4.745, shape=(), dtype=float32)",4.4383845,0.00522255152463913
/tmp/DataSetCombined/Edges/Round-10_0029982_edge.png,"tf.Tensor(5.213, shape=(), dtype=float32)",4.803098,0.00522255152463913
/tmp/DataSetCombined/Edges/Round-1_0121095_edge.png,"tf.Tensor(2.121, shape=(), dtype=float32)",2.1747875,0.00522255152463913
/tmp/DataSetCombined/Edges/Round-3_0039974_edge.png,"tf.Tensor(3.877, shape=(), dtype=float32)",3.7849882,0.00522255152463913
/tmp/DataSetCombined/Edges/Round-9_0151074_edge.png,"tf.Tensor(4.768, shape=(), dtype=float32)",4.459695,0.00522255152463913
/tmp/DataSetCombined/Edges/Round-6_0130484_edge.png,"tf.Tensor(1.293, shape=(), dtype=float32)",1.3769598,0.00522255152463913
/tmp/DataSetCombined/Edges/Round-5_0030108_edge.png,"tf.Tensor(4.424, shape=(), dtype=float32)",4.118166,0.00522255152463913
/tmp/DataSetCombined/Edges/Round-5_0099035_edge.png,"tf.Tensor(5.343, shape=(), dtype=float32)",5.073841,0.00522255152463913
/tmp/DataSetCombined/Edges/Round-1_0154144_edge.png,"tf.Tensor(5.034, shape=(), dtype=float32)",4.687386,0.00522255152463913
/tmp/DataSetCombined/Edges/Round-3_0039221_edge.png,"tf.Tensor(3.312, shape=(), dtype=float32)",3.2931569,0.00522255152463913
/tmp/DataSetCombined/Edges/Round-1_0002234_edge.png,"tf.Tensor(4.056, shape=(), dtype=float32)",3.9032435,0.00522255152463913
/tmp/DataSetCombined/Edges/Round-6_0052586_edge.png,"tf.Tensor(5.343, shape=(), dtype=float32)",4.956815,0.00522255152463913
/tmp/DataSetCombined/Edges/Round-6_0062399_edge.png,"tf.Tensor(2.507, shape=(), dtype=float32)",2.5685508,0.00522255152463913
/tmp/DataSetCombined/Edges/Round-5_0064600_edge.png,"tf.Tensor(1.675, shape=(), dtype=float32)",1.6570854,0.00522255152463913
/tmp/DataSetCombined/Edges/Round-8_0020613_edge.png,"tf.Tensor(2.03, shape=(), dtype=float32)",2.079939,0.00522255152463913
/tmp/DataSetCombined/Edges/Round-10_0157725_edge.png,"tf.Tensor(3.53, shape=(), dtype=float32)",3.4458287,0.00522255152463913
/tmp/DataSetCombined/Edges/Round-9_0192973_edge.png,"tf.Tensor(4.605, shape=(), dtype=float32)",4.32685,0.00522255152463913
/tmp/DataSetCombined/Edges/Round-7_0060835_edge.png,"tf.Tensor(1.84, shape=(), dtype=float32)",1.8796573,0.00522255152463913
/tmp/DataSetCombined/Edges/Round-8_0002173_edge.png,"tf.Tensor(2.452, shape=(), dtype=float32)",2.4925668,0.00522255152463913
/tmp/DataSetCombined/Edges/Round-7_0035401_edge.png,"tf.Tensor(5.357, shape=(), dtype=float32)",4.9600987,0.00522255152463913
/tmp/DataSetCombined/Edges/Round-10_0195921_edge.png,"tf.Tensor(4.27, shape=(), dtype=float32)",4.1731296,0.00522255152463913
/tmp/DataSetCombined/Edges/Round-6_0117090_edge.png,"tf.Tensor(2.711, shape=(), dtype=float32)",2.775437,0.00522255152463913
/tmp/DataSetCombined/Edges/Round-6_0007678_edge.png,"tf.Tensor(5.193, shape=(), dtype=float32)",4.775911,0.00522255152463913
/tmp/DataSetCombined/Edges/Round-9_0024475_edge.png,"tf.Tensor(4.896, shape=(), dtype=float32)",4.6274867,0.00522255152463913
/tmp/DataSetCombined/Edges/Round-3_0070284_edge.png,"tf.Tensor(3.661, shape=(), dtype=float32)",3.4878268,0.00522255152463913
/tmp/DataSetCombined/Edges/Round-4_0009575_edge.png,"tf.Tensor(2.364, shape=(), dtype=float32)",2.4628553,0.00522255152463913
/tmp/DataSetCombined/Edges/Round-10_0030192_edge.png,"tf.Tensor(5.572, shape=(), dtype=float32)",5.216531,0.00522255152463913
/tmp/DataSetCombined/Edges/Round-9_0063755_edge.png,"tf.Tensor(5.517, shape=(), dtype=float32)",5.169107,0.00522255152463913
/tmp/DataSetCombined/Edges/Round-10_0174520_edge.png,"tf.Tensor(1.944, shape=(), dtype=float32)",2.0525823,0.00522255152463913
/tmp/DataSetCombined/Edges/Round-1_0003301_edge.png,"tf.Tensor(5.032, shape=(), dtype=float32)",4.683726,0.00522255152463913
/tmp/DataSetCombined/Edges/Round-1_0043000_edge.png,"tf.Tensor(3.771, shape=(), dtype=float32)",3.6561706,0.00522255152463913
/tmp/DataSetCombined/Edges/Round-5_0012679_edge.png,"tf.Tensor(4.983, shape=(), dtype=float32)",4.671569,0.00522255152463913
/tmp/DataSetCombined/Edges/Round-9_0078353_edge.png,"tf.Tensor(2.257, shape=(), dtype=float32)",2.36797,0.00522255152463913
/tmp/DataSetCombined/Edges/Round-3_0067786_edge.png,"tf.Tensor(2.346, shape=(), dtype=float32)",2.4394896,0.00522255152463913
/tmp/DataSetCombined/Edges/Round-6_0011862_edge.png,"tf.Tensor(5.342, shape=(), dtype=float32)",4.951999,0.00522255152463913
/tmp/DataSetCombined/Edges/Round-6_0133795_edge.png,"tf.Tensor(5.348, shape=(), dtype=float32)",5.04127,0.00522255152463913
/tmp/DataSetCombined/Edges/Round-2_0065151_edge.png,"tf.Tensor(1.525, shape=(), dtype=float32)",1.5420983,0.00522255152463913
/tmp/DataSetCombined/Edges/Round-7_0088587_edge.png,"tf.Tensor(4.499, shape=(), dtype=float32)",4.2417755,0.00522255152463913
/tmp/DataSetCombined/Edges/Round-10_0183912_edge.png,"tf.Tensor(4.2, shape=(), dtype=float32)",4.098393,0.00522255152463913
/tmp/DataSetCombined/Edges/Round-10_0030781_edge.png,"tf.Tensor(4.851, shape=(), dtype=float32)",4.591139,0.00522255152463913
/tmp/DataSetCombined/Edges/Round-5_0053072_edge.png,"tf.Tensor(4.954, shape=(), dtype=float32)",4.5900707,0.00522255152463913
/tmp/DataSetCombined/Edges/Round-5_0069567_edge.png,"tf.Tensor(5.473, shape=(), dtype=float32)",5.108785,0.00522255152463913
/tmp/DataSetCombined/Edges/Round-8_0068451_edge.png,"tf.Tensor(5.05, shape=(), dtype=float32)",4.6958895,0.00522255152463913
/tmp/DataSetCombined/Edges/Round-8_0018144_edge.png,"tf.Tensor(5.509, shape=(), dtype=float32)",5.1379566,0.00522255152463913
/tmp/DataSetCombined/Edges/Round-7_0005060_edge.png,"tf.Tensor(5.155, shape=(), dtype=float32)",4.7440877,0.00522255152463913
/tmp/DataSetCombined/Edges/Round-1_0125128_edge.png,"tf.Tensor(2.463, shape=(), dtype=float32)",2.501533,0.00522255152463913
/tmp/DataSetCombined/Edges/Round-6_0130725_edge.png,"tf.Tensor(5.162, shape=(), dtype=float32)",4.743104,0.00522255152463913
/tmp/DataSetCombined/Edges/Round-6_0080639_edge.png,"tf.Tensor(2.703, shape=(), dtype=float32)",2.753968,0.00522255152463913
/tmp/DataSetCombined/Edges/Round-9_0019900_edge.png,"tf.Tensor(4.963, shape=(), dtype=float32)",4.601948,0.00522255152463913
/tmp/DataSetCombined/Edges/Round-5_0066798_edge.png,"tf.Tensor(5.189, shape=(), dtype=float32)",4.7864857,0.00522255152463913
/tmp/DataSetCombined/Edges/Round-1_0114082_edge.png,"tf.Tensor(3.921, shape=(), dtype=float32)",3.6860332,0.005870435386896133
/tmp/DataSetCombined/Edges/Round-1_0126513_edge.png,"tf.Tensor(2.646, shape=(), dtype=float32)",2.7236094,0.005870435386896133
/tmp/DataSetCombined/Edges/Round-8_0044331_edge.png,"tf.Tensor(5.139, shape=(), dtype=float32)",4.795358,0.005870435386896133
/tmp/DataSetCombined/Edges/Round-1_0122750_edge.png,"tf.Tensor(2.42, shape=(), dtype=float32)",2.5849953,0.005870435386896133
/tmp/DataSetCombined/Edges/Round-10_0111642_edge.png,"tf.Tensor(4.797, shape=(), dtype=float32)",4.4928074,0.005870435386896133
/tmp/DataSetCombined/Edges/Round-3_0049576_edge.png,"tf.Tensor(2.438, shape=(), dtype=float32)",2.5167832,0.005870435386896133
/tmp/DataSetCombined/Edges/Round-10_0109692_edge.png,"tf.Tensor(5.665, shape=(), dtype=float32)",5.237422,0.005870435386896133
/tmp/DataSetCombined/Edges/Round-7_0105774_edge.png,"tf.Tensor(2.458, shape=(), dtype=float32)",2.6463761,0.005870435386896133
/tmp/DataSetCombined/Edges/Round-8_0077712_edge.png,"tf.Tensor(4.746, shape=(), dtype=float32)",4.4999957,0.005870435386896133
/tmp/DataSetCombined/Edges/Round-6_0088736_edge.png,"tf.Tensor(3.071, shape=(), dtype=float32)",3.1034224,0.005870435386896133
/tmp/DataSetCombined/Edges/Round-6_0017911_edge.png,"tf.Tensor(5.153, shape=(), dtype=float32)",4.7479005,0.005870435386896133
/tmp/DataSetCombined/Edges/Round-9_0075494_edge.png,"tf.Tensor(5.079, shape=(), dtype=float32)",4.722802,0.005870435386896133
/tmp/DataSetCombined/Edges/Round-9_0145205_edge.png,"tf.Tensor(5.343, shape=(), dtype=float32)",4.9460926,0.005870435386896133
/tmp/DataSetCombined/Edges/Round-1_0142917_edge.png,"tf.Tensor(1.294, shape=(), dtype=float32)",1.3706038,0.005870435386896133
/tmp/DataSetCombined/Edges/Round-7_0034859_edge.png,"tf.Tensor(4.956, shape=(), dtype=float32)",4.5809097,0.005870435386896133
/tmp/DataSetCombined/Edges/Round-10_0191467_edge.png,"tf.Tensor(5.519, shape=(), dtype=float32)",5.171654,0.005870435386896133
/tmp/DataSetCombined/Edges/Round-10_0037055_edge.png,"tf.Tensor(4.356, shape=(), dtype=float32)",4.073747,0.005870435386896133
/tmp/DataSetCombined/Edges/Round-6_0051683_edge.png,"tf.Tensor(2.028, shape=(), dtype=float32)",2.083994,0.005870435386896133
/tmp/DataSetCombined/Edges/Round-6_0122357_edge.png,"tf.Tensor(4.639, shape=(), dtype=float32)",4.3959894,0.005870435386896133
/tmp/DataSetCombined/Edges/Round-5_0029756_edge.png,"tf.Tensor(2.593, shape=(), dtype=float32)",2.6926942,0.005870435386896133
/tmp/DataSetCombined/Edges/Round-10_0015625_edge.png,"tf.Tensor(5.562, shape=(), dtype=float32)",5.1767592,0.005870435386896133
/tmp/DataSetCombined/Edges/Round-10_0070917_edge.png,"tf.Tensor(3.167, shape=(), dtype=float32)",3.1912527,0.005870435386896133
/tmp/DataSetCombined/Edges/Round-3_0027467_edge.png,"tf.Tensor(5.56, shape=(), dtype=float32)",5.174649,0.005870435386896133
/tmp/DataSetCombined/Edges/Round-10_0051271_edge.png,"tf.Tensor(5.031, shape=(), dtype=float32)",4.669577,0.005870435386896133
/tmp/DataSetCombined/Edges/Round-4_0084824_edge.png,"tf.Tensor(2.67, shape=(), dtype=float32)",2.7271185,0.005870435386896133
/tmp/DataSetCombined/Edges/Round-7_0078293_edge.png,"tf.Tensor(5.306, shape=(), dtype=float32)",5.064649,0.005870435386896133
/tmp/DataSetCombined/Edges/Round-4_0012466_edge.png,"tf.Tensor(5.678, shape=(), dtype=float32)",5.270006,0.005870435386896133
/tmp/DataSetCombined/Edges/Round-9_0187435_edge.png,"tf.Tensor(2.277, shape=(), dtype=float32)",2.4101763,0.005870435386896133
/tmp/DataSetCombined/Edges/Round-9_0036996_edge.png,"tf.Tensor(5.064, shape=(), dtype=float32)",4.722433,0.005870435386896133
/tmp/DataSetCombined/Edges/Round-10_0137055_edge.png,"tf.Tensor(3.124, shape=(), dtype=float32)",3.0713804,0.005870435386896133
/tmp/DataSetCombined/Edges/Round-5_0070048_edge.png,"tf.Tensor(2.67, shape=(), dtype=float32)",2.7768176,0.005870435386896133
/tmp/DataSetCombined/Edges/Round-10_0159350_edge.png,"tf.Tensor(4.796, shape=(), dtype=float32)",4.496606,0.005870435386896133
/tmp/DataSetCombined/Edges/Round-6_0109565_edge.png,"tf.Tensor(4.398, shape=(), dtype=float32)",4.172776,0.005870435386896133
/tmp/DataSetCombined/Edges/Round-9_0102071_edge.png,"tf.Tensor(5.326, shape=(), dtype=float32)",5.0795903,0.005870435386896133
/tmp/DataSetCombined/Edges/Round-8_0032622_edge.png,"tf.Tensor(2.619, shape=(), dtype=float32)",2.7234259,0.005870435386896133
/tmp/DataSetCombined/Edges/Round-9_0049307_edge.png,"tf.Tensor(2.195, shape=(), dtype=float32)",2.3372855,0.005870435386896133
/tmp/DataSetCombined/Edges/Round-9_0127325_edge.png,"tf.Tensor(1.675, shape=(), dtype=float32)",1.7110884,0.005870435386896133
/tmp/DataSetCombined/Edges/Round-9_0075855_edge.png,"tf.Tensor(5.541, shape=(), dtype=float32)",5.241567,0.005870435386896133
/tmp/DataSetCombined/Edges/Round-6_0087261_edge.png,"tf.Tensor(5.561, shape=(), dtype=float32)",5.168232,0.005870435386896133
/tmp/DataSetCombined/Edges/Round-1_0077151_edge.png,"tf.Tensor(2.458, shape=(), dtype=float32)",2.4754372,0.005870435386896133
/tmp/DataSetCombined/Edges/Round-1_0087985_edge.png,"tf.Tensor(2.507, shape=(), dtype=float32)",2.5677867,0.005870435386896133
/tmp/DataSetCombined/Edges/Round-9_0083921_edge.png,"tf.Tensor(2.461, shape=(), dtype=float32)",2.539216,0.005870435386896133
/tmp/DataSetCombined/Edges/Round-2_0099856_edge.png,"tf.Tensor(5.152, shape=(), dtype=float32)",4.72798,0.005870435386896133
/tmp/DataSetCombined/Edges/Round-7_0009064_edge.png,"tf.Tensor(2.686, shape=(), dtype=float32)",2.7495043,0.005870435386896133
/tmp/DataSetCombined/Edges/Round-6_0052797_edge.png,"tf.Tensor(4.165, shape=(), dtype=float32)",4.03136,0.005870435386896133
/tmp/DataSetCombined/Edges/Round-6_0015172_edge.png,"tf.Tensor(5.179, shape=(), dtype=float32)",4.758662,0.005870435386896133
/tmp/DataSetCombined/Edges/Round-1_0033836_edge.png,"tf.Tensor(1.679, shape=(), dtype=float32)",1.6956952,0.005870435386896133
/tmp/DataSetCombined/Edges/Round-3_0022246_edge.png,"tf.Tensor(3.851, shape=(), dtype=float32)",3.7237222,0.005870435386896133
/tmp/DataSetCombined/Edges/Round-3_0033582_edge.png,"tf.Tensor(5.218, shape=(), dtype=float32)",4.951705,0.005870435386896133
/tmp/DataSetCombined/Edges/Round-10_0095810_edge.png,"tf.Tensor(3.516, shape=(), dtype=float32)",3.400059,0.005870435386896133
/tmp/DataSetCombined/Edges/Round-8_0034380_edge.png,"tf.Tensor(5.561, shape=(), dtype=float32)",5.1682763,0.005870435386896133
/tmp/DataSetCombined/Edges/Round-10_0153781_edge.png,"tf.Tensor(2.883, shape=(), dtype=float32)",2.9040291,0.005870435386896133
/tmp/DataSetCombined/Edges/Round-5_0024207_edge.png,"tf.Tensor(5.498, shape=(), dtype=float32)",5.1442704,0.005870435386896133
/tmp/DataSetCombined/Edges/Round-6_0109534_edge.png,"tf.Tensor(5.448, shape=(), dtype=float32)",5.122363,0.005870435386896133
/tmp/DataSetCombined/Edges/Round-1_0059401_edge.png,"tf.Tensor(3.471, shape=(), dtype=float32)",3.333907,0.005870435386896133
/tmp/DataSetCombined/Edges/Round-7_0045905_edge.png,"tf.Tensor(3.676, shape=(), dtype=float32)",3.6176178,0.005870435386896133
/tmp/DataSetCombined/Edges/Round-3_0021312_edge.png,"tf.Tensor(3.535, shape=(), dtype=float32)",3.3788092,0.005870435386896133
/tmp/DataSetCombined/Edges/Round-1_0060201_edge.png,"tf.Tensor(2.493, shape=(), dtype=float32)",2.5250056,0.005870435386896133
/tmp/DataSetCombined/Edges/Round-10_0014150_edge.png,"tf.Tensor(2.532, shape=(), dtype=float32)",2.5762055,0.005870435386896133
/tmp/DataSetCombined/Edges/Round-8_0046017_edge.png,"tf.Tensor(4.798, shape=(), dtype=float32)",4.4890532,0.005870435386896133
/tmp/DataSetCombined/Edges/Round-7_0061588_edge.png,"tf.Tensor(2.071, shape=(), dtype=float32)",2.1443658,0.005870435386896133
/tmp/DataSetCombined/Edges/Round-7_0005091_edge.png,"tf.Tensor(5.225, shape=(), dtype=float32)",4.8145995,0.005870435386896133
/tmp/DataSetCombined/Edges/Round-10_0157544_edge.png,"tf.Tensor(4.763, shape=(), dtype=float32)",4.457436,0.005870435386896133
/tmp/DataSetCombined/Edges/Round-8_0048311_edge.png,"tf.Tensor(5.563, shape=(), dtype=float32)",5.176205,0.005870435386896133
/tmp/DataSetCombined/Edges/Round-2_0004600_edge.png,"tf.Tensor(2.332, shape=(), dtype=float32)",2.4347172,0.0051104240119457245
/tmp/DataSetCombined/Edges/Round-3_0035267_edge.png,"tf.Tensor(4.649, shape=(), dtype=float32)",4.3740396,0.0051104240119457245
/tmp/DataSetCombined/Edges/Round-8_0057274_edge.png,"tf.Tensor(3.838, shape=(), dtype=float32)",3.7183733,0.0051104240119457245
/tmp/DataSetCombined/Edges/Round-9_0112035_edge.png,"tf.Tensor(3.446, shape=(), dtype=float32)",3.2303927,0.0051104240119457245
/tmp/DataSetCombined/Edges/Round-10_0093161_edge.png,"tf.Tensor(1.954, shape=(), dtype=float32)",2.052921,0.0051104240119457245
/tmp/DataSetCombined/Edges/Round-1_0025367_edge.png,"tf.Tensor(2.798, shape=(), dtype=float32)",2.8611882,0.0051104240119457245
/tmp/DataSetCombined/Edges/Round-5_0050845_edge.png,"tf.Tensor(5.159, shape=(), dtype=float32)",4.764897,0.0051104240119457245
/tmp/DataSetCombined/Edges/Round-2_0061389_edge.png,"tf.Tensor(5.231, shape=(), dtype=float32)",4.9915814,0.0051104240119457245
/tmp/DataSetCombined/Edges/Round-9_0175906_edge.png,"tf.Tensor(2.307, shape=(), dtype=float32)",2.40844,0.0051104240119457245
/tmp/DataSetCombined/Edges/Round-10_0004394_edge.png,"tf.Tensor(2.471, shape=(), dtype=float32)",2.5819683,0.0051104240119457245
/tmp/DataSetCombined/Edges/Round-5_0029444_edge.png,"tf.Tensor(4.268, shape=(), dtype=float32)",3.9800477,0.0051104240119457245
/tmp/DataSetCombined/Edges/Round-6_0019688_edge.png,"tf.Tensor(3.516, shape=(), dtype=float32)",3.4509838,0.0051104240119457245
/tmp/DataSetCombined/Edges/Round-10_0173467_edge.png,"tf.Tensor(5.425, shape=(), dtype=float32)",5.0793676,0.0051104240119457245
/tmp/DataSetCombined/Edges/Round-5_0046480_edge.png,"tf.Tensor(3.115, shape=(), dtype=float32)",3.074006,0.0051104240119457245
/tmp/DataSetCombined/Edges/Round-9_0052377_edge.png,"tf.Tensor(5.518, shape=(), dtype=float32)",5.178172,0.0051104240119457245
/tmp/DataSetCombined/Edges/Round-3_0078291_edge.png,"tf.Tensor(4.635, shape=(), dtype=float32)",4.333816,0.0051104240119457245
/tmp/DataSetCombined/Edges/Round-5_0051087_edge.png,"tf.Tensor(5.125, shape=(), dtype=float32)",4.836626,0.0051104240119457245
/tmp/DataSetCombined/Edges/Round-8_0077411_edge.png,"tf.Tensor(3.357, shape=(), dtype=float32)",3.3504019,0.0051104240119457245
/tmp/DataSetCombined/Edges/Round-2_0093535_edge.png,"tf.Tensor(5.039, shape=(), dtype=float32)",4.6804395,0.0051104240119457245
/tmp/DataSetCombined/Edges/Round-6_0018423_edge.png,"tf.Tensor(4.461, shape=(), dtype=float32)",4.1534944,0.0051104240119457245
/tmp/DataSetCombined/Edges/Round-7_0043197_edge.png,"tf.Tensor(3.261, shape=(), dtype=float32)",3.270096,0.0051104240119457245
/tmp/DataSetCombined/Edges/Round-10_0023510_edge.png,"tf.Tensor(5.443, shape=(), dtype=float32)",5.101559,0.0051104240119457245
/tmp/DataSetCombined/Edges/Round-1_0043367_edge.png,"tf.Tensor(5.653, shape=(), dtype=float32)",5.2392225,0.0051104240119457245
/tmp/DataSetCombined/Edges/Round-6_0105953_edge.png,"tf.Tensor(4.796, shape=(), dtype=float32)",4.5243835,0.0051104240119457245
/tmp/DataSetCombined/Edges/Round-10_0073175_edge.png,"tf.Tensor(3.381, shape=(), dtype=float32)",3.3553658,0.0051104240119457245
/tmp/DataSetCombined/Edges/Round-9_0053702_edge.png,"tf.Tensor(2.736, shape=(), dtype=float32)",2.7646894,0.0051104240119457245
/tmp/DataSetCombined/Edges/Round-4_0091115_edge.png,"tf.Tensor(5.332, shape=(), dtype=float32)",5.033196,0.0051104240119457245
/tmp/DataSetCombined/Edges/Round-8_0010499_edge.png,"tf.Tensor(5.455, shape=(), dtype=float32)",5.1514544,0.0051104240119457245
/tmp/DataSetCombined/Edges/Round-4_0056199_edge.png,"tf.Tensor(1.976, shape=(), dtype=float32)",2.083237,0.0051104240119457245
/tmp/DataSetCombined/Edges/Round-6_0014540_edge.png,"tf.Tensor(5.246, shape=(), dtype=float32)",4.8777304,0.0051104240119457245
/tmp/DataSetCombined/Edges/Round-10_0155046_edge.png,"tf.Tensor(2.783, shape=(), dtype=float32)",2.814316,0.0051104240119457245
/tmp/DataSetCombined/Edges/Round-1_0078775_edge.png,"tf.Tensor(2.625, shape=(), dtype=float32)",2.71781,0.0051104240119457245
/tmp/DataSetCombined/Edges/Round-5_0038444_edge.png,"tf.Tensor(5.313, shape=(), dtype=float32)",5.038894,0.0051104240119457245
/tmp/DataSetCombined/Edges/Round-2_0106719_edge.png,"tf.Tensor(4.309, shape=(), dtype=float32)",4.1061573,0.0051104240119457245
/tmp/DataSetCombined/Edges/Round-4_0050841_edge.png,"tf.Tensor(5.666, shape=(), dtype=float32)",5.248243,0.0051104240119457245
/tmp/DataSetCombined/Edges/Round-8_0063607_edge.png,"tf.Tensor(1.674, shape=(), dtype=float32)",1.6989517,0.0051104240119457245
/tmp/DataSetCombined/Edges/Round-7_0067547_edge.png,"tf.Tensor(3.007, shape=(), dtype=float32)",3.0146687,0.0051104240119457245
/tmp/DataSetCombined/Edges/Round-10_0064687_edge.png,"tf.Tensor(5.69, shape=(), dtype=float32)",5.233841,0.0051104240119457245
/tmp/DataSetCombined/Edges/Round-8_0046529_edge.png,"tf.Tensor(4.897, shape=(), dtype=float32)",4.6966453,0.0051104240119457245
/tmp/DataSetCombined/Edges/Round-3_0049335_edge.png,"tf.Tensor(5.033, shape=(), dtype=float32)",4.687888,0.0051104240119457245
/tmp/DataSetCombined/Edges/Round-10_0194145_edge.png,"tf.Tensor(4.365, shape=(), dtype=float32)",4.1555815,0.0051104240119457245
/tmp/DataSetCombined/Edges/Round-3_0048974_edge.png,"tf.Tensor(4.785, shape=(), dtype=float32)",4.478352,0.0051104240119457245
/tmp/DataSetCombined/Edges/Round-7_0136596_edge.png,"tf.Tensor(5.571, shape=(), dtype=float32)",5.2179446,0.0051104240119457245
/tmp/DataSetCombined/Edges/Round-8_0010451_edge.png,"tf.Tensor(5.643, shape=(), dtype=float32)",5.2400537,0.0051104240119457245
/tmp/DataSetCombined/Edges/Round-1_0126092_edge.png,"tf.Tensor(4.401, shape=(), dtype=float32)",4.2704806,0.0051104240119457245
/tmp/DataSetCombined/Edges/Round-10_0033534_edge.png,"tf.Tensor(5.571, shape=(), dtype=float32)",5.2207923,0.0051104240119457245
/tmp/DataSetCombined/Edges/Round-10_0141290_edge.png,"tf.Tensor(5.163, shape=(), dtype=float32)",4.7365894,0.0051104240119457245
/tmp/DataSetCombined/Edges/Round-2_0092782_edge.png,"tf.Tensor(3.265, shape=(), dtype=float32)",3.1814609,0.0051104240119457245
/tmp/DataSetCombined/Edges/Round-10_0197787_edge.png,"tf.Tensor(4.128, shape=(), dtype=float32)",3.921474,0.0051104240119457245
/tmp/DataSetCombined/Edges/Round-6_0108331_edge.png,"tf.Tensor(4.335, shape=(), dtype=float32)",4.04472,0.0051104240119457245
/tmp/DataSetCombined/Edges/Round-7_0069564_edge.png,"tf.Tensor(1.924, shape=(), dtype=float32)",1.9417801,0.0051104240119457245
/tmp/DataSetCombined/Edges/Round-3_0033051_edge.png,"tf.Tensor(3.399, shape=(), dtype=float32)",3.2725375,0.0051104240119457245
/tmp/DataSetCombined/Edges/Round-7_0096671_edge.png,"tf.Tensor(4.395, shape=(), dtype=float32)",4.1017766,0.0051104240119457245
/tmp/DataSetCombined/Edges/Round-10_0082054_edge.png,"tf.Tensor(5.343, shape=(), dtype=float32)",4.960029,0.0051104240119457245
/tmp/DataSetCombined/Edges/Round-6_0044941_edge.png,"tf.Tensor(5.13, shape=(), dtype=float32)",4.8554645,0.0051104240119457245
/tmp/DataSetCombined/Edges/Round-1_0085527_edge.png,"tf.Tensor(2.296, shape=(), dtype=float32)",2.4212558,0.0051104240119457245
/tmp/DataSetCombined/Edges/Round-10_0053429_edge.png,"tf.Tensor(5.517, shape=(), dtype=float32)",5.1728168,0.0051104240119457245
/tmp/DataSetCombined/Edges/Round-7_0038290_edge.png,"tf.Tensor(2.563, shape=(), dtype=float32)",2.6342125,0.0051104240119457245
/tmp/DataSetCombined/Edges/Round-6_0122477_edge.png,"tf.Tensor(4.988, shape=(), dtype=float32)",4.769738,0.0051104240119457245
/tmp/DataSetCombined/Edges/Round-3_0080909_edge.png,"tf.Tensor(2.457, shape=(), dtype=float32)",2.5196044,0.0051104240119457245
/tmp/DataSetCombined/Edges/Round-8_0010180_edge.png,"tf.Tensor(2.738, shape=(), dtype=float32)",2.797883,0.0051104240119457245
/tmp/DataSetCombined/Edges/Round-5_0023394_edge.png,"tf.Tensor(5.201, shape=(), dtype=float32)",4.789237,0.0051104240119457245
/tmp/DataSetCombined/Edges/Round-8_0027325_edge.png,"tf.Tensor(5.446, shape=(), dtype=float32)",5.1305146,0.0051104240119457245
/tmp/DataSetCombined/Edges/Round-7_0059390_edge.png,"tf.Tensor(2.684, shape=(), dtype=float32)",2.6867106,0.0051104240119457245
/tmp/DataSetCombined/Edges/Round-5_0121881_edge.png,"tf.Tensor(2.628, shape=(), dtype=float32)",2.6842089,0.00526796281337738
/tmp/DataSetCombined/Edges/Round-1_0107671_edge.png,"tf.Tensor(4.601, shape=(), dtype=float32)",4.3215537,0.00526796281337738
/tmp/DataSetCombined/Edges/Round-2_0071541_edge.png,"tf.Tensor(5.033, shape=(), dtype=float32)",4.685834,0.00526796281337738
/tmp/DataSetCombined/Edges/Round-6_0047830_edge.png,"tf.Tensor(2.722, shape=(), dtype=float32)",2.7999525,0.00526796281337738
/tmp/DataSetCombined/Edges/Round-1_0130215_edge.png,"tf.Tensor(4.723, shape=(), dtype=float32)",4.448951,0.00526796281337738
/tmp/DataSetCombined/Edges/Round-8_0078554_edge.png,"tf.Tensor(5.667, shape=(), dtype=float32)",5.248142,0.00526796281337738
/tmp/DataSetCombined/Edges/Round-2_0060600_edge.png,"tf.Tensor(5.288, shape=(), dtype=float32)",5.00221,0.00526796281337738
/tmp/DataSetCombined/Edges/Round-1_0006300_edge.png,"tf.Tensor(1.935, shape=(), dtype=float32)",2.0538821,0.00526796281337738
/tmp/DataSetCombined/Edges/Round-4_0005542_edge.png,"tf.Tensor(3.834, shape=(), dtype=float32)",3.6852674,0.00526796281337738
/tmp/DataSetCombined/Edges/Round-9_0049186_edge.png,"tf.Tensor(2.016, shape=(), dtype=float32)",2.127727,0.00526796281337738
/tmp/DataSetCombined/Edges/Round-9_0012555_edge.png,"tf.Tensor(2.685, shape=(), dtype=float32)",2.6905854,0.00526796281337738
/tmp/DataSetCombined/Edges/Round-9_0009064_edge.png,"tf.Tensor(5.422, shape=(), dtype=float32)",5.0832667,0.00526796281337738
/tmp/DataSetCombined/Edges/Round-8_0070680_edge.png,"tf.Tensor(2.874, shape=(), dtype=float32)",2.9093406,0.00526796281337738
/tmp/DataSetCombined/Edges/Round-9_0017793_edge.png,"tf.Tensor(2.833, shape=(), dtype=float32)",2.9048553,0.00526796281337738
/tmp/DataSetCombined/Edges/Round-6_0035610_edge.png,"tf.Tensor(2.864, shape=(), dtype=float32)",2.9350417,0.00526796281337738
/tmp/DataSetCombined/Edges/Round-8_0053433_edge.png,"tf.Tensor(1.933, shape=(), dtype=float32)",2.05636,0.00526796281337738
/tmp/DataSetCombined/Edges/Round-10_0106555_edge.png,"tf.Tensor(5.225, shape=(), dtype=float32)",4.8134937,0.00526796281337738
/tmp/DataSetCombined/Edges/Round-7_0053190_edge.png,"tf.Tensor(3.538, shape=(), dtype=float32)",3.4841611,0.00526796281337738
/tmp/DataSetCombined/Edges/Round-5_0033628_edge.png,"tf.Tensor(2.341, shape=(), dtype=float32)",2.3863301,0.00526796281337738
/tmp/DataSetCombined/Edges/Round-7_0062882_edge.png,"tf.Tensor(3.001, shape=(), dtype=float32)",3.0016532,0.00526796281337738
/tmp/DataSetCombined/Edges/Round-1_0102824_edge.png,"tf.Tensor(5.446, shape=(), dtype=float32)",5.1255984,0.00526796281337738
/tmp/DataSetCombined/Edges/Round-1_0003634_edge.png,"tf.Tensor(5.517, shape=(), dtype=float32)",5.176019,0.00526796281337738
/tmp/DataSetCombined/Edges/Round-1_0016201_edge.png,"tf.Tensor(5.154, shape=(), dtype=float32)",4.7316823,0.00526796281337738
/tmp/DataSetCombined/Edges/Round-5_0116853_edge.png,"tf.Tensor(4.378, shape=(), dtype=float32)",4.0987196,0.00526796281337738
/tmp/DataSetCombined/Edges/Round-5_0044253_edge.png,"tf.Tensor(5.625, shape=(), dtype=float32)",5.24266,0.00526796281337738
/tmp/DataSetCombined/Edges/Round-1_0024800_edge.png,"tf.Tensor(3.258, shape=(), dtype=float32)",3.189268,0.00526796281337738
/tmp/DataSetCombined/Edges/Round-10_0140779_edge.png,"tf.Tensor(1.937, shape=(), dtype=float32)",2.0679893,0.00526796281337738
/tmp/DataSetCombined/Edges/Round-1_0071734_edge.png,"tf.Tensor(4.499, shape=(), dtype=float32)",4.1853194,0.00526796281337738
/tmp/DataSetCombined/Edges/Round-10_0169554_edge.png,"tf.Tensor(4.564, shape=(), dtype=float32)",4.2748923,0.00526796281337738
/tmp/DataSetCombined/Edges/Round-6_0105441_edge.png,"tf.Tensor(3.268, shape=(), dtype=float32)",3.2715447,0.00526796281337738
/tmp/DataSetCombined/Edges/Round-7_0071490_edge.png,"tf.Tensor(5.577, shape=(), dtype=float32)",5.1649313,0.00526796281337738
/tmp/DataSetCombined/Edges/Round-9_0088455_edge.png,"tf.Tensor(4.53, shape=(), dtype=float32)",4.225045,0.00526796281337738
/tmp/DataSetCombined/Edges/Round-3_0088976_edge.png,"tf.Tensor(5.208, shape=(), dtype=float32)",4.968975,0.00526796281337738
/tmp/DataSetCombined/Edges/Round-10_0097164_edge.png,"tf.Tensor(2.794, shape=(), dtype=float32)",2.8622203,0.00526796281337738
/tmp/DataSetCombined/Edges/Round-2_0084967_edge.png,"tf.Tensor(3.898, shape=(), dtype=float32)",3.7541125,0.00526796281337738
/tmp/DataSetCombined/Edges/Round-8_0059032_edge.png,"tf.Tensor(5.25, shape=(), dtype=float32)",4.971517,0.00526796281337738
/tmp/DataSetCombined/Edges/Round-2_0061719_edge.png,"tf.Tensor(5.668, shape=(), dtype=float32)",5.2629514,0.00526796281337738
/tmp/DataSetCombined/Edges/Round-7_0057494_edge.png,"tf.Tensor(3.833, shape=(), dtype=float32)",3.766127,0.00526796281337738
/tmp/DataSetCombined/Edges/Round-5_0045428_edge.png,"tf.Tensor(2.599, shape=(), dtype=float32)",2.6892092,0.00526796281337738
/tmp/DataSetCombined/Edges/Round-6_0117180_edge.png,"tf.Tensor(4.53, shape=(), dtype=float32)",4.2361383,0.00526796281337738
/tmp/DataSetCombined/Edges/Round-9_0048645_edge.png,"tf.Tensor(3.826, shape=(), dtype=float32)",3.7703738,0.00526796281337738
/tmp/DataSetCombined/Edges/Round-8_0074070_edge.png,"tf.Tensor(1.594, shape=(), dtype=float32)",1.6413131,0.00526796281337738
/tmp/DataSetCombined/Edges/Round-5_0066828_edge.png,"tf.Tensor(5.444, shape=(), dtype=float32)",5.1320567,0.00526796281337738
/tmp/DataSetCombined/Edges/Round-3_0020590_edge.png,"tf.Tensor(5.115, shape=(), dtype=float32)",4.8016605,0.00526796281337738
/tmp/DataSetCombined/Edges/Round-9_0084885_edge.png,"tf.Tensor(2.378, shape=(), dtype=float32)",2.4288769,0.00526796281337738
/tmp/DataSetCombined/Edges/Round-5_0060567_edge.png,"tf.Tensor(4.876, shape=(), dtype=float32)",4.608085,0.00526796281337738
/tmp/DataSetCombined/Edges/Round-8_0019439_edge.png,"tf.Tensor(4.771, shape=(), dtype=float32)",4.457549,0.00526796281337738
/tmp/DataSetCombined/Edges/Round-2_0066536_edge.png,"tf.Tensor(5.223, shape=(), dtype=float32)",4.802645,0.00526796281337738
/tmp/DataSetCombined/Edges/Round-5_0004091_edge.png,"tf.Tensor(5.42, shape=(), dtype=float32)",5.0337434,0.00526796281337738
/tmp/DataSetCombined/Edges/Round-7_0135784_edge.png,"tf.Tensor(4.262, shape=(), dtype=float32)",3.9725492,0.00526796281337738
/tmp/DataSetCombined/Edges/Round-4_0080580_edge.png,"tf.Tensor(2.773, shape=(), dtype=float32)",2.8661025,0.00526796281337738
/tmp/DataSetCombined/Edges/Round-5_0099636_edge.png,"tf.Tensor(3.442, shape=(), dtype=float32)",3.3100915,0.00526796281337738
/tmp/DataSetCombined/Edges/Round-5_0063921_edge.png,"tf.Tensor(3.04, shape=(), dtype=float32)",3.075492,0.00526796281337738
/tmp/DataSetCombined/Edges/Round-5_0075165_edge.png,"tf.Tensor(3.458, shape=(), dtype=float32)",3.3978586,0.00526796281337738
/tmp/DataSetCombined/Edges/Round-5_0103038_edge.png,"tf.Tensor(2.616, shape=(), dtype=float32)",2.615391,0.00526796281337738
/tmp/DataSetCombined/Edges/Round-6_0101378_edge.png,"tf.Tensor(5.341, shape=(), dtype=float32)",4.9498463,0.00526796281337738
/tmp/DataSetCombined/Edges/Round-3_0059431_edge.png,"tf.Tensor(5.372, shape=(), dtype=float32)",4.9837084,0.00526796281337738
/tmp/DataSetCombined/Edges/Round-8_0041393_edge.png,"tf.Tensor(2.553, shape=(), dtype=float32)",2.5749614,0.00526796281337738
/tmp/DataSetCombined/Edges/Round-9_0044280_edge.png,"tf.Tensor(3.682, shape=(), dtype=float32)",3.5492826,0.00526796281337738
/tmp/DataSetCombined/Edges/Round-8_0010391_edge.png,"tf.Tensor(5.446, shape=(), dtype=float32)",5.1324654,0.00526796281337738
/tmp/DataSetCombined/Edges/Round-9_0140201_edge.png,"tf.Tensor(5.521, shape=(), dtype=float32)",5.191468,0.00526796281337738
/tmp/DataSetCombined/Edges/Round-6_0116307_edge.png,"tf.Tensor(4.414, shape=(), dtype=float32)",4.104476,0.00526796281337738
/tmp/DataSetCombined/Edges/Round-8_0053764_edge.png,"tf.Tensor(1.706, shape=(), dtype=float32)",1.7530937,0.00526796281337738
/tmp/DataSetCombined/Edges/Round-7_0137589_edge.png,"tf.Tensor(3.527, shape=(), dtype=float32)",3.4402072,0.00526796281337738
/tmp/DataSetCombined/Edges/Round-8_0013509_edge.png,"tf.Tensor(2.543, shape=(), dtype=float32)",2.568197,0.005635198205709457
/tmp/DataSetCombined/Edges/Round-7_0094667_edge.png,"tf.Tensor(4.282, shape=(), dtype=float32)",3.9916875,0.005635198205709457
/tmp/DataSetCombined/Edges/Round-4_0054062_edge.png,"tf.Tensor(3.912, shape=(), dtype=float32)",3.8268914,0.005635198205709457
/tmp/DataSetCombined/Edges/Round-10_0110649_edge.png,"tf.Tensor(4.956, shape=(), dtype=float32)",4.5873804,0.005635198205709457
/tmp/DataSetCombined/Edges/Round-7_0068149_edge.png,"tf.Tensor(3.385, shape=(), dtype=float32)",3.2742286,0.005635198205709457
/tmp/DataSetCombined/Edges/Round-9_0181027_edge.png,"tf.Tensor(1.97, shape=(), dtype=float32)",2.0045116,0.005635198205709457
/tmp/DataSetCombined/Edges/Round-8_0066497_edge.png,"tf.Tensor(2.94, shape=(), dtype=float32)",2.9787607,0.005635198205709457
/tmp/DataSetCombined/Edges/Round-6_0078893_edge.png,"tf.Tensor(2.009, shape=(), dtype=float32)",2.1340933,0.005635198205709457
/tmp/DataSetCombined/Edges/Round-9_0049969_edge.png,"tf.Tensor(4.207, shape=(), dtype=float32)",4.101443,0.005635198205709457
/tmp/DataSetCombined/Edges/Round-1_0111072_edge.png,"tf.Tensor(5.134, shape=(), dtype=float32)",4.833731,0.005635198205709457
/tmp/DataSetCombined/Edges/Round-2_0064338_edge.png,"tf.Tensor(3.359, shape=(), dtype=float32)",3.334004,0.005635198205709457
/tmp/DataSetCombined/Edges/Round-8_0025068_edge.png,"tf.Tensor(5.141, shape=(), dtype=float32)",4.8112416,0.005635198205709457
/tmp/DataSetCombined/Edges/Round-8_0027246_edge.png,"tf.Tensor(2.799, shape=(), dtype=float32)",2.8633413,0.005635198205709457
/tmp/DataSetCombined/Edges/Round-10_0132832_edge.png,"tf.Tensor(5.518, shape=(), dtype=float32)",5.182433,0.005635198205709457
/tmp/DataSetCombined/Edges/Round-4_0040397_edge.png,"tf.Tensor(5.565, shape=(), dtype=float32)",5.1724954,0.005635198205709457
/tmp/DataSetCombined/Edges/Round-8_0000364_edge.png,"tf.Tensor(3.438, shape=(), dtype=float32)",3.3992894,0.005635198205709457
/tmp/DataSetCombined/Edges/Round-10_0037357_edge.png,"tf.Tensor(5.446, shape=(), dtype=float32)",5.0960555,0.005635198205709457
/tmp/DataSetCombined/Edges/Round-5_0051959_edge.png,"tf.Tensor(5.155, shape=(), dtype=float32)",4.73118,0.005635198205709457
/tmp/DataSetCombined/Edges/Round-6_0032450_edge.png,"tf.Tensor(2.201, shape=(), dtype=float32)",2.3431983,0.005635198205709457
/tmp/DataSetCombined/Edges/Round-9_0155890_edge.png,"tf.Tensor(2.814, shape=(), dtype=float32)",2.8546395,0.005635198205709457
/tmp/DataSetCombined/Edges/Round-8_0062692_edge.png,"tf.Tensor(3.401, shape=(), dtype=float32)",3.3631508,0.005635198205709457
/tmp/DataSetCombined/Edges/Round-9_0150743_edge.png,"tf.Tensor(2.239, shape=(), dtype=float32)",2.3610365,0.005635198205709457
/tmp/DataSetCombined/Edges/Round-8_0022840_edge.png,"tf.Tensor(5.561, shape=(), dtype=float32)",5.171434,0.005635198205709457
/tmp/DataSetCombined/Edges/Round-7_0104630_edge.png,"tf.Tensor(2.685, shape=(), dtype=float32)",2.7579324,0.005635198205709457
/tmp/DataSetCombined/Edges/Round-7_0089039_edge.png,"tf.Tensor(4.967, shape=(), dtype=float32)",4.594893,0.005635198205709457
/tmp/DataSetCombined/Edges/Round-1_0131118_edge.png,"tf.Tensor(2.383, shape=(), dtype=float32)",2.4702337,0.005635198205709457
/tmp/DataSetCombined/Edges/Round-1_0147191_edge.png,"tf.Tensor(2.191, shape=(), dtype=float32)",2.3311095,0.005635198205709457
/tmp/DataSetCombined/Edges/Round-4_0003585_edge.png,"tf.Tensor(5.068, shape=(), dtype=float32)",4.8045063,0.005635198205709457
/tmp/DataSetCombined/Edges/Round-10_0106314_edge.png,"tf.Tensor(3.134, shape=(), dtype=float32)",3.1513546,0.005635198205709457
/tmp/DataSetCombined/Edges/Round-7_0033625_edge.png,"tf.Tensor(5.448, shape=(), dtype=float32)",5.107917,0.005635198205709457
/tmp/DataSetCombined/Edges/Round-5_0112579_edge.png,"tf.Tensor(3.288, shape=(), dtype=float32)",3.165042,0.005635198205709457
/tmp/DataSetCombined/Edges/Round-3_0036667_edge.png,"tf.Tensor(1.985, shape=(), dtype=float32)",2.0429463,0.005635198205709457
/tmp/DataSetCombined/Edges/Round-7_0063243_edge.png,"tf.Tensor(5.653, shape=(), dtype=float32)",5.2839923,0.005635198205709457
/tmp/DataSetCombined/Edges/Round-8_0004551_edge.png,"tf.Tensor(1.228, shape=(), dtype=float32)",1.3765559,0.005635198205709457
/tmp/DataSetCombined/Edges/Round-9_0101741_edge.png,"tf.Tensor(3.12, shape=(), dtype=float32)",2.986789,0.005635198205709457
/tmp/DataSetCombined/Edges/Round-4_0049096_edge.png,"tf.Tensor(2.396, shape=(), dtype=float32)",2.501267,0.005635198205709457
/tmp/DataSetCombined/Edges/Round-5_0055420_edge.png,"tf.Tensor(2.598, shape=(), dtype=float32)",2.7533908,0.005635198205709457
/tmp/DataSetCombined/Edges/Round-6_0128578_edge.png,"tf.Tensor(5.468, shape=(), dtype=float32)",5.1533985,0.005635198205709457
/tmp/DataSetCombined/Edges/Round-5_0000485_edge.png,"tf.Tensor(4.972, shape=(), dtype=float32)",4.721329,0.005635198205709457
/tmp/DataSetCombined/Edges/Round-10_0030945_edge.png,"tf.Tensor(4.746, shape=(), dtype=float32)",4.4653616,0.005635198205709457
/tmp/DataSetCombined/Edges/Round-10_0055602_edge.png,"tf.Tensor(5.139, shape=(), dtype=float32)",4.797023,0.005635198205709457
/tmp/DataSetCombined/Edges/Round-2_0075200_edge.png,"tf.Tensor(3.592, shape=(), dtype=float32)",3.511042,0.005635198205709457
/tmp/DataSetCombined/Edges/Round-7_0083410_edge.png,"tf.Tensor(2.724, shape=(), dtype=float32)",2.8156502,0.005635198205709457
/tmp/DataSetCombined/Edges/Round-6_0082114_edge.png,"tf.Tensor(5.679, shape=(), dtype=float32)",5.273573,0.005635198205709457
/tmp/DataSetCombined/Edges/Round-1_0166394_edge.png,"tf.Tensor(4.779, shape=(), dtype=float32)",4.481064,0.005635198205709457
/tmp/DataSetCombined/Edges/Round-6_0132140_edge.png,"tf.Tensor(4.208, shape=(), dtype=float32)",3.9677217,0.005635198205709457
/tmp/DataSetCombined/Edges/Round-1_0168170_edge.png,"tf.Tensor(3.531, shape=(), dtype=float32)",3.3759708,0.005635198205709457
/tmp/DataSetCombined/Edges/Round-1_0022900_edge.png,"tf.Tensor(2.983, shape=(), dtype=float32)",3.024787,0.005635198205709457
/tmp/DataSetCombined/Edges/Round-5_0053915_edge.png,"tf.Tensor(3.152, shape=(), dtype=float32)",3.186313,0.005635198205709457
/tmp/DataSetCombined/Edges/Round-2_0075300_edge.png,"tf.Tensor(2.905, shape=(), dtype=float32)",2.9031076,0.005635198205709457
/tmp/DataSetCombined/Edges/Round-10_0196583_edge.png,"tf.Tensor(4.432, shape=(), dtype=float32)",4.1944695,0.005635198205709457
/tmp/DataSetCombined/Edges/Round-10_0165190_edge.png,"tf.Tensor(5.415, shape=(), dtype=float32)",5.040611,0.005635198205709457
/tmp/DataSetCombined/Edges/Round-2_0075776_edge.png,"tf.Tensor(4.667, shape=(), dtype=float32)",4.364616,0.005635198205709457
/tmp/DataSetCombined/Edges/Round-6_0032570_edge.png,"tf.Tensor(5.34, shape=(), dtype=float32)",5.0993896,0.005635198205709457
/tmp/DataSetCombined/Edges/Round-3_0011470_edge.png,"tf.Tensor(2.514, shape=(), dtype=float32)",2.590272,0.005635198205709457
/tmp/DataSetCombined/Edges/Round-5_0015207_edge.png,"tf.Tensor(4.74, shape=(), dtype=float32)",4.4584594,0.005635198205709457
/tmp/DataSetCombined/Edges/Round-3_0062730_edge.png,"tf.Tensor(3.05, shape=(), dtype=float32)",2.9550598,0.005635198205709457
/tmp/DataSetCombined/Edges/Round-8_0047823_edge.png,"tf.Tensor(2.689, shape=(), dtype=float32)",2.748205,0.005635198205709457
/tmp/DataSetCombined/Edges/Round-10_0154113_edge.png,"tf.Tensor(5.159, shape=(), dtype=float32)",4.7376437,0.005635198205709457
/tmp/DataSetCombined/Edges/Round-1_0156612_edge.png,"tf.Tensor(5.272, shape=(), dtype=float32)",5.0678067,0.005635198205709457
/tmp/DataSetCombined/Edges/Round-3_0044489_edge.png,"tf.Tensor(2.682, shape=(), dtype=float32)",2.7403607,0.005635198205709457
/tmp/DataSetCombined/Edges/Round-10_0044791_edge.png,"tf.Tensor(5.692, shape=(), dtype=float32)",5.244376,0.005635198205709457
/tmp/DataSetCombined/Edges/Round-6_0020169_edge.png,"tf.Tensor(2.435, shape=(), dtype=float32)",2.51509,0.005635198205709457
/tmp/DataSetCombined/Edges/Round-5_0061711_edge.png,"tf.Tensor(5.531, shape=(), dtype=float32)",5.2081676,0.005635198205709457
/tmp/DataSetCombined/Edges/Round-7_0065440_edge.png,"tf.Tensor(4.056, shape=(), dtype=float32)",3.8891907,0.0051832906901836395
/tmp/DataSetCombined/Edges/Round-7_0014542_edge.png,"tf.Tensor(5.667, shape=(), dtype=float32)",5.2438807,0.0051832906901836395
/tmp/DataSetCombined/Edges/Round-6_0074439_edge.png,"tf.Tensor(3.826, shape=(), dtype=float32)",3.7643359,0.0051832906901836395
/tmp/DataSetCombined/Edges/Round-4_0083590_edge.png,"tf.Tensor(5.232, shape=(), dtype=float32)",4.9883795,0.0051832906901836395
/tmp/DataSetCombined/Edges/Round-6_0087381_edge.png,"tf.Tensor(2.367, shape=(), dtype=float32)",2.5312831,0.0051832906901836395
/tmp/DataSetCombined/Edges/Round-3_0055174_edge.png,"tf.Tensor(3.071, shape=(), dtype=float32)",2.9792576,0.0051832906901836395
/tmp/DataSetCombined/Edges/Round-5_0070801_edge.png,"tf.Tensor(5.342, shape=(), dtype=float32)",4.9567137,0.0051832906901836395
/tmp/DataSetCombined/Edges/Round-9_0065049_edge.png,"tf.Tensor(4.796, shape=(), dtype=float32)",4.4853435,0.0051832906901836395
/tmp/DataSetCombined/Edges/Round-1_0056301_edge.png,"tf.Tensor(4.956, shape=(), dtype=float32)",4.5928197,0.0051832906901836395
/tmp/DataSetCombined/Edges/Round-1_0145566_edge.png,"tf.Tensor(5.399, shape=(), dtype=float32)",5.1106286,0.0051832906901836395
/tmp/DataSetCombined/Edges/Round-5_0024508_edge.png,"tf.Tensor(3.082, shape=(), dtype=float32)",2.9933004,0.0051832906901836395
/tmp/DataSetCombined/Edges/Round-1_0111734_edge.png,"tf.Tensor(2.467, shape=(), dtype=float32)",2.6165166,0.0051832906901836395
/tmp/DataSetCombined/Edges/Round-5_0073690_edge.png,"tf.Tensor(2.595, shape=(), dtype=float32)",2.679075,0.0051832906901836395
/tmp/DataSetCombined/Edges/Round-1_0038400_edge.png,"tf.Tensor(5.571, shape=(), dtype=float32)",5.221797,0.0051832906901836395
/tmp/DataSetCombined/Edges/Round-10_0072850_edge.png,"tf.Tensor(2.669, shape=(), dtype=float32)",2.7147582,0.0051832906901836395
/tmp/DataSetCombined/Edges/Round-10_0107519_edge.png,"tf.Tensor(5.556, shape=(), dtype=float32)",5.213478,0.0051832906901836395
/tmp/DataSetCombined/Edges/Round-9_0053431_edge.png,"tf.Tensor(2.421, shape=(), dtype=float32)",2.4865124,0.0051832906901836395
/tmp/DataSetCombined/Edges/Round-3_0009967_edge.png,"tf.Tensor(5.448, shape=(), dtype=float32)",5.108424,0.0051832906901836395
/tmp/DataSetCombined/Edges/Round-8_0072907_edge.png,"tf.Tensor(2.516, shape=(), dtype=float32)",2.5820482,0.0051832906901836395
/tmp/DataSetCombined/Edges/Round-10_0042473_edge.png,"tf.Tensor(5.57, shape=(), dtype=float32)",5.2217407,0.0051832906901836395
/tmp/DataSetCombined/Edges/Round-8_0009927_edge.png,"tf.Tensor(5.566, shape=(), dtype=float32)",5.1687717,0.0051832906901836395
/tmp/DataSetCombined/Edges/Round-7_0052919_edge.png,"tf.Tensor(5.197, shape=(), dtype=float32)",4.798879,0.0051832906901836395
/tmp/DataSetCombined/Edges/Round-9_0106496_edge.png,"tf.Tensor(5.072, shape=(), dtype=float32)",4.7165217,0.0051832906901836395
/tmp/DataSetCombined/Edges/Round-8_0060055_edge.png,"tf.Tensor(2.083, shape=(), dtype=float32)",2.208032,0.0051832906901836395
/tmp/DataSetCombined/Edges/Round-1_0032134_edge.png,"tf.Tensor(2.509, shape=(), dtype=float32)",2.5727518,0.0051832906901836395
/tmp/DataSetCombined/Edges/Round-5_0109088_edge.png,"tf.Tensor(2.164, shape=(), dtype=float32)",2.2924116,0.0051832906901836395
/tmp/DataSetCombined/Edges/Round-6_0010928_edge.png,"tf.Tensor(5.407, shape=(), dtype=float32)",5.0973964,0.0051832906901836395
/tmp/DataSetCombined/Edges/Round-8_0013148_edge.png,"tf.Tensor(5.382, shape=(), dtype=float32)",4.9863563,0.0051832906901836395
/tmp/DataSetCombined/Edges/Round-9_0156160_edge.png,"tf.Tensor(4.692, shape=(), dtype=float32)",4.3811255,0.0051832906901836395
/tmp/DataSetCombined/Edges/Round-3_0016677_edge.png,"tf.Tensor(5.581, shape=(), dtype=float32)",5.2179446,0.0051832906901836395
/tmp/DataSetCombined/Edges/Round-2_0085589_edge.png,"tf.Tensor(4.674, shape=(), dtype=float32)",4.367715,0.0051832906901836395
/tmp/DataSetCombined/Edges/Round-10_0107489_edge.png,"tf.Tensor(4.746, shape=(), dtype=float32)",4.4435544,0.0051832906901836395
/tmp/DataSetCombined/Edges/Round-8_0060025_edge.png,"tf.Tensor(2.794, shape=(), dtype=float32)",2.7625098,0.0051832906901836395
/tmp/DataSetCombined/Edges/Round-4_0059540_edge.png,"tf.Tensor(5.648, shape=(), dtype=float32)",5.212993,0.0051832906901836395
/tmp/DataSetCombined/Edges/Round-3_0084852_edge.png,"tf.Tensor(2.479, shape=(), dtype=float32)",2.5057633,0.0051832906901836395
/tmp/DataSetCombined/Edges/Round-5_0044524_edge.png,"tf.Tensor(4.955, shape=(), dtype=float32)",4.591578,0.0051832906901836395
/tmp/DataSetCombined/Edges/Round-10_0169680_edge.png,"tf.Tensor(5.58, shape=(), dtype=float32)",5.2303243,0.0051832906901836395
/tmp/DataSetCombined/Edges/Round-7_0029562_edge.png,"tf.Tensor(3.808, shape=(), dtype=float32)",3.7442942,0.0051832906901836395
/tmp/DataSetCombined/Edges/Round-1_0032867_edge.png,"tf.Tensor(4.377, shape=(), dtype=float32)",4.100879,0.0051832906901836395
/tmp/DataSetCombined/Edges/Round-4_0087383_edge.png,"tf.Tensor(5.117, shape=(), dtype=float32)",4.7344813,0.0051832906901836395
/tmp/DataSetCombined/Edges/Round-5_0022612_edge.png,"tf.Tensor(2.548, shape=(), dtype=float32)",2.6007192,0.0051832906901836395
/tmp/DataSetCombined/Edges/Round-1_0004730_edge.png,"tf.Tensor(5.598, shape=(), dtype=float32)",5.205142,0.0051832906901836395
/tmp/DataSetCombined/Edges/Round-8_0023773_edge.png,"tf.Tensor(5.16, shape=(), dtype=float32)",4.7452006,0.0051832906901836395
/tmp/DataSetCombined/Edges/Round-4_0038811_edge.png,"tf.Tensor(5.568, shape=(), dtype=float32)",5.222802,0.0051832906901836395
/tmp/DataSetCombined/Edges/Round-10_0127685_edge.png,"tf.Tensor(3.127, shape=(), dtype=float32)",3.0745778,0.0051832906901836395
/tmp/DataSetCombined/Edges/Round-9_0140990_edge.png,"tf.Tensor(2.588, shape=(), dtype=float32)",2.6617188,0.0051832906901836395
/tmp/DataSetCombined/Edges/Round-10_0199563_edge.png,"tf.Tensor(4.262, shape=(), dtype=float32)",3.9704528,0.0051832906901836395
/tmp/DataSetCombined/Edges/Round-6_0021042_edge.png,"tf.Tensor(2.72, shape=(), dtype=float32)",2.761707,0.0051832906901836395
/tmp/DataSetCombined/Edges/Round-10_0139213_edge.png,"tf.Tensor(2.756, shape=(), dtype=float32)",2.7230506,0.0051832906901836395
/tmp/DataSetCombined/Edges/Round-6_0028446_edge.png,"tf.Tensor(5.079, shape=(), dtype=float32)",4.715425,0.0051832906901836395
/tmp/DataSetCombined/Edges/Round-10_0147430_edge.png,"tf.Tensor(3.703, shape=(), dtype=float32)",3.5816615,0.0051832906901836395
/tmp/DataSetCombined/Edges/Round-7_0001779_edge.png,"tf.Tensor(3.504, shape=(), dtype=float32)",3.4473195,0.0051832906901836395
/tmp/DataSetCombined/Edges/Round-4_0052045_edge.png,"tf.Tensor(2.991, shape=(), dtype=float32)",2.970352,0.0051832906901836395
/tmp/DataSetCombined/Edges/Round-10_0014812_edge.png,"tf.Tensor(5.077, shape=(), dtype=float32)",4.718632,0.0051832906901836395
/tmp/DataSetCombined/Edges/Round-1_0167541_edge.png,"tf.Tensor(2.897, shape=(), dtype=float32)",2.9093256,0.0051832906901836395
/tmp/DataSetCombined/Edges/Round-6_0117902_edge.png,"tf.Tensor(5.577, shape=(), dtype=float32)",5.2024937,0.0051832906901836395
/tmp/DataSetCombined/Edges/Round-8_0000808_edge.png,"tf.Tensor(3.885, shape=(), dtype=float32)",3.7894766,0.0051832906901836395
/tmp/DataSetCombined/Edges/Round-5_0072248_edge.png,"tf.Tensor(2.704, shape=(), dtype=float32)",2.862802,0.0051832906901836395
/tmp/DataSetCombined/Edges/Round-6_0026520_edge.png,"tf.Tensor(5.571, shape=(), dtype=float32)",5.221058,0.0051832906901836395
/tmp/DataSetCombined/Edges/Round-10_0102973_edge.png,"tf.Tensor(5.042, shape=(), dtype=float32)",4.680878,0.0051832906901836395
/tmp/DataSetCombined/Edges/Round-6_0027731_edge.png,"tf.Tensor(4.958, shape=(), dtype=float32)",4.5840797,0.0051832906901836395
/tmp/DataSetCombined/Edges/Round-8_0023924_edge.png,"tf.Tensor(5.033, shape=(), dtype=float32)",4.6803756,0.0051832906901836395
/tmp/DataSetCombined/Edges/Round-10_0039433_edge.png,"tf.Tensor(5.657, shape=(), dtype=float32)",5.2871504,0.0051832906901836395
/tmp/DataSetCombined/Edges/Round-2_0109548_edge.png,"tf.Tensor(5.58, shape=(), dtype=float32)",5.2128215,0.0051832906901836395
/tmp/DataSetCombined/Edges/Round-1_0061801_edge.png,"tf.Tensor(2.938, shape=(), dtype=float32)",2.932947,0.005326356738805771
/tmp/DataSetCombined/Edges/Round-10_0042503_edge.png,"tf.Tensor(5.154, shape=(), dtype=float32)",4.7430406,0.005326356738805771
/tmp/DataSetCombined/Edges/Round-10_0069774_edge.png,"tf.Tensor(5.445, shape=(), dtype=float32)",5.126746,0.005326356738805771
/tmp/DataSetCombined/Edges/Round-8_0032831_edge.png,"tf.Tensor(2.825, shape=(), dtype=float32)",2.844621,0.005326356738805771
/tmp/DataSetCombined/Edges/Round-8_0053042_edge.png,"tf.Tensor(3.301, shape=(), dtype=float32)",3.2689447,0.005326356738805771
/tmp/DataSetCombined/Edges/Round-2_0112167_edge.png,"tf.Tensor(1.946, shape=(), dtype=float32)",1.9950802,0.005326356738805771
/tmp/DataSetCombined/Edges/Round-3_0031434_edge.png,"tf.Tensor(4.663, shape=(), dtype=float32)",4.363022,0.005326356738805771
/tmp/DataSetCombined/Edges/Round-6_0108632_edge.png,"tf.Tensor(5.033, shape=(), dtype=float32)",4.687292,0.005326356738805771
/tmp/DataSetCombined/Edges/Round-10_0095569_edge.png,"tf.Tensor(5.49, shape=(), dtype=float32)",5.1361566,0.005326356738805771
/tmp/DataSetCombined/Edges/Round-4_0017732_edge.png,"tf.Tensor(5.079, shape=(), dtype=float32)",4.7211733,0.005326356738805771
/tmp/DataSetCombined/Edges/Round-4_0087743_edge.png,"tf.Tensor(3.578, shape=(), dtype=float32)",3.5351434,0.005326356738805771
/tmp/DataSetCombined/Edges/Round-9_0111282_edge.png,"tf.Tensor(2.521, shape=(), dtype=float32)",2.5984092,0.005326356738805771
/tmp/DataSetCombined/Edges/Round-6_0107638_edge.png,"tf.Tensor(5.047, shape=(), dtype=float32)",4.702735,0.005326356738805771
/tmp/DataSetCombined/Edges/Round-8_0053873_edge.png,"tf.Tensor(5.486, shape=(), dtype=float32)",5.2095456,0.005326356738805771
/tmp/DataSetCombined/Edges/Round-2_0071382_edge.png,"tf.Tensor(3.013, shape=(), dtype=float32)",3.003448,0.005326356738805771
/tmp/DataSetCombined/Edges/Round-5_0046932_edge.png,"tf.Tensor(4.264, shape=(), dtype=float32)",3.9783902,0.005326356738805771
/tmp/DataSetCombined/Edges/Round-4_0068329_edge.png,"tf.Tensor(5.572, shape=(), dtype=float32)",5.221797,0.005326356738805771
/tmp/DataSetCombined/Edges/Round-10_0148604_edge.png,"tf.Tensor(4.193, shape=(), dtype=float32)",4.0093513,0.005326356738805771
/tmp/DataSetCombined/Edges/Round-5_0095543_edge.png,"tf.Tensor(5.128, shape=(), dtype=float32)",4.7953677,0.005326356738805771
/tmp/DataSetCombined/Edges/Round-9_0097255_edge.png,"tf.Tensor(5.694, shape=(), dtype=float32)",5.2448716,0.005326356738805771
/tmp/DataSetCombined/Edges/Round-7_0017762_edge.png,"tf.Tensor(5.154, shape=(), dtype=float32)",4.729574,0.005326356738805771
/tmp/DataSetCombined/Edges/Round-2_0080381_edge.png,"tf.Tensor(1.777, shape=(), dtype=float32)",1.8277621,0.005326356738805771
/tmp/DataSetCombined/Edges/Round-5_0090577_edge.png,"tf.Tensor(2.766, shape=(), dtype=float32)",2.823436,0.005326356738805771
/tmp/DataSetCombined/Edges/Round-1_0026267_edge.png,"tf.Tensor(5.15, shape=(), dtype=float32)",4.8303814,0.005326356738805771
/tmp/DataSetCombined/Edges/Round-3_0065408_edge.png,"tf.Tensor(2.461, shape=(), dtype=float32)",2.651615,0.005326356738805771
/tmp/DataSetCombined/Edges/Round-3_0046800_edge.png,"tf.Tensor(4.788, shape=(), dtype=float32)",4.4853625,0.005326356738805771
/tmp/DataSetCombined/Edges/Round-3_0003767_edge.png,"tf.Tensor(4.771, shape=(), dtype=float32)",4.483425,0.005326356738805771
/tmp/DataSetCombined/Edges/Round-9_0137908_edge.png,"tf.Tensor(5.448, shape=(), dtype=float32)",5.12816,0.005326356738805771
/tmp/DataSetCombined/Edges/Round-4_0078834_edge.png,"tf.Tensor(2.442, shape=(), dtype=float32)",2.5882223,0.005326356738805771
/tmp/DataSetCombined/Edges/Round-10_0115074_edge.png,"tf.Tensor(5.361, shape=(), dtype=float32)",5.0571437,0.005326356738805771
/tmp/DataSetCombined/Edges/Round-7_0046748_edge.png,"tf.Tensor(4.684, shape=(), dtype=float32)",4.380423,0.005326356738805771
/tmp/DataSetCombined/Edges/Round-7_0101620_edge.png,"tf.Tensor(5.577, shape=(), dtype=float32)",5.1526966,0.005326356738805771
/tmp/DataSetCombined/Edges/Round-8_0004070_edge.png,"tf.Tensor(5.521, shape=(), dtype=float32)",5.1771226,0.005326356738805771
/tmp/DataSetCombined/Edges/Round-8_0058339_edge.png,"tf.Tensor(4.382, shape=(), dtype=float32)",4.096574,0.005326356738805771
/tmp/DataSetCombined/Edges/Round-4_0040517_edge.png,"tf.Tensor(1.833, shape=(), dtype=float32)",1.8742092,0.005326356738805771
/tmp/DataSetCombined/Edges/Round-7_0091928_edge.png,"tf.Tensor(5.043, shape=(), dtype=float32)",4.6858435,0.005326356738805771
/tmp/DataSetCombined/Edges/Round-6_0121544_edge.png,"tf.Tensor(4.474, shape=(), dtype=float32)",4.17467,0.005326356738805771
/tmp/DataSetCombined/Edges/Round-5_0063156_edge.png,"tf.Tensor(5.515, shape=(), dtype=float32)",5.146029,0.005326356738805771
/tmp/DataSetCombined/Edges/Round-10_0118264_edge.png,"tf.Tensor(3.962, shape=(), dtype=float32)",3.8862145,0.005326356738805771
/tmp/DataSetCombined/Edges/Round-6_0095117_edge.png,"tf.Tensor(2.995, shape=(), dtype=float32)",2.9738283,0.005326356738805771
/tmp/DataSetCombined/Edges/Round-6_0017008_edge.png,"tf.Tensor(5.555, shape=(), dtype=float32)",5.222759,0.005326356738805771
/tmp/DataSetCombined/Edges/Round-10_0027122_edge.png,"tf.Tensor(1.92, shape=(), dtype=float32)",2.0222228,0.005326356738805771
/tmp/DataSetCombined/Edges/Round-7_0121516_edge.png,"tf.Tensor(5.443, shape=(), dtype=float32)",5.1101823,0.005326356738805771
/tmp/DataSetCombined/Edges/Round-8_0074654_edge.png,"tf.Tensor(5.356, shape=(), dtype=float32)",4.959374,0.005326356738805771
/tmp/DataSetCombined/Edges/Round-8_0032472_edge.png,"tf.Tensor(3.117, shape=(), dtype=float32)",3.0719612,0.005326356738805771
/tmp/DataSetCombined/Edges/Round-6_0070616_edge.png,"tf.Tensor(4.647, shape=(), dtype=float32)",4.348111,0.005326356738805771
/tmp/DataSetCombined/Edges/Round-3_0002467_edge.png,"tf.Tensor(4.781, shape=(), dtype=float32)",4.4946775,0.005326356738805771
/tmp/DataSetCombined/Edges/Round-8_0009698_edge.png,"tf.Tensor(4.639, shape=(), dtype=float32)",4.344202,0.005326356738805771
/tmp/DataSetCombined/Edges/Round-6_0011771_edge.png,"tf.Tensor(2.726, shape=(), dtype=float32)",2.8170495,0.005326356738805771
/tmp/DataSetCombined/Edges/Round-10_0076667_edge.png,"tf.Tensor(3.302, shape=(), dtype=float32)",3.3181229,0.005326356738805771
/tmp/DataSetCombined/Edges/Round-10_0046102_edge.png,"tf.Tensor(4.746, shape=(), dtype=float32)",4.4352336,0.005326356738805771
/tmp/DataSetCombined/Edges/Round-2_0065211_edge.png,"tf.Tensor(2.925, shape=(), dtype=float32)",2.8976383,0.005326356738805771
/tmp/DataSetCombined/Edges/Round-8_0025734_edge.png,"tf.Tensor(4.485, shape=(), dtype=float32)",4.171428,0.005326356738805771
/tmp/DataSetCombined/Edges/Round-9_0064236_edge.png,"tf.Tensor(5.432, shape=(), dtype=float32)",5.109222,0.005326356738805771
/tmp/DataSetCombined/Edges/Round-7_0005391_edge.png,"tf.Tensor(3.286, shape=(), dtype=float32)",3.2825813,0.005326356738805771
/tmp/DataSetCombined/Edges/Round-9_0131406_edge.png,"tf.Tensor(5.679, shape=(), dtype=float32)",5.286361,0.005326356738805771
/tmp/DataSetCombined/Edges/Round-5_0099697_edge.png,"tf.Tensor(3.792, shape=(), dtype=float32)",3.736859,0.005326356738805771
/tmp/DataSetCombined/Edges/Round-8_0029101_edge.png,"tf.Tensor(3.947, shape=(), dtype=float32)",3.7097845,0.005326356738805771
/tmp/DataSetCombined/Edges/Round-10_0009515_edge.png,"tf.Tensor(5.428, shape=(), dtype=float32)",5.0637574,0.005326356738805771
/tmp/DataSetCombined/Edges/Round-6_0092167_edge.png,"tf.Tensor(5.443, shape=(), dtype=float32)",5.123445,0.005326356738805771
/tmp/DataSetCombined/Edges/Round-1_0072600_edge.png,"tf.Tensor(5.602, shape=(), dtype=float32)",5.247726,0.005326356738805771
/tmp/DataSetCombined/Edges/Round-6_0081392_edge.png,"tf.Tensor(5.57, shape=(), dtype=float32)",5.2314277,0.005326356738805771
/tmp/DataSetCombined/Edges/Round-10_0163323_edge.png,"tf.Tensor(3.703, shape=(), dtype=float32)",3.646179,0.005326356738805771
/tmp/DataSetCombined/Edges/Round-2_0090254_edge.png,"tf.Tensor(3.027, shape=(), dtype=float32)",3.0083878,0.005326356738805771
/tmp/DataSetCombined/Edges/Round-5_0037450_edge.png,"tf.Tensor(5.224, shape=(), dtype=float32)",4.812318,0.0051239170134067535
/tmp/DataSetCombined/Edges/Round-10_0005667_edge.png,"tf.Tensor(3.31, shape=(), dtype=float32)",3.293261,0.0051239170134067535
/tmp/DataSetCombined/Edges/Round-10_0028025_edge.png,"tf.Tensor(2.219, shape=(), dtype=float32)",2.312185,0.0051239170134067535
/tmp/DataSetCombined/Edges/Round-10_0076305_edge.png,"tf.Tensor(5.533, shape=(), dtype=float32)",5.1899114,0.0051239170134067535
/tmp/DataSetCombined/Edges/Round-1_0098220_edge.png,"tf.Tensor(5.377, shape=(), dtype=float32)",5.123553,0.0051239170134067535
/tmp/DataSetCombined/Edges/Round-9_0116309_edge.png,"tf.Tensor(4.352, shape=(), dtype=float32)",4.0759425,0.0051239170134067535
/tmp/DataSetCombined/Edges/Round-9_0145927_edge.png,"tf.Tensor(2.239, shape=(), dtype=float32)",2.3303592,0.0051239170134067535
/tmp/DataSetCombined/Edges/Round-9_0125068_edge.png,"tf.Tensor(5.176, shape=(), dtype=float32)",4.784179,0.0051239170134067535
/tmp/DataSetCombined/Edges/Round-9_0112576_edge.png,"tf.Tensor(4.653, shape=(), dtype=float32)",4.392181,0.0051239170134067535
/tmp/DataSetCombined/Edges/Round-7_0100658_edge.png,"tf.Tensor(2.574, shape=(), dtype=float32)",2.627943,0.0051239170134067535
/tmp/DataSetCombined/Edges/Round-8_0017253_edge.png,"tf.Tensor(4.728, shape=(), dtype=float32)",4.425577,0.0051239170134067535
/tmp/DataSetCombined/Edges/Round-7_0047621_edge.png,"tf.Tensor(2.447, shape=(), dtype=float32)",2.6103778,0.0051239170134067535
/tmp/DataSetCombined/Edges/Round-5_0080854_edge.png,"tf.Tensor(3.064, shape=(), dtype=float32)",3.0349112,0.0051239170134067535
/tmp/DataSetCombined/Edges/Round-10_0073927_edge.png,"tf.Tensor(5.606, shape=(), dtype=float32)",5.212563,0.0051239170134067535
/tmp/DataSetCombined/Edges/Round-9_0078383_edge.png,"tf.Tensor(2.022, shape=(), dtype=float32)",2.1456823,0.0051239170134067535
/tmp/DataSetCombined/Edges/Round-9_0123292_edge.png,"tf.Tensor(4.968, shape=(), dtype=float32)",4.605049,0.0051239170134067535
/tmp/DataSetCombined/Edges/Round-10_0162480_edge.png,"tf.Tensor(5.445, shape=(), dtype=float32)",5.129352,0.0051239170134067535
/tmp/DataSetCombined/Edges/Round-6_0038379_edge.png,"tf.Tensor(5.035, shape=(), dtype=float32)",4.691692,0.0051239170134067535
/tmp/DataSetCombined/Edges/Round-3_0076033_edge.png,"tf.Tensor(3.746, shape=(), dtype=float32)",3.6651778,0.0051239170134067535
/tmp/DataSetCombined/Edges/Round-9_0128228_edge.png,"tf.Tensor(5.379, shape=(), dtype=float32)",4.97674,0.0051239170134067535
/tmp/DataSetCombined/Edges/Round-9_0082025_edge.png,"tf.Tensor(1.996, shape=(), dtype=float32)",2.0867486,0.0051239170134067535
/tmp/DataSetCombined/Edges/Round-8_0037920_edge.png,"tf.Tensor(2.483, shape=(), dtype=float32)",2.4884984,0.0051239170134067535
/tmp/DataSetCombined/Edges/Round-7_0040217_edge.png,"tf.Tensor(5.136, shape=(), dtype=float32)",4.8288293,0.0051239170134067535
/tmp/DataSetCombined/Edges/Round-5_0095156_edge.png,"tf.Tensor(5.53, shape=(), dtype=float32)",5.2376704,0.0051239170134067535
/tmp/DataSetCombined/Edges/Round-9_0054605_edge.png,"tf.Tensor(5.153, shape=(), dtype=float32)",4.7451444,0.0051239170134067535
/tmp/DataSetCombined/Edges/Round-7_0125128_edge.png,"tf.Tensor(2.518, shape=(), dtype=float32)",2.5915926,0.0051239170134067535
/tmp/DataSetCombined/Edges/Round-4_0017280_edge.png,"tf.Tensor(3.298, shape=(), dtype=float32)",3.2813368,0.0051239170134067535
/tmp/DataSetCombined/Edges/Round-8_0055480_edge.png,"tf.Tensor(2.854, shape=(), dtype=float32)",2.8758602,0.0051239170134067535
/tmp/DataSetCombined/Edges/Round-5_0010181_edge.png,"tf.Tensor(4.473, shape=(), dtype=float32)",4.167228,0.0051239170134067535
/tmp/DataSetCombined/Edges/Round-10_0099091_edge.png,"tf.Tensor(5.568, shape=(), dtype=float32)",5.2238517,0.0051239170134067535
/tmp/DataSetCombined/Edges/Round-9_0199474_edge.png,"tf.Tensor(1.85, shape=(), dtype=float32)",1.8959635,0.0051239170134067535
/tmp/DataSetCombined/Edges/Round-9_0137198_edge.png,"tf.Tensor(3.375, shape=(), dtype=float32)",3.1973825,0.0051239170134067535
/tmp/DataSetCombined/Edges/Round-2_0027000_edge.png,"tf.Tensor(4.724, shape=(), dtype=float32)",4.4588704,0.0051239170134067535
/tmp/DataSetCombined/Edges/Round-1_0052167_edge.png,"tf.Tensor(1.682, shape=(), dtype=float32)",1.7037529,0.0051239170134067535
/tmp/DataSetCombined/Edges/Round-1_0121396_edge.png,"tf.Tensor(2.427, shape=(), dtype=float32)",2.5518508,0.0051239170134067535
/tmp/DataSetCombined/Edges/Round-1_0023767_edge.png,"tf.Tensor(5.561, shape=(), dtype=float32)",5.1725516,0.0051239170134067535
/tmp/DataSetCombined/Edges/Round-1_0117513_edge.png,"tf.Tensor(2.188, shape=(), dtype=float32)",2.2811906,0.0051239170134067535
/tmp/DataSetCombined/Edges/Round-1_0033423_edge.png,"tf.Tensor(3.403, shape=(), dtype=float32)",3.2751787,0.0051239170134067535
/tmp/DataSetCombined/Edges/Round-1_0010067_edge.png,"tf.Tensor(2.126, shape=(), dtype=float32)",2.2236984,0.0051239170134067535
/tmp/DataSetCombined/Edges/Round-6_0036182_edge.png,"tf.Tensor(3.206, shape=(), dtype=float32)",3.2073603,0.0051239170134067535
/tmp/DataSetCombined/Edges/Round-2_0069334_edge.png,"tf.Tensor(5.493, shape=(), dtype=float32)",5.2170095,0.0051239170134067535
/tmp/DataSetCombined/Edges/Round-3_0065890_edge.png,"tf.Tensor(5.054, shape=(), dtype=float32)",4.7017574,0.0051239170134067535
/tmp/DataSetCombined/Edges/Round-1_0117182_edge.png,"tf.Tensor(3.114, shape=(), dtype=float32)",2.9917827,0.0051239170134067535
/tmp/DataSetCombined/Edges/Round-4_0033022_edge.png,"tf.Tensor(2.056, shape=(), dtype=float32)",2.0978546,0.0051239170134067535
/tmp/DataSetCombined/Edges/Round-3_0074107_edge.png,"tf.Tensor(2.433, shape=(), dtype=float32)",2.6152031,0.0051239170134067535
/tmp/DataSetCombined/Edges/Round-3_0048161_edge.png,"tf.Tensor(5.527, shape=(), dtype=float32)",5.191059,0.0051239170134067535
/tmp/DataSetCombined/Edges/Round-6_0087803_edge.png,"tf.Tensor(2.85, shape=(), dtype=float32)",2.8664463,0.0051239170134067535
/tmp/DataSetCombined/Edges/Round-2_0066054_edge.png,"tf.Tensor(3.877, shape=(), dtype=float32)",3.798156,0.0051239170134067535
/tmp/DataSetCombined/Edges/Round-1_0024034_edge.png,"tf.Tensor(4.449, shape=(), dtype=float32)",4.135001,0.0051239170134067535
/tmp/DataSetCombined/Edges/Round-10_0166514_edge.png,"tf.Tensor(3.091, shape=(), dtype=float32)",2.9935365,0.0051239170134067535
/tmp/DataSetCombined/Edges/Round-9_0063303_edge.png,"tf.Tensor(1.232, shape=(), dtype=float32)",1.3482597,0.0051239170134067535
/tmp/DataSetCombined/Edges/Round-3_0042833_edge.png,"tf.Tensor(5.112, shape=(), dtype=float32)",4.76531,0.0051239170134067535
/tmp/DataSetCombined/Edges/Round-4_0030825_edge.png,"tf.Tensor(2.254, shape=(), dtype=float32)",2.3625507,0.0051239170134067535
/tmp/DataSetCombined/Edges/Round-5_0052922_edge.png,"tf.Tensor(5.506, shape=(), dtype=float32)",5.2186103,0.0051239170134067535
/tmp/DataSetCombined/Edges/Round-10_0187734_edge.png,"tf.Tensor(5.519, shape=(), dtype=float32)",5.174857,0.0051239170134067535
/tmp/DataSetCombined/Edges/Round-9_0063424_edge.png,"tf.Tensor(3.006, shape=(), dtype=float32)",2.977595,0.0051239170134067535
/tmp/DataSetCombined/Edges/Round-9_0054725_edge.png,"tf.Tensor(4.267, shape=(), dtype=float32)",3.9757984,0.0051239170134067535
/tmp/DataSetCombined/Edges/Round-8_0038594_edge.png,"tf.Tensor(2.95, shape=(), dtype=float32)",2.9447403,0.0051239170134067535
/tmp/DataSetCombined/Edges/Round-9_0004699_edge.png,"tf.Tensor(2.224, shape=(), dtype=float32)",2.3365338,0.0051239170134067535
/tmp/DataSetCombined/Edges/Round-4_0081513_edge.png,"tf.Tensor(5.667, shape=(), dtype=float32)",5.237422,0.0051239170134067535
/tmp/DataSetCombined/Edges/Round-5_0080613_edge.png,"tf.Tensor(2.51, shape=(), dtype=float32)",2.574487,0.0051239170134067535
/tmp/DataSetCombined/Edges/Round-7_0059270_edge.png,"tf.Tensor(2.566, shape=(), dtype=float32)",2.7441118,0.0051239170134067535
/tmp/DataSetCombined/Edges/Round-8_0035133_edge.png,"tf.Tensor(5.56, shape=(), dtype=float32)",5.1660814,0.0051239170134067535
/tmp/DataSetCombined/Edges/Round-2_0082940_edge.png,"tf.Tensor(4.96, shape=(), dtype=float32)",4.597534,0.0051239170134067535
/tmp/DataSetCombined/Edges/Round-3_0085004_edge.png,"tf.Tensor(2.789, shape=(), dtype=float32)",2.852738,0.00531107559800148
/tmp/DataSetCombined/Edges/Round-10_0092499_edge.png,"tf.Tensor(3.592, shape=(), dtype=float32)",3.4240637,0.00531107559800148
/tmp/DataSetCombined/Edges/Round-10_0086208_edge.png,"tf.Tensor(3.12, shape=(), dtype=float32)",3.1310058,0.00531107559800148
/tmp/DataSetCombined/Edges/Round-4_0082717_edge.png,"tf.Tensor(3.392, shape=(), dtype=float32)",3.264802,0.00531107559800148
/tmp/DataSetCombined/Edges/Round-10_0147972_edge.png,"tf.Tensor(5.572, shape=(), dtype=float32)",5.2201395,0.00531107559800148
/tmp/DataSetCombined/Edges/Round-8_0019059_edge.png,"tf.Tensor(1.816, shape=(), dtype=float32)",1.8898072,0.00531107559800148
/tmp/DataSetCombined/Edges/Round-5_0045698_edge.png,"tf.Tensor(1.68, shape=(), dtype=float32)",1.7028995,0.00531107559800148
/tmp/DataSetCombined/Edges/Round-10_0105140_edge.png,"tf.Tensor(4.864, shape=(), dtype=float32)",4.5907955,0.00531107559800148
/tmp/DataSetCombined/Edges/Round-5_0009036_edge.png,"tf.Tensor(4.516, shape=(), dtype=float32)",4.2170515,0.00531107559800148
/tmp/DataSetCombined/Edges/Round-5_0001546_edge.png,"tf.Tensor(5.147, shape=(), dtype=float32)",4.8121276,0.00531107559800148
/tmp/DataSetCombined/Edges/Round-1_0098821_edge.png,"tf.Tensor(2.102, shape=(), dtype=float32)",2.2206042,0.00531107559800148
/tmp/DataSetCombined/Edges/Round-10_0138220_edge.png,"tf.Tensor(2.508, shape=(), dtype=float32)",2.561232,0.00531107559800148
/tmp/DataSetCombined/Edges/Round-2_0088719_edge.png,"tf.Tensor(2.245, shape=(), dtype=float32)",2.3972256,0.00531107559800148
/tmp/DataSetCombined/Edges/Round-9_0051353_edge.png,"tf.Tensor(5.129, shape=(), dtype=float32)",4.908151,0.00531107559800148
/tmp/DataSetCombined/Edges/Round-7_0071310_edge.png,"tf.Tensor(3.608, shape=(), dtype=float32)",3.5426905,0.00531107559800148
/tmp/DataSetCombined/Edges/Round-3_0083341_edge.png,"tf.Tensor(5.517, shape=(), dtype=float32)",5.184645,0.00531107559800148
/tmp/DataSetCombined/Edges/Round-1_0017334_edge.png,"tf.Tensor(5.376, shape=(), dtype=float32)",5.0472336,0.00531107559800148
/tmp/DataSetCombined/Edges/Round-10_0028267_edge.png,"tf.Tensor(2.984, shape=(), dtype=float32)",3.027291,0.00531107559800148
/tmp/DataSetCombined/Edges/Round-10_0019026_edge.png,"tf.Tensor(3.494, shape=(), dtype=float32)",3.433822,0.00531107559800148
/tmp/DataSetCombined/Edges/Round-9_0016167_edge.png,"tf.Tensor(5.648, shape=(), dtype=float32)",5.2398686,0.00531107559800148
/tmp/DataSetCombined/Edges/Round-1_0064367_edge.png,"tf.Tensor(1.972, shape=(), dtype=float32)",2.0742564,0.00531107559800148
/tmp/DataSetCombined/Edges/Round-8_0056233_edge.png,"tf.Tensor(4.581, shape=(), dtype=float32)",4.33227,0.00531107559800148
/tmp/DataSetCombined/Edges/Round-9_0042805_edge.png,"tf.Tensor(5.565, shape=(), dtype=float32)",5.1714463,0.00531107559800148
/tmp/DataSetCombined/Edges/Round-10_0083499_edge.png,"tf.Tensor(4.359, shape=(), dtype=float32)",4.126301,0.00531107559800148
/tmp/DataSetCombined/Edges/Round-3_0085545_edge.png,"tf.Tensor(3.347, shape=(), dtype=float32)",3.2374306,0.00531107559800148
/tmp/DataSetCombined/Edges/Round-10_0068359_edge.png,"tf.Tensor(4.012, shape=(), dtype=float32)",3.859518,0.00531107559800148
/tmp/DataSetCombined/Edges/Round-5_0122422_edge.png,"tf.Tensor(2.132, shape=(), dtype=float32)",2.24073,0.00531107559800148
/tmp/DataSetCombined/Edges/Round-9_0091837_edge.png,"tf.Tensor(5.561, shape=(), dtype=float32)",5.174254,0.00531107559800148
/tmp/DataSetCombined/Edges/Round-1_0126664_edge.png,"tf.Tensor(4.911, shape=(), dtype=float32)",4.6475954,0.00531107559800148
/tmp/DataSetCombined/Edges/Round-1_0033866_edge.png,"tf.Tensor(5.152, shape=(), dtype=float32)",4.7451444,0.00531107559800148
/tmp/DataSetCombined/Edges/Round-9_0170699_edge.png,"tf.Tensor(1.679, shape=(), dtype=float32)",1.695087,0.00531107559800148
/tmp/DataSetCombined/Edges/Round-9_0047320_edge.png,"tf.Tensor(5.521, shape=(), dtype=float32)",5.1931276,0.00531107559800148
/tmp/DataSetCombined/Edges/Round-7_0063333_edge.png,"tf.Tensor(3.915, shape=(), dtype=float32)",3.7725253,0.00531107559800148
/tmp/DataSetCombined/Edges/Round-6_0085184_edge.png,"tf.Tensor(2.451, shape=(), dtype=float32)",2.4875827,0.00531107559800148
/tmp/DataSetCombined/Edges/Round-9_0106827_edge.png,"tf.Tensor(5.44, shape=(), dtype=float32)",5.124509,0.00531107559800148
/tmp/DataSetCombined/Edges/Round-1_0132684_edge.png,"tf.Tensor(4.673, shape=(), dtype=float32)",4.4054766,0.00531107559800148
/tmp/DataSetCombined/Edges/Round-2_0104614_edge.png,"tf.Tensor(5.666, shape=(), dtype=float32)",5.249743,0.00531107559800148
/tmp/DataSetCombined/Edges/Round-10_0113148_edge.png,"tf.Tensor(2.568, shape=(), dtype=float32)",2.6302195,0.00531107559800148
/tmp/DataSetCombined/Edges/Round-3_0083378_edge.png,"tf.Tensor(4.443, shape=(), dtype=float32)",4.1645103,0.00531107559800148
/tmp/DataSetCombined/Edges/Round-4_0077781_edge.png,"tf.Tensor(2.605, shape=(), dtype=float32)",2.7006664,0.00531107559800148
/tmp/DataSetCombined/Edges/Round-7_0061481_edge.png,"tf.Tensor(2.617, shape=(), dtype=float32)",2.6621037,0.00531107559800148
/tmp/DataSetCombined/Edges/Round-9_0032000_edge.png,"tf.Tensor(2.802, shape=(), dtype=float32)",2.8330495,0.00531107559800148
/tmp/DataSetCombined/Edges/Round-1_0169886_edge.png,"tf.Tensor(5.676, shape=(), dtype=float32)",5.2683654,0.00531107559800148
/tmp/DataSetCombined/Edges/Round-5_0019451_edge.png,"tf.Tensor(2.419, shape=(), dtype=float32)",2.5810127,0.00531107559800148
/tmp/DataSetCombined/Edges/Round-8_0034097_edge.png,"tf.Tensor(5.447, shape=(), dtype=float32)",5.118506,0.00531107559800148
/tmp/DataSetCombined/Edges/Round-1_0125038_edge.png,"tf.Tensor(2.965, shape=(), dtype=float32)",2.9892359,0.00531107559800148
/tmp/DataSetCombined/Edges/Round-2_0095702_edge.png,"tf.Tensor(2.664, shape=(), dtype=float32)",2.7155797,0.00531107559800148
/tmp/DataSetCombined/Edges/Round-8_0039425_edge.png,"tf.Tensor(4.28, shape=(), dtype=float32)",4.038113,0.00531107559800148
/tmp/DataSetCombined/Edges/Round-8_0064209_edge.png,"tf.Tensor(4.988, shape=(), dtype=float32)",4.7798924,0.00531107559800148
/tmp/DataSetCombined/Edges/Round-7_0121382_edge.png,"tf.Tensor(5.152, shape=(), dtype=float32)",4.7274847,0.00531107559800148
/tmp/DataSetCombined/Edges/Round-1_0007334_edge.png,"tf.Tensor(5.037, shape=(), dtype=float32)",4.6846814,0.00531107559800148
/tmp/DataSetCombined/Edges/Round-8_0006496_edge.png,"tf.Tensor(2.396, shape=(), dtype=float32)",2.4876704,0.00531107559800148
/tmp/DataSetCombined/Edges/Round-4_0040364_edge.png,"tf.Tensor(5.52, shape=(), dtype=float32)",5.175975,0.00531107559800148
/tmp/DataSetCombined/Edges/Round-6_0006334_edge.png,"tf.Tensor(5.444, shape=(), dtype=float32)",5.137919,0.00531107559800148
/tmp/DataSetCombined/Edges/Round-1_0130697_edge.png,"tf.Tensor(3.325, shape=(), dtype=float32)",3.3072515,0.00531107559800148
/tmp/DataSetCombined/Edges/Round-1_0096414_edge.png,"tf.Tensor(5.446, shape=(), dtype=float32)",5.1336136,0.00531107559800148
/tmp/DataSetCombined/Edges/Round-9_0048615_edge.png,"tf.Tensor(4.645, shape=(), dtype=float32)",4.408391,0.00531107559800148
/tmp/DataSetCombined/Edges/Round-10_0103997_edge.png,"tf.Tensor(2.449, shape=(), dtype=float32)",2.550712,0.00531107559800148
/tmp/DataSetCombined/Edges/Round-7_0110259_edge.png,"tf.Tensor(5.562, shape=(), dtype=float32)",5.176715,0.00531107559800148
/tmp/DataSetCombined/Edges/Round-10_0057162_edge.png,"tf.Tensor(2.196, shape=(), dtype=float32)",2.2904446,0.00531107559800148
/tmp/DataSetCombined/Edges/Round-2_0077901_edge.png,"tf.Tensor(3.801, shape=(), dtype=float32)",3.735484,0.00531107559800148
/tmp/DataSetCombined/Edges/Round-1_0119650_edge.png,"tf.Tensor(3.137, shape=(), dtype=float32)",3.017732,0.00531107559800148
/tmp/DataSetCombined/Edges/Round-2_0053292_edge.png,"tf.Tensor(3.361, shape=(), dtype=float32)",3.247399,0.00531107559800148
/tmp/DataSetCombined/Edges/Round-10_0123411_edge.png,"tf.Tensor(2.974, shape=(), dtype=float32)",2.9561691,0.00531107559800148
/tmp/DataSetCombined/Edges/Round-6_0040451_edge.png,"tf.Tensor(3.831, shape=(), dtype=float32)",3.7347033,0.005794931203126907
/tmp/DataSetCombined/Edges/Round-6_0132351_edge.png,"tf.Tensor(2.828, shape=(), dtype=float32)",2.8590803,0.005794931203126907
/tmp/DataSetCombined/Edges/Round-6_0000546_edge.png,"tf.Tensor(5.561, shape=(), dtype=float32)",5.169749,0.005794931203126907
/tmp/DataSetCombined/Edges/Round-2_0076739_edge.png,"tf.Tensor(3.158, shape=(), dtype=float32)",3.1837187,0.005794931203126907
/tmp/DataSetCombined/Edges/Round-10_0040667_edge.png,"tf.Tensor(4.495, shape=(), dtype=float32)",4.192109,0.005794931203126907
/tmp/DataSetCombined/Edges/Round-9_0057163_edge.png,"tf.Tensor(4.477, shape=(), dtype=float32)",4.226938,0.005794931203126907
/tmp/DataSetCombined/Edges/Round-7_0121257_edge.png,"tf.Tensor(5.217, shape=(), dtype=float32)",4.8022785,0.005794931203126907
/tmp/DataSetCombined/Edges/Round-3_0006200_edge.png,"tf.Tensor(3.052, shape=(), dtype=float32)",3.0102327,0.005794931203126907
/tmp/DataSetCombined/Edges/Round-1_0044100_edge.png,"tf.Tensor(4.686, shape=(), dtype=float32)",4.387333,0.005794931203126907
/tmp/DataSetCombined/Edges/Round-4_0004879_edge.png,"tf.Tensor(3.417, shape=(), dtype=float32)",3.3634489,0.005794931203126907
/tmp/DataSetCombined/Edges/Round-10_0007317_edge.png,"tf.Tensor(2.545, shape=(), dtype=float32)",2.6233487,0.005794931203126907
/tmp/DataSetCombined/Edges/Round-7_0105624_edge.png,"tf.Tensor(2.084, shape=(), dtype=float32)",2.1327913,0.005794931203126907
/tmp/DataSetCombined/Edges/Round-3_0089006_edge.png,"tf.Tensor(2.564, shape=(), dtype=float32)",2.5973816,0.005794931203126907
/tmp/DataSetCombined/Edges/Round-10_0002637_edge.png,"tf.Tensor(4.321, shape=(), dtype=float32)",4.032958,0.005794931203126907
/tmp/DataSetCombined/Edges/Round-9_0067005_edge.png,"tf.Tensor(5.624, shape=(), dtype=float32)",5.2193794,0.005794931203126907
/tmp/DataSetCombined/Edges/Round-2_0090344_edge.png,"tf.Tensor(4.262, shape=(), dtype=float32)",3.966154,0.005794931203126907
/tmp/DataSetCombined/Edges/Round-6_0017610_edge.png,"tf.Tensor(5.574, shape=(), dtype=float32)",5.217679,0.005794931203126907
/tmp/DataSetCombined/Edges/Round-10_0039042_edge.png,"tf.Tensor(5.574, shape=(), dtype=float32)",5.2130847,0.005794931203126907
/tmp/DataSetCombined/Edges/Round-10_0190985_edge.png,"tf.Tensor(4.219, shape=(), dtype=float32)",4.034796,0.005794931203126907
/tmp/DataSetCombined/Edges/Round-9_0140480_edge.png,"tf.Tensor(2.51, shape=(), dtype=float32)",2.595966,0.005794931203126907
/tmp/DataSetCombined/Edges/Round-1_0000267_edge.png,"tf.Tensor(5.44, shape=(), dtype=float32)",5.087421,0.005794931203126907
/tmp/DataSetCombined/Edges/Round-8_0066891_edge.png,"tf.Tensor(2.698, shape=(), dtype=float32)",2.7801158,0.005794931203126907
/tmp/DataSetCombined/Edges/Round-8_0057136_edge.png,"tf.Tensor(2.036, shape=(), dtype=float32)",2.1086214,0.005794931203126907
/tmp/DataSetCombined/Edges/Round-3_0078753_edge.png,"tf.Tensor(4.51, shape=(), dtype=float32)",4.300204,0.005794931203126907
/tmp/DataSetCombined/Edges/Round-9_0113539_edge.png,"tf.Tensor(3.246, shape=(), dtype=float32)",3.2609658,0.005794931203126907
/tmp/DataSetCombined/Edges/Round-10_0138130_edge.png,"tf.Tensor(4.955, shape=(), dtype=float32)",4.583018,0.005794931203126907
/tmp/DataSetCombined/Edges/Round-7_0013217_edge.png,"tf.Tensor(5.66, shape=(), dtype=float32)",5.2497287,0.005794931203126907
/tmp/DataSetCombined/Edges/Round-3_0032800_edge.png,"tf.Tensor(4.752, shape=(), dtype=float32)",4.4458847,0.005794931203126907
/tmp/DataSetCombined/Edges/Round-6_0092829_edge.png,"tf.Tensor(3.477, shape=(), dtype=float32)",3.3478782,0.005794931203126907
/tmp/DataSetCombined/Edges/Round-10_0108361_edge.png,"tf.Tensor(2.356, shape=(), dtype=float32)",2.4597435,0.005794931203126907
/tmp/DataSetCombined/Edges/Round-8_0062812_edge.png,"tf.Tensor(4.923, shape=(), dtype=float32)",4.65135,0.005794931203126907
/tmp/DataSetCombined/Edges/Round-9_0145777_edge.png,"tf.Tensor(5.517, shape=(), dtype=float32)",5.163677,0.005794931203126907
/tmp/DataSetCombined/Edges/Round-8_0047281_edge.png,"tf.Tensor(5.568, shape=(), dtype=float32)",5.217435,0.005794931203126907
/tmp/DataSetCombined/Edges/Round-10_0024173_edge.png,"tf.Tensor(5.225, shape=(), dtype=float32)",4.81671,0.005794931203126907
/tmp/DataSetCombined/Edges/Round-10_0147671_edge.png,"tf.Tensor(3.341, shape=(), dtype=float32)",3.3070915,0.005794931203126907
/tmp/DataSetCombined/Edges/Round-6_0127655_edge.png,"tf.Tensor(5.562, shape=(), dtype=float32)",5.1757545,0.005794931203126907
/tmp/DataSetCombined/Edges/Round-6_0059539_edge.png,"tf.Tensor(5.519, shape=(), dtype=float32)",5.181487,0.005794931203126907
/tmp/DataSetCombined/Edges/Round-4_0019959_edge.png,"tf.Tensor(4.751, shape=(), dtype=float32)",4.4489913,0.005794931203126907
/tmp/DataSetCombined/Edges/Round-6_0091776_edge.png,"tf.Tensor(3.274, shape=(), dtype=float32)",3.2686944,0.005794931203126907
/tmp/DataSetCombined/Edges/Round-8_0059368_edge.png,"tf.Tensor(3.376, shape=(), dtype=float32)",3.3341415,0.005794931203126907
/tmp/DataSetCombined/Edges/Round-6_0001637_edge.png,"tf.Tensor(5.546, shape=(), dtype=float32)",5.2286353,0.005794931203126907
/tmp/DataSetCombined/Edges/Round-7_0135663_edge.png,"tf.Tensor(5.537, shape=(), dtype=float32)",5.211468,0.005794931203126907
/tmp/DataSetCombined/Edges/Round-2_0040400_edge.png,"tf.Tensor(5.111, shape=(), dtype=float32)",4.7919946,0.005794931203126907
/tmp/DataSetCombined/Edges/Round-6_0080097_edge.png,"tf.Tensor(5.475, shape=(), dtype=float32)",5.1649375,0.005794931203126907
/tmp/DataSetCombined/Edges/Round-9_0065771_edge.png,"tf.Tensor(5.145, shape=(), dtype=float32)",4.8170695,0.005794931203126907
/tmp/DataSetCombined/Edges/Round-3_0008941_edge.png,"tf.Tensor(1.978, shape=(), dtype=float32)",2.104073,0.005794931203126907
/tmp/DataSetCombined/Edges/Round-7_0135452_edge.png,"tf.Tensor(4.985, shape=(), dtype=float32)",4.625024,0.005794931203126907
/tmp/DataSetCombined/Edges/Round-1_0106798_edge.png,"tf.Tensor(3.619, shape=(), dtype=float32)",3.5353284,0.005794931203126907
/tmp/DataSetCombined/Edges/Round-9_0197066_edge.png,"tf.Tensor(5.569, shape=(), dtype=float32)",5.2313714,0.005794931203126907
/tmp/DataSetCombined/Edges/Round-2_0086582_edge.png,"tf.Tensor(5.031, shape=(), dtype=float32)",4.688534,0.005794931203126907
/tmp/DataSetCombined/Edges/Round-6_0008882_edge.png,"tf.Tensor(5.237, shape=(), dtype=float32)",4.992641,0.005794931203126907
/tmp/DataSetCombined/Edges/Round-8_0051838_edge.png,"tf.Tensor(1.926, shape=(), dtype=float32)",2.025237,0.005794931203126907
/tmp/DataSetCombined/Edges/Round-5_0043260_edge.png,"tf.Tensor(2.221, shape=(), dtype=float32)",2.329957,0.005794931203126907
/tmp/DataSetCombined/Edges/Round-9_0071580_edge.png,"tf.Tensor(5.154, shape=(), dtype=float32)",4.7447352,0.005794931203126907
/tmp/DataSetCombined/Edges/Round-1_0102525_edge.png,"tf.Tensor(5.148, shape=(), dtype=float32)",4.8341985,0.005794931203126907
/tmp/DataSetCombined/Edges/Round-2_0089742_edge.png,"tf.Tensor(5.533, shape=(), dtype=float32)",5.2182517,0.005794931203126907
/tmp/DataSetCombined/Edges/Round-1_0158328_edge.png,"tf.Tensor(5.152, shape=(), dtype=float32)",4.7403927,0.005794931203126907
/tmp/DataSetCombined/Edges/Round-9_0100506_edge.png,"tf.Tensor(5.482, shape=(), dtype=float32)",5.1243706,0.005794931203126907
/tmp/DataSetCombined/Edges/Round-10_0016527_edge.png,"tf.Tensor(5.153, shape=(), dtype=float32)",4.7434864,0.005794931203126907
/tmp/DataSetCombined/Edges/Round-9_0117031_edge.png,"tf.Tensor(5.623, shape=(), dtype=float32)",5.2680316,0.005794931203126907
/tmp/DataSetCombined/Edges/Round-10_0047470_edge.png,"tf.Tensor(2.344, shape=(), dtype=float32)",2.4477286,0.005794931203126907
/tmp/DataSetCombined/Edges/Round-1_0070434_edge.png,"tf.Tensor(5.572, shape=(), dtype=float32)",5.2222505,0.005794931203126907
/tmp/DataSetCombined/Edges/Round-10_0029169_edge.png,"tf.Tensor(5.083, shape=(), dtype=float32)",4.7272067,0.005794931203126907
/tmp/DataSetCombined/Edges/Round-5_0010904_edge.png,"tf.Tensor(5.155, shape=(), dtype=float32)",4.735535,0.005794931203126907
/tmp/DataSetCombined/Edges/Round-3_0038559_edge.png,"tf.Tensor(5.347, shape=(), dtype=float32)",5.05685,0.004798050969839096
/tmp/DataSetCombined/Edges/Round-6_0103394_edge.png,"tf.Tensor(5.665, shape=(), dtype=float32)",5.2740116,0.004798050969839096
/tmp/DataSetCombined/Edges/Round-1_0134580_edge.png,"tf.Tensor(5.651, shape=(), dtype=float32)",5.2840815,0.004798050969839096
/tmp/DataSetCombined/Edges/Round-6_0128106_edge.png,"tf.Tensor(5.078, shape=(), dtype=float32)",4.7125545,0.004798050969839096
/tmp/DataSetCombined/Edges/Round-9_0119078_edge.png,"tf.Tensor(1.818, shape=(), dtype=float32)",1.8889122,0.004798050969839096
/tmp/DataSetCombined/Edges/Round-8_0051374_edge.png,"tf.Tensor(2.98, shape=(), dtype=float32)",2.9535944,0.004798050969839096
/tmp/DataSetCombined/Edges/Round-1_0006334_edge.png,"tf.Tensor(4.838, shape=(), dtype=float32)",4.5583267,0.004798050969839096
/tmp/DataSetCombined/Edges/Round-3_0049064_edge.png,"tf.Tensor(5.471, shape=(), dtype=float32)",5.1496587,0.004798050969839096
/tmp/DataSetCombined/Edges/Round-1_0014901_edge.png,"tf.Tensor(2.214, shape=(), dtype=float32)",2.3232436,0.004798050969839096
/tmp/DataSetCombined/Edges/Round-4_0003856_edge.png,"tf.Tensor(3.297, shape=(), dtype=float32)",3.2847614,0.004798050969839096
/tmp/DataSetCombined/Edges/Round-8_0031690_edge.png,"tf.Tensor(5.039, shape=(), dtype=float32)",4.7052474,0.004798050969839096
/tmp/DataSetCombined/Edges/Round-8_0030244_edge.png,"tf.Tensor(2.255, shape=(), dtype=float32)",2.3777645,0.004798050969839096
/tmp/DataSetCombined/Edges/Round-1_0146980_edge.png,"tf.Tensor(5.35, shape=(), dtype=float32)",4.9515343,0.004798050969839096
/tmp/DataSetCombined/Edges/Round-4_0074349_edge.png,"tf.Tensor(5.036, shape=(), dtype=float32)",4.6679244,0.004798050969839096
/tmp/DataSetCombined/Edges/Round-3_0024734_edge.png,"tf.Tensor(2.097, shape=(), dtype=float32)",2.2092197,0.004798050969839096
/tmp/DataSetCombined/Edges/Round-9_0067336_edge.png,"tf.Tensor(2.313, shape=(), dtype=float32)",2.4178872,0.004798050969839096
/tmp/DataSetCombined/Edges/Round-8_0043350_edge.png,"tf.Tensor(1.711, shape=(), dtype=float32)",1.7147744,0.004798050969839096
/tmp/DataSetCombined/Edges/Round-10_0153751_edge.png,"tf.Tensor(5.517, shape=(), dtype=float32)",5.165196,0.004798050969839096
/tmp/DataSetCombined/Edges/Round-3_0013336_edge.png,"tf.Tensor(4.86, shape=(), dtype=float32)",4.605012,0.004798050969839096
/tmp/DataSetCombined/Edges/Round-4_0087051_edge.png,"tf.Tensor(5.035, shape=(), dtype=float32)",4.674513,0.004798050969839096
/tmp/DataSetCombined/Edges/Round-10_0023119_edge.png,"tf.Tensor(5.316, shape=(), dtype=float32)",5.1299186,0.004798050969839096
/tmp/DataSetCombined/Edges/Round-7_0129518_edge.png,"tf.Tensor(4.974, shape=(), dtype=float32)",4.611971,0.004798050969839096
/tmp/DataSetCombined/Edges/Round-4_0077691_edge.png,"tf.Tensor(5.662, shape=(), dtype=float32)",5.2358932,0.004798050969839096
/tmp/DataSetCombined/Edges/Round-7_0032782_edge.png,"tf.Tensor(4.529, shape=(), dtype=float32)",4.2223034,0.004798050969839096
/tmp/DataSetCombined/Edges/Round-7_0082808_edge.png,"tf.Tensor(4.263, shape=(), dtype=float32)",3.9677973,0.004798050969839096
/tmp/DataSetCombined/Edges/Round-2_0023600_edge.png,"tf.Tensor(3.042, shape=(), dtype=float32)",3.0203633,0.004798050969839096
/tmp/DataSetCombined/Edges/Round-10_0179668_edge.png,"tf.Tensor(2.475, shape=(), dtype=float32)",2.4724925,0.004798050969839096
/tmp/DataSetCombined/Edges/Round-9_0062340_edge.png,"tf.Tensor(3.008, shape=(), dtype=float32)",3.0403044,0.004798050969839096
/tmp/DataSetCombined/Edges/Round-7_0102282_edge.png,"tf.Tensor(3.65, shape=(), dtype=float32)",3.575931,0.004798050969839096
/tmp/DataSetCombined/Edges/Round-7_0113931_edge.png,"tf.Tensor(3.825, shape=(), dtype=float32)",3.760293,0.004798050969839096
/tmp/DataSetCombined/Edges/Round-9_0103606_edge.png,"tf.Tensor(5.646, shape=(), dtype=float32)",5.2464724,0.004798050969839096
/tmp/DataSetCombined/Edges/Round-6_0099210_edge.png,"tf.Tensor(4.776, shape=(), dtype=float32)",4.485679,0.004798050969839096
/tmp/DataSetCombined/Edges/Round-9_0092861_edge.png,"tf.Tensor(1.996, shape=(), dtype=float32)",2.1259658,0.004798050969839096
/tmp/DataSetCombined/Edges/Round-1_0058901_edge.png,"tf.Tensor(2.67, shape=(), dtype=float32)",2.7292457,0.004798050969839096
/tmp/DataSetCombined/Edges/Round-9_0094065_edge.png,"tf.Tensor(3.542, shape=(), dtype=float32)",3.3900409,0.004798050969839096
/tmp/DataSetCombined/Edges/Round-5_0008103_edge.png,"tf.Tensor(2.609, shape=(), dtype=float32)",2.6091194,0.004798050969839096
/tmp/DataSetCombined/Edges/Round-10_0111281_edge.png,"tf.Tensor(5.566, shape=(), dtype=float32)",5.1735873,0.004798050969839096
/tmp/DataSetCombined/Edges/Round-1_0156048_edge.png,"tf.Tensor(5.154, shape=(), dtype=float32)",4.730032,0.004798050969839096
/tmp/DataSetCombined/Edges/Round-9_0117483_edge.png,"tf.Tensor(2.286, shape=(), dtype=float32)",2.4085648,0.004798050969839096
/tmp/DataSetCombined/Edges/Round-8_0049388_edge.png,"tf.Tensor(5.446, shape=(), dtype=float32)",5.110678,0.004798050969839096
/tmp/DataSetCombined/Edges/Round-9_0093463_edge.png,"tf.Tensor(4.262, shape=(), dtype=float32)",3.9746506,0.004798050969839096
/tmp/DataSetCombined/Edges/Round-5_0010391_edge.png,"tf.Tensor(3.949, shape=(), dtype=float32)",3.7989175,0.004798050969839096
/tmp/DataSetCombined/Edges/Round-10_0153992_edge.png,"tf.Tensor(5.692, shape=(), dtype=float32)",5.238511,0.004798050969839096
/tmp/DataSetCombined/Edges/Round-2_0074167_edge.png,"tf.Tensor(5.572, shape=(), dtype=float32)",5.224955,0.004798050969839096
/tmp/DataSetCombined/Edges/Round-2_0055500_edge.png,"tf.Tensor(2.586, shape=(), dtype=float32)",2.6759663,0.004798050969839096
/tmp/DataSetCombined/Edges/Round-9_0136024_edge.png,"tf.Tensor(5.342, shape=(), dtype=float32)",4.9551573,0.004798050969839096
/tmp/DataSetCombined/Edges/Round-9_0091507_edge.png,"tf.Tensor(5.47, shape=(), dtype=float32)",5.11739,0.004798050969839096
/tmp/DataSetCombined/Edges/Round-2_0067438_edge.png,"tf.Tensor(5.494, shape=(), dtype=float32)",5.140863,0.004798050969839096
/tmp/DataSetCombined/Edges/Round-7_0102342_edge.png,"tf.Tensor(1.951, shape=(), dtype=float32)",2.0292096,0.004798050969839096
/tmp/DataSetCombined/Edges/Round-10_0085967_edge.png,"tf.Tensor(4.82, shape=(), dtype=float32)",4.560579,0.004798050969839096
/tmp/DataSetCombined/Edges/Round-9_0078052_edge.png,"tf.Tensor(2.037, shape=(), dtype=float32)",2.0808187,0.004798050969839096
/tmp/DataSetCombined/Edges/Round-10_0102642_edge.png,"tf.Tensor(5.57, shape=(), dtype=float32)",5.222802,0.004798050969839096
/tmp/DataSetCombined/Edges/Round-9_0052196_edge.png,"tf.Tensor(5.302, shape=(), dtype=float32)",4.8671875,0.004798050969839096
/tmp/DataSetCombined/Edges/Round-9_0162933_edge.png,"tf.Tensor(3.142, shape=(), dtype=float32)",3.1746156,0.004798050969839096
/tmp/DataSetCombined/Edges/Round-9_0042355_edge.png,"tf.Tensor(2.825, shape=(), dtype=float32)",2.8491192,0.004798050969839096
/tmp/DataSetCombined/Edges/Round-5_0041273_edge.png,"tf.Tensor(4.998, shape=(), dtype=float32)",4.6421437,0.004798050969839096
/tmp/DataSetCombined/Edges/Round-1_0147522_edge.png,"tf.Tensor(2.097, shape=(), dtype=float32)",2.1647422,0.004798050969839096
/tmp/DataSetCombined/Edges/Round-6_0047018_edge.png,"tf.Tensor(5.506, shape=(), dtype=float32)",5.15681,0.004798050969839096
/tmp/DataSetCombined/Edges/Round-6_0047228_edge.png,"tf.Tensor(5.625, shape=(), dtype=float32)",5.267293,0.004798050969839096
/tmp/DataSetCombined/Edges/Round-8_0044403_edge.png,"tf.Tensor(5.567, shape=(), dtype=float32)",5.2307754,0.004798050969839096
/tmp/DataSetCombined/Edges/Round-5_0085006_edge.png,"tf.Tensor(5.344, shape=(), dtype=float32)",5.0710917,0.004798050969839096
/tmp/DataSetCombined/Edges/Round-8_0054637_edge.png,"tf.Tensor(5.079, shape=(), dtype=float32)",4.727021,0.004798050969839096
/tmp/DataSetCombined/Edges/Round-10_0009815_edge.png,"tf.Tensor(5.16, shape=(), dtype=float32)",4.7402987,0.004798050969839096
/tmp/DataSetCombined/Edges/Round-4_0057993_edge.png,"tf.Tensor(5.031, shape=(), dtype=float32)",4.6771684,0.004798050969839096
/tmp/DataSetCombined/Edges/Round-7_0064868_edge.png,"tf.Tensor(5.68, shape=(), dtype=float32)",5.280499,0.005373690277338028
/tmp/DataSetCombined/Edges/Round-8_0027487_edge.png,"tf.Tensor(2.674, shape=(), dtype=float32)",2.7303312,0.005373690277338028
/tmp/DataSetCombined/Edges/Round-9_0144693_edge.png,"tf.Tensor(4.81, shape=(), dtype=float32)",4.5343385,0.005373690277338028
/tmp/DataSetCombined/Edges/Round-8_0021919_edge.png,"tf.Tensor(3.702, shape=(), dtype=float32)",3.5915587,0.005373690277338028
/tmp/DataSetCombined/Edges/Round-1_0088527_edge.png,"tf.Tensor(3.062, shape=(), dtype=float32)",3.0384984,0.005373690277338028
/tmp/DataSetCombined/Edges/Round-4_0081363_edge.png,"tf.Tensor(5.65, shape=(), dtype=float32)",5.2423096,0.005373690277338028
/tmp/DataSetCombined/Edges/Round-8_0063125_edge.png,"tf.Tensor(4.958, shape=(), dtype=float32)",4.5938244,0.005373690277338028
/tmp/DataSetCombined/Edges/Round-10_0191978_edge.png,"tf.Tensor(5.417, shape=(), dtype=float32)",5.0470276,0.005373690277338028
/tmp/DataSetCombined/Edges/Round-2_0099495_edge.png,"tf.Tensor(4.957, shape=(), dtype=float32)",4.588472,0.005373690277338028
/tmp/DataSetCombined/Edges/Round-6_0117550_edge.png,"tf.Tensor(4.942, shape=(), dtype=float32)",4.6517134,0.005373690277338028
/tmp/DataSetCombined/Edges/Round-7_0057765_edge.png,"tf.Tensor(5.637, shape=(), dtype=float32)",5.2448153,0.005373690277338028
/tmp/DataSetCombined/Edges/Round-5_0081938_edge.png,"tf.Tensor(2.951, shape=(), dtype=float32)",2.9968975,0.005373690277338028
/tmp/DataSetCombined/Edges/Round-1_0095210_edge.png,"tf.Tensor(5.032, shape=(), dtype=float32)",4.6862826,0.005373690277338028
/tmp/DataSetCombined/Edges/Round-3_0066401_edge.png,"tf.Tensor(5.032, shape=(), dtype=float32)",4.685184,0.005373690277338028
/tmp/DataSetCombined/Edges/Round-6_0045061_edge.png,"tf.Tensor(2.451, shape=(), dtype=float32)",2.4860578,0.005373690277338028
/tmp/DataSetCombined/Edges/Round-9_0194779_edge.png,"tf.Tensor(3.693, shape=(), dtype=float32)",3.5834382,0.005373690277338028
/tmp/DataSetCombined/Edges/Round-10_0134969_edge.png,"tf.Tensor(4.588, shape=(), dtype=float32)",4.304103,0.005373690277338028
/tmp/DataSetCombined/Edges/Round-9_0193905_edge.png,"tf.Tensor(2.873, shape=(), dtype=float32)",2.9120157,0.005373690277338028
/tmp/DataSetCombined/Edges/Round-10_0050329_edge.png,"tf.Tensor(5.445, shape=(), dtype=float32)",5.1363626,0.005373690277338028
/tmp/DataSetCombined/Edges/Round-10_0073476_edge.png,"tf.Tensor(3.1, shape=(), dtype=float32)",2.9862936,0.005373690277338028
/tmp/DataSetCombined/Edges/Round-8_0003468_edge.png,"tf.Tensor(5.37, shape=(), dtype=float32)",4.9875045,0.005373690277338028
/tmp/DataSetCombined/Edges/Round-6_0058275_edge.png,"tf.Tensor(5.445, shape=(), dtype=float32)",5.126603,0.005373690277338028
/tmp/DataSetCombined/Edges/Round-8_0001607_edge.png,"tf.Tensor(5.568, shape=(), dtype=float32)",5.2234426,0.005373690277338028
/tmp/DataSetCombined/Edges/Round-10_0071579_edge.png,"tf.Tensor(5.342, shape=(), dtype=float32)",4.9509945,0.005373690277338028
/tmp/DataSetCombined/Edges/Round-8_0046168_edge.png,"tf.Tensor(4.261, shape=(), dtype=float32)",3.9725986,0.005373690277338028
/tmp/DataSetCombined/Edges/Round-7_0029683_edge.png,"tf.Tensor(5.168, shape=(), dtype=float32)",4.7430406,0.005373690277338028
/tmp/DataSetCombined/Edges/Round-1_0073809_edge.png,"tf.Tensor(1.973, shape=(), dtype=float32)",2.011087,0.005373690277338028
/tmp/DataSetCombined/Edges/Round-8_0057816_edge.png,"tf.Tensor(4.409, shape=(), dtype=float32)",4.1770744,0.005373690277338028
/tmp/DataSetCombined/Edges/Round-2_0055067_edge.png,"tf.Tensor(5.494, shape=(), dtype=float32)",5.1377926,0.005373690277338028
/tmp/DataSetCombined/Edges/Round-7_0124586_edge.png,"tf.Tensor(5.679, shape=(), dtype=float32)",5.2676663,0.005373690277338028
/tmp/DataSetCombined/Edges/Round-8_0087686_edge.png,"tf.Tensor(5.208, shape=(), dtype=float32)",4.7935824,0.005373690277338028
/tmp/DataSetCombined/Edges/Round-9_0101230_edge.png,"tf.Tensor(1.857, shape=(), dtype=float32)",1.9450831,0.005373690277338028
/tmp/DataSetCombined/Edges/Round-6_0034723_edge.png,"tf.Tensor(2.983, shape=(), dtype=float32)",2.9607043,0.005373690277338028
/tmp/DataSetCombined/Edges/Round-1_0118319_edge.png,"tf.Tensor(5.355, shape=(), dtype=float32)",5.0696387,0.005373690277338028
/tmp/DataSetCombined/Edges/Round-8_0039184_edge.png,"tf.Tensor(4.267, shape=(), dtype=float32)",3.9815974,0.005373690277338028
/tmp/DataSetCombined/Edges/Round-9_0182829_edge.png,"tf.Tensor(2.198, shape=(), dtype=float32)",2.2517219,0.005373690277338028
/tmp/DataSetCombined/Edges/Round-7_0086179_edge.png,"tf.Tensor(3.618, shape=(), dtype=float32)",3.5360284,0.005373690277338028
/tmp/DataSetCombined/Edges/Round-9_0185989_edge.png,"tf.Tensor(5.329, shape=(), dtype=float32)",5.081161,0.005373690277338028
/tmp/DataSetCombined/Edges/Round-7_0115676_edge.png,"tf.Tensor(2.576, shape=(), dtype=float32)",2.6340492,0.005373690277338028
/tmp/DataSetCombined/Edges/Round-8_0073540_edge.png,"tf.Tensor(3.003, shape=(), dtype=float32)",2.988206,0.005373690277338028
/tmp/DataSetCombined/Edges/Round-1_0054467_edge.png,"tf.Tensor(5.152, shape=(), dtype=float32)",4.730786,0.005373690277338028
/tmp/DataSetCombined/Edges/Round-2_0018400_edge.png,"tf.Tensor(3.481, shape=(), dtype=float32)",3.431264,0.005373690277338028
/tmp/DataSetCombined/Edges/Round-4_0083620_edge.png,"tf.Tensor(1.535, shape=(), dtype=float32)",1.5483193,0.005373690277338028
/tmp/DataSetCombined/Edges/Round-3_0065107_edge.png,"tf.Tensor(5.574, shape=(), dtype=float32)",5.2186837,0.005373690277338028
/tmp/DataSetCombined/Edges/Round-4_0019041_edge.png,"tf.Tensor(2.88, shape=(), dtype=float32)",2.8941205,0.005373690277338028
/tmp/DataSetCombined/Edges/Round-10_0181142_edge.png,"tf.Tensor(4.957, shape=(), dtype=float32)",4.587324,0.005373690277338028
/tmp/DataSetCombined/Edges/Round-5_0053132_edge.png,"tf.Tensor(4.054, shape=(), dtype=float32)",3.8940055,0.005373690277338028
/tmp/DataSetCombined/Edges/Round-5_0003879_edge.png,"tf.Tensor(4.424, shape=(), dtype=float32)",4.1229105,0.005373690277338028
/tmp/DataSetCombined/Edges/Round-3_0037234_edge.png,"tf.Tensor(1.837, shape=(), dtype=float32)",1.8813295,0.005373690277338028
/tmp/DataSetCombined/Edges/Round-2_0102686_edge.png,"tf.Tensor(5.031, shape=(), dtype=float32)",4.684775,0.005373690277338028
/tmp/DataSetCombined/Edges/Round-9_0089581_edge.png,"tf.Tensor(3.292, shape=(), dtype=float32)",3.2636302,0.005373690277338028
/tmp/DataSetCombined/Edges/Round-1_0106888_edge.png,"tf.Tensor(5.559, shape=(), dtype=float32)",5.1709533,0.005373690277338028
/tmp/DataSetCombined/Edges/Round-1_0066967_edge.png,"tf.Tensor(2.669, shape=(), dtype=float32)",2.7548485,0.005373690277338028
/tmp/DataSetCombined/Edges/Round-4_0069142_edge.png,"tf.Tensor(3.873, shape=(), dtype=float32)",3.757088,0.005373690277338028
/tmp/DataSetCombined/Edges/Round-5_0103188_edge.png,"tf.Tensor(4.396, shape=(), dtype=float32)",4.163829,0.005373690277338028
/tmp/DataSetCombined/Edges/Round-8_0066334_edge.png,"tf.Tensor(3.11, shape=(), dtype=float32)",2.9975228,0.005373690277338028
/tmp/DataSetCombined/Edges/Round-7_0038953_edge.png,"tf.Tensor(3.309, shape=(), dtype=float32)",3.212822,0.005373690277338028
/tmp/DataSetCombined/Edges/Round-3_0030643_edge.png,"tf.Tensor(5.469, shape=(), dtype=float32)",5.168504,0.005373690277338028
/tmp/DataSetCombined/Edges/Round-1_0153693_edge.png,"tf.Tensor(2.448, shape=(), dtype=float32)",2.4810128,0.005373690277338028
/tmp/DataSetCombined/Edges/Round-5_0023605_edge.png,"tf.Tensor(1.923, shape=(), dtype=float32)",2.0370214,0.005373690277338028
/tmp/DataSetCombined/Edges/Round-7_0033813_edge.png,"tf.Tensor(4.487, shape=(), dtype=float32)",4.272628,0.005373690277338028
/tmp/DataSetCombined/Edges/Round-10_0058637_edge.png,"tf.Tensor(5.204, shape=(), dtype=float32)",4.782877,0.005373690277338028
/tmp/DataSetCombined/Edges/Round-10_0083469_edge.png,"tf.Tensor(5.342, shape=(), dtype=float32)",4.9470973,0.005373690277338028
/tmp/DataSetCombined/Edges/Round-3_0037300_edge.png,"tf.Tensor(5.445, shape=(), dtype=float32)",5.104219,0.005373690277338028
/tmp/DataSetCombined/Edges/Round-9_0107482_edge.png,"tf.Tensor(5.136, shape=(), dtype=float32)",4.825716,0.005225874483585358
/tmp/DataSetCombined/Edges/Round-8_0078223_edge.png,"tf.Tensor(2.579, shape=(), dtype=float32)",2.757058,0.005225874483585358
/tmp/DataSetCombined/Edges/Round-2_0077601_edge.png,"tf.Tensor(4.263, shape=(), dtype=float32)",3.9800477,0.005225874483585358
/tmp/DataSetCombined/Edges/Round-1_0119470_edge.png,"tf.Tensor(4.956, shape=(), dtype=float32)",4.5825157,0.005225874483585358
/tmp/DataSetCombined/Edges/Round-8_0049538_edge.png,"tf.Tensor(2.827, shape=(), dtype=float32)",2.9592512,0.005225874483585358
/tmp/DataSetCombined/Edges/Round-4_0069443_edge.png,"tf.Tensor(5.133, shape=(), dtype=float32)",4.8230605,0.005225874483585358
/tmp/DataSetCombined/Edges/Round-8_0044693_edge.png,"tf.Tensor(4.794, shape=(), dtype=float32)",4.4922557,0.005225874483585358
/tmp/DataSetCombined/Edges/Round-1_0019400_edge.png,"tf.Tensor(2.407, shape=(), dtype=float32)",2.4609368,0.005225874483585358
/tmp/DataSetCombined/Edges/Round-10_0058155_edge.png,"tf.Tensor(5.565, shape=(), dtype=float32)",5.170939,0.005225874483585358
/tmp/DataSetCombined/Edges/Round-5_0022070_edge.png,"tf.Tensor(4.955, shape=(), dtype=float32)",4.587868,0.005225874483585358
/tmp/DataSetCombined/Edges/Round-1_0010000_edge.png,"tf.Tensor(5.666, shape=(), dtype=float32)",5.244886,0.005225874483585358
/tmp/DataSetCombined/Edges/Round-6_0054061_edge.png,"tf.Tensor(5.077, shape=(), dtype=float32)",4.7319093,0.005225874483585358
/tmp/DataSetCombined/Edges/Round-10_0113599_edge.png,"tf.Tensor(5.471, shape=(), dtype=float32)",5.1577067,0.005225874483585358
/tmp/DataSetCombined/Edges/Round-4_0015926_edge.png,"tf.Tensor(5.037, shape=(), dtype=float32)",4.6895833,0.005225874483585358
/tmp/DataSetCombined/Edges/Round-1_0130757_edge.png,"tf.Tensor(5.562, shape=(), dtype=float32)",5.1729045,0.005225874483585358
/tmp/DataSetCombined/Edges/Round-9_0188006_edge.png,"tf.Tensor(2.006, shape=(), dtype=float32)",2.0780587,0.005225874483585358
/tmp/DataSetCombined/Edges/Round-3_0003667_edge.png,"tf.Tensor(5.507, shape=(), dtype=float32)",5.132531,0.005225874483585358
/tmp/DataSetCombined/Edges/Round-1_0079828_edge.png,"tf.Tensor(3.386, shape=(), dtype=float32)",3.3465755,0.005225874483585358
/tmp/DataSetCombined/Edges/Round-5_0016863_edge.png,"tf.Tensor(4.429, shape=(), dtype=float32)",4.286601,0.005225874483585358
/tmp/DataSetCombined/Edges/Round-1_0010167_edge.png,"tf.Tensor(5.152, shape=(), dtype=float32)",4.7392817,0.005225874483585358
/tmp/DataSetCombined/Edges/Round-7_0030946_edge.png,"tf.Tensor(5.163, shape=(), dtype=float32)",4.743501,0.005225874483585358
/tmp/DataSetCombined/Edges/Round-9_0170679_edge.png,"tf.Tensor(5.446, shape=(), dtype=float32)",5.1234756,0.005225874483585358
/tmp/DataSetCombined/Edges/Round-8_0052109_edge.png,"tf.Tensor(3.457, shape=(), dtype=float32)",3.402928,0.005225874483585358
/tmp/DataSetCombined/Edges/Round-10_0147826_edge.png,"tf.Tensor(2.08, shape=(), dtype=float32)",2.1953585,0.005225874483585358
/tmp/DataSetCombined/Edges/Round-5_0064059_edge.png,"tf.Tensor(4.673, shape=(), dtype=float32)",4.371969,0.005225874483585358
/tmp/DataSetCombined/Edges/Round-5_0116553_edge.png,"tf.Tensor(3.621, shape=(), dtype=float32)",3.5570185,0.005225874483585358
/tmp/DataSetCombined/Edges/Round-5_0114596_edge.png,"tf.Tensor(4.673, shape=(), dtype=float32)",4.364616,0.005225874483585358
/tmp/DataSetCombined/Edges/Round-9_0089279_edge.png,"tf.Tensor(2.524, shape=(), dtype=float32)",2.545898,0.005225874483585358
/tmp/DataSetCombined/Edges/Round-7_0021013_edge.png,"tf.Tensor(5.046, shape=(), dtype=float32)",4.68143,0.005225874483585358
/tmp/DataSetCombined/Edges/Round-1_0058467_edge.png,"tf.Tensor(5.035, shape=(), dtype=float32)",4.682075,0.005225874483585358
/tmp/DataSetCombined/Edges/Round-3_0081632_edge.png,"tf.Tensor(3.349, shape=(), dtype=float32)",3.2301955,0.005225874483585358
/tmp/DataSetCombined/Edges/Round-6_0041449_edge.png,"tf.Tensor(3.952, shape=(), dtype=float32)",3.8247845,0.005225874483585358
/tmp/DataSetCombined/Edges/Round-3_0007167_edge.png,"tf.Tensor(4.292, shape=(), dtype=float32)",3.9986346,0.005225874483585358
/tmp/DataSetCombined/Edges/Round-3_0052401_edge.png,"tf.Tensor(5.221, shape=(), dtype=float32)",4.9526787,0.005225874483585358
/tmp/DataSetCombined/Edges/Round-2_0093204_edge.png,"tf.Tensor(4.547, shape=(), dtype=float32)",4.2886376,0.005225874483585358
/tmp/DataSetCombined/Edges/Round-10_0070857_edge.png,"tf.Tensor(5.156, shape=(), dtype=float32)",4.7268744,0.005225874483585358
/tmp/DataSetCombined/Edges/Round-9_0122991_edge.png,"tf.Tensor(5.539, shape=(), dtype=float32)",5.2109165,0.005225874483585358
/tmp/DataSetCombined/Edges/Round-6_0054603_edge.png,"tf.Tensor(4.551, shape=(), dtype=float32)",4.2498865,0.005225874483585358
/tmp/DataSetCombined/Edges/Round-6_0123742_edge.png,"tf.Tensor(4.797, shape=(), dtype=float32)",4.493401,0.005225874483585358
/tmp/DataSetCombined/Edges/Round-9_0191106_edge.png,"tf.Tensor(5.408, shape=(), dtype=float32)",5.034197,0.005225874483585358
/tmp/DataSetCombined/Edges/Round-9_0133225_edge.png,"tf.Tensor(4.797, shape=(), dtype=float32)",4.499818,0.005225874483585358
/tmp/DataSetCombined/Edges/Round-8_0058731_edge.png,"tf.Tensor(2.692, shape=(), dtype=float32)",2.7663882,0.005225874483585358
/tmp/DataSetCombined/Edges/Round-4_0079888_edge.png,"tf.Tensor(2.073, shape=(), dtype=float32)",2.1581068,0.005225874483585358
/tmp/DataSetCombined/Edges/Round-10_0008370_edge.png,"tf.Tensor(2.659, shape=(), dtype=float32)",2.6555905,0.005225874483585358
/tmp/DataSetCombined/Edges/Round-8_0014864_edge.png,"tf.Tensor(2.657, shape=(), dtype=float32)",2.7364457,0.005225874483585358
/tmp/DataSetCombined/Edges/Round-2_0093054_edge.png,"tf.Tensor(2.709, shape=(), dtype=float32)",2.6864772,0.005225874483585358
/tmp/DataSetCombined/Edges/Round-5_0115108_edge.png,"tf.Tensor(2.827, shape=(), dtype=float32)",2.8551822,0.005225874483585358
/tmp/DataSetCombined/Edges/Round-1_0108393_edge.png,"tf.Tensor(4.516, shape=(), dtype=float32)",4.2779884,0.005225874483585358
/tmp/DataSetCombined/Edges/Round-7_0070045_edge.png,"tf.Tensor(5.408, shape=(), dtype=float32)",5.075832,0.005225874483585358
/tmp/DataSetCombined/Edges/Round-5_0112098_edge.png,"tf.Tensor(3.981, shape=(), dtype=float32)",3.923769,0.005225874483585358
/tmp/DataSetCombined/Edges/Round-9_0105232_edge.png,"tf.Tensor(1.521, shape=(), dtype=float32)",1.5438485,0.005225874483585358
/tmp/DataSetCombined/Edges/Round-6_0016166_edge.png,"tf.Tensor(4.265, shape=(), dtype=float32)",3.980506,0.005225874483585358
/tmp/DataSetCombined/Edges/Round-6_0062940_edge.png,"tf.Tensor(2.853, shape=(), dtype=float32)",2.937811,0.005225874483585358
/tmp/DataSetCombined/Edges/Round-2_0072285_edge.png,"tf.Tensor(2.814, shape=(), dtype=float32)",2.8272896,0.005225874483585358
/tmp/DataSetCombined/Edges/Round-9_0092418_edge.png,"tf.Tensor(2.709, shape=(), dtype=float32)",2.8611586,0.005225874483585358
/tmp/DataSetCombined/Edges/Round-10_0142705_edge.png,"tf.Tensor(4.599, shape=(), dtype=float32)",4.321603,0.005225874483585358
/tmp/DataSetCombined/Edges/Round-8_0063806_edge.png,"tf.Tensor(5.029, shape=(), dtype=float32)",4.66903,0.005225874483585358
/tmp/DataSetCombined/Edges/Round-4_0058366_edge.png,"tf.Tensor(2.605, shape=(), dtype=float32)",2.6829128,0.005225874483585358
/tmp/DataSetCombined/Edges/Round-4_0007468_edge.png,"tf.Tensor(4.262, shape=(), dtype=float32)",3.973101,0.005225874483585358
/tmp/DataSetCombined/Edges/Round-5_0045849_edge.png,"tf.Tensor(2.53, shape=(), dtype=float32)",2.5789604,0.005225874483585358
/tmp/DataSetCombined/Edges/Round-4_0023240_edge.png,"tf.Tensor(2.843, shape=(), dtype=float32)",2.912133,0.005225874483585358
/tmp/DataSetCombined/Edges/Round-10_0142283_edge.png,"tf.Tensor(3.506, shape=(), dtype=float32)",3.3749216,0.005225874483585358
/tmp/DataSetCombined/Edges/Round-10_0060051_edge.png,"tf.Tensor(5.605, shape=(), dtype=float32)",5.209492,0.005225874483585358
/tmp/DataSetCombined/Edges/Round-10_0045875_edge.png,"tf.Tensor(5.155, shape=(), dtype=float32)",4.736577,0.005225874483585358
/tmp/DataSetCombined/Edges/Round-7_0103877_edge.png,"tf.Tensor(5.573, shape=(), dtype=float32)",5.227021,0.004603080451488495
/tmp/DataSetCombined/Edges/Round-1_0012934_edge.png,"tf.Tensor(2.872, shape=(), dtype=float32)",2.8028157,0.004603080451488495
/tmp/DataSetCombined/Edges/Round-6_0129280_edge.png,"tf.Tensor(5.517, shape=(), dtype=float32)",5.179684,0.004603080451488495
/tmp/DataSetCombined/Edges/Round-9_0044461_edge.png,"tf.Tensor(5.617, shape=(), dtype=float32)",5.2458177,0.004603080451488495
/tmp/DataSetCombined/Edges/Round-7_0049465_edge.png,"tf.Tensor(3.852, shape=(), dtype=float32)",3.7679677,0.004603080451488495
/tmp/DataSetCombined/Edges/Round-1_0069167_edge.png,"tf.Tensor(5.623, shape=(), dtype=float32)",5.217357,0.004603080451488495
/tmp/DataSetCombined/Edges/Round-8_0062614_edge.png,"tf.Tensor(1.991, shape=(), dtype=float32)",2.0896301,0.004603080451488495
/tmp/DataSetCombined/Edges/Round-10_0162888_edge.png,"tf.Tensor(2.519, shape=(), dtype=float32)",2.5908725,0.004603080451488495
/tmp/DataSetCombined/Edges/Round-4_0076185_edge.png,"tf.Tensor(4.271, shape=(), dtype=float32)",3.9763007,0.004603080451488495
/tmp/DataSetCombined/Edges/Round-5_0101533_edge.png,"tf.Tensor(5.051, shape=(), dtype=float32)",4.700013,0.004603080451488495
/tmp/DataSetCombined/Edges/Round-9_0138914_edge.png,"tf.Tensor(3.817, shape=(), dtype=float32)",3.669388,0.004603080451488495
/tmp/DataSetCombined/Edges/Round-1_0151736_edge.png,"tf.Tensor(1.904, shape=(), dtype=float32)",1.9432297,0.004603080451488495
/tmp/DataSetCombined/Edges/Round-10_0037808_edge.png,"tf.Tensor(5.359, shape=(), dtype=float32)",4.969222,0.004603080451488495
/tmp/DataSetCombined/Edges/Round-6_0005243_edge.png,"tf.Tensor(5.616, shape=(), dtype=float32)",5.2683425,0.004603080451488495
/tmp/DataSetCombined/Edges/Round-7_0119529_edge.png,"tf.Tensor(3.326, shape=(), dtype=float32)",3.3175197,0.004603080451488495
/tmp/DataSetCombined/Edges/Round-2_0066836_edge.png,"tf.Tensor(1.748, shape=(), dtype=float32)",1.8014984,0.004603080451488495
/tmp/DataSetCombined/Edges/Round-9_0197668_edge.png,"tf.Tensor(5.357, shape=(), dtype=float32)",4.9605665,0.004603080451488495
/tmp/DataSetCombined/Edges/Round-7_0075104_edge.png,"tf.Tensor(2.937, shape=(), dtype=float32)",2.9642084,0.004603080451488495
/tmp/DataSetCombined/Edges/Round-3_0047710_edge.png,"tf.Tensor(5.551, shape=(), dtype=float32)",5.231198,0.004603080451488495
/tmp/DataSetCombined/Edges/Round-9_0033294_edge.png,"tf.Tensor(5.134, shape=(), dtype=float32)",4.8246665,0.004603080451488495
/tmp/DataSetCombined/Edges/Round-9_0089618_edge.png,"tf.Tensor(5.082, shape=(), dtype=float32)",4.727102,0.004603080451488495
/tmp/DataSetCombined/Edges/Round-10_0106856_edge.png,"tf.Tensor(5.317, shape=(), dtype=float32)",4.921251,0.004603080451488495
/tmp/DataSetCombined/Edges/Round-10_0065981_edge.png,"tf.Tensor(5.218, shape=(), dtype=float32)",4.799445,0.004603080451488495
/tmp/DataSetCombined/Edges/Round-10_0081964_edge.png,"tf.Tensor(4.485, shape=(), dtype=float32)",4.233503,0.004603080451488495
/tmp/DataSetCombined/Edges/Round-2_0093836_edge.png,"tf.Tensor(4.902, shape=(), dtype=float32)",4.710077,0.004603080451488495
/tmp/DataSetCombined/Edges/Round-2_0069400_edge.png,"tf.Tensor(5.519, shape=(), dtype=float32)",5.1629987,0.004603080451488495
/tmp/DataSetCombined/Edges/Round-1_0065501_edge.png,"tf.Tensor(2.483, shape=(), dtype=float32)",2.572718,0.004603080451488495
/tmp/DataSetCombined/Edges/Round-5_0002879_edge.png,"tf.Tensor(4.392, shape=(), dtype=float32)",4.1049767,0.004603080451488495
/tmp/DataSetCombined/Edges/Round-8_0047263_edge.png,"tf.Tensor(5.447, shape=(), dtype=float32)",5.107917,0.004603080451488495
/tmp/DataSetCombined/Edges/Round-6_0030222_edge.png,"tf.Tensor(2.27, shape=(), dtype=float32)",2.3305995,0.004603080451488495
/tmp/DataSetCombined/Edges/Round-6_0044399_edge.png,"tf.Tensor(2.056, shape=(), dtype=float32)",2.1706455,0.004603080451488495
/tmp/DataSetCombined/Edges/Round-9_0008311_edge.png,"tf.Tensor(5.341, shape=(), dtype=float32)",4.957221,0.004603080451488495
/tmp/DataSetCombined/Edges/Round-8_0010481_edge.png,"tf.Tensor(2.121, shape=(), dtype=float32)",2.2251062,0.004603080451488495
/tmp/DataSetCombined/Edges/Round-5_0014364_edge.png,"tf.Tensor(5.677, shape=(), dtype=float32)",5.2649617,0.004603080451488495
/tmp/DataSetCombined/Edges/Round-6_0057402_edge.png,"tf.Tensor(5.667, shape=(), dtype=float32)",5.2425027,0.004603080451488495
/tmp/DataSetCombined/Edges/Round-4_0007569_edge.png,"tf.Tensor(1.808, shape=(), dtype=float32)",1.8813012,0.004603080451488495
/tmp/DataSetCombined/Edges/Round-8_0024526_edge.png,"tf.Tensor(5.563, shape=(), dtype=float32)",5.1810083,0.004603080451488495
/tmp/DataSetCombined/Edges/Round-10_0154022_edge.png,"tf.Tensor(4.512, shape=(), dtype=float32)",4.2085547,0.004603080451488495
/tmp/DataSetCombined/Edges/Round-1_0078625_edge.png,"tf.Tensor(2.869, shape=(), dtype=float32)",2.9486208,0.004603080451488495
/tmp/DataSetCombined/Edges/Round-10_0069502_edge.png,"tf.Tensor(2.04, shape=(), dtype=float32)",2.13764,0.004603080451488495
/tmp/DataSetCombined/Edges/Round-6_0102582_edge.png,"tf.Tensor(5.58, shape=(), dtype=float32)",5.20255,0.004603080451488495
/tmp/DataSetCombined/Edges/Round-9_0190083_edge.png,"tf.Tensor(3.778, shape=(), dtype=float32)",3.6146226,0.004603080451488495
/tmp/DataSetCombined/Edges/Round-5_0018368_edge.png,"tf.Tensor(5.576, shape=(), dtype=float32)",5.2149744,0.004603080451488495
/tmp/DataSetCombined/Edges/Round-1_0047634_edge.png,"tf.Tensor(3.063, shape=(), dtype=float32)",3.0813012,0.004603080451488495
/tmp/DataSetCombined/Edges/Round-6_0028838_edge.png,"tf.Tensor(2.197, shape=(), dtype=float32)",2.2687325,0.004603080451488495
/tmp/DataSetCombined/Edges/Round-5_0104753_edge.png,"tf.Tensor(3.427, shape=(), dtype=float32)",3.3797681,0.004603080451488495
/tmp/DataSetCombined/Edges/Round-9_0015896_edge.png,"tf.Tensor(5.341, shape=(), dtype=float32)",4.9481587,0.004603080451488495
/tmp/DataSetCombined/Edges/Round-5_0008946_edge.png,"tf.Tensor(5.36, shape=(), dtype=float32)",5.054566,0.004603080451488495
/tmp/DataSetCombined/Edges/Round-4_0052718_edge.png,"tf.Tensor(5.587, shape=(), dtype=float32)",5.1997676,0.004603080451488495
/tmp/DataSetCombined/Edges/Round-2_0109337_edge.png,"tf.Tensor(1.979, shape=(), dtype=float32)",2.0688598,0.004603080451488495
/tmp/DataSetCombined/Edges/Round-10_0023811_edge.png,"tf.Tensor(2.732, shape=(), dtype=float32)",2.7701724,0.004603080451488495
/tmp/DataSetCombined/Edges/Round-9_0162361_edge.png,"tf.Tensor(3.667, shape=(), dtype=float32)",3.5903878,0.004603080451488495
/tmp/DataSetCombined/Edges/Round-9_0033926_edge.png,"tf.Tensor(2.744, shape=(), dtype=float32)",2.8162956,0.004603080451488495
/tmp/DataSetCombined/Edges/Round-4_0049667_edge.png,"tf.Tensor(5.155, shape=(), dtype=float32)",4.745696,0.004603080451488495
/tmp/DataSetCombined/Edges/Round-10_0100927_edge.png,"tf.Tensor(4.957, shape=(), dtype=float32)",4.583119,0.004603080451488495
/tmp/DataSetCombined/Edges/Round-1_0139096_edge.png,"tf.Tensor(4.55, shape=(), dtype=float32)",4.2588854,0.004603080451488495
/tmp/DataSetCombined/Edges/Round-7_0054996_edge.png,"tf.Tensor(5.035, shape=(), dtype=float32)",4.6841297,0.004603080451488495
/tmp/DataSetCombined/Edges/Round-9_0193002_edge.png,"tf.Tensor(5.153, shape=(), dtype=float32)",4.729079,0.004603080451488495
/tmp/DataSetCombined/Edges/Round-10_0174852_edge.png,"tf.Tensor(5.52, shape=(), dtype=float32)",5.176019,0.004603080451488495
/tmp/DataSetCombined/Edges/Round-5_0028661_edge.png,"tf.Tensor(3.4, shape=(), dtype=float32)",3.2708402,0.004603080451488495
/tmp/DataSetCombined/Edges/Round-7_0041211_edge.png,"tf.Tensor(4.955, shape=(), dtype=float32)",4.5814686,0.004603080451488495
/tmp/DataSetCombined/Edges/Round-8_0024267_edge.png,"tf.Tensor(5.189, shape=(), dtype=float32)",4.782907,0.004603080451488495
/tmp/DataSetCombined/Edges/Round-7_0068209_edge.png,"tf.Tensor(2.805, shape=(), dtype=float32)",2.7706726,0.004603080451488495
/tmp/DataSetCombined/Edges/Round-3_0034074_edge.png,"tf.Tensor(2.956, shape=(), dtype=float32)",2.884839,0.004603080451488495
/tmp/DataSetCombined/Edges/Round-9_0075584_edge.png,"tf.Tensor(4.787, shape=(), dtype=float32)",4.499336,0.00536925345659256
/tmp/DataSetCombined/Edges/Round-5_0067881_edge.png,"tf.Tensor(1.568, shape=(), dtype=float32)",1.5860708,0.00536925345659256
/tmp/DataSetCombined/Edges/Round-9_0067306_edge.png,"tf.Tensor(5.43, shape=(), dtype=float32)",5.160007,0.00536925345659256
/tmp/DataSetCombined/Edges/Round-9_0137047_edge.png,"tf.Tensor(5.355, shape=(), dtype=float32)",5.057489,0.00536925345659256
/tmp/DataSetCombined/Edges/Round-6_0072151_edge.png,"tf.Tensor(2.816, shape=(), dtype=float32)",2.8544106,0.00536925345659256
/tmp/DataSetCombined/Edges/Round-5_0084466_edge.png,"tf.Tensor(3.779, shape=(), dtype=float32)",3.6522264,0.00536925345659256
/tmp/DataSetCombined/Edges/Round-9_0120493_edge.png,"tf.Tensor(3.326, shape=(), dtype=float32)",3.3187175,0.00536925345659256
/tmp/DataSetCombined/Edges/Round-9_0093914_edge.png,"tf.Tensor(5.424, shape=(), dtype=float32)",5.116449,0.00536925345659256
/tmp/DataSetCombined/Edges/Round-4_0081152_edge.png,"tf.Tensor(3.098, shape=(), dtype=float32)",2.9891486,0.00536925345659256
/tmp/DataSetCombined/Edges/Round-7_0020321_edge.png,"tf.Tensor(5.679, shape=(), dtype=float32)",5.245874,0.00536925345659256
/tmp/DataSetCombined/Edges/Round-6_0097284_edge.png,"tf.Tensor(4.511, shape=(), dtype=float32)",4.282193,0.00536925345659256
/tmp/DataSetCombined/Edges/Round-10_0118565_edge.png,"tf.Tensor(5.564, shape=(), dtype=float32)",5.170301,0.00536925345659256
/tmp/DataSetCombined/Edges/Round-6_0122658_edge.png,"tf.Tensor(5.273, shape=(), dtype=float32)",5.019985,0.00536925345659256
/tmp/DataSetCombined/Edges/Round-9_0128439_edge.png,"tf.Tensor(5.037, shape=(), dtype=float32)",4.684179,0.00536925345659256
/tmp/DataSetCombined/Edges/Round-3_0084552_edge.png,"tf.Tensor(5.652, shape=(), dtype=float32)",5.2174916,0.00536925345659256
/tmp/DataSetCombined/Edges/Round-10_0035339_edge.png,"tf.Tensor(4.744, shape=(), dtype=float32)",4.459011,0.00536925345659256
/tmp/DataSetCombined/Edges/Round-9_0059149_edge.png,"tf.Tensor(5.499, shape=(), dtype=float32)",5.1552205,0.00536925345659256
/tmp/DataSetCombined/Edges/Round-9_0194177_edge.png,"tf.Tensor(5.562, shape=(), dtype=float32)",5.1686854,0.00536925345659256
/tmp/DataSetCombined/Edges/Round-8_0036987_edge.png,"tf.Tensor(4.955, shape=(), dtype=float32)",4.5846686,0.00536925345659256
/tmp/DataSetCombined/Edges/Round-6_0015473_edge.png,"tf.Tensor(1.303, shape=(), dtype=float32)",1.3803585,0.00536925345659256
/tmp/DataSetCombined/Edges/Round-5_0040009_edge.png,"tf.Tensor(5.56, shape=(), dtype=float32)",5.1735005,0.00536925345659256
/tmp/DataSetCombined/Edges/Round-1_0153783_edge.png,"tf.Tensor(4.519, shape=(), dtype=float32)",4.2138515,0.00536925345659256
/tmp/DataSetCombined/Edges/Round-9_0058126_edge.png,"tf.Tensor(5.568, shape=(), dtype=float32)",5.2212453,0.00536925345659256
/tmp/DataSetCombined/Edges/Round-5_0020233_edge.png,"tf.Tensor(5.097, shape=(), dtype=float32)",4.7183967,0.00536925345659256
/tmp/DataSetCombined/Edges/Round-10_0116608_edge.png,"tf.Tensor(2.54, shape=(), dtype=float32)",2.5886102,0.00536925345659256
/tmp/DataSetCombined/Edges/Round-6_0109326_edge.png,"tf.Tensor(5.35, shape=(), dtype=float32)",4.9498887,0.00536925345659256
/tmp/DataSetCombined/Edges/Round-9_0123443_edge.png,"tf.Tensor(1.982, shape=(), dtype=float32)",2.07636,0.00536925345659256
/tmp/DataSetCombined/Edges/Round-10_0089278_edge.png,"tf.Tensor(5.089, shape=(), dtype=float32)",4.7304153,0.00536925345659256
/tmp/DataSetCombined/Edges/Round-8_0057436_edge.png,"tf.Tensor(3.337, shape=(), dtype=float32)",3.2286854,0.00536925345659256
/tmp/DataSetCombined/Edges/Round-3_0014376_edge.png,"tf.Tensor(5.421, shape=(), dtype=float32)",5.058459,0.00536925345659256
/tmp/DataSetCombined/Edges/Round-8_0019611_edge.png,"tf.Tensor(2.927, shape=(), dtype=float32)",2.9206262,0.00536925345659256
/tmp/DataSetCombined/Edges/Round-7_0016890_edge.png,"tf.Tensor(5.386, shape=(), dtype=float32)",5.0009313,0.00536925345659256
/tmp/DataSetCombined/Edges/Round-9_0024023_edge.png,"tf.Tensor(5.135, shape=(), dtype=float32)",4.8008213,0.00536925345659256
/tmp/DataSetCombined/Edges/Round-10_0124374_edge.png,"tf.Tensor(2.866, shape=(), dtype=float32)",2.8789592,0.00536925345659256
/tmp/DataSetCombined/Edges/Round-5_0072998_edge.png,"tf.Tensor(3.198, shape=(), dtype=float32)",3.1639645,0.00536925345659256
/tmp/DataSetCombined/Edges/Round-6_0067485_edge.png,"tf.Tensor(4.712, shape=(), dtype=float32)",4.4229293,0.00536925345659256
/tmp/DataSetCombined/Edges/Round-9_0074471_edge.png,"tf.Tensor(2.049, shape=(), dtype=float32)",2.0921109,0.00536925345659256
/tmp/DataSetCombined/Edges/Round-6_0096441_edge.png,"tf.Tensor(5.097, shape=(), dtype=float32)",4.717939,0.00536925345659256
/tmp/DataSetCombined/Edges/Round-7_0006390_edge.png,"tf.Tensor(2.233, shape=(), dtype=float32)",2.293563,0.00536925345659256
/tmp/DataSetCombined/Edges/Round-1_0164739_edge.png,"tf.Tensor(2.525, shape=(), dtype=float32)",2.5446525,0.00536925345659256
/tmp/DataSetCombined/Edges/Round-7_0122931_edge.png,"tf.Tensor(5.443, shape=(), dtype=float32)",5.1106358,0.00536925345659256
/tmp/DataSetCombined/Edges/Round-7_0000546_edge.png,"tf.Tensor(5.28, shape=(), dtype=float32)",5.0113173,0.00536925345659256
/tmp/DataSetCombined/Edges/Round-9_0138643_edge.png,"tf.Tensor(4.98, shape=(), dtype=float32)",4.624881,0.00536925345659256
/tmp/DataSetCombined/Edges/Round-3_0025967_edge.png,"tf.Tensor(5.517, shape=(), dtype=float32)",5.1755214,0.00536925345659256
/tmp/DataSetCombined/Edges/Round-1_0107881_edge.png,"tf.Tensor(2.736, shape=(), dtype=float32)",2.7538717,0.00536925345659256
/tmp/DataSetCombined/Edges/Round-10_0037326_edge.png,"tf.Tensor(2.665, shape=(), dtype=float32)",2.6665318,0.00536925345659256
/tmp/DataSetCombined/Edges/Round-3_0054693_edge.png,"tf.Tensor(5.406, shape=(), dtype=float32)",5.0825276,0.00536925345659256
/tmp/DataSetCombined/Edges/Round-6_0080188_edge.png,"tf.Tensor(4.976, shape=(), dtype=float32)",4.651096,0.00536925345659256
/tmp/DataSetCombined/Edges/Round-1_0048067_edge.png,"tf.Tensor(5.061, shape=(), dtype=float32)",4.72097,0.00536925345659256
/tmp/DataSetCombined/Edges/Round-1_0100030_edge.png,"tf.Tensor(4.823, shape=(), dtype=float32)",4.555923,0.00536925345659256
/tmp/DataSetCombined/Edges/Round-9_0135211_edge.png,"tf.Tensor(4.431, shape=(), dtype=float32)",4.1181684,0.00536925345659256
/tmp/DataSetCombined/Edges/Round-5_0026585_edge.png,"tf.Tensor(4.262, shape=(), dtype=float32)",3.9704456,0.00536925345659256
/tmp/DataSetCombined/Edges/Round-9_0115827_edge.png,"tf.Tensor(2.824, shape=(), dtype=float32)",2.8545988,0.00536925345659256
/tmp/DataSetCombined/Edges/Round-7_0001148_edge.png,"tf.Tensor(5.448, shape=(), dtype=float32)",5.1094737,0.00536925345659256
/tmp/DataSetCombined/Edges/Round-7_0077841_edge.png,"tf.Tensor(5.639, shape=(), dtype=float32)",5.213637,0.00536925345659256
/tmp/DataSetCombined/Edges/Round-2_0076198_edge.png,"tf.Tensor(1.494, shape=(), dtype=float32)",1.5155993,0.00536925345659256
/tmp/DataSetCombined/Edges/Round-8_0082246_edge.png,"tf.Tensor(4.266, shape=(), dtype=float32)",3.9832478,0.00536925345659256
/tmp/DataSetCombined/Edges/Round-8_0058117_edge.png,"tf.Tensor(5.508, shape=(), dtype=float32)",5.214655,0.00536925345659256
/tmp/DataSetCombined/Edges/Round-10_0199774_edge.png,"tf.Tensor(5.567, shape=(), dtype=float32)",5.173557,0.00536925345659256
/tmp/DataSetCombined/Edges/Round-9_0045966_edge.png,"tf.Tensor(5.424, shape=(), dtype=float32)",5.164268,0.00536925345659256
/tmp/DataSetCombined/Edges/Round-4_0012073_edge.png,"tf.Tensor(5.512, shape=(), dtype=float32)",5.150645,0.00536925345659256
/tmp/DataSetCombined/Edges/Round-9_0046959_edge.png,"tf.Tensor(2.651, shape=(), dtype=float32)",2.7417743,0.00536925345659256
/tmp/DataSetCombined/Edges/Round-7_0035521_edge.png,"tf.Tensor(5.454, shape=(), dtype=float32)",5.1299186,0.00536925345659256
/tmp/DataSetCombined/Edges/Round-9_0002152_edge.png,"tf.Tensor(5.528, shape=(), dtype=float32)",5.190916,0.00536925345659256
/tmp/DataSetCombined/Edges/Round-4_0085426_edge.png,"tf.Tensor(5.519, shape=(), dtype=float32)",5.1700535,0.004441734403371811
/tmp/DataSetCombined/Edges/Round-9_0053732_edge.png,"tf.Tensor(5.61, shape=(), dtype=float32)",5.204691,0.004441734403371811
/tmp/DataSetCombined/Edges/Round-10_0100084_edge.png,"tf.Tensor(5.569, shape=(), dtype=float32)",5.224955,0.004441734403371811
/tmp/DataSetCombined/Edges/Round-3_0024200_edge.png,"tf.Tensor(5.031, shape=(), dtype=float32)",4.682026,0.004441734403371811
/tmp/DataSetCombined/Edges/Round-6_0053369_edge.png,"tf.Tensor(4.268, shape=(), dtype=float32)",3.9773479,0.004441734403371811
/tmp/DataSetCombined/Edges/Round-1_0006267_edge.png,"tf.Tensor(4.776, shape=(), dtype=float32)",4.4820027,0.004441734403371811
/tmp/DataSetCombined/Edges/Round-10_0015504_edge.png,"tf.Tensor(1.973, shape=(), dtype=float32)",2.0174434,0.004441734403371811
/tmp/DataSetCombined/Edges/Round-5_0004364_edge.png,"tf.Tensor(2.02, shape=(), dtype=float32)",2.1348453,0.004441734403371811
/tmp/DataSetCombined/Edges/Round-6_0125397_edge.png,"tf.Tensor(4.415, shape=(), dtype=float32)",4.10118,0.004441734403371811
/tmp/DataSetCombined/Edges/Round-1_0023634_edge.png,"tf.Tensor(3.771, shape=(), dtype=float32)",3.707591,0.004441734403371811
/tmp/DataSetCombined/Edges/Round-5_0053614_edge.png,"tf.Tensor(2.468, shape=(), dtype=float32)",2.5033662,0.004441734403371811
/tmp/DataSetCombined/Edges/Round-5_0056534_edge.png,"tf.Tensor(5.033, shape=(), dtype=float32)",4.685233,0.004441734403371811
/tmp/DataSetCombined/Edges/Round-4_0000516_edge.png,"tf.Tensor(4.954, shape=(), dtype=float32)",4.589627,0.004441734403371811
/tmp/DataSetCombined/Edges/Round-7_0106346_edge.png,"tf.Tensor(5.227, shape=(), dtype=float32)",4.9375944,0.004441734403371811
/tmp/DataSetCombined/Edges/Round-3_0026867_edge.png,"tf.Tensor(1.511, shape=(), dtype=float32)",1.5336466,0.004441734403371811
/tmp/DataSetCombined/Edges/Round-1_0132081_edge.png,"tf.Tensor(5.667, shape=(), dtype=float32)",5.2479844,0.004441734403371811
/tmp/DataSetCombined/Edges/Round-10_0113783_edge.png,"tf.Tensor(5.153, shape=(), dtype=float32)",4.7387443,0.004441734403371811
/tmp/DataSetCombined/Edges/Round-7_0008943_edge.png,"tf.Tensor(4.955, shape=(), dtype=float32)",4.5852222,0.004441734403371811
/tmp/DataSetCombined/Edges/Round-6_0043857_edge.png,"tf.Tensor(1.604, shape=(), dtype=float32)",1.6511409,0.004441734403371811
/tmp/DataSetCombined/Edges/Round-10_0137949_edge.png,"tf.Tensor(5.129, shape=(), dtype=float32)",4.806639,0.004441734403371811
/tmp/DataSetCombined/Edges/Round-9_0042384_edge.png,"tf.Tensor(4.312, shape=(), dtype=float32)",4.14132,0.004441734403371811
/tmp/DataSetCombined/Edges/Round-6_0071338_edge.png,"tf.Tensor(5.155, shape=(), dtype=float32)",4.7349267,0.004441734403371811
/tmp/DataSetCombined/Edges/Round-8_0015044_edge.png,"tf.Tensor(4.366, shape=(), dtype=float32)",4.0785413,0.004441734403371811
/tmp/DataSetCombined/Edges/Round-4_0082566_edge.png,"tf.Tensor(1.573, shape=(), dtype=float32)",1.5949094,0.004441734403371811
/tmp/DataSetCombined/Edges/Round-9_0158207_edge.png,"tf.Tensor(2.262, shape=(), dtype=float32)",2.3835912,0.004441734403371811
/tmp/DataSetCombined/Edges/Round-8_0046739_edge.png,"tf.Tensor(1.878, shape=(), dtype=float32)",1.9536204,0.004441734403371811
/tmp/DataSetCombined/Edges/Round-4_0011471_edge.png,"tf.Tensor(5.037, shape=(), dtype=float32)",4.690135,0.004441734403371811
/tmp/DataSetCombined/Edges/Round-10_0008656_edge.png,"tf.Tensor(2.863, shape=(), dtype=float32)",2.883975,0.004441734403371811
/tmp/DataSetCombined/Edges/Round-2_0106568_edge.png,"tf.Tensor(4.797, shape=(), dtype=float32)",4.503062,0.004441734403371811
/tmp/DataSetCombined/Edges/Round-8_0043970_edge.png,"tf.Tensor(2.696, shape=(), dtype=float32)",2.7774746,0.004441734403371811
/tmp/DataSetCombined/Edges/Round-4_0058126_edge.png,"tf.Tensor(2.217, shape=(), dtype=float32)",2.3294077,0.004441734403371811
/tmp/DataSetCombined/Edges/Round-4_0009093_edge.png,"tf.Tensor(2.031, shape=(), dtype=float32)",2.1395884,0.004441734403371811
/tmp/DataSetCombined/Edges/Round-3_0052101_edge.png,"tf.Tensor(2.979, shape=(), dtype=float32)",3.01956,0.004441734403371811
/tmp/DataSetCombined/Edges/Round-9_0149719_edge.png,"tf.Tensor(5.647, shape=(), dtype=float32)",5.271307,0.004441734403371811
/tmp/DataSetCombined/Edges/Round-6_0017249_edge.png,"tf.Tensor(2.461, shape=(), dtype=float32)",2.469392,0.004441734403371811
/tmp/DataSetCombined/Edges/Round-4_0026461_edge.png,"tf.Tensor(3.485, shape=(), dtype=float32)",3.3580472,0.004441734403371811
/tmp/DataSetCombined/Edges/Round-9_0166214_edge.png,"tf.Tensor(3.509, shape=(), dtype=float32)",3.4580126,0.004441734403371811
/tmp/DataSetCombined/Edges/Round-9_0051716_edge.png,"tf.Tensor(2.854, shape=(), dtype=float32)",2.8007143,0.004441734403371811
/tmp/DataSetCombined/Edges/Round-10_0055265_edge.png,"tf.Tensor(3.338, shape=(), dtype=float32)",3.2195234,0.004441734403371811
/tmp/DataSetCombined/Edges/Round-10_0026490_edge.png,"tf.Tensor(2.774, shape=(), dtype=float32)",2.8502107,0.004441734403371811
/tmp/DataSetCombined/Edges/Round-10_0094004_edge.png,"tf.Tensor(5.261, shape=(), dtype=float32)",4.9849005,0.004441734403371811
/tmp/DataSetCombined/Edges/Round-7_0118416_edge.png,"tf.Tensor(4.709, shape=(), dtype=float32)",4.4345474,0.004441734403371811
/tmp/DataSetCombined/Edges/Round-7_0113720_edge.png,"tf.Tensor(3.057, shape=(), dtype=float32)",2.962584,0.004441734403371811
/tmp/DataSetCombined/Edges/Round-5_0039295_edge.png,"tf.Tensor(2.857, shape=(), dtype=float32)",2.8839333,0.004441734403371811
/tmp/DataSetCombined/Edges/Round-8_0077651_edge.png,"tf.Tensor(5.562, shape=(), dtype=float32)",5.177907,0.004441734403371811
/tmp/DataSetCombined/Edges/Round-9_0121967_edge.png,"tf.Tensor(2.562, shape=(), dtype=float32)",2.575547,0.004441734403371811
/tmp/DataSetCombined/Edges/Round-7_0091717_edge.png,"tf.Tensor(1.572, shape=(), dtype=float32)",1.5750573,0.004441734403371811
/tmp/DataSetCombined/Edges/Round-8_0029854_edge.png,"tf.Tensor(5.375, shape=(), dtype=float32)",5.082556,0.004441734403371811
/tmp/DataSetCombined/Edges/Round-7_0118867_edge.png,"tf.Tensor(1.756, shape=(), dtype=float32)",1.7997398,0.004441734403371811
/tmp/DataSetCombined/Edges/Round-4_0090994_edge.png,"tf.Tensor(4.282, shape=(), dtype=float32)",3.9970477,0.004441734403371811
/tmp/DataSetCombined/Edges/Round-4_0069684_edge.png,"tf.Tensor(4.4, shape=(), dtype=float32)",4.1028748,0.004441734403371811
/tmp/DataSetCombined/Edges/Round-1_0150051_edge.png,"tf.Tensor(1.774, shape=(), dtype=float32)",1.8036304,0.004441734403371811
/tmp/DataSetCombined/Edges/Round-1_0015667_edge.png,"tf.Tensor(3.877, shape=(), dtype=float32)",3.788627,0.004441734403371811
/tmp/DataSetCombined/Edges/Round-10_0011501_edge.png,"tf.Tensor(4.956, shape=(), dtype=float32)",4.592684,0.004441734403371811
/tmp/DataSetCombined/Edges/Round-8_0080409_edge.png,"tf.Tensor(2.961, shape=(), dtype=float32)",2.9959986,0.004441734403371811
/tmp/DataSetCombined/Edges/Round-8_0087464_edge.png,"tf.Tensor(2.744, shape=(), dtype=float32)",2.711486,0.004441734403371811
/tmp/DataSetCombined/Edges/Round-8_0029281_edge.png,"tf.Tensor(5.528, shape=(), dtype=float32)",5.2038035,0.004441734403371811
/tmp/DataSetCombined/Edges/Round-5_0096958_edge.png,"tf.Tensor(3.455, shape=(), dtype=float32)",3.3106503,0.004441734403371811
/tmp/DataSetCombined/Edges/Round-9_0156732_edge.png,"tf.Tensor(5.345, shape=(), dtype=float32)",4.9470973,0.004441734403371811
/tmp/DataSetCombined/Edges/Round-10_0032811_edge.png,"tf.Tensor(1.614, shape=(), dtype=float32)",1.6493778,0.004441734403371811
/tmp/DataSetCombined/Edges/Round-3_0027001_edge.png,"tf.Tensor(5.131, shape=(), dtype=float32)",4.8171983,0.004441734403371811
/tmp/DataSetCombined/Edges/Round-9_0025227_edge.png,"tf.Tensor(5.062, shape=(), dtype=float32)",4.8168836,0.004441734403371811
/tmp/DataSetCombined/Edges/Round-8_0001891_edge.png,"tf.Tensor(5.081, shape=(), dtype=float32)",4.7271056,0.004441734403371811
/tmp/DataSetCombined/Edges/Round-8_0036126_edge.png,"tf.Tensor(3.062, shape=(), dtype=float32)",3.0328345,0.004441734403371811
/tmp/DataSetCombined/Edges/Round-10_0136896_edge.png,"tf.Tensor(3.544, shape=(), dtype=float32)",3.479468,0.004444710910320282
/tmp/DataSetCombined/Edges/Round-9_0187939_edge.png,"tf.Tensor(5.129, shape=(), dtype=float32)",4.7916274,0.004444710910320282
/tmp/DataSetCombined/Edges/Round-8_0072565_edge.png,"tf.Tensor(2.668, shape=(), dtype=float32)",2.7831762,0.004444710910320282
/tmp/DataSetCombined/Edges/Round-8_0021185_edge.png,"tf.Tensor(3.859, shape=(), dtype=float32)",3.7664814,0.004444710910320282
/tmp/DataSetCombined/Edges/Round-7_0053491_edge.png,"tf.Tensor(2.508, shape=(), dtype=float32)",2.5828996,0.004444710910320282
/tmp/DataSetCombined/Edges/Round-5_0006449_edge.png,"tf.Tensor(3.384, shape=(), dtype=float32)",3.3361,0.004444710910320282
/tmp/DataSetCombined/Edges/Round-4_0020049_edge.png,"tf.Tensor(5.561, shape=(), dtype=float32)",5.1730475,0.004444710910320282
/tmp/DataSetCombined/Edges/Round-3_0085425_edge.png,"tf.Tensor(5.518, shape=(), dtype=float32)",5.1722507,0.004444710910320282
/tmp/DataSetCombined/Edges/Round-6_0055958_edge.png,"tf.Tensor(4.957, shape=(), dtype=float32)",4.5922184,0.004444710910320282
/tmp/DataSetCombined/Edges/Round-9_0108333_edge.png,"tf.Tensor(2.233, shape=(), dtype=float32)",2.3452783,0.004444710910320282
/tmp/DataSetCombined/Edges/Round-3_0015593_edge.png,"tf.Tensor(5.499, shape=(), dtype=float32)",5.142758,0.004444710910320282
/tmp/DataSetCombined/Edges/Round-9_0015655_edge.png,"tf.Tensor(4.467, shape=(), dtype=float32)",4.1620207,0.004444710910320282
/tmp/DataSetCombined/Edges/Round-2_0058967_edge.png,"tf.Tensor(5.035, shape=(), dtype=float32)",4.6841693,0.004444710910320282
/tmp/DataSetCombined/Edges/Round-1_0048867_edge.png,"tf.Tensor(5.033, shape=(), dtype=float32)",4.6766214,0.004444710910320282
/tmp/DataSetCombined/Edges/Round-6_0047138_edge.png,"tf.Tensor(4.772, shape=(), dtype=float32)",4.4754243,0.004444710910320282
/tmp/DataSetCombined/Edges/Round-5_0006388_edge.png,"tf.Tensor(5.562, shape=(), dtype=float32)",5.177311,0.004444710910320282
/tmp/DataSetCombined/Edges/Round-8_0010529_edge.png,"tf.Tensor(5.154, shape=(), dtype=float32)",4.7484007,0.004444710910320282
/tmp/DataSetCombined/Edges/Round-5_0037631_edge.png,"tf.Tensor(1.789, shape=(), dtype=float32)",1.8595113,0.004444710910320282
/tmp/DataSetCombined/Edges/Round-5_0088650_edge.png,"tf.Tensor(4.651, shape=(), dtype=float32)",4.3883805,0.004444710910320282
/tmp/DataSetCombined/Edges/Round-5_0012077_edge.png,"tf.Tensor(5.518, shape=(), dtype=float32)",5.1775312,0.004444710910320282
/tmp/DataSetCombined/Edges/Round-5_0090426_edge.png,"tf.Tensor(5.032, shape=(), dtype=float32)",4.685184,0.004444710910320282
/tmp/DataSetCombined/Edges/Round-7_0037177_edge.png,"tf.Tensor(2.986, shape=(), dtype=float32)",2.897751,0.004444710910320282
/tmp/DataSetCombined/Edges/Round-6_0100053_edge.png,"tf.Tensor(2.672, shape=(), dtype=float32)",2.6829286,0.004444710910320282
/tmp/DataSetCombined/Edges/Round-7_0044069_edge.png,"tf.Tensor(5.458, shape=(), dtype=float32)",5.150708,0.004444710910320282
/tmp/DataSetCombined/Edges/Round-10_0023209_edge.png,"tf.Tensor(5.046, shape=(), dtype=float32)",4.6922436,0.004444710910320282
/tmp/DataSetCombined/Edges/Round-6_0056078_edge.png,"tf.Tensor(3.082, shape=(), dtype=float32)",2.9883926,0.004444710910320282
/tmp/DataSetCombined/Edges/Round-10_0192129_edge.png,"tf.Tensor(3.924, shape=(), dtype=float32)",3.8356717,0.004444710910320282
/tmp/DataSetCombined/Edges/Round-8_0048858_edge.png,"tf.Tensor(2.093, shape=(), dtype=float32)",2.2107337,0.004444710910320282
/tmp/DataSetCombined/Edges/Round-1_0172695_edge.png,"tf.Tensor(2.512, shape=(), dtype=float32)",2.5776398,0.004444710910320282
/tmp/DataSetCombined/Edges/Round-1_0066334_edge.png,"tf.Tensor(4.955, shape=(), dtype=float32)",4.5857177,0.004444710910320282
/tmp/DataSetCombined/Edges/Round-1_0081062_edge.png,"tf.Tensor(4.619, shape=(), dtype=float32)",4.3353586,0.004444710910320282
/tmp/DataSetCombined/Edges/Round-8_0074491_edge.png,"tf.Tensor(5.191, shape=(), dtype=float32)",4.7913313,0.004444710910320282
/tmp/DataSetCombined/Edges/Round-8_0006255_edge.png,"tf.Tensor(5.556, shape=(), dtype=float32)",5.212286,0.004444710910320282
/tmp/DataSetCombined/Edges/Round-7_0077691_edge.png,"tf.Tensor(1.955, shape=(), dtype=float32)",2.0493746,0.004444710910320282
/tmp/DataSetCombined/Edges/Round-9_0144033_edge.png,"tf.Tensor(5.515, shape=(), dtype=float32)",5.154497,0.004444710910320282
/tmp/DataSetCombined/Edges/Round-8_0047491_edge.png,"tf.Tensor(1.677, shape=(), dtype=float32)",1.6981907,0.004444710910320282
/tmp/DataSetCombined/Edges/Round-5_0014816_edge.png,"tf.Tensor(5.032, shape=(), dtype=float32)",4.6895385,0.004444710910320282
/tmp/DataSetCombined/Edges/Round-8_0073137_edge.png,"tf.Tensor(5.16, shape=(), dtype=float32)",4.7628307,0.004444710910320282
/tmp/DataSetCombined/Edges/Round-10_0101469_edge.png,"tf.Tensor(4.992, shape=(), dtype=float32)",4.633539,0.004444710910320282
/tmp/DataSetCombined/Edges/Round-5_0028000_edge.png,"tf.Tensor(5.154, shape=(), dtype=float32)",4.7348895,0.004444710910320282
/tmp/DataSetCombined/Edges/Round-8_0029745_edge.png,"tf.Tensor(2.699, shape=(), dtype=float32)",2.7879982,0.004444710910320282
/tmp/DataSetCombined/Edges/Round-9_0041722_edge.png,"tf.Tensor(5.567, shape=(), dtype=float32)",5.226061,0.004444710910320282
/tmp/DataSetCombined/Edges/Round-1_0169956_edge.png,"tf.Tensor(5.035, shape=(), dtype=float32)",4.686869,0.004444710910320282
/tmp/DataSetCombined/Edges/Round-7_0073206_edge.png,"tf.Tensor(5.342, shape=(), dtype=float32)",4.9428363,0.004444710910320282
/tmp/DataSetCombined/Edges/Round-9_0031879_edge.png,"tf.Tensor(5.157, shape=(), dtype=float32)",4.738284,0.004444710910320282
/tmp/DataSetCombined/Edges/Round-1_0070708_edge.png,"tf.Tensor(2.508, shape=(), dtype=float32)",2.5855396,0.004444710910320282
/tmp/DataSetCombined/Edges/Round-3_0071428_edge.png,"tf.Tensor(2.454, shape=(), dtype=float32)",2.476098,0.004444710910320282
/tmp/DataSetCombined/Edges/Round-3_0043134_edge.png,"tf.Tensor(4.262, shape=(), dtype=float32)",3.9704008,0.004444710910320282
/tmp/DataSetCombined/Edges/Round-3_0027334_edge.png,"tf.Tensor(3.341, shape=(), dtype=float32)",3.2218664,0.004444710910320282
/tmp/DataSetCombined/Edges/Round-5_0036036_edge.png,"tf.Tensor(5.647, shape=(), dtype=float32)",5.2395606,0.004444710910320282
/tmp/DataSetCombined/Edges/Round-2_0068545_edge.png,"tf.Tensor(3.428, shape=(), dtype=float32)",3.2308407,0.004444710910320282
/tmp/DataSetCombined/Edges/Round-10_0047560_edge.png,"tf.Tensor(5.148, shape=(), dtype=float32)",4.8142567,0.004444710910320282
/tmp/DataSetCombined/Edges/Round-8_0064239_edge.png,"tf.Tensor(2.792, shape=(), dtype=float32)",2.8080785,0.004444710910320282
/tmp/DataSetCombined/Edges/Round-10_0131207_edge.png,"tf.Tensor(2.564, shape=(), dtype=float32)",2.6573703,0.004444710910320282
/tmp/DataSetCombined/Edges/Round-9_0137619_edge.png,"tf.Tensor(5.269, shape=(), dtype=float32)",5.0182414,0.004444710910320282
/tmp/DataSetCombined/Edges/Round-9_0051474_edge.png,"tf.Tensor(5.147, shape=(), dtype=float32)",4.824016,0.004444710910320282
/tmp/DataSetCombined/Edges/Round-2_0010600_edge.png,"tf.Tensor(2.965, shape=(), dtype=float32)",2.9502165,0.004444710910320282
/tmp/DataSetCombined/Edges/Round-4_0029531_edge.png,"tf.Tensor(5.571, shape=(), dtype=float32)",5.2248683,0.004444710910320282
/tmp/DataSetCombined/Edges/Round-9_0177742_edge.png,"tf.Tensor(5.155, shape=(), dtype=float32)",4.738742,0.004444710910320282
/tmp/DataSetCombined/Edges/Round-6_0029410_edge.png,"tf.Tensor(4.583, shape=(), dtype=float32)",4.3561406,0.004444710910320282
/tmp/DataSetCombined/Edges/Round-8_0008645_edge.png,"tf.Tensor(5.667, shape=(), dtype=float32)",5.2422795,0.004444710910320282
/tmp/DataSetCombined/Edges/Round-7_0052859_edge.png,"tf.Tensor(5.567, shape=(), dtype=float32)",5.218132,0.004444710910320282
/tmp/DataSetCombined/Edges/Round-9_0160615_edge.png,"tf.Tensor(2.782, shape=(), dtype=float32)",2.8221471,0.004444710910320282
/tmp/DataSetCombined/Edges/Round-10_0112034_edge.png,"tf.Tensor(5.561, shape=(), dtype=float32)",5.1730475,0.004444710910320282
/tmp/DataSetCombined/Edges/Round-7_0054575_edge.png,"tf.Tensor(5.632, shape=(), dtype=float32)",5.206736,2.2777934074401855
/tmp/DataSetCombined/Edges/Round-1_0131148_edge.png,"tf.Tensor(5.366, shape=(), dtype=float32)",5.058536,2.2777934074401855
/tmp/DataSetCombined/Edges/Round-1_0156231_edge.png,"tf.Tensor(1.71, shape=(), dtype=float32)",1.7208734,2.2777934074401855
/tmp/DataSetCombined/Edges/Round-1_0077270_edge.png,"tf.Tensor(5.153, shape=(), dtype=float32)",4.749406,2.2777934074401855
/tmp/DataSetCombined/Edges/Round-8_0017091_edge.png,"tf.Tensor(1.411, shape=(), dtype=float32)",1.4409745,2.2777934074401855
/tmp/DataSetCombined/Edges/Round-3_0058014_edge.png,"tf.Tensor(4.321, shape=(), dtype=float32)",4.0277696,2.2777934074401855
/tmp/DataSetCombined/Edges/Round-4_0010418_edge.png,"tf.Tensor(3.271, shape=(), dtype=float32)",3.1738894,2.2777934074401855
/tmp/DataSetCombined/Edges/Round-10_0128558_edge.png,"tf.Tensor(3.185, shape=(), dtype=float32)",3.1503031,2.2777934074401855
/tmp/DataSetCombined/Edges/Round-8_0056642_edge.png,"tf.Tensor(3.702, shape=(), dtype=float32)",3.634211,2.2777934074401855
