image_name,True_Value,Predicted_Value,Prediction_Time_s
/tmp/DataSetCombined/Edges/Round-5_0110382_edge.png,"tf.Tensor(60.77, shape=(), dtype=float32)",59.286633,0.477175809442997
/tmp/DataSetCombined/Edges/Round-10_0192189_edge.png,"tf.Tensor(60.86, shape=(), dtype=float32)",58.186893,0.477175809442997
/tmp/DataSetCombined/Edges/Round-3_0084913_edge.png,"tf.Tensor(6.69, shape=(), dtype=float32)",6.5982676,0.477175809442997
/tmp/DataSetCombined/Edges/Round-6_0060352_edge.png,"tf.Tensor(2.51, shape=(), dtype=float32)",2.2287633,0.477175809442997
/tmp/DataSetCombined/Edges/Round-2_0045400_edge.png,"tf.Tensor(65.27, shape=(), dtype=float32)",62.90849,0.477175809442997
/tmp/DataSetCombined/Edges/Round-7_0082356_edge.png,"tf.Tensor(64.07, shape=(), dtype=float32)",63.27198,0.477175809442997
/tmp/DataSetCombined/Edges/Round-9_0144395_edge.png,"tf.Tensor(4.7, shape=(), dtype=float32)",3.760367,0.477175809442997
/tmp/DataSetCombined/Edges/Round-10_0148213_edge.png,"tf.Tensor(30.0, shape=(), dtype=float32)",31.514414,0.477175809442997
/tmp/DataSetCombined/Edges/Round-10_0007377_edge.png,"tf.Tensor(17.81, shape=(), dtype=float32)",18.503641,0.477175809442997
/tmp/DataSetCombined/Edges/Round-9_0061317_edge.png,"tf.Tensor(53.36, shape=(), dtype=float32)",52.407757,0.477175809442997
/tmp/DataSetCombined/Edges/Round-1_0032334_edge.png,"tf.Tensor(51.22, shape=(), dtype=float32)",50.500774,0.477175809442997
/tmp/DataSetCombined/Edges/Round-7_0092645_edge.png,"tf.Tensor(12.17, shape=(), dtype=float32)",12.381322,0.477175809442997
/tmp/DataSetCombined/Edges/Round-9_0184153_edge.png,"tf.Tensor(2.89, shape=(), dtype=float32)",2.3126178,0.477175809442997
/tmp/DataSetCombined/Edges/Round-1_0016901_edge.png,"tf.Tensor(26.11, shape=(), dtype=float32)",27.62484,0.477175809442997
/tmp/DataSetCombined/Edges/Round-6_0017520_edge.png,"tf.Tensor(4.1, shape=(), dtype=float32)",3.1407075,0.477175809442997
/tmp/DataSetCombined/Edges/Round-7_0106586_edge.png,"tf.Tensor(46.4, shape=(), dtype=float32)",45.99473,0.477175809442997
/tmp/DataSetCombined/Edges/Round-3_0048883_edge.png,"tf.Tensor(65.37, shape=(), dtype=float32)",62.8055,0.477175809442997
/tmp/DataSetCombined/Edges/Round-5_0113121_edge.png,"tf.Tensor(9.09, shape=(), dtype=float32)",9.722026,0.477175809442997
/tmp/DataSetCombined/Edges/Round-8_0037029_edge.png,"tf.Tensor(58.76, shape=(), dtype=float32)",58.594177,0.477175809442997
/tmp/DataSetCombined/Edges/Round-9_0150595_edge.png,"tf.Tensor(64.67, shape=(), dtype=float32)",62.675266,0.477175809442997
/tmp/DataSetCombined/Edges/Round-8_0086983_edge.png,"tf.Tensor(5.55, shape=(), dtype=float32)",5.3257294,0.477175809442997
/tmp/DataSetCombined/Edges/Round-9_0124255_edge.png,"tf.Tensor(50.81, shape=(), dtype=float32)",48.908558,0.477175809442997
/tmp/DataSetCombined/Edges/Round-5_0047263_edge.png,"tf.Tensor(62.32, shape=(), dtype=float32)",62.44994,0.477175809442997
/tmp/DataSetCombined/Edges/Round-10_0191166_edge.png,"tf.Tensor(63.67, shape=(), dtype=float32)",63.15027,0.477175809442997
/tmp/DataSetCombined/Edges/Round-10_0192219_edge.png,"tf.Tensor(64.87, shape=(), dtype=float32)",63.107655,0.477175809442997
/tmp/DataSetCombined/Edges/Round-4_0080520_edge.png,"tf.Tensor(3.6, shape=(), dtype=float32)",2.6802876,0.477175809442997
/tmp/DataSetCombined/Edges/Round-9_0181805_edge.png,"tf.Tensor(11.71, shape=(), dtype=float32)",12.210895,0.477175809442997
/tmp/DataSetCombined/Edges/Round-1_0108875_edge.png,"tf.Tensor(64.33, shape=(), dtype=float32)",62.81067,0.477175809442997
/tmp/DataSetCombined/Edges/Round-7_0013248_edge.png,"tf.Tensor(5.91, shape=(), dtype=float32)",6.0842066,0.477175809442997
/tmp/DataSetCombined/Edges/Round-6_0110197_edge.png,"tf.Tensor(65.34, shape=(), dtype=float32)",63.738155,0.477175809442997
/tmp/DataSetCombined/Edges/Round-5_0069898_edge.png,"tf.Tensor(65.04, shape=(), dtype=float32)",63.923325,0.477175809442997
/tmp/DataSetCombined/Edges/Round-6_0032148_edge.png,"tf.Tensor(63.88, shape=(), dtype=float32)",62.337254,0.477175809442997
/tmp/DataSetCombined/Edges/Round-5_0020180_edge.png,"tf.Tensor(7.11, shape=(), dtype=float32)",7.2534456,0.477175809442997
/tmp/DataSetCombined/Edges/Round-9_0143639_edge.png,"tf.Tensor(65.36, shape=(), dtype=float32)",64.08828,0.477175809442997
/tmp/DataSetCombined/Edges/Round-6_0002000_edge.png,"tf.Tensor(46.07, shape=(), dtype=float32)",45.02975,0.477175809442997
/tmp/DataSetCombined/Edges/Round-8_0061291_edge.png,"tf.Tensor(64.08, shape=(), dtype=float32)",63.550148,0.477175809442997
/tmp/DataSetCombined/Edges/Round-8_0081083_edge.png,"tf.Tensor(16.82, shape=(), dtype=float32)",17.482256,0.477175809442997
/tmp/DataSetCombined/Edges/Round-4_0081844_edge.png,"tf.Tensor(64.33, shape=(), dtype=float32)",61.96011,0.477175809442997
/tmp/DataSetCombined/Edges/Round-8_0062662_edge.png,"tf.Tensor(53.5, shape=(), dtype=float32)",52.61371,0.477175809442997
/tmp/DataSetCombined/Edges/Round-1_0015301_edge.png,"tf.Tensor(43.42, shape=(), dtype=float32)",44.051476,0.477175809442997
/tmp/DataSetCombined/Edges/Round-9_0036575_edge.png,"tf.Tensor(4.63, shape=(), dtype=float32)",3.9288812,0.477175809442997
/tmp/DataSetCombined/Edges/Round-2_0102801_edge.png,"tf.Tensor(64.77, shape=(), dtype=float32)",62.984295,0.477175809442997
/tmp/DataSetCombined/Edges/Round-5_0101473_edge.png,"tf.Tensor(62.97, shape=(), dtype=float32)",61.239216,0.477175809442997
/tmp/DataSetCombined/Edges/Round-10_0050871_edge.png,"tf.Tensor(57.54, shape=(), dtype=float32)",58.097935,0.477175809442997
/tmp/DataSetCombined/Edges/Round-6_0110588_edge.png,"tf.Tensor(3.56, shape=(), dtype=float32)",2.767206,0.477175809442997
/tmp/DataSetCombined/Edges/Round-10_0042654_edge.png,"tf.Tensor(3.09, shape=(), dtype=float32)",2.3687737,0.477175809442997
/tmp/DataSetCombined/Edges/Round-10_0147370_edge.png,"tf.Tensor(8.56, shape=(), dtype=float32)",9.000486,0.477175809442997
/tmp/DataSetCombined/Edges/Round-9_0185387_edge.png,"tf.Tensor(4.24, shape=(), dtype=float32)",3.4690638,0.477175809442997
/tmp/DataSetCombined/Edges/Round-8_0056864_edge.png,"tf.Tensor(4.38, shape=(), dtype=float32)",3.4044056,0.477175809442997
/tmp/DataSetCombined/Edges/Round-1_0032267_edge.png,"tf.Tensor(6.61, shape=(), dtype=float32)",6.3674326,0.477175809442997
/tmp/DataSetCombined/Edges/Round-10_0165641_edge.png,"tf.Tensor(58.91, shape=(), dtype=float32)",59.800236,0.477175809442997
/tmp/DataSetCombined/Edges/Round-3_0045334_edge.png,"tf.Tensor(6.57, shape=(), dtype=float32)",6.831827,0.477175809442997
/tmp/DataSetCombined/Edges/Round-8_0007158_edge.png,"tf.Tensor(60.82, shape=(), dtype=float32)",57.023453,0.477175809442997
/tmp/DataSetCombined/Edges/Round-3_0040757_edge.png,"tf.Tensor(63.43, shape=(), dtype=float32)",62.071224,0.477175809442997
/tmp/DataSetCombined/Edges/Round-7_0073838_edge.png,"tf.Tensor(16.47, shape=(), dtype=float32)",17.130156,0.477175809442997
/tmp/DataSetCombined/Edges/Round-9_0061798_edge.png,"tf.Tensor(34.54, shape=(), dtype=float32)",35.1292,0.477175809442997
/tmp/DataSetCombined/Edges/Round-10_0022487_edge.png,"tf.Tensor(62.25, shape=(), dtype=float32)",62.387493,0.477175809442997
/tmp/DataSetCombined/Edges/Round-10_0140177_edge.png,"tf.Tensor(63.3, shape=(), dtype=float32)",62.372715,0.477175809442997
/tmp/DataSetCombined/Edges/Round-9_0127656_edge.png,"tf.Tensor(64.45, shape=(), dtype=float32)",62.13317,0.477175809442997
/tmp/DataSetCombined/Edges/Round-10_0173948_edge.png,"tf.Tensor(59.37, shape=(), dtype=float32)",59.35555,0.477175809442997
/tmp/DataSetCombined/Edges/Round-4_0027847_edge.png,"tf.Tensor(61.84, shape=(), dtype=float32)",61.163998,0.477175809442997
/tmp/DataSetCombined/Edges/Round-9_0005662_edge.png,"tf.Tensor(48.91, shape=(), dtype=float32)",47.936375,0.477175809442997
/tmp/DataSetCombined/Edges/Round-5_0094309_edge.png,"tf.Tensor(48.68, shape=(), dtype=float32)",46.109135,0.477175809442997
/tmp/DataSetCombined/Edges/Round-9_0078534_edge.png,"tf.Tensor(64.4, shape=(), dtype=float32)",62.869446,0.477175809442997
/tmp/DataSetCombined/Edges/Round-1_0058834_edge.png,"tf.Tensor(6.51, shape=(), dtype=float32)",6.3886623,0.002501651644706726
/tmp/DataSetCombined/Edges/Round-10_0147100_edge.png,"tf.Tensor(62.4, shape=(), dtype=float32)",61.758076,0.002501651644706726
/tmp/DataSetCombined/Edges/Round-8_0022900_edge.png,"tf.Tensor(65.24, shape=(), dtype=float32)",62.747997,0.002501651644706726
/tmp/DataSetCombined/Edges/Round-6_0130755_edge.png,"tf.Tensor(64.87, shape=(), dtype=float32)",63.21946,0.002501651644706726
/tmp/DataSetCombined/Edges/Round-10_0014722_edge.png,"tf.Tensor(7.66, shape=(), dtype=float32)",8.087654,0.002501651644706726
/tmp/DataSetCombined/Edges/Round-4_0000876_edge.png,"tf.Tensor(65.27, shape=(), dtype=float32)",62.294662,0.002501651644706726
/tmp/DataSetCombined/Edges/Round-4_0049698_edge.png,"tf.Tensor(3.93, shape=(), dtype=float32)",3.1718948,0.002501651644706726
/tmp/DataSetCombined/Edges/Round-7_0093794_edge.png,"tf.Tensor(64.35, shape=(), dtype=float32)",63.05127,0.002501651644706726
/tmp/DataSetCombined/Edges/Round-5_0062734_edge.png,"tf.Tensor(63.98, shape=(), dtype=float32)",63.61141,0.002501651644706726
/tmp/DataSetCombined/Edges/Round-3_0060291_edge.png,"tf.Tensor(11.91, shape=(), dtype=float32)",12.44487,0.002501651644706726
/tmp/DataSetCombined/Edges/Round-7_0097316_edge.png,"tf.Tensor(52.03, shape=(), dtype=float32)",54.399952,0.002501651644706726
/tmp/DataSetCombined/Edges/Round-9_0072123_edge.png,"tf.Tensor(5.27, shape=(), dtype=float32)",4.779842,0.002501651644706726
/tmp/DataSetCombined/Edges/Round-6_0074241_edge.png,"tf.Tensor(21.68, shape=(), dtype=float32)",22.679281,0.002501651644706726
/tmp/DataSetCombined/Edges/Round-6_0041811_edge.png,"tf.Tensor(2.74, shape=(), dtype=float32)",2.2562156,0.002501651644706726
/tmp/DataSetCombined/Edges/Round-1_0006534_edge.png,"tf.Tensor(3.7, shape=(), dtype=float32)",2.8316588,0.002501651644706726
/tmp/DataSetCombined/Edges/Round-1_0012167_edge.png,"tf.Tensor(6.28, shape=(), dtype=float32)",6.0687675,0.002501651644706726
/tmp/DataSetCombined/Edges/Round-4_0023571_edge.png,"tf.Tensor(52.17, shape=(), dtype=float32)",52.502533,0.002501651644706726
/tmp/DataSetCombined/Edges/Round-10_0190082_edge.png,"tf.Tensor(8.08, shape=(), dtype=float32)",8.524883,0.002501651644706726
/tmp/DataSetCombined/Edges/Round-7_0009003_edge.png,"tf.Tensor(5.53, shape=(), dtype=float32)",5.353937,0.002501651644706726
/tmp/DataSetCombined/Edges/Round-10_0091596_edge.png,"tf.Tensor(3.49, shape=(), dtype=float32)",2.6536376,0.002501651644706726
/tmp/DataSetCombined/Edges/Round-6_0077239_edge.png,"tf.Tensor(4.46, shape=(), dtype=float32)",3.717915,0.002501651644706726
/tmp/DataSetCombined/Edges/Round-9_0001697_edge.png,"tf.Tensor(61.77, shape=(), dtype=float32)",61.11695,0.002501651644706726
/tmp/DataSetCombined/Edges/Round-7_0006957_edge.png,"tf.Tensor(2.7, shape=(), dtype=float32)",2.238895,0.002501651644706726
/tmp/DataSetCombined/Edges/Round-7_0026040_edge.png,"tf.Tensor(54.83, shape=(), dtype=float32)",52.43694,0.002501651644706726
/tmp/DataSetCombined/Edges/Round-1_0072234_edge.png,"tf.Tensor(3.97, shape=(), dtype=float32)",3.016023,0.002501651644706726
/tmp/DataSetCombined/Edges/Round-10_0057102_edge.png,"tf.Tensor(59.97, shape=(), dtype=float32)",61.682667,0.002501651644706726
/tmp/DataSetCombined/Edges/Round-6_0130063_edge.png,"tf.Tensor(55.22, shape=(), dtype=float32)",54.229656,0.002501651644706726
/tmp/DataSetCombined/Edges/Round-10_0037567_edge.png,"tf.Tensor(64.25, shape=(), dtype=float32)",63.43253,0.002501651644706726
/tmp/DataSetCombined/Edges/Round-9_0038742_edge.png,"tf.Tensor(12.64, shape=(), dtype=float32)",12.738574,0.002501651644706726
/tmp/DataSetCombined/Edges/Round-2_0053834_edge.png,"tf.Tensor(43.73, shape=(), dtype=float32)",43.981785,0.002501651644706726
/tmp/DataSetCombined/Edges/Round-4_0058427_edge.png,"tf.Tensor(2.66, shape=(), dtype=float32)",2.254333,0.002501651644706726
/tmp/DataSetCombined/Edges/Round-5_0019150_edge.png,"tf.Tensor(64.17, shape=(), dtype=float32)",62.554676,0.002501651644706726
/tmp/DataSetCombined/Edges/Round-8_0036848_edge.png,"tf.Tensor(59.5, shape=(), dtype=float32)",56.134243,0.002501651644706726
/tmp/DataSetCombined/Edges/Round-8_0022942_edge.png,"tf.Tensor(51.88, shape=(), dtype=float32)",51.163895,0.002501651644706726
/tmp/DataSetCombined/Edges/Round-1_0160977_edge.png,"tf.Tensor(3.17, shape=(), dtype=float32)",2.4070287,0.002501651644706726
/tmp/DataSetCombined/Edges/Round-6_0085551_edge.png,"tf.Tensor(17.36, shape=(), dtype=float32)",18.292274,0.002501651644706726
/tmp/DataSetCombined/Edges/Round-9_0138703_edge.png,"tf.Tensor(63.77, shape=(), dtype=float32)",62.733273,0.002501651644706726
/tmp/DataSetCombined/Edges/Round-9_0060564_edge.png,"tf.Tensor(8.65, shape=(), dtype=float32)",9.2135105,0.002501651644706726
/tmp/DataSetCombined/Edges/Round-1_0030467_edge.png,"tf.Tensor(2.71, shape=(), dtype=float32)",2.2210298,0.002501651644706726
/tmp/DataSetCombined/Edges/Round-6_0100956_edge.png,"tf.Tensor(53.23, shape=(), dtype=float32)",50.931187,0.002501651644706726
/tmp/DataSetCombined/Edges/Round-7_0019478_edge.png,"tf.Tensor(54.61, shape=(), dtype=float32)",57.063747,0.002501651644706726
/tmp/DataSetCombined/Edges/Round-1_0158027_edge.png,"tf.Tensor(4.46, shape=(), dtype=float32)",3.6102347,0.002501651644706726
/tmp/DataSetCombined/Edges/Round-1_0094698_edge.png,"tf.Tensor(38.39, shape=(), dtype=float32)",38.683426,0.002501651644706726
/tmp/DataSetCombined/Edges/Round-5_0015719_edge.png,"tf.Tensor(6.06, shape=(), dtype=float32)",6.171476,0.002501651644706726
/tmp/DataSetCombined/Edges/Round-5_0124740_edge.png,"tf.Tensor(63.4, shape=(), dtype=float32)",62.456913,0.002501651644706726
/tmp/DataSetCombined/Edges/Round-8_0037239_edge.png,"tf.Tensor(7.35, shape=(), dtype=float32)",7.739968,0.002501651644706726
/tmp/DataSetCombined/Edges/Round-6_0022065_edge.png,"tf.Tensor(4.16, shape=(), dtype=float32)",3.1873856,0.002501651644706726
/tmp/DataSetCombined/Edges/Round-8_0075815_edge.png,"tf.Tensor(64.84, shape=(), dtype=float32)",63.11008,0.002501651644706726
/tmp/DataSetCombined/Edges/Round-2_0099615_edge.png,"tf.Tensor(9.09, shape=(), dtype=float32)",9.706612,0.002501651644706726
/tmp/DataSetCombined/Edges/Round-5_0020926_edge.png,"tf.Tensor(63.86, shape=(), dtype=float32)",63.861103,0.002501651644706726
/tmp/DataSetCombined/Edges/Round-6_0021343_edge.png,"tf.Tensor(65.14, shape=(), dtype=float32)",64.019165,0.002501651644706726
/tmp/DataSetCombined/Edges/Round-10_0104840_edge.png,"tf.Tensor(27.26, shape=(), dtype=float32)",28.74269,0.002501651644706726
/tmp/DataSetCombined/Edges/Round-10_0009394_edge.png,"tf.Tensor(5.8, shape=(), dtype=float32)",5.3292117,0.002501651644706726
/tmp/DataSetCombined/Edges/Round-9_0163724_edge.png,"tf.Tensor(9.91, shape=(), dtype=float32)",10.4581785,0.002501651644706726
/tmp/DataSetCombined/Edges/Round-5_0015031_edge.png,"tf.Tensor(21.07, shape=(), dtype=float32)",20.875935,0.002501651644706726
/tmp/DataSetCombined/Edges/Round-4_0080188_edge.png,"tf.Tensor(2.89, shape=(), dtype=float32)",2.3246458,0.002501651644706726
/tmp/DataSetCombined/Edges/Round-3_0079073_edge.png,"tf.Tensor(6.32, shape=(), dtype=float32)",6.46427,0.002501651644706726
/tmp/DataSetCombined/Edges/Round-1_0048467_edge.png,"tf.Tensor(62.48, shape=(), dtype=float32)",62.121243,0.002501651644706726
/tmp/DataSetCombined/Edges/Round-4_0082928_edge.png,"tf.Tensor(4.09, shape=(), dtype=float32)",3.1882498,0.002501651644706726
/tmp/DataSetCombined/Edges/Round-9_0161909_edge.png,"tf.Tensor(20.53, shape=(), dtype=float32)",20.94029,0.002501651644706726
/tmp/DataSetCombined/Edges/Round-3_0004767_edge.png,"tf.Tensor(64.21, shape=(), dtype=float32)",63.261982,0.002501651644706726
/tmp/DataSetCombined/Edges/Round-9_0047290_edge.png,"tf.Tensor(3.61, shape=(), dtype=float32)",2.8246472,0.002501651644706726
/tmp/DataSetCombined/Edges/Round-10_0098669_edge.png,"tf.Tensor(5.41, shape=(), dtype=float32)",5.3005447,0.002501651644706726
/tmp/DataSetCombined/Edges/Round-10_0101258_edge.png,"tf.Tensor(8.54, shape=(), dtype=float32)",8.973371,0.002501651644706726
/tmp/DataSetCombined/Edges/Round-6_0022637_edge.png,"tf.Tensor(5.08, shape=(), dtype=float32)",4.546205,0.002966802567243576
/tmp/DataSetCombined/Edges/Round-9_0071039_edge.png,"tf.Tensor(48.97, shape=(), dtype=float32)",48.1591,0.002966802567243576
/tmp/DataSetCombined/Edges/Round-6_0002334_edge.png,"tf.Tensor(65.28, shape=(), dtype=float32)",64.03255,0.002966802567243576
/tmp/DataSetCombined/Edges/Round-5_0074022_edge.png,"tf.Tensor(9.54, shape=(), dtype=float32)",10.110696,0.002966802567243576
/tmp/DataSetCombined/Edges/Round-3_0029651_edge.png,"tf.Tensor(7.25, shape=(), dtype=float32)",7.4977503,0.002966802567243576
/tmp/DataSetCombined/Edges/Round-9_0134188_edge.png,"tf.Tensor(7.67, shape=(), dtype=float32)",8.198602,0.002966802567243576
/tmp/DataSetCombined/Edges/Round-4_0060263_edge.png,"tf.Tensor(63.67, shape=(), dtype=float32)",62.521862,0.002966802567243576
/tmp/DataSetCombined/Edges/Round-3_0064264_edge.png,"tf.Tensor(53.93, shape=(), dtype=float32)",52.251675,0.002966802567243576
/tmp/DataSetCombined/Edges/Round-1_0124677_edge.png,"tf.Tensor(56.21, shape=(), dtype=float32)",54.777615,0.002966802567243576
/tmp/DataSetCombined/Edges/Round-9_0165974_edge.png,"tf.Tensor(5.98, shape=(), dtype=float32)",5.6387544,0.002966802567243576
/tmp/DataSetCombined/Edges/Round-4_0003495_edge.png,"tf.Tensor(59.61, shape=(), dtype=float32)",60.00981,0.002966802567243576
/tmp/DataSetCombined/Edges/Round-5_0005786_edge.png,"tf.Tensor(6.76, shape=(), dtype=float32)",7.1050305,0.002966802567243576
/tmp/DataSetCombined/Edges/Round-4_0089279_edge.png,"tf.Tensor(2.99, shape=(), dtype=float32)",2.349863,0.002966802567243576
/tmp/DataSetCombined/Edges/Round-8_0042465_edge.png,"tf.Tensor(7.09, shape=(), dtype=float32)",7.507043,0.002966802567243576
/tmp/DataSetCombined/Edges/Round-9_0023692_edge.png,"tf.Tensor(3.58, shape=(), dtype=float32)",2.67197,0.002966802567243576
/tmp/DataSetCombined/Edges/Round-4_0056741_edge.png,"tf.Tensor(63.82, shape=(), dtype=float32)",62.297073,0.002966802567243576
/tmp/DataSetCombined/Edges/Round-7_0045936_edge.png,"tf.Tensor(65.01, shape=(), dtype=float32)",62.39503,0.002966802567243576
/tmp/DataSetCombined/Edges/Round-10_0046115_edge.png,"tf.Tensor(51.89, shape=(), dtype=float32)",49.51414,0.002966802567243576
/tmp/DataSetCombined/Edges/Round-7_0029923_edge.png,"tf.Tensor(64.51, shape=(), dtype=float32)",63.104237,0.002966802567243576
/tmp/DataSetCombined/Edges/Round-10_0088857_edge.png,"tf.Tensor(48.18, shape=(), dtype=float32)",49.058205,0.002966802567243576
/tmp/DataSetCombined/Edges/Round-8_0004239_edge.png,"tf.Tensor(57.94, shape=(), dtype=float32)",58.945858,0.002966802567243576
/tmp/DataSetCombined/Edges/Round-5_0011324_edge.png,"tf.Tensor(6.27, shape=(), dtype=float32)",6.0119405,0.002966802567243576
/tmp/DataSetCombined/Edges/Round-2_0074234_edge.png,"tf.Tensor(65.17, shape=(), dtype=float32)",63.954044,0.002966802567243576
/tmp/DataSetCombined/Edges/Round-8_0053181_edge.png,"tf.Tensor(9.32, shape=(), dtype=float32)",9.860952,0.002966802567243576
/tmp/DataSetCombined/Edges/Round-1_0014101_edge.png,"tf.Tensor(8.73, shape=(), dtype=float32)",9.184268,0.002966802567243576
/tmp/DataSetCombined/Edges/Round-9_0139184_edge.png,"tf.Tensor(65.27, shape=(), dtype=float32)",62.10913,0.002966802567243576
/tmp/DataSetCombined/Edges/Round-7_0023241_edge.png,"tf.Tensor(7.53, shape=(), dtype=float32)",7.9531894,0.002966802567243576
/tmp/DataSetCombined/Edges/Round-8_0073227_edge.png,"tf.Tensor(9.65, shape=(), dtype=float32)",10.296864,0.002966802567243576
/tmp/DataSetCombined/Edges/Round-8_0059453_edge.png,"tf.Tensor(5.21, shape=(), dtype=float32)",4.9504404,0.002966802567243576
/tmp/DataSetCombined/Edges/Round-6_0015895_edge.png,"tf.Tensor(63.79, shape=(), dtype=float32)",62.445126,0.002966802567243576
/tmp/DataSetCombined/Edges/Round-10_0133524_edge.png,"tf.Tensor(52.78, shape=(), dtype=float32)",54.4306,0.002966802567243576
/tmp/DataSetCombined/Edges/Round-1_0024934_edge.png,"tf.Tensor(40.67, shape=(), dtype=float32)",40.924244,0.002966802567243576
/tmp/DataSetCombined/Edges/Round-9_0139456_edge.png,"tf.Tensor(5.34, shape=(), dtype=float32)",5.066446,0.002966802567243576
/tmp/DataSetCombined/Edges/Round-7_0057735_edge.png,"tf.Tensor(42.44, shape=(), dtype=float32)",40.213135,0.002966802567243576
/tmp/DataSetCombined/Edges/Round-7_0126422_edge.png,"tf.Tensor(57.69, shape=(), dtype=float32)",58.10704,0.002966802567243576
/tmp/DataSetCombined/Edges/Round-5_0125191_edge.png,"tf.Tensor(14.19, shape=(), dtype=float32)",14.219144,0.002966802567243576
/tmp/DataSetCombined/Edges/Round-10_0153661_edge.png,"tf.Tensor(65.27, shape=(), dtype=float32)",62.093742,0.002966802567243576
/tmp/DataSetCombined/Edges/Round-9_0123202_edge.png,"tf.Tensor(6.13, shape=(), dtype=float32)",6.2170067,0.002966802567243576
/tmp/DataSetCombined/Edges/Round-6_0002758_edge.png,"tf.Tensor(50.06, shape=(), dtype=float32)",50.373993,0.002966802567243576
/tmp/DataSetCombined/Edges/Round-10_0009845_edge.png,"tf.Tensor(62.1, shape=(), dtype=float32)",62.590633,0.002966802567243576
/tmp/DataSetCombined/Edges/Round-9_0107971_edge.png,"tf.Tensor(3.68, shape=(), dtype=float32)",2.8500376,0.002966802567243576
/tmp/DataSetCombined/Edges/Round-9_0172625_edge.png,"tf.Tensor(18.59, shape=(), dtype=float32)",19.272688,0.002966802567243576
/tmp/DataSetCombined/Edges/Round-1_0116731_edge.png,"tf.Tensor(61.09, shape=(), dtype=float32)",60.490273,0.002966802567243576
/tmp/DataSetCombined/Edges/Round-1_0152037_edge.png,"tf.Tensor(24.13, shape=(), dtype=float32)",24.075888,0.002966802567243576
/tmp/DataSetCombined/Edges/Round-10_0101227_edge.png,"tf.Tensor(52.44, shape=(), dtype=float32)",48.193256,0.002966802567243576
/tmp/DataSetCombined/Edges/Round-1_0010534_edge.png,"tf.Tensor(3.0, shape=(), dtype=float32)",2.3525867,0.002966802567243576
/tmp/DataSetCombined/Edges/Round-8_0015165_edge.png,"tf.Tensor(3.45, shape=(), dtype=float32)",2.6576538,0.002966802567243576
/tmp/DataSetCombined/Edges/Round-4_0084974_edge.png,"tf.Tensor(8.3, shape=(), dtype=float32)",8.595523,0.002966802567243576
/tmp/DataSetCombined/Edges/Round-4_0083198_edge.png,"tf.Tensor(9.79, shape=(), dtype=float32)",10.355788,0.002966802567243576
/tmp/DataSetCombined/Edges/Round-1_0088738_edge.png,"tf.Tensor(3.5, shape=(), dtype=float32)",2.6609654,0.002966802567243576
/tmp/DataSetCombined/Edges/Round-10_0003546_edge.png,"tf.Tensor(6.9, shape=(), dtype=float32)",6.903503,0.002966802567243576
/tmp/DataSetCombined/Edges/Round-1_0121486_edge.png,"tf.Tensor(3.47, shape=(), dtype=float32)",2.6533182,0.002966802567243576
/tmp/DataSetCombined/Edges/Round-8_0043699_edge.png,"tf.Tensor(6.29, shape=(), dtype=float32)",6.122487,0.002966802567243576
/tmp/DataSetCombined/Edges/Round-5_0107884_edge.png,"tf.Tensor(3.83, shape=(), dtype=float32)",2.9167469,0.002966802567243576
/tmp/DataSetCombined/Edges/Round-1_0157605_edge.png,"tf.Tensor(30.82, shape=(), dtype=float32)",32.45034,0.002966802567243576
/tmp/DataSetCombined/Edges/Round-3_0076906_edge.png,"tf.Tensor(63.87, shape=(), dtype=float32)",63.66576,0.002966802567243576
/tmp/DataSetCombined/Edges/Round-3_0007667_edge.png,"tf.Tensor(8.05, shape=(), dtype=float32)",8.35797,0.002966802567243576
/tmp/DataSetCombined/Edges/Round-9_0140148_edge.png,"tf.Tensor(64.38, shape=(), dtype=float32)",62.19002,0.002966802567243576
/tmp/DataSetCombined/Edges/Round-8_0058039_edge.png,"tf.Tensor(48.29, shape=(), dtype=float32)",48.217106,0.002966802567243576
/tmp/DataSetCombined/Edges/Round-4_0015595_edge.png,"tf.Tensor(3.73, shape=(), dtype=float32)",2.8816433,0.002966802567243576
/tmp/DataSetCombined/Edges/Round-7_0091200_edge.png,"tf.Tensor(61.72, shape=(), dtype=float32)",58.686558,0.002966802567243576
/tmp/DataSetCombined/Edges/Round-10_0001061_edge.png,"tf.Tensor(3.87, shape=(), dtype=float32)",2.972796,0.002966802567243576
/tmp/DataSetCombined/Edges/Round-1_0117001_edge.png,"tf.Tensor(57.38, shape=(), dtype=float32)",57.44466,0.002966802567243576
/tmp/DataSetCombined/Edges/Round-1_0001167_edge.png,"tf.Tensor(57.66, shape=(), dtype=float32)",55.754528,0.002966802567243576
/tmp/DataSetCombined/Edges/Round-7_0122148_edge.png,"tf.Tensor(10.57, shape=(), dtype=float32)",11.141673,0.0030495859682559967
/tmp/DataSetCombined/Edges/Round-1_0121275_edge.png,"tf.Tensor(5.64, shape=(), dtype=float32)",5.430282,0.0030495859682559967
/tmp/DataSetCombined/Edges/Round-5_0049581_edge.png,"tf.Tensor(48.92, shape=(), dtype=float32)",48.38084,0.0030495859682559967
/tmp/DataSetCombined/Edges/Round-1_0087534_edge.png,"tf.Tensor(65.33, shape=(), dtype=float32)",63.947758,0.0030495859682559967
/tmp/DataSetCombined/Edges/Round-9_0071761_edge.png,"tf.Tensor(63.76, shape=(), dtype=float32)",62.74699,0.0030495859682559967
/tmp/DataSetCombined/Edges/Round-10_0116307_edge.png,"tf.Tensor(47.07, shape=(), dtype=float32)",48.800343,0.0030495859682559967
/tmp/DataSetCombined/Edges/Round-10_0030704_edge.png,"tf.Tensor(58.83, shape=(), dtype=float32)",59.70475,0.0030495859682559967
/tmp/DataSetCombined/Edges/Round-10_0058848_edge.png,"tf.Tensor(57.13, shape=(), dtype=float32)",54.435432,0.0030495859682559967
/tmp/DataSetCombined/Edges/Round-6_0101799_edge.png,"tf.Tensor(5.29, shape=(), dtype=float32)",4.800789,0.0030495859682559967
/tmp/DataSetCombined/Edges/Round-5_0019752_edge.png,"tf.Tensor(10.05, shape=(), dtype=float32)",10.506005,0.0030495859682559967
/tmp/DataSetCombined/Edges/Round-1_0059801_edge.png,"tf.Tensor(6.73, shape=(), dtype=float32)",6.6665406,0.0030495859682559967
/tmp/DataSetCombined/Edges/Round-2_0088629_edge.png,"tf.Tensor(2.38, shape=(), dtype=float32)",2.1551487,0.0030495859682559967
/tmp/DataSetCombined/Edges/Round-9_0074344_edge.png,"tf.Tensor(26.88, shape=(), dtype=float32)",28.132524,0.0030495859682559967
/tmp/DataSetCombined/Edges/Round-6_0050419_edge.png,"tf.Tensor(5.88, shape=(), dtype=float32)",5.8960047,0.0030495859682559967
/tmp/DataSetCombined/Edges/Round-8_0049746_edge.png,"tf.Tensor(5.41, shape=(), dtype=float32)",5.2416906,0.0030495859682559967
/tmp/DataSetCombined/Edges/Round-9_0084584_edge.png,"tf.Tensor(9.62, shape=(), dtype=float32)",10.246434,0.0030495859682559967
/tmp/DataSetCombined/Edges/Round-9_0108362_edge.png,"tf.Tensor(64.31, shape=(), dtype=float32)",62.909195,0.0030495859682559967
/tmp/DataSetCombined/Edges/Round-6_0122417_edge.png,"tf.Tensor(1.98, shape=(), dtype=float32)",2.0939267,0.0030495859682559967
/tmp/DataSetCombined/Edges/Round-1_0047267_edge.png,"tf.Tensor(3.56, shape=(), dtype=float32)",2.6513023,0.0030495859682559967
/tmp/DataSetCombined/Edges/Round-9_0054906_edge.png,"tf.Tensor(6.76, shape=(), dtype=float32)",6.6592236,0.0030495859682559967
/tmp/DataSetCombined/Edges/Round-7_0073990_edge.png,"tf.Tensor(3.85, shape=(), dtype=float32)",2.8988206,0.0030495859682559967
/tmp/DataSetCombined/Edges/Round-5_0038173_edge.png,"tf.Tensor(65.44, shape=(), dtype=float32)",63.99043,0.0030495859682559967
/tmp/DataSetCombined/Edges/Round-3_0014239_edge.png,"tf.Tensor(6.45, shape=(), dtype=float32)",6.4368453,0.0030495859682559967
/tmp/DataSetCombined/Edges/Round-9_0060354_edge.png,"tf.Tensor(62.76, shape=(), dtype=float32)",60.228428,0.0030495859682559967
/tmp/DataSetCombined/Edges/Round-8_0021395_edge.png,"tf.Tensor(18.61, shape=(), dtype=float32)",18.874598,0.0030495859682559967
/tmp/DataSetCombined/Edges/Round-5_0113332_edge.png,"tf.Tensor(55.07, shape=(), dtype=float32)",54.466164,0.0030495859682559967
/tmp/DataSetCombined/Edges/Round-10_0143337_edge.png,"tf.Tensor(30.11, shape=(), dtype=float32)",31.812212,0.0030495859682559967
/tmp/DataSetCombined/Edges/Round-10_0069171_edge.png,"tf.Tensor(6.46, shape=(), dtype=float32)",6.338398,0.0030495859682559967
/tmp/DataSetCombined/Edges/Round-10_0061255_edge.png,"tf.Tensor(45.9, shape=(), dtype=float32)",47.365818,0.0030495859682559967
/tmp/DataSetCombined/Edges/Round-8_0045035_edge.png,"tf.Tensor(61.09, shape=(), dtype=float32)",60.08372,0.0030495859682559967
/tmp/DataSetCombined/Edges/Round-7_0123758_edge.png,"tf.Tensor(8.09, shape=(), dtype=float32)",8.525744,0.0030495859682559967
/tmp/DataSetCombined/Edges/Round-2_0089773_edge.png,"tf.Tensor(3.34, shape=(), dtype=float32)",2.5307634,0.0030495859682559967
/tmp/DataSetCombined/Edges/Round-4_0040246_edge.png,"tf.Tensor(12.02, shape=(), dtype=float32)",12.156794,0.0030495859682559967
/tmp/DataSetCombined/Edges/Round-9_0033324_edge.png,"tf.Tensor(17.17, shape=(), dtype=float32)",17.596216,0.0030495859682559967
/tmp/DataSetCombined/Edges/Round-1_0028101_edge.png,"tf.Tensor(5.54, shape=(), dtype=float32)",5.3448,0.0030495859682559967
/tmp/DataSetCombined/Edges/Round-10_0174911_edge.png,"tf.Tensor(6.46, shape=(), dtype=float32)",6.597845,0.0030495859682559967
/tmp/DataSetCombined/Edges/Round-6_0090061_edge.png,"tf.Tensor(6.47, shape=(), dtype=float32)",6.216992,0.0030495859682559967
/tmp/DataSetCombined/Edges/Round-10_0021975_edge.png,"tf.Tensor(2.87, shape=(), dtype=float32)",2.3738554,0.0030495859682559967
/tmp/DataSetCombined/Edges/Round-1_0075343_edge.png,"tf.Tensor(3.91, shape=(), dtype=float32)",3.156844,0.0030495859682559967
/tmp/DataSetCombined/Edges/Round-1_0040134_edge.png,"tf.Tensor(11.92, shape=(), dtype=float32)",12.788826,0.0030495859682559967
/tmp/DataSetCombined/Edges/Round-10_0086811_edge.png,"tf.Tensor(57.25, shape=(), dtype=float32)",55.16444,0.0030495859682559967
/tmp/DataSetCombined/Edges/Round-8_0045848_edge.png,"tf.Tensor(63.81, shape=(), dtype=float32)",62.149467,0.0030495859682559967
/tmp/DataSetCombined/Edges/Round-2_0098652_edge.png,"tf.Tensor(65.41, shape=(), dtype=float32)",63.75919,0.0030495859682559967
/tmp/DataSetCombined/Edges/Round-10_0017912_edge.png,"tf.Tensor(3.39, shape=(), dtype=float32)",2.551735,0.0030495859682559967
/tmp/DataSetCombined/Edges/Round-10_0104810_edge.png,"tf.Tensor(58.45, shape=(), dtype=float32)",58.7588,0.0030495859682559967
/tmp/DataSetCombined/Edges/Round-5_0059483_edge.png,"tf.Tensor(2.78, shape=(), dtype=float32)",2.2549322,0.0030495859682559967
/tmp/DataSetCombined/Edges/Round-3_0025934_edge.png,"tf.Tensor(48.18, shape=(), dtype=float32)",47.281322,0.0030495859682559967
/tmp/DataSetCombined/Edges/Round-7_0059932_edge.png,"tf.Tensor(65.12, shape=(), dtype=float32)",62.61183,0.0030495859682559967
/tmp/DataSetCombined/Edges/Round-5_0051327_edge.png,"tf.Tensor(64.12, shape=(), dtype=float32)",63.107014,0.0030495859682559967
/tmp/DataSetCombined/Edges/Round-8_0057665_edge.png,"tf.Tensor(5.1, shape=(), dtype=float32)",4.6190457,0.0030495859682559967
/tmp/DataSetCombined/Edges/Round-7_0100356_edge.png,"tf.Tensor(5.66, shape=(), dtype=float32)",5.5501738,0.0030495859682559967
/tmp/DataSetCombined/Edges/Round-6_0078863_edge.png,"tf.Tensor(2.6, shape=(), dtype=float32)",2.2153811,0.0030495859682559967
/tmp/DataSetCombined/Edges/Round-5_0062102_edge.png,"tf.Tensor(3.32, shape=(), dtype=float32)",2.6227715,0.0030495859682559967
/tmp/DataSetCombined/Edges/Round-3_0078200_edge.png,"tf.Tensor(36.63, shape=(), dtype=float32)",38.7045,0.0030495859682559967
/tmp/DataSetCombined/Edges/Round-2_0082301_edge.png,"tf.Tensor(3.13, shape=(), dtype=float32)",2.3954237,0.0030495859682559967
/tmp/DataSetCombined/Edges/Round-9_0076999_edge.png,"tf.Tensor(5.61, shape=(), dtype=float32)",5.4757004,0.0030495859682559967
/tmp/DataSetCombined/Edges/Round-3_0056047_edge.png,"tf.Tensor(41.57, shape=(), dtype=float32)",42.02291,0.0030495859682559967
/tmp/DataSetCombined/Edges/Round-4_0037537_edge.png,"tf.Tensor(25.85, shape=(), dtype=float32)",26.598185,0.0030495859682559967
/tmp/DataSetCombined/Edges/Round-1_0029167_edge.png,"tf.Tensor(63.25, shape=(), dtype=float32)",62.49167,0.0030495859682559967
/tmp/DataSetCombined/Edges/Round-10_0061586_edge.png,"tf.Tensor(53.94, shape=(), dtype=float32)",52.08381,0.0030495859682559967
/tmp/DataSetCombined/Edges/Round-1_0108513_edge.png,"tf.Tensor(3.08, shape=(), dtype=float32)",2.409325,0.0030495859682559967
/tmp/DataSetCombined/Edges/Round-2_0074667_edge.png,"tf.Tensor(6.25, shape=(), dtype=float32)",6.417516,0.0030495859682559967
/tmp/DataSetCombined/Edges/Round-7_0116911_edge.png,"tf.Tensor(29.0, shape=(), dtype=float32)",30.349104,0.0030495859682559967
/tmp/DataSetCombined/Edges/Round-4_0044671_edge.png,"tf.Tensor(2.99, shape=(), dtype=float32)",2.3523595,0.0030495859682559967
/tmp/DataSetCombined/Edges/Round-8_0024827_edge.png,"tf.Tensor(26.78, shape=(), dtype=float32)",28.600378,0.0026719793677330017
/tmp/DataSetCombined/Edges/Round-2_0085134_edge.png,"tf.Tensor(47.09, shape=(), dtype=float32)",46.430965,0.0026719793677330017
/tmp/DataSetCombined/Edges/Round-10_0132953_edge.png,"tf.Tensor(5.19, shape=(), dtype=float32)",4.935492,0.0026719793677330017
/tmp/DataSetCombined/Edges/Round-9_0006746_edge.png,"tf.Tensor(6.11, shape=(), dtype=float32)",5.8307934,0.0026719793677330017
/tmp/DataSetCombined/Edges/Round-9_0103938_edge.png,"tf.Tensor(41.07, shape=(), dtype=float32)",40.390545,0.0026719793677330017
/tmp/DataSetCombined/Edges/Round-5_0007411_edge.png,"tf.Tensor(10.08, shape=(), dtype=float32)",10.371043,0.0026719793677330017
/tmp/DataSetCombined/Edges/Round-10_0022969_edge.png,"tf.Tensor(64.16, shape=(), dtype=float32)",63.381306,0.0026719793677330017
/tmp/DataSetCombined/Edges/Round-10_0024835_edge.png,"tf.Tensor(21.43, shape=(), dtype=float32)",21.751951,0.0026719793677330017
/tmp/DataSetCombined/Edges/Round-9_0178103_edge.png,"tf.Tensor(8.55, shape=(), dtype=float32)",8.871869,0.0026719793677330017
/tmp/DataSetCombined/Edges/Round-8_0047203_edge.png,"tf.Tensor(9.38, shape=(), dtype=float32)",9.940734,0.0026719793677330017
/tmp/DataSetCombined/Edges/Round-7_0133519_edge.png,"tf.Tensor(55.76, shape=(), dtype=float32)",54.25845,0.0026719793677330017
/tmp/DataSetCombined/Edges/Round-3_0087772_edge.png,"tf.Tensor(5.23, shape=(), dtype=float32)",5.05015,0.0026719793677330017
/tmp/DataSetCombined/Edges/Round-1_0122389_edge.png,"tf.Tensor(63.56, shape=(), dtype=float32)",63.12595,0.0026719793677330017
/tmp/DataSetCombined/Edges/Round-9_0051022_edge.png,"tf.Tensor(7.08, shape=(), dtype=float32)",7.3301935,0.0026719793677330017
/tmp/DataSetCombined/Edges/Round-9_0128130_edge.png,"tf.Tensor(61.83, shape=(), dtype=float32)",61.93762,0.0026719793677330017
/tmp/DataSetCombined/Edges/Round-7_0011080_edge.png,"tf.Tensor(30.35, shape=(), dtype=float32)",31.997396,0.0026719793677330017
/tmp/DataSetCombined/Edges/Round-5_0081366_edge.png,"tf.Tensor(4.74, shape=(), dtype=float32)",3.7951725,0.0026719793677330017
/tmp/DataSetCombined/Edges/Round-10_0097826_edge.png,"tf.Tensor(65.43, shape=(), dtype=float32)",63.933094,0.0026719793677330017
/tmp/DataSetCombined/Edges/Round-6_0041931_edge.png,"tf.Tensor(65.07, shape=(), dtype=float32)",62.909794,0.0026719793677330017
/tmp/DataSetCombined/Edges/Round-1_0027334_edge.png,"tf.Tensor(4.96, shape=(), dtype=float32)",4.416646,0.0026719793677330017
/tmp/DataSetCombined/Edges/Round-3_0011771_edge.png,"tf.Tensor(13.92, shape=(), dtype=float32)",14.155217,0.0026719793677330017
/tmp/DataSetCombined/Edges/Round-10_0135571_edge.png,"tf.Tensor(41.71, shape=(), dtype=float32)",42.54583,0.0026719793677330017
/tmp/DataSetCombined/Edges/Round-8_0063847_edge.png,"tf.Tensor(17.84, shape=(), dtype=float32)",18.403746,0.0026719793677330017
/tmp/DataSetCombined/Edges/Round-8_0033473_edge.png,"tf.Tensor(3.26, shape=(), dtype=float32)",2.4659476,0.0026719793677330017
/tmp/DataSetCombined/Edges/Round-9_0065711_edge.png,"tf.Tensor(8.3, shape=(), dtype=float32)",8.596472,0.0026719793677330017
/tmp/DataSetCombined/Edges/Round-5_0123596_edge.png,"tf.Tensor(4.06, shape=(), dtype=float32)",3.2996218,0.0026719793677330017
/tmp/DataSetCombined/Edges/Round-10_0149929_edge.png,"tf.Tensor(65.01, shape=(), dtype=float32)",63.17078,0.0026719793677330017
/tmp/DataSetCombined/Edges/Round-10_0131177_edge.png,"tf.Tensor(64.85, shape=(), dtype=float32)",62.930058,0.0026719793677330017
/tmp/DataSetCombined/Edges/Round-9_0146679_edge.png,"tf.Tensor(4.36, shape=(), dtype=float32)",3.582542,0.0026719793677330017
/tmp/DataSetCombined/Edges/Round-2_0058679_edge.png,"tf.Tensor(8.43, shape=(), dtype=float32)",8.854173,0.0026719793677330017
/tmp/DataSetCombined/Edges/Round-1_0149840_edge.png,"tf.Tensor(57.81, shape=(), dtype=float32)",57.105366,0.0026719793677330017
/tmp/DataSetCombined/Edges/Round-5_0045999_edge.png,"tf.Tensor(5.15, shape=(), dtype=float32)",4.623127,0.0026719793677330017
/tmp/DataSetCombined/Edges/Round-7_0111041_edge.png,"tf.Tensor(64.96, shape=(), dtype=float32)",62.968456,0.0026719793677330017
/tmp/DataSetCombined/Edges/Round-6_0100384_edge.png,"tf.Tensor(62.82, shape=(), dtype=float32)",59.88201,0.0026719793677330017
/tmp/DataSetCombined/Edges/Round-10_0124917_edge.png,"tf.Tensor(3.1, shape=(), dtype=float32)",2.374137,0.0026719793677330017
/tmp/DataSetCombined/Edges/Round-2_0030400_edge.png,"tf.Tensor(6.2, shape=(), dtype=float32)",6.0832615,0.0026719793677330017
/tmp/DataSetCombined/Edges/Round-3_0028747_edge.png,"tf.Tensor(6.24, shape=(), dtype=float32)",6.410062,0.0026719793677330017
/tmp/DataSetCombined/Edges/Round-10_0151946_edge.png,"tf.Tensor(5.36, shape=(), dtype=float32)",4.775204,0.0026719793677330017
/tmp/DataSetCombined/Edges/Round-7_0108603_edge.png,"tf.Tensor(65.22, shape=(), dtype=float32)",64.01904,0.0026719793677330017
/tmp/DataSetCombined/Edges/Round-7_0034829_edge.png,"tf.Tensor(7.3, shape=(), dtype=float32)",7.6031003,0.0026719793677330017
/tmp/DataSetCombined/Edges/Round-10_0179908_edge.png,"tf.Tensor(7.2, shape=(), dtype=float32)",7.2423306,0.0026719793677330017
/tmp/DataSetCombined/Edges/Round-7_0066614_edge.png,"tf.Tensor(3.68, shape=(), dtype=float32)",2.86332,0.0026719793677330017
/tmp/DataSetCombined/Edges/Round-2_0093656_edge.png,"tf.Tensor(6.28, shape=(), dtype=float32)",6.0653286,0.0026719793677330017
/tmp/DataSetCombined/Edges/Round-10_0069382_edge.png,"tf.Tensor(2.8, shape=(), dtype=float32)",2.2545302,0.0026719793677330017
/tmp/DataSetCombined/Edges/Round-1_0071700_edge.png,"tf.Tensor(4.02, shape=(), dtype=float32)",3.0657206,0.0026719793677330017
/tmp/DataSetCombined/Edges/Round-1_0009100_edge.png,"tf.Tensor(63.91, shape=(), dtype=float32)",63.32375,0.0026719793677330017
/tmp/DataSetCombined/Edges/Round-7_0036837_edge.png,"tf.Tensor(6.01, shape=(), dtype=float32)",5.96992,0.0026719793677330017
/tmp/DataSetCombined/Edges/Round-6_0039751_edge.png,"tf.Tensor(3.06, shape=(), dtype=float32)",2.3554418,0.0026719793677330017
/tmp/DataSetCombined/Edges/Round-1_0008034_edge.png,"tf.Tensor(8.74, shape=(), dtype=float32)",9.17347,0.0026719793677330017
/tmp/DataSetCombined/Edges/Round-3_0064415_edge.png,"tf.Tensor(7.25, shape=(), dtype=float32)",7.2067275,0.0026719793677330017
/tmp/DataSetCombined/Edges/Round-6_0035429_edge.png,"tf.Tensor(7.43, shape=(), dtype=float32)",7.774001,0.0026719793677330017
/tmp/DataSetCombined/Edges/Round-5_0025952_edge.png,"tf.Tensor(29.96, shape=(), dtype=float32)",31.488369,0.0026719793677330017
/tmp/DataSetCombined/Edges/Round-10_0175972_edge.png,"tf.Tensor(3.34, shape=(), dtype=float32)",2.5608878,0.0026719793677330017
/tmp/DataSetCombined/Edges/Round-9_0026702_edge.png,"tf.Tensor(56.22, shape=(), dtype=float32)",54.428402,0.0026719793677330017
/tmp/DataSetCombined/Edges/Round-1_0154776_edge.png,"tf.Tensor(65.13, shape=(), dtype=float32)",62.664692,0.0026719793677330017
/tmp/DataSetCombined/Edges/Round-10_0051383_edge.png,"tf.Tensor(6.87, shape=(), dtype=float32)",7.081182,0.0026719793677330017
/tmp/DataSetCombined/Edges/Round-9_0179518_edge.png,"tf.Tensor(5.48, shape=(), dtype=float32)",5.0206285,0.0026719793677330017
/tmp/DataSetCombined/Edges/Round-10_0112726_edge.png,"tf.Tensor(64.2, shape=(), dtype=float32)",62.586273,0.0026719793677330017
/tmp/DataSetCombined/Edges/Round-1_0029934_edge.png,"tf.Tensor(65.36, shape=(), dtype=float32)",63.76189,0.0026719793677330017
/tmp/DataSetCombined/Edges/Round-10_0024775_edge.png,"tf.Tensor(7.42, shape=(), dtype=float32)",7.6235223,0.0026719793677330017
/tmp/DataSetCombined/Edges/Round-9_0197409_edge.png,"tf.Tensor(4.01, shape=(), dtype=float32)",3.214149,0.0026719793677330017
/tmp/DataSetCombined/Edges/Round-4_0061707_edge.png,"tf.Tensor(7.55, shape=(), dtype=float32)",7.955364,0.0026719793677330017
/tmp/DataSetCombined/Edges/Round-3_0070796_edge.png,"tf.Tensor(64.84, shape=(), dtype=float32)",63.293964,0.0026719793677330017
/tmp/DataSetCombined/Edges/Round-9_0171240_edge.png,"tf.Tensor(49.97, shape=(), dtype=float32)",49.17418,0.0026719793677330017
/tmp/DataSetCombined/Edges/Round-10_0128588_edge.png,"tf.Tensor(65.09, shape=(), dtype=float32)",64.344345,0.0027688927948474884
/tmp/DataSetCombined/Edges/Round-7_0019689_edge.png,"tf.Tensor(65.13, shape=(), dtype=float32)",62.15234,0.0027688927948474884
/tmp/DataSetCombined/Edges/Round-9_0118205_edge.png,"tf.Tensor(5.22, shape=(), dtype=float32)",4.68258,0.0027688927948474884
/tmp/DataSetCombined/Edges/Round-8_0057454_edge.png,"tf.Tensor(48.38, shape=(), dtype=float32)",48.319317,0.0027688927948474884
/tmp/DataSetCombined/Edges/Round-7_0052076_edge.png,"tf.Tensor(56.04, shape=(), dtype=float32)",53.562195,0.0027688927948474884
/tmp/DataSetCombined/Edges/Round-2_0091941_edge.png,"tf.Tensor(9.56, shape=(), dtype=float32)",10.12197,0.0027688927948474884
/tmp/DataSetCombined/Edges/Round-7_0063303_edge.png,"tf.Tensor(63.99, shape=(), dtype=float32)",62.73143,0.0027688927948474884
/tmp/DataSetCombined/Edges/Round-2_0030200_edge.png,"tf.Tensor(12.36, shape=(), dtype=float32)",12.970572,0.0027688927948474884
/tmp/DataSetCombined/Edges/Round-10_0091084_edge.png,"tf.Tensor(5.46, shape=(), dtype=float32)",5.296403,0.0027688927948474884
/tmp/DataSetCombined/Edges/Round-9_0110258_edge.png,"tf.Tensor(64.23, shape=(), dtype=float32)",63.28883,0.0027688927948474884
/tmp/DataSetCombined/Edges/Round-10_0167447_edge.png,"tf.Tensor(8.86, shape=(), dtype=float32)",9.406449,0.0027688927948474884
/tmp/DataSetCombined/Edges/Round-5_0015057_edge.png,"tf.Tensor(19.02, shape=(), dtype=float32)",19.606169,0.0027688927948474884
/tmp/DataSetCombined/Edges/Round-4_0049156_edge.png,"tf.Tensor(16.98, shape=(), dtype=float32)",17.366419,0.0027688927948474884
/tmp/DataSetCombined/Edges/Round-8_0072607_edge.png,"tf.Tensor(65.22, shape=(), dtype=float32)",64.328636,0.0027688927948474884
/tmp/DataSetCombined/Edges/Round-1_0069334_edge.png,"tf.Tensor(2.98, shape=(), dtype=float32)",2.320889,0.0027688927948474884
/tmp/DataSetCombined/Edges/Round-7_0021916_edge.png,"tf.Tensor(64.39, shape=(), dtype=float32)",63.20396,0.0027688927948474884
/tmp/DataSetCombined/Edges/Round-6_0066071_edge.png,"tf.Tensor(63.93, shape=(), dtype=float32)",62.50491,0.0027688927948474884
/tmp/DataSetCombined/Edges/Round-1_0060634_edge.png,"tf.Tensor(4.32, shape=(), dtype=float32)",3.5153668,0.0027688927948474884
/tmp/DataSetCombined/Edges/Round-9_0069684_edge.png,"tf.Tensor(63.89, shape=(), dtype=float32)",62.348507,0.0027688927948474884
/tmp/DataSetCombined/Edges/Round-9_0029230_edge.png,"tf.Tensor(8.36, shape=(), dtype=float32)",8.736329,0.0027688927948474884
/tmp/DataSetCombined/Edges/Round-3_0021101_edge.png,"tf.Tensor(3.64, shape=(), dtype=float32)",2.680589,0.0027688927948474884
/tmp/DataSetCombined/Edges/Round-5_0072005_edge.png,"tf.Tensor(49.5, shape=(), dtype=float32)",51.141182,0.0027688927948474884
/tmp/DataSetCombined/Edges/Round-8_0036234_edge.png,"tf.Tensor(7.72, shape=(), dtype=float32)",7.890596,0.0027688927948474884
/tmp/DataSetCombined/Edges/Round-4_0089249_edge.png,"tf.Tensor(64.22, shape=(), dtype=float32)",62.430073,0.0027688927948474884
/tmp/DataSetCombined/Edges/Round-10_0165069_edge.png,"tf.Tensor(5.72, shape=(), dtype=float32)",5.70503,0.0027688927948474884
/tmp/DataSetCombined/Edges/Round-10_0116247_edge.png,"tf.Tensor(2.82, shape=(), dtype=float32)",2.2651212,0.0027688927948474884
/tmp/DataSetCombined/Edges/Round-1_0059634_edge.png,"tf.Tensor(65.43, shape=(), dtype=float32)",63.92095,0.0027688927948474884
/tmp/DataSetCombined/Edges/Round-8_0028770_edge.png,"tf.Tensor(60.29, shape=(), dtype=float32)",58.981426,0.0027688927948474884
/tmp/DataSetCombined/Edges/Round-7_0032933_edge.png,"tf.Tensor(60.67, shape=(), dtype=float32)",59.227848,0.0027688927948474884
/tmp/DataSetCombined/Edges/Round-10_0047078_edge.png,"tf.Tensor(64.91, shape=(), dtype=float32)",62.758022,0.0027688927948474884
/tmp/DataSetCombined/Edges/Round-5_0116041_edge.png,"tf.Tensor(64.22, shape=(), dtype=float32)",63.11346,0.0027688927948474884
/tmp/DataSetCombined/Edges/Round-10_0007678_edge.png,"tf.Tensor(54.56, shape=(), dtype=float32)",55.861652,0.0027688927948474884
/tmp/DataSetCombined/Edges/Round-8_0045385_edge.png,"tf.Tensor(63.93, shape=(), dtype=float32)",62.347336,0.0027688927948474884
/tmp/DataSetCombined/Edges/Round-10_0057794_edge.png,"tf.Tensor(6.63, shape=(), dtype=float32)",6.509213,0.0027688927948474884
/tmp/DataSetCombined/Edges/Round-5_0060357_edge.png,"tf.Tensor(58.61, shape=(), dtype=float32)",57.44228,0.0027688927948474884
/tmp/DataSetCombined/Edges/Round-5_0027427_edge.png,"tf.Tensor(7.14, shape=(), dtype=float32)",7.5037594,0.0027688927948474884
/tmp/DataSetCombined/Edges/Round-8_0018849_edge.png,"tf.Tensor(27.5, shape=(), dtype=float32)",28.139097,0.0027688927948474884
/tmp/DataSetCombined/Edges/Round-9_0081002_edge.png,"tf.Tensor(65.44, shape=(), dtype=float32)",62.793194,0.0027688927948474884
/tmp/DataSetCombined/Edges/Round-4_0047621_edge.png,"tf.Tensor(2.0, shape=(), dtype=float32)",2.0946074,0.0027688927948474884
/tmp/DataSetCombined/Edges/Round-7_0001298_edge.png,"tf.Tensor(32.02, shape=(), dtype=float32)",33.518826,0.0027688927948474884
/tmp/DataSetCombined/Edges/Round-9_0090634_edge.png,"tf.Tensor(7.94, shape=(), dtype=float32)",8.354849,0.0027688927948474884
/tmp/DataSetCombined/Edges/Round-5_0083593_edge.png,"tf.Tensor(20.01, shape=(), dtype=float32)",20.304487,0.0027688927948474884
/tmp/DataSetCombined/Edges/Round-6_0003614_edge.png,"tf.Tensor(6.76, shape=(), dtype=float32)",7.1085596,0.0027688927948474884
/tmp/DataSetCombined/Edges/Round-5_0066617_edge.png,"tf.Tensor(4.97, shape=(), dtype=float32)",4.4678526,0.0027688927948474884
/tmp/DataSetCombined/Edges/Round-1_0076878_edge.png,"tf.Tensor(3.79, shape=(), dtype=float32)",2.9651573,0.0027688927948474884
/tmp/DataSetCombined/Edges/Round-9_0022428_edge.png,"tf.Tensor(3.25, shape=(), dtype=float32)",2.462167,0.0027688927948474884
/tmp/DataSetCombined/Edges/Round-6_0004819_edge.png,"tf.Tensor(27.9, shape=(), dtype=float32)",28.392258,0.0027688927948474884
/tmp/DataSetCombined/Edges/Round-2_0062954_edge.png,"tf.Tensor(9.9, shape=(), dtype=float32)",10.434678,0.0027688927948474884
/tmp/DataSetCombined/Edges/Round-5_0055540_edge.png,"tf.Tensor(3.35, shape=(), dtype=float32)",2.5344334,0.0027688927948474884
/tmp/DataSetCombined/Edges/Round-6_0116156_edge.png,"tf.Tensor(8.86, shape=(), dtype=float32)",9.245589,0.0027688927948474884
/tmp/DataSetCombined/Edges/Round-6_0017189_edge.png,"tf.Tensor(59.02, shape=(), dtype=float32)",58.93281,0.0027688927948474884
/tmp/DataSetCombined/Edges/Round-6_0037566_edge.png,"tf.Tensor(6.44, shape=(), dtype=float32)",6.457466,0.0027688927948474884
/tmp/DataSetCombined/Edges/Round-10_0124705_edge.png,"tf.Tensor(46.06, shape=(), dtype=float32)",45.582836,0.0027688927948474884
/tmp/DataSetCombined/Edges/Round-8_0004630_edge.png,"tf.Tensor(13.58, shape=(), dtype=float32)",14.065232,0.0027688927948474884
/tmp/DataSetCombined/Edges/Round-5_0066707_edge.png,"tf.Tensor(63.38, shape=(), dtype=float32)",62.705708,0.0027688927948474884
/tmp/DataSetCombined/Edges/Round-1_0025200_edge.png,"tf.Tensor(3.29, shape=(), dtype=float32)",2.4840348,0.0027688927948474884
/tmp/DataSetCombined/Edges/Round-10_0034467_edge.png,"tf.Tensor(64.65, shape=(), dtype=float32)",62.562546,0.0027688927948474884
/tmp/DataSetCombined/Edges/Round-5_0084286_edge.png,"tf.Tensor(4.79, shape=(), dtype=float32)",3.8386226,0.0027688927948474884
/tmp/DataSetCombined/Edges/Round-9_0176869_edge.png,"tf.Tensor(3.36, shape=(), dtype=float32)",2.5541508,0.0027688927948474884
/tmp/DataSetCombined/Edges/Round-10_0049035_edge.png,"tf.Tensor(12.47, shape=(), dtype=float32)",13.299066,0.0027688927948474884
/tmp/DataSetCombined/Edges/Round-8_0086862_edge.png,"tf.Tensor(64.68, shape=(), dtype=float32)",63.35291,0.0027688927948474884
/tmp/DataSetCombined/Edges/Round-9_0137259_edge.png,"tf.Tensor(32.59, shape=(), dtype=float32)",34.067833,0.0027688927948474884
/tmp/DataSetCombined/Edges/Round-8_0020987_edge.png,"tf.Tensor(63.87, shape=(), dtype=float32)",63.42056,0.0027688927948474884
/tmp/DataSetCombined/Edges/Round-1_0124195_edge.png,"tf.Tensor(2.68, shape=(), dtype=float32)",2.251286,0.0027688927948474884
/tmp/DataSetCombined/Edges/Round-9_0155288_edge.png,"tf.Tensor(22.69, shape=(), dtype=float32)",22.017773,0.0026775002479553223
/tmp/DataSetCombined/Edges/Round-5_0087777_edge.png,"tf.Tensor(41.3, shape=(), dtype=float32)",41.579983,0.0026775002479553223
/tmp/DataSetCombined/Edges/Round-7_0121426_edge.png,"tf.Tensor(5.19, shape=(), dtype=float32)",4.539309,0.0026775002479553223
/tmp/DataSetCombined/Edges/Round-1_0077601_edge.png,"tf.Tensor(59.58, shape=(), dtype=float32)",59.545254,0.0026775002479553223
/tmp/DataSetCombined/Edges/Round-7_0059511_edge.png,"tf.Tensor(65.21, shape=(), dtype=float32)",62.25607,0.0026775002479553223
/tmp/DataSetCombined/Edges/Round-10_0126993_edge.png,"tf.Tensor(56.74, shape=(), dtype=float32)",56.356808,0.0026775002479553223
/tmp/DataSetCombined/Edges/Round-1_0137323_edge.png,"tf.Tensor(6.52, shape=(), dtype=float32)",6.30492,0.0026775002479553223
/tmp/DataSetCombined/Edges/Round-9_0071912_edge.png,"tf.Tensor(3.22, shape=(), dtype=float32)",2.4579015,0.0026775002479553223
/tmp/DataSetCombined/Edges/Round-7_0034167_edge.png,"tf.Tensor(58.61, shape=(), dtype=float32)",59.822727,0.0026775002479553223
/tmp/DataSetCombined/Edges/Round-7_0076001_edge.png,"tf.Tensor(10.83, shape=(), dtype=float32)",11.477706,0.0026775002479553223
/tmp/DataSetCombined/Edges/Round-3_0086327_edge.png,"tf.Tensor(9.04, shape=(), dtype=float32)",9.69513,0.0026775002479553223
/tmp/DataSetCombined/Edges/Round-10_0026527_edge.png,"tf.Tensor(10.57, shape=(), dtype=float32)",10.859213,0.0026775002479553223
/tmp/DataSetCombined/Edges/Round-10_0099512_edge.png,"tf.Tensor(22.18, shape=(), dtype=float32)",22.02374,0.0026775002479553223
/tmp/DataSetCombined/Edges/Round-7_0070226_edge.png,"tf.Tensor(6.0, shape=(), dtype=float32)",6.1052256,0.0026775002479553223
/tmp/DataSetCombined/Edges/Round-9_0122750_edge.png,"tf.Tensor(7.29, shape=(), dtype=float32)",7.6043577,0.0026775002479553223
/tmp/DataSetCombined/Edges/Round-7_0098008_edge.png,"tf.Tensor(63.37, shape=(), dtype=float32)",62.772102,0.0026775002479553223
/tmp/DataSetCombined/Edges/Round-7_0010329_edge.png,"tf.Tensor(43.71, shape=(), dtype=float32)",42.84015,0.0026775002479553223
/tmp/DataSetCombined/Edges/Round-1_0083864_edge.png,"tf.Tensor(5.36, shape=(), dtype=float32)",5.2090855,0.0026775002479553223
/tmp/DataSetCombined/Edges/Round-5_0061801_edge.png,"tf.Tensor(7.03, shape=(), dtype=float32)",7.348077,0.0026775002479553223
/tmp/DataSetCombined/Edges/Round-1_0165707_edge.png,"tf.Tensor(52.07, shape=(), dtype=float32)",50.890926,0.0026775002479553223
/tmp/DataSetCombined/Edges/Round-7_0112907_edge.png,"tf.Tensor(38.11, shape=(), dtype=float32)",38.461338,0.0026775002479553223
/tmp/DataSetCombined/Edges/Round-9_0018335_edge.png,"tf.Tensor(10.73, shape=(), dtype=float32)",11.232738,0.0026775002479553223
/tmp/DataSetCombined/Edges/Round-10_0122448_edge.png,"tf.Tensor(4.13, shape=(), dtype=float32)",3.3460076,0.0026775002479553223
/tmp/DataSetCombined/Edges/Round-9_0183551_edge.png,"tf.Tensor(3.45, shape=(), dtype=float32)",2.6120894,0.0026775002479553223
/tmp/DataSetCombined/Edges/Round-6_0088706_edge.png,"tf.Tensor(38.68, shape=(), dtype=float32)",38.73689,0.0026775002479553223
/tmp/DataSetCombined/Edges/Round-8_0030226_edge.png,"tf.Tensor(29.48, shape=(), dtype=float32)",30.864048,0.0026775002479553223
/tmp/DataSetCombined/Edges/Round-9_0098911_edge.png,"tf.Tensor(14.04, shape=(), dtype=float32)",14.498921,0.0026775002479553223
/tmp/DataSetCombined/Edges/Round-1_0043500_edge.png,"tf.Tensor(4.09, shape=(), dtype=float32)",3.2419333,0.0026775002479553223
/tmp/DataSetCombined/Edges/Round-10_0081873_edge.png,"tf.Tensor(63.92, shape=(), dtype=float32)",62.052315,0.0026775002479553223
/tmp/DataSetCombined/Edges/Round-10_0193001_edge.png,"tf.Tensor(64.91, shape=(), dtype=float32)",62.458904,0.0026775002479553223
/tmp/DataSetCombined/Edges/Round-7_0056170_edge.png,"tf.Tensor(6.06, shape=(), dtype=float32)",6.2142453,0.0026775002479553223
/tmp/DataSetCombined/Edges/Round-1_0034691_edge.png,"tf.Tensor(54.2, shape=(), dtype=float32)",51.711857,0.0026775002479553223
/tmp/DataSetCombined/Edges/Round-10_0038741_edge.png,"tf.Tensor(5.18, shape=(), dtype=float32)",4.603679,0.0026775002479553223
/tmp/DataSetCombined/Edges/Round-10_0042022_edge.png,"tf.Tensor(28.0, shape=(), dtype=float32)",28.663237,0.0026775002479553223
/tmp/DataSetCombined/Edges/Round-2_0085498_edge.png,"tf.Tensor(65.21, shape=(), dtype=float32)",63.71477,0.0026775002479553223
/tmp/DataSetCombined/Edges/Round-7_0061226_edge.png,"tf.Tensor(3.47, shape=(), dtype=float32)",2.671011,0.0026775002479553223
/tmp/DataSetCombined/Edges/Round-7_0080340_edge.png,"tf.Tensor(63.88, shape=(), dtype=float32)",63.52005,0.0026775002479553223
/tmp/DataSetCombined/Edges/Round-1_0049300_edge.png,"tf.Tensor(23.95, shape=(), dtype=float32)",24.310938,0.0026775002479553223
/tmp/DataSetCombined/Edges/Round-8_0042525_edge.png,"tf.Tensor(63.82, shape=(), dtype=float32)",62.26769,0.0026775002479553223
/tmp/DataSetCombined/Edges/Round-6_0004126_edge.png,"tf.Tensor(59.48, shape=(), dtype=float32)",59.676,0.0026775002479553223
/tmp/DataSetCombined/Edges/Round-10_0135180_edge.png,"tf.Tensor(4.86, shape=(), dtype=float32)",4.1713657,0.0026775002479553223
/tmp/DataSetCombined/Edges/Round-7_0068601_edge.png,"tf.Tensor(58.49, shape=(), dtype=float32)",57.925762,0.0026775002479553223
/tmp/DataSetCombined/Edges/Round-6_0006213_edge.png,"tf.Tensor(7.36, shape=(), dtype=float32)",7.7747126,0.0026775002479553223
/tmp/DataSetCombined/Edges/Round-9_0044864_edge.png,"tf.Tensor(65.08, shape=(), dtype=float32)",62.63902,0.0026775002479553223
/tmp/DataSetCombined/Edges/Round-4_0073356_edge.png,"tf.Tensor(65.34, shape=(), dtype=float32)",63.197678,0.0026775002479553223
/tmp/DataSetCombined/Edges/Round-10_0048192_edge.png,"tf.Tensor(3.7, shape=(), dtype=float32)",2.8336198,0.0026775002479553223
/tmp/DataSetCombined/Edges/Round-6_0020681_edge.png,"tf.Tensor(4.11, shape=(), dtype=float32)",3.1953752,0.0026775002479553223
/tmp/DataSetCombined/Edges/Round-10_0034617_edge.png,"tf.Tensor(8.16, shape=(), dtype=float32)",8.237969,0.0026775002479553223
/tmp/DataSetCombined/Edges/Round-6_0012193_edge.png,"tf.Tensor(3.31, shape=(), dtype=float32)",2.5064876,0.0026775002479553223
/tmp/DataSetCombined/Edges/Round-7_0037989_edge.png,"tf.Tensor(6.46, shape=(), dtype=float32)",6.6700087,0.0026775002479553223
/tmp/DataSetCombined/Edges/Round-8_0045716_edge.png,"tf.Tensor(3.29, shape=(), dtype=float32)",2.5310676,0.0026775002479553223
/tmp/DataSetCombined/Edges/Round-6_0015955_edge.png,"tf.Tensor(15.43, shape=(), dtype=float32)",15.267922,0.0026775002479553223
/tmp/DataSetCombined/Edges/Round-9_0101499_edge.png,"tf.Tensor(7.01, shape=(), dtype=float32)",6.9305716,0.0026775002479553223
/tmp/DataSetCombined/Edges/Round-3_0034534_edge.png,"tf.Tensor(65.4, shape=(), dtype=float32)",63.766384,0.0026775002479553223
/tmp/DataSetCombined/Edges/Round-5_0000940_edge.png,"tf.Tensor(64.16, shape=(), dtype=float32)",62.932293,0.0026775002479553223
/tmp/DataSetCombined/Edges/Round-3_0040787_edge.png,"tf.Tensor(7.45, shape=(), dtype=float32)",7.8285646,0.0026775002479553223
/tmp/DataSetCombined/Edges/Round-5_0081637_edge.png,"tf.Tensor(64.62, shape=(), dtype=float32)",63.026535,0.0026775002479553223
/tmp/DataSetCombined/Edges/Round-10_0068479_edge.png,"tf.Tensor(10.91, shape=(), dtype=float32)",11.340002,0.0026775002479553223
/tmp/DataSetCombined/Edges/Round-7_0018124_edge.png,"tf.Tensor(64.85, shape=(), dtype=float32)",63.131077,0.0026775002479553223
/tmp/DataSetCombined/Edges/Round-3_0015895_edge.png,"tf.Tensor(54.23, shape=(), dtype=float32)",53.557964,0.0026775002479553223
/tmp/DataSetCombined/Edges/Round-5_0016291_edge.png,"tf.Tensor(4.8, shape=(), dtype=float32)",4.0270863,0.0026775002479553223
/tmp/DataSetCombined/Edges/Round-1_0038000_edge.png,"tf.Tensor(64.87, shape=(), dtype=float32)",62.889793,0.0026775002479553223
/tmp/DataSetCombined/Edges/Round-1_0104690_edge.png,"tf.Tensor(37.25, shape=(), dtype=float32)",38.18614,0.0026775002479553223
/tmp/DataSetCombined/Edges/Round-9_0044070_edge.png,"tf.Tensor(6.31, shape=(), dtype=float32)",6.5244718,0.0026775002479553223
/tmp/DataSetCombined/Edges/Round-6_0127504_edge.png,"tf.Tensor(55.99, shape=(), dtype=float32)",53.95695,0.0026658885180950165
/tmp/DataSetCombined/Edges/Round-8_0009777_edge.png,"tf.Tensor(57.39, shape=(), dtype=float32)",54.36337,0.0026658885180950165
/tmp/DataSetCombined/Edges/Round-10_0037642_edge.png,"tf.Tensor(64.26, shape=(), dtype=float32)",62.92139,0.0026658885180950165
/tmp/DataSetCombined/Edges/Round-3_0012674_edge.png,"tf.Tensor(65.28, shape=(), dtype=float32)",61.83079,0.0026658885180950165
/tmp/DataSetCombined/Edges/Round-10_0187885_edge.png,"tf.Tensor(26.08, shape=(), dtype=float32)",26.862772,0.0026658885180950165
/tmp/DataSetCombined/Edges/Round-7_0091657_edge.png,"tf.Tensor(7.25, shape=(), dtype=float32)",7.578965,0.0026658885180950165
/tmp/DataSetCombined/Edges/Round-9_0078774_edge.png,"tf.Tensor(7.28, shape=(), dtype=float32)",7.3556223,0.0026658885180950165
/tmp/DataSetCombined/Edges/Round-3_0084732_edge.png,"tf.Tensor(3.13, shape=(), dtype=float32)",2.4313016,0.0026658885180950165
/tmp/DataSetCombined/Edges/Round-8_0001273_edge.png,"tf.Tensor(19.83, shape=(), dtype=float32)",20.61606,0.0026658885180950165
/tmp/DataSetCombined/Edges/Round-8_0067068_edge.png,"tf.Tensor(58.95, shape=(), dtype=float32)",57.968517,0.0026658885180950165
/tmp/DataSetCombined/Edges/Round-5_0061079_edge.png,"tf.Tensor(4.84, shape=(), dtype=float32)",3.918049,0.0026658885180950165
/tmp/DataSetCombined/Edges/Round-2_0059467_edge.png,"tf.Tensor(64.25, shape=(), dtype=float32)",63.60378,0.0026658885180950165
/tmp/DataSetCombined/Edges/Round-6_0124314_edge.png,"tf.Tensor(6.45, shape=(), dtype=float32)",6.607555,0.0026658885180950165
/tmp/DataSetCombined/Edges/Round-5_0076520_edge.png,"tf.Tensor(65.39, shape=(), dtype=float32)",63.851,0.0026658885180950165
/tmp/DataSetCombined/Edges/Round-8_0055269_edge.png,"tf.Tensor(4.13, shape=(), dtype=float32)",3.3041189,0.0026658885180950165
/tmp/DataSetCombined/Edges/Round-1_0124708_edge.png,"tf.Tensor(5.97, shape=(), dtype=float32)",5.8497186,0.0026658885180950165
/tmp/DataSetCombined/Edges/Round-4_0045123_edge.png,"tf.Tensor(61.1, shape=(), dtype=float32)",60.67153,0.0026658885180950165
/tmp/DataSetCombined/Edges/Round-9_0183792_edge.png,"tf.Tensor(5.4, shape=(), dtype=float32)",5.006107,0.0026658885180950165
/tmp/DataSetCombined/Edges/Round-9_0066042_edge.png,"tf.Tensor(58.05, shape=(), dtype=float32)",55.63558,0.0026658885180950165
/tmp/DataSetCombined/Edges/Round-10_0114802_edge.png,"tf.Tensor(64.99, shape=(), dtype=float32)",62.66393,0.0026658885180950165
/tmp/DataSetCombined/Edges/Round-9_0092229_edge.png,"tf.Tensor(4.86, shape=(), dtype=float32)",4.162923,0.0026658885180950165
/tmp/DataSetCombined/Edges/Round-9_0055868_edge.png,"tf.Tensor(2.69, shape=(), dtype=float32)",2.269223,0.0026658885180950165
/tmp/DataSetCombined/Edges/Round-3_0058847_edge.png,"tf.Tensor(53.24, shape=(), dtype=float32)",52.572784,0.0026658885180950165
/tmp/DataSetCombined/Edges/Round-9_0046267_edge.png,"tf.Tensor(65.38, shape=(), dtype=float32)",63.867954,0.0026658885180950165
/tmp/DataSetCombined/Edges/Round-9_0135603_edge.png,"tf.Tensor(4.02, shape=(), dtype=float32)",3.094588,0.0026658885180950165
/tmp/DataSetCombined/Edges/Round-5_0033418_edge.png,"tf.Tensor(64.85, shape=(), dtype=float32)",62.55295,0.0026658885180950165
/tmp/DataSetCombined/Edges/Round-2_0092451_edge.png,"tf.Tensor(54.05, shape=(), dtype=float32)",51.77592,0.0026658885180950165
/tmp/DataSetCombined/Edges/Round-6_0019055_edge.png,"tf.Tensor(4.56, shape=(), dtype=float32)",3.6307278,0.0026658885180950165
/tmp/DataSetCombined/Edges/Round-1_0039634_edge.png,"tf.Tensor(14.14, shape=(), dtype=float32)",14.248774,0.0026658885180950165
/tmp/DataSetCombined/Edges/Round-2_0024400_edge.png,"tf.Tensor(31.67, shape=(), dtype=float32)",33.08607,0.0026658885180950165
/tmp/DataSetCombined/Edges/Round-9_0186892_edge.png,"tf.Tensor(3.97, shape=(), dtype=float32)",3.155108,0.0026658885180950165
/tmp/DataSetCombined/Edges/Round-8_0034531_edge.png,"tf.Tensor(64.28, shape=(), dtype=float32)",63.133327,0.0026658885180950165
/tmp/DataSetCombined/Edges/Round-1_0133074_edge.png,"tf.Tensor(64.14, shape=(), dtype=float32)",63.417957,0.0026658885180950165
/tmp/DataSetCombined/Edges/Round-6_0119125_edge.png,"tf.Tensor(50.69, shape=(), dtype=float32)",63.75314,0.0026658885180950165
/tmp/DataSetCombined/Edges/Round-9_0103246_edge.png,"tf.Tensor(61.24, shape=(), dtype=float32)",61.828957,0.0026658885180950165
/tmp/DataSetCombined/Edges/Round-9_0132412_edge.png,"tf.Tensor(24.8, shape=(), dtype=float32)",25.114174,0.0026658885180950165
/tmp/DataSetCombined/Edges/Round-1_0147101_edge.png,"tf.Tensor(60.7, shape=(), dtype=float32)",60.171227,0.0026658885180950165
/tmp/DataSetCombined/Edges/Round-7_0097978_edge.png,"tf.Tensor(3.43, shape=(), dtype=float32)",2.5911717,0.0026658885180950165
/tmp/DataSetCombined/Edges/Round-1_0048934_edge.png,"tf.Tensor(65.25, shape=(), dtype=float32)",63.802166,0.0026658885180950165
/tmp/DataSetCombined/Edges/Round-9_0121997_edge.png,"tf.Tensor(25.85, shape=(), dtype=float32)",26.159105,0.0026658885180950165
/tmp/DataSetCombined/Edges/Round-8_0002974_edge.png,"tf.Tensor(53.9, shape=(), dtype=float32)",52.987415,0.0026658885180950165
/tmp/DataSetCombined/Edges/Round-8_0069314_edge.png,"tf.Tensor(22.66, shape=(), dtype=float32)",23.10864,0.0026658885180950165
/tmp/DataSetCombined/Edges/Round-10_0195861_edge.png,"tf.Tensor(25.9, shape=(), dtype=float32)",26.68926,0.0026658885180950165
/tmp/DataSetCombined/Edges/Round-8_0055691_edge.png,"tf.Tensor(60.82, shape=(), dtype=float32)",57.416824,0.0026658885180950165
/tmp/DataSetCombined/Edges/Round-9_0162663_edge.png,"tf.Tensor(57.85, shape=(), dtype=float32)",55.81363,0.0026658885180950165
/tmp/DataSetCombined/Edges/Round-10_0010447_edge.png,"tf.Tensor(6.06, shape=(), dtype=float32)",6.1426697,0.0026658885180950165
/tmp/DataSetCombined/Edges/Round-10_0133193_edge.png,"tf.Tensor(60.7, shape=(), dtype=float32)",59.476368,0.0026658885180950165
/tmp/DataSetCombined/Edges/Round-10_0137648_edge.png,"tf.Tensor(36.06, shape=(), dtype=float32)",37.058865,0.0026658885180950165
/tmp/DataSetCombined/Edges/Round-4_0029741_edge.png,"tf.Tensor(48.26, shape=(), dtype=float32)",46.220745,0.0026658885180950165
/tmp/DataSetCombined/Edges/Round-1_0046600_edge.png,"tf.Tensor(36.15, shape=(), dtype=float32)",35.735966,0.0026658885180950165
/tmp/DataSetCombined/Edges/Round-10_0147129_edge.png,"tf.Tensor(64.95, shape=(), dtype=float32)",62.937912,0.0026658885180950165
/tmp/DataSetCombined/Edges/Round-6_0107977_edge.png,"tf.Tensor(64.6, shape=(), dtype=float32)",63.346634,0.0026658885180950165
/tmp/DataSetCombined/Edges/Round-5_0054457_edge.png,"tf.Tensor(59.03, shape=(), dtype=float32)",60.226696,0.0026658885180950165
/tmp/DataSetCombined/Edges/Round-9_0097888_edge.png,"tf.Tensor(3.49, shape=(), dtype=float32)",2.7194543,0.0026658885180950165
/tmp/DataSetCombined/Edges/Round-5_0078206_edge.png,"tf.Tensor(3.69, shape=(), dtype=float32)",2.7492855,0.0026658885180950165
/tmp/DataSetCombined/Edges/Round-9_0159532_edge.png,"tf.Tensor(62.12, shape=(), dtype=float32)",62.276653,0.0026658885180950165
/tmp/DataSetCombined/Edges/Round-10_0041486_edge.png,"tf.Tensor(64.92, shape=(), dtype=float32)",63.295853,0.0026658885180950165
/tmp/DataSetCombined/Edges/Round-8_0065684_edge.png,"tf.Tensor(65.14, shape=(), dtype=float32)",62.978695,0.0026658885180950165
/tmp/DataSetCombined/Edges/Round-10_0022908_edge.png,"tf.Tensor(9.08, shape=(), dtype=float32)",9.700894,0.0026658885180950165
/tmp/DataSetCombined/Edges/Round-7_0048434_edge.png,"tf.Tensor(43.1, shape=(), dtype=float32)",43.332096,0.0026658885180950165
/tmp/DataSetCombined/Edges/Round-9_0153120_edge.png,"tf.Tensor(61.83, shape=(), dtype=float32)",62.435783,0.0026658885180950165
/tmp/DataSetCombined/Edges/Round-1_0034498_edge.png,"tf.Tensor(64.35, shape=(), dtype=float32)",63.21774,0.0026658885180950165
/tmp/DataSetCombined/Edges/Round-6_0008972_edge.png,"tf.Tensor(37.3, shape=(), dtype=float32)",38.169804,0.0026658885180950165
/tmp/DataSetCombined/Edges/Round-5_0095001_edge.png,"tf.Tensor(3.65, shape=(), dtype=float32)",2.8292608,0.0026658885180950165
/tmp/DataSetCombined/Edges/Round-1_0089370_edge.png,"tf.Tensor(42.78, shape=(), dtype=float32)",42.937332,0.0024530626833438873
/tmp/DataSetCombined/Edges/Round-1_0170248_edge.png,"tf.Tensor(57.86, shape=(), dtype=float32)",58.619373,0.0024530626833438873
/tmp/DataSetCombined/Edges/Round-5_0046300_edge.png,"tf.Tensor(64.5, shape=(), dtype=float32)",62.553898,0.0024530626833438873
/tmp/DataSetCombined/Edges/Round-3_0031734_edge.png,"tf.Tensor(4.23, shape=(), dtype=float32)",3.4347644,0.0024530626833438873
/tmp/DataSetCombined/Edges/Round-4_0050149_edge.png,"tf.Tensor(3.74, shape=(), dtype=float32)",2.7835772,0.0024530626833438873
/tmp/DataSetCombined/Edges/Round-7_0016468_edge.png,"tf.Tensor(5.31, shape=(), dtype=float32)",4.813183,0.0024530626833438873
/tmp/DataSetCombined/Edges/Round-2_0105394_edge.png,"tf.Tensor(63.8, shape=(), dtype=float32)",62.226566,0.0024530626833438873
/tmp/DataSetCombined/Edges/Round-6_0087051_edge.png,"tf.Tensor(5.61, shape=(), dtype=float32)",5.4613986,0.0024530626833438873
/tmp/DataSetCombined/Edges/Round-9_0057830_edge.png,"tf.Tensor(7.43, shape=(), dtype=float32)",7.492805,0.0024530626833438873
/tmp/DataSetCombined/Edges/Round-9_0001122_edge.png,"tf.Tensor(3.29, shape=(), dtype=float32)",2.534669,0.0024530626833438873
/tmp/DataSetCombined/Edges/Round-9_0165401_edge.png,"tf.Tensor(65.21, shape=(), dtype=float32)",62.925526,0.0024530626833438873
/tmp/DataSetCombined/Edges/Round-1_0051264_edge.png,"tf.Tensor(7.7, shape=(), dtype=float32)",7.853675,0.0024530626833438873
/tmp/DataSetCombined/Edges/Round-10_0092319_edge.png,"tf.Tensor(3.64, shape=(), dtype=float32)",2.6792269,0.0024530626833438873
/tmp/DataSetCombined/Edges/Round-6_0017370_edge.png,"tf.Tensor(7.12, shape=(), dtype=float32)",7.501099,0.0024530626833438873
/tmp/DataSetCombined/Edges/Round-9_0066012_edge.png,"tf.Tensor(64.17, shape=(), dtype=float32)",63.1256,0.0024530626833438873
/tmp/DataSetCombined/Edges/Round-10_0032331_edge.png,"tf.Tensor(8.77, shape=(), dtype=float32)",9.148645,0.0024530626833438873
/tmp/DataSetCombined/Edges/Round-1_0053250_edge.png,"tf.Tensor(5.61, shape=(), dtype=float32)",5.4899774,0.0024530626833438873
/tmp/DataSetCombined/Edges/Round-6_0070134_edge.png,"tf.Tensor(5.15, shape=(), dtype=float32)",4.575165,0.0024530626833438873
/tmp/DataSetCombined/Edges/Round-4_0034136_edge.png,"tf.Tensor(60.93, shape=(), dtype=float32)",59.84804,0.0024530626833438873
/tmp/DataSetCombined/Edges/Round-9_0059893_edge.png,"tf.Tensor(60.68, shape=(), dtype=float32)",60.02993,0.0024530626833438873
/tmp/DataSetCombined/Edges/Round-3_0043917_edge.png,"tf.Tensor(5.91, shape=(), dtype=float32)",5.951172,0.0024530626833438873
/tmp/DataSetCombined/Edges/Round-6_0009935_edge.png,"tf.Tensor(2.98, shape=(), dtype=float32)",2.343625,0.0024530626833438873
/tmp/DataSetCombined/Edges/Round-1_0107399_edge.png,"tf.Tensor(63.83, shape=(), dtype=float32)",62.345676,0.0024530626833438873
/tmp/DataSetCombined/Edges/Round-8_0002042_edge.png,"tf.Tensor(4.87, shape=(), dtype=float32)",4.0575914,0.0024530626833438873
/tmp/DataSetCombined/Edges/Round-8_0065883_edge.png,"tf.Tensor(2.81, shape=(), dtype=float32)",2.263835,0.0024530626833438873
/tmp/DataSetCombined/Edges/Round-8_0067448_edge.png,"tf.Tensor(60.97, shape=(), dtype=float32)",60.822872,0.0024530626833438873
/tmp/DataSetCombined/Edges/Round-1_0110470_edge.png,"tf.Tensor(5.64, shape=(), dtype=float32)",5.4440446,0.0024530626833438873
/tmp/DataSetCombined/Edges/Round-10_0116819_edge.png,"tf.Tensor(63.75, shape=(), dtype=float32)",62.08541,0.0024530626833438873
/tmp/DataSetCombined/Edges/Round-6_0103936_edge.png,"tf.Tensor(63.78, shape=(), dtype=float32)",62.357407,0.0024530626833438873
/tmp/DataSetCombined/Edges/Round-6_0043677_edge.png,"tf.Tensor(63.71, shape=(), dtype=float32)",61.480877,0.0024530626833438873
/tmp/DataSetCombined/Edges/Round-6_0015052_edge.png,"tf.Tensor(7.96, shape=(), dtype=float32)",8.330663,0.0024530626833438873
/tmp/DataSetCombined/Edges/Round-9_0157726_edge.png,"tf.Tensor(11.27, shape=(), dtype=float32)",11.875872,0.0024530626833438873
/tmp/DataSetCombined/Edges/Round-2_0077071_edge.png,"tf.Tensor(2.84, shape=(), dtype=float32)",2.2763739,0.0024530626833438873
/tmp/DataSetCombined/Edges/Round-2_0055534_edge.png,"tf.Tensor(32.17, shape=(), dtype=float32)",34.117664,0.0024530626833438873
/tmp/DataSetCombined/Edges/Round-4_0001448_edge.png,"tf.Tensor(64.81, shape=(), dtype=float32)",61.996567,0.0024530626833438873
/tmp/DataSetCombined/Edges/Round-1_0157967_edge.png,"tf.Tensor(9.38, shape=(), dtype=float32)",9.984054,0.0024530626833438873
/tmp/DataSetCombined/Edges/Round-9_0006175_edge.png,"tf.Tensor(3.23, shape=(), dtype=float32)",2.4434214,0.0024530626833438873
/tmp/DataSetCombined/Edges/Round-6_0097468_edge.png,"tf.Tensor(27.24, shape=(), dtype=float32)",28.15341,0.0024530626833438873
/tmp/DataSetCombined/Edges/Round-8_0070187_edge.png,"tf.Tensor(42.25, shape=(), dtype=float32)",42.737465,0.0024530626833438873
/tmp/DataSetCombined/Edges/Round-1_0099303_edge.png,"tf.Tensor(64.05, shape=(), dtype=float32)",62.983143,0.0024530626833438873
/tmp/DataSetCombined/Edges/Round-10_0145835_edge.png,"tf.Tensor(4.21, shape=(), dtype=float32)",3.243378,0.0024530626833438873
/tmp/DataSetCombined/Edges/Round-5_0052500_edge.png,"tf.Tensor(64.39, shape=(), dtype=float32)",63.14266,0.0024530626833438873
/tmp/DataSetCombined/Edges/Round-6_0055506_edge.png,"tf.Tensor(4.17, shape=(), dtype=float32)",3.2992938,0.0024530626833438873
/tmp/DataSetCombined/Edges/Round-4_0055146_edge.png,"tf.Tensor(4.57, shape=(), dtype=float32)",3.6419713,0.0024530626833438873
/tmp/DataSetCombined/Edges/Round-10_0087321_edge.png,"tf.Tensor(21.23, shape=(), dtype=float32)",22.05351,0.0024530626833438873
/tmp/DataSetCombined/Edges/Round-1_0074320_edge.png,"tf.Tensor(65.07, shape=(), dtype=float32)",63.786037,0.0024530626833438873
/tmp/DataSetCombined/Edges/Round-9_0146228_edge.png,"tf.Tensor(58.15, shape=(), dtype=float32)",57.67506,0.0024530626833438873
/tmp/DataSetCombined/Edges/Round-1_0150472_edge.png,"tf.Tensor(25.41, shape=(), dtype=float32)",25.91807,0.0024530626833438873
/tmp/DataSetCombined/Edges/Round-6_0035038_edge.png,"tf.Tensor(5.7, shape=(), dtype=float32)",5.6857233,0.0024530626833438873
/tmp/DataSetCombined/Edges/Round-8_0024435_edge.png,"tf.Tensor(3.57, shape=(), dtype=float32)",2.7739902,0.0024530626833438873
/tmp/DataSetCombined/Edges/Round-9_0143609_edge.png,"tf.Tensor(59.75, shape=(), dtype=float32)",56.457638,0.0024530626833438873
/tmp/DataSetCombined/Edges/Round-9_0194417_edge.png,"tf.Tensor(64.91, shape=(), dtype=float32)",63.278996,0.0024530626833438873
/tmp/DataSetCombined/Edges/Round-6_0069652_edge.png,"tf.Tensor(6.68, shape=(), dtype=float32)",6.513293,0.0024530626833438873
/tmp/DataSetCombined/Edges/Round-2_0033200_edge.png,"tf.Tensor(63.89, shape=(), dtype=float32)",63.257496,0.0024530626833438873
/tmp/DataSetCombined/Edges/Round-9_0149268_edge.png,"tf.Tensor(51.56, shape=(), dtype=float32)",53.55501,0.0024530626833438873
/tmp/DataSetCombined/Edges/Round-10_0082746_edge.png,"tf.Tensor(6.4, shape=(), dtype=float32)",6.5528955,0.0024530626833438873
/tmp/DataSetCombined/Edges/Round-6_0047500_edge.png,"tf.Tensor(64.65, shape=(), dtype=float32)",63.31191,0.0024530626833438873
/tmp/DataSetCombined/Edges/Round-9_0150923_edge.png,"tf.Tensor(64.85, shape=(), dtype=float32)",63.82163,0.0024530626833438873
/tmp/DataSetCombined/Edges/Round-9_0128529_edge.png,"tf.Tensor(60.85, shape=(), dtype=float32)",61.30804,0.0024530626833438873
/tmp/DataSetCombined/Edges/Round-9_0055477_edge.png,"tf.Tensor(6.56, shape=(), dtype=float32)",6.3937626,0.0024530626833438873
/tmp/DataSetCombined/Edges/Round-3_0015804_edge.png,"tf.Tensor(4.17, shape=(), dtype=float32)",3.227718,0.0024530626833438873
/tmp/DataSetCombined/Edges/Round-4_0055386_edge.png,"tf.Tensor(47.21, shape=(), dtype=float32)",46.631893,0.0024530626833438873
/tmp/DataSetCombined/Edges/Round-4_0084613_edge.png,"tf.Tensor(57.07, shape=(), dtype=float32)",54.60185,0.0024530626833438873
/tmp/DataSetCombined/Edges/Round-8_0023746_edge.png,"tf.Tensor(61.68, shape=(), dtype=float32)",61.5023,0.0024530626833438873
/tmp/DataSetCombined/Edges/Round-8_0070759_edge.png,"tf.Tensor(64.65, shape=(), dtype=float32)",63.35705,0.0025151818990707397
/tmp/DataSetCombined/Edges/Round-9_0162210_edge.png,"tf.Tensor(49.36, shape=(), dtype=float32)",47.445595,0.0025151818990707397
/tmp/DataSetCombined/Edges/Round-8_0057063_edge.png,"tf.Tensor(3.92, shape=(), dtype=float32)",3.1917768,0.0025151818990707397
/tmp/DataSetCombined/Edges/Round-10_0148936_edge.png,"tf.Tensor(5.59, shape=(), dtype=float32)",5.148814,0.0025151818990707397
/tmp/DataSetCombined/Edges/Round-3_0073294_edge.png,"tf.Tensor(7.33, shape=(), dtype=float32)",7.6925406,0.0025151818990707397
/tmp/DataSetCombined/Edges/Round-7_0089310_edge.png,"tf.Tensor(4.15, shape=(), dtype=float32)",3.2150476,0.0025151818990707397
/tmp/DataSetCombined/Edges/Round-6_0126752_edge.png,"tf.Tensor(64.56, shape=(), dtype=float32)",62.768955,0.0025151818990707397
/tmp/DataSetCombined/Edges/Round-3_0069742_edge.png,"tf.Tensor(7.47, shape=(), dtype=float32)",7.8156247,0.0025151818990707397
/tmp/DataSetCombined/Edges/Round-10_0163143_edge.png,"tf.Tensor(41.17, shape=(), dtype=float32)",41.06153,0.0025151818990707397
/tmp/DataSetCombined/Edges/Round-3_0051653_edge.png,"tf.Tensor(64.22, shape=(), dtype=float32)",63.12182,0.0025151818990707397
/tmp/DataSetCombined/Edges/Round-9_0163264_edge.png,"tf.Tensor(3.28, shape=(), dtype=float32)",2.4899166,0.0025151818990707397
/tmp/DataSetCombined/Edges/Round-8_0037480_edge.png,"tf.Tensor(37.36, shape=(), dtype=float32)",38.553913,0.0025151818990707397
/tmp/DataSetCombined/Edges/Round-3_0044790_edge.png,"tf.Tensor(64.03, shape=(), dtype=float32)",62.46057,0.0025151818990707397
/tmp/DataSetCombined/Edges/Round-8_0039817_edge.png,"tf.Tensor(40.12, shape=(), dtype=float32)",40.28372,0.0025151818990707397
/tmp/DataSetCombined/Edges/Round-6_0025075_edge.png,"tf.Tensor(64.91, shape=(), dtype=float32)",63.404766,0.0025151818990707397
/tmp/DataSetCombined/Edges/Round-5_0011264_edge.png,"tf.Tensor(26.41, shape=(), dtype=float32)",28.1767,0.0025151818990707397
/tmp/DataSetCombined/Edges/Round-10_0090332_edge.png,"tf.Tensor(64.08, shape=(), dtype=float32)",63.43214,0.0025151818990707397
/tmp/DataSetCombined/Edges/Round-10_0036002_edge.png,"tf.Tensor(7.76, shape=(), dtype=float32)",8.142207,0.0025151818990707397
/tmp/DataSetCombined/Edges/Round-5_0031521_edge.png,"tf.Tensor(47.61, shape=(), dtype=float32)",46.544132,0.0025151818990707397
/tmp/DataSetCombined/Edges/Round-6_0079525_edge.png,"tf.Tensor(5.36, shape=(), dtype=float32)",5.0140095,0.0025151818990707397
/tmp/DataSetCombined/Edges/Round-9_0159682_edge.png,"tf.Tensor(5.55, shape=(), dtype=float32)",5.067112,0.0025151818990707397
/tmp/DataSetCombined/Edges/Round-10_0166935_edge.png,"tf.Tensor(40.37, shape=(), dtype=float32)",39.04395,0.0025151818990707397
/tmp/DataSetCombined/Edges/Round-1_0128650_edge.png,"tf.Tensor(3.53, shape=(), dtype=float32)",2.7958972,0.0025151818990707397
/tmp/DataSetCombined/Edges/Round-1_0024567_edge.png,"tf.Tensor(2.93, shape=(), dtype=float32)",2.3112044,0.0025151818990707397
/tmp/DataSetCombined/Edges/Round-10_0032420_edge.png,"tf.Tensor(63.74, shape=(), dtype=float32)",62.318974,0.0025151818990707397
/tmp/DataSetCombined/Edges/Round-10_0118625_edge.png,"tf.Tensor(65.22, shape=(), dtype=float32)",64.04157,0.0025151818990707397
/tmp/DataSetCombined/Edges/Round-8_0006425_edge.png,"tf.Tensor(3.97, shape=(), dtype=float32)",3.1609528,0.0025151818990707397
/tmp/DataSetCombined/Edges/Round-8_0049189_edge.png,"tf.Tensor(7.83, shape=(), dtype=float32)",8.23526,0.0025151818990707397
/tmp/DataSetCombined/Edges/Round-1_0133737_edge.png,"tf.Tensor(65.25, shape=(), dtype=float32)",63.882366,0.0025151818990707397
/tmp/DataSetCombined/Edges/Round-1_0095601_edge.png,"tf.Tensor(3.99, shape=(), dtype=float32)",3.086056,0.0025151818990707397
/tmp/DataSetCombined/Edges/Round-1_0159321_edge.png,"tf.Tensor(5.53, shape=(), dtype=float32)",5.4295044,0.0025151818990707397
/tmp/DataSetCombined/Edges/Round-2_0067710_edge.png,"tf.Tensor(25.19, shape=(), dtype=float32)",26.157236,0.0025151818990707397
/tmp/DataSetCombined/Edges/Round-7_0077239_edge.png,"tf.Tensor(35.17, shape=(), dtype=float32)",34.983086,0.0025151818990707397
/tmp/DataSetCombined/Edges/Round-1_0078805_edge.png,"tf.Tensor(8.2, shape=(), dtype=float32)",8.660133,0.0025151818990707397
/tmp/DataSetCombined/Edges/Round-8_0088638_edge.png,"tf.Tensor(6.11, shape=(), dtype=float32)",5.7750177,0.0025151818990707397
/tmp/DataSetCombined/Edges/Round-9_0040759_edge.png,"tf.Tensor(8.1, shape=(), dtype=float32)",8.186641,0.0025151818990707397
/tmp/DataSetCombined/Edges/Round-6_0011350_edge.png,"tf.Tensor(64.44, shape=(), dtype=float32)",62.884357,0.0025151818990707397
/tmp/DataSetCombined/Edges/Round-8_0083160_edge.png,"tf.Tensor(60.63, shape=(), dtype=float32)",61.554226,0.0025151818990707397
/tmp/DataSetCombined/Edges/Round-2_0066355_edge.png,"tf.Tensor(64.9, shape=(), dtype=float32)",63.224163,0.0025151818990707397
/tmp/DataSetCombined/Edges/Round-2_0078201_edge.png,"tf.Tensor(11.04, shape=(), dtype=float32)",11.63853,0.0025151818990707397
/tmp/DataSetCombined/Edges/Round-10_0197488_edge.png,"tf.Tensor(31.95, shape=(), dtype=float32)",33.639313,0.0025151818990707397
/tmp/DataSetCombined/Edges/Round-6_0041552_edge.png,"tf.Tensor(64.97, shape=(), dtype=float32)",62.577946,0.0025151818990707397
/tmp/DataSetCombined/Edges/Round-10_0059058_edge.png,"tf.Tensor(38.55, shape=(), dtype=float32)",38.54206,0.0025151818990707397
/tmp/DataSetCombined/Edges/Round-8_0079518_edge.png,"tf.Tensor(3.52, shape=(), dtype=float32)",2.7659376,0.0025151818990707397
/tmp/DataSetCombined/Edges/Round-6_0060653_edge.png,"tf.Tensor(35.75, shape=(), dtype=float32)",37.076557,0.0025151818990707397
/tmp/DataSetCombined/Edges/Round-1_0158780_edge.png,"tf.Tensor(6.12, shape=(), dtype=float32)",6.3065104,0.0025151818990707397
/tmp/DataSetCombined/Edges/Round-3_0079826_edge.png,"tf.Tensor(20.42, shape=(), dtype=float32)",21.330471,0.0025151818990707397
/tmp/DataSetCombined/Edges/Round-10_0047771_edge.png,"tf.Tensor(64.81, shape=(), dtype=float32)",62.95143,0.0025151818990707397
/tmp/DataSetCombined/Edges/Round-7_0021736_edge.png,"tf.Tensor(3.39, shape=(), dtype=float32)",2.6530104,0.0025151818990707397
/tmp/DataSetCombined/Edges/Round-8_0042676_edge.png,"tf.Tensor(39.79, shape=(), dtype=float32)",39.959606,0.0025151818990707397
/tmp/DataSetCombined/Edges/Round-6_0002031_edge.png,"tf.Tensor(64.69, shape=(), dtype=float32)",62.795963,0.0025151818990707397
/tmp/DataSetCombined/Edges/Round-3_0002734_edge.png,"tf.Tensor(31.44, shape=(), dtype=float32)",32.66465,0.0025151818990707397
/tmp/DataSetCombined/Edges/Round-1_0071000_edge.png,"tf.Tensor(59.98, shape=(), dtype=float32)",58.915554,0.0025151818990707397
/tmp/DataSetCombined/Edges/Round-7_0054604_edge.png,"tf.Tensor(4.66, shape=(), dtype=float32)",3.976649,0.0025151818990707397
/tmp/DataSetCombined/Edges/Round-10_0053008_edge.png,"tf.Tensor(5.17, shape=(), dtype=float32)",4.9199567,0.0025151818990707397
/tmp/DataSetCombined/Edges/Round-7_0123683_edge.png,"tf.Tensor(64.18, shape=(), dtype=float32)",63.18688,0.0025151818990707397
/tmp/DataSetCombined/Edges/Round-6_0073505_edge.png,"tf.Tensor(52.57, shape=(), dtype=float32)",54.18516,0.0025151818990707397
/tmp/DataSetCombined/Edges/Round-3_0050870_edge.png,"tf.Tensor(65.22, shape=(), dtype=float32)",63.050823,0.0025151818990707397
/tmp/DataSetCombined/Edges/Round-10_0003304_edge.png,"tf.Tensor(6.35, shape=(), dtype=float32)",6.3698707,0.0025151818990707397
/tmp/DataSetCombined/Edges/Round-1_0122359_edge.png,"tf.Tensor(5.3, shape=(), dtype=float32)",5.156137,0.0025151818990707397
/tmp/DataSetCombined/Edges/Round-1_0006434_edge.png,"tf.Tensor(62.51, shape=(), dtype=float32)",62.673668,0.0025151818990707397
/tmp/DataSetCombined/Edges/Round-3_0066853_edge.png,"tf.Tensor(50.8, shape=(), dtype=float32)",49.65467,0.0025151818990707397
/tmp/DataSetCombined/Edges/Round-9_0011201_edge.png,"tf.Tensor(65.15, shape=(), dtype=float32)",64.22805,0.0025151818990707397
/tmp/DataSetCombined/Edges/Round-3_0051502_edge.png,"tf.Tensor(64.26, shape=(), dtype=float32)",63.266792,0.0025151818990707397
/tmp/DataSetCombined/Edges/Round-3_0075100_edge.png,"tf.Tensor(14.05, shape=(), dtype=float32)",14.08641,0.0023400411009788513
/tmp/DataSetCombined/Edges/Round-9_0191377_edge.png,"tf.Tensor(6.57, shape=(), dtype=float32)",6.5816364,0.0023400411009788513
/tmp/DataSetCombined/Edges/Round-8_0045023_edge.png,"tf.Tensor(7.62, shape=(), dtype=float32)",7.841034,0.0023400411009788513
/tmp/DataSetCombined/Edges/Round-2_0071442_edge.png,"tf.Tensor(6.23, shape=(), dtype=float32)",6.421829,0.0023400411009788513
/tmp/DataSetCombined/Edges/Round-10_0124434_edge.png,"tf.Tensor(7.35, shape=(), dtype=float32)",7.7099056,0.0023400411009788513
/tmp/DataSetCombined/Edges/Round-8_0016158_edge.png,"tf.Tensor(21.9, shape=(), dtype=float32)",22.083044,0.0023400411009788513
/tmp/DataSetCombined/Edges/Round-8_0046258_edge.png,"tf.Tensor(16.19, shape=(), dtype=float32)",16.14436,0.0023400411009788513
/tmp/DataSetCombined/Edges/Round-5_0071553_edge.png,"tf.Tensor(63.73, shape=(), dtype=float32)",61.730164,0.0023400411009788513
/tmp/DataSetCombined/Edges/Round-10_0038079_edge.png,"tf.Tensor(5.37, shape=(), dtype=float32)",5.2067237,0.0023400411009788513
/tmp/DataSetCombined/Edges/Round-3_0063843_edge.png,"tf.Tensor(53.04, shape=(), dtype=float32)",50.421707,0.0023400411009788513
/tmp/DataSetCombined/Edges/Round-5_0043473_edge.png,"tf.Tensor(6.6, shape=(), dtype=float32)",6.829821,0.0023400411009788513
/tmp/DataSetCombined/Edges/Round-1_0048334_edge.png,"tf.Tensor(65.48, shape=(), dtype=float32)",64.09485,0.0023400411009788513
/tmp/DataSetCombined/Edges/Round-4_0002863_edge.png,"tf.Tensor(63.73, shape=(), dtype=float32)",63.141033,0.0023400411009788513
/tmp/DataSetCombined/Edges/Round-10_0002304_edge.png,"tf.Tensor(49.43, shape=(), dtype=float32)",48.316586,0.0023400411009788513
/tmp/DataSetCombined/Edges/Round-10_0173557_edge.png,"tf.Tensor(64.12, shape=(), dtype=float32)",63.667484,0.0023400411009788513
/tmp/DataSetCombined/Edges/Round-8_0029805_edge.png,"tf.Tensor(55.54, shape=(), dtype=float32)",54.62434,0.0023400411009788513
/tmp/DataSetCombined/Edges/Round-6_0106043_edge.png,"tf.Tensor(3.8, shape=(), dtype=float32)",2.9746568,0.0023400411009788513
/tmp/DataSetCombined/Edges/Round-5_0048166_edge.png,"tf.Tensor(3.74, shape=(), dtype=float32)",2.7796526,0.0023400411009788513
/tmp/DataSetCombined/Edges/Round-3_0058787_edge.png,"tf.Tensor(64.43, shape=(), dtype=float32)",63.12949,0.0023400411009788513
/tmp/DataSetCombined/Edges/Round-9_0112186_edge.png,"tf.Tensor(7.41, shape=(), dtype=float32)",7.7990723,0.0023400411009788513
/tmp/DataSetCombined/Edges/Round-6_0062158_edge.png,"tf.Tensor(8.18, shape=(), dtype=float32)",8.296948,0.0023400411009788513
/tmp/DataSetCombined/Edges/Round-5_0023214_edge.png,"tf.Tensor(7.87, shape=(), dtype=float32)",8.249673,0.0023400411009788513
/tmp/DataSetCombined/Edges/Round-1_0092229_edge.png,"tf.Tensor(63.21, shape=(), dtype=float32)",62.103336,0.0023400411009788513
/tmp/DataSetCombined/Edges/Round-4_0017943_edge.png,"tf.Tensor(65.27, shape=(), dtype=float32)",63.922752,0.0023400411009788513
/tmp/DataSetCombined/Edges/Round-7_0005692_edge.png,"tf.Tensor(50.29, shape=(), dtype=float32)",49.41297,0.0023400411009788513
/tmp/DataSetCombined/Edges/Round-10_0069984_edge.png,"tf.Tensor(3.05, shape=(), dtype=float32)",2.3665435,0.0023400411009788513
/tmp/DataSetCombined/Edges/Round-5_0050724_edge.png,"tf.Tensor(4.27, shape=(), dtype=float32)",3.2367396,0.0023400411009788513
/tmp/DataSetCombined/Edges/Round-7_0039314_edge.png,"tf.Tensor(50.07, shape=(), dtype=float32)",49.130787,0.0023400411009788513
/tmp/DataSetCombined/Edges/Round-9_0099754_edge.png,"tf.Tensor(64.38, shape=(), dtype=float32)",62.734943,0.0023400411009788513
/tmp/DataSetCombined/Edges/Round-2_0072315_edge.png,"tf.Tensor(4.77, shape=(), dtype=float32)",3.8242743,0.0023400411009788513
/tmp/DataSetCombined/Edges/Round-4_0014692_edge.png,"tf.Tensor(62.2, shape=(), dtype=float32)",60.35043,0.0023400411009788513
/tmp/DataSetCombined/Edges/Round-1_0025934_edge.png,"tf.Tensor(62.72, shape=(), dtype=float32)",60.556545,0.0023400411009788513
/tmp/DataSetCombined/Edges/Round-1_0075946_edge.png,"tf.Tensor(63.96, shape=(), dtype=float32)",62.471466,0.0023400411009788513
/tmp/DataSetCombined/Edges/Round-6_0110873_edge.png,"tf.Tensor(7.83, shape=(), dtype=float32)",8.25317,0.0023400411009788513
/tmp/DataSetCombined/Edges/Round-7_0044130_edge.png,"tf.Tensor(38.11, shape=(), dtype=float32)",37.86765,0.0023400411009788513
/tmp/DataSetCombined/Edges/Round-8_0016399_edge.png,"tf.Tensor(6.19, shape=(), dtype=float32)",5.8700213,0.0023400411009788513
/tmp/DataSetCombined/Edges/Round-8_0033977_edge.png,"tf.Tensor(3.21, shape=(), dtype=float32)",2.4559145,0.0023400411009788513
/tmp/DataSetCombined/Edges/Round-7_0122268_edge.png,"tf.Tensor(32.18, shape=(), dtype=float32)",33.987694,0.0023400411009788513
/tmp/DataSetCombined/Edges/Round-10_0098882_edge.png,"tf.Tensor(64.04, shape=(), dtype=float32)",62.15098,0.0023400411009788513
/tmp/DataSetCombined/Edges/Round-10_0121575_edge.png,"tf.Tensor(2.92, shape=(), dtype=float32)",2.3067548,0.0023400411009788513
/tmp/DataSetCombined/Edges/Round-6_0064716_edge.png,"tf.Tensor(43.42, shape=(), dtype=float32)",44.58247,0.0023400411009788513
/tmp/DataSetCombined/Edges/Round-5_0074834_edge.png,"tf.Tensor(8.9, shape=(), dtype=float32)",9.0853405,0.0023400411009788513
/tmp/DataSetCombined/Edges/Round-8_0086351_edge.png,"tf.Tensor(64.12, shape=(), dtype=float32)",62.952274,0.0023400411009788513
/tmp/DataSetCombined/Edges/Round-8_0060115_edge.png,"tf.Tensor(4.18, shape=(), dtype=float32)",3.3473585,0.0023400411009788513
/tmp/DataSetCombined/Edges/Round-10_0196403_edge.png,"tf.Tensor(6.08, shape=(), dtype=float32)",6.1394477,0.0023400411009788513
/tmp/DataSetCombined/Edges/Round-8_0055130_edge.png,"tf.Tensor(8.78, shape=(), dtype=float32)",9.305535,0.0023400411009788513
/tmp/DataSetCombined/Edges/Round-7_0028418_edge.png,"tf.Tensor(3.4, shape=(), dtype=float32)",2.6361876,0.0023400411009788513
/tmp/DataSetCombined/Edges/Round-8_0021889_edge.png,"tf.Tensor(63.88, shape=(), dtype=float32)",62.718246,0.0023400411009788513
/tmp/DataSetCombined/Edges/Round-2_0099073_edge.png,"tf.Tensor(58.96, shape=(), dtype=float32)",58.78988,0.0023400411009788513
/tmp/DataSetCombined/Edges/Round-2_0084716_edge.png,"tf.Tensor(59.66, shape=(), dtype=float32)",60.393505,0.0023400411009788513
/tmp/DataSetCombined/Edges/Round-8_0027686_edge.png,"tf.Tensor(20.63, shape=(), dtype=float32)",21.198332,0.0023400411009788513
/tmp/DataSetCombined/Edges/Round-9_0160374_edge.png,"tf.Tensor(41.64, shape=(), dtype=float32)",39.385784,0.0023400411009788513
/tmp/DataSetCombined/Edges/Round-9_0053551_edge.png,"tf.Tensor(8.55, shape=(), dtype=float32)",9.237309,0.0023400411009788513
/tmp/DataSetCombined/Edges/Round-9_0021555_edge.png,"tf.Tensor(47.51, shape=(), dtype=float32)",47.46242,0.0023400411009788513
/tmp/DataSetCombined/Edges/Round-5_0073510_edge.png,"tf.Tensor(8.02, shape=(), dtype=float32)",8.176329,0.0023400411009788513
/tmp/DataSetCombined/Edges/Round-7_0051083_edge.png,"tf.Tensor(63.91, shape=(), dtype=float32)",62.97144,0.0023400411009788513
/tmp/DataSetCombined/Edges/Round-10_0163926_edge.png,"tf.Tensor(64.07, shape=(), dtype=float32)",62.989536,0.0023400411009788513
/tmp/DataSetCombined/Edges/Round-7_0125278_edge.png,"tf.Tensor(41.21, shape=(), dtype=float32)",42.26016,0.0023400411009788513
/tmp/DataSetCombined/Edges/Round-6_0043044_edge.png,"tf.Tensor(6.27, shape=(), dtype=float32)",6.4276104,0.0023400411009788513
/tmp/DataSetCombined/Edges/Round-10_0074770_edge.png,"tf.Tensor(5.13, shape=(), dtype=float32)",4.5150666,0.0023400411009788513
/tmp/DataSetCombined/Edges/Round-4_0080489_edge.png,"tf.Tensor(5.79, shape=(), dtype=float32)",5.2447443,0.0023400411009788513
/tmp/DataSetCombined/Edges/Round-4_0059601_edge.png,"tf.Tensor(7.32, shape=(), dtype=float32)",7.29978,0.0023400411009788513
/tmp/DataSetCombined/Edges/Round-5_0031732_edge.png,"tf.Tensor(42.05, shape=(), dtype=float32)",43.245213,0.0023400411009788513
/tmp/DataSetCombined/Edges/Round-1_0103698_edge.png,"tf.Tensor(14.38, shape=(), dtype=float32)",14.854311,0.0023400411009788513
/tmp/DataSetCombined/Edges/Round-10_0120552_edge.png,"tf.Tensor(37.91, shape=(), dtype=float32)",38.11718,0.002295754849910736
/tmp/DataSetCombined/Edges/Round-8_0073829_edge.png,"tf.Tensor(63.99, shape=(), dtype=float32)",63.478374,0.002295754849910736
/tmp/DataSetCombined/Edges/Round-10_0096712_edge.png,"tf.Tensor(53.02, shape=(), dtype=float32)",50.7074,0.002295754849910736
/tmp/DataSetCombined/Edges/Round-1_0004549_edge.png,"tf.Tensor(4.93, shape=(), dtype=float32)",4.322192,0.002295754849910736
/tmp/DataSetCombined/Edges/Round-8_0030181_edge.png,"tf.Tensor(61.72, shape=(), dtype=float32)",59.3673,0.002295754849910736
/tmp/DataSetCombined/Edges/Round-5_0019060_edge.png,"tf.Tensor(4.12, shape=(), dtype=float32)",3.1808825,0.002295754849910736
/tmp/DataSetCombined/Edges/Round-1_0155168_edge.png,"tf.Tensor(63.12, shape=(), dtype=float32)",62.306404,0.002295754849910736
/tmp/DataSetCombined/Edges/Round-8_0076387_edge.png,"tf.Tensor(65.42, shape=(), dtype=float32)",63.983402,0.002295754849910736
/tmp/DataSetCombined/Edges/Round-9_0099543_edge.png,"tf.Tensor(9.04, shape=(), dtype=float32)",9.524287,0.002295754849910736
/tmp/DataSetCombined/Edges/Round-8_0017915_edge.png,"tf.Tensor(65.0, shape=(), dtype=float32)",62.347393,0.002295754849910736
/tmp/DataSetCombined/Edges/Round-9_0050962_edge.png,"tf.Tensor(7.91, shape=(), dtype=float32)",7.9838667,0.002295754849910736
/tmp/DataSetCombined/Edges/Round-10_0100626_edge.png,"tf.Tensor(3.96, shape=(), dtype=float32)",3.0364633,0.002295754849910736
/tmp/DataSetCombined/Edges/Round-7_0124646_edge.png,"tf.Tensor(64.35, shape=(), dtype=float32)",63.43294,0.002295754849910736
/tmp/DataSetCombined/Edges/Round-10_0045182_edge.png,"tf.Tensor(64.2, shape=(), dtype=float32)",62.757168,0.002295754849910736
/tmp/DataSetCombined/Edges/Round-1_0048434_edge.png,"tf.Tensor(7.65, shape=(), dtype=float32)",8.125425,0.002295754849910736
/tmp/DataSetCombined/Edges/Round-9_0033264_edge.png,"tf.Tensor(5.46, shape=(), dtype=float32)",5.3238254,0.002295754849910736
/tmp/DataSetCombined/Edges/Round-9_0011623_edge.png,"tf.Tensor(64.16, shape=(), dtype=float32)",63.21509,0.002295754849910736
/tmp/DataSetCombined/Edges/Round-5_0091720_edge.png,"tf.Tensor(7.16, shape=(), dtype=float32)",7.554399,0.002295754849910736
/tmp/DataSetCombined/Edges/Round-1_0165823_edge.png,"tf.Tensor(64.38, shape=(), dtype=float32)",63.163223,0.002295754849910736
/tmp/DataSetCombined/Edges/Round-8_0005758_edge.png,"tf.Tensor(64.36, shape=(), dtype=float32)",63.22427,0.002295754849910736
/tmp/DataSetCombined/Edges/Round-1_0004940_edge.png,"tf.Tensor(58.96, shape=(), dtype=float32)",56.425194,0.002295754849910736
/tmp/DataSetCombined/Edges/Round-3_0053634_edge.png,"tf.Tensor(6.65, shape=(), dtype=float32)",6.898962,0.002295754849910736
/tmp/DataSetCombined/Edges/Round-2_0053683_edge.png,"tf.Tensor(7.72, shape=(), dtype=float32)",8.02395,0.002295754849910736
/tmp/DataSetCombined/Edges/Round-8_0010710_edge.png,"tf.Tensor(61.95, shape=(), dtype=float32)",62.19543,0.002295754849910736
/tmp/DataSetCombined/Edges/Round-2_0093926_edge.png,"tf.Tensor(65.14, shape=(), dtype=float32)",63.9204,0.002295754849910736
/tmp/DataSetCombined/Edges/Round-8_0047793_edge.png,"tf.Tensor(10.12, shape=(), dtype=float32)",10.57731,0.002295754849910736
/tmp/DataSetCombined/Edges/Round-10_0098278_edge.png,"tf.Tensor(5.22, shape=(), dtype=float32)",4.9637823,0.002295754849910736
/tmp/DataSetCombined/Edges/Round-8_0059953_edge.png,"tf.Tensor(4.27, shape=(), dtype=float32)",3.5259259,0.002295754849910736
/tmp/DataSetCombined/Edges/Round-8_0025440_edge.png,"tf.Tensor(43.46, shape=(), dtype=float32)",42.566994,0.002295754849910736
/tmp/DataSetCombined/Edges/Round-8_0044374_edge.png,"tf.Tensor(3.4, shape=(), dtype=float32)",2.6483018,0.002295754849910736
/tmp/DataSetCombined/Edges/Round-2_0072375_edge.png,"tf.Tensor(64.3, shape=(), dtype=float32)",63.455685,0.002295754849910736
/tmp/DataSetCombined/Edges/Round-1_0140667_edge.png,"tf.Tensor(17.8, shape=(), dtype=float32)",18.81522,0.002295754849910736
/tmp/DataSetCombined/Edges/Round-10_0050510_edge.png,"tf.Tensor(3.83, shape=(), dtype=float32)",3.0032716,0.002295754849910736
/tmp/DataSetCombined/Edges/Round-10_0188216_edge.png,"tf.Tensor(54.83, shape=(), dtype=float32)",53.240105,0.002295754849910736
/tmp/DataSetCombined/Edges/Round-8_0042146_edge.png,"tf.Tensor(51.45, shape=(), dtype=float32)",51.01171,0.002295754849910736
/tmp/DataSetCombined/Edges/Round-5_0046232_edge.png,"tf.Tensor(41.13, shape=(), dtype=float32)",41.081844,0.002295754849910736
/tmp/DataSetCombined/Edges/Round-10_0138852_edge.png,"tf.Tensor(45.65, shape=(), dtype=float32)",45.60186,0.002295754849910736
/tmp/DataSetCombined/Edges/Round-10_0172443_edge.png,"tf.Tensor(4.58, shape=(), dtype=float32)",3.636615,0.002295754849910736
/tmp/DataSetCombined/Edges/Round-6_0021794_edge.png,"tf.Tensor(5.02, shape=(), dtype=float32)",4.4815264,0.002295754849910736
/tmp/DataSetCombined/Edges/Round-1_0002667_edge.png,"tf.Tensor(48.64, shape=(), dtype=float32)",47.822178,0.002295754849910736
/tmp/DataSetCombined/Edges/Round-3_0026367_edge.png,"tf.Tensor(9.98, shape=(), dtype=float32)",10.475633,0.002295754849910736
/tmp/DataSetCombined/Edges/Round-4_0042188_edge.png,"tf.Tensor(6.67, shape=(), dtype=float32)",6.9471197,0.002295754849910736
/tmp/DataSetCombined/Edges/Round-10_0068810_edge.png,"tf.Tensor(51.98, shape=(), dtype=float32)",51.298534,0.002295754849910736
/tmp/DataSetCombined/Edges/Round-7_0074230_edge.png,"tf.Tensor(65.17, shape=(), dtype=float32)",63.988575,0.002295754849910736
/tmp/DataSetCombined/Edges/Round-5_0055270_edge.png,"tf.Tensor(5.12, shape=(), dtype=float32)",4.4262967,0.002295754849910736
/tmp/DataSetCombined/Edges/Round-10_0191707_edge.png,"tf.Tensor(63.73, shape=(), dtype=float32)",62.29482,0.002295754849910736
/tmp/DataSetCombined/Edges/Round-1_0019300_edge.png,"tf.Tensor(64.89, shape=(), dtype=float32)",63.349728,0.002295754849910736
/tmp/DataSetCombined/Edges/Round-7_0019719_edge.png,"tf.Tensor(5.17, shape=(), dtype=float32)",4.77947,0.002295754849910736
/tmp/DataSetCombined/Edges/Round-10_0020380_edge.png,"tf.Tensor(64.57, shape=(), dtype=float32)",62.980812,0.002295754849910736
/tmp/DataSetCombined/Edges/Round-8_0068182_edge.png,"tf.Tensor(6.84, shape=(), dtype=float32)",6.75181,0.002295754849910736
/tmp/DataSetCombined/Edges/Round-8_0062644_edge.png,"tf.Tensor(4.07, shape=(), dtype=float32)",3.0791097,0.002295754849910736
/tmp/DataSetCombined/Edges/Round-8_0012317_edge.png,"tf.Tensor(6.49, shape=(), dtype=float32)",6.65055,0.002295754849910736
/tmp/DataSetCombined/Edges/Round-1_0039967_edge.png,"tf.Tensor(60.6, shape=(), dtype=float32)",61.1832,0.002295754849910736
/tmp/DataSetCombined/Edges/Round-1_0083802_edge.png,"tf.Tensor(6.91, shape=(), dtype=float32)",7.2348475,0.002295754849910736
/tmp/DataSetCombined/Edges/Round-9_0194447_edge.png,"tf.Tensor(6.27, shape=(), dtype=float32)",6.496067,0.002295754849910736
/tmp/DataSetCombined/Edges/Round-8_0073239_edge.png,"tf.Tensor(61.79, shape=(), dtype=float32)",59.428967,0.002295754849910736
/tmp/DataSetCombined/Edges/Round-2_0082850_edge.png,"tf.Tensor(28.24, shape=(), dtype=float32)",29.280775,0.002295754849910736
/tmp/DataSetCombined/Edges/Round-4_0015805_edge.png,"tf.Tensor(56.56, shape=(), dtype=float32)",55.962337,0.002295754849910736
/tmp/DataSetCombined/Edges/Round-5_0096897_edge.png,"tf.Tensor(63.84, shape=(), dtype=float32)",63.448673,0.002295754849910736
/tmp/DataSetCombined/Edges/Round-3_0015924_edge.png,"tf.Tensor(63.96, shape=(), dtype=float32)",62.2554,0.002295754849910736
/tmp/DataSetCombined/Edges/Round-6_0057523_edge.png,"tf.Tensor(64.43, shape=(), dtype=float32)",63.261982,0.002295754849910736
/tmp/DataSetCombined/Edges/Round-8_0040388_edge.png,"tf.Tensor(52.75, shape=(), dtype=float32)",49.55433,0.002295754849910736
/tmp/DataSetCombined/Edges/Round-7_0016739_edge.png,"tf.Tensor(7.71, shape=(), dtype=float32)",8.20451,0.002295754849910736
/tmp/DataSetCombined/Edges/Round-6_0111703_edge.png,"tf.Tensor(6.21, shape=(), dtype=float32)",5.883089,0.002295754849910736
/tmp/DataSetCombined/Edges/Round-1_0141533_edge.png,"tf.Tensor(64.97, shape=(), dtype=float32)",62.454853,0.002598833292722702
/tmp/DataSetCombined/Edges/Round-4_0020110_edge.png,"tf.Tensor(37.73, shape=(), dtype=float32)",39.08539,0.002598833292722702
/tmp/DataSetCombined/Edges/Round-9_0094095_edge.png,"tf.Tensor(6.67, shape=(), dtype=float32)",6.564585,0.002598833292722702
/tmp/DataSetCombined/Edges/Round-8_0032713_edge.png,"tf.Tensor(2.5, shape=(), dtype=float32)",2.2095096,0.002598833292722702
/tmp/DataSetCombined/Edges/Round-1_0147342_edge.png,"tf.Tensor(20.58, shape=(), dtype=float32)",20.47088,0.002598833292722702
/tmp/DataSetCombined/Edges/Round-1_0045767_edge.png,"tf.Tensor(7.07, shape=(), dtype=float32)",7.1447487,0.002598833292722702
/tmp/DataSetCombined/Edges/Round-5_0023003_edge.png,"tf.Tensor(6.57, shape=(), dtype=float32)",6.8424373,0.002598833292722702
/tmp/DataSetCombined/Edges/Round-8_0066888_edge.png,"tf.Tensor(63.96, shape=(), dtype=float32)",63.53664,0.002598833292722702
/tmp/DataSetCombined/Edges/Round-9_0019508_edge.png,"tf.Tensor(65.11, shape=(), dtype=float32)",63.126858,0.002598833292722702
/tmp/DataSetCombined/Edges/Round-10_0057403_edge.png,"tf.Tensor(9.86, shape=(), dtype=float32)",10.43697,0.002598833292722702
/tmp/DataSetCombined/Edges/Round-10_0019146_edge.png,"tf.Tensor(65.43, shape=(), dtype=float32)",63.94151,0.002598833292722702
/tmp/DataSetCombined/Edges/Round-9_0051685_edge.png,"tf.Tensor(37.16, shape=(), dtype=float32)",36.82536,0.002598833292722702
/tmp/DataSetCombined/Edges/Round-3_0032981_edge.png,"tf.Tensor(64.72, shape=(), dtype=float32)",63.12874,0.002598833292722702
/tmp/DataSetCombined/Edges/Round-9_0024316_edge.png,"tf.Tensor(5.05, shape=(), dtype=float32)",4.412505,0.002598833292722702
/tmp/DataSetCombined/Edges/Round-1_0029201_edge.png,"tf.Tensor(43.63, shape=(), dtype=float32)",43.926224,0.002598833292722702
/tmp/DataSetCombined/Edges/Round-9_0075644_edge.png,"tf.Tensor(62.6, shape=(), dtype=float32)",62.272053,0.002598833292722702
/tmp/DataSetCombined/Edges/Round-8_0017392_edge.png,"tf.Tensor(45.72, shape=(), dtype=float32)",44.360897,0.002598833292722702
/tmp/DataSetCombined/Edges/Round-1_0048667_edge.png,"tf.Tensor(65.16, shape=(), dtype=float32)",63.99969,0.002598833292722702
/tmp/DataSetCombined/Edges/Round-7_0004368_edge.png,"tf.Tensor(52.61, shape=(), dtype=float32)",55.358387,0.002598833292722702
/tmp/DataSetCombined/Edges/Round-3_0060321_edge.png,"tf.Tensor(40.26, shape=(), dtype=float32)",39.03783,0.002598833292722702
/tmp/DataSetCombined/Edges/Round-10_0008069_edge.png,"tf.Tensor(65.18, shape=(), dtype=float32)",64.14998,0.002598833292722702
/tmp/DataSetCombined/Edges/Round-6_0113177_edge.png,"tf.Tensor(56.62, shape=(), dtype=float32)",55.54839,0.002598833292722702
/tmp/DataSetCombined/Edges/Round-8_0043398_edge.png,"tf.Tensor(7.22, shape=(), dtype=float32)",7.5573463,0.002598833292722702
/tmp/DataSetCombined/Edges/Round-9_0171512_edge.png,"tf.Tensor(27.09, shape=(), dtype=float32)",28.8819,0.002598833292722702
/tmp/DataSetCombined/Edges/Round-4_0085968_edge.png,"tf.Tensor(8.51, shape=(), dtype=float32)",8.731592,0.002598833292722702
/tmp/DataSetCombined/Edges/Round-10_0083800_edge.png,"tf.Tensor(6.05, shape=(), dtype=float32)",5.7505336,0.002598833292722702
/tmp/DataSetCombined/Edges/Round-10_0106826_edge.png,"tf.Tensor(4.93, shape=(), dtype=float32)",4.1340623,0.002598833292722702
/tmp/DataSetCombined/Edges/Round-5_0080524_edge.png,"tf.Tensor(6.13, shape=(), dtype=float32)",5.7465544,0.002598833292722702
/tmp/DataSetCombined/Edges/Round-10_0171330_edge.png,"tf.Tensor(64.72, shape=(), dtype=float32)",62.77167,0.002598833292722702
/tmp/DataSetCombined/Edges/Round-10_0184302_edge.png,"tf.Tensor(64.16, shape=(), dtype=float32)",63.31218,0.002598833292722702
/tmp/DataSetCombined/Edges/Round-6_0113749_edge.png,"tf.Tensor(62.9, shape=(), dtype=float32)",61.20536,0.002598833292722702
/tmp/DataSetCombined/Edges/Round-7_0098490_edge.png,"tf.Tensor(65.06, shape=(), dtype=float32)",62.79171,0.002598833292722702
/tmp/DataSetCombined/Edges/Round-1_0103728_edge.png,"tf.Tensor(64.12, shape=(), dtype=float32)",63.55304,0.002598833292722702
/tmp/DataSetCombined/Edges/Round-10_0098971_edge.png,"tf.Tensor(3.6, shape=(), dtype=float32)",2.7709062,0.002598833292722702
/tmp/DataSetCombined/Edges/Round-3_0011620_edge.png,"tf.Tensor(11.71, shape=(), dtype=float32)",12.172131,0.002598833292722702
/tmp/DataSetCombined/Edges/Round-8_0039351_edge.png,"tf.Tensor(45.78, shape=(), dtype=float32)",45.49416,0.002598833292722702
/tmp/DataSetCombined/Edges/Round-5_0092533_edge.png,"tf.Tensor(9.63, shape=(), dtype=float32)",10.287981,0.002598833292722702
/tmp/DataSetCombined/Edges/Round-4_0063634_edge.png,"tf.Tensor(63.68, shape=(), dtype=float32)",62.35719,0.002598833292722702
/tmp/DataSetCombined/Edges/Round-1_0091057_edge.png,"tf.Tensor(4.15, shape=(), dtype=float32)",3.3014219,0.002598833292722702
/tmp/DataSetCombined/Edges/Round-9_0096653_edge.png,"tf.Tensor(51.07, shape=(), dtype=float32)",53.621284,0.002598833292722702
/tmp/DataSetCombined/Edges/Round-2_0068500_edge.png,"tf.Tensor(64.13, shape=(), dtype=float32)",63.27255,0.002598833292722702
/tmp/DataSetCombined/Edges/Round-10_0156912_edge.png,"tf.Tensor(8.82, shape=(), dtype=float32)",9.319219,0.002598833292722702
/tmp/DataSetCombined/Edges/Round-9_0045906_edge.png,"tf.Tensor(60.77, shape=(), dtype=float32)",60.67911,0.002598833292722702
/tmp/DataSetCombined/Edges/Round-8_0022491_edge.png,"tf.Tensor(59.65, shape=(), dtype=float32)",56.84339,0.002598833292722702
/tmp/DataSetCombined/Edges/Round-4_0077334_edge.png,"tf.Tensor(9.83, shape=(), dtype=float32)",10.417972,0.002598833292722702
/tmp/DataSetCombined/Edges/Round-2_0074834_edge.png,"tf.Tensor(2.94, shape=(), dtype=float32)",2.3242013,0.002598833292722702
/tmp/DataSetCombined/Edges/Round-7_0136385_edge.png,"tf.Tensor(13.18, shape=(), dtype=float32)",13.677283,0.002598833292722702
/tmp/DataSetCombined/Edges/Round-6_0064024_edge.png,"tf.Tensor(5.18, shape=(), dtype=float32)",4.769479,0.002598833292722702
/tmp/DataSetCombined/Edges/Round-4_0012344_edge.png,"tf.Tensor(63.92, shape=(), dtype=float32)",62.22452,0.002598833292722702
/tmp/DataSetCombined/Edges/Round-10_0002546_edge.png,"tf.Tensor(53.12, shape=(), dtype=float32)",51.68925,0.002598833292722702
/tmp/DataSetCombined/Edges/Round-5_0066076_edge.png,"tf.Tensor(64.25, shape=(), dtype=float32)",63.390728,0.002598833292722702
/tmp/DataSetCombined/Edges/Round-5_0083310_edge.png,"tf.Tensor(8.32, shape=(), dtype=float32)",8.614993,0.002598833292722702
/tmp/DataSetCombined/Edges/Round-5_0065021_edge.png,"tf.Tensor(28.54, shape=(), dtype=float32)",30.188623,0.002598833292722702
/tmp/DataSetCombined/Edges/Round-9_0126723_edge.png,"tf.Tensor(57.15, shape=(), dtype=float32)",57.203373,0.002598833292722702
/tmp/DataSetCombined/Edges/Round-8_0068874_edge.png,"tf.Tensor(65.07, shape=(), dtype=float32)",64.060745,0.002598833292722702
/tmp/DataSetCombined/Edges/Round-8_0047083_edge.png,"tf.Tensor(63.95, shape=(), dtype=float32)",61.860897,0.002598833292722702
/tmp/DataSetCombined/Edges/Round-1_0163596_edge.png,"tf.Tensor(64.12, shape=(), dtype=float32)",63.492985,0.002598833292722702
/tmp/DataSetCombined/Edges/Round-10_0047199_edge.png,"tf.Tensor(64.51, shape=(), dtype=float32)",62.86348,0.002598833292722702
/tmp/DataSetCombined/Edges/Round-4_0011682_edge.png,"tf.Tensor(6.07, shape=(), dtype=float32)",5.713424,0.002598833292722702
/tmp/DataSetCombined/Edges/Round-1_0121943_edge.png,"tf.Tensor(62.06, shape=(), dtype=float32)",62.699898,0.002598833292722702
/tmp/DataSetCombined/Edges/Round-5_0073299_edge.png,"tf.Tensor(33.27, shape=(), dtype=float32)",33.851124,0.002598833292722702
/tmp/DataSetCombined/Edges/Round-3_0063602_edge.png,"tf.Tensor(64.19, shape=(), dtype=float32)",63.436203,0.002598833292722702
/tmp/DataSetCombined/Edges/Round-1_0119379_edge.png,"tf.Tensor(13.7, shape=(), dtype=float32)",14.017705,0.002598833292722702
/tmp/DataSetCombined/Edges/Round-1_0155410_edge.png,"tf.Tensor(65.32, shape=(), dtype=float32)",64.02546,0.002598833292722702
/tmp/DataSetCombined/Edges/Round-7_0068932_edge.png,"tf.Tensor(25.08, shape=(), dtype=float32)",25.988289,0.0021753832697868347
/tmp/DataSetCombined/Edges/Round-4_0077239_edge.png,"tf.Tensor(14.29, shape=(), dtype=float32)",14.721313,0.0021753832697868347
/tmp/DataSetCombined/Edges/Round-9_0105834_edge.png,"tf.Tensor(55.63, shape=(), dtype=float32)",54.489544,0.0021753832697868347
/tmp/DataSetCombined/Edges/Round-9_0130555_edge.png,"tf.Tensor(6.6, shape=(), dtype=float32)",6.76799,0.0021753832697868347
/tmp/DataSetCombined/Edges/Round-3_0026934_edge.png,"tf.Tensor(3.29, shape=(), dtype=float32)",2.4725363,0.0021753832697868347
/tmp/DataSetCombined/Edges/Round-7_0014692_edge.png,"tf.Tensor(65.24, shape=(), dtype=float32)",64.27724,0.0021753832697868347
/tmp/DataSetCombined/Edges/Round-6_0129770_edge.png,"tf.Tensor(32.66, shape=(), dtype=float32)",32.695744,0.0021753832697868347
/tmp/DataSetCombined/Edges/Round-3_0045267_edge.png,"tf.Tensor(3.57, shape=(), dtype=float32)",2.6608489,0.0021753832697868347
/tmp/DataSetCombined/Edges/Round-7_0082085_edge.png,"tf.Tensor(5.86, shape=(), dtype=float32)",5.4225287,0.0021753832697868347
/tmp/DataSetCombined/Edges/Round-2_0053231_edge.png,"tf.Tensor(65.27, shape=(), dtype=float32)",62.926304,0.0021753832697868347
/tmp/DataSetCombined/Edges/Round-2_0109488_edge.png,"tf.Tensor(30.83, shape=(), dtype=float32)",31.28749,0.0021753832697868347
/tmp/DataSetCombined/Edges/Round-10_0054844_edge.png,"tf.Tensor(59.14, shape=(), dtype=float32)",59.898434,0.0021753832697868347
/tmp/DataSetCombined/Edges/Round-10_0184995_edge.png,"tf.Tensor(63.58, shape=(), dtype=float32)",62.06593,0.0021753832697868347
/tmp/DataSetCombined/Edges/Round-1_0101320_edge.png,"tf.Tensor(64.09, shape=(), dtype=float32)",63.129307,0.0021753832697868347
/tmp/DataSetCombined/Edges/Round-5_0126395_edge.png,"tf.Tensor(4.94, shape=(), dtype=float32)",4.2605968,0.0021753832697868347
/tmp/DataSetCombined/Edges/Round-8_0075635_edge.png,"tf.Tensor(3.24, shape=(), dtype=float32)",2.4660273,0.0021753832697868347
/tmp/DataSetCombined/Edges/Round-1_0154716_edge.png,"tf.Tensor(6.89, shape=(), dtype=float32)",6.9798408,0.0021753832697868347
/tmp/DataSetCombined/Edges/Round-7_0017070_edge.png,"tf.Tensor(5.91, shape=(), dtype=float32)",5.9670734,0.0021753832697868347
/tmp/DataSetCombined/Edges/Round-7_0033980_edge.png,"tf.Tensor(5.15, shape=(), dtype=float32)",4.5555596,0.0021753832697868347
/tmp/DataSetCombined/Edges/Round-1_0069134_edge.png,"tf.Tensor(5.8, shape=(), dtype=float32)",5.789887,0.0021753832697868347
/tmp/DataSetCombined/Edges/Round-8_0066346_edge.png,"tf.Tensor(12.32, shape=(), dtype=float32)",12.680438,0.0021753832697868347
/tmp/DataSetCombined/Edges/Round-7_0006987_edge.png,"tf.Tensor(22.6, shape=(), dtype=float32)",23.594543,0.0021753832697868347
/tmp/DataSetCombined/Edges/Round-7_0085757_edge.png,"tf.Tensor(5.23, shape=(), dtype=float32)",4.891462,0.0021753832697868347
/tmp/DataSetCombined/Edges/Round-7_0061738_edge.png,"tf.Tensor(30.47, shape=(), dtype=float32)",32.107838,0.0021753832697868347
/tmp/DataSetCombined/Edges/Round-1_0147883_edge.png,"tf.Tensor(64.26, shape=(), dtype=float32)",63.475647,0.0021753832697868347
/tmp/DataSetCombined/Edges/Round-10_0022638_edge.png,"tf.Tensor(58.36, shape=(), dtype=float32)",59.04347,0.0021753832697868347
/tmp/DataSetCombined/Edges/Round-7_0086209_edge.png,"tf.Tensor(5.51, shape=(), dtype=float32)",5.078224,0.0021753832697868347
/tmp/DataSetCombined/Edges/Round-9_0189631_edge.png,"tf.Tensor(9.1, shape=(), dtype=float32)",9.674068,0.0021753832697868347
/tmp/DataSetCombined/Edges/Round-5_0103549_edge.png,"tf.Tensor(8.32, shape=(), dtype=float32)",8.7397585,0.0021753832697868347
/tmp/DataSetCombined/Edges/Round-8_0014111_edge.png,"tf.Tensor(64.45, shape=(), dtype=float32)",62.330456,0.0021753832697868347
/tmp/DataSetCombined/Edges/Round-6_0129822_edge.png,"tf.Tensor(64.08, shape=(), dtype=float32)",62.20844,0.0021753832697868347
/tmp/DataSetCombined/Edges/Round-10_0164196_edge.png,"tf.Tensor(45.8, shape=(), dtype=float32)",45.326286,0.0021753832697868347
/tmp/DataSetCombined/Edges/Round-10_0120702_edge.png,"tf.Tensor(8.76, shape=(), dtype=float32)",9.198659,0.0021753832697868347
/tmp/DataSetCombined/Edges/Round-4_0005963_edge.png,"tf.Tensor(64.81, shape=(), dtype=float32)",61.543518,0.0021753832697868347
/tmp/DataSetCombined/Edges/Round-9_0092831_edge.png,"tf.Tensor(5.38, shape=(), dtype=float32)",5.2493896,0.0021753832697868347
/tmp/DataSetCombined/Edges/Round-5_0076972_edge.png,"tf.Tensor(34.0, shape=(), dtype=float32)",35.07884,0.0021753832697868347
/tmp/DataSetCombined/Edges/Round-9_0116610_edge.png,"tf.Tensor(7.51, shape=(), dtype=float32)",7.8955727,0.0021753832697868347
/tmp/DataSetCombined/Edges/Round-8_0027596_edge.png,"tf.Tensor(3.7, shape=(), dtype=float32)",2.8794727,0.0021753832697868347
/tmp/DataSetCombined/Edges/Round-9_0194056_edge.png,"tf.Tensor(64.42, shape=(), dtype=float32)",63.765293,0.0021753832697868347
/tmp/DataSetCombined/Edges/Round-9_0194026_edge.png,"tf.Tensor(9.61, shape=(), dtype=float32)",10.237039,0.0021753832697868347
/tmp/DataSetCombined/Edges/Round-5_0003819_edge.png,"tf.Tensor(61.3, shape=(), dtype=float32)",60.082966,0.0021753832697868347
/tmp/DataSetCombined/Edges/Round-7_0102583_edge.png,"tf.Tensor(64.08, shape=(), dtype=float32)",63.58458,0.0021753832697868347
/tmp/DataSetCombined/Edges/Round-10_0050088_edge.png,"tf.Tensor(7.42, shape=(), dtype=float32)",7.8860207,0.0021753832697868347
/tmp/DataSetCombined/Edges/Round-4_0036514_edge.png,"tf.Tensor(9.72, shape=(), dtype=float32)",10.36182,0.0021753832697868347
/tmp/DataSetCombined/Edges/Round-1_0171090_edge.png,"tf.Tensor(15.67, shape=(), dtype=float32)",16.465115,0.0021753832697868347
/tmp/DataSetCombined/Edges/Round-5_0062222_edge.png,"tf.Tensor(40.26, shape=(), dtype=float32)",39.836765,0.0021753832697868347
/tmp/DataSetCombined/Edges/Round-1_0038134_edge.png,"tf.Tensor(42.99, shape=(), dtype=float32)",41.822372,0.0021753832697868347
/tmp/DataSetCombined/Edges/Round-8_0010120_edge.png,"tf.Tensor(31.36, shape=(), dtype=float32)",32.406776,0.0021753832697868347
/tmp/DataSetCombined/Edges/Round-1_0070742_edge.png,"tf.Tensor(8.75, shape=(), dtype=float32)",9.244884,0.0021753832697868347
/tmp/DataSetCombined/Edges/Round-8_0014714_edge.png,"tf.Tensor(3.26, shape=(), dtype=float32)",2.4876683,0.0021753832697868347
/tmp/DataSetCombined/Edges/Round-9_0085758_edge.png,"tf.Tensor(6.24, shape=(), dtype=float32)",6.429109,0.0021753832697868347
/tmp/DataSetCombined/Edges/Round-9_0138462_edge.png,"tf.Tensor(6.07, shape=(), dtype=float32)",6.0927973,0.0021753832697868347
/tmp/DataSetCombined/Edges/Round-10_0072151_edge.png,"tf.Tensor(65.4, shape=(), dtype=float32)",63.843365,0.0021753832697868347
/tmp/DataSetCombined/Edges/Round-6_0013457_edge.png,"tf.Tensor(5.37, shape=(), dtype=float32)",5.173977,0.0021753832697868347
/tmp/DataSetCombined/Edges/Round-9_0009997_edge.png,"tf.Tensor(64.28, shape=(), dtype=float32)",63.40244,0.0021753832697868347
/tmp/DataSetCombined/Edges/Round-6_0044218_edge.png,"tf.Tensor(53.33, shape=(), dtype=float32)",52.38931,0.0021753832697868347
/tmp/DataSetCombined/Edges/Round-7_0079256_edge.png,"tf.Tensor(63.9, shape=(), dtype=float32)",61.829296,0.0021753832697868347
/tmp/DataSetCombined/Edges/Round-7_0028448_edge.png,"tf.Tensor(4.71, shape=(), dtype=float32)",3.9726794,0.0021753832697868347
/tmp/DataSetCombined/Edges/Round-6_0058666_edge.png,"tf.Tensor(65.21, shape=(), dtype=float32)",63.12431,0.0021753832697868347
/tmp/DataSetCombined/Edges/Round-9_0033203_edge.png,"tf.Tensor(3.71, shape=(), dtype=float32)",2.8604162,0.0021753832697868347
/tmp/DataSetCombined/Edges/Round-8_0057936_edge.png,"tf.Tensor(45.07, shape=(), dtype=float32)",44.946835,0.0021753832697868347
/tmp/DataSetCombined/Edges/Round-9_0158930_edge.png,"tf.Tensor(59.76, shape=(), dtype=float32)",57.426693,0.0021753832697868347
/tmp/DataSetCombined/Edges/Round-4_0043256_edge.png,"tf.Tensor(9.53, shape=(), dtype=float32)",10.077176,0.0021753832697868347
/tmp/DataSetCombined/Edges/Round-5_0018669_edge.png,"tf.Tensor(4.76, shape=(), dtype=float32)",4.030002,0.0021753832697868347
/tmp/DataSetCombined/Edges/Round-6_0086388_edge.png,"tf.Tensor(3.99, shape=(), dtype=float32)",3.2111068,0.002205386757850647
/tmp/DataSetCombined/Edges/Round-8_0036909_edge.png,"tf.Tensor(65.29, shape=(), dtype=float32)",64.34161,0.002205386757850647
/tmp/DataSetCombined/Edges/Round-1_0099243_edge.png,"tf.Tensor(2.57, shape=(), dtype=float32)",2.2044635,0.002205386757850647
/tmp/DataSetCombined/Edges/Round-3_0034105_edge.png,"tf.Tensor(47.44, shape=(), dtype=float32)",49.33069,0.002205386757850647
/tmp/DataSetCombined/Edges/Round-10_0092409_edge.png,"tf.Tensor(50.12, shape=(), dtype=float32)",47.872578,0.002205386757850647
/tmp/DataSetCombined/Edges/Round-5_0047022_edge.png,"tf.Tensor(4.99, shape=(), dtype=float32)",4.491637,0.002205386757850647
/tmp/DataSetCombined/Edges/Round-4_0071797_edge.png,"tf.Tensor(2.89, shape=(), dtype=float32)",2.3298163,0.002205386757850647
/tmp/DataSetCombined/Edges/Round-10_0157875_edge.png,"tf.Tensor(28.38, shape=(), dtype=float32)",29.942732,0.002205386757850647
/tmp/DataSetCombined/Edges/Round-9_0009816_edge.png,"tf.Tensor(55.35, shape=(), dtype=float32)",54.937977,0.002205386757850647
/tmp/DataSetCombined/Edges/Round-6_0050178_edge.png,"tf.Tensor(56.5, shape=(), dtype=float32)",55.607777,0.002205386757850647
/tmp/DataSetCombined/Edges/Round-3_0063753_edge.png,"tf.Tensor(63.77, shape=(), dtype=float32)",62.4781,0.002205386757850647
/tmp/DataSetCombined/Edges/Round-8_0040943_edge.png,"tf.Tensor(13.44, shape=(), dtype=float32)",13.7214365,0.002205386757850647
/tmp/DataSetCombined/Edges/Round-8_0051717_edge.png,"tf.Tensor(28.65, shape=(), dtype=float32)",29.699871,0.002205386757850647
/tmp/DataSetCombined/Edges/Round-9_0090694_edge.png,"tf.Tensor(6.29, shape=(), dtype=float32)",6.4175634,0.002205386757850647
/tmp/DataSetCombined/Edges/Round-1_0067134_edge.png,"tf.Tensor(62.67, shape=(), dtype=float32)",63.275967,0.002205386757850647
/tmp/DataSetCombined/Edges/Round-5_0009458_edge.png,"tf.Tensor(30.52, shape=(), dtype=float32)",32.236492,0.002205386757850647
/tmp/DataSetCombined/Edges/Round-1_0118422_edge.png,"tf.Tensor(6.42, shape=(), dtype=float32)",6.33739,0.002205386757850647
/tmp/DataSetCombined/Edges/Round-4_0040547_edge.png,"tf.Tensor(64.6, shape=(), dtype=float32)",62.579,0.002205386757850647
/tmp/DataSetCombined/Edges/Round-6_0028687_edge.png,"tf.Tensor(64.2, shape=(), dtype=float32)",63.176636,0.002205386757850647
/tmp/DataSetCombined/Edges/Round-9_0181956_edge.png,"tf.Tensor(7.38, shape=(), dtype=float32)",7.8055725,0.002205386757850647
/tmp/DataSetCombined/Edges/Round-3_0086267_edge.png,"tf.Tensor(5.93, shape=(), dtype=float32)",5.981448,0.002205386757850647
/tmp/DataSetCombined/Edges/Round-2_0096063_edge.png,"tf.Tensor(6.14, shape=(), dtype=float32)",6.31867,0.002205386757850647
/tmp/DataSetCombined/Edges/Round-10_0125006_edge.png,"tf.Tensor(65.21, shape=(), dtype=float32)",63.760754,0.002205386757850647
/tmp/DataSetCombined/Edges/Round-8_0030979_edge.png,"tf.Tensor(64.68, shape=(), dtype=float32)",62.50045,0.002205386757850647
/tmp/DataSetCombined/Edges/Round-7_0067577_edge.png,"tf.Tensor(3.37, shape=(), dtype=float32)",2.6410198,0.002205386757850647
/tmp/DataSetCombined/Edges/Round-10_0125428_edge.png,"tf.Tensor(62.64, shape=(), dtype=float32)",60.484898,0.002205386757850647
/tmp/DataSetCombined/Edges/Round-5_0063046_edge.png,"tf.Tensor(65.35, shape=(), dtype=float32)",64.03079,0.002205386757850647
/tmp/DataSetCombined/Edges/Round-7_0066704_edge.png,"tf.Tensor(7.35, shape=(), dtype=float32)",7.741189,0.002205386757850647
/tmp/DataSetCombined/Edges/Round-6_0005970_edge.png,"tf.Tensor(4.69, shape=(), dtype=float32)",3.9521725,0.002205386757850647
/tmp/DataSetCombined/Edges/Round-1_0154054_edge.png,"tf.Tensor(8.34, shape=(), dtype=float32)",8.784038,0.002205386757850647
/tmp/DataSetCombined/Edges/Round-10_0109776_edge.png,"tf.Tensor(8.2, shape=(), dtype=float32)",8.359066,0.002205386757850647
/tmp/DataSetCombined/Edges/Round-10_0097345_edge.png,"tf.Tensor(16.9, shape=(), dtype=float32)",17.759989,0.002205386757850647
/tmp/DataSetCombined/Edges/Round-1_0053551_edge.png,"tf.Tensor(58.17, shape=(), dtype=float32)",58.477425,0.002205386757850647
/tmp/DataSetCombined/Edges/Round-10_0193393_edge.png,"tf.Tensor(56.01, shape=(), dtype=float32)",56.370327,0.002205386757850647
/tmp/DataSetCombined/Edges/Round-7_0118897_edge.png,"tf.Tensor(12.58, shape=(), dtype=float32)",13.118014,0.002205386757850647
/tmp/DataSetCombined/Edges/Round-3_0009062_edge.png,"tf.Tensor(4.76, shape=(), dtype=float32)",3.8399136,0.002205386757850647
/tmp/DataSetCombined/Edges/Round-6_0090090_edge.png,"tf.Tensor(56.95, shape=(), dtype=float32)",57.672527,0.002205386757850647
/tmp/DataSetCombined/Edges/Round-5_0046781_edge.png,"tf.Tensor(9.84, shape=(), dtype=float32)",10.469161,0.002205386757850647
/tmp/DataSetCombined/Edges/Round-1_0144543_edge.png,"tf.Tensor(7.15, shape=(), dtype=float32)",7.1894155,0.002205386757850647
/tmp/DataSetCombined/Edges/Round-10_0193844_edge.png,"tf.Tensor(3.31, shape=(), dtype=float32)",2.5856683,0.002205386757850647
/tmp/DataSetCombined/Edges/Round-6_0084131_edge.png,"tf.Tensor(11.53, shape=(), dtype=float32)",11.959895,0.002205386757850647
/tmp/DataSetCombined/Edges/Round-8_0072745_edge.png,"tf.Tensor(27.4, shape=(), dtype=float32)",29.422707,0.002205386757850647
/tmp/DataSetCombined/Edges/Round-10_0008340_edge.png,"tf.Tensor(64.28, shape=(), dtype=float32)",63.52219,0.002205386757850647
/tmp/DataSetCombined/Edges/Round-10_0019176_edge.png,"tf.Tensor(65.25, shape=(), dtype=float32)",63.76186,0.002205386757850647
/tmp/DataSetCombined/Edges/Round-1_0100086_edge.png,"tf.Tensor(3.33, shape=(), dtype=float32)",2.591375,0.002205386757850647
/tmp/DataSetCombined/Edges/Round-1_0096173_edge.png,"tf.Tensor(64.54, shape=(), dtype=float32)",63.017452,0.002205386757850647
/tmp/DataSetCombined/Edges/Round-4_0046326_edge.png,"tf.Tensor(6.55, shape=(), dtype=float32)",6.37109,0.002205386757850647
/tmp/DataSetCombined/Edges/Round-2_0058500_edge.png,"tf.Tensor(3.27, shape=(), dtype=float32)",2.504238,0.002205386757850647
/tmp/DataSetCombined/Edges/Round-10_0112063_edge.png,"tf.Tensor(56.77, shape=(), dtype=float32)",55.349915,0.002205386757850647
/tmp/DataSetCombined/Edges/Round-3_0073836_edge.png,"tf.Tensor(3.46, shape=(), dtype=float32)",2.6178355,0.002205386757850647
/tmp/DataSetCombined/Edges/Round-2_0076107_edge.png,"tf.Tensor(64.67, shape=(), dtype=float32)",63.361507,0.002205386757850647
/tmp/DataSetCombined/Edges/Round-7_0010237_edge.png,"tf.Tensor(5.17, shape=(), dtype=float32)",4.905322,0.002205386757850647
/tmp/DataSetCombined/Edges/Round-6_0035489_edge.png,"tf.Tensor(64.24, shape=(), dtype=float32)",64.105896,0.002205386757850647
/tmp/DataSetCombined/Edges/Round-8_0011685_edge.png,"tf.Tensor(7.28, shape=(), dtype=float32)",7.646899,0.002205386757850647
/tmp/DataSetCombined/Edges/Round-10_0008822_edge.png,"tf.Tensor(3.69, shape=(), dtype=float32)",2.73281,0.002205386757850647
/tmp/DataSetCombined/Edges/Round-10_0097766_edge.png,"tf.Tensor(64.9, shape=(), dtype=float32)",63.28678,0.002205386757850647
/tmp/DataSetCombined/Edges/Round-10_0122538_edge.png,"tf.Tensor(33.79, shape=(), dtype=float32)",34.976006,0.002205386757850647
/tmp/DataSetCombined/Edges/Round-7_0102403_edge.png,"tf.Tensor(3.9, shape=(), dtype=float32)",3.0724347,0.002205386757850647
/tmp/DataSetCombined/Edges/Round-8_0017765_edge.png,"tf.Tensor(1.98, shape=(), dtype=float32)",2.0939147,0.002205386757850647
/tmp/DataSetCombined/Edges/Round-9_0197758_edge.png,"tf.Tensor(64.03, shape=(), dtype=float32)",63.377453,0.002205386757850647
/tmp/DataSetCombined/Edges/Round-2_0010800_edge.png,"tf.Tensor(64.39, shape=(), dtype=float32)",62.914623,0.002205386757850647
/tmp/DataSetCombined/Edges/Round-1_0106497_edge.png,"tf.Tensor(3.83, shape=(), dtype=float32)",2.95984,0.002205386757850647
/tmp/DataSetCombined/Edges/Round-1_0020300_edge.png,"tf.Tensor(64.24, shape=(), dtype=float32)",62.955376,0.002205386757850647
/tmp/DataSetCombined/Edges/Round-10_0061225_edge.png,"tf.Tensor(3.39, shape=(), dtype=float32)",2.5803437,0.002205386757850647
/tmp/DataSetCombined/Edges/Round-10_0058065_edge.png,"tf.Tensor(3.56, shape=(), dtype=float32)",2.7019405,0.0021776072680950165
/tmp/DataSetCombined/Edges/Round-2_0072856_edge.png,"tf.Tensor(34.64, shape=(), dtype=float32)",35.537376,0.0021776072680950165
/tmp/DataSetCombined/Edges/Round-10_0010387_edge.png,"tf.Tensor(63.93, shape=(), dtype=float32)",63.324017,0.0021776072680950165
/tmp/DataSetCombined/Edges/Round-7_0090543_edge.png,"tf.Tensor(7.11, shape=(), dtype=float32)",7.532336,0.0021776072680950165
/tmp/DataSetCombined/Edges/Round-10_0033233_edge.png,"tf.Tensor(39.95, shape=(), dtype=float32)",40.56518,0.0021776072680950165
/tmp/DataSetCombined/Edges/Round-9_0003194_edge.png,"tf.Tensor(51.51, shape=(), dtype=float32)",47.307537,0.0021776072680950165
/tmp/DataSetCombined/Edges/Round-8_0050893_edge.png,"tf.Tensor(5.64, shape=(), dtype=float32)",5.452979,0.0021776072680950165
/tmp/DataSetCombined/Edges/Round-4_0039073_edge.png,"tf.Tensor(64.35, shape=(), dtype=float32)",62.94457,0.0021776072680950165
/tmp/DataSetCombined/Edges/Round-10_0139454_edge.png,"tf.Tensor(8.47, shape=(), dtype=float32)",8.90083,0.0021776072680950165
/tmp/DataSetCombined/Edges/Round-3_0030767_edge.png,"tf.Tensor(6.63, shape=(), dtype=float32)",6.518382,0.0021776072680950165
/tmp/DataSetCombined/Edges/Round-8_0066466_edge.png,"tf.Tensor(5.51, shape=(), dtype=float32)",5.0975146,0.0021776072680950165
/tmp/DataSetCombined/Edges/Round-7_0007620_edge.png,"tf.Tensor(23.62, shape=(), dtype=float32)",25.176054,0.0021776072680950165
/tmp/DataSetCombined/Edges/Round-8_0053061_edge.png,"tf.Tensor(21.05, shape=(), dtype=float32)",21.826218,0.0021776072680950165
/tmp/DataSetCombined/Edges/Round-5_0016080_edge.png,"tf.Tensor(45.03, shape=(), dtype=float32)",43.118088,0.0021776072680950165
/tmp/DataSetCombined/Edges/Round-3_0036700_edge.png,"tf.Tensor(64.96, shape=(), dtype=float32)",63.22305,0.0021776072680950165
/tmp/DataSetCombined/Edges/Round-4_0047049_edge.png,"tf.Tensor(4.43, shape=(), dtype=float32)",3.8174036,0.0021776072680950165
/tmp/DataSetCombined/Edges/Round-8_0056281_edge.png,"tf.Tensor(64.29, shape=(), dtype=float32)",63.6699,0.0021776072680950165
/tmp/DataSetCombined/Edges/Round-3_0085364_edge.png,"tf.Tensor(27.16, shape=(), dtype=float32)",27.66502,0.0021776072680950165
/tmp/DataSetCombined/Edges/Round-7_0060925_edge.png,"tf.Tensor(3.48, shape=(), dtype=float32)",3.0927045,0.0021776072680950165
/tmp/DataSetCombined/Edges/Round-5_0030196_edge.png,"tf.Tensor(64.1, shape=(), dtype=float32)",63.28716,0.0021776072680950165
/tmp/DataSetCombined/Edges/Round-6_0063392_edge.png,"tf.Tensor(65.36, shape=(), dtype=float32)",63.99969,0.0021776072680950165
/tmp/DataSetCombined/Edges/Round-5_0035765_edge.png,"tf.Tensor(64.81, shape=(), dtype=float32)",62.9839,0.0021776072680950165
/tmp/DataSetCombined/Edges/Round-9_0167628_edge.png,"tf.Tensor(64.23, shape=(), dtype=float32)",63.5812,0.0021776072680950165
/tmp/DataSetCombined/Edges/Round-6_0100264_edge.png,"tf.Tensor(35.94, shape=(), dtype=float32)",36.264587,0.0021776072680950165
/tmp/DataSetCombined/Edges/Round-3_0048101_edge.png,"tf.Tensor(63.65, shape=(), dtype=float32)",60.97411,0.0021776072680950165
/tmp/DataSetCombined/Edges/Round-10_0178509_edge.png,"tf.Tensor(65.28, shape=(), dtype=float32)",62.54535,0.0021776072680950165
/tmp/DataSetCombined/Edges/Round-5_0041785_edge.png,"tf.Tensor(40.65, shape=(), dtype=float32)",40.489216,0.0021776072680950165
/tmp/DataSetCombined/Edges/Round-8_0059513_edge.png,"tf.Tensor(64.28, shape=(), dtype=float32)",63.2367,0.0021776072680950165
/tmp/DataSetCombined/Edges/Round-9_0006415_edge.png,"tf.Tensor(63.88, shape=(), dtype=float32)",60.72549,0.0021776072680950165
/tmp/DataSetCombined/Edges/Round-5_0063938_edge.png,"tf.Tensor(48.66, shape=(), dtype=float32)",47.7992,0.0021776072680950165
/tmp/DataSetCombined/Edges/Round-4_0026852_edge.png,"tf.Tensor(64.91, shape=(), dtype=float32)",64.159935,0.0021776072680950165
/tmp/DataSetCombined/Edges/Round-9_0065087_edge.png,"tf.Tensor(64.55, shape=(), dtype=float32)",63.037205,0.0021776072680950165
/tmp/DataSetCombined/Edges/Round-10_0113870_edge.png,"tf.Tensor(24.69, shape=(), dtype=float32)",25.879015,0.0021776072680950165
/tmp/DataSetCombined/Edges/Round-10_0058305_edge.png,"tf.Tensor(3.9, shape=(), dtype=float32)",2.956939,0.0021776072680950165
/tmp/DataSetCombined/Edges/Round-7_0071159_edge.png,"tf.Tensor(10.68, shape=(), dtype=float32)",11.119603,0.0021776072680950165
/tmp/DataSetCombined/Edges/Round-9_0002243_edge.png,"tf.Tensor(9.96, shape=(), dtype=float32)",10.520049,0.0021776072680950165
/tmp/DataSetCombined/Edges/Round-6_0000485_edge.png,"tf.Tensor(6.12, shape=(), dtype=float32)",6.2074647,0.0021776072680950165
/tmp/DataSetCombined/Edges/Round-10_0137347_edge.png,"tf.Tensor(4.59, shape=(), dtype=float32)",3.7427793,0.0021776072680950165
/tmp/DataSetCombined/Edges/Round-5_0039166_edge.png,"tf.Tensor(6.06, shape=(), dtype=float32)",6.153704,0.0021776072680950165
/tmp/DataSetCombined/Edges/Round-5_0082179_edge.png,"tf.Tensor(52.54, shape=(), dtype=float32)",52.018963,0.0021776072680950165
/tmp/DataSetCombined/Edges/Round-4_0021103_edge.png,"tf.Tensor(4.97, shape=(), dtype=float32)",4.2546973,0.0021776072680950165
/tmp/DataSetCombined/Edges/Round-3_0069683_edge.png,"tf.Tensor(4.09, shape=(), dtype=float32)",3.2158015,0.0021776072680950165
/tmp/DataSetCombined/Edges/Round-4_0012525_edge.png,"tf.Tensor(54.56, shape=(), dtype=float32)",52.78093,0.0021776072680950165
/tmp/DataSetCombined/Edges/Round-1_0003501_edge.png,"tf.Tensor(26.5, shape=(), dtype=float32)",28.461445,0.0021776072680950165
/tmp/DataSetCombined/Edges/Round-8_0059411_edge.png,"tf.Tensor(2.58, shape=(), dtype=float32)",2.2160459,0.0021776072680950165
/tmp/DataSetCombined/Edges/Round-2_0084234_edge.png,"tf.Tensor(6.28, shape=(), dtype=float32)",6.509677,0.0021776072680950165
/tmp/DataSetCombined/Edges/Round-10_0112997_edge.png,"tf.Tensor(6.11, shape=(), dtype=float32)",5.808791,0.0021776072680950165
/tmp/DataSetCombined/Edges/Round-4_0082266_edge.png,"tf.Tensor(64.47, shape=(), dtype=float32)",62.02363,0.0021776072680950165
/tmp/DataSetCombined/Edges/Round-2_0099133_edge.png,"tf.Tensor(64.17, shape=(), dtype=float32)",63.496334,0.0021776072680950165
/tmp/DataSetCombined/Edges/Round-10_0089398_edge.png,"tf.Tensor(62.69, shape=(), dtype=float32)",61.2974,0.0021776072680950165
/tmp/DataSetCombined/Edges/Round-4_0065048_edge.png,"tf.Tensor(7.65, shape=(), dtype=float32)",7.893157,0.0021776072680950165
/tmp/DataSetCombined/Edges/Round-7_0068450_edge.png,"tf.Tensor(64.07, shape=(), dtype=float32)",63.35916,0.0021776072680950165
/tmp/DataSetCombined/Edges/Round-7_0014301_edge.png,"tf.Tensor(65.27, shape=(), dtype=float32)",63.93935,0.0021776072680950165
/tmp/DataSetCombined/Edges/Round-1_0074200_edge.png,"tf.Tensor(4.8, shape=(), dtype=float32)",4.07615,0.0021776072680950165
/tmp/DataSetCombined/Edges/Round-5_0078929_edge.png,"tf.Tensor(62.13, shape=(), dtype=float32)",61.27948,0.0021776072680950165
/tmp/DataSetCombined/Edges/Round-10_0072603_edge.png,"tf.Tensor(3.82, shape=(), dtype=float32)",2.954247,0.0021776072680950165
/tmp/DataSetCombined/Edges/Round-5_0071403_edge.png,"tf.Tensor(61.5, shape=(), dtype=float32)",62.48721,0.0021776072680950165
/tmp/DataSetCombined/Edges/Round-4_0037206_edge.png,"tf.Tensor(8.29, shape=(), dtype=float32)",8.577683,0.0021776072680950165
/tmp/DataSetCombined/Edges/Round-10_0091536_edge.png,"tf.Tensor(50.68, shape=(), dtype=float32)",50.442455,0.0021776072680950165
/tmp/DataSetCombined/Edges/Round-1_0166003_edge.png,"tf.Tensor(65.18, shape=(), dtype=float32)",63.934486,0.0021776072680950165
/tmp/DataSetCombined/Edges/Round-6_0010657_edge.png,"tf.Tensor(9.95, shape=(), dtype=float32)",10.456048,0.0021776072680950165
/tmp/DataSetCombined/Edges/Round-9_0056380_edge.png,"tf.Tensor(64.39, shape=(), dtype=float32)",63.62504,0.0021776072680950165
/tmp/DataSetCombined/Edges/Round-2_0038400_edge.png,"tf.Tensor(2.64, shape=(), dtype=float32)",2.2111464,0.0021776072680950165
/tmp/DataSetCombined/Edges/Round-8_0024026_edge.png,"tf.Tensor(7.92, shape=(), dtype=float32)",8.335278,0.0021776072680950165
/tmp/DataSetCombined/Edges/Round-6_0010627_edge.png,"tf.Tensor(3.35, shape=(), dtype=float32)",2.582899,0.0021926574409008026
/tmp/DataSetCombined/Edges/Round-9_0011743_edge.png,"tf.Tensor(64.09, shape=(), dtype=float32)",63.398083,0.0021926574409008026
/tmp/DataSetCombined/Edges/Round-8_0016579_edge.png,"tf.Tensor(56.93, shape=(), dtype=float32)",56.878242,0.0021926574409008026
/tmp/DataSetCombined/Edges/Round-9_0089339_edge.png,"tf.Tensor(5.52, shape=(), dtype=float32)",5.435215,0.0021926574409008026
/tmp/DataSetCombined/Edges/Round-6_0126631_edge.png,"tf.Tensor(8.14, shape=(), dtype=float32)",8.503295,0.0021926574409008026
/tmp/DataSetCombined/Edges/Round-10_0180661_edge.png,"tf.Tensor(64.37, shape=(), dtype=float32)",60.916153,0.0021926574409008026
/tmp/DataSetCombined/Edges/Round-3_0046634_edge.png,"tf.Tensor(64.58, shape=(), dtype=float32)",63.012997,0.0021926574409008026
/tmp/DataSetCombined/Edges/Round-6_0079268_edge.png,"tf.Tensor(2.96, shape=(), dtype=float32)",2.3512442,0.0021926574409008026
/tmp/DataSetCombined/Edges/Round-7_0039163_edge.png,"tf.Tensor(62.34, shape=(), dtype=float32)",59.43114,0.0021926574409008026
/tmp/DataSetCombined/Edges/Round-8_0023545_edge.png,"tf.Tensor(38.06, shape=(), dtype=float32)",37.51051,0.0021926574409008026
/tmp/DataSetCombined/Edges/Round-3_0043526_edge.png,"tf.Tensor(9.82, shape=(), dtype=float32)",10.395434,0.0021926574409008026
/tmp/DataSetCombined/Edges/Round-9_0076005_edge.png,"tf.Tensor(62.31, shape=(), dtype=float32)",62.07207,0.0021926574409008026
/tmp/DataSetCombined/Edges/Round-7_0058337_edge.png,"tf.Tensor(10.29, shape=(), dtype=float32)",11.167949,0.0021926574409008026
/tmp/DataSetCombined/Edges/Round-3_0040064_edge.png,"tf.Tensor(7.55, shape=(), dtype=float32)",7.754923,0.0021926574409008026
/tmp/DataSetCombined/Edges/Round-5_0080583_edge.png,"tf.Tensor(9.23, shape=(), dtype=float32)",9.750291,0.0021926574409008026
/tmp/DataSetCombined/Edges/Round-1_0054534_edge.png,"tf.Tensor(5.06, shape=(), dtype=float32)",4.633722,0.0021926574409008026
/tmp/DataSetCombined/Edges/Round-6_0114652_edge.png,"tf.Tensor(65.19, shape=(), dtype=float32)",63.617043,0.0021926574409008026
/tmp/DataSetCombined/Edges/Round-9_0104510_edge.png,"tf.Tensor(42.31, shape=(), dtype=float32)",42.005985,0.0021926574409008026
/tmp/DataSetCombined/Edges/Round-7_0003074_edge.png,"tf.Tensor(5.21, shape=(), dtype=float32)",4.8933697,0.0021926574409008026
/tmp/DataSetCombined/Edges/Round-5_0070982_edge.png,"tf.Tensor(64.33, shape=(), dtype=float32)",63.088192,0.0021926574409008026
/tmp/DataSetCombined/Edges/Round-7_0037839_edge.png,"tf.Tensor(65.27, shape=(), dtype=float32)",63.67668,0.0021926574409008026
/tmp/DataSetCombined/Edges/Round-6_0130334_edge.png,"tf.Tensor(29.8, shape=(), dtype=float32)",30.511177,0.0021926574409008026
/tmp/DataSetCombined/Edges/Round-10_0077299_edge.png,"tf.Tensor(17.64, shape=(), dtype=float32)",18.005896,0.0021926574409008026
/tmp/DataSetCombined/Edges/Round-8_0013551_edge.png,"tf.Tensor(49.29, shape=(), dtype=float32)",48.073612,0.0021926574409008026
/tmp/DataSetCombined/Edges/Round-10_0121725_edge.png,"tf.Tensor(51.81, shape=(), dtype=float32)",47.434216,0.0021926574409008026
/tmp/DataSetCombined/Edges/Round-1_0081544_edge.png,"tf.Tensor(65.52, shape=(), dtype=float32)",63.94116,0.0021926574409008026
/tmp/DataSetCombined/Edges/Round-4_0087292_edge.png,"tf.Tensor(3.27, shape=(), dtype=float32)",2.4940052,0.0021926574409008026
/tmp/DataSetCombined/Edges/Round-8_0066617_edge.png,"tf.Tensor(3.83, shape=(), dtype=float32)",2.9192472,0.0021926574409008026
/tmp/DataSetCombined/Edges/Round-10_0007979_edge.png,"tf.Tensor(39.04, shape=(), dtype=float32)",39.030296,0.0021926574409008026
/tmp/DataSetCombined/Edges/Round-8_0035723_edge.png,"tf.Tensor(65.35, shape=(), dtype=float32)",63.823746,0.0021926574409008026
/tmp/DataSetCombined/Edges/Round-10_0153029_edge.png,"tf.Tensor(3.28, shape=(), dtype=float32)",2.472074,0.0021926574409008026
/tmp/DataSetCombined/Edges/Round-1_0085849_edge.png,"tf.Tensor(5.03, shape=(), dtype=float32)",4.4539986,0.0021926574409008026
/tmp/DataSetCombined/Edges/Round-5_0004667_edge.png,"tf.Tensor(2.6, shape=(), dtype=float32)",2.264937,0.0021926574409008026
/tmp/DataSetCombined/Edges/Round-7_0011923_edge.png,"tf.Tensor(3.16, shape=(), dtype=float32)",2.412975,0.0021926574409008026
/tmp/DataSetCombined/Edges/Round-6_0023389_edge.png,"tf.Tensor(55.48, shape=(), dtype=float32)",54.47598,0.0021926574409008026
/tmp/DataSetCombined/Edges/Round-9_0101560_edge.png,"tf.Tensor(64.4, shape=(), dtype=float32)",63.211205,0.0021926574409008026
/tmp/DataSetCombined/Edges/Round-10_0133163_edge.png,"tf.Tensor(5.9, shape=(), dtype=float32)",5.5944567,0.0021926574409008026
/tmp/DataSetCombined/Edges/Round-6_0126240_edge.png,"tf.Tensor(8.0, shape=(), dtype=float32)",8.446931,0.0021926574409008026
/tmp/DataSetCombined/Edges/Round-5_0068784_edge.png,"tf.Tensor(8.15, shape=(), dtype=float32)",8.615798,0.0021926574409008026
/tmp/DataSetCombined/Edges/Round-5_0029083_edge.png,"tf.Tensor(5.49, shape=(), dtype=float32)",5.0367494,0.0021926574409008026
/tmp/DataSetCombined/Edges/Round-9_0085818_edge.png,"tf.Tensor(5.12, shape=(), dtype=float32)",4.2727804,0.0021926574409008026
/tmp/DataSetCombined/Edges/Round-1_0089611_edge.png,"tf.Tensor(60.77, shape=(), dtype=float32)",60.410507,0.0021926574409008026
/tmp/DataSetCombined/Edges/Round-3_0064385_edge.png,"tf.Tensor(14.45, shape=(), dtype=float32)",15.2198305,0.0021926574409008026
/tmp/DataSetCombined/Edges/Round-3_0033262_edge.png,"tf.Tensor(2.55, shape=(), dtype=float32)",2.2098494,0.0021926574409008026
/tmp/DataSetCombined/Edges/Round-8_0074822_edge.png,"tf.Tensor(31.91, shape=(), dtype=float32)",33.143044,0.0021926574409008026
/tmp/DataSetCombined/Edges/Round-9_0070467_edge.png,"tf.Tensor(57.68, shape=(), dtype=float32)",57.320347,0.0021926574409008026
/tmp/DataSetCombined/Edges/Round-10_0000728_edge.png,"tf.Tensor(14.4, shape=(), dtype=float32)",15.114797,0.0021926574409008026
/tmp/DataSetCombined/Edges/Round-8_0008765_edge.png,"tf.Tensor(3.24, shape=(), dtype=float32)",2.468944,0.0021926574409008026
/tmp/DataSetCombined/Edges/Round-2_0055034_edge.png,"tf.Tensor(54.02, shape=(), dtype=float32)",52.618515,0.0021926574409008026
/tmp/DataSetCombined/Edges/Round-1_0130998_edge.png,"tf.Tensor(3.62, shape=(), dtype=float32)",2.6713543,0.0021926574409008026
/tmp/DataSetCombined/Edges/Round-4_0019658_edge.png,"tf.Tensor(63.9, shape=(), dtype=float32)",62.574387,0.0021926574409008026
/tmp/DataSetCombined/Edges/Round-6_0005910_edge.png,"tf.Tensor(24.23, shape=(), dtype=float32)",23.999985,0.0021926574409008026
/tmp/DataSetCombined/Edges/Round-9_0097979_edge.png,"tf.Tensor(3.83, shape=(), dtype=float32)",2.9128432,0.0021926574409008026
/tmp/DataSetCombined/Edges/Round-8_0018024_edge.png,"tf.Tensor(5.84, shape=(), dtype=float32)",5.7465916,0.0021926574409008026
/tmp/DataSetCombined/Edges/Round-1_0004234_edge.png,"tf.Tensor(49.12, shape=(), dtype=float32)",47.691765,0.0021926574409008026
/tmp/DataSetCombined/Edges/Round-6_0005516_edge.png,"tf.Tensor(5.75, shape=(), dtype=float32)",5.740959,0.0021926574409008026
/tmp/DataSetCombined/Edges/Round-4_0030434_edge.png,"tf.Tensor(6.04, shape=(), dtype=float32)",5.820354,0.0021926574409008026
/tmp/DataSetCombined/Edges/Round-8_0006947_edge.png,"tf.Tensor(3.99, shape=(), dtype=float32)",3.0193148,0.0021926574409008026
/tmp/DataSetCombined/Edges/Round-8_0024417_edge.png,"tf.Tensor(7.35, shape=(), dtype=float32)",7.606405,0.0021926574409008026
/tmp/DataSetCombined/Edges/Round-4_0032119_edge.png,"tf.Tensor(6.38, shape=(), dtype=float32)",6.043442,0.0021926574409008026
/tmp/DataSetCombined/Edges/Round-9_0192461_edge.png,"tf.Tensor(11.42, shape=(), dtype=float32)",11.935314,0.0021926574409008026
/tmp/DataSetCombined/Edges/Round-1_0127024_edge.png,"tf.Tensor(36.12, shape=(), dtype=float32)",38.4834,0.0021926574409008026
/tmp/DataSetCombined/Edges/Round-2_0004800_edge.png,"tf.Tensor(47.62, shape=(), dtype=float32)",46.77069,0.0021926574409008026
/tmp/DataSetCombined/Edges/Round-8_0037962_edge.png,"tf.Tensor(3.24, shape=(), dtype=float32)",2.4446168,0.0021926574409008026
/tmp/DataSetCombined/Edges/Round-4_0009936_edge.png,"tf.Tensor(53.85, shape=(), dtype=float32)",52.689808,0.002684246748685837
/tmp/DataSetCombined/Edges/Round-10_0180330_edge.png,"tf.Tensor(42.22, shape=(), dtype=float32)",42.914654,0.002684246748685837
/tmp/DataSetCombined/Edges/Round-1_0070400_edge.png,"tf.Tensor(52.94, shape=(), dtype=float32)",50.071323,0.002684246748685837
/tmp/DataSetCombined/Edges/Round-9_0152070_edge.png,"tf.Tensor(64.14, shape=(), dtype=float32)",62.952827,0.002684246748685837
/tmp/DataSetCombined/Edges/Round-2_0029800_edge.png,"tf.Tensor(3.94, shape=(), dtype=float32)",2.974279,0.002684246748685837
/tmp/DataSetCombined/Edges/Round-7_0125429_edge.png,"tf.Tensor(64.28, shape=(), dtype=float32)",62.70281,0.002684246748685837
/tmp/DataSetCombined/Edges/Round-7_0002592_edge.png,"tf.Tensor(7.58, shape=(), dtype=float32)",8.002192,0.002684246748685837
/tmp/DataSetCombined/Edges/Round-6_0086440_edge.png,"tf.Tensor(8.76, shape=(), dtype=float32)",9.214289,0.002684246748685837
/tmp/DataSetCombined/Edges/Round-8_0011824_edge.png,"tf.Tensor(3.44, shape=(), dtype=float32)",2.6660016,0.002684246748685837
/tmp/DataSetCombined/Edges/Round-4_0080550_edge.png,"tf.Tensor(40.98, shape=(), dtype=float32)",40.99748,0.002684246748685837
/tmp/DataSetCombined/Edges/Round-7_0108091_edge.png,"tf.Tensor(4.04, shape=(), dtype=float32)",3.2244594,0.002684246748685837
/tmp/DataSetCombined/Edges/Round-10_0179607_edge.png,"tf.Tensor(41.19, shape=(), dtype=float32)",41.945114,0.002684246748685837
/tmp/DataSetCombined/Edges/Round-10_0154594_edge.png,"tf.Tensor(11.29, shape=(), dtype=float32)",11.716501,0.002684246748685837
/tmp/DataSetCombined/Edges/Round-8_0053993_edge.png,"tf.Tensor(3.96, shape=(), dtype=float32)",3.1699097,0.002684246748685837
/tmp/DataSetCombined/Edges/Round-10_0097736_edge.png,"tf.Tensor(54.64, shape=(), dtype=float32)",53.613716,0.002684246748685837
/tmp/DataSetCombined/Edges/Round-4_0082627_edge.png,"tf.Tensor(60.14, shape=(), dtype=float32)",60.99749,0.002684246748685837
/tmp/DataSetCombined/Edges/Round-3_0035167_edge.png,"tf.Tensor(6.95, shape=(), dtype=float32)",7.157621,0.002684246748685837
/tmp/DataSetCombined/Edges/Round-5_0013311_edge.png,"tf.Tensor(59.17, shape=(), dtype=float32)",60.522182,0.002684246748685837
/tmp/DataSetCombined/Edges/Round-10_0145504_edge.png,"tf.Tensor(5.89, shape=(), dtype=float32)",5.959154,0.002684246748685837
/tmp/DataSetCombined/Edges/Round-1_0053341_edge.png,"tf.Tensor(31.34, shape=(), dtype=float32)",33.367706,0.002684246748685837
/tmp/DataSetCombined/Edges/Round-1_0165040_edge.png,"tf.Tensor(3.37, shape=(), dtype=float32)",2.6518588,0.002684246748685837
/tmp/DataSetCombined/Edges/Round-9_0082326_edge.png,"tf.Tensor(33.42, shape=(), dtype=float32)",33.81576,0.002684246748685837
/tmp/DataSetCombined/Edges/Round-1_0056534_edge.png,"tf.Tensor(3.67, shape=(), dtype=float32)",2.8025784,0.002684246748685837
/tmp/DataSetCombined/Edges/Round-10_0192249_edge.png,"tf.Tensor(18.49, shape=(), dtype=float32)",18.706327,0.002684246748685837
/tmp/DataSetCombined/Edges/Round-9_0096083_edge.png,"tf.Tensor(7.07, shape=(), dtype=float32)",7.474238,0.002684246748685837
/tmp/DataSetCombined/Edges/Round-1_0124837_edge.png,"tf.Tensor(3.55, shape=(), dtype=float32)",2.6732507,0.002684246748685837
/tmp/DataSetCombined/Edges/Round-1_0026301_edge.png,"tf.Tensor(5.39, shape=(), dtype=float32)",5.272743,0.002684246748685837
/tmp/DataSetCombined/Edges/Round-7_0131479_edge.png,"tf.Tensor(32.16, shape=(), dtype=float32)",32.03028,0.002684246748685837
/tmp/DataSetCombined/Edges/Round-10_0092228_edge.png,"tf.Tensor(63.53, shape=(), dtype=float32)",62.164616,0.002684246748685837
/tmp/DataSetCombined/Edges/Round-9_0026281_edge.png,"tf.Tensor(6.87, shape=(), dtype=float32)",7.0887036,0.002684246748685837
/tmp/DataSetCombined/Edges/Round-6_0048794_edge.png,"tf.Tensor(3.06, shape=(), dtype=float32)",2.3756807,0.002684246748685837
/tmp/DataSetCombined/Edges/Round-10_0169073_edge.png,"tf.Tensor(55.31, shape=(), dtype=float32)",54.63296,0.002684246748685837
/tmp/DataSetCombined/Edges/Round-8_0028360_edge.png,"tf.Tensor(64.13, shape=(), dtype=float32)",62.76344,0.002684246748685837
/tmp/DataSetCombined/Edges/Round-8_0017043_edge.png,"tf.Tensor(5.67, shape=(), dtype=float32)",5.599722,0.002684246748685837
/tmp/DataSetCombined/Edges/Round-5_0084135_edge.png,"tf.Tensor(45.45, shape=(), dtype=float32)",44.606327,0.002684246748685837
/tmp/DataSetCombined/Edges/Round-9_0182708_edge.png,"tf.Tensor(58.52, shape=(), dtype=float32)",59.485943,0.002684246748685837
/tmp/DataSetCombined/Edges/Round-1_0139756_edge.png,"tf.Tensor(6.6, shape=(), dtype=float32)",6.882079,0.002684246748685837
/tmp/DataSetCombined/Edges/Round-4_0090784_edge.png,"tf.Tensor(9.59, shape=(), dtype=float32)",10.168544,0.002684246748685837
/tmp/DataSetCombined/Edges/Round-9_0130455_edge.png,"tf.Tensor(3.76, shape=(), dtype=float32)",2.9366875,0.002684246748685837
/tmp/DataSetCombined/Edges/Round-10_0016888_edge.png,"tf.Tensor(7.56, shape=(), dtype=float32)",7.938059,0.002684246748685837
/tmp/DataSetCombined/Edges/Round-8_0058057_edge.png,"tf.Tensor(9.85, shape=(), dtype=float32)",10.430754,0.002684246748685837
/tmp/DataSetCombined/Edges/Round-8_0000213_edge.png,"tf.Tensor(64.01, shape=(), dtype=float32)",63.527004,0.002684246748685837
/tmp/DataSetCombined/Edges/Round-2_0102444_edge.png,"tf.Tensor(58.39, shape=(), dtype=float32)",59.12573,0.002684246748685837
/tmp/DataSetCombined/Edges/Round-8_0024646_edge.png,"tf.Tensor(65.33, shape=(), dtype=float32)",62.81628,0.002684246748685837
/tmp/DataSetCombined/Edges/Round-5_0062192_edge.png,"tf.Tensor(60.96, shape=(), dtype=float32)",61.628487,0.002684246748685837
/tmp/DataSetCombined/Edges/Round-2_0064669_edge.png,"tf.Tensor(6.04, shape=(), dtype=float32)",6.1907616,0.002684246748685837
/tmp/DataSetCombined/Edges/Round-7_0052498_edge.png,"tf.Tensor(10.64, shape=(), dtype=float32)",10.834533,0.002684246748685837
/tmp/DataSetCombined/Edges/Round-10_0067637_edge.png,"tf.Tensor(63.72, shape=(), dtype=float32)",62.936718,0.002684246748685837
/tmp/DataSetCombined/Edges/Round-1_0102230_edge.png,"tf.Tensor(6.85, shape=(), dtype=float32)",7.059452,0.002684246748685837
/tmp/DataSetCombined/Edges/Round-2_0084634_edge.png,"tf.Tensor(41.62, shape=(), dtype=float32)",42.834866,0.002684246748685837
/tmp/DataSetCombined/Edges/Round-1_0151104_edge.png,"tf.Tensor(7.14, shape=(), dtype=float32)",7.461176,0.002684246748685837
/tmp/DataSetCombined/Edges/Round-8_0019559_edge.png,"tf.Tensor(9.48, shape=(), dtype=float32)",10.057655,0.002684246748685837
/tmp/DataSetCombined/Edges/Round-1_0101680_edge.png,"tf.Tensor(4.16, shape=(), dtype=float32)",3.297512,0.002684246748685837
/tmp/DataSetCombined/Edges/Round-8_0003516_edge.png,"tf.Tensor(6.83, shape=(), dtype=float32)",7.111164,0.002684246748685837
/tmp/DataSetCombined/Edges/Round-7_0099724_edge.png,"tf.Tensor(3.97, shape=(), dtype=float32)",3.197748,0.002684246748685837
/tmp/DataSetCombined/Edges/Round-1_0086902_edge.png,"tf.Tensor(7.65, shape=(), dtype=float32)",7.760783,0.002684246748685837
/tmp/DataSetCombined/Edges/Round-10_0080730_edge.png,"tf.Tensor(61.51, shape=(), dtype=float32)",60.903088,0.002684246748685837
/tmp/DataSetCombined/Edges/Round-4_0051564_edge.png,"tf.Tensor(5.36, shape=(), dtype=float32)",5.2837753,0.002684246748685837
/tmp/DataSetCombined/Edges/Round-2_0091368_edge.png,"tf.Tensor(12.33, shape=(), dtype=float32)",12.770238,0.002684246748685837
/tmp/DataSetCombined/Edges/Round-1_0107791_edge.png,"tf.Tensor(10.49, shape=(), dtype=float32)",10.963154,0.002684246748685837
/tmp/DataSetCombined/Edges/Round-7_0048283_edge.png,"tf.Tensor(41.5, shape=(), dtype=float32)",40.77978,0.002684246748685837
/tmp/DataSetCombined/Edges/Round-6_0025858_edge.png,"tf.Tensor(64.09, shape=(), dtype=float32)",63.405262,0.002684246748685837
/tmp/DataSetCombined/Edges/Round-8_0082046_edge.png,"tf.Tensor(9.56, shape=(), dtype=float32)",10.154508,0.002684246748685837
/tmp/DataSetCombined/Edges/Round-2_0103558_edge.png,"tf.Tensor(27.16, shape=(), dtype=float32)",27.29985,0.002684246748685837
/tmp/DataSetCombined/Edges/Round-9_0161217_edge.png,"tf.Tensor(4.14, shape=(), dtype=float32)",3.3124065,0.002438116818666458
/tmp/DataSetCombined/Edges/Round-10_0037958_edge.png,"tf.Tensor(4.19, shape=(), dtype=float32)",3.2246866,0.002438116818666458
/tmp/DataSetCombined/Edges/Round-8_0071330_edge.png,"tf.Tensor(65.06, shape=(), dtype=float32)",61.191547,0.002438116818666458
/tmp/DataSetCombined/Edges/Round-5_0070397_edge.png,"tf.Tensor(15.63, shape=(), dtype=float32)",16.504238,0.002438116818666458
/tmp/DataSetCombined/Edges/Round-10_0136143_edge.png,"tf.Tensor(5.57, shape=(), dtype=float32)",5.1062813,0.002438116818666458
/tmp/DataSetCombined/Edges/Round-6_0116699_edge.png,"tf.Tensor(6.09, shape=(), dtype=float32)",5.771681,0.002438116818666458
/tmp/DataSetCombined/Edges/Round-8_0061458_edge.png,"tf.Tensor(4.06, shape=(), dtype=float32)",3.2872665,0.002438116818666458
/tmp/DataSetCombined/Edges/Round-9_0013458_edge.png,"tf.Tensor(3.48, shape=(), dtype=float32)",2.6206481,0.002438116818666458
/tmp/DataSetCombined/Edges/Round-4_0031789_edge.png,"tf.Tensor(6.25, shape=(), dtype=float32)",6.4792356,0.002438116818666458
/tmp/DataSetCombined/Edges/Round-5_0065865_edge.png,"tf.Tensor(61.96, shape=(), dtype=float32)",61.038044,0.002438116818666458
/tmp/DataSetCombined/Edges/Round-8_0050152_edge.png,"tf.Tensor(5.45, shape=(), dtype=float32)",5.1894565,0.002438116818666458
/tmp/DataSetCombined/Edges/Round-5_0021016_edge.png,"tf.Tensor(18.13, shape=(), dtype=float32)",17.857689,0.002438116818666458
/tmp/DataSetCombined/Edges/Round-10_0008190_edge.png,"tf.Tensor(3.42, shape=(), dtype=float32)",2.6649587,0.002438116818666458
/tmp/DataSetCombined/Edges/Round-9_0078142_edge.png,"tf.Tensor(3.58, shape=(), dtype=float32)",2.7844183,0.002438116818666458
/tmp/DataSetCombined/Edges/Round-4_0014271_edge.png,"tf.Tensor(6.12, shape=(), dtype=float32)",5.801238,0.002438116818666458
/tmp/DataSetCombined/Edges/Round-7_0021946_edge.png,"tf.Tensor(33.97, shape=(), dtype=float32)",35.502846,0.002438116818666458
/tmp/DataSetCombined/Edges/Round-10_0187282_edge.png,"tf.Tensor(7.79, shape=(), dtype=float32)",8.144903,0.002438116818666458
/tmp/DataSetCombined/Edges/Round-1_0154445_edge.png,"tf.Tensor(63.88, shape=(), dtype=float32)",62.48549,0.002438116818666458
/tmp/DataSetCombined/Edges/Round-9_0165552_edge.png,"tf.Tensor(63.89, shape=(), dtype=float32)",62.86922,0.002438116818666458
/tmp/DataSetCombined/Edges/Round-4_0042714_edge.png,"tf.Tensor(24.76, shape=(), dtype=float32)",25.287615,0.002438116818666458
/tmp/DataSetCombined/Edges/Round-9_0019990_edge.png,"tf.Tensor(13.12, shape=(), dtype=float32)",13.609417,0.002438116818666458
/tmp/DataSetCombined/Edges/Round-9_0020953_edge.png,"tf.Tensor(3.44, shape=(), dtype=float32)",2.6007247,0.002438116818666458
/tmp/DataSetCombined/Edges/Round-8_0008182_edge.png,"tf.Tensor(47.95, shape=(), dtype=float32)",47.74911,0.002438116818666458
/tmp/DataSetCombined/Edges/Round-1_0066867_edge.png,"tf.Tensor(3.51, shape=(), dtype=float32)",2.639313,0.002438116818666458
/tmp/DataSetCombined/Edges/Round-3_0052634_edge.png,"tf.Tensor(4.77, shape=(), dtype=float32)",4.0218205,0.002438116818666458
/tmp/DataSetCombined/Edges/Round-1_0106045_edge.png,"tf.Tensor(4.23, shape=(), dtype=float32)",3.4555001,0.002438116818666458
/tmp/DataSetCombined/Edges/Round-3_0077930_edge.png,"tf.Tensor(2.93, shape=(), dtype=float32)",2.3211584,0.002438116818666458
/tmp/DataSetCombined/Edges/Round-4_0031307_edge.png,"tf.Tensor(5.44, shape=(), dtype=float32)",4.9816217,0.002438116818666458
/tmp/DataSetCombined/Edges/Round-4_0046025_edge.png,"tf.Tensor(64.22, shape=(), dtype=float32)",62.840504,0.002438116818666458
/tmp/DataSetCombined/Edges/Round-7_0002442_edge.png,"tf.Tensor(62.18, shape=(), dtype=float32)",61.27709,0.002438116818666458
/tmp/DataSetCombined/Edges/Round-7_0068119_edge.png,"tf.Tensor(64.44, shape=(), dtype=float32)",62.258144,0.002438116818666458
/tmp/DataSetCombined/Edges/Round-1_0074010_edge.png,"tf.Tensor(5.55, shape=(), dtype=float32)",5.0684667,0.002438116818666458
/tmp/DataSetCombined/Edges/Round-7_0054755_edge.png,"tf.Tensor(6.29, shape=(), dtype=float32)",6.4167213,0.002438116818666458
/tmp/DataSetCombined/Edges/Round-2_0091760_edge.png,"tf.Tensor(65.08, shape=(), dtype=float32)",62.57083,0.002438116818666458
/tmp/DataSetCombined/Edges/Round-8_0080270_edge.png,"tf.Tensor(9.26, shape=(), dtype=float32)",9.653861,0.002438116818666458
/tmp/DataSetCombined/Edges/Round-5_0037541_edge.png,"tf.Tensor(26.03, shape=(), dtype=float32)",26.349302,0.002438116818666458
/tmp/DataSetCombined/Edges/Round-1_0158719_edge.png,"tf.Tensor(64.53, shape=(), dtype=float32)",63.39961,0.002438116818666458
/tmp/DataSetCombined/Edges/Round-8_0045415_edge.png,"tf.Tensor(61.39, shape=(), dtype=float32)",60.293564,0.002438116818666458
/tmp/DataSetCombined/Edges/Round-8_0057948_edge.png,"tf.Tensor(5.45, shape=(), dtype=float32)",5.194615,0.002438116818666458
/tmp/DataSetCombined/Edges/Round-3_0003401_edge.png,"tf.Tensor(8.01, shape=(), dtype=float32)",8.491479,0.002438116818666458
/tmp/DataSetCombined/Edges/Round-9_0163837_edge.png,"tf.Tensor(7.53, shape=(), dtype=float32)",7.9135203,0.002438116818666458
/tmp/DataSetCombined/Edges/Round-5_0098613_edge.png,"tf.Tensor(56.18, shape=(), dtype=float32)",55.353725,0.002438116818666458
/tmp/DataSetCombined/Edges/Round-10_0167567_edge.png,"tf.Tensor(4.44, shape=(), dtype=float32)",3.6208842,0.002438116818666458
/tmp/DataSetCombined/Edges/Round-6_0122026_edge.png,"tf.Tensor(54.2, shape=(), dtype=float32)",54.505356,0.002438116818666458
/tmp/DataSetCombined/Edges/Round-10_0010477_edge.png,"tf.Tensor(31.43, shape=(), dtype=float32)",33.412987,0.002438116818666458
/tmp/DataSetCombined/Edges/Round-7_0096924_edge.png,"tf.Tensor(3.19, shape=(), dtype=float32)",2.4053462,0.002438116818666458
/tmp/DataSetCombined/Edges/Round-8_0040310_edge.png,"tf.Tensor(48.99, shape=(), dtype=float32)",48.23026,0.002438116818666458
/tmp/DataSetCombined/Edges/Round-8_0072704_edge.png,"tf.Tensor(35.15, shape=(), dtype=float32)",35.970654,0.002438116818666458
/tmp/DataSetCombined/Edges/Round-2_0106967_edge.png,"tf.Tensor(64.44, shape=(), dtype=float32)",62.725685,0.002438116818666458
/tmp/DataSetCombined/Edges/Round-10_0079285_edge.png,"tf.Tensor(5.49, shape=(), dtype=float32)",4.995365,0.002438116818666458
/tmp/DataSetCombined/Edges/Round-10_0163564_edge.png,"tf.Tensor(4.94, shape=(), dtype=float32)",4.2164803,0.002438116818666458
/tmp/DataSetCombined/Edges/Round-10_0132411_edge.png,"tf.Tensor(65.22, shape=(), dtype=float32)",62.277264,0.002438116818666458
/tmp/DataSetCombined/Edges/Round-7_0133887_edge.png,"tf.Tensor(55.6, shape=(), dtype=float32)",55.090816,0.002438116818666458
/tmp/DataSetCombined/Edges/Round-1_0169194_edge.png,"tf.Tensor(64.84, shape=(), dtype=float32)",62.898396,0.002438116818666458
/tmp/DataSetCombined/Edges/Round-2_0083934_edge.png,"tf.Tensor(4.68, shape=(), dtype=float32)",3.8562424,0.002438116818666458
/tmp/DataSetCombined/Edges/Round-10_0061707_edge.png,"tf.Tensor(8.25, shape=(), dtype=float32)",8.709698,0.002438116818666458
/tmp/DataSetCombined/Edges/Round-8_0074473_edge.png,"tf.Tensor(63.35, shape=(), dtype=float32)",62.84253,0.002438116818666458
/tmp/DataSetCombined/Edges/Round-5_0114867_edge.png,"tf.Tensor(6.36, shape=(), dtype=float32)",6.02779,0.002438116818666458
/tmp/DataSetCombined/Edges/Round-10_0187102_edge.png,"tf.Tensor(4.32, shape=(), dtype=float32)",3.5234787,0.002438116818666458
/tmp/DataSetCombined/Edges/Round-5_0065263_edge.png,"tf.Tensor(62.7, shape=(), dtype=float32)",60.437756,0.002438116818666458
/tmp/DataSetCombined/Edges/Round-7_0033414_edge.png,"tf.Tensor(2.48, shape=(), dtype=float32)",2.182875,0.002438116818666458
/tmp/DataSetCombined/Edges/Round-5_0106620_edge.png,"tf.Tensor(51.3, shape=(), dtype=float32)",50.807804,0.002438116818666458
/tmp/DataSetCombined/Edges/Round-3_0028507_edge.png,"tf.Tensor(63.07, shape=(), dtype=float32)",61.81442,0.002438116818666458
/tmp/DataSetCombined/Edges/Round-4_0005030_edge.png,"tf.Tensor(65.33, shape=(), dtype=float32)",63.704838,0.002438116818666458
/tmp/DataSetCombined/Edges/Round-9_0144933_edge.png,"tf.Tensor(3.31, shape=(), dtype=float32)",2.5166023,0.0020660385489463806
/tmp/DataSetCombined/Edges/Round-9_0006475_edge.png,"tf.Tensor(63.9, shape=(), dtype=float32)",62.66244,0.0020660385489463806
/tmp/DataSetCombined/Edges/Round-1_0002967_edge.png,"tf.Tensor(3.51, shape=(), dtype=float32)",2.758057,0.0020660385489463806
/tmp/DataSetCombined/Edges/Round-9_0118115_edge.png,"tf.Tensor(65.33, shape=(), dtype=float32)",62.972946,0.0020660385489463806
/tmp/DataSetCombined/Edges/Round-4_0045062_edge.png,"tf.Tensor(65.27, shape=(), dtype=float32)",62.5214,0.0020660385489463806
/tmp/DataSetCombined/Edges/Round-1_0127536_edge.png,"tf.Tensor(58.92, shape=(), dtype=float32)",59.787937,0.0020660385489463806
/tmp/DataSetCombined/Edges/Round-5_0044705_edge.png,"tf.Tensor(56.95, shape=(), dtype=float32)",54.696095,0.0020660385489463806
/tmp/DataSetCombined/Edges/Round-10_0033865_edge.png,"tf.Tensor(2.25, shape=(), dtype=float32)",2.134472,0.0020660385489463806
/tmp/DataSetCombined/Edges/Round-1_0067367_edge.png,"tf.Tensor(65.33, shape=(), dtype=float32)",63.603558,0.0020660385489463806
/tmp/DataSetCombined/Edges/Round-10_0028206_edge.png,"tf.Tensor(65.3, shape=(), dtype=float32)",63.64416,0.0020660385489463806
/tmp/DataSetCombined/Edges/Round-7_0076788_edge.png,"tf.Tensor(9.99, shape=(), dtype=float32)",10.563077,0.0020660385489463806
/tmp/DataSetCombined/Edges/Round-10_0152187_edge.png,"tf.Tensor(28.52, shape=(), dtype=float32)",29.478878,0.0020660385489463806
/tmp/DataSetCombined/Edges/Round-5_0101563_edge.png,"tf.Tensor(23.3, shape=(), dtype=float32)",23.974337,0.0020660385489463806
/tmp/DataSetCombined/Edges/Round-3_0051713_edge.png,"tf.Tensor(3.54, shape=(), dtype=float32)",2.785626,0.0020660385489463806
/tmp/DataSetCombined/Edges/Round-9_0041360_edge.png,"tf.Tensor(64.11, shape=(), dtype=float32)",62.555122,0.0020660385489463806
/tmp/DataSetCombined/Edges/Round-1_0150382_edge.png,"tf.Tensor(47.22, shape=(), dtype=float32)",46.382614,0.0020660385489463806
/tmp/DataSetCombined/Edges/Round-7_0005873_edge.png,"tf.Tensor(58.65, shape=(), dtype=float32)",57.087383,0.0020660385489463806
/tmp/DataSetCombined/Edges/Round-3_0088133_edge.png,"tf.Tensor(59.04, shape=(), dtype=float32)",60.80947,0.0020660385489463806
/tmp/DataSetCombined/Edges/Round-10_0175242_edge.png,"tf.Tensor(3.68, shape=(), dtype=float32)",2.855966,0.0020660385489463806
/tmp/DataSetCombined/Edges/Round-9_0002923_edge.png,"tf.Tensor(62.06, shape=(), dtype=float32)",61.010326,0.0020660385489463806
/tmp/DataSetCombined/Edges/Round-8_0080692_edge.png,"tf.Tensor(65.01, shape=(), dtype=float32)",63.806446,0.0020660385489463806
/tmp/DataSetCombined/Edges/Round-1_0001300_edge.png,"tf.Tensor(65.24, shape=(), dtype=float32)",63.692043,0.0020660385489463806
/tmp/DataSetCombined/Edges/Round-10_0046777_edge.png,"tf.Tensor(64.14, shape=(), dtype=float32)",63.68118,0.0020660385489463806
/tmp/DataSetCombined/Edges/Round-1_0094848_edge.png,"tf.Tensor(40.32, shape=(), dtype=float32)",40.471264,0.0020660385489463806
/tmp/DataSetCombined/Edges/Round-9_0175424_edge.png,"tf.Tensor(6.99, shape=(), dtype=float32)",7.380266,0.0020660385489463806
/tmp/DataSetCombined/Edges/Round-8_0013310_edge.png,"tf.Tensor(5.36, shape=(), dtype=float32)",5.2787614,0.0020660385489463806
/tmp/DataSetCombined/Edges/Round-8_0052500_edge.png,"tf.Tensor(9.23, shape=(), dtype=float32)",9.872235,0.0020660385489463806
/tmp/DataSetCombined/Edges/Round-7_0002080_edge.png,"tf.Tensor(31.35, shape=(), dtype=float32)",32.18374,0.0020660385489463806
/tmp/DataSetCombined/Edges/Round-6_0017219_edge.png,"tf.Tensor(5.29, shape=(), dtype=float32)",4.826805,0.0020660385489463806
/tmp/DataSetCombined/Edges/Round-7_0046778_edge.png,"tf.Tensor(3.3, shape=(), dtype=float32)",2.563932,0.0020660385489463806
/tmp/DataSetCombined/Edges/Round-9_0064357_edge.png,"tf.Tensor(5.74, shape=(), dtype=float32)",5.309493,0.0020660385489463806
/tmp/DataSetCombined/Edges/Round-10_0111853_edge.png,"tf.Tensor(64.75, shape=(), dtype=float32)",62.891644,0.0020660385489463806
/tmp/DataSetCombined/Edges/Round-3_0069893_edge.png,"tf.Tensor(65.31, shape=(), dtype=float32)",63.947845,0.0020660385489463806
/tmp/DataSetCombined/Edges/Round-6_0099602_edge.png,"tf.Tensor(5.84, shape=(), dtype=float32)",5.8468246,0.0020660385489463806
/tmp/DataSetCombined/Edges/Round-7_0038200_edge.png,"tf.Tensor(3.86, shape=(), dtype=float32)",2.9345648,0.0020660385489463806
/tmp/DataSetCombined/Edges/Round-7_0017281_edge.png,"tf.Tensor(52.27, shape=(), dtype=float32)",50.165337,0.0020660385489463806
/tmp/DataSetCombined/Edges/Round-10_0102793_edge.png,"tf.Tensor(4.83, shape=(), dtype=float32)",4.060825,0.0020660385489463806
/tmp/DataSetCombined/Edges/Round-6_0033653_edge.png,"tf.Tensor(64.7, shape=(), dtype=float32)",62.79581,0.0020660385489463806
/tmp/DataSetCombined/Edges/Round-10_0013036_edge.png,"tf.Tensor(64.15, shape=(), dtype=float32)",63.740883,0.0020660385489463806
/tmp/DataSetCombined/Edges/Round-9_0011441_edge.png,"tf.Tensor(5.9, shape=(), dtype=float32)",5.943965,0.0020660385489463806
/tmp/DataSetCombined/Edges/Round-10_0192971_edge.png,"tf.Tensor(63.89, shape=(), dtype=float32)",61.819042,0.0020660385489463806
/tmp/DataSetCombined/Edges/Round-1_0066000_edge.png,"tf.Tensor(60.24, shape=(), dtype=float32)",57.135674,0.0020660385489463806
/tmp/DataSetCombined/Edges/Round-9_0035220_edge.png,"tf.Tensor(7.15, shape=(), dtype=float32)",7.4770784,0.0020660385489463806
/tmp/DataSetCombined/Edges/Round-8_0054806_edge.png,"tf.Tensor(62.19, shape=(), dtype=float32)",62.67154,0.0020660385489463806
/tmp/DataSetCombined/Edges/Round-9_0028305_edge.png,"tf.Tensor(38.74, shape=(), dtype=float32)",39.07701,0.0020660385489463806
/tmp/DataSetCombined/Edges/Round-2_0106628_edge.png,"tf.Tensor(28.46, shape=(), dtype=float32)",29.68075,0.0020660385489463806
/tmp/DataSetCombined/Edges/Round-4_0017220_edge.png,"tf.Tensor(38.46, shape=(), dtype=float32)",38.96574,0.0020660385489463806
/tmp/DataSetCombined/Edges/Round-1_0030234_edge.png,"tf.Tensor(64.28, shape=(), dtype=float32)",63.47006,0.0020660385489463806
/tmp/DataSetCombined/Edges/Round-7_0097797_edge.png,"tf.Tensor(62.2, shape=(), dtype=float32)",61.36568,0.0020660385489463806
/tmp/DataSetCombined/Edges/Round-3_0045167_edge.png,"tf.Tensor(51.4, shape=(), dtype=float32)",51.138027,0.0020660385489463806
/tmp/DataSetCombined/Edges/Round-1_0110319_edge.png,"tf.Tensor(2.77, shape=(), dtype=float32)",2.2509513,0.0020660385489463806
/tmp/DataSetCombined/Edges/Round-8_0049129_edge.png,"tf.Tensor(4.15, shape=(), dtype=float32)",3.2438009,0.0020660385489463806
/tmp/DataSetCombined/Edges/Round-6_0086508_edge.png,"tf.Tensor(36.15, shape=(), dtype=float32)",36.65713,0.0020660385489463806
/tmp/DataSetCombined/Edges/Round-9_0133917_edge.png,"tf.Tensor(2.92, shape=(), dtype=float32)",2.3172147,0.0020660385489463806
/tmp/DataSetCombined/Edges/Round-8_0015075_edge.png,"tf.Tensor(4.69, shape=(), dtype=float32)",3.923714,0.0020660385489463806
/tmp/DataSetCombined/Edges/Round-5_0010302_edge.png,"tf.Tensor(29.44, shape=(), dtype=float32)",31.002056,0.0020660385489463806
/tmp/DataSetCombined/Edges/Round-6_0038108_edge.png,"tf.Tensor(2.1, shape=(), dtype=float32)",2.0920136,0.0020660385489463806
/tmp/DataSetCombined/Edges/Round-5_0011956_edge.png,"tf.Tensor(58.88, shape=(), dtype=float32)",59.98559,0.0020660385489463806
/tmp/DataSetCombined/Edges/Round-2_0104582_edge.png,"tf.Tensor(6.15, shape=(), dtype=float32)",5.908175,0.0020660385489463806
/tmp/DataSetCombined/Edges/Round-1_0120072_edge.png,"tf.Tensor(37.57, shape=(), dtype=float32)",37.525936,0.0020660385489463806
/tmp/DataSetCombined/Edges/Round-8_0063173_edge.png,"tf.Tensor(5.18, shape=(), dtype=float32)",4.9167757,0.0020660385489463806
/tmp/DataSetCombined/Edges/Round-9_0101951_edge.png,"tf.Tensor(63.13, shape=(), dtype=float32)",63.018696,0.0020660385489463806
/tmp/DataSetCombined/Edges/Round-4_0046387_edge.png,"tf.Tensor(64.97, shape=(), dtype=float32)",62.935493,0.0020660385489463806
/tmp/DataSetCombined/Edges/Round-8_0006014_edge.png,"tf.Tensor(40.25, shape=(), dtype=float32)",40.65167,0.0020660385489463806
/tmp/DataSetCombined/Edges/Round-6_0060270_edge.png,"tf.Tensor(4.15, shape=(), dtype=float32)",3.1640148,0.002512715756893158
/tmp/DataSetCombined/Edges/Round-6_0036784_edge.png,"tf.Tensor(63.89, shape=(), dtype=float32)",62.349064,0.002512715756893158
/tmp/DataSetCombined/Edges/Round-10_0012134_edge.png,"tf.Tensor(4.05, shape=(), dtype=float32)",3.0698564,0.002512715756893158
/tmp/DataSetCombined/Edges/Round-1_0049134_edge.png,"tf.Tensor(7.47, shape=(), dtype=float32)",7.8956947,0.002512715756893158
/tmp/DataSetCombined/Edges/Round-10_0130966_edge.png,"tf.Tensor(3.31, shape=(), dtype=float32)",2.6237006,0.002512715756893158
/tmp/DataSetCombined/Edges/Round-1_0075012_edge.png,"tf.Tensor(4.81, shape=(), dtype=float32)",4.018853,0.002512715756893158
/tmp/DataSetCombined/Edges/Round-8_0057154_edge.png,"tf.Tensor(64.3, shape=(), dtype=float32)",64.01461,0.002512715756893158
/tmp/DataSetCombined/Edges/Round-2_0046600_edge.png,"tf.Tensor(60.49, shape=(), dtype=float32)",61.389874,0.002512715756893158
/tmp/DataSetCombined/Edges/Round-5_0064721_edge.png,"tf.Tensor(2.96, shape=(), dtype=float32)",2.439577,0.002512715756893158
/tmp/DataSetCombined/Edges/Round-1_0134429_edge.png,"tf.Tensor(4.14, shape=(), dtype=float32)",3.2909203,0.002512715756893158
/tmp/DataSetCombined/Edges/Round-10_0088947_edge.png,"tf.Tensor(65.41, shape=(), dtype=float32)",64.294846,0.002512715756893158
/tmp/DataSetCombined/Edges/Round-5_0054968_edge.png,"tf.Tensor(65.2, shape=(), dtype=float32)",62.602077,0.002512715756893158
/tmp/DataSetCombined/Edges/Round-4_0011863_edge.png,"tf.Tensor(58.04, shape=(), dtype=float32)",57.189846,0.002512715756893158
/tmp/DataSetCombined/Edges/Round-1_0049969_edge.png,"tf.Tensor(29.36, shape=(), dtype=float32)",30.849463,0.002512715756893158
/tmp/DataSetCombined/Edges/Round-1_0006734_edge.png,"tf.Tensor(2.98, shape=(), dtype=float32)",2.3524966,0.002512715756893158
/tmp/DataSetCombined/Edges/Round-9_0174100_edge.png,"tf.Tensor(2.58, shape=(), dtype=float32)",2.2134552,0.002512715756893158
/tmp/DataSetCombined/Edges/Round-2_0057967_edge.png,"tf.Tensor(59.38, shape=(), dtype=float32)",55.808956,0.002512715756893158
/tmp/DataSetCombined/Edges/Round-10_0085004_edge.png,"tf.Tensor(3.69, shape=(), dtype=float32)",2.7586503,0.002512715756893158
/tmp/DataSetCombined/Edges/Round-3_0053001_edge.png,"tf.Tensor(53.63, shape=(), dtype=float32)",54.145893,0.002512715756893158
/tmp/DataSetCombined/Edges/Round-2_0096756_edge.png,"tf.Tensor(61.2, shape=(), dtype=float32)",58.983418,0.002512715756893158
/tmp/DataSetCombined/Edges/Round-7_0011020_edge.png,"tf.Tensor(8.63, shape=(), dtype=float32)",9.249221,0.002512715756893158
/tmp/DataSetCombined/Edges/Round-5_0063517_edge.png,"tf.Tensor(5.57, shape=(), dtype=float32)",5.0797296,0.002512715756893158
/tmp/DataSetCombined/Edges/Round-6_0086478_edge.png,"tf.Tensor(27.67, shape=(), dtype=float32)",29.6579,0.002512715756893158
/tmp/DataSetCombined/Edges/Round-1_0078511_edge.png,"tf.Tensor(55.62, shape=(), dtype=float32)",54.721058,0.002512715756893158
/tmp/DataSetCombined/Edges/Round-7_0084283_edge.png,"tf.Tensor(64.2, shape=(), dtype=float32)",63.527744,0.002512715756893158
/tmp/DataSetCombined/Edges/Round-1_0161488_edge.png,"tf.Tensor(48.57, shape=(), dtype=float32)",47.92238,0.002512715756893158
/tmp/DataSetCombined/Edges/Round-8_0071884_edge.png,"tf.Tensor(64.38, shape=(), dtype=float32)",63.040234,0.002512715756893158
/tmp/DataSetCombined/Edges/Round-10_0149447_edge.png,"tf.Tensor(64.57, shape=(), dtype=float32)",63.197792,0.002512715756893158
/tmp/DataSetCombined/Edges/Round-8_0068362_edge.png,"tf.Tensor(3.44, shape=(), dtype=float32)",2.5704377,0.002512715756893158
/tmp/DataSetCombined/Edges/Round-9_0091627_edge.png,"tf.Tensor(64.29, shape=(), dtype=float32)",62.807987,0.002512715756893158
/tmp/DataSetCombined/Edges/Round-2_0101181_edge.png,"tf.Tensor(28.97, shape=(), dtype=float32)",29.710016,0.002512715756893158
/tmp/DataSetCombined/Edges/Round-5_0090456_edge.png,"tf.Tensor(7.78, shape=(), dtype=float32)",8.183051,0.002512715756893158
/tmp/DataSetCombined/Edges/Round-6_0005213_edge.png,"tf.Tensor(6.82, shape=(), dtype=float32)",7.10452,0.002512715756893158
/tmp/DataSetCombined/Edges/Round-6_0033142_edge.png,"tf.Tensor(2.46, shape=(), dtype=float32)",2.160199,0.002512715756893158
/tmp/DataSetCombined/Edges/Round-8_0031069_edge.png,"tf.Tensor(63.94, shape=(), dtype=float32)",63.844906,0.002512715756893158
/tmp/DataSetCombined/Edges/Round-2_0057834_edge.png,"tf.Tensor(2.69, shape=(), dtype=float32)",2.2354505,0.002512715756893158
/tmp/DataSetCombined/Edges/Round-5_0010241_edge.png,"tf.Tensor(3.7, shape=(), dtype=float32)",2.8541148,0.002512715756893158
/tmp/DataSetCombined/Edges/Round-4_0012494_edge.png,"tf.Tensor(65.34, shape=(), dtype=float32)",64.26341,0.002512715756893158
/tmp/DataSetCombined/Edges/Round-4_0028538_edge.png,"tf.Tensor(5.86, shape=(), dtype=float32)",5.8163614,0.002512715756893158
/tmp/DataSetCombined/Edges/Round-9_0017010_edge.png,"tf.Tensor(2.51, shape=(), dtype=float32)",2.1990323,0.002512715756893158
/tmp/DataSetCombined/Edges/Round-4_0089700_edge.png,"tf.Tensor(65.3, shape=(), dtype=float32)",62.449512,0.002512715756893158
/tmp/DataSetCombined/Edges/Round-10_0107127_edge.png,"tf.Tensor(3.38, shape=(), dtype=float32)",2.5456753,0.002512715756893158
/tmp/DataSetCombined/Edges/Round-5_0062614_edge.png,"tf.Tensor(64.48, shape=(), dtype=float32)",62.255665,0.002512715756893158
/tmp/DataSetCombined/Edges/Round-9_0157003_edge.png,"tf.Tensor(12.8, shape=(), dtype=float32)",13.23895,0.002512715756893158
/tmp/DataSetCombined/Edges/Round-10_0041059_edge.png,"tf.Tensor(14.83, shape=(), dtype=float32)",14.808572,0.002512715756893158
/tmp/DataSetCombined/Edges/Round-7_0047982_edge.png,"tf.Tensor(3.79, shape=(), dtype=float32)",2.818373,0.002512715756893158
/tmp/DataSetCombined/Edges/Round-8_0083310_edge.png,"tf.Tensor(61.85, shape=(), dtype=float32)",60.67947,0.002512715756893158
/tmp/DataSetCombined/Edges/Round-7_0015926_edge.png,"tf.Tensor(16.49, shape=(), dtype=float32)",16.969492,0.002512715756893158
/tmp/DataSetCombined/Edges/Round-3_0073024_edge.png,"tf.Tensor(43.08, shape=(), dtype=float32)",42.847515,0.002512715756893158
/tmp/DataSetCombined/Edges/Round-8_0002282_edge.png,"tf.Tensor(5.43, shape=(), dtype=float32)",5.2343616,0.002512715756893158
/tmp/DataSetCombined/Edges/Round-8_0036656_edge.png,"tf.Tensor(10.24, shape=(), dtype=float32)",11.091428,0.002512715756893158
/tmp/DataSetCombined/Edges/Round-8_0063065_edge.png,"tf.Tensor(23.9, shape=(), dtype=float32)",24.569908,0.002512715756893158
/tmp/DataSetCombined/Edges/Round-10_0094395_edge.png,"tf.Tensor(64.81, shape=(), dtype=float32)",63.006657,0.002512715756893158
/tmp/DataSetCombined/Edges/Round-7_0114774_edge.png,"tf.Tensor(65.19, shape=(), dtype=float32)",63.14463,0.002512715756893158
/tmp/DataSetCombined/Edges/Round-10_0096291_edge.png,"tf.Tensor(7.76, shape=(), dtype=float32)",8.155348,0.002512715756893158
/tmp/DataSetCombined/Edges/Round-5_0080975_edge.png,"tf.Tensor(62.24, shape=(), dtype=float32)",61.76803,0.002512715756893158
/tmp/DataSetCombined/Edges/Round-6_0058968_edge.png,"tf.Tensor(3.33, shape=(), dtype=float32)",2.6127129,0.002512715756893158
/tmp/DataSetCombined/Edges/Round-10_0162571_edge.png,"tf.Tensor(4.57, shape=(), dtype=float32)",3.87488,0.002512715756893158
/tmp/DataSetCombined/Edges/Round-9_0025137_edge.png,"tf.Tensor(2.73, shape=(), dtype=float32)",2.2477999,0.002512715756893158
/tmp/DataSetCombined/Edges/Round-1_0069200_edge.png,"tf.Tensor(14.4, shape=(), dtype=float32)",14.441793,0.002512715756893158
/tmp/DataSetCombined/Edges/Round-5_0092563_edge.png,"tf.Tensor(19.63, shape=(), dtype=float32)",19.364843,0.002512715756893158
/tmp/DataSetCombined/Edges/Round-8_0052681_edge.png,"tf.Tensor(64.09, shape=(), dtype=float32)",62.629593,0.002512715756893158
/tmp/DataSetCombined/Edges/Round-1_0161097_edge.png,"tf.Tensor(58.79, shape=(), dtype=float32)",63.93245,0.002512715756893158
/tmp/DataSetCombined/Edges/Round-5_0126425_edge.png,"tf.Tensor(43.98, shape=(), dtype=float32)",43.76466,0.002512715756893158
/tmp/DataSetCombined/Edges/Round-3_0084431_edge.png,"tf.Tensor(64.99, shape=(), dtype=float32)",63.94405,0.0027025416493415833
/tmp/DataSetCombined/Edges/Round-4_0025798_edge.png,"tf.Tensor(3.32, shape=(), dtype=float32)",2.4828131,0.0027025416493415833
/tmp/DataSetCombined/Edges/Round-7_0034950_edge.png,"tf.Tensor(6.64, shape=(), dtype=float32)",6.8840995,0.0027025416493415833
/tmp/DataSetCombined/Edges/Round-5_0027698_edge.png,"tf.Tensor(63.64, shape=(), dtype=float32)",63.67987,0.0027025416493415833
/tmp/DataSetCombined/Edges/Round-9_0018003_edge.png,"tf.Tensor(27.76, shape=(), dtype=float32)",29.47624,0.0027025416493415833
/tmp/DataSetCombined/Edges/Round-7_0092380_edge.png,"tf.Tensor(7.53, shape=(), dtype=float32)",7.952438,0.0027025416493415833
/tmp/DataSetCombined/Edges/Round-10_0169373_edge.png,"tf.Tensor(64.99, shape=(), dtype=float32)",64.24898,0.0027025416493415833
/tmp/DataSetCombined/Edges/Round-9_0169133_edge.png,"tf.Tensor(62.75, shape=(), dtype=float32)",62.69563,0.0027025416493415833
/tmp/DataSetCombined/Edges/Round-7_0064146_edge.png,"tf.Tensor(61.88, shape=(), dtype=float32)",62.932125,0.0027025416493415833
/tmp/DataSetCombined/Edges/Round-9_0037116_edge.png,"tf.Tensor(3.42, shape=(), dtype=float32)",2.5608134,0.0027025416493415833
/tmp/DataSetCombined/Edges/Round-4_0025378_edge.png,"tf.Tensor(64.05, shape=(), dtype=float32)",63.0986,0.0027025416493415833
/tmp/DataSetCombined/Edges/Round-10_0136866_edge.png,"tf.Tensor(7.27, shape=(), dtype=float32)",7.561675,0.0027025416493415833
/tmp/DataSetCombined/Edges/Round-1_0138926_edge.png,"tf.Tensor(52.56, shape=(), dtype=float32)",51.793198,0.0027025416493415833
/tmp/DataSetCombined/Edges/Round-5_0095121_edge.png,"tf.Tensor(63.46, shape=(), dtype=float32)",62.692997,0.0027025416493415833
/tmp/DataSetCombined/Edges/Round-8_0079728_edge.png,"tf.Tensor(7.03, shape=(), dtype=float32)",7.431579,0.0027025416493415833
/tmp/DataSetCombined/Edges/Round-6_0057492_edge.png,"tf.Tensor(63.98, shape=(), dtype=float32)",61.011303,0.0027025416493415833
/tmp/DataSetCombined/Edges/Round-7_0068330_edge.png,"tf.Tensor(25.96, shape=(), dtype=float32)",26.276642,0.0027025416493415833
/tmp/DataSetCombined/Edges/Round-1_0009934_edge.png,"tf.Tensor(64.16, shape=(), dtype=float32)",63.82421,0.0027025416493415833
/tmp/DataSetCombined/Edges/Round-7_0029110_edge.png,"tf.Tensor(2.39, shape=(), dtype=float32)",2.1551354,0.0027025416493415833
/tmp/DataSetCombined/Edges/Round-10_0073747_edge.png,"tf.Tensor(7.17, shape=(), dtype=float32)",7.2301073,0.0027025416493415833
/tmp/DataSetCombined/Edges/Round-9_0104690_edge.png,"tf.Tensor(6.28, shape=(), dtype=float32)",6.401325,0.0027025416493415833
/tmp/DataSetCombined/Edges/Round-9_0154656_edge.png,"tf.Tensor(29.47, shape=(), dtype=float32)",30.892256,0.0027025416493415833
/tmp/DataSetCombined/Edges/Round-10_0141441_edge.png,"tf.Tensor(52.91, shape=(), dtype=float32)",50.471035,0.0027025416493415833
/tmp/DataSetCombined/Edges/Round-10_0103215_edge.png,"tf.Tensor(2.1, shape=(), dtype=float32)",2.094433,0.0027025416493415833
/tmp/DataSetCombined/Edges/Round-9_0023120_edge.png,"tf.Tensor(3.58, shape=(), dtype=float32)",2.7947896,0.0027025416493415833
/tmp/DataSetCombined/Edges/Round-8_0047744_edge.png,"tf.Tensor(46.85, shape=(), dtype=float32)",46.717106,0.0027025416493415833
/tmp/DataSetCombined/Edges/Round-5_0080824_edge.png,"tf.Tensor(41.74, shape=(), dtype=float32)",42.248814,0.0027025416493415833
/tmp/DataSetCombined/Edges/Round-9_0080761_edge.png,"tf.Tensor(59.23, shape=(), dtype=float32)",60.00864,0.0027025416493415833
/tmp/DataSetCombined/Edges/Round-6_0070736_edge.png,"tf.Tensor(38.76, shape=(), dtype=float32)",39.85869,0.0027025416493415833
/tmp/DataSetCombined/Edges/Round-7_0110048_edge.png,"tf.Tensor(27.74, shape=(), dtype=float32)",28.508287,0.0027025416493415833
/tmp/DataSetCombined/Edges/Round-10_0126752_edge.png,"tf.Tensor(65.38, shape=(), dtype=float32)",63.692417,0.0027025416493415833
/tmp/DataSetCombined/Edges/Round-7_0027846_edge.png,"tf.Tensor(9.51, shape=(), dtype=float32)",10.146016,0.0027025416493415833
/tmp/DataSetCombined/Edges/Round-10_0147310_edge.png,"tf.Tensor(65.4, shape=(), dtype=float32)",63.95193,0.0027025416493415833
/tmp/DataSetCombined/Edges/Round-5_0021377_edge.png,"tf.Tensor(3.64, shape=(), dtype=float32)",2.8453028,0.0027025416493415833
/tmp/DataSetCombined/Edges/Round-9_0054454_edge.png,"tf.Tensor(8.2, shape=(), dtype=float32)",8.695089,0.0027025416493415833
/tmp/DataSetCombined/Edges/Round-4_0035972_edge.png,"tf.Tensor(64.22, shape=(), dtype=float32)",63.63549,0.0027025416493415833
/tmp/DataSetCombined/Edges/Round-3_0056318_edge.png,"tf.Tensor(64.48, shape=(), dtype=float32)",62.95303,0.0027025416493415833
/tmp/DataSetCombined/Edges/Round-1_0113630_edge.png,"tf.Tensor(65.33, shape=(), dtype=float32)",62.543266,0.0027025416493415833
/tmp/DataSetCombined/Edges/Round-10_0094064_edge.png,"tf.Tensor(60.74, shape=(), dtype=float32)",59.889553,0.0027025416493415833
/tmp/DataSetCombined/Edges/Round-6_0009363_edge.png,"tf.Tensor(65.08, shape=(), dtype=float32)",61.98528,0.0027025416493415833
/tmp/DataSetCombined/Edges/Round-3_0056077_edge.png,"tf.Tensor(3.93, shape=(), dtype=float32)",3.0543733,0.0027025416493415833
/tmp/DataSetCombined/Edges/Round-7_0017190_edge.png,"tf.Tensor(2.98, shape=(), dtype=float32)",2.313495,0.0027025416493415833
/tmp/DataSetCombined/Edges/Round-1_0137078_edge.png,"tf.Tensor(54.07, shape=(), dtype=float32)",54.50795,0.0027025416493415833
/tmp/DataSetCombined/Edges/Round-7_0006897_edge.png,"tf.Tensor(4.95, shape=(), dtype=float32)",4.2251096,0.0027025416493415833
/tmp/DataSetCombined/Edges/Round-1_0020900_edge.png,"tf.Tensor(38.22, shape=(), dtype=float32)",37.963108,0.0027025416493415833
/tmp/DataSetCombined/Edges/Round-8_0060452_edge.png,"tf.Tensor(64.65, shape=(), dtype=float32)",62.750214,0.0027025416493415833
/tmp/DataSetCombined/Edges/Round-9_0036304_edge.png,"tf.Tensor(8.72, shape=(), dtype=float32)",8.890623,0.0027025416493415833
/tmp/DataSetCombined/Edges/Round-5_0027367_edge.png,"tf.Tensor(7.73, shape=(), dtype=float32)",7.902176,0.0027025416493415833
/tmp/DataSetCombined/Edges/Round-4_0044852_edge.png,"tf.Tensor(7.56, shape=(), dtype=float32)",7.9326925,0.0027025416493415833
/tmp/DataSetCombined/Edges/Round-8_0086320_edge.png,"tf.Tensor(58.48, shape=(), dtype=float32)",57.276703,0.0027025416493415833
/tmp/DataSetCombined/Edges/Round-9_0024385_edge.png,"tf.Tensor(8.74, shape=(), dtype=float32)",9.265608,0.0027025416493415833
/tmp/DataSetCombined/Edges/Round-2_0089682_edge.png,"tf.Tensor(3.03, shape=(), dtype=float32)",2.3508923,0.0027025416493415833
/tmp/DataSetCombined/Edges/Round-1_0133858_edge.png,"tf.Tensor(63.97, shape=(), dtype=float32)",63.411427,0.0027025416493415833
/tmp/DataSetCombined/Edges/Round-7_0034407_edge.png,"tf.Tensor(26.15, shape=(), dtype=float32)",27.413023,0.0027025416493415833
/tmp/DataSetCombined/Edges/Round-6_0080157_edge.png,"tf.Tensor(7.16, shape=(), dtype=float32)",7.574653,0.0027025416493415833
/tmp/DataSetCombined/Edges/Round-7_0081995_edge.png,"tf.Tensor(64.68, shape=(), dtype=float32)",63.163963,0.0027025416493415833
/tmp/DataSetCombined/Edges/Round-3_0085159_edge.png,"tf.Tensor(52.88, shape=(), dtype=float32)",51.12261,0.0027025416493415833
/tmp/DataSetCombined/Edges/Round-1_0011900_edge.png,"tf.Tensor(23.27, shape=(), dtype=float32)",24.735674,0.0027025416493415833
/tmp/DataSetCombined/Edges/Round-5_0026073_edge.png,"tf.Tensor(49.61, shape=(), dtype=float32)",46.60129,0.0027025416493415833
/tmp/DataSetCombined/Edges/Round-10_0193453_edge.png,"tf.Tensor(56.88, shape=(), dtype=float32)",56.007565,0.0027025416493415833
/tmp/DataSetCombined/Edges/Round-10_0137408_edge.png,"tf.Tensor(40.92, shape=(), dtype=float32)",42.44726,0.0027025416493415833
/tmp/DataSetCombined/Edges/Round-1_0033806_edge.png,"tf.Tensor(59.23, shape=(), dtype=float32)",58.12015,0.0027025416493415833
/tmp/DataSetCombined/Edges/Round-3_0033533_edge.png,"tf.Tensor(64.96, shape=(), dtype=float32)",62.313923,0.0027025416493415833
/tmp/DataSetCombined/Edges/Round-9_0103276_edge.png,"tf.Tensor(48.55, shape=(), dtype=float32)",46.81825,0.0027025416493415833
/tmp/DataSetCombined/Edges/Round-8_0004732_edge.png,"tf.Tensor(6.91, shape=(), dtype=float32)",6.971014,0.0024576783180236816
/tmp/DataSetCombined/Edges/Round-8_0035223_edge.png,"tf.Tensor(7.31, shape=(), dtype=float32)",7.6194215,0.0024576783180236816
/tmp/DataSetCombined/Edges/Round-9_0032150_edge.png,"tf.Tensor(65.23, shape=(), dtype=float32)",63.754604,0.0024576783180236816
/tmp/DataSetCombined/Edges/Round-9_0143579_edge.png,"tf.Tensor(23.1, shape=(), dtype=float32)",23.93631,0.0024576783180236816
/tmp/DataSetCombined/Edges/Round-4_0053611_edge.png,"tf.Tensor(63.91, shape=(), dtype=float32)",63.33286,0.0024576783180236816
/tmp/DataSetCombined/Edges/Round-5_0113723_edge.png,"tf.Tensor(28.76, shape=(), dtype=float32)",30.658527,0.0024576783180236816
/tmp/DataSetCombined/Edges/Round-8_0088096_edge.png,"tf.Tensor(12.92, shape=(), dtype=float32)",13.130521,0.0024576783180236816
/tmp/DataSetCombined/Edges/Round-6_0074408_edge.png,"tf.Tensor(64.77, shape=(), dtype=float32)",63.349827,0.0024576783180236816
/tmp/DataSetCombined/Edges/Round-7_0006746_edge.png,"tf.Tensor(64.08, shape=(), dtype=float32)",62.952072,0.0024576783180236816
/tmp/DataSetCombined/Edges/Round-10_0171209_edge.png,"tf.Tensor(64.56, shape=(), dtype=float32)",62.799694,0.0024576783180236816
/tmp/DataSetCombined/Edges/Round-8_0067628_edge.png,"tf.Tensor(65.33, shape=(), dtype=float32)",63.113155,0.0024576783180236816
/tmp/DataSetCombined/Edges/Round-1_0169374_edge.png,"tf.Tensor(3.5, shape=(), dtype=float32)",2.7468607,0.0024576783180236816
/tmp/DataSetCombined/Edges/Round-5_0057707_edge.png,"tf.Tensor(65.04, shape=(), dtype=float32)",64.165825,0.0024576783180236816
/tmp/DataSetCombined/Edges/Round-8_0007791_edge.png,"tf.Tensor(3.86, shape=(), dtype=float32)",3.0415423,0.0024576783180236816
/tmp/DataSetCombined/Edges/Round-3_0002267_edge.png,"tf.Tensor(54.48, shape=(), dtype=float32)",52.54649,0.0024576783180236816
/tmp/DataSetCombined/Edges/Round-9_0016558_edge.png,"tf.Tensor(5.79, shape=(), dtype=float32)",5.75121,0.0024576783180236816
/tmp/DataSetCombined/Edges/Round-10_0148032_edge.png,"tf.Tensor(65.06, shape=(), dtype=float32)",63.085236,0.0024576783180236816
/tmp/DataSetCombined/Edges/Round-2_0077501_edge.png,"tf.Tensor(8.46, shape=(), dtype=float32)",8.891613,0.0024576783180236816
/tmp/DataSetCombined/Edges/Round-5_0006478_edge.png,"tf.Tensor(64.49, shape=(), dtype=float32)",62.959965,0.0024576783180236816
/tmp/DataSetCombined/Edges/Round-10_0148906_edge.png,"tf.Tensor(7.64, shape=(), dtype=float32)",8.047186,0.0024576783180236816
/tmp/DataSetCombined/Edges/Round-7_0032601_edge.png,"tf.Tensor(8.11, shape=(), dtype=float32)",8.525043,0.0024576783180236816
/tmp/DataSetCombined/Edges/Round-5_0070350_edge.png,"tf.Tensor(7.23, shape=(), dtype=float32)",7.4356904,0.0024576783180236816
/tmp/DataSetCombined/Edges/Round-10_0125969_edge.png,"tf.Tensor(64.29, shape=(), dtype=float32)",63.350155,0.0024576783180236816
/tmp/DataSetCombined/Edges/Round-1_0102434_edge.png,"tf.Tensor(4.62, shape=(), dtype=float32)",3.9298964,0.0024576783180236816
/tmp/DataSetCombined/Edges/Round-4_0033594_edge.png,"tf.Tensor(4.59, shape=(), dtype=float32)",3.624054,0.0024576783180236816
/tmp/DataSetCombined/Edges/Round-9_0135934_edge.png,"tf.Tensor(65.37, shape=(), dtype=float32)",63.995384,0.0024576783180236816
/tmp/DataSetCombined/Edges/Round-10_0074078_edge.png,"tf.Tensor(30.93, shape=(), dtype=float32)",31.57955,0.0024576783180236816
/tmp/DataSetCombined/Edges/Round-1_0023534_edge.png,"tf.Tensor(3.25, shape=(), dtype=float32)",2.5094833,0.0024576783180236816
/tmp/DataSetCombined/Edges/Round-6_0019567_edge.png,"tf.Tensor(2.46, shape=(), dtype=float32)",2.1845946,0.0024576783180236816
/tmp/DataSetCombined/Edges/Round-5_0027277_edge.png,"tf.Tensor(4.81, shape=(), dtype=float32)",3.96391,0.0024576783180236816
/tmp/DataSetCombined/Edges/Round-6_0008310_edge.png,"tf.Tensor(64.68, shape=(), dtype=float32)",62.91644,0.0024576783180236816
/tmp/DataSetCombined/Edges/Round-10_0190172_edge.png,"tf.Tensor(64.31, shape=(), dtype=float32)",62.4285,0.0024576783180236816
/tmp/DataSetCombined/Edges/Round-3_0062248_edge.png,"tf.Tensor(3.72, shape=(), dtype=float32)",2.885934,0.0024576783180236816
/tmp/DataSetCombined/Edges/Round-9_0122930_edge.png,"tf.Tensor(34.54, shape=(), dtype=float32)",34.949768,0.0024576783180236816
/tmp/DataSetCombined/Edges/Round-6_0096587_edge.png,"tf.Tensor(5.44, shape=(), dtype=float32)",5.1957026,0.0024576783180236816
/tmp/DataSetCombined/Edges/Round-10_0146618_edge.png,"tf.Tensor(65.3, shape=(), dtype=float32)",63.085323,0.0024576783180236816
/tmp/DataSetCombined/Edges/Round-3_0070646_edge.png,"tf.Tensor(32.29, shape=(), dtype=float32)",33.66984,0.0024576783180236816
/tmp/DataSetCombined/Edges/Round-1_0079738_edge.png,"tf.Tensor(3.35, shape=(), dtype=float32)",2.6098802,0.0024576783180236816
/tmp/DataSetCombined/Edges/Round-3_0032301_edge.png,"tf.Tensor(5.71, shape=(), dtype=float32)",5.6762195,0.0024576783180236816
/tmp/DataSetCombined/Edges/Round-9_0140961_edge.png,"tf.Tensor(63.85, shape=(), dtype=float32)",62.444904,0.0024576783180236816
/tmp/DataSetCombined/Edges/Round-1_0049200_edge.png,"tf.Tensor(50.99, shape=(), dtype=float32)",50.120598,0.0024576783180236816
/tmp/DataSetCombined/Edges/Round-8_0020625_edge.png,"tf.Tensor(65.31, shape=(), dtype=float32)",63.94691,0.0024576783180236816
/tmp/DataSetCombined/Edges/Round-1_0167388_edge.png,"tf.Tensor(64.32, shape=(), dtype=float32)",63.507507,0.0024576783180236816
/tmp/DataSetCombined/Edges/Round-10_0163775_edge.png,"tf.Tensor(65.15, shape=(), dtype=float32)",63.989502,0.0024576783180236816
/tmp/DataSetCombined/Edges/Round-2_0086371_edge.png,"tf.Tensor(5.12, shape=(), dtype=float32)",4.3387976,0.0024576783180236816
/tmp/DataSetCombined/Edges/Round-9_0073397_edge.png,"tf.Tensor(57.91, shape=(), dtype=float32)",55.842777,0.0024576783180236816
/tmp/DataSetCombined/Edges/Round-2_0072826_edge.png,"tf.Tensor(4.17, shape=(), dtype=float32)",3.2297843,0.0024576783180236816
/tmp/DataSetCombined/Edges/Round-2_0096635_edge.png,"tf.Tensor(53.52, shape=(), dtype=float32)",54.717754,0.0024576783180236816
/tmp/DataSetCombined/Edges/Round-9_0012856_edge.png,"tf.Tensor(64.43, shape=(), dtype=float32)",63.59212,0.0024576783180236816
/tmp/DataSetCombined/Edges/Round-5_0024026_edge.png,"tf.Tensor(2.66, shape=(), dtype=float32)",2.2456481,0.0024576783180236816
/tmp/DataSetCombined/Edges/Round-9_0197036_edge.png,"tf.Tensor(49.85, shape=(), dtype=float32)",52.874947,0.0024576783180236816
/tmp/DataSetCombined/Edges/Round-10_0137889_edge.png,"tf.Tensor(62.12, shape=(), dtype=float32)",60.584263,0.0024576783180236816
/tmp/DataSetCombined/Edges/Round-9_0169164_edge.png,"tf.Tensor(29.17, shape=(), dtype=float32)",30.55701,0.0024576783180236816
/tmp/DataSetCombined/Edges/Round-6_0008070_edge.png,"tf.Tensor(64.87, shape=(), dtype=float32)",63.08588,0.0024576783180236816
/tmp/DataSetCombined/Edges/Round-1_0146559_edge.png,"tf.Tensor(10.28, shape=(), dtype=float32)",10.754291,0.0024576783180236816
/tmp/DataSetCombined/Edges/Round-6_0095087_edge.png,"tf.Tensor(58.27, shape=(), dtype=float32)",58.197952,0.0024576783180236816
/tmp/DataSetCombined/Edges/Round-1_0025100_edge.png,"tf.Tensor(62.44, shape=(), dtype=float32)",62.385487,0.0024576783180236816
/tmp/DataSetCombined/Edges/Round-1_0080009_edge.png,"tf.Tensor(35.53, shape=(), dtype=float32)",36.625164,0.0024576783180236816
/tmp/DataSetCombined/Edges/Round-9_0189812_edge.png,"tf.Tensor(2.8, shape=(), dtype=float32)",2.24906,0.0024576783180236816
/tmp/DataSetCombined/Edges/Round-1_0103577_edge.png,"tf.Tensor(55.38, shape=(), dtype=float32)",51.785595,0.0024576783180236816
/tmp/DataSetCombined/Edges/Round-3_0034600_edge.png,"tf.Tensor(3.06, shape=(), dtype=float32)",2.3448434,0.0024576783180236816
/tmp/DataSetCombined/Edges/Round-9_0125700_edge.png,"tf.Tensor(6.61, shape=(), dtype=float32)",6.909861,0.0024576783180236816
/tmp/DataSetCombined/Edges/Round-9_0105924_edge.png,"tf.Tensor(64.08, shape=(), dtype=float32)",61.846874,0.0024576783180236816
/tmp/DataSetCombined/Edges/Round-10_0128107_edge.png,"tf.Tensor(5.22, shape=(), dtype=float32)",4.98747,0.0024576783180236816
/tmp/DataSetCombined/Edges/Round-7_0129763_edge.png,"tf.Tensor(6.93, shape=(), dtype=float32)",7.2043014,0.002415798604488373
/tmp/DataSetCombined/Edges/Round-6_0028231_edge.png,"tf.Tensor(9.22, shape=(), dtype=float32)",9.528799,0.002415798604488373
/tmp/DataSetCombined/Edges/Round-3_0017670_edge.png,"tf.Tensor(9.17, shape=(), dtype=float32)",9.779189,0.002415798604488373
/tmp/DataSetCombined/Edges/Round-1_0020434_edge.png,"tf.Tensor(63.24, shape=(), dtype=float32)",59.76759,0.002415798604488373
/tmp/DataSetCombined/Edges/Round-8_0015466_edge.png,"tf.Tensor(7.09, shape=(), dtype=float32)",7.188088,0.002415798604488373
/tmp/DataSetCombined/Edges/Round-6_0110980_edge.png,"tf.Tensor(2.48, shape=(), dtype=float32)",2.1612313,0.002415798604488373
/tmp/DataSetCombined/Edges/Round-9_0172053_edge.png,"tf.Tensor(62.99, shape=(), dtype=float32)",62.108982,0.002415798604488373
/tmp/DataSetCombined/Edges/Round-6_0112153_edge.png,"tf.Tensor(22.05, shape=(), dtype=float32)",22.312971,0.002415798604488373
/tmp/DataSetCombined/Edges/Round-1_0044334_edge.png,"tf.Tensor(64.15, shape=(), dtype=float32)",63.36913,0.002415798604488373
/tmp/DataSetCombined/Edges/Round-6_0110438_edge.png,"tf.Tensor(50.36, shape=(), dtype=float32)",49.83912,0.002415798604488373
/tmp/DataSetCombined/Edges/Round-9_0065440_edge.png,"tf.Tensor(15.07, shape=(), dtype=float32)",15.072672,0.002415798604488373
/tmp/DataSetCombined/Edges/Round-1_0171407_edge.png,"tf.Tensor(3.28, shape=(), dtype=float32)",2.4773893,0.002415798604488373
/tmp/DataSetCombined/Edges/Round-9_0004458_edge.png,"tf.Tensor(3.57, shape=(), dtype=float32)",2.653386,0.002415798604488373
/tmp/DataSetCombined/Edges/Round-3_0072271_edge.png,"tf.Tensor(4.32, shape=(), dtype=float32)",3.5020204,0.002415798604488373
/tmp/DataSetCombined/Edges/Round-10_0042977_edge.png,"tf.Tensor(16.44, shape=(), dtype=float32)",16.859896,0.002415798604488373
/tmp/DataSetCombined/Edges/Round-6_0058065_edge.png,"tf.Tensor(65.13, shape=(), dtype=float32)",62.916225,0.002415798604488373
/tmp/DataSetCombined/Edges/Round-8_0006053_edge.png,"tf.Tensor(5.04, shape=(), dtype=float32)",4.511151,0.002415798604488373
/tmp/DataSetCombined/Edges/Round-9_0032903_edge.png,"tf.Tensor(65.25, shape=(), dtype=float32)",62.37788,0.002415798604488373
/tmp/DataSetCombined/Edges/Round-1_0006667_edge.png,"tf.Tensor(4.05, shape=(), dtype=float32)",3.151933,0.002415798604488373
/tmp/DataSetCombined/Edges/Round-9_0037816_edge.png,"tf.Tensor(59.68, shape=(), dtype=float32)",59.8091,0.002415798604488373
/tmp/DataSetCombined/Edges/Round-10_0136776_edge.png,"tf.Tensor(9.92, shape=(), dtype=float32)",10.470546,0.002415798604488373
/tmp/DataSetCombined/Edges/Round-5_0096089_edge.png,"tf.Tensor(2.63, shape=(), dtype=float32)",2.205031,0.002415798604488373
/tmp/DataSetCombined/Edges/Round-10_0008009_edge.png,"tf.Tensor(7.68, shape=(), dtype=float32)",7.875094,0.002415798604488373
/tmp/DataSetCombined/Edges/Round-1_0122720_edge.png,"tf.Tensor(2.74, shape=(), dtype=float32)",2.2379131,0.002415798604488373
/tmp/DataSetCombined/Edges/Round-9_0077209_edge.png,"tf.Tensor(59.81, shape=(), dtype=float32)",60.75639,0.002415798604488373
/tmp/DataSetCombined/Edges/Round-5_0093617_edge.png,"tf.Tensor(64.43, shape=(), dtype=float32)",63.16932,0.002415798604488373
/tmp/DataSetCombined/Edges/Round-3_0015082_edge.png,"tf.Tensor(65.08, shape=(), dtype=float32)",63.80263,0.002415798604488373
/tmp/DataSetCombined/Edges/Round-9_0037026_edge.png,"tf.Tensor(2.62, shape=(), dtype=float32)",2.226497,0.002415798604488373
/tmp/DataSetCombined/Edges/Round-10_0111522_edge.png,"tf.Tensor(7.52, shape=(), dtype=float32)",7.9123783,0.002415798604488373
/tmp/DataSetCombined/Edges/Round-7_0019147_edge.png,"tf.Tensor(41.97, shape=(), dtype=float32)",42.259247,0.002415798604488373
/tmp/DataSetCombined/Edges/Round-10_0126451_edge.png,"tf.Tensor(5.98, shape=(), dtype=float32)",5.582582,0.002415798604488373
/tmp/DataSetCombined/Edges/Round-10_0155166_edge.png,"tf.Tensor(4.04, shape=(), dtype=float32)",3.249791,0.002415798604488373
/tmp/DataSetCombined/Edges/Round-10_0151283_edge.png,"tf.Tensor(5.3, shape=(), dtype=float32)",4.8237505,0.002415798604488373
/tmp/DataSetCombined/Edges/Round-7_0036334_edge.png,"tf.Tensor(7.66, shape=(), dtype=float32)",7.9595985,0.002415798604488373
/tmp/DataSetCombined/Edges/Round-1_0054434_edge.png,"tf.Tensor(64.99, shape=(), dtype=float32)",63.236237,0.002415798604488373
/tmp/DataSetCombined/Edges/Round-5_0009247_edge.png,"tf.Tensor(43.44, shape=(), dtype=float32)",44.267258,0.002415798604488373
/tmp/DataSetCombined/Edges/Round-8_0088789_edge.png,"tf.Tensor(10.18, shape=(), dtype=float32)",10.662576,0.002415798604488373
/tmp/DataSetCombined/Edges/Round-6_0028537_edge.png,"tf.Tensor(5.79, shape=(), dtype=float32)",5.5350604,0.002415798604488373
/tmp/DataSetCombined/Edges/Round-5_0024177_edge.png,"tf.Tensor(63.62, shape=(), dtype=float32)",61.466198,0.002415798604488373
/tmp/DataSetCombined/Edges/Round-8_0061096_edge.png,"tf.Tensor(63.97, shape=(), dtype=float32)",63.444374,0.002415798604488373
/tmp/DataSetCombined/Edges/Round-10_0047982_edge.png,"tf.Tensor(3.3, shape=(), dtype=float32)",2.5837893,0.002415798604488373
/tmp/DataSetCombined/Edges/Round-6_0126962_edge.png,"tf.Tensor(61.56, shape=(), dtype=float32)",60.5936,0.002415798604488373
/tmp/DataSetCombined/Edges/Round-1_0001834_edge.png,"tf.Tensor(4.76, shape=(), dtype=float32)",4.0472674,0.002415798604488373
/tmp/DataSetCombined/Edges/Round-8_0087433_edge.png,"tf.Tensor(65.2, shape=(), dtype=float32)",62.7759,0.002415798604488373
/tmp/DataSetCombined/Edges/Round-1_0009634_edge.png,"tf.Tensor(6.56, shape=(), dtype=float32)",6.750791,0.002415798604488373
/tmp/DataSetCombined/Edges/Round-10_0161246_edge.png,"tf.Tensor(17.4, shape=(), dtype=float32)",18.13205,0.002415798604488373
/tmp/DataSetCombined/Edges/Round-4_0083831_edge.png,"tf.Tensor(4.82, shape=(), dtype=float32)",4.035465,0.002415798604488373
/tmp/DataSetCombined/Edges/Round-4_0002953_edge.png,"tf.Tensor(65.25, shape=(), dtype=float32)",63.923393,0.002415798604488373
/tmp/DataSetCombined/Edges/Round-10_0141087_edge.png,"tf.Tensor(64.35, shape=(), dtype=float32)",63.60181,0.002415798604488373
/tmp/DataSetCombined/Edges/Round-8_0035735_edge.png,"tf.Tensor(63.44, shape=(), dtype=float32)",62.748127,0.002415798604488373
/tmp/DataSetCombined/Edges/Round-8_0048334_edge.png,"tf.Tensor(61.69, shape=(), dtype=float32)",62.26063,0.002415798604488373
/tmp/DataSetCombined/Edges/Round-8_0019408_edge.png,"tf.Tensor(65.4, shape=(), dtype=float32)",63.983345,0.002415798604488373
/tmp/DataSetCombined/Edges/Round-10_0045754_edge.png,"tf.Tensor(5.87, shape=(), dtype=float32)",5.4583306,0.002415798604488373
/tmp/DataSetCombined/Edges/Round-3_0067154_edge.png,"tf.Tensor(64.6, shape=(), dtype=float32)",62.821636,0.002415798604488373
/tmp/DataSetCombined/Edges/Round-3_0053701_edge.png,"tf.Tensor(4.41, shape=(), dtype=float32)",3.39488,0.002415798604488373
/tmp/DataSetCombined/Edges/Round-9_0039073_edge.png,"tf.Tensor(64.6, shape=(), dtype=float32)",62.67272,0.002415798604488373
/tmp/DataSetCombined/Edges/Round-2_0063967_edge.png,"tf.Tensor(7.04, shape=(), dtype=float32)",7.2607803,0.002415798604488373
/tmp/DataSetCombined/Edges/Round-7_0050662_edge.png,"tf.Tensor(35.39, shape=(), dtype=float32)",36.730915,0.002415798604488373
/tmp/DataSetCombined/Edges/Round-6_0123046_edge.png,"tf.Tensor(5.55, shape=(), dtype=float32)",5.3170466,0.002415798604488373
/tmp/DataSetCombined/Edges/Round-5_0087085_edge.png,"tf.Tensor(63.53, shape=(), dtype=float32)",62.933083,0.002415798604488373
/tmp/DataSetCombined/Edges/Round-2_0066776_edge.png,"tf.Tensor(13.88, shape=(), dtype=float32)",14.426787,0.002415798604488373
/tmp/DataSetCombined/Edges/Round-10_0091475_edge.png,"tf.Tensor(46.54, shape=(), dtype=float32)",45.819416,0.002415798604488373
/tmp/DataSetCombined/Edges/Round-9_0163324_edge.png,"tf.Tensor(45.34, shape=(), dtype=float32)",47.592712,0.002415798604488373
/tmp/DataSetCombined/Edges/Round-6_0057432_edge.png,"tf.Tensor(44.7, shape=(), dtype=float32)",43.848465,0.002415798604488373
/tmp/DataSetCombined/Edges/Round-6_0043586_edge.png,"tf.Tensor(64.13, shape=(), dtype=float32)",63.214893,0.0020396001636981964
/tmp/DataSetCombined/Edges/Round-10_0052256_edge.png,"tf.Tensor(8.17, shape=(), dtype=float32)",8.30333,0.0020396001636981964
/tmp/DataSetCombined/Edges/Round-1_0117212_edge.png,"tf.Tensor(47.55, shape=(), dtype=float32)",46.579636,0.0020396001636981964
/tmp/DataSetCombined/Edges/Round-9_0139907_edge.png,"tf.Tensor(63.81, shape=(), dtype=float32)",62.423313,0.0020396001636981964
/tmp/DataSetCombined/Edges/Round-9_0180602_edge.png,"tf.Tensor(5.38, shape=(), dtype=float32)",5.234676,0.0020396001636981964
/tmp/DataSetCombined/Edges/Round-1_0113871_edge.png,"tf.Tensor(3.24, shape=(), dtype=float32)",2.451688,0.0020396001636981964
/tmp/DataSetCombined/Edges/Round-1_0119262_edge.png,"tf.Tensor(2.49, shape=(), dtype=float32)",2.1712186,0.0020396001636981964
/tmp/DataSetCombined/Edges/Round-8_0038985_edge.png,"tf.Tensor(55.0, shape=(), dtype=float32)",50.913048,0.0020396001636981964
/tmp/DataSetCombined/Edges/Round-8_0010240_edge.png,"tf.Tensor(8.71, shape=(), dtype=float32)",9.0905905,0.0020396001636981964
/tmp/DataSetCombined/Edges/Round-10_0091114_edge.png,"tf.Tensor(65.06, shape=(), dtype=float32)",63.912804,0.0020396001636981964
/tmp/DataSetCombined/Edges/Round-7_0016107_edge.png,"tf.Tensor(15.26, shape=(), dtype=float32)",15.350751,0.0020396001636981964
/tmp/DataSetCombined/Edges/Round-8_0029113_edge.png,"tf.Tensor(5.99, shape=(), dtype=float32)",6.1317587,0.0020396001636981964
/tmp/DataSetCombined/Edges/Round-10_0083951_edge.png,"tf.Tensor(64.33, shape=(), dtype=float32)",62.54147,0.0020396001636981964
/tmp/DataSetCombined/Edges/Round-9_0083651_edge.png,"tf.Tensor(9.7, shape=(), dtype=float32)",10.291367,0.0020396001636981964
/tmp/DataSetCombined/Edges/Round-8_0009578_edge.png,"tf.Tensor(58.13, shape=(), dtype=float32)",59.105366,0.0020396001636981964
/tmp/DataSetCombined/Edges/Round-9_0170789_edge.png,"tf.Tensor(5.17, shape=(), dtype=float32)",4.8751187,0.0020396001636981964
/tmp/DataSetCombined/Edges/Round-8_0047353_edge.png,"tf.Tensor(7.58, shape=(), dtype=float32)",7.7912474,0.0020396001636981964
/tmp/DataSetCombined/Edges/Round-10_0046567_edge.png,"tf.Tensor(8.5, shape=(), dtype=float32)",8.964989,0.0020396001636981964
/tmp/DataSetCombined/Edges/Round-10_0053700_edge.png,"tf.Tensor(63.95, shape=(), dtype=float32)",63.523876,0.0020396001636981964
/tmp/DataSetCombined/Edges/Round-8_0016350_edge.png,"tf.Tensor(34.48, shape=(), dtype=float32)",35.463028,0.0020396001636981964
/tmp/DataSetCombined/Edges/Round-2_0067318_edge.png,"tf.Tensor(62.85, shape=(), dtype=float32)",58.697247,0.0020396001636981964
/tmp/DataSetCombined/Edges/Round-3_0070556_edge.png,"tf.Tensor(12.54, shape=(), dtype=float32)",12.716414,0.0020396001636981964
/tmp/DataSetCombined/Edges/Round-1_0114744_edge.png,"tf.Tensor(65.31, shape=(), dtype=float32)",61.860523,0.0020396001636981964
/tmp/DataSetCombined/Edges/Round-8_0003919_edge.png,"tf.Tensor(50.96, shape=(), dtype=float32)",50.363136,0.0020396001636981964
/tmp/DataSetCombined/Edges/Round-7_0023150_edge.png,"tf.Tensor(6.92, shape=(), dtype=float32)",7.2885017,0.0020396001636981964
/tmp/DataSetCombined/Edges/Round-4_0010448_edge.png,"tf.Tensor(63.83, shape=(), dtype=float32)",62.715565,0.0020396001636981964
/tmp/DataSetCombined/Edges/Round-8_0023051_edge.png,"tf.Tensor(64.86, shape=(), dtype=float32)",63.426334,0.0020396001636981964
/tmp/DataSetCombined/Edges/Round-3_0046295_edge.png,"tf.Tensor(61.26, shape=(), dtype=float32)",61.869358,0.0020396001636981964
/tmp/DataSetCombined/Edges/Round-8_0029763_edge.png,"tf.Tensor(8.05, shape=(), dtype=float32)",8.423804,0.0020396001636981964
/tmp/DataSetCombined/Edges/Round-1_0164830_edge.png,"tf.Tensor(3.48, shape=(), dtype=float32)",2.6151414,0.0020396001636981964
/tmp/DataSetCombined/Edges/Round-4_0059781_edge.png,"tf.Tensor(64.52, shape=(), dtype=float32)",62.345665,0.0020396001636981964
/tmp/DataSetCombined/Edges/Round-3_0032601_edge.png,"tf.Tensor(5.98, shape=(), dtype=float32)",5.7781467,0.0020396001636981964
/tmp/DataSetCombined/Edges/Round-8_0031912_edge.png,"tf.Tensor(3.3, shape=(), dtype=float32)",2.5918694,0.0020396001636981964
/tmp/DataSetCombined/Edges/Round-1_0128499_edge.png,"tf.Tensor(9.36, shape=(), dtype=float32)",9.901263,0.0020396001636981964
/tmp/DataSetCombined/Edges/Round-8_0043135_edge.png,"tf.Tensor(61.18, shape=(), dtype=float32)",60.267902,0.0020396001636981964
/tmp/DataSetCombined/Edges/Round-8_0041773_edge.png,"tf.Tensor(3.99, shape=(), dtype=float32)",3.0574899,0.0020396001636981964
/tmp/DataSetCombined/Edges/Round-1_0017400_edge.png,"tf.Tensor(7.05, shape=(), dtype=float32)",7.3756027,0.0020396001636981964
/tmp/DataSetCombined/Edges/Round-7_0017612_edge.png,"tf.Tensor(2.51, shape=(), dtype=float32)",2.224424,0.0020396001636981964
/tmp/DataSetCombined/Edges/Round-7_0016318_edge.png,"tf.Tensor(7.01, shape=(), dtype=float32)",7.562067,0.0020396001636981964
/tmp/DataSetCombined/Edges/Round-4_0077841_edge.png,"tf.Tensor(56.61, shape=(), dtype=float32)",56.808846,0.0020396001636981964
/tmp/DataSetCombined/Edges/Round-9_0090603_edge.png,"tf.Tensor(7.9, shape=(), dtype=float32)",8.352,0.0020396001636981964
/tmp/DataSetCombined/Edges/Round-2_0084467_edge.png,"tf.Tensor(64.73, shape=(), dtype=float32)",62.82369,0.0020396001636981964
/tmp/DataSetCombined/Edges/Round-2_0057601_edge.png,"tf.Tensor(4.04, shape=(), dtype=float32)",3.170516,0.0020396001636981964
/tmp/DataSetCombined/Edges/Round-8_0019589_edge.png,"tf.Tensor(6.47, shape=(), dtype=float32)",6.3604608,0.0020396001636981964
/tmp/DataSetCombined/Edges/Round-2_0071075_edge.png,"tf.Tensor(63.19, shape=(), dtype=float32)",62.505444,0.0020396001636981964
/tmp/DataSetCombined/Edges/Round-9_0008763_edge.png,"tf.Tensor(60.15, shape=(), dtype=float32)",60.50671,0.0020396001636981964
/tmp/DataSetCombined/Edges/Round-4_0051504_edge.png,"tf.Tensor(3.78, shape=(), dtype=float32)",2.8948295,0.0020396001636981964
/tmp/DataSetCombined/Edges/Round-10_0048252_edge.png,"tf.Tensor(9.4, shape=(), dtype=float32)",9.667966,0.0020396001636981964
/tmp/DataSetCombined/Edges/Round-3_0029048_edge.png,"tf.Tensor(65.08, shape=(), dtype=float32)",64.01938,0.0020396001636981964
/tmp/DataSetCombined/Edges/Round-10_0152487_edge.png,"tf.Tensor(4.21, shape=(), dtype=float32)",3.2696407,0.0020396001636981964
/tmp/DataSetCombined/Edges/Round-5_0090546_edge.png,"tf.Tensor(5.53, shape=(), dtype=float32)",5.131068,0.0020396001636981964
/tmp/DataSetCombined/Edges/Round-6_0082475_edge.png,"tf.Tensor(63.85, shape=(), dtype=float32)",63.018772,0.0020396001636981964
/tmp/DataSetCombined/Edges/Round-3_0081482_edge.png,"tf.Tensor(2.8, shape=(), dtype=float32)",2.259916,0.0020396001636981964
/tmp/DataSetCombined/Edges/Round-10_0044911_edge.png,"tf.Tensor(62.38, shape=(), dtype=float32)",60.28583,0.0020396001636981964
/tmp/DataSetCombined/Edges/Round-6_0072001_edge.png,"tf.Tensor(4.86, shape=(), dtype=float32)",4.017742,0.0020396001636981964
/tmp/DataSetCombined/Edges/Round-6_0044670_edge.png,"tf.Tensor(61.98, shape=(), dtype=float32)",61.1731,0.0020396001636981964
/tmp/DataSetCombined/Edges/Round-5_0067189_edge.png,"tf.Tensor(39.19, shape=(), dtype=float32)",39.74709,0.0020396001636981964
/tmp/DataSetCombined/Edges/Round-4_0008582_edge.png,"tf.Tensor(9.93, shape=(), dtype=float32)",10.434255,0.0020396001636981964
/tmp/DataSetCombined/Edges/Round-6_0001334_edge.png,"tf.Tensor(47.71, shape=(), dtype=float32)",47.34773,0.0020396001636981964
/tmp/DataSetCombined/Edges/Round-9_0194477_edge.png,"tf.Tensor(6.18, shape=(), dtype=float32)",6.2244425,0.0020396001636981964
/tmp/DataSetCombined/Edges/Round-2_0081314_edge.png,"tf.Tensor(7.97, shape=(), dtype=float32)",8.410923,0.0020396001636981964
/tmp/DataSetCombined/Edges/Round-5_0097379_edge.png,"tf.Tensor(65.2, shape=(), dtype=float32)",62.75184,0.0020396001636981964
/tmp/DataSetCombined/Edges/Round-4_0076577_edge.png,"tf.Tensor(4.35, shape=(), dtype=float32)",3.551412,0.0020396001636981964
/tmp/DataSetCombined/Edges/Round-4_0001087_edge.png,"tf.Tensor(8.38, shape=(), dtype=float32)",8.810558,0.0020396001636981964
/tmp/DataSetCombined/Edges/Round-6_0091385_edge.png,"tf.Tensor(59.16, shape=(), dtype=float32)",59.013863,0.002159528434276581
/tmp/DataSetCombined/Edges/Round-6_0069953_edge.png,"tf.Tensor(52.34, shape=(), dtype=float32)",49.597668,0.002159528434276581
/tmp/DataSetCombined/Edges/Round-9_0180662_edge.png,"tf.Tensor(65.38, shape=(), dtype=float32)",62.599392,0.002159528434276581
/tmp/DataSetCombined/Edges/Round-4_0051384_edge.png,"tf.Tensor(7.05, shape=(), dtype=float32)",7.347175,0.002159528434276581
/tmp/DataSetCombined/Edges/Round-5_0015779_edge.png,"tf.Tensor(6.61, shape=(), dtype=float32)",6.8289537,0.002159528434276581
/tmp/DataSetCombined/Edges/Round-6_0088917_edge.png,"tf.Tensor(11.33, shape=(), dtype=float32)",11.63147,0.002159528434276581
/tmp/DataSetCombined/Edges/Round-10_0015383_edge.png,"tf.Tensor(13.72, shape=(), dtype=float32)",14.054969,0.002159528434276581
/tmp/DataSetCombined/Edges/Round-8_0067207_edge.png,"tf.Tensor(12.29, shape=(), dtype=float32)",12.748234,0.002159528434276581
/tmp/DataSetCombined/Edges/Round-9_0145806_edge.png,"tf.Tensor(5.46, shape=(), dtype=float32)",5.2099733,0.002159528434276581
/tmp/DataSetCombined/Edges/Round-6_0104628_edge.png,"tf.Tensor(9.86, shape=(), dtype=float32)",10.391832,0.002159528434276581
/tmp/DataSetCombined/Edges/Round-9_0164769_edge.png,"tf.Tensor(62.86, shape=(), dtype=float32)",62.541546,0.002159528434276581
/tmp/DataSetCombined/Edges/Round-9_0033144_edge.png,"tf.Tensor(3.12, shape=(), dtype=float32)",2.3942072,0.002159528434276581
/tmp/DataSetCombined/Edges/Round-10_0040035_edge.png,"tf.Tensor(64.67, shape=(), dtype=float32)",63.401154,0.002159528434276581
/tmp/DataSetCombined/Edges/Round-2_0055867_edge.png,"tf.Tensor(3.14, shape=(), dtype=float32)",2.4124703,0.002159528434276581
/tmp/DataSetCombined/Edges/Round-6_0009634_edge.png,"tf.Tensor(63.67, shape=(), dtype=float32)",60.273205,0.002159528434276581
/tmp/DataSetCombined/Edges/Round-10_0101198_edge.png,"tf.Tensor(2.73, shape=(), dtype=float32)",2.2452083,0.002159528434276581
/tmp/DataSetCombined/Edges/Round-8_0001091_edge.png,"tf.Tensor(4.97, shape=(), dtype=float32)",4.435962,0.002159528434276581
/tmp/DataSetCombined/Edges/Round-1_0087354_edge.png,"tf.Tensor(3.7, shape=(), dtype=float32)",2.86069,0.002159528434276581
/tmp/DataSetCombined/Edges/Round-9_0151796_edge.png,"tf.Tensor(64.39, shape=(), dtype=float32)",64.057655,0.002159528434276581
/tmp/DataSetCombined/Edges/Round-5_0117726_edge.png,"tf.Tensor(3.72, shape=(), dtype=float32)",2.8927417,0.002159528434276581
/tmp/DataSetCombined/Edges/Round-10_0085636_edge.png,"tf.Tensor(5.1, shape=(), dtype=float32)",4.6633215,0.002159528434276581
/tmp/DataSetCombined/Edges/Round-9_0138763_edge.png,"tf.Tensor(2.75, shape=(), dtype=float32)",2.261967,0.002159528434276581
/tmp/DataSetCombined/Edges/Round-10_0061436_edge.png,"tf.Tensor(8.27, shape=(), dtype=float32)",8.632572,0.002159528434276581
/tmp/DataSetCombined/Edges/Round-2_0094950_edge.png,"tf.Tensor(49.14, shape=(), dtype=float32)",46.439533,0.002159528434276581
/tmp/DataSetCombined/Edges/Round-9_0195651_edge.png,"tf.Tensor(6.05, shape=(), dtype=float32)",6.1681366,0.002159528434276581
/tmp/DataSetCombined/Edges/Round-4_0037327_edge.png,"tf.Tensor(4.01, shape=(), dtype=float32)",3.1809552,0.002159528434276581
/tmp/DataSetCombined/Edges/Round-6_0079134_edge.png,"tf.Tensor(65.24, shape=(), dtype=float32)",63.90707,0.002159528434276581
/tmp/DataSetCombined/Edges/Round-8_0013611_edge.png,"tf.Tensor(9.81, shape=(), dtype=float32)",10.109109,0.002159528434276581
/tmp/DataSetCombined/Edges/Round-5_0073871_edge.png,"tf.Tensor(64.26, shape=(), dtype=float32)",63.01687,0.002159528434276581
/tmp/DataSetCombined/Edges/Round-9_0179579_edge.png,"tf.Tensor(65.36, shape=(), dtype=float32)",63.8477,0.002159528434276581
/tmp/DataSetCombined/Edges/Round-5_0110021_edge.png,"tf.Tensor(3.8, shape=(), dtype=float32)",2.995947,0.002159528434276581
/tmp/DataSetCombined/Edges/Round-9_0016348_edge.png,"tf.Tensor(2.67, shape=(), dtype=float32)",2.2433527,0.002159528434276581
/tmp/DataSetCombined/Edges/Round-7_0132910_edge.png,"tf.Tensor(6.76, shape=(), dtype=float32)",6.9953113,0.002159528434276581
/tmp/DataSetCombined/Edges/Round-2_0109367_edge.png,"tf.Tensor(59.14, shape=(), dtype=float32)",56.58514,0.002159528434276581
/tmp/DataSetCombined/Edges/Round-8_0037137_edge.png,"tf.Tensor(65.21, shape=(), dtype=float32)",62.91033,0.002159528434276581
/tmp/DataSetCombined/Edges/Round-3_0005934_edge.png,"tf.Tensor(3.48, shape=(), dtype=float32)",2.6038008,0.002159528434276581
/tmp/DataSetCombined/Edges/Round-6_0044339_edge.png,"tf.Tensor(3.0, shape=(), dtype=float32)",2.3566487,0.002159528434276581
/tmp/DataSetCombined/Edges/Round-10_0188457_edge.png,"tf.Tensor(5.17, shape=(), dtype=float32)",4.8899355,0.002159528434276581
/tmp/DataSetCombined/Edges/Round-9_0085848_edge.png,"tf.Tensor(65.4, shape=(), dtype=float32)",63.796474,0.002159528434276581
/tmp/DataSetCombined/Edges/Round-1_0142557_edge.png,"tf.Tensor(4.13, shape=(), dtype=float32)",3.116564,0.002159528434276581
/tmp/DataSetCombined/Edges/Round-1_0102765_edge.png,"tf.Tensor(62.06, shape=(), dtype=float32)",62.3781,0.002159528434276581
/tmp/DataSetCombined/Edges/Round-8_0006556_edge.png,"tf.Tensor(43.47, shape=(), dtype=float32)",43.94375,0.002159528434276581
/tmp/DataSetCombined/Edges/Round-3_0041780_edge.png,"tf.Tensor(4.74, shape=(), dtype=float32)",3.7700098,0.002159528434276581
/tmp/DataSetCombined/Edges/Round-9_0186351_edge.png,"tf.Tensor(61.17, shape=(), dtype=float32)",61.630436,0.002159528434276581
/tmp/DataSetCombined/Edges/Round-8_0043771_edge.png,"tf.Tensor(6.53, shape=(), dtype=float32)",6.548401,0.002159528434276581
/tmp/DataSetCombined/Edges/Round-2_0101060_edge.png,"tf.Tensor(62.53, shape=(), dtype=float32)",61.75173,0.002159528434276581
/tmp/DataSetCombined/Edges/Round-6_0082355_edge.png,"tf.Tensor(26.61, shape=(), dtype=float32)",28.639633,0.002159528434276581
/tmp/DataSetCombined/Edges/Round-8_0015658_edge.png,"tf.Tensor(33.0, shape=(), dtype=float32)",34.941772,0.002159528434276581
/tmp/DataSetCombined/Edges/Round-9_0178916_edge.png,"tf.Tensor(4.47, shape=(), dtype=float32)",3.7286894,0.002159528434276581
/tmp/DataSetCombined/Edges/Round-10_0088465_edge.png,"tf.Tensor(4.19, shape=(), dtype=float32)",3.2759912,0.002159528434276581
/tmp/DataSetCombined/Edges/Round-9_0186471_edge.png,"tf.Tensor(64.62, shape=(), dtype=float32)",62.88461,0.002159528434276581
/tmp/DataSetCombined/Edges/Round-9_0004308_edge.png,"tf.Tensor(5.33, shape=(), dtype=float32)",4.9632263,0.002159528434276581
/tmp/DataSetCombined/Edges/Round-2_0075499_edge.png,"tf.Tensor(64.91, shape=(), dtype=float32)",62.92649,0.002159528434276581
/tmp/DataSetCombined/Edges/Round-5_0088499_edge.png,"tf.Tensor(64.97, shape=(), dtype=float32)",63.34944,0.002159528434276581
/tmp/DataSetCombined/Edges/Round-7_0034498_edge.png,"tf.Tensor(65.32, shape=(), dtype=float32)",63.961315,0.002159528434276581
/tmp/DataSetCombined/Edges/Round-6_0079585_edge.png,"tf.Tensor(10.1, shape=(), dtype=float32)",10.646529,0.002159528434276581
/tmp/DataSetCombined/Edges/Round-9_0017100_edge.png,"tf.Tensor(64.16, shape=(), dtype=float32)",62.7972,0.002159528434276581
/tmp/DataSetCombined/Edges/Round-10_0026058_edge.png,"tf.Tensor(8.64, shape=(), dtype=float32)",9.2105055,0.002159528434276581
/tmp/DataSetCombined/Edges/Round-9_0047020_edge.png,"tf.Tensor(47.64, shape=(), dtype=float32)",47.783855,0.002159528434276581
/tmp/DataSetCombined/Edges/Round-9_0128860_edge.png,"tf.Tensor(64.13, shape=(), dtype=float32)",63.604847,0.002159528434276581
/tmp/DataSetCombined/Edges/Round-8_0042916_edge.png,"tf.Tensor(6.69, shape=(), dtype=float32)",6.966418,0.002159528434276581
/tmp/DataSetCombined/Edges/Round-10_0058486_edge.png,"tf.Tensor(65.16, shape=(), dtype=float32)",62.347294,0.002159528434276581
/tmp/DataSetCombined/Edges/Round-10_0103666_edge.png,"tf.Tensor(5.17, shape=(), dtype=float32)",4.6282063,0.002159528434276581
/tmp/DataSetCombined/Edges/Round-6_0018303_edge.png,"tf.Tensor(4.03, shape=(), dtype=float32)",3.054598,0.002159528434276581
/tmp/DataSetCombined/Edges/Round-10_0070737_edge.png,"tf.Tensor(6.81, shape=(), dtype=float32)",7.119782,0.0026275180280208588
/tmp/DataSetCombined/Edges/Round-9_0116550_edge.png,"tf.Tensor(7.22, shape=(), dtype=float32)",7.611003,0.0026275180280208588
/tmp/DataSetCombined/Edges/Round-10_0139575_edge.png,"tf.Tensor(65.29, shape=(), dtype=float32)",62.996517,0.0026275180280208588
/tmp/DataSetCombined/Edges/Round-9_0177832_edge.png,"tf.Tensor(64.34, shape=(), dtype=float32)",63.140453,0.0026275180280208588
/tmp/DataSetCombined/Edges/Round-8_0006576_edge.png,"tf.Tensor(42.98, shape=(), dtype=float32)",42.679146,0.0026275180280208588
/tmp/DataSetCombined/Edges/Round-6_0021885_edge.png,"tf.Tensor(7.83, shape=(), dtype=float32)",8.12503,0.0026275180280208588
/tmp/DataSetCombined/Edges/Round-1_0010200_edge.png,"tf.Tensor(6.05, shape=(), dtype=float32)",5.755193,0.0026275180280208588
/tmp/DataSetCombined/Edges/Round-5_0118840_edge.png,"tf.Tensor(10.61, shape=(), dtype=float32)",11.125952,0.0026275180280208588
/tmp/DataSetCombined/Edges/Round-5_0107221_edge.png,"tf.Tensor(38.34, shape=(), dtype=float32)",38.79192,0.0026275180280208588
/tmp/DataSetCombined/Edges/Round-1_0108423_edge.png,"tf.Tensor(19.43, shape=(), dtype=float32)",19.41093,0.0026275180280208588
/tmp/DataSetCombined/Edges/Round-5_0039226_edge.png,"tf.Tensor(37.61, shape=(), dtype=float32)",38.394115,0.0026275180280208588
/tmp/DataSetCombined/Edges/Round-2_0062923_edge.png,"tf.Tensor(6.09, shape=(), dtype=float32)",5.821084,0.0026275180280208588
/tmp/DataSetCombined/Edges/Round-10_0029590_edge.png,"tf.Tensor(3.88, shape=(), dtype=float32)",2.9679937,0.0026275180280208588
/tmp/DataSetCombined/Edges/Round-9_0108933_edge.png,"tf.Tensor(64.73, shape=(), dtype=float32)",62.817898,0.0026275180280208588
/tmp/DataSetCombined/Edges/Round-9_0174582_edge.png,"tf.Tensor(8.56, shape=(), dtype=float32)",9.0551,0.0026275180280208588
/tmp/DataSetCombined/Edges/Round-4_0046478_edge.png,"tf.Tensor(7.41, shape=(), dtype=float32)",7.670316,0.0026275180280208588
/tmp/DataSetCombined/Edges/Round-6_0073054_edge.png,"tf.Tensor(6.15, shape=(), dtype=float32)",6.225673,0.0026275180280208588
/tmp/DataSetCombined/Edges/Round-5_0057076_edge.png,"tf.Tensor(8.78, shape=(), dtype=float32)",9.270617,0.0026275180280208588
/tmp/DataSetCombined/Edges/Round-9_0054033_edge.png,"tf.Tensor(65.19, shape=(), dtype=float32)",63.910473,0.0026275180280208588
/tmp/DataSetCombined/Edges/Round-7_0129131_edge.png,"tf.Tensor(40.2, shape=(), dtype=float32)",40.74294,0.0026275180280208588
/tmp/DataSetCombined/Edges/Round-2_0102384_edge.png,"tf.Tensor(49.27, shape=(), dtype=float32)",46.76928,0.0026275180280208588
/tmp/DataSetCombined/Edges/Round-9_0051625_edge.png,"tf.Tensor(12.0, shape=(), dtype=float32)",12.21205,0.0026275180280208588
/tmp/DataSetCombined/Edges/Round-6_0129671_edge.png,"tf.Tensor(8.72, shape=(), dtype=float32)",9.229827,0.0026275180280208588
/tmp/DataSetCombined/Edges/Round-5_0078235_edge.png,"tf.Tensor(64.27, shape=(), dtype=float32)",63.070858,0.0026275180280208588
/tmp/DataSetCombined/Edges/Round-10_0062640_edge.png,"tf.Tensor(48.4, shape=(), dtype=float32)",47.65019,0.0026275180280208588
/tmp/DataSetCombined/Edges/Round-10_0080669_edge.png,"tf.Tensor(5.49, shape=(), dtype=float32)",5.3729,0.0026275180280208588
/tmp/DataSetCombined/Edges/Round-6_0046506_edge.png,"tf.Tensor(56.82, shape=(), dtype=float32)",56.600094,0.0026275180280208588
/tmp/DataSetCombined/Edges/Round-4_0064838_edge.png,"tf.Tensor(5.84, shape=(), dtype=float32)",5.3760166,0.0026275180280208588
/tmp/DataSetCombined/Edges/Round-10_0000063_edge.png,"tf.Tensor(62.79, shape=(), dtype=float32)",61.435852,0.0026275180280208588
/tmp/DataSetCombined/Edges/Round-1_0090694_edge.png,"tf.Tensor(50.24, shape=(), dtype=float32)",52.820084,0.0026275180280208588
/tmp/DataSetCombined/Edges/Round-6_0041600_edge.png,"tf.Tensor(65.22, shape=(), dtype=float32)",63.93126,0.0026275180280208588
/tmp/DataSetCombined/Edges/Round-5_0079049_edge.png,"tf.Tensor(65.26, shape=(), dtype=float32)",64.09348,0.0026275180280208588
/tmp/DataSetCombined/Edges/Round-3_0056800_edge.png,"tf.Tensor(38.95, shape=(), dtype=float32)",40.156124,0.0026275180280208588
/tmp/DataSetCombined/Edges/Round-8_0085959_edge.png,"tf.Tensor(65.34, shape=(), dtype=float32)",63.821487,0.0026275180280208588
/tmp/DataSetCombined/Edges/Round-8_0037179_edge.png,"tf.Tensor(3.38, shape=(), dtype=float32)",2.5510402,0.0026275180280208588
/tmp/DataSetCombined/Edges/Round-8_0062090_edge.png,"tf.Tensor(62.33, shape=(), dtype=float32)",62.17022,0.0026275180280208588
/tmp/DataSetCombined/Edges/Round-8_0014262_edge.png,"tf.Tensor(6.74, shape=(), dtype=float32)",6.5281677,0.0026275180280208588
/tmp/DataSetCombined/Edges/Round-5_0096867_edge.png,"tf.Tensor(65.18, shape=(), dtype=float32)",64.011505,0.0026275180280208588
/tmp/DataSetCombined/Edges/Round-4_0030163_edge.png,"tf.Tensor(18.6, shape=(), dtype=float32)",18.857508,0.0026275180280208588
/tmp/DataSetCombined/Edges/Round-8_0013660_edge.png,"tf.Tensor(64.2, shape=(), dtype=float32)",63.458336,0.0026275180280208588
/tmp/DataSetCombined/Edges/Round-1_0044734_edge.png,"tf.Tensor(5.74, shape=(), dtype=float32)",5.695515,0.0026275180280208588
/tmp/DataSetCombined/Edges/Round-9_0040247_edge.png,"tf.Tensor(6.06, shape=(), dtype=float32)",6.1719575,0.0026275180280208588
/tmp/DataSetCombined/Edges/Round-10_0195109_edge.png,"tf.Tensor(12.08, shape=(), dtype=float32)",12.817248,0.0026275180280208588
/tmp/DataSetCombined/Edges/Round-4_0000304_edge.png,"tf.Tensor(3.64, shape=(), dtype=float32)",2.8424091,0.0026275180280208588
/tmp/DataSetCombined/Edges/Round-4_0016257_edge.png,"tf.Tensor(63.98, shape=(), dtype=float32)",63.389294,0.0026275180280208588
/tmp/DataSetCombined/Edges/Round-2_0054600_edge.png,"tf.Tensor(25.22, shape=(), dtype=float32)",25.72147,0.0026275180280208588
/tmp/DataSetCombined/Edges/Round-9_0141532_edge.png,"tf.Tensor(57.7, shape=(), dtype=float32)",56.395123,0.0026275180280208588
/tmp/DataSetCombined/Edges/Round-1_0067834_edge.png,"tf.Tensor(16.95, shape=(), dtype=float32)",17.853456,0.0026275180280208588
/tmp/DataSetCombined/Edges/Round-9_0047200_edge.png,"tf.Tensor(6.02, shape=(), dtype=float32)",5.7576604,0.0026275180280208588
/tmp/DataSetCombined/Edges/Round-6_0116758_edge.png,"tf.Tensor(5.27, shape=(), dtype=float32)",4.797264,0.0026275180280208588
/tmp/DataSetCombined/Edges/Round-4_0037387_edge.png,"tf.Tensor(3.93, shape=(), dtype=float32)",3.1395729,0.0026275180280208588
/tmp/DataSetCombined/Edges/Round-8_0053162_edge.png,"tf.Tensor(65.02, shape=(), dtype=float32)",63.010204,0.0026275180280208588
/tmp/DataSetCombined/Edges/Round-3_0016707_edge.png,"tf.Tensor(3.78, shape=(), dtype=float32)",2.960087,0.0026275180280208588
/tmp/DataSetCombined/Edges/Round-10_0197296_edge.png,"tf.Tensor(40.31, shape=(), dtype=float32)",39.197384,0.0026275180280208588
/tmp/DataSetCombined/Edges/Round-9_0005000_edge.png,"tf.Tensor(56.91, shape=(), dtype=float32)",56.94283,0.0026275180280208588
/tmp/DataSetCombined/Edges/Round-4_0075975_edge.png,"tf.Tensor(5.73, shape=(), dtype=float32)",5.6995068,0.0026275180280208588
/tmp/DataSetCombined/Edges/Round-6_0130966_edge.png,"tf.Tensor(21.57, shape=(), dtype=float32)",21.969648,0.0026275180280208588
/tmp/DataSetCombined/Edges/Round-1_0011800_edge.png,"tf.Tensor(3.36, shape=(), dtype=float32)",2.6249237,0.0026275180280208588
/tmp/DataSetCombined/Edges/Round-10_0054363_edge.png,"tf.Tensor(5.95, shape=(), dtype=float32)",5.9635553,0.0026275180280208588
/tmp/DataSetCombined/Edges/Round-9_0134398_edge.png,"tf.Tensor(7.55, shape=(), dtype=float32)",7.925384,0.0026275180280208588
/tmp/DataSetCombined/Edges/Round-7_0071762_edge.png,"tf.Tensor(63.82, shape=(), dtype=float32)",63.21595,0.0026275180280208588
/tmp/DataSetCombined/Edges/Round-7_0015987_edge.png,"tf.Tensor(65.2, shape=(), dtype=float32)",63.036785,0.0026275180280208588
/tmp/DataSetCombined/Edges/Round-4_0002505_edge.png,"tf.Tensor(36.44, shape=(), dtype=float32)",37.207203,0.0026275180280208588
/tmp/DataSetCombined/Edges/Round-6_0122929_edge.png,"tf.Tensor(3.41, shape=(), dtype=float32)",2.5778816,0.0026275180280208588
/tmp/DataSetCombined/Edges/Round-10_0056740_edge.png,"tf.Tensor(11.02, shape=(), dtype=float32)",11.5320425,0.002602487802505493
/tmp/DataSetCombined/Edges/Round-10_0044731_edge.png,"tf.Tensor(7.25, shape=(), dtype=float32)",7.584077,0.002602487802505493
/tmp/DataSetCombined/Edges/Round-3_0081422_edge.png,"tf.Tensor(63.97, shape=(), dtype=float32)",63.537167,0.002602487802505493
/tmp/DataSetCombined/Edges/Round-1_0161340_edge.png,"tf.Tensor(55.74, shape=(), dtype=float32)",54.670246,0.002602487802505493
/tmp/DataSetCombined/Edges/Round-8_0076448_edge.png,"tf.Tensor(61.14, shape=(), dtype=float32)",62.0683,0.002602487802505493
/tmp/DataSetCombined/Edges/Round-6_0067305_edge.png,"tf.Tensor(6.1, shape=(), dtype=float32)",6.2858887,0.002602487802505493
/tmp/DataSetCombined/Edges/Round-6_0095538_edge.png,"tf.Tensor(32.83, shape=(), dtype=float32)",33.947056,0.002602487802505493
/tmp/DataSetCombined/Edges/Round-9_0196645_edge.png,"tf.Tensor(7.44, shape=(), dtype=float32)",7.6608596,0.002602487802505493
/tmp/DataSetCombined/Edges/Round-4_0069202_edge.png,"tf.Tensor(5.89, shape=(), dtype=float32)",5.5823345,0.002602487802505493
/tmp/DataSetCombined/Edges/Round-9_0198360_edge.png,"tf.Tensor(11.92, shape=(), dtype=float32)",12.35188,0.002602487802505493
/tmp/DataSetCombined/Edges/Round-4_0031578_edge.png,"tf.Tensor(64.51, shape=(), dtype=float32)",63.23151,0.002602487802505493
/tmp/DataSetCombined/Edges/Round-1_0098038_edge.png,"tf.Tensor(3.59, shape=(), dtype=float32)",2.7699854,0.002602487802505493
/tmp/DataSetCombined/Edges/Round-8_0023845_edge.png,"tf.Tensor(64.61, shape=(), dtype=float32)",62.899086,0.002602487802505493
/tmp/DataSetCombined/Edges/Round-7_0005031_edge.png,"tf.Tensor(64.19, shape=(), dtype=float32)",63.18646,0.002602487802505493
/tmp/DataSetCombined/Edges/Round-1_0026167_edge.png,"tf.Tensor(3.36, shape=(), dtype=float32)",2.4773989,0.002602487802505493
/tmp/DataSetCombined/Edges/Round-8_0071240_edge.png,"tf.Tensor(65.27, shape=(), dtype=float32)",63.93443,0.002602487802505493
/tmp/DataSetCombined/Edges/Round-2_0111865_edge.png,"tf.Tensor(6.5, shape=(), dtype=float32)",6.274503,0.002602487802505493
/tmp/DataSetCombined/Edges/Round-8_0074172_edge.png,"tf.Tensor(64.65, shape=(), dtype=float32)",63.049675,0.002602487802505493
/tmp/DataSetCombined/Edges/Round-6_0009233_edge.png,"tf.Tensor(42.02, shape=(), dtype=float32)",42.43671,0.002602487802505493
/tmp/DataSetCombined/Edges/Round-7_0130245_edge.png,"tf.Tensor(9.99, shape=(), dtype=float32)",10.579222,0.002602487802505493
/tmp/DataSetCombined/Edges/Round-6_0047440_edge.png,"tf.Tensor(44.17, shape=(), dtype=float32)",44.896145,0.002602487802505493
/tmp/DataSetCombined/Edges/Round-7_0009395_edge.png,"tf.Tensor(62.76, shape=(), dtype=float32)",62.774303,0.002602487802505493
/tmp/DataSetCombined/Edges/Round-1_0079257_edge.png,"tf.Tensor(57.39, shape=(), dtype=float32)",55.8689,0.002602487802505493
/tmp/DataSetCombined/Edges/Round-8_0018776_edge.png,"tf.Tensor(8.51, shape=(), dtype=float32)",8.754664,0.002602487802505493
/tmp/DataSetCombined/Edges/Round-6_0021253_edge.png,"tf.Tensor(23.8, shape=(), dtype=float32)",24.649055,0.002602487802505493
/tmp/DataSetCombined/Edges/Round-4_0087864_edge.png,"tf.Tensor(3.24, shape=(), dtype=float32)",2.4602642,0.002602487802505493
/tmp/DataSetCombined/Edges/Round-6_0052887_edge.png,"tf.Tensor(13.16, shape=(), dtype=float32)",13.360393,0.002602487802505493
/tmp/DataSetCombined/Edges/Round-9_0062852_edge.png,"tf.Tensor(55.82, shape=(), dtype=float32)",54.912334,0.002602487802505493
/tmp/DataSetCombined/Edges/Round-9_0074690_edge.png,"tf.Tensor(36.08, shape=(), dtype=float32)",36.854218,0.002602487802505493
/tmp/DataSetCombined/Edges/Round-6_0073897_edge.png,"tf.Tensor(65.09, shape=(), dtype=float32)",64.07613,0.002602487802505493
/tmp/DataSetCombined/Edges/Round-8_0022319_edge.png,"tf.Tensor(63.12, shape=(), dtype=float32)",59.484734,0.002602487802505493
/tmp/DataSetCombined/Edges/Round-4_0036407_edge.png,"tf.Tensor(7.6, shape=(), dtype=float32)",7.75528,0.002602487802505493
/tmp/DataSetCombined/Edges/Round-8_0005940_edge.png,"tf.Tensor(8.36, shape=(), dtype=float32)",8.618796,0.002602487802505493
/tmp/DataSetCombined/Edges/Round-7_0110199_edge.png,"tf.Tensor(8.58, shape=(), dtype=float32)",9.075928,0.002602487802505493
/tmp/DataSetCombined/Edges/Round-6_0049125_edge.png,"tf.Tensor(11.69, shape=(), dtype=float32)",12.1652775,0.002602487802505493
/tmp/DataSetCombined/Edges/Round-7_0067969_edge.png,"tf.Tensor(64.59, shape=(), dtype=float32)",63.775875,0.002602487802505493
/tmp/DataSetCombined/Edges/Round-10_0169253_edge.png,"tf.Tensor(64.49, shape=(), dtype=float32)",63.26433,0.002602487802505493
/tmp/DataSetCombined/Edges/Round-2_0098622_edge.png,"tf.Tensor(64.83, shape=(), dtype=float32)",63.256954,0.002602487802505493
/tmp/DataSetCombined/Edges/Round-3_0006367_edge.png,"tf.Tensor(64.62, shape=(), dtype=float32)",63.975716,0.002602487802505493
/tmp/DataSetCombined/Edges/Round-9_0029442_edge.png,"tf.Tensor(6.22, shape=(), dtype=float32)",6.431202,0.002602487802505493
/tmp/DataSetCombined/Edges/Round-7_0060263_edge.png,"tf.Tensor(64.32, shape=(), dtype=float32)",63.584007,0.002602487802505493
/tmp/DataSetCombined/Edges/Round-1_0048167_edge.png,"tf.Tensor(3.32, shape=(), dtype=float32)",2.6095197,0.002602487802505493
/tmp/DataSetCombined/Edges/Round-9_0130937_edge.png,"tf.Tensor(4.06, shape=(), dtype=float32)",3.100873,0.002602487802505493
/tmp/DataSetCombined/Edges/Round-8_0041623_edge.png,"tf.Tensor(65.03, shape=(), dtype=float32)",62.98431,0.002602487802505493
/tmp/DataSetCombined/Edges/Round-2_0082910_edge.png,"tf.Tensor(61.85, shape=(), dtype=float32)",60.877056,0.002602487802505493
/tmp/DataSetCombined/Edges/Round-6_0079014_edge.png,"tf.Tensor(4.13, shape=(), dtype=float32)",3.1852007,0.002602487802505493
/tmp/DataSetCombined/Edges/Round-8_0011944_edge.png,"tf.Tensor(39.36, shape=(), dtype=float32)",40.537537,0.002602487802505493
/tmp/DataSetCombined/Edges/Round-6_0092318_edge.png,"tf.Tensor(63.94, shape=(), dtype=float32)",63.784473,0.002602487802505493
/tmp/DataSetCombined/Edges/Round-5_0116432_edge.png,"tf.Tensor(7.79, shape=(), dtype=float32)",7.9738855,0.002602487802505493
/tmp/DataSetCombined/Edges/Round-9_0131238_edge.png,"tf.Tensor(6.77, shape=(), dtype=float32)",7.166956,0.002602487802505493
/tmp/DataSetCombined/Edges/Round-10_0014751_edge.png,"tf.Tensor(3.26, shape=(), dtype=float32)",2.4691443,0.002602487802505493
/tmp/DataSetCombined/Edges/Round-8_0063415_edge.png,"tf.Tensor(63.85, shape=(), dtype=float32)",63.48571,0.002602487802505493
/tmp/DataSetCombined/Edges/Round-9_0110800_edge.png,"tf.Tensor(61.93, shape=(), dtype=float32)",62.093197,0.002602487802505493
/tmp/DataSetCombined/Edges/Round-6_0031998_edge.png,"tf.Tensor(64.02, shape=(), dtype=float32)",63.65913,0.002602487802505493
/tmp/DataSetCombined/Edges/Round-1_0078896_edge.png,"tf.Tensor(5.88, shape=(), dtype=float32)",5.91343,0.002602487802505493
/tmp/DataSetCombined/Edges/Round-6_0027784_edge.png,"tf.Tensor(8.27, shape=(), dtype=float32)",8.492145,0.002602487802505493
/tmp/DataSetCombined/Edges/Round-7_0087534_edge.png,"tf.Tensor(24.88, shape=(), dtype=float32)",26.467764,0.002602487802505493
/tmp/DataSetCombined/Edges/Round-8_0026042_edge.png,"tf.Tensor(9.83, shape=(), dtype=float32)",10.459258,0.002602487802505493
/tmp/DataSetCombined/Edges/Round-6_0086719_edge.png,"tf.Tensor(4.88, shape=(), dtype=float32)",3.9653146,0.002602487802505493
/tmp/DataSetCombined/Edges/Round-5_0108636_edge.png,"tf.Tensor(64.97, shape=(), dtype=float32)",62.637497,0.002602487802505493
/tmp/DataSetCombined/Edges/Round-9_0080550_edge.png,"tf.Tensor(65.45, shape=(), dtype=float32)",64.16021,0.002602487802505493
/tmp/DataSetCombined/Edges/Round-2_0069567_edge.png,"tf.Tensor(64.58, shape=(), dtype=float32)",62.794903,0.002602487802505493
/tmp/DataSetCombined/Edges/Round-10_0090580_edge.png,"tf.Tensor(4.08, shape=(), dtype=float32)",3.0779524,0.002602487802505493
/tmp/DataSetCombined/Edges/Round-9_0121425_edge.png,"tf.Tensor(2.68, shape=(), dtype=float32)",2.2502525,0.002602487802505493
/tmp/DataSetCombined/Edges/Round-4_0090182_edge.png,"tf.Tensor(63.98, shape=(), dtype=float32)",63.309036,0.0020713061094284058
/tmp/DataSetCombined/Edges/Round-5_0050062_edge.png,"tf.Tensor(63.7, shape=(), dtype=float32)",62.177547,0.0020713061094284058
/tmp/DataSetCombined/Edges/Round-5_0030949_edge.png,"tf.Tensor(63.31, shape=(), dtype=float32)",62.351074,0.0020713061094284058
/tmp/DataSetCombined/Edges/Round-3_0013095_edge.png,"tf.Tensor(58.38, shape=(), dtype=float32)",56.682125,0.0020713061094284058
/tmp/DataSetCombined/Edges/Round-8_0066003_edge.png,"tf.Tensor(4.61, shape=(), dtype=float32)",3.64027,0.0020713061094284058
/tmp/DataSetCombined/Edges/Round-5_0103369_edge.png,"tf.Tensor(61.59, shape=(), dtype=float32)",62.74104,0.0020713061094284058
/tmp/DataSetCombined/Edges/Round-9_0028960_edge.png,"tf.Tensor(5.69, shape=(), dtype=float32)",5.237241,0.0020713061094284058
/tmp/DataSetCombined/Edges/Round-9_0051233_edge.png,"tf.Tensor(5.6, shape=(), dtype=float32)",5.497483,0.0020713061094284058
/tmp/DataSetCombined/Edges/Round-2_0073068_edge.png,"tf.Tensor(3.31, shape=(), dtype=float32)",2.624389,0.0020713061094284058
/tmp/DataSetCombined/Edges/Round-7_0010779_edge.png,"tf.Tensor(60.86, shape=(), dtype=float32)",61.452023,0.0020713061094284058
/tmp/DataSetCombined/Edges/Round-9_0044130_edge.png,"tf.Tensor(5.88, shape=(), dtype=float32)",5.4709406,0.0020713061094284058
/tmp/DataSetCombined/Edges/Round-7_0125700_edge.png,"tf.Tensor(4.14, shape=(), dtype=float32)",3.1556807,0.0020713061094284058
/tmp/DataSetCombined/Edges/Round-3_0040907_edge.png,"tf.Tensor(2.73, shape=(), dtype=float32)",2.2288604,0.0020713061094284058
/tmp/DataSetCombined/Edges/Round-8_0032545_edge.png,"tf.Tensor(7.36, shape=(), dtype=float32)",7.419073,0.0020713061094284058
/tmp/DataSetCombined/Edges/Round-9_0029501_edge.png,"tf.Tensor(60.14, shape=(), dtype=float32)",60.939724,0.0020713061094284058
/tmp/DataSetCombined/Edges/Round-9_0131906_edge.png,"tf.Tensor(6.33, shape=(), dtype=float32)",6.1163783,0.0020713061094284058
/tmp/DataSetCombined/Edges/Round-1_0017467_edge.png,"tf.Tensor(63.98, shape=(), dtype=float32)",62.891438,0.0020713061094284058
/tmp/DataSetCombined/Edges/Round-5_0018991_edge.png,"tf.Tensor(3.24, shape=(), dtype=float32)",2.4580524,0.0020713061094284058
/tmp/DataSetCombined/Edges/Round-8_0042947_edge.png,"tf.Tensor(5.79, shape=(), dtype=float32)",5.9585524,0.0020713061094284058
/tmp/DataSetCombined/Edges/Round-9_0009876_edge.png,"tf.Tensor(6.33, shape=(), dtype=float32)",6.43758,0.0020713061094284058
/tmp/DataSetCombined/Edges/Round-4_0018514_edge.png,"tf.Tensor(43.51, shape=(), dtype=float32)",43.09585,0.0020713061094284058
/tmp/DataSetCombined/Edges/Round-7_0065381_edge.png,"tf.Tensor(65.46, shape=(), dtype=float32)",63.912975,0.0020713061094284058
/tmp/DataSetCombined/Edges/Round-1_0049909_edge.png,"tf.Tensor(65.12, shape=(), dtype=float32)",64.008095,0.0020713061094284058
/tmp/DataSetCombined/Edges/Round-2_0092752_edge.png,"tf.Tensor(65.11, shape=(), dtype=float32)",62.690254,0.0020713061094284058
/tmp/DataSetCombined/Edges/Round-10_0111251_edge.png,"tf.Tensor(64.26, shape=(), dtype=float32)",63.453857,0.0020713061094284058
/tmp/DataSetCombined/Edges/Round-10_0145565_edge.png,"tf.Tensor(64.06, shape=(), dtype=float32)",63.251328,0.0020713061094284058
/tmp/DataSetCombined/Edges/Round-8_0041213_edge.png,"tf.Tensor(2.94, shape=(), dtype=float32)",2.3122194,0.0020713061094284058
/tmp/DataSetCombined/Edges/Round-1_0154866_edge.png,"tf.Tensor(64.62, shape=(), dtype=float32)",63.892406,0.0020713061094284058
/tmp/DataSetCombined/Edges/Round-5_0084402_edge.png,"tf.Tensor(11.98, shape=(), dtype=float32)",12.196934,0.0020713061094284058
/tmp/DataSetCombined/Edges/Round-9_0194718_edge.png,"tf.Tensor(65.35, shape=(), dtype=float32)",63.790363,0.0020713061094284058
/tmp/DataSetCombined/Edges/Round-1_0037734_edge.png,"tf.Tensor(4.15, shape=(), dtype=float32)",3.3126986,0.0020713061094284058
/tmp/DataSetCombined/Edges/Round-5_0119923_edge.png,"tf.Tensor(4.31, shape=(), dtype=float32)",3.3234248,0.0020713061094284058
/tmp/DataSetCombined/Edges/Round-9_0090965_edge.png,"tf.Tensor(3.51, shape=(), dtype=float32)",2.624568,0.0020713061094284058
/tmp/DataSetCombined/Edges/Round-5_0090817_edge.png,"tf.Tensor(4.02, shape=(), dtype=float32)",3.132564,0.0020713061094284058
/tmp/DataSetCombined/Edges/Round-10_0006444_edge.png,"tf.Tensor(59.03, shape=(), dtype=float32)",58.351604,0.0020713061094284058
/tmp/DataSetCombined/Edges/Round-6_0054121_edge.png,"tf.Tensor(4.05, shape=(), dtype=float32)",3.136145,0.0020713061094284058
/tmp/DataSetCombined/Edges/Round-4_0068571_edge.png,"tf.Tensor(23.01, shape=(), dtype=float32)",23.069292,0.0020713061094284058
/tmp/DataSetCombined/Edges/Round-6_0032179_edge.png,"tf.Tensor(3.65, shape=(), dtype=float32)",2.8491354,0.0020713061094284058
/tmp/DataSetCombined/Edges/Round-1_0096446_edge.png,"tf.Tensor(8.57, shape=(), dtype=float32)",9.068714,0.0020713061094284058
/tmp/DataSetCombined/Edges/Round-8_0041050_edge.png,"tf.Tensor(8.06, shape=(), dtype=float32)",8.209397,0.0020713061094284058
/tmp/DataSetCombined/Edges/Round-6_0129551_edge.png,"tf.Tensor(23.02, shape=(), dtype=float32)",22.545006,0.0020713061094284058
/tmp/DataSetCombined/Edges/Round-5_0023966_edge.png,"tf.Tensor(5.56, shape=(), dtype=float32)",5.4358616,0.0020713061094284058
/tmp/DataSetCombined/Edges/Round-6_0082686_edge.png,"tf.Tensor(65.39, shape=(), dtype=float32)",64.12023,0.0020713061094284058
/tmp/DataSetCombined/Edges/Round-9_0133044_edge.png,"tf.Tensor(3.38, shape=(), dtype=float32)",2.5078583,0.0020713061094284058
/tmp/DataSetCombined/Edges/Round-5_0003788_edge.png,"tf.Tensor(63.76, shape=(), dtype=float32)",62.357098,0.0020713061094284058
/tmp/DataSetCombined/Edges/Round-6_0054031_edge.png,"tf.Tensor(51.71, shape=(), dtype=float32)",51.247566,0.0020713061094284058
/tmp/DataSetCombined/Edges/Round-3_0088555_edge.png,"tf.Tensor(64.55, shape=(), dtype=float32)",62.455986,0.0020713061094284058
/tmp/DataSetCombined/Edges/Round-1_0046634_edge.png,"tf.Tensor(5.38, shape=(), dtype=float32)",5.123322,0.0020713061094284058
/tmp/DataSetCombined/Edges/Round-8_0056853_edge.png,"tf.Tensor(62.22, shape=(), dtype=float32)",61.489582,0.0020713061094284058
/tmp/DataSetCombined/Edges/Round-2_0103022_edge.png,"tf.Tensor(48.68, shape=(), dtype=float32)",48.053,0.0020713061094284058
/tmp/DataSetCombined/Edges/Round-7_0067306_edge.png,"tf.Tensor(43.75, shape=(), dtype=float32)",43.978207,0.0020713061094284058
/tmp/DataSetCombined/Edges/Round-8_0054595_edge.png,"tf.Tensor(5.17, shape=(), dtype=float32)",5.0091047,0.0020713061094284058
/tmp/DataSetCombined/Edges/Round-7_0102674_edge.png,"tf.Tensor(8.46, shape=(), dtype=float32)",8.864334,0.0020713061094284058
/tmp/DataSetCombined/Edges/Round-10_0079556_edge.png,"tf.Tensor(3.8, shape=(), dtype=float32)",2.8634424,0.0020713061094284058
/tmp/DataSetCombined/Edges/Round-8_0070229_edge.png,"tf.Tensor(4.58, shape=(), dtype=float32)",3.6532767,0.0020713061094284058
/tmp/DataSetCombined/Edges/Round-9_0050932_edge.png,"tf.Tensor(57.72, shape=(), dtype=float32)",56.644337,0.0020713061094284058
/tmp/DataSetCombined/Edges/Round-5_0006147_edge.png,"tf.Tensor(7.67, shape=(), dtype=float32)",8.142398,0.0020713061094284058
/tmp/DataSetCombined/Edges/Round-10_0118475_edge.png,"tf.Tensor(63.49, shape=(), dtype=float32)",63.534122,0.0020713061094284058
/tmp/DataSetCombined/Edges/Round-9_0002532_edge.png,"tf.Tensor(24.96, shape=(), dtype=float32)",25.708763,0.0020713061094284058
/tmp/DataSetCombined/Edges/Round-7_0069270_edge.png,"tf.Tensor(13.95, shape=(), dtype=float32)",14.615237,0.0020713061094284058
/tmp/DataSetCombined/Edges/Round-4_0050239_edge.png,"tf.Tensor(64.95, shape=(), dtype=float32)",61.932575,0.0020713061094284058
/tmp/DataSetCombined/Edges/Round-8_0085929_edge.png,"tf.Tensor(38.49, shape=(), dtype=float32)",38.844894,0.0020713061094284058
/tmp/DataSetCombined/Edges/Round-1_0068900_edge.png,"tf.Tensor(63.83, shape=(), dtype=float32)",62.62309,0.0020713061094284058
/tmp/DataSetCombined/Edges/Round-10_0023932_edge.png,"tf.Tensor(3.44, shape=(), dtype=float32)",2.6055975,0.0020713061094284058
/tmp/DataSetCombined/Edges/Round-10_0055867_edge.png,"tf.Tensor(64.67, shape=(), dtype=float32)",62.90633,0.002327490597963333
/tmp/DataSetCombined/Edges/Round-7_0092590_edge.png,"tf.Tensor(64.96, shape=(), dtype=float32)",62.59707,0.002327490597963333
/tmp/DataSetCombined/Edges/Round-6_0016587_edge.png,"tf.Tensor(4.53, shape=(), dtype=float32)",3.8555791,0.002327490597963333
/tmp/DataSetCombined/Edges/Round-7_0088844_edge.png,"tf.Tensor(62.33, shape=(), dtype=float32)",62.381832,0.002327490597963333
/tmp/DataSetCombined/Edges/Round-7_0071129_edge.png,"tf.Tensor(15.37, shape=(), dtype=float32)",16.1222,0.002327490597963333
/tmp/DataSetCombined/Edges/Round-8_0033056_edge.png,"tf.Tensor(13.55, shape=(), dtype=float32)",13.764586,0.002327490597963333
/tmp/DataSetCombined/Edges/Round-1_0074603_edge.png,"tf.Tensor(3.36, shape=(), dtype=float32)",2.5895493,0.002327490597963333
/tmp/DataSetCombined/Edges/Round-10_0151012_edge.png,"tf.Tensor(23.5, shape=(), dtype=float32)",23.577627,0.002327490597963333
/tmp/DataSetCombined/Edges/Round-3_0056890_edge.png,"tf.Tensor(15.66, shape=(), dtype=float32)",15.595903,0.002327490597963333
/tmp/DataSetCombined/Edges/Round-5_0082239_edge.png,"tf.Tensor(7.17, shape=(), dtype=float32)",7.5523033,0.002327490597963333
/tmp/DataSetCombined/Edges/Round-5_0058069_edge.png,"tf.Tensor(3.58, shape=(), dtype=float32)",2.697392,0.002327490597963333
/tmp/DataSetCombined/Edges/Round-1_0104872_edge.png,"tf.Tensor(63.95, shape=(), dtype=float32)",63.322174,0.002327490597963333
/tmp/DataSetCombined/Edges/Round-6_0131447_edge.png,"tf.Tensor(5.26, shape=(), dtype=float32)",4.794488,0.002327490597963333
/tmp/DataSetCombined/Edges/Round-4_0083289_edge.png,"tf.Tensor(6.09, shape=(), dtype=float32)",5.822182,0.002327490597963333
/tmp/DataSetCombined/Edges/Round-10_0022758_edge.png,"tf.Tensor(10.56, shape=(), dtype=float32)",8.915058,0.002327490597963333
/tmp/DataSetCombined/Edges/Round-4_0057313_edge.png,"tf.Tensor(64.11, shape=(), dtype=float32)",63.15624,0.002327490597963333
/tmp/DataSetCombined/Edges/Round-7_0030314_edge.png,"tf.Tensor(26.72, shape=(), dtype=float32)",28.492449,0.002327490597963333
/tmp/DataSetCombined/Edges/Round-8_0043548_edge.png,"tf.Tensor(2.96, shape=(), dtype=float32)",2.3197238,0.002327490597963333
/tmp/DataSetCombined/Edges/Round-10_0151494_edge.png,"tf.Tensor(10.34, shape=(), dtype=float32)",11.1624,0.002327490597963333
/tmp/DataSetCombined/Edges/Round-6_0042081_edge.png,"tf.Tensor(15.73, shape=(), dtype=float32)",15.797223,0.002327490597963333
/tmp/DataSetCombined/Edges/Round-7_0116098_edge.png,"tf.Tensor(15.21, shape=(), dtype=float32)",15.057078,0.002327490597963333
/tmp/DataSetCombined/Edges/Round-8_0083912_edge.png,"tf.Tensor(64.01, shape=(), dtype=float32)",63.31727,0.002327490597963333
/tmp/DataSetCombined/Edges/Round-4_0009785_edge.png,"tf.Tensor(8.21, shape=(), dtype=float32)",8.31415,0.002327490597963333
/tmp/DataSetCombined/Edges/Round-9_0145025_edge.png,"tf.Tensor(2.99, shape=(), dtype=float32)",2.3344812,0.002327490597963333
/tmp/DataSetCombined/Edges/Round-9_0128830_edge.png,"tf.Tensor(60.74, shape=(), dtype=float32)",60.47407,0.002327490597963333
/tmp/DataSetCombined/Edges/Round-9_0058276_edge.png,"tf.Tensor(2.77, shape=(), dtype=float32)",2.2509,0.002327490597963333
/tmp/DataSetCombined/Edges/Round-9_0063785_edge.png,"tf.Tensor(6.15, shape=(), dtype=float32)",6.238933,0.002327490597963333
/tmp/DataSetCombined/Edges/Round-5_0094369_edge.png,"tf.Tensor(5.31, shape=(), dtype=float32)",4.564448,0.002327490597963333
/tmp/DataSetCombined/Edges/Round-2_0074034_edge.png,"tf.Tensor(2.57, shape=(), dtype=float32)",2.2105193,0.002327490597963333
/tmp/DataSetCombined/Edges/Round-4_0039554_edge.png,"tf.Tensor(65.14, shape=(), dtype=float32)",63.989437,0.002327490597963333
/tmp/DataSetCombined/Edges/Round-7_0104991_edge.png,"tf.Tensor(64.31, shape=(), dtype=float32)",63.180542,0.002327490597963333
/tmp/DataSetCombined/Edges/Round-7_0121968_edge.png,"tf.Tensor(64.37, shape=(), dtype=float32)",63.139423,0.002327490597963333
/tmp/DataSetCombined/Edges/Round-10_0059148_edge.png,"tf.Tensor(63.71, shape=(), dtype=float32)",63.040096,0.002327490597963333
/tmp/DataSetCombined/Edges/Round-9_0105895_edge.png,"tf.Tensor(4.71, shape=(), dtype=float32)",3.7273903,0.002327490597963333
/tmp/DataSetCombined/Edges/Round-4_0057132_edge.png,"tf.Tensor(63.21, shape=(), dtype=float32)",63.236286,0.002327490597963333
/tmp/DataSetCombined/Edges/Round-8_0050622_edge.png,"tf.Tensor(6.71, shape=(), dtype=float32)",6.8988066,0.002327490597963333
/tmp/DataSetCombined/Edges/Round-9_0136054_edge.png,"tf.Tensor(54.38, shape=(), dtype=float32)",53.358334,0.002327490597963333
/tmp/DataSetCombined/Edges/Round-1_0136782_edge.png,"tf.Tensor(7.9, shape=(), dtype=float32)",8.290558,0.002327490597963333
/tmp/DataSetCombined/Edges/Round-10_0019327_edge.png,"tf.Tensor(65.31, shape=(), dtype=float32)",62.269142,0.002327490597963333
/tmp/DataSetCombined/Edges/Round-10_0146768_edge.png,"tf.Tensor(29.92, shape=(), dtype=float32)",31.556757,0.002327490597963333
/tmp/DataSetCombined/Edges/Round-8_0038552_edge.png,"tf.Tensor(14.66, shape=(), dtype=float32)",15.189054,0.002327490597963333
/tmp/DataSetCombined/Edges/Round-8_0029355_edge.png,"tf.Tensor(39.2, shape=(), dtype=float32)",40.442276,0.002327490597963333
/tmp/DataSetCombined/Edges/Round-10_0181473_edge.png,"tf.Tensor(3.72, shape=(), dtype=float32)",2.878792,0.002327490597963333
/tmp/DataSetCombined/Edges/Round-8_0020733_edge.png,"tf.Tensor(59.32, shape=(), dtype=float32)",60.42348,0.002327490597963333
/tmp/DataSetCombined/Edges/Round-4_0045514_edge.png,"tf.Tensor(8.19, shape=(), dtype=float32)",8.290861,0.002327490597963333
/tmp/DataSetCombined/Edges/Round-10_0040426_edge.png,"tf.Tensor(2.8, shape=(), dtype=float32)",2.2838795,0.002327490597963333
/tmp/DataSetCombined/Edges/Round-6_0048432_edge.png,"tf.Tensor(64.89, shape=(), dtype=float32)",62.768993,0.002327490597963333
/tmp/DataSetCombined/Edges/Round-10_0024564_edge.png,"tf.Tensor(65.41, shape=(), dtype=float32)",63.95097,0.002327490597963333
/tmp/DataSetCombined/Edges/Round-8_0011865_edge.png,"tf.Tensor(64.27, shape=(), dtype=float32)",63.22427,0.002327490597963333
/tmp/DataSetCombined/Edges/Round-7_0006686_edge.png,"tf.Tensor(64.55, shape=(), dtype=float32)",63.208206,0.002327490597963333
/tmp/DataSetCombined/Edges/Round-5_0073420_edge.png,"tf.Tensor(9.88, shape=(), dtype=float32)",10.442021,0.002327490597963333
/tmp/DataSetCombined/Edges/Round-3_0041419_edge.png,"tf.Tensor(50.38, shape=(), dtype=float32)",49.196938,0.002327490597963333
/tmp/DataSetCombined/Edges/Round-10_0132080_edge.png,"tf.Tensor(64.81, shape=(), dtype=float32)",63.341297,0.002327490597963333
/tmp/DataSetCombined/Edges/Round-1_0142681_edge.png,"tf.Tensor(16.4, shape=(), dtype=float32)",16.492939,0.002327490597963333
/tmp/DataSetCombined/Edges/Round-9_0167659_edge.png,"tf.Tensor(65.38, shape=(), dtype=float32)",64.00908,0.002327490597963333
/tmp/DataSetCombined/Edges/Round-8_0019138_edge.png,"tf.Tensor(48.63, shape=(), dtype=float32)",47.771038,0.002327490597963333
/tmp/DataSetCombined/Edges/Round-6_0108872_edge.png,"tf.Tensor(2.86, shape=(), dtype=float32)",2.2781339,0.002327490597963333
/tmp/DataSetCombined/Edges/Round-5_0055179_edge.png,"tf.Tensor(60.87, shape=(), dtype=float32)",58.92793,0.002327490597963333
/tmp/DataSetCombined/Edges/Round-9_0038803_edge.png,"tf.Tensor(26.86, shape=(), dtype=float32)",27.186068,0.002327490597963333
/tmp/DataSetCombined/Edges/Round-7_0098189_edge.png,"tf.Tensor(64.63, shape=(), dtype=float32)",62.678745,0.002327490597963333
/tmp/DataSetCombined/Edges/Round-10_0024143_edge.png,"tf.Tensor(52.73, shape=(), dtype=float32)",53.21683,0.002327490597963333
/tmp/DataSetCombined/Edges/Round-10_0148304_edge.png,"tf.Tensor(44.38, shape=(), dtype=float32)",43.009933,0.002327490597963333
/tmp/DataSetCombined/Edges/Round-6_0030914_edge.png,"tf.Tensor(3.15, shape=(), dtype=float32)",2.4712408,0.002327490597963333
/tmp/DataSetCombined/Edges/Round-9_0118717_edge.png,"tf.Tensor(63.87, shape=(), dtype=float32)",62.48464,0.002327490597963333
/tmp/DataSetCombined/Edges/Round-4_0068389_edge.png,"tf.Tensor(58.89, shape=(), dtype=float32)",57.98103,0.0020621679723262787
/tmp/DataSetCombined/Edges/Round-1_0089671_edge.png,"tf.Tensor(6.23, shape=(), dtype=float32)",5.966453,0.0020621679723262787
/tmp/DataSetCombined/Edges/Round-3_0014540_edge.png,"tf.Tensor(3.34, shape=(), dtype=float32)",2.554202,0.0020621679723262787
/tmp/DataSetCombined/Edges/Round-1_0120102_edge.png,"tf.Tensor(49.89, shape=(), dtype=float32)",48.792686,0.0020621679723262787
/tmp/DataSetCombined/Edges/Round-6_0131567_edge.png,"tf.Tensor(58.62, shape=(), dtype=float32)",58.98183,0.0020621679723262787
/tmp/DataSetCombined/Edges/Round-6_0030824_edge.png,"tf.Tensor(8.23, shape=(), dtype=float32)",8.682164,0.0020621679723262787
/tmp/DataSetCombined/Edges/Round-8_0053090_edge.png,"tf.Tensor(4.01, shape=(), dtype=float32)",3.061619,0.0020621679723262787
/tmp/DataSetCombined/Edges/Round-1_0125551_edge.png,"tf.Tensor(9.24, shape=(), dtype=float32)",9.7644,0.0020621679723262787
/tmp/DataSetCombined/Edges/Round-3_0012734_edge.png,"tf.Tensor(60.55, shape=(), dtype=float32)",59.668957,0.0020621679723262787
/tmp/DataSetCombined/Edges/Round-3_0080940_edge.png,"tf.Tensor(64.39, shape=(), dtype=float32)",63.94112,0.0020621679723262787
/tmp/DataSetCombined/Edges/Round-7_0127084_edge.png,"tf.Tensor(37.73, shape=(), dtype=float32)",38.1979,0.0020621679723262787
/tmp/DataSetCombined/Edges/Round-10_0048373_edge.png,"tf.Tensor(57.58, shape=(), dtype=float32)",57.81718,0.0020621679723262787
/tmp/DataSetCombined/Edges/Round-8_0040221_edge.png,"tf.Tensor(4.52, shape=(), dtype=float32)",3.8234916,0.0020621679723262787
/tmp/DataSetCombined/Edges/Round-10_0138972_edge.png,"tf.Tensor(49.74, shape=(), dtype=float32)",48.22246,0.0020621679723262787
/tmp/DataSetCombined/Edges/Round-10_0128829_edge.png,"tf.Tensor(10.67, shape=(), dtype=float32)",10.943063,0.0020621679723262787
/tmp/DataSetCombined/Edges/Round-8_0020884_edge.png,"tf.Tensor(6.48, shape=(), dtype=float32)",6.6683664,0.0020621679723262787
/tmp/DataSetCombined/Edges/Round-2_0034800_edge.png,"tf.Tensor(64.33, shape=(), dtype=float32)",62.789227,0.0020621679723262787
/tmp/DataSetCombined/Edges/Round-10_0104659_edge.png,"tf.Tensor(46.7, shape=(), dtype=float32)",46.06302,0.0020621679723262787
/tmp/DataSetCombined/Edges/Round-6_0079375_edge.png,"tf.Tensor(3.14, shape=(), dtype=float32)",2.4016292,0.0020621679723262787
/tmp/DataSetCombined/Edges/Round-10_0124977_edge.png,"tf.Tensor(3.6, shape=(), dtype=float32)",2.8057404,0.0020621679723262787
/tmp/DataSetCombined/Edges/Round-10_0127866_edge.png,"tf.Tensor(9.77, shape=(), dtype=float32)",10.341067,0.0020621679723262787
/tmp/DataSetCombined/Edges/Round-6_0056018_edge.png,"tf.Tensor(22.24, shape=(), dtype=float32)",23.64509,0.0020621679723262787
/tmp/DataSetCombined/Edges/Round-10_0117983_edge.png,"tf.Tensor(64.76, shape=(), dtype=float32)",62.92649,0.0020621679723262787
/tmp/DataSetCombined/Edges/Round-10_0014631_edge.png,"tf.Tensor(7.55, shape=(), dtype=float32)",7.938577,0.0020621679723262787
/tmp/DataSetCombined/Edges/Round-4_0084463_edge.png,"tf.Tensor(5.19, shape=(), dtype=float32)",4.8756146,0.0020621679723262787
/tmp/DataSetCombined/Edges/Round-1_0140509_edge.png,"tf.Tensor(6.6, shape=(), dtype=float32)",6.8485584,0.0020621679723262787
/tmp/DataSetCombined/Edges/Round-5_0093075_edge.png,"tf.Tensor(4.16, shape=(), dtype=float32)",3.2389386,0.0020621679723262787
/tmp/DataSetCombined/Edges/Round-9_0144905_edge.png,"tf.Tensor(8.13, shape=(), dtype=float32)",8.291694,0.0020621679723262787
/tmp/DataSetCombined/Edges/Round-7_0002652_edge.png,"tf.Tensor(60.87, shape=(), dtype=float32)",58.314617,0.0020621679723262787
/tmp/DataSetCombined/Edges/Round-4_0024384_edge.png,"tf.Tensor(63.67, shape=(), dtype=float32)",63.06055,0.0020621679723262787
/tmp/DataSetCombined/Edges/Round-8_0026542_edge.png,"tf.Tensor(65.3, shape=(), dtype=float32)",62.84035,0.0020621679723262787
/tmp/DataSetCombined/Edges/Round-9_0160194_edge.png,"tf.Tensor(49.43, shape=(), dtype=float32)",48.085682,0.0020621679723262787
/tmp/DataSetCombined/Edges/Round-8_0061970_edge.png,"tf.Tensor(23.11, shape=(), dtype=float32)",22.5249,0.0020621679723262787
/tmp/DataSetCombined/Edges/Round-10_0018664_edge.png,"tf.Tensor(4.51, shape=(), dtype=float32)",3.796391,0.0020621679723262787
/tmp/DataSetCombined/Edges/Round-2_0094769_edge.png,"tf.Tensor(6.05, shape=(), dtype=float32)",6.189086,0.0020621679723262787
/tmp/DataSetCombined/Edges/Round-8_0040328_edge.png,"tf.Tensor(3.34, shape=(), dtype=float32)",2.5428045,0.0020621679723262787
/tmp/DataSetCombined/Edges/Round-10_0055988_edge.png,"tf.Tensor(6.83, shape=(), dtype=float32)",6.7274003,0.0020621679723262787
/tmp/DataSetCombined/Edges/Round-9_0163174_edge.png,"tf.Tensor(28.72, shape=(), dtype=float32)",30.1845,0.0020621679723262787
/tmp/DataSetCombined/Edges/Round-7_0066133_edge.png,"tf.Tensor(64.0, shape=(), dtype=float32)",62.55991,0.0020621679723262787
/tmp/DataSetCombined/Edges/Round-8_0038745_edge.png,"tf.Tensor(9.69, shape=(), dtype=float32)",10.258637,0.0020621679723262787
/tmp/DataSetCombined/Edges/Round-9_0133194_edge.png,"tf.Tensor(7.5, shape=(), dtype=float32)",7.646459,0.0020621679723262787
/tmp/DataSetCombined/Edges/Round-9_0093373_edge.png,"tf.Tensor(51.26, shape=(), dtype=float32)",50.422245,0.0020621679723262787
/tmp/DataSetCombined/Edges/Round-7_0114894_edge.png,"tf.Tensor(4.17, shape=(), dtype=float32)",3.332141,0.0020621679723262787
/tmp/DataSetCombined/Edges/Round-9_0190203_edge.png,"tf.Tensor(7.61, shape=(), dtype=float32)",8.094249,0.0020621679723262787
/tmp/DataSetCombined/Edges/Round-10_0170213_edge.png,"tf.Tensor(26.16, shape=(), dtype=float32)",27.29904,0.0020621679723262787
/tmp/DataSetCombined/Edges/Round-2_0054167_edge.png,"tf.Tensor(54.95, shape=(), dtype=float32)",56.46981,0.0020621679723262787
/tmp/DataSetCombined/Edges/Round-7_0098430_edge.png,"tf.Tensor(37.97, shape=(), dtype=float32)",37.989876,0.0020621679723262787
/tmp/DataSetCombined/Edges/Round-8_0062722_edge.png,"tf.Tensor(65.28, shape=(), dtype=float32)",64.065506,0.0020621679723262787
/tmp/DataSetCombined/Edges/Round-3_0027367_edge.png,"tf.Tensor(65.21, shape=(), dtype=float32)",63.929382,0.0020621679723262787
/tmp/DataSetCombined/Edges/Round-9_0011712_edge.png,"tf.Tensor(13.86, shape=(), dtype=float32)",14.121308,0.0020621679723262787
/tmp/DataSetCombined/Edges/Round-5_0106861_edge.png,"tf.Tensor(5.47, shape=(), dtype=float32)",4.8503137,0.0020621679723262787
/tmp/DataSetCombined/Edges/Round-10_0092469_edge.png,"tf.Tensor(47.84, shape=(), dtype=float32)",48.824005,0.0020621679723262787
/tmp/DataSetCombined/Edges/Round-9_0058909_edge.png,"tf.Tensor(64.49, shape=(), dtype=float32)",62.75487,0.0020621679723262787
/tmp/DataSetCombined/Edges/Round-5_0019902_edge.png,"tf.Tensor(46.08, shape=(), dtype=float32)",44.700516,0.0020621679723262787
/tmp/DataSetCombined/Edges/Round-2_0103619_edge.png,"tf.Tensor(7.05, shape=(), dtype=float32)",7.3889456,0.0020621679723262787
/tmp/DataSetCombined/Edges/Round-4_0075132_edge.png,"tf.Tensor(64.99, shape=(), dtype=float32)",62.740437,0.0020621679723262787
/tmp/DataSetCombined/Edges/Round-7_0087563_edge.png,"tf.Tensor(65.43, shape=(), dtype=float32)",63.870213,0.0020621679723262787
/tmp/DataSetCombined/Edges/Round-8_0083641_edge.png,"tf.Tensor(51.51, shape=(), dtype=float32)",51.18751,0.0020621679723262787
/tmp/DataSetCombined/Edges/Round-9_0087867_edge.png,"tf.Tensor(65.55, shape=(), dtype=float32)",63.686115,0.0020621679723262787
/tmp/DataSetCombined/Edges/Round-3_0071940_edge.png,"tf.Tensor(25.18, shape=(), dtype=float32)",25.491198,0.0020621679723262787
/tmp/DataSetCombined/Edges/Round-8_0009849_edge.png,"tf.Tensor(5.13, shape=(), dtype=float32)",4.342047,0.0020621679723262787
/tmp/DataSetCombined/Edges/Round-10_0021313_edge.png,"tf.Tensor(65.26, shape=(), dtype=float32)",63.943935,0.0020621679723262787
/tmp/DataSetCombined/Edges/Round-10_0136836_edge.png,"tf.Tensor(3.93, shape=(), dtype=float32)",3.024275,0.0020621679723262787
/tmp/DataSetCombined/Edges/Round-1_0080550_edge.png,"tf.Tensor(36.95, shape=(), dtype=float32)",38.046547,0.0020621679723262787
/tmp/DataSetCombined/Edges/Round-1_0050964_edge.png,"tf.Tensor(9.89, shape=(), dtype=float32)",10.45416,0.002261776477098465
/tmp/DataSetCombined/Edges/Round-10_0188065_edge.png,"tf.Tensor(7.75, shape=(), dtype=float32)",8.168742,0.002261776477098465
/tmp/DataSetCombined/Edges/Round-4_0072453_edge.png,"tf.Tensor(61.36, shape=(), dtype=float32)",62.56654,0.002261776477098465
/tmp/DataSetCombined/Edges/Round-10_0042714_edge.png,"tf.Tensor(65.33, shape=(), dtype=float32)",63.9219,0.002261776477098465
/tmp/DataSetCombined/Edges/Round-1_0008001_edge.png,"tf.Tensor(57.7, shape=(), dtype=float32)",58.07978,0.002261776477098465
/tmp/DataSetCombined/Edges/Round-10_0189301_edge.png,"tf.Tensor(57.73, shape=(), dtype=float32)",55.340122,0.002261776477098465
/tmp/DataSetCombined/Edges/Round-7_0021675_edge.png,"tf.Tensor(65.35, shape=(), dtype=float32)",62.362865,0.002261776477098465
/tmp/DataSetCombined/Edges/Round-2_0036600_edge.png,"tf.Tensor(22.11, shape=(), dtype=float32)",23.371681,0.002261776477098465
/tmp/DataSetCombined/Edges/Round-1_0099423_edge.png,"tf.Tensor(16.14, shape=(), dtype=float32)",16.720638,0.002261776477098465
/tmp/DataSetCombined/Edges/Round-1_0108302_edge.png,"tf.Tensor(13.22, shape=(), dtype=float32)",13.702322,0.002261776477098465
/tmp/DataSetCombined/Edges/Round-10_0113568_edge.png,"tf.Tensor(58.37, shape=(), dtype=float32)",59.556507,0.002261776477098465
/tmp/DataSetCombined/Edges/Round-4_0016558_edge.png,"tf.Tensor(3.33, shape=(), dtype=float32)",2.5904605,0.002261776477098465
/tmp/DataSetCombined/Edges/Round-10_0105592_edge.png,"tf.Tensor(59.87, shape=(), dtype=float32)",59.81267,0.002261776477098465
/tmp/DataSetCombined/Edges/Round-8_0049822_edge.png,"tf.Tensor(15.67, shape=(), dtype=float32)",16.245087,0.002261776477098465
/tmp/DataSetCombined/Edges/Round-1_0064434_edge.png,"tf.Tensor(2.72, shape=(), dtype=float32)",2.33772,0.002261776477098465
/tmp/DataSetCombined/Edges/Round-1_0036634_edge.png,"tf.Tensor(8.04, shape=(), dtype=float32)",8.524196,0.002261776477098465
/tmp/DataSetCombined/Edges/Round-9_0118506_edge.png,"tf.Tensor(4.48, shape=(), dtype=float32)",3.7667425,0.002261776477098465
/tmp/DataSetCombined/Edges/Round-10_0073596_edge.png,"tf.Tensor(65.09, shape=(), dtype=float32)",64.33639,0.002261776477098465
/tmp/DataSetCombined/Edges/Round-4_0056380_edge.png,"tf.Tensor(2.71, shape=(), dtype=float32)",2.282201,0.002261776477098465
/tmp/DataSetCombined/Edges/Round-8_0038384_edge.png,"tf.Tensor(64.19, shape=(), dtype=float32)",63.823444,0.002261776477098465
/tmp/DataSetCombined/Edges/Round-2_0067770_edge.png,"tf.Tensor(64.05, shape=(), dtype=float32)",63.368046,0.002261776477098465
/tmp/DataSetCombined/Edges/Round-9_0123683_edge.png,"tf.Tensor(65.05, shape=(), dtype=float32)",63.32973,0.002261776477098465
/tmp/DataSetCombined/Edges/Round-9_0101289_edge.png,"tf.Tensor(62.72, shape=(), dtype=float32)",62.170673,0.002261776477098465
/tmp/DataSetCombined/Edges/Round-9_0056621_edge.png,"tf.Tensor(55.17, shape=(), dtype=float32)",54.369404,0.002261776477098465
/tmp/DataSetCombined/Edges/Round-9_0113918_edge.png,"tf.Tensor(55.67, shape=(), dtype=float32)",55.140076,0.002261776477098465
/tmp/DataSetCombined/Edges/Round-5_0025772_edge.png,"tf.Tensor(6.81, shape=(), dtype=float32)",6.7751045,0.002261776477098465
/tmp/DataSetCombined/Edges/Round-8_0010902_edge.png,"tf.Tensor(3.68, shape=(), dtype=float32)",2.8117423,0.002261776477098465
/tmp/DataSetCombined/Edges/Round-4_0043979_edge.png,"tf.Tensor(2.85, shape=(), dtype=float32)",2.2828054,0.002261776477098465
/tmp/DataSetCombined/Edges/Round-1_0053461_edge.png,"tf.Tensor(5.43, shape=(), dtype=float32)",5.236776,0.002261776477098465
/tmp/DataSetCombined/Edges/Round-2_0051767_edge.png,"tf.Tensor(50.93, shape=(), dtype=float32)",49.598354,0.002261776477098465
/tmp/DataSetCombined/Edges/Round-6_0051894_edge.png,"tf.Tensor(65.45, shape=(), dtype=float32)",63.833588,0.002261776477098465
/tmp/DataSetCombined/Edges/Round-3_0056619_edge.png,"tf.Tensor(33.38, shape=(), dtype=float32)",33.63374,0.002261776477098465
/tmp/DataSetCombined/Edges/Round-8_0017693_edge.png,"tf.Tensor(24.24, shape=(), dtype=float32)",25.169804,0.002261776477098465
/tmp/DataSetCombined/Edges/Round-5_0040280_edge.png,"tf.Tensor(4.56, shape=(), dtype=float32)",3.808714,0.002261776477098465
/tmp/DataSetCombined/Edges/Round-10_0003334_edge.png,"tf.Tensor(8.78, shape=(), dtype=float32)",9.365436,0.002261776477098465
/tmp/DataSetCombined/Edges/Round-9_0072363_edge.png,"tf.Tensor(5.76, shape=(), dtype=float32)",5.6483088,0.002261776477098465
/tmp/DataSetCombined/Edges/Round-5_0069414_edge.png,"tf.Tensor(41.22, shape=(), dtype=float32)",40.94396,0.002261776477098465
/tmp/DataSetCombined/Edges/Round-5_0013220_edge.png,"tf.Tensor(43.08, shape=(), dtype=float32)",44.654858,0.002261776477098465
/tmp/DataSetCombined/Edges/Round-7_0016829_edge.png,"tf.Tensor(51.3, shape=(), dtype=float32)",50.325382,0.002261776477098465
/tmp/DataSetCombined/Edges/Round-7_0119168_edge.png,"tf.Tensor(4.92, shape=(), dtype=float32)",4.136896,0.002261776477098465
/tmp/DataSetCombined/Edges/Round-5_0089734_edge.png,"tf.Tensor(63.43, shape=(), dtype=float32)",63.937668,0.002261776477098465
/tmp/DataSetCombined/Edges/Round-8_0035915_edge.png,"tf.Tensor(5.03, shape=(), dtype=float32)",4.4339066,0.002261776477098465
/tmp/DataSetCombined/Edges/Round-9_0010448_edge.png,"tf.Tensor(64.1, shape=(), dtype=float32)",62.17575,0.002261776477098465
/tmp/DataSetCombined/Edges/Round-10_0128076_edge.png,"tf.Tensor(5.75, shape=(), dtype=float32)",5.6902957,0.002261776477098465
/tmp/DataSetCombined/Edges/Round-5_0107691_edge.png,"tf.Tensor(6.6, shape=(), dtype=float32)",6.511886,0.002261776477098465
/tmp/DataSetCombined/Edges/Round-1_0042667_edge.png,"tf.Tensor(45.54, shape=(), dtype=float32)",45.527317,0.002261776477098465
/tmp/DataSetCombined/Edges/Round-9_0021224_edge.png,"tf.Tensor(21.0, shape=(), dtype=float32)",21.807783,0.002261776477098465
/tmp/DataSetCombined/Edges/Round-8_0067731_edge.png,"tf.Tensor(64.07, shape=(), dtype=float32)",63.81185,0.002261776477098465
/tmp/DataSetCombined/Edges/Round-3_0071308_edge.png,"tf.Tensor(59.79, shape=(), dtype=float32)",60.260998,0.002261776477098465
/tmp/DataSetCombined/Edges/Round-6_0037477_edge.png,"tf.Tensor(9.81, shape=(), dtype=float32)",10.450888,0.002261776477098465
/tmp/DataSetCombined/Edges/Round-7_0083952_edge.png,"tf.Tensor(5.18, shape=(), dtype=float32)",4.927188,0.002261776477098465
/tmp/DataSetCombined/Edges/Round-9_0051956_edge.png,"tf.Tensor(54.5, shape=(), dtype=float32)",56.528625,0.002261776477098465
/tmp/DataSetCombined/Edges/Round-7_0107490_edge.png,"tf.Tensor(3.18, shape=(), dtype=float32)",2.3994577,0.002261776477098465
/tmp/DataSetCombined/Edges/Round-5_0011294_edge.png,"tf.Tensor(65.36, shape=(), dtype=float32)",64.18399,0.002261776477098465
/tmp/DataSetCombined/Edges/Round-8_0012257_edge.png,"tf.Tensor(64.19, shape=(), dtype=float32)",63.3483,0.002261776477098465
/tmp/DataSetCombined/Edges/Round-10_0009545_edge.png,"tf.Tensor(63.87, shape=(), dtype=float32)",62.388615,0.002261776477098465
/tmp/DataSetCombined/Edges/Round-2_0097658_edge.png,"tf.Tensor(58.81, shape=(), dtype=float32)",59.09779,0.002261776477098465
/tmp/DataSetCombined/Edges/Round-4_0064788_edge.png,"tf.Tensor(5.27, shape=(), dtype=float32)",4.7745366,0.002261776477098465
/tmp/DataSetCombined/Edges/Round-4_0023717_edge.png,"tf.Tensor(42.4, shape=(), dtype=float32)",42.58856,0.002261776477098465
/tmp/DataSetCombined/Edges/Round-2_0107034_edge.png,"tf.Tensor(4.27, shape=(), dtype=float32)",3.2641847,0.002261776477098465
/tmp/DataSetCombined/Edges/Round-10_0151795_edge.png,"tf.Tensor(3.15, shape=(), dtype=float32)",2.407011,0.002261776477098465
/tmp/DataSetCombined/Edges/Round-8_0016651_edge.png,"tf.Tensor(56.63, shape=(), dtype=float32)",56.66522,0.002261776477098465
/tmp/DataSetCombined/Edges/Round-7_0063062_edge.png,"tf.Tensor(8.62, shape=(), dtype=float32)",9.1968975,0.002261776477098465
/tmp/DataSetCombined/Edges/Round-8_0061759_edge.png,"tf.Tensor(63.37, shape=(), dtype=float32)",61.90007,0.002261776477098465
/tmp/DataSetCombined/Edges/Round-9_0152347_edge.png,"tf.Tensor(56.77, shape=(), dtype=float32)",57.123463,0.002826247364282608
/tmp/DataSetCombined/Edges/Round-4_0084523_edge.png,"tf.Tensor(3.6, shape=(), dtype=float32)",2.785012,0.002826247364282608
/tmp/DataSetCombined/Edges/Round-3_0023967_edge.png,"tf.Tensor(60.8, shape=(), dtype=float32)",61.528603,0.002826247364282608
/tmp/DataSetCombined/Edges/Round-1_0151826_edge.png,"tf.Tensor(61.52, shape=(), dtype=float32)",60.579563,0.002826247364282608
/tmp/DataSetCombined/Edges/Round-9_0154506_edge.png,"tf.Tensor(6.54, shape=(), dtype=float32)",6.3809214,0.002826247364282608
/tmp/DataSetCombined/Edges/Round-5_0015990_edge.png,"tf.Tensor(35.54, shape=(), dtype=float32)",36.417866,0.002826247364282608
/tmp/DataSetCombined/Edges/Round-1_0083952_edge.png,"tf.Tensor(59.3, shape=(), dtype=float32)",60.3276,0.002826247364282608
/tmp/DataSetCombined/Edges/Round-5_0002697_edge.png,"tf.Tensor(65.37, shape=(), dtype=float32)",63.88242,0.002826247364282608
/tmp/DataSetCombined/Edges/Round-10_0121692_edge.png,"tf.Tensor(65.3, shape=(), dtype=float32)",64.059906,0.002826247364282608
/tmp/DataSetCombined/Edges/Round-9_0178224_edge.png,"tf.Tensor(57.37, shape=(), dtype=float32)",57.619167,0.002826247364282608
/tmp/DataSetCombined/Edges/Round-9_0028600_edge.png,"tf.Tensor(28.95, shape=(), dtype=float32)",30.613205,0.002826247364282608
/tmp/DataSetCombined/Edges/Round-10_0072362_edge.png,"tf.Tensor(23.54, shape=(), dtype=float32)",22.987867,0.002826247364282608
/tmp/DataSetCombined/Edges/Round-3_0069231_edge.png,"tf.Tensor(2.65, shape=(), dtype=float32)",2.2228117,0.002826247364282608
/tmp/DataSetCombined/Edges/Round-9_0191257_edge.png,"tf.Tensor(6.7, shape=(), dtype=float32)",6.5741806,0.002826247364282608
/tmp/DataSetCombined/Edges/Round-4_0032872_edge.png,"tf.Tensor(26.68, shape=(), dtype=float32)",27.790771,0.002826247364282608
/tmp/DataSetCombined/Edges/Round-10_0013337_edge.png,"tf.Tensor(64.05, shape=(), dtype=float32)",63.27992,0.002826247364282608
/tmp/DataSetCombined/Edges/Round-1_0167749_edge.png,"tf.Tensor(64.41, shape=(), dtype=float32)",63.234394,0.002826247364282608
/tmp/DataSetCombined/Edges/Round-3_0057883_edge.png,"tf.Tensor(64.2, shape=(), dtype=float32)",63.342533,0.002826247364282608
/tmp/DataSetCombined/Edges/Round-10_0039674_edge.png,"tf.Tensor(12.38, shape=(), dtype=float32)",12.531236,0.002826247364282608
/tmp/DataSetCombined/Edges/Round-2_0058367_edge.png,"tf.Tensor(6.14, shape=(), dtype=float32)",6.266492,0.002826247364282608
/tmp/DataSetCombined/Edges/Round-8_0066424_edge.png,"tf.Tensor(23.32, shape=(), dtype=float32)",22.510042,0.002826247364282608
/tmp/DataSetCombined/Edges/Round-6_0078532_edge.png,"tf.Tensor(63.27, shape=(), dtype=float32)",60.43874,0.002826247364282608
/tmp/DataSetCombined/Edges/Round-2_0067168_edge.png,"tf.Tensor(10.27, shape=(), dtype=float32)",10.810401,0.002826247364282608
/tmp/DataSetCombined/Edges/Round-8_0060266_edge.png,"tf.Tensor(52.31, shape=(), dtype=float32)",52.129955,0.002826247364282608
/tmp/DataSetCombined/Edges/Round-5_0045337_edge.png,"tf.Tensor(5.23, shape=(), dtype=float32)",4.8048053,0.002826247364282608
/tmp/DataSetCombined/Edges/Round-1_0054301_edge.png,"tf.Tensor(64.99, shape=(), dtype=float32)",63.47726,0.002826247364282608
/tmp/DataSetCombined/Edges/Round-8_0074402_edge.png,"tf.Tensor(58.12, shape=(), dtype=float32)",53.945724,0.002826247364282608
/tmp/DataSetCombined/Edges/Round-1_0046334_edge.png,"tf.Tensor(18.37, shape=(), dtype=float32)",19.396639,0.002826247364282608
/tmp/DataSetCombined/Edges/Round-4_0030675_edge.png,"tf.Tensor(6.61, shape=(), dtype=float32)",6.800712,0.002826247364282608
/tmp/DataSetCombined/Edges/Round-7_0029230_edge.png,"tf.Tensor(6.62, shape=(), dtype=float32)",6.896642,0.002826247364282608
/tmp/DataSetCombined/Edges/Round-9_0085126_edge.png,"tf.Tensor(37.06, shape=(), dtype=float32)",37.135895,0.002826247364282608
/tmp/DataSetCombined/Edges/Round-2_0051667_edge.png,"tf.Tensor(5.19, shape=(), dtype=float32)",4.4794993,0.002826247364282608
/tmp/DataSetCombined/Edges/Round-6_0067546_edge.png,"tf.Tensor(64.09, shape=(), dtype=float32)",63.595135,0.002826247364282608
/tmp/DataSetCombined/Edges/Round-8_0022087_edge.png,"tf.Tensor(3.22, shape=(), dtype=float32)",2.4596488,0.002826247364282608
/tmp/DataSetCombined/Edges/Round-1_0020667_edge.png,"tf.Tensor(39.17, shape=(), dtype=float32)",38.984592,0.002826247364282608
/tmp/DataSetCombined/Edges/Round-9_0006325_edge.png,"tf.Tensor(48.29, shape=(), dtype=float32)",49.95485,0.002826247364282608
/tmp/DataSetCombined/Edges/Round-9_0183491_edge.png,"tf.Tensor(8.81, shape=(), dtype=float32)",8.9873495,0.002826247364282608
/tmp/DataSetCombined/Edges/Round-8_0022268_edge.png,"tf.Tensor(31.76, shape=(), dtype=float32)",32.975925,0.002826247364282608
/tmp/DataSetCombined/Edges/Round-10_0005516_edge.png,"tf.Tensor(65.31, shape=(), dtype=float32)",62.786747,0.002826247364282608
/tmp/DataSetCombined/Edges/Round-5_0039829_edge.png,"tf.Tensor(65.14, shape=(), dtype=float32)",63.21983,0.002826247364282608
/tmp/DataSetCombined/Edges/Round-3_0063060_edge.png,"tf.Tensor(3.58, shape=(), dtype=float32)",2.6990185,0.002826247364282608
/tmp/DataSetCombined/Edges/Round-10_0067155_edge.png,"tf.Tensor(6.3, shape=(), dtype=float32)",6.0284095,0.002826247364282608
/tmp/DataSetCombined/Edges/Round-1_0040334_edge.png,"tf.Tensor(64.91, shape=(), dtype=float32)",63.03019,0.002826247364282608
/tmp/DataSetCombined/Edges/Round-9_0039976_edge.png,"tf.Tensor(63.15, shape=(), dtype=float32)",62.339832,0.002826247364282608
/tmp/DataSetCombined/Edges/Round-3_0078351_edge.png,"tf.Tensor(18.73, shape=(), dtype=float32)",18.499437,0.002826247364282608
/tmp/DataSetCombined/Edges/Round-8_0010270_edge.png,"tf.Tensor(4.44, shape=(), dtype=float32)",3.6934621,0.002826247364282608
/tmp/DataSetCombined/Edges/Round-8_0017753_edge.png,"tf.Tensor(3.62, shape=(), dtype=float32)",2.7986324,0.002826247364282608
/tmp/DataSetCombined/Edges/Round-5_0074593_edge.png,"tf.Tensor(5.27, shape=(), dtype=float32)",4.797372,0.002826247364282608
/tmp/DataSetCombined/Edges/Round-9_0108031_edge.png,"tf.Tensor(64.58, shape=(), dtype=float32)",62.99879,0.002826247364282608
/tmp/DataSetCombined/Edges/Round-4_0044731_edge.png,"tf.Tensor(58.05, shape=(), dtype=float32)",58.014168,0.002826247364282608
/tmp/DataSetCombined/Edges/Round-4_0045016_edge.png,"tf.Tensor(61.81, shape=(), dtype=float32)",61.588284,0.002826247364282608
/tmp/DataSetCombined/Edges/Round-5_0008404_edge.png,"tf.Tensor(26.81, shape=(), dtype=float32)",28.766474,0.002826247364282608
/tmp/DataSetCombined/Edges/Round-8_0026283_edge.png,"tf.Tensor(53.4, shape=(), dtype=float32)",52.432842,0.002826247364282608
/tmp/DataSetCombined/Edges/Round-10_0052526_edge.png,"tf.Tensor(32.17, shape=(), dtype=float32)",32.957283,0.002826247364282608
/tmp/DataSetCombined/Edges/Round-2_0095131_edge.png,"tf.Tensor(3.22, shape=(), dtype=float32)",2.4495246,0.002826247364282608
/tmp/DataSetCombined/Edges/Round-7_0091597_edge.png,"tf.Tensor(64.48, shape=(), dtype=float32)",62.949905,0.002826247364282608
/tmp/DataSetCombined/Edges/Round-2_0081465_edge.png,"tf.Tensor(18.54, shape=(), dtype=float32)",18.857908,0.002826247364282608
/tmp/DataSetCombined/Edges/Round-5_0001485_edge.png,"tf.Tensor(4.37, shape=(), dtype=float32)",3.516709,0.002826247364282608
/tmp/DataSetCombined/Edges/Round-4_0018876_edge.png,"tf.Tensor(64.6, shape=(), dtype=float32)",63.865948,0.002826247364282608
/tmp/DataSetCombined/Edges/Round-6_0112822_edge.png,"tf.Tensor(8.56, shape=(), dtype=float32)",9.064502,0.002826247364282608
/tmp/DataSetCombined/Edges/Round-2_0052734_edge.png,"tf.Tensor(65.25, shape=(), dtype=float32)",64.11003,0.002826247364282608
/tmp/DataSetCombined/Edges/Round-1_0113359_edge.png,"tf.Tensor(64.04, shape=(), dtype=float32)",62.74578,0.002826247364282608
/tmp/DataSetCombined/Edges/Round-7_0088015_edge.png,"tf.Tensor(3.79, shape=(), dtype=float32)",2.9783804,0.002826247364282608
/tmp/DataSetCombined/Edges/Round-10_0144722_edge.png,"tf.Tensor(64.76, shape=(), dtype=float32)",63.3451,0.002826247364282608
/tmp/DataSetCombined/Edges/Round-8_0024658_edge.png,"tf.Tensor(2.67, shape=(), dtype=float32)",2.244639,0.0021985135972499847
/tmp/DataSetCombined/Edges/Round-6_0132681_edge.png,"tf.Tensor(4.09, shape=(), dtype=float32)",3.1456716,0.0021985135972499847
/tmp/DataSetCombined/Edges/Round-2_0073850_edge.png,"tf.Tensor(6.9, shape=(), dtype=float32)",7.133119,0.0021985135972499847
/tmp/DataSetCombined/Edges/Round-4_0009876_edge.png,"tf.Tensor(65.21, shape=(), dtype=float32)",64.410645,0.0021985135972499847
/tmp/DataSetCombined/Edges/Round-1_0137831_edge.png,"tf.Tensor(6.21, shape=(), dtype=float32)",6.3702793,0.0021985135972499847
/tmp/DataSetCombined/Edges/Round-3_0067966_edge.png,"tf.Tensor(64.24, shape=(), dtype=float32)",63.02952,0.0021985135972499847
/tmp/DataSetCombined/Edges/Round-4_0048554_edge.png,"tf.Tensor(65.29, shape=(), dtype=float32)",62.25736,0.0021985135972499847
/tmp/DataSetCombined/Edges/Round-2_0071713_edge.png,"tf.Tensor(2.92, shape=(), dtype=float32)",2.3285487,0.0021985135972499847
/tmp/DataSetCombined/Edges/Round-10_0036273_edge.png,"tf.Tensor(23.41, shape=(), dtype=float32)",24.144913,0.0021985135972499847
/tmp/DataSetCombined/Edges/Round-5_0073058_edge.png,"tf.Tensor(5.73, shape=(), dtype=float32)",5.2977314,0.0021985135972499847
/tmp/DataSetCombined/Edges/Round-10_0009935_edge.png,"tf.Tensor(4.1, shape=(), dtype=float32)",3.238681,0.0021985135972499847
/tmp/DataSetCombined/Edges/Round-9_0106226_edge.png,"tf.Tensor(64.35, shape=(), dtype=float32)",63.15437,0.0021985135972499847
/tmp/DataSetCombined/Edges/Round-10_0049817_edge.png,"tf.Tensor(50.07, shape=(), dtype=float32)",49.262207,0.0021985135972499847
/tmp/DataSetCombined/Edges/Round-3_0042292_edge.png,"tf.Tensor(29.24, shape=(), dtype=float32)",30.063759,0.0021985135972499847
/tmp/DataSetCombined/Edges/Round-10_0035460_edge.png,"tf.Tensor(65.26, shape=(), dtype=float32)",64.052765,0.0021985135972499847
/tmp/DataSetCombined/Edges/Round-5_0067310_edge.png,"tf.Tensor(4.96, shape=(), dtype=float32)",4.2921157,0.0021985135972499847
/tmp/DataSetCombined/Edges/Round-6_0002879_edge.png,"tf.Tensor(3.28, shape=(), dtype=float32)",2.4842398,0.0021985135972499847
/tmp/DataSetCombined/Edges/Round-3_0025285_edge.png,"tf.Tensor(64.14, shape=(), dtype=float32)",61.496746,0.0021985135972499847
/tmp/DataSetCombined/Edges/Round-9_0076246_edge.png,"tf.Tensor(5.99, shape=(), dtype=float32)",6.03389,0.0021985135972499847
/tmp/DataSetCombined/Edges/Round-8_0086772_edge.png,"tf.Tensor(55.72, shape=(), dtype=float32)",51.268017,0.0021985135972499847
/tmp/DataSetCombined/Edges/Round-3_0006067_edge.png,"tf.Tensor(48.75, shape=(), dtype=float32)",47.668743,0.0021985135972499847
/tmp/DataSetCombined/Edges/Round-8_0079849_edge.png,"tf.Tensor(64.02, shape=(), dtype=float32)",62.8094,0.0021985135972499847
/tmp/DataSetCombined/Edges/Round-9_0023030_edge.png,"tf.Tensor(56.52, shape=(), dtype=float32)",56.66702,0.0021985135972499847
/tmp/DataSetCombined/Edges/Round-10_0083679_edge.png,"tf.Tensor(64.23, shape=(), dtype=float32)",63.064266,0.0021985135972499847
/tmp/DataSetCombined/Edges/Round-10_0184784_edge.png,"tf.Tensor(52.37, shape=(), dtype=float32)",51.01604,0.0021985135972499847
/tmp/DataSetCombined/Edges/Round-8_0075304_edge.png,"tf.Tensor(60.14, shape=(), dtype=float32)",58.66376,0.0021985135972499847
/tmp/DataSetCombined/Edges/Round-10_0015865_edge.png,"tf.Tensor(3.36, shape=(), dtype=float32)",2.6453373,0.0021985135972499847
/tmp/DataSetCombined/Edges/Round-7_0113449_edge.png,"tf.Tensor(5.4, shape=(), dtype=float32)",5.0695252,0.0021985135972499847
/tmp/DataSetCombined/Edges/Round-4_0026400_edge.png,"tf.Tensor(61.59, shape=(), dtype=float32)",60.827747,0.0021985135972499847
/tmp/DataSetCombined/Edges/Round-10_0077359_edge.png,"tf.Tensor(53.12, shape=(), dtype=float32)",51.705498,0.0021985135972499847
/tmp/DataSetCombined/Edges/Round-9_0067366_edge.png,"tf.Tensor(7.11, shape=(), dtype=float32)",7.3516126,0.0021985135972499847
/tmp/DataSetCombined/Edges/Round-10_0115164_edge.png,"tf.Tensor(64.0, shape=(), dtype=float32)",62.92502,0.0021985135972499847
/tmp/DataSetCombined/Edges/Round-9_0171753_edge.png,"tf.Tensor(2.81, shape=(), dtype=float32)",2.279168,0.0021985135972499847
/tmp/DataSetCombined/Edges/Round-8_0080240_edge.png,"tf.Tensor(8.67, shape=(), dtype=float32)",9.226163,0.0021985135972499847
/tmp/DataSetCombined/Edges/Round-4_0023150_edge.png,"tf.Tensor(10.76, shape=(), dtype=float32)",11.424743,0.0021985135972499847
/tmp/DataSetCombined/Edges/Round-10_0007407_edge.png,"tf.Tensor(26.28, shape=(), dtype=float32)",26.710924,0.0021985135972499847
/tmp/DataSetCombined/Edges/Round-8_0083220_edge.png,"tf.Tensor(4.81, shape=(), dtype=float32)",4.061209,0.0021985135972499847
/tmp/DataSetCombined/Edges/Round-8_0012516_edge.png,"tf.Tensor(5.63, shape=(), dtype=float32)",5.46122,0.0021985135972499847
/tmp/DataSetCombined/Edges/Round-5_0078868_edge.png,"tf.Tensor(3.2, shape=(), dtype=float32)",2.4367177,0.0021985135972499847
/tmp/DataSetCombined/Edges/Round-5_0079560_edge.png,"tf.Tensor(62.08, shape=(), dtype=float32)",60.957268,0.0021985135972499847
/tmp/DataSetCombined/Edges/Round-8_0043428_edge.png,"tf.Tensor(9.73, shape=(), dtype=float32)",10.361302,0.0021985135972499847
/tmp/DataSetCombined/Edges/Round-3_0076515_edge.png,"tf.Tensor(64.16, shape=(), dtype=float32)",63.19029,0.0021985135972499847
/tmp/DataSetCombined/Edges/Round-5_0069868_edge.png,"tf.Tensor(52.05, shape=(), dtype=float32)",52.148857,0.0021985135972499847
/tmp/DataSetCombined/Edges/Round-7_0079707_edge.png,"tf.Tensor(48.78, shape=(), dtype=float32)",46.500977,0.0021985135972499847
/tmp/DataSetCombined/Edges/Round-6_0124133_edge.png,"tf.Tensor(3.99, shape=(), dtype=float32)",3.2151506,0.0021985135972499847
/tmp/DataSetCombined/Edges/Round-2_0085649_edge.png,"tf.Tensor(64.69, shape=(), dtype=float32)",62.63697,0.0021985135972499847
/tmp/DataSetCombined/Edges/Round-8_0004209_edge.png,"tf.Tensor(63.69, shape=(), dtype=float32)",62.24548,0.0021985135972499847
/tmp/DataSetCombined/Edges/Round-8_0005323_edge.png,"tf.Tensor(21.23, shape=(), dtype=float32)",21.152548,0.0021985135972499847
/tmp/DataSetCombined/Edges/Round-4_0069804_edge.png,"tf.Tensor(6.84, shape=(), dtype=float32)",7.096011,0.0021985135972499847
/tmp/DataSetCombined/Edges/Round-5_0067219_edge.png,"tf.Tensor(64.85, shape=(), dtype=float32)",62.112522,0.0021985135972499847
/tmp/DataSetCombined/Edges/Round-10_0105532_edge.png,"tf.Tensor(65.39, shape=(), dtype=float32)",62.858574,0.0021985135972499847
/tmp/DataSetCombined/Edges/Round-8_0046781_edge.png,"tf.Tensor(37.16, shape=(), dtype=float32)",38.066822,0.0021985135972499847
/tmp/DataSetCombined/Edges/Round-5_0112068_edge.png,"tf.Tensor(5.3, shape=(), dtype=float32)",5.209197,0.0021985135972499847
/tmp/DataSetCombined/Edges/Round-9_0136626_edge.png,"tf.Tensor(14.31, shape=(), dtype=float32)",15.004019,0.0021985135972499847
/tmp/DataSetCombined/Edges/Round-9_0006084_edge.png,"tf.Tensor(4.06, shape=(), dtype=float32)",3.1569555,0.0021985135972499847
/tmp/DataSetCombined/Edges/Round-8_0010981_edge.png,"tf.Tensor(3.02, shape=(), dtype=float32)",2.363021,0.0021985135972499847
/tmp/DataSetCombined/Edges/Round-5_0104091_edge.png,"tf.Tensor(5.39, shape=(), dtype=float32)",5.074081,0.0021985135972499847
/tmp/DataSetCombined/Edges/Round-5_0112279_edge.png,"tf.Tensor(6.03, shape=(), dtype=float32)",6.1596518,0.0021985135972499847
/tmp/DataSetCombined/Edges/Round-9_0144753_edge.png,"tf.Tensor(65.3, shape=(), dtype=float32)",64.10996,0.0021985135972499847
/tmp/DataSetCombined/Edges/Round-1_0060734_edge.png,"tf.Tensor(63.61, shape=(), dtype=float32)",62.808414,0.0021985135972499847
/tmp/DataSetCombined/Edges/Round-6_0106555_edge.png,"tf.Tensor(3.58, shape=(), dtype=float32)",2.7669144,0.0021985135972499847
/tmp/DataSetCombined/Edges/Round-6_0133103_edge.png,"tf.Tensor(6.67, shape=(), dtype=float32)",6.8311195,0.0021985135972499847
/tmp/DataSetCombined/Edges/Round-10_0093823_edge.png,"tf.Tensor(64.98, shape=(), dtype=float32)",62.90268,0.0021985135972499847
/tmp/DataSetCombined/Edges/Round-6_0021553_edge.png,"tf.Tensor(3.04, shape=(), dtype=float32)",2.3524857,0.0021985135972499847
/tmp/DataSetCombined/Edges/Round-6_0006564_edge.png,"tf.Tensor(63.07, shape=(), dtype=float32)",60.589264,0.002396348863840103
/tmp/DataSetCombined/Edges/Round-9_0113509_edge.png,"tf.Tensor(22.66, shape=(), dtype=float32)",22.09524,0.002396348863840103
/tmp/DataSetCombined/Edges/Round-9_0177110_edge.png,"tf.Tensor(65.15, shape=(), dtype=float32)",62.41075,0.002396348863840103
/tmp/DataSetCombined/Edges/Round-9_0185809_edge.png,"tf.Tensor(11.04, shape=(), dtype=float32)",11.449929,0.002396348863840103
/tmp/DataSetCombined/Edges/Round-10_0015895_edge.png,"tf.Tensor(12.99, shape=(), dtype=float32)",13.160584,0.002396348863840103
/tmp/DataSetCombined/Edges/Round-6_0088345_edge.png,"tf.Tensor(2.8, shape=(), dtype=float32)",2.282563,0.002396348863840103
/tmp/DataSetCombined/Edges/Round-9_0077540_edge.png,"tf.Tensor(3.27, shape=(), dtype=float32)",2.4692314,0.002396348863840103
/tmp/DataSetCombined/Edges/Round-10_0036062_edge.png,"tf.Tensor(11.04, shape=(), dtype=float32)",11.829007,0.002396348863840103
/tmp/DataSetCombined/Edges/Round-10_0175363_edge.png,"tf.Tensor(6.31, shape=(), dtype=float32)",6.0185423,0.002396348863840103
/tmp/DataSetCombined/Edges/Round-5_0069356_edge.png,"tf.Tensor(60.53, shape=(), dtype=float32)",58.881012,0.002396348863840103
/tmp/DataSetCombined/Edges/Round-7_0018455_edge.png,"tf.Tensor(20.17, shape=(), dtype=float32)",21.177309,0.002396348863840103
/tmp/DataSetCombined/Edges/Round-9_0052437_edge.png,"tf.Tensor(65.33, shape=(), dtype=float32)",63.871998,0.002396348863840103
/tmp/DataSetCombined/Edges/Round-9_0027124_edge.png,"tf.Tensor(58.74, shape=(), dtype=float32)",59.29617,0.002396348863840103
/tmp/DataSetCombined/Edges/Round-8_0081895_edge.png,"tf.Tensor(29.52, shape=(), dtype=float32)",31.460102,0.002396348863840103
/tmp/DataSetCombined/Edges/Round-10_0141110_edge.png,"tf.Tensor(5.97, shape=(), dtype=float32)",5.983462,0.002396348863840103
/tmp/DataSetCombined/Edges/Round-1_0031467_edge.png,"tf.Tensor(5.62, shape=(), dtype=float32)",5.502859,0.002396348863840103
/tmp/DataSetCombined/Edges/Round-4_0057162_edge.png,"tf.Tensor(40.52, shape=(), dtype=float32)",40.377014,0.002396348863840103
/tmp/DataSetCombined/Edges/Round-1_0146288_edge.png,"tf.Tensor(7.56, shape=(), dtype=float32)",7.932234,0.002396348863840103
/tmp/DataSetCombined/Edges/Round-10_0144631_edge.png,"tf.Tensor(6.17, shape=(), dtype=float32)",6.2993193,0.002396348863840103
/tmp/DataSetCombined/Edges/Round-8_0028781_edge.png,"tf.Tensor(63.84, shape=(), dtype=float32)",62.257816,0.002396348863840103
/tmp/DataSetCombined/Edges/Round-5_0058550_edge.png,"tf.Tensor(61.91, shape=(), dtype=float32)",59.88777,0.002396348863840103
/tmp/DataSetCombined/Edges/Round-4_0021735_edge.png,"tf.Tensor(3.21, shape=(), dtype=float32)",2.469765,0.002396348863840103
/tmp/DataSetCombined/Edges/Round-6_0069773_edge.png,"tf.Tensor(3.94, shape=(), dtype=float32)",3.1349604,0.002396348863840103
/tmp/DataSetCombined/Edges/Round-10_0167116_edge.png,"tf.Tensor(64.11, shape=(), dtype=float32)",63.629444,0.002396348863840103
/tmp/DataSetCombined/Edges/Round-4_0078533_edge.png,"tf.Tensor(4.06, shape=(), dtype=float32)",3.275974,0.002396348863840103
/tmp/DataSetCombined/Edges/Round-9_0142044_edge.png,"tf.Tensor(50.0, shape=(), dtype=float32)",47.850124,0.002396348863840103
/tmp/DataSetCombined/Edges/Round-9_0065832_edge.png,"tf.Tensor(42.51, shape=(), dtype=float32)",42.989067,0.002396348863840103
/tmp/DataSetCombined/Edges/Round-1_0125279_edge.png,"tf.Tensor(5.3, shape=(), dtype=float32)",4.831181,0.002396348863840103
/tmp/DataSetCombined/Edges/Round-3_0079615_edge.png,"tf.Tensor(13.27, shape=(), dtype=float32)",13.385234,0.002396348863840103
/tmp/DataSetCombined/Edges/Round-8_0000849_edge.png,"tf.Tensor(64.15, shape=(), dtype=float32)",62.169422,0.002396348863840103
/tmp/DataSetCombined/Edges/Round-1_0013434_edge.png,"tf.Tensor(3.5, shape=(), dtype=float32)",3.1337035,0.002396348863840103
/tmp/DataSetCombined/Edges/Round-7_0047862_edge.png,"tf.Tensor(4.89, shape=(), dtype=float32)",4.2468047,0.002396348863840103
/tmp/DataSetCombined/Edges/Round-10_0073807_edge.png,"tf.Tensor(6.39, shape=(), dtype=float32)",6.2553306,0.002396348863840103
/tmp/DataSetCombined/Edges/Round-9_0044401_edge.png,"tf.Tensor(30.05, shape=(), dtype=float32)",30.736687,0.002396348863840103
/tmp/DataSetCombined/Edges/Round-9_0141472_edge.png,"tf.Tensor(62.79, shape=(), dtype=float32)",61.004665,0.002396348863840103
/tmp/DataSetCombined/Edges/Round-6_0128768_edge.png,"tf.Tensor(52.97, shape=(), dtype=float32)",50.094482,0.002396348863840103
/tmp/DataSetCombined/Edges/Round-1_0051956_edge.png,"tf.Tensor(10.99, shape=(), dtype=float32)",11.795346,0.002396348863840103
/tmp/DataSetCombined/Edges/Round-8_0051585_edge.png,"tf.Tensor(27.23, shape=(), dtype=float32)",28.842274,0.002396348863840103
/tmp/DataSetCombined/Edges/Round-6_0101303_edge.png,"tf.Tensor(5.22, shape=(), dtype=float32)",4.721905,0.002396348863840103
/tmp/DataSetCombined/Edges/Round-6_0039252_edge.png,"tf.Tensor(55.02, shape=(), dtype=float32)",53.581135,0.002396348863840103
/tmp/DataSetCombined/Edges/Round-8_0048485_edge.png,"tf.Tensor(45.96, shape=(), dtype=float32)",45.422806,0.002396348863840103
/tmp/DataSetCombined/Edges/Round-4_0004067_edge.png,"tf.Tensor(62.96, shape=(), dtype=float32)",60.781925,0.002396348863840103
/tmp/DataSetCombined/Edges/Round-1_0063601_edge.png,"tf.Tensor(4.13, shape=(), dtype=float32)",3.2173724,0.002396348863840103
/tmp/DataSetCombined/Edges/Round-9_0135542_edge.png,"tf.Tensor(9.31, shape=(), dtype=float32)",9.831686,0.002396348863840103
/tmp/DataSetCombined/Edges/Round-9_0001304_edge.png,"tf.Tensor(64.78, shape=(), dtype=float32)",62.027622,0.002396348863840103
/tmp/DataSetCombined/Edges/Round-9_0010569_edge.png,"tf.Tensor(2.7, shape=(), dtype=float32)",2.235975,0.002396348863840103
/tmp/DataSetCombined/Edges/Round-9_0116339_edge.png,"tf.Tensor(6.06, shape=(), dtype=float32)",5.9523077,0.002396348863840103
/tmp/DataSetCombined/Edges/Round-2_0111444_edge.png,"tf.Tensor(6.96, shape=(), dtype=float32)",7.2437997,0.002396348863840103
/tmp/DataSetCombined/Edges/Round-2_0065605_edge.png,"tf.Tensor(64.19, shape=(), dtype=float32)",63.506855,0.002396348863840103
/tmp/DataSetCombined/Edges/Round-8_0046600_edge.png,"tf.Tensor(62.39, shape=(), dtype=float32)",61.56495,0.002396348863840103
/tmp/DataSetCombined/Edges/Round-3_0044670_edge.png,"tf.Tensor(57.06, shape=(), dtype=float32)",54.889053,0.002396348863840103
/tmp/DataSetCombined/Edges/Round-10_0018273_edge.png,"tf.Tensor(2.4, shape=(), dtype=float32)",2.1629071,0.002396348863840103
/tmp/DataSetCombined/Edges/Round-5_0101834_edge.png,"tf.Tensor(6.34, shape=(), dtype=float32)",6.191414,0.002396348863840103
/tmp/DataSetCombined/Edges/Round-7_0094787_edge.png,"tf.Tensor(3.75, shape=(), dtype=float32)",2.808854,0.002396348863840103
/tmp/DataSetCombined/Edges/Round-8_0062313_edge.png,"tf.Tensor(3.28, shape=(), dtype=float32)",2.4754517,0.002396348863840103
/tmp/DataSetCombined/Edges/Round-3_0075010_edge.png,"tf.Tensor(42.23, shape=(), dtype=float32)",41.34493,0.002396348863840103
/tmp/DataSetCombined/Edges/Round-8_0036927_edge.png,"tf.Tensor(6.87, shape=(), dtype=float32)",7.0907264,0.002396348863840103
/tmp/DataSetCombined/Edges/Round-1_0063801_edge.png,"tf.Tensor(64.42, shape=(), dtype=float32)",63.216198,0.002396348863840103
/tmp/DataSetCombined/Edges/Round-4_0007077_edge.png,"tf.Tensor(65.3, shape=(), dtype=float32)",64.01195,0.002396348863840103
/tmp/DataSetCombined/Edges/Round-2_0052600_edge.png,"tf.Tensor(2.75, shape=(), dtype=float32)",2.250388,0.002396348863840103
/tmp/DataSetCombined/Edges/Round-8_0028541_edge.png,"tf.Tensor(7.1, shape=(), dtype=float32)",7.383878,0.002396348863840103
/tmp/DataSetCombined/Edges/Round-9_0013910_edge.png,"tf.Tensor(65.13, shape=(), dtype=float32)",63.95046,0.002396348863840103
/tmp/DataSetCombined/Edges/Round-9_0135994_edge.png,"tf.Tensor(54.41, shape=(), dtype=float32)",51.02462,0.002396348863840103
/tmp/DataSetCombined/Edges/Round-10_0099723_edge.png,"tf.Tensor(64.15, shape=(), dtype=float32)",63.57556,0.002396348863840103
/tmp/DataSetCombined/Edges/Round-2_0075626_edge.png,"tf.Tensor(43.47, shape=(), dtype=float32)",42.995525,0.002262931317090988
/tmp/DataSetCombined/Edges/Round-7_0015445_edge.png,"tf.Tensor(50.78, shape=(), dtype=float32)",49.83033,0.002262931317090988
/tmp/DataSetCombined/Edges/Round-1_0059501_edge.png,"tf.Tensor(57.09, shape=(), dtype=float32)",56.384853,0.002262931317090988
/tmp/DataSetCombined/Edges/Round-9_0023964_edge.png,"tf.Tensor(65.31, shape=(), dtype=float32)",63.932014,0.002262931317090988
/tmp/DataSetCombined/Edges/Round-7_0065802_edge.png,"tf.Tensor(4.29, shape=(), dtype=float32)",3.4192536,0.002262931317090988
/tmp/DataSetCombined/Edges/Round-2_0078726_edge.png,"tf.Tensor(49.19, shape=(), dtype=float32)",48.42957,0.002262931317090988
/tmp/DataSetCombined/Edges/Round-9_0170006_edge.png,"tf.Tensor(3.08, shape=(), dtype=float32)",2.3988926,0.002262931317090988
/tmp/DataSetCombined/Edges/Round-6_0129310_edge.png,"tf.Tensor(64.37, shape=(), dtype=float32)",63.282486,0.002262931317090988
/tmp/DataSetCombined/Edges/Round-9_0151977_edge.png,"tf.Tensor(58.81, shape=(), dtype=float32)",57.070934,0.002262931317090988
/tmp/DataSetCombined/Edges/Round-2_0059400_edge.png,"tf.Tensor(32.25, shape=(), dtype=float32)",33.425243,0.002262931317090988
/tmp/DataSetCombined/Edges/Round-5_0047203_edge.png,"tf.Tensor(65.3, shape=(), dtype=float32)",62.45283,0.002262931317090988
/tmp/DataSetCombined/Edges/Round-2_0056267_edge.png,"tf.Tensor(60.64, shape=(), dtype=float32)",60.837475,0.002262931317090988
/tmp/DataSetCombined/Edges/Round-5_0098974_edge.png,"tf.Tensor(52.48, shape=(), dtype=float32)",49.283962,0.002262931317090988
/tmp/DataSetCombined/Edges/Round-5_0074714_edge.png,"tf.Tensor(63.97, shape=(), dtype=float32)",63.181995,0.002262931317090988
/tmp/DataSetCombined/Edges/Round-1_0062901_edge.png,"tf.Tensor(6.0, shape=(), dtype=float32)",6.0901713,0.002262931317090988
/tmp/DataSetCombined/Edges/Round-1_0149900_edge.png,"tf.Tensor(14.01, shape=(), dtype=float32)",14.553369,0.002262931317090988
/tmp/DataSetCombined/Edges/Round-7_0095570_edge.png,"tf.Tensor(7.55, shape=(), dtype=float32)",7.939039,0.002262931317090988
/tmp/DataSetCombined/Edges/Round-6_0001485_edge.png,"tf.Tensor(6.81, shape=(), dtype=float32)",6.817562,0.002262931317090988
/tmp/DataSetCombined/Edges/Round-5_0110352_edge.png,"tf.Tensor(5.63, shape=(), dtype=float32)",5.5353737,0.002262931317090988
/tmp/DataSetCombined/Edges/Round-2_0060922_edge.png,"tf.Tensor(16.79, shape=(), dtype=float32)",17.728415,0.002262931317090988
/tmp/DataSetCombined/Edges/Round-5_0036157_edge.png,"tf.Tensor(3.26, shape=(), dtype=float32)",2.4671876,0.002262931317090988
/tmp/DataSetCombined/Edges/Round-7_0001509_edge.png,"tf.Tensor(65.3, shape=(), dtype=float32)",63.97395,0.002262931317090988
/tmp/DataSetCombined/Edges/Round-9_0067577_edge.png,"tf.Tensor(54.01, shape=(), dtype=float32)",52.977814,0.002262931317090988
/tmp/DataSetCombined/Edges/Round-9_0040036_edge.png,"tf.Tensor(6.07, shape=(), dtype=float32)",6.096734,0.002262931317090988
/tmp/DataSetCombined/Edges/Round-6_0034978_edge.png,"tf.Tensor(3.31, shape=(), dtype=float32)",2.6762624,0.002262931317090988
/tmp/DataSetCombined/Edges/Round-9_0065621_edge.png,"tf.Tensor(64.62, shape=(), dtype=float32)",61.846775,0.002262931317090988
/tmp/DataSetCombined/Edges/Round-10_0084251_edge.png,"tf.Tensor(6.79, shape=(), dtype=float32)",7.0844607,0.002262931317090988
/tmp/DataSetCombined/Edges/Round-2_0108101_edge.png,"tf.Tensor(7.96, shape=(), dtype=float32)",8.4228115,0.002262931317090988
/tmp/DataSetCombined/Edges/Round-8_0006135_edge.png,"tf.Tensor(64.91, shape=(), dtype=float32)",63.629524,0.002262931317090988
/tmp/DataSetCombined/Edges/Round-9_0157154_edge.png,"tf.Tensor(5.15, shape=(), dtype=float32)",4.593848,0.002262931317090988
/tmp/DataSetCombined/Edges/Round-2_0095792_edge.png,"tf.Tensor(59.38, shape=(), dtype=float32)",60.223686,0.002262931317090988
/tmp/DataSetCombined/Edges/Round-5_0008284_edge.png,"tf.Tensor(3.52, shape=(), dtype=float32)",2.6343224,0.002262931317090988
/tmp/DataSetCombined/Edges/Round-3_0080458_edge.png,"tf.Tensor(3.51, shape=(), dtype=float32)",2.6221132,0.002262931317090988
/tmp/DataSetCombined/Edges/Round-10_0045393_edge.png,"tf.Tensor(3.51, shape=(), dtype=float32)",2.6476128,0.002262931317090988
/tmp/DataSetCombined/Edges/Round-1_0166154_edge.png,"tf.Tensor(4.36, shape=(), dtype=float32)",3.4002037,0.002262931317090988
/tmp/DataSetCombined/Edges/Round-8_0064919_edge.png,"tf.Tensor(6.66, shape=(), dtype=float32)",6.9616632,0.002262931317090988
/tmp/DataSetCombined/Edges/Round-4_0025437_edge.png,"tf.Tensor(3.35, shape=(), dtype=float32)",2.5678463,0.002262931317090988
/tmp/DataSetCombined/Edges/Round-8_0033947_edge.png,"tf.Tensor(56.23, shape=(), dtype=float32)",56.44382,0.002262931317090988
/tmp/DataSetCombined/Edges/Round-9_0127747_edge.png,"tf.Tensor(57.94, shape=(), dtype=float32)",58.492546,0.002262931317090988
/tmp/DataSetCombined/Edges/Round-1_0110439_edge.png,"tf.Tensor(64.34, shape=(), dtype=float32)",63.27715,0.002262931317090988
/tmp/DataSetCombined/Edges/Round-2_0070117_edge.png,"tf.Tensor(6.85, shape=(), dtype=float32)",6.8277144,0.002262931317090988
/tmp/DataSetCombined/Edges/Round-7_0127596_edge.png,"tf.Tensor(6.17, shape=(), dtype=float32)",6.2971783,0.002262931317090988
/tmp/DataSetCombined/Edges/Round-10_0055837_edge.png,"tf.Tensor(3.66, shape=(), dtype=float32)",2.849025,0.002262931317090988
/tmp/DataSetCombined/Edges/Round-10_0157755_edge.png,"tf.Tensor(45.18, shape=(), dtype=float32)",44.63653,0.002262931317090988
/tmp/DataSetCombined/Edges/Round-7_0093132_edge.png,"tf.Tensor(60.37, shape=(), dtype=float32)",59.03876,0.002262931317090988
/tmp/DataSetCombined/Edges/Round-9_0055748_edge.png,"tf.Tensor(6.13, shape=(), dtype=float32)",5.7593412,0.002262931317090988
/tmp/DataSetCombined/Edges/Round-3_0073656_edge.png,"tf.Tensor(8.54, shape=(), dtype=float32)",8.97413,0.002262931317090988
/tmp/DataSetCombined/Edges/Round-8_0041712_edge.png,"tf.Tensor(3.22, shape=(), dtype=float32)",2.4586515,0.002262931317090988
/tmp/DataSetCombined/Edges/Round-10_0163805_edge.png,"tf.Tensor(64.32, shape=(), dtype=float32)",63.552097,0.002262931317090988
/tmp/DataSetCombined/Edges/Round-10_0169193_edge.png,"tf.Tensor(3.31, shape=(), dtype=float32)",2.6204941,0.002262931317090988
/tmp/DataSetCombined/Edges/Round-2_0006400_edge.png,"tf.Tensor(19.84, shape=(), dtype=float32)",19.844189,0.002262931317090988
/tmp/DataSetCombined/Edges/Round-4_0020351_edge.png,"tf.Tensor(9.12, shape=(), dtype=float32)",9.735503,0.002262931317090988
/tmp/DataSetCombined/Edges/Round-9_0089370_edge.png,"tf.Tensor(6.93, shape=(), dtype=float32)",7.267086,0.002262931317090988
/tmp/DataSetCombined/Edges/Round-3_0015322_edge.png,"tf.Tensor(3.49, shape=(), dtype=float32)",2.7234254,0.002262931317090988
/tmp/DataSetCombined/Edges/Round-8_0061789_edge.png,"tf.Tensor(65.5, shape=(), dtype=float32)",64.150856,0.002262931317090988
/tmp/DataSetCombined/Edges/Round-9_0004759_edge.png,"tf.Tensor(62.89, shape=(), dtype=float32)",58.753403,0.002262931317090988
/tmp/DataSetCombined/Edges/Round-6_0131718_edge.png,"tf.Tensor(64.8, shape=(), dtype=float32)",61.482082,0.002262931317090988
/tmp/DataSetCombined/Edges/Round-10_0030404_edge.png,"tf.Tensor(3.6, shape=(), dtype=float32)",2.7162821,0.002262931317090988
/tmp/DataSetCombined/Edges/Round-6_0130996_edge.png,"tf.Tensor(63.13, shape=(), dtype=float32)",62.027184,0.002262931317090988
/tmp/DataSetCombined/Edges/Round-1_0041767_edge.png,"tf.Tensor(8.32, shape=(), dtype=float32)",8.423421,0.002262931317090988
/tmp/DataSetCombined/Edges/Round-3_0028928_edge.png,"tf.Tensor(7.63, shape=(), dtype=float32)",8.072603,0.002262931317090988
/tmp/DataSetCombined/Edges/Round-9_0157966_edge.png,"tf.Tensor(64.76, shape=(), dtype=float32)",62.65665,0.002262931317090988
/tmp/DataSetCombined/Edges/Round-2_0071592_edge.png,"tf.Tensor(41.97, shape=(), dtype=float32)",40.597927,0.002262931317090988
/tmp/DataSetCombined/Edges/Round-10_0043888_edge.png,"tf.Tensor(64.03, shape=(), dtype=float32)",63.704086,0.002262931317090988
/tmp/DataSetCombined/Edges/Round-10_0155930_edge.png,"tf.Tensor(58.51, shape=(), dtype=float32)",56.625317,0.002290520817041397
/tmp/DataSetCombined/Edges/Round-10_0175032_edge.png,"tf.Tensor(55.61, shape=(), dtype=float32)",54.556927,0.002290520817041397
/tmp/DataSetCombined/Edges/Round-8_0002595_edge.png,"tf.Tensor(5.35, shape=(), dtype=float32)",5.049808,0.002290520817041397
/tmp/DataSetCombined/Edges/Round-4_0085546_edge.png,"tf.Tensor(4.63, shape=(), dtype=float32)",3.9094439,0.002290520817041397
/tmp/DataSetCombined/Edges/Round-9_0095119_edge.png,"tf.Tensor(55.87, shape=(), dtype=float32)",53.91108,0.002290520817041397
/tmp/DataSetCombined/Edges/Round-9_0119379_edge.png,"tf.Tensor(64.72, shape=(), dtype=float32)",63.08729,0.002290520817041397
/tmp/DataSetCombined/Edges/Round-9_0088015_edge.png,"tf.Tensor(1.98, shape=(), dtype=float32)",2.0790088,0.002290520817041397
/tmp/DataSetCombined/Edges/Round-7_0047230_edge.png,"tf.Tensor(65.31, shape=(), dtype=float32)",62.86822,0.002290520817041397
/tmp/DataSetCombined/Edges/Round-9_0169465_edge.png,"tf.Tensor(65.06, shape=(), dtype=float32)",62.78326,0.002290520817041397
/tmp/DataSetCombined/Edges/Round-10_0016467_edge.png,"tf.Tensor(7.19, shape=(), dtype=float32)",7.5647316,0.002290520817041397
/tmp/DataSetCombined/Edges/Round-8_0029552_edge.png,"tf.Tensor(63.78, shape=(), dtype=float32)",63.44175,0.002290520817041397
/tmp/DataSetCombined/Edges/Round-1_0057014_edge.png,"tf.Tensor(64.02, shape=(), dtype=float32)",63.434692,0.002290520817041397
/tmp/DataSetCombined/Edges/Round-4_0027635_edge.png,"tf.Tensor(58.08, shape=(), dtype=float32)",53.658997,0.002290520817041397
/tmp/DataSetCombined/Edges/Round-7_0041842_edge.png,"tf.Tensor(4.12, shape=(), dtype=float32)",3.2122788,0.002290520817041397
/tmp/DataSetCombined/Edges/Round-2_0087214_edge.png,"tf.Tensor(2.08, shape=(), dtype=float32)",2.1109967,0.002290520817041397
/tmp/DataSetCombined/Edges/Round-6_0029199_edge.png,"tf.Tensor(4.63, shape=(), dtype=float32)",3.6368353,0.002290520817041397
/tmp/DataSetCombined/Edges/Round-5_0028210_edge.png,"tf.Tensor(65.27, shape=(), dtype=float32)",63.88475,0.002290520817041397
/tmp/DataSetCombined/Edges/Round-6_0105893_edge.png,"tf.Tensor(65.29, shape=(), dtype=float32)",63.963062,0.002290520817041397
/tmp/DataSetCombined/Edges/Round-3_0055566_edge.png,"tf.Tensor(3.41, shape=(), dtype=float32)",2.5920198,0.002290520817041397
/tmp/DataSetCombined/Edges/Round-7_0007740_edge.png,"tf.Tensor(23.71, shape=(), dtype=float32)",25.137594,0.002290520817041397
/tmp/DataSetCombined/Edges/Round-10_0059720_edge.png,"tf.Tensor(61.91, shape=(), dtype=float32)",62.474495,0.002290520817041397
/tmp/DataSetCombined/Edges/Round-10_0022457_edge.png,"tf.Tensor(65.46, shape=(), dtype=float32)",63.916126,0.002290520817041397
/tmp/DataSetCombined/Edges/Round-4_0015655_edge.png,"tf.Tensor(47.67, shape=(), dtype=float32)",46.660038,0.002290520817041397
/tmp/DataSetCombined/Edges/Round-5_0093376_edge.png,"tf.Tensor(7.94, shape=(), dtype=float32)",8.352123,0.002290520817041397
/tmp/DataSetCombined/Edges/Round-6_0090903_edge.png,"tf.Tensor(22.31, shape=(), dtype=float32)",23.041441,0.002290520817041397
/tmp/DataSetCombined/Edges/Round-1_0007967_edge.png,"tf.Tensor(4.4, shape=(), dtype=float32)",3.6265652,0.002290520817041397
/tmp/DataSetCombined/Edges/Round-9_0187825_edge.png,"tf.Tensor(4.12, shape=(), dtype=float32)",3.1807003,0.002290520817041397
/tmp/DataSetCombined/Edges/Round-1_0051083_edge.png,"tf.Tensor(3.31, shape=(), dtype=float32)",2.4774733,0.002290520817041397
/tmp/DataSetCombined/Edges/Round-4_0015083_edge.png,"tf.Tensor(6.81, shape=(), dtype=float32)",7.0713215,0.002290520817041397
/tmp/DataSetCombined/Edges/Round-7_0084885_edge.png,"tf.Tensor(64.16, shape=(), dtype=float32)",63.091297,0.002290520817041397
/tmp/DataSetCombined/Edges/Round-7_0080822_edge.png,"tf.Tensor(65.33, shape=(), dtype=float32)",63.933968,0.002290520817041397
/tmp/DataSetCombined/Edges/Round-1_0111915_edge.png,"tf.Tensor(45.61, shape=(), dtype=float32)",44.94759,0.002290520817041397
/tmp/DataSetCombined/Edges/Round-7_0062852_edge.png,"tf.Tensor(65.17, shape=(), dtype=float32)",63.911587,0.002290520817041397
/tmp/DataSetCombined/Edges/Round-5_0063397_edge.png,"tf.Tensor(3.58, shape=(), dtype=float32)",2.8057625,0.002290520817041397
/tmp/DataSetCombined/Edges/Round-9_0012135_edge.png,"tf.Tensor(5.45, shape=(), dtype=float32)",5.209689,0.002290520817041397
/tmp/DataSetCombined/Edges/Round-10_0186560_edge.png,"tf.Tensor(9.7, shape=(), dtype=float32)",10.272173,0.002290520817041397
/tmp/DataSetCombined/Edges/Round-9_0097226_edge.png,"tf.Tensor(7.22, shape=(), dtype=float32)",7.6820784,0.002290520817041397
/tmp/DataSetCombined/Edges/Round-9_0086751_edge.png,"tf.Tensor(62.53, shape=(), dtype=float32)",61.073204,0.002290520817041397
/tmp/DataSetCombined/Edges/Round-8_0009686_edge.png,"tf.Tensor(63.99, shape=(), dtype=float32)",63.210567,0.002290520817041397
/tmp/DataSetCombined/Edges/Round-2_0073789_edge.png,"tf.Tensor(55.38, shape=(), dtype=float32)",53.57127,0.002290520817041397
/tmp/DataSetCombined/Edges/Round-6_0085786_edge.png,"tf.Tensor(52.76, shape=(), dtype=float32)",52.013557,0.002290520817041397
/tmp/DataSetCombined/Edges/Round-10_0002940_edge.png,"tf.Tensor(37.61, shape=(), dtype=float32)",38.57964,0.002290520817041397
/tmp/DataSetCombined/Edges/Round-9_0089641_edge.png,"tf.Tensor(65.31, shape=(), dtype=float32)",62.091717,0.002290520817041397
/tmp/DataSetCombined/Edges/Round-10_0002152_edge.png,"tf.Tensor(6.6, shape=(), dtype=float32)",6.7053537,0.002290520817041397
/tmp/DataSetCombined/Edges/Round-10_0154143_edge.png,"tf.Tensor(5.31, shape=(), dtype=float32)",4.649199,0.002290520817041397
/tmp/DataSetCombined/Edges/Round-1_0170967_edge.png,"tf.Tensor(8.32, shape=(), dtype=float32)",8.77483,0.002290520817041397
/tmp/DataSetCombined/Edges/Round-9_0144603_edge.png,"tf.Tensor(4.53, shape=(), dtype=float32)",3.6068943,0.002290520817041397
/tmp/DataSetCombined/Edges/Round-1_0144902_edge.png,"tf.Tensor(40.83, shape=(), dtype=float32)",40.857998,0.002290520817041397
/tmp/DataSetCombined/Edges/Round-10_0123381_edge.png,"tf.Tensor(4.89, shape=(), dtype=float32)",4.1116996,0.002290520817041397
/tmp/DataSetCombined/Edges/Round-1_0062401_edge.png,"tf.Tensor(3.59, shape=(), dtype=float32)",2.666261,0.002290520817041397
/tmp/DataSetCombined/Edges/Round-8_0028077_edge.png,"tf.Tensor(3.34, shape=(), dtype=float32)",2.479948,0.002290520817041397
/tmp/DataSetCombined/Edges/Round-9_0127175_edge.png,"tf.Tensor(65.39, shape=(), dtype=float32)",62.64099,0.002290520817041397
/tmp/DataSetCombined/Edges/Round-2_0099314_edge.png,"tf.Tensor(26.19, shape=(), dtype=float32)",27.91986,0.002290520817041397
/tmp/DataSetCombined/Edges/Round-10_0070255_edge.png,"tf.Tensor(64.37, shape=(), dtype=float32)",63.241783,0.002290520817041397
/tmp/DataSetCombined/Edges/Round-9_0053581_edge.png,"tf.Tensor(64.56, shape=(), dtype=float32)",62.831944,0.002290520817041397
/tmp/DataSetCombined/Edges/Round-8_0008543_edge.png,"tf.Tensor(65.04, shape=(), dtype=float32)",62.28248,0.002290520817041397
/tmp/DataSetCombined/Edges/Round-8_0065190_edge.png,"tf.Tensor(8.17, shape=(), dtype=float32)",8.2097225,0.002290520817041397
/tmp/DataSetCombined/Edges/Round-10_0167237_edge.png,"tf.Tensor(5.82, shape=(), dtype=float32)",5.8535647,0.002290520817041397
/tmp/DataSetCombined/Edges/Round-1_0109296_edge.png,"tf.Tensor(60.0, shape=(), dtype=float32)",58.53286,0.002290520817041397
/tmp/DataSetCombined/Edges/Round-6_0065378_edge.png,"tf.Tensor(65.32, shape=(), dtype=float32)",63.90311,0.002290520817041397
/tmp/DataSetCombined/Edges/Round-7_0059330_edge.png,"tf.Tensor(36.85, shape=(), dtype=float32)",38.162575,0.002290520817041397
/tmp/DataSetCombined/Edges/Round-10_0174279_edge.png,"tf.Tensor(6.17, shape=(), dtype=float32)",6.291793,0.002290520817041397
/tmp/DataSetCombined/Edges/Round-8_0076658_edge.png,"tf.Tensor(47.04, shape=(), dtype=float32)",46.02865,0.002290520817041397
/tmp/DataSetCombined/Edges/Round-8_0013178_edge.png,"tf.Tensor(65.24, shape=(), dtype=float32)",63.841526,0.002290520817041397
/tmp/DataSetCombined/Edges/Round-9_0157756_edge.png,"tf.Tensor(64.16, shape=(), dtype=float32)",63.503468,0.0020978860557079315
/tmp/DataSetCombined/Edges/Round-1_0060801_edge.png,"tf.Tensor(55.27, shape=(), dtype=float32)",52.54198,0.0020978860557079315
/tmp/DataSetCombined/Edges/Round-10_0125217_edge.png,"tf.Tensor(2.69, shape=(), dtype=float32)",2.2725682,0.0020978860557079315
/tmp/DataSetCombined/Edges/Round-7_0079462_edge.png,"tf.Tensor(4.92, shape=(), dtype=float32)",4.3350215,0.0020978860557079315
/tmp/DataSetCombined/Edges/Round-9_0124075_edge.png,"tf.Tensor(6.37, shape=(), dtype=float32)",6.0257354,0.0020978860557079315
/tmp/DataSetCombined/Edges/Round-1_0091477_edge.png,"tf.Tensor(65.36, shape=(), dtype=float32)",62.692112,0.0020978860557079315
/tmp/DataSetCombined/Edges/Round-6_0002940_edge.png,"tf.Tensor(4.81, shape=(), dtype=float32)",4.065431,0.0020978860557079315
/tmp/DataSetCombined/Edges/Round-1_0093222_edge.png,"tf.Tensor(46.2, shape=(), dtype=float32)",44.698574,0.0020978860557079315
/tmp/DataSetCombined/Edges/Round-5_0088379_edge.png,"tf.Tensor(6.69, shape=(), dtype=float32)",6.9232593,0.0020978860557079315
/tmp/DataSetCombined/Edges/Round-9_0156522_edge.png,"tf.Tensor(4.05, shape=(), dtype=float32)",3.2784255,0.0020978860557079315
/tmp/DataSetCombined/Edges/Round-1_0094065_edge.png,"tf.Tensor(4.63, shape=(), dtype=float32)",3.627546,0.0020978860557079315
/tmp/DataSetCombined/Edges/Round-9_0103968_edge.png,"tf.Tensor(65.33, shape=(), dtype=float32)",64.12415,0.0020978860557079315
/tmp/DataSetCombined/Edges/Round-9_0012194_edge.png,"tf.Tensor(64.03, shape=(), dtype=float32)",63.51355,0.0020978860557079315
/tmp/DataSetCombined/Edges/Round-9_0141082_edge.png,"tf.Tensor(64.86, shape=(), dtype=float32)",63.344135,0.0020978860557079315
/tmp/DataSetCombined/Edges/Round-4_0088037_edge.png,"tf.Tensor(64.86, shape=(), dtype=float32)",63.040947,0.0020978860557079315
/tmp/DataSetCombined/Edges/Round-9_0161729_edge.png,"tf.Tensor(4.06, shape=(), dtype=float32)",3.1291175,0.0020978860557079315
/tmp/DataSetCombined/Edges/Round-9_0083891_edge.png,"tf.Tensor(6.09, shape=(), dtype=float32)",6.1674585,0.0020978860557079315
/tmp/DataSetCombined/Edges/Round-7_0053731_edge.png,"tf.Tensor(64.77, shape=(), dtype=float32)",62.42834,0.0020978860557079315
/tmp/DataSetCombined/Edges/Round-2_0072977_edge.png,"tf.Tensor(63.49, shape=(), dtype=float32)",62.637142,0.0020978860557079315
/tmp/DataSetCombined/Edges/Round-7_0031789_edge.png,"tf.Tensor(63.1, shape=(), dtype=float32)",62.599953,0.0020978860557079315
/tmp/DataSetCombined/Edges/Round-3_0033864_edge.png,"tf.Tensor(64.49, shape=(), dtype=float32)",63.09579,0.0020978860557079315
/tmp/DataSetCombined/Edges/Round-9_0171722_edge.png,"tf.Tensor(63.99, shape=(), dtype=float32)",62.322697,0.0020978860557079315
/tmp/DataSetCombined/Edges/Round-3_0060442_edge.png,"tf.Tensor(5.52, shape=(), dtype=float32)",5.373482,0.0020978860557079315
/tmp/DataSetCombined/Edges/Round-3_0018242_edge.png,"tf.Tensor(60.38, shape=(), dtype=float32)",61.119404,0.0020978860557079315
/tmp/DataSetCombined/Edges/Round-5_0118991_edge.png,"tf.Tensor(3.89, shape=(), dtype=float32)",3.0667777,0.0020978860557079315
/tmp/DataSetCombined/Edges/Round-4_0021374_edge.png,"tf.Tensor(17.49, shape=(), dtype=float32)",18.060259,0.0020978860557079315
/tmp/DataSetCombined/Edges/Round-4_0063544_edge.png,"tf.Tensor(64.28, shape=(), dtype=float32)",63.4559,0.0020978860557079315
/tmp/DataSetCombined/Edges/Round-4_0016528_edge.png,"tf.Tensor(3.34, shape=(), dtype=float32)",2.491938,0.0020978860557079315
/tmp/DataSetCombined/Edges/Round-10_0166032_edge.png,"tf.Tensor(59.34, shape=(), dtype=float32)",60.07333,0.0020978860557079315
/tmp/DataSetCombined/Edges/Round-10_0104569_edge.png,"tf.Tensor(7.3, shape=(), dtype=float32)",7.609612,0.0020978860557079315
/tmp/DataSetCombined/Edges/Round-1_0034318_edge.png,"tf.Tensor(5.15, shape=(), dtype=float32)",4.325333,0.0020978860557079315
/tmp/DataSetCombined/Edges/Round-2_0086973_edge.png,"tf.Tensor(59.51, shape=(), dtype=float32)",60.236813,0.0020978860557079315
/tmp/DataSetCombined/Edges/Round-3_0044609_edge.png,"tf.Tensor(64.96, shape=(), dtype=float32)",63.0078,0.0020978860557079315
/tmp/DataSetCombined/Edges/Round-5_0038830_edge.png,"tf.Tensor(7.62, shape=(), dtype=float32)",8.109921,0.0020978860557079315
/tmp/DataSetCombined/Edges/Round-3_0072209_edge.png,"tf.Tensor(64.78, shape=(), dtype=float32)",63.42632,0.0020978860557079315
/tmp/DataSetCombined/Edges/Round-6_0012915_edge.png,"tf.Tensor(65.23, shape=(), dtype=float32)",62.70429,0.0020978860557079315
/tmp/DataSetCombined/Edges/Round-9_0084042_edge.png,"tf.Tensor(17.17, shape=(), dtype=float32)",18.140467,0.0020978860557079315
/tmp/DataSetCombined/Edges/Round-9_0008702_edge.png,"tf.Tensor(63.87, shape=(), dtype=float32)",63.013313,0.0020978860557079315
/tmp/DataSetCombined/Edges/Round-1_0013267_edge.png,"tf.Tensor(3.4, shape=(), dtype=float32)",2.5418844,0.0020978860557079315
/tmp/DataSetCombined/Edges/Round-9_0051459_edge.png,"tf.Tensor(36.68, shape=(), dtype=float32)",36.670074,0.0020978860557079315
/tmp/DataSetCombined/Edges/Round-8_0036517_edge.png,"tf.Tensor(5.31, shape=(), dtype=float32)",5.138302,0.0020978860557079315
/tmp/DataSetCombined/Edges/Round-9_0127686_edge.png,"tf.Tensor(3.49, shape=(), dtype=float32)",2.7297719,0.0020978860557079315
/tmp/DataSetCombined/Edges/Round-9_0002091_edge.png,"tf.Tensor(7.93, shape=(), dtype=float32)",8.366956,0.0020978860557079315
/tmp/DataSetCombined/Edges/Round-5_0031100_edge.png,"tf.Tensor(2.48, shape=(), dtype=float32)",2.173969,0.0020978860557079315
/tmp/DataSetCombined/Edges/Round-1_0072300_edge.png,"tf.Tensor(58.36, shape=(), dtype=float32)",59.374565,0.0020978860557079315
/tmp/DataSetCombined/Edges/Round-5_0106349_edge.png,"tf.Tensor(8.06, shape=(), dtype=float32)",8.265546,0.0020978860557079315
/tmp/DataSetCombined/Edges/Round-8_0019210_edge.png,"tf.Tensor(65.24, shape=(), dtype=float32)",62.482365,0.0020978860557079315
/tmp/DataSetCombined/Edges/Round-9_0171572_edge.png,"tf.Tensor(6.59, shape=(), dtype=float32)",6.741363,0.0020978860557079315
/tmp/DataSetCombined/Edges/Round-8_0066094_edge.png,"tf.Tensor(17.5, shape=(), dtype=float32)",17.349773,0.0020978860557079315
/tmp/DataSetCombined/Edges/Round-7_0101078_edge.png,"tf.Tensor(9.67, shape=(), dtype=float32)",10.3269,0.0020978860557079315
/tmp/DataSetCombined/Edges/Round-2_0083475_edge.png,"tf.Tensor(63.46, shape=(), dtype=float32)",62.34508,0.0020978860557079315
/tmp/DataSetCombined/Edges/Round-10_0150140_edge.png,"tf.Tensor(4.1, shape=(), dtype=float32)",3.1176612,0.0020978860557079315
/tmp/DataSetCombined/Edges/Round-5_0094700_edge.png,"tf.Tensor(4.46, shape=(), dtype=float32)",3.6727011,0.0020978860557079315
/tmp/DataSetCombined/Edges/Round-8_0079367_edge.png,"tf.Tensor(53.56, shape=(), dtype=float32)",51.39355,0.0020978860557079315
/tmp/DataSetCombined/Edges/Round-6_0136173_edge.png,"tf.Tensor(31.44, shape=(), dtype=float32)",34.05386,0.0020978860557079315
/tmp/DataSetCombined/Edges/Round-2_0095492_edge.png,"tf.Tensor(64.03, shape=(), dtype=float32)",62.036972,0.0020978860557079315
/tmp/DataSetCombined/Edges/Round-8_0029624_edge.png,"tf.Tensor(3.46, shape=(), dtype=float32)",2.6027322,0.0020978860557079315
/tmp/DataSetCombined/Edges/Round-10_0046446_edge.png,"tf.Tensor(13.74, shape=(), dtype=float32)",14.043644,0.0020978860557079315
/tmp/DataSetCombined/Edges/Round-5_0091690_edge.png,"tf.Tensor(46.17, shape=(), dtype=float32)",46.33391,0.0020978860557079315
/tmp/DataSetCombined/Edges/Round-6_0121665_edge.png,"tf.Tensor(64.65, shape=(), dtype=float32)",62.778725,0.0020978860557079315
/tmp/DataSetCombined/Edges/Round-9_0032391_edge.png,"tf.Tensor(57.2, shape=(), dtype=float32)",57.284145,0.0020978860557079315
/tmp/DataSetCombined/Edges/Round-1_0153873_edge.png,"tf.Tensor(56.99, shape=(), dtype=float32)",57.129154,0.0020978860557079315
/tmp/DataSetCombined/Edges/Round-8_0068290_edge.png,"tf.Tensor(64.34, shape=(), dtype=float32)",62.72898,0.0020978860557079315
/tmp/DataSetCombined/Edges/Round-7_0018966_edge.png,"tf.Tensor(21.65, shape=(), dtype=float32)",22.4269,0.0020978860557079315
/tmp/DataSetCombined/Edges/Round-4_0040788_edge.png,"tf.Tensor(9.53, shape=(), dtype=float32)",10.139612,0.0023604631423950195
/tmp/DataSetCombined/Edges/Round-1_0067100_edge.png,"tf.Tensor(17.93, shape=(), dtype=float32)",17.834398,0.0023604631423950195
/tmp/DataSetCombined/Edges/Round-5_0084346_edge.png,"tf.Tensor(2.54, shape=(), dtype=float32)",2.1899416,0.0023604631423950195
/tmp/DataSetCombined/Edges/Round-10_0009484_edge.png,"tf.Tensor(48.25, shape=(), dtype=float32)",47.218807,0.0023604631423950195
/tmp/DataSetCombined/Edges/Round-1_0058867_edge.png,"tf.Tensor(64.14, shape=(), dtype=float32)",63.68022,0.0023604631423950195
/tmp/DataSetCombined/Edges/Round-6_0101709_edge.png,"tf.Tensor(9.86, shape=(), dtype=float32)",10.414863,0.0023604631423950195
/tmp/DataSetCombined/Edges/Round-4_0023391_edge.png,"tf.Tensor(7.39, shape=(), dtype=float32)",7.855112,0.0023604631423950195
/tmp/DataSetCombined/Edges/Round-4_0059842_edge.png,"tf.Tensor(7.95, shape=(), dtype=float32)",8.368885,0.0023604631423950195
/tmp/DataSetCombined/Edges/Round-1_0152429_edge.png,"tf.Tensor(12.89, shape=(), dtype=float32)",13.587468,0.0023604631423950195
/tmp/DataSetCombined/Edges/Round-10_0076576_edge.png,"tf.Tensor(63.85, shape=(), dtype=float32)",60.25438,0.0023604631423950195
/tmp/DataSetCombined/Edges/Round-10_0115706_edge.png,"tf.Tensor(6.99, shape=(), dtype=float32)",7.321413,0.0023604631423950195
/tmp/DataSetCombined/Edges/Round-5_0061741_edge.png,"tf.Tensor(4.09, shape=(), dtype=float32)",3.234798,0.0023604631423950195
/tmp/DataSetCombined/Edges/Round-2_0038200_edge.png,"tf.Tensor(40.39, shape=(), dtype=float32)",40.91423,0.0023604631423950195
/tmp/DataSetCombined/Edges/Round-6_0069893_edge.png,"tf.Tensor(5.19, shape=(), dtype=float32)",4.5800705,0.0023604631423950195
/tmp/DataSetCombined/Edges/Round-7_0007589_edge.png,"tf.Tensor(5.98, shape=(), dtype=float32)",5.9879875,0.0023604631423950195
/tmp/DataSetCombined/Edges/Round-8_0032454_edge.png,"tf.Tensor(9.66, shape=(), dtype=float32)",10.23542,0.0023604631423950195
/tmp/DataSetCombined/Edges/Round-6_0025948_edge.png,"tf.Tensor(7.2, shape=(), dtype=float32)",7.2356744,0.0023604631423950195
/tmp/DataSetCombined/Edges/Round-10_0102763_edge.png,"tf.Tensor(49.64, shape=(), dtype=float32)",46.878674,0.0023604631423950195
/tmp/DataSetCombined/Edges/Round-6_0025436_edge.png,"tf.Tensor(38.83, shape=(), dtype=float32)",39.432037,0.0023604631423950195
/tmp/DataSetCombined/Edges/Round-5_0109178_edge.png,"tf.Tensor(40.72, shape=(), dtype=float32)",41.06126,0.0023604631423950195
/tmp/DataSetCombined/Edges/Round-5_0009880_edge.png,"tf.Tensor(64.55, shape=(), dtype=float32)",62.703125,0.0023604631423950195
/tmp/DataSetCombined/Edges/Round-9_0130636_edge.png,"tf.Tensor(6.18, shape=(), dtype=float32)",5.8267217,0.0023604631423950195
/tmp/DataSetCombined/Edges/Round-4_0091596_edge.png,"tf.Tensor(65.18, shape=(), dtype=float32)",64.00272,0.0023604631423950195
/tmp/DataSetCombined/Edges/Round-6_0099331_edge.png,"tf.Tensor(6.75, shape=(), dtype=float32)",6.6850348,0.0023604631423950195
/tmp/DataSetCombined/Edges/Round-2_0094980_edge.png,"tf.Tensor(64.0, shape=(), dtype=float32)",62.748127,0.0023604631423950195
/tmp/DataSetCombined/Edges/Round-3_0002834_edge.png,"tf.Tensor(2.68, shape=(), dtype=float32)",2.244663,0.0023604631423950195
/tmp/DataSetCombined/Edges/Round-10_0047590_edge.png,"tf.Tensor(59.64, shape=(), dtype=float32)",60.019497,0.0023604631423950195
/tmp/DataSetCombined/Edges/Round-2_0070479_edge.png,"tf.Tensor(25.45, shape=(), dtype=float32)",27.420755,0.0023604631423950195
/tmp/DataSetCombined/Edges/Round-10_0006624_edge.png,"tf.Tensor(6.93, shape=(), dtype=float32)",7.276257,0.0023604631423950195
/tmp/DataSetCombined/Edges/Round-1_0167057_edge.png,"tf.Tensor(22.12, shape=(), dtype=float32)",21.848642,0.0023604631423950195
/tmp/DataSetCombined/Edges/Round-2_0053781_edge.png,"tf.Tensor(4.66, shape=(), dtype=float32)",3.9772806,0.0023604631423950195
/tmp/DataSetCombined/Edges/Round-3_0011741_edge.png,"tf.Tensor(7.42, shape=(), dtype=float32)",7.507184,0.0023604631423950195
/tmp/DataSetCombined/Edges/Round-9_0069293_edge.png,"tf.Tensor(63.88, shape=(), dtype=float32)",63.999805,0.0023604631423950195
/tmp/DataSetCombined/Edges/Round-5_0033538_edge.png,"tf.Tensor(56.59, shape=(), dtype=float32)",56.943226,0.0023604631423950195
/tmp/DataSetCombined/Edges/Round-7_0021555_edge.png,"tf.Tensor(65.29, shape=(), dtype=float32)",62.072098,0.0023604631423950195
/tmp/DataSetCombined/Edges/Round-10_0129912_edge.png,"tf.Tensor(5.89, shape=(), dtype=float32)",5.9362936,0.0023604631423950195
/tmp/DataSetCombined/Edges/Round-9_0197427_edge.png,"tf.Tensor(64.45, shape=(), dtype=float32)",63.097088,0.0023604631423950195
/tmp/DataSetCombined/Edges/Round-10_0082957_edge.png,"tf.Tensor(24.81, shape=(), dtype=float32)",26.420189,0.0023604631423950195
/tmp/DataSetCombined/Edges/Round-8_0016140_edge.png,"tf.Tensor(64.32, shape=(), dtype=float32)",62.632374,0.0023604631423950195
/tmp/DataSetCombined/Edges/Round-3_0029379_edge.png,"tf.Tensor(64.16, shape=(), dtype=float32)",63.535744,0.0023604631423950195
/tmp/DataSetCombined/Edges/Round-2_0001600_edge.png,"tf.Tensor(2.51, shape=(), dtype=float32)",2.190876,0.0023604631423950195
/tmp/DataSetCombined/Edges/Round-9_0059026_edge.png,"tf.Tensor(29.21, shape=(), dtype=float32)",30.176188,0.0023604631423950195
/tmp/DataSetCombined/Edges/Round-9_0137709_edge.png,"tf.Tensor(31.06, shape=(), dtype=float32)",32.21517,0.0023604631423950195
/tmp/DataSetCombined/Edges/Round-9_0048945_edge.png,"tf.Tensor(57.72, shape=(), dtype=float32)",58.18339,0.0023604631423950195
/tmp/DataSetCombined/Edges/Round-7_0024083_edge.png,"tf.Tensor(4.15, shape=(), dtype=float32)",3.222696,0.0023604631423950195
/tmp/DataSetCombined/Edges/Round-10_0093914_edge.png,"tf.Tensor(64.17, shape=(), dtype=float32)",63.63468,0.0023604631423950195
/tmp/DataSetCombined/Edges/Round-1_0162482_edge.png,"tf.Tensor(64.4, shape=(), dtype=float32)",63.228584,0.0023604631423950195
/tmp/DataSetCombined/Edges/Round-7_0095321_edge.png,"tf.Tensor(50.83, shape=(), dtype=float32)",50.364002,0.0023604631423950195
/tmp/DataSetCombined/Edges/Round-10_0106766_edge.png,"tf.Tensor(64.06, shape=(), dtype=float32)",63.08632,0.0023604631423950195
/tmp/DataSetCombined/Edges/Round-4_0007588_edge.png,"tf.Tensor(65.36, shape=(), dtype=float32)",63.858986,0.0023604631423950195
/tmp/DataSetCombined/Edges/Round-6_0022758_edge.png,"tf.Tensor(6.19, shape=(), dtype=float32)",5.9820056,0.0023604631423950195
/tmp/DataSetCombined/Edges/Round-7_0015625_edge.png,"tf.Tensor(4.63, shape=(), dtype=float32)",3.6304533,0.0023604631423950195
/tmp/DataSetCombined/Edges/Round-5_0003516_edge.png,"tf.Tensor(47.21, shape=(), dtype=float32)",46.53143,0.0023604631423950195
/tmp/DataSetCombined/Edges/Round-10_0172804_edge.png,"tf.Tensor(64.76, shape=(), dtype=float32)",62.97293,0.0023604631423950195
/tmp/DataSetCombined/Edges/Round-1_0132741_edge.png,"tf.Tensor(5.93, shape=(), dtype=float32)",5.4941697,0.0023604631423950195
/tmp/DataSetCombined/Edges/Round-9_0196343_edge.png,"tf.Tensor(3.31, shape=(), dtype=float32)",2.6037672,0.0023604631423950195
/tmp/DataSetCombined/Edges/Round-1_0022534_edge.png,"tf.Tensor(25.72, shape=(), dtype=float32)",27.235918,0.0023604631423950195
/tmp/DataSetCombined/Edges/Round-9_0002713_edge.png,"tf.Tensor(58.72, shape=(), dtype=float32)",57.49081,0.0023604631423950195
/tmp/DataSetCombined/Edges/Round-4_0068209_edge.png,"tf.Tensor(19.35, shape=(), dtype=float32)",18.70701,0.0023604631423950195
/tmp/DataSetCombined/Edges/Round-6_0090542_edge.png,"tf.Tensor(64.89, shape=(), dtype=float32)",63.249454,0.0023604631423950195
/tmp/DataSetCombined/Edges/Round-9_0144121_edge.png,"tf.Tensor(5.36, shape=(), dtype=float32)",4.7511387,0.0023604631423950195
/tmp/DataSetCombined/Edges/Round-9_0155859_edge.png,"tf.Tensor(43.53, shape=(), dtype=float32)",43.697666,0.0023604631423950195
/tmp/DataSetCombined/Edges/Round-5_0036848_edge.png,"tf.Tensor(5.49, shape=(), dtype=float32)",5.3915625,0.0023604631423950195
/tmp/DataSetCombined/Edges/Round-1_0058667_edge.png,"tf.Tensor(3.06, shape=(), dtype=float32)",2.3519788,0.0023604631423950195
/tmp/DataSetCombined/Edges/Round-5_0111074_edge.png,"tf.Tensor(6.96, shape=(), dtype=float32)",7.2239494,0.0024994798004627228
/tmp/DataSetCombined/Edges/Round-1_0065467_edge.png,"tf.Tensor(5.62, shape=(), dtype=float32)",5.417125,0.0024994798004627228
/tmp/DataSetCombined/Edges/Round-7_0009305_edge.png,"tf.Tensor(4.32, shape=(), dtype=float32)",3.3421013,0.0024994798004627228
/tmp/DataSetCombined/Edges/Round-10_0010417_edge.png,"tf.Tensor(4.8, shape=(), dtype=float32)",3.8460314,0.0024994798004627228
/tmp/DataSetCombined/Edges/Round-8_0021829_edge.png,"tf.Tensor(65.1, shape=(), dtype=float32)",62.249428,0.0024994798004627228
/tmp/DataSetCombined/Edges/Round-1_0101834_edge.png,"tf.Tensor(64.2, shape=(), dtype=float32)",63.269405,0.0024994798004627228
/tmp/DataSetCombined/Edges/Round-9_0024760_edge.png,"tf.Tensor(11.4, shape=(), dtype=float32)",12.080095,0.0024994798004627228
/tmp/DataSetCombined/Edges/Round-10_0184754_edge.png,"tf.Tensor(65.21, shape=(), dtype=float32)",64.13177,0.0024994798004627228
/tmp/DataSetCombined/Edges/Round-9_0018545_edge.png,"tf.Tensor(3.65, shape=(), dtype=float32)",2.6470883,0.0024994798004627228
/tmp/DataSetCombined/Edges/Round-8_0056431_edge.png,"tf.Tensor(3.32, shape=(), dtype=float32)",2.5464127,0.0024994798004627228
/tmp/DataSetCombined/Edges/Round-6_0036362_edge.png,"tf.Tensor(57.87, shape=(), dtype=float32)",57.34358,0.0024994798004627228
/tmp/DataSetCombined/Edges/Round-5_0001576_edge.png,"tf.Tensor(56.87, shape=(), dtype=float32)",52.616673,0.0024994798004627228
/tmp/DataSetCombined/Edges/Round-10_0100054_edge.png,"tf.Tensor(2.88, shape=(), dtype=float32)",2.3206835,0.0024994798004627228
/tmp/DataSetCombined/Edges/Round-10_0097255_edge.png,"tf.Tensor(65.33, shape=(), dtype=float32)",62.37425,0.0024994798004627228
/tmp/DataSetCombined/Edges/Round-4_0089612_edge.png,"tf.Tensor(20.88, shape=(), dtype=float32)",21.57311,0.0024994798004627228
/tmp/DataSetCombined/Edges/Round-7_0025287_edge.png,"tf.Tensor(63.91, shape=(), dtype=float32)",63.558834,0.0024994798004627228
/tmp/DataSetCombined/Edges/Round-8_0018548_edge.png,"tf.Tensor(3.58, shape=(), dtype=float32)",2.7092977,0.0024994798004627228
/tmp/DataSetCombined/Edges/Round-10_0100385_edge.png,"tf.Tensor(4.57, shape=(), dtype=float32)",3.8122303,0.0024994798004627228
/tmp/DataSetCombined/Edges/Round-7_0043708_edge.png,"tf.Tensor(3.52, shape=(), dtype=float32)",2.7772746,0.0024994798004627228
/tmp/DataSetCombined/Edges/Round-6_0078381_edge.png,"tf.Tensor(4.59, shape=(), dtype=float32)",3.6530225,0.0024994798004627228
/tmp/DataSetCombined/Edges/Round-9_0127958_edge.png,"tf.Tensor(10.98, shape=(), dtype=float32)",11.577146,0.0024994798004627228
/tmp/DataSetCombined/Edges/Round-1_0038934_edge.png,"tf.Tensor(64.35, shape=(), dtype=float32)",63.17693,0.0024994798004627228
/tmp/DataSetCombined/Edges/Round-8_0002745_edge.png,"tf.Tensor(12.66, shape=(), dtype=float32)",13.444125,0.0024994798004627228
/tmp/DataSetCombined/Edges/Round-1_0039434_edge.png,"tf.Tensor(5.84, shape=(), dtype=float32)",5.8696218,0.0024994798004627228
/tmp/DataSetCombined/Edges/Round-9_0186923_edge.png,"tf.Tensor(3.24, shape=(), dtype=float32)",2.4634132,0.0024994798004627228
/tmp/DataSetCombined/Edges/Round-8_0053572_edge.png,"tf.Tensor(3.69, shape=(), dtype=float32)",2.8434246,0.0024994798004627228
/tmp/DataSetCombined/Edges/Round-2_0102595_edge.png,"tf.Tensor(64.39, shape=(), dtype=float32)",63.003014,0.0024994798004627228
/tmp/DataSetCombined/Edges/Round-2_0047200_edge.png,"tf.Tensor(65.3, shape=(), dtype=float32)",63.909573,0.0024994798004627228
/tmp/DataSetCombined/Edges/Round-3_0087020_edge.png,"tf.Tensor(2.88, shape=(), dtype=float32)",2.3659966,0.0024994798004627228
/tmp/DataSetCombined/Edges/Round-9_0160585_edge.png,"tf.Tensor(63.15, shape=(), dtype=float32)",62.096706,0.0024994798004627228
/tmp/DataSetCombined/Edges/Round-1_0009267_edge.png,"tf.Tensor(36.71, shape=(), dtype=float32)",37.40996,0.0024994798004627228
/tmp/DataSetCombined/Edges/Round-9_0141584_edge.png,"tf.Tensor(40.26, shape=(), dtype=float32)",40.228333,0.0024994798004627228
/tmp/DataSetCombined/Edges/Round-5_0030919_edge.png,"tf.Tensor(8.28, shape=(), dtype=float32)",8.73212,0.0024994798004627228
/tmp/DataSetCombined/Edges/Round-8_0019198_edge.png,"tf.Tensor(62.97, shape=(), dtype=float32)",61.659435,0.0024994798004627228
/tmp/DataSetCombined/Edges/Round-6_0107609_edge.png,"tf.Tensor(5.26, shape=(), dtype=float32)",4.778123,0.0024994798004627228
/tmp/DataSetCombined/Edges/Round-10_0032932_edge.png,"tf.Tensor(7.7, shape=(), dtype=float32)",8.034313,0.0024994798004627228
/tmp/DataSetCombined/Edges/Round-1_0009734_edge.png,"tf.Tensor(53.35, shape=(), dtype=float32)",51.237823,0.0024994798004627228
/tmp/DataSetCombined/Edges/Round-9_0039374_edge.png,"tf.Tensor(19.98, shape=(), dtype=float32)",20.138527,0.0024994798004627228
/tmp/DataSetCombined/Edges/Round-9_0002182_edge.png,"tf.Tensor(32.51, shape=(), dtype=float32)",33.50182,0.0024994798004627228
/tmp/DataSetCombined/Edges/Round-6_0076034_edge.png,"tf.Tensor(63.9, shape=(), dtype=float32)",62.679432,0.0024994798004627228
/tmp/DataSetCombined/Edges/Round-1_0114593_edge.png,"tf.Tensor(7.76, shape=(), dtype=float32)",8.156837,0.0024994798004627228
/tmp/DataSetCombined/Edges/Round-9_0137516_edge.png,"tf.Tensor(55.3, shape=(), dtype=float32)",54.402798,0.0024994798004627228
/tmp/DataSetCombined/Edges/Round-8_0058026_edge.png,"tf.Tensor(64.03, shape=(), dtype=float32)",63.06908,0.0024994798004627228
/tmp/DataSetCombined/Edges/Round-9_0004217_edge.png,"tf.Tensor(3.78, shape=(), dtype=float32)",2.8720381,0.0024994798004627228
/tmp/DataSetCombined/Edges/Round-5_0045367_edge.png,"tf.Tensor(64.0, shape=(), dtype=float32)",63.027336,0.0024994798004627228
/tmp/DataSetCombined/Edges/Round-7_0011352_edge.png,"tf.Tensor(6.6, shape=(), dtype=float32)",6.5664167,0.0024994798004627228
/tmp/DataSetCombined/Edges/Round-7_0028147_edge.png,"tf.Tensor(6.12, shape=(), dtype=float32)",6.2048216,0.0024994798004627228
/tmp/DataSetCombined/Edges/Round-2_0093477_edge.png,"tf.Tensor(65.1, shape=(), dtype=float32)",62.20048,0.0024994798004627228
/tmp/DataSetCombined/Edges/Round-1_0166635_edge.png,"tf.Tensor(5.68, shape=(), dtype=float32)",5.6757584,0.0024994798004627228
/tmp/DataSetCombined/Edges/Round-7_0099212_edge.png,"tf.Tensor(30.33, shape=(), dtype=float32)",30.773457,0.0024994798004627228
/tmp/DataSetCombined/Edges/Round-6_0107187_edge.png,"tf.Tensor(18.18, shape=(), dtype=float32)",18.738337,0.0024994798004627228
/tmp/DataSetCombined/Edges/Round-8_0053301_edge.png,"tf.Tensor(4.3, shape=(), dtype=float32)",3.3105195,0.0024994798004627228
/tmp/DataSetCombined/Edges/Round-8_0087283_edge.png,"tf.Tensor(64.13, shape=(), dtype=float32)",63.38562,0.0024994798004627228
/tmp/DataSetCombined/Edges/Round-9_0071551_edge.png,"tf.Tensor(11.19, shape=(), dtype=float32)",11.649139,0.0024994798004627228
/tmp/DataSetCombined/Edges/Round-4_0029832_edge.png,"tf.Tensor(7.56, shape=(), dtype=float32)",7.905809,0.0024994798004627228
/tmp/DataSetCombined/Edges/Round-1_0127687_edge.png,"tf.Tensor(64.73, shape=(), dtype=float32)",63.10043,0.0024994798004627228
/tmp/DataSetCombined/Edges/Round-3_0082083_edge.png,"tf.Tensor(8.0, shape=(), dtype=float32)",8.469888,0.0024994798004627228
/tmp/DataSetCombined/Edges/Round-5_0112459_edge.png,"tf.Tensor(4.57, shape=(), dtype=float32)",3.6247733,0.0024994798004627228
/tmp/DataSetCombined/Edges/Round-8_0034139_edge.png,"tf.Tensor(64.94, shape=(), dtype=float32)",62.250027,0.0024994798004627228
/tmp/DataSetCombined/Edges/Round-10_0089459_edge.png,"tf.Tensor(3.0, shape=(), dtype=float32)",2.3612392,0.0024994798004627228
/tmp/DataSetCombined/Edges/Round-9_0053370_edge.png,"tf.Tensor(6.04, shape=(), dtype=float32)",6.190671,0.0024994798004627228
/tmp/DataSetCombined/Edges/Round-3_0018152_edge.png,"tf.Tensor(7.97, shape=(), dtype=float32)",8.421414,0.0024994798004627228
/tmp/DataSetCombined/Edges/Round-8_0045367_edge.png,"tf.Tensor(39.72, shape=(), dtype=float32)",40.276024,0.0024994798004627228
/tmp/DataSetCombined/Edges/Round-4_0033474_edge.png,"tf.Tensor(64.98, shape=(), dtype=float32)",62.996647,0.0024994798004627228
/tmp/DataSetCombined/Edges/Round-2_0059267_edge.png,"tf.Tensor(9.78, shape=(), dtype=float32)",10.382671,0.0021409057080745697
/tmp/DataSetCombined/Edges/Round-5_0016742_edge.png,"tf.Tensor(64.06, shape=(), dtype=float32)",60.463207,0.0021409057080745697
/tmp/DataSetCombined/Edges/Round-7_0009635_edge.png,"tf.Tensor(64.94, shape=(), dtype=float32)",63.629154,0.0021409057080745697
/tmp/DataSetCombined/Edges/Round-4_0002170_edge.png,"tf.Tensor(63.73, shape=(), dtype=float32)",62.238083,0.0021409057080745697
/tmp/DataSetCombined/Edges/Round-7_0097918_edge.png,"tf.Tensor(63.39, shape=(), dtype=float32)",62.857822,0.0021409057080745697
/tmp/DataSetCombined/Edges/Round-10_0082566_edge.png,"tf.Tensor(3.92, shape=(), dtype=float32)",3.145958,0.0021409057080745697
/tmp/DataSetCombined/Edges/Round-10_0166544_edge.png,"tf.Tensor(5.42, shape=(), dtype=float32)",5.313279,0.0021409057080745697
/tmp/DataSetCombined/Edges/Round-5_0115410_edge.png,"tf.Tensor(54.34, shape=(), dtype=float32)",52.303364,0.0021409057080745697
/tmp/DataSetCombined/Edges/Round-4_0039163_edge.png,"tf.Tensor(64.77, shape=(), dtype=float32)",62.849297,0.0021409057080745697
/tmp/DataSetCombined/Edges/Round-4_0005331_edge.png,"tf.Tensor(3.27, shape=(), dtype=float32)",2.4567506,0.0021409057080745697
/tmp/DataSetCombined/Edges/Round-9_0148697_edge.png,"tf.Tensor(5.62, shape=(), dtype=float32)",5.151185,0.0021409057080745697
/tmp/DataSetCombined/Edges/Round-8_0017633_edge.png,"tf.Tensor(29.45, shape=(), dtype=float32)",30.150496,0.0021409057080745697
/tmp/DataSetCombined/Edges/Round-5_0077453_edge.png,"tf.Tensor(7.96, shape=(), dtype=float32)",8.092231,0.0021409057080745697
/tmp/DataSetCombined/Edges/Round-7_0060354_edge.png,"tf.Tensor(61.37, shape=(), dtype=float32)",62.037937,0.0021409057080745697
/tmp/DataSetCombined/Edges/Round-3_0001367_edge.png,"tf.Tensor(4.77, shape=(), dtype=float32)",4.039801,0.0021409057080745697
/tmp/DataSetCombined/Edges/Round-10_0150591_edge.png,"tf.Tensor(64.44, shape=(), dtype=float32)",63.042065,0.0021409057080745697
/tmp/DataSetCombined/Edges/Round-10_0194627_edge.png,"tf.Tensor(3.9, shape=(), dtype=float32)",3.0660722,0.0021409057080745697
/tmp/DataSetCombined/Edges/Round-1_0099543_edge.png,"tf.Tensor(42.4, shape=(), dtype=float32)",41.31827,0.0021409057080745697
/tmp/DataSetCombined/Edges/Round-9_0198210_edge.png,"tf.Tensor(62.92, shape=(), dtype=float32)",62.222767,0.0021409057080745697
/tmp/DataSetCombined/Edges/Round-10_0093101_edge.png,"tf.Tensor(3.76, shape=(), dtype=float32)",2.8220894,0.0021409057080745697
/tmp/DataSetCombined/Edges/Round-9_0009606_edge.png,"tf.Tensor(8.0, shape=(), dtype=float32)",8.174906,0.0021409057080745697
/tmp/DataSetCombined/Edges/Round-6_0120021_edge.png,"tf.Tensor(4.26, shape=(), dtype=float32)",3.2309465,0.0021409057080745697
/tmp/DataSetCombined/Edges/Round-7_0031160_edge.png,"tf.Tensor(64.13, shape=(), dtype=float32)",63.419224,0.0021409057080745697
/tmp/DataSetCombined/Edges/Round-4_0009665_edge.png,"tf.Tensor(8.65, shape=(), dtype=float32)",9.009177,0.0021409057080745697
/tmp/DataSetCombined/Edges/Round-9_0124917_edge.png,"tf.Tensor(5.43, shape=(), dtype=float32)",5.2707086,0.0021409057080745697
/tmp/DataSetCombined/Edges/Round-10_0124013_edge.png,"tf.Tensor(16.72, shape=(), dtype=float32)",17.732195,0.0021409057080745697
/tmp/DataSetCombined/Edges/Round-1_0019967_edge.png,"tf.Tensor(59.49, shape=(), dtype=float32)",55.93648,0.0021409057080745697
/tmp/DataSetCombined/Edges/Round-3_0021192_edge.png,"tf.Tensor(7.93, shape=(), dtype=float32)",8.359477,0.0021409057080745697
/tmp/DataSetCombined/Edges/Round-1_0148696_edge.png,"tf.Tensor(64.04, shape=(), dtype=float32)",64.30044,0.0021409057080745697
/tmp/DataSetCombined/Edges/Round-10_0192459_edge.png,"tf.Tensor(5.4, shape=(), dtype=float32)",5.267523,0.0021409057080745697
/tmp/DataSetCombined/Edges/Round-9_0081032_edge.png,"tf.Tensor(4.75, shape=(), dtype=float32)",4.00485,0.0021409057080745697
/tmp/DataSetCombined/Edges/Round-4_0075764_edge.png,"tf.Tensor(6.95, shape=(), dtype=float32)",7.010911,0.0021409057080745697
/tmp/DataSetCombined/Edges/Round-9_0078865_edge.png,"tf.Tensor(27.57, shape=(), dtype=float32)",29.287807,0.0021409057080745697
/tmp/DataSetCombined/Edges/Round-7_0068721_edge.png,"tf.Tensor(65.37, shape=(), dtype=float32)",63.16734,0.0021409057080745697
/tmp/DataSetCombined/Edges/Round-7_0125309_edge.png,"tf.Tensor(8.16, shape=(), dtype=float32)",8.554025,0.0021409057080745697
/tmp/DataSetCombined/Edges/Round-1_0063867_edge.png,"tf.Tensor(55.48, shape=(), dtype=float32)",54.669926,0.0021409057080745697
/tmp/DataSetCombined/Edges/Round-8_0049039_edge.png,"tf.Tensor(27.21, shape=(), dtype=float32)",28.497992,0.0021409057080745697
/tmp/DataSetCombined/Edges/Round-7_0056350_edge.png,"tf.Tensor(37.41, shape=(), dtype=float32)",38.841442,0.0021409057080745697
/tmp/DataSetCombined/Edges/Round-7_0133917_edge.png,"tf.Tensor(64.63, shape=(), dtype=float32)",63.04955,0.0021409057080745697
/tmp/DataSetCombined/Edges/Round-5_0068544_edge.png,"tf.Tensor(56.9, shape=(), dtype=float32)",55.50198,0.0021409057080745697
/tmp/DataSetCombined/Edges/Round-1_0076157_edge.png,"tf.Tensor(7.8, shape=(), dtype=float32)",8.14612,0.0021409057080745697
/tmp/DataSetCombined/Edges/Round-2_0082759_edge.png,"tf.Tensor(63.34, shape=(), dtype=float32)",62.70154,0.0021409057080745697
/tmp/DataSetCombined/Edges/Round-8_0038354_edge.png,"tf.Tensor(9.13, shape=(), dtype=float32)",9.753996,0.0021409057080745697
/tmp/DataSetCombined/Edges/Round-5_0124047_edge.png,"tf.Tensor(63.99, shape=(), dtype=float32)",63.475533,0.0021409057080745697
/tmp/DataSetCombined/Edges/Round-9_0006054_edge.png,"tf.Tensor(32.34, shape=(), dtype=float32)",33.700657,0.0021409057080745697
/tmp/DataSetCombined/Edges/Round-8_0073377_edge.png,"tf.Tensor(63.13, shape=(), dtype=float32)",62.613476,0.0021409057080745697
/tmp/DataSetCombined/Edges/Round-1_0128138_edge.png,"tf.Tensor(65.35, shape=(), dtype=float32)",62.89706,0.0021409057080745697
/tmp/DataSetCombined/Edges/Round-1_0033505_edge.png,"tf.Tensor(9.64, shape=(), dtype=float32)",10.279868,0.0021409057080745697
/tmp/DataSetCombined/Edges/Round-1_0139516_edge.png,"tf.Tensor(5.27, shape=(), dtype=float32)",4.800191,0.0021409057080745697
/tmp/DataSetCombined/Edges/Round-6_0097555_edge.png,"tf.Tensor(17.04, shape=(), dtype=float32)",17.06191,0.0021409057080745697
/tmp/DataSetCombined/Edges/Round-9_0198932_edge.png,"tf.Tensor(63.99, shape=(), dtype=float32)",62.752026,0.0021409057080745697
/tmp/DataSetCombined/Edges/Round-8_0016429_edge.png,"tf.Tensor(59.63, shape=(), dtype=float32)",57.541763,0.0021409057080745697
/tmp/DataSetCombined/Edges/Round-8_0024014_edge.png,"tf.Tensor(4.08, shape=(), dtype=float32)",3.1606686,0.0021409057080745697
/tmp/DataSetCombined/Edges/Round-9_0153452_edge.png,"tf.Tensor(6.69, shape=(), dtype=float32)",6.899833,0.0021409057080745697
/tmp/DataSetCombined/Edges/Round-7_0068841_edge.png,"tf.Tensor(42.04, shape=(), dtype=float32)",42.076443,0.0021409057080745697
/tmp/DataSetCombined/Edges/Round-8_0046962_edge.png,"tf.Tensor(3.24, shape=(), dtype=float32)",2.4676523,0.0021409057080745697
/tmp/DataSetCombined/Edges/Round-9_0147221_edge.png,"tf.Tensor(7.3, shape=(), dtype=float32)",7.238506,0.0021409057080745697
/tmp/DataSetCombined/Edges/Round-8_0061259_edge.png,"tf.Tensor(47.58, shape=(), dtype=float32)",46.88451,0.0021409057080745697
/tmp/DataSetCombined/Edges/Round-9_0151646_edge.png,"tf.Tensor(64.53, shape=(), dtype=float32)",62.255722,0.0021409057080745697
/tmp/DataSetCombined/Edges/Round-9_0097015_edge.png,"tf.Tensor(3.37, shape=(), dtype=float32)",2.6444368,0.0021409057080745697
/tmp/DataSetCombined/Edges/Round-8_0067640_edge.png,"tf.Tensor(44.38, shape=(), dtype=float32)",45.238087,0.0021409057080745697
/tmp/DataSetCombined/Edges/Round-5_0070873_edge.png,"tf.Tensor(65.13, shape=(), dtype=float32)",62.86285,0.0021409057080745697
/tmp/DataSetCombined/Edges/Round-6_0135180_edge.png,"tf.Tensor(29.22, shape=(), dtype=float32)",29.96254,0.0021409057080745697
/tmp/DataSetCombined/Edges/Round-5_0074443_edge.png,"tf.Tensor(7.26, shape=(), dtype=float32)",7.270982,0.0021409057080745697
/tmp/DataSetCombined/Edges/Round-1_0042083_edge.png,"tf.Tensor(64.26, shape=(), dtype=float32)",63.546993,0.002097509801387787
/tmp/DataSetCombined/Edges/Round-7_0126332_edge.png,"tf.Tensor(3.45, shape=(), dtype=float32)",2.6416717,0.002097509801387787
/tmp/DataSetCombined/Edges/Round-4_0086871_edge.png,"tf.Tensor(64.53, shape=(), dtype=float32)",63.83261,0.002097509801387787
/tmp/DataSetCombined/Edges/Round-1_0055167_edge.png,"tf.Tensor(65.24, shape=(), dtype=float32)",62.680317,0.002097509801387787
/tmp/DataSetCombined/Edges/Round-7_0135241_edge.png,"tf.Tensor(59.24, shape=(), dtype=float32)",58.724926,0.002097509801387787
/tmp/DataSetCombined/Edges/Round-9_0173408_edge.png,"tf.Tensor(5.51, shape=(), dtype=float32)",5.0811205,0.002097509801387787
/tmp/DataSetCombined/Edges/Round-6_0040908_edge.png,"tf.Tensor(2.94, shape=(), dtype=float32)",2.3233826,0.002097509801387787
/tmp/DataSetCombined/Edges/Round-8_0039605_edge.png,"tf.Tensor(3.57, shape=(), dtype=float32)",2.6477032,0.002097509801387787
/tmp/DataSetCombined/Edges/Round-10_0061737_edge.png,"tf.Tensor(6.61, shape=(), dtype=float32)",6.622769,0.002097509801387787
/tmp/DataSetCombined/Edges/Round-10_0073897_edge.png,"tf.Tensor(21.81, shape=(), dtype=float32)",22.219337,0.002097509801387787
/tmp/DataSetCombined/Edges/Round-7_0019418_edge.png,"tf.Tensor(6.75, shape=(), dtype=float32)",6.9405127,0.002097509801387787
/tmp/DataSetCombined/Edges/Round-5_0031551_edge.png,"tf.Tensor(50.54, shape=(), dtype=float32)",49.29835,0.002097509801387787
/tmp/DataSetCombined/Edges/Round-10_0112334_edge.png,"tf.Tensor(15.88, shape=(), dtype=float32)",16.165747,0.002097509801387787
/tmp/DataSetCombined/Edges/Round-2_0069600_edge.png,"tf.Tensor(44.38, shape=(), dtype=float32)",44.247753,0.002097509801387787
/tmp/DataSetCombined/Edges/Round-9_0136987_edge.png,"tf.Tensor(63.26, shape=(), dtype=float32)",63.03201,0.002097509801387787
/tmp/DataSetCombined/Edges/Round-9_0165522_edge.png,"tf.Tensor(36.54, shape=(), dtype=float32)",37.27908,0.002097509801387787
/tmp/DataSetCombined/Edges/Round-10_0193242_edge.png,"tf.Tensor(8.47, shape=(), dtype=float32)",8.7434435,0.002097509801387787
/tmp/DataSetCombined/Edges/Round-3_0004234_edge.png,"tf.Tensor(63.79, shape=(), dtype=float32)",62.3887,0.002097509801387787
/tmp/DataSetCombined/Edges/Round-8_0042736_edge.png,"tf.Tensor(61.78, shape=(), dtype=float32)",60.569965,0.002097509801387787
/tmp/DataSetCombined/Edges/Round-7_0071521_edge.png,"tf.Tensor(7.54, shape=(), dtype=float32)",7.751605,0.002097509801387787
/tmp/DataSetCombined/Edges/Round-9_0051865_edge.png,"tf.Tensor(53.92, shape=(), dtype=float32)",54.700787,0.002097509801387787
/tmp/DataSetCombined/Edges/Round-10_0154414_edge.png,"tf.Tensor(57.93, shape=(), dtype=float32)",54.540123,0.002097509801387787
/tmp/DataSetCombined/Edges/Round-1_0019067_edge.png,"tf.Tensor(54.92, shape=(), dtype=float32)",51.021053,0.002097509801387787
/tmp/DataSetCombined/Edges/Round-2_0033000_edge.png,"tf.Tensor(62.5, shape=(), dtype=float32)",61.750797,0.002097509801387787
/tmp/DataSetCombined/Edges/Round-6_0013997_edge.png,"tf.Tensor(4.38, shape=(), dtype=float32)",3.6852882,0.002097509801387787
/tmp/DataSetCombined/Edges/Round-10_0135090_edge.png,"tf.Tensor(3.01, shape=(), dtype=float32)",2.3708177,0.002097509801387787
/tmp/DataSetCombined/Edges/Round-5_0008344_edge.png,"tf.Tensor(23.03, shape=(), dtype=float32)",23.906378,0.002097509801387787
/tmp/DataSetCombined/Edges/Round-6_0014721_edge.png,"tf.Tensor(6.88, shape=(), dtype=float32)",7.1483026,0.002097509801387787
/tmp/DataSetCombined/Edges/Round-1_0168382_edge.png,"tf.Tensor(2.92, shape=(), dtype=float32)",2.333046,0.002097509801387787
/tmp/DataSetCombined/Edges/Round-10_0181774_edge.png,"tf.Tensor(48.44, shape=(), dtype=float32)",49.637596,0.002097509801387787
/tmp/DataSetCombined/Edges/Round-2_0057003_edge.png,"tf.Tensor(63.86, shape=(), dtype=float32)",62.505283,0.002097509801387787
/tmp/DataSetCombined/Edges/Round-3_0009333_edge.png,"tf.Tensor(4.65, shape=(), dtype=float32)",3.9700696,0.002097509801387787
/tmp/DataSetCombined/Edges/Round-5_0080072_edge.png,"tf.Tensor(64.33, shape=(), dtype=float32)",62.276417,0.002097509801387787
/tmp/DataSetCombined/Edges/Round-6_0083168_edge.png,"tf.Tensor(3.05, shape=(), dtype=float32)",2.3761933,0.002097509801387787
/tmp/DataSetCombined/Edges/Round-5_0095874_edge.png,"tf.Tensor(48.03, shape=(), dtype=float32)",49.660633,0.002097509801387787
/tmp/DataSetCombined/Edges/Round-3_0020199_edge.png,"tf.Tensor(2.81, shape=(), dtype=float32)",2.2556586,0.002097509801387787
/tmp/DataSetCombined/Edges/Round-10_0063695_edge.png,"tf.Tensor(64.28, shape=(), dtype=float32)",63.23892,0.002097509801387787
/tmp/DataSetCombined/Edges/Round-9_0116430_edge.png,"tf.Tensor(49.93, shape=(), dtype=float32)",49.01247,0.002097509801387787
/tmp/DataSetCombined/Edges/Round-1_0118310_edge.png,"tf.Tensor(61.4, shape=(), dtype=float32)",60.974037,0.002097509801387787
/tmp/DataSetCombined/Edges/Round-10_0075191_edge.png,"tf.Tensor(64.24, shape=(), dtype=float32)",62.7541,0.002097509801387787
/tmp/DataSetCombined/Edges/Round-6_0116909_edge.png,"tf.Tensor(39.7, shape=(), dtype=float32)",39.88058,0.002097509801387787
/tmp/DataSetCombined/Edges/Round-1_0068734_edge.png,"tf.Tensor(63.9, shape=(), dtype=float32)",62.515682,0.002097509801387787
/tmp/DataSetCombined/Edges/Round-10_0193965_edge.png,"tf.Tensor(63.28, shape=(), dtype=float32)",61.390476,0.002097509801387787
/tmp/DataSetCombined/Edges/Round-6_0115976_edge.png,"tf.Tensor(9.09, shape=(), dtype=float32)",9.793876,0.002097509801387787
/tmp/DataSetCombined/Edges/Round-9_0002743_edge.png,"tf.Tensor(7.34, shape=(), dtype=float32)",7.322017,0.002097509801387787
/tmp/DataSetCombined/Edges/Round-9_0117194_edge.png,"tf.Tensor(3.28, shape=(), dtype=float32)",2.4773293,0.002097509801387787
/tmp/DataSetCombined/Edges/Round-9_0029351_edge.png,"tf.Tensor(26.79, shape=(), dtype=float32)",27.64683,0.002097509801387787
/tmp/DataSetCombined/Edges/Round-8_0013762_edge.png,"tf.Tensor(63.94, shape=(), dtype=float32)",63.20605,0.002097509801387787
/tmp/DataSetCombined/Edges/Round-5_0087446_edge.png,"tf.Tensor(64.49, shape=(), dtype=float32)",63.13469,0.002097509801387787
/tmp/DataSetCombined/Edges/Round-4_0034498_edge.png,"tf.Tensor(61.22, shape=(), dtype=float32)",62.35756,0.002097509801387787
/tmp/DataSetCombined/Edges/Round-1_0107761_edge.png,"tf.Tensor(65.3, shape=(), dtype=float32)",62.67143,0.002097509801387787
/tmp/DataSetCombined/Edges/Round-9_0197698_edge.png,"tf.Tensor(6.65, shape=(), dtype=float32)",6.5117464,0.002097509801387787
/tmp/DataSetCombined/Edges/Round-7_0031211_edge.png,"tf.Tensor(64.16, shape=(), dtype=float32)",61.355183,0.002097509801387787
/tmp/DataSetCombined/Edges/Round-10_0060443_edge.png,"tf.Tensor(3.69, shape=(), dtype=float32)",2.8548803,0.002097509801387787
/tmp/DataSetCombined/Edges/Round-2_0041600_edge.png,"tf.Tensor(65.42, shape=(), dtype=float32)",62.130314,0.002097509801387787
/tmp/DataSetCombined/Edges/Round-2_0110541_edge.png,"tf.Tensor(7.62, shape=(), dtype=float32)",8.016889,0.002097509801387787
/tmp/DataSetCombined/Edges/Round-5_0114085_edge.png,"tf.Tensor(7.43, shape=(), dtype=float32)",7.8343287,0.002097509801387787
/tmp/DataSetCombined/Edges/Round-5_0041604_edge.png,"tf.Tensor(5.24, shape=(), dtype=float32)",4.8404245,0.002097509801387787
/tmp/DataSetCombined/Edges/Round-7_0038260_edge.png,"tf.Tensor(6.16, shape=(), dtype=float32)",5.8005843,0.002097509801387787
/tmp/DataSetCombined/Edges/Round-10_0199443_edge.png,"tf.Tensor(6.72, shape=(), dtype=float32)",6.653119,0.002097509801387787
/tmp/DataSetCombined/Edges/Round-7_0024302_edge.png,"tf.Tensor(65.26, shape=(), dtype=float32)",62.871243,0.002097509801387787
/tmp/DataSetCombined/Edges/Round-6_0018905_edge.png,"tf.Tensor(2.24, shape=(), dtype=float32)",2.1513803,0.002097509801387787
/tmp/DataSetCombined/Edges/Round-4_0021524_edge.png,"tf.Tensor(2.49, shape=(), dtype=float32)",2.1743705,0.002097509801387787
/tmp/DataSetCombined/Edges/Round-8_0037438_edge.png,"tf.Tensor(64.6, shape=(), dtype=float32)",62.999794,0.002097509801387787
/tmp/DataSetCombined/Edges/Round-10_0168290_edge.png,"tf.Tensor(5.02, shape=(), dtype=float32)",4.231396,0.0021970048546791077
/tmp/DataSetCombined/Edges/Round-5_0016682_edge.png,"tf.Tensor(13.04, shape=(), dtype=float32)",13.135298,0.0021970048546791077
/tmp/DataSetCombined/Edges/Round-9_0156462_edge.png,"tf.Tensor(3.36, shape=(), dtype=float32)",2.6091955,0.0021970048546791077
/tmp/DataSetCombined/Edges/Round-10_0031637_edge.png,"tf.Tensor(3.28, shape=(), dtype=float32)",2.5012467,0.0021970048546791077
/tmp/DataSetCombined/Edges/Round-6_0072512_edge.png,"tf.Tensor(3.25, shape=(), dtype=float32)",2.4633217,0.0021970048546791077
/tmp/DataSetCombined/Edges/Round-9_0161067_edge.png,"tf.Tensor(4.11, shape=(), dtype=float32)",3.187505,0.0021970048546791077
/tmp/DataSetCombined/Edges/Round-9_0083125_edge.png,"tf.Tensor(6.53, shape=(), dtype=float32)",6.338127,0.0021970048546791077
/tmp/DataSetCombined/Edges/Round-7_0077119_edge.png,"tf.Tensor(65.1, shape=(), dtype=float32)",63.195896,0.0021970048546791077
/tmp/DataSetCombined/Edges/Round-5_0016592_edge.png,"tf.Tensor(5.5, shape=(), dtype=float32)",5.252908,0.0021970048546791077
/tmp/DataSetCombined/Edges/Round-5_0104994_edge.png,"tf.Tensor(3.34, shape=(), dtype=float32)",2.5497527,0.0021970048546791077
/tmp/DataSetCombined/Edges/Round-9_0134428_edge.png,"tf.Tensor(5.39, shape=(), dtype=float32)",5.068679,0.0021970048546791077
/tmp/DataSetCombined/Edges/Round-5_0011565_edge.png,"tf.Tensor(12.07, shape=(), dtype=float32)",12.544504,0.0021970048546791077
/tmp/DataSetCombined/Edges/Round-8_0009337_edge.png,"tf.Tensor(5.91, shape=(), dtype=float32)",5.614816,0.0021970048546791077
/tmp/DataSetCombined/Edges/Round-1_0041267_edge.png,"tf.Tensor(7.52, shape=(), dtype=float32)",7.8940725,0.0021970048546791077
/tmp/DataSetCombined/Edges/Round-1_0006801_edge.png,"tf.Tensor(40.78, shape=(), dtype=float32)",41.95283,0.0021970048546791077
/tmp/DataSetCombined/Edges/Round-6_0097254_edge.png,"tf.Tensor(64.75, shape=(), dtype=float32)",62.6813,0.0021970048546791077
/tmp/DataSetCombined/Edges/Round-9_0078982_edge.png,"tf.Tensor(5.28, shape=(), dtype=float32)",4.7733803,0.0021970048546791077
/tmp/DataSetCombined/Edges/Round-8_0075153_edge.png,"tf.Tensor(55.16, shape=(), dtype=float32)",54.0747,0.0021970048546791077
/tmp/DataSetCombined/Edges/Round-4_0053881_edge.png,"tf.Tensor(4.96, shape=(), dtype=float32)",4.2787595,0.0021970048546791077
/tmp/DataSetCombined/Edges/Round-9_0058880_edge.png,"tf.Tensor(3.88, shape=(), dtype=float32)",2.9238102,0.0021970048546791077
/tmp/DataSetCombined/Edges/Round-4_0090580_edge.png,"tf.Tensor(30.02, shape=(), dtype=float32)",31.804504,0.0021970048546791077
/tmp/DataSetCombined/Edges/Round-1_0040434_edge.png,"tf.Tensor(3.82, shape=(), dtype=float32)",2.8801749,0.0021970048546791077
/tmp/DataSetCombined/Edges/Round-8_0044945_edge.png,"tf.Tensor(2.95, shape=(), dtype=float32)",2.337709,0.0021970048546791077
/tmp/DataSetCombined/Edges/Round-5_0004970_edge.png,"tf.Tensor(65.39, shape=(), dtype=float32)",64.0091,0.0021970048546791077
/tmp/DataSetCombined/Edges/Round-1_0171331_edge.png,"tf.Tensor(7.33, shape=(), dtype=float32)",7.2863674,0.0021970048546791077
/tmp/DataSetCombined/Edges/Round-9_0053310_edge.png,"tf.Tensor(64.91, shape=(), dtype=float32)",63.17362,0.0021970048546791077
/tmp/DataSetCombined/Edges/Round-7_0058186_edge.png,"tf.Tensor(38.13, shape=(), dtype=float32)",39.092052,0.0021970048546791077
/tmp/DataSetCombined/Edges/Round-1_0022800_edge.png,"tf.Tensor(8.03, shape=(), dtype=float32)",8.545749,0.0021970048546791077
/tmp/DataSetCombined/Edges/Round-7_0033505_edge.png,"tf.Tensor(63.69, shape=(), dtype=float32)",63.406223,0.0021970048546791077
/tmp/DataSetCombined/Edges/Round-8_0072035_edge.png,"tf.Tensor(64.08, shape=(), dtype=float32)",63.62334,0.0021970048546791077
/tmp/DataSetCombined/Edges/Round-1_0118391_edge.png,"tf.Tensor(4.88, shape=(), dtype=float32)",4.203845,0.0021970048546791077
/tmp/DataSetCombined/Edges/Round-6_0014781_edge.png,"tf.Tensor(46.9, shape=(), dtype=float32)",46.55211,0.0021970048546791077
/tmp/DataSetCombined/Edges/Round-6_0089428_edge.png,"tf.Tensor(4.07, shape=(), dtype=float32)",3.1849906,0.0021970048546791077
/tmp/DataSetCombined/Edges/Round-8_0005443_edge.png,"tf.Tensor(62.88, shape=(), dtype=float32)",62.064404,0.0021970048546791077
/tmp/DataSetCombined/Edges/Round-9_0012796_edge.png,"tf.Tensor(65.1, shape=(), dtype=float32)",62.427692,0.0021970048546791077
/tmp/DataSetCombined/Edges/Round-7_0067487_edge.png,"tf.Tensor(65.13, shape=(), dtype=float32)",62.33845,0.0021970048546791077
/tmp/DataSetCombined/Edges/Round-10_0126092_edge.png,"tf.Tensor(49.6, shape=(), dtype=float32)",47.181927,0.0021970048546791077
/tmp/DataSetCombined/Edges/Round-8_0048364_edge.png,"tf.Tensor(64.76, shape=(), dtype=float32)",62.805294,0.0021970048546791077
/tmp/DataSetCombined/Edges/Round-9_0054093_edge.png,"tf.Tensor(5.19, shape=(), dtype=float32)",4.888345,0.0021970048546791077
/tmp/DataSetCombined/Edges/Round-2_0078846_edge.png,"tf.Tensor(62.28, shape=(), dtype=float32)",62.203102,0.0021970048546791077
/tmp/DataSetCombined/Edges/Round-5_0029023_edge.png,"tf.Tensor(4.2, shape=(), dtype=float32)",3.3773377,0.0021970048546791077
/tmp/DataSetCombined/Edges/Round-1_0113195_edge.png,"tf.Tensor(2.01, shape=(), dtype=float32)",2.0660539,0.0021970048546791077
/tmp/DataSetCombined/Edges/Round-2_0074300_edge.png,"tf.Tensor(65.05, shape=(), dtype=float32)",63.941708,0.0021970048546791077
/tmp/DataSetCombined/Edges/Round-6_0038568_edge.png,"tf.Tensor(63.79, shape=(), dtype=float32)",62.74605,0.0021970048546791077
/tmp/DataSetCombined/Edges/Round-3_0057192_edge.png,"tf.Tensor(35.18, shape=(), dtype=float32)",36.706066,0.0021970048546791077
/tmp/DataSetCombined/Edges/Round-2_0111896_edge.png,"tf.Tensor(6.7, shape=(), dtype=float32)",6.9866276,0.0021970048546791077
/tmp/DataSetCombined/Edges/Round-4_0017521_edge.png,"tf.Tensor(8.43, shape=(), dtype=float32)",9.034053,0.0021970048546791077
/tmp/DataSetCombined/Edges/Round-9_0124646_edge.png,"tf.Tensor(63.2, shape=(), dtype=float32)",60.539474,0.0021970048546791077
/tmp/DataSetCombined/Edges/Round-9_0104299_edge.png,"tf.Tensor(65.34, shape=(), dtype=float32)",64.02757,0.0021970048546791077
/tmp/DataSetCombined/Edges/Round-3_0022396_edge.png,"tf.Tensor(64.89, shape=(), dtype=float32)",62.89806,0.0021970048546791077
/tmp/DataSetCombined/Edges/Round-5_0093586_edge.png,"tf.Tensor(3.11, shape=(), dtype=float32)",2.4170678,0.0021970048546791077
/tmp/DataSetCombined/Edges/Round-9_0040457_edge.png,"tf.Tensor(64.55, shape=(), dtype=float32)",62.848602,0.0021970048546791077
/tmp/DataSetCombined/Edges/Round-4_0021434_edge.png,"tf.Tensor(5.17, shape=(), dtype=float32)",4.799784,0.0021970048546791077
/tmp/DataSetCombined/Edges/Round-10_0184544_edge.png,"tf.Tensor(64.02, shape=(), dtype=float32)",63.180763,0.0021970048546791077
/tmp/DataSetCombined/Edges/Round-10_0168713_edge.png,"tf.Tensor(6.24, shape=(), dtype=float32)",6.430546,0.0021970048546791077
/tmp/DataSetCombined/Edges/Round-5_0073389_edge.png,"tf.Tensor(53.28, shape=(), dtype=float32)",52.408703,0.0021970048546791077
/tmp/DataSetCombined/Edges/Round-1_0015967_edge.png,"tf.Tensor(9.95, shape=(), dtype=float32)",10.418382,0.0021970048546791077
/tmp/DataSetCombined/Edges/Round-10_0009574_edge.png,"tf.Tensor(36.53, shape=(), dtype=float32)",37.869312,0.0021970048546791077
/tmp/DataSetCombined/Edges/Round-1_0122088_edge.png,"tf.Tensor(44.01, shape=(), dtype=float32)",43.74842,0.0021970048546791077
/tmp/DataSetCombined/Edges/Round-2_0054767_edge.png,"tf.Tensor(6.06, shape=(), dtype=float32)",5.7578573,0.0021970048546791077
/tmp/DataSetCombined/Edges/Round-5_0015237_edge.png,"tf.Tensor(62.1, shape=(), dtype=float32)",63.004032,0.0021970048546791077
/tmp/DataSetCombined/Edges/Round-10_0163745_edge.png,"tf.Tensor(9.25, shape=(), dtype=float32)",9.778733,0.0021970048546791077
/tmp/DataSetCombined/Edges/Round-9_0127445_edge.png,"tf.Tensor(25.81, shape=(), dtype=float32)",26.769522,0.0021970048546791077
/tmp/DataSetCombined/Edges/Round-1_0126754_edge.png,"tf.Tensor(64.02, shape=(), dtype=float32)",63.398235,0.0021970048546791077
/tmp/DataSetCombined/Edges/Round-1_0071767_edge.png,"tf.Tensor(64.58, shape=(), dtype=float32)",62.881763,0.0021706484258174896
/tmp/DataSetCombined/Edges/Round-8_0076056_edge.png,"tf.Tensor(44.41, shape=(), dtype=float32)",43.55524,0.0021706484258174896
/tmp/DataSetCombined/Edges/Round-1_0061834_edge.png,"tf.Tensor(2.35, shape=(), dtype=float32)",2.1674263,0.0021706484258174896
/tmp/DataSetCombined/Edges/Round-4_0021494_edge.png,"tf.Tensor(43.72, shape=(), dtype=float32)",45.975094,0.0021706484258174896
/tmp/DataSetCombined/Edges/Round-6_0116548_edge.png,"tf.Tensor(64.71, shape=(), dtype=float32)",62.802364,0.0021706484258174896
/tmp/DataSetCombined/Edges/Round-3_0082716_edge.png,"tf.Tensor(4.93, shape=(), dtype=float32)",4.2965755,0.0021706484258174896
/tmp/DataSetCombined/Edges/Round-10_0127174_edge.png,"tf.Tensor(7.5, shape=(), dtype=float32)",7.941515,0.0021706484258174896
/tmp/DataSetCombined/Edges/Round-1_0060701_edge.png,"tf.Tensor(2.99, shape=(), dtype=float32)",2.351764,0.0021706484258174896
/tmp/DataSetCombined/Edges/Round-2_0093956_edge.png,"tf.Tensor(64.09, shape=(), dtype=float32)",61.330822,0.0021706484258174896
/tmp/DataSetCombined/Edges/Round-4_0081724_edge.png,"tf.Tensor(27.54, shape=(), dtype=float32)",28.456749,0.0021706484258174896
/tmp/DataSetCombined/Edges/Round-6_0028506_edge.png,"tf.Tensor(54.7, shape=(), dtype=float32)",55.84916,0.0021706484258174896
/tmp/DataSetCombined/Edges/Round-4_0027454_edge.png,"tf.Tensor(42.76, shape=(), dtype=float32)",41.73362,0.0021706484258174896
/tmp/DataSetCombined/Edges/Round-3_0071187_edge.png,"tf.Tensor(3.45, shape=(), dtype=float32)",2.5952747,0.0021706484258174896
/tmp/DataSetCombined/Edges/Round-5_0019993_edge.png,"tf.Tensor(12.19, shape=(), dtype=float32)",12.493166,0.0021706484258174896
/tmp/DataSetCombined/Edges/Round-9_0026401_edge.png,"tf.Tensor(53.83, shape=(), dtype=float32)",53.127525,0.0021706484258174896
/tmp/DataSetCombined/Edges/Round-5_0013130_edge.png,"tf.Tensor(2.66, shape=(), dtype=float32)",2.2640724,0.0021706484258174896
/tmp/DataSetCombined/Edges/Round-2_0101421_edge.png,"tf.Tensor(7.48, shape=(), dtype=float32)",7.8091435,0.0021706484258174896
/tmp/DataSetCombined/Edges/Round-5_0066557_edge.png,"tf.Tensor(6.7, shape=(), dtype=float32)",6.9174566,0.0021706484258174896
/tmp/DataSetCombined/Edges/Round-3_0033683_edge.png,"tf.Tensor(64.09, shape=(), dtype=float32)",63.352528,0.0021706484258174896
/tmp/DataSetCombined/Edges/Round-9_0183461_edge.png,"tf.Tensor(63.3, shape=(), dtype=float32)",62.70808,0.0021706484258174896
/tmp/DataSetCombined/Edges/Round-3_0062519_edge.png,"tf.Tensor(4.94, shape=(), dtype=float32)",4.311751,0.0021706484258174896
/tmp/DataSetCombined/Edges/Round-8_0024839_edge.png,"tf.Tensor(9.86, shape=(), dtype=float32)",10.42662,0.0021706484258174896
/tmp/DataSetCombined/Edges/Round-9_0047390_edge.png,"tf.Tensor(57.04, shape=(), dtype=float32)",56.380264,0.0021706484258174896
/tmp/DataSetCombined/Edges/Round-8_0021106_edge.png,"tf.Tensor(21.18, shape=(), dtype=float32)",21.586449,0.0021706484258174896
/tmp/DataSetCombined/Edges/Round-7_0120884_edge.png,"tf.Tensor(51.96, shape=(), dtype=float32)",48.357502,0.0021706484258174896
/tmp/DataSetCombined/Edges/Round-7_0076697_edge.png,"tf.Tensor(59.58, shape=(), dtype=float32)",59.81038,0.0021706484258174896
/tmp/DataSetCombined/Edges/Round-6_0009754_edge.png,"tf.Tensor(3.52, shape=(), dtype=float32)",2.7597015,0.0021706484258174896
/tmp/DataSetCombined/Edges/Round-3_0044369_edge.png,"tf.Tensor(9.49, shape=(), dtype=float32)",10.057284,0.0021706484258174896
/tmp/DataSetCombined/Edges/Round-6_0003645_edge.png,"tf.Tensor(4.04, shape=(), dtype=float32)",3.2478557,0.0021706484258174896
/tmp/DataSetCombined/Edges/Round-1_0033034_edge.png,"tf.Tensor(6.71, shape=(), dtype=float32)",6.806124,0.0021706484258174896
/tmp/DataSetCombined/Edges/Round-10_0011440_edge.png,"tf.Tensor(30.46, shape=(), dtype=float32)",32.148514,0.0021706484258174896
/tmp/DataSetCombined/Edges/Round-6_0091716_edge.png,"tf.Tensor(7.44, shape=(), dtype=float32)",7.8699064,0.0021706484258174896
/tmp/DataSetCombined/Edges/Round-5_0079138_edge.png,"tf.Tensor(65.26, shape=(), dtype=float32)",62.449398,0.0021706484258174896
/tmp/DataSetCombined/Edges/Round-1_0140961_edge.png,"tf.Tensor(3.06, shape=(), dtype=float32)",2.3677492,0.0021706484258174896
/tmp/DataSetCombined/Edges/Round-3_0075522_edge.png,"tf.Tensor(32.52, shape=(), dtype=float32)",33.029415,0.0021706484258174896
/tmp/DataSetCombined/Edges/Round-1_0062101_edge.png,"tf.Tensor(4.02, shape=(), dtype=float32)",3.088077,0.0021706484258174896
/tmp/DataSetCombined/Edges/Round-1_0141864_edge.png,"tf.Tensor(27.97, shape=(), dtype=float32)",28.11215,0.0021706484258174896
/tmp/DataSetCombined/Edges/Round-2_0072254_edge.png,"tf.Tensor(63.96, shape=(), dtype=float32)",62.88713,0.0021706484258174896
/tmp/DataSetCombined/Edges/Round-10_0151584_edge.png,"tf.Tensor(42.82, shape=(), dtype=float32)",42.851227,0.0021706484258174896
/tmp/DataSetCombined/Edges/Round-10_0143307_edge.png,"tf.Tensor(4.07, shape=(), dtype=float32)",3.1971118,0.0021706484258174896
/tmp/DataSetCombined/Edges/Round-9_0081423_edge.png,"tf.Tensor(64.3, shape=(), dtype=float32)",63.382313,0.0021706484258174896
/tmp/DataSetCombined/Edges/Round-4_0017912_edge.png,"tf.Tensor(55.39, shape=(), dtype=float32)",54.119164,0.0021706484258174896
/tmp/DataSetCombined/Edges/Round-5_0051447_edge.png,"tf.Tensor(64.86, shape=(), dtype=float32)",63.269176,0.0021706484258174896
/tmp/DataSetCombined/Edges/Round-2_0050267_edge.png,"tf.Tensor(3.06, shape=(), dtype=float32)",2.442728,0.0021706484258174896
/tmp/DataSetCombined/Edges/Round-10_0125187_edge.png,"tf.Tensor(49.3, shape=(), dtype=float32)",48.194275,0.0021706484258174896
/tmp/DataSetCombined/Edges/Round-8_0002264_edge.png,"tf.Tensor(63.95, shape=(), dtype=float32)",62.58723,0.0021706484258174896
/tmp/DataSetCombined/Edges/Round-2_0070087_edge.png,"tf.Tensor(3.05, shape=(), dtype=float32)",2.3781712,0.0021706484258174896
/tmp/DataSetCombined/Edges/Round-5_0045819_edge.png,"tf.Tensor(45.42, shape=(), dtype=float32)",44.441044,0.0021706484258174896
/tmp/DataSetCombined/Edges/Round-3_0068839_edge.png,"tf.Tensor(9.06, shape=(), dtype=float32)",9.6855955,0.0021706484258174896
/tmp/DataSetCombined/Edges/Round-5_0056625_edge.png,"tf.Tensor(61.51, shape=(), dtype=float32)",60.664272,0.0021706484258174896
/tmp/DataSetCombined/Edges/Round-4_0083228_edge.png,"tf.Tensor(4.35, shape=(), dtype=float32)",3.6178133,0.0021706484258174896
/tmp/DataSetCombined/Edges/Round-9_0145114_edge.png,"tf.Tensor(3.7, shape=(), dtype=float32)",2.8256462,0.0021706484258174896
/tmp/DataSetCombined/Edges/Round-8_0013359_edge.png,"tf.Tensor(52.17, shape=(), dtype=float32)",50.826557,0.0021706484258174896
/tmp/DataSetCombined/Edges/Round-3_0004940_edge.png,"tf.Tensor(53.19, shape=(), dtype=float32)",51.376286,0.0021706484258174896
/tmp/DataSetCombined/Edges/Round-3_0052801_edge.png,"tf.Tensor(63.47, shape=(), dtype=float32)",62.605614,0.0021706484258174896
/tmp/DataSetCombined/Edges/Round-5_0022040_edge.png,"tf.Tensor(64.75, shape=(), dtype=float32)",63.433018,0.0021706484258174896
/tmp/DataSetCombined/Edges/Round-4_0089911_edge.png,"tf.Tensor(20.47, shape=(), dtype=float32)",21.49779,0.0021706484258174896
/tmp/DataSetCombined/Edges/Round-9_0031970_edge.png,"tf.Tensor(5.18, shape=(), dtype=float32)",4.6096025,0.0021706484258174896
/tmp/DataSetCombined/Edges/Round-7_0048614_edge.png,"tf.Tensor(65.12, shape=(), dtype=float32)",63.01209,0.0021706484258174896
/tmp/DataSetCombined/Edges/Round-1_0004970_edge.png,"tf.Tensor(64.32, shape=(), dtype=float32)",62.62569,0.0021706484258174896
/tmp/DataSetCombined/Edges/Round-1_0009134_edge.png,"tf.Tensor(6.24, shape=(), dtype=float32)",6.4124765,0.0021706484258174896
/tmp/DataSetCombined/Edges/Round-7_0022097_edge.png,"tf.Tensor(4.45, shape=(), dtype=float32)",3.7381535,0.0021706484258174896
/tmp/DataSetCombined/Edges/Round-6_0041630_edge.png,"tf.Tensor(63.67, shape=(), dtype=float32)",62.23465,0.0021706484258174896
/tmp/DataSetCombined/Edges/Round-4_0026551_edge.png,"tf.Tensor(3.21, shape=(), dtype=float32)",2.4487202,0.0021706484258174896
/tmp/DataSetCombined/Edges/Round-5_0089372_edge.png,"tf.Tensor(4.21, shape=(), dtype=float32)",3.2226317,0.002556063234806061
/tmp/DataSetCombined/Edges/Round-9_0097105_edge.png,"tf.Tensor(35.63, shape=(), dtype=float32)",36.7163,0.002556063234806061
/tmp/DataSetCombined/Edges/Round-6_0083739_edge.png,"tf.Tensor(65.38, shape=(), dtype=float32)",63.91888,0.002556063234806061
/tmp/DataSetCombined/Edges/Round-8_0033074_edge.png,"tf.Tensor(7.0, shape=(), dtype=float32)",7.014508,0.002556063234806061
/tmp/DataSetCombined/Edges/Round-5_0017796_edge.png,"tf.Tensor(7.98, shape=(), dtype=float32)",8.418504,0.002556063234806061
/tmp/DataSetCombined/Edges/Round-10_0028868_edge.png,"tf.Tensor(7.82, shape=(), dtype=float32)",7.912984,0.002556063234806061
/tmp/DataSetCombined/Edges/Round-8_0086200_edge.png,"tf.Tensor(1.97, shape=(), dtype=float32)",2.090052,0.002556063234806061
/tmp/DataSetCombined/Edges/Round-3_0027844_edge.png,"tf.Tensor(64.18, shape=(), dtype=float32)",62.75739,0.002556063234806061
/tmp/DataSetCombined/Edges/Round-8_0070018_edge.png,"tf.Tensor(9.5, shape=(), dtype=float32)",10.104751,0.002556063234806061
/tmp/DataSetCombined/Edges/Round-1_0071600_edge.png,"tf.Tensor(59.36, shape=(), dtype=float32)",59.365395,0.002556063234806061
/tmp/DataSetCombined/Edges/Round-8_0073148_edge.png,"tf.Tensor(64.19, shape=(), dtype=float32)",63.923344,0.002556063234806061
/tmp/DataSetCombined/Edges/Round-5_0096807_edge.png,"tf.Tensor(61.97, shape=(), dtype=float32)",62.644093,0.002556063234806061
/tmp/DataSetCombined/Edges/Round-7_0087294_edge.png,"tf.Tensor(58.34, shape=(), dtype=float32)",59.43848,0.002556063234806061
/tmp/DataSetCombined/Edges/Round-8_0063655_edge.png,"tf.Tensor(63.53, shape=(), dtype=float32)",60.394573,0.002556063234806061
/tmp/DataSetCombined/Edges/Round-1_0056501_edge.png,"tf.Tensor(21.15, shape=(), dtype=float32)",21.846916,0.002556063234806061
/tmp/DataSetCombined/Edges/Round-7_0063122_edge.png,"tf.Tensor(8.21, shape=(), dtype=float32)",8.632832,0.002556063234806061
/tmp/DataSetCombined/Edges/Round-3_0065198_edge.png,"tf.Tensor(43.14, shape=(), dtype=float32)",42.598866,0.002556063234806061
/tmp/DataSetCombined/Edges/Round-9_0184454_edge.png,"tf.Tensor(12.14, shape=(), dtype=float32)",12.611943,0.002556063234806061
/tmp/DataSetCombined/Edges/Round-8_0043861_edge.png,"tf.Tensor(65.44, shape=(), dtype=float32)",64.04907,0.002556063234806061
/tmp/DataSetCombined/Edges/Round-7_0130215_edge.png,"tf.Tensor(41.96, shape=(), dtype=float32)",40.126915,0.002556063234806061
/tmp/DataSetCombined/Edges/Round-8_0048497_edge.png,"tf.Tensor(29.5, shape=(), dtype=float32)",30.302284,0.002556063234806061
/tmp/DataSetCombined/Edges/Round-4_0061015_edge.png,"tf.Tensor(64.4, shape=(), dtype=float32)",62.65167,0.002556063234806061
/tmp/DataSetCombined/Edges/Round-8_0054234_edge.png,"tf.Tensor(8.94, shape=(), dtype=float32)",9.456153,0.002556063234806061
/tmp/DataSetCombined/Edges/Round-7_0119680_edge.png,"tf.Tensor(65.32, shape=(), dtype=float32)",63.89658,0.002556063234806061
/tmp/DataSetCombined/Edges/Round-8_0006285_edge.png,"tf.Tensor(15.03, shape=(), dtype=float32)",15.673916,0.002556063234806061
/tmp/DataSetCombined/Edges/Round-10_0114652_edge.png,"tf.Tensor(28.02, shape=(), dtype=float32)",29.646818,0.002556063234806061
/tmp/DataSetCombined/Edges/Round-4_0030796_edge.png,"tf.Tensor(65.34, shape=(), dtype=float32)",64.2431,0.002556063234806061
/tmp/DataSetCombined/Edges/Round-8_0026663_edge.png,"tf.Tensor(13.52, shape=(), dtype=float32)",14.026736,0.002556063234806061
/tmp/DataSetCombined/Edges/Round-10_0025467_edge.png,"tf.Tensor(44.48, shape=(), dtype=float32)",43.411907,0.002556063234806061
/tmp/DataSetCombined/Edges/Round-8_0056160_edge.png,"tf.Tensor(13.29, shape=(), dtype=float32)",13.769763,0.002556063234806061
/tmp/DataSetCombined/Edges/Round-1_0111312_edge.png,"tf.Tensor(64.28, shape=(), dtype=float32)",63.27006,0.002556063234806061
/tmp/DataSetCombined/Edges/Round-7_0128980_edge.png,"tf.Tensor(13.48, shape=(), dtype=float32)",13.779513,0.002556063234806061
/tmp/DataSetCombined/Edges/Round-6_0134759_edge.png,"tf.Tensor(7.39, shape=(), dtype=float32)",7.7893915,0.002556063234806061
/tmp/DataSetCombined/Edges/Round-10_0076275_edge.png,"tf.Tensor(61.17, shape=(), dtype=float32)",60.121334,0.002556063234806061
/tmp/DataSetCombined/Edges/Round-9_0016107_edge.png,"tf.Tensor(64.57, shape=(), dtype=float32)",63.236324,0.002556063234806061
/tmp/DataSetCombined/Edges/Round-9_0087232_edge.png,"tf.Tensor(65.25, shape=(), dtype=float32)",62.768333,0.002556063234806061
/tmp/DataSetCombined/Edges/Round-5_0117245_edge.png,"tf.Tensor(61.99, shape=(), dtype=float32)",61.40027,0.002556063234806061
/tmp/DataSetCombined/Edges/Round-1_0119710_edge.png,"tf.Tensor(33.99, shape=(), dtype=float32)",35.71493,0.002556063234806061
/tmp/DataSetCombined/Edges/Round-8_0017585_edge.png,"tf.Tensor(6.2, shape=(), dtype=float32)",6.3144555,0.002556063234806061
/tmp/DataSetCombined/Edges/Round-3_0063421_edge.png,"tf.Tensor(6.1, shape=(), dtype=float32)",5.8133717,0.002556063234806061
/tmp/DataSetCombined/Edges/Round-3_0056108_edge.png,"tf.Tensor(3.76, shape=(), dtype=float32)",2.829178,0.002556063234806061
/tmp/DataSetCombined/Edges/Round-8_0061651_edge.png,"tf.Tensor(56.17, shape=(), dtype=float32)",53.821404,0.002556063234806061
/tmp/DataSetCombined/Edges/Round-10_0105502_edge.png,"tf.Tensor(5.45, shape=(), dtype=float32)",5.2243867,0.002556063234806061
/tmp/DataSetCombined/Edges/Round-2_0100759_edge.png,"tf.Tensor(44.77, shape=(), dtype=float32)",43.08218,0.002556063234806061
/tmp/DataSetCombined/Edges/Round-9_0099995_edge.png,"tf.Tensor(65.37, shape=(), dtype=float32)",64.159325,0.002556063234806061
/tmp/DataSetCombined/Edges/Round-1_0136235_edge.png,"tf.Tensor(5.84, shape=(), dtype=float32)",5.5902777,0.002556063234806061
/tmp/DataSetCombined/Edges/Round-3_0082294_edge.png,"tf.Tensor(5.19, shape=(), dtype=float32)",4.9033704,0.002556063234806061
/tmp/DataSetCombined/Edges/Round-1_0106918_edge.png,"tf.Tensor(13.78, shape=(), dtype=float32)",14.290598,0.002556063234806061
/tmp/DataSetCombined/Edges/Round-9_0034498_edge.png,"tf.Tensor(12.82, shape=(), dtype=float32)",13.204471,0.002556063234806061
/tmp/DataSetCombined/Edges/Round-5_0119723_edge.png,"tf.Tensor(52.29, shape=(), dtype=float32)",51.61322,0.002556063234806061
/tmp/DataSetCombined/Edges/Round-4_0031126_edge.png,"tf.Tensor(58.28, shape=(), dtype=float32)",58.627403,0.002556063234806061
/tmp/DataSetCombined/Edges/Round-5_0064781_edge.png,"tf.Tensor(3.59, shape=(), dtype=float32)",2.7716627,0.002556063234806061
/tmp/DataSetCombined/Edges/Round-2_0107834_edge.png,"tf.Tensor(7.07, shape=(), dtype=float32)",7.504137,0.002556063234806061
/tmp/DataSetCombined/Edges/Round-10_0128287_edge.png,"tf.Tensor(4.99, shape=(), dtype=float32)",4.237997,0.002556063234806061
/tmp/DataSetCombined/Edges/Round-6_0132230_edge.png,"tf.Tensor(65.49, shape=(), dtype=float32)",63.86867,0.002556063234806061
/tmp/DataSetCombined/Edges/Round-10_0013427_edge.png,"tf.Tensor(8.3, shape=(), dtype=float32)",8.621453,0.002556063234806061
/tmp/DataSetCombined/Edges/Round-8_0088337_edge.png,"tf.Tensor(9.59, shape=(), dtype=float32)",9.910403,0.002556063234806061
/tmp/DataSetCombined/Edges/Round-9_0162482_edge.png,"tf.Tensor(4.05, shape=(), dtype=float32)",3.2562566,0.002556063234806061
/tmp/DataSetCombined/Edges/Round-10_0017731_edge.png,"tf.Tensor(65.32, shape=(), dtype=float32)",63.893368,0.002556063234806061
/tmp/DataSetCombined/Edges/Round-6_0089245_edge.png,"tf.Tensor(64.29, shape=(), dtype=float32)",62.960384,0.002556063234806061
/tmp/DataSetCombined/Edges/Round-10_0094666_edge.png,"tf.Tensor(62.58, shape=(), dtype=float32)",62.78425,0.002556063234806061
/tmp/DataSetCombined/Edges/Round-2_0005000_edge.png,"tf.Tensor(58.95, shape=(), dtype=float32)",58.03091,0.002556063234806061
/tmp/DataSetCombined/Edges/Round-10_0120521_edge.png,"tf.Tensor(14.83, shape=(), dtype=float32)",15.54399,0.002556063234806061
/tmp/DataSetCombined/Edges/Round-3_0053367_edge.png,"tf.Tensor(37.07, shape=(), dtype=float32)",37.408867,0.002556063234806061
/tmp/DataSetCombined/Edges/Round-2_0060067_edge.png,"tf.Tensor(12.53, shape=(), dtype=float32)",13.237524,0.002370331436395645
/tmp/DataSetCombined/Edges/Round-6_0005394_edge.png,"tf.Tensor(12.38, shape=(), dtype=float32)",12.348493,0.002370331436395645
/tmp/DataSetCombined/Edges/Round-2_0075927_edge.png,"tf.Tensor(64.81, shape=(), dtype=float32)",63.22305,0.002370331436395645
/tmp/DataSetCombined/Edges/Round-10_0128739_edge.png,"tf.Tensor(64.17, shape=(), dtype=float32)",63.633266,0.002370331436395645
/tmp/DataSetCombined/Edges/Round-8_0040177_edge.png,"tf.Tensor(40.49, shape=(), dtype=float32)",40.521645,0.002370331436395645
/tmp/DataSetCombined/Edges/Round-6_0043918_edge.png,"tf.Tensor(43.14, shape=(), dtype=float32)",43.617237,0.002370331436395645
/tmp/DataSetCombined/Edges/Round-10_0142796_edge.png,"tf.Tensor(63.58, shape=(), dtype=float32)",63.484116,0.002370331436395645
/tmp/DataSetCombined/Edges/Round-4_0076757_edge.png,"tf.Tensor(3.35, shape=(), dtype=float32)",2.5695238,0.002370331436395645
/tmp/DataSetCombined/Edges/Round-5_0064811_edge.png,"tf.Tensor(52.98, shape=(), dtype=float32)",50.379406,0.002370331436395645
/tmp/DataSetCombined/Edges/Round-6_0012524_edge.png,"tf.Tensor(6.85, shape=(), dtype=float32)",7.0760565,0.002370331436395645
/tmp/DataSetCombined/Edges/Round-4_0050781_edge.png,"tf.Tensor(60.61, shape=(), dtype=float32)",59.93217,0.002370331436395645
/tmp/DataSetCombined/Edges/Round-9_0128288_edge.png,"tf.Tensor(9.14, shape=(), dtype=float32)",9.267565,0.002370331436395645
/tmp/DataSetCombined/Edges/Round-9_0194748_edge.png,"tf.Tensor(64.03, shape=(), dtype=float32)",62.646435,0.002370331436395645
/tmp/DataSetCombined/Edges/Round-5_0103429_edge.png,"tf.Tensor(47.9, shape=(), dtype=float32)",45.800957,0.002370331436395645
/tmp/DataSetCombined/Edges/Round-1_0028401_edge.png,"tf.Tensor(5.53, shape=(), dtype=float32)",5.0936117,0.002370331436395645
/tmp/DataSetCombined/Edges/Round-8_0028872_edge.png,"tf.Tensor(2.51, shape=(), dtype=float32)",2.1997066,0.002370331436395645
/tmp/DataSetCombined/Edges/Round-9_0153401_edge.png,"tf.Tensor(9.36, shape=(), dtype=float32)",9.645143,0.002370331436395645
/tmp/DataSetCombined/Edges/Round-10_0166152_edge.png,"tf.Tensor(48.3, shape=(), dtype=float32)",46.552242,0.002370331436395645
/tmp/DataSetCombined/Edges/Round-10_0106345_edge.png,"tf.Tensor(44.93, shape=(), dtype=float32)",44.55958,0.002370331436395645
/tmp/DataSetCombined/Edges/Round-1_0108242_edge.png,"tf.Tensor(60.54, shape=(), dtype=float32)",61.838352,0.002370331436395645
/tmp/DataSetCombined/Edges/Round-8_0032502_edge.png,"tf.Tensor(65.15, shape=(), dtype=float32)",62.171307,0.002370331436395645
/tmp/DataSetCombined/Edges/Round-7_0037237_edge.png,"tf.Tensor(64.9, shape=(), dtype=float32)",64.13706,0.002370331436395645
/tmp/DataSetCombined/Edges/Round-2_0096665_edge.png,"tf.Tensor(64.66, shape=(), dtype=float32)",62.840927,0.002370331436395645
/tmp/DataSetCombined/Edges/Round-5_0093526_edge.png,"tf.Tensor(5.36, shape=(), dtype=float32)",5.149302,0.002370331436395645
/tmp/DataSetCombined/Edges/Round-4_0012990_edge.png,"tf.Tensor(5.96, shape=(), dtype=float32)",5.9989214,0.002370331436395645
/tmp/DataSetCombined/Edges/Round-8_0009837_edge.png,"tf.Tensor(3.34, shape=(), dtype=float32)",2.648548,0.002370331436395645
/tmp/DataSetCombined/Edges/Round-9_0096142_edge.png,"tf.Tensor(63.85, shape=(), dtype=float32)",60.28785,0.002370331436395645
/tmp/DataSetCombined/Edges/Round-9_0009335_edge.png,"tf.Tensor(64.32, shape=(), dtype=float32)",63.24084,0.002370331436395645
/tmp/DataSetCombined/Edges/Round-7_0101500_edge.png,"tf.Tensor(15.84, shape=(), dtype=float32)",16.541567,0.002370331436395645
/tmp/DataSetCombined/Edges/Round-1_0017800_edge.png,"tf.Tensor(53.64, shape=(), dtype=float32)",51.882366,0.002370331436395645
/tmp/DataSetCombined/Edges/Round-9_0045364_edge.png,"tf.Tensor(64.4, shape=(), dtype=float32)",63.216473,0.002370331436395645
/tmp/DataSetCombined/Edges/Round-2_0111354_edge.png,"tf.Tensor(63.56, shape=(), dtype=float32)",62.035522,0.002370331436395645
/tmp/DataSetCombined/Edges/Round-5_0033869_edge.png,"tf.Tensor(34.11, shape=(), dtype=float32)",34.70447,0.002370331436395645
/tmp/DataSetCombined/Edges/Round-5_0037691_edge.png,"tf.Tensor(4.25, shape=(), dtype=float32)",3.2243018,0.002370331436395645
/tmp/DataSetCombined/Edges/Round-4_0047591_edge.png,"tf.Tensor(3.15, shape=(), dtype=float32)",2.4184973,0.002370331436395645
/tmp/DataSetCombined/Edges/Round-4_0038139_edge.png,"tf.Tensor(6.24, shape=(), dtype=float32)",6.3910704,0.002370331436395645
/tmp/DataSetCombined/Edges/Round-7_0040758_edge.png,"tf.Tensor(3.76, shape=(), dtype=float32)",2.910097,0.002370331436395645
/tmp/DataSetCombined/Edges/Round-7_0045815_edge.png,"tf.Tensor(27.81, shape=(), dtype=float32)",28.248983,0.002370331436395645
/tmp/DataSetCombined/Edges/Round-5_0082329_edge.png,"tf.Tensor(3.43, shape=(), dtype=float32)",2.6436884,0.002370331436395645
/tmp/DataSetCombined/Edges/Round-7_0037418_edge.png,"tf.Tensor(64.24, shape=(), dtype=float32)",63.029137,0.002370331436395645
/tmp/DataSetCombined/Edges/Round-7_0000425_edge.png,"tf.Tensor(9.28, shape=(), dtype=float32)",9.791626,0.002370331436395645
/tmp/DataSetCombined/Edges/Round-8_0061199_edge.png,"tf.Tensor(58.67, shape=(), dtype=float32)",58.97762,0.002370331436395645
/tmp/DataSetCombined/Edges/Round-3_0013276_edge.png,"tf.Tensor(33.46, shape=(), dtype=float32)",33.918736,0.002370331436395645
/tmp/DataSetCombined/Edges/Round-8_0001963_edge.png,"tf.Tensor(65.26, shape=(), dtype=float32)",64.222565,0.002370331436395645
/tmp/DataSetCombined/Edges/Round-6_0081784_edge.png,"tf.Tensor(54.23, shape=(), dtype=float32)",50.604713,0.002370331436395645
/tmp/DataSetCombined/Edges/Round-10_0169162_edge.png,"tf.Tensor(7.94, shape=(), dtype=float32)",8.364395,0.002370331436395645
/tmp/DataSetCombined/Edges/Round-6_0095930_edge.png,"tf.Tensor(55.14, shape=(), dtype=float32)",55.270622,0.002370331436395645
/tmp/DataSetCombined/Edges/Round-8_0035211_edge.png,"tf.Tensor(3.64, shape=(), dtype=float32)",2.6729054,0.002370331436395645
/tmp/DataSetCombined/Edges/Round-5_0097138_edge.png,"tf.Tensor(4.78, shape=(), dtype=float32)",4.035409,0.002370331436395645
/tmp/DataSetCombined/Edges/Round-8_0005003_edge.png,"tf.Tensor(57.38, shape=(), dtype=float32)",55.863747,0.002370331436395645
/tmp/DataSetCombined/Edges/Round-1_0005602_edge.png,"tf.Tensor(64.16, shape=(), dtype=float32)",63.60574,0.002370331436395645
/tmp/DataSetCombined/Edges/Round-1_0088226_edge.png,"tf.Tensor(63.97, shape=(), dtype=float32)",63.674755,0.002370331436395645
/tmp/DataSetCombined/Edges/Round-8_0010782_edge.png,"tf.Tensor(48.64, shape=(), dtype=float32)",47.996773,0.002370331436395645
/tmp/DataSetCombined/Edges/Round-5_0040190_edge.png,"tf.Tensor(4.46, shape=(), dtype=float32)",3.6783566,0.002370331436395645
/tmp/DataSetCombined/Edges/Round-1_0012334_edge.png,"tf.Tensor(65.12, shape=(), dtype=float32)",64.13106,0.002370331436395645
/tmp/DataSetCombined/Edges/Round-8_0031731_edge.png,"tf.Tensor(34.27, shape=(), dtype=float32)",35.941124,0.002370331436395645
/tmp/DataSetCombined/Edges/Round-2_0037800_edge.png,"tf.Tensor(58.69, shape=(), dtype=float32)",58.17659,0.002370331436395645
/tmp/DataSetCombined/Edges/Round-8_0001152_edge.png,"tf.Tensor(51.02, shape=(), dtype=float32)",47.411316,0.002370331436395645
/tmp/DataSetCombined/Edges/Round-8_0042687_edge.png,"tf.Tensor(36.44, shape=(), dtype=float32)",37.803036,0.002370331436395645
/tmp/DataSetCombined/Edges/Round-10_0120762_edge.png,"tf.Tensor(48.89, shape=(), dtype=float32)",48.165203,0.002370331436395645
/tmp/DataSetCombined/Edges/Round-3_0025225_edge.png,"tf.Tensor(30.71, shape=(), dtype=float32)",31.998701,0.002370331436395645
/tmp/DataSetCombined/Edges/Round-8_0024116_edge.png,"tf.Tensor(64.34, shape=(), dtype=float32)",63.21538,0.002370331436395645
/tmp/DataSetCombined/Edges/Round-1_0005272_edge.png,"tf.Tensor(5.35, shape=(), dtype=float32)",4.756567,0.002370331436395645
/tmp/DataSetCombined/Edges/Round-7_0070196_edge.png,"tf.Tensor(3.53, shape=(), dtype=float32)",2.6447084,0.002370331436395645
/tmp/DataSetCombined/Edges/Round-4_0090483_edge.png,"tf.Tensor(3.81, shape=(), dtype=float32)",2.9181383,0.002196837216615677
/tmp/DataSetCombined/Edges/Round-8_0004028_edge.png,"tf.Tensor(25.82, shape=(), dtype=float32)",27.006796,0.002196837216615677
/tmp/DataSetCombined/Edges/Round-5_0037420_edge.png,"tf.Tensor(4.85, shape=(), dtype=float32)",3.8466568,0.002196837216615677
/tmp/DataSetCombined/Edges/Round-3_0038680_edge.png,"tf.Tensor(3.6, shape=(), dtype=float32)",2.7957263,0.002196837216615677
/tmp/DataSetCombined/Edges/Round-3_0056951_edge.png,"tf.Tensor(63.97, shape=(), dtype=float32)",63.35896,0.002196837216615677
/tmp/DataSetCombined/Edges/Round-8_0038251_edge.png,"tf.Tensor(55.52, shape=(), dtype=float32)",54.514065,0.002196837216615677
/tmp/DataSetCombined/Edges/Round-10_0019597_edge.png,"tf.Tensor(62.56, shape=(), dtype=float32)",62.008423,0.002196837216615677
/tmp/DataSetCombined/Edges/Round-5_0042387_edge.png,"tf.Tensor(28.07, shape=(), dtype=float32)",29.81729,0.002196837216615677
/tmp/DataSetCombined/Edges/Round-10_0128498_edge.png,"tf.Tensor(4.82, shape=(), dtype=float32)",3.8607295,0.002196837216615677
/tmp/DataSetCombined/Edges/Round-5_0085618_edge.png,"tf.Tensor(42.98, shape=(), dtype=float32)",42.99546,0.002196837216615677
/tmp/DataSetCombined/Edges/Round-6_0060231_edge.png,"tf.Tensor(64.45, shape=(), dtype=float32)",63.08864,0.002196837216615677
/tmp/DataSetCombined/Edges/Round-9_0062731_edge.png,"tf.Tensor(7.56, shape=(), dtype=float32)",7.915927,0.002196837216615677
/tmp/DataSetCombined/Edges/Round-9_0158689_edge.png,"tf.Tensor(64.04, shape=(), dtype=float32)",62.884724,0.002196837216615677
/tmp/DataSetCombined/Edges/Round-7_0024776_edge.png,"tf.Tensor(33.6, shape=(), dtype=float32)",35.124508,0.002196837216615677
/tmp/DataSetCombined/Edges/Round-5_0096927_edge.png,"tf.Tensor(4.36, shape=(), dtype=float32)",3.5853972,0.002196837216615677
/tmp/DataSetCombined/Edges/Round-5_0017555_edge.png,"tf.Tensor(52.87, shape=(), dtype=float32)",51.82996,0.002196837216615677
/tmp/DataSetCombined/Edges/Round-1_0013167_edge.png,"tf.Tensor(9.47, shape=(), dtype=float32)",10.025554,0.002196837216615677
/tmp/DataSetCombined/Edges/Round-8_0030678_edge.png,"tf.Tensor(2.68, shape=(), dtype=float32)",2.265979,0.002196837216615677
/tmp/DataSetCombined/Edges/Round-5_0020565_edge.png,"tf.Tensor(8.53, shape=(), dtype=float32)",8.944353,0.002196837216615677
/tmp/DataSetCombined/Edges/Round-10_0141592_edge.png,"tf.Tensor(4.25, shape=(), dtype=float32)",3.5195262,0.002196837216615677
/tmp/DataSetCombined/Edges/Round-2_0088358_edge.png,"tf.Tensor(51.61, shape=(), dtype=float32)",53.33253,0.002196837216615677
/tmp/DataSetCombined/Edges/Round-9_0154957_edge.png,"tf.Tensor(64.27, shape=(), dtype=float32)",62.553783,0.002196837216615677
/tmp/DataSetCombined/Edges/Round-9_0187586_edge.png,"tf.Tensor(46.59, shape=(), dtype=float32)",45.47198,0.002196837216615677
/tmp/DataSetCombined/Edges/Round-2_0043000_edge.png,"tf.Tensor(40.79, shape=(), dtype=float32)",40.44242,0.002196837216615677
/tmp/DataSetCombined/Edges/Round-3_0082987_edge.png,"tf.Tensor(63.5, shape=(), dtype=float32)",61.39652,0.002196837216615677
/tmp/DataSetCombined/Edges/Round-9_0049728_edge.png,"tf.Tensor(64.35, shape=(), dtype=float32)",63.25349,0.002196837216615677
/tmp/DataSetCombined/Edges/Round-9_0101078_edge.png,"tf.Tensor(64.65, shape=(), dtype=float32)",62.890636,0.002196837216615677
/tmp/DataSetCombined/Edges/Round-10_0143818_edge.png,"tf.Tensor(3.16, shape=(), dtype=float32)",2.4018998,0.002196837216615677
/tmp/DataSetCombined/Edges/Round-8_0019902_edge.png,"tf.Tensor(3.72, shape=(), dtype=float32)",2.8444626,0.002196837216615677
/tmp/DataSetCombined/Edges/Round-4_0071430_edge.png,"tf.Tensor(57.93, shape=(), dtype=float32)",57.310402,0.002196837216615677
/tmp/DataSetCombined/Edges/Round-1_0161579_edge.png,"tf.Tensor(3.21, shape=(), dtype=float32)",2.4460683,0.002196837216615677
/tmp/DataSetCombined/Edges/Round-8_0052297_edge.png,"tf.Tensor(45.78, shape=(), dtype=float32)",44.951168,0.002196837216615677
/tmp/DataSetCombined/Edges/Round-5_0003122_edge.png,"tf.Tensor(22.25, shape=(), dtype=float32)",22.860723,0.002196837216615677
/tmp/DataSetCombined/Edges/Round-3_0000567_edge.png,"tf.Tensor(65.33, shape=(), dtype=float32)",62.421608,0.002196837216615677
/tmp/DataSetCombined/Edges/Round-4_0046868_edge.png,"tf.Tensor(4.03, shape=(), dtype=float32)",3.0716794,0.002196837216615677
/tmp/DataSetCombined/Edges/Round-1_0073869_edge.png,"tf.Tensor(65.21, shape=(), dtype=float32)",62.880283,0.002196837216615677
/tmp/DataSetCombined/Edges/Round-1_0018134_edge.png,"tf.Tensor(61.4, shape=(), dtype=float32)",61.417717,0.002196837216615677
/tmp/DataSetCombined/Edges/Round-10_0112304_edge.png,"tf.Tensor(38.07, shape=(), dtype=float32)",38.081017,0.002196837216615677
/tmp/DataSetCombined/Edges/Round-1_0051986_edge.png,"tf.Tensor(3.39, shape=(), dtype=float32)",2.518451,0.002196837216615677
/tmp/DataSetCombined/Edges/Round-7_0025317_edge.png,"tf.Tensor(46.74, shape=(), dtype=float32)",47.47137,0.002196837216615677
/tmp/DataSetCombined/Edges/Round-8_0072667_edge.png,"tf.Tensor(4.27, shape=(), dtype=float32)",3.2579148,0.002196837216615677
/tmp/DataSetCombined/Edges/Round-2_0077178_edge.png,"tf.Tensor(61.39, shape=(), dtype=float32)",60.16415,0.002196837216615677
/tmp/DataSetCombined/Edges/Round-5_0105446_edge.png,"tf.Tensor(25.8, shape=(), dtype=float32)",26.119598,0.002196837216615677
/tmp/DataSetCombined/Edges/Round-1_0110590_edge.png,"tf.Tensor(7.53, shape=(), dtype=float32)",7.9617,0.002196837216615677
/tmp/DataSetCombined/Edges/Round-10_0066613_edge.png,"tf.Tensor(64.73, shape=(), dtype=float32)",62.771614,0.002196837216615677
/tmp/DataSetCombined/Edges/Round-10_0125127_edge.png,"tf.Tensor(4.26, shape=(), dtype=float32)",3.3614726,0.002196837216615677
/tmp/DataSetCombined/Edges/Round-10_0076997_edge.png,"tf.Tensor(5.61, shape=(), dtype=float32)",5.1341834,0.002196837216615677
/tmp/DataSetCombined/Edges/Round-7_0053039_edge.png,"tf.Tensor(15.55, shape=(), dtype=float32)",16.468407,0.002196837216615677
/tmp/DataSetCombined/Edges/Round-2_0096906_edge.png,"tf.Tensor(63.93, shape=(), dtype=float32)",62.048447,0.002196837216615677
/tmp/DataSetCombined/Edges/Round-3_0043195_edge.png,"tf.Tensor(63.78, shape=(), dtype=float32)",62.546204,0.002196837216615677
/tmp/DataSetCombined/Edges/Round-5_0043530_edge.png,"tf.Tensor(64.52, shape=(), dtype=float32)",62.387634,0.002196837216615677
/tmp/DataSetCombined/Edges/Round-1_0092320_edge.png,"tf.Tensor(30.52, shape=(), dtype=float32)",31.509253,0.002196837216615677
/tmp/DataSetCombined/Edges/Round-7_0033986_edge.png,"tf.Tensor(7.65, shape=(), dtype=float32)",8.119823,0.002196837216615677
/tmp/DataSetCombined/Edges/Round-4_0070165_edge.png,"tf.Tensor(7.77, shape=(), dtype=float32)",8.147659,0.002196837216615677
/tmp/DataSetCombined/Edges/Round-1_0082056_edge.png,"tf.Tensor(64.42, shape=(), dtype=float32)",63.19251,0.002196837216615677
/tmp/DataSetCombined/Edges/Round-7_0039856_edge.png,"tf.Tensor(65.29, shape=(), dtype=float32)",64.08423,0.002196837216615677
/tmp/DataSetCombined/Edges/Round-7_0045243_edge.png,"tf.Tensor(59.16, shape=(), dtype=float32)",58.499813,0.002196837216615677
/tmp/DataSetCombined/Edges/Round-8_0013702_edge.png,"tf.Tensor(62.76, shape=(), dtype=float32)",61.060333,0.002196837216615677
/tmp/DataSetCombined/Edges/Round-2_0087726_edge.png,"tf.Tensor(64.13, shape=(), dtype=float32)",62.618855,0.002196837216615677
/tmp/DataSetCombined/Edges/Round-6_0038138_edge.png,"tf.Tensor(64.58, shape=(), dtype=float32)",62.647125,0.002196837216615677
/tmp/DataSetCombined/Edges/Round-10_0073506_edge.png,"tf.Tensor(6.13, shape=(), dtype=float32)",6.2804966,0.002196837216615677
/tmp/DataSetCombined/Edges/Round-2_0088027_edge.png,"tf.Tensor(63.0, shape=(), dtype=float32)",61.097584,0.002196837216615677
/tmp/DataSetCombined/Edges/Round-9_0103373_edge.png,"tf.Tensor(20.23, shape=(), dtype=float32)",21.227774,0.002196837216615677
/tmp/DataSetCombined/Edges/Round-8_0012377_edge.png,"tf.Tensor(32.09, shape=(), dtype=float32)",33.396908,0.002196837216615677
/tmp/DataSetCombined/Edges/Round-10_0189901_edge.png,"tf.Tensor(47.82, shape=(), dtype=float32)",45.685253,0.0027054250240325928
/tmp/DataSetCombined/Edges/Round-4_0052377_edge.png,"tf.Tensor(53.81, shape=(), dtype=float32)",52.319874,0.0027054250240325928
/tmp/DataSetCombined/Edges/Round-5_0011444_edge.png,"tf.Tensor(23.57, shape=(), dtype=float32)",25.190784,0.0027054250240325928
/tmp/DataSetCombined/Edges/Round-9_0088818_edge.png,"tf.Tensor(55.54, shape=(), dtype=float32)",54.531193,0.0027054250240325928
/tmp/DataSetCombined/Edges/Round-1_0011300_edge.png,"tf.Tensor(4.22, shape=(), dtype=float32)",3.3734193,0.0027054250240325928
/tmp/DataSetCombined/Edges/Round-2_0053472_edge.png,"tf.Tensor(8.63, shape=(), dtype=float32)",9.169141,0.0027054250240325928
/tmp/DataSetCombined/Edges/Round-4_0068360_edge.png,"tf.Tensor(41.2, shape=(), dtype=float32)",43.002796,0.0027054250240325928
/tmp/DataSetCombined/Edges/Round-6_0023420_edge.png,"tf.Tensor(5.83, shape=(), dtype=float32)",5.9771,0.0027054250240325928
/tmp/DataSetCombined/Edges/Round-7_0077269_edge.png,"tf.Tensor(5.17, shape=(), dtype=float32)",4.90983,0.0027054250240325928
/tmp/DataSetCombined/Edges/Round-3_0065589_edge.png,"tf.Tensor(64.65, shape=(), dtype=float32)",61.597187,0.0027054250240325928
/tmp/DataSetCombined/Edges/Round-4_0061226_edge.png,"tf.Tensor(56.99, shape=(), dtype=float32)",56.067204,0.0027054250240325928
/tmp/DataSetCombined/Edges/Round-8_0026151_edge.png,"tf.Tensor(58.31, shape=(), dtype=float32)",57.835773,0.0027054250240325928
/tmp/DataSetCombined/Edges/Round-1_0053734_edge.png,"tf.Tensor(9.33, shape=(), dtype=float32)",9.870868,0.0027054250240325928
/tmp/DataSetCombined/Edges/Round-8_0020282_edge.png,"tf.Tensor(4.28, shape=(), dtype=float32)",3.469302,0.0027054250240325928
/tmp/DataSetCombined/Edges/Round-4_0040096_edge.png,"tf.Tensor(53.86, shape=(), dtype=float32)",52.77368,0.0027054250240325928
/tmp/DataSetCombined/Edges/Round-1_0096926_edge.png,"tf.Tensor(14.89, shape=(), dtype=float32)",14.845779,0.0027054250240325928
/tmp/DataSetCombined/Edges/Round-5_0091058_edge.png,"tf.Tensor(49.28, shape=(), dtype=float32)",46.533306,0.0027054250240325928
/tmp/DataSetCombined/Edges/Round-1_0152880_edge.png,"tf.Tensor(62.9, shape=(), dtype=float32)",62.259,0.0027054250240325928
/tmp/DataSetCombined/Edges/Round-6_0010447_edge.png,"tf.Tensor(3.31, shape=(), dtype=float32)",2.642828,0.0027054250240325928
/tmp/DataSetCombined/Edges/Round-3_0073716_edge.png,"tf.Tensor(5.17, shape=(), dtype=float32)",5.005888,0.0027054250240325928
/tmp/DataSetCombined/Edges/Round-9_0069925_edge.png,"tf.Tensor(63.83, shape=(), dtype=float32)",62.66038,0.0027054250240325928
/tmp/DataSetCombined/Edges/Round-8_0007621_edge.png,"tf.Tensor(7.28, shape=(), dtype=float32)",7.571453,0.0027054250240325928
/tmp/DataSetCombined/Edges/Round-10_0035791_edge.png,"tf.Tensor(50.22, shape=(), dtype=float32)",49.44824,0.0027054250240325928
/tmp/DataSetCombined/Edges/Round-8_0007712_edge.png,"tf.Tensor(8.32, shape=(), dtype=float32)",8.740314,0.0027054250240325928
/tmp/DataSetCombined/Edges/Round-4_0008822_edge.png,"tf.Tensor(2.72, shape=(), dtype=float32)",2.198308,0.0027054250240325928
/tmp/DataSetCombined/Edges/Round-10_0088887_edge.png,"tf.Tensor(3.56, shape=(), dtype=float32)",2.7656493,0.0027054250240325928
/tmp/DataSetCombined/Edges/Round-10_0018634_edge.png,"tf.Tensor(3.85, shape=(), dtype=float32)",2.9514084,0.0027054250240325928
/tmp/DataSetCombined/Edges/Round-7_0037598_edge.png,"tf.Tensor(5.88, shape=(), dtype=float32)",5.769126,0.0027054250240325928
/tmp/DataSetCombined/Edges/Round-3_0020892_edge.png,"tf.Tensor(49.76, shape=(), dtype=float32)",49.103344,0.0027054250240325928
/tmp/DataSetCombined/Edges/Round-9_0126784_edge.png,"tf.Tensor(30.26, shape=(), dtype=float32)",31.677088,0.0027054250240325928
/tmp/DataSetCombined/Edges/Round-1_0065967_edge.png,"tf.Tensor(64.96, shape=(), dtype=float32)",62.813267,0.0027054250240325928
/tmp/DataSetCombined/Edges/Round-7_0092801_edge.png,"tf.Tensor(60.32, shape=(), dtype=float32)",61.39277,0.0027054250240325928
/tmp/DataSetCombined/Edges/Round-7_0019629_edge.png,"tf.Tensor(3.8, shape=(), dtype=float32)",2.9753206,0.0027054250240325928
/tmp/DataSetCombined/Edges/Round-8_0058189_edge.png,"tf.Tensor(3.05, shape=(), dtype=float32)",2.3701947,0.0027054250240325928
/tmp/DataSetCombined/Edges/Round-2_0072676_edge.png,"tf.Tensor(64.12, shape=(), dtype=float32)",63.50054,0.0027054250240325928
/tmp/DataSetCombined/Edges/Round-10_0082596_edge.png,"tf.Tensor(3.65, shape=(), dtype=float32)",2.837192,0.0027054250240325928
/tmp/DataSetCombined/Edges/Round-3_0009423_edge.png,"tf.Tensor(54.58, shape=(), dtype=float32)",52.53316,0.0027054250240325928
/tmp/DataSetCombined/Edges/Round-5_0043212_edge.png,"tf.Tensor(62.5, shape=(), dtype=float32)",61.514442,0.0027054250240325928
/tmp/DataSetCombined/Edges/Round-10_0040788_edge.png,"tf.Tensor(64.2, shape=(), dtype=float32)",63.097034,0.0027054250240325928
/tmp/DataSetCombined/Edges/Round-10_0074108_edge.png,"tf.Tensor(65.23, shape=(), dtype=float32)",62.833084,0.0027054250240325928
/tmp/DataSetCombined/Edges/Round-8_0005849_edge.png,"tf.Tensor(6.99, shape=(), dtype=float32)",7.042183,0.0027054250240325928
/tmp/DataSetCombined/Edges/Round-6_0056529_edge.png,"tf.Tensor(51.26, shape=(), dtype=float32)",50.87583,0.0027054250240325928
/tmp/DataSetCombined/Edges/Round-8_0039726_edge.png,"tf.Tensor(65.24, shape=(), dtype=float32)",61.83647,0.0027054250240325928
/tmp/DataSetCombined/Edges/Round-9_0133164_edge.png,"tf.Tensor(61.77, shape=(), dtype=float32)",60.231377,0.0027054250240325928
/tmp/DataSetCombined/Edges/Round-10_0028447_edge.png,"tf.Tensor(64.79, shape=(), dtype=float32)",62.886463,0.0027054250240325928
/tmp/DataSetCombined/Edges/Round-9_0109356_edge.png,"tf.Tensor(61.62, shape=(), dtype=float32)",62.468513,0.0027054250240325928
/tmp/DataSetCombined/Edges/Round-8_0004870_edge.png,"tf.Tensor(64.68, shape=(), dtype=float32)",62.97258,0.0027054250240325928
/tmp/DataSetCombined/Edges/Round-7_0060053_edge.png,"tf.Tensor(63.38, shape=(), dtype=float32)",63.20924,0.0027054250240325928
/tmp/DataSetCombined/Edges/Round-9_0189511_edge.png,"tf.Tensor(6.03, shape=(), dtype=float32)",5.7100163,0.0027054250240325928
/tmp/DataSetCombined/Edges/Round-9_0151706_edge.png,"tf.Tensor(59.41, shape=(), dtype=float32)",57.359657,0.0027054250240325928
/tmp/DataSetCombined/Edges/Round-1_0146499_edge.png,"tf.Tensor(2.66, shape=(), dtype=float32)",2.2952085,0.0027054250240325928
/tmp/DataSetCombined/Edges/Round-3_0026767_edge.png,"tf.Tensor(21.28, shape=(), dtype=float32)",22.401085,0.0027054250240325928
/tmp/DataSetCombined/Edges/Round-3_0041750_edge.png,"tf.Tensor(52.21, shape=(), dtype=float32)",50.50977,0.0027054250240325928
/tmp/DataSetCombined/Edges/Round-6_0069081_edge.png,"tf.Tensor(7.88, shape=(), dtype=float32)",8.364844,0.0027054250240325928
/tmp/DataSetCombined/Edges/Round-1_0109176_edge.png,"tf.Tensor(5.61, shape=(), dtype=float32)",5.4883633,0.0027054250240325928
/tmp/DataSetCombined/Edges/Round-4_0066252_edge.png,"tf.Tensor(6.62, shape=(), dtype=float32)",6.9641643,0.0027054250240325928
/tmp/DataSetCombined/Edges/Round-9_0154415_edge.png,"tf.Tensor(64.02, shape=(), dtype=float32)",63.008564,0.0027054250240325928
/tmp/DataSetCombined/Edges/Round-1_0159291_edge.png,"tf.Tensor(64.35, shape=(), dtype=float32)",63.130077,0.0027054250240325928
/tmp/DataSetCombined/Edges/Round-10_0010056_edge.png,"tf.Tensor(64.34, shape=(), dtype=float32)",63.568775,0.0027054250240325928
/tmp/DataSetCombined/Edges/Round-9_0082145_edge.png,"tf.Tensor(28.05, shape=(), dtype=float32)",28.954527,0.0027054250240325928
/tmp/DataSetCombined/Edges/Round-9_0004067_edge.png,"tf.Tensor(5.14, shape=(), dtype=float32)",4.621181,0.0027054250240325928
/tmp/DataSetCombined/Edges/Round-9_0108693_edge.png,"tf.Tensor(4.2, shape=(), dtype=float32)",3.213474,0.0027054250240325928
/tmp/DataSetCombined/Edges/Round-10_0145926_edge.png,"tf.Tensor(9.04, shape=(), dtype=float32)",9.68684,0.0027054250240325928
/tmp/DataSetCombined/Edges/Round-9_0006987_edge.png,"tf.Tensor(3.5, shape=(), dtype=float32)",2.755624,0.0027054250240325928
/tmp/DataSetCombined/Edges/Round-3_0027821_edge.png,"tf.Tensor(64.48, shape=(), dtype=float32)",62.80286,0.002334222197532654
/tmp/DataSetCombined/Edges/Round-10_0006031_edge.png,"tf.Tensor(28.49, shape=(), dtype=float32)",30.131987,0.002334222197532654
/tmp/DataSetCombined/Edges/Round-9_0003465_edge.png,"tf.Tensor(58.84, shape=(), dtype=float32)",59.596745,0.002334222197532654
/tmp/DataSetCombined/Edges/Round-7_0005181_edge.png,"tf.Tensor(3.71, shape=(), dtype=float32)",2.9045308,0.002334222197532654
/tmp/DataSetCombined/Edges/Round-7_0038802_edge.png,"tf.Tensor(7.29, shape=(), dtype=float32)",7.609366,0.002334222197532654
/tmp/DataSetCombined/Edges/Round-9_0159201_edge.png,"tf.Tensor(6.87, shape=(), dtype=float32)",6.823567,0.002334222197532654
/tmp/DataSetCombined/Edges/Round-9_0043317_edge.png,"tf.Tensor(64.19, shape=(), dtype=float32)",62.57622,0.002334222197532654
/tmp/DataSetCombined/Edges/Round-6_0073024_edge.png,"tf.Tensor(64.47, shape=(), dtype=float32)",63.915913,0.002334222197532654
/tmp/DataSetCombined/Edges/Round-9_0106526_edge.png,"tf.Tensor(61.47, shape=(), dtype=float32)",62.05569,0.002334222197532654
/tmp/DataSetCombined/Edges/Round-7_0026612_edge.png,"tf.Tensor(64.2, shape=(), dtype=float32)",63.396755,0.002334222197532654
/tmp/DataSetCombined/Edges/Round-10_0140688_edge.png,"tf.Tensor(63.7, shape=(), dtype=float32)",63.324894,0.002334222197532654
/tmp/DataSetCombined/Edges/Round-8_0058279_edge.png,"tf.Tensor(3.21, shape=(), dtype=float32)",2.4465027,0.002334222197532654
/tmp/DataSetCombined/Edges/Round-8_0072486_edge.png,"tf.Tensor(55.91, shape=(), dtype=float32)",54.07691,0.002334222197532654
/tmp/DataSetCombined/Edges/Round-7_0057343_edge.png,"tf.Tensor(3.33, shape=(), dtype=float32)",2.5875347,0.002334222197532654
/tmp/DataSetCombined/Edges/Round-9_0145445_edge.png,"tf.Tensor(9.18, shape=(), dtype=float32)",9.783196,0.002334222197532654
/tmp/DataSetCombined/Edges/Round-10_0029982_edge.png,"tf.Tensor(57.6, shape=(), dtype=float32)",58.20772,0.002334222197532654
/tmp/DataSetCombined/Edges/Round-1_0121095_edge.png,"tf.Tensor(5.27, shape=(), dtype=float32)",4.885025,0.002334222197532654
/tmp/DataSetCombined/Edges/Round-3_0039974_edge.png,"tf.Tensor(6.51, shape=(), dtype=float32)",6.763994,0.002334222197532654
/tmp/DataSetCombined/Edges/Round-9_0151074_edge.png,"tf.Tensor(63.86, shape=(), dtype=float32)",62.490574,0.002334222197532654
/tmp/DataSetCombined/Edges/Round-6_0130484_edge.png,"tf.Tensor(21.94, shape=(), dtype=float32)",22.948257,0.002334222197532654
/tmp/DataSetCombined/Edges/Round-5_0030108_edge.png,"tf.Tensor(2.74, shape=(), dtype=float32)",2.2564542,0.002334222197532654
/tmp/DataSetCombined/Edges/Round-5_0099035_edge.png,"tf.Tensor(64.41, shape=(), dtype=float32)",63.16956,0.002334222197532654
/tmp/DataSetCombined/Edges/Round-1_0154144_edge.png,"tf.Tensor(7.49, shape=(), dtype=float32)",7.872734,0.002334222197532654
/tmp/DataSetCombined/Edges/Round-3_0039221_edge.png,"tf.Tensor(52.37, shape=(), dtype=float32)",50.153362,0.002334222197532654
/tmp/DataSetCombined/Edges/Round-1_0002234_edge.png,"tf.Tensor(5.88, shape=(), dtype=float32)",5.907497,0.002334222197532654
/tmp/DataSetCombined/Edges/Round-6_0052586_edge.png,"tf.Tensor(7.91, shape=(), dtype=float32)",7.965074,0.002334222197532654
/tmp/DataSetCombined/Edges/Round-6_0062399_edge.png,"tf.Tensor(51.41, shape=(), dtype=float32)",49.53829,0.002334222197532654
/tmp/DataSetCombined/Edges/Round-5_0064600_edge.png,"tf.Tensor(53.37, shape=(), dtype=float32)",50.997707,0.002334222197532654
/tmp/DataSetCombined/Edges/Round-8_0020613_edge.png,"tf.Tensor(64.85, shape=(), dtype=float32)",63.284565,0.002334222197532654
/tmp/DataSetCombined/Edges/Round-10_0157725_edge.png,"tf.Tensor(65.33, shape=(), dtype=float32)",63.995914,0.002334222197532654
/tmp/DataSetCombined/Edges/Round-9_0192973_edge.png,"tf.Tensor(3.4, shape=(), dtype=float32)",2.5708911,0.002334222197532654
/tmp/DataSetCombined/Edges/Round-7_0060835_edge.png,"tf.Tensor(3.91, shape=(), dtype=float32)",3.1569185,0.002334222197532654
/tmp/DataSetCombined/Edges/Round-8_0002173_edge.png,"tf.Tensor(6.82, shape=(), dtype=float32)",6.9807,0.002334222197532654
/tmp/DataSetCombined/Edges/Round-7_0035401_edge.png,"tf.Tensor(65.27, shape=(), dtype=float32)",62.67307,0.002334222197532654
/tmp/DataSetCombined/Edges/Round-10_0195921_edge.png,"tf.Tensor(26.51, shape=(), dtype=float32)",26.746912,0.002334222197532654
/tmp/DataSetCombined/Edges/Round-6_0117090_edge.png,"tf.Tensor(3.69, shape=(), dtype=float32)",2.8376856,0.002334222197532654
/tmp/DataSetCombined/Edges/Round-6_0007678_edge.png,"tf.Tensor(3.25, shape=(), dtype=float32)",2.4912777,0.002334222197532654
/tmp/DataSetCombined/Edges/Round-9_0024475_edge.png,"tf.Tensor(5.2, shape=(), dtype=float32)",4.88044,0.002334222197532654
/tmp/DataSetCombined/Edges/Round-3_0070284_edge.png,"tf.Tensor(64.5, shape=(), dtype=float32)",62.89044,0.002334222197532654
/tmp/DataSetCombined/Edges/Round-4_0009575_edge.png,"tf.Tensor(64.76, shape=(), dtype=float32)",63.4003,0.002334222197532654
/tmp/DataSetCombined/Edges/Round-10_0030192_edge.png,"tf.Tensor(3.6, shape=(), dtype=float32)",2.6614,0.002334222197532654
/tmp/DataSetCombined/Edges/Round-9_0063755_edge.png,"tf.Tensor(3.47, shape=(), dtype=float32)",2.6364965,0.002334222197532654
/tmp/DataSetCombined/Edges/Round-10_0174520_edge.png,"tf.Tensor(9.32, shape=(), dtype=float32)",9.976497,0.002334222197532654
/tmp/DataSetCombined/Edges/Round-1_0003301_edge.png,"tf.Tensor(3.31, shape=(), dtype=float32)",2.631156,0.002334222197532654
/tmp/DataSetCombined/Edges/Round-1_0043000_edge.png,"tf.Tensor(6.99, shape=(), dtype=float32)",7.355233,0.002334222197532654
/tmp/DataSetCombined/Edges/Round-5_0012679_edge.png,"tf.Tensor(63.84, shape=(), dtype=float32)",63.398518,0.002334222197532654
/tmp/DataSetCombined/Edges/Round-9_0078353_edge.png,"tf.Tensor(55.3, shape=(), dtype=float32)",54.011906,0.002334222197532654
/tmp/DataSetCombined/Edges/Round-3_0067786_edge.png,"tf.Tensor(5.98, shape=(), dtype=float32)",5.8091135,0.002334222197532654
/tmp/DataSetCombined/Edges/Round-6_0011862_edge.png,"tf.Tensor(36.04, shape=(), dtype=float32)",36.979515,0.002334222197532654
/tmp/DataSetCombined/Edges/Round-6_0133795_edge.png,"tf.Tensor(5.62, shape=(), dtype=float32)",5.4990215,0.002334222197532654
/tmp/DataSetCombined/Edges/Round-2_0065151_edge.png,"tf.Tensor(4.74, shape=(), dtype=float32)",3.7788918,0.002334222197532654
/tmp/DataSetCombined/Edges/Round-7_0088587_edge.png,"tf.Tensor(12.42, shape=(), dtype=float32)",12.5821085,0.002334222197532654
/tmp/DataSetCombined/Edges/Round-10_0183912_edge.png,"tf.Tensor(4.35, shape=(), dtype=float32)",3.6076887,0.002334222197532654
/tmp/DataSetCombined/Edges/Round-10_0030781_edge.png,"tf.Tensor(2.67, shape=(), dtype=float32)",2.211398,0.002334222197532654
/tmp/DataSetCombined/Edges/Round-5_0053072_edge.png,"tf.Tensor(7.86, shape=(), dtype=float32)",8.30642,0.002334222197532654
/tmp/DataSetCombined/Edges/Round-5_0069567_edge.png,"tf.Tensor(23.66, shape=(), dtype=float32)",22.729101,0.002334222197532654
/tmp/DataSetCombined/Edges/Round-8_0068451_edge.png,"tf.Tensor(60.5, shape=(), dtype=float32)",58.832096,0.002334222197532654
/tmp/DataSetCombined/Edges/Round-8_0018144_edge.png,"tf.Tensor(62.81, shape=(), dtype=float32)",61.335396,0.002334222197532654
/tmp/DataSetCombined/Edges/Round-7_0005060_edge.png,"tf.Tensor(9.12, shape=(), dtype=float32)",9.713683,0.002334222197532654
/tmp/DataSetCombined/Edges/Round-1_0125128_edge.png,"tf.Tensor(6.36, shape=(), dtype=float32)",6.591112,0.002334222197532654
/tmp/DataSetCombined/Edges/Round-6_0130725_edge.png,"tf.Tensor(59.7, shape=(), dtype=float32)",56.20679,0.002334222197532654
/tmp/DataSetCombined/Edges/Round-6_0080639_edge.png,"tf.Tensor(9.72, shape=(), dtype=float32)",10.196059,0.002334222197532654
/tmp/DataSetCombined/Edges/Round-9_0019900_edge.png,"tf.Tensor(65.37, shape=(), dtype=float32)",63.83022,0.002334222197532654
/tmp/DataSetCombined/Edges/Round-5_0066798_edge.png,"tf.Tensor(4.63, shape=(), dtype=float32)",3.9032624,0.002334222197532654
/tmp/DataSetCombined/Edges/Round-1_0114082_edge.png,"tf.Tensor(19.99, shape=(), dtype=float32)",20.953451,0.0024073272943496704
/tmp/DataSetCombined/Edges/Round-1_0126513_edge.png,"tf.Tensor(60.43, shape=(), dtype=float32)",60.99235,0.0024073272943496704
/tmp/DataSetCombined/Edges/Round-8_0044331_edge.png,"tf.Tensor(30.25, shape=(), dtype=float32)",30.6723,0.0024073272943496704
/tmp/DataSetCombined/Edges/Round-1_0122750_edge.png,"tf.Tensor(64.18, shape=(), dtype=float32)",62.532867,0.0024073272943496704
/tmp/DataSetCombined/Edges/Round-10_0111642_edge.png,"tf.Tensor(8.0, shape=(), dtype=float32)",8.184283,0.0024073272943496704
/tmp/DataSetCombined/Edges/Round-3_0049576_edge.png,"tf.Tensor(63.79, shape=(), dtype=float32)",62.860157,0.0024073272943496704
/tmp/DataSetCombined/Edges/Round-10_0109692_edge.png,"tf.Tensor(26.73, shape=(), dtype=float32)",27.23871,0.0024073272943496704
/tmp/DataSetCombined/Edges/Round-7_0105774_edge.png,"tf.Tensor(64.41, shape=(), dtype=float32)",62.050686,0.0024073272943496704
/tmp/DataSetCombined/Edges/Round-8_0077712_edge.png,"tf.Tensor(35.78, shape=(), dtype=float32)",37.71449,0.0024073272943496704
/tmp/DataSetCombined/Edges/Round-6_0088736_edge.png,"tf.Tensor(63.16, shape=(), dtype=float32)",62.080822,0.0024073272943496704
/tmp/DataSetCombined/Edges/Round-6_0017911_edge.png,"tf.Tensor(64.27, shape=(), dtype=float32)",62.99453,0.0024073272943496704
/tmp/DataSetCombined/Edges/Round-9_0075494_edge.png,"tf.Tensor(4.15, shape=(), dtype=float32)",3.2092438,0.0024073272943496704
/tmp/DataSetCombined/Edges/Round-9_0145205_edge.png,"tf.Tensor(63.96, shape=(), dtype=float32)",63.599464,0.0024073272943496704
/tmp/DataSetCombined/Edges/Round-1_0142917_edge.png,"tf.Tensor(6.94, shape=(), dtype=float32)",7.251809,0.0024073272943496704
/tmp/DataSetCombined/Edges/Round-7_0034859_edge.png,"tf.Tensor(6.81, shape=(), dtype=float32)",7.038686,0.0024073272943496704
/tmp/DataSetCombined/Edges/Round-10_0191467_edge.png,"tf.Tensor(64.98, shape=(), dtype=float32)",64.36393,0.0024073272943496704
/tmp/DataSetCombined/Edges/Round-10_0037055_edge.png,"tf.Tensor(26.96, shape=(), dtype=float32)",28.68514,0.0024073272943496704
/tmp/DataSetCombined/Edges/Round-6_0051683_edge.png,"tf.Tensor(32.7, shape=(), dtype=float32)",34.449707,0.0024073272943496704
/tmp/DataSetCombined/Edges/Round-6_0122357_edge.png,"tf.Tensor(6.47, shape=(), dtype=float32)",6.6335616,0.0024073272943496704
/tmp/DataSetCombined/Edges/Round-5_0029756_edge.png,"tf.Tensor(47.97, shape=(), dtype=float32)",47.948364,0.0024073272943496704
/tmp/DataSetCombined/Edges/Round-10_0015625_edge.png,"tf.Tensor(2.91, shape=(), dtype=float32)",2.3438041,0.0024073272943496704
/tmp/DataSetCombined/Edges/Round-10_0070917_edge.png,"tf.Tensor(50.57, shape=(), dtype=float32)",48.14038,0.0024073272943496704
/tmp/DataSetCombined/Edges/Round-3_0027467_edge.png,"tf.Tensor(64.5, shape=(), dtype=float32)",62.921627,0.0024073272943496704
/tmp/DataSetCombined/Edges/Round-10_0051271_edge.png,"tf.Tensor(4.16, shape=(), dtype=float32)",3.1855023,0.0024073272943496704
/tmp/DataSetCombined/Edges/Round-4_0084824_edge.png,"tf.Tensor(7.42, shape=(), dtype=float32)",7.427969,0.0024073272943496704
/tmp/DataSetCombined/Edges/Round-7_0078293_edge.png,"tf.Tensor(64.59, shape=(), dtype=float32)",61.911785,0.0024073272943496704
/tmp/DataSetCombined/Edges/Round-4_0012466_edge.png,"tf.Tensor(3.87, shape=(), dtype=float32)",2.958377,0.0024073272943496704
/tmp/DataSetCombined/Edges/Round-9_0187435_edge.png,"tf.Tensor(5.74, shape=(), dtype=float32)",5.636611,0.0024073272943496704
/tmp/DataSetCombined/Edges/Round-9_0036996_edge.png,"tf.Tensor(54.6, shape=(), dtype=float32)",52.851864,0.0024073272943496704
/tmp/DataSetCombined/Edges/Round-10_0137055_edge.png,"tf.Tensor(61.26, shape=(), dtype=float32)",61.263264,0.0024073272943496704
/tmp/DataSetCombined/Edges/Round-5_0070048_edge.png,"tf.Tensor(61.3, shape=(), dtype=float32)",59.556965,0.0024073272943496704
/tmp/DataSetCombined/Edges/Round-10_0159350_edge.png,"tf.Tensor(7.56, shape=(), dtype=float32)",7.9231944,0.0024073272943496704
/tmp/DataSetCombined/Edges/Round-6_0109565_edge.png,"tf.Tensor(60.72, shape=(), dtype=float32)",60.85358,0.0024073272943496704
/tmp/DataSetCombined/Edges/Round-9_0102071_edge.png,"tf.Tensor(8.09, shape=(), dtype=float32)",8.557339,0.0024073272943496704
/tmp/DataSetCombined/Edges/Round-8_0032622_edge.png,"tf.Tensor(59.69, shape=(), dtype=float32)",56.133335,0.0024073272943496704
/tmp/DataSetCombined/Edges/Round-9_0049307_edge.png,"tf.Tensor(60.97, shape=(), dtype=float32)",61.41655,0.0024073272943496704
/tmp/DataSetCombined/Edges/Round-9_0127325_edge.png,"tf.Tensor(9.2, shape=(), dtype=float32)",9.768427,0.0024073272943496704
/tmp/DataSetCombined/Edges/Round-9_0075855_edge.png,"tf.Tensor(56.44, shape=(), dtype=float32)",57.68514,0.0024073272943496704
/tmp/DataSetCombined/Edges/Round-6_0087261_edge.png,"tf.Tensor(38.8, shape=(), dtype=float32)",40.114178,0.0024073272943496704
/tmp/DataSetCombined/Edges/Round-1_0077151_edge.png,"tf.Tensor(5.2, shape=(), dtype=float32)",4.5946455,0.0024073272943496704
/tmp/DataSetCombined/Edges/Round-1_0087985_edge.png,"tf.Tensor(3.09, shape=(), dtype=float32)",2.4190028,0.0024073272943496704
/tmp/DataSetCombined/Edges/Round-9_0083921_edge.png,"tf.Tensor(4.81, shape=(), dtype=float32)",3.9087229,0.0024073272943496704
/tmp/DataSetCombined/Edges/Round-2_0099856_edge.png,"tf.Tensor(65.09, shape=(), dtype=float32)",61.83891,0.0024073272943496704
/tmp/DataSetCombined/Edges/Round-7_0009064_edge.png,"tf.Tensor(3.12, shape=(), dtype=float32)",2.3927884,0.0024073272943496704
/tmp/DataSetCombined/Edges/Round-6_0052797_edge.png,"tf.Tensor(60.61, shape=(), dtype=float32)",61.42567,0.0024073272943496704
/tmp/DataSetCombined/Edges/Round-6_0015172_edge.png,"tf.Tensor(63.98, shape=(), dtype=float32)",62.829975,0.0024073272943496704
/tmp/DataSetCombined/Edges/Round-1_0033836_edge.png,"tf.Tensor(63.8, shape=(), dtype=float32)",62.396603,0.0024073272943496704
/tmp/DataSetCombined/Edges/Round-3_0022246_edge.png,"tf.Tensor(14.49, shape=(), dtype=float32)",14.894772,0.0024073272943496704
/tmp/DataSetCombined/Edges/Round-3_0033582_edge.png,"tf.Tensor(62.17, shape=(), dtype=float32)",59.629536,0.0024073272943496704
/tmp/DataSetCombined/Edges/Round-10_0095810_edge.png,"tf.Tensor(51.09, shape=(), dtype=float32)",49.107395,0.0024073272943496704
/tmp/DataSetCombined/Edges/Round-8_0034380_edge.png,"tf.Tensor(64.34, shape=(), dtype=float32)",63.15085,0.0024073272943496704
/tmp/DataSetCombined/Edges/Round-10_0153781_edge.png,"tf.Tensor(18.02, shape=(), dtype=float32)",18.517832,0.0024073272943496704
/tmp/DataSetCombined/Edges/Round-5_0024207_edge.png,"tf.Tensor(51.67, shape=(), dtype=float32)",63.801594,0.0024073272943496704
/tmp/DataSetCombined/Edges/Round-6_0109534_edge.png,"tf.Tensor(3.76, shape=(), dtype=float32)",2.871544,0.0024073272943496704
/tmp/DataSetCombined/Edges/Round-1_0059401_edge.png,"tf.Tensor(63.5, shape=(), dtype=float32)",61.905685,0.0024073272943496704
/tmp/DataSetCombined/Edges/Round-7_0045905_edge.png,"tf.Tensor(5.07, shape=(), dtype=float32)",4.375481,0.0024073272943496704
/tmp/DataSetCombined/Edges/Round-3_0021312_edge.png,"tf.Tensor(63.91, shape=(), dtype=float32)",62.588963,0.0024073272943496704
/tmp/DataSetCombined/Edges/Round-1_0060201_edge.png,"tf.Tensor(20.91, shape=(), dtype=float32)",21.631605,0.0024073272943496704
/tmp/DataSetCombined/Edges/Round-10_0014150_edge.png,"tf.Tensor(11.97, shape=(), dtype=float32)",10.374526,0.0024073272943496704
/tmp/DataSetCombined/Edges/Round-8_0046017_edge.png,"tf.Tensor(57.19, shape=(), dtype=float32)",57.379856,0.0024073272943496704
/tmp/DataSetCombined/Edges/Round-7_0061588_edge.png,"tf.Tensor(32.58, shape=(), dtype=float32)",32.716366,0.0024073272943496704
/tmp/DataSetCombined/Edges/Round-7_0005091_edge.png,"tf.Tensor(63.61, shape=(), dtype=float32)",62.869892,0.0024073272943496704
/tmp/DataSetCombined/Edges/Round-10_0157544_edge.png,"tf.Tensor(4.09, shape=(), dtype=float32)",3.25304,0.0024073272943496704
/tmp/DataSetCombined/Edges/Round-8_0048311_edge.png,"tf.Tensor(3.83, shape=(), dtype=float32)",3.0178413,0.0024073272943496704
/tmp/DataSetCombined/Edges/Round-2_0004600_edge.png,"tf.Tensor(57.89, shape=(), dtype=float32)",56.166687,0.0027214139699935913
/tmp/DataSetCombined/Edges/Round-3_0035267_edge.png,"tf.Tensor(3.69, shape=(), dtype=float32)",2.8814678,0.0027214139699935913
/tmp/DataSetCombined/Edges/Round-8_0057274_edge.png,"tf.Tensor(62.69, shape=(), dtype=float32)",62.829433,0.0027214139699935913
/tmp/DataSetCombined/Edges/Round-9_0112035_edge.png,"tf.Tensor(24.06, shape=(), dtype=float32)",24.584032,0.0027214139699935913
/tmp/DataSetCombined/Edges/Round-10_0093161_edge.png,"tf.Tensor(63.89, shape=(), dtype=float32)",62.39651,0.0027214139699935913
/tmp/DataSetCombined/Edges/Round-1_0025367_edge.png,"tf.Tensor(4.57, shape=(), dtype=float32)",3.6283553,0.0027214139699935913
/tmp/DataSetCombined/Edges/Round-5_0050845_edge.png,"tf.Tensor(64.33, shape=(), dtype=float32)",62.474678,0.0027214139699935913
/tmp/DataSetCombined/Edges/Round-2_0061389_edge.png,"tf.Tensor(42.89, shape=(), dtype=float32)",42.258457,0.0027214139699935913
/tmp/DataSetCombined/Edges/Round-9_0175906_edge.png,"tf.Tensor(61.28, shape=(), dtype=float32)",62.748085,0.0027214139699935913
/tmp/DataSetCombined/Edges/Round-10_0004394_edge.png,"tf.Tensor(8.14, shape=(), dtype=float32)",8.510218,0.0027214139699935913
/tmp/DataSetCombined/Edges/Round-5_0029444_edge.png,"tf.Tensor(7.0, shape=(), dtype=float32)",7.319394,0.0027214139699935913
/tmp/DataSetCombined/Edges/Round-6_0019688_edge.png,"tf.Tensor(5.32, shape=(), dtype=float32)",4.9217196,0.0027214139699935913
/tmp/DataSetCombined/Edges/Round-10_0173467_edge.png,"tf.Tensor(4.55, shape=(), dtype=float32)",3.8645995,0.0027214139699935913
/tmp/DataSetCombined/Edges/Round-5_0046480_edge.png,"tf.Tensor(63.24, shape=(), dtype=float32)",62.034016,0.0027214139699935913
/tmp/DataSetCombined/Edges/Round-9_0052377_edge.png,"tf.Tensor(64.55, shape=(), dtype=float32)",63.762318,0.0027214139699935913
/tmp/DataSetCombined/Edges/Round-3_0078291_edge.png,"tf.Tensor(60.99, shape=(), dtype=float32)",60.675488,0.0027214139699935913
/tmp/DataSetCombined/Edges/Round-5_0051087_edge.png,"tf.Tensor(7.17, shape=(), dtype=float32)",7.2529716,0.0027214139699935913
/tmp/DataSetCombined/Edges/Round-8_0077411_edge.png,"tf.Tensor(52.49, shape=(), dtype=float32)",52.509552,0.0027214139699935913
/tmp/DataSetCombined/Edges/Round-2_0093535_edge.png,"tf.Tensor(53.75, shape=(), dtype=float32)",53.880615,0.0027214139699935913
/tmp/DataSetCombined/Edges/Round-6_0018423_edge.png,"tf.Tensor(61.84, shape=(), dtype=float32)",62.035137,0.0027214139699935913
/tmp/DataSetCombined/Edges/Round-7_0043197_edge.png,"tf.Tensor(43.76, shape=(), dtype=float32)",43.199768,0.0027214139699935913
/tmp/DataSetCombined/Edges/Round-10_0023510_edge.png,"tf.Tensor(65.38, shape=(), dtype=float32)",63.000713,0.0027214139699935913
/tmp/DataSetCombined/Edges/Round-1_0043367_edge.png,"tf.Tensor(7.85, shape=(), dtype=float32)",8.175687,0.0027214139699935913
/tmp/DataSetCombined/Edges/Round-6_0105953_edge.png,"tf.Tensor(64.53, shape=(), dtype=float32)",63.0193,0.0027214139699935913
/tmp/DataSetCombined/Edges/Round-10_0073175_edge.png,"tf.Tensor(64.05, shape=(), dtype=float32)",63.115547,0.0027214139699935913
/tmp/DataSetCombined/Edges/Round-9_0053702_edge.png,"tf.Tensor(49.61, shape=(), dtype=float32)",51.44518,0.0027214139699935913
/tmp/DataSetCombined/Edges/Round-4_0091115_edge.png,"tf.Tensor(3.69, shape=(), dtype=float32)",2.8780007,0.0027214139699935913
/tmp/DataSetCombined/Edges/Round-8_0010499_edge.png,"tf.Tensor(64.35, shape=(), dtype=float32)",63.142193,0.0027214139699935913
/tmp/DataSetCombined/Edges/Round-4_0056199_edge.png,"tf.Tensor(9.78, shape=(), dtype=float32)",10.355359,0.0027214139699935913
/tmp/DataSetCombined/Edges/Round-6_0014540_edge.png,"tf.Tensor(62.4, shape=(), dtype=float32)",61.80391,0.0027214139699935913
/tmp/DataSetCombined/Edges/Round-10_0155046_edge.png,"tf.Tensor(4.87, shape=(), dtype=float32)",4.1948953,0.0027214139699935913
/tmp/DataSetCombined/Edges/Round-1_0078775_edge.png,"tf.Tensor(64.3, shape=(), dtype=float32)",63.2262,0.0027214139699935913
/tmp/DataSetCombined/Edges/Round-5_0038444_edge.png,"tf.Tensor(26.73, shape=(), dtype=float32)",27.49111,0.0027214139699935913
/tmp/DataSetCombined/Edges/Round-2_0106719_edge.png,"tf.Tensor(65.22, shape=(), dtype=float32)",63.849438,0.0027214139699935913
/tmp/DataSetCombined/Edges/Round-4_0050841_edge.png,"tf.Tensor(57.45, shape=(), dtype=float32)",55.979668,0.0027214139699935913
/tmp/DataSetCombined/Edges/Round-8_0063607_edge.png,"tf.Tensor(64.01, shape=(), dtype=float32)",62.449184,0.0027214139699935913
/tmp/DataSetCombined/Edges/Round-7_0067547_edge.png,"tf.Tensor(25.07, shape=(), dtype=float32)",25.477507,0.0027214139699935913
/tmp/DataSetCombined/Edges/Round-10_0064687_edge.png,"tf.Tensor(62.83, shape=(), dtype=float32)",61.30897,0.0027214139699935913
/tmp/DataSetCombined/Edges/Round-8_0046529_edge.png,"tf.Tensor(17.99, shape=(), dtype=float32)",18.163084,0.0027214139699935913
/tmp/DataSetCombined/Edges/Round-3_0049335_edge.png,"tf.Tensor(60.11, shape=(), dtype=float32)",58.637783,0.0027214139699935913
/tmp/DataSetCombined/Edges/Round-10_0194145_edge.png,"tf.Tensor(57.32, shape=(), dtype=float32)",56.499012,0.0027214139699935913
/tmp/DataSetCombined/Edges/Round-3_0048974_edge.png,"tf.Tensor(62.19, shape=(), dtype=float32)",58.60223,0.0027214139699935913
/tmp/DataSetCombined/Edges/Round-7_0136596_edge.png,"tf.Tensor(2.88, shape=(), dtype=float32)",2.2948594,0.0027214139699935913
/tmp/DataSetCombined/Edges/Round-8_0010451_edge.png,"tf.Tensor(62.79, shape=(), dtype=float32)",59.926716,0.0027214139699935913
/tmp/DataSetCombined/Edges/Round-1_0126092_edge.png,"tf.Tensor(29.81, shape=(), dtype=float32)",31.45252,0.0027214139699935913
/tmp/DataSetCombined/Edges/Round-10_0033534_edge.png,"tf.Tensor(64.83, shape=(), dtype=float32)",63.331524,0.0027214139699935913
/tmp/DataSetCombined/Edges/Round-10_0141290_edge.png,"tf.Tensor(11.97, shape=(), dtype=float32)",10.270839,0.0027214139699935913
/tmp/DataSetCombined/Edges/Round-2_0092782_edge.png,"tf.Tensor(5.41, shape=(), dtype=float32)",5.233762,0.0027214139699935913
/tmp/DataSetCombined/Edges/Round-10_0197787_edge.png,"tf.Tensor(61.97, shape=(), dtype=float32)",61.95181,0.0027214139699935913
/tmp/DataSetCombined/Edges/Round-6_0108331_edge.png,"tf.Tensor(63.97, shape=(), dtype=float32)",63.473362,0.0027214139699935913
/tmp/DataSetCombined/Edges/Round-7_0069564_edge.png,"tf.Tensor(54.47, shape=(), dtype=float32)",56.093235,0.0027214139699935913
/tmp/DataSetCombined/Edges/Round-3_0033051_edge.png,"tf.Tensor(8.74, shape=(), dtype=float32)",8.952451,0.0027214139699935913
/tmp/DataSetCombined/Edges/Round-7_0096671_edge.png,"tf.Tensor(5.36, shape=(), dtype=float32)",5.281572,0.0027214139699935913
/tmp/DataSetCombined/Edges/Round-10_0082054_edge.png,"tf.Tensor(62.87, shape=(), dtype=float32)",61.929867,0.0027214139699935913
/tmp/DataSetCombined/Edges/Round-6_0044941_edge.png,"tf.Tensor(3.56, shape=(), dtype=float32)",2.6548898,0.0027214139699935913
/tmp/DataSetCombined/Edges/Round-1_0085527_edge.png,"tf.Tensor(5.77, shape=(), dtype=float32)",5.4464016,0.0027214139699935913
/tmp/DataSetCombined/Edges/Round-10_0053429_edge.png,"tf.Tensor(5.43, shape=(), dtype=float32)",5.1755896,0.0027214139699935913
/tmp/DataSetCombined/Edges/Round-7_0038290_edge.png,"tf.Tensor(54.65, shape=(), dtype=float32)",53.612526,0.0027214139699935913
/tmp/DataSetCombined/Edges/Round-6_0122477_edge.png,"tf.Tensor(6.71, shape=(), dtype=float32)",6.8877974,0.0027214139699935913
/tmp/DataSetCombined/Edges/Round-3_0080909_edge.png,"tf.Tensor(2.51, shape=(), dtype=float32)",2.1985068,0.0027214139699935913
/tmp/DataSetCombined/Edges/Round-8_0010180_edge.png,"tf.Tensor(56.93, shape=(), dtype=float32)",55.281277,0.0027214139699935913
/tmp/DataSetCombined/Edges/Round-5_0023394_edge.png,"tf.Tensor(32.79, shape=(), dtype=float32)",32.85359,0.0027214139699935913
/tmp/DataSetCombined/Edges/Round-8_0027325_edge.png,"tf.Tensor(64.71, shape=(), dtype=float32)",63.113293,0.0027214139699935913
/tmp/DataSetCombined/Edges/Round-7_0059390_edge.png,"tf.Tensor(45.29, shape=(), dtype=float32)",44.494793,0.0027214139699935913
/tmp/DataSetCombined/Edges/Round-5_0121881_edge.png,"tf.Tensor(5.5, shape=(), dtype=float32)",5.1136236,0.0024516545236110687
/tmp/DataSetCombined/Edges/Round-1_0107671_edge.png,"tf.Tensor(64.36, shape=(), dtype=float32)",62.27404,0.0024516545236110687
/tmp/DataSetCombined/Edges/Round-2_0071541_edge.png,"tf.Tensor(11.73, shape=(), dtype=float32)",12.232219,0.0024516545236110687
/tmp/DataSetCombined/Edges/Round-6_0047830_edge.png,"tf.Tensor(62.34, shape=(), dtype=float32)",60.117695,0.0024516545236110687
/tmp/DataSetCombined/Edges/Round-1_0130215_edge.png,"tf.Tensor(3.91, shape=(), dtype=float32)",2.9545274,0.0024516545236110687
/tmp/DataSetCombined/Edges/Round-8_0078554_edge.png,"tf.Tensor(58.39, shape=(), dtype=float32)",59.442005,0.0024516545236110687
/tmp/DataSetCombined/Edges/Round-2_0060600_edge.png,"tf.Tensor(5.78, shape=(), dtype=float32)",5.900733,0.0024516545236110687
/tmp/DataSetCombined/Edges/Round-1_0006300_edge.png,"tf.Tensor(57.41, shape=(), dtype=float32)",53.973896,0.0024516545236110687
/tmp/DataSetCombined/Edges/Round-4_0005542_edge.png,"tf.Tensor(6.13, shape=(), dtype=float32)",5.9527297,0.0024516545236110687
/tmp/DataSetCombined/Edges/Round-9_0049186_edge.png,"tf.Tensor(53.55, shape=(), dtype=float32)",53.169903,0.0024516545236110687
/tmp/DataSetCombined/Edges/Round-9_0012555_edge.png,"tf.Tensor(5.17, shape=(), dtype=float32)",4.8864264,0.0024516545236110687
/tmp/DataSetCombined/Edges/Round-9_0009064_edge.png,"tf.Tensor(4.88, shape=(), dtype=float32)",4.2007422,0.0024516545236110687
/tmp/DataSetCombined/Edges/Round-8_0070680_edge.png,"tf.Tensor(60.47, shape=(), dtype=float32)",59.371624,0.0024516545236110687
/tmp/DataSetCombined/Edges/Round-9_0017793_edge.png,"tf.Tensor(2.93, shape=(), dtype=float32)",2.3246553,0.0024516545236110687
/tmp/DataSetCombined/Edges/Round-6_0035610_edge.png,"tf.Tensor(7.83, shape=(), dtype=float32)",8.2803955,0.0024516545236110687
/tmp/DataSetCombined/Edges/Round-8_0053433_edge.png,"tf.Tensor(9.48, shape=(), dtype=float32)",10.036719,0.0024516545236110687
/tmp/DataSetCombined/Edges/Round-10_0106555_edge.png,"tf.Tensor(3.36, shape=(), dtype=float32)",2.620304,0.0024516545236110687
/tmp/DataSetCombined/Edges/Round-7_0053190_edge.png,"tf.Tensor(63.8, shape=(), dtype=float32)",61.86354,0.0024516545236110687
/tmp/DataSetCombined/Edges/Round-5_0033628_edge.png,"tf.Tensor(41.6, shape=(), dtype=float32)",40.562805,0.0024516545236110687
/tmp/DataSetCombined/Edges/Round-7_0062882_edge.png,"tf.Tensor(11.48, shape=(), dtype=float32)",11.873948,0.0024516545236110687
/tmp/DataSetCombined/Edges/Round-1_0102824_edge.png,"tf.Tensor(8.37, shape=(), dtype=float32)",8.97329,0.0024516545236110687
/tmp/DataSetCombined/Edges/Round-1_0003634_edge.png,"tf.Tensor(12.76, shape=(), dtype=float32)",13.266012,0.0024516545236110687
/tmp/DataSetCombined/Edges/Round-1_0016201_edge.png,"tf.Tensor(62.29, shape=(), dtype=float32)",61.797894,0.0024516545236110687
/tmp/DataSetCombined/Edges/Round-5_0116853_edge.png,"tf.Tensor(64.82, shape=(), dtype=float32)",63.33955,0.0024516545236110687
/tmp/DataSetCombined/Edges/Round-5_0044253_edge.png,"tf.Tensor(64.28, shape=(), dtype=float32)",63.538387,0.0024516545236110687
/tmp/DataSetCombined/Edges/Round-1_0024800_edge.png,"tf.Tensor(2.59, shape=(), dtype=float32)",2.2218082,0.0024516545236110687
/tmp/DataSetCombined/Edges/Round-10_0140779_edge.png,"tf.Tensor(7.72, shape=(), dtype=float32)",7.8907757,0.0024516545236110687
/tmp/DataSetCombined/Edges/Round-1_0071734_edge.png,"tf.Tensor(64.48, shape=(), dtype=float32)",62.348774,0.0024516545236110687
/tmp/DataSetCombined/Edges/Round-10_0169554_edge.png,"tf.Tensor(7.11, shape=(), dtype=float32)",7.4108953,0.0024516545236110687
/tmp/DataSetCombined/Edges/Round-6_0105441_edge.png,"tf.Tensor(64.62, shape=(), dtype=float32)",62.90541,0.0024516545236110687
/tmp/DataSetCombined/Edges/Round-7_0071490_edge.png,"tf.Tensor(6.57, shape=(), dtype=float32)",6.679041,0.0024516545236110687
/tmp/DataSetCombined/Edges/Round-9_0088455_edge.png,"tf.Tensor(5.19, shape=(), dtype=float32)",4.550036,0.0024516545236110687
/tmp/DataSetCombined/Edges/Round-3_0088976_edge.png,"tf.Tensor(61.81, shape=(), dtype=float32)",60.37663,0.0024516545236110687
/tmp/DataSetCombined/Edges/Round-10_0097164_edge.png,"tf.Tensor(64.29, shape=(), dtype=float32)",62.596004,0.0024516545236110687
/tmp/DataSetCombined/Edges/Round-2_0084967_edge.png,"tf.Tensor(2.8, shape=(), dtype=float32)",2.3365598,0.0024516545236110687
/tmp/DataSetCombined/Edges/Round-8_0059032_edge.png,"tf.Tensor(54.67, shape=(), dtype=float32)",53.36546,0.0024516545236110687
/tmp/DataSetCombined/Edges/Round-2_0061719_edge.png,"tf.Tensor(5.35, shape=(), dtype=float32)",5.0352387,0.0024516545236110687
/tmp/DataSetCombined/Edges/Round-7_0057494_edge.png,"tf.Tensor(52.58, shape=(), dtype=float32)",51.743183,0.0024516545236110687
/tmp/DataSetCombined/Edges/Round-5_0045428_edge.png,"tf.Tensor(46.9, shape=(), dtype=float32)",47.65372,0.0024516545236110687
/tmp/DataSetCombined/Edges/Round-6_0117180_edge.png,"tf.Tensor(44.94, shape=(), dtype=float32)",44.333538,0.0024516545236110687
/tmp/DataSetCombined/Edges/Round-9_0048645_edge.png,"tf.Tensor(2.91, shape=(), dtype=float32)",2.3043172,0.0024516545236110687
/tmp/DataSetCombined/Edges/Round-8_0074070_edge.png,"tf.Tensor(9.83, shape=(), dtype=float32)",10.456689,0.0024516545236110687
/tmp/DataSetCombined/Edges/Round-5_0066828_edge.png,"tf.Tensor(6.09, shape=(), dtype=float32)",6.17082,0.0024516545236110687
/tmp/DataSetCombined/Edges/Round-3_0020590_edge.png,"tf.Tensor(5.96, shape=(), dtype=float32)",5.9758024,0.0024516545236110687
/tmp/DataSetCombined/Edges/Round-9_0084885_edge.png,"tf.Tensor(63.84, shape=(), dtype=float32)",62.59212,0.0024516545236110687
/tmp/DataSetCombined/Edges/Round-5_0060567_edge.png,"tf.Tensor(57.68, shape=(), dtype=float32)",55.711777,0.0024516545236110687
/tmp/DataSetCombined/Edges/Round-8_0019439_edge.png,"tf.Tensor(6.9, shape=(), dtype=float32)",7.1900215,0.0024516545236110687
/tmp/DataSetCombined/Edges/Round-2_0066536_edge.png,"tf.Tensor(5.24, shape=(), dtype=float32)",4.6774497,0.0024516545236110687
/tmp/DataSetCombined/Edges/Round-5_0004091_edge.png,"tf.Tensor(63.69, shape=(), dtype=float32)",62.97942,0.0024516545236110687
/tmp/DataSetCombined/Edges/Round-7_0135784_edge.png,"tf.Tensor(2.59, shape=(), dtype=float32)",2.2227297,0.0024516545236110687
/tmp/DataSetCombined/Edges/Round-4_0080580_edge.png,"tf.Tensor(62.65, shape=(), dtype=float32)",62.690166,0.0024516545236110687
/tmp/DataSetCombined/Edges/Round-5_0099636_edge.png,"tf.Tensor(31.98, shape=(), dtype=float32)",33.00772,0.0024516545236110687
/tmp/DataSetCombined/Edges/Round-5_0063921_edge.png,"tf.Tensor(7.74, shape=(), dtype=float32)",8.171822,0.0024516545236110687
/tmp/DataSetCombined/Edges/Round-5_0075165_edge.png,"tf.Tensor(2.46, shape=(), dtype=float32)",2.1926827,0.0024516545236110687
/tmp/DataSetCombined/Edges/Round-5_0103038_edge.png,"tf.Tensor(2.99, shape=(), dtype=float32)",2.3601377,0.0024516545236110687
/tmp/DataSetCombined/Edges/Round-6_0101378_edge.png,"tf.Tensor(60.74, shape=(), dtype=float32)",59.625454,0.0024516545236110687
/tmp/DataSetCombined/Edges/Round-3_0059431_edge.png,"tf.Tensor(3.41, shape=(), dtype=float32)",2.541054,0.0024516545236110687
/tmp/DataSetCombined/Edges/Round-8_0041393_edge.png,"tf.Tensor(4.86, shape=(), dtype=float32)",4.366441,0.0024516545236110687
/tmp/DataSetCombined/Edges/Round-9_0044280_edge.png,"tf.Tensor(6.91, shape=(), dtype=float32)",7.2057695,0.0024516545236110687
/tmp/DataSetCombined/Edges/Round-8_0010391_edge.png,"tf.Tensor(58.49, shape=(), dtype=float32)",56.88925,0.0024516545236110687
/tmp/DataSetCombined/Edges/Round-9_0140201_edge.png,"tf.Tensor(57.63, shape=(), dtype=float32)",57.818943,0.0024516545236110687
/tmp/DataSetCombined/Edges/Round-6_0116307_edge.png,"tf.Tensor(6.76, shape=(), dtype=float32)",6.9968805,0.0024516545236110687
/tmp/DataSetCombined/Edges/Round-8_0053764_edge.png,"tf.Tensor(63.72, shape=(), dtype=float32)",62.24181,0.0024516545236110687
/tmp/DataSetCombined/Edges/Round-7_0137589_edge.png,"tf.Tensor(7.53, shape=(), dtype=float32)",7.735773,0.0024516545236110687
/tmp/DataSetCombined/Edges/Round-8_0013509_edge.png,"tf.Tensor(3.96, shape=(), dtype=float32)",3.0049222,0.002265244722366333
/tmp/DataSetCombined/Edges/Round-7_0094667_edge.png,"tf.Tensor(8.44, shape=(), dtype=float32)",8.7061205,0.002265244722366333
/tmp/DataSetCombined/Edges/Round-4_0054062_edge.png,"tf.Tensor(7.75, shape=(), dtype=float32)",8.137681,0.002265244722366333
/tmp/DataSetCombined/Edges/Round-10_0110649_edge.png,"tf.Tensor(3.08, shape=(), dtype=float32)",2.3762014,0.002265244722366333
/tmp/DataSetCombined/Edges/Round-7_0068149_edge.png,"tf.Tensor(31.83, shape=(), dtype=float32)",32.40762,0.002265244722366333
/tmp/DataSetCombined/Edges/Round-9_0181027_edge.png,"tf.Tensor(65.21, shape=(), dtype=float32)",64.22965,0.002265244722366333
/tmp/DataSetCombined/Edges/Round-8_0066497_edge.png,"tf.Tensor(64.92, shape=(), dtype=float32)",63.49921,0.002265244722366333
/tmp/DataSetCombined/Edges/Round-6_0078893_edge.png,"tf.Tensor(58.84, shape=(), dtype=float32)",58.232395,0.002265244722366333
/tmp/DataSetCombined/Edges/Round-9_0049969_edge.png,"tf.Tensor(50.82, shape=(), dtype=float32)",50.048725,0.002265244722366333
/tmp/DataSetCombined/Edges/Round-1_0111072_edge.png,"tf.Tensor(12.87, shape=(), dtype=float32)",13.326049,0.002265244722366333
/tmp/DataSetCombined/Edges/Round-2_0064338_edge.png,"tf.Tensor(5.38, shape=(), dtype=float32)",5.2013865,0.002265244722366333
/tmp/DataSetCombined/Edges/Round-8_0025068_edge.png,"tf.Tensor(51.19, shape=(), dtype=float32)",50.208897,0.002265244722366333
/tmp/DataSetCombined/Edges/Round-8_0027246_edge.png,"tf.Tensor(65.2, shape=(), dtype=float32)",63.97047,0.002265244722366333
/tmp/DataSetCombined/Edges/Round-10_0132832_edge.png,"tf.Tensor(65.41, shape=(), dtype=float32)",64.035515,0.002265244722366333
/tmp/DataSetCombined/Edges/Round-4_0040397_edge.png,"tf.Tensor(64.45, shape=(), dtype=float32)",63.17305,0.002265244722366333
/tmp/DataSetCombined/Edges/Round-8_0000364_edge.png,"tf.Tensor(63.75, shape=(), dtype=float32)",62.81867,0.002265244722366333
/tmp/DataSetCombined/Edges/Round-10_0037357_edge.png,"tf.Tensor(7.77, shape=(), dtype=float32)",8.199495,0.002265244722366333
/tmp/DataSetCombined/Edges/Round-5_0051959_edge.png,"tf.Tensor(3.24, shape=(), dtype=float32)",2.4494755,0.002265244722366333
/tmp/DataSetCombined/Edges/Round-6_0032450_edge.png,"tf.Tensor(65.18, shape=(), dtype=float32)",63.94815,0.002265244722366333
/tmp/DataSetCombined/Edges/Round-9_0155890_edge.png,"tf.Tensor(10.45, shape=(), dtype=float32)",11.159304,0.002265244722366333
/tmp/DataSetCombined/Edges/Round-8_0062692_edge.png,"tf.Tensor(64.56, shape=(), dtype=float32)",62.63136,0.002265244722366333
/tmp/DataSetCombined/Edges/Round-9_0150743_edge.png,"tf.Tensor(64.96, shape=(), dtype=float32)",62.40886,0.002265244722366333
/tmp/DataSetCombined/Edges/Round-8_0022840_edge.png,"tf.Tensor(63.97, shape=(), dtype=float32)",62.645443,0.002265244722366333
/tmp/DataSetCombined/Edges/Round-7_0104630_edge.png,"tf.Tensor(65.18, shape=(), dtype=float32)",63.57424,0.002265244722366333
/tmp/DataSetCombined/Edges/Round-7_0089039_edge.png,"tf.Tensor(64.53, shape=(), dtype=float32)",63.47706,0.002265244722366333
/tmp/DataSetCombined/Edges/Round-1_0131118_edge.png,"tf.Tensor(64.41, shape=(), dtype=float32)",62.947277,0.002265244722366333
/tmp/DataSetCombined/Edges/Round-1_0147191_edge.png,"tf.Tensor(43.81, shape=(), dtype=float32)",44.02936,0.002265244722366333
/tmp/DataSetCombined/Edges/Round-4_0003585_edge.png,"tf.Tensor(3.86, shape=(), dtype=float32)",2.9376547,0.002265244722366333
/tmp/DataSetCombined/Edges/Round-10_0106314_edge.png,"tf.Tensor(51.05, shape=(), dtype=float32)",47.27425,0.002265244722366333
/tmp/DataSetCombined/Edges/Round-7_0033625_edge.png,"tf.Tensor(5.28, shape=(), dtype=float32)",4.7866974,0.002265244722366333
/tmp/DataSetCombined/Edges/Round-5_0112579_edge.png,"tf.Tensor(9.88, shape=(), dtype=float32)",10.320563,0.002265244722366333
/tmp/DataSetCombined/Edges/Round-3_0036667_edge.png,"tf.Tensor(5.67, shape=(), dtype=float32)",5.566772,0.002265244722366333
/tmp/DataSetCombined/Edges/Round-7_0063243_edge.png,"tf.Tensor(64.36, shape=(), dtype=float32)",63.18434,0.002265244722366333
/tmp/DataSetCombined/Edges/Round-8_0004551_edge.png,"tf.Tensor(5.27, shape=(), dtype=float32)",4.658155,0.002265244722366333
/tmp/DataSetCombined/Edges/Round-9_0101741_edge.png,"tf.Tensor(22.33, shape=(), dtype=float32)",22.571606,0.002265244722366333
/tmp/DataSetCombined/Edges/Round-4_0049096_edge.png,"tf.Tensor(2.75, shape=(), dtype=float32)",2.2605805,0.002265244722366333
/tmp/DataSetCombined/Edges/Round-5_0055420_edge.png,"tf.Tensor(5.26, shape=(), dtype=float32)",5.010854,0.002265244722366333
/tmp/DataSetCombined/Edges/Round-6_0128578_edge.png,"tf.Tensor(6.69, shape=(), dtype=float32)",6.9231305,0.002265244722366333
/tmp/DataSetCombined/Edges/Round-5_0000485_edge.png,"tf.Tensor(57.06, shape=(), dtype=float32)",55.15862,0.002265244722366333
/tmp/DataSetCombined/Edges/Round-10_0030945_edge.png,"tf.Tensor(2.57, shape=(), dtype=float32)",2.23182,0.002265244722366333
/tmp/DataSetCombined/Edges/Round-10_0055602_edge.png,"tf.Tensor(64.2, shape=(), dtype=float32)",63.243687,0.002265244722366333
/tmp/DataSetCombined/Edges/Round-2_0075200_edge.png,"tf.Tensor(5.17, shape=(), dtype=float32)",4.9522023,0.002265244722366333
/tmp/DataSetCombined/Edges/Round-7_0083410_edge.png,"tf.Tensor(5.43, shape=(), dtype=float32)",5.2039337,0.002265244722366333
/tmp/DataSetCombined/Edges/Round-6_0082114_edge.png,"tf.Tensor(64.69, shape=(), dtype=float32)",62.66302,0.002265244722366333
/tmp/DataSetCombined/Edges/Round-1_0166394_edge.png,"tf.Tensor(61.99, shape=(), dtype=float32)",61.797302,0.002265244722366333
/tmp/DataSetCombined/Edges/Round-6_0132140_edge.png,"tf.Tensor(60.52, shape=(), dtype=float32)",61.40631,0.002265244722366333
/tmp/DataSetCombined/Edges/Round-1_0168170_edge.png,"tf.Tensor(4.53, shape=(), dtype=float32)",3.6164374,0.002265244722366333
/tmp/DataSetCombined/Edges/Round-1_0022900_edge.png,"tf.Tensor(64.14, shape=(), dtype=float32)",63.23792,0.002265244722366333
/tmp/DataSetCombined/Edges/Round-5_0053915_edge.png,"tf.Tensor(10.87, shape=(), dtype=float32)",11.407508,0.002265244722366333
/tmp/DataSetCombined/Edges/Round-2_0075300_edge.png,"tf.Tensor(64.69, shape=(), dtype=float32)",62.94063,0.002265244722366333
/tmp/DataSetCombined/Edges/Round-10_0196583_edge.png,"tf.Tensor(5.02, shape=(), dtype=float32)",4.2492,0.002265244722366333
/tmp/DataSetCombined/Edges/Round-10_0165190_edge.png,"tf.Tensor(56.26, shape=(), dtype=float32)",55.04295,0.002265244722366333
/tmp/DataSetCombined/Edges/Round-2_0075776_edge.png,"tf.Tensor(64.37, shape=(), dtype=float32)",62.981476,0.002265244722366333
/tmp/DataSetCombined/Edges/Round-6_0032570_edge.png,"tf.Tensor(3.2, shape=(), dtype=float32)",2.4340217,0.002265244722366333
/tmp/DataSetCombined/Edges/Round-3_0011470_edge.png,"tf.Tensor(2.66, shape=(), dtype=float32)",2.2817678,0.002265244722366333
/tmp/DataSetCombined/Edges/Round-5_0015207_edge.png,"tf.Tensor(3.77, shape=(), dtype=float32)",2.951007,0.002265244722366333
/tmp/DataSetCombined/Edges/Round-3_0062730_edge.png,"tf.Tensor(53.07, shape=(), dtype=float32)",52.821697,0.002265244722366333
/tmp/DataSetCombined/Edges/Round-8_0047823_edge.png,"tf.Tensor(8.13, shape=(), dtype=float32)",8.538184,0.002265244722366333
/tmp/DataSetCombined/Edges/Round-10_0154113_edge.png,"tf.Tensor(28.72, shape=(), dtype=float32)",29.052866,0.002265244722366333
/tmp/DataSetCombined/Edges/Round-1_0156612_edge.png,"tf.Tensor(60.86, shape=(), dtype=float32)",60.81574,0.002265244722366333
/tmp/DataSetCombined/Edges/Round-3_0044489_edge.png,"tf.Tensor(11.62, shape=(), dtype=float32)",11.8450365,0.002265244722366333
/tmp/DataSetCombined/Edges/Round-10_0044791_edge.png,"tf.Tensor(22.31, shape=(), dtype=float32)",22.487707,0.002265244722366333
/tmp/DataSetCombined/Edges/Round-6_0020169_edge.png,"tf.Tensor(3.38, shape=(), dtype=float32)",2.5636559,0.002265244722366333
/tmp/DataSetCombined/Edges/Round-5_0061711_edge.png,"tf.Tensor(8.2, shape=(), dtype=float32)",8.644312,0.002265244722366333
/tmp/DataSetCombined/Edges/Round-7_0065440_edge.png,"tf.Tensor(64.4, shape=(), dtype=float32)",63.10741,0.0023496560752391815
/tmp/DataSetCombined/Edges/Round-7_0014542_edge.png,"tf.Tensor(64.64, shape=(), dtype=float32)",62.740707,0.0023496560752391815
/tmp/DataSetCombined/Edges/Round-6_0074439_edge.png,"tf.Tensor(3.39, shape=(), dtype=float32)",2.5571382,0.0023496560752391815
/tmp/DataSetCombined/Edges/Round-4_0083590_edge.png,"tf.Tensor(6.53, shape=(), dtype=float32)",6.386399,0.0023496560752391815
/tmp/DataSetCombined/Edges/Round-6_0087381_edge.png,"tf.Tensor(65.08, shape=(), dtype=float32)",64.35317,0.0023496560752391815
/tmp/DataSetCombined/Edges/Round-3_0055174_edge.png,"tf.Tensor(42.68, shape=(), dtype=float32)",41.972595,0.0023496560752391815
/tmp/DataSetCombined/Edges/Round-5_0070801_edge.png,"tf.Tensor(6.77, shape=(), dtype=float32)",6.7209973,0.0023496560752391815
/tmp/DataSetCombined/Edges/Round-9_0065049_edge.png,"tf.Tensor(65.48, shape=(), dtype=float32)",63.78626,0.0023496560752391815
/tmp/DataSetCombined/Edges/Round-1_0056301_edge.png,"tf.Tensor(6.74, shape=(), dtype=float32)",6.6771555,0.0023496560752391815
/tmp/DataSetCombined/Edges/Round-1_0145566_edge.png,"tf.Tensor(28.96, shape=(), dtype=float32)",30.007856,0.0023496560752391815
/tmp/DataSetCombined/Edges/Round-5_0024508_edge.png,"tf.Tensor(65.25, shape=(), dtype=float32)",62.379818,0.0023496560752391815
/tmp/DataSetCombined/Edges/Round-1_0111734_edge.png,"tf.Tensor(64.18, shape=(), dtype=float32)",63.327724,0.0023496560752391815
/tmp/DataSetCombined/Edges/Round-5_0073690_edge.png,"tf.Tensor(53.55, shape=(), dtype=float32)",54.835327,0.0023496560752391815
/tmp/DataSetCombined/Edges/Round-1_0038400_edge.png,"tf.Tensor(56.54, shape=(), dtype=float32)",54.825542,0.0023496560752391815
/tmp/DataSetCombined/Edges/Round-10_0072850_edge.png,"tf.Tensor(43.04, shape=(), dtype=float32)",42.983627,0.0023496560752391815
/tmp/DataSetCombined/Edges/Round-10_0107519_edge.png,"tf.Tensor(2.99, shape=(), dtype=float32)",2.3390875,0.0023496560752391815
/tmp/DataSetCombined/Edges/Round-9_0053431_edge.png,"tf.Tensor(3.4, shape=(), dtype=float32)",2.5708897,0.0023496560752391815
/tmp/DataSetCombined/Edges/Round-3_0009967_edge.png,"tf.Tensor(3.58, shape=(), dtype=float32)",2.7951782,0.0023496560752391815
/tmp/DataSetCombined/Edges/Round-8_0072907_edge.png,"tf.Tensor(57.99, shape=(), dtype=float32)",58.574253,0.0023496560752391815
/tmp/DataSetCombined/Edges/Round-10_0042473_edge.png,"tf.Tensor(63.84, shape=(), dtype=float32)",62.818996,0.0023496560752391815
/tmp/DataSetCombined/Edges/Round-8_0009927_edge.png,"tf.Tensor(4.55, shape=(), dtype=float32)",3.6250083,0.0023496560752391815
/tmp/DataSetCombined/Edges/Round-7_0052919_edge.png,"tf.Tensor(3.32, shape=(), dtype=float32)",2.5960517,0.0023496560752391815
/tmp/DataSetCombined/Edges/Round-9_0106496_edge.png,"tf.Tensor(64.96, shape=(), dtype=float32)",62.11803,0.0023496560752391815
/tmp/DataSetCombined/Edges/Round-8_0060055_edge.png,"tf.Tensor(6.67, shape=(), dtype=float32)",6.8177733,0.0023496560752391815
/tmp/DataSetCombined/Edges/Round-1_0032134_edge.png,"tf.Tensor(6.33, shape=(), dtype=float32)",6.038837,0.0023496560752391815
/tmp/DataSetCombined/Edges/Round-5_0109088_edge.png,"tf.Tensor(52.61, shape=(), dtype=float32)",52.350796,0.0023496560752391815
/tmp/DataSetCombined/Edges/Round-6_0010928_edge.png,"tf.Tensor(63.9, shape=(), dtype=float32)",62.781376,0.0023496560752391815
/tmp/DataSetCombined/Edges/Round-8_0013148_edge.png,"tf.Tensor(60.14, shape=(), dtype=float32)",60.419685,0.0023496560752391815
/tmp/DataSetCombined/Edges/Round-9_0156160_edge.png,"tf.Tensor(64.45, shape=(), dtype=float32)",62.15069,0.0023496560752391815
/tmp/DataSetCombined/Edges/Round-3_0016677_edge.png,"tf.Tensor(9.05, shape=(), dtype=float32)",9.53606,0.0023496560752391815
/tmp/DataSetCombined/Edges/Round-2_0085589_edge.png,"tf.Tensor(32.83, shape=(), dtype=float32)",33.94653,0.0023496560752391815
/tmp/DataSetCombined/Edges/Round-10_0107489_edge.png,"tf.Tensor(52.38, shape=(), dtype=float32)",51.57892,0.0023496560752391815
/tmp/DataSetCombined/Edges/Round-8_0060025_edge.png,"tf.Tensor(62.55, shape=(), dtype=float32)",61.411606,0.0023496560752391815
/tmp/DataSetCombined/Edges/Round-4_0059540_edge.png,"tf.Tensor(3.99, shape=(), dtype=float32)",3.0320146,0.0023496560752391815
/tmp/DataSetCombined/Edges/Round-3_0084852_edge.png,"tf.Tensor(2.92, shape=(), dtype=float32)",2.3433394,0.0023496560752391815
/tmp/DataSetCombined/Edges/Round-5_0044524_edge.png,"tf.Tensor(47.08, shape=(), dtype=float32)",48.84918,0.0023496560752391815
/tmp/DataSetCombined/Edges/Round-10_0169680_edge.png,"tf.Tensor(3.51, shape=(), dtype=float32)",2.6472769,0.0023496560752391815
/tmp/DataSetCombined/Edges/Round-7_0029562_edge.png,"tf.Tensor(64.12, shape=(), dtype=float32)",63.158367,0.0023496560752391815
/tmp/DataSetCombined/Edges/Round-1_0032867_edge.png,"tf.Tensor(7.14, shape=(), dtype=float32)",7.485219,0.0023496560752391815
/tmp/DataSetCombined/Edges/Round-4_0087383_edge.png,"tf.Tensor(64.98, shape=(), dtype=float32)",62.92498,0.0023496560752391815
/tmp/DataSetCombined/Edges/Round-5_0022612_edge.png,"tf.Tensor(5.95, shape=(), dtype=float32)",5.4589405,0.0023496560752391815
/tmp/DataSetCombined/Edges/Round-1_0004730_edge.png,"tf.Tensor(7.4, shape=(), dtype=float32)",7.779746,0.0023496560752391815
/tmp/DataSetCombined/Edges/Round-8_0023773_edge.png,"tf.Tensor(8.06, shape=(), dtype=float32)",8.229705,0.0023496560752391815
/tmp/DataSetCombined/Edges/Round-4_0038811_edge.png,"tf.Tensor(30.04, shape=(), dtype=float32)",30.765364,0.0023496560752391815
/tmp/DataSetCombined/Edges/Round-10_0127685_edge.png,"tf.Tensor(4.19, shape=(), dtype=float32)",3.2006404,0.0023496560752391815
/tmp/DataSetCombined/Edges/Round-9_0140990_edge.png,"tf.Tensor(4.52, shape=(), dtype=float32)",3.8149595,0.0023496560752391815
/tmp/DataSetCombined/Edges/Round-10_0199563_edge.png,"tf.Tensor(3.78, shape=(), dtype=float32)",2.956935,0.0023496560752391815
/tmp/DataSetCombined/Edges/Round-6_0021042_edge.png,"tf.Tensor(55.35, shape=(), dtype=float32)",54.592354,0.0023496560752391815
/tmp/DataSetCombined/Edges/Round-10_0139213_edge.png,"tf.Tensor(45.5, shape=(), dtype=float32)",44.679775,0.0023496560752391815
/tmp/DataSetCombined/Edges/Round-6_0028446_edge.png,"tf.Tensor(64.84, shape=(), dtype=float32)",63.179432,0.0023496560752391815
/tmp/DataSetCombined/Edges/Round-10_0147430_edge.png,"tf.Tensor(49.5, shape=(), dtype=float32)",49.0206,0.0023496560752391815
/tmp/DataSetCombined/Edges/Round-7_0001779_edge.png,"tf.Tensor(62.57, shape=(), dtype=float32)",63.21269,0.0023496560752391815
/tmp/DataSetCombined/Edges/Round-4_0052045_edge.png,"tf.Tensor(44.76, shape=(), dtype=float32)",45.30235,0.0023496560752391815
/tmp/DataSetCombined/Edges/Round-10_0014812_edge.png,"tf.Tensor(5.93, shape=(), dtype=float32)",5.9941053,0.0023496560752391815
/tmp/DataSetCombined/Edges/Round-1_0167541_edge.png,"tf.Tensor(5.83, shape=(), dtype=float32)",5.94386,0.0023496560752391815
/tmp/DataSetCombined/Edges/Round-6_0117902_edge.png,"tf.Tensor(45.05, shape=(), dtype=float32)",47.85451,0.0023496560752391815
/tmp/DataSetCombined/Edges/Round-8_0000808_edge.png,"tf.Tensor(22.72, shape=(), dtype=float32)",23.230291,0.0023496560752391815
/tmp/DataSetCombined/Edges/Round-5_0072248_edge.png,"tf.Tensor(65.34, shape=(), dtype=float32)",64.199745,0.0023496560752391815
/tmp/DataSetCombined/Edges/Round-6_0026520_edge.png,"tf.Tensor(3.61, shape=(), dtype=float32)",2.7184563,0.0023496560752391815
/tmp/DataSetCombined/Edges/Round-10_0102973_edge.png,"tf.Tensor(5.05, shape=(), dtype=float32)",4.4962244,0.0023496560752391815
/tmp/DataSetCombined/Edges/Round-6_0027731_edge.png,"tf.Tensor(7.15, shape=(), dtype=float32)",7.1895685,0.0023496560752391815
/tmp/DataSetCombined/Edges/Round-8_0023924_edge.png,"tf.Tensor(54.55, shape=(), dtype=float32)",54.27,0.0023496560752391815
/tmp/DataSetCombined/Edges/Round-10_0039433_edge.png,"tf.Tensor(50.0, shape=(), dtype=float32)",52.44138,0.0023496560752391815
/tmp/DataSetCombined/Edges/Round-2_0109548_edge.png,"tf.Tensor(64.68, shape=(), dtype=float32)",62.976166,0.0023496560752391815
/tmp/DataSetCombined/Edges/Round-1_0061801_edge.png,"tf.Tensor(3.17, shape=(), dtype=float32)",2.4104738,0.0021269842982292175
/tmp/DataSetCombined/Edges/Round-10_0042503_edge.png,"tf.Tensor(9.18, shape=(), dtype=float32)",9.791989,0.0021269842982292175
/tmp/DataSetCombined/Edges/Round-10_0069774_edge.png,"tf.Tensor(64.25, shape=(), dtype=float32)",63.106693,0.0021269842982292175
/tmp/DataSetCombined/Edges/Round-8_0032831_edge.png,"tf.Tensor(6.37, shape=(), dtype=float32)",6.605367,0.0021269842982292175
/tmp/DataSetCombined/Edges/Round-8_0053042_edge.png,"tf.Tensor(37.9, shape=(), dtype=float32)",37.92982,0.0021269842982292175
/tmp/DataSetCombined/Edges/Round-2_0112167_edge.png,"tf.Tensor(3.52, shape=(), dtype=float32)",2.648614,0.0021269842982292175
/tmp/DataSetCombined/Edges/Round-3_0031434_edge.png,"tf.Tensor(64.22, shape=(), dtype=float32)",63.506535,0.0021269842982292175
/tmp/DataSetCombined/Edges/Round-6_0108632_edge.png,"tf.Tensor(32.4, shape=(), dtype=float32)",32.522278,0.0021269842982292175
/tmp/DataSetCombined/Edges/Round-10_0095569_edge.png,"tf.Tensor(49.58, shape=(), dtype=float32)",48.762432,0.0021269842982292175
/tmp/DataSetCombined/Edges/Round-4_0017732_edge.png,"tf.Tensor(64.27, shape=(), dtype=float32)",63.05213,0.0021269842982292175
/tmp/DataSetCombined/Edges/Round-4_0087743_edge.png,"tf.Tensor(49.04, shape=(), dtype=float32)",48.272648,0.0021269842982292175
/tmp/DataSetCombined/Edges/Round-9_0111282_edge.png,"tf.Tensor(7.49, shape=(), dtype=float32)",7.854477,0.0021269842982292175
/tmp/DataSetCombined/Edges/Round-6_0107638_edge.png,"tf.Tensor(34.57, shape=(), dtype=float32)",35.260777,0.0021269842982292175
/tmp/DataSetCombined/Edges/Round-8_0053873_edge.png,"tf.Tensor(63.69, shape=(), dtype=float32)",62.407894,0.0021269842982292175
/tmp/DataSetCombined/Edges/Round-2_0071382_edge.png,"tf.Tensor(22.97, shape=(), dtype=float32)",24.045149,0.0021269842982292175
/tmp/DataSetCombined/Edges/Round-5_0046932_edge.png,"tf.Tensor(32.34, shape=(), dtype=float32)",32.333557,0.0021269842982292175
/tmp/DataSetCombined/Edges/Round-4_0068329_edge.png,"tf.Tensor(3.93, shape=(), dtype=float32)",2.9937959,0.0021269842982292175
/tmp/DataSetCombined/Edges/Round-10_0148604_edge.png,"tf.Tensor(47.92, shape=(), dtype=float32)",49.977077,0.0021269842982292175
/tmp/DataSetCombined/Edges/Round-5_0095543_edge.png,"tf.Tensor(7.19, shape=(), dtype=float32)",7.177538,0.0021269842982292175
/tmp/DataSetCombined/Edges/Round-9_0097255_edge.png,"tf.Tensor(4.44, shape=(), dtype=float32)",3.562204,0.0021269842982292175
/tmp/DataSetCombined/Edges/Round-7_0017762_edge.png,"tf.Tensor(59.82, shape=(), dtype=float32)",60.343044,0.0021269842982292175
/tmp/DataSetCombined/Edges/Round-2_0080381_edge.png,"tf.Tensor(8.89, shape=(), dtype=float32)",9.354623,0.0021269842982292175
/tmp/DataSetCombined/Edges/Round-5_0090577_edge.png,"tf.Tensor(65.31, shape=(), dtype=float32)",63.968357,0.0021269842982292175
/tmp/DataSetCombined/Edges/Round-1_0026267_edge.png,"tf.Tensor(45.52, shape=(), dtype=float32)",43.922077,0.0021269842982292175
/tmp/DataSetCombined/Edges/Round-3_0065408_edge.png,"tf.Tensor(63.88, shape=(), dtype=float32)",63.12808,0.0021269842982292175
/tmp/DataSetCombined/Edges/Round-3_0046800_edge.png,"tf.Tensor(7.56, shape=(), dtype=float32)",7.8983393,0.0021269842982292175
/tmp/DataSetCombined/Edges/Round-3_0003767_edge.png,"tf.Tensor(12.32, shape=(), dtype=float32)",13.020242,0.0021269842982292175
/tmp/DataSetCombined/Edges/Round-9_0137908_edge.png,"tf.Tensor(4.82, shape=(), dtype=float32)",4.035304,0.0021269842982292175
/tmp/DataSetCombined/Edges/Round-4_0078834_edge.png,"tf.Tensor(3.39, shape=(), dtype=float32)",2.5531268,0.0021269842982292175
/tmp/DataSetCombined/Edges/Round-10_0115074_edge.png,"tf.Tensor(64.87, shape=(), dtype=float32)",63.3165,0.0021269842982292175
/tmp/DataSetCombined/Edges/Round-7_0046748_edge.png,"tf.Tensor(6.34, shape=(), dtype=float32)",6.0805864,0.0021269842982292175
/tmp/DataSetCombined/Edges/Round-7_0101620_edge.png,"tf.Tensor(3.0, shape=(), dtype=float32)",2.343012,0.0021269842982292175
/tmp/DataSetCombined/Edges/Round-8_0004070_edge.png,"tf.Tensor(2.49, shape=(), dtype=float32)",2.1812766,0.0021269842982292175
/tmp/DataSetCombined/Edges/Round-8_0058339_edge.png,"tf.Tensor(62.05, shape=(), dtype=float32)",62.30692,0.0021269842982292175
/tmp/DataSetCombined/Edges/Round-4_0040517_edge.png,"tf.Tensor(42.41, shape=(), dtype=float32)",42.495144,0.0021269842982292175
/tmp/DataSetCombined/Edges/Round-7_0091928_edge.png,"tf.Tensor(63.73, shape=(), dtype=float32)",63.19475,0.0021269842982292175
/tmp/DataSetCombined/Edges/Round-6_0121544_edge.png,"tf.Tensor(65.33, shape=(), dtype=float32)",64.1115,0.0021269842982292175
/tmp/DataSetCombined/Edges/Round-5_0063156_edge.png,"tf.Tensor(4.56, shape=(), dtype=float32)",3.6489787,0.0021269842982292175
/tmp/DataSetCombined/Edges/Round-10_0118264_edge.png,"tf.Tensor(65.35, shape=(), dtype=float32)",63.77631,0.0021269842982292175
/tmp/DataSetCombined/Edges/Round-6_0095117_edge.png,"tf.Tensor(4.26, shape=(), dtype=float32)",3.2231336,0.0021269842982292175
/tmp/DataSetCombined/Edges/Round-6_0017008_edge.png,"tf.Tensor(63.05, shape=(), dtype=float32)",62.272076,0.0021269842982292175
/tmp/DataSetCombined/Edges/Round-10_0027122_edge.png,"tf.Tensor(51.48, shape=(), dtype=float32)",50.719536,0.0021269842982292175
/tmp/DataSetCombined/Edges/Round-7_0121516_edge.png,"tf.Tensor(4.5, shape=(), dtype=float32)",3.4934816,0.0021269842982292175
/tmp/DataSetCombined/Edges/Round-8_0074654_edge.png,"tf.Tensor(33.87, shape=(), dtype=float32)",35.299107,0.0021269842982292175
/tmp/DataSetCombined/Edges/Round-8_0032472_edge.png,"tf.Tensor(5.78, shape=(), dtype=float32)",5.8102827,0.0021269842982292175
/tmp/DataSetCombined/Edges/Round-6_0070616_edge.png,"tf.Tensor(3.27, shape=(), dtype=float32)",2.4687235,0.0021269842982292175
/tmp/DataSetCombined/Edges/Round-3_0002467_edge.png,"tf.Tensor(22.8, shape=(), dtype=float32)",21.99032,0.0021269842982292175
/tmp/DataSetCombined/Edges/Round-8_0009698_edge.png,"tf.Tensor(26.37, shape=(), dtype=float32)",28.083418,0.0021269842982292175
/tmp/DataSetCombined/Edges/Round-6_0011771_edge.png,"tf.Tensor(6.29, shape=(), dtype=float32)",6.4102545,0.0021269842982292175
/tmp/DataSetCombined/Edges/Round-10_0076667_edge.png,"tf.Tensor(7.53, shape=(), dtype=float32)",7.7343273,0.0021269842982292175
/tmp/DataSetCombined/Edges/Round-10_0046102_edge.png,"tf.Tensor(4.03, shape=(), dtype=float32)",3.2140875,0.0021269842982292175
/tmp/DataSetCombined/Edges/Round-2_0065211_edge.png,"tf.Tensor(4.85, shape=(), dtype=float32)",4.01469,0.0021269842982292175
/tmp/DataSetCombined/Edges/Round-8_0025734_edge.png,"tf.Tensor(9.74, shape=(), dtype=float32)",10.168857,0.0021269842982292175
/tmp/DataSetCombined/Edges/Round-9_0064236_edge.png,"tf.Tensor(18.93, shape=(), dtype=float32)",18.721788,0.0021269842982292175
/tmp/DataSetCombined/Edges/Round-7_0005391_edge.png,"tf.Tensor(3.02, shape=(), dtype=float32)",2.3507,0.0021269842982292175
/tmp/DataSetCombined/Edges/Round-9_0131406_edge.png,"tf.Tensor(4.72, shape=(), dtype=float32)",3.9958723,0.0021269842982292175
/tmp/DataSetCombined/Edges/Round-5_0099697_edge.png,"tf.Tensor(60.8, shape=(), dtype=float32)",60.3663,0.0021269842982292175
/tmp/DataSetCombined/Edges/Round-8_0029101_edge.png,"tf.Tensor(7.78, shape=(), dtype=float32)",8.102441,0.0021269842982292175
/tmp/DataSetCombined/Edges/Round-10_0009515_edge.png,"tf.Tensor(5.44, shape=(), dtype=float32)",5.1982303,0.0021269842982292175
/tmp/DataSetCombined/Edges/Round-6_0092167_edge.png,"tf.Tensor(2.36, shape=(), dtype=float32)",2.1532168,0.0021269842982292175
/tmp/DataSetCombined/Edges/Round-1_0072600_edge.png,"tf.Tensor(41.15, shape=(), dtype=float32)",42.124443,0.0021269842982292175
/tmp/DataSetCombined/Edges/Round-6_0081392_edge.png,"tf.Tensor(60.73, shape=(), dtype=float32)",60.30647,0.0021269842982292175
/tmp/DataSetCombined/Edges/Round-10_0163323_edge.png,"tf.Tensor(55.83, shape=(), dtype=float32)",53.75848,0.0021269842982292175
/tmp/DataSetCombined/Edges/Round-2_0090254_edge.png,"tf.Tensor(6.2, shape=(), dtype=float32)",6.333228,0.0021269842982292175
/tmp/DataSetCombined/Edges/Round-5_0037450_edge.png,"tf.Tensor(64.15, shape=(), dtype=float32)",63.52496,0.0022546611726284027
/tmp/DataSetCombined/Edges/Round-10_0005667_edge.png,"tf.Tensor(38.03, shape=(), dtype=float32)",38.60074,0.0022546611726284027
/tmp/DataSetCombined/Edges/Round-10_0028025_edge.png,"tf.Tensor(65.24, shape=(), dtype=float32)",64.19217,0.0022546611726284027
/tmp/DataSetCombined/Edges/Round-10_0076305_edge.png,"tf.Tensor(8.32, shape=(), dtype=float32)",8.6446905,0.0022546611726284027
/tmp/DataSetCombined/Edges/Round-1_0098220_edge.png,"tf.Tensor(3.62, shape=(), dtype=float32)",2.7692478,0.0022546611726284027
/tmp/DataSetCombined/Edges/Round-9_0116309_edge.png,"tf.Tensor(64.41, shape=(), dtype=float32)",63.008324,0.0022546611726284027
/tmp/DataSetCombined/Edges/Round-9_0145927_edge.png,"tf.Tensor(60.73, shape=(), dtype=float32)",59.448795,0.0022546611726284027
/tmp/DataSetCombined/Edges/Round-9_0125068_edge.png,"tf.Tensor(61.54, shape=(), dtype=float32)",62.401264,0.0022546611726284027
/tmp/DataSetCombined/Edges/Round-9_0112576_edge.png,"tf.Tensor(8.53, shape=(), dtype=float32)",8.800279,0.0022546611726284027
/tmp/DataSetCombined/Edges/Round-7_0100658_edge.png,"tf.Tensor(7.84, shape=(), dtype=float32)",7.992115,0.0022546611726284027
/tmp/DataSetCombined/Edges/Round-8_0017253_edge.png,"tf.Tensor(55.23, shape=(), dtype=float32)",54.22324,0.0022546611726284027
/tmp/DataSetCombined/Edges/Round-7_0047621_edge.png,"tf.Tensor(4.08, shape=(), dtype=float32)",3.0602777,0.0022546611726284027
/tmp/DataSetCombined/Edges/Round-5_0080854_edge.png,"tf.Tensor(4.62, shape=(), dtype=float32)",3.6703928,0.0022546611726284027
/tmp/DataSetCombined/Edges/Round-10_0073927_edge.png,"tf.Tensor(63.05, shape=(), dtype=float32)",63.372997,0.0022546611726284027
/tmp/DataSetCombined/Edges/Round-9_0078383_edge.png,"tf.Tensor(60.88, shape=(), dtype=float32)",61.99883,0.0022546611726284027
/tmp/DataSetCombined/Edges/Round-9_0123292_edge.png,"tf.Tensor(55.88, shape=(), dtype=float32)",53.834553,0.0022546611726284027
/tmp/DataSetCombined/Edges/Round-10_0162480_edge.png,"tf.Tensor(65.29, shape=(), dtype=float32)",63.92501,0.0022546611726284027
/tmp/DataSetCombined/Edges/Round-6_0038379_edge.png,"tf.Tensor(7.34, shape=(), dtype=float32)",7.7468023,0.0022546611726284027
/tmp/DataSetCombined/Edges/Round-3_0076033_edge.png,"tf.Tensor(8.45, shape=(), dtype=float32)",8.617587,0.0022546611726284027
/tmp/DataSetCombined/Edges/Round-9_0128228_edge.png,"tf.Tensor(7.57, shape=(), dtype=float32)",7.947929,0.0022546611726284027
/tmp/DataSetCombined/Edges/Round-9_0082025_edge.png,"tf.Tensor(11.11, shape=(), dtype=float32)",11.870776,0.0022546611726284027
/tmp/DataSetCombined/Edges/Round-8_0037920_edge.png,"tf.Tensor(60.99, shape=(), dtype=float32)",61.061443,0.0022546611726284027
/tmp/DataSetCombined/Edges/Round-7_0040217_edge.png,"tf.Tensor(3.13, shape=(), dtype=float32)",2.419263,0.0022546611726284027
/tmp/DataSetCombined/Edges/Round-5_0095156_edge.png,"tf.Tensor(12.5, shape=(), dtype=float32)",12.556148,0.0022546611726284027
/tmp/DataSetCombined/Edges/Round-9_0054605_edge.png,"tf.Tensor(7.39, shape=(), dtype=float32)",7.346177,0.0022546611726284027
/tmp/DataSetCombined/Edges/Round-7_0125128_edge.png,"tf.Tensor(60.34, shape=(), dtype=float32)",60.424294,0.0022546611726284027
/tmp/DataSetCombined/Edges/Round-4_0017280_edge.png,"tf.Tensor(13.31, shape=(), dtype=float32)",13.709321,0.0022546611726284027
/tmp/DataSetCombined/Edges/Round-8_0055480_edge.png,"tf.Tensor(16.88, shape=(), dtype=float32)",17.567015,0.0022546611726284027
/tmp/DataSetCombined/Edges/Round-5_0010181_edge.png,"tf.Tensor(57.04, shape=(), dtype=float32)",53.53285,0.0022546611726284027
/tmp/DataSetCombined/Edges/Round-10_0099091_edge.png,"tf.Tensor(63.94, shape=(), dtype=float32)",63.849712,0.0022546611726284027
/tmp/DataSetCombined/Edges/Round-9_0199474_edge.png,"tf.Tensor(5.27, shape=(), dtype=float32)",4.776044,0.0022546611726284027
/tmp/DataSetCombined/Edges/Round-9_0137198_edge.png,"tf.Tensor(8.15, shape=(), dtype=float32)",8.501887,0.0022546611726284027
/tmp/DataSetCombined/Edges/Round-2_0027000_edge.png,"tf.Tensor(5.91, shape=(), dtype=float32)",5.5090365,0.0022546611726284027
/tmp/DataSetCombined/Edges/Round-1_0052167_edge.png,"tf.Tensor(60.22, shape=(), dtype=float32)",60.799774,0.0022546611726284027
/tmp/DataSetCombined/Edges/Round-1_0121396_edge.png,"tf.Tensor(8.68, shape=(), dtype=float32)",9.231744,0.0022546611726284027
/tmp/DataSetCombined/Edges/Round-1_0023767_edge.png,"tf.Tensor(5.09, shape=(), dtype=float32)",4.511517,0.0022546611726284027
/tmp/DataSetCombined/Edges/Round-1_0117513_edge.png,"tf.Tensor(59.8, shape=(), dtype=float32)",59.371914,0.0022546611726284027
/tmp/DataSetCombined/Edges/Round-1_0033423_edge.png,"tf.Tensor(7.32, shape=(), dtype=float32)",7.6233625,0.0022546611726284027
/tmp/DataSetCombined/Edges/Round-1_0010067_edge.png,"tf.Tensor(60.4, shape=(), dtype=float32)",59.218586,0.0022546611726284027
/tmp/DataSetCombined/Edges/Round-6_0036182_edge.png,"tf.Tensor(4.64, shape=(), dtype=float32)",3.8438232,0.0022546611726284027
/tmp/DataSetCombined/Edges/Round-2_0069334_edge.png,"tf.Tensor(43.88, shape=(), dtype=float32)",44.391663,0.0022546611726284027
/tmp/DataSetCombined/Edges/Round-3_0065890_edge.png,"tf.Tensor(16.66, shape=(), dtype=float32)",17.337442,0.0022546611726284027
/tmp/DataSetCombined/Edges/Round-1_0117182_edge.png,"tf.Tensor(5.48, shape=(), dtype=float32)",5.3864107,0.0022546611726284027
/tmp/DataSetCombined/Edges/Round-4_0033022_edge.png,"tf.Tensor(15.62, shape=(), dtype=float32)",16.386925,0.0022546611726284027
/tmp/DataSetCombined/Edges/Round-3_0074107_edge.png,"tf.Tensor(65.28, shape=(), dtype=float32)",62.973373,0.0022546611726284027
/tmp/DataSetCombined/Edges/Round-3_0048161_edge.png,"tf.Tensor(7.98, shape=(), dtype=float32)",8.087668,0.0022546611726284027
/tmp/DataSetCombined/Edges/Round-6_0087803_edge.png,"tf.Tensor(39.59, shape=(), dtype=float32)",39.48344,0.0022546611726284027
/tmp/DataSetCombined/Edges/Round-2_0066054_edge.png,"tf.Tensor(64.95, shape=(), dtype=float32)",62.479652,0.0022546611726284027
/tmp/DataSetCombined/Edges/Round-1_0024034_edge.png,"tf.Tensor(13.69, shape=(), dtype=float32)",13.901611,0.0022546611726284027
/tmp/DataSetCombined/Edges/Round-10_0166514_edge.png,"tf.Tensor(7.53, shape=(), dtype=float32)",7.957079,0.0022546611726284027
/tmp/DataSetCombined/Edges/Round-9_0063303_edge.png,"tf.Tensor(7.44, shape=(), dtype=float32)",7.7951336,0.0022546611726284027
/tmp/DataSetCombined/Edges/Round-3_0042833_edge.png,"tf.Tensor(39.22, shape=(), dtype=float32)",38.821693,0.0022546611726284027
/tmp/DataSetCombined/Edges/Round-4_0030825_edge.png,"tf.Tensor(4.74, shape=(), dtype=float32)",4.044619,0.0022546611726284027
/tmp/DataSetCombined/Edges/Round-5_0052922_edge.png,"tf.Tensor(63.0, shape=(), dtype=float32)",62.50857,0.0022546611726284027
/tmp/DataSetCombined/Edges/Round-10_0187734_edge.png,"tf.Tensor(37.57, shape=(), dtype=float32)",37.690598,0.0022546611726284027
/tmp/DataSetCombined/Edges/Round-9_0063424_edge.png,"tf.Tensor(3.61, shape=(), dtype=float32)",2.8170617,0.0022546611726284027
/tmp/DataSetCombined/Edges/Round-9_0054725_edge.png,"tf.Tensor(62.13, shape=(), dtype=float32)",61.805817,0.0022546611726284027
/tmp/DataSetCombined/Edges/Round-8_0038594_edge.png,"tf.Tensor(46.8, shape=(), dtype=float32)",46.66836,0.0022546611726284027
/tmp/DataSetCombined/Edges/Round-9_0004699_edge.png,"tf.Tensor(5.04, shape=(), dtype=float32)",4.485531,0.0022546611726284027
/tmp/DataSetCombined/Edges/Round-4_0081513_edge.png,"tf.Tensor(6.18, shape=(), dtype=float32)",5.8318615,0.0022546611726284027
/tmp/DataSetCombined/Edges/Round-5_0080613_edge.png,"tf.Tensor(59.45, shape=(), dtype=float32)",58.57915,0.0022546611726284027
/tmp/DataSetCombined/Edges/Round-7_0059270_edge.png,"tf.Tensor(6.35, shape=(), dtype=float32)",6.0602355,0.0022546611726284027
/tmp/DataSetCombined/Edges/Round-8_0035133_edge.png,"tf.Tensor(7.62, shape=(), dtype=float32)",8.003391,0.0022546611726284027
/tmp/DataSetCombined/Edges/Round-2_0082940_edge.png,"tf.Tensor(11.56, shape=(), dtype=float32)",11.802534,0.0022546611726284027
/tmp/DataSetCombined/Edges/Round-3_0085004_edge.png,"tf.Tensor(3.93, shape=(), dtype=float32)",3.172895,0.0024287179112434387
/tmp/DataSetCombined/Edges/Round-10_0092499_edge.png,"tf.Tensor(64.28, shape=(), dtype=float32)",62.80864,0.0024287179112434387
/tmp/DataSetCombined/Edges/Round-10_0086208_edge.png,"tf.Tensor(63.31, shape=(), dtype=float32)",61.92216,0.0024287179112434387
/tmp/DataSetCombined/Edges/Round-4_0082717_edge.png,"tf.Tensor(4.03, shape=(), dtype=float32)",3.186668,0.0024287179112434387
/tmp/DataSetCombined/Edges/Round-10_0147972_edge.png,"tf.Tensor(65.04, shape=(), dtype=float32)",64.116264,0.0024287179112434387
/tmp/DataSetCombined/Edges/Round-8_0019059_edge.png,"tf.Tensor(56.97, shape=(), dtype=float32)",54.19463,0.0024287179112434387
/tmp/DataSetCombined/Edges/Round-5_0045698_edge.png,"tf.Tensor(20.74, shape=(), dtype=float32)",21.473661,0.0024287179112434387
/tmp/DataSetCombined/Edges/Round-10_0105140_edge.png,"tf.Tensor(7.32, shape=(), dtype=float32)",7.6127977,0.0024287179112434387
/tmp/DataSetCombined/Edges/Round-5_0009036_edge.png,"tf.Tensor(2.09, shape=(), dtype=float32)",2.0936556,0.0024287179112434387
/tmp/DataSetCombined/Edges/Round-5_0001546_edge.png,"tf.Tensor(51.46, shape=(), dtype=float32)",47.669273,0.0024287179112434387
/tmp/DataSetCombined/Edges/Round-1_0098821_edge.png,"tf.Tensor(56.29, shape=(), dtype=float32)",55.361366,0.0024287179112434387
/tmp/DataSetCombined/Edges/Round-10_0138220_edge.png,"tf.Tensor(13.37, shape=(), dtype=float32)",13.726631,0.0024287179112434387
/tmp/DataSetCombined/Edges/Round-2_0088719_edge.png,"tf.Tensor(35.63, shape=(), dtype=float32)",37.06892,0.0024287179112434387
/tmp/DataSetCombined/Edges/Round-9_0051353_edge.png,"tf.Tensor(28.72, shape=(), dtype=float32)",30.260647,0.0024287179112434387
/tmp/DataSetCombined/Edges/Round-7_0071310_edge.png,"tf.Tensor(2.66, shape=(), dtype=float32)",2.2138555,0.0024287179112434387
/tmp/DataSetCombined/Edges/Round-3_0083341_edge.png,"tf.Tensor(56.72, shape=(), dtype=float32)",54.660526,0.0024287179112434387
/tmp/DataSetCombined/Edges/Round-1_0017334_edge.png,"tf.Tensor(4.45, shape=(), dtype=float32)",3.7151375,0.0024287179112434387
/tmp/DataSetCombined/Edges/Round-10_0028267_edge.png,"tf.Tensor(4.67, shape=(), dtype=float32)",3.8680546,0.0024287179112434387
/tmp/DataSetCombined/Edges/Round-10_0019026_edge.png,"tf.Tensor(9.87, shape=(), dtype=float32)",10.366387,0.0024287179112434387
/tmp/DataSetCombined/Edges/Round-9_0016167_edge.png,"tf.Tensor(65.29, shape=(), dtype=float32)",62.304646,0.0024287179112434387
/tmp/DataSetCombined/Edges/Round-1_0064367_edge.png,"tf.Tensor(5.23, shape=(), dtype=float32)",5.0143523,0.0024287179112434387
/tmp/DataSetCombined/Edges/Round-8_0056233_edge.png,"tf.Tensor(33.68, shape=(), dtype=float32)",34.688145,0.0024287179112434387
/tmp/DataSetCombined/Edges/Round-9_0042805_edge.png,"tf.Tensor(64.08, shape=(), dtype=float32)",63.188786,0.0024287179112434387
/tmp/DataSetCombined/Edges/Round-10_0083499_edge.png,"tf.Tensor(32.27, shape=(), dtype=float32)",33.89325,0.0024287179112434387
/tmp/DataSetCombined/Edges/Round-3_0085545_edge.png,"tf.Tensor(4.07, shape=(), dtype=float32)",3.1604629,0.0024287179112434387
/tmp/DataSetCombined/Edges/Round-10_0068359_edge.png,"tf.Tensor(9.95, shape=(), dtype=float32)",10.395815,0.0024287179112434387
/tmp/DataSetCombined/Edges/Round-5_0122422_edge.png,"tf.Tensor(18.15, shape=(), dtype=float32)",18.651701,0.0024287179112434387
/tmp/DataSetCombined/Edges/Round-9_0091837_edge.png,"tf.Tensor(2.54, shape=(), dtype=float32)",2.1881611,0.0024287179112434387
/tmp/DataSetCombined/Edges/Round-1_0126664_edge.png,"tf.Tensor(64.66, shape=(), dtype=float32)",63.208233,0.0024287179112434387
/tmp/DataSetCombined/Edges/Round-1_0033866_edge.png,"tf.Tensor(64.75, shape=(), dtype=float32)",63.029377,0.0024287179112434387
/tmp/DataSetCombined/Edges/Round-9_0170699_edge.png,"tf.Tensor(4.11, shape=(), dtype=float32)",3.1509037,0.0024287179112434387
/tmp/DataSetCombined/Edges/Round-9_0047320_edge.png,"tf.Tensor(64.29, shape=(), dtype=float32)",62.75629,0.0024287179112434387
/tmp/DataSetCombined/Edges/Round-7_0063333_edge.png,"tf.Tensor(2.86, shape=(), dtype=float32)",2.3724403,0.0024287179112434387
/tmp/DataSetCombined/Edges/Round-6_0085184_edge.png,"tf.Tensor(3.42, shape=(), dtype=float32)",2.6620016,0.0024287179112434387
/tmp/DataSetCombined/Edges/Round-9_0106827_edge.png,"tf.Tensor(3.0, shape=(), dtype=float32)",2.354539,0.0024287179112434387
/tmp/DataSetCombined/Edges/Round-1_0132684_edge.png,"tf.Tensor(2.52, shape=(), dtype=float32)",2.1970203,0.0024287179112434387
/tmp/DataSetCombined/Edges/Round-2_0104614_edge.png,"tf.Tensor(10.24, shape=(), dtype=float32)",10.341304,0.0024287179112434387
/tmp/DataSetCombined/Edges/Round-10_0113148_edge.png,"tf.Tensor(21.75, shape=(), dtype=float32)",22.076288,0.0024287179112434387
/tmp/DataSetCombined/Edges/Round-3_0083378_edge.png,"tf.Tensor(62.09, shape=(), dtype=float32)",62.22756,0.0024287179112434387
/tmp/DataSetCombined/Edges/Round-4_0077781_edge.png,"tf.Tensor(64.02, shape=(), dtype=float32)",62.318676,0.0024287179112434387
/tmp/DataSetCombined/Edges/Round-7_0061481_edge.png,"tf.Tensor(28.98, shape=(), dtype=float32)",30.620045,0.0024287179112434387
/tmp/DataSetCombined/Edges/Round-9_0032000_edge.png,"tf.Tensor(5.55, shape=(), dtype=float32)",5.1576915,0.0024287179112434387
/tmp/DataSetCombined/Edges/Round-1_0169886_edge.png,"tf.Tensor(4.18, shape=(), dtype=float32)",3.330473,0.0024287179112434387
/tmp/DataSetCombined/Edges/Round-5_0019451_edge.png,"tf.Tensor(3.32, shape=(), dtype=float32)",2.4978287,0.0024287179112434387
/tmp/DataSetCombined/Edges/Round-8_0034097_edge.png,"tf.Tensor(64.14, shape=(), dtype=float32)",62.482662,0.0024287179112434387
/tmp/DataSetCombined/Edges/Round-1_0125038_edge.png,"tf.Tensor(7.92, shape=(), dtype=float32)",8.012074,0.0024287179112434387
/tmp/DataSetCombined/Edges/Round-2_0095702_edge.png,"tf.Tensor(4.0, shape=(), dtype=float32)",3.1704261,0.0024287179112434387
/tmp/DataSetCombined/Edges/Round-8_0039425_edge.png,"tf.Tensor(35.72, shape=(), dtype=float32)",36.842842,0.0024287179112434387
/tmp/DataSetCombined/Edges/Round-8_0064209_edge.png,"tf.Tensor(3.91, shape=(), dtype=float32)",2.9905655,0.0024287179112434387
/tmp/DataSetCombined/Edges/Round-7_0121382_edge.png,"tf.Tensor(4.9, shape=(), dtype=float32)",4.266196,0.0024287179112434387
/tmp/DataSetCombined/Edges/Round-1_0007334_edge.png,"tf.Tensor(65.06, shape=(), dtype=float32)",64.18502,0.0024287179112434387
/tmp/DataSetCombined/Edges/Round-8_0006496_edge.png,"tf.Tensor(64.14, shape=(), dtype=float32)",63.36701,0.0024287179112434387
/tmp/DataSetCombined/Edges/Round-4_0040364_edge.png,"tf.Tensor(4.47, shape=(), dtype=float32)",3.4767697,0.0024287179112434387
/tmp/DataSetCombined/Edges/Round-6_0006334_edge.png,"tf.Tensor(50.26, shape=(), dtype=float32)",48.721977,0.0024287179112434387
/tmp/DataSetCombined/Edges/Round-1_0130697_edge.png,"tf.Tensor(7.23, shape=(), dtype=float32)",7.505554,0.0024287179112434387
/tmp/DataSetCombined/Edges/Round-1_0096414_edge.png,"tf.Tensor(2.89, shape=(), dtype=float32)",2.290384,0.0024287179112434387
/tmp/DataSetCombined/Edges/Round-9_0048615_edge.png,"tf.Tensor(3.75, shape=(), dtype=float32)",2.8232572,0.0024287179112434387
/tmp/DataSetCombined/Edges/Round-10_0103997_edge.png,"tf.Tensor(4.47, shape=(), dtype=float32)",3.6553836,0.0024287179112434387
/tmp/DataSetCombined/Edges/Round-7_0110259_edge.png,"tf.Tensor(64.2, shape=(), dtype=float32)",62.01698,0.0024287179112434387
/tmp/DataSetCombined/Edges/Round-10_0057162_edge.png,"tf.Tensor(63.1, shape=(), dtype=float32)",60.225586,0.0024287179112434387
/tmp/DataSetCombined/Edges/Round-2_0077901_edge.png,"tf.Tensor(23.02, shape=(), dtype=float32)",22.743935,0.0024287179112434387
/tmp/DataSetCombined/Edges/Round-1_0119650_edge.png,"tf.Tensor(56.88, shape=(), dtype=float32)",57.53573,0.0024287179112434387
/tmp/DataSetCombined/Edges/Round-2_0053292_edge.png,"tf.Tensor(65.43, shape=(), dtype=float32)",63.979267,0.0024287179112434387
/tmp/DataSetCombined/Edges/Round-10_0123411_edge.png,"tf.Tensor(3.94, shape=(), dtype=float32)",2.9850197,0.0024287179112434387
/tmp/DataSetCombined/Edges/Round-6_0040451_edge.png,"tf.Tensor(65.34, shape=(), dtype=float32)",62.857273,0.0022390224039554596
/tmp/DataSetCombined/Edges/Round-6_0132351_edge.png,"tf.Tensor(61.77, shape=(), dtype=float32)",62.459396,0.0022390224039554596
/tmp/DataSetCombined/Edges/Round-6_0000546_edge.png,"tf.Tensor(47.47, shape=(), dtype=float32)",45.08759,0.0022390224039554596
/tmp/DataSetCombined/Edges/Round-2_0076739_edge.png,"tf.Tensor(42.6, shape=(), dtype=float32)",41.427044,0.0022390224039554596
/tmp/DataSetCombined/Edges/Round-10_0040667_edge.png,"tf.Tensor(64.36, shape=(), dtype=float32)",63.192455,0.0022390224039554596
/tmp/DataSetCombined/Edges/Round-9_0057163_edge.png,"tf.Tensor(3.92, shape=(), dtype=float32)",3.071801,0.0022390224039554596
/tmp/DataSetCombined/Edges/Round-7_0121257_edge.png,"tf.Tensor(4.4, shape=(), dtype=float32)",3.5384064,0.0022390224039554596
/tmp/DataSetCombined/Edges/Round-3_0006200_edge.png,"tf.Tensor(50.47, shape=(), dtype=float32)",49.6198,0.0022390224039554596
/tmp/DataSetCombined/Edges/Round-1_0044100_edge.png,"tf.Tensor(4.09, shape=(), dtype=float32)",3.0977783,0.0022390224039554596
/tmp/DataSetCombined/Edges/Round-4_0004879_edge.png,"tf.Tensor(49.74, shape=(), dtype=float32)",46.62235,0.0022390224039554596
/tmp/DataSetCombined/Edges/Round-10_0007317_edge.png,"tf.Tensor(26.37, shape=(), dtype=float32)",26.46836,0.0022390224039554596
/tmp/DataSetCombined/Edges/Round-7_0105624_edge.png,"tf.Tensor(13.45, shape=(), dtype=float32)",14.012198,0.0022390224039554596
/tmp/DataSetCombined/Edges/Round-3_0089006_edge.png,"tf.Tensor(62.24, shape=(), dtype=float32)",59.674294,0.0022390224039554596
/tmp/DataSetCombined/Edges/Round-10_0002637_edge.png,"tf.Tensor(65.34, shape=(), dtype=float32)",63.862614,0.0022390224039554596
/tmp/DataSetCombined/Edges/Round-9_0067005_edge.png,"tf.Tensor(2.46, shape=(), dtype=float32)",2.1899712,0.0022390224039554596
/tmp/DataSetCombined/Edges/Round-2_0090344_edge.png,"tf.Tensor(25.08, shape=(), dtype=float32)",25.892473,0.0022390224039554596
/tmp/DataSetCombined/Edges/Round-6_0017610_edge.png,"tf.Tensor(51.15, shape=(), dtype=float32)",49.746502,0.0022390224039554596
/tmp/DataSetCombined/Edges/Round-10_0039042_edge.png,"tf.Tensor(52.09, shape=(), dtype=float32)",50.584057,0.0022390224039554596
/tmp/DataSetCombined/Edges/Round-10_0190985_edge.png,"tf.Tensor(19.44, shape=(), dtype=float32)",20.210672,0.0022390224039554596
/tmp/DataSetCombined/Edges/Round-9_0140480_edge.png,"tf.Tensor(8.29, shape=(), dtype=float32)",8.642295,0.0022390224039554596
/tmp/DataSetCombined/Edges/Round-1_0000267_edge.png,"tf.Tensor(6.2, shape=(), dtype=float32)",6.291207,0.0022390224039554596
/tmp/DataSetCombined/Edges/Round-8_0066891_edge.png,"tf.Tensor(61.6, shape=(), dtype=float32)",62.5628,0.0022390224039554596
/tmp/DataSetCombined/Edges/Round-8_0057136_edge.png,"tf.Tensor(64.02, shape=(), dtype=float32)",63.078106,0.0022390224039554596
/tmp/DataSetCombined/Edges/Round-3_0078753_edge.png,"tf.Tensor(3.26, shape=(), dtype=float32)",2.4728723,0.0022390224039554596
/tmp/DataSetCombined/Edges/Round-9_0113539_edge.png,"tf.Tensor(4.16, shape=(), dtype=float32)",3.1766198,0.0022390224039554596
/tmp/DataSetCombined/Edges/Round-10_0138130_edge.png,"tf.Tensor(11.01, shape=(), dtype=float32)",11.550893,0.0022390224039554596
/tmp/DataSetCombined/Edges/Round-7_0013217_edge.png,"tf.Tensor(35.49, shape=(), dtype=float32)",37.07881,0.0022390224039554596
/tmp/DataSetCombined/Edges/Round-3_0032800_edge.png,"tf.Tensor(62.78, shape=(), dtype=float32)",62.241558,0.0022390224039554596
/tmp/DataSetCombined/Edges/Round-6_0092829_edge.png,"tf.Tensor(5.17, shape=(), dtype=float32)",4.9172344,0.0022390224039554596
/tmp/DataSetCombined/Edges/Round-10_0108361_edge.png,"tf.Tensor(9.38, shape=(), dtype=float32)",9.941237,0.0022390224039554596
/tmp/DataSetCombined/Edges/Round-8_0062812_edge.png,"tf.Tensor(24.39, shape=(), dtype=float32)",23.982626,0.0022390224039554596
/tmp/DataSetCombined/Edges/Round-9_0145777_edge.png,"tf.Tensor(62.38, shape=(), dtype=float32)",62.20577,0.0022390224039554596
/tmp/DataSetCombined/Edges/Round-8_0047281_edge.png,"tf.Tensor(3.86, shape=(), dtype=float32)",2.924214,0.0022390224039554596
/tmp/DataSetCombined/Edges/Round-10_0024173_edge.png,"tf.Tensor(57.85, shape=(), dtype=float32)",58.598476,0.0022390224039554596
/tmp/DataSetCombined/Edges/Round-10_0147671_edge.png,"tf.Tensor(16.48, shape=(), dtype=float32)",13.945762,0.0022390224039554596
/tmp/DataSetCombined/Edges/Round-6_0127655_edge.png,"tf.Tensor(4.51, shape=(), dtype=float32)",3.58136,0.0022390224039554596
/tmp/DataSetCombined/Edges/Round-6_0059539_edge.png,"tf.Tensor(4.52, shape=(), dtype=float32)",3.6056294,0.0022390224039554596
/tmp/DataSetCombined/Edges/Round-4_0019959_edge.png,"tf.Tensor(4.77, shape=(), dtype=float32)",3.820584,0.0022390224039554596
/tmp/DataSetCombined/Edges/Round-6_0091776_edge.png,"tf.Tensor(8.21, shape=(), dtype=float32)",8.650366,0.0022390224039554596
/tmp/DataSetCombined/Edges/Round-8_0059368_edge.png,"tf.Tensor(65.21, shape=(), dtype=float32)",64.09561,0.0022390224039554596
/tmp/DataSetCombined/Edges/Round-6_0001637_edge.png,"tf.Tensor(65.41, shape=(), dtype=float32)",64.17451,0.0022390224039554596
/tmp/DataSetCombined/Edges/Round-7_0135663_edge.png,"tf.Tensor(9.77, shape=(), dtype=float32)",9.993908,0.0022390224039554596
/tmp/DataSetCombined/Edges/Round-2_0040400_edge.png,"tf.Tensor(29.81, shape=(), dtype=float32)",31.865229,0.0022390224039554596
/tmp/DataSetCombined/Edges/Round-6_0080097_edge.png,"tf.Tensor(52.62, shape=(), dtype=float32)",50.568794,0.0022390224039554596
/tmp/DataSetCombined/Edges/Round-9_0065771_edge.png,"tf.Tensor(35.96, shape=(), dtype=float32)",37.401302,0.0022390224039554596
/tmp/DataSetCombined/Edges/Round-3_0008941_edge.png,"tf.Tensor(5.65, shape=(), dtype=float32)",5.5703654,0.0022390224039554596
/tmp/DataSetCombined/Edges/Round-7_0135452_edge.png,"tf.Tensor(58.21, shape=(), dtype=float32)",56.961643,0.0022390224039554596
/tmp/DataSetCombined/Edges/Round-1_0106798_edge.png,"tf.Tensor(17.41, shape=(), dtype=float32)",17.746267,0.0022390224039554596
/tmp/DataSetCombined/Edges/Round-9_0197066_edge.png,"tf.Tensor(7.58, shape=(), dtype=float32)",7.948905,0.0022390224039554596
/tmp/DataSetCombined/Edges/Round-2_0086582_edge.png,"tf.Tensor(12.89, shape=(), dtype=float32)",13.406531,0.0022390224039554596
/tmp/DataSetCombined/Edges/Round-6_0008882_edge.png,"tf.Tensor(65.08, shape=(), dtype=float32)",64.07028,0.0022390224039554596
/tmp/DataSetCombined/Edges/Round-8_0051838_edge.png,"tf.Tensor(17.03, shape=(), dtype=float32)",17.939878,0.0022390224039554596
/tmp/DataSetCombined/Edges/Round-5_0043260_edge.png,"tf.Tensor(63.82, shape=(), dtype=float32)",62.163364,0.0022390224039554596
/tmp/DataSetCombined/Edges/Round-9_0071580_edge.png,"tf.Tensor(3.98, shape=(), dtype=float32)",3.2194915,0.0022390224039554596
/tmp/DataSetCombined/Edges/Round-1_0102525_edge.png,"tf.Tensor(63.94, shape=(), dtype=float32)",62.406536,0.0022390224039554596
/tmp/DataSetCombined/Edges/Round-2_0089742_edge.png,"tf.Tensor(48.64, shape=(), dtype=float32)",47.76042,0.0022390224039554596
/tmp/DataSetCombined/Edges/Round-1_0158328_edge.png,"tf.Tensor(64.22, shape=(), dtype=float32)",62.72855,0.0022390224039554596
/tmp/DataSetCombined/Edges/Round-9_0100506_edge.png,"tf.Tensor(6.13, shape=(), dtype=float32)",6.2410955,0.0022390224039554596
/tmp/DataSetCombined/Edges/Round-10_0016527_edge.png,"tf.Tensor(65.35, shape=(), dtype=float32)",63.82386,0.0022390224039554596
/tmp/DataSetCombined/Edges/Round-9_0117031_edge.png,"tf.Tensor(64.99, shape=(), dtype=float32)",63.17906,0.0022390224039554596
/tmp/DataSetCombined/Edges/Round-10_0047470_edge.png,"tf.Tensor(61.54, shape=(), dtype=float32)",58.992443,0.0022390224039554596
/tmp/DataSetCombined/Edges/Round-1_0070434_edge.png,"tf.Tensor(62.58, shape=(), dtype=float32)",61.951008,0.0022390224039554596
/tmp/DataSetCombined/Edges/Round-10_0029169_edge.png,"tf.Tensor(56.01, shape=(), dtype=float32)",53.654922,0.0022390224039554596
/tmp/DataSetCombined/Edges/Round-5_0010904_edge.png,"tf.Tensor(3.25, shape=(), dtype=float32)",2.477731,0.0022390224039554596
/tmp/DataSetCombined/Edges/Round-3_0038559_edge.png,"tf.Tensor(58.68, shape=(), dtype=float32)",58.569016,0.002389475703239441
/tmp/DataSetCombined/Edges/Round-6_0103394_edge.png,"tf.Tensor(64.01, shape=(), dtype=float32)",61.97102,0.002389475703239441
/tmp/DataSetCombined/Edges/Round-1_0134580_edge.png,"tf.Tensor(45.35, shape=(), dtype=float32)",45.84344,0.002389475703239441
/tmp/DataSetCombined/Edges/Round-6_0128106_edge.png,"tf.Tensor(63.99, shape=(), dtype=float32)",62.419727,0.002389475703239441
/tmp/DataSetCombined/Edges/Round-9_0119078_edge.png,"tf.Tensor(5.65, shape=(), dtype=float32)",5.5445766,0.002389475703239441
/tmp/DataSetCombined/Edges/Round-8_0051374_edge.png,"tf.Tensor(63.42, shape=(), dtype=float32)",63.22344,0.002389475703239441
/tmp/DataSetCombined/Edges/Round-1_0006334_edge.png,"tf.Tensor(63.28, shape=(), dtype=float32)",62.867863,0.002389475703239441
/tmp/DataSetCombined/Edges/Round-3_0049064_edge.png,"tf.Tensor(65.12, shape=(), dtype=float32)",63.997005,0.002389475703239441
/tmp/DataSetCombined/Edges/Round-1_0014901_edge.png,"tf.Tensor(64.13, shape=(), dtype=float32)",63.459194,0.002389475703239441
/tmp/DataSetCombined/Edges/Round-4_0003856_edge.png,"tf.Tensor(63.95, shape=(), dtype=float32)",63.202465,0.002389475703239441
/tmp/DataSetCombined/Edges/Round-8_0031690_edge.png,"tf.Tensor(2.92, shape=(), dtype=float32)",2.3320777,0.002389475703239441
/tmp/DataSetCombined/Edges/Round-8_0030244_edge.png,"tf.Tensor(52.32, shape=(), dtype=float32)",51.70712,0.002389475703239441
/tmp/DataSetCombined/Edges/Round-1_0146980_edge.png,"tf.Tensor(3.38, shape=(), dtype=float32)",2.505161,0.002389475703239441
/tmp/DataSetCombined/Edges/Round-4_0074349_edge.png,"tf.Tensor(51.01, shape=(), dtype=float32)",50.06475,0.002389475703239441
/tmp/DataSetCombined/Edges/Round-3_0024734_edge.png,"tf.Tensor(5.76, shape=(), dtype=float32)",5.706283,0.002389475703239441
/tmp/DataSetCombined/Edges/Round-9_0067336_edge.png,"tf.Tensor(62.18, shape=(), dtype=float32)",62.559925,0.002389475703239441
/tmp/DataSetCombined/Edges/Round-8_0043350_edge.png,"tf.Tensor(62.24, shape=(), dtype=float32)",62.550472,0.002389475703239441
/tmp/DataSetCombined/Edges/Round-10_0153751_edge.png,"tf.Tensor(3.08, shape=(), dtype=float32)",2.4100246,0.002389475703239441
/tmp/DataSetCombined/Edges/Round-3_0013336_edge.png,"tf.Tensor(62.76, shape=(), dtype=float32)",61.73769,0.002389475703239441
/tmp/DataSetCombined/Edges/Round-4_0087051_edge.png,"tf.Tensor(13.55, shape=(), dtype=float32)",14.132638,0.002389475703239441
/tmp/DataSetCombined/Edges/Round-10_0023119_edge.png,"tf.Tensor(55.42, shape=(), dtype=float32)",52.83833,0.002389475703239441
/tmp/DataSetCombined/Edges/Round-7_0129518_edge.png,"tf.Tensor(56.13, shape=(), dtype=float32)",56.443363,0.002389475703239441
/tmp/DataSetCombined/Edges/Round-4_0077691_edge.png,"tf.Tensor(40.5, shape=(), dtype=float32)",40.324444,0.002389475703239441
/tmp/DataSetCombined/Edges/Round-7_0032782_edge.png,"tf.Tensor(64.17, shape=(), dtype=float32)",62.14168,0.002389475703239441
/tmp/DataSetCombined/Edges/Round-7_0082808_edge.png,"tf.Tensor(4.22, shape=(), dtype=float32)",3.4148555,0.002389475703239441
/tmp/DataSetCombined/Edges/Round-2_0023600_edge.png,"tf.Tensor(65.03, shape=(), dtype=float32)",62.141293,0.002389475703239441
/tmp/DataSetCombined/Edges/Round-10_0179668_edge.png,"tf.Tensor(7.38, shape=(), dtype=float32)",7.7592344,0.002389475703239441
/tmp/DataSetCombined/Edges/Round-9_0062340_edge.png,"tf.Tensor(4.97, shape=(), dtype=float32)",4.467366,0.002389475703239441
/tmp/DataSetCombined/Edges/Round-7_0102282_edge.png,"tf.Tensor(3.32, shape=(), dtype=float32)",2.4712603,0.002389475703239441
/tmp/DataSetCombined/Edges/Round-7_0113931_edge.png,"tf.Tensor(65.17, shape=(), dtype=float32)",63.976208,0.002389475703239441
/tmp/DataSetCombined/Edges/Round-9_0103606_edge.png,"tf.Tensor(7.34, shape=(), dtype=float32)",7.7292547,0.002389475703239441
/tmp/DataSetCombined/Edges/Round-6_0099210_edge.png,"tf.Tensor(39.59, shape=(), dtype=float32)",38.87678,0.002389475703239441
/tmp/DataSetCombined/Edges/Round-9_0092861_edge.png,"tf.Tensor(64.61, shape=(), dtype=float32)",62.883038,0.002389475703239441
/tmp/DataSetCombined/Edges/Round-1_0058901_edge.png,"tf.Tensor(27.48, shape=(), dtype=float32)",28.119814,0.002389475703239441
/tmp/DataSetCombined/Edges/Round-9_0094065_edge.png,"tf.Tensor(59.58, shape=(), dtype=float32)",58.142864,0.002389475703239441
/tmp/DataSetCombined/Edges/Round-5_0008103_edge.png,"tf.Tensor(3.7, shape=(), dtype=float32)",2.7614264,0.002389475703239441
/tmp/DataSetCombined/Edges/Round-10_0111281_edge.png,"tf.Tensor(38.83, shape=(), dtype=float32)",38.778847,0.002389475703239441
/tmp/DataSetCombined/Edges/Round-1_0156048_edge.png,"tf.Tensor(53.59, shape=(), dtype=float32)",53.965855,0.002389475703239441
/tmp/DataSetCombined/Edges/Round-9_0117483_edge.png,"tf.Tensor(64.51, shape=(), dtype=float32)",63.170452,0.002389475703239441
/tmp/DataSetCombined/Edges/Round-8_0049388_edge.png,"tf.Tensor(65.02, shape=(), dtype=float32)",62.601006,0.002389475703239441
/tmp/DataSetCombined/Edges/Round-9_0093463_edge.png,"tf.Tensor(8.88, shape=(), dtype=float32)",9.427442,0.002389475703239441
/tmp/DataSetCombined/Edges/Round-5_0010391_edge.png,"tf.Tensor(3.39, shape=(), dtype=float32)",2.6459332,0.002389475703239441
/tmp/DataSetCombined/Edges/Round-10_0153992_edge.png,"tf.Tensor(3.92, shape=(), dtype=float32)",3.0640101,0.002389475703239441
/tmp/DataSetCombined/Edges/Round-2_0074167_edge.png,"tf.Tensor(63.22, shape=(), dtype=float32)",62.747875,0.002389475703239441
/tmp/DataSetCombined/Edges/Round-2_0055500_edge.png,"tf.Tensor(4.2, shape=(), dtype=float32)",3.2722538,0.002389475703239441
/tmp/DataSetCombined/Edges/Round-9_0136024_edge.png,"tf.Tensor(65.29, shape=(), dtype=float32)",62.854427,0.002389475703239441
/tmp/DataSetCombined/Edges/Round-9_0091507_edge.png,"tf.Tensor(41.4, shape=(), dtype=float32)",41.191166,0.002389475703239441
/tmp/DataSetCombined/Edges/Round-2_0067438_edge.png,"tf.Tensor(3.54, shape=(), dtype=float32)",2.6435552,0.002389475703239441
/tmp/DataSetCombined/Edges/Round-7_0102342_edge.png,"tf.Tensor(6.71, shape=(), dtype=float32)",6.8152065,0.002389475703239441
/tmp/DataSetCombined/Edges/Round-10_0085967_edge.png,"tf.Tensor(62.73, shape=(), dtype=float32)",62.30372,0.002389475703239441
/tmp/DataSetCombined/Edges/Round-9_0078052_edge.png,"tf.Tensor(65.14, shape=(), dtype=float32)",64.01,0.002389475703239441
/tmp/DataSetCombined/Edges/Round-10_0102642_edge.png,"tf.Tensor(5.88, shape=(), dtype=float32)",5.9862933,0.002389475703239441
/tmp/DataSetCombined/Edges/Round-9_0052196_edge.png,"tf.Tensor(9.85, shape=(), dtype=float32)",10.435302,0.002389475703239441
/tmp/DataSetCombined/Edges/Round-9_0162933_edge.png,"tf.Tensor(6.89, shape=(), dtype=float32)",6.9906273,0.002389475703239441
/tmp/DataSetCombined/Edges/Round-9_0042355_edge.png,"tf.Tensor(51.82, shape=(), dtype=float32)",52.571278,0.002389475703239441
/tmp/DataSetCombined/Edges/Round-5_0041273_edge.png,"tf.Tensor(64.31, shape=(), dtype=float32)",62.81995,0.002389475703239441
/tmp/DataSetCombined/Edges/Round-1_0147522_edge.png,"tf.Tensor(7.46, shape=(), dtype=float32)",7.085384,0.002389475703239441
/tmp/DataSetCombined/Edges/Round-6_0047018_edge.png,"tf.Tensor(6.74, shape=(), dtype=float32)",7.1027203,0.002389475703239441
/tmp/DataSetCombined/Edges/Round-6_0047228_edge.png,"tf.Tensor(5.05, shape=(), dtype=float32)",4.2750354,0.002389475703239441
/tmp/DataSetCombined/Edges/Round-8_0044403_edge.png,"tf.Tensor(64.36, shape=(), dtype=float32)",63.46004,0.002389475703239441
/tmp/DataSetCombined/Edges/Round-5_0085006_edge.png,"tf.Tensor(59.35, shape=(), dtype=float32)",58.82944,0.002389475703239441
/tmp/DataSetCombined/Edges/Round-8_0054637_edge.png,"tf.Tensor(63.66, shape=(), dtype=float32)",63.282166,0.002389475703239441
/tmp/DataSetCombined/Edges/Round-10_0009815_edge.png,"tf.Tensor(46.62, shape=(), dtype=float32)",44.916565,0.002389475703239441
/tmp/DataSetCombined/Edges/Round-4_0057993_edge.png,"tf.Tensor(6.67, shape=(), dtype=float32)",6.9613695,0.002389475703239441
/tmp/DataSetCombined/Edges/Round-7_0064868_edge.png,"tf.Tensor(47.76, shape=(), dtype=float32)",44.625446,0.002309810370206833
/tmp/DataSetCombined/Edges/Round-8_0027487_edge.png,"tf.Tensor(60.06, shape=(), dtype=float32)",60.431973,0.002309810370206833
/tmp/DataSetCombined/Edges/Round-9_0144693_edge.png,"tf.Tensor(63.88, shape=(), dtype=float32)",62.89198,0.002309810370206833
/tmp/DataSetCombined/Edges/Round-8_0021919_edge.png,"tf.Tensor(9.07, shape=(), dtype=float32)",9.743676,0.002309810370206833
/tmp/DataSetCombined/Edges/Round-1_0088527_edge.png,"tf.Tensor(2.46, shape=(), dtype=float32)",2.1715932,0.002309810370206833
/tmp/DataSetCombined/Edges/Round-4_0081363_edge.png,"tf.Tensor(34.42, shape=(), dtype=float32)",35.80203,0.002309810370206833
/tmp/DataSetCombined/Edges/Round-8_0063125_edge.png,"tf.Tensor(5.41, shape=(), dtype=float32)",5.224012,0.002309810370206833
/tmp/DataSetCombined/Edges/Round-10_0191978_edge.png,"tf.Tensor(24.53, shape=(), dtype=float32)",25.774614,0.002309810370206833
/tmp/DataSetCombined/Edges/Round-2_0099495_edge.png,"tf.Tensor(5.27, shape=(), dtype=float32)",4.781951,0.002309810370206833
/tmp/DataSetCombined/Edges/Round-6_0117550_edge.png,"tf.Tensor(9.22, shape=(), dtype=float32)",9.785989,0.002309810370206833
/tmp/DataSetCombined/Edges/Round-7_0057765_edge.png,"tf.Tensor(8.33, shape=(), dtype=float32)",8.716588,0.002309810370206833
/tmp/DataSetCombined/Edges/Round-5_0081938_edge.png,"tf.Tensor(3.31, shape=(), dtype=float32)",2.5775063,0.002309810370206833
/tmp/DataSetCombined/Edges/Round-1_0095210_edge.png,"tf.Tensor(11.49, shape=(), dtype=float32)",12.258724,0.002309810370206833
/tmp/DataSetCombined/Edges/Round-3_0066401_edge.png,"tf.Tensor(65.28, shape=(), dtype=float32)",62.539417,0.002309810370206833
/tmp/DataSetCombined/Edges/Round-6_0045061_edge.png,"tf.Tensor(65.34, shape=(), dtype=float32)",63.789234,0.002309810370206833
/tmp/DataSetCombined/Edges/Round-9_0194779_edge.png,"tf.Tensor(26.24, shape=(), dtype=float32)",27.811625,0.002309810370206833
/tmp/DataSetCombined/Edges/Round-10_0134969_edge.png,"tf.Tensor(60.8, shape=(), dtype=float32)",59.81394,0.002309810370206833
/tmp/DataSetCombined/Edges/Round-9_0193905_edge.png,"tf.Tensor(3.96, shape=(), dtype=float32)",3.1543682,0.002309810370206833
/tmp/DataSetCombined/Edges/Round-10_0050329_edge.png,"tf.Tensor(8.34, shape=(), dtype=float32)",8.591678,0.002309810370206833
/tmp/DataSetCombined/Edges/Round-10_0073476_edge.png,"tf.Tensor(8.22, shape=(), dtype=float32)",8.385402,0.002309810370206833
/tmp/DataSetCombined/Edges/Round-8_0003468_edge.png,"tf.Tensor(15.02, shape=(), dtype=float32)",15.617328,0.002309810370206833
/tmp/DataSetCombined/Edges/Round-6_0058275_edge.png,"tf.Tensor(3.31, shape=(), dtype=float32)",2.6146438,0.002309810370206833
/tmp/DataSetCombined/Edges/Round-8_0001607_edge.png,"tf.Tensor(21.84, shape=(), dtype=float32)",22.511862,0.002309810370206833
/tmp/DataSetCombined/Edges/Round-10_0071579_edge.png,"tf.Tensor(15.86, shape=(), dtype=float32)",16.463078,0.002309810370206833
/tmp/DataSetCombined/Edges/Round-8_0046168_edge.png,"tf.Tensor(63.71, shape=(), dtype=float32)",62.30115,0.002309810370206833
/tmp/DataSetCombined/Edges/Round-7_0029683_edge.png,"tf.Tensor(64.23, shape=(), dtype=float32)",63.20749,0.002309810370206833
/tmp/DataSetCombined/Edges/Round-1_0073809_edge.png,"tf.Tensor(22.29, shape=(), dtype=float32)",22.279528,0.002309810370206833
/tmp/DataSetCombined/Edges/Round-8_0057816_edge.png,"tf.Tensor(65.26, shape=(), dtype=float32)",63.21989,0.002309810370206833
/tmp/DataSetCombined/Edges/Round-2_0055067_edge.png,"tf.Tensor(64.68, shape=(), dtype=float32)",62.642113,0.002309810370206833
/tmp/DataSetCombined/Edges/Round-7_0124586_edge.png,"tf.Tensor(53.67, shape=(), dtype=float32)",52.377487,0.002309810370206833
/tmp/DataSetCombined/Edges/Round-8_0087686_edge.png,"tf.Tensor(18.13, shape=(), dtype=float32)",17.931387,0.002309810370206833
/tmp/DataSetCombined/Edges/Round-9_0101230_edge.png,"tf.Tensor(6.26, shape=(), dtype=float32)",6.4036627,0.002309810370206833
/tmp/DataSetCombined/Edges/Round-6_0034723_edge.png,"tf.Tensor(48.7, shape=(), dtype=float32)",49.13368,0.002309810370206833
/tmp/DataSetCombined/Edges/Round-1_0118319_edge.png,"tf.Tensor(7.35, shape=(), dtype=float32)",7.285934,0.002309810370206833
/tmp/DataSetCombined/Edges/Round-8_0039184_edge.png,"tf.Tensor(6.88, shape=(), dtype=float32)",7.087763,0.002309810370206833
/tmp/DataSetCombined/Edges/Round-9_0182829_edge.png,"tf.Tensor(8.71, shape=(), dtype=float32)",9.2105255,0.002309810370206833
/tmp/DataSetCombined/Edges/Round-7_0086179_edge.png,"tf.Tensor(22.11, shape=(), dtype=float32)",21.353231,0.002309810370206833
/tmp/DataSetCombined/Edges/Round-9_0185989_edge.png,"tf.Tensor(3.14, shape=(), dtype=float32)",2.39946,0.002309810370206833
/tmp/DataSetCombined/Edges/Round-7_0115676_edge.png,"tf.Tensor(9.98, shape=(), dtype=float32)",10.488395,0.002309810370206833
/tmp/DataSetCombined/Edges/Round-8_0073540_edge.png,"tf.Tensor(2.69, shape=(), dtype=float32)",2.259755,0.002309810370206833
/tmp/DataSetCombined/Edges/Round-1_0054467_edge.png,"tf.Tensor(56.71, shape=(), dtype=float32)",57.124146,0.002309810370206833
/tmp/DataSetCombined/Edges/Round-2_0018400_edge.png,"tf.Tensor(63.69, shape=(), dtype=float32)",62.62019,0.002309810370206833
/tmp/DataSetCombined/Edges/Round-4_0083620_edge.png,"tf.Tensor(64.71, shape=(), dtype=float32)",63.124043,0.002309810370206833
/tmp/DataSetCombined/Edges/Round-3_0065107_edge.png,"tf.Tensor(62.45, shape=(), dtype=float32)",61.696083,0.002309810370206833
/tmp/DataSetCombined/Edges/Round-4_0019041_edge.png,"tf.Tensor(4.97, shape=(), dtype=float32)",4.2124677,0.002309810370206833
/tmp/DataSetCombined/Edges/Round-10_0181142_edge.png,"tf.Tensor(7.52, shape=(), dtype=float32)",7.9537745,0.002309810370206833
/tmp/DataSetCombined/Edges/Round-5_0053132_edge.png,"tf.Tensor(59.52, shape=(), dtype=float32)",56.573715,0.002309810370206833
/tmp/DataSetCombined/Edges/Round-5_0003879_edge.png,"tf.Tensor(4.61, shape=(), dtype=float32)",3.8582027,0.002309810370206833
/tmp/DataSetCombined/Edges/Round-3_0037234_edge.png,"tf.Tensor(21.19, shape=(), dtype=float32)",21.023169,0.002309810370206833
/tmp/DataSetCombined/Edges/Round-2_0102686_edge.png,"tf.Tensor(31.99, shape=(), dtype=float32)",32.6398,0.002309810370206833
/tmp/DataSetCombined/Edges/Round-9_0089581_edge.png,"tf.Tensor(4.6, shape=(), dtype=float32)",3.7747786,0.002309810370206833
/tmp/DataSetCombined/Edges/Round-1_0106888_edge.png,"tf.Tensor(61.98, shape=(), dtype=float32)",62.333195,0.002309810370206833
/tmp/DataSetCombined/Edges/Round-1_0066967_edge.png,"tf.Tensor(5.5, shape=(), dtype=float32)",5.435093,0.002309810370206833
/tmp/DataSetCombined/Edges/Round-4_0069142_edge.png,"tf.Tensor(7.98, shape=(), dtype=float32)",8.189887,0.002309810370206833
/tmp/DataSetCombined/Edges/Round-5_0103188_edge.png,"tf.Tensor(13.11, shape=(), dtype=float32)",13.524256,0.002309810370206833
/tmp/DataSetCombined/Edges/Round-8_0066334_edge.png,"tf.Tensor(48.25, shape=(), dtype=float32)",47.52667,0.002309810370206833
/tmp/DataSetCombined/Edges/Round-7_0038953_edge.png,"tf.Tensor(16.57, shape=(), dtype=float32)",17.090078,0.002309810370206833
/tmp/DataSetCombined/Edges/Round-3_0030643_edge.png,"tf.Tensor(47.9, shape=(), dtype=float32)",46.493935,0.002309810370206833
/tmp/DataSetCombined/Edges/Round-1_0153693_edge.png,"tf.Tensor(2.46, shape=(), dtype=float32)",2.1561477,0.002309810370206833
/tmp/DataSetCombined/Edges/Round-5_0023605_edge.png,"tf.Tensor(64.13, shape=(), dtype=float32)",63.078827,0.002309810370206833
/tmp/DataSetCombined/Edges/Round-7_0033813_edge.png,"tf.Tensor(63.77, shape=(), dtype=float32)",62.399284,0.002309810370206833
/tmp/DataSetCombined/Edges/Round-10_0058637_edge.png,"tf.Tensor(9.98, shape=(), dtype=float32)",10.507594,0.002309810370206833
/tmp/DataSetCombined/Edges/Round-10_0083469_edge.png,"tf.Tensor(17.78, shape=(), dtype=float32)",18.432302,0.002309810370206833
/tmp/DataSetCombined/Edges/Round-3_0037300_edge.png,"tf.Tensor(3.96, shape=(), dtype=float32)",3.0802553,0.002309810370206833
/tmp/DataSetCombined/Edges/Round-9_0107482_edge.png,"tf.Tensor(56.13, shape=(), dtype=float32)",55.790627,0.0025835372507572174
/tmp/DataSetCombined/Edges/Round-8_0078223_edge.png,"tf.Tensor(34.07, shape=(), dtype=float32)",35.75842,0.0025835372507572174
/tmp/DataSetCombined/Edges/Round-2_0077601_edge.png,"tf.Tensor(4.68, shape=(), dtype=float32)",3.9583728,0.0025835372507572174
/tmp/DataSetCombined/Edges/Round-1_0119470_edge.png,"tf.Tensor(65.12, shape=(), dtype=float32)",64.178696,0.0025835372507572174
/tmp/DataSetCombined/Edges/Round-8_0049538_edge.png,"tf.Tensor(64.08, shape=(), dtype=float32)",62.4828,0.0025835372507572174
/tmp/DataSetCombined/Edges/Round-4_0069443_edge.png,"tf.Tensor(11.18, shape=(), dtype=float32)",11.4524975,0.0025835372507572174
/tmp/DataSetCombined/Edges/Round-8_0044693_edge.png,"tf.Tensor(16.24, shape=(), dtype=float32)",16.973173,0.0025835372507572174
/tmp/DataSetCombined/Edges/Round-1_0019400_edge.png,"tf.Tensor(44.63, shape=(), dtype=float32)",45.232174,0.0025835372507572174
/tmp/DataSetCombined/Edges/Round-10_0058155_edge.png,"tf.Tensor(8.2, shape=(), dtype=float32)",8.663348,0.0025835372507572174
/tmp/DataSetCombined/Edges/Round-5_0022070_edge.png,"tf.Tensor(30.11, shape=(), dtype=float32)",31.33188,0.0025835372507572174
/tmp/DataSetCombined/Edges/Round-1_0010000_edge.png,"tf.Tensor(65.33, shape=(), dtype=float32)",62.78795,0.0025835372507572174
/tmp/DataSetCombined/Edges/Round-6_0054061_edge.png,"tf.Tensor(12.71, shape=(), dtype=float32)",13.286919,0.0025835372507572174
/tmp/DataSetCombined/Edges/Round-10_0113599_edge.png,"tf.Tensor(18.03, shape=(), dtype=float32)",18.682625,0.0025835372507572174
/tmp/DataSetCombined/Edges/Round-4_0015926_edge.png,"tf.Tensor(5.53, shape=(), dtype=float32)",5.3361025,0.0025835372507572174
/tmp/DataSetCombined/Edges/Round-1_0130757_edge.png,"tf.Tensor(7.1, shape=(), dtype=float32)",7.169249,0.0025835372507572174
/tmp/DataSetCombined/Edges/Round-9_0188006_edge.png,"tf.Tensor(64.56, shape=(), dtype=float32)",63.242344,0.0025835372507572174
/tmp/DataSetCombined/Edges/Round-3_0003667_edge.png,"tf.Tensor(64.45, shape=(), dtype=float32)",62.867474,0.0025835372507572174
/tmp/DataSetCombined/Edges/Round-1_0079828_edge.png,"tf.Tensor(65.26, shape=(), dtype=float32)",63.799614,0.0025835372507572174
/tmp/DataSetCombined/Edges/Round-5_0016863_edge.png,"tf.Tensor(64.86, shape=(), dtype=float32)",63.157722,0.0025835372507572174
/tmp/DataSetCombined/Edges/Round-1_0010167_edge.png,"tf.Tensor(12.48, shape=(), dtype=float32)",12.982864,0.0025835372507572174
/tmp/DataSetCombined/Edges/Round-7_0030946_edge.png,"tf.Tensor(49.0, shape=(), dtype=float32)",49.478195,0.0025835372507572174
/tmp/DataSetCombined/Edges/Round-9_0170679_edge.png,"tf.Tensor(33.61, shape=(), dtype=float32)",34.59231,0.0025835372507572174
/tmp/DataSetCombined/Edges/Round-8_0052109_edge.png,"tf.Tensor(64.66, shape=(), dtype=float32)",62.932037,0.0025835372507572174
/tmp/DataSetCombined/Edges/Round-10_0147826_edge.png,"tf.Tensor(8.38, shape=(), dtype=float32)",8.589727,0.0025835372507572174
/tmp/DataSetCombined/Edges/Round-5_0064059_edge.png,"tf.Tensor(63.1, shape=(), dtype=float32)",63.10579,0.0025835372507572174
/tmp/DataSetCombined/Edges/Round-5_0116553_edge.png,"tf.Tensor(56.29, shape=(), dtype=float32)",55.99625,0.0025835372507572174
/tmp/DataSetCombined/Edges/Round-5_0114596_edge.png,"tf.Tensor(65.21, shape=(), dtype=float32)",63.736774,0.0025835372507572174
/tmp/DataSetCombined/Edges/Round-9_0089279_edge.png,"tf.Tensor(5.98, shape=(), dtype=float32)",5.7046947,0.0025835372507572174
/tmp/DataSetCombined/Edges/Round-7_0021013_edge.png,"tf.Tensor(65.18, shape=(), dtype=float32)",62.710476,0.0025835372507572174
/tmp/DataSetCombined/Edges/Round-1_0058467_edge.png,"tf.Tensor(64.3, shape=(), dtype=float32)",62.03093,0.0025835372507572174
/tmp/DataSetCombined/Edges/Round-3_0081632_edge.png,"tf.Tensor(4.13, shape=(), dtype=float32)",3.3082445,0.0025835372507572174
/tmp/DataSetCombined/Edges/Round-6_0041449_edge.png,"tf.Tensor(65.28, shape=(), dtype=float32)",64.02666,0.0025835372507572174
/tmp/DataSetCombined/Edges/Round-3_0007167_edge.png,"tf.Tensor(57.43, shape=(), dtype=float32)",57.74627,0.0025835372507572174
/tmp/DataSetCombined/Edges/Round-3_0052401_edge.png,"tf.Tensor(51.97, shape=(), dtype=float32)",50.221615,0.0025835372507572174
/tmp/DataSetCombined/Edges/Round-2_0093204_edge.png,"tf.Tensor(36.09, shape=(), dtype=float32)",35.921486,0.0025835372507572174
/tmp/DataSetCombined/Edges/Round-10_0070857_edge.png,"tf.Tensor(63.01, shape=(), dtype=float32)",62.592144,0.0025835372507572174
/tmp/DataSetCombined/Edges/Round-9_0122991_edge.png,"tf.Tensor(34.1, shape=(), dtype=float32)",35.92512,0.0025835372507572174
/tmp/DataSetCombined/Edges/Round-6_0054603_edge.png,"tf.Tensor(13.68, shape=(), dtype=float32)",14.25487,0.0025835372507572174
/tmp/DataSetCombined/Edges/Round-6_0123742_edge.png,"tf.Tensor(9.36, shape=(), dtype=float32)",9.622567,0.0025835372507572174
/tmp/DataSetCombined/Edges/Round-9_0191106_edge.png,"tf.Tensor(62.83, shape=(), dtype=float32)",62.076756,0.0025835372507572174
/tmp/DataSetCombined/Edges/Round-9_0133225_edge.png,"tf.Tensor(48.63, shape=(), dtype=float32)",48.18181,0.0025835372507572174
/tmp/DataSetCombined/Edges/Round-8_0058731_edge.png,"tf.Tensor(2.47, shape=(), dtype=float32)",2.1663384,0.0025835372507572174
/tmp/DataSetCombined/Edges/Round-4_0079888_edge.png,"tf.Tensor(58.13, shape=(), dtype=float32)",57.65064,0.0025835372507572174
/tmp/DataSetCombined/Edges/Round-10_0008370_edge.png,"tf.Tensor(64.42, shape=(), dtype=float32)",62.6038,0.0025835372507572174
/tmp/DataSetCombined/Edges/Round-8_0014864_edge.png,"tf.Tensor(16.44, shape=(), dtype=float32)",16.665363,0.0025835372507572174
/tmp/DataSetCombined/Edges/Round-2_0093054_edge.png,"tf.Tensor(65.25, shape=(), dtype=float32)",63.865158,0.0025835372507572174
/tmp/DataSetCombined/Edges/Round-5_0115108_edge.png,"tf.Tensor(64.34, shape=(), dtype=float32)",62.923473,0.0025835372507572174
/tmp/DataSetCombined/Edges/Round-1_0108393_edge.png,"tf.Tensor(5.17, shape=(), dtype=float32)",4.9601803,0.0025835372507572174
/tmp/DataSetCombined/Edges/Round-7_0070045_edge.png,"tf.Tensor(62.51, shape=(), dtype=float32)",61.334118,0.0025835372507572174
/tmp/DataSetCombined/Edges/Round-5_0112098_edge.png,"tf.Tensor(3.45, shape=(), dtype=float32)",2.5945773,0.0025835372507572174
/tmp/DataSetCombined/Edges/Round-9_0105232_edge.png,"tf.Tensor(3.22, shape=(), dtype=float32)",2.4455829,0.0025835372507572174
/tmp/DataSetCombined/Edges/Round-6_0016166_edge.png,"tf.Tensor(5.4, shape=(), dtype=float32)",5.1857047,0.0025835372507572174
/tmp/DataSetCombined/Edges/Round-6_0062940_edge.png,"tf.Tensor(64.78, shape=(), dtype=float32)",62.5261,0.0025835372507572174
/tmp/DataSetCombined/Edges/Round-2_0072285_edge.png,"tf.Tensor(7.32, shape=(), dtype=float32)",7.3087435,0.0025835372507572174
/tmp/DataSetCombined/Edges/Round-9_0092418_edge.png,"tf.Tensor(7.5, shape=(), dtype=float32)",7.7519774,0.0025835372507572174
/tmp/DataSetCombined/Edges/Round-10_0142705_edge.png,"tf.Tensor(6.72, shape=(), dtype=float32)",6.7052197,0.0025835372507572174
/tmp/DataSetCombined/Edges/Round-8_0063806_edge.png,"tf.Tensor(6.97, shape=(), dtype=float32)",7.29867,0.0025835372507572174
/tmp/DataSetCombined/Edges/Round-4_0058366_edge.png,"tf.Tensor(3.25, shape=(), dtype=float32)",2.4606996,0.0025835372507572174
/tmp/DataSetCombined/Edges/Round-4_0007468_edge.png,"tf.Tensor(64.37, shape=(), dtype=float32)",62.083134,0.0025835372507572174
/tmp/DataSetCombined/Edges/Round-5_0045849_edge.png,"tf.Tensor(52.39, shape=(), dtype=float32)",51.260258,0.0025835372507572174
/tmp/DataSetCombined/Edges/Round-4_0023240_edge.png,"tf.Tensor(6.16, shape=(), dtype=float32)",6.304146,0.0025835372507572174
/tmp/DataSetCombined/Edges/Round-10_0142283_edge.png,"tf.Tensor(61.51, shape=(), dtype=float32)",62.497463,0.0025835372507572174
/tmp/DataSetCombined/Edges/Round-10_0060051_edge.png,"tf.Tensor(6.49, shape=(), dtype=float32)",6.204898,0.0025835372507572174
/tmp/DataSetCombined/Edges/Round-10_0045875_edge.png,"tf.Tensor(65.06, shape=(), dtype=float32)",64.12212,0.0025835372507572174
/tmp/DataSetCombined/Edges/Round-7_0103877_edge.png,"tf.Tensor(4.32, shape=(), dtype=float32)",3.3329043,0.0023712441325187683
/tmp/DataSetCombined/Edges/Round-1_0012934_edge.png,"tf.Tensor(3.57, shape=(), dtype=float32)",2.7824452,0.0023712441325187683
/tmp/DataSetCombined/Edges/Round-6_0129280_edge.png,"tf.Tensor(2.65, shape=(), dtype=float32)",2.2124734,0.0023712441325187683
/tmp/DataSetCombined/Edges/Round-9_0044461_edge.png,"tf.Tensor(39.99, shape=(), dtype=float32)",39.159832,0.0023712441325187683
/tmp/DataSetCombined/Edges/Round-7_0049465_edge.png,"tf.Tensor(4.88, shape=(), dtype=float32)",4.111686,0.0023712441325187683
/tmp/DataSetCombined/Edges/Round-1_0069167_edge.png,"tf.Tensor(65.07, shape=(), dtype=float32)",63.252796,0.0023712441325187683
/tmp/DataSetCombined/Edges/Round-8_0062614_edge.png,"tf.Tensor(63.78, shape=(), dtype=float32)",63.812717,0.0023712441325187683
/tmp/DataSetCombined/Edges/Round-10_0162888_edge.png,"tf.Tensor(2.59, shape=(), dtype=float32)",2.2194028,0.0023712441325187683
/tmp/DataSetCombined/Edges/Round-4_0076185_edge.png,"tf.Tensor(65.34, shape=(), dtype=float32)",63.954777,0.0023712441325187683
/tmp/DataSetCombined/Edges/Round-5_0101533_edge.png,"tf.Tensor(34.65, shape=(), dtype=float32)",35.59949,0.0023712441325187683
/tmp/DataSetCombined/Edges/Round-9_0138914_edge.png,"tf.Tensor(4.17, shape=(), dtype=float32)",3.2487285,0.0023712441325187683
/tmp/DataSetCombined/Edges/Round-1_0151736_edge.png,"tf.Tensor(55.13, shape=(), dtype=float32)",53.89588,0.0023712441325187683
/tmp/DataSetCombined/Edges/Round-10_0037808_edge.png,"tf.Tensor(3.08, shape=(), dtype=float32)",2.366394,0.0023712441325187683
/tmp/DataSetCombined/Edges/Round-6_0005243_edge.png,"tf.Tensor(64.0, shape=(), dtype=float32)",62.62431,0.0023712441325187683
/tmp/DataSetCombined/Edges/Round-7_0119529_edge.png,"tf.Tensor(26.95, shape=(), dtype=float32)",27.69322,0.0023712441325187683
/tmp/DataSetCombined/Edges/Round-2_0066836_edge.png,"tf.Tensor(60.8, shape=(), dtype=float32)",58.460262,0.0023712441325187683
/tmp/DataSetCombined/Edges/Round-9_0197668_edge.png,"tf.Tensor(5.23, shape=(), dtype=float32)",4.8749986,0.0023712441325187683
/tmp/DataSetCombined/Edges/Round-7_0075104_edge.png,"tf.Tensor(64.18, shape=(), dtype=float32)",63.502796,0.0023712441325187683
/tmp/DataSetCombined/Edges/Round-3_0047710_edge.png,"tf.Tensor(65.25, shape=(), dtype=float32)",63.972538,0.0023712441325187683
/tmp/DataSetCombined/Edges/Round-9_0033294_edge.png,"tf.Tensor(56.19, shape=(), dtype=float32)",53.930172,0.0023712441325187683
/tmp/DataSetCombined/Edges/Round-9_0089618_edge.png,"tf.Tensor(3.12, shape=(), dtype=float32)",2.4462247,0.0023712441325187683
/tmp/DataSetCombined/Edges/Round-10_0106856_edge.png,"tf.Tensor(6.56, shape=(), dtype=float32)",6.701391,0.0023712441325187683
/tmp/DataSetCombined/Edges/Round-10_0065981_edge.png,"tf.Tensor(23.92, shape=(), dtype=float32)",25.563055,0.0023712441325187683
/tmp/DataSetCombined/Edges/Round-10_0081964_edge.png,"tf.Tensor(64.11, shape=(), dtype=float32)",61.67964,0.0023712441325187683
/tmp/DataSetCombined/Edges/Round-2_0093836_edge.png,"tf.Tensor(63.42, shape=(), dtype=float32)",62.35345,0.0023712441325187683
/tmp/DataSetCombined/Edges/Round-2_0069400_edge.png,"tf.Tensor(58.17, shape=(), dtype=float32)",57.05282,0.0023712441325187683
/tmp/DataSetCombined/Edges/Round-1_0065501_edge.png,"tf.Tensor(4.65, shape=(), dtype=float32)",3.9736989,0.0023712441325187683
/tmp/DataSetCombined/Edges/Round-5_0002879_edge.png,"tf.Tensor(2.92, shape=(), dtype=float32)",2.3418493,0.0023712441325187683
/tmp/DataSetCombined/Edges/Round-8_0047263_edge.png,"tf.Tensor(64.23, shape=(), dtype=float32)",63.16482,0.0023712441325187683
/tmp/DataSetCombined/Edges/Round-6_0030222_edge.png,"tf.Tensor(65.32, shape=(), dtype=float32)",62.424034,0.0023712441325187683
/tmp/DataSetCombined/Edges/Round-6_0044399_edge.png,"tf.Tensor(43.65, shape=(), dtype=float32)",41.52394,0.0023712441325187683
/tmp/DataSetCombined/Edges/Round-9_0008311_edge.png,"tf.Tensor(5.76, shape=(), dtype=float32)",5.2801085,0.0023712441325187683
/tmp/DataSetCombined/Edges/Round-8_0010481_edge.png,"tf.Tensor(9.13, shape=(), dtype=float32)",9.699659,0.0023712441325187683
/tmp/DataSetCombined/Edges/Round-5_0014364_edge.png,"tf.Tensor(64.6, shape=(), dtype=float32)",62.661667,0.0023712441325187683
/tmp/DataSetCombined/Edges/Round-6_0057402_edge.png,"tf.Tensor(2.71, shape=(), dtype=float32)",2.2318308,0.0023712441325187683
/tmp/DataSetCombined/Edges/Round-4_0007569_edge.png,"tf.Tensor(21.49, shape=(), dtype=float32)",22.148642,0.0023712441325187683
/tmp/DataSetCombined/Edges/Round-8_0024526_edge.png,"tf.Tensor(27.84, shape=(), dtype=float32)",28.890896,0.0023712441325187683
/tmp/DataSetCombined/Edges/Round-10_0154022_edge.png,"tf.Tensor(64.34, shape=(), dtype=float32)",63.16781,0.0023712441325187683
/tmp/DataSetCombined/Edges/Round-1_0078625_edge.png,"tf.Tensor(36.92, shape=(), dtype=float32)",37.38045,0.0023712441325187683
/tmp/DataSetCombined/Edges/Round-10_0069502_edge.png,"tf.Tensor(8.75, shape=(), dtype=float32)",9.432991,0.0023712441325187683
/tmp/DataSetCombined/Edges/Round-6_0102582_edge.png,"tf.Tensor(51.95, shape=(), dtype=float32)",48.297787,0.0023712441325187683
/tmp/DataSetCombined/Edges/Round-9_0190083_edge.png,"tf.Tensor(59.32, shape=(), dtype=float32)",57.59902,0.0023712441325187683
/tmp/DataSetCombined/Edges/Round-5_0018368_edge.png,"tf.Tensor(7.93, shape=(), dtype=float32)",8.381549,0.0023712441325187683
/tmp/DataSetCombined/Edges/Round-1_0047634_edge.png,"tf.Tensor(3.49, shape=(), dtype=float32)",2.600873,0.0023712441325187683
/tmp/DataSetCombined/Edges/Round-6_0028838_edge.png,"tf.Tensor(64.95, shape=(), dtype=float32)",63.052113,0.0023712441325187683
/tmp/DataSetCombined/Edges/Round-5_0104753_edge.png,"tf.Tensor(62.58, shape=(), dtype=float32)",61.3632,0.0023712441325187683
/tmp/DataSetCombined/Edges/Round-9_0015896_edge.png,"tf.Tensor(55.58, shape=(), dtype=float32)",54.47772,0.0023712441325187683
/tmp/DataSetCombined/Edges/Round-5_0008946_edge.png,"tf.Tensor(35.55, shape=(), dtype=float32)",36.894005,0.0023712441325187683
/tmp/DataSetCombined/Edges/Round-4_0052718_edge.png,"tf.Tensor(64.89, shape=(), dtype=float32)",63.21786,0.0023712441325187683
/tmp/DataSetCombined/Edges/Round-2_0109337_edge.png,"tf.Tensor(60.58, shape=(), dtype=float32)",61.680027,0.0023712441325187683
/tmp/DataSetCombined/Edges/Round-10_0023811_edge.png,"tf.Tensor(64.7, shape=(), dtype=float32)",63.096394,0.0023712441325187683
/tmp/DataSetCombined/Edges/Round-9_0162361_edge.png,"tf.Tensor(8.44, shape=(), dtype=float32)",8.883052,0.0023712441325187683
/tmp/DataSetCombined/Edges/Round-9_0033926_edge.png,"tf.Tensor(51.69, shape=(), dtype=float32)",51.434505,0.0023712441325187683
/tmp/DataSetCombined/Edges/Round-4_0049667_edge.png,"tf.Tensor(64.21, shape=(), dtype=float32)",63.046947,0.0023712441325187683
/tmp/DataSetCombined/Edges/Round-10_0100927_edge.png,"tf.Tensor(64.99, shape=(), dtype=float32)",62.387054,0.0023712441325187683
/tmp/DataSetCombined/Edges/Round-1_0139096_edge.png,"tf.Tensor(65.09, shape=(), dtype=float32)",63.92594,0.0023712441325187683
/tmp/DataSetCombined/Edges/Round-7_0054996_edge.png,"tf.Tensor(63.68, shape=(), dtype=float32)",62.629932,0.0023712441325187683
/tmp/DataSetCombined/Edges/Round-9_0193002_edge.png,"tf.Tensor(63.81, shape=(), dtype=float32)",62.24092,0.0023712441325187683
/tmp/DataSetCombined/Edges/Round-10_0174852_edge.png,"tf.Tensor(63.25, shape=(), dtype=float32)",59.36283,0.0023712441325187683
/tmp/DataSetCombined/Edges/Round-5_0028661_edge.png,"tf.Tensor(3.84, shape=(), dtype=float32)",2.8934534,0.0023712441325187683
/tmp/DataSetCombined/Edges/Round-7_0041211_edge.png,"tf.Tensor(3.31, shape=(), dtype=float32)",2.4728372,0.0023712441325187683
/tmp/DataSetCombined/Edges/Round-8_0024267_edge.png,"tf.Tensor(12.74, shape=(), dtype=float32)",13.230586,0.0023712441325187683
/tmp/DataSetCombined/Edges/Round-7_0068209_edge.png,"tf.Tensor(2.87, shape=(), dtype=float32)",2.285961,0.0023712441325187683
/tmp/DataSetCombined/Edges/Round-3_0034074_edge.png,"tf.Tensor(30.23, shape=(), dtype=float32)",30.905191,0.0023712441325187683
/tmp/DataSetCombined/Edges/Round-9_0075584_edge.png,"tf.Tensor(64.16, shape=(), dtype=float32)",60.8477,0.002126697450876236
/tmp/DataSetCombined/Edges/Round-5_0067881_edge.png,"tf.Tensor(8.98, shape=(), dtype=float32)",9.554064,0.002126697450876236
/tmp/DataSetCombined/Edges/Round-9_0067306_edge.png,"tf.Tensor(7.46, shape=(), dtype=float32)",7.643448,0.002126697450876236
/tmp/DataSetCombined/Edges/Round-9_0137047_edge.png,"tf.Tensor(7.51, shape=(), dtype=float32)",7.962817,0.002126697450876236
/tmp/DataSetCombined/Edges/Round-6_0072151_edge.png,"tf.Tensor(9.89, shape=(), dtype=float32)",10.4368305,0.002126697450876236
/tmp/DataSetCombined/Edges/Round-5_0084466_edge.png,"tf.Tensor(6.9, shape=(), dtype=float32)",6.948636,0.002126697450876236
/tmp/DataSetCombined/Edges/Round-9_0120493_edge.png,"tf.Tensor(46.14, shape=(), dtype=float32)",45.325417,0.002126697450876236
/tmp/DataSetCombined/Edges/Round-9_0093914_edge.png,"tf.Tensor(3.29, shape=(), dtype=float32)",2.4812272,0.002126697450876236
/tmp/DataSetCombined/Edges/Round-4_0081152_edge.png,"tf.Tensor(7.59, shape=(), dtype=float32)",7.96776,0.002126697450876236
/tmp/DataSetCombined/Edges/Round-7_0020321_edge.png,"tf.Tensor(65.58, shape=(), dtype=float32)",64.06216,0.002126697450876236
/tmp/DataSetCombined/Edges/Round-6_0097284_edge.png,"tf.Tensor(3.81, shape=(), dtype=float32)",2.891954,0.002126697450876236
/tmp/DataSetCombined/Edges/Round-10_0118565_edge.png,"tf.Tensor(63.87, shape=(), dtype=float32)",63.247646,0.002126697450876236
/tmp/DataSetCombined/Edges/Round-6_0122658_edge.png,"tf.Tensor(5.17, shape=(), dtype=float32)",4.977294,0.002126697450876236
/tmp/DataSetCombined/Edges/Round-9_0128439_edge.png,"tf.Tensor(4.71, shape=(), dtype=float32)",4.0255194,0.002126697450876236
/tmp/DataSetCombined/Edges/Round-3_0084552_edge.png,"tf.Tensor(55.1, shape=(), dtype=float32)",55.786404,0.002126697450876236
/tmp/DataSetCombined/Edges/Round-10_0035339_edge.png,"tf.Tensor(64.46, shape=(), dtype=float32)",62.32301,0.002126697450876236
/tmp/DataSetCombined/Edges/Round-9_0059149_edge.png,"tf.Tensor(5.48, shape=(), dtype=float32)",5.34406,0.002126697450876236
/tmp/DataSetCombined/Edges/Round-9_0194177_edge.png,"tf.Tensor(65.3, shape=(), dtype=float32)",63.963184,0.002126697450876236
/tmp/DataSetCombined/Edges/Round-8_0036987_edge.png,"tf.Tensor(8.69, shape=(), dtype=float32)",9.182343,0.002126697450876236
/tmp/DataSetCombined/Edges/Round-6_0015473_edge.png,"tf.Tensor(5.02, shape=(), dtype=float32)",4.24377,0.002126697450876236
/tmp/DataSetCombined/Edges/Round-5_0040009_edge.png,"tf.Tensor(23.99, shape=(), dtype=float32)",25.038006,0.002126697450876236
/tmp/DataSetCombined/Edges/Round-1_0153783_edge.png,"tf.Tensor(2.97, shape=(), dtype=float32)",2.3582656,0.002126697450876236
/tmp/DataSetCombined/Edges/Round-9_0058126_edge.png,"tf.Tensor(4.33, shape=(), dtype=float32)",3.5321302,0.002126697450876236
/tmp/DataSetCombined/Edges/Round-5_0020233_edge.png,"tf.Tensor(63.41, shape=(), dtype=float32)",62.56635,0.002126697450876236
/tmp/DataSetCombined/Edges/Round-10_0116608_edge.png,"tf.Tensor(30.65, shape=(), dtype=float32)",33.58951,0.002126697450876236
/tmp/DataSetCombined/Edges/Round-6_0109326_edge.png,"tf.Tensor(47.14, shape=(), dtype=float32)",46.985107,0.002126697450876236
/tmp/DataSetCombined/Edges/Round-9_0123443_edge.png,"tf.Tensor(65.22, shape=(), dtype=float32)",64.07323,0.002126697450876236
/tmp/DataSetCombined/Edges/Round-10_0089278_edge.png,"tf.Tensor(56.08, shape=(), dtype=float32)",55.796856,0.002126697450876236
/tmp/DataSetCombined/Edges/Round-8_0057436_edge.png,"tf.Tensor(65.23, shape=(), dtype=float32)",63.97678,0.002126697450876236
/tmp/DataSetCombined/Edges/Round-3_0014376_edge.png,"tf.Tensor(45.96, shape=(), dtype=float32)",45.23406,0.002126697450876236
/tmp/DataSetCombined/Edges/Round-8_0019611_edge.png,"tf.Tensor(2.92, shape=(), dtype=float32)",2.3264039,0.002126697450876236
/tmp/DataSetCombined/Edges/Round-7_0016890_edge.png,"tf.Tensor(33.82, shape=(), dtype=float32)",34.205265,0.002126697450876236
/tmp/DataSetCombined/Edges/Round-9_0024023_edge.png,"tf.Tensor(63.74, shape=(), dtype=float32)",63.675095,0.002126697450876236
/tmp/DataSetCombined/Edges/Round-10_0124374_edge.png,"tf.Tensor(64.22, shape=(), dtype=float32)",63.327717,0.002126697450876236
/tmp/DataSetCombined/Edges/Round-5_0072998_edge.png,"tf.Tensor(54.76, shape=(), dtype=float32)",52.80987,0.002126697450876236
/tmp/DataSetCombined/Edges/Round-6_0067485_edge.png,"tf.Tensor(5.58, shape=(), dtype=float32)",5.542211,0.002126697450876236
/tmp/DataSetCombined/Edges/Round-9_0074471_edge.png,"tf.Tensor(29.0, shape=(), dtype=float32)",29.332832,0.002126697450876236
/tmp/DataSetCombined/Edges/Round-6_0096441_edge.png,"tf.Tensor(61.7, shape=(), dtype=float32)",59.25194,0.002126697450876236
/tmp/DataSetCombined/Edges/Round-7_0006390_edge.png,"tf.Tensor(64.49, shape=(), dtype=float32)",63.09267,0.002126697450876236
/tmp/DataSetCombined/Edges/Round-1_0164739_edge.png,"tf.Tensor(5.01, shape=(), dtype=float32)",4.5033875,0.002126697450876236
/tmp/DataSetCombined/Edges/Round-7_0122931_edge.png,"tf.Tensor(60.08, shape=(), dtype=float32)",60.799473,0.002126697450876236
/tmp/DataSetCombined/Edges/Round-7_0000546_edge.png,"tf.Tensor(8.19, shape=(), dtype=float32)",8.345833,0.002126697450876236
/tmp/DataSetCombined/Edges/Round-9_0138643_edge.png,"tf.Tensor(8.58, shape=(), dtype=float32)",8.9601,0.002126697450876236
/tmp/DataSetCombined/Edges/Round-3_0025967_edge.png,"tf.Tensor(65.29, shape=(), dtype=float32)",64.11624,0.002126697450876236
/tmp/DataSetCombined/Edges/Round-1_0107881_edge.png,"tf.Tensor(30.72, shape=(), dtype=float32)",31.96122,0.002126697450876236
/tmp/DataSetCombined/Edges/Round-10_0037326_edge.png,"tf.Tensor(3.2, shape=(), dtype=float32)",2.421285,0.002126697450876236
/tmp/DataSetCombined/Edges/Round-3_0054693_edge.png,"tf.Tensor(9.12, shape=(), dtype=float32)",9.754951,0.002126697450876236
/tmp/DataSetCombined/Edges/Round-6_0080188_edge.png,"tf.Tensor(64.27, shape=(), dtype=float32)",63.688187,0.002126697450876236
/tmp/DataSetCombined/Edges/Round-1_0048067_edge.png,"tf.Tensor(4.12, shape=(), dtype=float32)",3.1904976,0.002126697450876236
/tmp/DataSetCombined/Edges/Round-1_0100030_edge.png,"tf.Tensor(7.7, shape=(), dtype=float32)",8.010959,0.002126697450876236
/tmp/DataSetCombined/Edges/Round-9_0135211_edge.png,"tf.Tensor(64.55, shape=(), dtype=float32)",63.113205,0.002126697450876236
/tmp/DataSetCombined/Edges/Round-5_0026585_edge.png,"tf.Tensor(8.28, shape=(), dtype=float32)",8.57232,0.002126697450876236
/tmp/DataSetCombined/Edges/Round-9_0115827_edge.png,"tf.Tensor(42.06, shape=(), dtype=float32)",41.338013,0.002126697450876236
/tmp/DataSetCombined/Edges/Round-7_0001148_edge.png,"tf.Tensor(63.99, shape=(), dtype=float32)",63.32771,0.002126697450876236
/tmp/DataSetCombined/Edges/Round-7_0077841_edge.png,"tf.Tensor(6.29, shape=(), dtype=float32)",6.3227925,0.002126697450876236
/tmp/DataSetCombined/Edges/Round-2_0076198_edge.png,"tf.Tensor(3.14, shape=(), dtype=float32)",2.4158998,0.002126697450876236
/tmp/DataSetCombined/Edges/Round-8_0082246_edge.png,"tf.Tensor(59.7, shape=(), dtype=float32)",58.067196,0.002126697450876236
/tmp/DataSetCombined/Edges/Round-8_0058117_edge.png,"tf.Tensor(15.94, shape=(), dtype=float32)",16.37433,0.002126697450876236
/tmp/DataSetCombined/Edges/Round-10_0199774_edge.png,"tf.Tensor(62.83, shape=(), dtype=float32)",59.459705,0.002126697450876236
/tmp/DataSetCombined/Edges/Round-9_0045966_edge.png,"tf.Tensor(5.89, shape=(), dtype=float32)",5.842833,0.002126697450876236
/tmp/DataSetCombined/Edges/Round-4_0012073_edge.png,"tf.Tensor(6.27, shape=(), dtype=float32)",6.3545322,0.002126697450876236
/tmp/DataSetCombined/Edges/Round-9_0046959_edge.png,"tf.Tensor(5.05, shape=(), dtype=float32)",4.518869,0.002126697450876236
/tmp/DataSetCombined/Edges/Round-7_0035521_edge.png,"tf.Tensor(6.52, shape=(), dtype=float32)",6.6746707,0.002126697450876236
/tmp/DataSetCombined/Edges/Round-9_0002152_edge.png,"tf.Tensor(55.02, shape=(), dtype=float32)",53.80274,0.002126697450876236
/tmp/DataSetCombined/Edges/Round-4_0085426_edge.png,"tf.Tensor(21.07, shape=(), dtype=float32)",22.015001,0.002064742147922516
/tmp/DataSetCombined/Edges/Round-9_0053732_edge.png,"tf.Tensor(59.98, shape=(), dtype=float32)",60.588516,0.002064742147922516
/tmp/DataSetCombined/Edges/Round-10_0100084_edge.png,"tf.Tensor(64.29, shape=(), dtype=float32)",63.485428,0.002064742147922516
/tmp/DataSetCombined/Edges/Round-3_0024200_edge.png,"tf.Tensor(64.63, shape=(), dtype=float32)",62.85087,0.002064742147922516
/tmp/DataSetCombined/Edges/Round-6_0053369_edge.png,"tf.Tensor(34.9, shape=(), dtype=float32)",34.668797,0.002064742147922516
/tmp/DataSetCombined/Edges/Round-1_0006267_edge.png,"tf.Tensor(2.57, shape=(), dtype=float32)",2.205889,0.002064742147922516
/tmp/DataSetCombined/Edges/Round-10_0015504_edge.png,"tf.Tensor(37.14, shape=(), dtype=float32)",37.381638,0.002064742147922516
/tmp/DataSetCombined/Edges/Round-5_0004364_edge.png,"tf.Tensor(59.76, shape=(), dtype=float32)",60.528812,0.002064742147922516
/tmp/DataSetCombined/Edges/Round-6_0125397_edge.png,"tf.Tensor(7.68, shape=(), dtype=float32)",8.097562,0.002064742147922516
/tmp/DataSetCombined/Edges/Round-1_0023634_edge.png,"tf.Tensor(28.92, shape=(), dtype=float32)",30.50895,0.002064742147922516
/tmp/DataSetCombined/Edges/Round-5_0053614_edge.png,"tf.Tensor(6.2, shape=(), dtype=float32)",6.340167,0.002064742147922516
/tmp/DataSetCombined/Edges/Round-5_0056534_edge.png,"tf.Tensor(5.37, shape=(), dtype=float32)",5.221427,0.002064742147922516
/tmp/DataSetCombined/Edges/Round-4_0000516_edge.png,"tf.Tensor(63.88, shape=(), dtype=float32)",62.461285,0.002064742147922516
/tmp/DataSetCombined/Edges/Round-7_0106346_edge.png,"tf.Tensor(3.16, shape=(), dtype=float32)",2.397976,0.002064742147922516
/tmp/DataSetCombined/Edges/Round-3_0026867_edge.png,"tf.Tensor(27.95, shape=(), dtype=float32)",28.35676,0.002064742147922516
/tmp/DataSetCombined/Edges/Round-1_0132081_edge.png,"tf.Tensor(4.11, shape=(), dtype=float32)",3.2159193,0.002064742147922516
/tmp/DataSetCombined/Edges/Round-10_0113783_edge.png,"tf.Tensor(64.1, shape=(), dtype=float32)",63.41042,0.002064742147922516
/tmp/DataSetCombined/Edges/Round-7_0008943_edge.png,"tf.Tensor(7.85, shape=(), dtype=float32)",8.3087435,0.002064742147922516
/tmp/DataSetCombined/Edges/Round-6_0043857_edge.png,"tf.Tensor(56.56, shape=(), dtype=float32)",57.38461,0.002064742147922516
/tmp/DataSetCombined/Edges/Round-10_0137949_edge.png,"tf.Tensor(3.09, shape=(), dtype=float32)",2.3767757,0.002064742147922516
/tmp/DataSetCombined/Edges/Round-9_0042384_edge.png,"tf.Tensor(43.95, shape=(), dtype=float32)",43.73737,0.002064742147922516
/tmp/DataSetCombined/Edges/Round-6_0071338_edge.png,"tf.Tensor(8.7, shape=(), dtype=float32)",9.025482,0.002064742147922516
/tmp/DataSetCombined/Edges/Round-8_0015044_edge.png,"tf.Tensor(26.43, shape=(), dtype=float32)",28.031288,0.002064742147922516
/tmp/DataSetCombined/Edges/Round-4_0082566_edge.png,"tf.Tensor(4.28, shape=(), dtype=float32)",3.465359,0.002064742147922516
/tmp/DataSetCombined/Edges/Round-9_0158207_edge.png,"tf.Tensor(5.42, shape=(), dtype=float32)",4.978165,0.002064742147922516
/tmp/DataSetCombined/Edges/Round-8_0046739_edge.png,"tf.Tensor(63.71, shape=(), dtype=float32)",63.377426,0.002064742147922516
/tmp/DataSetCombined/Edges/Round-4_0011471_edge.png,"tf.Tensor(8.36, shape=(), dtype=float32)",8.501894,0.002064742147922516
/tmp/DataSetCombined/Edges/Round-10_0008656_edge.png,"tf.Tensor(58.8, shape=(), dtype=float32)",59.35651,0.002064742147922516
/tmp/DataSetCombined/Edges/Round-2_0106568_edge.png,"tf.Tensor(59.6, shape=(), dtype=float32)",59.6935,0.002064742147922516
/tmp/DataSetCombined/Edges/Round-8_0043970_edge.png,"tf.Tensor(13.74, shape=(), dtype=float32)",14.316804,0.002064742147922516
/tmp/DataSetCombined/Edges/Round-4_0058126_edge.png,"tf.Tensor(7.39, shape=(), dtype=float32)",7.6857386,0.002064742147922516
/tmp/DataSetCombined/Edges/Round-4_0009093_edge.png,"tf.Tensor(45.23, shape=(), dtype=float32)",43.953526,0.002064742147922516
/tmp/DataSetCombined/Edges/Round-3_0052101_edge.png,"tf.Tensor(2.99, shape=(), dtype=float32)",2.32088,0.002064742147922516
/tmp/DataSetCombined/Edges/Round-9_0149719_edge.png,"tf.Tensor(43.04, shape=(), dtype=float32)",44.41336,0.002064742147922516
/tmp/DataSetCombined/Edges/Round-6_0017249_edge.png,"tf.Tensor(8.92, shape=(), dtype=float32)",9.4652,0.002064742147922516
/tmp/DataSetCombined/Edges/Round-4_0026461_edge.png,"tf.Tensor(63.92, shape=(), dtype=float32)",63.224777,0.002064742147922516
/tmp/DataSetCombined/Edges/Round-9_0166214_edge.png,"tf.Tensor(65.38, shape=(), dtype=float32)",63.85149,0.002064742147922516
/tmp/DataSetCombined/Edges/Round-9_0051716_edge.png,"tf.Tensor(63.35, shape=(), dtype=float32)",62.31824,0.002064742147922516
/tmp/DataSetCombined/Edges/Round-10_0055265_edge.png,"tf.Tensor(7.19, shape=(), dtype=float32)",7.170032,0.002064742147922516
/tmp/DataSetCombined/Edges/Round-10_0026490_edge.png,"tf.Tensor(5.33, shape=(), dtype=float32)",4.713813,0.002064742147922516
/tmp/DataSetCombined/Edges/Round-10_0094004_edge.png,"tf.Tensor(64.08, shape=(), dtype=float32)",63.38086,0.002064742147922516
/tmp/DataSetCombined/Edges/Round-7_0118416_edge.png,"tf.Tensor(65.27, shape=(), dtype=float32)",62.61075,0.002064742147922516
/tmp/DataSetCombined/Edges/Round-7_0113720_edge.png,"tf.Tensor(3.26, shape=(), dtype=float32)",2.493239,0.002064742147922516
/tmp/DataSetCombined/Edges/Round-5_0039295_edge.png,"tf.Tensor(5.03, shape=(), dtype=float32)",4.2481594,0.002064742147922516
/tmp/DataSetCombined/Edges/Round-8_0077651_edge.png,"tf.Tensor(3.22, shape=(), dtype=float32)",2.4455936,0.002064742147922516
/tmp/DataSetCombined/Edges/Round-9_0121967_edge.png,"tf.Tensor(64.01, shape=(), dtype=float32)",62.8761,0.002064742147922516
/tmp/DataSetCombined/Edges/Round-7_0091717_edge.png,"tf.Tensor(32.74, shape=(), dtype=float32)",32.96526,0.002064742147922516
/tmp/DataSetCombined/Edges/Round-8_0029854_edge.png,"tf.Tensor(49.2, shape=(), dtype=float32)",50.176624,0.002064742147922516
/tmp/DataSetCombined/Edges/Round-7_0118867_edge.png,"tf.Tensor(4.1, shape=(), dtype=float32)",3.1745026,0.002064742147922516
/tmp/DataSetCombined/Edges/Round-4_0090994_edge.png,"tf.Tensor(5.49, shape=(), dtype=float32)",5.0368433,0.002064742147922516
/tmp/DataSetCombined/Edges/Round-4_0069684_edge.png,"tf.Tensor(7.68, shape=(), dtype=float32)",8.086108,0.002064742147922516
/tmp/DataSetCombined/Edges/Round-1_0150051_edge.png,"tf.Tensor(3.73, shape=(), dtype=float32)",2.8508358,0.002064742147922516
/tmp/DataSetCombined/Edges/Round-1_0015667_edge.png,"tf.Tensor(44.65, shape=(), dtype=float32)",43.692265,0.002064742147922516
/tmp/DataSetCombined/Edges/Round-10_0011501_edge.png,"tf.Tensor(11.79, shape=(), dtype=float32)",12.196137,0.002064742147922516
/tmp/DataSetCombined/Edges/Round-8_0080409_edge.png,"tf.Tensor(61.28, shape=(), dtype=float32)",57.709732,0.002064742147922516
/tmp/DataSetCombined/Edges/Round-8_0087464_edge.png,"tf.Tensor(2.69, shape=(), dtype=float32)",2.2467098,0.002064742147922516
/tmp/DataSetCombined/Edges/Round-8_0029281_edge.png,"tf.Tensor(4.88, shape=(), dtype=float32)",3.9500964,0.002064742147922516
/tmp/DataSetCombined/Edges/Round-5_0096958_edge.png,"tf.Tensor(9.75, shape=(), dtype=float32)",10.331752,0.002064742147922516
/tmp/DataSetCombined/Edges/Round-9_0156732_edge.png,"tf.Tensor(45.26, shape=(), dtype=float32)",44.163456,0.002064742147922516
/tmp/DataSetCombined/Edges/Round-10_0032811_edge.png,"tf.Tensor(63.85, shape=(), dtype=float32)",63.373295,0.002064742147922516
/tmp/DataSetCombined/Edges/Round-3_0027001_edge.png,"tf.Tensor(5.32, shape=(), dtype=float32)",5.1482053,0.002064742147922516
/tmp/DataSetCombined/Edges/Round-9_0025227_edge.png,"tf.Tensor(4.12, shape=(), dtype=float32)",3.1908424,0.002064742147922516
/tmp/DataSetCombined/Edges/Round-8_0001891_edge.png,"tf.Tensor(63.26, shape=(), dtype=float32)",60.843754,0.002064742147922516
/tmp/DataSetCombined/Edges/Round-8_0036126_edge.png,"tf.Tensor(5.88, shape=(), dtype=float32)",5.5231285,0.002064742147922516
/tmp/DataSetCombined/Edges/Round-10_0136896_edge.png,"tf.Tensor(7.97, shape=(), dtype=float32)",8.276834,0.002143915742635727
/tmp/DataSetCombined/Edges/Round-9_0187939_edge.png,"tf.Tensor(3.55, shape=(), dtype=float32)",2.69625,0.002143915742635727
/tmp/DataSetCombined/Edges/Round-8_0072565_edge.png,"tf.Tensor(60.65, shape=(), dtype=float32)",58.97473,0.002143915742635727
/tmp/DataSetCombined/Edges/Round-8_0021185_edge.png,"tf.Tensor(64.39, shape=(), dtype=float32)",63.19004,0.002143915742635727
/tmp/DataSetCombined/Edges/Round-7_0053491_edge.png,"tf.Tensor(64.42, shape=(), dtype=float32)",63.317448,0.002143915742635727
/tmp/DataSetCombined/Edges/Round-5_0006449_edge.png,"tf.Tensor(5.34, shape=(), dtype=float32)",4.938173,0.002143915742635727
/tmp/DataSetCombined/Edges/Round-4_0020049_edge.png,"tf.Tensor(64.27, shape=(), dtype=float32)",63.64036,0.002143915742635727
/tmp/DataSetCombined/Edges/Round-3_0085425_edge.png,"tf.Tensor(9.73, shape=(), dtype=float32)",10.359924,0.002143915742635727
/tmp/DataSetCombined/Edges/Round-6_0055958_edge.png,"tf.Tensor(63.86, shape=(), dtype=float32)",62.809113,0.002143915742635727
/tmp/DataSetCombined/Edges/Round-9_0108333_edge.png,"tf.Tensor(3.85, shape=(), dtype=float32)",3.0423884,0.002143915742635727
/tmp/DataSetCombined/Edges/Round-3_0015593_edge.png,"tf.Tensor(6.59, shape=(), dtype=float32)",6.760193,0.002143915742635727
/tmp/DataSetCombined/Edges/Round-9_0015655_edge.png,"tf.Tensor(13.83, shape=(), dtype=float32)",14.3136,0.002143915742635727
/tmp/DataSetCombined/Edges/Round-2_0058967_edge.png,"tf.Tensor(6.86, shape=(), dtype=float32)",7.1091366,0.002143915742635727
/tmp/DataSetCombined/Edges/Round-1_0048867_edge.png,"tf.Tensor(15.5, shape=(), dtype=float32)",16.68341,0.002143915742635727
/tmp/DataSetCombined/Edges/Round-6_0047138_edge.png,"tf.Tensor(6.41, shape=(), dtype=float32)",6.6564364,0.002143915742635727
/tmp/DataSetCombined/Edges/Round-5_0006388_edge.png,"tf.Tensor(59.88, shape=(), dtype=float32)",60.54479,0.002143915742635727
/tmp/DataSetCombined/Edges/Round-8_0010529_edge.png,"tf.Tensor(65.21, shape=(), dtype=float32)",62.542614,0.002143915742635727
/tmp/DataSetCombined/Edges/Round-5_0037631_edge.png,"tf.Tensor(55.61, shape=(), dtype=float32)",52.30111,0.002143915742635727
/tmp/DataSetCombined/Edges/Round-5_0088650_edge.png,"tf.Tensor(6.1, shape=(), dtype=float32)",6.1971273,0.002143915742635727
/tmp/DataSetCombined/Edges/Round-5_0012077_edge.png,"tf.Tensor(43.96, shape=(), dtype=float32)",43.175823,0.002143915742635727
/tmp/DataSetCombined/Edges/Round-5_0090426_edge.png,"tf.Tensor(65.22, shape=(), dtype=float32)",64.00994,0.002143915742635727
/tmp/DataSetCombined/Edges/Round-7_0037177_edge.png,"tf.Tensor(9.82, shape=(), dtype=float32)",10.405254,0.002143915742635727
/tmp/DataSetCombined/Edges/Round-6_0100053_edge.png,"tf.Tensor(5.36, shape=(), dtype=float32)",5.082476,0.002143915742635727
/tmp/DataSetCombined/Edges/Round-7_0044069_edge.png,"tf.Tensor(3.89, shape=(), dtype=float32)",2.976079,0.002143915742635727
/tmp/DataSetCombined/Edges/Round-10_0023209_edge.png,"tf.Tensor(2.52, shape=(), dtype=float32)",2.2053013,0.002143915742635727
/tmp/DataSetCombined/Edges/Round-6_0056078_edge.png,"tf.Tensor(3.39, shape=(), dtype=float32)",2.5137646,0.002143915742635727
/tmp/DataSetCombined/Edges/Round-10_0192129_edge.png,"tf.Tensor(64.25, shape=(), dtype=float32)",63.19727,0.002143915742635727
/tmp/DataSetCombined/Edges/Round-8_0048858_edge.png,"tf.Tensor(3.35, shape=(), dtype=float32)",2.5513933,0.002143915742635727
/tmp/DataSetCombined/Edges/Round-1_0172695_edge.png,"tf.Tensor(4.06, shape=(), dtype=float32)",3.293816,0.002143915742635727
/tmp/DataSetCombined/Edges/Round-1_0066334_edge.png,"tf.Tensor(58.83, shape=(), dtype=float32)",57.64091,0.002143915742635727
/tmp/DataSetCombined/Edges/Round-1_0081062_edge.png,"tf.Tensor(63.72, shape=(), dtype=float32)",62.80714,0.002143915742635727
/tmp/DataSetCombined/Edges/Round-8_0074491_edge.png,"tf.Tensor(64.88, shape=(), dtype=float32)",62.427765,0.002143915742635727
/tmp/DataSetCombined/Edges/Round-8_0006255_edge.png,"tf.Tensor(64.42, shape=(), dtype=float32)",62.435184,0.002143915742635727
/tmp/DataSetCombined/Edges/Round-7_0077691_edge.png,"tf.Tensor(7.74, shape=(), dtype=float32)",8.131864,0.002143915742635727
/tmp/DataSetCombined/Edges/Round-9_0144033_edge.png,"tf.Tensor(62.75, shape=(), dtype=float32)",61.877518,0.002143915742635727
/tmp/DataSetCombined/Edges/Round-8_0047491_edge.png,"tf.Tensor(3.0, shape=(), dtype=float32)",2.3952563,0.002143915742635727
/tmp/DataSetCombined/Edges/Round-5_0014816_edge.png,"tf.Tensor(5.19, shape=(), dtype=float32)",4.857148,0.002143915742635727
/tmp/DataSetCombined/Edges/Round-8_0073137_edge.png,"tf.Tensor(7.04, shape=(), dtype=float32)",7.308243,0.002143915742635727
/tmp/DataSetCombined/Edges/Round-10_0101469_edge.png,"tf.Tensor(65.25, shape=(), dtype=float32)",64.117355,0.002143915742635727
/tmp/DataSetCombined/Edges/Round-5_0028000_edge.png,"tf.Tensor(62.82, shape=(), dtype=float32)",61.85262,0.002143915742635727
/tmp/DataSetCombined/Edges/Round-8_0029745_edge.png,"tf.Tensor(60.85, shape=(), dtype=float32)",61.603218,0.002143915742635727
/tmp/DataSetCombined/Edges/Round-9_0041722_edge.png,"tf.Tensor(2.83, shape=(), dtype=float32)",2.2846713,0.002143915742635727
/tmp/DataSetCombined/Edges/Round-1_0169956_edge.png,"tf.Tensor(6.84, shape=(), dtype=float32)",7.1372943,0.002143915742635727
/tmp/DataSetCombined/Edges/Round-7_0073206_edge.png,"tf.Tensor(64.87, shape=(), dtype=float32)",62.88316,0.002143915742635727
/tmp/DataSetCombined/Edges/Round-9_0031879_edge.png,"tf.Tensor(57.44, shape=(), dtype=float32)",57.06596,0.002143915742635727
/tmp/DataSetCombined/Edges/Round-1_0070708_edge.png,"tf.Tensor(4.98, shape=(), dtype=float32)",4.4894605,0.002143915742635727
/tmp/DataSetCombined/Edges/Round-3_0071428_edge.png,"tf.Tensor(47.36, shape=(), dtype=float32)",47.969334,0.002143915742635727
/tmp/DataSetCombined/Edges/Round-3_0043134_edge.png,"tf.Tensor(3.4, shape=(), dtype=float32)",2.572052,0.002143915742635727
/tmp/DataSetCombined/Edges/Round-3_0027334_edge.png,"tf.Tensor(6.76, shape=(), dtype=float32)",6.70135,0.002143915742635727
/tmp/DataSetCombined/Edges/Round-5_0036036_edge.png,"tf.Tensor(65.33, shape=(), dtype=float32)",63.839863,0.002143915742635727
/tmp/DataSetCombined/Edges/Round-2_0068545_edge.png,"tf.Tensor(2.59, shape=(), dtype=float32)",2.2158916,0.002143915742635727
/tmp/DataSetCombined/Edges/Round-10_0047560_edge.png,"tf.Tensor(5.48, shape=(), dtype=float32)",5.010249,0.002143915742635727
/tmp/DataSetCombined/Edges/Round-8_0064239_edge.png,"tf.Tensor(35.04, shape=(), dtype=float32)",35.516003,0.002143915742635727
/tmp/DataSetCombined/Edges/Round-10_0131207_edge.png,"tf.Tensor(65.25, shape=(), dtype=float32)",62.74744,0.002143915742635727
/tmp/DataSetCombined/Edges/Round-9_0137619_edge.png,"tf.Tensor(46.74, shape=(), dtype=float32)",45.611717,0.002143915742635727
/tmp/DataSetCombined/Edges/Round-9_0051474_edge.png,"tf.Tensor(3.98, shape=(), dtype=float32)",3.0155103,0.002143915742635727
/tmp/DataSetCombined/Edges/Round-2_0010600_edge.png,"tf.Tensor(4.36, shape=(), dtype=float32)",3.5648563,0.002143915742635727
/tmp/DataSetCombined/Edges/Round-4_0029531_edge.png,"tf.Tensor(61.81, shape=(), dtype=float32)",62.098167,0.002143915742635727
/tmp/DataSetCombined/Edges/Round-9_0177742_edge.png,"tf.Tensor(43.77, shape=(), dtype=float32)",44.848995,0.002143915742635727
/tmp/DataSetCombined/Edges/Round-6_0029410_edge.png,"tf.Tensor(3.28, shape=(), dtype=float32)",2.482018,0.002143915742635727
/tmp/DataSetCombined/Edges/Round-8_0008645_edge.png,"tf.Tensor(63.87, shape=(), dtype=float32)",62.339695,0.002143915742635727
/tmp/DataSetCombined/Edges/Round-7_0052859_edge.png,"tf.Tensor(7.13, shape=(), dtype=float32)",7.502172,0.002143915742635727
/tmp/DataSetCombined/Edges/Round-9_0160615_edge.png,"tf.Tensor(7.56, shape=(), dtype=float32)",7.746441,0.002143915742635727
/tmp/DataSetCombined/Edges/Round-10_0112034_edge.png,"tf.Tensor(61.25, shape=(), dtype=float32)",62.214275,0.002143915742635727
/tmp/DataSetCombined/Edges/Round-7_0054575_edge.png,"tf.Tensor(6.61, shape=(), dtype=float32)",6.869075,1.972257587644789
/tmp/DataSetCombined/Edges/Round-1_0131148_edge.png,"tf.Tensor(4.0, shape=(), dtype=float32)",3.0827024,1.972257587644789
/tmp/DataSetCombined/Edges/Round-1_0156231_edge.png,"tf.Tensor(7.09, shape=(), dtype=float32)",7.1506023,1.972257587644789
/tmp/DataSetCombined/Edges/Round-1_0077270_edge.png,"tf.Tensor(62.42, shape=(), dtype=float32)",62.21159,1.972257587644789
/tmp/DataSetCombined/Edges/Round-8_0017091_edge.png,"tf.Tensor(3.27, shape=(), dtype=float32)",2.4591978,1.972257587644789
/tmp/DataSetCombined/Edges/Round-3_0058014_edge.png,"tf.Tensor(9.89, shape=(), dtype=float32)",10.391593,1.972257587644789
/tmp/DataSetCombined/Edges/Round-4_0010418_edge.png,"tf.Tensor(31.13, shape=(), dtype=float32)",31.569166,1.972257587644789
/tmp/DataSetCombined/Edges/Round-10_0128558_edge.png,"tf.Tensor(7.53, shape=(), dtype=float32)",7.96178,1.972257587644789
/tmp/DataSetCombined/Edges/Round-8_0056642_edge.png,"tf.Tensor(5.45, shape=(), dtype=float32)",5.178631,1.972257587644789
