,image_name,True_Value,Predicted_Value,Prediction_Time_s
0,/tmp/DataSetCombined/Edges/Round-5_0110382_edge.png,60.77,59.286633,0.477175809442997
1,/tmp/DataSetCombined/Edges/Round-10_0192189_edge.png,60.86,58.186893,0.477175809442997
2,/tmp/DataSetCombined/Edges/Round-3_0084913_edge.png,6.69,6.5982676,0.477175809442997
3,/tmp/DataSetCombined/Edges/Round-6_0060352_edge.png,2.51,2.2287633,0.477175809442997
4,/tmp/DataSetCombined/Edges/Round-2_0045400_edge.png,65.27,62.90849,0.477175809442997
5,/tmp/DataSetCombined/Edges/Round-7_0082356_edge.png,64.07,63.27198,0.477175809442997
6,/tmp/DataSetCombined/Edges/Round-9_0144395_edge.png,4.7,3.760367,0.477175809442997
7,/tmp/DataSetCombined/Edges/Round-10_0148213_edge.png,30.0,31.514414,0.477175809442997
8,/tmp/DataSetCombined/Edges/Round-10_0007377_edge.png,17.81,18.503641,0.477175809442997
9,/tmp/DataSetCombined/Edges/Round-9_0061317_edge.png,53.36,52.407757,0.477175809442997
10,/tmp/DataSetCombined/Edges/Round-1_0032334_edge.png,51.22,50.500774,0.477175809442997
11,/tmp/DataSetCombined/Edges/Round-7_0092645_edge.png,12.17,12.381322,0.477175809442997
12,/tmp/DataSetCombined/Edges/Round-9_0184153_edge.png,2.89,2.3126178,0.477175809442997
13,/tmp/DataSetCombined/Edges/Round-1_0016901_edge.png,26.11,27.62484,0.477175809442997
14,/tmp/DataSetCombined/Edges/Round-6_0017520_edge.png,4.1,3.1407075,0.477175809442997
15,/tmp/DataSetCombined/Edges/Round-7_0106586_edge.png,46.4,45.99473,0.477175809442997
16,/tmp/DataSetCombined/Edges/Round-3_0048883_edge.png,65.37,62.8055,0.477175809442997
17,/tmp/DataSetCombined/Edges/Round-5_0113121_edge.png,9.09,9.722026,0.477175809442997
18,/tmp/DataSetCombined/Edges/Round-8_0037029_edge.png,58.76,58.594177,0.477175809442997
19,/tmp/DataSetCombined/Edges/Round-9_0150595_edge.png,64.67,62.675266,0.477175809442997
20,/tmp/DataSetCombined/Edges/Round-8_0086983_edge.png,5.55,5.3257294,0.477175809442997
21,/tmp/DataSetCombined/Edges/Round-9_0124255_edge.png,50.81,48.908558,0.477175809442997
22,/tmp/DataSetCombined/Edges/Round-5_0047263_edge.png,62.32,62.44994,0.477175809442997
23,/tmp/DataSetCombined/Edges/Round-10_0191166_edge.png,63.67,63.15027,0.477175809442997
24,/tmp/DataSetCombined/Edges/Round-10_0192219_edge.png,64.87,63.107655,0.477175809442997
25,/tmp/DataSetCombined/Edges/Round-4_0080520_edge.png,3.6,2.6802876,0.477175809442997
26,/tmp/DataSetCombined/Edges/Round-9_0181805_edge.png,11.71,12.210895,0.477175809442997
27,/tmp/DataSetCombined/Edges/Round-1_0108875_edge.png,64.33,62.81067,0.477175809442997
28,/tmp/DataSetCombined/Edges/Round-7_0013248_edge.png,5.91,6.0842066,0.477175809442997
29,/tmp/DataSetCombined/Edges/Round-6_0110197_edge.png,65.34,63.738155,0.477175809442997
30,/tmp/DataSetCombined/Edges/Round-5_0069898_edge.png,65.04,63.923325,0.477175809442997
31,/tmp/DataSetCombined/Edges/Round-6_0032148_edge.png,63.88,62.337254,0.477175809442997
32,/tmp/DataSetCombined/Edges/Round-5_0020180_edge.png,7.11,7.2534456,0.477175809442997
33,/tmp/DataSetCombined/Edges/Round-9_0143639_edge.png,65.36,64.08828,0.477175809442997
34,/tmp/DataSetCombined/Edges/Round-6_0002000_edge.png,46.07,45.02975,0.477175809442997
35,/tmp/DataSetCombined/Edges/Round-8_0061291_edge.png,64.08,63.550148,0.477175809442997
36,/tmp/DataSetCombined/Edges/Round-8_0081083_edge.png,16.82,17.482256,0.477175809442997
37,/tmp/DataSetCombined/Edges/Round-4_0081844_edge.png,64.33,61.96011,0.477175809442997
38,/tmp/DataSetCombined/Edges/Round-8_0062662_edge.png,53.5,52.61371,0.477175809442997
39,/tmp/DataSetCombined/Edges/Round-1_0015301_edge.png,43.42,44.051476,0.477175809442997
40,/tmp/DataSetCombined/Edges/Round-9_0036575_edge.png,4.63,3.9288812,0.477175809442997
41,/tmp/DataSetCombined/Edges/Round-2_0102801_edge.png,64.77,62.984295,0.477175809442997
42,/tmp/DataSetCombined/Edges/Round-5_0101473_edge.png,62.97,61.239216,0.477175809442997
43,/tmp/DataSetCombined/Edges/Round-10_0050871_edge.png,57.54,58.097935,0.477175809442997
44,/tmp/DataSetCombined/Edges/Round-6_0110588_edge.png,3.56,2.767206,0.477175809442997
45,/tmp/DataSetCombined/Edges/Round-10_0042654_edge.png,3.09,2.3687737,0.477175809442997
46,/tmp/DataSetCombined/Edges/Round-10_0147370_edge.png,8.56,9.000486,0.477175809442997
47,/tmp/DataSetCombined/Edges/Round-9_0185387_edge.png,4.24,3.4690638,0.477175809442997
48,/tmp/DataSetCombined/Edges/Round-8_0056864_edge.png,4.38,3.4044056,0.477175809442997
49,/tmp/DataSetCombined/Edges/Round-1_0032267_edge.png,6.61,6.3674326,0.477175809442997
50,/tmp/DataSetCombined/Edges/Round-10_0165641_edge.png,58.91,59.800236,0.477175809442997
51,/tmp/DataSetCombined/Edges/Round-3_0045334_edge.png,6.57,6.831827,0.477175809442997
52,/tmp/DataSetCombined/Edges/Round-8_0007158_edge.png,60.82,57.023453,0.477175809442997
53,/tmp/DataSetCombined/Edges/Round-3_0040757_edge.png,63.43,62.071224,0.477175809442997
54,/tmp/DataSetCombined/Edges/Round-7_0073838_edge.png,16.47,17.130156,0.477175809442997
55,/tmp/DataSetCombined/Edges/Round-9_0061798_edge.png,34.54,35.1292,0.477175809442997
56,/tmp/DataSetCombined/Edges/Round-10_0022487_edge.png,62.25,62.387493,0.477175809442997
57,/tmp/DataSetCombined/Edges/Round-10_0140177_edge.png,63.3,62.372715,0.477175809442997
58,/tmp/DataSetCombined/Edges/Round-9_0127656_edge.png,64.45,62.13317,0.477175809442997
59,/tmp/DataSetCombined/Edges/Round-10_0173948_edge.png,59.37,59.35555,0.477175809442997
60,/tmp/DataSetCombined/Edges/Round-4_0027847_edge.png,61.84,61.163998,0.477175809442997
61,/tmp/DataSetCombined/Edges/Round-9_0005662_edge.png,48.91,47.936375,0.477175809442997
62,/tmp/DataSetCombined/Edges/Round-5_0094309_edge.png,48.68,46.109135,0.477175809442997
63,/tmp/DataSetCombined/Edges/Round-9_0078534_edge.png,64.4,62.869446,0.477175809442997
64,/tmp/DataSetCombined/Edges/Round-1_0058834_edge.png,6.51,6.3886623,0.0025016516447067
65,/tmp/DataSetCombined/Edges/Round-10_0147100_edge.png,62.4,61.758076,0.0025016516447067
66,/tmp/DataSetCombined/Edges/Round-8_0022900_edge.png,65.24,62.747997,0.0025016516447067
67,/tmp/DataSetCombined/Edges/Round-6_0130755_edge.png,64.87,63.21946,0.0025016516447067
68,/tmp/DataSetCombined/Edges/Round-10_0014722_edge.png,7.66,8.087654,0.0025016516447067
69,/tmp/DataSetCombined/Edges/Round-4_0000876_edge.png,65.27,62.294662,0.0025016516447067
70,/tmp/DataSetCombined/Edges/Round-4_0049698_edge.png,3.93,3.1718948,0.0025016516447067
71,/tmp/DataSetCombined/Edges/Round-7_0093794_edge.png,64.35,63.05127,0.0025016516447067
72,/tmp/DataSetCombined/Edges/Round-5_0062734_edge.png,63.98,63.61141,0.0025016516447067
73,/tmp/DataSetCombined/Edges/Round-3_0060291_edge.png,11.91,12.44487,0.0025016516447067
74,/tmp/DataSetCombined/Edges/Round-7_0097316_edge.png,52.03,54.399952,0.0025016516447067
75,/tmp/DataSetCombined/Edges/Round-9_0072123_edge.png,5.27,4.779842,0.0025016516447067
76,/tmp/DataSetCombined/Edges/Round-6_0074241_edge.png,21.68,22.679281,0.0025016516447067
77,/tmp/DataSetCombined/Edges/Round-6_0041811_edge.png,2.74,2.2562156,0.0025016516447067
78,/tmp/DataSetCombined/Edges/Round-1_0006534_edge.png,3.7,2.8316588,0.0025016516447067
79,/tmp/DataSetCombined/Edges/Round-1_0012167_edge.png,6.28,6.0687675,0.0025016516447067
80,/tmp/DataSetCombined/Edges/Round-4_0023571_edge.png,52.17,52.502533,0.0025016516447067
81,/tmp/DataSetCombined/Edges/Round-10_0190082_edge.png,8.08,8.524883,0.0025016516447067
82,/tmp/DataSetCombined/Edges/Round-7_0009003_edge.png,5.53,5.353937,0.0025016516447067
83,/tmp/DataSetCombined/Edges/Round-10_0091596_edge.png,3.49,2.6536376,0.0025016516447067
84,/tmp/DataSetCombined/Edges/Round-6_0077239_edge.png,4.46,3.717915,0.0025016516447067
85,/tmp/DataSetCombined/Edges/Round-9_0001697_edge.png,61.77,61.11695,0.0025016516447067
86,/tmp/DataSetCombined/Edges/Round-7_0006957_edge.png,2.7,2.238895,0.0025016516447067
87,/tmp/DataSetCombined/Edges/Round-7_0026040_edge.png,54.83,52.43694,0.0025016516447067
88,/tmp/DataSetCombined/Edges/Round-1_0072234_edge.png,3.97,3.016023,0.0025016516447067
89,/tmp/DataSetCombined/Edges/Round-10_0057102_edge.png,59.97,61.682667,0.0025016516447067
90,/tmp/DataSetCombined/Edges/Round-6_0130063_edge.png,55.22,54.229656,0.0025016516447067
91,/tmp/DataSetCombined/Edges/Round-10_0037567_edge.png,64.25,63.43253,0.0025016516447067
92,/tmp/DataSetCombined/Edges/Round-9_0038742_edge.png,12.64,12.738574,0.0025016516447067
93,/tmp/DataSetCombined/Edges/Round-2_0053834_edge.png,43.73,43.981785,0.0025016516447067
94,/tmp/DataSetCombined/Edges/Round-4_0058427_edge.png,2.66,2.254333,0.0025016516447067
95,/tmp/DataSetCombined/Edges/Round-5_0019150_edge.png,64.17,62.554676,0.0025016516447067
96,/tmp/DataSetCombined/Edges/Round-8_0036848_edge.png,59.5,56.134243,0.0025016516447067
97,/tmp/DataSetCombined/Edges/Round-8_0022942_edge.png,51.88,51.163895,0.0025016516447067
98,/tmp/DataSetCombined/Edges/Round-1_0160977_edge.png,3.17,2.4070287,0.0025016516447067
99,/tmp/DataSetCombined/Edges/Round-6_0085551_edge.png,17.36,18.292274,0.0025016516447067
100,/tmp/DataSetCombined/Edges/Round-9_0138703_edge.png,63.77,62.733273,0.0025016516447067
101,/tmp/DataSetCombined/Edges/Round-9_0060564_edge.png,8.65,9.2135105,0.0025016516447067
102,/tmp/DataSetCombined/Edges/Round-1_0030467_edge.png,2.71,2.2210298,0.0025016516447067
103,/tmp/DataSetCombined/Edges/Round-6_0100956_edge.png,53.23,50.931187,0.0025016516447067
104,/tmp/DataSetCombined/Edges/Round-7_0019478_edge.png,54.61,57.063747,0.0025016516447067
105,/tmp/DataSetCombined/Edges/Round-1_0158027_edge.png,4.46,3.6102347,0.0025016516447067
106,/tmp/DataSetCombined/Edges/Round-1_0094698_edge.png,38.39,38.683426,0.0025016516447067
107,/tmp/DataSetCombined/Edges/Round-5_0015719_edge.png,6.06,6.171476,0.0025016516447067
108,/tmp/DataSetCombined/Edges/Round-5_0124740_edge.png,63.4,62.456913,0.0025016516447067
109,/tmp/DataSetCombined/Edges/Round-8_0037239_edge.png,7.35,7.739968,0.0025016516447067
110,/tmp/DataSetCombined/Edges/Round-6_0022065_edge.png,4.16,3.1873856,0.0025016516447067
111,/tmp/DataSetCombined/Edges/Round-8_0075815_edge.png,64.84,63.11008,0.0025016516447067
112,/tmp/DataSetCombined/Edges/Round-2_0099615_edge.png,9.09,9.706612,0.0025016516447067
113,/tmp/DataSetCombined/Edges/Round-5_0020926_edge.png,63.86,63.861103,0.0025016516447067
114,/tmp/DataSetCombined/Edges/Round-6_0021343_edge.png,65.14,64.019165,0.0025016516447067
115,/tmp/DataSetCombined/Edges/Round-10_0104840_edge.png,27.26,28.74269,0.0025016516447067
116,/tmp/DataSetCombined/Edges/Round-10_0009394_edge.png,5.8,5.3292117,0.0025016516447067
117,/tmp/DataSetCombined/Edges/Round-9_0163724_edge.png,9.91,10.4581785,0.0025016516447067
118,/tmp/DataSetCombined/Edges/Round-5_0015031_edge.png,21.07,20.875935,0.0025016516447067
119,/tmp/DataSetCombined/Edges/Round-4_0080188_edge.png,2.89,2.3246458,0.0025016516447067
120,/tmp/DataSetCombined/Edges/Round-3_0079073_edge.png,6.32,6.46427,0.0025016516447067
121,/tmp/DataSetCombined/Edges/Round-1_0048467_edge.png,62.48,62.121243,0.0025016516447067
122,/tmp/DataSetCombined/Edges/Round-4_0082928_edge.png,4.09,3.1882498,0.0025016516447067
123,/tmp/DataSetCombined/Edges/Round-9_0161909_edge.png,20.53,20.94029,0.0025016516447067
124,/tmp/DataSetCombined/Edges/Round-3_0004767_edge.png,64.21,63.261982,0.0025016516447067
125,/tmp/DataSetCombined/Edges/Round-9_0047290_edge.png,3.61,2.8246472,0.0025016516447067
126,/tmp/DataSetCombined/Edges/Round-10_0098669_edge.png,5.41,5.3005447,0.0025016516447067
127,/tmp/DataSetCombined/Edges/Round-10_0101258_edge.png,8.54,8.973371,0.0025016516447067
128,/tmp/DataSetCombined/Edges/Round-6_0022637_edge.png,5.08,4.546205,0.0029668025672435
129,/tmp/DataSetCombined/Edges/Round-9_0071039_edge.png,48.97,48.1591,0.0029668025672435
130,/tmp/DataSetCombined/Edges/Round-6_0002334_edge.png,65.28,64.03255,0.0029668025672435
131,/tmp/DataSetCombined/Edges/Round-5_0074022_edge.png,9.54,10.110696,0.0029668025672435
132,/tmp/DataSetCombined/Edges/Round-3_0029651_edge.png,7.25,7.4977503,0.0029668025672435
133,/tmp/DataSetCombined/Edges/Round-9_0134188_edge.png,7.67,8.198602,0.0029668025672435
134,/tmp/DataSetCombined/Edges/Round-4_0060263_edge.png,63.67,62.521862,0.0029668025672435
135,/tmp/DataSetCombined/Edges/Round-3_0064264_edge.png,53.93,52.251675,0.0029668025672435
136,/tmp/DataSetCombined/Edges/Round-1_0124677_edge.png,56.21,54.777615,0.0029668025672435
137,/tmp/DataSetCombined/Edges/Round-9_0165974_edge.png,5.98,5.6387544,0.0029668025672435
138,/tmp/DataSetCombined/Edges/Round-4_0003495_edge.png,59.61,60.00981,0.0029668025672435
139,/tmp/DataSetCombined/Edges/Round-5_0005786_edge.png,6.76,7.1050305,0.0029668025672435
140,/tmp/DataSetCombined/Edges/Round-4_0089279_edge.png,2.99,2.349863,0.0029668025672435
141,/tmp/DataSetCombined/Edges/Round-8_0042465_edge.png,7.09,7.507043,0.0029668025672435
142,/tmp/DataSetCombined/Edges/Round-9_0023692_edge.png,3.58,2.67197,0.0029668025672435
143,/tmp/DataSetCombined/Edges/Round-4_0056741_edge.png,63.82,62.297073,0.0029668025672435
144,/tmp/DataSetCombined/Edges/Round-7_0045936_edge.png,65.01,62.39503,0.0029668025672435
145,/tmp/DataSetCombined/Edges/Round-10_0046115_edge.png,51.89,49.51414,0.0029668025672435
146,/tmp/DataSetCombined/Edges/Round-7_0029923_edge.png,64.51,63.104237,0.0029668025672435
147,/tmp/DataSetCombined/Edges/Round-10_0088857_edge.png,48.18,49.058205,0.0029668025672435
148,/tmp/DataSetCombined/Edges/Round-8_0004239_edge.png,57.94,58.945858,0.0029668025672435
149,/tmp/DataSetCombined/Edges/Round-5_0011324_edge.png,6.27,6.0119405,0.0029668025672435
150,/tmp/DataSetCombined/Edges/Round-2_0074234_edge.png,65.17,63.954044,0.0029668025672435
151,/tmp/DataSetCombined/Edges/Round-8_0053181_edge.png,9.32,9.860952,0.0029668025672435
152,/tmp/DataSetCombined/Edges/Round-1_0014101_edge.png,8.73,9.184268,0.0029668025672435
153,/tmp/DataSetCombined/Edges/Round-9_0139184_edge.png,65.27,62.10913,0.0029668025672435
154,/tmp/DataSetCombined/Edges/Round-7_0023241_edge.png,7.53,7.9531894,0.0029668025672435
155,/tmp/DataSetCombined/Edges/Round-8_0073227_edge.png,9.65,10.296864,0.0029668025672435
156,/tmp/DataSetCombined/Edges/Round-8_0059453_edge.png,5.21,4.9504404,0.0029668025672435
157,/tmp/DataSetCombined/Edges/Round-6_0015895_edge.png,63.79,62.445126,0.0029668025672435
158,/tmp/DataSetCombined/Edges/Round-10_0133524_edge.png,52.78,54.4306,0.0029668025672435
159,/tmp/DataSetCombined/Edges/Round-1_0024934_edge.png,40.67,40.924244,0.0029668025672435
160,/tmp/DataSetCombined/Edges/Round-9_0139456_edge.png,5.34,5.066446,0.0029668025672435
161,/tmp/DataSetCombined/Edges/Round-7_0057735_edge.png,42.44,40.213135,0.0029668025672435
162,/tmp/DataSetCombined/Edges/Round-7_0126422_edge.png,57.69,58.10704,0.0029668025672435
163,/tmp/DataSetCombined/Edges/Round-5_0125191_edge.png,14.19,14.219144,0.0029668025672435
164,/tmp/DataSetCombined/Edges/Round-10_0153661_edge.png,65.27,62.093742,0.0029668025672435
165,/tmp/DataSetCombined/Edges/Round-9_0123202_edge.png,6.13,6.2170067,0.0029668025672435
166,/tmp/DataSetCombined/Edges/Round-6_0002758_edge.png,50.06,50.373993,0.0029668025672435
167,/tmp/DataSetCombined/Edges/Round-10_0009845_edge.png,62.1,62.590633,0.0029668025672435
168,/tmp/DataSetCombined/Edges/Round-9_0107971_edge.png,3.68,2.8500376,0.0029668025672435
169,/tmp/DataSetCombined/Edges/Round-9_0172625_edge.png,18.59,19.272688,0.0029668025672435
170,/tmp/DataSetCombined/Edges/Round-1_0116731_edge.png,61.09,60.490273,0.0029668025672435
171,/tmp/DataSetCombined/Edges/Round-1_0152037_edge.png,24.13,24.075888,0.0029668025672435
172,/tmp/DataSetCombined/Edges/Round-10_0101227_edge.png,52.44,48.193256,0.0029668025672435
173,/tmp/DataSetCombined/Edges/Round-1_0010534_edge.png,3.0,2.3525867,0.0029668025672435
174,/tmp/DataSetCombined/Edges/Round-8_0015165_edge.png,3.45,2.6576538,0.0029668025672435
175,/tmp/DataSetCombined/Edges/Round-4_0084974_edge.png,8.3,8.595523,0.0029668025672435
176,/tmp/DataSetCombined/Edges/Round-4_0083198_edge.png,9.79,10.355788,0.0029668025672435
177,/tmp/DataSetCombined/Edges/Round-1_0088738_edge.png,3.5,2.6609654,0.0029668025672435
178,/tmp/DataSetCombined/Edges/Round-10_0003546_edge.png,6.9,6.903503,0.0029668025672435
179,/tmp/DataSetCombined/Edges/Round-1_0121486_edge.png,3.47,2.6533182,0.0029668025672435
180,/tmp/DataSetCombined/Edges/Round-8_0043699_edge.png,6.29,6.122487,0.0029668025672435
181,/tmp/DataSetCombined/Edges/Round-5_0107884_edge.png,3.83,2.9167469,0.0029668025672435
182,/tmp/DataSetCombined/Edges/Round-1_0157605_edge.png,30.82,32.45034,0.0029668025672435
183,/tmp/DataSetCombined/Edges/Round-3_0076906_edge.png,63.87,63.66576,0.0029668025672435
184,/tmp/DataSetCombined/Edges/Round-3_0007667_edge.png,8.05,8.35797,0.0029668025672435
185,/tmp/DataSetCombined/Edges/Round-9_0140148_edge.png,64.38,62.19002,0.0029668025672435
186,/tmp/DataSetCombined/Edges/Round-8_0058039_edge.png,48.29,48.217106,0.0029668025672435
187,/tmp/DataSetCombined/Edges/Round-4_0015595_edge.png,3.73,2.8816433,0.0029668025672435
188,/tmp/DataSetCombined/Edges/Round-7_0091200_edge.png,61.72,58.686558,0.0029668025672435
189,/tmp/DataSetCombined/Edges/Round-10_0001061_edge.png,3.87,2.972796,0.0029668025672435
190,/tmp/DataSetCombined/Edges/Round-1_0117001_edge.png,57.38,57.44466,0.0029668025672435
191,/tmp/DataSetCombined/Edges/Round-1_0001167_edge.png,57.66,55.754528,0.0029668025672435
192,/tmp/DataSetCombined/Edges/Round-7_0122148_edge.png,10.57,11.141673,0.0030495859682559
193,/tmp/DataSetCombined/Edges/Round-1_0121275_edge.png,5.64,5.430282,0.0030495859682559
194,/tmp/DataSetCombined/Edges/Round-5_0049581_edge.png,48.92,48.38084,0.0030495859682559
195,/tmp/DataSetCombined/Edges/Round-1_0087534_edge.png,65.33,63.947758,0.0030495859682559
196,/tmp/DataSetCombined/Edges/Round-9_0071761_edge.png,63.76,62.74699,0.0030495859682559
197,/tmp/DataSetCombined/Edges/Round-10_0116307_edge.png,47.07,48.800343,0.0030495859682559
198,/tmp/DataSetCombined/Edges/Round-10_0030704_edge.png,58.83,59.70475,0.0030495859682559
199,/tmp/DataSetCombined/Edges/Round-10_0058848_edge.png,57.13,54.435432,0.0030495859682559
200,/tmp/DataSetCombined/Edges/Round-6_0101799_edge.png,5.29,4.800789,0.0030495859682559
201,/tmp/DataSetCombined/Edges/Round-5_0019752_edge.png,10.05,10.506005,0.0030495859682559
202,/tmp/DataSetCombined/Edges/Round-1_0059801_edge.png,6.73,6.6665406,0.0030495859682559
203,/tmp/DataSetCombined/Edges/Round-2_0088629_edge.png,2.38,2.1551487,0.0030495859682559
204,/tmp/DataSetCombined/Edges/Round-9_0074344_edge.png,26.88,28.132524,0.0030495859682559
205,/tmp/DataSetCombined/Edges/Round-6_0050419_edge.png,5.88,5.8960047,0.0030495859682559
206,/tmp/DataSetCombined/Edges/Round-8_0049746_edge.png,5.41,5.2416906,0.0030495859682559
207,/tmp/DataSetCombined/Edges/Round-9_0084584_edge.png,9.62,10.246434,0.0030495859682559
208,/tmp/DataSetCombined/Edges/Round-9_0108362_edge.png,64.31,62.909195,0.0030495859682559
209,/tmp/DataSetCombined/Edges/Round-6_0122417_edge.png,1.98,2.0939267,0.0030495859682559
210,/tmp/DataSetCombined/Edges/Round-1_0047267_edge.png,3.56,2.6513023,0.0030495859682559
211,/tmp/DataSetCombined/Edges/Round-9_0054906_edge.png,6.76,6.6592236,0.0030495859682559
212,/tmp/DataSetCombined/Edges/Round-7_0073990_edge.png,3.85,2.8988206,0.0030495859682559
213,/tmp/DataSetCombined/Edges/Round-5_0038173_edge.png,65.44,63.99043,0.0030495859682559
214,/tmp/DataSetCombined/Edges/Round-3_0014239_edge.png,6.45,6.4368453,0.0030495859682559
215,/tmp/DataSetCombined/Edges/Round-9_0060354_edge.png,62.76,60.228428,0.0030495859682559
216,/tmp/DataSetCombined/Edges/Round-8_0021395_edge.png,18.61,18.874598,0.0030495859682559
217,/tmp/DataSetCombined/Edges/Round-5_0113332_edge.png,55.07,54.466164,0.0030495859682559
218,/tmp/DataSetCombined/Edges/Round-10_0143337_edge.png,30.11,31.812212,0.0030495859682559
219,/tmp/DataSetCombined/Edges/Round-10_0069171_edge.png,6.46,6.338398,0.0030495859682559
220,/tmp/DataSetCombined/Edges/Round-10_0061255_edge.png,45.9,47.365818,0.0030495859682559
221,/tmp/DataSetCombined/Edges/Round-8_0045035_edge.png,61.09,60.08372,0.0030495859682559
222,/tmp/DataSetCombined/Edges/Round-7_0123758_edge.png,8.09,8.525744,0.0030495859682559
223,/tmp/DataSetCombined/Edges/Round-2_0089773_edge.png,3.34,2.5307634,0.0030495859682559
224,/tmp/DataSetCombined/Edges/Round-4_0040246_edge.png,12.02,12.156794,0.0030495859682559
225,/tmp/DataSetCombined/Edges/Round-9_0033324_edge.png,17.17,17.596216,0.0030495859682559
226,/tmp/DataSetCombined/Edges/Round-1_0028101_edge.png,5.54,5.3448,0.0030495859682559
227,/tmp/DataSetCombined/Edges/Round-10_0174911_edge.png,6.46,6.597845,0.0030495859682559
228,/tmp/DataSetCombined/Edges/Round-6_0090061_edge.png,6.47,6.216992,0.0030495859682559
229,/tmp/DataSetCombined/Edges/Round-10_0021975_edge.png,2.87,2.3738554,0.0030495859682559
230,/tmp/DataSetCombined/Edges/Round-1_0075343_edge.png,3.91,3.156844,0.0030495859682559
231,/tmp/DataSetCombined/Edges/Round-1_0040134_edge.png,11.92,12.788826,0.0030495859682559
232,/tmp/DataSetCombined/Edges/Round-10_0086811_edge.png,57.25,55.16444,0.0030495859682559
233,/tmp/DataSetCombined/Edges/Round-8_0045848_edge.png,63.81,62.149467,0.0030495859682559
234,/tmp/DataSetCombined/Edges/Round-2_0098652_edge.png,65.41,63.75919,0.0030495859682559
235,/tmp/DataSetCombined/Edges/Round-10_0017912_edge.png,3.39,2.551735,0.0030495859682559
236,/tmp/DataSetCombined/Edges/Round-10_0104810_edge.png,58.45,58.7588,0.0030495859682559
237,/tmp/DataSetCombined/Edges/Round-5_0059483_edge.png,2.78,2.2549322,0.0030495859682559
238,/tmp/DataSetCombined/Edges/Round-3_0025934_edge.png,48.18,47.281322,0.0030495859682559
239,/tmp/DataSetCombined/Edges/Round-7_0059932_edge.png,65.12,62.61183,0.0030495859682559
240,/tmp/DataSetCombined/Edges/Round-5_0051327_edge.png,64.12,63.107014,0.0030495859682559
241,/tmp/DataSetCombined/Edges/Round-8_0057665_edge.png,5.1,4.6190457,0.0030495859682559
242,/tmp/DataSetCombined/Edges/Round-7_0100356_edge.png,5.66,5.5501738,0.0030495859682559
243,/tmp/DataSetCombined/Edges/Round-6_0078863_edge.png,2.6,2.2153811,0.0030495859682559
244,/tmp/DataSetCombined/Edges/Round-5_0062102_edge.png,3.32,2.6227715,0.0030495859682559
245,/tmp/DataSetCombined/Edges/Round-3_0078200_edge.png,36.63,38.7045,0.0030495859682559
246,/tmp/DataSetCombined/Edges/Round-2_0082301_edge.png,3.13,2.3954237,0.0030495859682559
247,/tmp/DataSetCombined/Edges/Round-9_0076999_edge.png,5.61,5.4757004,0.0030495859682559
248,/tmp/DataSetCombined/Edges/Round-3_0056047_edge.png,41.57,42.02291,0.0030495859682559
249,/tmp/DataSetCombined/Edges/Round-4_0037537_edge.png,25.85,26.598185,0.0030495859682559
250,/tmp/DataSetCombined/Edges/Round-1_0029167_edge.png,63.25,62.49167,0.0030495859682559
251,/tmp/DataSetCombined/Edges/Round-10_0061586_edge.png,53.94,52.08381,0.0030495859682559
252,/tmp/DataSetCombined/Edges/Round-1_0108513_edge.png,3.08,2.409325,0.0030495859682559
253,/tmp/DataSetCombined/Edges/Round-2_0074667_edge.png,6.25,6.417516,0.0030495859682559
254,/tmp/DataSetCombined/Edges/Round-7_0116911_edge.png,29.0,30.349104,0.0030495859682559
255,/tmp/DataSetCombined/Edges/Round-4_0044671_edge.png,2.99,2.3523595,0.0030495859682559
256,/tmp/DataSetCombined/Edges/Round-8_0024827_edge.png,26.78,28.600378,0.002671979367733
257,/tmp/DataSetCombined/Edges/Round-2_0085134_edge.png,47.09,46.430965,0.002671979367733
258,/tmp/DataSetCombined/Edges/Round-10_0132953_edge.png,5.19,4.935492,0.002671979367733
259,/tmp/DataSetCombined/Edges/Round-9_0006746_edge.png,6.11,5.8307934,0.002671979367733
260,/tmp/DataSetCombined/Edges/Round-9_0103938_edge.png,41.07,40.390545,0.002671979367733
261,/tmp/DataSetCombined/Edges/Round-5_0007411_edge.png,10.08,10.371043,0.002671979367733
262,/tmp/DataSetCombined/Edges/Round-10_0022969_edge.png,64.16,63.381306,0.002671979367733
263,/tmp/DataSetCombined/Edges/Round-10_0024835_edge.png,21.43,21.751951,0.002671979367733
264,/tmp/DataSetCombined/Edges/Round-9_0178103_edge.png,8.55,8.871869,0.002671979367733
265,/tmp/DataSetCombined/Edges/Round-8_0047203_edge.png,9.38,9.940734,0.002671979367733
266,/tmp/DataSetCombined/Edges/Round-7_0133519_edge.png,55.76,54.25845,0.002671979367733
267,/tmp/DataSetCombined/Edges/Round-3_0087772_edge.png,5.23,5.05015,0.002671979367733
268,/tmp/DataSetCombined/Edges/Round-1_0122389_edge.png,63.56,63.12595,0.002671979367733
269,/tmp/DataSetCombined/Edges/Round-9_0051022_edge.png,7.08,7.3301935,0.002671979367733
270,/tmp/DataSetCombined/Edges/Round-9_0128130_edge.png,61.83,61.93762,0.002671979367733
271,/tmp/DataSetCombined/Edges/Round-7_0011080_edge.png,30.35,31.997396,0.002671979367733
272,/tmp/DataSetCombined/Edges/Round-5_0081366_edge.png,4.74,3.7951725,0.002671979367733
273,/tmp/DataSetCombined/Edges/Round-10_0097826_edge.png,65.43,63.933094,0.002671979367733
274,/tmp/DataSetCombined/Edges/Round-6_0041931_edge.png,65.07,62.909794,0.002671979367733
275,/tmp/DataSetCombined/Edges/Round-1_0027334_edge.png,4.96,4.416646,0.002671979367733
276,/tmp/DataSetCombined/Edges/Round-3_0011771_edge.png,13.92,14.155217,0.002671979367733
277,/tmp/DataSetCombined/Edges/Round-10_0135571_edge.png,41.71,42.54583,0.002671979367733
278,/tmp/DataSetCombined/Edges/Round-8_0063847_edge.png,17.84,18.403746,0.002671979367733
279,/tmp/DataSetCombined/Edges/Round-8_0033473_edge.png,3.26,2.4659476,0.002671979367733
280,/tmp/DataSetCombined/Edges/Round-9_0065711_edge.png,8.3,8.596472,0.002671979367733
281,/tmp/DataSetCombined/Edges/Round-5_0123596_edge.png,4.06,3.2996218,0.002671979367733
282,/tmp/DataSetCombined/Edges/Round-10_0149929_edge.png,65.01,63.17078,0.002671979367733
283,/tmp/DataSetCombined/Edges/Round-10_0131177_edge.png,64.85,62.930058,0.002671979367733
284,/tmp/DataSetCombined/Edges/Round-9_0146679_edge.png,4.36,3.582542,0.002671979367733
285,/tmp/DataSetCombined/Edges/Round-2_0058679_edge.png,8.43,8.854173,0.002671979367733
286,/tmp/DataSetCombined/Edges/Round-1_0149840_edge.png,57.81,57.105366,0.002671979367733
287,/tmp/DataSetCombined/Edges/Round-5_0045999_edge.png,5.15,4.623127,0.002671979367733
288,/tmp/DataSetCombined/Edges/Round-7_0111041_edge.png,64.96,62.968456,0.002671979367733
289,/tmp/DataSetCombined/Edges/Round-6_0100384_edge.png,62.82,59.88201,0.002671979367733
290,/tmp/DataSetCombined/Edges/Round-10_0124917_edge.png,3.1,2.374137,0.002671979367733
291,/tmp/DataSetCombined/Edges/Round-2_0030400_edge.png,6.2,6.0832615,0.002671979367733
292,/tmp/DataSetCombined/Edges/Round-3_0028747_edge.png,6.24,6.410062,0.002671979367733
293,/tmp/DataSetCombined/Edges/Round-10_0151946_edge.png,5.36,4.775204,0.002671979367733
294,/tmp/DataSetCombined/Edges/Round-7_0108603_edge.png,65.22,64.01904,0.002671979367733
295,/tmp/DataSetCombined/Edges/Round-7_0034829_edge.png,7.3,7.6031003,0.002671979367733
296,/tmp/DataSetCombined/Edges/Round-10_0179908_edge.png,7.2,7.2423306,0.002671979367733
297,/tmp/DataSetCombined/Edges/Round-7_0066614_edge.png,3.68,2.86332,0.002671979367733
298,/tmp/DataSetCombined/Edges/Round-2_0093656_edge.png,6.28,6.0653286,0.002671979367733
299,/tmp/DataSetCombined/Edges/Round-10_0069382_edge.png,2.8,2.2545302,0.002671979367733
300,/tmp/DataSetCombined/Edges/Round-1_0071700_edge.png,4.02,3.0657206,0.002671979367733
301,/tmp/DataSetCombined/Edges/Round-1_0009100_edge.png,63.91,63.32375,0.002671979367733
302,/tmp/DataSetCombined/Edges/Round-7_0036837_edge.png,6.01,5.96992,0.002671979367733
303,/tmp/DataSetCombined/Edges/Round-6_0039751_edge.png,3.06,2.3554418,0.002671979367733
304,/tmp/DataSetCombined/Edges/Round-1_0008034_edge.png,8.74,9.17347,0.002671979367733
305,/tmp/DataSetCombined/Edges/Round-3_0064415_edge.png,7.25,7.2067275,0.002671979367733
306,/tmp/DataSetCombined/Edges/Round-6_0035429_edge.png,7.43,7.774001,0.002671979367733
307,/tmp/DataSetCombined/Edges/Round-5_0025952_edge.png,29.96,31.488369,0.002671979367733
308,/tmp/DataSetCombined/Edges/Round-10_0175972_edge.png,3.34,2.5608878,0.002671979367733
309,/tmp/DataSetCombined/Edges/Round-9_0026702_edge.png,56.22,54.428402,0.002671979367733
310,/tmp/DataSetCombined/Edges/Round-1_0154776_edge.png,65.13,62.664692,0.002671979367733
311,/tmp/DataSetCombined/Edges/Round-10_0051383_edge.png,6.87,7.081182,0.002671979367733
312,/tmp/DataSetCombined/Edges/Round-9_0179518_edge.png,5.48,5.0206285,0.002671979367733
313,/tmp/DataSetCombined/Edges/Round-10_0112726_edge.png,64.2,62.586273,0.002671979367733
314,/tmp/DataSetCombined/Edges/Round-1_0029934_edge.png,65.36,63.76189,0.002671979367733
315,/tmp/DataSetCombined/Edges/Round-10_0024775_edge.png,7.42,7.6235223,0.002671979367733
316,/tmp/DataSetCombined/Edges/Round-9_0197409_edge.png,4.01,3.214149,0.002671979367733
317,/tmp/DataSetCombined/Edges/Round-4_0061707_edge.png,7.55,7.955364,0.002671979367733
318,/tmp/DataSetCombined/Edges/Round-3_0070796_edge.png,64.84,63.293964,0.002671979367733
319,/tmp/DataSetCombined/Edges/Round-9_0171240_edge.png,49.97,49.17418,0.002671979367733
320,/tmp/DataSetCombined/Edges/Round-10_0128588_edge.png,65.09,64.344345,0.0027688927948474
321,/tmp/DataSetCombined/Edges/Round-7_0019689_edge.png,65.13,62.15234,0.0027688927948474
322,/tmp/DataSetCombined/Edges/Round-9_0118205_edge.png,5.22,4.68258,0.0027688927948474
323,/tmp/DataSetCombined/Edges/Round-8_0057454_edge.png,48.38,48.319317,0.0027688927948474
324,/tmp/DataSetCombined/Edges/Round-7_0052076_edge.png,56.04,53.562195,0.0027688927948474
325,/tmp/DataSetCombined/Edges/Round-2_0091941_edge.png,9.56,10.12197,0.0027688927948474
326,/tmp/DataSetCombined/Edges/Round-7_0063303_edge.png,63.99,62.73143,0.0027688927948474
327,/tmp/DataSetCombined/Edges/Round-2_0030200_edge.png,12.36,12.970572,0.0027688927948474
328,/tmp/DataSetCombined/Edges/Round-10_0091084_edge.png,5.46,5.296403,0.0027688927948474
329,/tmp/DataSetCombined/Edges/Round-9_0110258_edge.png,64.23,63.28883,0.0027688927948474
330,/tmp/DataSetCombined/Edges/Round-10_0167447_edge.png,8.86,9.406449,0.0027688927948474
331,/tmp/DataSetCombined/Edges/Round-5_0015057_edge.png,19.02,19.606169,0.0027688927948474
332,/tmp/DataSetCombined/Edges/Round-4_0049156_edge.png,16.98,17.366419,0.0027688927948474
333,/tmp/DataSetCombined/Edges/Round-8_0072607_edge.png,65.22,64.328636,0.0027688927948474
334,/tmp/DataSetCombined/Edges/Round-1_0069334_edge.png,2.98,2.320889,0.0027688927948474
335,/tmp/DataSetCombined/Edges/Round-7_0021916_edge.png,64.39,63.20396,0.0027688927948474
336,/tmp/DataSetCombined/Edges/Round-6_0066071_edge.png,63.93,62.50491,0.0027688927948474
337,/tmp/DataSetCombined/Edges/Round-1_0060634_edge.png,4.32,3.5153668,0.0027688927948474
338,/tmp/DataSetCombined/Edges/Round-9_0069684_edge.png,63.89,62.348507,0.0027688927948474
339,/tmp/DataSetCombined/Edges/Round-9_0029230_edge.png,8.36,8.736329,0.0027688927948474
340,/tmp/DataSetCombined/Edges/Round-3_0021101_edge.png,3.64,2.680589,0.0027688927948474
341,/tmp/DataSetCombined/Edges/Round-5_0072005_edge.png,49.5,51.141182,0.0027688927948474
342,/tmp/DataSetCombined/Edges/Round-8_0036234_edge.png,7.72,7.890596,0.0027688927948474
343,/tmp/DataSetCombined/Edges/Round-4_0089249_edge.png,64.22,62.430073,0.0027688927948474
344,/tmp/DataSetCombined/Edges/Round-10_0165069_edge.png,5.72,5.70503,0.0027688927948474
345,/tmp/DataSetCombined/Edges/Round-10_0116247_edge.png,2.82,2.2651212,0.0027688927948474
346,/tmp/DataSetCombined/Edges/Round-1_0059634_edge.png,65.43,63.92095,0.0027688927948474
347,/tmp/DataSetCombined/Edges/Round-8_0028770_edge.png,60.29,58.981426,0.0027688927948474
348,/tmp/DataSetCombined/Edges/Round-7_0032933_edge.png,60.67,59.227848,0.0027688927948474
349,/tmp/DataSetCombined/Edges/Round-10_0047078_edge.png,64.91,62.758022,0.0027688927948474
350,/tmp/DataSetCombined/Edges/Round-5_0116041_edge.png,64.22,63.11346,0.0027688927948474
351,/tmp/DataSetCombined/Edges/Round-10_0007678_edge.png,54.56,55.861652,0.0027688927948474
352,/tmp/DataSetCombined/Edges/Round-8_0045385_edge.png,63.93,62.347336,0.0027688927948474
353,/tmp/DataSetCombined/Edges/Round-10_0057794_edge.png,6.63,6.509213,0.0027688927948474
354,/tmp/DataSetCombined/Edges/Round-5_0060357_edge.png,58.61,57.44228,0.0027688927948474
355,/tmp/DataSetCombined/Edges/Round-5_0027427_edge.png,7.14,7.5037594,0.0027688927948474
356,/tmp/DataSetCombined/Edges/Round-8_0018849_edge.png,27.5,28.139097,0.0027688927948474
357,/tmp/DataSetCombined/Edges/Round-9_0081002_edge.png,65.44,62.793194,0.0027688927948474
358,/tmp/DataSetCombined/Edges/Round-4_0047621_edge.png,2.0,2.0946074,0.0027688927948474
359,/tmp/DataSetCombined/Edges/Round-7_0001298_edge.png,32.02,33.518826,0.0027688927948474
360,/tmp/DataSetCombined/Edges/Round-9_0090634_edge.png,7.94,8.354849,0.0027688927948474
361,/tmp/DataSetCombined/Edges/Round-5_0083593_edge.png,20.01,20.304487,0.0027688927948474
362,/tmp/DataSetCombined/Edges/Round-6_0003614_edge.png,6.76,7.1085596,0.0027688927948474
363,/tmp/DataSetCombined/Edges/Round-5_0066617_edge.png,4.97,4.4678526,0.0027688927948474
364,/tmp/DataSetCombined/Edges/Round-1_0076878_edge.png,3.79,2.9651573,0.0027688927948474
365,/tmp/DataSetCombined/Edges/Round-9_0022428_edge.png,3.25,2.462167,0.0027688927948474
366,/tmp/DataSetCombined/Edges/Round-6_0004819_edge.png,27.9,28.392258,0.0027688927948474
367,/tmp/DataSetCombined/Edges/Round-2_0062954_edge.png,9.9,10.434678,0.0027688927948474
368,/tmp/DataSetCombined/Edges/Round-5_0055540_edge.png,3.35,2.5344334,0.0027688927948474
369,/tmp/DataSetCombined/Edges/Round-6_0116156_edge.png,8.86,9.245589,0.0027688927948474
370,/tmp/DataSetCombined/Edges/Round-6_0017189_edge.png,59.02,58.93281,0.0027688927948474
371,/tmp/DataSetCombined/Edges/Round-6_0037566_edge.png,6.44,6.457466,0.0027688927948474
372,/tmp/DataSetCombined/Edges/Round-10_0124705_edge.png,46.06,45.582836,0.0027688927948474
373,/tmp/DataSetCombined/Edges/Round-8_0004630_edge.png,13.58,14.065232,0.0027688927948474
374,/tmp/DataSetCombined/Edges/Round-5_0066707_edge.png,63.38,62.705708,0.0027688927948474
375,/tmp/DataSetCombined/Edges/Round-1_0025200_edge.png,3.29,2.4840348,0.0027688927948474
376,/tmp/DataSetCombined/Edges/Round-10_0034467_edge.png,64.65,62.562546,0.0027688927948474
377,/tmp/DataSetCombined/Edges/Round-5_0084286_edge.png,4.79,3.8386226,0.0027688927948474
378,/tmp/DataSetCombined/Edges/Round-9_0176869_edge.png,3.36,2.5541508,0.0027688927948474
379,/tmp/DataSetCombined/Edges/Round-10_0049035_edge.png,12.47,13.299066,0.0027688927948474
380,/tmp/DataSetCombined/Edges/Round-8_0086862_edge.png,64.68,63.35291,0.0027688927948474
381,/tmp/DataSetCombined/Edges/Round-9_0137259_edge.png,32.59,34.067833,0.0027688927948474
382,/tmp/DataSetCombined/Edges/Round-8_0020987_edge.png,63.87,63.42056,0.0027688927948474
383,/tmp/DataSetCombined/Edges/Round-1_0124195_edge.png,2.68,2.251286,0.0027688927948474
384,/tmp/DataSetCombined/Edges/Round-9_0155288_edge.png,22.69,22.017773,0.0026775002479553
385,/tmp/DataSetCombined/Edges/Round-5_0087777_edge.png,41.3,41.579983,0.0026775002479553
386,/tmp/DataSetCombined/Edges/Round-7_0121426_edge.png,5.19,4.539309,0.0026775002479553
387,/tmp/DataSetCombined/Edges/Round-1_0077601_edge.png,59.58,59.545254,0.0026775002479553
388,/tmp/DataSetCombined/Edges/Round-7_0059511_edge.png,65.21,62.25607,0.0026775002479553
389,/tmp/DataSetCombined/Edges/Round-10_0126993_edge.png,56.74,56.356808,0.0026775002479553
390,/tmp/DataSetCombined/Edges/Round-1_0137323_edge.png,6.52,6.30492,0.0026775002479553
391,/tmp/DataSetCombined/Edges/Round-9_0071912_edge.png,3.22,2.4579015,0.0026775002479553
392,/tmp/DataSetCombined/Edges/Round-7_0034167_edge.png,58.61,59.822727,0.0026775002479553
393,/tmp/DataSetCombined/Edges/Round-7_0076001_edge.png,10.83,11.477706,0.0026775002479553
394,/tmp/DataSetCombined/Edges/Round-3_0086327_edge.png,9.04,9.69513,0.0026775002479553
395,/tmp/DataSetCombined/Edges/Round-10_0026527_edge.png,10.57,10.859213,0.0026775002479553
396,/tmp/DataSetCombined/Edges/Round-10_0099512_edge.png,22.18,22.02374,0.0026775002479553
397,/tmp/DataSetCombined/Edges/Round-7_0070226_edge.png,6.0,6.1052256,0.0026775002479553
398,/tmp/DataSetCombined/Edges/Round-9_0122750_edge.png,7.29,7.6043577,0.0026775002479553
399,/tmp/DataSetCombined/Edges/Round-7_0098008_edge.png,63.37,62.772102,0.0026775002479553
400,/tmp/DataSetCombined/Edges/Round-7_0010329_edge.png,43.71,42.84015,0.0026775002479553
401,/tmp/DataSetCombined/Edges/Round-1_0083864_edge.png,5.36,5.2090855,0.0026775002479553
402,/tmp/DataSetCombined/Edges/Round-5_0061801_edge.png,7.03,7.348077,0.0026775002479553
403,/tmp/DataSetCombined/Edges/Round-1_0165707_edge.png,52.07,50.890926,0.0026775002479553
404,/tmp/DataSetCombined/Edges/Round-7_0112907_edge.png,38.11,38.461338,0.0026775002479553
405,/tmp/DataSetCombined/Edges/Round-9_0018335_edge.png,10.73,11.232738,0.0026775002479553
406,/tmp/DataSetCombined/Edges/Round-10_0122448_edge.png,4.13,3.3460076,0.0026775002479553
407,/tmp/DataSetCombined/Edges/Round-9_0183551_edge.png,3.45,2.6120894,0.0026775002479553
408,/tmp/DataSetCombined/Edges/Round-6_0088706_edge.png,38.68,38.73689,0.0026775002479553
409,/tmp/DataSetCombined/Edges/Round-8_0030226_edge.png,29.48,30.864048,0.0026775002479553
410,/tmp/DataSetCombined/Edges/Round-9_0098911_edge.png,14.04,14.498921,0.0026775002479553
411,/tmp/DataSetCombined/Edges/Round-1_0043500_edge.png,4.09,3.2419333,0.0026775002479553
412,/tmp/DataSetCombined/Edges/Round-10_0081873_edge.png,63.92,62.052315,0.0026775002479553
413,/tmp/DataSetCombined/Edges/Round-10_0193001_edge.png,64.91,62.458904,0.0026775002479553
414,/tmp/DataSetCombined/Edges/Round-7_0056170_edge.png,6.06,6.2142453,0.0026775002479553
415,/tmp/DataSetCombined/Edges/Round-1_0034691_edge.png,54.2,51.711857,0.0026775002479553
416,/tmp/DataSetCombined/Edges/Round-10_0038741_edge.png,5.18,4.603679,0.0026775002479553
417,/tmp/DataSetCombined/Edges/Round-10_0042022_edge.png,28.0,28.663237,0.0026775002479553
418,/tmp/DataSetCombined/Edges/Round-2_0085498_edge.png,65.21,63.71477,0.0026775002479553
419,/tmp/DataSetCombined/Edges/Round-7_0061226_edge.png,3.47,2.671011,0.0026775002479553
420,/tmp/DataSetCombined/Edges/Round-7_0080340_edge.png,63.88,63.52005,0.0026775002479553
421,/tmp/DataSetCombined/Edges/Round-1_0049300_edge.png,23.95,24.310938,0.0026775002479553
422,/tmp/DataSetCombined/Edges/Round-8_0042525_edge.png,63.82,62.26769,0.0026775002479553
423,/tmp/DataSetCombined/Edges/Round-6_0004126_edge.png,59.48,59.676,0.0026775002479553
424,/tmp/DataSetCombined/Edges/Round-10_0135180_edge.png,4.86,4.1713657,0.0026775002479553
425,/tmp/DataSetCombined/Edges/Round-7_0068601_edge.png,58.49,57.925762,0.0026775002479553
426,/tmp/DataSetCombined/Edges/Round-6_0006213_edge.png,7.36,7.7747126,0.0026775002479553
427,/tmp/DataSetCombined/Edges/Round-9_0044864_edge.png,65.08,62.63902,0.0026775002479553
428,/tmp/DataSetCombined/Edges/Round-4_0073356_edge.png,65.34,63.197678,0.0026775002479553
429,/tmp/DataSetCombined/Edges/Round-10_0048192_edge.png,3.7,2.8336198,0.0026775002479553
430,/tmp/DataSetCombined/Edges/Round-6_0020681_edge.png,4.11,3.1953752,0.0026775002479553
431,/tmp/DataSetCombined/Edges/Round-10_0034617_edge.png,8.16,8.237969,0.0026775002479553
432,/tmp/DataSetCombined/Edges/Round-6_0012193_edge.png,3.31,2.5064876,0.0026775002479553
433,/tmp/DataSetCombined/Edges/Round-7_0037989_edge.png,6.46,6.6700087,0.0026775002479553
434,/tmp/DataSetCombined/Edges/Round-8_0045716_edge.png,3.29,2.5310676,0.0026775002479553
435,/tmp/DataSetCombined/Edges/Round-6_0015955_edge.png,15.43,15.267922,0.0026775002479553
436,/tmp/DataSetCombined/Edges/Round-9_0101499_edge.png,7.01,6.9305716,0.0026775002479553
437,/tmp/DataSetCombined/Edges/Round-3_0034534_edge.png,65.4,63.766384,0.0026775002479553
438,/tmp/DataSetCombined/Edges/Round-5_0000940_edge.png,64.16,62.932293,0.0026775002479553
439,/tmp/DataSetCombined/Edges/Round-3_0040787_edge.png,7.45,7.8285646,0.0026775002479553
440,/tmp/DataSetCombined/Edges/Round-5_0081637_edge.png,64.62,63.026535,0.0026775002479553
441,/tmp/DataSetCombined/Edges/Round-10_0068479_edge.png,10.91,11.340002,0.0026775002479553
442,/tmp/DataSetCombined/Edges/Round-7_0018124_edge.png,64.85,63.131077,0.0026775002479553
443,/tmp/DataSetCombined/Edges/Round-3_0015895_edge.png,54.23,53.557964,0.0026775002479553
444,/tmp/DataSetCombined/Edges/Round-5_0016291_edge.png,4.8,4.0270863,0.0026775002479553
445,/tmp/DataSetCombined/Edges/Round-1_0038000_edge.png,64.87,62.889793,0.0026775002479553
446,/tmp/DataSetCombined/Edges/Round-1_0104690_edge.png,37.25,38.18614,0.0026775002479553
447,/tmp/DataSetCombined/Edges/Round-9_0044070_edge.png,6.31,6.5244718,0.0026775002479553
448,/tmp/DataSetCombined/Edges/Round-6_0127504_edge.png,55.99,53.95695,0.002665888518095
449,/tmp/DataSetCombined/Edges/Round-8_0009777_edge.png,57.39,54.36337,0.002665888518095
450,/tmp/DataSetCombined/Edges/Round-10_0037642_edge.png,64.26,62.92139,0.002665888518095
451,/tmp/DataSetCombined/Edges/Round-3_0012674_edge.png,65.28,61.83079,0.002665888518095
452,/tmp/DataSetCombined/Edges/Round-10_0187885_edge.png,26.08,26.862772,0.002665888518095
453,/tmp/DataSetCombined/Edges/Round-7_0091657_edge.png,7.25,7.578965,0.002665888518095
454,/tmp/DataSetCombined/Edges/Round-9_0078774_edge.png,7.28,7.3556223,0.002665888518095
455,/tmp/DataSetCombined/Edges/Round-3_0084732_edge.png,3.13,2.4313016,0.002665888518095
456,/tmp/DataSetCombined/Edges/Round-8_0001273_edge.png,19.83,20.61606,0.002665888518095
457,/tmp/DataSetCombined/Edges/Round-8_0067068_edge.png,58.95,57.968517,0.002665888518095
458,/tmp/DataSetCombined/Edges/Round-5_0061079_edge.png,4.84,3.918049,0.002665888518095
459,/tmp/DataSetCombined/Edges/Round-2_0059467_edge.png,64.25,63.60378,0.002665888518095
460,/tmp/DataSetCombined/Edges/Round-6_0124314_edge.png,6.45,6.607555,0.002665888518095
461,/tmp/DataSetCombined/Edges/Round-5_0076520_edge.png,65.39,63.851,0.002665888518095
462,/tmp/DataSetCombined/Edges/Round-8_0055269_edge.png,4.13,3.3041189,0.002665888518095
463,/tmp/DataSetCombined/Edges/Round-1_0124708_edge.png,5.97,5.8497186,0.002665888518095
464,/tmp/DataSetCombined/Edges/Round-4_0045123_edge.png,61.1,60.67153,0.002665888518095
465,/tmp/DataSetCombined/Edges/Round-9_0183792_edge.png,5.4,5.006107,0.002665888518095
466,/tmp/DataSetCombined/Edges/Round-9_0066042_edge.png,58.05,55.63558,0.002665888518095
467,/tmp/DataSetCombined/Edges/Round-10_0114802_edge.png,64.99,62.66393,0.002665888518095
468,/tmp/DataSetCombined/Edges/Round-9_0092229_edge.png,4.86,4.162923,0.002665888518095
469,/tmp/DataSetCombined/Edges/Round-9_0055868_edge.png,2.69,2.269223,0.002665888518095
470,/tmp/DataSetCombined/Edges/Round-3_0058847_edge.png,53.24,52.572784,0.002665888518095
471,/tmp/DataSetCombined/Edges/Round-9_0046267_edge.png,65.38,63.867954,0.002665888518095
472,/tmp/DataSetCombined/Edges/Round-9_0135603_edge.png,4.02,3.094588,0.002665888518095
473,/tmp/DataSetCombined/Edges/Round-5_0033418_edge.png,64.85,62.55295,0.002665888518095
474,/tmp/DataSetCombined/Edges/Round-2_0092451_edge.png,54.05,51.77592,0.002665888518095
475,/tmp/DataSetCombined/Edges/Round-6_0019055_edge.png,4.56,3.6307278,0.002665888518095
476,/tmp/DataSetCombined/Edges/Round-1_0039634_edge.png,14.14,14.248774,0.002665888518095
477,/tmp/DataSetCombined/Edges/Round-2_0024400_edge.png,31.67,33.08607,0.002665888518095
478,/tmp/DataSetCombined/Edges/Round-9_0186892_edge.png,3.97,3.155108,0.002665888518095
479,/tmp/DataSetCombined/Edges/Round-8_0034531_edge.png,64.28,63.133327,0.002665888518095
480,/tmp/DataSetCombined/Edges/Round-1_0133074_edge.png,64.14,63.417957,0.002665888518095
481,/tmp/DataSetCombined/Edges/Round-6_0119125_edge.png,50.69,63.75314,0.002665888518095
482,/tmp/DataSetCombined/Edges/Round-9_0103246_edge.png,61.24,61.828957,0.002665888518095
483,/tmp/DataSetCombined/Edges/Round-9_0132412_edge.png,24.8,25.114174,0.002665888518095
484,/tmp/DataSetCombined/Edges/Round-1_0147101_edge.png,60.7,60.171227,0.002665888518095
485,/tmp/DataSetCombined/Edges/Round-7_0097978_edge.png,3.43,2.5911717,0.002665888518095
486,/tmp/DataSetCombined/Edges/Round-1_0048934_edge.png,65.25,63.802166,0.002665888518095
487,/tmp/DataSetCombined/Edges/Round-9_0121997_edge.png,25.85,26.159105,0.002665888518095
488,/tmp/DataSetCombined/Edges/Round-8_0002974_edge.png,53.9,52.987415,0.002665888518095
489,/tmp/DataSetCombined/Edges/Round-8_0069314_edge.png,22.66,23.10864,0.002665888518095
490,/tmp/DataSetCombined/Edges/Round-10_0195861_edge.png,25.9,26.68926,0.002665888518095
491,/tmp/DataSetCombined/Edges/Round-8_0055691_edge.png,60.82,57.416824,0.002665888518095
492,/tmp/DataSetCombined/Edges/Round-9_0162663_edge.png,57.85,55.81363,0.002665888518095
493,/tmp/DataSetCombined/Edges/Round-10_0010447_edge.png,6.06,6.1426697,0.002665888518095
494,/tmp/DataSetCombined/Edges/Round-10_0133193_edge.png,60.7,59.476368,0.002665888518095
495,/tmp/DataSetCombined/Edges/Round-10_0137648_edge.png,36.06,37.058865,0.002665888518095
496,/tmp/DataSetCombined/Edges/Round-4_0029741_edge.png,48.26,46.220745,0.002665888518095
497,/tmp/DataSetCombined/Edges/Round-1_0046600_edge.png,36.15,35.735966,0.002665888518095
498,/tmp/DataSetCombined/Edges/Round-10_0147129_edge.png,64.95,62.937912,0.002665888518095
499,/tmp/DataSetCombined/Edges/Round-6_0107977_edge.png,64.6,63.346634,0.002665888518095
500,/tmp/DataSetCombined/Edges/Round-5_0054457_edge.png,59.03,60.226696,0.002665888518095
501,/tmp/DataSetCombined/Edges/Round-9_0097888_edge.png,3.49,2.7194543,0.002665888518095
502,/tmp/DataSetCombined/Edges/Round-5_0078206_edge.png,3.69,2.7492855,0.002665888518095
503,/tmp/DataSetCombined/Edges/Round-9_0159532_edge.png,62.12,62.276653,0.002665888518095
504,/tmp/DataSetCombined/Edges/Round-10_0041486_edge.png,64.92,63.295853,0.002665888518095
505,/tmp/DataSetCombined/Edges/Round-8_0065684_edge.png,65.14,62.978695,0.002665888518095
506,/tmp/DataSetCombined/Edges/Round-10_0022908_edge.png,9.08,9.700894,0.002665888518095
507,/tmp/DataSetCombined/Edges/Round-7_0048434_edge.png,43.1,43.332096,0.002665888518095
508,/tmp/DataSetCombined/Edges/Round-9_0153120_edge.png,61.83,62.435783,0.002665888518095
509,/tmp/DataSetCombined/Edges/Round-1_0034498_edge.png,64.35,63.21774,0.002665888518095
510,/tmp/DataSetCombined/Edges/Round-6_0008972_edge.png,37.3,38.169804,0.002665888518095
511,/tmp/DataSetCombined/Edges/Round-5_0095001_edge.png,3.65,2.8292608,0.002665888518095
512,/tmp/DataSetCombined/Edges/Round-1_0089370_edge.png,42.78,42.937332,0.0024530626833438
513,/tmp/DataSetCombined/Edges/Round-1_0170248_edge.png,57.86,58.619373,0.0024530626833438
514,/tmp/DataSetCombined/Edges/Round-5_0046300_edge.png,64.5,62.553898,0.0024530626833438
515,/tmp/DataSetCombined/Edges/Round-3_0031734_edge.png,4.23,3.4347644,0.0024530626833438
516,/tmp/DataSetCombined/Edges/Round-4_0050149_edge.png,3.74,2.7835772,0.0024530626833438
517,/tmp/DataSetCombined/Edges/Round-7_0016468_edge.png,5.31,4.813183,0.0024530626833438
518,/tmp/DataSetCombined/Edges/Round-2_0105394_edge.png,63.8,62.226566,0.0024530626833438
519,/tmp/DataSetCombined/Edges/Round-6_0087051_edge.png,5.61,5.4613986,0.0024530626833438
520,/tmp/DataSetCombined/Edges/Round-9_0057830_edge.png,7.43,7.492805,0.0024530626833438
521,/tmp/DataSetCombined/Edges/Round-9_0001122_edge.png,3.29,2.534669,0.0024530626833438
522,/tmp/DataSetCombined/Edges/Round-9_0165401_edge.png,65.21,62.925526,0.0024530626833438
523,/tmp/DataSetCombined/Edges/Round-1_0051264_edge.png,7.7,7.853675,0.0024530626833438
524,/tmp/DataSetCombined/Edges/Round-10_0092319_edge.png,3.64,2.6792269,0.0024530626833438
525,/tmp/DataSetCombined/Edges/Round-6_0017370_edge.png,7.12,7.501099,0.0024530626833438
526,/tmp/DataSetCombined/Edges/Round-9_0066012_edge.png,64.17,63.1256,0.0024530626833438
527,/tmp/DataSetCombined/Edges/Round-10_0032331_edge.png,8.77,9.148645,0.0024530626833438
528,/tmp/DataSetCombined/Edges/Round-1_0053250_edge.png,5.61,5.4899774,0.0024530626833438
529,/tmp/DataSetCombined/Edges/Round-6_0070134_edge.png,5.15,4.575165,0.0024530626833438
530,/tmp/DataSetCombined/Edges/Round-4_0034136_edge.png,60.93,59.84804,0.0024530626833438
531,/tmp/DataSetCombined/Edges/Round-9_0059893_edge.png,60.68,60.02993,0.0024530626833438
532,/tmp/DataSetCombined/Edges/Round-3_0043917_edge.png,5.91,5.951172,0.0024530626833438
533,/tmp/DataSetCombined/Edges/Round-6_0009935_edge.png,2.98,2.343625,0.0024530626833438
534,/tmp/DataSetCombined/Edges/Round-1_0107399_edge.png,63.83,62.345676,0.0024530626833438
535,/tmp/DataSetCombined/Edges/Round-8_0002042_edge.png,4.87,4.0575914,0.0024530626833438
536,/tmp/DataSetCombined/Edges/Round-8_0065883_edge.png,2.81,2.263835,0.0024530626833438
537,/tmp/DataSetCombined/Edges/Round-8_0067448_edge.png,60.97,60.822872,0.0024530626833438
538,/tmp/DataSetCombined/Edges/Round-1_0110470_edge.png,5.64,5.4440446,0.0024530626833438
539,/tmp/DataSetCombined/Edges/Round-10_0116819_edge.png,63.75,62.08541,0.0024530626833438
540,/tmp/DataSetCombined/Edges/Round-6_0103936_edge.png,63.78,62.357407,0.0024530626833438
541,/tmp/DataSetCombined/Edges/Round-6_0043677_edge.png,63.71,61.480877,0.0024530626833438
542,/tmp/DataSetCombined/Edges/Round-6_0015052_edge.png,7.96,8.330663,0.0024530626833438
543,/tmp/DataSetCombined/Edges/Round-9_0157726_edge.png,11.27,11.875872,0.0024530626833438
544,/tmp/DataSetCombined/Edges/Round-2_0077071_edge.png,2.84,2.2763739,0.0024530626833438
545,/tmp/DataSetCombined/Edges/Round-2_0055534_edge.png,32.17,34.117664,0.0024530626833438
546,/tmp/DataSetCombined/Edges/Round-4_0001448_edge.png,64.81,61.996567,0.0024530626833438
547,/tmp/DataSetCombined/Edges/Round-1_0157967_edge.png,9.38,9.984054,0.0024530626833438
548,/tmp/DataSetCombined/Edges/Round-9_0006175_edge.png,3.23,2.4434214,0.0024530626833438
549,/tmp/DataSetCombined/Edges/Round-6_0097468_edge.png,27.24,28.15341,0.0024530626833438
550,/tmp/DataSetCombined/Edges/Round-8_0070187_edge.png,42.25,42.737465,0.0024530626833438
551,/tmp/DataSetCombined/Edges/Round-1_0099303_edge.png,64.05,62.983143,0.0024530626833438
552,/tmp/DataSetCombined/Edges/Round-10_0145835_edge.png,4.21,3.243378,0.0024530626833438
553,/tmp/DataSetCombined/Edges/Round-5_0052500_edge.png,64.39,63.14266,0.0024530626833438
554,/tmp/DataSetCombined/Edges/Round-6_0055506_edge.png,4.17,3.2992938,0.0024530626833438
555,/tmp/DataSetCombined/Edges/Round-4_0055146_edge.png,4.57,3.6419713,0.0024530626833438
556,/tmp/DataSetCombined/Edges/Round-10_0087321_edge.png,21.23,22.05351,0.0024530626833438
557,/tmp/DataSetCombined/Edges/Round-1_0074320_edge.png,65.07,63.786037,0.0024530626833438
558,/tmp/DataSetCombined/Edges/Round-9_0146228_edge.png,58.15,57.67506,0.0024530626833438
559,/tmp/DataSetCombined/Edges/Round-1_0150472_edge.png,25.41,25.91807,0.0024530626833438
560,/tmp/DataSetCombined/Edges/Round-6_0035038_edge.png,5.7,5.6857233,0.0024530626833438
561,/tmp/DataSetCombined/Edges/Round-8_0024435_edge.png,3.57,2.7739902,0.0024530626833438
562,/tmp/DataSetCombined/Edges/Round-9_0143609_edge.png,59.75,56.457638,0.0024530626833438
563,/tmp/DataSetCombined/Edges/Round-9_0194417_edge.png,64.91,63.278996,0.0024530626833438
564,/tmp/DataSetCombined/Edges/Round-6_0069652_edge.png,6.68,6.513293,0.0024530626833438
565,/tmp/DataSetCombined/Edges/Round-2_0033200_edge.png,63.89,63.257496,0.0024530626833438
566,/tmp/DataSetCombined/Edges/Round-9_0149268_edge.png,51.56,53.55501,0.0024530626833438
567,/tmp/DataSetCombined/Edges/Round-10_0082746_edge.png,6.4,6.5528955,0.0024530626833438
568,/tmp/DataSetCombined/Edges/Round-6_0047500_edge.png,64.65,63.31191,0.0024530626833438
569,/tmp/DataSetCombined/Edges/Round-9_0150923_edge.png,64.85,63.82163,0.0024530626833438
570,/tmp/DataSetCombined/Edges/Round-9_0128529_edge.png,60.85,61.30804,0.0024530626833438
571,/tmp/DataSetCombined/Edges/Round-9_0055477_edge.png,6.56,6.3937626,0.0024530626833438
572,/tmp/DataSetCombined/Edges/Round-3_0015804_edge.png,4.17,3.227718,0.0024530626833438
573,/tmp/DataSetCombined/Edges/Round-4_0055386_edge.png,47.21,46.631893,0.0024530626833438
574,/tmp/DataSetCombined/Edges/Round-4_0084613_edge.png,57.07,54.60185,0.0024530626833438
575,/tmp/DataSetCombined/Edges/Round-8_0023746_edge.png,61.68,61.5023,0.0024530626833438
576,/tmp/DataSetCombined/Edges/Round-8_0070759_edge.png,64.65,63.35705,0.0025151818990707
577,/tmp/DataSetCombined/Edges/Round-9_0162210_edge.png,49.36,47.445595,0.0025151818990707
578,/tmp/DataSetCombined/Edges/Round-8_0057063_edge.png,3.92,3.1917768,0.0025151818990707
579,/tmp/DataSetCombined/Edges/Round-10_0148936_edge.png,5.59,5.148814,0.0025151818990707
580,/tmp/DataSetCombined/Edges/Round-3_0073294_edge.png,7.33,7.6925406,0.0025151818990707
581,/tmp/DataSetCombined/Edges/Round-7_0089310_edge.png,4.15,3.2150476,0.0025151818990707
582,/tmp/DataSetCombined/Edges/Round-6_0126752_edge.png,64.56,62.768955,0.0025151818990707
583,/tmp/DataSetCombined/Edges/Round-3_0069742_edge.png,7.47,7.8156247,0.0025151818990707
584,/tmp/DataSetCombined/Edges/Round-10_0163143_edge.png,41.17,41.06153,0.0025151818990707
585,/tmp/DataSetCombined/Edges/Round-3_0051653_edge.png,64.22,63.12182,0.0025151818990707
586,/tmp/DataSetCombined/Edges/Round-9_0163264_edge.png,3.28,2.4899166,0.0025151818990707
587,/tmp/DataSetCombined/Edges/Round-8_0037480_edge.png,37.36,38.553913,0.0025151818990707
588,/tmp/DataSetCombined/Edges/Round-3_0044790_edge.png,64.03,62.46057,0.0025151818990707
589,/tmp/DataSetCombined/Edges/Round-8_0039817_edge.png,40.12,40.28372,0.0025151818990707
590,/tmp/DataSetCombined/Edges/Round-6_0025075_edge.png,64.91,63.404766,0.0025151818990707
591,/tmp/DataSetCombined/Edges/Round-5_0011264_edge.png,26.41,28.1767,0.0025151818990707
592,/tmp/DataSetCombined/Edges/Round-10_0090332_edge.png,64.08,63.43214,0.0025151818990707
593,/tmp/DataSetCombined/Edges/Round-10_0036002_edge.png,7.76,8.142207,0.0025151818990707
594,/tmp/DataSetCombined/Edges/Round-5_0031521_edge.png,47.61,46.544132,0.0025151818990707
595,/tmp/DataSetCombined/Edges/Round-6_0079525_edge.png,5.36,5.0140095,0.0025151818990707
596,/tmp/DataSetCombined/Edges/Round-9_0159682_edge.png,5.55,5.067112,0.0025151818990707
597,/tmp/DataSetCombined/Edges/Round-10_0166935_edge.png,40.37,39.04395,0.0025151818990707
598,/tmp/DataSetCombined/Edges/Round-1_0128650_edge.png,3.53,2.7958972,0.0025151818990707
599,/tmp/DataSetCombined/Edges/Round-1_0024567_edge.png,2.93,2.3112044,0.0025151818990707
600,/tmp/DataSetCombined/Edges/Round-10_0032420_edge.png,63.74,62.318974,0.0025151818990707
601,/tmp/DataSetCombined/Edges/Round-10_0118625_edge.png,65.22,64.04157,0.0025151818990707
602,/tmp/DataSetCombined/Edges/Round-8_0006425_edge.png,3.97,3.1609528,0.0025151818990707
603,/tmp/DataSetCombined/Edges/Round-8_0049189_edge.png,7.83,8.23526,0.0025151818990707
604,/tmp/DataSetCombined/Edges/Round-1_0133737_edge.png,65.25,63.882366,0.0025151818990707
605,/tmp/DataSetCombined/Edges/Round-1_0095601_edge.png,3.99,3.086056,0.0025151818990707
606,/tmp/DataSetCombined/Edges/Round-1_0159321_edge.png,5.53,5.4295044,0.0025151818990707
607,/tmp/DataSetCombined/Edges/Round-2_0067710_edge.png,25.19,26.157236,0.0025151818990707
608,/tmp/DataSetCombined/Edges/Round-7_0077239_edge.png,35.17,34.983086,0.0025151818990707
609,/tmp/DataSetCombined/Edges/Round-1_0078805_edge.png,8.2,8.660133,0.0025151818990707
610,/tmp/DataSetCombined/Edges/Round-8_0088638_edge.png,6.11,5.7750177,0.0025151818990707
611,/tmp/DataSetCombined/Edges/Round-9_0040759_edge.png,8.1,8.186641,0.0025151818990707
612,/tmp/DataSetCombined/Edges/Round-6_0011350_edge.png,64.44,62.884357,0.0025151818990707
613,/tmp/DataSetCombined/Edges/Round-8_0083160_edge.png,60.63,61.554226,0.0025151818990707
614,/tmp/DataSetCombined/Edges/Round-2_0066355_edge.png,64.9,63.224163,0.0025151818990707
615,/tmp/DataSetCombined/Edges/Round-2_0078201_edge.png,11.04,11.63853,0.0025151818990707
616,/tmp/DataSetCombined/Edges/Round-10_0197488_edge.png,31.95,33.639313,0.0025151818990707
617,/tmp/DataSetCombined/Edges/Round-6_0041552_edge.png,64.97,62.577946,0.0025151818990707
618,/tmp/DataSetCombined/Edges/Round-10_0059058_edge.png,38.55,38.54206,0.0025151818990707
619,/tmp/DataSetCombined/Edges/Round-8_0079518_edge.png,3.52,2.7659376,0.0025151818990707
620,/tmp/DataSetCombined/Edges/Round-6_0060653_edge.png,35.75,37.076557,0.0025151818990707
621,/tmp/DataSetCombined/Edges/Round-1_0158780_edge.png,6.12,6.3065104,0.0025151818990707
622,/tmp/DataSetCombined/Edges/Round-3_0079826_edge.png,20.42,21.330471,0.0025151818990707
623,/tmp/DataSetCombined/Edges/Round-10_0047771_edge.png,64.81,62.95143,0.0025151818990707
624,/tmp/DataSetCombined/Edges/Round-7_0021736_edge.png,3.39,2.6530104,0.0025151818990707
625,/tmp/DataSetCombined/Edges/Round-8_0042676_edge.png,39.79,39.959606,0.0025151818990707
626,/tmp/DataSetCombined/Edges/Round-6_0002031_edge.png,64.69,62.795963,0.0025151818990707
627,/tmp/DataSetCombined/Edges/Round-3_0002734_edge.png,31.44,32.66465,0.0025151818990707
628,/tmp/DataSetCombined/Edges/Round-1_0071000_edge.png,59.98,58.915554,0.0025151818990707
629,/tmp/DataSetCombined/Edges/Round-7_0054604_edge.png,4.66,3.976649,0.0025151818990707
630,/tmp/DataSetCombined/Edges/Round-10_0053008_edge.png,5.17,4.9199567,0.0025151818990707
631,/tmp/DataSetCombined/Edges/Round-7_0123683_edge.png,64.18,63.18688,0.0025151818990707
632,/tmp/DataSetCombined/Edges/Round-6_0073505_edge.png,52.57,54.18516,0.0025151818990707
633,/tmp/DataSetCombined/Edges/Round-3_0050870_edge.png,65.22,63.050823,0.0025151818990707
634,/tmp/DataSetCombined/Edges/Round-10_0003304_edge.png,6.35,6.3698707,0.0025151818990707
635,/tmp/DataSetCombined/Edges/Round-1_0122359_edge.png,5.3,5.156137,0.0025151818990707
636,/tmp/DataSetCombined/Edges/Round-1_0006434_edge.png,62.51,62.673668,0.0025151818990707
637,/tmp/DataSetCombined/Edges/Round-3_0066853_edge.png,50.8,49.65467,0.0025151818990707
638,/tmp/DataSetCombined/Edges/Round-9_0011201_edge.png,65.15,64.22805,0.0025151818990707
639,/tmp/DataSetCombined/Edges/Round-3_0051502_edge.png,64.26,63.266792,0.0025151818990707
640,/tmp/DataSetCombined/Edges/Round-3_0075100_edge.png,14.05,14.08641,0.0023400411009788
641,/tmp/DataSetCombined/Edges/Round-9_0191377_edge.png,6.57,6.5816364,0.0023400411009788
642,/tmp/DataSetCombined/Edges/Round-8_0045023_edge.png,7.62,7.841034,0.0023400411009788
643,/tmp/DataSetCombined/Edges/Round-2_0071442_edge.png,6.23,6.421829,0.0023400411009788
644,/tmp/DataSetCombined/Edges/Round-10_0124434_edge.png,7.35,7.7099056,0.0023400411009788
645,/tmp/DataSetCombined/Edges/Round-8_0016158_edge.png,21.9,22.083044,0.0023400411009788
646,/tmp/DataSetCombined/Edges/Round-8_0046258_edge.png,16.19,16.14436,0.0023400411009788
647,/tmp/DataSetCombined/Edges/Round-5_0071553_edge.png,63.73,61.730164,0.0023400411009788
648,/tmp/DataSetCombined/Edges/Round-10_0038079_edge.png,5.37,5.2067237,0.0023400411009788
649,/tmp/DataSetCombined/Edges/Round-3_0063843_edge.png,53.04,50.421707,0.0023400411009788
650,/tmp/DataSetCombined/Edges/Round-5_0043473_edge.png,6.6,6.829821,0.0023400411009788
651,/tmp/DataSetCombined/Edges/Round-1_0048334_edge.png,65.48,64.09485,0.0023400411009788
652,/tmp/DataSetCombined/Edges/Round-4_0002863_edge.png,63.73,63.141033,0.0023400411009788
653,/tmp/DataSetCombined/Edges/Round-10_0002304_edge.png,49.43,48.316586,0.0023400411009788
654,/tmp/DataSetCombined/Edges/Round-10_0173557_edge.png,64.12,63.667484,0.0023400411009788
655,/tmp/DataSetCombined/Edges/Round-8_0029805_edge.png,55.54,54.62434,0.0023400411009788
656,/tmp/DataSetCombined/Edges/Round-6_0106043_edge.png,3.8,2.9746568,0.0023400411009788
657,/tmp/DataSetCombined/Edges/Round-5_0048166_edge.png,3.74,2.7796526,0.0023400411009788
658,/tmp/DataSetCombined/Edges/Round-3_0058787_edge.png,64.43,63.12949,0.0023400411009788
659,/tmp/DataSetCombined/Edges/Round-9_0112186_edge.png,7.41,7.7990723,0.0023400411009788
660,/tmp/DataSetCombined/Edges/Round-6_0062158_edge.png,8.18,8.296948,0.0023400411009788
661,/tmp/DataSetCombined/Edges/Round-5_0023214_edge.png,7.87,8.249673,0.0023400411009788
662,/tmp/DataSetCombined/Edges/Round-1_0092229_edge.png,63.21,62.103336,0.0023400411009788
663,/tmp/DataSetCombined/Edges/Round-4_0017943_edge.png,65.27,63.922752,0.0023400411009788
664,/tmp/DataSetCombined/Edges/Round-7_0005692_edge.png,50.29,49.41297,0.0023400411009788
665,/tmp/DataSetCombined/Edges/Round-10_0069984_edge.png,3.05,2.3665435,0.0023400411009788
666,/tmp/DataSetCombined/Edges/Round-5_0050724_edge.png,4.27,3.2367396,0.0023400411009788
667,/tmp/DataSetCombined/Edges/Round-7_0039314_edge.png,50.07,49.130787,0.0023400411009788
668,/tmp/DataSetCombined/Edges/Round-9_0099754_edge.png,64.38,62.734943,0.0023400411009788
669,/tmp/DataSetCombined/Edges/Round-2_0072315_edge.png,4.77,3.8242743,0.0023400411009788
670,/tmp/DataSetCombined/Edges/Round-4_0014692_edge.png,62.2,60.35043,0.0023400411009788
671,/tmp/DataSetCombined/Edges/Round-1_0025934_edge.png,62.72,60.556545,0.0023400411009788
672,/tmp/DataSetCombined/Edges/Round-1_0075946_edge.png,63.96,62.471466,0.0023400411009788
673,/tmp/DataSetCombined/Edges/Round-6_0110873_edge.png,7.83,8.25317,0.0023400411009788
674,/tmp/DataSetCombined/Edges/Round-7_0044130_edge.png,38.11,37.86765,0.0023400411009788
675,/tmp/DataSetCombined/Edges/Round-8_0016399_edge.png,6.19,5.8700213,0.0023400411009788
676,/tmp/DataSetCombined/Edges/Round-8_0033977_edge.png,3.21,2.4559145,0.0023400411009788
677,/tmp/DataSetCombined/Edges/Round-7_0122268_edge.png,32.18,33.987694,0.0023400411009788
678,/tmp/DataSetCombined/Edges/Round-10_0098882_edge.png,64.04,62.15098,0.0023400411009788
679,/tmp/DataSetCombined/Edges/Round-10_0121575_edge.png,2.92,2.3067548,0.0023400411009788
680,/tmp/DataSetCombined/Edges/Round-6_0064716_edge.png,43.42,44.58247,0.0023400411009788
681,/tmp/DataSetCombined/Edges/Round-5_0074834_edge.png,8.9,9.0853405,0.0023400411009788
682,/tmp/DataSetCombined/Edges/Round-8_0086351_edge.png,64.12,62.952274,0.0023400411009788
683,/tmp/DataSetCombined/Edges/Round-8_0060115_edge.png,4.18,3.3473585,0.0023400411009788
684,/tmp/DataSetCombined/Edges/Round-10_0196403_edge.png,6.08,6.1394477,0.0023400411009788
685,/tmp/DataSetCombined/Edges/Round-8_0055130_edge.png,8.78,9.305535,0.0023400411009788
686,/tmp/DataSetCombined/Edges/Round-7_0028418_edge.png,3.4,2.6361876,0.0023400411009788
687,/tmp/DataSetCombined/Edges/Round-8_0021889_edge.png,63.88,62.718246,0.0023400411009788
688,/tmp/DataSetCombined/Edges/Round-2_0099073_edge.png,58.96,58.78988,0.0023400411009788
689,/tmp/DataSetCombined/Edges/Round-2_0084716_edge.png,59.66,60.393505,0.0023400411009788
690,/tmp/DataSetCombined/Edges/Round-8_0027686_edge.png,20.63,21.198332,0.0023400411009788
691,/tmp/DataSetCombined/Edges/Round-9_0160374_edge.png,41.64,39.385784,0.0023400411009788
692,/tmp/DataSetCombined/Edges/Round-9_0053551_edge.png,8.55,9.237309,0.0023400411009788
693,/tmp/DataSetCombined/Edges/Round-9_0021555_edge.png,47.51,47.46242,0.0023400411009788
694,/tmp/DataSetCombined/Edges/Round-5_0073510_edge.png,8.02,8.176329,0.0023400411009788
695,/tmp/DataSetCombined/Edges/Round-7_0051083_edge.png,63.91,62.97144,0.0023400411009788
696,/tmp/DataSetCombined/Edges/Round-10_0163926_edge.png,64.07,62.989536,0.0023400411009788
697,/tmp/DataSetCombined/Edges/Round-7_0125278_edge.png,41.21,42.26016,0.0023400411009788
698,/tmp/DataSetCombined/Edges/Round-6_0043044_edge.png,6.27,6.4276104,0.0023400411009788
699,/tmp/DataSetCombined/Edges/Round-10_0074770_edge.png,5.13,4.5150666,0.0023400411009788
700,/tmp/DataSetCombined/Edges/Round-4_0080489_edge.png,5.79,5.2447443,0.0023400411009788
701,/tmp/DataSetCombined/Edges/Round-4_0059601_edge.png,7.32,7.29978,0.0023400411009788
702,/tmp/DataSetCombined/Edges/Round-5_0031732_edge.png,42.05,43.245213,0.0023400411009788
703,/tmp/DataSetCombined/Edges/Round-1_0103698_edge.png,14.38,14.854311,0.0023400411009788
704,/tmp/DataSetCombined/Edges/Round-10_0120552_edge.png,37.91,38.11718,0.0022957548499107
705,/tmp/DataSetCombined/Edges/Round-8_0073829_edge.png,63.99,63.478374,0.0022957548499107
706,/tmp/DataSetCombined/Edges/Round-10_0096712_edge.png,53.02,50.7074,0.0022957548499107
707,/tmp/DataSetCombined/Edges/Round-1_0004549_edge.png,4.93,4.322192,0.0022957548499107
708,/tmp/DataSetCombined/Edges/Round-8_0030181_edge.png,61.72,59.3673,0.0022957548499107
709,/tmp/DataSetCombined/Edges/Round-5_0019060_edge.png,4.12,3.1808825,0.0022957548499107
710,/tmp/DataSetCombined/Edges/Round-1_0155168_edge.png,63.12,62.306404,0.0022957548499107
711,/tmp/DataSetCombined/Edges/Round-8_0076387_edge.png,65.42,63.983402,0.0022957548499107
712,/tmp/DataSetCombined/Edges/Round-9_0099543_edge.png,9.04,9.524287,0.0022957548499107
713,/tmp/DataSetCombined/Edges/Round-8_0017915_edge.png,65.0,62.347393,0.0022957548499107
714,/tmp/DataSetCombined/Edges/Round-9_0050962_edge.png,7.91,7.9838667,0.0022957548499107
715,/tmp/DataSetCombined/Edges/Round-10_0100626_edge.png,3.96,3.0364633,0.0022957548499107
716,/tmp/DataSetCombined/Edges/Round-7_0124646_edge.png,64.35,63.43294,0.0022957548499107
717,/tmp/DataSetCombined/Edges/Round-10_0045182_edge.png,64.2,62.757168,0.0022957548499107
718,/tmp/DataSetCombined/Edges/Round-1_0048434_edge.png,7.65,8.125425,0.0022957548499107
719,/tmp/DataSetCombined/Edges/Round-9_0033264_edge.png,5.46,5.3238254,0.0022957548499107
720,/tmp/DataSetCombined/Edges/Round-9_0011623_edge.png,64.16,63.21509,0.0022957548499107
721,/tmp/DataSetCombined/Edges/Round-5_0091720_edge.png,7.16,7.554399,0.0022957548499107
722,/tmp/DataSetCombined/Edges/Round-1_0165823_edge.png,64.38,63.163223,0.0022957548499107
723,/tmp/DataSetCombined/Edges/Round-8_0005758_edge.png,64.36,63.22427,0.0022957548499107
724,/tmp/DataSetCombined/Edges/Round-1_0004940_edge.png,58.96,56.425194,0.0022957548499107
725,/tmp/DataSetCombined/Edges/Round-3_0053634_edge.png,6.65,6.898962,0.0022957548499107
726,/tmp/DataSetCombined/Edges/Round-2_0053683_edge.png,7.72,8.02395,0.0022957548499107
727,/tmp/DataSetCombined/Edges/Round-8_0010710_edge.png,61.95,62.19543,0.0022957548499107
728,/tmp/DataSetCombined/Edges/Round-2_0093926_edge.png,65.14,63.9204,0.0022957548499107
729,/tmp/DataSetCombined/Edges/Round-8_0047793_edge.png,10.12,10.57731,0.0022957548499107
730,/tmp/DataSetCombined/Edges/Round-10_0098278_edge.png,5.22,4.9637823,0.0022957548499107
731,/tmp/DataSetCombined/Edges/Round-8_0059953_edge.png,4.27,3.5259259,0.0022957548499107
732,/tmp/DataSetCombined/Edges/Round-8_0025440_edge.png,43.46,42.566994,0.0022957548499107
733,/tmp/DataSetCombined/Edges/Round-8_0044374_edge.png,3.4,2.6483018,0.0022957548499107
734,/tmp/DataSetCombined/Edges/Round-2_0072375_edge.png,64.3,63.455685,0.0022957548499107
735,/tmp/DataSetCombined/Edges/Round-1_0140667_edge.png,17.8,18.81522,0.0022957548499107
736,/tmp/DataSetCombined/Edges/Round-10_0050510_edge.png,3.83,3.0032716,0.0022957548499107
737,/tmp/DataSetCombined/Edges/Round-10_0188216_edge.png,54.83,53.240105,0.0022957548499107
738,/tmp/DataSetCombined/Edges/Round-8_0042146_edge.png,51.45,51.01171,0.0022957548499107
739,/tmp/DataSetCombined/Edges/Round-5_0046232_edge.png,41.13,41.081844,0.0022957548499107
740,/tmp/DataSetCombined/Edges/Round-10_0138852_edge.png,45.65,45.60186,0.0022957548499107
741,/tmp/DataSetCombined/Edges/Round-10_0172443_edge.png,4.58,3.636615,0.0022957548499107
742,/tmp/DataSetCombined/Edges/Round-6_0021794_edge.png,5.02,4.4815264,0.0022957548499107
743,/tmp/DataSetCombined/Edges/Round-1_0002667_edge.png,48.64,47.822178,0.0022957548499107
744,/tmp/DataSetCombined/Edges/Round-3_0026367_edge.png,9.98,10.475633,0.0022957548499107
745,/tmp/DataSetCombined/Edges/Round-4_0042188_edge.png,6.67,6.9471197,0.0022957548499107
746,/tmp/DataSetCombined/Edges/Round-10_0068810_edge.png,51.98,51.298534,0.0022957548499107
747,/tmp/DataSetCombined/Edges/Round-7_0074230_edge.png,65.17,63.988575,0.0022957548499107
748,/tmp/DataSetCombined/Edges/Round-5_0055270_edge.png,5.12,4.4262967,0.0022957548499107
749,/tmp/DataSetCombined/Edges/Round-10_0191707_edge.png,63.73,62.29482,0.0022957548499107
750,/tmp/DataSetCombined/Edges/Round-1_0019300_edge.png,64.89,63.349728,0.0022957548499107
751,/tmp/DataSetCombined/Edges/Round-7_0019719_edge.png,5.17,4.77947,0.0022957548499107
752,/tmp/DataSetCombined/Edges/Round-10_0020380_edge.png,64.57,62.980812,0.0022957548499107
753,/tmp/DataSetCombined/Edges/Round-8_0068182_edge.png,6.84,6.75181,0.0022957548499107
754,/tmp/DataSetCombined/Edges/Round-8_0062644_edge.png,4.07,3.0791097,0.0022957548499107
755,/tmp/DataSetCombined/Edges/Round-8_0012317_edge.png,6.49,6.65055,0.0022957548499107
756,/tmp/DataSetCombined/Edges/Round-1_0039967_edge.png,60.6,61.1832,0.0022957548499107
757,/tmp/DataSetCombined/Edges/Round-1_0083802_edge.png,6.91,7.2348475,0.0022957548499107
758,/tmp/DataSetCombined/Edges/Round-9_0194447_edge.png,6.27,6.496067,0.0022957548499107
759,/tmp/DataSetCombined/Edges/Round-8_0073239_edge.png,61.79,59.428967,0.0022957548499107
760,/tmp/DataSetCombined/Edges/Round-2_0082850_edge.png,28.24,29.280775,0.0022957548499107
761,/tmp/DataSetCombined/Edges/Round-4_0015805_edge.png,56.56,55.962337,0.0022957548499107
762,/tmp/DataSetCombined/Edges/Round-5_0096897_edge.png,63.84,63.448673,0.0022957548499107
763,/tmp/DataSetCombined/Edges/Round-3_0015924_edge.png,63.96,62.2554,0.0022957548499107
764,/tmp/DataSetCombined/Edges/Round-6_0057523_edge.png,64.43,63.261982,0.0022957548499107
765,/tmp/DataSetCombined/Edges/Round-8_0040388_edge.png,52.75,49.55433,0.0022957548499107
766,/tmp/DataSetCombined/Edges/Round-7_0016739_edge.png,7.71,8.20451,0.0022957548499107
767,/tmp/DataSetCombined/Edges/Round-6_0111703_edge.png,6.21,5.883089,0.0022957548499107
768,/tmp/DataSetCombined/Edges/Round-1_0141533_edge.png,64.97,62.454853,0.0025988332927227
769,/tmp/DataSetCombined/Edges/Round-4_0020110_edge.png,37.73,39.08539,0.0025988332927227
770,/tmp/DataSetCombined/Edges/Round-9_0094095_edge.png,6.67,6.564585,0.0025988332927227
771,/tmp/DataSetCombined/Edges/Round-8_0032713_edge.png,2.5,2.2095096,0.0025988332927227
772,/tmp/DataSetCombined/Edges/Round-1_0147342_edge.png,20.58,20.47088,0.0025988332927227
773,/tmp/DataSetCombined/Edges/Round-1_0045767_edge.png,7.07,7.1447487,0.0025988332927227
774,/tmp/DataSetCombined/Edges/Round-5_0023003_edge.png,6.57,6.8424373,0.0025988332927227
775,/tmp/DataSetCombined/Edges/Round-8_0066888_edge.png,63.96,63.53664,0.0025988332927227
776,/tmp/DataSetCombined/Edges/Round-9_0019508_edge.png,65.11,63.126858,0.0025988332927227
777,/tmp/DataSetCombined/Edges/Round-10_0057403_edge.png,9.86,10.43697,0.0025988332927227
778,/tmp/DataSetCombined/Edges/Round-10_0019146_edge.png,65.43,63.94151,0.0025988332927227
779,/tmp/DataSetCombined/Edges/Round-9_0051685_edge.png,37.16,36.82536,0.0025988332927227
780,/tmp/DataSetCombined/Edges/Round-3_0032981_edge.png,64.72,63.12874,0.0025988332927227
781,/tmp/DataSetCombined/Edges/Round-9_0024316_edge.png,5.05,4.412505,0.0025988332927227
782,/tmp/DataSetCombined/Edges/Round-1_0029201_edge.png,43.63,43.926224,0.0025988332927227
783,/tmp/DataSetCombined/Edges/Round-9_0075644_edge.png,62.6,62.272053,0.0025988332927227
784,/tmp/DataSetCombined/Edges/Round-8_0017392_edge.png,45.72,44.360897,0.0025988332927227
785,/tmp/DataSetCombined/Edges/Round-1_0048667_edge.png,65.16,63.99969,0.0025988332927227
786,/tmp/DataSetCombined/Edges/Round-7_0004368_edge.png,52.61,55.358387,0.0025988332927227
787,/tmp/DataSetCombined/Edges/Round-3_0060321_edge.png,40.26,39.03783,0.0025988332927227
788,/tmp/DataSetCombined/Edges/Round-10_0008069_edge.png,65.18,64.14998,0.0025988332927227
789,/tmp/DataSetCombined/Edges/Round-6_0113177_edge.png,56.62,55.54839,0.0025988332927227
790,/tmp/DataSetCombined/Edges/Round-8_0043398_edge.png,7.22,7.5573463,0.0025988332927227
791,/tmp/DataSetCombined/Edges/Round-9_0171512_edge.png,27.09,28.8819,0.0025988332927227
792,/tmp/DataSetCombined/Edges/Round-4_0085968_edge.png,8.51,8.731592,0.0025988332927227
793,/tmp/DataSetCombined/Edges/Round-10_0083800_edge.png,6.05,5.7505336,0.0025988332927227
794,/tmp/DataSetCombined/Edges/Round-10_0106826_edge.png,4.93,4.1340623,0.0025988332927227
795,/tmp/DataSetCombined/Edges/Round-5_0080524_edge.png,6.13,5.7465544,0.0025988332927227
796,/tmp/DataSetCombined/Edges/Round-10_0171330_edge.png,64.72,62.77167,0.0025988332927227
797,/tmp/DataSetCombined/Edges/Round-10_0184302_edge.png,64.16,63.31218,0.0025988332927227
798,/tmp/DataSetCombined/Edges/Round-6_0113749_edge.png,62.9,61.20536,0.0025988332927227
799,/tmp/DataSetCombined/Edges/Round-7_0098490_edge.png,65.06,62.79171,0.0025988332927227
800,/tmp/DataSetCombined/Edges/Round-1_0103728_edge.png,64.12,63.55304,0.0025988332927227
801,/tmp/DataSetCombined/Edges/Round-10_0098971_edge.png,3.6,2.7709062,0.0025988332927227
802,/tmp/DataSetCombined/Edges/Round-3_0011620_edge.png,11.71,12.172131,0.0025988332927227
803,/tmp/DataSetCombined/Edges/Round-8_0039351_edge.png,45.78,45.49416,0.0025988332927227
804,/tmp/DataSetCombined/Edges/Round-5_0092533_edge.png,9.63,10.287981,0.0025988332927227
805,/tmp/DataSetCombined/Edges/Round-4_0063634_edge.png,63.68,62.35719,0.0025988332927227
806,/tmp/DataSetCombined/Edges/Round-1_0091057_edge.png,4.15,3.3014219,0.0025988332927227
807,/tmp/DataSetCombined/Edges/Round-9_0096653_edge.png,51.07,53.621284,0.0025988332927227
808,/tmp/DataSetCombined/Edges/Round-2_0068500_edge.png,64.13,63.27255,0.0025988332927227
809,/tmp/DataSetCombined/Edges/Round-10_0156912_edge.png,8.82,9.319219,0.0025988332927227
810,/tmp/DataSetCombined/Edges/Round-9_0045906_edge.png,60.77,60.67911,0.0025988332927227
811,/tmp/DataSetCombined/Edges/Round-8_0022491_edge.png,59.65,56.84339,0.0025988332927227
812,/tmp/DataSetCombined/Edges/Round-4_0077334_edge.png,9.83,10.417972,0.0025988332927227
813,/tmp/DataSetCombined/Edges/Round-2_0074834_edge.png,2.94,2.3242013,0.0025988332927227
814,/tmp/DataSetCombined/Edges/Round-7_0136385_edge.png,13.18,13.677283,0.0025988332927227
815,/tmp/DataSetCombined/Edges/Round-6_0064024_edge.png,5.18,4.769479,0.0025988332927227
816,/tmp/DataSetCombined/Edges/Round-4_0012344_edge.png,63.92,62.22452,0.0025988332927227
817,/tmp/DataSetCombined/Edges/Round-10_0002546_edge.png,53.12,51.68925,0.0025988332927227
818,/tmp/DataSetCombined/Edges/Round-5_0066076_edge.png,64.25,63.390728,0.0025988332927227
819,/tmp/DataSetCombined/Edges/Round-5_0083310_edge.png,8.32,8.614993,0.0025988332927227
820,/tmp/DataSetCombined/Edges/Round-5_0065021_edge.png,28.54,30.188623,0.0025988332927227
821,/tmp/DataSetCombined/Edges/Round-9_0126723_edge.png,57.15,57.203373,0.0025988332927227
822,/tmp/DataSetCombined/Edges/Round-8_0068874_edge.png,65.07,64.060745,0.0025988332927227
823,/tmp/DataSetCombined/Edges/Round-8_0047083_edge.png,63.95,61.860897,0.0025988332927227
824,/tmp/DataSetCombined/Edges/Round-1_0163596_edge.png,64.12,63.492985,0.0025988332927227
825,/tmp/DataSetCombined/Edges/Round-10_0047199_edge.png,64.51,62.86348,0.0025988332927227
826,/tmp/DataSetCombined/Edges/Round-4_0011682_edge.png,6.07,5.713424,0.0025988332927227
827,/tmp/DataSetCombined/Edges/Round-1_0121943_edge.png,62.06,62.699898,0.0025988332927227
828,/tmp/DataSetCombined/Edges/Round-5_0073299_edge.png,33.27,33.851124,0.0025988332927227
829,/tmp/DataSetCombined/Edges/Round-3_0063602_edge.png,64.19,63.436203,0.0025988332927227
830,/tmp/DataSetCombined/Edges/Round-1_0119379_edge.png,13.7,14.017705,0.0025988332927227
831,/tmp/DataSetCombined/Edges/Round-1_0155410_edge.png,65.32,64.02546,0.0025988332927227
832,/tmp/DataSetCombined/Edges/Round-7_0068932_edge.png,25.08,25.988289,0.0021753832697868
833,/tmp/DataSetCombined/Edges/Round-4_0077239_edge.png,14.29,14.721313,0.0021753832697868
834,/tmp/DataSetCombined/Edges/Round-9_0105834_edge.png,55.63,54.489544,0.0021753832697868
835,/tmp/DataSetCombined/Edges/Round-9_0130555_edge.png,6.6,6.76799,0.0021753832697868
836,/tmp/DataSetCombined/Edges/Round-3_0026934_edge.png,3.29,2.4725363,0.0021753832697868
837,/tmp/DataSetCombined/Edges/Round-7_0014692_edge.png,65.24,64.27724,0.0021753832697868
838,/tmp/DataSetCombined/Edges/Round-6_0129770_edge.png,32.66,32.695744,0.0021753832697868
839,/tmp/DataSetCombined/Edges/Round-3_0045267_edge.png,3.57,2.6608489,0.0021753832697868
840,/tmp/DataSetCombined/Edges/Round-7_0082085_edge.png,5.86,5.4225287,0.0021753832697868
841,/tmp/DataSetCombined/Edges/Round-2_0053231_edge.png,65.27,62.926304,0.0021753832697868
842,/tmp/DataSetCombined/Edges/Round-2_0109488_edge.png,30.83,31.28749,0.0021753832697868
843,/tmp/DataSetCombined/Edges/Round-10_0054844_edge.png,59.14,59.898434,0.0021753832697868
844,/tmp/DataSetCombined/Edges/Round-10_0184995_edge.png,63.58,62.06593,0.0021753832697868
845,/tmp/DataSetCombined/Edges/Round-1_0101320_edge.png,64.09,63.129307,0.0021753832697868
846,/tmp/DataSetCombined/Edges/Round-5_0126395_edge.png,4.94,4.2605968,0.0021753832697868
847,/tmp/DataSetCombined/Edges/Round-8_0075635_edge.png,3.24,2.4660273,0.0021753832697868
848,/tmp/DataSetCombined/Edges/Round-1_0154716_edge.png,6.89,6.9798408,0.0021753832697868
849,/tmp/DataSetCombined/Edges/Round-7_0017070_edge.png,5.91,5.9670734,0.0021753832697868
850,/tmp/DataSetCombined/Edges/Round-7_0033980_edge.png,5.15,4.5555596,0.0021753832697868
851,/tmp/DataSetCombined/Edges/Round-1_0069134_edge.png,5.8,5.789887,0.0021753832697868
852,/tmp/DataSetCombined/Edges/Round-8_0066346_edge.png,12.32,12.680438,0.0021753832697868
853,/tmp/DataSetCombined/Edges/Round-7_0006987_edge.png,22.6,23.594543,0.0021753832697868
854,/tmp/DataSetCombined/Edges/Round-7_0085757_edge.png,5.23,4.891462,0.0021753832697868
855,/tmp/DataSetCombined/Edges/Round-7_0061738_edge.png,30.47,32.107838,0.0021753832697868
856,/tmp/DataSetCombined/Edges/Round-1_0147883_edge.png,64.26,63.475647,0.0021753832697868
857,/tmp/DataSetCombined/Edges/Round-10_0022638_edge.png,58.36,59.04347,0.0021753832697868
858,/tmp/DataSetCombined/Edges/Round-7_0086209_edge.png,5.51,5.078224,0.0021753832697868
859,/tmp/DataSetCombined/Edges/Round-9_0189631_edge.png,9.1,9.674068,0.0021753832697868
860,/tmp/DataSetCombined/Edges/Round-5_0103549_edge.png,8.32,8.7397585,0.0021753832697868
861,/tmp/DataSetCombined/Edges/Round-8_0014111_edge.png,64.45,62.330456,0.0021753832697868
862,/tmp/DataSetCombined/Edges/Round-6_0129822_edge.png,64.08,62.20844,0.0021753832697868
863,/tmp/DataSetCombined/Edges/Round-10_0164196_edge.png,45.8,45.326286,0.0021753832697868
864,/tmp/DataSetCombined/Edges/Round-10_0120702_edge.png,8.76,9.198659,0.0021753832697868
865,/tmp/DataSetCombined/Edges/Round-4_0005963_edge.png,64.81,61.543518,0.0021753832697868
866,/tmp/DataSetCombined/Edges/Round-9_0092831_edge.png,5.38,5.2493896,0.0021753832697868
867,/tmp/DataSetCombined/Edges/Round-5_0076972_edge.png,34.0,35.07884,0.0021753832697868
868,/tmp/DataSetCombined/Edges/Round-9_0116610_edge.png,7.51,7.8955727,0.0021753832697868
869,/tmp/DataSetCombined/Edges/Round-8_0027596_edge.png,3.7,2.8794727,0.0021753832697868
870,/tmp/DataSetCombined/Edges/Round-9_0194056_edge.png,64.42,63.765293,0.0021753832697868
871,/tmp/DataSetCombined/Edges/Round-9_0194026_edge.png,9.61,10.237039,0.0021753832697868
872,/tmp/DataSetCombined/Edges/Round-5_0003819_edge.png,61.3,60.082966,0.0021753832697868
873,/tmp/DataSetCombined/Edges/Round-7_0102583_edge.png,64.08,63.58458,0.0021753832697868
874,/tmp/DataSetCombined/Edges/Round-10_0050088_edge.png,7.42,7.8860207,0.0021753832697868
875,/tmp/DataSetCombined/Edges/Round-4_0036514_edge.png,9.72,10.36182,0.0021753832697868
876,/tmp/DataSetCombined/Edges/Round-1_0171090_edge.png,15.67,16.465115,0.0021753832697868
877,/tmp/DataSetCombined/Edges/Round-5_0062222_edge.png,40.26,39.836765,0.0021753832697868
878,/tmp/DataSetCombined/Edges/Round-1_0038134_edge.png,42.99,41.822372,0.0021753832697868
879,/tmp/DataSetCombined/Edges/Round-8_0010120_edge.png,31.36,32.406776,0.0021753832697868
880,/tmp/DataSetCombined/Edges/Round-1_0070742_edge.png,8.75,9.244884,0.0021753832697868
881,/tmp/DataSetCombined/Edges/Round-8_0014714_edge.png,3.26,2.4876683,0.0021753832697868
882,/tmp/DataSetCombined/Edges/Round-9_0085758_edge.png,6.24,6.429109,0.0021753832697868
883,/tmp/DataSetCombined/Edges/Round-9_0138462_edge.png,6.07,6.0927973,0.0021753832697868
884,/tmp/DataSetCombined/Edges/Round-10_0072151_edge.png,65.4,63.843365,0.0021753832697868
885,/tmp/DataSetCombined/Edges/Round-6_0013457_edge.png,5.37,5.173977,0.0021753832697868
886,/tmp/DataSetCombined/Edges/Round-9_0009997_edge.png,64.28,63.40244,0.0021753832697868
887,/tmp/DataSetCombined/Edges/Round-6_0044218_edge.png,53.33,52.38931,0.0021753832697868
888,/tmp/DataSetCombined/Edges/Round-7_0079256_edge.png,63.9,61.829296,0.0021753832697868
889,/tmp/DataSetCombined/Edges/Round-7_0028448_edge.png,4.71,3.9726794,0.0021753832697868
890,/tmp/DataSetCombined/Edges/Round-6_0058666_edge.png,65.21,63.12431,0.0021753832697868
891,/tmp/DataSetCombined/Edges/Round-9_0033203_edge.png,3.71,2.8604162,0.0021753832697868
892,/tmp/DataSetCombined/Edges/Round-8_0057936_edge.png,45.07,44.946835,0.0021753832697868
893,/tmp/DataSetCombined/Edges/Round-9_0158930_edge.png,59.76,57.426693,0.0021753832697868
894,/tmp/DataSetCombined/Edges/Round-4_0043256_edge.png,9.53,10.077176,0.0021753832697868
895,/tmp/DataSetCombined/Edges/Round-5_0018669_edge.png,4.76,4.030002,0.0021753832697868
896,/tmp/DataSetCombined/Edges/Round-6_0086388_edge.png,3.99,3.2111068,0.0022053867578506
897,/tmp/DataSetCombined/Edges/Round-8_0036909_edge.png,65.29,64.34161,0.0022053867578506
898,/tmp/DataSetCombined/Edges/Round-1_0099243_edge.png,2.57,2.2044635,0.0022053867578506
899,/tmp/DataSetCombined/Edges/Round-3_0034105_edge.png,47.44,49.33069,0.0022053867578506
900,/tmp/DataSetCombined/Edges/Round-10_0092409_edge.png,50.12,47.872578,0.0022053867578506
901,/tmp/DataSetCombined/Edges/Round-5_0047022_edge.png,4.99,4.491637,0.0022053867578506
902,/tmp/DataSetCombined/Edges/Round-4_0071797_edge.png,2.89,2.3298163,0.0022053867578506
903,/tmp/DataSetCombined/Edges/Round-10_0157875_edge.png,28.38,29.942732,0.0022053867578506
904,/tmp/DataSetCombined/Edges/Round-9_0009816_edge.png,55.35,54.937977,0.0022053867578506
905,/tmp/DataSetCombined/Edges/Round-6_0050178_edge.png,56.5,55.607777,0.0022053867578506
906,/tmp/DataSetCombined/Edges/Round-3_0063753_edge.png,63.77,62.4781,0.0022053867578506
907,/tmp/DataSetCombined/Edges/Round-8_0040943_edge.png,13.44,13.7214365,0.0022053867578506
908,/tmp/DataSetCombined/Edges/Round-8_0051717_edge.png,28.65,29.699871,0.0022053867578506
909,/tmp/DataSetCombined/Edges/Round-9_0090694_edge.png,6.29,6.4175634,0.0022053867578506
910,/tmp/DataSetCombined/Edges/Round-1_0067134_edge.png,62.67,63.275967,0.0022053867578506
911,/tmp/DataSetCombined/Edges/Round-5_0009458_edge.png,30.52,32.236492,0.0022053867578506
912,/tmp/DataSetCombined/Edges/Round-1_0118422_edge.png,6.42,6.33739,0.0022053867578506
913,/tmp/DataSetCombined/Edges/Round-4_0040547_edge.png,64.6,62.579,0.0022053867578506
914,/tmp/DataSetCombined/Edges/Round-6_0028687_edge.png,64.2,63.176636,0.0022053867578506
915,/tmp/DataSetCombined/Edges/Round-9_0181956_edge.png,7.38,7.8055725,0.0022053867578506
916,/tmp/DataSetCombined/Edges/Round-3_0086267_edge.png,5.93,5.981448,0.0022053867578506
917,/tmp/DataSetCombined/Edges/Round-2_0096063_edge.png,6.14,6.31867,0.0022053867578506
918,/tmp/DataSetCombined/Edges/Round-10_0125006_edge.png,65.21,63.760754,0.0022053867578506
919,/tmp/DataSetCombined/Edges/Round-8_0030979_edge.png,64.68,62.50045,0.0022053867578506
920,/tmp/DataSetCombined/Edges/Round-7_0067577_edge.png,3.37,2.6410198,0.0022053867578506
921,/tmp/DataSetCombined/Edges/Round-10_0125428_edge.png,62.64,60.484898,0.0022053867578506
922,/tmp/DataSetCombined/Edges/Round-5_0063046_edge.png,65.35,64.03079,0.0022053867578506
923,/tmp/DataSetCombined/Edges/Round-7_0066704_edge.png,7.35,7.741189,0.0022053867578506
924,/tmp/DataSetCombined/Edges/Round-6_0005970_edge.png,4.69,3.9521725,0.0022053867578506
925,/tmp/DataSetCombined/Edges/Round-1_0154054_edge.png,8.34,8.784038,0.0022053867578506
926,/tmp/DataSetCombined/Edges/Round-10_0109776_edge.png,8.2,8.359066,0.0022053867578506
927,/tmp/DataSetCombined/Edges/Round-10_0097345_edge.png,16.9,17.759989,0.0022053867578506
928,/tmp/DataSetCombined/Edges/Round-1_0053551_edge.png,58.17,58.477425,0.0022053867578506
929,/tmp/DataSetCombined/Edges/Round-10_0193393_edge.png,56.01,56.370327,0.0022053867578506
930,/tmp/DataSetCombined/Edges/Round-7_0118897_edge.png,12.58,13.118014,0.0022053867578506
931,/tmp/DataSetCombined/Edges/Round-3_0009062_edge.png,4.76,3.8399136,0.0022053867578506
932,/tmp/DataSetCombined/Edges/Round-6_0090090_edge.png,56.95,57.672527,0.0022053867578506
933,/tmp/DataSetCombined/Edges/Round-5_0046781_edge.png,9.84,10.469161,0.0022053867578506
934,/tmp/DataSetCombined/Edges/Round-1_0144543_edge.png,7.15,7.1894155,0.0022053867578506
935,/tmp/DataSetCombined/Edges/Round-10_0193844_edge.png,3.31,2.5856683,0.0022053867578506
936,/tmp/DataSetCombined/Edges/Round-6_0084131_edge.png,11.53,11.959895,0.0022053867578506
937,/tmp/DataSetCombined/Edges/Round-8_0072745_edge.png,27.4,29.422707,0.0022053867578506
938,/tmp/DataSetCombined/Edges/Round-10_0008340_edge.png,64.28,63.52219,0.0022053867578506
939,/tmp/DataSetCombined/Edges/Round-10_0019176_edge.png,65.25,63.76186,0.0022053867578506
940,/tmp/DataSetCombined/Edges/Round-1_0100086_edge.png,3.33,2.591375,0.0022053867578506
941,/tmp/DataSetCombined/Edges/Round-1_0096173_edge.png,64.54,63.017452,0.0022053867578506
942,/tmp/DataSetCombined/Edges/Round-4_0046326_edge.png,6.55,6.37109,0.0022053867578506
943,/tmp/DataSetCombined/Edges/Round-2_0058500_edge.png,3.27,2.504238,0.0022053867578506
944,/tmp/DataSetCombined/Edges/Round-10_0112063_edge.png,56.77,55.349915,0.0022053867578506
945,/tmp/DataSetCombined/Edges/Round-3_0073836_edge.png,3.46,2.6178355,0.0022053867578506
946,/tmp/DataSetCombined/Edges/Round-2_0076107_edge.png,64.67,63.361507,0.0022053867578506
947,/tmp/DataSetCombined/Edges/Round-7_0010237_edge.png,5.17,4.905322,0.0022053867578506
948,/tmp/DataSetCombined/Edges/Round-6_0035489_edge.png,64.24,64.105896,0.0022053867578506
949,/tmp/DataSetCombined/Edges/Round-8_0011685_edge.png,7.28,7.646899,0.0022053867578506
950,/tmp/DataSetCombined/Edges/Round-10_0008822_edge.png,3.69,2.73281,0.0022053867578506
951,/tmp/DataSetCombined/Edges/Round-10_0097766_edge.png,64.9,63.28678,0.0022053867578506
952,/tmp/DataSetCombined/Edges/Round-10_0122538_edge.png,33.79,34.976006,0.0022053867578506
953,/tmp/DataSetCombined/Edges/Round-7_0102403_edge.png,3.9,3.0724347,0.0022053867578506
954,/tmp/DataSetCombined/Edges/Round-8_0017765_edge.png,1.98,2.0939147,0.0022053867578506
955,/tmp/DataSetCombined/Edges/Round-9_0197758_edge.png,64.03,63.377453,0.0022053867578506
956,/tmp/DataSetCombined/Edges/Round-2_0010800_edge.png,64.39,62.914623,0.0022053867578506
957,/tmp/DataSetCombined/Edges/Round-1_0106497_edge.png,3.83,2.95984,0.0022053867578506
958,/tmp/DataSetCombined/Edges/Round-1_0020300_edge.png,64.24,62.955376,0.0022053867578506
959,/tmp/DataSetCombined/Edges/Round-10_0061225_edge.png,3.39,2.5803437,0.0022053867578506
960,/tmp/DataSetCombined/Edges/Round-10_0058065_edge.png,3.56,2.7019405,0.002177607268095
961,/tmp/DataSetCombined/Edges/Round-2_0072856_edge.png,34.64,35.537376,0.002177607268095
962,/tmp/DataSetCombined/Edges/Round-10_0010387_edge.png,63.93,63.324017,0.002177607268095
963,/tmp/DataSetCombined/Edges/Round-7_0090543_edge.png,7.11,7.532336,0.002177607268095
964,/tmp/DataSetCombined/Edges/Round-10_0033233_edge.png,39.95,40.56518,0.002177607268095
965,/tmp/DataSetCombined/Edges/Round-9_0003194_edge.png,51.51,47.307537,0.002177607268095
966,/tmp/DataSetCombined/Edges/Round-8_0050893_edge.png,5.64,5.452979,0.002177607268095
967,/tmp/DataSetCombined/Edges/Round-4_0039073_edge.png,64.35,62.94457,0.002177607268095
968,/tmp/DataSetCombined/Edges/Round-10_0139454_edge.png,8.47,8.90083,0.002177607268095
969,/tmp/DataSetCombined/Edges/Round-3_0030767_edge.png,6.63,6.518382,0.002177607268095
970,/tmp/DataSetCombined/Edges/Round-8_0066466_edge.png,5.51,5.0975146,0.002177607268095
971,/tmp/DataSetCombined/Edges/Round-7_0007620_edge.png,23.62,25.176054,0.002177607268095
972,/tmp/DataSetCombined/Edges/Round-8_0053061_edge.png,21.05,21.826218,0.002177607268095
973,/tmp/DataSetCombined/Edges/Round-5_0016080_edge.png,45.03,43.118088,0.002177607268095
974,/tmp/DataSetCombined/Edges/Round-3_0036700_edge.png,64.96,63.22305,0.002177607268095
975,/tmp/DataSetCombined/Edges/Round-4_0047049_edge.png,4.43,3.8174036,0.002177607268095
976,/tmp/DataSetCombined/Edges/Round-8_0056281_edge.png,64.29,63.6699,0.002177607268095
977,/tmp/DataSetCombined/Edges/Round-3_0085364_edge.png,27.16,27.66502,0.002177607268095
978,/tmp/DataSetCombined/Edges/Round-7_0060925_edge.png,3.48,3.0927045,0.002177607268095
979,/tmp/DataSetCombined/Edges/Round-5_0030196_edge.png,64.1,63.28716,0.002177607268095
980,/tmp/DataSetCombined/Edges/Round-6_0063392_edge.png,65.36,63.99969,0.002177607268095
981,/tmp/DataSetCombined/Edges/Round-5_0035765_edge.png,64.81,62.9839,0.002177607268095
982,/tmp/DataSetCombined/Edges/Round-9_0167628_edge.png,64.23,63.5812,0.002177607268095
983,/tmp/DataSetCombined/Edges/Round-6_0100264_edge.png,35.94,36.264587,0.002177607268095
984,/tmp/DataSetCombined/Edges/Round-3_0048101_edge.png,63.65,60.97411,0.002177607268095
985,/tmp/DataSetCombined/Edges/Round-10_0178509_edge.png,65.28,62.54535,0.002177607268095
986,/tmp/DataSetCombined/Edges/Round-5_0041785_edge.png,40.65,40.489216,0.002177607268095
987,/tmp/DataSetCombined/Edges/Round-8_0059513_edge.png,64.28,63.2367,0.002177607268095
988,/tmp/DataSetCombined/Edges/Round-9_0006415_edge.png,63.88,60.72549,0.002177607268095
989,/tmp/DataSetCombined/Edges/Round-5_0063938_edge.png,48.66,47.7992,0.002177607268095
990,/tmp/DataSetCombined/Edges/Round-4_0026852_edge.png,64.91,64.159935,0.002177607268095
991,/tmp/DataSetCombined/Edges/Round-9_0065087_edge.png,64.55,63.037205,0.002177607268095
992,/tmp/DataSetCombined/Edges/Round-10_0113870_edge.png,24.69,25.879015,0.002177607268095
993,/tmp/DataSetCombined/Edges/Round-10_0058305_edge.png,3.9,2.956939,0.002177607268095
994,/tmp/DataSetCombined/Edges/Round-7_0071159_edge.png,10.68,11.119603,0.002177607268095
995,/tmp/DataSetCombined/Edges/Round-9_0002243_edge.png,9.96,10.520049,0.002177607268095
996,/tmp/DataSetCombined/Edges/Round-6_0000485_edge.png,6.12,6.2074647,0.002177607268095
997,/tmp/DataSetCombined/Edges/Round-10_0137347_edge.png,4.59,3.7427793,0.002177607268095
998,/tmp/DataSetCombined/Edges/Round-5_0039166_edge.png,6.06,6.153704,0.002177607268095
999,/tmp/DataSetCombined/Edges/Round-5_0082179_edge.png,52.54,52.018963,0.002177607268095
1000,/tmp/DataSetCombined/Edges/Round-4_0021103_edge.png,4.97,4.2546973,0.002177607268095
1001,/tmp/DataSetCombined/Edges/Round-3_0069683_edge.png,4.09,3.2158015,0.002177607268095
1002,/tmp/DataSetCombined/Edges/Round-4_0012525_edge.png,54.56,52.78093,0.002177607268095
1003,/tmp/DataSetCombined/Edges/Round-1_0003501_edge.png,26.5,28.461445,0.002177607268095
1004,/tmp/DataSetCombined/Edges/Round-8_0059411_edge.png,2.58,2.2160459,0.002177607268095
1005,/tmp/DataSetCombined/Edges/Round-2_0084234_edge.png,6.28,6.509677,0.002177607268095
1006,/tmp/DataSetCombined/Edges/Round-10_0112997_edge.png,6.11,5.808791,0.002177607268095
1007,/tmp/DataSetCombined/Edges/Round-4_0082266_edge.png,64.47,62.02363,0.002177607268095
1008,/tmp/DataSetCombined/Edges/Round-2_0099133_edge.png,64.17,63.496334,0.002177607268095
1009,/tmp/DataSetCombined/Edges/Round-10_0089398_edge.png,62.69,61.2974,0.002177607268095
1010,/tmp/DataSetCombined/Edges/Round-4_0065048_edge.png,7.65,7.893157,0.002177607268095
1011,/tmp/DataSetCombined/Edges/Round-7_0068450_edge.png,64.07,63.35916,0.002177607268095
1012,/tmp/DataSetCombined/Edges/Round-7_0014301_edge.png,65.27,63.93935,0.002177607268095
1013,/tmp/DataSetCombined/Edges/Round-1_0074200_edge.png,4.8,4.07615,0.002177607268095
1014,/tmp/DataSetCombined/Edges/Round-5_0078929_edge.png,62.13,61.27948,0.002177607268095
1015,/tmp/DataSetCombined/Edges/Round-10_0072603_edge.png,3.82,2.954247,0.002177607268095
1016,/tmp/DataSetCombined/Edges/Round-5_0071403_edge.png,61.5,62.48721,0.002177607268095
1017,/tmp/DataSetCombined/Edges/Round-4_0037206_edge.png,8.29,8.577683,0.002177607268095
1018,/tmp/DataSetCombined/Edges/Round-10_0091536_edge.png,50.68,50.442455,0.002177607268095
1019,/tmp/DataSetCombined/Edges/Round-1_0166003_edge.png,65.18,63.934486,0.002177607268095
1020,/tmp/DataSetCombined/Edges/Round-6_0010657_edge.png,9.95,10.456048,0.002177607268095
1021,/tmp/DataSetCombined/Edges/Round-9_0056380_edge.png,64.39,63.62504,0.002177607268095
1022,/tmp/DataSetCombined/Edges/Round-2_0038400_edge.png,2.64,2.2111464,0.002177607268095
1023,/tmp/DataSetCombined/Edges/Round-8_0024026_edge.png,7.92,8.335278,0.002177607268095
1024,/tmp/DataSetCombined/Edges/Round-6_0010627_edge.png,3.35,2.582899,0.0021926574409008
1025,/tmp/DataSetCombined/Edges/Round-9_0011743_edge.png,64.09,63.398083,0.0021926574409008
1026,/tmp/DataSetCombined/Edges/Round-8_0016579_edge.png,56.93,56.878242,0.0021926574409008
1027,/tmp/DataSetCombined/Edges/Round-9_0089339_edge.png,5.52,5.435215,0.0021926574409008
1028,/tmp/DataSetCombined/Edges/Round-6_0126631_edge.png,8.14,8.503295,0.0021926574409008
1029,/tmp/DataSetCombined/Edges/Round-10_0180661_edge.png,64.37,60.916153,0.0021926574409008
1030,/tmp/DataSetCombined/Edges/Round-3_0046634_edge.png,64.58,63.012997,0.0021926574409008
1031,/tmp/DataSetCombined/Edges/Round-6_0079268_edge.png,2.96,2.3512442,0.0021926574409008
1032,/tmp/DataSetCombined/Edges/Round-7_0039163_edge.png,62.34,59.43114,0.0021926574409008
1033,/tmp/DataSetCombined/Edges/Round-8_0023545_edge.png,38.06,37.51051,0.0021926574409008
1034,/tmp/DataSetCombined/Edges/Round-3_0043526_edge.png,9.82,10.395434,0.0021926574409008
1035,/tmp/DataSetCombined/Edges/Round-9_0076005_edge.png,62.31,62.07207,0.0021926574409008
1036,/tmp/DataSetCombined/Edges/Round-7_0058337_edge.png,10.29,11.167949,0.0021926574409008
1037,/tmp/DataSetCombined/Edges/Round-3_0040064_edge.png,7.55,7.754923,0.0021926574409008
1038,/tmp/DataSetCombined/Edges/Round-5_0080583_edge.png,9.23,9.750291,0.0021926574409008
1039,/tmp/DataSetCombined/Edges/Round-1_0054534_edge.png,5.06,4.633722,0.0021926574409008
1040,/tmp/DataSetCombined/Edges/Round-6_0114652_edge.png,65.19,63.617043,0.0021926574409008
1041,/tmp/DataSetCombined/Edges/Round-9_0104510_edge.png,42.31,42.005985,0.0021926574409008
1042,/tmp/DataSetCombined/Edges/Round-7_0003074_edge.png,5.21,4.8933697,0.0021926574409008
1043,/tmp/DataSetCombined/Edges/Round-5_0070982_edge.png,64.33,63.088192,0.0021926574409008
1044,/tmp/DataSetCombined/Edges/Round-7_0037839_edge.png,65.27,63.67668,0.0021926574409008
1045,/tmp/DataSetCombined/Edges/Round-6_0130334_edge.png,29.8,30.511177,0.0021926574409008
1046,/tmp/DataSetCombined/Edges/Round-10_0077299_edge.png,17.64,18.005896,0.0021926574409008
1047,/tmp/DataSetCombined/Edges/Round-8_0013551_edge.png,49.29,48.073612,0.0021926574409008
1048,/tmp/DataSetCombined/Edges/Round-10_0121725_edge.png,51.81,47.434216,0.0021926574409008
1049,/tmp/DataSetCombined/Edges/Round-1_0081544_edge.png,65.52,63.94116,0.0021926574409008
1050,/tmp/DataSetCombined/Edges/Round-4_0087292_edge.png,3.27,2.4940052,0.0021926574409008
1051,/tmp/DataSetCombined/Edges/Round-8_0066617_edge.png,3.83,2.9192472,0.0021926574409008
1052,/tmp/DataSetCombined/Edges/Round-10_0007979_edge.png,39.04,39.030296,0.0021926574409008
1053,/tmp/DataSetCombined/Edges/Round-8_0035723_edge.png,65.35,63.823746,0.0021926574409008
1054,/tmp/DataSetCombined/Edges/Round-10_0153029_edge.png,3.28,2.472074,0.0021926574409008
1055,/tmp/DataSetCombined/Edges/Round-1_0085849_edge.png,5.03,4.4539986,0.0021926574409008
1056,/tmp/DataSetCombined/Edges/Round-5_0004667_edge.png,2.6,2.264937,0.0021926574409008
1057,/tmp/DataSetCombined/Edges/Round-7_0011923_edge.png,3.16,2.412975,0.0021926574409008
1058,/tmp/DataSetCombined/Edges/Round-6_0023389_edge.png,55.48,54.47598,0.0021926574409008
1059,/tmp/DataSetCombined/Edges/Round-9_0101560_edge.png,64.4,63.211205,0.0021926574409008
1060,/tmp/DataSetCombined/Edges/Round-10_0133163_edge.png,5.9,5.5944567,0.0021926574409008
1061,/tmp/DataSetCombined/Edges/Round-6_0126240_edge.png,8.0,8.446931,0.0021926574409008
1062,/tmp/DataSetCombined/Edges/Round-5_0068784_edge.png,8.15,8.615798,0.0021926574409008
1063,/tmp/DataSetCombined/Edges/Round-5_0029083_edge.png,5.49,5.0367494,0.0021926574409008
1064,/tmp/DataSetCombined/Edges/Round-9_0085818_edge.png,5.12,4.2727804,0.0021926574409008
1065,/tmp/DataSetCombined/Edges/Round-1_0089611_edge.png,60.77,60.410507,0.0021926574409008
1066,/tmp/DataSetCombined/Edges/Round-3_0064385_edge.png,14.45,15.2198305,0.0021926574409008
1067,/tmp/DataSetCombined/Edges/Round-3_0033262_edge.png,2.55,2.2098494,0.0021926574409008
1068,/tmp/DataSetCombined/Edges/Round-8_0074822_edge.png,31.91,33.143044,0.0021926574409008
1069,/tmp/DataSetCombined/Edges/Round-9_0070467_edge.png,57.68,57.320347,0.0021926574409008
1070,/tmp/DataSetCombined/Edges/Round-10_0000728_edge.png,14.4,15.114797,0.0021926574409008
1071,/tmp/DataSetCombined/Edges/Round-8_0008765_edge.png,3.24,2.468944,0.0021926574409008
1072,/tmp/DataSetCombined/Edges/Round-2_0055034_edge.png,54.02,52.618515,0.0021926574409008
1073,/tmp/DataSetCombined/Edges/Round-1_0130998_edge.png,3.62,2.6713543,0.0021926574409008
1074,/tmp/DataSetCombined/Edges/Round-4_0019658_edge.png,63.9,62.574387,0.0021926574409008
1075,/tmp/DataSetCombined/Edges/Round-6_0005910_edge.png,24.23,23.999985,0.0021926574409008
1076,/tmp/DataSetCombined/Edges/Round-9_0097979_edge.png,3.83,2.9128432,0.0021926574409008
1077,/tmp/DataSetCombined/Edges/Round-8_0018024_edge.png,5.84,5.7465916,0.0021926574409008
1078,/tmp/DataSetCombined/Edges/Round-1_0004234_edge.png,49.12,47.691765,0.0021926574409008
1079,/tmp/DataSetCombined/Edges/Round-6_0005516_edge.png,5.75,5.740959,0.0021926574409008
1080,/tmp/DataSetCombined/Edges/Round-4_0030434_edge.png,6.04,5.820354,0.0021926574409008
1081,/tmp/DataSetCombined/Edges/Round-8_0006947_edge.png,3.99,3.0193148,0.0021926574409008
1082,/tmp/DataSetCombined/Edges/Round-8_0024417_edge.png,7.35,7.606405,0.0021926574409008
1083,/tmp/DataSetCombined/Edges/Round-4_0032119_edge.png,6.38,6.043442,0.0021926574409008
1084,/tmp/DataSetCombined/Edges/Round-9_0192461_edge.png,11.42,11.935314,0.0021926574409008
1085,/tmp/DataSetCombined/Edges/Round-1_0127024_edge.png,36.12,38.4834,0.0021926574409008
1086,/tmp/DataSetCombined/Edges/Round-2_0004800_edge.png,47.62,46.77069,0.0021926574409008
1087,/tmp/DataSetCombined/Edges/Round-8_0037962_edge.png,3.24,2.4446168,0.0021926574409008
1088,/tmp/DataSetCombined/Edges/Round-4_0009936_edge.png,53.85,52.689808,0.0026842467486858
1089,/tmp/DataSetCombined/Edges/Round-10_0180330_edge.png,42.22,42.914654,0.0026842467486858
1090,/tmp/DataSetCombined/Edges/Round-1_0070400_edge.png,52.94,50.071323,0.0026842467486858
1091,/tmp/DataSetCombined/Edges/Round-9_0152070_edge.png,64.14,62.952827,0.0026842467486858
1092,/tmp/DataSetCombined/Edges/Round-2_0029800_edge.png,3.94,2.974279,0.0026842467486858
1093,/tmp/DataSetCombined/Edges/Round-7_0125429_edge.png,64.28,62.70281,0.0026842467486858
1094,/tmp/DataSetCombined/Edges/Round-7_0002592_edge.png,7.58,8.002192,0.0026842467486858
1095,/tmp/DataSetCombined/Edges/Round-6_0086440_edge.png,8.76,9.214289,0.0026842467486858
1096,/tmp/DataSetCombined/Edges/Round-8_0011824_edge.png,3.44,2.6660016,0.0026842467486858
1097,/tmp/DataSetCombined/Edges/Round-4_0080550_edge.png,40.98,40.99748,0.0026842467486858
1098,/tmp/DataSetCombined/Edges/Round-7_0108091_edge.png,4.04,3.2244594,0.0026842467486858
1099,/tmp/DataSetCombined/Edges/Round-10_0179607_edge.png,41.19,41.945114,0.0026842467486858
1100,/tmp/DataSetCombined/Edges/Round-10_0154594_edge.png,11.29,11.716501,0.0026842467486858
1101,/tmp/DataSetCombined/Edges/Round-8_0053993_edge.png,3.96,3.1699097,0.0026842467486858
1102,/tmp/DataSetCombined/Edges/Round-10_0097736_edge.png,54.64,53.613716,0.0026842467486858
1103,/tmp/DataSetCombined/Edges/Round-4_0082627_edge.png,60.14,60.99749,0.0026842467486858
1104,/tmp/DataSetCombined/Edges/Round-3_0035167_edge.png,6.95,7.157621,0.0026842467486858
1105,/tmp/DataSetCombined/Edges/Round-5_0013311_edge.png,59.17,60.522182,0.0026842467486858
1106,/tmp/DataSetCombined/Edges/Round-10_0145504_edge.png,5.89,5.959154,0.0026842467486858
1107,/tmp/DataSetCombined/Edges/Round-1_0053341_edge.png,31.34,33.367706,0.0026842467486858
1108,/tmp/DataSetCombined/Edges/Round-1_0165040_edge.png,3.37,2.6518588,0.0026842467486858
1109,/tmp/DataSetCombined/Edges/Round-9_0082326_edge.png,33.42,33.81576,0.0026842467486858
1110,/tmp/DataSetCombined/Edges/Round-1_0056534_edge.png,3.67,2.8025784,0.0026842467486858
1111,/tmp/DataSetCombined/Edges/Round-10_0192249_edge.png,18.49,18.706327,0.0026842467486858
1112,/tmp/DataSetCombined/Edges/Round-9_0096083_edge.png,7.07,7.474238,0.0026842467486858
1113,/tmp/DataSetCombined/Edges/Round-1_0124837_edge.png,3.55,2.6732507,0.0026842467486858
1114,/tmp/DataSetCombined/Edges/Round-1_0026301_edge.png,5.39,5.272743,0.0026842467486858
1115,/tmp/DataSetCombined/Edges/Round-7_0131479_edge.png,32.16,32.03028,0.0026842467486858
1116,/tmp/DataSetCombined/Edges/Round-10_0092228_edge.png,63.53,62.164616,0.0026842467486858
1117,/tmp/DataSetCombined/Edges/Round-9_0026281_edge.png,6.87,7.0887036,0.0026842467486858
1118,/tmp/DataSetCombined/Edges/Round-6_0048794_edge.png,3.06,2.3756807,0.0026842467486858
1119,/tmp/DataSetCombined/Edges/Round-10_0169073_edge.png,55.31,54.63296,0.0026842467486858
1120,/tmp/DataSetCombined/Edges/Round-8_0028360_edge.png,64.13,62.76344,0.0026842467486858
1121,/tmp/DataSetCombined/Edges/Round-8_0017043_edge.png,5.67,5.599722,0.0026842467486858
1122,/tmp/DataSetCombined/Edges/Round-5_0084135_edge.png,45.45,44.606327,0.0026842467486858
1123,/tmp/DataSetCombined/Edges/Round-9_0182708_edge.png,58.52,59.485943,0.0026842467486858
1124,/tmp/DataSetCombined/Edges/Round-1_0139756_edge.png,6.6,6.882079,0.0026842467486858
1125,/tmp/DataSetCombined/Edges/Round-4_0090784_edge.png,9.59,10.168544,0.0026842467486858
1126,/tmp/DataSetCombined/Edges/Round-9_0130455_edge.png,3.76,2.9366875,0.0026842467486858
1127,/tmp/DataSetCombined/Edges/Round-10_0016888_edge.png,7.56,7.938059,0.0026842467486858
1128,/tmp/DataSetCombined/Edges/Round-8_0058057_edge.png,9.85,10.430754,0.0026842467486858
1129,/tmp/DataSetCombined/Edges/Round-8_0000213_edge.png,64.01,63.527004,0.0026842467486858
1130,/tmp/DataSetCombined/Edges/Round-2_0102444_edge.png,58.39,59.12573,0.0026842467486858
1131,/tmp/DataSetCombined/Edges/Round-8_0024646_edge.png,65.33,62.81628,0.0026842467486858
1132,/tmp/DataSetCombined/Edges/Round-5_0062192_edge.png,60.96,61.628487,0.0026842467486858
1133,/tmp/DataSetCombined/Edges/Round-2_0064669_edge.png,6.04,6.1907616,0.0026842467486858
1134,/tmp/DataSetCombined/Edges/Round-7_0052498_edge.png,10.64,10.834533,0.0026842467486858
1135,/tmp/DataSetCombined/Edges/Round-10_0067637_edge.png,63.72,62.936718,0.0026842467486858
1136,/tmp/DataSetCombined/Edges/Round-1_0102230_edge.png,6.85,7.059452,0.0026842467486858
1137,/tmp/DataSetCombined/Edges/Round-2_0084634_edge.png,41.62,42.834866,0.0026842467486858
1138,/tmp/DataSetCombined/Edges/Round-1_0151104_edge.png,7.14,7.461176,0.0026842467486858
1139,/tmp/DataSetCombined/Edges/Round-8_0019559_edge.png,9.48,10.057655,0.0026842467486858
1140,/tmp/DataSetCombined/Edges/Round-1_0101680_edge.png,4.16,3.297512,0.0026842467486858
1141,/tmp/DataSetCombined/Edges/Round-8_0003516_edge.png,6.83,7.111164,0.0026842467486858
1142,/tmp/DataSetCombined/Edges/Round-7_0099724_edge.png,3.97,3.197748,0.0026842467486858
1143,/tmp/DataSetCombined/Edges/Round-1_0086902_edge.png,7.65,7.760783,0.0026842467486858
1144,/tmp/DataSetCombined/Edges/Round-10_0080730_edge.png,61.51,60.903088,0.0026842467486858
1145,/tmp/DataSetCombined/Edges/Round-4_0051564_edge.png,5.36,5.2837753,0.0026842467486858
1146,/tmp/DataSetCombined/Edges/Round-2_0091368_edge.png,12.33,12.770238,0.0026842467486858
1147,/tmp/DataSetCombined/Edges/Round-1_0107791_edge.png,10.49,10.963154,0.0026842467486858
1148,/tmp/DataSetCombined/Edges/Round-7_0048283_edge.png,41.5,40.77978,0.0026842467486858
1149,/tmp/DataSetCombined/Edges/Round-6_0025858_edge.png,64.09,63.405262,0.0026842467486858
1150,/tmp/DataSetCombined/Edges/Round-8_0082046_edge.png,9.56,10.154508,0.0026842467486858
1151,/tmp/DataSetCombined/Edges/Round-2_0103558_edge.png,27.16,27.29985,0.0026842467486858
1152,/tmp/DataSetCombined/Edges/Round-9_0161217_edge.png,4.14,3.3124065,0.0024381168186664
1153,/tmp/DataSetCombined/Edges/Round-10_0037958_edge.png,4.19,3.2246866,0.0024381168186664
1154,/tmp/DataSetCombined/Edges/Round-8_0071330_edge.png,65.06,61.191547,0.0024381168186664
1155,/tmp/DataSetCombined/Edges/Round-5_0070397_edge.png,15.63,16.504238,0.0024381168186664
1156,/tmp/DataSetCombined/Edges/Round-10_0136143_edge.png,5.57,5.1062813,0.0024381168186664
1157,/tmp/DataSetCombined/Edges/Round-6_0116699_edge.png,6.09,5.771681,0.0024381168186664
1158,/tmp/DataSetCombined/Edges/Round-8_0061458_edge.png,4.06,3.2872665,0.0024381168186664
1159,/tmp/DataSetCombined/Edges/Round-9_0013458_edge.png,3.48,2.6206481,0.0024381168186664
1160,/tmp/DataSetCombined/Edges/Round-4_0031789_edge.png,6.25,6.4792356,0.0024381168186664
1161,/tmp/DataSetCombined/Edges/Round-5_0065865_edge.png,61.96,61.038044,0.0024381168186664
1162,/tmp/DataSetCombined/Edges/Round-8_0050152_edge.png,5.45,5.1894565,0.0024381168186664
1163,/tmp/DataSetCombined/Edges/Round-5_0021016_edge.png,18.13,17.857689,0.0024381168186664
1164,/tmp/DataSetCombined/Edges/Round-10_0008190_edge.png,3.42,2.6649587,0.0024381168186664
1165,/tmp/DataSetCombined/Edges/Round-9_0078142_edge.png,3.58,2.7844183,0.0024381168186664
1166,/tmp/DataSetCombined/Edges/Round-4_0014271_edge.png,6.12,5.801238,0.0024381168186664
1167,/tmp/DataSetCombined/Edges/Round-7_0021946_edge.png,33.97,35.502846,0.0024381168186664
1168,/tmp/DataSetCombined/Edges/Round-10_0187282_edge.png,7.79,8.144903,0.0024381168186664
1169,/tmp/DataSetCombined/Edges/Round-1_0154445_edge.png,63.88,62.48549,0.0024381168186664
1170,/tmp/DataSetCombined/Edges/Round-9_0165552_edge.png,63.89,62.86922,0.0024381168186664
1171,/tmp/DataSetCombined/Edges/Round-4_0042714_edge.png,24.76,25.287615,0.0024381168186664
1172,/tmp/DataSetCombined/Edges/Round-9_0019990_edge.png,13.12,13.609417,0.0024381168186664
1173,/tmp/DataSetCombined/Edges/Round-9_0020953_edge.png,3.44,2.6007247,0.0024381168186664
1174,/tmp/DataSetCombined/Edges/Round-8_0008182_edge.png,47.95,47.74911,0.0024381168186664
1175,/tmp/DataSetCombined/Edges/Round-1_0066867_edge.png,3.51,2.639313,0.0024381168186664
1176,/tmp/DataSetCombined/Edges/Round-3_0052634_edge.png,4.77,4.0218205,0.0024381168186664
1177,/tmp/DataSetCombined/Edges/Round-1_0106045_edge.png,4.23,3.4555001,0.0024381168186664
1178,/tmp/DataSetCombined/Edges/Round-3_0077930_edge.png,2.93,2.3211584,0.0024381168186664
1179,/tmp/DataSetCombined/Edges/Round-4_0031307_edge.png,5.44,4.9816217,0.0024381168186664
1180,/tmp/DataSetCombined/Edges/Round-4_0046025_edge.png,64.22,62.840504,0.0024381168186664
1181,/tmp/DataSetCombined/Edges/Round-7_0002442_edge.png,62.18,61.27709,0.0024381168186664
1182,/tmp/DataSetCombined/Edges/Round-7_0068119_edge.png,64.44,62.258144,0.0024381168186664
1183,/tmp/DataSetCombined/Edges/Round-1_0074010_edge.png,5.55,5.0684667,0.0024381168186664
1184,/tmp/DataSetCombined/Edges/Round-7_0054755_edge.png,6.29,6.4167213,0.0024381168186664
1185,/tmp/DataSetCombined/Edges/Round-2_0091760_edge.png,65.08,62.57083,0.0024381168186664
1186,/tmp/DataSetCombined/Edges/Round-8_0080270_edge.png,9.26,9.653861,0.0024381168186664
1187,/tmp/DataSetCombined/Edges/Round-5_0037541_edge.png,26.03,26.349302,0.0024381168186664
1188,/tmp/DataSetCombined/Edges/Round-1_0158719_edge.png,64.53,63.39961,0.0024381168186664
1189,/tmp/DataSetCombined/Edges/Round-8_0045415_edge.png,61.39,60.293564,0.0024381168186664
1190,/tmp/DataSetCombined/Edges/Round-8_0057948_edge.png,5.45,5.194615,0.0024381168186664
1191,/tmp/DataSetCombined/Edges/Round-3_0003401_edge.png,8.01,8.491479,0.0024381168186664
1192,/tmp/DataSetCombined/Edges/Round-9_0163837_edge.png,7.53,7.9135203,0.0024381168186664
1193,/tmp/DataSetCombined/Edges/Round-5_0098613_edge.png,56.18,55.353725,0.0024381168186664
1194,/tmp/DataSetCombined/Edges/Round-10_0167567_edge.png,4.44,3.6208842,0.0024381168186664
1195,/tmp/DataSetCombined/Edges/Round-6_0122026_edge.png,54.2,54.505356,0.0024381168186664
1196,/tmp/DataSetCombined/Edges/Round-10_0010477_edge.png,31.43,33.412987,0.0024381168186664
1197,/tmp/DataSetCombined/Edges/Round-7_0096924_edge.png,3.19,2.4053462,0.0024381168186664
1198,/tmp/DataSetCombined/Edges/Round-8_0040310_edge.png,48.99,48.23026,0.0024381168186664
1199,/tmp/DataSetCombined/Edges/Round-8_0072704_edge.png,35.15,35.970654,0.0024381168186664
1200,/tmp/DataSetCombined/Edges/Round-2_0106967_edge.png,64.44,62.725685,0.0024381168186664
1201,/tmp/DataSetCombined/Edges/Round-10_0079285_edge.png,5.49,4.995365,0.0024381168186664
1202,/tmp/DataSetCombined/Edges/Round-10_0163564_edge.png,4.94,4.2164803,0.0024381168186664
1203,/tmp/DataSetCombined/Edges/Round-10_0132411_edge.png,65.22,62.277264,0.0024381168186664
1204,/tmp/DataSetCombined/Edges/Round-7_0133887_edge.png,55.6,55.090816,0.0024381168186664
1205,/tmp/DataSetCombined/Edges/Round-1_0169194_edge.png,64.84,62.898396,0.0024381168186664
1206,/tmp/DataSetCombined/Edges/Round-2_0083934_edge.png,4.68,3.8562424,0.0024381168186664
1207,/tmp/DataSetCombined/Edges/Round-10_0061707_edge.png,8.25,8.709698,0.0024381168186664
1208,/tmp/DataSetCombined/Edges/Round-8_0074473_edge.png,63.35,62.84253,0.0024381168186664
1209,/tmp/DataSetCombined/Edges/Round-5_0114867_edge.png,6.36,6.02779,0.0024381168186664
1210,/tmp/DataSetCombined/Edges/Round-10_0187102_edge.png,4.32,3.5234787,0.0024381168186664
1211,/tmp/DataSetCombined/Edges/Round-5_0065263_edge.png,62.7,60.437756,0.0024381168186664
1212,/tmp/DataSetCombined/Edges/Round-7_0033414_edge.png,2.48,2.182875,0.0024381168186664
1213,/tmp/DataSetCombined/Edges/Round-5_0106620_edge.png,51.3,50.807804,0.0024381168186664
1214,/tmp/DataSetCombined/Edges/Round-3_0028507_edge.png,63.07,61.81442,0.0024381168186664
1215,/tmp/DataSetCombined/Edges/Round-4_0005030_edge.png,65.33,63.704838,0.0024381168186664
1216,/tmp/DataSetCombined/Edges/Round-9_0144933_edge.png,3.31,2.5166023,0.0020660385489463
1217,/tmp/DataSetCombined/Edges/Round-9_0006475_edge.png,63.9,62.66244,0.0020660385489463
1218,/tmp/DataSetCombined/Edges/Round-1_0002967_edge.png,3.51,2.758057,0.0020660385489463
1219,/tmp/DataSetCombined/Edges/Round-9_0118115_edge.png,65.33,62.972946,0.0020660385489463
1220,/tmp/DataSetCombined/Edges/Round-4_0045062_edge.png,65.27,62.5214,0.0020660385489463
1221,/tmp/DataSetCombined/Edges/Round-1_0127536_edge.png,58.92,59.787937,0.0020660385489463
1222,/tmp/DataSetCombined/Edges/Round-5_0044705_edge.png,56.95,54.696095,0.0020660385489463
1223,/tmp/DataSetCombined/Edges/Round-10_0033865_edge.png,2.25,2.134472,0.0020660385489463
1224,/tmp/DataSetCombined/Edges/Round-1_0067367_edge.png,65.33,63.603558,0.0020660385489463
1225,/tmp/DataSetCombined/Edges/Round-10_0028206_edge.png,65.3,63.64416,0.0020660385489463
1226,/tmp/DataSetCombined/Edges/Round-7_0076788_edge.png,9.99,10.563077,0.0020660385489463
1227,/tmp/DataSetCombined/Edges/Round-10_0152187_edge.png,28.52,29.478878,0.0020660385489463
1228,/tmp/DataSetCombined/Edges/Round-5_0101563_edge.png,23.3,23.974337,0.0020660385489463
1229,/tmp/DataSetCombined/Edges/Round-3_0051713_edge.png,3.54,2.785626,0.0020660385489463
1230,/tmp/DataSetCombined/Edges/Round-9_0041360_edge.png,64.11,62.555122,0.0020660385489463
1231,/tmp/DataSetCombined/Edges/Round-1_0150382_edge.png,47.22,46.382614,0.0020660385489463
1232,/tmp/DataSetCombined/Edges/Round-7_0005873_edge.png,58.65,57.087383,0.0020660385489463
1233,/tmp/DataSetCombined/Edges/Round-3_0088133_edge.png,59.04,60.80947,0.0020660385489463
1234,/tmp/DataSetCombined/Edges/Round-10_0175242_edge.png,3.68,2.855966,0.0020660385489463
1235,/tmp/DataSetCombined/Edges/Round-9_0002923_edge.png,62.06,61.010326,0.0020660385489463
1236,/tmp/DataSetCombined/Edges/Round-8_0080692_edge.png,65.01,63.806446,0.0020660385489463
1237,/tmp/DataSetCombined/Edges/Round-1_0001300_edge.png,65.24,63.692043,0.0020660385489463
1238,/tmp/DataSetCombined/Edges/Round-10_0046777_edge.png,64.14,63.68118,0.0020660385489463
1239,/tmp/DataSetCombined/Edges/Round-1_0094848_edge.png,40.32,40.471264,0.0020660385489463
1240,/tmp/DataSetCombined/Edges/Round-9_0175424_edge.png,6.99,7.380266,0.0020660385489463
1241,/tmp/DataSetCombined/Edges/Round-8_0013310_edge.png,5.36,5.2787614,0.0020660385489463
1242,/tmp/DataSetCombined/Edges/Round-8_0052500_edge.png,9.23,9.872235,0.0020660385489463
1243,/tmp/DataSetCombined/Edges/Round-7_0002080_edge.png,31.35,32.18374,0.0020660385489463
1244,/tmp/DataSetCombined/Edges/Round-6_0017219_edge.png,5.29,4.826805,0.0020660385489463
1245,/tmp/DataSetCombined/Edges/Round-7_0046778_edge.png,3.3,2.563932,0.0020660385489463
1246,/tmp/DataSetCombined/Edges/Round-9_0064357_edge.png,5.74,5.309493,0.0020660385489463
1247,/tmp/DataSetCombined/Edges/Round-10_0111853_edge.png,64.75,62.891644,0.0020660385489463
1248,/tmp/DataSetCombined/Edges/Round-3_0069893_edge.png,65.31,63.947845,0.0020660385489463
1249,/tmp/DataSetCombined/Edges/Round-6_0099602_edge.png,5.84,5.8468246,0.0020660385489463
1250,/tmp/DataSetCombined/Edges/Round-7_0038200_edge.png,3.86,2.9345648,0.0020660385489463
1251,/tmp/DataSetCombined/Edges/Round-7_0017281_edge.png,52.27,50.165337,0.0020660385489463
1252,/tmp/DataSetCombined/Edges/Round-10_0102793_edge.png,4.83,4.060825,0.0020660385489463
1253,/tmp/DataSetCombined/Edges/Round-6_0033653_edge.png,64.7,62.79581,0.0020660385489463
1254,/tmp/DataSetCombined/Edges/Round-10_0013036_edge.png,64.15,63.740883,0.0020660385489463
1255,/tmp/DataSetCombined/Edges/Round-9_0011441_edge.png,5.9,5.943965,0.0020660385489463
1256,/tmp/DataSetCombined/Edges/Round-10_0192971_edge.png,63.89,61.819042,0.0020660385489463
1257,/tmp/DataSetCombined/Edges/Round-1_0066000_edge.png,60.24,57.135674,0.0020660385489463
1258,/tmp/DataSetCombined/Edges/Round-9_0035220_edge.png,7.15,7.4770784,0.0020660385489463
1259,/tmp/DataSetCombined/Edges/Round-8_0054806_edge.png,62.19,62.67154,0.0020660385489463
1260,/tmp/DataSetCombined/Edges/Round-9_0028305_edge.png,38.74,39.07701,0.0020660385489463
1261,/tmp/DataSetCombined/Edges/Round-2_0106628_edge.png,28.46,29.68075,0.0020660385489463
1262,/tmp/DataSetCombined/Edges/Round-4_0017220_edge.png,38.46,38.96574,0.0020660385489463
1263,/tmp/DataSetCombined/Edges/Round-1_0030234_edge.png,64.28,63.47006,0.0020660385489463
1264,/tmp/DataSetCombined/Edges/Round-7_0097797_edge.png,62.2,61.36568,0.0020660385489463
1265,/tmp/DataSetCombined/Edges/Round-3_0045167_edge.png,51.4,51.138027,0.0020660385489463
1266,/tmp/DataSetCombined/Edges/Round-1_0110319_edge.png,2.77,2.2509513,0.0020660385489463
1267,/tmp/DataSetCombined/Edges/Round-8_0049129_edge.png,4.15,3.2438009,0.0020660385489463
1268,/tmp/DataSetCombined/Edges/Round-6_0086508_edge.png,36.15,36.65713,0.0020660385489463
1269,/tmp/DataSetCombined/Edges/Round-9_0133917_edge.png,2.92,2.3172147,0.0020660385489463
1270,/tmp/DataSetCombined/Edges/Round-8_0015075_edge.png,4.69,3.923714,0.0020660385489463
1271,/tmp/DataSetCombined/Edges/Round-5_0010302_edge.png,29.44,31.002056,0.0020660385489463
1272,/tmp/DataSetCombined/Edges/Round-6_0038108_edge.png,2.1,2.0920136,0.0020660385489463
1273,/tmp/DataSetCombined/Edges/Round-5_0011956_edge.png,58.88,59.98559,0.0020660385489463
1274,/tmp/DataSetCombined/Edges/Round-2_0104582_edge.png,6.15,5.908175,0.0020660385489463
1275,/tmp/DataSetCombined/Edges/Round-1_0120072_edge.png,37.57,37.525936,0.0020660385489463
1276,/tmp/DataSetCombined/Edges/Round-8_0063173_edge.png,5.18,4.9167757,0.0020660385489463
1277,/tmp/DataSetCombined/Edges/Round-9_0101951_edge.png,63.13,63.018696,0.0020660385489463
1278,/tmp/DataSetCombined/Edges/Round-4_0046387_edge.png,64.97,62.935493,0.0020660385489463
1279,/tmp/DataSetCombined/Edges/Round-8_0006014_edge.png,40.25,40.65167,0.0020660385489463
1280,/tmp/DataSetCombined/Edges/Round-6_0060270_edge.png,4.15,3.1640148,0.0025127157568931
1281,/tmp/DataSetCombined/Edges/Round-6_0036784_edge.png,63.89,62.349064,0.0025127157568931
1282,/tmp/DataSetCombined/Edges/Round-10_0012134_edge.png,4.05,3.0698564,0.0025127157568931
1283,/tmp/DataSetCombined/Edges/Round-1_0049134_edge.png,7.47,7.8956947,0.0025127157568931
1284,/tmp/DataSetCombined/Edges/Round-10_0130966_edge.png,3.31,2.6237006,0.0025127157568931
1285,/tmp/DataSetCombined/Edges/Round-1_0075012_edge.png,4.81,4.018853,0.0025127157568931
1286,/tmp/DataSetCombined/Edges/Round-8_0057154_edge.png,64.3,64.01461,0.0025127157568931
1287,/tmp/DataSetCombined/Edges/Round-2_0046600_edge.png,60.49,61.389874,0.0025127157568931
1288,/tmp/DataSetCombined/Edges/Round-5_0064721_edge.png,2.96,2.439577,0.0025127157568931
1289,/tmp/DataSetCombined/Edges/Round-1_0134429_edge.png,4.14,3.2909203,0.0025127157568931
1290,/tmp/DataSetCombined/Edges/Round-10_0088947_edge.png,65.41,64.294846,0.0025127157568931
1291,/tmp/DataSetCombined/Edges/Round-5_0054968_edge.png,65.2,62.602077,0.0025127157568931
1292,/tmp/DataSetCombined/Edges/Round-4_0011863_edge.png,58.04,57.189846,0.0025127157568931
1293,/tmp/DataSetCombined/Edges/Round-1_0049969_edge.png,29.36,30.849463,0.0025127157568931
1294,/tmp/DataSetCombined/Edges/Round-1_0006734_edge.png,2.98,2.3524966,0.0025127157568931
1295,/tmp/DataSetCombined/Edges/Round-9_0174100_edge.png,2.58,2.2134552,0.0025127157568931
1296,/tmp/DataSetCombined/Edges/Round-2_0057967_edge.png,59.38,55.808956,0.0025127157568931
1297,/tmp/DataSetCombined/Edges/Round-10_0085004_edge.png,3.69,2.7586503,0.0025127157568931
1298,/tmp/DataSetCombined/Edges/Round-3_0053001_edge.png,53.63,54.145893,0.0025127157568931
1299,/tmp/DataSetCombined/Edges/Round-2_0096756_edge.png,61.2,58.983418,0.0025127157568931
1300,/tmp/DataSetCombined/Edges/Round-7_0011020_edge.png,8.63,9.249221,0.0025127157568931
1301,/tmp/DataSetCombined/Edges/Round-5_0063517_edge.png,5.57,5.0797296,0.0025127157568931
1302,/tmp/DataSetCombined/Edges/Round-6_0086478_edge.png,27.67,29.6579,0.0025127157568931
1303,/tmp/DataSetCombined/Edges/Round-1_0078511_edge.png,55.62,54.721058,0.0025127157568931
1304,/tmp/DataSetCombined/Edges/Round-7_0084283_edge.png,64.2,63.527744,0.0025127157568931
1305,/tmp/DataSetCombined/Edges/Round-1_0161488_edge.png,48.57,47.92238,0.0025127157568931
1306,/tmp/DataSetCombined/Edges/Round-8_0071884_edge.png,64.38,63.040234,0.0025127157568931
1307,/tmp/DataSetCombined/Edges/Round-10_0149447_edge.png,64.57,63.197792,0.0025127157568931
1308,/tmp/DataSetCombined/Edges/Round-8_0068362_edge.png,3.44,2.5704377,0.0025127157568931
1309,/tmp/DataSetCombined/Edges/Round-9_0091627_edge.png,64.29,62.807987,0.0025127157568931
1310,/tmp/DataSetCombined/Edges/Round-2_0101181_edge.png,28.97,29.710016,0.0025127157568931
1311,/tmp/DataSetCombined/Edges/Round-5_0090456_edge.png,7.78,8.183051,0.0025127157568931
1312,/tmp/DataSetCombined/Edges/Round-6_0005213_edge.png,6.82,7.10452,0.0025127157568931
1313,/tmp/DataSetCombined/Edges/Round-6_0033142_edge.png,2.46,2.160199,0.0025127157568931
1314,/tmp/DataSetCombined/Edges/Round-8_0031069_edge.png,63.94,63.844906,0.0025127157568931
1315,/tmp/DataSetCombined/Edges/Round-2_0057834_edge.png,2.69,2.2354505,0.0025127157568931
1316,/tmp/DataSetCombined/Edges/Round-5_0010241_edge.png,3.7,2.8541148,0.0025127157568931
1317,/tmp/DataSetCombined/Edges/Round-4_0012494_edge.png,65.34,64.26341,0.0025127157568931
1318,/tmp/DataSetCombined/Edges/Round-4_0028538_edge.png,5.86,5.8163614,0.0025127157568931
1319,/tmp/DataSetCombined/Edges/Round-9_0017010_edge.png,2.51,2.1990323,0.0025127157568931
1320,/tmp/DataSetCombined/Edges/Round-4_0089700_edge.png,65.3,62.449512,0.0025127157568931
1321,/tmp/DataSetCombined/Edges/Round-10_0107127_edge.png,3.38,2.5456753,0.0025127157568931
1322,/tmp/DataSetCombined/Edges/Round-5_0062614_edge.png,64.48,62.255665,0.0025127157568931
1323,/tmp/DataSetCombined/Edges/Round-9_0157003_edge.png,12.8,13.23895,0.0025127157568931
1324,/tmp/DataSetCombined/Edges/Round-10_0041059_edge.png,14.83,14.808572,0.0025127157568931
1325,/tmp/DataSetCombined/Edges/Round-7_0047982_edge.png,3.79,2.818373,0.0025127157568931
1326,/tmp/DataSetCombined/Edges/Round-8_0083310_edge.png,61.85,60.67947,0.0025127157568931
1327,/tmp/DataSetCombined/Edges/Round-7_0015926_edge.png,16.49,16.969492,0.0025127157568931
1328,/tmp/DataSetCombined/Edges/Round-3_0073024_edge.png,43.08,42.847515,0.0025127157568931
1329,/tmp/DataSetCombined/Edges/Round-8_0002282_edge.png,5.43,5.2343616,0.0025127157568931
1330,/tmp/DataSetCombined/Edges/Round-8_0036656_edge.png,10.24,11.091428,0.0025127157568931
1331,/tmp/DataSetCombined/Edges/Round-8_0063065_edge.png,23.9,24.569908,0.0025127157568931
1332,/tmp/DataSetCombined/Edges/Round-10_0094395_edge.png,64.81,63.006657,0.0025127157568931
1333,/tmp/DataSetCombined/Edges/Round-7_0114774_edge.png,65.19,63.14463,0.0025127157568931
1334,/tmp/DataSetCombined/Edges/Round-10_0096291_edge.png,7.76,8.155348,0.0025127157568931
1335,/tmp/DataSetCombined/Edges/Round-5_0080975_edge.png,62.24,61.76803,0.0025127157568931
1336,/tmp/DataSetCombined/Edges/Round-6_0058968_edge.png,3.33,2.6127129,0.0025127157568931
1337,/tmp/DataSetCombined/Edges/Round-10_0162571_edge.png,4.57,3.87488,0.0025127157568931
1338,/tmp/DataSetCombined/Edges/Round-9_0025137_edge.png,2.73,2.2477999,0.0025127157568931
1339,/tmp/DataSetCombined/Edges/Round-1_0069200_edge.png,14.4,14.441793,0.0025127157568931
1340,/tmp/DataSetCombined/Edges/Round-5_0092563_edge.png,19.63,19.364843,0.0025127157568931
1341,/tmp/DataSetCombined/Edges/Round-8_0052681_edge.png,64.09,62.629593,0.0025127157568931
1342,/tmp/DataSetCombined/Edges/Round-1_0161097_edge.png,58.79,63.93245,0.0025127157568931
1343,/tmp/DataSetCombined/Edges/Round-5_0126425_edge.png,43.98,43.76466,0.0025127157568931
1344,/tmp/DataSetCombined/Edges/Round-3_0084431_edge.png,64.99,63.94405,0.0027025416493415
1345,/tmp/DataSetCombined/Edges/Round-4_0025798_edge.png,3.32,2.4828131,0.0027025416493415
1346,/tmp/DataSetCombined/Edges/Round-7_0034950_edge.png,6.64,6.8840995,0.0027025416493415
1347,/tmp/DataSetCombined/Edges/Round-5_0027698_edge.png,63.64,63.67987,0.0027025416493415
1348,/tmp/DataSetCombined/Edges/Round-9_0018003_edge.png,27.76,29.47624,0.0027025416493415
1349,/tmp/DataSetCombined/Edges/Round-7_0092380_edge.png,7.53,7.952438,0.0027025416493415
1350,/tmp/DataSetCombined/Edges/Round-10_0169373_edge.png,64.99,64.24898,0.0027025416493415
1351,/tmp/DataSetCombined/Edges/Round-9_0169133_edge.png,62.75,62.69563,0.0027025416493415
1352,/tmp/DataSetCombined/Edges/Round-7_0064146_edge.png,61.88,62.932125,0.0027025416493415
1353,/tmp/DataSetCombined/Edges/Round-9_0037116_edge.png,3.42,2.5608134,0.0027025416493415
1354,/tmp/DataSetCombined/Edges/Round-4_0025378_edge.png,64.05,63.0986,0.0027025416493415
1355,/tmp/DataSetCombined/Edges/Round-10_0136866_edge.png,7.27,7.561675,0.0027025416493415
1356,/tmp/DataSetCombined/Edges/Round-1_0138926_edge.png,52.56,51.793198,0.0027025416493415
1357,/tmp/DataSetCombined/Edges/Round-5_0095121_edge.png,63.46,62.692997,0.0027025416493415
1358,/tmp/DataSetCombined/Edges/Round-8_0079728_edge.png,7.03,7.431579,0.0027025416493415
1359,/tmp/DataSetCombined/Edges/Round-6_0057492_edge.png,63.98,61.011303,0.0027025416493415
1360,/tmp/DataSetCombined/Edges/Round-7_0068330_edge.png,25.96,26.276642,0.0027025416493415
1361,/tmp/DataSetCombined/Edges/Round-1_0009934_edge.png,64.16,63.82421,0.0027025416493415
1362,/tmp/DataSetCombined/Edges/Round-7_0029110_edge.png,2.39,2.1551354,0.0027025416493415
1363,/tmp/DataSetCombined/Edges/Round-10_0073747_edge.png,7.17,7.2301073,0.0027025416493415
1364,/tmp/DataSetCombined/Edges/Round-9_0104690_edge.png,6.28,6.401325,0.0027025416493415
1365,/tmp/DataSetCombined/Edges/Round-9_0154656_edge.png,29.47,30.892256,0.0027025416493415
1366,/tmp/DataSetCombined/Edges/Round-10_0141441_edge.png,52.91,50.471035,0.0027025416493415
1367,/tmp/DataSetCombined/Edges/Round-10_0103215_edge.png,2.1,2.094433,0.0027025416493415
1368,/tmp/DataSetCombined/Edges/Round-9_0023120_edge.png,3.58,2.7947896,0.0027025416493415
1369,/tmp/DataSetCombined/Edges/Round-8_0047744_edge.png,46.85,46.717106,0.0027025416493415
1370,/tmp/DataSetCombined/Edges/Round-5_0080824_edge.png,41.74,42.248814,0.0027025416493415
1371,/tmp/DataSetCombined/Edges/Round-9_0080761_edge.png,59.23,60.00864,0.0027025416493415
1372,/tmp/DataSetCombined/Edges/Round-6_0070736_edge.png,38.76,39.85869,0.0027025416493415
1373,/tmp/DataSetCombined/Edges/Round-7_0110048_edge.png,27.74,28.508287,0.0027025416493415
1374,/tmp/DataSetCombined/Edges/Round-10_0126752_edge.png,65.38,63.692417,0.0027025416493415
1375,/tmp/DataSetCombined/Edges/Round-7_0027846_edge.png,9.51,10.146016,0.0027025416493415
1376,/tmp/DataSetCombined/Edges/Round-10_0147310_edge.png,65.4,63.95193,0.0027025416493415
1377,/tmp/DataSetCombined/Edges/Round-5_0021377_edge.png,3.64,2.8453028,0.0027025416493415
1378,/tmp/DataSetCombined/Edges/Round-9_0054454_edge.png,8.2,8.695089,0.0027025416493415
1379,/tmp/DataSetCombined/Edges/Round-4_0035972_edge.png,64.22,63.63549,0.0027025416493415
1380,/tmp/DataSetCombined/Edges/Round-3_0056318_edge.png,64.48,62.95303,0.0027025416493415
1381,/tmp/DataSetCombined/Edges/Round-1_0113630_edge.png,65.33,62.543266,0.0027025416493415
1382,/tmp/DataSetCombined/Edges/Round-10_0094064_edge.png,60.74,59.889553,0.0027025416493415
1383,/tmp/DataSetCombined/Edges/Round-6_0009363_edge.png,65.08,61.98528,0.0027025416493415
1384,/tmp/DataSetCombined/Edges/Round-3_0056077_edge.png,3.93,3.0543733,0.0027025416493415
1385,/tmp/DataSetCombined/Edges/Round-7_0017190_edge.png,2.98,2.313495,0.0027025416493415
1386,/tmp/DataSetCombined/Edges/Round-1_0137078_edge.png,54.07,54.50795,0.0027025416493415
1387,/tmp/DataSetCombined/Edges/Round-7_0006897_edge.png,4.95,4.2251096,0.0027025416493415
1388,/tmp/DataSetCombined/Edges/Round-1_0020900_edge.png,38.22,37.963108,0.0027025416493415
1389,/tmp/DataSetCombined/Edges/Round-8_0060452_edge.png,64.65,62.750214,0.0027025416493415
1390,/tmp/DataSetCombined/Edges/Round-9_0036304_edge.png,8.72,8.890623,0.0027025416493415
1391,/tmp/DataSetCombined/Edges/Round-5_0027367_edge.png,7.73,7.902176,0.0027025416493415
1392,/tmp/DataSetCombined/Edges/Round-4_0044852_edge.png,7.56,7.9326925,0.0027025416493415
1393,/tmp/DataSetCombined/Edges/Round-8_0086320_edge.png,58.48,57.276703,0.0027025416493415
1394,/tmp/DataSetCombined/Edges/Round-9_0024385_edge.png,8.74,9.265608,0.0027025416493415
1395,/tmp/DataSetCombined/Edges/Round-2_0089682_edge.png,3.03,2.3508923,0.0027025416493415
1396,/tmp/DataSetCombined/Edges/Round-1_0133858_edge.png,63.97,63.411427,0.0027025416493415
1397,/tmp/DataSetCombined/Edges/Round-7_0034407_edge.png,26.15,27.413023,0.0027025416493415
1398,/tmp/DataSetCombined/Edges/Round-6_0080157_edge.png,7.16,7.574653,0.0027025416493415
1399,/tmp/DataSetCombined/Edges/Round-7_0081995_edge.png,64.68,63.163963,0.0027025416493415
1400,/tmp/DataSetCombined/Edges/Round-3_0085159_edge.png,52.88,51.12261,0.0027025416493415
1401,/tmp/DataSetCombined/Edges/Round-1_0011900_edge.png,23.27,24.735674,0.0027025416493415
1402,/tmp/DataSetCombined/Edges/Round-5_0026073_edge.png,49.61,46.60129,0.0027025416493415
1403,/tmp/DataSetCombined/Edges/Round-10_0193453_edge.png,56.88,56.007565,0.0027025416493415
1404,/tmp/DataSetCombined/Edges/Round-10_0137408_edge.png,40.92,42.44726,0.0027025416493415
1405,/tmp/DataSetCombined/Edges/Round-1_0033806_edge.png,59.23,58.12015,0.0027025416493415
1406,/tmp/DataSetCombined/Edges/Round-3_0033533_edge.png,64.96,62.313923,0.0027025416493415
1407,/tmp/DataSetCombined/Edges/Round-9_0103276_edge.png,48.55,46.81825,0.0027025416493415
1408,/tmp/DataSetCombined/Edges/Round-8_0004732_edge.png,6.91,6.971014,0.0024576783180236
1409,/tmp/DataSetCombined/Edges/Round-8_0035223_edge.png,7.31,7.6194215,0.0024576783180236
1410,/tmp/DataSetCombined/Edges/Round-9_0032150_edge.png,65.23,63.754604,0.0024576783180236
1411,/tmp/DataSetCombined/Edges/Round-9_0143579_edge.png,23.1,23.93631,0.0024576783180236
1412,/tmp/DataSetCombined/Edges/Round-4_0053611_edge.png,63.91,63.33286,0.0024576783180236
1413,/tmp/DataSetCombined/Edges/Round-5_0113723_edge.png,28.76,30.658527,0.0024576783180236
1414,/tmp/DataSetCombined/Edges/Round-8_0088096_edge.png,12.92,13.130521,0.0024576783180236
1415,/tmp/DataSetCombined/Edges/Round-6_0074408_edge.png,64.77,63.349827,0.0024576783180236
1416,/tmp/DataSetCombined/Edges/Round-7_0006746_edge.png,64.08,62.952072,0.0024576783180236
1417,/tmp/DataSetCombined/Edges/Round-10_0171209_edge.png,64.56,62.799694,0.0024576783180236
1418,/tmp/DataSetCombined/Edges/Round-8_0067628_edge.png,65.33,63.113155,0.0024576783180236
1419,/tmp/DataSetCombined/Edges/Round-1_0169374_edge.png,3.5,2.7468607,0.0024576783180236
1420,/tmp/DataSetCombined/Edges/Round-5_0057707_edge.png,65.04,64.165825,0.0024576783180236
1421,/tmp/DataSetCombined/Edges/Round-8_0007791_edge.png,3.86,3.0415423,0.0024576783180236
1422,/tmp/DataSetCombined/Edges/Round-3_0002267_edge.png,54.48,52.54649,0.0024576783180236
1423,/tmp/DataSetCombined/Edges/Round-9_0016558_edge.png,5.79,5.75121,0.0024576783180236
1424,/tmp/DataSetCombined/Edges/Round-10_0148032_edge.png,65.06,63.085236,0.0024576783180236
1425,/tmp/DataSetCombined/Edges/Round-2_0077501_edge.png,8.46,8.891613,0.0024576783180236
1426,/tmp/DataSetCombined/Edges/Round-5_0006478_edge.png,64.49,62.959965,0.0024576783180236
1427,/tmp/DataSetCombined/Edges/Round-10_0148906_edge.png,7.64,8.047186,0.0024576783180236
1428,/tmp/DataSetCombined/Edges/Round-7_0032601_edge.png,8.11,8.525043,0.0024576783180236
1429,/tmp/DataSetCombined/Edges/Round-5_0070350_edge.png,7.23,7.4356904,0.0024576783180236
1430,/tmp/DataSetCombined/Edges/Round-10_0125969_edge.png,64.29,63.350155,0.0024576783180236
1431,/tmp/DataSetCombined/Edges/Round-1_0102434_edge.png,4.62,3.9298964,0.0024576783180236
1432,/tmp/DataSetCombined/Edges/Round-4_0033594_edge.png,4.59,3.624054,0.0024576783180236
1433,/tmp/DataSetCombined/Edges/Round-9_0135934_edge.png,65.37,63.995384,0.0024576783180236
1434,/tmp/DataSetCombined/Edges/Round-10_0074078_edge.png,30.93,31.57955,0.0024576783180236
1435,/tmp/DataSetCombined/Edges/Round-1_0023534_edge.png,3.25,2.5094833,0.0024576783180236
1436,/tmp/DataSetCombined/Edges/Round-6_0019567_edge.png,2.46,2.1845946,0.0024576783180236
1437,/tmp/DataSetCombined/Edges/Round-5_0027277_edge.png,4.81,3.96391,0.0024576783180236
1438,/tmp/DataSetCombined/Edges/Round-6_0008310_edge.png,64.68,62.91644,0.0024576783180236
1439,/tmp/DataSetCombined/Edges/Round-10_0190172_edge.png,64.31,62.4285,0.0024576783180236
1440,/tmp/DataSetCombined/Edges/Round-3_0062248_edge.png,3.72,2.885934,0.0024576783180236
1441,/tmp/DataSetCombined/Edges/Round-9_0122930_edge.png,34.54,34.949768,0.0024576783180236
1442,/tmp/DataSetCombined/Edges/Round-6_0096587_edge.png,5.44,5.1957026,0.0024576783180236
1443,/tmp/DataSetCombined/Edges/Round-10_0146618_edge.png,65.3,63.085323,0.0024576783180236
1444,/tmp/DataSetCombined/Edges/Round-3_0070646_edge.png,32.29,33.66984,0.0024576783180236
1445,/tmp/DataSetCombined/Edges/Round-1_0079738_edge.png,3.35,2.6098802,0.0024576783180236
1446,/tmp/DataSetCombined/Edges/Round-3_0032301_edge.png,5.71,5.6762195,0.0024576783180236
1447,/tmp/DataSetCombined/Edges/Round-9_0140961_edge.png,63.85,62.444904,0.0024576783180236
1448,/tmp/DataSetCombined/Edges/Round-1_0049200_edge.png,50.99,50.120598,0.0024576783180236
1449,/tmp/DataSetCombined/Edges/Round-8_0020625_edge.png,65.31,63.94691,0.0024576783180236
1450,/tmp/DataSetCombined/Edges/Round-1_0167388_edge.png,64.32,63.507507,0.0024576783180236
1451,/tmp/DataSetCombined/Edges/Round-10_0163775_edge.png,65.15,63.989502,0.0024576783180236
1452,/tmp/DataSetCombined/Edges/Round-2_0086371_edge.png,5.12,4.3387976,0.0024576783180236
1453,/tmp/DataSetCombined/Edges/Round-9_0073397_edge.png,57.91,55.842777,0.0024576783180236
1454,/tmp/DataSetCombined/Edges/Round-2_0072826_edge.png,4.17,3.2297843,0.0024576783180236
1455,/tmp/DataSetCombined/Edges/Round-2_0096635_edge.png,53.52,54.717754,0.0024576783180236
1456,/tmp/DataSetCombined/Edges/Round-9_0012856_edge.png,64.43,63.59212,0.0024576783180236
1457,/tmp/DataSetCombined/Edges/Round-5_0024026_edge.png,2.66,2.2456481,0.0024576783180236
1458,/tmp/DataSetCombined/Edges/Round-9_0197036_edge.png,49.85,52.874947,0.0024576783180236
1459,/tmp/DataSetCombined/Edges/Round-10_0137889_edge.png,62.12,60.584263,0.0024576783180236
1460,/tmp/DataSetCombined/Edges/Round-9_0169164_edge.png,29.17,30.55701,0.0024576783180236
1461,/tmp/DataSetCombined/Edges/Round-6_0008070_edge.png,64.87,63.08588,0.0024576783180236
1462,/tmp/DataSetCombined/Edges/Round-1_0146559_edge.png,10.28,10.754291,0.0024576783180236
1463,/tmp/DataSetCombined/Edges/Round-6_0095087_edge.png,58.27,58.197952,0.0024576783180236
1464,/tmp/DataSetCombined/Edges/Round-1_0025100_edge.png,62.44,62.385487,0.0024576783180236
1465,/tmp/DataSetCombined/Edges/Round-1_0080009_edge.png,35.53,36.625164,0.0024576783180236
1466,/tmp/DataSetCombined/Edges/Round-9_0189812_edge.png,2.8,2.24906,0.0024576783180236
1467,/tmp/DataSetCombined/Edges/Round-1_0103577_edge.png,55.38,51.785595,0.0024576783180236
1468,/tmp/DataSetCombined/Edges/Round-3_0034600_edge.png,3.06,2.3448434,0.0024576783180236
1469,/tmp/DataSetCombined/Edges/Round-9_0125700_edge.png,6.61,6.909861,0.0024576783180236
1470,/tmp/DataSetCombined/Edges/Round-9_0105924_edge.png,64.08,61.846874,0.0024576783180236
1471,/tmp/DataSetCombined/Edges/Round-10_0128107_edge.png,5.22,4.98747,0.0024576783180236
1472,/tmp/DataSetCombined/Edges/Round-7_0129763_edge.png,6.93,7.2043014,0.0024157986044883
1473,/tmp/DataSetCombined/Edges/Round-6_0028231_edge.png,9.22,9.528799,0.0024157986044883
1474,/tmp/DataSetCombined/Edges/Round-3_0017670_edge.png,9.17,9.779189,0.0024157986044883
1475,/tmp/DataSetCombined/Edges/Round-1_0020434_edge.png,63.24,59.76759,0.0024157986044883
1476,/tmp/DataSetCombined/Edges/Round-8_0015466_edge.png,7.09,7.188088,0.0024157986044883
1477,/tmp/DataSetCombined/Edges/Round-6_0110980_edge.png,2.48,2.1612313,0.0024157986044883
1478,/tmp/DataSetCombined/Edges/Round-9_0172053_edge.png,62.99,62.108982,0.0024157986044883
1479,/tmp/DataSetCombined/Edges/Round-6_0112153_edge.png,22.05,22.312971,0.0024157986044883
1480,/tmp/DataSetCombined/Edges/Round-1_0044334_edge.png,64.15,63.36913,0.0024157986044883
1481,/tmp/DataSetCombined/Edges/Round-6_0110438_edge.png,50.36,49.83912,0.0024157986044883
1482,/tmp/DataSetCombined/Edges/Round-9_0065440_edge.png,15.07,15.072672,0.0024157986044883
1483,/tmp/DataSetCombined/Edges/Round-1_0171407_edge.png,3.28,2.4773893,0.0024157986044883
1484,/tmp/DataSetCombined/Edges/Round-9_0004458_edge.png,3.57,2.653386,0.0024157986044883
1485,/tmp/DataSetCombined/Edges/Round-3_0072271_edge.png,4.32,3.5020204,0.0024157986044883
1486,/tmp/DataSetCombined/Edges/Round-10_0042977_edge.png,16.44,16.859896,0.0024157986044883
1487,/tmp/DataSetCombined/Edges/Round-6_0058065_edge.png,65.13,62.916225,0.0024157986044883
1488,/tmp/DataSetCombined/Edges/Round-8_0006053_edge.png,5.04,4.511151,0.0024157986044883
1489,/tmp/DataSetCombined/Edges/Round-9_0032903_edge.png,65.25,62.37788,0.0024157986044883
1490,/tmp/DataSetCombined/Edges/Round-1_0006667_edge.png,4.05,3.151933,0.0024157986044883
1491,/tmp/DataSetCombined/Edges/Round-9_0037816_edge.png,59.68,59.8091,0.0024157986044883
1492,/tmp/DataSetCombined/Edges/Round-10_0136776_edge.png,9.92,10.470546,0.0024157986044883
1493,/tmp/DataSetCombined/Edges/Round-5_0096089_edge.png,2.63,2.205031,0.0024157986044883
1494,/tmp/DataSetCombined/Edges/Round-10_0008009_edge.png,7.68,7.875094,0.0024157986044883
1495,/tmp/DataSetCombined/Edges/Round-1_0122720_edge.png,2.74,2.2379131,0.0024157986044883
1496,/tmp/DataSetCombined/Edges/Round-9_0077209_edge.png,59.81,60.75639,0.0024157986044883
1497,/tmp/DataSetCombined/Edges/Round-5_0093617_edge.png,64.43,63.16932,0.0024157986044883
1498,/tmp/DataSetCombined/Edges/Round-3_0015082_edge.png,65.08,63.80263,0.0024157986044883
1499,/tmp/DataSetCombined/Edges/Round-9_0037026_edge.png,2.62,2.226497,0.0024157986044883
1500,/tmp/DataSetCombined/Edges/Round-10_0111522_edge.png,7.52,7.9123783,0.0024157986044883
1501,/tmp/DataSetCombined/Edges/Round-7_0019147_edge.png,41.97,42.259247,0.0024157986044883
1502,/tmp/DataSetCombined/Edges/Round-10_0126451_edge.png,5.98,5.582582,0.0024157986044883
1503,/tmp/DataSetCombined/Edges/Round-10_0155166_edge.png,4.04,3.249791,0.0024157986044883
1504,/tmp/DataSetCombined/Edges/Round-10_0151283_edge.png,5.3,4.8237505,0.0024157986044883
1505,/tmp/DataSetCombined/Edges/Round-7_0036334_edge.png,7.66,7.9595985,0.0024157986044883
1506,/tmp/DataSetCombined/Edges/Round-1_0054434_edge.png,64.99,63.236237,0.0024157986044883
1507,/tmp/DataSetCombined/Edges/Round-5_0009247_edge.png,43.44,44.267258,0.0024157986044883
1508,/tmp/DataSetCombined/Edges/Round-8_0088789_edge.png,10.18,10.662576,0.0024157986044883
1509,/tmp/DataSetCombined/Edges/Round-6_0028537_edge.png,5.79,5.5350604,0.0024157986044883
1510,/tmp/DataSetCombined/Edges/Round-5_0024177_edge.png,63.62,61.466198,0.0024157986044883
1511,/tmp/DataSetCombined/Edges/Round-8_0061096_edge.png,63.97,63.444374,0.0024157986044883
1512,/tmp/DataSetCombined/Edges/Round-10_0047982_edge.png,3.3,2.5837893,0.0024157986044883
1513,/tmp/DataSetCombined/Edges/Round-6_0126962_edge.png,61.56,60.5936,0.0024157986044883
1514,/tmp/DataSetCombined/Edges/Round-1_0001834_edge.png,4.76,4.0472674,0.0024157986044883
1515,/tmp/DataSetCombined/Edges/Round-8_0087433_edge.png,65.2,62.7759,0.0024157986044883
1516,/tmp/DataSetCombined/Edges/Round-1_0009634_edge.png,6.56,6.750791,0.0024157986044883
1517,/tmp/DataSetCombined/Edges/Round-10_0161246_edge.png,17.4,18.13205,0.0024157986044883
1518,/tmp/DataSetCombined/Edges/Round-4_0083831_edge.png,4.82,4.035465,0.0024157986044883
1519,/tmp/DataSetCombined/Edges/Round-4_0002953_edge.png,65.25,63.923393,0.0024157986044883
1520,/tmp/DataSetCombined/Edges/Round-10_0141087_edge.png,64.35,63.60181,0.0024157986044883
1521,/tmp/DataSetCombined/Edges/Round-8_0035735_edge.png,63.44,62.748127,0.0024157986044883
1522,/tmp/DataSetCombined/Edges/Round-8_0048334_edge.png,61.69,62.26063,0.0024157986044883
1523,/tmp/DataSetCombined/Edges/Round-8_0019408_edge.png,65.4,63.983345,0.0024157986044883
1524,/tmp/DataSetCombined/Edges/Round-10_0045754_edge.png,5.87,5.4583306,0.0024157986044883
1525,/tmp/DataSetCombined/Edges/Round-3_0067154_edge.png,64.6,62.821636,0.0024157986044883
1526,/tmp/DataSetCombined/Edges/Round-3_0053701_edge.png,4.41,3.39488,0.0024157986044883
1527,/tmp/DataSetCombined/Edges/Round-9_0039073_edge.png,64.6,62.67272,0.0024157986044883
1528,/tmp/DataSetCombined/Edges/Round-2_0063967_edge.png,7.04,7.2607803,0.0024157986044883
1529,/tmp/DataSetCombined/Edges/Round-7_0050662_edge.png,35.39,36.730915,0.0024157986044883
1530,/tmp/DataSetCombined/Edges/Round-6_0123046_edge.png,5.55,5.3170466,0.0024157986044883
1531,/tmp/DataSetCombined/Edges/Round-5_0087085_edge.png,63.53,62.933083,0.0024157986044883
1532,/tmp/DataSetCombined/Edges/Round-2_0066776_edge.png,13.88,14.426787,0.0024157986044883
1533,/tmp/DataSetCombined/Edges/Round-10_0091475_edge.png,46.54,45.819416,0.0024157986044883
1534,/tmp/DataSetCombined/Edges/Round-9_0163324_edge.png,45.34,47.592712,0.0024157986044883
1535,/tmp/DataSetCombined/Edges/Round-6_0057432_edge.png,44.7,43.848465,0.0024157986044883
1536,/tmp/DataSetCombined/Edges/Round-6_0043586_edge.png,64.13,63.214893,0.0020396001636981
1537,/tmp/DataSetCombined/Edges/Round-10_0052256_edge.png,8.17,8.30333,0.0020396001636981
1538,/tmp/DataSetCombined/Edges/Round-1_0117212_edge.png,47.55,46.579636,0.0020396001636981
1539,/tmp/DataSetCombined/Edges/Round-9_0139907_edge.png,63.81,62.423313,0.0020396001636981
1540,/tmp/DataSetCombined/Edges/Round-9_0180602_edge.png,5.38,5.234676,0.0020396001636981
1541,/tmp/DataSetCombined/Edges/Round-1_0113871_edge.png,3.24,2.451688,0.0020396001636981
1542,/tmp/DataSetCombined/Edges/Round-1_0119262_edge.png,2.49,2.1712186,0.0020396001636981
1543,/tmp/DataSetCombined/Edges/Round-8_0038985_edge.png,55.0,50.913048,0.0020396001636981
1544,/tmp/DataSetCombined/Edges/Round-8_0010240_edge.png,8.71,9.0905905,0.0020396001636981
1545,/tmp/DataSetCombined/Edges/Round-10_0091114_edge.png,65.06,63.912804,0.0020396001636981
1546,/tmp/DataSetCombined/Edges/Round-7_0016107_edge.png,15.26,15.350751,0.0020396001636981
1547,/tmp/DataSetCombined/Edges/Round-8_0029113_edge.png,5.99,6.1317587,0.0020396001636981
1548,/tmp/DataSetCombined/Edges/Round-10_0083951_edge.png,64.33,62.54147,0.0020396001636981
1549,/tmp/DataSetCombined/Edges/Round-9_0083651_edge.png,9.7,10.291367,0.0020396001636981
1550,/tmp/DataSetCombined/Edges/Round-8_0009578_edge.png,58.13,59.105366,0.0020396001636981
1551,/tmp/DataSetCombined/Edges/Round-9_0170789_edge.png,5.17,4.8751187,0.0020396001636981
1552,/tmp/DataSetCombined/Edges/Round-8_0047353_edge.png,7.58,7.7912474,0.0020396001636981
1553,/tmp/DataSetCombined/Edges/Round-10_0046567_edge.png,8.5,8.964989,0.0020396001636981
1554,/tmp/DataSetCombined/Edges/Round-10_0053700_edge.png,63.95,63.523876,0.0020396001636981
1555,/tmp/DataSetCombined/Edges/Round-8_0016350_edge.png,34.48,35.463028,0.0020396001636981
1556,/tmp/DataSetCombined/Edges/Round-2_0067318_edge.png,62.85,58.697247,0.0020396001636981
1557,/tmp/DataSetCombined/Edges/Round-3_0070556_edge.png,12.54,12.716414,0.0020396001636981
1558,/tmp/DataSetCombined/Edges/Round-1_0114744_edge.png,65.31,61.860523,0.0020396001636981
1559,/tmp/DataSetCombined/Edges/Round-8_0003919_edge.png,50.96,50.363136,0.0020396001636981
1560,/tmp/DataSetCombined/Edges/Round-7_0023150_edge.png,6.92,7.2885017,0.0020396001636981
1561,/tmp/DataSetCombined/Edges/Round-4_0010448_edge.png,63.83,62.715565,0.0020396001636981
1562,/tmp/DataSetCombined/Edges/Round-8_0023051_edge.png,64.86,63.426334,0.0020396001636981
1563,/tmp/DataSetCombined/Edges/Round-3_0046295_edge.png,61.26,61.869358,0.0020396001636981
1564,/tmp/DataSetCombined/Edges/Round-8_0029763_edge.png,8.05,8.423804,0.0020396001636981
1565,/tmp/DataSetCombined/Edges/Round-1_0164830_edge.png,3.48,2.6151414,0.0020396001636981
1566,/tmp/DataSetCombined/Edges/Round-4_0059781_edge.png,64.52,62.345665,0.0020396001636981
1567,/tmp/DataSetCombined/Edges/Round-3_0032601_edge.png,5.98,5.7781467,0.0020396001636981
1568,/tmp/DataSetCombined/Edges/Round-8_0031912_edge.png,3.3,2.5918694,0.0020396001636981
1569,/tmp/DataSetCombined/Edges/Round-1_0128499_edge.png,9.36,9.901263,0.0020396001636981
1570,/tmp/DataSetCombined/Edges/Round-8_0043135_edge.png,61.18,60.267902,0.0020396001636981
1571,/tmp/DataSetCombined/Edges/Round-8_0041773_edge.png,3.99,3.0574899,0.0020396001636981
1572,/tmp/DataSetCombined/Edges/Round-1_0017400_edge.png,7.05,7.3756027,0.0020396001636981
1573,/tmp/DataSetCombined/Edges/Round-7_0017612_edge.png,2.51,2.224424,0.0020396001636981
1574,/tmp/DataSetCombined/Edges/Round-7_0016318_edge.png,7.01,7.562067,0.0020396001636981
1575,/tmp/DataSetCombined/Edges/Round-4_0077841_edge.png,56.61,56.808846,0.0020396001636981
1576,/tmp/DataSetCombined/Edges/Round-9_0090603_edge.png,7.9,8.352,0.0020396001636981
1577,/tmp/DataSetCombined/Edges/Round-2_0084467_edge.png,64.73,62.82369,0.0020396001636981
1578,/tmp/DataSetCombined/Edges/Round-2_0057601_edge.png,4.04,3.170516,0.0020396001636981
1579,/tmp/DataSetCombined/Edges/Round-8_0019589_edge.png,6.47,6.3604608,0.0020396001636981
1580,/tmp/DataSetCombined/Edges/Round-2_0071075_edge.png,63.19,62.505444,0.0020396001636981
1581,/tmp/DataSetCombined/Edges/Round-9_0008763_edge.png,60.15,60.50671,0.0020396001636981
1582,/tmp/DataSetCombined/Edges/Round-4_0051504_edge.png,3.78,2.8948295,0.0020396001636981
1583,/tmp/DataSetCombined/Edges/Round-10_0048252_edge.png,9.4,9.667966,0.0020396001636981
1584,/tmp/DataSetCombined/Edges/Round-3_0029048_edge.png,65.08,64.01938,0.0020396001636981
1585,/tmp/DataSetCombined/Edges/Round-10_0152487_edge.png,4.21,3.2696407,0.0020396001636981
1586,/tmp/DataSetCombined/Edges/Round-5_0090546_edge.png,5.53,5.131068,0.0020396001636981
1587,/tmp/DataSetCombined/Edges/Round-6_0082475_edge.png,63.85,63.018772,0.0020396001636981
1588,/tmp/DataSetCombined/Edges/Round-3_0081482_edge.png,2.8,2.259916,0.0020396001636981
1589,/tmp/DataSetCombined/Edges/Round-10_0044911_edge.png,62.38,60.28583,0.0020396001636981
1590,/tmp/DataSetCombined/Edges/Round-6_0072001_edge.png,4.86,4.017742,0.0020396001636981
1591,/tmp/DataSetCombined/Edges/Round-6_0044670_edge.png,61.98,61.1731,0.0020396001636981
1592,/tmp/DataSetCombined/Edges/Round-5_0067189_edge.png,39.19,39.74709,0.0020396001636981
1593,/tmp/DataSetCombined/Edges/Round-4_0008582_edge.png,9.93,10.434255,0.0020396001636981
1594,/tmp/DataSetCombined/Edges/Round-6_0001334_edge.png,47.71,47.34773,0.0020396001636981
1595,/tmp/DataSetCombined/Edges/Round-9_0194477_edge.png,6.18,6.2244425,0.0020396001636981
1596,/tmp/DataSetCombined/Edges/Round-2_0081314_edge.png,7.97,8.410923,0.0020396001636981
1597,/tmp/DataSetCombined/Edges/Round-5_0097379_edge.png,65.2,62.75184,0.0020396001636981
1598,/tmp/DataSetCombined/Edges/Round-4_0076577_edge.png,4.35,3.551412,0.0020396001636981
1599,/tmp/DataSetCombined/Edges/Round-4_0001087_edge.png,8.38,8.810558,0.0020396001636981
1600,/tmp/DataSetCombined/Edges/Round-6_0091385_edge.png,59.16,59.013863,0.0021595284342765
1601,/tmp/DataSetCombined/Edges/Round-6_0069953_edge.png,52.34,49.597668,0.0021595284342765
1602,/tmp/DataSetCombined/Edges/Round-9_0180662_edge.png,65.38,62.599392,0.0021595284342765
1603,/tmp/DataSetCombined/Edges/Round-4_0051384_edge.png,7.05,7.347175,0.0021595284342765
1604,/tmp/DataSetCombined/Edges/Round-5_0015779_edge.png,6.61,6.8289537,0.0021595284342765
1605,/tmp/DataSetCombined/Edges/Round-6_0088917_edge.png,11.33,11.63147,0.0021595284342765
1606,/tmp/DataSetCombined/Edges/Round-10_0015383_edge.png,13.72,14.054969,0.0021595284342765
1607,/tmp/DataSetCombined/Edges/Round-8_0067207_edge.png,12.29,12.748234,0.0021595284342765
1608,/tmp/DataSetCombined/Edges/Round-9_0145806_edge.png,5.46,5.2099733,0.0021595284342765
1609,/tmp/DataSetCombined/Edges/Round-6_0104628_edge.png,9.86,10.391832,0.0021595284342765
1610,/tmp/DataSetCombined/Edges/Round-9_0164769_edge.png,62.86,62.541546,0.0021595284342765
1611,/tmp/DataSetCombined/Edges/Round-9_0033144_edge.png,3.12,2.3942072,0.0021595284342765
1612,/tmp/DataSetCombined/Edges/Round-10_0040035_edge.png,64.67,63.401154,0.0021595284342765
1613,/tmp/DataSetCombined/Edges/Round-2_0055867_edge.png,3.14,2.4124703,0.0021595284342765
1614,/tmp/DataSetCombined/Edges/Round-6_0009634_edge.png,63.67,60.273205,0.0021595284342765
1615,/tmp/DataSetCombined/Edges/Round-10_0101198_edge.png,2.73,2.2452083,0.0021595284342765
1616,/tmp/DataSetCombined/Edges/Round-8_0001091_edge.png,4.97,4.435962,0.0021595284342765
1617,/tmp/DataSetCombined/Edges/Round-1_0087354_edge.png,3.7,2.86069,0.0021595284342765
1618,/tmp/DataSetCombined/Edges/Round-9_0151796_edge.png,64.39,64.057655,0.0021595284342765
1619,/tmp/DataSetCombined/Edges/Round-5_0117726_edge.png,3.72,2.8927417,0.0021595284342765
1620,/tmp/DataSetCombined/Edges/Round-10_0085636_edge.png,5.1,4.6633215,0.0021595284342765
1621,/tmp/DataSetCombined/Edges/Round-9_0138763_edge.png,2.75,2.261967,0.0021595284342765
1622,/tmp/DataSetCombined/Edges/Round-10_0061436_edge.png,8.27,8.632572,0.0021595284342765
1623,/tmp/DataSetCombined/Edges/Round-2_0094950_edge.png,49.14,46.439533,0.0021595284342765
1624,/tmp/DataSetCombined/Edges/Round-9_0195651_edge.png,6.05,6.1681366,0.0021595284342765
1625,/tmp/DataSetCombined/Edges/Round-4_0037327_edge.png,4.01,3.1809552,0.0021595284342765
1626,/tmp/DataSetCombined/Edges/Round-6_0079134_edge.png,65.24,63.90707,0.0021595284342765
1627,/tmp/DataSetCombined/Edges/Round-8_0013611_edge.png,9.81,10.109109,0.0021595284342765
1628,/tmp/DataSetCombined/Edges/Round-5_0073871_edge.png,64.26,63.01687,0.0021595284342765
1629,/tmp/DataSetCombined/Edges/Round-9_0179579_edge.png,65.36,63.8477,0.0021595284342765
1630,/tmp/DataSetCombined/Edges/Round-5_0110021_edge.png,3.8,2.995947,0.0021595284342765
1631,/tmp/DataSetCombined/Edges/Round-9_0016348_edge.png,2.67,2.2433527,0.0021595284342765
1632,/tmp/DataSetCombined/Edges/Round-7_0132910_edge.png,6.76,6.9953113,0.0021595284342765
1633,/tmp/DataSetCombined/Edges/Round-2_0109367_edge.png,59.14,56.58514,0.0021595284342765
1634,/tmp/DataSetCombined/Edges/Round-8_0037137_edge.png,65.21,62.91033,0.0021595284342765
1635,/tmp/DataSetCombined/Edges/Round-3_0005934_edge.png,3.48,2.6038008,0.0021595284342765
1636,/tmp/DataSetCombined/Edges/Round-6_0044339_edge.png,3.0,2.3566487,0.0021595284342765
1637,/tmp/DataSetCombined/Edges/Round-10_0188457_edge.png,5.17,4.8899355,0.0021595284342765
1638,/tmp/DataSetCombined/Edges/Round-9_0085848_edge.png,65.4,63.796474,0.0021595284342765
1639,/tmp/DataSetCombined/Edges/Round-1_0142557_edge.png,4.13,3.116564,0.0021595284342765
1640,/tmp/DataSetCombined/Edges/Round-1_0102765_edge.png,62.06,62.3781,0.0021595284342765
1641,/tmp/DataSetCombined/Edges/Round-8_0006556_edge.png,43.47,43.94375,0.0021595284342765
1642,/tmp/DataSetCombined/Edges/Round-3_0041780_edge.png,4.74,3.7700098,0.0021595284342765
1643,/tmp/DataSetCombined/Edges/Round-9_0186351_edge.png,61.17,61.630436,0.0021595284342765
1644,/tmp/DataSetCombined/Edges/Round-8_0043771_edge.png,6.53,6.548401,0.0021595284342765
1645,/tmp/DataSetCombined/Edges/Round-2_0101060_edge.png,62.53,61.75173,0.0021595284342765
1646,/tmp/DataSetCombined/Edges/Round-6_0082355_edge.png,26.61,28.639633,0.0021595284342765
1647,/tmp/DataSetCombined/Edges/Round-8_0015658_edge.png,33.0,34.941772,0.0021595284342765
1648,/tmp/DataSetCombined/Edges/Round-9_0178916_edge.png,4.47,3.7286894,0.0021595284342765
1649,/tmp/DataSetCombined/Edges/Round-10_0088465_edge.png,4.19,3.2759912,0.0021595284342765
1650,/tmp/DataSetCombined/Edges/Round-9_0186471_edge.png,64.62,62.88461,0.0021595284342765
1651,/tmp/DataSetCombined/Edges/Round-9_0004308_edge.png,5.33,4.9632263,0.0021595284342765
1652,/tmp/DataSetCombined/Edges/Round-2_0075499_edge.png,64.91,62.92649,0.0021595284342765
1653,/tmp/DataSetCombined/Edges/Round-5_0088499_edge.png,64.97,63.34944,0.0021595284342765
1654,/tmp/DataSetCombined/Edges/Round-7_0034498_edge.png,65.32,63.961315,0.0021595284342765
1655,/tmp/DataSetCombined/Edges/Round-6_0079585_edge.png,10.1,10.646529,0.0021595284342765
1656,/tmp/DataSetCombined/Edges/Round-9_0017100_edge.png,64.16,62.7972,0.0021595284342765
1657,/tmp/DataSetCombined/Edges/Round-10_0026058_edge.png,8.64,9.2105055,0.0021595284342765
1658,/tmp/DataSetCombined/Edges/Round-9_0047020_edge.png,47.64,47.783855,0.0021595284342765
1659,/tmp/DataSetCombined/Edges/Round-9_0128860_edge.png,64.13,63.604847,0.0021595284342765
1660,/tmp/DataSetCombined/Edges/Round-8_0042916_edge.png,6.69,6.966418,0.0021595284342765
1661,/tmp/DataSetCombined/Edges/Round-10_0058486_edge.png,65.16,62.347294,0.0021595284342765
1662,/tmp/DataSetCombined/Edges/Round-10_0103666_edge.png,5.17,4.6282063,0.0021595284342765
1663,/tmp/DataSetCombined/Edges/Round-6_0018303_edge.png,4.03,3.054598,0.0021595284342765
1664,/tmp/DataSetCombined/Edges/Round-10_0070737_edge.png,6.81,7.119782,0.0026275180280208
1665,/tmp/DataSetCombined/Edges/Round-9_0116550_edge.png,7.22,7.611003,0.0026275180280208
1666,/tmp/DataSetCombined/Edges/Round-10_0139575_edge.png,65.29,62.996517,0.0026275180280208
1667,/tmp/DataSetCombined/Edges/Round-9_0177832_edge.png,64.34,63.140453,0.0026275180280208
1668,/tmp/DataSetCombined/Edges/Round-8_0006576_edge.png,42.98,42.679146,0.0026275180280208
1669,/tmp/DataSetCombined/Edges/Round-6_0021885_edge.png,7.83,8.12503,0.0026275180280208
1670,/tmp/DataSetCombined/Edges/Round-1_0010200_edge.png,6.05,5.755193,0.0026275180280208
1671,/tmp/DataSetCombined/Edges/Round-5_0118840_edge.png,10.61,11.125952,0.0026275180280208
1672,/tmp/DataSetCombined/Edges/Round-5_0107221_edge.png,38.34,38.79192,0.0026275180280208
1673,/tmp/DataSetCombined/Edges/Round-1_0108423_edge.png,19.43,19.41093,0.0026275180280208
1674,/tmp/DataSetCombined/Edges/Round-5_0039226_edge.png,37.61,38.394115,0.0026275180280208
1675,/tmp/DataSetCombined/Edges/Round-2_0062923_edge.png,6.09,5.821084,0.0026275180280208
1676,/tmp/DataSetCombined/Edges/Round-10_0029590_edge.png,3.88,2.9679937,0.0026275180280208
1677,/tmp/DataSetCombined/Edges/Round-9_0108933_edge.png,64.73,62.817898,0.0026275180280208
1678,/tmp/DataSetCombined/Edges/Round-9_0174582_edge.png,8.56,9.0551,0.0026275180280208
1679,/tmp/DataSetCombined/Edges/Round-4_0046478_edge.png,7.41,7.670316,0.0026275180280208
1680,/tmp/DataSetCombined/Edges/Round-6_0073054_edge.png,6.15,6.225673,0.0026275180280208
1681,/tmp/DataSetCombined/Edges/Round-5_0057076_edge.png,8.78,9.270617,0.0026275180280208
1682,/tmp/DataSetCombined/Edges/Round-9_0054033_edge.png,65.19,63.910473,0.0026275180280208
1683,/tmp/DataSetCombined/Edges/Round-7_0129131_edge.png,40.2,40.74294,0.0026275180280208
1684,/tmp/DataSetCombined/Edges/Round-2_0102384_edge.png,49.27,46.76928,0.0026275180280208
1685,/tmp/DataSetCombined/Edges/Round-9_0051625_edge.png,12.0,12.21205,0.0026275180280208
1686,/tmp/DataSetCombined/Edges/Round-6_0129671_edge.png,8.72,9.229827,0.0026275180280208
1687,/tmp/DataSetCombined/Edges/Round-5_0078235_edge.png,64.27,63.070858,0.0026275180280208
1688,/tmp/DataSetCombined/Edges/Round-10_0062640_edge.png,48.4,47.65019,0.0026275180280208
1689,/tmp/DataSetCombined/Edges/Round-10_0080669_edge.png,5.49,5.3729,0.0026275180280208
1690,/tmp/DataSetCombined/Edges/Round-6_0046506_edge.png,56.82,56.600094,0.0026275180280208
1691,/tmp/DataSetCombined/Edges/Round-4_0064838_edge.png,5.84,5.3760166,0.0026275180280208
1692,/tmp/DataSetCombined/Edges/Round-10_0000063_edge.png,62.79,61.435852,0.0026275180280208
1693,/tmp/DataSetCombined/Edges/Round-1_0090694_edge.png,50.24,52.820084,0.0026275180280208
1694,/tmp/DataSetCombined/Edges/Round-6_0041600_edge.png,65.22,63.93126,0.0026275180280208
1695,/tmp/DataSetCombined/Edges/Round-5_0079049_edge.png,65.26,64.09348,0.0026275180280208
1696,/tmp/DataSetCombined/Edges/Round-3_0056800_edge.png,38.95,40.156124,0.0026275180280208
1697,/tmp/DataSetCombined/Edges/Round-8_0085959_edge.png,65.34,63.821487,0.0026275180280208
1698,/tmp/DataSetCombined/Edges/Round-8_0037179_edge.png,3.38,2.5510402,0.0026275180280208
1699,/tmp/DataSetCombined/Edges/Round-8_0062090_edge.png,62.33,62.17022,0.0026275180280208
1700,/tmp/DataSetCombined/Edges/Round-8_0014262_edge.png,6.74,6.5281677,0.0026275180280208
1701,/tmp/DataSetCombined/Edges/Round-5_0096867_edge.png,65.18,64.011505,0.0026275180280208
1702,/tmp/DataSetCombined/Edges/Round-4_0030163_edge.png,18.6,18.857508,0.0026275180280208
1703,/tmp/DataSetCombined/Edges/Round-8_0013660_edge.png,64.2,63.458336,0.0026275180280208
1704,/tmp/DataSetCombined/Edges/Round-1_0044734_edge.png,5.74,5.695515,0.0026275180280208
1705,/tmp/DataSetCombined/Edges/Round-9_0040247_edge.png,6.06,6.1719575,0.0026275180280208
1706,/tmp/DataSetCombined/Edges/Round-10_0195109_edge.png,12.08,12.817248,0.0026275180280208
1707,/tmp/DataSetCombined/Edges/Round-4_0000304_edge.png,3.64,2.8424091,0.0026275180280208
1708,/tmp/DataSetCombined/Edges/Round-4_0016257_edge.png,63.98,63.389294,0.0026275180280208
1709,/tmp/DataSetCombined/Edges/Round-2_0054600_edge.png,25.22,25.72147,0.0026275180280208
1710,/tmp/DataSetCombined/Edges/Round-9_0141532_edge.png,57.7,56.395123,0.0026275180280208
1711,/tmp/DataSetCombined/Edges/Round-1_0067834_edge.png,16.95,17.853456,0.0026275180280208
1712,/tmp/DataSetCombined/Edges/Round-9_0047200_edge.png,6.02,5.7576604,0.0026275180280208
1713,/tmp/DataSetCombined/Edges/Round-6_0116758_edge.png,5.27,4.797264,0.0026275180280208
1714,/tmp/DataSetCombined/Edges/Round-4_0037387_edge.png,3.93,3.1395729,0.0026275180280208
1715,/tmp/DataSetCombined/Edges/Round-8_0053162_edge.png,65.02,63.010204,0.0026275180280208
1716,/tmp/DataSetCombined/Edges/Round-3_0016707_edge.png,3.78,2.960087,0.0026275180280208
1717,/tmp/DataSetCombined/Edges/Round-10_0197296_edge.png,40.31,39.197384,0.0026275180280208
1718,/tmp/DataSetCombined/Edges/Round-9_0005000_edge.png,56.91,56.94283,0.0026275180280208
1719,/tmp/DataSetCombined/Edges/Round-4_0075975_edge.png,5.73,5.6995068,0.0026275180280208
1720,/tmp/DataSetCombined/Edges/Round-6_0130966_edge.png,21.57,21.969648,0.0026275180280208
1721,/tmp/DataSetCombined/Edges/Round-1_0011800_edge.png,3.36,2.6249237,0.0026275180280208
1722,/tmp/DataSetCombined/Edges/Round-10_0054363_edge.png,5.95,5.9635553,0.0026275180280208
1723,/tmp/DataSetCombined/Edges/Round-9_0134398_edge.png,7.55,7.925384,0.0026275180280208
1724,/tmp/DataSetCombined/Edges/Round-7_0071762_edge.png,63.82,63.21595,0.0026275180280208
1725,/tmp/DataSetCombined/Edges/Round-7_0015987_edge.png,65.2,63.036785,0.0026275180280208
1726,/tmp/DataSetCombined/Edges/Round-4_0002505_edge.png,36.44,37.207203,0.0026275180280208
1727,/tmp/DataSetCombined/Edges/Round-6_0122929_edge.png,3.41,2.5778816,0.0026275180280208
1728,/tmp/DataSetCombined/Edges/Round-10_0056740_edge.png,11.02,11.5320425,0.0026024878025054
1729,/tmp/DataSetCombined/Edges/Round-10_0044731_edge.png,7.25,7.584077,0.0026024878025054
1730,/tmp/DataSetCombined/Edges/Round-3_0081422_edge.png,63.97,63.537167,0.0026024878025054
1731,/tmp/DataSetCombined/Edges/Round-1_0161340_edge.png,55.74,54.670246,0.0026024878025054
1732,/tmp/DataSetCombined/Edges/Round-8_0076448_edge.png,61.14,62.0683,0.0026024878025054
1733,/tmp/DataSetCombined/Edges/Round-6_0067305_edge.png,6.1,6.2858887,0.0026024878025054
1734,/tmp/DataSetCombined/Edges/Round-6_0095538_edge.png,32.83,33.947056,0.0026024878025054
1735,/tmp/DataSetCombined/Edges/Round-9_0196645_edge.png,7.44,7.6608596,0.0026024878025054
1736,/tmp/DataSetCombined/Edges/Round-4_0069202_edge.png,5.89,5.5823345,0.0026024878025054
1737,/tmp/DataSetCombined/Edges/Round-9_0198360_edge.png,11.92,12.35188,0.0026024878025054
1738,/tmp/DataSetCombined/Edges/Round-4_0031578_edge.png,64.51,63.23151,0.0026024878025054
1739,/tmp/DataSetCombined/Edges/Round-1_0098038_edge.png,3.59,2.7699854,0.0026024878025054
1740,/tmp/DataSetCombined/Edges/Round-8_0023845_edge.png,64.61,62.899086,0.0026024878025054
1741,/tmp/DataSetCombined/Edges/Round-7_0005031_edge.png,64.19,63.18646,0.0026024878025054
1742,/tmp/DataSetCombined/Edges/Round-1_0026167_edge.png,3.36,2.4773989,0.0026024878025054
1743,/tmp/DataSetCombined/Edges/Round-8_0071240_edge.png,65.27,63.93443,0.0026024878025054
1744,/tmp/DataSetCombined/Edges/Round-2_0111865_edge.png,6.5,6.274503,0.0026024878025054
1745,/tmp/DataSetCombined/Edges/Round-8_0074172_edge.png,64.65,63.049675,0.0026024878025054
1746,/tmp/DataSetCombined/Edges/Round-6_0009233_edge.png,42.02,42.43671,0.0026024878025054
1747,/tmp/DataSetCombined/Edges/Round-7_0130245_edge.png,9.99,10.579222,0.0026024878025054
1748,/tmp/DataSetCombined/Edges/Round-6_0047440_edge.png,44.17,44.896145,0.0026024878025054
1749,/tmp/DataSetCombined/Edges/Round-7_0009395_edge.png,62.76,62.774303,0.0026024878025054
1750,/tmp/DataSetCombined/Edges/Round-1_0079257_edge.png,57.39,55.8689,0.0026024878025054
1751,/tmp/DataSetCombined/Edges/Round-8_0018776_edge.png,8.51,8.754664,0.0026024878025054
1752,/tmp/DataSetCombined/Edges/Round-6_0021253_edge.png,23.8,24.649055,0.0026024878025054
1753,/tmp/DataSetCombined/Edges/Round-4_0087864_edge.png,3.24,2.4602642,0.0026024878025054
1754,/tmp/DataSetCombined/Edges/Round-6_0052887_edge.png,13.16,13.360393,0.0026024878025054
1755,/tmp/DataSetCombined/Edges/Round-9_0062852_edge.png,55.82,54.912334,0.0026024878025054
1756,/tmp/DataSetCombined/Edges/Round-9_0074690_edge.png,36.08,36.854218,0.0026024878025054
1757,/tmp/DataSetCombined/Edges/Round-6_0073897_edge.png,65.09,64.07613,0.0026024878025054
1758,/tmp/DataSetCombined/Edges/Round-8_0022319_edge.png,63.12,59.484734,0.0026024878025054
1759,/tmp/DataSetCombined/Edges/Round-4_0036407_edge.png,7.6,7.75528,0.0026024878025054
1760,/tmp/DataSetCombined/Edges/Round-8_0005940_edge.png,8.36,8.618796,0.0026024878025054
1761,/tmp/DataSetCombined/Edges/Round-7_0110199_edge.png,8.58,9.075928,0.0026024878025054
1762,/tmp/DataSetCombined/Edges/Round-6_0049125_edge.png,11.69,12.1652775,0.0026024878025054
1763,/tmp/DataSetCombined/Edges/Round-7_0067969_edge.png,64.59,63.775875,0.0026024878025054
1764,/tmp/DataSetCombined/Edges/Round-10_0169253_edge.png,64.49,63.26433,0.0026024878025054
1765,/tmp/DataSetCombined/Edges/Round-2_0098622_edge.png,64.83,63.256954,0.0026024878025054
1766,/tmp/DataSetCombined/Edges/Round-3_0006367_edge.png,64.62,63.975716,0.0026024878025054
1767,/tmp/DataSetCombined/Edges/Round-9_0029442_edge.png,6.22,6.431202,0.0026024878025054
1768,/tmp/DataSetCombined/Edges/Round-7_0060263_edge.png,64.32,63.584007,0.0026024878025054
1769,/tmp/DataSetCombined/Edges/Round-1_0048167_edge.png,3.32,2.6095197,0.0026024878025054
1770,/tmp/DataSetCombined/Edges/Round-9_0130937_edge.png,4.06,3.100873,0.0026024878025054
1771,/tmp/DataSetCombined/Edges/Round-8_0041623_edge.png,65.03,62.98431,0.0026024878025054
1772,/tmp/DataSetCombined/Edges/Round-2_0082910_edge.png,61.85,60.877056,0.0026024878025054
1773,/tmp/DataSetCombined/Edges/Round-6_0079014_edge.png,4.13,3.1852007,0.0026024878025054
1774,/tmp/DataSetCombined/Edges/Round-8_0011944_edge.png,39.36,40.537537,0.0026024878025054
1775,/tmp/DataSetCombined/Edges/Round-6_0092318_edge.png,63.94,63.784473,0.0026024878025054
1776,/tmp/DataSetCombined/Edges/Round-5_0116432_edge.png,7.79,7.9738855,0.0026024878025054
1777,/tmp/DataSetCombined/Edges/Round-9_0131238_edge.png,6.77,7.166956,0.0026024878025054
1778,/tmp/DataSetCombined/Edges/Round-10_0014751_edge.png,3.26,2.4691443,0.0026024878025054
1779,/tmp/DataSetCombined/Edges/Round-8_0063415_edge.png,63.85,63.48571,0.0026024878025054
1780,/tmp/DataSetCombined/Edges/Round-9_0110800_edge.png,61.93,62.093197,0.0026024878025054
1781,/tmp/DataSetCombined/Edges/Round-6_0031998_edge.png,64.02,63.65913,0.0026024878025054
1782,/tmp/DataSetCombined/Edges/Round-1_0078896_edge.png,5.88,5.91343,0.0026024878025054
1783,/tmp/DataSetCombined/Edges/Round-6_0027784_edge.png,8.27,8.492145,0.0026024878025054
1784,/tmp/DataSetCombined/Edges/Round-7_0087534_edge.png,24.88,26.467764,0.0026024878025054
1785,/tmp/DataSetCombined/Edges/Round-8_0026042_edge.png,9.83,10.459258,0.0026024878025054
1786,/tmp/DataSetCombined/Edges/Round-6_0086719_edge.png,4.88,3.9653146,0.0026024878025054
1787,/tmp/DataSetCombined/Edges/Round-5_0108636_edge.png,64.97,62.637497,0.0026024878025054
1788,/tmp/DataSetCombined/Edges/Round-9_0080550_edge.png,65.45,64.16021,0.0026024878025054
1789,/tmp/DataSetCombined/Edges/Round-2_0069567_edge.png,64.58,62.794903,0.0026024878025054
1790,/tmp/DataSetCombined/Edges/Round-10_0090580_edge.png,4.08,3.0779524,0.0026024878025054
1791,/tmp/DataSetCombined/Edges/Round-9_0121425_edge.png,2.68,2.2502525,0.0026024878025054
1792,/tmp/DataSetCombined/Edges/Round-4_0090182_edge.png,63.98,63.309036,0.0020713061094284
1793,/tmp/DataSetCombined/Edges/Round-5_0050062_edge.png,63.7,62.177547,0.0020713061094284
1794,/tmp/DataSetCombined/Edges/Round-5_0030949_edge.png,63.31,62.351074,0.0020713061094284
1795,/tmp/DataSetCombined/Edges/Round-3_0013095_edge.png,58.38,56.682125,0.0020713061094284
1796,/tmp/DataSetCombined/Edges/Round-8_0066003_edge.png,4.61,3.64027,0.0020713061094284
1797,/tmp/DataSetCombined/Edges/Round-5_0103369_edge.png,61.59,62.74104,0.0020713061094284
1798,/tmp/DataSetCombined/Edges/Round-9_0028960_edge.png,5.69,5.237241,0.0020713061094284
1799,/tmp/DataSetCombined/Edges/Round-9_0051233_edge.png,5.6,5.497483,0.0020713061094284
1800,/tmp/DataSetCombined/Edges/Round-2_0073068_edge.png,3.31,2.624389,0.0020713061094284
1801,/tmp/DataSetCombined/Edges/Round-7_0010779_edge.png,60.86,61.452023,0.0020713061094284
1802,/tmp/DataSetCombined/Edges/Round-9_0044130_edge.png,5.88,5.4709406,0.0020713061094284
1803,/tmp/DataSetCombined/Edges/Round-7_0125700_edge.png,4.14,3.1556807,0.0020713061094284
1804,/tmp/DataSetCombined/Edges/Round-3_0040907_edge.png,2.73,2.2288604,0.0020713061094284
1805,/tmp/DataSetCombined/Edges/Round-8_0032545_edge.png,7.36,7.419073,0.0020713061094284
1806,/tmp/DataSetCombined/Edges/Round-9_0029501_edge.png,60.14,60.939724,0.0020713061094284
1807,/tmp/DataSetCombined/Edges/Round-9_0131906_edge.png,6.33,6.1163783,0.0020713061094284
1808,/tmp/DataSetCombined/Edges/Round-1_0017467_edge.png,63.98,62.891438,0.0020713061094284
1809,/tmp/DataSetCombined/Edges/Round-5_0018991_edge.png,3.24,2.4580524,0.0020713061094284
1810,/tmp/DataSetCombined/Edges/Round-8_0042947_edge.png,5.79,5.9585524,0.0020713061094284
1811,/tmp/DataSetCombined/Edges/Round-9_0009876_edge.png,6.33,6.43758,0.0020713061094284
1812,/tmp/DataSetCombined/Edges/Round-4_0018514_edge.png,43.51,43.09585,0.0020713061094284
1813,/tmp/DataSetCombined/Edges/Round-7_0065381_edge.png,65.46,63.912975,0.0020713061094284
1814,/tmp/DataSetCombined/Edges/Round-1_0049909_edge.png,65.12,64.008095,0.0020713061094284
1815,/tmp/DataSetCombined/Edges/Round-2_0092752_edge.png,65.11,62.690254,0.0020713061094284
1816,/tmp/DataSetCombined/Edges/Round-10_0111251_edge.png,64.26,63.453857,0.0020713061094284
1817,/tmp/DataSetCombined/Edges/Round-10_0145565_edge.png,64.06,63.251328,0.0020713061094284
1818,/tmp/DataSetCombined/Edges/Round-8_0041213_edge.png,2.94,2.3122194,0.0020713061094284
1819,/tmp/DataSetCombined/Edges/Round-1_0154866_edge.png,64.62,63.892406,0.0020713061094284
1820,/tmp/DataSetCombined/Edges/Round-5_0084402_edge.png,11.98,12.196934,0.0020713061094284
1821,/tmp/DataSetCombined/Edges/Round-9_0194718_edge.png,65.35,63.790363,0.0020713061094284
1822,/tmp/DataSetCombined/Edges/Round-1_0037734_edge.png,4.15,3.3126986,0.0020713061094284
1823,/tmp/DataSetCombined/Edges/Round-5_0119923_edge.png,4.31,3.3234248,0.0020713061094284
1824,/tmp/DataSetCombined/Edges/Round-9_0090965_edge.png,3.51,2.624568,0.0020713061094284
1825,/tmp/DataSetCombined/Edges/Round-5_0090817_edge.png,4.02,3.132564,0.0020713061094284
1826,/tmp/DataSetCombined/Edges/Round-10_0006444_edge.png,59.03,58.351604,0.0020713061094284
1827,/tmp/DataSetCombined/Edges/Round-6_0054121_edge.png,4.05,3.136145,0.0020713061094284
1828,/tmp/DataSetCombined/Edges/Round-4_0068571_edge.png,23.01,23.069292,0.0020713061094284
1829,/tmp/DataSetCombined/Edges/Round-6_0032179_edge.png,3.65,2.8491354,0.0020713061094284
1830,/tmp/DataSetCombined/Edges/Round-1_0096446_edge.png,8.57,9.068714,0.0020713061094284
1831,/tmp/DataSetCombined/Edges/Round-8_0041050_edge.png,8.06,8.209397,0.0020713061094284
1832,/tmp/DataSetCombined/Edges/Round-6_0129551_edge.png,23.02,22.545006,0.0020713061094284
1833,/tmp/DataSetCombined/Edges/Round-5_0023966_edge.png,5.56,5.4358616,0.0020713061094284
1834,/tmp/DataSetCombined/Edges/Round-6_0082686_edge.png,65.39,64.12023,0.0020713061094284
1835,/tmp/DataSetCombined/Edges/Round-9_0133044_edge.png,3.38,2.5078583,0.0020713061094284
1836,/tmp/DataSetCombined/Edges/Round-5_0003788_edge.png,63.76,62.357098,0.0020713061094284
1837,/tmp/DataSetCombined/Edges/Round-6_0054031_edge.png,51.71,51.247566,0.0020713061094284
1838,/tmp/DataSetCombined/Edges/Round-3_0088555_edge.png,64.55,62.455986,0.0020713061094284
1839,/tmp/DataSetCombined/Edges/Round-1_0046634_edge.png,5.38,5.123322,0.0020713061094284
1840,/tmp/DataSetCombined/Edges/Round-8_0056853_edge.png,62.22,61.489582,0.0020713061094284
1841,/tmp/DataSetCombined/Edges/Round-2_0103022_edge.png,48.68,48.053,0.0020713061094284
1842,/tmp/DataSetCombined/Edges/Round-7_0067306_edge.png,43.75,43.978207,0.0020713061094284
1843,/tmp/DataSetCombined/Edges/Round-8_0054595_edge.png,5.17,5.0091047,0.0020713061094284
1844,/tmp/DataSetCombined/Edges/Round-7_0102674_edge.png,8.46,8.864334,0.0020713061094284
1845,/tmp/DataSetCombined/Edges/Round-10_0079556_edge.png,3.8,2.8634424,0.0020713061094284
1846,/tmp/DataSetCombined/Edges/Round-8_0070229_edge.png,4.58,3.6532767,0.0020713061094284
1847,/tmp/DataSetCombined/Edges/Round-9_0050932_edge.png,57.72,56.644337,0.0020713061094284
1848,/tmp/DataSetCombined/Edges/Round-5_0006147_edge.png,7.67,8.142398,0.0020713061094284
1849,/tmp/DataSetCombined/Edges/Round-10_0118475_edge.png,63.49,63.534122,0.0020713061094284
1850,/tmp/DataSetCombined/Edges/Round-9_0002532_edge.png,24.96,25.708763,0.0020713061094284
1851,/tmp/DataSetCombined/Edges/Round-7_0069270_edge.png,13.95,14.615237,0.0020713061094284
1852,/tmp/DataSetCombined/Edges/Round-4_0050239_edge.png,64.95,61.932575,0.0020713061094284
1853,/tmp/DataSetCombined/Edges/Round-8_0085929_edge.png,38.49,38.844894,0.0020713061094284
1854,/tmp/DataSetCombined/Edges/Round-1_0068900_edge.png,63.83,62.62309,0.0020713061094284
1855,/tmp/DataSetCombined/Edges/Round-10_0023932_edge.png,3.44,2.6055975,0.0020713061094284
1856,/tmp/DataSetCombined/Edges/Round-10_0055867_edge.png,64.67,62.90633,0.0023274905979633
1857,/tmp/DataSetCombined/Edges/Round-7_0092590_edge.png,64.96,62.59707,0.0023274905979633
1858,/tmp/DataSetCombined/Edges/Round-6_0016587_edge.png,4.53,3.8555791,0.0023274905979633
1859,/tmp/DataSetCombined/Edges/Round-7_0088844_edge.png,62.33,62.381832,0.0023274905979633
1860,/tmp/DataSetCombined/Edges/Round-7_0071129_edge.png,15.37,16.1222,0.0023274905979633
1861,/tmp/DataSetCombined/Edges/Round-8_0033056_edge.png,13.55,13.764586,0.0023274905979633
1862,/tmp/DataSetCombined/Edges/Round-1_0074603_edge.png,3.36,2.5895493,0.0023274905979633
1863,/tmp/DataSetCombined/Edges/Round-10_0151012_edge.png,23.5,23.577627,0.0023274905979633
1864,/tmp/DataSetCombined/Edges/Round-3_0056890_edge.png,15.66,15.595903,0.0023274905979633
1865,/tmp/DataSetCombined/Edges/Round-5_0082239_edge.png,7.17,7.5523033,0.0023274905979633
1866,/tmp/DataSetCombined/Edges/Round-5_0058069_edge.png,3.58,2.697392,0.0023274905979633
1867,/tmp/DataSetCombined/Edges/Round-1_0104872_edge.png,63.95,63.322174,0.0023274905979633
1868,/tmp/DataSetCombined/Edges/Round-6_0131447_edge.png,5.26,4.794488,0.0023274905979633
1869,/tmp/DataSetCombined/Edges/Round-4_0083289_edge.png,6.09,5.822182,0.0023274905979633
1870,/tmp/DataSetCombined/Edges/Round-10_0022758_edge.png,10.56,8.915058,0.0023274905979633
1871,/tmp/DataSetCombined/Edges/Round-4_0057313_edge.png,64.11,63.15624,0.0023274905979633
1872,/tmp/DataSetCombined/Edges/Round-7_0030314_edge.png,26.72,28.492449,0.0023274905979633
1873,/tmp/DataSetCombined/Edges/Round-8_0043548_edge.png,2.96,2.3197238,0.0023274905979633
1874,/tmp/DataSetCombined/Edges/Round-10_0151494_edge.png,10.34,11.1624,0.0023274905979633
1875,/tmp/DataSetCombined/Edges/Round-6_0042081_edge.png,15.73,15.797223,0.0023274905979633
1876,/tmp/DataSetCombined/Edges/Round-7_0116098_edge.png,15.21,15.057078,0.0023274905979633
1877,/tmp/DataSetCombined/Edges/Round-8_0083912_edge.png,64.01,63.31727,0.0023274905979633
1878,/tmp/DataSetCombined/Edges/Round-4_0009785_edge.png,8.21,8.31415,0.0023274905979633
1879,/tmp/DataSetCombined/Edges/Round-9_0145025_edge.png,2.99,2.3344812,0.0023274905979633
1880,/tmp/DataSetCombined/Edges/Round-9_0128830_edge.png,60.74,60.47407,0.0023274905979633
1881,/tmp/DataSetCombined/Edges/Round-9_0058276_edge.png,2.77,2.2509,0.0023274905979633
1882,/tmp/DataSetCombined/Edges/Round-9_0063785_edge.png,6.15,6.238933,0.0023274905979633
1883,/tmp/DataSetCombined/Edges/Round-5_0094369_edge.png,5.31,4.564448,0.0023274905979633
1884,/tmp/DataSetCombined/Edges/Round-2_0074034_edge.png,2.57,2.2105193,0.0023274905979633
1885,/tmp/DataSetCombined/Edges/Round-4_0039554_edge.png,65.14,63.989437,0.0023274905979633
1886,/tmp/DataSetCombined/Edges/Round-7_0104991_edge.png,64.31,63.180542,0.0023274905979633
1887,/tmp/DataSetCombined/Edges/Round-7_0121968_edge.png,64.37,63.139423,0.0023274905979633
1888,/tmp/DataSetCombined/Edges/Round-10_0059148_edge.png,63.71,63.040096,0.0023274905979633
1889,/tmp/DataSetCombined/Edges/Round-9_0105895_edge.png,4.71,3.7273903,0.0023274905979633
1890,/tmp/DataSetCombined/Edges/Round-4_0057132_edge.png,63.21,63.236286,0.0023274905979633
1891,/tmp/DataSetCombined/Edges/Round-8_0050622_edge.png,6.71,6.8988066,0.0023274905979633
1892,/tmp/DataSetCombined/Edges/Round-9_0136054_edge.png,54.38,53.358334,0.0023274905979633
1893,/tmp/DataSetCombined/Edges/Round-1_0136782_edge.png,7.9,8.290558,0.0023274905979633
1894,/tmp/DataSetCombined/Edges/Round-10_0019327_edge.png,65.31,62.269142,0.0023274905979633
1895,/tmp/DataSetCombined/Edges/Round-10_0146768_edge.png,29.92,31.556757,0.0023274905979633
1896,/tmp/DataSetCombined/Edges/Round-8_0038552_edge.png,14.66,15.189054,0.0023274905979633
1897,/tmp/DataSetCombined/Edges/Round-8_0029355_edge.png,39.2,40.442276,0.0023274905979633
1898,/tmp/DataSetCombined/Edges/Round-10_0181473_edge.png,3.72,2.878792,0.0023274905979633
1899,/tmp/DataSetCombined/Edges/Round-8_0020733_edge.png,59.32,60.42348,0.0023274905979633
1900,/tmp/DataSetCombined/Edges/Round-4_0045514_edge.png,8.19,8.290861,0.0023274905979633
1901,/tmp/DataSetCombined/Edges/Round-10_0040426_edge.png,2.8,2.2838795,0.0023274905979633
1902,/tmp/DataSetCombined/Edges/Round-6_0048432_edge.png,64.89,62.768993,0.0023274905979633
1903,/tmp/DataSetCombined/Edges/Round-10_0024564_edge.png,65.41,63.95097,0.0023274905979633
1904,/tmp/DataSetCombined/Edges/Round-8_0011865_edge.png,64.27,63.22427,0.0023274905979633
1905,/tmp/DataSetCombined/Edges/Round-7_0006686_edge.png,64.55,63.208206,0.0023274905979633
1906,/tmp/DataSetCombined/Edges/Round-5_0073420_edge.png,9.88,10.442021,0.0023274905979633
1907,/tmp/DataSetCombined/Edges/Round-3_0041419_edge.png,50.38,49.196938,0.0023274905979633
1908,/tmp/DataSetCombined/Edges/Round-10_0132080_edge.png,64.81,63.341297,0.0023274905979633
1909,/tmp/DataSetCombined/Edges/Round-1_0142681_edge.png,16.4,16.492939,0.0023274905979633
1910,/tmp/DataSetCombined/Edges/Round-9_0167659_edge.png,65.38,64.00908,0.0023274905979633
1911,/tmp/DataSetCombined/Edges/Round-8_0019138_edge.png,48.63,47.771038,0.0023274905979633
1912,/tmp/DataSetCombined/Edges/Round-6_0108872_edge.png,2.86,2.2781339,0.0023274905979633
1913,/tmp/DataSetCombined/Edges/Round-5_0055179_edge.png,60.87,58.92793,0.0023274905979633
1914,/tmp/DataSetCombined/Edges/Round-9_0038803_edge.png,26.86,27.186068,0.0023274905979633
1915,/tmp/DataSetCombined/Edges/Round-7_0098189_edge.png,64.63,62.678745,0.0023274905979633
1916,/tmp/DataSetCombined/Edges/Round-10_0024143_edge.png,52.73,53.21683,0.0023274905979633
1917,/tmp/DataSetCombined/Edges/Round-10_0148304_edge.png,44.38,43.009933,0.0023274905979633
1918,/tmp/DataSetCombined/Edges/Round-6_0030914_edge.png,3.15,2.4712408,0.0023274905979633
1919,/tmp/DataSetCombined/Edges/Round-9_0118717_edge.png,63.87,62.48464,0.0023274905979633
1920,/tmp/DataSetCombined/Edges/Round-4_0068389_edge.png,58.89,57.98103,0.0020621679723262
1921,/tmp/DataSetCombined/Edges/Round-1_0089671_edge.png,6.23,5.966453,0.0020621679723262
1922,/tmp/DataSetCombined/Edges/Round-3_0014540_edge.png,3.34,2.554202,0.0020621679723262
1923,/tmp/DataSetCombined/Edges/Round-1_0120102_edge.png,49.89,48.792686,0.0020621679723262
1924,/tmp/DataSetCombined/Edges/Round-6_0131567_edge.png,58.62,58.98183,0.0020621679723262
1925,/tmp/DataSetCombined/Edges/Round-6_0030824_edge.png,8.23,8.682164,0.0020621679723262
1926,/tmp/DataSetCombined/Edges/Round-8_0053090_edge.png,4.01,3.061619,0.0020621679723262
1927,/tmp/DataSetCombined/Edges/Round-1_0125551_edge.png,9.24,9.7644,0.0020621679723262
1928,/tmp/DataSetCombined/Edges/Round-3_0012734_edge.png,60.55,59.668957,0.0020621679723262
1929,/tmp/DataSetCombined/Edges/Round-3_0080940_edge.png,64.39,63.94112,0.0020621679723262
1930,/tmp/DataSetCombined/Edges/Round-7_0127084_edge.png,37.73,38.1979,0.0020621679723262
1931,/tmp/DataSetCombined/Edges/Round-10_0048373_edge.png,57.58,57.81718,0.0020621679723262
1932,/tmp/DataSetCombined/Edges/Round-8_0040221_edge.png,4.52,3.8234916,0.0020621679723262
1933,/tmp/DataSetCombined/Edges/Round-10_0138972_edge.png,49.74,48.22246,0.0020621679723262
1934,/tmp/DataSetCombined/Edges/Round-10_0128829_edge.png,10.67,10.943063,0.0020621679723262
1935,/tmp/DataSetCombined/Edges/Round-8_0020884_edge.png,6.48,6.6683664,0.0020621679723262
1936,/tmp/DataSetCombined/Edges/Round-2_0034800_edge.png,64.33,62.789227,0.0020621679723262
1937,/tmp/DataSetCombined/Edges/Round-10_0104659_edge.png,46.7,46.06302,0.0020621679723262
1938,/tmp/DataSetCombined/Edges/Round-6_0079375_edge.png,3.14,2.4016292,0.0020621679723262
1939,/tmp/DataSetCombined/Edges/Round-10_0124977_edge.png,3.6,2.8057404,0.0020621679723262
1940,/tmp/DataSetCombined/Edges/Round-10_0127866_edge.png,9.77,10.341067,0.0020621679723262
1941,/tmp/DataSetCombined/Edges/Round-6_0056018_edge.png,22.24,23.64509,0.0020621679723262
1942,/tmp/DataSetCombined/Edges/Round-10_0117983_edge.png,64.76,62.92649,0.0020621679723262
1943,/tmp/DataSetCombined/Edges/Round-10_0014631_edge.png,7.55,7.938577,0.0020621679723262
1944,/tmp/DataSetCombined/Edges/Round-4_0084463_edge.png,5.19,4.8756146,0.0020621679723262
1945,/tmp/DataSetCombined/Edges/Round-1_0140509_edge.png,6.6,6.8485584,0.0020621679723262
1946,/tmp/DataSetCombined/Edges/Round-5_0093075_edge.png,4.16,3.2389386,0.0020621679723262
1947,/tmp/DataSetCombined/Edges/Round-9_0144905_edge.png,8.13,8.291694,0.0020621679723262
1948,/tmp/DataSetCombined/Edges/Round-7_0002652_edge.png,60.87,58.314617,0.0020621679723262
1949,/tmp/DataSetCombined/Edges/Round-4_0024384_edge.png,63.67,63.06055,0.0020621679723262
1950,/tmp/DataSetCombined/Edges/Round-8_0026542_edge.png,65.3,62.84035,0.0020621679723262
1951,/tmp/DataSetCombined/Edges/Round-9_0160194_edge.png,49.43,48.085682,0.0020621679723262
1952,/tmp/DataSetCombined/Edges/Round-8_0061970_edge.png,23.11,22.5249,0.0020621679723262
1953,/tmp/DataSetCombined/Edges/Round-10_0018664_edge.png,4.51,3.796391,0.0020621679723262
1954,/tmp/DataSetCombined/Edges/Round-2_0094769_edge.png,6.05,6.189086,0.0020621679723262
1955,/tmp/DataSetCombined/Edges/Round-8_0040328_edge.png,3.34,2.5428045,0.0020621679723262
1956,/tmp/DataSetCombined/Edges/Round-10_0055988_edge.png,6.83,6.7274003,0.0020621679723262
1957,/tmp/DataSetCombined/Edges/Round-9_0163174_edge.png,28.72,30.1845,0.0020621679723262
1958,/tmp/DataSetCombined/Edges/Round-7_0066133_edge.png,64.0,62.55991,0.0020621679723262
1959,/tmp/DataSetCombined/Edges/Round-8_0038745_edge.png,9.69,10.258637,0.0020621679723262
1960,/tmp/DataSetCombined/Edges/Round-9_0133194_edge.png,7.5,7.646459,0.0020621679723262
1961,/tmp/DataSetCombined/Edges/Round-9_0093373_edge.png,51.26,50.422245,0.0020621679723262
1962,/tmp/DataSetCombined/Edges/Round-7_0114894_edge.png,4.17,3.332141,0.0020621679723262
1963,/tmp/DataSetCombined/Edges/Round-9_0190203_edge.png,7.61,8.094249,0.0020621679723262
1964,/tmp/DataSetCombined/Edges/Round-10_0170213_edge.png,26.16,27.29904,0.0020621679723262
1965,/tmp/DataSetCombined/Edges/Round-2_0054167_edge.png,54.95,56.46981,0.0020621679723262
1966,/tmp/DataSetCombined/Edges/Round-7_0098430_edge.png,37.97,37.989876,0.0020621679723262
1967,/tmp/DataSetCombined/Edges/Round-8_0062722_edge.png,65.28,64.065506,0.0020621679723262
1968,/tmp/DataSetCombined/Edges/Round-3_0027367_edge.png,65.21,63.929382,0.0020621679723262
1969,/tmp/DataSetCombined/Edges/Round-9_0011712_edge.png,13.86,14.121308,0.0020621679723262
1970,/tmp/DataSetCombined/Edges/Round-5_0106861_edge.png,5.47,4.8503137,0.0020621679723262
1971,/tmp/DataSetCombined/Edges/Round-10_0092469_edge.png,47.84,48.824005,0.0020621679723262
1972,/tmp/DataSetCombined/Edges/Round-9_0058909_edge.png,64.49,62.75487,0.0020621679723262
1973,/tmp/DataSetCombined/Edges/Round-5_0019902_edge.png,46.08,44.700516,0.0020621679723262
1974,/tmp/DataSetCombined/Edges/Round-2_0103619_edge.png,7.05,7.3889456,0.0020621679723262
1975,/tmp/DataSetCombined/Edges/Round-4_0075132_edge.png,64.99,62.740437,0.0020621679723262
1976,/tmp/DataSetCombined/Edges/Round-7_0087563_edge.png,65.43,63.870213,0.0020621679723262
1977,/tmp/DataSetCombined/Edges/Round-8_0083641_edge.png,51.51,51.18751,0.0020621679723262
1978,/tmp/DataSetCombined/Edges/Round-9_0087867_edge.png,65.55,63.686115,0.0020621679723262
1979,/tmp/DataSetCombined/Edges/Round-3_0071940_edge.png,25.18,25.491198,0.0020621679723262
1980,/tmp/DataSetCombined/Edges/Round-8_0009849_edge.png,5.13,4.342047,0.0020621679723262
1981,/tmp/DataSetCombined/Edges/Round-10_0021313_edge.png,65.26,63.943935,0.0020621679723262
1982,/tmp/DataSetCombined/Edges/Round-10_0136836_edge.png,3.93,3.024275,0.0020621679723262
1983,/tmp/DataSetCombined/Edges/Round-1_0080550_edge.png,36.95,38.046547,0.0020621679723262
1984,/tmp/DataSetCombined/Edges/Round-1_0050964_edge.png,9.89,10.45416,0.0022617764770984
1985,/tmp/DataSetCombined/Edges/Round-10_0188065_edge.png,7.75,8.168742,0.0022617764770984
1986,/tmp/DataSetCombined/Edges/Round-4_0072453_edge.png,61.36,62.56654,0.0022617764770984
1987,/tmp/DataSetCombined/Edges/Round-10_0042714_edge.png,65.33,63.9219,0.0022617764770984
1988,/tmp/DataSetCombined/Edges/Round-1_0008001_edge.png,57.7,58.07978,0.0022617764770984
1989,/tmp/DataSetCombined/Edges/Round-10_0189301_edge.png,57.73,55.340122,0.0022617764770984
1990,/tmp/DataSetCombined/Edges/Round-7_0021675_edge.png,65.35,62.362865,0.0022617764770984
1991,/tmp/DataSetCombined/Edges/Round-2_0036600_edge.png,22.11,23.371681,0.0022617764770984
1992,/tmp/DataSetCombined/Edges/Round-1_0099423_edge.png,16.14,16.720638,0.0022617764770984
1993,/tmp/DataSetCombined/Edges/Round-1_0108302_edge.png,13.22,13.702322,0.0022617764770984
1994,/tmp/DataSetCombined/Edges/Round-10_0113568_edge.png,58.37,59.556507,0.0022617764770984
1995,/tmp/DataSetCombined/Edges/Round-4_0016558_edge.png,3.33,2.5904605,0.0022617764770984
1996,/tmp/DataSetCombined/Edges/Round-10_0105592_edge.png,59.87,59.81267,0.0022617764770984
1997,/tmp/DataSetCombined/Edges/Round-8_0049822_edge.png,15.67,16.245087,0.0022617764770984
1998,/tmp/DataSetCombined/Edges/Round-1_0064434_edge.png,2.72,2.33772,0.0022617764770984
1999,/tmp/DataSetCombined/Edges/Round-1_0036634_edge.png,8.04,8.524196,0.0022617764770984
2000,/tmp/DataSetCombined/Edges/Round-9_0118506_edge.png,4.48,3.7667425,0.0022617764770984
2001,/tmp/DataSetCombined/Edges/Round-10_0073596_edge.png,65.09,64.33639,0.0022617764770984
2002,/tmp/DataSetCombined/Edges/Round-4_0056380_edge.png,2.71,2.282201,0.0022617764770984
2003,/tmp/DataSetCombined/Edges/Round-8_0038384_edge.png,64.19,63.823444,0.0022617764770984
2004,/tmp/DataSetCombined/Edges/Round-2_0067770_edge.png,64.05,63.368046,0.0022617764770984
2005,/tmp/DataSetCombined/Edges/Round-9_0123683_edge.png,65.05,63.32973,0.0022617764770984
2006,/tmp/DataSetCombined/Edges/Round-9_0101289_edge.png,62.72,62.170673,0.0022617764770984
2007,/tmp/DataSetCombined/Edges/Round-9_0056621_edge.png,55.17,54.369404,0.0022617764770984
2008,/tmp/DataSetCombined/Edges/Round-9_0113918_edge.png,55.67,55.140076,0.0022617764770984
2009,/tmp/DataSetCombined/Edges/Round-5_0025772_edge.png,6.81,6.7751045,0.0022617764770984
2010,/tmp/DataSetCombined/Edges/Round-8_0010902_edge.png,3.68,2.8117423,0.0022617764770984
2011,/tmp/DataSetCombined/Edges/Round-4_0043979_edge.png,2.85,2.2828054,0.0022617764770984
2012,/tmp/DataSetCombined/Edges/Round-1_0053461_edge.png,5.43,5.236776,0.0022617764770984
2013,/tmp/DataSetCombined/Edges/Round-2_0051767_edge.png,50.93,49.598354,0.0022617764770984
2014,/tmp/DataSetCombined/Edges/Round-6_0051894_edge.png,65.45,63.833588,0.0022617764770984
2015,/tmp/DataSetCombined/Edges/Round-3_0056619_edge.png,33.38,33.63374,0.0022617764770984
2016,/tmp/DataSetCombined/Edges/Round-8_0017693_edge.png,24.24,25.169804,0.0022617764770984
2017,/tmp/DataSetCombined/Edges/Round-5_0040280_edge.png,4.56,3.808714,0.0022617764770984
2018,/tmp/DataSetCombined/Edges/Round-10_0003334_edge.png,8.78,9.365436,0.0022617764770984
2019,/tmp/DataSetCombined/Edges/Round-9_0072363_edge.png,5.76,5.6483088,0.0022617764770984
2020,/tmp/DataSetCombined/Edges/Round-5_0069414_edge.png,41.22,40.94396,0.0022617764770984
2021,/tmp/DataSetCombined/Edges/Round-5_0013220_edge.png,43.08,44.654858,0.0022617764770984
2022,/tmp/DataSetCombined/Edges/Round-7_0016829_edge.png,51.3,50.325382,0.0022617764770984
2023,/tmp/DataSetCombined/Edges/Round-7_0119168_edge.png,4.92,4.136896,0.0022617764770984
2024,/tmp/DataSetCombined/Edges/Round-5_0089734_edge.png,63.43,63.937668,0.0022617764770984
2025,/tmp/DataSetCombined/Edges/Round-8_0035915_edge.png,5.03,4.4339066,0.0022617764770984
2026,/tmp/DataSetCombined/Edges/Round-9_0010448_edge.png,64.1,62.17575,0.0022617764770984
2027,/tmp/DataSetCombined/Edges/Round-10_0128076_edge.png,5.75,5.6902957,0.0022617764770984
2028,/tmp/DataSetCombined/Edges/Round-5_0107691_edge.png,6.6,6.511886,0.0022617764770984
2029,/tmp/DataSetCombined/Edges/Round-1_0042667_edge.png,45.54,45.527317,0.0022617764770984
2030,/tmp/DataSetCombined/Edges/Round-9_0021224_edge.png,21.0,21.807783,0.0022617764770984
2031,/tmp/DataSetCombined/Edges/Round-8_0067731_edge.png,64.07,63.81185,0.0022617764770984
2032,/tmp/DataSetCombined/Edges/Round-3_0071308_edge.png,59.79,60.260998,0.0022617764770984
2033,/tmp/DataSetCombined/Edges/Round-6_0037477_edge.png,9.81,10.450888,0.0022617764770984
2034,/tmp/DataSetCombined/Edges/Round-7_0083952_edge.png,5.18,4.927188,0.0022617764770984
2035,/tmp/DataSetCombined/Edges/Round-9_0051956_edge.png,54.5,56.528625,0.0022617764770984
2036,/tmp/DataSetCombined/Edges/Round-7_0107490_edge.png,3.18,2.3994577,0.0022617764770984
2037,/tmp/DataSetCombined/Edges/Round-5_0011294_edge.png,65.36,64.18399,0.0022617764770984
2038,/tmp/DataSetCombined/Edges/Round-8_0012257_edge.png,64.19,63.3483,0.0022617764770984
2039,/tmp/DataSetCombined/Edges/Round-10_0009545_edge.png,63.87,62.388615,0.0022617764770984
2040,/tmp/DataSetCombined/Edges/Round-2_0097658_edge.png,58.81,59.09779,0.0022617764770984
2041,/tmp/DataSetCombined/Edges/Round-4_0064788_edge.png,5.27,4.7745366,0.0022617764770984
2042,/tmp/DataSetCombined/Edges/Round-4_0023717_edge.png,42.4,42.58856,0.0022617764770984
2043,/tmp/DataSetCombined/Edges/Round-2_0107034_edge.png,4.27,3.2641847,0.0022617764770984
2044,/tmp/DataSetCombined/Edges/Round-10_0151795_edge.png,3.15,2.407011,0.0022617764770984
2045,/tmp/DataSetCombined/Edges/Round-8_0016651_edge.png,56.63,56.66522,0.0022617764770984
2046,/tmp/DataSetCombined/Edges/Round-7_0063062_edge.png,8.62,9.1968975,0.0022617764770984
2047,/tmp/DataSetCombined/Edges/Round-8_0061759_edge.png,63.37,61.90007,0.0022617764770984
2048,/tmp/DataSetCombined/Edges/Round-9_0152347_edge.png,56.77,57.123463,0.0028262473642826
2049,/tmp/DataSetCombined/Edges/Round-4_0084523_edge.png,3.6,2.785012,0.0028262473642826
2050,/tmp/DataSetCombined/Edges/Round-3_0023967_edge.png,60.8,61.528603,0.0028262473642826
2051,/tmp/DataSetCombined/Edges/Round-1_0151826_edge.png,61.52,60.579563,0.0028262473642826
2052,/tmp/DataSetCombined/Edges/Round-9_0154506_edge.png,6.54,6.3809214,0.0028262473642826
2053,/tmp/DataSetCombined/Edges/Round-5_0015990_edge.png,35.54,36.417866,0.0028262473642826
2054,/tmp/DataSetCombined/Edges/Round-1_0083952_edge.png,59.3,60.3276,0.0028262473642826
2055,/tmp/DataSetCombined/Edges/Round-5_0002697_edge.png,65.37,63.88242,0.0028262473642826
2056,/tmp/DataSetCombined/Edges/Round-10_0121692_edge.png,65.3,64.059906,0.0028262473642826
2057,/tmp/DataSetCombined/Edges/Round-9_0178224_edge.png,57.37,57.619167,0.0028262473642826
2058,/tmp/DataSetCombined/Edges/Round-9_0028600_edge.png,28.95,30.613205,0.0028262473642826
2059,/tmp/DataSetCombined/Edges/Round-10_0072362_edge.png,23.54,22.987867,0.0028262473642826
2060,/tmp/DataSetCombined/Edges/Round-3_0069231_edge.png,2.65,2.2228117,0.0028262473642826
2061,/tmp/DataSetCombined/Edges/Round-9_0191257_edge.png,6.7,6.5741806,0.0028262473642826
2062,/tmp/DataSetCombined/Edges/Round-4_0032872_edge.png,26.68,27.790771,0.0028262473642826
2063,/tmp/DataSetCombined/Edges/Round-10_0013337_edge.png,64.05,63.27992,0.0028262473642826
2064,/tmp/DataSetCombined/Edges/Round-1_0167749_edge.png,64.41,63.234394,0.0028262473642826
2065,/tmp/DataSetCombined/Edges/Round-3_0057883_edge.png,64.2,63.342533,0.0028262473642826
2066,/tmp/DataSetCombined/Edges/Round-10_0039674_edge.png,12.38,12.531236,0.0028262473642826
2067,/tmp/DataSetCombined/Edges/Round-2_0058367_edge.png,6.14,6.266492,0.0028262473642826
2068,/tmp/DataSetCombined/Edges/Round-8_0066424_edge.png,23.32,22.510042,0.0028262473642826
2069,/tmp/DataSetCombined/Edges/Round-6_0078532_edge.png,63.27,60.43874,0.0028262473642826
2070,/tmp/DataSetCombined/Edges/Round-2_0067168_edge.png,10.27,10.810401,0.0028262473642826
2071,/tmp/DataSetCombined/Edges/Round-8_0060266_edge.png,52.31,52.129955,0.0028262473642826
2072,/tmp/DataSetCombined/Edges/Round-5_0045337_edge.png,5.23,4.8048053,0.0028262473642826
2073,/tmp/DataSetCombined/Edges/Round-1_0054301_edge.png,64.99,63.47726,0.0028262473642826
2074,/tmp/DataSetCombined/Edges/Round-8_0074402_edge.png,58.12,53.945724,0.0028262473642826
2075,/tmp/DataSetCombined/Edges/Round-1_0046334_edge.png,18.37,19.396639,0.0028262473642826
2076,/tmp/DataSetCombined/Edges/Round-4_0030675_edge.png,6.61,6.800712,0.0028262473642826
2077,/tmp/DataSetCombined/Edges/Round-7_0029230_edge.png,6.62,6.896642,0.0028262473642826
2078,/tmp/DataSetCombined/Edges/Round-9_0085126_edge.png,37.06,37.135895,0.0028262473642826
2079,/tmp/DataSetCombined/Edges/Round-2_0051667_edge.png,5.19,4.4794993,0.0028262473642826
2080,/tmp/DataSetCombined/Edges/Round-6_0067546_edge.png,64.09,63.595135,0.0028262473642826
2081,/tmp/DataSetCombined/Edges/Round-8_0022087_edge.png,3.22,2.4596488,0.0028262473642826
2082,/tmp/DataSetCombined/Edges/Round-1_0020667_edge.png,39.17,38.984592,0.0028262473642826
2083,/tmp/DataSetCombined/Edges/Round-9_0006325_edge.png,48.29,49.95485,0.0028262473642826
2084,/tmp/DataSetCombined/Edges/Round-9_0183491_edge.png,8.81,8.9873495,0.0028262473642826
2085,/tmp/DataSetCombined/Edges/Round-8_0022268_edge.png,31.76,32.975925,0.0028262473642826
2086,/tmp/DataSetCombined/Edges/Round-10_0005516_edge.png,65.31,62.786747,0.0028262473642826
2087,/tmp/DataSetCombined/Edges/Round-5_0039829_edge.png,65.14,63.21983,0.0028262473642826
2088,/tmp/DataSetCombined/Edges/Round-3_0063060_edge.png,3.58,2.6990185,0.0028262473642826
2089,/tmp/DataSetCombined/Edges/Round-10_0067155_edge.png,6.3,6.0284095,0.0028262473642826
2090,/tmp/DataSetCombined/Edges/Round-1_0040334_edge.png,64.91,63.03019,0.0028262473642826
2091,/tmp/DataSetCombined/Edges/Round-9_0039976_edge.png,63.15,62.339832,0.0028262473642826
2092,/tmp/DataSetCombined/Edges/Round-3_0078351_edge.png,18.73,18.499437,0.0028262473642826
2093,/tmp/DataSetCombined/Edges/Round-8_0010270_edge.png,4.44,3.6934621,0.0028262473642826
2094,/tmp/DataSetCombined/Edges/Round-8_0017753_edge.png,3.62,2.7986324,0.0028262473642826
2095,/tmp/DataSetCombined/Edges/Round-5_0074593_edge.png,5.27,4.797372,0.0028262473642826
2096,/tmp/DataSetCombined/Edges/Round-9_0108031_edge.png,64.58,62.99879,0.0028262473642826
2097,/tmp/DataSetCombined/Edges/Round-4_0044731_edge.png,58.05,58.014168,0.0028262473642826
2098,/tmp/DataSetCombined/Edges/Round-4_0045016_edge.png,61.81,61.588284,0.0028262473642826
2099,/tmp/DataSetCombined/Edges/Round-5_0008404_edge.png,26.81,28.766474,0.0028262473642826
2100,/tmp/DataSetCombined/Edges/Round-8_0026283_edge.png,53.4,52.432842,0.0028262473642826
2101,/tmp/DataSetCombined/Edges/Round-10_0052526_edge.png,32.17,32.957283,0.0028262473642826
2102,/tmp/DataSetCombined/Edges/Round-2_0095131_edge.png,3.22,2.4495246,0.0028262473642826
2103,/tmp/DataSetCombined/Edges/Round-7_0091597_edge.png,64.48,62.949905,0.0028262473642826
2104,/tmp/DataSetCombined/Edges/Round-2_0081465_edge.png,18.54,18.857908,0.0028262473642826
2105,/tmp/DataSetCombined/Edges/Round-5_0001485_edge.png,4.37,3.516709,0.0028262473642826
2106,/tmp/DataSetCombined/Edges/Round-4_0018876_edge.png,64.6,63.865948,0.0028262473642826
2107,/tmp/DataSetCombined/Edges/Round-6_0112822_edge.png,8.56,9.064502,0.0028262473642826
2108,/tmp/DataSetCombined/Edges/Round-2_0052734_edge.png,65.25,64.11003,0.0028262473642826
2109,/tmp/DataSetCombined/Edges/Round-1_0113359_edge.png,64.04,62.74578,0.0028262473642826
2110,/tmp/DataSetCombined/Edges/Round-7_0088015_edge.png,3.79,2.9783804,0.0028262473642826
2111,/tmp/DataSetCombined/Edges/Round-10_0144722_edge.png,64.76,63.3451,0.0028262473642826
2112,/tmp/DataSetCombined/Edges/Round-8_0024658_edge.png,2.67,2.244639,0.0021985135972499
2113,/tmp/DataSetCombined/Edges/Round-6_0132681_edge.png,4.09,3.1456716,0.0021985135972499
2114,/tmp/DataSetCombined/Edges/Round-2_0073850_edge.png,6.9,7.133119,0.0021985135972499
2115,/tmp/DataSetCombined/Edges/Round-4_0009876_edge.png,65.21,64.410645,0.0021985135972499
2116,/tmp/DataSetCombined/Edges/Round-1_0137831_edge.png,6.21,6.3702793,0.0021985135972499
2117,/tmp/DataSetCombined/Edges/Round-3_0067966_edge.png,64.24,63.02952,0.0021985135972499
2118,/tmp/DataSetCombined/Edges/Round-4_0048554_edge.png,65.29,62.25736,0.0021985135972499
2119,/tmp/DataSetCombined/Edges/Round-2_0071713_edge.png,2.92,2.3285487,0.0021985135972499
2120,/tmp/DataSetCombined/Edges/Round-10_0036273_edge.png,23.41,24.144913,0.0021985135972499
2121,/tmp/DataSetCombined/Edges/Round-5_0073058_edge.png,5.73,5.2977314,0.0021985135972499
2122,/tmp/DataSetCombined/Edges/Round-10_0009935_edge.png,4.1,3.238681,0.0021985135972499
2123,/tmp/DataSetCombined/Edges/Round-9_0106226_edge.png,64.35,63.15437,0.0021985135972499
2124,/tmp/DataSetCombined/Edges/Round-10_0049817_edge.png,50.07,49.262207,0.0021985135972499
2125,/tmp/DataSetCombined/Edges/Round-3_0042292_edge.png,29.24,30.063759,0.0021985135972499
2126,/tmp/DataSetCombined/Edges/Round-10_0035460_edge.png,65.26,64.052765,0.0021985135972499
2127,/tmp/DataSetCombined/Edges/Round-5_0067310_edge.png,4.96,4.2921157,0.0021985135972499
2128,/tmp/DataSetCombined/Edges/Round-6_0002879_edge.png,3.28,2.4842398,0.0021985135972499
2129,/tmp/DataSetCombined/Edges/Round-3_0025285_edge.png,64.14,61.496746,0.0021985135972499
2130,/tmp/DataSetCombined/Edges/Round-9_0076246_edge.png,5.99,6.03389,0.0021985135972499
2131,/tmp/DataSetCombined/Edges/Round-8_0086772_edge.png,55.72,51.268017,0.0021985135972499
2132,/tmp/DataSetCombined/Edges/Round-3_0006067_edge.png,48.75,47.668743,0.0021985135972499
2133,/tmp/DataSetCombined/Edges/Round-8_0079849_edge.png,64.02,62.8094,0.0021985135972499
2134,/tmp/DataSetCombined/Edges/Round-9_0023030_edge.png,56.52,56.66702,0.0021985135972499
2135,/tmp/DataSetCombined/Edges/Round-10_0083679_edge.png,64.23,63.064266,0.0021985135972499
2136,/tmp/DataSetCombined/Edges/Round-10_0184784_edge.png,52.37,51.01604,0.0021985135972499
2137,/tmp/DataSetCombined/Edges/Round-8_0075304_edge.png,60.14,58.66376,0.0021985135972499
2138,/tmp/DataSetCombined/Edges/Round-10_0015865_edge.png,3.36,2.6453373,0.0021985135972499
2139,/tmp/DataSetCombined/Edges/Round-7_0113449_edge.png,5.4,5.0695252,0.0021985135972499
2140,/tmp/DataSetCombined/Edges/Round-4_0026400_edge.png,61.59,60.827747,0.0021985135972499
2141,/tmp/DataSetCombined/Edges/Round-10_0077359_edge.png,53.12,51.705498,0.0021985135972499
2142,/tmp/DataSetCombined/Edges/Round-9_0067366_edge.png,7.11,7.3516126,0.0021985135972499
2143,/tmp/DataSetCombined/Edges/Round-10_0115164_edge.png,64.0,62.92502,0.0021985135972499
2144,/tmp/DataSetCombined/Edges/Round-9_0171753_edge.png,2.81,2.279168,0.0021985135972499
2145,/tmp/DataSetCombined/Edges/Round-8_0080240_edge.png,8.67,9.226163,0.0021985135972499
2146,/tmp/DataSetCombined/Edges/Round-4_0023150_edge.png,10.76,11.424743,0.0021985135972499
2147,/tmp/DataSetCombined/Edges/Round-10_0007407_edge.png,26.28,26.710924,0.0021985135972499
2148,/tmp/DataSetCombined/Edges/Round-8_0083220_edge.png,4.81,4.061209,0.0021985135972499
2149,/tmp/DataSetCombined/Edges/Round-8_0012516_edge.png,5.63,5.46122,0.0021985135972499
2150,/tmp/DataSetCombined/Edges/Round-5_0078868_edge.png,3.2,2.4367177,0.0021985135972499
2151,/tmp/DataSetCombined/Edges/Round-5_0079560_edge.png,62.08,60.957268,0.0021985135972499
2152,/tmp/DataSetCombined/Edges/Round-8_0043428_edge.png,9.73,10.361302,0.0021985135972499
2153,/tmp/DataSetCombined/Edges/Round-3_0076515_edge.png,64.16,63.19029,0.0021985135972499
2154,/tmp/DataSetCombined/Edges/Round-5_0069868_edge.png,52.05,52.148857,0.0021985135972499
2155,/tmp/DataSetCombined/Edges/Round-7_0079707_edge.png,48.78,46.500977,0.0021985135972499
2156,/tmp/DataSetCombined/Edges/Round-6_0124133_edge.png,3.99,3.2151506,0.0021985135972499
2157,/tmp/DataSetCombined/Edges/Round-2_0085649_edge.png,64.69,62.63697,0.0021985135972499
2158,/tmp/DataSetCombined/Edges/Round-8_0004209_edge.png,63.69,62.24548,0.0021985135972499
2159,/tmp/DataSetCombined/Edges/Round-8_0005323_edge.png,21.23,21.152548,0.0021985135972499
2160,/tmp/DataSetCombined/Edges/Round-4_0069804_edge.png,6.84,7.096011,0.0021985135972499
2161,/tmp/DataSetCombined/Edges/Round-5_0067219_edge.png,64.85,62.112522,0.0021985135972499
2162,/tmp/DataSetCombined/Edges/Round-10_0105532_edge.png,65.39,62.858574,0.0021985135972499
2163,/tmp/DataSetCombined/Edges/Round-8_0046781_edge.png,37.16,38.066822,0.0021985135972499
2164,/tmp/DataSetCombined/Edges/Round-5_0112068_edge.png,5.3,5.209197,0.0021985135972499
2165,/tmp/DataSetCombined/Edges/Round-9_0136626_edge.png,14.31,15.004019,0.0021985135972499
2166,/tmp/DataSetCombined/Edges/Round-9_0006084_edge.png,4.06,3.1569555,0.0021985135972499
2167,/tmp/DataSetCombined/Edges/Round-8_0010981_edge.png,3.02,2.363021,0.0021985135972499
2168,/tmp/DataSetCombined/Edges/Round-5_0104091_edge.png,5.39,5.074081,0.0021985135972499
2169,/tmp/DataSetCombined/Edges/Round-5_0112279_edge.png,6.03,6.1596518,0.0021985135972499
2170,/tmp/DataSetCombined/Edges/Round-9_0144753_edge.png,65.3,64.10996,0.0021985135972499
2171,/tmp/DataSetCombined/Edges/Round-1_0060734_edge.png,63.61,62.808414,0.0021985135972499
2172,/tmp/DataSetCombined/Edges/Round-6_0106555_edge.png,3.58,2.7669144,0.0021985135972499
2173,/tmp/DataSetCombined/Edges/Round-6_0133103_edge.png,6.67,6.8311195,0.0021985135972499
2174,/tmp/DataSetCombined/Edges/Round-10_0093823_edge.png,64.98,62.90268,0.0021985135972499
2175,/tmp/DataSetCombined/Edges/Round-6_0021553_edge.png,3.04,2.3524857,0.0021985135972499
2176,/tmp/DataSetCombined/Edges/Round-6_0006564_edge.png,63.07,60.589264,0.0023963488638401
2177,/tmp/DataSetCombined/Edges/Round-9_0113509_edge.png,22.66,22.09524,0.0023963488638401
2178,/tmp/DataSetCombined/Edges/Round-9_0177110_edge.png,65.15,62.41075,0.0023963488638401
2179,/tmp/DataSetCombined/Edges/Round-9_0185809_edge.png,11.04,11.449929,0.0023963488638401
2180,/tmp/DataSetCombined/Edges/Round-10_0015895_edge.png,12.99,13.160584,0.0023963488638401
2181,/tmp/DataSetCombined/Edges/Round-6_0088345_edge.png,2.8,2.282563,0.0023963488638401
2182,/tmp/DataSetCombined/Edges/Round-9_0077540_edge.png,3.27,2.4692314,0.0023963488638401
2183,/tmp/DataSetCombined/Edges/Round-10_0036062_edge.png,11.04,11.829007,0.0023963488638401
2184,/tmp/DataSetCombined/Edges/Round-10_0175363_edge.png,6.31,6.0185423,0.0023963488638401
2185,/tmp/DataSetCombined/Edges/Round-5_0069356_edge.png,60.53,58.881012,0.0023963488638401
2186,/tmp/DataSetCombined/Edges/Round-7_0018455_edge.png,20.17,21.177309,0.0023963488638401
2187,/tmp/DataSetCombined/Edges/Round-9_0052437_edge.png,65.33,63.871998,0.0023963488638401
2188,/tmp/DataSetCombined/Edges/Round-9_0027124_edge.png,58.74,59.29617,0.0023963488638401
2189,/tmp/DataSetCombined/Edges/Round-8_0081895_edge.png,29.52,31.460102,0.0023963488638401
2190,/tmp/DataSetCombined/Edges/Round-10_0141110_edge.png,5.97,5.983462,0.0023963488638401
2191,/tmp/DataSetCombined/Edges/Round-1_0031467_edge.png,5.62,5.502859,0.0023963488638401
2192,/tmp/DataSetCombined/Edges/Round-4_0057162_edge.png,40.52,40.377014,0.0023963488638401
2193,/tmp/DataSetCombined/Edges/Round-1_0146288_edge.png,7.56,7.932234,0.0023963488638401
2194,/tmp/DataSetCombined/Edges/Round-10_0144631_edge.png,6.17,6.2993193,0.0023963488638401
2195,/tmp/DataSetCombined/Edges/Round-8_0028781_edge.png,63.84,62.257816,0.0023963488638401
2196,/tmp/DataSetCombined/Edges/Round-5_0058550_edge.png,61.91,59.88777,0.0023963488638401
2197,/tmp/DataSetCombined/Edges/Round-4_0021735_edge.png,3.21,2.469765,0.0023963488638401
2198,/tmp/DataSetCombined/Edges/Round-6_0069773_edge.png,3.94,3.1349604,0.0023963488638401
2199,/tmp/DataSetCombined/Edges/Round-10_0167116_edge.png,64.11,63.629444,0.0023963488638401
2200,/tmp/DataSetCombined/Edges/Round-4_0078533_edge.png,4.06,3.275974,0.0023963488638401
2201,/tmp/DataSetCombined/Edges/Round-9_0142044_edge.png,50.0,47.850124,0.0023963488638401
2202,/tmp/DataSetCombined/Edges/Round-9_0065832_edge.png,42.51,42.989067,0.0023963488638401
2203,/tmp/DataSetCombined/Edges/Round-1_0125279_edge.png,5.3,4.831181,0.0023963488638401
2204,/tmp/DataSetCombined/Edges/Round-3_0079615_edge.png,13.27,13.385234,0.0023963488638401
2205,/tmp/DataSetCombined/Edges/Round-8_0000849_edge.png,64.15,62.169422,0.0023963488638401
2206,/tmp/DataSetCombined/Edges/Round-1_0013434_edge.png,3.5,3.1337035,0.0023963488638401
2207,/tmp/DataSetCombined/Edges/Round-7_0047862_edge.png,4.89,4.2468047,0.0023963488638401
2208,/tmp/DataSetCombined/Edges/Round-10_0073807_edge.png,6.39,6.2553306,0.0023963488638401
2209,/tmp/DataSetCombined/Edges/Round-9_0044401_edge.png,30.05,30.736687,0.0023963488638401
2210,/tmp/DataSetCombined/Edges/Round-9_0141472_edge.png,62.79,61.004665,0.0023963488638401
2211,/tmp/DataSetCombined/Edges/Round-6_0128768_edge.png,52.97,50.094482,0.0023963488638401
2212,/tmp/DataSetCombined/Edges/Round-1_0051956_edge.png,10.99,11.795346,0.0023963488638401
2213,/tmp/DataSetCombined/Edges/Round-8_0051585_edge.png,27.23,28.842274,0.0023963488638401
2214,/tmp/DataSetCombined/Edges/Round-6_0101303_edge.png,5.22,4.721905,0.0023963488638401
2215,/tmp/DataSetCombined/Edges/Round-6_0039252_edge.png,55.02,53.581135,0.0023963488638401
2216,/tmp/DataSetCombined/Edges/Round-8_0048485_edge.png,45.96,45.422806,0.0023963488638401
2217,/tmp/DataSetCombined/Edges/Round-4_0004067_edge.png,62.96,60.781925,0.0023963488638401
2218,/tmp/DataSetCombined/Edges/Round-1_0063601_edge.png,4.13,3.2173724,0.0023963488638401
2219,/tmp/DataSetCombined/Edges/Round-9_0135542_edge.png,9.31,9.831686,0.0023963488638401
2220,/tmp/DataSetCombined/Edges/Round-9_0001304_edge.png,64.78,62.027622,0.0023963488638401
2221,/tmp/DataSetCombined/Edges/Round-9_0010569_edge.png,2.7,2.235975,0.0023963488638401
2222,/tmp/DataSetCombined/Edges/Round-9_0116339_edge.png,6.06,5.9523077,0.0023963488638401
2223,/tmp/DataSetCombined/Edges/Round-2_0111444_edge.png,6.96,7.2437997,0.0023963488638401
2224,/tmp/DataSetCombined/Edges/Round-2_0065605_edge.png,64.19,63.506855,0.0023963488638401
2225,/tmp/DataSetCombined/Edges/Round-8_0046600_edge.png,62.39,61.56495,0.0023963488638401
2226,/tmp/DataSetCombined/Edges/Round-3_0044670_edge.png,57.06,54.889053,0.0023963488638401
2227,/tmp/DataSetCombined/Edges/Round-10_0018273_edge.png,2.4,2.1629071,0.0023963488638401
2228,/tmp/DataSetCombined/Edges/Round-5_0101834_edge.png,6.34,6.191414,0.0023963488638401
2229,/tmp/DataSetCombined/Edges/Round-7_0094787_edge.png,3.75,2.808854,0.0023963488638401
2230,/tmp/DataSetCombined/Edges/Round-8_0062313_edge.png,3.28,2.4754517,0.0023963488638401
2231,/tmp/DataSetCombined/Edges/Round-3_0075010_edge.png,42.23,41.34493,0.0023963488638401
2232,/tmp/DataSetCombined/Edges/Round-8_0036927_edge.png,6.87,7.0907264,0.0023963488638401
2233,/tmp/DataSetCombined/Edges/Round-1_0063801_edge.png,64.42,63.216198,0.0023963488638401
2234,/tmp/DataSetCombined/Edges/Round-4_0007077_edge.png,65.3,64.01195,0.0023963488638401
2235,/tmp/DataSetCombined/Edges/Round-2_0052600_edge.png,2.75,2.250388,0.0023963488638401
2236,/tmp/DataSetCombined/Edges/Round-8_0028541_edge.png,7.1,7.383878,0.0023963488638401
2237,/tmp/DataSetCombined/Edges/Round-9_0013910_edge.png,65.13,63.95046,0.0023963488638401
2238,/tmp/DataSetCombined/Edges/Round-9_0135994_edge.png,54.41,51.02462,0.0023963488638401
2239,/tmp/DataSetCombined/Edges/Round-10_0099723_edge.png,64.15,63.57556,0.0023963488638401
2240,/tmp/DataSetCombined/Edges/Round-2_0075626_edge.png,43.47,42.995525,0.0022629313170909
2241,/tmp/DataSetCombined/Edges/Round-7_0015445_edge.png,50.78,49.83033,0.0022629313170909
2242,/tmp/DataSetCombined/Edges/Round-1_0059501_edge.png,57.09,56.384853,0.0022629313170909
2243,/tmp/DataSetCombined/Edges/Round-9_0023964_edge.png,65.31,63.932014,0.0022629313170909
2244,/tmp/DataSetCombined/Edges/Round-7_0065802_edge.png,4.29,3.4192536,0.0022629313170909
2245,/tmp/DataSetCombined/Edges/Round-2_0078726_edge.png,49.19,48.42957,0.0022629313170909
2246,/tmp/DataSetCombined/Edges/Round-9_0170006_edge.png,3.08,2.3988926,0.0022629313170909
2247,/tmp/DataSetCombined/Edges/Round-6_0129310_edge.png,64.37,63.282486,0.0022629313170909
2248,/tmp/DataSetCombined/Edges/Round-9_0151977_edge.png,58.81,57.070934,0.0022629313170909
2249,/tmp/DataSetCombined/Edges/Round-2_0059400_edge.png,32.25,33.425243,0.0022629313170909
2250,/tmp/DataSetCombined/Edges/Round-5_0047203_edge.png,65.3,62.45283,0.0022629313170909
2251,/tmp/DataSetCombined/Edges/Round-2_0056267_edge.png,60.64,60.837475,0.0022629313170909
2252,/tmp/DataSetCombined/Edges/Round-5_0098974_edge.png,52.48,49.283962,0.0022629313170909
2253,/tmp/DataSetCombined/Edges/Round-5_0074714_edge.png,63.97,63.181995,0.0022629313170909
2254,/tmp/DataSetCombined/Edges/Round-1_0062901_edge.png,6.0,6.0901713,0.0022629313170909
2255,/tmp/DataSetCombined/Edges/Round-1_0149900_edge.png,14.01,14.553369,0.0022629313170909
2256,/tmp/DataSetCombined/Edges/Round-7_0095570_edge.png,7.55,7.939039,0.0022629313170909
2257,/tmp/DataSetCombined/Edges/Round-6_0001485_edge.png,6.81,6.817562,0.0022629313170909
2258,/tmp/DataSetCombined/Edges/Round-5_0110352_edge.png,5.63,5.5353737,0.0022629313170909
2259,/tmp/DataSetCombined/Edges/Round-2_0060922_edge.png,16.79,17.728415,0.0022629313170909
2260,/tmp/DataSetCombined/Edges/Round-5_0036157_edge.png,3.26,2.4671876,0.0022629313170909
2261,/tmp/DataSetCombined/Edges/Round-7_0001509_edge.png,65.3,63.97395,0.0022629313170909
2262,/tmp/DataSetCombined/Edges/Round-9_0067577_edge.png,54.01,52.977814,0.0022629313170909
2263,/tmp/DataSetCombined/Edges/Round-9_0040036_edge.png,6.07,6.096734,0.0022629313170909
2264,/tmp/DataSetCombined/Edges/Round-6_0034978_edge.png,3.31,2.6762624,0.0022629313170909
2265,/tmp/DataSetCombined/Edges/Round-9_0065621_edge.png,64.62,61.846775,0.0022629313170909
2266,/tmp/DataSetCombined/Edges/Round-10_0084251_edge.png,6.79,7.0844607,0.0022629313170909
2267,/tmp/DataSetCombined/Edges/Round-2_0108101_edge.png,7.96,8.4228115,0.0022629313170909
2268,/tmp/DataSetCombined/Edges/Round-8_0006135_edge.png,64.91,63.629524,0.0022629313170909
2269,/tmp/DataSetCombined/Edges/Round-9_0157154_edge.png,5.15,4.593848,0.0022629313170909
2270,/tmp/DataSetCombined/Edges/Round-2_0095792_edge.png,59.38,60.223686,0.0022629313170909
2271,/tmp/DataSetCombined/Edges/Round-5_0008284_edge.png,3.52,2.6343224,0.0022629313170909
2272,/tmp/DataSetCombined/Edges/Round-3_0080458_edge.png,3.51,2.6221132,0.0022629313170909
2273,/tmp/DataSetCombined/Edges/Round-10_0045393_edge.png,3.51,2.6476128,0.0022629313170909
2274,/tmp/DataSetCombined/Edges/Round-1_0166154_edge.png,4.36,3.4002037,0.0022629313170909
2275,/tmp/DataSetCombined/Edges/Round-8_0064919_edge.png,6.66,6.9616632,0.0022629313170909
2276,/tmp/DataSetCombined/Edges/Round-4_0025437_edge.png,3.35,2.5678463,0.0022629313170909
2277,/tmp/DataSetCombined/Edges/Round-8_0033947_edge.png,56.23,56.44382,0.0022629313170909
2278,/tmp/DataSetCombined/Edges/Round-9_0127747_edge.png,57.94,58.492546,0.0022629313170909
2279,/tmp/DataSetCombined/Edges/Round-1_0110439_edge.png,64.34,63.27715,0.0022629313170909
2280,/tmp/DataSetCombined/Edges/Round-2_0070117_edge.png,6.85,6.8277144,0.0022629313170909
2281,/tmp/DataSetCombined/Edges/Round-7_0127596_edge.png,6.17,6.2971783,0.0022629313170909
2282,/tmp/DataSetCombined/Edges/Round-10_0055837_edge.png,3.66,2.849025,0.0022629313170909
2283,/tmp/DataSetCombined/Edges/Round-10_0157755_edge.png,45.18,44.63653,0.0022629313170909
2284,/tmp/DataSetCombined/Edges/Round-7_0093132_edge.png,60.37,59.03876,0.0022629313170909
2285,/tmp/DataSetCombined/Edges/Round-9_0055748_edge.png,6.13,5.7593412,0.0022629313170909
2286,/tmp/DataSetCombined/Edges/Round-3_0073656_edge.png,8.54,8.97413,0.0022629313170909
2287,/tmp/DataSetCombined/Edges/Round-8_0041712_edge.png,3.22,2.4586515,0.0022629313170909
2288,/tmp/DataSetCombined/Edges/Round-10_0163805_edge.png,64.32,63.552097,0.0022629313170909
2289,/tmp/DataSetCombined/Edges/Round-10_0169193_edge.png,3.31,2.6204941,0.0022629313170909
2290,/tmp/DataSetCombined/Edges/Round-2_0006400_edge.png,19.84,19.844189,0.0022629313170909
2291,/tmp/DataSetCombined/Edges/Round-4_0020351_edge.png,9.12,9.735503,0.0022629313170909
2292,/tmp/DataSetCombined/Edges/Round-9_0089370_edge.png,6.93,7.267086,0.0022629313170909
2293,/tmp/DataSetCombined/Edges/Round-3_0015322_edge.png,3.49,2.7234254,0.0022629313170909
2294,/tmp/DataSetCombined/Edges/Round-8_0061789_edge.png,65.5,64.150856,0.0022629313170909
2295,/tmp/DataSetCombined/Edges/Round-9_0004759_edge.png,62.89,58.753403,0.0022629313170909
2296,/tmp/DataSetCombined/Edges/Round-6_0131718_edge.png,64.8,61.482082,0.0022629313170909
2297,/tmp/DataSetCombined/Edges/Round-10_0030404_edge.png,3.6,2.7162821,0.0022629313170909
2298,/tmp/DataSetCombined/Edges/Round-6_0130996_edge.png,63.13,62.027184,0.0022629313170909
2299,/tmp/DataSetCombined/Edges/Round-1_0041767_edge.png,8.32,8.423421,0.0022629313170909
2300,/tmp/DataSetCombined/Edges/Round-3_0028928_edge.png,7.63,8.072603,0.0022629313170909
2301,/tmp/DataSetCombined/Edges/Round-9_0157966_edge.png,64.76,62.65665,0.0022629313170909
2302,/tmp/DataSetCombined/Edges/Round-2_0071592_edge.png,41.97,40.597927,0.0022629313170909
2303,/tmp/DataSetCombined/Edges/Round-10_0043888_edge.png,64.03,63.704086,0.0022629313170909
2304,/tmp/DataSetCombined/Edges/Round-10_0155930_edge.png,58.51,56.625317,0.0022905208170413
2305,/tmp/DataSetCombined/Edges/Round-10_0175032_edge.png,55.61,54.556927,0.0022905208170413
2306,/tmp/DataSetCombined/Edges/Round-8_0002595_edge.png,5.35,5.049808,0.0022905208170413
2307,/tmp/DataSetCombined/Edges/Round-4_0085546_edge.png,4.63,3.9094439,0.0022905208170413
2308,/tmp/DataSetCombined/Edges/Round-9_0095119_edge.png,55.87,53.91108,0.0022905208170413
2309,/tmp/DataSetCombined/Edges/Round-9_0119379_edge.png,64.72,63.08729,0.0022905208170413
2310,/tmp/DataSetCombined/Edges/Round-9_0088015_edge.png,1.98,2.0790088,0.0022905208170413
2311,/tmp/DataSetCombined/Edges/Round-7_0047230_edge.png,65.31,62.86822,0.0022905208170413
2312,/tmp/DataSetCombined/Edges/Round-9_0169465_edge.png,65.06,62.78326,0.0022905208170413
2313,/tmp/DataSetCombined/Edges/Round-10_0016467_edge.png,7.19,7.5647316,0.0022905208170413
2314,/tmp/DataSetCombined/Edges/Round-8_0029552_edge.png,63.78,63.44175,0.0022905208170413
2315,/tmp/DataSetCombined/Edges/Round-1_0057014_edge.png,64.02,63.434692,0.0022905208170413
2316,/tmp/DataSetCombined/Edges/Round-4_0027635_edge.png,58.08,53.658997,0.0022905208170413
2317,/tmp/DataSetCombined/Edges/Round-7_0041842_edge.png,4.12,3.2122788,0.0022905208170413
2318,/tmp/DataSetCombined/Edges/Round-2_0087214_edge.png,2.08,2.1109967,0.0022905208170413
2319,/tmp/DataSetCombined/Edges/Round-6_0029199_edge.png,4.63,3.6368353,0.0022905208170413
2320,/tmp/DataSetCombined/Edges/Round-5_0028210_edge.png,65.27,63.88475,0.0022905208170413
2321,/tmp/DataSetCombined/Edges/Round-6_0105893_edge.png,65.29,63.963062,0.0022905208170413
2322,/tmp/DataSetCombined/Edges/Round-3_0055566_edge.png,3.41,2.5920198,0.0022905208170413
2323,/tmp/DataSetCombined/Edges/Round-7_0007740_edge.png,23.71,25.137594,0.0022905208170413
2324,/tmp/DataSetCombined/Edges/Round-10_0059720_edge.png,61.91,62.474495,0.0022905208170413
2325,/tmp/DataSetCombined/Edges/Round-10_0022457_edge.png,65.46,63.916126,0.0022905208170413
2326,/tmp/DataSetCombined/Edges/Round-4_0015655_edge.png,47.67,46.660038,0.0022905208170413
2327,/tmp/DataSetCombined/Edges/Round-5_0093376_edge.png,7.94,8.352123,0.0022905208170413
2328,/tmp/DataSetCombined/Edges/Round-6_0090903_edge.png,22.31,23.041441,0.0022905208170413
2329,/tmp/DataSetCombined/Edges/Round-1_0007967_edge.png,4.4,3.6265652,0.0022905208170413
2330,/tmp/DataSetCombined/Edges/Round-9_0187825_edge.png,4.12,3.1807003,0.0022905208170413
2331,/tmp/DataSetCombined/Edges/Round-1_0051083_edge.png,3.31,2.4774733,0.0022905208170413
2332,/tmp/DataSetCombined/Edges/Round-4_0015083_edge.png,6.81,7.0713215,0.0022905208170413
2333,/tmp/DataSetCombined/Edges/Round-7_0084885_edge.png,64.16,63.091297,0.0022905208170413
2334,/tmp/DataSetCombined/Edges/Round-7_0080822_edge.png,65.33,63.933968,0.0022905208170413
2335,/tmp/DataSetCombined/Edges/Round-1_0111915_edge.png,45.61,44.94759,0.0022905208170413
2336,/tmp/DataSetCombined/Edges/Round-7_0062852_edge.png,65.17,63.911587,0.0022905208170413
2337,/tmp/DataSetCombined/Edges/Round-5_0063397_edge.png,3.58,2.8057625,0.0022905208170413
2338,/tmp/DataSetCombined/Edges/Round-9_0012135_edge.png,5.45,5.209689,0.0022905208170413
2339,/tmp/DataSetCombined/Edges/Round-10_0186560_edge.png,9.7,10.272173,0.0022905208170413
2340,/tmp/DataSetCombined/Edges/Round-9_0097226_edge.png,7.22,7.6820784,0.0022905208170413
2341,/tmp/DataSetCombined/Edges/Round-9_0086751_edge.png,62.53,61.073204,0.0022905208170413
2342,/tmp/DataSetCombined/Edges/Round-8_0009686_edge.png,63.99,63.210567,0.0022905208170413
2343,/tmp/DataSetCombined/Edges/Round-2_0073789_edge.png,55.38,53.57127,0.0022905208170413
2344,/tmp/DataSetCombined/Edges/Round-6_0085786_edge.png,52.76,52.013557,0.0022905208170413
2345,/tmp/DataSetCombined/Edges/Round-10_0002940_edge.png,37.61,38.57964,0.0022905208170413
2346,/tmp/DataSetCombined/Edges/Round-9_0089641_edge.png,65.31,62.091717,0.0022905208170413
2347,/tmp/DataSetCombined/Edges/Round-10_0002152_edge.png,6.6,6.7053537,0.0022905208170413
2348,/tmp/DataSetCombined/Edges/Round-10_0154143_edge.png,5.31,4.649199,0.0022905208170413
2349,/tmp/DataSetCombined/Edges/Round-1_0170967_edge.png,8.32,8.77483,0.0022905208170413
2350,/tmp/DataSetCombined/Edges/Round-9_0144603_edge.png,4.53,3.6068943,0.0022905208170413
2351,/tmp/DataSetCombined/Edges/Round-1_0144902_edge.png,40.83,40.857998,0.0022905208170413
2352,/tmp/DataSetCombined/Edges/Round-10_0123381_edge.png,4.89,4.1116996,0.0022905208170413
2353,/tmp/DataSetCombined/Edges/Round-1_0062401_edge.png,3.59,2.666261,0.0022905208170413
2354,/tmp/DataSetCombined/Edges/Round-8_0028077_edge.png,3.34,2.479948,0.0022905208170413
2355,/tmp/DataSetCombined/Edges/Round-9_0127175_edge.png,65.39,62.64099,0.0022905208170413
2356,/tmp/DataSetCombined/Edges/Round-2_0099314_edge.png,26.19,27.91986,0.0022905208170413
2357,/tmp/DataSetCombined/Edges/Round-10_0070255_edge.png,64.37,63.241783,0.0022905208170413
2358,/tmp/DataSetCombined/Edges/Round-9_0053581_edge.png,64.56,62.831944,0.0022905208170413
2359,/tmp/DataSetCombined/Edges/Round-8_0008543_edge.png,65.04,62.28248,0.0022905208170413
2360,/tmp/DataSetCombined/Edges/Round-8_0065190_edge.png,8.17,8.2097225,0.0022905208170413
2361,/tmp/DataSetCombined/Edges/Round-10_0167237_edge.png,5.82,5.8535647,0.0022905208170413
2362,/tmp/DataSetCombined/Edges/Round-1_0109296_edge.png,60.0,58.53286,0.0022905208170413
2363,/tmp/DataSetCombined/Edges/Round-6_0065378_edge.png,65.32,63.90311,0.0022905208170413
2364,/tmp/DataSetCombined/Edges/Round-7_0059330_edge.png,36.85,38.162575,0.0022905208170413
2365,/tmp/DataSetCombined/Edges/Round-10_0174279_edge.png,6.17,6.291793,0.0022905208170413
2366,/tmp/DataSetCombined/Edges/Round-8_0076658_edge.png,47.04,46.02865,0.0022905208170413
2367,/tmp/DataSetCombined/Edges/Round-8_0013178_edge.png,65.24,63.841526,0.0022905208170413
2368,/tmp/DataSetCombined/Edges/Round-9_0157756_edge.png,64.16,63.503468,0.0020978860557079
2369,/tmp/DataSetCombined/Edges/Round-1_0060801_edge.png,55.27,52.54198,0.0020978860557079
2370,/tmp/DataSetCombined/Edges/Round-10_0125217_edge.png,2.69,2.2725682,0.0020978860557079
2371,/tmp/DataSetCombined/Edges/Round-7_0079462_edge.png,4.92,4.3350215,0.0020978860557079
2372,/tmp/DataSetCombined/Edges/Round-9_0124075_edge.png,6.37,6.0257354,0.0020978860557079
2373,/tmp/DataSetCombined/Edges/Round-1_0091477_edge.png,65.36,62.692112,0.0020978860557079
2374,/tmp/DataSetCombined/Edges/Round-6_0002940_edge.png,4.81,4.065431,0.0020978860557079
2375,/tmp/DataSetCombined/Edges/Round-1_0093222_edge.png,46.2,44.698574,0.0020978860557079
2376,/tmp/DataSetCombined/Edges/Round-5_0088379_edge.png,6.69,6.9232593,0.0020978860557079
2377,/tmp/DataSetCombined/Edges/Round-9_0156522_edge.png,4.05,3.2784255,0.0020978860557079
2378,/tmp/DataSetCombined/Edges/Round-1_0094065_edge.png,4.63,3.627546,0.0020978860557079
2379,/tmp/DataSetCombined/Edges/Round-9_0103968_edge.png,65.33,64.12415,0.0020978860557079
2380,/tmp/DataSetCombined/Edges/Round-9_0012194_edge.png,64.03,63.51355,0.0020978860557079
2381,/tmp/DataSetCombined/Edges/Round-9_0141082_edge.png,64.86,63.344135,0.0020978860557079
2382,/tmp/DataSetCombined/Edges/Round-4_0088037_edge.png,64.86,63.040947,0.0020978860557079
2383,/tmp/DataSetCombined/Edges/Round-9_0161729_edge.png,4.06,3.1291175,0.0020978860557079
2384,/tmp/DataSetCombined/Edges/Round-9_0083891_edge.png,6.09,6.1674585,0.0020978860557079
2385,/tmp/DataSetCombined/Edges/Round-7_0053731_edge.png,64.77,62.42834,0.0020978860557079
2386,/tmp/DataSetCombined/Edges/Round-2_0072977_edge.png,63.49,62.637142,0.0020978860557079
2387,/tmp/DataSetCombined/Edges/Round-7_0031789_edge.png,63.1,62.599953,0.0020978860557079
2388,/tmp/DataSetCombined/Edges/Round-3_0033864_edge.png,64.49,63.09579,0.0020978860557079
2389,/tmp/DataSetCombined/Edges/Round-9_0171722_edge.png,63.99,62.322697,0.0020978860557079
2390,/tmp/DataSetCombined/Edges/Round-3_0060442_edge.png,5.52,5.373482,0.0020978860557079
2391,/tmp/DataSetCombined/Edges/Round-3_0018242_edge.png,60.38,61.119404,0.0020978860557079
2392,/tmp/DataSetCombined/Edges/Round-5_0118991_edge.png,3.89,3.0667777,0.0020978860557079
2393,/tmp/DataSetCombined/Edges/Round-4_0021374_edge.png,17.49,18.060259,0.0020978860557079
2394,/tmp/DataSetCombined/Edges/Round-4_0063544_edge.png,64.28,63.4559,0.0020978860557079
2395,/tmp/DataSetCombined/Edges/Round-4_0016528_edge.png,3.34,2.491938,0.0020978860557079
2396,/tmp/DataSetCombined/Edges/Round-10_0166032_edge.png,59.34,60.07333,0.0020978860557079
2397,/tmp/DataSetCombined/Edges/Round-10_0104569_edge.png,7.3,7.609612,0.0020978860557079
2398,/tmp/DataSetCombined/Edges/Round-1_0034318_edge.png,5.15,4.325333,0.0020978860557079
2399,/tmp/DataSetCombined/Edges/Round-2_0086973_edge.png,59.51,60.236813,0.0020978860557079
2400,/tmp/DataSetCombined/Edges/Round-3_0044609_edge.png,64.96,63.0078,0.0020978860557079
2401,/tmp/DataSetCombined/Edges/Round-5_0038830_edge.png,7.62,8.109921,0.0020978860557079
2402,/tmp/DataSetCombined/Edges/Round-3_0072209_edge.png,64.78,63.42632,0.0020978860557079
2403,/tmp/DataSetCombined/Edges/Round-6_0012915_edge.png,65.23,62.70429,0.0020978860557079
2404,/tmp/DataSetCombined/Edges/Round-9_0084042_edge.png,17.17,18.140467,0.0020978860557079
2405,/tmp/DataSetCombined/Edges/Round-9_0008702_edge.png,63.87,63.013313,0.0020978860557079
2406,/tmp/DataSetCombined/Edges/Round-1_0013267_edge.png,3.4,2.5418844,0.0020978860557079
2407,/tmp/DataSetCombined/Edges/Round-9_0051459_edge.png,36.68,36.670074,0.0020978860557079
2408,/tmp/DataSetCombined/Edges/Round-8_0036517_edge.png,5.31,5.138302,0.0020978860557079
2409,/tmp/DataSetCombined/Edges/Round-9_0127686_edge.png,3.49,2.7297719,0.0020978860557079
2410,/tmp/DataSetCombined/Edges/Round-9_0002091_edge.png,7.93,8.366956,0.0020978860557079
2411,/tmp/DataSetCombined/Edges/Round-5_0031100_edge.png,2.48,2.173969,0.0020978860557079
2412,/tmp/DataSetCombined/Edges/Round-1_0072300_edge.png,58.36,59.374565,0.0020978860557079
2413,/tmp/DataSetCombined/Edges/Round-5_0106349_edge.png,8.06,8.265546,0.0020978860557079
2414,/tmp/DataSetCombined/Edges/Round-8_0019210_edge.png,65.24,62.482365,0.0020978860557079
2415,/tmp/DataSetCombined/Edges/Round-9_0171572_edge.png,6.59,6.741363,0.0020978860557079
2416,/tmp/DataSetCombined/Edges/Round-8_0066094_edge.png,17.5,17.349773,0.0020978860557079
2417,/tmp/DataSetCombined/Edges/Round-7_0101078_edge.png,9.67,10.3269,0.0020978860557079
2418,/tmp/DataSetCombined/Edges/Round-2_0083475_edge.png,63.46,62.34508,0.0020978860557079
2419,/tmp/DataSetCombined/Edges/Round-10_0150140_edge.png,4.1,3.1176612,0.0020978860557079
2420,/tmp/DataSetCombined/Edges/Round-5_0094700_edge.png,4.46,3.6727011,0.0020978860557079
2421,/tmp/DataSetCombined/Edges/Round-8_0079367_edge.png,53.56,51.39355,0.0020978860557079
2422,/tmp/DataSetCombined/Edges/Round-6_0136173_edge.png,31.44,34.05386,0.0020978860557079
2423,/tmp/DataSetCombined/Edges/Round-2_0095492_edge.png,64.03,62.036972,0.0020978860557079
2424,/tmp/DataSetCombined/Edges/Round-8_0029624_edge.png,3.46,2.6027322,0.0020978860557079
2425,/tmp/DataSetCombined/Edges/Round-10_0046446_edge.png,13.74,14.043644,0.0020978860557079
2426,/tmp/DataSetCombined/Edges/Round-5_0091690_edge.png,46.17,46.33391,0.0020978860557079
2427,/tmp/DataSetCombined/Edges/Round-6_0121665_edge.png,64.65,62.778725,0.0020978860557079
2428,/tmp/DataSetCombined/Edges/Round-9_0032391_edge.png,57.2,57.284145,0.0020978860557079
2429,/tmp/DataSetCombined/Edges/Round-1_0153873_edge.png,56.99,57.129154,0.0020978860557079
2430,/tmp/DataSetCombined/Edges/Round-8_0068290_edge.png,64.34,62.72898,0.0020978860557079
2431,/tmp/DataSetCombined/Edges/Round-7_0018966_edge.png,21.65,22.4269,0.0020978860557079
2432,/tmp/DataSetCombined/Edges/Round-4_0040788_edge.png,9.53,10.139612,0.002360463142395
2433,/tmp/DataSetCombined/Edges/Round-1_0067100_edge.png,17.93,17.834398,0.002360463142395
2434,/tmp/DataSetCombined/Edges/Round-5_0084346_edge.png,2.54,2.1899416,0.002360463142395
2435,/tmp/DataSetCombined/Edges/Round-10_0009484_edge.png,48.25,47.218807,0.002360463142395
2436,/tmp/DataSetCombined/Edges/Round-1_0058867_edge.png,64.14,63.68022,0.002360463142395
2437,/tmp/DataSetCombined/Edges/Round-6_0101709_edge.png,9.86,10.414863,0.002360463142395
2438,/tmp/DataSetCombined/Edges/Round-4_0023391_edge.png,7.39,7.855112,0.002360463142395
2439,/tmp/DataSetCombined/Edges/Round-4_0059842_edge.png,7.95,8.368885,0.002360463142395
2440,/tmp/DataSetCombined/Edges/Round-1_0152429_edge.png,12.89,13.587468,0.002360463142395
2441,/tmp/DataSetCombined/Edges/Round-10_0076576_edge.png,63.85,60.25438,0.002360463142395
2442,/tmp/DataSetCombined/Edges/Round-10_0115706_edge.png,6.99,7.321413,0.002360463142395
2443,/tmp/DataSetCombined/Edges/Round-5_0061741_edge.png,4.09,3.234798,0.002360463142395
2444,/tmp/DataSetCombined/Edges/Round-2_0038200_edge.png,40.39,40.91423,0.002360463142395
2445,/tmp/DataSetCombined/Edges/Round-6_0069893_edge.png,5.19,4.5800705,0.002360463142395
2446,/tmp/DataSetCombined/Edges/Round-7_0007589_edge.png,5.98,5.9879875,0.002360463142395
2447,/tmp/DataSetCombined/Edges/Round-8_0032454_edge.png,9.66,10.23542,0.002360463142395
2448,/tmp/DataSetCombined/Edges/Round-6_0025948_edge.png,7.2,7.2356744,0.002360463142395
2449,/tmp/DataSetCombined/Edges/Round-10_0102763_edge.png,49.64,46.878674,0.002360463142395
2450,/tmp/DataSetCombined/Edges/Round-6_0025436_edge.png,38.83,39.432037,0.002360463142395
2451,/tmp/DataSetCombined/Edges/Round-5_0109178_edge.png,40.72,41.06126,0.002360463142395
2452,/tmp/DataSetCombined/Edges/Round-5_0009880_edge.png,64.55,62.703125,0.002360463142395
2453,/tmp/DataSetCombined/Edges/Round-9_0130636_edge.png,6.18,5.8267217,0.002360463142395
2454,/tmp/DataSetCombined/Edges/Round-4_0091596_edge.png,65.18,64.00272,0.002360463142395
2455,/tmp/DataSetCombined/Edges/Round-6_0099331_edge.png,6.75,6.6850348,0.002360463142395
2456,/tmp/DataSetCombined/Edges/Round-2_0094980_edge.png,64.0,62.748127,0.002360463142395
2457,/tmp/DataSetCombined/Edges/Round-3_0002834_edge.png,2.68,2.244663,0.002360463142395
2458,/tmp/DataSetCombined/Edges/Round-10_0047590_edge.png,59.64,60.019497,0.002360463142395
2459,/tmp/DataSetCombined/Edges/Round-2_0070479_edge.png,25.45,27.420755,0.002360463142395
2460,/tmp/DataSetCombined/Edges/Round-10_0006624_edge.png,6.93,7.276257,0.002360463142395
2461,/tmp/DataSetCombined/Edges/Round-1_0167057_edge.png,22.12,21.848642,0.002360463142395
2462,/tmp/DataSetCombined/Edges/Round-2_0053781_edge.png,4.66,3.9772806,0.002360463142395
2463,/tmp/DataSetCombined/Edges/Round-3_0011741_edge.png,7.42,7.507184,0.002360463142395
2464,/tmp/DataSetCombined/Edges/Round-9_0069293_edge.png,63.88,63.999805,0.002360463142395
2465,/tmp/DataSetCombined/Edges/Round-5_0033538_edge.png,56.59,56.943226,0.002360463142395
2466,/tmp/DataSetCombined/Edges/Round-7_0021555_edge.png,65.29,62.072098,0.002360463142395
2467,/tmp/DataSetCombined/Edges/Round-10_0129912_edge.png,5.89,5.9362936,0.002360463142395
2468,/tmp/DataSetCombined/Edges/Round-9_0197427_edge.png,64.45,63.097088,0.002360463142395
2469,/tmp/DataSetCombined/Edges/Round-10_0082957_edge.png,24.81,26.420189,0.002360463142395
2470,/tmp/DataSetCombined/Edges/Round-8_0016140_edge.png,64.32,62.632374,0.002360463142395
2471,/tmp/DataSetCombined/Edges/Round-3_0029379_edge.png,64.16,63.535744,0.002360463142395
2472,/tmp/DataSetCombined/Edges/Round-2_0001600_edge.png,2.51,2.190876,0.002360463142395
2473,/tmp/DataSetCombined/Edges/Round-9_0059026_edge.png,29.21,30.176188,0.002360463142395
2474,/tmp/DataSetCombined/Edges/Round-9_0137709_edge.png,31.06,32.21517,0.002360463142395
2475,/tmp/DataSetCombined/Edges/Round-9_0048945_edge.png,57.72,58.18339,0.002360463142395
2476,/tmp/DataSetCombined/Edges/Round-7_0024083_edge.png,4.15,3.222696,0.002360463142395
2477,/tmp/DataSetCombined/Edges/Round-10_0093914_edge.png,64.17,63.63468,0.002360463142395
2478,/tmp/DataSetCombined/Edges/Round-1_0162482_edge.png,64.4,63.228584,0.002360463142395
2479,/tmp/DataSetCombined/Edges/Round-7_0095321_edge.png,50.83,50.364002,0.002360463142395
2480,/tmp/DataSetCombined/Edges/Round-10_0106766_edge.png,64.06,63.08632,0.002360463142395
2481,/tmp/DataSetCombined/Edges/Round-4_0007588_edge.png,65.36,63.858986,0.002360463142395
2482,/tmp/DataSetCombined/Edges/Round-6_0022758_edge.png,6.19,5.9820056,0.002360463142395
2483,/tmp/DataSetCombined/Edges/Round-7_0015625_edge.png,4.63,3.6304533,0.002360463142395
2484,/tmp/DataSetCombined/Edges/Round-5_0003516_edge.png,47.21,46.53143,0.002360463142395
2485,/tmp/DataSetCombined/Edges/Round-10_0172804_edge.png,64.76,62.97293,0.002360463142395
2486,/tmp/DataSetCombined/Edges/Round-1_0132741_edge.png,5.93,5.4941697,0.002360463142395
2487,/tmp/DataSetCombined/Edges/Round-9_0196343_edge.png,3.31,2.6037672,0.002360463142395
2488,/tmp/DataSetCombined/Edges/Round-1_0022534_edge.png,25.72,27.235918,0.002360463142395
2489,/tmp/DataSetCombined/Edges/Round-9_0002713_edge.png,58.72,57.49081,0.002360463142395
2490,/tmp/DataSetCombined/Edges/Round-4_0068209_edge.png,19.35,18.70701,0.002360463142395
2491,/tmp/DataSetCombined/Edges/Round-6_0090542_edge.png,64.89,63.249454,0.002360463142395
2492,/tmp/DataSetCombined/Edges/Round-9_0144121_edge.png,5.36,4.7511387,0.002360463142395
2493,/tmp/DataSetCombined/Edges/Round-9_0155859_edge.png,43.53,43.697666,0.002360463142395
2494,/tmp/DataSetCombined/Edges/Round-5_0036848_edge.png,5.49,5.3915625,0.002360463142395
2495,/tmp/DataSetCombined/Edges/Round-1_0058667_edge.png,3.06,2.3519788,0.002360463142395
2496,/tmp/DataSetCombined/Edges/Round-5_0111074_edge.png,6.96,7.2239494,0.0024994798004627
2497,/tmp/DataSetCombined/Edges/Round-1_0065467_edge.png,5.62,5.417125,0.0024994798004627
2498,/tmp/DataSetCombined/Edges/Round-7_0009305_edge.png,4.32,3.3421013,0.0024994798004627
2499,/tmp/DataSetCombined/Edges/Round-10_0010417_edge.png,4.8,3.8460314,0.0024994798004627
2500,/tmp/DataSetCombined/Edges/Round-8_0021829_edge.png,65.1,62.249428,0.0024994798004627
2501,/tmp/DataSetCombined/Edges/Round-1_0101834_edge.png,64.2,63.269405,0.0024994798004627
2502,/tmp/DataSetCombined/Edges/Round-9_0024760_edge.png,11.4,12.080095,0.0024994798004627
2503,/tmp/DataSetCombined/Edges/Round-10_0184754_edge.png,65.21,64.13177,0.0024994798004627
2504,/tmp/DataSetCombined/Edges/Round-9_0018545_edge.png,3.65,2.6470883,0.0024994798004627
2505,/tmp/DataSetCombined/Edges/Round-8_0056431_edge.png,3.32,2.5464127,0.0024994798004627
2506,/tmp/DataSetCombined/Edges/Round-6_0036362_edge.png,57.87,57.34358,0.0024994798004627
2507,/tmp/DataSetCombined/Edges/Round-5_0001576_edge.png,56.87,52.616673,0.0024994798004627
2508,/tmp/DataSetCombined/Edges/Round-10_0100054_edge.png,2.88,2.3206835,0.0024994798004627
2509,/tmp/DataSetCombined/Edges/Round-10_0097255_edge.png,65.33,62.37425,0.0024994798004627
2510,/tmp/DataSetCombined/Edges/Round-4_0089612_edge.png,20.88,21.57311,0.0024994798004627
2511,/tmp/DataSetCombined/Edges/Round-7_0025287_edge.png,63.91,63.558834,0.0024994798004627
2512,/tmp/DataSetCombined/Edges/Round-8_0018548_edge.png,3.58,2.7092977,0.0024994798004627
2513,/tmp/DataSetCombined/Edges/Round-10_0100385_edge.png,4.57,3.8122303,0.0024994798004627
2514,/tmp/DataSetCombined/Edges/Round-7_0043708_edge.png,3.52,2.7772746,0.0024994798004627
2515,/tmp/DataSetCombined/Edges/Round-6_0078381_edge.png,4.59,3.6530225,0.0024994798004627
2516,/tmp/DataSetCombined/Edges/Round-9_0127958_edge.png,10.98,11.577146,0.0024994798004627
2517,/tmp/DataSetCombined/Edges/Round-1_0038934_edge.png,64.35,63.17693,0.0024994798004627
2518,/tmp/DataSetCombined/Edges/Round-8_0002745_edge.png,12.66,13.444125,0.0024994798004627
2519,/tmp/DataSetCombined/Edges/Round-1_0039434_edge.png,5.84,5.8696218,0.0024994798004627
2520,/tmp/DataSetCombined/Edges/Round-9_0186923_edge.png,3.24,2.4634132,0.0024994798004627
2521,/tmp/DataSetCombined/Edges/Round-8_0053572_edge.png,3.69,2.8434246,0.0024994798004627
2522,/tmp/DataSetCombined/Edges/Round-2_0102595_edge.png,64.39,63.003014,0.0024994798004627
2523,/tmp/DataSetCombined/Edges/Round-2_0047200_edge.png,65.3,63.909573,0.0024994798004627
2524,/tmp/DataSetCombined/Edges/Round-3_0087020_edge.png,2.88,2.3659966,0.0024994798004627
2525,/tmp/DataSetCombined/Edges/Round-9_0160585_edge.png,63.15,62.096706,0.0024994798004627
2526,/tmp/DataSetCombined/Edges/Round-1_0009267_edge.png,36.71,37.40996,0.0024994798004627
2527,/tmp/DataSetCombined/Edges/Round-9_0141584_edge.png,40.26,40.228333,0.0024994798004627
2528,/tmp/DataSetCombined/Edges/Round-5_0030919_edge.png,8.28,8.73212,0.0024994798004627
2529,/tmp/DataSetCombined/Edges/Round-8_0019198_edge.png,62.97,61.659435,0.0024994798004627
2530,/tmp/DataSetCombined/Edges/Round-6_0107609_edge.png,5.26,4.778123,0.0024994798004627
2531,/tmp/DataSetCombined/Edges/Round-10_0032932_edge.png,7.7,8.034313,0.0024994798004627
2532,/tmp/DataSetCombined/Edges/Round-1_0009734_edge.png,53.35,51.237823,0.0024994798004627
2533,/tmp/DataSetCombined/Edges/Round-9_0039374_edge.png,19.98,20.138527,0.0024994798004627
2534,/tmp/DataSetCombined/Edges/Round-9_0002182_edge.png,32.51,33.50182,0.0024994798004627
2535,/tmp/DataSetCombined/Edges/Round-6_0076034_edge.png,63.9,62.679432,0.0024994798004627
2536,/tmp/DataSetCombined/Edges/Round-1_0114593_edge.png,7.76,8.156837,0.0024994798004627
2537,/tmp/DataSetCombined/Edges/Round-9_0137516_edge.png,55.3,54.402798,0.0024994798004627
2538,/tmp/DataSetCombined/Edges/Round-8_0058026_edge.png,64.03,63.06908,0.0024994798004627
2539,/tmp/DataSetCombined/Edges/Round-9_0004217_edge.png,3.78,2.8720381,0.0024994798004627
2540,/tmp/DataSetCombined/Edges/Round-5_0045367_edge.png,64.0,63.027336,0.0024994798004627
2541,/tmp/DataSetCombined/Edges/Round-7_0011352_edge.png,6.6,6.5664167,0.0024994798004627
2542,/tmp/DataSetCombined/Edges/Round-7_0028147_edge.png,6.12,6.2048216,0.0024994798004627
2543,/tmp/DataSetCombined/Edges/Round-2_0093477_edge.png,65.1,62.20048,0.0024994798004627
2544,/tmp/DataSetCombined/Edges/Round-1_0166635_edge.png,5.68,5.6757584,0.0024994798004627
2545,/tmp/DataSetCombined/Edges/Round-7_0099212_edge.png,30.33,30.773457,0.0024994798004627
2546,/tmp/DataSetCombined/Edges/Round-6_0107187_edge.png,18.18,18.738337,0.0024994798004627
2547,/tmp/DataSetCombined/Edges/Round-8_0053301_edge.png,4.3,3.3105195,0.0024994798004627
2548,/tmp/DataSetCombined/Edges/Round-8_0087283_edge.png,64.13,63.38562,0.0024994798004627
2549,/tmp/DataSetCombined/Edges/Round-9_0071551_edge.png,11.19,11.649139,0.0024994798004627
2550,/tmp/DataSetCombined/Edges/Round-4_0029832_edge.png,7.56,7.905809,0.0024994798004627
2551,/tmp/DataSetCombined/Edges/Round-1_0127687_edge.png,64.73,63.10043,0.0024994798004627
2552,/tmp/DataSetCombined/Edges/Round-3_0082083_edge.png,8.0,8.469888,0.0024994798004627
2553,/tmp/DataSetCombined/Edges/Round-5_0112459_edge.png,4.57,3.6247733,0.0024994798004627
2554,/tmp/DataSetCombined/Edges/Round-8_0034139_edge.png,64.94,62.250027,0.0024994798004627
2555,/tmp/DataSetCombined/Edges/Round-10_0089459_edge.png,3.0,2.3612392,0.0024994798004627
2556,/tmp/DataSetCombined/Edges/Round-9_0053370_edge.png,6.04,6.190671,0.0024994798004627
2557,/tmp/DataSetCombined/Edges/Round-3_0018152_edge.png,7.97,8.421414,0.0024994798004627
2558,/tmp/DataSetCombined/Edges/Round-8_0045367_edge.png,39.72,40.276024,0.0024994798004627
2559,/tmp/DataSetCombined/Edges/Round-4_0033474_edge.png,64.98,62.996647,0.0024994798004627
2560,/tmp/DataSetCombined/Edges/Round-2_0059267_edge.png,9.78,10.382671,0.0021409057080745
2561,/tmp/DataSetCombined/Edges/Round-5_0016742_edge.png,64.06,60.463207,0.0021409057080745
2562,/tmp/DataSetCombined/Edges/Round-7_0009635_edge.png,64.94,63.629154,0.0021409057080745
2563,/tmp/DataSetCombined/Edges/Round-4_0002170_edge.png,63.73,62.238083,0.0021409057080745
2564,/tmp/DataSetCombined/Edges/Round-7_0097918_edge.png,63.39,62.857822,0.0021409057080745
2565,/tmp/DataSetCombined/Edges/Round-10_0082566_edge.png,3.92,3.145958,0.0021409057080745
2566,/tmp/DataSetCombined/Edges/Round-10_0166544_edge.png,5.42,5.313279,0.0021409057080745
2567,/tmp/DataSetCombined/Edges/Round-5_0115410_edge.png,54.34,52.303364,0.0021409057080745
2568,/tmp/DataSetCombined/Edges/Round-4_0039163_edge.png,64.77,62.849297,0.0021409057080745
2569,/tmp/DataSetCombined/Edges/Round-4_0005331_edge.png,3.27,2.4567506,0.0021409057080745
2570,/tmp/DataSetCombined/Edges/Round-9_0148697_edge.png,5.62,5.151185,0.0021409057080745
2571,/tmp/DataSetCombined/Edges/Round-8_0017633_edge.png,29.45,30.150496,0.0021409057080745
2572,/tmp/DataSetCombined/Edges/Round-5_0077453_edge.png,7.96,8.092231,0.0021409057080745
2573,/tmp/DataSetCombined/Edges/Round-7_0060354_edge.png,61.37,62.037937,0.0021409057080745
2574,/tmp/DataSetCombined/Edges/Round-3_0001367_edge.png,4.77,4.039801,0.0021409057080745
2575,/tmp/DataSetCombined/Edges/Round-10_0150591_edge.png,64.44,63.042065,0.0021409057080745
2576,/tmp/DataSetCombined/Edges/Round-10_0194627_edge.png,3.9,3.0660722,0.0021409057080745
2577,/tmp/DataSetCombined/Edges/Round-1_0099543_edge.png,42.4,41.31827,0.0021409057080745
2578,/tmp/DataSetCombined/Edges/Round-9_0198210_edge.png,62.92,62.222767,0.0021409057080745
2579,/tmp/DataSetCombined/Edges/Round-10_0093101_edge.png,3.76,2.8220894,0.0021409057080745
2580,/tmp/DataSetCombined/Edges/Round-9_0009606_edge.png,8.0,8.174906,0.0021409057080745
2581,/tmp/DataSetCombined/Edges/Round-6_0120021_edge.png,4.26,3.2309465,0.0021409057080745
2582,/tmp/DataSetCombined/Edges/Round-7_0031160_edge.png,64.13,63.419224,0.0021409057080745
2583,/tmp/DataSetCombined/Edges/Round-4_0009665_edge.png,8.65,9.009177,0.0021409057080745
2584,/tmp/DataSetCombined/Edges/Round-9_0124917_edge.png,5.43,5.2707086,0.0021409057080745
2585,/tmp/DataSetCombined/Edges/Round-10_0124013_edge.png,16.72,17.732195,0.0021409057080745
2586,/tmp/DataSetCombined/Edges/Round-1_0019967_edge.png,59.49,55.93648,0.0021409057080745
2587,/tmp/DataSetCombined/Edges/Round-3_0021192_edge.png,7.93,8.359477,0.0021409057080745
2588,/tmp/DataSetCombined/Edges/Round-1_0148696_edge.png,64.04,64.30044,0.0021409057080745
2589,/tmp/DataSetCombined/Edges/Round-10_0192459_edge.png,5.4,5.267523,0.0021409057080745
2590,/tmp/DataSetCombined/Edges/Round-9_0081032_edge.png,4.75,4.00485,0.0021409057080745
2591,/tmp/DataSetCombined/Edges/Round-4_0075764_edge.png,6.95,7.010911,0.0021409057080745
2592,/tmp/DataSetCombined/Edges/Round-9_0078865_edge.png,27.57,29.287807,0.0021409057080745
2593,/tmp/DataSetCombined/Edges/Round-7_0068721_edge.png,65.37,63.16734,0.0021409057080745
2594,/tmp/DataSetCombined/Edges/Round-7_0125309_edge.png,8.16,8.554025,0.0021409057080745
2595,/tmp/DataSetCombined/Edges/Round-1_0063867_edge.png,55.48,54.669926,0.0021409057080745
2596,/tmp/DataSetCombined/Edges/Round-8_0049039_edge.png,27.21,28.497992,0.0021409057080745
2597,/tmp/DataSetCombined/Edges/Round-7_0056350_edge.png,37.41,38.841442,0.0021409057080745
2598,/tmp/DataSetCombined/Edges/Round-7_0133917_edge.png,64.63,63.04955,0.0021409057080745
2599,/tmp/DataSetCombined/Edges/Round-5_0068544_edge.png,56.9,55.50198,0.0021409057080745
2600,/tmp/DataSetCombined/Edges/Round-1_0076157_edge.png,7.8,8.14612,0.0021409057080745
2601,/tmp/DataSetCombined/Edges/Round-2_0082759_edge.png,63.34,62.70154,0.0021409057080745
2602,/tmp/DataSetCombined/Edges/Round-8_0038354_edge.png,9.13,9.753996,0.0021409057080745
2603,/tmp/DataSetCombined/Edges/Round-5_0124047_edge.png,63.99,63.475533,0.0021409057080745
2604,/tmp/DataSetCombined/Edges/Round-9_0006054_edge.png,32.34,33.700657,0.0021409057080745
2605,/tmp/DataSetCombined/Edges/Round-8_0073377_edge.png,63.13,62.613476,0.0021409057080745
2606,/tmp/DataSetCombined/Edges/Round-1_0128138_edge.png,65.35,62.89706,0.0021409057080745
2607,/tmp/DataSetCombined/Edges/Round-1_0033505_edge.png,9.64,10.279868,0.0021409057080745
2608,/tmp/DataSetCombined/Edges/Round-1_0139516_edge.png,5.27,4.800191,0.0021409057080745
2609,/tmp/DataSetCombined/Edges/Round-6_0097555_edge.png,17.04,17.06191,0.0021409057080745
2610,/tmp/DataSetCombined/Edges/Round-9_0198932_edge.png,63.99,62.752026,0.0021409057080745
2611,/tmp/DataSetCombined/Edges/Round-8_0016429_edge.png,59.63,57.541763,0.0021409057080745
2612,/tmp/DataSetCombined/Edges/Round-8_0024014_edge.png,4.08,3.1606686,0.0021409057080745
2613,/tmp/DataSetCombined/Edges/Round-9_0153452_edge.png,6.69,6.899833,0.0021409057080745
2614,/tmp/DataSetCombined/Edges/Round-7_0068841_edge.png,42.04,42.076443,0.0021409057080745
2615,/tmp/DataSetCombined/Edges/Round-8_0046962_edge.png,3.24,2.4676523,0.0021409057080745
2616,/tmp/DataSetCombined/Edges/Round-9_0147221_edge.png,7.3,7.238506,0.0021409057080745
2617,/tmp/DataSetCombined/Edges/Round-8_0061259_edge.png,47.58,46.88451,0.0021409057080745
2618,/tmp/DataSetCombined/Edges/Round-9_0151646_edge.png,64.53,62.255722,0.0021409057080745
2619,/tmp/DataSetCombined/Edges/Round-9_0097015_edge.png,3.37,2.6444368,0.0021409057080745
2620,/tmp/DataSetCombined/Edges/Round-8_0067640_edge.png,44.38,45.238087,0.0021409057080745
2621,/tmp/DataSetCombined/Edges/Round-5_0070873_edge.png,65.13,62.86285,0.0021409057080745
2622,/tmp/DataSetCombined/Edges/Round-6_0135180_edge.png,29.22,29.96254,0.0021409057080745
2623,/tmp/DataSetCombined/Edges/Round-5_0074443_edge.png,7.26,7.270982,0.0021409057080745
2624,/tmp/DataSetCombined/Edges/Round-1_0042083_edge.png,64.26,63.546993,0.0020975098013877
2625,/tmp/DataSetCombined/Edges/Round-7_0126332_edge.png,3.45,2.6416717,0.0020975098013877
2626,/tmp/DataSetCombined/Edges/Round-4_0086871_edge.png,64.53,63.83261,0.0020975098013877
2627,/tmp/DataSetCombined/Edges/Round-1_0055167_edge.png,65.24,62.680317,0.0020975098013877
2628,/tmp/DataSetCombined/Edges/Round-7_0135241_edge.png,59.24,58.724926,0.0020975098013877
2629,/tmp/DataSetCombined/Edges/Round-9_0173408_edge.png,5.51,5.0811205,0.0020975098013877
2630,/tmp/DataSetCombined/Edges/Round-6_0040908_edge.png,2.94,2.3233826,0.0020975098013877
2631,/tmp/DataSetCombined/Edges/Round-8_0039605_edge.png,3.57,2.6477032,0.0020975098013877
2632,/tmp/DataSetCombined/Edges/Round-10_0061737_edge.png,6.61,6.622769,0.0020975098013877
2633,/tmp/DataSetCombined/Edges/Round-10_0073897_edge.png,21.81,22.219337,0.0020975098013877
2634,/tmp/DataSetCombined/Edges/Round-7_0019418_edge.png,6.75,6.9405127,0.0020975098013877
2635,/tmp/DataSetCombined/Edges/Round-5_0031551_edge.png,50.54,49.29835,0.0020975098013877
2636,/tmp/DataSetCombined/Edges/Round-10_0112334_edge.png,15.88,16.165747,0.0020975098013877
2637,/tmp/DataSetCombined/Edges/Round-2_0069600_edge.png,44.38,44.247753,0.0020975098013877
2638,/tmp/DataSetCombined/Edges/Round-9_0136987_edge.png,63.26,63.03201,0.0020975098013877
2639,/tmp/DataSetCombined/Edges/Round-9_0165522_edge.png,36.54,37.27908,0.0020975098013877
2640,/tmp/DataSetCombined/Edges/Round-10_0193242_edge.png,8.47,8.7434435,0.0020975098013877
2641,/tmp/DataSetCombined/Edges/Round-3_0004234_edge.png,63.79,62.3887,0.0020975098013877
2642,/tmp/DataSetCombined/Edges/Round-8_0042736_edge.png,61.78,60.569965,0.0020975098013877
2643,/tmp/DataSetCombined/Edges/Round-7_0071521_edge.png,7.54,7.751605,0.0020975098013877
2644,/tmp/DataSetCombined/Edges/Round-9_0051865_edge.png,53.92,54.700787,0.0020975098013877
2645,/tmp/DataSetCombined/Edges/Round-10_0154414_edge.png,57.93,54.540123,0.0020975098013877
2646,/tmp/DataSetCombined/Edges/Round-1_0019067_edge.png,54.92,51.021053,0.0020975098013877
2647,/tmp/DataSetCombined/Edges/Round-2_0033000_edge.png,62.5,61.750797,0.0020975098013877
2648,/tmp/DataSetCombined/Edges/Round-6_0013997_edge.png,4.38,3.6852882,0.0020975098013877
2649,/tmp/DataSetCombined/Edges/Round-10_0135090_edge.png,3.01,2.3708177,0.0020975098013877
2650,/tmp/DataSetCombined/Edges/Round-5_0008344_edge.png,23.03,23.906378,0.0020975098013877
2651,/tmp/DataSetCombined/Edges/Round-6_0014721_edge.png,6.88,7.1483026,0.0020975098013877
2652,/tmp/DataSetCombined/Edges/Round-1_0168382_edge.png,2.92,2.333046,0.0020975098013877
2653,/tmp/DataSetCombined/Edges/Round-10_0181774_edge.png,48.44,49.637596,0.0020975098013877
2654,/tmp/DataSetCombined/Edges/Round-2_0057003_edge.png,63.86,62.505283,0.0020975098013877
2655,/tmp/DataSetCombined/Edges/Round-3_0009333_edge.png,4.65,3.9700696,0.0020975098013877
2656,/tmp/DataSetCombined/Edges/Round-5_0080072_edge.png,64.33,62.276417,0.0020975098013877
2657,/tmp/DataSetCombined/Edges/Round-6_0083168_edge.png,3.05,2.3761933,0.0020975098013877
2658,/tmp/DataSetCombined/Edges/Round-5_0095874_edge.png,48.03,49.660633,0.0020975098013877
2659,/tmp/DataSetCombined/Edges/Round-3_0020199_edge.png,2.81,2.2556586,0.0020975098013877
2660,/tmp/DataSetCombined/Edges/Round-10_0063695_edge.png,64.28,63.23892,0.0020975098013877
2661,/tmp/DataSetCombined/Edges/Round-9_0116430_edge.png,49.93,49.01247,0.0020975098013877
2662,/tmp/DataSetCombined/Edges/Round-1_0118310_edge.png,61.4,60.974037,0.0020975098013877
2663,/tmp/DataSetCombined/Edges/Round-10_0075191_edge.png,64.24,62.7541,0.0020975098013877
2664,/tmp/DataSetCombined/Edges/Round-6_0116909_edge.png,39.7,39.88058,0.0020975098013877
2665,/tmp/DataSetCombined/Edges/Round-1_0068734_edge.png,63.9,62.515682,0.0020975098013877
2666,/tmp/DataSetCombined/Edges/Round-10_0193965_edge.png,63.28,61.390476,0.0020975098013877
2667,/tmp/DataSetCombined/Edges/Round-6_0115976_edge.png,9.09,9.793876,0.0020975098013877
2668,/tmp/DataSetCombined/Edges/Round-9_0002743_edge.png,7.34,7.322017,0.0020975098013877
2669,/tmp/DataSetCombined/Edges/Round-9_0117194_edge.png,3.28,2.4773293,0.0020975098013877
2670,/tmp/DataSetCombined/Edges/Round-9_0029351_edge.png,26.79,27.64683,0.0020975098013877
2671,/tmp/DataSetCombined/Edges/Round-8_0013762_edge.png,63.94,63.20605,0.0020975098013877
2672,/tmp/DataSetCombined/Edges/Round-5_0087446_edge.png,64.49,63.13469,0.0020975098013877
2673,/tmp/DataSetCombined/Edges/Round-4_0034498_edge.png,61.22,62.35756,0.0020975098013877
2674,/tmp/DataSetCombined/Edges/Round-1_0107761_edge.png,65.3,62.67143,0.0020975098013877
2675,/tmp/DataSetCombined/Edges/Round-9_0197698_edge.png,6.65,6.5117464,0.0020975098013877
2676,/tmp/DataSetCombined/Edges/Round-7_0031211_edge.png,64.16,61.355183,0.0020975098013877
2677,/tmp/DataSetCombined/Edges/Round-10_0060443_edge.png,3.69,2.8548803,0.0020975098013877
2678,/tmp/DataSetCombined/Edges/Round-2_0041600_edge.png,65.42,62.130314,0.0020975098013877
2679,/tmp/DataSetCombined/Edges/Round-2_0110541_edge.png,7.62,8.016889,0.0020975098013877
2680,/tmp/DataSetCombined/Edges/Round-5_0114085_edge.png,7.43,7.8343287,0.0020975098013877
2681,/tmp/DataSetCombined/Edges/Round-5_0041604_edge.png,5.24,4.8404245,0.0020975098013877
2682,/tmp/DataSetCombined/Edges/Round-7_0038260_edge.png,6.16,5.8005843,0.0020975098013877
2683,/tmp/DataSetCombined/Edges/Round-10_0199443_edge.png,6.72,6.653119,0.0020975098013877
2684,/tmp/DataSetCombined/Edges/Round-7_0024302_edge.png,65.26,62.871243,0.0020975098013877
2685,/tmp/DataSetCombined/Edges/Round-6_0018905_edge.png,2.24,2.1513803,0.0020975098013877
2686,/tmp/DataSetCombined/Edges/Round-4_0021524_edge.png,2.49,2.1743705,0.0020975098013877
2687,/tmp/DataSetCombined/Edges/Round-8_0037438_edge.png,64.6,62.999794,0.0020975098013877
2688,/tmp/DataSetCombined/Edges/Round-10_0168290_edge.png,5.02,4.231396,0.0021970048546791
2689,/tmp/DataSetCombined/Edges/Round-5_0016682_edge.png,13.04,13.135298,0.0021970048546791
2690,/tmp/DataSetCombined/Edges/Round-9_0156462_edge.png,3.36,2.6091955,0.0021970048546791
2691,/tmp/DataSetCombined/Edges/Round-10_0031637_edge.png,3.28,2.5012467,0.0021970048546791
2692,/tmp/DataSetCombined/Edges/Round-6_0072512_edge.png,3.25,2.4633217,0.0021970048546791
2693,/tmp/DataSetCombined/Edges/Round-9_0161067_edge.png,4.11,3.187505,0.0021970048546791
2694,/tmp/DataSetCombined/Edges/Round-9_0083125_edge.png,6.53,6.338127,0.0021970048546791
2695,/tmp/DataSetCombined/Edges/Round-7_0077119_edge.png,65.1,63.195896,0.0021970048546791
2696,/tmp/DataSetCombined/Edges/Round-5_0016592_edge.png,5.5,5.252908,0.0021970048546791
2697,/tmp/DataSetCombined/Edges/Round-5_0104994_edge.png,3.34,2.5497527,0.0021970048546791
2698,/tmp/DataSetCombined/Edges/Round-9_0134428_edge.png,5.39,5.068679,0.0021970048546791
2699,/tmp/DataSetCombined/Edges/Round-5_0011565_edge.png,12.07,12.544504,0.0021970048546791
2700,/tmp/DataSetCombined/Edges/Round-8_0009337_edge.png,5.91,5.614816,0.0021970048546791
2701,/tmp/DataSetCombined/Edges/Round-1_0041267_edge.png,7.52,7.8940725,0.0021970048546791
2702,/tmp/DataSetCombined/Edges/Round-1_0006801_edge.png,40.78,41.95283,0.0021970048546791
2703,/tmp/DataSetCombined/Edges/Round-6_0097254_edge.png,64.75,62.6813,0.0021970048546791
2704,/tmp/DataSetCombined/Edges/Round-9_0078982_edge.png,5.28,4.7733803,0.0021970048546791
2705,/tmp/DataSetCombined/Edges/Round-8_0075153_edge.png,55.16,54.0747,0.0021970048546791
2706,/tmp/DataSetCombined/Edges/Round-4_0053881_edge.png,4.96,4.2787595,0.0021970048546791
2707,/tmp/DataSetCombined/Edges/Round-9_0058880_edge.png,3.88,2.9238102,0.0021970048546791
2708,/tmp/DataSetCombined/Edges/Round-4_0090580_edge.png,30.02,31.804504,0.0021970048546791
2709,/tmp/DataSetCombined/Edges/Round-1_0040434_edge.png,3.82,2.8801749,0.0021970048546791
2710,/tmp/DataSetCombined/Edges/Round-8_0044945_edge.png,2.95,2.337709,0.0021970048546791
2711,/tmp/DataSetCombined/Edges/Round-5_0004970_edge.png,65.39,64.0091,0.0021970048546791
2712,/tmp/DataSetCombined/Edges/Round-1_0171331_edge.png,7.33,7.2863674,0.0021970048546791
2713,/tmp/DataSetCombined/Edges/Round-9_0053310_edge.png,64.91,63.17362,0.0021970048546791
2714,/tmp/DataSetCombined/Edges/Round-7_0058186_edge.png,38.13,39.092052,0.0021970048546791
2715,/tmp/DataSetCombined/Edges/Round-1_0022800_edge.png,8.03,8.545749,0.0021970048546791
2716,/tmp/DataSetCombined/Edges/Round-7_0033505_edge.png,63.69,63.406223,0.0021970048546791
2717,/tmp/DataSetCombined/Edges/Round-8_0072035_edge.png,64.08,63.62334,0.0021970048546791
2718,/tmp/DataSetCombined/Edges/Round-1_0118391_edge.png,4.88,4.203845,0.0021970048546791
2719,/tmp/DataSetCombined/Edges/Round-6_0014781_edge.png,46.9,46.55211,0.0021970048546791
2720,/tmp/DataSetCombined/Edges/Round-6_0089428_edge.png,4.07,3.1849906,0.0021970048546791
2721,/tmp/DataSetCombined/Edges/Round-8_0005443_edge.png,62.88,62.064404,0.0021970048546791
2722,/tmp/DataSetCombined/Edges/Round-9_0012796_edge.png,65.1,62.427692,0.0021970048546791
2723,/tmp/DataSetCombined/Edges/Round-7_0067487_edge.png,65.13,62.33845,0.0021970048546791
2724,/tmp/DataSetCombined/Edges/Round-10_0126092_edge.png,49.6,47.181927,0.0021970048546791
2725,/tmp/DataSetCombined/Edges/Round-8_0048364_edge.png,64.76,62.805294,0.0021970048546791
2726,/tmp/DataSetCombined/Edges/Round-9_0054093_edge.png,5.19,4.888345,0.0021970048546791
2727,/tmp/DataSetCombined/Edges/Round-2_0078846_edge.png,62.28,62.203102,0.0021970048546791
2728,/tmp/DataSetCombined/Edges/Round-5_0029023_edge.png,4.2,3.3773377,0.0021970048546791
2729,/tmp/DataSetCombined/Edges/Round-1_0113195_edge.png,2.01,2.0660539,0.0021970048546791
2730,/tmp/DataSetCombined/Edges/Round-2_0074300_edge.png,65.05,63.941708,0.0021970048546791
2731,/tmp/DataSetCombined/Edges/Round-6_0038568_edge.png,63.79,62.74605,0.0021970048546791
2732,/tmp/DataSetCombined/Edges/Round-3_0057192_edge.png,35.18,36.706066,0.0021970048546791
2733,/tmp/DataSetCombined/Edges/Round-2_0111896_edge.png,6.7,6.9866276,0.0021970048546791
2734,/tmp/DataSetCombined/Edges/Round-4_0017521_edge.png,8.43,9.034053,0.0021970048546791
2735,/tmp/DataSetCombined/Edges/Round-9_0124646_edge.png,63.2,60.539474,0.0021970048546791
2736,/tmp/DataSetCombined/Edges/Round-9_0104299_edge.png,65.34,64.02757,0.0021970048546791
2737,/tmp/DataSetCombined/Edges/Round-3_0022396_edge.png,64.89,62.89806,0.0021970048546791
2738,/tmp/DataSetCombined/Edges/Round-5_0093586_edge.png,3.11,2.4170678,0.0021970048546791
2739,/tmp/DataSetCombined/Edges/Round-9_0040457_edge.png,64.55,62.848602,0.0021970048546791
2740,/tmp/DataSetCombined/Edges/Round-4_0021434_edge.png,5.17,4.799784,0.0021970048546791
2741,/tmp/DataSetCombined/Edges/Round-10_0184544_edge.png,64.02,63.180763,0.0021970048546791
2742,/tmp/DataSetCombined/Edges/Round-10_0168713_edge.png,6.24,6.430546,0.0021970048546791
2743,/tmp/DataSetCombined/Edges/Round-5_0073389_edge.png,53.28,52.408703,0.0021970048546791
2744,/tmp/DataSetCombined/Edges/Round-1_0015967_edge.png,9.95,10.418382,0.0021970048546791
2745,/tmp/DataSetCombined/Edges/Round-10_0009574_edge.png,36.53,37.869312,0.0021970048546791
2746,/tmp/DataSetCombined/Edges/Round-1_0122088_edge.png,44.01,43.74842,0.0021970048546791
2747,/tmp/DataSetCombined/Edges/Round-2_0054767_edge.png,6.06,5.7578573,0.0021970048546791
2748,/tmp/DataSetCombined/Edges/Round-5_0015237_edge.png,62.1,63.004032,0.0021970048546791
2749,/tmp/DataSetCombined/Edges/Round-10_0163745_edge.png,9.25,9.778733,0.0021970048546791
2750,/tmp/DataSetCombined/Edges/Round-9_0127445_edge.png,25.81,26.769522,0.0021970048546791
2751,/tmp/DataSetCombined/Edges/Round-1_0126754_edge.png,64.02,63.398235,0.0021970048546791
2752,/tmp/DataSetCombined/Edges/Round-1_0071767_edge.png,64.58,62.881763,0.0021706484258174
2753,/tmp/DataSetCombined/Edges/Round-8_0076056_edge.png,44.41,43.55524,0.0021706484258174
2754,/tmp/DataSetCombined/Edges/Round-1_0061834_edge.png,2.35,2.1674263,0.0021706484258174
2755,/tmp/DataSetCombined/Edges/Round-4_0021494_edge.png,43.72,45.975094,0.0021706484258174
2756,/tmp/DataSetCombined/Edges/Round-6_0116548_edge.png,64.71,62.802364,0.0021706484258174
2757,/tmp/DataSetCombined/Edges/Round-3_0082716_edge.png,4.93,4.2965755,0.0021706484258174
2758,/tmp/DataSetCombined/Edges/Round-10_0127174_edge.png,7.5,7.941515,0.0021706484258174
2759,/tmp/DataSetCombined/Edges/Round-1_0060701_edge.png,2.99,2.351764,0.0021706484258174
2760,/tmp/DataSetCombined/Edges/Round-2_0093956_edge.png,64.09,61.330822,0.0021706484258174
2761,/tmp/DataSetCombined/Edges/Round-4_0081724_edge.png,27.54,28.456749,0.0021706484258174
2762,/tmp/DataSetCombined/Edges/Round-6_0028506_edge.png,54.7,55.84916,0.0021706484258174
2763,/tmp/DataSetCombined/Edges/Round-4_0027454_edge.png,42.76,41.73362,0.0021706484258174
2764,/tmp/DataSetCombined/Edges/Round-3_0071187_edge.png,3.45,2.5952747,0.0021706484258174
2765,/tmp/DataSetCombined/Edges/Round-5_0019993_edge.png,12.19,12.493166,0.0021706484258174
2766,/tmp/DataSetCombined/Edges/Round-9_0026401_edge.png,53.83,53.127525,0.0021706484258174
2767,/tmp/DataSetCombined/Edges/Round-5_0013130_edge.png,2.66,2.2640724,0.0021706484258174
2768,/tmp/DataSetCombined/Edges/Round-2_0101421_edge.png,7.48,7.8091435,0.0021706484258174
2769,/tmp/DataSetCombined/Edges/Round-5_0066557_edge.png,6.7,6.9174566,0.0021706484258174
2770,/tmp/DataSetCombined/Edges/Round-3_0033683_edge.png,64.09,63.352528,0.0021706484258174
2771,/tmp/DataSetCombined/Edges/Round-9_0183461_edge.png,63.3,62.70808,0.0021706484258174
2772,/tmp/DataSetCombined/Edges/Round-3_0062519_edge.png,4.94,4.311751,0.0021706484258174
2773,/tmp/DataSetCombined/Edges/Round-8_0024839_edge.png,9.86,10.42662,0.0021706484258174
2774,/tmp/DataSetCombined/Edges/Round-9_0047390_edge.png,57.04,56.380264,0.0021706484258174
2775,/tmp/DataSetCombined/Edges/Round-8_0021106_edge.png,21.18,21.586449,0.0021706484258174
2776,/tmp/DataSetCombined/Edges/Round-7_0120884_edge.png,51.96,48.357502,0.0021706484258174
2777,/tmp/DataSetCombined/Edges/Round-7_0076697_edge.png,59.58,59.81038,0.0021706484258174
2778,/tmp/DataSetCombined/Edges/Round-6_0009754_edge.png,3.52,2.7597015,0.0021706484258174
2779,/tmp/DataSetCombined/Edges/Round-3_0044369_edge.png,9.49,10.057284,0.0021706484258174
2780,/tmp/DataSetCombined/Edges/Round-6_0003645_edge.png,4.04,3.2478557,0.0021706484258174
2781,/tmp/DataSetCombined/Edges/Round-1_0033034_edge.png,6.71,6.806124,0.0021706484258174
2782,/tmp/DataSetCombined/Edges/Round-10_0011440_edge.png,30.46,32.148514,0.0021706484258174
2783,/tmp/DataSetCombined/Edges/Round-6_0091716_edge.png,7.44,7.8699064,0.0021706484258174
2784,/tmp/DataSetCombined/Edges/Round-5_0079138_edge.png,65.26,62.449398,0.0021706484258174
2785,/tmp/DataSetCombined/Edges/Round-1_0140961_edge.png,3.06,2.3677492,0.0021706484258174
2786,/tmp/DataSetCombined/Edges/Round-3_0075522_edge.png,32.52,33.029415,0.0021706484258174
2787,/tmp/DataSetCombined/Edges/Round-1_0062101_edge.png,4.02,3.088077,0.0021706484258174
2788,/tmp/DataSetCombined/Edges/Round-1_0141864_edge.png,27.97,28.11215,0.0021706484258174
2789,/tmp/DataSetCombined/Edges/Round-2_0072254_edge.png,63.96,62.88713,0.0021706484258174
2790,/tmp/DataSetCombined/Edges/Round-10_0151584_edge.png,42.82,42.851227,0.0021706484258174
2791,/tmp/DataSetCombined/Edges/Round-10_0143307_edge.png,4.07,3.1971118,0.0021706484258174
2792,/tmp/DataSetCombined/Edges/Round-9_0081423_edge.png,64.3,63.382313,0.0021706484258174
2793,/tmp/DataSetCombined/Edges/Round-4_0017912_edge.png,55.39,54.119164,0.0021706484258174
2794,/tmp/DataSetCombined/Edges/Round-5_0051447_edge.png,64.86,63.269176,0.0021706484258174
2795,/tmp/DataSetCombined/Edges/Round-2_0050267_edge.png,3.06,2.442728,0.0021706484258174
2796,/tmp/DataSetCombined/Edges/Round-10_0125187_edge.png,49.3,48.194275,0.0021706484258174
2797,/tmp/DataSetCombined/Edges/Round-8_0002264_edge.png,63.95,62.58723,0.0021706484258174
2798,/tmp/DataSetCombined/Edges/Round-2_0070087_edge.png,3.05,2.3781712,0.0021706484258174
2799,/tmp/DataSetCombined/Edges/Round-5_0045819_edge.png,45.42,44.441044,0.0021706484258174
2800,/tmp/DataSetCombined/Edges/Round-3_0068839_edge.png,9.06,9.6855955,0.0021706484258174
2801,/tmp/DataSetCombined/Edges/Round-5_0056625_edge.png,61.51,60.664272,0.0021706484258174
2802,/tmp/DataSetCombined/Edges/Round-4_0083228_edge.png,4.35,3.6178133,0.0021706484258174
2803,/tmp/DataSetCombined/Edges/Round-9_0145114_edge.png,3.7,2.8256462,0.0021706484258174
2804,/tmp/DataSetCombined/Edges/Round-8_0013359_edge.png,52.17,50.826557,0.0021706484258174
2805,/tmp/DataSetCombined/Edges/Round-3_0004940_edge.png,53.19,51.376286,0.0021706484258174
2806,/tmp/DataSetCombined/Edges/Round-3_0052801_edge.png,63.47,62.605614,0.0021706484258174
2807,/tmp/DataSetCombined/Edges/Round-5_0022040_edge.png,64.75,63.433018,0.0021706484258174
2808,/tmp/DataSetCombined/Edges/Round-4_0089911_edge.png,20.47,21.49779,0.0021706484258174
2809,/tmp/DataSetCombined/Edges/Round-9_0031970_edge.png,5.18,4.6096025,0.0021706484258174
2810,/tmp/DataSetCombined/Edges/Round-7_0048614_edge.png,65.12,63.01209,0.0021706484258174
2811,/tmp/DataSetCombined/Edges/Round-1_0004970_edge.png,64.32,62.62569,0.0021706484258174
2812,/tmp/DataSetCombined/Edges/Round-1_0009134_edge.png,6.24,6.4124765,0.0021706484258174
2813,/tmp/DataSetCombined/Edges/Round-7_0022097_edge.png,4.45,3.7381535,0.0021706484258174
2814,/tmp/DataSetCombined/Edges/Round-6_0041630_edge.png,63.67,62.23465,0.0021706484258174
2815,/tmp/DataSetCombined/Edges/Round-4_0026551_edge.png,3.21,2.4487202,0.0021706484258174
2816,/tmp/DataSetCombined/Edges/Round-5_0089372_edge.png,4.21,3.2226317,0.002556063234806
2817,/tmp/DataSetCombined/Edges/Round-9_0097105_edge.png,35.63,36.7163,0.002556063234806
2818,/tmp/DataSetCombined/Edges/Round-6_0083739_edge.png,65.38,63.91888,0.002556063234806
2819,/tmp/DataSetCombined/Edges/Round-8_0033074_edge.png,7.0,7.014508,0.002556063234806
2820,/tmp/DataSetCombined/Edges/Round-5_0017796_edge.png,7.98,8.418504,0.002556063234806
2821,/tmp/DataSetCombined/Edges/Round-10_0028868_edge.png,7.82,7.912984,0.002556063234806
2822,/tmp/DataSetCombined/Edges/Round-8_0086200_edge.png,1.97,2.090052,0.002556063234806
2823,/tmp/DataSetCombined/Edges/Round-3_0027844_edge.png,64.18,62.75739,0.002556063234806
2824,/tmp/DataSetCombined/Edges/Round-8_0070018_edge.png,9.5,10.104751,0.002556063234806
2825,/tmp/DataSetCombined/Edges/Round-1_0071600_edge.png,59.36,59.365395,0.002556063234806
2826,/tmp/DataSetCombined/Edges/Round-8_0073148_edge.png,64.19,63.923344,0.002556063234806
2827,/tmp/DataSetCombined/Edges/Round-5_0096807_edge.png,61.97,62.644093,0.002556063234806
2828,/tmp/DataSetCombined/Edges/Round-7_0087294_edge.png,58.34,59.43848,0.002556063234806
2829,/tmp/DataSetCombined/Edges/Round-8_0063655_edge.png,63.53,60.394573,0.002556063234806
2830,/tmp/DataSetCombined/Edges/Round-1_0056501_edge.png,21.15,21.846916,0.002556063234806
2831,/tmp/DataSetCombined/Edges/Round-7_0063122_edge.png,8.21,8.632832,0.002556063234806
2832,/tmp/DataSetCombined/Edges/Round-3_0065198_edge.png,43.14,42.598866,0.002556063234806
2833,/tmp/DataSetCombined/Edges/Round-9_0184454_edge.png,12.14,12.611943,0.002556063234806
2834,/tmp/DataSetCombined/Edges/Round-8_0043861_edge.png,65.44,64.04907,0.002556063234806
2835,/tmp/DataSetCombined/Edges/Round-7_0130215_edge.png,41.96,40.126915,0.002556063234806
2836,/tmp/DataSetCombined/Edges/Round-8_0048497_edge.png,29.5,30.302284,0.002556063234806
2837,/tmp/DataSetCombined/Edges/Round-4_0061015_edge.png,64.4,62.65167,0.002556063234806
2838,/tmp/DataSetCombined/Edges/Round-8_0054234_edge.png,8.94,9.456153,0.002556063234806
2839,/tmp/DataSetCombined/Edges/Round-7_0119680_edge.png,65.32,63.89658,0.002556063234806
2840,/tmp/DataSetCombined/Edges/Round-8_0006285_edge.png,15.03,15.673916,0.002556063234806
2841,/tmp/DataSetCombined/Edges/Round-10_0114652_edge.png,28.02,29.646818,0.002556063234806
2842,/tmp/DataSetCombined/Edges/Round-4_0030796_edge.png,65.34,64.2431,0.002556063234806
2843,/tmp/DataSetCombined/Edges/Round-8_0026663_edge.png,13.52,14.026736,0.002556063234806
2844,/tmp/DataSetCombined/Edges/Round-10_0025467_edge.png,44.48,43.411907,0.002556063234806
2845,/tmp/DataSetCombined/Edges/Round-8_0056160_edge.png,13.29,13.769763,0.002556063234806
2846,/tmp/DataSetCombined/Edges/Round-1_0111312_edge.png,64.28,63.27006,0.002556063234806
2847,/tmp/DataSetCombined/Edges/Round-7_0128980_edge.png,13.48,13.779513,0.002556063234806
2848,/tmp/DataSetCombined/Edges/Round-6_0134759_edge.png,7.39,7.7893915,0.002556063234806
2849,/tmp/DataSetCombined/Edges/Round-10_0076275_edge.png,61.17,60.121334,0.002556063234806
2850,/tmp/DataSetCombined/Edges/Round-9_0016107_edge.png,64.57,63.236324,0.002556063234806
2851,/tmp/DataSetCombined/Edges/Round-9_0087232_edge.png,65.25,62.768333,0.002556063234806
2852,/tmp/DataSetCombined/Edges/Round-5_0117245_edge.png,61.99,61.40027,0.002556063234806
2853,/tmp/DataSetCombined/Edges/Round-1_0119710_edge.png,33.99,35.71493,0.002556063234806
2854,/tmp/DataSetCombined/Edges/Round-8_0017585_edge.png,6.2,6.3144555,0.002556063234806
2855,/tmp/DataSetCombined/Edges/Round-3_0063421_edge.png,6.1,5.8133717,0.002556063234806
2856,/tmp/DataSetCombined/Edges/Round-3_0056108_edge.png,3.76,2.829178,0.002556063234806
2857,/tmp/DataSetCombined/Edges/Round-8_0061651_edge.png,56.17,53.821404,0.002556063234806
2858,/tmp/DataSetCombined/Edges/Round-10_0105502_edge.png,5.45,5.2243867,0.002556063234806
2859,/tmp/DataSetCombined/Edges/Round-2_0100759_edge.png,44.77,43.08218,0.002556063234806
2860,/tmp/DataSetCombined/Edges/Round-9_0099995_edge.png,65.37,64.159325,0.002556063234806
2861,/tmp/DataSetCombined/Edges/Round-1_0136235_edge.png,5.84,5.5902777,0.002556063234806
2862,/tmp/DataSetCombined/Edges/Round-3_0082294_edge.png,5.19,4.9033704,0.002556063234806
2863,/tmp/DataSetCombined/Edges/Round-1_0106918_edge.png,13.78,14.290598,0.002556063234806
2864,/tmp/DataSetCombined/Edges/Round-9_0034498_edge.png,12.82,13.204471,0.002556063234806
2865,/tmp/DataSetCombined/Edges/Round-5_0119723_edge.png,52.29,51.61322,0.002556063234806
2866,/tmp/DataSetCombined/Edges/Round-4_0031126_edge.png,58.28,58.627403,0.002556063234806
2867,/tmp/DataSetCombined/Edges/Round-5_0064781_edge.png,3.59,2.7716627,0.002556063234806
2868,/tmp/DataSetCombined/Edges/Round-2_0107834_edge.png,7.07,7.504137,0.002556063234806
2869,/tmp/DataSetCombined/Edges/Round-10_0128287_edge.png,4.99,4.237997,0.002556063234806
2870,/tmp/DataSetCombined/Edges/Round-6_0132230_edge.png,65.49,63.86867,0.002556063234806
2871,/tmp/DataSetCombined/Edges/Round-10_0013427_edge.png,8.3,8.621453,0.002556063234806
2872,/tmp/DataSetCombined/Edges/Round-8_0088337_edge.png,9.59,9.910403,0.002556063234806
2873,/tmp/DataSetCombined/Edges/Round-9_0162482_edge.png,4.05,3.2562566,0.002556063234806
2874,/tmp/DataSetCombined/Edges/Round-10_0017731_edge.png,65.32,63.893368,0.002556063234806
2875,/tmp/DataSetCombined/Edges/Round-6_0089245_edge.png,64.29,62.960384,0.002556063234806
2876,/tmp/DataSetCombined/Edges/Round-10_0094666_edge.png,62.58,62.78425,0.002556063234806
2877,/tmp/DataSetCombined/Edges/Round-2_0005000_edge.png,58.95,58.03091,0.002556063234806
2878,/tmp/DataSetCombined/Edges/Round-10_0120521_edge.png,14.83,15.54399,0.002556063234806
2879,/tmp/DataSetCombined/Edges/Round-3_0053367_edge.png,37.07,37.408867,0.002556063234806
2880,/tmp/DataSetCombined/Edges/Round-2_0060067_edge.png,12.53,13.237524,0.0023703314363956
2881,/tmp/DataSetCombined/Edges/Round-6_0005394_edge.png,12.38,12.348493,0.0023703314363956
2882,/tmp/DataSetCombined/Edges/Round-2_0075927_edge.png,64.81,63.22305,0.0023703314363956
2883,/tmp/DataSetCombined/Edges/Round-10_0128739_edge.png,64.17,63.633266,0.0023703314363956
2884,/tmp/DataSetCombined/Edges/Round-8_0040177_edge.png,40.49,40.521645,0.0023703314363956
2885,/tmp/DataSetCombined/Edges/Round-6_0043918_edge.png,43.14,43.617237,0.0023703314363956
2886,/tmp/DataSetCombined/Edges/Round-10_0142796_edge.png,63.58,63.484116,0.0023703314363956
2887,/tmp/DataSetCombined/Edges/Round-4_0076757_edge.png,3.35,2.5695238,0.0023703314363956
2888,/tmp/DataSetCombined/Edges/Round-5_0064811_edge.png,52.98,50.379406,0.0023703314363956
2889,/tmp/DataSetCombined/Edges/Round-6_0012524_edge.png,6.85,7.0760565,0.0023703314363956
2890,/tmp/DataSetCombined/Edges/Round-4_0050781_edge.png,60.61,59.93217,0.0023703314363956
2891,/tmp/DataSetCombined/Edges/Round-9_0128288_edge.png,9.14,9.267565,0.0023703314363956
2892,/tmp/DataSetCombined/Edges/Round-9_0194748_edge.png,64.03,62.646435,0.0023703314363956
2893,/tmp/DataSetCombined/Edges/Round-5_0103429_edge.png,47.9,45.800957,0.0023703314363956
2894,/tmp/DataSetCombined/Edges/Round-1_0028401_edge.png,5.53,5.0936117,0.0023703314363956
2895,/tmp/DataSetCombined/Edges/Round-8_0028872_edge.png,2.51,2.1997066,0.0023703314363956
2896,/tmp/DataSetCombined/Edges/Round-9_0153401_edge.png,9.36,9.645143,0.0023703314363956
2897,/tmp/DataSetCombined/Edges/Round-10_0166152_edge.png,48.3,46.552242,0.0023703314363956
2898,/tmp/DataSetCombined/Edges/Round-10_0106345_edge.png,44.93,44.55958,0.0023703314363956
2899,/tmp/DataSetCombined/Edges/Round-1_0108242_edge.png,60.54,61.838352,0.0023703314363956
2900,/tmp/DataSetCombined/Edges/Round-8_0032502_edge.png,65.15,62.171307,0.0023703314363956
2901,/tmp/DataSetCombined/Edges/Round-7_0037237_edge.png,64.9,64.13706,0.0023703314363956
2902,/tmp/DataSetCombined/Edges/Round-2_0096665_edge.png,64.66,62.840927,0.0023703314363956
2903,/tmp/DataSetCombined/Edges/Round-5_0093526_edge.png,5.36,5.149302,0.0023703314363956
2904,/tmp/DataSetCombined/Edges/Round-4_0012990_edge.png,5.96,5.9989214,0.0023703314363956
2905,/tmp/DataSetCombined/Edges/Round-8_0009837_edge.png,3.34,2.648548,0.0023703314363956
2906,/tmp/DataSetCombined/Edges/Round-9_0096142_edge.png,63.85,60.28785,0.0023703314363956
2907,/tmp/DataSetCombined/Edges/Round-9_0009335_edge.png,64.32,63.24084,0.0023703314363956
2908,/tmp/DataSetCombined/Edges/Round-7_0101500_edge.png,15.84,16.541567,0.0023703314363956
2909,/tmp/DataSetCombined/Edges/Round-1_0017800_edge.png,53.64,51.882366,0.0023703314363956
2910,/tmp/DataSetCombined/Edges/Round-9_0045364_edge.png,64.4,63.216473,0.0023703314363956
2911,/tmp/DataSetCombined/Edges/Round-2_0111354_edge.png,63.56,62.035522,0.0023703314363956
2912,/tmp/DataSetCombined/Edges/Round-5_0033869_edge.png,34.11,34.70447,0.0023703314363956
2913,/tmp/DataSetCombined/Edges/Round-5_0037691_edge.png,4.25,3.2243018,0.0023703314363956
2914,/tmp/DataSetCombined/Edges/Round-4_0047591_edge.png,3.15,2.4184973,0.0023703314363956
2915,/tmp/DataSetCombined/Edges/Round-4_0038139_edge.png,6.24,6.3910704,0.0023703314363956
2916,/tmp/DataSetCombined/Edges/Round-7_0040758_edge.png,3.76,2.910097,0.0023703314363956
2917,/tmp/DataSetCombined/Edges/Round-7_0045815_edge.png,27.81,28.248983,0.0023703314363956
2918,/tmp/DataSetCombined/Edges/Round-5_0082329_edge.png,3.43,2.6436884,0.0023703314363956
2919,/tmp/DataSetCombined/Edges/Round-7_0037418_edge.png,64.24,63.029137,0.0023703314363956
2920,/tmp/DataSetCombined/Edges/Round-7_0000425_edge.png,9.28,9.791626,0.0023703314363956
2921,/tmp/DataSetCombined/Edges/Round-8_0061199_edge.png,58.67,58.97762,0.0023703314363956
2922,/tmp/DataSetCombined/Edges/Round-3_0013276_edge.png,33.46,33.918736,0.0023703314363956
2923,/tmp/DataSetCombined/Edges/Round-8_0001963_edge.png,65.26,64.222565,0.0023703314363956
2924,/tmp/DataSetCombined/Edges/Round-6_0081784_edge.png,54.23,50.604713,0.0023703314363956
2925,/tmp/DataSetCombined/Edges/Round-10_0169162_edge.png,7.94,8.364395,0.0023703314363956
2926,/tmp/DataSetCombined/Edges/Round-6_0095930_edge.png,55.14,55.270622,0.0023703314363956
2927,/tmp/DataSetCombined/Edges/Round-8_0035211_edge.png,3.64,2.6729054,0.0023703314363956
2928,/tmp/DataSetCombined/Edges/Round-5_0097138_edge.png,4.78,4.035409,0.0023703314363956
2929,/tmp/DataSetCombined/Edges/Round-8_0005003_edge.png,57.38,55.863747,0.0023703314363956
2930,/tmp/DataSetCombined/Edges/Round-1_0005602_edge.png,64.16,63.60574,0.0023703314363956
2931,/tmp/DataSetCombined/Edges/Round-1_0088226_edge.png,63.97,63.674755,0.0023703314363956
2932,/tmp/DataSetCombined/Edges/Round-8_0010782_edge.png,48.64,47.996773,0.0023703314363956
2933,/tmp/DataSetCombined/Edges/Round-5_0040190_edge.png,4.46,3.6783566,0.0023703314363956
2934,/tmp/DataSetCombined/Edges/Round-1_0012334_edge.png,65.12,64.13106,0.0023703314363956
2935,/tmp/DataSetCombined/Edges/Round-8_0031731_edge.png,34.27,35.941124,0.0023703314363956
2936,/tmp/DataSetCombined/Edges/Round-2_0037800_edge.png,58.69,58.17659,0.0023703314363956
2937,/tmp/DataSetCombined/Edges/Round-8_0001152_edge.png,51.02,47.411316,0.0023703314363956
2938,/tmp/DataSetCombined/Edges/Round-8_0042687_edge.png,36.44,37.803036,0.0023703314363956
2939,/tmp/DataSetCombined/Edges/Round-10_0120762_edge.png,48.89,48.165203,0.0023703314363956
2940,/tmp/DataSetCombined/Edges/Round-3_0025225_edge.png,30.71,31.998701,0.0023703314363956
2941,/tmp/DataSetCombined/Edges/Round-8_0024116_edge.png,64.34,63.21538,0.0023703314363956
2942,/tmp/DataSetCombined/Edges/Round-1_0005272_edge.png,5.35,4.756567,0.0023703314363956
2943,/tmp/DataSetCombined/Edges/Round-7_0070196_edge.png,3.53,2.6447084,0.0023703314363956
2944,/tmp/DataSetCombined/Edges/Round-4_0090483_edge.png,3.81,2.9181383,0.0021968372166156
2945,/tmp/DataSetCombined/Edges/Round-8_0004028_edge.png,25.82,27.006796,0.0021968372166156
2946,/tmp/DataSetCombined/Edges/Round-5_0037420_edge.png,4.85,3.8466568,0.0021968372166156
2947,/tmp/DataSetCombined/Edges/Round-3_0038680_edge.png,3.6,2.7957263,0.0021968372166156
2948,/tmp/DataSetCombined/Edges/Round-3_0056951_edge.png,63.97,63.35896,0.0021968372166156
2949,/tmp/DataSetCombined/Edges/Round-8_0038251_edge.png,55.52,54.514065,0.0021968372166156
2950,/tmp/DataSetCombined/Edges/Round-10_0019597_edge.png,62.56,62.008423,0.0021968372166156
2951,/tmp/DataSetCombined/Edges/Round-5_0042387_edge.png,28.07,29.81729,0.0021968372166156
2952,/tmp/DataSetCombined/Edges/Round-10_0128498_edge.png,4.82,3.8607295,0.0021968372166156
2953,/tmp/DataSetCombined/Edges/Round-5_0085618_edge.png,42.98,42.99546,0.0021968372166156
2954,/tmp/DataSetCombined/Edges/Round-6_0060231_edge.png,64.45,63.08864,0.0021968372166156
2955,/tmp/DataSetCombined/Edges/Round-9_0062731_edge.png,7.56,7.915927,0.0021968372166156
2956,/tmp/DataSetCombined/Edges/Round-9_0158689_edge.png,64.04,62.884724,0.0021968372166156
2957,/tmp/DataSetCombined/Edges/Round-7_0024776_edge.png,33.6,35.124508,0.0021968372166156
2958,/tmp/DataSetCombined/Edges/Round-5_0096927_edge.png,4.36,3.5853972,0.0021968372166156
2959,/tmp/DataSetCombined/Edges/Round-5_0017555_edge.png,52.87,51.82996,0.0021968372166156
2960,/tmp/DataSetCombined/Edges/Round-1_0013167_edge.png,9.47,10.025554,0.0021968372166156
2961,/tmp/DataSetCombined/Edges/Round-8_0030678_edge.png,2.68,2.265979,0.0021968372166156
2962,/tmp/DataSetCombined/Edges/Round-5_0020565_edge.png,8.53,8.944353,0.0021968372166156
2963,/tmp/DataSetCombined/Edges/Round-10_0141592_edge.png,4.25,3.5195262,0.0021968372166156
2964,/tmp/DataSetCombined/Edges/Round-2_0088358_edge.png,51.61,53.33253,0.0021968372166156
2965,/tmp/DataSetCombined/Edges/Round-9_0154957_edge.png,64.27,62.553783,0.0021968372166156
2966,/tmp/DataSetCombined/Edges/Round-9_0187586_edge.png,46.59,45.47198,0.0021968372166156
2967,/tmp/DataSetCombined/Edges/Round-2_0043000_edge.png,40.79,40.44242,0.0021968372166156
2968,/tmp/DataSetCombined/Edges/Round-3_0082987_edge.png,63.5,61.39652,0.0021968372166156
2969,/tmp/DataSetCombined/Edges/Round-9_0049728_edge.png,64.35,63.25349,0.0021968372166156
2970,/tmp/DataSetCombined/Edges/Round-9_0101078_edge.png,64.65,62.890636,0.0021968372166156
2971,/tmp/DataSetCombined/Edges/Round-10_0143818_edge.png,3.16,2.4018998,0.0021968372166156
2972,/tmp/DataSetCombined/Edges/Round-8_0019902_edge.png,3.72,2.8444626,0.0021968372166156
2973,/tmp/DataSetCombined/Edges/Round-4_0071430_edge.png,57.93,57.310402,0.0021968372166156
2974,/tmp/DataSetCombined/Edges/Round-1_0161579_edge.png,3.21,2.4460683,0.0021968372166156
2975,/tmp/DataSetCombined/Edges/Round-8_0052297_edge.png,45.78,44.951168,0.0021968372166156
2976,/tmp/DataSetCombined/Edges/Round-5_0003122_edge.png,22.25,22.860723,0.0021968372166156
2977,/tmp/DataSetCombined/Edges/Round-3_0000567_edge.png,65.33,62.421608,0.0021968372166156
2978,/tmp/DataSetCombined/Edges/Round-4_0046868_edge.png,4.03,3.0716794,0.0021968372166156
2979,/tmp/DataSetCombined/Edges/Round-1_0073869_edge.png,65.21,62.880283,0.0021968372166156
2980,/tmp/DataSetCombined/Edges/Round-1_0018134_edge.png,61.4,61.417717,0.0021968372166156
2981,/tmp/DataSetCombined/Edges/Round-10_0112304_edge.png,38.07,38.081017,0.0021968372166156
2982,/tmp/DataSetCombined/Edges/Round-1_0051986_edge.png,3.39,2.518451,0.0021968372166156
2983,/tmp/DataSetCombined/Edges/Round-7_0025317_edge.png,46.74,47.47137,0.0021968372166156
2984,/tmp/DataSetCombined/Edges/Round-8_0072667_edge.png,4.27,3.2579148,0.0021968372166156
2985,/tmp/DataSetCombined/Edges/Round-2_0077178_edge.png,61.39,60.16415,0.0021968372166156
2986,/tmp/DataSetCombined/Edges/Round-5_0105446_edge.png,25.8,26.119598,0.0021968372166156
2987,/tmp/DataSetCombined/Edges/Round-1_0110590_edge.png,7.53,7.9617,0.0021968372166156
2988,/tmp/DataSetCombined/Edges/Round-10_0066613_edge.png,64.73,62.771614,0.0021968372166156
2989,/tmp/DataSetCombined/Edges/Round-10_0125127_edge.png,4.26,3.3614726,0.0021968372166156
2990,/tmp/DataSetCombined/Edges/Round-10_0076997_edge.png,5.61,5.1341834,0.0021968372166156
2991,/tmp/DataSetCombined/Edges/Round-7_0053039_edge.png,15.55,16.468407,0.0021968372166156
2992,/tmp/DataSetCombined/Edges/Round-2_0096906_edge.png,63.93,62.048447,0.0021968372166156
2993,/tmp/DataSetCombined/Edges/Round-3_0043195_edge.png,63.78,62.546204,0.0021968372166156
2994,/tmp/DataSetCombined/Edges/Round-5_0043530_edge.png,64.52,62.387634,0.0021968372166156
2995,/tmp/DataSetCombined/Edges/Round-1_0092320_edge.png,30.52,31.509253,0.0021968372166156
2996,/tmp/DataSetCombined/Edges/Round-7_0033986_edge.png,7.65,8.119823,0.0021968372166156
2997,/tmp/DataSetCombined/Edges/Round-4_0070165_edge.png,7.77,8.147659,0.0021968372166156
2998,/tmp/DataSetCombined/Edges/Round-1_0082056_edge.png,64.42,63.19251,0.0021968372166156
2999,/tmp/DataSetCombined/Edges/Round-7_0039856_edge.png,65.29,64.08423,0.0021968372166156
3000,/tmp/DataSetCombined/Edges/Round-7_0045243_edge.png,59.16,58.499813,0.0021968372166156
3001,/tmp/DataSetCombined/Edges/Round-8_0013702_edge.png,62.76,61.060333,0.0021968372166156
3002,/tmp/DataSetCombined/Edges/Round-2_0087726_edge.png,64.13,62.618855,0.0021968372166156
3003,/tmp/DataSetCombined/Edges/Round-6_0038138_edge.png,64.58,62.647125,0.0021968372166156
3004,/tmp/DataSetCombined/Edges/Round-10_0073506_edge.png,6.13,6.2804966,0.0021968372166156
3005,/tmp/DataSetCombined/Edges/Round-2_0088027_edge.png,63.0,61.097584,0.0021968372166156
3006,/tmp/DataSetCombined/Edges/Round-9_0103373_edge.png,20.23,21.227774,0.0021968372166156
3007,/tmp/DataSetCombined/Edges/Round-8_0012377_edge.png,32.09,33.396908,0.0021968372166156
3008,/tmp/DataSetCombined/Edges/Round-10_0189901_edge.png,47.82,45.685253,0.0027054250240325
3009,/tmp/DataSetCombined/Edges/Round-4_0052377_edge.png,53.81,52.319874,0.0027054250240325
3010,/tmp/DataSetCombined/Edges/Round-5_0011444_edge.png,23.57,25.190784,0.0027054250240325
3011,/tmp/DataSetCombined/Edges/Round-9_0088818_edge.png,55.54,54.531193,0.0027054250240325
3012,/tmp/DataSetCombined/Edges/Round-1_0011300_edge.png,4.22,3.3734193,0.0027054250240325
3013,/tmp/DataSetCombined/Edges/Round-2_0053472_edge.png,8.63,9.169141,0.0027054250240325
3014,/tmp/DataSetCombined/Edges/Round-4_0068360_edge.png,41.2,43.002796,0.0027054250240325
3015,/tmp/DataSetCombined/Edges/Round-6_0023420_edge.png,5.83,5.9771,0.0027054250240325
3016,/tmp/DataSetCombined/Edges/Round-7_0077269_edge.png,5.17,4.90983,0.0027054250240325
3017,/tmp/DataSetCombined/Edges/Round-3_0065589_edge.png,64.65,61.597187,0.0027054250240325
3018,/tmp/DataSetCombined/Edges/Round-4_0061226_edge.png,56.99,56.067204,0.0027054250240325
3019,/tmp/DataSetCombined/Edges/Round-8_0026151_edge.png,58.31,57.835773,0.0027054250240325
3020,/tmp/DataSetCombined/Edges/Round-1_0053734_edge.png,9.33,9.870868,0.0027054250240325
3021,/tmp/DataSetCombined/Edges/Round-8_0020282_edge.png,4.28,3.469302,0.0027054250240325
3022,/tmp/DataSetCombined/Edges/Round-4_0040096_edge.png,53.86,52.77368,0.0027054250240325
3023,/tmp/DataSetCombined/Edges/Round-1_0096926_edge.png,14.89,14.845779,0.0027054250240325
3024,/tmp/DataSetCombined/Edges/Round-5_0091058_edge.png,49.28,46.533306,0.0027054250240325
3025,/tmp/DataSetCombined/Edges/Round-1_0152880_edge.png,62.9,62.259,0.0027054250240325
3026,/tmp/DataSetCombined/Edges/Round-6_0010447_edge.png,3.31,2.642828,0.0027054250240325
3027,/tmp/DataSetCombined/Edges/Round-3_0073716_edge.png,5.17,5.005888,0.0027054250240325
3028,/tmp/DataSetCombined/Edges/Round-9_0069925_edge.png,63.83,62.66038,0.0027054250240325
3029,/tmp/DataSetCombined/Edges/Round-8_0007621_edge.png,7.28,7.571453,0.0027054250240325
3030,/tmp/DataSetCombined/Edges/Round-10_0035791_edge.png,50.22,49.44824,0.0027054250240325
3031,/tmp/DataSetCombined/Edges/Round-8_0007712_edge.png,8.32,8.740314,0.0027054250240325
3032,/tmp/DataSetCombined/Edges/Round-4_0008822_edge.png,2.72,2.198308,0.0027054250240325
3033,/tmp/DataSetCombined/Edges/Round-10_0088887_edge.png,3.56,2.7656493,0.0027054250240325
3034,/tmp/DataSetCombined/Edges/Round-10_0018634_edge.png,3.85,2.9514084,0.0027054250240325
3035,/tmp/DataSetCombined/Edges/Round-7_0037598_edge.png,5.88,5.769126,0.0027054250240325
3036,/tmp/DataSetCombined/Edges/Round-3_0020892_edge.png,49.76,49.103344,0.0027054250240325
3037,/tmp/DataSetCombined/Edges/Round-9_0126784_edge.png,30.26,31.677088,0.0027054250240325
3038,/tmp/DataSetCombined/Edges/Round-1_0065967_edge.png,64.96,62.813267,0.0027054250240325
3039,/tmp/DataSetCombined/Edges/Round-7_0092801_edge.png,60.32,61.39277,0.0027054250240325
3040,/tmp/DataSetCombined/Edges/Round-7_0019629_edge.png,3.8,2.9753206,0.0027054250240325
3041,/tmp/DataSetCombined/Edges/Round-8_0058189_edge.png,3.05,2.3701947,0.0027054250240325
3042,/tmp/DataSetCombined/Edges/Round-2_0072676_edge.png,64.12,63.50054,0.0027054250240325
3043,/tmp/DataSetCombined/Edges/Round-10_0082596_edge.png,3.65,2.837192,0.0027054250240325
3044,/tmp/DataSetCombined/Edges/Round-3_0009423_edge.png,54.58,52.53316,0.0027054250240325
3045,/tmp/DataSetCombined/Edges/Round-5_0043212_edge.png,62.5,61.514442,0.0027054250240325
3046,/tmp/DataSetCombined/Edges/Round-10_0040788_edge.png,64.2,63.097034,0.0027054250240325
3047,/tmp/DataSetCombined/Edges/Round-10_0074108_edge.png,65.23,62.833084,0.0027054250240325
3048,/tmp/DataSetCombined/Edges/Round-8_0005849_edge.png,6.99,7.042183,0.0027054250240325
3049,/tmp/DataSetCombined/Edges/Round-6_0056529_edge.png,51.26,50.87583,0.0027054250240325
3050,/tmp/DataSetCombined/Edges/Round-8_0039726_edge.png,65.24,61.83647,0.0027054250240325
3051,/tmp/DataSetCombined/Edges/Round-9_0133164_edge.png,61.77,60.231377,0.0027054250240325
3052,/tmp/DataSetCombined/Edges/Round-10_0028447_edge.png,64.79,62.886463,0.0027054250240325
3053,/tmp/DataSetCombined/Edges/Round-9_0109356_edge.png,61.62,62.468513,0.0027054250240325
3054,/tmp/DataSetCombined/Edges/Round-8_0004870_edge.png,64.68,62.97258,0.0027054250240325
3055,/tmp/DataSetCombined/Edges/Round-7_0060053_edge.png,63.38,63.20924,0.0027054250240325
3056,/tmp/DataSetCombined/Edges/Round-9_0189511_edge.png,6.03,5.7100163,0.0027054250240325
3057,/tmp/DataSetCombined/Edges/Round-9_0151706_edge.png,59.41,57.359657,0.0027054250240325
3058,/tmp/DataSetCombined/Edges/Round-1_0146499_edge.png,2.66,2.2952085,0.0027054250240325
3059,/tmp/DataSetCombined/Edges/Round-3_0026767_edge.png,21.28,22.401085,0.0027054250240325
3060,/tmp/DataSetCombined/Edges/Round-3_0041750_edge.png,52.21,50.50977,0.0027054250240325
3061,/tmp/DataSetCombined/Edges/Round-6_0069081_edge.png,7.88,8.364844,0.0027054250240325
3062,/tmp/DataSetCombined/Edges/Round-1_0109176_edge.png,5.61,5.4883633,0.0027054250240325
3063,/tmp/DataSetCombined/Edges/Round-4_0066252_edge.png,6.62,6.9641643,0.0027054250240325
3064,/tmp/DataSetCombined/Edges/Round-9_0154415_edge.png,64.02,63.008564,0.0027054250240325
3065,/tmp/DataSetCombined/Edges/Round-1_0159291_edge.png,64.35,63.130077,0.0027054250240325
3066,/tmp/DataSetCombined/Edges/Round-10_0010056_edge.png,64.34,63.568775,0.0027054250240325
3067,/tmp/DataSetCombined/Edges/Round-9_0082145_edge.png,28.05,28.954527,0.0027054250240325
3068,/tmp/DataSetCombined/Edges/Round-9_0004067_edge.png,5.14,4.621181,0.0027054250240325
3069,/tmp/DataSetCombined/Edges/Round-9_0108693_edge.png,4.2,3.213474,0.0027054250240325
3070,/tmp/DataSetCombined/Edges/Round-10_0145926_edge.png,9.04,9.68684,0.0027054250240325
3071,/tmp/DataSetCombined/Edges/Round-9_0006987_edge.png,3.5,2.755624,0.0027054250240325
3072,/tmp/DataSetCombined/Edges/Round-3_0027821_edge.png,64.48,62.80286,0.0023342221975326
3073,/tmp/DataSetCombined/Edges/Round-10_0006031_edge.png,28.49,30.131987,0.0023342221975326
3074,/tmp/DataSetCombined/Edges/Round-9_0003465_edge.png,58.84,59.596745,0.0023342221975326
3075,/tmp/DataSetCombined/Edges/Round-7_0005181_edge.png,3.71,2.9045308,0.0023342221975326
3076,/tmp/DataSetCombined/Edges/Round-7_0038802_edge.png,7.29,7.609366,0.0023342221975326
3077,/tmp/DataSetCombined/Edges/Round-9_0159201_edge.png,6.87,6.823567,0.0023342221975326
3078,/tmp/DataSetCombined/Edges/Round-9_0043317_edge.png,64.19,62.57622,0.0023342221975326
3079,/tmp/DataSetCombined/Edges/Round-6_0073024_edge.png,64.47,63.915913,0.0023342221975326
3080,/tmp/DataSetCombined/Edges/Round-9_0106526_edge.png,61.47,62.05569,0.0023342221975326
3081,/tmp/DataSetCombined/Edges/Round-7_0026612_edge.png,64.2,63.396755,0.0023342221975326
3082,/tmp/DataSetCombined/Edges/Round-10_0140688_edge.png,63.7,63.324894,0.0023342221975326
3083,/tmp/DataSetCombined/Edges/Round-8_0058279_edge.png,3.21,2.4465027,0.0023342221975326
3084,/tmp/DataSetCombined/Edges/Round-8_0072486_edge.png,55.91,54.07691,0.0023342221975326
3085,/tmp/DataSetCombined/Edges/Round-7_0057343_edge.png,3.33,2.5875347,0.0023342221975326
3086,/tmp/DataSetCombined/Edges/Round-9_0145445_edge.png,9.18,9.783196,0.0023342221975326
3087,/tmp/DataSetCombined/Edges/Round-10_0029982_edge.png,57.6,58.20772,0.0023342221975326
3088,/tmp/DataSetCombined/Edges/Round-1_0121095_edge.png,5.27,4.885025,0.0023342221975326
3089,/tmp/DataSetCombined/Edges/Round-3_0039974_edge.png,6.51,6.763994,0.0023342221975326
3090,/tmp/DataSetCombined/Edges/Round-9_0151074_edge.png,63.86,62.490574,0.0023342221975326
3091,/tmp/DataSetCombined/Edges/Round-6_0130484_edge.png,21.94,22.948257,0.0023342221975326
3092,/tmp/DataSetCombined/Edges/Round-5_0030108_edge.png,2.74,2.2564542,0.0023342221975326
3093,/tmp/DataSetCombined/Edges/Round-5_0099035_edge.png,64.41,63.16956,0.0023342221975326
3094,/tmp/DataSetCombined/Edges/Round-1_0154144_edge.png,7.49,7.872734,0.0023342221975326
3095,/tmp/DataSetCombined/Edges/Round-3_0039221_edge.png,52.37,50.153362,0.0023342221975326
3096,/tmp/DataSetCombined/Edges/Round-1_0002234_edge.png,5.88,5.907497,0.0023342221975326
3097,/tmp/DataSetCombined/Edges/Round-6_0052586_edge.png,7.91,7.965074,0.0023342221975326
3098,/tmp/DataSetCombined/Edges/Round-6_0062399_edge.png,51.41,49.53829,0.0023342221975326
3099,/tmp/DataSetCombined/Edges/Round-5_0064600_edge.png,53.37,50.997707,0.0023342221975326
3100,/tmp/DataSetCombined/Edges/Round-8_0020613_edge.png,64.85,63.284565,0.0023342221975326
3101,/tmp/DataSetCombined/Edges/Round-10_0157725_edge.png,65.33,63.995914,0.0023342221975326
3102,/tmp/DataSetCombined/Edges/Round-9_0192973_edge.png,3.4,2.5708911,0.0023342221975326
3103,/tmp/DataSetCombined/Edges/Round-7_0060835_edge.png,3.91,3.1569185,0.0023342221975326
3104,/tmp/DataSetCombined/Edges/Round-8_0002173_edge.png,6.82,6.9807,0.0023342221975326
3105,/tmp/DataSetCombined/Edges/Round-7_0035401_edge.png,65.27,62.67307,0.0023342221975326
3106,/tmp/DataSetCombined/Edges/Round-10_0195921_edge.png,26.51,26.746912,0.0023342221975326
3107,/tmp/DataSetCombined/Edges/Round-6_0117090_edge.png,3.69,2.8376856,0.0023342221975326
3108,/tmp/DataSetCombined/Edges/Round-6_0007678_edge.png,3.25,2.4912777,0.0023342221975326
3109,/tmp/DataSetCombined/Edges/Round-9_0024475_edge.png,5.2,4.88044,0.0023342221975326
3110,/tmp/DataSetCombined/Edges/Round-3_0070284_edge.png,64.5,62.89044,0.0023342221975326
3111,/tmp/DataSetCombined/Edges/Round-4_0009575_edge.png,64.76,63.4003,0.0023342221975326
3112,/tmp/DataSetCombined/Edges/Round-10_0030192_edge.png,3.6,2.6614,0.0023342221975326
3113,/tmp/DataSetCombined/Edges/Round-9_0063755_edge.png,3.47,2.6364965,0.0023342221975326
3114,/tmp/DataSetCombined/Edges/Round-10_0174520_edge.png,9.32,9.976497,0.0023342221975326
3115,/tmp/DataSetCombined/Edges/Round-1_0003301_edge.png,3.31,2.631156,0.0023342221975326
3116,/tmp/DataSetCombined/Edges/Round-1_0043000_edge.png,6.99,7.355233,0.0023342221975326
3117,/tmp/DataSetCombined/Edges/Round-5_0012679_edge.png,63.84,63.398518,0.0023342221975326
3118,/tmp/DataSetCombined/Edges/Round-9_0078353_edge.png,55.3,54.011906,0.0023342221975326
3119,/tmp/DataSetCombined/Edges/Round-3_0067786_edge.png,5.98,5.8091135,0.0023342221975326
3120,/tmp/DataSetCombined/Edges/Round-6_0011862_edge.png,36.04,36.979515,0.0023342221975326
3121,/tmp/DataSetCombined/Edges/Round-6_0133795_edge.png,5.62,5.4990215,0.0023342221975326
3122,/tmp/DataSetCombined/Edges/Round-2_0065151_edge.png,4.74,3.7788918,0.0023342221975326
3123,/tmp/DataSetCombined/Edges/Round-7_0088587_edge.png,12.42,12.5821085,0.0023342221975326
3124,/tmp/DataSetCombined/Edges/Round-10_0183912_edge.png,4.35,3.6076887,0.0023342221975326
3125,/tmp/DataSetCombined/Edges/Round-10_0030781_edge.png,2.67,2.211398,0.0023342221975326
3126,/tmp/DataSetCombined/Edges/Round-5_0053072_edge.png,7.86,8.30642,0.0023342221975326
3127,/tmp/DataSetCombined/Edges/Round-5_0069567_edge.png,23.66,22.729101,0.0023342221975326
3128,/tmp/DataSetCombined/Edges/Round-8_0068451_edge.png,60.5,58.832096,0.0023342221975326
3129,/tmp/DataSetCombined/Edges/Round-8_0018144_edge.png,62.81,61.335396,0.0023342221975326
3130,/tmp/DataSetCombined/Edges/Round-7_0005060_edge.png,9.12,9.713683,0.0023342221975326
3131,/tmp/DataSetCombined/Edges/Round-1_0125128_edge.png,6.36,6.591112,0.0023342221975326
3132,/tmp/DataSetCombined/Edges/Round-6_0130725_edge.png,59.7,56.20679,0.0023342221975326
3133,/tmp/DataSetCombined/Edges/Round-6_0080639_edge.png,9.72,10.196059,0.0023342221975326
3134,/tmp/DataSetCombined/Edges/Round-9_0019900_edge.png,65.37,63.83022,0.0023342221975326
3135,/tmp/DataSetCombined/Edges/Round-5_0066798_edge.png,4.63,3.9032624,0.0023342221975326
3136,/tmp/DataSetCombined/Edges/Round-1_0114082_edge.png,19.99,20.953451,0.0024073272943496
3137,/tmp/DataSetCombined/Edges/Round-1_0126513_edge.png,60.43,60.99235,0.0024073272943496
3138,/tmp/DataSetCombined/Edges/Round-8_0044331_edge.png,30.25,30.6723,0.0024073272943496
3139,/tmp/DataSetCombined/Edges/Round-1_0122750_edge.png,64.18,62.532867,0.0024073272943496
3140,/tmp/DataSetCombined/Edges/Round-10_0111642_edge.png,8.0,8.184283,0.0024073272943496
3141,/tmp/DataSetCombined/Edges/Round-3_0049576_edge.png,63.79,62.860157,0.0024073272943496
3142,/tmp/DataSetCombined/Edges/Round-10_0109692_edge.png,26.73,27.23871,0.0024073272943496
3143,/tmp/DataSetCombined/Edges/Round-7_0105774_edge.png,64.41,62.050686,0.0024073272943496
3144,/tmp/DataSetCombined/Edges/Round-8_0077712_edge.png,35.78,37.71449,0.0024073272943496
3145,/tmp/DataSetCombined/Edges/Round-6_0088736_edge.png,63.16,62.080822,0.0024073272943496
3146,/tmp/DataSetCombined/Edges/Round-6_0017911_edge.png,64.27,62.99453,0.0024073272943496
3147,/tmp/DataSetCombined/Edges/Round-9_0075494_edge.png,4.15,3.2092438,0.0024073272943496
3148,/tmp/DataSetCombined/Edges/Round-9_0145205_edge.png,63.96,63.599464,0.0024073272943496
3149,/tmp/DataSetCombined/Edges/Round-1_0142917_edge.png,6.94,7.251809,0.0024073272943496
3150,/tmp/DataSetCombined/Edges/Round-7_0034859_edge.png,6.81,7.038686,0.0024073272943496
3151,/tmp/DataSetCombined/Edges/Round-10_0191467_edge.png,64.98,64.36393,0.0024073272943496
3152,/tmp/DataSetCombined/Edges/Round-10_0037055_edge.png,26.96,28.68514,0.0024073272943496
3153,/tmp/DataSetCombined/Edges/Round-6_0051683_edge.png,32.7,34.449707,0.0024073272943496
3154,/tmp/DataSetCombined/Edges/Round-6_0122357_edge.png,6.47,6.6335616,0.0024073272943496
3155,/tmp/DataSetCombined/Edges/Round-5_0029756_edge.png,47.97,47.948364,0.0024073272943496
3156,/tmp/DataSetCombined/Edges/Round-10_0015625_edge.png,2.91,2.3438041,0.0024073272943496
3157,/tmp/DataSetCombined/Edges/Round-10_0070917_edge.png,50.57,48.14038,0.0024073272943496
3158,/tmp/DataSetCombined/Edges/Round-3_0027467_edge.png,64.5,62.921627,0.0024073272943496
3159,/tmp/DataSetCombined/Edges/Round-10_0051271_edge.png,4.16,3.1855023,0.0024073272943496
3160,/tmp/DataSetCombined/Edges/Round-4_0084824_edge.png,7.42,7.427969,0.0024073272943496
3161,/tmp/DataSetCombined/Edges/Round-7_0078293_edge.png,64.59,61.911785,0.0024073272943496
3162,/tmp/DataSetCombined/Edges/Round-4_0012466_edge.png,3.87,2.958377,0.0024073272943496
3163,/tmp/DataSetCombined/Edges/Round-9_0187435_edge.png,5.74,5.636611,0.0024073272943496
3164,/tmp/DataSetCombined/Edges/Round-9_0036996_edge.png,54.6,52.851864,0.0024073272943496
3165,/tmp/DataSetCombined/Edges/Round-10_0137055_edge.png,61.26,61.263264,0.0024073272943496
3166,/tmp/DataSetCombined/Edges/Round-5_0070048_edge.png,61.3,59.556965,0.0024073272943496
3167,/tmp/DataSetCombined/Edges/Round-10_0159350_edge.png,7.56,7.9231944,0.0024073272943496
3168,/tmp/DataSetCombined/Edges/Round-6_0109565_edge.png,60.72,60.85358,0.0024073272943496
3169,/tmp/DataSetCombined/Edges/Round-9_0102071_edge.png,8.09,8.557339,0.0024073272943496
3170,/tmp/DataSetCombined/Edges/Round-8_0032622_edge.png,59.69,56.133335,0.0024073272943496
3171,/tmp/DataSetCombined/Edges/Round-9_0049307_edge.png,60.97,61.41655,0.0024073272943496
3172,/tmp/DataSetCombined/Edges/Round-9_0127325_edge.png,9.2,9.768427,0.0024073272943496
3173,/tmp/DataSetCombined/Edges/Round-9_0075855_edge.png,56.44,57.68514,0.0024073272943496
3174,/tmp/DataSetCombined/Edges/Round-6_0087261_edge.png,38.8,40.114178,0.0024073272943496
3175,/tmp/DataSetCombined/Edges/Round-1_0077151_edge.png,5.2,4.5946455,0.0024073272943496
3176,/tmp/DataSetCombined/Edges/Round-1_0087985_edge.png,3.09,2.4190028,0.0024073272943496
3177,/tmp/DataSetCombined/Edges/Round-9_0083921_edge.png,4.81,3.9087229,0.0024073272943496
3178,/tmp/DataSetCombined/Edges/Round-2_0099856_edge.png,65.09,61.83891,0.0024073272943496
3179,/tmp/DataSetCombined/Edges/Round-7_0009064_edge.png,3.12,2.3927884,0.0024073272943496
3180,/tmp/DataSetCombined/Edges/Round-6_0052797_edge.png,60.61,61.42567,0.0024073272943496
3181,/tmp/DataSetCombined/Edges/Round-6_0015172_edge.png,63.98,62.829975,0.0024073272943496
3182,/tmp/DataSetCombined/Edges/Round-1_0033836_edge.png,63.8,62.396603,0.0024073272943496
3183,/tmp/DataSetCombined/Edges/Round-3_0022246_edge.png,14.49,14.894772,0.0024073272943496
3184,/tmp/DataSetCombined/Edges/Round-3_0033582_edge.png,62.17,59.629536,0.0024073272943496
3185,/tmp/DataSetCombined/Edges/Round-10_0095810_edge.png,51.09,49.107395,0.0024073272943496
3186,/tmp/DataSetCombined/Edges/Round-8_0034380_edge.png,64.34,63.15085,0.0024073272943496
3187,/tmp/DataSetCombined/Edges/Round-10_0153781_edge.png,18.02,18.517832,0.0024073272943496
3188,/tmp/DataSetCombined/Edges/Round-5_0024207_edge.png,51.67,63.801594,0.0024073272943496
3189,/tmp/DataSetCombined/Edges/Round-6_0109534_edge.png,3.76,2.871544,0.0024073272943496
3190,/tmp/DataSetCombined/Edges/Round-1_0059401_edge.png,63.5,61.905685,0.0024073272943496
3191,/tmp/DataSetCombined/Edges/Round-7_0045905_edge.png,5.07,4.375481,0.0024073272943496
3192,/tmp/DataSetCombined/Edges/Round-3_0021312_edge.png,63.91,62.588963,0.0024073272943496
3193,/tmp/DataSetCombined/Edges/Round-1_0060201_edge.png,20.91,21.631605,0.0024073272943496
3194,/tmp/DataSetCombined/Edges/Round-10_0014150_edge.png,11.97,10.374526,0.0024073272943496
3195,/tmp/DataSetCombined/Edges/Round-8_0046017_edge.png,57.19,57.379856,0.0024073272943496
3196,/tmp/DataSetCombined/Edges/Round-7_0061588_edge.png,32.58,32.716366,0.0024073272943496
3197,/tmp/DataSetCombined/Edges/Round-7_0005091_edge.png,63.61,62.869892,0.0024073272943496
3198,/tmp/DataSetCombined/Edges/Round-10_0157544_edge.png,4.09,3.25304,0.0024073272943496
3199,/tmp/DataSetCombined/Edges/Round-8_0048311_edge.png,3.83,3.0178413,0.0024073272943496
3200,/tmp/DataSetCombined/Edges/Round-2_0004600_edge.png,57.89,56.166687,0.0027214139699935
3201,/tmp/DataSetCombined/Edges/Round-3_0035267_edge.png,3.69,2.8814678,0.0027214139699935
3202,/tmp/DataSetCombined/Edges/Round-8_0057274_edge.png,62.69,62.829433,0.0027214139699935
3203,/tmp/DataSetCombined/Edges/Round-9_0112035_edge.png,24.06,24.584032,0.0027214139699935
3204,/tmp/DataSetCombined/Edges/Round-10_0093161_edge.png,63.89,62.39651,0.0027214139699935
3205,/tmp/DataSetCombined/Edges/Round-1_0025367_edge.png,4.57,3.6283553,0.0027214139699935
3206,/tmp/DataSetCombined/Edges/Round-5_0050845_edge.png,64.33,62.474678,0.0027214139699935
3207,/tmp/DataSetCombined/Edges/Round-2_0061389_edge.png,42.89,42.258457,0.0027214139699935
3208,/tmp/DataSetCombined/Edges/Round-9_0175906_edge.png,61.28,62.748085,0.0027214139699935
3209,/tmp/DataSetCombined/Edges/Round-10_0004394_edge.png,8.14,8.510218,0.0027214139699935
3210,/tmp/DataSetCombined/Edges/Round-5_0029444_edge.png,7.0,7.319394,0.0027214139699935
3211,/tmp/DataSetCombined/Edges/Round-6_0019688_edge.png,5.32,4.9217196,0.0027214139699935
3212,/tmp/DataSetCombined/Edges/Round-10_0173467_edge.png,4.55,3.8645995,0.0027214139699935
3213,/tmp/DataSetCombined/Edges/Round-5_0046480_edge.png,63.24,62.034016,0.0027214139699935
3214,/tmp/DataSetCombined/Edges/Round-9_0052377_edge.png,64.55,63.762318,0.0027214139699935
3215,/tmp/DataSetCombined/Edges/Round-3_0078291_edge.png,60.99,60.675488,0.0027214139699935
3216,/tmp/DataSetCombined/Edges/Round-5_0051087_edge.png,7.17,7.2529716,0.0027214139699935
3217,/tmp/DataSetCombined/Edges/Round-8_0077411_edge.png,52.49,52.509552,0.0027214139699935
3218,/tmp/DataSetCombined/Edges/Round-2_0093535_edge.png,53.75,53.880615,0.0027214139699935
3219,/tmp/DataSetCombined/Edges/Round-6_0018423_edge.png,61.84,62.035137,0.0027214139699935
3220,/tmp/DataSetCombined/Edges/Round-7_0043197_edge.png,43.76,43.199768,0.0027214139699935
3221,/tmp/DataSetCombined/Edges/Round-10_0023510_edge.png,65.38,63.000713,0.0027214139699935
3222,/tmp/DataSetCombined/Edges/Round-1_0043367_edge.png,7.85,8.175687,0.0027214139699935
3223,/tmp/DataSetCombined/Edges/Round-6_0105953_edge.png,64.53,63.0193,0.0027214139699935
3224,/tmp/DataSetCombined/Edges/Round-10_0073175_edge.png,64.05,63.115547,0.0027214139699935
3225,/tmp/DataSetCombined/Edges/Round-9_0053702_edge.png,49.61,51.44518,0.0027214139699935
3226,/tmp/DataSetCombined/Edges/Round-4_0091115_edge.png,3.69,2.8780007,0.0027214139699935
3227,/tmp/DataSetCombined/Edges/Round-8_0010499_edge.png,64.35,63.142193,0.0027214139699935
3228,/tmp/DataSetCombined/Edges/Round-4_0056199_edge.png,9.78,10.355359,0.0027214139699935
3229,/tmp/DataSetCombined/Edges/Round-6_0014540_edge.png,62.4,61.80391,0.0027214139699935
3230,/tmp/DataSetCombined/Edges/Round-10_0155046_edge.png,4.87,4.1948953,0.0027214139699935
3231,/tmp/DataSetCombined/Edges/Round-1_0078775_edge.png,64.3,63.2262,0.0027214139699935
3232,/tmp/DataSetCombined/Edges/Round-5_0038444_edge.png,26.73,27.49111,0.0027214139699935
3233,/tmp/DataSetCombined/Edges/Round-2_0106719_edge.png,65.22,63.849438,0.0027214139699935
3234,/tmp/DataSetCombined/Edges/Round-4_0050841_edge.png,57.45,55.979668,0.0027214139699935
3235,/tmp/DataSetCombined/Edges/Round-8_0063607_edge.png,64.01,62.449184,0.0027214139699935
3236,/tmp/DataSetCombined/Edges/Round-7_0067547_edge.png,25.07,25.477507,0.0027214139699935
3237,/tmp/DataSetCombined/Edges/Round-10_0064687_edge.png,62.83,61.30897,0.0027214139699935
3238,/tmp/DataSetCombined/Edges/Round-8_0046529_edge.png,17.99,18.163084,0.0027214139699935
3239,/tmp/DataSetCombined/Edges/Round-3_0049335_edge.png,60.11,58.637783,0.0027214139699935
3240,/tmp/DataSetCombined/Edges/Round-10_0194145_edge.png,57.32,56.499012,0.0027214139699935
3241,/tmp/DataSetCombined/Edges/Round-3_0048974_edge.png,62.19,58.60223,0.0027214139699935
3242,/tmp/DataSetCombined/Edges/Round-7_0136596_edge.png,2.88,2.2948594,0.0027214139699935
3243,/tmp/DataSetCombined/Edges/Round-8_0010451_edge.png,62.79,59.926716,0.0027214139699935
3244,/tmp/DataSetCombined/Edges/Round-1_0126092_edge.png,29.81,31.45252,0.0027214139699935
3245,/tmp/DataSetCombined/Edges/Round-10_0033534_edge.png,64.83,63.331524,0.0027214139699935
3246,/tmp/DataSetCombined/Edges/Round-10_0141290_edge.png,11.97,10.270839,0.0027214139699935
3247,/tmp/DataSetCombined/Edges/Round-2_0092782_edge.png,5.41,5.233762,0.0027214139699935
3248,/tmp/DataSetCombined/Edges/Round-10_0197787_edge.png,61.97,61.95181,0.0027214139699935
3249,/tmp/DataSetCombined/Edges/Round-6_0108331_edge.png,63.97,63.473362,0.0027214139699935
3250,/tmp/DataSetCombined/Edges/Round-7_0069564_edge.png,54.47,56.093235,0.0027214139699935
3251,/tmp/DataSetCombined/Edges/Round-3_0033051_edge.png,8.74,8.952451,0.0027214139699935
3252,/tmp/DataSetCombined/Edges/Round-7_0096671_edge.png,5.36,5.281572,0.0027214139699935
3253,/tmp/DataSetCombined/Edges/Round-10_0082054_edge.png,62.87,61.929867,0.0027214139699935
3254,/tmp/DataSetCombined/Edges/Round-6_0044941_edge.png,3.56,2.6548898,0.0027214139699935
3255,/tmp/DataSetCombined/Edges/Round-1_0085527_edge.png,5.77,5.4464016,0.0027214139699935
3256,/tmp/DataSetCombined/Edges/Round-10_0053429_edge.png,5.43,5.1755896,0.0027214139699935
3257,/tmp/DataSetCombined/Edges/Round-7_0038290_edge.png,54.65,53.612526,0.0027214139699935
3258,/tmp/DataSetCombined/Edges/Round-6_0122477_edge.png,6.71,6.8877974,0.0027214139699935
3259,/tmp/DataSetCombined/Edges/Round-3_0080909_edge.png,2.51,2.1985068,0.0027214139699935
3260,/tmp/DataSetCombined/Edges/Round-8_0010180_edge.png,56.93,55.281277,0.0027214139699935
3261,/tmp/DataSetCombined/Edges/Round-5_0023394_edge.png,32.79,32.85359,0.0027214139699935
3262,/tmp/DataSetCombined/Edges/Round-8_0027325_edge.png,64.71,63.113293,0.0027214139699935
3263,/tmp/DataSetCombined/Edges/Round-7_0059390_edge.png,45.29,44.494793,0.0027214139699935
3264,/tmp/DataSetCombined/Edges/Round-5_0121881_edge.png,5.5,5.1136236,0.002451654523611
3265,/tmp/DataSetCombined/Edges/Round-1_0107671_edge.png,64.36,62.27404,0.002451654523611
3266,/tmp/DataSetCombined/Edges/Round-2_0071541_edge.png,11.73,12.232219,0.002451654523611
3267,/tmp/DataSetCombined/Edges/Round-6_0047830_edge.png,62.34,60.117695,0.002451654523611
3268,/tmp/DataSetCombined/Edges/Round-1_0130215_edge.png,3.91,2.9545274,0.002451654523611
3269,/tmp/DataSetCombined/Edges/Round-8_0078554_edge.png,58.39,59.442005,0.002451654523611
3270,/tmp/DataSetCombined/Edges/Round-2_0060600_edge.png,5.78,5.900733,0.002451654523611
3271,/tmp/DataSetCombined/Edges/Round-1_0006300_edge.png,57.41,53.973896,0.002451654523611
3272,/tmp/DataSetCombined/Edges/Round-4_0005542_edge.png,6.13,5.9527297,0.002451654523611
3273,/tmp/DataSetCombined/Edges/Round-9_0049186_edge.png,53.55,53.169903,0.002451654523611
3274,/tmp/DataSetCombined/Edges/Round-9_0012555_edge.png,5.17,4.8864264,0.002451654523611
3275,/tmp/DataSetCombined/Edges/Round-9_0009064_edge.png,4.88,4.2007422,0.002451654523611
3276,/tmp/DataSetCombined/Edges/Round-8_0070680_edge.png,60.47,59.371624,0.002451654523611
3277,/tmp/DataSetCombined/Edges/Round-9_0017793_edge.png,2.93,2.3246553,0.002451654523611
3278,/tmp/DataSetCombined/Edges/Round-6_0035610_edge.png,7.83,8.2803955,0.002451654523611
3279,/tmp/DataSetCombined/Edges/Round-8_0053433_edge.png,9.48,10.036719,0.002451654523611
3280,/tmp/DataSetCombined/Edges/Round-10_0106555_edge.png,3.36,2.620304,0.002451654523611
3281,/tmp/DataSetCombined/Edges/Round-7_0053190_edge.png,63.8,61.86354,0.002451654523611
3282,/tmp/DataSetCombined/Edges/Round-5_0033628_edge.png,41.6,40.562805,0.002451654523611
3283,/tmp/DataSetCombined/Edges/Round-7_0062882_edge.png,11.48,11.873948,0.002451654523611
3284,/tmp/DataSetCombined/Edges/Round-1_0102824_edge.png,8.37,8.97329,0.002451654523611
3285,/tmp/DataSetCombined/Edges/Round-1_0003634_edge.png,12.76,13.266012,0.002451654523611
3286,/tmp/DataSetCombined/Edges/Round-1_0016201_edge.png,62.29,61.797894,0.002451654523611
3287,/tmp/DataSetCombined/Edges/Round-5_0116853_edge.png,64.82,63.33955,0.002451654523611
3288,/tmp/DataSetCombined/Edges/Round-5_0044253_edge.png,64.28,63.538387,0.002451654523611
3289,/tmp/DataSetCombined/Edges/Round-1_0024800_edge.png,2.59,2.2218082,0.002451654523611
3290,/tmp/DataSetCombined/Edges/Round-10_0140779_edge.png,7.72,7.8907757,0.002451654523611
3291,/tmp/DataSetCombined/Edges/Round-1_0071734_edge.png,64.48,62.348774,0.002451654523611
3292,/tmp/DataSetCombined/Edges/Round-10_0169554_edge.png,7.11,7.4108953,0.002451654523611
3293,/tmp/DataSetCombined/Edges/Round-6_0105441_edge.png,64.62,62.90541,0.002451654523611
3294,/tmp/DataSetCombined/Edges/Round-7_0071490_edge.png,6.57,6.679041,0.002451654523611
3295,/tmp/DataSetCombined/Edges/Round-9_0088455_edge.png,5.19,4.550036,0.002451654523611
3296,/tmp/DataSetCombined/Edges/Round-3_0088976_edge.png,61.81,60.37663,0.002451654523611
3297,/tmp/DataSetCombined/Edges/Round-10_0097164_edge.png,64.29,62.596004,0.002451654523611
3298,/tmp/DataSetCombined/Edges/Round-2_0084967_edge.png,2.8,2.3365598,0.002451654523611
3299,/tmp/DataSetCombined/Edges/Round-8_0059032_edge.png,54.67,53.36546,0.002451654523611
3300,/tmp/DataSetCombined/Edges/Round-2_0061719_edge.png,5.35,5.0352387,0.002451654523611
3301,/tmp/DataSetCombined/Edges/Round-7_0057494_edge.png,52.58,51.743183,0.002451654523611
3302,/tmp/DataSetCombined/Edges/Round-5_0045428_edge.png,46.9,47.65372,0.002451654523611
3303,/tmp/DataSetCombined/Edges/Round-6_0117180_edge.png,44.94,44.333538,0.002451654523611
3304,/tmp/DataSetCombined/Edges/Round-9_0048645_edge.png,2.91,2.3043172,0.002451654523611
3305,/tmp/DataSetCombined/Edges/Round-8_0074070_edge.png,9.83,10.456689,0.002451654523611
3306,/tmp/DataSetCombined/Edges/Round-5_0066828_edge.png,6.09,6.17082,0.002451654523611
3307,/tmp/DataSetCombined/Edges/Round-3_0020590_edge.png,5.96,5.9758024,0.002451654523611
3308,/tmp/DataSetCombined/Edges/Round-9_0084885_edge.png,63.84,62.59212,0.002451654523611
3309,/tmp/DataSetCombined/Edges/Round-5_0060567_edge.png,57.68,55.711777,0.002451654523611
3310,/tmp/DataSetCombined/Edges/Round-8_0019439_edge.png,6.9,7.1900215,0.002451654523611
3311,/tmp/DataSetCombined/Edges/Round-2_0066536_edge.png,5.24,4.6774497,0.002451654523611
3312,/tmp/DataSetCombined/Edges/Round-5_0004091_edge.png,63.69,62.97942,0.002451654523611
3313,/tmp/DataSetCombined/Edges/Round-7_0135784_edge.png,2.59,2.2227297,0.002451654523611
3314,/tmp/DataSetCombined/Edges/Round-4_0080580_edge.png,62.65,62.690166,0.002451654523611
3315,/tmp/DataSetCombined/Edges/Round-5_0099636_edge.png,31.98,33.00772,0.002451654523611
3316,/tmp/DataSetCombined/Edges/Round-5_0063921_edge.png,7.74,8.171822,0.002451654523611
3317,/tmp/DataSetCombined/Edges/Round-5_0075165_edge.png,2.46,2.1926827,0.002451654523611
3318,/tmp/DataSetCombined/Edges/Round-5_0103038_edge.png,2.99,2.3601377,0.002451654523611
3319,/tmp/DataSetCombined/Edges/Round-6_0101378_edge.png,60.74,59.625454,0.002451654523611
3320,/tmp/DataSetCombined/Edges/Round-3_0059431_edge.png,3.41,2.541054,0.002451654523611
3321,/tmp/DataSetCombined/Edges/Round-8_0041393_edge.png,4.86,4.366441,0.002451654523611
3322,/tmp/DataSetCombined/Edges/Round-9_0044280_edge.png,6.91,7.2057695,0.002451654523611
3323,/tmp/DataSetCombined/Edges/Round-8_0010391_edge.png,58.49,56.88925,0.002451654523611
3324,/tmp/DataSetCombined/Edges/Round-9_0140201_edge.png,57.63,57.818943,0.002451654523611
3325,/tmp/DataSetCombined/Edges/Round-6_0116307_edge.png,6.76,6.9968805,0.002451654523611
3326,/tmp/DataSetCombined/Edges/Round-8_0053764_edge.png,63.72,62.24181,0.002451654523611
3327,/tmp/DataSetCombined/Edges/Round-7_0137589_edge.png,7.53,7.735773,0.002451654523611
3328,/tmp/DataSetCombined/Edges/Round-8_0013509_edge.png,3.96,3.0049222,0.0022652447223663
3329,/tmp/DataSetCombined/Edges/Round-7_0094667_edge.png,8.44,8.7061205,0.0022652447223663
3330,/tmp/DataSetCombined/Edges/Round-4_0054062_edge.png,7.75,8.137681,0.0022652447223663
3331,/tmp/DataSetCombined/Edges/Round-10_0110649_edge.png,3.08,2.3762014,0.0022652447223663
3332,/tmp/DataSetCombined/Edges/Round-7_0068149_edge.png,31.83,32.40762,0.0022652447223663
3333,/tmp/DataSetCombined/Edges/Round-9_0181027_edge.png,65.21,64.22965,0.0022652447223663
3334,/tmp/DataSetCombined/Edges/Round-8_0066497_edge.png,64.92,63.49921,0.0022652447223663
3335,/tmp/DataSetCombined/Edges/Round-6_0078893_edge.png,58.84,58.232395,0.0022652447223663
3336,/tmp/DataSetCombined/Edges/Round-9_0049969_edge.png,50.82,50.048725,0.0022652447223663
3337,/tmp/DataSetCombined/Edges/Round-1_0111072_edge.png,12.87,13.326049,0.0022652447223663
3338,/tmp/DataSetCombined/Edges/Round-2_0064338_edge.png,5.38,5.2013865,0.0022652447223663
3339,/tmp/DataSetCombined/Edges/Round-8_0025068_edge.png,51.19,50.208897,0.0022652447223663
3340,/tmp/DataSetCombined/Edges/Round-8_0027246_edge.png,65.2,63.97047,0.0022652447223663
3341,/tmp/DataSetCombined/Edges/Round-10_0132832_edge.png,65.41,64.035515,0.0022652447223663
3342,/tmp/DataSetCombined/Edges/Round-4_0040397_edge.png,64.45,63.17305,0.0022652447223663
3343,/tmp/DataSetCombined/Edges/Round-8_0000364_edge.png,63.75,62.81867,0.0022652447223663
3344,/tmp/DataSetCombined/Edges/Round-10_0037357_edge.png,7.77,8.199495,0.0022652447223663
3345,/tmp/DataSetCombined/Edges/Round-5_0051959_edge.png,3.24,2.4494755,0.0022652447223663
3346,/tmp/DataSetCombined/Edges/Round-6_0032450_edge.png,65.18,63.94815,0.0022652447223663
3347,/tmp/DataSetCombined/Edges/Round-9_0155890_edge.png,10.45,11.159304,0.0022652447223663
3348,/tmp/DataSetCombined/Edges/Round-8_0062692_edge.png,64.56,62.63136,0.0022652447223663
3349,/tmp/DataSetCombined/Edges/Round-9_0150743_edge.png,64.96,62.40886,0.0022652447223663
3350,/tmp/DataSetCombined/Edges/Round-8_0022840_edge.png,63.97,62.645443,0.0022652447223663
3351,/tmp/DataSetCombined/Edges/Round-7_0104630_edge.png,65.18,63.57424,0.0022652447223663
3352,/tmp/DataSetCombined/Edges/Round-7_0089039_edge.png,64.53,63.47706,0.0022652447223663
3353,/tmp/DataSetCombined/Edges/Round-1_0131118_edge.png,64.41,62.947277,0.0022652447223663
3354,/tmp/DataSetCombined/Edges/Round-1_0147191_edge.png,43.81,44.02936,0.0022652447223663
3355,/tmp/DataSetCombined/Edges/Round-4_0003585_edge.png,3.86,2.9376547,0.0022652447223663
3356,/tmp/DataSetCombined/Edges/Round-10_0106314_edge.png,51.05,47.27425,0.0022652447223663
3357,/tmp/DataSetCombined/Edges/Round-7_0033625_edge.png,5.28,4.7866974,0.0022652447223663
3358,/tmp/DataSetCombined/Edges/Round-5_0112579_edge.png,9.88,10.320563,0.0022652447223663
3359,/tmp/DataSetCombined/Edges/Round-3_0036667_edge.png,5.67,5.566772,0.0022652447223663
3360,/tmp/DataSetCombined/Edges/Round-7_0063243_edge.png,64.36,63.18434,0.0022652447223663
3361,/tmp/DataSetCombined/Edges/Round-8_0004551_edge.png,5.27,4.658155,0.0022652447223663
3362,/tmp/DataSetCombined/Edges/Round-9_0101741_edge.png,22.33,22.571606,0.0022652447223663
3363,/tmp/DataSetCombined/Edges/Round-4_0049096_edge.png,2.75,2.2605805,0.0022652447223663
3364,/tmp/DataSetCombined/Edges/Round-5_0055420_edge.png,5.26,5.010854,0.0022652447223663
3365,/tmp/DataSetCombined/Edges/Round-6_0128578_edge.png,6.69,6.9231305,0.0022652447223663
3366,/tmp/DataSetCombined/Edges/Round-5_0000485_edge.png,57.06,55.15862,0.0022652447223663
3367,/tmp/DataSetCombined/Edges/Round-10_0030945_edge.png,2.57,2.23182,0.0022652447223663
3368,/tmp/DataSetCombined/Edges/Round-10_0055602_edge.png,64.2,63.243687,0.0022652447223663
3369,/tmp/DataSetCombined/Edges/Round-2_0075200_edge.png,5.17,4.9522023,0.0022652447223663
3370,/tmp/DataSetCombined/Edges/Round-7_0083410_edge.png,5.43,5.2039337,0.0022652447223663
3371,/tmp/DataSetCombined/Edges/Round-6_0082114_edge.png,64.69,62.66302,0.0022652447223663
3372,/tmp/DataSetCombined/Edges/Round-1_0166394_edge.png,61.99,61.797302,0.0022652447223663
3373,/tmp/DataSetCombined/Edges/Round-6_0132140_edge.png,60.52,61.40631,0.0022652447223663
3374,/tmp/DataSetCombined/Edges/Round-1_0168170_edge.png,4.53,3.6164374,0.0022652447223663
3375,/tmp/DataSetCombined/Edges/Round-1_0022900_edge.png,64.14,63.23792,0.0022652447223663
3376,/tmp/DataSetCombined/Edges/Round-5_0053915_edge.png,10.87,11.407508,0.0022652447223663
3377,/tmp/DataSetCombined/Edges/Round-2_0075300_edge.png,64.69,62.94063,0.0022652447223663
3378,/tmp/DataSetCombined/Edges/Round-10_0196583_edge.png,5.02,4.2492,0.0022652447223663
3379,/tmp/DataSetCombined/Edges/Round-10_0165190_edge.png,56.26,55.04295,0.0022652447223663
3380,/tmp/DataSetCombined/Edges/Round-2_0075776_edge.png,64.37,62.981476,0.0022652447223663
3381,/tmp/DataSetCombined/Edges/Round-6_0032570_edge.png,3.2,2.4340217,0.0022652447223663
3382,/tmp/DataSetCombined/Edges/Round-3_0011470_edge.png,2.66,2.2817678,0.0022652447223663
3383,/tmp/DataSetCombined/Edges/Round-5_0015207_edge.png,3.77,2.951007,0.0022652447223663
3384,/tmp/DataSetCombined/Edges/Round-3_0062730_edge.png,53.07,52.821697,0.0022652447223663
3385,/tmp/DataSetCombined/Edges/Round-8_0047823_edge.png,8.13,8.538184,0.0022652447223663
3386,/tmp/DataSetCombined/Edges/Round-10_0154113_edge.png,28.72,29.052866,0.0022652447223663
3387,/tmp/DataSetCombined/Edges/Round-1_0156612_edge.png,60.86,60.81574,0.0022652447223663
3388,/tmp/DataSetCombined/Edges/Round-3_0044489_edge.png,11.62,11.8450365,0.0022652447223663
3389,/tmp/DataSetCombined/Edges/Round-10_0044791_edge.png,22.31,22.487707,0.0022652447223663
3390,/tmp/DataSetCombined/Edges/Round-6_0020169_edge.png,3.38,2.5636559,0.0022652447223663
3391,/tmp/DataSetCombined/Edges/Round-5_0061711_edge.png,8.2,8.644312,0.0022652447223663
3392,/tmp/DataSetCombined/Edges/Round-7_0065440_edge.png,64.4,63.10741,0.0023496560752391
3393,/tmp/DataSetCombined/Edges/Round-7_0014542_edge.png,64.64,62.740707,0.0023496560752391
3394,/tmp/DataSetCombined/Edges/Round-6_0074439_edge.png,3.39,2.5571382,0.0023496560752391
3395,/tmp/DataSetCombined/Edges/Round-4_0083590_edge.png,6.53,6.386399,0.0023496560752391
3396,/tmp/DataSetCombined/Edges/Round-6_0087381_edge.png,65.08,64.35317,0.0023496560752391
3397,/tmp/DataSetCombined/Edges/Round-3_0055174_edge.png,42.68,41.972595,0.0023496560752391
3398,/tmp/DataSetCombined/Edges/Round-5_0070801_edge.png,6.77,6.7209973,0.0023496560752391
3399,/tmp/DataSetCombined/Edges/Round-9_0065049_edge.png,65.48,63.78626,0.0023496560752391
3400,/tmp/DataSetCombined/Edges/Round-1_0056301_edge.png,6.74,6.6771555,0.0023496560752391
3401,/tmp/DataSetCombined/Edges/Round-1_0145566_edge.png,28.96,30.007856,0.0023496560752391
3402,/tmp/DataSetCombined/Edges/Round-5_0024508_edge.png,65.25,62.379818,0.0023496560752391
3403,/tmp/DataSetCombined/Edges/Round-1_0111734_edge.png,64.18,63.327724,0.0023496560752391
3404,/tmp/DataSetCombined/Edges/Round-5_0073690_edge.png,53.55,54.835327,0.0023496560752391
3405,/tmp/DataSetCombined/Edges/Round-1_0038400_edge.png,56.54,54.825542,0.0023496560752391
3406,/tmp/DataSetCombined/Edges/Round-10_0072850_edge.png,43.04,42.983627,0.0023496560752391
3407,/tmp/DataSetCombined/Edges/Round-10_0107519_edge.png,2.99,2.3390875,0.0023496560752391
3408,/tmp/DataSetCombined/Edges/Round-9_0053431_edge.png,3.4,2.5708897,0.0023496560752391
3409,/tmp/DataSetCombined/Edges/Round-3_0009967_edge.png,3.58,2.7951782,0.0023496560752391
3410,/tmp/DataSetCombined/Edges/Round-8_0072907_edge.png,57.99,58.574253,0.0023496560752391
3411,/tmp/DataSetCombined/Edges/Round-10_0042473_edge.png,63.84,62.818996,0.0023496560752391
3412,/tmp/DataSetCombined/Edges/Round-8_0009927_edge.png,4.55,3.6250083,0.0023496560752391
3413,/tmp/DataSetCombined/Edges/Round-7_0052919_edge.png,3.32,2.5960517,0.0023496560752391
3414,/tmp/DataSetCombined/Edges/Round-9_0106496_edge.png,64.96,62.11803,0.0023496560752391
3415,/tmp/DataSetCombined/Edges/Round-8_0060055_edge.png,6.67,6.8177733,0.0023496560752391
3416,/tmp/DataSetCombined/Edges/Round-1_0032134_edge.png,6.33,6.038837,0.0023496560752391
3417,/tmp/DataSetCombined/Edges/Round-5_0109088_edge.png,52.61,52.350796,0.0023496560752391
3418,/tmp/DataSetCombined/Edges/Round-6_0010928_edge.png,63.9,62.781376,0.0023496560752391
3419,/tmp/DataSetCombined/Edges/Round-8_0013148_edge.png,60.14,60.419685,0.0023496560752391
3420,/tmp/DataSetCombined/Edges/Round-9_0156160_edge.png,64.45,62.15069,0.0023496560752391
3421,/tmp/DataSetCombined/Edges/Round-3_0016677_edge.png,9.05,9.53606,0.0023496560752391
3422,/tmp/DataSetCombined/Edges/Round-2_0085589_edge.png,32.83,33.94653,0.0023496560752391
3423,/tmp/DataSetCombined/Edges/Round-10_0107489_edge.png,52.38,51.57892,0.0023496560752391
3424,/tmp/DataSetCombined/Edges/Round-8_0060025_edge.png,62.55,61.411606,0.0023496560752391
3425,/tmp/DataSetCombined/Edges/Round-4_0059540_edge.png,3.99,3.0320146,0.0023496560752391
3426,/tmp/DataSetCombined/Edges/Round-3_0084852_edge.png,2.92,2.3433394,0.0023496560752391
3427,/tmp/DataSetCombined/Edges/Round-5_0044524_edge.png,47.08,48.84918,0.0023496560752391
3428,/tmp/DataSetCombined/Edges/Round-10_0169680_edge.png,3.51,2.6472769,0.0023496560752391
3429,/tmp/DataSetCombined/Edges/Round-7_0029562_edge.png,64.12,63.158367,0.0023496560752391
3430,/tmp/DataSetCombined/Edges/Round-1_0032867_edge.png,7.14,7.485219,0.0023496560752391
3431,/tmp/DataSetCombined/Edges/Round-4_0087383_edge.png,64.98,62.92498,0.0023496560752391
3432,/tmp/DataSetCombined/Edges/Round-5_0022612_edge.png,5.95,5.4589405,0.0023496560752391
3433,/tmp/DataSetCombined/Edges/Round-1_0004730_edge.png,7.4,7.779746,0.0023496560752391
3434,/tmp/DataSetCombined/Edges/Round-8_0023773_edge.png,8.06,8.229705,0.0023496560752391
3435,/tmp/DataSetCombined/Edges/Round-4_0038811_edge.png,30.04,30.765364,0.0023496560752391
3436,/tmp/DataSetCombined/Edges/Round-10_0127685_edge.png,4.19,3.2006404,0.0023496560752391
3437,/tmp/DataSetCombined/Edges/Round-9_0140990_edge.png,4.52,3.8149595,0.0023496560752391
3438,/tmp/DataSetCombined/Edges/Round-10_0199563_edge.png,3.78,2.956935,0.0023496560752391
3439,/tmp/DataSetCombined/Edges/Round-6_0021042_edge.png,55.35,54.592354,0.0023496560752391
3440,/tmp/DataSetCombined/Edges/Round-10_0139213_edge.png,45.5,44.679775,0.0023496560752391
3441,/tmp/DataSetCombined/Edges/Round-6_0028446_edge.png,64.84,63.179432,0.0023496560752391
3442,/tmp/DataSetCombined/Edges/Round-10_0147430_edge.png,49.5,49.0206,0.0023496560752391
3443,/tmp/DataSetCombined/Edges/Round-7_0001779_edge.png,62.57,63.21269,0.0023496560752391
3444,/tmp/DataSetCombined/Edges/Round-4_0052045_edge.png,44.76,45.30235,0.0023496560752391
3445,/tmp/DataSetCombined/Edges/Round-10_0014812_edge.png,5.93,5.9941053,0.0023496560752391
3446,/tmp/DataSetCombined/Edges/Round-1_0167541_edge.png,5.83,5.94386,0.0023496560752391
3447,/tmp/DataSetCombined/Edges/Round-6_0117902_edge.png,45.05,47.85451,0.0023496560752391
3448,/tmp/DataSetCombined/Edges/Round-8_0000808_edge.png,22.72,23.230291,0.0023496560752391
3449,/tmp/DataSetCombined/Edges/Round-5_0072248_edge.png,65.34,64.199745,0.0023496560752391
3450,/tmp/DataSetCombined/Edges/Round-6_0026520_edge.png,3.61,2.7184563,0.0023496560752391
3451,/tmp/DataSetCombined/Edges/Round-10_0102973_edge.png,5.05,4.4962244,0.0023496560752391
3452,/tmp/DataSetCombined/Edges/Round-6_0027731_edge.png,7.15,7.1895685,0.0023496560752391
3453,/tmp/DataSetCombined/Edges/Round-8_0023924_edge.png,54.55,54.27,0.0023496560752391
3454,/tmp/DataSetCombined/Edges/Round-10_0039433_edge.png,50.0,52.44138,0.0023496560752391
3455,/tmp/DataSetCombined/Edges/Round-2_0109548_edge.png,64.68,62.976166,0.0023496560752391
3456,/tmp/DataSetCombined/Edges/Round-1_0061801_edge.png,3.17,2.4104738,0.0021269842982292
3457,/tmp/DataSetCombined/Edges/Round-10_0042503_edge.png,9.18,9.791989,0.0021269842982292
3458,/tmp/DataSetCombined/Edges/Round-10_0069774_edge.png,64.25,63.106693,0.0021269842982292
3459,/tmp/DataSetCombined/Edges/Round-8_0032831_edge.png,6.37,6.605367,0.0021269842982292
3460,/tmp/DataSetCombined/Edges/Round-8_0053042_edge.png,37.9,37.92982,0.0021269842982292
3461,/tmp/DataSetCombined/Edges/Round-2_0112167_edge.png,3.52,2.648614,0.0021269842982292
3462,/tmp/DataSetCombined/Edges/Round-3_0031434_edge.png,64.22,63.506535,0.0021269842982292
3463,/tmp/DataSetCombined/Edges/Round-6_0108632_edge.png,32.4,32.522278,0.0021269842982292
3464,/tmp/DataSetCombined/Edges/Round-10_0095569_edge.png,49.58,48.762432,0.0021269842982292
3465,/tmp/DataSetCombined/Edges/Round-4_0017732_edge.png,64.27,63.05213,0.0021269842982292
3466,/tmp/DataSetCombined/Edges/Round-4_0087743_edge.png,49.04,48.272648,0.0021269842982292
3467,/tmp/DataSetCombined/Edges/Round-9_0111282_edge.png,7.49,7.854477,0.0021269842982292
3468,/tmp/DataSetCombined/Edges/Round-6_0107638_edge.png,34.57,35.260777,0.0021269842982292
3469,/tmp/DataSetCombined/Edges/Round-8_0053873_edge.png,63.69,62.407894,0.0021269842982292
3470,/tmp/DataSetCombined/Edges/Round-2_0071382_edge.png,22.97,24.045149,0.0021269842982292
3471,/tmp/DataSetCombined/Edges/Round-5_0046932_edge.png,32.34,32.333557,0.0021269842982292
3472,/tmp/DataSetCombined/Edges/Round-4_0068329_edge.png,3.93,2.9937959,0.0021269842982292
3473,/tmp/DataSetCombined/Edges/Round-10_0148604_edge.png,47.92,49.977077,0.0021269842982292
3474,/tmp/DataSetCombined/Edges/Round-5_0095543_edge.png,7.19,7.177538,0.0021269842982292
3475,/tmp/DataSetCombined/Edges/Round-9_0097255_edge.png,4.44,3.562204,0.0021269842982292
3476,/tmp/DataSetCombined/Edges/Round-7_0017762_edge.png,59.82,60.343044,0.0021269842982292
3477,/tmp/DataSetCombined/Edges/Round-2_0080381_edge.png,8.89,9.354623,0.0021269842982292
3478,/tmp/DataSetCombined/Edges/Round-5_0090577_edge.png,65.31,63.968357,0.0021269842982292
3479,/tmp/DataSetCombined/Edges/Round-1_0026267_edge.png,45.52,43.922077,0.0021269842982292
3480,/tmp/DataSetCombined/Edges/Round-3_0065408_edge.png,63.88,63.12808,0.0021269842982292
3481,/tmp/DataSetCombined/Edges/Round-3_0046800_edge.png,7.56,7.8983393,0.0021269842982292
3482,/tmp/DataSetCombined/Edges/Round-3_0003767_edge.png,12.32,13.020242,0.0021269842982292
3483,/tmp/DataSetCombined/Edges/Round-9_0137908_edge.png,4.82,4.035304,0.0021269842982292
3484,/tmp/DataSetCombined/Edges/Round-4_0078834_edge.png,3.39,2.5531268,0.0021269842982292
3485,/tmp/DataSetCombined/Edges/Round-10_0115074_edge.png,64.87,63.3165,0.0021269842982292
3486,/tmp/DataSetCombined/Edges/Round-7_0046748_edge.png,6.34,6.0805864,0.0021269842982292
3487,/tmp/DataSetCombined/Edges/Round-7_0101620_edge.png,3.0,2.343012,0.0021269842982292
3488,/tmp/DataSetCombined/Edges/Round-8_0004070_edge.png,2.49,2.1812766,0.0021269842982292
3489,/tmp/DataSetCombined/Edges/Round-8_0058339_edge.png,62.05,62.30692,0.0021269842982292
3490,/tmp/DataSetCombined/Edges/Round-4_0040517_edge.png,42.41,42.495144,0.0021269842982292
3491,/tmp/DataSetCombined/Edges/Round-7_0091928_edge.png,63.73,63.19475,0.0021269842982292
3492,/tmp/DataSetCombined/Edges/Round-6_0121544_edge.png,65.33,64.1115,0.0021269842982292
3493,/tmp/DataSetCombined/Edges/Round-5_0063156_edge.png,4.56,3.6489787,0.0021269842982292
3494,/tmp/DataSetCombined/Edges/Round-10_0118264_edge.png,65.35,63.77631,0.0021269842982292
3495,/tmp/DataSetCombined/Edges/Round-6_0095117_edge.png,4.26,3.2231336,0.0021269842982292
3496,/tmp/DataSetCombined/Edges/Round-6_0017008_edge.png,63.05,62.272076,0.0021269842982292
3497,/tmp/DataSetCombined/Edges/Round-10_0027122_edge.png,51.48,50.719536,0.0021269842982292
3498,/tmp/DataSetCombined/Edges/Round-7_0121516_edge.png,4.5,3.4934816,0.0021269842982292
3499,/tmp/DataSetCombined/Edges/Round-8_0074654_edge.png,33.87,35.299107,0.0021269842982292
3500,/tmp/DataSetCombined/Edges/Round-8_0032472_edge.png,5.78,5.8102827,0.0021269842982292
3501,/tmp/DataSetCombined/Edges/Round-6_0070616_edge.png,3.27,2.4687235,0.0021269842982292
3502,/tmp/DataSetCombined/Edges/Round-3_0002467_edge.png,22.8,21.99032,0.0021269842982292
3503,/tmp/DataSetCombined/Edges/Round-8_0009698_edge.png,26.37,28.083418,0.0021269842982292
3504,/tmp/DataSetCombined/Edges/Round-6_0011771_edge.png,6.29,6.4102545,0.0021269842982292
3505,/tmp/DataSetCombined/Edges/Round-10_0076667_edge.png,7.53,7.7343273,0.0021269842982292
3506,/tmp/DataSetCombined/Edges/Round-10_0046102_edge.png,4.03,3.2140875,0.0021269842982292
3507,/tmp/DataSetCombined/Edges/Round-2_0065211_edge.png,4.85,4.01469,0.0021269842982292
3508,/tmp/DataSetCombined/Edges/Round-8_0025734_edge.png,9.74,10.168857,0.0021269842982292
3509,/tmp/DataSetCombined/Edges/Round-9_0064236_edge.png,18.93,18.721788,0.0021269842982292
3510,/tmp/DataSetCombined/Edges/Round-7_0005391_edge.png,3.02,2.3507,0.0021269842982292
3511,/tmp/DataSetCombined/Edges/Round-9_0131406_edge.png,4.72,3.9958723,0.0021269842982292
3512,/tmp/DataSetCombined/Edges/Round-5_0099697_edge.png,60.8,60.3663,0.0021269842982292
3513,/tmp/DataSetCombined/Edges/Round-8_0029101_edge.png,7.78,8.102441,0.0021269842982292
3514,/tmp/DataSetCombined/Edges/Round-10_0009515_edge.png,5.44,5.1982303,0.0021269842982292
3515,/tmp/DataSetCombined/Edges/Round-6_0092167_edge.png,2.36,2.1532168,0.0021269842982292
3516,/tmp/DataSetCombined/Edges/Round-1_0072600_edge.png,41.15,42.124443,0.0021269842982292
3517,/tmp/DataSetCombined/Edges/Round-6_0081392_edge.png,60.73,60.30647,0.0021269842982292
3518,/tmp/DataSetCombined/Edges/Round-10_0163323_edge.png,55.83,53.75848,0.0021269842982292
3519,/tmp/DataSetCombined/Edges/Round-2_0090254_edge.png,6.2,6.333228,0.0021269842982292
3520,/tmp/DataSetCombined/Edges/Round-5_0037450_edge.png,64.15,63.52496,0.0022546611726284
3521,/tmp/DataSetCombined/Edges/Round-10_0005667_edge.png,38.03,38.60074,0.0022546611726284
3522,/tmp/DataSetCombined/Edges/Round-10_0028025_edge.png,65.24,64.19217,0.0022546611726284
3523,/tmp/DataSetCombined/Edges/Round-10_0076305_edge.png,8.32,8.6446905,0.0022546611726284
3524,/tmp/DataSetCombined/Edges/Round-1_0098220_edge.png,3.62,2.7692478,0.0022546611726284
3525,/tmp/DataSetCombined/Edges/Round-9_0116309_edge.png,64.41,63.008324,0.0022546611726284
3526,/tmp/DataSetCombined/Edges/Round-9_0145927_edge.png,60.73,59.448795,0.0022546611726284
3527,/tmp/DataSetCombined/Edges/Round-9_0125068_edge.png,61.54,62.401264,0.0022546611726284
3528,/tmp/DataSetCombined/Edges/Round-9_0112576_edge.png,8.53,8.800279,0.0022546611726284
3529,/tmp/DataSetCombined/Edges/Round-7_0100658_edge.png,7.84,7.992115,0.0022546611726284
3530,/tmp/DataSetCombined/Edges/Round-8_0017253_edge.png,55.23,54.22324,0.0022546611726284
3531,/tmp/DataSetCombined/Edges/Round-7_0047621_edge.png,4.08,3.0602777,0.0022546611726284
3532,/tmp/DataSetCombined/Edges/Round-5_0080854_edge.png,4.62,3.6703928,0.0022546611726284
3533,/tmp/DataSetCombined/Edges/Round-10_0073927_edge.png,63.05,63.372997,0.0022546611726284
3534,/tmp/DataSetCombined/Edges/Round-9_0078383_edge.png,60.88,61.99883,0.0022546611726284
3535,/tmp/DataSetCombined/Edges/Round-9_0123292_edge.png,55.88,53.834553,0.0022546611726284
3536,/tmp/DataSetCombined/Edges/Round-10_0162480_edge.png,65.29,63.92501,0.0022546611726284
3537,/tmp/DataSetCombined/Edges/Round-6_0038379_edge.png,7.34,7.7468023,0.0022546611726284
3538,/tmp/DataSetCombined/Edges/Round-3_0076033_edge.png,8.45,8.617587,0.0022546611726284
3539,/tmp/DataSetCombined/Edges/Round-9_0128228_edge.png,7.57,7.947929,0.0022546611726284
3540,/tmp/DataSetCombined/Edges/Round-9_0082025_edge.png,11.11,11.870776,0.0022546611726284
3541,/tmp/DataSetCombined/Edges/Round-8_0037920_edge.png,60.99,61.061443,0.0022546611726284
3542,/tmp/DataSetCombined/Edges/Round-7_0040217_edge.png,3.13,2.419263,0.0022546611726284
3543,/tmp/DataSetCombined/Edges/Round-5_0095156_edge.png,12.5,12.556148,0.0022546611726284
3544,/tmp/DataSetCombined/Edges/Round-9_0054605_edge.png,7.39,7.346177,0.0022546611726284
3545,/tmp/DataSetCombined/Edges/Round-7_0125128_edge.png,60.34,60.424294,0.0022546611726284
3546,/tmp/DataSetCombined/Edges/Round-4_0017280_edge.png,13.31,13.709321,0.0022546611726284
3547,/tmp/DataSetCombined/Edges/Round-8_0055480_edge.png,16.88,17.567015,0.0022546611726284
3548,/tmp/DataSetCombined/Edges/Round-5_0010181_edge.png,57.04,53.53285,0.0022546611726284
3549,/tmp/DataSetCombined/Edges/Round-10_0099091_edge.png,63.94,63.849712,0.0022546611726284
3550,/tmp/DataSetCombined/Edges/Round-9_0199474_edge.png,5.27,4.776044,0.0022546611726284
3551,/tmp/DataSetCombined/Edges/Round-9_0137198_edge.png,8.15,8.501887,0.0022546611726284
3552,/tmp/DataSetCombined/Edges/Round-2_0027000_edge.png,5.91,5.5090365,0.0022546611726284
3553,/tmp/DataSetCombined/Edges/Round-1_0052167_edge.png,60.22,60.799774,0.0022546611726284
3554,/tmp/DataSetCombined/Edges/Round-1_0121396_edge.png,8.68,9.231744,0.0022546611726284
3555,/tmp/DataSetCombined/Edges/Round-1_0023767_edge.png,5.09,4.511517,0.0022546611726284
3556,/tmp/DataSetCombined/Edges/Round-1_0117513_edge.png,59.8,59.371914,0.0022546611726284
3557,/tmp/DataSetCombined/Edges/Round-1_0033423_edge.png,7.32,7.6233625,0.0022546611726284
3558,/tmp/DataSetCombined/Edges/Round-1_0010067_edge.png,60.4,59.218586,0.0022546611726284
3559,/tmp/DataSetCombined/Edges/Round-6_0036182_edge.png,4.64,3.8438232,0.0022546611726284
3560,/tmp/DataSetCombined/Edges/Round-2_0069334_edge.png,43.88,44.391663,0.0022546611726284
3561,/tmp/DataSetCombined/Edges/Round-3_0065890_edge.png,16.66,17.337442,0.0022546611726284
3562,/tmp/DataSetCombined/Edges/Round-1_0117182_edge.png,5.48,5.3864107,0.0022546611726284
3563,/tmp/DataSetCombined/Edges/Round-4_0033022_edge.png,15.62,16.386925,0.0022546611726284
3564,/tmp/DataSetCombined/Edges/Round-3_0074107_edge.png,65.28,62.973373,0.0022546611726284
3565,/tmp/DataSetCombined/Edges/Round-3_0048161_edge.png,7.98,8.087668,0.0022546611726284
3566,/tmp/DataSetCombined/Edges/Round-6_0087803_edge.png,39.59,39.48344,0.0022546611726284
3567,/tmp/DataSetCombined/Edges/Round-2_0066054_edge.png,64.95,62.479652,0.0022546611726284
3568,/tmp/DataSetCombined/Edges/Round-1_0024034_edge.png,13.69,13.901611,0.0022546611726284
3569,/tmp/DataSetCombined/Edges/Round-10_0166514_edge.png,7.53,7.957079,0.0022546611726284
3570,/tmp/DataSetCombined/Edges/Round-9_0063303_edge.png,7.44,7.7951336,0.0022546611726284
3571,/tmp/DataSetCombined/Edges/Round-3_0042833_edge.png,39.22,38.821693,0.0022546611726284
3572,/tmp/DataSetCombined/Edges/Round-4_0030825_edge.png,4.74,4.044619,0.0022546611726284
3573,/tmp/DataSetCombined/Edges/Round-5_0052922_edge.png,63.0,62.50857,0.0022546611726284
3574,/tmp/DataSetCombined/Edges/Round-10_0187734_edge.png,37.57,37.690598,0.0022546611726284
3575,/tmp/DataSetCombined/Edges/Round-9_0063424_edge.png,3.61,2.8170617,0.0022546611726284
3576,/tmp/DataSetCombined/Edges/Round-9_0054725_edge.png,62.13,61.805817,0.0022546611726284
3577,/tmp/DataSetCombined/Edges/Round-8_0038594_edge.png,46.8,46.66836,0.0022546611726284
3578,/tmp/DataSetCombined/Edges/Round-9_0004699_edge.png,5.04,4.485531,0.0022546611726284
3579,/tmp/DataSetCombined/Edges/Round-4_0081513_edge.png,6.18,5.8318615,0.0022546611726284
3580,/tmp/DataSetCombined/Edges/Round-5_0080613_edge.png,59.45,58.57915,0.0022546611726284
3581,/tmp/DataSetCombined/Edges/Round-7_0059270_edge.png,6.35,6.0602355,0.0022546611726284
3582,/tmp/DataSetCombined/Edges/Round-8_0035133_edge.png,7.62,8.003391,0.0022546611726284
3583,/tmp/DataSetCombined/Edges/Round-2_0082940_edge.png,11.56,11.802534,0.0022546611726284
3584,/tmp/DataSetCombined/Edges/Round-3_0085004_edge.png,3.93,3.172895,0.0024287179112434
3585,/tmp/DataSetCombined/Edges/Round-10_0092499_edge.png,64.28,62.80864,0.0024287179112434
3586,/tmp/DataSetCombined/Edges/Round-10_0086208_edge.png,63.31,61.92216,0.0024287179112434
3587,/tmp/DataSetCombined/Edges/Round-4_0082717_edge.png,4.03,3.186668,0.0024287179112434
3588,/tmp/DataSetCombined/Edges/Round-10_0147972_edge.png,65.04,64.116264,0.0024287179112434
3589,/tmp/DataSetCombined/Edges/Round-8_0019059_edge.png,56.97,54.19463,0.0024287179112434
3590,/tmp/DataSetCombined/Edges/Round-5_0045698_edge.png,20.74,21.473661,0.0024287179112434
3591,/tmp/DataSetCombined/Edges/Round-10_0105140_edge.png,7.32,7.6127977,0.0024287179112434
3592,/tmp/DataSetCombined/Edges/Round-5_0009036_edge.png,2.09,2.0936556,0.0024287179112434
3593,/tmp/DataSetCombined/Edges/Round-5_0001546_edge.png,51.46,47.669273,0.0024287179112434
3594,/tmp/DataSetCombined/Edges/Round-1_0098821_edge.png,56.29,55.361366,0.0024287179112434
3595,/tmp/DataSetCombined/Edges/Round-10_0138220_edge.png,13.37,13.726631,0.0024287179112434
3596,/tmp/DataSetCombined/Edges/Round-2_0088719_edge.png,35.63,37.06892,0.0024287179112434
3597,/tmp/DataSetCombined/Edges/Round-9_0051353_edge.png,28.72,30.260647,0.0024287179112434
3598,/tmp/DataSetCombined/Edges/Round-7_0071310_edge.png,2.66,2.2138555,0.0024287179112434
3599,/tmp/DataSetCombined/Edges/Round-3_0083341_edge.png,56.72,54.660526,0.0024287179112434
3600,/tmp/DataSetCombined/Edges/Round-1_0017334_edge.png,4.45,3.7151375,0.0024287179112434
3601,/tmp/DataSetCombined/Edges/Round-10_0028267_edge.png,4.67,3.8680546,0.0024287179112434
3602,/tmp/DataSetCombined/Edges/Round-10_0019026_edge.png,9.87,10.366387,0.0024287179112434
3603,/tmp/DataSetCombined/Edges/Round-9_0016167_edge.png,65.29,62.304646,0.0024287179112434
3604,/tmp/DataSetCombined/Edges/Round-1_0064367_edge.png,5.23,5.0143523,0.0024287179112434
3605,/tmp/DataSetCombined/Edges/Round-8_0056233_edge.png,33.68,34.688145,0.0024287179112434
3606,/tmp/DataSetCombined/Edges/Round-9_0042805_edge.png,64.08,63.188786,0.0024287179112434
3607,/tmp/DataSetCombined/Edges/Round-10_0083499_edge.png,32.27,33.89325,0.0024287179112434
3608,/tmp/DataSetCombined/Edges/Round-3_0085545_edge.png,4.07,3.1604629,0.0024287179112434
3609,/tmp/DataSetCombined/Edges/Round-10_0068359_edge.png,9.95,10.395815,0.0024287179112434
3610,/tmp/DataSetCombined/Edges/Round-5_0122422_edge.png,18.15,18.651701,0.0024287179112434
3611,/tmp/DataSetCombined/Edges/Round-9_0091837_edge.png,2.54,2.1881611,0.0024287179112434
3612,/tmp/DataSetCombined/Edges/Round-1_0126664_edge.png,64.66,63.208233,0.0024287179112434
3613,/tmp/DataSetCombined/Edges/Round-1_0033866_edge.png,64.75,63.029377,0.0024287179112434
3614,/tmp/DataSetCombined/Edges/Round-9_0170699_edge.png,4.11,3.1509037,0.0024287179112434
3615,/tmp/DataSetCombined/Edges/Round-9_0047320_edge.png,64.29,62.75629,0.0024287179112434
3616,/tmp/DataSetCombined/Edges/Round-7_0063333_edge.png,2.86,2.3724403,0.0024287179112434
3617,/tmp/DataSetCombined/Edges/Round-6_0085184_edge.png,3.42,2.6620016,0.0024287179112434
3618,/tmp/DataSetCombined/Edges/Round-9_0106827_edge.png,3.0,2.354539,0.0024287179112434
3619,/tmp/DataSetCombined/Edges/Round-1_0132684_edge.png,2.52,2.1970203,0.0024287179112434
3620,/tmp/DataSetCombined/Edges/Round-2_0104614_edge.png,10.24,10.341304,0.0024287179112434
3621,/tmp/DataSetCombined/Edges/Round-10_0113148_edge.png,21.75,22.076288,0.0024287179112434
3622,/tmp/DataSetCombined/Edges/Round-3_0083378_edge.png,62.09,62.22756,0.0024287179112434
3623,/tmp/DataSetCombined/Edges/Round-4_0077781_edge.png,64.02,62.318676,0.0024287179112434
3624,/tmp/DataSetCombined/Edges/Round-7_0061481_edge.png,28.98,30.620045,0.0024287179112434
3625,/tmp/DataSetCombined/Edges/Round-9_0032000_edge.png,5.55,5.1576915,0.0024287179112434
3626,/tmp/DataSetCombined/Edges/Round-1_0169886_edge.png,4.18,3.330473,0.0024287179112434
3627,/tmp/DataSetCombined/Edges/Round-5_0019451_edge.png,3.32,2.4978287,0.0024287179112434
3628,/tmp/DataSetCombined/Edges/Round-8_0034097_edge.png,64.14,62.482662,0.0024287179112434
3629,/tmp/DataSetCombined/Edges/Round-1_0125038_edge.png,7.92,8.012074,0.0024287179112434
3630,/tmp/DataSetCombined/Edges/Round-2_0095702_edge.png,4.0,3.1704261,0.0024287179112434
3631,/tmp/DataSetCombined/Edges/Round-8_0039425_edge.png,35.72,36.842842,0.0024287179112434
3632,/tmp/DataSetCombined/Edges/Round-8_0064209_edge.png,3.91,2.9905655,0.0024287179112434
3633,/tmp/DataSetCombined/Edges/Round-7_0121382_edge.png,4.9,4.266196,0.0024287179112434
3634,/tmp/DataSetCombined/Edges/Round-1_0007334_edge.png,65.06,64.18502,0.0024287179112434
3635,/tmp/DataSetCombined/Edges/Round-8_0006496_edge.png,64.14,63.36701,0.0024287179112434
3636,/tmp/DataSetCombined/Edges/Round-4_0040364_edge.png,4.47,3.4767697,0.0024287179112434
3637,/tmp/DataSetCombined/Edges/Round-6_0006334_edge.png,50.26,48.721977,0.0024287179112434
3638,/tmp/DataSetCombined/Edges/Round-1_0130697_edge.png,7.23,7.505554,0.0024287179112434
3639,/tmp/DataSetCombined/Edges/Round-1_0096414_edge.png,2.89,2.290384,0.0024287179112434
3640,/tmp/DataSetCombined/Edges/Round-9_0048615_edge.png,3.75,2.8232572,0.0024287179112434
3641,/tmp/DataSetCombined/Edges/Round-10_0103997_edge.png,4.47,3.6553836,0.0024287179112434
3642,/tmp/DataSetCombined/Edges/Round-7_0110259_edge.png,64.2,62.01698,0.0024287179112434
3643,/tmp/DataSetCombined/Edges/Round-10_0057162_edge.png,63.1,60.225586,0.0024287179112434
3644,/tmp/DataSetCombined/Edges/Round-2_0077901_edge.png,23.02,22.743935,0.0024287179112434
3645,/tmp/DataSetCombined/Edges/Round-1_0119650_edge.png,56.88,57.53573,0.0024287179112434
3646,/tmp/DataSetCombined/Edges/Round-2_0053292_edge.png,65.43,63.979267,0.0024287179112434
3647,/tmp/DataSetCombined/Edges/Round-10_0123411_edge.png,3.94,2.9850197,0.0024287179112434
3648,/tmp/DataSetCombined/Edges/Round-6_0040451_edge.png,65.34,62.857273,0.0022390224039554
3649,/tmp/DataSetCombined/Edges/Round-6_0132351_edge.png,61.77,62.459396,0.0022390224039554
3650,/tmp/DataSetCombined/Edges/Round-6_0000546_edge.png,47.47,45.08759,0.0022390224039554
3651,/tmp/DataSetCombined/Edges/Round-2_0076739_edge.png,42.6,41.427044,0.0022390224039554
3652,/tmp/DataSetCombined/Edges/Round-10_0040667_edge.png,64.36,63.192455,0.0022390224039554
3653,/tmp/DataSetCombined/Edges/Round-9_0057163_edge.png,3.92,3.071801,0.0022390224039554
3654,/tmp/DataSetCombined/Edges/Round-7_0121257_edge.png,4.4,3.5384064,0.0022390224039554
3655,/tmp/DataSetCombined/Edges/Round-3_0006200_edge.png,50.47,49.6198,0.0022390224039554
3656,/tmp/DataSetCombined/Edges/Round-1_0044100_edge.png,4.09,3.0977783,0.0022390224039554
3657,/tmp/DataSetCombined/Edges/Round-4_0004879_edge.png,49.74,46.62235,0.0022390224039554
3658,/tmp/DataSetCombined/Edges/Round-10_0007317_edge.png,26.37,26.46836,0.0022390224039554
3659,/tmp/DataSetCombined/Edges/Round-7_0105624_edge.png,13.45,14.012198,0.0022390224039554
3660,/tmp/DataSetCombined/Edges/Round-3_0089006_edge.png,62.24,59.674294,0.0022390224039554
3661,/tmp/DataSetCombined/Edges/Round-10_0002637_edge.png,65.34,63.862614,0.0022390224039554
3662,/tmp/DataSetCombined/Edges/Round-9_0067005_edge.png,2.46,2.1899712,0.0022390224039554
3663,/tmp/DataSetCombined/Edges/Round-2_0090344_edge.png,25.08,25.892473,0.0022390224039554
3664,/tmp/DataSetCombined/Edges/Round-6_0017610_edge.png,51.15,49.746502,0.0022390224039554
3665,/tmp/DataSetCombined/Edges/Round-10_0039042_edge.png,52.09,50.584057,0.0022390224039554
3666,/tmp/DataSetCombined/Edges/Round-10_0190985_edge.png,19.44,20.210672,0.0022390224039554
3667,/tmp/DataSetCombined/Edges/Round-9_0140480_edge.png,8.29,8.642295,0.0022390224039554
3668,/tmp/DataSetCombined/Edges/Round-1_0000267_edge.png,6.2,6.291207,0.0022390224039554
3669,/tmp/DataSetCombined/Edges/Round-8_0066891_edge.png,61.6,62.5628,0.0022390224039554
3670,/tmp/DataSetCombined/Edges/Round-8_0057136_edge.png,64.02,63.078106,0.0022390224039554
3671,/tmp/DataSetCombined/Edges/Round-3_0078753_edge.png,3.26,2.4728723,0.0022390224039554
3672,/tmp/DataSetCombined/Edges/Round-9_0113539_edge.png,4.16,3.1766198,0.0022390224039554
3673,/tmp/DataSetCombined/Edges/Round-10_0138130_edge.png,11.01,11.550893,0.0022390224039554
3674,/tmp/DataSetCombined/Edges/Round-7_0013217_edge.png,35.49,37.07881,0.0022390224039554
3675,/tmp/DataSetCombined/Edges/Round-3_0032800_edge.png,62.78,62.241558,0.0022390224039554
3676,/tmp/DataSetCombined/Edges/Round-6_0092829_edge.png,5.17,4.9172344,0.0022390224039554
3677,/tmp/DataSetCombined/Edges/Round-10_0108361_edge.png,9.38,9.941237,0.0022390224039554
3678,/tmp/DataSetCombined/Edges/Round-8_0062812_edge.png,24.39,23.982626,0.0022390224039554
3679,/tmp/DataSetCombined/Edges/Round-9_0145777_edge.png,62.38,62.20577,0.0022390224039554
3680,/tmp/DataSetCombined/Edges/Round-8_0047281_edge.png,3.86,2.924214,0.0022390224039554
3681,/tmp/DataSetCombined/Edges/Round-10_0024173_edge.png,57.85,58.598476,0.0022390224039554
3682,/tmp/DataSetCombined/Edges/Round-10_0147671_edge.png,16.48,13.945762,0.0022390224039554
3683,/tmp/DataSetCombined/Edges/Round-6_0127655_edge.png,4.51,3.58136,0.0022390224039554
3684,/tmp/DataSetCombined/Edges/Round-6_0059539_edge.png,4.52,3.6056294,0.0022390224039554
3685,/tmp/DataSetCombined/Edges/Round-4_0019959_edge.png,4.77,3.820584,0.0022390224039554
3686,/tmp/DataSetCombined/Edges/Round-6_0091776_edge.png,8.21,8.650366,0.0022390224039554
3687,/tmp/DataSetCombined/Edges/Round-8_0059368_edge.png,65.21,64.09561,0.0022390224039554
3688,/tmp/DataSetCombined/Edges/Round-6_0001637_edge.png,65.41,64.17451,0.0022390224039554
3689,/tmp/DataSetCombined/Edges/Round-7_0135663_edge.png,9.77,9.993908,0.0022390224039554
3690,/tmp/DataSetCombined/Edges/Round-2_0040400_edge.png,29.81,31.865229,0.0022390224039554
3691,/tmp/DataSetCombined/Edges/Round-6_0080097_edge.png,52.62,50.568794,0.0022390224039554
3692,/tmp/DataSetCombined/Edges/Round-9_0065771_edge.png,35.96,37.401302,0.0022390224039554
3693,/tmp/DataSetCombined/Edges/Round-3_0008941_edge.png,5.65,5.5703654,0.0022390224039554
3694,/tmp/DataSetCombined/Edges/Round-7_0135452_edge.png,58.21,56.961643,0.0022390224039554
3695,/tmp/DataSetCombined/Edges/Round-1_0106798_edge.png,17.41,17.746267,0.0022390224039554
3696,/tmp/DataSetCombined/Edges/Round-9_0197066_edge.png,7.58,7.948905,0.0022390224039554
3697,/tmp/DataSetCombined/Edges/Round-2_0086582_edge.png,12.89,13.406531,0.0022390224039554
3698,/tmp/DataSetCombined/Edges/Round-6_0008882_edge.png,65.08,64.07028,0.0022390224039554
3699,/tmp/DataSetCombined/Edges/Round-8_0051838_edge.png,17.03,17.939878,0.0022390224039554
3700,/tmp/DataSetCombined/Edges/Round-5_0043260_edge.png,63.82,62.163364,0.0022390224039554
3701,/tmp/DataSetCombined/Edges/Round-9_0071580_edge.png,3.98,3.2194915,0.0022390224039554
3702,/tmp/DataSetCombined/Edges/Round-1_0102525_edge.png,63.94,62.406536,0.0022390224039554
3703,/tmp/DataSetCombined/Edges/Round-2_0089742_edge.png,48.64,47.76042,0.0022390224039554
3704,/tmp/DataSetCombined/Edges/Round-1_0158328_edge.png,64.22,62.72855,0.0022390224039554
3705,/tmp/DataSetCombined/Edges/Round-9_0100506_edge.png,6.13,6.2410955,0.0022390224039554
3706,/tmp/DataSetCombined/Edges/Round-10_0016527_edge.png,65.35,63.82386,0.0022390224039554
3707,/tmp/DataSetCombined/Edges/Round-9_0117031_edge.png,64.99,63.17906,0.0022390224039554
3708,/tmp/DataSetCombined/Edges/Round-10_0047470_edge.png,61.54,58.992443,0.0022390224039554
3709,/tmp/DataSetCombined/Edges/Round-1_0070434_edge.png,62.58,61.951008,0.0022390224039554
3710,/tmp/DataSetCombined/Edges/Round-10_0029169_edge.png,56.01,53.654922,0.0022390224039554
3711,/tmp/DataSetCombined/Edges/Round-5_0010904_edge.png,3.25,2.477731,0.0022390224039554
3712,/tmp/DataSetCombined/Edges/Round-3_0038559_edge.png,58.68,58.569016,0.0023894757032394
3713,/tmp/DataSetCombined/Edges/Round-6_0103394_edge.png,64.01,61.97102,0.0023894757032394
3714,/tmp/DataSetCombined/Edges/Round-1_0134580_edge.png,45.35,45.84344,0.0023894757032394
3715,/tmp/DataSetCombined/Edges/Round-6_0128106_edge.png,63.99,62.419727,0.0023894757032394
3716,/tmp/DataSetCombined/Edges/Round-9_0119078_edge.png,5.65,5.5445766,0.0023894757032394
3717,/tmp/DataSetCombined/Edges/Round-8_0051374_edge.png,63.42,63.22344,0.0023894757032394
3718,/tmp/DataSetCombined/Edges/Round-1_0006334_edge.png,63.28,62.867863,0.0023894757032394
3719,/tmp/DataSetCombined/Edges/Round-3_0049064_edge.png,65.12,63.997005,0.0023894757032394
3720,/tmp/DataSetCombined/Edges/Round-1_0014901_edge.png,64.13,63.459194,0.0023894757032394
3721,/tmp/DataSetCombined/Edges/Round-4_0003856_edge.png,63.95,63.202465,0.0023894757032394
3722,/tmp/DataSetCombined/Edges/Round-8_0031690_edge.png,2.92,2.3320777,0.0023894757032394
3723,/tmp/DataSetCombined/Edges/Round-8_0030244_edge.png,52.32,51.70712,0.0023894757032394
3724,/tmp/DataSetCombined/Edges/Round-1_0146980_edge.png,3.38,2.505161,0.0023894757032394
3725,/tmp/DataSetCombined/Edges/Round-4_0074349_edge.png,51.01,50.06475,0.0023894757032394
3726,/tmp/DataSetCombined/Edges/Round-3_0024734_edge.png,5.76,5.706283,0.0023894757032394
3727,/tmp/DataSetCombined/Edges/Round-9_0067336_edge.png,62.18,62.559925,0.0023894757032394
3728,/tmp/DataSetCombined/Edges/Round-8_0043350_edge.png,62.24,62.550472,0.0023894757032394
3729,/tmp/DataSetCombined/Edges/Round-10_0153751_edge.png,3.08,2.4100246,0.0023894757032394
3730,/tmp/DataSetCombined/Edges/Round-3_0013336_edge.png,62.76,61.73769,0.0023894757032394
3731,/tmp/DataSetCombined/Edges/Round-4_0087051_edge.png,13.55,14.132638,0.0023894757032394
3732,/tmp/DataSetCombined/Edges/Round-10_0023119_edge.png,55.42,52.83833,0.0023894757032394
3733,/tmp/DataSetCombined/Edges/Round-7_0129518_edge.png,56.13,56.443363,0.0023894757032394
3734,/tmp/DataSetCombined/Edges/Round-4_0077691_edge.png,40.5,40.324444,0.0023894757032394
3735,/tmp/DataSetCombined/Edges/Round-7_0032782_edge.png,64.17,62.14168,0.0023894757032394
3736,/tmp/DataSetCombined/Edges/Round-7_0082808_edge.png,4.22,3.4148555,0.0023894757032394
3737,/tmp/DataSetCombined/Edges/Round-2_0023600_edge.png,65.03,62.141293,0.0023894757032394
3738,/tmp/DataSetCombined/Edges/Round-10_0179668_edge.png,7.38,7.7592344,0.0023894757032394
3739,/tmp/DataSetCombined/Edges/Round-9_0062340_edge.png,4.97,4.467366,0.0023894757032394
3740,/tmp/DataSetCombined/Edges/Round-7_0102282_edge.png,3.32,2.4712603,0.0023894757032394
3741,/tmp/DataSetCombined/Edges/Round-7_0113931_edge.png,65.17,63.976208,0.0023894757032394
3742,/tmp/DataSetCombined/Edges/Round-9_0103606_edge.png,7.34,7.7292547,0.0023894757032394
3743,/tmp/DataSetCombined/Edges/Round-6_0099210_edge.png,39.59,38.87678,0.0023894757032394
3744,/tmp/DataSetCombined/Edges/Round-9_0092861_edge.png,64.61,62.883038,0.0023894757032394
3745,/tmp/DataSetCombined/Edges/Round-1_0058901_edge.png,27.48,28.119814,0.0023894757032394
3746,/tmp/DataSetCombined/Edges/Round-9_0094065_edge.png,59.58,58.142864,0.0023894757032394
3747,/tmp/DataSetCombined/Edges/Round-5_0008103_edge.png,3.7,2.7614264,0.0023894757032394
3748,/tmp/DataSetCombined/Edges/Round-10_0111281_edge.png,38.83,38.778847,0.0023894757032394
3749,/tmp/DataSetCombined/Edges/Round-1_0156048_edge.png,53.59,53.965855,0.0023894757032394
3750,/tmp/DataSetCombined/Edges/Round-9_0117483_edge.png,64.51,63.170452,0.0023894757032394
3751,/tmp/DataSetCombined/Edges/Round-8_0049388_edge.png,65.02,62.601006,0.0023894757032394
3752,/tmp/DataSetCombined/Edges/Round-9_0093463_edge.png,8.88,9.427442,0.0023894757032394
3753,/tmp/DataSetCombined/Edges/Round-5_0010391_edge.png,3.39,2.6459332,0.0023894757032394
3754,/tmp/DataSetCombined/Edges/Round-10_0153992_edge.png,3.92,3.0640101,0.0023894757032394
3755,/tmp/DataSetCombined/Edges/Round-2_0074167_edge.png,63.22,62.747875,0.0023894757032394
3756,/tmp/DataSetCombined/Edges/Round-2_0055500_edge.png,4.2,3.2722538,0.0023894757032394
3757,/tmp/DataSetCombined/Edges/Round-9_0136024_edge.png,65.29,62.854427,0.0023894757032394
3758,/tmp/DataSetCombined/Edges/Round-9_0091507_edge.png,41.4,41.191166,0.0023894757032394
3759,/tmp/DataSetCombined/Edges/Round-2_0067438_edge.png,3.54,2.6435552,0.0023894757032394
3760,/tmp/DataSetCombined/Edges/Round-7_0102342_edge.png,6.71,6.8152065,0.0023894757032394
3761,/tmp/DataSetCombined/Edges/Round-10_0085967_edge.png,62.73,62.30372,0.0023894757032394
3762,/tmp/DataSetCombined/Edges/Round-9_0078052_edge.png,65.14,64.01,0.0023894757032394
3763,/tmp/DataSetCombined/Edges/Round-10_0102642_edge.png,5.88,5.9862933,0.0023894757032394
3764,/tmp/DataSetCombined/Edges/Round-9_0052196_edge.png,9.85,10.435302,0.0023894757032394
3765,/tmp/DataSetCombined/Edges/Round-9_0162933_edge.png,6.89,6.9906273,0.0023894757032394
3766,/tmp/DataSetCombined/Edges/Round-9_0042355_edge.png,51.82,52.571278,0.0023894757032394
3767,/tmp/DataSetCombined/Edges/Round-5_0041273_edge.png,64.31,62.81995,0.0023894757032394
3768,/tmp/DataSetCombined/Edges/Round-1_0147522_edge.png,7.46,7.085384,0.0023894757032394
3769,/tmp/DataSetCombined/Edges/Round-6_0047018_edge.png,6.74,7.1027203,0.0023894757032394
3770,/tmp/DataSetCombined/Edges/Round-6_0047228_edge.png,5.05,4.2750354,0.0023894757032394
3771,/tmp/DataSetCombined/Edges/Round-8_0044403_edge.png,64.36,63.46004,0.0023894757032394
3772,/tmp/DataSetCombined/Edges/Round-5_0085006_edge.png,59.35,58.82944,0.0023894757032394
3773,/tmp/DataSetCombined/Edges/Round-8_0054637_edge.png,63.66,63.282166,0.0023894757032394
3774,/tmp/DataSetCombined/Edges/Round-10_0009815_edge.png,46.62,44.916565,0.0023894757032394
3775,/tmp/DataSetCombined/Edges/Round-4_0057993_edge.png,6.67,6.9613695,0.0023894757032394
3776,/tmp/DataSetCombined/Edges/Round-7_0064868_edge.png,47.76,44.625446,0.0023098103702068
3777,/tmp/DataSetCombined/Edges/Round-8_0027487_edge.png,60.06,60.431973,0.0023098103702068
3778,/tmp/DataSetCombined/Edges/Round-9_0144693_edge.png,63.88,62.89198,0.0023098103702068
3779,/tmp/DataSetCombined/Edges/Round-8_0021919_edge.png,9.07,9.743676,0.0023098103702068
3780,/tmp/DataSetCombined/Edges/Round-1_0088527_edge.png,2.46,2.1715932,0.0023098103702068
3781,/tmp/DataSetCombined/Edges/Round-4_0081363_edge.png,34.42,35.80203,0.0023098103702068
3782,/tmp/DataSetCombined/Edges/Round-8_0063125_edge.png,5.41,5.224012,0.0023098103702068
3783,/tmp/DataSetCombined/Edges/Round-10_0191978_edge.png,24.53,25.774614,0.0023098103702068
3784,/tmp/DataSetCombined/Edges/Round-2_0099495_edge.png,5.27,4.781951,0.0023098103702068
3785,/tmp/DataSetCombined/Edges/Round-6_0117550_edge.png,9.22,9.785989,0.0023098103702068
3786,/tmp/DataSetCombined/Edges/Round-7_0057765_edge.png,8.33,8.716588,0.0023098103702068
3787,/tmp/DataSetCombined/Edges/Round-5_0081938_edge.png,3.31,2.5775063,0.0023098103702068
3788,/tmp/DataSetCombined/Edges/Round-1_0095210_edge.png,11.49,12.258724,0.0023098103702068
3789,/tmp/DataSetCombined/Edges/Round-3_0066401_edge.png,65.28,62.539417,0.0023098103702068
3790,/tmp/DataSetCombined/Edges/Round-6_0045061_edge.png,65.34,63.789234,0.0023098103702068
3791,/tmp/DataSetCombined/Edges/Round-9_0194779_edge.png,26.24,27.811625,0.0023098103702068
3792,/tmp/DataSetCombined/Edges/Round-10_0134969_edge.png,60.8,59.81394,0.0023098103702068
3793,/tmp/DataSetCombined/Edges/Round-9_0193905_edge.png,3.96,3.1543682,0.0023098103702068
3794,/tmp/DataSetCombined/Edges/Round-10_0050329_edge.png,8.34,8.591678,0.0023098103702068
3795,/tmp/DataSetCombined/Edges/Round-10_0073476_edge.png,8.22,8.385402,0.0023098103702068
3796,/tmp/DataSetCombined/Edges/Round-8_0003468_edge.png,15.02,15.617328,0.0023098103702068
3797,/tmp/DataSetCombined/Edges/Round-6_0058275_edge.png,3.31,2.6146438,0.0023098103702068
3798,/tmp/DataSetCombined/Edges/Round-8_0001607_edge.png,21.84,22.511862,0.0023098103702068
3799,/tmp/DataSetCombined/Edges/Round-10_0071579_edge.png,15.86,16.463078,0.0023098103702068
3800,/tmp/DataSetCombined/Edges/Round-8_0046168_edge.png,63.71,62.30115,0.0023098103702068
3801,/tmp/DataSetCombined/Edges/Round-7_0029683_edge.png,64.23,63.20749,0.0023098103702068
3802,/tmp/DataSetCombined/Edges/Round-1_0073809_edge.png,22.29,22.279528,0.0023098103702068
3803,/tmp/DataSetCombined/Edges/Round-8_0057816_edge.png,65.26,63.21989,0.0023098103702068
3804,/tmp/DataSetCombined/Edges/Round-2_0055067_edge.png,64.68,62.642113,0.0023098103702068
3805,/tmp/DataSetCombined/Edges/Round-7_0124586_edge.png,53.67,52.377487,0.0023098103702068
3806,/tmp/DataSetCombined/Edges/Round-8_0087686_edge.png,18.13,17.931387,0.0023098103702068
3807,/tmp/DataSetCombined/Edges/Round-9_0101230_edge.png,6.26,6.4036627,0.0023098103702068
3808,/tmp/DataSetCombined/Edges/Round-6_0034723_edge.png,48.7,49.13368,0.0023098103702068
3809,/tmp/DataSetCombined/Edges/Round-1_0118319_edge.png,7.35,7.285934,0.0023098103702068
3810,/tmp/DataSetCombined/Edges/Round-8_0039184_edge.png,6.88,7.087763,0.0023098103702068
3811,/tmp/DataSetCombined/Edges/Round-9_0182829_edge.png,8.71,9.2105255,0.0023098103702068
3812,/tmp/DataSetCombined/Edges/Round-7_0086179_edge.png,22.11,21.353231,0.0023098103702068
3813,/tmp/DataSetCombined/Edges/Round-9_0185989_edge.png,3.14,2.39946,0.0023098103702068
3814,/tmp/DataSetCombined/Edges/Round-7_0115676_edge.png,9.98,10.488395,0.0023098103702068
3815,/tmp/DataSetCombined/Edges/Round-8_0073540_edge.png,2.69,2.259755,0.0023098103702068
3816,/tmp/DataSetCombined/Edges/Round-1_0054467_edge.png,56.71,57.124146,0.0023098103702068
3817,/tmp/DataSetCombined/Edges/Round-2_0018400_edge.png,63.69,62.62019,0.0023098103702068
3818,/tmp/DataSetCombined/Edges/Round-4_0083620_edge.png,64.71,63.124043,0.0023098103702068
3819,/tmp/DataSetCombined/Edges/Round-3_0065107_edge.png,62.45,61.696083,0.0023098103702068
3820,/tmp/DataSetCombined/Edges/Round-4_0019041_edge.png,4.97,4.2124677,0.0023098103702068
3821,/tmp/DataSetCombined/Edges/Round-10_0181142_edge.png,7.52,7.9537745,0.0023098103702068
3822,/tmp/DataSetCombined/Edges/Round-5_0053132_edge.png,59.52,56.573715,0.0023098103702068
3823,/tmp/DataSetCombined/Edges/Round-5_0003879_edge.png,4.61,3.8582027,0.0023098103702068
3824,/tmp/DataSetCombined/Edges/Round-3_0037234_edge.png,21.19,21.023169,0.0023098103702068
3825,/tmp/DataSetCombined/Edges/Round-2_0102686_edge.png,31.99,32.6398,0.0023098103702068
3826,/tmp/DataSetCombined/Edges/Round-9_0089581_edge.png,4.6,3.7747786,0.0023098103702068
3827,/tmp/DataSetCombined/Edges/Round-1_0106888_edge.png,61.98,62.333195,0.0023098103702068
3828,/tmp/DataSetCombined/Edges/Round-1_0066967_edge.png,5.5,5.435093,0.0023098103702068
3829,/tmp/DataSetCombined/Edges/Round-4_0069142_edge.png,7.98,8.189887,0.0023098103702068
3830,/tmp/DataSetCombined/Edges/Round-5_0103188_edge.png,13.11,13.524256,0.0023098103702068
3831,/tmp/DataSetCombined/Edges/Round-8_0066334_edge.png,48.25,47.52667,0.0023098103702068
3832,/tmp/DataSetCombined/Edges/Round-7_0038953_edge.png,16.57,17.090078,0.0023098103702068
3833,/tmp/DataSetCombined/Edges/Round-3_0030643_edge.png,47.9,46.493935,0.0023098103702068
3834,/tmp/DataSetCombined/Edges/Round-1_0153693_edge.png,2.46,2.1561477,0.0023098103702068
3835,/tmp/DataSetCombined/Edges/Round-5_0023605_edge.png,64.13,63.078827,0.0023098103702068
3836,/tmp/DataSetCombined/Edges/Round-7_0033813_edge.png,63.77,62.399284,0.0023098103702068
3837,/tmp/DataSetCombined/Edges/Round-10_0058637_edge.png,9.98,10.507594,0.0023098103702068
3838,/tmp/DataSetCombined/Edges/Round-10_0083469_edge.png,17.78,18.432302,0.0023098103702068
3839,/tmp/DataSetCombined/Edges/Round-3_0037300_edge.png,3.96,3.0802553,0.0023098103702068
3840,/tmp/DataSetCombined/Edges/Round-9_0107482_edge.png,56.13,55.790627,0.0025835372507572
3841,/tmp/DataSetCombined/Edges/Round-8_0078223_edge.png,34.07,35.75842,0.0025835372507572
3842,/tmp/DataSetCombined/Edges/Round-2_0077601_edge.png,4.68,3.9583728,0.0025835372507572
3843,/tmp/DataSetCombined/Edges/Round-1_0119470_edge.png,65.12,64.178696,0.0025835372507572
3844,/tmp/DataSetCombined/Edges/Round-8_0049538_edge.png,64.08,62.4828,0.0025835372507572
3845,/tmp/DataSetCombined/Edges/Round-4_0069443_edge.png,11.18,11.4524975,0.0025835372507572
3846,/tmp/DataSetCombined/Edges/Round-8_0044693_edge.png,16.24,16.973173,0.0025835372507572
3847,/tmp/DataSetCombined/Edges/Round-1_0019400_edge.png,44.63,45.232174,0.0025835372507572
3848,/tmp/DataSetCombined/Edges/Round-10_0058155_edge.png,8.2,8.663348,0.0025835372507572
3849,/tmp/DataSetCombined/Edges/Round-5_0022070_edge.png,30.11,31.33188,0.0025835372507572
3850,/tmp/DataSetCombined/Edges/Round-1_0010000_edge.png,65.33,62.78795,0.0025835372507572
3851,/tmp/DataSetCombined/Edges/Round-6_0054061_edge.png,12.71,13.286919,0.0025835372507572
3852,/tmp/DataSetCombined/Edges/Round-10_0113599_edge.png,18.03,18.682625,0.0025835372507572
3853,/tmp/DataSetCombined/Edges/Round-4_0015926_edge.png,5.53,5.3361025,0.0025835372507572
3854,/tmp/DataSetCombined/Edges/Round-1_0130757_edge.png,7.1,7.169249,0.0025835372507572
3855,/tmp/DataSetCombined/Edges/Round-9_0188006_edge.png,64.56,63.242344,0.0025835372507572
3856,/tmp/DataSetCombined/Edges/Round-3_0003667_edge.png,64.45,62.867474,0.0025835372507572
3857,/tmp/DataSetCombined/Edges/Round-1_0079828_edge.png,65.26,63.799614,0.0025835372507572
3858,/tmp/DataSetCombined/Edges/Round-5_0016863_edge.png,64.86,63.157722,0.0025835372507572
3859,/tmp/DataSetCombined/Edges/Round-1_0010167_edge.png,12.48,12.982864,0.0025835372507572
3860,/tmp/DataSetCombined/Edges/Round-7_0030946_edge.png,49.0,49.478195,0.0025835372507572
3861,/tmp/DataSetCombined/Edges/Round-9_0170679_edge.png,33.61,34.59231,0.0025835372507572
3862,/tmp/DataSetCombined/Edges/Round-8_0052109_edge.png,64.66,62.932037,0.0025835372507572
3863,/tmp/DataSetCombined/Edges/Round-10_0147826_edge.png,8.38,8.589727,0.0025835372507572
3864,/tmp/DataSetCombined/Edges/Round-5_0064059_edge.png,63.1,63.10579,0.0025835372507572
3865,/tmp/DataSetCombined/Edges/Round-5_0116553_edge.png,56.29,55.99625,0.0025835372507572
3866,/tmp/DataSetCombined/Edges/Round-5_0114596_edge.png,65.21,63.736774,0.0025835372507572
3867,/tmp/DataSetCombined/Edges/Round-9_0089279_edge.png,5.98,5.7046947,0.0025835372507572
3868,/tmp/DataSetCombined/Edges/Round-7_0021013_edge.png,65.18,62.710476,0.0025835372507572
3869,/tmp/DataSetCombined/Edges/Round-1_0058467_edge.png,64.3,62.03093,0.0025835372507572
3870,/tmp/DataSetCombined/Edges/Round-3_0081632_edge.png,4.13,3.3082445,0.0025835372507572
3871,/tmp/DataSetCombined/Edges/Round-6_0041449_edge.png,65.28,64.02666,0.0025835372507572
3872,/tmp/DataSetCombined/Edges/Round-3_0007167_edge.png,57.43,57.74627,0.0025835372507572
3873,/tmp/DataSetCombined/Edges/Round-3_0052401_edge.png,51.97,50.221615,0.0025835372507572
3874,/tmp/DataSetCombined/Edges/Round-2_0093204_edge.png,36.09,35.921486,0.0025835372507572
3875,/tmp/DataSetCombined/Edges/Round-10_0070857_edge.png,63.01,62.592144,0.0025835372507572
3876,/tmp/DataSetCombined/Edges/Round-9_0122991_edge.png,34.1,35.92512,0.0025835372507572
3877,/tmp/DataSetCombined/Edges/Round-6_0054603_edge.png,13.68,14.25487,0.0025835372507572
3878,/tmp/DataSetCombined/Edges/Round-6_0123742_edge.png,9.36,9.622567,0.0025835372507572
3879,/tmp/DataSetCombined/Edges/Round-9_0191106_edge.png,62.83,62.076756,0.0025835372507572
3880,/tmp/DataSetCombined/Edges/Round-9_0133225_edge.png,48.63,48.18181,0.0025835372507572
3881,/tmp/DataSetCombined/Edges/Round-8_0058731_edge.png,2.47,2.1663384,0.0025835372507572
3882,/tmp/DataSetCombined/Edges/Round-4_0079888_edge.png,58.13,57.65064,0.0025835372507572
3883,/tmp/DataSetCombined/Edges/Round-10_0008370_edge.png,64.42,62.6038,0.0025835372507572
3884,/tmp/DataSetCombined/Edges/Round-8_0014864_edge.png,16.44,16.665363,0.0025835372507572
3885,/tmp/DataSetCombined/Edges/Round-2_0093054_edge.png,65.25,63.865158,0.0025835372507572
3886,/tmp/DataSetCombined/Edges/Round-5_0115108_edge.png,64.34,62.923473,0.0025835372507572
3887,/tmp/DataSetCombined/Edges/Round-1_0108393_edge.png,5.17,4.9601803,0.0025835372507572
3888,/tmp/DataSetCombined/Edges/Round-7_0070045_edge.png,62.51,61.334118,0.0025835372507572
3889,/tmp/DataSetCombined/Edges/Round-5_0112098_edge.png,3.45,2.5945773,0.0025835372507572
3890,/tmp/DataSetCombined/Edges/Round-9_0105232_edge.png,3.22,2.4455829,0.0025835372507572
3891,/tmp/DataSetCombined/Edges/Round-6_0016166_edge.png,5.4,5.1857047,0.0025835372507572
3892,/tmp/DataSetCombined/Edges/Round-6_0062940_edge.png,64.78,62.5261,0.0025835372507572
3893,/tmp/DataSetCombined/Edges/Round-2_0072285_edge.png,7.32,7.3087435,0.0025835372507572
3894,/tmp/DataSetCombined/Edges/Round-9_0092418_edge.png,7.5,7.7519774,0.0025835372507572
3895,/tmp/DataSetCombined/Edges/Round-10_0142705_edge.png,6.72,6.7052197,0.0025835372507572
3896,/tmp/DataSetCombined/Edges/Round-8_0063806_edge.png,6.97,7.29867,0.0025835372507572
3897,/tmp/DataSetCombined/Edges/Round-4_0058366_edge.png,3.25,2.4606996,0.0025835372507572
3898,/tmp/DataSetCombined/Edges/Round-4_0007468_edge.png,64.37,62.083134,0.0025835372507572
3899,/tmp/DataSetCombined/Edges/Round-5_0045849_edge.png,52.39,51.260258,0.0025835372507572
3900,/tmp/DataSetCombined/Edges/Round-4_0023240_edge.png,6.16,6.304146,0.0025835372507572
3901,/tmp/DataSetCombined/Edges/Round-10_0142283_edge.png,61.51,62.497463,0.0025835372507572
3902,/tmp/DataSetCombined/Edges/Round-10_0060051_edge.png,6.49,6.204898,0.0025835372507572
3903,/tmp/DataSetCombined/Edges/Round-10_0045875_edge.png,65.06,64.12212,0.0025835372507572
3904,/tmp/DataSetCombined/Edges/Round-7_0103877_edge.png,4.32,3.3329043,0.0023712441325187
3905,/tmp/DataSetCombined/Edges/Round-1_0012934_edge.png,3.57,2.7824452,0.0023712441325187
3906,/tmp/DataSetCombined/Edges/Round-6_0129280_edge.png,2.65,2.2124734,0.0023712441325187
3907,/tmp/DataSetCombined/Edges/Round-9_0044461_edge.png,39.99,39.159832,0.0023712441325187
3908,/tmp/DataSetCombined/Edges/Round-7_0049465_edge.png,4.88,4.111686,0.0023712441325187
3909,/tmp/DataSetCombined/Edges/Round-1_0069167_edge.png,65.07,63.252796,0.0023712441325187
3910,/tmp/DataSetCombined/Edges/Round-8_0062614_edge.png,63.78,63.812717,0.0023712441325187
3911,/tmp/DataSetCombined/Edges/Round-10_0162888_edge.png,2.59,2.2194028,0.0023712441325187
3912,/tmp/DataSetCombined/Edges/Round-4_0076185_edge.png,65.34,63.954777,0.0023712441325187
3913,/tmp/DataSetCombined/Edges/Round-5_0101533_edge.png,34.65,35.59949,0.0023712441325187
3914,/tmp/DataSetCombined/Edges/Round-9_0138914_edge.png,4.17,3.2487285,0.0023712441325187
3915,/tmp/DataSetCombined/Edges/Round-1_0151736_edge.png,55.13,53.89588,0.0023712441325187
3916,/tmp/DataSetCombined/Edges/Round-10_0037808_edge.png,3.08,2.366394,0.0023712441325187
3917,/tmp/DataSetCombined/Edges/Round-6_0005243_edge.png,64.0,62.62431,0.0023712441325187
3918,/tmp/DataSetCombined/Edges/Round-7_0119529_edge.png,26.95,27.69322,0.0023712441325187
3919,/tmp/DataSetCombined/Edges/Round-2_0066836_edge.png,60.8,58.460262,0.0023712441325187
3920,/tmp/DataSetCombined/Edges/Round-9_0197668_edge.png,5.23,4.8749986,0.0023712441325187
3921,/tmp/DataSetCombined/Edges/Round-7_0075104_edge.png,64.18,63.502796,0.0023712441325187
3922,/tmp/DataSetCombined/Edges/Round-3_0047710_edge.png,65.25,63.972538,0.0023712441325187
3923,/tmp/DataSetCombined/Edges/Round-9_0033294_edge.png,56.19,53.930172,0.0023712441325187
3924,/tmp/DataSetCombined/Edges/Round-9_0089618_edge.png,3.12,2.4462247,0.0023712441325187
3925,/tmp/DataSetCombined/Edges/Round-10_0106856_edge.png,6.56,6.701391,0.0023712441325187
3926,/tmp/DataSetCombined/Edges/Round-10_0065981_edge.png,23.92,25.563055,0.0023712441325187
3927,/tmp/DataSetCombined/Edges/Round-10_0081964_edge.png,64.11,61.67964,0.0023712441325187
3928,/tmp/DataSetCombined/Edges/Round-2_0093836_edge.png,63.42,62.35345,0.0023712441325187
3929,/tmp/DataSetCombined/Edges/Round-2_0069400_edge.png,58.17,57.05282,0.0023712441325187
3930,/tmp/DataSetCombined/Edges/Round-1_0065501_edge.png,4.65,3.9736989,0.0023712441325187
3931,/tmp/DataSetCombined/Edges/Round-5_0002879_edge.png,2.92,2.3418493,0.0023712441325187
3932,/tmp/DataSetCombined/Edges/Round-8_0047263_edge.png,64.23,63.16482,0.0023712441325187
3933,/tmp/DataSetCombined/Edges/Round-6_0030222_edge.png,65.32,62.424034,0.0023712441325187
3934,/tmp/DataSetCombined/Edges/Round-6_0044399_edge.png,43.65,41.52394,0.0023712441325187
3935,/tmp/DataSetCombined/Edges/Round-9_0008311_edge.png,5.76,5.2801085,0.0023712441325187
3936,/tmp/DataSetCombined/Edges/Round-8_0010481_edge.png,9.13,9.699659,0.0023712441325187
3937,/tmp/DataSetCombined/Edges/Round-5_0014364_edge.png,64.6,62.661667,0.0023712441325187
3938,/tmp/DataSetCombined/Edges/Round-6_0057402_edge.png,2.71,2.2318308,0.0023712441325187
3939,/tmp/DataSetCombined/Edges/Round-4_0007569_edge.png,21.49,22.148642,0.0023712441325187
3940,/tmp/DataSetCombined/Edges/Round-8_0024526_edge.png,27.84,28.890896,0.0023712441325187
3941,/tmp/DataSetCombined/Edges/Round-10_0154022_edge.png,64.34,63.16781,0.0023712441325187
3942,/tmp/DataSetCombined/Edges/Round-1_0078625_edge.png,36.92,37.38045,0.0023712441325187
3943,/tmp/DataSetCombined/Edges/Round-10_0069502_edge.png,8.75,9.432991,0.0023712441325187
3944,/tmp/DataSetCombined/Edges/Round-6_0102582_edge.png,51.95,48.297787,0.0023712441325187
3945,/tmp/DataSetCombined/Edges/Round-9_0190083_edge.png,59.32,57.59902,0.0023712441325187
3946,/tmp/DataSetCombined/Edges/Round-5_0018368_edge.png,7.93,8.381549,0.0023712441325187
3947,/tmp/DataSetCombined/Edges/Round-1_0047634_edge.png,3.49,2.600873,0.0023712441325187
3948,/tmp/DataSetCombined/Edges/Round-6_0028838_edge.png,64.95,63.052113,0.0023712441325187
3949,/tmp/DataSetCombined/Edges/Round-5_0104753_edge.png,62.58,61.3632,0.0023712441325187
3950,/tmp/DataSetCombined/Edges/Round-9_0015896_edge.png,55.58,54.47772,0.0023712441325187
3951,/tmp/DataSetCombined/Edges/Round-5_0008946_edge.png,35.55,36.894005,0.0023712441325187
3952,/tmp/DataSetCombined/Edges/Round-4_0052718_edge.png,64.89,63.21786,0.0023712441325187
3953,/tmp/DataSetCombined/Edges/Round-2_0109337_edge.png,60.58,61.680027,0.0023712441325187
3954,/tmp/DataSetCombined/Edges/Round-10_0023811_edge.png,64.7,63.096394,0.0023712441325187
3955,/tmp/DataSetCombined/Edges/Round-9_0162361_edge.png,8.44,8.883052,0.0023712441325187
3956,/tmp/DataSetCombined/Edges/Round-9_0033926_edge.png,51.69,51.434505,0.0023712441325187
3957,/tmp/DataSetCombined/Edges/Round-4_0049667_edge.png,64.21,63.046947,0.0023712441325187
3958,/tmp/DataSetCombined/Edges/Round-10_0100927_edge.png,64.99,62.387054,0.0023712441325187
3959,/tmp/DataSetCombined/Edges/Round-1_0139096_edge.png,65.09,63.92594,0.0023712441325187
3960,/tmp/DataSetCombined/Edges/Round-7_0054996_edge.png,63.68,62.629932,0.0023712441325187
3961,/tmp/DataSetCombined/Edges/Round-9_0193002_edge.png,63.81,62.24092,0.0023712441325187
3962,/tmp/DataSetCombined/Edges/Round-10_0174852_edge.png,63.25,59.36283,0.0023712441325187
3963,/tmp/DataSetCombined/Edges/Round-5_0028661_edge.png,3.84,2.8934534,0.0023712441325187
3964,/tmp/DataSetCombined/Edges/Round-7_0041211_edge.png,3.31,2.4728372,0.0023712441325187
3965,/tmp/DataSetCombined/Edges/Round-8_0024267_edge.png,12.74,13.230586,0.0023712441325187
3966,/tmp/DataSetCombined/Edges/Round-7_0068209_edge.png,2.87,2.285961,0.0023712441325187
3967,/tmp/DataSetCombined/Edges/Round-3_0034074_edge.png,30.23,30.905191,0.0023712441325187
3968,/tmp/DataSetCombined/Edges/Round-9_0075584_edge.png,64.16,60.8477,0.0021266974508762
3969,/tmp/DataSetCombined/Edges/Round-5_0067881_edge.png,8.98,9.554064,0.0021266974508762
3970,/tmp/DataSetCombined/Edges/Round-9_0067306_edge.png,7.46,7.643448,0.0021266974508762
3971,/tmp/DataSetCombined/Edges/Round-9_0137047_edge.png,7.51,7.962817,0.0021266974508762
3972,/tmp/DataSetCombined/Edges/Round-6_0072151_edge.png,9.89,10.4368305,0.0021266974508762
3973,/tmp/DataSetCombined/Edges/Round-5_0084466_edge.png,6.9,6.948636,0.0021266974508762
3974,/tmp/DataSetCombined/Edges/Round-9_0120493_edge.png,46.14,45.325417,0.0021266974508762
3975,/tmp/DataSetCombined/Edges/Round-9_0093914_edge.png,3.29,2.4812272,0.0021266974508762
3976,/tmp/DataSetCombined/Edges/Round-4_0081152_edge.png,7.59,7.96776,0.0021266974508762
3977,/tmp/DataSetCombined/Edges/Round-7_0020321_edge.png,65.58,64.06216,0.0021266974508762
3978,/tmp/DataSetCombined/Edges/Round-6_0097284_edge.png,3.81,2.891954,0.0021266974508762
3979,/tmp/DataSetCombined/Edges/Round-10_0118565_edge.png,63.87,63.247646,0.0021266974508762
3980,/tmp/DataSetCombined/Edges/Round-6_0122658_edge.png,5.17,4.977294,0.0021266974508762
3981,/tmp/DataSetCombined/Edges/Round-9_0128439_edge.png,4.71,4.0255194,0.0021266974508762
3982,/tmp/DataSetCombined/Edges/Round-3_0084552_edge.png,55.1,55.786404,0.0021266974508762
3983,/tmp/DataSetCombined/Edges/Round-10_0035339_edge.png,64.46,62.32301,0.0021266974508762
3984,/tmp/DataSetCombined/Edges/Round-9_0059149_edge.png,5.48,5.34406,0.0021266974508762
3985,/tmp/DataSetCombined/Edges/Round-9_0194177_edge.png,65.3,63.963184,0.0021266974508762
3986,/tmp/DataSetCombined/Edges/Round-8_0036987_edge.png,8.69,9.182343,0.0021266974508762
3987,/tmp/DataSetCombined/Edges/Round-6_0015473_edge.png,5.02,4.24377,0.0021266974508762
3988,/tmp/DataSetCombined/Edges/Round-5_0040009_edge.png,23.99,25.038006,0.0021266974508762
3989,/tmp/DataSetCombined/Edges/Round-1_0153783_edge.png,2.97,2.3582656,0.0021266974508762
3990,/tmp/DataSetCombined/Edges/Round-9_0058126_edge.png,4.33,3.5321302,0.0021266974508762
3991,/tmp/DataSetCombined/Edges/Round-5_0020233_edge.png,63.41,62.56635,0.0021266974508762
3992,/tmp/DataSetCombined/Edges/Round-10_0116608_edge.png,30.65,33.58951,0.0021266974508762
3993,/tmp/DataSetCombined/Edges/Round-6_0109326_edge.png,47.14,46.985107,0.0021266974508762
3994,/tmp/DataSetCombined/Edges/Round-9_0123443_edge.png,65.22,64.07323,0.0021266974508762
3995,/tmp/DataSetCombined/Edges/Round-10_0089278_edge.png,56.08,55.796856,0.0021266974508762
3996,/tmp/DataSetCombined/Edges/Round-8_0057436_edge.png,65.23,63.97678,0.0021266974508762
3997,/tmp/DataSetCombined/Edges/Round-3_0014376_edge.png,45.96,45.23406,0.0021266974508762
3998,/tmp/DataSetCombined/Edges/Round-8_0019611_edge.png,2.92,2.3264039,0.0021266974508762
3999,/tmp/DataSetCombined/Edges/Round-7_0016890_edge.png,33.82,34.205265,0.0021266974508762
4000,/tmp/DataSetCombined/Edges/Round-9_0024023_edge.png,63.74,63.675095,0.0021266974508762
4001,/tmp/DataSetCombined/Edges/Round-10_0124374_edge.png,64.22,63.327717,0.0021266974508762
4002,/tmp/DataSetCombined/Edges/Round-5_0072998_edge.png,54.76,52.80987,0.0021266974508762
4003,/tmp/DataSetCombined/Edges/Round-6_0067485_edge.png,5.58,5.542211,0.0021266974508762
4004,/tmp/DataSetCombined/Edges/Round-9_0074471_edge.png,29.0,29.332832,0.0021266974508762
4005,/tmp/DataSetCombined/Edges/Round-6_0096441_edge.png,61.7,59.25194,0.0021266974508762
4006,/tmp/DataSetCombined/Edges/Round-7_0006390_edge.png,64.49,63.09267,0.0021266974508762
4007,/tmp/DataSetCombined/Edges/Round-1_0164739_edge.png,5.01,4.5033875,0.0021266974508762
4008,/tmp/DataSetCombined/Edges/Round-7_0122931_edge.png,60.08,60.799473,0.0021266974508762
4009,/tmp/DataSetCombined/Edges/Round-7_0000546_edge.png,8.19,8.345833,0.0021266974508762
4010,/tmp/DataSetCombined/Edges/Round-9_0138643_edge.png,8.58,8.9601,0.0021266974508762
4011,/tmp/DataSetCombined/Edges/Round-3_0025967_edge.png,65.29,64.11624,0.0021266974508762
4012,/tmp/DataSetCombined/Edges/Round-1_0107881_edge.png,30.72,31.96122,0.0021266974508762
4013,/tmp/DataSetCombined/Edges/Round-10_0037326_edge.png,3.2,2.421285,0.0021266974508762
4014,/tmp/DataSetCombined/Edges/Round-3_0054693_edge.png,9.12,9.754951,0.0021266974508762
4015,/tmp/DataSetCombined/Edges/Round-6_0080188_edge.png,64.27,63.688187,0.0021266974508762
4016,/tmp/DataSetCombined/Edges/Round-1_0048067_edge.png,4.12,3.1904976,0.0021266974508762
4017,/tmp/DataSetCombined/Edges/Round-1_0100030_edge.png,7.7,8.010959,0.0021266974508762
4018,/tmp/DataSetCombined/Edges/Round-9_0135211_edge.png,64.55,63.113205,0.0021266974508762
4019,/tmp/DataSetCombined/Edges/Round-5_0026585_edge.png,8.28,8.57232,0.0021266974508762
4020,/tmp/DataSetCombined/Edges/Round-9_0115827_edge.png,42.06,41.338013,0.0021266974508762
4021,/tmp/DataSetCombined/Edges/Round-7_0001148_edge.png,63.99,63.32771,0.0021266974508762
4022,/tmp/DataSetCombined/Edges/Round-7_0077841_edge.png,6.29,6.3227925,0.0021266974508762
4023,/tmp/DataSetCombined/Edges/Round-2_0076198_edge.png,3.14,2.4158998,0.0021266974508762
4024,/tmp/DataSetCombined/Edges/Round-8_0082246_edge.png,59.7,58.067196,0.0021266974508762
4025,/tmp/DataSetCombined/Edges/Round-8_0058117_edge.png,15.94,16.37433,0.0021266974508762
4026,/tmp/DataSetCombined/Edges/Round-10_0199774_edge.png,62.83,59.459705,0.0021266974508762
4027,/tmp/DataSetCombined/Edges/Round-9_0045966_edge.png,5.89,5.842833,0.0021266974508762
4028,/tmp/DataSetCombined/Edges/Round-4_0012073_edge.png,6.27,6.3545322,0.0021266974508762
4029,/tmp/DataSetCombined/Edges/Round-9_0046959_edge.png,5.05,4.518869,0.0021266974508762
4030,/tmp/DataSetCombined/Edges/Round-7_0035521_edge.png,6.52,6.6746707,0.0021266974508762
4031,/tmp/DataSetCombined/Edges/Round-9_0002152_edge.png,55.02,53.80274,0.0021266974508762
4032,/tmp/DataSetCombined/Edges/Round-4_0085426_edge.png,21.07,22.015001,0.0020647421479225
4033,/tmp/DataSetCombined/Edges/Round-9_0053732_edge.png,59.98,60.588516,0.0020647421479225
4034,/tmp/DataSetCombined/Edges/Round-10_0100084_edge.png,64.29,63.485428,0.0020647421479225
4035,/tmp/DataSetCombined/Edges/Round-3_0024200_edge.png,64.63,62.85087,0.0020647421479225
4036,/tmp/DataSetCombined/Edges/Round-6_0053369_edge.png,34.9,34.668797,0.0020647421479225
4037,/tmp/DataSetCombined/Edges/Round-1_0006267_edge.png,2.57,2.205889,0.0020647421479225
4038,/tmp/DataSetCombined/Edges/Round-10_0015504_edge.png,37.14,37.381638,0.0020647421479225
4039,/tmp/DataSetCombined/Edges/Round-5_0004364_edge.png,59.76,60.528812,0.0020647421479225
4040,/tmp/DataSetCombined/Edges/Round-6_0125397_edge.png,7.68,8.097562,0.0020647421479225
4041,/tmp/DataSetCombined/Edges/Round-1_0023634_edge.png,28.92,30.50895,0.0020647421479225
4042,/tmp/DataSetCombined/Edges/Round-5_0053614_edge.png,6.2,6.340167,0.0020647421479225
4043,/tmp/DataSetCombined/Edges/Round-5_0056534_edge.png,5.37,5.221427,0.0020647421479225
4044,/tmp/DataSetCombined/Edges/Round-4_0000516_edge.png,63.88,62.461285,0.0020647421479225
4045,/tmp/DataSetCombined/Edges/Round-7_0106346_edge.png,3.16,2.397976,0.0020647421479225
4046,/tmp/DataSetCombined/Edges/Round-3_0026867_edge.png,27.95,28.35676,0.0020647421479225
4047,/tmp/DataSetCombined/Edges/Round-1_0132081_edge.png,4.11,3.2159193,0.0020647421479225
4048,/tmp/DataSetCombined/Edges/Round-10_0113783_edge.png,64.1,63.41042,0.0020647421479225
4049,/tmp/DataSetCombined/Edges/Round-7_0008943_edge.png,7.85,8.3087435,0.0020647421479225
4050,/tmp/DataSetCombined/Edges/Round-6_0043857_edge.png,56.56,57.38461,0.0020647421479225
4051,/tmp/DataSetCombined/Edges/Round-10_0137949_edge.png,3.09,2.3767757,0.0020647421479225
4052,/tmp/DataSetCombined/Edges/Round-9_0042384_edge.png,43.95,43.73737,0.0020647421479225
4053,/tmp/DataSetCombined/Edges/Round-6_0071338_edge.png,8.7,9.025482,0.0020647421479225
4054,/tmp/DataSetCombined/Edges/Round-8_0015044_edge.png,26.43,28.031288,0.0020647421479225
4055,/tmp/DataSetCombined/Edges/Round-4_0082566_edge.png,4.28,3.465359,0.0020647421479225
4056,/tmp/DataSetCombined/Edges/Round-9_0158207_edge.png,5.42,4.978165,0.0020647421479225
4057,/tmp/DataSetCombined/Edges/Round-8_0046739_edge.png,63.71,63.377426,0.0020647421479225
4058,/tmp/DataSetCombined/Edges/Round-4_0011471_edge.png,8.36,8.501894,0.0020647421479225
4059,/tmp/DataSetCombined/Edges/Round-10_0008656_edge.png,58.8,59.35651,0.0020647421479225
4060,/tmp/DataSetCombined/Edges/Round-2_0106568_edge.png,59.6,59.6935,0.0020647421479225
4061,/tmp/DataSetCombined/Edges/Round-8_0043970_edge.png,13.74,14.316804,0.0020647421479225
4062,/tmp/DataSetCombined/Edges/Round-4_0058126_edge.png,7.39,7.6857386,0.0020647421479225
4063,/tmp/DataSetCombined/Edges/Round-4_0009093_edge.png,45.23,43.953526,0.0020647421479225
4064,/tmp/DataSetCombined/Edges/Round-3_0052101_edge.png,2.99,2.32088,0.0020647421479225
4065,/tmp/DataSetCombined/Edges/Round-9_0149719_edge.png,43.04,44.41336,0.0020647421479225
4066,/tmp/DataSetCombined/Edges/Round-6_0017249_edge.png,8.92,9.4652,0.0020647421479225
4067,/tmp/DataSetCombined/Edges/Round-4_0026461_edge.png,63.92,63.224777,0.0020647421479225
4068,/tmp/DataSetCombined/Edges/Round-9_0166214_edge.png,65.38,63.85149,0.0020647421479225
4069,/tmp/DataSetCombined/Edges/Round-9_0051716_edge.png,63.35,62.31824,0.0020647421479225
4070,/tmp/DataSetCombined/Edges/Round-10_0055265_edge.png,7.19,7.170032,0.0020647421479225
4071,/tmp/DataSetCombined/Edges/Round-10_0026490_edge.png,5.33,4.713813,0.0020647421479225
4072,/tmp/DataSetCombined/Edges/Round-10_0094004_edge.png,64.08,63.38086,0.0020647421479225
4073,/tmp/DataSetCombined/Edges/Round-7_0118416_edge.png,65.27,62.61075,0.0020647421479225
4074,/tmp/DataSetCombined/Edges/Round-7_0113720_edge.png,3.26,2.493239,0.0020647421479225
4075,/tmp/DataSetCombined/Edges/Round-5_0039295_edge.png,5.03,4.2481594,0.0020647421479225
4076,/tmp/DataSetCombined/Edges/Round-8_0077651_edge.png,3.22,2.4455936,0.0020647421479225
4077,/tmp/DataSetCombined/Edges/Round-9_0121967_edge.png,64.01,62.8761,0.0020647421479225
4078,/tmp/DataSetCombined/Edges/Round-7_0091717_edge.png,32.74,32.96526,0.0020647421479225
4079,/tmp/DataSetCombined/Edges/Round-8_0029854_edge.png,49.2,50.176624,0.0020647421479225
4080,/tmp/DataSetCombined/Edges/Round-7_0118867_edge.png,4.1,3.1745026,0.0020647421479225
4081,/tmp/DataSetCombined/Edges/Round-4_0090994_edge.png,5.49,5.0368433,0.0020647421479225
4082,/tmp/DataSetCombined/Edges/Round-4_0069684_edge.png,7.68,8.086108,0.0020647421479225
4083,/tmp/DataSetCombined/Edges/Round-1_0150051_edge.png,3.73,2.8508358,0.0020647421479225
4084,/tmp/DataSetCombined/Edges/Round-1_0015667_edge.png,44.65,43.692265,0.0020647421479225
4085,/tmp/DataSetCombined/Edges/Round-10_0011501_edge.png,11.79,12.196137,0.0020647421479225
4086,/tmp/DataSetCombined/Edges/Round-8_0080409_edge.png,61.28,57.709732,0.0020647421479225
4087,/tmp/DataSetCombined/Edges/Round-8_0087464_edge.png,2.69,2.2467098,0.0020647421479225
4088,/tmp/DataSetCombined/Edges/Round-8_0029281_edge.png,4.88,3.9500964,0.0020647421479225
4089,/tmp/DataSetCombined/Edges/Round-5_0096958_edge.png,9.75,10.331752,0.0020647421479225
4090,/tmp/DataSetCombined/Edges/Round-9_0156732_edge.png,45.26,44.163456,0.0020647421479225
4091,/tmp/DataSetCombined/Edges/Round-10_0032811_edge.png,63.85,63.373295,0.0020647421479225
4092,/tmp/DataSetCombined/Edges/Round-3_0027001_edge.png,5.32,5.1482053,0.0020647421479225
4093,/tmp/DataSetCombined/Edges/Round-9_0025227_edge.png,4.12,3.1908424,0.0020647421479225
4094,/tmp/DataSetCombined/Edges/Round-8_0001891_edge.png,63.26,60.843754,0.0020647421479225
4095,/tmp/DataSetCombined/Edges/Round-8_0036126_edge.png,5.88,5.5231285,0.0020647421479225
4096,/tmp/DataSetCombined/Edges/Round-10_0136896_edge.png,7.97,8.276834,0.0021439157426357
4097,/tmp/DataSetCombined/Edges/Round-9_0187939_edge.png,3.55,2.69625,0.0021439157426357
4098,/tmp/DataSetCombined/Edges/Round-8_0072565_edge.png,60.65,58.97473,0.0021439157426357
4099,/tmp/DataSetCombined/Edges/Round-8_0021185_edge.png,64.39,63.19004,0.0021439157426357
4100,/tmp/DataSetCombined/Edges/Round-7_0053491_edge.png,64.42,63.317448,0.0021439157426357
4101,/tmp/DataSetCombined/Edges/Round-5_0006449_edge.png,5.34,4.938173,0.0021439157426357
4102,/tmp/DataSetCombined/Edges/Round-4_0020049_edge.png,64.27,63.64036,0.0021439157426357
4103,/tmp/DataSetCombined/Edges/Round-3_0085425_edge.png,9.73,10.359924,0.0021439157426357
4104,/tmp/DataSetCombined/Edges/Round-6_0055958_edge.png,63.86,62.809113,0.0021439157426357
4105,/tmp/DataSetCombined/Edges/Round-9_0108333_edge.png,3.85,3.0423884,0.0021439157426357
4106,/tmp/DataSetCombined/Edges/Round-3_0015593_edge.png,6.59,6.760193,0.0021439157426357
4107,/tmp/DataSetCombined/Edges/Round-9_0015655_edge.png,13.83,14.3136,0.0021439157426357
4108,/tmp/DataSetCombined/Edges/Round-2_0058967_edge.png,6.86,7.1091366,0.0021439157426357
4109,/tmp/DataSetCombined/Edges/Round-1_0048867_edge.png,15.5,16.68341,0.0021439157426357
4110,/tmp/DataSetCombined/Edges/Round-6_0047138_edge.png,6.41,6.6564364,0.0021439157426357
4111,/tmp/DataSetCombined/Edges/Round-5_0006388_edge.png,59.88,60.54479,0.0021439157426357
4112,/tmp/DataSetCombined/Edges/Round-8_0010529_edge.png,65.21,62.542614,0.0021439157426357
4113,/tmp/DataSetCombined/Edges/Round-5_0037631_edge.png,55.61,52.30111,0.0021439157426357
4114,/tmp/DataSetCombined/Edges/Round-5_0088650_edge.png,6.1,6.1971273,0.0021439157426357
4115,/tmp/DataSetCombined/Edges/Round-5_0012077_edge.png,43.96,43.175823,0.0021439157426357
4116,/tmp/DataSetCombined/Edges/Round-5_0090426_edge.png,65.22,64.00994,0.0021439157426357
4117,/tmp/DataSetCombined/Edges/Round-7_0037177_edge.png,9.82,10.405254,0.0021439157426357
4118,/tmp/DataSetCombined/Edges/Round-6_0100053_edge.png,5.36,5.082476,0.0021439157426357
4119,/tmp/DataSetCombined/Edges/Round-7_0044069_edge.png,3.89,2.976079,0.0021439157426357
4120,/tmp/DataSetCombined/Edges/Round-10_0023209_edge.png,2.52,2.2053013,0.0021439157426357
4121,/tmp/DataSetCombined/Edges/Round-6_0056078_edge.png,3.39,2.5137646,0.0021439157426357
4122,/tmp/DataSetCombined/Edges/Round-10_0192129_edge.png,64.25,63.19727,0.0021439157426357
4123,/tmp/DataSetCombined/Edges/Round-8_0048858_edge.png,3.35,2.5513933,0.0021439157426357
4124,/tmp/DataSetCombined/Edges/Round-1_0172695_edge.png,4.06,3.293816,0.0021439157426357
4125,/tmp/DataSetCombined/Edges/Round-1_0066334_edge.png,58.83,57.64091,0.0021439157426357
4126,/tmp/DataSetCombined/Edges/Round-1_0081062_edge.png,63.72,62.80714,0.0021439157426357
4127,/tmp/DataSetCombined/Edges/Round-8_0074491_edge.png,64.88,62.427765,0.0021439157426357
4128,/tmp/DataSetCombined/Edges/Round-8_0006255_edge.png,64.42,62.435184,0.0021439157426357
4129,/tmp/DataSetCombined/Edges/Round-7_0077691_edge.png,7.74,8.131864,0.0021439157426357
4130,/tmp/DataSetCombined/Edges/Round-9_0144033_edge.png,62.75,61.877518,0.0021439157426357
4131,/tmp/DataSetCombined/Edges/Round-8_0047491_edge.png,3.0,2.3952563,0.0021439157426357
4132,/tmp/DataSetCombined/Edges/Round-5_0014816_edge.png,5.19,4.857148,0.0021439157426357
4133,/tmp/DataSetCombined/Edges/Round-8_0073137_edge.png,7.04,7.308243,0.0021439157426357
4134,/tmp/DataSetCombined/Edges/Round-10_0101469_edge.png,65.25,64.117355,0.0021439157426357
4135,/tmp/DataSetCombined/Edges/Round-5_0028000_edge.png,62.82,61.85262,0.0021439157426357
4136,/tmp/DataSetCombined/Edges/Round-8_0029745_edge.png,60.85,61.603218,0.0021439157426357
4137,/tmp/DataSetCombined/Edges/Round-9_0041722_edge.png,2.83,2.2846713,0.0021439157426357
4138,/tmp/DataSetCombined/Edges/Round-1_0169956_edge.png,6.84,7.1372943,0.0021439157426357
4139,/tmp/DataSetCombined/Edges/Round-7_0073206_edge.png,64.87,62.88316,0.0021439157426357
4140,/tmp/DataSetCombined/Edges/Round-9_0031879_edge.png,57.44,57.06596,0.0021439157426357
4141,/tmp/DataSetCombined/Edges/Round-1_0070708_edge.png,4.98,4.4894605,0.0021439157426357
4142,/tmp/DataSetCombined/Edges/Round-3_0071428_edge.png,47.36,47.969334,0.0021439157426357
4143,/tmp/DataSetCombined/Edges/Round-3_0043134_edge.png,3.4,2.572052,0.0021439157426357
4144,/tmp/DataSetCombined/Edges/Round-3_0027334_edge.png,6.76,6.70135,0.0021439157426357
4145,/tmp/DataSetCombined/Edges/Round-5_0036036_edge.png,65.33,63.839863,0.0021439157426357
4146,/tmp/DataSetCombined/Edges/Round-2_0068545_edge.png,2.59,2.2158916,0.0021439157426357
4147,/tmp/DataSetCombined/Edges/Round-10_0047560_edge.png,5.48,5.010249,0.0021439157426357
4148,/tmp/DataSetCombined/Edges/Round-8_0064239_edge.png,35.04,35.516003,0.0021439157426357
4149,/tmp/DataSetCombined/Edges/Round-10_0131207_edge.png,65.25,62.74744,0.0021439157426357
4150,/tmp/DataSetCombined/Edges/Round-9_0137619_edge.png,46.74,45.611717,0.0021439157426357
4151,/tmp/DataSetCombined/Edges/Round-9_0051474_edge.png,3.98,3.0155103,0.0021439157426357
4152,/tmp/DataSetCombined/Edges/Round-2_0010600_edge.png,4.36,3.5648563,0.0021439157426357
4153,/tmp/DataSetCombined/Edges/Round-4_0029531_edge.png,61.81,62.098167,0.0021439157426357
4154,/tmp/DataSetCombined/Edges/Round-9_0177742_edge.png,43.77,44.848995,0.0021439157426357
4155,/tmp/DataSetCombined/Edges/Round-6_0029410_edge.png,3.28,2.482018,0.0021439157426357
4156,/tmp/DataSetCombined/Edges/Round-8_0008645_edge.png,63.87,62.339695,0.0021439157426357
4157,/tmp/DataSetCombined/Edges/Round-7_0052859_edge.png,7.13,7.502172,0.0021439157426357
4158,/tmp/DataSetCombined/Edges/Round-9_0160615_edge.png,7.56,7.746441,0.0021439157426357
4159,/tmp/DataSetCombined/Edges/Round-10_0112034_edge.png,61.25,62.214275,0.0021439157426357
4160,/tmp/DataSetCombined/Edges/Round-7_0054575_edge.png,6.61,6.869075,1.972257587644789
4161,/tmp/DataSetCombined/Edges/Round-1_0131148_edge.png,4.0,3.0827024,1.972257587644789
4162,/tmp/DataSetCombined/Edges/Round-1_0156231_edge.png,7.09,7.1506023,1.972257587644789
4163,/tmp/DataSetCombined/Edges/Round-1_0077270_edge.png,62.42,62.21159,1.972257587644789
4164,/tmp/DataSetCombined/Edges/Round-8_0017091_edge.png,3.27,2.4591978,1.972257587644789
4165,/tmp/DataSetCombined/Edges/Round-3_0058014_edge.png,9.89,10.391593,1.972257587644789
4166,/tmp/DataSetCombined/Edges/Round-4_0010418_edge.png,31.13,31.569166,1.972257587644789
4167,/tmp/DataSetCombined/Edges/Round-10_0128558_edge.png,7.53,7.96178,1.972257587644789
4168,/tmp/DataSetCombined/Edges/Round-8_0056642_edge.png,5.45,5.178631,1.972257587644789
