image_name,True_Value,Predicted_Value,Prediction_Time_s
/tmp/DataSetCombined/Edges/Round-5_0110382_edge.png,"tf.Tensor(3.641, shape=(), dtype=float32)",3.9064314,1.1420441940426826
/tmp/DataSetCombined/Edges/Round-10_0192189_edge.png,"tf.Tensor(2.668, shape=(), dtype=float32)",2.7169552,1.1420441940426826
/tmp/DataSetCombined/Edges/Round-3_0084913_edge.png,"tf.Tensor(2.869, shape=(), dtype=float32)",2.897239,1.1420441940426826
/tmp/DataSetCombined/Edges/Round-6_0060352_edge.png,"tf.Tensor(2.299, shape=(), dtype=float32)",2.4198549,1.1420441940426826
/tmp/DataSetCombined/Edges/Round-2_0045400_edge.png,"tf.Tensor(2.254, shape=(), dtype=float32)",2.3540215,1.1420441940426826
/tmp/DataSetCombined/Edges/Round-7_0082356_edge.png,"tf.Tensor(5.143, shape=(), dtype=float32)",5.299549,1.1420441940426826
/tmp/DataSetCombined/Edges/Round-9_0144395_edge.png,"tf.Tensor(3.258, shape=(), dtype=float32)",3.3920305,1.1420441940426826
/tmp/DataSetCombined/Edges/Round-10_0148213_edge.png,"tf.Tensor(4.92, shape=(), dtype=float32)",5.1644893,1.1420441940426826
/tmp/DataSetCombined/Edges/Round-10_0007377_edge.png,"tf.Tensor(4.265, shape=(), dtype=float32)",4.4322667,1.1420441940426826
/tmp/DataSetCombined/Edges/Round-9_0061317_edge.png,"tf.Tensor(3.138, shape=(), dtype=float32)",3.2483006,1.1420441940426826
/tmp/DataSetCombined/Edges/Round-1_0032334_edge.png,"tf.Tensor(5.342, shape=(), dtype=float32)",5.35546,1.1420441940426826
/tmp/DataSetCombined/Edges/Round-7_0092645_edge.png,"tf.Tensor(5.615, shape=(), dtype=float32)",5.511681,1.1420441940426826
/tmp/DataSetCombined/Edges/Round-9_0184153_edge.png,"tf.Tensor(2.959, shape=(), dtype=float32)",2.9508922,1.1420441940426826
/tmp/DataSetCombined/Edges/Round-1_0016901_edge.png,"tf.Tensor(4.902, shape=(), dtype=float32)",5.2068496,1.1420441940426826
/tmp/DataSetCombined/Edges/Round-6_0017520_edge.png,"tf.Tensor(4.673, shape=(), dtype=float32)",4.7733197,1.1420441940426826
/tmp/DataSetCombined/Edges/Round-7_0106586_edge.png,"tf.Tensor(4.66, shape=(), dtype=float32)",4.7686086,1.1420441940426826
/tmp/DataSetCombined/Edges/Round-3_0048883_edge.png,"tf.Tensor(5.626, shape=(), dtype=float32)",5.4935946,1.1420441940426826
/tmp/DataSetCombined/Edges/Round-5_0113121_edge.png,"tf.Tensor(4.761, shape=(), dtype=float32)",4.9059095,1.1420441940426826
/tmp/DataSetCombined/Edges/Round-8_0037029_edge.png,"tf.Tensor(5.561, shape=(), dtype=float32)",5.476376,1.1420441940426826
/tmp/DataSetCombined/Edges/Round-9_0150595_edge.png,"tf.Tensor(4.6, shape=(), dtype=float32)",4.7375703,1.1420441940426826
/tmp/DataSetCombined/Edges/Round-8_0086983_edge.png,"tf.Tensor(3.456, shape=(), dtype=float32)",3.572189,1.1420441940426826
/tmp/DataSetCombined/Edges/Round-9_0124255_edge.png,"tf.Tensor(4.957, shape=(), dtype=float32)",5.052442,1.1420441940426826
/tmp/DataSetCombined/Edges/Round-5_0047263_edge.png,"tf.Tensor(4.962, shape=(), dtype=float32)",5.034832,1.1420441940426826
/tmp/DataSetCombined/Edges/Round-10_0191166_edge.png,"tf.Tensor(2.457, shape=(), dtype=float32)",2.512969,1.1420441940426826
/tmp/DataSetCombined/Edges/Round-10_0192219_edge.png,"tf.Tensor(4.777, shape=(), dtype=float32)",4.9752045,1.1420441940426826
/tmp/DataSetCombined/Edges/Round-4_0080520_edge.png,"tf.Tensor(2.67, shape=(), dtype=float32)",2.7981224,1.1420441940426826
/tmp/DataSetCombined/Edges/Round-9_0181805_edge.png,"tf.Tensor(2.247, shape=(), dtype=float32)",2.1235077,1.1420441940426826
/tmp/DataSetCombined/Edges/Round-1_0108875_edge.png,"tf.Tensor(1.689, shape=(), dtype=float32)",1.8182555,1.1420441940426826
/tmp/DataSetCombined/Edges/Round-7_0013248_edge.png,"tf.Tensor(4.657, shape=(), dtype=float32)",4.75558,1.1420441940426826
/tmp/DataSetCombined/Edges/Round-6_0110197_edge.png,"tf.Tensor(2.143, shape=(), dtype=float32)",1.9955226,1.1420441940426826
/tmp/DataSetCombined/Edges/Round-5_0069898_edge.png,"tf.Tensor(2.927, shape=(), dtype=float32)",3.0466495,1.1420441940426826
/tmp/DataSetCombined/Edges/Round-6_0032148_edge.png,"tf.Tensor(5.559, shape=(), dtype=float32)",5.4699864,1.1420441940426826
/tmp/DataSetCombined/Edges/Round-5_0020180_edge.png,"tf.Tensor(5.424, shape=(), dtype=float32)",5.556597,1.1420441940426826
/tmp/DataSetCombined/Edges/Round-9_0143639_edge.png,"tf.Tensor(5.512, shape=(), dtype=float32)",5.485235,1.1420441940426826
/tmp/DataSetCombined/Edges/Round-6_0002000_edge.png,"tf.Tensor(4.731, shape=(), dtype=float32)",4.8482475,1.1420441940426826
/tmp/DataSetCombined/Edges/Round-8_0061291_edge.png,"tf.Tensor(5.448, shape=(), dtype=float32)",5.445351,1.1420441940426826
/tmp/DataSetCombined/Edges/Round-8_0081083_edge.png,"tf.Tensor(3.066, shape=(), dtype=float32)",3.1129642,1.1420441940426826
/tmp/DataSetCombined/Edges/Round-4_0081844_edge.png,"tf.Tensor(2.703, shape=(), dtype=float32)",2.9164968,1.1420441940426826
/tmp/DataSetCombined/Edges/Round-8_0062662_edge.png,"tf.Tensor(2.028, shape=(), dtype=float32)",2.0221293,1.1420441940426826
/tmp/DataSetCombined/Edges/Round-1_0015301_edge.png,"tf.Tensor(5.44, shape=(), dtype=float32)",5.417106,1.1420441940426826
/tmp/DataSetCombined/Edges/Round-9_0036575_edge.png,"tf.Tensor(5.648, shape=(), dtype=float32)",5.635362,1.1420441940426826
/tmp/DataSetCombined/Edges/Round-2_0102801_edge.png,"tf.Tensor(1.847, shape=(), dtype=float32)",1.882783,1.1420441940426826
/tmp/DataSetCombined/Edges/Round-5_0101473_edge.png,"tf.Tensor(5.076, shape=(), dtype=float32)",5.163495,1.1420441940426826
/tmp/DataSetCombined/Edges/Round-10_0050871_edge.png,"tf.Tensor(3.636, shape=(), dtype=float32)",3.767623,1.1420441940426826
/tmp/DataSetCombined/Edges/Round-6_0110588_edge.png,"tf.Tensor(3.071, shape=(), dtype=float32)",3.1246417,1.1420441940426826
/tmp/DataSetCombined/Edges/Round-10_0042654_edge.png,"tf.Tensor(5.549, shape=(), dtype=float32)",5.5994563,1.1420441940426826
/tmp/DataSetCombined/Edges/Round-10_0147370_edge.png,"tf.Tensor(5.571, shape=(), dtype=float32)",5.52746,1.1420441940426826
/tmp/DataSetCombined/Edges/Round-9_0185387_edge.png,"tf.Tensor(1.825, shape=(), dtype=float32)",1.90946,1.1420441940426826
/tmp/DataSetCombined/Edges/Round-8_0056864_edge.png,"tf.Tensor(4.424, shape=(), dtype=float32)",4.5413632,1.1420441940426826
/tmp/DataSetCombined/Edges/Round-1_0032267_edge.png,"tf.Tensor(4.954, shape=(), dtype=float32)",5.0296655,1.1420441940426826
/tmp/DataSetCombined/Edges/Round-10_0165641_edge.png,"tf.Tensor(2.505, shape=(), dtype=float32)",2.752137,1.1420441940426826
/tmp/DataSetCombined/Edges/Round-3_0045334_edge.png,"tf.Tensor(5.563, shape=(), dtype=float32)",5.4799895,1.1420441940426826
/tmp/DataSetCombined/Edges/Round-8_0007158_edge.png,"tf.Tensor(3.341, shape=(), dtype=float32)",3.4221995,1.1420441940426826
/tmp/DataSetCombined/Edges/Round-3_0040757_edge.png,"tf.Tensor(5.03, shape=(), dtype=float32)",5.25291,1.1420441940426826
/tmp/DataSetCombined/Edges/Round-7_0073838_edge.png,"tf.Tensor(3.007, shape=(), dtype=float32)",2.9958923,1.1420441940426826
/tmp/DataSetCombined/Edges/Round-9_0061798_edge.png,"tf.Tensor(3.522, shape=(), dtype=float32)",3.6912546,1.1420441940426826
/tmp/DataSetCombined/Edges/Round-10_0022487_edge.png,"tf.Tensor(4.745, shape=(), dtype=float32)",4.8544717,1.1420441940426826
/tmp/DataSetCombined/Edges/Round-10_0140177_edge.png,"tf.Tensor(4.547, shape=(), dtype=float32)",4.665101,1.1420441940426826
/tmp/DataSetCombined/Edges/Round-9_0127656_edge.png,"tf.Tensor(5.572, shape=(), dtype=float32)",5.528157,1.1420441940426826
/tmp/DataSetCombined/Edges/Round-10_0173948_edge.png,"tf.Tensor(5.062, shape=(), dtype=float32)",5.1801515,1.1420441940426826
/tmp/DataSetCombined/Edges/Round-4_0027847_edge.png,"tf.Tensor(5.415, shape=(), dtype=float32)",5.440803,1.1420441940426826
/tmp/DataSetCombined/Edges/Round-9_0005662_edge.png,"tf.Tensor(4.58, shape=(), dtype=float32)",4.7044983,1.1420441940426826
/tmp/DataSetCombined/Edges/Round-5_0094309_edge.png,"tf.Tensor(3.949, shape=(), dtype=float32)",4.1218863,1.1420441940426826
/tmp/DataSetCombined/Edges/Round-9_0078534_edge.png,"tf.Tensor(4.967, shape=(), dtype=float32)",5.1457767,1.1420441940426826
/tmp/DataSetCombined/Edges/Round-1_0058834_edge.png,"tf.Tensor(2.27, shape=(), dtype=float32)",2.151997,0.005434282124042511
/tmp/DataSetCombined/Edges/Round-10_0147100_edge.png,"tf.Tensor(4.296, shape=(), dtype=float32)",4.472083,0.005434282124042511
/tmp/DataSetCombined/Edges/Round-8_0022900_edge.png,"tf.Tensor(4.265, shape=(), dtype=float32)",4.418923,0.005434282124042511
/tmp/DataSetCombined/Edges/Round-6_0130755_edge.png,"tf.Tensor(3.042, shape=(), dtype=float32)",3.1434293,0.005434282124042511
/tmp/DataSetCombined/Edges/Round-10_0014722_edge.png,"tf.Tensor(5.656, shape=(), dtype=float32)",5.635611,0.005434282124042511
/tmp/DataSetCombined/Edges/Round-4_0000876_edge.png,"tf.Tensor(3.838, shape=(), dtype=float32)",3.9710457,0.005434282124042511
/tmp/DataSetCombined/Edges/Round-4_0049698_edge.png,"tf.Tensor(2.464, shape=(), dtype=float32)",2.4356973,0.005434282124042511
/tmp/DataSetCombined/Edges/Round-7_0093794_edge.png,"tf.Tensor(3.194, shape=(), dtype=float32)",3.3307488,0.005434282124042511
/tmp/DataSetCombined/Edges/Round-5_0062734_edge.png,"tf.Tensor(5.569, shape=(), dtype=float32)",5.524443,0.005434282124042511
/tmp/DataSetCombined/Edges/Round-3_0060291_edge.png,"tf.Tensor(5.517, shape=(), dtype=float32)",5.5575776,0.005434282124042511
/tmp/DataSetCombined/Edges/Round-7_0097316_edge.png,"tf.Tensor(2.239, shape=(), dtype=float32)",2.1562865,0.005434282124042511
/tmp/DataSetCombined/Edges/Round-9_0072123_edge.png,"tf.Tensor(5.549, shape=(), dtype=float32)",5.5964313,0.005434282124042511
/tmp/DataSetCombined/Edges/Round-6_0074241_edge.png,"tf.Tensor(3.271, shape=(), dtype=float32)",3.3519938,0.005434282124042511
/tmp/DataSetCombined/Edges/Round-6_0041811_edge.png,"tf.Tensor(5.142, shape=(), dtype=float32)",5.3034554,0.005434282124042511
/tmp/DataSetCombined/Edges/Round-1_0006534_edge.png,"tf.Tensor(2.542, shape=(), dtype=float32)",2.7870662,0.005434282124042511
/tmp/DataSetCombined/Edges/Round-1_0012167_edge.png,"tf.Tensor(4.431, shape=(), dtype=float32)",4.627706,0.005434282124042511
/tmp/DataSetCombined/Edges/Round-4_0023571_edge.png,"tf.Tensor(5.532, shape=(), dtype=float32)",5.4943824,0.005434282124042511
/tmp/DataSetCombined/Edges/Round-10_0190082_edge.png,"tf.Tensor(2.466, shape=(), dtype=float32)",2.6344063,0.005434282124042511
/tmp/DataSetCombined/Edges/Round-7_0009003_edge.png,"tf.Tensor(2.905, shape=(), dtype=float32)",3.1674142,0.005434282124042511
/tmp/DataSetCombined/Edges/Round-10_0091596_edge.png,"tf.Tensor(4.394, shape=(), dtype=float32)",4.56296,0.005434282124042511
/tmp/DataSetCombined/Edges/Round-6_0077239_edge.png,"tf.Tensor(1.986, shape=(), dtype=float32)",2.0289156,0.005434282124042511
/tmp/DataSetCombined/Edges/Round-9_0001697_edge.png,"tf.Tensor(5.514, shape=(), dtype=float32)",5.47519,0.005434282124042511
/tmp/DataSetCombined/Edges/Round-7_0006957_edge.png,"tf.Tensor(3.026, shape=(), dtype=float32)",3.009952,0.005434282124042511
/tmp/DataSetCombined/Edges/Round-7_0026040_edge.png,"tf.Tensor(2.262, shape=(), dtype=float32)",2.3677266,0.005434282124042511
/tmp/DataSetCombined/Edges/Round-1_0072234_edge.png,"tf.Tensor(5.12, shape=(), dtype=float32)",5.2765236,0.005434282124042511
/tmp/DataSetCombined/Edges/Round-10_0057102_edge.png,"tf.Tensor(3.536, shape=(), dtype=float32)",3.6538293,0.005434282124042511
/tmp/DataSetCombined/Edges/Round-6_0130063_edge.png,"tf.Tensor(3.389, shape=(), dtype=float32)",3.533408,0.005434282124042511
/tmp/DataSetCombined/Edges/Round-10_0037567_edge.png,"tf.Tensor(4.597, shape=(), dtype=float32)",4.713557,0.005434282124042511
/tmp/DataSetCombined/Edges/Round-9_0038742_edge.png,"tf.Tensor(2.55, shape=(), dtype=float32)",2.6811419,0.005434282124042511
/tmp/DataSetCombined/Edges/Round-2_0053834_edge.png,"tf.Tensor(2.136, shape=(), dtype=float32)",2.222581,0.005434282124042511
/tmp/DataSetCombined/Edges/Round-4_0058427_edge.png,"tf.Tensor(2.065, shape=(), dtype=float32)",1.9877393,0.005434282124042511
/tmp/DataSetCombined/Edges/Round-5_0019150_edge.png,"tf.Tensor(5.224, shape=(), dtype=float32)",5.229049,0.005434282124042511
/tmp/DataSetCombined/Edges/Round-8_0036848_edge.png,"tf.Tensor(5.371, shape=(), dtype=float32)",5.4341125,0.005434282124042511
/tmp/DataSetCombined/Edges/Round-8_0022942_edge.png,"tf.Tensor(3.317, shape=(), dtype=float32)",3.4081476,0.005434282124042511
/tmp/DataSetCombined/Edges/Round-1_0160977_edge.png,"tf.Tensor(3.119, shape=(), dtype=float32)",3.1403491,0.005434282124042511
/tmp/DataSetCombined/Edges/Round-6_0085551_edge.png,"tf.Tensor(5.561, shape=(), dtype=float32)",5.47994,0.005434282124042511
/tmp/DataSetCombined/Edges/Round-9_0138703_edge.png,"tf.Tensor(4.574, shape=(), dtype=float32)",4.698496,0.005434282124042511
/tmp/DataSetCombined/Edges/Round-9_0060564_edge.png,"tf.Tensor(2.204, shape=(), dtype=float32)",2.304016,0.005434282124042511
/tmp/DataSetCombined/Edges/Round-1_0030467_edge.png,"tf.Tensor(2.711, shape=(), dtype=float32)",2.8191242,0.005434282124042511
/tmp/DataSetCombined/Edges/Round-6_0100956_edge.png,"tf.Tensor(3.439, shape=(), dtype=float32)",3.6145756,0.005434282124042511
/tmp/DataSetCombined/Edges/Round-7_0019478_edge.png,"tf.Tensor(3.401, shape=(), dtype=float32)",3.5554755,0.005434282124042511
/tmp/DataSetCombined/Edges/Round-1_0158027_edge.png,"tf.Tensor(5.158, shape=(), dtype=float32)",5.137403,0.005434282124042511
/tmp/DataSetCombined/Edges/Round-1_0094698_edge.png,"tf.Tensor(1.911, shape=(), dtype=float32)",1.8385483,0.005434282124042511
/tmp/DataSetCombined/Edges/Round-5_0015719_edge.png,"tf.Tensor(4.474, shape=(), dtype=float32)",4.616598,0.005434282124042511
/tmp/DataSetCombined/Edges/Round-5_0124740_edge.png,"tf.Tensor(4.298, shape=(), dtype=float32)",4.4839234,0.005434282124042511
/tmp/DataSetCombined/Edges/Round-8_0037239_edge.png,"tf.Tensor(3.399, shape=(), dtype=float32)",3.5497563,0.005434282124042511
/tmp/DataSetCombined/Edges/Round-6_0022065_edge.png,"tf.Tensor(3.485, shape=(), dtype=float32)",3.6762888,0.005434282124042511
/tmp/DataSetCombined/Edges/Round-8_0075815_edge.png,"tf.Tensor(4.461, shape=(), dtype=float32)",4.5814877,0.005434282124042511
/tmp/DataSetCombined/Edges/Round-2_0099615_edge.png,"tf.Tensor(3.04, shape=(), dtype=float32)",3.0974438,0.005434282124042511
/tmp/DataSetCombined/Edges/Round-5_0020926_edge.png,"tf.Tensor(2.397, shape=(), dtype=float32)",2.385779,0.005434282124042511
/tmp/DataSetCombined/Edges/Round-6_0021343_edge.png,"tf.Tensor(3.434, shape=(), dtype=float32)",3.6069999,0.005434282124042511
/tmp/DataSetCombined/Edges/Round-10_0104840_edge.png,"tf.Tensor(4.2, shape=(), dtype=float32)",4.4297686,0.005434282124042511
/tmp/DataSetCombined/Edges/Round-10_0009394_edge.png,"tf.Tensor(3.724, shape=(), dtype=float32)",3.945755,0.005434282124042511
/tmp/DataSetCombined/Edges/Round-9_0163724_edge.png,"tf.Tensor(5.045, shape=(), dtype=float32)",5.130194,0.005434282124042511
/tmp/DataSetCombined/Edges/Round-5_0015031_edge.png,"tf.Tensor(1.743, shape=(), dtype=float32)",1.8518841,0.005434282124042511
/tmp/DataSetCombined/Edges/Round-4_0080188_edge.png,"tf.Tensor(5.667, shape=(), dtype=float32)",5.539464,0.005434282124042511
/tmp/DataSetCombined/Edges/Round-3_0079073_edge.png,"tf.Tensor(3.268, shape=(), dtype=float32)",3.401067,0.005434282124042511
/tmp/DataSetCombined/Edges/Round-1_0048467_edge.png,"tf.Tensor(5.127, shape=(), dtype=float32)",5.315991,0.005434282124042511
/tmp/DataSetCombined/Edges/Round-4_0082928_edge.png,"tf.Tensor(2.421, shape=(), dtype=float32)",2.3929753,0.005434282124042511
/tmp/DataSetCombined/Edges/Round-9_0161909_edge.png,"tf.Tensor(2.564, shape=(), dtype=float32)",2.7324243,0.005434282124042511
/tmp/DataSetCombined/Edges/Round-3_0004767_edge.png,"tf.Tensor(4.41, shape=(), dtype=float32)",4.542333,0.005434282124042511
/tmp/DataSetCombined/Edges/Round-9_0047290_edge.png,"tf.Tensor(4.477, shape=(), dtype=float32)",4.5878053,0.005434282124042511
/tmp/DataSetCombined/Edges/Round-10_0098669_edge.png,"tf.Tensor(1.547, shape=(), dtype=float32)",1.7061236,0.005434282124042511
/tmp/DataSetCombined/Edges/Round-10_0101258_edge.png,"tf.Tensor(5.037, shape=(), dtype=float32)",5.1879506,0.005434282124042511
/tmp/DataSetCombined/Edges/Round-6_0022637_edge.png,"tf.Tensor(2.524, shape=(), dtype=float32)",2.7641242,0.005479998886585236
/tmp/DataSetCombined/Edges/Round-9_0071039_edge.png,"tf.Tensor(3.013, shape=(), dtype=float32)",3.0943835,0.005479998886585236
/tmp/DataSetCombined/Edges/Round-6_0002334_edge.png,"tf.Tensor(5.222, shape=(), dtype=float32)",5.425485,0.005479998886585236
/tmp/DataSetCombined/Edges/Round-5_0074022_edge.png,"tf.Tensor(4.938, shape=(), dtype=float32)",5.0495443,0.005479998886585236
/tmp/DataSetCombined/Edges/Round-3_0029651_edge.png,"tf.Tensor(5.447, shape=(), dtype=float32)",5.436892,0.005479998886585236
/tmp/DataSetCombined/Edges/Round-9_0134188_edge.png,"tf.Tensor(4.099, shape=(), dtype=float32)",4.315066,0.005479998886585236
/tmp/DataSetCombined/Edges/Round-4_0060263_edge.png,"tf.Tensor(2.696, shape=(), dtype=float32)",2.8192787,0.005479998886585236
/tmp/DataSetCombined/Edges/Round-3_0064264_edge.png,"tf.Tensor(3.875, shape=(), dtype=float32)",4.0535507,0.005479998886585236
/tmp/DataSetCombined/Edges/Round-1_0124677_edge.png,"tf.Tensor(5.151, shape=(), dtype=float32)",5.310724,0.005479998886585236
/tmp/DataSetCombined/Edges/Round-9_0165974_edge.png,"tf.Tensor(2.986, shape=(), dtype=float32)",2.9540713,0.005479998886585236
/tmp/DataSetCombined/Edges/Round-4_0003495_edge.png,"tf.Tensor(5.131, shape=(), dtype=float32)",5.311195,0.005479998886585236
/tmp/DataSetCombined/Edges/Round-5_0005786_edge.png,"tf.Tensor(5.635, shape=(), dtype=float32)",5.5085864,0.005479998886585236
/tmp/DataSetCombined/Edges/Round-4_0089279_edge.png,"tf.Tensor(1.958, shape=(), dtype=float32)",1.9499718,0.005479998886585236
/tmp/DataSetCombined/Edges/Round-8_0042465_edge.png,"tf.Tensor(2.62, shape=(), dtype=float32)",2.682679,0.005479998886585236
/tmp/DataSetCombined/Edges/Round-9_0023692_edge.png,"tf.Tensor(2.33, shape=(), dtype=float32)",2.2597647,0.005479998886585236
/tmp/DataSetCombined/Edges/Round-4_0056741_edge.png,"tf.Tensor(5.457, shape=(), dtype=float32)",5.4467826,0.005479998886585236
/tmp/DataSetCombined/Edges/Round-7_0045936_edge.png,"tf.Tensor(4.512, shape=(), dtype=float32)",4.6238623,0.005479998886585236
/tmp/DataSetCombined/Edges/Round-10_0046115_edge.png,"tf.Tensor(2.894, shape=(), dtype=float32)",2.865825,0.005479998886585236
/tmp/DataSetCombined/Edges/Round-7_0029923_edge.png,"tf.Tensor(5.567, shape=(), dtype=float32)",5.5187497,0.005479998886585236
/tmp/DataSetCombined/Edges/Round-10_0088857_edge.png,"tf.Tensor(4.733, shape=(), dtype=float32)",4.8471956,0.005479998886585236
/tmp/DataSetCombined/Edges/Round-8_0004239_edge.png,"tf.Tensor(4.391, shape=(), dtype=float32)",4.565946,0.005479998886585236
/tmp/DataSetCombined/Edges/Round-5_0011324_edge.png,"tf.Tensor(2.245, shape=(), dtype=float32)",2.3881707,0.005479998886585236
/tmp/DataSetCombined/Edges/Round-2_0074234_edge.png,"tf.Tensor(1.899, shape=(), dtype=float32)",1.9516808,0.005479998886585236
/tmp/DataSetCombined/Edges/Round-8_0053181_edge.png,"tf.Tensor(5.443, shape=(), dtype=float32)",5.5363855,0.005479998886585236
/tmp/DataSetCombined/Edges/Round-1_0014101_edge.png,"tf.Tensor(5.446, shape=(), dtype=float32)",5.534902,0.005479998886585236
/tmp/DataSetCombined/Edges/Round-9_0139184_edge.png,"tf.Tensor(5.043, shape=(), dtype=float32)",5.1894603,0.005479998886585236
/tmp/DataSetCombined/Edges/Round-7_0023241_edge.png,"tf.Tensor(5.362, shape=(), dtype=float32)",5.349329,0.005479998886585236
/tmp/DataSetCombined/Edges/Round-8_0073227_edge.png,"tf.Tensor(5.211, shape=(), dtype=float32)",5.1890717,0.005479998886585236
/tmp/DataSetCombined/Edges/Round-8_0059453_edge.png,"tf.Tensor(5.032, shape=(), dtype=float32)",5.181199,0.005479998886585236
/tmp/DataSetCombined/Edges/Round-6_0015895_edge.png,"tf.Tensor(2.828, shape=(), dtype=float32)",2.984781,0.005479998886585236
/tmp/DataSetCombined/Edges/Round-10_0133524_edge.png,"tf.Tensor(5.447, shape=(), dtype=float32)",5.538884,0.005479998886585236
/tmp/DataSetCombined/Edges/Round-1_0024934_edge.png,"tf.Tensor(3.073, shape=(), dtype=float32)",3.124893,0.005479998886585236
/tmp/DataSetCombined/Edges/Round-9_0139456_edge.png,"tf.Tensor(5.571, shape=(), dtype=float32)",5.5231185,0.005479998886585236
/tmp/DataSetCombined/Edges/Round-7_0057735_edge.png,"tf.Tensor(2.949, shape=(), dtype=float32)",3.0565503,0.005479998886585236
/tmp/DataSetCombined/Edges/Round-7_0126422_edge.png,"tf.Tensor(4.474, shape=(), dtype=float32)",4.6023297,0.005479998886585236
/tmp/DataSetCombined/Edges/Round-5_0125191_edge.png,"tf.Tensor(5.342, shape=(), dtype=float32)",5.3528028,0.005479998886585236
/tmp/DataSetCombined/Edges/Round-10_0153661_edge.png,"tf.Tensor(1.677, shape=(), dtype=float32)",1.7639598,0.005479998886585236
/tmp/DataSetCombined/Edges/Round-9_0123202_edge.png,"tf.Tensor(5.153, shape=(), dtype=float32)",5.123053,0.005479998886585236
/tmp/DataSetCombined/Edges/Round-6_0002758_edge.png,"tf.Tensor(5.69, shape=(), dtype=float32)",5.526552,0.005479998886585236
/tmp/DataSetCombined/Edges/Round-10_0009845_edge.png,"tf.Tensor(2.889, shape=(), dtype=float32)",3.036607,0.005479998886585236
/tmp/DataSetCombined/Edges/Round-9_0107971_edge.png,"tf.Tensor(5.562, shape=(), dtype=float32)",5.482011,0.005479998886585236
/tmp/DataSetCombined/Edges/Round-9_0172625_edge.png,"tf.Tensor(1.619, shape=(), dtype=float32)",1.7144227,0.005479998886585236
/tmp/DataSetCombined/Edges/Round-1_0116731_edge.png,"tf.Tensor(5.671, shape=(), dtype=float32)",5.6423197,0.005479998886585236
/tmp/DataSetCombined/Edges/Round-1_0152037_edge.png,"tf.Tensor(2.198, shape=(), dtype=float32)",2.0458179,0.005479998886585236
/tmp/DataSetCombined/Edges/Round-10_0101227_edge.png,"tf.Tensor(3.429, shape=(), dtype=float32)",3.5279303,0.005479998886585236
/tmp/DataSetCombined/Edges/Round-1_0010534_edge.png,"tf.Tensor(3.908, shape=(), dtype=float32)",4.1018634,0.005479998886585236
/tmp/DataSetCombined/Edges/Round-8_0015165_edge.png,"tf.Tensor(5.463, shape=(), dtype=float32)",5.445189,0.005479998886585236
/tmp/DataSetCombined/Edges/Round-4_0084974_edge.png,"tf.Tensor(3.328, shape=(), dtype=float32)",3.5063477,0.005479998886585236
/tmp/DataSetCombined/Edges/Round-4_0083198_edge.png,"tf.Tensor(3.702, shape=(), dtype=float32)",3.8394363,0.005479998886585236
/tmp/DataSetCombined/Edges/Round-1_0088738_edge.png,"tf.Tensor(2.598, shape=(), dtype=float32)",2.8063586,0.005479998886585236
/tmp/DataSetCombined/Edges/Round-10_0003546_edge.png,"tf.Tensor(2.928, shape=(), dtype=float32)",2.941442,0.005479998886585236
/tmp/DataSetCombined/Edges/Round-1_0121486_edge.png,"tf.Tensor(4.663, shape=(), dtype=float32)",4.8329997,0.005479998886585236
/tmp/DataSetCombined/Edges/Round-8_0043699_edge.png,"tf.Tensor(5.576, shape=(), dtype=float32)",5.588499,0.005479998886585236
/tmp/DataSetCombined/Edges/Round-5_0107884_edge.png,"tf.Tensor(5.517, shape=(), dtype=float32)",5.5562534,0.005479998886585236
/tmp/DataSetCombined/Edges/Round-1_0157605_edge.png,"tf.Tensor(5.647, shape=(), dtype=float32)",5.522025,0.005479998886585236
/tmp/DataSetCombined/Edges/Round-3_0076906_edge.png,"tf.Tensor(5.608, shape=(), dtype=float32)",5.5023155,0.005479998886585236
/tmp/DataSetCombined/Edges/Round-3_0007667_edge.png,"tf.Tensor(5.089, shape=(), dtype=float32)",5.226335,0.005479998886585236
/tmp/DataSetCombined/Edges/Round-9_0140148_edge.png,"tf.Tensor(5.154, shape=(), dtype=float32)",5.1452336,0.005479998886585236
/tmp/DataSetCombined/Edges/Round-8_0058039_edge.png,"tf.Tensor(2.508, shape=(), dtype=float32)",2.7507412,0.005479998886585236
/tmp/DataSetCombined/Edges/Round-4_0015595_edge.png,"tf.Tensor(5.572, shape=(), dtype=float32)",5.5247536,0.005479998886585236
/tmp/DataSetCombined/Edges/Round-7_0091200_edge.png,"tf.Tensor(5.148, shape=(), dtype=float32)",5.317587,0.005479998886585236
/tmp/DataSetCombined/Edges/Round-10_0001061_edge.png,"tf.Tensor(5.576, shape=(), dtype=float32)",5.524963,0.005479998886585236
/tmp/DataSetCombined/Edges/Round-1_0117001_edge.png,"tf.Tensor(4.96, shape=(), dtype=float32)",5.0312047,0.005479998886585236
/tmp/DataSetCombined/Edges/Round-1_0001167_edge.png,"tf.Tensor(3.04, shape=(), dtype=float32)",3.0904431,0.005479998886585236
/tmp/DataSetCombined/Edges/Round-7_0122148_edge.png,"tf.Tensor(5.031, shape=(), dtype=float32)",5.1815553,0.00457368791103363
/tmp/DataSetCombined/Edges/Round-1_0121275_edge.png,"tf.Tensor(5.444, shape=(), dtype=float32)",5.5346923,0.00457368791103363
/tmp/DataSetCombined/Edges/Round-5_0049581_edge.png,"tf.Tensor(3.328, shape=(), dtype=float32)",3.4306757,0.00457368791103363
/tmp/DataSetCombined/Edges/Round-1_0087534_edge.png,"tf.Tensor(3.458, shape=(), dtype=float32)",3.6231246,0.00457368791103363
/tmp/DataSetCombined/Edges/Round-9_0071761_edge.png,"tf.Tensor(2.749, shape=(), dtype=float32)",2.8137493,0.00457368791103363
/tmp/DataSetCombined/Edges/Round-10_0116307_edge.png,"tf.Tensor(5.034, shape=(), dtype=float32)",5.1749964,0.00457368791103363
/tmp/DataSetCombined/Edges/Round-10_0030704_edge.png,"tf.Tensor(4.267, shape=(), dtype=float32)",4.4279757,0.00457368791103363
/tmp/DataSetCombined/Edges/Round-10_0058848_edge.png,"tf.Tensor(4.57, shape=(), dtype=float32)",4.679884,0.00457368791103363
/tmp/DataSetCombined/Edges/Round-6_0101799_edge.png,"tf.Tensor(5.619, shape=(), dtype=float32)",5.51662,0.00457368791103363
/tmp/DataSetCombined/Edges/Round-5_0019752_edge.png,"tf.Tensor(4.29, shape=(), dtype=float32)",4.485393,0.00457368791103363
/tmp/DataSetCombined/Edges/Round-1_0059801_edge.png,"tf.Tensor(1.977, shape=(), dtype=float32)",1.9463383,0.00457368791103363
/tmp/DataSetCombined/Edges/Round-2_0088629_edge.png,"tf.Tensor(4.954, shape=(), dtype=float32)",5.035529,0.00457368791103363
/tmp/DataSetCombined/Edges/Round-9_0074344_edge.png,"tf.Tensor(4.7, shape=(), dtype=float32)",4.9292226,0.00457368791103363
/tmp/DataSetCombined/Edges/Round-6_0050419_edge.png,"tf.Tensor(5.446, shape=(), dtype=float32)",5.5352707,0.00457368791103363
/tmp/DataSetCombined/Edges/Round-8_0049746_edge.png,"tf.Tensor(3.938, shape=(), dtype=float32)",4.110962,0.00457368791103363
/tmp/DataSetCombined/Edges/Round-9_0084584_edge.png,"tf.Tensor(3.134, shape=(), dtype=float32)",3.2060676,0.00457368791103363
/tmp/DataSetCombined/Edges/Round-9_0108362_edge.png,"tf.Tensor(2.267, shape=(), dtype=float32)",2.3847795,0.00457368791103363
/tmp/DataSetCombined/Edges/Round-6_0122417_edge.png,"tf.Tensor(4.264, shape=(), dtype=float32)",4.383635,0.00457368791103363
/tmp/DataSetCombined/Edges/Round-1_0047267_edge.png,"tf.Tensor(2.165, shape=(), dtype=float32)",2.2132528,0.00457368791103363
/tmp/DataSetCombined/Edges/Round-9_0054906_edge.png,"tf.Tensor(4.375, shape=(), dtype=float32)",4.5866814,0.00457368791103363
/tmp/DataSetCombined/Edges/Round-7_0073990_edge.png,"tf.Tensor(4.955, shape=(), dtype=float32)",5.0236845,0.00457368791103363
/tmp/DataSetCombined/Edges/Round-5_0038173_edge.png,"tf.Tensor(5.037, shape=(), dtype=float32)",5.1884327,0.00457368791103363
/tmp/DataSetCombined/Edges/Round-3_0014239_edge.png,"tf.Tensor(2.774, shape=(), dtype=float32)",2.7978735,0.00457368791103363
/tmp/DataSetCombined/Edges/Round-9_0060354_edge.png,"tf.Tensor(1.294, shape=(), dtype=float32)",1.5618478,0.00457368791103363
/tmp/DataSetCombined/Edges/Round-8_0021395_edge.png,"tf.Tensor(3.144, shape=(), dtype=float32)",3.216167,0.00457368791103363
/tmp/DataSetCombined/Edges/Round-5_0113332_edge.png,"tf.Tensor(4.847, shape=(), dtype=float32)",5.0788264,0.00457368791103363
/tmp/DataSetCombined/Edges/Round-10_0143337_edge.png,"tf.Tensor(5.574, shape=(), dtype=float32)",5.520562,0.00457368791103363
/tmp/DataSetCombined/Edges/Round-10_0069171_edge.png,"tf.Tensor(4.786, shape=(), dtype=float32)",4.9418473,0.00457368791103363
/tmp/DataSetCombined/Edges/Round-10_0061255_edge.png,"tf.Tensor(5.563, shape=(), dtype=float32)",5.4813137,0.00457368791103363
/tmp/DataSetCombined/Edges/Round-8_0045035_edge.png,"tf.Tensor(1.303, shape=(), dtype=float32)",1.6010422,0.00457368791103363
/tmp/DataSetCombined/Edges/Round-7_0123758_edge.png,"tf.Tensor(2.515, shape=(), dtype=float32)",2.7701914,0.00457368791103363
/tmp/DataSetCombined/Edges/Round-2_0089773_edge.png,"tf.Tensor(3.307, shape=(), dtype=float32)",3.46831,0.00457368791103363
/tmp/DataSetCombined/Edges/Round-4_0040246_edge.png,"tf.Tensor(5.231, shape=(), dtype=float32)",5.4370513,0.00457368791103363
/tmp/DataSetCombined/Edges/Round-9_0033324_edge.png,"tf.Tensor(3.301, shape=(), dtype=float32)",3.354544,0.00457368791103363
/tmp/DataSetCombined/Edges/Round-1_0028101_edge.png,"tf.Tensor(5.037, shape=(), dtype=float32)",5.185078,0.00457368791103363
/tmp/DataSetCombined/Edges/Round-10_0174911_edge.png,"tf.Tensor(2.303, shape=(), dtype=float32)",2.4095306,0.00457368791103363
/tmp/DataSetCombined/Edges/Round-6_0090061_edge.png,"tf.Tensor(5.144, shape=(), dtype=float32)",5.238252,0.00457368791103363
/tmp/DataSetCombined/Edges/Round-10_0021975_edge.png,"tf.Tensor(5.404, shape=(), dtype=float32)",5.4002185,0.00457368791103363
/tmp/DataSetCombined/Edges/Round-1_0075343_edge.png,"tf.Tensor(2.347, shape=(), dtype=float32)",2.4992373,0.00457368791103363
/tmp/DataSetCombined/Edges/Round-1_0040134_edge.png,"tf.Tensor(5.175, shape=(), dtype=float32)",5.199921,0.00457368791103363
/tmp/DataSetCombined/Edges/Round-10_0086811_edge.png,"tf.Tensor(5.511, shape=(), dtype=float32)",5.571312,0.00457368791103363
/tmp/DataSetCombined/Edges/Round-8_0045848_edge.png,"tf.Tensor(3.417, shape=(), dtype=float32)",3.5659542,0.00457368791103363
/tmp/DataSetCombined/Edges/Round-2_0098652_edge.png,"tf.Tensor(2.457, shape=(), dtype=float32)",2.4330406,0.00457368791103363
/tmp/DataSetCombined/Edges/Round-10_0017912_edge.png,"tf.Tensor(5.517, shape=(), dtype=float32)",5.5590796,0.00457368791103363
/tmp/DataSetCombined/Edges/Round-10_0104810_edge.png,"tf.Tensor(4.357, shape=(), dtype=float32)",4.409525,0.00457368791103363
/tmp/DataSetCombined/Edges/Round-5_0059483_edge.png,"tf.Tensor(5.447, shape=(), dtype=float32)",5.536177,0.00457368791103363
/tmp/DataSetCombined/Edges/Round-3_0025934_edge.png,"tf.Tensor(3.103, shape=(), dtype=float32)",3.026019,0.00457368791103363
/tmp/DataSetCombined/Edges/Round-7_0059932_edge.png,"tf.Tensor(2.0, shape=(), dtype=float32)",1.9763018,0.00457368791103363
/tmp/DataSetCombined/Edges/Round-5_0051327_edge.png,"tf.Tensor(2.705, shape=(), dtype=float32)",2.721214,0.00457368791103363
/tmp/DataSetCombined/Edges/Round-8_0057665_edge.png,"tf.Tensor(5.468, shape=(), dtype=float32)",5.542975,0.00457368791103363
/tmp/DataSetCombined/Edges/Round-7_0100356_edge.png,"tf.Tensor(2.486, shape=(), dtype=float32)",2.6431289,0.00457368791103363
/tmp/DataSetCombined/Edges/Round-6_0078863_edge.png,"tf.Tensor(1.528, shape=(), dtype=float32)",1.6976517,0.00457368791103363
/tmp/DataSetCombined/Edges/Round-5_0062102_edge.png,"tf.Tensor(2.898, shape=(), dtype=float32)",2.9330814,0.00457368791103363
/tmp/DataSetCombined/Edges/Round-3_0078200_edge.png,"tf.Tensor(4.193, shape=(), dtype=float32)",4.445586,0.00457368791103363
/tmp/DataSetCombined/Edges/Round-2_0082301_edge.png,"tf.Tensor(5.036, shape=(), dtype=float32)",5.1899395,0.00457368791103363
/tmp/DataSetCombined/Edges/Round-9_0076999_edge.png,"tf.Tensor(1.675, shape=(), dtype=float32)",1.8017709,0.00457368791103363
/tmp/DataSetCombined/Edges/Round-3_0056047_edge.png,"tf.Tensor(1.842, shape=(), dtype=float32)",1.8816683,0.00457368791103363
/tmp/DataSetCombined/Edges/Round-4_0037537_edge.png,"tf.Tensor(5.521, shape=(), dtype=float32)",5.566952,0.00457368791103363
/tmp/DataSetCombined/Edges/Round-1_0029167_edge.png,"tf.Tensor(5.559, shape=(), dtype=float32)",5.4719067,0.00457368791103363
/tmp/DataSetCombined/Edges/Round-10_0061586_edge.png,"tf.Tensor(2.602, shape=(), dtype=float32)",2.6380541,0.00457368791103363
/tmp/DataSetCombined/Edges/Round-1_0108513_edge.png,"tf.Tensor(2.543, shape=(), dtype=float32)",2.7992814,0.00457368791103363
/tmp/DataSetCombined/Edges/Round-2_0074667_edge.png,"tf.Tensor(3.55, shape=(), dtype=float32)",3.6719577,0.00457368791103363
/tmp/DataSetCombined/Edges/Round-7_0116911_edge.png,"tf.Tensor(5.032, shape=(), dtype=float32)",5.1770763,0.00457368791103363
/tmp/DataSetCombined/Edges/Round-4_0044671_edge.png,"tf.Tensor(4.797, shape=(), dtype=float32)",4.961478,0.00457368791103363
/tmp/DataSetCombined/Edges/Round-8_0024827_edge.png,"tf.Tensor(2.023, shape=(), dtype=float32)",2.104181,0.0057735443115234375
/tmp/DataSetCombined/Edges/Round-2_0085134_edge.png,"tf.Tensor(3.127, shape=(), dtype=float32)",3.0301335,0.0057735443115234375
/tmp/DataSetCombined/Edges/Round-10_0132953_edge.png,"tf.Tensor(5.444, shape=(), dtype=float32)",5.5320764,0.0057735443115234375
/tmp/DataSetCombined/Edges/Round-9_0006746_edge.png,"tf.Tensor(4.602, shape=(), dtype=float32)",4.8380547,0.0057735443115234375
/tmp/DataSetCombined/Edges/Round-9_0103938_edge.png,"tf.Tensor(2.427, shape=(), dtype=float32)",2.452611,0.0057735443115234375
/tmp/DataSetCombined/Edges/Round-5_0007411_edge.png,"tf.Tensor(2.277, shape=(), dtype=float32)",2.3883522,0.0057735443115234375
/tmp/DataSetCombined/Edges/Round-10_0022969_edge.png,"tf.Tensor(4.495, shape=(), dtype=float32)",4.6172953,0.0057735443115234375
/tmp/DataSetCombined/Edges/Round-10_0024835_edge.png,"tf.Tensor(5.571, shape=(), dtype=float32)",5.5279965,0.0057735443115234375
/tmp/DataSetCombined/Edges/Round-9_0178103_edge.png,"tf.Tensor(5.666, shape=(), dtype=float32)",5.539415,0.0057735443115234375
/tmp/DataSetCombined/Edges/Round-8_0047203_edge.png,"tf.Tensor(5.569, shape=(), dtype=float32)",5.4850464,0.0057735443115234375
/tmp/DataSetCombined/Edges/Round-7_0133519_edge.png,"tf.Tensor(1.94, shape=(), dtype=float32)",2.0173495,0.0057735443115234375
/tmp/DataSetCombined/Edges/Round-3_0087772_edge.png,"tf.Tensor(1.84, shape=(), dtype=float32)",1.8848525,0.0057735443115234375
/tmp/DataSetCombined/Edges/Round-1_0122389_edge.png,"tf.Tensor(5.072, shape=(), dtype=float32)",5.178113,0.0057735443115234375
/tmp/DataSetCombined/Edges/Round-9_0051022_edge.png,"tf.Tensor(5.068, shape=(), dtype=float32)",5.2333,0.0057735443115234375
/tmp/DataSetCombined/Edges/Round-9_0128130_edge.png,"tf.Tensor(4.956, shape=(), dtype=float32)",5.0310035,0.0057735443115234375
/tmp/DataSetCombined/Edges/Round-7_0011080_edge.png,"tf.Tensor(3.707, shape=(), dtype=float32)",3.926829,0.0057735443115234375
/tmp/DataSetCombined/Edges/Round-5_0081366_edge.png,"tf.Tensor(5.517, shape=(), dtype=float32)",5.5607724,0.0057735443115234375
/tmp/DataSetCombined/Edges/Round-10_0097826_edge.png,"tf.Tensor(5.648, shape=(), dtype=float32)",5.542473,0.0057735443115234375
/tmp/DataSetCombined/Edges/Round-6_0041931_edge.png,"tf.Tensor(4.956, shape=(), dtype=float32)",5.033453,0.0057735443115234375
/tmp/DataSetCombined/Edges/Round-1_0027334_edge.png,"tf.Tensor(4.955, shape=(), dtype=float32)",5.043903,0.0057735443115234375
/tmp/DataSetCombined/Edges/Round-3_0011771_edge.png,"tf.Tensor(2.153, shape=(), dtype=float32)",2.0721107,0.0057735443115234375
/tmp/DataSetCombined/Edges/Round-10_0135571_edge.png,"tf.Tensor(5.152, shape=(), dtype=float32)",5.1445365,0.0057735443115234375
/tmp/DataSetCombined/Edges/Round-8_0063847_edge.png,"tf.Tensor(2.459, shape=(), dtype=float32)",2.502619,0.0057735443115234375
/tmp/DataSetCombined/Edges/Round-8_0033473_edge.png,"tf.Tensor(2.443, shape=(), dtype=float32)",2.6020453,0.0057735443115234375
/tmp/DataSetCombined/Edges/Round-9_0065711_edge.png,"tf.Tensor(2.577, shape=(), dtype=float32)",2.7115364,0.0057735443115234375
/tmp/DataSetCombined/Edges/Round-5_0123596_edge.png,"tf.Tensor(4.271, shape=(), dtype=float32)",4.452463,0.0057735443115234375
/tmp/DataSetCombined/Edges/Round-10_0149929_edge.png,"tf.Tensor(5.213, shape=(), dtype=float32)",5.221656,0.0057735443115234375
/tmp/DataSetCombined/Edges/Round-10_0131177_edge.png,"tf.Tensor(2.119, shape=(), dtype=float32)",2.2258186,0.0057735443115234375
/tmp/DataSetCombined/Edges/Round-9_0146679_edge.png,"tf.Tensor(5.132, shape=(), dtype=float32)",5.2982373,0.0057735443115234375
/tmp/DataSetCombined/Edges/Round-2_0058679_edge.png,"tf.Tensor(5.639, shape=(), dtype=float32)",5.512678,0.0057735443115234375
/tmp/DataSetCombined/Edges/Round-1_0149840_edge.png,"tf.Tensor(5.522, shape=(), dtype=float32)",5.5670714,0.0057735443115234375
/tmp/DataSetCombined/Edges/Round-5_0045999_edge.png,"tf.Tensor(2.679, shape=(), dtype=float32)",2.890275,0.0057735443115234375
/tmp/DataSetCombined/Edges/Round-7_0111041_edge.png,"tf.Tensor(2.49, shape=(), dtype=float32)",2.648176,0.0057735443115234375
/tmp/DataSetCombined/Edges/Round-6_0100384_edge.png,"tf.Tensor(5.143, shape=(), dtype=float32)",5.309736,0.0057735443115234375
/tmp/DataSetCombined/Edges/Round-10_0124917_edge.png,"tf.Tensor(4.954, shape=(), dtype=float32)",5.0424743,0.0057735443115234375
/tmp/DataSetCombined/Edges/Round-2_0030400_edge.png,"tf.Tensor(5.605, shape=(), dtype=float32)",5.5051823,0.0057735443115234375
/tmp/DataSetCombined/Edges/Round-3_0028747_edge.png,"tf.Tensor(2.507, shape=(), dtype=float32)",2.761062,0.0057735443115234375
/tmp/DataSetCombined/Edges/Round-10_0151946_edge.png,"tf.Tensor(2.503, shape=(), dtype=float32)",2.636463,0.0057735443115234375
/tmp/DataSetCombined/Edges/Round-7_0108603_edge.png,"tf.Tensor(4.265, shape=(), dtype=float32)",4.4342856,0.0057735443115234375
/tmp/DataSetCombined/Edges/Round-7_0034829_edge.png,"tf.Tensor(4.497, shape=(), dtype=float32)",4.559505,0.0057735443115234375
/tmp/DataSetCombined/Edges/Round-10_0179908_edge.png,"tf.Tensor(5.445, shape=(), dtype=float32)",5.5312886,0.0057735443115234375
/tmp/DataSetCombined/Edges/Round-7_0066614_edge.png,"tf.Tensor(3.75, shape=(), dtype=float32)",3.9736857,0.0057735443115234375
/tmp/DataSetCombined/Edges/Round-2_0093656_edge.png,"tf.Tensor(4.718, shape=(), dtype=float32)",4.9305854,0.0057735443115234375
/tmp/DataSetCombined/Edges/Round-10_0069382_edge.png,"tf.Tensor(1.676, shape=(), dtype=float32)",1.7986559,0.0057735443115234375
/tmp/DataSetCombined/Edges/Round-1_0071700_edge.png,"tf.Tensor(2.722, shape=(), dtype=float32)",2.787801,0.0057735443115234375
/tmp/DataSetCombined/Edges/Round-1_0009100_edge.png,"tf.Tensor(5.363, shape=(), dtype=float32)",5.3614635,0.0057735443115234375
/tmp/DataSetCombined/Edges/Round-7_0036837_edge.png,"tf.Tensor(4.976, shape=(), dtype=float32)",5.1443076,0.0057735443115234375
/tmp/DataSetCombined/Edges/Round-6_0039751_edge.png,"tf.Tensor(3.924, shape=(), dtype=float32)",4.112631,0.0057735443115234375
/tmp/DataSetCombined/Edges/Round-1_0008034_edge.png,"tf.Tensor(2.229, shape=(), dtype=float32)",2.1066182,0.0057735443115234375
/tmp/DataSetCombined/Edges/Round-3_0064415_edge.png,"tf.Tensor(5.653, shape=(), dtype=float32)",5.531412,0.0057735443115234375
/tmp/DataSetCombined/Edges/Round-6_0035429_edge.png,"tf.Tensor(5.111, shape=(), dtype=float32)",5.306874,0.0057735443115234375
/tmp/DataSetCombined/Edges/Round-5_0025952_edge.png,"tf.Tensor(4.444, shape=(), dtype=float32)",4.5713515,0.0057735443115234375
/tmp/DataSetCombined/Edges/Round-10_0175972_edge.png,"tf.Tensor(5.295, shape=(), dtype=float32)",5.388452,0.0057735443115234375
/tmp/DataSetCombined/Edges/Round-9_0026702_edge.png,"tf.Tensor(3.268, shape=(), dtype=float32)",3.3447976,0.0057735443115234375
/tmp/DataSetCombined/Edges/Round-1_0154776_edge.png,"tf.Tensor(5.225, shape=(), dtype=float32)",5.2292643,0.0057735443115234375
/tmp/DataSetCombined/Edges/Round-10_0051383_edge.png,"tf.Tensor(5.48, shape=(), dtype=float32)",5.549632,0.0057735443115234375
/tmp/DataSetCombined/Edges/Round-9_0179518_edge.png,"tf.Tensor(5.503, shape=(), dtype=float32)",5.5654182,0.0057735443115234375
/tmp/DataSetCombined/Edges/Round-10_0112726_edge.png,"tf.Tensor(2.147, shape=(), dtype=float32)",1.982956,0.0057735443115234375
/tmp/DataSetCombined/Edges/Round-1_0029934_edge.png,"tf.Tensor(3.307, shape=(), dtype=float32)",3.4721825,0.0057735443115234375
/tmp/DataSetCombined/Edges/Round-10_0024775_edge.png,"tf.Tensor(3.053, shape=(), dtype=float32)",3.1452591,0.0057735443115234375
/tmp/DataSetCombined/Edges/Round-9_0197409_edge.png,"tf.Tensor(5.56, shape=(), dtype=float32)",5.485473,0.0057735443115234375
/tmp/DataSetCombined/Edges/Round-4_0061707_edge.png,"tf.Tensor(3.723, shape=(), dtype=float32)",3.7520506,0.0057735443115234375
/tmp/DataSetCombined/Edges/Round-3_0070796_edge.png,"tf.Tensor(2.816, shape=(), dtype=float32)",2.8931253,0.0057735443115234375
/tmp/DataSetCombined/Edges/Round-9_0171240_edge.png,"tf.Tensor(5.004, shape=(), dtype=float32)",5.1041102,0.0057735443115234375
/tmp/DataSetCombined/Edges/Round-10_0128588_edge.png,"tf.Tensor(5.361, shape=(), dtype=float32)",5.4117665,0.005585893988609314
/tmp/DataSetCombined/Edges/Round-7_0019689_edge.png,"tf.Tensor(5.408, shape=(), dtype=float32)",5.404061,0.005585893988609314
/tmp/DataSetCombined/Edges/Round-9_0118205_edge.png,"tf.Tensor(5.678, shape=(), dtype=float32)",5.6463714,0.005585893988609314
/tmp/DataSetCombined/Edges/Round-8_0057454_edge.png,"tf.Tensor(5.464, shape=(), dtype=float32)",5.4408517,0.005585893988609314
/tmp/DataSetCombined/Edges/Round-7_0052076_edge.png,"tf.Tensor(4.746, shape=(), dtype=float32)",4.961251,0.005585893988609314
/tmp/DataSetCombined/Edges/Round-2_0091941_edge.png,"tf.Tensor(2.786, shape=(), dtype=float32)",2.8807557,0.005585893988609314
/tmp/DataSetCombined/Edges/Round-7_0063303_edge.png,"tf.Tensor(3.234, shape=(), dtype=float32)",3.3756506,0.005585893988609314
/tmp/DataSetCombined/Edges/Round-2_0030200_edge.png,"tf.Tensor(5.032, shape=(), dtype=float32)",5.171368,0.005585893988609314
/tmp/DataSetCombined/Edges/Round-10_0091084_edge.png,"tf.Tensor(5.458, shape=(), dtype=float32)",5.5363173,0.005585893988609314
/tmp/DataSetCombined/Edges/Round-9_0110258_edge.png,"tf.Tensor(4.955, shape=(), dtype=float32)",5.031036,0.005585893988609314
/tmp/DataSetCombined/Edges/Round-10_0167447_edge.png,"tf.Tensor(5.485, shape=(), dtype=float32)",5.452079,0.005585893988609314
/tmp/DataSetCombined/Edges/Round-5_0015057_edge.png,"tf.Tensor(3.119, shape=(), dtype=float32)",3.1486049,0.005585893988609314
/tmp/DataSetCombined/Edges/Round-4_0049156_edge.png,"tf.Tensor(5.115, shape=(), dtype=float32)",5.3166265,0.005585893988609314
/tmp/DataSetCombined/Edges/Round-8_0072607_edge.png,"tf.Tensor(2.564, shape=(), dtype=float32)",2.8007097,0.005585893988609314
/tmp/DataSetCombined/Edges/Round-1_0069334_edge.png,"tf.Tensor(5.56, shape=(), dtype=float32)",5.467806,0.005585893988609314
/tmp/DataSetCombined/Edges/Round-7_0021916_edge.png,"tf.Tensor(3.641, shape=(), dtype=float32)",3.786288,0.005585893988609314
/tmp/DataSetCombined/Edges/Round-6_0066071_edge.png,"tf.Tensor(5.443, shape=(), dtype=float32)",5.538407,0.005585893988609314
/tmp/DataSetCombined/Edges/Round-1_0060634_edge.png,"tf.Tensor(5.13, shape=(), dtype=float32)",5.268884,0.005585893988609314
/tmp/DataSetCombined/Edges/Round-9_0069684_edge.png,"tf.Tensor(4.864, shape=(), dtype=float32)",5.0835075,0.005585893988609314
/tmp/DataSetCombined/Edges/Round-9_0029230_edge.png,"tf.Tensor(5.665, shape=(), dtype=float32)",5.639913,0.005585893988609314
/tmp/DataSetCombined/Edges/Round-3_0021101_edge.png,"tf.Tensor(5.162, shape=(), dtype=float32)",5.1550946,0.005585893988609314
/tmp/DataSetCombined/Edges/Round-5_0072005_edge.png,"tf.Tensor(5.65, shape=(), dtype=float32)",5.5201554,0.005585893988609314
/tmp/DataSetCombined/Edges/Round-8_0036234_edge.png,"tf.Tensor(5.446, shape=(), dtype=float32)",5.4432826,0.005585893988609314
/tmp/DataSetCombined/Edges/Round-4_0089249_edge.png,"tf.Tensor(3.349, shape=(), dtype=float32)",3.4252155,0.005585893988609314
/tmp/DataSetCombined/Edges/Round-10_0165069_edge.png,"tf.Tensor(5.507, shape=(), dtype=float32)",5.458121,0.005585893988609314
/tmp/DataSetCombined/Edges/Round-10_0116247_edge.png,"tf.Tensor(2.854, shape=(), dtype=float32)",3.011381,0.005585893988609314
/tmp/DataSetCombined/Edges/Round-1_0059634_edge.png,"tf.Tensor(4.786, shape=(), dtype=float32)",4.9889426,0.005585893988609314
/tmp/DataSetCombined/Edges/Round-8_0028770_edge.png,"tf.Tensor(2.883, shape=(), dtype=float32)",3.0318377,0.005585893988609314
/tmp/DataSetCombined/Edges/Round-7_0032933_edge.png,"tf.Tensor(3.516, shape=(), dtype=float32)",3.6033843,0.005585893988609314
/tmp/DataSetCombined/Edges/Round-10_0047078_edge.png,"tf.Tensor(5.136, shape=(), dtype=float32)",5.3301578,0.005585893988609314
/tmp/DataSetCombined/Edges/Round-5_0116041_edge.png,"tf.Tensor(4.956, shape=(), dtype=float32)",5.022287,0.005585893988609314
/tmp/DataSetCombined/Edges/Round-10_0007678_edge.png,"tf.Tensor(1.494, shape=(), dtype=float32)",1.6596562,0.005585893988609314
/tmp/DataSetCombined/Edges/Round-8_0045385_edge.png,"tf.Tensor(5.573, shape=(), dtype=float32)",5.530773,0.005585893988609314
/tmp/DataSetCombined/Edges/Round-10_0057794_edge.png,"tf.Tensor(2.136, shape=(), dtype=float32)",2.2251127,0.005585893988609314
/tmp/DataSetCombined/Edges/Round-5_0060357_edge.png,"tf.Tensor(4.953, shape=(), dtype=float32)",5.019156,0.005585893988609314
/tmp/DataSetCombined/Edges/Round-5_0027427_edge.png,"tf.Tensor(4.68, shape=(), dtype=float32)",4.9068556,0.005585893988609314
/tmp/DataSetCombined/Edges/Round-8_0018849_edge.png,"tf.Tensor(2.754, shape=(), dtype=float32)",2.8619869,0.005585893988609314
/tmp/DataSetCombined/Edges/Round-9_0081002_edge.png,"tf.Tensor(4.478, shape=(), dtype=float32)",4.7068543,0.005585893988609314
/tmp/DataSetCombined/Edges/Round-4_0047621_edge.png,"tf.Tensor(4.265, shape=(), dtype=float32)",4.433043,0.005585893988609314
/tmp/DataSetCombined/Edges/Round-7_0001298_edge.png,"tf.Tensor(2.546, shape=(), dtype=float32)",2.8081417,0.005585893988609314
/tmp/DataSetCombined/Edges/Round-9_0090634_edge.png,"tf.Tensor(2.937, shape=(), dtype=float32)",2.9367418,0.005585893988609314
/tmp/DataSetCombined/Edges/Round-5_0083593_edge.png,"tf.Tensor(5.14, shape=(), dtype=float32)",5.2989936,0.005585893988609314
/tmp/DataSetCombined/Edges/Round-6_0003614_edge.png,"tf.Tensor(2.685, shape=(), dtype=float32)",2.7717366,0.005585893988609314
/tmp/DataSetCombined/Edges/Round-5_0066617_edge.png,"tf.Tensor(1.629, shape=(), dtype=float32)",1.7210693,0.005585893988609314
/tmp/DataSetCombined/Edges/Round-1_0076878_edge.png,"tf.Tensor(5.608, shape=(), dtype=float32)",5.618918,0.005585893988609314
/tmp/DataSetCombined/Edges/Round-9_0022428_edge.png,"tf.Tensor(5.154, shape=(), dtype=float32)",5.1273723,0.005585893988609314
/tmp/DataSetCombined/Edges/Round-6_0004819_edge.png,"tf.Tensor(1.952, shape=(), dtype=float32)",2.0000803,0.005585893988609314
/tmp/DataSetCombined/Edges/Round-2_0062954_edge.png,"tf.Tensor(1.696, shape=(), dtype=float32)",1.8051387,0.005585893988609314
/tmp/DataSetCombined/Edges/Round-5_0055540_edge.png,"tf.Tensor(3.062, shape=(), dtype=float32)",3.1001766,0.005585893988609314
/tmp/DataSetCombined/Edges/Round-6_0116156_edge.png,"tf.Tensor(3.137, shape=(), dtype=float32)",3.224806,0.005585893988609314
/tmp/DataSetCombined/Edges/Round-6_0017189_edge.png,"tf.Tensor(3.651, shape=(), dtype=float32)",3.8460853,0.005585893988609314
/tmp/DataSetCombined/Edges/Round-6_0037566_edge.png,"tf.Tensor(5.419, shape=(), dtype=float32)",5.4061294,0.005585893988609314
/tmp/DataSetCombined/Edges/Round-10_0124705_edge.png,"tf.Tensor(5.565, shape=(), dtype=float32)",5.4711604,0.005585893988609314
/tmp/DataSetCombined/Edges/Round-8_0004630_edge.png,"tf.Tensor(2.624, shape=(), dtype=float32)",2.6658223,0.005585893988609314
/tmp/DataSetCombined/Edges/Round-5_0066707_edge.png,"tf.Tensor(1.829, shape=(), dtype=float32)",1.8755889,0.005585893988609314
/tmp/DataSetCombined/Edges/Round-1_0025200_edge.png,"tf.Tensor(2.941, shape=(), dtype=float32)",2.95467,0.005585893988609314
/tmp/DataSetCombined/Edges/Round-10_0034467_edge.png,"tf.Tensor(2.455, shape=(), dtype=float32)",2.620248,0.005585893988609314
/tmp/DataSetCombined/Edges/Round-5_0084286_edge.png,"tf.Tensor(3.446, shape=(), dtype=float32)",3.4357274,0.005585893988609314
/tmp/DataSetCombined/Edges/Round-9_0176869_edge.png,"tf.Tensor(5.646, shape=(), dtype=float32)",5.5443754,0.005585893988609314
/tmp/DataSetCombined/Edges/Round-10_0049035_edge.png,"tf.Tensor(5.342, shape=(), dtype=float32)",5.348266,0.005585893988609314
/tmp/DataSetCombined/Edges/Round-8_0086862_edge.png,"tf.Tensor(3.298, shape=(), dtype=float32)",3.4230552,0.005585893988609314
/tmp/DataSetCombined/Edges/Round-9_0137259_edge.png,"tf.Tensor(2.036, shape=(), dtype=float32)",1.9831377,0.005585893988609314
/tmp/DataSetCombined/Edges/Round-8_0020987_edge.png,"tf.Tensor(3.851, shape=(), dtype=float32)",4.0040054,0.005585893988609314
/tmp/DataSetCombined/Edges/Round-1_0124195_edge.png,"tf.Tensor(3.765, shape=(), dtype=float32)",3.9592576,0.005585893988609314
/tmp/DataSetCombined/Edges/Round-9_0155288_edge.png,"tf.Tensor(1.976, shape=(), dtype=float32)",1.9905835,0.00521499291062355
/tmp/DataSetCombined/Edges/Round-5_0087777_edge.png,"tf.Tensor(4.493, shape=(), dtype=float32)",4.6151958,0.00521499291062355
/tmp/DataSetCombined/Edges/Round-7_0121426_edge.png,"tf.Tensor(4.797, shape=(), dtype=float32)",4.972742,0.00521499291062355
/tmp/DataSetCombined/Edges/Round-1_0077601_edge.png,"tf.Tensor(2.813, shape=(), dtype=float32)",2.968599,0.00521499291062355
/tmp/DataSetCombined/Edges/Round-7_0059511_edge.png,"tf.Tensor(2.925, shape=(), dtype=float32)",2.9321682,0.00521499291062355
/tmp/DataSetCombined/Edges/Round-10_0126993_edge.png,"tf.Tensor(5.451, shape=(), dtype=float32)",5.535739,0.00521499291062355
/tmp/DataSetCombined/Edges/Round-1_0137323_edge.png,"tf.Tensor(2.696, shape=(), dtype=float32)",2.9086823,0.00521499291062355
/tmp/DataSetCombined/Edges/Round-9_0071912_edge.png,"tf.Tensor(5.565, shape=(), dtype=float32)",5.470893,0.00521499291062355
/tmp/DataSetCombined/Edges/Round-7_0034167_edge.png,"tf.Tensor(5.586, shape=(), dtype=float32)",5.540581,0.00521499291062355
/tmp/DataSetCombined/Edges/Round-7_0076001_edge.png,"tf.Tensor(2.89, shape=(), dtype=float32)",3.020025,0.00521499291062355
/tmp/DataSetCombined/Edges/Round-3_0086327_edge.png,"tf.Tensor(5.442, shape=(), dtype=float32)",5.541811,0.00521499291062355
/tmp/DataSetCombined/Edges/Round-10_0026527_edge.png,"tf.Tensor(5.053, shape=(), dtype=float32)",5.1405754,0.00521499291062355
/tmp/DataSetCombined/Edges/Round-10_0099512_edge.png,"tf.Tensor(5.518, shape=(), dtype=float32)",5.5647225,0.00521499291062355
/tmp/DataSetCombined/Edges/Round-7_0070226_edge.png,"tf.Tensor(5.518, shape=(), dtype=float32)",5.5483804,0.00521499291062355
/tmp/DataSetCombined/Edges/Round-9_0122750_edge.png,"tf.Tensor(4.461, shape=(), dtype=float32)",4.5361943,0.00521499291062355
/tmp/DataSetCombined/Edges/Round-7_0098008_edge.png,"tf.Tensor(4.516, shape=(), dtype=float32)",4.586818,0.00521499291062355
/tmp/DataSetCombined/Edges/Round-7_0010329_edge.png,"tf.Tensor(3.222, shape=(), dtype=float32)",3.377609,0.00521499291062355
/tmp/DataSetCombined/Edges/Round-1_0083864_edge.png,"tf.Tensor(4.778, shape=(), dtype=float32)",4.933674,0.00521499291062355
/tmp/DataSetCombined/Edges/Round-5_0061801_edge.png,"tf.Tensor(4.517, shape=(), dtype=float32)",4.6329465,0.00521499291062355
/tmp/DataSetCombined/Edges/Round-1_0165707_edge.png,"tf.Tensor(3.925, shape=(), dtype=float32)",3.9518778,0.00521499291062355
/tmp/DataSetCombined/Edges/Round-7_0112907_edge.png,"tf.Tensor(1.572, shape=(), dtype=float32)",1.7034796,0.00521499291062355
/tmp/DataSetCombined/Edges/Round-9_0018335_edge.png,"tf.Tensor(3.416, shape=(), dtype=float32)",3.5073688,0.00521499291062355
/tmp/DataSetCombined/Edges/Round-10_0122448_edge.png,"tf.Tensor(5.527, shape=(), dtype=float32)",5.600593,0.00521499291062355
/tmp/DataSetCombined/Edges/Round-9_0183551_edge.png,"tf.Tensor(5.519, shape=(), dtype=float32)",5.5552564,0.00521499291062355
/tmp/DataSetCombined/Edges/Round-6_0088706_edge.png,"tf.Tensor(5.371, shape=(), dtype=float32)",5.349925,0.00521499291062355
/tmp/DataSetCombined/Edges/Round-8_0030226_edge.png,"tf.Tensor(4.956, shape=(), dtype=float32)",5.043052,0.00521499291062355
/tmp/DataSetCombined/Edges/Round-9_0098911_edge.png,"tf.Tensor(5.512, shape=(), dtype=float32)",5.477212,0.00521499291062355
/tmp/DataSetCombined/Edges/Round-1_0043500_edge.png,"tf.Tensor(5.156, shape=(), dtype=float32)",5.139215,0.00521499291062355
/tmp/DataSetCombined/Edges/Round-10_0081873_edge.png,"tf.Tensor(3.851, shape=(), dtype=float32)",4.0858097,0.00521499291062355
/tmp/DataSetCombined/Edges/Round-10_0193001_edge.png,"tf.Tensor(3.313, shape=(), dtype=float32)",3.4178991,0.00521499291062355
/tmp/DataSetCombined/Edges/Round-7_0056170_edge.png,"tf.Tensor(1.717, shape=(), dtype=float32)",1.7772795,0.00521499291062355
/tmp/DataSetCombined/Edges/Round-1_0034691_edge.png,"tf.Tensor(5.473, shape=(), dtype=float32)",5.5848365,0.00521499291062355
/tmp/DataSetCombined/Edges/Round-10_0038741_edge.png,"tf.Tensor(3.526, shape=(), dtype=float32)",3.6555429,0.00521499291062355
/tmp/DataSetCombined/Edges/Round-10_0042022_edge.png,"tf.Tensor(3.636, shape=(), dtype=float32)",3.8287158,0.00521499291062355
/tmp/DataSetCombined/Edges/Round-2_0085498_edge.png,"tf.Tensor(1.523, shape=(), dtype=float32)",1.6885655,0.00521499291062355
/tmp/DataSetCombined/Edges/Round-7_0061226_edge.png,"tf.Tensor(5.151, shape=(), dtype=float32)",5.3125887,0.00521499291062355
/tmp/DataSetCombined/Edges/Round-7_0080340_edge.png,"tf.Tensor(4.681, shape=(), dtype=float32)",4.8130536,0.00521499291062355
/tmp/DataSetCombined/Edges/Round-1_0049300_edge.png,"tf.Tensor(4.572, shape=(), dtype=float32)",4.6759334,0.00521499291062355
/tmp/DataSetCombined/Edges/Round-8_0042525_edge.png,"tf.Tensor(5.561, shape=(), dtype=float32)",5.4807444,0.00521499291062355
/tmp/DataSetCombined/Edges/Round-6_0004126_edge.png,"tf.Tensor(5.528, shape=(), dtype=float32)",5.56712,0.00521499291062355
/tmp/DataSetCombined/Edges/Round-10_0135180_edge.png,"tf.Tensor(5.445, shape=(), dtype=float32)",5.5318666,0.00521499291062355
/tmp/DataSetCombined/Edges/Round-7_0068601_edge.png,"tf.Tensor(5.573, shape=(), dtype=float32)",5.532517,0.00521499291062355
/tmp/DataSetCombined/Edges/Round-6_0006213_edge.png,"tf.Tensor(4.265, shape=(), dtype=float32)",4.437116,0.00521499291062355
/tmp/DataSetCombined/Edges/Round-9_0044864_edge.png,"tf.Tensor(5.567, shape=(), dtype=float32)",5.528157,0.00521499291062355
/tmp/DataSetCombined/Edges/Round-4_0073356_edge.png,"tf.Tensor(5.295, shape=(), dtype=float32)",5.2958407,0.00521499291062355
/tmp/DataSetCombined/Edges/Round-10_0048192_edge.png,"tf.Tensor(3.762, shape=(), dtype=float32)",3.9951656,0.00521499291062355
/tmp/DataSetCombined/Edges/Round-6_0020681_edge.png,"tf.Tensor(5.345, shape=(), dtype=float32)",5.360836,0.00521499291062355
/tmp/DataSetCombined/Edges/Round-10_0034617_edge.png,"tf.Tensor(5.561, shape=(), dtype=float32)",5.5034895,0.00521499291062355
/tmp/DataSetCombined/Edges/Round-6_0012193_edge.png,"tf.Tensor(3.265, shape=(), dtype=float32)",3.410984,0.00521499291062355
/tmp/DataSetCombined/Edges/Round-7_0037989_edge.png,"tf.Tensor(2.413, shape=(), dtype=float32)",2.569157,0.00521499291062355
/tmp/DataSetCombined/Edges/Round-8_0045716_edge.png,"tf.Tensor(5.459, shape=(), dtype=float32)",5.5402083,0.00521499291062355
/tmp/DataSetCombined/Edges/Round-6_0015955_edge.png,"tf.Tensor(3.092, shape=(), dtype=float32)",3.0129678,0.00521499291062355
/tmp/DataSetCombined/Edges/Round-9_0101499_edge.png,"tf.Tensor(5.218, shape=(), dtype=float32)",5.340635,0.00521499291062355
/tmp/DataSetCombined/Edges/Round-3_0034534_edge.png,"tf.Tensor(2.632, shape=(), dtype=float32)",2.8586824,0.00521499291062355
/tmp/DataSetCombined/Edges/Round-5_0000940_edge.png,"tf.Tensor(5.434, shape=(), dtype=float32)",5.4388604,0.00521499291062355
/tmp/DataSetCombined/Edges/Round-3_0040787_edge.png,"tf.Tensor(4.959, shape=(), dtype=float32)",5.03936,0.00521499291062355
/tmp/DataSetCombined/Edges/Round-5_0081637_edge.png,"tf.Tensor(4.674, shape=(), dtype=float32)",4.798903,0.00521499291062355
/tmp/DataSetCombined/Edges/Round-10_0068479_edge.png,"tf.Tensor(5.189, shape=(), dtype=float32)",5.200245,0.00521499291062355
/tmp/DataSetCombined/Edges/Round-7_0018124_edge.png,"tf.Tensor(1.976, shape=(), dtype=float32)",2.0246508,0.00521499291062355
/tmp/DataSetCombined/Edges/Round-3_0015895_edge.png,"tf.Tensor(3.31, shape=(), dtype=float32)",3.4105906,0.00521499291062355
/tmp/DataSetCombined/Edges/Round-5_0016291_edge.png,"tf.Tensor(1.987, shape=(), dtype=float32)",1.9571236,0.00521499291062355
/tmp/DataSetCombined/Edges/Round-1_0038000_edge.png,"tf.Tensor(5.523, shape=(), dtype=float32)",5.5741377,0.00521499291062355
/tmp/DataSetCombined/Edges/Round-1_0104690_edge.png,"tf.Tensor(4.522, shape=(), dtype=float32)",4.73659,0.00521499291062355
/tmp/DataSetCombined/Edges/Round-9_0044070_edge.png,"tf.Tensor(5.039, shape=(), dtype=float32)",5.267483,0.00521499291062355
/tmp/DataSetCombined/Edges/Round-6_0127504_edge.png,"tf.Tensor(5.136, shape=(), dtype=float32)",5.287666,0.0051941052079200745
/tmp/DataSetCombined/Edges/Round-8_0009777_edge.png,"tf.Tensor(4.268, shape=(), dtype=float32)",4.44499,0.0051941052079200745
/tmp/DataSetCombined/Edges/Round-10_0037642_edge.png,"tf.Tensor(4.278, shape=(), dtype=float32)",4.454158,0.0051941052079200745
/tmp/DataSetCombined/Edges/Round-3_0012674_edge.png,"tf.Tensor(4.266, shape=(), dtype=float32)",4.4516325,0.0051941052079200745
/tmp/DataSetCombined/Edges/Round-10_0187885_edge.png,"tf.Tensor(3.116, shape=(), dtype=float32)",3.1691515,0.0051941052079200745
/tmp/DataSetCombined/Edges/Round-7_0091657_edge.png,"tf.Tensor(1.608, shape=(), dtype=float32)",1.740029,0.0051941052079200745
/tmp/DataSetCombined/Edges/Round-9_0078774_edge.png,"tf.Tensor(3.31, shape=(), dtype=float32)",3.4958806,0.0051941052079200745
/tmp/DataSetCombined/Edges/Round-3_0084732_edge.png,"tf.Tensor(4.056, shape=(), dtype=float32)",4.2496123,0.0051941052079200745
/tmp/DataSetCombined/Edges/Round-8_0001273_edge.png,"tf.Tensor(3.85, shape=(), dtype=float32)",4.0561094,0.0051941052079200745
/tmp/DataSetCombined/Edges/Round-8_0067068_edge.png,"tf.Tensor(5.518, shape=(), dtype=float32)",5.5614367,0.0051941052079200745
/tmp/DataSetCombined/Edges/Round-5_0061079_edge.png,"tf.Tensor(2.827, shape=(), dtype=float32)",2.9795861,0.0051941052079200745
/tmp/DataSetCombined/Edges/Round-2_0059467_edge.png,"tf.Tensor(4.987, shape=(), dtype=float32)",5.087765,0.0051941052079200745
/tmp/DataSetCombined/Edges/Round-6_0124314_edge.png,"tf.Tensor(3.578, shape=(), dtype=float32)",3.7378418,0.0051941052079200745
/tmp/DataSetCombined/Edges/Round-5_0076520_edge.png,"tf.Tensor(3.929, shape=(), dtype=float32)",4.1154265,0.0051941052079200745
/tmp/DataSetCombined/Edges/Round-8_0055269_edge.png,"tf.Tensor(3.442, shape=(), dtype=float32)",3.5564992,0.0051941052079200745
/tmp/DataSetCombined/Edges/Round-1_0124708_edge.png,"tf.Tensor(1.933, shape=(), dtype=float32)",1.951536,0.0051941052079200745
/tmp/DataSetCombined/Edges/Round-4_0045123_edge.png,"tf.Tensor(1.837, shape=(), dtype=float32)",1.8117765,0.0051941052079200745
/tmp/DataSetCombined/Edges/Round-9_0183792_edge.png,"tf.Tensor(5.604, shape=(), dtype=float32)",5.510835,0.0051941052079200745
/tmp/DataSetCombined/Edges/Round-9_0066042_edge.png,"tf.Tensor(5.587, shape=(), dtype=float32)",5.505359,0.0051941052079200745
/tmp/DataSetCombined/Edges/Round-10_0114802_edge.png,"tf.Tensor(5.345, shape=(), dtype=float32)",5.3537493,0.0051941052079200745
/tmp/DataSetCombined/Edges/Round-9_0092229_edge.png,"tf.Tensor(4.79, shape=(), dtype=float32)",5.00725,0.0051941052079200745
/tmp/DataSetCombined/Edges/Round-9_0055868_edge.png,"tf.Tensor(5.572, shape=(), dtype=float32)",5.5283256,0.0051941052079200745
/tmp/DataSetCombined/Edges/Round-3_0058847_edge.png,"tf.Tensor(5.043, shape=(), dtype=float32)",5.1307173,0.0051941052079200745
/tmp/DataSetCombined/Edges/Round-9_0046267_edge.png,"tf.Tensor(5.575, shape=(), dtype=float32)",5.533095,0.0051941052079200745
/tmp/DataSetCombined/Edges/Round-9_0135603_edge.png,"tf.Tensor(4.088, shape=(), dtype=float32)",4.160019,0.0051941052079200745
/tmp/DataSetCombined/Edges/Round-5_0033418_edge.png,"tf.Tensor(3.468, shape=(), dtype=float32)",3.6387885,0.0051941052079200745
/tmp/DataSetCombined/Edges/Round-2_0092451_edge.png,"tf.Tensor(3.062, shape=(), dtype=float32)",3.1083617,0.0051941052079200745
/tmp/DataSetCombined/Edges/Round-6_0019055_edge.png,"tf.Tensor(4.758, shape=(), dtype=float32)",4.902828,0.0051941052079200745
/tmp/DataSetCombined/Edges/Round-1_0039634_edge.png,"tf.Tensor(3.283, shape=(), dtype=float32)",3.3969862,0.0051941052079200745
/tmp/DataSetCombined/Edges/Round-2_0024400_edge.png,"tf.Tensor(5.528, shape=(), dtype=float32)",5.577073,0.0051941052079200745
/tmp/DataSetCombined/Edges/Round-9_0186892_edge.png,"tf.Tensor(2.506, shape=(), dtype=float32)",2.748533,0.0051941052079200745
/tmp/DataSetCombined/Edges/Round-8_0034531_edge.png,"tf.Tensor(1.474, shape=(), dtype=float32)",1.651884,0.0051941052079200745
/tmp/DataSetCombined/Edges/Round-1_0133074_edge.png,"tf.Tensor(4.882, shape=(), dtype=float32)",5.165041,0.0051941052079200745
/tmp/DataSetCombined/Edges/Round-6_0119125_edge.png,"tf.Tensor(2.595, shape=(), dtype=float32)",2.828756,0.0051941052079200745
/tmp/DataSetCombined/Edges/Round-9_0103246_edge.png,"tf.Tensor(5.671, shape=(), dtype=float32)",5.627717,0.0051941052079200745
/tmp/DataSetCombined/Edges/Round-9_0132412_edge.png,"tf.Tensor(2.423, shape=(), dtype=float32)",2.5983446,0.0051941052079200745
/tmp/DataSetCombined/Edges/Round-1_0147101_edge.png,"tf.Tensor(3.088, shape=(), dtype=float32)",3.008437,0.0051941052079200745
/tmp/DataSetCombined/Edges/Round-7_0097978_edge.png,"tf.Tensor(5.161, shape=(), dtype=float32)",5.1491284,0.0051941052079200745
/tmp/DataSetCombined/Edges/Round-1_0048934_edge.png,"tf.Tensor(4.356, shape=(), dtype=float32)",4.5193486,0.0051941052079200745
/tmp/DataSetCombined/Edges/Round-9_0121997_edge.png,"tf.Tensor(5.343, shape=(), dtype=float32)",5.34741,0.0051941052079200745
/tmp/DataSetCombined/Edges/Round-8_0002974_edge.png,"tf.Tensor(5.572, shape=(), dtype=float32)",5.531343,0.0051941052079200745
/tmp/DataSetCombined/Edges/Round-8_0069314_edge.png,"tf.Tensor(3.651, shape=(), dtype=float32)",3.8174272,0.0051941052079200745
/tmp/DataSetCombined/Edges/Round-10_0195861_edge.png,"tf.Tensor(4.455, shape=(), dtype=float32)",4.693488,0.0051941052079200745
/tmp/DataSetCombined/Edges/Round-8_0055691_edge.png,"tf.Tensor(4.957, shape=(), dtype=float32)",5.03115,0.0051941052079200745
/tmp/DataSetCombined/Edges/Round-9_0162663_edge.png,"tf.Tensor(4.981, shape=(), dtype=float32)",5.150052,0.0051941052079200745
/tmp/DataSetCombined/Edges/Round-10_0010447_edge.png,"tf.Tensor(5.677, shape=(), dtype=float32)",5.644769,0.0051941052079200745
/tmp/DataSetCombined/Edges/Round-10_0133193_edge.png,"tf.Tensor(4.961, shape=(), dtype=float32)",5.10006,0.0051941052079200745
/tmp/DataSetCombined/Edges/Round-10_0137648_edge.png,"tf.Tensor(5.444, shape=(), dtype=float32)",5.5440993,0.0051941052079200745
/tmp/DataSetCombined/Edges/Round-4_0029741_edge.png,"tf.Tensor(5.033, shape=(), dtype=float32)",5.1763844,0.0051941052079200745
/tmp/DataSetCombined/Edges/Round-1_0046600_edge.png,"tf.Tensor(5.035, shape=(), dtype=float32)",5.1761694,0.0051941052079200745
/tmp/DataSetCombined/Edges/Round-10_0147129_edge.png,"tf.Tensor(4.264, shape=(), dtype=float32)",4.4193125,0.0051941052079200745
/tmp/DataSetCombined/Edges/Round-6_0107977_edge.png,"tf.Tensor(2.669, shape=(), dtype=float32)",2.8406637,0.0051941052079200745
/tmp/DataSetCombined/Edges/Round-5_0054457_edge.png,"tf.Tensor(4.585, shape=(), dtype=float32)",4.8363028,0.0051941052079200745
/tmp/DataSetCombined/Edges/Round-9_0097888_edge.png,"tf.Tensor(4.777, shape=(), dtype=float32)",4.9199567,0.0051941052079200745
/tmp/DataSetCombined/Edges/Round-5_0078206_edge.png,"tf.Tensor(5.57, shape=(), dtype=float32)",5.527579,0.0051941052079200745
/tmp/DataSetCombined/Edges/Round-9_0159532_edge.png,"tf.Tensor(2.545, shape=(), dtype=float32)",2.6539423,0.0051941052079200745
/tmp/DataSetCombined/Edges/Round-10_0041486_edge.png,"tf.Tensor(2.891, shape=(), dtype=float32)",3.046348,0.0051941052079200745
/tmp/DataSetCombined/Edges/Round-8_0065684_edge.png,"tf.Tensor(3.964, shape=(), dtype=float32)",4.158481,0.0051941052079200745
/tmp/DataSetCombined/Edges/Round-10_0022908_edge.png,"tf.Tensor(1.882, shape=(), dtype=float32)",1.9002318,0.0051941052079200745
/tmp/DataSetCombined/Edges/Round-7_0048434_edge.png,"tf.Tensor(2.65, shape=(), dtype=float32)",2.8698938,0.0051941052079200745
/tmp/DataSetCombined/Edges/Round-9_0153120_edge.png,"tf.Tensor(2.451, shape=(), dtype=float32)",2.4938776,0.0051941052079200745
/tmp/DataSetCombined/Edges/Round-1_0034498_edge.png,"tf.Tensor(5.516, shape=(), dtype=float32)",5.481243,0.0051941052079200745
/tmp/DataSetCombined/Edges/Round-6_0008972_edge.png,"tf.Tensor(4.612, shape=(), dtype=float32)",4.7395916,0.0051941052079200745
/tmp/DataSetCombined/Edges/Round-5_0095001_edge.png,"tf.Tensor(5.624, shape=(), dtype=float32)",5.6264224,0.0051941052079200745
/tmp/DataSetCombined/Edges/Round-1_0089370_edge.png,"tf.Tensor(5.663, shape=(), dtype=float32)",5.539665,0.005346629768610001
/tmp/DataSetCombined/Edges/Round-1_0170248_edge.png,"tf.Tensor(2.277, shape=(), dtype=float32)",2.4045649,0.005346629768610001
/tmp/DataSetCombined/Edges/Round-5_0046300_edge.png,"tf.Tensor(2.591, shape=(), dtype=float32)",2.648003,0.005346629768610001
/tmp/DataSetCombined/Edges/Round-3_0031734_edge.png,"tf.Tensor(5.559, shape=(), dtype=float32)",5.475101,0.005346629768610001
/tmp/DataSetCombined/Edges/Round-4_0050149_edge.png,"tf.Tensor(4.949, shape=(), dtype=float32)",5.0402093,0.005346629768610001
/tmp/DataSetCombined/Edges/Round-7_0016468_edge.png,"tf.Tensor(5.128, shape=(), dtype=float32)",5.1873026,0.005346629768610001
/tmp/DataSetCombined/Edges/Round-2_0105394_edge.png,"tf.Tensor(2.08, shape=(), dtype=float32)",2.1232336,0.005346629768610001
/tmp/DataSetCombined/Edges/Round-6_0087051_edge.png,"tf.Tensor(5.345, shape=(), dtype=float32)",5.360139,0.005346629768610001
/tmp/DataSetCombined/Edges/Round-9_0057830_edge.png,"tf.Tensor(5.191, shape=(), dtype=float32)",5.181398,0.005346629768610001
/tmp/DataSetCombined/Edges/Round-9_0001122_edge.png,"tf.Tensor(2.063, shape=(), dtype=float32)",1.9803666,0.005346629768610001
/tmp/DataSetCombined/Edges/Round-9_0165401_edge.png,"tf.Tensor(4.232, shape=(), dtype=float32)",4.4561124,0.005346629768610001
/tmp/DataSetCombined/Edges/Round-1_0051264_edge.png,"tf.Tensor(5.561, shape=(), dtype=float32)",5.4842997,0.005346629768610001
/tmp/DataSetCombined/Edges/Round-10_0092319_edge.png,"tf.Tensor(4.448, shape=(), dtype=float32)",4.5066667,0.005346629768610001
/tmp/DataSetCombined/Edges/Round-6_0017370_edge.png,"tf.Tensor(3.921, shape=(), dtype=float32)",3.9488342,0.005346629768610001
/tmp/DataSetCombined/Edges/Round-9_0066012_edge.png,"tf.Tensor(2.755, shape=(), dtype=float32)",2.8181765,0.005346629768610001
/tmp/DataSetCombined/Edges/Round-10_0032331_edge.png,"tf.Tensor(2.7, shape=(), dtype=float32)",2.917754,0.005346629768610001
/tmp/DataSetCombined/Edges/Round-1_0053250_edge.png,"tf.Tensor(2.526, shape=(), dtype=float32)",2.6499908,0.005346629768610001
/tmp/DataSetCombined/Edges/Round-6_0070134_edge.png,"tf.Tensor(5.05, shape=(), dtype=float32)",5.1591425,0.005346629768610001
/tmp/DataSetCombined/Edges/Round-4_0034136_edge.png,"tf.Tensor(4.539, shape=(), dtype=float32)",4.6517696,0.005346629768610001
/tmp/DataSetCombined/Edges/Round-9_0059893_edge.png,"tf.Tensor(5.377, shape=(), dtype=float32)",5.3706384,0.005346629768610001
/tmp/DataSetCombined/Edges/Round-3_0043917_edge.png,"tf.Tensor(2.012, shape=(), dtype=float32)",1.9603904,0.005346629768610001
/tmp/DataSetCombined/Edges/Round-6_0009935_edge.png,"tf.Tensor(5.341, shape=(), dtype=float32)",5.3453474,0.005346629768610001
/tmp/DataSetCombined/Edges/Round-1_0107399_edge.png,"tf.Tensor(2.444, shape=(), dtype=float32)",2.599326,0.005346629768610001
/tmp/DataSetCombined/Edges/Round-8_0002042_edge.png,"tf.Tensor(3.89, shape=(), dtype=float32)",4.0940332,0.005346629768610001
/tmp/DataSetCombined/Edges/Round-8_0065883_edge.png,"tf.Tensor(3.542, shape=(), dtype=float32)",3.6908526,0.005346629768610001
/tmp/DataSetCombined/Edges/Round-8_0067448_edge.png,"tf.Tensor(5.574, shape=(), dtype=float32)",5.5291114,0.005346629768610001
/tmp/DataSetCombined/Edges/Round-1_0110470_edge.png,"tf.Tensor(3.52, shape=(), dtype=float32)",3.7031314,0.005346629768610001
/tmp/DataSetCombined/Edges/Round-10_0116819_edge.png,"tf.Tensor(4.095, shape=(), dtype=float32)",4.2826285,0.005346629768610001
/tmp/DataSetCombined/Edges/Round-6_0103936_edge.png,"tf.Tensor(2.09, shape=(), dtype=float32)",2.1095138,0.005346629768610001
/tmp/DataSetCombined/Edges/Round-6_0043677_edge.png,"tf.Tensor(2.297, shape=(), dtype=float32)",2.408136,0.005346629768610001
/tmp/DataSetCombined/Edges/Round-6_0015052_edge.png,"tf.Tensor(1.614, shape=(), dtype=float32)",1.7538115,0.005346629768610001
/tmp/DataSetCombined/Edges/Round-9_0157726_edge.png,"tf.Tensor(2.624, shape=(), dtype=float32)",2.8849635,0.005346629768610001
/tmp/DataSetCombined/Edges/Round-2_0077071_edge.png,"tf.Tensor(1.64, shape=(), dtype=float32)",1.776759,0.005346629768610001
/tmp/DataSetCombined/Edges/Round-2_0055534_edge.png,"tf.Tensor(5.471, shape=(), dtype=float32)",5.4861894,0.005346629768610001
/tmp/DataSetCombined/Edges/Round-4_0001448_edge.png,"tf.Tensor(3.019, shape=(), dtype=float32)",3.092263,0.005346629768610001
/tmp/DataSetCombined/Edges/Round-1_0157967_edge.png,"tf.Tensor(5.555, shape=(), dtype=float32)",5.5931587,0.005346629768610001
/tmp/DataSetCombined/Edges/Round-9_0006175_edge.png,"tf.Tensor(4.96, shape=(), dtype=float32)",5.041027,0.005346629768610001
/tmp/DataSetCombined/Edges/Round-6_0097468_edge.png,"tf.Tensor(2.766, shape=(), dtype=float32)",2.8160317,0.005346629768610001
/tmp/DataSetCombined/Edges/Round-8_0070187_edge.png,"tf.Tensor(4.282, shape=(), dtype=float32)",4.4682546,0.005346629768610001
/tmp/DataSetCombined/Edges/Round-1_0099303_edge.png,"tf.Tensor(3.515, shape=(), dtype=float32)",3.6417627,0.005346629768610001
/tmp/DataSetCombined/Edges/Round-10_0145835_edge.png,"tf.Tensor(5.138, shape=(), dtype=float32)",5.318583,0.005346629768610001
/tmp/DataSetCombined/Edges/Round-5_0052500_edge.png,"tf.Tensor(1.97, shape=(), dtype=float32)",1.9453608,0.005346629768610001
/tmp/DataSetCombined/Edges/Round-6_0055506_edge.png,"tf.Tensor(5.519, shape=(), dtype=float32)",5.564295,0.005346629768610001
/tmp/DataSetCombined/Edges/Round-4_0055146_edge.png,"tf.Tensor(5.67, shape=(), dtype=float32)",5.6406593,0.005346629768610001
/tmp/DataSetCombined/Edges/Round-10_0087321_edge.png,"tf.Tensor(3.853, shape=(), dtype=float32)",4.0815206,0.005346629768610001
/tmp/DataSetCombined/Edges/Round-1_0074320_edge.png,"tf.Tensor(5.129, shape=(), dtype=float32)",5.3098598,0.005346629768610001
/tmp/DataSetCombined/Edges/Round-9_0146228_edge.png,"tf.Tensor(3.035, shape=(), dtype=float32)",3.0952945,0.005346629768610001
/tmp/DataSetCombined/Edges/Round-1_0150472_edge.png,"tf.Tensor(3.151, shape=(), dtype=float32)",3.1951277,0.005346629768610001
/tmp/DataSetCombined/Edges/Round-6_0035038_edge.png,"tf.Tensor(5.667, shape=(), dtype=float32)",5.5364776,0.005346629768610001
/tmp/DataSetCombined/Edges/Round-8_0024435_edge.png,"tf.Tensor(5.489, shape=(), dtype=float32)",5.456089,0.005346629768610001
/tmp/DataSetCombined/Edges/Round-9_0143609_edge.png,"tf.Tensor(4.957, shape=(), dtype=float32)",5.015314,0.005346629768610001
/tmp/DataSetCombined/Edges/Round-9_0194417_edge.png,"tf.Tensor(3.195, shape=(), dtype=float32)",3.2456052,0.005346629768610001
/tmp/DataSetCombined/Edges/Round-6_0069652_edge.png,"tf.Tensor(5.689, shape=(), dtype=float32)",5.536469,0.005346629768610001
/tmp/DataSetCombined/Edges/Round-2_0033200_edge.png,"tf.Tensor(2.738, shape=(), dtype=float32)",2.8486207,0.005346629768610001
/tmp/DataSetCombined/Edges/Round-9_0149268_edge.png,"tf.Tensor(5.135, shape=(), dtype=float32)",5.322743,0.005346629768610001
/tmp/DataSetCombined/Edges/Round-10_0082746_edge.png,"tf.Tensor(2.605, shape=(), dtype=float32)",2.7594633,0.005346629768610001
/tmp/DataSetCombined/Edges/Round-6_0047500_edge.png,"tf.Tensor(5.111, shape=(), dtype=float32)",5.313969,0.005346629768610001
/tmp/DataSetCombined/Edges/Round-9_0150923_edge.png,"tf.Tensor(5.036, shape=(), dtype=float32)",5.187904,0.005346629768610001
/tmp/DataSetCombined/Edges/Round-9_0128529_edge.png,"tf.Tensor(5.377, shape=(), dtype=float32)",5.5133967,0.005346629768610001
/tmp/DataSetCombined/Edges/Round-9_0055477_edge.png,"tf.Tensor(5.533, shape=(), dtype=float32)",5.564295,0.005346629768610001
/tmp/DataSetCombined/Edges/Round-3_0015804_edge.png,"tf.Tensor(5.454, shape=(), dtype=float32)",5.5361075,0.005346629768610001
/tmp/DataSetCombined/Edges/Round-4_0055386_edge.png,"tf.Tensor(3.488, shape=(), dtype=float32)",3.5892322,0.005346629768610001
/tmp/DataSetCombined/Edges/Round-4_0084613_edge.png,"tf.Tensor(5.645, shape=(), dtype=float32)",5.502216,0.005346629768610001
/tmp/DataSetCombined/Edges/Round-8_0023746_edge.png,"tf.Tensor(1.978, shape=(), dtype=float32)",2.0310445,0.005346629768610001
/tmp/DataSetCombined/Edges/Round-8_0070759_edge.png,"tf.Tensor(2.387, shape=(), dtype=float32)",2.5412822,0.005269356071949005
/tmp/DataSetCombined/Edges/Round-9_0162210_edge.png,"tf.Tensor(1.813, shape=(), dtype=float32)",1.8734467,0.005269356071949005
/tmp/DataSetCombined/Edges/Round-8_0057063_edge.png,"tf.Tensor(2.548, shape=(), dtype=float32)",2.5659149,0.005269356071949005
/tmp/DataSetCombined/Edges/Round-10_0148936_edge.png,"tf.Tensor(5.224, shape=(), dtype=float32)",5.2176476,0.005269356071949005
/tmp/DataSetCombined/Edges/Round-3_0073294_edge.png,"tf.Tensor(5.154, shape=(), dtype=float32)",5.1458607,0.005269356071949005
/tmp/DataSetCombined/Edges/Round-7_0089310_edge.png,"tf.Tensor(2.787, shape=(), dtype=float32)",2.8769639,0.005269356071949005
/tmp/DataSetCombined/Edges/Round-6_0126752_edge.png,"tf.Tensor(5.079, shape=(), dtype=float32)",5.181759,0.005269356071949005
/tmp/DataSetCombined/Edges/Round-3_0069742_edge.png,"tf.Tensor(4.792, shape=(), dtype=float32)",4.950494,0.005269356071949005
/tmp/DataSetCombined/Edges/Round-10_0163143_edge.png,"tf.Tensor(4.567, shape=(), dtype=float32)",4.679756,0.005269356071949005
/tmp/DataSetCombined/Edges/Round-3_0051653_edge.png,"tf.Tensor(2.237, shape=(), dtype=float32)",2.230626,0.005269356071949005
/tmp/DataSetCombined/Edges/Round-9_0163264_edge.png,"tf.Tensor(5.572, shape=(), dtype=float32)",5.526833,0.005269356071949005
/tmp/DataSetCombined/Edges/Round-8_0037480_edge.png,"tf.Tensor(1.527, shape=(), dtype=float32)",1.7011178,0.005269356071949005
/tmp/DataSetCombined/Edges/Round-3_0044790_edge.png,"tf.Tensor(5.541, shape=(), dtype=float32)",5.598293,0.005269356071949005
/tmp/DataSetCombined/Edges/Round-8_0039817_edge.png,"tf.Tensor(5.657, shape=(), dtype=float32)",5.533551,0.005269356071949005
/tmp/DataSetCombined/Edges/Round-6_0025075_edge.png,"tf.Tensor(5.164, shape=(), dtype=float32)",5.1530786,0.005269356071949005
/tmp/DataSetCombined/Edges/Round-5_0011264_edge.png,"tf.Tensor(3.417, shape=(), dtype=float32)",3.5041802,0.005269356071949005
/tmp/DataSetCombined/Edges/Round-10_0090332_edge.png,"tf.Tensor(2.477, shape=(), dtype=float32)",2.6151402,0.005269356071949005
/tmp/DataSetCombined/Edges/Round-10_0036002_edge.png,"tf.Tensor(5.208, shape=(), dtype=float32)",5.20974,0.005269356071949005
/tmp/DataSetCombined/Edges/Round-5_0031521_edge.png,"tf.Tensor(5.152, shape=(), dtype=float32)",5.1352015,0.005269356071949005
/tmp/DataSetCombined/Edges/Round-6_0079525_edge.png,"tf.Tensor(5.482, shape=(), dtype=float32)",5.457813,0.005269356071949005
/tmp/DataSetCombined/Edges/Round-9_0159682_edge.png,"tf.Tensor(4.601, shape=(), dtype=float32)",4.8612256,0.005269356071949005
/tmp/DataSetCombined/Edges/Round-10_0166935_edge.png,"tf.Tensor(1.711, shape=(), dtype=float32)",1.8416829,0.005269356071949005
/tmp/DataSetCombined/Edges/Round-1_0128650_edge.png,"tf.Tensor(2.083, shape=(), dtype=float32)",2.14972,0.005269356071949005
/tmp/DataSetCombined/Edges/Round-1_0024567_edge.png,"tf.Tensor(5.032, shape=(), dtype=float32)",5.1689286,0.005269356071949005
/tmp/DataSetCombined/Edges/Round-10_0032420_edge.png,"tf.Tensor(1.643, shape=(), dtype=float32)",1.7062947,0.005269356071949005
/tmp/DataSetCombined/Edges/Round-10_0118625_edge.png,"tf.Tensor(5.064, shape=(), dtype=float32)",5.1907463,0.005269356071949005
/tmp/DataSetCombined/Edges/Round-8_0006425_edge.png,"tf.Tensor(2.586, shape=(), dtype=float32)",2.7258523,0.005269356071949005
/tmp/DataSetCombined/Edges/Round-8_0049189_edge.png,"tf.Tensor(5.344, shape=(), dtype=float32)",5.3627057,0.005269356071949005
/tmp/DataSetCombined/Edges/Round-1_0133737_edge.png,"tf.Tensor(5.655, shape=(), dtype=float32)",5.513762,0.005269356071949005
/tmp/DataSetCombined/Edges/Round-1_0095601_edge.png,"tf.Tensor(5.138, shape=(), dtype=float32)",5.3098526,0.005269356071949005
/tmp/DataSetCombined/Edges/Round-1_0159321_edge.png,"tf.Tensor(5.518, shape=(), dtype=float32)",5.55887,0.005269356071949005
/tmp/DataSetCombined/Edges/Round-2_0067710_edge.png,"tf.Tensor(5.65, shape=(), dtype=float32)",5.529459,0.005269356071949005
/tmp/DataSetCombined/Edges/Round-7_0077239_edge.png,"tf.Tensor(5.035, shape=(), dtype=float32)",5.1843166,0.005269356071949005
/tmp/DataSetCombined/Edges/Round-1_0078805_edge.png,"tf.Tensor(2.767, shape=(), dtype=float32)",2.93894,0.005269356071949005
/tmp/DataSetCombined/Edges/Round-8_0088638_edge.png,"tf.Tensor(2.671, shape=(), dtype=float32)",2.8946865,0.005269356071949005
/tmp/DataSetCombined/Edges/Round-9_0040759_edge.png,"tf.Tensor(2.319, shape=(), dtype=float32)",2.4343305,0.005269356071949005
/tmp/DataSetCombined/Edges/Round-6_0011350_edge.png,"tf.Tensor(2.868, shape=(), dtype=float32)",2.8657115,0.005269356071949005
/tmp/DataSetCombined/Edges/Round-8_0083160_edge.png,"tf.Tensor(3.826, shape=(), dtype=float32)",4.0718665,0.005269356071949005
/tmp/DataSetCombined/Edges/Round-2_0066355_edge.png,"tf.Tensor(2.951, shape=(), dtype=float32)",3.0395498,0.005269356071949005
/tmp/DataSetCombined/Edges/Round-2_0078201_edge.png,"tf.Tensor(5.419, shape=(), dtype=float32)",5.408359,0.005269356071949005
/tmp/DataSetCombined/Edges/Round-10_0197488_edge.png,"tf.Tensor(2.689, shape=(), dtype=float32)",2.8993945,0.005269356071949005
/tmp/DataSetCombined/Edges/Round-6_0041552_edge.png,"tf.Tensor(5.037, shape=(), dtype=float32)",5.175792,0.005269356071949005
/tmp/DataSetCombined/Edges/Round-10_0059058_edge.png,"tf.Tensor(5.01, shape=(), dtype=float32)",5.1664667,0.005269356071949005
/tmp/DataSetCombined/Edges/Round-8_0079518_edge.png,"tf.Tensor(2.739, shape=(), dtype=float32)",2.7692845,0.005269356071949005
/tmp/DataSetCombined/Edges/Round-6_0060653_edge.png,"tf.Tensor(5.503, shape=(), dtype=float32)",5.562224,0.005269356071949005
/tmp/DataSetCombined/Edges/Round-1_0158780_edge.png,"tf.Tensor(5.56, shape=(), dtype=float32)",5.476376,0.005269356071949005
/tmp/DataSetCombined/Edges/Round-3_0079826_edge.png,"tf.Tensor(4.263, shape=(), dtype=float32)",4.424003,0.005269356071949005
/tmp/DataSetCombined/Edges/Round-10_0047771_edge.png,"tf.Tensor(5.517, shape=(), dtype=float32)",5.4950013,0.005269356071949005
/tmp/DataSetCombined/Edges/Round-7_0021736_edge.png,"tf.Tensor(5.159, shape=(), dtype=float32)",5.1374354,0.005269356071949005
/tmp/DataSetCombined/Edges/Round-8_0042676_edge.png,"tf.Tensor(3.009, shape=(), dtype=float32)",3.093692,0.005269356071949005
/tmp/DataSetCombined/Edges/Round-6_0002031_edge.png,"tf.Tensor(5.57, shape=(), dtype=float32)",5.532307,0.005269356071949005
/tmp/DataSetCombined/Edges/Round-3_0002734_edge.png,"tf.Tensor(4.319, shape=(), dtype=float32)",4.5009255,0.005269356071949005
/tmp/DataSetCombined/Edges/Round-1_0071000_edge.png,"tf.Tensor(2.239, shape=(), dtype=float32)",2.3544185,0.005269356071949005
/tmp/DataSetCombined/Edges/Round-7_0054604_edge.png,"tf.Tensor(2.046, shape=(), dtype=float32)",2.1316082,0.005269356071949005
/tmp/DataSetCombined/Edges/Round-10_0053008_edge.png,"tf.Tensor(5.676, shape=(), dtype=float32)",5.6460032,0.005269356071949005
/tmp/DataSetCombined/Edges/Round-7_0123683_edge.png,"tf.Tensor(5.664, shape=(), dtype=float32)",5.531631,0.005269356071949005
/tmp/DataSetCombined/Edges/Round-6_0073505_edge.png,"tf.Tensor(2.221, shape=(), dtype=float32)",2.300673,0.005269356071949005
/tmp/DataSetCombined/Edges/Round-3_0050870_edge.png,"tf.Tensor(2.496, shape=(), dtype=float32)",2.6379218,0.005269356071949005
/tmp/DataSetCombined/Edges/Round-10_0003304_edge.png,"tf.Tensor(2.919, shape=(), dtype=float32)",3.0339916,0.005269356071949005
/tmp/DataSetCombined/Edges/Round-1_0122359_edge.png,"tf.Tensor(3.273, shape=(), dtype=float32)",3.400824,0.005269356071949005
/tmp/DataSetCombined/Edges/Round-1_0006434_edge.png,"tf.Tensor(5.527, shape=(), dtype=float32)",5.5721164,0.005269356071949005
/tmp/DataSetCombined/Edges/Round-3_0066853_edge.png,"tf.Tensor(5.036, shape=(), dtype=float32)",5.1882176,0.005269356071949005
/tmp/DataSetCombined/Edges/Round-9_0011201_edge.png,"tf.Tensor(5.221, shape=(), dtype=float32)",5.3120866,0.005269356071949005
/tmp/DataSetCombined/Edges/Round-3_0051502_edge.png,"tf.Tensor(5.069, shape=(), dtype=float32)",5.1826363,0.005269356071949005
/tmp/DataSetCombined/Edges/Round-3_0075100_edge.png,"tf.Tensor(1.98, shape=(), dtype=float32)",2.045357,0.004518285393714905
/tmp/DataSetCombined/Edges/Round-9_0191377_edge.png,"tf.Tensor(2.054, shape=(), dtype=float32)",1.9804856,0.004518285393714905
/tmp/DataSetCombined/Edges/Round-8_0045023_edge.png,"tf.Tensor(5.448, shape=(), dtype=float32)",5.5358977,0.004518285393714905
/tmp/DataSetCombined/Edges/Round-2_0071442_edge.png,"tf.Tensor(5.117, shape=(), dtype=float32)",5.2691956,0.004518285393714905
/tmp/DataSetCombined/Edges/Round-10_0124434_edge.png,"tf.Tensor(5.664, shape=(), dtype=float32)",5.633043,0.004518285393714905
/tmp/DataSetCombined/Edges/Round-8_0016158_edge.png,"tf.Tensor(1.712, shape=(), dtype=float32)",1.8319457,0.004518285393714905
/tmp/DataSetCombined/Edges/Round-8_0046258_edge.png,"tf.Tensor(5.291, shape=(), dtype=float32)",5.466901,0.004518285393714905
/tmp/DataSetCombined/Edges/Round-5_0071553_edge.png,"tf.Tensor(4.152, shape=(), dtype=float32)",4.302513,0.004518285393714905
/tmp/DataSetCombined/Edges/Round-10_0038079_edge.png,"tf.Tensor(5.035, shape=(), dtype=float32)",5.172493,0.004518285393714905
/tmp/DataSetCombined/Edges/Round-3_0063843_edge.png,"tf.Tensor(4.785, shape=(), dtype=float32)",4.9186897,0.004518285393714905
/tmp/DataSetCombined/Edges/Round-5_0043473_edge.png,"tf.Tensor(2.84, shape=(), dtype=float32)",2.881117,0.004518285393714905
/tmp/DataSetCombined/Edges/Round-1_0048334_edge.png,"tf.Tensor(2.885, shape=(), dtype=float32)",2.8847773,0.004518285393714905
/tmp/DataSetCombined/Edges/Round-4_0002863_edge.png,"tf.Tensor(4.13, shape=(), dtype=float32)",4.2890863,0.004518285393714905
/tmp/DataSetCombined/Edges/Round-10_0002304_edge.png,"tf.Tensor(4.431, shape=(), dtype=float32)",4.5294824,0.004518285393714905
/tmp/DataSetCombined/Edges/Round-10_0173557_edge.png,"tf.Tensor(5.154, shape=(), dtype=float32)",5.134354,0.004518285393714905
/tmp/DataSetCombined/Edges/Round-8_0029805_edge.png,"tf.Tensor(3.334, shape=(), dtype=float32)",3.418824,0.004518285393714905
/tmp/DataSetCombined/Edges/Round-6_0106043_edge.png,"tf.Tensor(5.506, shape=(), dtype=float32)",5.5955873,0.004518285393714905
/tmp/DataSetCombined/Edges/Round-5_0048166_edge.png,"tf.Tensor(5.586, shape=(), dtype=float32)",5.6155224,0.004518285393714905
/tmp/DataSetCombined/Edges/Round-3_0058787_edge.png,"tf.Tensor(5.343, shape=(), dtype=float32)",5.3479466,0.004518285393714905
/tmp/DataSetCombined/Edges/Round-9_0112186_edge.png,"tf.Tensor(2.188, shape=(), dtype=float32)",2.2548757,0.004518285393714905
/tmp/DataSetCombined/Edges/Round-6_0062158_edge.png,"tf.Tensor(5.346, shape=(), dtype=float32)",5.354226,0.004518285393714905
/tmp/DataSetCombined/Edges/Round-5_0023214_edge.png,"tf.Tensor(4.956, shape=(), dtype=float32)",5.039848,0.004518285393714905
/tmp/DataSetCombined/Edges/Round-1_0092229_edge.png,"tf.Tensor(4.624, shape=(), dtype=float32)",4.8732915,0.004518285393714905
/tmp/DataSetCombined/Edges/Round-4_0017943_edge.png,"tf.Tensor(1.565, shape=(), dtype=float32)",1.7360263,0.004518285393714905
/tmp/DataSetCombined/Edges/Round-7_0005692_edge.png,"tf.Tensor(3.019, shape=(), dtype=float32)",3.091811,0.004518285393714905
/tmp/DataSetCombined/Edges/Round-10_0069984_edge.png,"tf.Tensor(5.034, shape=(), dtype=float32)",5.189762,0.004518285393714905
/tmp/DataSetCombined/Edges/Round-5_0050724_edge.png,"tf.Tensor(2.508, shape=(), dtype=float32)",2.7616065,0.004518285393714905
/tmp/DataSetCombined/Edges/Round-7_0039314_edge.png,"tf.Tensor(5.448, shape=(), dtype=float32)",5.4437103,0.004518285393714905
/tmp/DataSetCombined/Edges/Round-9_0099754_edge.png,"tf.Tensor(5.365, shape=(), dtype=float32)",5.352852,0.004518285393714905
/tmp/DataSetCombined/Edges/Round-2_0072315_edge.png,"tf.Tensor(4.415, shape=(), dtype=float32)",4.476109,0.004518285393714905
/tmp/DataSetCombined/Edges/Round-4_0014692_edge.png,"tf.Tensor(5.58, shape=(), dtype=float32)",5.541795,0.004518285393714905
/tmp/DataSetCombined/Edges/Round-1_0025934_edge.png,"tf.Tensor(4.62, shape=(), dtype=float32)",4.881101,0.004518285393714905
/tmp/DataSetCombined/Edges/Round-1_0075946_edge.png,"tf.Tensor(1.994, shape=(), dtype=float32)",2.034082,0.004518285393714905
/tmp/DataSetCombined/Edges/Round-6_0110873_edge.png,"tf.Tensor(3.543, shape=(), dtype=float32)",3.6842206,0.004518285393714905
/tmp/DataSetCombined/Edges/Round-7_0044130_edge.png,"tf.Tensor(4.392, shape=(), dtype=float32)",4.49107,0.004518285393714905
/tmp/DataSetCombined/Edges/Round-8_0016399_edge.png,"tf.Tensor(1.95, shape=(), dtype=float32)",2.0096488,0.004518285393714905
/tmp/DataSetCombined/Edges/Round-8_0033977_edge.png,"tf.Tensor(5.404, shape=(), dtype=float32)",5.4231334,0.004518285393714905
/tmp/DataSetCombined/Edges/Round-7_0122268_edge.png,"tf.Tensor(2.193, shape=(), dtype=float32)",2.2821338,0.004518285393714905
/tmp/DataSetCombined/Edges/Round-10_0098882_edge.png,"tf.Tensor(4.781, shape=(), dtype=float32)",4.946235,0.004518285393714905
/tmp/DataSetCombined/Edges/Round-10_0121575_edge.png,"tf.Tensor(4.751, shape=(), dtype=float32)",4.9686465,0.004518285393714905
/tmp/DataSetCombined/Edges/Round-6_0064716_edge.png,"tf.Tensor(2.257, shape=(), dtype=float32)",2.2106519,0.004518285393714905
/tmp/DataSetCombined/Edges/Round-5_0074834_edge.png,"tf.Tensor(4.541, shape=(), dtype=float32)",4.6577415,0.004518285393714905
/tmp/DataSetCombined/Edges/Round-8_0086351_edge.png,"tf.Tensor(3.909, shape=(), dtype=float32)",4.100194,0.004518285393714905
/tmp/DataSetCombined/Edges/Round-8_0060115_edge.png,"tf.Tensor(2.849, shape=(), dtype=float32)",2.8650224,0.004518285393714905
/tmp/DataSetCombined/Edges/Round-10_0196403_edge.png,"tf.Tensor(2.395, shape=(), dtype=float32)",2.3735173,0.004518285393714905
/tmp/DataSetCombined/Edges/Round-8_0055130_edge.png,"tf.Tensor(5.342, shape=(), dtype=float32)",5.350615,0.004518285393714905
/tmp/DataSetCombined/Edges/Round-7_0028418_edge.png,"tf.Tensor(2.04, shape=(), dtype=float32)",1.9698557,0.004518285393714905
/tmp/DataSetCombined/Edges/Round-8_0021889_edge.png,"tf.Tensor(1.718, shape=(), dtype=float32)",1.7831395,0.004518285393714905
/tmp/DataSetCombined/Edges/Round-2_0099073_edge.png,"tf.Tensor(3.783, shape=(), dtype=float32)",3.9764798,0.004518285393714905
/tmp/DataSetCombined/Edges/Round-2_0084716_edge.png,"tf.Tensor(5.421, shape=(), dtype=float32)",5.454011,0.004518285393714905
/tmp/DataSetCombined/Edges/Round-8_0027686_edge.png,"tf.Tensor(5.585, shape=(), dtype=float32)",5.4915757,0.004518285393714905
/tmp/DataSetCombined/Edges/Round-9_0160374_edge.png,"tf.Tensor(5.365, shape=(), dtype=float32)",5.4948573,0.004518285393714905
/tmp/DataSetCombined/Edges/Round-9_0053551_edge.png,"tf.Tensor(5.408, shape=(), dtype=float32)",5.555323,0.004518285393714905
/tmp/DataSetCombined/Edges/Round-9_0021555_edge.png,"tf.Tensor(5.562, shape=(), dtype=float32)",5.475261,0.004518285393714905
/tmp/DataSetCombined/Edges/Round-5_0073510_edge.png,"tf.Tensor(1.901, shape=(), dtype=float32)",1.9208938,0.004518285393714905
/tmp/DataSetCombined/Edges/Round-7_0051083_edge.png,"tf.Tensor(1.933, shape=(), dtype=float32)",1.9820133,0.004518285393714905
/tmp/DataSetCombined/Edges/Round-10_0163926_edge.png,"tf.Tensor(2.918, shape=(), dtype=float32)",2.9292936,0.004518285393714905
/tmp/DataSetCombined/Edges/Round-7_0125278_edge.png,"tf.Tensor(5.544, shape=(), dtype=float32)",5.5861506,0.004518285393714905
/tmp/DataSetCombined/Edges/Round-6_0043044_edge.png,"tf.Tensor(3.833, shape=(), dtype=float32)",4.054593,0.004518285393714905
/tmp/DataSetCombined/Edges/Round-10_0074770_edge.png,"tf.Tensor(5.446, shape=(), dtype=float32)",5.5422387,0.004518285393714905
/tmp/DataSetCombined/Edges/Round-4_0080489_edge.png,"tf.Tensor(5.346, shape=(), dtype=float32)",5.363821,0.004518285393714905
/tmp/DataSetCombined/Edges/Round-4_0059601_edge.png,"tf.Tensor(5.679, shape=(), dtype=float32)",5.5360513,0.004518285393714905
/tmp/DataSetCombined/Edges/Round-5_0031732_edge.png,"tf.Tensor(4.531, shape=(), dtype=float32)",4.66919,0.004518285393714905
/tmp/DataSetCombined/Edges/Round-1_0103698_edge.png,"tf.Tensor(2.773, shape=(), dtype=float32)",2.833766,0.004518285393714905
/tmp/DataSetCombined/Edges/Round-10_0120552_edge.png,"tf.Tensor(2.51, shape=(), dtype=float32)",2.4521668,0.005689665675163269
/tmp/DataSetCombined/Edges/Round-8_0073829_edge.png,"tf.Tensor(2.233, shape=(), dtype=float32)",2.0669558,0.005689665675163269
/tmp/DataSetCombined/Edges/Round-10_0096712_edge.png,"tf.Tensor(5.56, shape=(), dtype=float32)",5.4670596,0.005689665675163269
/tmp/DataSetCombined/Edges/Round-1_0004549_edge.png,"tf.Tensor(3.312, shape=(), dtype=float32)",3.4364905,0.005689665675163269
/tmp/DataSetCombined/Edges/Round-8_0030181_edge.png,"tf.Tensor(4.827, shape=(), dtype=float32)",4.93885,0.005689665675163269
/tmp/DataSetCombined/Edges/Round-5_0019060_edge.png,"tf.Tensor(2.006, shape=(), dtype=float32)",1.9747692,0.005689665675163269
/tmp/DataSetCombined/Edges/Round-1_0155168_edge.png,"tf.Tensor(5.077, shape=(), dtype=float32)",5.186092,0.005689665675163269
/tmp/DataSetCombined/Edges/Round-8_0076387_edge.png,"tf.Tensor(3.213, shape=(), dtype=float32)",3.3814428,0.005689665675163269
/tmp/DataSetCombined/Edges/Round-9_0099543_edge.png,"tf.Tensor(4.768, shape=(), dtype=float32)",4.9695315,0.005689665675163269
/tmp/DataSetCombined/Edges/Round-8_0017915_edge.png,"tf.Tensor(4.398, shape=(), dtype=float32)",4.6283336,0.005689665675163269
/tmp/DataSetCombined/Edges/Round-9_0050962_edge.png,"tf.Tensor(2.307, shape=(), dtype=float32)",2.3237414,0.005689665675163269
/tmp/DataSetCombined/Edges/Round-10_0100626_edge.png,"tf.Tensor(3.374, shape=(), dtype=float32)",3.5899203,0.005689665675163269
/tmp/DataSetCombined/Edges/Round-7_0124646_edge.png,"tf.Tensor(2.541, shape=(), dtype=float32)",2.6530502,0.005689665675163269
/tmp/DataSetCombined/Edges/Round-10_0045182_edge.png,"tf.Tensor(2.753, shape=(), dtype=float32)",2.81129,0.005689665675163269
/tmp/DataSetCombined/Edges/Round-1_0048434_edge.png,"tf.Tensor(5.034, shape=(), dtype=float32)",5.1847167,0.005689665675163269
/tmp/DataSetCombined/Edges/Round-9_0033264_edge.png,"tf.Tensor(2.657, shape=(), dtype=float32)",2.7243798,0.005689665675163269
/tmp/DataSetCombined/Edges/Round-9_0011623_edge.png,"tf.Tensor(2.732, shape=(), dtype=float32)",2.9247177,0.005689665675163269
/tmp/DataSetCombined/Edges/Round-5_0091720_edge.png,"tf.Tensor(1.991, shape=(), dtype=float32)",2.0923429,0.005689665675163269
/tmp/DataSetCombined/Edges/Round-1_0165823_edge.png,"tf.Tensor(2.92, shape=(), dtype=float32)",3.041816,0.005689665675163269
/tmp/DataSetCombined/Edges/Round-8_0005758_edge.png,"tf.Tensor(5.462, shape=(), dtype=float32)",5.441179,0.005689665675163269
/tmp/DataSetCombined/Edges/Round-1_0004940_edge.png,"tf.Tensor(5.039, shape=(), dtype=float32)",5.2011857,0.005689665675163269
/tmp/DataSetCombined/Edges/Round-3_0053634_edge.png,"tf.Tensor(2.995, shape=(), dtype=float32)",3.075544,0.005689665675163269
/tmp/DataSetCombined/Edges/Round-2_0053683_edge.png,"tf.Tensor(2.0, shape=(), dtype=float32)",2.0357335,0.005689665675163269
/tmp/DataSetCombined/Edges/Round-8_0010710_edge.png,"tf.Tensor(2.031, shape=(), dtype=float32)",2.0540712,0.005689665675163269
/tmp/DataSetCombined/Edges/Round-2_0093926_edge.png,"tf.Tensor(3.156, shape=(), dtype=float32)",3.213651,0.005689665675163269
/tmp/DataSetCombined/Edges/Round-8_0047793_edge.png,"tf.Tensor(5.561, shape=(), dtype=float32)",5.4797797,0.005689665675163269
/tmp/DataSetCombined/Edges/Round-10_0098278_edge.png,"tf.Tensor(4.738, shape=(), dtype=float32)",4.876171,0.005689665675163269
/tmp/DataSetCombined/Edges/Round-8_0059953_edge.png,"tf.Tensor(5.041, shape=(), dtype=float32)",5.1142993,0.005689665675163269
/tmp/DataSetCombined/Edges/Round-8_0025440_edge.png,"tf.Tensor(2.374, shape=(), dtype=float32)",2.4863255,0.005689665675163269
/tmp/DataSetCombined/Edges/Round-8_0044374_edge.png,"tf.Tensor(3.082, shape=(), dtype=float32)",3.0147595,0.005689665675163269
/tmp/DataSetCombined/Edges/Round-2_0072375_edge.png,"tf.Tensor(3.504, shape=(), dtype=float32)",3.679849,0.005689665675163269
/tmp/DataSetCombined/Edges/Round-1_0140667_edge.png,"tf.Tensor(1.925, shape=(), dtype=float32)",1.9225078,0.005689665675163269
/tmp/DataSetCombined/Edges/Round-10_0050510_edge.png,"tf.Tensor(4.956, shape=(), dtype=float32)",5.2111554,0.005689665675163269
/tmp/DataSetCombined/Edges/Round-10_0188216_edge.png,"tf.Tensor(5.57, shape=(), dtype=float32)",5.5312934,0.005689665675163269
/tmp/DataSetCombined/Edges/Round-8_0042146_edge.png,"tf.Tensor(2.65, shape=(), dtype=float32)",2.7832007,0.005689665675163269
/tmp/DataSetCombined/Edges/Round-5_0046232_edge.png,"tf.Tensor(5.009, shape=(), dtype=float32)",5.1703525,0.005689665675163269
/tmp/DataSetCombined/Edges/Round-10_0138852_edge.png,"tf.Tensor(3.537, shape=(), dtype=float32)",3.6600854,0.005689665675163269
/tmp/DataSetCombined/Edges/Round-10_0172443_edge.png,"tf.Tensor(1.931, shape=(), dtype=float32)",1.9748057,0.005689665675163269
/tmp/DataSetCombined/Edges/Round-6_0021794_edge.png,"tf.Tensor(3.503, shape=(), dtype=float32)",3.6367385,0.005689665675163269
/tmp/DataSetCombined/Edges/Round-1_0002667_edge.png,"tf.Tensor(3.88, shape=(), dtype=float32)",4.086379,0.005689665675163269
/tmp/DataSetCombined/Edges/Round-3_0026367_edge.png,"tf.Tensor(3.288, shape=(), dtype=float32)",3.4367135,0.005689665675163269
/tmp/DataSetCombined/Edges/Round-4_0042188_edge.png,"tf.Tensor(3.342, shape=(), dtype=float32)",3.5181844,0.005689665675163269
/tmp/DataSetCombined/Edges/Round-10_0068810_edge.png,"tf.Tensor(2.105, shape=(), dtype=float32)",2.0160487,0.005689665675163269
/tmp/DataSetCombined/Edges/Round-7_0074230_edge.png,"tf.Tensor(3.793, shape=(), dtype=float32)",4.0302353,0.005689665675163269
/tmp/DataSetCombined/Edges/Round-5_0055270_edge.png,"tf.Tensor(5.033, shape=(), dtype=float32)",5.274372,0.005689665675163269
/tmp/DataSetCombined/Edges/Round-10_0191707_edge.png,"tf.Tensor(2.453, shape=(), dtype=float32)",2.6063092,0.005689665675163269
/tmp/DataSetCombined/Edges/Round-1_0019300_edge.png,"tf.Tensor(2.024, shape=(), dtype=float32)",1.9642123,0.005689665675163269
/tmp/DataSetCombined/Edges/Round-7_0019719_edge.png,"tf.Tensor(3.67, shape=(), dtype=float32)",3.8353658,0.005689665675163269
/tmp/DataSetCombined/Edges/Round-10_0020380_edge.png,"tf.Tensor(3.808, shape=(), dtype=float32)",4.037805,0.005689665675163269
/tmp/DataSetCombined/Edges/Round-8_0068182_edge.png,"tf.Tensor(5.514, shape=(), dtype=float32)",5.591675,0.005689665675163269
/tmp/DataSetCombined/Edges/Round-8_0062644_edge.png,"tf.Tensor(5.446, shape=(), dtype=float32)",5.5386744,0.005689665675163269
/tmp/DataSetCombined/Edges/Round-8_0012317_edge.png,"tf.Tensor(2.516, shape=(), dtype=float32)",2.7220173,0.005689665675163269
/tmp/DataSetCombined/Edges/Round-1_0039967_edge.png,"tf.Tensor(5.306, shape=(), dtype=float32)",5.3651304,0.005689665675163269
/tmp/DataSetCombined/Edges/Round-1_0083802_edge.png,"tf.Tensor(5.396, shape=(), dtype=float32)",5.541811,0.005689665675163269
/tmp/DataSetCombined/Edges/Round-9_0194447_edge.png,"tf.Tensor(5.361, shape=(), dtype=float32)",5.402916,0.005689665675163269
/tmp/DataSetCombined/Edges/Round-8_0073239_edge.png,"tf.Tensor(2.956, shape=(), dtype=float32)",3.0586054,0.005689665675163269
/tmp/DataSetCombined/Edges/Round-2_0082850_edge.png,"tf.Tensor(2.734, shape=(), dtype=float32)",2.8549378,0.005689665675163269
/tmp/DataSetCombined/Edges/Round-4_0015805_edge.png,"tf.Tensor(2.279, shape=(), dtype=float32)",2.3922532,0.005689665675163269
/tmp/DataSetCombined/Edges/Round-5_0096897_edge.png,"tf.Tensor(5.551, shape=(), dtype=float32)",5.5860496,0.005689665675163269
/tmp/DataSetCombined/Edges/Round-3_0015924_edge.png,"tf.Tensor(5.344, shape=(), dtype=float32)",5.3590736,0.005689665675163269
/tmp/DataSetCombined/Edges/Round-6_0057523_edge.png,"tf.Tensor(5.154, shape=(), dtype=float32)",5.1222425,0.005689665675163269
/tmp/DataSetCombined/Edges/Round-8_0040388_edge.png,"tf.Tensor(3.136, shape=(), dtype=float32)",3.1669223,0.005689665675163269
/tmp/DataSetCombined/Edges/Round-7_0016739_edge.png,"tf.Tensor(3.782, shape=(), dtype=float32)",3.996465,0.005689665675163269
/tmp/DataSetCombined/Edges/Round-6_0111703_edge.png,"tf.Tensor(4.955, shape=(), dtype=float32)",5.033862,0.005689665675163269
/tmp/DataSetCombined/Edges/Round-1_0141533_edge.png,"tf.Tensor(4.978, shape=(), dtype=float32)",5.068663,0.0052645243704319
/tmp/DataSetCombined/Edges/Round-4_0020110_edge.png,"tf.Tensor(5.155, shape=(), dtype=float32)",5.1546407,0.0052645243704319
/tmp/DataSetCombined/Edges/Round-9_0094095_edge.png,"tf.Tensor(3.127, shape=(), dtype=float32)",3.1704292,0.0052645243704319
/tmp/DataSetCombined/Edges/Round-8_0032713_edge.png,"tf.Tensor(4.396, shape=(), dtype=float32)",4.5366015,0.0052645243704319
/tmp/DataSetCombined/Edges/Round-1_0147342_edge.png,"tf.Tensor(5.333, shape=(), dtype=float32)",5.3422136,0.0052645243704319
/tmp/DataSetCombined/Edges/Round-1_0045767_edge.png,"tf.Tensor(3.22, shape=(), dtype=float32)",3.344667,0.0052645243704319
/tmp/DataSetCombined/Edges/Round-5_0023003_edge.png,"tf.Tensor(4.867, shape=(), dtype=float32)",5.0817814,0.0052645243704319
/tmp/DataSetCombined/Edges/Round-8_0066888_edge.png,"tf.Tensor(2.814, shape=(), dtype=float32)",2.9664097,0.0052645243704319
/tmp/DataSetCombined/Edges/Round-9_0019508_edge.png,"tf.Tensor(4.752, shape=(), dtype=float32)",4.87094,0.0052645243704319
/tmp/DataSetCombined/Edges/Round-10_0057403_edge.png,"tf.Tensor(4.996, shape=(), dtype=float32)",5.235072,0.0052645243704319
/tmp/DataSetCombined/Edges/Round-10_0019146_edge.png,"tf.Tensor(5.572, shape=(), dtype=float32)",5.528575,0.0052645243704319
/tmp/DataSetCombined/Edges/Round-9_0051685_edge.png,"tf.Tensor(2.093, shape=(), dtype=float32)",2.123935,0.0052645243704319
/tmp/DataSetCombined/Edges/Round-3_0032981_edge.png,"tf.Tensor(5.016, shape=(), dtype=float32)",5.115646,0.0052645243704319
/tmp/DataSetCombined/Edges/Round-9_0024316_edge.png,"tf.Tensor(5.422, shape=(), dtype=float32)",5.438871,0.0052645243704319
/tmp/DataSetCombined/Edges/Round-1_0029201_edge.png,"tf.Tensor(5.249, shape=(), dtype=float32)",5.2646556,0.0052645243704319
/tmp/DataSetCombined/Edges/Round-9_0075644_edge.png,"tf.Tensor(5.516, shape=(), dtype=float32)",5.5602536,0.0052645243704319
/tmp/DataSetCombined/Edges/Round-8_0017392_edge.png,"tf.Tensor(1.979, shape=(), dtype=float32)",1.988757,0.0052645243704319
/tmp/DataSetCombined/Edges/Round-1_0048667_edge.png,"tf.Tensor(5.591, shape=(), dtype=float32)",5.5405726,0.0052645243704319
/tmp/DataSetCombined/Edges/Round-7_0004368_edge.png,"tf.Tensor(5.445, shape=(), dtype=float32)",5.531219,0.0052645243704319
/tmp/DataSetCombined/Edges/Round-3_0060321_edge.png,"tf.Tensor(1.96, shape=(), dtype=float32)",1.979954,0.0052645243704319
/tmp/DataSetCombined/Edges/Round-10_0008069_edge.png,"tf.Tensor(3.278, shape=(), dtype=float32)",3.586249,0.0052645243704319
/tmp/DataSetCombined/Edges/Round-6_0113177_edge.png,"tf.Tensor(5.191, shape=(), dtype=float32)",5.207501,0.0052645243704319
/tmp/DataSetCombined/Edges/Round-8_0043398_edge.png,"tf.Tensor(2.53, shape=(), dtype=float32)",2.7352946,0.0052645243704319
/tmp/DataSetCombined/Edges/Round-9_0171512_edge.png,"tf.Tensor(1.958, shape=(), dtype=float32)",1.8986381,0.0052645243704319
/tmp/DataSetCombined/Edges/Round-4_0085968_edge.png,"tf.Tensor(5.456, shape=(), dtype=float32)",5.530046,0.0052645243704319
/tmp/DataSetCombined/Edges/Round-10_0083800_edge.png,"tf.Tensor(3.23, shape=(), dtype=float32)",3.3864086,0.0052645243704319
/tmp/DataSetCombined/Edges/Round-10_0106826_edge.png,"tf.Tensor(3.812, shape=(), dtype=float32)",4.030247,0.0052645243704319
/tmp/DataSetCombined/Edges/Round-5_0080524_edge.png,"tf.Tensor(4.6, shape=(), dtype=float32)",4.7227054,0.0052645243704319
/tmp/DataSetCombined/Edges/Round-10_0171330_edge.png,"tf.Tensor(3.12, shape=(), dtype=float32)",3.0169566,0.0052645243704319
/tmp/DataSetCombined/Edges/Round-10_0184302_edge.png,"tf.Tensor(4.998, shape=(), dtype=float32)",5.0803847,0.0052645243704319
/tmp/DataSetCombined/Edges/Round-6_0113749_edge.png,"tf.Tensor(5.446, shape=(), dtype=float32)",5.533995,0.0052645243704319
/tmp/DataSetCombined/Edges/Round-7_0098490_edge.png,"tf.Tensor(1.93, shape=(), dtype=float32)",2.003714,0.0052645243704319
/tmp/DataSetCombined/Edges/Round-1_0103728_edge.png,"tf.Tensor(5.56, shape=(), dtype=float32)",5.476586,0.0052645243704319
/tmp/DataSetCombined/Edges/Round-10_0098971_edge.png,"tf.Tensor(2.49, shape=(), dtype=float32)",2.5343442,0.0052645243704319
/tmp/DataSetCombined/Edges/Round-3_0011620_edge.png,"tf.Tensor(2.049, shape=(), dtype=float32)",2.1366172,0.0052645243704319
/tmp/DataSetCombined/Edges/Round-8_0039351_edge.png,"tf.Tensor(1.959, shape=(), dtype=float32)",2.0238783,0.0052645243704319
/tmp/DataSetCombined/Edges/Round-5_0092533_edge.png,"tf.Tensor(3.148, shape=(), dtype=float32)",3.2132845,0.0052645243704319
/tmp/DataSetCombined/Edges/Round-4_0063634_edge.png,"tf.Tensor(5.569, shape=(), dtype=float32)",5.5352755,0.0052645243704319
/tmp/DataSetCombined/Edges/Round-1_0091057_edge.png,"tf.Tensor(5.442, shape=(), dtype=float32)",5.5363855,0.0052645243704319
/tmp/DataSetCombined/Edges/Round-9_0096653_edge.png,"tf.Tensor(5.445, shape=(), dtype=float32)",5.5289397,0.0052645243704319
/tmp/DataSetCombined/Edges/Round-2_0068500_edge.png,"tf.Tensor(1.685, shape=(), dtype=float32)",1.811915,0.0052645243704319
/tmp/DataSetCombined/Edges/Round-10_0156912_edge.png,"tf.Tensor(5.152, shape=(), dtype=float32)",5.1409674,0.0052645243704319
/tmp/DataSetCombined/Edges/Round-9_0045906_edge.png,"tf.Tensor(4.263, shape=(), dtype=float32)",4.4484696,0.0052645243704319
/tmp/DataSetCombined/Edges/Round-8_0022491_edge.png,"tf.Tensor(4.391, shape=(), dtype=float32)",4.5597773,0.0052645243704319
/tmp/DataSetCombined/Edges/Round-4_0077334_edge.png,"tf.Tensor(5.499, shape=(), dtype=float32)",5.478994,0.0052645243704319
/tmp/DataSetCombined/Edges/Round-2_0074834_edge.png,"tf.Tensor(4.838, shape=(), dtype=float32)",5.034171,0.0052645243704319
/tmp/DataSetCombined/Edges/Round-7_0136385_edge.png,"tf.Tensor(4.966, shape=(), dtype=float32)",5.208795,0.0052645243704319
/tmp/DataSetCombined/Edges/Round-6_0064024_edge.png,"tf.Tensor(5.154, shape=(), dtype=float32)",5.151913,0.0052645243704319
/tmp/DataSetCombined/Edges/Round-4_0012344_edge.png,"tf.Tensor(5.177, shape=(), dtype=float32)",5.2983356,0.0052645243704319
/tmp/DataSetCombined/Edges/Round-10_0002546_edge.png,"tf.Tensor(2.471, shape=(), dtype=float32)",2.5150497,0.0052645243704319
/tmp/DataSetCombined/Edges/Round-5_0066076_edge.png,"tf.Tensor(1.897, shape=(), dtype=float32)",1.90947,0.0052645243704319
/tmp/DataSetCombined/Edges/Round-5_0083310_edge.png,"tf.Tensor(5.019, shape=(), dtype=float32)",5.1092253,0.0052645243704319
/tmp/DataSetCombined/Edges/Round-5_0065021_edge.png,"tf.Tensor(2.648, shape=(), dtype=float32)",2.7734182,0.0052645243704319
/tmp/DataSetCombined/Edges/Round-9_0126723_edge.png,"tf.Tensor(4.105, shape=(), dtype=float32)",4.331298,0.0052645243704319
/tmp/DataSetCombined/Edges/Round-8_0068874_edge.png,"tf.Tensor(5.579, shape=(), dtype=float32)",5.533841,0.0052645243704319
/tmp/DataSetCombined/Edges/Round-8_0047083_edge.png,"tf.Tensor(3.559, shape=(), dtype=float32)",3.7489326,0.0052645243704319
/tmp/DataSetCombined/Edges/Round-1_0163596_edge.png,"tf.Tensor(4.957, shape=(), dtype=float32)",5.046038,0.0052645243704319
/tmp/DataSetCombined/Edges/Round-10_0047199_edge.png,"tf.Tensor(5.062, shape=(), dtype=float32)",5.2061687,0.0052645243704319
/tmp/DataSetCombined/Edges/Round-4_0011682_edge.png,"tf.Tensor(2.864, shape=(), dtype=float32)",2.8758538,0.0052645243704319
/tmp/DataSetCombined/Edges/Round-1_0121943_edge.png,"tf.Tensor(3.098, shape=(), dtype=float32)",3.0199547,0.0052645243704319
/tmp/DataSetCombined/Edges/Round-5_0073299_edge.png,"tf.Tensor(5.153, shape=(), dtype=float32)",5.149553,0.0052645243704319
/tmp/DataSetCombined/Edges/Round-3_0063602_edge.png,"tf.Tensor(5.386, shape=(), dtype=float32)",5.3751483,0.0052645243704319
/tmp/DataSetCombined/Edges/Round-1_0119379_edge.png,"tf.Tensor(5.664, shape=(), dtype=float32)",5.639126,0.0052645243704319
/tmp/DataSetCombined/Edges/Round-1_0155410_edge.png,"tf.Tensor(5.34, shape=(), dtype=float32)",5.3439474,0.0052645243704319
/tmp/DataSetCombined/Edges/Round-7_0068932_edge.png,"tf.Tensor(3.291, shape=(), dtype=float32)",3.4449885,0.0056953951716423035
/tmp/DataSetCombined/Edges/Round-4_0077239_edge.png,"tf.Tensor(2.555, shape=(), dtype=float32)",2.7930634,0.0056953951716423035
/tmp/DataSetCombined/Edges/Round-9_0105834_edge.png,"tf.Tensor(1.948, shape=(), dtype=float32)",1.9433011,0.0056953951716423035
/tmp/DataSetCombined/Edges/Round-9_0130555_edge.png,"tf.Tensor(4.427, shape=(), dtype=float32)",4.5647206,0.0056953951716423035
/tmp/DataSetCombined/Edges/Round-3_0026934_edge.png,"tf.Tensor(5.41, shape=(), dtype=float32)",5.393678,0.0056953951716423035
/tmp/DataSetCombined/Edges/Round-7_0014692_edge.png,"tf.Tensor(4.975, shape=(), dtype=float32)",5.222341,0.0056953951716423035
/tmp/DataSetCombined/Edges/Round-6_0129770_edge.png,"tf.Tensor(4.461, shape=(), dtype=float32)",4.554258,0.0056953951716423035
/tmp/DataSetCombined/Edges/Round-3_0045267_edge.png,"tf.Tensor(5.376, shape=(), dtype=float32)",5.415733,0.0056953951716423035
/tmp/DataSetCombined/Edges/Round-7_0082085_edge.png,"tf.Tensor(4.736, shape=(), dtype=float32)",4.855079,0.0056953951716423035
/tmp/DataSetCombined/Edges/Round-2_0053231_edge.png,"tf.Tensor(2.699, shape=(), dtype=float32)",2.8353708,0.0056953951716423035
/tmp/DataSetCombined/Edges/Round-2_0109488_edge.png,"tf.Tensor(5.34, shape=(), dtype=float32)",5.4831185,0.0056953951716423035
/tmp/DataSetCombined/Edges/Round-10_0054844_edge.png,"tf.Tensor(5.478, shape=(), dtype=float32)",5.448256,0.0056953951716423035
/tmp/DataSetCombined/Edges/Round-10_0184995_edge.png,"tf.Tensor(4.179, shape=(), dtype=float32)",4.4089737,0.0056953951716423035
/tmp/DataSetCombined/Edges/Round-1_0101320_edge.png,"tf.Tensor(5.673, shape=(), dtype=float32)",5.5296197,0.0056953951716423035
/tmp/DataSetCombined/Edges/Round-5_0126395_edge.png,"tf.Tensor(5.557, shape=(), dtype=float32)",5.5889783,0.0056953951716423035
/tmp/DataSetCombined/Edges/Round-8_0075635_edge.png,"tf.Tensor(2.343, shape=(), dtype=float32)",2.4874504,0.0056953951716423035
/tmp/DataSetCombined/Edges/Round-1_0154716_edge.png,"tf.Tensor(5.08, shape=(), dtype=float32)",5.2922416,0.0056953951716423035
/tmp/DataSetCombined/Edges/Round-7_0017070_edge.png,"tf.Tensor(5.625, shape=(), dtype=float32)",5.625189,0.0056953951716423035
/tmp/DataSetCombined/Edges/Round-7_0033980_edge.png,"tf.Tensor(2.877, shape=(), dtype=float32)",2.9002864,0.0056953951716423035
/tmp/DataSetCombined/Edges/Round-1_0069134_edge.png,"tf.Tensor(1.529, shape=(), dtype=float32)",1.6946583,0.0056953951716423035
/tmp/DataSetCombined/Edges/Round-8_0066346_edge.png,"tf.Tensor(4.797, shape=(), dtype=float32)",4.968023,0.0056953951716423035
/tmp/DataSetCombined/Edges/Round-7_0006987_edge.png,"tf.Tensor(4.799, shape=(), dtype=float32)",5.097593,0.0056953951716423035
/tmp/DataSetCombined/Edges/Round-7_0085757_edge.png,"tf.Tensor(2.509, shape=(), dtype=float32)",2.7591453,0.0056953951716423035
/tmp/DataSetCombined/Edges/Round-7_0061738_edge.png,"tf.Tensor(5.565, shape=(), dtype=float32)",5.4759274,0.0056953951716423035
/tmp/DataSetCombined/Edges/Round-1_0147883_edge.png,"tf.Tensor(4.708, shape=(), dtype=float32)",4.812356,0.0056953951716423035
/tmp/DataSetCombined/Edges/Round-10_0022638_edge.png,"tf.Tensor(5.549, shape=(), dtype=float32)",5.499808,0.0056953951716423035
/tmp/DataSetCombined/Edges/Round-7_0086209_edge.png,"tf.Tensor(2.49, shape=(), dtype=float32)",2.653364,0.0056953951716423035
/tmp/DataSetCombined/Edges/Round-9_0189631_edge.png,"tf.Tensor(3.118, shape=(), dtype=float32)",3.0261736,0.0056953951716423035
/tmp/DataSetCombined/Edges/Round-5_0103549_edge.png,"tf.Tensor(5.469, shape=(), dtype=float32)",5.441179,0.0056953951716423035
/tmp/DataSetCombined/Edges/Round-8_0014111_edge.png,"tf.Tensor(2.007, shape=(), dtype=float32)",2.037398,0.0056953951716423035
/tmp/DataSetCombined/Edges/Round-6_0129822_edge.png,"tf.Tensor(3.058, shape=(), dtype=float32)",3.1022336,0.0056953951716423035
/tmp/DataSetCombined/Edges/Round-10_0164196_edge.png,"tf.Tensor(3.509, shape=(), dtype=float32)",3.6816425,0.0056953951716423035
/tmp/DataSetCombined/Edges/Round-10_0120702_edge.png,"tf.Tensor(5.232, shape=(), dtype=float32)",5.4334874,0.0056953951716423035
/tmp/DataSetCombined/Edges/Round-4_0005963_edge.png,"tf.Tensor(5.036, shape=(), dtype=float32)",5.1741304,0.0056953951716423035
/tmp/DataSetCombined/Edges/Round-9_0092831_edge.png,"tf.Tensor(3.274, shape=(), dtype=float32)",3.3921096,0.0056953951716423035
/tmp/DataSetCombined/Edges/Round-5_0076972_edge.png,"tf.Tensor(5.492, shape=(), dtype=float32)",5.4630094,0.0056953951716423035
/tmp/DataSetCombined/Edges/Round-9_0116610_edge.png,"tf.Tensor(5.567, shape=(), dtype=float32)",5.5353656,0.0056953951716423035
/tmp/DataSetCombined/Edges/Round-8_0027596_edge.png,"tf.Tensor(2.495, shape=(), dtype=float32)",2.652914,0.0056953951716423035
/tmp/DataSetCombined/Edges/Round-9_0194056_edge.png,"tf.Tensor(5.147, shape=(), dtype=float32)",5.308629,0.0056953951716423035
/tmp/DataSetCombined/Edges/Round-9_0194026_edge.png,"tf.Tensor(5.031, shape=(), dtype=float32)",5.1765394,0.0056953951716423035
/tmp/DataSetCombined/Edges/Round-5_0003819_edge.png,"tf.Tensor(3.239, shape=(), dtype=float32)",3.3312712,0.0056953951716423035
/tmp/DataSetCombined/Edges/Round-7_0102583_edge.png,"tf.Tensor(4.606, shape=(), dtype=float32)",4.729487,0.0056953951716423035
/tmp/DataSetCombined/Edges/Round-10_0050088_edge.png,"tf.Tensor(2.721, shape=(), dtype=float32)",2.9136813,0.0056953951716423035
/tmp/DataSetCombined/Edges/Round-4_0036514_edge.png,"tf.Tensor(5.642, shape=(), dtype=float32)",5.524899,0.0056953951716423035
/tmp/DataSetCombined/Edges/Round-1_0171090_edge.png,"tf.Tensor(5.517, shape=(), dtype=float32)",5.488251,0.0056953951716423035
/tmp/DataSetCombined/Edges/Round-5_0062222_edge.png,"tf.Tensor(2.918, shape=(), dtype=float32)",2.9229019,0.0056953951716423035
/tmp/DataSetCombined/Edges/Round-1_0038134_edge.png,"tf.Tensor(2.736, shape=(), dtype=float32)",2.908892,0.0056953951716423035
/tmp/DataSetCombined/Edges/Round-8_0010120_edge.png,"tf.Tensor(4.151, shape=(), dtype=float32)",4.22415,0.0056953951716423035
/tmp/DataSetCombined/Edges/Round-1_0070742_edge.png,"tf.Tensor(5.531, shape=(), dtype=float32)",5.580945,0.0056953951716423035
/tmp/DataSetCombined/Edges/Round-8_0014714_edge.png,"tf.Tensor(5.16, shape=(), dtype=float32)",5.1528063,0.0056953951716423035
/tmp/DataSetCombined/Edges/Round-9_0085758_edge.png,"tf.Tensor(4.264, shape=(), dtype=float32)",4.4295616,0.0056953951716423035
/tmp/DataSetCombined/Edges/Round-9_0138462_edge.png,"tf.Tensor(5.037, shape=(), dtype=float32)",5.191417,0.0056953951716423035
/tmp/DataSetCombined/Edges/Round-10_0072151_edge.png,"tf.Tensor(3.673, shape=(), dtype=float32)",3.8620226,0.0056953951716423035
/tmp/DataSetCombined/Edges/Round-6_0013457_edge.png,"tf.Tensor(4.497, shape=(), dtype=float32)",4.7111845,0.0056953951716423035
/tmp/DataSetCombined/Edges/Round-9_0009997_edge.png,"tf.Tensor(5.424, shape=(), dtype=float32)",5.4568257,0.0056953951716423035
/tmp/DataSetCombined/Edges/Round-6_0044218_edge.png,"tf.Tensor(5.357, shape=(), dtype=float32)",5.3583956,0.0056953951716423035
/tmp/DataSetCombined/Edges/Round-7_0079256_edge.png,"tf.Tensor(2.894, shape=(), dtype=float32)",3.037193,0.0056953951716423035
/tmp/DataSetCombined/Edges/Round-7_0028448_edge.png,"tf.Tensor(5.449, shape=(), dtype=float32)",5.4366827,0.0056953951716423035
/tmp/DataSetCombined/Edges/Round-6_0058666_edge.png,"tf.Tensor(2.35, shape=(), dtype=float32)",2.5087607,0.0056953951716423035
/tmp/DataSetCombined/Edges/Round-9_0033203_edge.png,"tf.Tensor(1.943, shape=(), dtype=float32)",1.8433174,0.0056953951716423035
/tmp/DataSetCombined/Edges/Round-8_0057936_edge.png,"tf.Tensor(5.443, shape=(), dtype=float32)",5.5341463,0.0056953951716423035
/tmp/DataSetCombined/Edges/Round-9_0158930_edge.png,"tf.Tensor(5.562, shape=(), dtype=float32)",5.4735994,0.0056953951716423035
/tmp/DataSetCombined/Edges/Round-4_0043256_edge.png,"tf.Tensor(2.208, shape=(), dtype=float32)",2.274233,0.0056953951716423035
/tmp/DataSetCombined/Edges/Round-5_0018669_edge.png,"tf.Tensor(4.627, shape=(), dtype=float32)",4.865873,0.0056953951716423035
/tmp/DataSetCombined/Edges/Round-6_0086388_edge.png,"tf.Tensor(1.675, shape=(), dtype=float32)",1.7711165,0.005582399666309357
/tmp/DataSetCombined/Edges/Round-8_0036909_edge.png,"tf.Tensor(4.33, shape=(), dtype=float32)",4.5060835,0.005582399666309357
/tmp/DataSetCombined/Edges/Round-1_0099243_edge.png,"tf.Tensor(4.911, shape=(), dtype=float32)",5.062281,0.005582399666309357
/tmp/DataSetCombined/Edges/Round-3_0034105_edge.png,"tf.Tensor(5.138, shape=(), dtype=float32)",5.2901206,0.005582399666309357
/tmp/DataSetCombined/Edges/Round-10_0092409_edge.png,"tf.Tensor(5.448, shape=(), dtype=float32)",5.532913,0.005582399666309357
/tmp/DataSetCombined/Edges/Round-5_0047022_edge.png,"tf.Tensor(3.326, shape=(), dtype=float32)",3.6498816,0.005582399666309357
/tmp/DataSetCombined/Edges/Round-4_0071797_edge.png,"tf.Tensor(3.417, shape=(), dtype=float32)",3.4984496,0.005582399666309357
/tmp/DataSetCombined/Edges/Round-10_0157875_edge.png,"tf.Tensor(5.541, shape=(), dtype=float32)",5.6020455,0.005582399666309357
/tmp/DataSetCombined/Edges/Round-9_0009816_edge.png,"tf.Tensor(5.379, shape=(), dtype=float32)",5.3647857,0.005582399666309357
/tmp/DataSetCombined/Edges/Round-6_0050178_edge.png,"tf.Tensor(2.618, shape=(), dtype=float32)",2.8587039,0.005582399666309357
/tmp/DataSetCombined/Edges/Round-3_0063753_edge.png,"tf.Tensor(5.658, shape=(), dtype=float32)",5.5200553,0.005582399666309357
/tmp/DataSetCombined/Edges/Round-8_0040943_edge.png,"tf.Tensor(5.031, shape=(), dtype=float32)",5.1862016,0.005582399666309357
/tmp/DataSetCombined/Edges/Round-8_0051717_edge.png,"tf.Tensor(2.669, shape=(), dtype=float32)",2.7891262,0.005582399666309357
/tmp/DataSetCombined/Edges/Round-9_0090694_edge.png,"tf.Tensor(2.742, shape=(), dtype=float32)",2.852719,0.005582399666309357
/tmp/DataSetCombined/Edges/Round-1_0067134_edge.png,"tf.Tensor(4.666, shape=(), dtype=float32)",4.903686,0.005582399666309357
/tmp/DataSetCombined/Edges/Round-5_0009458_edge.png,"tf.Tensor(3.56, shape=(), dtype=float32)",3.8621395,0.005582399666309357
/tmp/DataSetCombined/Edges/Round-1_0118422_edge.png,"tf.Tensor(4.96, shape=(), dtype=float32)",5.0380273,0.005582399666309357
/tmp/DataSetCombined/Edges/Round-4_0040547_edge.png,"tf.Tensor(5.447, shape=(), dtype=float32)",5.4305024,0.005582399666309357
/tmp/DataSetCombined/Edges/Round-6_0028687_edge.png,"tf.Tensor(5.376, shape=(), dtype=float32)",5.418353,0.005582399666309357
/tmp/DataSetCombined/Edges/Round-9_0181956_edge.png,"tf.Tensor(5.502, shape=(), dtype=float32)",5.46905,0.005582399666309357
/tmp/DataSetCombined/Edges/Round-3_0086267_edge.png,"tf.Tensor(2.792, shape=(), dtype=float32)",2.9582171,0.005582399666309357
/tmp/DataSetCombined/Edges/Round-2_0096063_edge.png,"tf.Tensor(5.658, shape=(), dtype=float32)",5.6391344,0.005582399666309357
/tmp/DataSetCombined/Edges/Round-10_0125006_edge.png,"tf.Tensor(2.572, shape=(), dtype=float32)",2.6187978,0.005582399666309357
/tmp/DataSetCombined/Edges/Round-8_0030979_edge.png,"tf.Tensor(1.921, shape=(), dtype=float32)",1.9591335,0.005582399666309357
/tmp/DataSetCombined/Edges/Round-7_0067577_edge.png,"tf.Tensor(4.395, shape=(), dtype=float32)",4.546136,0.005582399666309357
/tmp/DataSetCombined/Edges/Round-10_0125428_edge.png,"tf.Tensor(2.709, shape=(), dtype=float32)",2.7809808,0.005582399666309357
/tmp/DataSetCombined/Edges/Round-5_0063046_edge.png,"tf.Tensor(1.836, shape=(), dtype=float32)",1.8771603,0.005582399666309357
/tmp/DataSetCombined/Edges/Round-7_0066704_edge.png,"tf.Tensor(2.653, shape=(), dtype=float32)",2.7818544,0.005582399666309357
/tmp/DataSetCombined/Edges/Round-6_0005970_edge.png,"tf.Tensor(4.719, shape=(), dtype=float32)",4.827494,0.005582399666309357
/tmp/DataSetCombined/Edges/Round-1_0154054_edge.png,"tf.Tensor(3.303, shape=(), dtype=float32)",3.4606905,0.005582399666309357
/tmp/DataSetCombined/Edges/Round-10_0109776_edge.png,"tf.Tensor(5.449, shape=(), dtype=float32)",5.5312204,0.005582399666309357
/tmp/DataSetCombined/Edges/Round-10_0097345_edge.png,"tf.Tensor(3.144, shape=(), dtype=float32)",3.1791239,0.005582399666309357
/tmp/DataSetCombined/Edges/Round-1_0053551_edge.png,"tf.Tensor(1.822, shape=(), dtype=float32)",1.9027114,0.005582399666309357
/tmp/DataSetCombined/Edges/Round-10_0193393_edge.png,"tf.Tensor(5.266, shape=(), dtype=float32)",5.381067,0.005582399666309357
/tmp/DataSetCombined/Edges/Round-7_0118897_edge.png,"tf.Tensor(5.149, shape=(), dtype=float32)",5.3796854,0.005582399666309357
/tmp/DataSetCombined/Edges/Round-3_0009062_edge.png,"tf.Tensor(5.089, shape=(), dtype=float32)",5.2483687,0.005582399666309357
/tmp/DataSetCombined/Edges/Round-6_0090090_edge.png,"tf.Tensor(2.529, shape=(), dtype=float32)",2.7506003,0.005582399666309357
/tmp/DataSetCombined/Edges/Round-5_0046781_edge.png,"tf.Tensor(3.871, shape=(), dtype=float32)",4.055662,0.005582399666309357
/tmp/DataSetCombined/Edges/Round-1_0144543_edge.png,"tf.Tensor(3.177, shape=(), dtype=float32)",3.3402991,0.005582399666309357
/tmp/DataSetCombined/Edges/Round-10_0193844_edge.png,"tf.Tensor(3.072, shape=(), dtype=float32)",3.1188061,0.005582399666309357
/tmp/DataSetCombined/Edges/Round-6_0084131_edge.png,"tf.Tensor(5.667, shape=(), dtype=float32)",5.5355043,0.005582399666309357
/tmp/DataSetCombined/Edges/Round-8_0072745_edge.png,"tf.Tensor(5.579, shape=(), dtype=float32)",5.528994,0.005582399666309357
/tmp/DataSetCombined/Edges/Round-10_0008340_edge.png,"tf.Tensor(4.133, shape=(), dtype=float32)",4.328362,0.005582399666309357
/tmp/DataSetCombined/Edges/Round-10_0019176_edge.png,"tf.Tensor(5.508, shape=(), dtype=float32)",5.4658546,0.005582399666309357
/tmp/DataSetCombined/Edges/Round-1_0100086_edge.png,"tf.Tensor(5.07, shape=(), dtype=float32)",5.2207665,0.005582399666309357
/tmp/DataSetCombined/Edges/Round-1_0096173_edge.png,"tf.Tensor(5.562, shape=(), dtype=float32)",5.4794116,0.005582399666309357
/tmp/DataSetCombined/Edges/Round-4_0046326_edge.png,"tf.Tensor(5.601, shape=(), dtype=float32)",5.536876,0.005582399666309357
/tmp/DataSetCombined/Edges/Round-2_0058500_edge.png,"tf.Tensor(2.746, shape=(), dtype=float32)",2.7850068,0.005582399666309357
/tmp/DataSetCombined/Edges/Round-10_0112063_edge.png,"tf.Tensor(1.963, shape=(), dtype=float32)",2.0329487,0.005582399666309357
/tmp/DataSetCombined/Edges/Round-3_0073836_edge.png,"tf.Tensor(1.991, shape=(), dtype=float32)",1.9769393,0.005582399666309357
/tmp/DataSetCombined/Edges/Round-2_0076107_edge.png,"tf.Tensor(5.518, shape=(), dtype=float32)",5.552153,0.005582399666309357
/tmp/DataSetCombined/Edges/Round-7_0010237_edge.png,"tf.Tensor(2.639, shape=(), dtype=float32)",2.8734236,0.005582399666309357
/tmp/DataSetCombined/Edges/Round-6_0035489_edge.png,"tf.Tensor(2.248, shape=(), dtype=float32)",2.1101482,0.005582399666309357
/tmp/DataSetCombined/Edges/Round-8_0011685_edge.png,"tf.Tensor(5.56, shape=(), dtype=float32)",5.475261,0.005582399666309357
/tmp/DataSetCombined/Edges/Round-10_0008822_edge.png,"tf.Tensor(4.265, shape=(), dtype=float32)",4.4336643,0.005582399666309357
/tmp/DataSetCombined/Edges/Round-10_0097766_edge.png,"tf.Tensor(5.597, shape=(), dtype=float32)",5.5059476,0.005582399666309357
/tmp/DataSetCombined/Edges/Round-10_0122538_edge.png,"tf.Tensor(2.723, shape=(), dtype=float32)",2.9114347,0.005582399666309357
/tmp/DataSetCombined/Edges/Round-7_0102403_edge.png,"tf.Tensor(4.957, shape=(), dtype=float32)",5.0415726,0.005582399666309357
/tmp/DataSetCombined/Edges/Round-8_0017765_edge.png,"tf.Tensor(3.561, shape=(), dtype=float32)",3.645111,0.005582399666309357
/tmp/DataSetCombined/Edges/Round-9_0197758_edge.png,"tf.Tensor(2.542, shape=(), dtype=float32)",2.7832634,0.005582399666309357
/tmp/DataSetCombined/Edges/Round-2_0010800_edge.png,"tf.Tensor(4.956, shape=(), dtype=float32)",5.0332346,0.005582399666309357
/tmp/DataSetCombined/Edges/Round-1_0106497_edge.png,"tf.Tensor(5.112, shape=(), dtype=float32)",5.265582,0.005582399666309357
/tmp/DataSetCombined/Edges/Round-1_0020300_edge.png,"tf.Tensor(4.653, shape=(), dtype=float32)",4.895012,0.005582399666309357
/tmp/DataSetCombined/Edges/Round-10_0061225_edge.png,"tf.Tensor(2.13, shape=(), dtype=float32)",2.0131657,0.005582399666309357
/tmp/DataSetCombined/Edges/Round-10_0058065_edge.png,"tf.Tensor(5.047, shape=(), dtype=float32)",5.169498,0.005532056093215942
/tmp/DataSetCombined/Edges/Round-2_0072856_edge.png,"tf.Tensor(2.419, shape=(), dtype=float32)",2.5892563,0.005532056093215942
/tmp/DataSetCombined/Edges/Round-10_0010387_edge.png,"tf.Tensor(3.9, shape=(), dtype=float32)",4.031663,0.005532056093215942
/tmp/DataSetCombined/Edges/Round-7_0090543_edge.png,"tf.Tensor(5.618, shape=(), dtype=float32)",5.543957,0.005532056093215942
/tmp/DataSetCombined/Edges/Round-10_0033233_edge.png,"tf.Tensor(3.539, shape=(), dtype=float32)",3.6533177,0.005532056093215942
/tmp/DataSetCombined/Edges/Round-9_0003194_edge.png,"tf.Tensor(2.995, shape=(), dtype=float32)",3.079593,0.005532056093215942
/tmp/DataSetCombined/Edges/Round-8_0050893_edge.png,"tf.Tensor(3.148, shape=(), dtype=float32)",3.2257004,0.005532056093215942
/tmp/DataSetCombined/Edges/Round-4_0039073_edge.png,"tf.Tensor(5.082, shape=(), dtype=float32)",5.171151,0.005532056093215942
/tmp/DataSetCombined/Edges/Round-10_0139454_edge.png,"tf.Tensor(5.568, shape=(), dtype=float32)",5.521944,0.005532056093215942
/tmp/DataSetCombined/Edges/Round-3_0030767_edge.png,"tf.Tensor(5.094, shape=(), dtype=float32)",5.1749477,0.005532056093215942
/tmp/DataSetCombined/Edges/Round-8_0066466_edge.png,"tf.Tensor(2.988, shape=(), dtype=float32)",3.0755634,0.005532056093215942
/tmp/DataSetCombined/Edges/Round-7_0007620_edge.png,"tf.Tensor(2.774, shape=(), dtype=float32)",2.8623626,0.005532056093215942
/tmp/DataSetCombined/Edges/Round-8_0053061_edge.png,"tf.Tensor(4.942, shape=(), dtype=float32)",5.12862,0.005532056093215942
/tmp/DataSetCombined/Edges/Round-5_0016080_edge.png,"tf.Tensor(5.455, shape=(), dtype=float32)",5.566092,0.005532056093215942
/tmp/DataSetCombined/Edges/Round-3_0036700_edge.png,"tf.Tensor(4.499, shape=(), dtype=float32)",4.6247687,0.005532056093215942
/tmp/DataSetCombined/Edges/Round-4_0047049_edge.png,"tf.Tensor(3.266, shape=(), dtype=float32)",3.4403937,0.005532056093215942
/tmp/DataSetCombined/Edges/Round-8_0056281_edge.png,"tf.Tensor(4.292, shape=(), dtype=float32)",4.45755,0.005532056093215942
/tmp/DataSetCombined/Edges/Round-3_0085364_edge.png,"tf.Tensor(2.988, shape=(), dtype=float32)",3.0699148,0.005532056093215942
/tmp/DataSetCombined/Edges/Round-7_0060925_edge.png,"tf.Tensor(3.392, shape=(), dtype=float32)",3.4847028,0.005532056093215942
/tmp/DataSetCombined/Edges/Round-5_0030196_edge.png,"tf.Tensor(4.597, shape=(), dtype=float32)",4.762253,0.005532056093215942
/tmp/DataSetCombined/Edges/Round-6_0063392_edge.png,"tf.Tensor(5.494, shape=(), dtype=float32)",5.4602213,0.005532056093215942
/tmp/DataSetCombined/Edges/Round-5_0035765_edge.png,"tf.Tensor(5.155, shape=(), dtype=float32)",5.133599,0.005532056093215942
/tmp/DataSetCombined/Edges/Round-9_0167628_edge.png,"tf.Tensor(5.515, shape=(), dtype=float32)",5.569988,0.005532056093215942
/tmp/DataSetCombined/Edges/Round-6_0100264_edge.png,"tf.Tensor(5.645, shape=(), dtype=float32)",5.635342,0.005532056093215942
/tmp/DataSetCombined/Edges/Round-3_0048101_edge.png,"tf.Tensor(3.452, shape=(), dtype=float32)",3.5466707,0.005532056093215942
/tmp/DataSetCombined/Edges/Round-10_0178509_edge.png,"tf.Tensor(2.723, shape=(), dtype=float32)",2.7828572,0.005532056093215942
/tmp/DataSetCombined/Edges/Round-5_0041785_edge.png,"tf.Tensor(5.661, shape=(), dtype=float32)",5.6322474,0.005532056093215942
/tmp/DataSetCombined/Edges/Round-8_0059513_edge.png,"tf.Tensor(5.177, shape=(), dtype=float32)",5.292576,0.005532056093215942
/tmp/DataSetCombined/Edges/Round-9_0006415_edge.png,"tf.Tensor(2.219, shape=(), dtype=float32)",2.20233,0.005532056093215942
/tmp/DataSetCombined/Edges/Round-5_0063938_edge.png,"tf.Tensor(4.798, shape=(), dtype=float32)",4.951168,0.005532056093215942
/tmp/DataSetCombined/Edges/Round-4_0026852_edge.png,"tf.Tensor(4.956, shape=(), dtype=float32)",5.045878,0.005532056093215942
/tmp/DataSetCombined/Edges/Round-9_0065087_edge.png,"tf.Tensor(5.147, shape=(), dtype=float32)",5.3146844,0.005532056093215942
/tmp/DataSetCombined/Edges/Round-10_0113870_edge.png,"tf.Tensor(3.015, shape=(), dtype=float32)",3.1045282,0.005532056093215942
/tmp/DataSetCombined/Edges/Round-10_0058305_edge.png,"tf.Tensor(3.511, shape=(), dtype=float32)",3.6530628,0.005532056093215942
/tmp/DataSetCombined/Edges/Round-7_0071159_edge.png,"tf.Tensor(4.712, shape=(), dtype=float32)",4.8401384,0.005532056093215942
/tmp/DataSetCombined/Edges/Round-9_0002243_edge.png,"tf.Tensor(4.776, shape=(), dtype=float32)",4.9681005,0.005532056093215942
/tmp/DataSetCombined/Edges/Round-6_0000485_edge.png,"tf.Tensor(2.131, shape=(), dtype=float32)",1.9877504,0.005532056093215942
/tmp/DataSetCombined/Edges/Round-10_0137347_edge.png,"tf.Tensor(3.047, shape=(), dtype=float32)",2.9966373,0.005532056093215942
/tmp/DataSetCombined/Edges/Round-5_0039166_edge.png,"tf.Tensor(5.217, shape=(), dtype=float32)",5.205001,0.005532056093215942
/tmp/DataSetCombined/Edges/Round-5_0082179_edge.png,"tf.Tensor(5.621, shape=(), dtype=float32)",5.5075226,0.005532056093215942
/tmp/DataSetCombined/Edges/Round-4_0021103_edge.png,"tf.Tensor(5.264, shape=(), dtype=float32)",5.4506855,0.005532056093215942
/tmp/DataSetCombined/Edges/Round-3_0069683_edge.png,"tf.Tensor(2.37, shape=(), dtype=float32)",2.3059332,0.005532056093215942
/tmp/DataSetCombined/Edges/Round-4_0012525_edge.png,"tf.Tensor(5.582, shape=(), dtype=float32)",5.536649,0.005532056093215942
/tmp/DataSetCombined/Edges/Round-1_0003501_edge.png,"tf.Tensor(2.18, shape=(), dtype=float32)",2.0452387,0.005532056093215942
/tmp/DataSetCombined/Edges/Round-8_0059411_edge.png,"tf.Tensor(5.134, shape=(), dtype=float32)",5.2911344,0.005532056093215942
/tmp/DataSetCombined/Edges/Round-2_0084234_edge.png,"tf.Tensor(5.406, shape=(), dtype=float32)",5.4368,0.005532056093215942
/tmp/DataSetCombined/Edges/Round-10_0112997_edge.png,"tf.Tensor(4.744, shape=(), dtype=float32)",4.9386744,0.005532056093215942
/tmp/DataSetCombined/Edges/Round-4_0082266_edge.png,"tf.Tensor(3.433, shape=(), dtype=float32)",3.61648,0.005532056093215942
/tmp/DataSetCombined/Edges/Round-2_0099133_edge.png,"tf.Tensor(2.592, shape=(), dtype=float32)",2.7332256,0.005532056093215942
/tmp/DataSetCombined/Edges/Round-10_0089398_edge.png,"tf.Tensor(2.636, shape=(), dtype=float32)",2.7654264,0.005532056093215942
/tmp/DataSetCombined/Edges/Round-4_0065048_edge.png,"tf.Tensor(4.836, shape=(), dtype=float32)",4.994256,0.005532056093215942
/tmp/DataSetCombined/Edges/Round-7_0068450_edge.png,"tf.Tensor(2.339, shape=(), dtype=float32)",2.4857972,0.005532056093215942
/tmp/DataSetCombined/Edges/Round-7_0014301_edge.png,"tf.Tensor(5.667, shape=(), dtype=float32)",5.535413,0.005532056093215942
/tmp/DataSetCombined/Edges/Round-1_0074200_edge.png,"tf.Tensor(2.451, shape=(), dtype=float32)",2.4574704,0.005532056093215942
/tmp/DataSetCombined/Edges/Round-5_0078929_edge.png,"tf.Tensor(5.571, shape=(), dtype=float32)",5.4856825,0.005532056093215942
/tmp/DataSetCombined/Edges/Round-10_0072603_edge.png,"tf.Tensor(2.822, shape=(), dtype=float32)",2.8764946,0.005532056093215942
/tmp/DataSetCombined/Edges/Round-5_0071403_edge.png,"tf.Tensor(3.93, shape=(), dtype=float32)",4.0483217,0.005532056093215942
/tmp/DataSetCombined/Edges/Round-4_0037206_edge.png,"tf.Tensor(5.629, shape=(), dtype=float32)",5.5476394,0.005532056093215942
/tmp/DataSetCombined/Edges/Round-10_0091536_edge.png,"tf.Tensor(5.368, shape=(), dtype=float32)",5.523722,0.005532056093215942
/tmp/DataSetCombined/Edges/Round-1_0166003_edge.png,"tf.Tensor(4.269, shape=(), dtype=float32)",4.4686904,0.005532056093215942
/tmp/DataSetCombined/Edges/Round-6_0010657_edge.png,"tf.Tensor(5.519, shape=(), dtype=float32)",5.5655684,0.005532056093215942
/tmp/DataSetCombined/Edges/Round-9_0056380_edge.png,"tf.Tensor(5.443, shape=(), dtype=float32)",5.43286,0.005532056093215942
/tmp/DataSetCombined/Edges/Round-2_0038400_edge.png,"tf.Tensor(5.325, shape=(), dtype=float32)",5.5319576,0.005532056093215942
/tmp/DataSetCombined/Edges/Round-8_0024026_edge.png,"tf.Tensor(2.968, shape=(), dtype=float32)",2.9450393,0.005532056093215942
/tmp/DataSetCombined/Edges/Round-6_0010627_edge.png,"tf.Tensor(2.746, shape=(), dtype=float32)",2.7913396,0.004667852073907852
/tmp/DataSetCombined/Edges/Round-9_0011743_edge.png,"tf.Tensor(3.706, shape=(), dtype=float32)",3.8777056,0.004667852073907852
/tmp/DataSetCombined/Edges/Round-8_0016579_edge.png,"tf.Tensor(5.115, shape=(), dtype=float32)",5.2684546,0.004667852073907852
/tmp/DataSetCombined/Edges/Round-9_0089339_edge.png,"tf.Tensor(5.032, shape=(), dtype=float32)",5.174523,0.004667852073907852
/tmp/DataSetCombined/Edges/Round-6_0126631_edge.png,"tf.Tensor(5.42, shape=(), dtype=float32)",5.461028,0.004667852073907852
/tmp/DataSetCombined/Edges/Round-10_0180661_edge.png,"tf.Tensor(4.057, shape=(), dtype=float32)",4.173779,0.004667852073907852
/tmp/DataSetCombined/Edges/Round-3_0046634_edge.png,"tf.Tensor(2.325, shape=(), dtype=float32)",2.4429488,0.004667852073907852
/tmp/DataSetCombined/Edges/Round-6_0079268_edge.png,"tf.Tensor(5.679, shape=(), dtype=float32)",5.648183,0.004667852073907852
/tmp/DataSetCombined/Edges/Round-7_0039163_edge.png,"tf.Tensor(3.507, shape=(), dtype=float32)",3.6772943,0.004667852073907852
/tmp/DataSetCombined/Edges/Round-8_0023545_edge.png,"tf.Tensor(3.008, shape=(), dtype=float32)",3.0129008,0.004667852073907852
/tmp/DataSetCombined/Edges/Round-3_0043526_edge.png,"tf.Tensor(1.71, shape=(), dtype=float32)",1.8418735,0.004667852073907852
/tmp/DataSetCombined/Edges/Round-9_0076005_edge.png,"tf.Tensor(3.089, shape=(), dtype=float32)",3.1819487,0.004667852073907852
/tmp/DataSetCombined/Edges/Round-7_0058337_edge.png,"tf.Tensor(2.598, shape=(), dtype=float32)",2.7433026,0.004667852073907852
/tmp/DataSetCombined/Edges/Round-3_0040064_edge.png,"tf.Tensor(5.453, shape=(), dtype=float32)",5.567169,0.004667852073907852
/tmp/DataSetCombined/Edges/Round-5_0080583_edge.png,"tf.Tensor(5.139, shape=(), dtype=float32)",5.2729235,0.004667852073907852
/tmp/DataSetCombined/Edges/Round-1_0054534_edge.png,"tf.Tensor(4.757, shape=(), dtype=float32)",4.906359,0.004667852073907852
/tmp/DataSetCombined/Edges/Round-6_0114652_edge.png,"tf.Tensor(4.574, shape=(), dtype=float32)",4.820932,0.004667852073907852
/tmp/DataSetCombined/Edges/Round-9_0104510_edge.png,"tf.Tensor(5.582, shape=(), dtype=float32)",5.5376463,0.004667852073907852
/tmp/DataSetCombined/Edges/Round-7_0003074_edge.png,"tf.Tensor(5.59, shape=(), dtype=float32)",5.5101485,0.004667852073907852
/tmp/DataSetCombined/Edges/Round-5_0070982_edge.png,"tf.Tensor(3.309, shape=(), dtype=float32)",3.4098558,0.004667852073907852
/tmp/DataSetCombined/Edges/Round-7_0037839_edge.png,"tf.Tensor(5.68, shape=(), dtype=float32)",5.6503816,0.004667852073907852
/tmp/DataSetCombined/Edges/Round-6_0130334_edge.png,"tf.Tensor(1.983, shape=(), dtype=float32)",2.0499783,0.004667852073907852
/tmp/DataSetCombined/Edges/Round-10_0077299_edge.png,"tf.Tensor(1.933, shape=(), dtype=float32)",1.9833345,0.004667852073907852
/tmp/DataSetCombined/Edges/Round-8_0013551_edge.png,"tf.Tensor(3.174, shape=(), dtype=float32)",3.2249835,0.004667852073907852
/tmp/DataSetCombined/Edges/Round-10_0121725_edge.png,"tf.Tensor(5.446, shape=(), dtype=float32)",5.5356884,0.004667852073907852
/tmp/DataSetCombined/Edges/Round-1_0081544_edge.png,"tf.Tensor(5.188, shape=(), dtype=float32)",5.2111063,0.004667852073907852
/tmp/DataSetCombined/Edges/Round-4_0087292_edge.png,"tf.Tensor(4.957, shape=(), dtype=float32)",5.039264,0.004667852073907852
/tmp/DataSetCombined/Edges/Round-8_0066617_edge.png,"tf.Tensor(4.207, shape=(), dtype=float32)",4.3740664,0.004667852073907852
/tmp/DataSetCombined/Edges/Round-10_0007979_edge.png,"tf.Tensor(5.166, shape=(), dtype=float32)",5.1538334,0.004667852073907852
/tmp/DataSetCombined/Edges/Round-8_0035723_edge.png,"tf.Tensor(2.508, shape=(), dtype=float32)",2.5608468,0.004667852073907852
/tmp/DataSetCombined/Edges/Round-10_0153029_edge.png,"tf.Tensor(5.569, shape=(), dtype=float32)",5.529272,0.004667852073907852
/tmp/DataSetCombined/Edges/Round-1_0085849_edge.png,"tf.Tensor(4.812, shape=(), dtype=float32)",5.0326843,0.004667852073907852
/tmp/DataSetCombined/Edges/Round-5_0004667_edge.png,"tf.Tensor(5.555, shape=(), dtype=float32)",5.595775,0.004667852073907852
/tmp/DataSetCombined/Edges/Round-7_0011923_edge.png,"tf.Tensor(3.082, shape=(), dtype=float32)",3.005911,0.004667852073907852
/tmp/DataSetCombined/Edges/Round-6_0023389_edge.png,"tf.Tensor(4.263, shape=(), dtype=float32)",4.446663,0.004667852073907852
/tmp/DataSetCombined/Edges/Round-9_0101560_edge.png,"tf.Tensor(2.406, shape=(), dtype=float32)",2.5595584,0.004667852073907852
/tmp/DataSetCombined/Edges/Round-10_0133163_edge.png,"tf.Tensor(4.263, shape=(), dtype=float32)",4.4926667,0.004667852073907852
/tmp/DataSetCombined/Edges/Round-6_0126240_edge.png,"tf.Tensor(5.176, shape=(), dtype=float32)",5.1560597,0.004667852073907852
/tmp/DataSetCombined/Edges/Round-5_0068784_edge.png,"tf.Tensor(4.263, shape=(), dtype=float32)",4.4191756,0.004667852073907852
/tmp/DataSetCombined/Edges/Round-5_0029083_edge.png,"tf.Tensor(4.264, shape=(), dtype=float32)",4.4458537,0.004667852073907852
/tmp/DataSetCombined/Edges/Round-9_0085818_edge.png,"tf.Tensor(2.827, shape=(), dtype=float32)",2.9897726,0.004667852073907852
/tmp/DataSetCombined/Edges/Round-1_0089611_edge.png,"tf.Tensor(5.666, shape=(), dtype=float32)",5.538868,0.004667852073907852
/tmp/DataSetCombined/Edges/Round-3_0064385_edge.png,"tf.Tensor(3.954, shape=(), dtype=float32)",4.1456056,0.004667852073907852
/tmp/DataSetCombined/Edges/Round-3_0033262_edge.png,"tf.Tensor(4.535, shape=(), dtype=float32)",4.7455735,0.004667852073907852
/tmp/DataSetCombined/Edges/Round-8_0074822_edge.png,"tf.Tensor(2.403, shape=(), dtype=float32)",2.539392,0.004667852073907852
/tmp/DataSetCombined/Edges/Round-9_0070467_edge.png,"tf.Tensor(2.518, shape=(), dtype=float32)",2.7400544,0.004667852073907852
/tmp/DataSetCombined/Edges/Round-10_0000728_edge.png,"tf.Tensor(3.152, shape=(), dtype=float32)",3.2567189,0.004667852073907852
/tmp/DataSetCombined/Edges/Round-8_0008765_edge.png,"tf.Tensor(5.341, shape=(), dtype=float32)",5.337096,0.004667852073907852
/tmp/DataSetCombined/Edges/Round-2_0055034_edge.png,"tf.Tensor(5.009, shape=(), dtype=float32)",5.1542716,0.004667852073907852
/tmp/DataSetCombined/Edges/Round-1_0130998_edge.png,"tf.Tensor(4.763, shape=(), dtype=float32)",4.9408937,0.004667852073907852
/tmp/DataSetCombined/Edges/Round-4_0019658_edge.png,"tf.Tensor(5.341, shape=(), dtype=float32)",5.350555,0.004667852073907852
/tmp/DataSetCombined/Edges/Round-6_0005910_edge.png,"tf.Tensor(3.676, shape=(), dtype=float32)",3.866629,0.004667852073907852
/tmp/DataSetCombined/Edges/Round-9_0097979_edge.png,"tf.Tensor(3.406, shape=(), dtype=float32)",3.5048125,0.004667852073907852
/tmp/DataSetCombined/Edges/Round-8_0018024_edge.png,"tf.Tensor(2.154, shape=(), dtype=float32)",2.0651174,0.004667852073907852
/tmp/DataSetCombined/Edges/Round-1_0004234_edge.png,"tf.Tensor(5.082, shape=(), dtype=float32)",5.173067,0.004667852073907852
/tmp/DataSetCombined/Edges/Round-6_0005516_edge.png,"tf.Tensor(1.67, shape=(), dtype=float32)",1.7353107,0.004667852073907852
/tmp/DataSetCombined/Edges/Round-4_0030434_edge.png,"tf.Tensor(3.872, shape=(), dtype=float32)",4.075003,0.004667852073907852
/tmp/DataSetCombined/Edges/Round-8_0006947_edge.png,"tf.Tensor(2.463, shape=(), dtype=float32)",2.6325233,0.004667852073907852
/tmp/DataSetCombined/Edges/Round-8_0024417_edge.png,"tf.Tensor(4.956, shape=(), dtype=float32)",5.041237,0.004667852073907852
/tmp/DataSetCombined/Edges/Round-4_0032119_edge.png,"tf.Tensor(2.866, shape=(), dtype=float32)",3.0153906,0.004667852073907852
/tmp/DataSetCombined/Edges/Round-9_0192461_edge.png,"tf.Tensor(5.517, shape=(), dtype=float32)",5.5533867,0.004667852073907852
/tmp/DataSetCombined/Edges/Round-1_0127024_edge.png,"tf.Tensor(5.577, shape=(), dtype=float32)",5.472853,0.004667852073907852
/tmp/DataSetCombined/Edges/Round-2_0004800_edge.png,"tf.Tensor(4.262, shape=(), dtype=float32)",4.4303727,0.004667852073907852
/tmp/DataSetCombined/Edges/Round-8_0037962_edge.png,"tf.Tensor(4.583, shape=(), dtype=float32)",4.830717,0.004667852073907852
/tmp/DataSetCombined/Edges/Round-4_0009936_edge.png,"tf.Tensor(3.149, shape=(), dtype=float32)",3.1955624,0.005808796733617783
/tmp/DataSetCombined/Edges/Round-10_0180330_edge.png,"tf.Tensor(5.572, shape=(), dtype=float32)",5.5260777,0.005808796733617783
/tmp/DataSetCombined/Edges/Round-1_0070400_edge.png,"tf.Tensor(4.263, shape=(), dtype=float32)",4.4107842,0.005808796733617783
/tmp/DataSetCombined/Edges/Round-9_0152070_edge.png,"tf.Tensor(3.283, shape=(), dtype=float32)",3.4097805,0.005808796733617783
/tmp/DataSetCombined/Edges/Round-2_0029800_edge.png,"tf.Tensor(4.954, shape=(), dtype=float32)",5.0276403,0.005808796733617783
/tmp/DataSetCombined/Edges/Round-7_0125429_edge.png,"tf.Tensor(5.61, shape=(), dtype=float32)",5.510308,0.005808796733617783
/tmp/DataSetCombined/Edges/Round-7_0002592_edge.png,"tf.Tensor(3.258, shape=(), dtype=float32)",3.4365728,0.005808796733617783
/tmp/DataSetCombined/Edges/Round-6_0086440_edge.png,"tf.Tensor(5.663, shape=(), dtype=float32)",5.6301756,0.005808796733617783
/tmp/DataSetCombined/Edges/Round-8_0011824_edge.png,"tf.Tensor(4.473, shape=(), dtype=float32)",4.590233,0.005808796733617783
/tmp/DataSetCombined/Edges/Round-4_0080550_edge.png,"tf.Tensor(3.602, shape=(), dtype=float32)",3.760131,0.005808796733617783
/tmp/DataSetCombined/Edges/Round-7_0108091_edge.png,"tf.Tensor(5.231, shape=(), dtype=float32)",5.323211,0.005808796733617783
/tmp/DataSetCombined/Edges/Round-10_0179607_edge.png,"tf.Tensor(4.958, shape=(), dtype=float32)",5.0458336,0.005808796733617783
/tmp/DataSetCombined/Edges/Round-10_0154594_edge.png,"tf.Tensor(1.7, shape=(), dtype=float32)",1.800558,0.005808796733617783
/tmp/DataSetCombined/Edges/Round-8_0053993_edge.png,"tf.Tensor(3.538, shape=(), dtype=float32)",3.725941,0.005808796733617783
/tmp/DataSetCombined/Edges/Round-10_0097736_edge.png,"tf.Tensor(2.708, shape=(), dtype=float32)",2.9091706,0.005808796733617783
/tmp/DataSetCombined/Edges/Round-4_0082627_edge.png,"tf.Tensor(3.873, shape=(), dtype=float32)",4.08135,0.005808796733617783
/tmp/DataSetCombined/Edges/Round-3_0035167_edge.png,"tf.Tensor(1.677, shape=(), dtype=float32)",1.795887,0.005808796733617783
/tmp/DataSetCombined/Edges/Round-5_0013311_edge.png,"tf.Tensor(2.841, shape=(), dtype=float32)",2.8751812,0.005808796733617783
/tmp/DataSetCombined/Edges/Round-10_0145504_edge.png,"tf.Tensor(5.051, shape=(), dtype=float32)",5.1480393,0.005808796733617783
/tmp/DataSetCombined/Edges/Round-1_0053341_edge.png,"tf.Tensor(5.122, shape=(), dtype=float32)",5.280839,0.005808796733617783
/tmp/DataSetCombined/Edges/Round-1_0165040_edge.png,"tf.Tensor(4.798, shape=(), dtype=float32)",4.9692655,0.005808796733617783
/tmp/DataSetCombined/Edges/Round-9_0082326_edge.png,"tf.Tensor(5.385, shape=(), dtype=float32)",5.36833,0.005808796733617783
/tmp/DataSetCombined/Edges/Round-1_0056534_edge.png,"tf.Tensor(2.335, shape=(), dtype=float32)",2.258412,0.005808796733617783
/tmp/DataSetCombined/Edges/Round-10_0192249_edge.png,"tf.Tensor(5.035, shape=(), dtype=float32)",5.1778226,0.005808796733617783
/tmp/DataSetCombined/Edges/Round-9_0096083_edge.png,"tf.Tensor(4.507, shape=(), dtype=float32)",4.5710416,0.005808796733617783
/tmp/DataSetCombined/Edges/Round-1_0124837_edge.png,"tf.Tensor(4.94, shape=(), dtype=float32)",5.1776986,0.005808796733617783
/tmp/DataSetCombined/Edges/Round-1_0026301_edge.png,"tf.Tensor(4.995, shape=(), dtype=float32)",5.233015,0.005808796733617783
/tmp/DataSetCombined/Edges/Round-7_0131479_edge.png,"tf.Tensor(4.208, shape=(), dtype=float32)",4.260895,0.005808796733617783
/tmp/DataSetCombined/Edges/Round-10_0092228_edge.png,"tf.Tensor(5.4, shape=(), dtype=float32)",5.5381274,0.005808796733617783
/tmp/DataSetCombined/Edges/Round-9_0026281_edge.png,"tf.Tensor(2.356, shape=(), dtype=float32)",2.5104337,0.005808796733617783
/tmp/DataSetCombined/Edges/Round-6_0048794_edge.png,"tf.Tensor(2.98, shape=(), dtype=float32)",3.0658934,0.005808796733617783
/tmp/DataSetCombined/Edges/Round-10_0169073_edge.png,"tf.Tensor(4.165, shape=(), dtype=float32)",4.3655934,0.005808796733617783
/tmp/DataSetCombined/Edges/Round-8_0028360_edge.png,"tf.Tensor(4.896, shape=(), dtype=float32)",5.0045314,0.005808796733617783
/tmp/DataSetCombined/Edges/Round-8_0017043_edge.png,"tf.Tensor(4.649, shape=(), dtype=float32)",4.8835373,0.005808796733617783
/tmp/DataSetCombined/Edges/Round-5_0084135_edge.png,"tf.Tensor(2.579, shape=(), dtype=float32)",2.7586985,0.005808796733617783
/tmp/DataSetCombined/Edges/Round-9_0182708_edge.png,"tf.Tensor(5.175, shape=(), dtype=float32)",5.1528063,0.005808796733617783
/tmp/DataSetCombined/Edges/Round-1_0139756_edge.png,"tf.Tensor(5.117, shape=(), dtype=float32)",5.1699314,0.005808796733617783
/tmp/DataSetCombined/Edges/Round-4_0090784_edge.png,"tf.Tensor(3.578, shape=(), dtype=float32)",3.6102815,0.005808796733617783
/tmp/DataSetCombined/Edges/Round-9_0130455_edge.png,"tf.Tensor(4.81, shape=(), dtype=float32)",4.9887323,0.005808796733617783
/tmp/DataSetCombined/Edges/Round-10_0016888_edge.png,"tf.Tensor(3.499, shape=(), dtype=float32)",3.6727195,0.005808796733617783
/tmp/DataSetCombined/Edges/Round-8_0058057_edge.png,"tf.Tensor(5.372, shape=(), dtype=float32)",5.352425,0.005808796733617783
/tmp/DataSetCombined/Edges/Round-8_0000213_edge.png,"tf.Tensor(5.144, shape=(), dtype=float32)",5.3004203,0.005808796733617783
/tmp/DataSetCombined/Edges/Round-2_0102444_edge.png,"tf.Tensor(5.47, shape=(), dtype=float32)",5.4414215,0.005808796733617783
/tmp/DataSetCombined/Edges/Round-8_0024646_edge.png,"tf.Tensor(5.57, shape=(), dtype=float32)",5.596582,0.005808796733617783
/tmp/DataSetCombined/Edges/Round-5_0062192_edge.png,"tf.Tensor(5.446, shape=(), dtype=float32)",5.4367824,0.005808796733617783
/tmp/DataSetCombined/Edges/Round-2_0064669_edge.png,"tf.Tensor(3.052, shape=(), dtype=float32)",3.181261,0.005808796733617783
/tmp/DataSetCombined/Edges/Round-7_0052498_edge.png,"tf.Tensor(5.517, shape=(), dtype=float32)",5.560949,0.005808796733617783
/tmp/DataSetCombined/Edges/Round-10_0067637_edge.png,"tf.Tensor(4.265, shape=(), dtype=float32)",4.422508,0.005808796733617783
/tmp/DataSetCombined/Edges/Round-1_0102230_edge.png,"tf.Tensor(5.033, shape=(), dtype=float32)",5.1672673,0.005808796733617783
/tmp/DataSetCombined/Edges/Round-2_0084634_edge.png,"tf.Tensor(5.524, shape=(), dtype=float32)",5.5711517,0.005808796733617783
/tmp/DataSetCombined/Edges/Round-1_0151104_edge.png,"tf.Tensor(5.428, shape=(), dtype=float32)",5.4159913,0.005808796733617783
/tmp/DataSetCombined/Edges/Round-8_0019559_edge.png,"tf.Tensor(4.754, shape=(), dtype=float32)",4.8529754,0.005808796733617783
/tmp/DataSetCombined/Edges/Round-1_0101680_edge.png,"tf.Tensor(3.077, shape=(), dtype=float32)",2.9995315,0.005808796733617783
/tmp/DataSetCombined/Edges/Round-8_0003516_edge.png,"tf.Tensor(3.006, shape=(), dtype=float32)",3.0903733,0.005808796733617783
/tmp/DataSetCombined/Edges/Round-7_0099724_edge.png,"tf.Tensor(2.88, shape=(), dtype=float32)",3.0220644,0.005808796733617783
/tmp/DataSetCombined/Edges/Round-1_0086902_edge.png,"tf.Tensor(5.572, shape=(), dtype=float32)",5.528575,0.005808796733617783
/tmp/DataSetCombined/Edges/Round-10_0080730_edge.png,"tf.Tensor(2.568, shape=(), dtype=float32)",2.7885497,0.005808796733617783
/tmp/DataSetCombined/Edges/Round-4_0051564_edge.png,"tf.Tensor(2.471, shape=(), dtype=float32)",2.6198032,0.005808796733617783
/tmp/DataSetCombined/Edges/Round-2_0091368_edge.png,"tf.Tensor(5.342, shape=(), dtype=float32)",5.3456583,0.005808796733617783
/tmp/DataSetCombined/Edges/Round-1_0107791_edge.png,"tf.Tensor(5.563, shape=(), dtype=float32)",5.4794116,0.005808796733617783
/tmp/DataSetCombined/Edges/Round-7_0048283_edge.png,"tf.Tensor(3.345, shape=(), dtype=float32)",3.5166044,0.005808796733617783
/tmp/DataSetCombined/Edges/Round-6_0025858_edge.png,"tf.Tensor(3.782, shape=(), dtype=float32)",3.9293044,0.005808796733617783
/tmp/DataSetCombined/Edges/Round-8_0082046_edge.png,"tf.Tensor(2.224, shape=(), dtype=float32)",2.3297722,0.005808796733617783
/tmp/DataSetCombined/Edges/Round-2_0103558_edge.png,"tf.Tensor(1.989, shape=(), dtype=float32)",2.0678537,0.005808796733617783
/tmp/DataSetCombined/Edges/Round-9_0161217_edge.png,"tf.Tensor(5.66, shape=(), dtype=float32)",5.5370984,0.004894193261861801
/tmp/DataSetCombined/Edges/Round-10_0037958_edge.png,"tf.Tensor(4.958, shape=(), dtype=float32)",5.049712,0.004894193261861801
/tmp/DataSetCombined/Edges/Round-8_0071330_edge.png,"tf.Tensor(4.566, shape=(), dtype=float32)",4.6907034,0.004894193261861801
/tmp/DataSetCombined/Edges/Round-5_0070397_edge.png,"tf.Tensor(2.508, shape=(), dtype=float32)",2.7527785,0.004894193261861801
/tmp/DataSetCombined/Edges/Round-10_0136143_edge.png,"tf.Tensor(5.221, shape=(), dtype=float32)",5.227874,0.004894193261861801
/tmp/DataSetCombined/Edges/Round-6_0116699_edge.png,"tf.Tensor(3.502, shape=(), dtype=float32)",3.6299872,0.004894193261861801
/tmp/DataSetCombined/Edges/Round-8_0061458_edge.png,"tf.Tensor(4.342, shape=(), dtype=float32)",4.4950595,0.004894193261861801
/tmp/DataSetCombined/Edges/Round-9_0013458_edge.png,"tf.Tensor(2.88, shape=(), dtype=float32)",3.0297883,0.004894193261861801
/tmp/DataSetCombined/Edges/Round-4_0031789_edge.png,"tf.Tensor(2.253, shape=(), dtype=float32)",2.2281675,0.004894193261861801
/tmp/DataSetCombined/Edges/Round-5_0065865_edge.png,"tf.Tensor(5.575, shape=(), dtype=float32)",5.5266147,0.004894193261861801
/tmp/DataSetCombined/Edges/Round-8_0050152_edge.png,"tf.Tensor(5.447, shape=(), dtype=float32)",5.438007,0.004894193261861801
/tmp/DataSetCombined/Edges/Round-5_0021016_edge.png,"tf.Tensor(2.901, shape=(), dtype=float32)",3.0375,0.004894193261861801
/tmp/DataSetCombined/Edges/Round-10_0008190_edge.png,"tf.Tensor(5.21, shape=(), dtype=float32)",5.348883,0.004894193261861801
/tmp/DataSetCombined/Edges/Round-9_0078142_edge.png,"tf.Tensor(5.515, shape=(), dtype=float32)",5.4814525,0.004894193261861801
/tmp/DataSetCombined/Edges/Round-4_0014271_edge.png,"tf.Tensor(2.983, shape=(), dtype=float32)",3.060035,0.004894193261861801
/tmp/DataSetCombined/Edges/Round-7_0021946_edge.png,"tf.Tensor(5.153, shape=(), dtype=float32)",5.131087,0.004894193261861801
/tmp/DataSetCombined/Edges/Round-10_0187282_edge.png,"tf.Tensor(3.364, shape=(), dtype=float32)",3.53216,0.004894193261861801
/tmp/DataSetCombined/Edges/Round-1_0154445_edge.png,"tf.Tensor(2.08, shape=(), dtype=float32)",1.9976903,0.004894193261861801
/tmp/DataSetCombined/Edges/Round-9_0165552_edge.png,"tf.Tensor(2.43, shape=(), dtype=float32)",2.422168,0.004894193261861801
/tmp/DataSetCombined/Edges/Round-4_0042714_edge.png,"tf.Tensor(5.523, shape=(), dtype=float32)",5.5638757,0.004894193261861801
/tmp/DataSetCombined/Edges/Round-9_0019990_edge.png,"tf.Tensor(5.537, shape=(), dtype=float32)",5.5821686,0.004894193261861801
/tmp/DataSetCombined/Edges/Round-9_0020953_edge.png,"tf.Tensor(3.142, shape=(), dtype=float32)",3.276572,0.004894193261861801
/tmp/DataSetCombined/Edges/Round-8_0008182_edge.png,"tf.Tensor(5.55, shape=(), dtype=float32)",5.590896,0.004894193261861801
/tmp/DataSetCombined/Edges/Round-1_0066867_edge.png,"tf.Tensor(2.818, shape=(), dtype=float32)",2.852038,0.004894193261861801
/tmp/DataSetCombined/Edges/Round-3_0052634_edge.png,"tf.Tensor(4.797, shape=(), dtype=float32)",4.974356,0.004894193261861801
/tmp/DataSetCombined/Edges/Round-1_0106045_edge.png,"tf.Tensor(2.818, shape=(), dtype=float32)",2.8436835,0.004894193261861801
/tmp/DataSetCombined/Edges/Round-3_0077930_edge.png,"tf.Tensor(5.501, shape=(), dtype=float32)",5.5563135,0.004894193261861801
/tmp/DataSetCombined/Edges/Round-4_0031307_edge.png,"tf.Tensor(5.157, shape=(), dtype=float32)",5.141269,0.004894193261861801
/tmp/DataSetCombined/Edges/Round-4_0046025_edge.png,"tf.Tensor(1.937, shape=(), dtype=float32)",2.0207717,0.004894193261861801
/tmp/DataSetCombined/Edges/Round-7_0002442_edge.png,"tf.Tensor(5.562, shape=(), dtype=float32)",5.4781775,0.004894193261861801
/tmp/DataSetCombined/Edges/Round-7_0068119_edge.png,"tf.Tensor(1.998, shape=(), dtype=float32)",2.040523,0.004894193261861801
/tmp/DataSetCombined/Edges/Round-1_0074010_edge.png,"tf.Tensor(5.151, shape=(), dtype=float32)",5.1468396,0.004894193261861801
/tmp/DataSetCombined/Edges/Round-7_0054755_edge.png,"tf.Tensor(3.11, shape=(), dtype=float32)",3.0233147,0.004894193261861801
/tmp/DataSetCombined/Edges/Round-2_0091760_edge.png,"tf.Tensor(5.029, shape=(), dtype=float32)",5.187027,0.004894193261861801
/tmp/DataSetCombined/Edges/Round-8_0080270_edge.png,"tf.Tensor(5.677, shape=(), dtype=float32)",5.645456,0.004894193261861801
/tmp/DataSetCombined/Edges/Round-5_0037541_edge.png,"tf.Tensor(5.057, shape=(), dtype=float32)",5.1368575,0.004894193261861801
/tmp/DataSetCombined/Edges/Round-1_0158719_edge.png,"tf.Tensor(3.535, shape=(), dtype=float32)",3.6443598,0.004894193261861801
/tmp/DataSetCombined/Edges/Round-8_0045415_edge.png,"tf.Tensor(2.622, shape=(), dtype=float32)",2.8559082,0.004894193261861801
/tmp/DataSetCombined/Edges/Round-8_0057948_edge.png,"tf.Tensor(5.346, shape=(), dtype=float32)",5.4344473,0.004894193261861801
/tmp/DataSetCombined/Edges/Round-3_0003401_edge.png,"tf.Tensor(5.153, shape=(), dtype=float32)",5.1434765,0.004894193261861801
/tmp/DataSetCombined/Edges/Round-9_0163837_edge.png,"tf.Tensor(2.451, shape=(), dtype=float32)",2.620112,0.004894193261861801
/tmp/DataSetCombined/Edges/Round-5_0098613_edge.png,"tf.Tensor(5.163, shape=(), dtype=float32)",5.133662,0.004894193261861801
/tmp/DataSetCombined/Edges/Round-10_0167567_edge.png,"tf.Tensor(4.443, shape=(), dtype=float32)",4.5277815,0.004894193261861801
/tmp/DataSetCombined/Edges/Round-6_0122026_edge.png,"tf.Tensor(5.033, shape=(), dtype=float32)",5.177172,0.004894193261861801
/tmp/DataSetCombined/Edges/Round-10_0010477_edge.png,"tf.Tensor(5.1, shape=(), dtype=float32)",5.263358,0.004894193261861801
/tmp/DataSetCombined/Edges/Round-7_0096924_edge.png,"tf.Tensor(4.446, shape=(), dtype=float32)",4.5881605,0.004894193261861801
/tmp/DataSetCombined/Edges/Round-8_0040310_edge.png,"tf.Tensor(3.107, shape=(), dtype=float32)",3.0234401,0.004894193261861801
/tmp/DataSetCombined/Edges/Round-8_0072704_edge.png,"tf.Tensor(5.402, shape=(), dtype=float32)",5.533777,0.004894193261861801
/tmp/DataSetCombined/Edges/Round-2_0106967_edge.png,"tf.Tensor(5.145, shape=(), dtype=float32)",5.315112,0.004894193261861801
/tmp/DataSetCombined/Edges/Round-10_0079285_edge.png,"tf.Tensor(1.542, shape=(), dtype=float32)",1.7029575,0.004894193261861801
/tmp/DataSetCombined/Edges/Round-10_0163564_edge.png,"tf.Tensor(5.058, shape=(), dtype=float32)",5.152428,0.004894193261861801
/tmp/DataSetCombined/Edges/Round-10_0132411_edge.png,"tf.Tensor(5.663, shape=(), dtype=float32)",5.538012,0.004894193261861801
/tmp/DataSetCombined/Edges/Round-7_0133887_edge.png,"tf.Tensor(2.953, shape=(), dtype=float32)",2.937991,0.004894193261861801
/tmp/DataSetCombined/Edges/Round-1_0169194_edge.png,"tf.Tensor(5.576, shape=(), dtype=float32)",5.5321302,0.004894193261861801
/tmp/DataSetCombined/Edges/Round-2_0083934_edge.png,"tf.Tensor(5.034, shape=(), dtype=float32)",5.1869807,0.004894193261861801
/tmp/DataSetCombined/Edges/Round-10_0061707_edge.png,"tf.Tensor(3.437, shape=(), dtype=float32)",3.536593,0.004894193261861801
/tmp/DataSetCombined/Edges/Round-8_0074473_edge.png,"tf.Tensor(2.031, shape=(), dtype=float32)",2.0648253,0.004894193261861801
/tmp/DataSetCombined/Edges/Round-5_0114867_edge.png,"tf.Tensor(4.966, shape=(), dtype=float32)",5.053717,0.004894193261861801
/tmp/DataSetCombined/Edges/Round-10_0187102_edge.png,"tf.Tensor(5.687, shape=(), dtype=float32)",5.523506,0.004894193261861801
/tmp/DataSetCombined/Edges/Round-5_0065263_edge.png,"tf.Tensor(5.075, shape=(), dtype=float32)",5.3021708,0.004894193261861801
/tmp/DataSetCombined/Edges/Round-7_0033414_edge.png,"tf.Tensor(5.587, shape=(), dtype=float32)",5.538728,0.004894193261861801
/tmp/DataSetCombined/Edges/Round-5_0106620_edge.png,"tf.Tensor(5.518, shape=(), dtype=float32)",5.5529675,0.004894193261861801
/tmp/DataSetCombined/Edges/Round-3_0028507_edge.png,"tf.Tensor(5.559, shape=(), dtype=float32)",5.476913,0.004894193261861801
/tmp/DataSetCombined/Edges/Round-4_0005030_edge.png,"tf.Tensor(4.591, shape=(), dtype=float32)",4.7182584,0.004894193261861801
/tmp/DataSetCombined/Edges/Round-9_0144933_edge.png,"tf.Tensor(5.171, shape=(), dtype=float32)",5.203695,0.005236770957708359
/tmp/DataSetCombined/Edges/Round-9_0006475_edge.png,"tf.Tensor(3.752, shape=(), dtype=float32)",3.9373481,0.005236770957708359
/tmp/DataSetCombined/Edges/Round-1_0002967_edge.png,"tf.Tensor(2.197, shape=(), dtype=float32)",2.152745,0.005236770957708359
/tmp/DataSetCombined/Edges/Round-9_0118115_edge.png,"tf.Tensor(4.266, shape=(), dtype=float32)",4.4373345,0.005236770957708359
/tmp/DataSetCombined/Edges/Round-4_0045062_edge.png,"tf.Tensor(5.156, shape=(), dtype=float32)",5.1516953,0.005236770957708359
/tmp/DataSetCombined/Edges/Round-1_0127536_edge.png,"tf.Tensor(3.539, shape=(), dtype=float32)",3.6411855,0.005236770957708359
/tmp/DataSetCombined/Edges/Round-5_0044705_edge.png,"tf.Tensor(3.375, shape=(), dtype=float32)",3.3491247,0.005236770957708359
/tmp/DataSetCombined/Edges/Round-10_0033865_edge.png,"tf.Tensor(5.202, shape=(), dtype=float32)",5.1774364,0.005236770957708359
/tmp/DataSetCombined/Edges/Round-1_0067367_edge.png,"tf.Tensor(5.561, shape=(), dtype=float32)",5.475261,0.005236770957708359
/tmp/DataSetCombined/Edges/Round-10_0028206_edge.png,"tf.Tensor(1.777, shape=(), dtype=float32)",1.8738238,0.005236770957708359
/tmp/DataSetCombined/Edges/Round-7_0076788_edge.png,"tf.Tensor(4.702, shape=(), dtype=float32)",4.805711,0.005236770957708359
/tmp/DataSetCombined/Edges/Round-10_0152187_edge.png,"tf.Tensor(5.114, shape=(), dtype=float32)",5.3079066,0.005236770957708359
/tmp/DataSetCombined/Edges/Round-5_0101563_edge.png,"tf.Tensor(5.52, shape=(), dtype=float32)",5.5612597,0.005236770957708359
/tmp/DataSetCombined/Edges/Round-3_0051713_edge.png,"tf.Tensor(1.712, shape=(), dtype=float32)",1.8334091,0.005236770957708359
/tmp/DataSetCombined/Edges/Round-9_0041360_edge.png,"tf.Tensor(2.645, shape=(), dtype=float32)",2.7506912,0.005236770957708359
/tmp/DataSetCombined/Edges/Round-1_0150382_edge.png,"tf.Tensor(4.262, shape=(), dtype=float32)",4.4419117,0.005236770957708359
/tmp/DataSetCombined/Edges/Round-7_0005873_edge.png,"tf.Tensor(3.403, shape=(), dtype=float32)",3.4984674,0.005236770957708359
/tmp/DataSetCombined/Edges/Round-3_0088133_edge.png,"tf.Tensor(3.565, shape=(), dtype=float32)",3.7474551,0.005236770957708359
/tmp/DataSetCombined/Edges/Round-10_0175242_edge.png,"tf.Tensor(5.084, shape=(), dtype=float32)",5.2395,0.005236770957708359
/tmp/DataSetCombined/Edges/Round-9_0002923_edge.png,"tf.Tensor(2.508, shape=(), dtype=float32)",2.7713974,0.005236770957708359
/tmp/DataSetCombined/Edges/Round-8_0080692_edge.png,"tf.Tensor(4.771, shape=(), dtype=float32)",4.9060903,0.005236770957708359
/tmp/DataSetCombined/Edges/Round-1_0001300_edge.png,"tf.Tensor(3.197, shape=(), dtype=float32)",3.1099918,0.005236770957708359
/tmp/DataSetCombined/Edges/Round-10_0046777_edge.png,"tf.Tensor(4.114, shape=(), dtype=float32)",4.334854,0.005236770957708359
/tmp/DataSetCombined/Edges/Round-1_0094848_edge.png,"tf.Tensor(1.935, shape=(), dtype=float32)",1.9934739,0.005236770957708359
/tmp/DataSetCombined/Edges/Round-9_0175424_edge.png,"tf.Tensor(4.925, shape=(), dtype=float32)",5.169423,0.005236770957708359
/tmp/DataSetCombined/Edges/Round-8_0013310_edge.png,"tf.Tensor(2.009, shape=(), dtype=float32)",1.9235415,0.005236770957708359
/tmp/DataSetCombined/Edges/Round-8_0052500_edge.png,"tf.Tensor(5.675, shape=(), dtype=float32)",5.5354137,0.005236770957708359
/tmp/DataSetCombined/Edges/Round-7_0002080_edge.png,"tf.Tensor(5.356, shape=(), dtype=float32)",5.3660607,0.005236770957708359
/tmp/DataSetCombined/Edges/Round-6_0017219_edge.png,"tf.Tensor(2.142, shape=(), dtype=float32)",2.0583029,0.005236770957708359
/tmp/DataSetCombined/Edges/Round-7_0046778_edge.png,"tf.Tensor(2.023, shape=(), dtype=float32)",1.9745494,0.005236770957708359
/tmp/DataSetCombined/Edges/Round-9_0064357_edge.png,"tf.Tensor(5.555, shape=(), dtype=float32)",5.5980144,0.005236770957708359
/tmp/DataSetCombined/Edges/Round-10_0111853_edge.png,"tf.Tensor(2.987, shape=(), dtype=float32)",2.9436338,0.005236770957708359
/tmp/DataSetCombined/Edges/Round-3_0069893_edge.png,"tf.Tensor(5.52, shape=(), dtype=float32)",5.559775,0.005236770957708359
/tmp/DataSetCombined/Edges/Round-6_0099602_edge.png,"tf.Tensor(2.63, shape=(), dtype=float32)",2.7647073,0.005236770957708359
/tmp/DataSetCombined/Edges/Round-7_0038200_edge.png,"tf.Tensor(2.914, shape=(), dtype=float32)",3.0447986,0.005236770957708359
/tmp/DataSetCombined/Edges/Round-7_0017281_edge.png,"tf.Tensor(5.032, shape=(), dtype=float32)",5.1891384,0.005236770957708359
/tmp/DataSetCombined/Edges/Round-10_0102793_edge.png,"tf.Tensor(5.692, shape=(), dtype=float32)",5.532058,0.005236770957708359
/tmp/DataSetCombined/Edges/Round-6_0033653_edge.png,"tf.Tensor(5.668, shape=(), dtype=float32)",5.533962,0.005236770957708359
/tmp/DataSetCombined/Edges/Round-10_0013036_edge.png,"tf.Tensor(3.73, shape=(), dtype=float32)",3.826408,0.005236770957708359
/tmp/DataSetCombined/Edges/Round-9_0011441_edge.png,"tf.Tensor(2.008, shape=(), dtype=float32)",2.042654,0.005236770957708359
/tmp/DataSetCombined/Edges/Round-10_0192971_edge.png,"tf.Tensor(1.596, shape=(), dtype=float32)",1.7475996,0.005236770957708359
/tmp/DataSetCombined/Edges/Round-1_0066000_edge.png,"tf.Tensor(4.191, shape=(), dtype=float32)",4.258528,0.005236770957708359
/tmp/DataSetCombined/Edges/Round-9_0035220_edge.png,"tf.Tensor(5.477, shape=(), dtype=float32)",5.451215,0.005236770957708359
/tmp/DataSetCombined/Edges/Round-8_0054806_edge.png,"tf.Tensor(5.154, shape=(), dtype=float32)",5.1384053,0.005236770957708359
/tmp/DataSetCombined/Edges/Round-9_0028305_edge.png,"tf.Tensor(2.751, shape=(), dtype=float32)",2.8538773,0.005236770957708359
/tmp/DataSetCombined/Edges/Round-2_0106628_edge.png,"tf.Tensor(4.865, shape=(), dtype=float32)",5.0145974,0.005236770957708359
/tmp/DataSetCombined/Edges/Round-4_0017220_edge.png,"tf.Tensor(3.337, shape=(), dtype=float32)",3.4555347,0.005236770957708359
/tmp/DataSetCombined/Edges/Round-1_0030234_edge.png,"tf.Tensor(2.695, shape=(), dtype=float32)",2.896599,0.005236770957708359
/tmp/DataSetCombined/Edges/Round-7_0097797_edge.png,"tf.Tensor(5.033, shape=(), dtype=float32)",5.181136,0.005236770957708359
/tmp/DataSetCombined/Edges/Round-3_0045167_edge.png,"tf.Tensor(3.101, shape=(), dtype=float32)",3.1277955,0.005236770957708359
/tmp/DataSetCombined/Edges/Round-1_0110319_edge.png,"tf.Tensor(3.007, shape=(), dtype=float32)",3.108238,0.005236770957708359
/tmp/DataSetCombined/Edges/Round-8_0049129_edge.png,"tf.Tensor(5.456, shape=(), dtype=float32)",5.5344143,0.005236770957708359
/tmp/DataSetCombined/Edges/Round-6_0086508_edge.png,"tf.Tensor(5.516, shape=(), dtype=float32)",5.5557933,0.005236770957708359
/tmp/DataSetCombined/Edges/Round-9_0133917_edge.png,"tf.Tensor(5.156, shape=(), dtype=float32)",5.385069,0.005236770957708359
/tmp/DataSetCombined/Edges/Round-8_0015075_edge.png,"tf.Tensor(4.297, shape=(), dtype=float32)",4.510712,0.005236770957708359
/tmp/DataSetCombined/Edges/Round-5_0010302_edge.png,"tf.Tensor(5.561, shape=(), dtype=float32)",5.475679,0.005236770957708359
/tmp/DataSetCombined/Edges/Round-6_0038108_edge.png,"tf.Tensor(5.313, shape=(), dtype=float32)",5.4105334,0.005236770957708359
/tmp/DataSetCombined/Edges/Round-5_0011956_edge.png,"tf.Tensor(3.39, shape=(), dtype=float32)",3.4978545,0.005236770957708359
/tmp/DataSetCombined/Edges/Round-2_0104582_edge.png,"tf.Tensor(5.039, shape=(), dtype=float32)",5.1606956,0.005236770957708359
/tmp/DataSetCombined/Edges/Round-1_0120072_edge.png,"tf.Tensor(4.432, shape=(), dtype=float32)",4.647386,0.005236770957708359
/tmp/DataSetCombined/Edges/Round-8_0063173_edge.png,"tf.Tensor(3.477, shape=(), dtype=float32)",3.5824437,0.005236770957708359
/tmp/DataSetCombined/Edges/Round-9_0101951_edge.png,"tf.Tensor(4.563, shape=(), dtype=float32)",4.678514,0.005236770957708359
/tmp/DataSetCombined/Edges/Round-4_0046387_edge.png,"tf.Tensor(3.479, shape=(), dtype=float32)",3.6502922,0.005236770957708359
/tmp/DataSetCombined/Edges/Round-8_0006014_edge.png,"tf.Tensor(5.342, shape=(), dtype=float32)",5.3465037,0.005236770957708359
/tmp/DataSetCombined/Edges/Round-6_0060270_edge.png,"tf.Tensor(4.371, shape=(), dtype=float32)",4.5864596,0.005712423473596573
/tmp/DataSetCombined/Edges/Round-6_0036784_edge.png,"tf.Tensor(2.143, shape=(), dtype=float32)",2.0335038,0.005712423473596573
/tmp/DataSetCombined/Edges/Round-10_0012134_edge.png,"tf.Tensor(5.08, shape=(), dtype=float32)",5.1942763,0.005712423473596573
/tmp/DataSetCombined/Edges/Round-1_0049134_edge.png,"tf.Tensor(5.037, shape=(), dtype=float32)",5.196384,0.005712423473596573
/tmp/DataSetCombined/Edges/Round-10_0130966_edge.png,"tf.Tensor(2.562, shape=(), dtype=float32)",2.6742625,0.005712423473596573
/tmp/DataSetCombined/Edges/Round-1_0075012_edge.png,"tf.Tensor(5.202, shape=(), dtype=float32)",5.2263455,0.005712423473596573
/tmp/DataSetCombined/Edges/Round-8_0057154_edge.png,"tf.Tensor(5.217, shape=(), dtype=float32)",5.2279415,0.005712423473596573
/tmp/DataSetCombined/Edges/Round-2_0046600_edge.png,"tf.Tensor(2.869, shape=(), dtype=float32)",2.8898818,0.005712423473596573
/tmp/DataSetCombined/Edges/Round-5_0064721_edge.png,"tf.Tensor(2.663, shape=(), dtype=float32)",2.7859807,0.005712423473596573
/tmp/DataSetCombined/Edges/Round-1_0134429_edge.png,"tf.Tensor(2.338, shape=(), dtype=float32)",2.252343,0.005712423473596573
/tmp/DataSetCombined/Edges/Round-10_0088947_edge.png,"tf.Tensor(5.176, shape=(), dtype=float32)",5.2204185,0.005712423473596573
/tmp/DataSetCombined/Edges/Round-5_0054968_edge.png,"tf.Tensor(5.569, shape=(), dtype=float32)",5.5305963,0.005712423473596573
/tmp/DataSetCombined/Edges/Round-4_0011863_edge.png,"tf.Tensor(4.27, shape=(), dtype=float32)",4.4745245,0.005712423473596573
/tmp/DataSetCombined/Edges/Round-1_0049969_edge.png,"tf.Tensor(4.416, shape=(), dtype=float32)",4.568112,0.005712423473596573
/tmp/DataSetCombined/Edges/Round-1_0006734_edge.png,"tf.Tensor(1.99, shape=(), dtype=float32)",2.030379,0.005712423473596573
/tmp/DataSetCombined/Edges/Round-9_0174100_edge.png,"tf.Tensor(5.342, shape=(), dtype=float32)",5.3394365,0.005712423473596573
/tmp/DataSetCombined/Edges/Round-2_0057967_edge.png,"tf.Tensor(4.784, shape=(), dtype=float32)",4.952376,0.005712423473596573
/tmp/DataSetCombined/Edges/Round-10_0085004_edge.png,"tf.Tensor(4.963, shape=(), dtype=float32)",5.055747,0.005712423473596573
/tmp/DataSetCombined/Edges/Round-3_0053001_edge.png,"tf.Tensor(4.955, shape=(), dtype=float32)",5.0390058,0.005712423473596573
/tmp/DataSetCombined/Edges/Round-2_0096756_edge.png,"tf.Tensor(4.627, shape=(), dtype=float32)",4.731127,0.005712423473596573
/tmp/DataSetCombined/Edges/Round-7_0011020_edge.png,"tf.Tensor(5.033, shape=(), dtype=float32)",5.1836977,0.005712423473596573
/tmp/DataSetCombined/Edges/Round-5_0063517_edge.png,"tf.Tensor(2.553, shape=(), dtype=float32)",2.7018774,0.005712423473596573
/tmp/DataSetCombined/Edges/Round-6_0086478_edge.png,"tf.Tensor(3.455, shape=(), dtype=float32)",3.5624757,0.005712423473596573
/tmp/DataSetCombined/Edges/Round-1_0078511_edge.png,"tf.Tensor(1.673, shape=(), dtype=float32)",1.7778225,0.005712423473596573
/tmp/DataSetCombined/Edges/Round-7_0084283_edge.png,"tf.Tensor(4.312, shape=(), dtype=float32)",4.51109,0.005712423473596573
/tmp/DataSetCombined/Edges/Round-1_0161488_edge.png,"tf.Tensor(1.93, shape=(), dtype=float32)",1.9941709,0.005712423473596573
/tmp/DataSetCombined/Edges/Round-8_0071884_edge.png,"tf.Tensor(4.609, shape=(), dtype=float32)",4.740925,0.005712423473596573
/tmp/DataSetCombined/Edges/Round-10_0149447_edge.png,"tf.Tensor(2.94, shape=(), dtype=float32)",2.9459126,0.005712423473596573
/tmp/DataSetCombined/Edges/Round-8_0068362_edge.png,"tf.Tensor(5.567, shape=(), dtype=float32)",5.474564,0.005712423473596573
/tmp/DataSetCombined/Edges/Round-9_0091627_edge.png,"tf.Tensor(5.243, shape=(), dtype=float32)",5.236792,0.005712423473596573
/tmp/DataSetCombined/Edges/Round-2_0101181_edge.png,"tf.Tensor(5.148, shape=(), dtype=float32)",5.314014,0.005712423473596573
/tmp/DataSetCombined/Edges/Round-5_0090456_edge.png,"tf.Tensor(5.227, shape=(), dtype=float32)",5.352388,0.005712423473596573
/tmp/DataSetCombined/Edges/Round-6_0005213_edge.png,"tf.Tensor(5.147, shape=(), dtype=float32)",5.288547,0.005712423473596573
/tmp/DataSetCombined/Edges/Round-6_0033142_edge.png,"tf.Tensor(3.1, shape=(), dtype=float32)",3.1961575,0.005712423473596573
/tmp/DataSetCombined/Edges/Round-8_0031069_edge.png,"tf.Tensor(2.798, shape=(), dtype=float32)",2.8926728,0.005712423473596573
/tmp/DataSetCombined/Edges/Round-2_0057834_edge.png,"tf.Tensor(4.772, shape=(), dtype=float32)",4.952965,0.005712423473596573
/tmp/DataSetCombined/Edges/Round-5_0010241_edge.png,"tf.Tensor(2.48, shape=(), dtype=float32)",2.6281657,0.005712423473596573
/tmp/DataSetCombined/Edges/Round-4_0012494_edge.png,"tf.Tensor(5.033, shape=(), dtype=float32)",5.176803,0.005712423473596573
/tmp/DataSetCombined/Edges/Round-4_0028538_edge.png,"tf.Tensor(5.588, shape=(), dtype=float32)",5.540262,0.005712423473596573
/tmp/DataSetCombined/Edges/Round-9_0017010_edge.png,"tf.Tensor(5.157, shape=(), dtype=float32)",5.1482773,0.005712423473596573
/tmp/DataSetCombined/Edges/Round-4_0089700_edge.png,"tf.Tensor(5.553, shape=(), dtype=float32)",5.584449,0.005712423473596573
/tmp/DataSetCombined/Edges/Round-10_0107127_edge.png,"tf.Tensor(5.037, shape=(), dtype=float32)",5.206168,0.005712423473596573
/tmp/DataSetCombined/Edges/Round-5_0062614_edge.png,"tf.Tensor(5.153, shape=(), dtype=float32)",5.125069,0.005712423473596573
/tmp/DataSetCombined/Edges/Round-9_0157003_edge.png,"tf.Tensor(5.128, shape=(), dtype=float32)",5.286447,0.005712423473596573
/tmp/DataSetCombined/Edges/Round-10_0041059_edge.png,"tf.Tensor(2.674, shape=(), dtype=float32)",2.8889148,0.005712423473596573
/tmp/DataSetCombined/Edges/Round-7_0047982_edge.png,"tf.Tensor(2.951, shape=(), dtype=float32)",2.9669514,0.005712423473596573
/tmp/DataSetCombined/Edges/Round-8_0083310_edge.png,"tf.Tensor(2.03, shape=(), dtype=float32)",1.9688185,0.005712423473596573
/tmp/DataSetCombined/Edges/Round-7_0015926_edge.png,"tf.Tensor(5.032, shape=(), dtype=float32)",5.1844907,0.005712423473596573
/tmp/DataSetCombined/Edges/Round-3_0073024_edge.png,"tf.Tensor(2.629, shape=(), dtype=float32)",2.7475326,0.005712423473596573
/tmp/DataSetCombined/Edges/Round-8_0002282_edge.png,"tf.Tensor(5.246, shape=(), dtype=float32)",5.256741,0.005712423473596573
/tmp/DataSetCombined/Edges/Round-8_0036656_edge.png,"tf.Tensor(3.544, shape=(), dtype=float32)",3.658593,0.005712423473596573
/tmp/DataSetCombined/Edges/Round-8_0063065_edge.png,"tf.Tensor(3.387, shape=(), dtype=float32)",3.3508697,0.005712423473596573
/tmp/DataSetCombined/Edges/Round-10_0094395_edge.png,"tf.Tensor(2.207, shape=(), dtype=float32)",2.1943953,0.005712423473596573
/tmp/DataSetCombined/Edges/Round-7_0114774_edge.png,"tf.Tensor(4.974, shape=(), dtype=float32)",5.0662003,0.005712423473596573
/tmp/DataSetCombined/Edges/Round-10_0096291_edge.png,"tf.Tensor(1.674, shape=(), dtype=float32)",1.8016311,0.005712423473596573
/tmp/DataSetCombined/Edges/Round-5_0080975_edge.png,"tf.Tensor(4.332, shape=(), dtype=float32)",4.4979258,0.005712423473596573
/tmp/DataSetCombined/Edges/Round-6_0058968_edge.png,"tf.Tensor(5.571, shape=(), dtype=float32)",5.5294814,0.005712423473596573
/tmp/DataSetCombined/Edges/Round-10_0162571_edge.png,"tf.Tensor(4.79, shape=(), dtype=float32)",4.9412894,0.005712423473596573
/tmp/DataSetCombined/Edges/Round-9_0025137_edge.png,"tf.Tensor(5.432, shape=(), dtype=float32)",5.446029,0.005712423473596573
/tmp/DataSetCombined/Edges/Round-1_0069200_edge.png,"tf.Tensor(5.065, shape=(), dtype=float32)",5.166274,0.005712423473596573
/tmp/DataSetCombined/Edges/Round-5_0092563_edge.png,"tf.Tensor(4.431, shape=(), dtype=float32)",4.504209,0.005712423473596573
/tmp/DataSetCombined/Edges/Round-8_0052681_edge.png,"tf.Tensor(3.117, shape=(), dtype=float32)",3.1299758,0.005712423473596573
/tmp/DataSetCombined/Edges/Round-1_0161097_edge.png,"tf.Tensor(5.57, shape=(), dtype=float32)",5.529272,0.005712423473596573
/tmp/DataSetCombined/Edges/Round-5_0126425_edge.png,"tf.Tensor(3.296, shape=(), dtype=float32)",3.3910592,0.005712423473596573
/tmp/DataSetCombined/Edges/Round-3_0084431_edge.png,"tf.Tensor(5.572, shape=(), dtype=float32)",5.480736,0.005034778267145157
/tmp/DataSetCombined/Edges/Round-4_0025798_edge.png,"tf.Tensor(1.522, shape=(), dtype=float32)",1.6994115,0.005034778267145157
/tmp/DataSetCombined/Edges/Round-7_0034950_edge.png,"tf.Tensor(1.957, shape=(), dtype=float32)",2.0091546,0.005034778267145157
/tmp/DataSetCombined/Edges/Round-5_0027698_edge.png,"tf.Tensor(4.955, shape=(), dtype=float32)",5.0219274,0.005034778267145157
/tmp/DataSetCombined/Edges/Round-9_0018003_edge.png,"tf.Tensor(2.67, shape=(), dtype=float32)",2.887624,0.005034778267145157
/tmp/DataSetCombined/Edges/Round-7_0092380_edge.png,"tf.Tensor(3.877, shape=(), dtype=float32)",4.1038504,0.005034778267145157
/tmp/DataSetCombined/Edges/Round-10_0169373_edge.png,"tf.Tensor(2.367, shape=(), dtype=float32)",2.517576,0.005034778267145157
/tmp/DataSetCombined/Edges/Round-9_0169133_edge.png,"tf.Tensor(3.519, shape=(), dtype=float32)",3.7108858,0.005034778267145157
/tmp/DataSetCombined/Edges/Round-7_0064146_edge.png,"tf.Tensor(5.58, shape=(), dtype=float32)",5.4788747,0.005034778267145157
/tmp/DataSetCombined/Edges/Round-9_0037116_edge.png,"tf.Tensor(5.631, shape=(), dtype=float32)",5.5474625,0.005034778267145157
/tmp/DataSetCombined/Edges/Round-4_0025378_edge.png,"tf.Tensor(2.605, shape=(), dtype=float32)",2.6466026,0.005034778267145157
/tmp/DataSetCombined/Edges/Round-10_0136866_edge.png,"tf.Tensor(1.228, shape=(), dtype=float32)",1.5404245,0.005034778267145157
/tmp/DataSetCombined/Edges/Round-1_0138926_edge.png,"tf.Tensor(5.497, shape=(), dtype=float32)",5.558761,0.005034778267145157
/tmp/DataSetCombined/Edges/Round-5_0095121_edge.png,"tf.Tensor(5.194, shape=(), dtype=float32)",5.170393,0.005034778267145157
/tmp/DataSetCombined/Edges/Round-8_0079728_edge.png,"tf.Tensor(5.479, shape=(), dtype=float32)",5.582766,0.005034778267145157
/tmp/DataSetCombined/Edges/Round-6_0057492_edge.png,"tf.Tensor(4.514, shape=(), dtype=float32)",4.7368193,0.005034778267145157
/tmp/DataSetCombined/Edges/Round-7_0068330_edge.png,"tf.Tensor(4.646, shape=(), dtype=float32)",4.724776,0.005034778267145157
/tmp/DataSetCombined/Edges/Round-1_0009934_edge.png,"tf.Tensor(5.539, shape=(), dtype=float32)",5.579661,0.005034778267145157
/tmp/DataSetCombined/Edges/Round-7_0029110_edge.png,"tf.Tensor(4.686, shape=(), dtype=float32)",4.97316,0.005034778267145157
/tmp/DataSetCombined/Edges/Round-10_0073747_edge.png,"tf.Tensor(4.431, shape=(), dtype=float32)",4.5608025,0.005034778267145157
/tmp/DataSetCombined/Edges/Round-9_0104690_edge.png,"tf.Tensor(3.091, shape=(), dtype=float32)",3.215908,0.005034778267145157
/tmp/DataSetCombined/Edges/Round-9_0154656_edge.png,"tf.Tensor(5.425, shape=(), dtype=float32)",5.438514,0.005034778267145157
/tmp/DataSetCombined/Edges/Round-10_0141441_edge.png,"tf.Tensor(2.099, shape=(), dtype=float32)",2.1488795,0.005034778267145157
/tmp/DataSetCombined/Edges/Round-10_0103215_edge.png,"tf.Tensor(2.449, shape=(), dtype=float32)",2.601682,0.005034778267145157
/tmp/DataSetCombined/Edges/Round-9_0023120_edge.png,"tf.Tensor(2.51, shape=(), dtype=float32)",2.7510564,0.005034778267145157
/tmp/DataSetCombined/Edges/Round-8_0047744_edge.png,"tf.Tensor(5.672, shape=(), dtype=float32)",5.643226,0.005034778267145157
/tmp/DataSetCombined/Edges/Round-5_0080824_edge.png,"tf.Tensor(5.114, shape=(), dtype=float32)",5.2676034,0.005034778267145157
/tmp/DataSetCombined/Edges/Round-9_0080761_edge.png,"tf.Tensor(4.972, shape=(), dtype=float32)",5.2127275,0.005034778267145157
/tmp/DataSetCombined/Edges/Round-6_0070736_edge.png,"tf.Tensor(5.577, shape=(), dtype=float32)",5.608277,0.005034778267145157
/tmp/DataSetCombined/Edges/Round-7_0110048_edge.png,"tf.Tensor(5.253, shape=(), dtype=float32)",5.3597083,0.005034778267145157
/tmp/DataSetCombined/Edges/Round-10_0126752_edge.png,"tf.Tensor(2.525, shape=(), dtype=float32)",2.6663826,0.005034778267145157
/tmp/DataSetCombined/Edges/Round-7_0027846_edge.png,"tf.Tensor(3.349, shape=(), dtype=float32)",3.5006201,0.005034778267145157
/tmp/DataSetCombined/Edges/Round-10_0147310_edge.png,"tf.Tensor(2.034, shape=(), dtype=float32)",2.1249728,0.005034778267145157
/tmp/DataSetCombined/Edges/Round-5_0021377_edge.png,"tf.Tensor(2.814, shape=(), dtype=float32)",2.8931754,0.005034778267145157
/tmp/DataSetCombined/Edges/Round-9_0054454_edge.png,"tf.Tensor(3.091, shape=(), dtype=float32)",3.124796,0.005034778267145157
/tmp/DataSetCombined/Edges/Round-4_0035972_edge.png,"tf.Tensor(5.443, shape=(), dtype=float32)",5.5270114,0.005034778267145157
/tmp/DataSetCombined/Edges/Round-3_0056318_edge.png,"tf.Tensor(4.723, shape=(), dtype=float32)",4.9370446,0.005034778267145157
/tmp/DataSetCombined/Edges/Round-1_0113630_edge.png,"tf.Tensor(5.562, shape=(), dtype=float32)",5.4811044,0.005034778267145157
/tmp/DataSetCombined/Edges/Round-10_0094064_edge.png,"tf.Tensor(2.452, shape=(), dtype=float32)",2.5878022,0.005034778267145157
/tmp/DataSetCombined/Edges/Round-6_0009363_edge.png,"tf.Tensor(4.472, shape=(), dtype=float32)",4.541216,0.005034778267145157
/tmp/DataSetCombined/Edges/Round-3_0056077_edge.png,"tf.Tensor(3.824, shape=(), dtype=float32)",4.0554247,0.005034778267145157
/tmp/DataSetCombined/Edges/Round-7_0017190_edge.png,"tf.Tensor(2.514, shape=(), dtype=float32)",2.7532184,0.005034778267145157
/tmp/DataSetCombined/Edges/Round-1_0137078_edge.png,"tf.Tensor(4.359, shape=(), dtype=float32)",4.558004,0.005034778267145157
/tmp/DataSetCombined/Edges/Round-7_0006897_edge.png,"tf.Tensor(5.504, shape=(), dtype=float32)",5.457006,0.005034778267145157
/tmp/DataSetCombined/Edges/Round-1_0020900_edge.png,"tf.Tensor(2.122, shape=(), dtype=float32)",2.1732075,0.005034778267145157
/tmp/DataSetCombined/Edges/Round-8_0060452_edge.png,"tf.Tensor(1.99, shape=(), dtype=float32)",2.049651,0.005034778267145157
/tmp/DataSetCombined/Edges/Round-9_0036304_edge.png,"tf.Tensor(2.225, shape=(), dtype=float32)",2.376768,0.005034778267145157
/tmp/DataSetCombined/Edges/Round-5_0027367_edge.png,"tf.Tensor(5.67, shape=(), dtype=float32)",5.640169,0.005034778267145157
/tmp/DataSetCombined/Edges/Round-4_0044852_edge.png,"tf.Tensor(5.517, shape=(), dtype=float32)",5.5569997,0.005034778267145157
/tmp/DataSetCombined/Edges/Round-8_0086320_edge.png,"tf.Tensor(4.797, shape=(), dtype=float32)",4.9792924,0.005034778267145157
/tmp/DataSetCombined/Edges/Round-9_0024385_edge.png,"tf.Tensor(5.097, shape=(), dtype=float32)",5.244127,0.005034778267145157
/tmp/DataSetCombined/Edges/Round-2_0089682_edge.png,"tf.Tensor(5.67, shape=(), dtype=float32)",5.6408777,0.005034778267145157
/tmp/DataSetCombined/Edges/Round-1_0133858_edge.png,"tf.Tensor(4.948, shape=(), dtype=float32)",5.118798,0.005034778267145157
/tmp/DataSetCombined/Edges/Round-7_0034407_edge.png,"tf.Tensor(4.787, shape=(), dtype=float32)",4.988188,0.005034778267145157
/tmp/DataSetCombined/Edges/Round-6_0080157_edge.png,"tf.Tensor(5.042, shape=(), dtype=float32)",5.1192017,0.005034778267145157
/tmp/DataSetCombined/Edges/Round-7_0081995_edge.png,"tf.Tensor(4.382, shape=(), dtype=float32)",4.529369,0.005034778267145157
/tmp/DataSetCombined/Edges/Round-3_0085159_edge.png,"tf.Tensor(3.619, shape=(), dtype=float32)",3.7867432,0.005034778267145157
/tmp/DataSetCombined/Edges/Round-1_0011900_edge.png,"tf.Tensor(5.097, shape=(), dtype=float32)",5.1674924,0.005034778267145157
/tmp/DataSetCombined/Edges/Round-5_0026073_edge.png,"tf.Tensor(2.673, shape=(), dtype=float32)",2.8006728,0.005034778267145157
/tmp/DataSetCombined/Edges/Round-10_0193453_edge.png,"tf.Tensor(2.854, shape=(), dtype=float32)",2.8806589,0.005034778267145157
/tmp/DataSetCombined/Edges/Round-10_0137408_edge.png,"tf.Tensor(4.585, shape=(), dtype=float32)",4.713557,0.005034778267145157
/tmp/DataSetCombined/Edges/Round-1_0033806_edge.png,"tf.Tensor(3.408, shape=(), dtype=float32)",3.4875596,0.005034778267145157
/tmp/DataSetCombined/Edges/Round-3_0033533_edge.png,"tf.Tensor(4.025, shape=(), dtype=float32)",4.1440415,0.005034778267145157
/tmp/DataSetCombined/Edges/Round-9_0103276_edge.png,"tf.Tensor(2.785, shape=(), dtype=float32)",2.8741407,0.005034778267145157
/tmp/DataSetCombined/Edges/Round-8_0004732_edge.png,"tf.Tensor(3.523, shape=(), dtype=float32)",3.641226,0.005804605782032013
/tmp/DataSetCombined/Edges/Round-8_0035223_edge.png,"tf.Tensor(5.277, shape=(), dtype=float32)",5.2777543,0.005804605782032013
/tmp/DataSetCombined/Edges/Round-9_0032150_edge.png,"tf.Tensor(4.473, shape=(), dtype=float32)",4.615634,0.005804605782032013
/tmp/DataSetCombined/Edges/Round-9_0143579_edge.png,"tf.Tensor(5.552, shape=(), dtype=float32)",5.4809337,0.005804605782032013
/tmp/DataSetCombined/Edges/Round-4_0053611_edge.png,"tf.Tensor(5.482, shape=(), dtype=float32)",5.460581,0.005804605782032013
/tmp/DataSetCombined/Edges/Round-5_0113723_edge.png,"tf.Tensor(2.756, shape=(), dtype=float32)",2.8203986,0.005804605782032013
/tmp/DataSetCombined/Edges/Round-8_0088096_edge.png,"tf.Tensor(2.991, shape=(), dtype=float32)",3.0997248,0.005804605782032013
/tmp/DataSetCombined/Edges/Round-6_0074408_edge.png,"tf.Tensor(3.667, shape=(), dtype=float32)",3.8279507,0.005804605782032013
/tmp/DataSetCombined/Edges/Round-7_0006746_edge.png,"tf.Tensor(4.268, shape=(), dtype=float32)",4.4504886,0.005804605782032013
/tmp/DataSetCombined/Edges/Round-10_0171209_edge.png,"tf.Tensor(5.524, shape=(), dtype=float32)",5.5812063,0.005804605782032013
/tmp/DataSetCombined/Edges/Round-8_0067628_edge.png,"tf.Tensor(5.44, shape=(), dtype=float32)",5.4465137,0.005804605782032013
/tmp/DataSetCombined/Edges/Round-1_0169374_edge.png,"tf.Tensor(3.474, shape=(), dtype=float32)",3.5797858,0.005804605782032013
/tmp/DataSetCombined/Edges/Round-5_0057707_edge.png,"tf.Tensor(3.544, shape=(), dtype=float32)",3.7048895,0.005804605782032013
/tmp/DataSetCombined/Edges/Round-8_0007791_edge.png,"tf.Tensor(4.797, shape=(), dtype=float32)",4.9314785,0.005804605782032013
/tmp/DataSetCombined/Edges/Round-3_0002267_edge.png,"tf.Tensor(1.816, shape=(), dtype=float32)",1.904833,0.005804605782032013
/tmp/DataSetCombined/Edges/Round-9_0016558_edge.png,"tf.Tensor(5.066, shape=(), dtype=float32)",5.218008,0.005804605782032013
/tmp/DataSetCombined/Edges/Round-10_0148032_edge.png,"tf.Tensor(3.443, shape=(), dtype=float32)",3.5974703,0.005804605782032013
/tmp/DataSetCombined/Edges/Round-2_0077501_edge.png,"tf.Tensor(5.239, shape=(), dtype=float32)",5.3227525,0.005804605782032013
/tmp/DataSetCombined/Edges/Round-5_0006478_edge.png,"tf.Tensor(2.782, shape=(), dtype=float32)",2.837361,0.005804605782032013
/tmp/DataSetCombined/Edges/Round-10_0148906_edge.png,"tf.Tensor(3.898, shape=(), dtype=float32)",4.077321,0.005804605782032013
/tmp/DataSetCombined/Edges/Round-7_0032601_edge.png,"tf.Tensor(5.159, shape=(), dtype=float32)",5.1956058,0.005804605782032013
/tmp/DataSetCombined/Edges/Round-5_0070350_edge.png,"tf.Tensor(2.396, shape=(), dtype=float32)",2.3829763,0.005804605782032013
/tmp/DataSetCombined/Edges/Round-10_0125969_edge.png,"tf.Tensor(1.932, shape=(), dtype=float32)",2.0001216,0.005804605782032013
/tmp/DataSetCombined/Edges/Round-1_0102434_edge.png,"tf.Tensor(5.446, shape=(), dtype=float32)",5.43732,0.005804605782032013
/tmp/DataSetCombined/Edges/Round-4_0033594_edge.png,"tf.Tensor(3.744, shape=(), dtype=float32)",3.9691298,0.005804605782032013
/tmp/DataSetCombined/Edges/Round-9_0135934_edge.png,"tf.Tensor(2.836, shape=(), dtype=float32)",2.9887426,0.005804605782032013
/tmp/DataSetCombined/Edges/Round-10_0074078_edge.png,"tf.Tensor(5.632, shape=(), dtype=float32)",5.498861,0.005804605782032013
/tmp/DataSetCombined/Edges/Round-1_0023534_edge.png,"tf.Tensor(4.968, shape=(), dtype=float32)",5.0585265,0.005804605782032013
/tmp/DataSetCombined/Edges/Round-6_0019567_edge.png,"tf.Tensor(5.571, shape=(), dtype=float32)",5.528157,0.005804605782032013
/tmp/DataSetCombined/Edges/Round-5_0027277_edge.png,"tf.Tensor(3.457, shape=(), dtype=float32)",3.6393745,0.005804605782032013
/tmp/DataSetCombined/Edges/Round-6_0008310_edge.png,"tf.Tensor(2.262, shape=(), dtype=float32)",2.3770385,0.005804605782032013
/tmp/DataSetCombined/Edges/Round-10_0190172_edge.png,"tf.Tensor(5.136, shape=(), dtype=float32)",5.3091736,0.005804605782032013
/tmp/DataSetCombined/Edges/Round-3_0062248_edge.png,"tf.Tensor(4.27, shape=(), dtype=float32)",4.470914,0.005804605782032013
/tmp/DataSetCombined/Edges/Round-9_0122930_edge.png,"tf.Tensor(4.746, shape=(), dtype=float32)",4.9415784,0.005804605782032013
/tmp/DataSetCombined/Edges/Round-6_0096587_edge.png,"tf.Tensor(4.268, shape=(), dtype=float32)",4.4750085,0.005804605782032013
/tmp/DataSetCombined/Edges/Round-10_0146618_edge.png,"tf.Tensor(3.512, shape=(), dtype=float32)",3.6898808,0.005804605782032013
/tmp/DataSetCombined/Edges/Round-3_0070646_edge.png,"tf.Tensor(5.587, shape=(), dtype=float32)",5.541538,0.005804605782032013
/tmp/DataSetCombined/Edges/Round-1_0079738_edge.png,"tf.Tensor(2.509, shape=(), dtype=float32)",2.4979904,0.005804605782032013
/tmp/DataSetCombined/Edges/Round-3_0032301_edge.png,"tf.Tensor(4.269, shape=(), dtype=float32)",4.4592776,0.005804605782032013
/tmp/DataSetCombined/Edges/Round-9_0140961_edge.png,"tf.Tensor(2.137, shape=(), dtype=float32)",2.216356,0.005804605782032013
/tmp/DataSetCombined/Edges/Round-1_0049200_edge.png,"tf.Tensor(4.429, shape=(), dtype=float32)",4.6024537,0.005804605782032013
/tmp/DataSetCombined/Edges/Round-8_0020625_edge.png,"tf.Tensor(5.602, shape=(), dtype=float32)",5.6093516,0.005804605782032013
/tmp/DataSetCombined/Edges/Round-1_0167388_edge.png,"tf.Tensor(3.428, shape=(), dtype=float32)",3.510689,0.005804605782032013
/tmp/DataSetCombined/Edges/Round-10_0163775_edge.png,"tf.Tensor(2.507, shape=(), dtype=float32)",2.749613,0.005804605782032013
/tmp/DataSetCombined/Edges/Round-2_0086371_edge.png,"tf.Tensor(3.793, shape=(), dtype=float32)",4.020009,0.005804605782032013
/tmp/DataSetCombined/Edges/Round-9_0073397_edge.png,"tf.Tensor(5.568, shape=(), dtype=float32)",5.526833,0.005804605782032013
/tmp/DataSetCombined/Edges/Round-2_0072826_edge.png,"tf.Tensor(4.749, shape=(), dtype=float32)",4.876005,0.005804605782032013
/tmp/DataSetCombined/Edges/Round-2_0096635_edge.png,"tf.Tensor(2.6, shape=(), dtype=float32)",2.8513823,0.005804605782032013
/tmp/DataSetCombined/Edges/Round-9_0012856_edge.png,"tf.Tensor(5.37, shape=(), dtype=float32)",5.4155393,0.005804605782032013
/tmp/DataSetCombined/Edges/Round-5_0024026_edge.png,"tf.Tensor(3.608, shape=(), dtype=float32)",3.7927282,0.005804605782032013
/tmp/DataSetCombined/Edges/Round-9_0197036_edge.png,"tf.Tensor(4.385, shape=(), dtype=float32)",4.5486975,0.005804605782032013
/tmp/DataSetCombined/Edges/Round-10_0137889_edge.png,"tf.Tensor(3.098, shape=(), dtype=float32)",3.0212297,0.005804605782032013
/tmp/DataSetCombined/Edges/Round-9_0169164_edge.png,"tf.Tensor(1.954, shape=(), dtype=float32)",1.9932529,0.005804605782032013
/tmp/DataSetCombined/Edges/Round-6_0008070_edge.png,"tf.Tensor(2.031, shape=(), dtype=float32)",2.0647132,0.005804605782032013
/tmp/DataSetCombined/Edges/Round-1_0146559_edge.png,"tf.Tensor(4.957, shape=(), dtype=float32)",5.037736,0.005804605782032013
/tmp/DataSetCombined/Edges/Round-6_0095087_edge.png,"tf.Tensor(1.825, shape=(), dtype=float32)",1.8739945,0.005804605782032013
/tmp/DataSetCombined/Edges/Round-1_0025100_edge.png,"tf.Tensor(5.479, shape=(), dtype=float32)",5.4543085,0.005804605782032013
/tmp/DataSetCombined/Edges/Round-1_0080009_edge.png,"tf.Tensor(4.649, shape=(), dtype=float32)",4.7292204,0.005804605782032013
/tmp/DataSetCombined/Edges/Round-9_0189812_edge.png,"tf.Tensor(2.263, shape=(), dtype=float32)",2.3677864,0.005804605782032013
/tmp/DataSetCombined/Edges/Round-1_0103577_edge.png,"tf.Tensor(5.558, shape=(), dtype=float32)",5.476008,0.005804605782032013
/tmp/DataSetCombined/Edges/Round-3_0034600_edge.png,"tf.Tensor(2.022, shape=(), dtype=float32)",2.0815096,0.005804605782032013
/tmp/DataSetCombined/Edges/Round-9_0125700_edge.png,"tf.Tensor(3.881, shape=(), dtype=float32)",4.0848703,0.005804605782032013
/tmp/DataSetCombined/Edges/Round-9_0105924_edge.png,"tf.Tensor(5.082, shape=(), dtype=float32)",5.153622,0.005804605782032013
/tmp/DataSetCombined/Edges/Round-10_0128107_edge.png,"tf.Tensor(1.525, shape=(), dtype=float32)",1.696209,0.005804605782032013
/tmp/DataSetCombined/Edges/Round-7_0129763_edge.png,"tf.Tensor(3.319, shape=(), dtype=float32)",3.4172873,0.0055891238152980804
/tmp/DataSetCombined/Edges/Round-6_0028231_edge.png,"tf.Tensor(4.329, shape=(), dtype=float32)",4.517307,0.0055891238152980804
/tmp/DataSetCombined/Edges/Round-3_0017670_edge.png,"tf.Tensor(4.776, shape=(), dtype=float32)",4.9458995,0.0055891238152980804
/tmp/DataSetCombined/Edges/Round-1_0020434_edge.png,"tf.Tensor(2.458, shape=(), dtype=float32)",2.6204462,0.0055891238152980804
/tmp/DataSetCombined/Edges/Round-8_0015466_edge.png,"tf.Tensor(4.342, shape=(), dtype=float32)",4.4497204,0.0055891238152980804
/tmp/DataSetCombined/Edges/Round-6_0110980_edge.png,"tf.Tensor(5.333, shape=(), dtype=float32)",5.481666,0.0055891238152980804
/tmp/DataSetCombined/Edges/Round-9_0172053_edge.png,"tf.Tensor(3.275, shape=(), dtype=float32)",3.351024,0.0055891238152980804
/tmp/DataSetCombined/Edges/Round-6_0112153_edge.png,"tf.Tensor(5.62, shape=(), dtype=float32)",5.543121,0.0055891238152980804
/tmp/DataSetCombined/Edges/Round-1_0044334_edge.png,"tf.Tensor(2.58, shape=(), dtype=float32)",2.7008116,0.0055891238152980804
/tmp/DataSetCombined/Edges/Round-6_0110438_edge.png,"tf.Tensor(3.194, shape=(), dtype=float32)",3.2461724,0.0055891238152980804
/tmp/DataSetCombined/Edges/Round-9_0065440_edge.png,"tf.Tensor(1.915, shape=(), dtype=float32)",1.9609069,0.0055891238152980804
/tmp/DataSetCombined/Edges/Round-1_0171407_edge.png,"tf.Tensor(4.747, shape=(), dtype=float32)",4.8717017,0.0055891238152980804
/tmp/DataSetCombined/Edges/Round-9_0004458_edge.png,"tf.Tensor(5.055, shape=(), dtype=float32)",5.1453276,0.0055891238152980804
/tmp/DataSetCombined/Edges/Round-3_0072271_edge.png,"tf.Tensor(5.152, shape=(), dtype=float32)",5.1374497,0.0055891238152980804
/tmp/DataSetCombined/Edges/Round-10_0042977_edge.png,"tf.Tensor(5.496, shape=(), dtype=float32)",5.46914,0.0055891238152980804
/tmp/DataSetCombined/Edges/Round-6_0058065_edge.png,"tf.Tensor(4.286, shape=(), dtype=float32)",4.4588857,0.0055891238152980804
/tmp/DataSetCombined/Edges/Round-8_0006053_edge.png,"tf.Tensor(1.99, shape=(), dtype=float32)",2.094576,0.0055891238152980804
/tmp/DataSetCombined/Edges/Round-9_0032903_edge.png,"tf.Tensor(2.79, shape=(), dtype=float32)",2.9138577,0.0055891238152980804
/tmp/DataSetCombined/Edges/Round-1_0006667_edge.png,"tf.Tensor(5.501, shape=(), dtype=float32)",5.460151,0.0055891238152980804
/tmp/DataSetCombined/Edges/Round-9_0037816_edge.png,"tf.Tensor(2.387, shape=(), dtype=float32)",2.534755,0.0055891238152980804
/tmp/DataSetCombined/Edges/Round-10_0136776_edge.png,"tf.Tensor(3.096, shape=(), dtype=float32)",3.0166786,0.0055891238152980804
/tmp/DataSetCombined/Edges/Round-5_0096089_edge.png,"tf.Tensor(5.448, shape=(), dtype=float32)",5.539421,0.0055891238152980804
/tmp/DataSetCombined/Edges/Round-10_0008009_edge.png,"tf.Tensor(5.675, shape=(), dtype=float32)",5.6417623,0.0055891238152980804
/tmp/DataSetCombined/Edges/Round-1_0122720_edge.png,"tf.Tensor(5.513, shape=(), dtype=float32)",5.463655,0.0055891238152980804
/tmp/DataSetCombined/Edges/Round-9_0077209_edge.png,"tf.Tensor(5.348, shape=(), dtype=float32)",5.3581367,0.0055891238152980804
/tmp/DataSetCombined/Edges/Round-5_0093617_edge.png,"tf.Tensor(5.629, shape=(), dtype=float32)",5.5262237,0.0055891238152980804
/tmp/DataSetCombined/Edges/Round-3_0015082_edge.png,"tf.Tensor(2.894, shape=(), dtype=float32)",2.9081485,0.0055891238152980804
/tmp/DataSetCombined/Edges/Round-9_0037026_edge.png,"tf.Tensor(1.227, shape=(), dtype=float32)",1.5415393,0.0055891238152980804
/tmp/DataSetCombined/Edges/Round-10_0111522_edge.png,"tf.Tensor(5.144, shape=(), dtype=float32)",5.3000517,0.0055891238152980804
/tmp/DataSetCombined/Edges/Round-7_0019147_edge.png,"tf.Tensor(4.768, shape=(), dtype=float32)",4.897341,0.0055891238152980804
/tmp/DataSetCombined/Edges/Round-10_0126451_edge.png,"tf.Tensor(5.211, shape=(), dtype=float32)",5.1974373,0.0055891238152980804
/tmp/DataSetCombined/Edges/Round-10_0155166_edge.png,"tf.Tensor(5.514, shape=(), dtype=float32)",5.477839,0.0055891238152980804
/tmp/DataSetCombined/Edges/Round-10_0151283_edge.png,"tf.Tensor(5.561, shape=(), dtype=float32)",5.4812236,0.0055891238152980804
/tmp/DataSetCombined/Edges/Round-7_0036334_edge.png,"tf.Tensor(2.358, shape=(), dtype=float32)",2.3521662,0.0055891238152980804
/tmp/DataSetCombined/Edges/Round-1_0054434_edge.png,"tf.Tensor(3.001, shape=(), dtype=float32)",3.0863855,0.0055891238152980804
/tmp/DataSetCombined/Edges/Round-5_0009247_edge.png,"tf.Tensor(3.064, shape=(), dtype=float32)",3.0959039,0.0055891238152980804
/tmp/DataSetCombined/Edges/Round-8_0088789_edge.png,"tf.Tensor(3.981, shape=(), dtype=float32)",4.1729913,0.0055891238152980804
/tmp/DataSetCombined/Edges/Round-6_0028537_edge.png,"tf.Tensor(5.224, shape=(), dtype=float32)",5.2313466,0.0055891238152980804
/tmp/DataSetCombined/Edges/Round-5_0024177_edge.png,"tf.Tensor(5.472, shape=(), dtype=float32)",5.44304,0.0055891238152980804
/tmp/DataSetCombined/Edges/Round-8_0061096_edge.png,"tf.Tensor(5.077, shape=(), dtype=float32)",5.2189026,0.0055891238152980804
/tmp/DataSetCombined/Edges/Round-10_0047982_edge.png,"tf.Tensor(3.84, shape=(), dtype=float32)",4.055766,0.0055891238152980804
/tmp/DataSetCombined/Edges/Round-6_0126962_edge.png,"tf.Tensor(2.274, shape=(), dtype=float32)",2.1647334,0.0055891238152980804
/tmp/DataSetCombined/Edges/Round-1_0001834_edge.png,"tf.Tensor(5.169, shape=(), dtype=float32)",5.1472116,0.0055891238152980804
/tmp/DataSetCombined/Edges/Round-8_0087433_edge.png,"tf.Tensor(1.545, shape=(), dtype=float32)",1.6992025,0.0055891238152980804
/tmp/DataSetCombined/Edges/Round-1_0009634_edge.png,"tf.Tensor(1.92, shape=(), dtype=float32)",1.9162863,0.0055891238152980804
/tmp/DataSetCombined/Edges/Round-10_0161246_edge.png,"tf.Tensor(5.559, shape=(), dtype=float32)",5.4746833,0.0055891238152980804
/tmp/DataSetCombined/Edges/Round-4_0083831_edge.png,"tf.Tensor(5.522, shape=(), dtype=float32)",5.5648317,0.0055891238152980804
/tmp/DataSetCombined/Edges/Round-4_0002953_edge.png,"tf.Tensor(5.097, shape=(), dtype=float32)",5.1682386,0.0055891238152980804
/tmp/DataSetCombined/Edges/Round-10_0141087_edge.png,"tf.Tensor(3.089, shape=(), dtype=float32)",3.0119562,0.0055891238152980804
/tmp/DataSetCombined/Edges/Round-8_0035735_edge.png,"tf.Tensor(2.868, shape=(), dtype=float32)",3.0205305,0.0055891238152980804
/tmp/DataSetCombined/Edges/Round-8_0048334_edge.png,"tf.Tensor(4.495, shape=(), dtype=float32)",4.613663,0.0055891238152980804
/tmp/DataSetCombined/Edges/Round-8_0019408_edge.png,"tf.Tensor(5.033, shape=(), dtype=float32)",5.1908455,0.0055891238152980804
/tmp/DataSetCombined/Edges/Round-10_0045754_edge.png,"tf.Tensor(1.937, shape=(), dtype=float32)",2.0181754,0.0055891238152980804
/tmp/DataSetCombined/Edges/Round-3_0067154_edge.png,"tf.Tensor(3.702, shape=(), dtype=float32)",3.9074438,0.0055891238152980804
/tmp/DataSetCombined/Edges/Round-3_0053701_edge.png,"tf.Tensor(4.955, shape=(), dtype=float32)",5.0301933,0.0055891238152980804
/tmp/DataSetCombined/Edges/Round-9_0039073_edge.png,"tf.Tensor(4.718, shape=(), dtype=float32)",4.817876,0.0055891238152980804
/tmp/DataSetCombined/Edges/Round-2_0063967_edge.png,"tf.Tensor(5.239, shape=(), dtype=float32)",5.3312855,0.0055891238152980804
/tmp/DataSetCombined/Edges/Round-7_0050662_edge.png,"tf.Tensor(1.951, shape=(), dtype=float32)",1.9329371,0.0055891238152980804
/tmp/DataSetCombined/Edges/Round-6_0123046_edge.png,"tf.Tensor(3.042, shape=(), dtype=float32)",3.0962503,0.0055891238152980804
/tmp/DataSetCombined/Edges/Round-5_0087085_edge.png,"tf.Tensor(5.651, shape=(), dtype=float32)",5.6368437,0.0055891238152980804
/tmp/DataSetCombined/Edges/Round-2_0066776_edge.png,"tf.Tensor(2.57, shape=(), dtype=float32)",2.719973,0.0055891238152980804
/tmp/DataSetCombined/Edges/Round-10_0091475_edge.png,"tf.Tensor(5.658, shape=(), dtype=float32)",5.5144796,0.0055891238152980804
/tmp/DataSetCombined/Edges/Round-9_0163324_edge.png,"tf.Tensor(5.519, shape=(), dtype=float32)",5.5652003,0.0055891238152980804
/tmp/DataSetCombined/Edges/Round-6_0057432_edge.png,"tf.Tensor(4.788, shape=(), dtype=float32)",5.131694,0.0055891238152980804
/tmp/DataSetCombined/Edges/Round-6_0043586_edge.png,"tf.Tensor(1.691, shape=(), dtype=float32)",1.8212903,0.005379121750593185
/tmp/DataSetCombined/Edges/Round-10_0052256_edge.png,"tf.Tensor(5.152, shape=(), dtype=float32)",5.1423926,0.005379121750593185
/tmp/DataSetCombined/Edges/Round-1_0117212_edge.png,"tf.Tensor(5.19, shape=(), dtype=float32)",5.191825,0.005379121750593185
/tmp/DataSetCombined/Edges/Round-9_0139907_edge.png,"tf.Tensor(5.568, shape=(), dtype=float32)",5.5239663,0.005379121750593185
/tmp/DataSetCombined/Edges/Round-9_0180602_edge.png,"tf.Tensor(2.792, shape=(), dtype=float32)",2.8885508,0.005379121750593185
/tmp/DataSetCombined/Edges/Round-1_0113871_edge.png,"tf.Tensor(2.029, shape=(), dtype=float32)",2.0520017,0.005379121750593185
/tmp/DataSetCombined/Edges/Round-1_0119262_edge.png,"tf.Tensor(5.561, shape=(), dtype=float32)",5.479202,0.005379121750593185
/tmp/DataSetCombined/Edges/Round-8_0038985_edge.png,"tf.Tensor(4.449, shape=(), dtype=float32)",4.5564,0.005379121750593185
/tmp/DataSetCombined/Edges/Round-8_0010240_edge.png,"tf.Tensor(5.632, shape=(), dtype=float32)",5.545282,0.005379121750593185
/tmp/DataSetCombined/Edges/Round-10_0091114_edge.png,"tf.Tensor(2.135, shape=(), dtype=float32)",1.9433187,0.005379121750593185
/tmp/DataSetCombined/Edges/Round-7_0016107_edge.png,"tf.Tensor(2.421, shape=(), dtype=float32)",2.5821276,0.005379121750593185
/tmp/DataSetCombined/Edges/Round-8_0029113_edge.png,"tf.Tensor(2.26, shape=(), dtype=float32)",2.1082911,0.005379121750593185
/tmp/DataSetCombined/Edges/Round-10_0083951_edge.png,"tf.Tensor(4.024, shape=(), dtype=float32)",4.2456503,0.005379121750593185
/tmp/DataSetCombined/Edges/Round-9_0083651_edge.png,"tf.Tensor(3.53, shape=(), dtype=float32)",3.6741664,0.005379121750593185
/tmp/DataSetCombined/Edges/Round-8_0009578_edge.png,"tf.Tensor(2.605, shape=(), dtype=float32)",2.749645,0.005379121750593185
/tmp/DataSetCombined/Edges/Round-9_0170789_edge.png,"tf.Tensor(5.489, shape=(), dtype=float32)",5.4541583,0.005379121750593185
/tmp/DataSetCombined/Edges/Round-8_0047353_edge.png,"tf.Tensor(3.02, shape=(), dtype=float32)",3.100262,0.005379121750593185
/tmp/DataSetCombined/Edges/Round-10_0046567_edge.png,"tf.Tensor(4.452, shape=(), dtype=float32)",4.581717,0.005379121750593185
/tmp/DataSetCombined/Edges/Round-10_0053700_edge.png,"tf.Tensor(4.264, shape=(), dtype=float32)",4.4217525,0.005379121750593185
/tmp/DataSetCombined/Edges/Round-8_0016350_edge.png,"tf.Tensor(5.029, shape=(), dtype=float32)",5.1145773,0.005379121750593185
/tmp/DataSetCombined/Edges/Round-2_0067318_edge.png,"tf.Tensor(4.272, shape=(), dtype=float32)",4.460948,0.005379121750593185
/tmp/DataSetCombined/Edges/Round-3_0070556_edge.png,"tf.Tensor(5.101, shape=(), dtype=float32)",5.312217,0.005379121750593185
/tmp/DataSetCombined/Edges/Round-1_0114744_edge.png,"tf.Tensor(2.513, shape=(), dtype=float32)",2.7594573,0.005379121750593185
/tmp/DataSetCombined/Edges/Round-8_0003919_edge.png,"tf.Tensor(2.509, shape=(), dtype=float32)",2.7529533,0.005379121750593185
/tmp/DataSetCombined/Edges/Round-7_0023150_edge.png,"tf.Tensor(2.731, shape=(), dtype=float32)",2.7902973,0.005379121750593185
/tmp/DataSetCombined/Edges/Round-4_0010448_edge.png,"tf.Tensor(5.114, shape=(), dtype=float32)",5.2506456,0.005379121750593185
/tmp/DataSetCombined/Edges/Round-8_0023051_edge.png,"tf.Tensor(5.484, shape=(), dtype=float32)",5.457058,0.005379121750593185
/tmp/DataSetCombined/Edges/Round-3_0046295_edge.png,"tf.Tensor(5.483, shape=(), dtype=float32)",5.4584093,0.005379121750593185
/tmp/DataSetCombined/Edges/Round-8_0029763_edge.png,"tf.Tensor(4.565, shape=(), dtype=float32)",4.686875,0.005379121750593185
/tmp/DataSetCombined/Edges/Round-1_0164830_edge.png,"tf.Tensor(5.559, shape=(), dtype=float32)",5.4724846,0.005379121750593185
/tmp/DataSetCombined/Edges/Round-4_0059781_edge.png,"tf.Tensor(5.573, shape=(), dtype=float32)",5.478665,0.005379121750593185
/tmp/DataSetCombined/Edges/Round-3_0032601_edge.png,"tf.Tensor(4.408, shape=(), dtype=float32)",4.551531,0.005379121750593185
/tmp/DataSetCombined/Edges/Round-8_0031912_edge.png,"tf.Tensor(3.02, shape=(), dtype=float32)",3.1199555,0.005379121750593185
/tmp/DataSetCombined/Edges/Round-1_0128499_edge.png,"tf.Tensor(3.159, shape=(), dtype=float32)",3.21954,0.005379121750593185
/tmp/DataSetCombined/Edges/Round-8_0043135_edge.png,"tf.Tensor(4.916, shape=(), dtype=float32)",5.033529,0.005379121750593185
/tmp/DataSetCombined/Edges/Round-8_0041773_edge.png,"tf.Tensor(5.56, shape=(), dtype=float32)",5.4777007,0.005379121750593185
/tmp/DataSetCombined/Edges/Round-1_0017400_edge.png,"tf.Tensor(5.537, shape=(), dtype=float32)",5.5826473,0.005379121750593185
/tmp/DataSetCombined/Edges/Round-7_0017612_edge.png,"tf.Tensor(4.955, shape=(), dtype=float32)",5.0233297,0.005379121750593185
/tmp/DataSetCombined/Edges/Round-7_0016318_edge.png,"tf.Tensor(5.153, shape=(), dtype=float32)",5.132338,0.005379121750593185
/tmp/DataSetCombined/Edges/Round-4_0077841_edge.png,"tf.Tensor(5.316, shape=(), dtype=float32)",5.5334587,0.005379121750593185
/tmp/DataSetCombined/Edges/Round-9_0090603_edge.png,"tf.Tensor(2.507, shape=(), dtype=float32)",2.7574217,0.005379121750593185
/tmp/DataSetCombined/Edges/Round-2_0084467_edge.png,"tf.Tensor(1.937, shape=(), dtype=float32)",2.0053473,0.005379121750593185
/tmp/DataSetCombined/Edges/Round-2_0057601_edge.png,"tf.Tensor(2.685, shape=(), dtype=float32)",2.906843,0.005379121750593185
/tmp/DataSetCombined/Edges/Round-8_0019589_edge.png,"tf.Tensor(5.518, shape=(), dtype=float32)",5.566047,0.005379121750593185
/tmp/DataSetCombined/Edges/Round-2_0071075_edge.png,"tf.Tensor(5.517, shape=(), dtype=float32)",5.561309,0.005379121750593185
/tmp/DataSetCombined/Edges/Round-9_0008763_edge.png,"tf.Tensor(3.531, shape=(), dtype=float32)",3.6484706,0.005379121750593185
/tmp/DataSetCombined/Edges/Round-4_0051504_edge.png,"tf.Tensor(5.198, shape=(), dtype=float32)",5.221238,0.005379121750593185
/tmp/DataSetCombined/Edges/Round-10_0048252_edge.png,"tf.Tensor(5.59, shape=(), dtype=float32)",5.5960436,0.005379121750593185
/tmp/DataSetCombined/Edges/Round-3_0029048_edge.png,"tf.Tensor(1.935, shape=(), dtype=float32)",1.9867386,0.005379121750593185
/tmp/DataSetCombined/Edges/Round-10_0152487_edge.png,"tf.Tensor(1.882, shape=(), dtype=float32)",1.8975224,0.005379121750593185
/tmp/DataSetCombined/Edges/Round-5_0090546_edge.png,"tf.Tensor(5.129, shape=(), dtype=float32)",5.2724423,0.005379121750593185
/tmp/DataSetCombined/Edges/Round-6_0082475_edge.png,"tf.Tensor(1.936, shape=(), dtype=float32)",1.9832932,0.005379121750593185
/tmp/DataSetCombined/Edges/Round-3_0081482_edge.png,"tf.Tensor(5.118, shape=(), dtype=float32)",5.2706475,0.005379121750593185
/tmp/DataSetCombined/Edges/Round-10_0044911_edge.png,"tf.Tensor(2.442, shape=(), dtype=float32)",2.4954686,0.005379121750593185
/tmp/DataSetCombined/Edges/Round-6_0072001_edge.png,"tf.Tensor(5.569, shape=(), dtype=float32)",5.5248027,0.005379121750593185
/tmp/DataSetCombined/Edges/Round-6_0044670_edge.png,"tf.Tensor(4.386, shape=(), dtype=float32)",4.6423635,0.005379121750593185
/tmp/DataSetCombined/Edges/Round-5_0067189_edge.png,"tf.Tensor(1.293, shape=(), dtype=float32)",1.5892805,0.005379121750593185
/tmp/DataSetCombined/Edges/Round-4_0008582_edge.png,"tf.Tensor(5.562, shape=(), dtype=float32)",5.475798,0.005379121750593185
/tmp/DataSetCombined/Edges/Round-6_0001334_edge.png,"tf.Tensor(2.736, shape=(), dtype=float32)",2.9272,0.005379121750593185
/tmp/DataSetCombined/Edges/Round-9_0194477_edge.png,"tf.Tensor(5.153, shape=(), dtype=float32)",5.1440625,0.005379121750593185
/tmp/DataSetCombined/Edges/Round-2_0081314_edge.png,"tf.Tensor(3.693, shape=(), dtype=float32)",3.818915,0.005379121750593185
/tmp/DataSetCombined/Edges/Round-5_0097379_edge.png,"tf.Tensor(4.98, shape=(), dtype=float32)",5.0831785,0.005379121750593185
/tmp/DataSetCombined/Edges/Round-4_0076577_edge.png,"tf.Tensor(5.517, shape=(), dtype=float32)",5.5547686,0.005379121750593185
/tmp/DataSetCombined/Edges/Round-4_0001087_edge.png,"tf.Tensor(2.274, shape=(), dtype=float32)",2.159473,0.005379121750593185
/tmp/DataSetCombined/Edges/Round-6_0091385_edge.png,"tf.Tensor(5.561, shape=(), dtype=float32)",5.478087,0.005899682641029358
/tmp/DataSetCombined/Edges/Round-6_0069953_edge.png,"tf.Tensor(3.244, shape=(), dtype=float32)",3.1957324,0.005899682641029358
/tmp/DataSetCombined/Edges/Round-9_0180662_edge.png,"tf.Tensor(3.063, shape=(), dtype=float32)",3.122798,0.005899682641029358
/tmp/DataSetCombined/Edges/Round-4_0051384_edge.png,"tf.Tensor(5.652, shape=(), dtype=float32)",5.51676,0.005899682641029358
/tmp/DataSetCombined/Edges/Round-5_0015779_edge.png,"tf.Tensor(3.039, shape=(), dtype=float32)",3.0979788,0.005899682641029358
/tmp/DataSetCombined/Edges/Round-6_0088917_edge.png,"tf.Tensor(2.981, shape=(), dtype=float32)",3.2436392,0.005899682641029358
/tmp/DataSetCombined/Edges/Round-10_0015383_edge.png,"tf.Tensor(5.569, shape=(), dtype=float32)",5.5208297,0.005899682641029358
/tmp/DataSetCombined/Edges/Round-8_0067207_edge.png,"tf.Tensor(5.267, shape=(), dtype=float32)",5.4490657,0.005899682641029358
/tmp/DataSetCombined/Edges/Round-9_0145806_edge.png,"tf.Tensor(2.7, shape=(), dtype=float32)",2.81837,0.005899682641029358
/tmp/DataSetCombined/Edges/Round-6_0104628_edge.png,"tf.Tensor(3.299, shape=(), dtype=float32)",3.459626,0.005899682641029358
/tmp/DataSetCombined/Edges/Round-9_0164769_edge.png,"tf.Tensor(2.593, shape=(), dtype=float32)",2.6454098,0.005899682641029358
/tmp/DataSetCombined/Edges/Round-9_0033144_edge.png,"tf.Tensor(5.191, shape=(), dtype=float32)",5.195075,0.005899682641029358
/tmp/DataSetCombined/Edges/Round-10_0040035_edge.png,"tf.Tensor(5.561, shape=(), dtype=float32)",5.478784,0.005899682641029358
/tmp/DataSetCombined/Edges/Round-2_0055867_edge.png,"tf.Tensor(5.458, shape=(), dtype=float32)",5.5359488,0.005899682641029358
/tmp/DataSetCombined/Edges/Round-6_0009634_edge.png,"tf.Tensor(5.223, shape=(), dtype=float32)",5.2141266,0.005899682641029358
/tmp/DataSetCombined/Edges/Round-10_0101198_edge.png,"tf.Tensor(5.415, shape=(), dtype=float32)",5.414181,0.005899682641029358
/tmp/DataSetCombined/Edges/Round-8_0001091_edge.png,"tf.Tensor(1.884, shape=(), dtype=float32)",1.9080454,0.005899682641029358
/tmp/DataSetCombined/Edges/Round-1_0087354_edge.png,"tf.Tensor(5.614, shape=(), dtype=float32)",5.520101,0.005899682641029358
/tmp/DataSetCombined/Edges/Round-9_0151796_edge.png,"tf.Tensor(3.097, shape=(), dtype=float32)",3.0204287,0.005899682641029358
/tmp/DataSetCombined/Edges/Round-5_0117726_edge.png,"tf.Tensor(5.154, shape=(), dtype=float32)",5.1530433,0.005899682641029358
/tmp/DataSetCombined/Edges/Round-10_0085636_edge.png,"tf.Tensor(4.271, shape=(), dtype=float32)",4.432234,0.005899682641029358
/tmp/DataSetCombined/Edges/Round-9_0138763_edge.png,"tf.Tensor(2.829, shape=(), dtype=float32)",2.8612208,0.005899682641029358
/tmp/DataSetCombined/Edges/Round-10_0061436_edge.png,"tf.Tensor(1.948, shape=(), dtype=float32)",1.9838301,0.005899682641029358
/tmp/DataSetCombined/Edges/Round-2_0094950_edge.png,"tf.Tensor(1.936, shape=(), dtype=float32)",1.9162973,0.005899682641029358
/tmp/DataSetCombined/Edges/Round-9_0195651_edge.png,"tf.Tensor(2.479, shape=(), dtype=float32)",2.6367757,0.005899682641029358
/tmp/DataSetCombined/Edges/Round-4_0037327_edge.png,"tf.Tensor(5.664, shape=(), dtype=float32)",5.5340877,0.005899682641029358
/tmp/DataSetCombined/Edges/Round-6_0079134_edge.png,"tf.Tensor(2.52, shape=(), dtype=float32)",2.659527,0.005899682641029358
/tmp/DataSetCombined/Edges/Round-8_0013611_edge.png,"tf.Tensor(4.796, shape=(), dtype=float32)",4.9406195,0.005899682641029358
/tmp/DataSetCombined/Edges/Round-5_0073871_edge.png,"tf.Tensor(4.282, shape=(), dtype=float32)",4.4514093,0.005899682641029358
/tmp/DataSetCombined/Edges/Round-9_0179579_edge.png,"tf.Tensor(1.246, shape=(), dtype=float32)",1.5485939,0.005899682641029358
/tmp/DataSetCombined/Edges/Round-5_0110021_edge.png,"tf.Tensor(2.885, shape=(), dtype=float32)",2.9189622,0.005899682641029358
/tmp/DataSetCombined/Edges/Round-9_0016348_edge.png,"tf.Tensor(1.969, shape=(), dtype=float32)",1.9373686,0.005899682641029358
/tmp/DataSetCombined/Edges/Round-7_0132910_edge.png,"tf.Tensor(3.477, shape=(), dtype=float32)",3.6264346,0.005899682641029358
/tmp/DataSetCombined/Edges/Round-2_0109367_edge.png,"tf.Tensor(2.857, shape=(), dtype=float32)",2.9951649,0.005899682641029358
/tmp/DataSetCombined/Edges/Round-8_0037137_edge.png,"tf.Tensor(4.791, shape=(), dtype=float32)",5.0257716,0.005899682641029358
/tmp/DataSetCombined/Edges/Round-3_0005934_edge.png,"tf.Tensor(5.667, shape=(), dtype=float32)",5.539775,0.005899682641029358
/tmp/DataSetCombined/Edges/Round-6_0044339_edge.png,"tf.Tensor(2.686, shape=(), dtype=float32)",2.901976,0.005899682641029358
/tmp/DataSetCombined/Edges/Round-10_0188457_edge.png,"tf.Tensor(5.642, shape=(), dtype=float32)",5.541309,0.005899682641029358
/tmp/DataSetCombined/Edges/Round-9_0085848_edge.png,"tf.Tensor(2.856, shape=(), dtype=float32)",2.9500558,0.005899682641029358
/tmp/DataSetCombined/Edges/Round-1_0142557_edge.png,"tf.Tensor(4.396, shape=(), dtype=float32)",4.629794,0.005899682641029358
/tmp/DataSetCombined/Edges/Round-1_0102765_edge.png,"tf.Tensor(4.292, shape=(), dtype=float32)",4.476445,0.005899682641029358
/tmp/DataSetCombined/Edges/Round-8_0006556_edge.png,"tf.Tensor(5.641, shape=(), dtype=float32)",5.632903,0.005899682641029358
/tmp/DataSetCombined/Edges/Round-3_0041780_edge.png,"tf.Tensor(3.43, shape=(), dtype=float32)",3.6165478,0.005899682641029358
/tmp/DataSetCombined/Edges/Round-9_0186351_edge.png,"tf.Tensor(3.514, shape=(), dtype=float32)",3.696571,0.005899682641029358
/tmp/DataSetCombined/Edges/Round-8_0043771_edge.png,"tf.Tensor(5.577, shape=(), dtype=float32)",5.478665,0.005899682641029358
/tmp/DataSetCombined/Edges/Round-2_0101060_edge.png,"tf.Tensor(5.563, shape=(), dtype=float32)",5.471312,0.005899682641029358
/tmp/DataSetCombined/Edges/Round-6_0082355_edge.png,"tf.Tensor(5.036, shape=(), dtype=float32)",5.1816044,0.005899682641029358
/tmp/DataSetCombined/Edges/Round-8_0015658_edge.png,"tf.Tensor(5.484, shape=(), dtype=float32)",5.453473,0.005899682641029358
/tmp/DataSetCombined/Edges/Round-9_0178916_edge.png,"tf.Tensor(2.438, shape=(), dtype=float32)",2.4348638,0.005899682641029358
/tmp/DataSetCombined/Edges/Round-10_0088465_edge.png,"tf.Tensor(4.954, shape=(), dtype=float32)",5.0368533,0.005899682641029358
/tmp/DataSetCombined/Edges/Round-9_0186471_edge.png,"tf.Tensor(2.727, shape=(), dtype=float32)",2.9142792,0.005899682641029358
/tmp/DataSetCombined/Edges/Round-9_0004308_edge.png,"tf.Tensor(3.471, shape=(), dtype=float32)",3.6651566,0.005899682641029358
/tmp/DataSetCombined/Edges/Round-2_0075499_edge.png,"tf.Tensor(4.954, shape=(), dtype=float32)",5.0422015,0.005899682641029358
/tmp/DataSetCombined/Edges/Round-5_0088499_edge.png,"tf.Tensor(5.678, shape=(), dtype=float32)",5.647118,0.005899682641029358
/tmp/DataSetCombined/Edges/Round-7_0034498_edge.png,"tf.Tensor(2.507, shape=(), dtype=float32)",2.5044296,0.005899682641029358
/tmp/DataSetCombined/Edges/Round-6_0079585_edge.png,"tf.Tensor(4.771, shape=(), dtype=float32)",4.964858,0.005899682641029358
/tmp/DataSetCombined/Edges/Round-9_0017100_edge.png,"tf.Tensor(1.736, shape=(), dtype=float32)",1.8619201,0.005899682641029358
/tmp/DataSetCombined/Edges/Round-10_0026058_edge.png,"tf.Tensor(3.167, shape=(), dtype=float32)",3.2701395,0.005899682641029358
/tmp/DataSetCombined/Edges/Round-9_0047020_edge.png,"tf.Tensor(4.205, shape=(), dtype=float32)",4.3078156,0.005899682641029358
/tmp/DataSetCombined/Edges/Round-9_0128860_edge.png,"tf.Tensor(4.898, shape=(), dtype=float32)",5.127444,0.005899682641029358
/tmp/DataSetCombined/Edges/Round-8_0042916_edge.png,"tf.Tensor(5.253, shape=(), dtype=float32)",5.3576245,0.005899682641029358
/tmp/DataSetCombined/Edges/Round-10_0058486_edge.png,"tf.Tensor(5.036, shape=(), dtype=float32)",5.186289,0.005899682641029358
/tmp/DataSetCombined/Edges/Round-10_0103666_edge.png,"tf.Tensor(5.28, shape=(), dtype=float32)",5.4005895,0.005899682641029358
/tmp/DataSetCombined/Edges/Round-6_0018303_edge.png,"tf.Tensor(1.804, shape=(), dtype=float32)",1.8874521,0.005899682641029358
/tmp/DataSetCombined/Edges/Round-10_0070737_edge.png,"tf.Tensor(1.99, shape=(), dtype=float32)",2.034678,0.005575172603130341
/tmp/DataSetCombined/Edges/Round-9_0116550_edge.png,"tf.Tensor(3.849, shape=(), dtype=float32)",4.0613604,0.005575172603130341
/tmp/DataSetCombined/Edges/Round-10_0139575_edge.png,"tf.Tensor(5.036, shape=(), dtype=float32)",5.183207,0.005575172603130341
/tmp/DataSetCombined/Edges/Round-9_0177832_edge.png,"tf.Tensor(3.063, shape=(), dtype=float32)",2.9986532,0.005575172603130341
/tmp/DataSetCombined/Edges/Round-8_0006576_edge.png,"tf.Tensor(2.508, shape=(), dtype=float32)",2.7550652,0.005575172603130341
/tmp/DataSetCombined/Edges/Round-6_0021885_edge.png,"tf.Tensor(2.566, shape=(), dtype=float32)",2.7502596,0.005575172603130341
/tmp/DataSetCombined/Edges/Round-1_0010200_edge.png,"tf.Tensor(5.381, shape=(), dtype=float32)",5.3736143,0.005575172603130341
/tmp/DataSetCombined/Edges/Round-5_0118840_edge.png,"tf.Tensor(3.438, shape=(), dtype=float32)",3.5844562,0.005575172603130341
/tmp/DataSetCombined/Edges/Round-5_0107221_edge.png,"tf.Tensor(5.176, shape=(), dtype=float32)",5.160111,0.005575172603130341
/tmp/DataSetCombined/Edges/Round-1_0108423_edge.png,"tf.Tensor(4.786, shape=(), dtype=float32)",4.9563456,0.005575172603130341
/tmp/DataSetCombined/Edges/Round-5_0039226_edge.png,"tf.Tensor(5.445, shape=(), dtype=float32)",5.5352707,0.005575172603130341
/tmp/DataSetCombined/Edges/Round-2_0062923_edge.png,"tf.Tensor(3.626, shape=(), dtype=float32)",3.849039,0.005575172603130341
/tmp/DataSetCombined/Edges/Round-10_0029590_edge.png,"tf.Tensor(5.443, shape=(), dtype=float32)",5.440265,0.005575172603130341
/tmp/DataSetCombined/Edges/Round-9_0108933_edge.png,"tf.Tensor(5.343, shape=(), dtype=float32)",5.3505135,0.005575172603130341
/tmp/DataSetCombined/Edges/Round-9_0174582_edge.png,"tf.Tensor(3.162, shape=(), dtype=float32)",3.2142878,0.005575172603130341
/tmp/DataSetCombined/Edges/Round-4_0046478_edge.png,"tf.Tensor(5.675, shape=(), dtype=float32)",5.6458945,0.005575172603130341
/tmp/DataSetCombined/Edges/Round-6_0073054_edge.png,"tf.Tensor(5.16, shape=(), dtype=float32)",5.146305,0.005575172603130341
/tmp/DataSetCombined/Edges/Round-5_0057076_edge.png,"tf.Tensor(5.562, shape=(), dtype=float32)",5.4811044,0.005575172603130341
/tmp/DataSetCombined/Edges/Round-9_0054033_edge.png,"tf.Tensor(5.446, shape=(), dtype=float32)",5.540118,0.005575172603130341
/tmp/DataSetCombined/Edges/Round-7_0129131_edge.png,"tf.Tensor(3.346, shape=(), dtype=float32)",3.3155396,0.005575172603130341
/tmp/DataSetCombined/Edges/Round-2_0102384_edge.png,"tf.Tensor(5.057, shape=(), dtype=float32)",5.169404,0.005575172603130341
/tmp/DataSetCombined/Edges/Round-9_0051625_edge.png,"tf.Tensor(4.321, shape=(), dtype=float32)",4.5183487,0.005575172603130341
/tmp/DataSetCombined/Edges/Round-6_0129671_edge.png,"tf.Tensor(3.323, shape=(), dtype=float32)",3.4131715,0.005575172603130341
/tmp/DataSetCombined/Edges/Round-5_0078235_edge.png,"tf.Tensor(5.569, shape=(), dtype=float32)",5.5360217,0.005575172603130341
/tmp/DataSetCombined/Edges/Round-10_0062640_edge.png,"tf.Tensor(5.675, shape=(), dtype=float32)",5.646859,0.005575172603130341
/tmp/DataSetCombined/Edges/Round-10_0080669_edge.png,"tf.Tensor(5.342, shape=(), dtype=float32)",5.3483152,0.005575172603130341
/tmp/DataSetCombined/Edges/Round-6_0046506_edge.png,"tf.Tensor(5.362, shape=(), dtype=float32)",5.5138526,0.005575172603130341
/tmp/DataSetCombined/Edges/Round-4_0064838_edge.png,"tf.Tensor(5.568, shape=(), dtype=float32)",5.5340004,0.005575172603130341
/tmp/DataSetCombined/Edges/Round-10_0000063_edge.png,"tf.Tensor(5.537, shape=(), dtype=float32)",5.5762663,0.005575172603130341
/tmp/DataSetCombined/Edges/Round-1_0090694_edge.png,"tf.Tensor(5.342, shape=(), dtype=float32)",5.34928,0.005575172603130341
/tmp/DataSetCombined/Edges/Round-6_0041600_edge.png,"tf.Tensor(4.607, shape=(), dtype=float32)",4.8322015,0.005575172603130341
/tmp/DataSetCombined/Edges/Round-5_0079049_edge.png,"tf.Tensor(5.145, shape=(), dtype=float32)",5.296741,0.005575172603130341
/tmp/DataSetCombined/Edges/Round-3_0056800_edge.png,"tf.Tensor(2.245, shape=(), dtype=float32)",2.0941823,0.005575172603130341
/tmp/DataSetCombined/Edges/Round-8_0085959_edge.png,"tf.Tensor(3.102, shape=(), dtype=float32)",3.158991,0.005575172603130341
/tmp/DataSetCombined/Edges/Round-8_0037179_edge.png,"tf.Tensor(5.528, shape=(), dtype=float32)",5.562055,0.005575172603130341
/tmp/DataSetCombined/Edges/Round-8_0062090_edge.png,"tf.Tensor(2.101, shape=(), dtype=float32)",2.1535378,0.005575172603130341
/tmp/DataSetCombined/Edges/Round-8_0014262_edge.png,"tf.Tensor(5.025, shape=(), dtype=float32)",5.1624603,0.005575172603130341
/tmp/DataSetCombined/Edges/Round-5_0096867_edge.png,"tf.Tensor(3.555, shape=(), dtype=float32)",3.8533888,0.005575172603130341
/tmp/DataSetCombined/Edges/Round-4_0030163_edge.png,"tf.Tensor(4.487, shape=(), dtype=float32)",4.7134085,0.005575172603130341
/tmp/DataSetCombined/Edges/Round-8_0013660_edge.png,"tf.Tensor(5.519, shape=(), dtype=float32)",5.5575776,0.005575172603130341
/tmp/DataSetCombined/Edges/Round-1_0044734_edge.png,"tf.Tensor(2.435, shape=(), dtype=float32)",2.4476447,0.005575172603130341
/tmp/DataSetCombined/Edges/Round-9_0040247_edge.png,"tf.Tensor(4.739, shape=(), dtype=float32)",4.855198,0.005575172603130341
/tmp/DataSetCombined/Edges/Round-10_0195109_edge.png,"tf.Tensor(2.544, shape=(), dtype=float32)",2.7939184,0.005575172603130341
/tmp/DataSetCombined/Edges/Round-4_0000304_edge.png,"tf.Tensor(3.124, shape=(), dtype=float32)",3.1891057,0.005575172603130341
/tmp/DataSetCombined/Edges/Round-4_0016257_edge.png,"tf.Tensor(5.25, shape=(), dtype=float32)",5.3667192,0.005575172603130341
/tmp/DataSetCombined/Edges/Round-2_0054600_edge.png,"tf.Tensor(5.406, shape=(), dtype=float32)",5.4483566,0.005575172603130341
/tmp/DataSetCombined/Edges/Round-9_0141532_edge.png,"tf.Tensor(3.857, shape=(), dtype=float32)",4.0320725,0.005575172603130341
/tmp/DataSetCombined/Edges/Round-1_0067834_edge.png,"tf.Tensor(5.422, shape=(), dtype=float32)",5.418062,0.005575172603130341
/tmp/DataSetCombined/Edges/Round-9_0047200_edge.png,"tf.Tensor(2.847, shape=(), dtype=float32)",2.9999056,0.005575172603130341
/tmp/DataSetCombined/Edges/Round-6_0116758_edge.png,"tf.Tensor(5.36, shape=(), dtype=float32)",5.40409,0.005575172603130341
/tmp/DataSetCombined/Edges/Round-4_0037387_edge.png,"tf.Tensor(2.951, shape=(), dtype=float32)",2.9656749,0.005575172603130341
/tmp/DataSetCombined/Edges/Round-8_0053162_edge.png,"tf.Tensor(2.447, shape=(), dtype=float32)",2.6101892,0.005575172603130341
/tmp/DataSetCombined/Edges/Round-3_0016707_edge.png,"tf.Tensor(2.979, shape=(), dtype=float32)",2.974455,0.005575172603130341
/tmp/DataSetCombined/Edges/Round-10_0197296_edge.png,"tf.Tensor(5.575, shape=(), dtype=float32)",5.52782,0.005575172603130341
/tmp/DataSetCombined/Edges/Round-9_0005000_edge.png,"tf.Tensor(5.188, shape=(), dtype=float32)",5.301464,0.005575172603130341
/tmp/DataSetCombined/Edges/Round-4_0075975_edge.png,"tf.Tensor(5.382, shape=(), dtype=float32)",5.368608,0.005575172603130341
/tmp/DataSetCombined/Edges/Round-6_0130966_edge.png,"tf.Tensor(2.482, shape=(), dtype=float32)",2.628011,0.005575172603130341
/tmp/DataSetCombined/Edges/Round-1_0011800_edge.png,"tf.Tensor(2.988, shape=(), dtype=float32)",3.0846772,0.005575172603130341
/tmp/DataSetCombined/Edges/Round-10_0054363_edge.png,"tf.Tensor(2.462, shape=(), dtype=float32)",2.643599,0.005575172603130341
/tmp/DataSetCombined/Edges/Round-9_0134398_edge.png,"tf.Tensor(2.588, shape=(), dtype=float32)",2.6169434,0.005575172603130341
/tmp/DataSetCombined/Edges/Round-7_0071762_edge.png,"tf.Tensor(3.437, shape=(), dtype=float32)",3.754567,0.005575172603130341
/tmp/DataSetCombined/Edges/Round-7_0015987_edge.png,"tf.Tensor(3.483, shape=(), dtype=float32)",3.593447,0.005575172603130341
/tmp/DataSetCombined/Edges/Round-4_0002505_edge.png,"tf.Tensor(4.805, shape=(), dtype=float32)",5.0578394,0.005575172603130341
/tmp/DataSetCombined/Edges/Round-6_0122929_edge.png,"tf.Tensor(4.955, shape=(), dtype=float32)",5.0330195,0.005575172603130341
/tmp/DataSetCombined/Edges/Round-10_0056740_edge.png,"tf.Tensor(4.599, shape=(), dtype=float32)",4.731631,0.005279656499624252
/tmp/DataSetCombined/Edges/Round-10_0044731_edge.png,"tf.Tensor(5.44, shape=(), dtype=float32)",5.427387,0.005279656499624252
/tmp/DataSetCombined/Edges/Round-3_0081422_edge.png,"tf.Tensor(5.563, shape=(), dtype=float32)",5.4788747,0.005279656499624252
/tmp/DataSetCombined/Edges/Round-1_0161340_edge.png,"tf.Tensor(4.919, shape=(), dtype=float32)",5.166792,0.005279656499624252
/tmp/DataSetCombined/Edges/Round-8_0076448_edge.png,"tf.Tensor(4.772, shape=(), dtype=float32)",4.9016433,0.005279656499624252
/tmp/DataSetCombined/Edges/Round-6_0067305_edge.png,"tf.Tensor(5.279, shape=(), dtype=float32)",5.276152,0.005279656499624252
/tmp/DataSetCombined/Edges/Round-6_0095538_edge.png,"tf.Tensor(2.064, shape=(), dtype=float32)",2.1087084,0.005279656499624252
/tmp/DataSetCombined/Edges/Round-9_0196645_edge.png,"tf.Tensor(4.537, shape=(), dtype=float32)",4.7375107,0.005279656499624252
/tmp/DataSetCombined/Edges/Round-4_0069202_edge.png,"tf.Tensor(4.956, shape=(), dtype=float32)",5.0415726,0.005279656499624252
/tmp/DataSetCombined/Edges/Round-9_0198360_edge.png,"tf.Tensor(2.849, shape=(), dtype=float32)",3.0021708,0.005279656499624252
/tmp/DataSetCombined/Edges/Round-4_0031578_edge.png,"tf.Tensor(5.341, shape=(), dtype=float32)",5.3495493,0.005279656499624252
/tmp/DataSetCombined/Edges/Round-1_0098038_edge.png,"tf.Tensor(5.52, shape=(), dtype=float32)",5.56728,0.005279656499624252
/tmp/DataSetCombined/Edges/Round-8_0023845_edge.png,"tf.Tensor(5.563, shape=(), dtype=float32)",5.468384,0.005279656499624252
/tmp/DataSetCombined/Edges/Round-7_0005031_edge.png,"tf.Tensor(3.261, shape=(), dtype=float32)",3.424577,0.005279656499624252
/tmp/DataSetCombined/Edges/Round-1_0026167_edge.png,"tf.Tensor(4.443, shape=(), dtype=float32)",4.6773744,0.005279656499624252
/tmp/DataSetCombined/Edges/Round-8_0071240_edge.png,"tf.Tensor(5.125, shape=(), dtype=float32)",5.290493,0.005279656499624252
/tmp/DataSetCombined/Edges/Round-2_0111865_edge.png,"tf.Tensor(2.368, shape=(), dtype=float32)",2.299886,0.005279656499624252
/tmp/DataSetCombined/Edges/Round-8_0074172_edge.png,"tf.Tensor(5.411, shape=(), dtype=float32)",5.4471335,0.005279656499624252
/tmp/DataSetCombined/Edges/Round-6_0009233_edge.png,"tf.Tensor(1.938, shape=(), dtype=float32)",1.9811645,0.005279656499624252
/tmp/DataSetCombined/Edges/Round-7_0130245_edge.png,"tf.Tensor(5.444, shape=(), dtype=float32)",5.5356884,0.005279656499624252
/tmp/DataSetCombined/Edges/Round-6_0047440_edge.png,"tf.Tensor(3.087, shape=(), dtype=float32)",3.1392286,0.005279656499624252
/tmp/DataSetCombined/Edges/Round-7_0009395_edge.png,"tf.Tensor(5.519, shape=(), dtype=float32)",5.560145,0.005279656499624252
/tmp/DataSetCombined/Edges/Round-1_0079257_edge.png,"tf.Tensor(4.266, shape=(), dtype=float32)",4.425682,0.005279656499624252
/tmp/DataSetCombined/Edges/Round-8_0018776_edge.png,"tf.Tensor(2.565, shape=(), dtype=float32)",2.7989736,0.005279656499624252
/tmp/DataSetCombined/Edges/Round-6_0021253_edge.png,"tf.Tensor(4.581, shape=(), dtype=float32)",4.7378073,0.005279656499624252
/tmp/DataSetCombined/Edges/Round-4_0087864_edge.png,"tf.Tensor(4.698, shape=(), dtype=float32)",4.778166,0.005279656499624252
/tmp/DataSetCombined/Edges/Round-6_0052887_edge.png,"tf.Tensor(3.661, shape=(), dtype=float32)",3.8698165,0.005279656499624252
/tmp/DataSetCombined/Edges/Round-9_0062852_edge.png,"tf.Tensor(5.577, shape=(), dtype=float32)",5.529272,0.005279656499624252
/tmp/DataSetCombined/Edges/Round-9_0074690_edge.png,"tf.Tensor(3.102, shape=(), dtype=float32)",3.027394,0.005279656499624252
/tmp/DataSetCombined/Edges/Round-6_0073897_edge.png,"tf.Tensor(5.525, shape=(), dtype=float32)",5.563717,0.005279656499624252
/tmp/DataSetCombined/Edges/Round-8_0022319_edge.png,"tf.Tensor(3.431, shape=(), dtype=float32)",3.5406072,0.005279656499624252
/tmp/DataSetCombined/Edges/Round-4_0036407_edge.png,"tf.Tensor(2.116, shape=(), dtype=float32)",2.1509736,0.005279656499624252
/tmp/DataSetCombined/Edges/Round-8_0005940_edge.png,"tf.Tensor(1.982, shape=(), dtype=float32)",2.0501227,0.005279656499624252
/tmp/DataSetCombined/Edges/Round-7_0110199_edge.png,"tf.Tensor(2.196, shape=(), dtype=float32)",2.2562578,0.005279656499624252
/tmp/DataSetCombined/Edges/Round-6_0049125_edge.png,"tf.Tensor(1.305, shape=(), dtype=float32)",1.6090343,0.005279656499624252
/tmp/DataSetCombined/Edges/Round-7_0067969_edge.png,"tf.Tensor(5.565, shape=(), dtype=float32)",5.4688115,0.005279656499624252
/tmp/DataSetCombined/Edges/Round-10_0169253_edge.png,"tf.Tensor(2.561, shape=(), dtype=float32)",2.803792,0.005279656499624252
/tmp/DataSetCombined/Edges/Round-2_0098622_edge.png,"tf.Tensor(2.699, shape=(), dtype=float32)",2.9182909,0.005279656499624252
/tmp/DataSetCombined/Edges/Round-3_0006367_edge.png,"tf.Tensor(5.1, shape=(), dtype=float32)",5.249625,0.005279656499624252
/tmp/DataSetCombined/Edges/Round-9_0029442_edge.png,"tf.Tensor(2.164, shape=(), dtype=float32)",2.306815,0.005279656499624252
/tmp/DataSetCombined/Edges/Round-7_0060263_edge.png,"tf.Tensor(4.295, shape=(), dtype=float32)",4.4046144,0.005279656499624252
/tmp/DataSetCombined/Edges/Round-1_0048167_edge.png,"tf.Tensor(5.521, shape=(), dtype=float32)",5.559567,0.005279656499624252
/tmp/DataSetCombined/Edges/Round-9_0130937_edge.png,"tf.Tensor(2.332, shape=(), dtype=float32)",2.4553678,0.005279656499624252
/tmp/DataSetCombined/Edges/Round-8_0041623_edge.png,"tf.Tensor(3.124, shape=(), dtype=float32)",3.1160662,0.005279656499624252
/tmp/DataSetCombined/Edges/Round-2_0082910_edge.png,"tf.Tensor(3.732, shape=(), dtype=float32)",3.95976,0.005279656499624252
/tmp/DataSetCombined/Edges/Round-6_0079014_edge.png,"tf.Tensor(1.679, shape=(), dtype=float32)",1.7980984,0.005279656499624252
/tmp/DataSetCombined/Edges/Round-8_0011944_edge.png,"tf.Tensor(5.509, shape=(), dtype=float32)",5.476485,0.005279656499624252
/tmp/DataSetCombined/Edges/Round-6_0092318_edge.png,"tf.Tensor(2.824, shape=(), dtype=float32)",2.9888458,0.005279656499624252
/tmp/DataSetCombined/Edges/Round-5_0116432_edge.png,"tf.Tensor(5.494, shape=(), dtype=float32)",5.460817,0.005279656499624252
/tmp/DataSetCombined/Edges/Round-9_0131238_edge.png,"tf.Tensor(1.569, shape=(), dtype=float32)",1.7320757,0.005279656499624252
/tmp/DataSetCombined/Edges/Round-10_0014751_edge.png,"tf.Tensor(3.128, shape=(), dtype=float32)",3.217451,0.005279656499624252
/tmp/DataSetCombined/Edges/Round-8_0063415_edge.png,"tf.Tensor(5.568, shape=(), dtype=float32)",5.52746,0.005279656499624252
/tmp/DataSetCombined/Edges/Round-9_0110800_edge.png,"tf.Tensor(5.485, shape=(), dtype=float32)",5.4651895,0.005279656499624252
/tmp/DataSetCombined/Edges/Round-6_0031998_edge.png,"tf.Tensor(5.036, shape=(), dtype=float32)",5.1166024,0.005279656499624252
/tmp/DataSetCombined/Edges/Round-1_0078896_edge.png,"tf.Tensor(5.571, shape=(), dtype=float32)",5.5289035,0.005279656499624252
/tmp/DataSetCombined/Edges/Round-6_0027784_edge.png,"tf.Tensor(5.517, shape=(), dtype=float32)",5.560731,0.005279656499624252
/tmp/DataSetCombined/Edges/Round-7_0087534_edge.png,"tf.Tensor(2.201, shape=(), dtype=float32)",2.1262224,0.005279656499624252
/tmp/DataSetCombined/Edges/Round-8_0026042_edge.png,"tf.Tensor(2.513, shape=(), dtype=float32)",2.657486,0.005279656499624252
/tmp/DataSetCombined/Edges/Round-6_0086719_edge.png,"tf.Tensor(5.609, shape=(), dtype=float32)",5.609692,0.005279656499624252
/tmp/DataSetCombined/Edges/Round-5_0108636_edge.png,"tf.Tensor(2.342, shape=(), dtype=float32)",2.343227,0.005279656499624252
/tmp/DataSetCombined/Edges/Round-9_0080550_edge.png,"tf.Tensor(1.706, shape=(), dtype=float32)",1.8141959,0.005279656499624252
/tmp/DataSetCombined/Edges/Round-2_0069567_edge.png,"tf.Tensor(4.797, shape=(), dtype=float32)",4.9805,0.005279656499624252
/tmp/DataSetCombined/Edges/Round-10_0090580_edge.png,"tf.Tensor(2.686, shape=(), dtype=float32)",2.7295876,0.005279656499624252
/tmp/DataSetCombined/Edges/Round-9_0121425_edge.png,"tf.Tensor(2.417, shape=(), dtype=float32)",2.3769836,0.005279656499624252
/tmp/DataSetCombined/Edges/Round-4_0090182_edge.png,"tf.Tensor(4.263, shape=(), dtype=float32)",4.437174,0.006058741360902786
/tmp/DataSetCombined/Edges/Round-5_0050062_edge.png,"tf.Tensor(4.954, shape=(), dtype=float32)",5.023316,0.006058741360902786
/tmp/DataSetCombined/Edges/Round-5_0030949_edge.png,"tf.Tensor(3.673, shape=(), dtype=float32)",3.8444493,0.006058741360902786
/tmp/DataSetCombined/Edges/Round-3_0013095_edge.png,"tf.Tensor(2.405, shape=(), dtype=float32)",2.5504787,0.006058741360902786
/tmp/DataSetCombined/Edges/Round-8_0066003_edge.png,"tf.Tensor(5.66, shape=(), dtype=float32)",5.5176535,0.006058741360902786
/tmp/DataSetCombined/Edges/Round-5_0103369_edge.png,"tf.Tensor(1.996, shape=(), dtype=float32)",2.0434532,0.006058741360902786
/tmp/DataSetCombined/Edges/Round-9_0028960_edge.png,"tf.Tensor(5.62, shape=(), dtype=float32)",5.518719,0.006058741360902786
/tmp/DataSetCombined/Edges/Round-9_0051233_edge.png,"tf.Tensor(5.022, shape=(), dtype=float32)",5.106931,0.006058741360902786
/tmp/DataSetCombined/Edges/Round-2_0073068_edge.png,"tf.Tensor(4.801, shape=(), dtype=float32)",5.0639324,0.006058741360902786
/tmp/DataSetCombined/Edges/Round-7_0010779_edge.png,"tf.Tensor(2.794, shape=(), dtype=float32)",2.8970299,0.006058741360902786
/tmp/DataSetCombined/Edges/Round-9_0044130_edge.png,"tf.Tensor(3.158, shape=(), dtype=float32)",3.2678182,0.006058741360902786
/tmp/DataSetCombined/Edges/Round-7_0125700_edge.png,"tf.Tensor(5.653, shape=(), dtype=float32)",5.511485,0.006058741360902786
/tmp/DataSetCombined/Edges/Round-3_0040907_edge.png,"tf.Tensor(3.321, shape=(), dtype=float32)",3.4604707,0.006058741360902786
/tmp/DataSetCombined/Edges/Round-8_0032545_edge.png,"tf.Tensor(5.15, shape=(), dtype=float32)",5.3228617,0.006058741360902786
/tmp/DataSetCombined/Edges/Round-9_0029501_edge.png,"tf.Tensor(5.082, shape=(), dtype=float32)",5.1695223,0.006058741360902786
/tmp/DataSetCombined/Edges/Round-9_0131906_edge.png,"tf.Tensor(1.935, shape=(), dtype=float32)",1.9211355,0.006058741360902786
/tmp/DataSetCombined/Edges/Round-1_0017467_edge.png,"tf.Tensor(3.665, shape=(), dtype=float32)",3.7829177,0.006058741360902786
/tmp/DataSetCombined/Edges/Round-5_0018991_edge.png,"tf.Tensor(2.624, shape=(), dtype=float32)",2.872927,0.006058741360902786
/tmp/DataSetCombined/Edges/Round-8_0042947_edge.png,"tf.Tensor(2.238, shape=(), dtype=float32)",2.0987399,0.006058741360902786
/tmp/DataSetCombined/Edges/Round-9_0009876_edge.png,"tf.Tensor(3.332, shape=(), dtype=float32)",3.4294958,0.006058741360902786
/tmp/DataSetCombined/Edges/Round-4_0018514_edge.png,"tf.Tensor(1.923, shape=(), dtype=float32)",1.9197316,0.006058741360902786
/tmp/DataSetCombined/Edges/Round-7_0065381_edge.png,"tf.Tensor(2.937, shape=(), dtype=float32)",3.028522,0.006058741360902786
/tmp/DataSetCombined/Edges/Round-1_0049909_edge.png,"tf.Tensor(4.509, shape=(), dtype=float32)",4.622168,0.006058741360902786
/tmp/DataSetCombined/Edges/Round-2_0092752_edge.png,"tf.Tensor(2.891, shape=(), dtype=float32)",2.872865,0.006058741360902786
/tmp/DataSetCombined/Edges/Round-10_0111251_edge.png,"tf.Tensor(2.271, shape=(), dtype=float32)",2.386013,0.006058741360902786
/tmp/DataSetCombined/Edges/Round-10_0145565_edge.png,"tf.Tensor(5.413, shape=(), dtype=float32)",5.415027,0.006058741360902786
/tmp/DataSetCombined/Edges/Round-8_0041213_edge.png,"tf.Tensor(3.385, shape=(), dtype=float32)",3.5931969,0.006058741360902786
/tmp/DataSetCombined/Edges/Round-1_0154866_edge.png,"tf.Tensor(5.444, shape=(), dtype=float32)",5.5291395,0.006058741360902786
/tmp/DataSetCombined/Edges/Round-5_0084402_edge.png,"tf.Tensor(5.519, shape=(), dtype=float32)",5.558123,0.006058741360902786
/tmp/DataSetCombined/Edges/Round-9_0194718_edge.png,"tf.Tensor(1.828, shape=(), dtype=float32)",1.7837305,0.006058741360902786
/tmp/DataSetCombined/Edges/Round-1_0037734_edge.png,"tf.Tensor(5.57, shape=(), dtype=float32)",5.525718,0.006058741360902786
/tmp/DataSetCombined/Edges/Round-5_0119923_edge.png,"tf.Tensor(5.443, shape=(), dtype=float32)",5.538096,0.006058741360902786
/tmp/DataSetCombined/Edges/Round-9_0090965_edge.png,"tf.Tensor(5.155, shape=(), dtype=float32)",5.1432614,0.006058741360902786
/tmp/DataSetCombined/Edges/Round-5_0090817_edge.png,"tf.Tensor(5.355, shape=(), dtype=float32)",5.4223976,0.006058741360902786
/tmp/DataSetCombined/Edges/Round-10_0006444_edge.png,"tf.Tensor(2.864, shape=(), dtype=float32)",2.9939368,0.006058741360902786
/tmp/DataSetCombined/Edges/Round-6_0054121_edge.png,"tf.Tensor(5.144, shape=(), dtype=float32)",5.302012,0.006058741360902786
/tmp/DataSetCombined/Edges/Round-4_0068571_edge.png,"tf.Tensor(2.704, shape=(), dtype=float32)",2.8339865,0.006058741360902786
/tmp/DataSetCombined/Edges/Round-6_0032179_edge.png,"tf.Tensor(1.928, shape=(), dtype=float32)",1.990111,0.006058741360902786
/tmp/DataSetCombined/Edges/Round-1_0096446_edge.png,"tf.Tensor(5.567, shape=(), dtype=float32)",5.5345783,0.006058741360902786
/tmp/DataSetCombined/Edges/Round-8_0041050_edge.png,"tf.Tensor(5.653, shape=(), dtype=float32)",5.538709,0.006058741360902786
/tmp/DataSetCombined/Edges/Round-6_0129551_edge.png,"tf.Tensor(3.85, shape=(), dtype=float32)",4.0663075,0.006058741360902786
/tmp/DataSetCombined/Edges/Round-5_0023966_edge.png,"tf.Tensor(1.406, shape=(), dtype=float32)",1.6475763,0.006058741360902786
/tmp/DataSetCombined/Edges/Round-6_0082686_edge.png,"tf.Tensor(1.977, shape=(), dtype=float32)",2.0100825,0.006058741360902786
/tmp/DataSetCombined/Edges/Round-9_0133044_edge.png,"tf.Tensor(4.851, shape=(), dtype=float32)",5.1313133,0.006058741360902786
/tmp/DataSetCombined/Edges/Round-5_0003788_edge.png,"tf.Tensor(4.745, shape=(), dtype=float32)",4.8662033,0.006058741360902786
/tmp/DataSetCombined/Edges/Round-6_0054031_edge.png,"tf.Tensor(2.443, shape=(), dtype=float32)",2.6054437,0.006058741360902786
/tmp/DataSetCombined/Edges/Round-3_0088555_edge.png,"tf.Tensor(5.152, shape=(), dtype=float32)",5.140122,0.006058741360902786
/tmp/DataSetCombined/Edges/Round-1_0046634_edge.png,"tf.Tensor(4.264, shape=(), dtype=float32)",4.428586,0.006058741360902786
/tmp/DataSetCombined/Edges/Round-8_0056853_edge.png,"tf.Tensor(5.518, shape=(), dtype=float32)",5.556622,0.006058741360902786
/tmp/DataSetCombined/Edges/Round-2_0103022_edge.png,"tf.Tensor(4.264, shape=(), dtype=float32)",4.4276485,0.006058741360902786
/tmp/DataSetCombined/Edges/Round-7_0067306_edge.png,"tf.Tensor(5.68, shape=(), dtype=float32)",5.6478724,0.006058741360902786
/tmp/DataSetCombined/Edges/Round-8_0054595_edge.png,"tf.Tensor(1.808, shape=(), dtype=float32)",1.8700742,0.006058741360902786
/tmp/DataSetCombined/Edges/Round-7_0102674_edge.png,"tf.Tensor(2.535, shape=(), dtype=float32)",2.5920136,0.006058741360902786
/tmp/DataSetCombined/Edges/Round-10_0079556_edge.png,"tf.Tensor(4.352, shape=(), dtype=float32)",4.5214977,0.006058741360902786
/tmp/DataSetCombined/Edges/Round-8_0070229_edge.png,"tf.Tensor(3.603, shape=(), dtype=float32)",3.728127,0.006058741360902786
/tmp/DataSetCombined/Edges/Round-9_0050932_edge.png,"tf.Tensor(5.153, shape=(), dtype=float32)",5.141719,0.006058741360902786
/tmp/DataSetCombined/Edges/Round-5_0006147_edge.png,"tf.Tensor(5.156, shape=(), dtype=float32)",5.1392007,0.006058741360902786
/tmp/DataSetCombined/Edges/Round-10_0118475_edge.png,"tf.Tensor(5.35, shape=(), dtype=float32)",5.351948,0.006058741360902786
/tmp/DataSetCombined/Edges/Round-9_0002532_edge.png,"tf.Tensor(4.724, shape=(), dtype=float32)",4.9358654,0.006058741360902786
/tmp/DataSetCombined/Edges/Round-7_0069270_edge.png,"tf.Tensor(3.85, shape=(), dtype=float32)",4.065364,0.006058741360902786
/tmp/DataSetCombined/Edges/Round-4_0050239_edge.png,"tf.Tensor(1.769, shape=(), dtype=float32)",1.7552464,0.006058741360902786
/tmp/DataSetCombined/Edges/Round-8_0085929_edge.png,"tf.Tensor(4.951, shape=(), dtype=float32)",5.2096543,0.006058741360902786
/tmp/DataSetCombined/Edges/Round-1_0068900_edge.png,"tf.Tensor(4.957, shape=(), dtype=float32)",5.04972,0.006058741360902786
/tmp/DataSetCombined/Edges/Round-10_0023932_edge.png,"tf.Tensor(1.717, shape=(), dtype=float32)",1.8046019,0.006058741360902786
/tmp/DataSetCombined/Edges/Round-10_0055867_edge.png,"tf.Tensor(2.805, shape=(), dtype=float32)",2.8575664,0.005391806364059448
/tmp/DataSetCombined/Edges/Round-7_0092590_edge.png,"tf.Tensor(2.37, shape=(), dtype=float32)",2.3667006,0.005391806364059448
/tmp/DataSetCombined/Edges/Round-6_0016587_edge.png,"tf.Tensor(5.359, shape=(), dtype=float32)",5.3722405,0.005391806364059448
/tmp/DataSetCombined/Edges/Round-7_0088844_edge.png,"tf.Tensor(5.143, shape=(), dtype=float32)",5.3069673,0.005391806364059448
/tmp/DataSetCombined/Edges/Round-7_0071129_edge.png,"tf.Tensor(5.154, shape=(), dtype=float32)",5.1363754,0.005391806364059448
/tmp/DataSetCombined/Edges/Round-8_0033056_edge.png,"tf.Tensor(5.197, shape=(), dtype=float32)",5.166929,0.005391806364059448
/tmp/DataSetCombined/Edges/Round-1_0074603_edge.png,"tf.Tensor(2.396, shape=(), dtype=float32)",2.3837533,0.005391806364059448
/tmp/DataSetCombined/Edges/Round-10_0151012_edge.png,"tf.Tensor(3.912, shape=(), dtype=float32)",4.1156282,0.005391806364059448
/tmp/DataSetCombined/Edges/Round-3_0056890_edge.png,"tf.Tensor(2.956, shape=(), dtype=float32)",2.9517477,0.005391806364059448
/tmp/DataSetCombined/Edges/Round-5_0082239_edge.png,"tf.Tensor(4.545, shape=(), dtype=float32)",4.651802,0.005391806364059448
/tmp/DataSetCombined/Edges/Round-5_0058069_edge.png,"tf.Tensor(5.565, shape=(), dtype=float32)",5.47376,0.005391806364059448
/tmp/DataSetCombined/Edges/Round-1_0104872_edge.png,"tf.Tensor(5.157, shape=(), dtype=float32)",5.14855,0.005391806364059448
/tmp/DataSetCombined/Edges/Round-6_0131447_edge.png,"tf.Tensor(5.442, shape=(), dtype=float32)",5.533979,0.005391806364059448
/tmp/DataSetCombined/Edges/Round-4_0083289_edge.png,"tf.Tensor(1.526, shape=(), dtype=float32)",1.6881016,0.005391806364059448
/tmp/DataSetCombined/Edges/Round-10_0022758_edge.png,"tf.Tensor(5.201, shape=(), dtype=float32)",5.179723,0.005391806364059448
/tmp/DataSetCombined/Edges/Round-4_0057313_edge.png,"tf.Tensor(3.886, shape=(), dtype=float32)",4.0731125,0.005391806364059448
/tmp/DataSetCombined/Edges/Round-7_0030314_edge.png,"tf.Tensor(5.145, shape=(), dtype=float32)",5.2970605,0.005391806364059448
/tmp/DataSetCombined/Edges/Round-8_0043548_edge.png,"tf.Tensor(5.032, shape=(), dtype=float32)",5.1834254,0.005391806364059448
/tmp/DataSetCombined/Edges/Round-10_0151494_edge.png,"tf.Tensor(3.316, shape=(), dtype=float32)",3.4731317,0.005391806364059448
/tmp/DataSetCombined/Edges/Round-6_0042081_edge.png,"tf.Tensor(5.25, shape=(), dtype=float32)",5.3664083,0.005391806364059448
/tmp/DataSetCombined/Edges/Round-7_0116098_edge.png,"tf.Tensor(5.572, shape=(), dtype=float32)",5.526464,0.005391806364059448
/tmp/DataSetCombined/Edges/Round-8_0083912_edge.png,"tf.Tensor(5.521, shape=(), dtype=float32)",5.56711,0.005391806364059448
/tmp/DataSetCombined/Edges/Round-4_0009785_edge.png,"tf.Tensor(2.256, shape=(), dtype=float32)",2.366865,0.005391806364059448
/tmp/DataSetCombined/Edges/Round-9_0145025_edge.png,"tf.Tensor(3.329, shape=(), dtype=float32)",3.3897142,0.005391806364059448
/tmp/DataSetCombined/Edges/Round-9_0128830_edge.png,"tf.Tensor(2.886, shape=(), dtype=float32)",2.9593854,0.005391806364059448
/tmp/DataSetCombined/Edges/Round-9_0058276_edge.png,"tf.Tensor(5.669, shape=(), dtype=float32)",5.643226,0.005391806364059448
/tmp/DataSetCombined/Edges/Round-9_0063785_edge.png,"tf.Tensor(4.265, shape=(), dtype=float32)",4.4268665,0.005391806364059448
/tmp/DataSetCombined/Edges/Round-5_0094369_edge.png,"tf.Tensor(2.433, shape=(), dtype=float32)",2.617547,0.005391806364059448
/tmp/DataSetCombined/Edges/Round-2_0074034_edge.png,"tf.Tensor(3.255, shape=(), dtype=float32)",3.2055523,0.005391806364059448
/tmp/DataSetCombined/Edges/Round-4_0039554_edge.png,"tf.Tensor(5.029, shape=(), dtype=float32)",5.1130705,0.005391806364059448
/tmp/DataSetCombined/Edges/Round-7_0104991_edge.png,"tf.Tensor(3.859, shape=(), dtype=float32)",4.059286,0.005391806364059448
/tmp/DataSetCombined/Edges/Round-7_0121968_edge.png,"tf.Tensor(4.988, shape=(), dtype=float32)",5.234734,0.005391806364059448
/tmp/DataSetCombined/Edges/Round-10_0059148_edge.png,"tf.Tensor(3.054, shape=(), dtype=float32)",3.1005127,0.005391806364059448
/tmp/DataSetCombined/Edges/Round-9_0105895_edge.png,"tf.Tensor(2.507, shape=(), dtype=float32)",2.7586427,0.005391806364059448
/tmp/DataSetCombined/Edges/Round-4_0057132_edge.png,"tf.Tensor(2.61, shape=(), dtype=float32)",2.7890108,0.005391806364059448
/tmp/DataSetCombined/Edges/Round-8_0050622_edge.png,"tf.Tensor(5.637, shape=(), dtype=float32)",5.6368437,0.005391806364059448
/tmp/DataSetCombined/Edges/Round-9_0136054_edge.png,"tf.Tensor(5.04, shape=(), dtype=float32)",5.1823015,0.005391806364059448
/tmp/DataSetCombined/Edges/Round-1_0136782_edge.png,"tf.Tensor(5.049, shape=(), dtype=float32)",5.2002387,0.005391806364059448
/tmp/DataSetCombined/Edges/Round-10_0019327_edge.png,"tf.Tensor(2.028, shape=(), dtype=float32)",1.9698364,0.005391806364059448
/tmp/DataSetCombined/Edges/Round-10_0146768_edge.png,"tf.Tensor(5.566, shape=(), dtype=float32)",5.4718575,0.005391806364059448
/tmp/DataSetCombined/Edges/Round-8_0038552_edge.png,"tf.Tensor(3.206, shape=(), dtype=float32)",3.258847,0.005391806364059448
/tmp/DataSetCombined/Edges/Round-8_0029355_edge.png,"tf.Tensor(5.56, shape=(), dtype=float32)",5.4828153,0.005391806364059448
/tmp/DataSetCombined/Edges/Round-10_0181473_edge.png,"tf.Tensor(2.742, shape=(), dtype=float32)",2.7669885,0.005391806364059448
/tmp/DataSetCombined/Edges/Round-8_0020733_edge.png,"tf.Tensor(2.669, shape=(), dtype=float32)",2.763089,0.005391806364059448
/tmp/DataSetCombined/Edges/Round-4_0045514_edge.png,"tf.Tensor(5.036, shape=(), dtype=float32)",5.189179,0.005391806364059448
/tmp/DataSetCombined/Edges/Round-10_0040426_edge.png,"tf.Tensor(4.571, shape=(), dtype=float32)",4.804258,0.005391806364059448
/tmp/DataSetCombined/Edges/Round-6_0048432_edge.png,"tf.Tensor(4.263, shape=(), dtype=float32)",4.4039383,0.005391806364059448
/tmp/DataSetCombined/Edges/Round-10_0024564_edge.png,"tf.Tensor(5.028, shape=(), dtype=float32)",5.1836233,0.005391806364059448
/tmp/DataSetCombined/Edges/Round-8_0011865_edge.png,"tf.Tensor(5.478, shape=(), dtype=float32)",5.447114,0.005391806364059448
/tmp/DataSetCombined/Edges/Round-7_0006686_edge.png,"tf.Tensor(3.008, shape=(), dtype=float32)",2.9942749,0.005391806364059448
/tmp/DataSetCombined/Edges/Round-5_0073420_edge.png,"tf.Tensor(5.493, shape=(), dtype=float32)",5.4621725,0.005391806364059448
/tmp/DataSetCombined/Edges/Round-3_0041419_edge.png,"tf.Tensor(3.246, shape=(), dtype=float32)",3.4044247,0.005391806364059448
/tmp/DataSetCombined/Edges/Round-10_0132080_edge.png,"tf.Tensor(4.445, shape=(), dtype=float32)",4.5543833,0.005391806364059448
/tmp/DataSetCombined/Edges/Round-1_0142681_edge.png,"tf.Tensor(1.525, shape=(), dtype=float32)",1.6959685,0.005391806364059448
/tmp/DataSetCombined/Edges/Round-9_0167659_edge.png,"tf.Tensor(4.265, shape=(), dtype=float32)",4.4432855,0.005391806364059448
/tmp/DataSetCombined/Edges/Round-8_0019138_edge.png,"tf.Tensor(2.665, shape=(), dtype=float32)",2.7728024,0.005391806364059448
/tmp/DataSetCombined/Edges/Round-6_0108872_edge.png,"tf.Tensor(2.943, shape=(), dtype=float32)",3.0566316,0.005391806364059448
/tmp/DataSetCombined/Edges/Round-5_0055179_edge.png,"tf.Tensor(4.789, shape=(), dtype=float32)",4.94212,0.005391806364059448
/tmp/DataSetCombined/Edges/Round-9_0038803_edge.png,"tf.Tensor(2.309, shape=(), dtype=float32)",2.4283614,0.005391806364059448
/tmp/DataSetCombined/Edges/Round-7_0098189_edge.png,"tf.Tensor(4.414, shape=(), dtype=float32)",4.5562334,0.005391806364059448
/tmp/DataSetCombined/Edges/Round-10_0024143_edge.png,"tf.Tensor(3.54, shape=(), dtype=float32)",3.8414729,0.005391806364059448
/tmp/DataSetCombined/Edges/Round-10_0148304_edge.png,"tf.Tensor(3.474, shape=(), dtype=float32)",3.5962996,0.005391806364059448
/tmp/DataSetCombined/Edges/Round-6_0030914_edge.png,"tf.Tensor(5.346, shape=(), dtype=float32)",5.348644,0.005391806364059448
/tmp/DataSetCombined/Edges/Round-9_0118717_edge.png,"tf.Tensor(5.145, shape=(), dtype=float32)",5.297229,0.005391806364059448
/tmp/DataSetCombined/Edges/Round-4_0068389_edge.png,"tf.Tensor(3.261, shape=(), dtype=float32)",3.380277,0.005284678190946579
/tmp/DataSetCombined/Edges/Round-1_0089671_edge.png,"tf.Tensor(3.108, shape=(), dtype=float32)",3.208708,0.005284678190946579
/tmp/DataSetCombined/Edges/Round-3_0014540_edge.png,"tf.Tensor(5.342, shape=(), dtype=float32)",5.338859,0.005284678190946579
/tmp/DataSetCombined/Edges/Round-1_0120102_edge.png,"tf.Tensor(4.284, shape=(), dtype=float32)",4.4637733,0.005284678190946579
/tmp/DataSetCombined/Edges/Round-6_0131567_edge.png,"tf.Tensor(3.623, shape=(), dtype=float32)",3.8399343,0.005284678190946579
/tmp/DataSetCombined/Edges/Round-6_0030824_edge.png,"tf.Tensor(2.479, shape=(), dtype=float32)",2.623913,0.005284678190946579
/tmp/DataSetCombined/Edges/Round-8_0053090_edge.png,"tf.Tensor(5.324, shape=(), dtype=float32)",5.4030957,0.005284678190946579
/tmp/DataSetCombined/Edges/Round-1_0125551_edge.png,"tf.Tensor(3.116, shape=(), dtype=float32)",3.1814861,0.005284678190946579
/tmp/DataSetCombined/Edges/Round-3_0012734_edge.png,"tf.Tensor(4.267, shape=(), dtype=float32)",4.4360075,0.005284678190946579
/tmp/DataSetCombined/Edges/Round-3_0080940_edge.png,"tf.Tensor(5.155, shape=(), dtype=float32)",5.1384053,0.005284678190946579
/tmp/DataSetCombined/Edges/Round-7_0127084_edge.png,"tf.Tensor(4.874, shape=(), dtype=float32)",4.963412,0.005284678190946579
/tmp/DataSetCombined/Edges/Round-10_0048373_edge.png,"tf.Tensor(5.19, shape=(), dtype=float32)",5.2057896,0.005284678190946579
/tmp/DataSetCombined/Edges/Round-8_0040221_edge.png,"tf.Tensor(4.601, shape=(), dtype=float32)",4.728372,0.005284678190946579
/tmp/DataSetCombined/Edges/Round-10_0138972_edge.png,"tf.Tensor(5.569, shape=(), dtype=float32)",5.533196,0.005284678190946579
/tmp/DataSetCombined/Edges/Round-10_0128829_edge.png,"tf.Tensor(4.776, shape=(), dtype=float32)",4.9230843,0.005284678190946579
/tmp/DataSetCombined/Edges/Round-8_0020884_edge.png,"tf.Tensor(3.779, shape=(), dtype=float32)",3.9712808,0.005284678190946579
/tmp/DataSetCombined/Edges/Round-2_0034800_edge.png,"tf.Tensor(1.682, shape=(), dtype=float32)",1.7860551,0.005284678190946579
/tmp/DataSetCombined/Edges/Round-10_0104659_edge.png,"tf.Tensor(2.465, shape=(), dtype=float32)",2.6321473,0.005284678190946579
/tmp/DataSetCombined/Edges/Round-6_0079375_edge.png,"tf.Tensor(3.831, shape=(), dtype=float32)",4.0097046,0.005284678190946579
/tmp/DataSetCombined/Edges/Round-10_0124977_edge.png,"tf.Tensor(3.034, shape=(), dtype=float32)",3.145857,0.005284678190946579
/tmp/DataSetCombined/Edges/Round-10_0127866_edge.png,"tf.Tensor(4.984, shape=(), dtype=float32)",5.2171655,0.005284678190946579
/tmp/DataSetCombined/Edges/Round-6_0056018_edge.png,"tf.Tensor(3.877, shape=(), dtype=float32)",4.0688477,0.005284678190946579
/tmp/DataSetCombined/Edges/Round-10_0117983_edge.png,"tf.Tensor(2.201, shape=(), dtype=float32)",2.2726521,0.005284678190946579
/tmp/DataSetCombined/Edges/Round-10_0014631_edge.png,"tf.Tensor(5.048, shape=(), dtype=float32)",5.194267,0.005284678190946579
/tmp/DataSetCombined/Edges/Round-4_0084463_edge.png,"tf.Tensor(5.152, shape=(), dtype=float32)",5.1316237,0.005284678190946579
/tmp/DataSetCombined/Edges/Round-1_0140509_edge.png,"tf.Tensor(2.599, shape=(), dtype=float32)",2.6202283,0.005284678190946579
/tmp/DataSetCombined/Edges/Round-5_0093075_edge.png,"tf.Tensor(4.669, shape=(), dtype=float32)",4.911424,0.005284678190946579
/tmp/DataSetCombined/Edges/Round-9_0144905_edge.png,"tf.Tensor(4.792, shape=(), dtype=float32)",4.942393,0.005284678190946579
/tmp/DataSetCombined/Edges/Round-7_0002652_edge.png,"tf.Tensor(5.556, shape=(), dtype=float32)",5.5903,0.005284678190946579
/tmp/DataSetCombined/Edges/Round-4_0024384_edge.png,"tf.Tensor(4.262, shape=(), dtype=float32)",4.416945,0.005284678190946579
/tmp/DataSetCombined/Edges/Round-8_0026542_edge.png,"tf.Tensor(5.288, shape=(), dtype=float32)",5.3608384,0.005284678190946579
/tmp/DataSetCombined/Edges/Round-9_0160194_edge.png,"tf.Tensor(2.04, shape=(), dtype=float32)",2.0835707,0.005284678190946579
/tmp/DataSetCombined/Edges/Round-8_0061970_edge.png,"tf.Tensor(4.957, shape=(), dtype=float32)",5.046101,0.005284678190946579
/tmp/DataSetCombined/Edges/Round-10_0018664_edge.png,"tf.Tensor(3.267, shape=(), dtype=float32)",3.3904335,0.005284678190946579
/tmp/DataSetCombined/Edges/Round-2_0094769_edge.png,"tf.Tensor(5.449, shape=(), dtype=float32)",5.539999,0.005284678190946579
/tmp/DataSetCombined/Edges/Round-8_0040328_edge.png,"tf.Tensor(5.032, shape=(), dtype=float32)",5.1789923,0.005284678190946579
/tmp/DataSetCombined/Edges/Round-10_0055988_edge.png,"tf.Tensor(4.623, shape=(), dtype=float32)",4.7354264,0.005284678190946579
/tmp/DataSetCombined/Edges/Round-9_0163174_edge.png,"tf.Tensor(3.099, shape=(), dtype=float32)",3.014292,0.005284678190946579
/tmp/DataSetCombined/Edges/Round-7_0066133_edge.png,"tf.Tensor(2.537, shape=(), dtype=float32)",2.6592214,0.005284678190946579
/tmp/DataSetCombined/Edges/Round-8_0038745_edge.png,"tf.Tensor(5.084, shape=(), dtype=float32)",5.232726,0.005284678190946579
/tmp/DataSetCombined/Edges/Round-9_0133194_edge.png,"tf.Tensor(3.474, shape=(), dtype=float32)",3.579656,0.005284678190946579
/tmp/DataSetCombined/Edges/Round-9_0093373_edge.png,"tf.Tensor(2.669, shape=(), dtype=float32)",2.8862798,0.005284678190946579
/tmp/DataSetCombined/Edges/Round-7_0114894_edge.png,"tf.Tensor(3.746, shape=(), dtype=float32)",3.9312687,0.005284678190946579
/tmp/DataSetCombined/Edges/Round-9_0190203_edge.png,"tf.Tensor(1.958, shape=(), dtype=float32)",1.972637,0.005284678190946579
/tmp/DataSetCombined/Edges/Round-10_0170213_edge.png,"tf.Tensor(5.48, shape=(), dtype=float32)",5.5418,0.005284678190946579
/tmp/DataSetCombined/Edges/Round-2_0054167_edge.png,"tf.Tensor(5.285, shape=(), dtype=float32)",5.3656673,0.005284678190946579
/tmp/DataSetCombined/Edges/Round-7_0098430_edge.png,"tf.Tensor(2.193, shape=(), dtype=float32)",2.2868967,0.005284678190946579
/tmp/DataSetCombined/Edges/Round-8_0062722_edge.png,"tf.Tensor(2.669, shape=(), dtype=float32)",2.7482588,0.005284678190946579
/tmp/DataSetCombined/Edges/Round-3_0027367_edge.png,"tf.Tensor(2.525, shape=(), dtype=float32)",2.7730355,0.005284678190946579
/tmp/DataSetCombined/Edges/Round-9_0011712_edge.png,"tf.Tensor(1.699, shape=(), dtype=float32)",1.777169,0.005284678190946579
/tmp/DataSetCombined/Edges/Round-5_0106861_edge.png,"tf.Tensor(1.525, shape=(), dtype=float32)",1.6883383,0.005284678190946579
/tmp/DataSetCombined/Edges/Round-10_0092469_edge.png,"tf.Tensor(2.841, shape=(), dtype=float32)",2.8821144,0.005284678190946579
/tmp/DataSetCombined/Edges/Round-9_0058909_edge.png,"tf.Tensor(5.033, shape=(), dtype=float32)",5.1861525,0.005284678190946579
/tmp/DataSetCombined/Edges/Round-5_0019902_edge.png,"tf.Tensor(4.481, shape=(), dtype=float32)",4.599635,0.005284678190946579
/tmp/DataSetCombined/Edges/Round-2_0103619_edge.png,"tf.Tensor(3.654, shape=(), dtype=float32)",3.824899,0.005284678190946579
/tmp/DataSetCombined/Edges/Round-4_0075132_edge.png,"tf.Tensor(4.346, shape=(), dtype=float32)",4.427663,0.005284678190946579
/tmp/DataSetCombined/Edges/Round-7_0087563_edge.png,"tf.Tensor(1.287, shape=(), dtype=float32)",1.5784638,0.005284678190946579
/tmp/DataSetCombined/Edges/Round-8_0083641_edge.png,"tf.Tensor(5.443, shape=(), dtype=float32)",5.5343065,0.005284678190946579
/tmp/DataSetCombined/Edges/Round-9_0087867_edge.png,"tf.Tensor(1.988, shape=(), dtype=float32)",2.0389905,0.005284678190946579
/tmp/DataSetCombined/Edges/Round-3_0071940_edge.png,"tf.Tensor(5.084, shape=(), dtype=float32)",5.1722884,0.005284678190946579
/tmp/DataSetCombined/Edges/Round-8_0009849_edge.png,"tf.Tensor(5.136, shape=(), dtype=float32)",5.202268,0.005284678190946579
/tmp/DataSetCombined/Edges/Round-10_0021313_edge.png,"tf.Tensor(1.881, shape=(), dtype=float32)",1.8896701,0.005284678190946579
/tmp/DataSetCombined/Edges/Round-10_0136836_edge.png,"tf.Tensor(5.39, shape=(), dtype=float32)",5.3982,0.005284678190946579
/tmp/DataSetCombined/Edges/Round-1_0080550_edge.png,"tf.Tensor(5.44, shape=(), dtype=float32)",5.4374785,0.005284678190946579
/tmp/DataSetCombined/Edges/Round-1_0050964_edge.png,"tf.Tensor(4.337, shape=(), dtype=float32)",4.472896,0.005586870014667511
/tmp/DataSetCombined/Edges/Round-10_0188065_edge.png,"tf.Tensor(4.516, shape=(), dtype=float32)",4.6318727,0.005586870014667511
/tmp/DataSetCombined/Edges/Round-4_0072453_edge.png,"tf.Tensor(5.149, shape=(), dtype=float32)",5.2871475,0.005586870014667511
/tmp/DataSetCombined/Edges/Round-10_0042714_edge.png,"tf.Tensor(4.785, shape=(), dtype=float32)",4.9828115,0.005586870014667511
/tmp/DataSetCombined/Edges/Round-1_0008001_edge.png,"tf.Tensor(5.147, shape=(), dtype=float32)",5.309199,0.005586870014667511
/tmp/DataSetCombined/Edges/Round-10_0189301_edge.png,"tf.Tensor(1.831, shape=(), dtype=float32)",1.843202,0.005586870014667511
/tmp/DataSetCombined/Edges/Round-7_0021675_edge.png,"tf.Tensor(4.415, shape=(), dtype=float32)",4.551372,0.005586870014667511
/tmp/DataSetCombined/Edges/Round-2_0036600_edge.png,"tf.Tensor(5.55, shape=(), dtype=float32)",5.5909886,0.005586870014667511
/tmp/DataSetCombined/Edges/Round-1_0099423_edge.png,"tf.Tensor(5.517, shape=(), dtype=float32)",5.5556755,0.005586870014667511
/tmp/DataSetCombined/Edges/Round-1_0108302_edge.png,"tf.Tensor(3.503, shape=(), dtype=float32)",3.817126,0.005586870014667511
/tmp/DataSetCombined/Edges/Round-10_0113568_edge.png,"tf.Tensor(5.633, shape=(), dtype=float32)",5.6334395,0.005586870014667511
/tmp/DataSetCombined/Edges/Round-4_0016558_edge.png,"tf.Tensor(5.153, shape=(), dtype=float32)",5.132169,0.005586870014667511
/tmp/DataSetCombined/Edges/Round-10_0105592_edge.png,"tf.Tensor(2.553, shape=(), dtype=float32)",2.70922,0.005586870014667511
/tmp/DataSetCombined/Edges/Round-8_0049822_edge.png,"tf.Tensor(5.345, shape=(), dtype=float32)",5.3468814,0.005586870014667511
/tmp/DataSetCombined/Edges/Round-1_0064434_edge.png,"tf.Tensor(2.32, shape=(), dtype=float32)",2.3235795,0.005586870014667511
/tmp/DataSetCombined/Edges/Round-1_0036634_edge.png,"tf.Tensor(4.794, shape=(), dtype=float32)",4.9694047,0.005586870014667511
/tmp/DataSetCombined/Edges/Round-9_0118506_edge.png,"tf.Tensor(5.598, shape=(), dtype=float32)",5.5069036,0.005586870014667511
/tmp/DataSetCombined/Edges/Round-10_0073596_edge.png,"tf.Tensor(3.709, shape=(), dtype=float32)",3.9290888,0.005586870014667511
/tmp/DataSetCombined/Edges/Round-4_0056380_edge.png,"tf.Tensor(5.665, shape=(), dtype=float32)",5.5376525,0.005586870014667511
/tmp/DataSetCombined/Edges/Round-8_0038384_edge.png,"tf.Tensor(4.775, shape=(), dtype=float32)",4.9194303,0.005586870014667511
/tmp/DataSetCombined/Edges/Round-2_0067770_edge.png,"tf.Tensor(5.567, shape=(), dtype=float32)",5.5323486,0.005586870014667511
/tmp/DataSetCombined/Edges/Round-9_0123683_edge.png,"tf.Tensor(3.13, shape=(), dtype=float32)",3.1930373,0.005586870014667511
/tmp/DataSetCombined/Edges/Round-9_0101289_edge.png,"tf.Tensor(5.558, shape=(), dtype=float32)",5.604276,0.005586870014667511
/tmp/DataSetCombined/Edges/Round-9_0056621_edge.png,"tf.Tensor(3.538, shape=(), dtype=float32)",3.6586797,0.005586870014667511
/tmp/DataSetCombined/Edges/Round-9_0113918_edge.png,"tf.Tensor(2.903, shape=(), dtype=float32)",2.9181604,0.005586870014667511
/tmp/DataSetCombined/Edges/Round-5_0025772_edge.png,"tf.Tensor(5.036, shape=(), dtype=float32)",5.192643,0.005586870014667511
/tmp/DataSetCombined/Edges/Round-8_0010902_edge.png,"tf.Tensor(4.762, shape=(), dtype=float32)",4.8919535,0.005586870014667511
/tmp/DataSetCombined/Edges/Round-4_0043979_edge.png,"tf.Tensor(5.519, shape=(), dtype=float32)",5.5658865,0.005586870014667511
/tmp/DataSetCombined/Edges/Round-1_0053461_edge.png,"tf.Tensor(2.99, shape=(), dtype=float32)",3.0821881,0.005586870014667511
/tmp/DataSetCombined/Edges/Round-2_0051767_edge.png,"tf.Tensor(1.904, shape=(), dtype=float32)",1.9147052,0.005586870014667511
/tmp/DataSetCombined/Edges/Round-6_0051894_edge.png,"tf.Tensor(3.533, shape=(), dtype=float32)",3.6528761,0.005586870014667511
/tmp/DataSetCombined/Edges/Round-3_0056619_edge.png,"tf.Tensor(3.817, shape=(), dtype=float32)",3.975409,0.005586870014667511
/tmp/DataSetCombined/Edges/Round-8_0017693_edge.png,"tf.Tensor(4.547, shape=(), dtype=float32)",4.5921884,0.005586870014667511
/tmp/DataSetCombined/Edges/Round-5_0040280_edge.png,"tf.Tensor(2.904, shape=(), dtype=float32)",2.9059422,0.005586870014667511
/tmp/DataSetCombined/Edges/Round-10_0003334_edge.png,"tf.Tensor(5.152, shape=(), dtype=float32)",5.124168,0.005586870014667511
/tmp/DataSetCombined/Edges/Round-9_0072363_edge.png,"tf.Tensor(5.574, shape=(), dtype=float32)",5.521944,0.005586870014667511
/tmp/DataSetCombined/Edges/Round-5_0069414_edge.png,"tf.Tensor(4.465, shape=(), dtype=float32)",4.583509,0.005586870014667511
/tmp/DataSetCombined/Edges/Round-5_0013220_edge.png,"tf.Tensor(3.516, shape=(), dtype=float32)",3.6829565,0.005586870014667511
/tmp/DataSetCombined/Edges/Round-7_0016829_edge.png,"tf.Tensor(4.965, shape=(), dtype=float32)",5.2283125,0.005586870014667511
/tmp/DataSetCombined/Edges/Round-7_0119168_edge.png,"tf.Tensor(2.132, shape=(), dtype=float32)",2.0481503,0.005586870014667511
/tmp/DataSetCombined/Edges/Round-5_0089734_edge.png,"tf.Tensor(2.521, shape=(), dtype=float32)",2.7614539,0.005586870014667511
/tmp/DataSetCombined/Edges/Round-8_0035915_edge.png,"tf.Tensor(5.448, shape=(), dtype=float32)",5.4391904,0.005586870014667511
/tmp/DataSetCombined/Edges/Round-9_0010448_edge.png,"tf.Tensor(5.107, shape=(), dtype=float32)",5.2553964,0.005586870014667511
/tmp/DataSetCombined/Edges/Round-10_0128076_edge.png,"tf.Tensor(5.149, shape=(), dtype=float32)",5.3091745,0.005586870014667511
/tmp/DataSetCombined/Edges/Round-5_0107691_edge.png,"tf.Tensor(4.817, shape=(), dtype=float32)",5.0823216,0.005586870014667511
/tmp/DataSetCombined/Edges/Round-1_0042667_edge.png,"tf.Tensor(1.876, shape=(), dtype=float32)",1.8984308,0.005586870014667511
/tmp/DataSetCombined/Edges/Round-9_0021224_edge.png,"tf.Tensor(3.058, shape=(), dtype=float32)",3.0035765,0.005586870014667511
/tmp/DataSetCombined/Edges/Round-8_0067731_edge.png,"tf.Tensor(5.417, shape=(), dtype=float32)",5.4093833,0.005586870014667511
/tmp/DataSetCombined/Edges/Round-3_0071308_edge.png,"tf.Tensor(5.445, shape=(), dtype=float32)",5.5377097,0.005586870014667511
/tmp/DataSetCombined/Edges/Round-6_0037477_edge.png,"tf.Tensor(3.592, shape=(), dtype=float32)",3.7577639,0.005586870014667511
/tmp/DataSetCombined/Edges/Round-7_0083952_edge.png,"tf.Tensor(2.238, shape=(), dtype=float32)",2.359714,0.005586870014667511
/tmp/DataSetCombined/Edges/Round-9_0051956_edge.png,"tf.Tensor(3.121, shape=(), dtype=float32)",3.1536622,0.005586870014667511
/tmp/DataSetCombined/Edges/Round-7_0107490_edge.png,"tf.Tensor(5.216, shape=(), dtype=float32)",5.3301706,0.005586870014667511
/tmp/DataSetCombined/Edges/Round-5_0011294_edge.png,"tf.Tensor(4.486, shape=(), dtype=float32)",4.60136,0.005586870014667511
/tmp/DataSetCombined/Edges/Round-8_0012257_edge.png,"tf.Tensor(5.443, shape=(), dtype=float32)",5.4291778,0.005586870014667511
/tmp/DataSetCombined/Edges/Round-10_0009545_edge.png,"tf.Tensor(4.796, shape=(), dtype=float32)",4.8992033,0.005586870014667511
/tmp/DataSetCombined/Edges/Round-2_0097658_edge.png,"tf.Tensor(5.562, shape=(), dtype=float32)",5.4735093,0.005586870014667511
/tmp/DataSetCombined/Edges/Round-4_0064788_edge.png,"tf.Tensor(2.448, shape=(), dtype=float32)",2.4975824,0.005586870014667511
/tmp/DataSetCombined/Edges/Round-4_0023717_edge.png,"tf.Tensor(2.025, shape=(), dtype=float32)",2.074406,0.005586870014667511
/tmp/DataSetCombined/Edges/Round-2_0107034_edge.png,"tf.Tensor(5.449, shape=(), dtype=float32)",5.533401,0.005586870014667511
/tmp/DataSetCombined/Edges/Round-10_0151795_edge.png,"tf.Tensor(4.262, shape=(), dtype=float32)",4.4377646,0.005586870014667511
/tmp/DataSetCombined/Edges/Round-8_0016651_edge.png,"tf.Tensor(1.941, shape=(), dtype=float32)",1.9275271,0.005586870014667511
/tmp/DataSetCombined/Edges/Round-7_0063062_edge.png,"tf.Tensor(5.034, shape=(), dtype=float32)",5.1851497,0.005586870014667511
/tmp/DataSetCombined/Edges/Round-8_0061759_edge.png,"tf.Tensor(4.578, shape=(), dtype=float32)",4.715445,0.005586870014667511
/tmp/DataSetCombined/Edges/Round-9_0152347_edge.png,"tf.Tensor(2.715, shape=(), dtype=float32)",2.788352,0.005344986915588379
/tmp/DataSetCombined/Edges/Round-4_0084523_edge.png,"tf.Tensor(2.155, shape=(), dtype=float32)",2.0810118,0.005344986915588379
/tmp/DataSetCombined/Edges/Round-3_0023967_edge.png,"tf.Tensor(5.035, shape=(), dtype=float32)",5.184158,0.005344986915588379
/tmp/DataSetCombined/Edges/Round-1_0151826_edge.png,"tf.Tensor(2.833, shape=(), dtype=float32)",2.8612921,0.005344986915588379
/tmp/DataSetCombined/Edges/Round-9_0154506_edge.png,"tf.Tensor(5.495, shape=(), dtype=float32)",5.5882816,0.005344986915588379
/tmp/DataSetCombined/Edges/Round-5_0015990_edge.png,"tf.Tensor(5.032, shape=(), dtype=float32)",5.180976,0.005344986915588379
/tmp/DataSetCombined/Edges/Round-1_0083952_edge.png,"tf.Tensor(4.262, shape=(), dtype=float32)",4.4320164,0.005344986915588379
/tmp/DataSetCombined/Edges/Round-5_0002697_edge.png,"tf.Tensor(5.567, shape=(), dtype=float32)",5.475839,0.005344986915588379
/tmp/DataSetCombined/Edges/Round-10_0121692_edge.png,"tf.Tensor(3.289, shape=(), dtype=float32)",3.4399607,0.005344986915588379
/tmp/DataSetCombined/Edges/Round-9_0178224_edge.png,"tf.Tensor(5.441, shape=(), dtype=float32)",5.444495,0.005344986915588379
/tmp/DataSetCombined/Edges/Round-9_0028600_edge.png,"tf.Tensor(2.749, shape=(), dtype=float32)",2.8854897,0.005344986915588379
/tmp/DataSetCombined/Edges/Round-10_0072362_edge.png,"tf.Tensor(1.68, shape=(), dtype=float32)",1.799046,0.005344986915588379
/tmp/DataSetCombined/Edges/Round-3_0069231_edge.png,"tf.Tensor(5.223, shape=(), dtype=float32)",5.2194624,0.005344986915588379
/tmp/DataSetCombined/Edges/Round-9_0191257_edge.png,"tf.Tensor(1.969, shape=(), dtype=float32)",1.9828529,0.005344986915588379
/tmp/DataSetCombined/Edges/Round-4_0032872_edge.png,"tf.Tensor(5.599, shape=(), dtype=float32)",5.539775,0.005344986915588379
/tmp/DataSetCombined/Edges/Round-10_0013337_edge.png,"tf.Tensor(5.625, shape=(), dtype=float32)",5.544445,0.005344986915588379
/tmp/DataSetCombined/Edges/Round-1_0167749_edge.png,"tf.Tensor(5.568, shape=(), dtype=float32)",5.535485,0.005344986915588379
/tmp/DataSetCombined/Edges/Round-3_0057883_edge.png,"tf.Tensor(5.661, shape=(), dtype=float32)",5.5165,0.005344986915588379
/tmp/DataSetCombined/Edges/Round-10_0039674_edge.png,"tf.Tensor(5.341, shape=(), dtype=float32)",5.3474784,0.005344986915588379
/tmp/DataSetCombined/Edges/Round-2_0058367_edge.png,"tf.Tensor(3.512, shape=(), dtype=float32)",3.6349833,0.005344986915588379
/tmp/DataSetCombined/Edges/Round-8_0066424_edge.png,"tf.Tensor(5.155, shape=(), dtype=float32)",5.156534,0.005344986915588379
/tmp/DataSetCombined/Edges/Round-6_0078532_edge.png,"tf.Tensor(5.521, shape=(), dtype=float32)",5.564504,0.005344986915588379
/tmp/DataSetCombined/Edges/Round-2_0067168_edge.png,"tf.Tensor(1.877, shape=(), dtype=float32)",1.8841275,0.005344986915588379
/tmp/DataSetCombined/Edges/Round-8_0060266_edge.png,"tf.Tensor(2.502, shape=(), dtype=float32)",2.52858,0.005344986915588379
/tmp/DataSetCombined/Edges/Round-5_0045337_edge.png,"tf.Tensor(5.562, shape=(), dtype=float32)",5.4842997,0.005344986915588379
/tmp/DataSetCombined/Edges/Round-1_0054301_edge.png,"tf.Tensor(4.201, shape=(), dtype=float32)",4.4255576,0.005344986915588379
/tmp/DataSetCombined/Edges/Round-8_0074402_edge.png,"tf.Tensor(5.521, shape=(), dtype=float32)",5.557823,0.005344986915588379
/tmp/DataSetCombined/Edges/Round-1_0046334_edge.png,"tf.Tensor(4.323, shape=(), dtype=float32)",4.5034294,0.005344986915588379
/tmp/DataSetCombined/Edges/Round-4_0030675_edge.png,"tf.Tensor(4.551, shape=(), dtype=float32)",4.6632314,0.005344986915588379
/tmp/DataSetCombined/Edges/Round-7_0029230_edge.png,"tf.Tensor(4.293, shape=(), dtype=float32)",4.4780746,0.005344986915588379
/tmp/DataSetCombined/Edges/Round-9_0085126_edge.png,"tf.Tensor(3.42, shape=(), dtype=float32)",3.5955384,0.005344986915588379
/tmp/DataSetCombined/Edges/Round-2_0051667_edge.png,"tf.Tensor(2.097, shape=(), dtype=float32)",2.009174,0.005344986915588379
/tmp/DataSetCombined/Edges/Round-6_0067546_edge.png,"tf.Tensor(2.468, shape=(), dtype=float32)",2.6183875,0.005344986915588379
/tmp/DataSetCombined/Edges/Round-8_0022087_edge.png,"tf.Tensor(1.874, shape=(), dtype=float32)",1.8928653,0.005344986915588379
/tmp/DataSetCombined/Edges/Round-1_0020667_edge.png,"tf.Tensor(5.149, shape=(), dtype=float32)",5.3201523,0.005344986915588379
/tmp/DataSetCombined/Edges/Round-9_0006325_edge.png,"tf.Tensor(5.564, shape=(), dtype=float32)",5.4722753,0.005344986915588379
/tmp/DataSetCombined/Edges/Round-9_0183491_edge.png,"tf.Tensor(5.667, shape=(), dtype=float32)",5.641205,0.005344986915588379
/tmp/DataSetCombined/Edges/Round-8_0022268_edge.png,"tf.Tensor(2.808, shape=(), dtype=float32)",2.8974621,0.005344986915588379
/tmp/DataSetCombined/Edges/Round-10_0005516_edge.png,"tf.Tensor(5.111, shape=(), dtype=float32)",5.2667985,0.005344986915588379
/tmp/DataSetCombined/Edges/Round-5_0039829_edge.png,"tf.Tensor(5.15, shape=(), dtype=float32)",5.328682,0.005344986915588379
/tmp/DataSetCombined/Edges/Round-3_0063060_edge.png,"tf.Tensor(4.692, shape=(), dtype=float32)",4.791206,0.005344986915588379
/tmp/DataSetCombined/Edges/Round-10_0067155_edge.png,"tf.Tensor(4.264, shape=(), dtype=float32)",4.4231896,0.005344986915588379
/tmp/DataSetCombined/Edges/Round-1_0040334_edge.png,"tf.Tensor(4.954, shape=(), dtype=float32)",5.027513,0.005344986915588379
/tmp/DataSetCombined/Edges/Round-9_0039976_edge.png,"tf.Tensor(2.828, shape=(), dtype=float32)",2.986212,0.005344986915588379
/tmp/DataSetCombined/Edges/Round-3_0078351_edge.png,"tf.Tensor(1.972, shape=(), dtype=float32)",1.9975203,0.005344986915588379
/tmp/DataSetCombined/Edges/Round-8_0010270_edge.png,"tf.Tensor(2.399, shape=(), dtype=float32)",2.5289636,0.005344986915588379
/tmp/DataSetCombined/Edges/Round-8_0017753_edge.png,"tf.Tensor(3.331, shape=(), dtype=float32)",3.4153385,0.005344986915588379
/tmp/DataSetCombined/Edges/Round-5_0074593_edge.png,"tf.Tensor(5.322, shape=(), dtype=float32)",5.3830614,0.005344986915588379
/tmp/DataSetCombined/Edges/Round-9_0108031_edge.png,"tf.Tensor(2.787, shape=(), dtype=float32)",2.8845434,0.005344986915588379
/tmp/DataSetCombined/Edges/Round-4_0044731_edge.png,"tf.Tensor(4.266, shape=(), dtype=float32)",4.429016,0.005344986915588379
/tmp/DataSetCombined/Edges/Round-4_0045016_edge.png,"tf.Tensor(3.385, shape=(), dtype=float32)",3.5333421,0.005344986915588379
/tmp/DataSetCombined/Edges/Round-5_0008404_edge.png,"tf.Tensor(4.262, shape=(), dtype=float32)",4.4193296,0.005344986915588379
/tmp/DataSetCombined/Edges/Round-8_0026283_edge.png,"tf.Tensor(5.032, shape=(), dtype=float32)",5.17922,0.005344986915588379
/tmp/DataSetCombined/Edges/Round-10_0052526_edge.png,"tf.Tensor(2.961, shape=(), dtype=float32)",3.0252736,0.005344986915588379
/tmp/DataSetCombined/Edges/Round-2_0095131_edge.png,"tf.Tensor(4.746, shape=(), dtype=float32)",4.9125285,0.005344986915588379
/tmp/DataSetCombined/Edges/Round-7_0091597_edge.png,"tf.Tensor(5.574, shape=(), dtype=float32)",5.529272,0.005344986915588379
/tmp/DataSetCombined/Edges/Round-2_0081465_edge.png,"tf.Tensor(1.937, shape=(), dtype=float32)",2.003306,0.005344986915588379
/tmp/DataSetCombined/Edges/Round-5_0001485_edge.png,"tf.Tensor(5.672, shape=(), dtype=float32)",5.6371245,0.005344986915588379
/tmp/DataSetCombined/Edges/Round-4_0018876_edge.png,"tf.Tensor(1.249, shape=(), dtype=float32)",1.5564669,0.005344986915588379
/tmp/DataSetCombined/Edges/Round-6_0112822_edge.png,"tf.Tensor(3.4, shape=(), dtype=float32)",3.5031803,0.005344986915588379
/tmp/DataSetCombined/Edges/Round-2_0052734_edge.png,"tf.Tensor(4.787, shape=(), dtype=float32)",4.9941735,0.005344986915588379
/tmp/DataSetCombined/Edges/Round-1_0113359_edge.png,"tf.Tensor(5.566, shape=(), dtype=float32)",5.4724846,0.005344986915588379
/tmp/DataSetCombined/Edges/Round-7_0088015_edge.png,"tf.Tensor(2.819, shape=(), dtype=float32)",2.8559284,0.005344986915588379
/tmp/DataSetCombined/Edges/Round-10_0144722_edge.png,"tf.Tensor(4.954, shape=(), dtype=float32)",5.0278583,0.005344986915588379
/tmp/DataSetCombined/Edges/Round-8_0024658_edge.png,"tf.Tensor(4.262, shape=(), dtype=float32)",4.4340324,0.005841374397277832
/tmp/DataSetCombined/Edges/Round-6_0132681_edge.png,"tf.Tensor(4.588, shape=(), dtype=float32)",4.6976757,0.005841374397277832
/tmp/DataSetCombined/Edges/Round-2_0073850_edge.png,"tf.Tensor(5.129, shape=(), dtype=float32)",5.287771,0.005841374397277832
/tmp/DataSetCombined/Edges/Round-4_0009876_edge.png,"tf.Tensor(5.036, shape=(), dtype=float32)",5.2025476,0.005841374397277832
/tmp/DataSetCombined/Edges/Round-1_0137831_edge.png,"tf.Tensor(4.263, shape=(), dtype=float32)",4.416002,0.005841374397277832
/tmp/DataSetCombined/Edges/Round-3_0067966_edge.png,"tf.Tensor(3.183, shape=(), dtype=float32)",3.247345,0.005841374397277832
/tmp/DataSetCombined/Edges/Round-4_0048554_edge.png,"tf.Tensor(5.355, shape=(), dtype=float32)",5.5059795,0.005841374397277832
/tmp/DataSetCombined/Edges/Round-2_0071713_edge.png,"tf.Tensor(4.361, shape=(), dtype=float32)",4.506056,0.005841374397277832
/tmp/DataSetCombined/Edges/Round-10_0036273_edge.png,"tf.Tensor(4.954, shape=(), dtype=float32)",5.0444956,0.005841374397277832
/tmp/DataSetCombined/Edges/Round-5_0073058_edge.png,"tf.Tensor(2.326, shape=(), dtype=float32)",2.2502174,0.005841374397277832
/tmp/DataSetCombined/Edges/Round-10_0009935_edge.png,"tf.Tensor(5.667, shape=(), dtype=float32)",5.64028,0.005841374397277832
/tmp/DataSetCombined/Edges/Round-9_0106226_edge.png,"tf.Tensor(3.968, shape=(), dtype=float32)",4.1047907,0.005841374397277832
/tmp/DataSetCombined/Edges/Round-10_0049817_edge.png,"tf.Tensor(3.887, shape=(), dtype=float32)",4.08181,0.005841374397277832
/tmp/DataSetCombined/Edges/Round-3_0042292_edge.png,"tf.Tensor(4.954, shape=(), dtype=float32)",5.028846,0.005841374397277832
/tmp/DataSetCombined/Edges/Round-10_0035460_edge.png,"tf.Tensor(5.493, shape=(), dtype=float32)",5.5894146,0.005841374397277832
/tmp/DataSetCombined/Edges/Round-5_0067310_edge.png,"tf.Tensor(4.797, shape=(), dtype=float32)",4.983666,0.005841374397277832
/tmp/DataSetCombined/Edges/Round-6_0002879_edge.png,"tf.Tensor(4.705, shape=(), dtype=float32)",4.9063687,0.005841374397277832
/tmp/DataSetCombined/Edges/Round-3_0025285_edge.png,"tf.Tensor(5.066, shape=(), dtype=float32)",5.130294,0.005841374397277832
/tmp/DataSetCombined/Edges/Round-9_0076246_edge.png,"tf.Tensor(4.639, shape=(), dtype=float32)",4.7307563,0.005841374397277832
/tmp/DataSetCombined/Edges/Round-8_0086772_edge.png,"tf.Tensor(3.526, shape=(), dtype=float32)",3.6411767,0.005841374397277832
/tmp/DataSetCombined/Edges/Round-3_0006067_edge.png,"tf.Tensor(3.733, shape=(), dtype=float32)",3.9311097,0.005841374397277832
/tmp/DataSetCombined/Edges/Round-8_0079849_edge.png,"tf.Tensor(2.121, shape=(), dtype=float32)",2.0090961,0.005841374397277832
/tmp/DataSetCombined/Edges/Round-9_0023030_edge.png,"tf.Tensor(2.82, shape=(), dtype=float32)",2.9808905,0.005841374397277832
/tmp/DataSetCombined/Edges/Round-10_0083679_edge.png,"tf.Tensor(5.656, shape=(), dtype=float32)",5.505889,0.005841374397277832
/tmp/DataSetCombined/Edges/Round-10_0184784_edge.png,"tf.Tensor(5.302, shape=(), dtype=float32)",5.2326694,0.005841374397277832
/tmp/DataSetCombined/Edges/Round-8_0075304_edge.png,"tf.Tensor(1.682, shape=(), dtype=float32)",1.7637097,0.005841374397277832
/tmp/DataSetCombined/Edges/Round-10_0015865_edge.png,"tf.Tensor(4.017, shape=(), dtype=float32)",4.209114,0.005841374397277832
/tmp/DataSetCombined/Edges/Round-7_0113449_edge.png,"tf.Tensor(5.154, shape=(), dtype=float32)",5.1341357,0.005841374397277832
/tmp/DataSetCombined/Edges/Round-4_0026400_edge.png,"tf.Tensor(4.262, shape=(), dtype=float32)",4.4111605,0.005841374397277832
/tmp/DataSetCombined/Edges/Round-10_0077359_edge.png,"tf.Tensor(5.679, shape=(), dtype=float32)",5.6439223,0.005841374397277832
/tmp/DataSetCombined/Edges/Round-9_0067366_edge.png,"tf.Tensor(2.393, shape=(), dtype=float32)",2.534564,0.005841374397277832
/tmp/DataSetCombined/Edges/Round-10_0115164_edge.png,"tf.Tensor(3.426, shape=(), dtype=float32)",3.5287797,0.005841374397277832
/tmp/DataSetCombined/Edges/Round-9_0171753_edge.png,"tf.Tensor(2.479, shape=(), dtype=float32)",2.6461606,0.005841374397277832
/tmp/DataSetCombined/Edges/Round-8_0080240_edge.png,"tf.Tensor(3.406, shape=(), dtype=float32)",3.51598,0.005841374397277832
/tmp/DataSetCombined/Edges/Round-4_0023150_edge.png,"tf.Tensor(5.084, shape=(), dtype=float32)",5.1756988,0.005841374397277832
/tmp/DataSetCombined/Edges/Round-10_0007407_edge.png,"tf.Tensor(5.37, shape=(), dtype=float32)",5.361172,0.005841374397277832
/tmp/DataSetCombined/Edges/Round-8_0083220_edge.png,"tf.Tensor(1.845, shape=(), dtype=float32)",1.8339943,0.005841374397277832
/tmp/DataSetCombined/Edges/Round-8_0012516_edge.png,"tf.Tensor(5.518, shape=(), dtype=float32)",5.5524797,0.005841374397277832
/tmp/DataSetCombined/Edges/Round-5_0078868_edge.png,"tf.Tensor(5.018, shape=(), dtype=float32)",5.173279,0.005841374397277832
/tmp/DataSetCombined/Edges/Round-5_0079560_edge.png,"tf.Tensor(5.522, shape=(), dtype=float32)",5.565747,0.005841374397277832
/tmp/DataSetCombined/Edges/Round-8_0043428_edge.png,"tf.Tensor(5.446, shape=(), dtype=float32)",5.440516,0.005841374397277832
/tmp/DataSetCombined/Edges/Round-3_0076515_edge.png,"tf.Tensor(5.598, shape=(), dtype=float32)",5.535256,0.005841374397277832
/tmp/DataSetCombined/Edges/Round-5_0069868_edge.png,"tf.Tensor(2.53, shape=(), dtype=float32)",2.771515,0.005841374397277832
/tmp/DataSetCombined/Edges/Round-7_0079707_edge.png,"tf.Tensor(3.962, shape=(), dtype=float32)",4.1791487,0.005841374397277832
/tmp/DataSetCombined/Edges/Round-6_0124133_edge.png,"tf.Tensor(4.954, shape=(), dtype=float32)",5.030981,0.005841374397277832
/tmp/DataSetCombined/Edges/Round-2_0085649_edge.png,"tf.Tensor(4.791, shape=(), dtype=float32)",5.0426297,0.005841374397277832
/tmp/DataSetCombined/Edges/Round-8_0004209_edge.png,"tf.Tensor(2.344, shape=(), dtype=float32)",2.316199,0.005841374397277832
/tmp/DataSetCombined/Edges/Round-8_0005323_edge.png,"tf.Tensor(5.078, shape=(), dtype=float32)",5.1630597,0.005841374397277832
/tmp/DataSetCombined/Edges/Round-4_0069804_edge.png,"tf.Tensor(2.609, shape=(), dtype=float32)",2.840288,0.005841374397277832
/tmp/DataSetCombined/Edges/Round-5_0067219_edge.png,"tf.Tensor(3.021, shape=(), dtype=float32)",3.0962503,0.005841374397277832
/tmp/DataSetCombined/Edges/Round-10_0105532_edge.png,"tf.Tensor(5.146, shape=(), dtype=float32)",5.310541,0.005841374397277832
/tmp/DataSetCombined/Edges/Round-8_0046781_edge.png,"tf.Tensor(4.096, shape=(), dtype=float32)",4.222739,0.005841374397277832
/tmp/DataSetCombined/Edges/Round-5_0112068_edge.png,"tf.Tensor(3.541, shape=(), dtype=float32)",3.658483,0.005841374397277832
/tmp/DataSetCombined/Edges/Round-9_0136626_edge.png,"tf.Tensor(5.127, shape=(), dtype=float32)",5.280943,0.005841374397277832
/tmp/DataSetCombined/Edges/Round-9_0006084_edge.png,"tf.Tensor(5.217, shape=(), dtype=float32)",5.224209,0.005841374397277832
/tmp/DataSetCombined/Edges/Round-8_0010981_edge.png,"tf.Tensor(2.507, shape=(), dtype=float32)",2.7535803,0.005841374397277832
/tmp/DataSetCombined/Edges/Round-5_0104091_edge.png,"tf.Tensor(5.413, shape=(), dtype=float32)",5.430573,0.005841374397277832
/tmp/DataSetCombined/Edges/Round-5_0112279_edge.png,"tf.Tensor(5.448, shape=(), dtype=float32)",5.5355296,0.005841374397277832
/tmp/DataSetCombined/Edges/Round-9_0144753_edge.png,"tf.Tensor(4.796, shape=(), dtype=float32)",4.9897213,0.005841374397277832
/tmp/DataSetCombined/Edges/Round-1_0060734_edge.png,"tf.Tensor(4.312, shape=(), dtype=float32)",4.4804993,0.005841374397277832
/tmp/DataSetCombined/Edges/Round-6_0106555_edge.png,"tf.Tensor(5.693, shape=(), dtype=float32)",5.537107,0.005841374397277832
/tmp/DataSetCombined/Edges/Round-6_0133103_edge.png,"tf.Tensor(4.96, shape=(), dtype=float32)",5.059125,0.005841374397277832
/tmp/DataSetCombined/Edges/Round-10_0093823_edge.png,"tf.Tensor(4.485, shape=(), dtype=float32)",4.697622,0.005841374397277832
/tmp/DataSetCombined/Edges/Round-6_0021553_edge.png,"tf.Tensor(1.657, shape=(), dtype=float32)",1.7772363,0.005841374397277832
/tmp/DataSetCombined/Edges/Round-6_0006564_edge.png,"tf.Tensor(2.484, shape=(), dtype=float32)",2.645548,0.005584683269262314
/tmp/DataSetCombined/Edges/Round-9_0113509_edge.png,"tf.Tensor(5.56, shape=(), dtype=float32)",5.473986,0.005584683269262314
/tmp/DataSetCombined/Edges/Round-9_0177110_edge.png,"tf.Tensor(3.361, shape=(), dtype=float32)",3.5195591,0.005584683269262314
/tmp/DataSetCombined/Edges/Round-9_0185809_edge.png,"tf.Tensor(2.184, shape=(), dtype=float32)",2.0333364,0.005584683269262314
/tmp/DataSetCombined/Edges/Round-10_0015895_edge.png,"tf.Tensor(2.563, shape=(), dtype=float32)",2.696781,0.005584683269262314
/tmp/DataSetCombined/Edges/Round-6_0088345_edge.png,"tf.Tensor(5.088, shape=(), dtype=float32)",5.285162,0.005584683269262314
/tmp/DataSetCombined/Edges/Round-9_0077540_edge.png,"tf.Tensor(2.126, shape=(), dtype=float32)",1.976982,0.005584683269262314
/tmp/DataSetCombined/Edges/Round-10_0036062_edge.png,"tf.Tensor(2.603, shape=(), dtype=float32)",2.6997337,0.005584683269262314
/tmp/DataSetCombined/Edges/Round-10_0175363_edge.png,"tf.Tensor(3.587, shape=(), dtype=float32)",3.7207925,0.005584683269262314
/tmp/DataSetCombined/Edges/Round-5_0069356_edge.png,"tf.Tensor(3.005, shape=(), dtype=float32)",3.093601,0.005584683269262314
/tmp/DataSetCombined/Edges/Round-7_0018455_edge.png,"tf.Tensor(2.222, shape=(), dtype=float32)",2.3184025,0.005584683269262314
/tmp/DataSetCombined/Edges/Round-9_0052437_edge.png,"tf.Tensor(5.297, shape=(), dtype=float32)",5.3657947,0.005584683269262314
/tmp/DataSetCombined/Edges/Round-9_0027124_edge.png,"tf.Tensor(4.523, shape=(), dtype=float32)",4.6354365,0.005584683269262314
/tmp/DataSetCombined/Edges/Round-8_0081895_edge.png,"tf.Tensor(5.071, shape=(), dtype=float32)",5.155103,0.005584683269262314
/tmp/DataSetCombined/Edges/Round-10_0141110_edge.png,"tf.Tensor(4.268, shape=(), dtype=float32)",4.413701,0.005584683269262314
/tmp/DataSetCombined/Edges/Round-1_0031467_edge.png,"tf.Tensor(3.532, shape=(), dtype=float32)",3.6348784,0.005584683269262314
/tmp/DataSetCombined/Edges/Round-4_0057162_edge.png,"tf.Tensor(2.072, shape=(), dtype=float32)",1.9921986,0.005584683269262314
/tmp/DataSetCombined/Edges/Round-1_0146288_edge.png,"tf.Tensor(5.447, shape=(), dtype=float32)",5.440555,0.005584683269262314
/tmp/DataSetCombined/Edges/Round-10_0144631_edge.png,"tf.Tensor(5.218, shape=(), dtype=float32)",5.2201133,0.005584683269262314
/tmp/DataSetCombined/Edges/Round-8_0028781_edge.png,"tf.Tensor(3.485, shape=(), dtype=float32)",3.6632655,0.005584683269262314
/tmp/DataSetCombined/Edges/Round-5_0058550_edge.png,"tf.Tensor(5.448, shape=(), dtype=float32)",5.5350614,0.005584683269262314
/tmp/DataSetCombined/Edges/Round-4_0021735_edge.png,"tf.Tensor(3.894, shape=(), dtype=float32)",4.091379,0.005584683269262314
/tmp/DataSetCombined/Edges/Round-6_0069773_edge.png,"tf.Tensor(3.537, shape=(), dtype=float32)",3.6699464,0.005584683269262314
/tmp/DataSetCombined/Edges/Round-10_0167116_edge.png,"tf.Tensor(5.519, shape=(), dtype=float32)",5.5567408,0.005584683269262314
/tmp/DataSetCombined/Edges/Round-4_0078533_edge.png,"tf.Tensor(3.817, shape=(), dtype=float32)",4.0423594,0.005584683269262314
/tmp/DataSetCombined/Edges/Round-9_0142044_edge.png,"tf.Tensor(5.034, shape=(), dtype=float32)",5.1892834,0.005584683269262314
/tmp/DataSetCombined/Edges/Round-9_0065832_edge.png,"tf.Tensor(2.483, shape=(), dtype=float32)",2.6100316,0.005584683269262314
/tmp/DataSetCombined/Edges/Round-1_0125279_edge.png,"tf.Tensor(3.557, shape=(), dtype=float32)",3.690623,0.005584683269262314
/tmp/DataSetCombined/Edges/Round-3_0079615_edge.png,"tf.Tensor(4.958, shape=(), dtype=float32)",5.041927,0.005584683269262314
/tmp/DataSetCombined/Edges/Round-8_0000849_edge.png,"tf.Tensor(5.563, shape=(), dtype=float32)",5.5007133,0.005584683269262314
/tmp/DataSetCombined/Edges/Round-1_0013434_edge.png,"tf.Tensor(5.343, shape=(), dtype=float32)",5.356038,0.005584683269262314
/tmp/DataSetCombined/Edges/Round-7_0047862_edge.png,"tf.Tensor(3.712, shape=(), dtype=float32)",3.9203136,0.005584683269262314
/tmp/DataSetCombined/Edges/Round-10_0073807_edge.png,"tf.Tensor(5.623, shape=(), dtype=float32)",5.522123,0.005584683269262314
/tmp/DataSetCombined/Edges/Round-9_0044401_edge.png,"tf.Tensor(2.554, shape=(), dtype=float32)",2.7909713,0.005584683269262314
/tmp/DataSetCombined/Edges/Round-9_0141472_edge.png,"tf.Tensor(5.518, shape=(), dtype=float32)",5.5633388,0.005584683269262314
/tmp/DataSetCombined/Edges/Round-6_0128768_edge.png,"tf.Tensor(4.798, shape=(), dtype=float32)",4.9496284,0.005584683269262314
/tmp/DataSetCombined/Edges/Round-1_0051956_edge.png,"tf.Tensor(5.499, shape=(), dtype=float32)",5.464252,0.005584683269262314
/tmp/DataSetCombined/Edges/Round-8_0051585_edge.png,"tf.Tensor(5.442, shape=(), dtype=float32)",5.5324945,0.005584683269262314
/tmp/DataSetCombined/Edges/Round-6_0101303_edge.png,"tf.Tensor(4.794, shape=(), dtype=float32)",4.9579434,0.005584683269262314
/tmp/DataSetCombined/Edges/Round-6_0039252_edge.png,"tf.Tensor(1.932, shape=(), dtype=float32)",1.9990662,0.005584683269262314
/tmp/DataSetCombined/Edges/Round-8_0048485_edge.png,"tf.Tensor(5.571, shape=(), dtype=float32)",5.5214076,0.005584683269262314
/tmp/DataSetCombined/Edges/Round-4_0004067_edge.png,"tf.Tensor(5.123, shape=(), dtype=float32)",5.314221,0.005584683269262314
/tmp/DataSetCombined/Edges/Round-1_0063601_edge.png,"tf.Tensor(5.612, shape=(), dtype=float32)",5.5071626,0.005584683269262314
/tmp/DataSetCombined/Edges/Round-9_0135542_edge.png,"tf.Tensor(5.517, shape=(), dtype=float32)",5.5504003,0.005584683269262314
/tmp/DataSetCombined/Edges/Round-9_0001304_edge.png,"tf.Tensor(4.267, shape=(), dtype=float32)",4.470969,0.005584683269262314
/tmp/DataSetCombined/Edges/Round-9_0010569_edge.png,"tf.Tensor(5.161, shape=(), dtype=float32)",5.14327,0.005584683269262314
/tmp/DataSetCombined/Edges/Round-9_0116339_edge.png,"tf.Tensor(4.924, shape=(), dtype=float32)",5.036264,0.005584683269262314
/tmp/DataSetCombined/Edges/Round-2_0111444_edge.png,"tf.Tensor(2.484, shape=(), dtype=float32)",2.4987428,0.005584683269262314
/tmp/DataSetCombined/Edges/Round-2_0065605_edge.png,"tf.Tensor(4.956, shape=(), dtype=float32)",5.032169,0.005584683269262314
/tmp/DataSetCombined/Edges/Round-8_0046600_edge.png,"tf.Tensor(3.137, shape=(), dtype=float32)",3.0593936,0.005584683269262314
/tmp/DataSetCombined/Edges/Round-3_0044670_edge.png,"tf.Tensor(2.519, shape=(), dtype=float32)",2.5512602,0.005584683269262314
/tmp/DataSetCombined/Edges/Round-10_0018273_edge.png,"tf.Tensor(2.447, shape=(), dtype=float32)",2.6028826,0.005584683269262314
/tmp/DataSetCombined/Edges/Round-5_0101834_edge.png,"tf.Tensor(5.046, shape=(), dtype=float32)",5.213474,0.005584683269262314
/tmp/DataSetCombined/Edges/Round-7_0094787_edge.png,"tf.Tensor(2.747, shape=(), dtype=float32)",2.8769147,0.005584683269262314
/tmp/DataSetCombined/Edges/Round-8_0062313_edge.png,"tf.Tensor(2.969, shape=(), dtype=float32)",3.065769,0.005584683269262314
/tmp/DataSetCombined/Edges/Round-3_0075010_edge.png,"tf.Tensor(5.535, shape=(), dtype=float32)",5.556631,0.005584683269262314
/tmp/DataSetCombined/Edges/Round-8_0036927_edge.png,"tf.Tensor(5.515, shape=(), dtype=float32)",5.4798694,0.005584683269262314
/tmp/DataSetCombined/Edges/Round-1_0063801_edge.png,"tf.Tensor(1.793, shape=(), dtype=float32)",1.7551261,0.005584683269262314
/tmp/DataSetCombined/Edges/Round-4_0007077_edge.png,"tf.Tensor(2.037, shape=(), dtype=float32)",1.983585,0.005584683269262314
/tmp/DataSetCombined/Edges/Round-2_0052600_edge.png,"tf.Tensor(5.618, shape=(), dtype=float32)",5.513215,0.005584683269262314
/tmp/DataSetCombined/Edges/Round-8_0028541_edge.png,"tf.Tensor(4.219, shape=(), dtype=float32)",4.462967,0.005584683269262314
/tmp/DataSetCombined/Edges/Round-9_0013910_edge.png,"tf.Tensor(3.284, shape=(), dtype=float32)",3.444046,0.005584683269262314
/tmp/DataSetCombined/Edges/Round-9_0135994_edge.png,"tf.Tensor(4.983, shape=(), dtype=float32)",5.157415,0.005584683269262314
/tmp/DataSetCombined/Edges/Round-10_0099723_edge.png,"tf.Tensor(3.28, shape=(), dtype=float32)",3.435086,0.005584683269262314
/tmp/DataSetCombined/Edges/Round-2_0075626_edge.png,"tf.Tensor(5.153, shape=(), dtype=float32)",5.1395206,0.005236729979515076
/tmp/DataSetCombined/Edges/Round-7_0015445_edge.png,"tf.Tensor(2.548, shape=(), dtype=float32)",2.6990612,0.005236729979515076
/tmp/DataSetCombined/Edges/Round-1_0059501_edge.png,"tf.Tensor(5.446, shape=(), dtype=float32)",5.5311694,0.005236729979515076
/tmp/DataSetCombined/Edges/Round-9_0023964_edge.png,"tf.Tensor(3.4, shape=(), dtype=float32)",3.4987457,0.005236729979515076
/tmp/DataSetCombined/Edges/Round-7_0065802_edge.png,"tf.Tensor(2.843, shape=(), dtype=float32)",2.9330637,0.005236729979515076
/tmp/DataSetCombined/Edges/Round-2_0078726_edge.png,"tf.Tensor(5.326, shape=(), dtype=float32)",5.4073553,0.005236729979515076
/tmp/DataSetCombined/Edges/Round-9_0170006_edge.png,"tf.Tensor(5.667, shape=(), dtype=float32)",5.5361094,0.005236729979515076
/tmp/DataSetCombined/Edges/Round-6_0129310_edge.png,"tf.Tensor(5.574, shape=(), dtype=float32)",5.5315604,0.005236729979515076
/tmp/DataSetCombined/Edges/Round-9_0151977_edge.png,"tf.Tensor(3.013, shape=(), dtype=float32)",3.1005733,0.005236729979515076
/tmp/DataSetCombined/Edges/Round-2_0059400_edge.png,"tf.Tensor(3.312, shape=(), dtype=float32)",3.4514496,0.005236729979515076
/tmp/DataSetCombined/Edges/Round-5_0047203_edge.png,"tf.Tensor(3.958, shape=(), dtype=float32)",4.1673636,0.005236729979515076
/tmp/DataSetCombined/Edges/Round-2_0056267_edge.png,"tf.Tensor(2.528, shape=(), dtype=float32)",2.6593597,0.005236729979515076
/tmp/DataSetCombined/Edges/Round-5_0098974_edge.png,"tf.Tensor(2.67, shape=(), dtype=float32)",2.8937457,0.005236729979515076
/tmp/DataSetCombined/Edges/Round-5_0074714_edge.png,"tf.Tensor(4.334, shape=(), dtype=float32)",4.452698,0.005236729979515076
/tmp/DataSetCombined/Edges/Round-1_0062901_edge.png,"tf.Tensor(4.517, shape=(), dtype=float32)",4.740941,0.005236729979515076
/tmp/DataSetCombined/Edges/Round-1_0149900_edge.png,"tf.Tensor(5.173, shape=(), dtype=float32)",5.154676,0.005236729979515076
/tmp/DataSetCombined/Edges/Round-7_0095570_edge.png,"tf.Tensor(4.99, shape=(), dtype=float32)",5.092159,0.005236729979515076
/tmp/DataSetCombined/Edges/Round-6_0001485_edge.png,"tf.Tensor(4.97, shape=(), dtype=float32)",5.056229,0.005236729979515076
/tmp/DataSetCombined/Edges/Round-5_0110352_edge.png,"tf.Tensor(4.776, shape=(), dtype=float32)",4.944061,0.005236729979515076
/tmp/DataSetCombined/Edges/Round-2_0060922_edge.png,"tf.Tensor(2.3, shape=(), dtype=float32)",2.2506175,0.005236729979515076
/tmp/DataSetCombined/Edges/Round-5_0036157_edge.png,"tf.Tensor(5.625, shape=(), dtype=float32)",5.616779,0.005236729979515076
/tmp/DataSetCombined/Edges/Round-7_0001509_edge.png,"tf.Tensor(5.036, shape=(), dtype=float32)",5.1739855,0.005236729979515076
/tmp/DataSetCombined/Edges/Round-9_0067577_edge.png,"tf.Tensor(5.484, shape=(), dtype=float32)",5.586112,0.005236729979515076
/tmp/DataSetCombined/Edges/Round-9_0040036_edge.png,"tf.Tensor(1.937, shape=(), dtype=float32)",2.0191202,0.005236729979515076
/tmp/DataSetCombined/Edges/Round-6_0034978_edge.png,"tf.Tensor(1.686, shape=(), dtype=float32)",1.8004569,0.005236729979515076
/tmp/DataSetCombined/Edges/Round-9_0065621_edge.png,"tf.Tensor(2.898, shape=(), dtype=float32)",3.0325994,0.005236729979515076
/tmp/DataSetCombined/Edges/Round-10_0084251_edge.png,"tf.Tensor(5.158, shape=(), dtype=float32)",5.158823,0.005236729979515076
/tmp/DataSetCombined/Edges/Round-2_0108101_edge.png,"tf.Tensor(1.857, shape=(), dtype=float32)",1.9401704,0.005236729979515076
/tmp/DataSetCombined/Edges/Round-8_0006135_edge.png,"tf.Tensor(5.469, shape=(), dtype=float32)",5.4451523,0.005236729979515076
/tmp/DataSetCombined/Edges/Round-9_0157154_edge.png,"tf.Tensor(2.965, shape=(), dtype=float32)",3.0711334,0.005236729979515076
/tmp/DataSetCombined/Edges/Round-2_0095792_edge.png,"tf.Tensor(1.604, shape=(), dtype=float32)",1.7627859,0.005236729979515076
/tmp/DataSetCombined/Edges/Round-5_0008284_edge.png,"tf.Tensor(5.501, shape=(), dtype=float32)",5.591955,0.005236729979515076
/tmp/DataSetCombined/Edges/Round-3_0080458_edge.png,"tf.Tensor(5.668, shape=(), dtype=float32)",5.640041,0.005236729979515076
/tmp/DataSetCombined/Edges/Round-10_0045393_edge.png,"tf.Tensor(5.523, shape=(), dtype=float32)",5.573282,0.005236729979515076
/tmp/DataSetCombined/Edges/Round-1_0166154_edge.png,"tf.Tensor(1.942, shape=(), dtype=float32)",1.9785448,0.005236729979515076
/tmp/DataSetCombined/Edges/Round-8_0064919_edge.png,"tf.Tensor(3.377, shape=(), dtype=float32)",3.4700537,0.005236729979515076
/tmp/DataSetCombined/Edges/Round-4_0025437_edge.png,"tf.Tensor(5.156, shape=(), dtype=float32)",5.147594,0.005236729979515076
/tmp/DataSetCombined/Edges/Round-8_0033947_edge.png,"tf.Tensor(2.016, shape=(), dtype=float32)",2.0222135,0.005236729979515076
/tmp/DataSetCombined/Edges/Round-9_0127747_edge.png,"tf.Tensor(2.195, shape=(), dtype=float32)",2.1375163,0.005236729979515076
/tmp/DataSetCombined/Edges/Round-1_0110439_edge.png,"tf.Tensor(5.16, shape=(), dtype=float32)",5.1519046,0.005236729979515076
/tmp/DataSetCombined/Edges/Round-2_0070117_edge.png,"tf.Tensor(5.498, shape=(), dtype=float32)",5.5805054,0.005236729979515076
/tmp/DataSetCombined/Edges/Round-7_0127596_edge.png,"tf.Tensor(2.233, shape=(), dtype=float32)",2.184401,0.005236729979515076
/tmp/DataSetCombined/Edges/Round-10_0055837_edge.png,"tf.Tensor(1.858, shape=(), dtype=float32)",1.9347249,0.005236729979515076
/tmp/DataSetCombined/Edges/Round-10_0157755_edge.png,"tf.Tensor(5.076, shape=(), dtype=float32)",5.1857104,0.005236729979515076
/tmp/DataSetCombined/Edges/Round-7_0093132_edge.png,"tf.Tensor(2.085, shape=(), dtype=float32)",1.9667906,0.005236729979515076
/tmp/DataSetCombined/Edges/Round-9_0055748_edge.png,"tf.Tensor(5.099, shape=(), dtype=float32)",5.2368755,0.005236729979515076
/tmp/DataSetCombined/Edges/Round-3_0073656_edge.png,"tf.Tensor(5.033, shape=(), dtype=float32)",5.183544,0.005236729979515076
/tmp/DataSetCombined/Edges/Round-8_0041712_edge.png,"tf.Tensor(3.539, shape=(), dtype=float32)",3.6623054,0.005236729979515076
/tmp/DataSetCombined/Edges/Round-10_0163805_edge.png,"tf.Tensor(2.415, shape=(), dtype=float32)",2.6028059,0.005236729979515076
/tmp/DataSetCombined/Edges/Round-10_0169193_edge.png,"tf.Tensor(3.981, shape=(), dtype=float32)",4.2154865,0.005236729979515076
/tmp/DataSetCombined/Edges/Round-2_0006400_edge.png,"tf.Tensor(2.602, shape=(), dtype=float32)",2.7027404,0.005236729979515076
/tmp/DataSetCombined/Edges/Round-4_0020351_edge.png,"tf.Tensor(5.57, shape=(), dtype=float32)",5.531872,0.005236729979515076
/tmp/DataSetCombined/Edges/Round-9_0089370_edge.png,"tf.Tensor(5.153, shape=(), dtype=float32)",5.14765,0.005236729979515076
/tmp/DataSetCombined/Edges/Round-3_0015322_edge.png,"tf.Tensor(2.038, shape=(), dtype=float32)",1.9712182,0.005236729979515076
/tmp/DataSetCombined/Edges/Round-8_0061789_edge.png,"tf.Tensor(2.559, shape=(), dtype=float32)",2.7152786,0.005236729979515076
/tmp/DataSetCombined/Edges/Round-9_0004759_edge.png,"tf.Tensor(1.947, shape=(), dtype=float32)",2.02113,0.005236729979515076
/tmp/DataSetCombined/Edges/Round-6_0131718_edge.png,"tf.Tensor(5.129, shape=(), dtype=float32)",5.3046107,0.005236729979515076
/tmp/DataSetCombined/Edges/Round-10_0030404_edge.png,"tf.Tensor(3.948, shape=(), dtype=float32)",4.163572,0.005236729979515076
/tmp/DataSetCombined/Edges/Round-6_0130996_edge.png,"tf.Tensor(2.828, shape=(), dtype=float32)",2.8878858,0.005236729979515076
/tmp/DataSetCombined/Edges/Round-1_0041767_edge.png,"tf.Tensor(5.584, shape=(), dtype=float32)",5.487753,0.005236729979515076
/tmp/DataSetCombined/Edges/Round-3_0028928_edge.png,"tf.Tensor(5.154, shape=(), dtype=float32)",5.13734,0.005236729979515076
/tmp/DataSetCombined/Edges/Round-9_0157966_edge.png,"tf.Tensor(5.647, shape=(), dtype=float32)",5.543388,0.005236729979515076
/tmp/DataSetCombined/Edges/Round-2_0071592_edge.png,"tf.Tensor(5.662, shape=(), dtype=float32)",5.5355234,0.005236729979515076
/tmp/DataSetCombined/Edges/Round-10_0043888_edge.png,"tf.Tensor(5.155, shape=(), dtype=float32)",5.1458697,0.005236729979515076
/tmp/DataSetCombined/Edges/Round-10_0155930_edge.png,"tf.Tensor(3.79, shape=(), dtype=float32)",4.0100346,0.004411768168210983
/tmp/DataSetCombined/Edges/Round-10_0175032_edge.png,"tf.Tensor(3.877, shape=(), dtype=float32)",4.079851,0.004411768168210983
/tmp/DataSetCombined/Edges/Round-8_0002595_edge.png,"tf.Tensor(2.08, shape=(), dtype=float32)",2.1307561,0.004411768168210983
/tmp/DataSetCombined/Edges/Round-4_0085546_edge.png,"tf.Tensor(5.34, shape=(), dtype=float32)",5.3453994,0.004411768168210983
/tmp/DataSetCombined/Edges/Round-9_0095119_edge.png,"tf.Tensor(5.224, shape=(), dtype=float32)",5.230911,0.004411768168210983
/tmp/DataSetCombined/Edges/Round-9_0119379_edge.png,"tf.Tensor(4.967, shape=(), dtype=float32)",5.0459294,0.004411768168210983
/tmp/DataSetCombined/Edges/Round-9_0088015_edge.png,"tf.Tensor(5.386, shape=(), dtype=float32)",5.4294662,0.004411768168210983
/tmp/DataSetCombined/Edges/Round-7_0047230_edge.png,"tf.Tensor(4.958, shape=(), dtype=float32)",5.035314,0.004411768168210983
/tmp/DataSetCombined/Edges/Round-9_0169465_edge.png,"tf.Tensor(2.945, shape=(), dtype=float32)",3.0602076,0.004411768168210983
/tmp/DataSetCombined/Edges/Round-10_0016467_edge.png,"tf.Tensor(4.267, shape=(), dtype=float32)",4.442443,0.004411768168210983
/tmp/DataSetCombined/Edges/Round-8_0029552_edge.png,"tf.Tensor(4.378, shape=(), dtype=float32)",4.5293474,0.004411768168210983
/tmp/DataSetCombined/Edges/Round-1_0057014_edge.png,"tf.Tensor(2.812, shape=(), dtype=float32)",2.9689753,0.004411768168210983
/tmp/DataSetCombined/Edges/Round-4_0027635_edge.png,"tf.Tensor(4.797, shape=(), dtype=float32)",4.974486,0.004411768168210983
/tmp/DataSetCombined/Edges/Round-7_0041842_edge.png,"tf.Tensor(5.156, shape=(), dtype=float32)",5.1529155,0.004411768168210983
/tmp/DataSetCombined/Edges/Round-2_0087214_edge.png,"tf.Tensor(3.043, shape=(), dtype=float32)",3.098762,0.004411768168210983
/tmp/DataSetCombined/Edges/Round-6_0029199_edge.png,"tf.Tensor(5.518, shape=(), dtype=float32)",5.5603547,0.004411768168210983
/tmp/DataSetCombined/Edges/Round-5_0028210_edge.png,"tf.Tensor(5.622, shape=(), dtype=float32)",5.4942236,0.004411768168210983
/tmp/DataSetCombined/Edges/Round-6_0105893_edge.png,"tf.Tensor(3.205, shape=(), dtype=float32)",3.2541049,0.004411768168210983
/tmp/DataSetCombined/Edges/Round-3_0055566_edge.png,"tf.Tensor(4.699, shape=(), dtype=float32)",4.923446,0.004411768168210983
/tmp/DataSetCombined/Edges/Round-7_0007740_edge.png,"tf.Tensor(5.343, shape=(), dtype=float32)",5.4115977,0.004411768168210983
/tmp/DataSetCombined/Edges/Round-10_0059720_edge.png,"tf.Tensor(5.153, shape=(), dtype=float32)",5.1575456,0.004411768168210983
/tmp/DataSetCombined/Edges/Round-10_0022457_edge.png,"tf.Tensor(5.322, shape=(), dtype=float32)",5.399588,0.004411768168210983
/tmp/DataSetCombined/Edges/Round-4_0015655_edge.png,"tf.Tensor(5.676, shape=(), dtype=float32)",5.646651,0.004411768168210983
/tmp/DataSetCombined/Edges/Round-5_0093376_edge.png,"tf.Tensor(2.546, shape=(), dtype=float32)",2.5361435,0.004411768168210983
/tmp/DataSetCombined/Edges/Round-6_0090903_edge.png,"tf.Tensor(3.087, shape=(), dtype=float32)",3.1342902,0.004411768168210983
/tmp/DataSetCombined/Edges/Round-1_0007967_edge.png,"tf.Tensor(1.789, shape=(), dtype=float32)",1.8894728,0.004411768168210983
/tmp/DataSetCombined/Edges/Round-9_0187825_edge.png,"tf.Tensor(2.233, shape=(), dtype=float32)",2.343093,0.004411768168210983
/tmp/DataSetCombined/Edges/Round-1_0051083_edge.png,"tf.Tensor(4.897, shape=(), dtype=float32)",5.183266,0.004411768168210983
/tmp/DataSetCombined/Edges/Round-4_0015083_edge.png,"tf.Tensor(5.037, shape=(), dtype=float32)",5.1951637,0.004411768168210983
/tmp/DataSetCombined/Edges/Round-7_0084885_edge.png,"tf.Tensor(5.647, shape=(), dtype=float32)",5.6383862,0.004411768168210983
/tmp/DataSetCombined/Edges/Round-7_0080822_edge.png,"tf.Tensor(2.475, shape=(), dtype=float32)",2.626778,0.004411768168210983
/tmp/DataSetCombined/Edges/Round-1_0111915_edge.png,"tf.Tensor(2.431, shape=(), dtype=float32)",2.5987117,0.004411768168210983
/tmp/DataSetCombined/Edges/Round-7_0062852_edge.png,"tf.Tensor(3.419, shape=(), dtype=float32)",3.5560262,0.004411768168210983
/tmp/DataSetCombined/Edges/Round-5_0063397_edge.png,"tf.Tensor(5.033, shape=(), dtype=float32)",5.1727657,0.004411768168210983
/tmp/DataSetCombined/Edges/Round-9_0012135_edge.png,"tf.Tensor(5.518, shape=(), dtype=float32)",5.5540137,0.004411768168210983
/tmp/DataSetCombined/Edges/Round-10_0186560_edge.png,"tf.Tensor(2.557, shape=(), dtype=float32)",2.7058449,0.004411768168210983
/tmp/DataSetCombined/Edges/Round-9_0097226_edge.png,"tf.Tensor(5.537, shape=(), dtype=float32)",5.5849776,0.004411768168210983
/tmp/DataSetCombined/Edges/Round-9_0086751_edge.png,"tf.Tensor(3.12, shape=(), dtype=float32)",3.1885488,0.004411768168210983
/tmp/DataSetCombined/Edges/Round-8_0009686_edge.png,"tf.Tensor(5.134, shape=(), dtype=float32)",5.3182144,0.004411768168210983
/tmp/DataSetCombined/Edges/Round-2_0073789_edge.png,"tf.Tensor(5.031, shape=(), dtype=float32)",5.119043,0.004411768168210983
/tmp/DataSetCombined/Edges/Round-6_0085786_edge.png,"tf.Tensor(2.212, shape=(), dtype=float32)",2.164434,0.004411768168210983
/tmp/DataSetCombined/Edges/Round-10_0002940_edge.png,"tf.Tensor(4.552, shape=(), dtype=float32)",4.6740265,0.004411768168210983
/tmp/DataSetCombined/Edges/Round-9_0089641_edge.png,"tf.Tensor(1.535, shape=(), dtype=float32)",1.7068837,0.004411768168210983
/tmp/DataSetCombined/Edges/Round-10_0002152_edge.png,"tf.Tensor(3.169, shape=(), dtype=float32)",3.2589877,0.004411768168210983
/tmp/DataSetCombined/Edges/Round-10_0154143_edge.png,"tf.Tensor(2.735, shape=(), dtype=float32)",2.7763588,0.004411768168210983
/tmp/DataSetCombined/Edges/Round-1_0170967_edge.png,"tf.Tensor(2.02, shape=(), dtype=float32)",2.0525386,0.004411768168210983
/tmp/DataSetCombined/Edges/Round-9_0144603_edge.png,"tf.Tensor(3.925, shape=(), dtype=float32)",4.135726,0.004411768168210983
/tmp/DataSetCombined/Edges/Round-1_0144902_edge.png,"tf.Tensor(4.263, shape=(), dtype=float32)",4.4185433,0.004411768168210983
/tmp/DataSetCombined/Edges/Round-10_0123381_edge.png,"tf.Tensor(2.462, shape=(), dtype=float32)",2.5046022,0.004411768168210983
/tmp/DataSetCombined/Edges/Round-1_0062401_edge.png,"tf.Tensor(5.143, shape=(), dtype=float32)",5.2992406,0.004411768168210983
/tmp/DataSetCombined/Edges/Round-8_0028077_edge.png,"tf.Tensor(4.529, shape=(), dtype=float32)",4.637539,0.004411768168210983
/tmp/DataSetCombined/Edges/Round-9_0127175_edge.png,"tf.Tensor(3.933, shape=(), dtype=float32)",4.1195474,0.004411768168210983
/tmp/DataSetCombined/Edges/Round-2_0099314_edge.png,"tf.Tensor(2.451, shape=(), dtype=float32)",2.6233885,0.004411768168210983
/tmp/DataSetCombined/Edges/Round-10_0070255_edge.png,"tf.Tensor(2.848, shape=(), dtype=float32)",2.882338,0.004411768168210983
/tmp/DataSetCombined/Edges/Round-9_0053581_edge.png,"tf.Tensor(4.785, shape=(), dtype=float32)",4.936036,0.004411768168210983
/tmp/DataSetCombined/Edges/Round-8_0008543_edge.png,"tf.Tensor(5.523, shape=(), dtype=float32)",5.5646224,0.004411768168210983
/tmp/DataSetCombined/Edges/Round-8_0065190_edge.png,"tf.Tensor(1.976, shape=(), dtype=float32)",1.9565092,0.004411768168210983
/tmp/DataSetCombined/Edges/Round-10_0167237_edge.png,"tf.Tensor(5.158, shape=(), dtype=float32)",5.135324,0.004411768168210983
/tmp/DataSetCombined/Edges/Round-1_0109296_edge.png,"tf.Tensor(4.262, shape=(), dtype=float32)",4.4439707,0.004411768168210983
/tmp/DataSetCombined/Edges/Round-6_0065378_edge.png,"tf.Tensor(4.619, shape=(), dtype=float32)",4.755098,0.004411768168210983
/tmp/DataSetCombined/Edges/Round-7_0059330_edge.png,"tf.Tensor(5.637, shape=(), dtype=float32)",5.544494,0.004411768168210983
/tmp/DataSetCombined/Edges/Round-10_0174279_edge.png,"tf.Tensor(4.262, shape=(), dtype=float32)",4.4110293,0.004411768168210983
/tmp/DataSetCombined/Edges/Round-8_0076658_edge.png,"tf.Tensor(2.42, shape=(), dtype=float32)",2.5948794,0.004411768168210983
/tmp/DataSetCombined/Edges/Round-8_0013178_edge.png,"tf.Tensor(5.656, shape=(), dtype=float32)",5.634464,0.004411768168210983
/tmp/DataSetCombined/Edges/Round-9_0157756_edge.png,"tf.Tensor(5.597, shape=(), dtype=float32)",5.498333,0.005669534206390381
/tmp/DataSetCombined/Edges/Round-1_0060801_edge.png,"tf.Tensor(2.086, shape=(), dtype=float32)",2.1178527,0.005669534206390381
/tmp/DataSetCombined/Edges/Round-10_0125217_edge.png,"tf.Tensor(5.519, shape=(), dtype=float32)",5.5638757,0.005669534206390381
/tmp/DataSetCombined/Edges/Round-7_0079462_edge.png,"tf.Tensor(4.365, shape=(), dtype=float32)",4.448354,0.005669534206390381
/tmp/DataSetCombined/Edges/Round-9_0124075_edge.png,"tf.Tensor(5.563, shape=(), dtype=float32)",5.486011,0.005669534206390381
/tmp/DataSetCombined/Edges/Round-1_0091477_edge.png,"tf.Tensor(4.71, shape=(), dtype=float32)",4.8162475,0.005669534206390381
/tmp/DataSetCombined/Edges/Round-6_0002940_edge.png,"tf.Tensor(4.272, shape=(), dtype=float32)",4.452559,0.005669534206390381
/tmp/DataSetCombined/Edges/Round-1_0093222_edge.png,"tf.Tensor(3.738, shape=(), dtype=float32)",3.9435894,0.005669534206390381
/tmp/DataSetCombined/Edges/Round-5_0088379_edge.png,"tf.Tensor(3.448, shape=(), dtype=float32)",3.5713332,0.005669534206390381
/tmp/DataSetCombined/Edges/Round-9_0156522_edge.png,"tf.Tensor(5.343, shape=(), dtype=float32)",5.4322176,0.005669534206390381
/tmp/DataSetCombined/Edges/Round-1_0094065_edge.png,"tf.Tensor(5.095, shape=(), dtype=float32)",5.2377234,0.005669534206390381
/tmp/DataSetCombined/Edges/Round-9_0103968_edge.png,"tf.Tensor(2.471, shape=(), dtype=float32)",2.629128,0.005669534206390381
/tmp/DataSetCombined/Edges/Round-9_0012194_edge.png,"tf.Tensor(2.056, shape=(), dtype=float32)",1.9567157,0.005669534206390381
/tmp/DataSetCombined/Edges/Round-9_0141082_edge.png,"tf.Tensor(5.341, shape=(), dtype=float32)",5.342832,0.005669534206390381
/tmp/DataSetCombined/Edges/Round-4_0088037_edge.png,"tf.Tensor(4.616, shape=(), dtype=float32)",4.8636374,0.005669534206390381
/tmp/DataSetCombined/Edges/Round-9_0161729_edge.png,"tf.Tensor(3.212, shape=(), dtype=float32)",3.367994,0.005669534206390381
/tmp/DataSetCombined/Edges/Round-9_0083891_edge.png,"tf.Tensor(5.537, shape=(), dtype=float32)",5.567211,0.005669534206390381
/tmp/DataSetCombined/Edges/Round-7_0053731_edge.png,"tf.Tensor(5.556, shape=(), dtype=float32)",5.582967,0.005669534206390381
/tmp/DataSetCombined/Edges/Round-2_0072977_edge.png,"tf.Tensor(2.58, shape=(), dtype=float32)",2.8108008,0.005669534206390381
/tmp/DataSetCombined/Edges/Round-7_0031789_edge.png,"tf.Tensor(1.968, shape=(), dtype=float32)",2.0032332,0.005669534206390381
/tmp/DataSetCombined/Edges/Round-3_0033864_edge.png,"tf.Tensor(4.993, shape=(), dtype=float32)",5.2285223,0.005669534206390381
/tmp/DataSetCombined/Edges/Round-9_0171722_edge.png,"tf.Tensor(2.824, shape=(), dtype=float32)",2.9716525,0.005669534206390381
/tmp/DataSetCombined/Edges/Round-3_0060442_edge.png,"tf.Tensor(5.375, shape=(), dtype=float32)",5.4309673,0.005669534206390381
/tmp/DataSetCombined/Edges/Round-3_0018242_edge.png,"tf.Tensor(3.165, shape=(), dtype=float32)",3.208413,0.005669534206390381
/tmp/DataSetCombined/Edges/Round-5_0118991_edge.png,"tf.Tensor(2.175, shape=(), dtype=float32)",2.3445404,0.005669534206390381
/tmp/DataSetCombined/Edges/Round-4_0021374_edge.png,"tf.Tensor(4.346, shape=(), dtype=float32)",4.4996066,0.005669534206390381
/tmp/DataSetCombined/Edges/Round-4_0063544_edge.png,"tf.Tensor(2.76, shape=(), dtype=float32)",2.8000453,0.005669534206390381
/tmp/DataSetCombined/Edges/Round-4_0016528_edge.png,"tf.Tensor(5.153, shape=(), dtype=float32)",5.154946,0.005669534206390381
/tmp/DataSetCombined/Edges/Round-10_0166032_edge.png,"tf.Tensor(5.366, shape=(), dtype=float32)",5.399524,0.005669534206390381
/tmp/DataSetCombined/Edges/Round-10_0104569_edge.png,"tf.Tensor(2.612, shape=(), dtype=float32)",2.7522128,0.005669534206390381
/tmp/DataSetCombined/Edges/Round-1_0034318_edge.png,"tf.Tensor(5.007, shape=(), dtype=float32)",5.0883117,0.005669534206390381
/tmp/DataSetCombined/Edges/Round-2_0086973_edge.png,"tf.Tensor(5.562, shape=(), dtype=float32)",5.4746833,0.005669534206390381
/tmp/DataSetCombined/Edges/Round-3_0044609_edge.png,"tf.Tensor(2.72, shape=(), dtype=float32)",2.9107792,0.005669534206390381
/tmp/DataSetCombined/Edges/Round-5_0038830_edge.png,"tf.Tensor(5.154, shape=(), dtype=float32)",5.151382,0.005669534206390381
/tmp/DataSetCombined/Edges/Round-3_0072209_edge.png,"tf.Tensor(5.642, shape=(), dtype=float32)",5.5386515,0.005669534206390381
/tmp/DataSetCombined/Edges/Round-6_0012915_edge.png,"tf.Tensor(2.72, shape=(), dtype=float32)",2.8365428,0.005669534206390381
/tmp/DataSetCombined/Edges/Round-9_0084042_edge.png,"tf.Tensor(1.679, shape=(), dtype=float32)",1.782034,0.005669534206390381
/tmp/DataSetCombined/Edges/Round-9_0008702_edge.png,"tf.Tensor(4.366, shape=(), dtype=float32)",4.5193863,0.005669534206390381
/tmp/DataSetCombined/Edges/Round-1_0013267_edge.png,"tf.Tensor(5.662, shape=(), dtype=float32)",5.63988,0.005669534206390381
/tmp/DataSetCombined/Edges/Round-9_0051459_edge.png,"tf.Tensor(5.52, shape=(), dtype=float32)",5.5573354,0.005669534206390381
/tmp/DataSetCombined/Edges/Round-8_0036517_edge.png,"tf.Tensor(1.92, shape=(), dtype=float32)",1.9610742,0.005669534206390381
/tmp/DataSetCombined/Edges/Round-9_0127686_edge.png,"tf.Tensor(3.658, shape=(), dtype=float32)",3.8268497,0.005669534206390381
/tmp/DataSetCombined/Edges/Round-9_0002091_edge.png,"tf.Tensor(1.664, shape=(), dtype=float32)",1.7904867,0.005669534206390381
/tmp/DataSetCombined/Edges/Round-5_0031100_edge.png,"tf.Tensor(3.262, shape=(), dtype=float32)",3.4203527,0.005669534206390381
/tmp/DataSetCombined/Edges/Round-1_0072300_edge.png,"tf.Tensor(5.506, shape=(), dtype=float32)",5.4741383,0.005669534206390381
/tmp/DataSetCombined/Edges/Round-5_0106349_edge.png,"tf.Tensor(3.096, shape=(), dtype=float32)",3.0161197,0.005669534206390381
/tmp/DataSetCombined/Edges/Round-8_0019210_edge.png,"tf.Tensor(5.568, shape=(), dtype=float32)",5.5185404,0.005669534206390381
/tmp/DataSetCombined/Edges/Round-9_0171572_edge.png,"tf.Tensor(5.648, shape=(), dtype=float32)",5.504167,0.005669534206390381
/tmp/DataSetCombined/Edges/Round-8_0066094_edge.png,"tf.Tensor(3.487, shape=(), dtype=float32)",3.5839057,0.005669534206390381
/tmp/DataSetCombined/Edges/Round-7_0101078_edge.png,"tf.Tensor(5.681, shape=(), dtype=float32)",5.644341,0.005669534206390381
/tmp/DataSetCombined/Edges/Round-2_0083475_edge.png,"tf.Tensor(5.593, shape=(), dtype=float32)",5.491365,0.005669534206390381
/tmp/DataSetCombined/Edges/Round-10_0150140_edge.png,"tf.Tensor(4.335, shape=(), dtype=float32)",4.492859,0.005669534206390381
/tmp/DataSetCombined/Edges/Round-5_0094700_edge.png,"tf.Tensor(2.18, shape=(), dtype=float32)",2.0910294,0.005669534206390381
/tmp/DataSetCombined/Edges/Round-8_0079367_edge.png,"tf.Tensor(2.026, shape=(), dtype=float32)",2.0725503,0.005669534206390381
/tmp/DataSetCombined/Edges/Round-6_0136173_edge.png,"tf.Tensor(5.68, shape=(), dtype=float32)",5.646211,0.005669534206390381
/tmp/DataSetCombined/Edges/Round-2_0095492_edge.png,"tf.Tensor(5.566, shape=(), dtype=float32)",5.474196,0.005669534206390381
/tmp/DataSetCombined/Edges/Round-8_0029624_edge.png,"tf.Tensor(4.438, shape=(), dtype=float32)",4.6738997,0.005669534206390381
/tmp/DataSetCombined/Edges/Round-10_0046446_edge.png,"tf.Tensor(5.066, shape=(), dtype=float32)",5.2841163,0.005669534206390381
/tmp/DataSetCombined/Edges/Round-5_0091690_edge.png,"tf.Tensor(4.975, shape=(), dtype=float32)",5.0800858,0.005669534206390381
/tmp/DataSetCombined/Edges/Round-6_0121665_edge.png,"tf.Tensor(4.389, shape=(), dtype=float32)",4.541204,0.005669534206390381
/tmp/DataSetCombined/Edges/Round-9_0032391_edge.png,"tf.Tensor(3.987, shape=(), dtype=float32)",4.039978,0.005669534206390381
/tmp/DataSetCombined/Edges/Round-1_0153873_edge.png,"tf.Tensor(4.734, shape=(), dtype=float32)",4.8447742,0.005669534206390381
/tmp/DataSetCombined/Edges/Round-8_0068290_edge.png,"tf.Tensor(2.392, shape=(), dtype=float32)",2.3607547,0.005669534206390381
/tmp/DataSetCombined/Edges/Round-7_0018966_edge.png,"tf.Tensor(2.549, shape=(), dtype=float32)",2.4590902,0.005669534206390381
/tmp/DataSetCombined/Edges/Round-4_0040788_edge.png,"tf.Tensor(2.222, shape=(), dtype=float32)",2.03103,0.005614954978227615
/tmp/DataSetCombined/Edges/Round-1_0067100_edge.png,"tf.Tensor(5.692, shape=(), dtype=float32)",5.5314307,0.005614954978227615
/tmp/DataSetCombined/Edges/Round-5_0084346_edge.png,"tf.Tensor(2.319, shape=(), dtype=float32)",2.4524567,0.005614954978227615
/tmp/DataSetCombined/Edges/Round-10_0009484_edge.png,"tf.Tensor(2.038, shape=(), dtype=float32)",2.0871093,0.005614954978227615
/tmp/DataSetCombined/Edges/Round-1_0058867_edge.png,"tf.Tensor(5.531, shape=(), dtype=float32)",5.584559,0.005614954978227615
/tmp/DataSetCombined/Edges/Round-6_0101709_edge.png,"tf.Tensor(2.774, shape=(), dtype=float32)",2.9570842,0.005614954978227615
/tmp/DataSetCombined/Edges/Round-4_0023391_edge.png,"tf.Tensor(5.086, shape=(), dtype=float32)",5.2406483,0.005614954978227615
/tmp/DataSetCombined/Edges/Round-4_0059842_edge.png,"tf.Tensor(5.035, shape=(), dtype=float32)",5.173817,0.005614954978227615
/tmp/DataSetCombined/Edges/Round-1_0152429_edge.png,"tf.Tensor(5.154, shape=(), dtype=float32)",5.151214,0.005614954978227615
/tmp/DataSetCombined/Edges/Round-10_0076576_edge.png,"tf.Tensor(3.613, shape=(), dtype=float32)",3.7384853,0.005614954978227615
/tmp/DataSetCombined/Edges/Round-10_0115706_edge.png,"tf.Tensor(5.444, shape=(), dtype=float32)",5.5440993,0.005614954978227615
/tmp/DataSetCombined/Edges/Round-5_0061741_edge.png,"tf.Tensor(5.042, shape=(), dtype=float32)",5.118419,0.005614954978227615
/tmp/DataSetCombined/Edges/Round-2_0038200_edge.png,"tf.Tensor(5.152, shape=(), dtype=float32)",5.1324754,0.005614954978227615
/tmp/DataSetCombined/Edges/Round-6_0069893_edge.png,"tf.Tensor(1.938, shape=(), dtype=float32)",1.985523,0.005614954978227615
/tmp/DataSetCombined/Edges/Round-7_0007589_edge.png,"tf.Tensor(3.387, shape=(), dtype=float32)",3.5628426,0.005614954978227615
/tmp/DataSetCombined/Edges/Round-8_0032454_edge.png,"tf.Tensor(5.518, shape=(), dtype=float32)",5.557755,0.005614954978227615
/tmp/DataSetCombined/Edges/Round-6_0025948_edge.png,"tf.Tensor(3.213, shape=(), dtype=float32)",3.2505548,0.005614954978227615
/tmp/DataSetCombined/Edges/Round-10_0102763_edge.png,"tf.Tensor(4.392, shape=(), dtype=float32)",4.557146,0.005614954978227615
/tmp/DataSetCombined/Edges/Round-6_0025436_edge.png,"tf.Tensor(5.222, shape=(), dtype=float32)",5.2135434,0.005614954978227615
/tmp/DataSetCombined/Edges/Round-5_0109178_edge.png,"tf.Tensor(3.54, shape=(), dtype=float32)",3.6569314,0.005614954978227615
/tmp/DataSetCombined/Edges/Round-5_0009880_edge.png,"tf.Tensor(1.973, shape=(), dtype=float32)",1.9475905,0.005614954978227615
/tmp/DataSetCombined/Edges/Round-9_0130636_edge.png,"tf.Tensor(3.649, shape=(), dtype=float32)",3.7713246,0.005614954978227615
/tmp/DataSetCombined/Edges/Round-4_0091596_edge.png,"tf.Tensor(3.299, shape=(), dtype=float32)",3.4391272,0.005614954978227615
/tmp/DataSetCombined/Edges/Round-6_0099331_edge.png,"tf.Tensor(3.558, shape=(), dtype=float32)",3.7028694,0.005614954978227615
/tmp/DataSetCombined/Edges/Round-2_0094980_edge.png,"tf.Tensor(1.795, shape=(), dtype=float32)",1.8489342,0.005614954978227615
/tmp/DataSetCombined/Edges/Round-3_0002834_edge.png,"tf.Tensor(4.262, shape=(), dtype=float32)",4.4308233,0.005614954978227615
/tmp/DataSetCombined/Edges/Round-10_0047590_edge.png,"tf.Tensor(5.225, shape=(), dtype=float32)",5.215727,0.005614954978227615
/tmp/DataSetCombined/Edges/Round-2_0070479_edge.png,"tf.Tensor(5.052, shape=(), dtype=float32)",5.1481996,0.005614954978227615
/tmp/DataSetCombined/Edges/Round-10_0006624_edge.png,"tf.Tensor(4.771, shape=(), dtype=float32)",4.9013467,0.005614954978227615
/tmp/DataSetCombined/Edges/Round-1_0167057_edge.png,"tf.Tensor(4.71, shape=(), dtype=float32)",4.944375,0.005614954978227615
/tmp/DataSetCombined/Edges/Round-2_0053781_edge.png,"tf.Tensor(2.705, shape=(), dtype=float32)",2.8503087,0.005614954978227615
/tmp/DataSetCombined/Edges/Round-3_0011741_edge.png,"tf.Tensor(4.957, shape=(), dtype=float32)",5.0471616,0.005614954978227615
/tmp/DataSetCombined/Edges/Round-9_0069293_edge.png,"tf.Tensor(5.125, shape=(), dtype=float32)",5.2632403,0.005614954978227615
/tmp/DataSetCombined/Edges/Round-5_0033538_edge.png,"tf.Tensor(4.085, shape=(), dtype=float32)",4.258923,0.005614954978227615
/tmp/DataSetCombined/Edges/Round-7_0021555_edge.png,"tf.Tensor(5.689, shape=(), dtype=float32)",5.525477,0.005614954978227615
/tmp/DataSetCombined/Edges/Round-10_0129912_edge.png,"tf.Tensor(2.599, shape=(), dtype=float32)",2.7477548,0.005614954978227615
/tmp/DataSetCombined/Edges/Round-9_0197427_edge.png,"tf.Tensor(4.28, shape=(), dtype=float32)",4.368023,0.005614954978227615
/tmp/DataSetCombined/Edges/Round-10_0082957_edge.png,"tf.Tensor(5.632, shape=(), dtype=float32)",5.5498705,0.005614954978227615
/tmp/DataSetCombined/Edges/Round-8_0016140_edge.png,"tf.Tensor(5.162, shape=(), dtype=float32)",5.164107,0.005614954978227615
/tmp/DataSetCombined/Edges/Round-3_0029379_edge.png,"tf.Tensor(5.609, shape=(), dtype=float32)",5.5064163,0.005614954978227615
/tmp/DataSetCombined/Edges/Round-2_0001600_edge.png,"tf.Tensor(3.424, shape=(), dtype=float32)",3.4461405,0.005614954978227615
/tmp/DataSetCombined/Edges/Round-9_0059026_edge.png,"tf.Tensor(4.78, shape=(), dtype=float32)",4.93214,0.005614954978227615
/tmp/DataSetCombined/Edges/Round-9_0137709_edge.png,"tf.Tensor(5.572, shape=(), dtype=float32)",5.527042,0.005614954978227615
/tmp/DataSetCombined/Edges/Round-9_0048945_edge.png,"tf.Tensor(2.534, shape=(), dtype=float32)",2.6706383,0.005614954978227615
/tmp/DataSetCombined/Edges/Round-7_0024083_edge.png,"tf.Tensor(5.363, shape=(), dtype=float32)",5.3523154,0.005614954978227615
/tmp/DataSetCombined/Edges/Round-10_0093914_edge.png,"tf.Tensor(2.874, shape=(), dtype=float32)",3.0320058,0.005614954978227615
/tmp/DataSetCombined/Edges/Round-1_0162482_edge.png,"tf.Tensor(5.518, shape=(), dtype=float32)",5.563758,0.005614954978227615
/tmp/DataSetCombined/Edges/Round-7_0095321_edge.png,"tf.Tensor(3.166, shape=(), dtype=float32)",3.273538,0.005614954978227615
/tmp/DataSetCombined/Edges/Round-10_0106766_edge.png,"tf.Tensor(1.875, shape=(), dtype=float32)",1.9145945,0.005614954978227615
/tmp/DataSetCombined/Edges/Round-4_0007588_edge.png,"tf.Tensor(4.753, shape=(), dtype=float32)",4.864196,0.005614954978227615
/tmp/DataSetCombined/Edges/Round-6_0022758_edge.png,"tf.Tensor(3.101, shape=(), dtype=float32)",3.1310828,0.005614954978227615
/tmp/DataSetCombined/Edges/Round-7_0015625_edge.png,"tf.Tensor(1.568, shape=(), dtype=float32)",1.7314588,0.005614954978227615
/tmp/DataSetCombined/Edges/Round-5_0003516_edge.png,"tf.Tensor(4.432, shape=(), dtype=float32)",4.5475564,0.005614954978227615
/tmp/DataSetCombined/Edges/Round-10_0172804_edge.png,"tf.Tensor(5.404, shape=(), dtype=float32)",5.3956494,0.005614954978227615
/tmp/DataSetCombined/Edges/Round-1_0132741_edge.png,"tf.Tensor(5.133, shape=(), dtype=float32)",5.330995,0.005614954978227615
/tmp/DataSetCombined/Edges/Round-9_0196343_edge.png,"tf.Tensor(1.984, shape=(), dtype=float32)",2.0272229,0.005614954978227615
/tmp/DataSetCombined/Edges/Round-1_0022534_edge.png,"tf.Tensor(5.035, shape=(), dtype=float32)",5.1810317,0.005614954978227615
/tmp/DataSetCombined/Edges/Round-9_0002713_edge.png,"tf.Tensor(4.266, shape=(), dtype=float32)",4.433043,0.005614954978227615
/tmp/DataSetCombined/Edges/Round-4_0068209_edge.png,"tf.Tensor(5.357, shape=(), dtype=float32)",5.3631935,0.005614954978227615
/tmp/DataSetCombined/Edges/Round-6_0090542_edge.png,"tf.Tensor(5.212, shape=(), dtype=float32)",5.3253093,0.005614954978227615
/tmp/DataSetCombined/Edges/Round-9_0144121_edge.png,"tf.Tensor(4.345, shape=(), dtype=float32)",4.426538,0.005614954978227615
/tmp/DataSetCombined/Edges/Round-9_0155859_edge.png,"tf.Tensor(5.571, shape=(), dtype=float32)",5.5221543,0.005614954978227615
/tmp/DataSetCombined/Edges/Round-5_0036848_edge.png,"tf.Tensor(5.154, shape=(), dtype=float32)",5.140104,0.005614954978227615
/tmp/DataSetCombined/Edges/Round-1_0058667_edge.png,"tf.Tensor(5.485, shape=(), dtype=float32)",5.548239,0.005614954978227615
/tmp/DataSetCombined/Edges/Round-5_0111074_edge.png,"tf.Tensor(5.476, shape=(), dtype=float32)",5.558889,0.0052113160490989685
/tmp/DataSetCombined/Edges/Round-1_0065467_edge.png,"tf.Tensor(5.447, shape=(), dtype=float32)",5.5397315,0.0052113160490989685
/tmp/DataSetCombined/Edges/Round-7_0009305_edge.png,"tf.Tensor(5.436, shape=(), dtype=float32)",5.418817,0.0052113160490989685
/tmp/DataSetCombined/Edges/Round-10_0010417_edge.png,"tf.Tensor(4.431, shape=(), dtype=float32)",4.5644155,0.0052113160490989685
/tmp/DataSetCombined/Edges/Round-8_0021829_edge.png,"tf.Tensor(2.647, shape=(), dtype=float32)",2.7049396,0.0052113160490989685
/tmp/DataSetCombined/Edges/Round-1_0101834_edge.png,"tf.Tensor(2.94, shape=(), dtype=float32)",2.9397,0.0052113160490989685
/tmp/DataSetCombined/Edges/Round-9_0024760_edge.png,"tf.Tensor(2.584, shape=(), dtype=float32)",2.6347845,0.0052113160490989685
/tmp/DataSetCombined/Edges/Round-10_0184754_edge.png,"tf.Tensor(5.154, shape=(), dtype=float32)",5.149242,0.0052113160490989685
/tmp/DataSetCombined/Edges/Round-9_0018545_edge.png,"tf.Tensor(5.503, shape=(), dtype=float32)",5.4836407,0.0052113160490989685
/tmp/DataSetCombined/Edges/Round-8_0056431_edge.png,"tf.Tensor(5.492, shape=(), dtype=float32)",5.456508,0.0052113160490989685
/tmp/DataSetCombined/Edges/Round-6_0036362_edge.png,"tf.Tensor(2.477, shape=(), dtype=float32)",2.5220115,0.0052113160490989685
/tmp/DataSetCombined/Edges/Round-5_0001576_edge.png,"tf.Tensor(2.081, shape=(), dtype=float32)",2.15684,0.0052113160490989685
/tmp/DataSetCombined/Edges/Round-10_0100054_edge.png,"tf.Tensor(4.796, shape=(), dtype=float32)",4.9974675,0.0052113160490989685
/tmp/DataSetCombined/Edges/Round-10_0097255_edge.png,"tf.Tensor(5.154, shape=(), dtype=float32)",5.1415505,0.0052113160490989685
/tmp/DataSetCombined/Edges/Round-4_0089612_edge.png,"tf.Tensor(5.152, shape=(), dtype=float32)",5.2034335,0.0052113160490989685
/tmp/DataSetCombined/Edges/Round-7_0025287_edge.png,"tf.Tensor(5.569, shape=(), dtype=float32)",5.537227,0.0052113160490989685
/tmp/DataSetCombined/Edges/Round-8_0018548_edge.png,"tf.Tensor(2.621, shape=(), dtype=float32)",2.6357224,0.0052113160490989685
/tmp/DataSetCombined/Edges/Round-10_0100385_edge.png,"tf.Tensor(5.236, shape=(), dtype=float32)",5.429251,0.0052113160490989685
/tmp/DataSetCombined/Edges/Round-7_0043708_edge.png,"tf.Tensor(5.15, shape=(), dtype=float32)",5.137604,0.0052113160490989685
/tmp/DataSetCombined/Edges/Round-6_0078381_edge.png,"tf.Tensor(2.521, shape=(), dtype=float32)",2.6708834,0.0052113160490989685
/tmp/DataSetCombined/Edges/Round-9_0127958_edge.png,"tf.Tensor(1.924, shape=(), dtype=float32)",1.8842533,0.0052113160490989685
/tmp/DataSetCombined/Edges/Round-1_0038934_edge.png,"tf.Tensor(5.113, shape=(), dtype=float32)",5.299258,0.0052113160490989685
/tmp/DataSetCombined/Edges/Round-8_0002745_edge.png,"tf.Tensor(5.152, shape=(), dtype=float32)",5.1505227,0.0052113160490989685
/tmp/DataSetCombined/Edges/Round-1_0039434_edge.png,"tf.Tensor(5.463, shape=(), dtype=float32)",5.535153,0.0052113160490989685
/tmp/DataSetCombined/Edges/Round-9_0186923_edge.png,"tf.Tensor(5.568, shape=(), dtype=float32)",5.5211983,0.0052113160490989685
/tmp/DataSetCombined/Edges/Round-8_0053572_edge.png,"tf.Tensor(2.799, shape=(), dtype=float32)",2.8991582,0.0052113160490989685
/tmp/DataSetCombined/Edges/Round-2_0102595_edge.png,"tf.Tensor(4.599, shape=(), dtype=float32)",4.835823,0.0052113160490989685
/tmp/DataSetCombined/Edges/Round-2_0047200_edge.png,"tf.Tensor(2.849, shape=(), dtype=float32)",2.9902706,0.0052113160490989685
/tmp/DataSetCombined/Edges/Round-3_0087020_edge.png,"tf.Tensor(5.462, shape=(), dtype=float32)",5.533927,0.0052113160490989685
/tmp/DataSetCombined/Edges/Round-9_0160585_edge.png,"tf.Tensor(5.562, shape=(), dtype=float32)",5.477491,0.0052113160490989685
/tmp/DataSetCombined/Edges/Round-1_0009267_edge.png,"tf.Tensor(3.422, shape=(), dtype=float32)",3.5103977,0.0052113160490989685
/tmp/DataSetCombined/Edges/Round-9_0141584_edge.png,"tf.Tensor(5.449, shape=(), dtype=float32)",5.530355,0.0052113160490989685
/tmp/DataSetCombined/Edges/Round-5_0030919_edge.png,"tf.Tensor(5.216, shape=(), dtype=float32)",5.2266073,0.0052113160490989685
/tmp/DataSetCombined/Edges/Round-8_0019198_edge.png,"tf.Tensor(2.876, shape=(), dtype=float32)",2.900876,0.0052113160490989685
/tmp/DataSetCombined/Edges/Round-6_0107609_edge.png,"tf.Tensor(3.921, shape=(), dtype=float32)",4.1286225,0.0052113160490989685
/tmp/DataSetCombined/Edges/Round-10_0032932_edge.png,"tf.Tensor(2.407, shape=(), dtype=float32)",2.3630633,0.0052113160490989685
/tmp/DataSetCombined/Edges/Round-1_0009734_edge.png,"tf.Tensor(5.032, shape=(), dtype=float32)",5.17698,0.0052113160490989685
/tmp/DataSetCombined/Edges/Round-9_0039374_edge.png,"tf.Tensor(5.387, shape=(), dtype=float32)",5.544464,0.0052113160490989685
/tmp/DataSetCombined/Edges/Round-9_0002182_edge.png,"tf.Tensor(2.891, shape=(), dtype=float32)",2.904236,0.0052113160490989685
/tmp/DataSetCombined/Edges/Round-6_0076034_edge.png,"tf.Tensor(2.461, shape=(), dtype=float32)",2.614873,0.0052113160490989685
/tmp/DataSetCombined/Edges/Round-1_0114593_edge.png,"tf.Tensor(5.154, shape=(), dtype=float32)",5.1357975,0.0052113160490989685
/tmp/DataSetCombined/Edges/Round-9_0137516_edge.png,"tf.Tensor(4.798, shape=(), dtype=float32)",4.9929223,0.0052113160490989685
/tmp/DataSetCombined/Edges/Round-8_0058026_edge.png,"tf.Tensor(4.267, shape=(), dtype=float32)",4.452767,0.0052113160490989685
/tmp/DataSetCombined/Edges/Round-9_0004217_edge.png,"tf.Tensor(5.647, shape=(), dtype=float32)",5.6349425,0.0052113160490989685
/tmp/DataSetCombined/Edges/Round-5_0045367_edge.png,"tf.Tensor(5.032, shape=(), dtype=float32)",5.1740813,0.0052113160490989685
/tmp/DataSetCombined/Edges/Round-7_0011352_edge.png,"tf.Tensor(5.608, shape=(), dtype=float32)",5.615278,0.0052113160490989685
/tmp/DataSetCombined/Edges/Round-7_0028147_edge.png,"tf.Tensor(5.519, shape=(), dtype=float32)",5.5471654,0.0052113160490989685
/tmp/DataSetCombined/Edges/Round-2_0093477_edge.png,"tf.Tensor(5.052, shape=(), dtype=float32)",5.279057,0.0052113160490989685
/tmp/DataSetCombined/Edges/Round-1_0166635_edge.png,"tf.Tensor(5.667, shape=(), dtype=float32)",5.535732,0.0052113160490989685
/tmp/DataSetCombined/Edges/Round-7_0099212_edge.png,"tf.Tensor(5.155, shape=(), dtype=float32)",5.146558,0.0052113160490989685
/tmp/DataSetCombined/Edges/Round-6_0107187_edge.png,"tf.Tensor(5.567, shape=(), dtype=float32)",5.529272,0.0052113160490989685
/tmp/DataSetCombined/Edges/Round-8_0053301_edge.png,"tf.Tensor(4.797, shape=(), dtype=float32)",4.971081,0.0052113160490989685
/tmp/DataSetCombined/Edges/Round-8_0087283_edge.png,"tf.Tensor(4.778, shape=(), dtype=float32)",4.881392,0.0052113160490989685
/tmp/DataSetCombined/Edges/Round-9_0071551_edge.png,"tf.Tensor(2.977, shape=(), dtype=float32)",2.9405568,0.0052113160490989685
/tmp/DataSetCombined/Edges/Round-4_0029832_edge.png,"tf.Tensor(2.009, shape=(), dtype=float32)",1.9565735,0.0052113160490989685
/tmp/DataSetCombined/Edges/Round-1_0127687_edge.png,"tf.Tensor(3.494, shape=(), dtype=float32)",3.6580198,0.0052113160490989685
/tmp/DataSetCombined/Edges/Round-3_0082083_edge.png,"tf.Tensor(2.187, shape=(), dtype=float32)",2.0463548,0.0052113160490989685
/tmp/DataSetCombined/Edges/Round-5_0112459_edge.png,"tf.Tensor(1.988, shape=(), dtype=float32)",1.9528805,0.0052113160490989685
/tmp/DataSetCombined/Edges/Round-8_0034139_edge.png,"tf.Tensor(3.297, shape=(), dtype=float32)",3.4230962,0.0052113160490989685
/tmp/DataSetCombined/Edges/Round-10_0089459_edge.png,"tf.Tensor(4.327, shape=(), dtype=float32)",4.502628,0.0052113160490989685
/tmp/DataSetCombined/Edges/Round-9_0053370_edge.png,"tf.Tensor(5.632, shape=(), dtype=float32)",5.524411,0.0052113160490989685
/tmp/DataSetCombined/Edges/Round-3_0018152_edge.png,"tf.Tensor(4.861, shape=(), dtype=float32)",5.08997,0.0052113160490989685
/tmp/DataSetCombined/Edges/Round-8_0045367_edge.png,"tf.Tensor(4.264, shape=(), dtype=float32)",4.443622,0.0052113160490989685
/tmp/DataSetCombined/Edges/Round-4_0033474_edge.png,"tf.Tensor(2.788, shape=(), dtype=float32)",2.950234,0.0052113160490989685
/tmp/DataSetCombined/Edges/Round-2_0059267_edge.png,"tf.Tensor(3.361, shape=(), dtype=float32)",3.3697228,0.005791716277599335
/tmp/DataSetCombined/Edges/Round-5_0016742_edge.png,"tf.Tensor(4.269, shape=(), dtype=float32)",4.432667,0.005791716277599335
/tmp/DataSetCombined/Edges/Round-7_0009635_edge.png,"tf.Tensor(2.617, shape=(), dtype=float32)",2.852895,0.005791716277599335
/tmp/DataSetCombined/Edges/Round-4_0002170_edge.png,"tf.Tensor(3.385, shape=(), dtype=float32)",3.477538,0.005791716277599335
/tmp/DataSetCombined/Edges/Round-7_0097918_edge.png,"tf.Tensor(3.097, shape=(), dtype=float32)",3.0149343,0.005791716277599335
/tmp/DataSetCombined/Edges/Round-10_0082566_edge.png,"tf.Tensor(1.504, shape=(), dtype=float32)",1.6714312,0.005791716277599335
/tmp/DataSetCombined/Edges/Round-10_0166544_edge.png,"tf.Tensor(5.357, shape=(), dtype=float32)",5.3971224,0.005791716277599335
/tmp/DataSetCombined/Edges/Round-5_0115410_edge.png,"tf.Tensor(2.576, shape=(), dtype=float32)",2.8032694,0.005791716277599335
/tmp/DataSetCombined/Edges/Round-4_0039163_edge.png,"tf.Tensor(5.097, shape=(), dtype=float32)",5.235821,0.005791716277599335
/tmp/DataSetCombined/Edges/Round-4_0005331_edge.png,"tf.Tensor(5.566, shape=(), dtype=float32)",5.4779105,0.005791716277599335
/tmp/DataSetCombined/Edges/Round-9_0148697_edge.png,"tf.Tensor(2.843, shape=(), dtype=float32)",2.9941247,0.005791716277599335
/tmp/DataSetCombined/Edges/Round-8_0017633_edge.png,"tf.Tensor(2.764, shape=(), dtype=float32)",2.9493632,0.005791716277599335
/tmp/DataSetCombined/Edges/Round-5_0077453_edge.png,"tf.Tensor(5.562, shape=(), dtype=float32)",5.587047,0.005791716277599335
/tmp/DataSetCombined/Edges/Round-7_0060354_edge.png,"tf.Tensor(5.571, shape=(), dtype=float32)",5.5284843,0.005791716277599335
/tmp/DataSetCombined/Edges/Round-3_0001367_edge.png,"tf.Tensor(3.395, shape=(), dtype=float32)",3.4942245,0.005791716277599335
/tmp/DataSetCombined/Edges/Round-10_0150591_edge.png,"tf.Tensor(2.191, shape=(), dtype=float32)",2.2933025,0.005791716277599335
/tmp/DataSetCombined/Edges/Round-10_0194627_edge.png,"tf.Tensor(3.128, shape=(), dtype=float32)",3.2543874,0.005791716277599335
/tmp/DataSetCombined/Edges/Round-1_0099543_edge.png,"tf.Tensor(5.354, shape=(), dtype=float32)",5.3495083,0.005791716277599335
/tmp/DataSetCombined/Edges/Round-9_0198210_edge.png,"tf.Tensor(3.326, shape=(), dtype=float32)",3.508352,0.005791716277599335
/tmp/DataSetCombined/Edges/Round-10_0093101_edge.png,"tf.Tensor(2.389, shape=(), dtype=float32)",2.3565028,0.005791716277599335
/tmp/DataSetCombined/Edges/Round-9_0009606_edge.png,"tf.Tensor(4.53, shape=(), dtype=float32)",4.6600356,0.005791716277599335
/tmp/DataSetCombined/Edges/Round-6_0120021_edge.png,"tf.Tensor(2.659, shape=(), dtype=float32)",2.759024,0.005791716277599335
/tmp/DataSetCombined/Edges/Round-7_0031160_edge.png,"tf.Tensor(3.47, shape=(), dtype=float32)",3.5997467,0.005791716277599335
/tmp/DataSetCombined/Edges/Round-4_0009665_edge.png,"tf.Tensor(2.399, shape=(), dtype=float32)",2.3873835,0.005791716277599335
/tmp/DataSetCombined/Edges/Round-9_0124917_edge.png,"tf.Tensor(4.996, shape=(), dtype=float32)",5.0707607,0.005791716277599335
/tmp/DataSetCombined/Edges/Round-10_0124013_edge.png,"tf.Tensor(2.52, shape=(), dtype=float32)",2.530781,0.005791716277599335
/tmp/DataSetCombined/Edges/Round-1_0019967_edge.png,"tf.Tensor(5.42, shape=(), dtype=float32)",5.408478,0.005791716277599335
/tmp/DataSetCombined/Edges/Round-3_0021192_edge.png,"tf.Tensor(4.262, shape=(), dtype=float32)",4.444116,0.005791716277599335
/tmp/DataSetCombined/Edges/Round-1_0148696_edge.png,"tf.Tensor(4.038, shape=(), dtype=float32)",4.220319,0.005791716277599335
/tmp/DataSetCombined/Edges/Round-10_0192459_edge.png,"tf.Tensor(4.534, shape=(), dtype=float32)",4.653679,0.005791716277599335
/tmp/DataSetCombined/Edges/Round-9_0081032_edge.png,"tf.Tensor(5.523, shape=(), dtype=float32)",5.5795126,0.005791716277599335
/tmp/DataSetCombined/Edges/Round-4_0075764_edge.png,"tf.Tensor(5.106, shape=(), dtype=float32)",5.296148,0.005791716277599335
/tmp/DataSetCombined/Edges/Round-9_0078865_edge.png,"tf.Tensor(3.578, shape=(), dtype=float32)",3.7658727,0.005791716277599335
/tmp/DataSetCombined/Edges/Round-7_0068721_edge.png,"tf.Tensor(5.346, shape=(), dtype=float32)",5.4862957,0.005791716277599335
/tmp/DataSetCombined/Edges/Round-7_0125309_edge.png,"tf.Tensor(5.035, shape=(), dtype=float32)",5.1803675,0.005791716277599335
/tmp/DataSetCombined/Edges/Round-1_0063867_edge.png,"tf.Tensor(2.191, shape=(), dtype=float32)",2.1824477,0.005791716277599335
/tmp/DataSetCombined/Edges/Round-8_0049039_edge.png,"tf.Tensor(2.772, shape=(), dtype=float32)",2.8118947,0.005791716277599335
/tmp/DataSetCombined/Edges/Round-7_0056350_edge.png,"tf.Tensor(2.091, shape=(), dtype=float32)",2.135574,0.005791716277599335
/tmp/DataSetCombined/Edges/Round-7_0133917_edge.png,"tf.Tensor(4.409, shape=(), dtype=float32)",4.6252213,0.005791716277599335
/tmp/DataSetCombined/Edges/Round-5_0068544_edge.png,"tf.Tensor(4.401, shape=(), dtype=float32)",4.557724,0.005791716277599335
/tmp/DataSetCombined/Edges/Round-1_0076157_edge.png,"tf.Tensor(1.96, shape=(), dtype=float32)",2.0426059,0.005791716277599335
/tmp/DataSetCombined/Edges/Round-2_0082759_edge.png,"tf.Tensor(4.636, shape=(), dtype=float32)",4.74172,0.005791716277599335
/tmp/DataSetCombined/Edges/Round-8_0038354_edge.png,"tf.Tensor(5.561, shape=(), dtype=float32)",5.478665,0.005791716277599335
/tmp/DataSetCombined/Edges/Round-5_0124047_edge.png,"tf.Tensor(5.651, shape=(), dtype=float32)",5.639443,0.005791716277599335
/tmp/DataSetCombined/Edges/Round-9_0006054_edge.png,"tf.Tensor(5.032, shape=(), dtype=float32)",5.1697793,0.005791716277599335
/tmp/DataSetCombined/Edges/Round-8_0073377_edge.png,"tf.Tensor(5.031, shape=(), dtype=float32)",5.1857786,0.005791716277599335
/tmp/DataSetCombined/Edges/Round-1_0128138_edge.png,"tf.Tensor(3.998, shape=(), dtype=float32)",4.1945868,0.005791716277599335
/tmp/DataSetCombined/Edges/Round-1_0033505_edge.png,"tf.Tensor(3.392, shape=(), dtype=float32)",3.3766625,0.005791716277599335
/tmp/DataSetCombined/Edges/Round-1_0139516_edge.png,"tf.Tensor(5.57, shape=(), dtype=float32)",5.597816,0.005791716277599335
/tmp/DataSetCombined/Edges/Round-6_0097555_edge.png,"tf.Tensor(5.192, shape=(), dtype=float32)",5.1973147,0.005791716277599335
/tmp/DataSetCombined/Edges/Round-9_0198932_edge.png,"tf.Tensor(2.346, shape=(), dtype=float32)",2.4715383,0.005791716277599335
/tmp/DataSetCombined/Edges/Round-8_0016429_edge.png,"tf.Tensor(1.697, shape=(), dtype=float32)",1.7812616,0.005791716277599335
/tmp/DataSetCombined/Edges/Round-8_0024014_edge.png,"tf.Tensor(1.985, shape=(), dtype=float32)",1.9197425,0.005791716277599335
/tmp/DataSetCombined/Edges/Round-9_0153452_edge.png,"tf.Tensor(3.206, shape=(), dtype=float32)",3.2301676,0.005791716277599335
/tmp/DataSetCombined/Edges/Round-7_0068841_edge.png,"tf.Tensor(3.444, shape=(), dtype=float32)",3.5816622,0.005791716277599335
/tmp/DataSetCombined/Edges/Round-8_0046962_edge.png,"tf.Tensor(1.561, shape=(), dtype=float32)",1.7239755,0.005791716277599335
/tmp/DataSetCombined/Edges/Round-9_0147221_edge.png,"tf.Tensor(4.608, shape=(), dtype=float32)",4.850967,0.005791716277599335
/tmp/DataSetCombined/Edges/Round-8_0061259_edge.png,"tf.Tensor(2.215, shape=(), dtype=float32)",2.3031664,0.005791716277599335
/tmp/DataSetCombined/Edges/Round-9_0151646_edge.png,"tf.Tensor(4.552, shape=(), dtype=float32)",4.6378555,0.005791716277599335
/tmp/DataSetCombined/Edges/Round-9_0097015_edge.png,"tf.Tensor(3.544, shape=(), dtype=float32)",3.6497219,0.005791716277599335
/tmp/DataSetCombined/Edges/Round-8_0067640_edge.png,"tf.Tensor(1.914, shape=(), dtype=float32)",1.9672414,0.005791716277599335
/tmp/DataSetCombined/Edges/Round-5_0070873_edge.png,"tf.Tensor(5.459, shape=(), dtype=float32)",5.5352516,0.005791716277599335
/tmp/DataSetCombined/Edges/Round-6_0135180_edge.png,"tf.Tensor(4.656, shape=(), dtype=float32)",4.757422,0.005791716277599335
/tmp/DataSetCombined/Edges/Round-5_0074443_edge.png,"tf.Tensor(5.627, shape=(), dtype=float32)",5.5160737,0.005791716277599335
/tmp/DataSetCombined/Edges/Round-1_0042083_edge.png,"tf.Tensor(5.035, shape=(), dtype=float32)",5.1723237,0.005027107894420624
/tmp/DataSetCombined/Edges/Round-7_0126332_edge.png,"tf.Tensor(5.087, shape=(), dtype=float32)",5.2344785,0.005027107894420624
/tmp/DataSetCombined/Edges/Round-4_0086871_edge.png,"tf.Tensor(5.518, shape=(), dtype=float32)",5.556093,0.005027107894420624
/tmp/DataSetCombined/Edges/Round-1_0055167_edge.png,"tf.Tensor(5.576, shape=(), dtype=float32)",5.5286937,0.005027107894420624
/tmp/DataSetCombined/Edges/Round-7_0135241_edge.png,"tf.Tensor(2.931, shape=(), dtype=float32)",2.9373279,0.005027107894420624
/tmp/DataSetCombined/Edges/Round-9_0173408_edge.png,"tf.Tensor(5.666, shape=(), dtype=float32)",5.5407887,0.005027107894420624
/tmp/DataSetCombined/Edges/Round-6_0040908_edge.png,"tf.Tensor(4.992, shape=(), dtype=float32)",5.081047,0.005027107894420624
/tmp/DataSetCombined/Edges/Round-8_0039605_edge.png,"tf.Tensor(5.442, shape=(), dtype=float32)",5.5289397,0.005027107894420624
/tmp/DataSetCombined/Edges/Round-10_0061737_edge.png,"tf.Tensor(4.775, shape=(), dtype=float32)",4.9397326,0.005027107894420624
/tmp/DataSetCombined/Edges/Round-10_0073897_edge.png,"tf.Tensor(2.037, shape=(), dtype=float32)",2.0942805,0.005027107894420624
/tmp/DataSetCombined/Edges/Round-7_0019418_edge.png,"tf.Tensor(5.446, shape=(), dtype=float32)",5.532445,0.005027107894420624
/tmp/DataSetCombined/Edges/Round-5_0031551_edge.png,"tf.Tensor(3.253, shape=(), dtype=float32)",3.398535,0.005027107894420624
/tmp/DataSetCombined/Edges/Round-10_0112334_edge.png,"tf.Tensor(5.489, shape=(), dtype=float32)",5.547316,0.005027107894420624
/tmp/DataSetCombined/Edges/Round-2_0069600_edge.png,"tf.Tensor(1.701, shape=(), dtype=float32)",1.8365034,0.005027107894420624
/tmp/DataSetCombined/Edges/Round-9_0136987_edge.png,"tf.Tensor(2.822, shape=(), dtype=float32)",2.8438284,0.005027107894420624
/tmp/DataSetCombined/Edges/Round-9_0165522_edge.png,"tf.Tensor(5.444, shape=(), dtype=float32)",5.5377593,0.005027107894420624
/tmp/DataSetCombined/Edges/Round-10_0193242_edge.png,"tf.Tensor(2.772, shape=(), dtype=float32)",2.8453782,0.005027107894420624
/tmp/DataSetCombined/Edges/Round-3_0004234_edge.png,"tf.Tensor(5.222, shape=(), dtype=float32)",5.2357583,0.005027107894420624
/tmp/DataSetCombined/Edges/Round-8_0042736_edge.png,"tf.Tensor(1.823, shape=(), dtype=float32)",1.8696637,0.005027107894420624
/tmp/DataSetCombined/Edges/Round-7_0071521_edge.png,"tf.Tensor(3.217, shape=(), dtype=float32)",3.368149,0.005027107894420624
/tmp/DataSetCombined/Edges/Round-9_0051865_edge.png,"tf.Tensor(3.252, shape=(), dtype=float32)",3.3665507,0.005027107894420624
/tmp/DataSetCombined/Edges/Round-10_0154414_edge.png,"tf.Tensor(5.598, shape=(), dtype=float32)",5.5276284,0.005027107894420624
/tmp/DataSetCombined/Edges/Round-1_0019067_edge.png,"tf.Tensor(1.944, shape=(), dtype=float32)",1.9875001,0.005027107894420624
/tmp/DataSetCombined/Edges/Round-2_0033000_edge.png,"tf.Tensor(3.328, shape=(), dtype=float32)",3.4592533,0.005027107894420624
/tmp/DataSetCombined/Edges/Round-6_0013997_edge.png,"tf.Tensor(2.802, shape=(), dtype=float32)",2.9738266,0.005027107894420624
/tmp/DataSetCombined/Edges/Round-10_0135090_edge.png,"tf.Tensor(5.57, shape=(), dtype=float32)",5.5249796,0.005027107894420624
/tmp/DataSetCombined/Edges/Round-5_0008344_edge.png,"tf.Tensor(5.015, shape=(), dtype=float32)",5.268883,0.005027107894420624
/tmp/DataSetCombined/Edges/Round-6_0014721_edge.png,"tf.Tensor(5.584, shape=(), dtype=float32)",5.539827,0.005027107894420624
/tmp/DataSetCombined/Edges/Round-1_0168382_edge.png,"tf.Tensor(5.445, shape=(), dtype=float32)",5.5329814,0.005027107894420624
/tmp/DataSetCombined/Edges/Round-10_0181774_edge.png,"tf.Tensor(5.042, shape=(), dtype=float32)",5.192123,0.005027107894420624
/tmp/DataSetCombined/Edges/Round-2_0057003_edge.png,"tf.Tensor(4.673, shape=(), dtype=float32)",4.886652,0.005027107894420624
/tmp/DataSetCombined/Edges/Round-3_0009333_edge.png,"tf.Tensor(1.678, shape=(), dtype=float32)",1.8001815,0.005027107894420624
/tmp/DataSetCombined/Edges/Round-5_0080072_edge.png,"tf.Tensor(2.771, shape=(), dtype=float32)",2.8735034,0.005027107894420624
/tmp/DataSetCombined/Edges/Round-6_0083168_edge.png,"tf.Tensor(5.61, shape=(), dtype=float32)",5.5048823,0.005027107894420624
/tmp/DataSetCombined/Edges/Round-5_0095874_edge.png,"tf.Tensor(5.452, shape=(), dtype=float32)",5.5362267,0.005027107894420624
/tmp/DataSetCombined/Edges/Round-3_0020199_edge.png,"tf.Tensor(5.617, shape=(), dtype=float32)",5.542911,0.005027107894420624
/tmp/DataSetCombined/Edges/Round-10_0063695_edge.png,"tf.Tensor(3.517, shape=(), dtype=float32)",3.6367993,0.005027107894420624
/tmp/DataSetCombined/Edges/Round-9_0116430_edge.png,"tf.Tensor(4.518, shape=(), dtype=float32)",4.644703,0.005027107894420624
/tmp/DataSetCombined/Edges/Round-1_0118310_edge.png,"tf.Tensor(2.684, shape=(), dtype=float32)",2.7696025,0.005027107894420624
/tmp/DataSetCombined/Edges/Round-10_0075191_edge.png,"tf.Tensor(4.436, shape=(), dtype=float32)",4.5444856,0.005027107894420624
/tmp/DataSetCombined/Edges/Round-6_0116909_edge.png,"tf.Tensor(4.056, shape=(), dtype=float32)",4.278312,0.005027107894420624
/tmp/DataSetCombined/Edges/Round-1_0068734_edge.png,"tf.Tensor(5.459, shape=(), dtype=float32)",5.53801,0.005027107894420624
/tmp/DataSetCombined/Edges/Round-10_0193965_edge.png,"tf.Tensor(2.285, shape=(), dtype=float32)",2.2559543,0.005027107894420624
/tmp/DataSetCombined/Edges/Round-6_0115976_edge.png,"tf.Tensor(5.668, shape=(), dtype=float32)",5.6380997,0.005027107894420624
/tmp/DataSetCombined/Edges/Round-9_0002743_edge.png,"tf.Tensor(2.853, shape=(), dtype=float32)",3.0000181,0.005027107894420624
/tmp/DataSetCombined/Edges/Round-9_0117194_edge.png,"tf.Tensor(5.155, shape=(), dtype=float32)",5.1387877,0.005027107894420624
/tmp/DataSetCombined/Edges/Round-9_0029351_edge.png,"tf.Tensor(4.607, shape=(), dtype=float32)",4.7344074,0.005027107894420624
/tmp/DataSetCombined/Edges/Round-8_0013762_edge.png,"tf.Tensor(2.51, shape=(), dtype=float32)",2.7593753,0.005027107894420624
/tmp/DataSetCombined/Edges/Round-5_0087446_edge.png,"tf.Tensor(5.204, shape=(), dtype=float32)",5.3312855,0.005027107894420624
/tmp/DataSetCombined/Edges/Round-4_0034498_edge.png,"tf.Tensor(5.033, shape=(), dtype=float32)",5.184659,0.005027107894420624
/tmp/DataSetCombined/Edges/Round-1_0107761_edge.png,"tf.Tensor(5.422, shape=(), dtype=float32)",5.4132147,0.005027107894420624
/tmp/DataSetCombined/Edges/Round-9_0197698_edge.png,"tf.Tensor(2.097, shape=(), dtype=float32)",2.0072746,0.005027107894420624
/tmp/DataSetCombined/Edges/Round-7_0031211_edge.png,"tf.Tensor(2.722, shape=(), dtype=float32)",2.845308,0.005027107894420624
/tmp/DataSetCombined/Edges/Round-10_0060443_edge.png,"tf.Tensor(5.583, shape=(), dtype=float32)",5.599072,0.005027107894420624
/tmp/DataSetCombined/Edges/Round-2_0041600_edge.png,"tf.Tensor(5.444, shape=(), dtype=float32)",5.534516,0.005027107894420624
/tmp/DataSetCombined/Edges/Round-2_0110541_edge.png,"tf.Tensor(5.342, shape=(), dtype=float32)",5.341615,0.005027107894420624
/tmp/DataSetCombined/Edges/Round-5_0114085_edge.png,"tf.Tensor(4.742, shape=(), dtype=float32)",4.9509544,0.005027107894420624
/tmp/DataSetCombined/Edges/Round-5_0041604_edge.png,"tf.Tensor(5.447, shape=(), dtype=float32)",5.541661,0.005027107894420624
/tmp/DataSetCombined/Edges/Round-7_0038260_edge.png,"tf.Tensor(4.746, shape=(), dtype=float32)",4.9159155,0.005027107894420624
/tmp/DataSetCombined/Edges/Round-10_0199443_edge.png,"tf.Tensor(5.429, shape=(), dtype=float32)",5.4156227,0.005027107894420624
/tmp/DataSetCombined/Edges/Round-7_0024302_edge.png,"tf.Tensor(2.966, shape=(), dtype=float32)",3.0599098,0.005027107894420624
/tmp/DataSetCombined/Edges/Round-6_0018905_edge.png,"tf.Tensor(5.306, shape=(), dtype=float32)",5.4721255,0.005027107894420624
/tmp/DataSetCombined/Edges/Round-4_0021524_edge.png,"tf.Tensor(5.446, shape=(), dtype=float32)",5.44558,0.005027107894420624
/tmp/DataSetCombined/Edges/Round-8_0037438_edge.png,"tf.Tensor(4.651, shape=(), dtype=float32)",4.837806,0.005027107894420624
/tmp/DataSetCombined/Edges/Round-10_0168290_edge.png,"tf.Tensor(5.636, shape=(), dtype=float32)",5.6331615,0.00486283004283905
/tmp/DataSetCombined/Edges/Round-5_0016682_edge.png,"tf.Tensor(5.694, shape=(), dtype=float32)",5.535622,0.00486283004283905
/tmp/DataSetCombined/Edges/Round-9_0156462_edge.png,"tf.Tensor(3.447, shape=(), dtype=float32)",3.5670617,0.00486283004283905
/tmp/DataSetCombined/Edges/Round-10_0031637_edge.png,"tf.Tensor(5.571, shape=(), dtype=float32)",5.527579,0.00486283004283905
/tmp/DataSetCombined/Edges/Round-6_0072512_edge.png,"tf.Tensor(2.719, shape=(), dtype=float32)",2.7606912,0.00486283004283905
/tmp/DataSetCombined/Edges/Round-9_0161067_edge.png,"tf.Tensor(3.114, shape=(), dtype=float32)",3.1754806,0.00486283004283905
/tmp/DataSetCombined/Edges/Round-9_0083125_edge.png,"tf.Tensor(2.782, shape=(), dtype=float32)",2.8772905,0.00486283004283905
/tmp/DataSetCombined/Edges/Round-7_0077119_edge.png,"tf.Tensor(2.646, shape=(), dtype=float32)",2.9056306,0.00486283004283905
/tmp/DataSetCombined/Edges/Round-5_0016592_edge.png,"tf.Tensor(1.874, shape=(), dtype=float32)",1.8797872,0.00486283004283905
/tmp/DataSetCombined/Edges/Round-5_0104994_edge.png,"tf.Tensor(2.863, shape=(), dtype=float32)",3.0113041,0.00486283004283905
/tmp/DataSetCombined/Edges/Round-9_0134428_edge.png,"tf.Tensor(4.667, shape=(), dtype=float32)",4.769427,0.00486283004283905
/tmp/DataSetCombined/Edges/Round-5_0011565_edge.png,"tf.Tensor(5.621, shape=(), dtype=float32)",5.6235557,0.00486283004283905
/tmp/DataSetCombined/Edges/Round-8_0009337_edge.png,"tf.Tensor(5.568, shape=(), dtype=float32)",5.5294814,0.00486283004283905
/tmp/DataSetCombined/Edges/Round-1_0041267_edge.png,"tf.Tensor(5.394, shape=(), dtype=float32)",5.430957,0.00486283004283905
/tmp/DataSetCombined/Edges/Round-1_0006801_edge.png,"tf.Tensor(5.35, shape=(), dtype=float32)",5.4179277,0.00486283004283905
/tmp/DataSetCombined/Edges/Round-6_0097254_edge.png,"tf.Tensor(5.667, shape=(), dtype=float32)",5.5404105,0.00486283004283905
/tmp/DataSetCombined/Edges/Round-9_0078982_edge.png,"tf.Tensor(5.563, shape=(), dtype=float32)",5.4776406,0.00486283004283905
/tmp/DataSetCombined/Edges/Round-8_0075153_edge.png,"tf.Tensor(5.225, shape=(), dtype=float32)",5.2169204,0.00486283004283905
/tmp/DataSetCombined/Edges/Round-4_0053881_edge.png,"tf.Tensor(1.812, shape=(), dtype=float32)",1.7711636,0.00486283004283905
/tmp/DataSetCombined/Edges/Round-9_0058880_edge.png,"tf.Tensor(5.057, shape=(), dtype=float32)",5.1891413,0.00486283004283905
/tmp/DataSetCombined/Edges/Round-4_0090580_edge.png,"tf.Tensor(5.179, shape=(), dtype=float32)",5.147512,0.00486283004283905
/tmp/DataSetCombined/Edges/Round-1_0040434_edge.png,"tf.Tensor(5.64, shape=(), dtype=float32)",5.538968,0.00486283004283905
/tmp/DataSetCombined/Edges/Round-8_0044945_edge.png,"tf.Tensor(2.618, shape=(), dtype=float32)",2.8592389,0.00486283004283905
/tmp/DataSetCombined/Edges/Round-5_0004970_edge.png,"tf.Tensor(4.541, shape=(), dtype=float32)",4.645189,0.00486283004283905
/tmp/DataSetCombined/Edges/Round-1_0171331_edge.png,"tf.Tensor(5.074, shape=(), dtype=float32)",5.194294,0.00486283004283905
/tmp/DataSetCombined/Edges/Round-9_0053310_edge.png,"tf.Tensor(3.48, shape=(), dtype=float32)",3.661902,0.00486283004283905
/tmp/DataSetCombined/Edges/Round-7_0058186_edge.png,"tf.Tensor(5.223, shape=(), dtype=float32)",5.354677,0.00486283004283905
/tmp/DataSetCombined/Edges/Round-1_0022800_edge.png,"tf.Tensor(5.033, shape=(), dtype=float32)",5.1685286,0.00486283004283905
/tmp/DataSetCombined/Edges/Round-7_0033505_edge.png,"tf.Tensor(5.221, shape=(), dtype=float32)",5.363231,0.00486283004283905
/tmp/DataSetCombined/Edges/Round-8_0072035_edge.png,"tf.Tensor(2.454, shape=(), dtype=float32)",2.6202338,0.00486283004283905
/tmp/DataSetCombined/Edges/Round-1_0118391_edge.png,"tf.Tensor(2.717, shape=(), dtype=float32)",2.91283,0.00486283004283905
/tmp/DataSetCombined/Edges/Round-6_0014781_edge.png,"tf.Tensor(1.521, shape=(), dtype=float32)",1.6843951,0.00486283004283905
/tmp/DataSetCombined/Edges/Round-6_0089428_edge.png,"tf.Tensor(5.426, shape=(), dtype=float32)",5.41647,0.00486283004283905
/tmp/DataSetCombined/Edges/Round-8_0005443_edge.png,"tf.Tensor(5.498, shape=(), dtype=float32)",5.466691,0.00486283004283905
/tmp/DataSetCombined/Edges/Round-9_0012796_edge.png,"tf.Tensor(5.446, shape=(), dtype=float32)",5.5317063,0.00486283004283905
/tmp/DataSetCombined/Edges/Round-7_0067487_edge.png,"tf.Tensor(2.74, shape=(), dtype=float32)",2.853423,0.00486283004283905
/tmp/DataSetCombined/Edges/Round-10_0126092_edge.png,"tf.Tensor(4.264, shape=(), dtype=float32)",4.4431148,0.00486283004283905
/tmp/DataSetCombined/Edges/Round-8_0048364_edge.png,"tf.Tensor(5.667, shape=(), dtype=float32)",5.5331645,0.00486283004283905
/tmp/DataSetCombined/Edges/Round-9_0054093_edge.png,"tf.Tensor(5.458, shape=(), dtype=float32)",5.5747113,0.00486283004283905
/tmp/DataSetCombined/Edges/Round-2_0078846_edge.png,"tf.Tensor(5.572, shape=(), dtype=float32)",5.5322576,0.00486283004283905
/tmp/DataSetCombined/Edges/Round-5_0029023_edge.png,"tf.Tensor(2.805, shape=(), dtype=float32)",2.8378305,0.00486283004283905
/tmp/DataSetCombined/Edges/Round-1_0113195_edge.png,"tf.Tensor(2.098, shape=(), dtype=float32)",2.2109196,0.00486283004283905
/tmp/DataSetCombined/Edges/Round-2_0074300_edge.png,"tf.Tensor(5.468, shape=(), dtype=float32)",5.545842,0.00486283004283905
/tmp/DataSetCombined/Edges/Round-6_0038568_edge.png,"tf.Tensor(5.644, shape=(), dtype=float32)",5.5265923,0.00486283004283905
/tmp/DataSetCombined/Edges/Round-3_0057192_edge.png,"tf.Tensor(5.214, shape=(), dtype=float32)",5.222142,0.00486283004283905
/tmp/DataSetCombined/Edges/Round-2_0111896_edge.png,"tf.Tensor(2.102, shape=(), dtype=float32)",2.1677256,0.00486283004283905
/tmp/DataSetCombined/Edges/Round-4_0017521_edge.png,"tf.Tensor(1.956, shape=(), dtype=float32)",1.9294044,0.00486283004283905
/tmp/DataSetCombined/Edges/Round-9_0124646_edge.png,"tf.Tensor(4.409, shape=(), dtype=float32)",4.6527567,0.00486283004283905
/tmp/DataSetCombined/Edges/Round-9_0104299_edge.png,"tf.Tensor(2.091, shape=(), dtype=float32)",2.1353536,0.00486283004283905
/tmp/DataSetCombined/Edges/Round-3_0022396_edge.png,"tf.Tensor(3.517, shape=(), dtype=float32)",3.6547754,0.00486283004283905
/tmp/DataSetCombined/Edges/Round-5_0093586_edge.png,"tf.Tensor(4.335, shape=(), dtype=float32)",4.488281,0.00486283004283905
/tmp/DataSetCombined/Edges/Round-9_0040457_edge.png,"tf.Tensor(4.796, shape=(), dtype=float32)",4.9797273,0.00486283004283905
/tmp/DataSetCombined/Edges/Round-4_0021434_edge.png,"tf.Tensor(5.14, shape=(), dtype=float32)",5.290229,0.00486283004283905
/tmp/DataSetCombined/Edges/Round-10_0184544_edge.png,"tf.Tensor(4.64, shape=(), dtype=float32)",4.8647,0.00486283004283905
/tmp/DataSetCombined/Edges/Round-10_0168713_edge.png,"tf.Tensor(5.03, shape=(), dtype=float32)",5.118479,0.00486283004283905
/tmp/DataSetCombined/Edges/Round-5_0073389_edge.png,"tf.Tensor(5.044, shape=(), dtype=float32)",5.204449,0.00486283004283905
/tmp/DataSetCombined/Edges/Round-1_0015967_edge.png,"tf.Tensor(4.466, shape=(), dtype=float32)",4.5924487,0.00486283004283905
/tmp/DataSetCombined/Edges/Round-10_0009574_edge.png,"tf.Tensor(5.145, shape=(), dtype=float32)",5.3011146,0.00486283004283905
/tmp/DataSetCombined/Edges/Round-1_0122088_edge.png,"tf.Tensor(3.276, shape=(), dtype=float32)",3.3752902,0.00486283004283905
/tmp/DataSetCombined/Edges/Round-2_0054767_edge.png,"tf.Tensor(4.273, shape=(), dtype=float32)",4.454662,0.00486283004283905
/tmp/DataSetCombined/Edges/Round-5_0015237_edge.png,"tf.Tensor(5.471, shape=(), dtype=float32)",5.539999,0.00486283004283905
/tmp/DataSetCombined/Edges/Round-10_0163745_edge.png,"tf.Tensor(1.411, shape=(), dtype=float32)",1.618943,0.00486283004283905
/tmp/DataSetCombined/Edges/Round-9_0127445_edge.png,"tf.Tensor(5.667, shape=(), dtype=float32)",5.5382214,0.00486283004283905
/tmp/DataSetCombined/Edges/Round-1_0126754_edge.png,"tf.Tensor(3.731, shape=(), dtype=float32)",3.9314518,0.00486283004283905
/tmp/DataSetCombined/Edges/Round-1_0071767_edge.png,"tf.Tensor(5.003, shape=(), dtype=float32)",5.2401633,0.0052511803805828094
/tmp/DataSetCombined/Edges/Round-8_0076056_edge.png,"tf.Tensor(4.957, shape=(), dtype=float32)",5.0289736,0.0052511803805828094
/tmp/DataSetCombined/Edges/Round-1_0061834_edge.png,"tf.Tensor(5.509, shape=(), dtype=float32)",5.459137,0.0052511803805828094
/tmp/DataSetCombined/Edges/Round-4_0021494_edge.png,"tf.Tensor(5.145, shape=(), dtype=float32)",5.3087807,0.0052511803805828094
/tmp/DataSetCombined/Edges/Round-6_0116548_edge.png,"tf.Tensor(3.192, shape=(), dtype=float32)",3.3359973,0.0052511803805828094
/tmp/DataSetCombined/Edges/Round-3_0082716_edge.png,"tf.Tensor(3.356, shape=(), dtype=float32)",3.5145595,0.0052511803805828094
/tmp/DataSetCombined/Edges/Round-10_0127174_edge.png,"tf.Tensor(2.56, shape=(), dtype=float32)",2.8318787,0.0052511803805828094
/tmp/DataSetCombined/Edges/Round-1_0060701_edge.png,"tf.Tensor(5.416, shape=(), dtype=float32)",5.428911,0.0052511803805828094
/tmp/DataSetCombined/Edges/Round-2_0093956_edge.png,"tf.Tensor(4.665, shape=(), dtype=float32)",4.7774205,0.0052511803805828094
/tmp/DataSetCombined/Edges/Round-4_0081724_edge.png,"tf.Tensor(5.572, shape=(), dtype=float32)",5.525718,0.0052511803805828094
/tmp/DataSetCombined/Edges/Round-6_0028506_edge.png,"tf.Tensor(2.985, shape=(), dtype=float32)",2.9507368,0.0052511803805828094
/tmp/DataSetCombined/Edges/Round-4_0027454_edge.png,"tf.Tensor(3.31, shape=(), dtype=float32)",3.473354,0.0052511803805828094
/tmp/DataSetCombined/Edges/Round-3_0071187_edge.png,"tf.Tensor(2.183, shape=(), dtype=float32)",2.3568795,0.0052511803805828094
/tmp/DataSetCombined/Edges/Round-5_0019993_edge.png,"tf.Tensor(5.148, shape=(), dtype=float32)",5.312101,0.0052511803805828094
/tmp/DataSetCombined/Edges/Round-9_0026401_edge.png,"tf.Tensor(1.86, shape=(), dtype=float32)",1.8836089,0.0052511803805828094
/tmp/DataSetCombined/Edges/Round-5_0013130_edge.png,"tf.Tensor(4.673, shape=(), dtype=float32)",4.761871,0.0052511803805828094
/tmp/DataSetCombined/Edges/Round-2_0101421_edge.png,"tf.Tensor(5.57, shape=(), dtype=float32)",5.535485,0.0052511803805828094
/tmp/DataSetCombined/Edges/Round-5_0066557_edge.png,"tf.Tensor(1.54, shape=(), dtype=float32)",1.6982394,0.0052511803805828094
/tmp/DataSetCombined/Edges/Round-3_0033683_edge.png,"tf.Tensor(2.617, shape=(), dtype=float32)",2.8649797,0.0052511803805828094
/tmp/DataSetCombined/Edges/Round-9_0183461_edge.png,"tf.Tensor(5.562, shape=(), dtype=float32)",5.4737186,0.0052511803805828094
/tmp/DataSetCombined/Edges/Round-3_0062519_edge.png,"tf.Tensor(5.538, shape=(), dtype=float32)",5.5673795,0.0052511803805828094
/tmp/DataSetCombined/Edges/Round-8_0024839_edge.png,"tf.Tensor(4.968, shape=(), dtype=float32)",5.059488,0.0052511803805828094
/tmp/DataSetCombined/Edges/Round-9_0047390_edge.png,"tf.Tensor(3.198, shape=(), dtype=float32)",3.3498607,0.0052511803805828094
/tmp/DataSetCombined/Edges/Round-8_0021106_edge.png,"tf.Tensor(1.958, shape=(), dtype=float32)",2.0246034,0.0052511803805828094
/tmp/DataSetCombined/Edges/Round-7_0120884_edge.png,"tf.Tensor(4.263, shape=(), dtype=float32)",4.4089346,0.0052511803805828094
/tmp/DataSetCombined/Edges/Round-7_0076697_edge.png,"tf.Tensor(5.445, shape=(), dtype=float32)",5.53548,0.0052511803805828094
/tmp/DataSetCombined/Edges/Round-6_0009754_edge.png,"tf.Tensor(2.495, shape=(), dtype=float32)",2.5520637,0.0052511803805828094
/tmp/DataSetCombined/Edges/Round-3_0044369_edge.png,"tf.Tensor(5.336, shape=(), dtype=float32)",5.3393273,0.0052511803805828094
/tmp/DataSetCombined/Edges/Round-6_0003645_edge.png,"tf.Tensor(5.031, shape=(), dtype=float32)",5.17291,0.0052511803805828094
/tmp/DataSetCombined/Edges/Round-1_0033034_edge.png,"tf.Tensor(1.996, shape=(), dtype=float32)",2.0164084,0.0052511803805828094
/tmp/DataSetCombined/Edges/Round-10_0011440_edge.png,"tf.Tensor(5.05, shape=(), dtype=float32)",5.1444907,0.0052511803805828094
/tmp/DataSetCombined/Edges/Round-6_0091716_edge.png,"tf.Tensor(2.224, shape=(), dtype=float32)",2.0509562,0.0052511803805828094
/tmp/DataSetCombined/Edges/Round-5_0079138_edge.png,"tf.Tensor(3.471, shape=(), dtype=float32)",3.5650315,0.0052511803805828094
/tmp/DataSetCombined/Edges/Round-1_0140961_edge.png,"tf.Tensor(1.713, shape=(), dtype=float32)",1.8023975,0.0052511803805828094
/tmp/DataSetCombined/Edges/Round-3_0075522_edge.png,"tf.Tensor(2.229, shape=(), dtype=float32)",2.091465,0.0052511803805828094
/tmp/DataSetCombined/Edges/Round-1_0062101_edge.png,"tf.Tensor(5.533, shape=(), dtype=float32)",5.5939245,0.0052511803805828094
/tmp/DataSetCombined/Edges/Round-1_0141864_edge.png,"tf.Tensor(4.806, shape=(), dtype=float32)",4.9073386,0.0052511803805828094
/tmp/DataSetCombined/Edges/Round-2_0072254_edge.png,"tf.Tensor(5.56, shape=(), dtype=float32)",5.4793315,0.0052511803805828094
/tmp/DataSetCombined/Edges/Round-10_0151584_edge.png,"tf.Tensor(4.927, shape=(), dtype=float32)",5.172108,0.0052511803805828094
/tmp/DataSetCombined/Edges/Round-10_0143307_edge.png,"tf.Tensor(2.685, shape=(), dtype=float32)",2.7900472,0.0052511803805828094
/tmp/DataSetCombined/Edges/Round-9_0081423_edge.png,"tf.Tensor(1.731, shape=(), dtype=float32)",1.8613032,0.0052511803805828094
/tmp/DataSetCombined/Edges/Round-4_0017912_edge.png,"tf.Tensor(4.709, shape=(), dtype=float32)",4.93626,0.0052511803805828094
/tmp/DataSetCombined/Edges/Round-5_0051447_edge.png,"tf.Tensor(5.661, shape=(), dtype=float32)",5.5183625,0.0052511803805828094
/tmp/DataSetCombined/Edges/Round-2_0050267_edge.png,"tf.Tensor(4.958, shape=(), dtype=float32)",5.0488143,0.0052511803805828094
/tmp/DataSetCombined/Edges/Round-10_0125187_edge.png,"tf.Tensor(5.493, shape=(), dtype=float32)",5.57093,0.0052511803805828094
/tmp/DataSetCombined/Edges/Round-8_0002264_edge.png,"tf.Tensor(1.961, shape=(), dtype=float32)",1.9933759,0.0052511803805828094
/tmp/DataSetCombined/Edges/Round-2_0070087_edge.png,"tf.Tensor(2.217, shape=(), dtype=float32)",2.3084974,0.0052511803805828094
/tmp/DataSetCombined/Edges/Round-5_0045819_edge.png,"tf.Tensor(5.516, shape=(), dtype=float32)",5.4904127,0.0052511803805828094
/tmp/DataSetCombined/Edges/Round-3_0068839_edge.png,"tf.Tensor(5.677, shape=(), dtype=float32)",5.6481338,0.0052511803805828094
/tmp/DataSetCombined/Edges/Round-5_0056625_edge.png,"tf.Tensor(2.041, shape=(), dtype=float32)",2.0781572,0.0052511803805828094
/tmp/DataSetCombined/Edges/Round-4_0083228_edge.png,"tf.Tensor(3.183, shape=(), dtype=float32)",3.2435908,0.0052511803805828094
/tmp/DataSetCombined/Edges/Round-9_0145114_edge.png,"tf.Tensor(5.525, shape=(), dtype=float32)",5.5708437,0.0052511803805828094
/tmp/DataSetCombined/Edges/Round-8_0013359_edge.png,"tf.Tensor(2.831, shape=(), dtype=float32)",2.853398,0.0052511803805828094
/tmp/DataSetCombined/Edges/Round-3_0004940_edge.png,"tf.Tensor(4.803, shape=(), dtype=float32)",5.043021,0.0052511803805828094
/tmp/DataSetCombined/Edges/Round-3_0052801_edge.png,"tf.Tensor(3.743, shape=(), dtype=float32)",3.873665,0.0052511803805828094
/tmp/DataSetCombined/Edges/Round-5_0022040_edge.png,"tf.Tensor(1.774, shape=(), dtype=float32)",1.8320343,0.0052511803805828094
/tmp/DataSetCombined/Edges/Round-4_0089911_edge.png,"tf.Tensor(5.342, shape=(), dtype=float32)",5.348852,0.0052511803805828094
/tmp/DataSetCombined/Edges/Round-9_0031970_edge.png,"tf.Tensor(5.577, shape=(), dtype=float32)",5.523478,0.0052511803805828094
/tmp/DataSetCombined/Edges/Round-7_0048614_edge.png,"tf.Tensor(4.263, shape=(), dtype=float32)",4.432591,0.0052511803805828094
/tmp/DataSetCombined/Edges/Round-1_0004970_edge.png,"tf.Tensor(5.341, shape=(), dtype=float32)",5.3453994,0.0052511803805828094
/tmp/DataSetCombined/Edges/Round-1_0009134_edge.png,"tf.Tensor(2.523, shape=(), dtype=float32)",2.7731388,0.0052511803805828094
/tmp/DataSetCombined/Edges/Round-7_0022097_edge.png,"tf.Tensor(1.877, shape=(), dtype=float32)",1.899525,0.0052511803805828094
/tmp/DataSetCombined/Edges/Round-6_0041630_edge.png,"tf.Tensor(4.803, shape=(), dtype=float32)",5.0966287,0.0052511803805828094
/tmp/DataSetCombined/Edges/Round-4_0026551_edge.png,"tf.Tensor(5.082, shape=(), dtype=float32)",5.162089,0.0052511803805828094
/tmp/DataSetCombined/Edges/Round-5_0089372_edge.png,"tf.Tensor(5.578, shape=(), dtype=float32)",5.5287843,0.0059020742774009705
/tmp/DataSetCombined/Edges/Round-9_0097105_edge.png,"tf.Tensor(5.561, shape=(), dtype=float32)",5.4729724,0.0059020742774009705
/tmp/DataSetCombined/Edges/Round-6_0083739_edge.png,"tf.Tensor(5.344, shape=(), dtype=float32)",5.3513017,0.0059020742774009705
/tmp/DataSetCombined/Edges/Round-8_0033074_edge.png,"tf.Tensor(5.14, shape=(), dtype=float32)",5.308351,0.0059020742774009705
/tmp/DataSetCombined/Edges/Round-5_0017796_edge.png,"tf.Tensor(2.54, shape=(), dtype=float32)",2.557295,0.0059020742774009705
/tmp/DataSetCombined/Edges/Round-10_0028868_edge.png,"tf.Tensor(1.893, shape=(), dtype=float32)",1.9205452,0.0059020742774009705
/tmp/DataSetCombined/Edges/Round-8_0086200_edge.png,"tf.Tensor(3.361, shape=(), dtype=float32)",3.451423,0.0059020742774009705
/tmp/DataSetCombined/Edges/Round-3_0027844_edge.png,"tf.Tensor(1.959, shape=(), dtype=float32)",1.9864143,0.0059020742774009705
/tmp/DataSetCombined/Edges/Round-8_0070018_edge.png,"tf.Tensor(3.162, shape=(), dtype=float32)",3.2162097,0.0059020742774009705
/tmp/DataSetCombined/Edges/Round-1_0071600_edge.png,"tf.Tensor(2.625, shape=(), dtype=float32)",2.7474556,0.0059020742774009705
/tmp/DataSetCombined/Edges/Round-8_0073148_edge.png,"tf.Tensor(2.722, shape=(), dtype=float32)",2.8977687,0.0059020742774009705
/tmp/DataSetCombined/Edges/Round-5_0096807_edge.png,"tf.Tensor(2.938, shape=(), dtype=float32)",3.055119,0.0059020742774009705
/tmp/DataSetCombined/Edges/Round-7_0087294_edge.png,"tf.Tensor(5.109, shape=(), dtype=float32)",5.258696,0.0059020742774009705
/tmp/DataSetCombined/Edges/Round-8_0063655_edge.png,"tf.Tensor(3.702, shape=(), dtype=float32)",3.9118822,0.0059020742774009705
/tmp/DataSetCombined/Edges/Round-1_0056501_edge.png,"tf.Tensor(3.051, shape=(), dtype=float32)",3.0799727,0.0059020742774009705
/tmp/DataSetCombined/Edges/Round-7_0063122_edge.png,"tf.Tensor(5.517, shape=(), dtype=float32)",5.549076,0.0059020742774009705
/tmp/DataSetCombined/Edges/Round-3_0065198_edge.png,"tf.Tensor(3.316, shape=(), dtype=float32)",3.2627075,0.0059020742774009705
/tmp/DataSetCombined/Edges/Round-9_0184454_edge.png,"tf.Tensor(5.146, shape=(), dtype=float32)",5.2922754,0.0059020742774009705
/tmp/DataSetCombined/Edges/Round-8_0043861_edge.png,"tf.Tensor(5.516, shape=(), dtype=float32)",5.5607395,0.0059020742774009705
/tmp/DataSetCombined/Edges/Round-7_0130215_edge.png,"tf.Tensor(5.174, shape=(), dtype=float32)",5.1542583,0.0059020742774009705
/tmp/DataSetCombined/Edges/Round-8_0048497_edge.png,"tf.Tensor(2.635, shape=(), dtype=float32)",2.741871,0.0059020742774009705
/tmp/DataSetCombined/Edges/Round-4_0061015_edge.png,"tf.Tensor(2.467, shape=(), dtype=float32)",2.6029146,0.0059020742774009705
/tmp/DataSetCombined/Edges/Round-8_0054234_edge.png,"tf.Tensor(3.54, shape=(), dtype=float32)",3.662503,0.0059020742774009705
/tmp/DataSetCombined/Edges/Round-7_0119680_edge.png,"tf.Tensor(5.267, shape=(), dtype=float32)",5.449343,0.0059020742774009705
/tmp/DataSetCombined/Edges/Round-8_0006285_edge.png,"tf.Tensor(2.553, shape=(), dtype=float32)",2.678178,0.0059020742774009705
/tmp/DataSetCombined/Edges/Round-10_0114652_edge.png,"tf.Tensor(5.152, shape=(), dtype=float32)",5.136285,0.0059020742774009705
/tmp/DataSetCombined/Edges/Round-4_0030796_edge.png,"tf.Tensor(3.63, shape=(), dtype=float32)",3.8894775,0.0059020742774009705
/tmp/DataSetCombined/Edges/Round-8_0026663_edge.png,"tf.Tensor(4.268, shape=(), dtype=float32)",4.455819,0.0059020742774009705
/tmp/DataSetCombined/Edges/Round-10_0025467_edge.png,"tf.Tensor(1.95, shape=(), dtype=float32)",1.9792104,0.0059020742774009705
/tmp/DataSetCombined/Edges/Round-8_0056160_edge.png,"tf.Tensor(5.156, shape=(), dtype=float32)",5.136744,0.0059020742774009705
/tmp/DataSetCombined/Edges/Round-1_0111312_edge.png,"tf.Tensor(5.269, shape=(), dtype=float32)",5.3543267,0.0059020742774009705
/tmp/DataSetCombined/Edges/Round-7_0128980_edge.png,"tf.Tensor(3.153, shape=(), dtype=float32)",3.2628498,0.0059020742774009705
/tmp/DataSetCombined/Edges/Round-6_0134759_edge.png,"tf.Tensor(5.348, shape=(), dtype=float32)",5.401281,0.0059020742774009705
/tmp/DataSetCombined/Edges/Round-10_0076275_edge.png,"tf.Tensor(5.219, shape=(), dtype=float32)",5.3218637,0.0059020742774009705
/tmp/DataSetCombined/Edges/Round-9_0016107_edge.png,"tf.Tensor(3.565, shape=(), dtype=float32)",3.7669797,0.0059020742774009705
/tmp/DataSetCombined/Edges/Round-9_0087232_edge.png,"tf.Tensor(4.645, shape=(), dtype=float32)",4.8611455,0.0059020742774009705
/tmp/DataSetCombined/Edges/Round-5_0117245_edge.png,"tf.Tensor(3.674, shape=(), dtype=float32)",3.8494833,0.0059020742774009705
/tmp/DataSetCombined/Edges/Round-1_0119710_edge.png,"tf.Tensor(4.787, shape=(), dtype=float32)",4.9837317,0.0059020742774009705
/tmp/DataSetCombined/Edges/Round-8_0017585_edge.png,"tf.Tensor(4.734, shape=(), dtype=float32)",4.846226,0.0059020742774009705
/tmp/DataSetCombined/Edges/Round-3_0063421_edge.png,"tf.Tensor(4.718, shape=(), dtype=float32)",4.8199553,0.0059020742774009705
/tmp/DataSetCombined/Edges/Round-3_0056108_edge.png,"tf.Tensor(4.085, shape=(), dtype=float32)",4.2917004,0.0059020742774009705
/tmp/DataSetCombined/Edges/Round-8_0061651_edge.png,"tf.Tensor(5.446, shape=(), dtype=float32)",5.5383058,0.0059020742774009705
/tmp/DataSetCombined/Edges/Round-10_0105502_edge.png,"tf.Tensor(2.524, shape=(), dtype=float32)",2.6841226,0.0059020742774009705
/tmp/DataSetCombined/Edges/Round-2_0100759_edge.png,"tf.Tensor(5.568, shape=(), dtype=float32)",5.5303864,0.0059020742774009705
/tmp/DataSetCombined/Edges/Round-9_0099995_edge.png,"tf.Tensor(3.302, shape=(), dtype=float32)",3.6504326,0.0059020742774009705
/tmp/DataSetCombined/Edges/Round-1_0136235_edge.png,"tf.Tensor(3.623, shape=(), dtype=float32)",3.7550797,0.0059020742774009705
/tmp/DataSetCombined/Edges/Round-3_0082294_edge.png,"tf.Tensor(2.461, shape=(), dtype=float32)",2.4948583,0.0059020742774009705
/tmp/DataSetCombined/Edges/Round-1_0106918_edge.png,"tf.Tensor(4.522, shape=(), dtype=float32)",4.672974,0.0059020742774009705
/tmp/DataSetCombined/Edges/Round-9_0034498_edge.png,"tf.Tensor(4.255, shape=(), dtype=float32)",4.485022,0.0059020742774009705
/tmp/DataSetCombined/Edges/Round-5_0119723_edge.png,"tf.Tensor(4.639, shape=(), dtype=float32)",4.746698,0.0059020742774009705
/tmp/DataSetCombined/Edges/Round-4_0031126_edge.png,"tf.Tensor(5.153, shape=(), dtype=float32)",5.1497846,0.0059020742774009705
/tmp/DataSetCombined/Edges/Round-5_0064781_edge.png,"tf.Tensor(1.986, shape=(), dtype=float32)",1.9903624,0.0059020742774009705
/tmp/DataSetCombined/Edges/Round-2_0107834_edge.png,"tf.Tensor(4.263, shape=(), dtype=float32)",4.427355,0.0059020742774009705
/tmp/DataSetCombined/Edges/Round-10_0128287_edge.png,"tf.Tensor(4.506, shape=(), dtype=float32)",4.6238565,0.0059020742774009705
/tmp/DataSetCombined/Edges/Round-6_0132230_edge.png,"tf.Tensor(2.296, shape=(), dtype=float32)",2.417713,0.0059020742774009705
/tmp/DataSetCombined/Edges/Round-10_0013427_edge.png,"tf.Tensor(5.067, shape=(), dtype=float32)",5.157871,0.0059020742774009705
/tmp/DataSetCombined/Edges/Round-8_0088337_edge.png,"tf.Tensor(2.313, shape=(), dtype=float32)",2.339502,0.0059020742774009705
/tmp/DataSetCombined/Edges/Round-9_0162482_edge.png,"tf.Tensor(4.794, shape=(), dtype=float32)",4.971167,0.0059020742774009705
/tmp/DataSetCombined/Edges/Round-10_0017731_edge.png,"tf.Tensor(2.709, shape=(), dtype=float32)",2.8413851,0.0059020742774009705
/tmp/DataSetCombined/Edges/Round-6_0089245_edge.png,"tf.Tensor(2.546, shape=(), dtype=float32)",2.7899232,0.0059020742774009705
/tmp/DataSetCombined/Edges/Round-10_0094666_edge.png,"tf.Tensor(5.556, shape=(), dtype=float32)",5.5850463,0.0059020742774009705
/tmp/DataSetCombined/Edges/Round-2_0005000_edge.png,"tf.Tensor(5.52, shape=(), dtype=float32)",5.4904585,0.0059020742774009705
/tmp/DataSetCombined/Edges/Round-10_0120521_edge.png,"tf.Tensor(4.309, shape=(), dtype=float32)",4.5459385,0.0059020742774009705
/tmp/DataSetCombined/Edges/Round-3_0053367_edge.png,"tf.Tensor(5.039, shape=(), dtype=float32)",5.1978307,0.0059020742774009705
/tmp/DataSetCombined/Edges/Round-2_0060067_edge.png,"tf.Tensor(2.974, shape=(), dtype=float32)",3.060979,0.005221951752901077
/tmp/DataSetCombined/Edges/Round-6_0005394_edge.png,"tf.Tensor(1.748, shape=(), dtype=float32)",1.865703,0.005221951752901077
/tmp/DataSetCombined/Edges/Round-2_0075927_edge.png,"tf.Tensor(2.049, shape=(), dtype=float32)",1.9714891,0.005221951752901077
/tmp/DataSetCombined/Edges/Round-10_0128739_edge.png,"tf.Tensor(4.927, shape=(), dtype=float32)",5.1122613,0.005221951752901077
/tmp/DataSetCombined/Edges/Round-8_0040177_edge.png,"tf.Tensor(3.071, shape=(), dtype=float32)",2.9945738,0.005221951752901077
/tmp/DataSetCombined/Edges/Round-6_0043918_edge.png,"tf.Tensor(4.511, shape=(), dtype=float32)",4.586778,0.005221951752901077
/tmp/DataSetCombined/Edges/Round-10_0142796_edge.png,"tf.Tensor(2.847, shape=(), dtype=float32)",2.8721182,0.005221951752901077
/tmp/DataSetCombined/Edges/Round-4_0076757_edge.png,"tf.Tensor(5.131, shape=(), dtype=float32)",5.3131547,0.005221951752901077
/tmp/DataSetCombined/Edges/Round-5_0064811_edge.png,"tf.Tensor(2.18, shape=(), dtype=float32)",2.0406518,0.005221951752901077
/tmp/DataSetCombined/Edges/Round-6_0012524_edge.png,"tf.Tensor(3.554, shape=(), dtype=float32)",3.7121518,0.005221951752901077
/tmp/DataSetCombined/Edges/Round-4_0050781_edge.png,"tf.Tensor(5.23, shape=(), dtype=float32)",5.3112307,0.005221951752901077
/tmp/DataSetCombined/Edges/Round-9_0128288_edge.png,"tf.Tensor(4.985, shape=(), dtype=float32)",5.0781164,0.005221951752901077
/tmp/DataSetCombined/Edges/Round-9_0194748_edge.png,"tf.Tensor(4.264, shape=(), dtype=float32)",4.402025,0.005221951752901077
/tmp/DataSetCombined/Edges/Round-5_0103429_edge.png,"tf.Tensor(2.886, shape=(), dtype=float32)",3.02764,0.005221951752901077
/tmp/DataSetCombined/Edges/Round-1_0028401_edge.png,"tf.Tensor(4.956, shape=(), dtype=float32)",5.0310526,0.005221951752901077
/tmp/DataSetCombined/Edges/Round-8_0028872_edge.png,"tf.Tensor(4.604, shape=(), dtype=float32)",4.8424926,0.005221951752901077
/tmp/DataSetCombined/Edges/Round-9_0153401_edge.png,"tf.Tensor(2.378, shape=(), dtype=float32)",2.3237262,0.005221951752901077
/tmp/DataSetCombined/Edges/Round-10_0166152_edge.png,"tf.Tensor(2.077, shape=(), dtype=float32)",2.0921695,0.005221951752901077
/tmp/DataSetCombined/Edges/Round-10_0106345_edge.png,"tf.Tensor(3.5, shape=(), dtype=float32)",3.6158936,0.005221951752901077
/tmp/DataSetCombined/Edges/Round-1_0108242_edge.png,"tf.Tensor(1.541, shape=(), dtype=float32)",1.7024876,0.005221951752901077
/tmp/DataSetCombined/Edges/Round-8_0032502_edge.png,"tf.Tensor(2.78, shape=(), dtype=float32)",2.86493,0.005221951752901077
/tmp/DataSetCombined/Edges/Round-7_0037237_edge.png,"tf.Tensor(5.444, shape=(), dtype=float32)",5.532126,0.005221951752901077
/tmp/DataSetCombined/Edges/Round-2_0096665_edge.png,"tf.Tensor(5.53, shape=(), dtype=float32)",5.6013484,0.005221951752901077
/tmp/DataSetCombined/Edges/Round-5_0093526_edge.png,"tf.Tensor(4.727, shape=(), dtype=float32)",4.8352213,0.005221951752901077
/tmp/DataSetCombined/Edges/Round-4_0012990_edge.png,"tf.Tensor(3.291, shape=(), dtype=float32)",3.3821862,0.005221951752901077
/tmp/DataSetCombined/Edges/Round-8_0009837_edge.png,"tf.Tensor(2.122, shape=(), dtype=float32)",2.0159736,0.005221951752901077
/tmp/DataSetCombined/Edges/Round-9_0096142_edge.png,"tf.Tensor(3.381, shape=(), dtype=float32)",3.5801568,0.005221951752901077
/tmp/DataSetCombined/Edges/Round-9_0009335_edge.png,"tf.Tensor(5.353, shape=(), dtype=float32)",5.3673344,0.005221951752901077
/tmp/DataSetCombined/Edges/Round-7_0101500_edge.png,"tf.Tensor(4.255, shape=(), dtype=float32)",4.3349667,0.005221951752901077
/tmp/DataSetCombined/Edges/Round-1_0017800_edge.png,"tf.Tensor(3.097, shape=(), dtype=float32)",3.0167334,0.005221951752901077
/tmp/DataSetCombined/Edges/Round-9_0045364_edge.png,"tf.Tensor(3.852, shape=(), dtype=float32)",4.061503,0.005221951752901077
/tmp/DataSetCombined/Edges/Round-2_0111354_edge.png,"tf.Tensor(1.535, shape=(), dtype=float32)",1.702937,0.005221951752901077
/tmp/DataSetCombined/Edges/Round-5_0033869_edge.png,"tf.Tensor(4.785, shape=(), dtype=float32)",4.923979,0.005221951752901077
/tmp/DataSetCombined/Edges/Round-5_0037691_edge.png,"tf.Tensor(5.447, shape=(), dtype=float32)",5.5305753,0.005221951752901077
/tmp/DataSetCombined/Edges/Round-4_0047591_edge.png,"tf.Tensor(5.641, shape=(), dtype=float32)",5.513893,0.005221951752901077
/tmp/DataSetCombined/Edges/Round-4_0038139_edge.png,"tf.Tensor(3.558, shape=(), dtype=float32)",3.697748,0.005221951752901077
/tmp/DataSetCombined/Edges/Round-7_0040758_edge.png,"tf.Tensor(5.444, shape=(), dtype=float32)",5.5379195,0.005221951752901077
/tmp/DataSetCombined/Edges/Round-7_0045815_edge.png,"tf.Tensor(5.539, shape=(), dtype=float32)",5.6082172,0.005221951752901077
/tmp/DataSetCombined/Edges/Round-5_0082329_edge.png,"tf.Tensor(1.86, shape=(), dtype=float32)",1.9375739,0.005221951752901077
/tmp/DataSetCombined/Edges/Round-7_0037418_edge.png,"tf.Tensor(3.56, shape=(), dtype=float32)",3.715912,0.005221951752901077
/tmp/DataSetCombined/Edges/Round-7_0000425_edge.png,"tf.Tensor(3.359, shape=(), dtype=float32)",3.52851,0.005221951752901077
/tmp/DataSetCombined/Edges/Round-8_0061199_edge.png,"tf.Tensor(1.937, shape=(), dtype=float32)",1.9809166,0.005221951752901077
/tmp/DataSetCombined/Edges/Round-3_0013276_edge.png,"tf.Tensor(2.507, shape=(), dtype=float32)",2.752598,0.005221951752901077
/tmp/DataSetCombined/Edges/Round-8_0001963_edge.png,"tf.Tensor(4.263, shape=(), dtype=float32)",4.4346213,0.005221951752901077
/tmp/DataSetCombined/Edges/Round-6_0081784_edge.png,"tf.Tensor(2.495, shape=(), dtype=float32)",2.488915,0.005221951752901077
/tmp/DataSetCombined/Edges/Round-10_0169162_edge.png,"tf.Tensor(5.571, shape=(), dtype=float32)",5.5255575,0.005221951752901077
/tmp/DataSetCombined/Edges/Round-6_0095930_edge.png,"tf.Tensor(4.651, shape=(), dtype=float32)",4.894096,0.005221951752901077
/tmp/DataSetCombined/Edges/Round-8_0035211_edge.png,"tf.Tensor(5.225, shape=(), dtype=float32)",5.225904,0.005221951752901077
/tmp/DataSetCombined/Edges/Round-5_0097138_edge.png,"tf.Tensor(2.058, shape=(), dtype=float32)",1.9920286,0.005221951752901077
/tmp/DataSetCombined/Edges/Round-8_0005003_edge.png,"tf.Tensor(5.459, shape=(), dtype=float32)",5.5378184,0.005221951752901077
/tmp/DataSetCombined/Edges/Round-1_0005602_edge.png,"tf.Tensor(5.354, shape=(), dtype=float32)",5.393408,0.005221951752901077
/tmp/DataSetCombined/Edges/Round-1_0088226_edge.png,"tf.Tensor(1.944, shape=(), dtype=float32)",1.9211355,0.005221951752901077
/tmp/DataSetCombined/Edges/Round-8_0010782_edge.png,"tf.Tensor(5.569, shape=(), dtype=float32)",5.525171,0.005221951752901077
/tmp/DataSetCombined/Edges/Round-5_0040190_edge.png,"tf.Tensor(5.388, shape=(), dtype=float32)",5.3842044,0.005221951752901077
/tmp/DataSetCombined/Edges/Round-1_0012334_edge.png,"tf.Tensor(2.897, shape=(), dtype=float32)",3.035861,0.005221951752901077
/tmp/DataSetCombined/Edges/Round-8_0031731_edge.png,"tf.Tensor(1.774, shape=(), dtype=float32)",1.8254548,0.005221951752901077
/tmp/DataSetCombined/Edges/Round-2_0037800_edge.png,"tf.Tensor(5.535, shape=(), dtype=float32)",5.475459,0.005221951752901077
/tmp/DataSetCombined/Edges/Round-8_0001152_edge.png,"tf.Tensor(3.398, shape=(), dtype=float32)",3.5452156,0.005221951752901077
/tmp/DataSetCombined/Edges/Round-8_0042687_edge.png,"tf.Tensor(4.52, shape=(), dtype=float32)",4.764744,0.005221951752901077
/tmp/DataSetCombined/Edges/Round-10_0120762_edge.png,"tf.Tensor(5.443, shape=(), dtype=float32)",5.5352707,0.005221951752901077
/tmp/DataSetCombined/Edges/Round-3_0025225_edge.png,"tf.Tensor(5.434, shape=(), dtype=float32)",5.4705024,0.005221951752901077
/tmp/DataSetCombined/Edges/Round-8_0024116_edge.png,"tf.Tensor(5.441, shape=(), dtype=float32)",5.5706415,0.005221951752901077
/tmp/DataSetCombined/Edges/Round-1_0005272_edge.png,"tf.Tensor(5.042, shape=(), dtype=float32)",5.1912723,0.005221951752901077
/tmp/DataSetCombined/Edges/Round-7_0070196_edge.png,"tf.Tensor(2.572, shape=(), dtype=float32)",2.8066988,0.005221951752901077
/tmp/DataSetCombined/Edges/Round-4_0090483_edge.png,"tf.Tensor(1.994, shape=(), dtype=float32)",1.9603492,0.0055408962070941925
/tmp/DataSetCombined/Edges/Round-8_0004028_edge.png,"tf.Tensor(5.032, shape=(), dtype=float32)",5.174354,0.0055408962070941925
/tmp/DataSetCombined/Edges/Round-5_0037420_edge.png,"tf.Tensor(5.469, shape=(), dtype=float32)",5.5775204,0.0055408962070941925
/tmp/DataSetCombined/Edges/Round-3_0038680_edge.png,"tf.Tensor(4.954, shape=(), dtype=float32)",5.029183,0.0055408962070941925
/tmp/DataSetCombined/Edges/Round-3_0056951_edge.png,"tf.Tensor(5.559, shape=(), dtype=float32)",5.591845,0.0055408962070941925
/tmp/DataSetCombined/Edges/Round-8_0038251_edge.png,"tf.Tensor(4.955, shape=(), dtype=float32)",5.0527143,0.0055408962070941925
/tmp/DataSetCombined/Edges/Round-10_0019597_edge.png,"tf.Tensor(5.572, shape=(), dtype=float32)",5.5270915,0.0055408962070941925
/tmp/DataSetCombined/Edges/Round-5_0042387_edge.png,"tf.Tensor(5.43, shape=(), dtype=float32)",5.549715,0.0055408962070941925
/tmp/DataSetCombined/Edges/Round-10_0128498_edge.png,"tf.Tensor(5.232, shape=(), dtype=float32)",5.346475,0.0055408962070941925
/tmp/DataSetCombined/Edges/Round-5_0085618_edge.png,"tf.Tensor(3.506, shape=(), dtype=float32)",3.6535032,0.0055408962070941925
/tmp/DataSetCombined/Edges/Round-6_0060231_edge.png,"tf.Tensor(4.978, shape=(), dtype=float32)",5.076054,0.0055408962070941925
/tmp/DataSetCombined/Edges/Round-9_0062731_edge.png,"tf.Tensor(2.687, shape=(), dtype=float32)",2.7934008,0.0055408962070941925
/tmp/DataSetCombined/Edges/Round-9_0158689_edge.png,"tf.Tensor(2.523, shape=(), dtype=float32)",2.774744,0.0055408962070941925
/tmp/DataSetCombined/Edges/Round-7_0024776_edge.png,"tf.Tensor(2.404, shape=(), dtype=float32)",2.5572774,0.0055408962070941925
/tmp/DataSetCombined/Edges/Round-5_0096927_edge.png,"tf.Tensor(5.358, shape=(), dtype=float32)",5.5159154,0.0055408962070941925
/tmp/DataSetCombined/Edges/Round-5_0017555_edge.png,"tf.Tensor(2.497, shape=(), dtype=float32)",2.4826322,0.0055408962070941925
/tmp/DataSetCombined/Edges/Round-1_0013167_edge.png,"tf.Tensor(4.516, shape=(), dtype=float32)",4.6344805,0.0055408962070941925
/tmp/DataSetCombined/Edges/Round-8_0030678_edge.png,"tf.Tensor(3.252, shape=(), dtype=float32)",3.3561559,0.0055408962070941925
/tmp/DataSetCombined/Edges/Round-5_0020565_edge.png,"tf.Tensor(5.38, shape=(), dtype=float32)",5.5223975,0.0055408962070941925
/tmp/DataSetCombined/Edges/Round-10_0141592_edge.png,"tf.Tensor(5.568, shape=(), dtype=float32)",5.5243936,0.0055408962070941925
/tmp/DataSetCombined/Edges/Round-2_0088358_edge.png,"tf.Tensor(5.668, shape=(), dtype=float32)",5.642447,0.0055408962070941925
/tmp/DataSetCombined/Edges/Round-9_0154957_edge.png,"tf.Tensor(2.602, shape=(), dtype=float32)",2.7516665,0.0055408962070941925
/tmp/DataSetCombined/Edges/Round-9_0187586_edge.png,"tf.Tensor(5.295, shape=(), dtype=float32)",5.3702974,0.0055408962070941925
/tmp/DataSetCombined/Edges/Round-2_0043000_edge.png,"tf.Tensor(5.447, shape=(), dtype=float32)",5.5310106,0.0055408962070941925
/tmp/DataSetCombined/Edges/Round-3_0082987_edge.png,"tf.Tensor(4.616, shape=(), dtype=float32)",4.730228,0.0055408962070941925
/tmp/DataSetCombined/Edges/Round-9_0049728_edge.png,"tf.Tensor(5.036, shape=(), dtype=float32)",5.190084,0.0055408962070941925
/tmp/DataSetCombined/Edges/Round-9_0101078_edge.png,"tf.Tensor(4.363, shape=(), dtype=float32)",4.48962,0.0055408962070941925
/tmp/DataSetCombined/Edges/Round-10_0143818_edge.png,"tf.Tensor(5.132, shape=(), dtype=float32)",5.287109,0.0055408962070941925
/tmp/DataSetCombined/Edges/Round-8_0019902_edge.png,"tf.Tensor(5.204, shape=(), dtype=float32)",5.181701,0.0055408962070941925
/tmp/DataSetCombined/Edges/Round-4_0071430_edge.png,"tf.Tensor(2.938, shape=(), dtype=float32)",2.9294555,0.0055408962070941925
/tmp/DataSetCombined/Edges/Round-1_0161579_edge.png,"tf.Tensor(5.552, shape=(), dtype=float32)",5.586678,0.0055408962070941925
/tmp/DataSetCombined/Edges/Round-8_0052297_edge.png,"tf.Tensor(3.458, shape=(), dtype=float32)",3.6015508,0.0055408962070941925
/tmp/DataSetCombined/Edges/Round-5_0003122_edge.png,"tf.Tensor(5.152, shape=(), dtype=float32)",5.136954,0.0055408962070941925
/tmp/DataSetCombined/Edges/Round-3_0000567_edge.png,"tf.Tensor(2.156, shape=(), dtype=float32)",2.0519931,0.0055408962070941925
/tmp/DataSetCombined/Edges/Round-4_0046868_edge.png,"tf.Tensor(2.672, shape=(), dtype=float32)",2.7685633,0.0055408962070941925
/tmp/DataSetCombined/Edges/Round-1_0073869_edge.png,"tf.Tensor(5.445, shape=(), dtype=float32)",5.4320145,0.0055408962070941925
/tmp/DataSetCombined/Edges/Round-1_0018134_edge.png,"tf.Tensor(3.059, shape=(), dtype=float32)",3.1983316,0.0055408962070941925
/tmp/DataSetCombined/Edges/Round-10_0112304_edge.png,"tf.Tensor(5.05, shape=(), dtype=float32)",5.1912227,0.0055408962070941925
/tmp/DataSetCombined/Edges/Round-1_0051986_edge.png,"tf.Tensor(4.377, shape=(), dtype=float32)",4.5245275,0.0055408962070941925
/tmp/DataSetCombined/Edges/Round-7_0025317_edge.png,"tf.Tensor(5.182, shape=(), dtype=float32)",5.3217583,0.0055408962070941925
/tmp/DataSetCombined/Edges/Round-8_0072667_edge.png,"tf.Tensor(4.795, shape=(), dtype=float32)",4.99095,0.0055408962070941925
/tmp/DataSetCombined/Edges/Round-2_0077178_edge.png,"tf.Tensor(4.797, shape=(), dtype=float32)",4.949085,0.0055408962070941925
/tmp/DataSetCombined/Edges/Round-5_0105446_edge.png,"tf.Tensor(5.154, shape=(), dtype=float32)",5.1457157,0.0055408962070941925
/tmp/DataSetCombined/Edges/Round-1_0110590_edge.png,"tf.Tensor(5.079, shape=(), dtype=float32)",5.150679,0.0055408962070941925
/tmp/DataSetCombined/Edges/Round-10_0066613_edge.png,"tf.Tensor(5.571, shape=(), dtype=float32)",5.528575,0.0055408962070941925
/tmp/DataSetCombined/Edges/Round-10_0125127_edge.png,"tf.Tensor(2.483, shape=(), dtype=float32)",2.6491363,0.0055408962070941925
/tmp/DataSetCombined/Edges/Round-10_0076997_edge.png,"tf.Tensor(4.976, shape=(), dtype=float32)",5.0747304,0.0055408962070941925
/tmp/DataSetCombined/Edges/Round-7_0053039_edge.png,"tf.Tensor(2.444, shape=(), dtype=float32)",2.461334,0.0055408962070941925
/tmp/DataSetCombined/Edges/Round-2_0096906_edge.png,"tf.Tensor(4.289, shape=(), dtype=float32)",4.4649096,0.0055408962070941925
/tmp/DataSetCombined/Edges/Round-3_0043195_edge.png,"tf.Tensor(5.341, shape=(), dtype=float32)",5.347688,0.0055408962070941925
/tmp/DataSetCombined/Edges/Round-5_0043530_edge.png,"tf.Tensor(4.47, shape=(), dtype=float32)",4.578032,0.0055408962070941925
/tmp/DataSetCombined/Edges/Round-1_0092320_edge.png,"tf.Tensor(5.035, shape=(), dtype=float32)",5.1892834,0.0055408962070941925
/tmp/DataSetCombined/Edges/Round-7_0033986_edge.png,"tf.Tensor(5.126, shape=(), dtype=float32)",5.180166,0.0055408962070941925
/tmp/DataSetCombined/Edges/Round-4_0070165_edge.png,"tf.Tensor(2.698, shape=(), dtype=float32)",2.7478666,0.0055408962070941925
/tmp/DataSetCombined/Edges/Round-1_0082056_edge.png,"tf.Tensor(5.195, shape=(), dtype=float32)",5.1673055,0.0055408962070941925
/tmp/DataSetCombined/Edges/Round-7_0039856_edge.png,"tf.Tensor(2.439, shape=(), dtype=float32)",2.4896345,0.0055408962070941925
/tmp/DataSetCombined/Edges/Round-7_0045243_edge.png,"tf.Tensor(4.667, shape=(), dtype=float32)",4.7669106,0.0055408962070941925
/tmp/DataSetCombined/Edges/Round-8_0013702_edge.png,"tf.Tensor(4.549, shape=(), dtype=float32)",4.6702857,0.0055408962070941925
/tmp/DataSetCombined/Edges/Round-2_0087726_edge.png,"tf.Tensor(4.781, shape=(), dtype=float32)",4.9936075,0.0055408962070941925
/tmp/DataSetCombined/Edges/Round-6_0038138_edge.png,"tf.Tensor(2.007, shape=(), dtype=float32)",1.9287802,0.0055408962070941925
/tmp/DataSetCombined/Edges/Round-10_0073506_edge.png,"tf.Tensor(4.74, shape=(), dtype=float32)",4.947118,0.0055408962070941925
/tmp/DataSetCombined/Edges/Round-2_0088027_edge.png,"tf.Tensor(3.303, shape=(), dtype=float32)",3.3877165,0.0055408962070941925
/tmp/DataSetCombined/Edges/Round-9_0103373_edge.png,"tf.Tensor(1.753, shape=(), dtype=float32)",1.8548715,0.0055408962070941925
/tmp/DataSetCombined/Edges/Round-8_0012377_edge.png,"tf.Tensor(3.826, shape=(), dtype=float32)",4.04631,0.0055408962070941925
/tmp/DataSetCombined/Edges/Round-10_0189901_edge.png,"tf.Tensor(4.262, shape=(), dtype=float32)",4.4225483,0.005626149475574493
/tmp/DataSetCombined/Edges/Round-4_0052377_edge.png,"tf.Tensor(5.643, shape=(), dtype=float32)",5.5125685,0.005626149475574493
/tmp/DataSetCombined/Edges/Round-5_0011444_edge.png,"tf.Tensor(4.809, shape=(), dtype=float32)",5.0656323,0.005626149475574493
/tmp/DataSetCombined/Edges/Round-9_0088818_edge.png,"tf.Tensor(5.676, shape=(), dtype=float32)",5.645515,0.005626149475574493
/tmp/DataSetCombined/Edges/Round-1_0011300_edge.png,"tf.Tensor(5.444, shape=(), dtype=float32)",5.533031,0.005626149475574493
/tmp/DataSetCombined/Edges/Round-2_0053472_edge.png,"tf.Tensor(5.052, shape=(), dtype=float32)",5.1967707,0.005626149475574493
/tmp/DataSetCombined/Edges/Round-4_0068360_edge.png,"tf.Tensor(4.791, shape=(), dtype=float32)",4.9370084,0.005626149475574493
/tmp/DataSetCombined/Edges/Round-6_0023420_edge.png,"tf.Tensor(2.385, shape=(), dtype=float32)",2.5357835,0.005626149475574493
/tmp/DataSetCombined/Edges/Round-7_0077269_edge.png,"tf.Tensor(2.165, shape=(), dtype=float32)",2.0306182,0.005626149475574493
/tmp/DataSetCombined/Edges/Round-3_0065589_edge.png,"tf.Tensor(2.899, shape=(), dtype=float32)",3.0385456,0.005626149475574493
/tmp/DataSetCombined/Edges/Round-4_0061226_edge.png,"tf.Tensor(5.517, shape=(), dtype=float32)",5.5633893,0.005626149475574493
/tmp/DataSetCombined/Edges/Round-8_0026151_edge.png,"tf.Tensor(3.427, shape=(), dtype=float32)",3.6077526,0.005626149475574493
/tmp/DataSetCombined/Edges/Round-1_0053734_edge.png,"tf.Tensor(5.444, shape=(), dtype=float32)",5.5291395,0.005626149475574493
/tmp/DataSetCombined/Edges/Round-8_0020282_edge.png,"tf.Tensor(2.479, shape=(), dtype=float32)",2.475311,0.005626149475574493
/tmp/DataSetCombined/Edges/Round-4_0040096_edge.png,"tf.Tensor(5.68, shape=(), dtype=float32)",5.6465316,0.005626149475574493
/tmp/DataSetCombined/Edges/Round-1_0096926_edge.png,"tf.Tensor(1.934, shape=(), dtype=float32)",1.9831051,0.005626149475574493
/tmp/DataSetCombined/Edges/Round-5_0091058_edge.png,"tf.Tensor(2.932, shape=(), dtype=float32)",2.9373355,0.005626149475574493
/tmp/DataSetCombined/Edges/Round-1_0152880_edge.png,"tf.Tensor(3.521, shape=(), dtype=float32)",3.6359708,0.005626149475574493
/tmp/DataSetCombined/Edges/Round-6_0010447_edge.png,"tf.Tensor(3.857, shape=(), dtype=float32)",4.0600104,0.005626149475574493
/tmp/DataSetCombined/Edges/Round-3_0073716_edge.png,"tf.Tensor(4.691, shape=(), dtype=float32)",4.8270173,0.005626149475574493
/tmp/DataSetCombined/Edges/Round-9_0069925_edge.png,"tf.Tensor(3.347, shape=(), dtype=float32)",3.4599578,0.005626149475574493
/tmp/DataSetCombined/Edges/Round-8_0007621_edge.png,"tf.Tensor(1.719, shape=(), dtype=float32)",1.8538479,0.005626149475574493
/tmp/DataSetCombined/Edges/Round-10_0035791_edge.png,"tf.Tensor(3.319, shape=(), dtype=float32)",3.4907176,0.005626149475574493
/tmp/DataSetCombined/Edges/Round-8_0007712_edge.png,"tf.Tensor(5.153, shape=(), dtype=float32)",5.146567,0.005626149475574493
/tmp/DataSetCombined/Edges/Round-4_0008822_edge.png,"tf.Tensor(4.676, shape=(), dtype=float32)",4.908166,0.005626149475574493
/tmp/DataSetCombined/Edges/Round-10_0088887_edge.png,"tf.Tensor(2.783, shape=(), dtype=float32)",2.9658253,0.005626149475574493
/tmp/DataSetCombined/Edges/Round-10_0018634_edge.png,"tf.Tensor(4.988, shape=(), dtype=float32)",5.227229,0.005626149475574493
/tmp/DataSetCombined/Edges/Round-7_0037598_edge.png,"tf.Tensor(2.664, shape=(), dtype=float32)",2.878449,0.005626149475574493
/tmp/DataSetCombined/Edges/Round-3_0020892_edge.png,"tf.Tensor(1.672, shape=(), dtype=float32)",1.7384146,0.005626149475574493
/tmp/DataSetCombined/Edges/Round-9_0126784_edge.png,"tf.Tensor(5.213, shape=(), dtype=float32)",5.4164543,0.005626149475574493
/tmp/DataSetCombined/Edges/Round-1_0065967_edge.png,"tf.Tensor(5.572, shape=(), dtype=float32)",5.5262547,0.005626149475574493
/tmp/DataSetCombined/Edges/Round-7_0092801_edge.png,"tf.Tensor(2.401, shape=(), dtype=float32)",2.5453224,0.005626149475574493
/tmp/DataSetCombined/Edges/Round-7_0019629_edge.png,"tf.Tensor(4.788, shape=(), dtype=float32)",4.9913883,0.005626149475574493
/tmp/DataSetCombined/Edges/Round-8_0058189_edge.png,"tf.Tensor(2.784, shape=(), dtype=float32)",2.877952,0.005626149475574493
/tmp/DataSetCombined/Edges/Round-2_0072676_edge.png,"tf.Tensor(2.544, shape=(), dtype=float32)",2.5407972,0.005626149475574493
/tmp/DataSetCombined/Edges/Round-10_0082596_edge.png,"tf.Tensor(5.535, shape=(), dtype=float32)",5.564344,0.005626149475574493
/tmp/DataSetCombined/Edges/Round-3_0009423_edge.png,"tf.Tensor(5.318, shape=(), dtype=float32)",5.422331,0.005626149475574493
/tmp/DataSetCombined/Edges/Round-5_0043212_edge.png,"tf.Tensor(1.944, shape=(), dtype=float32)",2.020382,0.005626149475574493
/tmp/DataSetCombined/Edges/Round-10_0040788_edge.png,"tf.Tensor(4.77, shape=(), dtype=float32)",4.9076786,0.005626149475574493
/tmp/DataSetCombined/Edges/Round-10_0074108_edge.png,"tf.Tensor(5.138, shape=(), dtype=float32)",5.28565,0.005626149475574493
/tmp/DataSetCombined/Edges/Round-8_0005849_edge.png,"tf.Tensor(1.833, shape=(), dtype=float32)",1.8797458,0.005626149475574493
/tmp/DataSetCombined/Edges/Round-6_0056529_edge.png,"tf.Tensor(5.649, shape=(), dtype=float32)",5.520433,0.005626149475574493
/tmp/DataSetCombined/Edges/Round-8_0039726_edge.png,"tf.Tensor(2.848, shape=(), dtype=float32)",2.9145498,0.005626149475574493
/tmp/DataSetCombined/Edges/Round-9_0133164_edge.png,"tf.Tensor(4.787, shape=(), dtype=float32)",4.941638,0.005626149475574493
/tmp/DataSetCombined/Edges/Round-10_0028447_edge.png,"tf.Tensor(2.983, shape=(), dtype=float32)",2.9738011,0.005626149475574493
/tmp/DataSetCombined/Edges/Round-9_0109356_edge.png,"tf.Tensor(3.481, shape=(), dtype=float32)",3.6751735,0.005626149475574493
/tmp/DataSetCombined/Edges/Round-8_0004870_edge.png,"tf.Tensor(4.98, shape=(), dtype=float32)",5.0834837,0.005626149475574493
/tmp/DataSetCombined/Edges/Round-7_0060053_edge.png,"tf.Tensor(5.624, shape=(), dtype=float32)",5.521376,0.005626149475574493
/tmp/DataSetCombined/Edges/Round-9_0189511_edge.png,"tf.Tensor(3.493, shape=(), dtype=float32)",3.5786796,0.005626149475574493
/tmp/DataSetCombined/Edges/Round-9_0151706_edge.png,"tf.Tensor(1.937, shape=(), dtype=float32)",2.013468,0.005626149475574493
/tmp/DataSetCombined/Edges/Round-1_0146499_edge.png,"tf.Tensor(2.827, shape=(), dtype=float32)",3.019617,0.005626149475574493
/tmp/DataSetCombined/Edges/Round-3_0026767_edge.png,"tf.Tensor(3.354, shape=(), dtype=float32)",3.472892,0.005626149475574493
/tmp/DataSetCombined/Edges/Round-3_0041750_edge.png,"tf.Tensor(5.08, shape=(), dtype=float32)",5.182778,0.005626149475574493
/tmp/DataSetCombined/Edges/Round-6_0069081_edge.png,"tf.Tensor(5.153, shape=(), dtype=float32)",5.1275225,0.005626149475574493
/tmp/DataSetCombined/Edges/Round-1_0109176_edge.png,"tf.Tensor(5.15, shape=(), dtype=float32)",5.3151703,0.005626149475574493
/tmp/DataSetCombined/Edges/Round-4_0066252_edge.png,"tf.Tensor(4.265, shape=(), dtype=float32)",4.449015,0.005626149475574493
/tmp/DataSetCombined/Edges/Round-9_0154415_edge.png,"tf.Tensor(2.455, shape=(), dtype=float32)",2.4743683,0.005626149475574493
/tmp/DataSetCombined/Edges/Round-1_0159291_edge.png,"tf.Tensor(2.009, shape=(), dtype=float32)",2.0366006,0.005626149475574493
/tmp/DataSetCombined/Edges/Round-10_0010056_edge.png,"tf.Tensor(4.959, shape=(), dtype=float32)",5.0512624,0.005626149475574493
/tmp/DataSetCombined/Edges/Round-9_0082145_edge.png,"tf.Tensor(5.436, shape=(), dtype=float32)",5.4237056,0.005626149475574493
/tmp/DataSetCombined/Edges/Round-9_0004067_edge.png,"tf.Tensor(4.397, shape=(), dtype=float32)",4.547256,0.005626149475574493
/tmp/DataSetCombined/Edges/Round-9_0108693_edge.png,"tf.Tensor(2.833, shape=(), dtype=float32)",2.9157202,0.005626149475574493
/tmp/DataSetCombined/Edges/Round-10_0145926_edge.png,"tf.Tensor(2.559, shape=(), dtype=float32)",2.7002177,0.005626149475574493
/tmp/DataSetCombined/Edges/Round-9_0006987_edge.png,"tf.Tensor(4.724, shape=(), dtype=float32)",4.969401,0.005626149475574493
/tmp/DataSetCombined/Edges/Round-3_0027821_edge.png,"tf.Tensor(5.039, shape=(), dtype=float32)",5.1753693,0.005390685051679611
/tmp/DataSetCombined/Edges/Round-10_0006031_edge.png,"tf.Tensor(4.682, shape=(), dtype=float32)",4.8612857,0.005390685051679611
/tmp/DataSetCombined/Edges/Round-9_0003465_edge.png,"tf.Tensor(3.792, shape=(), dtype=float32)",4.0128903,0.005390685051679611
/tmp/DataSetCombined/Edges/Round-7_0005181_edge.png,"tf.Tensor(4.955, shape=(), dtype=float32)",5.0274253,0.005390685051679611
/tmp/DataSetCombined/Edges/Round-7_0038802_edge.png,"tf.Tensor(3.163, shape=(), dtype=float32)",3.2143123,0.005390685051679611
/tmp/DataSetCombined/Edges/Round-9_0159201_edge.png,"tf.Tensor(5.425, shape=(), dtype=float32)",5.4104667,0.005390685051679611
/tmp/DataSetCombined/Edges/Round-9_0043317_edge.png,"tf.Tensor(2.589, shape=(), dtype=float32)",2.7371337,0.005390685051679611
/tmp/DataSetCombined/Edges/Round-6_0073024_edge.png,"tf.Tensor(5.184, shape=(), dtype=float32)",5.1617165,0.005390685051679611
/tmp/DataSetCombined/Edges/Round-9_0106526_edge.png,"tf.Tensor(3.054, shape=(), dtype=float32)",3.0627882,0.005390685051679611
/tmp/DataSetCombined/Edges/Round-7_0026612_edge.png,"tf.Tensor(5.159, shape=(), dtype=float32)",5.212593,0.005390685051679611
/tmp/DataSetCombined/Edges/Round-10_0140688_edge.png,"tf.Tensor(3.848, shape=(), dtype=float32)",4.069368,0.005390685051679611
/tmp/DataSetCombined/Edges/Round-8_0058279_edge.png,"tf.Tensor(4.777, shape=(), dtype=float32)",4.9430037,0.005390685051679611
/tmp/DataSetCombined/Edges/Round-8_0072486_edge.png,"tf.Tensor(3.221, shape=(), dtype=float32)",3.2539167,0.005390685051679611
/tmp/DataSetCombined/Edges/Round-7_0057343_edge.png,"tf.Tensor(5.551, shape=(), dtype=float32)",5.5959353,0.005390685051679611
/tmp/DataSetCombined/Edges/Round-9_0145445_edge.png,"tf.Tensor(5.667, shape=(), dtype=float32)",5.515911,0.005390685051679611
/tmp/DataSetCombined/Edges/Round-10_0029982_edge.png,"tf.Tensor(3.12, shape=(), dtype=float32)",3.1730108,0.005390685051679611
/tmp/DataSetCombined/Edges/Round-1_0121095_edge.png,"tf.Tensor(5.367, shape=(), dtype=float32)",5.358864,0.005390685051679611
/tmp/DataSetCombined/Edges/Round-3_0039974_edge.png,"tf.Tensor(5.534, shape=(), dtype=float32)",5.5974174,0.005390685051679611
/tmp/DataSetCombined/Edges/Round-9_0151074_edge.png,"tf.Tensor(1.946, shape=(), dtype=float32)",1.8766521,0.005390685051679611
/tmp/DataSetCombined/Edges/Round-6_0130484_edge.png,"tf.Tensor(5.443, shape=(), dtype=float32)",5.4337473,0.005390685051679611
/tmp/DataSetCombined/Edges/Round-5_0030108_edge.png,"tf.Tensor(5.446, shape=(), dtype=float32)",5.53532,0.005390685051679611
/tmp/DataSetCombined/Edges/Round-5_0099035_edge.png,"tf.Tensor(5.56, shape=(), dtype=float32)",5.484718,0.005390685051679611
/tmp/DataSetCombined/Edges/Round-1_0154144_edge.png,"tf.Tensor(3.578, shape=(), dtype=float32)",3.8722944,0.005390685051679611
/tmp/DataSetCombined/Edges/Round-3_0039221_edge.png,"tf.Tensor(3.538, shape=(), dtype=float32)",3.7172291,0.005390685051679611
/tmp/DataSetCombined/Edges/Round-1_0002234_edge.png,"tf.Tensor(3.248, shape=(), dtype=float32)",3.2084167,0.005390685051679611
/tmp/DataSetCombined/Edges/Round-6_0052586_edge.png,"tf.Tensor(4.262, shape=(), dtype=float32)",4.44539,0.005390685051679611
/tmp/DataSetCombined/Edges/Round-6_0062399_edge.png,"tf.Tensor(2.617, shape=(), dtype=float32)",2.6288283,0.005390685051679611
/tmp/DataSetCombined/Edges/Round-5_0064600_edge.png,"tf.Tensor(5.56, shape=(), dtype=float32)",5.468503,0.005390685051679611
/tmp/DataSetCombined/Edges/Round-8_0020613_edge.png,"tf.Tensor(5.343, shape=(), dtype=float32)",5.3472605,0.005390685051679611
/tmp/DataSetCombined/Edges/Round-10_0157725_edge.png,"tf.Tensor(4.663, shape=(), dtype=float32)",4.769628,0.005390685051679611
/tmp/DataSetCombined/Edges/Round-9_0192973_edge.png,"tf.Tensor(1.986, shape=(), dtype=float32)",1.9462873,0.005390685051679611
/tmp/DataSetCombined/Edges/Round-7_0060835_edge.png,"tf.Tensor(1.535, shape=(), dtype=float32)",1.7004389,0.005390685051679611
/tmp/DataSetCombined/Edges/Round-8_0002173_edge.png,"tf.Tensor(4.635, shape=(), dtype=float32)",4.7439656,0.005390685051679611
/tmp/DataSetCombined/Edges/Round-7_0035401_edge.png,"tf.Tensor(4.292, shape=(), dtype=float32)",4.473569,0.005390685051679611
/tmp/DataSetCombined/Edges/Round-10_0195921_edge.png,"tf.Tensor(4.956, shape=(), dtype=float32)",5.043758,0.005390685051679611
/tmp/DataSetCombined/Edges/Round-6_0117090_edge.png,"tf.Tensor(3.114, shape=(), dtype=float32)",3.0226033,0.005390685051679611
/tmp/DataSetCombined/Edges/Round-6_0007678_edge.png,"tf.Tensor(2.329, shape=(), dtype=float32)",2.3048537,0.005390685051679611
/tmp/DataSetCombined/Edges/Round-9_0024475_edge.png,"tf.Tensor(3.61, shape=(), dtype=float32)",3.7699172,0.005390685051679611
/tmp/DataSetCombined/Edges/Round-3_0070284_edge.png,"tf.Tensor(4.372, shape=(), dtype=float32)",4.5351725,0.005390685051679611
/tmp/DataSetCombined/Edges/Round-4_0009575_edge.png,"tf.Tensor(2.035, shape=(), dtype=float32)",1.9677451,0.005390685051679611
/tmp/DataSetCombined/Edges/Round-10_0030192_edge.png,"tf.Tensor(5.575, shape=(), dtype=float32)",5.5308146,0.005390685051679611
/tmp/DataSetCombined/Edges/Round-9_0063755_edge.png,"tf.Tensor(3.268, shape=(), dtype=float32)",3.3915129,0.005390685051679611
/tmp/DataSetCombined/Edges/Round-10_0174520_edge.png,"tf.Tensor(2.526, shape=(), dtype=float32)",2.7552612,0.005390685051679611
/tmp/DataSetCombined/Edges/Round-1_0003301_edge.png,"tf.Tensor(2.785, shape=(), dtype=float32)",2.9523466,0.005390685051679611
/tmp/DataSetCombined/Edges/Round-1_0043000_edge.png,"tf.Tensor(3.631, shape=(), dtype=float32)",3.7622805,0.005390685051679611
/tmp/DataSetCombined/Edges/Round-5_0012679_edge.png,"tf.Tensor(2.569, shape=(), dtype=float32)",2.7166588,0.005390685051679611
/tmp/DataSetCombined/Edges/Round-9_0078353_edge.png,"tf.Tensor(3.124, shape=(), dtype=float32)",3.1694841,0.005390685051679611
/tmp/DataSetCombined/Edges/Round-3_0067786_edge.png,"tf.Tensor(4.225, shape=(), dtype=float32)",4.440119,0.005390685051679611
/tmp/DataSetCombined/Edges/Round-6_0011862_edge.png,"tf.Tensor(1.964, shape=(), dtype=float32)",1.966488,0.005390685051679611
/tmp/DataSetCombined/Edges/Round-6_0133795_edge.png,"tf.Tensor(2.211, shape=(), dtype=float32)",2.15588,0.005390685051679611
/tmp/DataSetCombined/Edges/Round-2_0065151_edge.png,"tf.Tensor(5.079, shape=(), dtype=float32)",5.1845336,0.005390685051679611
/tmp/DataSetCombined/Edges/Round-7_0088587_edge.png,"tf.Tensor(3.244, shape=(), dtype=float32)",3.320623,0.005390685051679611
/tmp/DataSetCombined/Edges/Round-10_0183912_edge.png,"tf.Tensor(5.519, shape=(), dtype=float32)",5.5522704,0.005390685051679611
/tmp/DataSetCombined/Edges/Round-10_0030781_edge.png,"tf.Tensor(3.376, shape=(), dtype=float32)",3.479933,0.005390685051679611
/tmp/DataSetCombined/Edges/Round-5_0053072_edge.png,"tf.Tensor(1.834, shape=(), dtype=float32)",1.8808347,0.005390685051679611
/tmp/DataSetCombined/Edges/Round-5_0069567_edge.png,"tf.Tensor(4.809, shape=(), dtype=float32)",5.04192,0.005390685051679611
/tmp/DataSetCombined/Edges/Round-8_0068451_edge.png,"tf.Tensor(5.446, shape=(), dtype=float32)",5.4517503,0.005390685051679611
/tmp/DataSetCombined/Edges/Round-8_0018144_edge.png,"tf.Tensor(4.321, shape=(), dtype=float32)",4.4946237,0.005390685051679611
/tmp/DataSetCombined/Edges/Round-7_0005060_edge.png,"tf.Tensor(4.407, shape=(), dtype=float32)",4.50734,0.005390685051679611
/tmp/DataSetCombined/Edges/Round-1_0125128_edge.png,"tf.Tensor(2.468, shape=(), dtype=float32)",2.6391537,0.005390685051679611
/tmp/DataSetCombined/Edges/Round-6_0130725_edge.png,"tf.Tensor(5.637, shape=(), dtype=float32)",5.5456686,0.005390685051679611
/tmp/DataSetCombined/Edges/Round-6_0080639_edge.png,"tf.Tensor(3.027, shape=(), dtype=float32)",3.0941105,0.005390685051679611
/tmp/DataSetCombined/Edges/Round-9_0019900_edge.png,"tf.Tensor(5.551, shape=(), dtype=float32)",5.4818897,0.005390685051679611
/tmp/DataSetCombined/Edges/Round-5_0066798_edge.png,"tf.Tensor(5.572, shape=(), dtype=float32)",5.526833,0.005390685051679611
/tmp/DataSetCombined/Edges/Round-1_0114082_edge.png,"tf.Tensor(4.746, shape=(), dtype=float32)",4.881245,0.005384668707847595
/tmp/DataSetCombined/Edges/Round-1_0126513_edge.png,"tf.Tensor(5.665, shape=(), dtype=float32)",5.6388545,0.005384668707847595
/tmp/DataSetCombined/Edges/Round-8_0044331_edge.png,"tf.Tensor(5.574, shape=(), dtype=float32)",5.526673,0.005384668707847595
/tmp/DataSetCombined/Edges/Round-1_0122750_edge.png,"tf.Tensor(2.404, shape=(), dtype=float32)",2.3865921,0.005384668707847595
/tmp/DataSetCombined/Edges/Round-10_0111642_edge.png,"tf.Tensor(1.829, shape=(), dtype=float32)",1.8747011,0.005384668707847595
/tmp/DataSetCombined/Edges/Round-3_0049576_edge.png,"tf.Tensor(2.518, shape=(), dtype=float32)",2.657646,0.005384668707847595
/tmp/DataSetCombined/Edges/Round-10_0109692_edge.png,"tf.Tensor(5.518, shape=(), dtype=float32)",5.5688133,0.005384668707847595
/tmp/DataSetCombined/Edges/Round-7_0105774_edge.png,"tf.Tensor(5.606, shape=(), dtype=float32)",5.6191955,0.005384668707847595
/tmp/DataSetCombined/Edges/Round-8_0077712_edge.png,"tf.Tensor(3.357, shape=(), dtype=float32)",3.677025,0.005384668707847595
/tmp/DataSetCombined/Edges/Round-6_0088736_edge.png,"tf.Tensor(3.143, shape=(), dtype=float32)",3.232369,0.005384668707847595
/tmp/DataSetCombined/Edges/Round-6_0017911_edge.png,"tf.Tensor(4.261, shape=(), dtype=float32)",4.4344,0.005384668707847595
/tmp/DataSetCombined/Edges/Round-9_0075494_edge.png,"tf.Tensor(5.156, shape=(), dtype=float32)",5.140799,0.005384668707847595
/tmp/DataSetCombined/Edges/Round-9_0145205_edge.png,"tf.Tensor(4.262, shape=(), dtype=float32)",4.4343348,0.005384668707847595
/tmp/DataSetCombined/Edges/Round-1_0142917_edge.png,"tf.Tensor(3.076, shape=(), dtype=float32)",3.1179843,0.005384668707847595
/tmp/DataSetCombined/Edges/Round-7_0034859_edge.png,"tf.Tensor(3.747, shape=(), dtype=float32)",3.9634845,0.005384668707847595
/tmp/DataSetCombined/Edges/Round-10_0191467_edge.png,"tf.Tensor(3.457, shape=(), dtype=float32)",3.6730182,0.005384668707847595
/tmp/DataSetCombined/Edges/Round-10_0037055_edge.png,"tf.Tensor(5.595, shape=(), dtype=float32)",5.51404,0.005384668707847595
/tmp/DataSetCombined/Edges/Round-6_0051683_edge.png,"tf.Tensor(5.036, shape=(), dtype=float32)",5.1801114,0.005384668707847595
/tmp/DataSetCombined/Edges/Round-6_0122357_edge.png,"tf.Tensor(5.369, shape=(), dtype=float32)",5.4463634,0.005384668707847595
/tmp/DataSetCombined/Edges/Round-5_0029756_edge.png,"tf.Tensor(3.092, shape=(), dtype=float32)",3.0184898,0.005384668707847595
/tmp/DataSetCombined/Edges/Round-10_0015625_edge.png,"tf.Tensor(5.044, shape=(), dtype=float32)",5.20291,0.005384668707847595
/tmp/DataSetCombined/Edges/Round-10_0070917_edge.png,"tf.Tensor(5.407, shape=(), dtype=float32)",5.4386225,0.005384668707847595
/tmp/DataSetCombined/Edges/Round-3_0027467_edge.png,"tf.Tensor(3.208, shape=(), dtype=float32)",3.3513324,0.005384668707847595
/tmp/DataSetCombined/Edges/Round-10_0051271_edge.png,"tf.Tensor(3.906, shape=(), dtype=float32)",4.113728,0.005384668707847595
/tmp/DataSetCombined/Edges/Round-4_0084824_edge.png,"tf.Tensor(4.659, shape=(), dtype=float32)",4.7490964,0.005384668707847595
/tmp/DataSetCombined/Edges/Round-7_0078293_edge.png,"tf.Tensor(5.519, shape=(), dtype=float32)",5.561636,0.005384668707847595
/tmp/DataSetCombined/Edges/Round-4_0012466_edge.png,"tf.Tensor(1.945, shape=(), dtype=float32)",2.0184824,0.005384668707847595
/tmp/DataSetCombined/Edges/Round-9_0187435_edge.png,"tf.Tensor(5.329, shape=(), dtype=float32)",5.4732237,0.005384668707847595
/tmp/DataSetCombined/Edges/Round-9_0036996_edge.png,"tf.Tensor(5.554, shape=(), dtype=float32)",5.58636,0.005384668707847595
/tmp/DataSetCombined/Edges/Round-10_0137055_edge.png,"tf.Tensor(3.535, shape=(), dtype=float32)",3.6518745,0.005384668707847595
/tmp/DataSetCombined/Edges/Round-5_0070048_edge.png,"tf.Tensor(4.554, shape=(), dtype=float32)",4.656354,0.005384668707847595
/tmp/DataSetCombined/Edges/Round-10_0159350_edge.png,"tf.Tensor(2.45, shape=(), dtype=float32)",2.6172006,0.005384668707847595
/tmp/DataSetCombined/Edges/Round-6_0109565_edge.png,"tf.Tensor(4.965, shape=(), dtype=float32)",5.0565567,0.005384668707847595
/tmp/DataSetCombined/Edges/Round-9_0102071_edge.png,"tf.Tensor(2.18, shape=(), dtype=float32)",2.2392077,0.005384668707847595
/tmp/DataSetCombined/Edges/Round-8_0032622_edge.png,"tf.Tensor(5.005, shape=(), dtype=float32)",5.1597524,0.005384668707847595
/tmp/DataSetCombined/Edges/Round-9_0049307_edge.png,"tf.Tensor(5.197, shape=(), dtype=float32)",5.2114334,0.005384668707847595
/tmp/DataSetCombined/Edges/Round-9_0127325_edge.png,"tf.Tensor(2.698, shape=(), dtype=float32)",2.8239868,0.005384668707847595
/tmp/DataSetCombined/Edges/Round-9_0075855_edge.png,"tf.Tensor(5.168, shape=(), dtype=float32)",5.155373,0.005384668707847595
/tmp/DataSetCombined/Edges/Round-6_0087261_edge.png,"tf.Tensor(5.035, shape=(), dtype=float32)",5.1996784,0.005384668707847595
/tmp/DataSetCombined/Edges/Round-1_0077151_edge.png,"tf.Tensor(4.268, shape=(), dtype=float32)",4.440991,0.005384668707847595
/tmp/DataSetCombined/Edges/Round-1_0087985_edge.png,"tf.Tensor(2.75, shape=(), dtype=float32)",2.774362,0.005384668707847595
/tmp/DataSetCombined/Edges/Round-9_0083921_edge.png,"tf.Tensor(3.778, shape=(), dtype=float32)",3.9516628,0.005384668707847595
/tmp/DataSetCombined/Edges/Round-2_0099856_edge.png,"tf.Tensor(5.025, shape=(), dtype=float32)",5.1672077,0.005384668707847595
/tmp/DataSetCombined/Edges/Round-7_0009064_edge.png,"tf.Tensor(2.441, shape=(), dtype=float32)",2.5919163,0.005384668707847595
/tmp/DataSetCombined/Edges/Round-6_0052797_edge.png,"tf.Tensor(5.448, shape=(), dtype=float32)",5.43732,0.005384668707847595
/tmp/DataSetCombined/Edges/Round-6_0015172_edge.png,"tf.Tensor(5.355, shape=(), dtype=float32)",5.401914,0.005384668707847595
/tmp/DataSetCombined/Edges/Round-1_0033836_edge.png,"tf.Tensor(5.546, shape=(), dtype=float32)",5.5925803,0.005384668707847595
/tmp/DataSetCombined/Edges/Round-3_0022246_edge.png,"tf.Tensor(5.475, shape=(), dtype=float32)",5.5726323,0.005384668707847595
/tmp/DataSetCombined/Edges/Round-3_0033582_edge.png,"tf.Tensor(5.228, shape=(), dtype=float32)",5.3379683,0.005384668707847595
/tmp/DataSetCombined/Edges/Round-10_0095810_edge.png,"tf.Tensor(4.963, shape=(), dtype=float32)",5.054167,0.005384668707847595
/tmp/DataSetCombined/Edges/Round-8_0034380_edge.png,"tf.Tensor(5.517, shape=(), dtype=float32)",5.564295,0.005384668707847595
/tmp/DataSetCombined/Edges/Round-10_0153781_edge.png,"tf.Tensor(5.518, shape=(), dtype=float32)",5.553226,0.005384668707847595
/tmp/DataSetCombined/Edges/Round-5_0024207_edge.png,"tf.Tensor(5.518, shape=(), dtype=float32)",5.5568395,0.005384668707847595
/tmp/DataSetCombined/Edges/Round-6_0109534_edge.png,"tf.Tensor(5.638, shape=(), dtype=float32)",5.632385,0.005384668707847595
/tmp/DataSetCombined/Edges/Round-1_0059401_edge.png,"tf.Tensor(2.444, shape=(), dtype=float32)",2.6267743,0.005384668707847595
/tmp/DataSetCombined/Edges/Round-7_0045905_edge.png,"tf.Tensor(2.623, shape=(), dtype=float32)",2.8587873,0.005384668707847595
/tmp/DataSetCombined/Edges/Round-3_0021312_edge.png,"tf.Tensor(2.629, shape=(), dtype=float32)",2.8846157,0.005384668707847595
/tmp/DataSetCombined/Edges/Round-1_0060201_edge.png,"tf.Tensor(2.839, shape=(), dtype=float32)",3.0068843,0.005384668707847595
/tmp/DataSetCombined/Edges/Round-10_0014150_edge.png,"tf.Tensor(3.517, shape=(), dtype=float32)",3.616082,0.005384668707847595
/tmp/DataSetCombined/Edges/Round-8_0046017_edge.png,"tf.Tensor(5.655, shape=(), dtype=float32)",5.536848,0.005384668707847595
/tmp/DataSetCombined/Edges/Round-7_0061588_edge.png,"tf.Tensor(2.609, shape=(), dtype=float32)",2.7504954,0.005384668707847595
/tmp/DataSetCombined/Edges/Round-7_0005091_edge.png,"tf.Tensor(4.532, shape=(), dtype=float32)",4.659777,0.005384668707847595
/tmp/DataSetCombined/Edges/Round-10_0157544_edge.png,"tf.Tensor(5.629, shape=(), dtype=float32)",5.623714,0.005384668707847595
/tmp/DataSetCombined/Edges/Round-8_0048311_edge.png,"tf.Tensor(5.447, shape=(), dtype=float32)",5.536176,0.005384668707847595
/tmp/DataSetCombined/Edges/Round-2_0004600_edge.png,"tf.Tensor(2.032, shape=(), dtype=float32)",2.0377014,0.005069706588983536
/tmp/DataSetCombined/Edges/Round-3_0035267_edge.png,"tf.Tensor(3.494, shape=(), dtype=float32)",3.6775265,0.005069706588983536
/tmp/DataSetCombined/Edges/Round-8_0057274_edge.png,"tf.Tensor(2.619, shape=(), dtype=float32)",2.6732123,0.005069706588983536
/tmp/DataSetCombined/Edges/Round-9_0112035_edge.png,"tf.Tensor(1.898, shape=(), dtype=float32)",1.9648514,0.005069706588983536
/tmp/DataSetCombined/Edges/Round-10_0093161_edge.png,"tf.Tensor(5.561, shape=(), dtype=float32)",5.4735503,0.005069706588983536
/tmp/DataSetCombined/Edges/Round-1_0025367_edge.png,"tf.Tensor(5.675, shape=(), dtype=float32)",5.6433372,0.005069706588983536
/tmp/DataSetCombined/Edges/Round-5_0050845_edge.png,"tf.Tensor(5.443, shape=(), dtype=float32)",5.4321723,0.005069706588983536
/tmp/DataSetCombined/Edges/Round-2_0061389_edge.png,"tf.Tensor(5.033, shape=(), dtype=float32)",5.176803,0.005069706588983536
/tmp/DataSetCombined/Edges/Round-9_0175906_edge.png,"tf.Tensor(5.568, shape=(), dtype=float32)",5.4805264,0.005069706588983536
/tmp/DataSetCombined/Edges/Round-10_0004394_edge.png,"tf.Tensor(5.561, shape=(), dtype=float32)",5.4723945,0.005069706588983536
/tmp/DataSetCombined/Edges/Round-5_0029444_edge.png,"tf.Tensor(5.472, shape=(), dtype=float32)",5.5388246,0.005069706588983536
/tmp/DataSetCombined/Edges/Round-6_0019688_edge.png,"tf.Tensor(2.748, shape=(), dtype=float32)",2.8236983,0.005069706588983536
/tmp/DataSetCombined/Edges/Round-10_0173467_edge.png,"tf.Tensor(3.542, shape=(), dtype=float32)",3.7231846,0.005069706588983536
/tmp/DataSetCombined/Edges/Round-5_0046480_edge.png,"tf.Tensor(3.568, shape=(), dtype=float32)",3.7307277,0.005069706588983536
/tmp/DataSetCombined/Edges/Round-9_0052377_edge.png,"tf.Tensor(2.963, shape=(), dtype=float32)",3.060607,0.005069706588983536
/tmp/DataSetCombined/Edges/Round-3_0078291_edge.png,"tf.Tensor(3.021, shape=(), dtype=float32)",3.0038776,0.005069706588983536
/tmp/DataSetCombined/Edges/Round-5_0051087_edge.png,"tf.Tensor(1.999, shape=(), dtype=float32)",2.0422754,0.005069706588983536
/tmp/DataSetCombined/Edges/Round-8_0077411_edge.png,"tf.Tensor(5.081, shape=(), dtype=float32)",5.194877,0.005069706588983536
/tmp/DataSetCombined/Edges/Round-2_0093535_edge.png,"tf.Tensor(2.568, shape=(), dtype=float32)",2.6202798,0.005069706588983536
/tmp/DataSetCombined/Edges/Round-6_0018423_edge.png,"tf.Tensor(2.689, shape=(), dtype=float32)",2.769729,0.005069706588983536
/tmp/DataSetCombined/Edges/Round-7_0043197_edge.png,"tf.Tensor(5.234, shape=(), dtype=float32)",5.429428,0.005069706588983536
/tmp/DataSetCombined/Edges/Round-10_0023510_edge.png,"tf.Tensor(5.121, shape=(), dtype=float32)",5.3548446,0.005069706588983536
/tmp/DataSetCombined/Edges/Round-1_0043367_edge.png,"tf.Tensor(4.896, shape=(), dtype=float32)",5.1539288,0.005069706588983536
/tmp/DataSetCombined/Edges/Round-6_0105953_edge.png,"tf.Tensor(5.573, shape=(), dtype=float32)",5.529272,0.005069706588983536
/tmp/DataSetCombined/Edges/Round-10_0073175_edge.png,"tf.Tensor(5.562, shape=(), dtype=float32)",5.4794116,0.005069706588983536
/tmp/DataSetCombined/Edges/Round-9_0053702_edge.png,"tf.Tensor(3.325, shape=(), dtype=float32)",3.491967,0.005069706588983536
/tmp/DataSetCombined/Edges/Round-4_0091115_edge.png,"tf.Tensor(1.92, shape=(), dtype=float32)",1.9316341,0.005069706588983536
/tmp/DataSetCombined/Edges/Round-8_0010499_edge.png,"tf.Tensor(5.602, shape=(), dtype=float32)",5.6150765,0.005069706588983536
/tmp/DataSetCombined/Edges/Round-4_0056199_edge.png,"tf.Tensor(2.073, shape=(), dtype=float32)",1.9892584,0.005069706588983536
/tmp/DataSetCombined/Edges/Round-6_0014540_edge.png,"tf.Tensor(4.391, shape=(), dtype=float32)",4.529389,0.005069706588983536
/tmp/DataSetCombined/Edges/Round-10_0155046_edge.png,"tf.Tensor(5.624, shape=(), dtype=float32)",5.519387,0.005069706588983536
/tmp/DataSetCombined/Edges/Round-1_0078775_edge.png,"tf.Tensor(5.341, shape=(), dtype=float32)",5.3532724,0.005069706588983536
/tmp/DataSetCombined/Edges/Round-5_0038444_edge.png,"tf.Tensor(3.292, shape=(), dtype=float32)",3.4481568,0.005069706588983536
/tmp/DataSetCombined/Edges/Round-2_0106719_edge.png,"tf.Tensor(3.5, shape=(), dtype=float32)",3.6525028,0.005069706588983536
/tmp/DataSetCombined/Edges/Round-4_0050841_edge.png,"tf.Tensor(4.596, shape=(), dtype=float32)",4.7398896,0.005069706588983536
/tmp/DataSetCombined/Edges/Round-8_0063607_edge.png,"tf.Tensor(5.562, shape=(), dtype=float32)",5.476376,0.005069706588983536
/tmp/DataSetCombined/Edges/Round-7_0067547_edge.png,"tf.Tensor(5.032, shape=(), dtype=float32)",5.1657248,0.005069706588983536
/tmp/DataSetCombined/Edges/Round-10_0064687_edge.png,"tf.Tensor(5.078, shape=(), dtype=float32)",5.1667237,0.005069706588983536
/tmp/DataSetCombined/Edges/Round-8_0046529_edge.png,"tf.Tensor(2.584, shape=(), dtype=float32)",2.7174282,0.005069706588983536
/tmp/DataSetCombined/Edges/Round-3_0049335_edge.png,"tf.Tensor(3.297, shape=(), dtype=float32)",3.3804858,0.005069706588983536
/tmp/DataSetCombined/Edges/Round-10_0194145_edge.png,"tf.Tensor(4.51, shape=(), dtype=float32)",4.7296104,0.005069706588983536
/tmp/DataSetCombined/Edges/Round-3_0048974_edge.png,"tf.Tensor(5.396, shape=(), dtype=float32)",5.3785605,0.005069706588983536
/tmp/DataSetCombined/Edges/Round-7_0136596_edge.png,"tf.Tensor(3.327, shape=(), dtype=float32)",3.4597356,0.005069706588983536
/tmp/DataSetCombined/Edges/Round-8_0010451_edge.png,"tf.Tensor(5.023, shape=(), dtype=float32)",5.1035905,0.005069706588983536
/tmp/DataSetCombined/Edges/Round-1_0126092_edge.png,"tf.Tensor(5.449, shape=(), dtype=float32)",5.5352707,0.005069706588983536
/tmp/DataSetCombined/Edges/Round-10_0033534_edge.png,"tf.Tensor(4.763, shape=(), dtype=float32)",4.8968096,0.005069706588983536
/tmp/DataSetCombined/Edges/Round-10_0141290_edge.png,"tf.Tensor(3.321, shape=(), dtype=float32)",3.4361174,0.005069706588983536
/tmp/DataSetCombined/Edges/Round-2_0092782_edge.png,"tf.Tensor(5.242, shape=(), dtype=float32)",5.3658795,0.005069706588983536
/tmp/DataSetCombined/Edges/Round-10_0197787_edge.png,"tf.Tensor(3.675, shape=(), dtype=float32)",3.8857546,0.005069706588983536
/tmp/DataSetCombined/Edges/Round-6_0108331_edge.png,"tf.Tensor(4.923, shape=(), dtype=float32)",5.0591364,0.005069706588983536
/tmp/DataSetCombined/Edges/Round-7_0069564_edge.png,"tf.Tensor(1.821, shape=(), dtype=float32)",1.8701357,0.005069706588983536
/tmp/DataSetCombined/Edges/Round-3_0033051_edge.png,"tf.Tensor(5.678, shape=(), dtype=float32)",5.6432753,0.005069706588983536
/tmp/DataSetCombined/Edges/Round-7_0096671_edge.png,"tf.Tensor(4.697, shape=(), dtype=float32)",4.925221,0.005069706588983536
/tmp/DataSetCombined/Edges/Round-10_0082054_edge.png,"tf.Tensor(2.533, shape=(), dtype=float32)",2.7449524,0.005069706588983536
/tmp/DataSetCombined/Edges/Round-6_0044941_edge.png,"tf.Tensor(4.297, shape=(), dtype=float32)",4.4904957,0.005069706588983536
/tmp/DataSetCombined/Edges/Round-1_0085527_edge.png,"tf.Tensor(2.757, shape=(), dtype=float32)",2.812775,0.005069706588983536
/tmp/DataSetCombined/Edges/Round-10_0053429_edge.png,"tf.Tensor(2.825, shape=(), dtype=float32)",2.9778712,0.005069706588983536
/tmp/DataSetCombined/Edges/Round-7_0038290_edge.png,"tf.Tensor(2.906, shape=(), dtype=float32)",2.9435709,0.005069706588983536
/tmp/DataSetCombined/Edges/Round-6_0122477_edge.png,"tf.Tensor(5.577, shape=(), dtype=float32)",5.5216174,0.005069706588983536
/tmp/DataSetCombined/Edges/Round-3_0080909_edge.png,"tf.Tensor(5.036, shape=(), dtype=float32)",5.19755,0.005069706588983536
/tmp/DataSetCombined/Edges/Round-8_0010180_edge.png,"tf.Tensor(2.479, shape=(), dtype=float32)",2.616255,0.005069706588983536
/tmp/DataSetCombined/Edges/Round-5_0023394_edge.png,"tf.Tensor(5.557, shape=(), dtype=float32)",5.58802,0.005069706588983536
/tmp/DataSetCombined/Edges/Round-8_0027325_edge.png,"tf.Tensor(4.73, shape=(), dtype=float32)",4.937696,0.005069706588983536
/tmp/DataSetCombined/Edges/Round-7_0059390_edge.png,"tf.Tensor(4.82, shape=(), dtype=float32)",5.0766697,0.005069706588983536
/tmp/DataSetCombined/Edges/Round-5_0121881_edge.png,"tf.Tensor(5.141, shape=(), dtype=float32)",5.2864413,0.005945321172475815
/tmp/DataSetCombined/Edges/Round-1_0107671_edge.png,"tf.Tensor(4.43, shape=(), dtype=float32)",4.5551624,0.005945321172475815
/tmp/DataSetCombined/Edges/Round-2_0071541_edge.png,"tf.Tensor(5.535, shape=(), dtype=float32)",5.600721,0.005945321172475815
/tmp/DataSetCombined/Edges/Round-6_0047830_edge.png,"tf.Tensor(5.062, shape=(), dtype=float32)",5.226843,0.005945321172475815
/tmp/DataSetCombined/Edges/Round-1_0130215_edge.png,"tf.Tensor(5.688, shape=(), dtype=float32)",5.538131,0.005945321172475815
/tmp/DataSetCombined/Edges/Round-8_0078554_edge.png,"tf.Tensor(3.621, shape=(), dtype=float32)",3.8181305,0.005945321172475815
/tmp/DataSetCombined/Edges/Round-2_0060600_edge.png,"tf.Tensor(3.771, shape=(), dtype=float32)",4.0006356,0.005945321172475815
/tmp/DataSetCombined/Edges/Round-1_0006300_edge.png,"tf.Tensor(2.482, shape=(), dtype=float32)",2.4990609,0.005945321172475815
/tmp/DataSetCombined/Edges/Round-4_0005542_edge.png,"tf.Tensor(5.607, shape=(), dtype=float32)",5.6198144,0.005945321172475815
/tmp/DataSetCombined/Edges/Round-9_0049186_edge.png,"tf.Tensor(2.458, shape=(), dtype=float32)",2.636628,0.005945321172475815
/tmp/DataSetCombined/Edges/Round-9_0012555_edge.png,"tf.Tensor(5.56, shape=(), dtype=float32)",5.476763,0.005945321172475815
/tmp/DataSetCombined/Edges/Round-9_0009064_edge.png,"tf.Tensor(2.461, shape=(), dtype=float32)",2.595782,0.005945321172475815
/tmp/DataSetCombined/Edges/Round-8_0070680_edge.png,"tf.Tensor(4.751, shape=(), dtype=float32)",4.882082,0.005945321172475815
/tmp/DataSetCombined/Edges/Round-9_0017793_edge.png,"tf.Tensor(5.225, shape=(), dtype=float32)",5.227826,0.005945321172475815
/tmp/DataSetCombined/Edges/Round-6_0035610_edge.png,"tf.Tensor(3.309, shape=(), dtype=float32)",3.261358,0.005945321172475815
/tmp/DataSetCombined/Edges/Round-8_0053433_edge.png,"tf.Tensor(5.342, shape=(), dtype=float32)",5.3383718,0.005945321172475815
/tmp/DataSetCombined/Edges/Round-10_0106555_edge.png,"tf.Tensor(4.589, shape=(), dtype=float32)",4.8297796,0.005945321172475815
/tmp/DataSetCombined/Edges/Round-7_0053190_edge.png,"tf.Tensor(1.85, shape=(), dtype=float32)",1.8809822,0.005945321172475815
/tmp/DataSetCombined/Edges/Round-5_0033628_edge.png,"tf.Tensor(5.019, shape=(), dtype=float32)",5.1109176,0.005945321172475815
/tmp/DataSetCombined/Edges/Round-7_0062882_edge.png,"tf.Tensor(4.956, shape=(), dtype=float32)",5.040107,0.005945321172475815
/tmp/DataSetCombined/Edges/Round-1_0102824_edge.png,"tf.Tensor(4.643, shape=(), dtype=float32)",4.8878336,0.005945321172475815
/tmp/DataSetCombined/Edges/Round-1_0003634_edge.png,"tf.Tensor(4.799, shape=(), dtype=float32)",5.036207,0.005945321172475815
/tmp/DataSetCombined/Edges/Round-1_0016201_edge.png,"tf.Tensor(5.032, shape=(), dtype=float32)",5.1872673,0.005945321172475815
/tmp/DataSetCombined/Edges/Round-5_0116853_edge.png,"tf.Tensor(2.861, shape=(), dtype=float32)",2.9424727,0.005945321172475815
/tmp/DataSetCombined/Edges/Round-5_0044253_edge.png,"tf.Tensor(5.443, shape=(), dtype=float32)",5.5377097,0.005945321172475815
/tmp/DataSetCombined/Edges/Round-1_0024800_edge.png,"tf.Tensor(5.444, shape=(), dtype=float32)",5.5345736,0.005945321172475815
/tmp/DataSetCombined/Edges/Round-10_0140779_edge.png,"tf.Tensor(5.517, shape=(), dtype=float32)",5.5590796,0.005945321172475815
/tmp/DataSetCombined/Edges/Round-1_0071734_edge.png,"tf.Tensor(5.342, shape=(), dtype=float32)",5.339688,0.005945321172475815
/tmp/DataSetCombined/Edges/Round-10_0169554_edge.png,"tf.Tensor(5.415, shape=(), dtype=float32)",5.413444,0.005945321172475815
/tmp/DataSetCombined/Edges/Round-6_0105441_edge.png,"tf.Tensor(2.661, shape=(), dtype=float32)",2.7623084,0.005945321172475815
/tmp/DataSetCombined/Edges/Round-7_0071490_edge.png,"tf.Tensor(5.679, shape=(), dtype=float32)",5.649197,0.005945321172475815
/tmp/DataSetCombined/Edges/Round-9_0088455_edge.png,"tf.Tensor(2.783, shape=(), dtype=float32)",2.9640734,0.005945321172475815
/tmp/DataSetCombined/Edges/Round-3_0088976_edge.png,"tf.Tensor(3.221, shape=(), dtype=float32)",3.3621876,0.005945321172475815
/tmp/DataSetCombined/Edges/Round-10_0097164_edge.png,"tf.Tensor(5.608, shape=(), dtype=float32)",5.6169972,0.005945321172475815
/tmp/DataSetCombined/Edges/Round-2_0084967_edge.png,"tf.Tensor(5.565, shape=(), dtype=float32)",5.476376,0.005945321172475815
/tmp/DataSetCombined/Edges/Round-8_0059032_edge.png,"tf.Tensor(1.955, shape=(), dtype=float32)",1.9329371,0.005945321172475815
/tmp/DataSetCombined/Edges/Round-2_0061719_edge.png,"tf.Tensor(1.607, shape=(), dtype=float32)",1.734824,0.005945321172475815
/tmp/DataSetCombined/Edges/Round-7_0057494_edge.png,"tf.Tensor(5.198, shape=(), dtype=float32)",5.2174125,0.005945321172475815
/tmp/DataSetCombined/Edges/Round-5_0045428_edge.png,"tf.Tensor(3.136, shape=(), dtype=float32)",3.1905248,0.005945321172475815
/tmp/DataSetCombined/Edges/Round-6_0117180_edge.png,"tf.Tensor(1.983, shape=(), dtype=float32)",2.001443,0.005945321172475815
/tmp/DataSetCombined/Edges/Round-9_0048645_edge.png,"tf.Tensor(2.579, shape=(), dtype=float32)",2.8202205,0.005945321172475815
/tmp/DataSetCombined/Edges/Round-8_0074070_edge.png,"tf.Tensor(5.064, shape=(), dtype=float32)",5.208545,0.005945321172475815
/tmp/DataSetCombined/Edges/Round-5_0066828_edge.png,"tf.Tensor(1.76, shape=(), dtype=float32)",1.8618606,0.005945321172475815
/tmp/DataSetCombined/Edges/Round-3_0020590_edge.png,"tf.Tensor(5.561, shape=(), dtype=float32)",5.479362,0.005945321172475815
/tmp/DataSetCombined/Edges/Round-9_0084885_edge.png,"tf.Tensor(5.517, shape=(), dtype=float32)",5.559497,0.005945321172475815
/tmp/DataSetCombined/Edges/Round-5_0060567_edge.png,"tf.Tensor(2.241, shape=(), dtype=float32)",2.3609364,0.005945321172475815
/tmp/DataSetCombined/Edges/Round-8_0019439_edge.png,"tf.Tensor(3.109, shape=(), dtype=float32)",3.0315988,0.005945321172475815
/tmp/DataSetCombined/Edges/Round-2_0066536_edge.png,"tf.Tensor(5.332, shape=(), dtype=float32)",5.419212,0.005945321172475815
/tmp/DataSetCombined/Edges/Round-5_0004091_edge.png,"tf.Tensor(1.714, shape=(), dtype=float32)",1.7835269,0.005945321172475815
/tmp/DataSetCombined/Edges/Round-7_0135784_edge.png,"tf.Tensor(2.341, shape=(), dtype=float32)",2.2551494,0.005945321172475815
/tmp/DataSetCombined/Edges/Round-4_0080580_edge.png,"tf.Tensor(4.4, shape=(), dtype=float32)",4.544501,0.005945321172475815
/tmp/DataSetCombined/Edges/Round-5_0099636_edge.png,"tf.Tensor(5.673, shape=(), dtype=float32)",5.644518,0.005945321172475815
/tmp/DataSetCombined/Edges/Round-5_0063921_edge.png,"tf.Tensor(5.341, shape=(), dtype=float32)",5.3488936,0.005945321172475815
/tmp/DataSetCombined/Edges/Round-5_0075165_edge.png,"tf.Tensor(2.474, shape=(), dtype=float32)",2.478902,0.005945321172475815
/tmp/DataSetCombined/Edges/Round-5_0103038_edge.png,"tf.Tensor(4.876, shape=(), dtype=float32)",5.0090113,0.005945321172475815
/tmp/DataSetCombined/Edges/Round-6_0101378_edge.png,"tf.Tensor(4.797, shape=(), dtype=float32)",4.9511766,0.005945321172475815
/tmp/DataSetCombined/Edges/Round-3_0059431_edge.png,"tf.Tensor(4.043, shape=(), dtype=float32)",4.15819,0.005945321172475815
/tmp/DataSetCombined/Edges/Round-8_0041393_edge.png,"tf.Tensor(4.967, shape=(), dtype=float32)",5.0490294,0.005945321172475815
/tmp/DataSetCombined/Edges/Round-9_0044280_edge.png,"tf.Tensor(5.222, shape=(), dtype=float32)",5.199366,0.005945321172475815
/tmp/DataSetCombined/Edges/Round-8_0010391_edge.png,"tf.Tensor(5.675, shape=(), dtype=float32)",5.5145497,0.005945321172475815
/tmp/DataSetCombined/Edges/Round-9_0140201_edge.png,"tf.Tensor(4.264, shape=(), dtype=float32)",4.4255896,0.005945321172475815
/tmp/DataSetCombined/Edges/Round-6_0116307_edge.png,"tf.Tensor(4.958, shape=(), dtype=float32)",5.0502105,0.005945321172475815
/tmp/DataSetCombined/Edges/Round-8_0053764_edge.png,"tf.Tensor(4.122, shape=(), dtype=float32)",4.340526,0.005945321172475815
/tmp/DataSetCombined/Edges/Round-7_0137589_edge.png,"tf.Tensor(5.643, shape=(), dtype=float32)",5.541887,0.005945321172475815
/tmp/DataSetCombined/Edges/Round-8_0013509_edge.png,"tf.Tensor(2.125, shape=(), dtype=float32)",2.0192585,0.005417473614215851
/tmp/DataSetCombined/Edges/Round-7_0094667_edge.png,"tf.Tensor(1.978, shape=(), dtype=float32)",1.9708782,0.005417473614215851
/tmp/DataSetCombined/Edges/Round-4_0054062_edge.png,"tf.Tensor(5.456, shape=(), dtype=float32)",5.416828,0.005417473614215851
/tmp/DataSetCombined/Edges/Round-10_0110649_edge.png,"tf.Tensor(5.148, shape=(), dtype=float32)",5.3067327,0.005417473614215851
/tmp/DataSetCombined/Edges/Round-7_0068149_edge.png,"tf.Tensor(5.592, shape=(), dtype=float32)",5.511113,0.005417473614215851
/tmp/DataSetCombined/Edges/Round-9_0181027_edge.png,"tf.Tensor(2.434, shape=(), dtype=float32)",2.3991752,0.005417473614215851
/tmp/DataSetCombined/Edges/Round-8_0066497_edge.png,"tf.Tensor(2.45, shape=(), dtype=float32)",2.6346343,0.005417473614215851
/tmp/DataSetCombined/Edges/Round-6_0078893_edge.png,"tf.Tensor(1.778, shape=(), dtype=float32)",1.8447942,0.005417473614215851
/tmp/DataSetCombined/Edges/Round-9_0049969_edge.png,"tf.Tensor(5.428, shape=(), dtype=float32)",5.4377556,0.005417473614215851
/tmp/DataSetCombined/Edges/Round-1_0111072_edge.png,"tf.Tensor(2.724, shape=(), dtype=float32)",2.7817562,0.005417473614215851
/tmp/DataSetCombined/Edges/Round-2_0064338_edge.png,"tf.Tensor(5.59, shape=(), dtype=float32)",5.48845,0.005417473614215851
/tmp/DataSetCombined/Edges/Round-8_0025068_edge.png,"tf.Tensor(3.716, shape=(), dtype=float32)",3.8614821,0.005417473614215851
/tmp/DataSetCombined/Edges/Round-8_0027246_edge.png,"tf.Tensor(3.516, shape=(), dtype=float32)",3.6965158,0.005417473614215851
/tmp/DataSetCombined/Edges/Round-10_0132832_edge.png,"tf.Tensor(3.703, shape=(), dtype=float32)",3.923527,0.005417473614215851
/tmp/DataSetCombined/Edges/Round-4_0040397_edge.png,"tf.Tensor(3.003, shape=(), dtype=float32)",3.0952067,0.005417473614215851
/tmp/DataSetCombined/Edges/Round-8_0000364_edge.png,"tf.Tensor(2.85, shape=(), dtype=float32)",3.0052316,0.005417473614215851
/tmp/DataSetCombined/Edges/Round-10_0037357_edge.png,"tf.Tensor(3.29, shape=(), dtype=float32)",3.3839061,0.005417473614215851
/tmp/DataSetCombined/Edges/Round-5_0051959_edge.png,"tf.Tensor(2.507, shape=(), dtype=float32)",2.7407014,0.005417473614215851
/tmp/DataSetCombined/Edges/Round-6_0032450_edge.png,"tf.Tensor(3.619, shape=(), dtype=float32)",3.7976868,0.005417473614215851
/tmp/DataSetCombined/Edges/Round-9_0155890_edge.png,"tf.Tensor(3.115, shape=(), dtype=float32)",3.1732006,0.005417473614215851
/tmp/DataSetCombined/Edges/Round-8_0062692_edge.png,"tf.Tensor(3.592, shape=(), dtype=float32)",3.7195442,0.005417473614215851
/tmp/DataSetCombined/Edges/Round-9_0150743_edge.png,"tf.Tensor(5.561, shape=(), dtype=float32)",5.474774,0.005417473614215851
/tmp/DataSetCombined/Edges/Round-8_0022840_edge.png,"tf.Tensor(2.078, shape=(), dtype=float32)",2.1190078,0.005417473614215851
/tmp/DataSetCombined/Edges/Round-7_0104630_edge.png,"tf.Tensor(2.255, shape=(), dtype=float32)",2.3653324,0.005417473614215851
/tmp/DataSetCombined/Edges/Round-7_0089039_edge.png,"tf.Tensor(4.972, shape=(), dtype=float32)",5.051117,0.005417473614215851
/tmp/DataSetCombined/Edges/Round-1_0131118_edge.png,"tf.Tensor(3.947, shape=(), dtype=float32)",4.015688,0.005417473614215851
/tmp/DataSetCombined/Edges/Round-1_0147191_edge.png,"tf.Tensor(5.342, shape=(), dtype=float32)",5.349977,0.005417473614215851
/tmp/DataSetCombined/Edges/Round-4_0003585_edge.png,"tf.Tensor(3.134, shape=(), dtype=float32)",3.1892884,0.005417473614215851
/tmp/DataSetCombined/Edges/Round-10_0106314_edge.png,"tf.Tensor(5.026, shape=(), dtype=float32)",5.261797,0.005417473614215851
/tmp/DataSetCombined/Edges/Round-7_0033625_edge.png,"tf.Tensor(4.467, shape=(), dtype=float32)",4.597423,0.005417473614215851
/tmp/DataSetCombined/Edges/Round-5_0112579_edge.png,"tf.Tensor(5.098, shape=(), dtype=float32)",5.241096,0.005417473614215851
/tmp/DataSetCombined/Edges/Round-3_0036667_edge.png,"tf.Tensor(2.957, shape=(), dtype=float32)",2.9761333,0.005417473614215851
/tmp/DataSetCombined/Edges/Round-7_0063243_edge.png,"tf.Tensor(2.847, shape=(), dtype=float32)",3.0099447,0.005417473614215851
/tmp/DataSetCombined/Edges/Round-8_0004551_edge.png,"tf.Tensor(4.959, shape=(), dtype=float32)",5.039537,0.005417473614215851
/tmp/DataSetCombined/Edges/Round-9_0101741_edge.png,"tf.Tensor(5.692, shape=(), dtype=float32)",5.526433,0.005417473614215851
/tmp/DataSetCombined/Edges/Round-4_0049096_edge.png,"tf.Tensor(5.554, shape=(), dtype=float32)",5.5959845,0.005417473614215851
/tmp/DataSetCombined/Edges/Round-5_0055420_edge.png,"tf.Tensor(2.196, shape=(), dtype=float32)",2.242696,0.005417473614215851
/tmp/DataSetCombined/Edges/Round-6_0128578_edge.png,"tf.Tensor(5.216, shape=(), dtype=float32)",5.232092,0.005417473614215851
/tmp/DataSetCombined/Edges/Round-5_0000485_edge.png,"tf.Tensor(5.694, shape=(), dtype=float32)",5.5359325,0.005417473614215851
/tmp/DataSetCombined/Edges/Round-10_0030945_edge.png,"tf.Tensor(4.684, shape=(), dtype=float32)",4.7924433,0.005417473614215851
/tmp/DataSetCombined/Edges/Round-10_0055602_edge.png,"tf.Tensor(5.05, shape=(), dtype=float32)",5.202751,0.005417473614215851
/tmp/DataSetCombined/Edges/Round-2_0075200_edge.png,"tf.Tensor(2.22, shape=(), dtype=float32)",2.3290644,0.005417473614215851
/tmp/DataSetCombined/Edges/Round-7_0083410_edge.png,"tf.Tensor(2.364, shape=(), dtype=float32)",2.3515217,0.005417473614215851
/tmp/DataSetCombined/Edges/Round-6_0082114_edge.png,"tf.Tensor(2.574, shape=(), dtype=float32)",2.8088484,0.005417473614215851
/tmp/DataSetCombined/Edges/Round-1_0166394_edge.png,"tf.Tensor(5.663, shape=(), dtype=float32)",5.540243,0.005417473614215851
/tmp/DataSetCombined/Edges/Round-6_0132140_edge.png,"tf.Tensor(3.1, shape=(), dtype=float32)",3.0141118,0.005417473614215851
/tmp/DataSetCombined/Edges/Round-1_0168170_edge.png,"tf.Tensor(5.581, shape=(), dtype=float32)",5.5294733,0.005417473614215851
/tmp/DataSetCombined/Edges/Round-1_0022900_edge.png,"tf.Tensor(5.588, shape=(), dtype=float32)",5.5385513,0.005417473614215851
/tmp/DataSetCombined/Edges/Round-5_0053915_edge.png,"tf.Tensor(4.965, shape=(), dtype=float32)",5.053839,0.005417473614215851
/tmp/DataSetCombined/Edges/Round-2_0075300_edge.png,"tf.Tensor(4.054, shape=(), dtype=float32)",4.23388,0.005417473614215851
/tmp/DataSetCombined/Edges/Round-10_0196583_edge.png,"tf.Tensor(4.424, shape=(), dtype=float32)",4.559916,0.005417473614215851
/tmp/DataSetCombined/Edges/Round-10_0165190_edge.png,"tf.Tensor(5.444, shape=(), dtype=float32)",5.5279756,0.005417473614215851
/tmp/DataSetCombined/Edges/Round-2_0075776_edge.png,"tf.Tensor(4.387, shape=(), dtype=float32)",4.5382295,0.005417473614215851
/tmp/DataSetCombined/Edges/Round-6_0032570_edge.png,"tf.Tensor(4.551, shape=(), dtype=float32)",4.703451,0.005417473614215851
/tmp/DataSetCombined/Edges/Round-3_0011470_edge.png,"tf.Tensor(1.851, shape=(), dtype=float32)",1.9289904,0.005417473614215851
/tmp/DataSetCombined/Edges/Round-5_0015207_edge.png,"tf.Tensor(5.035, shape=(), dtype=float32)",5.185141,0.005417473614215851
/tmp/DataSetCombined/Edges/Round-3_0062730_edge.png,"tf.Tensor(5.208, shape=(), dtype=float32)",5.227572,0.005417473614215851
/tmp/DataSetCombined/Edges/Round-8_0047823_edge.png,"tf.Tensor(3.206, shape=(), dtype=float32)",3.2589147,0.005417473614215851
/tmp/DataSetCombined/Edges/Round-10_0154113_edge.png,"tf.Tensor(2.396, shape=(), dtype=float32)",2.5648985,0.005417473614215851
/tmp/DataSetCombined/Edges/Round-1_0156612_edge.png,"tf.Tensor(5.155, shape=(), dtype=float32)",5.1463485,0.005417473614215851
/tmp/DataSetCombined/Edges/Round-3_0044489_edge.png,"tf.Tensor(3.338, shape=(), dtype=float32)",3.4181297,0.005417473614215851
/tmp/DataSetCombined/Edges/Round-10_0044791_edge.png,"tf.Tensor(5.559, shape=(), dtype=float32)",5.476425,0.005417473614215851
/tmp/DataSetCombined/Edges/Round-6_0020169_edge.png,"tf.Tensor(2.043, shape=(), dtype=float32)",2.1001654,0.005417473614215851
/tmp/DataSetCombined/Edges/Round-5_0061711_edge.png,"tf.Tensor(4.566, shape=(), dtype=float32)",4.7676964,0.005417473614215851
/tmp/DataSetCombined/Edges/Round-7_0065440_edge.png,"tf.Tensor(4.334, shape=(), dtype=float32)",4.514178,0.005226321518421173
/tmp/DataSetCombined/Edges/Round-7_0014542_edge.png,"tf.Tensor(5.571, shape=(), dtype=float32)",5.52737,0.005226321518421173
/tmp/DataSetCombined/Edges/Round-6_0074439_edge.png,"tf.Tensor(4.207, shape=(), dtype=float32)",4.4194727,0.005226321518421173
/tmp/DataSetCombined/Edges/Round-4_0083590_edge.png,"tf.Tensor(5.572, shape=(), dtype=float32)",5.519505,0.005226321518421173
/tmp/DataSetCombined/Edges/Round-6_0087381_edge.png,"tf.Tensor(2.514, shape=(), dtype=float32)",2.746364,0.005226321518421173
/tmp/DataSetCombined/Edges/Round-3_0055174_edge.png,"tf.Tensor(3.169, shape=(), dtype=float32)",3.243891,0.005226321518421173
/tmp/DataSetCombined/Edges/Round-5_0070801_edge.png,"tf.Tensor(3.097, shape=(), dtype=float32)",3.024103,0.005226321518421173
/tmp/DataSetCombined/Edges/Round-9_0065049_edge.png,"tf.Tensor(5.189, shape=(), dtype=float32)",5.1961355,0.005226321518421173
/tmp/DataSetCombined/Edges/Round-1_0056301_edge.png,"tf.Tensor(5.079, shape=(), dtype=float32)",5.1699824,0.005226321518421173
/tmp/DataSetCombined/Edges/Round-1_0145566_edge.png,"tf.Tensor(5.35, shape=(), dtype=float32)",5.3568945,0.005226321518421173
/tmp/DataSetCombined/Edges/Round-5_0024508_edge.png,"tf.Tensor(1.814, shape=(), dtype=float32)",1.9119302,0.005226321518421173
/tmp/DataSetCombined/Edges/Round-1_0111734_edge.png,"tf.Tensor(4.779, shape=(), dtype=float32)",4.9322863,0.005226321518421173
/tmp/DataSetCombined/Edges/Round-5_0073690_edge.png,"tf.Tensor(3.428, shape=(), dtype=float32)",3.4161792,0.005226321518421173
/tmp/DataSetCombined/Edges/Round-1_0038400_edge.png,"tf.Tensor(5.079, shape=(), dtype=float32)",5.1704464,0.005226321518421173
/tmp/DataSetCombined/Edges/Round-10_0072850_edge.png,"tf.Tensor(4.235, shape=(), dtype=float32)",4.4577475,0.005226321518421173
/tmp/DataSetCombined/Edges/Round-10_0107519_edge.png,"tf.Tensor(1.717, shape=(), dtype=float32)",1.8370632,0.005226321518421173
/tmp/DataSetCombined/Edges/Round-9_0053431_edge.png,"tf.Tensor(2.058, shape=(), dtype=float32)",1.9868722,0.005226321518421173
/tmp/DataSetCombined/Edges/Round-3_0009967_edge.png,"tf.Tensor(5.667, shape=(), dtype=float32)",5.537963,0.005226321518421173
/tmp/DataSetCombined/Edges/Round-8_0072907_edge.png,"tf.Tensor(5.1, shape=(), dtype=float32)",5.241522,0.005226321518421173
/tmp/DataSetCombined/Edges/Round-10_0042473_edge.png,"tf.Tensor(2.461, shape=(), dtype=float32)",2.619069,0.005226321518421173
/tmp/DataSetCombined/Edges/Round-8_0009927_edge.png,"tf.Tensor(1.479, shape=(), dtype=float32)",1.657197,0.005226321518421173
/tmp/DataSetCombined/Edges/Round-7_0052919_edge.png,"tf.Tensor(5.49, shape=(), dtype=float32)",5.457535,0.005226321518421173
/tmp/DataSetCombined/Edges/Round-9_0106496_edge.png,"tf.Tensor(3.057, shape=(), dtype=float32)",3.0363257,0.005226321518421173
/tmp/DataSetCombined/Edges/Round-8_0060055_edge.png,"tf.Tensor(1.986, shape=(), dtype=float32)",2.0386646,0.005226321518421173
/tmp/DataSetCombined/Edges/Round-1_0032134_edge.png,"tf.Tensor(3.455, shape=(), dtype=float32)",3.5407875,0.005226321518421173
/tmp/DataSetCombined/Edges/Round-5_0109088_edge.png,"tf.Tensor(4.543, shape=(), dtype=float32)",4.746918,0.005226321518421173
/tmp/DataSetCombined/Edges/Round-6_0010928_edge.png,"tf.Tensor(5.518, shape=(), dtype=float32)",5.551943,0.005226321518421173
/tmp/DataSetCombined/Edges/Round-8_0013148_edge.png,"tf.Tensor(2.071, shape=(), dtype=float32)",1.989171,0.005226321518421173
/tmp/DataSetCombined/Edges/Round-9_0156160_edge.png,"tf.Tensor(2.286, shape=(), dtype=float32)",2.3909025,0.005226321518421173
/tmp/DataSetCombined/Edges/Round-3_0016677_edge.png,"tf.Tensor(5.397, shape=(), dtype=float32)",5.3901663,0.005226321518421173
/tmp/DataSetCombined/Edges/Round-2_0085589_edge.png,"tf.Tensor(3.635, shape=(), dtype=float32)",3.7994049,0.005226321518421173
/tmp/DataSetCombined/Edges/Round-10_0107489_edge.png,"tf.Tensor(5.218, shape=(), dtype=float32)",5.194782,0.005226321518421173
/tmp/DataSetCombined/Edges/Round-8_0060025_edge.png,"tf.Tensor(3.146, shape=(), dtype=float32)",3.2611208,0.005226321518421173
/tmp/DataSetCombined/Edges/Round-4_0059540_edge.png,"tf.Tensor(3.325, shape=(), dtype=float32)",3.4630933,0.005226321518421173
/tmp/DataSetCombined/Edges/Round-3_0084852_edge.png,"tf.Tensor(4.032, shape=(), dtype=float32)",4.1621485,0.005226321518421173
/tmp/DataSetCombined/Edges/Round-5_0044524_edge.png,"tf.Tensor(5.606, shape=(), dtype=float32)",5.509065,0.005226321518421173
/tmp/DataSetCombined/Edges/Round-10_0169680_edge.png,"tf.Tensor(4.265, shape=(), dtype=float32)",4.446808,0.005226321518421173
/tmp/DataSetCombined/Edges/Round-7_0029562_edge.png,"tf.Tensor(5.565, shape=(), dtype=float32)",5.4695687,0.005226321518421173
/tmp/DataSetCombined/Edges/Round-1_0032867_edge.png,"tf.Tensor(2.267, shape=(), dtype=float32)",2.377501,0.005226321518421173
/tmp/DataSetCombined/Edges/Round-4_0087383_edge.png,"tf.Tensor(5.571, shape=(), dtype=float32)",5.5208297,0.005226321518421173
/tmp/DataSetCombined/Edges/Round-5_0022612_edge.png,"tf.Tensor(5.565, shape=(), dtype=float32)",5.474564,0.005226321518421173
/tmp/DataSetCombined/Edges/Round-1_0004730_edge.png,"tf.Tensor(4.508, shape=(), dtype=float32)",4.6076264,0.005226321518421173
/tmp/DataSetCombined/Edges/Round-8_0023773_edge.png,"tf.Tensor(2.233, shape=(), dtype=float32)",2.3301008,0.005226321518421173
/tmp/DataSetCombined/Edges/Round-4_0038811_edge.png,"tf.Tensor(5.577, shape=(), dtype=float32)",5.4761667,0.005226321518421173
/tmp/DataSetCombined/Edges/Round-10_0127685_edge.png,"tf.Tensor(4.482, shape=(), dtype=float32)",4.600932,0.005226321518421173
/tmp/DataSetCombined/Edges/Round-9_0140990_edge.png,"tf.Tensor(5.623, shape=(), dtype=float32)",5.618161,0.005226321518421173
/tmp/DataSetCombined/Edges/Round-10_0199563_edge.png,"tf.Tensor(5.562, shape=(), dtype=float32)",5.4788747,0.005226321518421173
/tmp/DataSetCombined/Edges/Round-6_0021042_edge.png,"tf.Tensor(2.471, shape=(), dtype=float32)",2.61207,0.005226321518421173
/tmp/DataSetCombined/Edges/Round-10_0139213_edge.png,"tf.Tensor(3.527, shape=(), dtype=float32)",3.6780949,0.005226321518421173
/tmp/DataSetCombined/Edges/Round-6_0028446_edge.png,"tf.Tensor(3.47, shape=(), dtype=float32)",3.6520598,0.005226321518421173
/tmp/DataSetCombined/Edges/Round-10_0147430_edge.png,"tf.Tensor(1.997, shape=(), dtype=float32)",2.0506482,0.005226321518421173
/tmp/DataSetCombined/Edges/Round-7_0001779_edge.png,"tf.Tensor(5.081, shape=(), dtype=float32)",5.162361,0.005226321518421173
/tmp/DataSetCombined/Edges/Round-4_0052045_edge.png,"tf.Tensor(4.485, shape=(), dtype=float32)",4.602739,0.005226321518421173
/tmp/DataSetCombined/Edges/Round-10_0014812_edge.png,"tf.Tensor(5.153, shape=(), dtype=float32)",5.134623,0.005226321518421173
/tmp/DataSetCombined/Edges/Round-1_0167541_edge.png,"tf.Tensor(5.139, shape=(), dtype=float32)",5.2850666,0.005226321518421173
/tmp/DataSetCombined/Edges/Round-6_0117902_edge.png,"tf.Tensor(5.693, shape=(), dtype=float32)",5.537434,0.005226321518421173
/tmp/DataSetCombined/Edges/Round-8_0000808_edge.png,"tf.Tensor(2.336, shape=(), dtype=float32)",2.5059896,0.005226321518421173
/tmp/DataSetCombined/Edges/Round-5_0072248_edge.png,"tf.Tensor(3.496, shape=(), dtype=float32)",3.6145062,0.005226321518421173
/tmp/DataSetCombined/Edges/Round-6_0026520_edge.png,"tf.Tensor(5.608, shape=(), dtype=float32)",5.6132827,0.005226321518421173
/tmp/DataSetCombined/Edges/Round-10_0102973_edge.png,"tf.Tensor(5.657, shape=(), dtype=float32)",5.6479435,0.005226321518421173
/tmp/DataSetCombined/Edges/Round-6_0027731_edge.png,"tf.Tensor(3.14, shape=(), dtype=float32)",3.1773334,0.005226321518421173
/tmp/DataSetCombined/Edges/Round-8_0023924_edge.png,"tf.Tensor(5.686, shape=(), dtype=float32)",5.536588,0.005226321518421173
/tmp/DataSetCombined/Edges/Round-10_0039433_edge.png,"tf.Tensor(2.053, shape=(), dtype=float32)",2.1673067,0.005226321518421173
/tmp/DataSetCombined/Edges/Round-2_0109548_edge.png,"tf.Tensor(3.682, shape=(), dtype=float32)",3.7737868,0.005226321518421173
/tmp/DataSetCombined/Edges/Round-1_0061801_edge.png,"tf.Tensor(4.505, shape=(), dtype=float32)",4.7435107,0.0055505819618701935
/tmp/DataSetCombined/Edges/Round-10_0042503_edge.png,"tf.Tensor(2.616, shape=(), dtype=float32)",2.7418854,0.0055505819618701935
/tmp/DataSetCombined/Edges/Round-10_0069774_edge.png,"tf.Tensor(2.604, shape=(), dtype=float32)",2.6391845,0.0055505819618701935
/tmp/DataSetCombined/Edges/Round-8_0032831_edge.png,"tf.Tensor(5.343, shape=(), dtype=float32)",5.5038075,0.0055505819618701935
/tmp/DataSetCombined/Edges/Round-8_0053042_edge.png,"tf.Tensor(5.509, shape=(), dtype=float32)",5.5631294,0.0055505819618701935
/tmp/DataSetCombined/Edges/Round-2_0112167_edge.png,"tf.Tensor(2.132, shape=(), dtype=float32)",2.1996987,0.0055505819618701935
/tmp/DataSetCombined/Edges/Round-3_0031434_edge.png,"tf.Tensor(5.155, shape=(), dtype=float32)",5.150354,0.0055505819618701935
/tmp/DataSetCombined/Edges/Round-6_0108632_edge.png,"tf.Tensor(5.575, shape=(), dtype=float32)",5.476376,0.0055505819618701935
/tmp/DataSetCombined/Edges/Round-10_0095569_edge.png,"tf.Tensor(4.957, shape=(), dtype=float32)",5.0508447,0.0055505819618701935
/tmp/DataSetCombined/Edges/Round-4_0017732_edge.png,"tf.Tensor(5.031, shape=(), dtype=float32)",5.1695476,0.0055505819618701935
/tmp/DataSetCombined/Edges/Round-4_0087743_edge.png,"tf.Tensor(2.787, shape=(), dtype=float32)",2.8734913,0.0055505819618701935
/tmp/DataSetCombined/Edges/Round-9_0111282_edge.png,"tf.Tensor(2.628, shape=(), dtype=float32)",2.6643047,0.0055505819618701935
/tmp/DataSetCombined/Edges/Round-6_0107638_edge.png,"tf.Tensor(4.357, shape=(), dtype=float32)",4.4976177,0.0055505819618701935
/tmp/DataSetCombined/Edges/Round-8_0053873_edge.png,"tf.Tensor(2.061, shape=(), dtype=float32)",2.0871127,0.0055505819618701935
/tmp/DataSetCombined/Edges/Round-2_0071382_edge.png,"tf.Tensor(5.037, shape=(), dtype=float32)",5.1919007,0.0055505819618701935
/tmp/DataSetCombined/Edges/Round-5_0046932_edge.png,"tf.Tensor(5.563, shape=(), dtype=float32)",5.479202,0.0055505819618701935
/tmp/DataSetCombined/Edges/Round-4_0068329_edge.png,"tf.Tensor(2.751, shape=(), dtype=float32)",2.8056383,0.0055505819618701935
/tmp/DataSetCombined/Edges/Round-10_0148604_edge.png,"tf.Tensor(2.913, shape=(), dtype=float32)",2.926632,0.0055505819618701935
/tmp/DataSetCombined/Edges/Round-5_0095543_edge.png,"tf.Tensor(1.558, shape=(), dtype=float32)",1.721429,0.0055505819618701935
/tmp/DataSetCombined/Edges/Round-9_0097255_edge.png,"tf.Tensor(5.498, shape=(), dtype=float32)",5.472613,0.0055505819618701935
/tmp/DataSetCombined/Edges/Round-7_0017762_edge.png,"tf.Tensor(4.797, shape=(), dtype=float32)",4.965203,0.0055505819618701935
/tmp/DataSetCombined/Edges/Round-2_0080381_edge.png,"tf.Tensor(4.953, shape=(), dtype=float32)",5.027298,0.0055505819618701935
/tmp/DataSetCombined/Edges/Round-5_0090577_edge.png,"tf.Tensor(2.638, shape=(), dtype=float32)",2.852344,0.0055505819618701935
/tmp/DataSetCombined/Edges/Round-1_0026267_edge.png,"tf.Tensor(4.851, shape=(), dtype=float32)",5.1001453,0.0055505819618701935
/tmp/DataSetCombined/Edges/Round-3_0065408_edge.png,"tf.Tensor(4.765, shape=(), dtype=float32)",4.9380765,0.0055505819618701935
/tmp/DataSetCombined/Edges/Round-3_0046800_edge.png,"tf.Tensor(4.064, shape=(), dtype=float32)",4.191234,0.0055505819618701935
/tmp/DataSetCombined/Edges/Round-3_0003767_edge.png,"tf.Tensor(2.897, shape=(), dtype=float32)",3.0393062,0.0055505819618701935
/tmp/DataSetCombined/Edges/Round-9_0137908_edge.png,"tf.Tensor(5.581, shape=(), dtype=float32)",5.533673,0.0055505819618701935
/tmp/DataSetCombined/Edges/Round-4_0078834_edge.png,"tf.Tensor(2.744, shape=(), dtype=float32)",2.8043878,0.0055505819618701935
/tmp/DataSetCombined/Edges/Round-10_0115074_edge.png,"tf.Tensor(2.762, shape=(), dtype=float32)",2.8301408,0.0055505819618701935
/tmp/DataSetCombined/Edges/Round-7_0046748_edge.png,"tf.Tensor(4.96, shape=(), dtype=float32)",5.055747,0.0055505819618701935
/tmp/DataSetCombined/Edges/Round-7_0101620_edge.png,"tf.Tensor(5.16, shape=(), dtype=float32)",5.213366,0.0055505819618701935
/tmp/DataSetCombined/Edges/Round-8_0004070_edge.png,"tf.Tensor(4.174, shape=(), dtype=float32)",4.335186,0.0055505819618701935
/tmp/DataSetCombined/Edges/Round-8_0058339_edge.png,"tf.Tensor(2.702, shape=(), dtype=float32)",2.8002264,0.0055505819618701935
/tmp/DataSetCombined/Edges/Round-4_0040517_edge.png,"tf.Tensor(4.354, shape=(), dtype=float32)",4.520351,0.0055505819618701935
/tmp/DataSetCombined/Edges/Round-7_0091928_edge.png,"tf.Tensor(2.948, shape=(), dtype=float32)",3.0156546,0.0055505819618701935
/tmp/DataSetCombined/Edges/Round-6_0121544_edge.png,"tf.Tensor(2.528, shape=(), dtype=float32)",2.75711,0.0055505819618701935
/tmp/DataSetCombined/Edges/Round-5_0063156_edge.png,"tf.Tensor(4.109, shape=(), dtype=float32)",4.3107476,0.0055505819618701935
/tmp/DataSetCombined/Edges/Round-10_0118264_edge.png,"tf.Tensor(5.152, shape=(), dtype=float32)",5.1389422,0.0055505819618701935
/tmp/DataSetCombined/Edges/Round-6_0095117_edge.png,"tf.Tensor(5.224, shape=(), dtype=float32)",5.1983037,0.0055505819618701935
/tmp/DataSetCombined/Edges/Round-6_0017008_edge.png,"tf.Tensor(5.224, shape=(), dtype=float32)",5.2084165,0.0055505819618701935
/tmp/DataSetCombined/Edges/Round-10_0027122_edge.png,"tf.Tensor(1.594, shape=(), dtype=float32)",1.7448236,0.0055505819618701935
/tmp/DataSetCombined/Edges/Round-7_0121516_edge.png,"tf.Tensor(5.344, shape=(), dtype=float32)",5.490054,0.0055505819618701935
/tmp/DataSetCombined/Edges/Round-8_0074654_edge.png,"tf.Tensor(2.659, shape=(), dtype=float32)",2.883316,0.0055505819618701935
/tmp/DataSetCombined/Edges/Round-8_0032472_edge.png,"tf.Tensor(4.378, shape=(), dtype=float32)",4.526688,0.0055505819618701935
/tmp/DataSetCombined/Edges/Round-6_0070616_edge.png,"tf.Tensor(5.692, shape=(), dtype=float32)",5.528504,0.0055505819618701935
/tmp/DataSetCombined/Edges/Round-3_0002467_edge.png,"tf.Tensor(2.008, shape=(), dtype=float32)",1.9109293,0.0055505819618701935
/tmp/DataSetCombined/Edges/Round-8_0009698_edge.png,"tf.Tensor(5.659, shape=(), dtype=float32)",5.5366874,0.0055505819618701935
/tmp/DataSetCombined/Edges/Round-6_0011771_edge.png,"tf.Tensor(1.872, shape=(), dtype=float32)",1.8853018,0.0055505819618701935
/tmp/DataSetCombined/Edges/Round-10_0076667_edge.png,"tf.Tensor(4.965, shape=(), dtype=float32)",5.045979,0.0055505819618701935
/tmp/DataSetCombined/Edges/Round-10_0046102_edge.png,"tf.Tensor(5.076, shape=(), dtype=float32)",5.18983,0.0055505819618701935
/tmp/DataSetCombined/Edges/Round-2_0065211_edge.png,"tf.Tensor(5.518, shape=(), dtype=float32)",5.55887,0.0055505819618701935
/tmp/DataSetCombined/Edges/Round-8_0025734_edge.png,"tf.Tensor(2.888, shape=(), dtype=float32)",3.0238955,0.0055505819618701935
/tmp/DataSetCombined/Edges/Round-9_0064236_edge.png,"tf.Tensor(5.695, shape=(), dtype=float32)",5.5333924,0.0055505819618701935
/tmp/DataSetCombined/Edges/Round-7_0005391_edge.png,"tf.Tensor(5.572, shape=(), dtype=float32)",5.4792924,0.0055505819618701935
/tmp/DataSetCombined/Edges/Round-9_0131406_edge.png,"tf.Tensor(3.388, shape=(), dtype=float32)",3.5718844,0.0055505819618701935
/tmp/DataSetCombined/Edges/Round-5_0099697_edge.png,"tf.Tensor(5.55, shape=(), dtype=float32)",5.586897,0.0055505819618701935
/tmp/DataSetCombined/Edges/Round-8_0029101_edge.png,"tf.Tensor(5.153, shape=(), dtype=float32)",5.119097,0.0055505819618701935
/tmp/DataSetCombined/Edges/Round-10_0009515_edge.png,"tf.Tensor(4.378, shape=(), dtype=float32)",4.6252656,0.0055505819618701935
/tmp/DataSetCombined/Edges/Round-6_0092167_edge.png,"tf.Tensor(4.963, shape=(), dtype=float32)",5.0354657,0.0055505819618701935
/tmp/DataSetCombined/Edges/Round-1_0072600_edge.png,"tf.Tensor(5.629, shape=(), dtype=float32)",5.6273975,0.0055505819618701935
/tmp/DataSetCombined/Edges/Round-6_0081392_edge.png,"tf.Tensor(5.196, shape=(), dtype=float32)",5.1695914,0.0055505819618701935
/tmp/DataSetCombined/Edges/Round-10_0163323_edge.png,"tf.Tensor(5.089, shape=(), dtype=float32)",5.230172,0.0055505819618701935
/tmp/DataSetCombined/Edges/Round-2_0090254_edge.png,"tf.Tensor(4.966, shape=(), dtype=float32)",5.053885,0.0055505819618701935
/tmp/DataSetCombined/Edges/Round-5_0037450_edge.png,"tf.Tensor(5.667, shape=(), dtype=float32)",5.5327563,0.0053436532616615295
/tmp/DataSetCombined/Edges/Round-10_0005667_edge.png,"tf.Tensor(5.153, shape=(), dtype=float32)",5.137618,0.0053436532616615295
/tmp/DataSetCombined/Edges/Round-10_0028025_edge.png,"tf.Tensor(5.518, shape=(), dtype=float32)",5.5671616,0.0053436532616615295
/tmp/DataSetCombined/Edges/Round-10_0076305_edge.png,"tf.Tensor(3.921, shape=(), dtype=float32)",4.133134,0.0053436532616615295
/tmp/DataSetCombined/Edges/Round-1_0098220_edge.png,"tf.Tensor(5.252, shape=(), dtype=float32)",5.3178434,0.0053436532616615295
/tmp/DataSetCombined/Edges/Round-9_0116309_edge.png,"tf.Tensor(4.622, shape=(), dtype=float32)",4.7434974,0.0053436532616615295
/tmp/DataSetCombined/Edges/Round-9_0145927_edge.png,"tf.Tensor(2.465, shape=(), dtype=float32)",2.6457226,0.0053436532616615295
/tmp/DataSetCombined/Edges/Round-9_0125068_edge.png,"tf.Tensor(4.063, shape=(), dtype=float32)",4.200485,0.0053436532616615295
/tmp/DataSetCombined/Edges/Round-9_0112576_edge.png,"tf.Tensor(4.271, shape=(), dtype=float32)",4.443936,0.0053436532616615295
/tmp/DataSetCombined/Edges/Round-7_0100658_edge.png,"tf.Tensor(3.032, shape=(), dtype=float32)",3.0762546,0.0053436532616615295
/tmp/DataSetCombined/Edges/Round-8_0017253_edge.png,"tf.Tensor(5.139, shape=(), dtype=float32)",5.305456,0.0053436532616615295
/tmp/DataSetCombined/Edges/Round-7_0047621_edge.png,"tf.Tensor(5.074, shape=(), dtype=float32)",5.1693764,0.0053436532616615295
/tmp/DataSetCombined/Edges/Round-5_0080854_edge.png,"tf.Tensor(1.976, shape=(), dtype=float32)",1.9570047,0.0053436532616615295
/tmp/DataSetCombined/Edges/Round-10_0073927_edge.png,"tf.Tensor(5.223, shape=(), dtype=float32)",5.2096972,0.0053436532616615295
/tmp/DataSetCombined/Edges/Round-9_0078383_edge.png,"tf.Tensor(2.128, shape=(), dtype=float32)",2.1734219,0.0053436532616615295
/tmp/DataSetCombined/Edges/Round-9_0123292_edge.png,"tf.Tensor(4.478, shape=(), dtype=float32)",4.639369,0.0053436532616615295
/tmp/DataSetCombined/Edges/Round-10_0162480_edge.png,"tf.Tensor(5.58, shape=(), dtype=float32)",5.523269,0.0053436532616615295
/tmp/DataSetCombined/Edges/Round-6_0038379_edge.png,"tf.Tensor(1.861, shape=(), dtype=float32)",1.8907079,0.0053436532616615295
/tmp/DataSetCombined/Edges/Round-3_0076033_edge.png,"tf.Tensor(2.448, shape=(), dtype=float32)",2.6117885,0.0053436532616615295
/tmp/DataSetCombined/Edges/Round-9_0128228_edge.png,"tf.Tensor(2.27, shape=(), dtype=float32)",2.2487729,0.0053436532616615295
/tmp/DataSetCombined/Edges/Round-9_0082025_edge.png,"tf.Tensor(5.571, shape=(), dtype=float32)",5.526136,0.0053436532616615295
/tmp/DataSetCombined/Edges/Round-8_0037920_edge.png,"tf.Tensor(5.035, shape=(), dtype=float32)",5.1750455,0.0053436532616615295
/tmp/DataSetCombined/Edges/Round-7_0040217_edge.png,"tf.Tensor(2.872, shape=(), dtype=float32)",2.886975,0.0053436532616615295
/tmp/DataSetCombined/Edges/Round-5_0095156_edge.png,"tf.Tensor(4.093, shape=(), dtype=float32)",4.156255,0.0053436532616615295
/tmp/DataSetCombined/Edges/Round-9_0054605_edge.png,"tf.Tensor(2.512, shape=(), dtype=float32)",2.748881,0.0053436532616615295
/tmp/DataSetCombined/Edges/Round-7_0125128_edge.png,"tf.Tensor(5.031, shape=(), dtype=float32)",5.180013,0.0053436532616615295
/tmp/DataSetCombined/Edges/Round-4_0017280_edge.png,"tf.Tensor(5.135, shape=(), dtype=float32)",5.292892,0.0053436532616615295
/tmp/DataSetCombined/Edges/Round-8_0055480_edge.png,"tf.Tensor(2.668, shape=(), dtype=float32)",2.795145,0.0053436532616615295
/tmp/DataSetCombined/Edges/Round-5_0010181_edge.png,"tf.Tensor(3.386, shape=(), dtype=float32)",3.5562508,0.0053436532616615295
/tmp/DataSetCombined/Edges/Round-10_0099091_edge.png,"tf.Tensor(3.511, shape=(), dtype=float32)",3.633424,0.0053436532616615295
/tmp/DataSetCombined/Edges/Round-9_0199474_edge.png,"tf.Tensor(5.438, shape=(), dtype=float32)",5.4478498,0.0053436532616615295
/tmp/DataSetCombined/Edges/Round-9_0137198_edge.png,"tf.Tensor(2.468, shape=(), dtype=float32)",2.6213672,0.0053436532616615295
/tmp/DataSetCombined/Edges/Round-2_0027000_edge.png,"tf.Tensor(5.449, shape=(), dtype=float32)",5.5303135,0.0053436532616615295
/tmp/DataSetCombined/Edges/Round-1_0052167_edge.png,"tf.Tensor(5.664, shape=(), dtype=float32)",5.637631,0.0053436532616615295
/tmp/DataSetCombined/Edges/Round-1_0121396_edge.png,"tf.Tensor(2.509, shape=(), dtype=float32)",2.7476516,0.0053436532616615295
/tmp/DataSetCombined/Edges/Round-1_0023767_edge.png,"tf.Tensor(2.313, shape=(), dtype=float32)",2.4696624,0.0053436532616615295
/tmp/DataSetCombined/Edges/Round-1_0117513_edge.png,"tf.Tensor(4.263, shape=(), dtype=float32)",4.4305506,0.0053436532616615295
/tmp/DataSetCombined/Edges/Round-1_0033423_edge.png,"tf.Tensor(5.486, shape=(), dtype=float32)",5.465835,0.0053436532616615295
/tmp/DataSetCombined/Edges/Round-1_0010067_edge.png,"tf.Tensor(2.64, shape=(), dtype=float32)",2.76765,0.0053436532616615295
/tmp/DataSetCombined/Edges/Round-6_0036182_edge.png,"tf.Tensor(2.727, shape=(), dtype=float32)",2.7732847,0.0053436532616615295
/tmp/DataSetCombined/Edges/Round-2_0069334_edge.png,"tf.Tensor(2.084, shape=(), dtype=float32)",1.9979199,0.0053436532616615295
/tmp/DataSetCombined/Edges/Round-3_0065890_edge.png,"tf.Tensor(5.577, shape=(), dtype=float32)",5.4828153,0.0053436532616615295
/tmp/DataSetCombined/Edges/Round-1_0117182_edge.png,"tf.Tensor(5.52, shape=(), dtype=float32)",5.562761,0.0053436532616615295
/tmp/DataSetCombined/Edges/Round-4_0033022_edge.png,"tf.Tensor(3.091, shape=(), dtype=float32)",3.016747,0.0053436532616615295
/tmp/DataSetCombined/Edges/Round-3_0074107_edge.png,"tf.Tensor(3.071, shape=(), dtype=float32)",3.1674874,0.0053436532616615295
/tmp/DataSetCombined/Edges/Round-3_0048161_edge.png,"tf.Tensor(5.452, shape=(), dtype=float32)",5.541164,0.0053436532616615295
/tmp/DataSetCombined/Edges/Round-6_0087803_edge.png,"tf.Tensor(3.885, shape=(), dtype=float32)",4.068309,0.0053436532616615295
/tmp/DataSetCombined/Edges/Round-2_0066054_edge.png,"tf.Tensor(2.689, shape=(), dtype=float32)",2.9073455,0.0053436532616615295
/tmp/DataSetCombined/Edges/Round-1_0024034_edge.png,"tf.Tensor(3.659, shape=(), dtype=float32)",3.820791,0.0053436532616615295
/tmp/DataSetCombined/Edges/Round-10_0166514_edge.png,"tf.Tensor(4.264, shape=(), dtype=float32)",4.424598,0.0053436532616615295
/tmp/DataSetCombined/Edges/Round-9_0063303_edge.png,"tf.Tensor(5.208, shape=(), dtype=float32)",5.404883,0.0053436532616615295
/tmp/DataSetCombined/Edges/Round-3_0042833_edge.png,"tf.Tensor(2.516, shape=(), dtype=float32)",2.7477105,0.0053436532616615295
/tmp/DataSetCombined/Edges/Round-4_0030825_edge.png,"tf.Tensor(2.452, shape=(), dtype=float32)",2.6221411,0.0053436532616615295
/tmp/DataSetCombined/Edges/Round-5_0052922_edge.png,"tf.Tensor(2.461, shape=(), dtype=float32)",2.6534526,0.0053436532616615295
/tmp/DataSetCombined/Edges/Round-10_0187734_edge.png,"tf.Tensor(4.955, shape=(), dtype=float32)",5.0337167,0.0053436532616615295
/tmp/DataSetCombined/Edges/Round-9_0063424_edge.png,"tf.Tensor(5.342, shape=(), dtype=float32)",5.3442254,0.0053436532616615295
/tmp/DataSetCombined/Edges/Round-9_0054725_edge.png,"tf.Tensor(2.752, shape=(), dtype=float32)",2.8074875,0.0053436532616615295
/tmp/DataSetCombined/Edges/Round-8_0038594_edge.png,"tf.Tensor(2.597, shape=(), dtype=float32)",2.6425526,0.0053436532616615295
/tmp/DataSetCombined/Edges/Round-9_0004699_edge.png,"tf.Tensor(3.384, shape=(), dtype=float32)",3.5398433,0.0053436532616615295
/tmp/DataSetCombined/Edges/Round-4_0081513_edge.png,"tf.Tensor(4.865, shape=(), dtype=float32)",5.195779,0.0053436532616615295
/tmp/DataSetCombined/Edges/Round-5_0080613_edge.png,"tf.Tensor(5.569, shape=(), dtype=float32)",5.52099,0.0053436532616615295
/tmp/DataSetCombined/Edges/Round-7_0059270_edge.png,"tf.Tensor(3.22, shape=(), dtype=float32)",3.2373502,0.0053436532616615295
/tmp/DataSetCombined/Edges/Round-8_0035133_edge.png,"tf.Tensor(3.185, shape=(), dtype=float32)",3.3011034,0.0053436532616615295
/tmp/DataSetCombined/Edges/Round-2_0082940_edge.png,"tf.Tensor(5.615, shape=(), dtype=float32)",5.5077405,0.0053436532616615295
/tmp/DataSetCombined/Edges/Round-3_0085004_edge.png,"tf.Tensor(4.262, shape=(), dtype=float32)",4.436566,0.005615841597318649
/tmp/DataSetCombined/Edges/Round-10_0092499_edge.png,"tf.Tensor(4.55, shape=(), dtype=float32)",4.6590657,0.005615841597318649
/tmp/DataSetCombined/Edges/Round-10_0086208_edge.png,"tf.Tensor(2.881, shape=(), dtype=float32)",2.9119322,0.005615841597318649
/tmp/DataSetCombined/Edges/Round-4_0082717_edge.png,"tf.Tensor(5.156, shape=(), dtype=float32)",5.145983,0.005615841597318649
/tmp/DataSetCombined/Edges/Round-10_0147972_edge.png,"tf.Tensor(5.032, shape=(), dtype=float32)",5.194305,0.005615841597318649
/tmp/DataSetCombined/Edges/Round-8_0019059_edge.png,"tf.Tensor(4.981, shape=(), dtype=float32)",4.9956374,0.005615841597318649
/tmp/DataSetCombined/Edges/Round-5_0045698_edge.png,"tf.Tensor(5.34, shape=(), dtype=float32)",5.425468,0.005615841597318649
/tmp/DataSetCombined/Edges/Round-10_0105140_edge.png,"tf.Tensor(1.931, shape=(), dtype=float32)",2.0067878,0.005615841597318649
/tmp/DataSetCombined/Edges/Round-5_0009036_edge.png,"tf.Tensor(3.124, shape=(), dtype=float32)",3.2161052,0.005615841597318649
/tmp/DataSetCombined/Edges/Round-5_0001546_edge.png,"tf.Tensor(3.952, shape=(), dtype=float32)",4.15299,0.005615841597318649
/tmp/DataSetCombined/Edges/Round-1_0098821_edge.png,"tf.Tensor(5.342, shape=(), dtype=float32)",5.3479466,0.005615841597318649
/tmp/DataSetCombined/Edges/Round-10_0138220_edge.png,"tf.Tensor(5.089, shape=(), dtype=float32)",5.224401,0.005615841597318649
/tmp/DataSetCombined/Edges/Round-2_0088719_edge.png,"tf.Tensor(2.201, shape=(), dtype=float32)",2.2941873,0.005615841597318649
/tmp/DataSetCombined/Edges/Round-9_0051353_edge.png,"tf.Tensor(5.095, shape=(), dtype=float32)",5.1749477,0.005615841597318649
/tmp/DataSetCombined/Edges/Round-7_0071310_edge.png,"tf.Tensor(3.856, shape=(), dtype=float32)",4.062967,0.005615841597318649
/tmp/DataSetCombined/Edges/Round-3_0083341_edge.png,"tf.Tensor(4.774, shape=(), dtype=float32)",4.928832,0.005615841597318649
/tmp/DataSetCombined/Edges/Round-1_0017334_edge.png,"tf.Tensor(5.444, shape=(), dtype=float32)",5.531916,0.005615841597318649
/tmp/DataSetCombined/Edges/Round-10_0028267_edge.png,"tf.Tensor(4.262, shape=(), dtype=float32)",4.4150267,0.005615841597318649
/tmp/DataSetCombined/Edges/Round-10_0019026_edge.png,"tf.Tensor(5.52, shape=(), dtype=float32)",5.5611587,0.005615841597318649
/tmp/DataSetCombined/Edges/Round-9_0016167_edge.png,"tf.Tensor(3.115, shape=(), dtype=float32)",3.0249398,0.005615841597318649
/tmp/DataSetCombined/Edges/Round-1_0064367_edge.png,"tf.Tensor(2.549, shape=(), dtype=float32)",2.6872778,0.005615841597318649
/tmp/DataSetCombined/Edges/Round-8_0056233_edge.png,"tf.Tensor(2.079, shape=(), dtype=float32)",2.1147807,0.005615841597318649
/tmp/DataSetCombined/Edges/Round-9_0042805_edge.png,"tf.Tensor(2.46, shape=(), dtype=float32)",2.438393,0.005615841597318649
/tmp/DataSetCombined/Edges/Round-10_0083499_edge.png,"tf.Tensor(5.676, shape=(), dtype=float32)",5.645038,0.005615841597318649
/tmp/DataSetCombined/Edges/Round-3_0085545_edge.png,"tf.Tensor(5.142, shape=(), dtype=float32)",5.2859263,0.005615841597318649
/tmp/DataSetCombined/Edges/Round-10_0068359_edge.png,"tf.Tensor(5.654, shape=(), dtype=float32)",5.5046554,0.005615841597318649
/tmp/DataSetCombined/Edges/Round-5_0122422_edge.png,"tf.Tensor(1.878, shape=(), dtype=float32)",1.9153196,0.005615841597318649
/tmp/DataSetCombined/Edges/Round-9_0091837_edge.png,"tf.Tensor(5.554, shape=(), dtype=float32)",5.5901413,0.005615841597318649
/tmp/DataSetCombined/Edges/Round-1_0126664_edge.png,"tf.Tensor(5.261, shape=(), dtype=float32)",5.3825364,0.005615841597318649
/tmp/DataSetCombined/Edges/Round-1_0033866_edge.png,"tf.Tensor(5.411, shape=(), dtype=float32)",5.4401755,0.005615841597318649
/tmp/DataSetCombined/Edges/Round-9_0170699_edge.png,"tf.Tensor(4.783, shape=(), dtype=float32)",4.9726667,0.005615841597318649
/tmp/DataSetCombined/Edges/Round-9_0047320_edge.png,"tf.Tensor(5.244, shape=(), dtype=float32)",5.3205132,0.005615841597318649
/tmp/DataSetCombined/Edges/Round-7_0063333_edge.png,"tf.Tensor(5.034, shape=(), dtype=float32)",5.185078,0.005615841597318649
/tmp/DataSetCombined/Edges/Round-6_0085184_edge.png,"tf.Tensor(4.426, shape=(), dtype=float32)",4.554079,0.005615841597318649
/tmp/DataSetCombined/Edges/Round-9_0106827_edge.png,"tf.Tensor(1.556, shape=(), dtype=float32)",1.7217386,0.005615841597318649
/tmp/DataSetCombined/Edges/Round-1_0132684_edge.png,"tf.Tensor(2.559, shape=(), dtype=float32)",2.7053435,0.005615841597318649
/tmp/DataSetCombined/Edges/Round-2_0104614_edge.png,"tf.Tensor(2.766, shape=(), dtype=float32)",2.8655758,0.005615841597318649
/tmp/DataSetCombined/Edges/Round-10_0113148_edge.png,"tf.Tensor(5.153, shape=(), dtype=float32)",5.135893,0.005615841597318649
/tmp/DataSetCombined/Edges/Round-3_0083378_edge.png,"tf.Tensor(4.823, shape=(), dtype=float32)",5.0755863,0.005615841597318649
/tmp/DataSetCombined/Edges/Round-4_0077781_edge.png,"tf.Tensor(4.797, shape=(), dtype=float32)",4.974084,0.005615841597318649
/tmp/DataSetCombined/Edges/Round-7_0061481_edge.png,"tf.Tensor(3.644, shape=(), dtype=float32)",3.8010604,0.005615841597318649
/tmp/DataSetCombined/Edges/Round-9_0032000_edge.png,"tf.Tensor(2.508, shape=(), dtype=float32)",2.760456,0.005615841597318649
/tmp/DataSetCombined/Edges/Round-1_0169886_edge.png,"tf.Tensor(4.035, shape=(), dtype=float32)",4.1138515,0.005615841597318649
/tmp/DataSetCombined/Edges/Round-5_0019451_edge.png,"tf.Tensor(2.493, shape=(), dtype=float32)",2.6498086,0.005615841597318649
/tmp/DataSetCombined/Edges/Round-8_0034097_edge.png,"tf.Tensor(5.549, shape=(), dtype=float32)",5.58636,0.005615841597318649
/tmp/DataSetCombined/Edges/Round-1_0125038_edge.png,"tf.Tensor(4.956, shape=(), dtype=float32)",5.0479546,0.005615841597318649
/tmp/DataSetCombined/Edges/Round-2_0095702_edge.png,"tf.Tensor(5.518, shape=(), dtype=float32)",5.5658865,0.005615841597318649
/tmp/DataSetCombined/Edges/Round-8_0039425_edge.png,"tf.Tensor(5.568, shape=(), dtype=float32)",5.594224,0.005615841597318649
/tmp/DataSetCombined/Edges/Round-8_0064209_edge.png,"tf.Tensor(2.487, shape=(), dtype=float32)",2.654939,0.005615841597318649
/tmp/DataSetCombined/Edges/Round-7_0121382_edge.png,"tf.Tensor(2.039, shape=(), dtype=float32)",1.9684931,0.005615841597318649
/tmp/DataSetCombined/Edges/Round-1_0007334_edge.png,"tf.Tensor(5.341, shape=(), dtype=float32)",5.3399653,0.005615841597318649
/tmp/DataSetCombined/Edges/Round-8_0006496_edge.png,"tf.Tensor(5.503, shape=(), dtype=float32)",5.4737587,0.005615841597318649
/tmp/DataSetCombined/Edges/Round-4_0040364_edge.png,"tf.Tensor(2.085, shape=(), dtype=float32)",1.9976721,0.005615841597318649
/tmp/DataSetCombined/Edges/Round-6_0006334_edge.png,"tf.Tensor(5.445, shape=(), dtype=float32)",5.426521,0.005615841597318649
/tmp/DataSetCombined/Edges/Round-1_0130697_edge.png,"tf.Tensor(5.005, shape=(), dtype=float32)",5.1541667,0.005615841597318649
/tmp/DataSetCombined/Edges/Round-1_0096414_edge.png,"tf.Tensor(2.481, shape=(), dtype=float32)",2.6481209,0.005615841597318649
/tmp/DataSetCombined/Edges/Round-9_0048615_edge.png,"tf.Tensor(4.499, shape=(), dtype=float32)",4.6343427,0.005615841597318649
/tmp/DataSetCombined/Edges/Round-10_0103997_edge.png,"tf.Tensor(3.245, shape=(), dtype=float32)",3.3058493,0.005615841597318649
/tmp/DataSetCombined/Edges/Round-7_0110259_edge.png,"tf.Tensor(5.052, shape=(), dtype=float32)",5.202324,0.005615841597318649
/tmp/DataSetCombined/Edges/Round-10_0057162_edge.png,"tf.Tensor(2.876, shape=(), dtype=float32)",2.896954,0.005615841597318649
/tmp/DataSetCombined/Edges/Round-2_0077901_edge.png,"tf.Tensor(5.537, shape=(), dtype=float32)",5.5647616,0.005615841597318649
/tmp/DataSetCombined/Edges/Round-1_0119650_edge.png,"tf.Tensor(1.756, shape=(), dtype=float32)",1.820098,0.005615841597318649
/tmp/DataSetCombined/Edges/Round-2_0053292_edge.png,"tf.Tensor(4.647, shape=(), dtype=float32)",4.7448287,0.005615841597318649
/tmp/DataSetCombined/Edges/Round-10_0123411_edge.png,"tf.Tensor(4.409, shape=(), dtype=float32)",4.5497684,0.005615841597318649
/tmp/DataSetCombined/Edges/Round-6_0040451_edge.png,"tf.Tensor(5.521, shape=(), dtype=float32)",5.5715384,0.005913052707910538
/tmp/DataSetCombined/Edges/Round-6_0132351_edge.png,"tf.Tensor(4.972, shape=(), dtype=float32)",5.0581636,0.005913052707910538
/tmp/DataSetCombined/Edges/Round-6_0000546_edge.png,"tf.Tensor(2.351, shape=(), dtype=float32)",2.273854,0.005913052707910538
/tmp/DataSetCombined/Edges/Round-2_0076739_edge.png,"tf.Tensor(5.444, shape=(), dtype=float32)",5.5352707,0.005913052707910538
/tmp/DataSetCombined/Edges/Round-10_0040667_edge.png,"tf.Tensor(5.247, shape=(), dtype=float32)",5.3364935,0.005913052707910538
/tmp/DataSetCombined/Edges/Round-9_0057163_edge.png,"tf.Tensor(2.675, shape=(), dtype=float32)",2.7965171,0.005913052707910538
/tmp/DataSetCombined/Edges/Round-7_0121257_edge.png,"tf.Tensor(5.633, shape=(), dtype=float32)",5.630336,0.005913052707910538
/tmp/DataSetCombined/Edges/Round-3_0006200_edge.png,"tf.Tensor(2.794, shape=(), dtype=float32)",2.85673,0.005913052707910538
/tmp/DataSetCombined/Edges/Round-1_0044100_edge.png,"tf.Tensor(2.056, shape=(), dtype=float32)",2.1641278,0.005913052707910538
/tmp/DataSetCombined/Edges/Round-4_0004879_edge.png,"tf.Tensor(2.214, shape=(), dtype=float32)",2.3406324,0.005913052707910538
/tmp/DataSetCombined/Edges/Round-10_0007317_edge.png,"tf.Tensor(4.836, shape=(), dtype=float32)",5.108351,0.005913052707910538
/tmp/DataSetCombined/Edges/Round-7_0105624_edge.png,"tf.Tensor(5.519, shape=(), dtype=float32)",5.54833,0.005913052707910538
/tmp/DataSetCombined/Edges/Round-3_0089006_edge.png,"tf.Tensor(2.631, shape=(), dtype=float32)",2.8596447,0.005913052707910538
/tmp/DataSetCombined/Edges/Round-10_0002637_edge.png,"tf.Tensor(5.669, shape=(), dtype=float32)",5.643017,0.005913052707910538
/tmp/DataSetCombined/Edges/Round-9_0067005_edge.png,"tf.Tensor(5.653, shape=(), dtype=float32)",5.643474,0.005913052707910538
/tmp/DataSetCombined/Edges/Round-2_0090344_edge.png,"tf.Tensor(5.572, shape=(), dtype=float32)",5.5260863,0.005913052707910538
/tmp/DataSetCombined/Edges/Round-6_0017610_edge.png,"tf.Tensor(2.238, shape=(), dtype=float32)",2.2400274,0.005913052707910538
/tmp/DataSetCombined/Edges/Round-10_0039042_edge.png,"tf.Tensor(5.083, shape=(), dtype=float32)",5.1750016,0.005913052707910538
/tmp/DataSetCombined/Edges/Round-10_0190985_edge.png,"tf.Tensor(5.546, shape=(), dtype=float32)",5.5915236,0.005913052707910538
/tmp/DataSetCombined/Edges/Round-9_0140480_edge.png,"tf.Tensor(5.572, shape=(), dtype=float32)",5.528157,0.005913052707910538
/tmp/DataSetCombined/Edges/Round-1_0000267_edge.png,"tf.Tensor(5.675, shape=(), dtype=float32)",5.64663,0.005913052707910538
/tmp/DataSetCombined/Edges/Round-8_0066891_edge.png,"tf.Tensor(3.218, shape=(), dtype=float32)",3.263718,0.005913052707910538
/tmp/DataSetCombined/Edges/Round-8_0057136_edge.png,"tf.Tensor(2.825, shape=(), dtype=float32)",2.9809105,0.005913052707910538
/tmp/DataSetCombined/Edges/Round-3_0078753_edge.png,"tf.Tensor(2.097, shape=(), dtype=float32)",2.1392596,0.005913052707910538
/tmp/DataSetCombined/Edges/Round-9_0113539_edge.png,"tf.Tensor(5.282, shape=(), dtype=float32)",5.3792133,0.005913052707910538
/tmp/DataSetCombined/Edges/Round-10_0138130_edge.png,"tf.Tensor(2.665, shape=(), dtype=float32)",2.882102,0.005913052707910538
/tmp/DataSetCombined/Edges/Round-7_0013217_edge.png,"tf.Tensor(3.218, shape=(), dtype=float32)",3.2640648,0.005913052707910538
/tmp/DataSetCombined/Edges/Round-3_0032800_edge.png,"tf.Tensor(1.565, shape=(), dtype=float32)",1.7409835,0.005913052707910538
/tmp/DataSetCombined/Edges/Round-6_0092829_edge.png,"tf.Tensor(2.915, shape=(), dtype=float32)",3.0439422,0.005913052707910538
/tmp/DataSetCombined/Edges/Round-10_0108361_edge.png,"tf.Tensor(4.635, shape=(), dtype=float32)",4.755089,0.005913052707910538
/tmp/DataSetCombined/Edges/Round-8_0062812_edge.png,"tf.Tensor(1.511, shape=(), dtype=float32)",1.6923872,0.005913052707910538
/tmp/DataSetCombined/Edges/Round-9_0145777_edge.png,"tf.Tensor(5.528, shape=(), dtype=float32)",5.6001754,0.005913052707910538
/tmp/DataSetCombined/Edges/Round-8_0047281_edge.png,"tf.Tensor(2.616, shape=(), dtype=float32)",2.8583553,0.005913052707910538
/tmp/DataSetCombined/Edges/Round-10_0024173_edge.png,"tf.Tensor(5.519, shape=(), dtype=float32)",5.5535455,0.005913052707910538
/tmp/DataSetCombined/Edges/Round-10_0147671_edge.png,"tf.Tensor(5.214, shape=(), dtype=float32)",5.2274003,0.005913052707910538
/tmp/DataSetCombined/Edges/Round-6_0127655_edge.png,"tf.Tensor(1.999, shape=(), dtype=float32)",1.9600419,0.005913052707910538
/tmp/DataSetCombined/Edges/Round-6_0059539_edge.png,"tf.Tensor(3.36, shape=(), dtype=float32)",3.4460392,0.005913052707910538
/tmp/DataSetCombined/Edges/Round-4_0019959_edge.png,"tf.Tensor(2.457, shape=(), dtype=float32)",2.6293712,0.005913052707910538
/tmp/DataSetCombined/Edges/Round-6_0091776_edge.png,"tf.Tensor(4.651, shape=(), dtype=float32)",4.8988075,0.005913052707910538
/tmp/DataSetCombined/Edges/Round-8_0059368_edge.png,"tf.Tensor(5.423, shape=(), dtype=float32)",5.41429,0.005913052707910538
/tmp/DataSetCombined/Edges/Round-6_0001637_edge.png,"tf.Tensor(5.153, shape=(), dtype=float32)",5.1181,0.005913052707910538
/tmp/DataSetCombined/Edges/Round-7_0135663_edge.png,"tf.Tensor(5.225, shape=(), dtype=float32)",5.2220817,0.005913052707910538
/tmp/DataSetCombined/Edges/Round-2_0040400_edge.png,"tf.Tensor(3.218, shape=(), dtype=float32)",3.547178,0.005913052707910538
/tmp/DataSetCombined/Edges/Round-6_0080097_edge.png,"tf.Tensor(5.448, shape=(), dtype=float32)",5.4341755,0.005913052707910538
/tmp/DataSetCombined/Edges/Round-9_0065771_edge.png,"tf.Tensor(5.561, shape=(), dtype=float32)",5.467966,0.005913052707910538
/tmp/DataSetCombined/Edges/Round-3_0008941_edge.png,"tf.Tensor(2.692, shape=(), dtype=float32)",2.9091034,0.005913052707910538
/tmp/DataSetCombined/Edges/Round-7_0135452_edge.png,"tf.Tensor(3.417, shape=(), dtype=float32)",3.582666,0.005913052707910538
/tmp/DataSetCombined/Edges/Round-1_0106798_edge.png,"tf.Tensor(5.508, shape=(), dtype=float32)",5.592451,0.005913052707910538
/tmp/DataSetCombined/Edges/Round-9_0197066_edge.png,"tf.Tensor(2.726, shape=(), dtype=float32)",2.7553787,0.005913052707910538
/tmp/DataSetCombined/Edges/Round-2_0086582_edge.png,"tf.Tensor(3.161, shape=(), dtype=float32)",3.204814,0.005913052707910538
/tmp/DataSetCombined/Edges/Round-6_0008882_edge.png,"tf.Tensor(2.241, shape=(), dtype=float32)",2.2172256,0.005913052707910538
/tmp/DataSetCombined/Edges/Round-8_0051838_edge.png,"tf.Tensor(5.579, shape=(), dtype=float32)",5.5367393,0.005913052707910538
/tmp/DataSetCombined/Edges/Round-5_0043260_edge.png,"tf.Tensor(4.797, shape=(), dtype=float32)",4.9722023,0.005913052707910538
/tmp/DataSetCombined/Edges/Round-9_0071580_edge.png,"tf.Tensor(4.794, shape=(), dtype=float32)",4.987915,0.005913052707910538
/tmp/DataSetCombined/Edges/Round-1_0102525_edge.png,"tf.Tensor(5.442, shape=(), dtype=float32)",5.534724,0.005913052707910538
/tmp/DataSetCombined/Edges/Round-2_0089742_edge.png,"tf.Tensor(4.461, shape=(), dtype=float32)",4.5682354,0.005913052707910538
/tmp/DataSetCombined/Edges/Round-1_0158328_edge.png,"tf.Tensor(3.438, shape=(), dtype=float32)",3.6097486,0.005913052707910538
/tmp/DataSetCombined/Edges/Round-9_0100506_edge.png,"tf.Tensor(4.564, shape=(), dtype=float32)",4.667509,0.005913052707910538
/tmp/DataSetCombined/Edges/Round-10_0016527_edge.png,"tf.Tensor(2.97, shape=(), dtype=float32)",3.0019739,0.005913052707910538
/tmp/DataSetCombined/Edges/Round-9_0117031_edge.png,"tf.Tensor(5.528, shape=(), dtype=float32)",5.5723777,0.005913052707910538
/tmp/DataSetCombined/Edges/Round-10_0047470_edge.png,"tf.Tensor(4.271, shape=(), dtype=float32)",4.3783183,0.005913052707910538
/tmp/DataSetCombined/Edges/Round-1_0070434_edge.png,"tf.Tensor(1.546, shape=(), dtype=float32)",1.6967846,0.005913052707910538
/tmp/DataSetCombined/Edges/Round-10_0029169_edge.png,"tf.Tensor(3.165, shape=(), dtype=float32)",3.2998626,0.005913052707910538
/tmp/DataSetCombined/Edges/Round-5_0010904_edge.png,"tf.Tensor(4.59, shape=(), dtype=float32)",4.7516527,0.005913052707910538
/tmp/DataSetCombined/Edges/Round-3_0038559_edge.png,"tf.Tensor(5.421, shape=(), dtype=float32)",5.4188495,0.005539149045944214
/tmp/DataSetCombined/Edges/Round-6_0103394_edge.png,"tf.Tensor(5.343, shape=(), dtype=float32)",5.3483152,0.005539149045944214
/tmp/DataSetCombined/Edges/Round-1_0134580_edge.png,"tf.Tensor(3.618, shape=(), dtype=float32)",3.7873418,0.005539149045944214
/tmp/DataSetCombined/Edges/Round-6_0128106_edge.png,"tf.Tensor(5.341, shape=(), dtype=float32)",5.3531713,0.005539149045944214
/tmp/DataSetCombined/Edges/Round-9_0119078_edge.png,"tf.Tensor(2.587, shape=(), dtype=float32)",2.7100394,0.005539149045944214
/tmp/DataSetCombined/Edges/Round-8_0051374_edge.png,"tf.Tensor(5.437, shape=(), dtype=float32)",5.551946,0.005539149045944214
/tmp/DataSetCombined/Edges/Round-1_0006334_edge.png,"tf.Tensor(5.208, shape=(), dtype=float32)",5.20405,0.005539149045944214
/tmp/DataSetCombined/Edges/Round-3_0049064_edge.png,"tf.Tensor(4.307, shape=(), dtype=float32)",4.447752,0.005539149045944214
/tmp/DataSetCombined/Edges/Round-1_0014901_edge.png,"tf.Tensor(5.571, shape=(), dtype=float32)",5.587793,0.005539149045944214
/tmp/DataSetCombined/Edges/Round-4_0003856_edge.png,"tf.Tensor(5.035, shape=(), dtype=float32)",5.179629,0.005539149045944214
/tmp/DataSetCombined/Edges/Round-8_0031690_edge.png,"tf.Tensor(5.157, shape=(), dtype=float32)",5.140267,0.005539149045944214
/tmp/DataSetCombined/Edges/Round-8_0030244_edge.png,"tf.Tensor(2.357, shape=(), dtype=float32)",2.3531826,0.005539149045944214
/tmp/DataSetCombined/Edges/Round-1_0146980_edge.png,"tf.Tensor(4.956, shape=(), dtype=float32)",5.037995,0.005539149045944214
/tmp/DataSetCombined/Edges/Round-4_0074349_edge.png,"tf.Tensor(3.326, shape=(), dtype=float32)",3.5289762,0.005539149045944214
/tmp/DataSetCombined/Edges/Round-3_0024734_edge.png,"tf.Tensor(4.956, shape=(), dtype=float32)",5.0468855,0.005539149045944214
/tmp/DataSetCombined/Edges/Round-9_0067336_edge.png,"tf.Tensor(5.342, shape=(), dtype=float32)",5.344543,0.005539149045944214
/tmp/DataSetCombined/Edges/Round-8_0043350_edge.png,"tf.Tensor(2.233, shape=(), dtype=float32)",2.0911224,0.005539149045944214
/tmp/DataSetCombined/Edges/Round-10_0153751_edge.png,"tf.Tensor(3.087, shape=(), dtype=float32)",3.1283343,0.005539149045944214
/tmp/DataSetCombined/Edges/Round-3_0013336_edge.png,"tf.Tensor(3.657, shape=(), dtype=float32)",3.8375704,0.005539149045944214
/tmp/DataSetCombined/Edges/Round-4_0087051_edge.png,"tf.Tensor(5.152, shape=(), dtype=float32)",5.141879,0.005539149045944214
/tmp/DataSetCombined/Edges/Round-10_0023119_edge.png,"tf.Tensor(3.114, shape=(), dtype=float32)",3.1491194,0.005539149045944214
/tmp/DataSetCombined/Edges/Round-7_0129518_edge.png,"tf.Tensor(5.127, shape=(), dtype=float32)",5.1856084,0.005539149045944214
/tmp/DataSetCombined/Edges/Round-4_0077691_edge.png,"tf.Tensor(2.682, shape=(), dtype=float32)",2.7185,0.005539149045944214
/tmp/DataSetCombined/Edges/Round-7_0032782_edge.png,"tf.Tensor(1.937, shape=(), dtype=float32)",1.9817425,0.005539149045944214
/tmp/DataSetCombined/Edges/Round-7_0082808_edge.png,"tf.Tensor(2.507, shape=(), dtype=float32)",2.7540636,0.005539149045944214
/tmp/DataSetCombined/Edges/Round-2_0023600_edge.png,"tf.Tensor(4.739, shape=(), dtype=float32)",4.993541,0.005539149045944214
/tmp/DataSetCombined/Edges/Round-10_0179668_edge.png,"tf.Tensor(4.954, shape=(), dtype=float32)",5.0231395,0.005539149045944214
/tmp/DataSetCombined/Edges/Round-9_0062340_edge.png,"tf.Tensor(5.342, shape=(), dtype=float32)",5.347201,0.005539149045944214
/tmp/DataSetCombined/Edges/Round-7_0102282_edge.png,"tf.Tensor(3.65, shape=(), dtype=float32)",3.8342109,0.005539149045944214
/tmp/DataSetCombined/Edges/Round-7_0113931_edge.png,"tf.Tensor(3.881, shape=(), dtype=float32)",4.073566,0.005539149045944214
/tmp/DataSetCombined/Edges/Round-9_0103606_edge.png,"tf.Tensor(5.154, shape=(), dtype=float32)",5.129553,0.005539149045944214
/tmp/DataSetCombined/Edges/Round-6_0099210_edge.png,"tf.Tensor(5.036, shape=(), dtype=float32)",5.1817546,0.005539149045944214
/tmp/DataSetCombined/Edges/Round-9_0092861_edge.png,"tf.Tensor(5.035, shape=(), dtype=float32)",5.1750455,0.005539149045944214
/tmp/DataSetCombined/Edges/Round-1_0058901_edge.png,"tf.Tensor(4.577, shape=(), dtype=float32)",4.7440805,0.005539149045944214
/tmp/DataSetCombined/Edges/Round-9_0094065_edge.png,"tf.Tensor(2.409, shape=(), dtype=float32)",2.42312,0.005539149045944214
/tmp/DataSetCombined/Edges/Round-5_0008103_edge.png,"tf.Tensor(4.265, shape=(), dtype=float32)",4.4300942,0.005539149045944214
/tmp/DataSetCombined/Edges/Round-10_0111281_edge.png,"tf.Tensor(2.484, shape=(), dtype=float32)",2.5093963,0.005539149045944214
/tmp/DataSetCombined/Edges/Round-1_0156048_edge.png,"tf.Tensor(4.53, shape=(), dtype=float32)",4.646896,0.005539149045944214
/tmp/DataSetCombined/Edges/Round-9_0117483_edge.png,"tf.Tensor(5.425, shape=(), dtype=float32)",5.437219,0.005539149045944214
/tmp/DataSetCombined/Edges/Round-8_0049388_edge.png,"tf.Tensor(3.549, shape=(), dtype=float32)",3.70555,0.005539149045944214
/tmp/DataSetCombined/Edges/Round-9_0093463_edge.png,"tf.Tensor(2.532, shape=(), dtype=float32)",2.5438688,0.005539149045944214
/tmp/DataSetCombined/Edges/Round-5_0010391_edge.png,"tf.Tensor(3.481, shape=(), dtype=float32)",3.596552,0.005539149045944214
/tmp/DataSetCombined/Edges/Round-10_0153992_edge.png,"tf.Tensor(5.616, shape=(), dtype=float32)",5.624284,0.005539149045944214
/tmp/DataSetCombined/Edges/Round-2_0074167_edge.png,"tf.Tensor(5.035, shape=(), dtype=float32)",5.185559,0.005539149045944214
/tmp/DataSetCombined/Edges/Round-2_0055500_edge.png,"tf.Tensor(1.573, shape=(), dtype=float32)",1.7380652,0.005539149045944214
/tmp/DataSetCombined/Edges/Round-9_0136024_edge.png,"tf.Tensor(5.498, shape=(), dtype=float32)",5.5970693,0.005539149045944214
/tmp/DataSetCombined/Edges/Round-9_0091507_edge.png,"tf.Tensor(2.161, shape=(), dtype=float32)",2.213855,0.005539149045944214
/tmp/DataSetCombined/Edges/Round-2_0067438_edge.png,"tf.Tensor(4.308, shape=(), dtype=float32)",4.5144997,0.005539149045944214
/tmp/DataSetCombined/Edges/Round-7_0102342_edge.png,"tf.Tensor(4.622, shape=(), dtype=float32)",4.877968,0.005539149045944214
/tmp/DataSetCombined/Edges/Round-10_0085967_edge.png,"tf.Tensor(2.065, shape=(), dtype=float32)",1.9930936,0.005539149045944214
/tmp/DataSetCombined/Edges/Round-9_0078052_edge.png,"tf.Tensor(1.69, shape=(), dtype=float32)",1.8078915,0.005539149045944214
/tmp/DataSetCombined/Edges/Round-10_0102642_edge.png,"tf.Tensor(4.459, shape=(), dtype=float32)",4.5590234,0.005539149045944214
/tmp/DataSetCombined/Edges/Round-9_0052196_edge.png,"tf.Tensor(1.682, shape=(), dtype=float32)",1.802666,0.005539149045944214
/tmp/DataSetCombined/Edges/Round-9_0162933_edge.png,"tf.Tensor(2.602, shape=(), dtype=float32)",2.7487862,0.005539149045944214
/tmp/DataSetCombined/Edges/Round-9_0042355_edge.png,"tf.Tensor(2.585, shape=(), dtype=float32)",2.83589,0.005539149045944214
/tmp/DataSetCombined/Edges/Round-5_0041273_edge.png,"tf.Tensor(2.99, shape=(), dtype=float32)",2.9935615,0.005539149045944214
/tmp/DataSetCombined/Edges/Round-1_0147522_edge.png,"tf.Tensor(5.031, shape=(), dtype=float32)",5.1776543,0.005539149045944214
/tmp/DataSetCombined/Edges/Round-6_0047018_edge.png,"tf.Tensor(5.342, shape=(), dtype=float32)",5.346991,0.005539149045944214
/tmp/DataSetCombined/Edges/Round-6_0047228_edge.png,"tf.Tensor(3.399, shape=(), dtype=float32)",3.5026045,0.005539149045944214
/tmp/DataSetCombined/Edges/Round-8_0044403_edge.png,"tf.Tensor(2.249, shape=(), dtype=float32)",2.3607383,0.005539149045944214
/tmp/DataSetCombined/Edges/Round-5_0085006_edge.png,"tf.Tensor(1.525, shape=(), dtype=float32)",1.6952266,0.005539149045944214
/tmp/DataSetCombined/Edges/Round-8_0054637_edge.png,"tf.Tensor(3.553, shape=(), dtype=float32)",3.7150447,0.005539149045944214
/tmp/DataSetCombined/Edges/Round-10_0009815_edge.png,"tf.Tensor(3.553, shape=(), dtype=float32)",3.7374961,0.005539149045944214
/tmp/DataSetCombined/Edges/Round-4_0057993_edge.png,"tf.Tensor(4.87, shape=(), dtype=float32)",5.1823106,0.005539149045944214
/tmp/DataSetCombined/Edges/Round-7_0064868_edge.png,"tf.Tensor(3.915, shape=(), dtype=float32)",4.103381,0.004452716559171677
/tmp/DataSetCombined/Edges/Round-8_0027487_edge.png,"tf.Tensor(2.418, shape=(), dtype=float32)",2.5712821,0.004452716559171677
/tmp/DataSetCombined/Edges/Round-9_0144693_edge.png,"tf.Tensor(2.118, shape=(), dtype=float32)",2.1407998,0.004452716559171677
/tmp/DataSetCombined/Edges/Round-8_0021919_edge.png,"tf.Tensor(5.443, shape=(), dtype=float32)",5.437808,0.004452716559171677
/tmp/DataSetCombined/Edges/Round-1_0088527_edge.png,"tf.Tensor(5.522, shape=(), dtype=float32)",5.572705,0.004452716559171677
/tmp/DataSetCombined/Edges/Round-4_0081363_edge.png,"tf.Tensor(5.68, shape=(), dtype=float32)",5.648971,0.004452716559171677
/tmp/DataSetCombined/Edges/Round-8_0063125_edge.png,"tf.Tensor(2.046, shape=(), dtype=float32)",2.120907,0.004452716559171677
/tmp/DataSetCombined/Edges/Round-10_0191978_edge.png,"tf.Tensor(5.153, shape=(), dtype=float32)",5.134296,0.004452716559171677
/tmp/DataSetCombined/Edges/Round-2_0099495_edge.png,"tf.Tensor(4.264, shape=(), dtype=float32)",4.4401813,0.004452716559171677
/tmp/DataSetCombined/Edges/Round-6_0117550_edge.png,"tf.Tensor(1.979, shape=(), dtype=float32)",2.0183904,0.004452716559171677
/tmp/DataSetCombined/Edges/Round-7_0057765_edge.png,"tf.Tensor(5.022, shape=(), dtype=float32)",5.1669436,0.004452716559171677
/tmp/DataSetCombined/Edges/Round-5_0081938_edge.png,"tf.Tensor(3.379, shape=(), dtype=float32)",3.479182,0.004452716559171677
/tmp/DataSetCombined/Edges/Round-1_0095210_edge.png,"tf.Tensor(2.566, shape=(), dtype=float32)",2.6084218,0.004452716559171677
/tmp/DataSetCombined/Edges/Round-3_0066401_edge.png,"tf.Tensor(5.496, shape=(), dtype=float32)",5.4554553,0.004452716559171677
/tmp/DataSetCombined/Edges/Round-6_0045061_edge.png,"tf.Tensor(5.536, shape=(), dtype=float32)",5.601258,0.004452716559171677
/tmp/DataSetCombined/Edges/Round-9_0194779_edge.png,"tf.Tensor(1.898, shape=(), dtype=float32)",1.910773,0.004452716559171677
/tmp/DataSetCombined/Edges/Round-10_0134969_edge.png,"tf.Tensor(2.138, shape=(), dtype=float32)",2.0408037,0.004452716559171677
/tmp/DataSetCombined/Edges/Round-9_0193905_edge.png,"tf.Tensor(5.114, shape=(), dtype=float32)",5.31807,0.004452716559171677
/tmp/DataSetCombined/Edges/Round-10_0050329_edge.png,"tf.Tensor(2.48, shape=(), dtype=float32)",2.533603,0.004452716559171677
/tmp/DataSetCombined/Edges/Round-10_0073476_edge.png,"tf.Tensor(1.675, shape=(), dtype=float32)",1.7835642,0.004452716559171677
/tmp/DataSetCombined/Edges/Round-8_0003468_edge.png,"tf.Tensor(4.262, shape=(), dtype=float32)",4.4220314,0.004452716559171677
/tmp/DataSetCombined/Edges/Round-6_0058275_edge.png,"tf.Tensor(5.036, shape=(), dtype=float32)",5.1900926,0.004452716559171677
/tmp/DataSetCombined/Edges/Round-8_0001607_edge.png,"tf.Tensor(4.756, shape=(), dtype=float32)",4.900043,0.004452716559171677
/tmp/DataSetCombined/Edges/Round-10_0071579_edge.png,"tf.Tensor(3.012, shape=(), dtype=float32)",3.0010502,0.004452716559171677
/tmp/DataSetCombined/Edges/Round-8_0046168_edge.png,"tf.Tensor(4.954, shape=(), dtype=float32)",5.0355783,0.004452716559171677
/tmp/DataSetCombined/Edges/Round-7_0029683_edge.png,"tf.Tensor(5.083, shape=(), dtype=float32)",5.1675377,0.004452716559171677
/tmp/DataSetCombined/Edges/Round-1_0073809_edge.png,"tf.Tensor(2.134, shape=(), dtype=float32)",2.2085998,0.004452716559171677
/tmp/DataSetCombined/Edges/Round-8_0057816_edge.png,"tf.Tensor(4.974, shape=(), dtype=float32)",5.066192,0.004452716559171677
/tmp/DataSetCombined/Edges/Round-2_0055067_edge.png,"tf.Tensor(3.392, shape=(), dtype=float32)",3.5512106,0.004452716559171677
/tmp/DataSetCombined/Edges/Round-7_0124586_edge.png,"tf.Tensor(4.775, shape=(), dtype=float32)",4.9750457,0.004452716559171677
/tmp/DataSetCombined/Edges/Round-8_0087686_edge.png,"tf.Tensor(2.509, shape=(), dtype=float32)",2.7595623,0.004452716559171677
/tmp/DataSetCombined/Edges/Round-9_0101230_edge.png,"tf.Tensor(1.923, shape=(), dtype=float32)",1.9625717,0.004452716559171677
/tmp/DataSetCombined/Edges/Round-6_0034723_edge.png,"tf.Tensor(2.537, shape=(), dtype=float32)",2.662791,0.004452716559171677
/tmp/DataSetCombined/Edges/Round-1_0118319_edge.png,"tf.Tensor(3.007, shape=(), dtype=float32)",3.098706,0.004452716559171677
/tmp/DataSetCombined/Edges/Round-8_0039184_edge.png,"tf.Tensor(4.519, shape=(), dtype=float32)",4.6332107,0.004452716559171677
/tmp/DataSetCombined/Edges/Round-9_0182829_edge.png,"tf.Tensor(2.51, shape=(), dtype=float32)",2.7511475,0.004452716559171677
/tmp/DataSetCombined/Edges/Round-7_0086179_edge.png,"tf.Tensor(4.982, shape=(), dtype=float32)",4.9797263,0.004452716559171677
/tmp/DataSetCombined/Edges/Round-9_0185989_edge.png,"tf.Tensor(5.156, shape=(), dtype=float32)",5.13846,0.004452716559171677
/tmp/DataSetCombined/Edges/Round-7_0115676_edge.png,"tf.Tensor(4.751, shape=(), dtype=float32)",5.0281096,0.004452716559171677
/tmp/DataSetCombined/Edges/Round-8_0073540_edge.png,"tf.Tensor(2.907, shape=(), dtype=float32)",3.0449188,0.004452716559171677
/tmp/DataSetCombined/Edges/Round-1_0054467_edge.png,"tf.Tensor(1.995, shape=(), dtype=float32)",1.9561607,0.004452716559171677
/tmp/DataSetCombined/Edges/Round-2_0018400_edge.png,"tf.Tensor(5.083, shape=(), dtype=float32)",5.1861258,0.004452716559171677
/tmp/DataSetCombined/Edges/Round-4_0083620_edge.png,"tf.Tensor(2.008, shape=(), dtype=float32)",2.0109398,0.004452716559171677
/tmp/DataSetCombined/Edges/Round-3_0065107_edge.png,"tf.Tensor(5.645, shape=(), dtype=float32)",5.517506,0.004452716559171677
/tmp/DataSetCombined/Edges/Round-4_0019041_edge.png,"tf.Tensor(2.925, shape=(), dtype=float32)",3.0133805,0.004452716559171677
/tmp/DataSetCombined/Edges/Round-10_0181142_edge.png,"tf.Tensor(1.94, shape=(), dtype=float32)",1.9838301,0.004452716559171677
/tmp/DataSetCombined/Edges/Round-5_0053132_edge.png,"tf.Tensor(5.473, shape=(), dtype=float32)",5.4489245,0.004452716559171677
/tmp/DataSetCombined/Edges/Round-5_0003879_edge.png,"tf.Tensor(4.287, shape=(), dtype=float32)",4.4447236,0.004452716559171677
/tmp/DataSetCombined/Edges/Round-3_0037234_edge.png,"tf.Tensor(2.519, shape=(), dtype=float32)",2.5447924,0.004452716559171677
/tmp/DataSetCombined/Edges/Round-2_0102686_edge.png,"tf.Tensor(2.089, shape=(), dtype=float32)",1.9992362,0.004452716559171677
/tmp/DataSetCombined/Edges/Round-9_0089581_edge.png,"tf.Tensor(2.799, shape=(), dtype=float32)",2.9041245,0.004452716559171677
/tmp/DataSetCombined/Edges/Round-1_0106888_edge.png,"tf.Tensor(4.54, shape=(), dtype=float32)",4.6585016,0.004452716559171677
/tmp/DataSetCombined/Edges/Round-1_0066967_edge.png,"tf.Tensor(5.43, shape=(), dtype=float32)",5.408487,0.004452716559171677
/tmp/DataSetCombined/Edges/Round-4_0069142_edge.png,"tf.Tensor(5.08, shape=(), dtype=float32)",5.187204,0.004452716559171677
/tmp/DataSetCombined/Edges/Round-5_0103188_edge.png,"tf.Tensor(2.43, shape=(), dtype=float32)",2.4303823,0.004452716559171677
/tmp/DataSetCombined/Edges/Round-8_0066334_edge.png,"tf.Tensor(5.061, shape=(), dtype=float32)",5.1803145,0.004452716559171677
/tmp/DataSetCombined/Edges/Round-7_0038953_edge.png,"tf.Tensor(5.68, shape=(), dtype=float32)",5.511482,0.004452716559171677
/tmp/DataSetCombined/Edges/Round-3_0030643_edge.png,"tf.Tensor(5.521, shape=(), dtype=float32)",5.5565314,0.004452716559171677
/tmp/DataSetCombined/Edges/Round-1_0153693_edge.png,"tf.Tensor(5.574, shape=(), dtype=float32)",5.529909,0.004452716559171677
/tmp/DataSetCombined/Edges/Round-5_0023605_edge.png,"tf.Tensor(5.272, shape=(), dtype=float32)",5.4575596,0.004452716559171677
/tmp/DataSetCombined/Edges/Round-7_0033813_edge.png,"tf.Tensor(4.263, shape=(), dtype=float32)",4.4202247,0.004452716559171677
/tmp/DataSetCombined/Edges/Round-10_0058637_edge.png,"tf.Tensor(3.596, shape=(), dtype=float32)",3.7887423,0.004452716559171677
/tmp/DataSetCombined/Edges/Round-10_0083469_edge.png,"tf.Tensor(2.238, shape=(), dtype=float32)",2.1815078,0.004452716559171677
/tmp/DataSetCombined/Edges/Round-3_0037300_edge.png,"tf.Tensor(2.501, shape=(), dtype=float32)",2.6515255,0.004452716559171677
/tmp/DataSetCombined/Edges/Round-9_0107482_edge.png,"tf.Tensor(5.15, shape=(), dtype=float32)",5.3864026,0.00593123584985733
/tmp/DataSetCombined/Edges/Round-8_0078223_edge.png,"tf.Tensor(5.43, shape=(), dtype=float32)",5.549043,0.00593123584985733
/tmp/DataSetCombined/Edges/Round-2_0077601_edge.png,"tf.Tensor(2.67, shape=(), dtype=float32)",2.8957691,0.00593123584985733
/tmp/DataSetCombined/Edges/Round-1_0119470_edge.png,"tf.Tensor(5.326, shape=(), dtype=float32)",5.391296,0.00593123584985733
/tmp/DataSetCombined/Edges/Round-8_0049538_edge.png,"tf.Tensor(4.217, shape=(), dtype=float32)",4.41303,0.00593123584985733
/tmp/DataSetCombined/Edges/Round-4_0069443_edge.png,"tf.Tensor(5.666, shape=(), dtype=float32)",5.5338016,0.00593123584985733
/tmp/DataSetCombined/Edges/Round-8_0044693_edge.png,"tf.Tensor(5.02, shape=(), dtype=float32)",5.107708,0.00593123584985733
/tmp/DataSetCombined/Edges/Round-1_0019400_edge.png,"tf.Tensor(3.874, shape=(), dtype=float32)",4.0829725,0.00593123584985733
/tmp/DataSetCombined/Edges/Round-10_0058155_edge.png,"tf.Tensor(2.116, shape=(), dtype=float32)",2.0379303,0.00593123584985733
/tmp/DataSetCombined/Edges/Round-5_0022070_edge.png,"tf.Tensor(5.062, shape=(), dtype=float32)",5.2450004,0.00593123584985733
/tmp/DataSetCombined/Edges/Round-1_0010000_edge.png,"tf.Tensor(1.973, shape=(), dtype=float32)",1.9104933,0.00593123584985733
/tmp/DataSetCombined/Edges/Round-6_0054061_edge.png,"tf.Tensor(5.035, shape=(), dtype=float32)",5.182092,0.00593123584985733
/tmp/DataSetCombined/Edges/Round-10_0113599_edge.png,"tf.Tensor(1.833, shape=(), dtype=float32)",1.8772199,0.00593123584985733
/tmp/DataSetCombined/Edges/Round-4_0015926_edge.png,"tf.Tensor(2.658, shape=(), dtype=float32)",2.8874965,0.00593123584985733
/tmp/DataSetCombined/Edges/Round-1_0130757_edge.png,"tf.Tensor(2.623, shape=(), dtype=float32)",2.7410278,0.00593123584985733
/tmp/DataSetCombined/Edges/Round-9_0188006_edge.png,"tf.Tensor(5.472, shape=(), dtype=float32)",5.539511,0.00593123584985733
/tmp/DataSetCombined/Edges/Round-3_0003667_edge.png,"tf.Tensor(5.129, shape=(), dtype=float32)",5.29833,0.00593123584985733
/tmp/DataSetCombined/Edges/Round-1_0079828_edge.png,"tf.Tensor(5.443, shape=(), dtype=float32)",5.5308013,0.00593123584985733
/tmp/DataSetCombined/Edges/Round-5_0016863_edge.png,"tf.Tensor(5.568, shape=(), dtype=float32)",5.5305963,0.00593123584985733
/tmp/DataSetCombined/Edges/Round-1_0010167_edge.png,"tf.Tensor(5.179, shape=(), dtype=float32)",5.212434,0.00593123584985733
/tmp/DataSetCombined/Edges/Round-7_0030946_edge.png,"tf.Tensor(5.366, shape=(), dtype=float32)",5.346312,0.00593123584985733
/tmp/DataSetCombined/Edges/Round-9_0170679_edge.png,"tf.Tensor(2.968, shape=(), dtype=float32)",3.0680678,0.00593123584985733
/tmp/DataSetCombined/Edges/Round-8_0052109_edge.png,"tf.Tensor(5.135, shape=(), dtype=float32)",5.2873063,0.00593123584985733
/tmp/DataSetCombined/Edges/Round-10_0147826_edge.png,"tf.Tensor(5.517, shape=(), dtype=float32)",5.5515747,0.00593123584985733
/tmp/DataSetCombined/Edges/Round-5_0064059_edge.png,"tf.Tensor(5.341, shape=(), dtype=float32)",5.3370385,0.00593123584985733
/tmp/DataSetCombined/Edges/Round-5_0116553_edge.png,"tf.Tensor(4.778, shape=(), dtype=float32)",4.943979,0.00593123584985733
/tmp/DataSetCombined/Edges/Round-5_0114596_edge.png,"tf.Tensor(4.302, shape=(), dtype=float32)",4.5089602,0.00593123584985733
/tmp/DataSetCombined/Edges/Round-9_0089279_edge.png,"tf.Tensor(2.787, shape=(), dtype=float32)",2.869231,0.00593123584985733
/tmp/DataSetCombined/Edges/Round-7_0021013_edge.png,"tf.Tensor(5.69, shape=(), dtype=float32)",5.533125,0.00593123584985733
/tmp/DataSetCombined/Edges/Round-1_0058467_edge.png,"tf.Tensor(5.586, shape=(), dtype=float32)",5.5059376,0.00593123584985733
/tmp/DataSetCombined/Edges/Round-3_0081632_edge.png,"tf.Tensor(4.589, shape=(), dtype=float32)",4.713576,0.00593123584985733
/tmp/DataSetCombined/Edges/Round-6_0041449_edge.png,"tf.Tensor(5.361, shape=(), dtype=float32)",5.438908,0.00593123584985733
/tmp/DataSetCombined/Edges/Round-3_0007167_edge.png,"tf.Tensor(5.561, shape=(), dtype=float32)",5.470255,0.00593123584985733
/tmp/DataSetCombined/Edges/Round-3_0052401_edge.png,"tf.Tensor(2.853, shape=(), dtype=float32)",2.8920915,0.00593123584985733
/tmp/DataSetCombined/Edges/Round-2_0093204_edge.png,"tf.Tensor(2.789, shape=(), dtype=float32)",2.8961112,0.00593123584985733
/tmp/DataSetCombined/Edges/Round-10_0070857_edge.png,"tf.Tensor(1.945, shape=(), dtype=float32)",1.9274858,0.00593123584985733
/tmp/DataSetCombined/Edges/Round-9_0122991_edge.png,"tf.Tensor(2.842, shape=(), dtype=float32)",2.8459954,0.00593123584985733
/tmp/DataSetCombined/Edges/Round-6_0054603_edge.png,"tf.Tensor(3.474, shape=(), dtype=float32)",3.6473885,0.00593123584985733
/tmp/DataSetCombined/Edges/Round-6_0123742_edge.png,"tf.Tensor(3.05, shape=(), dtype=float32)",2.9932225,0.00593123584985733
/tmp/DataSetCombined/Edges/Round-9_0191106_edge.png,"tf.Tensor(2.764, shape=(), dtype=float32)",2.833384,0.00593123584985733
/tmp/DataSetCombined/Edges/Round-9_0133225_edge.png,"tf.Tensor(2.647, shape=(), dtype=float32)",2.8792574,0.00593123584985733
/tmp/DataSetCombined/Edges/Round-8_0058731_edge.png,"tf.Tensor(5.573, shape=(), dtype=float32)",5.5283656,0.00593123584985733
/tmp/DataSetCombined/Edges/Round-4_0079888_edge.png,"tf.Tensor(1.674, shape=(), dtype=float32)",1.7851601,0.00593123584985733
/tmp/DataSetCombined/Edges/Round-10_0008370_edge.png,"tf.Tensor(5.536, shape=(), dtype=float32)",5.600402,0.00593123584985733
/tmp/DataSetCombined/Edges/Round-8_0014864_edge.png,"tf.Tensor(3.244, shape=(), dtype=float32)",3.279977,0.00593123584985733
/tmp/DataSetCombined/Edges/Round-2_0093054_edge.png,"tf.Tensor(4.424, shape=(), dtype=float32)",4.548546,0.00593123584985733
/tmp/DataSetCombined/Edges/Round-5_0115108_edge.png,"tf.Tensor(5.568, shape=(), dtype=float32)",5.5245442,0.00593123584985733
/tmp/DataSetCombined/Edges/Round-1_0108393_edge.png,"tf.Tensor(5.693, shape=(), dtype=float32)",5.536897,0.00593123584985733
/tmp/DataSetCombined/Edges/Round-7_0070045_edge.png,"tf.Tensor(5.514, shape=(), dtype=float32)",5.484,0.00593123584985733
/tmp/DataSetCombined/Edges/Round-5_0112098_edge.png,"tf.Tensor(1.232, shape=(), dtype=float32)",1.5375706,0.00593123584985733
/tmp/DataSetCombined/Edges/Round-9_0105232_edge.png,"tf.Tensor(5.148, shape=(), dtype=float32)",5.3137703,0.00593123584985733
/tmp/DataSetCombined/Edges/Round-6_0016166_edge.png,"tf.Tensor(2.88, shape=(), dtype=float32)",2.9048097,0.00593123584985733
/tmp/DataSetCombined/Edges/Round-6_0062940_edge.png,"tf.Tensor(2.213, shape=(), dtype=float32)",2.0640574,0.00593123584985733
/tmp/DataSetCombined/Edges/Round-2_0072285_edge.png,"tf.Tensor(2.154, shape=(), dtype=float32)",2.1972842,0.00593123584985733
/tmp/DataSetCombined/Edges/Round-9_0092418_edge.png,"tf.Tensor(3.801, shape=(), dtype=float32)",4.0630946,0.00593123584985733
/tmp/DataSetCombined/Edges/Round-10_0142705_edge.png,"tf.Tensor(3.865, shape=(), dtype=float32)",4.0656505,0.00593123584985733
/tmp/DataSetCombined/Edges/Round-8_0063806_edge.png,"tf.Tensor(5.518, shape=(), dtype=float32)",5.563758,0.00593123584985733
/tmp/DataSetCombined/Edges/Round-4_0058366_edge.png,"tf.Tensor(5.212, shape=(), dtype=float32)",5.193437,0.00593123584985733
/tmp/DataSetCombined/Edges/Round-4_0007468_edge.png,"tf.Tensor(5.347, shape=(), dtype=float32)",5.403723,0.00593123584985733
/tmp/DataSetCombined/Edges/Round-5_0045849_edge.png,"tf.Tensor(3.62, shape=(), dtype=float32)",3.8174617,0.00593123584985733
/tmp/DataSetCombined/Edges/Round-4_0023240_edge.png,"tf.Tensor(5.553, shape=(), dtype=float32)",5.5953574,0.00593123584985733
/tmp/DataSetCombined/Edges/Round-10_0142283_edge.png,"tf.Tensor(5.23, shape=(), dtype=float32)",5.4289403,0.00593123584985733
/tmp/DataSetCombined/Edges/Round-10_0060051_edge.png,"tf.Tensor(2.212, shape=(), dtype=float32)",2.1707168,0.00593123584985733
/tmp/DataSetCombined/Edges/Round-10_0045875_edge.png,"tf.Tensor(2.121, shape=(), dtype=float32)",2.0251486,0.00593123584985733
/tmp/DataSetCombined/Edges/Round-7_0103877_edge.png,"tf.Tensor(5.371, shape=(), dtype=float32)",5.443587,0.004946496337652206
/tmp/DataSetCombined/Edges/Round-1_0012934_edge.png,"tf.Tensor(2.452, shape=(), dtype=float32)",2.6310894,0.004946496337652206
/tmp/DataSetCombined/Edges/Round-6_0129280_edge.png,"tf.Tensor(5.436, shape=(), dtype=float32)",5.560698,0.004946496337652206
/tmp/DataSetCombined/Edges/Round-9_0044461_edge.png,"tf.Tensor(4.793, shape=(), dtype=float32)",4.9469934,0.004946496337652206
/tmp/DataSetCombined/Edges/Round-7_0049465_edge.png,"tf.Tensor(4.577, shape=(), dtype=float32)",4.812555,0.004946496337652206
/tmp/DataSetCombined/Edges/Round-1_0069167_edge.png,"tf.Tensor(2.802, shape=(), dtype=float32)",2.9009025,0.004946496337652206
/tmp/DataSetCombined/Edges/Round-8_0062614_edge.png,"tf.Tensor(5.561, shape=(), dtype=float32)",5.475261,0.004946496337652206
/tmp/DataSetCombined/Edges/Round-10_0162888_edge.png,"tf.Tensor(3.286, shape=(), dtype=float32)",3.4449356,0.004946496337652206
/tmp/DataSetCombined/Edges/Round-4_0076185_edge.png,"tf.Tensor(5.223, shape=(), dtype=float32)",5.2029414,0.004946496337652206
/tmp/DataSetCombined/Edges/Round-5_0101533_edge.png,"tf.Tensor(5.145, shape=(), dtype=float32)",5.307656,0.004946496337652206
/tmp/DataSetCombined/Edges/Round-9_0138914_edge.png,"tf.Tensor(4.876, shape=(), dtype=float32)",5.1285524,0.004946496337652206
/tmp/DataSetCombined/Edges/Round-1_0151736_edge.png,"tf.Tensor(5.449, shape=(), dtype=float32)",5.528603,0.004946496337652206
/tmp/DataSetCombined/Edges/Round-10_0037808_edge.png,"tf.Tensor(2.098, shape=(), dtype=float32)",2.001755,0.004946496337652206
/tmp/DataSetCombined/Edges/Round-6_0005243_edge.png,"tf.Tensor(2.518, shape=(), dtype=float32)",2.6660507,0.004946496337652206
/tmp/DataSetCombined/Edges/Round-7_0119529_edge.png,"tf.Tensor(4.265, shape=(), dtype=float32)",4.434537,0.004946496337652206
/tmp/DataSetCombined/Edges/Round-2_0066836_edge.png,"tf.Tensor(2.475, shape=(), dtype=float32)",2.6283677,0.004946496337652206
/tmp/DataSetCombined/Edges/Round-9_0197668_edge.png,"tf.Tensor(4.86, shape=(), dtype=float32)",5.1175857,0.004946496337652206
/tmp/DataSetCombined/Edges/Round-7_0075104_edge.png,"tf.Tensor(4.954, shape=(), dtype=float32)",5.031968,0.004946496337652206
/tmp/DataSetCombined/Edges/Round-3_0047710_edge.png,"tf.Tensor(4.401, shape=(), dtype=float32)",4.6298976,0.004946496337652206
/tmp/DataSetCombined/Edges/Round-9_0033294_edge.png,"tf.Tensor(2.623, shape=(), dtype=float32)",2.749807,0.004946496337652206
/tmp/DataSetCombined/Edges/Round-9_0089618_edge.png,"tf.Tensor(2.498, shape=(), dtype=float32)",2.6406326,0.004946496337652206
/tmp/DataSetCombined/Edges/Round-10_0106856_edge.png,"tf.Tensor(2.631, shape=(), dtype=float32)",2.7732701,0.004946496337652206
/tmp/DataSetCombined/Edges/Round-10_0065981_edge.png,"tf.Tensor(3.424, shape=(), dtype=float32)",3.5856102,0.004946496337652206
/tmp/DataSetCombined/Edges/Round-10_0081964_edge.png,"tf.Tensor(5.562, shape=(), dtype=float32)",5.4847875,0.004946496337652206
/tmp/DataSetCombined/Edges/Round-2_0093836_edge.png,"tf.Tensor(5.678, shape=(), dtype=float32)",5.644469,0.004946496337652206
/tmp/DataSetCombined/Edges/Round-2_0069400_edge.png,"tf.Tensor(1.856, shape=(), dtype=float32)",1.8938023,0.004946496337652206
/tmp/DataSetCombined/Edges/Round-1_0065501_edge.png,"tf.Tensor(5.651, shape=(), dtype=float32)",5.50354,0.004946496337652206
/tmp/DataSetCombined/Edges/Round-5_0002879_edge.png,"tf.Tensor(5.408, shape=(), dtype=float32)",5.4138308,0.004946496337652206
/tmp/DataSetCombined/Edges/Round-8_0047263_edge.png,"tf.Tensor(5.42, shape=(), dtype=float32)",5.431695,0.004946496337652206
/tmp/DataSetCombined/Edges/Round-6_0030222_edge.png,"tf.Tensor(5.083, shape=(), dtype=float32)",5.169934,0.004946496337652206
/tmp/DataSetCombined/Edges/Round-6_0044399_edge.png,"tf.Tensor(1.981, shape=(), dtype=float32)",1.9582348,0.004946496337652206
/tmp/DataSetCombined/Edges/Round-9_0008311_edge.png,"tf.Tensor(2.651, shape=(), dtype=float32)",2.774757,0.004946496337652206
/tmp/DataSetCombined/Edges/Round-8_0010481_edge.png,"tf.Tensor(2.813, shape=(), dtype=float32)",2.876651,0.004946496337652206
/tmp/DataSetCombined/Edges/Round-5_0014364_edge.png,"tf.Tensor(2.413, shape=(), dtype=float32)",2.4305418,0.004946496337652206
/tmp/DataSetCombined/Edges/Round-6_0057402_edge.png,"tf.Tensor(2.083, shape=(), dtype=float32)",2.1257865,0.004946496337652206
/tmp/DataSetCombined/Edges/Round-4_0007569_edge.png,"tf.Tensor(5.562, shape=(), dtype=float32)",5.4788747,0.004946496337652206
/tmp/DataSetCombined/Edges/Round-8_0024526_edge.png,"tf.Tensor(5.326, shape=(), dtype=float32)",5.473273,0.004946496337652206
/tmp/DataSetCombined/Edges/Round-10_0154022_edge.png,"tf.Tensor(3.334, shape=(), dtype=float32)",3.2543433,0.004946496337652206
/tmp/DataSetCombined/Edges/Round-1_0078625_edge.png,"tf.Tensor(3.16, shape=(), dtype=float32)",3.219312,0.004946496337652206
/tmp/DataSetCombined/Edges/Round-10_0069502_edge.png,"tf.Tensor(2.524, shape=(), dtype=float32)",2.66093,0.004946496337652206
/tmp/DataSetCombined/Edges/Round-6_0102582_edge.png,"tf.Tensor(3.13, shape=(), dtype=float32)",3.1780896,0.004946496337652206
/tmp/DataSetCombined/Edges/Round-9_0190083_edge.png,"tf.Tensor(4.402, shape=(), dtype=float32)",4.6120005,0.004946496337652206
/tmp/DataSetCombined/Edges/Round-5_0018368_edge.png,"tf.Tensor(5.571, shape=(), dtype=float32)",5.607071,0.004946496337652206
/tmp/DataSetCombined/Edges/Round-1_0047634_edge.png,"tf.Tensor(2.984, shape=(), dtype=float32)",2.9808009,0.004946496337652206
/tmp/DataSetCombined/Edges/Round-6_0028838_edge.png,"tf.Tensor(5.154, shape=(), dtype=float32)",5.159793,0.004946496337652206
/tmp/DataSetCombined/Edges/Round-5_0104753_edge.png,"tf.Tensor(3.273, shape=(), dtype=float32)",3.4052422,0.004946496337652206
/tmp/DataSetCombined/Edges/Round-9_0015896_edge.png,"tf.Tensor(3.506, shape=(), dtype=float32)",3.6326392,0.004946496337652206
/tmp/DataSetCombined/Edges/Round-5_0008946_edge.png,"tf.Tensor(5.189, shape=(), dtype=float32)",5.197692,0.004946496337652206
/tmp/DataSetCombined/Edges/Round-4_0052718_edge.png,"tf.Tensor(4.788, shape=(), dtype=float32)",4.948246,0.004946496337652206
/tmp/DataSetCombined/Edges/Round-2_0109337_edge.png,"tf.Tensor(4.489, shape=(), dtype=float32)",4.645232,0.004946496337652206
/tmp/DataSetCombined/Edges/Round-10_0023811_edge.png,"tf.Tensor(2.371, shape=(), dtype=float32)",2.5047328,0.004946496337652206
/tmp/DataSetCombined/Edges/Round-9_0162361_edge.png,"tf.Tensor(4.804, shape=(), dtype=float32)",5.015179,0.004946496337652206
/tmp/DataSetCombined/Edges/Round-9_0033926_edge.png,"tf.Tensor(3.341, shape=(), dtype=float32)",3.4639845,0.004946496337652206
/tmp/DataSetCombined/Edges/Round-4_0049667_edge.png,"tf.Tensor(5.45, shape=(), dtype=float32)",5.538666,0.004946496337652206
/tmp/DataSetCombined/Edges/Round-10_0100927_edge.png,"tf.Tensor(2.706, shape=(), dtype=float32)",2.7548325,0.004946496337652206
/tmp/DataSetCombined/Edges/Round-1_0139096_edge.png,"tf.Tensor(5.213, shape=(), dtype=float32)",5.19583,0.004946496337652206
/tmp/DataSetCombined/Edges/Round-7_0054996_edge.png,"tf.Tensor(4.958, shape=(), dtype=float32)",5.053885,0.004946496337652206
/tmp/DataSetCombined/Edges/Round-9_0193002_edge.png,"tf.Tensor(3.548, shape=(), dtype=float32)",3.6855981,0.004946496337652206
/tmp/DataSetCombined/Edges/Round-10_0174852_edge.png,"tf.Tensor(3.834, shape=(), dtype=float32)",4.022242,0.004946496337652206
/tmp/DataSetCombined/Edges/Round-5_0028661_edge.png,"tf.Tensor(4.956, shape=(), dtype=float32)",5.0427847,0.004946496337652206
/tmp/DataSetCombined/Edges/Round-7_0041211_edge.png,"tf.Tensor(2.6, shape=(), dtype=float32)",2.7387745,0.004946496337652206
/tmp/DataSetCombined/Edges/Round-8_0024267_edge.png,"tf.Tensor(4.717, shape=(), dtype=float32)",4.8067384,0.004946496337652206
/tmp/DataSetCombined/Edges/Round-7_0068209_edge.png,"tf.Tensor(3.703, shape=(), dtype=float32)",3.8346882,0.004946496337652206
/tmp/DataSetCombined/Edges/Round-3_0034074_edge.png,"tf.Tensor(5.193, shape=(), dtype=float32)",5.1851125,0.004946496337652206
/tmp/DataSetCombined/Edges/Round-9_0075584_edge.png,"tf.Tensor(1.818, shape=(), dtype=float32)",1.8930057,0.004557643085718155
/tmp/DataSetCombined/Edges/Round-5_0067881_edge.png,"tf.Tensor(5.568, shape=(), dtype=float32)",5.592859,0.004557643085718155
/tmp/DataSetCombined/Edges/Round-9_0067306_edge.png,"tf.Tensor(4.265, shape=(), dtype=float32)",4.439754,0.004557643085718155
/tmp/DataSetCombined/Edges/Round-9_0137047_edge.png,"tf.Tensor(4.686, shape=(), dtype=float32)",4.8052664,0.004557643085718155
/tmp/DataSetCombined/Edges/Round-6_0072151_edge.png,"tf.Tensor(5.585, shape=(), dtype=float32)",5.495467,0.004557643085718155
/tmp/DataSetCombined/Edges/Round-5_0084466_edge.png,"tf.Tensor(5.046, shape=(), dtype=float32)",5.1965613,0.004557643085718155
/tmp/DataSetCombined/Edges/Round-9_0120493_edge.png,"tf.Tensor(4.978, shape=(), dtype=float32)",5.1613703,0.004557643085718155
/tmp/DataSetCombined/Edges/Round-9_0093914_edge.png,"tf.Tensor(3.465, shape=(), dtype=float32)",3.650365,0.004557643085718155
/tmp/DataSetCombined/Edges/Round-4_0081152_edge.png,"tf.Tensor(5.445, shape=(), dtype=float32)",5.5414424,0.004557643085718155
/tmp/DataSetCombined/Edges/Round-7_0020321_edge.png,"tf.Tensor(4.631, shape=(), dtype=float32)",4.863858,0.004557643085718155
/tmp/DataSetCombined/Edges/Round-6_0097284_edge.png,"tf.Tensor(4.071, shape=(), dtype=float32)",4.2825427,0.004557643085718155
/tmp/DataSetCombined/Edges/Round-10_0118565_edge.png,"tf.Tensor(2.384, shape=(), dtype=float32)",2.35073,0.004557643085718155
/tmp/DataSetCombined/Edges/Round-6_0122658_edge.png,"tf.Tensor(3.291, shape=(), dtype=float32)",3.3924823,0.004557643085718155
/tmp/DataSetCombined/Edges/Round-9_0128439_edge.png,"tf.Tensor(5.134, shape=(), dtype=float32)",5.317149,0.004557643085718155
/tmp/DataSetCombined/Edges/Round-3_0084552_edge.png,"tf.Tensor(3.8, shape=(), dtype=float32)",3.9899824,0.004557643085718155
/tmp/DataSetCombined/Edges/Round-10_0035339_edge.png,"tf.Tensor(2.911, shape=(), dtype=float32)",2.938047,0.004557643085718155
/tmp/DataSetCombined/Edges/Round-9_0059149_edge.png,"tf.Tensor(5.077, shape=(), dtype=float32)",5.2135825,0.004557643085718155
/tmp/DataSetCombined/Edges/Round-9_0194177_edge.png,"tf.Tensor(5.448, shape=(), dtype=float32)",5.5409055,0.004557643085718155
/tmp/DataSetCombined/Edges/Round-8_0036987_edge.png,"tf.Tensor(5.519, shape=(), dtype=float32)",5.5518527,0.004557643085718155
/tmp/DataSetCombined/Edges/Round-6_0015473_edge.png,"tf.Tensor(5.446, shape=(), dtype=float32)",5.4384904,0.004557643085718155
/tmp/DataSetCombined/Edges/Round-5_0040009_edge.png,"tf.Tensor(4.792, shape=(), dtype=float32)",4.934936,0.004557643085718155
/tmp/DataSetCombined/Edges/Round-1_0153783_edge.png,"tf.Tensor(4.274, shape=(), dtype=float32)",4.450207,0.004557643085718155
/tmp/DataSetCombined/Edges/Round-9_0058126_edge.png,"tf.Tensor(4.262, shape=(), dtype=float32)",4.436606,0.004557643085718155
/tmp/DataSetCombined/Edges/Round-5_0020233_edge.png,"tf.Tensor(5.126, shape=(), dtype=float32)",5.280798,0.004557643085718155
/tmp/DataSetCombined/Edges/Round-10_0116608_edge.png,"tf.Tensor(2.363, shape=(), dtype=float32)",2.4982798,0.004557643085718155
/tmp/DataSetCombined/Edges/Round-6_0109326_edge.png,"tf.Tensor(3.037, shape=(), dtype=float32)",2.9854286,0.004557643085718155
/tmp/DataSetCombined/Edges/Round-9_0123443_edge.png,"tf.Tensor(5.638, shape=(), dtype=float32)",5.5271792,0.004557643085718155
/tmp/DataSetCombined/Edges/Round-10_0089278_edge.png,"tf.Tensor(2.876, shape=(), dtype=float32)",2.9440253,0.004557643085718155
/tmp/DataSetCombined/Edges/Round-8_0057436_edge.png,"tf.Tensor(2.887, shape=(), dtype=float32)",2.9052474,0.004557643085718155
/tmp/DataSetCombined/Edges/Round-3_0014376_edge.png,"tf.Tensor(5.561, shape=(), dtype=float32)",5.4735994,0.004557643085718155
/tmp/DataSetCombined/Edges/Round-8_0019611_edge.png,"tf.Tensor(2.483, shape=(), dtype=float32)",2.6325018,0.004557643085718155
/tmp/DataSetCombined/Edges/Round-7_0016890_edge.png,"tf.Tensor(4.454, shape=(), dtype=float32)",4.516671,0.004557643085718155
/tmp/DataSetCombined/Edges/Round-9_0024023_edge.png,"tf.Tensor(5.317, shape=(), dtype=float32)",5.323035,0.004557643085718155
/tmp/DataSetCombined/Edges/Round-10_0124374_edge.png,"tf.Tensor(4.265, shape=(), dtype=float32)",4.4199524,0.004557643085718155
/tmp/DataSetCombined/Edges/Round-5_0072998_edge.png,"tf.Tensor(2.125, shape=(), dtype=float32)",2.1288323,0.004557643085718155
/tmp/DataSetCombined/Edges/Round-6_0067485_edge.png,"tf.Tensor(4.267, shape=(), dtype=float32)",4.445923,0.004557643085718155
/tmp/DataSetCombined/Edges/Round-9_0074471_edge.png,"tf.Tensor(2.513, shape=(), dtype=float32)",2.52069,0.004557643085718155
/tmp/DataSetCombined/Edges/Round-6_0096441_edge.png,"tf.Tensor(2.125, shape=(), dtype=float32)",2.1750345,0.004557643085718155
/tmp/DataSetCombined/Edges/Round-7_0006390_edge.png,"tf.Tensor(2.306, shape=(), dtype=float32)",2.4175463,0.004557643085718155
/tmp/DataSetCombined/Edges/Round-1_0164739_edge.png,"tf.Tensor(4.412, shape=(), dtype=float32)",4.605276,0.004557643085718155
/tmp/DataSetCombined/Edges/Round-7_0122931_edge.png,"tf.Tensor(5.218, shape=(), dtype=float32)",5.194199,0.004557643085718155
/tmp/DataSetCombined/Edges/Round-7_0000546_edge.png,"tf.Tensor(5.033, shape=(), dtype=float32)",5.1777735,0.004557643085718155
/tmp/DataSetCombined/Edges/Round-9_0138643_edge.png,"tf.Tensor(2.543, shape=(), dtype=float32)",2.6978893,0.004557643085718155
/tmp/DataSetCombined/Edges/Round-3_0025967_edge.png,"tf.Tensor(3.095, shape=(), dtype=float32)",3.0162444,0.004557643085718155
/tmp/DataSetCombined/Edges/Round-1_0107881_edge.png,"tf.Tensor(2.26, shape=(), dtype=float32)",2.2286227,0.004557643085718155
/tmp/DataSetCombined/Edges/Round-10_0037326_edge.png,"tf.Tensor(2.265, shape=(), dtype=float32)",2.3837724,0.004557643085718155
/tmp/DataSetCombined/Edges/Round-3_0054693_edge.png,"tf.Tensor(5.186, shape=(), dtype=float32)",5.2123847,0.004557643085718155
/tmp/DataSetCombined/Edges/Round-6_0080188_edge.png,"tf.Tensor(2.153, shape=(), dtype=float32)",2.2208831,0.004557643085718155
/tmp/DataSetCombined/Edges/Round-1_0048067_edge.png,"tf.Tensor(1.926, shape=(), dtype=float32)",1.948829,0.004557643085718155
/tmp/DataSetCombined/Edges/Round-1_0100030_edge.png,"tf.Tensor(5.518, shape=(), dtype=float32)",5.562761,0.004557643085718155
/tmp/DataSetCombined/Edges/Round-9_0135211_edge.png,"tf.Tensor(2.383, shape=(), dtype=float32)",2.510572,0.004557643085718155
/tmp/DataSetCombined/Edges/Round-5_0026585_edge.png,"tf.Tensor(5.077, shape=(), dtype=float32)",5.1830816,0.004557643085718155
/tmp/DataSetCombined/Edges/Round-9_0115827_edge.png,"tf.Tensor(5.32, shape=(), dtype=float32)",5.3950515,0.004557643085718155
/tmp/DataSetCombined/Edges/Round-7_0001148_edge.png,"tf.Tensor(5.342, shape=(), dtype=float32)",5.341298,0.004557643085718155
/tmp/DataSetCombined/Edges/Round-7_0077841_edge.png,"tf.Tensor(4.499, shape=(), dtype=float32)",4.6200337,0.004557643085718155
/tmp/DataSetCombined/Edges/Round-2_0076198_edge.png,"tf.Tensor(2.728, shape=(), dtype=float32)",2.9232528,0.004557643085718155
/tmp/DataSetCombined/Edges/Round-8_0082246_edge.png,"tf.Tensor(5.443, shape=(), dtype=float32)",5.528554,0.004557643085718155
/tmp/DataSetCombined/Edges/Round-8_0058117_edge.png,"tf.Tensor(2.729, shape=(), dtype=float32)",2.9287317,0.004557643085718155
/tmp/DataSetCombined/Edges/Round-10_0199774_edge.png,"tf.Tensor(5.517, shape=(), dtype=float32)",5.4929795,0.004557643085718155
/tmp/DataSetCombined/Edges/Round-9_0045966_edge.png,"tf.Tensor(2.252, shape=(), dtype=float32)",2.3627613,0.004557643085718155
/tmp/DataSetCombined/Edges/Round-4_0012073_edge.png,"tf.Tensor(5.033, shape=(), dtype=float32)",5.1675315,0.004557643085718155
/tmp/DataSetCombined/Edges/Round-9_0046959_edge.png,"tf.Tensor(2.071, shape=(), dtype=float32)",1.9869826,0.004557643085718155
/tmp/DataSetCombined/Edges/Round-7_0035521_edge.png,"tf.Tensor(2.71, shape=(), dtype=float32)",2.904464,0.004557643085718155
/tmp/DataSetCombined/Edges/Round-9_0002152_edge.png,"tf.Tensor(5.599, shape=(), dtype=float32)",5.5061164,0.004557643085718155
/tmp/DataSetCombined/Edges/Round-4_0085426_edge.png,"tf.Tensor(2.94, shape=(), dtype=float32)",2.941024,0.004450958222150803
/tmp/DataSetCombined/Edges/Round-9_0053732_edge.png,"tf.Tensor(1.993, shape=(), dtype=float32)",2.0721529,0.004450958222150803
/tmp/DataSetCombined/Edges/Round-10_0100084_edge.png,"tf.Tensor(4.263, shape=(), dtype=float32)",4.42484,0.004450958222150803
/tmp/DataSetCombined/Edges/Round-3_0024200_edge.png,"tf.Tensor(5.549, shape=(), dtype=float32)",5.5949106,0.004450958222150803
/tmp/DataSetCombined/Edges/Round-6_0053369_edge.png,"tf.Tensor(5.037, shape=(), dtype=float32)",5.1872764,0.004450958222150803
/tmp/DataSetCombined/Edges/Round-1_0006267_edge.png,"tf.Tensor(5.341, shape=(), dtype=float32)",5.3445926,0.004450958222150803
/tmp/DataSetCombined/Edges/Round-10_0015504_edge.png,"tf.Tensor(3.499, shape=(), dtype=float32)",3.6174166,0.004450958222150803
/tmp/DataSetCombined/Edges/Round-5_0004364_edge.png,"tf.Tensor(5.237, shape=(), dtype=float32)",5.439861,0.004450958222150803
/tmp/DataSetCombined/Edges/Round-6_0125397_edge.png,"tf.Tensor(5.63, shape=(), dtype=float32)",5.54556,0.004450958222150803
/tmp/DataSetCombined/Edges/Round-1_0023634_edge.png,"tf.Tensor(2.744, shape=(), dtype=float32)",2.774282,0.004450958222150803
/tmp/DataSetCombined/Edges/Round-5_0053614_edge.png,"tf.Tensor(2.451, shape=(), dtype=float32)",2.615213,0.004450958222150803
/tmp/DataSetCombined/Edges/Round-5_0056534_edge.png,"tf.Tensor(5.363, shape=(), dtype=float32)",5.3521056,0.004450958222150803
/tmp/DataSetCombined/Edges/Round-4_0000516_edge.png,"tf.Tensor(2.588, shape=(), dtype=float32)",2.8226619,0.004450958222150803
/tmp/DataSetCombined/Edges/Round-7_0106346_edge.png,"tf.Tensor(5.56, shape=(), dtype=float32)",5.4822783,0.004450958222150803
/tmp/DataSetCombined/Edges/Round-3_0026867_edge.png,"tf.Tensor(5.567, shape=(), dtype=float32)",5.5964723,0.004450958222150803
/tmp/DataSetCombined/Edges/Round-1_0132081_edge.png,"tf.Tensor(2.506, shape=(), dtype=float32)",2.7364984,0.004450958222150803
/tmp/DataSetCombined/Edges/Round-10_0113783_edge.png,"tf.Tensor(5.569, shape=(), dtype=float32)",5.5353656,0.004450958222150803
/tmp/DataSetCombined/Edges/Round-7_0008943_edge.png,"tf.Tensor(5.289, shape=(), dtype=float32)",5.388739,0.004450958222150803
/tmp/DataSetCombined/Edges/Round-6_0043857_edge.png,"tf.Tensor(2.561, shape=(), dtype=float32)",2.7133462,0.004450958222150803
/tmp/DataSetCombined/Edges/Round-10_0137949_edge.png,"tf.Tensor(5.079, shape=(), dtype=float32)",5.187567,0.004450958222150803
/tmp/DataSetCombined/Edges/Round-9_0042384_edge.png,"tf.Tensor(3.057, shape=(), dtype=float32)",3.0039885,0.004450958222150803
/tmp/DataSetCombined/Edges/Round-6_0071338_edge.png,"tf.Tensor(5.52, shape=(), dtype=float32)",5.5665345,0.004450958222150803
/tmp/DataSetCombined/Edges/Round-8_0015044_edge.png,"tf.Tensor(4.706, shape=(), dtype=float32)",4.8165526,0.004450958222150803
/tmp/DataSetCombined/Edges/Round-4_0082566_edge.png,"tf.Tensor(4.427, shape=(), dtype=float32)",4.4986243,0.004450958222150803
/tmp/DataSetCombined/Edges/Round-9_0158207_edge.png,"tf.Tensor(4.955, shape=(), dtype=float32)",5.0273676,0.004450958222150803
/tmp/DataSetCombined/Edges/Round-8_0046739_edge.png,"tf.Tensor(2.979, shape=(), dtype=float32)",2.966478,0.004450958222150803
/tmp/DataSetCombined/Edges/Round-4_0011471_edge.png,"tf.Tensor(5.679, shape=(), dtype=float32)",5.644678,0.004450958222150803
/tmp/DataSetCombined/Edges/Round-10_0008656_edge.png,"tf.Tensor(4.728, shape=(), dtype=float32)",4.853391,0.004450958222150803
/tmp/DataSetCombined/Edges/Round-2_0106568_edge.png,"tf.Tensor(4.957, shape=(), dtype=float32)",5.05302,0.004450958222150803
/tmp/DataSetCombined/Edges/Round-8_0043970_edge.png,"tf.Tensor(3.373, shape=(), dtype=float32)",3.5746,0.004450958222150803
/tmp/DataSetCombined/Edges/Round-4_0058126_edge.png,"tf.Tensor(2.456, shape=(), dtype=float32)",2.5921288,0.004450958222150803
/tmp/DataSetCombined/Edges/Round-4_0009093_edge.png,"tf.Tensor(5.031, shape=(), dtype=float32)",5.164805,0.004450958222150803
/tmp/DataSetCombined/Edges/Round-3_0052101_edge.png,"tf.Tensor(5.562, shape=(), dtype=float32)",5.4742966,0.004450958222150803
/tmp/DataSetCombined/Edges/Round-9_0149719_edge.png,"tf.Tensor(2.109, shape=(), dtype=float32)",2.017845,0.004450958222150803
/tmp/DataSetCombined/Edges/Round-6_0017249_edge.png,"tf.Tensor(5.559, shape=(), dtype=float32)",5.4755287,0.004450958222150803
/tmp/DataSetCombined/Edges/Round-4_0026461_edge.png,"tf.Tensor(2.905, shape=(), dtype=float32)",3.0389788,0.004450958222150803
/tmp/DataSetCombined/Edges/Round-9_0166214_edge.png,"tf.Tensor(2.44, shape=(), dtype=float32)",2.6239507,0.004450958222150803
/tmp/DataSetCombined/Edges/Round-9_0051716_edge.png,"tf.Tensor(4.511, shape=(), dtype=float32)",4.6239266,0.004450958222150803
/tmp/DataSetCombined/Edges/Round-10_0055265_edge.png,"tf.Tensor(2.378, shape=(), dtype=float32)",2.3174672,0.004450958222150803
/tmp/DataSetCombined/Edges/Round-10_0026490_edge.png,"tf.Tensor(4.012, shape=(), dtype=float32)",4.2274528,0.004450958222150803
/tmp/DataSetCombined/Edges/Round-10_0094004_edge.png,"tf.Tensor(5.517, shape=(), dtype=float32)",5.565619,0.004450958222150803
/tmp/DataSetCombined/Edges/Round-7_0118416_edge.png,"tf.Tensor(5.646, shape=(), dtype=float32)",5.5272894,0.004450958222150803
/tmp/DataSetCombined/Edges/Round-7_0113720_edge.png,"tf.Tensor(2.817, shape=(), dtype=float32)",2.898495,0.004450958222150803
/tmp/DataSetCombined/Edges/Round-5_0039295_edge.png,"tf.Tensor(5.571, shape=(), dtype=float32)",5.528157,0.004450958222150803
/tmp/DataSetCombined/Edges/Round-8_0077651_edge.png,"tf.Tensor(2.972, shape=(), dtype=float32)",3.063084,0.004450958222150803
/tmp/DataSetCombined/Edges/Round-9_0121967_edge.png,"tf.Tensor(3.545, shape=(), dtype=float32)",3.655006,0.004450958222150803
/tmp/DataSetCombined/Edges/Round-7_0091717_edge.png,"tf.Tensor(1.969, shape=(), dtype=float32)",2.0241673,0.004450958222150803
/tmp/DataSetCombined/Edges/Round-8_0029854_edge.png,"tf.Tensor(2.711, shape=(), dtype=float32)",2.7489672,0.004450958222150803
/tmp/DataSetCombined/Edges/Round-7_0118867_edge.png,"tf.Tensor(5.692, shape=(), dtype=float32)",5.5385,0.004450958222150803
/tmp/DataSetCombined/Edges/Round-4_0090994_edge.png,"tf.Tensor(5.21, shape=(), dtype=float32)",5.222201,0.004450958222150803
/tmp/DataSetCombined/Edges/Round-4_0069684_edge.png,"tf.Tensor(3.087, shape=(), dtype=float32)",3.1280391,0.004450958222150803
/tmp/DataSetCombined/Edges/Round-1_0150051_edge.png,"tf.Tensor(3.466, shape=(), dtype=float32)",3.808356,0.004450958222150803
/tmp/DataSetCombined/Edges/Round-1_0015667_edge.png,"tf.Tensor(2.725, shape=(), dtype=float32)",2.9107587,0.004450958222150803
/tmp/DataSetCombined/Edges/Round-10_0011501_edge.png,"tf.Tensor(5.163, shape=(), dtype=float32)",5.154081,0.004450958222150803
/tmp/DataSetCombined/Edges/Round-8_0080409_edge.png,"tf.Tensor(5.568, shape=(), dtype=float32)",5.527948,0.004450958222150803
/tmp/DataSetCombined/Edges/Round-8_0087464_edge.png,"tf.Tensor(5.152, shape=(), dtype=float32)",5.137618,0.004450958222150803
/tmp/DataSetCombined/Edges/Round-8_0029281_edge.png,"tf.Tensor(5.101, shape=(), dtype=float32)",5.2383823,0.004450958222150803
/tmp/DataSetCombined/Edges/Round-5_0096958_edge.png,"tf.Tensor(2.004, shape=(), dtype=float32)",1.947939,0.004450958222150803
/tmp/DataSetCombined/Edges/Round-9_0156732_edge.png,"tf.Tensor(5.627, shape=(), dtype=float32)",5.4986024,0.004450958222150803
/tmp/DataSetCombined/Edges/Round-10_0032811_edge.png,"tf.Tensor(5.399, shape=(), dtype=float32)",5.451998,0.004450958222150803
/tmp/DataSetCombined/Edges/Round-3_0027001_edge.png,"tf.Tensor(4.265, shape=(), dtype=float32)",4.4413724,0.004450958222150803
/tmp/DataSetCombined/Edges/Round-9_0025227_edge.png,"tf.Tensor(4.489, shape=(), dtype=float32)",4.6205716,0.004450958222150803
/tmp/DataSetCombined/Edges/Round-8_0001891_edge.png,"tf.Tensor(5.485, shape=(), dtype=float32)",5.4510546,0.004450958222150803
/tmp/DataSetCombined/Edges/Round-8_0036126_edge.png,"tf.Tensor(2.379, shape=(), dtype=float32)",2.3381753,0.004450958222150803
/tmp/DataSetCombined/Edges/Round-10_0136896_edge.png,"tf.Tensor(5.006, shape=(), dtype=float32)",5.0875616,0.004446450620889664
/tmp/DataSetCombined/Edges/Round-9_0187939_edge.png,"tf.Tensor(1.808, shape=(), dtype=float32)",1.8549565,0.004446450620889664
/tmp/DataSetCombined/Edges/Round-8_0072565_edge.png,"tf.Tensor(2.965, shape=(), dtype=float32)",3.0666378,0.004446450620889664
/tmp/DataSetCombined/Edges/Round-8_0021185_edge.png,"tf.Tensor(5.152, shape=(), dtype=float32)",5.135629,0.004446450620889664
/tmp/DataSetCombined/Edges/Round-7_0053491_edge.png,"tf.Tensor(5.453, shape=(), dtype=float32)",5.5396714,0.004446450620889664
/tmp/DataSetCombined/Edges/Round-5_0006449_edge.png,"tf.Tensor(5.073, shape=(), dtype=float32)",5.222695,0.004446450620889664
/tmp/DataSetCombined/Edges/Round-4_0020049_edge.png,"tf.Tensor(1.785, shape=(), dtype=float32)",1.8952171,0.004446450620889664
/tmp/DataSetCombined/Edges/Round-3_0085425_edge.png,"tf.Tensor(2.929, shape=(), dtype=float32)",3.0398424,0.004446450620889664
/tmp/DataSetCombined/Edges/Round-6_0055958_edge.png,"tf.Tensor(4.347, shape=(), dtype=float32)",4.506949,0.004446450620889664
/tmp/DataSetCombined/Edges/Round-9_0108333_edge.png,"tf.Tensor(5.68, shape=(), dtype=float32)",5.6482325,0.004446450620889664
/tmp/DataSetCombined/Edges/Round-3_0015593_edge.png,"tf.Tensor(3.012, shape=(), dtype=float32)",3.0057714,0.004446450620889664
/tmp/DataSetCombined/Edges/Round-9_0015655_edge.png,"tf.Tensor(4.262, shape=(), dtype=float32)",4.437111,0.004446450620889664
/tmp/DataSetCombined/Edges/Round-2_0058967_edge.png,"tf.Tensor(4.972, shape=(), dtype=float32)",5.1256948,0.004446450620889664
/tmp/DataSetCombined/Edges/Round-1_0048867_edge.png,"tf.Tensor(4.965, shape=(), dtype=float32)",5.0401206,0.004446450620889664
/tmp/DataSetCombined/Edges/Round-6_0047138_edge.png,"tf.Tensor(4.673, shape=(), dtype=float32)",4.792933,0.004446450620889664
/tmp/DataSetCombined/Edges/Round-5_0006388_edge.png,"tf.Tensor(4.467, shape=(), dtype=float32)",4.5923853,0.004446450620889664
/tmp/DataSetCombined/Edges/Round-8_0010529_edge.png,"tf.Tensor(5.533, shape=(), dtype=float32)",5.4689193,0.004446450620889664
/tmp/DataSetCombined/Edges/Round-5_0037631_edge.png,"tf.Tensor(2.819, shape=(), dtype=float32)",2.978812,0.004446450620889664
/tmp/DataSetCombined/Edges/Round-5_0088650_edge.png,"tf.Tensor(4.389, shape=(), dtype=float32)",4.525636,0.004446450620889664
/tmp/DataSetCombined/Edges/Round-5_0012077_edge.png,"tf.Tensor(2.95, shape=(), dtype=float32)",3.062845,0.004446450620889664
/tmp/DataSetCombined/Edges/Round-5_0090426_edge.png,"tf.Tensor(2.747, shape=(), dtype=float32)",2.949092,0.004446450620889664
/tmp/DataSetCombined/Edges/Round-7_0037177_edge.png,"tf.Tensor(4.153, shape=(), dtype=float32)",4.356371,0.004446450620889664
/tmp/DataSetCombined/Edges/Round-6_0100053_edge.png,"tf.Tensor(2.3, shape=(), dtype=float32)",2.2346551,0.004446450620889664
/tmp/DataSetCombined/Edges/Round-7_0044069_edge.png,"tf.Tensor(3.231, shape=(), dtype=float32)",3.2750921,0.004446450620889664
/tmp/DataSetCombined/Edges/Round-10_0023209_edge.png,"tf.Tensor(5.444, shape=(), dtype=float32)",5.4325223,0.004446450620889664
/tmp/DataSetCombined/Edges/Round-6_0056078_edge.png,"tf.Tensor(2.699, shape=(), dtype=float32)",2.7824395,0.004446450620889664
/tmp/DataSetCombined/Edges/Round-10_0192129_edge.png,"tf.Tensor(4.897, shape=(), dtype=float32)",5.1201897,0.004446450620889664
/tmp/DataSetCombined/Edges/Round-8_0048858_edge.png,"tf.Tensor(5.054, shape=(), dtype=float32)",5.143306,0.004446450620889664
/tmp/DataSetCombined/Edges/Round-1_0172695_edge.png,"tf.Tensor(3.825, shape=(), dtype=float32)",4.057377,0.004446450620889664
/tmp/DataSetCombined/Edges/Round-1_0066334_edge.png,"tf.Tensor(4.605, shape=(), dtype=float32)",4.7364235,0.004446450620889664
/tmp/DataSetCombined/Edges/Round-1_0081062_edge.png,"tf.Tensor(2.849, shape=(), dtype=float32)",2.8873792,0.004446450620889664
/tmp/DataSetCombined/Edges/Round-8_0074491_edge.png,"tf.Tensor(5.154, shape=(), dtype=float32)",5.12741,0.004446450620889664
/tmp/DataSetCombined/Edges/Round-8_0006255_edge.png,"tf.Tensor(4.933, shape=(), dtype=float32)",5.1283097,0.004446450620889664
/tmp/DataSetCombined/Edges/Round-7_0077691_edge.png,"tf.Tensor(3.601, shape=(), dtype=float32)",3.7124417,0.004446450620889664
/tmp/DataSetCombined/Edges/Round-9_0144033_edge.png,"tf.Tensor(2.692, shape=(), dtype=float32)",2.7944267,0.004446450620889664
/tmp/DataSetCombined/Edges/Round-8_0047491_edge.png,"tf.Tensor(5.443, shape=(), dtype=float32)",5.529459,0.004446450620889664
/tmp/DataSetCombined/Edges/Round-5_0014816_edge.png,"tf.Tensor(3.516, shape=(), dtype=float32)",3.7111115,0.004446450620889664
/tmp/DataSetCombined/Edges/Round-8_0073137_edge.png,"tf.Tensor(2.305, shape=(), dtype=float32)",2.4410942,0.004446450620889664
/tmp/DataSetCombined/Edges/Round-10_0101469_edge.png,"tf.Tensor(2.533, shape=(), dtype=float32)",2.6743205,0.004446450620889664
/tmp/DataSetCombined/Edges/Round-5_0028000_edge.png,"tf.Tensor(2.574, shape=(), dtype=float32)",2.8035433,0.004446450620889664
/tmp/DataSetCombined/Edges/Round-8_0029745_edge.png,"tf.Tensor(2.574, shape=(), dtype=float32)",2.696977,0.004446450620889664
/tmp/DataSetCombined/Edges/Round-9_0041722_edge.png,"tf.Tensor(5.443, shape=(), dtype=float32)",5.541601,0.004446450620889664
/tmp/DataSetCombined/Edges/Round-1_0169956_edge.png,"tf.Tensor(5.035, shape=(), dtype=float32)",5.1818686,0.004446450620889664
/tmp/DataSetCombined/Edges/Round-7_0073206_edge.png,"tf.Tensor(2.139, shape=(), dtype=float32)",2.0263374,0.004446450620889664
/tmp/DataSetCombined/Edges/Round-9_0031879_edge.png,"tf.Tensor(4.395, shape=(), dtype=float32)",4.5317473,0.004446450620889664
/tmp/DataSetCombined/Edges/Round-1_0070708_edge.png,"tf.Tensor(3.554, shape=(), dtype=float32)",3.6792052,0.004446450620889664
/tmp/DataSetCombined/Edges/Round-3_0071428_edge.png,"tf.Tensor(5.516, shape=(), dtype=float32)",5.484638,0.004446450620889664
/tmp/DataSetCombined/Edges/Round-3_0043134_edge.png,"tf.Tensor(5.68, shape=(), dtype=float32)",5.6472764,0.004446450620889664
/tmp/DataSetCombined/Edges/Round-3_0027334_edge.png,"tf.Tensor(2.159, shape=(), dtype=float32)",2.0236995,0.004446450620889664
/tmp/DataSetCombined/Edges/Round-5_0036036_edge.png,"tf.Tensor(5.342, shape=(), dtype=float32)",5.3454485,0.004446450620889664
/tmp/DataSetCombined/Edges/Round-2_0068545_edge.png,"tf.Tensor(5.068, shape=(), dtype=float32)",5.217894,0.004446450620889664
/tmp/DataSetCombined/Edges/Round-10_0047560_edge.png,"tf.Tensor(4.128, shape=(), dtype=float32)",4.3440905,0.004446450620889664
/tmp/DataSetCombined/Edges/Round-8_0064239_edge.png,"tf.Tensor(5.667, shape=(), dtype=float32)",5.5325303,0.004446450620889664
/tmp/DataSetCombined/Edges/Round-10_0131207_edge.png,"tf.Tensor(1.949, shape=(), dtype=float32)",2.0289752,0.004446450620889664
/tmp/DataSetCombined/Edges/Round-9_0137619_edge.png,"tf.Tensor(5.548, shape=(), dtype=float32)",5.597317,0.004446450620889664
/tmp/DataSetCombined/Edges/Round-9_0051474_edge.png,"tf.Tensor(5.486, shape=(), dtype=float32)",5.5865893,0.004446450620889664
/tmp/DataSetCombined/Edges/Round-2_0010600_edge.png,"tf.Tensor(5.571, shape=(), dtype=float32)",5.526345,0.004446450620889664
/tmp/DataSetCombined/Edges/Round-4_0029531_edge.png,"tf.Tensor(2.462, shape=(), dtype=float32)",2.6189373,0.004446450620889664
/tmp/DataSetCombined/Edges/Round-9_0177742_edge.png,"tf.Tensor(4.778, shape=(), dtype=float32)",4.9525204,0.004446450620889664
/tmp/DataSetCombined/Edges/Round-6_0029410_edge.png,"tf.Tensor(5.328, shape=(), dtype=float32)",5.3401837,0.004446450620889664
/tmp/DataSetCombined/Edges/Round-8_0008645_edge.png,"tf.Tensor(3.311, shape=(), dtype=float32)",3.4630852,0.004446450620889664
/tmp/DataSetCombined/Edges/Round-7_0052859_edge.png,"tf.Tensor(5.65, shape=(), dtype=float32)",5.541936,0.004446450620889664
/tmp/DataSetCombined/Edges/Round-9_0160615_edge.png,"tf.Tensor(5.141, shape=(), dtype=float32)",5.297741,0.004446450620889664
/tmp/DataSetCombined/Edges/Round-10_0112034_edge.png,"tf.Tensor(5.273, shape=(), dtype=float32)",5.3559613,0.004446450620889664
/tmp/DataSetCombined/Edges/Round-7_0054575_edge.png,"tf.Tensor(5.652, shape=(), dtype=float32)",5.512986,1.9790201981862385
/tmp/DataSetCombined/Edges/Round-1_0131148_edge.png,"tf.Tensor(2.006, shape=(), dtype=float32)",2.0339532,1.9790201981862385
/tmp/DataSetCombined/Edges/Round-1_0156231_edge.png,"tf.Tensor(5.58, shape=(), dtype=float32)",5.533632,1.9790201981862385
/tmp/DataSetCombined/Edges/Round-1_0077270_edge.png,"tf.Tensor(3.34, shape=(), dtype=float32)",3.3961382,1.9790201981862385
/tmp/DataSetCombined/Edges/Round-8_0017091_edge.png,"tf.Tensor(5.648, shape=(), dtype=float32)",5.5304837,1.9790201981862385
/tmp/DataSetCombined/Edges/Round-3_0058014_edge.png,"tf.Tensor(3.249, shape=(), dtype=float32)",3.315462,1.9790201981862385
/tmp/DataSetCombined/Edges/Round-4_0010418_edge.png,"tf.Tensor(3.771, shape=(), dtype=float32)",3.9601858,1.9790201981862385
/tmp/DataSetCombined/Edges/Round-10_0128558_edge.png,"tf.Tensor(2.28, shape=(), dtype=float32)",2.3964725,1.9790201981862385
/tmp/DataSetCombined/Edges/Round-8_0056642_edge.png,"tf.Tensor(2.873, shape=(), dtype=float32)",2.951481,1.9790201981862385
