Identity added: /home/jordanw7/.ssh/id_ed25519 (cluster_key)
From github.com:JordanT-MWang/ADSA-AI-JordanWang
 * branch            main       -> FETCH_HEAD
   cfb5989..cfb79ce  main       -> origin/main
2025-11-13 05:03:55.880309: I tensorflow/core/util/port.cc:153] oneDNN custom operations are on. You may see slightly different numerical results due to floating-point round-off errors from different computation orders. To turn them off, set the environment variable `TF_ENABLE_ONEDNN_OPTS=0`.
2025-11-13 05:03:55.892710: E external/local_xla/xla/stream_executor/cuda/cuda_fft.cc:477] Unable to register cuFFT factory: Attempting to register factory for plugin cuFFT when one has already been registered
WARNING: All log messages before absl::InitializeLog() is called are written to STDERR
E0000 00:00:1763010235.906309 1530775 cuda_dnn.cc:8310] Unable to register cuDNN factory: Attempting to register factory for plugin cuDNN when one has already been registered
E0000 00:00:1763010235.910226 1530775 cuda_blas.cc:1418] Unable to register cuBLAS factory: Attempting to register factory for plugin cuBLAS when one has already been registered
2025-11-13 05:03:55.923705: I tensorflow/core/platform/cpu_feature_guard.cc:210] This TensorFlow binary is optimized to use available CPU instructions in performance-critical operations.
To enable the following instructions: AVX2 AVX512F AVX512_VNNI FMA, in other operations, rebuild TensorFlow with the appropriate compiler flags.
I0000 00:00:1763010270.455194 1530775 gpu_device.cc:2022] Created device /job:localhost/replica:0/task:0/device:GPU:0 with 10293 MB memory:  -> device: 0, name: NVIDIA A30 MIG 2g.12gb, pci bus id: 0000:98:00.0, compute capability: 8.0
2025-11-13 05:04:43.895547: E tensorflow/core/util/util.cc:131] oneDNN supports DT_HALF only on platforms with AVX-512. Falling back to the default Eigen-based implementation if present.
WARNING: All log messages before absl::InitializeLog() is called are written to STDERR
I0000 00:00:1763010302.919424 1530810 service.cc:148] XLA service 0x1468a0002950 initialized for platform CUDA (this does not guarantee that XLA will be used). Devices:
I0000 00:00:1763010302.919527 1530810 service.cc:156]   StreamExecutor device (0): NVIDIA A30 MIG 2g.12gb, Compute Capability 8.0
I0000 00:00:1763010302.965368 1530810 cuda_dnn.cc:529] Loaded cuDNN version 91301
I0000 00:00:1763010303.015104 1530810 device_compiler.h:188] Compiled cluster using XLA!  This line is logged at most once for the lifetime of the process.
2025-11-13 05:05:20.421283: I tensorflow/compiler/mlir/tensorflow/utils/dump_mlir_util.cc:268] disabling MLIR crash reproducer, set env var `MLIR_CRASH_REPRODUCER_DIRECTORY` to enable.
2025-11-13 05:05:34.656412: E external/local_xla/xla/service/slow_operation_alarm.cc:65] Trying algorithm eng27{k2=1,k5=3,k14=5} for conv (f16[64,400,400,32]{3,2,1,0}, u8[0]{0}) custom-call(f16[64,400,400,32]{3,2,1,0}, f16[32,3,3,1]{3,2,1,0}), window={size=3x3 pad=1_1x1_1}, dim_labels=b01f_o01i->b01f, feature_group_count=32, custom_call_target="__cudnn$convForward", backend_config={"cudnn_conv_backend_config":{"activation_mode":"kNone","conv_result_scale":1,"leakyrelu_alpha":0,"side_input_scale":0},"force_earliest_schedule":false,"operation_queue_id":"0","wait_on_operation_queues":[]} is taking a while...
2025-11-13 05:05:36.145053: E external/local_xla/xla/service/slow_operation_alarm.cc:133] The operation took 2.488721935s
Trying algorithm eng27{k2=1,k5=3,k14=5} for conv (f16[64,400,400,32]{3,2,1,0}, u8[0]{0}) custom-call(f16[64,400,400,32]{3,2,1,0}, f16[32,3,3,1]{3,2,1,0}), window={size=3x3 pad=1_1x1_1}, dim_labels=b01f_o01i->b01f, feature_group_count=32, custom_call_target="__cudnn$convForward", backend_config={"cudnn_conv_backend_config":{"activation_mode":"kNone","conv_result_scale":1,"leakyrelu_alpha":0,"side_input_scale":0},"force_earliest_schedule":false,"operation_queue_id":"0","wait_on_operation_queues":[]} is taking a while...
2025-11-13 05:05:41.903146: E external/local_xla/xla/service/slow_operation_alarm.cc:65] Trying algorithm eng45{k2=0,k5=3,k14=3} for conv (f16[64,400,400,16]{3,2,1,0}, u8[0]{0}) custom-call(f16[64,400,400,16]{3,2,1,0}, f16[16,3,3,1]{3,2,1,0}), window={size=3x3 pad=1_1x1_1}, dim_labels=b01f_o01i->b01f, feature_group_count=16, custom_call_target="__cudnn$convForward", backend_config={"cudnn_conv_backend_config":{"activation_mode":"kNone","conv_result_scale":1,"leakyrelu_alpha":0,"side_input_scale":0},"force_earliest_schedule":false,"operation_queue_id":"0","wait_on_operation_queues":[]} is taking a while...
2025-11-13 05:05:42.011617: E external/local_xla/xla/service/slow_operation_alarm.cc:133] The operation took 1.108554659s
Trying algorithm eng45{k2=0,k5=3,k14=3} for conv (f16[64,400,400,16]{3,2,1,0}, u8[0]{0}) custom-call(f16[64,400,400,16]{3,2,1,0}, f16[16,3,3,1]{3,2,1,0}), window={size=3x3 pad=1_1x1_1}, dim_labels=b01f_o01i->b01f, feature_group_count=16, custom_call_target="__cudnn$convForward", backend_config={"cudnn_conv_backend_config":{"activation_mode":"kNone","conv_result_scale":1,"leakyrelu_alpha":0,"side_input_scale":0},"force_earliest_schedule":false,"operation_queue_id":"0","wait_on_operation_queues":[]} is taking a while...
2025-11-13 05:05:43.011762: E external/local_xla/xla/service/slow_operation_alarm.cc:65] Trying algorithm eng27{k2=1,k5=3,k14=5} for conv (f16[64,400,400,16]{3,2,1,0}, u8[0]{0}) custom-call(f16[64,400,400,16]{3,2,1,0}, f16[16,3,3,1]{3,2,1,0}), window={size=3x3 pad=1_1x1_1}, dim_labels=b01f_o01i->b01f, feature_group_count=16, custom_call_target="__cudnn$convForward", backend_config={"cudnn_conv_backend_config":{"activation_mode":"kNone","conv_result_scale":1,"leakyrelu_alpha":0,"side_input_scale":0},"force_earliest_schedule":false,"operation_queue_id":"0","wait_on_operation_queues":[]} is taking a while...
2025-11-13 05:05:43.210663: E external/local_xla/xla/service/slow_operation_alarm.cc:133] The operation took 1.198981901s
Trying algorithm eng27{k2=1,k5=3,k14=5} for conv (f16[64,400,400,16]{3,2,1,0}, u8[0]{0}) custom-call(f16[64,400,400,16]{3,2,1,0}, f16[16,3,3,1]{3,2,1,0}), window={size=3x3 pad=1_1x1_1}, dim_labels=b01f_o01i->b01f, feature_group_count=16, custom_call_target="__cudnn$convForward", backend_config={"cudnn_conv_backend_config":{"activation_mode":"kNone","conv_result_scale":1,"leakyrelu_alpha":0,"side_input_scale":0},"force_earliest_schedule":false,"operation_queue_id":"0","wait_on_operation_queues":[]} is taking a while...
2025-11-13 05:05:44.210779: E external/local_xla/xla/service/slow_operation_alarm.cc:65] Trying algorithm eng45{k2=5,k5=3,k14=6} for conv (f16[64,400,400,16]{3,2,1,0}, u8[0]{0}) custom-call(f16[64,400,400,16]{3,2,1,0}, f16[16,3,3,1]{3,2,1,0}), window={size=3x3 pad=1_1x1_1}, dim_labels=b01f_o01i->b01f, feature_group_count=16, custom_call_target="__cudnn$convForward", backend_config={"cudnn_conv_backend_config":{"activation_mode":"kNone","conv_result_scale":1,"leakyrelu_alpha":0,"side_input_scale":0},"force_earliest_schedule":false,"operation_queue_id":"0","wait_on_operation_queues":[]} is taking a while...
2025-11-13 05:05:44.492286: E external/local_xla/xla/service/slow_operation_alarm.cc:133] The operation took 1.281574509s
Trying algorithm eng45{k2=5,k5=3,k14=6} for conv (f16[64,400,400,16]{3,2,1,0}, u8[0]{0}) custom-call(f16[64,400,400,16]{3,2,1,0}, f16[16,3,3,1]{3,2,1,0}), window={size=3x3 pad=1_1x1_1}, dim_labels=b01f_o01i->b01f, feature_group_count=16, custom_call_target="__cudnn$convForward", backend_config={"cudnn_conv_backend_config":{"activation_mode":"kNone","conv_result_scale":1,"leakyrelu_alpha":0,"side_input_scale":0},"force_earliest_schedule":false,"operation_queue_id":"0","wait_on_operation_queues":[]} is taking a while...
2025-11-13 05:05:45.492425: E external/local_xla/xla/service/slow_operation_alarm.cc:65] Trying algorithm eng45{k2=5,k5=4,k14=4} for conv (f16[64,400,400,16]{3,2,1,0}, u8[0]{0}) custom-call(f16[64,400,400,16]{3,2,1,0}, f16[16,3,3,1]{3,2,1,0}), window={size=3x3 pad=1_1x1_1}, dim_labels=b01f_o01i->b01f, feature_group_count=16, custom_call_target="__cudnn$convForward", backend_config={"cudnn_conv_backend_config":{"activation_mode":"kNone","conv_result_scale":1,"leakyrelu_alpha":0,"side_input_scale":0},"force_earliest_schedule":false,"operation_queue_id":"0","wait_on_operation_queues":[]} is taking a while...
2025-11-13 05:05:46.104310: E external/local_xla/xla/service/slow_operation_alarm.cc:133] The operation took 1.611978321s
Trying algorithm eng45{k2=5,k5=4,k14=4} for conv (f16[64,400,400,16]{3,2,1,0}, u8[0]{0}) custom-call(f16[64,400,400,16]{3,2,1,0}, f16[16,3,3,1]{3,2,1,0}), window={size=3x3 pad=1_1x1_1}, dim_labels=b01f_o01i->b01f, feature_group_count=16, custom_call_target="__cudnn$convForward", backend_config={"cudnn_conv_backend_config":{"activation_mode":"kNone","conv_result_scale":1,"leakyrelu_alpha":0,"side_input_scale":0},"force_earliest_schedule":false,"operation_queue_id":"0","wait_on_operation_queues":[]} is taking a while...
2025-11-13 05:05:47.104503: E external/local_xla/xla/service/slow_operation_alarm.cc:65] Trying algorithm eng45{k2=7,k5=4,k14=2} for conv (f16[64,400,400,16]{3,2,1,0}, u8[0]{0}) custom-call(f16[64,400,400,16]{3,2,1,0}, f16[16,3,3,1]{3,2,1,0}), window={size=3x3 pad=1_1x1_1}, dim_labels=b01f_o01i->b01f, feature_group_count=16, custom_call_target="__cudnn$convForward", backend_config={"cudnn_conv_backend_config":{"activation_mode":"kNone","conv_result_scale":1,"leakyrelu_alpha":0,"side_input_scale":0},"force_earliest_schedule":false,"operation_queue_id":"0","wait_on_operation_queues":[]} is taking a while...
2025-11-13 05:05:48.061999: E external/local_xla/xla/service/slow_operation_alarm.cc:133] The operation took 1.957643277s
Trying algorithm eng45{k2=7,k5=4,k14=2} for conv (f16[64,400,400,16]{3,2,1,0}, u8[0]{0}) custom-call(f16[64,400,400,16]{3,2,1,0}, f16[16,3,3,1]{3,2,1,0}), window={size=3x3 pad=1_1x1_1}, dim_labels=b01f_o01i->b01f, feature_group_count=16, custom_call_target="__cudnn$convForward", backend_config={"cudnn_conv_backend_config":{"activation_mode":"kNone","conv_result_scale":1,"leakyrelu_alpha":0,"side_input_scale":0},"force_earliest_schedule":false,"operation_queue_id":"0","wait_on_operation_queues":[]} is taking a while...
2025-11-13 05:05:49.062106: E external/local_xla/xla/service/slow_operation_alarm.cc:65] Trying algorithm eng45{k2=6,k5=3,k14=2} for conv (f16[64,400,400,16]{3,2,1,0}, u8[0]{0}) custom-call(f16[64,400,400,16]{3,2,1,0}, f16[16,3,3,1]{3,2,1,0}), window={size=3x3 pad=1_1x1_1}, dim_labels=b01f_o01i->b01f, feature_group_count=16, custom_call_target="__cudnn$convForward", backend_config={"cudnn_conv_backend_config":{"activation_mode":"kNone","conv_result_scale":1,"leakyrelu_alpha":0,"side_input_scale":0},"force_earliest_schedule":false,"operation_queue_id":"0","wait_on_operation_queues":[]} is taking a while...
2025-11-13 05:05:49.936557: E external/local_xla/xla/service/slow_operation_alarm.cc:133] The operation took 1.874510594s
Trying algorithm eng45{k2=6,k5=3,k14=2} for conv (f16[64,400,400,16]{3,2,1,0}, u8[0]{0}) custom-call(f16[64,400,400,16]{3,2,1,0}, f16[16,3,3,1]{3,2,1,0}), window={size=3x3 pad=1_1x1_1}, dim_labels=b01f_o01i->b01f, feature_group_count=16, custom_call_target="__cudnn$convForward", backend_config={"cudnn_conv_backend_config":{"activation_mode":"kNone","conv_result_scale":1,"leakyrelu_alpha":0,"side_input_scale":0},"force_earliest_schedule":false,"operation_queue_id":"0","wait_on_operation_queues":[]} is taking a while...
2025-11-13 05:05:50.936678: E external/local_xla/xla/service/slow_operation_alarm.cc:65] Trying algorithm eng45{k2=9,k5=3,k14=3} for conv (f16[64,400,400,16]{3,2,1,0}, u8[0]{0}) custom-call(f16[64,400,400,16]{3,2,1,0}, f16[16,3,3,1]{3,2,1,0}), window={size=3x3 pad=1_1x1_1}, dim_labels=b01f_o01i->b01f, feature_group_count=16, custom_call_target="__cudnn$convForward", backend_config={"cudnn_conv_backend_config":{"activation_mode":"kNone","conv_result_scale":1,"leakyrelu_alpha":0,"side_input_scale":0},"force_earliest_schedule":false,"operation_queue_id":"0","wait_on_operation_queues":[]} is taking a while...
2025-11-13 05:05:51.770875: E external/local_xla/xla/service/slow_operation_alarm.cc:133] The operation took 1.834264639s
Trying algorithm eng45{k2=9,k5=3,k14=3} for conv (f16[64,400,400,16]{3,2,1,0}, u8[0]{0}) custom-call(f16[64,400,400,16]{3,2,1,0}, f16[16,3,3,1]{3,2,1,0}), window={size=3x3 pad=1_1x1_1}, dim_labels=b01f_o01i->b01f, feature_group_count=16, custom_call_target="__cudnn$convForward", backend_config={"cudnn_conv_backend_config":{"activation_mode":"kNone","conv_result_scale":1,"leakyrelu_alpha":0,"side_input_scale":0},"force_earliest_schedule":false,"operation_queue_id":"0","wait_on_operation_queues":[]} is taking a while...
2025-11-13 05:05:52.771026: E external/local_xla/xla/service/slow_operation_alarm.cc:65] Trying algorithm eng45{k2=0,k5=4,k14=3} for conv (f16[64,400,400,16]{3,2,1,0}, u8[0]{0}) custom-call(f16[64,400,400,16]{3,2,1,0}, f16[16,3,3,1]{3,2,1,0}), window={size=3x3 pad=1_1x1_1}, dim_labels=b01f_o01i->b01f, feature_group_count=16, custom_call_target="__cudnn$convForward", backend_config={"cudnn_conv_backend_config":{"activation_mode":"kNone","conv_result_scale":1,"leakyrelu_alpha":0,"side_input_scale":0},"force_earliest_schedule":false,"operation_queue_id":"0","wait_on_operation_queues":[]} is taking a while...
2025-11-13 05:05:53.795843: E external/local_xla/xla/service/slow_operation_alarm.cc:133] The operation took 2.024875857s
Trying algorithm eng45{k2=0,k5=4,k14=3} for conv (f16[64,400,400,16]{3,2,1,0}, u8[0]{0}) custom-call(f16[64,400,400,16]{3,2,1,0}, f16[16,3,3,1]{3,2,1,0}), window={size=3x3 pad=1_1x1_1}, dim_labels=b01f_o01i->b01f, feature_group_count=16, custom_call_target="__cudnn$convForward", backend_config={"cudnn_conv_backend_config":{"activation_mode":"kNone","conv_result_scale":1,"leakyrelu_alpha":0,"side_input_scale":0},"force_earliest_schedule":false,"operation_queue_id":"0","wait_on_operation_queues":[]} is taking a while...
2025-11-13 05:05:54.795979: E external/local_xla/xla/service/slow_operation_alarm.cc:65] Trying algorithm eng45{k2=6,k5=4,k14=2} for conv (f16[64,400,400,16]{3,2,1,0}, u8[0]{0}) custom-call(f16[64,400,400,16]{3,2,1,0}, f16[16,3,3,1]{3,2,1,0}), window={size=3x3 pad=1_1x1_1}, dim_labels=b01f_o01i->b01f, feature_group_count=16, custom_call_target="__cudnn$convForward", backend_config={"cudnn_conv_backend_config":{"activation_mode":"kNone","conv_result_scale":1,"leakyrelu_alpha":0,"side_input_scale":0},"force_earliest_schedule":false,"operation_queue_id":"0","wait_on_operation_queues":[]} is taking a while...
2025-11-13 05:05:56.887551: E external/local_xla/xla/service/slow_operation_alarm.cc:133] The operation took 3.091653319s
Trying algorithm eng45{k2=6,k5=4,k14=2} for conv (f16[64,400,400,16]{3,2,1,0}, u8[0]{0}) custom-call(f16[64,400,400,16]{3,2,1,0}, f16[16,3,3,1]{3,2,1,0}), window={size=3x3 pad=1_1x1_1}, dim_labels=b01f_o01i->b01f, feature_group_count=16, custom_call_target="__cudnn$convForward", backend_config={"cudnn_conv_backend_config":{"activation_mode":"kNone","conv_result_scale":1,"leakyrelu_alpha":0,"side_input_scale":0},"force_earliest_schedule":false,"operation_queue_id":"0","wait_on_operation_queues":[]} is taking a while...
2025-11-13 05:06:02.463323: E external/local_xla/xla/service/slow_operation_alarm.cc:65] Trying algorithm eng0{} for conv (f16[64,200,200,96]{3,2,1,0}, u8[0]{0}) custom-call(f16[64,401,401,96]{3,2,1,0}, f16[96,3,3,1]{3,2,1,0}), window={size=3x3 stride=2x2}, dim_labels=b01f_o01i->b01f, feature_group_count=96, custom_call_target="__cudnn$convForward", backend_config={"cudnn_conv_backend_config":{"activation_mode":"kNone","conv_result_scale":1,"leakyrelu_alpha":0,"side_input_scale":0},"force_earliest_schedule":false,"operation_queue_id":"0","wait_on_operation_queues":[]} is taking a while...
2025-11-13 05:06:02.520466: E external/local_xla/xla/service/slow_operation_alarm.cc:133] The operation took 1.057265891s
Trying algorithm eng0{} for conv (f16[64,200,200,96]{3,2,1,0}, u8[0]{0}) custom-call(f16[64,401,401,96]{3,2,1,0}, f16[96,3,3,1]{3,2,1,0}), window={size=3x3 stride=2x2}, dim_labels=b01f_o01i->b01f, feature_group_count=96, custom_call_target="__cudnn$convForward", backend_config={"cudnn_conv_backend_config":{"activation_mode":"kNone","conv_result_scale":1,"leakyrelu_alpha":0,"side_input_scale":0},"force_earliest_schedule":false,"operation_queue_id":"0","wait_on_operation_queues":[]} is taking a while...
2025-11-13 05:06:34.468363: E external/local_xla/xla/service/slow_operation_alarm.cc:65] Trying algorithm eng0{} for conv (f16[64,401,401,96]{3,2,1,0}, u8[0]{0}) custom-call(f16[64,403,403,96]{3,2,1,0}, f16[96,3,3,1]{3,2,1,0}), window={size=3x3}, dim_labels=b01f_o01i->b01f, feature_group_count=96, custom_call_target="__cudnn$convForward", backend_config={"cudnn_conv_backend_config":{"activation_mode":"kNone","conv_result_scale":1,"leakyrelu_alpha":0,"side_input_scale":0},"force_earliest_schedule":false,"operation_queue_id":"0","wait_on_operation_queues":[]} is taking a while...
2025-11-13 05:06:34.973255: E external/local_xla/xla/service/slow_operation_alarm.cc:133] The operation took 1.504965001s
Trying algorithm eng0{} for conv (f16[64,401,401,96]{3,2,1,0}, u8[0]{0}) custom-call(f16[64,403,403,96]{3,2,1,0}, f16[96,3,3,1]{3,2,1,0}), window={size=3x3}, dim_labels=b01f_o01i->b01f, feature_group_count=96, custom_call_target="__cudnn$convForward", backend_config={"cudnn_conv_backend_config":{"activation_mode":"kNone","conv_result_scale":1,"leakyrelu_alpha":0,"side_input_scale":0},"force_earliest_schedule":false,"operation_queue_id":"0","wait_on_operation_queues":[]} is taking a while...
E0000 00:00:1763010400.567573 1530813 buffer_comparator.cc:157] Difference at 0: 25936, expected 23024
E0000 00:00:1763010400.567652 1530813 buffer_comparator.cc:157] Difference at 1: 25776, expected 22896
E0000 00:00:1763010400.567663 1530813 buffer_comparator.cc:157] Difference at 2: 25712, expected 22816
E0000 00:00:1763010400.567670 1530813 buffer_comparator.cc:157] Difference at 3: 25792, expected 22880
E0000 00:00:1763010400.567677 1530813 buffer_comparator.cc:157] Difference at 4: 25824, expected 22944
E0000 00:00:1763010400.567683 1530813 buffer_comparator.cc:157] Difference at 5: 25632, expected 22736
E0000 00:00:1763010400.567689 1530813 buffer_comparator.cc:157] Difference at 6: 25792, expected 22912
E0000 00:00:1763010400.567695 1530813 buffer_comparator.cc:157] Difference at 7: 25696, expected 22784
E0000 00:00:1763010400.567702 1530813 buffer_comparator.cc:157] Difference at 8: 25728, expected 22848
E0000 00:00:1763010400.567708 1530813 buffer_comparator.cc:157] Difference at 9: 25824, expected 22928
2025-11-13 05:06:40.567724: E external/local_xla/xla/service/gpu/autotuning/conv_algorithm_picker.cc:771] Results mismatch between different convolution algorithms. This is likely a bug/unexpected loss of precision in cudnn.
(f16[16,1,1,16]{3,2,1,0}, u8[0]{0}) custom-call(f16[64,400,400,16]{3,2,1,0}, f16[64,400,400,16]{3,2,1,0}), window={size=1x1}, dim_labels=b01f_o01i->b01f, custom_call_target="__cudnn$convBackwardFilter", backend_config={"cudnn_conv_backend_config":{"activation_mode":"kNone","conv_result_scale":1,"leakyrelu_alpha":0,"side_input_scale":0},"force_earliest_schedule":false,"operation_queue_id":"0","wait_on_operation_queues":[]} for eng62{k25=2} vs eng9{k2=8,k13=1,k14=4,k18=1,k23=0}
2025-11-13 05:06:40.567749: E external/local_xla/xla/service/gpu/autotuning/conv_algorithm_picker.cc:325] Device: NVIDIA A30 MIG 2g.12gb
2025-11-13 05:06:40.567758: E external/local_xla/xla/service/gpu/autotuning/conv_algorithm_picker.cc:326] Platform: Compute Capability 8.0
2025-11-13 05:06:40.567767: E external/local_xla/xla/service/gpu/autotuning/conv_algorithm_picker.cc:327] Driver: 12.9.0
2025-11-13 05:06:40.567775: E external/local_xla/xla/service/gpu/autotuning/conv_algorithm_picker.cc:328] Runtime: 12.2.0
2025-11-13 05:06:40.567784: E external/local_xla/xla/service/gpu/autotuning/conv_algorithm_picker.cc:333] cudnn version: 9.13.1
E0000 00:00:1763010402.227568 1530813 buffer_comparator.cc:157] Difference at 0: 25968, expected 23072
E0000 00:00:1763010402.227613 1530813 buffer_comparator.cc:157] Difference at 1: 25904, expected 23008
E0000 00:00:1763010402.227623 1530813 buffer_comparator.cc:157] Difference at 2: 25760, expected 22880
E0000 00:00:1763010402.227629 1530813 buffer_comparator.cc:157] Difference at 3: 25856, expected 22960
E0000 00:00:1763010402.227649 1530813 buffer_comparator.cc:157] Difference at 4: 25904, expected 23040
E0000 00:00:1763010402.227657 1530813 buffer_comparator.cc:157] Difference at 5: 25952, expected 23056
E0000 00:00:1763010402.227663 1530813 buffer_comparator.cc:157] Difference at 6: 25712, expected 22848
E0000 00:00:1763010402.227669 1530813 buffer_comparator.cc:157] Difference at 7: 25760, expected 22896
E0000 00:00:1763010402.227676 1530813 buffer_comparator.cc:157] Difference at 8: 25808, expected 22928
E0000 00:00:1763010402.227682 1530813 buffer_comparator.cc:157] Difference at 9: 25888, expected 22976
2025-11-13 05:06:42.227695: E external/local_xla/xla/service/gpu/autotuning/conv_algorithm_picker.cc:771] Results mismatch between different convolution algorithms. This is likely a bug/unexpected loss of precision in cudnn.
(f16[96,1,1,16]{3,2,1,0}, u8[0]{0}) custom-call(f16[64,400,400,16]{3,2,1,0}, f16[64,400,400,96]{3,2,1,0}), window={size=1x1}, dim_labels=b01f_o01i->b01f, custom_call_target="__cudnn$convBackwardFilter", backend_config={"cudnn_conv_backend_config":{"activation_mode":"kNone","conv_result_scale":1,"leakyrelu_alpha":0,"side_input_scale":0},"force_earliest_schedule":false,"operation_queue_id":"0","wait_on_operation_queues":[]} for eng62{k25=1} vs eng9{k2=8,k13=1,k14=4,k18=1,k23=0}
2025-11-13 05:06:42.227718: E external/local_xla/xla/service/gpu/autotuning/conv_algorithm_picker.cc:325] Device: NVIDIA A30 MIG 2g.12gb
2025-11-13 05:06:42.227726: E external/local_xla/xla/service/gpu/autotuning/conv_algorithm_picker.cc:326] Platform: Compute Capability 8.0
2025-11-13 05:06:42.227734: E external/local_xla/xla/service/gpu/autotuning/conv_algorithm_picker.cc:327] Driver: 12.9.0
2025-11-13 05:06:42.227742: E external/local_xla/xla/service/gpu/autotuning/conv_algorithm_picker.cc:328] Runtime: 12.2.0
2025-11-13 05:06:42.227751: E external/local_xla/xla/service/gpu/autotuning/conv_algorithm_picker.cc:333] cudnn version: 9.13.1
E0000 00:00:1763010402.590470 1530813 buffer_comparator.cc:157] Difference at 0: 25968, expected 23072
E0000 00:00:1763010402.590498 1530813 buffer_comparator.cc:157] Difference at 1: 25904, expected 23008
E0000 00:00:1763010402.590506 1530813 buffer_comparator.cc:157] Difference at 2: 25760, expected 22880
E0000 00:00:1763010402.590512 1530813 buffer_comparator.cc:157] Difference at 3: 25856, expected 22960
E0000 00:00:1763010402.590518 1530813 buffer_comparator.cc:157] Difference at 4: 25904, expected 23040
E0000 00:00:1763010402.590525 1530813 buffer_comparator.cc:157] Difference at 5: 25952, expected 23056
E0000 00:00:1763010402.590531 1530813 buffer_comparator.cc:157] Difference at 6: 25712, expected 22848
E0000 00:00:1763010402.590537 1530813 buffer_comparator.cc:157] Difference at 7: 25760, expected 22896
E0000 00:00:1763010402.590544 1530813 buffer_comparator.cc:157] Difference at 8: 25808, expected 22928
E0000 00:00:1763010402.590550 1530813 buffer_comparator.cc:157] Difference at 9: 25888, expected 22976
2025-11-13 05:06:42.590562: E external/local_xla/xla/service/gpu/autotuning/conv_algorithm_picker.cc:771] Results mismatch between different convolution algorithms. This is likely a bug/unexpected loss of precision in cudnn.
(f16[96,1,1,16]{3,2,1,0}, u8[0]{0}) custom-call(f16[64,400,400,16]{3,2,1,0}, f16[64,400,400,96]{3,2,1,0}), window={size=1x1}, dim_labels=b01f_o01i->b01f, custom_call_target="__cudnn$convBackwardFilter", backend_config={"cudnn_conv_backend_config":{"activation_mode":"kNone","conv_result_scale":1,"leakyrelu_alpha":0,"side_input_scale":0},"force_earliest_schedule":false,"operation_queue_id":"0","wait_on_operation_queues":[]} for eng62{k25=1} vs eng9{k2=1,k13=0,k14=4,k18=1,k23=0}
2025-11-13 05:06:42.590576: E external/local_xla/xla/service/gpu/autotuning/conv_algorithm_picker.cc:325] Device: NVIDIA A30 MIG 2g.12gb
2025-11-13 05:06:42.590584: E external/local_xla/xla/service/gpu/autotuning/conv_algorithm_picker.cc:326] Platform: Compute Capability 8.0
2025-11-13 05:06:42.590592: E external/local_xla/xla/service/gpu/autotuning/conv_algorithm_picker.cc:327] Driver: 12.9.0
2025-11-13 05:06:42.590608: E external/local_xla/xla/service/gpu/autotuning/conv_algorithm_picker.cc:328] Runtime: 12.2.0
2025-11-13 05:06:42.590618: E external/local_xla/xla/service/gpu/autotuning/conv_algorithm_picker.cc:333] cudnn version: 9.13.1
E0000 00:00:1763010402.923078 1530813 buffer_comparator.cc:157] Difference at 0: 25968, expected 23072
E0000 00:00:1763010402.923115 1530813 buffer_comparator.cc:157] Difference at 1: 25904, expected 23008
E0000 00:00:1763010402.923123 1530813 buffer_comparator.cc:157] Difference at 2: 25760, expected 22880
E0000 00:00:1763010402.923129 1530813 buffer_comparator.cc:157] Difference at 3: 25856, expected 22960
E0000 00:00:1763010402.923138 1530813 buffer_comparator.cc:157] Difference at 4: 25904, expected 23040
E0000 00:00:1763010402.923144 1530813 buffer_comparator.cc:157] Difference at 5: 25952, expected 23056
E0000 00:00:1763010402.923151 1530813 buffer_comparator.cc:157] Difference at 6: 25712, expected 22848
E0000 00:00:1763010402.923157 1530813 buffer_comparator.cc:157] Difference at 7: 25760, expected 22896
E0000 00:00:1763010402.923163 1530813 buffer_comparator.cc:157] Difference at 8: 25808, expected 22928
E0000 00:00:1763010402.923169 1530813 buffer_comparator.cc:157] Difference at 9: 25888, expected 22976
2025-11-13 05:06:42.923180: E external/local_xla/xla/service/gpu/autotuning/conv_algorithm_picker.cc:771] Results mismatch between different convolution algorithms. This is likely a bug/unexpected loss of precision in cudnn.
(f16[96,1,1,16]{3,2,1,0}, u8[0]{0}) custom-call(f16[64,400,400,16]{3,2,1,0}, f16[64,400,400,96]{3,2,1,0}), window={size=1x1}, dim_labels=b01f_o01i->b01f, custom_call_target="__cudnn$convBackwardFilter", backend_config={"cudnn_conv_backend_config":{"activation_mode":"kNone","conv_result_scale":1,"leakyrelu_alpha":0,"side_input_scale":0},"force_earliest_schedule":false,"operation_queue_id":"0","wait_on_operation_queues":[]} for eng62{k25=1} vs eng45{k2=1,k5=4,k14=2}
2025-11-13 05:06:42.923196: E external/local_xla/xla/service/gpu/autotuning/conv_algorithm_picker.cc:325] Device: NVIDIA A30 MIG 2g.12gb
2025-11-13 05:06:42.923203: E external/local_xla/xla/service/gpu/autotuning/conv_algorithm_picker.cc:326] Platform: Compute Capability 8.0
2025-11-13 05:06:42.923211: E external/local_xla/xla/service/gpu/autotuning/conv_algorithm_picker.cc:327] Driver: 12.9.0
2025-11-13 05:06:42.923219: E external/local_xla/xla/service/gpu/autotuning/conv_algorithm_picker.cc:328] Runtime: 12.2.0
2025-11-13 05:06:42.923227: E external/local_xla/xla/service/gpu/autotuning/conv_algorithm_picker.cc:333] cudnn version: 9.13.1
2025-11-13 05:06:47.032160: E external/local_xla/xla/service/slow_operation_alarm.cc:65] Trying algorithm eng0{} for conv (f16[96,3,3,1]{3,2,1,0}, u8[0]{0}) custom-call(f16[64,401,401,96]{3,2,1,0}, f16[64,200,200,96]{3,2,1,0}), window={size=3x3 stride=2x2}, dim_labels=b01f_o01i->b01f, feature_group_count=96, custom_call_target="__cudnn$convBackwardFilter", backend_config={"cudnn_conv_backend_config":{"activation_mode":"kNone","conv_result_scale":1,"leakyrelu_alpha":0,"side_input_scale":0},"force_earliest_schedule":false,"operation_queue_id":"0","wait_on_operation_queues":[]} is taking a while...
2025-11-13 05:06:47.394407: E external/local_xla/xla/service/slow_operation_alarm.cc:133] The operation took 1.362314471s
Trying algorithm eng0{} for conv (f16[96,3,3,1]{3,2,1,0}, u8[0]{0}) custom-call(f16[64,401,401,96]{3,2,1,0}, f16[64,200,200,96]{3,2,1,0}), window={size=3x3 stride=2x2}, dim_labels=b01f_o01i->b01f, feature_group_count=96, custom_call_target="__cudnn$convBackwardFilter", backend_config={"cudnn_conv_backend_config":{"activation_mode":"kNone","conv_result_scale":1,"leakyrelu_alpha":0,"side_input_scale":0},"force_earliest_schedule":false,"operation_queue_id":"0","wait_on_operation_queues":[]} is taking a while...
2025-11-13 05:06:48.394541: E external/local_xla/xla/service/slow_operation_alarm.cc:65] Trying algorithm eng49{k0=3,k2=0,k5=4,k14=3} for conv (f16[96,3,3,1]{3,2,1,0}, u8[0]{0}) custom-call(f16[64,401,401,96]{3,2,1,0}, f16[64,200,200,96]{3,2,1,0}), window={size=3x3 stride=2x2}, dim_labels=b01f_o01i->b01f, feature_group_count=96, custom_call_target="__cudnn$convBackwardFilter", backend_config={"cudnn_conv_backend_config":{"activation_mode":"kNone","conv_result_scale":1,"leakyrelu_alpha":0,"side_input_scale":0},"force_earliest_schedule":false,"operation_queue_id":"0","wait_on_operation_queues":[]} is taking a while...
2025-11-13 05:06:49.020736: E external/local_xla/xla/service/slow_operation_alarm.cc:133] The operation took 1.626263657s
Trying algorithm eng49{k0=3,k2=0,k5=4,k14=3} for conv (f16[96,3,3,1]{3,2,1,0}, u8[0]{0}) custom-call(f16[64,401,401,96]{3,2,1,0}, f16[64,200,200,96]{3,2,1,0}), window={size=3x3 stride=2x2}, dim_labels=b01f_o01i->b01f, feature_group_count=96, custom_call_target="__cudnn$convBackwardFilter", backend_config={"cudnn_conv_backend_config":{"activation_mode":"kNone","conv_result_scale":1,"leakyrelu_alpha":0,"side_input_scale":0},"force_earliest_schedule":false,"operation_queue_id":"0","wait_on_operation_queues":[]} is taking a while...
2025-11-13 05:06:50.020862: E external/local_xla/xla/service/slow_operation_alarm.cc:65] Trying algorithm eng47{k0=6,k2=0,k5=3,k14=3} for conv (f16[96,3,3,1]{3,2,1,0}, u8[0]{0}) custom-call(f16[64,401,401,96]{3,2,1,0}, f16[64,200,200,96]{3,2,1,0}), window={size=3x3 stride=2x2}, dim_labels=b01f_o01i->b01f, feature_group_count=96, custom_call_target="__cudnn$convBackwardFilter", backend_config={"cudnn_conv_backend_config":{"activation_mode":"kNone","conv_result_scale":1,"leakyrelu_alpha":0,"side_input_scale":0},"force_earliest_schedule":false,"operation_queue_id":"0","wait_on_operation_queues":[]} is taking a while...
2025-11-13 05:06:50.453695: E external/local_xla/xla/service/slow_operation_alarm.cc:133] The operation took 1.432901233s
Trying algorithm eng47{k0=6,k2=0,k5=3,k14=3} for conv (f16[96,3,3,1]{3,2,1,0}, u8[0]{0}) custom-call(f16[64,401,401,96]{3,2,1,0}, f16[64,200,200,96]{3,2,1,0}), window={size=3x3 stride=2x2}, dim_labels=b01f_o01i->b01f, feature_group_count=96, custom_call_target="__cudnn$convBackwardFilter", backend_config={"cudnn_conv_backend_config":{"activation_mode":"kNone","conv_result_scale":1,"leakyrelu_alpha":0,"side_input_scale":0},"force_earliest_schedule":false,"operation_queue_id":"0","wait_on_operation_queues":[]} is taking a while...
2025-11-13 05:06:51.453818: E external/local_xla/xla/service/slow_operation_alarm.cc:65] Trying algorithm eng49{k0=4,k2=5,k5=4,k14=4} for conv (f16[96,3,3,1]{3,2,1,0}, u8[0]{0}) custom-call(f16[64,401,401,96]{3,2,1,0}, f16[64,200,200,96]{3,2,1,0}), window={size=3x3 stride=2x2}, dim_labels=b01f_o01i->b01f, feature_group_count=96, custom_call_target="__cudnn$convBackwardFilter", backend_config={"cudnn_conv_backend_config":{"activation_mode":"kNone","conv_result_scale":1,"leakyrelu_alpha":0,"side_input_scale":0},"force_earliest_schedule":false,"operation_queue_id":"0","wait_on_operation_queues":[]} is taking a while...
2025-11-13 05:06:52.159059: E external/local_xla/xla/service/slow_operation_alarm.cc:133] The operation took 1.705309692s
Trying algorithm eng49{k0=4,k2=5,k5=4,k14=4} for conv (f16[96,3,3,1]{3,2,1,0}, u8[0]{0}) custom-call(f16[64,401,401,96]{3,2,1,0}, f16[64,200,200,96]{3,2,1,0}), window={size=3x3 stride=2x2}, dim_labels=b01f_o01i->b01f, feature_group_count=96, custom_call_target="__cudnn$convBackwardFilter", backend_config={"cudnn_conv_backend_config":{"activation_mode":"kNone","conv_result_scale":1,"leakyrelu_alpha":0,"side_input_scale":0},"force_earliest_schedule":false,"operation_queue_id":"0","wait_on_operation_queues":[]} is taking a while...
2025-11-13 05:06:53.159202: E external/local_xla/xla/service/slow_operation_alarm.cc:65] Trying algorithm eng33{k0=5,k2=3,k5=3,k14=2} for conv (f16[96,3,3,1]{3,2,1,0}, u8[0]{0}) custom-call(f16[64,401,401,96]{3,2,1,0}, f16[64,200,200,96]{3,2,1,0}), window={size=3x3 stride=2x2}, dim_labels=b01f_o01i->b01f, feature_group_count=96, custom_call_target="__cudnn$convBackwardFilter", backend_config={"cudnn_conv_backend_config":{"activation_mode":"kNone","conv_result_scale":1,"leakyrelu_alpha":0,"side_input_scale":0},"force_earliest_schedule":false,"operation_queue_id":"0","wait_on_operation_queues":[]} is taking a while...
2025-11-13 05:06:53.749128: E external/local_xla/xla/service/slow_operation_alarm.cc:133] The operation took 1.58999243s
Trying algorithm eng33{k0=5,k2=3,k5=3,k14=2} for conv (f16[96,3,3,1]{3,2,1,0}, u8[0]{0}) custom-call(f16[64,401,401,96]{3,2,1,0}, f16[64,200,200,96]{3,2,1,0}), window={size=3x3 stride=2x2}, dim_labels=b01f_o01i->b01f, feature_group_count=96, custom_call_target="__cudnn$convBackwardFilter", backend_config={"cudnn_conv_backend_config":{"activation_mode":"kNone","conv_result_scale":1,"leakyrelu_alpha":0,"side_input_scale":0},"force_earliest_schedule":false,"operation_queue_id":"0","wait_on_operation_queues":[]} is taking a while...
2025-11-13 05:06:54.749252: E external/local_xla/xla/service/slow_operation_alarm.cc:65] Trying algorithm eng49{k0=3,k2=7,k5=3,k14=5} for conv (f16[96,3,3,1]{3,2,1,0}, u8[0]{0}) custom-call(f16[64,401,401,96]{3,2,1,0}, f16[64,200,200,96]{3,2,1,0}), window={size=3x3 stride=2x2}, dim_labels=b01f_o01i->b01f, feature_group_count=96, custom_call_target="__cudnn$convBackwardFilter", backend_config={"cudnn_conv_backend_config":{"activation_mode":"kNone","conv_result_scale":1,"leakyrelu_alpha":0,"side_input_scale":0},"force_earliest_schedule":false,"operation_queue_id":"0","wait_on_operation_queues":[]} is taking a while...
2025-11-13 05:06:55.482744: E external/local_xla/xla/service/slow_operation_alarm.cc:133] The operation took 1.733553976s
Trying algorithm eng49{k0=3,k2=7,k5=3,k14=5} for conv (f16[96,3,3,1]{3,2,1,0}, u8[0]{0}) custom-call(f16[64,401,401,96]{3,2,1,0}, f16[64,200,200,96]{3,2,1,0}), window={size=3x3 stride=2x2}, dim_labels=b01f_o01i->b01f, feature_group_count=96, custom_call_target="__cudnn$convBackwardFilter", backend_config={"cudnn_conv_backend_config":{"activation_mode":"kNone","conv_result_scale":1,"leakyrelu_alpha":0,"side_input_scale":0},"force_earliest_schedule":false,"operation_queue_id":"0","wait_on_operation_queues":[]} is taking a while...
2025-11-13 05:06:56.482862: E external/local_xla/xla/service/slow_operation_alarm.cc:65] Trying algorithm eng49{k0=3,k2=0,k5=3,k14=3} for conv (f16[96,3,3,1]{3,2,1,0}, u8[0]{0}) custom-call(f16[64,401,401,96]{3,2,1,0}, f16[64,200,200,96]{3,2,1,0}), window={size=3x3 stride=2x2}, dim_labels=b01f_o01i->b01f, feature_group_count=96, custom_call_target="__cudnn$convBackwardFilter", backend_config={"cudnn_conv_backend_config":{"activation_mode":"kNone","conv_result_scale":1,"leakyrelu_alpha":0,"side_input_scale":0},"force_earliest_schedule":false,"operation_queue_id":"0","wait_on_operation_queues":[]} is taking a while...
2025-11-13 05:06:57.107932: E external/local_xla/xla/service/slow_operation_alarm.cc:133] The operation took 1.625138206s
Trying algorithm eng49{k0=3,k2=0,k5=3,k14=3} for conv (f16[96,3,3,1]{3,2,1,0}, u8[0]{0}) custom-call(f16[64,401,401,96]{3,2,1,0}, f16[64,200,200,96]{3,2,1,0}), window={size=3x3 stride=2x2}, dim_labels=b01f_o01i->b01f, feature_group_count=96, custom_call_target="__cudnn$convBackwardFilter", backend_config={"cudnn_conv_backend_config":{"activation_mode":"kNone","conv_result_scale":1,"leakyrelu_alpha":0,"side_input_scale":0},"force_earliest_schedule":false,"operation_queue_id":"0","wait_on_operation_queues":[]} is taking a while...
2025-11-13 05:06:58.108047: E external/local_xla/xla/service/slow_operation_alarm.cc:65] Trying algorithm eng49{k0=6,k2=9,k5=3,k14=3} for conv (f16[96,3,3,1]{3,2,1,0}, u8[0]{0}) custom-call(f16[64,401,401,96]{3,2,1,0}, f16[64,200,200,96]{3,2,1,0}), window={size=3x3 stride=2x2}, dim_labels=b01f_o01i->b01f, feature_group_count=96, custom_call_target="__cudnn$convBackwardFilter", backend_config={"cudnn_conv_backend_config":{"activation_mode":"kNone","conv_result_scale":1,"leakyrelu_alpha":0,"side_input_scale":0},"force_earliest_schedule":false,"operation_queue_id":"0","wait_on_operation_queues":[]} is taking a while...
2025-11-13 05:06:58.718218: E external/local_xla/xla/service/slow_operation_alarm.cc:133] The operation took 1.610239478s
Trying algorithm eng49{k0=6,k2=9,k5=3,k14=3} for conv (f16[96,3,3,1]{3,2,1,0}, u8[0]{0}) custom-call(f16[64,401,401,96]{3,2,1,0}, f16[64,200,200,96]{3,2,1,0}), window={size=3x3 stride=2x2}, dim_labels=b01f_o01i->b01f, feature_group_count=96, custom_call_target="__cudnn$convBackwardFilter", backend_config={"cudnn_conv_backend_config":{"activation_mode":"kNone","conv_result_scale":1,"leakyrelu_alpha":0,"side_input_scale":0},"force_earliest_schedule":false,"operation_queue_id":"0","wait_on_operation_queues":[]} is taking a while...
2025-11-13 05:07:05.690950: E external/local_xla/xla/service/slow_operation_alarm.cc:65] Trying algorithm eng0{} for conv (f16[144,3,3,1]{3,2,1,0}, u8[0]{0}) custom-call(f16[64,200,200,144]{3,2,1,0}, f16[64,200,200,144]{3,2,1,0}), window={size=3x3 pad=1_1x1_1}, dim_labels=b01f_o01i->b01f, feature_group_count=144, custom_call_target="__cudnn$convBackwardFilter", backend_config={"cudnn_conv_backend_config":{"activation_mode":"kNone","conv_result_scale":1,"leakyrelu_alpha":0,"side_input_scale":0},"force_earliest_schedule":false,"operation_queue_id":"0","wait_on_operation_queues":[]} is taking a while...
2025-11-13 05:07:07.047841: E external/local_xla/xla/service/slow_operation_alarm.cc:133] The operation took 2.356983473s
Trying algorithm eng0{} for conv (f16[144,3,3,1]{3,2,1,0}, u8[0]{0}) custom-call(f16[64,200,200,144]{3,2,1,0}, f16[64,200,200,144]{3,2,1,0}), window={size=3x3 pad=1_1x1_1}, dim_labels=b01f_o01i->b01f, feature_group_count=144, custom_call_target="__cudnn$convBackwardFilter", backend_config={"cudnn_conv_backend_config":{"activation_mode":"kNone","conv_result_scale":1,"leakyrelu_alpha":0,"side_input_scale":0},"force_earliest_schedule":false,"operation_queue_id":"0","wait_on_operation_queues":[]} is taking a while...
2025-11-13 05:07:08.047997: E external/local_xla/xla/service/slow_operation_alarm.cc:65] Trying algorithm eng49{k0=3,k2=5,k5=4,k14=4} for conv (f16[144,3,3,1]{3,2,1,0}, u8[0]{0}) custom-call(f16[64,200,200,144]{3,2,1,0}, f16[64,200,200,144]{3,2,1,0}), window={size=3x3 pad=1_1x1_1}, dim_labels=b01f_o01i->b01f, feature_group_count=144, custom_call_target="__cudnn$convBackwardFilter", backend_config={"cudnn_conv_backend_config":{"activation_mode":"kNone","conv_result_scale":1,"leakyrelu_alpha":0,"side_input_scale":0},"force_earliest_schedule":false,"operation_queue_id":"0","wait_on_operation_queues":[]} is taking a while...
2025-11-13 05:07:08.328549: E external/local_xla/xla/service/slow_operation_alarm.cc:133] The operation took 1.280636271s
Trying algorithm eng49{k0=3,k2=5,k5=4,k14=4} for conv (f16[144,3,3,1]{3,2,1,0}, u8[0]{0}) custom-call(f16[64,200,200,144]{3,2,1,0}, f16[64,200,200,144]{3,2,1,0}), window={size=3x3 pad=1_1x1_1}, dim_labels=b01f_o01i->b01f, feature_group_count=144, custom_call_target="__cudnn$convBackwardFilter", backend_config={"cudnn_conv_backend_config":{"activation_mode":"kNone","conv_result_scale":1,"leakyrelu_alpha":0,"side_input_scale":0},"force_earliest_schedule":false,"operation_queue_id":"0","wait_on_operation_queues":[]} is taking a while...
2025-11-13 05:07:09.328682: E external/local_xla/xla/service/slow_operation_alarm.cc:65] Trying algorithm eng49{k0=3,k2=0,k5=4,k14=3} for conv (f16[144,3,3,1]{3,2,1,0}, u8[0]{0}) custom-call(f16[64,200,200,144]{3,2,1,0}, f16[64,200,200,144]{3,2,1,0}), window={size=3x3 pad=1_1x1_1}, dim_labels=b01f_o01i->b01f, feature_group_count=144, custom_call_target="__cudnn$convBackwardFilter", backend_config={"cudnn_conv_backend_config":{"activation_mode":"kNone","conv_result_scale":1,"leakyrelu_alpha":0,"side_input_scale":0},"force_earliest_schedule":false,"operation_queue_id":"0","wait_on_operation_queues":[]} is taking a while...
2025-11-13 05:07:09.535302: E external/local_xla/xla/service/slow_operation_alarm.cc:133] The operation took 1.206698502s
Trying algorithm eng49{k0=3,k2=0,k5=4,k14=3} for conv (f16[144,3,3,1]{3,2,1,0}, u8[0]{0}) custom-call(f16[64,200,200,144]{3,2,1,0}, f16[64,200,200,144]{3,2,1,0}), window={size=3x3 pad=1_1x1_1}, dim_labels=b01f_o01i->b01f, feature_group_count=144, custom_call_target="__cudnn$convBackwardFilter", backend_config={"cudnn_conv_backend_config":{"activation_mode":"kNone","conv_result_scale":1,"leakyrelu_alpha":0,"side_input_scale":0},"force_earliest_schedule":false,"operation_queue_id":"0","wait_on_operation_queues":[]} is taking a while...
2025-11-13 05:07:10.535435: E external/local_xla/xla/service/slow_operation_alarm.cc:65] Trying algorithm eng49{k0=3,k2=7,k5=3,k14=5} for conv (f16[144,3,3,1]{3,2,1,0}, u8[0]{0}) custom-call(f16[64,200,200,144]{3,2,1,0}, f16[64,200,200,144]{3,2,1,0}), window={size=3x3 pad=1_1x1_1}, dim_labels=b01f_o01i->b01f, feature_group_count=144, custom_call_target="__cudnn$convBackwardFilter", backend_config={"cudnn_conv_backend_config":{"activation_mode":"kNone","conv_result_scale":1,"leakyrelu_alpha":0,"side_input_scale":0},"force_earliest_schedule":false,"operation_queue_id":"0","wait_on_operation_queues":[]} is taking a while...
2025-11-13 05:07:10.997021: E external/local_xla/xla/service/slow_operation_alarm.cc:133] The operation took 1.461654453s
Trying algorithm eng49{k0=3,k2=7,k5=3,k14=5} for conv (f16[144,3,3,1]{3,2,1,0}, u8[0]{0}) custom-call(f16[64,200,200,144]{3,2,1,0}, f16[64,200,200,144]{3,2,1,0}), window={size=3x3 pad=1_1x1_1}, dim_labels=b01f_o01i->b01f, feature_group_count=144, custom_call_target="__cudnn$convBackwardFilter", backend_config={"cudnn_conv_backend_config":{"activation_mode":"kNone","conv_result_scale":1,"leakyrelu_alpha":0,"side_input_scale":0},"force_earliest_schedule":false,"operation_queue_id":"0","wait_on_operation_queues":[]} is taking a while...
2025-11-13 05:07:11.997145: E external/local_xla/xla/service/slow_operation_alarm.cc:65] Trying algorithm eng47{k0=3,k2=0,k5=3,k14=3} for conv (f16[144,3,3,1]{3,2,1,0}, u8[0]{0}) custom-call(f16[64,200,200,144]{3,2,1,0}, f16[64,200,200,144]{3,2,1,0}), window={size=3x3 pad=1_1x1_1}, dim_labels=b01f_o01i->b01f, feature_group_count=144, custom_call_target="__cudnn$convBackwardFilter", backend_config={"cudnn_conv_backend_config":{"activation_mode":"kNone","conv_result_scale":1,"leakyrelu_alpha":0,"side_input_scale":0},"force_earliest_schedule":false,"operation_queue_id":"0","wait_on_operation_queues":[]} is taking a while...
2025-11-13 05:07:12.418894: E external/local_xla/xla/service/slow_operation_alarm.cc:133] The operation took 1.421821109s
Trying algorithm eng47{k0=3,k2=0,k5=3,k14=3} for conv (f16[144,3,3,1]{3,2,1,0}, u8[0]{0}) custom-call(f16[64,200,200,144]{3,2,1,0}, f16[64,200,200,144]{3,2,1,0}), window={size=3x3 pad=1_1x1_1}, dim_labels=b01f_o01i->b01f, feature_group_count=144, custom_call_target="__cudnn$convBackwardFilter", backend_config={"cudnn_conv_backend_config":{"activation_mode":"kNone","conv_result_scale":1,"leakyrelu_alpha":0,"side_input_scale":0},"force_earliest_schedule":false,"operation_queue_id":"0","wait_on_operation_queues":[]} is taking a while...
2025-11-13 05:07:13.419020: E external/local_xla/xla/service/slow_operation_alarm.cc:65] Trying algorithm eng49{k0=3,k2=0,k5=3,k14=3} for conv (f16[144,3,3,1]{3,2,1,0}, u8[0]{0}) custom-call(f16[64,200,200,144]{3,2,1,0}, f16[64,200,200,144]{3,2,1,0}), window={size=3x3 pad=1_1x1_1}, dim_labels=b01f_o01i->b01f, feature_group_count=144, custom_call_target="__cudnn$convBackwardFilter", backend_config={"cudnn_conv_backend_config":{"activation_mode":"kNone","conv_result_scale":1,"leakyrelu_alpha":0,"side_input_scale":0},"force_earliest_schedule":false,"operation_queue_id":"0","wait_on_operation_queues":[]} is taking a while...
2025-11-13 05:07:13.887085: E external/local_xla/xla/service/slow_operation_alarm.cc:133] The operation took 1.468145578s
Trying algorithm eng49{k0=3,k2=0,k5=3,k14=3} for conv (f16[144,3,3,1]{3,2,1,0}, u8[0]{0}) custom-call(f16[64,200,200,144]{3,2,1,0}, f16[64,200,200,144]{3,2,1,0}), window={size=3x3 pad=1_1x1_1}, dim_labels=b01f_o01i->b01f, feature_group_count=144, custom_call_target="__cudnn$convBackwardFilter", backend_config={"cudnn_conv_backend_config":{"activation_mode":"kNone","conv_result_scale":1,"leakyrelu_alpha":0,"side_input_scale":0},"force_earliest_schedule":false,"operation_queue_id":"0","wait_on_operation_queues":[]} is taking a while...
2025-11-13 05:07:14.887213: E external/local_xla/xla/service/slow_operation_alarm.cc:65] Trying algorithm eng33{k0=5,k2=3,k5=3,k14=2} for conv (f16[144,3,3,1]{3,2,1,0}, u8[0]{0}) custom-call(f16[64,200,200,144]{3,2,1,0}, f16[64,200,200,144]{3,2,1,0}), window={size=3x3 pad=1_1x1_1}, dim_labels=b01f_o01i->b01f, feature_group_count=144, custom_call_target="__cudnn$convBackwardFilter", backend_config={"cudnn_conv_backend_config":{"activation_mode":"kNone","conv_result_scale":1,"leakyrelu_alpha":0,"side_input_scale":0},"force_earliest_schedule":false,"operation_queue_id":"0","wait_on_operation_queues":[]} is taking a while...
2025-11-13 05:07:15.334033: E external/local_xla/xla/service/slow_operation_alarm.cc:133] The operation took 1.446888191s
Trying algorithm eng33{k0=5,k2=3,k5=3,k14=2} for conv (f16[144,3,3,1]{3,2,1,0}, u8[0]{0}) custom-call(f16[64,200,200,144]{3,2,1,0}, f16[64,200,200,144]{3,2,1,0}), window={size=3x3 pad=1_1x1_1}, dim_labels=b01f_o01i->b01f, feature_group_count=144, custom_call_target="__cudnn$convBackwardFilter", backend_config={"cudnn_conv_backend_config":{"activation_mode":"kNone","conv_result_scale":1,"leakyrelu_alpha":0,"side_input_scale":0},"force_earliest_schedule":false,"operation_queue_id":"0","wait_on_operation_queues":[]} is taking a while...
2025-11-13 05:07:16.334160: E external/local_xla/xla/service/slow_operation_alarm.cc:65] Trying algorithm eng49{k0=3,k2=9,k5=3,k14=3} for conv (f16[144,3,3,1]{3,2,1,0}, u8[0]{0}) custom-call(f16[64,200,200,144]{3,2,1,0}, f16[64,200,200,144]{3,2,1,0}), window={size=3x3 pad=1_1x1_1}, dim_labels=b01f_o01i->b01f, feature_group_count=144, custom_call_target="__cudnn$convBackwardFilter", backend_config={"cudnn_conv_backend_config":{"activation_mode":"kNone","conv_result_scale":1,"leakyrelu_alpha":0,"side_input_scale":0},"force_earliest_schedule":false,"operation_queue_id":"0","wait_on_operation_queues":[]} is taking a while...
2025-11-13 05:07:17.681002: E external/local_xla/xla/service/slow_operation_alarm.cc:133] The operation took 2.346921289s
Trying algorithm eng49{k0=3,k2=9,k5=3,k14=3} for conv (f16[144,3,3,1]{3,2,1,0}, u8[0]{0}) custom-call(f16[64,200,200,144]{3,2,1,0}, f16[64,200,200,144]{3,2,1,0}), window={size=3x3 pad=1_1x1_1}, dim_labels=b01f_o01i->b01f, feature_group_count=144, custom_call_target="__cudnn$convBackwardFilter", backend_config={"cudnn_conv_backend_config":{"activation_mode":"kNone","conv_result_scale":1,"leakyrelu_alpha":0,"side_input_scale":0},"force_earliest_schedule":false,"operation_queue_id":"0","wait_on_operation_queues":[]} is taking a while...
2025-11-13 05:07:22.492194: E external/local_xla/xla/service/slow_operation_alarm.cc:65] Trying algorithm eng0{} for conv (f16[144,5,5,1]{3,2,1,0}, u8[0]{0}) custom-call(f16[64,201,201,144]{3,2,1,0}, f16[64,100,100,144]{3,2,1,0}), window={size=5x5 stride=2x2 pad=1_1x1_1}, dim_labels=b01f_o01i->b01f, feature_group_count=144, custom_call_target="__cudnn$convBackwardFilter", backend_config={"cudnn_conv_backend_config":{"activation_mode":"kNone","conv_result_scale":1,"leakyrelu_alpha":0,"side_input_scale":0},"force_earliest_schedule":false,"operation_queue_id":"0","wait_on_operation_queues":[]} is taking a while...
2025-11-13 05:07:23.063622: E external/local_xla/xla/service/slow_operation_alarm.cc:133] The operation took 1.571499434s
Trying algorithm eng0{} for conv (f16[144,5,5,1]{3,2,1,0}, u8[0]{0}) custom-call(f16[64,201,201,144]{3,2,1,0}, f16[64,100,100,144]{3,2,1,0}), window={size=5x5 stride=2x2 pad=1_1x1_1}, dim_labels=b01f_o01i->b01f, feature_group_count=144, custom_call_target="__cudnn$convBackwardFilter", backend_config={"cudnn_conv_backend_config":{"activation_mode":"kNone","conv_result_scale":1,"leakyrelu_alpha":0,"side_input_scale":0},"force_earliest_schedule":false,"operation_queue_id":"0","wait_on_operation_queues":[]} is taking a while...
2025-11-13 05:07:30.195089: E external/local_xla/xla/service/slow_operation_alarm.cc:65] Trying algorithm eng0{} for conv (f16[240,5,5,1]{3,2,1,0}, u8[0]{0}) custom-call(f16[64,100,100,240]{3,2,1,0}, f16[64,100,100,240]{3,2,1,0}), window={size=5x5 pad=2_2x2_2}, dim_labels=b01f_o01i->b01f, feature_group_count=240, custom_call_target="__cudnn$convBackwardFilter", backend_config={"cudnn_conv_backend_config":{"activation_mode":"kNone","conv_result_scale":1,"leakyrelu_alpha":0,"side_input_scale":0},"force_earliest_schedule":false,"operation_queue_id":"0","wait_on_operation_queues":[]} is taking a while...
2025-11-13 05:07:31.709370: E external/local_xla/xla/service/slow_operation_alarm.cc:133] The operation took 2.514344649s
Trying algorithm eng0{} for conv (f16[240,5,5,1]{3,2,1,0}, u8[0]{0}) custom-call(f16[64,100,100,240]{3,2,1,0}, f16[64,100,100,240]{3,2,1,0}), window={size=5x5 pad=2_2x2_2}, dim_labels=b01f_o01i->b01f, feature_group_count=240, custom_call_target="__cudnn$convBackwardFilter", backend_config={"cudnn_conv_backend_config":{"activation_mode":"kNone","conv_result_scale":1,"leakyrelu_alpha":0,"side_input_scale":0},"force_earliest_schedule":false,"operation_queue_id":"0","wait_on_operation_queues":[]} is taking a while...
2025-11-13 05:07:32.709511: E external/local_xla/xla/service/slow_operation_alarm.cc:65] Trying algorithm eng49{k0=1,k2=0,k5=4,k14=3} for conv (f16[240,5,5,1]{3,2,1,0}, u8[0]{0}) custom-call(f16[64,100,100,240]{3,2,1,0}, f16[64,100,100,240]{3,2,1,0}), window={size=5x5 pad=2_2x2_2}, dim_labels=b01f_o01i->b01f, feature_group_count=240, custom_call_target="__cudnn$convBackwardFilter", backend_config={"cudnn_conv_backend_config":{"activation_mode":"kNone","conv_result_scale":1,"leakyrelu_alpha":0,"side_input_scale":0},"force_earliest_schedule":false,"operation_queue_id":"0","wait_on_operation_queues":[]} is taking a while...
2025-11-13 05:07:32.780849: E external/local_xla/xla/service/slow_operation_alarm.cc:133] The operation took 1.071405172s
Trying algorithm eng49{k0=1,k2=0,k5=4,k14=3} for conv (f16[240,5,5,1]{3,2,1,0}, u8[0]{0}) custom-call(f16[64,100,100,240]{3,2,1,0}, f16[64,100,100,240]{3,2,1,0}), window={size=5x5 pad=2_2x2_2}, dim_labels=b01f_o01i->b01f, feature_group_count=240, custom_call_target="__cudnn$convBackwardFilter", backend_config={"cudnn_conv_backend_config":{"activation_mode":"kNone","conv_result_scale":1,"leakyrelu_alpha":0,"side_input_scale":0},"force_earliest_schedule":false,"operation_queue_id":"0","wait_on_operation_queues":[]} is taking a while...
2025-11-13 05:07:45.953538: E external/local_xla/xla/service/slow_operation_alarm.cc:65] Trying algorithm eng0{} for conv (f16[480,5,5,1]{3,2,1,0}, u8[0]{0}) custom-call(f16[64,50,50,480]{3,2,1,0}, f16[64,50,50,480]{3,2,1,0}), window={size=5x5 pad=2_2x2_2}, dim_labels=b01f_o01i->b01f, feature_group_count=480, custom_call_target="__cudnn$convBackwardFilter", backend_config={"cudnn_conv_backend_config":{"activation_mode":"kNone","conv_result_scale":1,"leakyrelu_alpha":0,"side_input_scale":0},"force_earliest_schedule":false,"operation_queue_id":"0","wait_on_operation_queues":[]} is taking a while...
2025-11-13 05:07:46.342156: E external/local_xla/xla/service/slow_operation_alarm.cc:133] The operation took 1.388690528s
Trying algorithm eng0{} for conv (f16[480,5,5,1]{3,2,1,0}, u8[0]{0}) custom-call(f16[64,50,50,480]{3,2,1,0}, f16[64,50,50,480]{3,2,1,0}), window={size=5x5 pad=2_2x2_2}, dim_labels=b01f_o01i->b01f, feature_group_count=480, custom_call_target="__cudnn$convBackwardFilter", backend_config={"cudnn_conv_backend_config":{"activation_mode":"kNone","conv_result_scale":1,"leakyrelu_alpha":0,"side_input_scale":0},"force_earliest_schedule":false,"operation_queue_id":"0","wait_on_operation_queues":[]} is taking a while...
2025-11-13 05:07:51.179573: E external/local_xla/xla/service/slow_operation_alarm.cc:65] Trying algorithm eng0{} for conv (f16[672,5,5,1]{3,2,1,0}, u8[0]{0}) custom-call(f16[64,50,50,672]{3,2,1,0}, f16[64,50,50,672]{3,2,1,0}), window={size=5x5 pad=2_2x2_2}, dim_labels=b01f_o01i->b01f, feature_group_count=672, custom_call_target="__cudnn$convBackwardFilter", backend_config={"cudnn_conv_backend_config":{"activation_mode":"kNone","conv_result_scale":1,"leakyrelu_alpha":0,"side_input_scale":0},"force_earliest_schedule":false,"operation_queue_id":"0","wait_on_operation_queues":[]} is taking a while...
2025-11-13 05:07:52.142228: E external/local_xla/xla/service/slow_operation_alarm.cc:133] The operation took 1.962825671s
Trying algorithm eng0{} for conv (f16[672,5,5,1]{3,2,1,0}, u8[0]{0}) custom-call(f16[64,50,50,672]{3,2,1,0}, f16[64,50,50,672]{3,2,1,0}), window={size=5x5 pad=2_2x2_2}, dim_labels=b01f_o01i->b01f, feature_group_count=672, custom_call_target="__cudnn$convBackwardFilter", backend_config={"cudnn_conv_backend_config":{"activation_mode":"kNone","conv_result_scale":1,"leakyrelu_alpha":0,"side_input_scale":0},"force_earliest_schedule":false,"operation_queue_id":"0","wait_on_operation_queues":[]} is taking a while...
2025-11-13 05:08:18.651287: W external/local_xla/xla/service/hlo_rematerialization.cc:3005] Can't reduce memory use below 8.42GiB (9045107959 bytes) by rematerialization; only reduced to 18.41GiB (19772000490 bytes), down from 24.48GiB (26284774017 bytes) originally
2025-11-13 05:08:43.197638: I external/local_xla/xla/stream_executor/cuda/cuda_asm_compiler.cc:397] ptxas warning : Registers are spilled to local memory in function 'input_reduce_fusion_82_remat3', 596 bytes spill stores, 596 bytes spill loads
ptxas warning : Registers are spilled to local memory in function 'input_reduce_fusion_85', 56 bytes spill stores, 52 bytes spill loads
ptxas warning : Registers are spilled to local memory in function 'input_reduce_fusion_88_remat', 40 bytes spill stores, 40 bytes spill loads
ptxas warning : Registers are spilled to local memory in function 'input_reduce_fusion_88', 368 bytes spill stores, 248 bytes spill loads
ptxas warning : Registers are spilled to local memory in function 'input_reduce_fusion_285', 8 bytes spill stores, 8 bytes spill loads
ptxas warning : Registers are spilled to local memory in function 'input_reduce_fusion_286_remat', 8 bytes spill stores, 8 bytes spill loads
ptxas warning : Registers are spilled to local memory in function 'input_reduce_fusion_291_remat', 8 bytes spill stores, 8 bytes spill loads
ptxas warning : Registers are spilled to local memory in function 'input_reduce_fusion_266', 392 bytes spill stores, 264 bytes spill loads

2025-11-13 05:08:53.764288: W external/local_xla/xla/tsl/framework/bfc_allocator.cc:497] Allocator (GPU_0_bfc) ran out of memory trying to allocate 18.42GiB (rounded to 19783403008)requested by op 
2025-11-13 05:08:53.764378: I external/local_xla/xla/tsl/framework/bfc_allocator.cc:1053] BFCAllocator dump for GPU_0_bfc
2025-11-13 05:08:53.764394: I external/local_xla/xla/tsl/framework/bfc_allocator.cc:1060] Bin (256): 	Total Chunks: 213, Chunks in use: 213. 53.2KiB allocated for chunks. 53.2KiB in use in bin. 15.9KiB client-requested in use in bin.
2025-11-13 05:08:53.764404: I external/local_xla/xla/tsl/framework/bfc_allocator.cc:1060] Bin (512): 	Total Chunks: 183, Chunks in use: 183. 115.8KiB allocated for chunks. 115.8KiB in use in bin. 93.6KiB client-requested in use in bin.
2025-11-13 05:08:53.764414: I external/local_xla/xla/tsl/framework/bfc_allocator.cc:1060] Bin (1024): 	Total Chunks: 86, Chunks in use: 86. 95.8KiB allocated for chunks. 95.8KiB in use in bin. 86.7KiB client-requested in use in bin.
2025-11-13 05:08:53.764423: I external/local_xla/xla/tsl/framework/bfc_allocator.cc:1060] Bin (2048): 	Total Chunks: 168, Chunks in use: 168. 426.5KiB allocated for chunks. 426.5KiB in use in bin. 395.8KiB client-requested in use in bin.
2025-11-13 05:08:53.764433: I external/local_xla/xla/tsl/framework/bfc_allocator.cc:1060] Bin (4096): 	Total Chunks: 132, Chunks in use: 132. 672.2KiB allocated for chunks. 672.2KiB in use in bin. 643.9KiB client-requested in use in bin.
2025-11-13 05:08:53.764442: I external/local_xla/xla/tsl/framework/bfc_allocator.cc:1060] Bin (8192): 	Total Chunks: 46, Chunks in use: 46. 512.8KiB allocated for chunks. 512.8KiB in use in bin. 478.4KiB client-requested in use in bin.
2025-11-13 05:08:53.764451: I external/local_xla/xla/tsl/framework/bfc_allocator.cc:1060] Bin (16384): 	Total Chunks: 15, Chunks in use: 15. 299.0KiB allocated for chunks. 299.0KiB in use in bin. 278.4KiB client-requested in use in bin.
2025-11-13 05:08:53.764468: I external/local_xla/xla/tsl/framework/bfc_allocator.cc:1060] Bin (32768): 	Total Chunks: 45, Chunks in use: 45. 1.64MiB allocated for chunks. 1.64MiB in use in bin. 1.60MiB client-requested in use in bin.
2025-11-13 05:08:53.764478: I external/local_xla/xla/tsl/framework/bfc_allocator.cc:1060] Bin (65536): 	Total Chunks: 52, Chunks in use: 52. 4.08MiB allocated for chunks. 4.08MiB in use in bin. 3.93MiB client-requested in use in bin.
2025-11-13 05:08:53.764487: I external/local_xla/xla/tsl/framework/bfc_allocator.cc:1060] Bin (131072): 	Total Chunks: 57, Chunks in use: 57. 10.48MiB allocated for chunks. 10.48MiB in use in bin. 10.15MiB client-requested in use in bin.
2025-11-13 05:08:53.764496: I external/local_xla/xla/tsl/framework/bfc_allocator.cc:1060] Bin (262144): 	Total Chunks: 25, Chunks in use: 25. 7.42MiB allocated for chunks. 7.42MiB in use in bin. 7.23MiB client-requested in use in bin.
2025-11-13 05:08:53.764506: I external/local_xla/xla/tsl/framework/bfc_allocator.cc:1060] Bin (524288): 	Total Chunks: 33, Chunks in use: 33. 26.19MiB allocated for chunks. 26.19MiB in use in bin. 26.02MiB client-requested in use in bin.
2025-11-13 05:08:53.764515: I external/local_xla/xla/tsl/framework/bfc_allocator.cc:1060] Bin (1048576): 	Total Chunks: 4, Chunks in use: 4. 5.87MiB allocated for chunks. 5.87MiB in use in bin. 4.82MiB client-requested in use in bin.
2025-11-13 05:08:53.764524: I external/local_xla/xla/tsl/framework/bfc_allocator.cc:1060] Bin (2097152): 	Total Chunks: 6, Chunks in use: 6. 14.74MiB allocated for chunks. 14.74MiB in use in bin. 12.34MiB client-requested in use in bin.
2025-11-13 05:08:53.764533: I external/local_xla/xla/tsl/framework/bfc_allocator.cc:1060] Bin (4194304): 	Total Chunks: 1, Chunks in use: 1. 4.00MiB allocated for chunks. 4.00MiB in use in bin. 2.01MiB client-requested in use in bin.
2025-11-13 05:08:53.764544: I external/local_xla/xla/tsl/framework/bfc_allocator.cc:1060] Bin (8388608): 	Total Chunks: 0, Chunks in use: 0. 0B allocated for chunks. 0B in use in bin. 0B client-requested in use in bin.
2025-11-13 05:08:53.764553: I external/local_xla/xla/tsl/framework/bfc_allocator.cc:1060] Bin (16777216): 	Total Chunks: 0, Chunks in use: 0. 0B allocated for chunks. 0B in use in bin. 0B client-requested in use in bin.
2025-11-13 05:08:53.764562: I external/local_xla/xla/tsl/framework/bfc_allocator.cc:1060] Bin (33554432): 	Total Chunks: 1, Chunks in use: 0. 49.46MiB allocated for chunks. 0B in use in bin. 0B client-requested in use in bin.
2025-11-13 05:08:53.764570: I external/local_xla/xla/tsl/framework/bfc_allocator.cc:1060] Bin (67108864): 	Total Chunks: 0, Chunks in use: 0. 0B allocated for chunks. 0B in use in bin. 0B client-requested in use in bin.
2025-11-13 05:08:53.764579: I external/local_xla/xla/tsl/framework/bfc_allocator.cc:1060] Bin (134217728): 	Total Chunks: 0, Chunks in use: 0. 0B allocated for chunks. 0B in use in bin. 0B client-requested in use in bin.
2025-11-13 05:08:53.764588: I external/local_xla/xla/tsl/framework/bfc_allocator.cc:1060] Bin (268435456): 	Total Chunks: 5, Chunks in use: 1. 9.93GiB allocated for chunks. 512.00MiB in use in bin. 468.75MiB client-requested in use in bin.
2025-11-13 05:08:53.764597: I external/local_xla/xla/tsl/framework/bfc_allocator.cc:1076] Bin for 18.42GiB was 256.00MiB, Chunk State: 
2025-11-13 05:08:53.764608: I external/local_xla/xla/tsl/framework/bfc_allocator.cc:1082]   Size: 512.00MiB | Requested Size: 113.66MiB | in_use: 0 | bin_num: 20
2025-11-13 05:08:53.764617: I external/local_xla/xla/tsl/framework/bfc_allocator.cc:1082]   Size: 1.00GiB | Requested Size: 719.44MiB | in_use: 0 | bin_num: 20
2025-11-13 05:08:53.764625: I external/local_xla/xla/tsl/framework/bfc_allocator.cc:1082]   Size: 2.00GiB | Requested Size: 1.16GiB | in_use: 0 | bin_num: 20
2025-11-13 05:08:53.764634: I external/local_xla/xla/tsl/framework/bfc_allocator.cc:1082]   Size: 5.93GiB | Requested Size: 2.30GiB | in_use: 0 | bin_num: 20
2025-11-13 05:08:53.764645: I external/local_xla/xla/tsl/framework/bfc_allocator.cc:1089] Next region of size 6365904896
2025-11-13 05:08:53.764654: I external/local_xla/xla/tsl/framework/bfc_allocator.cc:1109] Free  at 14649c000000 of size 6365904896 next 18446744073709551615
2025-11-13 05:08:53.764662: I external/local_xla/xla/tsl/framework/bfc_allocator.cc:1089] Next region of size 2147483648
2025-11-13 05:08:53.764670: I external/local_xla/xla/tsl/framework/bfc_allocator.cc:1109] Free  at 14662c000000 of size 2147483648 next 18446744073709551615
2025-11-13 05:08:53.764677: I external/local_xla/xla/tsl/framework/bfc_allocator.cc:1089] Next region of size 1073741824
2025-11-13 05:08:53.764685: I external/local_xla/xla/tsl/framework/bfc_allocator.cc:1109] Free  at 1466d4000000 of size 1073741824 next 18446744073709551615
2025-11-13 05:08:53.764692: I external/local_xla/xla/tsl/framework/bfc_allocator.cc:1089] Next region of size 536870912
2025-11-13 05:08:53.764700: I external/local_xla/xla/tsl/framework/bfc_allocator.cc:1109] Free  at 146714000000 of size 536870912 next 18446744073709551615
2025-11-13 05:08:53.764708: I external/local_xla/xla/tsl/framework/bfc_allocator.cc:1089] Next region of size 536870912
2025-11-13 05:08:53.764716: I external/local_xla/xla/tsl/framework/bfc_allocator.cc:1109] InUse at 1467d2000000 of size 536870912 next 18446744073709551615
2025-11-13 05:08:53.764724: I external/local_xla/xla/tsl/framework/bfc_allocator.cc:1089] Next region of size 67108864
2025-11-13 05:08:53.764731: I external/local_xla/xla/tsl/framework/bfc_allocator.cc:1109] InUse at 146840000000 of size 884736 next 628
2025-11-13 05:08:53.764739: I external/local_xla/xla/tsl/framework/bfc_allocator.cc:1109] InUse at 1468400d8000 of size 884736 next 629
2025-11-13 05:08:53.764747: I external/local_xla/xla/tsl/framework/bfc_allocator.cc:1109] InUse at 1468401b0000 of size 884736 next 630
2025-11-13 05:08:53.764754: I external/local_xla/xla/tsl/framework/bfc_allocator.cc:1109] InUse at 146840288000 of size 884736 next 631
2025-11-13 05:08:53.764762: I external/local_xla/xla/tsl/framework/bfc_allocator.cc:1109] InUse at 146840360000 of size 884736 next 632
2025-11-13 05:08:53.764769: I external/local_xla/xla/tsl/framework/bfc_allocator.cc:1109] InUse at 146840438000 of size 115200 next 633
2025-11-13 05:08:53.764777: I external/local_xla/xla/tsl/framework/bfc_allocator.cc:1109] InUse at 146840454200 of size 115200 next 634
2025-11-13 05:08:53.764785: I external/local_xla/xla/tsl/framework/bfc_allocator.cc:1109] InUse at 146840470400 of size 115200 next 635
2025-11-13 05:08:53.764792: I external/local_xla/xla/tsl/framework/bfc_allocator.cc:1109] InUse at 14684048c600 of size 115200 next 636
2025-11-13 05:08:53.764800: I external/local_xla/xla/tsl/framework/bfc_allocator.cc:1109] InUse at 1468404a8800 of size 115200 next 637
2025-11-13 05:08:53.764807: I external/local_xla/xla/tsl/framework/bfc_allocator.cc:1109] InUse at 1468404c4a00 of size 115200 next 638
2025-11-13 05:08:53.764815: I external/local_xla/xla/tsl/framework/bfc_allocator.cc:1109] InUse at 1468404e0c00 of size 115200 next 639
2025-11-13 05:08:53.764822: I external/local_xla/xla/tsl/framework/bfc_allocator.cc:1109] InUse at 1468404fce00 of size 256 next 640
2025-11-13 05:08:53.764830: I external/local_xla/xla/tsl/framework/bfc_allocator.cc:1109] InUse at 1468404fcf00 of size 256 next 641
2025-11-13 05:08:53.764837: I external/local_xla/xla/tsl/framework/bfc_allocator.cc:1109] InUse at 1468404fd000 of size 256 next 642
2025-11-13 05:08:53.764845: I external/local_xla/xla/tsl/framework/bfc_allocator.cc:1109] InUse at 1468404fd100 of size 256 next 643
2025-11-13 05:08:53.764852: I external/local_xla/xla/tsl/framework/bfc_allocator.cc:1109] InUse at 1468404fd200 of size 256 next 644
2025-11-13 05:08:53.764860: I external/local_xla/xla/tsl/framework/bfc_allocator.cc:1109] InUse at 1468404fd300 of size 256 next 645
2025-11-13 05:08:53.764867: I external/local_xla/xla/tsl/framework/bfc_allocator.cc:1109] InUse at 1468404fd400 of size 256 next 646
2025-11-13 05:08:53.764878: I external/local_xla/xla/tsl/framework/bfc_allocator.cc:1109] InUse at 1468404fd500 of size 256 next 647
2025-11-13 05:08:53.764886: I external/local_xla/xla/tsl/framework/bfc_allocator.cc:1109] InUse at 1468404fd600 of size 256 next 648
2025-11-13 05:08:53.764894: I external/local_xla/xla/tsl/framework/bfc_allocator.cc:1109] InUse at 1468404fd700 of size 256 next 649
2025-11-13 05:08:53.764901: I external/local_xla/xla/tsl/framework/bfc_allocator.cc:1109] InUse at 1468404fd800 of size 768 next 650
2025-11-13 05:08:53.764910: I external/local_xla/xla/tsl/framework/bfc_allocator.cc:1109] InUse at 1468404fdb00 of size 768 next 651
2025-11-13 05:08:53.764918: I external/local_xla/xla/tsl/framework/bfc_allocator.cc:1109] InUse at 1468404fde00 of size 768 next 652
2025-11-13 05:08:53.764926: I external/local_xla/xla/tsl/framework/bfc_allocator.cc:1109] InUse at 1468404fe100 of size 768 next 653
2025-11-13 05:08:53.764933: I external/local_xla/xla/tsl/framework/bfc_allocator.cc:1109] InUse at 1468404fe400 of size 768 next 654
2025-11-13 05:08:53.764941: I external/local_xla/xla/tsl/framework/bfc_allocator.cc:1109] InUse at 1468404fe700 of size 768 next 655
2025-11-13 05:08:53.764948: I external/local_xla/xla/tsl/framework/bfc_allocator.cc:1109] InUse at 1468404fea00 of size 768 next 656
2025-11-13 05:08:53.764956: I external/local_xla/xla/tsl/framework/bfc_allocator.cc:1109] InUse at 1468404fed00 of size 768 next 657
2025-11-13 05:08:53.764963: I external/local_xla/xla/tsl/framework/bfc_allocator.cc:1109] InUse at 1468404ff000 of size 768 next 658
2025-11-13 05:08:53.764971: I external/local_xla/xla/tsl/framework/bfc_allocator.cc:1109] InUse at 1468404ff300 of size 768 next 659
2025-11-13 05:08:53.764978: I external/local_xla/xla/tsl/framework/bfc_allocator.cc:1109] InUse at 1468404ff600 of size 768 next 660
2025-11-13 05:08:53.764986: I external/local_xla/xla/tsl/framework/bfc_allocator.cc:1109] InUse at 1468404ff900 of size 768 next 661
2025-11-13 05:08:53.764993: I external/local_xla/xla/tsl/framework/bfc_allocator.cc:1109] InUse at 1468404ffc00 of size 768 next 662
2025-11-13 05:08:53.765001: I external/local_xla/xla/tsl/framework/bfc_allocator.cc:1109] InUse at 1468404fff00 of size 768 next 663
2025-11-13 05:08:53.765008: I external/local_xla/xla/tsl/framework/bfc_allocator.cc:1109] InUse at 146840500200 of size 768 next 664
2025-11-13 05:08:53.765016: I external/local_xla/xla/tsl/framework/bfc_allocator.cc:1109] InUse at 146840500500 of size 768 next 665
2025-11-13 05:08:53.765023: I external/local_xla/xla/tsl/framework/bfc_allocator.cc:1109] InUse at 146840500800 of size 768 next 666
2025-11-13 05:08:53.765031: I external/local_xla/xla/tsl/framework/bfc_allocator.cc:1109] InUse at 146840500b00 of size 768 next 667
2025-11-13 05:08:53.765038: I external/local_xla/xla/tsl/framework/bfc_allocator.cc:1109] InUse at 146840500e00 of size 768 next 668
2025-11-13 05:08:53.765046: I external/local_xla/xla/tsl/framework/bfc_allocator.cc:1109] InUse at 146840501100 of size 768 next 669
2025-11-13 05:08:53.765054: I external/local_xla/xla/tsl/framework/bfc_allocator.cc:1109] InUse at 146840501400 of size 4608 next 670
2025-11-13 05:08:53.765061: I external/local_xla/xla/tsl/framework/bfc_allocator.cc:1109] InUse at 146840502600 of size 4608 next 671
2025-11-13 05:08:53.765069: I external/local_xla/xla/tsl/framework/bfc_allocator.cc:1109] InUse at 146840503800 of size 4608 next 672
2025-11-13 05:08:53.765076: I external/local_xla/xla/tsl/framework/bfc_allocator.cc:1109] InUse at 146840504a00 of size 4608 next 673
2025-11-13 05:08:53.765084: I external/local_xla/xla/tsl/framework/bfc_allocator.cc:1109] InUse at 146840505c00 of size 4608 next 674
2025-11-13 05:08:53.765091: I external/local_xla/xla/tsl/framework/bfc_allocator.cc:1109] InUse at 146840506e00 of size 4608 next 675
2025-11-13 05:08:53.765099: I external/local_xla/xla/tsl/framework/bfc_allocator.cc:1109] InUse at 146840508000 of size 4608 next 676
2025-11-13 05:08:53.765106: I external/local_xla/xla/tsl/framework/bfc_allocator.cc:1109] InUse at 146840509200 of size 4608 next 677
2025-11-13 05:08:53.765117: I external/local_xla/xla/tsl/framework/bfc_allocator.cc:1109] InUse at 14684050a400 of size 4608 next 678
2025-11-13 05:08:53.765125: I external/local_xla/xla/tsl/framework/bfc_allocator.cc:1109] InUse at 14684050b600 of size 4608 next 679
2025-11-13 05:08:53.765137: I external/local_xla/xla/tsl/framework/bfc_allocator.cc:1109] InUse at 14684050c800 of size 4608 next 680
2025-11-13 05:08:53.765146: I external/local_xla/xla/tsl/framework/bfc_allocator.cc:1109] InUse at 14684050da00 of size 4608 next 681
2025-11-13 05:08:53.765153: I external/local_xla/xla/tsl/framework/bfc_allocator.cc:1109] InUse at 14684050ec00 of size 4608 next 682
2025-11-13 05:08:53.765161: I external/local_xla/xla/tsl/framework/bfc_allocator.cc:1109] InUse at 14684050fe00 of size 4608 next 683
2025-11-13 05:08:53.765168: I external/local_xla/xla/tsl/framework/bfc_allocator.cc:1109] InUse at 146840511000 of size 4608 next 684
2025-11-13 05:08:53.765176: I external/local_xla/xla/tsl/framework/bfc_allocator.cc:1109] InUse at 146840512200 of size 4608 next 685
2025-11-13 05:08:53.765183: I external/local_xla/xla/tsl/framework/bfc_allocator.cc:1109] InUse at 146840513400 of size 4608 next 686
2025-11-13 05:08:53.765191: I external/local_xla/xla/tsl/framework/bfc_allocator.cc:1109] InUse at 146840514600 of size 4608 next 687
2025-11-13 05:08:53.765198: I external/local_xla/xla/tsl/framework/bfc_allocator.cc:1109] InUse at 146840515800 of size 4608 next 688
2025-11-13 05:08:53.765206: I external/local_xla/xla/tsl/framework/bfc_allocator.cc:1109] InUse at 146840516a00 of size 4608 next 689
2025-11-13 05:08:53.765214: I external/local_xla/xla/tsl/framework/bfc_allocator.cc:1109] InUse at 146840517c00 of size 4608 next 690
2025-11-13 05:08:53.765221: I external/local_xla/xla/tsl/framework/bfc_allocator.cc:1109] InUse at 146840518e00 of size 4608 next 691
2025-11-13 05:08:53.765229: I external/local_xla/xla/tsl/framework/bfc_allocator.cc:1109] InUse at 14684051a000 of size 4608 next 692
2025-11-13 05:08:53.765236: I external/local_xla/xla/tsl/framework/bfc_allocator.cc:1109] InUse at 14684051b200 of size 4608 next 693
2025-11-13 05:08:53.765244: I external/local_xla/xla/tsl/framework/bfc_allocator.cc:1109] InUse at 14684051c400 of size 4608 next 694
2025-11-13 05:08:53.765251: I external/local_xla/xla/tsl/framework/bfc_allocator.cc:1109] InUse at 14684051d600 of size 4608 next 695
2025-11-13 05:08:53.765259: I external/local_xla/xla/tsl/framework/bfc_allocator.cc:1109] InUse at 14684051e800 of size 4608 next 696
2025-11-13 05:08:53.765266: I external/local_xla/xla/tsl/framework/bfc_allocator.cc:1109] InUse at 14684051fa00 of size 4608 next 697
2025-11-13 05:08:53.765274: I external/local_xla/xla/tsl/framework/bfc_allocator.cc:1109] InUse at 146840520c00 of size 4608 next 698
2025-11-13 05:08:53.765281: I external/local_xla/xla/tsl/framework/bfc_allocator.cc:1109] InUse at 146840521e00 of size 4608 next 699
2025-11-13 05:08:53.765289: I external/local_xla/xla/tsl/framework/bfc_allocator.cc:1109] InUse at 146840523000 of size 4608 next 700
2025-11-13 05:08:53.765297: I external/local_xla/xla/tsl/framework/bfc_allocator.cc:1109] InUse at 146840524200 of size 4608 next 701
2025-11-13 05:08:53.765304: I external/local_xla/xla/tsl/framework/bfc_allocator.cc:1109] InUse at 146840525400 of size 4608 next 702
2025-11-13 05:08:53.765312: I external/local_xla/xla/tsl/framework/bfc_allocator.cc:1109] InUse at 146840526600 of size 4608 next 703
2025-11-13 05:08:53.765319: I external/local_xla/xla/tsl/framework/bfc_allocator.cc:1109] InUse at 146840527800 of size 4608 next 704
2025-11-13 05:08:53.765327: I external/local_xla/xla/tsl/framework/bfc_allocator.cc:1109] InUse at 146840528a00 of size 4608 next 705
2025-11-13 05:08:53.765334: I external/local_xla/xla/tsl/framework/bfc_allocator.cc:1109] InUse at 146840529c00 of size 4608 next 706
2025-11-13 05:08:53.765342: I external/local_xla/xla/tsl/framework/bfc_allocator.cc:1109] InUse at 14684052ae00 of size 4608 next 707
2025-11-13 05:08:53.765349: I external/local_xla/xla/tsl/framework/bfc_allocator.cc:1109] InUse at 14684052c000 of size 4608 next 708
2025-11-13 05:08:53.765361: I external/local_xla/xla/tsl/framework/bfc_allocator.cc:1109] InUse at 14684052d200 of size 4608 next 709
2025-11-13 05:08:53.765369: I external/local_xla/xla/tsl/framework/bfc_allocator.cc:1109] InUse at 14684052e400 of size 4608 next 710
2025-11-13 05:08:53.765377: I external/local_xla/xla/tsl/framework/bfc_allocator.cc:1109] InUse at 14684052f600 of size 4608 next 711
2025-11-13 05:08:53.765385: I external/local_xla/xla/tsl/framework/bfc_allocator.cc:1109] InUse at 146840530800 of size 4608 next 712
2025-11-13 05:08:53.765392: I external/local_xla/xla/tsl/framework/bfc_allocator.cc:1109] InUse at 146840531a00 of size 4608 next 713
2025-11-13 05:08:53.765400: I external/local_xla/xla/tsl/framework/bfc_allocator.cc:1109] InUse at 146840532c00 of size 4608 next 714
2025-11-13 05:08:53.765407: I external/local_xla/xla/tsl/framework/bfc_allocator.cc:1109] InUse at 146840533e00 of size 4608 next 715
2025-11-13 05:08:53.765415: I external/local_xla/xla/tsl/framework/bfc_allocator.cc:1109] InUse at 146840535000 of size 4608 next 716
2025-11-13 05:08:53.765422: I external/local_xla/xla/tsl/framework/bfc_allocator.cc:1109] InUse at 146840536200 of size 4608 next 717
2025-11-13 05:08:53.765430: I external/local_xla/xla/tsl/framework/bfc_allocator.cc:1109] InUse at 146840537400 of size 4608 next 718
2025-11-13 05:08:53.765438: I external/local_xla/xla/tsl/framework/bfc_allocator.cc:1109] InUse at 146840538600 of size 4608 next 719
2025-11-13 05:08:53.765445: I external/local_xla/xla/tsl/framework/bfc_allocator.cc:1109] InUse at 146840539800 of size 1280 next 720
2025-11-13 05:08:53.765453: I external/local_xla/xla/tsl/framework/bfc_allocator.cc:1109] InUse at 146840539d00 of size 1280 next 721
2025-11-13 05:08:53.765460: I external/local_xla/xla/tsl/framework/bfc_allocator.cc:1109] InUse at 14684053a200 of size 1280 next 722
2025-11-13 05:08:53.765468: I external/local_xla/xla/tsl/framework/bfc_allocator.cc:1109] InUse at 14684053a700 of size 1280 next 723
2025-11-13 05:08:53.765476: I external/local_xla/xla/tsl/framework/bfc_allocator.cc:1109] InUse at 14684053ac00 of size 1280 next 724
2025-11-13 05:08:53.765483: I external/local_xla/xla/tsl/framework/bfc_allocator.cc:1109] InUse at 14684053b100 of size 1280 next 725
2025-11-13 05:08:53.765491: I external/local_xla/xla/tsl/framework/bfc_allocator.cc:1109] InUse at 14684053b600 of size 1280 next 726
2025-11-13 05:08:53.765498: I external/local_xla/xla/tsl/framework/bfc_allocator.cc:1109] InUse at 14684053bb00 of size 1280 next 727
2025-11-13 05:08:53.765506: I external/local_xla/xla/tsl/framework/bfc_allocator.cc:1109] InUse at 14684053c000 of size 256 next 728
2025-11-13 05:08:53.765514: I external/local_xla/xla/tsl/framework/bfc_allocator.cc:1109] InUse at 14684053c100 of size 256 next 729
2025-11-13 05:08:53.765521: I external/local_xla/xla/tsl/framework/bfc_allocator.cc:1109] InUse at 14684053c200 of size 256 next 730
2025-11-13 05:08:53.765529: I external/local_xla/xla/tsl/framework/bfc_allocator.cc:1109] InUse at 14684053c300 of size 256 next 731
2025-11-13 05:08:53.765536: I external/local_xla/xla/tsl/framework/bfc_allocator.cc:1109] InUse at 14684053c400 of size 13824 next 732
2025-11-13 05:08:53.765544: I external/local_xla/xla/tsl/framework/bfc_allocator.cc:1109] InUse at 14684053fa00 of size 13824 next 733
2025-11-13 05:08:53.765552: I external/local_xla/xla/tsl/framework/bfc_allocator.cc:1109] InUse at 146840543000 of size 13824 next 734
2025-11-13 05:08:53.765560: I external/local_xla/xla/tsl/framework/bfc_allocator.cc:1109] InUse at 146840546600 of size 13824 next 735
2025-11-13 05:08:53.765567: I external/local_xla/xla/tsl/framework/bfc_allocator.cc:1109] InUse at 146840549c00 of size 13824 next 736
2025-11-13 05:08:53.765575: I external/local_xla/xla/tsl/framework/bfc_allocator.cc:1109] InUse at 14684054d200 of size 13824 next 737
2025-11-13 05:08:53.765582: I external/local_xla/xla/tsl/framework/bfc_allocator.cc:1109] InUse at 146840550800 of size 768 next 738
2025-11-13 05:08:53.765593: I external/local_xla/xla/tsl/framework/bfc_allocator.cc:1109] InUse at 146840550b00 of size 768 next 739
2025-11-13 05:08:53.765601: I external/local_xla/xla/tsl/framework/bfc_allocator.cc:1109] InUse at 146840550e00 of size 768 next 740
2025-11-13 05:08:53.765609: I external/local_xla/xla/tsl/framework/bfc_allocator.cc:1109] InUse at 146840551100 of size 768 next 741
2025-11-13 05:08:53.765616: I external/local_xla/xla/tsl/framework/bfc_allocator.cc:1109] InUse at 146840551400 of size 768 next 742
2025-11-13 05:08:53.765624: I external/local_xla/xla/tsl/framework/bfc_allocator.cc:1109] InUse at 146840551700 of size 768 next 743
2025-11-13 05:08:53.765631: I external/local_xla/xla/tsl/framework/bfc_allocator.cc:1109] InUse at 146840551a00 of size 768 next 744
2025-11-13 05:08:53.765639: I external/local_xla/xla/tsl/framework/bfc_allocator.cc:1109] InUse at 146840551d00 of size 768 next 745
2025-11-13 05:08:53.765646: I external/local_xla/xla/tsl/framework/bfc_allocator.cc:1109] InUse at 146840552000 of size 768 next 746
2025-11-13 05:08:53.765654: I external/local_xla/xla/tsl/framework/bfc_allocator.cc:1109] InUse at 146840552300 of size 768 next 747
2025-11-13 05:08:53.765661: I external/local_xla/xla/tsl/framework/bfc_allocator.cc:1109] InUse at 146840552600 of size 768 next 748
2025-11-13 05:08:53.765669: I external/local_xla/xla/tsl/framework/bfc_allocator.cc:1109] InUse at 146840552900 of size 768 next 749
2025-11-13 05:08:53.765676: I external/local_xla/xla/tsl/framework/bfc_allocator.cc:1109] InUse at 146840552c00 of size 768 next 750
2025-11-13 05:08:53.765684: I external/local_xla/xla/tsl/framework/bfc_allocator.cc:1109] InUse at 146840552f00 of size 768 next 751
2025-11-13 05:08:53.765691: I external/local_xla/xla/tsl/framework/bfc_allocator.cc:1109] InUse at 146840553200 of size 768 next 752
2025-11-13 05:08:53.765699: I external/local_xla/xla/tsl/framework/bfc_allocator.cc:1109] InUse at 146840553500 of size 768 next 753
2025-11-13 05:08:53.765706: I external/local_xla/xla/tsl/framework/bfc_allocator.cc:1109] InUse at 146840553800 of size 768 next 754
2025-11-13 05:08:53.765714: I external/local_xla/xla/tsl/framework/bfc_allocator.cc:1109] InUse at 146840553b00 of size 768 next 755
2025-11-13 05:08:53.765722: I external/local_xla/xla/tsl/framework/bfc_allocator.cc:1109] InUse at 146840553e00 of size 768 next 756
2025-11-13 05:08:53.765729: I external/local_xla/xla/tsl/framework/bfc_allocator.cc:1109] InUse at 146840554100 of size 768 next 757
2025-11-13 05:08:53.765737: I external/local_xla/xla/tsl/framework/bfc_allocator.cc:1109] InUse at 146840554400 of size 768 next 758
2025-11-13 05:08:53.765744: I external/local_xla/xla/tsl/framework/bfc_allocator.cc:1109] InUse at 146840554700 of size 768 next 759
2025-11-13 05:08:53.765752: I external/local_xla/xla/tsl/framework/bfc_allocator.cc:1109] InUse at 146840554a00 of size 768 next 760
2025-11-13 05:08:53.765759: I external/local_xla/xla/tsl/framework/bfc_allocator.cc:1109] InUse at 146840554d00 of size 768 next 761
2025-11-13 05:08:53.765767: I external/local_xla/xla/tsl/framework/bfc_allocator.cc:1109] InUse at 146840555000 of size 768 next 762
2025-11-13 05:08:53.765774: I external/local_xla/xla/tsl/framework/bfc_allocator.cc:1109] InUse at 146840555300 of size 768 next 763
2025-11-13 05:08:53.765782: I external/local_xla/xla/tsl/framework/bfc_allocator.cc:1109] InUse at 146840555600 of size 768 next 764
2025-11-13 05:08:53.765789: I external/local_xla/xla/tsl/framework/bfc_allocator.cc:1109] InUse at 146840555900 of size 768 next 765
2025-11-13 05:08:53.765797: I external/local_xla/xla/tsl/framework/bfc_allocator.cc:1109] InUse at 146840555c00 of size 768 next 766
2025-11-13 05:08:53.765804: I external/local_xla/xla/tsl/framework/bfc_allocator.cc:1109] InUse at 146840555f00 of size 768 next 767
2025-11-13 05:08:53.765812: I external/local_xla/xla/tsl/framework/bfc_allocator.cc:1109] InUse at 146840556200 of size 256 next 768
2025-11-13 05:08:53.765819: I external/local_xla/xla/tsl/framework/bfc_allocator.cc:1109] InUse at 146840556300 of size 256 next 769
2025-11-13 05:08:53.765830: I external/local_xla/xla/tsl/framework/bfc_allocator.cc:1109] InUse at 146840556400 of size 256 next 770
2025-11-13 05:08:53.765838: I external/local_xla/xla/tsl/framework/bfc_allocator.cc:1109] InUse at 146840556500 of size 256 next 771
2025-11-13 05:08:53.765845: I external/local_xla/xla/tsl/framework/bfc_allocator.cc:1109] InUse at 146840556600 of size 256 next 772
2025-11-13 05:08:53.765853: I external/local_xla/xla/tsl/framework/bfc_allocator.cc:1109] InUse at 146840556700 of size 256 next 773
2025-11-13 05:08:53.765860: I external/local_xla/xla/tsl/framework/bfc_allocator.cc:1109] InUse at 146840556800 of size 256 next 774
2025-11-13 05:08:53.765868: I external/local_xla/xla/tsl/framework/bfc_allocator.cc:1109] InUse at 146840556900 of size 256 next 775
2025-11-13 05:08:53.765875: I external/local_xla/xla/tsl/framework/bfc_allocator.cc:1109] InUse at 146840556a00 of size 256 next 776
2025-11-13 05:08:53.765883: I external/local_xla/xla/tsl/framework/bfc_allocator.cc:1109] InUse at 146840556b00 of size 256 next 777
2025-11-13 05:08:53.765890: I external/local_xla/xla/tsl/framework/bfc_allocator.cc:1109] InUse at 146840556c00 of size 256 next 778
2025-11-13 05:08:53.765898: I external/local_xla/xla/tsl/framework/bfc_allocator.cc:1109] InUse at 146840556d00 of size 256 next 779
2025-11-13 05:08:53.765906: I external/local_xla/xla/tsl/framework/bfc_allocator.cc:1109] InUse at 146840556e00 of size 9728 next 780
2025-11-13 05:08:53.765913: I external/local_xla/xla/tsl/framework/bfc_allocator.cc:1109] InUse at 146840559400 of size 9728 next 781
2025-11-13 05:08:53.765921: I external/local_xla/xla/tsl/framework/bfc_allocator.cc:1109] InUse at 14684055ba00 of size 9728 next 782
2025-11-13 05:08:53.765929: I external/local_xla/xla/tsl/framework/bfc_allocator.cc:1109] InUse at 14684055e000 of size 9728 next 783
2025-11-13 05:08:53.765936: I external/local_xla/xla/tsl/framework/bfc_allocator.cc:1109] InUse at 146840560600 of size 9728 next 784
2025-11-13 05:08:53.765944: I external/local_xla/xla/tsl/framework/bfc_allocator.cc:1109] InUse at 146840562c00 of size 9728 next 785
2025-11-13 05:08:53.765951: I external/local_xla/xla/tsl/framework/bfc_allocator.cc:1109] InUse at 146840565200 of size 3584 next 786
2025-11-13 05:08:53.765959: I external/local_xla/xla/tsl/framework/bfc_allocator.cc:1109] InUse at 146840566000 of size 3584 next 787
2025-11-13 05:08:53.765967: I external/local_xla/xla/tsl/framework/bfc_allocator.cc:1109] InUse at 146840566e00 of size 3584 next 788
2025-11-13 05:08:53.765974: I external/local_xla/xla/tsl/framework/bfc_allocator.cc:1109] InUse at 146840567c00 of size 3584 next 789
2025-11-13 05:08:53.765982: I external/local_xla/xla/tsl/framework/bfc_allocator.cc:1109] InUse at 146840568a00 of size 3584 next 790
2025-11-13 05:08:53.765989: I external/local_xla/xla/tsl/framework/bfc_allocator.cc:1109] InUse at 146840569800 of size 3584 next 791
2025-11-13 05:08:53.765997: I external/local_xla/xla/tsl/framework/bfc_allocator.cc:1109] InUse at 14684056a600 of size 38400 next 792
2025-11-13 05:08:53.766005: I external/local_xla/xla/tsl/framework/bfc_allocator.cc:1109] InUse at 146840573c00 of size 38400 next 793
2025-11-13 05:08:53.766012: I external/local_xla/xla/tsl/framework/bfc_allocator.cc:1109] InUse at 14684057d200 of size 38400 next 794
2025-11-13 05:08:53.766020: I external/local_xla/xla/tsl/framework/bfc_allocator.cc:1109] InUse at 146840586800 of size 38400 next 795
2025-11-13 05:08:53.766028: I external/local_xla/xla/tsl/framework/bfc_allocator.cc:1109] InUse at 14684058fe00 of size 38400 next 796
2025-11-13 05:08:53.766035: I external/local_xla/xla/tsl/framework/bfc_allocator.cc:1109] InUse at 146840599400 of size 38400 next 797
2025-11-13 05:08:53.766043: I external/local_xla/xla/tsl/framework/bfc_allocator.cc:1109] InUse at 1468405a2a00 of size 38400 next 798
2025-11-13 05:08:53.766050: I external/local_xla/xla/tsl/framework/bfc_allocator.cc:1109] InUse at 1468405ac000 of size 38400 next 799
2025-11-13 05:08:53.766058: I external/local_xla/xla/tsl/framework/bfc_allocator.cc:1109] InUse at 1468405b5600 of size 38400 next 800
2025-11-13 05:08:53.766068: I external/local_xla/xla/tsl/framework/bfc_allocator.cc:1109] InUse at 1468405bec00 of size 38400 next 801
2025-11-13 05:08:53.766077: I external/local_xla/xla/tsl/framework/bfc_allocator.cc:1109] InUse at 1468405c8200 of size 512 next 802
2025-11-13 05:08:53.766084: I external/local_xla/xla/tsl/framework/bfc_allocator.cc:1109] InUse at 1468405c8400 of size 512 next 803
2025-11-13 05:08:53.766092: I external/local_xla/xla/tsl/framework/bfc_allocator.cc:1109] InUse at 1468405c8600 of size 512 next 804
2025-11-13 05:08:53.766099: I external/local_xla/xla/tsl/framework/bfc_allocator.cc:1109] InUse at 1468405c8800 of size 512 next 805
2025-11-13 05:08:53.766107: I external/local_xla/xla/tsl/framework/bfc_allocator.cc:1109] InUse at 1468405c8a00 of size 512 next 806
2025-11-13 05:08:53.766115: I external/local_xla/xla/tsl/framework/bfc_allocator.cc:1109] InUse at 1468405c8c00 of size 512 next 807
2025-11-13 05:08:53.766122: I external/local_xla/xla/tsl/framework/bfc_allocator.cc:1109] InUse at 1468405c8e00 of size 512 next 808
2025-11-13 05:08:53.766130: I external/local_xla/xla/tsl/framework/bfc_allocator.cc:1109] InUse at 1468405c9000 of size 512 next 809
2025-11-13 05:08:53.766140: I external/local_xla/xla/tsl/framework/bfc_allocator.cc:1109] InUse at 1468405c9200 of size 512 next 810
2025-11-13 05:08:53.766148: I external/local_xla/xla/tsl/framework/bfc_allocator.cc:1109] InUse at 1468405c9400 of size 512 next 811
2025-11-13 05:08:53.766155: I external/local_xla/xla/tsl/framework/bfc_allocator.cc:1109] InUse at 1468405c9600 of size 256 next 812
2025-11-13 05:08:53.766163: I external/local_xla/xla/tsl/framework/bfc_allocator.cc:1109] InUse at 1468405c9700 of size 256 next 813
2025-11-13 05:08:53.766170: I external/local_xla/xla/tsl/framework/bfc_allocator.cc:1109] InUse at 1468405c9800 of size 256 next 814
2025-11-13 05:08:53.766178: I external/local_xla/xla/tsl/framework/bfc_allocator.cc:1109] InUse at 1468405c9900 of size 256 next 815
2025-11-13 05:08:53.766185: I external/local_xla/xla/tsl/framework/bfc_allocator.cc:1109] InUse at 1468405c9a00 of size 256 next 816
2025-11-13 05:08:53.766193: I external/local_xla/xla/tsl/framework/bfc_allocator.cc:1109] InUse at 1468405c9b00 of size 256 next 817
2025-11-13 05:08:53.766200: I external/local_xla/xla/tsl/framework/bfc_allocator.cc:1109] InUse at 1468405c9c00 of size 256 next 818
2025-11-13 05:08:53.766208: I external/local_xla/xla/tsl/framework/bfc_allocator.cc:1109] InUse at 1468405c9d00 of size 256 next 819
2025-11-13 05:08:53.766216: I external/local_xla/xla/tsl/framework/bfc_allocator.cc:1109] InUse at 1468405c9e00 of size 256 next 820
2025-11-13 05:08:53.766223: I external/local_xla/xla/tsl/framework/bfc_allocator.cc:1109] InUse at 1468405c9f00 of size 256 next 821
2025-11-13 05:08:53.766231: I external/local_xla/xla/tsl/framework/bfc_allocator.cc:1109] InUse at 1468405ca000 of size 256 next 822
2025-11-13 05:08:53.766238: I external/local_xla/xla/tsl/framework/bfc_allocator.cc:1109] InUse at 1468405ca100 of size 256 next 823
2025-11-13 05:08:53.766246: I external/local_xla/xla/tsl/framework/bfc_allocator.cc:1109] InUse at 1468405ca200 of size 24064 next 824
2025-11-13 05:08:53.766255: I external/local_xla/xla/tsl/framework/bfc_allocator.cc:1109] InUse at 1468405d0000 of size 24064 next 825
2025-11-13 05:08:53.766263: I external/local_xla/xla/tsl/framework/bfc_allocator.cc:1109] InUse at 1468405d5e00 of size 24064 next 826
2025-11-13 05:08:53.766270: I external/local_xla/xla/tsl/framework/bfc_allocator.cc:1109] InUse at 1468405dbc00 of size 24064 next 827
2025-11-13 05:08:53.766278: I external/local_xla/xla/tsl/framework/bfc_allocator.cc:1109] InUse at 1468405e1a00 of size 1024 next 828
2025-11-13 05:08:53.766286: I external/local_xla/xla/tsl/framework/bfc_allocator.cc:1109] InUse at 1468405e1e00 of size 1024 next 829
2025-11-13 05:08:53.766293: I external/local_xla/xla/tsl/framework/bfc_allocator.cc:1109] InUse at 1468405e2200 of size 1024 next 830
2025-11-13 05:08:53.766304: I external/local_xla/xla/tsl/framework/bfc_allocator.cc:1109] InUse at 1468405e2600 of size 1024 next 831
2025-11-13 05:08:53.766313: I external/local_xla/xla/tsl/framework/bfc_allocator.cc:1109] InUse at 1468405e2a00 of size 1024 next 832
2025-11-13 05:08:53.766320: I external/local_xla/xla/tsl/framework/bfc_allocator.cc:1109] InUse at 1468405e2e00 of size 1024 next 833
2025-11-13 05:08:53.766328: I external/local_xla/xla/tsl/framework/bfc_allocator.cc:1109] InUse at 1468405e3200 of size 1024 next 834
2025-11-13 05:08:53.766335: I external/local_xla/xla/tsl/framework/bfc_allocator.cc:1109] InUse at 1468405e3600 of size 1024 next 835
2025-11-13 05:08:53.766343: I external/local_xla/xla/tsl/framework/bfc_allocator.cc:1109] InUse at 1468405e3a00 of size 1024 next 836
2025-11-13 05:08:53.766350: I external/local_xla/xla/tsl/framework/bfc_allocator.cc:1109] InUse at 1468405e3e00 of size 1024 next 837
2025-11-13 05:08:53.766358: I external/local_xla/xla/tsl/framework/bfc_allocator.cc:1109] InUse at 1468405e4200 of size 1024 next 838
2025-11-13 05:08:53.766365: I external/local_xla/xla/tsl/framework/bfc_allocator.cc:1109] InUse at 1468405e4600 of size 1024 next 839
2025-11-13 05:08:53.766373: I external/local_xla/xla/tsl/framework/bfc_allocator.cc:1109] InUse at 1468405e4a00 of size 1024 next 840
2025-11-13 05:08:53.766380: I external/local_xla/xla/tsl/framework/bfc_allocator.cc:1109] InUse at 1468405e4e00 of size 1024 next 841
2025-11-13 05:08:53.766388: I external/local_xla/xla/tsl/framework/bfc_allocator.cc:1109] InUse at 1468405e5200 of size 1024 next 842
2025-11-13 05:08:53.766396: I external/local_xla/xla/tsl/framework/bfc_allocator.cc:1109] InUse at 1468405e5600 of size 1024 next 843
2025-11-13 05:08:53.766403: I external/local_xla/xla/tsl/framework/bfc_allocator.cc:1109] InUse at 1468405e5a00 of size 1024 next 844
2025-11-13 05:08:53.766411: I external/local_xla/xla/tsl/framework/bfc_allocator.cc:1109] InUse at 1468405e5e00 of size 1024 next 845
2025-11-13 05:08:53.766418: I external/local_xla/xla/tsl/framework/bfc_allocator.cc:1109] InUse at 1468405e6200 of size 1024 next 846
2025-11-13 05:08:53.766426: I external/local_xla/xla/tsl/framework/bfc_allocator.cc:1109] InUse at 1468405e6600 of size 1024 next 847
2025-11-13 05:08:53.766433: I external/local_xla/xla/tsl/framework/bfc_allocator.cc:1109] InUse at 1468405e6a00 of size 1024 next 848
2025-11-13 05:08:53.766441: I external/local_xla/xla/tsl/framework/bfc_allocator.cc:1109] InUse at 1468405e6e00 of size 1024 next 849
2025-11-13 05:08:53.766448: I external/local_xla/xla/tsl/framework/bfc_allocator.cc:1109] InUse at 1468405e7200 of size 1024 next 850
2025-11-13 05:08:53.766456: I external/local_xla/xla/tsl/framework/bfc_allocator.cc:1109] InUse at 1468405e7600 of size 1024 next 851
2025-11-13 05:08:53.766463: I external/local_xla/xla/tsl/framework/bfc_allocator.cc:1109] InUse at 1468405e7a00 of size 1024 next 852
2025-11-13 05:08:53.766471: I external/local_xla/xla/tsl/framework/bfc_allocator.cc:1109] InUse at 1468405e7e00 of size 1024 next 853
2025-11-13 05:08:53.766478: I external/local_xla/xla/tsl/framework/bfc_allocator.cc:1109] InUse at 1468405e8200 of size 1024 next 854
2025-11-13 05:08:53.766486: I external/local_xla/xla/tsl/framework/bfc_allocator.cc:1109] InUse at 1468405e8600 of size 1024 next 855
2025-11-13 05:08:53.766493: I external/local_xla/xla/tsl/framework/bfc_allocator.cc:1109] InUse at 1468405e8a00 of size 1024 next 856
2025-11-13 05:08:53.766501: I external/local_xla/xla/tsl/framework/bfc_allocator.cc:1109] InUse at 1468405e8e00 of size 1024 next 857
2025-11-13 05:08:53.766509: I external/local_xla/xla/tsl/framework/bfc_allocator.cc:1109] InUse at 1468405e9200 of size 17408 next 858
2025-11-13 05:08:53.766516: I external/local_xla/xla/tsl/framework/bfc_allocator.cc:1109] InUse at 1468405ed600 of size 17408 next 859
2025-11-13 05:08:53.766524: I external/local_xla/xla/tsl/framework/bfc_allocator.cc:1109] InUse at 1468405f1a00 of size 17408 next 860
2025-11-13 05:08:53.766531: I external/local_xla/xla/tsl/framework/bfc_allocator.cc:1109] InUse at 1468405f5e00 of size 17408 next 861
2025-11-13 05:08:53.766542: I external/local_xla/xla/tsl/framework/bfc_allocator.cc:1109] InUse at 1468405fa200 of size 17408 next 862
2025-11-13 05:08:53.766550: I external/local_xla/xla/tsl/framework/bfc_allocator.cc:1109] InUse at 1468405fe600 of size 17408 next 863
2025-11-13 05:08:53.766558: I external/local_xla/xla/tsl/framework/bfc_allocator.cc:1109] InUse at 146840602a00 of size 301056 next 864
2025-11-13 05:08:53.766565: I external/local_xla/xla/tsl/framework/bfc_allocator.cc:1109] InUse at 14684064c200 of size 301056 next 865
2025-11-13 05:08:53.766573: I external/local_xla/xla/tsl/framework/bfc_allocator.cc:1109] InUse at 146840695a00 of size 301056 next 866
2025-11-13 05:08:53.766580: I external/local_xla/xla/tsl/framework/bfc_allocator.cc:1109] InUse at 1468406df200 of size 301056 next 867
2025-11-13 05:08:53.766588: I external/local_xla/xla/tsl/framework/bfc_allocator.cc:1109] InUse at 146840728a00 of size 301056 next 868
2025-11-13 05:08:53.766596: I external/local_xla/xla/tsl/framework/bfc_allocator.cc:1109] InUse at 146840772200 of size 301056 next 869
2025-11-13 05:08:53.766603: I external/local_xla/xla/tsl/framework/bfc_allocator.cc:1109] InUse at 1468407bba00 of size 38400 next 870
2025-11-13 05:08:53.766611: I external/local_xla/xla/tsl/framework/bfc_allocator.cc:1109] InUse at 1468407c5000 of size 38400 next 871
2025-11-13 05:08:53.766618: I external/local_xla/xla/tsl/framework/bfc_allocator.cc:1109] InUse at 1468407ce600 of size 38400 next 872
2025-11-13 05:08:53.766626: I external/local_xla/xla/tsl/framework/bfc_allocator.cc:1109] InUse at 1468407d7c00 of size 38400 next 873
2025-11-13 05:08:53.766633: I external/local_xla/xla/tsl/framework/bfc_allocator.cc:1109] InUse at 1468407e1200 of size 38400 next 874
2025-11-13 05:08:53.766641: I external/local_xla/xla/tsl/framework/bfc_allocator.cc:1109] InUse at 1468407ea800 of size 38400 next 875
2025-11-13 05:08:53.766648: I external/local_xla/xla/tsl/framework/bfc_allocator.cc:1109] InUse at 1468407f3e00 of size 38400 next 876
2025-11-13 05:08:53.766656: I external/local_xla/xla/tsl/framework/bfc_allocator.cc:1109] InUse at 1468407fd400 of size 38400 next 877
2025-11-13 05:08:53.766663: I external/local_xla/xla/tsl/framework/bfc_allocator.cc:1109] InUse at 146840806a00 of size 75264 next 878
2025-11-13 05:08:53.766671: I external/local_xla/xla/tsl/framework/bfc_allocator.cc:1109] InUse at 146840819000 of size 75264 next 879
2025-11-13 05:08:53.766679: I external/local_xla/xla/tsl/framework/bfc_allocator.cc:1109] InUse at 14684082b600 of size 75264 next 880
2025-11-13 05:08:53.766686: I external/local_xla/xla/tsl/framework/bfc_allocator.cc:1109] InUse at 14684083dc00 of size 75264 next 881
2025-11-13 05:08:53.766694: I external/local_xla/xla/tsl/framework/bfc_allocator.cc:1109] InUse at 146840850200 of size 75264 next 882
2025-11-13 05:08:53.766701: I external/local_xla/xla/tsl/framework/bfc_allocator.cc:1109] InUse at 146840862800 of size 75264 next 883
2025-11-13 05:08:53.766709: I external/local_xla/xla/tsl/framework/bfc_allocator.cc:1109] InUse at 146840874e00 of size 75264 next 884
2025-11-13 05:08:53.766716: I external/local_xla/xla/tsl/framework/bfc_allocator.cc:1109] InUse at 146840887400 of size 75264 next 885
2025-11-13 05:08:53.766724: I external/local_xla/xla/tsl/framework/bfc_allocator.cc:1109] InUse at 146840899a00 of size 153600 next 886
2025-11-13 05:08:53.766731: I external/local_xla/xla/tsl/framework/bfc_allocator.cc:1109] InUse at 1468408bf200 of size 153600 next 887
2025-11-13 05:08:53.766739: I external/local_xla/xla/tsl/framework/bfc_allocator.cc:1109] InUse at 1468408e4a00 of size 153600 next 888
2025-11-13 05:08:53.766746: I external/local_xla/xla/tsl/framework/bfc_allocator.cc:1109] InUse at 14684090a200 of size 153600 next 889
2025-11-13 05:08:53.766754: I external/local_xla/xla/tsl/framework/bfc_allocator.cc:1109] InUse at 14684092fa00 of size 153600 next 890
2025-11-13 05:08:53.766761: I external/local_xla/xla/tsl/framework/bfc_allocator.cc:1109] InUse at 146840955200 of size 153600 next 891
2025-11-13 05:08:53.766772: I external/local_xla/xla/tsl/framework/bfc_allocator.cc:1109] InUse at 14684097aa00 of size 153600 next 892
2025-11-13 05:08:53.766781: I external/local_xla/xla/tsl/framework/bfc_allocator.cc:1109] InUse at 1468409a0200 of size 153600 next 893
2025-11-13 05:08:53.766788: I external/local_xla/xla/tsl/framework/bfc_allocator.cc:1109] InUse at 1468409c5a00 of size 67328 next 894
2025-11-13 05:08:53.766796: I external/local_xla/xla/tsl/framework/bfc_allocator.cc:1109] InUse at 1468409d6100 of size 67328 next 895
2025-11-13 05:08:53.766804: I external/local_xla/xla/tsl/framework/bfc_allocator.cc:1109] InUse at 1468409e6800 of size 67328 next 896
2025-11-13 05:08:53.766811: I external/local_xla/xla/tsl/framework/bfc_allocator.cc:1109] InUse at 1468409f6f00 of size 67328 next 897
2025-11-13 05:08:53.766819: I external/local_xla/xla/tsl/framework/bfc_allocator.cc:1109] InUse at 146840a07600 of size 67328 next 898
2025-11-13 05:08:53.766826: I external/local_xla/xla/tsl/framework/bfc_allocator.cc:1109] InUse at 146840a17d00 of size 67328 next 899
2025-11-13 05:08:53.766834: I external/local_xla/xla/tsl/framework/bfc_allocator.cc:1109] InUse at 146840a28400 of size 67328 next 900
2025-11-13 05:08:53.766841: I external/local_xla/xla/tsl/framework/bfc_allocator.cc:1109] InUse at 146840a38b00 of size 67328 next 901
2025-11-13 05:08:53.766849: I external/local_xla/xla/tsl/framework/bfc_allocator.cc:1109] InUse at 146840a49200 of size 75264 next 902
2025-11-13 05:08:53.766856: I external/local_xla/xla/tsl/framework/bfc_allocator.cc:1109] InUse at 146840a5b800 of size 75264 next 903
2025-11-13 05:08:53.766864: I external/local_xla/xla/tsl/framework/bfc_allocator.cc:1109] InUse at 146840a6de00 of size 75264 next 904
2025-11-13 05:08:53.766871: I external/local_xla/xla/tsl/framework/bfc_allocator.cc:1109] InUse at 146840a80400 of size 75264 next 905
2025-11-13 05:08:53.766879: I external/local_xla/xla/tsl/framework/bfc_allocator.cc:1109] InUse at 146840a92a00 of size 75264 next 906
2025-11-13 05:08:53.766887: I external/local_xla/xla/tsl/framework/bfc_allocator.cc:1109] InUse at 146840aa5000 of size 75264 next 907
2025-11-13 05:08:53.766894: I external/local_xla/xla/tsl/framework/bfc_allocator.cc:1109] InUse at 146840ab7600 of size 75264 next 908
2025-11-13 05:08:53.766902: I external/local_xla/xla/tsl/framework/bfc_allocator.cc:1109] InUse at 146840ac9c00 of size 75264 next 909
2025-11-13 05:08:53.766909: I external/local_xla/xla/tsl/framework/bfc_allocator.cc:1109] InUse at 146840adc200 of size 512 next 910
2025-11-13 05:08:53.766917: I external/local_xla/xla/tsl/framework/bfc_allocator.cc:1109] InUse at 146840adc400 of size 512 next 911
2025-11-13 05:08:53.766924: I external/local_xla/xla/tsl/framework/bfc_allocator.cc:1109] InUse at 146840adc600 of size 512 next 912
2025-11-13 05:08:53.766932: I external/local_xla/xla/tsl/framework/bfc_allocator.cc:1109] InUse at 146840adc800 of size 512 next 913
2025-11-13 05:08:53.766939: I external/local_xla/xla/tsl/framework/bfc_allocator.cc:1109] InUse at 146840adca00 of size 512 next 914
2025-11-13 05:08:53.766947: I external/local_xla/xla/tsl/framework/bfc_allocator.cc:1109] InUse at 146840adcc00 of size 512 next 915
2025-11-13 05:08:53.766954: I external/local_xla/xla/tsl/framework/bfc_allocator.cc:1109] InUse at 146840adce00 of size 512 next 916
2025-11-13 05:08:53.766962: I external/local_xla/xla/tsl/framework/bfc_allocator.cc:1109] InUse at 146840add000 of size 512 next 917
2025-11-13 05:08:53.766969: I external/local_xla/xla/tsl/framework/bfc_allocator.cc:1109] InUse at 146840add200 of size 512 next 918
2025-11-13 05:08:53.766977: I external/local_xla/xla/tsl/framework/bfc_allocator.cc:1109] InUse at 146840add400 of size 512 next 919
2025-11-13 05:08:53.766984: I external/local_xla/xla/tsl/framework/bfc_allocator.cc:1109] InUse at 146840add600 of size 512 next 920
2025-11-13 05:08:53.766992: I external/local_xla/xla/tsl/framework/bfc_allocator.cc:1109] InUse at 146840add800 of size 512 next 921
2025-11-13 05:08:53.766999: I external/local_xla/xla/tsl/framework/bfc_allocator.cc:1109] InUse at 146840adda00 of size 512 next 922
2025-11-13 05:08:53.767011: I external/local_xla/xla/tsl/framework/bfc_allocator.cc:1109] InUse at 146840addc00 of size 512 next 923
2025-11-13 05:08:53.767019: I external/local_xla/xla/tsl/framework/bfc_allocator.cc:1109] InUse at 146840adde00 of size 512 next 924
2025-11-13 05:08:53.767027: I external/local_xla/xla/tsl/framework/bfc_allocator.cc:1109] InUse at 146840ade000 of size 512 next 925
2025-11-13 05:08:53.767034: I external/local_xla/xla/tsl/framework/bfc_allocator.cc:1109] InUse at 146840ade200 of size 512 next 926
2025-11-13 05:08:53.767042: I external/local_xla/xla/tsl/framework/bfc_allocator.cc:1109] InUse at 146840ade400 of size 512 next 927
2025-11-13 05:08:53.767050: I external/local_xla/xla/tsl/framework/bfc_allocator.cc:1109] InUse at 146840ade600 of size 38400 next 928
2025-11-13 05:08:53.767057: I external/local_xla/xla/tsl/framework/bfc_allocator.cc:1109] InUse at 146840ae7c00 of size 38400 next 929
2025-11-13 05:08:53.767065: I external/local_xla/xla/tsl/framework/bfc_allocator.cc:1109] InUse at 146840af1200 of size 38400 next 930
2025-11-13 05:08:53.767072: I external/local_xla/xla/tsl/framework/bfc_allocator.cc:1109] InUse at 146840afa800 of size 38400 next 931
2025-11-13 05:08:53.767080: I external/local_xla/xla/tsl/framework/bfc_allocator.cc:1109] InUse at 146840b03e00 of size 38400 next 932
2025-11-13 05:08:53.767087: I external/local_xla/xla/tsl/framework/bfc_allocator.cc:1109] InUse at 146840b0d400 of size 38400 next 933
2025-11-13 05:08:53.767095: I external/local_xla/xla/tsl/framework/bfc_allocator.cc:1109] InUse at 146840b16a00 of size 38400 next 934
2025-11-13 05:08:53.767102: I external/local_xla/xla/tsl/framework/bfc_allocator.cc:1109] InUse at 146840b20000 of size 38400 next 935
2025-11-13 05:08:53.767110: I external/local_xla/xla/tsl/framework/bfc_allocator.cc:1109] InUse at 146840b29600 of size 301056 next 936
2025-11-13 05:08:53.767118: I external/local_xla/xla/tsl/framework/bfc_allocator.cc:1109] InUse at 146840b72e00 of size 301056 next 937
2025-11-13 05:08:53.767125: I external/local_xla/xla/tsl/framework/bfc_allocator.cc:1109] InUse at 146840bbc600 of size 301056 next 938
2025-11-13 05:08:53.767135: I external/local_xla/xla/tsl/framework/bfc_allocator.cc:1109] InUse at 146840c05e00 of size 301056 next 939
2025-11-13 05:08:53.767143: I external/local_xla/xla/tsl/framework/bfc_allocator.cc:1109] InUse at 146840c4f600 of size 301056 next 940
2025-11-13 05:08:53.767150: I external/local_xla/xla/tsl/framework/bfc_allocator.cc:1109] InUse at 146840c98e00 of size 301056 next 941
2025-11-13 05:08:53.767158: I external/local_xla/xla/tsl/framework/bfc_allocator.cc:1109] InUse at 146840ce2600 of size 301056 next 942
2025-11-13 05:08:53.767165: I external/local_xla/xla/tsl/framework/bfc_allocator.cc:1109] InUse at 146840d2be00 of size 301056 next 943
2025-11-13 05:08:53.767173: I external/local_xla/xla/tsl/framework/bfc_allocator.cc:1109] InUse at 146840d75600 of size 2816 next 944
2025-11-13 05:08:53.767181: I external/local_xla/xla/tsl/framework/bfc_allocator.cc:1109] InUse at 146840d76100 of size 2816 next 945
2025-11-13 05:08:53.767188: I external/local_xla/xla/tsl/framework/bfc_allocator.cc:1109] InUse at 146840d76c00 of size 2816 next 946
2025-11-13 05:08:53.767196: I external/local_xla/xla/tsl/framework/bfc_allocator.cc:1109] InUse at 146840d77700 of size 2816 next 947
2025-11-13 05:08:53.767203: I external/local_xla/xla/tsl/framework/bfc_allocator.cc:1109] InUse at 146840d78200 of size 2816 next 948
2025-11-13 05:08:53.767211: I external/local_xla/xla/tsl/framework/bfc_allocator.cc:1109] InUse at 146840d78d00 of size 2816 next 949
2025-11-13 05:08:53.767218: I external/local_xla/xla/tsl/framework/bfc_allocator.cc:1109] InUse at 146840d79800 of size 2816 next 950
2025-11-13 05:08:53.767226: I external/local_xla/xla/tsl/framework/bfc_allocator.cc:1109] InUse at 146840d7a300 of size 2816 next 951
2025-11-13 05:08:53.767233: I external/local_xla/xla/tsl/framework/bfc_allocator.cc:1109] InUse at 146840d7ae00 of size 2816 next 952
2025-11-13 05:08:53.767244: I external/local_xla/xla/tsl/framework/bfc_allocator.cc:1109] InUse at 146840d7b900 of size 2816 next 953
2025-11-13 05:08:53.767252: I external/local_xla/xla/tsl/framework/bfc_allocator.cc:1109] InUse at 146840d7c400 of size 2816 next 954
2025-11-13 05:08:53.767260: I external/local_xla/xla/tsl/framework/bfc_allocator.cc:1109] InUse at 146840d7cf00 of size 2816 next 955
2025-11-13 05:08:53.767267: I external/local_xla/xla/tsl/framework/bfc_allocator.cc:1109] InUse at 146840d7da00 of size 2816 next 956
2025-11-13 05:08:53.767275: I external/local_xla/xla/tsl/framework/bfc_allocator.cc:1109] InUse at 146840d7e500 of size 2816 next 957
2025-11-13 05:08:53.767282: I external/local_xla/xla/tsl/framework/bfc_allocator.cc:1109] InUse at 146840d7f000 of size 2816 next 958
2025-11-13 05:08:53.767290: I external/local_xla/xla/tsl/framework/bfc_allocator.cc:1109] InUse at 146840d7fb00 of size 2816 next 959
2025-11-13 05:08:53.767297: I external/local_xla/xla/tsl/framework/bfc_allocator.cc:1109] InUse at 146840d80600 of size 2816 next 960
2025-11-13 05:08:53.767305: I external/local_xla/xla/tsl/framework/bfc_allocator.cc:1109] InUse at 146840d81100 of size 2816 next 961
2025-11-13 05:08:53.767312: I external/local_xla/xla/tsl/framework/bfc_allocator.cc:1109] InUse at 146840d81c00 of size 2816 next 962
2025-11-13 05:08:53.767320: I external/local_xla/xla/tsl/framework/bfc_allocator.cc:1109] InUse at 146840d82700 of size 2816 next 963
2025-11-13 05:08:53.767327: I external/local_xla/xla/tsl/framework/bfc_allocator.cc:1109] InUse at 146840d83200 of size 2816 next 964
2025-11-13 05:08:53.767335: I external/local_xla/xla/tsl/framework/bfc_allocator.cc:1109] InUse at 146840d83d00 of size 2816 next 965
2025-11-13 05:08:53.767342: I external/local_xla/xla/tsl/framework/bfc_allocator.cc:1109] InUse at 146840d84800 of size 2816 next 966
2025-11-13 05:08:53.767350: I external/local_xla/xla/tsl/framework/bfc_allocator.cc:1109] InUse at 146840d85300 of size 2816 next 967
2025-11-13 05:08:53.767358: I external/local_xla/xla/tsl/framework/bfc_allocator.cc:1109] InUse at 146840d85e00 of size 2816 next 968
2025-11-13 05:08:53.767365: I external/local_xla/xla/tsl/framework/bfc_allocator.cc:1109] InUse at 146840d86900 of size 2816 next 969
2025-11-13 05:08:53.767373: I external/local_xla/xla/tsl/framework/bfc_allocator.cc:1109] InUse at 146840d87400 of size 2816 next 970
2025-11-13 05:08:53.767380: I external/local_xla/xla/tsl/framework/bfc_allocator.cc:1109] InUse at 146840d87f00 of size 2816 next 971
2025-11-13 05:08:53.767388: I external/local_xla/xla/tsl/framework/bfc_allocator.cc:1109] InUse at 146840d88a00 of size 2816 next 972
2025-11-13 05:08:53.767395: I external/local_xla/xla/tsl/framework/bfc_allocator.cc:1109] InUse at 146840d89500 of size 2816 next 973
2025-11-13 05:08:53.767403: I external/local_xla/xla/tsl/framework/bfc_allocator.cc:1109] InUse at 146840d8a000 of size 2816 next 974
2025-11-13 05:08:53.767410: I external/local_xla/xla/tsl/framework/bfc_allocator.cc:1109] InUse at 146840d8ab00 of size 2816 next 975
2025-11-13 05:08:53.767418: I external/local_xla/xla/tsl/framework/bfc_allocator.cc:1109] InUse at 146840d8b600 of size 2816 next 976
2025-11-13 05:08:53.767425: I external/local_xla/xla/tsl/framework/bfc_allocator.cc:1109] InUse at 146840d8c100 of size 2816 next 977
2025-11-13 05:08:53.767433: I external/local_xla/xla/tsl/framework/bfc_allocator.cc:1109] InUse at 146840d8cc00 of size 2816 next 978
2025-11-13 05:08:53.767440: I external/local_xla/xla/tsl/framework/bfc_allocator.cc:1109] InUse at 146840d8d700 of size 2816 next 979
2025-11-13 05:08:53.767448: I external/local_xla/xla/tsl/framework/bfc_allocator.cc:1109] InUse at 146840d8e200 of size 2816 next 980
2025-11-13 05:08:53.767455: I external/local_xla/xla/tsl/framework/bfc_allocator.cc:1109] InUse at 146840d8ed00 of size 2816 next 981
2025-11-13 05:08:53.767463: I external/local_xla/xla/tsl/framework/bfc_allocator.cc:1109] InUse at 146840d8f800 of size 2816 next 982
2025-11-13 05:08:53.767471: I external/local_xla/xla/tsl/framework/bfc_allocator.cc:1109] InUse at 146840d90300 of size 2816 next 983
2025-11-13 05:08:53.767481: I external/local_xla/xla/tsl/framework/bfc_allocator.cc:1109] InUse at 146840d90e00 of size 256 next 984
2025-11-13 05:08:53.767489: I external/local_xla/xla/tsl/framework/bfc_allocator.cc:1109] InUse at 146840d90f00 of size 256 next 985
2025-11-13 05:08:53.767496: I external/local_xla/xla/tsl/framework/bfc_allocator.cc:1109] InUse at 146840d91000 of size 256 next 986
2025-11-13 05:08:53.767504: I external/local_xla/xla/tsl/framework/bfc_allocator.cc:1109] InUse at 146840d91100 of size 256 next 987
2025-11-13 05:08:53.767511: I external/local_xla/xla/tsl/framework/bfc_allocator.cc:1109] InUse at 146840d91200 of size 256 next 988
2025-11-13 05:08:53.767519: I external/local_xla/xla/tsl/framework/bfc_allocator.cc:1109] InUse at 146840d91300 of size 256 next 989
2025-11-13 05:08:53.767527: I external/local_xla/xla/tsl/framework/bfc_allocator.cc:1109] InUse at 146840d91400 of size 256 next 990
2025-11-13 05:08:53.767534: I external/local_xla/xla/tsl/framework/bfc_allocator.cc:1109] InUse at 146840d91500 of size 256 next 991
2025-11-13 05:08:53.767541: I external/local_xla/xla/tsl/framework/bfc_allocator.cc:1109] InUse at 146840d91600 of size 256 next 992
2025-11-13 05:08:53.767549: I external/local_xla/xla/tsl/framework/bfc_allocator.cc:1109] InUse at 146840d91700 of size 256 next 993
2025-11-13 05:08:53.767556: I external/local_xla/xla/tsl/framework/bfc_allocator.cc:1109] InUse at 146840d91800 of size 256 next 994
2025-11-13 05:08:53.767564: I external/local_xla/xla/tsl/framework/bfc_allocator.cc:1109] InUse at 146840d91900 of size 256 next 995
2025-11-13 05:08:53.767572: I external/local_xla/xla/tsl/framework/bfc_allocator.cc:1109] InUse at 146840d91a00 of size 256 next 996
2025-11-13 05:08:53.767579: I external/local_xla/xla/tsl/framework/bfc_allocator.cc:1109] InUse at 146840d91b00 of size 256 next 997
2025-11-13 05:08:53.767587: I external/local_xla/xla/tsl/framework/bfc_allocator.cc:1109] InUse at 146840d91c00 of size 256 next 998
2025-11-13 05:08:53.767594: I external/local_xla/xla/tsl/framework/bfc_allocator.cc:1109] InUse at 146840d91d00 of size 256 next 999
2025-11-13 05:08:53.767602: I external/local_xla/xla/tsl/framework/bfc_allocator.cc:1109] InUse at 146840d91e00 of size 153600 next 1000
2025-11-13 05:08:53.767609: I external/local_xla/xla/tsl/framework/bfc_allocator.cc:1109] InUse at 146840db7600 of size 153600 next 1001
2025-11-13 05:08:53.767617: I external/local_xla/xla/tsl/framework/bfc_allocator.cc:1109] InUse at 146840ddce00 of size 153600 next 1002
2025-11-13 05:08:53.767624: I external/local_xla/xla/tsl/framework/bfc_allocator.cc:1109] InUse at 146840e02600 of size 153600 next 1003
2025-11-13 05:08:53.767632: I external/local_xla/xla/tsl/framework/bfc_allocator.cc:1109] InUse at 146840e27e00 of size 153600 next 1004
2025-11-13 05:08:53.767640: I external/local_xla/xla/tsl/framework/bfc_allocator.cc:1109] InUse at 146840e4d600 of size 153600 next 1005
2025-11-13 05:08:53.767647: I external/local_xla/xla/tsl/framework/bfc_allocator.cc:1109] InUse at 146840e72e00 of size 2048 next 1006
2025-11-13 05:08:53.767656: I external/local_xla/xla/tsl/framework/bfc_allocator.cc:1109] InUse at 146840e73600 of size 2048 next 1007
2025-11-13 05:08:53.767664: I external/local_xla/xla/tsl/framework/bfc_allocator.cc:1109] InUse at 146840e73e00 of size 2048 next 1008
2025-11-13 05:08:53.767672: I external/local_xla/xla/tsl/framework/bfc_allocator.cc:1109] InUse at 146840e74600 of size 2048 next 1009
2025-11-13 05:08:53.767679: I external/local_xla/xla/tsl/framework/bfc_allocator.cc:1109] InUse at 146840e74e00 of size 2048 next 1010
2025-11-13 05:08:53.767687: I external/local_xla/xla/tsl/framework/bfc_allocator.cc:1109] InUse at 146840e75600 of size 2048 next 1011
2025-11-13 05:08:53.767694: I external/local_xla/xla/tsl/framework/bfc_allocator.cc:1109] InUse at 146840e75e00 of size 2048 next 1012
2025-11-13 05:08:53.767702: I external/local_xla/xla/tsl/framework/bfc_allocator.cc:1109] InUse at 146840e76600 of size 2048 next 1013
2025-11-13 05:08:53.767714: I external/local_xla/xla/tsl/framework/bfc_allocator.cc:1109] InUse at 146840e76e00 of size 2048 next 1014
2025-11-13 05:08:53.767722: I external/local_xla/xla/tsl/framework/bfc_allocator.cc:1109] InUse at 146840e77600 of size 2048 next 1015
2025-11-13 05:08:53.767730: I external/local_xla/xla/tsl/framework/bfc_allocator.cc:1109] InUse at 146840e77e00 of size 2048 next 1016
2025-11-13 05:08:53.767738: I external/local_xla/xla/tsl/framework/bfc_allocator.cc:1109] InUse at 146840e78600 of size 2048 next 1017
2025-11-13 05:08:53.767745: I external/local_xla/xla/tsl/framework/bfc_allocator.cc:1109] InUse at 146840e78e00 of size 2048 next 1018
2025-11-13 05:08:53.767753: I external/local_xla/xla/tsl/framework/bfc_allocator.cc:1109] InUse at 146840e79600 of size 2048 next 1019
2025-11-13 05:08:53.767760: I external/local_xla/xla/tsl/framework/bfc_allocator.cc:1109] InUse at 146840e79e00 of size 2048 next 1020
2025-11-13 05:08:53.767768: I external/local_xla/xla/tsl/framework/bfc_allocator.cc:1109] InUse at 146840e7a600 of size 2048 next 1021
2025-11-13 05:08:53.767775: I external/local_xla/xla/tsl/framework/bfc_allocator.cc:1109] InUse at 146840e7ae00 of size 2048 next 1022
2025-11-13 05:08:53.767783: I external/local_xla/xla/tsl/framework/bfc_allocator.cc:1109] InUse at 146840e7b600 of size 2048 next 1023
2025-11-13 05:08:53.767790: I external/local_xla/xla/tsl/framework/bfc_allocator.cc:1109] InUse at 146840e7be00 of size 2048 next 1024
2025-11-13 05:08:53.767798: I external/local_xla/xla/tsl/framework/bfc_allocator.cc:1109] InUse at 146840e7c600 of size 2048 next 1025
2025-11-13 05:08:53.767805: I external/local_xla/xla/tsl/framework/bfc_allocator.cc:1109] InUse at 146840e7ce00 of size 2048 next 1026
2025-11-13 05:08:53.767813: I external/local_xla/xla/tsl/framework/bfc_allocator.cc:1109] InUse at 146840e7d600 of size 2048 next 1027
2025-11-13 05:08:53.767820: I external/local_xla/xla/tsl/framework/bfc_allocator.cc:1109] InUse at 146840e7de00 of size 2048 next 1028
2025-11-13 05:08:53.767828: I external/local_xla/xla/tsl/framework/bfc_allocator.cc:1109] InUse at 146840e7e600 of size 2048 next 1029
2025-11-13 05:08:53.767835: I external/local_xla/xla/tsl/framework/bfc_allocator.cc:1109] InUse at 146840e7ee00 of size 2048 next 1030
2025-11-13 05:08:53.767843: I external/local_xla/xla/tsl/framework/bfc_allocator.cc:1109] InUse at 146840e7f600 of size 2048 next 1031
2025-11-13 05:08:53.767851: I external/local_xla/xla/tsl/framework/bfc_allocator.cc:1109] InUse at 146840e7fe00 of size 2048 next 1032
2025-11-13 05:08:53.767858: I external/local_xla/xla/tsl/framework/bfc_allocator.cc:1109] InUse at 146840e80600 of size 2048 next 1033
2025-11-13 05:08:53.767866: I external/local_xla/xla/tsl/framework/bfc_allocator.cc:1109] InUse at 146840e80e00 of size 2048 next 1034
2025-11-13 05:08:53.767873: I external/local_xla/xla/tsl/framework/bfc_allocator.cc:1109] InUse at 146840e81600 of size 2048 next 1035
2025-11-13 05:08:53.767881: I external/local_xla/xla/tsl/framework/bfc_allocator.cc:1109] InUse at 146840e81e00 of size 2048 next 1036
2025-11-13 05:08:53.767888: I external/local_xla/xla/tsl/framework/bfc_allocator.cc:1109] InUse at 146840e82600 of size 2048 next 1037
2025-11-13 05:08:53.767896: I external/local_xla/xla/tsl/framework/bfc_allocator.cc:1109] InUse at 146840e82e00 of size 2048 next 1038
2025-11-13 05:08:53.767903: I external/local_xla/xla/tsl/framework/bfc_allocator.cc:1109] InUse at 146840e83600 of size 2048 next 1039
2025-11-13 05:08:53.767911: I external/local_xla/xla/tsl/framework/bfc_allocator.cc:1109] InUse at 146840e83e00 of size 2048 next 1040
2025-11-13 05:08:53.767918: I external/local_xla/xla/tsl/framework/bfc_allocator.cc:1109] InUse at 146840e84600 of size 2048 next 1041
2025-11-13 05:08:53.767926: I external/local_xla/xla/tsl/framework/bfc_allocator.cc:1109] InUse at 146840e84e00 of size 2048 next 1042
2025-11-13 05:08:53.767933: I external/local_xla/xla/tsl/framework/bfc_allocator.cc:1109] InUse at 146840e85600 of size 2048 next 1043
2025-11-13 05:08:53.767944: I external/local_xla/xla/tsl/framework/bfc_allocator.cc:1109] InUse at 146840e85e00 of size 2048 next 1044
2025-11-13 05:08:53.767953: I external/local_xla/xla/tsl/framework/bfc_allocator.cc:1109] InUse at 146840e86600 of size 2048 next 1045
2025-11-13 05:08:53.767960: I external/local_xla/xla/tsl/framework/bfc_allocator.cc:1109] InUse at 146840e86e00 of size 512 next 1046
2025-11-13 05:08:53.767968: I external/local_xla/xla/tsl/framework/bfc_allocator.cc:1109] InUse at 146840e87000 of size 512 next 1047
2025-11-13 05:08:53.767975: I external/local_xla/xla/tsl/framework/bfc_allocator.cc:1109] InUse at 146840e87200 of size 512 next 1048
2025-11-13 05:08:53.767983: I external/local_xla/xla/tsl/framework/bfc_allocator.cc:1109] InUse at 146840e87400 of size 512 next 1049
2025-11-13 05:08:53.767991: I external/local_xla/xla/tsl/framework/bfc_allocator.cc:1109] InUse at 146840e87600 of size 512 next 1050
2025-11-13 05:08:53.767998: I external/local_xla/xla/tsl/framework/bfc_allocator.cc:1109] InUse at 146840e87800 of size 512 next 1051
2025-11-13 05:08:53.768006: I external/local_xla/xla/tsl/framework/bfc_allocator.cc:1109] InUse at 146840e87a00 of size 512 next 1052
2025-11-13 05:08:53.768013: I external/local_xla/xla/tsl/framework/bfc_allocator.cc:1109] InUse at 146840e87c00 of size 512 next 1053
2025-11-13 05:08:53.768021: I external/local_xla/xla/tsl/framework/bfc_allocator.cc:1109] InUse at 146840e87e00 of size 512 next 1054
2025-11-13 05:08:53.768028: I external/local_xla/xla/tsl/framework/bfc_allocator.cc:1109] InUse at 146840e88000 of size 512 next 1055
2025-11-13 05:08:53.768036: I external/local_xla/xla/tsl/framework/bfc_allocator.cc:1109] InUse at 146840e88200 of size 512 next 1056
2025-11-13 05:08:53.768043: I external/local_xla/xla/tsl/framework/bfc_allocator.cc:1109] InUse at 146840e88400 of size 512 next 1057
2025-11-13 05:08:53.768051: I external/local_xla/xla/tsl/framework/bfc_allocator.cc:1109] InUse at 146840e88600 of size 512 next 1058
2025-11-13 05:08:53.768059: I external/local_xla/xla/tsl/framework/bfc_allocator.cc:1109] InUse at 146840e88800 of size 512 next 1059
2025-11-13 05:08:53.768066: I external/local_xla/xla/tsl/framework/bfc_allocator.cc:1109] InUse at 146840e88a00 of size 512 next 1060
2025-11-13 05:08:53.768074: I external/local_xla/xla/tsl/framework/bfc_allocator.cc:1109] InUse at 146840e88c00 of size 512 next 1061
2025-11-13 05:08:53.768081: I external/local_xla/xla/tsl/framework/bfc_allocator.cc:1109] InUse at 146840e88e00 of size 512 next 1062
2025-11-13 05:08:53.768089: I external/local_xla/xla/tsl/framework/bfc_allocator.cc:1109] InUse at 146840e89000 of size 256 next 1063
2025-11-13 05:08:53.768096: I external/local_xla/xla/tsl/framework/bfc_allocator.cc:1109] InUse at 146840e89100 of size 8192 next 1070
2025-11-13 05:08:53.768104: I external/local_xla/xla/tsl/framework/bfc_allocator.cc:1109] InUse at 146840e8b100 of size 256 next 1072
2025-11-13 05:08:53.768112: I external/local_xla/xla/tsl/framework/bfc_allocator.cc:1109] InUse at 146840e8b200 of size 256 next 1069
2025-11-13 05:08:53.768119: I external/local_xla/xla/tsl/framework/bfc_allocator.cc:1109] Free  at 146840e8b300 of size 51858688 next 18446744073709551615
2025-11-13 05:08:53.768127: I external/local_xla/xla/tsl/framework/bfc_allocator.cc:1089] Next region of size 33554432
2025-11-13 05:08:53.768137: I external/local_xla/xla/tsl/framework/bfc_allocator.cc:1109] InUse at 146886000000 of size 614400 next 498
2025-11-13 05:08:53.768145: I external/local_xla/xla/tsl/framework/bfc_allocator.cc:1109] InUse at 146886096000 of size 9216 next 541
2025-11-13 05:08:53.768153: I external/local_xla/xla/tsl/framework/bfc_allocator.cc:1109] InUse at 146886098400 of size 1024 next 542
2025-11-13 05:08:53.768161: I external/local_xla/xla/tsl/framework/bfc_allocator.cc:1109] InUse at 146886098800 of size 604160 next 500
2025-11-13 05:08:53.768169: I external/local_xla/xla/tsl/framework/bfc_allocator.cc:1109] InUse at 14688612c000 of size 516096 next 364
2025-11-13 05:08:53.768176: I external/local_xla/xla/tsl/framework/bfc_allocator.cc:1109] InUse at 1468861aa000 of size 3170304 next 489
2025-11-13 05:08:53.768187: I external/local_xla/xla/tsl/framework/bfc_allocator.cc:1109] InUse at 1468864b0000 of size 2457600 next 502
2025-11-13 05:08:53.768196: I external/local_xla/xla/tsl/framework/bfc_allocator.cc:1109] InUse at 146886708000 of size 2457600 next 503
2025-11-13 05:08:53.768204: I external/local_xla/xla/tsl/framework/bfc_allocator.cc:1109] InUse at 146886960000 of size 2457600 next 544
2025-11-13 05:08:53.768212: I external/local_xla/xla/tsl/framework/bfc_allocator.cc:1109] InUse at 146886bb8000 of size 2457600 next 547
2025-11-13 05:08:53.768219: I external/local_xla/xla/tsl/framework/bfc_allocator.cc:1109] InUse at 146886e10000 of size 1638400 next 548
2025-11-13 05:08:53.768228: I external/local_xla/xla/tsl/framework/bfc_allocator.cc:1109] InUse at 146886fa0000 of size 655360 next 549
2025-11-13 05:08:53.768236: I external/local_xla/xla/tsl/framework/bfc_allocator.cc:1109] InUse at 146887040000 of size 221184 next 595
2025-11-13 05:08:53.768244: I external/local_xla/xla/tsl/framework/bfc_allocator.cc:1109] InUse at 146887076000 of size 221184 next 596
2025-11-13 05:08:53.768251: I external/local_xla/xla/tsl/framework/bfc_allocator.cc:1109] InUse at 1468870ac000 of size 221184 next 597
2025-11-13 05:08:53.768259: I external/local_xla/xla/tsl/framework/bfc_allocator.cc:1109] InUse at 1468870e2000 of size 221184 next 598
2025-11-13 05:08:53.768267: I external/local_xla/xla/tsl/framework/bfc_allocator.cc:1109] InUse at 146887118000 of size 221184 next 599
2025-11-13 05:08:53.768274: I external/local_xla/xla/tsl/framework/bfc_allocator.cc:1109] InUse at 14688714e000 of size 221184 next 600
2025-11-13 05:08:53.768282: I external/local_xla/xla/tsl/framework/bfc_allocator.cc:1109] InUse at 146887184000 of size 221184 next 601
2025-11-13 05:08:53.768289: I external/local_xla/xla/tsl/framework/bfc_allocator.cc:1109] InUse at 1468871ba000 of size 221184 next 602
2025-11-13 05:08:53.768297: I external/local_xla/xla/tsl/framework/bfc_allocator.cc:1109] InUse at 1468871f0000 of size 221184 next 603
2025-11-13 05:08:53.768304: I external/local_xla/xla/tsl/framework/bfc_allocator.cc:1109] InUse at 146887226000 of size 221184 next 604
2025-11-13 05:08:53.768312: I external/local_xla/xla/tsl/framework/bfc_allocator.cc:1109] InUse at 14688725c000 of size 221184 next 605
2025-11-13 05:08:53.768319: I external/local_xla/xla/tsl/framework/bfc_allocator.cc:1109] InUse at 146887292000 of size 221184 next 606
2025-11-13 05:08:53.768327: I external/local_xla/xla/tsl/framework/bfc_allocator.cc:1109] InUse at 1468872c8000 of size 221184 next 607
2025-11-13 05:08:53.768335: I external/local_xla/xla/tsl/framework/bfc_allocator.cc:1109] InUse at 1468872fe000 of size 221184 next 608
2025-11-13 05:08:53.768342: I external/local_xla/xla/tsl/framework/bfc_allocator.cc:1109] InUse at 146887334000 of size 221184 next 609
2025-11-13 05:08:53.768350: I external/local_xla/xla/tsl/framework/bfc_allocator.cc:1109] InUse at 14688736a000 of size 221184 next 610
2025-11-13 05:08:53.768357: I external/local_xla/xla/tsl/framework/bfc_allocator.cc:1109] InUse at 1468873a0000 of size 221184 next 611
2025-11-13 05:08:53.768365: I external/local_xla/xla/tsl/framework/bfc_allocator.cc:1109] InUse at 1468873d6000 of size 221184 next 612
2025-11-13 05:08:53.768372: I external/local_xla/xla/tsl/framework/bfc_allocator.cc:1109] InUse at 14688740c000 of size 221184 next 613
2025-11-13 05:08:53.768380: I external/local_xla/xla/tsl/framework/bfc_allocator.cc:1109] InUse at 146887442000 of size 221184 next 614
2025-11-13 05:08:53.768388: I external/local_xla/xla/tsl/framework/bfc_allocator.cc:1109] InUse at 146887478000 of size 884736 next 615
2025-11-13 05:08:53.768395: I external/local_xla/xla/tsl/framework/bfc_allocator.cc:1109] InUse at 146887550000 of size 884736 next 616
2025-11-13 05:08:53.768403: I external/local_xla/xla/tsl/framework/bfc_allocator.cc:1109] InUse at 146887628000 of size 884736 next 617
2025-11-13 05:08:53.768410: I external/local_xla/xla/tsl/framework/bfc_allocator.cc:1109] InUse at 146887700000 of size 884736 next 618
2025-11-13 05:08:53.768421: I external/local_xla/xla/tsl/framework/bfc_allocator.cc:1109] InUse at 1468877d8000 of size 884736 next 619
2025-11-13 05:08:53.768429: I external/local_xla/xla/tsl/framework/bfc_allocator.cc:1109] InUse at 1468878b0000 of size 884736 next 620
2025-11-13 05:08:53.768437: I external/local_xla/xla/tsl/framework/bfc_allocator.cc:1109] InUse at 146887988000 of size 884736 next 621
2025-11-13 05:08:53.768444: I external/local_xla/xla/tsl/framework/bfc_allocator.cc:1109] InUse at 146887a60000 of size 884736 next 622
2025-11-13 05:08:53.768452: I external/local_xla/xla/tsl/framework/bfc_allocator.cc:1109] InUse at 146887b38000 of size 884736 next 623
2025-11-13 05:08:53.768460: I external/local_xla/xla/tsl/framework/bfc_allocator.cc:1109] InUse at 146887c10000 of size 884736 next 624
2025-11-13 05:08:53.768467: I external/local_xla/xla/tsl/framework/bfc_allocator.cc:1109] InUse at 146887ce8000 of size 884736 next 625
2025-11-13 05:08:53.768475: I external/local_xla/xla/tsl/framework/bfc_allocator.cc:1109] InUse at 146887dc0000 of size 884736 next 626
2025-11-13 05:08:53.768482: I external/local_xla/xla/tsl/framework/bfc_allocator.cc:1109] InUse at 146887e98000 of size 1474560 next 18446744073709551615
2025-11-13 05:08:53.768490: I external/local_xla/xla/tsl/framework/bfc_allocator.cc:1089] Next region of size 16777216
2025-11-13 05:08:53.768498: I external/local_xla/xla/tsl/framework/bfc_allocator.cc:1109] InUse at 14688e000000 of size 221184 next 396
2025-11-13 05:08:53.768505: I external/local_xla/xla/tsl/framework/bfc_allocator.cc:1109] InUse at 14688e036000 of size 221184 next 398
2025-11-13 05:08:53.768513: I external/local_xla/xla/tsl/framework/bfc_allocator.cc:1109] InUse at 14688e06c000 of size 221184 next 416
2025-11-13 05:08:53.768521: I external/local_xla/xla/tsl/framework/bfc_allocator.cc:1109] InUse at 14688e0a2000 of size 221184 next 384
2025-11-13 05:08:53.768528: I external/local_xla/xla/tsl/framework/bfc_allocator.cc:1109] InUse at 14688e0d8000 of size 884736 next 385
2025-11-13 05:08:53.768536: I external/local_xla/xla/tsl/framework/bfc_allocator.cc:1109] InUse at 14688e1b0000 of size 221184 next 418
2025-11-13 05:08:53.768543: I external/local_xla/xla/tsl/framework/bfc_allocator.cc:1109] InUse at 14688e1e6000 of size 38400 next 142
2025-11-13 05:08:53.768551: I external/local_xla/xla/tsl/framework/bfc_allocator.cc:1109] InUse at 14688e1ef600 of size 76800 next 205
2025-11-13 05:08:53.768558: I external/local_xla/xla/tsl/framework/bfc_allocator.cc:1109] InUse at 14688e202200 of size 105984 next 437
2025-11-13 05:08:53.768566: I external/local_xla/xla/tsl/framework/bfc_allocator.cc:1109] InUse at 14688e21c000 of size 221184 next 438
2025-11-13 05:08:53.768574: I external/local_xla/xla/tsl/framework/bfc_allocator.cc:1109] InUse at 14688e252000 of size 221184 next 400
2025-11-13 05:08:53.768581: I external/local_xla/xla/tsl/framework/bfc_allocator.cc:1109] InUse at 14688e288000 of size 884736 next 401
2025-11-13 05:08:53.768589: I external/local_xla/xla/tsl/framework/bfc_allocator.cc:1109] InUse at 14688e360000 of size 884736 next 407
2025-11-13 05:08:53.768596: I external/local_xla/xla/tsl/framework/bfc_allocator.cc:1109] InUse at 14688e438000 of size 221184 next 455
2025-11-13 05:08:53.768604: I external/local_xla/xla/tsl/framework/bfc_allocator.cc:1109] InUse at 14688e46e000 of size 221184 next 471
2025-11-13 05:08:53.768611: I external/local_xla/xla/tsl/framework/bfc_allocator.cc:1109] InUse at 14688e4a4000 of size 221184 next 467
2025-11-13 05:08:53.768619: I external/local_xla/xla/tsl/framework/bfc_allocator.cc:1109] InUse at 14688e4da000 of size 69120 next 456
2025-11-13 05:08:53.768627: I external/local_xla/xla/tsl/framework/bfc_allocator.cc:1109] InUse at 14688e4eae00 of size 152064 next 420
2025-11-13 05:08:53.768634: I external/local_xla/xla/tsl/framework/bfc_allocator.cc:1109] InUse at 14688e510000 of size 884736 next 421
2025-11-13 05:08:53.768642: I external/local_xla/xla/tsl/framework/bfc_allocator.cc:1109] InUse at 14688e5e8000 of size 884736 next 427
2025-11-13 05:08:53.768652: I external/local_xla/xla/tsl/framework/bfc_allocator.cc:1109] InUse at 14688e6c0000 of size 884736 next 440
2025-11-13 05:08:53.768661: I external/local_xla/xla/tsl/framework/bfc_allocator.cc:1109] InUse at 14688e798000 of size 884736 next 446
2025-11-13 05:08:53.768668: I external/local_xla/xla/tsl/framework/bfc_allocator.cc:1109] InUse at 14688e870000 of size 221184 next 478
2025-11-13 05:08:53.768676: I external/local_xla/xla/tsl/framework/bfc_allocator.cc:1109] InUse at 14688e8a6000 of size 215040 next 289
2025-11-13 05:08:53.768685: I external/local_xla/xla/tsl/framework/bfc_allocator.cc:1109] InUse at 14688e8da800 of size 448512 next 460
2025-11-13 05:08:53.768693: I external/local_xla/xla/tsl/framework/bfc_allocator.cc:1109] InUse at 14688e948000 of size 884736 next 461
2025-11-13 05:08:53.768701: I external/local_xla/xla/tsl/framework/bfc_allocator.cc:1109] InUse at 14688ea20000 of size 2457600 next 472
2025-11-13 05:08:53.768708: I external/local_xla/xla/tsl/framework/bfc_allocator.cc:1109] InUse at 14688ec78000 of size 614400 next 546
2025-11-13 05:08:53.768716: I external/local_xla/xla/tsl/framework/bfc_allocator.cc:1109] InUse at 14688ed0e000 of size 696320 next 242
2025-11-13 05:08:53.768723: I external/local_xla/xla/tsl/framework/bfc_allocator.cc:1109] InUse at 14688edb8000 of size 655360 next 283
2025-11-13 05:08:53.768731: I external/local_xla/xla/tsl/framework/bfc_allocator.cc:1109] InUse at 14688ee58000 of size 1736704 next 18446744073709551615
2025-11-13 05:08:53.768739: I external/local_xla/xla/tsl/framework/bfc_allocator.cc:1089] Next region of size 2097152
2025-11-13 05:08:53.768746: I external/local_xla/xla/tsl/framework/bfc_allocator.cc:1109] InUse at 1468bb800000 of size 1280 next 1
2025-11-13 05:08:53.768754: I external/local_xla/xla/tsl/framework/bfc_allocator.cc:1109] InUse at 1468bb800500 of size 263424 next 2
2025-11-13 05:08:53.768762: I external/local_xla/xla/tsl/framework/bfc_allocator.cc:1109] InUse at 1468bb840a00 of size 131840 next 3
2025-11-13 05:08:53.768769: I external/local_xla/xla/tsl/framework/bfc_allocator.cc:1109] InUse at 1468bb860d00 of size 256 next 4
2025-11-13 05:08:53.768777: I external/local_xla/xla/tsl/framework/bfc_allocator.cc:1109] InUse at 1468bb860e00 of size 256 next 5
2025-11-13 05:08:53.768785: I external/local_xla/xla/tsl/framework/bfc_allocator.cc:1109] InUse at 1468bb860f00 of size 256 next 6
2025-11-13 05:08:53.768792: I external/local_xla/xla/tsl/framework/bfc_allocator.cc:1109] InUse at 1468bb861000 of size 256 next 7
2025-11-13 05:08:53.768800: I external/local_xla/xla/tsl/framework/bfc_allocator.cc:1109] InUse at 1468bb861100 of size 256 next 8
2025-11-13 05:08:53.768807: I external/local_xla/xla/tsl/framework/bfc_allocator.cc:1109] InUse at 1468bb861200 of size 263424 next 9
2025-11-13 05:08:53.768815: I external/local_xla/xla/tsl/framework/bfc_allocator.cc:1109] InUse at 1468bb8a1700 of size 131840 next 10
2025-11-13 05:08:53.768822: I external/local_xla/xla/tsl/framework/bfc_allocator.cc:1109] InUse at 1468bb8c1a00 of size 256 next 11
2025-11-13 05:08:53.768830: I external/local_xla/xla/tsl/framework/bfc_allocator.cc:1109] InUse at 1468bb8c1b00 of size 1303808 next 18446744073709551615
2025-11-13 05:08:53.768838: I external/local_xla/xla/tsl/framework/bfc_allocator.cc:1089] Next region of size 4194304
2025-11-13 05:08:53.768845: I external/local_xla/xla/tsl/framework/bfc_allocator.cc:1109] InUse at 1468bba00000 of size 4194304 next 18446744073709551615
2025-11-13 05:08:53.768853: I external/local_xla/xla/tsl/framework/bfc_allocator.cc:1089] Next region of size 8388608
2025-11-13 05:08:53.768861: I external/local_xla/xla/tsl/framework/bfc_allocator.cc:1109] InUse at 1468d3000000 of size 256 next 14
2025-11-13 05:08:53.768868: I external/local_xla/xla/tsl/framework/bfc_allocator.cc:1109] InUse at 1468d3000100 of size 256 next 15
2025-11-13 05:08:53.768876: I external/local_xla/xla/tsl/framework/bfc_allocator.cc:1109] InUse at 1468d3000200 of size 256 next 16
2025-11-13 05:08:53.768883: I external/local_xla/xla/tsl/framework/bfc_allocator.cc:1109] InUse at 1468d3000300 of size 256 next 17
2025-11-13 05:08:53.768894: I external/local_xla/xla/tsl/framework/bfc_allocator.cc:1109] InUse at 1468d3000400 of size 256 next 19
2025-11-13 05:08:53.768902: I external/local_xla/xla/tsl/framework/bfc_allocator.cc:1109] InUse at 1468d3000500 of size 256 next 20
2025-11-13 05:08:53.768910: I external/local_xla/xla/tsl/framework/bfc_allocator.cc:1109] InUse at 1468d3000600 of size 256 next 513
2025-11-13 05:08:53.768917: I external/local_xla/xla/tsl/framework/bfc_allocator.cc:1109] InUse at 1468d3000700 of size 256 next 21
2025-11-13 05:08:53.768925: I external/local_xla/xla/tsl/framework/bfc_allocator.cc:1109] InUse at 1468d3000800 of size 256 next 22
2025-11-13 05:08:53.768932: I external/local_xla/xla/tsl/framework/bfc_allocator.cc:1109] InUse at 1468d3000900 of size 256 next 23
2025-11-13 05:08:53.768940: I external/local_xla/xla/tsl/framework/bfc_allocator.cc:1109] InUse at 1468d3000a00 of size 256 next 24
2025-11-13 05:08:53.768947: I external/local_xla/xla/tsl/framework/bfc_allocator.cc:1109] InUse at 1468d3000b00 of size 256 next 25
2025-11-13 05:08:53.768955: I external/local_xla/xla/tsl/framework/bfc_allocator.cc:1109] InUse at 1468d3000c00 of size 256 next 27
2025-11-13 05:08:53.768962: I external/local_xla/xla/tsl/framework/bfc_allocator.cc:1109] InUse at 1468d3000d00 of size 256 next 514
2025-11-13 05:08:53.768970: I external/local_xla/xla/tsl/framework/bfc_allocator.cc:1109] InUse at 1468d3000e00 of size 256 next 26
2025-11-13 05:08:53.768977: I external/local_xla/xla/tsl/framework/bfc_allocator.cc:1109] InUse at 1468d3000f00 of size 256 next 31
2025-11-13 05:08:53.768985: I external/local_xla/xla/tsl/framework/bfc_allocator.cc:1109] InUse at 1468d3001000 of size 256 next 49
2025-11-13 05:08:53.768993: I external/local_xla/xla/tsl/framework/bfc_allocator.cc:1109] InUse at 1468d3001100 of size 256 next 50
2025-11-13 05:08:53.769000: I external/local_xla/xla/tsl/framework/bfc_allocator.cc:1109] InUse at 1468d3001200 of size 256 next 54
2025-11-13 05:08:53.769008: I external/local_xla/xla/tsl/framework/bfc_allocator.cc:1109] InUse at 1468d3001300 of size 256 next 55
2025-11-13 05:08:53.769015: I external/local_xla/xla/tsl/framework/bfc_allocator.cc:1109] InUse at 1468d3001400 of size 256 next 58
2025-11-13 05:08:53.769023: I external/local_xla/xla/tsl/framework/bfc_allocator.cc:1109] InUse at 1468d3001500 of size 256 next 56
2025-11-13 05:08:53.769030: I external/local_xla/xla/tsl/framework/bfc_allocator.cc:1109] InUse at 1468d3001600 of size 256 next 62
2025-11-13 05:08:53.769038: I external/local_xla/xla/tsl/framework/bfc_allocator.cc:1109] InUse at 1468d3001700 of size 256 next 42
2025-11-13 05:08:53.769045: I external/local_xla/xla/tsl/framework/bfc_allocator.cc:1109] InUse at 1468d3001800 of size 256 next 34
2025-11-13 05:08:53.769053: I external/local_xla/xla/tsl/framework/bfc_allocator.cc:1109] InUse at 1468d3001900 of size 1024 next 36
2025-11-13 05:08:53.769060: I external/local_xla/xla/tsl/framework/bfc_allocator.cc:1109] InUse at 1468d3001d00 of size 256 next 32
2025-11-13 05:08:53.769068: I external/local_xla/xla/tsl/framework/bfc_allocator.cc:1109] InUse at 1468d3001e00 of size 256 next 33
2025-11-13 05:08:53.769075: I external/local_xla/xla/tsl/framework/bfc_allocator.cc:1109] InUse at 1468d3001f00 of size 1792 next 35
2025-11-13 05:08:53.769085: I external/local_xla/xla/tsl/framework/bfc_allocator.cc:1109] InUse at 1468d3002600 of size 256 next 39
2025-11-13 05:08:53.769093: I external/local_xla/xla/tsl/framework/bfc_allocator.cc:1109] InUse at 1468d3002700 of size 256 next 41
2025-11-13 05:08:53.769100: I external/local_xla/xla/tsl/framework/bfc_allocator.cc:1109] InUse at 1468d3002800 of size 256 next 40
2025-11-13 05:08:53.769108: I external/local_xla/xla/tsl/framework/bfc_allocator.cc:1109] InUse at 1468d3002900 of size 256 next 29
2025-11-13 05:08:53.769115: I external/local_xla/xla/tsl/framework/bfc_allocator.cc:1109] InUse at 1468d3002a00 of size 1280 next 28
2025-11-13 05:08:53.769123: I external/local_xla/xla/tsl/framework/bfc_allocator.cc:1109] InUse at 1468d3002f00 of size 2304 next 30
2025-11-13 05:08:53.769136: I external/local_xla/xla/tsl/framework/bfc_allocator.cc:1109] InUse at 1468d3003800 of size 256 next 43
2025-11-13 05:08:53.769144: I external/local_xla/xla/tsl/framework/bfc_allocator.cc:1109] InUse at 1468d3003900 of size 256 next 38
2025-11-13 05:08:53.769152: I external/local_xla/xla/tsl/framework/bfc_allocator.cc:1109] InUse at 1468d3003a00 of size 256 next 46
2025-11-13 05:08:53.769159: I external/local_xla/xla/tsl/framework/bfc_allocator.cc:1109] InUse at 1468d3003b00 of size 256 next 44
2025-11-13 05:08:53.769167: I external/local_xla/xla/tsl/framework/bfc_allocator.cc:1109] InUse at 1468d3003c00 of size 1024 next 45
2025-11-13 05:08:53.769174: I external/local_xla/xla/tsl/framework/bfc_allocator.cc:1109] InUse at 1468d3004000 of size 256 next 51
2025-11-13 05:08:53.769182: I external/local_xla/xla/tsl/framework/bfc_allocator.cc:1109] InUse at 1468d3004100 of size 256 next 52
2025-11-13 05:08:53.769189: I external/local_xla/xla/tsl/framework/bfc_allocator.cc:1109] InUse at 1468d3004200 of size 256 next 53
2025-11-13 05:08:53.769197: I external/local_xla/xla/tsl/framework/bfc_allocator.cc:1109] InUse at 1468d3004300 of size 256 next 48
2025-11-13 05:08:53.769205: I external/local_xla/xla/tsl/framework/bfc_allocator.cc:1109] InUse at 1468d3004400 of size 1024 next 59
2025-11-13 05:08:53.769212: I external/local_xla/xla/tsl/framework/bfc_allocator.cc:1109] InUse at 1468d3004800 of size 2560 next 60
2025-11-13 05:08:53.769220: I external/local_xla/xla/tsl/framework/bfc_allocator.cc:1109] InUse at 1468d3005200 of size 256 next 61
2025-11-13 05:08:53.769227: I external/local_xla/xla/tsl/framework/bfc_allocator.cc:1109] InUse at 1468d3005300 of size 256 next 57
2025-11-13 05:08:53.769235: I external/local_xla/xla/tsl/framework/bfc_allocator.cc:1109] InUse at 1468d3005400 of size 256 next 65
2025-11-13 05:08:53.769243: I external/local_xla/xla/tsl/framework/bfc_allocator.cc:1109] InUse at 1468d3005500 of size 512 next 66
2025-11-13 05:08:53.769250: I external/local_xla/xla/tsl/framework/bfc_allocator.cc:1109] InUse at 1468d3005700 of size 512 next 67
2025-11-13 05:08:53.769258: I external/local_xla/xla/tsl/framework/bfc_allocator.cc:1109] InUse at 1468d3005900 of size 512 next 63
2025-11-13 05:08:53.769265: I external/local_xla/xla/tsl/framework/bfc_allocator.cc:1109] InUse at 1468d3005b00 of size 256 next 47
2025-11-13 05:08:53.769273: I external/local_xla/xla/tsl/framework/bfc_allocator.cc:1109] InUse at 1468d3005c00 of size 768 next 64
2025-11-13 05:08:53.769280: I external/local_xla/xla/tsl/framework/bfc_allocator.cc:1109] InUse at 1468d3005f00 of size 512 next 69
2025-11-13 05:08:53.769288: I external/local_xla/xla/tsl/framework/bfc_allocator.cc:1109] InUse at 1468d3006100 of size 512 next 72
2025-11-13 05:08:53.769295: I external/local_xla/xla/tsl/framework/bfc_allocator.cc:1109] InUse at 1468d3006300 of size 512 next 73
2025-11-13 05:08:53.769303: I external/local_xla/xla/tsl/framework/bfc_allocator.cc:1109] InUse at 1468d3006500 of size 512 next 74
2025-11-13 05:08:53.769310: I external/local_xla/xla/tsl/framework/bfc_allocator.cc:1109] InUse at 1468d3006700 of size 768 next 77
2025-11-13 05:08:53.769318: I external/local_xla/xla/tsl/framework/bfc_allocator.cc:1109] InUse at 1468d3006a00 of size 256 next 76
2025-11-13 05:08:53.769326: I external/local_xla/xla/tsl/framework/bfc_allocator.cc:1109] InUse at 1468d3006b00 of size 256 next 87
2025-11-13 05:08:53.769333: I external/local_xla/xla/tsl/framework/bfc_allocator.cc:1109] InUse at 1468d3006c00 of size 768 next 88
2025-11-13 05:08:53.769341: I external/local_xla/xla/tsl/framework/bfc_allocator.cc:1109] InUse at 1468d3006f00 of size 768 next 89
2025-11-13 05:08:53.769348: I external/local_xla/xla/tsl/framework/bfc_allocator.cc:1109] InUse at 1468d3007200 of size 768 next 90
2025-11-13 05:08:53.769356: I external/local_xla/xla/tsl/framework/bfc_allocator.cc:1109] InUse at 1468d3007500 of size 768 next 80
2025-11-13 05:08:53.769363: I external/local_xla/xla/tsl/framework/bfc_allocator.cc:1109] InUse at 1468d3007800 of size 1536 next 68
2025-11-13 05:08:53.769375: I external/local_xla/xla/tsl/framework/bfc_allocator.cc:1109] InUse at 1468d3007e00 of size 768 next 97
2025-11-13 05:08:53.769383: I external/local_xla/xla/tsl/framework/bfc_allocator.cc:1109] InUse at 1468d3008100 of size 768 next 94
2025-11-13 05:08:53.769391: I external/local_xla/xla/tsl/framework/bfc_allocator.cc:1109] InUse at 1468d3008400 of size 768 next 95
2025-11-13 05:08:53.769398: I external/local_xla/xla/tsl/framework/bfc_allocator.cc:1109] InUse at 1468d3008700 of size 768 next 82
2025-11-13 05:08:53.769406: I external/local_xla/xla/tsl/framework/bfc_allocator.cc:1109] InUse at 1468d3008a00 of size 256 next 104
2025-11-13 05:08:53.769413: I external/local_xla/xla/tsl/framework/bfc_allocator.cc:1109] InUse at 1468d3008b00 of size 256 next 100
2025-11-13 05:08:53.769421: I external/local_xla/xla/tsl/framework/bfc_allocator.cc:1109] InUse at 1468d3008c00 of size 768 next 70
2025-11-13 05:08:53.769429: I external/local_xla/xla/tsl/framework/bfc_allocator.cc:1109] InUse at 1468d3008f00 of size 6144 next 71
2025-11-13 05:08:53.769436: I external/local_xla/xla/tsl/framework/bfc_allocator.cc:1109] InUse at 1468d300a700 of size 256 next 515
2025-11-13 05:08:53.769444: I external/local_xla/xla/tsl/framework/bfc_allocator.cc:1109] InUse at 1468d300a800 of size 256 next 79
2025-11-13 05:08:53.769451: I external/local_xla/xla/tsl/framework/bfc_allocator.cc:1109] InUse at 1468d300a900 of size 256 next 78
2025-11-13 05:08:53.769459: I external/local_xla/xla/tsl/framework/bfc_allocator.cc:1109] InUse at 1468d300aa00 of size 256 next 84
2025-11-13 05:08:53.769467: I external/local_xla/xla/tsl/framework/bfc_allocator.cc:1109] InUse at 1468d300ab00 of size 256 next 83
2025-11-13 05:08:53.769474: I external/local_xla/xla/tsl/framework/bfc_allocator.cc:1109] InUse at 1468d300ac00 of size 256 next 81
2025-11-13 05:08:53.769482: I external/local_xla/xla/tsl/framework/bfc_allocator.cc:1109] InUse at 1468d300ad00 of size 768 next 517
2025-11-13 05:08:53.769489: I external/local_xla/xla/tsl/framework/bfc_allocator.cc:1109] InUse at 1468d300b000 of size 3584 next 96
2025-11-13 05:08:53.769497: I external/local_xla/xla/tsl/framework/bfc_allocator.cc:1109] InUse at 1468d300be00 of size 5632 next 93
2025-11-13 05:08:53.769505: I external/local_xla/xla/tsl/framework/bfc_allocator.cc:1109] InUse at 1468d300d400 of size 256 next 98
2025-11-13 05:08:53.769512: I external/local_xla/xla/tsl/framework/bfc_allocator.cc:1109] InUse at 1468d300d500 of size 256 next 99
2025-11-13 05:08:53.769520: I external/local_xla/xla/tsl/framework/bfc_allocator.cc:1109] InUse at 1468d300d600 of size 768 next 132
2025-11-13 05:08:53.769527: I external/local_xla/xla/tsl/framework/bfc_allocator.cc:1109] InUse at 1468d300d900 of size 768 next 133
2025-11-13 05:08:53.769535: I external/local_xla/xla/tsl/framework/bfc_allocator.cc:1109] InUse at 1468d300dc00 of size 768 next 134
2025-11-13 05:08:53.769542: I external/local_xla/xla/tsl/framework/bfc_allocator.cc:1109] InUse at 1468d300df00 of size 256 next 136
2025-11-13 05:08:53.769550: I external/local_xla/xla/tsl/framework/bfc_allocator.cc:1109] InUse at 1468d300e000 of size 768 next 137
2025-11-13 05:08:53.769558: I external/local_xla/xla/tsl/framework/bfc_allocator.cc:1109] InUse at 1468d300e300 of size 768 next 138
2025-11-13 05:08:53.769565: I external/local_xla/xla/tsl/framework/bfc_allocator.cc:1109] InUse at 1468d300e600 of size 768 next 141
2025-11-13 05:08:53.769573: I external/local_xla/xla/tsl/framework/bfc_allocator.cc:1109] InUse at 1468d300e900 of size 256 next 135
2025-11-13 05:08:53.769580: I external/local_xla/xla/tsl/framework/bfc_allocator.cc:1109] InUse at 1468d300ea00 of size 1280 next 144
2025-11-13 05:08:53.769588: I external/local_xla/xla/tsl/framework/bfc_allocator.cc:1109] InUse at 1468d300ef00 of size 256 next 145
2025-11-13 05:08:53.769595: I external/local_xla/xla/tsl/framework/bfc_allocator.cc:1109] InUse at 1468d300f000 of size 256 next 147
2025-11-13 05:08:53.769606: I external/local_xla/xla/tsl/framework/bfc_allocator.cc:1109] InUse at 1468d300f100 of size 256 next 143
2025-11-13 05:08:53.769614: I external/local_xla/xla/tsl/framework/bfc_allocator.cc:1109] InUse at 1468d300f200 of size 256 next 149
2025-11-13 05:08:53.769621: I external/local_xla/xla/tsl/framework/bfc_allocator.cc:1109] InUse at 1468d300f300 of size 256 next 152
2025-11-13 05:08:53.769629: I external/local_xla/xla/tsl/framework/bfc_allocator.cc:1109] InUse at 1468d300f400 of size 256 next 153
2025-11-13 05:08:53.769637: I external/local_xla/xla/tsl/framework/bfc_allocator.cc:1109] InUse at 1468d300f500 of size 1536 next 85
2025-11-13 05:08:53.769644: I external/local_xla/xla/tsl/framework/bfc_allocator.cc:1109] InUse at 1468d300fb00 of size 9216 next 86
2025-11-13 05:08:53.769652: I external/local_xla/xla/tsl/framework/bfc_allocator.cc:1109] InUse at 1468d3011f00 of size 3584 next 103
2025-11-13 05:08:53.769660: I external/local_xla/xla/tsl/framework/bfc_allocator.cc:1109] InUse at 1468d3012d00 of size 5376 next 102
2025-11-13 05:08:53.769667: I external/local_xla/xla/tsl/framework/bfc_allocator.cc:1109] InUse at 1468d3014200 of size 256 next 109
2025-11-13 05:08:53.769675: I external/local_xla/xla/tsl/framework/bfc_allocator.cc:1109] InUse at 1468d3014300 of size 256 next 110
2025-11-13 05:08:53.769682: I external/local_xla/xla/tsl/framework/bfc_allocator.cc:1109] InUse at 1468d3014400 of size 768 next 111
2025-11-13 05:08:53.769690: I external/local_xla/xla/tsl/framework/bfc_allocator.cc:1109] InUse at 1468d3014700 of size 768 next 112
2025-11-13 05:08:53.769698: I external/local_xla/xla/tsl/framework/bfc_allocator.cc:1109] InUse at 1468d3014a00 of size 768 next 113
2025-11-13 05:08:53.769705: I external/local_xla/xla/tsl/framework/bfc_allocator.cc:1109] InUse at 1468d3014d00 of size 768 next 115
2025-11-13 05:08:53.769713: I external/local_xla/xla/tsl/framework/bfc_allocator.cc:1109] InUse at 1468d3015000 of size 1280 next 91
2025-11-13 05:08:53.769720: I external/local_xla/xla/tsl/framework/bfc_allocator.cc:1109] InUse at 1468d3015500 of size 13824 next 92
2025-11-13 05:08:53.769728: I external/local_xla/xla/tsl/framework/bfc_allocator.cc:1109] InUse at 1468d3018b00 of size 768 next 116
2025-11-13 05:08:53.769735: I external/local_xla/xla/tsl/framework/bfc_allocator.cc:1109] InUse at 1468d3018e00 of size 768 next 117
2025-11-13 05:08:53.769743: I external/local_xla/xla/tsl/framework/bfc_allocator.cc:1109] InUse at 1468d3019100 of size 256 next 106
2025-11-13 05:08:53.769750: I external/local_xla/xla/tsl/framework/bfc_allocator.cc:1109] InUse at 1468d3019200 of size 256 next 122
2025-11-13 05:08:53.769758: I external/local_xla/xla/tsl/framework/bfc_allocator.cc:1109] InUse at 1468d3019300 of size 256 next 125
2025-11-13 05:08:53.769766: I external/local_xla/xla/tsl/framework/bfc_allocator.cc:1109] InUse at 1468d3019400 of size 256 next 121
2025-11-13 05:08:53.769773: I external/local_xla/xla/tsl/framework/bfc_allocator.cc:1109] InUse at 1468d3019500 of size 768 next 127
2025-11-13 05:08:53.769781: I external/local_xla/xla/tsl/framework/bfc_allocator.cc:1109] InUse at 1468d3019800 of size 768 next 123
2025-11-13 05:08:53.769788: I external/local_xla/xla/tsl/framework/bfc_allocator.cc:1109] InUse at 1468d3019b00 of size 256 next 130
2025-11-13 05:08:53.769796: I external/local_xla/xla/tsl/framework/bfc_allocator.cc:1109] InUse at 1468d3019c00 of size 256 next 131
2025-11-13 05:08:53.769803: I external/local_xla/xla/tsl/framework/bfc_allocator.cc:1109] InUse at 1468d3019d00 of size 768 next 118
2025-11-13 05:08:53.769811: I external/local_xla/xla/tsl/framework/bfc_allocator.cc:1109] InUse at 1468d301a000 of size 5376 next 119
2025-11-13 05:08:53.769819: I external/local_xla/xla/tsl/framework/bfc_allocator.cc:1109] InUse at 1468d301b500 of size 3584 next 124
2025-11-13 05:08:53.769826: I external/local_xla/xla/tsl/framework/bfc_allocator.cc:1109] InUse at 1468d301c300 of size 768 next 101
2025-11-13 05:08:53.769834: I external/local_xla/xla/tsl/framework/bfc_allocator.cc:1109] InUse at 1468d301c600 of size 1024 next 148
2025-11-13 05:08:53.769844: I external/local_xla/xla/tsl/framework/bfc_allocator.cc:1109] InUse at 1468d301ca00 of size 1792 next 126
2025-11-13 05:08:53.769852: I external/local_xla/xla/tsl/framework/bfc_allocator.cc:1109] InUse at 1468d301d100 of size 256 next 164
2025-11-13 05:08:53.769860: I external/local_xla/xla/tsl/framework/bfc_allocator.cc:1109] InUse at 1468d301d200 of size 256 next 165
2025-11-13 05:08:53.769868: I external/local_xla/xla/tsl/framework/bfc_allocator.cc:1109] InUse at 1468d301d300 of size 256 next 168
2025-11-13 05:08:53.769875: I external/local_xla/xla/tsl/framework/bfc_allocator.cc:1109] InUse at 1468d301d400 of size 256 next 166
2025-11-13 05:08:53.769883: I external/local_xla/xla/tsl/framework/bfc_allocator.cc:1109] InUse at 1468d301d500 of size 256 next 171
2025-11-13 05:08:53.769890: I external/local_xla/xla/tsl/framework/bfc_allocator.cc:1109] InUse at 1468d301d600 of size 1280 next 167
2025-11-13 05:08:53.769898: I external/local_xla/xla/tsl/framework/bfc_allocator.cc:1109] InUse at 1468d301db00 of size 256 next 175
2025-11-13 05:08:53.769906: I external/local_xla/xla/tsl/framework/bfc_allocator.cc:1109] InUse at 1468d301dc00 of size 256 next 176
2025-11-13 05:08:53.769913: I external/local_xla/xla/tsl/framework/bfc_allocator.cc:1109] InUse at 1468d301dd00 of size 1024 next 177
2025-11-13 05:08:53.769921: I external/local_xla/xla/tsl/framework/bfc_allocator.cc:1109] InUse at 1468d301e100 of size 1024 next 178
2025-11-13 05:08:53.769928: I external/local_xla/xla/tsl/framework/bfc_allocator.cc:1109] InUse at 1468d301e500 of size 1024 next 179
2025-11-13 05:08:53.769936: I external/local_xla/xla/tsl/framework/bfc_allocator.cc:1109] InUse at 1468d301e900 of size 1024 next 181
2025-11-13 05:08:53.769943: I external/local_xla/xla/tsl/framework/bfc_allocator.cc:1109] InUse at 1468d301ed00 of size 1024 next 182
2025-11-13 05:08:53.769951: I external/local_xla/xla/tsl/framework/bfc_allocator.cc:1109] InUse at 1468d301f100 of size 1536 next 107
2025-11-13 05:08:53.769959: I external/local_xla/xla/tsl/framework/bfc_allocator.cc:1109] InUse at 1468d301f700 of size 13824 next 108
2025-11-13 05:08:53.769966: I external/local_xla/xla/tsl/framework/bfc_allocator.cc:1109] InUse at 1468d3022d00 of size 13824 next 114
2025-11-13 05:08:53.769974: I external/local_xla/xla/tsl/framework/bfc_allocator.cc:1109] InUse at 1468d3026300 of size 1024 next 202
2025-11-13 05:08:53.769981: I external/local_xla/xla/tsl/framework/bfc_allocator.cc:1109] InUse at 1468d3026700 of size 1024 next 203
2025-11-13 05:08:53.769989: I external/local_xla/xla/tsl/framework/bfc_allocator.cc:1109] InUse at 1468d3026b00 of size 256 next 154
2025-11-13 05:08:53.769996: I external/local_xla/xla/tsl/framework/bfc_allocator.cc:1109] InUse at 1468d3026c00 of size 512 next 146
2025-11-13 05:08:53.770004: I external/local_xla/xla/tsl/framework/bfc_allocator.cc:1109] InUse at 1468d3026e00 of size 512 next 231
2025-11-13 05:08:53.770011: I external/local_xla/xla/tsl/framework/bfc_allocator.cc:1109] InUse at 1468d3027000 of size 768 next 207
2025-11-13 05:08:53.770019: I external/local_xla/xla/tsl/framework/bfc_allocator.cc:1109] InUse at 1468d3027300 of size 256 next 209
2025-11-13 05:08:53.770027: I external/local_xla/xla/tsl/framework/bfc_allocator.cc:1109] InUse at 1468d3027400 of size 512 next 206
2025-11-13 05:08:53.770034: I external/local_xla/xla/tsl/framework/bfc_allocator.cc:1109] InUse at 1468d3027600 of size 512 next 211
2025-11-13 05:08:53.770042: I external/local_xla/xla/tsl/framework/bfc_allocator.cc:1109] InUse at 1468d3027800 of size 512 next 213
2025-11-13 05:08:53.770049: I external/local_xla/xla/tsl/framework/bfc_allocator.cc:1109] InUse at 1468d3027a00 of size 512 next 212
2025-11-13 05:08:53.770057: I external/local_xla/xla/tsl/framework/bfc_allocator.cc:1109] InUse at 1468d3027c00 of size 256 next 216
2025-11-13 05:08:53.770065: I external/local_xla/xla/tsl/framework/bfc_allocator.cc:1109] InUse at 1468d3027d00 of size 3072 next 188
2025-11-13 05:08:53.770072: I external/local_xla/xla/tsl/framework/bfc_allocator.cc:1109] InUse at 1468d3028900 of size 17920 next 128
2025-11-13 05:08:53.770085: I external/local_xla/xla/tsl/framework/bfc_allocator.cc:1109] InUse at 1468d302cf00 of size 13824 next 129
2025-11-13 05:08:53.770093: I external/local_xla/xla/tsl/framework/bfc_allocator.cc:1109] InUse at 1468d3030500 of size 24064 next 157
2025-11-13 05:08:53.770101: I external/local_xla/xla/tsl/framework/bfc_allocator.cc:1109] InUse at 1468d3036300 of size 1024 next 160
2025-11-13 05:08:53.770108: I external/local_xla/xla/tsl/framework/bfc_allocator.cc:1109] InUse at 1468d3036700 of size 1024 next 161
2025-11-13 05:08:53.770116: I external/local_xla/xla/tsl/framework/bfc_allocator.cc:1109] InUse at 1468d3036b00 of size 1024 next 156
2025-11-13 05:08:53.770123: I external/local_xla/xla/tsl/framework/bfc_allocator.cc:1109] InUse at 1468d3036f00 of size 1280 next 139
2025-11-13 05:08:53.770131: I external/local_xla/xla/tsl/framework/bfc_allocator.cc:1109] InUse at 1468d3037400 of size 3584 next 105
2025-11-13 05:08:53.770141: I external/local_xla/xla/tsl/framework/bfc_allocator.cc:1109] InUse at 1468d3038200 of size 1024 next 155
2025-11-13 05:08:53.770149: I external/local_xla/xla/tsl/framework/bfc_allocator.cc:1109] InUse at 1468d3038600 of size 9984 next 140
2025-11-13 05:08:53.770156: I external/local_xla/xla/tsl/framework/bfc_allocator.cc:1109] InUse at 1468d303ad00 of size 1024 next 183
2025-11-13 05:08:53.770164: I external/local_xla/xla/tsl/framework/bfc_allocator.cc:1109] InUse at 1468d303b100 of size 256 next 172
2025-11-13 05:08:53.770171: I external/local_xla/xla/tsl/framework/bfc_allocator.cc:1109] InUse at 1468d303b200 of size 256 next 187
2025-11-13 05:08:53.770179: I external/local_xla/xla/tsl/framework/bfc_allocator.cc:1109] InUse at 1468d303b300 of size 256 next 186
2025-11-13 05:08:53.770186: I external/local_xla/xla/tsl/framework/bfc_allocator.cc:1109] InUse at 1468d303b400 of size 256 next 191
2025-11-13 05:08:53.770194: I external/local_xla/xla/tsl/framework/bfc_allocator.cc:1109] InUse at 1468d303b500 of size 1024 next 189
2025-11-13 05:08:53.770201: I external/local_xla/xla/tsl/framework/bfc_allocator.cc:1109] InUse at 1468d303b900 of size 1024 next 194
2025-11-13 05:08:53.770209: I external/local_xla/xla/tsl/framework/bfc_allocator.cc:1109] InUse at 1468d303bd00 of size 256 next 195
2025-11-13 05:08:53.770216: I external/local_xla/xla/tsl/framework/bfc_allocator.cc:1109] InUse at 1468d303be00 of size 256 next 196
2025-11-13 05:08:53.770224: I external/local_xla/xla/tsl/framework/bfc_allocator.cc:1109] InUse at 1468d303bf00 of size 1024 next 197
2025-11-13 05:08:53.770231: I external/local_xla/xla/tsl/framework/bfc_allocator.cc:1109] InUse at 1468d303c300 of size 1024 next 198
2025-11-13 05:08:53.770239: I external/local_xla/xla/tsl/framework/bfc_allocator.cc:1109] InUse at 1468d303c700 of size 1024 next 200
2025-11-13 05:08:53.770246: I external/local_xla/xla/tsl/framework/bfc_allocator.cc:1109] InUse at 1468d303cb00 of size 1024 next 201
2025-11-13 05:08:53.770254: I external/local_xla/xla/tsl/framework/bfc_allocator.cc:1109] InUse at 1468d303cf00 of size 1024 next 170
2025-11-13 05:08:53.770261: I external/local_xla/xla/tsl/framework/bfc_allocator.cc:1109] InUse at 1468d303d300 of size 46080 next 169
2025-11-13 05:08:53.770269: I external/local_xla/xla/tsl/framework/bfc_allocator.cc:1109] InUse at 1468d3048700 of size 2048 next 224
2025-11-13 05:08:53.770277: I external/local_xla/xla/tsl/framework/bfc_allocator.cc:1109] InUse at 1468d3048f00 of size 2048 next 222
2025-11-13 05:08:53.770284: I external/local_xla/xla/tsl/framework/bfc_allocator.cc:1109] InUse at 1468d3049700 of size 256 next 227
2025-11-13 05:08:53.770292: I external/local_xla/xla/tsl/framework/bfc_allocator.cc:1109] InUse at 1468d3049800 of size 512 next 235
2025-11-13 05:08:53.770299: I external/local_xla/xla/tsl/framework/bfc_allocator.cc:1109] InUse at 1468d3049a00 of size 3840 next 238
2025-11-13 05:08:53.770307: I external/local_xla/xla/tsl/framework/bfc_allocator.cc:1109] InUse at 1468d304a900 of size 256 next 239
2025-11-13 05:08:53.770319: I external/local_xla/xla/tsl/framework/bfc_allocator.cc:1109] InUse at 1468d304aa00 of size 256 next 240
2025-11-13 05:08:53.770327: I external/local_xla/xla/tsl/framework/bfc_allocator.cc:1109] InUse at 1468d304ab00 of size 2048 next 241
2025-11-13 05:08:53.770335: I external/local_xla/xla/tsl/framework/bfc_allocator.cc:1109] InUse at 1468d304b300 of size 3072 next 162
2025-11-13 05:08:53.770343: I external/local_xla/xla/tsl/framework/bfc_allocator.cc:1109] InUse at 1468d304bf00 of size 9728 next 151
2025-11-13 05:08:53.770350: I external/local_xla/xla/tsl/framework/bfc_allocator.cc:1109] InUse at 1468d304e500 of size 14336 next 163
2025-11-13 05:08:53.770358: I external/local_xla/xla/tsl/framework/bfc_allocator.cc:1109] InUse at 1468d3051d00 of size 1024 next 150
2025-11-13 05:08:53.770366: I external/local_xla/xla/tsl/framework/bfc_allocator.cc:1109] InUse at 1468d3052100 of size 8704 next 190
2025-11-13 05:08:53.770373: I external/local_xla/xla/tsl/framework/bfc_allocator.cc:1109] InUse at 1468d3054300 of size 2048 next 518
2025-11-13 05:08:53.770381: I external/local_xla/xla/tsl/framework/bfc_allocator.cc:1109] InUse at 1468d3054b00 of size 2048 next 204
2025-11-13 05:08:53.770388: I external/local_xla/xla/tsl/framework/bfc_allocator.cc:1109] InUse at 1468d3055300 of size 2048 next 217
2025-11-13 05:08:53.770396: I external/local_xla/xla/tsl/framework/bfc_allocator.cc:1109] InUse at 1468d3055b00 of size 2048 next 519
2025-11-13 05:08:53.770403: I external/local_xla/xla/tsl/framework/bfc_allocator.cc:1109] InUse at 1468d3056300 of size 2048 next 219
2025-11-13 05:08:53.770411: I external/local_xla/xla/tsl/framework/bfc_allocator.cc:1109] InUse at 1468d3056b00 of size 2048 next 223
2025-11-13 05:08:53.770419: I external/local_xla/xla/tsl/framework/bfc_allocator.cc:1109] InUse at 1468d3057300 of size 2048 next 184
2025-11-13 05:08:53.770426: I external/local_xla/xla/tsl/framework/bfc_allocator.cc:1109] InUse at 1468d3057b00 of size 2048 next 199
2025-11-13 05:08:53.770434: I external/local_xla/xla/tsl/framework/bfc_allocator.cc:1109] InUse at 1468d3058300 of size 2560 next 158
2025-11-13 05:08:53.770441: I external/local_xla/xla/tsl/framework/bfc_allocator.cc:1109] InUse at 1468d3058d00 of size 38400 next 159
2025-11-13 05:08:53.770449: I external/local_xla/xla/tsl/framework/bfc_allocator.cc:1109] InUse at 1468d3062300 of size 9728 next 185
2025-11-13 05:08:53.770457: I external/local_xla/xla/tsl/framework/bfc_allocator.cc:1109] InUse at 1468d3064900 of size 2048 next 254
2025-11-13 05:08:53.770464: I external/local_xla/xla/tsl/framework/bfc_allocator.cc:1109] InUse at 1468d3065100 of size 28672 next 259
2025-11-13 05:08:53.770472: I external/local_xla/xla/tsl/framework/bfc_allocator.cc:1109] InUse at 1468d306c100 of size 256 next 260
2025-11-13 05:08:53.770480: I external/local_xla/xla/tsl/framework/bfc_allocator.cc:1109] InUse at 1468d306c200 of size 256 next 261
2025-11-13 05:08:53.770487: I external/local_xla/xla/tsl/framework/bfc_allocator.cc:1109] InUse at 1468d306c300 of size 512 next 225
2025-11-13 05:08:53.770495: I external/local_xla/xla/tsl/framework/bfc_allocator.cc:1109] InUse at 1468d306c500 of size 17408 next 226
2025-11-13 05:08:53.770502: I external/local_xla/xla/tsl/framework/bfc_allocator.cc:1109] InUse at 1468d3070900 of size 2048 next 262
2025-11-13 05:08:53.770510: I external/local_xla/xla/tsl/framework/bfc_allocator.cc:1109] InUse at 1468d3071100 of size 2048 next 264
2025-11-13 05:08:53.770517: I external/local_xla/xla/tsl/framework/bfc_allocator.cc:1109] InUse at 1468d3071900 of size 2048 next 265
2025-11-13 05:08:53.770525: I external/local_xla/xla/tsl/framework/bfc_allocator.cc:1109] InUse at 1468d3072100 of size 2048 next 266
2025-11-13 05:08:53.770532: I external/local_xla/xla/tsl/framework/bfc_allocator.cc:1109] InUse at 1468d3072900 of size 2048 next 267
2025-11-13 05:08:53.770540: I external/local_xla/xla/tsl/framework/bfc_allocator.cc:1109] InUse at 1468d3073100 of size 2048 next 269
2025-11-13 05:08:53.770548: I external/local_xla/xla/tsl/framework/bfc_allocator.cc:1109] InUse at 1468d3073900 of size 2048 next 270
2025-11-13 05:08:53.770558: I external/local_xla/xla/tsl/framework/bfc_allocator.cc:1109] InUse at 1468d3074100 of size 3584 next 173
2025-11-13 05:08:53.770566: I external/local_xla/xla/tsl/framework/bfc_allocator.cc:1109] InUse at 1468d3074f00 of size 38400 next 174
2025-11-13 05:08:53.770574: I external/local_xla/xla/tsl/framework/bfc_allocator.cc:1109] InUse at 1468d307e500 of size 38400 next 180
2025-11-13 05:08:53.770581: I external/local_xla/xla/tsl/framework/bfc_allocator.cc:1109] InUse at 1468d3087b00 of size 9728 next 208
2025-11-13 05:08:53.770589: I external/local_xla/xla/tsl/framework/bfc_allocator.cc:1109] InUse at 1468d308a100 of size 2048 next 245
2025-11-13 05:08:53.770596: I external/local_xla/xla/tsl/framework/bfc_allocator.cc:1109] InUse at 1468d308a900 of size 2048 next 246
2025-11-13 05:08:53.770604: I external/local_xla/xla/tsl/framework/bfc_allocator.cc:1109] InUse at 1468d308b100 of size 256 next 248
2025-11-13 05:08:53.770611: I external/local_xla/xla/tsl/framework/bfc_allocator.cc:1109] InUse at 1468d308b200 of size 2048 next 253
2025-11-13 05:08:53.770619: I external/local_xla/xla/tsl/framework/bfc_allocator.cc:1109] InUse at 1468d308ba00 of size 512 next 249
2025-11-13 05:08:53.770627: I external/local_xla/xla/tsl/framework/bfc_allocator.cc:1109] InUse at 1468d308bc00 of size 512 next 251
2025-11-13 05:08:53.770634: I external/local_xla/xla/tsl/framework/bfc_allocator.cc:1109] InUse at 1468d308be00 of size 512 next 250
2025-11-13 05:08:53.770642: I external/local_xla/xla/tsl/framework/bfc_allocator.cc:1109] InUse at 1468d308c000 of size 512 next 256
2025-11-13 05:08:53.770649: I external/local_xla/xla/tsl/framework/bfc_allocator.cc:1109] InUse at 1468d308c200 of size 512 next 210
2025-11-13 05:08:53.770657: I external/local_xla/xla/tsl/framework/bfc_allocator.cc:1109] InUse at 1468d308c400 of size 512 next 273
2025-11-13 05:08:53.770664: I external/local_xla/xla/tsl/framework/bfc_allocator.cc:1109] InUse at 1468d308c600 of size 512 next 275
2025-11-13 05:08:53.770672: I external/local_xla/xla/tsl/framework/bfc_allocator.cc:1109] InUse at 1468d308c800 of size 3328 next 278
2025-11-13 05:08:53.770679: I external/local_xla/xla/tsl/framework/bfc_allocator.cc:1109] InUse at 1468d308d500 of size 256 next 279
2025-11-13 05:08:53.770687: I external/local_xla/xla/tsl/framework/bfc_allocator.cc:1109] InUse at 1468d308d600 of size 256 next 280
2025-11-13 05:08:53.770695: I external/local_xla/xla/tsl/framework/bfc_allocator.cc:1109] InUse at 1468d308d700 of size 2048 next 281
2025-11-13 05:08:53.770702: I external/local_xla/xla/tsl/framework/bfc_allocator.cc:1109] InUse at 1468d308df00 of size 2048 next 282
2025-11-13 05:08:53.770710: I external/local_xla/xla/tsl/framework/bfc_allocator.cc:1109] InUse at 1468d308e700 of size 2048 next 284
2025-11-13 05:08:53.770717: I external/local_xla/xla/tsl/framework/bfc_allocator.cc:1109] InUse at 1468d308ef00 of size 2048 next 285
2025-11-13 05:08:53.770725: I external/local_xla/xla/tsl/framework/bfc_allocator.cc:1109] InUse at 1468d308f700 of size 2048 next 286
2025-11-13 05:08:53.770732: I external/local_xla/xla/tsl/framework/bfc_allocator.cc:1109] InUse at 1468d308ff00 of size 2048 next 287
2025-11-13 05:08:53.770740: I external/local_xla/xla/tsl/framework/bfc_allocator.cc:1109] InUse at 1468d3090700 of size 2560 next 192
2025-11-13 05:08:53.770747: I external/local_xla/xla/tsl/framework/bfc_allocator.cc:1109] InUse at 1468d3091100 of size 38400 next 193
2025-11-13 05:08:53.770755: I external/local_xla/xla/tsl/framework/bfc_allocator.cc:1109] InUse at 1468d309a700 of size 17408 next 218
2025-11-13 05:08:53.770762: I external/local_xla/xla/tsl/framework/bfc_allocator.cc:1109] InUse at 1468d309eb00 of size 38400 next 247
2025-11-13 05:08:53.770770: I external/local_xla/xla/tsl/framework/bfc_allocator.cc:1109] InUse at 1468d30a8100 of size 2048 next 290
2025-11-13 05:08:53.770778: I external/local_xla/xla/tsl/framework/bfc_allocator.cc:1109] InUse at 1468d30a8900 of size 512 next 271
2025-11-13 05:08:53.770785: I external/local_xla/xla/tsl/framework/bfc_allocator.cc:1109] InUse at 1468d30a8b00 of size 512 next 313
2025-11-13 05:08:53.770796: I external/local_xla/xla/tsl/framework/bfc_allocator.cc:1109] InUse at 1468d30a8d00 of size 512 next 312
2025-11-13 05:08:53.770804: I external/local_xla/xla/tsl/framework/bfc_allocator.cc:1109] InUse at 1468d30a8f00 of size 512 next 292
2025-11-13 05:08:53.770811: I external/local_xla/xla/tsl/framework/bfc_allocator.cc:1109] InUse at 1468d30a9100 of size 256 next 293
2025-11-13 05:08:53.770819: I external/local_xla/xla/tsl/framework/bfc_allocator.cc:1109] InUse at 1468d30a9200 of size 512 next 291
2025-11-13 05:08:53.770826: I external/local_xla/xla/tsl/framework/bfc_allocator.cc:1109] InUse at 1468d30a9400 of size 512 next 294
2025-11-13 05:08:53.770834: I external/local_xla/xla/tsl/framework/bfc_allocator.cc:1109] InUse at 1468d30a9600 of size 512 next 296
2025-11-13 05:08:53.770842: I external/local_xla/xla/tsl/framework/bfc_allocator.cc:1109] InUse at 1468d30a9800 of size 512 next 295
2025-11-13 05:08:53.770849: I external/local_xla/xla/tsl/framework/bfc_allocator.cc:1109] InUse at 1468d30a9a00 of size 256 next 299
2025-11-13 05:08:53.770857: I external/local_xla/xla/tsl/framework/bfc_allocator.cc:1109] InUse at 1468d30a9b00 of size 2816 next 300
2025-11-13 05:08:53.770864: I external/local_xla/xla/tsl/framework/bfc_allocator.cc:1109] InUse at 1468d30aa600 of size 2816 next 301
2025-11-13 05:08:53.770872: I external/local_xla/xla/tsl/framework/bfc_allocator.cc:1109] InUse at 1468d30ab100 of size 2816 next 302
2025-11-13 05:08:53.770879: I external/local_xla/xla/tsl/framework/bfc_allocator.cc:1109] InUse at 1468d30abc00 of size 2816 next 305
2025-11-13 05:08:53.770887: I external/local_xla/xla/tsl/framework/bfc_allocator.cc:1109] InUse at 1468d30ac700 of size 3072 next 234
2025-11-13 05:08:53.770894: I external/local_xla/xla/tsl/framework/bfc_allocator.cc:1109] InUse at 1468d30ad300 of size 38400 next 232
2025-11-13 05:08:53.770902: I external/local_xla/xla/tsl/framework/bfc_allocator.cc:1109] InUse at 1468d30b6900 of size 38400 next 233
2025-11-13 05:08:53.770910: I external/local_xla/xla/tsl/framework/bfc_allocator.cc:1109] InUse at 1468d30bff00 of size 2816 next 244
2025-11-13 05:08:53.770917: I external/local_xla/xla/tsl/framework/bfc_allocator.cc:1109] InUse at 1468d30c0a00 of size 2816 next 268
2025-11-13 05:08:53.770925: I external/local_xla/xla/tsl/framework/bfc_allocator.cc:1109] InUse at 1468d30c1500 of size 2816 next 307
2025-11-13 05:08:53.770932: I external/local_xla/xla/tsl/framework/bfc_allocator.cc:1109] InUse at 1468d30c2000 of size 2816 next 308
2025-11-13 05:08:53.770940: I external/local_xla/xla/tsl/framework/bfc_allocator.cc:1109] InUse at 1468d30c2b00 of size 2816 next 318
2025-11-13 05:08:53.770947: I external/local_xla/xla/tsl/framework/bfc_allocator.cc:1109] InUse at 1468d30c3600 of size 4608 next 311
2025-11-13 05:08:53.770955: I external/local_xla/xla/tsl/framework/bfc_allocator.cc:1109] InUse at 1468d30c4800 of size 768 next 399
2025-11-13 05:08:53.770963: I external/local_xla/xla/tsl/framework/bfc_allocator.cc:1109] InUse at 1468d30c4b00 of size 6400 next 306
2025-11-13 05:08:53.770972: I external/local_xla/xla/tsl/framework/bfc_allocator.cc:1109] InUse at 1468d30c6400 of size 256 next 310
2025-11-13 05:08:53.770979: I external/local_xla/xla/tsl/framework/bfc_allocator.cc:1109] InUse at 1468d30c6500 of size 5120 next 321
2025-11-13 05:08:53.770987: I external/local_xla/xla/tsl/framework/bfc_allocator.cc:1109] InUse at 1468d30c7900 of size 256 next 322
2025-11-13 05:08:53.770995: I external/local_xla/xla/tsl/framework/bfc_allocator.cc:1109] InUse at 1468d30c7a00 of size 256 next 323
2025-11-13 05:08:53.771002: I external/local_xla/xla/tsl/framework/bfc_allocator.cc:1109] InUse at 1468d30c7b00 of size 2816 next 324
2025-11-13 05:08:53.771010: I external/local_xla/xla/tsl/framework/bfc_allocator.cc:1109] InUse at 1468d30c8600 of size 3840 next 214
2025-11-13 05:08:53.771017: I external/local_xla/xla/tsl/framework/bfc_allocator.cc:1109] InUse at 1468d30c9500 of size 38400 next 520
2025-11-13 05:08:53.771028: I external/local_xla/xla/tsl/framework/bfc_allocator.cc:1109] InUse at 1468d30d2b00 of size 38400 next 215
2025-11-13 05:08:53.771036: I external/local_xla/xla/tsl/framework/bfc_allocator.cc:1109] InUse at 1468d30dc100 of size 2816 next 325
2025-11-13 05:08:53.771044: I external/local_xla/xla/tsl/framework/bfc_allocator.cc:1109] InUse at 1468d30dcc00 of size 2816 next 327
2025-11-13 05:08:53.771051: I external/local_xla/xla/tsl/framework/bfc_allocator.cc:1109] InUse at 1468d30dd700 of size 2816 next 328
2025-11-13 05:08:53.771059: I external/local_xla/xla/tsl/framework/bfc_allocator.cc:1109] InUse at 1468d30de200 of size 2816 next 329
2025-11-13 05:08:53.771066: I external/local_xla/xla/tsl/framework/bfc_allocator.cc:1109] InUse at 1468d30ded00 of size 2816 next 330
2025-11-13 05:08:53.771074: I external/local_xla/xla/tsl/framework/bfc_allocator.cc:1109] InUse at 1468d30df800 of size 256 next 316
2025-11-13 05:08:53.771081: I external/local_xla/xla/tsl/framework/bfc_allocator.cc:1109] InUse at 1468d30df900 of size 512 next 331
2025-11-13 05:08:53.771089: I external/local_xla/xla/tsl/framework/bfc_allocator.cc:1109] InUse at 1468d30dfb00 of size 512 next 333
2025-11-13 05:08:53.771097: I external/local_xla/xla/tsl/framework/bfc_allocator.cc:1109] InUse at 1468d30dfd00 of size 512 next 332
2025-11-13 05:08:53.771104: I external/local_xla/xla/tsl/framework/bfc_allocator.cc:1109] InUse at 1468d30dff00 of size 512 next 337
2025-11-13 05:08:53.771112: I external/local_xla/xla/tsl/framework/bfc_allocator.cc:1109] InUse at 1468d30e0100 of size 5376 next 340
2025-11-13 05:08:53.771119: I external/local_xla/xla/tsl/framework/bfc_allocator.cc:1109] InUse at 1468d30e1600 of size 256 next 341
2025-11-13 05:08:53.771127: I external/local_xla/xla/tsl/framework/bfc_allocator.cc:1109] InUse at 1468d30e1700 of size 256 next 342
2025-11-13 05:08:53.771137: I external/local_xla/xla/tsl/framework/bfc_allocator.cc:1109] InUse at 1468d30e1800 of size 2816 next 343
2025-11-13 05:08:53.771145: I external/local_xla/xla/tsl/framework/bfc_allocator.cc:1109] InUse at 1468d30e2300 of size 2816 next 344
2025-11-13 05:08:53.771152: I external/local_xla/xla/tsl/framework/bfc_allocator.cc:1109] InUse at 1468d30e2e00 of size 2816 next 346
2025-11-13 05:08:53.771160: I external/local_xla/xla/tsl/framework/bfc_allocator.cc:1109] InUse at 1468d30e3900 of size 2816 next 347
2025-11-13 05:08:53.771168: I external/local_xla/xla/tsl/framework/bfc_allocator.cc:1109] InUse at 1468d30e4400 of size 4864 next 252
2025-11-13 05:08:53.771175: I external/local_xla/xla/tsl/framework/bfc_allocator.cc:1109] InUse at 1468d30e5700 of size 76800 next 255
2025-11-13 05:08:53.771183: I external/local_xla/xla/tsl/framework/bfc_allocator.cc:1109] InUse at 1468d30f8300 of size 2816 next 348
2025-11-13 05:08:53.771190: I external/local_xla/xla/tsl/framework/bfc_allocator.cc:1109] InUse at 1468d30f8e00 of size 2816 next 349
2025-11-13 05:08:53.771198: I external/local_xla/xla/tsl/framework/bfc_allocator.cc:1109] InUse at 1468d30f9900 of size 2816 next 350
2025-11-13 05:08:53.771205: I external/local_xla/xla/tsl/framework/bfc_allocator.cc:1109] InUse at 1468d30fa400 of size 512 next 335
2025-11-13 05:08:53.771213: I external/local_xla/xla/tsl/framework/bfc_allocator.cc:1109] InUse at 1468d30fa600 of size 512 next 352
2025-11-13 05:08:53.771220: I external/local_xla/xla/tsl/framework/bfc_allocator.cc:1109] InUse at 1468d30fa800 of size 512 next 351
2025-11-13 05:08:53.771228: I external/local_xla/xla/tsl/framework/bfc_allocator.cc:1109] InUse at 1468d30faa00 of size 512 next 356
2025-11-13 05:08:53.771235: I external/local_xla/xla/tsl/framework/bfc_allocator.cc:1109] InUse at 1468d30fac00 of size 2816 next 359
2025-11-13 05:08:53.771243: I external/local_xla/xla/tsl/framework/bfc_allocator.cc:1109] InUse at 1468d30fb700 of size 256 next 360
2025-11-13 05:08:53.771251: I external/local_xla/xla/tsl/framework/bfc_allocator.cc:1109] InUse at 1468d30fb800 of size 256 next 361
2025-11-13 05:08:53.771258: I external/local_xla/xla/tsl/framework/bfc_allocator.cc:1109] InUse at 1468d30fb900 of size 2816 next 362
2025-11-13 05:08:53.771270: I external/local_xla/xla/tsl/framework/bfc_allocator.cc:1109] InUse at 1468d30fc400 of size 2816 next 363
2025-11-13 05:08:53.771278: I external/local_xla/xla/tsl/framework/bfc_allocator.cc:1109] InUse at 1468d30fcf00 of size 2816 next 365
2025-11-13 05:08:53.771286: I external/local_xla/xla/tsl/framework/bfc_allocator.cc:1109] InUse at 1468d30fda00 of size 2816 next 366
2025-11-13 05:08:53.771294: I external/local_xla/xla/tsl/framework/bfc_allocator.cc:1109] InUse at 1468d30fe500 of size 2816 next 367
2025-11-13 05:08:53.771301: I external/local_xla/xla/tsl/framework/bfc_allocator.cc:1109] InUse at 1468d30ff000 of size 2816 next 368
2025-11-13 05:08:53.771309: I external/local_xla/xla/tsl/framework/bfc_allocator.cc:1109] InUse at 1468d30ffb00 of size 2816 next 369
2025-11-13 05:08:53.771316: I external/local_xla/xla/tsl/framework/bfc_allocator.cc:1109] InUse at 1468d3100600 of size 4864 next 220
2025-11-13 05:08:53.771324: I external/local_xla/xla/tsl/framework/bfc_allocator.cc:1109] InUse at 1468d3101900 of size 153600 next 221
2025-11-13 05:08:53.771331: I external/local_xla/xla/tsl/framework/bfc_allocator.cc:1109] InUse at 1468d3127100 of size 38400 next 272
2025-11-13 05:08:53.771339: I external/local_xla/xla/tsl/framework/bfc_allocator.cc:1109] InUse at 1468d3130700 of size 38400 next 274
2025-11-13 05:08:53.771346: I external/local_xla/xla/tsl/framework/bfc_allocator.cc:1109] InUse at 1468d3139d00 of size 76800 next 236
2025-11-13 05:08:53.771354: I external/local_xla/xla/tsl/framework/bfc_allocator.cc:1109] InUse at 1468d314c900 of size 153600 next 237
2025-11-13 05:08:53.771362: I external/local_xla/xla/tsl/framework/bfc_allocator.cc:1109] InUse at 1468d3172100 of size 153600 next 243
2025-11-13 05:08:53.771369: I external/local_xla/xla/tsl/framework/bfc_allocator.cc:1109] InUse at 1468d3197900 of size 38400 next 288
2025-11-13 05:08:53.771377: I external/local_xla/xla/tsl/framework/bfc_allocator.cc:1109] InUse at 1468d31a0f00 of size 115200 next 257
2025-11-13 05:08:53.771384: I external/local_xla/xla/tsl/framework/bfc_allocator.cc:1109] InUse at 1468d31bd100 of size 153600 next 258
2025-11-13 05:08:53.771392: I external/local_xla/xla/tsl/framework/bfc_allocator.cc:1109] InUse at 1468d31e2900 of size 153600 next 263
2025-11-13 05:08:53.771400: I external/local_xla/xla/tsl/framework/bfc_allocator.cc:1109] InUse at 1468d3208100 of size 768 next 378
2025-11-13 05:08:53.771407: I external/local_xla/xla/tsl/framework/bfc_allocator.cc:1109] InUse at 1468d3208400 of size 768 next 395
2025-11-13 05:08:53.771415: I external/local_xla/xla/tsl/framework/bfc_allocator.cc:1109] InUse at 1468d3208700 of size 1280 next 371
2025-11-13 05:08:53.771422: I external/local_xla/xla/tsl/framework/bfc_allocator.cc:1109] InUse at 1468d3208c00 of size 256 next 374
2025-11-13 05:08:53.771430: I external/local_xla/xla/tsl/framework/bfc_allocator.cc:1109] InUse at 1468d3208d00 of size 768 next 370
2025-11-13 05:08:53.771437: I external/local_xla/xla/tsl/framework/bfc_allocator.cc:1109] InUse at 1468d3209000 of size 768 next 375
2025-11-13 05:08:53.771445: I external/local_xla/xla/tsl/framework/bfc_allocator.cc:1109] InUse at 1468d3209300 of size 768 next 377
2025-11-13 05:08:53.771453: I external/local_xla/xla/tsl/framework/bfc_allocator.cc:1109] InUse at 1468d3209600 of size 768 next 376
2025-11-13 05:08:53.771460: I external/local_xla/xla/tsl/framework/bfc_allocator.cc:1109] InUse at 1468d3209900 of size 256 next 379
2025-11-13 05:08:53.771468: I external/local_xla/xla/tsl/framework/bfc_allocator.cc:1109] InUse at 1468d3209a00 of size 4608 next 380
2025-11-13 05:08:53.771475: I external/local_xla/xla/tsl/framework/bfc_allocator.cc:1109] InUse at 1468d320ac00 of size 4608 next 381
2025-11-13 05:08:53.771483: I external/local_xla/xla/tsl/framework/bfc_allocator.cc:1109] InUse at 1468d320be00 of size 4608 next 382
2025-11-13 05:08:53.771490: I external/local_xla/xla/tsl/framework/bfc_allocator.cc:1109] InUse at 1468d320d000 of size 4608 next 386
2025-11-13 05:08:53.771501: I external/local_xla/xla/tsl/framework/bfc_allocator.cc:1109] InUse at 1468d320e200 of size 4608 next 388
2025-11-13 05:08:53.771509: I external/local_xla/xla/tsl/framework/bfc_allocator.cc:1109] InUse at 1468d320f400 of size 4608 next 389
2025-11-13 05:08:53.771516: I external/local_xla/xla/tsl/framework/bfc_allocator.cc:1109] InUse at 1468d3210600 of size 4608 next 390
2025-11-13 05:08:53.771524: I external/local_xla/xla/tsl/framework/bfc_allocator.cc:1109] InUse at 1468d3211800 of size 4608 next 387
2025-11-13 05:08:53.771532: I external/local_xla/xla/tsl/framework/bfc_allocator.cc:1109] InUse at 1468d3212a00 of size 256 next 392
2025-11-13 05:08:53.771539: I external/local_xla/xla/tsl/framework/bfc_allocator.cc:1109] InUse at 1468d3212b00 of size 7936 next 402
2025-11-13 05:08:53.771547: I external/local_xla/xla/tsl/framework/bfc_allocator.cc:1109] InUse at 1468d3214a00 of size 256 next 403
2025-11-13 05:08:53.771554: I external/local_xla/xla/tsl/framework/bfc_allocator.cc:1109] InUse at 1468d3214b00 of size 256 next 404
2025-11-13 05:08:53.771562: I external/local_xla/xla/tsl/framework/bfc_allocator.cc:1109] InUse at 1468d3214c00 of size 4608 next 405
2025-11-13 05:08:53.771570: I external/local_xla/xla/tsl/framework/bfc_allocator.cc:1109] InUse at 1468d3215e00 of size 4608 next 406
2025-11-13 05:08:53.771577: I external/local_xla/xla/tsl/framework/bfc_allocator.cc:1109] InUse at 1468d3217000 of size 6144 next 309
2025-11-13 05:08:53.771585: I external/local_xla/xla/tsl/framework/bfc_allocator.cc:1109] InUse at 1468d3218800 of size 86272 next 276
2025-11-13 05:08:53.771592: I external/local_xla/xla/tsl/framework/bfc_allocator.cc:1109] InUse at 1468d322d900 of size 153600 next 277
2025-11-13 05:08:53.771600: I external/local_xla/xla/tsl/framework/bfc_allocator.cc:1109] InUse at 1468d3253100 of size 268800 next 391
2025-11-13 05:08:53.771608: I external/local_xla/xla/tsl/framework/bfc_allocator.cc:1109] InUse at 1468d3294b00 of size 115200 next 412
2025-11-13 05:08:53.771615: I external/local_xla/xla/tsl/framework/bfc_allocator.cc:1109] InUse at 1468d32b0d00 of size 7680 next 491
2025-11-13 05:08:53.771623: I external/local_xla/xla/tsl/framework/bfc_allocator.cc:1109] InUse at 1468d32b2b00 of size 7680 next 492
2025-11-13 05:08:53.771631: I external/local_xla/xla/tsl/framework/bfc_allocator.cc:1109] InUse at 1468d32b4900 of size 7680 next 490
2025-11-13 05:08:53.771638: I external/local_xla/xla/tsl/framework/bfc_allocator.cc:1109] InUse at 1468d32b6700 of size 8192 next 496
2025-11-13 05:08:53.771646: I external/local_xla/xla/tsl/framework/bfc_allocator.cc:1109] InUse at 1468d32b8700 of size 1280 next 494
2025-11-13 05:08:53.771653: I external/local_xla/xla/tsl/framework/bfc_allocator.cc:1109] InUse at 1468d32b8c00 of size 1280 next 495
2025-11-13 05:08:53.771661: I external/local_xla/xla/tsl/framework/bfc_allocator.cc:1109] InUse at 1468d32b9100 of size 1280 next 497
2025-11-13 05:08:53.771668: I external/local_xla/xla/tsl/framework/bfc_allocator.cc:1109] InUse at 1468d32b9600 of size 1280 next 501
2025-11-13 05:08:53.771676: I external/local_xla/xla/tsl/framework/bfc_allocator.cc:1109] InUse at 1468d32b9b00 of size 7680 next 504
2025-11-13 05:08:53.771683: I external/local_xla/xla/tsl/framework/bfc_allocator.cc:1109] InUse at 1468d32bb900 of size 256 next 505
2025-11-13 05:08:53.771691: I external/local_xla/xla/tsl/framework/bfc_allocator.cc:1109] InUse at 1468d32bba00 of size 256 next 506
2025-11-13 05:08:53.771699: I external/local_xla/xla/tsl/framework/bfc_allocator.cc:1109] InUse at 1468d32bbb00 of size 5120 next 507
2025-11-13 05:08:53.771706: I external/local_xla/xla/tsl/framework/bfc_allocator.cc:1109] InUse at 1468d32bcf00 of size 5120 next 508
2025-11-13 05:08:53.771714: I external/local_xla/xla/tsl/framework/bfc_allocator.cc:1109] InUse at 1468d32be300 of size 5120 next 509
2025-11-13 05:08:53.771721: I external/local_xla/xla/tsl/framework/bfc_allocator.cc:1109] InUse at 1468d32bf700 of size 256 next 230
2025-11-13 05:08:53.771729: I external/local_xla/xla/tsl/framework/bfc_allocator.cc:1109] InUse at 1468d32bf800 of size 256 next 228
2025-11-13 05:08:53.771739: I external/local_xla/xla/tsl/framework/bfc_allocator.cc:1109] InUse at 1468d32bf900 of size 256 next 229
2025-11-13 05:08:53.771747: I external/local_xla/xla/tsl/framework/bfc_allocator.cc:1109] InUse at 1468d32bfa00 of size 256 next 521
2025-11-13 05:08:53.771755: I external/local_xla/xla/tsl/framework/bfc_allocator.cc:1109] InUse at 1468d32bfb00 of size 256 next 525
2025-11-13 05:08:53.771762: I external/local_xla/xla/tsl/framework/bfc_allocator.cc:1109] InUse at 1468d32bfc00 of size 256 next 526
2025-11-13 05:08:53.771770: I external/local_xla/xla/tsl/framework/bfc_allocator.cc:1109] InUse at 1468d32bfd00 of size 256 next 524
2025-11-13 05:08:53.771777: I external/local_xla/xla/tsl/framework/bfc_allocator.cc:1109] InUse at 1468d32bfe00 of size 256 next 527
2025-11-13 05:08:53.771785: I external/local_xla/xla/tsl/framework/bfc_allocator.cc:1109] InUse at 1468d32bff00 of size 256 next 530
2025-11-13 05:08:53.771792: I external/local_xla/xla/tsl/framework/bfc_allocator.cc:1109] InUse at 1468d32c0000 of size 256 next 529
2025-11-13 05:08:53.771800: I external/local_xla/xla/tsl/framework/bfc_allocator.cc:1109] InUse at 1468d32c0100 of size 256 next 531
2025-11-13 05:08:53.771807: I external/local_xla/xla/tsl/framework/bfc_allocator.cc:1109] InUse at 1468d32c0200 of size 256 next 532
2025-11-13 05:08:53.771815: I external/local_xla/xla/tsl/framework/bfc_allocator.cc:1109] InUse at 1468d32c0300 of size 256 next 533
2025-11-13 05:08:53.771823: I external/local_xla/xla/tsl/framework/bfc_allocator.cc:1109] InUse at 1468d32c0400 of size 256 next 534
2025-11-13 05:08:53.771830: I external/local_xla/xla/tsl/framework/bfc_allocator.cc:1109] InUse at 1468d32c0500 of size 256 next 535
2025-11-13 05:08:53.771838: I external/local_xla/xla/tsl/framework/bfc_allocator.cc:1109] InUse at 1468d32c0600 of size 3584 next 536
2025-11-13 05:08:53.771845: I external/local_xla/xla/tsl/framework/bfc_allocator.cc:1109] InUse at 1468d32c1400 of size 11264 next 528
2025-11-13 05:08:53.771853: I external/local_xla/xla/tsl/framework/bfc_allocator.cc:1109] InUse at 1468d32c4000 of size 14336 next 522
2025-11-13 05:08:53.771861: I external/local_xla/xla/tsl/framework/bfc_allocator.cc:1109] InUse at 1468d32c7800 of size 32768 next 523
2025-11-13 05:08:53.771870: I external/local_xla/xla/tsl/framework/bfc_allocator.cc:1109] InUse at 1468d32cf800 of size 256 next 537
2025-11-13 05:08:53.771877: I external/local_xla/xla/tsl/framework/bfc_allocator.cc:1109] InUse at 1468d32cf900 of size 1536 next 538
2025-11-13 05:08:53.771885: I external/local_xla/xla/tsl/framework/bfc_allocator.cc:1109] InUse at 1468d32cff00 of size 256 next 539
2025-11-13 05:08:53.771892: I external/local_xla/xla/tsl/framework/bfc_allocator.cc:1109] InUse at 1468d32d0000 of size 1536 next 540
2025-11-13 05:08:53.771900: I external/local_xla/xla/tsl/framework/bfc_allocator.cc:1109] InUse at 1468d32d0600 of size 70400 next 297
2025-11-13 05:08:53.771908: I external/local_xla/xla/tsl/framework/bfc_allocator.cc:1109] InUse at 1468d32e1900 of size 219648 next 408
2025-11-13 05:08:53.771915: I external/local_xla/xla/tsl/framework/bfc_allocator.cc:1109] InUse at 1468d3317300 of size 4608 next 409
2025-11-13 05:08:53.771923: I external/local_xla/xla/tsl/framework/bfc_allocator.cc:1109] InUse at 1468d3318500 of size 4608 next 410
2025-11-13 05:08:53.771930: I external/local_xla/xla/tsl/framework/bfc_allocator.cc:1109] InUse at 1468d3319700 of size 4608 next 411
2025-11-13 05:08:53.771938: I external/local_xla/xla/tsl/framework/bfc_allocator.cc:1109] InUse at 1468d331a900 of size 256 next 298
2025-11-13 05:08:53.771945: I external/local_xla/xla/tsl/framework/bfc_allocator.cc:1109] InUse at 1468d331aa00 of size 768 next 413
2025-11-13 05:08:53.771953: I external/local_xla/xla/tsl/framework/bfc_allocator.cc:1109] InUse at 1468d331ad00 of size 768 next 415
2025-11-13 05:08:53.771960: I external/local_xla/xla/tsl/framework/bfc_allocator.cc:1109] InUse at 1468d331b000 of size 768 next 414
2025-11-13 05:08:53.771968: I external/local_xla/xla/tsl/framework/bfc_allocator.cc:1109] InUse at 1468d331b300 of size 768 next 419
2025-11-13 05:08:53.771979: I external/local_xla/xla/tsl/framework/bfc_allocator.cc:1109] InUse at 1468d331b600 of size 8960 next 422
2025-11-13 05:08:53.771987: I external/local_xla/xla/tsl/framework/bfc_allocator.cc:1109] InUse at 1468d331d900 of size 256 next 423
2025-11-13 05:08:53.771995: I external/local_xla/xla/tsl/framework/bfc_allocator.cc:1109] InUse at 1468d331da00 of size 256 next 424
2025-11-13 05:08:53.772003: I external/local_xla/xla/tsl/framework/bfc_allocator.cc:1109] InUse at 1468d331db00 of size 4608 next 425
2025-11-13 05:08:53.772010: I external/local_xla/xla/tsl/framework/bfc_allocator.cc:1109] InUse at 1468d331ed00 of size 4608 next 426
2025-11-13 05:08:53.772018: I external/local_xla/xla/tsl/framework/bfc_allocator.cc:1109] InUse at 1468d331ff00 of size 4608 next 428
2025-11-13 05:08:53.772025: I external/local_xla/xla/tsl/framework/bfc_allocator.cc:1109] InUse at 1468d3321100 of size 4608 next 429
2025-11-13 05:08:53.772033: I external/local_xla/xla/tsl/framework/bfc_allocator.cc:1109] InUse at 1468d3322300 of size 4608 next 430
2025-11-13 05:08:53.772040: I external/local_xla/xla/tsl/framework/bfc_allocator.cc:1109] InUse at 1468d3323500 of size 4608 next 431
2025-11-13 05:08:53.772048: I external/local_xla/xla/tsl/framework/bfc_allocator.cc:1109] InUse at 1468d3324700 of size 4608 next 433
2025-11-13 05:08:53.772055: I external/local_xla/xla/tsl/framework/bfc_allocator.cc:1109] InUse at 1468d3325900 of size 4608 next 434
2025-11-13 05:08:53.772063: I external/local_xla/xla/tsl/framework/bfc_allocator.cc:1109] InUse at 1468d3326b00 of size 768 next 417
2025-11-13 05:08:53.772070: I external/local_xla/xla/tsl/framework/bfc_allocator.cc:1109] InUse at 1468d3326e00 of size 6400 next 314
2025-11-13 05:08:53.772078: I external/local_xla/xla/tsl/framework/bfc_allocator.cc:1109] InUse at 1468d3328700 of size 75264 next 315
2025-11-13 05:08:53.772085: I external/local_xla/xla/tsl/framework/bfc_allocator.cc:1109] InUse at 1468d333ad00 of size 75264 next 317
2025-11-13 05:08:53.772093: I external/local_xla/xla/tsl/framework/bfc_allocator.cc:1109] InUse at 1468d334d300 of size 75264 next 303
2025-11-13 05:08:53.772101: I external/local_xla/xla/tsl/framework/bfc_allocator.cc:1109] InUse at 1468d335f900 of size 301056 next 304
2025-11-13 05:08:53.772108: I external/local_xla/xla/tsl/framework/bfc_allocator.cc:1109] InUse at 1468d33a9100 of size 75264 next 334
2025-11-13 05:08:53.772116: I external/local_xla/xla/tsl/framework/bfc_allocator.cc:1109] InUse at 1468d33bb700 of size 75264 next 336
2025-11-13 05:08:53.772123: I external/local_xla/xla/tsl/framework/bfc_allocator.cc:1109] InUse at 1468d33cdd00 of size 75264 next 353
2025-11-13 05:08:53.772131: I external/local_xla/xla/tsl/framework/bfc_allocator.cc:1109] InUse at 1468d33e0300 of size 75264 next 319
2025-11-13 05:08:53.772141: I external/local_xla/xla/tsl/framework/bfc_allocator.cc:1109] InUse at 1468d33f2900 of size 301056 next 320
2025-11-13 05:08:53.772149: I external/local_xla/xla/tsl/framework/bfc_allocator.cc:1109] InUse at 1468d343c100 of size 301056 next 326
2025-11-13 05:08:53.772156: I external/local_xla/xla/tsl/framework/bfc_allocator.cc:1109] InUse at 1468d3485900 of size 75264 next 355
2025-11-13 05:08:53.772164: I external/local_xla/xla/tsl/framework/bfc_allocator.cc:1109] InUse at 1468d3497f00 of size 768 next 439
2025-11-13 05:08:53.772171: I external/local_xla/xla/tsl/framework/bfc_allocator.cc:1109] InUse at 1468d3498200 of size 768 next 435
2025-11-13 05:08:53.772179: I external/local_xla/xla/tsl/framework/bfc_allocator.cc:1109] InUse at 1468d3498500 of size 768 next 436
2025-11-13 05:08:53.772187: I external/local_xla/xla/tsl/framework/bfc_allocator.cc:1109] InUse at 1468d3498800 of size 1024 next 442
2025-11-13 05:08:53.772194: I external/local_xla/xla/tsl/framework/bfc_allocator.cc:1109] InUse at 1468d3498c00 of size 256 next 443
2025-11-13 05:08:53.772202: I external/local_xla/xla/tsl/framework/bfc_allocator.cc:1109] InUse at 1468d3498d00 of size 4608 next 444
2025-11-13 05:08:53.772212: I external/local_xla/xla/tsl/framework/bfc_allocator.cc:1109] InUse at 1468d3499f00 of size 4608 next 445
2025-11-13 05:08:53.772220: I external/local_xla/xla/tsl/framework/bfc_allocator.cc:1109] InUse at 1468d349b100 of size 4608 next 447
2025-11-13 05:08:53.772228: I external/local_xla/xla/tsl/framework/bfc_allocator.cc:1109] InUse at 1468d349c300 of size 4608 next 448
2025-11-13 05:08:53.772236: I external/local_xla/xla/tsl/framework/bfc_allocator.cc:1109] InUse at 1468d349d500 of size 4608 next 449
2025-11-13 05:08:53.772243: I external/local_xla/xla/tsl/framework/bfc_allocator.cc:1109] InUse at 1468d349e700 of size 4608 next 450
2025-11-13 05:08:53.772251: I external/local_xla/xla/tsl/framework/bfc_allocator.cc:1109] InUse at 1468d349f900 of size 4608 next 451
2025-11-13 05:08:53.772258: I external/local_xla/xla/tsl/framework/bfc_allocator.cc:1109] InUse at 1468d34a0b00 of size 4608 next 452
2025-11-13 05:08:53.772266: I external/local_xla/xla/tsl/framework/bfc_allocator.cc:1109] InUse at 1468d34a1d00 of size 768 next 454
2025-11-13 05:08:53.772273: I external/local_xla/xla/tsl/framework/bfc_allocator.cc:1109] InUse at 1468d34a2000 of size 768 next 453
2025-11-13 05:08:53.772281: I external/local_xla/xla/tsl/framework/bfc_allocator.cc:1109] InUse at 1468d34a2300 of size 768 next 459
2025-11-13 05:08:53.772288: I external/local_xla/xla/tsl/framework/bfc_allocator.cc:1109] InUse at 1468d34a2600 of size 5376 next 462
2025-11-13 05:08:53.772296: I external/local_xla/xla/tsl/framework/bfc_allocator.cc:1109] InUse at 1468d34a3b00 of size 256 next 463
2025-11-13 05:08:53.772304: I external/local_xla/xla/tsl/framework/bfc_allocator.cc:1109] InUse at 1468d34a3c00 of size 256 next 464
2025-11-13 05:08:53.772311: I external/local_xla/xla/tsl/framework/bfc_allocator.cc:1109] InUse at 1468d34a3d00 of size 4608 next 465
2025-11-13 05:08:53.772319: I external/local_xla/xla/tsl/framework/bfc_allocator.cc:1109] InUse at 1468d34a4f00 of size 4608 next 466
2025-11-13 05:08:53.772326: I external/local_xla/xla/tsl/framework/bfc_allocator.cc:1109] InUse at 1468d34a6100 of size 4608 next 468
2025-11-13 05:08:53.772334: I external/local_xla/xla/tsl/framework/bfc_allocator.cc:1109] InUse at 1468d34a7300 of size 4608 next 469
2025-11-13 05:08:53.772341: I external/local_xla/xla/tsl/framework/bfc_allocator.cc:1109] InUse at 1468d34a8500 of size 8192 next 372
2025-11-13 05:08:53.772349: I external/local_xla/xla/tsl/framework/bfc_allocator.cc:1109] InUse at 1468d34aa500 of size 75264 next 373
2025-11-13 05:08:53.772356: I external/local_xla/xla/tsl/framework/bfc_allocator.cc:1109] InUse at 1468d34bcb00 of size 4608 next 397
2025-11-13 05:08:53.772364: I external/local_xla/xla/tsl/framework/bfc_allocator.cc:1109] InUse at 1468d34bdd00 of size 70656 next 338
2025-11-13 05:08:53.772372: I external/local_xla/xla/tsl/framework/bfc_allocator.cc:1109] InUse at 1468d34cf100 of size 301056 next 339
2025-11-13 05:08:53.772379: I external/local_xla/xla/tsl/framework/bfc_allocator.cc:1109] InUse at 1468d3518900 of size 301056 next 345
2025-11-13 05:08:53.772387: I external/local_xla/xla/tsl/framework/bfc_allocator.cc:1109] InUse at 1468d3562100 of size 115200 next 432
2025-11-13 05:08:53.772395: I external/local_xla/xla/tsl/framework/bfc_allocator.cc:1109] InUse at 1468d357e300 of size 256 next 511
2025-11-13 05:08:53.772402: I external/local_xla/xla/tsl/framework/bfc_allocator.cc:1109] InUse at 1468d357e400 of size 256 next 512
2025-11-13 05:08:53.772410: I external/local_xla/xla/tsl/framework/bfc_allocator.cc:1109] InUse at 1468d357e500 of size 3584 next 18
2025-11-13 05:08:53.772417: I external/local_xla/xla/tsl/framework/bfc_allocator.cc:1109] InUse at 1468d357f300 of size 6144 next 37
2025-11-13 05:08:53.772425: I external/local_xla/xla/tsl/framework/bfc_allocator.cc:1109] InUse at 1468d3580b00 of size 9216 next 75
2025-11-13 05:08:53.772432: I external/local_xla/xla/tsl/framework/bfc_allocator.cc:1109] InUse at 1468d3582f00 of size 13824 next 516
2025-11-13 05:08:53.772440: I external/local_xla/xla/tsl/framework/bfc_allocator.cc:1109] InUse at 1468d3586500 of size 14592 next 120
2025-11-13 05:08:53.772451: I external/local_xla/xla/tsl/framework/bfc_allocator.cc:1109] InUse at 1468d3589e00 of size 35072 next 473
2025-11-13 05:08:53.772459: I external/local_xla/xla/tsl/framework/bfc_allocator.cc:1109] InUse at 1468d3592700 of size 4608 next 474
2025-11-13 05:08:53.772467: I external/local_xla/xla/tsl/framework/bfc_allocator.cc:1109] InUse at 1468d3593900 of size 4608 next 470
2025-11-13 05:08:53.772474: I external/local_xla/xla/tsl/framework/bfc_allocator.cc:1109] InUse at 1468d3594b00 of size 256 next 458
2025-11-13 05:08:53.772482: I external/local_xla/xla/tsl/framework/bfc_allocator.cc:1109] InUse at 1468d3594c00 of size 4608 next 457
2025-11-13 05:08:53.772489: I external/local_xla/xla/tsl/framework/bfc_allocator.cc:1109] InUse at 1468d3595e00 of size 1280 next 482
2025-11-13 05:08:53.772497: I external/local_xla/xla/tsl/framework/bfc_allocator.cc:1109] InUse at 1468d3596300 of size 7680 next 488
2025-11-13 05:08:53.772505: I external/local_xla/xla/tsl/framework/bfc_allocator.cc:1109] InUse at 1468d3598100 of size 256 next 510
2025-11-13 05:08:53.772512: I external/local_xla/xla/tsl/framework/bfc_allocator.cc:1109] InUse at 1468d3598200 of size 256 next 393
2025-11-13 05:08:53.772520: I external/local_xla/xla/tsl/framework/bfc_allocator.cc:1109] InUse at 1468d3598300 of size 256 next 499
2025-11-13 05:08:53.772527: I external/local_xla/xla/tsl/framework/bfc_allocator.cc:1109] InUse at 1468d3598400 of size 36096 next 476
2025-11-13 05:08:53.772535: I external/local_xla/xla/tsl/framework/bfc_allocator.cc:1109] InUse at 1468d35a1100 of size 256 next 477
2025-11-13 05:08:53.772543: I external/local_xla/xla/tsl/framework/bfc_allocator.cc:1109] InUse at 1468d35a1200 of size 1280 next 475
2025-11-13 05:08:53.772550: I external/local_xla/xla/tsl/framework/bfc_allocator.cc:1109] InUse at 1468d35a1700 of size 1280 next 479
2025-11-13 05:08:53.772558: I external/local_xla/xla/tsl/framework/bfc_allocator.cc:1109] InUse at 1468d35a1c00 of size 1280 next 481
2025-11-13 05:08:53.772565: I external/local_xla/xla/tsl/framework/bfc_allocator.cc:1109] InUse at 1468d35a2100 of size 512 next 394
2025-11-13 05:08:53.772573: I external/local_xla/xla/tsl/framework/bfc_allocator.cc:1109] InUse at 1468d35a2300 of size 256 next 493
2025-11-13 05:08:53.772581: I external/local_xla/xla/tsl/framework/bfc_allocator.cc:1109] InUse at 1468d35a2400 of size 512 next 480
2025-11-13 05:08:53.772588: I external/local_xla/xla/tsl/framework/bfc_allocator.cc:1109] InUse at 1468d35a2600 of size 256 next 483
2025-11-13 05:08:53.772596: I external/local_xla/xla/tsl/framework/bfc_allocator.cc:1109] InUse at 1468d35a2700 of size 7680 next 484
2025-11-13 05:08:53.772603: I external/local_xla/xla/tsl/framework/bfc_allocator.cc:1109] InUse at 1468d35a4500 of size 7680 next 485
2025-11-13 05:08:53.772611: I external/local_xla/xla/tsl/framework/bfc_allocator.cc:1109] InUse at 1468d35a6300 of size 7680 next 486
2025-11-13 05:08:53.772618: I external/local_xla/xla/tsl/framework/bfc_allocator.cc:1109] InUse at 1468d35a8100 of size 14336 next 357
2025-11-13 05:08:53.772626: I external/local_xla/xla/tsl/framework/bfc_allocator.cc:1109] InUse at 1468d35ab900 of size 301056 next 358
2025-11-13 05:08:53.772634: I external/local_xla/xla/tsl/framework/bfc_allocator.cc:1109] InUse at 1468d35f5100 of size 884736 next 354
2025-11-13 05:08:53.772641: I external/local_xla/xla/tsl/framework/bfc_allocator.cc:1109] InUse at 1468d36cd100 of size 614400 next 441
2025-11-13 05:08:53.772649: I external/local_xla/xla/tsl/framework/bfc_allocator.cc:1109] InUse at 1468d3763100 of size 41472 next 543
2025-11-13 05:08:53.772658: I external/local_xla/xla/tsl/framework/bfc_allocator.cc:1109] InUse at 1468d376d300 of size 69120 next 545
2025-11-13 05:08:53.772666: I external/local_xla/xla/tsl/framework/bfc_allocator.cc:1109] InUse at 1468d377e100 of size 512 next 550
2025-11-13 05:08:53.772673: I external/local_xla/xla/tsl/framework/bfc_allocator.cc:1109] InUse at 1468d377e300 of size 32768 next 551
2025-11-13 05:08:53.772684: I external/local_xla/xla/tsl/framework/bfc_allocator.cc:1109] InUse at 1468d3786300 of size 256 next 552
2025-11-13 05:08:53.772692: I external/local_xla/xla/tsl/framework/bfc_allocator.cc:1109] InUse at 1468d3786400 of size 8448 next 553
2025-11-13 05:08:53.772700: I external/local_xla/xla/tsl/framework/bfc_allocator.cc:1109] InUse at 1468d3788500 of size 256 next 554
2025-11-13 05:08:53.772707: I external/local_xla/xla/tsl/framework/bfc_allocator.cc:1109] InUse at 1468d3788600 of size 256 next 555
2025-11-13 05:08:53.772715: I external/local_xla/xla/tsl/framework/bfc_allocator.cc:1109] InUse at 1468d3788700 of size 256 next 556
2025-11-13 05:08:53.772722: I external/local_xla/xla/tsl/framework/bfc_allocator.cc:1109] InUse at 1468d3788800 of size 256 next 557
2025-11-13 05:08:53.772730: I external/local_xla/xla/tsl/framework/bfc_allocator.cc:1109] InUse at 1468d3788900 of size 256 next 558
2025-11-13 05:08:53.772737: I external/local_xla/xla/tsl/framework/bfc_allocator.cc:1109] InUse at 1468d3788a00 of size 6144 next 559
2025-11-13 05:08:53.772745: I external/local_xla/xla/tsl/framework/bfc_allocator.cc:1109] InUse at 1468d378a200 of size 14592 next 560
2025-11-13 05:08:53.772753: I external/local_xla/xla/tsl/framework/bfc_allocator.cc:1109] InUse at 1468d378db00 of size 9728 next 561
2025-11-13 05:08:53.772760: I external/local_xla/xla/tsl/framework/bfc_allocator.cc:1109] InUse at 1468d3790100 of size 9728 next 562
2025-11-13 05:08:53.772768: I external/local_xla/xla/tsl/framework/bfc_allocator.cc:1109] InUse at 1468d3792700 of size 9728 next 563
2025-11-13 05:08:53.772775: I external/local_xla/xla/tsl/framework/bfc_allocator.cc:1109] InUse at 1468d3794d00 of size 9728 next 564
2025-11-13 05:08:53.772783: I external/local_xla/xla/tsl/framework/bfc_allocator.cc:1109] InUse at 1468d3797300 of size 9728 next 565
2025-11-13 05:08:53.772790: I external/local_xla/xla/tsl/framework/bfc_allocator.cc:1109] InUse at 1468d3799900 of size 9728 next 566
2025-11-13 05:08:53.772798: I external/local_xla/xla/tsl/framework/bfc_allocator.cc:1109] InUse at 1468d379bf00 of size 5376 next 567
2025-11-13 05:08:53.772805: I external/local_xla/xla/tsl/framework/bfc_allocator.cc:1109] InUse at 1468d379d400 of size 5376 next 568
2025-11-13 05:08:53.772813: I external/local_xla/xla/tsl/framework/bfc_allocator.cc:1109] InUse at 1468d379e900 of size 5376 next 569
2025-11-13 05:08:53.772821: I external/local_xla/xla/tsl/framework/bfc_allocator.cc:1109] InUse at 1468d379fe00 of size 5376 next 570
2025-11-13 05:08:53.772828: I external/local_xla/xla/tsl/framework/bfc_allocator.cc:1109] InUse at 1468d37a1300 of size 3584 next 571
2025-11-13 05:08:53.772836: I external/local_xla/xla/tsl/framework/bfc_allocator.cc:1109] InUse at 1468d37a2100 of size 3584 next 572
2025-11-13 05:08:53.772843: I external/local_xla/xla/tsl/framework/bfc_allocator.cc:1109] InUse at 1468d37a2f00 of size 3584 next 573
2025-11-13 05:08:53.772851: I external/local_xla/xla/tsl/framework/bfc_allocator.cc:1109] InUse at 1468d37a3d00 of size 3584 next 574
2025-11-13 05:08:53.772858: I external/local_xla/xla/tsl/framework/bfc_allocator.cc:1109] InUse at 1468d37a4b00 of size 3584 next 575
2025-11-13 05:08:53.772866: I external/local_xla/xla/tsl/framework/bfc_allocator.cc:1109] InUse at 1468d37a5900 of size 3584 next 576
2025-11-13 05:08:53.772873: I external/local_xla/xla/tsl/framework/bfc_allocator.cc:1109] InUse at 1468d37a6700 of size 13824 next 577
2025-11-13 05:08:53.772881: I external/local_xla/xla/tsl/framework/bfc_allocator.cc:1109] InUse at 1468d37a9d00 of size 13824 next 578
2025-11-13 05:08:53.772888: I external/local_xla/xla/tsl/framework/bfc_allocator.cc:1109] InUse at 1468d37ad300 of size 13824 next 579
2025-11-13 05:08:53.772896: I external/local_xla/xla/tsl/framework/bfc_allocator.cc:1109] InUse at 1468d37b0900 of size 13824 next 580
2025-11-13 05:08:53.772903: I external/local_xla/xla/tsl/framework/bfc_allocator.cc:1109] InUse at 1468d37b3f00 of size 7680 next 581
2025-11-13 05:08:53.772911: I external/local_xla/xla/tsl/framework/bfc_allocator.cc:1109] InUse at 1468d37b5d00 of size 7680 next 582
2025-11-13 05:08:53.772922: I external/local_xla/xla/tsl/framework/bfc_allocator.cc:1109] InUse at 1468d37b7b00 of size 7680 next 583
2025-11-13 05:08:53.772930: I external/local_xla/xla/tsl/framework/bfc_allocator.cc:1109] InUse at 1468d37b9900 of size 7680 next 584
2025-11-13 05:08:53.772937: I external/local_xla/xla/tsl/framework/bfc_allocator.cc:1109] InUse at 1468d37bb700 of size 7680 next 585
2025-11-13 05:08:53.772945: I external/local_xla/xla/tsl/framework/bfc_allocator.cc:1109] InUse at 1468d37bd500 of size 7680 next 586
2025-11-13 05:08:53.772952: I external/local_xla/xla/tsl/framework/bfc_allocator.cc:1109] InUse at 1468d37bf300 of size 7680 next 587
2025-11-13 05:08:53.772960: I external/local_xla/xla/tsl/framework/bfc_allocator.cc:1109] InUse at 1468d37c1100 of size 7680 next 588
2025-11-13 05:08:53.772967: I external/local_xla/xla/tsl/framework/bfc_allocator.cc:1109] InUse at 1468d37c2f00 of size 7680 next 589
2025-11-13 05:08:53.772975: I external/local_xla/xla/tsl/framework/bfc_allocator.cc:1109] InUse at 1468d37c4d00 of size 7680 next 590
2025-11-13 05:08:53.772982: I external/local_xla/xla/tsl/framework/bfc_allocator.cc:1109] InUse at 1468d37c6b00 of size 5120 next 591
2025-11-13 05:08:53.772990: I external/local_xla/xla/tsl/framework/bfc_allocator.cc:1109] InUse at 1468d37c7f00 of size 5120 next 592
2025-11-13 05:08:53.772998: I external/local_xla/xla/tsl/framework/bfc_allocator.cc:1109] InUse at 1468d37c9300 of size 5120 next 593
2025-11-13 05:08:53.773005: I external/local_xla/xla/tsl/framework/bfc_allocator.cc:1109] InUse at 1468d37ca700 of size 5120 next 594
2025-11-13 05:08:53.773013: I external/local_xla/xla/tsl/framework/bfc_allocator.cc:1109] InUse at 1468d37cbb00 of size 214272 next 18446744073709551615
2025-11-13 05:08:53.773020: I external/local_xla/xla/tsl/framework/bfc_allocator.cc:1114]      Summary of in-use Chunks by size: 
2025-11-13 05:08:53.773029: I external/local_xla/xla/tsl/framework/bfc_allocator.cc:1117] 213 Chunks of size 256 totalling 53.2KiB
2025-11-13 05:08:53.773038: I external/local_xla/xla/tsl/framework/bfc_allocator.cc:1117] 86 Chunks of size 512 totalling 43.0KiB
2025-11-13 05:08:53.773046: I external/local_xla/xla/tsl/framework/bfc_allocator.cc:1117] 97 Chunks of size 768 totalling 72.8KiB
2025-11-13 05:08:53.773055: I external/local_xla/xla/tsl/framework/bfc_allocator.cc:1117] 56 Chunks of size 1024 totalling 56.0KiB
2025-11-13 05:08:53.773063: I external/local_xla/xla/tsl/framework/bfc_allocator.cc:1117] 23 Chunks of size 1280 totalling 28.8KiB
2025-11-13 05:08:53.773071: I external/local_xla/xla/tsl/framework/bfc_allocator.cc:1117] 5 Chunks of size 1536 totalling 7.5KiB
2025-11-13 05:08:53.773079: I external/local_xla/xla/tsl/framework/bfc_allocator.cc:1117] 2 Chunks of size 1792 totalling 3.5KiB
2025-11-13 05:08:53.773088: I external/local_xla/xla/tsl/framework/bfc_allocator.cc:1117] 69 Chunks of size 2048 totalling 138.0KiB
2025-11-13 05:08:53.773096: I external/local_xla/xla/tsl/framework/bfc_allocator.cc:1117] 1 Chunks of size 2304 totalling 2.2KiB
2025-11-13 05:08:53.773104: I external/local_xla/xla/tsl/framework/bfc_allocator.cc:1117] 3 Chunks of size 2560 totalling 7.5KiB
2025-11-13 05:08:53.773113: I external/local_xla/xla/tsl/framework/bfc_allocator.cc:1117] 70 Chunks of size 2816 totalling 192.5KiB
2025-11-13 05:08:53.773121: I external/local_xla/xla/tsl/framework/bfc_allocator.cc:1117] 3 Chunks of size 3072 totalling 9.0KiB
2025-11-13 05:08:53.773129: I external/local_xla/xla/tsl/framework/bfc_allocator.cc:1117] 1 Chunks of size 3328 totalling 3.2KiB
2025-11-13 05:08:53.773140: I external/local_xla/xla/tsl/framework/bfc_allocator.cc:1117] 19 Chunks of size 3584 totalling 66.5KiB
2025-11-13 05:08:53.773149: I external/local_xla/xla/tsl/framework/bfc_allocator.cc:1117] 2 Chunks of size 3840 totalling 7.5KiB
2025-11-13 05:08:53.773157: I external/local_xla/xla/tsl/framework/bfc_allocator.cc:1117] 88 Chunks of size 4608 totalling 396.0KiB
2025-11-13 05:08:53.773165: I external/local_xla/xla/tsl/framework/bfc_allocator.cc:1117] 2 Chunks of size 4864 totalling 9.5KiB
2025-11-13 05:08:53.773178: I external/local_xla/xla/tsl/framework/bfc_allocator.cc:1117] 8 Chunks of size 5120 totalling 40.0KiB
2025-11-13 05:08:53.773187: I external/local_xla/xla/tsl/framework/bfc_allocator.cc:1117] 8 Chunks of size 5376 totalling 42.0KiB
2025-11-13 05:08:53.773195: I external/local_xla/xla/tsl/framework/bfc_allocator.cc:1117] 1 Chunks of size 5632 totalling 5.5KiB
2025-11-13 05:08:53.773203: I external/local_xla/xla/tsl/framework/bfc_allocator.cc:1117] 4 Chunks of size 6144 totalling 24.0KiB
2025-11-13 05:08:53.773212: I external/local_xla/xla/tsl/framework/bfc_allocator.cc:1117] 2 Chunks of size 6400 totalling 12.5KiB
2025-11-13 05:08:53.773220: I external/local_xla/xla/tsl/framework/bfc_allocator.cc:1117] 18 Chunks of size 7680 totalling 135.0KiB
2025-11-13 05:08:53.773228: I external/local_xla/xla/tsl/framework/bfc_allocator.cc:1117] 1 Chunks of size 7936 totalling 7.8KiB
2025-11-13 05:08:53.773237: I external/local_xla/xla/tsl/framework/bfc_allocator.cc:1117] 3 Chunks of size 8192 totalling 24.0KiB
2025-11-13 05:08:53.773245: I external/local_xla/xla/tsl/framework/bfc_allocator.cc:1117] 1 Chunks of size 8448 totalling 8.2KiB
2025-11-13 05:08:53.773253: I external/local_xla/xla/tsl/framework/bfc_allocator.cc:1117] 1 Chunks of size 8704 totalling 8.5KiB
2025-11-13 05:08:53.773261: I external/local_xla/xla/tsl/framework/bfc_allocator.cc:1117] 1 Chunks of size 8960 totalling 8.8KiB
2025-11-13 05:08:53.773270: I external/local_xla/xla/tsl/framework/bfc_allocator.cc:1117] 3 Chunks of size 9216 totalling 27.0KiB
2025-11-13 05:08:53.773278: I external/local_xla/xla/tsl/framework/bfc_allocator.cc:1117] 15 Chunks of size 9728 totalling 142.5KiB
2025-11-13 05:08:53.773286: I external/local_xla/xla/tsl/framework/bfc_allocator.cc:1117] 1 Chunks of size 9984 totalling 9.8KiB
2025-11-13 05:08:53.773295: I external/local_xla/xla/tsl/framework/bfc_allocator.cc:1117] 1 Chunks of size 11264 totalling 11.0KiB
2025-11-13 05:08:53.773303: I external/local_xla/xla/tsl/framework/bfc_allocator.cc:1117] 15 Chunks of size 13824 totalling 202.5KiB
2025-11-13 05:08:53.773311: I external/local_xla/xla/tsl/framework/bfc_allocator.cc:1117] 3 Chunks of size 14336 totalling 42.0KiB
2025-11-13 05:08:53.773319: I external/local_xla/xla/tsl/framework/bfc_allocator.cc:1117] 2 Chunks of size 14592 totalling 28.5KiB
2025-11-13 05:08:53.773328: I external/local_xla/xla/tsl/framework/bfc_allocator.cc:1117] 8 Chunks of size 17408 totalling 136.0KiB
2025-11-13 05:08:53.773336: I external/local_xla/xla/tsl/framework/bfc_allocator.cc:1117] 1 Chunks of size 17920 totalling 17.5KiB
2025-11-13 05:08:53.773345: I external/local_xla/xla/tsl/framework/bfc_allocator.cc:1117] 5 Chunks of size 24064 totalling 117.5KiB
2025-11-13 05:08:53.773353: I external/local_xla/xla/tsl/framework/bfc_allocator.cc:1117] 1 Chunks of size 28672 totalling 28.0KiB
2025-11-13 05:08:53.773361: I external/local_xla/xla/tsl/framework/bfc_allocator.cc:1117] 2 Chunks of size 32768 totalling 64.0KiB
2025-11-13 05:08:53.773370: I external/local_xla/xla/tsl/framework/bfc_allocator.cc:1117] 1 Chunks of size 35072 totalling 34.2KiB
2025-11-13 05:08:53.773378: I external/local_xla/xla/tsl/framework/bfc_allocator.cc:1117] 1 Chunks of size 36096 totalling 35.2KiB
2025-11-13 05:08:53.773386: I external/local_xla/xla/tsl/framework/bfc_allocator.cc:1117] 39 Chunks of size 38400 totalling 1.43MiB
2025-11-13 05:08:53.773395: I external/local_xla/xla/tsl/framework/bfc_allocator.cc:1117] 1 Chunks of size 41472 totalling 40.5KiB
2025-11-13 05:08:53.773403: I external/local_xla/xla/tsl/framework/bfc_allocator.cc:1117] 1 Chunks of size 46080 totalling 45.0KiB
2025-11-13 05:08:53.773411: I external/local_xla/xla/tsl/framework/bfc_allocator.cc:1117] 8 Chunks of size 67328 totalling 526.0KiB
2025-11-13 05:08:53.773420: I external/local_xla/xla/tsl/framework/bfc_allocator.cc:1117] 2 Chunks of size 69120 totalling 135.0KiB
2025-11-13 05:08:53.773428: I external/local_xla/xla/tsl/framework/bfc_allocator.cc:1117] 1 Chunks of size 70400 totalling 68.8KiB
2025-11-13 05:08:53.773440: I external/local_xla/xla/tsl/framework/bfc_allocator.cc:1117] 1 Chunks of size 70656 totalling 69.0KiB
2025-11-13 05:08:53.773449: I external/local_xla/xla/tsl/framework/bfc_allocator.cc:1117] 25 Chunks of size 75264 totalling 1.79MiB
2025-11-13 05:08:53.773457: I external/local_xla/xla/tsl/framework/bfc_allocator.cc:1117] 3 Chunks of size 76800 totalling 225.0KiB
2025-11-13 05:08:53.773465: I external/local_xla/xla/tsl/framework/bfc_allocator.cc:1117] 1 Chunks of size 86272 totalling 84.2KiB
2025-11-13 05:08:53.773474: I external/local_xla/xla/tsl/framework/bfc_allocator.cc:1117] 1 Chunks of size 105984 totalling 103.5KiB
2025-11-13 05:08:53.773482: I external/local_xla/xla/tsl/framework/bfc_allocator.cc:1117] 10 Chunks of size 115200 totalling 1.10MiB
2025-11-13 05:08:53.773490: I external/local_xla/xla/tsl/framework/bfc_allocator.cc:1117] 2 Chunks of size 131840 totalling 257.5KiB
2025-11-13 05:08:53.773499: I external/local_xla/xla/tsl/framework/bfc_allocator.cc:1117] 1 Chunks of size 152064 totalling 148.5KiB
2025-11-13 05:08:53.773507: I external/local_xla/xla/tsl/framework/bfc_allocator.cc:1117] 20 Chunks of size 153600 totalling 2.93MiB
2025-11-13 05:08:53.773515: I external/local_xla/xla/tsl/framework/bfc_allocator.cc:1117] 1 Chunks of size 214272 totalling 209.2KiB
2025-11-13 05:08:53.773524: I external/local_xla/xla/tsl/framework/bfc_allocator.cc:1117] 1 Chunks of size 215040 totalling 210.0KiB
2025-11-13 05:08:53.773532: I external/local_xla/xla/tsl/framework/bfc_allocator.cc:1117] 1 Chunks of size 219648 totalling 214.5KiB
2025-11-13 05:08:53.773540: I external/local_xla/xla/tsl/framework/bfc_allocator.cc:1117] 31 Chunks of size 221184 totalling 6.54MiB
2025-11-13 05:08:53.773548: I external/local_xla/xla/tsl/framework/bfc_allocator.cc:1117] 2 Chunks of size 263424 totalling 514.5KiB
2025-11-13 05:08:53.773557: I external/local_xla/xla/tsl/framework/bfc_allocator.cc:1117] 1 Chunks of size 268800 totalling 262.5KiB
2025-11-13 05:08:53.773565: I external/local_xla/xla/tsl/framework/bfc_allocator.cc:1117] 20 Chunks of size 301056 totalling 5.74MiB
2025-11-13 05:08:53.773573: I external/local_xla/xla/tsl/framework/bfc_allocator.cc:1117] 1 Chunks of size 448512 totalling 438.0KiB
2025-11-13 05:08:53.773582: I external/local_xla/xla/tsl/framework/bfc_allocator.cc:1117] 1 Chunks of size 516096 totalling 504.0KiB
2025-11-13 05:08:53.773590: I external/local_xla/xla/tsl/framework/bfc_allocator.cc:1117] 1 Chunks of size 604160 totalling 590.0KiB
2025-11-13 05:08:53.773598: I external/local_xla/xla/tsl/framework/bfc_allocator.cc:1117] 3 Chunks of size 614400 totalling 1.76MiB
2025-11-13 05:08:53.773606: I external/local_xla/xla/tsl/framework/bfc_allocator.cc:1117] 2 Chunks of size 655360 totalling 1.25MiB
2025-11-13 05:08:53.773615: I external/local_xla/xla/tsl/framework/bfc_allocator.cc:1117] 1 Chunks of size 696320 totalling 680.0KiB
2025-11-13 05:08:53.773623: I external/local_xla/xla/tsl/framework/bfc_allocator.cc:1117] 26 Chunks of size 884736 totalling 21.94MiB
2025-11-13 05:08:53.773631: I external/local_xla/xla/tsl/framework/bfc_allocator.cc:1117] 1 Chunks of size 1303808 totalling 1.24MiB
2025-11-13 05:08:53.773639: I external/local_xla/xla/tsl/framework/bfc_allocator.cc:1117] 1 Chunks of size 1474560 totalling 1.41MiB
2025-11-13 05:08:53.773648: I external/local_xla/xla/tsl/framework/bfc_allocator.cc:1117] 1 Chunks of size 1638400 totalling 1.56MiB
2025-11-13 05:08:53.773656: I external/local_xla/xla/tsl/framework/bfc_allocator.cc:1117] 1 Chunks of size 1736704 totalling 1.66MiB
2025-11-13 05:08:53.773664: I external/local_xla/xla/tsl/framework/bfc_allocator.cc:1117] 5 Chunks of size 2457600 totalling 11.72MiB
2025-11-13 05:08:53.773672: I external/local_xla/xla/tsl/framework/bfc_allocator.cc:1117] 1 Chunks of size 3170304 totalling 3.02MiB
2025-11-13 05:08:53.773680: I external/local_xla/xla/tsl/framework/bfc_allocator.cc:1117] 1 Chunks of size 4194304 totalling 4.00MiB
2025-11-13 05:08:53.773689: I external/local_xla/xla/tsl/framework/bfc_allocator.cc:1117] 1 Chunks of size 536870912 totalling 512.00MiB
2025-11-13 05:08:53.773700: I external/local_xla/xla/tsl/framework/bfc_allocator.cc:1121] Sum Total of in-use chunks: 588.54MiB
2025-11-13 05:08:53.773709: I external/local_xla/xla/tsl/framework/bfc_allocator.cc:1123] Total bytes in pool: 10792992768 memory_limit_: 10792992768 available bytes: 0 curr_region_allocation_bytes_: 8589934592
2025-11-13 05:08:53.773720: I external/local_xla/xla/tsl/framework/bfc_allocator.cc:1128] Stats: 
Limit:                     10792992768
InUse:                       617132800
MaxInUse:                   8442345984
NumAllocs:                        7725
MaxAllocSize:               5261006080
Reserved:                            0
PeakReserved:                        0
LargestFreeBlock:                    0

2025-11-13 05:08:53.773743: W external/local_xla/xla/tsl/framework/bfc_allocator.cc:508] _____________________________________________________________________________________________*******
2025-11-13 05:08:53.774758: I tensorflow/core/framework/local_rendezvous.cc:405] Local rendezvous is aborting with status: RESOURCE_EXHAUSTED: Out of memory while trying to allocate 19783402800 bytes.
	 [[{{node StatefulPartitionedCall}}]]
Hint: If you want to see a list of allocated tensors when OOM happens, add report_tensor_allocations_upon_oom to RunOptions for current allocation info. This isn't available when running in Eager mode.

Traceback (most recent call last):
  File "/home/jordanw7/koa_scratch/ADSA-AI/ADSA-AI-JordanWang/ModelScripts/EfficientNetFamily/SurfaceTension/10v/ModelSurfaceTensionENFV10.py", line 213, in <module>
    main()
  File "/home/jordanw7/koa_scratch/ADSA-AI/ADSA-AI-JordanWang/ModelScripts/EfficientNetFamily/SurfaceTension/10v/ModelSurfaceTensionENFV10.py", line 125, in main
    history = model.fit(train_gen,
              ^^^^^^^^^^^^^^^^^^^^
  File "/home/jordanw7/.conda/envs/ADSAenv/lib/python3.11/site-packages/keras/src/utils/traceback_utils.py", line 122, in error_handler
    raise e.with_traceback(filtered_tb) from None
  File "/home/jordanw7/.conda/envs/ADSAenv/lib/python3.11/site-packages/tensorflow/python/eager/execute.py", line 53, in quick_execute
    tensors = pywrap_tfe.TFE_Py_Execute(ctx._handle, device_name, op_name,
  ^^^^^^^^^^^^^^^^^^^^^^^^^^^^^^^^^^^^^^^^^^^^^^^^^^^^^^^^^^^^^^^^^^^^^^^^
tensorflow.python.framework.errors_impl.ResourceExhaustedError: Graph execution error:

Detected at node StatefulPartitionedCall defined at (most recent call last):
  File "/home/jordanw7/koa_scratch/ADSA-AI/ADSA-AI-JordanWang/ModelScripts/EfficientNetFamily/SurfaceTension/10v/ModelSurfaceTensionENFV10.py", line 213, in <module>

  File "/home/jordanw7/koa_scratch/ADSA-AI/ADSA-AI-JordanWang/ModelScripts/EfficientNetFamily/SurfaceTension/10v/ModelSurfaceTensionENFV10.py", line 125, in main

  File "/home/jordanw7/.conda/envs/ADSAenv/lib/python3.11/site-packages/keras/src/utils/traceback_utils.py", line 117, in error_handler

  File "/home/jordanw7/.conda/envs/ADSAenv/lib/python3.11/site-packages/keras/src/backend/tensorflow/trainer.py", line 371, in fit

  File "/home/jordanw7/.conda/envs/ADSAenv/lib/python3.11/site-packages/keras/src/backend/tensorflow/trainer.py", line 219, in function

  File "/home/jordanw7/.conda/envs/ADSAenv/lib/python3.11/site-packages/keras/src/backend/tensorflow/trainer.py", line 132, in multi_step_on_iterator

Out of memory while trying to allocate 19783402800 bytes.
	 [[{{node StatefulPartitionedCall}}]]
Hint: If you want to see a list of allocated tensors when OOM happens, add report_tensor_allocations_upon_oom to RunOptions for current allocation info. This isn't available when running in Eager mode.
 [Op:__inference_multi_step_on_iterator_77675]
2025-11-13 05:08:55.747591: F external/local_xla/xla/tsl/framework/bfc_allocator.cc:811] Check failed: c->in_use() && (c->bin_num == kInvalidBinNum) 
/var/spool/slurm/d/job8921064/slurm_script: line 39: 1530775 Aborted                 (core dumped) python /home/jordanw7/koa_scratch/ADSA-AI/ADSA-AI-JordanWang/ModelScripts/EfficientNetFamily/SurfaceTension/10v/ModelSurfaceTensionENFV10.py --dataset_path $LOCAL_DATA
