Identity added: /home/jordanw7/.ssh/id_ed25519 (cluster_key)
From github.com:JordanT-MWang/ADSA-AI-JordanWang
 * branch            main       -> FETCH_HEAD
2025-11-13 04:43:22.772401: I tensorflow/core/util/port.cc:153] oneDNN custom operations are on. You may see slightly different numerical results due to floating-point round-off errors from different computation orders. To turn them off, set the environment variable `TF_ENABLE_ONEDNN_OPTS=0`.
2025-11-13 04:43:22.784363: E external/local_xla/xla/stream_executor/cuda/cuda_fft.cc:477] Unable to register cuFFT factory: Attempting to register factory for plugin cuFFT when one has already been registered
WARNING: All log messages before absl::InitializeLog() is called are written to STDERR
E0000 00:00:1763009002.797819 1529936 cuda_dnn.cc:8310] Unable to register cuDNN factory: Attempting to register factory for plugin cuDNN when one has already been registered
E0000 00:00:1763009002.801818 1529936 cuda_blas.cc:1418] Unable to register cuBLAS factory: Attempting to register factory for plugin cuBLAS when one has already been registered
2025-11-13 04:43:22.815424: I tensorflow/core/platform/cpu_feature_guard.cc:210] This TensorFlow binary is optimized to use available CPU instructions in performance-critical operations.
To enable the following instructions: AVX2 AVX512F AVX512_VNNI FMA, in other operations, rebuild TensorFlow with the appropriate compiler flags.
I0000 00:00:1763009035.850890 1529936 gpu_device.cc:2022] Created device /job:localhost/replica:0/task:0/device:GPU:0 with 10293 MB memory:  -> device: 0, name: NVIDIA A30 MIG 2g.12gb, pci bus id: 0000:98:00.0, compute capability: 8.0
2025-11-13 04:44:09.283629: E tensorflow/core/util/util.cc:131] oneDNN supports DT_HALF only on platforms with AVX-512. Falling back to the default Eigen-based implementation if present.
WARNING: All log messages before absl::InitializeLog() is called are written to STDERR
I0000 00:00:1763009068.130616 1529969 service.cc:148] XLA service 0x14e2c80268f0 initialized for platform CUDA (this does not guarantee that XLA will be used). Devices:
I0000 00:00:1763009068.130721 1529969 service.cc:156]   StreamExecutor device (0): NVIDIA A30 MIG 2g.12gb, Compute Capability 8.0
I0000 00:00:1763009068.296647 1529969 cuda_dnn.cc:529] Loaded cuDNN version 91301
I0000 00:00:1763009068.345285 1529969 device_compiler.h:188] Compiled cluster using XLA!  This line is logged at most once for the lifetime of the process.
2025-11-13 04:44:45.568570: I tensorflow/compiler/mlir/tensorflow/utils/dump_mlir_util.cc:268] disabling MLIR crash reproducer, set env var `MLIR_CRASH_REPRODUCER_DIRECTORY` to enable.
2025-11-13 04:44:59.954897: E external/local_xla/xla/service/slow_operation_alarm.cc:65] Trying algorithm eng27{k2=1,k5=3,k14=5} for conv (f16[64,400,400,32]{3,2,1,0}, u8[0]{0}) custom-call(f16[64,400,400,32]{3,2,1,0}, f16[32,3,3,1]{3,2,1,0}), window={size=3x3 pad=1_1x1_1}, dim_labels=b01f_o01i->b01f, feature_group_count=32, custom_call_target="__cudnn$convForward", backend_config={"cudnn_conv_backend_config":{"activation_mode":"kNone","conv_result_scale":1,"leakyrelu_alpha":0,"side_input_scale":0},"force_earliest_schedule":false,"operation_queue_id":"0","wait_on_operation_queues":[]} is taking a while...
2025-11-13 04:45:01.444009: E external/local_xla/xla/service/slow_operation_alarm.cc:133] The operation took 2.489198888s
Trying algorithm eng27{k2=1,k5=3,k14=5} for conv (f16[64,400,400,32]{3,2,1,0}, u8[0]{0}) custom-call(f16[64,400,400,32]{3,2,1,0}, f16[32,3,3,1]{3,2,1,0}), window={size=3x3 pad=1_1x1_1}, dim_labels=b01f_o01i->b01f, feature_group_count=32, custom_call_target="__cudnn$convForward", backend_config={"cudnn_conv_backend_config":{"activation_mode":"kNone","conv_result_scale":1,"leakyrelu_alpha":0,"side_input_scale":0},"force_earliest_schedule":false,"operation_queue_id":"0","wait_on_operation_queues":[]} is taking a while...
2025-11-13 04:45:07.199060: E external/local_xla/xla/service/slow_operation_alarm.cc:65] Trying algorithm eng45{k2=0,k5=3,k14=3} for conv (f16[64,400,400,16]{3,2,1,0}, u8[0]{0}) custom-call(f16[64,400,400,16]{3,2,1,0}, f16[16,3,3,1]{3,2,1,0}), window={size=3x3 pad=1_1x1_1}, dim_labels=b01f_o01i->b01f, feature_group_count=16, custom_call_target="__cudnn$convForward", backend_config={"cudnn_conv_backend_config":{"activation_mode":"kNone","conv_result_scale":1,"leakyrelu_alpha":0,"side_input_scale":0},"force_earliest_schedule":false,"operation_queue_id":"0","wait_on_operation_queues":[]} is taking a while...
2025-11-13 04:45:07.305593: E external/local_xla/xla/service/slow_operation_alarm.cc:133] The operation took 1.106626906s
Trying algorithm eng45{k2=0,k5=3,k14=3} for conv (f16[64,400,400,16]{3,2,1,0}, u8[0]{0}) custom-call(f16[64,400,400,16]{3,2,1,0}, f16[16,3,3,1]{3,2,1,0}), window={size=3x3 pad=1_1x1_1}, dim_labels=b01f_o01i->b01f, feature_group_count=16, custom_call_target="__cudnn$convForward", backend_config={"cudnn_conv_backend_config":{"activation_mode":"kNone","conv_result_scale":1,"leakyrelu_alpha":0,"side_input_scale":0},"force_earliest_schedule":false,"operation_queue_id":"0","wait_on_operation_queues":[]} is taking a while...
2025-11-13 04:45:08.305727: E external/local_xla/xla/service/slow_operation_alarm.cc:65] Trying algorithm eng27{k2=1,k5=3,k14=5} for conv (f16[64,400,400,16]{3,2,1,0}, u8[0]{0}) custom-call(f16[64,400,400,16]{3,2,1,0}, f16[16,3,3,1]{3,2,1,0}), window={size=3x3 pad=1_1x1_1}, dim_labels=b01f_o01i->b01f, feature_group_count=16, custom_call_target="__cudnn$convForward", backend_config={"cudnn_conv_backend_config":{"activation_mode":"kNone","conv_result_scale":1,"leakyrelu_alpha":0,"side_input_scale":0},"force_earliest_schedule":false,"operation_queue_id":"0","wait_on_operation_queues":[]} is taking a while...
2025-11-13 04:45:08.502930: E external/local_xla/xla/service/slow_operation_alarm.cc:133] The operation took 1.197271354s
Trying algorithm eng27{k2=1,k5=3,k14=5} for conv (f16[64,400,400,16]{3,2,1,0}, u8[0]{0}) custom-call(f16[64,400,400,16]{3,2,1,0}, f16[16,3,3,1]{3,2,1,0}), window={size=3x3 pad=1_1x1_1}, dim_labels=b01f_o01i->b01f, feature_group_count=16, custom_call_target="__cudnn$convForward", backend_config={"cudnn_conv_backend_config":{"activation_mode":"kNone","conv_result_scale":1,"leakyrelu_alpha":0,"side_input_scale":0},"force_earliest_schedule":false,"operation_queue_id":"0","wait_on_operation_queues":[]} is taking a while...
2025-11-13 04:45:09.503046: E external/local_xla/xla/service/slow_operation_alarm.cc:65] Trying algorithm eng45{k2=5,k5=3,k14=6} for conv (f16[64,400,400,16]{3,2,1,0}, u8[0]{0}) custom-call(f16[64,400,400,16]{3,2,1,0}, f16[16,3,3,1]{3,2,1,0}), window={size=3x3 pad=1_1x1_1}, dim_labels=b01f_o01i->b01f, feature_group_count=16, custom_call_target="__cudnn$convForward", backend_config={"cudnn_conv_backend_config":{"activation_mode":"kNone","conv_result_scale":1,"leakyrelu_alpha":0,"side_input_scale":0},"force_earliest_schedule":false,"operation_queue_id":"0","wait_on_operation_queues":[]} is taking a while...
2025-11-13 04:45:09.782382: E external/local_xla/xla/service/slow_operation_alarm.cc:133] The operation took 1.279403599s
Trying algorithm eng45{k2=5,k5=3,k14=6} for conv (f16[64,400,400,16]{3,2,1,0}, u8[0]{0}) custom-call(f16[64,400,400,16]{3,2,1,0}, f16[16,3,3,1]{3,2,1,0}), window={size=3x3 pad=1_1x1_1}, dim_labels=b01f_o01i->b01f, feature_group_count=16, custom_call_target="__cudnn$convForward", backend_config={"cudnn_conv_backend_config":{"activation_mode":"kNone","conv_result_scale":1,"leakyrelu_alpha":0,"side_input_scale":0},"force_earliest_schedule":false,"operation_queue_id":"0","wait_on_operation_queues":[]} is taking a while...
2025-11-13 04:45:10.782495: E external/local_xla/xla/service/slow_operation_alarm.cc:65] Trying algorithm eng45{k2=5,k5=4,k14=4} for conv (f16[64,400,400,16]{3,2,1,0}, u8[0]{0}) custom-call(f16[64,400,400,16]{3,2,1,0}, f16[16,3,3,1]{3,2,1,0}), window={size=3x3 pad=1_1x1_1}, dim_labels=b01f_o01i->b01f, feature_group_count=16, custom_call_target="__cudnn$convForward", backend_config={"cudnn_conv_backend_config":{"activation_mode":"kNone","conv_result_scale":1,"leakyrelu_alpha":0,"side_input_scale":0},"force_earliest_schedule":false,"operation_queue_id":"0","wait_on_operation_queues":[]} is taking a while...
2025-11-13 04:45:11.393844: E external/local_xla/xla/service/slow_operation_alarm.cc:133] The operation took 1.611415523s
Trying algorithm eng45{k2=5,k5=4,k14=4} for conv (f16[64,400,400,16]{3,2,1,0}, u8[0]{0}) custom-call(f16[64,400,400,16]{3,2,1,0}, f16[16,3,3,1]{3,2,1,0}), window={size=3x3 pad=1_1x1_1}, dim_labels=b01f_o01i->b01f, feature_group_count=16, custom_call_target="__cudnn$convForward", backend_config={"cudnn_conv_backend_config":{"activation_mode":"kNone","conv_result_scale":1,"leakyrelu_alpha":0,"side_input_scale":0},"force_earliest_schedule":false,"operation_queue_id":"0","wait_on_operation_queues":[]} is taking a while...
2025-11-13 04:45:12.393966: E external/local_xla/xla/service/slow_operation_alarm.cc:65] Trying algorithm eng45{k2=7,k5=4,k14=2} for conv (f16[64,400,400,16]{3,2,1,0}, u8[0]{0}) custom-call(f16[64,400,400,16]{3,2,1,0}, f16[16,3,3,1]{3,2,1,0}), window={size=3x3 pad=1_1x1_1}, dim_labels=b01f_o01i->b01f, feature_group_count=16, custom_call_target="__cudnn$convForward", backend_config={"cudnn_conv_backend_config":{"activation_mode":"kNone","conv_result_scale":1,"leakyrelu_alpha":0,"side_input_scale":0},"force_earliest_schedule":false,"operation_queue_id":"0","wait_on_operation_queues":[]} is taking a while...
2025-11-13 04:45:13.351444: E external/local_xla/xla/service/slow_operation_alarm.cc:133] The operation took 1.957542483s
Trying algorithm eng45{k2=7,k5=4,k14=2} for conv (f16[64,400,400,16]{3,2,1,0}, u8[0]{0}) custom-call(f16[64,400,400,16]{3,2,1,0}, f16[16,3,3,1]{3,2,1,0}), window={size=3x3 pad=1_1x1_1}, dim_labels=b01f_o01i->b01f, feature_group_count=16, custom_call_target="__cudnn$convForward", backend_config={"cudnn_conv_backend_config":{"activation_mode":"kNone","conv_result_scale":1,"leakyrelu_alpha":0,"side_input_scale":0},"force_earliest_schedule":false,"operation_queue_id":"0","wait_on_operation_queues":[]} is taking a while...
2025-11-13 04:45:14.351565: E external/local_xla/xla/service/slow_operation_alarm.cc:65] Trying algorithm eng45{k2=6,k5=3,k14=2} for conv (f16[64,400,400,16]{3,2,1,0}, u8[0]{0}) custom-call(f16[64,400,400,16]{3,2,1,0}, f16[16,3,3,1]{3,2,1,0}), window={size=3x3 pad=1_1x1_1}, dim_labels=b01f_o01i->b01f, feature_group_count=16, custom_call_target="__cudnn$convForward", backend_config={"cudnn_conv_backend_config":{"activation_mode":"kNone","conv_result_scale":1,"leakyrelu_alpha":0,"side_input_scale":0},"force_earliest_schedule":false,"operation_queue_id":"0","wait_on_operation_queues":[]} is taking a while...
2025-11-13 04:45:15.225552: E external/local_xla/xla/service/slow_operation_alarm.cc:133] The operation took 1.874055409s
Trying algorithm eng45{k2=6,k5=3,k14=2} for conv (f16[64,400,400,16]{3,2,1,0}, u8[0]{0}) custom-call(f16[64,400,400,16]{3,2,1,0}, f16[16,3,3,1]{3,2,1,0}), window={size=3x3 pad=1_1x1_1}, dim_labels=b01f_o01i->b01f, feature_group_count=16, custom_call_target="__cudnn$convForward", backend_config={"cudnn_conv_backend_config":{"activation_mode":"kNone","conv_result_scale":1,"leakyrelu_alpha":0,"side_input_scale":0},"force_earliest_schedule":false,"operation_queue_id":"0","wait_on_operation_queues":[]} is taking a while...
2025-11-13 04:45:16.225695: E external/local_xla/xla/service/slow_operation_alarm.cc:65] Trying algorithm eng45{k2=9,k5=3,k14=3} for conv (f16[64,400,400,16]{3,2,1,0}, u8[0]{0}) custom-call(f16[64,400,400,16]{3,2,1,0}, f16[16,3,3,1]{3,2,1,0}), window={size=3x3 pad=1_1x1_1}, dim_labels=b01f_o01i->b01f, feature_group_count=16, custom_call_target="__cudnn$convForward", backend_config={"cudnn_conv_backend_config":{"activation_mode":"kNone","conv_result_scale":1,"leakyrelu_alpha":0,"side_input_scale":0},"force_earliest_schedule":false,"operation_queue_id":"0","wait_on_operation_queues":[]} is taking a while...
2025-11-13 04:45:17.059162: E external/local_xla/xla/service/slow_operation_alarm.cc:133] The operation took 1.833534567s
Trying algorithm eng45{k2=9,k5=3,k14=3} for conv (f16[64,400,400,16]{3,2,1,0}, u8[0]{0}) custom-call(f16[64,400,400,16]{3,2,1,0}, f16[16,3,3,1]{3,2,1,0}), window={size=3x3 pad=1_1x1_1}, dim_labels=b01f_o01i->b01f, feature_group_count=16, custom_call_target="__cudnn$convForward", backend_config={"cudnn_conv_backend_config":{"activation_mode":"kNone","conv_result_scale":1,"leakyrelu_alpha":0,"side_input_scale":0},"force_earliest_schedule":false,"operation_queue_id":"0","wait_on_operation_queues":[]} is taking a while...
2025-11-13 04:45:18.059310: E external/local_xla/xla/service/slow_operation_alarm.cc:65] Trying algorithm eng45{k2=0,k5=4,k14=3} for conv (f16[64,400,400,16]{3,2,1,0}, u8[0]{0}) custom-call(f16[64,400,400,16]{3,2,1,0}, f16[16,3,3,1]{3,2,1,0}), window={size=3x3 pad=1_1x1_1}, dim_labels=b01f_o01i->b01f, feature_group_count=16, custom_call_target="__cudnn$convForward", backend_config={"cudnn_conv_backend_config":{"activation_mode":"kNone","conv_result_scale":1,"leakyrelu_alpha":0,"side_input_scale":0},"force_earliest_schedule":false,"operation_queue_id":"0","wait_on_operation_queues":[]} is taking a while...
2025-11-13 04:45:19.096886: E external/local_xla/xla/service/slow_operation_alarm.cc:133] The operation took 2.037646119s
Trying algorithm eng45{k2=0,k5=4,k14=3} for conv (f16[64,400,400,16]{3,2,1,0}, u8[0]{0}) custom-call(f16[64,400,400,16]{3,2,1,0}, f16[16,3,3,1]{3,2,1,0}), window={size=3x3 pad=1_1x1_1}, dim_labels=b01f_o01i->b01f, feature_group_count=16, custom_call_target="__cudnn$convForward", backend_config={"cudnn_conv_backend_config":{"activation_mode":"kNone","conv_result_scale":1,"leakyrelu_alpha":0,"side_input_scale":0},"force_earliest_schedule":false,"operation_queue_id":"0","wait_on_operation_queues":[]} is taking a while...
2025-11-13 04:45:20.097028: E external/local_xla/xla/service/slow_operation_alarm.cc:65] Trying algorithm eng45{k2=6,k5=4,k14=2} for conv (f16[64,400,400,16]{3,2,1,0}, u8[0]{0}) custom-call(f16[64,400,400,16]{3,2,1,0}, f16[16,3,3,1]{3,2,1,0}), window={size=3x3 pad=1_1x1_1}, dim_labels=b01f_o01i->b01f, feature_group_count=16, custom_call_target="__cudnn$convForward", backend_config={"cudnn_conv_backend_config":{"activation_mode":"kNone","conv_result_scale":1,"leakyrelu_alpha":0,"side_input_scale":0},"force_earliest_schedule":false,"operation_queue_id":"0","wait_on_operation_queues":[]} is taking a while...
2025-11-13 04:45:22.188363: E external/local_xla/xla/service/slow_operation_alarm.cc:133] The operation took 3.091400848s
Trying algorithm eng45{k2=6,k5=4,k14=2} for conv (f16[64,400,400,16]{3,2,1,0}, u8[0]{0}) custom-call(f16[64,400,400,16]{3,2,1,0}, f16[16,3,3,1]{3,2,1,0}), window={size=3x3 pad=1_1x1_1}, dim_labels=b01f_o01i->b01f, feature_group_count=16, custom_call_target="__cudnn$convForward", backend_config={"cudnn_conv_backend_config":{"activation_mode":"kNone","conv_result_scale":1,"leakyrelu_alpha":0,"side_input_scale":0},"force_earliest_schedule":false,"operation_queue_id":"0","wait_on_operation_queues":[]} is taking a while...
2025-11-13 04:45:27.790285: E external/local_xla/xla/service/slow_operation_alarm.cc:65] Trying algorithm eng0{} for conv (f16[64,200,200,96]{3,2,1,0}, u8[0]{0}) custom-call(f16[64,401,401,96]{3,2,1,0}, f16[96,3,3,1]{3,2,1,0}), window={size=3x3 stride=2x2}, dim_labels=b01f_o01i->b01f, feature_group_count=96, custom_call_target="__cudnn$convForward", backend_config={"cudnn_conv_backend_config":{"activation_mode":"kNone","conv_result_scale":1,"leakyrelu_alpha":0,"side_input_scale":0},"force_earliest_schedule":false,"operation_queue_id":"0","wait_on_operation_queues":[]} is taking a while...
2025-11-13 04:45:27.847050: E external/local_xla/xla/service/slow_operation_alarm.cc:133] The operation took 1.056838784s
Trying algorithm eng0{} for conv (f16[64,200,200,96]{3,2,1,0}, u8[0]{0}) custom-call(f16[64,401,401,96]{3,2,1,0}, f16[96,3,3,1]{3,2,1,0}), window={size=3x3 stride=2x2}, dim_labels=b01f_o01i->b01f, feature_group_count=96, custom_call_target="__cudnn$convForward", backend_config={"cudnn_conv_backend_config":{"activation_mode":"kNone","conv_result_scale":1,"leakyrelu_alpha":0,"side_input_scale":0},"force_earliest_schedule":false,"operation_queue_id":"0","wait_on_operation_queues":[]} is taking a while...
2025-11-13 04:45:59.852919: E external/local_xla/xla/service/slow_operation_alarm.cc:65] Trying algorithm eng0{} for conv (f16[64,401,401,96]{3,2,1,0}, u8[0]{0}) custom-call(f16[64,403,403,96]{3,2,1,0}, f16[96,3,3,1]{3,2,1,0}), window={size=3x3}, dim_labels=b01f_o01i->b01f, feature_group_count=96, custom_call_target="__cudnn$convForward", backend_config={"cudnn_conv_backend_config":{"activation_mode":"kNone","conv_result_scale":1,"leakyrelu_alpha":0,"side_input_scale":0},"force_earliest_schedule":false,"operation_queue_id":"0","wait_on_operation_queues":[]} is taking a while...
2025-11-13 04:46:00.357792: E external/local_xla/xla/service/slow_operation_alarm.cc:133] The operation took 1.504957092s
Trying algorithm eng0{} for conv (f16[64,401,401,96]{3,2,1,0}, u8[0]{0}) custom-call(f16[64,403,403,96]{3,2,1,0}, f16[96,3,3,1]{3,2,1,0}), window={size=3x3}, dim_labels=b01f_o01i->b01f, feature_group_count=96, custom_call_target="__cudnn$convForward", backend_config={"cudnn_conv_backend_config":{"activation_mode":"kNone","conv_result_scale":1,"leakyrelu_alpha":0,"side_input_scale":0},"force_earliest_schedule":false,"operation_queue_id":"0","wait_on_operation_queues":[]} is taking a while...
E0000 00:00:1763009165.971519 1529971 buffer_comparator.cc:157] Difference at 0: 25936, expected 23024
E0000 00:00:1763009165.971586 1529971 buffer_comparator.cc:157] Difference at 1: 25776, expected 22896
E0000 00:00:1763009165.971597 1529971 buffer_comparator.cc:157] Difference at 2: 25712, expected 22816
E0000 00:00:1763009165.971603 1529971 buffer_comparator.cc:157] Difference at 3: 25792, expected 22880
E0000 00:00:1763009165.971610 1529971 buffer_comparator.cc:157] Difference at 4: 25824, expected 22944
E0000 00:00:1763009165.971616 1529971 buffer_comparator.cc:157] Difference at 5: 25632, expected 22736
E0000 00:00:1763009165.971622 1529971 buffer_comparator.cc:157] Difference at 6: 25792, expected 22912
E0000 00:00:1763009165.971628 1529971 buffer_comparator.cc:157] Difference at 7: 25696, expected 22784
E0000 00:00:1763009165.971634 1529971 buffer_comparator.cc:157] Difference at 8: 25728, expected 22848
E0000 00:00:1763009165.971640 1529971 buffer_comparator.cc:157] Difference at 9: 25824, expected 22928
2025-11-13 04:46:05.971654: E external/local_xla/xla/service/gpu/autotuning/conv_algorithm_picker.cc:771] Results mismatch between different convolution algorithms. This is likely a bug/unexpected loss of precision in cudnn.
(f16[16,1,1,16]{3,2,1,0}, u8[0]{0}) custom-call(f16[64,400,400,16]{3,2,1,0}, f16[64,400,400,16]{3,2,1,0}), window={size=1x1}, dim_labels=b01f_o01i->b01f, custom_call_target="__cudnn$convBackwardFilter", backend_config={"cudnn_conv_backend_config":{"activation_mode":"kNone","conv_result_scale":1,"leakyrelu_alpha":0,"side_input_scale":0},"force_earliest_schedule":false,"operation_queue_id":"0","wait_on_operation_queues":[]} for eng62{k25=2} vs eng9{k2=8,k13=1,k14=4,k18=1,k23=0}
2025-11-13 04:46:05.971680: E external/local_xla/xla/service/gpu/autotuning/conv_algorithm_picker.cc:325] Device: NVIDIA A30 MIG 2g.12gb
2025-11-13 04:46:05.971688: E external/local_xla/xla/service/gpu/autotuning/conv_algorithm_picker.cc:326] Platform: Compute Capability 8.0
2025-11-13 04:46:05.971697: E external/local_xla/xla/service/gpu/autotuning/conv_algorithm_picker.cc:327] Driver: 12.9.0
2025-11-13 04:46:05.971705: E external/local_xla/xla/service/gpu/autotuning/conv_algorithm_picker.cc:328] Runtime: 12.2.0
2025-11-13 04:46:05.971714: E external/local_xla/xla/service/gpu/autotuning/conv_algorithm_picker.cc:333] cudnn version: 9.13.1
E0000 00:00:1763009167.656285 1529971 buffer_comparator.cc:157] Difference at 0: 25968, expected 23072
E0000 00:00:1763009167.656334 1529971 buffer_comparator.cc:157] Difference at 1: 25904, expected 23008
E0000 00:00:1763009167.656343 1529971 buffer_comparator.cc:157] Difference at 2: 25760, expected 22880
E0000 00:00:1763009167.656350 1529971 buffer_comparator.cc:157] Difference at 3: 25856, expected 22960
E0000 00:00:1763009167.656356 1529971 buffer_comparator.cc:157] Difference at 4: 25904, expected 23040
E0000 00:00:1763009167.656377 1529971 buffer_comparator.cc:157] Difference at 5: 25952, expected 23056
E0000 00:00:1763009167.656384 1529971 buffer_comparator.cc:157] Difference at 6: 25712, expected 22848
E0000 00:00:1763009167.656391 1529971 buffer_comparator.cc:157] Difference at 7: 25760, expected 22896
E0000 00:00:1763009167.656397 1529971 buffer_comparator.cc:157] Difference at 8: 25808, expected 22928
E0000 00:00:1763009167.656403 1529971 buffer_comparator.cc:157] Difference at 9: 25888, expected 22976
2025-11-13 04:46:07.656417: E external/local_xla/xla/service/gpu/autotuning/conv_algorithm_picker.cc:771] Results mismatch between different convolution algorithms. This is likely a bug/unexpected loss of precision in cudnn.
(f16[96,1,1,16]{3,2,1,0}, u8[0]{0}) custom-call(f16[64,400,400,16]{3,2,1,0}, f16[64,400,400,96]{3,2,1,0}), window={size=1x1}, dim_labels=b01f_o01i->b01f, custom_call_target="__cudnn$convBackwardFilter", backend_config={"cudnn_conv_backend_config":{"activation_mode":"kNone","conv_result_scale":1,"leakyrelu_alpha":0,"side_input_scale":0},"force_earliest_schedule":false,"operation_queue_id":"0","wait_on_operation_queues":[]} for eng62{k25=1} vs eng9{k2=8,k13=1,k14=4,k18=1,k23=0}
2025-11-13 04:46:07.656441: E external/local_xla/xla/service/gpu/autotuning/conv_algorithm_picker.cc:325] Device: NVIDIA A30 MIG 2g.12gb
2025-11-13 04:46:07.656449: E external/local_xla/xla/service/gpu/autotuning/conv_algorithm_picker.cc:326] Platform: Compute Capability 8.0
2025-11-13 04:46:07.656458: E external/local_xla/xla/service/gpu/autotuning/conv_algorithm_picker.cc:327] Driver: 12.9.0
2025-11-13 04:46:07.656465: E external/local_xla/xla/service/gpu/autotuning/conv_algorithm_picker.cc:328] Runtime: 12.2.0
2025-11-13 04:46:07.656474: E external/local_xla/xla/service/gpu/autotuning/conv_algorithm_picker.cc:333] cudnn version: 9.13.1
E0000 00:00:1763009168.019161 1529971 buffer_comparator.cc:157] Difference at 0: 25968, expected 23072
E0000 00:00:1763009168.019200 1529971 buffer_comparator.cc:157] Difference at 1: 25904, expected 23008
E0000 00:00:1763009168.019208 1529971 buffer_comparator.cc:157] Difference at 2: 25760, expected 22880
E0000 00:00:1763009168.019215 1529971 buffer_comparator.cc:157] Difference at 3: 25856, expected 22960
E0000 00:00:1763009168.019221 1529971 buffer_comparator.cc:157] Difference at 4: 25904, expected 23040
E0000 00:00:1763009168.019227 1529971 buffer_comparator.cc:157] Difference at 5: 25952, expected 23056
E0000 00:00:1763009168.019234 1529971 buffer_comparator.cc:157] Difference at 6: 25712, expected 22848
E0000 00:00:1763009168.019240 1529971 buffer_comparator.cc:157] Difference at 7: 25760, expected 22896
E0000 00:00:1763009168.019246 1529971 buffer_comparator.cc:157] Difference at 8: 25808, expected 22928
E0000 00:00:1763009168.019253 1529971 buffer_comparator.cc:157] Difference at 9: 25888, expected 22976
2025-11-13 04:46:08.019264: E external/local_xla/xla/service/gpu/autotuning/conv_algorithm_picker.cc:771] Results mismatch between different convolution algorithms. This is likely a bug/unexpected loss of precision in cudnn.
(f16[96,1,1,16]{3,2,1,0}, u8[0]{0}) custom-call(f16[64,400,400,16]{3,2,1,0}, f16[64,400,400,96]{3,2,1,0}), window={size=1x1}, dim_labels=b01f_o01i->b01f, custom_call_target="__cudnn$convBackwardFilter", backend_config={"cudnn_conv_backend_config":{"activation_mode":"kNone","conv_result_scale":1,"leakyrelu_alpha":0,"side_input_scale":0},"force_earliest_schedule":false,"operation_queue_id":"0","wait_on_operation_queues":[]} for eng62{k25=1} vs eng9{k2=1,k13=0,k14=4,k18=1,k23=0}
2025-11-13 04:46:08.019280: E external/local_xla/xla/service/gpu/autotuning/conv_algorithm_picker.cc:325] Device: NVIDIA A30 MIG 2g.12gb
2025-11-13 04:46:08.019288: E external/local_xla/xla/service/gpu/autotuning/conv_algorithm_picker.cc:326] Platform: Compute Capability 8.0
2025-11-13 04:46:08.019296: E external/local_xla/xla/service/gpu/autotuning/conv_algorithm_picker.cc:327] Driver: 12.9.0
2025-11-13 04:46:08.019313: E external/local_xla/xla/service/gpu/autotuning/conv_algorithm_picker.cc:328] Runtime: 12.2.0
2025-11-13 04:46:08.019323: E external/local_xla/xla/service/gpu/autotuning/conv_algorithm_picker.cc:333] cudnn version: 9.13.1
E0000 00:00:1763009168.351778 1529971 buffer_comparator.cc:157] Difference at 0: 25968, expected 23072
E0000 00:00:1763009168.351813 1529971 buffer_comparator.cc:157] Difference at 1: 25904, expected 23008
E0000 00:00:1763009168.351821 1529971 buffer_comparator.cc:157] Difference at 2: 25760, expected 22880
E0000 00:00:1763009168.351827 1529971 buffer_comparator.cc:157] Difference at 3: 25856, expected 22960
E0000 00:00:1763009168.351833 1529971 buffer_comparator.cc:157] Difference at 4: 25904, expected 23040
E0000 00:00:1763009168.351840 1529971 buffer_comparator.cc:157] Difference at 5: 25952, expected 23056
E0000 00:00:1763009168.351846 1529971 buffer_comparator.cc:157] Difference at 6: 25712, expected 22848
E0000 00:00:1763009168.351852 1529971 buffer_comparator.cc:157] Difference at 7: 25760, expected 22896
E0000 00:00:1763009168.351858 1529971 buffer_comparator.cc:157] Difference at 8: 25808, expected 22928
E0000 00:00:1763009168.351864 1529971 buffer_comparator.cc:157] Difference at 9: 25888, expected 22976
2025-11-13 04:46:08.351876: E external/local_xla/xla/service/gpu/autotuning/conv_algorithm_picker.cc:771] Results mismatch between different convolution algorithms. This is likely a bug/unexpected loss of precision in cudnn.
(f16[96,1,1,16]{3,2,1,0}, u8[0]{0}) custom-call(f16[64,400,400,16]{3,2,1,0}, f16[64,400,400,96]{3,2,1,0}), window={size=1x1}, dim_labels=b01f_o01i->b01f, custom_call_target="__cudnn$convBackwardFilter", backend_config={"cudnn_conv_backend_config":{"activation_mode":"kNone","conv_result_scale":1,"leakyrelu_alpha":0,"side_input_scale":0},"force_earliest_schedule":false,"operation_queue_id":"0","wait_on_operation_queues":[]} for eng62{k25=1} vs eng45{k2=1,k5=4,k14=2}
2025-11-13 04:46:08.351892: E external/local_xla/xla/service/gpu/autotuning/conv_algorithm_picker.cc:325] Device: NVIDIA A30 MIG 2g.12gb
2025-11-13 04:46:08.351900: E external/local_xla/xla/service/gpu/autotuning/conv_algorithm_picker.cc:326] Platform: Compute Capability 8.0
2025-11-13 04:46:08.351908: E external/local_xla/xla/service/gpu/autotuning/conv_algorithm_picker.cc:327] Driver: 12.9.0
2025-11-13 04:46:08.351915: E external/local_xla/xla/service/gpu/autotuning/conv_algorithm_picker.cc:328] Runtime: 12.2.0
2025-11-13 04:46:08.351924: E external/local_xla/xla/service/gpu/autotuning/conv_algorithm_picker.cc:333] cudnn version: 9.13.1
2025-11-13 04:46:12.470732: E external/local_xla/xla/service/slow_operation_alarm.cc:65] Trying algorithm eng0{} for conv (f16[96,3,3,1]{3,2,1,0}, u8[0]{0}) custom-call(f16[64,401,401,96]{3,2,1,0}, f16[64,200,200,96]{3,2,1,0}), window={size=3x3 stride=2x2}, dim_labels=b01f_o01i->b01f, feature_group_count=96, custom_call_target="__cudnn$convBackwardFilter", backend_config={"cudnn_conv_backend_config":{"activation_mode":"kNone","conv_result_scale":1,"leakyrelu_alpha":0,"side_input_scale":0},"force_earliest_schedule":false,"operation_queue_id":"0","wait_on_operation_queues":[]} is taking a while...
2025-11-13 04:46:12.824882: E external/local_xla/xla/service/slow_operation_alarm.cc:133] The operation took 1.354231522s
Trying algorithm eng0{} for conv (f16[96,3,3,1]{3,2,1,0}, u8[0]{0}) custom-call(f16[64,401,401,96]{3,2,1,0}, f16[64,200,200,96]{3,2,1,0}), window={size=3x3 stride=2x2}, dim_labels=b01f_o01i->b01f, feature_group_count=96, custom_call_target="__cudnn$convBackwardFilter", backend_config={"cudnn_conv_backend_config":{"activation_mode":"kNone","conv_result_scale":1,"leakyrelu_alpha":0,"side_input_scale":0},"force_earliest_schedule":false,"operation_queue_id":"0","wait_on_operation_queues":[]} is taking a while...
2025-11-13 04:46:13.825019: E external/local_xla/xla/service/slow_operation_alarm.cc:65] Trying algorithm eng49{k0=3,k2=0,k5=4,k14=3} for conv (f16[96,3,3,1]{3,2,1,0}, u8[0]{0}) custom-call(f16[64,401,401,96]{3,2,1,0}, f16[64,200,200,96]{3,2,1,0}), window={size=3x3 stride=2x2}, dim_labels=b01f_o01i->b01f, feature_group_count=96, custom_call_target="__cudnn$convBackwardFilter", backend_config={"cudnn_conv_backend_config":{"activation_mode":"kNone","conv_result_scale":1,"leakyrelu_alpha":0,"side_input_scale":0},"force_earliest_schedule":false,"operation_queue_id":"0","wait_on_operation_queues":[]} is taking a while...
2025-11-13 04:46:14.465656: E external/local_xla/xla/service/slow_operation_alarm.cc:133] The operation took 1.640712784s
Trying algorithm eng49{k0=3,k2=0,k5=4,k14=3} for conv (f16[96,3,3,1]{3,2,1,0}, u8[0]{0}) custom-call(f16[64,401,401,96]{3,2,1,0}, f16[64,200,200,96]{3,2,1,0}), window={size=3x3 stride=2x2}, dim_labels=b01f_o01i->b01f, feature_group_count=96, custom_call_target="__cudnn$convBackwardFilter", backend_config={"cudnn_conv_backend_config":{"activation_mode":"kNone","conv_result_scale":1,"leakyrelu_alpha":0,"side_input_scale":0},"force_earliest_schedule":false,"operation_queue_id":"0","wait_on_operation_queues":[]} is taking a while...
2025-11-13 04:46:15.465787: E external/local_xla/xla/service/slow_operation_alarm.cc:65] Trying algorithm eng47{k0=6,k2=0,k5=3,k14=3} for conv (f16[96,3,3,1]{3,2,1,0}, u8[0]{0}) custom-call(f16[64,401,401,96]{3,2,1,0}, f16[64,200,200,96]{3,2,1,0}), window={size=3x3 stride=2x2}, dim_labels=b01f_o01i->b01f, feature_group_count=96, custom_call_target="__cudnn$convBackwardFilter", backend_config={"cudnn_conv_backend_config":{"activation_mode":"kNone","conv_result_scale":1,"leakyrelu_alpha":0,"side_input_scale":0},"force_earliest_schedule":false,"operation_queue_id":"0","wait_on_operation_queues":[]} is taking a while...
2025-11-13 04:46:15.907476: E external/local_xla/xla/service/slow_operation_alarm.cc:133] The operation took 1.441753849s
Trying algorithm eng47{k0=6,k2=0,k5=3,k14=3} for conv (f16[96,3,3,1]{3,2,1,0}, u8[0]{0}) custom-call(f16[64,401,401,96]{3,2,1,0}, f16[64,200,200,96]{3,2,1,0}), window={size=3x3 stride=2x2}, dim_labels=b01f_o01i->b01f, feature_group_count=96, custom_call_target="__cudnn$convBackwardFilter", backend_config={"cudnn_conv_backend_config":{"activation_mode":"kNone","conv_result_scale":1,"leakyrelu_alpha":0,"side_input_scale":0},"force_earliest_schedule":false,"operation_queue_id":"0","wait_on_operation_queues":[]} is taking a while...
2025-11-13 04:46:16.907629: E external/local_xla/xla/service/slow_operation_alarm.cc:65] Trying algorithm eng49{k0=4,k2=5,k5=4,k14=4} for conv (f16[96,3,3,1]{3,2,1,0}, u8[0]{0}) custom-call(f16[64,401,401,96]{3,2,1,0}, f16[64,200,200,96]{3,2,1,0}), window={size=3x3 stride=2x2}, dim_labels=b01f_o01i->b01f, feature_group_count=96, custom_call_target="__cudnn$convBackwardFilter", backend_config={"cudnn_conv_backend_config":{"activation_mode":"kNone","conv_result_scale":1,"leakyrelu_alpha":0,"side_input_scale":0},"force_earliest_schedule":false,"operation_queue_id":"0","wait_on_operation_queues":[]} is taking a while...
2025-11-13 04:46:17.618746: E external/local_xla/xla/service/slow_operation_alarm.cc:133] The operation took 1.711194782s
Trying algorithm eng49{k0=4,k2=5,k5=4,k14=4} for conv (f16[96,3,3,1]{3,2,1,0}, u8[0]{0}) custom-call(f16[64,401,401,96]{3,2,1,0}, f16[64,200,200,96]{3,2,1,0}), window={size=3x3 stride=2x2}, dim_labels=b01f_o01i->b01f, feature_group_count=96, custom_call_target="__cudnn$convBackwardFilter", backend_config={"cudnn_conv_backend_config":{"activation_mode":"kNone","conv_result_scale":1,"leakyrelu_alpha":0,"side_input_scale":0},"force_earliest_schedule":false,"operation_queue_id":"0","wait_on_operation_queues":[]} is taking a while...
2025-11-13 04:46:18.618875: E external/local_xla/xla/service/slow_operation_alarm.cc:65] Trying algorithm eng33{k0=5,k2=3,k5=3,k14=2} for conv (f16[96,3,3,1]{3,2,1,0}, u8[0]{0}) custom-call(f16[64,401,401,96]{3,2,1,0}, f16[64,200,200,96]{3,2,1,0}), window={size=3x3 stride=2x2}, dim_labels=b01f_o01i->b01f, feature_group_count=96, custom_call_target="__cudnn$convBackwardFilter", backend_config={"cudnn_conv_backend_config":{"activation_mode":"kNone","conv_result_scale":1,"leakyrelu_alpha":0,"side_input_scale":0},"force_earliest_schedule":false,"operation_queue_id":"0","wait_on_operation_queues":[]} is taking a while...
2025-11-13 04:46:19.215907: E external/local_xla/xla/service/slow_operation_alarm.cc:133] The operation took 1.597109584s
Trying algorithm eng33{k0=5,k2=3,k5=3,k14=2} for conv (f16[96,3,3,1]{3,2,1,0}, u8[0]{0}) custom-call(f16[64,401,401,96]{3,2,1,0}, f16[64,200,200,96]{3,2,1,0}), window={size=3x3 stride=2x2}, dim_labels=b01f_o01i->b01f, feature_group_count=96, custom_call_target="__cudnn$convBackwardFilter", backend_config={"cudnn_conv_backend_config":{"activation_mode":"kNone","conv_result_scale":1,"leakyrelu_alpha":0,"side_input_scale":0},"force_earliest_schedule":false,"operation_queue_id":"0","wait_on_operation_queues":[]} is taking a while...
2025-11-13 04:46:20.216039: E external/local_xla/xla/service/slow_operation_alarm.cc:65] Trying algorithm eng49{k0=3,k2=7,k5=3,k14=5} for conv (f16[96,3,3,1]{3,2,1,0}, u8[0]{0}) custom-call(f16[64,401,401,96]{3,2,1,0}, f16[64,200,200,96]{3,2,1,0}), window={size=3x3 stride=2x2}, dim_labels=b01f_o01i->b01f, feature_group_count=96, custom_call_target="__cudnn$convBackwardFilter", backend_config={"cudnn_conv_backend_config":{"activation_mode":"kNone","conv_result_scale":1,"leakyrelu_alpha":0,"side_input_scale":0},"force_earliest_schedule":false,"operation_queue_id":"0","wait_on_operation_queues":[]} is taking a while...
2025-11-13 04:46:21.512693: E external/local_xla/xla/service/slow_operation_alarm.cc:133] The operation took 2.296732078s
Trying algorithm eng49{k0=3,k2=7,k5=3,k14=5} for conv (f16[96,3,3,1]{3,2,1,0}, u8[0]{0}) custom-call(f16[64,401,401,96]{3,2,1,0}, f16[64,200,200,96]{3,2,1,0}), window={size=3x3 stride=2x2}, dim_labels=b01f_o01i->b01f, feature_group_count=96, custom_call_target="__cudnn$convBackwardFilter", backend_config={"cudnn_conv_backend_config":{"activation_mode":"kNone","conv_result_scale":1,"leakyrelu_alpha":0,"side_input_scale":0},"force_earliest_schedule":false,"operation_queue_id":"0","wait_on_operation_queues":[]} is taking a while...
2025-11-13 04:46:22.512825: E external/local_xla/xla/service/slow_operation_alarm.cc:65] Trying algorithm eng49{k0=3,k2=0,k5=3,k14=3} for conv (f16[96,3,3,1]{3,2,1,0}, u8[0]{0}) custom-call(f16[64,401,401,96]{3,2,1,0}, f16[64,200,200,96]{3,2,1,0}), window={size=3x3 stride=2x2}, dim_labels=b01f_o01i->b01f, feature_group_count=96, custom_call_target="__cudnn$convBackwardFilter", backend_config={"cudnn_conv_backend_config":{"activation_mode":"kNone","conv_result_scale":1,"leakyrelu_alpha":0,"side_input_scale":0},"force_earliest_schedule":false,"operation_queue_id":"0","wait_on_operation_queues":[]} is taking a while...
2025-11-13 04:46:23.657356: E external/local_xla/xla/service/slow_operation_alarm.cc:133] The operation took 2.14460763s
Trying algorithm eng49{k0=3,k2=0,k5=3,k14=3} for conv (f16[96,3,3,1]{3,2,1,0}, u8[0]{0}) custom-call(f16[64,401,401,96]{3,2,1,0}, f16[64,200,200,96]{3,2,1,0}), window={size=3x3 stride=2x2}, dim_labels=b01f_o01i->b01f, feature_group_count=96, custom_call_target="__cudnn$convBackwardFilter", backend_config={"cudnn_conv_backend_config":{"activation_mode":"kNone","conv_result_scale":1,"leakyrelu_alpha":0,"side_input_scale":0},"force_earliest_schedule":false,"operation_queue_id":"0","wait_on_operation_queues":[]} is taking a while...
2025-11-13 04:46:24.657485: E external/local_xla/xla/service/slow_operation_alarm.cc:65] Trying algorithm eng49{k0=6,k2=9,k5=3,k14=3} for conv (f16[96,3,3,1]{3,2,1,0}, u8[0]{0}) custom-call(f16[64,401,401,96]{3,2,1,0}, f16[64,200,200,96]{3,2,1,0}), window={size=3x3 stride=2x2}, dim_labels=b01f_o01i->b01f, feature_group_count=96, custom_call_target="__cudnn$convBackwardFilter", backend_config={"cudnn_conv_backend_config":{"activation_mode":"kNone","conv_result_scale":1,"leakyrelu_alpha":0,"side_input_scale":0},"force_earliest_schedule":false,"operation_queue_id":"0","wait_on_operation_queues":[]} is taking a while...
2025-11-13 04:46:25.281082: E external/local_xla/xla/service/slow_operation_alarm.cc:133] The operation took 1.623675215s
Trying algorithm eng49{k0=6,k2=9,k5=3,k14=3} for conv (f16[96,3,3,1]{3,2,1,0}, u8[0]{0}) custom-call(f16[64,401,401,96]{3,2,1,0}, f16[64,200,200,96]{3,2,1,0}), window={size=3x3 stride=2x2}, dim_labels=b01f_o01i->b01f, feature_group_count=96, custom_call_target="__cudnn$convBackwardFilter", backend_config={"cudnn_conv_backend_config":{"activation_mode":"kNone","conv_result_scale":1,"leakyrelu_alpha":0,"side_input_scale":0},"force_earliest_schedule":false,"operation_queue_id":"0","wait_on_operation_queues":[]} is taking a while...
2025-11-13 04:46:32.261931: E external/local_xla/xla/service/slow_operation_alarm.cc:65] Trying algorithm eng0{} for conv (f16[144,3,3,1]{3,2,1,0}, u8[0]{0}) custom-call(f16[64,200,200,144]{3,2,1,0}, f16[64,200,200,144]{3,2,1,0}), window={size=3x3 pad=1_1x1_1}, dim_labels=b01f_o01i->b01f, feature_group_count=144, custom_call_target="__cudnn$convBackwardFilter", backend_config={"cudnn_conv_backend_config":{"activation_mode":"kNone","conv_result_scale":1,"leakyrelu_alpha":0,"side_input_scale":0},"force_earliest_schedule":false,"operation_queue_id":"0","wait_on_operation_queues":[]} is taking a while...
2025-11-13 04:46:33.609026: E external/local_xla/xla/service/slow_operation_alarm.cc:133] The operation took 2.347174865s
Trying algorithm eng0{} for conv (f16[144,3,3,1]{3,2,1,0}, u8[0]{0}) custom-call(f16[64,200,200,144]{3,2,1,0}, f16[64,200,200,144]{3,2,1,0}), window={size=3x3 pad=1_1x1_1}, dim_labels=b01f_o01i->b01f, feature_group_count=144, custom_call_target="__cudnn$convBackwardFilter", backend_config={"cudnn_conv_backend_config":{"activation_mode":"kNone","conv_result_scale":1,"leakyrelu_alpha":0,"side_input_scale":0},"force_earliest_schedule":false,"operation_queue_id":"0","wait_on_operation_queues":[]} is taking a while...
2025-11-13 04:46:34.609189: E external/local_xla/xla/service/slow_operation_alarm.cc:65] Trying algorithm eng49{k0=3,k2=5,k5=4,k14=4} for conv (f16[144,3,3,1]{3,2,1,0}, u8[0]{0}) custom-call(f16[64,200,200,144]{3,2,1,0}, f16[64,200,200,144]{3,2,1,0}), window={size=3x3 pad=1_1x1_1}, dim_labels=b01f_o01i->b01f, feature_group_count=144, custom_call_target="__cudnn$convBackwardFilter", backend_config={"cudnn_conv_backend_config":{"activation_mode":"kNone","conv_result_scale":1,"leakyrelu_alpha":0,"side_input_scale":0},"force_earliest_schedule":false,"operation_queue_id":"0","wait_on_operation_queues":[]} is taking a while...
2025-11-13 04:46:34.894067: E external/local_xla/xla/service/slow_operation_alarm.cc:133] The operation took 1.284954215s
Trying algorithm eng49{k0=3,k2=5,k5=4,k14=4} for conv (f16[144,3,3,1]{3,2,1,0}, u8[0]{0}) custom-call(f16[64,200,200,144]{3,2,1,0}, f16[64,200,200,144]{3,2,1,0}), window={size=3x3 pad=1_1x1_1}, dim_labels=b01f_o01i->b01f, feature_group_count=144, custom_call_target="__cudnn$convBackwardFilter", backend_config={"cudnn_conv_backend_config":{"activation_mode":"kNone","conv_result_scale":1,"leakyrelu_alpha":0,"side_input_scale":0},"force_earliest_schedule":false,"operation_queue_id":"0","wait_on_operation_queues":[]} is taking a while...
2025-11-13 04:46:35.894225: E external/local_xla/xla/service/slow_operation_alarm.cc:65] Trying algorithm eng49{k0=3,k2=0,k5=4,k14=3} for conv (f16[144,3,3,1]{3,2,1,0}, u8[0]{0}) custom-call(f16[64,200,200,144]{3,2,1,0}, f16[64,200,200,144]{3,2,1,0}), window={size=3x3 pad=1_1x1_1}, dim_labels=b01f_o01i->b01f, feature_group_count=144, custom_call_target="__cudnn$convBackwardFilter", backend_config={"cudnn_conv_backend_config":{"activation_mode":"kNone","conv_result_scale":1,"leakyrelu_alpha":0,"side_input_scale":0},"force_earliest_schedule":false,"operation_queue_id":"0","wait_on_operation_queues":[]} is taking a while...
2025-11-13 04:46:36.520147: E external/local_xla/xla/service/slow_operation_alarm.cc:133] The operation took 1.626024417s
Trying algorithm eng49{k0=3,k2=0,k5=4,k14=3} for conv (f16[144,3,3,1]{3,2,1,0}, u8[0]{0}) custom-call(f16[64,200,200,144]{3,2,1,0}, f16[64,200,200,144]{3,2,1,0}), window={size=3x3 pad=1_1x1_1}, dim_labels=b01f_o01i->b01f, feature_group_count=144, custom_call_target="__cudnn$convBackwardFilter", backend_config={"cudnn_conv_backend_config":{"activation_mode":"kNone","conv_result_scale":1,"leakyrelu_alpha":0,"side_input_scale":0},"force_earliest_schedule":false,"operation_queue_id":"0","wait_on_operation_queues":[]} is taking a while...
2025-11-13 04:46:37.520292: E external/local_xla/xla/service/slow_operation_alarm.cc:65] Trying algorithm eng49{k0=3,k2=7,k5=3,k14=5} for conv (f16[144,3,3,1]{3,2,1,0}, u8[0]{0}) custom-call(f16[64,200,200,144]{3,2,1,0}, f16[64,200,200,144]{3,2,1,0}), window={size=3x3 pad=1_1x1_1}, dim_labels=b01f_o01i->b01f, feature_group_count=144, custom_call_target="__cudnn$convBackwardFilter", backend_config={"cudnn_conv_backend_config":{"activation_mode":"kNone","conv_result_scale":1,"leakyrelu_alpha":0,"side_input_scale":0},"force_earliest_schedule":false,"operation_queue_id":"0","wait_on_operation_queues":[]} is taking a while...
2025-11-13 04:46:37.966166: E external/local_xla/xla/service/slow_operation_alarm.cc:133] The operation took 1.445954455s
Trying algorithm eng49{k0=3,k2=7,k5=3,k14=5} for conv (f16[144,3,3,1]{3,2,1,0}, u8[0]{0}) custom-call(f16[64,200,200,144]{3,2,1,0}, f16[64,200,200,144]{3,2,1,0}), window={size=3x3 pad=1_1x1_1}, dim_labels=b01f_o01i->b01f, feature_group_count=144, custom_call_target="__cudnn$convBackwardFilter", backend_config={"cudnn_conv_backend_config":{"activation_mode":"kNone","conv_result_scale":1,"leakyrelu_alpha":0,"side_input_scale":0},"force_earliest_schedule":false,"operation_queue_id":"0","wait_on_operation_queues":[]} is taking a while...
2025-11-13 04:46:38.966294: E external/local_xla/xla/service/slow_operation_alarm.cc:65] Trying algorithm eng47{k0=3,k2=0,k5=3,k14=3} for conv (f16[144,3,3,1]{3,2,1,0}, u8[0]{0}) custom-call(f16[64,200,200,144]{3,2,1,0}, f16[64,200,200,144]{3,2,1,0}), window={size=3x3 pad=1_1x1_1}, dim_labels=b01f_o01i->b01f, feature_group_count=144, custom_call_target="__cudnn$convBackwardFilter", backend_config={"cudnn_conv_backend_config":{"activation_mode":"kNone","conv_result_scale":1,"leakyrelu_alpha":0,"side_input_scale":0},"force_earliest_schedule":false,"operation_queue_id":"0","wait_on_operation_queues":[]} is taking a while...
2025-11-13 04:46:39.380602: E external/local_xla/xla/service/slow_operation_alarm.cc:133] The operation took 1.414386658s
Trying algorithm eng47{k0=3,k2=0,k5=3,k14=3} for conv (f16[144,3,3,1]{3,2,1,0}, u8[0]{0}) custom-call(f16[64,200,200,144]{3,2,1,0}, f16[64,200,200,144]{3,2,1,0}), window={size=3x3 pad=1_1x1_1}, dim_labels=b01f_o01i->b01f, feature_group_count=144, custom_call_target="__cudnn$convBackwardFilter", backend_config={"cudnn_conv_backend_config":{"activation_mode":"kNone","conv_result_scale":1,"leakyrelu_alpha":0,"side_input_scale":0},"force_earliest_schedule":false,"operation_queue_id":"0","wait_on_operation_queues":[]} is taking a while...
2025-11-13 04:46:40.380726: E external/local_xla/xla/service/slow_operation_alarm.cc:65] Trying algorithm eng49{k0=3,k2=0,k5=3,k14=3} for conv (f16[144,3,3,1]{3,2,1,0}, u8[0]{0}) custom-call(f16[64,200,200,144]{3,2,1,0}, f16[64,200,200,144]{3,2,1,0}), window={size=3x3 pad=1_1x1_1}, dim_labels=b01f_o01i->b01f, feature_group_count=144, custom_call_target="__cudnn$convBackwardFilter", backend_config={"cudnn_conv_backend_config":{"activation_mode":"kNone","conv_result_scale":1,"leakyrelu_alpha":0,"side_input_scale":0},"force_earliest_schedule":false,"operation_queue_id":"0","wait_on_operation_queues":[]} is taking a while...
2025-11-13 04:46:40.844585: E external/local_xla/xla/service/slow_operation_alarm.cc:133] The operation took 1.463935207s
Trying algorithm eng49{k0=3,k2=0,k5=3,k14=3} for conv (f16[144,3,3,1]{3,2,1,0}, u8[0]{0}) custom-call(f16[64,200,200,144]{3,2,1,0}, f16[64,200,200,144]{3,2,1,0}), window={size=3x3 pad=1_1x1_1}, dim_labels=b01f_o01i->b01f, feature_group_count=144, custom_call_target="__cudnn$convBackwardFilter", backend_config={"cudnn_conv_backend_config":{"activation_mode":"kNone","conv_result_scale":1,"leakyrelu_alpha":0,"side_input_scale":0},"force_earliest_schedule":false,"operation_queue_id":"0","wait_on_operation_queues":[]} is taking a while...
2025-11-13 04:46:41.844715: E external/local_xla/xla/service/slow_operation_alarm.cc:65] Trying algorithm eng33{k0=5,k2=3,k5=3,k14=2} for conv (f16[144,3,3,1]{3,2,1,0}, u8[0]{0}) custom-call(f16[64,200,200,144]{3,2,1,0}, f16[64,200,200,144]{3,2,1,0}), window={size=3x3 pad=1_1x1_1}, dim_labels=b01f_o01i->b01f, feature_group_count=144, custom_call_target="__cudnn$convBackwardFilter", backend_config={"cudnn_conv_backend_config":{"activation_mode":"kNone","conv_result_scale":1,"leakyrelu_alpha":0,"side_input_scale":0},"force_earliest_schedule":false,"operation_queue_id":"0","wait_on_operation_queues":[]} is taking a while...
2025-11-13 04:46:42.285996: E external/local_xla/xla/service/slow_operation_alarm.cc:133] The operation took 1.441349824s
Trying algorithm eng33{k0=5,k2=3,k5=3,k14=2} for conv (f16[144,3,3,1]{3,2,1,0}, u8[0]{0}) custom-call(f16[64,200,200,144]{3,2,1,0}, f16[64,200,200,144]{3,2,1,0}), window={size=3x3 pad=1_1x1_1}, dim_labels=b01f_o01i->b01f, feature_group_count=144, custom_call_target="__cudnn$convBackwardFilter", backend_config={"cudnn_conv_backend_config":{"activation_mode":"kNone","conv_result_scale":1,"leakyrelu_alpha":0,"side_input_scale":0},"force_earliest_schedule":false,"operation_queue_id":"0","wait_on_operation_queues":[]} is taking a while...
2025-11-13 04:46:43.286116: E external/local_xla/xla/service/slow_operation_alarm.cc:65] Trying algorithm eng49{k0=3,k2=9,k5=3,k14=3} for conv (f16[144,3,3,1]{3,2,1,0}, u8[0]{0}) custom-call(f16[64,200,200,144]{3,2,1,0}, f16[64,200,200,144]{3,2,1,0}), window={size=3x3 pad=1_1x1_1}, dim_labels=b01f_o01i->b01f, feature_group_count=144, custom_call_target="__cudnn$convBackwardFilter", backend_config={"cudnn_conv_backend_config":{"activation_mode":"kNone","conv_result_scale":1,"leakyrelu_alpha":0,"side_input_scale":0},"force_earliest_schedule":false,"operation_queue_id":"0","wait_on_operation_queues":[]} is taking a while...
2025-11-13 04:46:45.264664: E external/local_xla/xla/service/slow_operation_alarm.cc:133] The operation took 2.978614432s
Trying algorithm eng49{k0=3,k2=9,k5=3,k14=3} for conv (f16[144,3,3,1]{3,2,1,0}, u8[0]{0}) custom-call(f16[64,200,200,144]{3,2,1,0}, f16[64,200,200,144]{3,2,1,0}), window={size=3x3 pad=1_1x1_1}, dim_labels=b01f_o01i->b01f, feature_group_count=144, custom_call_target="__cudnn$convBackwardFilter", backend_config={"cudnn_conv_backend_config":{"activation_mode":"kNone","conv_result_scale":1,"leakyrelu_alpha":0,"side_input_scale":0},"force_earliest_schedule":false,"operation_queue_id":"0","wait_on_operation_queues":[]} is taking a while...
2025-11-13 04:46:50.099920: E external/local_xla/xla/service/slow_operation_alarm.cc:65] Trying algorithm eng0{} for conv (f16[144,5,5,1]{3,2,1,0}, u8[0]{0}) custom-call(f16[64,201,201,144]{3,2,1,0}, f16[64,100,100,144]{3,2,1,0}), window={size=5x5 stride=2x2 pad=1_1x1_1}, dim_labels=b01f_o01i->b01f, feature_group_count=144, custom_call_target="__cudnn$convBackwardFilter", backend_config={"cudnn_conv_backend_config":{"activation_mode":"kNone","conv_result_scale":1,"leakyrelu_alpha":0,"side_input_scale":0},"force_earliest_schedule":false,"operation_queue_id":"0","wait_on_operation_queues":[]} is taking a while...
2025-11-13 04:46:50.674542: E external/local_xla/xla/service/slow_operation_alarm.cc:133] The operation took 1.574698734s
Trying algorithm eng0{} for conv (f16[144,5,5,1]{3,2,1,0}, u8[0]{0}) custom-call(f16[64,201,201,144]{3,2,1,0}, f16[64,100,100,144]{3,2,1,0}), window={size=5x5 stride=2x2 pad=1_1x1_1}, dim_labels=b01f_o01i->b01f, feature_group_count=144, custom_call_target="__cudnn$convBackwardFilter", backend_config={"cudnn_conv_backend_config":{"activation_mode":"kNone","conv_result_scale":1,"leakyrelu_alpha":0,"side_input_scale":0},"force_earliest_schedule":false,"operation_queue_id":"0","wait_on_operation_queues":[]} is taking a while...
2025-11-13 04:46:57.821571: E external/local_xla/xla/service/slow_operation_alarm.cc:65] Trying algorithm eng0{} for conv (f16[240,5,5,1]{3,2,1,0}, u8[0]{0}) custom-call(f16[64,100,100,240]{3,2,1,0}, f16[64,100,100,240]{3,2,1,0}), window={size=5x5 pad=2_2x2_2}, dim_labels=b01f_o01i->b01f, feature_group_count=240, custom_call_target="__cudnn$convBackwardFilter", backend_config={"cudnn_conv_backend_config":{"activation_mode":"kNone","conv_result_scale":1,"leakyrelu_alpha":0,"side_input_scale":0},"force_earliest_schedule":false,"operation_queue_id":"0","wait_on_operation_queues":[]} is taking a while...
2025-11-13 04:46:59.367716: E external/local_xla/xla/service/slow_operation_alarm.cc:133] The operation took 2.546212995s
Trying algorithm eng0{} for conv (f16[240,5,5,1]{3,2,1,0}, u8[0]{0}) custom-call(f16[64,100,100,240]{3,2,1,0}, f16[64,100,100,240]{3,2,1,0}), window={size=5x5 pad=2_2x2_2}, dim_labels=b01f_o01i->b01f, feature_group_count=240, custom_call_target="__cudnn$convBackwardFilter", backend_config={"cudnn_conv_backend_config":{"activation_mode":"kNone","conv_result_scale":1,"leakyrelu_alpha":0,"side_input_scale":0},"force_earliest_schedule":false,"operation_queue_id":"0","wait_on_operation_queues":[]} is taking a while...
2025-11-13 04:47:00.367871: E external/local_xla/xla/service/slow_operation_alarm.cc:65] Trying algorithm eng49{k0=1,k2=0,k5=4,k14=3} for conv (f16[240,5,5,1]{3,2,1,0}, u8[0]{0}) custom-call(f16[64,100,100,240]{3,2,1,0}, f16[64,100,100,240]{3,2,1,0}), window={size=5x5 pad=2_2x2_2}, dim_labels=b01f_o01i->b01f, feature_group_count=240, custom_call_target="__cudnn$convBackwardFilter", backend_config={"cudnn_conv_backend_config":{"activation_mode":"kNone","conv_result_scale":1,"leakyrelu_alpha":0,"side_input_scale":0},"force_earliest_schedule":false,"operation_queue_id":"0","wait_on_operation_queues":[]} is taking a while...
2025-11-13 04:47:00.437615: E external/local_xla/xla/service/slow_operation_alarm.cc:133] The operation took 1.069824934s
Trying algorithm eng49{k0=1,k2=0,k5=4,k14=3} for conv (f16[240,5,5,1]{3,2,1,0}, u8[0]{0}) custom-call(f16[64,100,100,240]{3,2,1,0}, f16[64,100,100,240]{3,2,1,0}), window={size=5x5 pad=2_2x2_2}, dim_labels=b01f_o01i->b01f, feature_group_count=240, custom_call_target="__cudnn$convBackwardFilter", backend_config={"cudnn_conv_backend_config":{"activation_mode":"kNone","conv_result_scale":1,"leakyrelu_alpha":0,"side_input_scale":0},"force_earliest_schedule":false,"operation_queue_id":"0","wait_on_operation_queues":[]} is taking a while...
2025-11-13 04:47:14.126086: E external/local_xla/xla/service/slow_operation_alarm.cc:65] Trying algorithm eng0{} for conv (f16[480,5,5,1]{3,2,1,0}, u8[0]{0}) custom-call(f16[64,50,50,480]{3,2,1,0}, f16[64,50,50,480]{3,2,1,0}), window={size=5x5 pad=2_2x2_2}, dim_labels=b01f_o01i->b01f, feature_group_count=480, custom_call_target="__cudnn$convBackwardFilter", backend_config={"cudnn_conv_backend_config":{"activation_mode":"kNone","conv_result_scale":1,"leakyrelu_alpha":0,"side_input_scale":0},"force_earliest_schedule":false,"operation_queue_id":"0","wait_on_operation_queues":[]} is taking a while...
2025-11-13 04:47:14.460197: E external/local_xla/xla/service/slow_operation_alarm.cc:133] The operation took 1.334187533s
Trying algorithm eng0{} for conv (f16[480,5,5,1]{3,2,1,0}, u8[0]{0}) custom-call(f16[64,50,50,480]{3,2,1,0}, f16[64,50,50,480]{3,2,1,0}), window={size=5x5 pad=2_2x2_2}, dim_labels=b01f_o01i->b01f, feature_group_count=480, custom_call_target="__cudnn$convBackwardFilter", backend_config={"cudnn_conv_backend_config":{"activation_mode":"kNone","conv_result_scale":1,"leakyrelu_alpha":0,"side_input_scale":0},"force_earliest_schedule":false,"operation_queue_id":"0","wait_on_operation_queues":[]} is taking a while...
2025-11-13 04:47:19.339503: E external/local_xla/xla/service/slow_operation_alarm.cc:65] Trying algorithm eng0{} for conv (f16[672,5,5,1]{3,2,1,0}, u8[0]{0}) custom-call(f16[64,50,50,672]{3,2,1,0}, f16[64,50,50,672]{3,2,1,0}), window={size=5x5 pad=2_2x2_2}, dim_labels=b01f_o01i->b01f, feature_group_count=672, custom_call_target="__cudnn$convBackwardFilter", backend_config={"cudnn_conv_backend_config":{"activation_mode":"kNone","conv_result_scale":1,"leakyrelu_alpha":0,"side_input_scale":0},"force_earliest_schedule":false,"operation_queue_id":"0","wait_on_operation_queues":[]} is taking a while...
2025-11-13 04:47:20.347691: E external/local_xla/xla/service/slow_operation_alarm.cc:133] The operation took 2.00826214s
Trying algorithm eng0{} for conv (f16[672,5,5,1]{3,2,1,0}, u8[0]{0}) custom-call(f16[64,50,50,672]{3,2,1,0}, f16[64,50,50,672]{3,2,1,0}), window={size=5x5 pad=2_2x2_2}, dim_labels=b01f_o01i->b01f, feature_group_count=672, custom_call_target="__cudnn$convBackwardFilter", backend_config={"cudnn_conv_backend_config":{"activation_mode":"kNone","conv_result_scale":1,"leakyrelu_alpha":0,"side_input_scale":0},"force_earliest_schedule":false,"operation_queue_id":"0","wait_on_operation_queues":[]} is taking a while...
2025-11-13 04:47:46.607572: W external/local_xla/xla/service/hlo_rematerialization.cc:3005] Can't reduce memory use below 8.42GiB (9045107959 bytes) by rematerialization; only reduced to 18.41GiB (19772000490 bytes), down from 24.48GiB (26284774017 bytes) originally
2025-11-13 04:48:11.245494: I external/local_xla/xla/stream_executor/cuda/cuda_asm_compiler.cc:397] ptxas warning : Registers are spilled to local memory in function 'input_reduce_fusion_82_remat3', 596 bytes spill stores, 596 bytes spill loads
ptxas warning : Registers are spilled to local memory in function 'input_reduce_fusion_85', 56 bytes spill stores, 52 bytes spill loads
ptxas warning : Registers are spilled to local memory in function 'input_reduce_fusion_88_remat', 40 bytes spill stores, 40 bytes spill loads
ptxas warning : Registers are spilled to local memory in function 'input_reduce_fusion_88', 368 bytes spill stores, 248 bytes spill loads
ptxas warning : Registers are spilled to local memory in function 'input_reduce_fusion_285', 8 bytes spill stores, 8 bytes spill loads
ptxas warning : Registers are spilled to local memory in function 'input_reduce_fusion_286_remat', 8 bytes spill stores, 8 bytes spill loads
ptxas warning : Registers are spilled to local memory in function 'input_reduce_fusion_291_remat', 8 bytes spill stores, 8 bytes spill loads
ptxas warning : Registers are spilled to local memory in function 'input_reduce_fusion_266', 392 bytes spill stores, 264 bytes spill loads

2025-11-13 04:48:21.795630: W external/local_xla/xla/tsl/framework/bfc_allocator.cc:497] Allocator (GPU_0_bfc) ran out of memory trying to allocate 18.42GiB (rounded to 19783403008)requested by op 
2025-11-13 04:48:21.797751: I external/local_xla/xla/tsl/framework/bfc_allocator.cc:1053] BFCAllocator dump for GPU_0_bfc
2025-11-13 04:48:21.797774: I external/local_xla/xla/tsl/framework/bfc_allocator.cc:1060] Bin (256): 	Total Chunks: 213, Chunks in use: 213. 53.2KiB allocated for chunks. 53.2KiB in use in bin. 15.9KiB client-requested in use in bin.
2025-11-13 04:48:21.797786: I external/local_xla/xla/tsl/framework/bfc_allocator.cc:1060] Bin (512): 	Total Chunks: 183, Chunks in use: 183. 115.8KiB allocated for chunks. 115.8KiB in use in bin. 93.6KiB client-requested in use in bin.
2025-11-13 04:48:21.797795: I external/local_xla/xla/tsl/framework/bfc_allocator.cc:1060] Bin (1024): 	Total Chunks: 86, Chunks in use: 86. 95.8KiB allocated for chunks. 95.8KiB in use in bin. 86.7KiB client-requested in use in bin.
2025-11-13 04:48:21.797805: I external/local_xla/xla/tsl/framework/bfc_allocator.cc:1060] Bin (2048): 	Total Chunks: 168, Chunks in use: 168. 426.5KiB allocated for chunks. 426.5KiB in use in bin. 395.8KiB client-requested in use in bin.
2025-11-13 04:48:21.797814: I external/local_xla/xla/tsl/framework/bfc_allocator.cc:1060] Bin (4096): 	Total Chunks: 132, Chunks in use: 132. 672.2KiB allocated for chunks. 672.2KiB in use in bin. 643.9KiB client-requested in use in bin.
2025-11-13 04:48:21.797823: I external/local_xla/xla/tsl/framework/bfc_allocator.cc:1060] Bin (8192): 	Total Chunks: 46, Chunks in use: 46. 512.8KiB allocated for chunks. 512.8KiB in use in bin. 478.4KiB client-requested in use in bin.
2025-11-13 04:48:21.797832: I external/local_xla/xla/tsl/framework/bfc_allocator.cc:1060] Bin (16384): 	Total Chunks: 15, Chunks in use: 15. 299.0KiB allocated for chunks. 299.0KiB in use in bin. 278.4KiB client-requested in use in bin.
2025-11-13 04:48:21.797847: I external/local_xla/xla/tsl/framework/bfc_allocator.cc:1060] Bin (32768): 	Total Chunks: 45, Chunks in use: 45. 1.64MiB allocated for chunks. 1.64MiB in use in bin. 1.60MiB client-requested in use in bin.
2025-11-13 04:48:21.797856: I external/local_xla/xla/tsl/framework/bfc_allocator.cc:1060] Bin (65536): 	Total Chunks: 53, Chunks in use: 53. 4.19MiB allocated for chunks. 4.19MiB in use in bin. 4.04MiB client-requested in use in bin.
2025-11-13 04:48:21.797866: I external/local_xla/xla/tsl/framework/bfc_allocator.cc:1060] Bin (131072): 	Total Chunks: 56, Chunks in use: 56. 10.28MiB allocated for chunks. 10.28MiB in use in bin. 10.04MiB client-requested in use in bin.
2025-11-13 04:48:21.797874: I external/local_xla/xla/tsl/framework/bfc_allocator.cc:1060] Bin (262144): 	Total Chunks: 25, Chunks in use: 25. 7.58MiB allocated for chunks. 7.58MiB in use in bin. 7.23MiB client-requested in use in bin.
2025-11-13 04:48:21.797884: I external/local_xla/xla/tsl/framework/bfc_allocator.cc:1060] Bin (524288): 	Total Chunks: 33, Chunks in use: 33. 26.19MiB allocated for chunks. 26.19MiB in use in bin. 26.02MiB client-requested in use in bin.
2025-11-13 04:48:21.797893: I external/local_xla/xla/tsl/framework/bfc_allocator.cc:1060] Bin (1048576): 	Total Chunks: 4, Chunks in use: 4. 5.64MiB allocated for chunks. 5.64MiB in use in bin. 4.82MiB client-requested in use in bin.
2025-11-13 04:48:21.797902: I external/local_xla/xla/tsl/framework/bfc_allocator.cc:1060] Bin (2097152): 	Total Chunks: 6, Chunks in use: 6. 14.74MiB allocated for chunks. 14.74MiB in use in bin. 12.34MiB client-requested in use in bin.
2025-11-13 04:48:21.797911: I external/local_xla/xla/tsl/framework/bfc_allocator.cc:1060] Bin (4194304): 	Total Chunks: 1, Chunks in use: 1. 4.00MiB allocated for chunks. 4.00MiB in use in bin. 2.01MiB client-requested in use in bin.
2025-11-13 04:48:21.797920: I external/local_xla/xla/tsl/framework/bfc_allocator.cc:1060] Bin (8388608): 	Total Chunks: 0, Chunks in use: 0. 0B allocated for chunks. 0B in use in bin. 0B client-requested in use in bin.
2025-11-13 04:48:21.797929: I external/local_xla/xla/tsl/framework/bfc_allocator.cc:1060] Bin (16777216): 	Total Chunks: 0, Chunks in use: 0. 0B allocated for chunks. 0B in use in bin. 0B client-requested in use in bin.
2025-11-13 04:48:21.797937: I external/local_xla/xla/tsl/framework/bfc_allocator.cc:1060] Bin (33554432): 	Total Chunks: 1, Chunks in use: 0. 49.62MiB allocated for chunks. 0B in use in bin. 0B client-requested in use in bin.
2025-11-13 04:48:21.797946: I external/local_xla/xla/tsl/framework/bfc_allocator.cc:1060] Bin (67108864): 	Total Chunks: 0, Chunks in use: 0. 0B allocated for chunks. 0B in use in bin. 0B client-requested in use in bin.
2025-11-13 04:48:21.797954: I external/local_xla/xla/tsl/framework/bfc_allocator.cc:1060] Bin (134217728): 	Total Chunks: 0, Chunks in use: 0. 0B allocated for chunks. 0B in use in bin. 0B client-requested in use in bin.
2025-11-13 04:48:21.797963: I external/local_xla/xla/tsl/framework/bfc_allocator.cc:1060] Bin (268435456): 	Total Chunks: 5, Chunks in use: 1. 9.93GiB allocated for chunks. 512.00MiB in use in bin. 468.75MiB client-requested in use in bin.
2025-11-13 04:48:21.797972: I external/local_xla/xla/tsl/framework/bfc_allocator.cc:1076] Bin for 18.42GiB was 256.00MiB, Chunk State: 
2025-11-13 04:48:21.797983: I external/local_xla/xla/tsl/framework/bfc_allocator.cc:1082]   Size: 512.00MiB | Requested Size: 113.66MiB | in_use: 0 | bin_num: 20
2025-11-13 04:48:21.797992: I external/local_xla/xla/tsl/framework/bfc_allocator.cc:1082]   Size: 1.00GiB | Requested Size: 719.44MiB | in_use: 0 | bin_num: 20
2025-11-13 04:48:21.798001: I external/local_xla/xla/tsl/framework/bfc_allocator.cc:1082]   Size: 2.00GiB | Requested Size: 1.16GiB | in_use: 0 | bin_num: 20
2025-11-13 04:48:21.798009: I external/local_xla/xla/tsl/framework/bfc_allocator.cc:1082]   Size: 5.93GiB | Requested Size: 2.30GiB | in_use: 0 | bin_num: 20
2025-11-13 04:48:21.798020: I external/local_xla/xla/tsl/framework/bfc_allocator.cc:1089] Next region of size 6365904896
2025-11-13 04:48:21.798030: I external/local_xla/xla/tsl/framework/bfc_allocator.cc:1109] Free  at 14debc000000 of size 6365904896 next 18446744073709551615
2025-11-13 04:48:21.798037: I external/local_xla/xla/tsl/framework/bfc_allocator.cc:1089] Next region of size 2147483648
2025-11-13 04:48:21.798045: I external/local_xla/xla/tsl/framework/bfc_allocator.cc:1109] Free  at 14e04c000000 of size 2147483648 next 18446744073709551615
2025-11-13 04:48:21.798052: I external/local_xla/xla/tsl/framework/bfc_allocator.cc:1089] Next region of size 1073741824
2025-11-13 04:48:21.798060: I external/local_xla/xla/tsl/framework/bfc_allocator.cc:1109] Free  at 14e0f4000000 of size 1073741824 next 18446744073709551615
2025-11-13 04:48:21.798067: I external/local_xla/xla/tsl/framework/bfc_allocator.cc:1089] Next region of size 536870912
2025-11-13 04:48:21.798075: I external/local_xla/xla/tsl/framework/bfc_allocator.cc:1109] Free  at 14e134000000 of size 536870912 next 18446744073709551615
2025-11-13 04:48:21.798082: I external/local_xla/xla/tsl/framework/bfc_allocator.cc:1089] Next region of size 536870912
2025-11-13 04:48:21.798091: I external/local_xla/xla/tsl/framework/bfc_allocator.cc:1109] InUse at 14e1f2000000 of size 536870912 next 18446744073709551615
2025-11-13 04:48:21.798098: I external/local_xla/xla/tsl/framework/bfc_allocator.cc:1089] Next region of size 67108864
2025-11-13 04:48:21.798106: I external/local_xla/xla/tsl/framework/bfc_allocator.cc:1109] InUse at 14e260000000 of size 884736 next 908
2025-11-13 04:48:21.798114: I external/local_xla/xla/tsl/framework/bfc_allocator.cc:1109] InUse at 14e2600d8000 of size 884736 next 909
2025-11-13 04:48:21.798121: I external/local_xla/xla/tsl/framework/bfc_allocator.cc:1109] InUse at 14e2601b0000 of size 884736 next 910
2025-11-13 04:48:21.798129: I external/local_xla/xla/tsl/framework/bfc_allocator.cc:1109] InUse at 14e260288000 of size 884736 next 911
2025-11-13 04:48:21.798158: I external/local_xla/xla/tsl/framework/bfc_allocator.cc:1109] InUse at 14e260360000 of size 5120 next 912
2025-11-13 04:48:21.798166: I external/local_xla/xla/tsl/framework/bfc_allocator.cc:1109] InUse at 14e260361400 of size 5120 next 913
2025-11-13 04:48:21.798174: I external/local_xla/xla/tsl/framework/bfc_allocator.cc:1109] InUse at 14e260362800 of size 5120 next 914
2025-11-13 04:48:21.798181: I external/local_xla/xla/tsl/framework/bfc_allocator.cc:1109] InUse at 14e260363c00 of size 5120 next 915
2025-11-13 04:48:21.798189: I external/local_xla/xla/tsl/framework/bfc_allocator.cc:1109] InUse at 14e260365000 of size 221184 next 916
2025-11-13 04:48:21.798197: I external/local_xla/xla/tsl/framework/bfc_allocator.cc:1109] InUse at 14e26039b000 of size 221184 next 917
2025-11-13 04:48:21.798204: I external/local_xla/xla/tsl/framework/bfc_allocator.cc:1109] InUse at 14e2603d1000 of size 221184 next 918
2025-11-13 04:48:21.798211: I external/local_xla/xla/tsl/framework/bfc_allocator.cc:1109] InUse at 14e260407000 of size 221184 next 919
2025-11-13 04:48:21.798219: I external/local_xla/xla/tsl/framework/bfc_allocator.cc:1109] InUse at 14e26043d000 of size 221184 next 920
2025-11-13 04:48:21.798226: I external/local_xla/xla/tsl/framework/bfc_allocator.cc:1109] InUse at 14e260473000 of size 221184 next 921
2025-11-13 04:48:21.798234: I external/local_xla/xla/tsl/framework/bfc_allocator.cc:1109] InUse at 14e2604a9000 of size 221184 next 922
2025-11-13 04:48:21.798241: I external/local_xla/xla/tsl/framework/bfc_allocator.cc:1109] InUse at 14e2604df000 of size 221184 next 923
2025-11-13 04:48:21.798249: I external/local_xla/xla/tsl/framework/bfc_allocator.cc:1109] InUse at 14e260515000 of size 221184 next 924
2025-11-13 04:48:21.798256: I external/local_xla/xla/tsl/framework/bfc_allocator.cc:1109] InUse at 14e26054b000 of size 221184 next 925
2025-11-13 04:48:21.798264: I external/local_xla/xla/tsl/framework/bfc_allocator.cc:1109] InUse at 14e260581000 of size 256 next 926
2025-11-13 04:48:21.798273: I external/local_xla/xla/tsl/framework/bfc_allocator.cc:1109] InUse at 14e260581100 of size 256 next 927
2025-11-13 04:48:21.798284: I external/local_xla/xla/tsl/framework/bfc_allocator.cc:1109] InUse at 14e260581200 of size 256 next 928
2025-11-13 04:48:21.798292: I external/local_xla/xla/tsl/framework/bfc_allocator.cc:1109] InUse at 14e260581300 of size 256 next 929
2025-11-13 04:48:21.798300: I external/local_xla/xla/tsl/framework/bfc_allocator.cc:1109] InUse at 14e260581400 of size 512 next 930
2025-11-13 04:48:21.798307: I external/local_xla/xla/tsl/framework/bfc_allocator.cc:1109] InUse at 14e260581600 of size 512 next 931
2025-11-13 04:48:21.798315: I external/local_xla/xla/tsl/framework/bfc_allocator.cc:1109] InUse at 14e260581800 of size 512 next 932
2025-11-13 04:48:21.798322: I external/local_xla/xla/tsl/framework/bfc_allocator.cc:1109] InUse at 14e260581a00 of size 512 next 933
2025-11-13 04:48:21.798330: I external/local_xla/xla/tsl/framework/bfc_allocator.cc:1109] InUse at 14e260581c00 of size 512 next 934
2025-11-13 04:48:21.798337: I external/local_xla/xla/tsl/framework/bfc_allocator.cc:1109] InUse at 14e260581e00 of size 512 next 935
2025-11-13 04:48:21.798345: I external/local_xla/xla/tsl/framework/bfc_allocator.cc:1109] InUse at 14e260582000 of size 512 next 936
2025-11-13 04:48:21.798352: I external/local_xla/xla/tsl/framework/bfc_allocator.cc:1109] InUse at 14e260582200 of size 512 next 937
2025-11-13 04:48:21.798360: I external/local_xla/xla/tsl/framework/bfc_allocator.cc:1109] InUse at 14e260582400 of size 512 next 938
2025-11-13 04:48:21.798367: I external/local_xla/xla/tsl/framework/bfc_allocator.cc:1109] InUse at 14e260582600 of size 512 next 939
2025-11-13 04:48:21.798375: I external/local_xla/xla/tsl/framework/bfc_allocator.cc:1109] InUse at 14e260582800 of size 884736 next 940
2025-11-13 04:48:21.798382: I external/local_xla/xla/tsl/framework/bfc_allocator.cc:1109] InUse at 14e26065a800 of size 884736 next 941
2025-11-13 04:48:21.798390: I external/local_xla/xla/tsl/framework/bfc_allocator.cc:1109] InUse at 14e260732800 of size 884736 next 942
2025-11-13 04:48:21.798397: I external/local_xla/xla/tsl/framework/bfc_allocator.cc:1109] InUse at 14e26080a800 of size 884736 next 943
2025-11-13 04:48:21.798404: I external/local_xla/xla/tsl/framework/bfc_allocator.cc:1109] InUse at 14e2608e2800 of size 884736 next 944
2025-11-13 04:48:21.798412: I external/local_xla/xla/tsl/framework/bfc_allocator.cc:1109] InUse at 14e2609ba800 of size 884736 next 945
2025-11-13 04:48:21.798419: I external/local_xla/xla/tsl/framework/bfc_allocator.cc:1109] InUse at 14e260a92800 of size 884736 next 946
2025-11-13 04:48:21.798427: I external/local_xla/xla/tsl/framework/bfc_allocator.cc:1109] InUse at 14e260b6a800 of size 884736 next 947
2025-11-13 04:48:21.798434: I external/local_xla/xla/tsl/framework/bfc_allocator.cc:1109] InUse at 14e260c42800 of size 884736 next 948
2025-11-13 04:48:21.798442: I external/local_xla/xla/tsl/framework/bfc_allocator.cc:1109] InUse at 14e260d1a800 of size 884736 next 949
2025-11-13 04:48:21.798449: I external/local_xla/xla/tsl/framework/bfc_allocator.cc:1109] InUse at 14e260df2800 of size 4608 next 950
2025-11-13 04:48:21.798457: I external/local_xla/xla/tsl/framework/bfc_allocator.cc:1109] InUse at 14e260df3a00 of size 4608 next 951
2025-11-13 04:48:21.798465: I external/local_xla/xla/tsl/framework/bfc_allocator.cc:1109] InUse at 14e260df4c00 of size 4608 next 952
2025-11-13 04:48:21.798472: I external/local_xla/xla/tsl/framework/bfc_allocator.cc:1109] InUse at 14e260df5e00 of size 4608 next 953
2025-11-13 04:48:21.798479: I external/local_xla/xla/tsl/framework/bfc_allocator.cc:1109] InUse at 14e260df7000 of size 4608 next 954
2025-11-13 04:48:21.798487: I external/local_xla/xla/tsl/framework/bfc_allocator.cc:1109] InUse at 14e260df8200 of size 4608 next 955
2025-11-13 04:48:21.798494: I external/local_xla/xla/tsl/framework/bfc_allocator.cc:1109] InUse at 14e260df9400 of size 4608 next 956
2025-11-13 04:48:21.798502: I external/local_xla/xla/tsl/framework/bfc_allocator.cc:1109] InUse at 14e260dfa600 of size 4608 next 957
2025-11-13 04:48:21.798512: I external/local_xla/xla/tsl/framework/bfc_allocator.cc:1109] InUse at 14e260dfb800 of size 4608 next 958
2025-11-13 04:48:21.798520: I external/local_xla/xla/tsl/framework/bfc_allocator.cc:1109] InUse at 14e260dfca00 of size 4608 next 959
2025-11-13 04:48:21.798528: I external/local_xla/xla/tsl/framework/bfc_allocator.cc:1109] InUse at 14e260dfdc00 of size 4608 next 960
2025-11-13 04:48:21.798535: I external/local_xla/xla/tsl/framework/bfc_allocator.cc:1109] InUse at 14e260dfee00 of size 4608 next 961
2025-11-13 04:48:21.798543: I external/local_xla/xla/tsl/framework/bfc_allocator.cc:1109] InUse at 14e260e00000 of size 4608 next 962
2025-11-13 04:48:21.798550: I external/local_xla/xla/tsl/framework/bfc_allocator.cc:1109] InUse at 14e260e01200 of size 4608 next 963
2025-11-13 04:48:21.798558: I external/local_xla/xla/tsl/framework/bfc_allocator.cc:1109] InUse at 14e260e02400 of size 4608 next 964
2025-11-13 04:48:21.798565: I external/local_xla/xla/tsl/framework/bfc_allocator.cc:1109] InUse at 14e260e03600 of size 4608 next 965
2025-11-13 04:48:21.798573: I external/local_xla/xla/tsl/framework/bfc_allocator.cc:1109] InUse at 14e260e04800 of size 4608 next 966
2025-11-13 04:48:21.798580: I external/local_xla/xla/tsl/framework/bfc_allocator.cc:1109] InUse at 14e260e05a00 of size 4608 next 967
2025-11-13 04:48:21.798588: I external/local_xla/xla/tsl/framework/bfc_allocator.cc:1109] InUse at 14e260e06c00 of size 4608 next 968
2025-11-13 04:48:21.798595: I external/local_xla/xla/tsl/framework/bfc_allocator.cc:1109] InUse at 14e260e07e00 of size 4608 next 969
2025-11-13 04:48:21.798603: I external/local_xla/xla/tsl/framework/bfc_allocator.cc:1109] InUse at 14e260e09000 of size 4608 next 970
2025-11-13 04:48:21.798610: I external/local_xla/xla/tsl/framework/bfc_allocator.cc:1109] InUse at 14e260e0a200 of size 4608 next 971
2025-11-13 04:48:21.798618: I external/local_xla/xla/tsl/framework/bfc_allocator.cc:1109] InUse at 14e260e0b400 of size 4608 next 972
2025-11-13 04:48:21.798625: I external/local_xla/xla/tsl/framework/bfc_allocator.cc:1109] InUse at 14e260e0c600 of size 4608 next 973
2025-11-13 04:48:21.798632: I external/local_xla/xla/tsl/framework/bfc_allocator.cc:1109] InUse at 14e260e0d800 of size 4608 next 974
2025-11-13 04:48:21.798640: I external/local_xla/xla/tsl/framework/bfc_allocator.cc:1109] InUse at 14e260e0ea00 of size 4608 next 975
2025-11-13 04:48:21.798648: I external/local_xla/xla/tsl/framework/bfc_allocator.cc:1109] InUse at 14e260e0fc00 of size 4608 next 976
2025-11-13 04:48:21.798655: I external/local_xla/xla/tsl/framework/bfc_allocator.cc:1109] InUse at 14e260e10e00 of size 4608 next 977
2025-11-13 04:48:21.798662: I external/local_xla/xla/tsl/framework/bfc_allocator.cc:1109] InUse at 14e260e12000 of size 4608 next 978
2025-11-13 04:48:21.798670: I external/local_xla/xla/tsl/framework/bfc_allocator.cc:1109] InUse at 14e260e13200 of size 4608 next 979
2025-11-13 04:48:21.798677: I external/local_xla/xla/tsl/framework/bfc_allocator.cc:1109] InUse at 14e260e14400 of size 4608 next 980
2025-11-13 04:48:21.798685: I external/local_xla/xla/tsl/framework/bfc_allocator.cc:1109] InUse at 14e260e15600 of size 4608 next 981
2025-11-13 04:48:21.798692: I external/local_xla/xla/tsl/framework/bfc_allocator.cc:1109] InUse at 14e260e16800 of size 4608 next 982
2025-11-13 04:48:21.798700: I external/local_xla/xla/tsl/framework/bfc_allocator.cc:1109] InUse at 14e260e17a00 of size 4608 next 983
2025-11-13 04:48:21.798707: I external/local_xla/xla/tsl/framework/bfc_allocator.cc:1109] InUse at 14e260e18c00 of size 4608 next 984
2025-11-13 04:48:21.798715: I external/local_xla/xla/tsl/framework/bfc_allocator.cc:1109] InUse at 14e260e19e00 of size 4608 next 985
2025-11-13 04:48:21.798722: I external/local_xla/xla/tsl/framework/bfc_allocator.cc:1109] InUse at 14e260e1b000 of size 4608 next 986
2025-11-13 04:48:21.798730: I external/local_xla/xla/tsl/framework/bfc_allocator.cc:1109] InUse at 14e260e1c200 of size 4608 next 987
2025-11-13 04:48:21.798737: I external/local_xla/xla/tsl/framework/bfc_allocator.cc:1109] InUse at 14e260e1d400 of size 4608 next 988
2025-11-13 04:48:21.798748: I external/local_xla/xla/tsl/framework/bfc_allocator.cc:1109] InUse at 14e260e1e600 of size 4608 next 989
2025-11-13 04:48:21.798755: I external/local_xla/xla/tsl/framework/bfc_allocator.cc:1109] InUse at 14e260e1f800 of size 4608 next 990
2025-11-13 04:48:21.798763: I external/local_xla/xla/tsl/framework/bfc_allocator.cc:1109] InUse at 14e260e20a00 of size 4608 next 991
2025-11-13 04:48:21.798770: I external/local_xla/xla/tsl/framework/bfc_allocator.cc:1109] InUse at 14e260e21c00 of size 4608 next 992
2025-11-13 04:48:21.798778: I external/local_xla/xla/tsl/framework/bfc_allocator.cc:1109] InUse at 14e260e22e00 of size 4608 next 993
2025-11-13 04:48:21.798785: I external/local_xla/xla/tsl/framework/bfc_allocator.cc:1109] InUse at 14e260e24000 of size 4608 next 994
2025-11-13 04:48:21.798793: I external/local_xla/xla/tsl/framework/bfc_allocator.cc:1109] InUse at 14e260e25200 of size 4608 next 995
2025-11-13 04:48:21.798801: I external/local_xla/xla/tsl/framework/bfc_allocator.cc:1109] InUse at 14e260e26400 of size 4608 next 996
2025-11-13 04:48:21.798808: I external/local_xla/xla/tsl/framework/bfc_allocator.cc:1109] InUse at 14e260e27600 of size 4608 next 997
2025-11-13 04:48:21.798815: I external/local_xla/xla/tsl/framework/bfc_allocator.cc:1109] InUse at 14e260e28800 of size 4608 next 998
2025-11-13 04:48:21.798823: I external/local_xla/xla/tsl/framework/bfc_allocator.cc:1109] InUse at 14e260e29a00 of size 4608 next 999
2025-11-13 04:48:21.798831: I external/local_xla/xla/tsl/framework/bfc_allocator.cc:1109] InUse at 14e260e2ac00 of size 768 next 1000
2025-11-13 04:48:21.798838: I external/local_xla/xla/tsl/framework/bfc_allocator.cc:1109] InUse at 14e260e2af00 of size 768 next 1001
2025-11-13 04:48:21.798846: I external/local_xla/xla/tsl/framework/bfc_allocator.cc:1109] InUse at 14e260e2b200 of size 768 next 1002
2025-11-13 04:48:21.798853: I external/local_xla/xla/tsl/framework/bfc_allocator.cc:1109] InUse at 14e260e2b500 of size 768 next 1003
2025-11-13 04:48:21.798861: I external/local_xla/xla/tsl/framework/bfc_allocator.cc:1109] InUse at 14e260e2b800 of size 768 next 1004
2025-11-13 04:48:21.798868: I external/local_xla/xla/tsl/framework/bfc_allocator.cc:1109] InUse at 14e260e2bb00 of size 768 next 1005
2025-11-13 04:48:21.798876: I external/local_xla/xla/tsl/framework/bfc_allocator.cc:1109] InUse at 14e260e2be00 of size 768 next 1006
2025-11-13 04:48:21.798883: I external/local_xla/xla/tsl/framework/bfc_allocator.cc:1109] InUse at 14e260e2c100 of size 768 next 1007
2025-11-13 04:48:21.798891: I external/local_xla/xla/tsl/framework/bfc_allocator.cc:1109] InUse at 14e260e2c400 of size 768 next 1008
2025-11-13 04:48:21.798898: I external/local_xla/xla/tsl/framework/bfc_allocator.cc:1109] InUse at 14e260e2c700 of size 768 next 1009
2025-11-13 04:48:21.798906: I external/local_xla/xla/tsl/framework/bfc_allocator.cc:1109] InUse at 14e260e2ca00 of size 768 next 1010
2025-11-13 04:48:21.798913: I external/local_xla/xla/tsl/framework/bfc_allocator.cc:1109] InUse at 14e260e2cd00 of size 768 next 1011
2025-11-13 04:48:21.798920: I external/local_xla/xla/tsl/framework/bfc_allocator.cc:1109] InUse at 14e260e2d000 of size 768 next 1012
2025-11-13 04:48:21.798928: I external/local_xla/xla/tsl/framework/bfc_allocator.cc:1109] InUse at 14e260e2d300 of size 768 next 1013
2025-11-13 04:48:21.798935: I external/local_xla/xla/tsl/framework/bfc_allocator.cc:1109] InUse at 14e260e2d600 of size 768 next 1014
2025-11-13 04:48:21.798943: I external/local_xla/xla/tsl/framework/bfc_allocator.cc:1109] InUse at 14e260e2d900 of size 768 next 1015
2025-11-13 04:48:21.798950: I external/local_xla/xla/tsl/framework/bfc_allocator.cc:1109] InUse at 14e260e2dc00 of size 768 next 1016
2025-11-13 04:48:21.798958: I external/local_xla/xla/tsl/framework/bfc_allocator.cc:1109] InUse at 14e260e2df00 of size 768 next 1017
2025-11-13 04:48:21.798965: I external/local_xla/xla/tsl/framework/bfc_allocator.cc:1109] InUse at 14e260e2e200 of size 768 next 1018
2025-11-13 04:48:21.798976: I external/local_xla/xla/tsl/framework/bfc_allocator.cc:1109] InUse at 14e260e2e500 of size 768 next 1019
2025-11-13 04:48:21.798984: I external/local_xla/xla/tsl/framework/bfc_allocator.cc:1109] InUse at 14e260e2e800 of size 512 next 1020
2025-11-13 04:48:21.798991: I external/local_xla/xla/tsl/framework/bfc_allocator.cc:1109] InUse at 14e260e2ea00 of size 512 next 1021
2025-11-13 04:48:21.798999: I external/local_xla/xla/tsl/framework/bfc_allocator.cc:1109] InUse at 14e260e2ec00 of size 512 next 1022
2025-11-13 04:48:21.799006: I external/local_xla/xla/tsl/framework/bfc_allocator.cc:1109] InUse at 14e260e2ee00 of size 512 next 1023
2025-11-13 04:48:21.799014: I external/local_xla/xla/tsl/framework/bfc_allocator.cc:1109] InUse at 14e260e2f000 of size 512 next 1024
2025-11-13 04:48:21.799021: I external/local_xla/xla/tsl/framework/bfc_allocator.cc:1109] InUse at 14e260e2f200 of size 512 next 1025
2025-11-13 04:48:21.799028: I external/local_xla/xla/tsl/framework/bfc_allocator.cc:1109] InUse at 14e260e2f400 of size 512 next 1026
2025-11-13 04:48:21.799036: I external/local_xla/xla/tsl/framework/bfc_allocator.cc:1109] InUse at 14e260e2f600 of size 512 next 1027
2025-11-13 04:48:21.799043: I external/local_xla/xla/tsl/framework/bfc_allocator.cc:1109] InUse at 14e260e2f800 of size 512 next 1028
2025-11-13 04:48:21.799051: I external/local_xla/xla/tsl/framework/bfc_allocator.cc:1109] InUse at 14e260e2fa00 of size 512 next 1029
2025-11-13 04:48:21.799058: I external/local_xla/xla/tsl/framework/bfc_allocator.cc:1109] InUse at 14e260e2fc00 of size 512 next 1030
2025-11-13 04:48:21.799066: I external/local_xla/xla/tsl/framework/bfc_allocator.cc:1109] InUse at 14e260e2fe00 of size 512 next 1031
2025-11-13 04:48:21.799073: I external/local_xla/xla/tsl/framework/bfc_allocator.cc:1109] InUse at 14e260e30000 of size 512 next 1032
2025-11-13 04:48:21.799081: I external/local_xla/xla/tsl/framework/bfc_allocator.cc:1109] InUse at 14e260e30200 of size 512 next 1033
2025-11-13 04:48:21.799088: I external/local_xla/xla/tsl/framework/bfc_allocator.cc:1109] InUse at 14e260e30400 of size 512 next 1034
2025-11-13 04:48:21.799095: I external/local_xla/xla/tsl/framework/bfc_allocator.cc:1109] InUse at 14e260e30600 of size 512 next 1035
2025-11-13 04:48:21.799103: I external/local_xla/xla/tsl/framework/bfc_allocator.cc:1109] InUse at 14e260e30800 of size 512 next 1036
2025-11-13 04:48:21.799110: I external/local_xla/xla/tsl/framework/bfc_allocator.cc:1109] InUse at 14e260e30a00 of size 512 next 1037
2025-11-13 04:48:21.799118: I external/local_xla/xla/tsl/framework/bfc_allocator.cc:1109] InUse at 14e260e30c00 of size 17408 next 1038
2025-11-13 04:48:21.799126: I external/local_xla/xla/tsl/framework/bfc_allocator.cc:1109] InUse at 14e260e35000 of size 17408 next 1039
2025-11-13 04:48:21.799136: I external/local_xla/xla/tsl/framework/bfc_allocator.cc:1109] InUse at 14e260e39400 of size 17408 next 1040
2025-11-13 04:48:21.799144: I external/local_xla/xla/tsl/framework/bfc_allocator.cc:1109] InUse at 14e260e3d800 of size 17408 next 1041
2025-11-13 04:48:21.799151: I external/local_xla/xla/tsl/framework/bfc_allocator.cc:1109] InUse at 14e260e41c00 of size 17408 next 1042
2025-11-13 04:48:21.799159: I external/local_xla/xla/tsl/framework/bfc_allocator.cc:1109] InUse at 14e260e46000 of size 17408 next 1043
2025-11-13 04:48:21.799166: I external/local_xla/xla/tsl/framework/bfc_allocator.cc:1109] InUse at 14e260e4a400 of size 7680 next 1044
2025-11-13 04:48:21.799174: I external/local_xla/xla/tsl/framework/bfc_allocator.cc:1109] InUse at 14e260e4c200 of size 7680 next 1045
2025-11-13 04:48:21.799181: I external/local_xla/xla/tsl/framework/bfc_allocator.cc:1109] InUse at 14e260e4e000 of size 7680 next 1046
2025-11-13 04:48:21.799189: I external/local_xla/xla/tsl/framework/bfc_allocator.cc:1109] InUse at 14e260e4fe00 of size 7680 next 1047
2025-11-13 04:48:21.799196: I external/local_xla/xla/tsl/framework/bfc_allocator.cc:1109] InUse at 14e260e51c00 of size 7680 next 1048
2025-11-13 04:48:21.799204: I external/local_xla/xla/tsl/framework/bfc_allocator.cc:1109] InUse at 14e260e53a00 of size 7680 next 1049
2025-11-13 04:48:21.799216: I external/local_xla/xla/tsl/framework/bfc_allocator.cc:1109] InUse at 14e260e55800 of size 7680 next 1050
2025-11-13 04:48:21.799225: I external/local_xla/xla/tsl/framework/bfc_allocator.cc:1109] InUse at 14e260e57600 of size 7680 next 1051
2025-11-13 04:48:21.799232: I external/local_xla/xla/tsl/framework/bfc_allocator.cc:1109] InUse at 14e260e59400 of size 7680 next 1052
2025-11-13 04:48:21.799240: I external/local_xla/xla/tsl/framework/bfc_allocator.cc:1109] InUse at 14e260e5b200 of size 7680 next 1053
2025-11-13 04:48:21.799247: I external/local_xla/xla/tsl/framework/bfc_allocator.cc:1109] InUse at 14e260e5d000 of size 1280 next 1054
2025-11-13 04:48:21.799255: I external/local_xla/xla/tsl/framework/bfc_allocator.cc:1109] InUse at 14e260e5d500 of size 1280 next 1055
2025-11-13 04:48:21.799262: I external/local_xla/xla/tsl/framework/bfc_allocator.cc:1109] InUse at 14e260e5da00 of size 1280 next 1056
2025-11-13 04:48:21.799270: I external/local_xla/xla/tsl/framework/bfc_allocator.cc:1109] InUse at 14e260e5df00 of size 1280 next 1057
2025-11-13 04:48:21.799277: I external/local_xla/xla/tsl/framework/bfc_allocator.cc:1109] InUse at 14e260e5e400 of size 1280 next 1058
2025-11-13 04:48:21.799285: I external/local_xla/xla/tsl/framework/bfc_allocator.cc:1109] InUse at 14e260e5e900 of size 1280 next 1059
2025-11-13 04:48:21.799292: I external/local_xla/xla/tsl/framework/bfc_allocator.cc:1109] InUse at 14e260e5ee00 of size 1280 next 1060
2025-11-13 04:48:21.799299: I external/local_xla/xla/tsl/framework/bfc_allocator.cc:1109] InUse at 14e260e5f300 of size 1280 next 1061
2025-11-13 04:48:21.799307: I external/local_xla/xla/tsl/framework/bfc_allocator.cc:1109] InUse at 14e260e5f800 of size 512 next 1063
2025-11-13 04:48:21.799314: I external/local_xla/xla/tsl/framework/bfc_allocator.cc:1109] InUse at 14e260e5fa00 of size 256 next 1064
2025-11-13 04:48:21.799322: I external/local_xla/xla/tsl/framework/bfc_allocator.cc:1109] InUse at 14e260e5fb00 of size 8192 next 1069
2025-11-13 04:48:21.799329: I external/local_xla/xla/tsl/framework/bfc_allocator.cc:1109] InUse at 14e260e61b00 of size 256 next 1067
2025-11-13 04:48:21.799337: I external/local_xla/xla/tsl/framework/bfc_allocator.cc:1109] InUse at 14e260e61c00 of size 256 next 1072
2025-11-13 04:48:21.799344: I external/local_xla/xla/tsl/framework/bfc_allocator.cc:1109] Free  at 14e260e61d00 of size 52028160 next 18446744073709551615
2025-11-13 04:48:21.799352: I external/local_xla/xla/tsl/framework/bfc_allocator.cc:1089] Next region of size 33554432
2025-11-13 04:48:21.799359: I external/local_xla/xla/tsl/framework/bfc_allocator.cc:1109] InUse at 14e2a4000000 of size 614400 next 498
2025-11-13 04:48:21.799369: I external/local_xla/xla/tsl/framework/bfc_allocator.cc:1109] InUse at 14e2a4096000 of size 9216 next 541
2025-11-13 04:48:21.799376: I external/local_xla/xla/tsl/framework/bfc_allocator.cc:1109] InUse at 14e2a4098400 of size 1024 next 542
2025-11-13 04:48:21.799384: I external/local_xla/xla/tsl/framework/bfc_allocator.cc:1109] InUse at 14e2a4098800 of size 604160 next 500
2025-11-13 04:48:21.799392: I external/local_xla/xla/tsl/framework/bfc_allocator.cc:1109] InUse at 14e2a412c000 of size 516096 next 364
2025-11-13 04:48:21.799400: I external/local_xla/xla/tsl/framework/bfc_allocator.cc:1109] InUse at 14e2a41aa000 of size 3170304 next 489
2025-11-13 04:48:21.799407: I external/local_xla/xla/tsl/framework/bfc_allocator.cc:1109] InUse at 14e2a44b0000 of size 2457600 next 502
2025-11-13 04:48:21.799415: I external/local_xla/xla/tsl/framework/bfc_allocator.cc:1109] InUse at 14e2a4708000 of size 2457600 next 503
2025-11-13 04:48:21.799422: I external/local_xla/xla/tsl/framework/bfc_allocator.cc:1109] InUse at 14e2a4960000 of size 2457600 next 544
2025-11-13 04:48:21.799430: I external/local_xla/xla/tsl/framework/bfc_allocator.cc:1109] InUse at 14e2a4bb8000 of size 2457600 next 547
2025-11-13 04:48:21.799437: I external/local_xla/xla/tsl/framework/bfc_allocator.cc:1109] InUse at 14e2a4e10000 of size 1638400 next 548
2025-11-13 04:48:21.799448: I external/local_xla/xla/tsl/framework/bfc_allocator.cc:1109] InUse at 14e2a4fa0000 of size 655360 next 549
2025-11-13 04:48:21.799457: I external/local_xla/xla/tsl/framework/bfc_allocator.cc:1109] InUse at 14e2a5040000 of size 301056 next 561
2025-11-13 04:48:21.799465: I external/local_xla/xla/tsl/framework/bfc_allocator.cc:1109] InUse at 14e2a5089800 of size 301056 next 562
2025-11-13 04:48:21.799472: I external/local_xla/xla/tsl/framework/bfc_allocator.cc:1109] InUse at 14e2a50d3000 of size 301056 next 563
2025-11-13 04:48:21.799480: I external/local_xla/xla/tsl/framework/bfc_allocator.cc:1109] InUse at 14e2a511c800 of size 301056 next 564
2025-11-13 04:48:21.799487: I external/local_xla/xla/tsl/framework/bfc_allocator.cc:1109] InUse at 14e2a5166000 of size 301056 next 565
2025-11-13 04:48:21.799495: I external/local_xla/xla/tsl/framework/bfc_allocator.cc:1109] InUse at 14e2a51af800 of size 301056 next 566
2025-11-13 04:48:21.799502: I external/local_xla/xla/tsl/framework/bfc_allocator.cc:1109] InUse at 14e2a51f9000 of size 301056 next 567
2025-11-13 04:48:21.799510: I external/local_xla/xla/tsl/framework/bfc_allocator.cc:1109] InUse at 14e2a5242800 of size 24064 next 568
2025-11-13 04:48:21.799517: I external/local_xla/xla/tsl/framework/bfc_allocator.cc:1109] InUse at 14e2a5248600 of size 24064 next 569
2025-11-13 04:48:21.799525: I external/local_xla/xla/tsl/framework/bfc_allocator.cc:1109] InUse at 14e2a524e400 of size 24064 next 570
2025-11-13 04:48:21.799532: I external/local_xla/xla/tsl/framework/bfc_allocator.cc:1109] InUse at 14e2a5254200 of size 24064 next 571
2025-11-13 04:48:21.799540: I external/local_xla/xla/tsl/framework/bfc_allocator.cc:1109] InUse at 14e2a525a000 of size 38400 next 572
2025-11-13 04:48:21.799548: I external/local_xla/xla/tsl/framework/bfc_allocator.cc:1109] InUse at 14e2a5263600 of size 38400 next 573
2025-11-13 04:48:21.799555: I external/local_xla/xla/tsl/framework/bfc_allocator.cc:1109] InUse at 14e2a526cc00 of size 38400 next 574
2025-11-13 04:48:21.799563: I external/local_xla/xla/tsl/framework/bfc_allocator.cc:1109] InUse at 14e2a5276200 of size 38400 next 575
2025-11-13 04:48:21.799570: I external/local_xla/xla/tsl/framework/bfc_allocator.cc:1109] InUse at 14e2a527f800 of size 38400 next 576
2025-11-13 04:48:21.799578: I external/local_xla/xla/tsl/framework/bfc_allocator.cc:1109] InUse at 14e2a5288e00 of size 38400 next 577
2025-11-13 04:48:21.799585: I external/local_xla/xla/tsl/framework/bfc_allocator.cc:1109] InUse at 14e2a5292400 of size 38400 next 578
2025-11-13 04:48:21.799593: I external/local_xla/xla/tsl/framework/bfc_allocator.cc:1109] InUse at 14e2a529ba00 of size 38400 next 579
2025-11-13 04:48:21.799600: I external/local_xla/xla/tsl/framework/bfc_allocator.cc:1109] InUse at 14e2a52a5000 of size 153600 next 580
2025-11-13 04:48:21.799608: I external/local_xla/xla/tsl/framework/bfc_allocator.cc:1109] InUse at 14e2a52ca800 of size 153600 next 581
2025-11-13 04:48:21.799615: I external/local_xla/xla/tsl/framework/bfc_allocator.cc:1109] InUse at 14e2a52f0000 of size 153600 next 582
2025-11-13 04:48:21.799623: I external/local_xla/xla/tsl/framework/bfc_allocator.cc:1109] InUse at 14e2a5315800 of size 153600 next 583
2025-11-13 04:48:21.799630: I external/local_xla/xla/tsl/framework/bfc_allocator.cc:1109] InUse at 14e2a533b000 of size 153600 next 584
2025-11-13 04:48:21.799638: I external/local_xla/xla/tsl/framework/bfc_allocator.cc:1109] InUse at 14e2a5360800 of size 153600 next 585
2025-11-13 04:48:21.799645: I external/local_xla/xla/tsl/framework/bfc_allocator.cc:1109] InUse at 14e2a5386000 of size 301056 next 586
2025-11-13 04:48:21.799653: I external/local_xla/xla/tsl/framework/bfc_allocator.cc:1109] InUse at 14e2a53cf800 of size 301056 next 587
2025-11-13 04:48:21.799660: I external/local_xla/xla/tsl/framework/bfc_allocator.cc:1109] InUse at 14e2a5419000 of size 301056 next 588
2025-11-13 04:48:21.799668: I external/local_xla/xla/tsl/framework/bfc_allocator.cc:1109] InUse at 14e2a5462800 of size 301056 next 589
2025-11-13 04:48:21.799678: I external/local_xla/xla/tsl/framework/bfc_allocator.cc:1109] InUse at 14e2a54ac000 of size 301056 next 590
2025-11-13 04:48:21.799686: I external/local_xla/xla/tsl/framework/bfc_allocator.cc:1109] InUse at 14e2a54f5800 of size 301056 next 591
2025-11-13 04:48:21.799694: I external/local_xla/xla/tsl/framework/bfc_allocator.cc:1109] InUse at 14e2a553f000 of size 38400 next 592
2025-11-13 04:48:21.799701: I external/local_xla/xla/tsl/framework/bfc_allocator.cc:1109] InUse at 14e2a5548600 of size 38400 next 593
2025-11-13 04:48:21.799709: I external/local_xla/xla/tsl/framework/bfc_allocator.cc:1109] InUse at 14e2a5551c00 of size 38400 next 594
2025-11-13 04:48:21.799716: I external/local_xla/xla/tsl/framework/bfc_allocator.cc:1109] InUse at 14e2a555b200 of size 38400 next 595
2025-11-13 04:48:21.799724: I external/local_xla/xla/tsl/framework/bfc_allocator.cc:1109] InUse at 14e2a5564800 of size 38400 next 596
2025-11-13 04:48:21.799731: I external/local_xla/xla/tsl/framework/bfc_allocator.cc:1109] InUse at 14e2a556de00 of size 38400 next 597
2025-11-13 04:48:21.799739: I external/local_xla/xla/tsl/framework/bfc_allocator.cc:1109] InUse at 14e2a5577400 of size 38400 next 598
2025-11-13 04:48:21.799746: I external/local_xla/xla/tsl/framework/bfc_allocator.cc:1109] InUse at 14e2a5580a00 of size 38400 next 599
2025-11-13 04:48:21.799754: I external/local_xla/xla/tsl/framework/bfc_allocator.cc:1109] InUse at 14e2a558a000 of size 256 next 600
2025-11-13 04:48:21.799761: I external/local_xla/xla/tsl/framework/bfc_allocator.cc:1109] InUse at 14e2a558a100 of size 256 next 601
2025-11-13 04:48:21.799769: I external/local_xla/xla/tsl/framework/bfc_allocator.cc:1109] InUse at 14e2a558a200 of size 256 next 602
2025-11-13 04:48:21.799776: I external/local_xla/xla/tsl/framework/bfc_allocator.cc:1109] InUse at 14e2a558a300 of size 256 next 603
2025-11-13 04:48:21.799783: I external/local_xla/xla/tsl/framework/bfc_allocator.cc:1109] InUse at 14e2a558a400 of size 256 next 604
2025-11-13 04:48:21.799791: I external/local_xla/xla/tsl/framework/bfc_allocator.cc:1109] InUse at 14e2a558a500 of size 256 next 605
2025-11-13 04:48:21.799798: I external/local_xla/xla/tsl/framework/bfc_allocator.cc:1109] InUse at 14e2a558a600 of size 256 next 606
2025-11-13 04:48:21.799806: I external/local_xla/xla/tsl/framework/bfc_allocator.cc:1109] InUse at 14e2a558a700 of size 256 next 607
2025-11-13 04:48:21.799813: I external/local_xla/xla/tsl/framework/bfc_allocator.cc:1109] InUse at 14e2a558a800 of size 13824 next 608
2025-11-13 04:48:21.799821: I external/local_xla/xla/tsl/framework/bfc_allocator.cc:1109] InUse at 14e2a558de00 of size 13824 next 609
2025-11-13 04:48:21.799828: I external/local_xla/xla/tsl/framework/bfc_allocator.cc:1109] InUse at 14e2a5591400 of size 13824 next 610
2025-11-13 04:48:21.799836: I external/local_xla/xla/tsl/framework/bfc_allocator.cc:1109] InUse at 14e2a5594a00 of size 13824 next 611
2025-11-13 04:48:21.799843: I external/local_xla/xla/tsl/framework/bfc_allocator.cc:1109] InUse at 14e2a5598000 of size 9728 next 612
2025-11-13 04:48:21.799851: I external/local_xla/xla/tsl/framework/bfc_allocator.cc:1109] InUse at 14e2a559a600 of size 9728 next 613
2025-11-13 04:48:21.799859: I external/local_xla/xla/tsl/framework/bfc_allocator.cc:1109] InUse at 14e2a559cc00 of size 9728 next 614
2025-11-13 04:48:21.799866: I external/local_xla/xla/tsl/framework/bfc_allocator.cc:1109] InUse at 14e2a559f200 of size 9728 next 615
2025-11-13 04:48:21.799873: I external/local_xla/xla/tsl/framework/bfc_allocator.cc:1109] InUse at 14e2a55a1800 of size 9728 next 616
2025-11-13 04:48:21.799881: I external/local_xla/xla/tsl/framework/bfc_allocator.cc:1109] InUse at 14e2a55a3e00 of size 9728 next 617
2025-11-13 04:48:21.799888: I external/local_xla/xla/tsl/framework/bfc_allocator.cc:1109] InUse at 14e2a55a6400 of size 3584 next 618
2025-11-13 04:48:21.799896: I external/local_xla/xla/tsl/framework/bfc_allocator.cc:1109] InUse at 14e2a55a7200 of size 3584 next 619
2025-11-13 04:48:21.799903: I external/local_xla/xla/tsl/framework/bfc_allocator.cc:1109] InUse at 14e2a55a8000 of size 3584 next 620
2025-11-13 04:48:21.799914: I external/local_xla/xla/tsl/framework/bfc_allocator.cc:1109] InUse at 14e2a55a8e00 of size 3584 next 621
2025-11-13 04:48:21.799922: I external/local_xla/xla/tsl/framework/bfc_allocator.cc:1109] InUse at 14e2a55a9c00 of size 3584 next 622
2025-11-13 04:48:21.799929: I external/local_xla/xla/tsl/framework/bfc_allocator.cc:1109] InUse at 14e2a55aaa00 of size 3584 next 623
2025-11-13 04:48:21.799937: I external/local_xla/xla/tsl/framework/bfc_allocator.cc:1109] InUse at 14e2a55ab800 of size 38400 next 624
2025-11-13 04:48:21.799944: I external/local_xla/xla/tsl/framework/bfc_allocator.cc:1109] InUse at 14e2a55b4e00 of size 38400 next 625
2025-11-13 04:48:21.799952: I external/local_xla/xla/tsl/framework/bfc_allocator.cc:1109] InUse at 14e2a55be400 of size 38400 next 626
2025-11-13 04:48:21.799959: I external/local_xla/xla/tsl/framework/bfc_allocator.cc:1109] InUse at 14e2a55c7a00 of size 38400 next 627
2025-11-13 04:48:21.799967: I external/local_xla/xla/tsl/framework/bfc_allocator.cc:1109] InUse at 14e2a55d1000 of size 38400 next 628
2025-11-13 04:48:21.799974: I external/local_xla/xla/tsl/framework/bfc_allocator.cc:1109] InUse at 14e2a55da600 of size 38400 next 629
2025-11-13 04:48:21.799982: I external/local_xla/xla/tsl/framework/bfc_allocator.cc:1109] InUse at 14e2a55e3c00 of size 75264 next 630
2025-11-13 04:48:21.799991: I external/local_xla/xla/tsl/framework/bfc_allocator.cc:1109] InUse at 14e2a55f6200 of size 75264 next 631
2025-11-13 04:48:21.799998: I external/local_xla/xla/tsl/framework/bfc_allocator.cc:1109] InUse at 14e2a5608800 of size 75264 next 632
2025-11-13 04:48:21.800006: I external/local_xla/xla/tsl/framework/bfc_allocator.cc:1109] InUse at 14e2a561ae00 of size 75264 next 633
2025-11-13 04:48:21.800013: I external/local_xla/xla/tsl/framework/bfc_allocator.cc:1109] InUse at 14e2a562d400 of size 75264 next 634
2025-11-13 04:48:21.800021: I external/local_xla/xla/tsl/framework/bfc_allocator.cc:1109] InUse at 14e2a563fa00 of size 75264 next 635
2025-11-13 04:48:21.800028: I external/local_xla/xla/tsl/framework/bfc_allocator.cc:1109] InUse at 14e2a5652000 of size 75264 next 636
2025-11-13 04:48:21.800035: I external/local_xla/xla/tsl/framework/bfc_allocator.cc:1109] InUse at 14e2a5664600 of size 75264 next 637
2025-11-13 04:48:21.800043: I external/local_xla/xla/tsl/framework/bfc_allocator.cc:1109] InUse at 14e2a5676c00 of size 5376 next 638
2025-11-13 04:48:21.800051: I external/local_xla/xla/tsl/framework/bfc_allocator.cc:1109] InUse at 14e2a5678100 of size 5376 next 639
2025-11-13 04:48:21.800058: I external/local_xla/xla/tsl/framework/bfc_allocator.cc:1109] InUse at 14e2a5679600 of size 5376 next 640
2025-11-13 04:48:21.800065: I external/local_xla/xla/tsl/framework/bfc_allocator.cc:1109] InUse at 14e2a567ab00 of size 5376 next 641
2025-11-13 04:48:21.800073: I external/local_xla/xla/tsl/framework/bfc_allocator.cc:1109] InUse at 14e2a567c000 of size 256 next 642
2025-11-13 04:48:21.800080: I external/local_xla/xla/tsl/framework/bfc_allocator.cc:1109] InUse at 14e2a567c100 of size 256 next 643
2025-11-13 04:48:21.800088: I external/local_xla/xla/tsl/framework/bfc_allocator.cc:1109] InUse at 14e2a567c200 of size 256 next 644
2025-11-13 04:48:21.800095: I external/local_xla/xla/tsl/framework/bfc_allocator.cc:1109] InUse at 14e2a567c300 of size 256 next 645
2025-11-13 04:48:21.800103: I external/local_xla/xla/tsl/framework/bfc_allocator.cc:1109] InUse at 14e2a567c400 of size 256 next 646
2025-11-13 04:48:21.800110: I external/local_xla/xla/tsl/framework/bfc_allocator.cc:1109] InUse at 14e2a567c500 of size 256 next 647
2025-11-13 04:48:21.800118: I external/local_xla/xla/tsl/framework/bfc_allocator.cc:1109] InUse at 14e2a567c600 of size 256 next 648
2025-11-13 04:48:21.800125: I external/local_xla/xla/tsl/framework/bfc_allocator.cc:1109] InUse at 14e2a567c700 of size 256 next 649
2025-11-13 04:48:21.800136: I external/local_xla/xla/tsl/framework/bfc_allocator.cc:1109] InUse at 14e2a567c800 of size 256 next 650
2025-11-13 04:48:21.800146: I external/local_xla/xla/tsl/framework/bfc_allocator.cc:1109] InUse at 14e2a567c900 of size 256 next 651
2025-11-13 04:48:21.800154: I external/local_xla/xla/tsl/framework/bfc_allocator.cc:1109] InUse at 14e2a567ca00 of size 256 next 652
2025-11-13 04:48:21.800162: I external/local_xla/xla/tsl/framework/bfc_allocator.cc:1109] InUse at 14e2a567cb00 of size 256 next 653
2025-11-13 04:48:21.800169: I external/local_xla/xla/tsl/framework/bfc_allocator.cc:1109] InUse at 14e2a567cc00 of size 512 next 654
2025-11-13 04:48:21.800177: I external/local_xla/xla/tsl/framework/bfc_allocator.cc:1109] InUse at 14e2a567ce00 of size 512 next 655
2025-11-13 04:48:21.800184: I external/local_xla/xla/tsl/framework/bfc_allocator.cc:1109] InUse at 14e2a567d000 of size 512 next 656
2025-11-13 04:48:21.800192: I external/local_xla/xla/tsl/framework/bfc_allocator.cc:1109] InUse at 14e2a567d200 of size 512 next 657
2025-11-13 04:48:21.800199: I external/local_xla/xla/tsl/framework/bfc_allocator.cc:1109] InUse at 14e2a567d400 of size 512 next 658
2025-11-13 04:48:21.800207: I external/local_xla/xla/tsl/framework/bfc_allocator.cc:1109] InUse at 14e2a567d600 of size 512 next 659
2025-11-13 04:48:21.800214: I external/local_xla/xla/tsl/framework/bfc_allocator.cc:1109] InUse at 14e2a567d800 of size 512 next 660
2025-11-13 04:48:21.800222: I external/local_xla/xla/tsl/framework/bfc_allocator.cc:1109] InUse at 14e2a567da00 of size 512 next 661
2025-11-13 04:48:21.800229: I external/local_xla/xla/tsl/framework/bfc_allocator.cc:1109] InUse at 14e2a567dc00 of size 512 next 662
2025-11-13 04:48:21.800237: I external/local_xla/xla/tsl/framework/bfc_allocator.cc:1109] InUse at 14e2a567de00 of size 512 next 663
2025-11-13 04:48:21.800244: I external/local_xla/xla/tsl/framework/bfc_allocator.cc:1109] InUse at 14e2a567e000 of size 512 next 664
2025-11-13 04:48:21.800251: I external/local_xla/xla/tsl/framework/bfc_allocator.cc:1109] InUse at 14e2a567e200 of size 512 next 665
2025-11-13 04:48:21.800259: I external/local_xla/xla/tsl/framework/bfc_allocator.cc:1109] InUse at 14e2a567e400 of size 512 next 666
2025-11-13 04:48:21.800266: I external/local_xla/xla/tsl/framework/bfc_allocator.cc:1109] InUse at 14e2a567e600 of size 512 next 667
2025-11-13 04:48:21.800274: I external/local_xla/xla/tsl/framework/bfc_allocator.cc:1109] InUse at 14e2a567e800 of size 512 next 668
2025-11-13 04:48:21.800281: I external/local_xla/xla/tsl/framework/bfc_allocator.cc:1109] InUse at 14e2a567ea00 of size 512 next 669
2025-11-13 04:48:21.800289: I external/local_xla/xla/tsl/framework/bfc_allocator.cc:1109] InUse at 14e2a567ec00 of size 3584 next 670
2025-11-13 04:48:21.800296: I external/local_xla/xla/tsl/framework/bfc_allocator.cc:1109] InUse at 14e2a567fa00 of size 3584 next 671
2025-11-13 04:48:21.800304: I external/local_xla/xla/tsl/framework/bfc_allocator.cc:1109] InUse at 14e2a5680800 of size 3584 next 672
2025-11-13 04:48:21.800311: I external/local_xla/xla/tsl/framework/bfc_allocator.cc:1109] InUse at 14e2a5681600 of size 3584 next 673
2025-11-13 04:48:21.800319: I external/local_xla/xla/tsl/framework/bfc_allocator.cc:1109] InUse at 14e2a5682400 of size 3584 next 674
2025-11-13 04:48:21.800326: I external/local_xla/xla/tsl/framework/bfc_allocator.cc:1109] InUse at 14e2a5683200 of size 3584 next 675
2025-11-13 04:48:21.800334: I external/local_xla/xla/tsl/framework/bfc_allocator.cc:1109] InUse at 14e2a5684000 of size 38400 next 676
2025-11-13 04:48:21.800341: I external/local_xla/xla/tsl/framework/bfc_allocator.cc:1109] InUse at 14e2a568d600 of size 38400 next 677
2025-11-13 04:48:21.800349: I external/local_xla/xla/tsl/framework/bfc_allocator.cc:1109] InUse at 14e2a5696c00 of size 38400 next 678
2025-11-13 04:48:21.800356: I external/local_xla/xla/tsl/framework/bfc_allocator.cc:1109] InUse at 14e2a56a0200 of size 38400 next 679
2025-11-13 04:48:21.800363: I external/local_xla/xla/tsl/framework/bfc_allocator.cc:1109] InUse at 14e2a56a9800 of size 67328 next 680
2025-11-13 04:48:21.800371: I external/local_xla/xla/tsl/framework/bfc_allocator.cc:1109] InUse at 14e2a56b9f00 of size 67328 next 681
2025-11-13 04:48:21.800381: I external/local_xla/xla/tsl/framework/bfc_allocator.cc:1109] InUse at 14e2a56ca600 of size 67328 next 682
2025-11-13 04:48:21.800389: I external/local_xla/xla/tsl/framework/bfc_allocator.cc:1109] InUse at 14e2a56dad00 of size 67328 next 683
2025-11-13 04:48:21.800397: I external/local_xla/xla/tsl/framework/bfc_allocator.cc:1109] InUse at 14e2a56eb400 of size 67328 next 684
2025-11-13 04:48:21.800404: I external/local_xla/xla/tsl/framework/bfc_allocator.cc:1109] InUse at 14e2a56fbb00 of size 67328 next 685
2025-11-13 04:48:21.800412: I external/local_xla/xla/tsl/framework/bfc_allocator.cc:1109] InUse at 14e2a570c200 of size 67328 next 686
2025-11-13 04:48:21.800419: I external/local_xla/xla/tsl/framework/bfc_allocator.cc:1109] InUse at 14e2a571c900 of size 67328 next 687
2025-11-13 04:48:21.800427: I external/local_xla/xla/tsl/framework/bfc_allocator.cc:1109] InUse at 14e2a572d000 of size 75264 next 688
2025-11-13 04:48:21.800434: I external/local_xla/xla/tsl/framework/bfc_allocator.cc:1109] InUse at 14e2a573f600 of size 75264 next 689
2025-11-13 04:48:21.800442: I external/local_xla/xla/tsl/framework/bfc_allocator.cc:1109] InUse at 14e2a5751c00 of size 75264 next 690
2025-11-13 04:48:21.800449: I external/local_xla/xla/tsl/framework/bfc_allocator.cc:1109] InUse at 14e2a5764200 of size 75264 next 691
2025-11-13 04:48:21.800456: I external/local_xla/xla/tsl/framework/bfc_allocator.cc:1109] InUse at 14e2a5776800 of size 75264 next 692
2025-11-13 04:48:21.800464: I external/local_xla/xla/tsl/framework/bfc_allocator.cc:1109] InUse at 14e2a5788e00 of size 75264 next 693
2025-11-13 04:48:21.800471: I external/local_xla/xla/tsl/framework/bfc_allocator.cc:1109] InUse at 14e2a579b400 of size 75264 next 694
2025-11-13 04:48:21.800479: I external/local_xla/xla/tsl/framework/bfc_allocator.cc:1109] InUse at 14e2a57ada00 of size 75264 next 695
2025-11-13 04:48:21.800486: I external/local_xla/xla/tsl/framework/bfc_allocator.cc:1109] InUse at 14e2a57c0000 of size 2816 next 696
2025-11-13 04:48:21.800494: I external/local_xla/xla/tsl/framework/bfc_allocator.cc:1109] InUse at 14e2a57c0b00 of size 2816 next 697
2025-11-13 04:48:21.800502: I external/local_xla/xla/tsl/framework/bfc_allocator.cc:1109] InUse at 14e2a57c1600 of size 2816 next 698
2025-11-13 04:48:21.800509: I external/local_xla/xla/tsl/framework/bfc_allocator.cc:1109] InUse at 14e2a57c2100 of size 2816 next 699
2025-11-13 04:48:21.800516: I external/local_xla/xla/tsl/framework/bfc_allocator.cc:1109] InUse at 14e2a57c2c00 of size 2816 next 700
2025-11-13 04:48:21.800524: I external/local_xla/xla/tsl/framework/bfc_allocator.cc:1109] InUse at 14e2a57c3700 of size 2816 next 701
2025-11-13 04:48:21.800531: I external/local_xla/xla/tsl/framework/bfc_allocator.cc:1109] InUse at 14e2a57c4200 of size 2816 next 702
2025-11-13 04:48:21.800539: I external/local_xla/xla/tsl/framework/bfc_allocator.cc:1109] InUse at 14e2a57c4d00 of size 2816 next 703
2025-11-13 04:48:21.800546: I external/local_xla/xla/tsl/framework/bfc_allocator.cc:1109] InUse at 14e2a57c5800 of size 2816 next 704
2025-11-13 04:48:21.800554: I external/local_xla/xla/tsl/framework/bfc_allocator.cc:1109] InUse at 14e2a57c6300 of size 2816 next 705
2025-11-13 04:48:21.800561: I external/local_xla/xla/tsl/framework/bfc_allocator.cc:1109] InUse at 14e2a57c6e00 of size 2816 next 706
2025-11-13 04:48:21.800569: I external/local_xla/xla/tsl/framework/bfc_allocator.cc:1109] InUse at 14e2a57c7900 of size 2816 next 707
2025-11-13 04:48:21.800576: I external/local_xla/xla/tsl/framework/bfc_allocator.cc:1109] InUse at 14e2a57c8400 of size 2816 next 708
2025-11-13 04:48:21.800583: I external/local_xla/xla/tsl/framework/bfc_allocator.cc:1109] InUse at 14e2a57c8f00 of size 2816 next 709
2025-11-13 04:48:21.800591: I external/local_xla/xla/tsl/framework/bfc_allocator.cc:1109] InUse at 14e2a57c9a00 of size 2816 next 710
2025-11-13 04:48:21.800598: I external/local_xla/xla/tsl/framework/bfc_allocator.cc:1109] InUse at 14e2a57ca500 of size 2816 next 711
2025-11-13 04:48:21.800610: I external/local_xla/xla/tsl/framework/bfc_allocator.cc:1109] InUse at 14e2a57cb000 of size 2816 next 712
2025-11-13 04:48:21.800618: I external/local_xla/xla/tsl/framework/bfc_allocator.cc:1109] InUse at 14e2a57cbb00 of size 2816 next 713
2025-11-13 04:48:21.800626: I external/local_xla/xla/tsl/framework/bfc_allocator.cc:1109] InUse at 14e2a57cc600 of size 2816 next 714
2025-11-13 04:48:21.800633: I external/local_xla/xla/tsl/framework/bfc_allocator.cc:1109] InUse at 14e2a57cd100 of size 2816 next 715
2025-11-13 04:48:21.800641: I external/local_xla/xla/tsl/framework/bfc_allocator.cc:1109] InUse at 14e2a57cdc00 of size 2816 next 716
2025-11-13 04:48:21.800648: I external/local_xla/xla/tsl/framework/bfc_allocator.cc:1109] InUse at 14e2a57ce700 of size 2816 next 717
2025-11-13 04:48:21.800656: I external/local_xla/xla/tsl/framework/bfc_allocator.cc:1109] InUse at 14e2a57cf200 of size 2816 next 718
2025-11-13 04:48:21.800663: I external/local_xla/xla/tsl/framework/bfc_allocator.cc:1109] InUse at 14e2a57cfd00 of size 2816 next 719
2025-11-13 04:48:21.800671: I external/local_xla/xla/tsl/framework/bfc_allocator.cc:1109] InUse at 14e2a57d0800 of size 2816 next 720
2025-11-13 04:48:21.800678: I external/local_xla/xla/tsl/framework/bfc_allocator.cc:1109] InUse at 14e2a57d1300 of size 2816 next 721
2025-11-13 04:48:21.800686: I external/local_xla/xla/tsl/framework/bfc_allocator.cc:1109] InUse at 14e2a57d1e00 of size 2816 next 722
2025-11-13 04:48:21.800693: I external/local_xla/xla/tsl/framework/bfc_allocator.cc:1109] InUse at 14e2a57d2900 of size 2816 next 723
2025-11-13 04:48:21.800701: I external/local_xla/xla/tsl/framework/bfc_allocator.cc:1109] InUse at 14e2a57d3400 of size 2816 next 724
2025-11-13 04:48:21.800708: I external/local_xla/xla/tsl/framework/bfc_allocator.cc:1109] InUse at 14e2a57d3f00 of size 2816 next 725
2025-11-13 04:48:21.800716: I external/local_xla/xla/tsl/framework/bfc_allocator.cc:1109] InUse at 14e2a57d4a00 of size 2816 next 726
2025-11-13 04:48:21.800723: I external/local_xla/xla/tsl/framework/bfc_allocator.cc:1109] InUse at 14e2a57d5500 of size 2816 next 727
2025-11-13 04:48:21.800730: I external/local_xla/xla/tsl/framework/bfc_allocator.cc:1109] InUse at 14e2a57d6000 of size 2816 next 728
2025-11-13 04:48:21.800738: I external/local_xla/xla/tsl/framework/bfc_allocator.cc:1109] InUse at 14e2a57d6b00 of size 2816 next 729
2025-11-13 04:48:21.800745: I external/local_xla/xla/tsl/framework/bfc_allocator.cc:1109] InUse at 14e2a57d7600 of size 2816 next 730
2025-11-13 04:48:21.800753: I external/local_xla/xla/tsl/framework/bfc_allocator.cc:1109] InUse at 14e2a57d8100 of size 2816 next 731
2025-11-13 04:48:21.800760: I external/local_xla/xla/tsl/framework/bfc_allocator.cc:1109] InUse at 14e2a57d8c00 of size 2816 next 732
2025-11-13 04:48:21.800768: I external/local_xla/xla/tsl/framework/bfc_allocator.cc:1109] InUse at 14e2a57d9700 of size 2816 next 733
2025-11-13 04:48:21.800775: I external/local_xla/xla/tsl/framework/bfc_allocator.cc:1109] InUse at 14e2a57da200 of size 2816 next 734
2025-11-13 04:48:21.800783: I external/local_xla/xla/tsl/framework/bfc_allocator.cc:1109] InUse at 14e2a57dad00 of size 2816 next 735
2025-11-13 04:48:21.800790: I external/local_xla/xla/tsl/framework/bfc_allocator.cc:1109] InUse at 14e2a57db800 of size 256 next 736
2025-11-13 04:48:21.800797: I external/local_xla/xla/tsl/framework/bfc_allocator.cc:1109] InUse at 14e2a57db900 of size 256 next 737
2025-11-13 04:48:21.800805: I external/local_xla/xla/tsl/framework/bfc_allocator.cc:1109] InUse at 14e2a57dba00 of size 256 next 738
2025-11-13 04:48:21.800812: I external/local_xla/xla/tsl/framework/bfc_allocator.cc:1109] InUse at 14e2a57dbb00 of size 256 next 739
2025-11-13 04:48:21.800820: I external/local_xla/xla/tsl/framework/bfc_allocator.cc:1109] InUse at 14e2a57dbc00 of size 256 next 740
2025-11-13 04:48:21.800827: I external/local_xla/xla/tsl/framework/bfc_allocator.cc:1109] InUse at 14e2a57dbd00 of size 256 next 741
2025-11-13 04:48:21.800835: I external/local_xla/xla/tsl/framework/bfc_allocator.cc:1109] InUse at 14e2a57dbe00 of size 256 next 742
2025-11-13 04:48:21.800847: I external/local_xla/xla/tsl/framework/bfc_allocator.cc:1109] InUse at 14e2a57dbf00 of size 256 next 743
2025-11-13 04:48:21.800855: I external/local_xla/xla/tsl/framework/bfc_allocator.cc:1109] InUse at 14e2a57dc000 of size 256 next 744
2025-11-13 04:48:21.800862: I external/local_xla/xla/tsl/framework/bfc_allocator.cc:1109] InUse at 14e2a57dc100 of size 256 next 745
2025-11-13 04:48:21.800870: I external/local_xla/xla/tsl/framework/bfc_allocator.cc:1109] InUse at 14e2a57dc200 of size 256 next 746
2025-11-13 04:48:21.800877: I external/local_xla/xla/tsl/framework/bfc_allocator.cc:1109] InUse at 14e2a57dc300 of size 256 next 747
2025-11-13 04:48:21.800885: I external/local_xla/xla/tsl/framework/bfc_allocator.cc:1109] InUse at 14e2a57dc400 of size 13824 next 748
2025-11-13 04:48:21.800892: I external/local_xla/xla/tsl/framework/bfc_allocator.cc:1109] InUse at 14e2a57dfa00 of size 13824 next 749
2025-11-13 04:48:21.800900: I external/local_xla/xla/tsl/framework/bfc_allocator.cc:1109] InUse at 14e2a57e3000 of size 13824 next 750
2025-11-13 04:48:21.800907: I external/local_xla/xla/tsl/framework/bfc_allocator.cc:1109] InUse at 14e2a57e6600 of size 13824 next 751
2025-11-13 04:48:21.800915: I external/local_xla/xla/tsl/framework/bfc_allocator.cc:1109] InUse at 14e2a57e9c00 of size 13824 next 752
2025-11-13 04:48:21.800922: I external/local_xla/xla/tsl/framework/bfc_allocator.cc:1109] InUse at 14e2a57ed200 of size 13824 next 753
2025-11-13 04:48:21.800929: I external/local_xla/xla/tsl/framework/bfc_allocator.cc:1109] InUse at 14e2a57f0800 of size 768 next 754
2025-11-13 04:48:21.800937: I external/local_xla/xla/tsl/framework/bfc_allocator.cc:1109] InUse at 14e2a57f0b00 of size 768 next 755
2025-11-13 04:48:21.800944: I external/local_xla/xla/tsl/framework/bfc_allocator.cc:1109] InUse at 14e2a57f0e00 of size 768 next 756
2025-11-13 04:48:21.800952: I external/local_xla/xla/tsl/framework/bfc_allocator.cc:1109] InUse at 14e2a57f1100 of size 768 next 757
2025-11-13 04:48:21.800959: I external/local_xla/xla/tsl/framework/bfc_allocator.cc:1109] InUse at 14e2a57f1400 of size 768 next 758
2025-11-13 04:48:21.800967: I external/local_xla/xla/tsl/framework/bfc_allocator.cc:1109] InUse at 14e2a57f1700 of size 768 next 759
2025-11-13 04:48:21.800974: I external/local_xla/xla/tsl/framework/bfc_allocator.cc:1109] InUse at 14e2a57f1a00 of size 768 next 760
2025-11-13 04:48:21.800982: I external/local_xla/xla/tsl/framework/bfc_allocator.cc:1109] InUse at 14e2a57f1d00 of size 768 next 761
2025-11-13 04:48:21.800989: I external/local_xla/xla/tsl/framework/bfc_allocator.cc:1109] InUse at 14e2a57f2000 of size 768 next 762
2025-11-13 04:48:21.800996: I external/local_xla/xla/tsl/framework/bfc_allocator.cc:1109] InUse at 14e2a57f2300 of size 768 next 763
2025-11-13 04:48:21.801004: I external/local_xla/xla/tsl/framework/bfc_allocator.cc:1109] InUse at 14e2a57f2600 of size 768 next 764
2025-11-13 04:48:21.801011: I external/local_xla/xla/tsl/framework/bfc_allocator.cc:1109] InUse at 14e2a57f2900 of size 768 next 765
2025-11-13 04:48:21.801019: I external/local_xla/xla/tsl/framework/bfc_allocator.cc:1109] InUse at 14e2a57f2c00 of size 768 next 766
2025-11-13 04:48:21.801026: I external/local_xla/xla/tsl/framework/bfc_allocator.cc:1109] InUse at 14e2a57f2f00 of size 768 next 767
2025-11-13 04:48:21.801033: I external/local_xla/xla/tsl/framework/bfc_allocator.cc:1109] InUse at 14e2a57f3200 of size 768 next 768
2025-11-13 04:48:21.801041: I external/local_xla/xla/tsl/framework/bfc_allocator.cc:1109] InUse at 14e2a57f3500 of size 768 next 769
2025-11-13 04:48:21.801048: I external/local_xla/xla/tsl/framework/bfc_allocator.cc:1109] InUse at 14e2a57f3800 of size 768 next 770
2025-11-13 04:48:21.801056: I external/local_xla/xla/tsl/framework/bfc_allocator.cc:1109] InUse at 14e2a57f3b00 of size 768 next 771
2025-11-13 04:48:21.801063: I external/local_xla/xla/tsl/framework/bfc_allocator.cc:1109] InUse at 14e2a57f3e00 of size 768 next 772
2025-11-13 04:48:21.801071: I external/local_xla/xla/tsl/framework/bfc_allocator.cc:1109] InUse at 14e2a57f4100 of size 768 next 773
2025-11-13 04:48:21.801081: I external/local_xla/xla/tsl/framework/bfc_allocator.cc:1109] InUse at 14e2a57f4400 of size 768 next 774
2025-11-13 04:48:21.801089: I external/local_xla/xla/tsl/framework/bfc_allocator.cc:1109] InUse at 14e2a57f4700 of size 768 next 775
2025-11-13 04:48:21.801096: I external/local_xla/xla/tsl/framework/bfc_allocator.cc:1109] InUse at 14e2a57f4a00 of size 768 next 776
2025-11-13 04:48:21.801104: I external/local_xla/xla/tsl/framework/bfc_allocator.cc:1109] InUse at 14e2a57f4d00 of size 768 next 777
2025-11-13 04:48:21.801111: I external/local_xla/xla/tsl/framework/bfc_allocator.cc:1109] InUse at 14e2a57f5000 of size 768 next 778
2025-11-13 04:48:21.801119: I external/local_xla/xla/tsl/framework/bfc_allocator.cc:1109] InUse at 14e2a57f5300 of size 768 next 779
2025-11-13 04:48:21.801126: I external/local_xla/xla/tsl/framework/bfc_allocator.cc:1109] InUse at 14e2a57f5600 of size 768 next 780
2025-11-13 04:48:21.801136: I external/local_xla/xla/tsl/framework/bfc_allocator.cc:1109] InUse at 14e2a57f5900 of size 768 next 781
2025-11-13 04:48:21.801144: I external/local_xla/xla/tsl/framework/bfc_allocator.cc:1109] InUse at 14e2a57f5c00 of size 768 next 782
2025-11-13 04:48:21.801152: I external/local_xla/xla/tsl/framework/bfc_allocator.cc:1109] InUse at 14e2a57f5f00 of size 768 next 783
2025-11-13 04:48:21.801159: I external/local_xla/xla/tsl/framework/bfc_allocator.cc:1109] InUse at 14e2a57f6200 of size 256 next 784
2025-11-13 04:48:21.801167: I external/local_xla/xla/tsl/framework/bfc_allocator.cc:1109] InUse at 14e2a57f6300 of size 256 next 785
2025-11-13 04:48:21.801174: I external/local_xla/xla/tsl/framework/bfc_allocator.cc:1109] InUse at 14e2a57f6400 of size 256 next 786
2025-11-13 04:48:21.801182: I external/local_xla/xla/tsl/framework/bfc_allocator.cc:1109] InUse at 14e2a57f6500 of size 256 next 787
2025-11-13 04:48:21.801189: I external/local_xla/xla/tsl/framework/bfc_allocator.cc:1109] InUse at 14e2a57f6600 of size 256 next 788
2025-11-13 04:48:21.801197: I external/local_xla/xla/tsl/framework/bfc_allocator.cc:1109] InUse at 14e2a57f6700 of size 256 next 789
2025-11-13 04:48:21.801204: I external/local_xla/xla/tsl/framework/bfc_allocator.cc:1109] InUse at 14e2a57f6800 of size 256 next 790
2025-11-13 04:48:21.801211: I external/local_xla/xla/tsl/framework/bfc_allocator.cc:1109] InUse at 14e2a57f6900 of size 256 next 791
2025-11-13 04:48:21.801219: I external/local_xla/xla/tsl/framework/bfc_allocator.cc:1109] InUse at 14e2a57f6a00 of size 153600 next 792
2025-11-13 04:48:21.801226: I external/local_xla/xla/tsl/framework/bfc_allocator.cc:1109] InUse at 14e2a581c200 of size 153600 next 793
2025-11-13 04:48:21.801234: I external/local_xla/xla/tsl/framework/bfc_allocator.cc:1109] InUse at 14e2a5841a00 of size 153600 next 794
2025-11-13 04:48:21.801241: I external/local_xla/xla/tsl/framework/bfc_allocator.cc:1109] InUse at 14e2a5867200 of size 153600 next 795
2025-11-13 04:48:21.801249: I external/local_xla/xla/tsl/framework/bfc_allocator.cc:1109] InUse at 14e2a588ca00 of size 153600 next 796
2025-11-13 04:48:21.801256: I external/local_xla/xla/tsl/framework/bfc_allocator.cc:1109] InUse at 14e2a58b2200 of size 153600 next 797
2025-11-13 04:48:21.801264: I external/local_xla/xla/tsl/framework/bfc_allocator.cc:1109] InUse at 14e2a58d7a00 of size 153600 next 798
2025-11-13 04:48:21.801271: I external/local_xla/xla/tsl/framework/bfc_allocator.cc:1109] InUse at 14e2a58fd200 of size 153600 next 799
2025-11-13 04:48:21.801279: I external/local_xla/xla/tsl/framework/bfc_allocator.cc:1109] InUse at 14e2a5922a00 of size 9728 next 800
2025-11-13 04:48:21.801286: I external/local_xla/xla/tsl/framework/bfc_allocator.cc:1109] InUse at 14e2a5925000 of size 9728 next 801
2025-11-13 04:48:21.801294: I external/local_xla/xla/tsl/framework/bfc_allocator.cc:1109] InUse at 14e2a5927600 of size 9728 next 802
2025-11-13 04:48:21.801301: I external/local_xla/xla/tsl/framework/bfc_allocator.cc:1109] InUse at 14e2a5929c00 of size 9728 next 803
2025-11-13 04:48:21.801312: I external/local_xla/xla/tsl/framework/bfc_allocator.cc:1109] InUse at 14e2a592c200 of size 9728 next 804
2025-11-13 04:48:21.801320: I external/local_xla/xla/tsl/framework/bfc_allocator.cc:1109] InUse at 14e2a592e800 of size 9728 next 805
2025-11-13 04:48:21.801328: I external/local_xla/xla/tsl/framework/bfc_allocator.cc:1109] InUse at 14e2a5930e00 of size 2048 next 806
2025-11-13 04:48:21.801335: I external/local_xla/xla/tsl/framework/bfc_allocator.cc:1109] InUse at 14e2a5931600 of size 2048 next 807
2025-11-13 04:48:21.801343: I external/local_xla/xla/tsl/framework/bfc_allocator.cc:1109] InUse at 14e2a5931e00 of size 2048 next 808
2025-11-13 04:48:21.801350: I external/local_xla/xla/tsl/framework/bfc_allocator.cc:1109] InUse at 14e2a5932600 of size 2048 next 809
2025-11-13 04:48:21.801358: I external/local_xla/xla/tsl/framework/bfc_allocator.cc:1109] InUse at 14e2a5932e00 of size 2048 next 810
2025-11-13 04:48:21.801365: I external/local_xla/xla/tsl/framework/bfc_allocator.cc:1109] InUse at 14e2a5933600 of size 2048 next 811
2025-11-13 04:48:21.801373: I external/local_xla/xla/tsl/framework/bfc_allocator.cc:1109] InUse at 14e2a5933e00 of size 2048 next 812
2025-11-13 04:48:21.801380: I external/local_xla/xla/tsl/framework/bfc_allocator.cc:1109] InUse at 14e2a5934600 of size 2048 next 813
2025-11-13 04:48:21.801388: I external/local_xla/xla/tsl/framework/bfc_allocator.cc:1109] InUse at 14e2a5934e00 of size 2048 next 814
2025-11-13 04:48:21.801395: I external/local_xla/xla/tsl/framework/bfc_allocator.cc:1109] InUse at 14e2a5935600 of size 2048 next 815
2025-11-13 04:48:21.801403: I external/local_xla/xla/tsl/framework/bfc_allocator.cc:1109] InUse at 14e2a5935e00 of size 2048 next 816
2025-11-13 04:48:21.801410: I external/local_xla/xla/tsl/framework/bfc_allocator.cc:1109] InUse at 14e2a5936600 of size 2048 next 817
2025-11-13 04:48:21.801417: I external/local_xla/xla/tsl/framework/bfc_allocator.cc:1109] InUse at 14e2a5936e00 of size 2048 next 818
2025-11-13 04:48:21.801425: I external/local_xla/xla/tsl/framework/bfc_allocator.cc:1109] InUse at 14e2a5937600 of size 2048 next 819
2025-11-13 04:48:21.801432: I external/local_xla/xla/tsl/framework/bfc_allocator.cc:1109] InUse at 14e2a5937e00 of size 2048 next 820
2025-11-13 04:48:21.801440: I external/local_xla/xla/tsl/framework/bfc_allocator.cc:1109] InUse at 14e2a5938600 of size 2048 next 821
2025-11-13 04:48:21.801447: I external/local_xla/xla/tsl/framework/bfc_allocator.cc:1109] InUse at 14e2a5938e00 of size 2048 next 822
2025-11-13 04:48:21.801455: I external/local_xla/xla/tsl/framework/bfc_allocator.cc:1109] InUse at 14e2a5939600 of size 2048 next 823
2025-11-13 04:48:21.801462: I external/local_xla/xla/tsl/framework/bfc_allocator.cc:1109] InUse at 14e2a5939e00 of size 2048 next 824
2025-11-13 04:48:21.801470: I external/local_xla/xla/tsl/framework/bfc_allocator.cc:1109] InUse at 14e2a593a600 of size 2048 next 825
2025-11-13 04:48:21.801477: I external/local_xla/xla/tsl/framework/bfc_allocator.cc:1109] InUse at 14e2a593ae00 of size 2048 next 826
2025-11-13 04:48:21.801485: I external/local_xla/xla/tsl/framework/bfc_allocator.cc:1109] InUse at 14e2a593b600 of size 2048 next 827
2025-11-13 04:48:21.801492: I external/local_xla/xla/tsl/framework/bfc_allocator.cc:1109] InUse at 14e2a593be00 of size 2048 next 828
2025-11-13 04:48:21.801499: I external/local_xla/xla/tsl/framework/bfc_allocator.cc:1109] InUse at 14e2a593c600 of size 2048 next 829
2025-11-13 04:48:21.801507: I external/local_xla/xla/tsl/framework/bfc_allocator.cc:1109] InUse at 14e2a593ce00 of size 2048 next 830
2025-11-13 04:48:21.801514: I external/local_xla/xla/tsl/framework/bfc_allocator.cc:1109] InUse at 14e2a593d600 of size 2048 next 831
2025-11-13 04:48:21.801522: I external/local_xla/xla/tsl/framework/bfc_allocator.cc:1109] InUse at 14e2a593de00 of size 2048 next 832
2025-11-13 04:48:21.801529: I external/local_xla/xla/tsl/framework/bfc_allocator.cc:1109] InUse at 14e2a593e600 of size 2048 next 833
2025-11-13 04:48:21.801537: I external/local_xla/xla/tsl/framework/bfc_allocator.cc:1109] InUse at 14e2a593ee00 of size 2048 next 834
2025-11-13 04:48:21.801547: I external/local_xla/xla/tsl/framework/bfc_allocator.cc:1109] InUse at 14e2a593f600 of size 2048 next 835
2025-11-13 04:48:21.801555: I external/local_xla/xla/tsl/framework/bfc_allocator.cc:1109] InUse at 14e2a593fe00 of size 2048 next 836
2025-11-13 04:48:21.801563: I external/local_xla/xla/tsl/framework/bfc_allocator.cc:1109] InUse at 14e2a5940600 of size 2048 next 837
2025-11-13 04:48:21.801570: I external/local_xla/xla/tsl/framework/bfc_allocator.cc:1109] InUse at 14e2a5940e00 of size 2048 next 838
2025-11-13 04:48:21.801578: I external/local_xla/xla/tsl/framework/bfc_allocator.cc:1109] InUse at 14e2a5941600 of size 2048 next 839
2025-11-13 04:48:21.801585: I external/local_xla/xla/tsl/framework/bfc_allocator.cc:1109] InUse at 14e2a5941e00 of size 2048 next 840
2025-11-13 04:48:21.801593: I external/local_xla/xla/tsl/framework/bfc_allocator.cc:1109] InUse at 14e2a5942600 of size 2048 next 841
2025-11-13 04:48:21.801600: I external/local_xla/xla/tsl/framework/bfc_allocator.cc:1109] InUse at 14e2a5942e00 of size 2048 next 842
2025-11-13 04:48:21.801608: I external/local_xla/xla/tsl/framework/bfc_allocator.cc:1109] InUse at 14e2a5943600 of size 2048 next 843
2025-11-13 04:48:21.801615: I external/local_xla/xla/tsl/framework/bfc_allocator.cc:1109] InUse at 14e2a5943e00 of size 2048 next 844
2025-11-13 04:48:21.801623: I external/local_xla/xla/tsl/framework/bfc_allocator.cc:1109] InUse at 14e2a5944600 of size 2048 next 845
2025-11-13 04:48:21.801630: I external/local_xla/xla/tsl/framework/bfc_allocator.cc:1109] InUse at 14e2a5944e00 of size 221184 next 846
2025-11-13 04:48:21.801638: I external/local_xla/xla/tsl/framework/bfc_allocator.cc:1109] InUse at 14e2a597ae00 of size 221184 next 847
2025-11-13 04:48:21.801645: I external/local_xla/xla/tsl/framework/bfc_allocator.cc:1109] InUse at 14e2a59b0e00 of size 221184 next 848
2025-11-13 04:48:21.801652: I external/local_xla/xla/tsl/framework/bfc_allocator.cc:1109] InUse at 14e2a59e6e00 of size 221184 next 849
2025-11-13 04:48:21.801660: I external/local_xla/xla/tsl/framework/bfc_allocator.cc:1109] InUse at 14e2a5a1ce00 of size 221184 next 850
2025-11-13 04:48:21.801667: I external/local_xla/xla/tsl/framework/bfc_allocator.cc:1109] InUse at 14e2a5a52e00 of size 221184 next 851
2025-11-13 04:48:21.801675: I external/local_xla/xla/tsl/framework/bfc_allocator.cc:1109] InUse at 14e2a5a88e00 of size 221184 next 852
2025-11-13 04:48:21.801682: I external/local_xla/xla/tsl/framework/bfc_allocator.cc:1109] InUse at 14e2a5abee00 of size 221184 next 853
2025-11-13 04:48:21.801690: I external/local_xla/xla/tsl/framework/bfc_allocator.cc:1109] InUse at 14e2a5af4e00 of size 221184 next 854
2025-11-13 04:48:21.801697: I external/local_xla/xla/tsl/framework/bfc_allocator.cc:1109] InUse at 14e2a5b2ae00 of size 221184 next 855
2025-11-13 04:48:21.801705: I external/local_xla/xla/tsl/framework/bfc_allocator.cc:1109] InUse at 14e2a5b60e00 of size 1024 next 856
2025-11-13 04:48:21.801712: I external/local_xla/xla/tsl/framework/bfc_allocator.cc:1109] InUse at 14e2a5b61200 of size 1024 next 857
2025-11-13 04:48:21.801720: I external/local_xla/xla/tsl/framework/bfc_allocator.cc:1109] InUse at 14e2a5b61600 of size 1024 next 858
2025-11-13 04:48:21.801727: I external/local_xla/xla/tsl/framework/bfc_allocator.cc:1109] InUse at 14e2a5b61a00 of size 1024 next 859
2025-11-13 04:48:21.801735: I external/local_xla/xla/tsl/framework/bfc_allocator.cc:1109] InUse at 14e2a5b61e00 of size 1024 next 860
2025-11-13 04:48:21.801742: I external/local_xla/xla/tsl/framework/bfc_allocator.cc:1109] InUse at 14e2a5b62200 of size 1024 next 861
2025-11-13 04:48:21.801750: I external/local_xla/xla/tsl/framework/bfc_allocator.cc:1109] InUse at 14e2a5b62600 of size 1024 next 862
2025-11-13 04:48:21.801757: I external/local_xla/xla/tsl/framework/bfc_allocator.cc:1109] InUse at 14e2a5b62a00 of size 1024 next 863
2025-11-13 04:48:21.801765: I external/local_xla/xla/tsl/framework/bfc_allocator.cc:1109] InUse at 14e2a5b62e00 of size 1024 next 864
2025-11-13 04:48:21.801775: I external/local_xla/xla/tsl/framework/bfc_allocator.cc:1109] InUse at 14e2a5b63200 of size 1024 next 865
2025-11-13 04:48:21.801783: I external/local_xla/xla/tsl/framework/bfc_allocator.cc:1109] InUse at 14e2a5b63600 of size 1024 next 866
2025-11-13 04:48:21.801790: I external/local_xla/xla/tsl/framework/bfc_allocator.cc:1109] InUse at 14e2a5b63a00 of size 1024 next 867
2025-11-13 04:48:21.801798: I external/local_xla/xla/tsl/framework/bfc_allocator.cc:1109] InUse at 14e2a5b63e00 of size 1024 next 868
2025-11-13 04:48:21.801806: I external/local_xla/xla/tsl/framework/bfc_allocator.cc:1109] InUse at 14e2a5b64200 of size 1024 next 869
2025-11-13 04:48:21.801813: I external/local_xla/xla/tsl/framework/bfc_allocator.cc:1109] InUse at 14e2a5b64600 of size 1024 next 870
2025-11-13 04:48:21.801820: I external/local_xla/xla/tsl/framework/bfc_allocator.cc:1109] InUse at 14e2a5b64a00 of size 1024 next 871
2025-11-13 04:48:21.801828: I external/local_xla/xla/tsl/framework/bfc_allocator.cc:1109] InUse at 14e2a5b64e00 of size 1024 next 872
2025-11-13 04:48:21.801835: I external/local_xla/xla/tsl/framework/bfc_allocator.cc:1109] InUse at 14e2a5b65200 of size 1024 next 873
2025-11-13 04:48:21.801843: I external/local_xla/xla/tsl/framework/bfc_allocator.cc:1109] InUse at 14e2a5b65600 of size 1024 next 874
2025-11-13 04:48:21.801850: I external/local_xla/xla/tsl/framework/bfc_allocator.cc:1109] InUse at 14e2a5b65a00 of size 1024 next 875
2025-11-13 04:48:21.801858: I external/local_xla/xla/tsl/framework/bfc_allocator.cc:1109] InUse at 14e2a5b65e00 of size 1024 next 876
2025-11-13 04:48:21.801865: I external/local_xla/xla/tsl/framework/bfc_allocator.cc:1109] InUse at 14e2a5b66200 of size 1024 next 877
2025-11-13 04:48:21.801873: I external/local_xla/xla/tsl/framework/bfc_allocator.cc:1109] InUse at 14e2a5b66600 of size 1024 next 878
2025-11-13 04:48:21.801880: I external/local_xla/xla/tsl/framework/bfc_allocator.cc:1109] InUse at 14e2a5b66a00 of size 1024 next 879
2025-11-13 04:48:21.801888: I external/local_xla/xla/tsl/framework/bfc_allocator.cc:1109] InUse at 14e2a5b66e00 of size 1024 next 880
2025-11-13 04:48:21.801895: I external/local_xla/xla/tsl/framework/bfc_allocator.cc:1109] InUse at 14e2a5b67200 of size 1024 next 881
2025-11-13 04:48:21.801903: I external/local_xla/xla/tsl/framework/bfc_allocator.cc:1109] InUse at 14e2a5b67600 of size 1024 next 882
2025-11-13 04:48:21.801910: I external/local_xla/xla/tsl/framework/bfc_allocator.cc:1109] InUse at 14e2a5b67a00 of size 1024 next 883
2025-11-13 04:48:21.801918: I external/local_xla/xla/tsl/framework/bfc_allocator.cc:1109] InUse at 14e2a5b67e00 of size 1024 next 884
2025-11-13 04:48:21.801925: I external/local_xla/xla/tsl/framework/bfc_allocator.cc:1109] InUse at 14e2a5b68200 of size 1024 next 885
2025-11-13 04:48:21.801933: I external/local_xla/xla/tsl/framework/bfc_allocator.cc:1109] InUse at 14e2a5b68600 of size 115200 next 886
2025-11-13 04:48:21.801940: I external/local_xla/xla/tsl/framework/bfc_allocator.cc:1109] InUse at 14e2a5b84800 of size 115200 next 887
2025-11-13 04:48:21.801948: I external/local_xla/xla/tsl/framework/bfc_allocator.cc:1109] InUse at 14e2a5ba0a00 of size 115200 next 888
2025-11-13 04:48:21.801955: I external/local_xla/xla/tsl/framework/bfc_allocator.cc:1109] InUse at 14e2a5bbcc00 of size 115200 next 889
2025-11-13 04:48:21.801963: I external/local_xla/xla/tsl/framework/bfc_allocator.cc:1109] InUse at 14e2a5bd8e00 of size 115200 next 890
2025-11-13 04:48:21.801970: I external/local_xla/xla/tsl/framework/bfc_allocator.cc:1109] InUse at 14e2a5bf5000 of size 115200 next 891
2025-11-13 04:48:21.801978: I external/local_xla/xla/tsl/framework/bfc_allocator.cc:1109] InUse at 14e2a5c11200 of size 115200 next 892
2025-11-13 04:48:21.801985: I external/local_xla/xla/tsl/framework/bfc_allocator.cc:1109] InUse at 14e2a5c2d400 of size 115200 next 893
2025-11-13 04:48:21.801993: I external/local_xla/xla/tsl/framework/bfc_allocator.cc:1109] InUse at 14e2a5c49600 of size 256 next 894
2025-11-13 04:48:21.802000: I external/local_xla/xla/tsl/framework/bfc_allocator.cc:1109] InUse at 14e2a5c49700 of size 256 next 895
2025-11-13 04:48:21.802011: I external/local_xla/xla/tsl/framework/bfc_allocator.cc:1109] InUse at 14e2a5c49800 of size 256 next 896
2025-11-13 04:48:21.802019: I external/local_xla/xla/tsl/framework/bfc_allocator.cc:1109] InUse at 14e2a5c49900 of size 256 next 897
2025-11-13 04:48:21.802026: I external/local_xla/xla/tsl/framework/bfc_allocator.cc:1109] InUse at 14e2a5c49a00 of size 256 next 898
2025-11-13 04:48:21.802034: I external/local_xla/xla/tsl/framework/bfc_allocator.cc:1109] InUse at 14e2a5c49b00 of size 256 next 899
2025-11-13 04:48:21.802041: I external/local_xla/xla/tsl/framework/bfc_allocator.cc:1109] InUse at 14e2a5c49c00 of size 256 next 900
2025-11-13 04:48:21.802049: I external/local_xla/xla/tsl/framework/bfc_allocator.cc:1109] InUse at 14e2a5c49d00 of size 256 next 901
2025-11-13 04:48:21.802056: I external/local_xla/xla/tsl/framework/bfc_allocator.cc:1109] InUse at 14e2a5c49e00 of size 256 next 902
2025-11-13 04:48:21.802064: I external/local_xla/xla/tsl/framework/bfc_allocator.cc:1109] InUse at 14e2a5c49f00 of size 256 next 903
2025-11-13 04:48:21.802071: I external/local_xla/xla/tsl/framework/bfc_allocator.cc:1109] InUse at 14e2a5c4a000 of size 884736 next 904
2025-11-13 04:48:21.802079: I external/local_xla/xla/tsl/framework/bfc_allocator.cc:1109] InUse at 14e2a5d22000 of size 884736 next 905
2025-11-13 04:48:21.802086: I external/local_xla/xla/tsl/framework/bfc_allocator.cc:1109] InUse at 14e2a5dfa000 of size 884736 next 906
2025-11-13 04:48:21.802094: I external/local_xla/xla/tsl/framework/bfc_allocator.cc:1109] InUse at 14e2a5ed2000 of size 1236992 next 18446744073709551615
2025-11-13 04:48:21.802101: I external/local_xla/xla/tsl/framework/bfc_allocator.cc:1089] Next region of size 16777216
2025-11-13 04:48:21.802109: I external/local_xla/xla/tsl/framework/bfc_allocator.cc:1109] InUse at 14e2a6000000 of size 221184 next 396
2025-11-13 04:48:21.802117: I external/local_xla/xla/tsl/framework/bfc_allocator.cc:1109] InUse at 14e2a6036000 of size 221184 next 398
2025-11-13 04:48:21.802124: I external/local_xla/xla/tsl/framework/bfc_allocator.cc:1109] InUse at 14e2a606c000 of size 221184 next 416
2025-11-13 04:48:21.802134: I external/local_xla/xla/tsl/framework/bfc_allocator.cc:1109] InUse at 14e2a60a2000 of size 221184 next 384
2025-11-13 04:48:21.802142: I external/local_xla/xla/tsl/framework/bfc_allocator.cc:1109] InUse at 14e2a60d8000 of size 884736 next 385
2025-11-13 04:48:21.802149: I external/local_xla/xla/tsl/framework/bfc_allocator.cc:1109] InUse at 14e2a61b0000 of size 221184 next 418
2025-11-13 04:48:21.802157: I external/local_xla/xla/tsl/framework/bfc_allocator.cc:1109] InUse at 14e2a61e6000 of size 38400 next 142
2025-11-13 04:48:21.802164: I external/local_xla/xla/tsl/framework/bfc_allocator.cc:1109] InUse at 14e2a61ef600 of size 76800 next 205
2025-11-13 04:48:21.802172: I external/local_xla/xla/tsl/framework/bfc_allocator.cc:1109] InUse at 14e2a6202200 of size 105984 next 437
2025-11-13 04:48:21.802181: I external/local_xla/xla/tsl/framework/bfc_allocator.cc:1109] InUse at 14e2a621c000 of size 221184 next 438
2025-11-13 04:48:21.802189: I external/local_xla/xla/tsl/framework/bfc_allocator.cc:1109] InUse at 14e2a6252000 of size 221184 next 400
2025-11-13 04:48:21.802196: I external/local_xla/xla/tsl/framework/bfc_allocator.cc:1109] InUse at 14e2a6288000 of size 884736 next 401
2025-11-13 04:48:21.802204: I external/local_xla/xla/tsl/framework/bfc_allocator.cc:1109] InUse at 14e2a6360000 of size 884736 next 407
2025-11-13 04:48:21.802211: I external/local_xla/xla/tsl/framework/bfc_allocator.cc:1109] InUse at 14e2a6438000 of size 221184 next 455
2025-11-13 04:48:21.802218: I external/local_xla/xla/tsl/framework/bfc_allocator.cc:1109] InUse at 14e2a646e000 of size 221184 next 471
2025-11-13 04:48:21.802226: I external/local_xla/xla/tsl/framework/bfc_allocator.cc:1109] InUse at 14e2a64a4000 of size 221184 next 467
2025-11-13 04:48:21.802233: I external/local_xla/xla/tsl/framework/bfc_allocator.cc:1109] InUse at 14e2a64da000 of size 69120 next 456
2025-11-13 04:48:21.802244: I external/local_xla/xla/tsl/framework/bfc_allocator.cc:1109] InUse at 14e2a64eae00 of size 152064 next 420
2025-11-13 04:48:21.802252: I external/local_xla/xla/tsl/framework/bfc_allocator.cc:1109] InUse at 14e2a6510000 of size 884736 next 421
2025-11-13 04:48:21.802260: I external/local_xla/xla/tsl/framework/bfc_allocator.cc:1109] InUse at 14e2a65e8000 of size 884736 next 427
2025-11-13 04:48:21.802267: I external/local_xla/xla/tsl/framework/bfc_allocator.cc:1109] InUse at 14e2a66c0000 of size 884736 next 440
2025-11-13 04:48:21.802275: I external/local_xla/xla/tsl/framework/bfc_allocator.cc:1109] InUse at 14e2a6798000 of size 884736 next 446
2025-11-13 04:48:21.802282: I external/local_xla/xla/tsl/framework/bfc_allocator.cc:1109] InUse at 14e2a6870000 of size 221184 next 478
2025-11-13 04:48:21.802290: I external/local_xla/xla/tsl/framework/bfc_allocator.cc:1109] InUse at 14e2a68a6000 of size 215040 next 289
2025-11-13 04:48:21.802298: I external/local_xla/xla/tsl/framework/bfc_allocator.cc:1109] InUse at 14e2a68da800 of size 448512 next 460
2025-11-13 04:48:21.802305: I external/local_xla/xla/tsl/framework/bfc_allocator.cc:1109] InUse at 14e2a6948000 of size 884736 next 461
2025-11-13 04:48:21.802313: I external/local_xla/xla/tsl/framework/bfc_allocator.cc:1109] InUse at 14e2a6a20000 of size 2457600 next 472
2025-11-13 04:48:21.802320: I external/local_xla/xla/tsl/framework/bfc_allocator.cc:1109] InUse at 14e2a6c78000 of size 614400 next 546
2025-11-13 04:48:21.802328: I external/local_xla/xla/tsl/framework/bfc_allocator.cc:1109] InUse at 14e2a6d0e000 of size 696320 next 242
2025-11-13 04:48:21.802336: I external/local_xla/xla/tsl/framework/bfc_allocator.cc:1109] InUse at 14e2a6db8000 of size 655360 next 283
2025-11-13 04:48:21.802343: I external/local_xla/xla/tsl/framework/bfc_allocator.cc:1109] InUse at 14e2a6e58000 of size 1736704 next 18446744073709551615
2025-11-13 04:48:21.802351: I external/local_xla/xla/tsl/framework/bfc_allocator.cc:1089] Next region of size 2097152
2025-11-13 04:48:21.802358: I external/local_xla/xla/tsl/framework/bfc_allocator.cc:1109] InUse at 14e2d9800000 of size 1280 next 1
2025-11-13 04:48:21.802366: I external/local_xla/xla/tsl/framework/bfc_allocator.cc:1109] InUse at 14e2d9800500 of size 263424 next 2
2025-11-13 04:48:21.802374: I external/local_xla/xla/tsl/framework/bfc_allocator.cc:1109] InUse at 14e2d9840a00 of size 131840 next 3
2025-11-13 04:48:21.802383: I external/local_xla/xla/tsl/framework/bfc_allocator.cc:1109] InUse at 14e2d9860d00 of size 256 next 4
2025-11-13 04:48:21.802391: I external/local_xla/xla/tsl/framework/bfc_allocator.cc:1109] InUse at 14e2d9860e00 of size 256 next 5
2025-11-13 04:48:21.802398: I external/local_xla/xla/tsl/framework/bfc_allocator.cc:1109] InUse at 14e2d9860f00 of size 256 next 6
2025-11-13 04:48:21.802406: I external/local_xla/xla/tsl/framework/bfc_allocator.cc:1109] InUse at 14e2d9861000 of size 256 next 7
2025-11-13 04:48:21.802413: I external/local_xla/xla/tsl/framework/bfc_allocator.cc:1109] InUse at 14e2d9861100 of size 256 next 8
2025-11-13 04:48:21.802421: I external/local_xla/xla/tsl/framework/bfc_allocator.cc:1109] InUse at 14e2d9861200 of size 263424 next 9
2025-11-13 04:48:21.802428: I external/local_xla/xla/tsl/framework/bfc_allocator.cc:1109] InUse at 14e2d98a1700 of size 131840 next 10
2025-11-13 04:48:21.802436: I external/local_xla/xla/tsl/framework/bfc_allocator.cc:1109] InUse at 14e2d98c1a00 of size 256 next 11
2025-11-13 04:48:21.802443: I external/local_xla/xla/tsl/framework/bfc_allocator.cc:1109] InUse at 14e2d98c1b00 of size 1303808 next 18446744073709551615
2025-11-13 04:48:21.802451: I external/local_xla/xla/tsl/framework/bfc_allocator.cc:1089] Next region of size 4194304
2025-11-13 04:48:21.802459: I external/local_xla/xla/tsl/framework/bfc_allocator.cc:1109] InUse at 14e2d9a00000 of size 4194304 next 18446744073709551615
2025-11-13 04:48:21.802466: I external/local_xla/xla/tsl/framework/bfc_allocator.cc:1089] Next region of size 8388608
2025-11-13 04:48:21.802476: I external/local_xla/xla/tsl/framework/bfc_allocator.cc:1109] InUse at 14e2db000000 of size 256 next 14
2025-11-13 04:48:21.802485: I external/local_xla/xla/tsl/framework/bfc_allocator.cc:1109] InUse at 14e2db000100 of size 256 next 15
2025-11-13 04:48:21.802492: I external/local_xla/xla/tsl/framework/bfc_allocator.cc:1109] InUse at 14e2db000200 of size 256 next 16
2025-11-13 04:48:21.802500: I external/local_xla/xla/tsl/framework/bfc_allocator.cc:1109] InUse at 14e2db000300 of size 256 next 17
2025-11-13 04:48:21.802507: I external/local_xla/xla/tsl/framework/bfc_allocator.cc:1109] InUse at 14e2db000400 of size 256 next 19
2025-11-13 04:48:21.802515: I external/local_xla/xla/tsl/framework/bfc_allocator.cc:1109] InUse at 14e2db000500 of size 256 next 20
2025-11-13 04:48:21.802522: I external/local_xla/xla/tsl/framework/bfc_allocator.cc:1109] InUse at 14e2db000600 of size 256 next 513
2025-11-13 04:48:21.802529: I external/local_xla/xla/tsl/framework/bfc_allocator.cc:1109] InUse at 14e2db000700 of size 256 next 21
2025-11-13 04:48:21.802537: I external/local_xla/xla/tsl/framework/bfc_allocator.cc:1109] InUse at 14e2db000800 of size 256 next 22
2025-11-13 04:48:21.802544: I external/local_xla/xla/tsl/framework/bfc_allocator.cc:1109] InUse at 14e2db000900 of size 256 next 23
2025-11-13 04:48:21.802552: I external/local_xla/xla/tsl/framework/bfc_allocator.cc:1109] InUse at 14e2db000a00 of size 256 next 24
2025-11-13 04:48:21.802559: I external/local_xla/xla/tsl/framework/bfc_allocator.cc:1109] InUse at 14e2db000b00 of size 256 next 25
2025-11-13 04:48:21.802567: I external/local_xla/xla/tsl/framework/bfc_allocator.cc:1109] InUse at 14e2db000c00 of size 256 next 27
2025-11-13 04:48:21.802574: I external/local_xla/xla/tsl/framework/bfc_allocator.cc:1109] InUse at 14e2db000d00 of size 256 next 514
2025-11-13 04:48:21.802582: I external/local_xla/xla/tsl/framework/bfc_allocator.cc:1109] InUse at 14e2db000e00 of size 256 next 26
2025-11-13 04:48:21.802589: I external/local_xla/xla/tsl/framework/bfc_allocator.cc:1109] InUse at 14e2db000f00 of size 256 next 31
2025-11-13 04:48:21.802597: I external/local_xla/xla/tsl/framework/bfc_allocator.cc:1109] InUse at 14e2db001000 of size 256 next 49
2025-11-13 04:48:21.802604: I external/local_xla/xla/tsl/framework/bfc_allocator.cc:1109] InUse at 14e2db001100 of size 256 next 50
2025-11-13 04:48:21.802612: I external/local_xla/xla/tsl/framework/bfc_allocator.cc:1109] InUse at 14e2db001200 of size 256 next 54
2025-11-13 04:48:21.802619: I external/local_xla/xla/tsl/framework/bfc_allocator.cc:1109] InUse at 14e2db001300 of size 256 next 55
2025-11-13 04:48:21.802626: I external/local_xla/xla/tsl/framework/bfc_allocator.cc:1109] InUse at 14e2db001400 of size 256 next 58
2025-11-13 04:48:21.802634: I external/local_xla/xla/tsl/framework/bfc_allocator.cc:1109] InUse at 14e2db001500 of size 256 next 56
2025-11-13 04:48:21.802641: I external/local_xla/xla/tsl/framework/bfc_allocator.cc:1109] InUse at 14e2db001600 of size 256 next 62
2025-11-13 04:48:21.802649: I external/local_xla/xla/tsl/framework/bfc_allocator.cc:1109] InUse at 14e2db001700 of size 256 next 42
2025-11-13 04:48:21.802656: I external/local_xla/xla/tsl/framework/bfc_allocator.cc:1109] InUse at 14e2db001800 of size 256 next 34
2025-11-13 04:48:21.802664: I external/local_xla/xla/tsl/framework/bfc_allocator.cc:1109] InUse at 14e2db001900 of size 1024 next 36
2025-11-13 04:48:21.802671: I external/local_xla/xla/tsl/framework/bfc_allocator.cc:1109] InUse at 14e2db001d00 of size 256 next 32
2025-11-13 04:48:21.802679: I external/local_xla/xla/tsl/framework/bfc_allocator.cc:1109] InUse at 14e2db001e00 of size 256 next 33
2025-11-13 04:48:21.802686: I external/local_xla/xla/tsl/framework/bfc_allocator.cc:1109] InUse at 14e2db001f00 of size 1792 next 35
2025-11-13 04:48:21.802694: I external/local_xla/xla/tsl/framework/bfc_allocator.cc:1109] InUse at 14e2db002600 of size 256 next 39
2025-11-13 04:48:21.802701: I external/local_xla/xla/tsl/framework/bfc_allocator.cc:1109] InUse at 14e2db002700 of size 256 next 41
2025-11-13 04:48:21.802713: I external/local_xla/xla/tsl/framework/bfc_allocator.cc:1109] InUse at 14e2db002800 of size 256 next 40
2025-11-13 04:48:21.802721: I external/local_xla/xla/tsl/framework/bfc_allocator.cc:1109] InUse at 14e2db002900 of size 256 next 29
2025-11-13 04:48:21.802728: I external/local_xla/xla/tsl/framework/bfc_allocator.cc:1109] InUse at 14e2db002a00 of size 1280 next 28
2025-11-13 04:48:21.802736: I external/local_xla/xla/tsl/framework/bfc_allocator.cc:1109] InUse at 14e2db002f00 of size 2304 next 30
2025-11-13 04:48:21.802744: I external/local_xla/xla/tsl/framework/bfc_allocator.cc:1109] InUse at 14e2db003800 of size 256 next 43
2025-11-13 04:48:21.802751: I external/local_xla/xla/tsl/framework/bfc_allocator.cc:1109] InUse at 14e2db003900 of size 256 next 38
2025-11-13 04:48:21.802758: I external/local_xla/xla/tsl/framework/bfc_allocator.cc:1109] InUse at 14e2db003a00 of size 256 next 46
2025-11-13 04:48:21.802766: I external/local_xla/xla/tsl/framework/bfc_allocator.cc:1109] InUse at 14e2db003b00 of size 256 next 44
2025-11-13 04:48:21.802773: I external/local_xla/xla/tsl/framework/bfc_allocator.cc:1109] InUse at 14e2db003c00 of size 1024 next 45
2025-11-13 04:48:21.802781: I external/local_xla/xla/tsl/framework/bfc_allocator.cc:1109] InUse at 14e2db004000 of size 256 next 51
2025-11-13 04:48:21.802788: I external/local_xla/xla/tsl/framework/bfc_allocator.cc:1109] InUse at 14e2db004100 of size 256 next 52
2025-11-13 04:48:21.802796: I external/local_xla/xla/tsl/framework/bfc_allocator.cc:1109] InUse at 14e2db004200 of size 256 next 53
2025-11-13 04:48:21.802803: I external/local_xla/xla/tsl/framework/bfc_allocator.cc:1109] InUse at 14e2db004300 of size 256 next 48
2025-11-13 04:48:21.802811: I external/local_xla/xla/tsl/framework/bfc_allocator.cc:1109] InUse at 14e2db004400 of size 1024 next 59
2025-11-13 04:48:21.802818: I external/local_xla/xla/tsl/framework/bfc_allocator.cc:1109] InUse at 14e2db004800 of size 2560 next 60
2025-11-13 04:48:21.802826: I external/local_xla/xla/tsl/framework/bfc_allocator.cc:1109] InUse at 14e2db005200 of size 256 next 61
2025-11-13 04:48:21.802833: I external/local_xla/xla/tsl/framework/bfc_allocator.cc:1109] InUse at 14e2db005300 of size 256 next 57
2025-11-13 04:48:21.802841: I external/local_xla/xla/tsl/framework/bfc_allocator.cc:1109] InUse at 14e2db005400 of size 256 next 65
2025-11-13 04:48:21.802848: I external/local_xla/xla/tsl/framework/bfc_allocator.cc:1109] InUse at 14e2db005500 of size 512 next 66
2025-11-13 04:48:21.802856: I external/local_xla/xla/tsl/framework/bfc_allocator.cc:1109] InUse at 14e2db005700 of size 512 next 67
2025-11-13 04:48:21.802863: I external/local_xla/xla/tsl/framework/bfc_allocator.cc:1109] InUse at 14e2db005900 of size 512 next 63
2025-11-13 04:48:21.802871: I external/local_xla/xla/tsl/framework/bfc_allocator.cc:1109] InUse at 14e2db005b00 of size 256 next 47
2025-11-13 04:48:21.802878: I external/local_xla/xla/tsl/framework/bfc_allocator.cc:1109] InUse at 14e2db005c00 of size 768 next 64
2025-11-13 04:48:21.802885: I external/local_xla/xla/tsl/framework/bfc_allocator.cc:1109] InUse at 14e2db005f00 of size 512 next 69
2025-11-13 04:48:21.802893: I external/local_xla/xla/tsl/framework/bfc_allocator.cc:1109] InUse at 14e2db006100 of size 512 next 72
2025-11-13 04:48:21.802900: I external/local_xla/xla/tsl/framework/bfc_allocator.cc:1109] InUse at 14e2db006300 of size 512 next 73
2025-11-13 04:48:21.802908: I external/local_xla/xla/tsl/framework/bfc_allocator.cc:1109] InUse at 14e2db006500 of size 512 next 74
2025-11-13 04:48:21.802915: I external/local_xla/xla/tsl/framework/bfc_allocator.cc:1109] InUse at 14e2db006700 of size 768 next 77
2025-11-13 04:48:21.802923: I external/local_xla/xla/tsl/framework/bfc_allocator.cc:1109] InUse at 14e2db006a00 of size 256 next 76
2025-11-13 04:48:21.802930: I external/local_xla/xla/tsl/framework/bfc_allocator.cc:1109] InUse at 14e2db006b00 of size 256 next 87
2025-11-13 04:48:21.802938: I external/local_xla/xla/tsl/framework/bfc_allocator.cc:1109] InUse at 14e2db006c00 of size 768 next 88
2025-11-13 04:48:21.802948: I external/local_xla/xla/tsl/framework/bfc_allocator.cc:1109] InUse at 14e2db006f00 of size 768 next 89
2025-11-13 04:48:21.802956: I external/local_xla/xla/tsl/framework/bfc_allocator.cc:1109] InUse at 14e2db007200 of size 768 next 90
2025-11-13 04:48:21.802963: I external/local_xla/xla/tsl/framework/bfc_allocator.cc:1109] InUse at 14e2db007500 of size 768 next 80
2025-11-13 04:48:21.802971: I external/local_xla/xla/tsl/framework/bfc_allocator.cc:1109] InUse at 14e2db007800 of size 1536 next 68
2025-11-13 04:48:21.802979: I external/local_xla/xla/tsl/framework/bfc_allocator.cc:1109] InUse at 14e2db007e00 of size 768 next 97
2025-11-13 04:48:21.802986: I external/local_xla/xla/tsl/framework/bfc_allocator.cc:1109] InUse at 14e2db008100 of size 768 next 94
2025-11-13 04:48:21.802994: I external/local_xla/xla/tsl/framework/bfc_allocator.cc:1109] InUse at 14e2db008400 of size 768 next 95
2025-11-13 04:48:21.803001: I external/local_xla/xla/tsl/framework/bfc_allocator.cc:1109] InUse at 14e2db008700 of size 768 next 82
2025-11-13 04:48:21.803009: I external/local_xla/xla/tsl/framework/bfc_allocator.cc:1109] InUse at 14e2db008a00 of size 256 next 104
2025-11-13 04:48:21.803016: I external/local_xla/xla/tsl/framework/bfc_allocator.cc:1109] InUse at 14e2db008b00 of size 256 next 100
2025-11-13 04:48:21.803023: I external/local_xla/xla/tsl/framework/bfc_allocator.cc:1109] InUse at 14e2db008c00 of size 768 next 70
2025-11-13 04:48:21.803031: I external/local_xla/xla/tsl/framework/bfc_allocator.cc:1109] InUse at 14e2db008f00 of size 6144 next 71
2025-11-13 04:48:21.803039: I external/local_xla/xla/tsl/framework/bfc_allocator.cc:1109] InUse at 14e2db00a700 of size 256 next 515
2025-11-13 04:48:21.803046: I external/local_xla/xla/tsl/framework/bfc_allocator.cc:1109] InUse at 14e2db00a800 of size 256 next 79
2025-11-13 04:48:21.803054: I external/local_xla/xla/tsl/framework/bfc_allocator.cc:1109] InUse at 14e2db00a900 of size 256 next 78
2025-11-13 04:48:21.803061: I external/local_xla/xla/tsl/framework/bfc_allocator.cc:1109] InUse at 14e2db00aa00 of size 256 next 84
2025-11-13 04:48:21.803068: I external/local_xla/xla/tsl/framework/bfc_allocator.cc:1109] InUse at 14e2db00ab00 of size 256 next 83
2025-11-13 04:48:21.803076: I external/local_xla/xla/tsl/framework/bfc_allocator.cc:1109] InUse at 14e2db00ac00 of size 256 next 81
2025-11-13 04:48:21.803083: I external/local_xla/xla/tsl/framework/bfc_allocator.cc:1109] InUse at 14e2db00ad00 of size 768 next 517
2025-11-13 04:48:21.803091: I external/local_xla/xla/tsl/framework/bfc_allocator.cc:1109] InUse at 14e2db00b000 of size 3584 next 96
2025-11-13 04:48:21.803099: I external/local_xla/xla/tsl/framework/bfc_allocator.cc:1109] InUse at 14e2db00be00 of size 5632 next 93
2025-11-13 04:48:21.803107: I external/local_xla/xla/tsl/framework/bfc_allocator.cc:1109] InUse at 14e2db00d400 of size 256 next 98
2025-11-13 04:48:21.803115: I external/local_xla/xla/tsl/framework/bfc_allocator.cc:1109] InUse at 14e2db00d500 of size 256 next 99
2025-11-13 04:48:21.803122: I external/local_xla/xla/tsl/framework/bfc_allocator.cc:1109] InUse at 14e2db00d600 of size 768 next 132
2025-11-13 04:48:21.803130: I external/local_xla/xla/tsl/framework/bfc_allocator.cc:1109] InUse at 14e2db00d900 of size 768 next 133
2025-11-13 04:48:21.803140: I external/local_xla/xla/tsl/framework/bfc_allocator.cc:1109] InUse at 14e2db00dc00 of size 768 next 134
2025-11-13 04:48:21.803147: I external/local_xla/xla/tsl/framework/bfc_allocator.cc:1109] InUse at 14e2db00df00 of size 256 next 136
2025-11-13 04:48:21.803155: I external/local_xla/xla/tsl/framework/bfc_allocator.cc:1109] InUse at 14e2db00e000 of size 768 next 137
2025-11-13 04:48:21.803162: I external/local_xla/xla/tsl/framework/bfc_allocator.cc:1109] InUse at 14e2db00e300 of size 768 next 138
2025-11-13 04:48:21.803170: I external/local_xla/xla/tsl/framework/bfc_allocator.cc:1109] InUse at 14e2db00e600 of size 768 next 141
2025-11-13 04:48:21.803177: I external/local_xla/xla/tsl/framework/bfc_allocator.cc:1109] InUse at 14e2db00e900 of size 256 next 135
2025-11-13 04:48:21.803188: I external/local_xla/xla/tsl/framework/bfc_allocator.cc:1109] InUse at 14e2db00ea00 of size 1280 next 144
2025-11-13 04:48:21.803196: I external/local_xla/xla/tsl/framework/bfc_allocator.cc:1109] InUse at 14e2db00ef00 of size 256 next 145
2025-11-13 04:48:21.803203: I external/local_xla/xla/tsl/framework/bfc_allocator.cc:1109] InUse at 14e2db00f000 of size 256 next 147
2025-11-13 04:48:21.803211: I external/local_xla/xla/tsl/framework/bfc_allocator.cc:1109] InUse at 14e2db00f100 of size 256 next 143
2025-11-13 04:48:21.803218: I external/local_xla/xla/tsl/framework/bfc_allocator.cc:1109] InUse at 14e2db00f200 of size 256 next 149
2025-11-13 04:48:21.803226: I external/local_xla/xla/tsl/framework/bfc_allocator.cc:1109] InUse at 14e2db00f300 of size 256 next 152
2025-11-13 04:48:21.803233: I external/local_xla/xla/tsl/framework/bfc_allocator.cc:1109] InUse at 14e2db00f400 of size 256 next 153
2025-11-13 04:48:21.803241: I external/local_xla/xla/tsl/framework/bfc_allocator.cc:1109] InUse at 14e2db00f500 of size 1536 next 85
2025-11-13 04:48:21.803248: I external/local_xla/xla/tsl/framework/bfc_allocator.cc:1109] InUse at 14e2db00fb00 of size 9216 next 86
2025-11-13 04:48:21.803256: I external/local_xla/xla/tsl/framework/bfc_allocator.cc:1109] InUse at 14e2db011f00 of size 3584 next 103
2025-11-13 04:48:21.803263: I external/local_xla/xla/tsl/framework/bfc_allocator.cc:1109] InUse at 14e2db012d00 of size 5376 next 102
2025-11-13 04:48:21.803271: I external/local_xla/xla/tsl/framework/bfc_allocator.cc:1109] InUse at 14e2db014200 of size 256 next 109
2025-11-13 04:48:21.803278: I external/local_xla/xla/tsl/framework/bfc_allocator.cc:1109] InUse at 14e2db014300 of size 256 next 110
2025-11-13 04:48:21.803286: I external/local_xla/xla/tsl/framework/bfc_allocator.cc:1109] InUse at 14e2db014400 of size 768 next 111
2025-11-13 04:48:21.803293: I external/local_xla/xla/tsl/framework/bfc_allocator.cc:1109] InUse at 14e2db014700 of size 768 next 112
2025-11-13 04:48:21.803301: I external/local_xla/xla/tsl/framework/bfc_allocator.cc:1109] InUse at 14e2db014a00 of size 768 next 113
2025-11-13 04:48:21.803308: I external/local_xla/xla/tsl/framework/bfc_allocator.cc:1109] InUse at 14e2db014d00 of size 768 next 115
2025-11-13 04:48:21.803316: I external/local_xla/xla/tsl/framework/bfc_allocator.cc:1109] InUse at 14e2db015000 of size 1280 next 91
2025-11-13 04:48:21.803323: I external/local_xla/xla/tsl/framework/bfc_allocator.cc:1109] InUse at 14e2db015500 of size 13824 next 92
2025-11-13 04:48:21.803331: I external/local_xla/xla/tsl/framework/bfc_allocator.cc:1109] InUse at 14e2db018b00 of size 768 next 116
2025-11-13 04:48:21.803338: I external/local_xla/xla/tsl/framework/bfc_allocator.cc:1109] InUse at 14e2db018e00 of size 768 next 117
2025-11-13 04:48:21.803345: I external/local_xla/xla/tsl/framework/bfc_allocator.cc:1109] InUse at 14e2db019100 of size 256 next 106
2025-11-13 04:48:21.803353: I external/local_xla/xla/tsl/framework/bfc_allocator.cc:1109] InUse at 14e2db019200 of size 256 next 122
2025-11-13 04:48:21.803360: I external/local_xla/xla/tsl/framework/bfc_allocator.cc:1109] InUse at 14e2db019300 of size 256 next 125
2025-11-13 04:48:21.803368: I external/local_xla/xla/tsl/framework/bfc_allocator.cc:1109] InUse at 14e2db019400 of size 256 next 121
2025-11-13 04:48:21.803375: I external/local_xla/xla/tsl/framework/bfc_allocator.cc:1109] InUse at 14e2db019500 of size 768 next 127
2025-11-13 04:48:21.803383: I external/local_xla/xla/tsl/framework/bfc_allocator.cc:1109] InUse at 14e2db019800 of size 768 next 123
2025-11-13 04:48:21.803390: I external/local_xla/xla/tsl/framework/bfc_allocator.cc:1109] InUse at 14e2db019b00 of size 256 next 130
2025-11-13 04:48:21.803398: I external/local_xla/xla/tsl/framework/bfc_allocator.cc:1109] InUse at 14e2db019c00 of size 256 next 131
2025-11-13 04:48:21.803405: I external/local_xla/xla/tsl/framework/bfc_allocator.cc:1109] InUse at 14e2db019d00 of size 768 next 118
2025-11-13 04:48:21.803413: I external/local_xla/xla/tsl/framework/bfc_allocator.cc:1109] InUse at 14e2db01a000 of size 5376 next 119
2025-11-13 04:48:21.803423: I external/local_xla/xla/tsl/framework/bfc_allocator.cc:1109] InUse at 14e2db01b500 of size 3584 next 124
2025-11-13 04:48:21.803431: I external/local_xla/xla/tsl/framework/bfc_allocator.cc:1109] InUse at 14e2db01c300 of size 768 next 101
2025-11-13 04:48:21.803439: I external/local_xla/xla/tsl/framework/bfc_allocator.cc:1109] InUse at 14e2db01c600 of size 1024 next 148
2025-11-13 04:48:21.803446: I external/local_xla/xla/tsl/framework/bfc_allocator.cc:1109] InUse at 14e2db01ca00 of size 1792 next 126
2025-11-13 04:48:21.803454: I external/local_xla/xla/tsl/framework/bfc_allocator.cc:1109] InUse at 14e2db01d100 of size 256 next 164
2025-11-13 04:48:21.803461: I external/local_xla/xla/tsl/framework/bfc_allocator.cc:1109] InUse at 14e2db01d200 of size 256 next 165
2025-11-13 04:48:21.803469: I external/local_xla/xla/tsl/framework/bfc_allocator.cc:1109] InUse at 14e2db01d300 of size 256 next 168
2025-11-13 04:48:21.803476: I external/local_xla/xla/tsl/framework/bfc_allocator.cc:1109] InUse at 14e2db01d400 of size 256 next 166
2025-11-13 04:48:21.803484: I external/local_xla/xla/tsl/framework/bfc_allocator.cc:1109] InUse at 14e2db01d500 of size 256 next 171
2025-11-13 04:48:21.803491: I external/local_xla/xla/tsl/framework/bfc_allocator.cc:1109] InUse at 14e2db01d600 of size 1280 next 167
2025-11-13 04:48:21.803499: I external/local_xla/xla/tsl/framework/bfc_allocator.cc:1109] InUse at 14e2db01db00 of size 256 next 175
2025-11-13 04:48:21.803506: I external/local_xla/xla/tsl/framework/bfc_allocator.cc:1109] InUse at 14e2db01dc00 of size 256 next 176
2025-11-13 04:48:21.803514: I external/local_xla/xla/tsl/framework/bfc_allocator.cc:1109] InUse at 14e2db01dd00 of size 1024 next 177
2025-11-13 04:48:21.803521: I external/local_xla/xla/tsl/framework/bfc_allocator.cc:1109] InUse at 14e2db01e100 of size 1024 next 178
2025-11-13 04:48:21.803529: I external/local_xla/xla/tsl/framework/bfc_allocator.cc:1109] InUse at 14e2db01e500 of size 1024 next 179
2025-11-13 04:48:21.803536: I external/local_xla/xla/tsl/framework/bfc_allocator.cc:1109] InUse at 14e2db01e900 of size 1024 next 181
2025-11-13 04:48:21.803544: I external/local_xla/xla/tsl/framework/bfc_allocator.cc:1109] InUse at 14e2db01ed00 of size 1024 next 182
2025-11-13 04:48:21.803551: I external/local_xla/xla/tsl/framework/bfc_allocator.cc:1109] InUse at 14e2db01f100 of size 1536 next 107
2025-11-13 04:48:21.803559: I external/local_xla/xla/tsl/framework/bfc_allocator.cc:1109] InUse at 14e2db01f700 of size 13824 next 108
2025-11-13 04:48:21.803566: I external/local_xla/xla/tsl/framework/bfc_allocator.cc:1109] InUse at 14e2db022d00 of size 13824 next 114
2025-11-13 04:48:21.803574: I external/local_xla/xla/tsl/framework/bfc_allocator.cc:1109] InUse at 14e2db026300 of size 1024 next 202
2025-11-13 04:48:21.803581: I external/local_xla/xla/tsl/framework/bfc_allocator.cc:1109] InUse at 14e2db026700 of size 1024 next 203
2025-11-13 04:48:21.803589: I external/local_xla/xla/tsl/framework/bfc_allocator.cc:1109] InUse at 14e2db026b00 of size 256 next 154
2025-11-13 04:48:21.803596: I external/local_xla/xla/tsl/framework/bfc_allocator.cc:1109] InUse at 14e2db026c00 of size 512 next 146
2025-11-13 04:48:21.803604: I external/local_xla/xla/tsl/framework/bfc_allocator.cc:1109] InUse at 14e2db026e00 of size 512 next 231
2025-11-13 04:48:21.803611: I external/local_xla/xla/tsl/framework/bfc_allocator.cc:1109] InUse at 14e2db027000 of size 768 next 207
2025-11-13 04:48:21.803619: I external/local_xla/xla/tsl/framework/bfc_allocator.cc:1109] InUse at 14e2db027300 of size 256 next 209
2025-11-13 04:48:21.803626: I external/local_xla/xla/tsl/framework/bfc_allocator.cc:1109] InUse at 14e2db027400 of size 512 next 206
2025-11-13 04:48:21.803633: I external/local_xla/xla/tsl/framework/bfc_allocator.cc:1109] InUse at 14e2db027600 of size 512 next 211
2025-11-13 04:48:21.803641: I external/local_xla/xla/tsl/framework/bfc_allocator.cc:1109] InUse at 14e2db027800 of size 512 next 213
2025-11-13 04:48:21.803648: I external/local_xla/xla/tsl/framework/bfc_allocator.cc:1109] InUse at 14e2db027a00 of size 512 next 212
2025-11-13 04:48:21.803659: I external/local_xla/xla/tsl/framework/bfc_allocator.cc:1109] InUse at 14e2db027c00 of size 256 next 216
2025-11-13 04:48:21.803667: I external/local_xla/xla/tsl/framework/bfc_allocator.cc:1109] InUse at 14e2db027d00 of size 3072 next 188
2025-11-13 04:48:21.803675: I external/local_xla/xla/tsl/framework/bfc_allocator.cc:1109] InUse at 14e2db028900 of size 17920 next 128
2025-11-13 04:48:21.803682: I external/local_xla/xla/tsl/framework/bfc_allocator.cc:1109] InUse at 14e2db02cf00 of size 13824 next 129
2025-11-13 04:48:21.803690: I external/local_xla/xla/tsl/framework/bfc_allocator.cc:1109] InUse at 14e2db030500 of size 24064 next 157
2025-11-13 04:48:21.803697: I external/local_xla/xla/tsl/framework/bfc_allocator.cc:1109] InUse at 14e2db036300 of size 1024 next 160
2025-11-13 04:48:21.803705: I external/local_xla/xla/tsl/framework/bfc_allocator.cc:1109] InUse at 14e2db036700 of size 1024 next 161
2025-11-13 04:48:21.803712: I external/local_xla/xla/tsl/framework/bfc_allocator.cc:1109] InUse at 14e2db036b00 of size 1024 next 156
2025-11-13 04:48:21.803720: I external/local_xla/xla/tsl/framework/bfc_allocator.cc:1109] InUse at 14e2db036f00 of size 1280 next 139
2025-11-13 04:48:21.803727: I external/local_xla/xla/tsl/framework/bfc_allocator.cc:1109] InUse at 14e2db037400 of size 3584 next 105
2025-11-13 04:48:21.803735: I external/local_xla/xla/tsl/framework/bfc_allocator.cc:1109] InUse at 14e2db038200 of size 1024 next 155
2025-11-13 04:48:21.803742: I external/local_xla/xla/tsl/framework/bfc_allocator.cc:1109] InUse at 14e2db038600 of size 9984 next 140
2025-11-13 04:48:21.803750: I external/local_xla/xla/tsl/framework/bfc_allocator.cc:1109] InUse at 14e2db03ad00 of size 1024 next 183
2025-11-13 04:48:21.803758: I external/local_xla/xla/tsl/framework/bfc_allocator.cc:1109] InUse at 14e2db03b100 of size 256 next 172
2025-11-13 04:48:21.803765: I external/local_xla/xla/tsl/framework/bfc_allocator.cc:1109] InUse at 14e2db03b200 of size 256 next 187
2025-11-13 04:48:21.803773: I external/local_xla/xla/tsl/framework/bfc_allocator.cc:1109] InUse at 14e2db03b300 of size 256 next 186
2025-11-13 04:48:21.803780: I external/local_xla/xla/tsl/framework/bfc_allocator.cc:1109] InUse at 14e2db03b400 of size 256 next 191
2025-11-13 04:48:21.803787: I external/local_xla/xla/tsl/framework/bfc_allocator.cc:1109] InUse at 14e2db03b500 of size 1024 next 189
2025-11-13 04:48:21.803795: I external/local_xla/xla/tsl/framework/bfc_allocator.cc:1109] InUse at 14e2db03b900 of size 1024 next 194
2025-11-13 04:48:21.803802: I external/local_xla/xla/tsl/framework/bfc_allocator.cc:1109] InUse at 14e2db03bd00 of size 256 next 195
2025-11-13 04:48:21.803810: I external/local_xla/xla/tsl/framework/bfc_allocator.cc:1109] InUse at 14e2db03be00 of size 256 next 196
2025-11-13 04:48:21.803817: I external/local_xla/xla/tsl/framework/bfc_allocator.cc:1109] InUse at 14e2db03bf00 of size 1024 next 197
2025-11-13 04:48:21.803825: I external/local_xla/xla/tsl/framework/bfc_allocator.cc:1109] InUse at 14e2db03c300 of size 1024 next 198
2025-11-13 04:48:21.803832: I external/local_xla/xla/tsl/framework/bfc_allocator.cc:1109] InUse at 14e2db03c700 of size 1024 next 200
2025-11-13 04:48:21.803840: I external/local_xla/xla/tsl/framework/bfc_allocator.cc:1109] InUse at 14e2db03cb00 of size 1024 next 201
2025-11-13 04:48:21.803847: I external/local_xla/xla/tsl/framework/bfc_allocator.cc:1109] InUse at 14e2db03cf00 of size 1024 next 170
2025-11-13 04:48:21.803855: I external/local_xla/xla/tsl/framework/bfc_allocator.cc:1109] InUse at 14e2db03d300 of size 46080 next 169
2025-11-13 04:48:21.803862: I external/local_xla/xla/tsl/framework/bfc_allocator.cc:1109] InUse at 14e2db048700 of size 2048 next 224
2025-11-13 04:48:21.803870: I external/local_xla/xla/tsl/framework/bfc_allocator.cc:1109] InUse at 14e2db048f00 of size 2048 next 222
2025-11-13 04:48:21.803877: I external/local_xla/xla/tsl/framework/bfc_allocator.cc:1109] InUse at 14e2db049700 of size 256 next 227
2025-11-13 04:48:21.803888: I external/local_xla/xla/tsl/framework/bfc_allocator.cc:1109] InUse at 14e2db049800 of size 512 next 235
2025-11-13 04:48:21.803896: I external/local_xla/xla/tsl/framework/bfc_allocator.cc:1109] InUse at 14e2db049a00 of size 3840 next 238
2025-11-13 04:48:21.803904: I external/local_xla/xla/tsl/framework/bfc_allocator.cc:1109] InUse at 14e2db04a900 of size 256 next 239
2025-11-13 04:48:21.803911: I external/local_xla/xla/tsl/framework/bfc_allocator.cc:1109] InUse at 14e2db04aa00 of size 256 next 240
2025-11-13 04:48:21.803919: I external/local_xla/xla/tsl/framework/bfc_allocator.cc:1109] InUse at 14e2db04ab00 of size 2048 next 241
2025-11-13 04:48:21.803926: I external/local_xla/xla/tsl/framework/bfc_allocator.cc:1109] InUse at 14e2db04b300 of size 3072 next 162
2025-11-13 04:48:21.803934: I external/local_xla/xla/tsl/framework/bfc_allocator.cc:1109] InUse at 14e2db04bf00 of size 9728 next 151
2025-11-13 04:48:21.803941: I external/local_xla/xla/tsl/framework/bfc_allocator.cc:1109] InUse at 14e2db04e500 of size 14336 next 163
2025-11-13 04:48:21.803949: I external/local_xla/xla/tsl/framework/bfc_allocator.cc:1109] InUse at 14e2db051d00 of size 1024 next 150
2025-11-13 04:48:21.803957: I external/local_xla/xla/tsl/framework/bfc_allocator.cc:1109] InUse at 14e2db052100 of size 8704 next 190
2025-11-13 04:48:21.803964: I external/local_xla/xla/tsl/framework/bfc_allocator.cc:1109] InUse at 14e2db054300 of size 2048 next 518
2025-11-13 04:48:21.803972: I external/local_xla/xla/tsl/framework/bfc_allocator.cc:1109] InUse at 14e2db054b00 of size 2048 next 204
2025-11-13 04:48:21.803979: I external/local_xla/xla/tsl/framework/bfc_allocator.cc:1109] InUse at 14e2db055300 of size 2048 next 217
2025-11-13 04:48:21.803986: I external/local_xla/xla/tsl/framework/bfc_allocator.cc:1109] InUse at 14e2db055b00 of size 2048 next 519
2025-11-13 04:48:21.803994: I external/local_xla/xla/tsl/framework/bfc_allocator.cc:1109] InUse at 14e2db056300 of size 2048 next 219
2025-11-13 04:48:21.804001: I external/local_xla/xla/tsl/framework/bfc_allocator.cc:1109] InUse at 14e2db056b00 of size 2048 next 223
2025-11-13 04:48:21.804009: I external/local_xla/xla/tsl/framework/bfc_allocator.cc:1109] InUse at 14e2db057300 of size 2048 next 184
2025-11-13 04:48:21.804016: I external/local_xla/xla/tsl/framework/bfc_allocator.cc:1109] InUse at 14e2db057b00 of size 2048 next 199
2025-11-13 04:48:21.804024: I external/local_xla/xla/tsl/framework/bfc_allocator.cc:1109] InUse at 14e2db058300 of size 2560 next 158
2025-11-13 04:48:21.804031: I external/local_xla/xla/tsl/framework/bfc_allocator.cc:1109] InUse at 14e2db058d00 of size 38400 next 159
2025-11-13 04:48:21.804039: I external/local_xla/xla/tsl/framework/bfc_allocator.cc:1109] InUse at 14e2db062300 of size 9728 next 185
2025-11-13 04:48:21.804046: I external/local_xla/xla/tsl/framework/bfc_allocator.cc:1109] InUse at 14e2db064900 of size 2048 next 254
2025-11-13 04:48:21.804054: I external/local_xla/xla/tsl/framework/bfc_allocator.cc:1109] InUse at 14e2db065100 of size 28672 next 259
2025-11-13 04:48:21.804063: I external/local_xla/xla/tsl/framework/bfc_allocator.cc:1109] InUse at 14e2db06c100 of size 256 next 260
2025-11-13 04:48:21.804071: I external/local_xla/xla/tsl/framework/bfc_allocator.cc:1109] InUse at 14e2db06c200 of size 256 next 261
2025-11-13 04:48:21.804079: I external/local_xla/xla/tsl/framework/bfc_allocator.cc:1109] InUse at 14e2db06c300 of size 512 next 225
2025-11-13 04:48:21.804086: I external/local_xla/xla/tsl/framework/bfc_allocator.cc:1109] InUse at 14e2db06c500 of size 17408 next 226
2025-11-13 04:48:21.804094: I external/local_xla/xla/tsl/framework/bfc_allocator.cc:1109] InUse at 14e2db070900 of size 2048 next 262
2025-11-13 04:48:21.804101: I external/local_xla/xla/tsl/framework/bfc_allocator.cc:1109] InUse at 14e2db071100 of size 2048 next 264
2025-11-13 04:48:21.804109: I external/local_xla/xla/tsl/framework/bfc_allocator.cc:1109] InUse at 14e2db071900 of size 2048 next 265
2025-11-13 04:48:21.804116: I external/local_xla/xla/tsl/framework/bfc_allocator.cc:1109] InUse at 14e2db072100 of size 2048 next 266
2025-11-13 04:48:21.804127: I external/local_xla/xla/tsl/framework/bfc_allocator.cc:1109] InUse at 14e2db072900 of size 2048 next 267
2025-11-13 04:48:21.804137: I external/local_xla/xla/tsl/framework/bfc_allocator.cc:1109] InUse at 14e2db073100 of size 2048 next 269
2025-11-13 04:48:21.804145: I external/local_xla/xla/tsl/framework/bfc_allocator.cc:1109] InUse at 14e2db073900 of size 2048 next 270
2025-11-13 04:48:21.804153: I external/local_xla/xla/tsl/framework/bfc_allocator.cc:1109] InUse at 14e2db074100 of size 3584 next 173
2025-11-13 04:48:21.804160: I external/local_xla/xla/tsl/framework/bfc_allocator.cc:1109] InUse at 14e2db074f00 of size 38400 next 174
2025-11-13 04:48:21.804168: I external/local_xla/xla/tsl/framework/bfc_allocator.cc:1109] InUse at 14e2db07e500 of size 38400 next 180
2025-11-13 04:48:21.804175: I external/local_xla/xla/tsl/framework/bfc_allocator.cc:1109] InUse at 14e2db087b00 of size 9728 next 208
2025-11-13 04:48:21.804183: I external/local_xla/xla/tsl/framework/bfc_allocator.cc:1109] InUse at 14e2db08a100 of size 2048 next 245
2025-11-13 04:48:21.804190: I external/local_xla/xla/tsl/framework/bfc_allocator.cc:1109] InUse at 14e2db08a900 of size 2048 next 246
2025-11-13 04:48:21.804197: I external/local_xla/xla/tsl/framework/bfc_allocator.cc:1109] InUse at 14e2db08b100 of size 256 next 248
2025-11-13 04:48:21.804205: I external/local_xla/xla/tsl/framework/bfc_allocator.cc:1109] InUse at 14e2db08b200 of size 2048 next 253
2025-11-13 04:48:21.804212: I external/local_xla/xla/tsl/framework/bfc_allocator.cc:1109] InUse at 14e2db08ba00 of size 512 next 249
2025-11-13 04:48:21.804220: I external/local_xla/xla/tsl/framework/bfc_allocator.cc:1109] InUse at 14e2db08bc00 of size 512 next 251
2025-11-13 04:48:21.804227: I external/local_xla/xla/tsl/framework/bfc_allocator.cc:1109] InUse at 14e2db08be00 of size 512 next 250
2025-11-13 04:48:21.804235: I external/local_xla/xla/tsl/framework/bfc_allocator.cc:1109] InUse at 14e2db08c000 of size 512 next 256
2025-11-13 04:48:21.804242: I external/local_xla/xla/tsl/framework/bfc_allocator.cc:1109] InUse at 14e2db08c200 of size 512 next 210
2025-11-13 04:48:21.804250: I external/local_xla/xla/tsl/framework/bfc_allocator.cc:1109] InUse at 14e2db08c400 of size 512 next 273
2025-11-13 04:48:21.804257: I external/local_xla/xla/tsl/framework/bfc_allocator.cc:1109] InUse at 14e2db08c600 of size 512 next 275
2025-11-13 04:48:21.804265: I external/local_xla/xla/tsl/framework/bfc_allocator.cc:1109] InUse at 14e2db08c800 of size 3328 next 278
2025-11-13 04:48:21.804272: I external/local_xla/xla/tsl/framework/bfc_allocator.cc:1109] InUse at 14e2db08d500 of size 256 next 279
2025-11-13 04:48:21.804280: I external/local_xla/xla/tsl/framework/bfc_allocator.cc:1109] InUse at 14e2db08d600 of size 256 next 280
2025-11-13 04:48:21.804287: I external/local_xla/xla/tsl/framework/bfc_allocator.cc:1109] InUse at 14e2db08d700 of size 2048 next 281
2025-11-13 04:48:21.804295: I external/local_xla/xla/tsl/framework/bfc_allocator.cc:1109] InUse at 14e2db08df00 of size 2048 next 282
2025-11-13 04:48:21.804302: I external/local_xla/xla/tsl/framework/bfc_allocator.cc:1109] InUse at 14e2db08e700 of size 2048 next 284
2025-11-13 04:48:21.804310: I external/local_xla/xla/tsl/framework/bfc_allocator.cc:1109] InUse at 14e2db08ef00 of size 2048 next 285
2025-11-13 04:48:21.804317: I external/local_xla/xla/tsl/framework/bfc_allocator.cc:1109] InUse at 14e2db08f700 of size 2048 next 286
2025-11-13 04:48:21.804325: I external/local_xla/xla/tsl/framework/bfc_allocator.cc:1109] InUse at 14e2db08ff00 of size 2048 next 287
2025-11-13 04:48:21.804332: I external/local_xla/xla/tsl/framework/bfc_allocator.cc:1109] InUse at 14e2db090700 of size 2560 next 192
2025-11-13 04:48:21.804340: I external/local_xla/xla/tsl/framework/bfc_allocator.cc:1109] InUse at 14e2db091100 of size 38400 next 193
2025-11-13 04:48:21.804347: I external/local_xla/xla/tsl/framework/bfc_allocator.cc:1109] InUse at 14e2db09a700 of size 17408 next 218
2025-11-13 04:48:21.804355: I external/local_xla/xla/tsl/framework/bfc_allocator.cc:1109] InUse at 14e2db09eb00 of size 38400 next 247
2025-11-13 04:48:21.804365: I external/local_xla/xla/tsl/framework/bfc_allocator.cc:1109] InUse at 14e2db0a8100 of size 2048 next 290
2025-11-13 04:48:21.804373: I external/local_xla/xla/tsl/framework/bfc_allocator.cc:1109] InUse at 14e2db0a8900 of size 512 next 271
2025-11-13 04:48:21.804381: I external/local_xla/xla/tsl/framework/bfc_allocator.cc:1109] InUse at 14e2db0a8b00 of size 512 next 313
2025-11-13 04:48:21.804388: I external/local_xla/xla/tsl/framework/bfc_allocator.cc:1109] InUse at 14e2db0a8d00 of size 512 next 312
2025-11-13 04:48:21.804396: I external/local_xla/xla/tsl/framework/bfc_allocator.cc:1109] InUse at 14e2db0a8f00 of size 512 next 292
2025-11-13 04:48:21.804403: I external/local_xla/xla/tsl/framework/bfc_allocator.cc:1109] InUse at 14e2db0a9100 of size 256 next 293
2025-11-13 04:48:21.804411: I external/local_xla/xla/tsl/framework/bfc_allocator.cc:1109] InUse at 14e2db0a9200 of size 512 next 291
2025-11-13 04:48:21.804418: I external/local_xla/xla/tsl/framework/bfc_allocator.cc:1109] InUse at 14e2db0a9400 of size 512 next 294
2025-11-13 04:48:21.804426: I external/local_xla/xla/tsl/framework/bfc_allocator.cc:1109] InUse at 14e2db0a9600 of size 512 next 296
2025-11-13 04:48:21.804433: I external/local_xla/xla/tsl/framework/bfc_allocator.cc:1109] InUse at 14e2db0a9800 of size 512 next 295
2025-11-13 04:48:21.804441: I external/local_xla/xla/tsl/framework/bfc_allocator.cc:1109] InUse at 14e2db0a9a00 of size 256 next 299
2025-11-13 04:48:21.804448: I external/local_xla/xla/tsl/framework/bfc_allocator.cc:1109] InUse at 14e2db0a9b00 of size 2816 next 300
2025-11-13 04:48:21.804456: I external/local_xla/xla/tsl/framework/bfc_allocator.cc:1109] InUse at 14e2db0aa600 of size 2816 next 301
2025-11-13 04:48:21.804463: I external/local_xla/xla/tsl/framework/bfc_allocator.cc:1109] InUse at 14e2db0ab100 of size 2816 next 302
2025-11-13 04:48:21.804471: I external/local_xla/xla/tsl/framework/bfc_allocator.cc:1109] InUse at 14e2db0abc00 of size 2816 next 305
2025-11-13 04:48:21.804478: I external/local_xla/xla/tsl/framework/bfc_allocator.cc:1109] InUse at 14e2db0ac700 of size 3072 next 234
2025-11-13 04:48:21.804486: I external/local_xla/xla/tsl/framework/bfc_allocator.cc:1109] InUse at 14e2db0ad300 of size 38400 next 232
2025-11-13 04:48:21.804493: I external/local_xla/xla/tsl/framework/bfc_allocator.cc:1109] InUse at 14e2db0b6900 of size 38400 next 233
2025-11-13 04:48:21.804501: I external/local_xla/xla/tsl/framework/bfc_allocator.cc:1109] InUse at 14e2db0bff00 of size 2816 next 244
2025-11-13 04:48:21.804508: I external/local_xla/xla/tsl/framework/bfc_allocator.cc:1109] InUse at 14e2db0c0a00 of size 2816 next 268
2025-11-13 04:48:21.804516: I external/local_xla/xla/tsl/framework/bfc_allocator.cc:1109] InUse at 14e2db0c1500 of size 2816 next 307
2025-11-13 04:48:21.804523: I external/local_xla/xla/tsl/framework/bfc_allocator.cc:1109] InUse at 14e2db0c2000 of size 2816 next 308
2025-11-13 04:48:21.804531: I external/local_xla/xla/tsl/framework/bfc_allocator.cc:1109] InUse at 14e2db0c2b00 of size 2816 next 318
2025-11-13 04:48:21.804538: I external/local_xla/xla/tsl/framework/bfc_allocator.cc:1109] InUse at 14e2db0c3600 of size 4608 next 311
2025-11-13 04:48:21.804546: I external/local_xla/xla/tsl/framework/bfc_allocator.cc:1109] InUse at 14e2db0c4800 of size 768 next 399
2025-11-13 04:48:21.804553: I external/local_xla/xla/tsl/framework/bfc_allocator.cc:1109] InUse at 14e2db0c4b00 of size 6400 next 306
2025-11-13 04:48:21.804561: I external/local_xla/xla/tsl/framework/bfc_allocator.cc:1109] InUse at 14e2db0c6400 of size 256 next 310
2025-11-13 04:48:21.804568: I external/local_xla/xla/tsl/framework/bfc_allocator.cc:1109] InUse at 14e2db0c6500 of size 5120 next 321
2025-11-13 04:48:21.804576: I external/local_xla/xla/tsl/framework/bfc_allocator.cc:1109] InUse at 14e2db0c7900 of size 256 next 322
2025-11-13 04:48:21.804583: I external/local_xla/xla/tsl/framework/bfc_allocator.cc:1109] InUse at 14e2db0c7a00 of size 256 next 323
2025-11-13 04:48:21.804593: I external/local_xla/xla/tsl/framework/bfc_allocator.cc:1109] InUse at 14e2db0c7b00 of size 2816 next 324
2025-11-13 04:48:21.804602: I external/local_xla/xla/tsl/framework/bfc_allocator.cc:1109] InUse at 14e2db0c8600 of size 3840 next 214
2025-11-13 04:48:21.804609: I external/local_xla/xla/tsl/framework/bfc_allocator.cc:1109] InUse at 14e2db0c9500 of size 38400 next 520
2025-11-13 04:48:21.804617: I external/local_xla/xla/tsl/framework/bfc_allocator.cc:1109] InUse at 14e2db0d2b00 of size 38400 next 215
2025-11-13 04:48:21.804624: I external/local_xla/xla/tsl/framework/bfc_allocator.cc:1109] InUse at 14e2db0dc100 of size 2816 next 325
2025-11-13 04:48:21.804632: I external/local_xla/xla/tsl/framework/bfc_allocator.cc:1109] InUse at 14e2db0dcc00 of size 2816 next 327
2025-11-13 04:48:21.804639: I external/local_xla/xla/tsl/framework/bfc_allocator.cc:1109] InUse at 14e2db0dd700 of size 2816 next 328
2025-11-13 04:48:21.804647: I external/local_xla/xla/tsl/framework/bfc_allocator.cc:1109] InUse at 14e2db0de200 of size 2816 next 329
2025-11-13 04:48:21.804654: I external/local_xla/xla/tsl/framework/bfc_allocator.cc:1109] InUse at 14e2db0ded00 of size 2816 next 330
2025-11-13 04:48:21.804662: I external/local_xla/xla/tsl/framework/bfc_allocator.cc:1109] InUse at 14e2db0df800 of size 256 next 316
2025-11-13 04:48:21.804669: I external/local_xla/xla/tsl/framework/bfc_allocator.cc:1109] InUse at 14e2db0df900 of size 512 next 331
2025-11-13 04:48:21.804677: I external/local_xla/xla/tsl/framework/bfc_allocator.cc:1109] InUse at 14e2db0dfb00 of size 512 next 333
2025-11-13 04:48:21.804684: I external/local_xla/xla/tsl/framework/bfc_allocator.cc:1109] InUse at 14e2db0dfd00 of size 512 next 332
2025-11-13 04:48:21.804692: I external/local_xla/xla/tsl/framework/bfc_allocator.cc:1109] InUse at 14e2db0dff00 of size 512 next 337
2025-11-13 04:48:21.804699: I external/local_xla/xla/tsl/framework/bfc_allocator.cc:1109] InUse at 14e2db0e0100 of size 5376 next 340
2025-11-13 04:48:21.804707: I external/local_xla/xla/tsl/framework/bfc_allocator.cc:1109] InUse at 14e2db0e1600 of size 256 next 341
2025-11-13 04:48:21.804714: I external/local_xla/xla/tsl/framework/bfc_allocator.cc:1109] InUse at 14e2db0e1700 of size 256 next 342
2025-11-13 04:48:21.804722: I external/local_xla/xla/tsl/framework/bfc_allocator.cc:1109] InUse at 14e2db0e1800 of size 2816 next 343
2025-11-13 04:48:21.804729: I external/local_xla/xla/tsl/framework/bfc_allocator.cc:1109] InUse at 14e2db0e2300 of size 2816 next 344
2025-11-13 04:48:21.804736: I external/local_xla/xla/tsl/framework/bfc_allocator.cc:1109] InUse at 14e2db0e2e00 of size 2816 next 346
2025-11-13 04:48:21.804744: I external/local_xla/xla/tsl/framework/bfc_allocator.cc:1109] InUse at 14e2db0e3900 of size 2816 next 347
2025-11-13 04:48:21.804752: I external/local_xla/xla/tsl/framework/bfc_allocator.cc:1109] InUse at 14e2db0e4400 of size 4864 next 252
2025-11-13 04:48:21.804759: I external/local_xla/xla/tsl/framework/bfc_allocator.cc:1109] InUse at 14e2db0e5700 of size 76800 next 255
2025-11-13 04:48:21.804767: I external/local_xla/xla/tsl/framework/bfc_allocator.cc:1109] InUse at 14e2db0f8300 of size 2816 next 348
2025-11-13 04:48:21.804774: I external/local_xla/xla/tsl/framework/bfc_allocator.cc:1109] InUse at 14e2db0f8e00 of size 2816 next 349
2025-11-13 04:48:21.804782: I external/local_xla/xla/tsl/framework/bfc_allocator.cc:1109] InUse at 14e2db0f9900 of size 2816 next 350
2025-11-13 04:48:21.804789: I external/local_xla/xla/tsl/framework/bfc_allocator.cc:1109] InUse at 14e2db0fa400 of size 512 next 335
2025-11-13 04:48:21.804797: I external/local_xla/xla/tsl/framework/bfc_allocator.cc:1109] InUse at 14e2db0fa600 of size 512 next 352
2025-11-13 04:48:21.804804: I external/local_xla/xla/tsl/framework/bfc_allocator.cc:1109] InUse at 14e2db0fa800 of size 512 next 351
2025-11-13 04:48:21.804812: I external/local_xla/xla/tsl/framework/bfc_allocator.cc:1109] InUse at 14e2db0faa00 of size 512 next 356
2025-11-13 04:48:21.804819: I external/local_xla/xla/tsl/framework/bfc_allocator.cc:1109] InUse at 14e2db0fac00 of size 2816 next 359
2025-11-13 04:48:21.804830: I external/local_xla/xla/tsl/framework/bfc_allocator.cc:1109] InUse at 14e2db0fb700 of size 256 next 360
2025-11-13 04:48:21.804838: I external/local_xla/xla/tsl/framework/bfc_allocator.cc:1109] InUse at 14e2db0fb800 of size 256 next 361
2025-11-13 04:48:21.804845: I external/local_xla/xla/tsl/framework/bfc_allocator.cc:1109] InUse at 14e2db0fb900 of size 2816 next 362
2025-11-13 04:48:21.804853: I external/local_xla/xla/tsl/framework/bfc_allocator.cc:1109] InUse at 14e2db0fc400 of size 2816 next 363
2025-11-13 04:48:21.804860: I external/local_xla/xla/tsl/framework/bfc_allocator.cc:1109] InUse at 14e2db0fcf00 of size 2816 next 365
2025-11-13 04:48:21.804868: I external/local_xla/xla/tsl/framework/bfc_allocator.cc:1109] InUse at 14e2db0fda00 of size 2816 next 366
2025-11-13 04:48:21.804875: I external/local_xla/xla/tsl/framework/bfc_allocator.cc:1109] InUse at 14e2db0fe500 of size 2816 next 367
2025-11-13 04:48:21.804883: I external/local_xla/xla/tsl/framework/bfc_allocator.cc:1109] InUse at 14e2db0ff000 of size 2816 next 368
2025-11-13 04:48:21.804890: I external/local_xla/xla/tsl/framework/bfc_allocator.cc:1109] InUse at 14e2db0ffb00 of size 2816 next 369
2025-11-13 04:48:21.804898: I external/local_xla/xla/tsl/framework/bfc_allocator.cc:1109] InUse at 14e2db100600 of size 4864 next 220
2025-11-13 04:48:21.804905: I external/local_xla/xla/tsl/framework/bfc_allocator.cc:1109] InUse at 14e2db101900 of size 153600 next 221
2025-11-13 04:48:21.804913: I external/local_xla/xla/tsl/framework/bfc_allocator.cc:1109] InUse at 14e2db127100 of size 38400 next 272
2025-11-13 04:48:21.804920: I external/local_xla/xla/tsl/framework/bfc_allocator.cc:1109] InUse at 14e2db130700 of size 38400 next 274
2025-11-13 04:48:21.804928: I external/local_xla/xla/tsl/framework/bfc_allocator.cc:1109] InUse at 14e2db139d00 of size 76800 next 236
2025-11-13 04:48:21.804935: I external/local_xla/xla/tsl/framework/bfc_allocator.cc:1109] InUse at 14e2db14c900 of size 153600 next 237
2025-11-13 04:48:21.804943: I external/local_xla/xla/tsl/framework/bfc_allocator.cc:1109] InUse at 14e2db172100 of size 153600 next 243
2025-11-13 04:48:21.804950: I external/local_xla/xla/tsl/framework/bfc_allocator.cc:1109] InUse at 14e2db197900 of size 38400 next 288
2025-11-13 04:48:21.804958: I external/local_xla/xla/tsl/framework/bfc_allocator.cc:1109] InUse at 14e2db1a0f00 of size 115200 next 257
2025-11-13 04:48:21.804965: I external/local_xla/xla/tsl/framework/bfc_allocator.cc:1109] InUse at 14e2db1bd100 of size 153600 next 258
2025-11-13 04:48:21.804973: I external/local_xla/xla/tsl/framework/bfc_allocator.cc:1109] InUse at 14e2db1e2900 of size 153600 next 263
2025-11-13 04:48:21.804980: I external/local_xla/xla/tsl/framework/bfc_allocator.cc:1109] InUse at 14e2db208100 of size 768 next 378
2025-11-13 04:48:21.804988: I external/local_xla/xla/tsl/framework/bfc_allocator.cc:1109] InUse at 14e2db208400 of size 768 next 395
2025-11-13 04:48:21.804995: I external/local_xla/xla/tsl/framework/bfc_allocator.cc:1109] InUse at 14e2db208700 of size 1280 next 371
2025-11-13 04:48:21.805003: I external/local_xla/xla/tsl/framework/bfc_allocator.cc:1109] InUse at 14e2db208c00 of size 256 next 374
2025-11-13 04:48:21.805010: I external/local_xla/xla/tsl/framework/bfc_allocator.cc:1109] InUse at 14e2db208d00 of size 768 next 370
2025-11-13 04:48:21.805018: I external/local_xla/xla/tsl/framework/bfc_allocator.cc:1109] InUse at 14e2db209000 of size 768 next 375
2025-11-13 04:48:21.805025: I external/local_xla/xla/tsl/framework/bfc_allocator.cc:1109] InUse at 14e2db209300 of size 768 next 377
2025-11-13 04:48:21.805033: I external/local_xla/xla/tsl/framework/bfc_allocator.cc:1109] InUse at 14e2db209600 of size 768 next 376
2025-11-13 04:48:21.805040: I external/local_xla/xla/tsl/framework/bfc_allocator.cc:1109] InUse at 14e2db209900 of size 256 next 379
2025-11-13 04:48:21.805048: I external/local_xla/xla/tsl/framework/bfc_allocator.cc:1109] InUse at 14e2db209a00 of size 4608 next 380
2025-11-13 04:48:21.805058: I external/local_xla/xla/tsl/framework/bfc_allocator.cc:1109] InUse at 14e2db20ac00 of size 4608 next 381
2025-11-13 04:48:21.805066: I external/local_xla/xla/tsl/framework/bfc_allocator.cc:1109] InUse at 14e2db20be00 of size 4608 next 382
2025-11-13 04:48:21.805073: I external/local_xla/xla/tsl/framework/bfc_allocator.cc:1109] InUse at 14e2db20d000 of size 4608 next 386
2025-11-13 04:48:21.805081: I external/local_xla/xla/tsl/framework/bfc_allocator.cc:1109] InUse at 14e2db20e200 of size 4608 next 388
2025-11-13 04:48:21.805088: I external/local_xla/xla/tsl/framework/bfc_allocator.cc:1109] InUse at 14e2db20f400 of size 4608 next 389
2025-11-13 04:48:21.805096: I external/local_xla/xla/tsl/framework/bfc_allocator.cc:1109] InUse at 14e2db210600 of size 4608 next 390
2025-11-13 04:48:21.805103: I external/local_xla/xla/tsl/framework/bfc_allocator.cc:1109] InUse at 14e2db211800 of size 4608 next 387
2025-11-13 04:48:21.805111: I external/local_xla/xla/tsl/framework/bfc_allocator.cc:1109] InUse at 14e2db212a00 of size 256 next 392
2025-11-13 04:48:21.805119: I external/local_xla/xla/tsl/framework/bfc_allocator.cc:1109] InUse at 14e2db212b00 of size 7936 next 402
2025-11-13 04:48:21.805126: I external/local_xla/xla/tsl/framework/bfc_allocator.cc:1109] InUse at 14e2db214a00 of size 256 next 403
2025-11-13 04:48:21.805136: I external/local_xla/xla/tsl/framework/bfc_allocator.cc:1109] InUse at 14e2db214b00 of size 256 next 404
2025-11-13 04:48:21.805144: I external/local_xla/xla/tsl/framework/bfc_allocator.cc:1109] InUse at 14e2db214c00 of size 4608 next 405
2025-11-13 04:48:21.805152: I external/local_xla/xla/tsl/framework/bfc_allocator.cc:1109] InUse at 14e2db215e00 of size 4608 next 406
2025-11-13 04:48:21.805159: I external/local_xla/xla/tsl/framework/bfc_allocator.cc:1109] InUse at 14e2db217000 of size 6144 next 309
2025-11-13 04:48:21.805167: I external/local_xla/xla/tsl/framework/bfc_allocator.cc:1109] InUse at 14e2db218800 of size 86272 next 276
2025-11-13 04:48:21.805174: I external/local_xla/xla/tsl/framework/bfc_allocator.cc:1109] InUse at 14e2db22d900 of size 153600 next 277
2025-11-13 04:48:21.805182: I external/local_xla/xla/tsl/framework/bfc_allocator.cc:1109] InUse at 14e2db253100 of size 268800 next 391
2025-11-13 04:48:21.805190: I external/local_xla/xla/tsl/framework/bfc_allocator.cc:1109] InUse at 14e2db294b00 of size 115200 next 412
2025-11-13 04:48:21.805197: I external/local_xla/xla/tsl/framework/bfc_allocator.cc:1109] InUse at 14e2db2b0d00 of size 7680 next 491
2025-11-13 04:48:21.805205: I external/local_xla/xla/tsl/framework/bfc_allocator.cc:1109] InUse at 14e2db2b2b00 of size 7680 next 492
2025-11-13 04:48:21.805212: I external/local_xla/xla/tsl/framework/bfc_allocator.cc:1109] InUse at 14e2db2b4900 of size 7680 next 490
2025-11-13 04:48:21.805220: I external/local_xla/xla/tsl/framework/bfc_allocator.cc:1109] InUse at 14e2db2b6700 of size 8192 next 496
2025-11-13 04:48:21.805227: I external/local_xla/xla/tsl/framework/bfc_allocator.cc:1109] InUse at 14e2db2b8700 of size 1280 next 494
2025-11-13 04:48:21.805235: I external/local_xla/xla/tsl/framework/bfc_allocator.cc:1109] InUse at 14e2db2b8c00 of size 1280 next 495
2025-11-13 04:48:21.805242: I external/local_xla/xla/tsl/framework/bfc_allocator.cc:1109] InUse at 14e2db2b9100 of size 1280 next 497
2025-11-13 04:48:21.805250: I external/local_xla/xla/tsl/framework/bfc_allocator.cc:1109] InUse at 14e2db2b9600 of size 1280 next 501
2025-11-13 04:48:21.805257: I external/local_xla/xla/tsl/framework/bfc_allocator.cc:1109] InUse at 14e2db2b9b00 of size 7680 next 504
2025-11-13 04:48:21.805265: I external/local_xla/xla/tsl/framework/bfc_allocator.cc:1109] InUse at 14e2db2bb900 of size 256 next 505
2025-11-13 04:48:21.805272: I external/local_xla/xla/tsl/framework/bfc_allocator.cc:1109] InUse at 14e2db2bba00 of size 256 next 506
2025-11-13 04:48:21.805280: I external/local_xla/xla/tsl/framework/bfc_allocator.cc:1109] InUse at 14e2db2bbb00 of size 5120 next 507
2025-11-13 04:48:21.805287: I external/local_xla/xla/tsl/framework/bfc_allocator.cc:1109] InUse at 14e2db2bcf00 of size 5120 next 508
2025-11-13 04:48:21.805298: I external/local_xla/xla/tsl/framework/bfc_allocator.cc:1109] InUse at 14e2db2be300 of size 5120 next 509
2025-11-13 04:48:21.805306: I external/local_xla/xla/tsl/framework/bfc_allocator.cc:1109] InUse at 14e2db2bf700 of size 256 next 230
2025-11-13 04:48:21.805314: I external/local_xla/xla/tsl/framework/bfc_allocator.cc:1109] InUse at 14e2db2bf800 of size 256 next 228
2025-11-13 04:48:21.805321: I external/local_xla/xla/tsl/framework/bfc_allocator.cc:1109] InUse at 14e2db2bf900 of size 256 next 229
2025-11-13 04:48:21.805329: I external/local_xla/xla/tsl/framework/bfc_allocator.cc:1109] InUse at 14e2db2bfa00 of size 256 next 521
2025-11-13 04:48:21.805336: I external/local_xla/xla/tsl/framework/bfc_allocator.cc:1109] InUse at 14e2db2bfb00 of size 256 next 525
2025-11-13 04:48:21.805344: I external/local_xla/xla/tsl/framework/bfc_allocator.cc:1109] InUse at 14e2db2bfc00 of size 256 next 526
2025-11-13 04:48:21.805351: I external/local_xla/xla/tsl/framework/bfc_allocator.cc:1109] InUse at 14e2db2bfd00 of size 256 next 524
2025-11-13 04:48:21.805359: I external/local_xla/xla/tsl/framework/bfc_allocator.cc:1109] InUse at 14e2db2bfe00 of size 256 next 527
2025-11-13 04:48:21.805366: I external/local_xla/xla/tsl/framework/bfc_allocator.cc:1109] InUse at 14e2db2bff00 of size 256 next 530
2025-11-13 04:48:21.805373: I external/local_xla/xla/tsl/framework/bfc_allocator.cc:1109] InUse at 14e2db2c0000 of size 256 next 529
2025-11-13 04:48:21.805381: I external/local_xla/xla/tsl/framework/bfc_allocator.cc:1109] InUse at 14e2db2c0100 of size 256 next 531
2025-11-13 04:48:21.805388: I external/local_xla/xla/tsl/framework/bfc_allocator.cc:1109] InUse at 14e2db2c0200 of size 256 next 532
2025-11-13 04:48:21.805396: I external/local_xla/xla/tsl/framework/bfc_allocator.cc:1109] InUse at 14e2db2c0300 of size 256 next 533
2025-11-13 04:48:21.805403: I external/local_xla/xla/tsl/framework/bfc_allocator.cc:1109] InUse at 14e2db2c0400 of size 256 next 534
2025-11-13 04:48:21.805411: I external/local_xla/xla/tsl/framework/bfc_allocator.cc:1109] InUse at 14e2db2c0500 of size 256 next 535
2025-11-13 04:48:21.805418: I external/local_xla/xla/tsl/framework/bfc_allocator.cc:1109] InUse at 14e2db2c0600 of size 3584 next 536
2025-11-13 04:48:21.805426: I external/local_xla/xla/tsl/framework/bfc_allocator.cc:1109] InUse at 14e2db2c1400 of size 11264 next 528
2025-11-13 04:48:21.805433: I external/local_xla/xla/tsl/framework/bfc_allocator.cc:1109] InUse at 14e2db2c4000 of size 14336 next 522
2025-11-13 04:48:21.805441: I external/local_xla/xla/tsl/framework/bfc_allocator.cc:1109] InUse at 14e2db2c7800 of size 32768 next 523
2025-11-13 04:48:21.805450: I external/local_xla/xla/tsl/framework/bfc_allocator.cc:1109] InUse at 14e2db2cf800 of size 256 next 537
2025-11-13 04:48:21.805458: I external/local_xla/xla/tsl/framework/bfc_allocator.cc:1109] InUse at 14e2db2cf900 of size 1536 next 538
2025-11-13 04:48:21.805465: I external/local_xla/xla/tsl/framework/bfc_allocator.cc:1109] InUse at 14e2db2cff00 of size 256 next 539
2025-11-13 04:48:21.805472: I external/local_xla/xla/tsl/framework/bfc_allocator.cc:1109] InUse at 14e2db2d0000 of size 1536 next 540
2025-11-13 04:48:21.805480: I external/local_xla/xla/tsl/framework/bfc_allocator.cc:1109] InUse at 14e2db2d0600 of size 70400 next 297
2025-11-13 04:48:21.805488: I external/local_xla/xla/tsl/framework/bfc_allocator.cc:1109] InUse at 14e2db2e1900 of size 219648 next 408
2025-11-13 04:48:21.805495: I external/local_xla/xla/tsl/framework/bfc_allocator.cc:1109] InUse at 14e2db317300 of size 4608 next 409
2025-11-13 04:48:21.805503: I external/local_xla/xla/tsl/framework/bfc_allocator.cc:1109] InUse at 14e2db318500 of size 4608 next 410
2025-11-13 04:48:21.805510: I external/local_xla/xla/tsl/framework/bfc_allocator.cc:1109] InUse at 14e2db319700 of size 4608 next 411
2025-11-13 04:48:21.805518: I external/local_xla/xla/tsl/framework/bfc_allocator.cc:1109] InUse at 14e2db31a900 of size 256 next 298
2025-11-13 04:48:21.805525: I external/local_xla/xla/tsl/framework/bfc_allocator.cc:1109] InUse at 14e2db31aa00 of size 768 next 413
2025-11-13 04:48:21.805536: I external/local_xla/xla/tsl/framework/bfc_allocator.cc:1109] InUse at 14e2db31ad00 of size 768 next 415
2025-11-13 04:48:21.805544: I external/local_xla/xla/tsl/framework/bfc_allocator.cc:1109] InUse at 14e2db31b000 of size 768 next 414
2025-11-13 04:48:21.805551: I external/local_xla/xla/tsl/framework/bfc_allocator.cc:1109] InUse at 14e2db31b300 of size 768 next 419
2025-11-13 04:48:21.805559: I external/local_xla/xla/tsl/framework/bfc_allocator.cc:1109] InUse at 14e2db31b600 of size 8960 next 422
2025-11-13 04:48:21.805567: I external/local_xla/xla/tsl/framework/bfc_allocator.cc:1109] InUse at 14e2db31d900 of size 256 next 423
2025-11-13 04:48:21.805574: I external/local_xla/xla/tsl/framework/bfc_allocator.cc:1109] InUse at 14e2db31da00 of size 256 next 424
2025-11-13 04:48:21.805582: I external/local_xla/xla/tsl/framework/bfc_allocator.cc:1109] InUse at 14e2db31db00 of size 4608 next 425
2025-11-13 04:48:21.805589: I external/local_xla/xla/tsl/framework/bfc_allocator.cc:1109] InUse at 14e2db31ed00 of size 4608 next 426
2025-11-13 04:48:21.805597: I external/local_xla/xla/tsl/framework/bfc_allocator.cc:1109] InUse at 14e2db31ff00 of size 4608 next 428
2025-11-13 04:48:21.805604: I external/local_xla/xla/tsl/framework/bfc_allocator.cc:1109] InUse at 14e2db321100 of size 4608 next 429
2025-11-13 04:48:21.805612: I external/local_xla/xla/tsl/framework/bfc_allocator.cc:1109] InUse at 14e2db322300 of size 4608 next 430
2025-11-13 04:48:21.805619: I external/local_xla/xla/tsl/framework/bfc_allocator.cc:1109] InUse at 14e2db323500 of size 4608 next 431
2025-11-13 04:48:21.805627: I external/local_xla/xla/tsl/framework/bfc_allocator.cc:1109] InUse at 14e2db324700 of size 4608 next 433
2025-11-13 04:48:21.805634: I external/local_xla/xla/tsl/framework/bfc_allocator.cc:1109] InUse at 14e2db325900 of size 4608 next 434
2025-11-13 04:48:21.805642: I external/local_xla/xla/tsl/framework/bfc_allocator.cc:1109] InUse at 14e2db326b00 of size 768 next 417
2025-11-13 04:48:21.805649: I external/local_xla/xla/tsl/framework/bfc_allocator.cc:1109] InUse at 14e2db326e00 of size 6400 next 314
2025-11-13 04:48:21.805657: I external/local_xla/xla/tsl/framework/bfc_allocator.cc:1109] InUse at 14e2db328700 of size 75264 next 315
2025-11-13 04:48:21.805664: I external/local_xla/xla/tsl/framework/bfc_allocator.cc:1109] InUse at 14e2db33ad00 of size 75264 next 317
2025-11-13 04:48:21.805672: I external/local_xla/xla/tsl/framework/bfc_allocator.cc:1109] InUse at 14e2db34d300 of size 75264 next 303
2025-11-13 04:48:21.805679: I external/local_xla/xla/tsl/framework/bfc_allocator.cc:1109] InUse at 14e2db35f900 of size 301056 next 304
2025-11-13 04:48:21.805687: I external/local_xla/xla/tsl/framework/bfc_allocator.cc:1109] InUse at 14e2db3a9100 of size 75264 next 334
2025-11-13 04:48:21.805694: I external/local_xla/xla/tsl/framework/bfc_allocator.cc:1109] InUse at 14e2db3bb700 of size 75264 next 336
2025-11-13 04:48:21.805702: I external/local_xla/xla/tsl/framework/bfc_allocator.cc:1109] InUse at 14e2db3cdd00 of size 75264 next 353
2025-11-13 04:48:21.805709: I external/local_xla/xla/tsl/framework/bfc_allocator.cc:1109] InUse at 14e2db3e0300 of size 75264 next 319
2025-11-13 04:48:21.805717: I external/local_xla/xla/tsl/framework/bfc_allocator.cc:1109] InUse at 14e2db3f2900 of size 301056 next 320
2025-11-13 04:48:21.805724: I external/local_xla/xla/tsl/framework/bfc_allocator.cc:1109] InUse at 14e2db43c100 of size 301056 next 326
2025-11-13 04:48:21.805731: I external/local_xla/xla/tsl/framework/bfc_allocator.cc:1109] InUse at 14e2db485900 of size 75264 next 355
2025-11-13 04:48:21.805739: I external/local_xla/xla/tsl/framework/bfc_allocator.cc:1109] InUse at 14e2db497f00 of size 768 next 439
2025-11-13 04:48:21.805746: I external/local_xla/xla/tsl/framework/bfc_allocator.cc:1109] InUse at 14e2db498200 of size 768 next 435
2025-11-13 04:48:21.805754: I external/local_xla/xla/tsl/framework/bfc_allocator.cc:1109] InUse at 14e2db498500 of size 768 next 436
2025-11-13 04:48:21.805764: I external/local_xla/xla/tsl/framework/bfc_allocator.cc:1109] InUse at 14e2db498800 of size 1024 next 442
2025-11-13 04:48:21.805772: I external/local_xla/xla/tsl/framework/bfc_allocator.cc:1109] InUse at 14e2db498c00 of size 256 next 443
2025-11-13 04:48:21.805780: I external/local_xla/xla/tsl/framework/bfc_allocator.cc:1109] InUse at 14e2db498d00 of size 4608 next 444
2025-11-13 04:48:21.805787: I external/local_xla/xla/tsl/framework/bfc_allocator.cc:1109] InUse at 14e2db499f00 of size 4608 next 445
2025-11-13 04:48:21.805795: I external/local_xla/xla/tsl/framework/bfc_allocator.cc:1109] InUse at 14e2db49b100 of size 4608 next 447
2025-11-13 04:48:21.805802: I external/local_xla/xla/tsl/framework/bfc_allocator.cc:1109] InUse at 14e2db49c300 of size 4608 next 448
2025-11-13 04:48:21.805810: I external/local_xla/xla/tsl/framework/bfc_allocator.cc:1109] InUse at 14e2db49d500 of size 4608 next 449
2025-11-13 04:48:21.805817: I external/local_xla/xla/tsl/framework/bfc_allocator.cc:1109] InUse at 14e2db49e700 of size 4608 next 450
2025-11-13 04:48:21.805825: I external/local_xla/xla/tsl/framework/bfc_allocator.cc:1109] InUse at 14e2db49f900 of size 4608 next 451
2025-11-13 04:48:21.805832: I external/local_xla/xla/tsl/framework/bfc_allocator.cc:1109] InUse at 14e2db4a0b00 of size 4608 next 452
2025-11-13 04:48:21.805839: I external/local_xla/xla/tsl/framework/bfc_allocator.cc:1109] InUse at 14e2db4a1d00 of size 768 next 454
2025-11-13 04:48:21.805847: I external/local_xla/xla/tsl/framework/bfc_allocator.cc:1109] InUse at 14e2db4a2000 of size 768 next 453
2025-11-13 04:48:21.805854: I external/local_xla/xla/tsl/framework/bfc_allocator.cc:1109] InUse at 14e2db4a2300 of size 768 next 459
2025-11-13 04:48:21.805862: I external/local_xla/xla/tsl/framework/bfc_allocator.cc:1109] InUse at 14e2db4a2600 of size 5376 next 462
2025-11-13 04:48:21.805869: I external/local_xla/xla/tsl/framework/bfc_allocator.cc:1109] InUse at 14e2db4a3b00 of size 256 next 463
2025-11-13 04:48:21.805877: I external/local_xla/xla/tsl/framework/bfc_allocator.cc:1109] InUse at 14e2db4a3c00 of size 256 next 464
2025-11-13 04:48:21.805884: I external/local_xla/xla/tsl/framework/bfc_allocator.cc:1109] InUse at 14e2db4a3d00 of size 4608 next 465
2025-11-13 04:48:21.805892: I external/local_xla/xla/tsl/framework/bfc_allocator.cc:1109] InUse at 14e2db4a4f00 of size 4608 next 466
2025-11-13 04:48:21.805899: I external/local_xla/xla/tsl/framework/bfc_allocator.cc:1109] InUse at 14e2db4a6100 of size 4608 next 468
2025-11-13 04:48:21.805907: I external/local_xla/xla/tsl/framework/bfc_allocator.cc:1109] InUse at 14e2db4a7300 of size 4608 next 469
2025-11-13 04:48:21.805914: I external/local_xla/xla/tsl/framework/bfc_allocator.cc:1109] InUse at 14e2db4a8500 of size 8192 next 372
2025-11-13 04:48:21.805922: I external/local_xla/xla/tsl/framework/bfc_allocator.cc:1109] InUse at 14e2db4aa500 of size 75264 next 373
2025-11-13 04:48:21.805929: I external/local_xla/xla/tsl/framework/bfc_allocator.cc:1109] InUse at 14e2db4bcb00 of size 4608 next 397
2025-11-13 04:48:21.805937: I external/local_xla/xla/tsl/framework/bfc_allocator.cc:1109] InUse at 14e2db4bdd00 of size 70656 next 338
2025-11-13 04:48:21.805944: I external/local_xla/xla/tsl/framework/bfc_allocator.cc:1109] InUse at 14e2db4cf100 of size 301056 next 339
2025-11-13 04:48:21.805952: I external/local_xla/xla/tsl/framework/bfc_allocator.cc:1109] InUse at 14e2db518900 of size 301056 next 345
2025-11-13 04:48:21.805959: I external/local_xla/xla/tsl/framework/bfc_allocator.cc:1109] InUse at 14e2db562100 of size 115200 next 432
2025-11-13 04:48:21.805967: I external/local_xla/xla/tsl/framework/bfc_allocator.cc:1109] InUse at 14e2db57e300 of size 256 next 511
2025-11-13 04:48:21.805974: I external/local_xla/xla/tsl/framework/bfc_allocator.cc:1109] InUse at 14e2db57e400 of size 256 next 512
2025-11-13 04:48:21.805982: I external/local_xla/xla/tsl/framework/bfc_allocator.cc:1109] InUse at 14e2db57e500 of size 3584 next 18
2025-11-13 04:48:21.805989: I external/local_xla/xla/tsl/framework/bfc_allocator.cc:1109] InUse at 14e2db57f300 of size 6144 next 37
2025-11-13 04:48:21.806000: I external/local_xla/xla/tsl/framework/bfc_allocator.cc:1109] InUse at 14e2db580b00 of size 9216 next 75
2025-11-13 04:48:21.806008: I external/local_xla/xla/tsl/framework/bfc_allocator.cc:1109] InUse at 14e2db582f00 of size 13824 next 516
2025-11-13 04:48:21.806015: I external/local_xla/xla/tsl/framework/bfc_allocator.cc:1109] InUse at 14e2db586500 of size 14592 next 120
2025-11-13 04:48:21.806023: I external/local_xla/xla/tsl/framework/bfc_allocator.cc:1109] InUse at 14e2db589e00 of size 35072 next 473
2025-11-13 04:48:21.806031: I external/local_xla/xla/tsl/framework/bfc_allocator.cc:1109] InUse at 14e2db592700 of size 4608 next 474
2025-11-13 04:48:21.806038: I external/local_xla/xla/tsl/framework/bfc_allocator.cc:1109] InUse at 14e2db593900 of size 4608 next 470
2025-11-13 04:48:21.806046: I external/local_xla/xla/tsl/framework/bfc_allocator.cc:1109] InUse at 14e2db594b00 of size 256 next 458
2025-11-13 04:48:21.806053: I external/local_xla/xla/tsl/framework/bfc_allocator.cc:1109] InUse at 14e2db594c00 of size 4608 next 457
2025-11-13 04:48:21.806061: I external/local_xla/xla/tsl/framework/bfc_allocator.cc:1109] InUse at 14e2db595e00 of size 1280 next 482
2025-11-13 04:48:21.806068: I external/local_xla/xla/tsl/framework/bfc_allocator.cc:1109] InUse at 14e2db596300 of size 7680 next 488
2025-11-13 04:48:21.806076: I external/local_xla/xla/tsl/framework/bfc_allocator.cc:1109] InUse at 14e2db598100 of size 256 next 510
2025-11-13 04:48:21.806083: I external/local_xla/xla/tsl/framework/bfc_allocator.cc:1109] InUse at 14e2db598200 of size 256 next 393
2025-11-13 04:48:21.806091: I external/local_xla/xla/tsl/framework/bfc_allocator.cc:1109] InUse at 14e2db598300 of size 256 next 499
2025-11-13 04:48:21.806098: I external/local_xla/xla/tsl/framework/bfc_allocator.cc:1109] InUse at 14e2db598400 of size 36096 next 476
2025-11-13 04:48:21.806106: I external/local_xla/xla/tsl/framework/bfc_allocator.cc:1109] InUse at 14e2db5a1100 of size 256 next 477
2025-11-13 04:48:21.806113: I external/local_xla/xla/tsl/framework/bfc_allocator.cc:1109] InUse at 14e2db5a1200 of size 1280 next 475
2025-11-13 04:48:21.806121: I external/local_xla/xla/tsl/framework/bfc_allocator.cc:1109] InUse at 14e2db5a1700 of size 1280 next 479
2025-11-13 04:48:21.806128: I external/local_xla/xla/tsl/framework/bfc_allocator.cc:1109] InUse at 14e2db5a1c00 of size 1280 next 481
2025-11-13 04:48:21.806138: I external/local_xla/xla/tsl/framework/bfc_allocator.cc:1109] InUse at 14e2db5a2100 of size 512 next 394
2025-11-13 04:48:21.806146: I external/local_xla/xla/tsl/framework/bfc_allocator.cc:1109] InUse at 14e2db5a2300 of size 256 next 493
2025-11-13 04:48:21.806153: I external/local_xla/xla/tsl/framework/bfc_allocator.cc:1109] InUse at 14e2db5a2400 of size 512 next 480
2025-11-13 04:48:21.806161: I external/local_xla/xla/tsl/framework/bfc_allocator.cc:1109] InUse at 14e2db5a2600 of size 256 next 483
2025-11-13 04:48:21.806168: I external/local_xla/xla/tsl/framework/bfc_allocator.cc:1109] InUse at 14e2db5a2700 of size 7680 next 484
2025-11-13 04:48:21.806176: I external/local_xla/xla/tsl/framework/bfc_allocator.cc:1109] InUse at 14e2db5a4500 of size 7680 next 485
2025-11-13 04:48:21.806183: I external/local_xla/xla/tsl/framework/bfc_allocator.cc:1109] InUse at 14e2db5a6300 of size 7680 next 486
2025-11-13 04:48:21.806191: I external/local_xla/xla/tsl/framework/bfc_allocator.cc:1109] InUse at 14e2db5a8100 of size 14336 next 357
2025-11-13 04:48:21.806198: I external/local_xla/xla/tsl/framework/bfc_allocator.cc:1109] InUse at 14e2db5ab900 of size 301056 next 358
2025-11-13 04:48:21.806206: I external/local_xla/xla/tsl/framework/bfc_allocator.cc:1109] InUse at 14e2db5f5100 of size 884736 next 354
2025-11-13 04:48:21.806213: I external/local_xla/xla/tsl/framework/bfc_allocator.cc:1109] InUse at 14e2db6cd100 of size 614400 next 441
2025-11-13 04:48:21.806221: I external/local_xla/xla/tsl/framework/bfc_allocator.cc:1109] InUse at 14e2db763100 of size 41472 next 543
2025-11-13 04:48:21.806234: I external/local_xla/xla/tsl/framework/bfc_allocator.cc:1109] InUse at 14e2db76d300 of size 69120 next 545
2025-11-13 04:48:21.806242: I external/local_xla/xla/tsl/framework/bfc_allocator.cc:1109] InUse at 14e2db77e100 of size 512 next 550
2025-11-13 04:48:21.806250: I external/local_xla/xla/tsl/framework/bfc_allocator.cc:1109] InUse at 14e2db77e300 of size 32768 next 551
2025-11-13 04:48:21.806257: I external/local_xla/xla/tsl/framework/bfc_allocator.cc:1109] InUse at 14e2db786300 of size 256 next 552
2025-11-13 04:48:21.806265: I external/local_xla/xla/tsl/framework/bfc_allocator.cc:1109] InUse at 14e2db786400 of size 8448 next 553
2025-11-13 04:48:21.806272: I external/local_xla/xla/tsl/framework/bfc_allocator.cc:1109] InUse at 14e2db788500 of size 256 next 554
2025-11-13 04:48:21.806280: I external/local_xla/xla/tsl/framework/bfc_allocator.cc:1109] InUse at 14e2db788600 of size 256 next 555
2025-11-13 04:48:21.806287: I external/local_xla/xla/tsl/framework/bfc_allocator.cc:1109] InUse at 14e2db788700 of size 256 next 556
2025-11-13 04:48:21.806295: I external/local_xla/xla/tsl/framework/bfc_allocator.cc:1109] InUse at 14e2db788800 of size 256 next 557
2025-11-13 04:48:21.806302: I external/local_xla/xla/tsl/framework/bfc_allocator.cc:1109] InUse at 14e2db788900 of size 256 next 558
2025-11-13 04:48:21.806310: I external/local_xla/xla/tsl/framework/bfc_allocator.cc:1109] InUse at 14e2db788a00 of size 6144 next 559
2025-11-13 04:48:21.806317: I external/local_xla/xla/tsl/framework/bfc_allocator.cc:1109] InUse at 14e2db78a200 of size 14592 next 560
2025-11-13 04:48:21.806325: I external/local_xla/xla/tsl/framework/bfc_allocator.cc:1109] InUse at 14e2db78db00 of size 468224 next 18446744073709551615
2025-11-13 04:48:21.806333: I external/local_xla/xla/tsl/framework/bfc_allocator.cc:1114]      Summary of in-use Chunks by size: 
2025-11-13 04:48:21.806342: I external/local_xla/xla/tsl/framework/bfc_allocator.cc:1117] 213 Chunks of size 256 totalling 53.2KiB
2025-11-13 04:48:21.806350: I external/local_xla/xla/tsl/framework/bfc_allocator.cc:1117] 86 Chunks of size 512 totalling 43.0KiB
2025-11-13 04:48:21.806359: I external/local_xla/xla/tsl/framework/bfc_allocator.cc:1117] 97 Chunks of size 768 totalling 72.8KiB
2025-11-13 04:48:21.806367: I external/local_xla/xla/tsl/framework/bfc_allocator.cc:1117] 56 Chunks of size 1024 totalling 56.0KiB
2025-11-13 04:48:21.806375: I external/local_xla/xla/tsl/framework/bfc_allocator.cc:1117] 23 Chunks of size 1280 totalling 28.8KiB
2025-11-13 04:48:21.806383: I external/local_xla/xla/tsl/framework/bfc_allocator.cc:1117] 5 Chunks of size 1536 totalling 7.5KiB
2025-11-13 04:48:21.806391: I external/local_xla/xla/tsl/framework/bfc_allocator.cc:1117] 2 Chunks of size 1792 totalling 3.5KiB
2025-11-13 04:48:21.806399: I external/local_xla/xla/tsl/framework/bfc_allocator.cc:1117] 69 Chunks of size 2048 totalling 138.0KiB
2025-11-13 04:48:21.806408: I external/local_xla/xla/tsl/framework/bfc_allocator.cc:1117] 1 Chunks of size 2304 totalling 2.2KiB
2025-11-13 04:48:21.806416: I external/local_xla/xla/tsl/framework/bfc_allocator.cc:1117] 3 Chunks of size 2560 totalling 7.5KiB
2025-11-13 04:48:21.806424: I external/local_xla/xla/tsl/framework/bfc_allocator.cc:1117] 70 Chunks of size 2816 totalling 192.5KiB
2025-11-13 04:48:21.806432: I external/local_xla/xla/tsl/framework/bfc_allocator.cc:1117] 3 Chunks of size 3072 totalling 9.0KiB
2025-11-13 04:48:21.806440: I external/local_xla/xla/tsl/framework/bfc_allocator.cc:1117] 1 Chunks of size 3328 totalling 3.2KiB
2025-11-13 04:48:21.806448: I external/local_xla/xla/tsl/framework/bfc_allocator.cc:1117] 19 Chunks of size 3584 totalling 66.5KiB
2025-11-13 04:48:21.806456: I external/local_xla/xla/tsl/framework/bfc_allocator.cc:1117] 2 Chunks of size 3840 totalling 7.5KiB
2025-11-13 04:48:21.806464: I external/local_xla/xla/tsl/framework/bfc_allocator.cc:1117] 88 Chunks of size 4608 totalling 396.0KiB
2025-11-13 04:48:21.806473: I external/local_xla/xla/tsl/framework/bfc_allocator.cc:1117] 2 Chunks of size 4864 totalling 9.5KiB
2025-11-13 04:48:21.806484: I external/local_xla/xla/tsl/framework/bfc_allocator.cc:1117] 8 Chunks of size 5120 totalling 40.0KiB
2025-11-13 04:48:21.806493: I external/local_xla/xla/tsl/framework/bfc_allocator.cc:1117] 8 Chunks of size 5376 totalling 42.0KiB
2025-11-13 04:48:21.806501: I external/local_xla/xla/tsl/framework/bfc_allocator.cc:1117] 1 Chunks of size 5632 totalling 5.5KiB
2025-11-13 04:48:21.806509: I external/local_xla/xla/tsl/framework/bfc_allocator.cc:1117] 4 Chunks of size 6144 totalling 24.0KiB
2025-11-13 04:48:21.806517: I external/local_xla/xla/tsl/framework/bfc_allocator.cc:1117] 2 Chunks of size 6400 totalling 12.5KiB
2025-11-13 04:48:21.806526: I external/local_xla/xla/tsl/framework/bfc_allocator.cc:1117] 18 Chunks of size 7680 totalling 135.0KiB
2025-11-13 04:48:21.806534: I external/local_xla/xla/tsl/framework/bfc_allocator.cc:1117] 1 Chunks of size 7936 totalling 7.8KiB
2025-11-13 04:48:21.806542: I external/local_xla/xla/tsl/framework/bfc_allocator.cc:1117] 3 Chunks of size 8192 totalling 24.0KiB
2025-11-13 04:48:21.806550: I external/local_xla/xla/tsl/framework/bfc_allocator.cc:1117] 1 Chunks of size 8448 totalling 8.2KiB
2025-11-13 04:48:21.806558: I external/local_xla/xla/tsl/framework/bfc_allocator.cc:1117] 1 Chunks of size 8704 totalling 8.5KiB
2025-11-13 04:48:21.806566: I external/local_xla/xla/tsl/framework/bfc_allocator.cc:1117] 1 Chunks of size 8960 totalling 8.8KiB
2025-11-13 04:48:21.806575: I external/local_xla/xla/tsl/framework/bfc_allocator.cc:1117] 3 Chunks of size 9216 totalling 27.0KiB
2025-11-13 04:48:21.806583: I external/local_xla/xla/tsl/framework/bfc_allocator.cc:1117] 15 Chunks of size 9728 totalling 142.5KiB
2025-11-13 04:48:21.806591: I external/local_xla/xla/tsl/framework/bfc_allocator.cc:1117] 1 Chunks of size 9984 totalling 9.8KiB
2025-11-13 04:48:21.806599: I external/local_xla/xla/tsl/framework/bfc_allocator.cc:1117] 1 Chunks of size 11264 totalling 11.0KiB
2025-11-13 04:48:21.806608: I external/local_xla/xla/tsl/framework/bfc_allocator.cc:1117] 15 Chunks of size 13824 totalling 202.5KiB
2025-11-13 04:48:21.806616: I external/local_xla/xla/tsl/framework/bfc_allocator.cc:1117] 3 Chunks of size 14336 totalling 42.0KiB
2025-11-13 04:48:21.806624: I external/local_xla/xla/tsl/framework/bfc_allocator.cc:1117] 2 Chunks of size 14592 totalling 28.5KiB
2025-11-13 04:48:21.806632: I external/local_xla/xla/tsl/framework/bfc_allocator.cc:1117] 8 Chunks of size 17408 totalling 136.0KiB
2025-11-13 04:48:21.806640: I external/local_xla/xla/tsl/framework/bfc_allocator.cc:1117] 1 Chunks of size 17920 totalling 17.5KiB
2025-11-13 04:48:21.806649: I external/local_xla/xla/tsl/framework/bfc_allocator.cc:1117] 5 Chunks of size 24064 totalling 117.5KiB
2025-11-13 04:48:21.806657: I external/local_xla/xla/tsl/framework/bfc_allocator.cc:1117] 1 Chunks of size 28672 totalling 28.0KiB
2025-11-13 04:48:21.806665: I external/local_xla/xla/tsl/framework/bfc_allocator.cc:1117] 2 Chunks of size 32768 totalling 64.0KiB
2025-11-13 04:48:21.806673: I external/local_xla/xla/tsl/framework/bfc_allocator.cc:1117] 1 Chunks of size 35072 totalling 34.2KiB
2025-11-13 04:48:21.806681: I external/local_xla/xla/tsl/framework/bfc_allocator.cc:1117] 1 Chunks of size 36096 totalling 35.2KiB
2025-11-13 04:48:21.806690: I external/local_xla/xla/tsl/framework/bfc_allocator.cc:1117] 39 Chunks of size 38400 totalling 1.43MiB
2025-11-13 04:48:21.806698: I external/local_xla/xla/tsl/framework/bfc_allocator.cc:1117] 1 Chunks of size 41472 totalling 40.5KiB
2025-11-13 04:48:21.806706: I external/local_xla/xla/tsl/framework/bfc_allocator.cc:1117] 1 Chunks of size 46080 totalling 45.0KiB
2025-11-13 04:48:21.806714: I external/local_xla/xla/tsl/framework/bfc_allocator.cc:1117] 8 Chunks of size 67328 totalling 526.0KiB
2025-11-13 04:48:21.806723: I external/local_xla/xla/tsl/framework/bfc_allocator.cc:1117] 2 Chunks of size 69120 totalling 135.0KiB
2025-11-13 04:48:21.806731: I external/local_xla/xla/tsl/framework/bfc_allocator.cc:1117] 1 Chunks of size 70400 totalling 68.8KiB
2025-11-13 04:48:21.806739: I external/local_xla/xla/tsl/framework/bfc_allocator.cc:1117] 1 Chunks of size 70656 totalling 69.0KiB
2025-11-13 04:48:21.806750: I external/local_xla/xla/tsl/framework/bfc_allocator.cc:1117] 25 Chunks of size 75264 totalling 1.79MiB
2025-11-13 04:48:21.806759: I external/local_xla/xla/tsl/framework/bfc_allocator.cc:1117] 3 Chunks of size 76800 totalling 225.0KiB
2025-11-13 04:48:21.806767: I external/local_xla/xla/tsl/framework/bfc_allocator.cc:1117] 1 Chunks of size 86272 totalling 84.2KiB
2025-11-13 04:48:21.806775: I external/local_xla/xla/tsl/framework/bfc_allocator.cc:1117] 1 Chunks of size 105984 totalling 103.5KiB
2025-11-13 04:48:21.806784: I external/local_xla/xla/tsl/framework/bfc_allocator.cc:1117] 11 Chunks of size 115200 totalling 1.21MiB
2025-11-13 04:48:21.806792: I external/local_xla/xla/tsl/framework/bfc_allocator.cc:1117] 2 Chunks of size 131840 totalling 257.5KiB
2025-11-13 04:48:21.806800: I external/local_xla/xla/tsl/framework/bfc_allocator.cc:1117] 1 Chunks of size 152064 totalling 148.5KiB
2025-11-13 04:48:21.806808: I external/local_xla/xla/tsl/framework/bfc_allocator.cc:1117] 20 Chunks of size 153600 totalling 2.93MiB
2025-11-13 04:48:21.806816: I external/local_xla/xla/tsl/framework/bfc_allocator.cc:1117] 1 Chunks of size 215040 totalling 210.0KiB
2025-11-13 04:48:21.806825: I external/local_xla/xla/tsl/framework/bfc_allocator.cc:1117] 1 Chunks of size 219648 totalling 214.5KiB
2025-11-13 04:48:21.806833: I external/local_xla/xla/tsl/framework/bfc_allocator.cc:1117] 31 Chunks of size 221184 totalling 6.54MiB
2025-11-13 04:48:21.806841: I external/local_xla/xla/tsl/framework/bfc_allocator.cc:1117] 2 Chunks of size 263424 totalling 514.5KiB
2025-11-13 04:48:21.806849: I external/local_xla/xla/tsl/framework/bfc_allocator.cc:1117] 1 Chunks of size 268800 totalling 262.5KiB
2025-11-13 04:48:21.806857: I external/local_xla/xla/tsl/framework/bfc_allocator.cc:1117] 19 Chunks of size 301056 totalling 5.46MiB
2025-11-13 04:48:21.806865: I external/local_xla/xla/tsl/framework/bfc_allocator.cc:1117] 1 Chunks of size 448512 totalling 438.0KiB
2025-11-13 04:48:21.806874: I external/local_xla/xla/tsl/framework/bfc_allocator.cc:1117] 1 Chunks of size 468224 totalling 457.2KiB
2025-11-13 04:48:21.806882: I external/local_xla/xla/tsl/framework/bfc_allocator.cc:1117] 1 Chunks of size 516096 totalling 504.0KiB
2025-11-13 04:48:21.806890: I external/local_xla/xla/tsl/framework/bfc_allocator.cc:1117] 1 Chunks of size 604160 totalling 590.0KiB
2025-11-13 04:48:21.806898: I external/local_xla/xla/tsl/framework/bfc_allocator.cc:1117] 3 Chunks of size 614400 totalling 1.76MiB
2025-11-13 04:48:21.806906: I external/local_xla/xla/tsl/framework/bfc_allocator.cc:1117] 2 Chunks of size 655360 totalling 1.25MiB
2025-11-13 04:48:21.806914: I external/local_xla/xla/tsl/framework/bfc_allocator.cc:1117] 1 Chunks of size 696320 totalling 680.0KiB
2025-11-13 04:48:21.806923: I external/local_xla/xla/tsl/framework/bfc_allocator.cc:1117] 26 Chunks of size 884736 totalling 21.94MiB
2025-11-13 04:48:21.806931: I external/local_xla/xla/tsl/framework/bfc_allocator.cc:1117] 1 Chunks of size 1236992 totalling 1.18MiB
2025-11-13 04:48:21.806939: I external/local_xla/xla/tsl/framework/bfc_allocator.cc:1117] 1 Chunks of size 1303808 totalling 1.24MiB
2025-11-13 04:48:21.806947: I external/local_xla/xla/tsl/framework/bfc_allocator.cc:1117] 1 Chunks of size 1638400 totalling 1.56MiB
2025-11-13 04:48:21.806955: I external/local_xla/xla/tsl/framework/bfc_allocator.cc:1117] 1 Chunks of size 1736704 totalling 1.66MiB
2025-11-13 04:48:21.806963: I external/local_xla/xla/tsl/framework/bfc_allocator.cc:1117] 5 Chunks of size 2457600 totalling 11.72MiB
2025-11-13 04:48:21.806971: I external/local_xla/xla/tsl/framework/bfc_allocator.cc:1117] 1 Chunks of size 3170304 totalling 3.02MiB
2025-11-13 04:48:21.806979: I external/local_xla/xla/tsl/framework/bfc_allocator.cc:1117] 1 Chunks of size 4194304 totalling 4.00MiB
2025-11-13 04:48:21.806988: I external/local_xla/xla/tsl/framework/bfc_allocator.cc:1117] 1 Chunks of size 536870912 totalling 512.00MiB
2025-11-13 04:48:21.806999: I external/local_xla/xla/tsl/framework/bfc_allocator.cc:1121] Sum Total of in-use chunks: 588.38MiB
2025-11-13 04:48:21.807008: I external/local_xla/xla/tsl/framework/bfc_allocator.cc:1123] Total bytes in pool: 10792992768 memory_limit_: 10792992768 available bytes: 0 curr_region_allocation_bytes_: 8589934592
2025-11-13 04:48:21.807019: I external/local_xla/xla/tsl/framework/bfc_allocator.cc:1128] Stats: 
Limit:                     10792992768
InUse:                       616963328
MaxInUse:                   8442345984
NumAllocs:                        7725
MaxAllocSize:               5261006080
Reserved:                            0
PeakReserved:                        0
LargestFreeBlock:                    0

2025-11-13 04:48:21.807043: W external/local_xla/xla/tsl/framework/bfc_allocator.cc:508] _____________________________________________________________________________________________*******
2025-11-13 04:48:21.807942: I tensorflow/core/framework/local_rendezvous.cc:405] Local rendezvous is aborting with status: RESOURCE_EXHAUSTED: Out of memory while trying to allocate 19783402800 bytes.
	 [[{{node StatefulPartitionedCall}}]]
Hint: If you want to see a list of allocated tensors when OOM happens, add report_tensor_allocations_upon_oom to RunOptions for current allocation info. This isn't available when running in Eager mode.

Traceback (most recent call last):
  File "/home/jordanw7/koa_scratch/ADSA-AI/ADSA-AI-JordanWang/ModelScripts/EfficientNetFamily/SurfaceTension/10v/ModelSurfaceTensionENFV10.py", line 213, in <module>
    main()
  File "/home/jordanw7/koa_scratch/ADSA-AI/ADSA-AI-JordanWang/ModelScripts/EfficientNetFamily/SurfaceTension/10v/ModelSurfaceTensionENFV10.py", line 125, in main
    history = model.fit(train_gen,
              ^^^^^^^^^^^^^^^^^^^^
  File "/home/jordanw7/.conda/envs/ADSAenv/lib/python3.11/site-packages/keras/src/utils/traceback_utils.py", line 122, in error_handler
    raise e.with_traceback(filtered_tb) from None
  File "/home/jordanw7/.conda/envs/ADSAenv/lib/python3.11/site-packages/tensorflow/python/eager/execute.py", line 53, in quick_execute
    tensors = pywrap_tfe.TFE_Py_Execute(ctx._handle, device_name, op_name,
  ^^^^^^^^^^^^^^^^^^^^^^^^^^^^^^^^^^^^^^^^^^^^^^^^^^^^^^^^^^^^^^^^^^^^^^^^
tensorflow.python.framework.errors_impl.ResourceExhaustedError: Graph execution error:

Detected at node StatefulPartitionedCall defined at (most recent call last):
  File "/home/jordanw7/koa_scratch/ADSA-AI/ADSA-AI-JordanWang/ModelScripts/EfficientNetFamily/SurfaceTension/10v/ModelSurfaceTensionENFV10.py", line 213, in <module>

  File "/home/jordanw7/koa_scratch/ADSA-AI/ADSA-AI-JordanWang/ModelScripts/EfficientNetFamily/SurfaceTension/10v/ModelSurfaceTensionENFV10.py", line 125, in main

  File "/home/jordanw7/.conda/envs/ADSAenv/lib/python3.11/site-packages/keras/src/utils/traceback_utils.py", line 117, in error_handler

  File "/home/jordanw7/.conda/envs/ADSAenv/lib/python3.11/site-packages/keras/src/backend/tensorflow/trainer.py", line 371, in fit

  File "/home/jordanw7/.conda/envs/ADSAenv/lib/python3.11/site-packages/keras/src/backend/tensorflow/trainer.py", line 219, in function

  File "/home/jordanw7/.conda/envs/ADSAenv/lib/python3.11/site-packages/keras/src/backend/tensorflow/trainer.py", line 132, in multi_step_on_iterator

Out of memory while trying to allocate 19783402800 bytes.
	 [[{{node StatefulPartitionedCall}}]]
Hint: If you want to see a list of allocated tensors when OOM happens, add report_tensor_allocations_upon_oom to RunOptions for current allocation info. This isn't available when running in Eager mode.
 [Op:__inference_multi_step_on_iterator_77675]
2025-11-13 04:48:23.766705: F external/local_xla/xla/tsl/framework/bfc_allocator.cc:811] Check failed: c->in_use() && (c->bin_num == kInvalidBinNum) 
/var/spool/slurm/d/job8921039/slurm_script: line 39: 1529936 Aborted                 (core dumped) python /home/jordanw7/koa_scratch/ADSA-AI/ADSA-AI-JordanWang/ModelScripts/EfficientNetFamily/SurfaceTension/10v/ModelSurfaceTensionENFV10.py --dataset_path $LOCAL_DATA
