Identity added: /home/jordanw7/.ssh/id_ed25519 (cluster_key)
From github.com:JordanT-MWang/ADSA-AI-JordanWang
   92548e0..e58aa9d  main       -> origin/main
2025-11-07 21:33:07.036573: I tensorflow/core/util/port.cc:153] oneDNN custom operations are on. You may see slightly different numerical results due to floating-point round-off errors from different computation orders. To turn them off, set the environment variable `TF_ENABLE_ONEDNN_OPTS=0`.
2025-11-07 21:33:12.728964: E external/local_xla/xla/stream_executor/cuda/cuda_fft.cc:477] Unable to register cuFFT factory: Attempting to register factory for plugin cuFFT when one has already been registered
WARNING: All log messages before absl::InitializeLog() is called are written to STDERR
E0000 00:00:1762551194.834940  146956 cuda_dnn.cc:8310] Unable to register cuDNN factory: Attempting to register factory for plugin cuDNN when one has already been registered
E0000 00:00:1762551195.176046  146956 cuda_blas.cc:1418] Unable to register cuBLAS factory: Attempting to register factory for plugin cuBLAS when one has already been registered
2025-11-07 21:33:21.355971: I tensorflow/core/platform/cpu_feature_guard.cc:210] This TensorFlow binary is optimized to use available CPU instructions in performance-critical operations.
To enable the following instructions: AVX2 AVX512F AVX512_VNNI FMA, in other operations, rebuild TensorFlow with the appropriate compiler flags.
I0000 00:00:1762551300.656764  146956 gpu_device.cc:2022] Created device /job:localhost/replica:0/task:0/device:GPU:0 with 10293 MB memory:  -> device: 0, name: NVIDIA A30 MIG 2g.12gb, pci bus id: 0000:98:00.0, compute capability: 8.0
2025-11-07 21:35:15.402712: E tensorflow/core/util/util.cc:131] oneDNN supports DT_HALF only on platforms with AVX-512. Falling back to the default Eigen-based implementation if present.
WARNING: All log messages before absl::InitializeLog() is called are written to STDERR
I0000 00:00:1762551343.913032  147136 service.cc:148] XLA service 0x1520a4017040 initialized for platform CUDA (this does not guarantee that XLA will be used). Devices:
I0000 00:00:1762551343.913528  147136 service.cc:156]   StreamExecutor device (0): NVIDIA A30 MIG 2g.12gb, Compute Capability 8.0
I0000 00:00:1762551344.345107  147136 cuda_dnn.cc:529] Loaded cuDNN version 91301
I0000 00:00:1762551344.760918  147136 device_compiler.h:188] Compiled cluster using XLA!  This line is logged at most once for the lifetime of the process.
2025-11-07 21:36:07.622159: I tensorflow/compiler/mlir/tensorflow/utils/dump_mlir_util.cc:268] disabling MLIR crash reproducer, set env var `MLIR_CRASH_REPRODUCER_DIRECTORY` to enable.
2025-11-07 21:36:34.228698: E external/local_xla/xla/service/slow_operation_alarm.cc:65] Trying algorithm eng27{k2=1,k5=3,k14=5} for conv (f16[64,400,400,32]{3,2,1,0}, u8[0]{0}) custom-call(f16[64,400,400,32]{3,2,1,0}, f16[32,3,3,1]{3,2,1,0}), window={size=3x3 pad=1_1x1_1}, dim_labels=b01f_o01i->b01f, feature_group_count=32, custom_call_target="__cudnn$convForward", backend_config={"cudnn_conv_backend_config":{"activation_mode":"kNone","conv_result_scale":1,"leakyrelu_alpha":0,"side_input_scale":0},"force_earliest_schedule":false,"operation_queue_id":"0","wait_on_operation_queues":[]} is taking a while...
2025-11-07 21:36:35.715191: E external/local_xla/xla/service/slow_operation_alarm.cc:133] The operation took 2.486599876s
Trying algorithm eng27{k2=1,k5=3,k14=5} for conv (f16[64,400,400,32]{3,2,1,0}, u8[0]{0}) custom-call(f16[64,400,400,32]{3,2,1,0}, f16[32,3,3,1]{3,2,1,0}), window={size=3x3 pad=1_1x1_1}, dim_labels=b01f_o01i->b01f, feature_group_count=32, custom_call_target="__cudnn$convForward", backend_config={"cudnn_conv_backend_config":{"activation_mode":"kNone","conv_result_scale":1,"leakyrelu_alpha":0,"side_input_scale":0},"force_earliest_schedule":false,"operation_queue_id":"0","wait_on_operation_queues":[]} is taking a while...
2025-11-07 21:36:42.247030: E external/local_xla/xla/service/slow_operation_alarm.cc:65] Trying algorithm eng45{k2=0,k5=3,k14=3} for conv (f16[64,400,400,16]{3,2,1,0}, u8[0]{0}) custom-call(f16[64,400,400,16]{3,2,1,0}, f16[16,3,3,1]{3,2,1,0}), window={size=3x3 pad=1_1x1_1}, dim_labels=b01f_o01i->b01f, feature_group_count=16, custom_call_target="__cudnn$convForward", backend_config={"cudnn_conv_backend_config":{"activation_mode":"kNone","conv_result_scale":1,"leakyrelu_alpha":0,"side_input_scale":0},"force_earliest_schedule":false,"operation_queue_id":"0","wait_on_operation_queues":[]} is taking a while...
2025-11-07 21:36:42.353834: E external/local_xla/xla/service/slow_operation_alarm.cc:133] The operation took 1.106888113s
Trying algorithm eng45{k2=0,k5=3,k14=3} for conv (f16[64,400,400,16]{3,2,1,0}, u8[0]{0}) custom-call(f16[64,400,400,16]{3,2,1,0}, f16[16,3,3,1]{3,2,1,0}), window={size=3x3 pad=1_1x1_1}, dim_labels=b01f_o01i->b01f, feature_group_count=16, custom_call_target="__cudnn$convForward", backend_config={"cudnn_conv_backend_config":{"activation_mode":"kNone","conv_result_scale":1,"leakyrelu_alpha":0,"side_input_scale":0},"force_earliest_schedule":false,"operation_queue_id":"0","wait_on_operation_queues":[]} is taking a while...
2025-11-07 21:36:43.354033: E external/local_xla/xla/service/slow_operation_alarm.cc:65] Trying algorithm eng27{k2=1,k5=3,k14=5} for conv (f16[64,400,400,16]{3,2,1,0}, u8[0]{0}) custom-call(f16[64,400,400,16]{3,2,1,0}, f16[16,3,3,1]{3,2,1,0}), window={size=3x3 pad=1_1x1_1}, dim_labels=b01f_o01i->b01f, feature_group_count=16, custom_call_target="__cudnn$convForward", backend_config={"cudnn_conv_backend_config":{"activation_mode":"kNone","conv_result_scale":1,"leakyrelu_alpha":0,"side_input_scale":0},"force_earliest_schedule":false,"operation_queue_id":"0","wait_on_operation_queues":[]} is taking a while...
2025-11-07 21:36:43.551636: E external/local_xla/xla/service/slow_operation_alarm.cc:133] The operation took 1.19767169s
Trying algorithm eng27{k2=1,k5=3,k14=5} for conv (f16[64,400,400,16]{3,2,1,0}, u8[0]{0}) custom-call(f16[64,400,400,16]{3,2,1,0}, f16[16,3,3,1]{3,2,1,0}), window={size=3x3 pad=1_1x1_1}, dim_labels=b01f_o01i->b01f, feature_group_count=16, custom_call_target="__cudnn$convForward", backend_config={"cudnn_conv_backend_config":{"activation_mode":"kNone","conv_result_scale":1,"leakyrelu_alpha":0,"side_input_scale":0},"force_earliest_schedule":false,"operation_queue_id":"0","wait_on_operation_queues":[]} is taking a while...
2025-11-07 21:36:44.551821: E external/local_xla/xla/service/slow_operation_alarm.cc:65] Trying algorithm eng45{k2=5,k5=3,k14=6} for conv (f16[64,400,400,16]{3,2,1,0}, u8[0]{0}) custom-call(f16[64,400,400,16]{3,2,1,0}, f16[16,3,3,1]{3,2,1,0}), window={size=3x3 pad=1_1x1_1}, dim_labels=b01f_o01i->b01f, feature_group_count=16, custom_call_target="__cudnn$convForward", backend_config={"cudnn_conv_backend_config":{"activation_mode":"kNone","conv_result_scale":1,"leakyrelu_alpha":0,"side_input_scale":0},"force_earliest_schedule":false,"operation_queue_id":"0","wait_on_operation_queues":[]} is taking a while...
2025-11-07 21:36:45.270709: E external/local_xla/xla/service/slow_operation_alarm.cc:133] The operation took 1.718944936s
Trying algorithm eng45{k2=5,k5=3,k14=6} for conv (f16[64,400,400,16]{3,2,1,0}, u8[0]{0}) custom-call(f16[64,400,400,16]{3,2,1,0}, f16[16,3,3,1]{3,2,1,0}), window={size=3x3 pad=1_1x1_1}, dim_labels=b01f_o01i->b01f, feature_group_count=16, custom_call_target="__cudnn$convForward", backend_config={"cudnn_conv_backend_config":{"activation_mode":"kNone","conv_result_scale":1,"leakyrelu_alpha":0,"side_input_scale":0},"force_earliest_schedule":false,"operation_queue_id":"0","wait_on_operation_queues":[]} is taking a while...
2025-11-07 21:36:46.270913: E external/local_xla/xla/service/slow_operation_alarm.cc:65] Trying algorithm eng45{k2=5,k5=4,k14=4} for conv (f16[64,400,400,16]{3,2,1,0}, u8[0]{0}) custom-call(f16[64,400,400,16]{3,2,1,0}, f16[16,3,3,1]{3,2,1,0}), window={size=3x3 pad=1_1x1_1}, dim_labels=b01f_o01i->b01f, feature_group_count=16, custom_call_target="__cudnn$convForward", backend_config={"cudnn_conv_backend_config":{"activation_mode":"kNone","conv_result_scale":1,"leakyrelu_alpha":0,"side_input_scale":0},"force_earliest_schedule":false,"operation_queue_id":"0","wait_on_operation_queues":[]} is taking a while...
2025-11-07 21:36:46.883126: E external/local_xla/xla/service/slow_operation_alarm.cc:133] The operation took 1.612276826s
Trying algorithm eng45{k2=5,k5=4,k14=4} for conv (f16[64,400,400,16]{3,2,1,0}, u8[0]{0}) custom-call(f16[64,400,400,16]{3,2,1,0}, f16[16,3,3,1]{3,2,1,0}), window={size=3x3 pad=1_1x1_1}, dim_labels=b01f_o01i->b01f, feature_group_count=16, custom_call_target="__cudnn$convForward", backend_config={"cudnn_conv_backend_config":{"activation_mode":"kNone","conv_result_scale":1,"leakyrelu_alpha":0,"side_input_scale":0},"force_earliest_schedule":false,"operation_queue_id":"0","wait_on_operation_queues":[]} is taking a while...
2025-11-07 21:36:47.883337: E external/local_xla/xla/service/slow_operation_alarm.cc:65] Trying algorithm eng45{k2=7,k5=4,k14=2} for conv (f16[64,400,400,16]{3,2,1,0}, u8[0]{0}) custom-call(f16[64,400,400,16]{3,2,1,0}, f16[16,3,3,1]{3,2,1,0}), window={size=3x3 pad=1_1x1_1}, dim_labels=b01f_o01i->b01f, feature_group_count=16, custom_call_target="__cudnn$convForward", backend_config={"cudnn_conv_backend_config":{"activation_mode":"kNone","conv_result_scale":1,"leakyrelu_alpha":0,"side_input_scale":0},"force_earliest_schedule":false,"operation_queue_id":"0","wait_on_operation_queues":[]} is taking a while...
2025-11-07 21:36:48.841290: E external/local_xla/xla/service/slow_operation_alarm.cc:133] The operation took 1.958028007s
Trying algorithm eng45{k2=7,k5=4,k14=2} for conv (f16[64,400,400,16]{3,2,1,0}, u8[0]{0}) custom-call(f16[64,400,400,16]{3,2,1,0}, f16[16,3,3,1]{3,2,1,0}), window={size=3x3 pad=1_1x1_1}, dim_labels=b01f_o01i->b01f, feature_group_count=16, custom_call_target="__cudnn$convForward", backend_config={"cudnn_conv_backend_config":{"activation_mode":"kNone","conv_result_scale":1,"leakyrelu_alpha":0,"side_input_scale":0},"force_earliest_schedule":false,"operation_queue_id":"0","wait_on_operation_queues":[]} is taking a while...
2025-11-07 21:36:49.841474: E external/local_xla/xla/service/slow_operation_alarm.cc:65] Trying algorithm eng45{k2=6,k5=3,k14=2} for conv (f16[64,400,400,16]{3,2,1,0}, u8[0]{0}) custom-call(f16[64,400,400,16]{3,2,1,0}, f16[16,3,3,1]{3,2,1,0}), window={size=3x3 pad=1_1x1_1}, dim_labels=b01f_o01i->b01f, feature_group_count=16, custom_call_target="__cudnn$convForward", backend_config={"cudnn_conv_backend_config":{"activation_mode":"kNone","conv_result_scale":1,"leakyrelu_alpha":0,"side_input_scale":0},"force_earliest_schedule":false,"operation_queue_id":"0","wait_on_operation_queues":[]} is taking a while...
2025-11-07 21:36:50.738986: E external/local_xla/xla/service/slow_operation_alarm.cc:133] The operation took 1.897568759s
Trying algorithm eng45{k2=6,k5=3,k14=2} for conv (f16[64,400,400,16]{3,2,1,0}, u8[0]{0}) custom-call(f16[64,400,400,16]{3,2,1,0}, f16[16,3,3,1]{3,2,1,0}), window={size=3x3 pad=1_1x1_1}, dim_labels=b01f_o01i->b01f, feature_group_count=16, custom_call_target="__cudnn$convForward", backend_config={"cudnn_conv_backend_config":{"activation_mode":"kNone","conv_result_scale":1,"leakyrelu_alpha":0,"side_input_scale":0},"force_earliest_schedule":false,"operation_queue_id":"0","wait_on_operation_queues":[]} is taking a while...
2025-11-07 21:36:51.739308: E external/local_xla/xla/service/slow_operation_alarm.cc:65] Trying algorithm eng45{k2=9,k5=3,k14=3} for conv (f16[64,400,400,16]{3,2,1,0}, u8[0]{0}) custom-call(f16[64,400,400,16]{3,2,1,0}, f16[16,3,3,1]{3,2,1,0}), window={size=3x3 pad=1_1x1_1}, dim_labels=b01f_o01i->b01f, feature_group_count=16, custom_call_target="__cudnn$convForward", backend_config={"cudnn_conv_backend_config":{"activation_mode":"kNone","conv_result_scale":1,"leakyrelu_alpha":0,"side_input_scale":0},"force_earliest_schedule":false,"operation_queue_id":"0","wait_on_operation_queues":[]} is taking a while...
2025-11-07 21:36:52.572723: E external/local_xla/xla/service/slow_operation_alarm.cc:133] The operation took 1.83358641s
Trying algorithm eng45{k2=9,k5=3,k14=3} for conv (f16[64,400,400,16]{3,2,1,0}, u8[0]{0}) custom-call(f16[64,400,400,16]{3,2,1,0}, f16[16,3,3,1]{3,2,1,0}), window={size=3x3 pad=1_1x1_1}, dim_labels=b01f_o01i->b01f, feature_group_count=16, custom_call_target="__cudnn$convForward", backend_config={"cudnn_conv_backend_config":{"activation_mode":"kNone","conv_result_scale":1,"leakyrelu_alpha":0,"side_input_scale":0},"force_earliest_schedule":false,"operation_queue_id":"0","wait_on_operation_queues":[]} is taking a while...
2025-11-07 21:36:53.572957: E external/local_xla/xla/service/slow_operation_alarm.cc:65] Trying algorithm eng45{k2=0,k5=4,k14=3} for conv (f16[64,400,400,16]{3,2,1,0}, u8[0]{0}) custom-call(f16[64,400,400,16]{3,2,1,0}, f16[16,3,3,1]{3,2,1,0}), window={size=3x3 pad=1_1x1_1}, dim_labels=b01f_o01i->b01f, feature_group_count=16, custom_call_target="__cudnn$convForward", backend_config={"cudnn_conv_backend_config":{"activation_mode":"kNone","conv_result_scale":1,"leakyrelu_alpha":0,"side_input_scale":0},"force_earliest_schedule":false,"operation_queue_id":"0","wait_on_operation_queues":[]} is taking a while...
2025-11-07 21:36:54.642519: E external/local_xla/xla/service/slow_operation_alarm.cc:133] The operation took 2.06963755s
Trying algorithm eng45{k2=0,k5=4,k14=3} for conv (f16[64,400,400,16]{3,2,1,0}, u8[0]{0}) custom-call(f16[64,400,400,16]{3,2,1,0}, f16[16,3,3,1]{3,2,1,0}), window={size=3x3 pad=1_1x1_1}, dim_labels=b01f_o01i->b01f, feature_group_count=16, custom_call_target="__cudnn$convForward", backend_config={"cudnn_conv_backend_config":{"activation_mode":"kNone","conv_result_scale":1,"leakyrelu_alpha":0,"side_input_scale":0},"force_earliest_schedule":false,"operation_queue_id":"0","wait_on_operation_queues":[]} is taking a while...
2025-11-07 21:36:55.642732: E external/local_xla/xla/service/slow_operation_alarm.cc:65] Trying algorithm eng45{k2=6,k5=4,k14=2} for conv (f16[64,400,400,16]{3,2,1,0}, u8[0]{0}) custom-call(f16[64,400,400,16]{3,2,1,0}, f16[16,3,3,1]{3,2,1,0}), window={size=3x3 pad=1_1x1_1}, dim_labels=b01f_o01i->b01f, feature_group_count=16, custom_call_target="__cudnn$convForward", backend_config={"cudnn_conv_backend_config":{"activation_mode":"kNone","conv_result_scale":1,"leakyrelu_alpha":0,"side_input_scale":0},"force_earliest_schedule":false,"operation_queue_id":"0","wait_on_operation_queues":[]} is taking a while...
2025-11-07 21:36:57.759305: E external/local_xla/xla/service/slow_operation_alarm.cc:133] The operation took 3.116641617s
Trying algorithm eng45{k2=6,k5=4,k14=2} for conv (f16[64,400,400,16]{3,2,1,0}, u8[0]{0}) custom-call(f16[64,400,400,16]{3,2,1,0}, f16[16,3,3,1]{3,2,1,0}), window={size=3x3 pad=1_1x1_1}, dim_labels=b01f_o01i->b01f, feature_group_count=16, custom_call_target="__cudnn$convForward", backend_config={"cudnn_conv_backend_config":{"activation_mode":"kNone","conv_result_scale":1,"leakyrelu_alpha":0,"side_input_scale":0},"force_earliest_schedule":false,"operation_queue_id":"0","wait_on_operation_queues":[]} is taking a while...
2025-11-07 21:37:03.602805: E external/local_xla/xla/service/slow_operation_alarm.cc:65] Trying algorithm eng0{} for conv (f16[64,200,200,96]{3,2,1,0}, u8[0]{0}) custom-call(f16[64,401,401,96]{3,2,1,0}, f16[96,3,3,1]{3,2,1,0}), window={size=3x3 stride=2x2}, dim_labels=b01f_o01i->b01f, feature_group_count=96, custom_call_target="__cudnn$convForward", backend_config={"cudnn_conv_backend_config":{"activation_mode":"kNone","conv_result_scale":1,"leakyrelu_alpha":0,"side_input_scale":0},"force_earliest_schedule":false,"operation_queue_id":"0","wait_on_operation_queues":[]} is taking a while...
2025-11-07 21:37:03.659927: E external/local_xla/xla/service/slow_operation_alarm.cc:133] The operation took 1.05737973s
Trying algorithm eng0{} for conv (f16[64,200,200,96]{3,2,1,0}, u8[0]{0}) custom-call(f16[64,401,401,96]{3,2,1,0}, f16[96,3,3,1]{3,2,1,0}), window={size=3x3 stride=2x2}, dim_labels=b01f_o01i->b01f, feature_group_count=96, custom_call_target="__cudnn$convForward", backend_config={"cudnn_conv_backend_config":{"activation_mode":"kNone","conv_result_scale":1,"leakyrelu_alpha":0,"side_input_scale":0},"force_earliest_schedule":false,"operation_queue_id":"0","wait_on_operation_queues":[]} is taking a while...
2025-11-07 21:37:38.972243: E external/local_xla/xla/service/slow_operation_alarm.cc:65] Trying algorithm eng0{} for conv (f16[64,401,401,96]{3,2,1,0}, u8[0]{0}) custom-call(f16[64,403,403,96]{3,2,1,0}, f16[96,3,3,1]{3,2,1,0}), window={size=3x3}, dim_labels=b01f_o01i->b01f, feature_group_count=96, custom_call_target="__cudnn$convForward", backend_config={"cudnn_conv_backend_config":{"activation_mode":"kNone","conv_result_scale":1,"leakyrelu_alpha":0,"side_input_scale":0},"force_earliest_schedule":false,"operation_queue_id":"0","wait_on_operation_queues":[]} is taking a while...
2025-11-07 21:37:39.477011: E external/local_xla/xla/service/slow_operation_alarm.cc:133] The operation took 1.504840019s
Trying algorithm eng0{} for conv (f16[64,401,401,96]{3,2,1,0}, u8[0]{0}) custom-call(f16[64,403,403,96]{3,2,1,0}, f16[96,3,3,1]{3,2,1,0}), window={size=3x3}, dim_labels=b01f_o01i->b01f, feature_group_count=96, custom_call_target="__cudnn$convForward", backend_config={"cudnn_conv_backend_config":{"activation_mode":"kNone","conv_result_scale":1,"leakyrelu_alpha":0,"side_input_scale":0},"force_earliest_schedule":false,"operation_queue_id":"0","wait_on_operation_queues":[]} is taking a while...
2025-11-07 21:37:45.778235: E external/local_xla/xla/service/slow_operation_alarm.cc:65] Trying algorithm eng19{k2=4} for conv (f16[16,1,1,16]{3,2,1,0}, u8[0]{0}) custom-call(f16[64,400,400,16]{3,2,1,0}, f16[64,400,400,16]{3,2,1,0}), window={size=1x1}, dim_labels=b01f_o01i->b01f, custom_call_target="__cudnn$convBackwardFilter", backend_config={"cudnn_conv_backend_config":{"activation_mode":"kNone","conv_result_scale":1,"leakyrelu_alpha":0,"side_input_scale":0},"force_earliest_schedule":false,"operation_queue_id":"0","wait_on_operation_queues":[]} is taking a while...
2025-11-07 21:37:45.905721: E external/local_xla/xla/service/slow_operation_alarm.cc:133] The operation took 1.12755847s
Trying algorithm eng19{k2=4} for conv (f16[16,1,1,16]{3,2,1,0}, u8[0]{0}) custom-call(f16[64,400,400,16]{3,2,1,0}, f16[64,400,400,16]{3,2,1,0}), window={size=1x1}, dim_labels=b01f_o01i->b01f, custom_call_target="__cudnn$convBackwardFilter", backend_config={"cudnn_conv_backend_config":{"activation_mode":"kNone","conv_result_scale":1,"leakyrelu_alpha":0,"side_input_scale":0},"force_earliest_schedule":false,"operation_queue_id":"0","wait_on_operation_queues":[]} is taking a while...
E0000 00:00:1762551466.286555  147134 buffer_comparator.cc:157] Difference at 0: 25936, expected 23024
E0000 00:00:1762551466.286669  147134 buffer_comparator.cc:157] Difference at 1: 25776, expected 22896
E0000 00:00:1762551466.286679  147134 buffer_comparator.cc:157] Difference at 2: 25712, expected 22816
E0000 00:00:1762551466.286685  147134 buffer_comparator.cc:157] Difference at 3: 25792, expected 22880
E0000 00:00:1762551466.286691  147134 buffer_comparator.cc:157] Difference at 4: 25824, expected 22944
E0000 00:00:1762551466.286697  147134 buffer_comparator.cc:157] Difference at 5: 25632, expected 22736
E0000 00:00:1762551466.286703  147134 buffer_comparator.cc:157] Difference at 6: 25792, expected 22912
E0000 00:00:1762551466.286709  147134 buffer_comparator.cc:157] Difference at 7: 25696, expected 22784
E0000 00:00:1762551466.286715  147134 buffer_comparator.cc:157] Difference at 8: 25728, expected 22848
E0000 00:00:1762551466.286721  147134 buffer_comparator.cc:157] Difference at 9: 25824, expected 22928
2025-11-07 21:37:46.286741: E external/local_xla/xla/service/gpu/autotuning/conv_algorithm_picker.cc:771] Results mismatch between different convolution algorithms. This is likely a bug/unexpected loss of precision in cudnn.
(f16[16,1,1,16]{3,2,1,0}, u8[0]{0}) custom-call(f16[64,400,400,16]{3,2,1,0}, f16[64,400,400,16]{3,2,1,0}), window={size=1x1}, dim_labels=b01f_o01i->b01f, custom_call_target="__cudnn$convBackwardFilter", backend_config={"cudnn_conv_backend_config":{"activation_mode":"kNone","conv_result_scale":1,"leakyrelu_alpha":0,"side_input_scale":0},"force_earliest_schedule":false,"operation_queue_id":"0","wait_on_operation_queues":[]} for eng62{k25=2} vs eng9{k2=8,k13=1,k14=4,k18=1,k23=0}
2025-11-07 21:37:46.286798: E external/local_xla/xla/service/gpu/autotuning/conv_algorithm_picker.cc:325] Device: NVIDIA A30 MIG 2g.12gb
2025-11-07 21:37:46.286808: E external/local_xla/xla/service/gpu/autotuning/conv_algorithm_picker.cc:326] Platform: Compute Capability 8.0
2025-11-07 21:37:46.286817: E external/local_xla/xla/service/gpu/autotuning/conv_algorithm_picker.cc:327] Driver: 12.9.0
2025-11-07 21:37:46.286825: E external/local_xla/xla/service/gpu/autotuning/conv_algorithm_picker.cc:328] Runtime: 12.2.0
2025-11-07 21:37:46.286836: E external/local_xla/xla/service/gpu/autotuning/conv_algorithm_picker.cc:333] cudnn version: 9.13.1
E0000 00:00:1762551467.924907  147134 buffer_comparator.cc:157] Difference at 0: 25968, expected 23072
E0000 00:00:1762551467.925007  147134 buffer_comparator.cc:157] Difference at 1: 25904, expected 23008
E0000 00:00:1762551467.925017  147134 buffer_comparator.cc:157] Difference at 2: 25760, expected 22880
E0000 00:00:1762551467.925024  147134 buffer_comparator.cc:157] Difference at 3: 25856, expected 22960
E0000 00:00:1762551467.925030  147134 buffer_comparator.cc:157] Difference at 4: 25904, expected 23040
E0000 00:00:1762551467.925036  147134 buffer_comparator.cc:157] Difference at 5: 25952, expected 23056
E0000 00:00:1762551467.925042  147134 buffer_comparator.cc:157] Difference at 6: 25712, expected 22848
E0000 00:00:1762551467.925048  147134 buffer_comparator.cc:157] Difference at 7: 25760, expected 22896
E0000 00:00:1762551467.925054  147134 buffer_comparator.cc:157] Difference at 8: 25808, expected 22928
E0000 00:00:1762551467.925060  147134 buffer_comparator.cc:157] Difference at 9: 25888, expected 22976
2025-11-07 21:37:47.925077: E external/local_xla/xla/service/gpu/autotuning/conv_algorithm_picker.cc:771] Results mismatch between different convolution algorithms. This is likely a bug/unexpected loss of precision in cudnn.
(f16[96,1,1,16]{3,2,1,0}, u8[0]{0}) custom-call(f16[64,400,400,16]{3,2,1,0}, f16[64,400,400,96]{3,2,1,0}), window={size=1x1}, dim_labels=b01f_o01i->b01f, custom_call_target="__cudnn$convBackwardFilter", backend_config={"cudnn_conv_backend_config":{"activation_mode":"kNone","conv_result_scale":1,"leakyrelu_alpha":0,"side_input_scale":0},"force_earliest_schedule":false,"operation_queue_id":"0","wait_on_operation_queues":[]} for eng62{k25=1} vs eng9{k2=8,k13=1,k14=4,k18=1,k23=0}
2025-11-07 21:37:47.925116: E external/local_xla/xla/service/gpu/autotuning/conv_algorithm_picker.cc:325] Device: NVIDIA A30 MIG 2g.12gb
2025-11-07 21:37:47.925125: E external/local_xla/xla/service/gpu/autotuning/conv_algorithm_picker.cc:326] Platform: Compute Capability 8.0
2025-11-07 21:37:47.925139: E external/local_xla/xla/service/gpu/autotuning/conv_algorithm_picker.cc:327] Driver: 12.9.0
2025-11-07 21:37:47.925148: E external/local_xla/xla/service/gpu/autotuning/conv_algorithm_picker.cc:328] Runtime: 12.2.0
2025-11-07 21:37:47.925157: E external/local_xla/xla/service/gpu/autotuning/conv_algorithm_picker.cc:333] cudnn version: 9.13.1
E0000 00:00:1762551468.287848  147134 buffer_comparator.cc:157] Difference at 0: 25968, expected 23072
E0000 00:00:1762551468.287927  147134 buffer_comparator.cc:157] Difference at 1: 25904, expected 23008
E0000 00:00:1762551468.287934  147134 buffer_comparator.cc:157] Difference at 2: 25760, expected 22880
E0000 00:00:1762551468.287940  147134 buffer_comparator.cc:157] Difference at 3: 25856, expected 22960
E0000 00:00:1762551468.287946  147134 buffer_comparator.cc:157] Difference at 4: 25904, expected 23040
E0000 00:00:1762551468.287952  147134 buffer_comparator.cc:157] Difference at 5: 25952, expected 23056
E0000 00:00:1762551468.287958  147134 buffer_comparator.cc:157] Difference at 6: 25712, expected 22848
E0000 00:00:1762551468.287964  147134 buffer_comparator.cc:157] Difference at 7: 25760, expected 22896
E0000 00:00:1762551468.287970  147134 buffer_comparator.cc:157] Difference at 8: 25808, expected 22928
E0000 00:00:1762551468.287976  147134 buffer_comparator.cc:157] Difference at 9: 25888, expected 22976
2025-11-07 21:37:48.288013: E external/local_xla/xla/service/gpu/autotuning/conv_algorithm_picker.cc:771] Results mismatch between different convolution algorithms. This is likely a bug/unexpected loss of precision in cudnn.
(f16[96,1,1,16]{3,2,1,0}, u8[0]{0}) custom-call(f16[64,400,400,16]{3,2,1,0}, f16[64,400,400,96]{3,2,1,0}), window={size=1x1}, dim_labels=b01f_o01i->b01f, custom_call_target="__cudnn$convBackwardFilter", backend_config={"cudnn_conv_backend_config":{"activation_mode":"kNone","conv_result_scale":1,"leakyrelu_alpha":0,"side_input_scale":0},"force_earliest_schedule":false,"operation_queue_id":"0","wait_on_operation_queues":[]} for eng62{k25=1} vs eng9{k2=1,k13=0,k14=4,k18=1,k23=0}
2025-11-07 21:37:48.288044: E external/local_xla/xla/service/gpu/autotuning/conv_algorithm_picker.cc:325] Device: NVIDIA A30 MIG 2g.12gb
2025-11-07 21:37:48.288052: E external/local_xla/xla/service/gpu/autotuning/conv_algorithm_picker.cc:326] Platform: Compute Capability 8.0
2025-11-07 21:37:48.288060: E external/local_xla/xla/service/gpu/autotuning/conv_algorithm_picker.cc:327] Driver: 12.9.0
2025-11-07 21:37:48.288068: E external/local_xla/xla/service/gpu/autotuning/conv_algorithm_picker.cc:328] Runtime: 12.2.0
2025-11-07 21:37:48.288077: E external/local_xla/xla/service/gpu/autotuning/conv_algorithm_picker.cc:333] cudnn version: 9.13.1
E0000 00:00:1762551468.780696  147134 buffer_comparator.cc:157] Difference at 0: 25968, expected 23072
E0000 00:00:1762551468.780795  147134 buffer_comparator.cc:157] Difference at 1: 25904, expected 23008
E0000 00:00:1762551468.780804  147134 buffer_comparator.cc:157] Difference at 2: 25760, expected 22880
E0000 00:00:1762551468.780811  147134 buffer_comparator.cc:157] Difference at 3: 25856, expected 22960
E0000 00:00:1762551468.780817  147134 buffer_comparator.cc:157] Difference at 4: 25904, expected 23040
E0000 00:00:1762551468.780823  147134 buffer_comparator.cc:157] Difference at 5: 25952, expected 23056
E0000 00:00:1762551468.780829  147134 buffer_comparator.cc:157] Difference at 6: 25712, expected 22848
E0000 00:00:1762551468.780835  147134 buffer_comparator.cc:157] Difference at 7: 25760, expected 22896
E0000 00:00:1762551468.780841  147134 buffer_comparator.cc:157] Difference at 8: 25808, expected 22928
E0000 00:00:1762551468.780847  147134 buffer_comparator.cc:157] Difference at 9: 25888, expected 22976
2025-11-07 21:37:48.780868: E external/local_xla/xla/service/gpu/autotuning/conv_algorithm_picker.cc:771] Results mismatch between different convolution algorithms. This is likely a bug/unexpected loss of precision in cudnn.
(f16[96,1,1,16]{3,2,1,0}, u8[0]{0}) custom-call(f16[64,400,400,16]{3,2,1,0}, f16[64,400,400,96]{3,2,1,0}), window={size=1x1}, dim_labels=b01f_o01i->b01f, custom_call_target="__cudnn$convBackwardFilter", backend_config={"cudnn_conv_backend_config":{"activation_mode":"kNone","conv_result_scale":1,"leakyrelu_alpha":0,"side_input_scale":0},"force_earliest_schedule":false,"operation_queue_id":"0","wait_on_operation_queues":[]} for eng62{k25=1} vs eng45{k2=1,k5=4,k14=2}
2025-11-07 21:37:48.780906: E external/local_xla/xla/service/gpu/autotuning/conv_algorithm_picker.cc:325] Device: NVIDIA A30 MIG 2g.12gb
2025-11-07 21:37:48.780916: E external/local_xla/xla/service/gpu/autotuning/conv_algorithm_picker.cc:326] Platform: Compute Capability 8.0
2025-11-07 21:37:48.780925: E external/local_xla/xla/service/gpu/autotuning/conv_algorithm_picker.cc:327] Driver: 12.9.0
2025-11-07 21:37:48.780933: E external/local_xla/xla/service/gpu/autotuning/conv_algorithm_picker.cc:328] Runtime: 12.2.0
2025-11-07 21:37:48.780945: E external/local_xla/xla/service/gpu/autotuning/conv_algorithm_picker.cc:333] cudnn version: 9.13.1
2025-11-07 21:37:53.256503: E external/local_xla/xla/service/slow_operation_alarm.cc:65] Trying algorithm eng0{} for conv (f16[96,3,3,1]{3,2,1,0}, u8[0]{0}) custom-call(f16[64,401,401,96]{3,2,1,0}, f16[64,200,200,96]{3,2,1,0}), window={size=3x3 stride=2x2}, dim_labels=b01f_o01i->b01f, feature_group_count=96, custom_call_target="__cudnn$convBackwardFilter", backend_config={"cudnn_conv_backend_config":{"activation_mode":"kNone","conv_result_scale":1,"leakyrelu_alpha":0,"side_input_scale":0},"force_earliest_schedule":false,"operation_queue_id":"0","wait_on_operation_queues":[]} is taking a while...
2025-11-07 21:37:53.636774: E external/local_xla/xla/service/slow_operation_alarm.cc:133] The operation took 1.380390093s
Trying algorithm eng0{} for conv (f16[96,3,3,1]{3,2,1,0}, u8[0]{0}) custom-call(f16[64,401,401,96]{3,2,1,0}, f16[64,200,200,96]{3,2,1,0}), window={size=3x3 stride=2x2}, dim_labels=b01f_o01i->b01f, feature_group_count=96, custom_call_target="__cudnn$convBackwardFilter", backend_config={"cudnn_conv_backend_config":{"activation_mode":"kNone","conv_result_scale":1,"leakyrelu_alpha":0,"side_input_scale":0},"force_earliest_schedule":false,"operation_queue_id":"0","wait_on_operation_queues":[]} is taking a while...
2025-11-07 21:37:54.637008: E external/local_xla/xla/service/slow_operation_alarm.cc:65] Trying algorithm eng49{k0=3,k2=0,k5=4,k14=3} for conv (f16[96,3,3,1]{3,2,1,0}, u8[0]{0}) custom-call(f16[64,401,401,96]{3,2,1,0}, f16[64,200,200,96]{3,2,1,0}), window={size=3x3 stride=2x2}, dim_labels=b01f_o01i->b01f, feature_group_count=96, custom_call_target="__cudnn$convBackwardFilter", backend_config={"cudnn_conv_backend_config":{"activation_mode":"kNone","conv_result_scale":1,"leakyrelu_alpha":0,"side_input_scale":0},"force_earliest_schedule":false,"operation_queue_id":"0","wait_on_operation_queues":[]} is taking a while...
2025-11-07 21:37:55.286279: E external/local_xla/xla/service/slow_operation_alarm.cc:133] The operation took 1.649366244s
Trying algorithm eng49{k0=3,k2=0,k5=4,k14=3} for conv (f16[96,3,3,1]{3,2,1,0}, u8[0]{0}) custom-call(f16[64,401,401,96]{3,2,1,0}, f16[64,200,200,96]{3,2,1,0}), window={size=3x3 stride=2x2}, dim_labels=b01f_o01i->b01f, feature_group_count=96, custom_call_target="__cudnn$convBackwardFilter", backend_config={"cudnn_conv_backend_config":{"activation_mode":"kNone","conv_result_scale":1,"leakyrelu_alpha":0,"side_input_scale":0},"force_earliest_schedule":false,"operation_queue_id":"0","wait_on_operation_queues":[]} is taking a while...
2025-11-07 21:37:56.286507: E external/local_xla/xla/service/slow_operation_alarm.cc:65] Trying algorithm eng47{k0=6,k2=0,k5=3,k14=3} for conv (f16[96,3,3,1]{3,2,1,0}, u8[0]{0}) custom-call(f16[64,401,401,96]{3,2,1,0}, f16[64,200,200,96]{3,2,1,0}), window={size=3x3 stride=2x2}, dim_labels=b01f_o01i->b01f, feature_group_count=96, custom_call_target="__cudnn$convBackwardFilter", backend_config={"cudnn_conv_backend_config":{"activation_mode":"kNone","conv_result_scale":1,"leakyrelu_alpha":0,"side_input_scale":0},"force_earliest_schedule":false,"operation_queue_id":"0","wait_on_operation_queues":[]} is taking a while...
2025-11-07 21:37:56.705935: E external/local_xla/xla/service/slow_operation_alarm.cc:133] The operation took 1.419514981s
Trying algorithm eng47{k0=6,k2=0,k5=3,k14=3} for conv (f16[96,3,3,1]{3,2,1,0}, u8[0]{0}) custom-call(f16[64,401,401,96]{3,2,1,0}, f16[64,200,200,96]{3,2,1,0}), window={size=3x3 stride=2x2}, dim_labels=b01f_o01i->b01f, feature_group_count=96, custom_call_target="__cudnn$convBackwardFilter", backend_config={"cudnn_conv_backend_config":{"activation_mode":"kNone","conv_result_scale":1,"leakyrelu_alpha":0,"side_input_scale":0},"force_earliest_schedule":false,"operation_queue_id":"0","wait_on_operation_queues":[]} is taking a while...
2025-11-07 21:37:57.706190: E external/local_xla/xla/service/slow_operation_alarm.cc:65] Trying algorithm eng49{k0=4,k2=5,k5=4,k14=4} for conv (f16[96,3,3,1]{3,2,1,0}, u8[0]{0}) custom-call(f16[64,401,401,96]{3,2,1,0}, f16[64,200,200,96]{3,2,1,0}), window={size=3x3 stride=2x2}, dim_labels=b01f_o01i->b01f, feature_group_count=96, custom_call_target="__cudnn$convBackwardFilter", backend_config={"cudnn_conv_backend_config":{"activation_mode":"kNone","conv_result_scale":1,"leakyrelu_alpha":0,"side_input_scale":0},"force_earliest_schedule":false,"operation_queue_id":"0","wait_on_operation_queues":[]} is taking a while...
2025-11-07 21:37:58.410192: E external/local_xla/xla/service/slow_operation_alarm.cc:133] The operation took 1.704098311s
Trying algorithm eng49{k0=4,k2=5,k5=4,k14=4} for conv (f16[96,3,3,1]{3,2,1,0}, u8[0]{0}) custom-call(f16[64,401,401,96]{3,2,1,0}, f16[64,200,200,96]{3,2,1,0}), window={size=3x3 stride=2x2}, dim_labels=b01f_o01i->b01f, feature_group_count=96, custom_call_target="__cudnn$convBackwardFilter", backend_config={"cudnn_conv_backend_config":{"activation_mode":"kNone","conv_result_scale":1,"leakyrelu_alpha":0,"side_input_scale":0},"force_earliest_schedule":false,"operation_queue_id":"0","wait_on_operation_queues":[]} is taking a while...
2025-11-07 21:37:59.410426: E external/local_xla/xla/service/slow_operation_alarm.cc:65] Trying algorithm eng33{k0=5,k2=3,k5=3,k14=2} for conv (f16[96,3,3,1]{3,2,1,0}, u8[0]{0}) custom-call(f16[64,401,401,96]{3,2,1,0}, f16[64,200,200,96]{3,2,1,0}), window={size=3x3 stride=2x2}, dim_labels=b01f_o01i->b01f, feature_group_count=96, custom_call_target="__cudnn$convBackwardFilter", backend_config={"cudnn_conv_backend_config":{"activation_mode":"kNone","conv_result_scale":1,"leakyrelu_alpha":0,"side_input_scale":0},"force_earliest_schedule":false,"operation_queue_id":"0","wait_on_operation_queues":[]} is taking a while...
2025-11-07 21:38:00.018587: E external/local_xla/xla/service/slow_operation_alarm.cc:133] The operation took 1.60825326s
Trying algorithm eng33{k0=5,k2=3,k5=3,k14=2} for conv (f16[96,3,3,1]{3,2,1,0}, u8[0]{0}) custom-call(f16[64,401,401,96]{3,2,1,0}, f16[64,200,200,96]{3,2,1,0}), window={size=3x3 stride=2x2}, dim_labels=b01f_o01i->b01f, feature_group_count=96, custom_call_target="__cudnn$convBackwardFilter", backend_config={"cudnn_conv_backend_config":{"activation_mode":"kNone","conv_result_scale":1,"leakyrelu_alpha":0,"side_input_scale":0},"force_earliest_schedule":false,"operation_queue_id":"0","wait_on_operation_queues":[]} is taking a while...
2025-11-07 21:38:01.018810: E external/local_xla/xla/service/slow_operation_alarm.cc:65] Trying algorithm eng49{k0=3,k2=7,k5=3,k14=5} for conv (f16[96,3,3,1]{3,2,1,0}, u8[0]{0}) custom-call(f16[64,401,401,96]{3,2,1,0}, f16[64,200,200,96]{3,2,1,0}), window={size=3x3 stride=2x2}, dim_labels=b01f_o01i->b01f, feature_group_count=96, custom_call_target="__cudnn$convBackwardFilter", backend_config={"cudnn_conv_backend_config":{"activation_mode":"kNone","conv_result_scale":1,"leakyrelu_alpha":0,"side_input_scale":0},"force_earliest_schedule":false,"operation_queue_id":"0","wait_on_operation_queues":[]} is taking a while...
2025-11-07 21:38:01.743823: E external/local_xla/xla/service/slow_operation_alarm.cc:133] The operation took 1.72508833s
Trying algorithm eng49{k0=3,k2=7,k5=3,k14=5} for conv (f16[96,3,3,1]{3,2,1,0}, u8[0]{0}) custom-call(f16[64,401,401,96]{3,2,1,0}, f16[64,200,200,96]{3,2,1,0}), window={size=3x3 stride=2x2}, dim_labels=b01f_o01i->b01f, feature_group_count=96, custom_call_target="__cudnn$convBackwardFilter", backend_config={"cudnn_conv_backend_config":{"activation_mode":"kNone","conv_result_scale":1,"leakyrelu_alpha":0,"side_input_scale":0},"force_earliest_schedule":false,"operation_queue_id":"0","wait_on_operation_queues":[]} is taking a while...
2025-11-07 21:38:02.744050: E external/local_xla/xla/service/slow_operation_alarm.cc:65] Trying algorithm eng49{k0=3,k2=0,k5=3,k14=3} for conv (f16[96,3,3,1]{3,2,1,0}, u8[0]{0}) custom-call(f16[64,401,401,96]{3,2,1,0}, f16[64,200,200,96]{3,2,1,0}), window={size=3x3 stride=2x2}, dim_labels=b01f_o01i->b01f, feature_group_count=96, custom_call_target="__cudnn$convBackwardFilter", backend_config={"cudnn_conv_backend_config":{"activation_mode":"kNone","conv_result_scale":1,"leakyrelu_alpha":0,"side_input_scale":0},"force_earliest_schedule":false,"operation_queue_id":"0","wait_on_operation_queues":[]} is taking a while...
2025-11-07 21:38:03.359823: E external/local_xla/xla/service/slow_operation_alarm.cc:133] The operation took 1.615864008s
Trying algorithm eng49{k0=3,k2=0,k5=3,k14=3} for conv (f16[96,3,3,1]{3,2,1,0}, u8[0]{0}) custom-call(f16[64,401,401,96]{3,2,1,0}, f16[64,200,200,96]{3,2,1,0}), window={size=3x3 stride=2x2}, dim_labels=b01f_o01i->b01f, feature_group_count=96, custom_call_target="__cudnn$convBackwardFilter", backend_config={"cudnn_conv_backend_config":{"activation_mode":"kNone","conv_result_scale":1,"leakyrelu_alpha":0,"side_input_scale":0},"force_earliest_schedule":false,"operation_queue_id":"0","wait_on_operation_queues":[]} is taking a while...
2025-11-07 21:38:04.360068: E external/local_xla/xla/service/slow_operation_alarm.cc:65] Trying algorithm eng49{k0=6,k2=9,k5=3,k14=3} for conv (f16[96,3,3,1]{3,2,1,0}, u8[0]{0}) custom-call(f16[64,401,401,96]{3,2,1,0}, f16[64,200,200,96]{3,2,1,0}), window={size=3x3 stride=2x2}, dim_labels=b01f_o01i->b01f, feature_group_count=96, custom_call_target="__cudnn$convBackwardFilter", backend_config={"cudnn_conv_backend_config":{"activation_mode":"kNone","conv_result_scale":1,"leakyrelu_alpha":0,"side_input_scale":0},"force_earliest_schedule":false,"operation_queue_id":"0","wait_on_operation_queues":[]} is taking a while...
2025-11-07 21:38:04.972285: E external/local_xla/xla/service/slow_operation_alarm.cc:133] The operation took 1.612290281s
Trying algorithm eng49{k0=6,k2=9,k5=3,k14=3} for conv (f16[96,3,3,1]{3,2,1,0}, u8[0]{0}) custom-call(f16[64,401,401,96]{3,2,1,0}, f16[64,200,200,96]{3,2,1,0}), window={size=3x3 stride=2x2}, dim_labels=b01f_o01i->b01f, feature_group_count=96, custom_call_target="__cudnn$convBackwardFilter", backend_config={"cudnn_conv_backend_config":{"activation_mode":"kNone","conv_result_scale":1,"leakyrelu_alpha":0,"side_input_scale":0},"force_earliest_schedule":false,"operation_queue_id":"0","wait_on_operation_queues":[]} is taking a while...
2025-11-07 21:38:12.449686: E external/local_xla/xla/service/slow_operation_alarm.cc:65] Trying algorithm eng0{} for conv (f16[144,3,3,1]{3,2,1,0}, u8[0]{0}) custom-call(f16[64,200,200,144]{3,2,1,0}, f16[64,200,200,144]{3,2,1,0}), window={size=3x3 pad=1_1x1_1}, dim_labels=b01f_o01i->b01f, feature_group_count=144, custom_call_target="__cudnn$convBackwardFilter", backend_config={"cudnn_conv_backend_config":{"activation_mode":"kNone","conv_result_scale":1,"leakyrelu_alpha":0,"side_input_scale":0},"force_earliest_schedule":false,"operation_queue_id":"0","wait_on_operation_queues":[]} is taking a while...
2025-11-07 21:38:13.792620: E external/local_xla/xla/service/slow_operation_alarm.cc:133] The operation took 2.343019599s
Trying algorithm eng0{} for conv (f16[144,3,3,1]{3,2,1,0}, u8[0]{0}) custom-call(f16[64,200,200,144]{3,2,1,0}, f16[64,200,200,144]{3,2,1,0}), window={size=3x3 pad=1_1x1_1}, dim_labels=b01f_o01i->b01f, feature_group_count=144, custom_call_target="__cudnn$convBackwardFilter", backend_config={"cudnn_conv_backend_config":{"activation_mode":"kNone","conv_result_scale":1,"leakyrelu_alpha":0,"side_input_scale":0},"force_earliest_schedule":false,"operation_queue_id":"0","wait_on_operation_queues":[]} is taking a while...
2025-11-07 21:38:14.792859: E external/local_xla/xla/service/slow_operation_alarm.cc:65] Trying algorithm eng49{k0=3,k2=5,k5=4,k14=4} for conv (f16[144,3,3,1]{3,2,1,0}, u8[0]{0}) custom-call(f16[64,200,200,144]{3,2,1,0}, f16[64,200,200,144]{3,2,1,0}), window={size=3x3 pad=1_1x1_1}, dim_labels=b01f_o01i->b01f, feature_group_count=144, custom_call_target="__cudnn$convBackwardFilter", backend_config={"cudnn_conv_backend_config":{"activation_mode":"kNone","conv_result_scale":1,"leakyrelu_alpha":0,"side_input_scale":0},"force_earliest_schedule":false,"operation_queue_id":"0","wait_on_operation_queues":[]} is taking a while...
2025-11-07 21:38:15.069640: E external/local_xla/xla/service/slow_operation_alarm.cc:133] The operation took 1.276873954s
Trying algorithm eng49{k0=3,k2=5,k5=4,k14=4} for conv (f16[144,3,3,1]{3,2,1,0}, u8[0]{0}) custom-call(f16[64,200,200,144]{3,2,1,0}, f16[64,200,200,144]{3,2,1,0}), window={size=3x3 pad=1_1x1_1}, dim_labels=b01f_o01i->b01f, feature_group_count=144, custom_call_target="__cudnn$convBackwardFilter", backend_config={"cudnn_conv_backend_config":{"activation_mode":"kNone","conv_result_scale":1,"leakyrelu_alpha":0,"side_input_scale":0},"force_earliest_schedule":false,"operation_queue_id":"0","wait_on_operation_queues":[]} is taking a while...
2025-11-07 21:38:16.069892: E external/local_xla/xla/service/slow_operation_alarm.cc:65] Trying algorithm eng49{k0=3,k2=0,k5=4,k14=3} for conv (f16[144,3,3,1]{3,2,1,0}, u8[0]{0}) custom-call(f16[64,200,200,144]{3,2,1,0}, f16[64,200,200,144]{3,2,1,0}), window={size=3x3 pad=1_1x1_1}, dim_labels=b01f_o01i->b01f, feature_group_count=144, custom_call_target="__cudnn$convBackwardFilter", backend_config={"cudnn_conv_backend_config":{"activation_mode":"kNone","conv_result_scale":1,"leakyrelu_alpha":0,"side_input_scale":0},"force_earliest_schedule":false,"operation_queue_id":"0","wait_on_operation_queues":[]} is taking a while...
2025-11-07 21:38:16.298950: E external/local_xla/xla/service/slow_operation_alarm.cc:133] The operation took 1.229132837s
Trying algorithm eng49{k0=3,k2=0,k5=4,k14=3} for conv (f16[144,3,3,1]{3,2,1,0}, u8[0]{0}) custom-call(f16[64,200,200,144]{3,2,1,0}, f16[64,200,200,144]{3,2,1,0}), window={size=3x3 pad=1_1x1_1}, dim_labels=b01f_o01i->b01f, feature_group_count=144, custom_call_target="__cudnn$convBackwardFilter", backend_config={"cudnn_conv_backend_config":{"activation_mode":"kNone","conv_result_scale":1,"leakyrelu_alpha":0,"side_input_scale":0},"force_earliest_schedule":false,"operation_queue_id":"0","wait_on_operation_queues":[]} is taking a while...
2025-11-07 21:38:17.299168: E external/local_xla/xla/service/slow_operation_alarm.cc:65] Trying algorithm eng49{k0=3,k2=7,k5=3,k14=5} for conv (f16[144,3,3,1]{3,2,1,0}, u8[0]{0}) custom-call(f16[64,200,200,144]{3,2,1,0}, f16[64,200,200,144]{3,2,1,0}), window={size=3x3 pad=1_1x1_1}, dim_labels=b01f_o01i->b01f, feature_group_count=144, custom_call_target="__cudnn$convBackwardFilter", backend_config={"cudnn_conv_backend_config":{"activation_mode":"kNone","conv_result_scale":1,"leakyrelu_alpha":0,"side_input_scale":0},"force_earliest_schedule":false,"operation_queue_id":"0","wait_on_operation_queues":[]} is taking a while...
2025-11-07 21:38:17.744211: E external/local_xla/xla/service/slow_operation_alarm.cc:133] The operation took 1.44512592s
Trying algorithm eng49{k0=3,k2=7,k5=3,k14=5} for conv (f16[144,3,3,1]{3,2,1,0}, u8[0]{0}) custom-call(f16[64,200,200,144]{3,2,1,0}, f16[64,200,200,144]{3,2,1,0}), window={size=3x3 pad=1_1x1_1}, dim_labels=b01f_o01i->b01f, feature_group_count=144, custom_call_target="__cudnn$convBackwardFilter", backend_config={"cudnn_conv_backend_config":{"activation_mode":"kNone","conv_result_scale":1,"leakyrelu_alpha":0,"side_input_scale":0},"force_earliest_schedule":false,"operation_queue_id":"0","wait_on_operation_queues":[]} is taking a while...
2025-11-07 21:38:18.744417: E external/local_xla/xla/service/slow_operation_alarm.cc:65] Trying algorithm eng47{k0=3,k2=0,k5=3,k14=3} for conv (f16[144,3,3,1]{3,2,1,0}, u8[0]{0}) custom-call(f16[64,200,200,144]{3,2,1,0}, f16[64,200,200,144]{3,2,1,0}), window={size=3x3 pad=1_1x1_1}, dim_labels=b01f_o01i->b01f, feature_group_count=144, custom_call_target="__cudnn$convBackwardFilter", backend_config={"cudnn_conv_backend_config":{"activation_mode":"kNone","conv_result_scale":1,"leakyrelu_alpha":0,"side_input_scale":0},"force_earliest_schedule":false,"operation_queue_id":"0","wait_on_operation_queues":[]} is taking a while...
2025-11-07 21:38:19.624065: E external/local_xla/xla/service/slow_operation_alarm.cc:133] The operation took 1.879729337s
Trying algorithm eng47{k0=3,k2=0,k5=3,k14=3} for conv (f16[144,3,3,1]{3,2,1,0}, u8[0]{0}) custom-call(f16[64,200,200,144]{3,2,1,0}, f16[64,200,200,144]{3,2,1,0}), window={size=3x3 pad=1_1x1_1}, dim_labels=b01f_o01i->b01f, feature_group_count=144, custom_call_target="__cudnn$convBackwardFilter", backend_config={"cudnn_conv_backend_config":{"activation_mode":"kNone","conv_result_scale":1,"leakyrelu_alpha":0,"side_input_scale":0},"force_earliest_schedule":false,"operation_queue_id":"0","wait_on_operation_queues":[]} is taking a while...
2025-11-07 21:38:20.624273: E external/local_xla/xla/service/slow_operation_alarm.cc:65] Trying algorithm eng49{k0=3,k2=0,k5=3,k14=3} for conv (f16[144,3,3,1]{3,2,1,0}, u8[0]{0}) custom-call(f16[64,200,200,144]{3,2,1,0}, f16[64,200,200,144]{3,2,1,0}), window={size=3x3 pad=1_1x1_1}, dim_labels=b01f_o01i->b01f, feature_group_count=144, custom_call_target="__cudnn$convBackwardFilter", backend_config={"cudnn_conv_backend_config":{"activation_mode":"kNone","conv_result_scale":1,"leakyrelu_alpha":0,"side_input_scale":0},"force_earliest_schedule":false,"operation_queue_id":"0","wait_on_operation_queues":[]} is taking a while...
2025-11-07 21:38:21.079121: E external/local_xla/xla/service/slow_operation_alarm.cc:133] The operation took 1.454916003s
Trying algorithm eng49{k0=3,k2=0,k5=3,k14=3} for conv (f16[144,3,3,1]{3,2,1,0}, u8[0]{0}) custom-call(f16[64,200,200,144]{3,2,1,0}, f16[64,200,200,144]{3,2,1,0}), window={size=3x3 pad=1_1x1_1}, dim_labels=b01f_o01i->b01f, feature_group_count=144, custom_call_target="__cudnn$convBackwardFilter", backend_config={"cudnn_conv_backend_config":{"activation_mode":"kNone","conv_result_scale":1,"leakyrelu_alpha":0,"side_input_scale":0},"force_earliest_schedule":false,"operation_queue_id":"0","wait_on_operation_queues":[]} is taking a while...
2025-11-07 21:38:22.079323: E external/local_xla/xla/service/slow_operation_alarm.cc:65] Trying algorithm eng33{k0=5,k2=3,k5=3,k14=2} for conv (f16[144,3,3,1]{3,2,1,0}, u8[0]{0}) custom-call(f16[64,200,200,144]{3,2,1,0}, f16[64,200,200,144]{3,2,1,0}), window={size=3x3 pad=1_1x1_1}, dim_labels=b01f_o01i->b01f, feature_group_count=144, custom_call_target="__cudnn$convBackwardFilter", backend_config={"cudnn_conv_backend_config":{"activation_mode":"kNone","conv_result_scale":1,"leakyrelu_alpha":0,"side_input_scale":0},"force_earliest_schedule":false,"operation_queue_id":"0","wait_on_operation_queues":[]} is taking a while...
2025-11-07 21:38:22.501868: E external/local_xla/xla/service/slow_operation_alarm.cc:133] The operation took 1.422612728s
Trying algorithm eng33{k0=5,k2=3,k5=3,k14=2} for conv (f16[144,3,3,1]{3,2,1,0}, u8[0]{0}) custom-call(f16[64,200,200,144]{3,2,1,0}, f16[64,200,200,144]{3,2,1,0}), window={size=3x3 pad=1_1x1_1}, dim_labels=b01f_o01i->b01f, feature_group_count=144, custom_call_target="__cudnn$convBackwardFilter", backend_config={"cudnn_conv_backend_config":{"activation_mode":"kNone","conv_result_scale":1,"leakyrelu_alpha":0,"side_input_scale":0},"force_earliest_schedule":false,"operation_queue_id":"0","wait_on_operation_queues":[]} is taking a while...
2025-11-07 21:38:23.502065: E external/local_xla/xla/service/slow_operation_alarm.cc:65] Trying algorithm eng49{k0=3,k2=9,k5=3,k14=3} for conv (f16[144,3,3,1]{3,2,1,0}, u8[0]{0}) custom-call(f16[64,200,200,144]{3,2,1,0}, f16[64,200,200,144]{3,2,1,0}), window={size=3x3 pad=1_1x1_1}, dim_labels=b01f_o01i->b01f, feature_group_count=144, custom_call_target="__cudnn$convBackwardFilter", backend_config={"cudnn_conv_backend_config":{"activation_mode":"kNone","conv_result_scale":1,"leakyrelu_alpha":0,"side_input_scale":0},"force_earliest_schedule":false,"operation_queue_id":"0","wait_on_operation_queues":[]} is taking a while...
2025-11-07 21:38:24.265406: E external/local_xla/xla/service/slow_operation_alarm.cc:133] The operation took 1.763404711s
Trying algorithm eng49{k0=3,k2=9,k5=3,k14=3} for conv (f16[144,3,3,1]{3,2,1,0}, u8[0]{0}) custom-call(f16[64,200,200,144]{3,2,1,0}, f16[64,200,200,144]{3,2,1,0}), window={size=3x3 pad=1_1x1_1}, dim_labels=b01f_o01i->b01f, feature_group_count=144, custom_call_target="__cudnn$convBackwardFilter", backend_config={"cudnn_conv_backend_config":{"activation_mode":"kNone","conv_result_scale":1,"leakyrelu_alpha":0,"side_input_scale":0},"force_earliest_schedule":false,"operation_queue_id":"0","wait_on_operation_queues":[]} is taking a while...
2025-11-07 21:38:29.616950: E external/local_xla/xla/service/slow_operation_alarm.cc:65] Trying algorithm eng0{} for conv (f16[144,5,5,1]{3,2,1,0}, u8[0]{0}) custom-call(f16[64,201,201,144]{3,2,1,0}, f16[64,100,100,144]{3,2,1,0}), window={size=5x5 stride=2x2 pad=1_1x1_1}, dim_labels=b01f_o01i->b01f, feature_group_count=144, custom_call_target="__cudnn$convBackwardFilter", backend_config={"cudnn_conv_backend_config":{"activation_mode":"kNone","conv_result_scale":1,"leakyrelu_alpha":0,"side_input_scale":0},"force_earliest_schedule":false,"operation_queue_id":"0","wait_on_operation_queues":[]} is taking a while...
2025-11-07 21:38:30.176276: E external/local_xla/xla/service/slow_operation_alarm.cc:133] The operation took 1.559398774s
Trying algorithm eng0{} for conv (f16[144,5,5,1]{3,2,1,0}, u8[0]{0}) custom-call(f16[64,201,201,144]{3,2,1,0}, f16[64,100,100,144]{3,2,1,0}), window={size=5x5 stride=2x2 pad=1_1x1_1}, dim_labels=b01f_o01i->b01f, feature_group_count=144, custom_call_target="__cudnn$convBackwardFilter", backend_config={"cudnn_conv_backend_config":{"activation_mode":"kNone","conv_result_scale":1,"leakyrelu_alpha":0,"side_input_scale":0},"force_earliest_schedule":false,"operation_queue_id":"0","wait_on_operation_queues":[]} is taking a while...
2025-11-07 21:38:37.770983: E external/local_xla/xla/service/slow_operation_alarm.cc:65] Trying algorithm eng0{} for conv (f16[240,5,5,1]{3,2,1,0}, u8[0]{0}) custom-call(f16[64,100,100,240]{3,2,1,0}, f16[64,100,100,240]{3,2,1,0}), window={size=5x5 pad=2_2x2_2}, dim_labels=b01f_o01i->b01f, feature_group_count=240, custom_call_target="__cudnn$convBackwardFilter", backend_config={"cudnn_conv_backend_config":{"activation_mode":"kNone","conv_result_scale":1,"leakyrelu_alpha":0,"side_input_scale":0},"force_earliest_schedule":false,"operation_queue_id":"0","wait_on_operation_queues":[]} is taking a while...
2025-11-07 21:38:39.300021: E external/local_xla/xla/service/slow_operation_alarm.cc:133] The operation took 2.52910729s
Trying algorithm eng0{} for conv (f16[240,5,5,1]{3,2,1,0}, u8[0]{0}) custom-call(f16[64,100,100,240]{3,2,1,0}, f16[64,100,100,240]{3,2,1,0}), window={size=5x5 pad=2_2x2_2}, dim_labels=b01f_o01i->b01f, feature_group_count=240, custom_call_target="__cudnn$convBackwardFilter", backend_config={"cudnn_conv_backend_config":{"activation_mode":"kNone","conv_result_scale":1,"leakyrelu_alpha":0,"side_input_scale":0},"force_earliest_schedule":false,"operation_queue_id":"0","wait_on_operation_queues":[]} is taking a while...
2025-11-07 21:38:40.300305: E external/local_xla/xla/service/slow_operation_alarm.cc:65] Trying algorithm eng49{k0=1,k2=0,k5=4,k14=3} for conv (f16[240,5,5,1]{3,2,1,0}, u8[0]{0}) custom-call(f16[64,100,100,240]{3,2,1,0}, f16[64,100,100,240]{3,2,1,0}), window={size=5x5 pad=2_2x2_2}, dim_labels=b01f_o01i->b01f, feature_group_count=240, custom_call_target="__cudnn$convBackwardFilter", backend_config={"cudnn_conv_backend_config":{"activation_mode":"kNone","conv_result_scale":1,"leakyrelu_alpha":0,"side_input_scale":0},"force_earliest_schedule":false,"operation_queue_id":"0","wait_on_operation_queues":[]} is taking a while...
2025-11-07 21:38:40.373287: E external/local_xla/xla/service/slow_operation_alarm.cc:133] The operation took 1.073071092s
Trying algorithm eng49{k0=1,k2=0,k5=4,k14=3} for conv (f16[240,5,5,1]{3,2,1,0}, u8[0]{0}) custom-call(f16[64,100,100,240]{3,2,1,0}, f16[64,100,100,240]{3,2,1,0}), window={size=5x5 pad=2_2x2_2}, dim_labels=b01f_o01i->b01f, feature_group_count=240, custom_call_target="__cudnn$convBackwardFilter", backend_config={"cudnn_conv_backend_config":{"activation_mode":"kNone","conv_result_scale":1,"leakyrelu_alpha":0,"side_input_scale":0},"force_earliest_schedule":false,"operation_queue_id":"0","wait_on_operation_queues":[]} is taking a while...
2025-11-07 21:38:54.779032: E external/local_xla/xla/service/slow_operation_alarm.cc:65] Trying algorithm eng0{} for conv (f16[480,5,5,1]{3,2,1,0}, u8[0]{0}) custom-call(f16[64,50,50,480]{3,2,1,0}, f16[64,50,50,480]{3,2,1,0}), window={size=5x5 pad=2_2x2_2}, dim_labels=b01f_o01i->b01f, feature_group_count=480, custom_call_target="__cudnn$convBackwardFilter", backend_config={"cudnn_conv_backend_config":{"activation_mode":"kNone","conv_result_scale":1,"leakyrelu_alpha":0,"side_input_scale":0},"force_earliest_schedule":false,"operation_queue_id":"0","wait_on_operation_queues":[]} is taking a while...
2025-11-07 21:38:55.571238: E external/local_xla/xla/service/slow_operation_alarm.cc:133] The operation took 1.79228166s
Trying algorithm eng0{} for conv (f16[480,5,5,1]{3,2,1,0}, u8[0]{0}) custom-call(f16[64,50,50,480]{3,2,1,0}, f16[64,50,50,480]{3,2,1,0}), window={size=5x5 pad=2_2x2_2}, dim_labels=b01f_o01i->b01f, feature_group_count=480, custom_call_target="__cudnn$convBackwardFilter", backend_config={"cudnn_conv_backend_config":{"activation_mode":"kNone","conv_result_scale":1,"leakyrelu_alpha":0,"side_input_scale":0},"force_earliest_schedule":false,"operation_queue_id":"0","wait_on_operation_queues":[]} is taking a while...
2025-11-07 21:39:00.976902: E external/local_xla/xla/service/slow_operation_alarm.cc:65] Trying algorithm eng0{} for conv (f16[672,5,5,1]{3,2,1,0}, u8[0]{0}) custom-call(f16[64,50,50,672]{3,2,1,0}, f16[64,50,50,672]{3,2,1,0}), window={size=5x5 pad=2_2x2_2}, dim_labels=b01f_o01i->b01f, feature_group_count=672, custom_call_target="__cudnn$convBackwardFilter", backend_config={"cudnn_conv_backend_config":{"activation_mode":"kNone","conv_result_scale":1,"leakyrelu_alpha":0,"side_input_scale":0},"force_earliest_schedule":false,"operation_queue_id":"0","wait_on_operation_queues":[]} is taking a while...
2025-11-07 21:39:01.962667: E external/local_xla/xla/service/slow_operation_alarm.cc:133] The operation took 1.985852857s
Trying algorithm eng0{} for conv (f16[672,5,5,1]{3,2,1,0}, u8[0]{0}) custom-call(f16[64,50,50,672]{3,2,1,0}, f16[64,50,50,672]{3,2,1,0}), window={size=5x5 pad=2_2x2_2}, dim_labels=b01f_o01i->b01f, feature_group_count=672, custom_call_target="__cudnn$convBackwardFilter", backend_config={"cudnn_conv_backend_config":{"activation_mode":"kNone","conv_result_scale":1,"leakyrelu_alpha":0,"side_input_scale":0},"force_earliest_schedule":false,"operation_queue_id":"0","wait_on_operation_queues":[]} is taking a while...
2025-11-07 21:39:41.171383: W external/local_xla/xla/service/hlo_rematerialization.cc:3005] Can't reduce memory use below 8.42GiB (9045107959 bytes) by rematerialization; only reduced to 18.41GiB (19772000490 bytes), down from 24.48GiB (26284774017 bytes) originally
2025-11-07 21:40:20.655833: I external/local_xla/xla/stream_executor/cuda/cuda_asm_compiler.cc:397] ptxas warning : Registers are spilled to local memory in function 'input_reduce_fusion_82_remat3', 596 bytes spill stores, 596 bytes spill loads
ptxas warning : Registers are spilled to local memory in function 'input_reduce_fusion_85', 56 bytes spill stores, 52 bytes spill loads
ptxas warning : Registers are spilled to local memory in function 'input_reduce_fusion_88_remat', 40 bytes spill stores, 40 bytes spill loads
ptxas warning : Registers are spilled to local memory in function 'input_reduce_fusion_88', 368 bytes spill stores, 248 bytes spill loads
ptxas warning : Registers are spilled to local memory in function 'input_reduce_fusion_285', 8 bytes spill stores, 8 bytes spill loads
ptxas warning : Registers are spilled to local memory in function 'input_reduce_fusion_286_remat', 8 bytes spill stores, 8 bytes spill loads
ptxas warning : Registers are spilled to local memory in function 'input_reduce_fusion_291_remat', 8 bytes spill stores, 8 bytes spill loads
ptxas warning : Registers are spilled to local memory in function 'input_reduce_fusion_266', 392 bytes spill stores, 264 bytes spill loads

2025-11-07 21:40:31.525727: W external/local_xla/xla/tsl/framework/bfc_allocator.cc:497] Allocator (GPU_0_bfc) ran out of memory trying to allocate 18.42GiB (rounded to 19783403008)requested by op 
2025-11-07 21:40:31.525896: I external/local_xla/xla/tsl/framework/bfc_allocator.cc:1053] BFCAllocator dump for GPU_0_bfc
2025-11-07 21:40:31.525914: I external/local_xla/xla/tsl/framework/bfc_allocator.cc:1060] Bin (256): 	Total Chunks: 213, Chunks in use: 213. 53.2KiB allocated for chunks. 53.2KiB in use in bin. 15.9KiB client-requested in use in bin.
2025-11-07 21:40:31.525926: I external/local_xla/xla/tsl/framework/bfc_allocator.cc:1060] Bin (512): 	Total Chunks: 183, Chunks in use: 183. 115.8KiB allocated for chunks. 115.8KiB in use in bin. 93.6KiB client-requested in use in bin.
2025-11-07 21:40:31.525954: I external/local_xla/xla/tsl/framework/bfc_allocator.cc:1060] Bin (1024): 	Total Chunks: 86, Chunks in use: 86. 95.8KiB allocated for chunks. 95.8KiB in use in bin. 86.7KiB client-requested in use in bin.
2025-11-07 21:40:31.525965: I external/local_xla/xla/tsl/framework/bfc_allocator.cc:1060] Bin (2048): 	Total Chunks: 168, Chunks in use: 168. 426.5KiB allocated for chunks. 426.5KiB in use in bin. 395.8KiB client-requested in use in bin.
2025-11-07 21:40:31.525975: I external/local_xla/xla/tsl/framework/bfc_allocator.cc:1060] Bin (4096): 	Total Chunks: 132, Chunks in use: 132. 672.2KiB allocated for chunks. 672.2KiB in use in bin. 643.9KiB client-requested in use in bin.
2025-11-07 21:40:31.525984: I external/local_xla/xla/tsl/framework/bfc_allocator.cc:1060] Bin (8192): 	Total Chunks: 46, Chunks in use: 46. 512.8KiB allocated for chunks. 512.8KiB in use in bin. 478.4KiB client-requested in use in bin.
2025-11-07 21:40:31.525993: I external/local_xla/xla/tsl/framework/bfc_allocator.cc:1060] Bin (16384): 	Total Chunks: 15, Chunks in use: 15. 299.0KiB allocated for chunks. 299.0KiB in use in bin. 278.4KiB client-requested in use in bin.
2025-11-07 21:40:31.526003: I external/local_xla/xla/tsl/framework/bfc_allocator.cc:1060] Bin (32768): 	Total Chunks: 45, Chunks in use: 45. 1.64MiB allocated for chunks. 1.64MiB in use in bin. 1.60MiB client-requested in use in bin.
2025-11-07 21:40:31.526012: I external/local_xla/xla/tsl/framework/bfc_allocator.cc:1060] Bin (65536): 	Total Chunks: 53, Chunks in use: 53. 4.19MiB allocated for chunks. 4.19MiB in use in bin. 4.04MiB client-requested in use in bin.
2025-11-07 21:40:31.526021: I external/local_xla/xla/tsl/framework/bfc_allocator.cc:1060] Bin (131072): 	Total Chunks: 56, Chunks in use: 56. 10.28MiB allocated for chunks. 10.28MiB in use in bin. 10.04MiB client-requested in use in bin.
2025-11-07 21:40:31.526031: I external/local_xla/xla/tsl/framework/bfc_allocator.cc:1060] Bin (262144): 	Total Chunks: 25, Chunks in use: 25. 7.42MiB allocated for chunks. 7.42MiB in use in bin. 7.23MiB client-requested in use in bin.
2025-11-07 21:40:31.526040: I external/local_xla/xla/tsl/framework/bfc_allocator.cc:1060] Bin (524288): 	Total Chunks: 33, Chunks in use: 33. 26.19MiB allocated for chunks. 26.19MiB in use in bin. 26.02MiB client-requested in use in bin.
2025-11-07 21:40:31.526050: I external/local_xla/xla/tsl/framework/bfc_allocator.cc:1060] Bin (1048576): 	Total Chunks: 4, Chunks in use: 4. 6.14MiB allocated for chunks. 6.14MiB in use in bin. 4.82MiB client-requested in use in bin.
2025-11-07 21:40:31.526059: I external/local_xla/xla/tsl/framework/bfc_allocator.cc:1060] Bin (2097152): 	Total Chunks: 6, Chunks in use: 6. 14.74MiB allocated for chunks. 14.74MiB in use in bin. 12.34MiB client-requested in use in bin.
2025-11-07 21:40:31.526068: I external/local_xla/xla/tsl/framework/bfc_allocator.cc:1060] Bin (4194304): 	Total Chunks: 1, Chunks in use: 1. 4.00MiB allocated for chunks. 4.00MiB in use in bin. 2.01MiB client-requested in use in bin.
2025-11-07 21:40:31.526078: I external/local_xla/xla/tsl/framework/bfc_allocator.cc:1060] Bin (8388608): 	Total Chunks: 0, Chunks in use: 0. 0B allocated for chunks. 0B in use in bin. 0B client-requested in use in bin.
2025-11-07 21:40:31.526087: I external/local_xla/xla/tsl/framework/bfc_allocator.cc:1060] Bin (16777216): 	Total Chunks: 0, Chunks in use: 0. 0B allocated for chunks. 0B in use in bin. 0B client-requested in use in bin.
2025-11-07 21:40:31.526096: I external/local_xla/xla/tsl/framework/bfc_allocator.cc:1060] Bin (33554432): 	Total Chunks: 1, Chunks in use: 0. 49.28MiB allocated for chunks. 0B in use in bin. 0B client-requested in use in bin.
2025-11-07 21:40:31.526105: I external/local_xla/xla/tsl/framework/bfc_allocator.cc:1060] Bin (67108864): 	Total Chunks: 0, Chunks in use: 0. 0B allocated for chunks. 0B in use in bin. 0B client-requested in use in bin.
2025-11-07 21:40:31.526114: I external/local_xla/xla/tsl/framework/bfc_allocator.cc:1060] Bin (134217728): 	Total Chunks: 0, Chunks in use: 0. 0B allocated for chunks. 0B in use in bin. 0B client-requested in use in bin.
2025-11-07 21:40:31.526128: I external/local_xla/xla/tsl/framework/bfc_allocator.cc:1060] Bin (268435456): 	Total Chunks: 5, Chunks in use: 1. 9.93GiB allocated for chunks. 512.00MiB in use in bin. 468.75MiB client-requested in use in bin.
2025-11-07 21:40:31.526145: I external/local_xla/xla/tsl/framework/bfc_allocator.cc:1076] Bin for 18.42GiB was 256.00MiB, Chunk State: 
2025-11-07 21:40:31.526157: I external/local_xla/xla/tsl/framework/bfc_allocator.cc:1082]   Size: 512.00MiB | Requested Size: 113.66MiB | in_use: 0 | bin_num: 20
2025-11-07 21:40:31.526167: I external/local_xla/xla/tsl/framework/bfc_allocator.cc:1082]   Size: 1.00GiB | Requested Size: 719.44MiB | in_use: 0 | bin_num: 20
2025-11-07 21:40:31.526175: I external/local_xla/xla/tsl/framework/bfc_allocator.cc:1082]   Size: 2.00GiB | Requested Size: 1.16GiB | in_use: 0 | bin_num: 20
2025-11-07 21:40:31.526184: I external/local_xla/xla/tsl/framework/bfc_allocator.cc:1082]   Size: 5.93GiB | Requested Size: 2.30GiB | in_use: 0 | bin_num: 20
2025-11-07 21:40:31.526192: I external/local_xla/xla/tsl/framework/bfc_allocator.cc:1089] Next region of size 6365904896
2025-11-07 21:40:31.526201: I external/local_xla/xla/tsl/framework/bfc_allocator.cc:1109] Free  at 151ca0000000 of size 6365904896 next 18446744073709551615
2025-11-07 21:40:31.526209: I external/local_xla/xla/tsl/framework/bfc_allocator.cc:1089] Next region of size 2147483648
2025-11-07 21:40:31.526217: I external/local_xla/xla/tsl/framework/bfc_allocator.cc:1109] Free  at 151e32000000 of size 2147483648 next 18446744073709551615
2025-11-07 21:40:31.526225: I external/local_xla/xla/tsl/framework/bfc_allocator.cc:1089] Next region of size 1073741824
2025-11-07 21:40:31.526233: I external/local_xla/xla/tsl/framework/bfc_allocator.cc:1109] Free  at 151ee0000000 of size 1073741824 next 18446744073709551615
2025-11-07 21:40:31.526240: I external/local_xla/xla/tsl/framework/bfc_allocator.cc:1089] Next region of size 536870912
2025-11-07 21:40:31.526248: I external/local_xla/xla/tsl/framework/bfc_allocator.cc:1109] Free  at 151f20000000 of size 536870912 next 18446744073709551615
2025-11-07 21:40:31.526256: I external/local_xla/xla/tsl/framework/bfc_allocator.cc:1089] Next region of size 536870912
2025-11-07 21:40:31.526265: I external/local_xla/xla/tsl/framework/bfc_allocator.cc:1109] InUse at 151fda000000 of size 536870912 next 18446744073709551615
2025-11-07 21:40:31.526274: I external/local_xla/xla/tsl/framework/bfc_allocator.cc:1089] Next region of size 67108864
2025-11-07 21:40:31.526282: I external/local_xla/xla/tsl/framework/bfc_allocator.cc:1109] InUse at 152048000000 of size 884736 next 634
2025-11-07 21:40:31.526289: I external/local_xla/xla/tsl/framework/bfc_allocator.cc:1109] InUse at 1520480d8000 of size 884736 next 635
2025-11-07 21:40:31.526297: I external/local_xla/xla/tsl/framework/bfc_allocator.cc:1109] InUse at 1520481b0000 of size 884736 next 636
2025-11-07 21:40:31.526305: I external/local_xla/xla/tsl/framework/bfc_allocator.cc:1109] InUse at 152048288000 of size 884736 next 637
2025-11-07 21:40:31.526313: I external/local_xla/xla/tsl/framework/bfc_allocator.cc:1109] InUse at 152048360000 of size 884736 next 638
2025-11-07 21:40:31.526320: I external/local_xla/xla/tsl/framework/bfc_allocator.cc:1109] InUse at 152048438000 of size 884736 next 639
2025-11-07 21:40:31.526328: I external/local_xla/xla/tsl/framework/bfc_allocator.cc:1109] InUse at 152048510000 of size 884736 next 640
2025-11-07 21:40:31.526336: I external/local_xla/xla/tsl/framework/bfc_allocator.cc:1109] InUse at 1520485e8000 of size 884736 next 641
2025-11-07 21:40:31.526344: I external/local_xla/xla/tsl/framework/bfc_allocator.cc:1109] InUse at 1520486c0000 of size 256 next 642
2025-11-07 21:40:31.526352: I external/local_xla/xla/tsl/framework/bfc_allocator.cc:1109] InUse at 1520486c0100 of size 256 next 643
2025-11-07 21:40:31.526360: I external/local_xla/xla/tsl/framework/bfc_allocator.cc:1109] InUse at 1520486c0200 of size 256 next 644
2025-11-07 21:40:31.526372: I external/local_xla/xla/tsl/framework/bfc_allocator.cc:1109] InUse at 1520486c0300 of size 256 next 645
2025-11-07 21:40:31.526382: I external/local_xla/xla/tsl/framework/bfc_allocator.cc:1109] InUse at 1520486c0400 of size 256 next 646
2025-11-07 21:40:31.526390: I external/local_xla/xla/tsl/framework/bfc_allocator.cc:1109] InUse at 1520486c0500 of size 256 next 647
2025-11-07 21:40:31.526397: I external/local_xla/xla/tsl/framework/bfc_allocator.cc:1109] InUse at 1520486c0600 of size 256 next 648
2025-11-07 21:40:31.526405: I external/local_xla/xla/tsl/framework/bfc_allocator.cc:1109] InUse at 1520486c0700 of size 256 next 649
2025-11-07 21:40:31.526413: I external/local_xla/xla/tsl/framework/bfc_allocator.cc:1109] InUse at 1520486c0800 of size 115200 next 650
2025-11-07 21:40:31.526421: I external/local_xla/xla/tsl/framework/bfc_allocator.cc:1109] InUse at 1520486dca00 of size 115200 next 651
2025-11-07 21:40:31.526429: I external/local_xla/xla/tsl/framework/bfc_allocator.cc:1109] InUse at 1520486f8c00 of size 115200 next 652
2025-11-07 21:40:31.526437: I external/local_xla/xla/tsl/framework/bfc_allocator.cc:1109] InUse at 152048714e00 of size 115200 next 653
2025-11-07 21:40:31.526445: I external/local_xla/xla/tsl/framework/bfc_allocator.cc:1109] InUse at 152048731000 of size 115200 next 654
2025-11-07 21:40:31.526453: I external/local_xla/xla/tsl/framework/bfc_allocator.cc:1109] InUse at 15204874d200 of size 115200 next 655
2025-11-07 21:40:31.526460: I external/local_xla/xla/tsl/framework/bfc_allocator.cc:1109] InUse at 152048769400 of size 115200 next 656
2025-11-07 21:40:31.526468: I external/local_xla/xla/tsl/framework/bfc_allocator.cc:1109] InUse at 152048785600 of size 115200 next 657
2025-11-07 21:40:31.526476: I external/local_xla/xla/tsl/framework/bfc_allocator.cc:1109] InUse at 1520487a1800 of size 768 next 658
2025-11-07 21:40:31.526487: I external/local_xla/xla/tsl/framework/bfc_allocator.cc:1109] InUse at 1520487a1b00 of size 768 next 659
2025-11-07 21:40:31.526494: I external/local_xla/xla/tsl/framework/bfc_allocator.cc:1109] InUse at 1520487a1e00 of size 768 next 660
2025-11-07 21:40:31.526502: I external/local_xla/xla/tsl/framework/bfc_allocator.cc:1109] InUse at 1520487a2100 of size 768 next 661
2025-11-07 21:40:31.526510: I external/local_xla/xla/tsl/framework/bfc_allocator.cc:1109] InUse at 1520487a2400 of size 768 next 662
2025-11-07 21:40:31.526518: I external/local_xla/xla/tsl/framework/bfc_allocator.cc:1109] InUse at 1520487a2700 of size 768 next 663
2025-11-07 21:40:31.526525: I external/local_xla/xla/tsl/framework/bfc_allocator.cc:1109] InUse at 1520487a2a00 of size 768 next 664
2025-11-07 21:40:31.526533: I external/local_xla/xla/tsl/framework/bfc_allocator.cc:1109] InUse at 1520487a2d00 of size 768 next 665
2025-11-07 21:40:31.526541: I external/local_xla/xla/tsl/framework/bfc_allocator.cc:1109] InUse at 1520487a3000 of size 768 next 666
2025-11-07 21:40:31.526548: I external/local_xla/xla/tsl/framework/bfc_allocator.cc:1109] InUse at 1520487a3300 of size 768 next 667
2025-11-07 21:40:31.526556: I external/local_xla/xla/tsl/framework/bfc_allocator.cc:1109] InUse at 1520487a3600 of size 768 next 668
2025-11-07 21:40:31.526564: I external/local_xla/xla/tsl/framework/bfc_allocator.cc:1109] InUse at 1520487a3900 of size 768 next 669
2025-11-07 21:40:31.526571: I external/local_xla/xla/tsl/framework/bfc_allocator.cc:1109] InUse at 1520487a3c00 of size 768 next 670
2025-11-07 21:40:31.526579: I external/local_xla/xla/tsl/framework/bfc_allocator.cc:1109] InUse at 1520487a3f00 of size 768 next 671
2025-11-07 21:40:31.526587: I external/local_xla/xla/tsl/framework/bfc_allocator.cc:1109] InUse at 1520487a4200 of size 768 next 672
2025-11-07 21:40:31.526595: I external/local_xla/xla/tsl/framework/bfc_allocator.cc:1109] InUse at 1520487a4500 of size 768 next 673
2025-11-07 21:40:31.526602: I external/local_xla/xla/tsl/framework/bfc_allocator.cc:1109] InUse at 1520487a4800 of size 768 next 674
2025-11-07 21:40:31.526610: I external/local_xla/xla/tsl/framework/bfc_allocator.cc:1109] InUse at 1520487a4b00 of size 768 next 675
2025-11-07 21:40:31.526622: I external/local_xla/xla/tsl/framework/bfc_allocator.cc:1109] InUse at 1520487a4e00 of size 768 next 676
2025-11-07 21:40:31.526630: I external/local_xla/xla/tsl/framework/bfc_allocator.cc:1109] InUse at 1520487a5100 of size 768 next 677
2025-11-07 21:40:31.526638: I external/local_xla/xla/tsl/framework/bfc_allocator.cc:1109] InUse at 1520487a5400 of size 4608 next 678
2025-11-07 21:40:31.526645: I external/local_xla/xla/tsl/framework/bfc_allocator.cc:1109] InUse at 1520487a6600 of size 4608 next 679
2025-11-07 21:40:31.526653: I external/local_xla/xla/tsl/framework/bfc_allocator.cc:1109] InUse at 1520487a7800 of size 4608 next 680
2025-11-07 21:40:31.526661: I external/local_xla/xla/tsl/framework/bfc_allocator.cc:1109] InUse at 1520487a8a00 of size 4608 next 681
2025-11-07 21:40:31.526669: I external/local_xla/xla/tsl/framework/bfc_allocator.cc:1109] InUse at 1520487a9c00 of size 4608 next 682
2025-11-07 21:40:31.526676: I external/local_xla/xla/tsl/framework/bfc_allocator.cc:1109] InUse at 1520487aae00 of size 4608 next 683
2025-11-07 21:40:31.526684: I external/local_xla/xla/tsl/framework/bfc_allocator.cc:1109] InUse at 1520487ac000 of size 4608 next 684
2025-11-07 21:40:31.526692: I external/local_xla/xla/tsl/framework/bfc_allocator.cc:1109] InUse at 1520487ad200 of size 4608 next 685
2025-11-07 21:40:31.526700: I external/local_xla/xla/tsl/framework/bfc_allocator.cc:1109] InUse at 1520487ae400 of size 4608 next 686
2025-11-07 21:40:31.526707: I external/local_xla/xla/tsl/framework/bfc_allocator.cc:1109] InUse at 1520487af600 of size 4608 next 687
2025-11-07 21:40:31.526715: I external/local_xla/xla/tsl/framework/bfc_allocator.cc:1109] InUse at 1520487b0800 of size 4608 next 688
2025-11-07 21:40:31.526723: I external/local_xla/xla/tsl/framework/bfc_allocator.cc:1109] InUse at 1520487b1a00 of size 4608 next 689
2025-11-07 21:40:31.526731: I external/local_xla/xla/tsl/framework/bfc_allocator.cc:1109] InUse at 1520487b2c00 of size 4608 next 690
2025-11-07 21:40:31.526738: I external/local_xla/xla/tsl/framework/bfc_allocator.cc:1109] InUse at 1520487b3e00 of size 4608 next 691
2025-11-07 21:40:31.526746: I external/local_xla/xla/tsl/framework/bfc_allocator.cc:1109] InUse at 1520487b5000 of size 4608 next 692
2025-11-07 21:40:31.526754: I external/local_xla/xla/tsl/framework/bfc_allocator.cc:1109] InUse at 1520487b6200 of size 4608 next 693
2025-11-07 21:40:31.526762: I external/local_xla/xla/tsl/framework/bfc_allocator.cc:1109] InUse at 1520487b7400 of size 4608 next 694
2025-11-07 21:40:31.526769: I external/local_xla/xla/tsl/framework/bfc_allocator.cc:1109] InUse at 1520487b8600 of size 4608 next 695
2025-11-07 21:40:31.526777: I external/local_xla/xla/tsl/framework/bfc_allocator.cc:1109] InUse at 1520487b9800 of size 4608 next 696
2025-11-07 21:40:31.526785: I external/local_xla/xla/tsl/framework/bfc_allocator.cc:1109] InUse at 1520487baa00 of size 4608 next 697
2025-11-07 21:40:31.526793: I external/local_xla/xla/tsl/framework/bfc_allocator.cc:1109] InUse at 1520487bbc00 of size 4608 next 698
2025-11-07 21:40:31.526801: I external/local_xla/xla/tsl/framework/bfc_allocator.cc:1109] InUse at 1520487bce00 of size 4608 next 699
2025-11-07 21:40:31.526808: I external/local_xla/xla/tsl/framework/bfc_allocator.cc:1109] InUse at 1520487be000 of size 4608 next 700
2025-11-07 21:40:31.526816: I external/local_xla/xla/tsl/framework/bfc_allocator.cc:1109] InUse at 1520487bf200 of size 4608 next 701
2025-11-07 21:40:31.526824: I external/local_xla/xla/tsl/framework/bfc_allocator.cc:1109] InUse at 1520487c0400 of size 4608 next 702
2025-11-07 21:40:31.526832: I external/local_xla/xla/tsl/framework/bfc_allocator.cc:1109] InUse at 1520487c1600 of size 4608 next 703
2025-11-07 21:40:31.526839: I external/local_xla/xla/tsl/framework/bfc_allocator.cc:1109] InUse at 1520487c2800 of size 4608 next 704
2025-11-07 21:40:31.526847: I external/local_xla/xla/tsl/framework/bfc_allocator.cc:1109] InUse at 1520487c3a00 of size 4608 next 705
2025-11-07 21:40:31.526859: I external/local_xla/xla/tsl/framework/bfc_allocator.cc:1109] InUse at 1520487c4c00 of size 4608 next 706
2025-11-07 21:40:31.526867: I external/local_xla/xla/tsl/framework/bfc_allocator.cc:1109] InUse at 1520487c5e00 of size 4608 next 707
2025-11-07 21:40:31.526875: I external/local_xla/xla/tsl/framework/bfc_allocator.cc:1109] InUse at 1520487c7000 of size 4608 next 708
2025-11-07 21:40:31.526883: I external/local_xla/xla/tsl/framework/bfc_allocator.cc:1109] InUse at 1520487c8200 of size 4608 next 709
2025-11-07 21:40:31.526891: I external/local_xla/xla/tsl/framework/bfc_allocator.cc:1109] InUse at 1520487c9400 of size 4608 next 710
2025-11-07 21:40:31.526898: I external/local_xla/xla/tsl/framework/bfc_allocator.cc:1109] InUse at 1520487ca600 of size 4608 next 711
2025-11-07 21:40:31.526906: I external/local_xla/xla/tsl/framework/bfc_allocator.cc:1109] InUse at 1520487cb800 of size 4608 next 712
2025-11-07 21:40:31.526914: I external/local_xla/xla/tsl/framework/bfc_allocator.cc:1109] InUse at 1520487cca00 of size 4608 next 713
2025-11-07 21:40:31.526922: I external/local_xla/xla/tsl/framework/bfc_allocator.cc:1109] InUse at 1520487cdc00 of size 4608 next 714
2025-11-07 21:40:31.526929: I external/local_xla/xla/tsl/framework/bfc_allocator.cc:1109] InUse at 1520487cee00 of size 4608 next 715
2025-11-07 21:40:31.526937: I external/local_xla/xla/tsl/framework/bfc_allocator.cc:1109] InUse at 1520487d0000 of size 4608 next 716
2025-11-07 21:40:31.526945: I external/local_xla/xla/tsl/framework/bfc_allocator.cc:1109] InUse at 1520487d1200 of size 4608 next 717
2025-11-07 21:40:31.526953: I external/local_xla/xla/tsl/framework/bfc_allocator.cc:1109] InUse at 1520487d2400 of size 4608 next 718
2025-11-07 21:40:31.526960: I external/local_xla/xla/tsl/framework/bfc_allocator.cc:1109] InUse at 1520487d3600 of size 4608 next 719
2025-11-07 21:40:31.526968: I external/local_xla/xla/tsl/framework/bfc_allocator.cc:1109] InUse at 1520487d4800 of size 4608 next 720
2025-11-07 21:40:31.526976: I external/local_xla/xla/tsl/framework/bfc_allocator.cc:1109] InUse at 1520487d5a00 of size 4608 next 721
2025-11-07 21:40:31.526984: I external/local_xla/xla/tsl/framework/bfc_allocator.cc:1109] InUse at 1520487d6c00 of size 4608 next 722
2025-11-07 21:40:31.526991: I external/local_xla/xla/tsl/framework/bfc_allocator.cc:1109] InUse at 1520487d7e00 of size 4608 next 723
2025-11-07 21:40:31.526999: I external/local_xla/xla/tsl/framework/bfc_allocator.cc:1109] InUse at 1520487d9000 of size 4608 next 724
2025-11-07 21:40:31.527007: I external/local_xla/xla/tsl/framework/bfc_allocator.cc:1109] InUse at 1520487da200 of size 4608 next 725
2025-11-07 21:40:31.527015: I external/local_xla/xla/tsl/framework/bfc_allocator.cc:1109] InUse at 1520487db400 of size 4608 next 726
2025-11-07 21:40:31.527023: I external/local_xla/xla/tsl/framework/bfc_allocator.cc:1109] InUse at 1520487dc600 of size 4608 next 727
2025-11-07 21:40:31.527030: I external/local_xla/xla/tsl/framework/bfc_allocator.cc:1109] InUse at 1520487dd800 of size 153600 next 728
2025-11-07 21:40:31.527038: I external/local_xla/xla/tsl/framework/bfc_allocator.cc:1109] InUse at 152048803000 of size 153600 next 729
2025-11-07 21:40:31.527046: I external/local_xla/xla/tsl/framework/bfc_allocator.cc:1109] InUse at 152048828800 of size 153600 next 730
2025-11-07 21:40:31.527054: I external/local_xla/xla/tsl/framework/bfc_allocator.cc:1109] InUse at 15204884e000 of size 153600 next 731
2025-11-07 21:40:31.527062: I external/local_xla/xla/tsl/framework/bfc_allocator.cc:1109] InUse at 152048873800 of size 153600 next 732
2025-11-07 21:40:31.527069: I external/local_xla/xla/tsl/framework/bfc_allocator.cc:1109] InUse at 152048899000 of size 153600 next 733
2025-11-07 21:40:31.527077: I external/local_xla/xla/tsl/framework/bfc_allocator.cc:1109] InUse at 1520488be800 of size 153600 next 734
2025-11-07 21:40:31.527085: I external/local_xla/xla/tsl/framework/bfc_allocator.cc:1109] InUse at 1520488e4000 of size 153600 next 735
2025-11-07 21:40:31.527093: I external/local_xla/xla/tsl/framework/bfc_allocator.cc:1109] InUse at 152048909800 of size 3584 next 736
2025-11-07 21:40:31.527105: I external/local_xla/xla/tsl/framework/bfc_allocator.cc:1109] InUse at 15204890a600 of size 3584 next 737
2025-11-07 21:40:31.527113: I external/local_xla/xla/tsl/framework/bfc_allocator.cc:1109] InUse at 15204890b400 of size 3584 next 738
2025-11-07 21:40:31.527121: I external/local_xla/xla/tsl/framework/bfc_allocator.cc:1109] InUse at 15204890c200 of size 3584 next 739
2025-11-07 21:40:31.527128: I external/local_xla/xla/tsl/framework/bfc_allocator.cc:1109] InUse at 15204890d000 of size 3584 next 740
2025-11-07 21:40:31.527143: I external/local_xla/xla/tsl/framework/bfc_allocator.cc:1109] InUse at 15204890de00 of size 3584 next 741
2025-11-07 21:40:31.527151: I external/local_xla/xla/tsl/framework/bfc_allocator.cc:1109] InUse at 15204890ec00 of size 13824 next 742
2025-11-07 21:40:31.527158: I external/local_xla/xla/tsl/framework/bfc_allocator.cc:1109] InUse at 152048912200 of size 13824 next 743
2025-11-07 21:40:31.527166: I external/local_xla/xla/tsl/framework/bfc_allocator.cc:1109] InUse at 152048915800 of size 13824 next 744
2025-11-07 21:40:31.527174: I external/local_xla/xla/tsl/framework/bfc_allocator.cc:1109] InUse at 152048918e00 of size 13824 next 745
2025-11-07 21:40:31.527182: I external/local_xla/xla/tsl/framework/bfc_allocator.cc:1109] InUse at 15204891c400 of size 17408 next 746
2025-11-07 21:40:31.527190: I external/local_xla/xla/tsl/framework/bfc_allocator.cc:1109] InUse at 152048920800 of size 17408 next 747
2025-11-07 21:40:31.527198: I external/local_xla/xla/tsl/framework/bfc_allocator.cc:1109] InUse at 152048924c00 of size 17408 next 748
2025-11-07 21:40:31.527205: I external/local_xla/xla/tsl/framework/bfc_allocator.cc:1109] InUse at 152048929000 of size 17408 next 749
2025-11-07 21:40:31.527213: I external/local_xla/xla/tsl/framework/bfc_allocator.cc:1109] InUse at 15204892d400 of size 17408 next 750
2025-11-07 21:40:31.527221: I external/local_xla/xla/tsl/framework/bfc_allocator.cc:1109] InUse at 152048931800 of size 17408 next 751
2025-11-07 21:40:31.527229: I external/local_xla/xla/tsl/framework/bfc_allocator.cc:1109] InUse at 152048935c00 of size 38400 next 752
2025-11-07 21:40:31.527237: I external/local_xla/xla/tsl/framework/bfc_allocator.cc:1109] InUse at 15204893f200 of size 38400 next 753
2025-11-07 21:40:31.527244: I external/local_xla/xla/tsl/framework/bfc_allocator.cc:1109] InUse at 152048948800 of size 38400 next 754
2025-11-07 21:40:31.527252: I external/local_xla/xla/tsl/framework/bfc_allocator.cc:1109] InUse at 152048951e00 of size 38400 next 755
2025-11-07 21:40:31.527260: I external/local_xla/xla/tsl/framework/bfc_allocator.cc:1109] InUse at 15204895b400 of size 38400 next 756
2025-11-07 21:40:31.527268: I external/local_xla/xla/tsl/framework/bfc_allocator.cc:1109] InUse at 152048964a00 of size 38400 next 757
2025-11-07 21:40:31.527276: I external/local_xla/xla/tsl/framework/bfc_allocator.cc:1109] InUse at 15204896e000 of size 24064 next 758
2025-11-07 21:40:31.527283: I external/local_xla/xla/tsl/framework/bfc_allocator.cc:1109] InUse at 152048973e00 of size 24064 next 759
2025-11-07 21:40:31.527291: I external/local_xla/xla/tsl/framework/bfc_allocator.cc:1109] InUse at 152048979c00 of size 24064 next 760
2025-11-07 21:40:31.527299: I external/local_xla/xla/tsl/framework/bfc_allocator.cc:1109] InUse at 15204897fa00 of size 24064 next 761
2025-11-07 21:40:31.527307: I external/local_xla/xla/tsl/framework/bfc_allocator.cc:1109] InUse at 152048985800 of size 5376 next 762
2025-11-07 21:40:31.527317: I external/local_xla/xla/tsl/framework/bfc_allocator.cc:1109] InUse at 152048986d00 of size 5376 next 763
2025-11-07 21:40:31.527325: I external/local_xla/xla/tsl/framework/bfc_allocator.cc:1109] InUse at 152048988200 of size 5376 next 764
2025-11-07 21:40:31.527333: I external/local_xla/xla/tsl/framework/bfc_allocator.cc:1109] InUse at 152048989700 of size 5376 next 765
2025-11-07 21:40:31.527341: I external/local_xla/xla/tsl/framework/bfc_allocator.cc:1109] InUse at 15204898ac00 of size 9728 next 766
2025-11-07 21:40:31.527352: I external/local_xla/xla/tsl/framework/bfc_allocator.cc:1109] InUse at 15204898d200 of size 9728 next 767
2025-11-07 21:40:31.527360: I external/local_xla/xla/tsl/framework/bfc_allocator.cc:1109] InUse at 15204898f800 of size 9728 next 768
2025-11-07 21:40:31.527368: I external/local_xla/xla/tsl/framework/bfc_allocator.cc:1109] InUse at 152048991e00 of size 9728 next 769
2025-11-07 21:40:31.527376: I external/local_xla/xla/tsl/framework/bfc_allocator.cc:1109] InUse at 152048994400 of size 9728 next 770
2025-11-07 21:40:31.527384: I external/local_xla/xla/tsl/framework/bfc_allocator.cc:1109] InUse at 152048996a00 of size 9728 next 771
2025-11-07 21:40:31.527391: I external/local_xla/xla/tsl/framework/bfc_allocator.cc:1109] InUse at 152048999000 of size 256 next 772
2025-11-07 21:40:31.527399: I external/local_xla/xla/tsl/framework/bfc_allocator.cc:1109] InUse at 152048999100 of size 256 next 773
2025-11-07 21:40:31.527407: I external/local_xla/xla/tsl/framework/bfc_allocator.cc:1109] InUse at 152048999200 of size 256 next 774
2025-11-07 21:40:31.527415: I external/local_xla/xla/tsl/framework/bfc_allocator.cc:1109] InUse at 152048999300 of size 256 next 775
2025-11-07 21:40:31.527422: I external/local_xla/xla/tsl/framework/bfc_allocator.cc:1109] InUse at 152048999400 of size 256 next 776
2025-11-07 21:40:31.527430: I external/local_xla/xla/tsl/framework/bfc_allocator.cc:1109] InUse at 152048999500 of size 256 next 777
2025-11-07 21:40:31.527438: I external/local_xla/xla/tsl/framework/bfc_allocator.cc:1109] InUse at 152048999600 of size 256 next 778
2025-11-07 21:40:31.527446: I external/local_xla/xla/tsl/framework/bfc_allocator.cc:1109] InUse at 152048999700 of size 256 next 779
2025-11-07 21:40:31.527453: I external/local_xla/xla/tsl/framework/bfc_allocator.cc:1109] InUse at 152048999800 of size 256 next 780
2025-11-07 21:40:31.527461: I external/local_xla/xla/tsl/framework/bfc_allocator.cc:1109] InUse at 152048999900 of size 256 next 781
2025-11-07 21:40:31.527469: I external/local_xla/xla/tsl/framework/bfc_allocator.cc:1109] InUse at 152048999a00 of size 256 next 782
2025-11-07 21:40:31.527477: I external/local_xla/xla/tsl/framework/bfc_allocator.cc:1109] InUse at 152048999b00 of size 256 next 783
2025-11-07 21:40:31.527485: I external/local_xla/xla/tsl/framework/bfc_allocator.cc:1109] InUse at 152048999c00 of size 75264 next 784
2025-11-07 21:40:31.527492: I external/local_xla/xla/tsl/framework/bfc_allocator.cc:1109] InUse at 1520489ac200 of size 75264 next 785
2025-11-07 21:40:31.527500: I external/local_xla/xla/tsl/framework/bfc_allocator.cc:1109] InUse at 1520489be800 of size 75264 next 786
2025-11-07 21:40:31.527508: I external/local_xla/xla/tsl/framework/bfc_allocator.cc:1109] InUse at 1520489d0e00 of size 75264 next 787
2025-11-07 21:40:31.527516: I external/local_xla/xla/tsl/framework/bfc_allocator.cc:1109] InUse at 1520489e3400 of size 75264 next 788
2025-11-07 21:40:31.527523: I external/local_xla/xla/tsl/framework/bfc_allocator.cc:1109] InUse at 1520489f5a00 of size 75264 next 789
2025-11-07 21:40:31.527531: I external/local_xla/xla/tsl/framework/bfc_allocator.cc:1109] InUse at 152048a08000 of size 75264 next 790
2025-11-07 21:40:31.527539: I external/local_xla/xla/tsl/framework/bfc_allocator.cc:1109] InUse at 152048a1a600 of size 75264 next 791
2025-11-07 21:40:31.527547: I external/local_xla/xla/tsl/framework/bfc_allocator.cc:1109] InUse at 152048a2cc00 of size 256 next 792
2025-11-07 21:40:31.527554: I external/local_xla/xla/tsl/framework/bfc_allocator.cc:1109] InUse at 152048a2cd00 of size 256 next 793
2025-11-07 21:40:31.527562: I external/local_xla/xla/tsl/framework/bfc_allocator.cc:1109] InUse at 152048a2ce00 of size 256 next 794
2025-11-07 21:40:31.527570: I external/local_xla/xla/tsl/framework/bfc_allocator.cc:1109] InUse at 152048a2cf00 of size 256 next 795
2025-11-07 21:40:31.527578: I external/local_xla/xla/tsl/framework/bfc_allocator.cc:1109] InUse at 152048a2d000 of size 256 next 796
2025-11-07 21:40:31.527585: I external/local_xla/xla/tsl/framework/bfc_allocator.cc:1109] InUse at 152048a2d100 of size 256 next 797
2025-11-07 21:40:31.527596: I external/local_xla/xla/tsl/framework/bfc_allocator.cc:1109] InUse at 152048a2d200 of size 256 next 798
2025-11-07 21:40:31.527605: I external/local_xla/xla/tsl/framework/bfc_allocator.cc:1109] InUse at 152048a2d300 of size 256 next 799
2025-11-07 21:40:31.527612: I external/local_xla/xla/tsl/framework/bfc_allocator.cc:1109] InUse at 152048a2d400 of size 256 next 800
2025-11-07 21:40:31.527620: I external/local_xla/xla/tsl/framework/bfc_allocator.cc:1109] InUse at 152048a2d500 of size 256 next 801
2025-11-07 21:40:31.527628: I external/local_xla/xla/tsl/framework/bfc_allocator.cc:1109] InUse at 152048a2d600 of size 256 next 802
2025-11-07 21:40:31.527636: I external/local_xla/xla/tsl/framework/bfc_allocator.cc:1109] InUse at 152048a2d700 of size 256 next 803
2025-11-07 21:40:31.527644: I external/local_xla/xla/tsl/framework/bfc_allocator.cc:1109] InUse at 152048a2d800 of size 256 next 804
2025-11-07 21:40:31.527651: I external/local_xla/xla/tsl/framework/bfc_allocator.cc:1109] InUse at 152048a2d900 of size 256 next 805
2025-11-07 21:40:31.527659: I external/local_xla/xla/tsl/framework/bfc_allocator.cc:1109] InUse at 152048a2da00 of size 256 next 806
2025-11-07 21:40:31.527667: I external/local_xla/xla/tsl/framework/bfc_allocator.cc:1109] InUse at 152048a2db00 of size 256 next 807
2025-11-07 21:40:31.527675: I external/local_xla/xla/tsl/framework/bfc_allocator.cc:1109] InUse at 152048a2dc00 of size 38400 next 808
2025-11-07 21:40:31.527682: I external/local_xla/xla/tsl/framework/bfc_allocator.cc:1109] InUse at 152048a37200 of size 38400 next 809
2025-11-07 21:40:31.527690: I external/local_xla/xla/tsl/framework/bfc_allocator.cc:1109] InUse at 152048a40800 of size 38400 next 810
2025-11-07 21:40:31.527698: I external/local_xla/xla/tsl/framework/bfc_allocator.cc:1109] InUse at 152048a49e00 of size 38400 next 811
2025-11-07 21:40:31.527706: I external/local_xla/xla/tsl/framework/bfc_allocator.cc:1109] InUse at 152048a53400 of size 38400 next 812
2025-11-07 21:40:31.527714: I external/local_xla/xla/tsl/framework/bfc_allocator.cc:1109] InUse at 152048a5ca00 of size 38400 next 813
2025-11-07 21:40:31.527722: I external/local_xla/xla/tsl/framework/bfc_allocator.cc:1109] InUse at 152048a66000 of size 38400 next 814
2025-11-07 21:40:31.527729: I external/local_xla/xla/tsl/framework/bfc_allocator.cc:1109] InUse at 152048a6f600 of size 38400 next 815
2025-11-07 21:40:31.527737: I external/local_xla/xla/tsl/framework/bfc_allocator.cc:1109] InUse at 152048a78c00 of size 38400 next 816
2025-11-07 21:40:31.527745: I external/local_xla/xla/tsl/framework/bfc_allocator.cc:1109] InUse at 152048a82200 of size 38400 next 817
2025-11-07 21:40:31.527753: I external/local_xla/xla/tsl/framework/bfc_allocator.cc:1109] InUse at 152048a8b800 of size 38400 next 818
2025-11-07 21:40:31.527760: I external/local_xla/xla/tsl/framework/bfc_allocator.cc:1109] InUse at 152048a94e00 of size 38400 next 819
2025-11-07 21:40:31.527768: I external/local_xla/xla/tsl/framework/bfc_allocator.cc:1109] InUse at 152048a9e400 of size 38400 next 820
2025-11-07 21:40:31.527776: I external/local_xla/xla/tsl/framework/bfc_allocator.cc:1109] InUse at 152048aa7a00 of size 38400 next 821
2025-11-07 21:40:31.527784: I external/local_xla/xla/tsl/framework/bfc_allocator.cc:1109] InUse at 152048ab1000 of size 38400 next 822
2025-11-07 21:40:31.527791: I external/local_xla/xla/tsl/framework/bfc_allocator.cc:1109] InUse at 152048aba600 of size 38400 next 823
2025-11-07 21:40:31.527799: I external/local_xla/xla/tsl/framework/bfc_allocator.cc:1109] InUse at 152048ac3c00 of size 67328 next 824
2025-11-07 21:40:31.527807: I external/local_xla/xla/tsl/framework/bfc_allocator.cc:1109] InUse at 152048ad4300 of size 67328 next 825
2025-11-07 21:40:31.527815: I external/local_xla/xla/tsl/framework/bfc_allocator.cc:1109] InUse at 152048ae4a00 of size 67328 next 826
2025-11-07 21:40:31.527823: I external/local_xla/xla/tsl/framework/bfc_allocator.cc:1109] InUse at 152048af5100 of size 67328 next 827
2025-11-07 21:40:31.527834: I external/local_xla/xla/tsl/framework/bfc_allocator.cc:1109] InUse at 152048b05800 of size 67328 next 828
2025-11-07 21:40:31.527842: I external/local_xla/xla/tsl/framework/bfc_allocator.cc:1109] InUse at 152048b15f00 of size 67328 next 829
2025-11-07 21:40:31.527850: I external/local_xla/xla/tsl/framework/bfc_allocator.cc:1109] InUse at 152048b26600 of size 67328 next 830
2025-11-07 21:40:31.527858: I external/local_xla/xla/tsl/framework/bfc_allocator.cc:1109] InUse at 152048b36d00 of size 67328 next 831
2025-11-07 21:40:31.527866: I external/local_xla/xla/tsl/framework/bfc_allocator.cc:1109] InUse at 152048b47400 of size 38400 next 832
2025-11-07 21:40:31.527874: I external/local_xla/xla/tsl/framework/bfc_allocator.cc:1109] InUse at 152048b50a00 of size 38400 next 833
2025-11-07 21:40:31.527881: I external/local_xla/xla/tsl/framework/bfc_allocator.cc:1109] InUse at 152048b5a000 of size 38400 next 834
2025-11-07 21:40:31.527889: I external/local_xla/xla/tsl/framework/bfc_allocator.cc:1109] InUse at 152048b63600 of size 38400 next 835
2025-11-07 21:40:31.527897: I external/local_xla/xla/tsl/framework/bfc_allocator.cc:1109] InUse at 152048b6cc00 of size 512 next 836
2025-11-07 21:40:31.527905: I external/local_xla/xla/tsl/framework/bfc_allocator.cc:1109] InUse at 152048b6ce00 of size 512 next 837
2025-11-07 21:40:31.527912: I external/local_xla/xla/tsl/framework/bfc_allocator.cc:1109] InUse at 152048b6d000 of size 512 next 838
2025-11-07 21:40:31.527920: I external/local_xla/xla/tsl/framework/bfc_allocator.cc:1109] InUse at 152048b6d200 of size 512 next 839
2025-11-07 21:40:31.527928: I external/local_xla/xla/tsl/framework/bfc_allocator.cc:1109] InUse at 152048b6d400 of size 512 next 840
2025-11-07 21:40:31.527936: I external/local_xla/xla/tsl/framework/bfc_allocator.cc:1109] InUse at 152048b6d600 of size 512 next 841
2025-11-07 21:40:31.527943: I external/local_xla/xla/tsl/framework/bfc_allocator.cc:1109] InUse at 152048b6d800 of size 512 next 842
2025-11-07 21:40:31.527951: I external/local_xla/xla/tsl/framework/bfc_allocator.cc:1109] InUse at 152048b6da00 of size 512 next 843
2025-11-07 21:40:31.527959: I external/local_xla/xla/tsl/framework/bfc_allocator.cc:1109] InUse at 152048b6dc00 of size 512 next 844
2025-11-07 21:40:31.527967: I external/local_xla/xla/tsl/framework/bfc_allocator.cc:1109] InUse at 152048b6de00 of size 512 next 845
2025-11-07 21:40:31.527974: I external/local_xla/xla/tsl/framework/bfc_allocator.cc:1109] InUse at 152048b6e000 of size 512 next 846
2025-11-07 21:40:31.527982: I external/local_xla/xla/tsl/framework/bfc_allocator.cc:1109] InUse at 152048b6e200 of size 512 next 847
2025-11-07 21:40:31.527990: I external/local_xla/xla/tsl/framework/bfc_allocator.cc:1109] InUse at 152048b6e400 of size 512 next 848
2025-11-07 21:40:31.527998: I external/local_xla/xla/tsl/framework/bfc_allocator.cc:1109] InUse at 152048b6e600 of size 512 next 849
2025-11-07 21:40:31.528005: I external/local_xla/xla/tsl/framework/bfc_allocator.cc:1109] InUse at 152048b6e800 of size 512 next 850
2025-11-07 21:40:31.528013: I external/local_xla/xla/tsl/framework/bfc_allocator.cc:1109] InUse at 152048b6ea00 of size 512 next 851
2025-11-07 21:40:31.528021: I external/local_xla/xla/tsl/framework/bfc_allocator.cc:1109] InUse at 152048b6ec00 of size 9728 next 852
2025-11-07 21:40:31.528029: I external/local_xla/xla/tsl/framework/bfc_allocator.cc:1109] InUse at 152048b71200 of size 9728 next 853
2025-11-07 21:40:31.528036: I external/local_xla/xla/tsl/framework/bfc_allocator.cc:1109] InUse at 152048b73800 of size 9728 next 854
2025-11-07 21:40:31.528044: I external/local_xla/xla/tsl/framework/bfc_allocator.cc:1109] InUse at 152048b75e00 of size 9728 next 855
2025-11-07 21:40:31.528052: I external/local_xla/xla/tsl/framework/bfc_allocator.cc:1109] InUse at 152048b78400 of size 9728 next 856
2025-11-07 21:40:31.528060: I external/local_xla/xla/tsl/framework/bfc_allocator.cc:1109] InUse at 152048b7aa00 of size 9728 next 857
2025-11-07 21:40:31.528068: I external/local_xla/xla/tsl/framework/bfc_allocator.cc:1109] InUse at 152048b7d000 of size 75264 next 858
2025-11-07 21:40:31.528079: I external/local_xla/xla/tsl/framework/bfc_allocator.cc:1109] InUse at 152048b8f600 of size 75264 next 859
2025-11-07 21:40:31.528087: I external/local_xla/xla/tsl/framework/bfc_allocator.cc:1109] InUse at 152048ba1c00 of size 75264 next 860
2025-11-07 21:40:31.528095: I external/local_xla/xla/tsl/framework/bfc_allocator.cc:1109] InUse at 152048bb4200 of size 75264 next 861
2025-11-07 21:40:31.528103: I external/local_xla/xla/tsl/framework/bfc_allocator.cc:1109] InUse at 152048bc6800 of size 75264 next 862
2025-11-07 21:40:31.528111: I external/local_xla/xla/tsl/framework/bfc_allocator.cc:1109] InUse at 152048bd8e00 of size 75264 next 863
2025-11-07 21:40:31.528118: I external/local_xla/xla/tsl/framework/bfc_allocator.cc:1109] InUse at 152048beb400 of size 75264 next 864
2025-11-07 21:40:31.528126: I external/local_xla/xla/tsl/framework/bfc_allocator.cc:1109] InUse at 152048bfda00 of size 75264 next 865
2025-11-07 21:40:31.528141: I external/local_xla/xla/tsl/framework/bfc_allocator.cc:1109] InUse at 152048c10000 of size 512 next 866
2025-11-07 21:40:31.528149: I external/local_xla/xla/tsl/framework/bfc_allocator.cc:1109] InUse at 152048c10200 of size 512 next 867
2025-11-07 21:40:31.528157: I external/local_xla/xla/tsl/framework/bfc_allocator.cc:1109] InUse at 152048c10400 of size 512 next 868
2025-11-07 21:40:31.528165: I external/local_xla/xla/tsl/framework/bfc_allocator.cc:1109] InUse at 152048c10600 of size 512 next 869
2025-11-07 21:40:31.528173: I external/local_xla/xla/tsl/framework/bfc_allocator.cc:1109] InUse at 152048c10800 of size 512 next 870
2025-11-07 21:40:31.528180: I external/local_xla/xla/tsl/framework/bfc_allocator.cc:1109] InUse at 152048c10a00 of size 512 next 871
2025-11-07 21:40:31.528188: I external/local_xla/xla/tsl/framework/bfc_allocator.cc:1109] InUse at 152048c10c00 of size 512 next 872
2025-11-07 21:40:31.528196: I external/local_xla/xla/tsl/framework/bfc_allocator.cc:1109] InUse at 152048c10e00 of size 512 next 873
2025-11-07 21:40:31.528204: I external/local_xla/xla/tsl/framework/bfc_allocator.cc:1109] InUse at 152048c11000 of size 512 next 874
2025-11-07 21:40:31.528211: I external/local_xla/xla/tsl/framework/bfc_allocator.cc:1109] InUse at 152048c11200 of size 512 next 875
2025-11-07 21:40:31.528219: I external/local_xla/xla/tsl/framework/bfc_allocator.cc:1109] InUse at 152048c11400 of size 3584 next 876
2025-11-07 21:40:31.528227: I external/local_xla/xla/tsl/framework/bfc_allocator.cc:1109] InUse at 152048c12200 of size 3584 next 877
2025-11-07 21:40:31.528235: I external/local_xla/xla/tsl/framework/bfc_allocator.cc:1109] InUse at 152048c13000 of size 3584 next 878
2025-11-07 21:40:31.528243: I external/local_xla/xla/tsl/framework/bfc_allocator.cc:1109] InUse at 152048c13e00 of size 3584 next 879
2025-11-07 21:40:31.528250: I external/local_xla/xla/tsl/framework/bfc_allocator.cc:1109] InUse at 152048c14c00 of size 3584 next 880
2025-11-07 21:40:31.528262: I external/local_xla/xla/tsl/framework/bfc_allocator.cc:1109] InUse at 152048c15a00 of size 3584 next 881
2025-11-07 21:40:31.528270: I external/local_xla/xla/tsl/framework/bfc_allocator.cc:1109] InUse at 152048c16800 of size 768 next 882
2025-11-07 21:40:31.528278: I external/local_xla/xla/tsl/framework/bfc_allocator.cc:1109] InUse at 152048c16b00 of size 768 next 883
2025-11-07 21:40:31.528285: I external/local_xla/xla/tsl/framework/bfc_allocator.cc:1109] InUse at 152048c16e00 of size 768 next 884
2025-11-07 21:40:31.528293: I external/local_xla/xla/tsl/framework/bfc_allocator.cc:1109] InUse at 152048c17100 of size 768 next 885
2025-11-07 21:40:31.528301: I external/local_xla/xla/tsl/framework/bfc_allocator.cc:1109] InUse at 152048c17400 of size 768 next 886
2025-11-07 21:40:31.528309: I external/local_xla/xla/tsl/framework/bfc_allocator.cc:1109] InUse at 152048c17700 of size 768 next 887
2025-11-07 21:40:31.528317: I external/local_xla/xla/tsl/framework/bfc_allocator.cc:1109] InUse at 152048c17a00 of size 768 next 888
2025-11-07 21:40:31.528328: I external/local_xla/xla/tsl/framework/bfc_allocator.cc:1109] InUse at 152048c17d00 of size 768 next 889
2025-11-07 21:40:31.528336: I external/local_xla/xla/tsl/framework/bfc_allocator.cc:1109] InUse at 152048c18000 of size 768 next 890
2025-11-07 21:40:31.528344: I external/local_xla/xla/tsl/framework/bfc_allocator.cc:1109] InUse at 152048c18300 of size 768 next 891
2025-11-07 21:40:31.528352: I external/local_xla/xla/tsl/framework/bfc_allocator.cc:1109] InUse at 152048c18600 of size 768 next 892
2025-11-07 21:40:31.528360: I external/local_xla/xla/tsl/framework/bfc_allocator.cc:1109] InUse at 152048c18900 of size 768 next 893
2025-11-07 21:40:31.528368: I external/local_xla/xla/tsl/framework/bfc_allocator.cc:1109] InUse at 152048c18c00 of size 768 next 894
2025-11-07 21:40:31.528376: I external/local_xla/xla/tsl/framework/bfc_allocator.cc:1109] InUse at 152048c18f00 of size 768 next 895
2025-11-07 21:40:31.528384: I external/local_xla/xla/tsl/framework/bfc_allocator.cc:1109] InUse at 152048c19200 of size 768 next 896
2025-11-07 21:40:31.528391: I external/local_xla/xla/tsl/framework/bfc_allocator.cc:1109] InUse at 152048c19500 of size 768 next 897
2025-11-07 21:40:31.528399: I external/local_xla/xla/tsl/framework/bfc_allocator.cc:1109] InUse at 152048c19800 of size 768 next 898
2025-11-07 21:40:31.528407: I external/local_xla/xla/tsl/framework/bfc_allocator.cc:1109] InUse at 152048c19b00 of size 768 next 899
2025-11-07 21:40:31.528415: I external/local_xla/xla/tsl/framework/bfc_allocator.cc:1109] InUse at 152048c19e00 of size 768 next 900
2025-11-07 21:40:31.528423: I external/local_xla/xla/tsl/framework/bfc_allocator.cc:1109] InUse at 152048c1a100 of size 768 next 901
2025-11-07 21:40:31.528431: I external/local_xla/xla/tsl/framework/bfc_allocator.cc:1109] InUse at 152048c1a400 of size 768 next 902
2025-11-07 21:40:31.528438: I external/local_xla/xla/tsl/framework/bfc_allocator.cc:1109] InUse at 152048c1a700 of size 768 next 903
2025-11-07 21:40:31.528446: I external/local_xla/xla/tsl/framework/bfc_allocator.cc:1109] InUse at 152048c1aa00 of size 768 next 904
2025-11-07 21:40:31.528454: I external/local_xla/xla/tsl/framework/bfc_allocator.cc:1109] InUse at 152048c1ad00 of size 768 next 905
2025-11-07 21:40:31.528462: I external/local_xla/xla/tsl/framework/bfc_allocator.cc:1109] InUse at 152048c1b000 of size 768 next 906
2025-11-07 21:40:31.528470: I external/local_xla/xla/tsl/framework/bfc_allocator.cc:1109] InUse at 152048c1b300 of size 768 next 907
2025-11-07 21:40:31.528477: I external/local_xla/xla/tsl/framework/bfc_allocator.cc:1109] InUse at 152048c1b600 of size 768 next 908
2025-11-07 21:40:31.528485: I external/local_xla/xla/tsl/framework/bfc_allocator.cc:1109] InUse at 152048c1b900 of size 768 next 909
2025-11-07 21:40:31.528493: I external/local_xla/xla/tsl/framework/bfc_allocator.cc:1109] InUse at 152048c1bc00 of size 768 next 910
2025-11-07 21:40:31.528501: I external/local_xla/xla/tsl/framework/bfc_allocator.cc:1109] InUse at 152048c1bf00 of size 768 next 911
2025-11-07 21:40:31.528508: I external/local_xla/xla/tsl/framework/bfc_allocator.cc:1109] InUse at 152048c1c200 of size 13824 next 912
2025-11-07 21:40:31.528516: I external/local_xla/xla/tsl/framework/bfc_allocator.cc:1109] InUse at 152048c1f800 of size 13824 next 913
2025-11-07 21:40:31.528524: I external/local_xla/xla/tsl/framework/bfc_allocator.cc:1109] InUse at 152048c22e00 of size 13824 next 914
2025-11-07 21:40:31.528532: I external/local_xla/xla/tsl/framework/bfc_allocator.cc:1109] InUse at 152048c26400 of size 13824 next 915
2025-11-07 21:40:31.528540: I external/local_xla/xla/tsl/framework/bfc_allocator.cc:1109] InUse at 152048c29a00 of size 13824 next 916
2025-11-07 21:40:31.528547: I external/local_xla/xla/tsl/framework/bfc_allocator.cc:1109] InUse at 152048c2d000 of size 13824 next 917
2025-11-07 21:40:31.528555: I external/local_xla/xla/tsl/framework/bfc_allocator.cc:1109] InUse at 152048c30600 of size 512 next 918
2025-11-07 21:40:31.528563: I external/local_xla/xla/tsl/framework/bfc_allocator.cc:1109] InUse at 152048c30800 of size 512 next 919
2025-11-07 21:40:31.528578: I external/local_xla/xla/tsl/framework/bfc_allocator.cc:1109] InUse at 152048c30a00 of size 512 next 920
2025-11-07 21:40:31.528587: I external/local_xla/xla/tsl/framework/bfc_allocator.cc:1109] InUse at 152048c30c00 of size 512 next 921
2025-11-07 21:40:31.528595: I external/local_xla/xla/tsl/framework/bfc_allocator.cc:1109] InUse at 152048c30e00 of size 512 next 922
2025-11-07 21:40:31.528603: I external/local_xla/xla/tsl/framework/bfc_allocator.cc:1109] InUse at 152048c31000 of size 512 next 923
2025-11-07 21:40:31.528610: I external/local_xla/xla/tsl/framework/bfc_allocator.cc:1109] InUse at 152048c31200 of size 512 next 924
2025-11-07 21:40:31.528618: I external/local_xla/xla/tsl/framework/bfc_allocator.cc:1109] InUse at 152048c31400 of size 512 next 925
2025-11-07 21:40:31.528626: I external/local_xla/xla/tsl/framework/bfc_allocator.cc:1109] InUse at 152048c31600 of size 512 next 926
2025-11-07 21:40:31.528634: I external/local_xla/xla/tsl/framework/bfc_allocator.cc:1109] InUse at 152048c31800 of size 512 next 927
2025-11-07 21:40:31.528642: I external/local_xla/xla/tsl/framework/bfc_allocator.cc:1109] InUse at 152048c31a00 of size 512 next 928
2025-11-07 21:40:31.528650: I external/local_xla/xla/tsl/framework/bfc_allocator.cc:1109] InUse at 152048c31c00 of size 512 next 929
2025-11-07 21:40:31.528657: I external/local_xla/xla/tsl/framework/bfc_allocator.cc:1109] InUse at 152048c31e00 of size 512 next 930
2025-11-07 21:40:31.528665: I external/local_xla/xla/tsl/framework/bfc_allocator.cc:1109] InUse at 152048c32000 of size 512 next 931
2025-11-07 21:40:31.528673: I external/local_xla/xla/tsl/framework/bfc_allocator.cc:1109] InUse at 152048c32200 of size 512 next 932
2025-11-07 21:40:31.528681: I external/local_xla/xla/tsl/framework/bfc_allocator.cc:1109] InUse at 152048c32400 of size 512 next 933
2025-11-07 21:40:31.528689: I external/local_xla/xla/tsl/framework/bfc_allocator.cc:1109] InUse at 152048c32600 of size 512 next 934
2025-11-07 21:40:31.528697: I external/local_xla/xla/tsl/framework/bfc_allocator.cc:1109] InUse at 152048c32800 of size 512 next 935
2025-11-07 21:40:31.528705: I external/local_xla/xla/tsl/framework/bfc_allocator.cc:1109] InUse at 152048c32a00 of size 2048 next 936
2025-11-07 21:40:31.528713: I external/local_xla/xla/tsl/framework/bfc_allocator.cc:1109] InUse at 152048c33200 of size 2048 next 937
2025-11-07 21:40:31.528720: I external/local_xla/xla/tsl/framework/bfc_allocator.cc:1109] InUse at 152048c33a00 of size 2048 next 938
2025-11-07 21:40:31.528728: I external/local_xla/xla/tsl/framework/bfc_allocator.cc:1109] InUse at 152048c34200 of size 2048 next 939
2025-11-07 21:40:31.528736: I external/local_xla/xla/tsl/framework/bfc_allocator.cc:1109] InUse at 152048c34a00 of size 2048 next 940
2025-11-07 21:40:31.528744: I external/local_xla/xla/tsl/framework/bfc_allocator.cc:1109] InUse at 152048c35200 of size 2048 next 941
2025-11-07 21:40:31.528751: I external/local_xla/xla/tsl/framework/bfc_allocator.cc:1109] InUse at 152048c35a00 of size 2048 next 942
2025-11-07 21:40:31.528759: I external/local_xla/xla/tsl/framework/bfc_allocator.cc:1109] InUse at 152048c36200 of size 2048 next 943
2025-11-07 21:40:31.528767: I external/local_xla/xla/tsl/framework/bfc_allocator.cc:1109] InUse at 152048c36a00 of size 2048 next 944
2025-11-07 21:40:31.528775: I external/local_xla/xla/tsl/framework/bfc_allocator.cc:1109] InUse at 152048c37200 of size 2048 next 945
2025-11-07 21:40:31.528783: I external/local_xla/xla/tsl/framework/bfc_allocator.cc:1109] InUse at 152048c37a00 of size 2048 next 946
2025-11-07 21:40:31.528791: I external/local_xla/xla/tsl/framework/bfc_allocator.cc:1109] InUse at 152048c38200 of size 2048 next 947
2025-11-07 21:40:31.528799: I external/local_xla/xla/tsl/framework/bfc_allocator.cc:1109] InUse at 152048c38a00 of size 2048 next 948
2025-11-07 21:40:31.528807: I external/local_xla/xla/tsl/framework/bfc_allocator.cc:1109] InUse at 152048c39200 of size 2048 next 949
2025-11-07 21:40:31.528815: I external/local_xla/xla/tsl/framework/bfc_allocator.cc:1109] InUse at 152048c39a00 of size 2048 next 950
2025-11-07 21:40:31.528826: I external/local_xla/xla/tsl/framework/bfc_allocator.cc:1109] InUse at 152048c3a200 of size 2048 next 951
2025-11-07 21:40:31.528835: I external/local_xla/xla/tsl/framework/bfc_allocator.cc:1109] InUse at 152048c3aa00 of size 2048 next 952
2025-11-07 21:40:31.528843: I external/local_xla/xla/tsl/framework/bfc_allocator.cc:1109] InUse at 152048c3b200 of size 2048 next 953
2025-11-07 21:40:31.528851: I external/local_xla/xla/tsl/framework/bfc_allocator.cc:1109] InUse at 152048c3ba00 of size 2048 next 954
2025-11-07 21:40:31.528858: I external/local_xla/xla/tsl/framework/bfc_allocator.cc:1109] InUse at 152048c3c200 of size 2048 next 955
2025-11-07 21:40:31.528866: I external/local_xla/xla/tsl/framework/bfc_allocator.cc:1109] InUse at 152048c3ca00 of size 2048 next 956
2025-11-07 21:40:31.528874: I external/local_xla/xla/tsl/framework/bfc_allocator.cc:1109] InUse at 152048c3d200 of size 2048 next 957
2025-11-07 21:40:31.528882: I external/local_xla/xla/tsl/framework/bfc_allocator.cc:1109] InUse at 152048c3da00 of size 2048 next 958
2025-11-07 21:40:31.528890: I external/local_xla/xla/tsl/framework/bfc_allocator.cc:1109] InUse at 152048c3e200 of size 2048 next 959
2025-11-07 21:40:31.528898: I external/local_xla/xla/tsl/framework/bfc_allocator.cc:1109] InUse at 152048c3ea00 of size 2048 next 960
2025-11-07 21:40:31.528906: I external/local_xla/xla/tsl/framework/bfc_allocator.cc:1109] InUse at 152048c3f200 of size 2048 next 961
2025-11-07 21:40:31.528914: I external/local_xla/xla/tsl/framework/bfc_allocator.cc:1109] InUse at 152048c3fa00 of size 2048 next 962
2025-11-07 21:40:31.528922: I external/local_xla/xla/tsl/framework/bfc_allocator.cc:1109] InUse at 152048c40200 of size 2048 next 963
2025-11-07 21:40:31.528930: I external/local_xla/xla/tsl/framework/bfc_allocator.cc:1109] InUse at 152048c40a00 of size 2048 next 964
2025-11-07 21:40:31.528938: I external/local_xla/xla/tsl/framework/bfc_allocator.cc:1109] InUse at 152048c41200 of size 2048 next 965
2025-11-07 21:40:31.528946: I external/local_xla/xla/tsl/framework/bfc_allocator.cc:1109] InUse at 152048c41a00 of size 2048 next 966
2025-11-07 21:40:31.528954: I external/local_xla/xla/tsl/framework/bfc_allocator.cc:1109] InUse at 152048c42200 of size 2048 next 967
2025-11-07 21:40:31.528962: I external/local_xla/xla/tsl/framework/bfc_allocator.cc:1109] InUse at 152048c42a00 of size 2048 next 968
2025-11-07 21:40:31.528970: I external/local_xla/xla/tsl/framework/bfc_allocator.cc:1109] InUse at 152048c43200 of size 2048 next 969
2025-11-07 21:40:31.528977: I external/local_xla/xla/tsl/framework/bfc_allocator.cc:1109] InUse at 152048c43a00 of size 2048 next 970
2025-11-07 21:40:31.528985: I external/local_xla/xla/tsl/framework/bfc_allocator.cc:1109] InUse at 152048c44200 of size 2048 next 971
2025-11-07 21:40:31.528993: I external/local_xla/xla/tsl/framework/bfc_allocator.cc:1109] InUse at 152048c44a00 of size 2048 next 972
2025-11-07 21:40:31.529001: I external/local_xla/xla/tsl/framework/bfc_allocator.cc:1109] InUse at 152048c45200 of size 2048 next 973
2025-11-07 21:40:31.529009: I external/local_xla/xla/tsl/framework/bfc_allocator.cc:1109] InUse at 152048c45a00 of size 2048 next 974
2025-11-07 21:40:31.529017: I external/local_xla/xla/tsl/framework/bfc_allocator.cc:1109] InUse at 152048c46200 of size 2048 next 975
2025-11-07 21:40:31.529025: I external/local_xla/xla/tsl/framework/bfc_allocator.cc:1109] InUse at 152048c46a00 of size 256 next 976
2025-11-07 21:40:31.529033: I external/local_xla/xla/tsl/framework/bfc_allocator.cc:1109] InUse at 152048c46b00 of size 256 next 977
2025-11-07 21:40:31.529041: I external/local_xla/xla/tsl/framework/bfc_allocator.cc:1109] InUse at 152048c46c00 of size 256 next 978
2025-11-07 21:40:31.529049: I external/local_xla/xla/tsl/framework/bfc_allocator.cc:1109] InUse at 152048c46d00 of size 256 next 979
2025-11-07 21:40:31.529057: I external/local_xla/xla/tsl/framework/bfc_allocator.cc:1109] InUse at 152048c46e00 of size 256 next 980
2025-11-07 21:40:31.529068: I external/local_xla/xla/tsl/framework/bfc_allocator.cc:1109] InUse at 152048c46f00 of size 256 next 981
2025-11-07 21:40:31.529076: I external/local_xla/xla/tsl/framework/bfc_allocator.cc:1109] InUse at 152048c47000 of size 256 next 982
2025-11-07 21:40:31.529084: I external/local_xla/xla/tsl/framework/bfc_allocator.cc:1109] InUse at 152048c47100 of size 256 next 983
2025-11-07 21:40:31.529092: I external/local_xla/xla/tsl/framework/bfc_allocator.cc:1109] InUse at 152048c47200 of size 1024 next 984
2025-11-07 21:40:31.529100: I external/local_xla/xla/tsl/framework/bfc_allocator.cc:1109] InUse at 152048c47600 of size 1024 next 985
2025-11-07 21:40:31.529108: I external/local_xla/xla/tsl/framework/bfc_allocator.cc:1109] InUse at 152048c47a00 of size 1024 next 986
2025-11-07 21:40:31.529116: I external/local_xla/xla/tsl/framework/bfc_allocator.cc:1109] InUse at 152048c47e00 of size 1024 next 987
2025-11-07 21:40:31.529124: I external/local_xla/xla/tsl/framework/bfc_allocator.cc:1109] InUse at 152048c48200 of size 1024 next 988
2025-11-07 21:40:31.529137: I external/local_xla/xla/tsl/framework/bfc_allocator.cc:1109] InUse at 152048c48600 of size 1024 next 989
2025-11-07 21:40:31.529146: I external/local_xla/xla/tsl/framework/bfc_allocator.cc:1109] InUse at 152048c48a00 of size 1024 next 990
2025-11-07 21:40:31.529153: I external/local_xla/xla/tsl/framework/bfc_allocator.cc:1109] InUse at 152048c48e00 of size 1024 next 991
2025-11-07 21:40:31.529161: I external/local_xla/xla/tsl/framework/bfc_allocator.cc:1109] InUse at 152048c49200 of size 1024 next 992
2025-11-07 21:40:31.529169: I external/local_xla/xla/tsl/framework/bfc_allocator.cc:1109] InUse at 152048c49600 of size 1024 next 993
2025-11-07 21:40:31.529177: I external/local_xla/xla/tsl/framework/bfc_allocator.cc:1109] InUse at 152048c49a00 of size 1024 next 994
2025-11-07 21:40:31.529185: I external/local_xla/xla/tsl/framework/bfc_allocator.cc:1109] InUse at 152048c49e00 of size 1024 next 995
2025-11-07 21:40:31.529193: I external/local_xla/xla/tsl/framework/bfc_allocator.cc:1109] InUse at 152048c4a200 of size 1024 next 996
2025-11-07 21:40:31.529201: I external/local_xla/xla/tsl/framework/bfc_allocator.cc:1109] InUse at 152048c4a600 of size 1024 next 997
2025-11-07 21:40:31.529209: I external/local_xla/xla/tsl/framework/bfc_allocator.cc:1109] InUse at 152048c4aa00 of size 1024 next 998
2025-11-07 21:40:31.529216: I external/local_xla/xla/tsl/framework/bfc_allocator.cc:1109] InUse at 152048c4ae00 of size 1024 next 999
2025-11-07 21:40:31.529224: I external/local_xla/xla/tsl/framework/bfc_allocator.cc:1109] InUse at 152048c4b200 of size 1024 next 1000
2025-11-07 21:40:31.529232: I external/local_xla/xla/tsl/framework/bfc_allocator.cc:1109] InUse at 152048c4b600 of size 1024 next 1001
2025-11-07 21:40:31.529240: I external/local_xla/xla/tsl/framework/bfc_allocator.cc:1109] InUse at 152048c4ba00 of size 1024 next 1002
2025-11-07 21:40:31.529248: I external/local_xla/xla/tsl/framework/bfc_allocator.cc:1109] InUse at 152048c4be00 of size 1024 next 1003
2025-11-07 21:40:31.529255: I external/local_xla/xla/tsl/framework/bfc_allocator.cc:1109] InUse at 152048c4c200 of size 1024 next 1004
2025-11-07 21:40:31.529264: I external/local_xla/xla/tsl/framework/bfc_allocator.cc:1109] InUse at 152048c4c600 of size 1024 next 1005
2025-11-07 21:40:31.529272: I external/local_xla/xla/tsl/framework/bfc_allocator.cc:1109] InUse at 152048c4ca00 of size 1024 next 1006
2025-11-07 21:40:31.529279: I external/local_xla/xla/tsl/framework/bfc_allocator.cc:1109] InUse at 152048c4ce00 of size 1024 next 1007
2025-11-07 21:40:31.529287: I external/local_xla/xla/tsl/framework/bfc_allocator.cc:1109] InUse at 152048c4d200 of size 1024 next 1008
2025-11-07 21:40:31.529295: I external/local_xla/xla/tsl/framework/bfc_allocator.cc:1109] InUse at 152048c4d600 of size 1024 next 1009
2025-11-07 21:40:31.529303: I external/local_xla/xla/tsl/framework/bfc_allocator.cc:1109] InUse at 152048c4da00 of size 1024 next 1010
2025-11-07 21:40:31.529311: I external/local_xla/xla/tsl/framework/bfc_allocator.cc:1109] InUse at 152048c4de00 of size 1024 next 1011
2025-11-07 21:40:31.529322: I external/local_xla/xla/tsl/framework/bfc_allocator.cc:1109] InUse at 152048c4e200 of size 1024 next 1012
2025-11-07 21:40:31.529331: I external/local_xla/xla/tsl/framework/bfc_allocator.cc:1109] InUse at 152048c4e600 of size 1024 next 1013
2025-11-07 21:40:31.529339: I external/local_xla/xla/tsl/framework/bfc_allocator.cc:1109] InUse at 152048c4ea00 of size 2816 next 1014
2025-11-07 21:40:31.529346: I external/local_xla/xla/tsl/framework/bfc_allocator.cc:1109] InUse at 152048c4f500 of size 2816 next 1015
2025-11-07 21:40:31.529354: I external/local_xla/xla/tsl/framework/bfc_allocator.cc:1109] InUse at 152048c50000 of size 2816 next 1016
2025-11-07 21:40:31.529362: I external/local_xla/xla/tsl/framework/bfc_allocator.cc:1109] InUse at 152048c50b00 of size 2816 next 1017
2025-11-07 21:40:31.529370: I external/local_xla/xla/tsl/framework/bfc_allocator.cc:1109] InUse at 152048c51600 of size 2816 next 1018
2025-11-07 21:40:31.529378: I external/local_xla/xla/tsl/framework/bfc_allocator.cc:1109] InUse at 152048c52100 of size 2816 next 1019
2025-11-07 21:40:31.529386: I external/local_xla/xla/tsl/framework/bfc_allocator.cc:1109] InUse at 152048c52c00 of size 2816 next 1020
2025-11-07 21:40:31.529394: I external/local_xla/xla/tsl/framework/bfc_allocator.cc:1109] InUse at 152048c53700 of size 2816 next 1021
2025-11-07 21:40:31.529402: I external/local_xla/xla/tsl/framework/bfc_allocator.cc:1109] InUse at 152048c54200 of size 2816 next 1022
2025-11-07 21:40:31.529410: I external/local_xla/xla/tsl/framework/bfc_allocator.cc:1109] InUse at 152048c54d00 of size 2816 next 1023
2025-11-07 21:40:31.529417: I external/local_xla/xla/tsl/framework/bfc_allocator.cc:1109] InUse at 152048c55800 of size 2816 next 1024
2025-11-07 21:40:31.529425: I external/local_xla/xla/tsl/framework/bfc_allocator.cc:1109] InUse at 152048c56300 of size 2816 next 1025
2025-11-07 21:40:31.529433: I external/local_xla/xla/tsl/framework/bfc_allocator.cc:1109] InUse at 152048c56e00 of size 2816 next 1026
2025-11-07 21:40:31.529441: I external/local_xla/xla/tsl/framework/bfc_allocator.cc:1109] InUse at 152048c57900 of size 2816 next 1027
2025-11-07 21:40:31.529449: I external/local_xla/xla/tsl/framework/bfc_allocator.cc:1109] InUse at 152048c58400 of size 2816 next 1028
2025-11-07 21:40:31.529457: I external/local_xla/xla/tsl/framework/bfc_allocator.cc:1109] InUse at 152048c58f00 of size 2816 next 1029
2025-11-07 21:40:31.529465: I external/local_xla/xla/tsl/framework/bfc_allocator.cc:1109] InUse at 152048c59a00 of size 2816 next 1030
2025-11-07 21:40:31.529473: I external/local_xla/xla/tsl/framework/bfc_allocator.cc:1109] InUse at 152048c5a500 of size 2816 next 1031
2025-11-07 21:40:31.529481: I external/local_xla/xla/tsl/framework/bfc_allocator.cc:1109] InUse at 152048c5b000 of size 2816 next 1032
2025-11-07 21:40:31.529488: I external/local_xla/xla/tsl/framework/bfc_allocator.cc:1109] InUse at 152048c5bb00 of size 2816 next 1033
2025-11-07 21:40:31.529496: I external/local_xla/xla/tsl/framework/bfc_allocator.cc:1109] InUse at 152048c5c600 of size 2816 next 1034
2025-11-07 21:40:31.529504: I external/local_xla/xla/tsl/framework/bfc_allocator.cc:1109] InUse at 152048c5d100 of size 2816 next 1035
2025-11-07 21:40:31.529512: I external/local_xla/xla/tsl/framework/bfc_allocator.cc:1109] InUse at 152048c5dc00 of size 2816 next 1036
2025-11-07 21:40:31.529520: I external/local_xla/xla/tsl/framework/bfc_allocator.cc:1109] InUse at 152048c5e700 of size 2816 next 1037
2025-11-07 21:40:31.529528: I external/local_xla/xla/tsl/framework/bfc_allocator.cc:1109] InUse at 152048c5f200 of size 2816 next 1038
2025-11-07 21:40:31.529536: I external/local_xla/xla/tsl/framework/bfc_allocator.cc:1109] InUse at 152048c5fd00 of size 2816 next 1039
2025-11-07 21:40:31.529544: I external/local_xla/xla/tsl/framework/bfc_allocator.cc:1109] InUse at 152048c60800 of size 2816 next 1040
2025-11-07 21:40:31.529552: I external/local_xla/xla/tsl/framework/bfc_allocator.cc:1109] InUse at 152048c61300 of size 2816 next 1041
2025-11-07 21:40:31.529563: I external/local_xla/xla/tsl/framework/bfc_allocator.cc:1109] InUse at 152048c61e00 of size 2816 next 1042
2025-11-07 21:40:31.529571: I external/local_xla/xla/tsl/framework/bfc_allocator.cc:1109] InUse at 152048c62900 of size 2816 next 1043
2025-11-07 21:40:31.529579: I external/local_xla/xla/tsl/framework/bfc_allocator.cc:1109] InUse at 152048c63400 of size 2816 next 1044
2025-11-07 21:40:31.529587: I external/local_xla/xla/tsl/framework/bfc_allocator.cc:1109] InUse at 152048c63f00 of size 2816 next 1045
2025-11-07 21:40:31.529595: I external/local_xla/xla/tsl/framework/bfc_allocator.cc:1109] InUse at 152048c64a00 of size 2816 next 1046
2025-11-07 21:40:31.529603: I external/local_xla/xla/tsl/framework/bfc_allocator.cc:1109] InUse at 152048c65500 of size 2816 next 1047
2025-11-07 21:40:31.529610: I external/local_xla/xla/tsl/framework/bfc_allocator.cc:1109] InUse at 152048c66000 of size 2816 next 1048
2025-11-07 21:40:31.529618: I external/local_xla/xla/tsl/framework/bfc_allocator.cc:1109] InUse at 152048c66b00 of size 2816 next 1049
2025-11-07 21:40:31.529626: I external/local_xla/xla/tsl/framework/bfc_allocator.cc:1109] InUse at 152048c67600 of size 2816 next 1050
2025-11-07 21:40:31.529634: I external/local_xla/xla/tsl/framework/bfc_allocator.cc:1109] InUse at 152048c68100 of size 2816 next 1051
2025-11-07 21:40:31.529642: I external/local_xla/xla/tsl/framework/bfc_allocator.cc:1109] InUse at 152048c68c00 of size 2816 next 1052
2025-11-07 21:40:31.529649: I external/local_xla/xla/tsl/framework/bfc_allocator.cc:1109] InUse at 152048c69700 of size 2816 next 1053
2025-11-07 21:40:31.529657: I external/local_xla/xla/tsl/framework/bfc_allocator.cc:1109] InUse at 152048c6a200 of size 301056 next 1054
2025-11-07 21:40:31.529668: I external/local_xla/xla/tsl/framework/bfc_allocator.cc:1109] InUse at 152048cb3a00 of size 301056 next 1055
2025-11-07 21:40:31.529676: I external/local_xla/xla/tsl/framework/bfc_allocator.cc:1109] InUse at 152048cfd200 of size 301056 next 1056
2025-11-07 21:40:31.529684: I external/local_xla/xla/tsl/framework/bfc_allocator.cc:1109] InUse at 152048d46a00 of size 301056 next 1057
2025-11-07 21:40:31.529691: I external/local_xla/xla/tsl/framework/bfc_allocator.cc:1109] InUse at 152048d90200 of size 301056 next 1058
2025-11-07 21:40:31.529699: I external/local_xla/xla/tsl/framework/bfc_allocator.cc:1109] InUse at 152048dd9a00 of size 301056 next 1059
2025-11-07 21:40:31.529707: I external/local_xla/xla/tsl/framework/bfc_allocator.cc:1109] InUse at 152048e23200 of size 301056 next 1060
2025-11-07 21:40:31.529715: I external/local_xla/xla/tsl/framework/bfc_allocator.cc:1109] InUse at 152048e6ca00 of size 301056 next 1061
2025-11-07 21:40:31.529723: I external/local_xla/xla/tsl/framework/bfc_allocator.cc:1109] InUse at 152048eb6200 of size 256 next 1063
2025-11-07 21:40:31.529731: I external/local_xla/xla/tsl/framework/bfc_allocator.cc:1109] InUse at 152048eb6300 of size 512 next 1064
2025-11-07 21:40:31.529739: I external/local_xla/xla/tsl/framework/bfc_allocator.cc:1109] InUse at 152048eb6500 of size 8192 next 1073
2025-11-07 21:40:31.529746: I external/local_xla/xla/tsl/framework/bfc_allocator.cc:1109] InUse at 152048eb8500 of size 256 next 1072
2025-11-07 21:40:31.529754: I external/local_xla/xla/tsl/framework/bfc_allocator.cc:1109] InUse at 152048eb8600 of size 256 next 1070
2025-11-07 21:40:31.529762: I external/local_xla/xla/tsl/framework/bfc_allocator.cc:1109] Free  at 152048eb8700 of size 51673344 next 18446744073709551615
2025-11-07 21:40:31.529770: I external/local_xla/xla/tsl/framework/bfc_allocator.cc:1089] Next region of size 33554432
2025-11-07 21:40:31.529778: I external/local_xla/xla/tsl/framework/bfc_allocator.cc:1109] InUse at 15208e000000 of size 614400 next 498
2025-11-07 21:40:31.529786: I external/local_xla/xla/tsl/framework/bfc_allocator.cc:1109] InUse at 15208e096000 of size 9216 next 541
2025-11-07 21:40:31.529794: I external/local_xla/xla/tsl/framework/bfc_allocator.cc:1109] InUse at 15208e098400 of size 1024 next 542
2025-11-07 21:40:31.529805: I external/local_xla/xla/tsl/framework/bfc_allocator.cc:1109] InUse at 15208e098800 of size 604160 next 500
2025-11-07 21:40:31.529813: I external/local_xla/xla/tsl/framework/bfc_allocator.cc:1109] InUse at 15208e12c000 of size 516096 next 364
2025-11-07 21:40:31.529821: I external/local_xla/xla/tsl/framework/bfc_allocator.cc:1109] InUse at 15208e1aa000 of size 3170304 next 489
2025-11-07 21:40:31.529829: I external/local_xla/xla/tsl/framework/bfc_allocator.cc:1109] InUse at 15208e4b0000 of size 2457600 next 502
2025-11-07 21:40:31.529838: I external/local_xla/xla/tsl/framework/bfc_allocator.cc:1109] InUse at 15208e708000 of size 2457600 next 503
2025-11-07 21:40:31.529846: I external/local_xla/xla/tsl/framework/bfc_allocator.cc:1109] InUse at 15208e960000 of size 2457600 next 544
2025-11-07 21:40:31.529853: I external/local_xla/xla/tsl/framework/bfc_allocator.cc:1109] InUse at 15208ebb8000 of size 2457600 next 547
2025-11-07 21:40:31.529861: I external/local_xla/xla/tsl/framework/bfc_allocator.cc:1109] InUse at 15208ee10000 of size 1638400 next 548
2025-11-07 21:40:31.529872: I external/local_xla/xla/tsl/framework/bfc_allocator.cc:1109] InUse at 15208efa0000 of size 655360 next 549
2025-11-07 21:40:31.529880: I external/local_xla/xla/tsl/framework/bfc_allocator.cc:1109] InUse at 15208f040000 of size 884736 next 565
2025-11-07 21:40:31.529888: I external/local_xla/xla/tsl/framework/bfc_allocator.cc:1109] InUse at 15208f118000 of size 884736 next 566
2025-11-07 21:40:31.529896: I external/local_xla/xla/tsl/framework/bfc_allocator.cc:1109] InUse at 15208f1f0000 of size 884736 next 567
2025-11-07 21:40:31.529904: I external/local_xla/xla/tsl/framework/bfc_allocator.cc:1109] InUse at 15208f2c8000 of size 884736 next 568
2025-11-07 21:40:31.529911: I external/local_xla/xla/tsl/framework/bfc_allocator.cc:1109] InUse at 15208f3a0000 of size 884736 next 569
2025-11-07 21:40:31.529919: I external/local_xla/xla/tsl/framework/bfc_allocator.cc:1109] InUse at 15208f478000 of size 884736 next 570
2025-11-07 21:40:31.529927: I external/local_xla/xla/tsl/framework/bfc_allocator.cc:1109] InUse at 15208f550000 of size 884736 next 571
2025-11-07 21:40:31.529935: I external/local_xla/xla/tsl/framework/bfc_allocator.cc:1109] InUse at 15208f628000 of size 884736 next 572
2025-11-07 21:40:31.529943: I external/local_xla/xla/tsl/framework/bfc_allocator.cc:1109] InUse at 15208f700000 of size 221184 next 584
2025-11-07 21:40:31.529951: I external/local_xla/xla/tsl/framework/bfc_allocator.cc:1109] InUse at 15208f736000 of size 221184 next 585
2025-11-07 21:40:31.529959: I external/local_xla/xla/tsl/framework/bfc_allocator.cc:1109] InUse at 15208f76c000 of size 221184 next 586
2025-11-07 21:40:31.529966: I external/local_xla/xla/tsl/framework/bfc_allocator.cc:1109] InUse at 15208f7a2000 of size 221184 next 587
2025-11-07 21:40:31.529974: I external/local_xla/xla/tsl/framework/bfc_allocator.cc:1109] InUse at 15208f7d8000 of size 221184 next 588
2025-11-07 21:40:31.529982: I external/local_xla/xla/tsl/framework/bfc_allocator.cc:1109] InUse at 15208f80e000 of size 221184 next 589
2025-11-07 21:40:31.529990: I external/local_xla/xla/tsl/framework/bfc_allocator.cc:1109] InUse at 15208f844000 of size 221184 next 590
2025-11-07 21:40:31.529997: I external/local_xla/xla/tsl/framework/bfc_allocator.cc:1109] InUse at 15208f87a000 of size 221184 next 591
2025-11-07 21:40:31.530005: I external/local_xla/xla/tsl/framework/bfc_allocator.cc:1109] InUse at 15208f8b0000 of size 1280 next 592
2025-11-07 21:40:31.530013: I external/local_xla/xla/tsl/framework/bfc_allocator.cc:1109] InUse at 15208f8b0500 of size 1280 next 593
2025-11-07 21:40:31.530021: I external/local_xla/xla/tsl/framework/bfc_allocator.cc:1109] InUse at 15208f8b0a00 of size 1280 next 594
2025-11-07 21:40:31.530029: I external/local_xla/xla/tsl/framework/bfc_allocator.cc:1109] InUse at 15208f8b0f00 of size 1280 next 595
2025-11-07 21:40:31.530037: I external/local_xla/xla/tsl/framework/bfc_allocator.cc:1109] InUse at 15208f8b1400 of size 1280 next 596
2025-11-07 21:40:31.530044: I external/local_xla/xla/tsl/framework/bfc_allocator.cc:1109] InUse at 15208f8b1900 of size 1280 next 597
2025-11-07 21:40:31.530055: I external/local_xla/xla/tsl/framework/bfc_allocator.cc:1109] InUse at 15208f8b1e00 of size 1280 next 598
2025-11-07 21:40:31.530063: I external/local_xla/xla/tsl/framework/bfc_allocator.cc:1109] InUse at 15208f8b2300 of size 1280 next 599
2025-11-07 21:40:31.530071: I external/local_xla/xla/tsl/framework/bfc_allocator.cc:1109] InUse at 15208f8b2800 of size 221184 next 600
2025-11-07 21:40:31.530079: I external/local_xla/xla/tsl/framework/bfc_allocator.cc:1109] InUse at 15208f8e8800 of size 221184 next 601
2025-11-07 21:40:31.530087: I external/local_xla/xla/tsl/framework/bfc_allocator.cc:1109] InUse at 15208f91e800 of size 221184 next 602
2025-11-07 21:40:31.530095: I external/local_xla/xla/tsl/framework/bfc_allocator.cc:1109] InUse at 15208f954800 of size 221184 next 603
2025-11-07 21:40:31.530103: I external/local_xla/xla/tsl/framework/bfc_allocator.cc:1109] InUse at 15208f98a800 of size 221184 next 604
2025-11-07 21:40:31.530111: I external/local_xla/xla/tsl/framework/bfc_allocator.cc:1109] InUse at 15208f9c0800 of size 221184 next 605
2025-11-07 21:40:31.530118: I external/local_xla/xla/tsl/framework/bfc_allocator.cc:1109] InUse at 15208f9f6800 of size 221184 next 606
2025-11-07 21:40:31.530126: I external/local_xla/xla/tsl/framework/bfc_allocator.cc:1109] InUse at 15208fa2c800 of size 221184 next 607
2025-11-07 21:40:31.530140: I external/local_xla/xla/tsl/framework/bfc_allocator.cc:1109] InUse at 15208fa62800 of size 221184 next 608
2025-11-07 21:40:31.530148: I external/local_xla/xla/tsl/framework/bfc_allocator.cc:1109] InUse at 15208fa98800 of size 221184 next 609
2025-11-07 21:40:31.530156: I external/local_xla/xla/tsl/framework/bfc_allocator.cc:1109] InUse at 15208face800 of size 7680 next 610
2025-11-07 21:40:31.530163: I external/local_xla/xla/tsl/framework/bfc_allocator.cc:1109] InUse at 15208fad0600 of size 7680 next 611
2025-11-07 21:40:31.530171: I external/local_xla/xla/tsl/framework/bfc_allocator.cc:1109] InUse at 15208fad2400 of size 7680 next 612
2025-11-07 21:40:31.530179: I external/local_xla/xla/tsl/framework/bfc_allocator.cc:1109] InUse at 15208fad4200 of size 7680 next 613
2025-11-07 21:40:31.530187: I external/local_xla/xla/tsl/framework/bfc_allocator.cc:1109] InUse at 15208fad6000 of size 7680 next 614
2025-11-07 21:40:31.530194: I external/local_xla/xla/tsl/framework/bfc_allocator.cc:1109] InUse at 15208fad7e00 of size 7680 next 615
2025-11-07 21:40:31.530202: I external/local_xla/xla/tsl/framework/bfc_allocator.cc:1109] InUse at 15208fad9c00 of size 7680 next 616
2025-11-07 21:40:31.530210: I external/local_xla/xla/tsl/framework/bfc_allocator.cc:1109] InUse at 15208fadba00 of size 7680 next 617
2025-11-07 21:40:31.530218: I external/local_xla/xla/tsl/framework/bfc_allocator.cc:1109] InUse at 15208fadd800 of size 7680 next 618
2025-11-07 21:40:31.530225: I external/local_xla/xla/tsl/framework/bfc_allocator.cc:1109] InUse at 15208fadf600 of size 7680 next 619
2025-11-07 21:40:31.530233: I external/local_xla/xla/tsl/framework/bfc_allocator.cc:1109] InUse at 15208fae1400 of size 301056 next 620
2025-11-07 21:40:31.530241: I external/local_xla/xla/tsl/framework/bfc_allocator.cc:1109] InUse at 15208fb2ac00 of size 301056 next 621
2025-11-07 21:40:31.530249: I external/local_xla/xla/tsl/framework/bfc_allocator.cc:1109] InUse at 15208fb74400 of size 301056 next 622
2025-11-07 21:40:31.530256: I external/local_xla/xla/tsl/framework/bfc_allocator.cc:1109] InUse at 15208fbbdc00 of size 301056 next 623
2025-11-07 21:40:31.530264: I external/local_xla/xla/tsl/framework/bfc_allocator.cc:1109] InUse at 15208fc07400 of size 301056 next 624
2025-11-07 21:40:31.530272: I external/local_xla/xla/tsl/framework/bfc_allocator.cc:1109] InUse at 15208fc50c00 of size 301056 next 625
2025-11-07 21:40:31.530280: I external/local_xla/xla/tsl/framework/bfc_allocator.cc:1109] InUse at 15208fc9a400 of size 153600 next 626
2025-11-07 21:40:31.530288: I external/local_xla/xla/tsl/framework/bfc_allocator.cc:1109] InUse at 15208fcbfc00 of size 153600 next 627
2025-11-07 21:40:31.530299: I external/local_xla/xla/tsl/framework/bfc_allocator.cc:1109] InUse at 15208fce5400 of size 153600 next 628
2025-11-07 21:40:31.530307: I external/local_xla/xla/tsl/framework/bfc_allocator.cc:1109] InUse at 15208fd0ac00 of size 153600 next 629
2025-11-07 21:40:31.530315: I external/local_xla/xla/tsl/framework/bfc_allocator.cc:1109] InUse at 15208fd30400 of size 153600 next 630
2025-11-07 21:40:31.530323: I external/local_xla/xla/tsl/framework/bfc_allocator.cc:1109] InUse at 15208fd55c00 of size 153600 next 631
2025-11-07 21:40:31.530330: I external/local_xla/xla/tsl/framework/bfc_allocator.cc:1109] InUse at 15208fd7b400 of size 884736 next 632
2025-11-07 21:40:31.530338: I external/local_xla/xla/tsl/framework/bfc_allocator.cc:1109] InUse at 15208fe53400 of size 1756160 next 18446744073709551615
2025-11-07 21:40:31.530346: I external/local_xla/xla/tsl/framework/bfc_allocator.cc:1089] Next region of size 16777216
2025-11-07 21:40:31.530354: I external/local_xla/xla/tsl/framework/bfc_allocator.cc:1109] InUse at 152096000000 of size 221184 next 396
2025-11-07 21:40:31.530362: I external/local_xla/xla/tsl/framework/bfc_allocator.cc:1109] InUse at 152096036000 of size 221184 next 398
2025-11-07 21:40:31.530369: I external/local_xla/xla/tsl/framework/bfc_allocator.cc:1109] InUse at 15209606c000 of size 221184 next 416
2025-11-07 21:40:31.530377: I external/local_xla/xla/tsl/framework/bfc_allocator.cc:1109] InUse at 1520960a2000 of size 221184 next 384
2025-11-07 21:40:31.530385: I external/local_xla/xla/tsl/framework/bfc_allocator.cc:1109] InUse at 1520960d8000 of size 884736 next 385
2025-11-07 21:40:31.530393: I external/local_xla/xla/tsl/framework/bfc_allocator.cc:1109] InUse at 1520961b0000 of size 221184 next 418
2025-11-07 21:40:31.530400: I external/local_xla/xla/tsl/framework/bfc_allocator.cc:1109] InUse at 1520961e6000 of size 38400 next 142
2025-11-07 21:40:31.530408: I external/local_xla/xla/tsl/framework/bfc_allocator.cc:1109] InUse at 1520961ef600 of size 76800 next 205
2025-11-07 21:40:31.530416: I external/local_xla/xla/tsl/framework/bfc_allocator.cc:1109] InUse at 152096202200 of size 105984 next 437
2025-11-07 21:40:31.530424: I external/local_xla/xla/tsl/framework/bfc_allocator.cc:1109] InUse at 15209621c000 of size 221184 next 438
2025-11-07 21:40:31.530432: I external/local_xla/xla/tsl/framework/bfc_allocator.cc:1109] InUse at 152096252000 of size 221184 next 400
2025-11-07 21:40:31.530440: I external/local_xla/xla/tsl/framework/bfc_allocator.cc:1109] InUse at 152096288000 of size 884736 next 401
2025-11-07 21:40:31.530447: I external/local_xla/xla/tsl/framework/bfc_allocator.cc:1109] InUse at 152096360000 of size 884736 next 407
2025-11-07 21:40:31.530455: I external/local_xla/xla/tsl/framework/bfc_allocator.cc:1109] InUse at 152096438000 of size 221184 next 455
2025-11-07 21:40:31.530463: I external/local_xla/xla/tsl/framework/bfc_allocator.cc:1109] InUse at 15209646e000 of size 221184 next 471
2025-11-07 21:40:31.530471: I external/local_xla/xla/tsl/framework/bfc_allocator.cc:1109] InUse at 1520964a4000 of size 221184 next 467
2025-11-07 21:40:31.530479: I external/local_xla/xla/tsl/framework/bfc_allocator.cc:1109] InUse at 1520964da000 of size 69120 next 456
2025-11-07 21:40:31.530490: I external/local_xla/xla/tsl/framework/bfc_allocator.cc:1109] InUse at 1520964eae00 of size 152064 next 420
2025-11-07 21:40:31.530498: I external/local_xla/xla/tsl/framework/bfc_allocator.cc:1109] InUse at 152096510000 of size 884736 next 421
2025-11-07 21:40:31.530505: I external/local_xla/xla/tsl/framework/bfc_allocator.cc:1109] InUse at 1520965e8000 of size 884736 next 427
2025-11-07 21:40:31.530513: I external/local_xla/xla/tsl/framework/bfc_allocator.cc:1109] InUse at 1520966c0000 of size 884736 next 440
2025-11-07 21:40:31.530521: I external/local_xla/xla/tsl/framework/bfc_allocator.cc:1109] InUse at 152096798000 of size 884736 next 446
2025-11-07 21:40:31.530529: I external/local_xla/xla/tsl/framework/bfc_allocator.cc:1109] InUse at 152096870000 of size 221184 next 478
2025-11-07 21:40:31.530540: I external/local_xla/xla/tsl/framework/bfc_allocator.cc:1109] InUse at 1520968a6000 of size 215040 next 289
2025-11-07 21:40:31.530548: I external/local_xla/xla/tsl/framework/bfc_allocator.cc:1109] InUse at 1520968da800 of size 448512 next 460
2025-11-07 21:40:31.530557: I external/local_xla/xla/tsl/framework/bfc_allocator.cc:1109] InUse at 152096948000 of size 884736 next 461
2025-11-07 21:40:31.530564: I external/local_xla/xla/tsl/framework/bfc_allocator.cc:1109] InUse at 152096a20000 of size 2457600 next 472
2025-11-07 21:40:31.530572: I external/local_xla/xla/tsl/framework/bfc_allocator.cc:1109] InUse at 152096c78000 of size 614400 next 546
2025-11-07 21:40:31.530580: I external/local_xla/xla/tsl/framework/bfc_allocator.cc:1109] InUse at 152096d0e000 of size 696320 next 242
2025-11-07 21:40:31.530588: I external/local_xla/xla/tsl/framework/bfc_allocator.cc:1109] InUse at 152096db8000 of size 655360 next 283
2025-11-07 21:40:31.530596: I external/local_xla/xla/tsl/framework/bfc_allocator.cc:1109] InUse at 152096e58000 of size 1736704 next 18446744073709551615
2025-11-07 21:40:31.530603: I external/local_xla/xla/tsl/framework/bfc_allocator.cc:1089] Next region of size 2097152
2025-11-07 21:40:31.530611: I external/local_xla/xla/tsl/framework/bfc_allocator.cc:1109] InUse at 1520c5800000 of size 1280 next 1
2025-11-07 21:40:31.530619: I external/local_xla/xla/tsl/framework/bfc_allocator.cc:1109] InUse at 1520c5800500 of size 263424 next 2
2025-11-07 21:40:31.530627: I external/local_xla/xla/tsl/framework/bfc_allocator.cc:1109] InUse at 1520c5840a00 of size 131840 next 3
2025-11-07 21:40:31.530635: I external/local_xla/xla/tsl/framework/bfc_allocator.cc:1109] InUse at 1520c5860d00 of size 256 next 4
2025-11-07 21:40:31.530643: I external/local_xla/xla/tsl/framework/bfc_allocator.cc:1109] InUse at 1520c5860e00 of size 256 next 5
2025-11-07 21:40:31.530651: I external/local_xla/xla/tsl/framework/bfc_allocator.cc:1109] InUse at 1520c5860f00 of size 256 next 6
2025-11-07 21:40:31.530658: I external/local_xla/xla/tsl/framework/bfc_allocator.cc:1109] InUse at 1520c5861000 of size 256 next 7
2025-11-07 21:40:31.530666: I external/local_xla/xla/tsl/framework/bfc_allocator.cc:1109] InUse at 1520c5861100 of size 256 next 8
2025-11-07 21:40:31.530674: I external/local_xla/xla/tsl/framework/bfc_allocator.cc:1109] InUse at 1520c5861200 of size 263424 next 9
2025-11-07 21:40:31.530682: I external/local_xla/xla/tsl/framework/bfc_allocator.cc:1109] InUse at 1520c58a1700 of size 131840 next 10
2025-11-07 21:40:31.530689: I external/local_xla/xla/tsl/framework/bfc_allocator.cc:1109] InUse at 1520c58c1a00 of size 256 next 11
2025-11-07 21:40:31.530697: I external/local_xla/xla/tsl/framework/bfc_allocator.cc:1109] InUse at 1520c58c1b00 of size 1303808 next 18446744073709551615
2025-11-07 21:40:31.530705: I external/local_xla/xla/tsl/framework/bfc_allocator.cc:1089] Next region of size 4194304
2025-11-07 21:40:31.530713: I external/local_xla/xla/tsl/framework/bfc_allocator.cc:1109] InUse at 1520c5a00000 of size 4194304 next 18446744073709551615
2025-11-07 21:40:31.530720: I external/local_xla/xla/tsl/framework/bfc_allocator.cc:1089] Next region of size 8388608
2025-11-07 21:40:31.530728: I external/local_xla/xla/tsl/framework/bfc_allocator.cc:1109] InUse at 1520c7000000 of size 256 next 14
2025-11-07 21:40:31.530739: I external/local_xla/xla/tsl/framework/bfc_allocator.cc:1109] InUse at 1520c7000100 of size 256 next 15
2025-11-07 21:40:31.530747: I external/local_xla/xla/tsl/framework/bfc_allocator.cc:1109] InUse at 1520c7000200 of size 256 next 16
2025-11-07 21:40:31.530755: I external/local_xla/xla/tsl/framework/bfc_allocator.cc:1109] InUse at 1520c7000300 of size 256 next 17
2025-11-07 21:40:31.530763: I external/local_xla/xla/tsl/framework/bfc_allocator.cc:1109] InUse at 1520c7000400 of size 256 next 19
2025-11-07 21:40:31.530770: I external/local_xla/xla/tsl/framework/bfc_allocator.cc:1109] InUse at 1520c7000500 of size 256 next 20
2025-11-07 21:40:31.530778: I external/local_xla/xla/tsl/framework/bfc_allocator.cc:1109] InUse at 1520c7000600 of size 256 next 513
2025-11-07 21:40:31.530789: I external/local_xla/xla/tsl/framework/bfc_allocator.cc:1109] InUse at 1520c7000700 of size 256 next 21
2025-11-07 21:40:31.530797: I external/local_xla/xla/tsl/framework/bfc_allocator.cc:1109] InUse at 1520c7000800 of size 256 next 22
2025-11-07 21:40:31.530805: I external/local_xla/xla/tsl/framework/bfc_allocator.cc:1109] InUse at 1520c7000900 of size 256 next 23
2025-11-07 21:40:31.530813: I external/local_xla/xla/tsl/framework/bfc_allocator.cc:1109] InUse at 1520c7000a00 of size 256 next 24
2025-11-07 21:40:31.530821: I external/local_xla/xla/tsl/framework/bfc_allocator.cc:1109] InUse at 1520c7000b00 of size 256 next 25
2025-11-07 21:40:31.530829: I external/local_xla/xla/tsl/framework/bfc_allocator.cc:1109] InUse at 1520c7000c00 of size 256 next 27
2025-11-07 21:40:31.530836: I external/local_xla/xla/tsl/framework/bfc_allocator.cc:1109] InUse at 1520c7000d00 of size 256 next 514
2025-11-07 21:40:31.530844: I external/local_xla/xla/tsl/framework/bfc_allocator.cc:1109] InUse at 1520c7000e00 of size 256 next 26
2025-11-07 21:40:31.530852: I external/local_xla/xla/tsl/framework/bfc_allocator.cc:1109] InUse at 1520c7000f00 of size 256 next 31
2025-11-07 21:40:31.530860: I external/local_xla/xla/tsl/framework/bfc_allocator.cc:1109] InUse at 1520c7001000 of size 256 next 49
2025-11-07 21:40:31.530868: I external/local_xla/xla/tsl/framework/bfc_allocator.cc:1109] InUse at 1520c7001100 of size 256 next 50
2025-11-07 21:40:31.530875: I external/local_xla/xla/tsl/framework/bfc_allocator.cc:1109] InUse at 1520c7001200 of size 256 next 54
2025-11-07 21:40:31.530883: I external/local_xla/xla/tsl/framework/bfc_allocator.cc:1109] InUse at 1520c7001300 of size 256 next 55
2025-11-07 21:40:31.530891: I external/local_xla/xla/tsl/framework/bfc_allocator.cc:1109] InUse at 1520c7001400 of size 256 next 58
2025-11-07 21:40:31.530899: I external/local_xla/xla/tsl/framework/bfc_allocator.cc:1109] InUse at 1520c7001500 of size 256 next 56
2025-11-07 21:40:31.530906: I external/local_xla/xla/tsl/framework/bfc_allocator.cc:1109] InUse at 1520c7001600 of size 256 next 62
2025-11-07 21:40:31.530914: I external/local_xla/xla/tsl/framework/bfc_allocator.cc:1109] InUse at 1520c7001700 of size 256 next 42
2025-11-07 21:40:31.530922: I external/local_xla/xla/tsl/framework/bfc_allocator.cc:1109] InUse at 1520c7001800 of size 256 next 34
2025-11-07 21:40:31.530930: I external/local_xla/xla/tsl/framework/bfc_allocator.cc:1109] InUse at 1520c7001900 of size 1024 next 36
2025-11-07 21:40:31.530938: I external/local_xla/xla/tsl/framework/bfc_allocator.cc:1109] InUse at 1520c7001d00 of size 256 next 32
2025-11-07 21:40:31.530946: I external/local_xla/xla/tsl/framework/bfc_allocator.cc:1109] InUse at 1520c7001e00 of size 256 next 33
2025-11-07 21:40:31.530954: I external/local_xla/xla/tsl/framework/bfc_allocator.cc:1109] InUse at 1520c7001f00 of size 1792 next 35
2025-11-07 21:40:31.530961: I external/local_xla/xla/tsl/framework/bfc_allocator.cc:1109] InUse at 1520c7002600 of size 256 next 39
2025-11-07 21:40:31.530969: I external/local_xla/xla/tsl/framework/bfc_allocator.cc:1109] InUse at 1520c7002700 of size 256 next 41
2025-11-07 21:40:31.530977: I external/local_xla/xla/tsl/framework/bfc_allocator.cc:1109] InUse at 1520c7002800 of size 256 next 40
2025-11-07 21:40:31.530985: I external/local_xla/xla/tsl/framework/bfc_allocator.cc:1109] InUse at 1520c7002900 of size 256 next 29
2025-11-07 21:40:31.530993: I external/local_xla/xla/tsl/framework/bfc_allocator.cc:1109] InUse at 1520c7002a00 of size 1280 next 28
2025-11-07 21:40:31.531000: I external/local_xla/xla/tsl/framework/bfc_allocator.cc:1109] InUse at 1520c7002f00 of size 2304 next 30
2025-11-07 21:40:31.531008: I external/local_xla/xla/tsl/framework/bfc_allocator.cc:1109] InUse at 1520c7003800 of size 256 next 43
2025-11-07 21:40:31.531016: I external/local_xla/xla/tsl/framework/bfc_allocator.cc:1109] InUse at 1520c7003900 of size 256 next 38
2025-11-07 21:40:31.531024: I external/local_xla/xla/tsl/framework/bfc_allocator.cc:1109] InUse at 1520c7003a00 of size 256 next 46
2025-11-07 21:40:31.531035: I external/local_xla/xla/tsl/framework/bfc_allocator.cc:1109] InUse at 1520c7003b00 of size 256 next 44
2025-11-07 21:40:31.531043: I external/local_xla/xla/tsl/framework/bfc_allocator.cc:1109] InUse at 1520c7003c00 of size 1024 next 45
2025-11-07 21:40:31.531051: I external/local_xla/xla/tsl/framework/bfc_allocator.cc:1109] InUse at 1520c7004000 of size 256 next 51
2025-11-07 21:40:31.531058: I external/local_xla/xla/tsl/framework/bfc_allocator.cc:1109] InUse at 1520c7004100 of size 256 next 52
2025-11-07 21:40:31.531066: I external/local_xla/xla/tsl/framework/bfc_allocator.cc:1109] InUse at 1520c7004200 of size 256 next 53
2025-11-07 21:40:31.531074: I external/local_xla/xla/tsl/framework/bfc_allocator.cc:1109] InUse at 1520c7004300 of size 256 next 48
2025-11-07 21:40:31.531082: I external/local_xla/xla/tsl/framework/bfc_allocator.cc:1109] InUse at 1520c7004400 of size 1024 next 59
2025-11-07 21:40:31.531090: I external/local_xla/xla/tsl/framework/bfc_allocator.cc:1109] InUse at 1520c7004800 of size 2560 next 60
2025-11-07 21:40:31.531098: I external/local_xla/xla/tsl/framework/bfc_allocator.cc:1109] InUse at 1520c7005200 of size 256 next 61
2025-11-07 21:40:31.531106: I external/local_xla/xla/tsl/framework/bfc_allocator.cc:1109] InUse at 1520c7005300 of size 256 next 57
2025-11-07 21:40:31.531113: I external/local_xla/xla/tsl/framework/bfc_allocator.cc:1109] InUse at 1520c7005400 of size 256 next 65
2025-11-07 21:40:31.531121: I external/local_xla/xla/tsl/framework/bfc_allocator.cc:1109] InUse at 1520c7005500 of size 512 next 66
2025-11-07 21:40:31.531129: I external/local_xla/xla/tsl/framework/bfc_allocator.cc:1109] InUse at 1520c7005700 of size 512 next 67
2025-11-07 21:40:31.531144: I external/local_xla/xla/tsl/framework/bfc_allocator.cc:1109] InUse at 1520c7005900 of size 512 next 63
2025-11-07 21:40:31.531152: I external/local_xla/xla/tsl/framework/bfc_allocator.cc:1109] InUse at 1520c7005b00 of size 256 next 47
2025-11-07 21:40:31.531160: I external/local_xla/xla/tsl/framework/bfc_allocator.cc:1109] InUse at 1520c7005c00 of size 768 next 64
2025-11-07 21:40:31.531167: I external/local_xla/xla/tsl/framework/bfc_allocator.cc:1109] InUse at 1520c7005f00 of size 512 next 69
2025-11-07 21:40:31.531175: I external/local_xla/xla/tsl/framework/bfc_allocator.cc:1109] InUse at 1520c7006100 of size 512 next 72
2025-11-07 21:40:31.531183: I external/local_xla/xla/tsl/framework/bfc_allocator.cc:1109] InUse at 1520c7006300 of size 512 next 73
2025-11-07 21:40:31.531191: I external/local_xla/xla/tsl/framework/bfc_allocator.cc:1109] InUse at 1520c7006500 of size 512 next 74
2025-11-07 21:40:31.531198: I external/local_xla/xla/tsl/framework/bfc_allocator.cc:1109] InUse at 1520c7006700 of size 768 next 77
2025-11-07 21:40:31.531206: I external/local_xla/xla/tsl/framework/bfc_allocator.cc:1109] InUse at 1520c7006a00 of size 256 next 76
2025-11-07 21:40:31.531214: I external/local_xla/xla/tsl/framework/bfc_allocator.cc:1109] InUse at 1520c7006b00 of size 256 next 87
2025-11-07 21:40:31.531222: I external/local_xla/xla/tsl/framework/bfc_allocator.cc:1109] InUse at 1520c7006c00 of size 768 next 88
2025-11-07 21:40:31.531230: I external/local_xla/xla/tsl/framework/bfc_allocator.cc:1109] InUse at 1520c7006f00 of size 768 next 89
2025-11-07 21:40:31.531237: I external/local_xla/xla/tsl/framework/bfc_allocator.cc:1109] InUse at 1520c7007200 of size 768 next 90
2025-11-07 21:40:31.531245: I external/local_xla/xla/tsl/framework/bfc_allocator.cc:1109] InUse at 1520c7007500 of size 768 next 80
2025-11-07 21:40:31.531253: I external/local_xla/xla/tsl/framework/bfc_allocator.cc:1109] InUse at 1520c7007800 of size 1536 next 68
2025-11-07 21:40:31.531261: I external/local_xla/xla/tsl/framework/bfc_allocator.cc:1109] InUse at 1520c7007e00 of size 768 next 97
2025-11-07 21:40:31.531269: I external/local_xla/xla/tsl/framework/bfc_allocator.cc:1109] InUse at 1520c7008100 of size 768 next 94
2025-11-07 21:40:31.531277: I external/local_xla/xla/tsl/framework/bfc_allocator.cc:1109] InUse at 1520c7008400 of size 768 next 95
2025-11-07 21:40:31.531288: I external/local_xla/xla/tsl/framework/bfc_allocator.cc:1109] InUse at 1520c7008700 of size 768 next 82
2025-11-07 21:40:31.531296: I external/local_xla/xla/tsl/framework/bfc_allocator.cc:1109] InUse at 1520c7008a00 of size 256 next 104
2025-11-07 21:40:31.531304: I external/local_xla/xla/tsl/framework/bfc_allocator.cc:1109] InUse at 1520c7008b00 of size 256 next 100
2025-11-07 21:40:31.531311: I external/local_xla/xla/tsl/framework/bfc_allocator.cc:1109] InUse at 1520c7008c00 of size 768 next 70
2025-11-07 21:40:31.531319: I external/local_xla/xla/tsl/framework/bfc_allocator.cc:1109] InUse at 1520c7008f00 of size 6144 next 71
2025-11-07 21:40:31.531327: I external/local_xla/xla/tsl/framework/bfc_allocator.cc:1109] InUse at 1520c700a700 of size 256 next 515
2025-11-07 21:40:31.531335: I external/local_xla/xla/tsl/framework/bfc_allocator.cc:1109] InUse at 1520c700a800 of size 256 next 79
2025-11-07 21:40:31.531343: I external/local_xla/xla/tsl/framework/bfc_allocator.cc:1109] InUse at 1520c700a900 of size 256 next 78
2025-11-07 21:40:31.531351: I external/local_xla/xla/tsl/framework/bfc_allocator.cc:1109] InUse at 1520c700aa00 of size 256 next 84
2025-11-07 21:40:31.531358: I external/local_xla/xla/tsl/framework/bfc_allocator.cc:1109] InUse at 1520c700ab00 of size 256 next 83
2025-11-07 21:40:31.531366: I external/local_xla/xla/tsl/framework/bfc_allocator.cc:1109] InUse at 1520c700ac00 of size 256 next 81
2025-11-07 21:40:31.531374: I external/local_xla/xla/tsl/framework/bfc_allocator.cc:1109] InUse at 1520c700ad00 of size 768 next 517
2025-11-07 21:40:31.531382: I external/local_xla/xla/tsl/framework/bfc_allocator.cc:1109] InUse at 1520c700b000 of size 3584 next 96
2025-11-07 21:40:31.531389: I external/local_xla/xla/tsl/framework/bfc_allocator.cc:1109] InUse at 1520c700be00 of size 5632 next 93
2025-11-07 21:40:31.531397: I external/local_xla/xla/tsl/framework/bfc_allocator.cc:1109] InUse at 1520c700d400 of size 256 next 98
2025-11-07 21:40:31.531405: I external/local_xla/xla/tsl/framework/bfc_allocator.cc:1109] InUse at 1520c700d500 of size 256 next 99
2025-11-07 21:40:31.531413: I external/local_xla/xla/tsl/framework/bfc_allocator.cc:1109] InUse at 1520c700d600 of size 768 next 132
2025-11-07 21:40:31.531421: I external/local_xla/xla/tsl/framework/bfc_allocator.cc:1109] InUse at 1520c700d900 of size 768 next 133
2025-11-07 21:40:31.531428: I external/local_xla/xla/tsl/framework/bfc_allocator.cc:1109] InUse at 1520c700dc00 of size 768 next 134
2025-11-07 21:40:31.531436: I external/local_xla/xla/tsl/framework/bfc_allocator.cc:1109] InUse at 1520c700df00 of size 256 next 136
2025-11-07 21:40:31.531444: I external/local_xla/xla/tsl/framework/bfc_allocator.cc:1109] InUse at 1520c700e000 of size 768 next 137
2025-11-07 21:40:31.531452: I external/local_xla/xla/tsl/framework/bfc_allocator.cc:1109] InUse at 1520c700e300 of size 768 next 138
2025-11-07 21:40:31.531460: I external/local_xla/xla/tsl/framework/bfc_allocator.cc:1109] InUse at 1520c700e600 of size 768 next 141
2025-11-07 21:40:31.531467: I external/local_xla/xla/tsl/framework/bfc_allocator.cc:1109] InUse at 1520c700e900 of size 256 next 135
2025-11-07 21:40:31.531475: I external/local_xla/xla/tsl/framework/bfc_allocator.cc:1109] InUse at 1520c700ea00 of size 1280 next 144
2025-11-07 21:40:31.531483: I external/local_xla/xla/tsl/framework/bfc_allocator.cc:1109] InUse at 1520c700ef00 of size 256 next 145
2025-11-07 21:40:31.531491: I external/local_xla/xla/tsl/framework/bfc_allocator.cc:1109] InUse at 1520c700f000 of size 256 next 147
2025-11-07 21:40:31.531498: I external/local_xla/xla/tsl/framework/bfc_allocator.cc:1109] InUse at 1520c700f100 of size 256 next 143
2025-11-07 21:40:31.531506: I external/local_xla/xla/tsl/framework/bfc_allocator.cc:1109] InUse at 1520c700f200 of size 256 next 149
2025-11-07 21:40:31.531514: I external/local_xla/xla/tsl/framework/bfc_allocator.cc:1109] InUse at 1520c700f300 of size 256 next 152
2025-11-07 21:40:31.531522: I external/local_xla/xla/tsl/framework/bfc_allocator.cc:1109] InUse at 1520c700f400 of size 256 next 153
2025-11-07 21:40:31.531532: I external/local_xla/xla/tsl/framework/bfc_allocator.cc:1109] InUse at 1520c700f500 of size 1536 next 85
2025-11-07 21:40:31.531541: I external/local_xla/xla/tsl/framework/bfc_allocator.cc:1109] InUse at 1520c700fb00 of size 9216 next 86
2025-11-07 21:40:31.531548: I external/local_xla/xla/tsl/framework/bfc_allocator.cc:1109] InUse at 1520c7011f00 of size 3584 next 103
2025-11-07 21:40:31.531556: I external/local_xla/xla/tsl/framework/bfc_allocator.cc:1109] InUse at 1520c7012d00 of size 5376 next 102
2025-11-07 21:40:31.531564: I external/local_xla/xla/tsl/framework/bfc_allocator.cc:1109] InUse at 1520c7014200 of size 256 next 109
2025-11-07 21:40:31.531572: I external/local_xla/xla/tsl/framework/bfc_allocator.cc:1109] InUse at 1520c7014300 of size 256 next 110
2025-11-07 21:40:31.531579: I external/local_xla/xla/tsl/framework/bfc_allocator.cc:1109] InUse at 1520c7014400 of size 768 next 111
2025-11-07 21:40:31.531587: I external/local_xla/xla/tsl/framework/bfc_allocator.cc:1109] InUse at 1520c7014700 of size 768 next 112
2025-11-07 21:40:31.531595: I external/local_xla/xla/tsl/framework/bfc_allocator.cc:1109] InUse at 1520c7014a00 of size 768 next 113
2025-11-07 21:40:31.531603: I external/local_xla/xla/tsl/framework/bfc_allocator.cc:1109] InUse at 1520c7014d00 of size 768 next 115
2025-11-07 21:40:31.531610: I external/local_xla/xla/tsl/framework/bfc_allocator.cc:1109] InUse at 1520c7015000 of size 1280 next 91
2025-11-07 21:40:31.531618: I external/local_xla/xla/tsl/framework/bfc_allocator.cc:1109] InUse at 1520c7015500 of size 13824 next 92
2025-11-07 21:40:31.531626: I external/local_xla/xla/tsl/framework/bfc_allocator.cc:1109] InUse at 1520c7018b00 of size 768 next 116
2025-11-07 21:40:31.531633: I external/local_xla/xla/tsl/framework/bfc_allocator.cc:1109] InUse at 1520c7018e00 of size 768 next 117
2025-11-07 21:40:31.531641: I external/local_xla/xla/tsl/framework/bfc_allocator.cc:1109] InUse at 1520c7019100 of size 256 next 106
2025-11-07 21:40:31.531649: I external/local_xla/xla/tsl/framework/bfc_allocator.cc:1109] InUse at 1520c7019200 of size 256 next 122
2025-11-07 21:40:31.531657: I external/local_xla/xla/tsl/framework/bfc_allocator.cc:1109] InUse at 1520c7019300 of size 256 next 125
2025-11-07 21:40:31.531664: I external/local_xla/xla/tsl/framework/bfc_allocator.cc:1109] InUse at 1520c7019400 of size 256 next 121
2025-11-07 21:40:31.531672: I external/local_xla/xla/tsl/framework/bfc_allocator.cc:1109] InUse at 1520c7019500 of size 768 next 127
2025-11-07 21:40:31.531680: I external/local_xla/xla/tsl/framework/bfc_allocator.cc:1109] InUse at 1520c7019800 of size 768 next 123
2025-11-07 21:40:31.531688: I external/local_xla/xla/tsl/framework/bfc_allocator.cc:1109] InUse at 1520c7019b00 of size 256 next 130
2025-11-07 21:40:31.531695: I external/local_xla/xla/tsl/framework/bfc_allocator.cc:1109] InUse at 1520c7019c00 of size 256 next 131
2025-11-07 21:40:31.531703: I external/local_xla/xla/tsl/framework/bfc_allocator.cc:1109] InUse at 1520c7019d00 of size 768 next 118
2025-11-07 21:40:31.531711: I external/local_xla/xla/tsl/framework/bfc_allocator.cc:1109] InUse at 1520c701a000 of size 5376 next 119
2025-11-07 21:40:31.531719: I external/local_xla/xla/tsl/framework/bfc_allocator.cc:1109] InUse at 1520c701b500 of size 3584 next 124
2025-11-07 21:40:31.531726: I external/local_xla/xla/tsl/framework/bfc_allocator.cc:1109] InUse at 1520c701c300 of size 768 next 101
2025-11-07 21:40:31.531734: I external/local_xla/xla/tsl/framework/bfc_allocator.cc:1109] InUse at 1520c701c600 of size 1024 next 148
2025-11-07 21:40:31.531742: I external/local_xla/xla/tsl/framework/bfc_allocator.cc:1109] InUse at 1520c701ca00 of size 1792 next 126
2025-11-07 21:40:31.531750: I external/local_xla/xla/tsl/framework/bfc_allocator.cc:1109] InUse at 1520c701d100 of size 256 next 164
2025-11-07 21:40:31.531757: I external/local_xla/xla/tsl/framework/bfc_allocator.cc:1109] InUse at 1520c701d200 of size 256 next 165
2025-11-07 21:40:31.531768: I external/local_xla/xla/tsl/framework/bfc_allocator.cc:1109] InUse at 1520c701d300 of size 256 next 168
2025-11-07 21:40:31.531776: I external/local_xla/xla/tsl/framework/bfc_allocator.cc:1109] InUse at 1520c701d400 of size 256 next 166
2025-11-07 21:40:31.531784: I external/local_xla/xla/tsl/framework/bfc_allocator.cc:1109] InUse at 1520c701d500 of size 256 next 171
2025-11-07 21:40:31.531792: I external/local_xla/xla/tsl/framework/bfc_allocator.cc:1109] InUse at 1520c701d600 of size 1280 next 167
2025-11-07 21:40:31.531800: I external/local_xla/xla/tsl/framework/bfc_allocator.cc:1109] InUse at 1520c701db00 of size 256 next 175
2025-11-07 21:40:31.531808: I external/local_xla/xla/tsl/framework/bfc_allocator.cc:1109] InUse at 1520c701dc00 of size 256 next 176
2025-11-07 21:40:31.531815: I external/local_xla/xla/tsl/framework/bfc_allocator.cc:1109] InUse at 1520c701dd00 of size 1024 next 177
2025-11-07 21:40:31.531823: I external/local_xla/xla/tsl/framework/bfc_allocator.cc:1109] InUse at 1520c701e100 of size 1024 next 178
2025-11-07 21:40:31.531831: I external/local_xla/xla/tsl/framework/bfc_allocator.cc:1109] InUse at 1520c701e500 of size 1024 next 179
2025-11-07 21:40:31.531839: I external/local_xla/xla/tsl/framework/bfc_allocator.cc:1109] InUse at 1520c701e900 of size 1024 next 181
2025-11-07 21:40:31.531847: I external/local_xla/xla/tsl/framework/bfc_allocator.cc:1109] InUse at 1520c701ed00 of size 1024 next 182
2025-11-07 21:40:31.531854: I external/local_xla/xla/tsl/framework/bfc_allocator.cc:1109] InUse at 1520c701f100 of size 1536 next 107
2025-11-07 21:40:31.531862: I external/local_xla/xla/tsl/framework/bfc_allocator.cc:1109] InUse at 1520c701f700 of size 13824 next 108
2025-11-07 21:40:31.531870: I external/local_xla/xla/tsl/framework/bfc_allocator.cc:1109] InUse at 1520c7022d00 of size 13824 next 114
2025-11-07 21:40:31.531878: I external/local_xla/xla/tsl/framework/bfc_allocator.cc:1109] InUse at 1520c7026300 of size 1024 next 202
2025-11-07 21:40:31.531885: I external/local_xla/xla/tsl/framework/bfc_allocator.cc:1109] InUse at 1520c7026700 of size 1024 next 203
2025-11-07 21:40:31.531893: I external/local_xla/xla/tsl/framework/bfc_allocator.cc:1109] InUse at 1520c7026b00 of size 256 next 154
2025-11-07 21:40:31.531901: I external/local_xla/xla/tsl/framework/bfc_allocator.cc:1109] InUse at 1520c7026c00 of size 512 next 146
2025-11-07 21:40:31.531909: I external/local_xla/xla/tsl/framework/bfc_allocator.cc:1109] InUse at 1520c7026e00 of size 512 next 231
2025-11-07 21:40:31.531917: I external/local_xla/xla/tsl/framework/bfc_allocator.cc:1109] InUse at 1520c7027000 of size 768 next 207
2025-11-07 21:40:31.531924: I external/local_xla/xla/tsl/framework/bfc_allocator.cc:1109] InUse at 1520c7027300 of size 256 next 209
2025-11-07 21:40:31.531932: I external/local_xla/xla/tsl/framework/bfc_allocator.cc:1109] InUse at 1520c7027400 of size 512 next 206
2025-11-07 21:40:31.531940: I external/local_xla/xla/tsl/framework/bfc_allocator.cc:1109] InUse at 1520c7027600 of size 512 next 211
2025-11-07 21:40:31.531948: I external/local_xla/xla/tsl/framework/bfc_allocator.cc:1109] InUse at 1520c7027800 of size 512 next 213
2025-11-07 21:40:31.531955: I external/local_xla/xla/tsl/framework/bfc_allocator.cc:1109] InUse at 1520c7027a00 of size 512 next 212
2025-11-07 21:40:31.531963: I external/local_xla/xla/tsl/framework/bfc_allocator.cc:1109] InUse at 1520c7027c00 of size 256 next 216
2025-11-07 21:40:31.531971: I external/local_xla/xla/tsl/framework/bfc_allocator.cc:1109] InUse at 1520c7027d00 of size 3072 next 188
2025-11-07 21:40:31.531980: I external/local_xla/xla/tsl/framework/bfc_allocator.cc:1109] InUse at 1520c7028900 of size 17920 next 128
2025-11-07 21:40:31.531988: I external/local_xla/xla/tsl/framework/bfc_allocator.cc:1109] InUse at 1520c702cf00 of size 13824 next 129
2025-11-07 21:40:31.531996: I external/local_xla/xla/tsl/framework/bfc_allocator.cc:1109] InUse at 1520c7030500 of size 24064 next 157
2025-11-07 21:40:31.532004: I external/local_xla/xla/tsl/framework/bfc_allocator.cc:1109] InUse at 1520c7036300 of size 1024 next 160
2025-11-07 21:40:31.532015: I external/local_xla/xla/tsl/framework/bfc_allocator.cc:1109] InUse at 1520c7036700 of size 1024 next 161
2025-11-07 21:40:31.532024: I external/local_xla/xla/tsl/framework/bfc_allocator.cc:1109] InUse at 1520c7036b00 of size 1024 next 156
2025-11-07 21:40:31.532032: I external/local_xla/xla/tsl/framework/bfc_allocator.cc:1109] InUse at 1520c7036f00 of size 1280 next 139
2025-11-07 21:40:31.532039: I external/local_xla/xla/tsl/framework/bfc_allocator.cc:1109] InUse at 1520c7037400 of size 3584 next 105
2025-11-07 21:40:31.532047: I external/local_xla/xla/tsl/framework/bfc_allocator.cc:1109] InUse at 1520c7038200 of size 1024 next 155
2025-11-07 21:40:31.532055: I external/local_xla/xla/tsl/framework/bfc_allocator.cc:1109] InUse at 1520c7038600 of size 9984 next 140
2025-11-07 21:40:31.532063: I external/local_xla/xla/tsl/framework/bfc_allocator.cc:1109] InUse at 1520c703ad00 of size 1024 next 183
2025-11-07 21:40:31.532071: I external/local_xla/xla/tsl/framework/bfc_allocator.cc:1109] InUse at 1520c703b100 of size 256 next 172
2025-11-07 21:40:31.532078: I external/local_xla/xla/tsl/framework/bfc_allocator.cc:1109] InUse at 1520c703b200 of size 256 next 187
2025-11-07 21:40:31.532086: I external/local_xla/xla/tsl/framework/bfc_allocator.cc:1109] InUse at 1520c703b300 of size 256 next 186
2025-11-07 21:40:31.532094: I external/local_xla/xla/tsl/framework/bfc_allocator.cc:1109] InUse at 1520c703b400 of size 256 next 191
2025-11-07 21:40:31.532102: I external/local_xla/xla/tsl/framework/bfc_allocator.cc:1109] InUse at 1520c703b500 of size 1024 next 189
2025-11-07 21:40:31.532110: I external/local_xla/xla/tsl/framework/bfc_allocator.cc:1109] InUse at 1520c703b900 of size 1024 next 194
2025-11-07 21:40:31.532117: I external/local_xla/xla/tsl/framework/bfc_allocator.cc:1109] InUse at 1520c703bd00 of size 256 next 195
2025-11-07 21:40:31.532125: I external/local_xla/xla/tsl/framework/bfc_allocator.cc:1109] InUse at 1520c703be00 of size 256 next 196
2025-11-07 21:40:31.532138: I external/local_xla/xla/tsl/framework/bfc_allocator.cc:1109] InUse at 1520c703bf00 of size 1024 next 197
2025-11-07 21:40:31.532146: I external/local_xla/xla/tsl/framework/bfc_allocator.cc:1109] InUse at 1520c703c300 of size 1024 next 198
2025-11-07 21:40:31.532154: I external/local_xla/xla/tsl/framework/bfc_allocator.cc:1109] InUse at 1520c703c700 of size 1024 next 200
2025-11-07 21:40:31.532162: I external/local_xla/xla/tsl/framework/bfc_allocator.cc:1109] InUse at 1520c703cb00 of size 1024 next 201
2025-11-07 21:40:31.532169: I external/local_xla/xla/tsl/framework/bfc_allocator.cc:1109] InUse at 1520c703cf00 of size 1024 next 170
2025-11-07 21:40:31.532177: I external/local_xla/xla/tsl/framework/bfc_allocator.cc:1109] InUse at 1520c703d300 of size 46080 next 169
2025-11-07 21:40:31.532185: I external/local_xla/xla/tsl/framework/bfc_allocator.cc:1109] InUse at 1520c7048700 of size 2048 next 224
2025-11-07 21:40:31.532193: I external/local_xla/xla/tsl/framework/bfc_allocator.cc:1109] InUse at 1520c7048f00 of size 2048 next 222
2025-11-07 21:40:31.532201: I external/local_xla/xla/tsl/framework/bfc_allocator.cc:1109] InUse at 1520c7049700 of size 256 next 227
2025-11-07 21:40:31.532208: I external/local_xla/xla/tsl/framework/bfc_allocator.cc:1109] InUse at 1520c7049800 of size 512 next 235
2025-11-07 21:40:31.532216: I external/local_xla/xla/tsl/framework/bfc_allocator.cc:1109] InUse at 1520c7049a00 of size 3840 next 238
2025-11-07 21:40:31.532224: I external/local_xla/xla/tsl/framework/bfc_allocator.cc:1109] InUse at 1520c704a900 of size 256 next 239
2025-11-07 21:40:31.532232: I external/local_xla/xla/tsl/framework/bfc_allocator.cc:1109] InUse at 1520c704aa00 of size 256 next 240
2025-11-07 21:40:31.532239: I external/local_xla/xla/tsl/framework/bfc_allocator.cc:1109] InUse at 1520c704ab00 of size 2048 next 241
2025-11-07 21:40:31.532247: I external/local_xla/xla/tsl/framework/bfc_allocator.cc:1109] InUse at 1520c704b300 of size 3072 next 162
2025-11-07 21:40:31.532255: I external/local_xla/xla/tsl/framework/bfc_allocator.cc:1109] InUse at 1520c704bf00 of size 9728 next 151
2025-11-07 21:40:31.532267: I external/local_xla/xla/tsl/framework/bfc_allocator.cc:1109] InUse at 1520c704e500 of size 14336 next 163
2025-11-07 21:40:31.532275: I external/local_xla/xla/tsl/framework/bfc_allocator.cc:1109] InUse at 1520c7051d00 of size 1024 next 150
2025-11-07 21:40:31.532283: I external/local_xla/xla/tsl/framework/bfc_allocator.cc:1109] InUse at 1520c7052100 of size 8704 next 190
2025-11-07 21:40:31.532291: I external/local_xla/xla/tsl/framework/bfc_allocator.cc:1109] InUse at 1520c7054300 of size 2048 next 518
2025-11-07 21:40:31.532299: I external/local_xla/xla/tsl/framework/bfc_allocator.cc:1109] InUse at 1520c7054b00 of size 2048 next 204
2025-11-07 21:40:31.532307: I external/local_xla/xla/tsl/framework/bfc_allocator.cc:1109] InUse at 1520c7055300 of size 2048 next 217
2025-11-07 21:40:31.532315: I external/local_xla/xla/tsl/framework/bfc_allocator.cc:1109] InUse at 1520c7055b00 of size 2048 next 519
2025-11-07 21:40:31.532322: I external/local_xla/xla/tsl/framework/bfc_allocator.cc:1109] InUse at 1520c7056300 of size 2048 next 219
2025-11-07 21:40:31.532330: I external/local_xla/xla/tsl/framework/bfc_allocator.cc:1109] InUse at 1520c7056b00 of size 2048 next 223
2025-11-07 21:40:31.532338: I external/local_xla/xla/tsl/framework/bfc_allocator.cc:1109] InUse at 1520c7057300 of size 2048 next 184
2025-11-07 21:40:31.532346: I external/local_xla/xla/tsl/framework/bfc_allocator.cc:1109] InUse at 1520c7057b00 of size 2048 next 199
2025-11-07 21:40:31.532353: I external/local_xla/xla/tsl/framework/bfc_allocator.cc:1109] InUse at 1520c7058300 of size 2560 next 158
2025-11-07 21:40:31.532361: I external/local_xla/xla/tsl/framework/bfc_allocator.cc:1109] InUse at 1520c7058d00 of size 38400 next 159
2025-11-07 21:40:31.532369: I external/local_xla/xla/tsl/framework/bfc_allocator.cc:1109] InUse at 1520c7062300 of size 9728 next 185
2025-11-07 21:40:31.532377: I external/local_xla/xla/tsl/framework/bfc_allocator.cc:1109] InUse at 1520c7064900 of size 2048 next 254
2025-11-07 21:40:31.532385: I external/local_xla/xla/tsl/framework/bfc_allocator.cc:1109] InUse at 1520c7065100 of size 28672 next 259
2025-11-07 21:40:31.532393: I external/local_xla/xla/tsl/framework/bfc_allocator.cc:1109] InUse at 1520c706c100 of size 256 next 260
2025-11-07 21:40:31.532400: I external/local_xla/xla/tsl/framework/bfc_allocator.cc:1109] InUse at 1520c706c200 of size 256 next 261
2025-11-07 21:40:31.532408: I external/local_xla/xla/tsl/framework/bfc_allocator.cc:1109] InUse at 1520c706c300 of size 512 next 225
2025-11-07 21:40:31.532416: I external/local_xla/xla/tsl/framework/bfc_allocator.cc:1109] InUse at 1520c706c500 of size 17408 next 226
2025-11-07 21:40:31.532424: I external/local_xla/xla/tsl/framework/bfc_allocator.cc:1109] InUse at 1520c7070900 of size 2048 next 262
2025-11-07 21:40:31.532431: I external/local_xla/xla/tsl/framework/bfc_allocator.cc:1109] InUse at 1520c7071100 of size 2048 next 264
2025-11-07 21:40:31.532439: I external/local_xla/xla/tsl/framework/bfc_allocator.cc:1109] InUse at 1520c7071900 of size 2048 next 265
2025-11-07 21:40:31.532447: I external/local_xla/xla/tsl/framework/bfc_allocator.cc:1109] InUse at 1520c7072100 of size 2048 next 266
2025-11-07 21:40:31.532455: I external/local_xla/xla/tsl/framework/bfc_allocator.cc:1109] InUse at 1520c7072900 of size 2048 next 267
2025-11-07 21:40:31.532462: I external/local_xla/xla/tsl/framework/bfc_allocator.cc:1109] InUse at 1520c7073100 of size 2048 next 269
2025-11-07 21:40:31.532470: I external/local_xla/xla/tsl/framework/bfc_allocator.cc:1109] InUse at 1520c7073900 of size 2048 next 270
2025-11-07 21:40:31.532478: I external/local_xla/xla/tsl/framework/bfc_allocator.cc:1109] InUse at 1520c7074100 of size 3584 next 173
2025-11-07 21:40:31.532486: I external/local_xla/xla/tsl/framework/bfc_allocator.cc:1109] InUse at 1520c7074f00 of size 38400 next 174
2025-11-07 21:40:31.532493: I external/local_xla/xla/tsl/framework/bfc_allocator.cc:1109] InUse at 1520c707e500 of size 38400 next 180
2025-11-07 21:40:31.532504: I external/local_xla/xla/tsl/framework/bfc_allocator.cc:1109] InUse at 1520c7087b00 of size 9728 next 208
2025-11-07 21:40:31.532512: I external/local_xla/xla/tsl/framework/bfc_allocator.cc:1109] InUse at 1520c708a100 of size 2048 next 245
2025-11-07 21:40:31.532520: I external/local_xla/xla/tsl/framework/bfc_allocator.cc:1109] InUse at 1520c708a900 of size 2048 next 246
2025-11-07 21:40:31.532528: I external/local_xla/xla/tsl/framework/bfc_allocator.cc:1109] InUse at 1520c708b100 of size 256 next 248
2025-11-07 21:40:31.532536: I external/local_xla/xla/tsl/framework/bfc_allocator.cc:1109] InUse at 1520c708b200 of size 2048 next 253
2025-11-07 21:40:31.532544: I external/local_xla/xla/tsl/framework/bfc_allocator.cc:1109] InUse at 1520c708ba00 of size 512 next 249
2025-11-07 21:40:31.532551: I external/local_xla/xla/tsl/framework/bfc_allocator.cc:1109] InUse at 1520c708bc00 of size 512 next 251
2025-11-07 21:40:31.532559: I external/local_xla/xla/tsl/framework/bfc_allocator.cc:1109] InUse at 1520c708be00 of size 512 next 250
2025-11-07 21:40:31.532567: I external/local_xla/xla/tsl/framework/bfc_allocator.cc:1109] InUse at 1520c708c000 of size 512 next 256
2025-11-07 21:40:31.532575: I external/local_xla/xla/tsl/framework/bfc_allocator.cc:1109] InUse at 1520c708c200 of size 512 next 210
2025-11-07 21:40:31.532582: I external/local_xla/xla/tsl/framework/bfc_allocator.cc:1109] InUse at 1520c708c400 of size 512 next 273
2025-11-07 21:40:31.532590: I external/local_xla/xla/tsl/framework/bfc_allocator.cc:1109] InUse at 1520c708c600 of size 512 next 275
2025-11-07 21:40:31.532598: I external/local_xla/xla/tsl/framework/bfc_allocator.cc:1109] InUse at 1520c708c800 of size 3328 next 278
2025-11-07 21:40:31.532608: I external/local_xla/xla/tsl/framework/bfc_allocator.cc:1109] InUse at 1520c708d500 of size 256 next 279
2025-11-07 21:40:31.532616: I external/local_xla/xla/tsl/framework/bfc_allocator.cc:1109] InUse at 1520c708d600 of size 256 next 280
2025-11-07 21:40:31.532624: I external/local_xla/xla/tsl/framework/bfc_allocator.cc:1109] InUse at 1520c708d700 of size 2048 next 281
2025-11-07 21:40:31.532631: I external/local_xla/xla/tsl/framework/bfc_allocator.cc:1109] InUse at 1520c708df00 of size 2048 next 282
2025-11-07 21:40:31.532639: I external/local_xla/xla/tsl/framework/bfc_allocator.cc:1109] InUse at 1520c708e700 of size 2048 next 284
2025-11-07 21:40:31.532647: I external/local_xla/xla/tsl/framework/bfc_allocator.cc:1109] InUse at 1520c708ef00 of size 2048 next 285
2025-11-07 21:40:31.532655: I external/local_xla/xla/tsl/framework/bfc_allocator.cc:1109] InUse at 1520c708f700 of size 2048 next 286
2025-11-07 21:40:31.532662: I external/local_xla/xla/tsl/framework/bfc_allocator.cc:1109] InUse at 1520c708ff00 of size 2048 next 287
2025-11-07 21:40:31.532670: I external/local_xla/xla/tsl/framework/bfc_allocator.cc:1109] InUse at 1520c7090700 of size 2560 next 192
2025-11-07 21:40:31.532678: I external/local_xla/xla/tsl/framework/bfc_allocator.cc:1109] InUse at 1520c7091100 of size 38400 next 193
2025-11-07 21:40:31.532686: I external/local_xla/xla/tsl/framework/bfc_allocator.cc:1109] InUse at 1520c709a700 of size 17408 next 218
2025-11-07 21:40:31.532694: I external/local_xla/xla/tsl/framework/bfc_allocator.cc:1109] InUse at 1520c709eb00 of size 38400 next 247
2025-11-07 21:40:31.532701: I external/local_xla/xla/tsl/framework/bfc_allocator.cc:1109] InUse at 1520c70a8100 of size 2048 next 290
2025-11-07 21:40:31.532709: I external/local_xla/xla/tsl/framework/bfc_allocator.cc:1109] InUse at 1520c70a8900 of size 512 next 271
2025-11-07 21:40:31.532717: I external/local_xla/xla/tsl/framework/bfc_allocator.cc:1109] InUse at 1520c70a8b00 of size 512 next 313
2025-11-07 21:40:31.532725: I external/local_xla/xla/tsl/framework/bfc_allocator.cc:1109] InUse at 1520c70a8d00 of size 512 next 312
2025-11-07 21:40:31.532733: I external/local_xla/xla/tsl/framework/bfc_allocator.cc:1109] InUse at 1520c70a8f00 of size 512 next 292
2025-11-07 21:40:31.532740: I external/local_xla/xla/tsl/framework/bfc_allocator.cc:1109] InUse at 1520c70a9100 of size 256 next 293
2025-11-07 21:40:31.532751: I external/local_xla/xla/tsl/framework/bfc_allocator.cc:1109] InUse at 1520c70a9200 of size 512 next 291
2025-11-07 21:40:31.532759: I external/local_xla/xla/tsl/framework/bfc_allocator.cc:1109] InUse at 1520c70a9400 of size 512 next 294
2025-11-07 21:40:31.532767: I external/local_xla/xla/tsl/framework/bfc_allocator.cc:1109] InUse at 1520c70a9600 of size 512 next 296
2025-11-07 21:40:31.532775: I external/local_xla/xla/tsl/framework/bfc_allocator.cc:1109] InUse at 1520c70a9800 of size 512 next 295
2025-11-07 21:40:31.532783: I external/local_xla/xla/tsl/framework/bfc_allocator.cc:1109] InUse at 1520c70a9a00 of size 256 next 299
2025-11-07 21:40:31.532790: I external/local_xla/xla/tsl/framework/bfc_allocator.cc:1109] InUse at 1520c70a9b00 of size 2816 next 300
2025-11-07 21:40:31.532798: I external/local_xla/xla/tsl/framework/bfc_allocator.cc:1109] InUse at 1520c70aa600 of size 2816 next 301
2025-11-07 21:40:31.532806: I external/local_xla/xla/tsl/framework/bfc_allocator.cc:1109] InUse at 1520c70ab100 of size 2816 next 302
2025-11-07 21:40:31.532814: I external/local_xla/xla/tsl/framework/bfc_allocator.cc:1109] InUse at 1520c70abc00 of size 2816 next 305
2025-11-07 21:40:31.532822: I external/local_xla/xla/tsl/framework/bfc_allocator.cc:1109] InUse at 1520c70ac700 of size 3072 next 234
2025-11-07 21:40:31.532829: I external/local_xla/xla/tsl/framework/bfc_allocator.cc:1109] InUse at 1520c70ad300 of size 38400 next 232
2025-11-07 21:40:31.532837: I external/local_xla/xla/tsl/framework/bfc_allocator.cc:1109] InUse at 1520c70b6900 of size 38400 next 233
2025-11-07 21:40:31.532845: I external/local_xla/xla/tsl/framework/bfc_allocator.cc:1109] InUse at 1520c70bff00 of size 2816 next 244
2025-11-07 21:40:31.532853: I external/local_xla/xla/tsl/framework/bfc_allocator.cc:1109] InUse at 1520c70c0a00 of size 2816 next 268
2025-11-07 21:40:31.532860: I external/local_xla/xla/tsl/framework/bfc_allocator.cc:1109] InUse at 1520c70c1500 of size 2816 next 307
2025-11-07 21:40:31.532868: I external/local_xla/xla/tsl/framework/bfc_allocator.cc:1109] InUse at 1520c70c2000 of size 2816 next 308
2025-11-07 21:40:31.532876: I external/local_xla/xla/tsl/framework/bfc_allocator.cc:1109] InUse at 1520c70c2b00 of size 2816 next 318
2025-11-07 21:40:31.532884: I external/local_xla/xla/tsl/framework/bfc_allocator.cc:1109] InUse at 1520c70c3600 of size 4608 next 311
2025-11-07 21:40:31.532892: I external/local_xla/xla/tsl/framework/bfc_allocator.cc:1109] InUse at 1520c70c4800 of size 768 next 399
2025-11-07 21:40:31.532900: I external/local_xla/xla/tsl/framework/bfc_allocator.cc:1109] InUse at 1520c70c4b00 of size 6400 next 306
2025-11-07 21:40:31.532907: I external/local_xla/xla/tsl/framework/bfc_allocator.cc:1109] InUse at 1520c70c6400 of size 256 next 310
2025-11-07 21:40:31.532915: I external/local_xla/xla/tsl/framework/bfc_allocator.cc:1109] InUse at 1520c70c6500 of size 5120 next 321
2025-11-07 21:40:31.532923: I external/local_xla/xla/tsl/framework/bfc_allocator.cc:1109] InUse at 1520c70c7900 of size 256 next 322
2025-11-07 21:40:31.532931: I external/local_xla/xla/tsl/framework/bfc_allocator.cc:1109] InUse at 1520c70c7a00 of size 256 next 323
2025-11-07 21:40:31.532939: I external/local_xla/xla/tsl/framework/bfc_allocator.cc:1109] InUse at 1520c70c7b00 of size 2816 next 324
2025-11-07 21:40:31.532946: I external/local_xla/xla/tsl/framework/bfc_allocator.cc:1109] InUse at 1520c70c8600 of size 3840 next 214
2025-11-07 21:40:31.532954: I external/local_xla/xla/tsl/framework/bfc_allocator.cc:1109] InUse at 1520c70c9500 of size 38400 next 520
2025-11-07 21:40:31.532962: I external/local_xla/xla/tsl/framework/bfc_allocator.cc:1109] InUse at 1520c70d2b00 of size 38400 next 215
2025-11-07 21:40:31.532970: I external/local_xla/xla/tsl/framework/bfc_allocator.cc:1109] InUse at 1520c70dc100 of size 2816 next 325
2025-11-07 21:40:31.532978: I external/local_xla/xla/tsl/framework/bfc_allocator.cc:1109] InUse at 1520c70dcc00 of size 2816 next 327
2025-11-07 21:40:31.532990: I external/local_xla/xla/tsl/framework/bfc_allocator.cc:1109] InUse at 1520c70dd700 of size 2816 next 328
2025-11-07 21:40:31.532998: I external/local_xla/xla/tsl/framework/bfc_allocator.cc:1109] InUse at 1520c70de200 of size 2816 next 329
2025-11-07 21:40:31.533006: I external/local_xla/xla/tsl/framework/bfc_allocator.cc:1109] InUse at 1520c70ded00 of size 2816 next 330
2025-11-07 21:40:31.533014: I external/local_xla/xla/tsl/framework/bfc_allocator.cc:1109] InUse at 1520c70df800 of size 256 next 316
2025-11-07 21:40:31.533022: I external/local_xla/xla/tsl/framework/bfc_allocator.cc:1109] InUse at 1520c70df900 of size 512 next 331
2025-11-07 21:40:31.533029: I external/local_xla/xla/tsl/framework/bfc_allocator.cc:1109] InUse at 1520c70dfb00 of size 512 next 333
2025-11-07 21:40:31.533037: I external/local_xla/xla/tsl/framework/bfc_allocator.cc:1109] InUse at 1520c70dfd00 of size 512 next 332
2025-11-07 21:40:31.533045: I external/local_xla/xla/tsl/framework/bfc_allocator.cc:1109] InUse at 1520c70dff00 of size 512 next 337
2025-11-07 21:40:31.533053: I external/local_xla/xla/tsl/framework/bfc_allocator.cc:1109] InUse at 1520c70e0100 of size 5376 next 340
2025-11-07 21:40:31.533061: I external/local_xla/xla/tsl/framework/bfc_allocator.cc:1109] InUse at 1520c70e1600 of size 256 next 341
2025-11-07 21:40:31.533068: I external/local_xla/xla/tsl/framework/bfc_allocator.cc:1109] InUse at 1520c70e1700 of size 256 next 342
2025-11-07 21:40:31.533076: I external/local_xla/xla/tsl/framework/bfc_allocator.cc:1109] InUse at 1520c70e1800 of size 2816 next 343
2025-11-07 21:40:31.533084: I external/local_xla/xla/tsl/framework/bfc_allocator.cc:1109] InUse at 1520c70e2300 of size 2816 next 344
2025-11-07 21:40:31.533092: I external/local_xla/xla/tsl/framework/bfc_allocator.cc:1109] InUse at 1520c70e2e00 of size 2816 next 346
2025-11-07 21:40:31.533100: I external/local_xla/xla/tsl/framework/bfc_allocator.cc:1109] InUse at 1520c70e3900 of size 2816 next 347
2025-11-07 21:40:31.533107: I external/local_xla/xla/tsl/framework/bfc_allocator.cc:1109] InUse at 1520c70e4400 of size 4864 next 252
2025-11-07 21:40:31.533115: I external/local_xla/xla/tsl/framework/bfc_allocator.cc:1109] InUse at 1520c70e5700 of size 76800 next 255
2025-11-07 21:40:31.533123: I external/local_xla/xla/tsl/framework/bfc_allocator.cc:1109] InUse at 1520c70f8300 of size 2816 next 348
2025-11-07 21:40:31.533131: I external/local_xla/xla/tsl/framework/bfc_allocator.cc:1109] InUse at 1520c70f8e00 of size 2816 next 349
2025-11-07 21:40:31.533145: I external/local_xla/xla/tsl/framework/bfc_allocator.cc:1109] InUse at 1520c70f9900 of size 2816 next 350
2025-11-07 21:40:31.533153: I external/local_xla/xla/tsl/framework/bfc_allocator.cc:1109] InUse at 1520c70fa400 of size 512 next 335
2025-11-07 21:40:31.533161: I external/local_xla/xla/tsl/framework/bfc_allocator.cc:1109] InUse at 1520c70fa600 of size 512 next 352
2025-11-07 21:40:31.533169: I external/local_xla/xla/tsl/framework/bfc_allocator.cc:1109] InUse at 1520c70fa800 of size 512 next 351
2025-11-07 21:40:31.533177: I external/local_xla/xla/tsl/framework/bfc_allocator.cc:1109] InUse at 1520c70faa00 of size 512 next 356
2025-11-07 21:40:31.533185: I external/local_xla/xla/tsl/framework/bfc_allocator.cc:1109] InUse at 1520c70fac00 of size 2816 next 359
2025-11-07 21:40:31.533192: I external/local_xla/xla/tsl/framework/bfc_allocator.cc:1109] InUse at 1520c70fb700 of size 256 next 360
2025-11-07 21:40:31.533200: I external/local_xla/xla/tsl/framework/bfc_allocator.cc:1109] InUse at 1520c70fb800 of size 256 next 361
2025-11-07 21:40:31.533208: I external/local_xla/xla/tsl/framework/bfc_allocator.cc:1109] InUse at 1520c70fb900 of size 2816 next 362
2025-11-07 21:40:31.533216: I external/local_xla/xla/tsl/framework/bfc_allocator.cc:1109] InUse at 1520c70fc400 of size 2816 next 363
2025-11-07 21:40:31.533224: I external/local_xla/xla/tsl/framework/bfc_allocator.cc:1109] InUse at 1520c70fcf00 of size 2816 next 365
2025-11-07 21:40:31.533231: I external/local_xla/xla/tsl/framework/bfc_allocator.cc:1109] InUse at 1520c70fda00 of size 2816 next 366
2025-11-07 21:40:31.533243: I external/local_xla/xla/tsl/framework/bfc_allocator.cc:1109] InUse at 1520c70fe500 of size 2816 next 367
2025-11-07 21:40:31.533251: I external/local_xla/xla/tsl/framework/bfc_allocator.cc:1109] InUse at 1520c70ff000 of size 2816 next 368
2025-11-07 21:40:31.533259: I external/local_xla/xla/tsl/framework/bfc_allocator.cc:1109] InUse at 1520c70ffb00 of size 2816 next 369
2025-11-07 21:40:31.533266: I external/local_xla/xla/tsl/framework/bfc_allocator.cc:1109] InUse at 1520c7100600 of size 4864 next 220
2025-11-07 21:40:31.533274: I external/local_xla/xla/tsl/framework/bfc_allocator.cc:1109] InUse at 1520c7101900 of size 153600 next 221
2025-11-07 21:40:31.533282: I external/local_xla/xla/tsl/framework/bfc_allocator.cc:1109] InUse at 1520c7127100 of size 38400 next 272
2025-11-07 21:40:31.533290: I external/local_xla/xla/tsl/framework/bfc_allocator.cc:1109] InUse at 1520c7130700 of size 38400 next 274
2025-11-07 21:40:31.533298: I external/local_xla/xla/tsl/framework/bfc_allocator.cc:1109] InUse at 1520c7139d00 of size 76800 next 236
2025-11-07 21:40:31.533306: I external/local_xla/xla/tsl/framework/bfc_allocator.cc:1109] InUse at 1520c714c900 of size 153600 next 237
2025-11-07 21:40:31.533313: I external/local_xla/xla/tsl/framework/bfc_allocator.cc:1109] InUse at 1520c7172100 of size 153600 next 243
2025-11-07 21:40:31.533321: I external/local_xla/xla/tsl/framework/bfc_allocator.cc:1109] InUse at 1520c7197900 of size 38400 next 288
2025-11-07 21:40:31.533329: I external/local_xla/xla/tsl/framework/bfc_allocator.cc:1109] InUse at 1520c71a0f00 of size 115200 next 257
2025-11-07 21:40:31.533337: I external/local_xla/xla/tsl/framework/bfc_allocator.cc:1109] InUse at 1520c71bd100 of size 153600 next 258
2025-11-07 21:40:31.533345: I external/local_xla/xla/tsl/framework/bfc_allocator.cc:1109] InUse at 1520c71e2900 of size 153600 next 263
2025-11-07 21:40:31.533352: I external/local_xla/xla/tsl/framework/bfc_allocator.cc:1109] InUse at 1520c7208100 of size 768 next 378
2025-11-07 21:40:31.533360: I external/local_xla/xla/tsl/framework/bfc_allocator.cc:1109] InUse at 1520c7208400 of size 768 next 395
2025-11-07 21:40:31.533368: I external/local_xla/xla/tsl/framework/bfc_allocator.cc:1109] InUse at 1520c7208700 of size 1280 next 371
2025-11-07 21:40:31.533376: I external/local_xla/xla/tsl/framework/bfc_allocator.cc:1109] InUse at 1520c7208c00 of size 256 next 374
2025-11-07 21:40:31.533384: I external/local_xla/xla/tsl/framework/bfc_allocator.cc:1109] InUse at 1520c7208d00 of size 768 next 370
2025-11-07 21:40:31.533391: I external/local_xla/xla/tsl/framework/bfc_allocator.cc:1109] InUse at 1520c7209000 of size 768 next 375
2025-11-07 21:40:31.533399: I external/local_xla/xla/tsl/framework/bfc_allocator.cc:1109] InUse at 1520c7209300 of size 768 next 377
2025-11-07 21:40:31.533407: I external/local_xla/xla/tsl/framework/bfc_allocator.cc:1109] InUse at 1520c7209600 of size 768 next 376
2025-11-07 21:40:31.533415: I external/local_xla/xla/tsl/framework/bfc_allocator.cc:1109] InUse at 1520c7209900 of size 256 next 379
2025-11-07 21:40:31.533423: I external/local_xla/xla/tsl/framework/bfc_allocator.cc:1109] InUse at 1520c7209a00 of size 4608 next 380
2025-11-07 21:40:31.533430: I external/local_xla/xla/tsl/framework/bfc_allocator.cc:1109] InUse at 1520c720ac00 of size 4608 next 381
2025-11-07 21:40:31.533438: I external/local_xla/xla/tsl/framework/bfc_allocator.cc:1109] InUse at 1520c720be00 of size 4608 next 382
2025-11-07 21:40:31.533446: I external/local_xla/xla/tsl/framework/bfc_allocator.cc:1109] InUse at 1520c720d000 of size 4608 next 386
2025-11-07 21:40:31.533454: I external/local_xla/xla/tsl/framework/bfc_allocator.cc:1109] InUse at 1520c720e200 of size 4608 next 388
2025-11-07 21:40:31.533462: I external/local_xla/xla/tsl/framework/bfc_allocator.cc:1109] InUse at 1520c720f400 of size 4608 next 389
2025-11-07 21:40:31.533470: I external/local_xla/xla/tsl/framework/bfc_allocator.cc:1109] InUse at 1520c7210600 of size 4608 next 390
2025-11-07 21:40:31.533481: I external/local_xla/xla/tsl/framework/bfc_allocator.cc:1109] InUse at 1520c7211800 of size 4608 next 387
2025-11-07 21:40:31.533489: I external/local_xla/xla/tsl/framework/bfc_allocator.cc:1109] InUse at 1520c7212a00 of size 256 next 392
2025-11-07 21:40:31.533497: I external/local_xla/xla/tsl/framework/bfc_allocator.cc:1109] InUse at 1520c7212b00 of size 7936 next 402
2025-11-07 21:40:31.533505: I external/local_xla/xla/tsl/framework/bfc_allocator.cc:1109] InUse at 1520c7214a00 of size 256 next 403
2025-11-07 21:40:31.533513: I external/local_xla/xla/tsl/framework/bfc_allocator.cc:1109] InUse at 1520c7214b00 of size 256 next 404
2025-11-07 21:40:31.533521: I external/local_xla/xla/tsl/framework/bfc_allocator.cc:1109] InUse at 1520c7214c00 of size 4608 next 405
2025-11-07 21:40:31.533528: I external/local_xla/xla/tsl/framework/bfc_allocator.cc:1109] InUse at 1520c7215e00 of size 4608 next 406
2025-11-07 21:40:31.533536: I external/local_xla/xla/tsl/framework/bfc_allocator.cc:1109] InUse at 1520c7217000 of size 6144 next 309
2025-11-07 21:40:31.533544: I external/local_xla/xla/tsl/framework/bfc_allocator.cc:1109] InUse at 1520c7218800 of size 86272 next 276
2025-11-07 21:40:31.533552: I external/local_xla/xla/tsl/framework/bfc_allocator.cc:1109] InUse at 1520c722d900 of size 153600 next 277
2025-11-07 21:40:31.533560: I external/local_xla/xla/tsl/framework/bfc_allocator.cc:1109] InUse at 1520c7253100 of size 268800 next 391
2025-11-07 21:40:31.533568: I external/local_xla/xla/tsl/framework/bfc_allocator.cc:1109] InUse at 1520c7294b00 of size 115200 next 412
2025-11-07 21:40:31.533576: I external/local_xla/xla/tsl/framework/bfc_allocator.cc:1109] InUse at 1520c72b0d00 of size 7680 next 491
2025-11-07 21:40:31.533584: I external/local_xla/xla/tsl/framework/bfc_allocator.cc:1109] InUse at 1520c72b2b00 of size 7680 next 492
2025-11-07 21:40:31.533591: I external/local_xla/xla/tsl/framework/bfc_allocator.cc:1109] InUse at 1520c72b4900 of size 7680 next 490
2025-11-07 21:40:31.533599: I external/local_xla/xla/tsl/framework/bfc_allocator.cc:1109] InUse at 1520c72b6700 of size 8192 next 496
2025-11-07 21:40:31.533607: I external/local_xla/xla/tsl/framework/bfc_allocator.cc:1109] InUse at 1520c72b8700 of size 1280 next 494
2025-11-07 21:40:31.533615: I external/local_xla/xla/tsl/framework/bfc_allocator.cc:1109] InUse at 1520c72b8c00 of size 1280 next 495
2025-11-07 21:40:31.533623: I external/local_xla/xla/tsl/framework/bfc_allocator.cc:1109] InUse at 1520c72b9100 of size 1280 next 497
2025-11-07 21:40:31.533630: I external/local_xla/xla/tsl/framework/bfc_allocator.cc:1109] InUse at 1520c72b9600 of size 1280 next 501
2025-11-07 21:40:31.533638: I external/local_xla/xla/tsl/framework/bfc_allocator.cc:1109] InUse at 1520c72b9b00 of size 7680 next 504
2025-11-07 21:40:31.533646: I external/local_xla/xla/tsl/framework/bfc_allocator.cc:1109] InUse at 1520c72bb900 of size 256 next 505
2025-11-07 21:40:31.533654: I external/local_xla/xla/tsl/framework/bfc_allocator.cc:1109] InUse at 1520c72bba00 of size 256 next 506
2025-11-07 21:40:31.533662: I external/local_xla/xla/tsl/framework/bfc_allocator.cc:1109] InUse at 1520c72bbb00 of size 5120 next 507
2025-11-07 21:40:31.533669: I external/local_xla/xla/tsl/framework/bfc_allocator.cc:1109] InUse at 1520c72bcf00 of size 5120 next 508
2025-11-07 21:40:31.533677: I external/local_xla/xla/tsl/framework/bfc_allocator.cc:1109] InUse at 1520c72be300 of size 5120 next 509
2025-11-07 21:40:31.533685: I external/local_xla/xla/tsl/framework/bfc_allocator.cc:1109] InUse at 1520c72bf700 of size 256 next 230
2025-11-07 21:40:31.533693: I external/local_xla/xla/tsl/framework/bfc_allocator.cc:1109] InUse at 1520c72bf800 of size 256 next 228
2025-11-07 21:40:31.533701: I external/local_xla/xla/tsl/framework/bfc_allocator.cc:1109] InUse at 1520c72bf900 of size 256 next 229
2025-11-07 21:40:31.533708: I external/local_xla/xla/tsl/framework/bfc_allocator.cc:1109] InUse at 1520c72bfa00 of size 256 next 521
2025-11-07 21:40:31.533716: I external/local_xla/xla/tsl/framework/bfc_allocator.cc:1109] InUse at 1520c72bfb00 of size 256 next 525
2025-11-07 21:40:31.533728: I external/local_xla/xla/tsl/framework/bfc_allocator.cc:1109] InUse at 1520c72bfc00 of size 256 next 526
2025-11-07 21:40:31.533736: I external/local_xla/xla/tsl/framework/bfc_allocator.cc:1109] InUse at 1520c72bfd00 of size 256 next 524
2025-11-07 21:40:31.533744: I external/local_xla/xla/tsl/framework/bfc_allocator.cc:1109] InUse at 1520c72bfe00 of size 256 next 527
2025-11-07 21:40:31.533752: I external/local_xla/xla/tsl/framework/bfc_allocator.cc:1109] InUse at 1520c72bff00 of size 256 next 530
2025-11-07 21:40:31.533760: I external/local_xla/xla/tsl/framework/bfc_allocator.cc:1109] InUse at 1520c72c0000 of size 256 next 529
2025-11-07 21:40:31.533768: I external/local_xla/xla/tsl/framework/bfc_allocator.cc:1109] InUse at 1520c72c0100 of size 256 next 531
2025-11-07 21:40:31.533775: I external/local_xla/xla/tsl/framework/bfc_allocator.cc:1109] InUse at 1520c72c0200 of size 256 next 532
2025-11-07 21:40:31.533783: I external/local_xla/xla/tsl/framework/bfc_allocator.cc:1109] InUse at 1520c72c0300 of size 256 next 533
2025-11-07 21:40:31.533791: I external/local_xla/xla/tsl/framework/bfc_allocator.cc:1109] InUse at 1520c72c0400 of size 256 next 534
2025-11-07 21:40:31.533799: I external/local_xla/xla/tsl/framework/bfc_allocator.cc:1109] InUse at 1520c72c0500 of size 256 next 535
2025-11-07 21:40:31.533806: I external/local_xla/xla/tsl/framework/bfc_allocator.cc:1109] InUse at 1520c72c0600 of size 3584 next 536
2025-11-07 21:40:31.533814: I external/local_xla/xla/tsl/framework/bfc_allocator.cc:1109] InUse at 1520c72c1400 of size 11264 next 528
2025-11-07 21:40:31.533822: I external/local_xla/xla/tsl/framework/bfc_allocator.cc:1109] InUse at 1520c72c4000 of size 14336 next 522
2025-11-07 21:40:31.533830: I external/local_xla/xla/tsl/framework/bfc_allocator.cc:1109] InUse at 1520c72c7800 of size 32768 next 523
2025-11-07 21:40:31.533841: I external/local_xla/xla/tsl/framework/bfc_allocator.cc:1109] InUse at 1520c72cf800 of size 256 next 537
2025-11-07 21:40:31.533848: I external/local_xla/xla/tsl/framework/bfc_allocator.cc:1109] InUse at 1520c72cf900 of size 1536 next 538
2025-11-07 21:40:31.533856: I external/local_xla/xla/tsl/framework/bfc_allocator.cc:1109] InUse at 1520c72cff00 of size 256 next 539
2025-11-07 21:40:31.533864: I external/local_xla/xla/tsl/framework/bfc_allocator.cc:1109] InUse at 1520c72d0000 of size 1536 next 540
2025-11-07 21:40:31.533872: I external/local_xla/xla/tsl/framework/bfc_allocator.cc:1109] InUse at 1520c72d0600 of size 70400 next 297
2025-11-07 21:40:31.533880: I external/local_xla/xla/tsl/framework/bfc_allocator.cc:1109] InUse at 1520c72e1900 of size 219648 next 408
2025-11-07 21:40:31.533888: I external/local_xla/xla/tsl/framework/bfc_allocator.cc:1109] InUse at 1520c7317300 of size 4608 next 409
2025-11-07 21:40:31.533896: I external/local_xla/xla/tsl/framework/bfc_allocator.cc:1109] InUse at 1520c7318500 of size 4608 next 410
2025-11-07 21:40:31.533904: I external/local_xla/xla/tsl/framework/bfc_allocator.cc:1109] InUse at 1520c7319700 of size 4608 next 411
2025-11-07 21:40:31.533911: I external/local_xla/xla/tsl/framework/bfc_allocator.cc:1109] InUse at 1520c731a900 of size 256 next 298
2025-11-07 21:40:31.533919: I external/local_xla/xla/tsl/framework/bfc_allocator.cc:1109] InUse at 1520c731aa00 of size 768 next 413
2025-11-07 21:40:31.533927: I external/local_xla/xla/tsl/framework/bfc_allocator.cc:1109] InUse at 1520c731ad00 of size 768 next 415
2025-11-07 21:40:31.533935: I external/local_xla/xla/tsl/framework/bfc_allocator.cc:1109] InUse at 1520c731b000 of size 768 next 414
2025-11-07 21:40:31.533943: I external/local_xla/xla/tsl/framework/bfc_allocator.cc:1109] InUse at 1520c731b300 of size 768 next 419
2025-11-07 21:40:31.533951: I external/local_xla/xla/tsl/framework/bfc_allocator.cc:1109] InUse at 1520c731b600 of size 8960 next 422
2025-11-07 21:40:31.533959: I external/local_xla/xla/tsl/framework/bfc_allocator.cc:1109] InUse at 1520c731d900 of size 256 next 423
2025-11-07 21:40:31.533966: I external/local_xla/xla/tsl/framework/bfc_allocator.cc:1109] InUse at 1520c731da00 of size 256 next 424
2025-11-07 21:40:31.533979: I external/local_xla/xla/tsl/framework/bfc_allocator.cc:1109] InUse at 1520c731db00 of size 4608 next 425
2025-11-07 21:40:31.533988: I external/local_xla/xla/tsl/framework/bfc_allocator.cc:1109] InUse at 1520c731ed00 of size 4608 next 426
2025-11-07 21:40:31.533995: I external/local_xla/xla/tsl/framework/bfc_allocator.cc:1109] InUse at 1520c731ff00 of size 4608 next 428
2025-11-07 21:40:31.534003: I external/local_xla/xla/tsl/framework/bfc_allocator.cc:1109] InUse at 1520c7321100 of size 4608 next 429
2025-11-07 21:40:31.534011: I external/local_xla/xla/tsl/framework/bfc_allocator.cc:1109] InUse at 1520c7322300 of size 4608 next 430
2025-11-07 21:40:31.534019: I external/local_xla/xla/tsl/framework/bfc_allocator.cc:1109] InUse at 1520c7323500 of size 4608 next 431
2025-11-07 21:40:31.534027: I external/local_xla/xla/tsl/framework/bfc_allocator.cc:1109] InUse at 1520c7324700 of size 4608 next 433
2025-11-07 21:40:31.534035: I external/local_xla/xla/tsl/framework/bfc_allocator.cc:1109] InUse at 1520c7325900 of size 4608 next 434
2025-11-07 21:40:31.534042: I external/local_xla/xla/tsl/framework/bfc_allocator.cc:1109] InUse at 1520c7326b00 of size 768 next 417
2025-11-07 21:40:31.534050: I external/local_xla/xla/tsl/framework/bfc_allocator.cc:1109] InUse at 1520c7326e00 of size 6400 next 314
2025-11-07 21:40:31.534058: I external/local_xla/xla/tsl/framework/bfc_allocator.cc:1109] InUse at 1520c7328700 of size 75264 next 315
2025-11-07 21:40:31.534066: I external/local_xla/xla/tsl/framework/bfc_allocator.cc:1109] InUse at 1520c733ad00 of size 75264 next 317
2025-11-07 21:40:31.534074: I external/local_xla/xla/tsl/framework/bfc_allocator.cc:1109] InUse at 1520c734d300 of size 75264 next 303
2025-11-07 21:40:31.534082: I external/local_xla/xla/tsl/framework/bfc_allocator.cc:1109] InUse at 1520c735f900 of size 301056 next 304
2025-11-07 21:40:31.534090: I external/local_xla/xla/tsl/framework/bfc_allocator.cc:1109] InUse at 1520c73a9100 of size 75264 next 334
2025-11-07 21:40:31.534098: I external/local_xla/xla/tsl/framework/bfc_allocator.cc:1109] InUse at 1520c73bb700 of size 75264 next 336
2025-11-07 21:40:31.534106: I external/local_xla/xla/tsl/framework/bfc_allocator.cc:1109] InUse at 1520c73cdd00 of size 75264 next 353
2025-11-07 21:40:31.534114: I external/local_xla/xla/tsl/framework/bfc_allocator.cc:1109] InUse at 1520c73e0300 of size 75264 next 319
2025-11-07 21:40:31.534121: I external/local_xla/xla/tsl/framework/bfc_allocator.cc:1109] InUse at 1520c73f2900 of size 301056 next 320
2025-11-07 21:40:31.534129: I external/local_xla/xla/tsl/framework/bfc_allocator.cc:1109] InUse at 1520c743c100 of size 301056 next 326
2025-11-07 21:40:31.534148: I external/local_xla/xla/tsl/framework/bfc_allocator.cc:1109] InUse at 1520c7485900 of size 75264 next 355
2025-11-07 21:40:31.534156: I external/local_xla/xla/tsl/framework/bfc_allocator.cc:1109] InUse at 1520c7497f00 of size 768 next 439
2025-11-07 21:40:31.534164: I external/local_xla/xla/tsl/framework/bfc_allocator.cc:1109] InUse at 1520c7498200 of size 768 next 435
2025-11-07 21:40:31.534172: I external/local_xla/xla/tsl/framework/bfc_allocator.cc:1109] InUse at 1520c7498500 of size 768 next 436
2025-11-07 21:40:31.534180: I external/local_xla/xla/tsl/framework/bfc_allocator.cc:1109] InUse at 1520c7498800 of size 1024 next 442
2025-11-07 21:40:31.534188: I external/local_xla/xla/tsl/framework/bfc_allocator.cc:1109] InUse at 1520c7498c00 of size 256 next 443
2025-11-07 21:40:31.534196: I external/local_xla/xla/tsl/framework/bfc_allocator.cc:1109] InUse at 1520c7498d00 of size 4608 next 444
2025-11-07 21:40:31.534203: I external/local_xla/xla/tsl/framework/bfc_allocator.cc:1109] InUse at 1520c7499f00 of size 4608 next 445
2025-11-07 21:40:31.534211: I external/local_xla/xla/tsl/framework/bfc_allocator.cc:1109] InUse at 1520c749b100 of size 4608 next 447
2025-11-07 21:40:31.534219: I external/local_xla/xla/tsl/framework/bfc_allocator.cc:1109] InUse at 1520c749c300 of size 4608 next 448
2025-11-07 21:40:31.534230: I external/local_xla/xla/tsl/framework/bfc_allocator.cc:1109] InUse at 1520c749d500 of size 4608 next 449
2025-11-07 21:40:31.534238: I external/local_xla/xla/tsl/framework/bfc_allocator.cc:1109] InUse at 1520c749e700 of size 4608 next 450
2025-11-07 21:40:31.534246: I external/local_xla/xla/tsl/framework/bfc_allocator.cc:1109] InUse at 1520c749f900 of size 4608 next 451
2025-11-07 21:40:31.534254: I external/local_xla/xla/tsl/framework/bfc_allocator.cc:1109] InUse at 1520c74a0b00 of size 4608 next 452
2025-11-07 21:40:31.534262: I external/local_xla/xla/tsl/framework/bfc_allocator.cc:1109] InUse at 1520c74a1d00 of size 768 next 454
2025-11-07 21:40:31.534270: I external/local_xla/xla/tsl/framework/bfc_allocator.cc:1109] InUse at 1520c74a2000 of size 768 next 453
2025-11-07 21:40:31.534278: I external/local_xla/xla/tsl/framework/bfc_allocator.cc:1109] InUse at 1520c74a2300 of size 768 next 459
2025-11-07 21:40:31.534285: I external/local_xla/xla/tsl/framework/bfc_allocator.cc:1109] InUse at 1520c74a2600 of size 5376 next 462
2025-11-07 21:40:31.534294: I external/local_xla/xla/tsl/framework/bfc_allocator.cc:1109] InUse at 1520c74a3b00 of size 256 next 463
2025-11-07 21:40:31.534302: I external/local_xla/xla/tsl/framework/bfc_allocator.cc:1109] InUse at 1520c74a3c00 of size 256 next 464
2025-11-07 21:40:31.534310: I external/local_xla/xla/tsl/framework/bfc_allocator.cc:1109] InUse at 1520c74a3d00 of size 4608 next 465
2025-11-07 21:40:31.534317: I external/local_xla/xla/tsl/framework/bfc_allocator.cc:1109] InUse at 1520c74a4f00 of size 4608 next 466
2025-11-07 21:40:31.534325: I external/local_xla/xla/tsl/framework/bfc_allocator.cc:1109] InUse at 1520c74a6100 of size 4608 next 468
2025-11-07 21:40:31.534333: I external/local_xla/xla/tsl/framework/bfc_allocator.cc:1109] InUse at 1520c74a7300 of size 4608 next 469
2025-11-07 21:40:31.534341: I external/local_xla/xla/tsl/framework/bfc_allocator.cc:1109] InUse at 1520c74a8500 of size 8192 next 372
2025-11-07 21:40:31.534349: I external/local_xla/xla/tsl/framework/bfc_allocator.cc:1109] InUse at 1520c74aa500 of size 75264 next 373
2025-11-07 21:40:31.534357: I external/local_xla/xla/tsl/framework/bfc_allocator.cc:1109] InUse at 1520c74bcb00 of size 4608 next 397
2025-11-07 21:40:31.534365: I external/local_xla/xla/tsl/framework/bfc_allocator.cc:1109] InUse at 1520c74bdd00 of size 70656 next 338
2025-11-07 21:40:31.534373: I external/local_xla/xla/tsl/framework/bfc_allocator.cc:1109] InUse at 1520c74cf100 of size 301056 next 339
2025-11-07 21:40:31.534380: I external/local_xla/xla/tsl/framework/bfc_allocator.cc:1109] InUse at 1520c7518900 of size 301056 next 345
2025-11-07 21:40:31.534388: I external/local_xla/xla/tsl/framework/bfc_allocator.cc:1109] InUse at 1520c7562100 of size 115200 next 432
2025-11-07 21:40:31.534396: I external/local_xla/xla/tsl/framework/bfc_allocator.cc:1109] InUse at 1520c757e300 of size 256 next 511
2025-11-07 21:40:31.534404: I external/local_xla/xla/tsl/framework/bfc_allocator.cc:1109] InUse at 1520c757e400 of size 256 next 512
2025-11-07 21:40:31.534412: I external/local_xla/xla/tsl/framework/bfc_allocator.cc:1109] InUse at 1520c757e500 of size 3584 next 18
2025-11-07 21:40:31.534420: I external/local_xla/xla/tsl/framework/bfc_allocator.cc:1109] InUse at 1520c757f300 of size 6144 next 37
2025-11-07 21:40:31.534428: I external/local_xla/xla/tsl/framework/bfc_allocator.cc:1109] InUse at 1520c7580b00 of size 9216 next 75
2025-11-07 21:40:31.534436: I external/local_xla/xla/tsl/framework/bfc_allocator.cc:1109] InUse at 1520c7582f00 of size 13824 next 516
2025-11-07 21:40:31.534445: I external/local_xla/xla/tsl/framework/bfc_allocator.cc:1109] InUse at 1520c7586500 of size 14592 next 120
2025-11-07 21:40:31.534453: I external/local_xla/xla/tsl/framework/bfc_allocator.cc:1109] InUse at 1520c7589e00 of size 35072 next 473
2025-11-07 21:40:31.534461: I external/local_xla/xla/tsl/framework/bfc_allocator.cc:1109] InUse at 1520c7592700 of size 4608 next 474
2025-11-07 21:40:31.534469: I external/local_xla/xla/tsl/framework/bfc_allocator.cc:1109] InUse at 1520c7593900 of size 4608 next 470
2025-11-07 21:40:31.534480: I external/local_xla/xla/tsl/framework/bfc_allocator.cc:1109] InUse at 1520c7594b00 of size 256 next 458
2025-11-07 21:40:31.534489: I external/local_xla/xla/tsl/framework/bfc_allocator.cc:1109] InUse at 1520c7594c00 of size 4608 next 457
2025-11-07 21:40:31.534497: I external/local_xla/xla/tsl/framework/bfc_allocator.cc:1109] InUse at 1520c7595e00 of size 1280 next 482
2025-11-07 21:40:31.534505: I external/local_xla/xla/tsl/framework/bfc_allocator.cc:1109] InUse at 1520c7596300 of size 7680 next 488
2025-11-07 21:40:31.534513: I external/local_xla/xla/tsl/framework/bfc_allocator.cc:1109] InUse at 1520c7598100 of size 256 next 510
2025-11-07 21:40:31.534521: I external/local_xla/xla/tsl/framework/bfc_allocator.cc:1109] InUse at 1520c7598200 of size 256 next 393
2025-11-07 21:40:31.534529: I external/local_xla/xla/tsl/framework/bfc_allocator.cc:1109] InUse at 1520c7598300 of size 256 next 499
2025-11-07 21:40:31.534537: I external/local_xla/xla/tsl/framework/bfc_allocator.cc:1109] InUse at 1520c7598400 of size 36096 next 476
2025-11-07 21:40:31.534545: I external/local_xla/xla/tsl/framework/bfc_allocator.cc:1109] InUse at 1520c75a1100 of size 256 next 477
2025-11-07 21:40:31.534553: I external/local_xla/xla/tsl/framework/bfc_allocator.cc:1109] InUse at 1520c75a1200 of size 1280 next 475
2025-11-07 21:40:31.534560: I external/local_xla/xla/tsl/framework/bfc_allocator.cc:1109] InUse at 1520c75a1700 of size 1280 next 479
2025-11-07 21:40:31.534568: I external/local_xla/xla/tsl/framework/bfc_allocator.cc:1109] InUse at 1520c75a1c00 of size 1280 next 481
2025-11-07 21:40:31.534576: I external/local_xla/xla/tsl/framework/bfc_allocator.cc:1109] InUse at 1520c75a2100 of size 512 next 394
2025-11-07 21:40:31.534584: I external/local_xla/xla/tsl/framework/bfc_allocator.cc:1109] InUse at 1520c75a2300 of size 256 next 493
2025-11-07 21:40:31.534592: I external/local_xla/xla/tsl/framework/bfc_allocator.cc:1109] InUse at 1520c75a2400 of size 512 next 480
2025-11-07 21:40:31.534600: I external/local_xla/xla/tsl/framework/bfc_allocator.cc:1109] InUse at 1520c75a2600 of size 256 next 483
2025-11-07 21:40:31.534608: I external/local_xla/xla/tsl/framework/bfc_allocator.cc:1109] InUse at 1520c75a2700 of size 7680 next 484
2025-11-07 21:40:31.534616: I external/local_xla/xla/tsl/framework/bfc_allocator.cc:1109] InUse at 1520c75a4500 of size 7680 next 485
2025-11-07 21:40:31.534624: I external/local_xla/xla/tsl/framework/bfc_allocator.cc:1109] InUse at 1520c75a6300 of size 7680 next 486
2025-11-07 21:40:31.534631: I external/local_xla/xla/tsl/framework/bfc_allocator.cc:1109] InUse at 1520c75a8100 of size 14336 next 357
2025-11-07 21:40:31.534639: I external/local_xla/xla/tsl/framework/bfc_allocator.cc:1109] InUse at 1520c75ab900 of size 301056 next 358
2025-11-07 21:40:31.534647: I external/local_xla/xla/tsl/framework/bfc_allocator.cc:1109] InUse at 1520c75f5100 of size 884736 next 354
2025-11-07 21:40:31.534655: I external/local_xla/xla/tsl/framework/bfc_allocator.cc:1109] InUse at 1520c76cd100 of size 614400 next 441
2025-11-07 21:40:31.534663: I external/local_xla/xla/tsl/framework/bfc_allocator.cc:1109] InUse at 1520c7763100 of size 41472 next 543
2025-11-07 21:40:31.534674: I external/local_xla/xla/tsl/framework/bfc_allocator.cc:1109] InUse at 1520c776d300 of size 69120 next 545
2025-11-07 21:40:31.534681: I external/local_xla/xla/tsl/framework/bfc_allocator.cc:1109] InUse at 1520c777e100 of size 512 next 550
2025-11-07 21:40:31.534689: I external/local_xla/xla/tsl/framework/bfc_allocator.cc:1109] InUse at 1520c777e300 of size 32768 next 551
2025-11-07 21:40:31.534697: I external/local_xla/xla/tsl/framework/bfc_allocator.cc:1109] InUse at 1520c7786300 of size 256 next 552
2025-11-07 21:40:31.534705: I external/local_xla/xla/tsl/framework/bfc_allocator.cc:1109] InUse at 1520c7786400 of size 8448 next 553
2025-11-07 21:40:31.534713: I external/local_xla/xla/tsl/framework/bfc_allocator.cc:1109] InUse at 1520c7788500 of size 256 next 554
2025-11-07 21:40:31.534725: I external/local_xla/xla/tsl/framework/bfc_allocator.cc:1109] InUse at 1520c7788600 of size 256 next 555
2025-11-07 21:40:31.534734: I external/local_xla/xla/tsl/framework/bfc_allocator.cc:1109] InUse at 1520c7788700 of size 256 next 556
2025-11-07 21:40:31.534742: I external/local_xla/xla/tsl/framework/bfc_allocator.cc:1109] InUse at 1520c7788800 of size 256 next 557
2025-11-07 21:40:31.534749: I external/local_xla/xla/tsl/framework/bfc_allocator.cc:1109] InUse at 1520c7788900 of size 256 next 558
2025-11-07 21:40:31.534757: I external/local_xla/xla/tsl/framework/bfc_allocator.cc:1109] InUse at 1520c7788a00 of size 6144 next 559
2025-11-07 21:40:31.534765: I external/local_xla/xla/tsl/framework/bfc_allocator.cc:1109] InUse at 1520c778a200 of size 14592 next 560
2025-11-07 21:40:31.534773: I external/local_xla/xla/tsl/framework/bfc_allocator.cc:1109] InUse at 1520c778db00 of size 5120 next 561
2025-11-07 21:40:31.534781: I external/local_xla/xla/tsl/framework/bfc_allocator.cc:1109] InUse at 1520c778ef00 of size 5120 next 562
2025-11-07 21:40:31.534789: I external/local_xla/xla/tsl/framework/bfc_allocator.cc:1109] InUse at 1520c7790300 of size 5120 next 563
2025-11-07 21:40:31.534796: I external/local_xla/xla/tsl/framework/bfc_allocator.cc:1109] InUse at 1520c7791700 of size 5120 next 564
2025-11-07 21:40:31.534804: I external/local_xla/xla/tsl/framework/bfc_allocator.cc:1109] InUse at 1520c7792b00 of size 256 next 573
2025-11-07 21:40:31.534812: I external/local_xla/xla/tsl/framework/bfc_allocator.cc:1109] InUse at 1520c7792c00 of size 256 next 574
2025-11-07 21:40:31.534820: I external/local_xla/xla/tsl/framework/bfc_allocator.cc:1109] InUse at 1520c7792d00 of size 256 next 575
2025-11-07 21:40:31.534828: I external/local_xla/xla/tsl/framework/bfc_allocator.cc:1109] InUse at 1520c7792e00 of size 256 next 576
2025-11-07 21:40:31.534836: I external/local_xla/xla/tsl/framework/bfc_allocator.cc:1109] InUse at 1520c7792f00 of size 256 next 577
2025-11-07 21:40:31.534843: I external/local_xla/xla/tsl/framework/bfc_allocator.cc:1109] InUse at 1520c7793000 of size 256 next 578
2025-11-07 21:40:31.534851: I external/local_xla/xla/tsl/framework/bfc_allocator.cc:1109] InUse at 1520c7793100 of size 256 next 579
2025-11-07 21:40:31.534859: I external/local_xla/xla/tsl/framework/bfc_allocator.cc:1109] InUse at 1520c7793200 of size 256 next 580
2025-11-07 21:40:31.534867: I external/local_xla/xla/tsl/framework/bfc_allocator.cc:1109] InUse at 1520c7793300 of size 256 next 581
2025-11-07 21:40:31.534875: I external/local_xla/xla/tsl/framework/bfc_allocator.cc:1109] InUse at 1520c7793400 of size 256 next 582
2025-11-07 21:40:31.534883: I external/local_xla/xla/tsl/framework/bfc_allocator.cc:1109] InUse at 1520c7793500 of size 221184 next 583
2025-11-07 21:40:31.534891: I external/local_xla/xla/tsl/framework/bfc_allocator.cc:1109] InUse at 1520c77c9500 of size 224000 next 18446744073709551615
2025-11-07 21:40:31.534899: I external/local_xla/xla/tsl/framework/bfc_allocator.cc:1114]      Summary of in-use Chunks by size: 
2025-11-07 21:40:31.534909: I external/local_xla/xla/tsl/framework/bfc_allocator.cc:1117] 213 Chunks of size 256 totalling 53.2KiB
2025-11-07 21:40:31.534918: I external/local_xla/xla/tsl/framework/bfc_allocator.cc:1117] 86 Chunks of size 512 totalling 43.0KiB
2025-11-07 21:40:31.534927: I external/local_xla/xla/tsl/framework/bfc_allocator.cc:1117] 97 Chunks of size 768 totalling 72.8KiB
2025-11-07 21:40:31.534935: I external/local_xla/xla/tsl/framework/bfc_allocator.cc:1117] 56 Chunks of size 1024 totalling 56.0KiB
2025-11-07 21:40:31.534944: I external/local_xla/xla/tsl/framework/bfc_allocator.cc:1117] 23 Chunks of size 1280 totalling 28.8KiB
2025-11-07 21:40:31.534952: I external/local_xla/xla/tsl/framework/bfc_allocator.cc:1117] 5 Chunks of size 1536 totalling 7.5KiB
2025-11-07 21:40:31.534960: I external/local_xla/xla/tsl/framework/bfc_allocator.cc:1117] 2 Chunks of size 1792 totalling 3.5KiB
2025-11-07 21:40:31.534968: I external/local_xla/xla/tsl/framework/bfc_allocator.cc:1117] 69 Chunks of size 2048 totalling 138.0KiB
2025-11-07 21:40:31.534980: I external/local_xla/xla/tsl/framework/bfc_allocator.cc:1117] 1 Chunks of size 2304 totalling 2.2KiB
2025-11-07 21:40:31.534989: I external/local_xla/xla/tsl/framework/bfc_allocator.cc:1117] 3 Chunks of size 2560 totalling 7.5KiB
2025-11-07 21:40:31.534998: I external/local_xla/xla/tsl/framework/bfc_allocator.cc:1117] 70 Chunks of size 2816 totalling 192.5KiB
2025-11-07 21:40:31.535006: I external/local_xla/xla/tsl/framework/bfc_allocator.cc:1117] 3 Chunks of size 3072 totalling 9.0KiB
2025-11-07 21:40:31.535015: I external/local_xla/xla/tsl/framework/bfc_allocator.cc:1117] 1 Chunks of size 3328 totalling 3.2KiB
2025-11-07 21:40:31.535023: I external/local_xla/xla/tsl/framework/bfc_allocator.cc:1117] 19 Chunks of size 3584 totalling 66.5KiB
2025-11-07 21:40:31.535031: I external/local_xla/xla/tsl/framework/bfc_allocator.cc:1117] 2 Chunks of size 3840 totalling 7.5KiB
2025-11-07 21:40:31.535040: I external/local_xla/xla/tsl/framework/bfc_allocator.cc:1117] 88 Chunks of size 4608 totalling 396.0KiB
2025-11-07 21:40:31.535048: I external/local_xla/xla/tsl/framework/bfc_allocator.cc:1117] 2 Chunks of size 4864 totalling 9.5KiB
2025-11-07 21:40:31.535056: I external/local_xla/xla/tsl/framework/bfc_allocator.cc:1117] 8 Chunks of size 5120 totalling 40.0KiB
2025-11-07 21:40:31.535065: I external/local_xla/xla/tsl/framework/bfc_allocator.cc:1117] 8 Chunks of size 5376 totalling 42.0KiB
2025-11-07 21:40:31.535073: I external/local_xla/xla/tsl/framework/bfc_allocator.cc:1117] 1 Chunks of size 5632 totalling 5.5KiB
2025-11-07 21:40:31.535081: I external/local_xla/xla/tsl/framework/bfc_allocator.cc:1117] 4 Chunks of size 6144 totalling 24.0KiB
2025-11-07 21:40:31.535090: I external/local_xla/xla/tsl/framework/bfc_allocator.cc:1117] 2 Chunks of size 6400 totalling 12.5KiB
2025-11-07 21:40:31.535098: I external/local_xla/xla/tsl/framework/bfc_allocator.cc:1117] 18 Chunks of size 7680 totalling 135.0KiB
2025-11-07 21:40:31.535106: I external/local_xla/xla/tsl/framework/bfc_allocator.cc:1117] 1 Chunks of size 7936 totalling 7.8KiB
2025-11-07 21:40:31.535115: I external/local_xla/xla/tsl/framework/bfc_allocator.cc:1117] 3 Chunks of size 8192 totalling 24.0KiB
2025-11-07 21:40:31.535123: I external/local_xla/xla/tsl/framework/bfc_allocator.cc:1117] 1 Chunks of size 8448 totalling 8.2KiB
2025-11-07 21:40:31.535137: I external/local_xla/xla/tsl/framework/bfc_allocator.cc:1117] 1 Chunks of size 8704 totalling 8.5KiB
2025-11-07 21:40:31.535146: I external/local_xla/xla/tsl/framework/bfc_allocator.cc:1117] 1 Chunks of size 8960 totalling 8.8KiB
2025-11-07 21:40:31.535154: I external/local_xla/xla/tsl/framework/bfc_allocator.cc:1117] 3 Chunks of size 9216 totalling 27.0KiB
2025-11-07 21:40:31.535162: I external/local_xla/xla/tsl/framework/bfc_allocator.cc:1117] 15 Chunks of size 9728 totalling 142.5KiB
2025-11-07 21:40:31.535171: I external/local_xla/xla/tsl/framework/bfc_allocator.cc:1117] 1 Chunks of size 9984 totalling 9.8KiB
2025-11-07 21:40:31.535179: I external/local_xla/xla/tsl/framework/bfc_allocator.cc:1117] 1 Chunks of size 11264 totalling 11.0KiB
2025-11-07 21:40:31.535187: I external/local_xla/xla/tsl/framework/bfc_allocator.cc:1117] 15 Chunks of size 13824 totalling 202.5KiB
2025-11-07 21:40:31.535195: I external/local_xla/xla/tsl/framework/bfc_allocator.cc:1117] 3 Chunks of size 14336 totalling 42.0KiB
2025-11-07 21:40:31.535204: I external/local_xla/xla/tsl/framework/bfc_allocator.cc:1117] 2 Chunks of size 14592 totalling 28.5KiB
2025-11-07 21:40:31.535212: I external/local_xla/xla/tsl/framework/bfc_allocator.cc:1117] 8 Chunks of size 17408 totalling 136.0KiB
2025-11-07 21:40:31.535220: I external/local_xla/xla/tsl/framework/bfc_allocator.cc:1117] 1 Chunks of size 17920 totalling 17.5KiB
2025-11-07 21:40:31.535229: I external/local_xla/xla/tsl/framework/bfc_allocator.cc:1117] 5 Chunks of size 24064 totalling 117.5KiB
2025-11-07 21:40:31.535237: I external/local_xla/xla/tsl/framework/bfc_allocator.cc:1117] 1 Chunks of size 28672 totalling 28.0KiB
2025-11-07 21:40:31.535245: I external/local_xla/xla/tsl/framework/bfc_allocator.cc:1117] 2 Chunks of size 32768 totalling 64.0KiB
2025-11-07 21:40:31.535260: I external/local_xla/xla/tsl/framework/bfc_allocator.cc:1117] 1 Chunks of size 35072 totalling 34.2KiB
2025-11-07 21:40:31.535269: I external/local_xla/xla/tsl/framework/bfc_allocator.cc:1117] 1 Chunks of size 36096 totalling 35.2KiB
2025-11-07 21:40:31.535277: I external/local_xla/xla/tsl/framework/bfc_allocator.cc:1117] 39 Chunks of size 38400 totalling 1.43MiB
2025-11-07 21:40:31.535285: I external/local_xla/xla/tsl/framework/bfc_allocator.cc:1117] 1 Chunks of size 41472 totalling 40.5KiB
2025-11-07 21:40:31.535294: I external/local_xla/xla/tsl/framework/bfc_allocator.cc:1117] 1 Chunks of size 46080 totalling 45.0KiB
2025-11-07 21:40:31.535302: I external/local_xla/xla/tsl/framework/bfc_allocator.cc:1117] 8 Chunks of size 67328 totalling 526.0KiB
2025-11-07 21:40:31.535310: I external/local_xla/xla/tsl/framework/bfc_allocator.cc:1117] 2 Chunks of size 69120 totalling 135.0KiB
2025-11-07 21:40:31.535319: I external/local_xla/xla/tsl/framework/bfc_allocator.cc:1117] 1 Chunks of size 70400 totalling 68.8KiB
2025-11-07 21:40:31.535327: I external/local_xla/xla/tsl/framework/bfc_allocator.cc:1117] 1 Chunks of size 70656 totalling 69.0KiB
2025-11-07 21:40:31.535335: I external/local_xla/xla/tsl/framework/bfc_allocator.cc:1117] 25 Chunks of size 75264 totalling 1.79MiB
2025-11-07 21:40:31.535344: I external/local_xla/xla/tsl/framework/bfc_allocator.cc:1117] 3 Chunks of size 76800 totalling 225.0KiB
2025-11-07 21:40:31.535352: I external/local_xla/xla/tsl/framework/bfc_allocator.cc:1117] 1 Chunks of size 86272 totalling 84.2KiB
2025-11-07 21:40:31.535360: I external/local_xla/xla/tsl/framework/bfc_allocator.cc:1117] 1 Chunks of size 105984 totalling 103.5KiB
2025-11-07 21:40:31.535369: I external/local_xla/xla/tsl/framework/bfc_allocator.cc:1117] 11 Chunks of size 115200 totalling 1.21MiB
2025-11-07 21:40:31.535377: I external/local_xla/xla/tsl/framework/bfc_allocator.cc:1117] 2 Chunks of size 131840 totalling 257.5KiB
2025-11-07 21:40:31.535385: I external/local_xla/xla/tsl/framework/bfc_allocator.cc:1117] 1 Chunks of size 152064 totalling 148.5KiB
2025-11-07 21:40:31.535393: I external/local_xla/xla/tsl/framework/bfc_allocator.cc:1117] 20 Chunks of size 153600 totalling 2.93MiB
2025-11-07 21:40:31.535402: I external/local_xla/xla/tsl/framework/bfc_allocator.cc:1117] 1 Chunks of size 215040 totalling 210.0KiB
2025-11-07 21:40:31.535410: I external/local_xla/xla/tsl/framework/bfc_allocator.cc:1117] 1 Chunks of size 219648 totalling 214.5KiB
2025-11-07 21:40:31.535418: I external/local_xla/xla/tsl/framework/bfc_allocator.cc:1117] 30 Chunks of size 221184 totalling 6.33MiB
2025-11-07 21:40:31.535426: I external/local_xla/xla/tsl/framework/bfc_allocator.cc:1117] 1 Chunks of size 224000 totalling 218.8KiB
2025-11-07 21:40:31.535435: I external/local_xla/xla/tsl/framework/bfc_allocator.cc:1117] 2 Chunks of size 263424 totalling 514.5KiB
2025-11-07 21:40:31.535443: I external/local_xla/xla/tsl/framework/bfc_allocator.cc:1117] 1 Chunks of size 268800 totalling 262.5KiB
2025-11-07 21:40:31.535451: I external/local_xla/xla/tsl/framework/bfc_allocator.cc:1117] 20 Chunks of size 301056 totalling 5.74MiB
2025-11-07 21:40:31.535459: I external/local_xla/xla/tsl/framework/bfc_allocator.cc:1117] 1 Chunks of size 448512 totalling 438.0KiB
2025-11-07 21:40:31.535468: I external/local_xla/xla/tsl/framework/bfc_allocator.cc:1117] 1 Chunks of size 516096 totalling 504.0KiB
2025-11-07 21:40:31.535476: I external/local_xla/xla/tsl/framework/bfc_allocator.cc:1117] 1 Chunks of size 604160 totalling 590.0KiB
2025-11-07 21:40:31.535484: I external/local_xla/xla/tsl/framework/bfc_allocator.cc:1117] 3 Chunks of size 614400 totalling 1.76MiB
2025-11-07 21:40:31.535493: I external/local_xla/xla/tsl/framework/bfc_allocator.cc:1117] 2 Chunks of size 655360 totalling 1.25MiB
2025-11-07 21:40:31.535501: I external/local_xla/xla/tsl/framework/bfc_allocator.cc:1117] 1 Chunks of size 696320 totalling 680.0KiB
2025-11-07 21:40:31.535509: I external/local_xla/xla/tsl/framework/bfc_allocator.cc:1117] 26 Chunks of size 884736 totalling 21.94MiB
2025-11-07 21:40:31.535521: I external/local_xla/xla/tsl/framework/bfc_allocator.cc:1117] 1 Chunks of size 1303808 totalling 1.24MiB
2025-11-07 21:40:31.535530: I external/local_xla/xla/tsl/framework/bfc_allocator.cc:1117] 1 Chunks of size 1638400 totalling 1.56MiB
2025-11-07 21:40:31.535538: I external/local_xla/xla/tsl/framework/bfc_allocator.cc:1117] 1 Chunks of size 1736704 totalling 1.66MiB
2025-11-07 21:40:31.535546: I external/local_xla/xla/tsl/framework/bfc_allocator.cc:1117] 1 Chunks of size 1756160 totalling 1.67MiB
2025-11-07 21:40:31.535555: I external/local_xla/xla/tsl/framework/bfc_allocator.cc:1117] 5 Chunks of size 2457600 totalling 11.72MiB
2025-11-07 21:40:31.535563: I external/local_xla/xla/tsl/framework/bfc_allocator.cc:1117] 1 Chunks of size 3170304 totalling 3.02MiB
2025-11-07 21:40:31.535571: I external/local_xla/xla/tsl/framework/bfc_allocator.cc:1117] 1 Chunks of size 4194304 totalling 4.00MiB
2025-11-07 21:40:31.535580: I external/local_xla/xla/tsl/framework/bfc_allocator.cc:1117] 1 Chunks of size 536870912 totalling 512.00MiB
2025-11-07 21:40:31.535588: I external/local_xla/xla/tsl/framework/bfc_allocator.cc:1121] Sum Total of in-use chunks: 588.72MiB
2025-11-07 21:40:31.535596: I external/local_xla/xla/tsl/framework/bfc_allocator.cc:1123] Total bytes in pool: 10792992768 memory_limit_: 10792992768 available bytes: 0 curr_region_allocation_bytes_: 8589934592
2025-11-07 21:40:31.535609: I external/local_xla/xla/tsl/framework/bfc_allocator.cc:1128] Stats: 
Limit:                     10792992768
InUse:                       617318144
MaxInUse:                   8442345984
NumAllocs:                        7725
MaxAllocSize:               5261006080
Reserved:                            0
PeakReserved:                        0
LargestFreeBlock:                    0

2025-11-07 21:40:31.535634: W external/local_xla/xla/tsl/framework/bfc_allocator.cc:508] _____________________________________________________________________________________________*******
2025-11-07 21:40:31.536963: I tensorflow/core/framework/local_rendezvous.cc:405] Local rendezvous is aborting with status: RESOURCE_EXHAUSTED: Out of memory while trying to allocate 19783402800 bytes.
	 [[{{node StatefulPartitionedCall}}]]
Hint: If you want to see a list of allocated tensors when OOM happens, add report_tensor_allocations_upon_oom to RunOptions for current allocation info. This isn't available when running in Eager mode.

Traceback (most recent call last):
  File "/home/jordanw7/koa_scratch/ADSA-AI/ADSA-AI-JordanWang/ModelScripts/EfficientNetFamily/SurfaceTension/10v/ModelSurfaceTensionENFV10.py", line 213, in <module>
    main()
  File "/home/jordanw7/koa_scratch/ADSA-AI/ADSA-AI-JordanWang/ModelScripts/EfficientNetFamily/SurfaceTension/10v/ModelSurfaceTensionENFV10.py", line 125, in main
    history = model.fit(train_gen,
              ^^^^^^^^^^^^^^^^^^^^
  File "/home/jordanw7/.conda/envs/ADSAenv/lib/python3.11/site-packages/keras/src/utils/traceback_utils.py", line 122, in error_handler
    raise e.with_traceback(filtered_tb) from None
  File "/home/jordanw7/.conda/envs/ADSAenv/lib/python3.11/site-packages/tensorflow/python/eager/execute.py", line 53, in quick_execute
    tensors = pywrap_tfe.TFE_Py_Execute(ctx._handle, device_name, op_name,
  ^^^^^^^^^^^^^^^^^^^^^^^^^^^^^^^^^^^^^^^^^^^^^^^^^^^^^^^^^^^^^^^^^^^^^^^^
tensorflow.python.framework.errors_impl.ResourceExhaustedError: Graph execution error:

Detected at node StatefulPartitionedCall defined at (most recent call last):
  File "/home/jordanw7/koa_scratch/ADSA-AI/ADSA-AI-JordanWang/ModelScripts/EfficientNetFamily/SurfaceTension/10v/ModelSurfaceTensionENFV10.py", line 213, in <module>

  File "/home/jordanw7/koa_scratch/ADSA-AI/ADSA-AI-JordanWang/ModelScripts/EfficientNetFamily/SurfaceTension/10v/ModelSurfaceTensionENFV10.py", line 125, in main

  File "/home/jordanw7/.conda/envs/ADSAenv/lib/python3.11/site-packages/keras/src/utils/traceback_utils.py", line 117, in error_handler

  File "/home/jordanw7/.conda/envs/ADSAenv/lib/python3.11/site-packages/keras/src/backend/tensorflow/trainer.py", line 371, in fit

  File "/home/jordanw7/.conda/envs/ADSAenv/lib/python3.11/site-packages/keras/src/backend/tensorflow/trainer.py", line 219, in function

  File "/home/jordanw7/.conda/envs/ADSAenv/lib/python3.11/site-packages/keras/src/backend/tensorflow/trainer.py", line 132, in multi_step_on_iterator

Out of memory while trying to allocate 19783402800 bytes.
	 [[{{node StatefulPartitionedCall}}]]
Hint: If you want to see a list of allocated tensors when OOM happens, add report_tensor_allocations_upon_oom to RunOptions for current allocation info. This isn't available when running in Eager mode.
 [Op:__inference_multi_step_on_iterator_77675]
2025-11-07 21:40:35.132271: F external/local_xla/xla/tsl/framework/bfc_allocator.cc:811] Check failed: c->in_use() && (c->bin_num == kInvalidBinNum) 
/var/spool/slurm/d/job8828430/slurm_script: line 37: 146956 Aborted                 (core dumped) python /home/jordanw7/koa_scratch/ADSA-AI/ADSA-AI-JordanWang/ModelScripts/EfficientNetFamily/SurfaceTension/10v/ModelSurfaceTensionENFV10.py --dataset_path $LOCAL_DATA
