Identity added: /home/jordanw7/.ssh/id_ed25519 (cluster_key)
From github.com:JordanT-MWang/ADSA-AI-JordanWang
 * branch            main       -> FETCH_HEAD
   cfb79ce..165d9ac  main       -> origin/main
2025-11-13 05:24:20.972765: I tensorflow/core/util/port.cc:153] oneDNN custom operations are on. You may see slightly different numerical results due to floating-point round-off errors from different computation orders. To turn them off, set the environment variable `TF_ENABLE_ONEDNN_OPTS=0`.
2025-11-13 05:24:20.984994: E external/local_xla/xla/stream_executor/cuda/cuda_fft.cc:477] Unable to register cuFFT factory: Attempting to register factory for plugin cuFFT when one has already been registered
WARNING: All log messages before absl::InitializeLog() is called are written to STDERR
E0000 00:00:1763011460.998577 1531539 cuda_dnn.cc:8310] Unable to register cuDNN factory: Attempting to register factory for plugin cuDNN when one has already been registered
E0000 00:00:1763011461.002589 1531539 cuda_blas.cc:1418] Unable to register cuBLAS factory: Attempting to register factory for plugin cuBLAS when one has already been registered
2025-11-13 05:24:21.016239: I tensorflow/core/platform/cpu_feature_guard.cc:210] This TensorFlow binary is optimized to use available CPU instructions in performance-critical operations.
To enable the following instructions: AVX2 AVX512F AVX512_VNNI FMA, in other operations, rebuild TensorFlow with the appropriate compiler flags.
I0000 00:00:1763011494.951996 1531539 gpu_device.cc:2022] Created device /job:localhost/replica:0/task:0/device:GPU:0 with 10293 MB memory:  -> device: 0, name: NVIDIA A30 MIG 2g.12gb, pci bus id: 0000:98:00.0, compute capability: 8.0
2025-11-13 05:25:08.215467: E tensorflow/core/util/util.cc:131] oneDNN supports DT_HALF only on platforms with AVX-512. Falling back to the default Eigen-based implementation if present.
WARNING: All log messages before absl::InitializeLog() is called are written to STDERR
I0000 00:00:1763011527.487842 1531573 service.cc:148] XLA service 0x151140015ad0 initialized for platform CUDA (this does not guarantee that XLA will be used). Devices:
I0000 00:00:1763011527.487951 1531573 service.cc:156]   StreamExecutor device (0): NVIDIA A30 MIG 2g.12gb, Compute Capability 8.0
I0000 00:00:1763011527.786513 1531573 cuda_dnn.cc:529] Loaded cuDNN version 91301
I0000 00:00:1763011527.831962 1531573 device_compiler.h:188] Compiled cluster using XLA!  This line is logged at most once for the lifetime of the process.
2025-11-13 05:25:45.268396: I tensorflow/compiler/mlir/tensorflow/utils/dump_mlir_util.cc:268] disabling MLIR crash reproducer, set env var `MLIR_CRASH_REPRODUCER_DIRECTORY` to enable.
2025-11-13 05:25:59.619101: E external/local_xla/xla/service/slow_operation_alarm.cc:65] Trying algorithm eng27{k2=1,k5=3,k14=5} for conv (f16[64,400,400,32]{3,2,1,0}, u8[0]{0}) custom-call(f16[64,400,400,32]{3,2,1,0}, f16[32,3,3,1]{3,2,1,0}), window={size=3x3 pad=1_1x1_1}, dim_labels=b01f_o01i->b01f, feature_group_count=32, custom_call_target="__cudnn$convForward", backend_config={"cudnn_conv_backend_config":{"activation_mode":"kNone","conv_result_scale":1,"leakyrelu_alpha":0,"side_input_scale":0},"force_earliest_schedule":false,"operation_queue_id":"0","wait_on_operation_queues":[]} is taking a while...
2025-11-13 05:26:01.105952: E external/local_xla/xla/service/slow_operation_alarm.cc:133] The operation took 2.486939444s
Trying algorithm eng27{k2=1,k5=3,k14=5} for conv (f16[64,400,400,32]{3,2,1,0}, u8[0]{0}) custom-call(f16[64,400,400,32]{3,2,1,0}, f16[32,3,3,1]{3,2,1,0}), window={size=3x3 pad=1_1x1_1}, dim_labels=b01f_o01i->b01f, feature_group_count=32, custom_call_target="__cudnn$convForward", backend_config={"cudnn_conv_backend_config":{"activation_mode":"kNone","conv_result_scale":1,"leakyrelu_alpha":0,"side_input_scale":0},"force_earliest_schedule":false,"operation_queue_id":"0","wait_on_operation_queues":[]} is taking a while...
2025-11-13 05:26:06.861644: E external/local_xla/xla/service/slow_operation_alarm.cc:65] Trying algorithm eng45{k2=0,k5=3,k14=3} for conv (f16[64,400,400,16]{3,2,1,0}, u8[0]{0}) custom-call(f16[64,400,400,16]{3,2,1,0}, f16[16,3,3,1]{3,2,1,0}), window={size=3x3 pad=1_1x1_1}, dim_labels=b01f_o01i->b01f, feature_group_count=16, custom_call_target="__cudnn$convForward", backend_config={"cudnn_conv_backend_config":{"activation_mode":"kNone","conv_result_scale":1,"leakyrelu_alpha":0,"side_input_scale":0},"force_earliest_schedule":false,"operation_queue_id":"0","wait_on_operation_queues":[]} is taking a while...
2025-11-13 05:26:06.970327: E external/local_xla/xla/service/slow_operation_alarm.cc:133] The operation took 1.108782175s
Trying algorithm eng45{k2=0,k5=3,k14=3} for conv (f16[64,400,400,16]{3,2,1,0}, u8[0]{0}) custom-call(f16[64,400,400,16]{3,2,1,0}, f16[16,3,3,1]{3,2,1,0}), window={size=3x3 pad=1_1x1_1}, dim_labels=b01f_o01i->b01f, feature_group_count=16, custom_call_target="__cudnn$convForward", backend_config={"cudnn_conv_backend_config":{"activation_mode":"kNone","conv_result_scale":1,"leakyrelu_alpha":0,"side_input_scale":0},"force_earliest_schedule":false,"operation_queue_id":"0","wait_on_operation_queues":[]} is taking a while...
2025-11-13 05:26:07.970497: E external/local_xla/xla/service/slow_operation_alarm.cc:65] Trying algorithm eng27{k2=1,k5=3,k14=5} for conv (f16[64,400,400,16]{3,2,1,0}, u8[0]{0}) custom-call(f16[64,400,400,16]{3,2,1,0}, f16[16,3,3,1]{3,2,1,0}), window={size=3x3 pad=1_1x1_1}, dim_labels=b01f_o01i->b01f, feature_group_count=16, custom_call_target="__cudnn$convForward", backend_config={"cudnn_conv_backend_config":{"activation_mode":"kNone","conv_result_scale":1,"leakyrelu_alpha":0,"side_input_scale":0},"force_earliest_schedule":false,"operation_queue_id":"0","wait_on_operation_queues":[]} is taking a while...
2025-11-13 05:26:08.168391: E external/local_xla/xla/service/slow_operation_alarm.cc:133] The operation took 1.19799676s
Trying algorithm eng27{k2=1,k5=3,k14=5} for conv (f16[64,400,400,16]{3,2,1,0}, u8[0]{0}) custom-call(f16[64,400,400,16]{3,2,1,0}, f16[16,3,3,1]{3,2,1,0}), window={size=3x3 pad=1_1x1_1}, dim_labels=b01f_o01i->b01f, feature_group_count=16, custom_call_target="__cudnn$convForward", backend_config={"cudnn_conv_backend_config":{"activation_mode":"kNone","conv_result_scale":1,"leakyrelu_alpha":0,"side_input_scale":0},"force_earliest_schedule":false,"operation_queue_id":"0","wait_on_operation_queues":[]} is taking a while...
2025-11-13 05:26:09.168527: E external/local_xla/xla/service/slow_operation_alarm.cc:65] Trying algorithm eng45{k2=5,k5=3,k14=6} for conv (f16[64,400,400,16]{3,2,1,0}, u8[0]{0}) custom-call(f16[64,400,400,16]{3,2,1,0}, f16[16,3,3,1]{3,2,1,0}), window={size=3x3 pad=1_1x1_1}, dim_labels=b01f_o01i->b01f, feature_group_count=16, custom_call_target="__cudnn$convForward", backend_config={"cudnn_conv_backend_config":{"activation_mode":"kNone","conv_result_scale":1,"leakyrelu_alpha":0,"side_input_scale":0},"force_earliest_schedule":false,"operation_queue_id":"0","wait_on_operation_queues":[]} is taking a while...
2025-11-13 05:26:09.447828: E external/local_xla/xla/service/slow_operation_alarm.cc:133] The operation took 1.279381673s
Trying algorithm eng45{k2=5,k5=3,k14=6} for conv (f16[64,400,400,16]{3,2,1,0}, u8[0]{0}) custom-call(f16[64,400,400,16]{3,2,1,0}, f16[16,3,3,1]{3,2,1,0}), window={size=3x3 pad=1_1x1_1}, dim_labels=b01f_o01i->b01f, feature_group_count=16, custom_call_target="__cudnn$convForward", backend_config={"cudnn_conv_backend_config":{"activation_mode":"kNone","conv_result_scale":1,"leakyrelu_alpha":0,"side_input_scale":0},"force_earliest_schedule":false,"operation_queue_id":"0","wait_on_operation_queues":[]} is taking a while...
2025-11-13 05:26:10.447952: E external/local_xla/xla/service/slow_operation_alarm.cc:65] Trying algorithm eng45{k2=5,k5=4,k14=4} for conv (f16[64,400,400,16]{3,2,1,0}, u8[0]{0}) custom-call(f16[64,400,400,16]{3,2,1,0}, f16[16,3,3,1]{3,2,1,0}), window={size=3x3 pad=1_1x1_1}, dim_labels=b01f_o01i->b01f, feature_group_count=16, custom_call_target="__cudnn$convForward", backend_config={"cudnn_conv_backend_config":{"activation_mode":"kNone","conv_result_scale":1,"leakyrelu_alpha":0,"side_input_scale":0},"force_earliest_schedule":false,"operation_queue_id":"0","wait_on_operation_queues":[]} is taking a while...
2025-11-13 05:26:11.060365: E external/local_xla/xla/service/slow_operation_alarm.cc:133] The operation took 1.612488768s
Trying algorithm eng45{k2=5,k5=4,k14=4} for conv (f16[64,400,400,16]{3,2,1,0}, u8[0]{0}) custom-call(f16[64,400,400,16]{3,2,1,0}, f16[16,3,3,1]{3,2,1,0}), window={size=3x3 pad=1_1x1_1}, dim_labels=b01f_o01i->b01f, feature_group_count=16, custom_call_target="__cudnn$convForward", backend_config={"cudnn_conv_backend_config":{"activation_mode":"kNone","conv_result_scale":1,"leakyrelu_alpha":0,"side_input_scale":0},"force_earliest_schedule":false,"operation_queue_id":"0","wait_on_operation_queues":[]} is taking a while...
2025-11-13 05:26:12.060517: E external/local_xla/xla/service/slow_operation_alarm.cc:65] Trying algorithm eng45{k2=7,k5=4,k14=2} for conv (f16[64,400,400,16]{3,2,1,0}, u8[0]{0}) custom-call(f16[64,400,400,16]{3,2,1,0}, f16[16,3,3,1]{3,2,1,0}), window={size=3x3 pad=1_1x1_1}, dim_labels=b01f_o01i->b01f, feature_group_count=16, custom_call_target="__cudnn$convForward", backend_config={"cudnn_conv_backend_config":{"activation_mode":"kNone","conv_result_scale":1,"leakyrelu_alpha":0,"side_input_scale":0},"force_earliest_schedule":false,"operation_queue_id":"0","wait_on_operation_queues":[]} is taking a while...
2025-11-13 05:26:13.018283: E external/local_xla/xla/service/slow_operation_alarm.cc:133] The operation took 1.957853519s
Trying algorithm eng45{k2=7,k5=4,k14=2} for conv (f16[64,400,400,16]{3,2,1,0}, u8[0]{0}) custom-call(f16[64,400,400,16]{3,2,1,0}, f16[16,3,3,1]{3,2,1,0}), window={size=3x3 pad=1_1x1_1}, dim_labels=b01f_o01i->b01f, feature_group_count=16, custom_call_target="__cudnn$convForward", backend_config={"cudnn_conv_backend_config":{"activation_mode":"kNone","conv_result_scale":1,"leakyrelu_alpha":0,"side_input_scale":0},"force_earliest_schedule":false,"operation_queue_id":"0","wait_on_operation_queues":[]} is taking a while...
2025-11-13 05:26:14.018409: E external/local_xla/xla/service/slow_operation_alarm.cc:65] Trying algorithm eng45{k2=6,k5=3,k14=2} for conv (f16[64,400,400,16]{3,2,1,0}, u8[0]{0}) custom-call(f16[64,400,400,16]{3,2,1,0}, f16[16,3,3,1]{3,2,1,0}), window={size=3x3 pad=1_1x1_1}, dim_labels=b01f_o01i->b01f, feature_group_count=16, custom_call_target="__cudnn$convForward", backend_config={"cudnn_conv_backend_config":{"activation_mode":"kNone","conv_result_scale":1,"leakyrelu_alpha":0,"side_input_scale":0},"force_earliest_schedule":false,"operation_queue_id":"0","wait_on_operation_queues":[]} is taking a while...
2025-11-13 05:26:14.892931: E external/local_xla/xla/service/slow_operation_alarm.cc:133] The operation took 1.874593417s
Trying algorithm eng45{k2=6,k5=3,k14=2} for conv (f16[64,400,400,16]{3,2,1,0}, u8[0]{0}) custom-call(f16[64,400,400,16]{3,2,1,0}, f16[16,3,3,1]{3,2,1,0}), window={size=3x3 pad=1_1x1_1}, dim_labels=b01f_o01i->b01f, feature_group_count=16, custom_call_target="__cudnn$convForward", backend_config={"cudnn_conv_backend_config":{"activation_mode":"kNone","conv_result_scale":1,"leakyrelu_alpha":0,"side_input_scale":0},"force_earliest_schedule":false,"operation_queue_id":"0","wait_on_operation_queues":[]} is taking a while...
2025-11-13 05:26:15.893069: E external/local_xla/xla/service/slow_operation_alarm.cc:65] Trying algorithm eng45{k2=9,k5=3,k14=3} for conv (f16[64,400,400,16]{3,2,1,0}, u8[0]{0}) custom-call(f16[64,400,400,16]{3,2,1,0}, f16[16,3,3,1]{3,2,1,0}), window={size=3x3 pad=1_1x1_1}, dim_labels=b01f_o01i->b01f, feature_group_count=16, custom_call_target="__cudnn$convForward", backend_config={"cudnn_conv_backend_config":{"activation_mode":"kNone","conv_result_scale":1,"leakyrelu_alpha":0,"side_input_scale":0},"force_earliest_schedule":false,"operation_queue_id":"0","wait_on_operation_queues":[]} is taking a while...
2025-11-13 05:26:16.726625: E external/local_xla/xla/service/slow_operation_alarm.cc:133] The operation took 1.833636405s
Trying algorithm eng45{k2=9,k5=3,k14=3} for conv (f16[64,400,400,16]{3,2,1,0}, u8[0]{0}) custom-call(f16[64,400,400,16]{3,2,1,0}, f16[16,3,3,1]{3,2,1,0}), window={size=3x3 pad=1_1x1_1}, dim_labels=b01f_o01i->b01f, feature_group_count=16, custom_call_target="__cudnn$convForward", backend_config={"cudnn_conv_backend_config":{"activation_mode":"kNone","conv_result_scale":1,"leakyrelu_alpha":0,"side_input_scale":0},"force_earliest_schedule":false,"operation_queue_id":"0","wait_on_operation_queues":[]} is taking a while...
2025-11-13 05:26:17.726795: E external/local_xla/xla/service/slow_operation_alarm.cc:65] Trying algorithm eng45{k2=0,k5=4,k14=3} for conv (f16[64,400,400,16]{3,2,1,0}, u8[0]{0}) custom-call(f16[64,400,400,16]{3,2,1,0}, f16[16,3,3,1]{3,2,1,0}), window={size=3x3 pad=1_1x1_1}, dim_labels=b01f_o01i->b01f, feature_group_count=16, custom_call_target="__cudnn$convForward", backend_config={"cudnn_conv_backend_config":{"activation_mode":"kNone","conv_result_scale":1,"leakyrelu_alpha":0,"side_input_scale":0},"force_earliest_schedule":false,"operation_queue_id":"0","wait_on_operation_queues":[]} is taking a while...
2025-11-13 05:26:18.744532: E external/local_xla/xla/service/slow_operation_alarm.cc:133] The operation took 2.017813345s
Trying algorithm eng45{k2=0,k5=4,k14=3} for conv (f16[64,400,400,16]{3,2,1,0}, u8[0]{0}) custom-call(f16[64,400,400,16]{3,2,1,0}, f16[16,3,3,1]{3,2,1,0}), window={size=3x3 pad=1_1x1_1}, dim_labels=b01f_o01i->b01f, feature_group_count=16, custom_call_target="__cudnn$convForward", backend_config={"cudnn_conv_backend_config":{"activation_mode":"kNone","conv_result_scale":1,"leakyrelu_alpha":0,"side_input_scale":0},"force_earliest_schedule":false,"operation_queue_id":"0","wait_on_operation_queues":[]} is taking a while...
2025-11-13 05:26:19.744673: E external/local_xla/xla/service/slow_operation_alarm.cc:65] Trying algorithm eng45{k2=6,k5=4,k14=2} for conv (f16[64,400,400,16]{3,2,1,0}, u8[0]{0}) custom-call(f16[64,400,400,16]{3,2,1,0}, f16[16,3,3,1]{3,2,1,0}), window={size=3x3 pad=1_1x1_1}, dim_labels=b01f_o01i->b01f, feature_group_count=16, custom_call_target="__cudnn$convForward", backend_config={"cudnn_conv_backend_config":{"activation_mode":"kNone","conv_result_scale":1,"leakyrelu_alpha":0,"side_input_scale":0},"force_earliest_schedule":false,"operation_queue_id":"0","wait_on_operation_queues":[]} is taking a while...
2025-11-13 05:26:21.835022: E external/local_xla/xla/service/slow_operation_alarm.cc:133] The operation took 3.090418113s
Trying algorithm eng45{k2=6,k5=4,k14=2} for conv (f16[64,400,400,16]{3,2,1,0}, u8[0]{0}) custom-call(f16[64,400,400,16]{3,2,1,0}, f16[16,3,3,1]{3,2,1,0}), window={size=3x3 pad=1_1x1_1}, dim_labels=b01f_o01i->b01f, feature_group_count=16, custom_call_target="__cudnn$convForward", backend_config={"cudnn_conv_backend_config":{"activation_mode":"kNone","conv_result_scale":1,"leakyrelu_alpha":0,"side_input_scale":0},"force_earliest_schedule":false,"operation_queue_id":"0","wait_on_operation_queues":[]} is taking a while...
2025-11-13 05:26:27.438573: E external/local_xla/xla/service/slow_operation_alarm.cc:65] Trying algorithm eng0{} for conv (f16[64,200,200,96]{3,2,1,0}, u8[0]{0}) custom-call(f16[64,401,401,96]{3,2,1,0}, f16[96,3,3,1]{3,2,1,0}), window={size=3x3 stride=2x2}, dim_labels=b01f_o01i->b01f, feature_group_count=96, custom_call_target="__cudnn$convForward", backend_config={"cudnn_conv_backend_config":{"activation_mode":"kNone","conv_result_scale":1,"leakyrelu_alpha":0,"side_input_scale":0},"force_earliest_schedule":false,"operation_queue_id":"0","wait_on_operation_queues":[]} is taking a while...
2025-11-13 05:26:27.495868: E external/local_xla/xla/service/slow_operation_alarm.cc:133] The operation took 1.057375979s
Trying algorithm eng0{} for conv (f16[64,200,200,96]{3,2,1,0}, u8[0]{0}) custom-call(f16[64,401,401,96]{3,2,1,0}, f16[96,3,3,1]{3,2,1,0}), window={size=3x3 stride=2x2}, dim_labels=b01f_o01i->b01f, feature_group_count=96, custom_call_target="__cudnn$convForward", backend_config={"cudnn_conv_backend_config":{"activation_mode":"kNone","conv_result_scale":1,"leakyrelu_alpha":0,"side_input_scale":0},"force_earliest_schedule":false,"operation_queue_id":"0","wait_on_operation_queues":[]} is taking a while...
2025-11-13 05:26:59.470033: E external/local_xla/xla/service/slow_operation_alarm.cc:65] Trying algorithm eng0{} for conv (f16[64,401,401,96]{3,2,1,0}, u8[0]{0}) custom-call(f16[64,403,403,96]{3,2,1,0}, f16[96,3,3,1]{3,2,1,0}), window={size=3x3}, dim_labels=b01f_o01i->b01f, feature_group_count=96, custom_call_target="__cudnn$convForward", backend_config={"cudnn_conv_backend_config":{"activation_mode":"kNone","conv_result_scale":1,"leakyrelu_alpha":0,"side_input_scale":0},"force_earliest_schedule":false,"operation_queue_id":"0","wait_on_operation_queues":[]} is taking a while...
2025-11-13 05:26:59.975177: E external/local_xla/xla/service/slow_operation_alarm.cc:133] The operation took 1.505220034s
Trying algorithm eng0{} for conv (f16[64,401,401,96]{3,2,1,0}, u8[0]{0}) custom-call(f16[64,403,403,96]{3,2,1,0}, f16[96,3,3,1]{3,2,1,0}), window={size=3x3}, dim_labels=b01f_o01i->b01f, feature_group_count=96, custom_call_target="__cudnn$convForward", backend_config={"cudnn_conv_backend_config":{"activation_mode":"kNone","conv_result_scale":1,"leakyrelu_alpha":0,"side_input_scale":0},"force_earliest_schedule":false,"operation_queue_id":"0","wait_on_operation_queues":[]} is taking a while...
2025-11-13 05:27:05.371809: E external/local_xla/xla/service/slow_operation_alarm.cc:65] Trying algorithm eng19{k2=4} for conv (f16[16,1,1,16]{3,2,1,0}, u8[0]{0}) custom-call(f16[64,400,400,16]{3,2,1,0}, f16[64,400,400,16]{3,2,1,0}), window={size=1x1}, dim_labels=b01f_o01i->b01f, custom_call_target="__cudnn$convBackwardFilter", backend_config={"cudnn_conv_backend_config":{"activation_mode":"kNone","conv_result_scale":1,"leakyrelu_alpha":0,"side_input_scale":0},"force_earliest_schedule":false,"operation_queue_id":"0","wait_on_operation_queues":[]} is taking a while...
2025-11-13 05:27:05.789859: E external/local_xla/xla/service/slow_operation_alarm.cc:133] The operation took 1.418120426s
Trying algorithm eng19{k2=4} for conv (f16[16,1,1,16]{3,2,1,0}, u8[0]{0}) custom-call(f16[64,400,400,16]{3,2,1,0}, f16[64,400,400,16]{3,2,1,0}), window={size=1x1}, dim_labels=b01f_o01i->b01f, custom_call_target="__cudnn$convBackwardFilter", backend_config={"cudnn_conv_backend_config":{"activation_mode":"kNone","conv_result_scale":1,"leakyrelu_alpha":0,"side_input_scale":0},"force_earliest_schedule":false,"operation_queue_id":"0","wait_on_operation_queues":[]} is taking a while...
E0000 00:00:1763011626.123144 1531572 buffer_comparator.cc:157] Difference at 0: 25936, expected 23024
E0000 00:00:1763011626.123194 1531572 buffer_comparator.cc:157] Difference at 1: 25776, expected 22896
E0000 00:00:1763011626.123203 1531572 buffer_comparator.cc:157] Difference at 2: 25712, expected 22816
E0000 00:00:1763011626.123209 1531572 buffer_comparator.cc:157] Difference at 3: 25792, expected 22880
E0000 00:00:1763011626.123215 1531572 buffer_comparator.cc:157] Difference at 4: 25824, expected 22944
E0000 00:00:1763011626.123221 1531572 buffer_comparator.cc:157] Difference at 5: 25632, expected 22736
E0000 00:00:1763011626.123227 1531572 buffer_comparator.cc:157] Difference at 6: 25792, expected 22912
E0000 00:00:1763011626.123233 1531572 buffer_comparator.cc:157] Difference at 7: 25696, expected 22784
E0000 00:00:1763011626.123238 1531572 buffer_comparator.cc:157] Difference at 8: 25728, expected 22848
E0000 00:00:1763011626.123244 1531572 buffer_comparator.cc:157] Difference at 9: 25824, expected 22928
2025-11-13 05:27:06.123256: E external/local_xla/xla/service/gpu/autotuning/conv_algorithm_picker.cc:771] Results mismatch between different convolution algorithms. This is likely a bug/unexpected loss of precision in cudnn.
(f16[16,1,1,16]{3,2,1,0}, u8[0]{0}) custom-call(f16[64,400,400,16]{3,2,1,0}, f16[64,400,400,16]{3,2,1,0}), window={size=1x1}, dim_labels=b01f_o01i->b01f, custom_call_target="__cudnn$convBackwardFilter", backend_config={"cudnn_conv_backend_config":{"activation_mode":"kNone","conv_result_scale":1,"leakyrelu_alpha":0,"side_input_scale":0},"force_earliest_schedule":false,"operation_queue_id":"0","wait_on_operation_queues":[]} for eng62{k25=2} vs eng9{k2=8,k13=1,k14=4,k18=1,k23=0}
2025-11-13 05:27:06.123285: E external/local_xla/xla/service/gpu/autotuning/conv_algorithm_picker.cc:325] Device: NVIDIA A30 MIG 2g.12gb
2025-11-13 05:27:06.123294: E external/local_xla/xla/service/gpu/autotuning/conv_algorithm_picker.cc:326] Platform: Compute Capability 8.0
2025-11-13 05:27:06.123303: E external/local_xla/xla/service/gpu/autotuning/conv_algorithm_picker.cc:327] Driver: 12.9.0
2025-11-13 05:27:06.123311: E external/local_xla/xla/service/gpu/autotuning/conv_algorithm_picker.cc:328] Runtime: 12.2.0
2025-11-13 05:27:06.123320: E external/local_xla/xla/service/gpu/autotuning/conv_algorithm_picker.cc:333] cudnn version: 9.13.1
E0000 00:00:1763011627.819189 1531572 buffer_comparator.cc:157] Difference at 0: 25968, expected 23072
E0000 00:00:1763011627.819233 1531572 buffer_comparator.cc:157] Difference at 1: 25904, expected 23008
E0000 00:00:1763011627.819242 1531572 buffer_comparator.cc:157] Difference at 2: 25760, expected 22880
E0000 00:00:1763011627.819249 1531572 buffer_comparator.cc:157] Difference at 3: 25856, expected 22960
E0000 00:00:1763011627.819255 1531572 buffer_comparator.cc:157] Difference at 4: 25904, expected 23040
E0000 00:00:1763011627.819261 1531572 buffer_comparator.cc:157] Difference at 5: 25952, expected 23056
E0000 00:00:1763011627.819267 1531572 buffer_comparator.cc:157] Difference at 6: 25712, expected 22848
E0000 00:00:1763011627.819273 1531572 buffer_comparator.cc:157] Difference at 7: 25760, expected 22896
E0000 00:00:1763011627.819280 1531572 buffer_comparator.cc:157] Difference at 8: 25808, expected 22928
E0000 00:00:1763011627.819286 1531572 buffer_comparator.cc:157] Difference at 9: 25888, expected 22976
2025-11-13 05:27:07.819298: E external/local_xla/xla/service/gpu/autotuning/conv_algorithm_picker.cc:771] Results mismatch between different convolution algorithms. This is likely a bug/unexpected loss of precision in cudnn.
(f16[96,1,1,16]{3,2,1,0}, u8[0]{0}) custom-call(f16[64,400,400,16]{3,2,1,0}, f16[64,400,400,96]{3,2,1,0}), window={size=1x1}, dim_labels=b01f_o01i->b01f, custom_call_target="__cudnn$convBackwardFilter", backend_config={"cudnn_conv_backend_config":{"activation_mode":"kNone","conv_result_scale":1,"leakyrelu_alpha":0,"side_input_scale":0},"force_earliest_schedule":false,"operation_queue_id":"0","wait_on_operation_queues":[]} for eng62{k25=1} vs eng9{k2=8,k13=1,k14=4,k18=1,k23=0}
2025-11-13 05:27:07.819319: E external/local_xla/xla/service/gpu/autotuning/conv_algorithm_picker.cc:325] Device: NVIDIA A30 MIG 2g.12gb
2025-11-13 05:27:07.819327: E external/local_xla/xla/service/gpu/autotuning/conv_algorithm_picker.cc:326] Platform: Compute Capability 8.0
2025-11-13 05:27:07.819335: E external/local_xla/xla/service/gpu/autotuning/conv_algorithm_picker.cc:327] Driver: 12.9.0
2025-11-13 05:27:07.819343: E external/local_xla/xla/service/gpu/autotuning/conv_algorithm_picker.cc:328] Runtime: 12.2.0
2025-11-13 05:27:07.819352: E external/local_xla/xla/service/gpu/autotuning/conv_algorithm_picker.cc:333] cudnn version: 9.13.1
E0000 00:00:1763011628.182036 1531572 buffer_comparator.cc:157] Difference at 0: 25968, expected 23072
E0000 00:00:1763011628.182065 1531572 buffer_comparator.cc:157] Difference at 1: 25904, expected 23008
E0000 00:00:1763011628.182072 1531572 buffer_comparator.cc:157] Difference at 2: 25760, expected 22880
E0000 00:00:1763011628.182078 1531572 buffer_comparator.cc:157] Difference at 3: 25856, expected 22960
E0000 00:00:1763011628.182085 1531572 buffer_comparator.cc:157] Difference at 4: 25904, expected 23040
E0000 00:00:1763011628.182091 1531572 buffer_comparator.cc:157] Difference at 5: 25952, expected 23056
E0000 00:00:1763011628.182097 1531572 buffer_comparator.cc:157] Difference at 6: 25712, expected 22848
E0000 00:00:1763011628.182103 1531572 buffer_comparator.cc:157] Difference at 7: 25760, expected 22896
E0000 00:00:1763011628.182109 1531572 buffer_comparator.cc:157] Difference at 8: 25808, expected 22928
E0000 00:00:1763011628.182128 1531572 buffer_comparator.cc:157] Difference at 9: 25888, expected 22976
2025-11-13 05:27:08.182143: E external/local_xla/xla/service/gpu/autotuning/conv_algorithm_picker.cc:771] Results mismatch between different convolution algorithms. This is likely a bug/unexpected loss of precision in cudnn.
(f16[96,1,1,16]{3,2,1,0}, u8[0]{0}) custom-call(f16[64,400,400,16]{3,2,1,0}, f16[64,400,400,96]{3,2,1,0}), window={size=1x1}, dim_labels=b01f_o01i->b01f, custom_call_target="__cudnn$convBackwardFilter", backend_config={"cudnn_conv_backend_config":{"activation_mode":"kNone","conv_result_scale":1,"leakyrelu_alpha":0,"side_input_scale":0},"force_earliest_schedule":false,"operation_queue_id":"0","wait_on_operation_queues":[]} for eng62{k25=1} vs eng9{k2=1,k13=0,k14=4,k18=1,k23=0}
2025-11-13 05:27:08.182158: E external/local_xla/xla/service/gpu/autotuning/conv_algorithm_picker.cc:325] Device: NVIDIA A30 MIG 2g.12gb
2025-11-13 05:27:08.182166: E external/local_xla/xla/service/gpu/autotuning/conv_algorithm_picker.cc:326] Platform: Compute Capability 8.0
2025-11-13 05:27:08.182174: E external/local_xla/xla/service/gpu/autotuning/conv_algorithm_picker.cc:327] Driver: 12.9.0
2025-11-13 05:27:08.182182: E external/local_xla/xla/service/gpu/autotuning/conv_algorithm_picker.cc:328] Runtime: 12.2.0
2025-11-13 05:27:08.182191: E external/local_xla/xla/service/gpu/autotuning/conv_algorithm_picker.cc:333] cudnn version: 9.13.1
E0000 00:00:1763011628.514702 1531572 buffer_comparator.cc:157] Difference at 0: 25968, expected 23072
E0000 00:00:1763011628.514732 1531572 buffer_comparator.cc:157] Difference at 1: 25904, expected 23008
E0000 00:00:1763011628.514740 1531572 buffer_comparator.cc:157] Difference at 2: 25760, expected 22880
E0000 00:00:1763011628.514746 1531572 buffer_comparator.cc:157] Difference at 3: 25856, expected 22960
E0000 00:00:1763011628.514752 1531572 buffer_comparator.cc:157] Difference at 4: 25904, expected 23040
E0000 00:00:1763011628.514758 1531572 buffer_comparator.cc:157] Difference at 5: 25952, expected 23056
E0000 00:00:1763011628.514764 1531572 buffer_comparator.cc:157] Difference at 6: 25712, expected 22848
E0000 00:00:1763011628.514770 1531572 buffer_comparator.cc:157] Difference at 7: 25760, expected 22896
E0000 00:00:1763011628.514776 1531572 buffer_comparator.cc:157] Difference at 8: 25808, expected 22928
E0000 00:00:1763011628.514782 1531572 buffer_comparator.cc:157] Difference at 9: 25888, expected 22976
2025-11-13 05:27:08.514795: E external/local_xla/xla/service/gpu/autotuning/conv_algorithm_picker.cc:771] Results mismatch between different convolution algorithms. This is likely a bug/unexpected loss of precision in cudnn.
(f16[96,1,1,16]{3,2,1,0}, u8[0]{0}) custom-call(f16[64,400,400,16]{3,2,1,0}, f16[64,400,400,96]{3,2,1,0}), window={size=1x1}, dim_labels=b01f_o01i->b01f, custom_call_target="__cudnn$convBackwardFilter", backend_config={"cudnn_conv_backend_config":{"activation_mode":"kNone","conv_result_scale":1,"leakyrelu_alpha":0,"side_input_scale":0},"force_earliest_schedule":false,"operation_queue_id":"0","wait_on_operation_queues":[]} for eng62{k25=1} vs eng45{k2=1,k5=4,k14=2}
2025-11-13 05:27:08.514811: E external/local_xla/xla/service/gpu/autotuning/conv_algorithm_picker.cc:325] Device: NVIDIA A30 MIG 2g.12gb
2025-11-13 05:27:08.514819: E external/local_xla/xla/service/gpu/autotuning/conv_algorithm_picker.cc:326] Platform: Compute Capability 8.0
2025-11-13 05:27:08.514827: E external/local_xla/xla/service/gpu/autotuning/conv_algorithm_picker.cc:327] Driver: 12.9.0
2025-11-13 05:27:08.514835: E external/local_xla/xla/service/gpu/autotuning/conv_algorithm_picker.cc:328] Runtime: 12.2.0
2025-11-13 05:27:08.514844: E external/local_xla/xla/service/gpu/autotuning/conv_algorithm_picker.cc:333] cudnn version: 9.13.1
2025-11-13 05:27:12.660608: E external/local_xla/xla/service/slow_operation_alarm.cc:65] Trying algorithm eng0{} for conv (f16[96,3,3,1]{3,2,1,0}, u8[0]{0}) custom-call(f16[64,401,401,96]{3,2,1,0}, f16[64,200,200,96]{3,2,1,0}), window={size=3x3 stride=2x2}, dim_labels=b01f_o01i->b01f, feature_group_count=96, custom_call_target="__cudnn$convBackwardFilter", backend_config={"cudnn_conv_backend_config":{"activation_mode":"kNone","conv_result_scale":1,"leakyrelu_alpha":0,"side_input_scale":0},"force_earliest_schedule":false,"operation_queue_id":"0","wait_on_operation_queues":[]} is taking a while...
2025-11-13 05:27:13.457521: E external/local_xla/xla/service/slow_operation_alarm.cc:133] The operation took 1.796992582s
Trying algorithm eng0{} for conv (f16[96,3,3,1]{3,2,1,0}, u8[0]{0}) custom-call(f16[64,401,401,96]{3,2,1,0}, f16[64,200,200,96]{3,2,1,0}), window={size=3x3 stride=2x2}, dim_labels=b01f_o01i->b01f, feature_group_count=96, custom_call_target="__cudnn$convBackwardFilter", backend_config={"cudnn_conv_backend_config":{"activation_mode":"kNone","conv_result_scale":1,"leakyrelu_alpha":0,"side_input_scale":0},"force_earliest_schedule":false,"operation_queue_id":"0","wait_on_operation_queues":[]} is taking a while...
2025-11-13 05:27:14.457670: E external/local_xla/xla/service/slow_operation_alarm.cc:65] Trying algorithm eng49{k0=3,k2=0,k5=4,k14=3} for conv (f16[96,3,3,1]{3,2,1,0}, u8[0]{0}) custom-call(f16[64,401,401,96]{3,2,1,0}, f16[64,200,200,96]{3,2,1,0}), window={size=3x3 stride=2x2}, dim_labels=b01f_o01i->b01f, feature_group_count=96, custom_call_target="__cudnn$convBackwardFilter", backend_config={"cudnn_conv_backend_config":{"activation_mode":"kNone","conv_result_scale":1,"leakyrelu_alpha":0,"side_input_scale":0},"force_earliest_schedule":false,"operation_queue_id":"0","wait_on_operation_queues":[]} is taking a while...
2025-11-13 05:27:15.090116: E external/local_xla/xla/service/slow_operation_alarm.cc:133] The operation took 1.632523396s
Trying algorithm eng49{k0=3,k2=0,k5=4,k14=3} for conv (f16[96,3,3,1]{3,2,1,0}, u8[0]{0}) custom-call(f16[64,401,401,96]{3,2,1,0}, f16[64,200,200,96]{3,2,1,0}), window={size=3x3 stride=2x2}, dim_labels=b01f_o01i->b01f, feature_group_count=96, custom_call_target="__cudnn$convBackwardFilter", backend_config={"cudnn_conv_backend_config":{"activation_mode":"kNone","conv_result_scale":1,"leakyrelu_alpha":0,"side_input_scale":0},"force_earliest_schedule":false,"operation_queue_id":"0","wait_on_operation_queues":[]} is taking a while...
2025-11-13 05:27:16.090259: E external/local_xla/xla/service/slow_operation_alarm.cc:65] Trying algorithm eng47{k0=6,k2=0,k5=3,k14=3} for conv (f16[96,3,3,1]{3,2,1,0}, u8[0]{0}) custom-call(f16[64,401,401,96]{3,2,1,0}, f16[64,200,200,96]{3,2,1,0}), window={size=3x3 stride=2x2}, dim_labels=b01f_o01i->b01f, feature_group_count=96, custom_call_target="__cudnn$convBackwardFilter", backend_config={"cudnn_conv_backend_config":{"activation_mode":"kNone","conv_result_scale":1,"leakyrelu_alpha":0,"side_input_scale":0},"force_earliest_schedule":false,"operation_queue_id":"0","wait_on_operation_queues":[]} is taking a while...
2025-11-13 05:27:16.514397: E external/local_xla/xla/service/slow_operation_alarm.cc:133] The operation took 1.424222068s
Trying algorithm eng47{k0=6,k2=0,k5=3,k14=3} for conv (f16[96,3,3,1]{3,2,1,0}, u8[0]{0}) custom-call(f16[64,401,401,96]{3,2,1,0}, f16[64,200,200,96]{3,2,1,0}), window={size=3x3 stride=2x2}, dim_labels=b01f_o01i->b01f, feature_group_count=96, custom_call_target="__cudnn$convBackwardFilter", backend_config={"cudnn_conv_backend_config":{"activation_mode":"kNone","conv_result_scale":1,"leakyrelu_alpha":0,"side_input_scale":0},"force_earliest_schedule":false,"operation_queue_id":"0","wait_on_operation_queues":[]} is taking a while...
2025-11-13 05:27:17.514551: E external/local_xla/xla/service/slow_operation_alarm.cc:65] Trying algorithm eng49{k0=4,k2=5,k5=4,k14=4} for conv (f16[96,3,3,1]{3,2,1,0}, u8[0]{0}) custom-call(f16[64,401,401,96]{3,2,1,0}, f16[64,200,200,96]{3,2,1,0}), window={size=3x3 stride=2x2}, dim_labels=b01f_o01i->b01f, feature_group_count=96, custom_call_target="__cudnn$convBackwardFilter", backend_config={"cudnn_conv_backend_config":{"activation_mode":"kNone","conv_result_scale":1,"leakyrelu_alpha":0,"side_input_scale":0},"force_earliest_schedule":false,"operation_queue_id":"0","wait_on_operation_queues":[]} is taking a while...
2025-11-13 05:27:18.218110: E external/local_xla/xla/service/slow_operation_alarm.cc:133] The operation took 1.70363727s
Trying algorithm eng49{k0=4,k2=5,k5=4,k14=4} for conv (f16[96,3,3,1]{3,2,1,0}, u8[0]{0}) custom-call(f16[64,401,401,96]{3,2,1,0}, f16[64,200,200,96]{3,2,1,0}), window={size=3x3 stride=2x2}, dim_labels=b01f_o01i->b01f, feature_group_count=96, custom_call_target="__cudnn$convBackwardFilter", backend_config={"cudnn_conv_backend_config":{"activation_mode":"kNone","conv_result_scale":1,"leakyrelu_alpha":0,"side_input_scale":0},"force_earliest_schedule":false,"operation_queue_id":"0","wait_on_operation_queues":[]} is taking a while...
2025-11-13 05:27:19.218232: E external/local_xla/xla/service/slow_operation_alarm.cc:65] Trying algorithm eng33{k0=5,k2=3,k5=3,k14=2} for conv (f16[96,3,3,1]{3,2,1,0}, u8[0]{0}) custom-call(f16[64,401,401,96]{3,2,1,0}, f16[64,200,200,96]{3,2,1,0}), window={size=3x3 stride=2x2}, dim_labels=b01f_o01i->b01f, feature_group_count=96, custom_call_target="__cudnn$convBackwardFilter", backend_config={"cudnn_conv_backend_config":{"activation_mode":"kNone","conv_result_scale":1,"leakyrelu_alpha":0,"side_input_scale":0},"force_earliest_schedule":false,"operation_queue_id":"0","wait_on_operation_queues":[]} is taking a while...
2025-11-13 05:27:19.821479: E external/local_xla/xla/service/slow_operation_alarm.cc:133] The operation took 1.603315324s
Trying algorithm eng33{k0=5,k2=3,k5=3,k14=2} for conv (f16[96,3,3,1]{3,2,1,0}, u8[0]{0}) custom-call(f16[64,401,401,96]{3,2,1,0}, f16[64,200,200,96]{3,2,1,0}), window={size=3x3 stride=2x2}, dim_labels=b01f_o01i->b01f, feature_group_count=96, custom_call_target="__cudnn$convBackwardFilter", backend_config={"cudnn_conv_backend_config":{"activation_mode":"kNone","conv_result_scale":1,"leakyrelu_alpha":0,"side_input_scale":0},"force_earliest_schedule":false,"operation_queue_id":"0","wait_on_operation_queues":[]} is taking a while...
2025-11-13 05:27:20.821633: E external/local_xla/xla/service/slow_operation_alarm.cc:65] Trying algorithm eng49{k0=3,k2=7,k5=3,k14=5} for conv (f16[96,3,3,1]{3,2,1,0}, u8[0]{0}) custom-call(f16[64,401,401,96]{3,2,1,0}, f16[64,200,200,96]{3,2,1,0}), window={size=3x3 stride=2x2}, dim_labels=b01f_o01i->b01f, feature_group_count=96, custom_call_target="__cudnn$convBackwardFilter", backend_config={"cudnn_conv_backend_config":{"activation_mode":"kNone","conv_result_scale":1,"leakyrelu_alpha":0,"side_input_scale":0},"force_earliest_schedule":false,"operation_queue_id":"0","wait_on_operation_queues":[]} is taking a while...
2025-11-13 05:27:21.575248: E external/local_xla/xla/service/slow_operation_alarm.cc:133] The operation took 1.753719447s
Trying algorithm eng49{k0=3,k2=7,k5=3,k14=5} for conv (f16[96,3,3,1]{3,2,1,0}, u8[0]{0}) custom-call(f16[64,401,401,96]{3,2,1,0}, f16[64,200,200,96]{3,2,1,0}), window={size=3x3 stride=2x2}, dim_labels=b01f_o01i->b01f, feature_group_count=96, custom_call_target="__cudnn$convBackwardFilter", backend_config={"cudnn_conv_backend_config":{"activation_mode":"kNone","conv_result_scale":1,"leakyrelu_alpha":0,"side_input_scale":0},"force_earliest_schedule":false,"operation_queue_id":"0","wait_on_operation_queues":[]} is taking a while...
2025-11-13 05:27:22.575408: E external/local_xla/xla/service/slow_operation_alarm.cc:65] Trying algorithm eng49{k0=3,k2=0,k5=3,k14=3} for conv (f16[96,3,3,1]{3,2,1,0}, u8[0]{0}) custom-call(f16[64,401,401,96]{3,2,1,0}, f16[64,200,200,96]{3,2,1,0}), window={size=3x3 stride=2x2}, dim_labels=b01f_o01i->b01f, feature_group_count=96, custom_call_target="__cudnn$convBackwardFilter", backend_config={"cudnn_conv_backend_config":{"activation_mode":"kNone","conv_result_scale":1,"leakyrelu_alpha":0,"side_input_scale":0},"force_earliest_schedule":false,"operation_queue_id":"0","wait_on_operation_queues":[]} is taking a while...
2025-11-13 05:27:23.746122: E external/local_xla/xla/service/slow_operation_alarm.cc:133] The operation took 2.170819792s
Trying algorithm eng49{k0=3,k2=0,k5=3,k14=3} for conv (f16[96,3,3,1]{3,2,1,0}, u8[0]{0}) custom-call(f16[64,401,401,96]{3,2,1,0}, f16[64,200,200,96]{3,2,1,0}), window={size=3x3 stride=2x2}, dim_labels=b01f_o01i->b01f, feature_group_count=96, custom_call_target="__cudnn$convBackwardFilter", backend_config={"cudnn_conv_backend_config":{"activation_mode":"kNone","conv_result_scale":1,"leakyrelu_alpha":0,"side_input_scale":0},"force_earliest_schedule":false,"operation_queue_id":"0","wait_on_operation_queues":[]} is taking a while...
2025-11-13 05:27:24.746265: E external/local_xla/xla/service/slow_operation_alarm.cc:65] Trying algorithm eng49{k0=6,k2=9,k5=3,k14=3} for conv (f16[96,3,3,1]{3,2,1,0}, u8[0]{0}) custom-call(f16[64,401,401,96]{3,2,1,0}, f16[64,200,200,96]{3,2,1,0}), window={size=3x3 stride=2x2}, dim_labels=b01f_o01i->b01f, feature_group_count=96, custom_call_target="__cudnn$convBackwardFilter", backend_config={"cudnn_conv_backend_config":{"activation_mode":"kNone","conv_result_scale":1,"leakyrelu_alpha":0,"side_input_scale":0},"force_earliest_schedule":false,"operation_queue_id":"0","wait_on_operation_queues":[]} is taking a while...
2025-11-13 05:27:25.351565: E external/local_xla/xla/service/slow_operation_alarm.cc:133] The operation took 1.605368906s
Trying algorithm eng49{k0=6,k2=9,k5=3,k14=3} for conv (f16[96,3,3,1]{3,2,1,0}, u8[0]{0}) custom-call(f16[64,401,401,96]{3,2,1,0}, f16[64,200,200,96]{3,2,1,0}), window={size=3x3 stride=2x2}, dim_labels=b01f_o01i->b01f, feature_group_count=96, custom_call_target="__cudnn$convBackwardFilter", backend_config={"cudnn_conv_backend_config":{"activation_mode":"kNone","conv_result_scale":1,"leakyrelu_alpha":0,"side_input_scale":0},"force_earliest_schedule":false,"operation_queue_id":"0","wait_on_operation_queues":[]} is taking a while...
2025-11-13 05:27:32.389301: E external/local_xla/xla/service/slow_operation_alarm.cc:65] Trying algorithm eng0{} for conv (f16[144,3,3,1]{3,2,1,0}, u8[0]{0}) custom-call(f16[64,200,200,144]{3,2,1,0}, f16[64,200,200,144]{3,2,1,0}), window={size=3x3 pad=1_1x1_1}, dim_labels=b01f_o01i->b01f, feature_group_count=144, custom_call_target="__cudnn$convBackwardFilter", backend_config={"cudnn_conv_backend_config":{"activation_mode":"kNone","conv_result_scale":1,"leakyrelu_alpha":0,"side_input_scale":0},"force_earliest_schedule":false,"operation_queue_id":"0","wait_on_operation_queues":[]} is taking a while...
2025-11-13 05:27:33.737671: E external/local_xla/xla/service/slow_operation_alarm.cc:133] The operation took 2.348454762s
Trying algorithm eng0{} for conv (f16[144,3,3,1]{3,2,1,0}, u8[0]{0}) custom-call(f16[64,200,200,144]{3,2,1,0}, f16[64,200,200,144]{3,2,1,0}), window={size=3x3 pad=1_1x1_1}, dim_labels=b01f_o01i->b01f, feature_group_count=144, custom_call_target="__cudnn$convBackwardFilter", backend_config={"cudnn_conv_backend_config":{"activation_mode":"kNone","conv_result_scale":1,"leakyrelu_alpha":0,"side_input_scale":0},"force_earliest_schedule":false,"operation_queue_id":"0","wait_on_operation_queues":[]} is taking a while...
2025-11-13 05:27:34.737830: E external/local_xla/xla/service/slow_operation_alarm.cc:65] Trying algorithm eng49{k0=3,k2=5,k5=4,k14=4} for conv (f16[144,3,3,1]{3,2,1,0}, u8[0]{0}) custom-call(f16[64,200,200,144]{3,2,1,0}, f16[64,200,200,144]{3,2,1,0}), window={size=3x3 pad=1_1x1_1}, dim_labels=b01f_o01i->b01f, feature_group_count=144, custom_call_target="__cudnn$convBackwardFilter", backend_config={"cudnn_conv_backend_config":{"activation_mode":"kNone","conv_result_scale":1,"leakyrelu_alpha":0,"side_input_scale":0},"force_earliest_schedule":false,"operation_queue_id":"0","wait_on_operation_queues":[]} is taking a while...
2025-11-13 05:27:35.028896: E external/local_xla/xla/service/slow_operation_alarm.cc:133] The operation took 1.291151494s
Trying algorithm eng49{k0=3,k2=5,k5=4,k14=4} for conv (f16[144,3,3,1]{3,2,1,0}, u8[0]{0}) custom-call(f16[64,200,200,144]{3,2,1,0}, f16[64,200,200,144]{3,2,1,0}), window={size=3x3 pad=1_1x1_1}, dim_labels=b01f_o01i->b01f, feature_group_count=144, custom_call_target="__cudnn$convBackwardFilter", backend_config={"cudnn_conv_backend_config":{"activation_mode":"kNone","conv_result_scale":1,"leakyrelu_alpha":0,"side_input_scale":0},"force_earliest_schedule":false,"operation_queue_id":"0","wait_on_operation_queues":[]} is taking a while...
2025-11-13 05:27:36.029045: E external/local_xla/xla/service/slow_operation_alarm.cc:65] Trying algorithm eng49{k0=3,k2=0,k5=4,k14=3} for conv (f16[144,3,3,1]{3,2,1,0}, u8[0]{0}) custom-call(f16[64,200,200,144]{3,2,1,0}, f16[64,200,200,144]{3,2,1,0}), window={size=3x3 pad=1_1x1_1}, dim_labels=b01f_o01i->b01f, feature_group_count=144, custom_call_target="__cudnn$convBackwardFilter", backend_config={"cudnn_conv_backend_config":{"activation_mode":"kNone","conv_result_scale":1,"leakyrelu_alpha":0,"side_input_scale":0},"force_earliest_schedule":false,"operation_queue_id":"0","wait_on_operation_queues":[]} is taking a while...
2025-11-13 05:27:36.254041: E external/local_xla/xla/service/slow_operation_alarm.cc:133] The operation took 1.225075402s
Trying algorithm eng49{k0=3,k2=0,k5=4,k14=3} for conv (f16[144,3,3,1]{3,2,1,0}, u8[0]{0}) custom-call(f16[64,200,200,144]{3,2,1,0}, f16[64,200,200,144]{3,2,1,0}), window={size=3x3 pad=1_1x1_1}, dim_labels=b01f_o01i->b01f, feature_group_count=144, custom_call_target="__cudnn$convBackwardFilter", backend_config={"cudnn_conv_backend_config":{"activation_mode":"kNone","conv_result_scale":1,"leakyrelu_alpha":0,"side_input_scale":0},"force_earliest_schedule":false,"operation_queue_id":"0","wait_on_operation_queues":[]} is taking a while...
2025-11-13 05:27:37.254170: E external/local_xla/xla/service/slow_operation_alarm.cc:65] Trying algorithm eng49{k0=3,k2=7,k5=3,k14=5} for conv (f16[144,3,3,1]{3,2,1,0}, u8[0]{0}) custom-call(f16[64,200,200,144]{3,2,1,0}, f16[64,200,200,144]{3,2,1,0}), window={size=3x3 pad=1_1x1_1}, dim_labels=b01f_o01i->b01f, feature_group_count=144, custom_call_target="__cudnn$convBackwardFilter", backend_config={"cudnn_conv_backend_config":{"activation_mode":"kNone","conv_result_scale":1,"leakyrelu_alpha":0,"side_input_scale":0},"force_earliest_schedule":false,"operation_queue_id":"0","wait_on_operation_queues":[]} is taking a while...
2025-11-13 05:27:37.698981: E external/local_xla/xla/service/slow_operation_alarm.cc:133] The operation took 1.444889746s
Trying algorithm eng49{k0=3,k2=7,k5=3,k14=5} for conv (f16[144,3,3,1]{3,2,1,0}, u8[0]{0}) custom-call(f16[64,200,200,144]{3,2,1,0}, f16[64,200,200,144]{3,2,1,0}), window={size=3x3 pad=1_1x1_1}, dim_labels=b01f_o01i->b01f, feature_group_count=144, custom_call_target="__cudnn$convBackwardFilter", backend_config={"cudnn_conv_backend_config":{"activation_mode":"kNone","conv_result_scale":1,"leakyrelu_alpha":0,"side_input_scale":0},"force_earliest_schedule":false,"operation_queue_id":"0","wait_on_operation_queues":[]} is taking a while...
2025-11-13 05:27:38.699118: E external/local_xla/xla/service/slow_operation_alarm.cc:65] Trying algorithm eng47{k0=3,k2=0,k5=3,k14=3} for conv (f16[144,3,3,1]{3,2,1,0}, u8[0]{0}) custom-call(f16[64,200,200,144]{3,2,1,0}, f16[64,200,200,144]{3,2,1,0}), window={size=3x3 pad=1_1x1_1}, dim_labels=b01f_o01i->b01f, feature_group_count=144, custom_call_target="__cudnn$convBackwardFilter", backend_config={"cudnn_conv_backend_config":{"activation_mode":"kNone","conv_result_scale":1,"leakyrelu_alpha":0,"side_input_scale":0},"force_earliest_schedule":false,"operation_queue_id":"0","wait_on_operation_queues":[]} is taking a while...
2025-11-13 05:27:39.619154: E external/local_xla/xla/service/slow_operation_alarm.cc:133] The operation took 1.92011453s
Trying algorithm eng47{k0=3,k2=0,k5=3,k14=3} for conv (f16[144,3,3,1]{3,2,1,0}, u8[0]{0}) custom-call(f16[64,200,200,144]{3,2,1,0}, f16[64,200,200,144]{3,2,1,0}), window={size=3x3 pad=1_1x1_1}, dim_labels=b01f_o01i->b01f, feature_group_count=144, custom_call_target="__cudnn$convBackwardFilter", backend_config={"cudnn_conv_backend_config":{"activation_mode":"kNone","conv_result_scale":1,"leakyrelu_alpha":0,"side_input_scale":0},"force_earliest_schedule":false,"operation_queue_id":"0","wait_on_operation_queues":[]} is taking a while...
2025-11-13 05:27:40.619290: E external/local_xla/xla/service/slow_operation_alarm.cc:65] Trying algorithm eng49{k0=3,k2=0,k5=3,k14=3} for conv (f16[144,3,3,1]{3,2,1,0}, u8[0]{0}) custom-call(f16[64,200,200,144]{3,2,1,0}, f16[64,200,200,144]{3,2,1,0}), window={size=3x3 pad=1_1x1_1}, dim_labels=b01f_o01i->b01f, feature_group_count=144, custom_call_target="__cudnn$convBackwardFilter", backend_config={"cudnn_conv_backend_config":{"activation_mode":"kNone","conv_result_scale":1,"leakyrelu_alpha":0,"side_input_scale":0},"force_earliest_schedule":false,"operation_queue_id":"0","wait_on_operation_queues":[]} is taking a while...
2025-11-13 05:27:41.078877: E external/local_xla/xla/service/slow_operation_alarm.cc:133] The operation took 1.459669386s
Trying algorithm eng49{k0=3,k2=0,k5=3,k14=3} for conv (f16[144,3,3,1]{3,2,1,0}, u8[0]{0}) custom-call(f16[64,200,200,144]{3,2,1,0}, f16[64,200,200,144]{3,2,1,0}), window={size=3x3 pad=1_1x1_1}, dim_labels=b01f_o01i->b01f, feature_group_count=144, custom_call_target="__cudnn$convBackwardFilter", backend_config={"cudnn_conv_backend_config":{"activation_mode":"kNone","conv_result_scale":1,"leakyrelu_alpha":0,"side_input_scale":0},"force_earliest_schedule":false,"operation_queue_id":"0","wait_on_operation_queues":[]} is taking a while...
2025-11-13 05:27:42.079025: E external/local_xla/xla/service/slow_operation_alarm.cc:65] Trying algorithm eng33{k0=5,k2=3,k5=3,k14=2} for conv (f16[144,3,3,1]{3,2,1,0}, u8[0]{0}) custom-call(f16[64,200,200,144]{3,2,1,0}, f16[64,200,200,144]{3,2,1,0}), window={size=3x3 pad=1_1x1_1}, dim_labels=b01f_o01i->b01f, feature_group_count=144, custom_call_target="__cudnn$convBackwardFilter", backend_config={"cudnn_conv_backend_config":{"activation_mode":"kNone","conv_result_scale":1,"leakyrelu_alpha":0,"side_input_scale":0},"force_earliest_schedule":false,"operation_queue_id":"0","wait_on_operation_queues":[]} is taking a while...
2025-11-13 05:27:42.541980: E external/local_xla/xla/service/slow_operation_alarm.cc:133] The operation took 1.463054533s
Trying algorithm eng33{k0=5,k2=3,k5=3,k14=2} for conv (f16[144,3,3,1]{3,2,1,0}, u8[0]{0}) custom-call(f16[64,200,200,144]{3,2,1,0}, f16[64,200,200,144]{3,2,1,0}), window={size=3x3 pad=1_1x1_1}, dim_labels=b01f_o01i->b01f, feature_group_count=144, custom_call_target="__cudnn$convBackwardFilter", backend_config={"cudnn_conv_backend_config":{"activation_mode":"kNone","conv_result_scale":1,"leakyrelu_alpha":0,"side_input_scale":0},"force_earliest_schedule":false,"operation_queue_id":"0","wait_on_operation_queues":[]} is taking a while...
2025-11-13 05:27:43.542107: E external/local_xla/xla/service/slow_operation_alarm.cc:65] Trying algorithm eng49{k0=3,k2=9,k5=3,k14=3} for conv (f16[144,3,3,1]{3,2,1,0}, u8[0]{0}) custom-call(f16[64,200,200,144]{3,2,1,0}, f16[64,200,200,144]{3,2,1,0}), window={size=3x3 pad=1_1x1_1}, dim_labels=b01f_o01i->b01f, feature_group_count=144, custom_call_target="__cudnn$convBackwardFilter", backend_config={"cudnn_conv_backend_config":{"activation_mode":"kNone","conv_result_scale":1,"leakyrelu_alpha":0,"side_input_scale":0},"force_earliest_schedule":false,"operation_queue_id":"0","wait_on_operation_queues":[]} is taking a while...
2025-11-13 05:27:44.274707: E external/local_xla/xla/service/slow_operation_alarm.cc:133] The operation took 1.732678628s
Trying algorithm eng49{k0=3,k2=9,k5=3,k14=3} for conv (f16[144,3,3,1]{3,2,1,0}, u8[0]{0}) custom-call(f16[64,200,200,144]{3,2,1,0}, f16[64,200,200,144]{3,2,1,0}), window={size=3x3 pad=1_1x1_1}, dim_labels=b01f_o01i->b01f, feature_group_count=144, custom_call_target="__cudnn$convBackwardFilter", backend_config={"cudnn_conv_backend_config":{"activation_mode":"kNone","conv_result_scale":1,"leakyrelu_alpha":0,"side_input_scale":0},"force_earliest_schedule":false,"operation_queue_id":"0","wait_on_operation_queues":[]} is taking a while...
2025-11-13 05:27:49.109100: E external/local_xla/xla/service/slow_operation_alarm.cc:65] Trying algorithm eng0{} for conv (f16[144,5,5,1]{3,2,1,0}, u8[0]{0}) custom-call(f16[64,201,201,144]{3,2,1,0}, f16[64,100,100,144]{3,2,1,0}), window={size=5x5 stride=2x2 pad=1_1x1_1}, dim_labels=b01f_o01i->b01f, feature_group_count=144, custom_call_target="__cudnn$convBackwardFilter", backend_config={"cudnn_conv_backend_config":{"activation_mode":"kNone","conv_result_scale":1,"leakyrelu_alpha":0,"side_input_scale":0},"force_earliest_schedule":false,"operation_queue_id":"0","wait_on_operation_queues":[]} is taking a while...
2025-11-13 05:27:49.690186: E external/local_xla/xla/service/slow_operation_alarm.cc:133] The operation took 1.581165186s
Trying algorithm eng0{} for conv (f16[144,5,5,1]{3,2,1,0}, u8[0]{0}) custom-call(f16[64,201,201,144]{3,2,1,0}, f16[64,100,100,144]{3,2,1,0}), window={size=5x5 stride=2x2 pad=1_1x1_1}, dim_labels=b01f_o01i->b01f, feature_group_count=144, custom_call_target="__cudnn$convBackwardFilter", backend_config={"cudnn_conv_backend_config":{"activation_mode":"kNone","conv_result_scale":1,"leakyrelu_alpha":0,"side_input_scale":0},"force_earliest_schedule":false,"operation_queue_id":"0","wait_on_operation_queues":[]} is taking a while...
2025-11-13 05:27:56.790930: E external/local_xla/xla/service/slow_operation_alarm.cc:65] Trying algorithm eng0{} for conv (f16[240,5,5,1]{3,2,1,0}, u8[0]{0}) custom-call(f16[64,100,100,240]{3,2,1,0}, f16[64,100,100,240]{3,2,1,0}), window={size=5x5 pad=2_2x2_2}, dim_labels=b01f_o01i->b01f, feature_group_count=240, custom_call_target="__cudnn$convBackwardFilter", backend_config={"cudnn_conv_backend_config":{"activation_mode":"kNone","conv_result_scale":1,"leakyrelu_alpha":0,"side_input_scale":0},"force_earliest_schedule":false,"operation_queue_id":"0","wait_on_operation_queues":[]} is taking a while...
2025-11-13 05:27:58.327491: E external/local_xla/xla/service/slow_operation_alarm.cc:133] The operation took 2.536636486s
Trying algorithm eng0{} for conv (f16[240,5,5,1]{3,2,1,0}, u8[0]{0}) custom-call(f16[64,100,100,240]{3,2,1,0}, f16[64,100,100,240]{3,2,1,0}), window={size=5x5 pad=2_2x2_2}, dim_labels=b01f_o01i->b01f, feature_group_count=240, custom_call_target="__cudnn$convBackwardFilter", backend_config={"cudnn_conv_backend_config":{"activation_mode":"kNone","conv_result_scale":1,"leakyrelu_alpha":0,"side_input_scale":0},"force_earliest_schedule":false,"operation_queue_id":"0","wait_on_operation_queues":[]} is taking a while...
2025-11-13 05:27:59.327647: E external/local_xla/xla/service/slow_operation_alarm.cc:65] Trying algorithm eng49{k0=1,k2=0,k5=4,k14=3} for conv (f16[240,5,5,1]{3,2,1,0}, u8[0]{0}) custom-call(f16[64,100,100,240]{3,2,1,0}, f16[64,100,100,240]{3,2,1,0}), window={size=5x5 pad=2_2x2_2}, dim_labels=b01f_o01i->b01f, feature_group_count=240, custom_call_target="__cudnn$convBackwardFilter", backend_config={"cudnn_conv_backend_config":{"activation_mode":"kNone","conv_result_scale":1,"leakyrelu_alpha":0,"side_input_scale":0},"force_earliest_schedule":false,"operation_queue_id":"0","wait_on_operation_queues":[]} is taking a while...
2025-11-13 05:27:59.398423: E external/local_xla/xla/service/slow_operation_alarm.cc:133] The operation took 1.070854342s
Trying algorithm eng49{k0=1,k2=0,k5=4,k14=3} for conv (f16[240,5,5,1]{3,2,1,0}, u8[0]{0}) custom-call(f16[64,100,100,240]{3,2,1,0}, f16[64,100,100,240]{3,2,1,0}), window={size=5x5 pad=2_2x2_2}, dim_labels=b01f_o01i->b01f, feature_group_count=240, custom_call_target="__cudnn$convBackwardFilter", backend_config={"cudnn_conv_backend_config":{"activation_mode":"kNone","conv_result_scale":1,"leakyrelu_alpha":0,"side_input_scale":0},"force_earliest_schedule":false,"operation_queue_id":"0","wait_on_operation_queues":[]} is taking a while...
2025-11-13 05:28:12.502482: E external/local_xla/xla/service/slow_operation_alarm.cc:65] Trying algorithm eng0{} for conv (f16[480,5,5,1]{3,2,1,0}, u8[0]{0}) custom-call(f16[64,50,50,480]{3,2,1,0}, f16[64,50,50,480]{3,2,1,0}), window={size=5x5 pad=2_2x2_2}, dim_labels=b01f_o01i->b01f, feature_group_count=480, custom_call_target="__cudnn$convBackwardFilter", backend_config={"cudnn_conv_backend_config":{"activation_mode":"kNone","conv_result_scale":1,"leakyrelu_alpha":0,"side_input_scale":0},"force_earliest_schedule":false,"operation_queue_id":"0","wait_on_operation_queues":[]} is taking a while...
2025-11-13 05:28:13.266533: E external/local_xla/xla/service/slow_operation_alarm.cc:133] The operation took 1.764131472s
Trying algorithm eng0{} for conv (f16[480,5,5,1]{3,2,1,0}, u8[0]{0}) custom-call(f16[64,50,50,480]{3,2,1,0}, f16[64,50,50,480]{3,2,1,0}), window={size=5x5 pad=2_2x2_2}, dim_labels=b01f_o01i->b01f, feature_group_count=480, custom_call_target="__cudnn$convBackwardFilter", backend_config={"cudnn_conv_backend_config":{"activation_mode":"kNone","conv_result_scale":1,"leakyrelu_alpha":0,"side_input_scale":0},"force_earliest_schedule":false,"operation_queue_id":"0","wait_on_operation_queues":[]} is taking a while...
2025-11-13 05:28:18.101816: E external/local_xla/xla/service/slow_operation_alarm.cc:65] Trying algorithm eng0{} for conv (f16[672,5,5,1]{3,2,1,0}, u8[0]{0}) custom-call(f16[64,50,50,672]{3,2,1,0}, f16[64,50,50,672]{3,2,1,0}), window={size=5x5 pad=2_2x2_2}, dim_labels=b01f_o01i->b01f, feature_group_count=672, custom_call_target="__cudnn$convBackwardFilter", backend_config={"cudnn_conv_backend_config":{"activation_mode":"kNone","conv_result_scale":1,"leakyrelu_alpha":0,"side_input_scale":0},"force_earliest_schedule":false,"operation_queue_id":"0","wait_on_operation_queues":[]} is taking a while...
2025-11-13 05:28:19.080607: E external/local_xla/xla/service/slow_operation_alarm.cc:133] The operation took 1.978867824s
Trying algorithm eng0{} for conv (f16[672,5,5,1]{3,2,1,0}, u8[0]{0}) custom-call(f16[64,50,50,672]{3,2,1,0}, f16[64,50,50,672]{3,2,1,0}), window={size=5x5 pad=2_2x2_2}, dim_labels=b01f_o01i->b01f, feature_group_count=672, custom_call_target="__cudnn$convBackwardFilter", backend_config={"cudnn_conv_backend_config":{"activation_mode":"kNone","conv_result_scale":1,"leakyrelu_alpha":0,"side_input_scale":0},"force_earliest_schedule":false,"operation_queue_id":"0","wait_on_operation_queues":[]} is taking a while...
2025-11-13 05:28:45.347564: W external/local_xla/xla/service/hlo_rematerialization.cc:3005] Can't reduce memory use below 8.42GiB (9045107959 bytes) by rematerialization; only reduced to 18.41GiB (19772000490 bytes), down from 24.48GiB (26284774017 bytes) originally
2025-11-13 05:29:09.979525: I external/local_xla/xla/stream_executor/cuda/cuda_asm_compiler.cc:397] ptxas warning : Registers are spilled to local memory in function 'input_reduce_fusion_82_remat3', 596 bytes spill stores, 596 bytes spill loads
ptxas warning : Registers are spilled to local memory in function 'input_reduce_fusion_85', 56 bytes spill stores, 52 bytes spill loads
ptxas warning : Registers are spilled to local memory in function 'input_reduce_fusion_88_remat', 40 bytes spill stores, 40 bytes spill loads
ptxas warning : Registers are spilled to local memory in function 'input_reduce_fusion_88', 368 bytes spill stores, 248 bytes spill loads
ptxas warning : Registers are spilled to local memory in function 'input_reduce_fusion_285', 8 bytes spill stores, 8 bytes spill loads
ptxas warning : Registers are spilled to local memory in function 'input_reduce_fusion_286_remat', 8 bytes spill stores, 8 bytes spill loads
ptxas warning : Registers are spilled to local memory in function 'input_reduce_fusion_291_remat', 8 bytes spill stores, 8 bytes spill loads
ptxas warning : Registers are spilled to local memory in function 'input_reduce_fusion_266', 392 bytes spill stores, 264 bytes spill loads

2025-11-13 05:29:20.537620: W external/local_xla/xla/tsl/framework/bfc_allocator.cc:497] Allocator (GPU_0_bfc) ran out of memory trying to allocate 18.42GiB (rounded to 19783403008)requested by op 
2025-11-13 05:29:20.537712: I external/local_xla/xla/tsl/framework/bfc_allocator.cc:1053] BFCAllocator dump for GPU_0_bfc
2025-11-13 05:29:20.537727: I external/local_xla/xla/tsl/framework/bfc_allocator.cc:1060] Bin (256): 	Total Chunks: 213, Chunks in use: 213. 53.2KiB allocated for chunks. 53.2KiB in use in bin. 15.9KiB client-requested in use in bin.
2025-11-13 05:29:20.537737: I external/local_xla/xla/tsl/framework/bfc_allocator.cc:1060] Bin (512): 	Total Chunks: 183, Chunks in use: 183. 115.8KiB allocated for chunks. 115.8KiB in use in bin. 93.6KiB client-requested in use in bin.
2025-11-13 05:29:20.537754: I external/local_xla/xla/tsl/framework/bfc_allocator.cc:1060] Bin (1024): 	Total Chunks: 86, Chunks in use: 86. 95.8KiB allocated for chunks. 95.8KiB in use in bin. 86.7KiB client-requested in use in bin.
2025-11-13 05:29:20.537764: I external/local_xla/xla/tsl/framework/bfc_allocator.cc:1060] Bin (2048): 	Total Chunks: 168, Chunks in use: 168. 426.5KiB allocated for chunks. 426.5KiB in use in bin. 395.8KiB client-requested in use in bin.
2025-11-13 05:29:20.537773: I external/local_xla/xla/tsl/framework/bfc_allocator.cc:1060] Bin (4096): 	Total Chunks: 132, Chunks in use: 132. 672.2KiB allocated for chunks. 672.2KiB in use in bin. 643.9KiB client-requested in use in bin.
2025-11-13 05:29:20.537781: I external/local_xla/xla/tsl/framework/bfc_allocator.cc:1060] Bin (8192): 	Total Chunks: 46, Chunks in use: 46. 512.8KiB allocated for chunks. 512.8KiB in use in bin. 478.4KiB client-requested in use in bin.
2025-11-13 05:29:20.537790: I external/local_xla/xla/tsl/framework/bfc_allocator.cc:1060] Bin (16384): 	Total Chunks: 15, Chunks in use: 15. 299.0KiB allocated for chunks. 299.0KiB in use in bin. 278.4KiB client-requested in use in bin.
2025-11-13 05:29:20.537799: I external/local_xla/xla/tsl/framework/bfc_allocator.cc:1060] Bin (32768): 	Total Chunks: 45, Chunks in use: 45. 1.65MiB allocated for chunks. 1.65MiB in use in bin. 1.60MiB client-requested in use in bin.
2025-11-13 05:29:20.537808: I external/local_xla/xla/tsl/framework/bfc_allocator.cc:1060] Bin (65536): 	Total Chunks: 53, Chunks in use: 53. 4.19MiB allocated for chunks. 4.19MiB in use in bin. 4.04MiB client-requested in use in bin.
2025-11-13 05:29:20.537817: I external/local_xla/xla/tsl/framework/bfc_allocator.cc:1060] Bin (131072): 	Total Chunks: 56, Chunks in use: 56. 10.28MiB allocated for chunks. 10.28MiB in use in bin. 10.04MiB client-requested in use in bin.
2025-11-13 05:29:20.537825: I external/local_xla/xla/tsl/framework/bfc_allocator.cc:1060] Bin (262144): 	Total Chunks: 25, Chunks in use: 25. 7.42MiB allocated for chunks. 7.42MiB in use in bin. 7.23MiB client-requested in use in bin.
2025-11-13 05:29:20.537834: I external/local_xla/xla/tsl/framework/bfc_allocator.cc:1060] Bin (524288): 	Total Chunks: 33, Chunks in use: 33. 26.19MiB allocated for chunks. 26.19MiB in use in bin. 26.02MiB client-requested in use in bin.
2025-11-13 05:29:20.537843: I external/local_xla/xla/tsl/framework/bfc_allocator.cc:1060] Bin (1048576): 	Total Chunks: 4, Chunks in use: 4. 6.15MiB allocated for chunks. 6.15MiB in use in bin. 4.82MiB client-requested in use in bin.
2025-11-13 05:29:20.537852: I external/local_xla/xla/tsl/framework/bfc_allocator.cc:1060] Bin (2097152): 	Total Chunks: 6, Chunks in use: 6. 14.74MiB allocated for chunks. 14.74MiB in use in bin. 12.34MiB client-requested in use in bin.
2025-11-13 05:29:20.537860: I external/local_xla/xla/tsl/framework/bfc_allocator.cc:1060] Bin (4194304): 	Total Chunks: 1, Chunks in use: 1. 4.00MiB allocated for chunks. 4.00MiB in use in bin. 2.01MiB client-requested in use in bin.
2025-11-13 05:29:20.537870: I external/local_xla/xla/tsl/framework/bfc_allocator.cc:1060] Bin (8388608): 	Total Chunks: 0, Chunks in use: 0. 0B allocated for chunks. 0B in use in bin. 0B client-requested in use in bin.
2025-11-13 05:29:20.537879: I external/local_xla/xla/tsl/framework/bfc_allocator.cc:1060] Bin (16777216): 	Total Chunks: 0, Chunks in use: 0. 0B allocated for chunks. 0B in use in bin. 0B client-requested in use in bin.
2025-11-13 05:29:20.537887: I external/local_xla/xla/tsl/framework/bfc_allocator.cc:1060] Bin (33554432): 	Total Chunks: 1, Chunks in use: 0. 49.26MiB allocated for chunks. 0B in use in bin. 0B client-requested in use in bin.
2025-11-13 05:29:20.537895: I external/local_xla/xla/tsl/framework/bfc_allocator.cc:1060] Bin (67108864): 	Total Chunks: 0, Chunks in use: 0. 0B allocated for chunks. 0B in use in bin. 0B client-requested in use in bin.
2025-11-13 05:29:20.537903: I external/local_xla/xla/tsl/framework/bfc_allocator.cc:1060] Bin (134217728): 	Total Chunks: 0, Chunks in use: 0. 0B allocated for chunks. 0B in use in bin. 0B client-requested in use in bin.
2025-11-13 05:29:20.537922: I external/local_xla/xla/tsl/framework/bfc_allocator.cc:1060] Bin (268435456): 	Total Chunks: 5, Chunks in use: 1. 9.93GiB allocated for chunks. 512.00MiB in use in bin. 468.75MiB client-requested in use in bin.
2025-11-13 05:29:20.537931: I external/local_xla/xla/tsl/framework/bfc_allocator.cc:1076] Bin for 18.42GiB was 256.00MiB, Chunk State: 
2025-11-13 05:29:20.537941: I external/local_xla/xla/tsl/framework/bfc_allocator.cc:1082]   Size: 512.00MiB | Requested Size: 113.66MiB | in_use: 0 | bin_num: 20
2025-11-13 05:29:20.537950: I external/local_xla/xla/tsl/framework/bfc_allocator.cc:1082]   Size: 1.00GiB | Requested Size: 719.44MiB | in_use: 0 | bin_num: 20
2025-11-13 05:29:20.537958: I external/local_xla/xla/tsl/framework/bfc_allocator.cc:1082]   Size: 2.00GiB | Requested Size: 1.16GiB | in_use: 0 | bin_num: 20
2025-11-13 05:29:20.537966: I external/local_xla/xla/tsl/framework/bfc_allocator.cc:1082]   Size: 5.93GiB | Requested Size: 2.30GiB | in_use: 0 | bin_num: 20
2025-11-13 05:29:20.537974: I external/local_xla/xla/tsl/framework/bfc_allocator.cc:1089] Next region of size 6365904896
2025-11-13 05:29:20.537983: I external/local_xla/xla/tsl/framework/bfc_allocator.cc:1109] Free  at 150d38000000 of size 6365904896 next 18446744073709551615
2025-11-13 05:29:20.537990: I external/local_xla/xla/tsl/framework/bfc_allocator.cc:1089] Next region of size 2147483648
2025-11-13 05:29:20.537998: I external/local_xla/xla/tsl/framework/bfc_allocator.cc:1109] Free  at 150ec8000000 of size 2147483648 next 18446744073709551615
2025-11-13 05:29:20.538005: I external/local_xla/xla/tsl/framework/bfc_allocator.cc:1089] Next region of size 1073741824
2025-11-13 05:29:20.538012: I external/local_xla/xla/tsl/framework/bfc_allocator.cc:1109] Free  at 150f70000000 of size 1073741824 next 18446744073709551615
2025-11-13 05:29:20.538020: I external/local_xla/xla/tsl/framework/bfc_allocator.cc:1089] Next region of size 536870912
2025-11-13 05:29:20.538027: I external/local_xla/xla/tsl/framework/bfc_allocator.cc:1109] Free  at 150fb0000000 of size 536870912 next 18446744073709551615
2025-11-13 05:29:20.538035: I external/local_xla/xla/tsl/framework/bfc_allocator.cc:1089] Next region of size 536870912
2025-11-13 05:29:20.538043: I external/local_xla/xla/tsl/framework/bfc_allocator.cc:1109] InUse at 15108a000000 of size 536870912 next 18446744073709551615
2025-11-13 05:29:20.538051: I external/local_xla/xla/tsl/framework/bfc_allocator.cc:1089] Next region of size 67108864
2025-11-13 05:29:20.538058: I external/local_xla/xla/tsl/framework/bfc_allocator.cc:1109] InUse at 1510d8000000 of size 884736 next 903
2025-11-13 05:29:20.538066: I external/local_xla/xla/tsl/framework/bfc_allocator.cc:1109] InUse at 1510d80d8000 of size 884736 next 904
2025-11-13 05:29:20.538073: I external/local_xla/xla/tsl/framework/bfc_allocator.cc:1109] InUse at 1510d81b0000 of size 884736 next 905
2025-11-13 05:29:20.538081: I external/local_xla/xla/tsl/framework/bfc_allocator.cc:1109] InUse at 1510d8288000 of size 115200 next 906
2025-11-13 05:29:20.538088: I external/local_xla/xla/tsl/framework/bfc_allocator.cc:1109] InUse at 1510d82a4200 of size 115200 next 907
2025-11-13 05:29:20.538096: I external/local_xla/xla/tsl/framework/bfc_allocator.cc:1109] InUse at 1510d82c0400 of size 115200 next 908
2025-11-13 05:29:20.538103: I external/local_xla/xla/tsl/framework/bfc_allocator.cc:1109] InUse at 1510d82dc600 of size 115200 next 909
2025-11-13 05:29:20.538110: I external/local_xla/xla/tsl/framework/bfc_allocator.cc:1109] InUse at 1510d82f8800 of size 115200 next 910
2025-11-13 05:29:20.538118: I external/local_xla/xla/tsl/framework/bfc_allocator.cc:1109] InUse at 1510d8314a00 of size 115200 next 911
2025-11-13 05:29:20.538125: I external/local_xla/xla/tsl/framework/bfc_allocator.cc:1109] InUse at 1510d8330c00 of size 115200 next 912
2025-11-13 05:29:20.538141: I external/local_xla/xla/tsl/framework/bfc_allocator.cc:1109] InUse at 1510d834ce00 of size 115200 next 913
2025-11-13 05:29:20.538149: I external/local_xla/xla/tsl/framework/bfc_allocator.cc:1109] InUse at 1510d8369000 of size 221184 next 914
2025-11-13 05:29:20.538157: I external/local_xla/xla/tsl/framework/bfc_allocator.cc:1109] InUse at 1510d839f000 of size 221184 next 915
2025-11-13 05:29:20.538164: I external/local_xla/xla/tsl/framework/bfc_allocator.cc:1109] InUse at 1510d83d5000 of size 221184 next 916
2025-11-13 05:29:20.538171: I external/local_xla/xla/tsl/framework/bfc_allocator.cc:1109] InUse at 1510d840b000 of size 221184 next 917
2025-11-13 05:29:20.538179: I external/local_xla/xla/tsl/framework/bfc_allocator.cc:1109] InUse at 1510d8441000 of size 221184 next 918
2025-11-13 05:29:20.538186: I external/local_xla/xla/tsl/framework/bfc_allocator.cc:1109] InUse at 1510d8477000 of size 221184 next 919
2025-11-13 05:29:20.538194: I external/local_xla/xla/tsl/framework/bfc_allocator.cc:1109] InUse at 1510d84ad000 of size 221184 next 920
2025-11-13 05:29:20.538201: I external/local_xla/xla/tsl/framework/bfc_allocator.cc:1109] InUse at 1510d84e3000 of size 221184 next 921
2025-11-13 05:29:20.538208: I external/local_xla/xla/tsl/framework/bfc_allocator.cc:1109] InUse at 1510d8519000 of size 221184 next 922
2025-11-13 05:29:20.538216: I external/local_xla/xla/tsl/framework/bfc_allocator.cc:1109] InUse at 1510d854f000 of size 221184 next 923
2025-11-13 05:29:20.538223: I external/local_xla/xla/tsl/framework/bfc_allocator.cc:1109] InUse at 1510d8585000 of size 256 next 924
2025-11-13 05:29:20.538232: I external/local_xla/xla/tsl/framework/bfc_allocator.cc:1109] InUse at 1510d8585100 of size 256 next 925
2025-11-13 05:29:20.538240: I external/local_xla/xla/tsl/framework/bfc_allocator.cc:1109] InUse at 1510d8585200 of size 256 next 926
2025-11-13 05:29:20.538247: I external/local_xla/xla/tsl/framework/bfc_allocator.cc:1109] InUse at 1510d8585300 of size 256 next 927
2025-11-13 05:29:20.538255: I external/local_xla/xla/tsl/framework/bfc_allocator.cc:1109] InUse at 1510d8585400 of size 256 next 928
2025-11-13 05:29:20.538262: I external/local_xla/xla/tsl/framework/bfc_allocator.cc:1109] InUse at 1510d8585500 of size 256 next 929
2025-11-13 05:29:20.538269: I external/local_xla/xla/tsl/framework/bfc_allocator.cc:1109] InUse at 1510d8585600 of size 256 next 930
2025-11-13 05:29:20.538277: I external/local_xla/xla/tsl/framework/bfc_allocator.cc:1109] InUse at 1510d8585700 of size 256 next 931
2025-11-13 05:29:20.538284: I external/local_xla/xla/tsl/framework/bfc_allocator.cc:1109] InUse at 1510d8585800 of size 256 next 932
2025-11-13 05:29:20.538291: I external/local_xla/xla/tsl/framework/bfc_allocator.cc:1109] InUse at 1510d8585900 of size 256 next 933
2025-11-13 05:29:20.538299: I external/local_xla/xla/tsl/framework/bfc_allocator.cc:1109] InUse at 1510d8585a00 of size 768 next 934
2025-11-13 05:29:20.538306: I external/local_xla/xla/tsl/framework/bfc_allocator.cc:1109] InUse at 1510d8585d00 of size 768 next 935
2025-11-13 05:29:20.538314: I external/local_xla/xla/tsl/framework/bfc_allocator.cc:1109] InUse at 1510d8586000 of size 768 next 936
2025-11-13 05:29:20.538321: I external/local_xla/xla/tsl/framework/bfc_allocator.cc:1109] InUse at 1510d8586300 of size 768 next 937
2025-11-13 05:29:20.538329: I external/local_xla/xla/tsl/framework/bfc_allocator.cc:1109] InUse at 1510d8586600 of size 768 next 938
2025-11-13 05:29:20.538336: I external/local_xla/xla/tsl/framework/bfc_allocator.cc:1109] InUse at 1510d8586900 of size 768 next 939
2025-11-13 05:29:20.538343: I external/local_xla/xla/tsl/framework/bfc_allocator.cc:1109] InUse at 1510d8586c00 of size 768 next 940
2025-11-13 05:29:20.538351: I external/local_xla/xla/tsl/framework/bfc_allocator.cc:1109] InUse at 1510d8586f00 of size 768 next 941
2025-11-13 05:29:20.538358: I external/local_xla/xla/tsl/framework/bfc_allocator.cc:1109] InUse at 1510d8587200 of size 768 next 942
2025-11-13 05:29:20.538366: I external/local_xla/xla/tsl/framework/bfc_allocator.cc:1109] InUse at 1510d8587500 of size 768 next 943
2025-11-13 05:29:20.538377: I external/local_xla/xla/tsl/framework/bfc_allocator.cc:1109] InUse at 1510d8587800 of size 768 next 944
2025-11-13 05:29:20.538384: I external/local_xla/xla/tsl/framework/bfc_allocator.cc:1109] InUse at 1510d8587b00 of size 768 next 945
2025-11-13 05:29:20.538392: I external/local_xla/xla/tsl/framework/bfc_allocator.cc:1109] InUse at 1510d8587e00 of size 768 next 946
2025-11-13 05:29:20.538399: I external/local_xla/xla/tsl/framework/bfc_allocator.cc:1109] InUse at 1510d8588100 of size 768 next 947
2025-11-13 05:29:20.538407: I external/local_xla/xla/tsl/framework/bfc_allocator.cc:1109] InUse at 1510d8588400 of size 768 next 948
2025-11-13 05:29:20.538414: I external/local_xla/xla/tsl/framework/bfc_allocator.cc:1109] InUse at 1510d8588700 of size 768 next 949
2025-11-13 05:29:20.538421: I external/local_xla/xla/tsl/framework/bfc_allocator.cc:1109] InUse at 1510d8588a00 of size 768 next 950
2025-11-13 05:29:20.538429: I external/local_xla/xla/tsl/framework/bfc_allocator.cc:1109] InUse at 1510d8588d00 of size 768 next 951
2025-11-13 05:29:20.538436: I external/local_xla/xla/tsl/framework/bfc_allocator.cc:1109] InUse at 1510d8589000 of size 768 next 952
2025-11-13 05:29:20.538443: I external/local_xla/xla/tsl/framework/bfc_allocator.cc:1109] InUse at 1510d8589300 of size 768 next 953
2025-11-13 05:29:20.538451: I external/local_xla/xla/tsl/framework/bfc_allocator.cc:1109] InUse at 1510d8589600 of size 884736 next 954
2025-11-13 05:29:20.538458: I external/local_xla/xla/tsl/framework/bfc_allocator.cc:1109] InUse at 1510d8661600 of size 884736 next 955
2025-11-13 05:29:20.538466: I external/local_xla/xla/tsl/framework/bfc_allocator.cc:1109] InUse at 1510d8739600 of size 884736 next 956
2025-11-13 05:29:20.538473: I external/local_xla/xla/tsl/framework/bfc_allocator.cc:1109] InUse at 1510d8811600 of size 884736 next 957
2025-11-13 05:29:20.538480: I external/local_xla/xla/tsl/framework/bfc_allocator.cc:1109] InUse at 1510d88e9600 of size 884736 next 958
2025-11-13 05:29:20.538488: I external/local_xla/xla/tsl/framework/bfc_allocator.cc:1109] InUse at 1510d89c1600 of size 884736 next 959
2025-11-13 05:29:20.538495: I external/local_xla/xla/tsl/framework/bfc_allocator.cc:1109] InUse at 1510d8a99600 of size 884736 next 960
2025-11-13 05:29:20.538502: I external/local_xla/xla/tsl/framework/bfc_allocator.cc:1109] InUse at 1510d8b71600 of size 884736 next 961
2025-11-13 05:29:20.538510: I external/local_xla/xla/tsl/framework/bfc_allocator.cc:1109] InUse at 1510d8c49600 of size 4608 next 962
2025-11-13 05:29:20.538517: I external/local_xla/xla/tsl/framework/bfc_allocator.cc:1109] InUse at 1510d8c4a800 of size 4608 next 963
2025-11-13 05:29:20.538525: I external/local_xla/xla/tsl/framework/bfc_allocator.cc:1109] InUse at 1510d8c4ba00 of size 4608 next 964
2025-11-13 05:29:20.538532: I external/local_xla/xla/tsl/framework/bfc_allocator.cc:1109] InUse at 1510d8c4cc00 of size 4608 next 965
2025-11-13 05:29:20.538540: I external/local_xla/xla/tsl/framework/bfc_allocator.cc:1109] InUse at 1510d8c4de00 of size 4608 next 966
2025-11-13 05:29:20.538547: I external/local_xla/xla/tsl/framework/bfc_allocator.cc:1109] InUse at 1510d8c4f000 of size 4608 next 967
2025-11-13 05:29:20.538554: I external/local_xla/xla/tsl/framework/bfc_allocator.cc:1109] InUse at 1510d8c50200 of size 4608 next 968
2025-11-13 05:29:20.538562: I external/local_xla/xla/tsl/framework/bfc_allocator.cc:1109] InUse at 1510d8c51400 of size 4608 next 969
2025-11-13 05:29:20.538569: I external/local_xla/xla/tsl/framework/bfc_allocator.cc:1109] InUse at 1510d8c52600 of size 4608 next 970
2025-11-13 05:29:20.538576: I external/local_xla/xla/tsl/framework/bfc_allocator.cc:1109] InUse at 1510d8c53800 of size 4608 next 971
2025-11-13 05:29:20.538584: I external/local_xla/xla/tsl/framework/bfc_allocator.cc:1109] InUse at 1510d8c54a00 of size 4608 next 972
2025-11-13 05:29:20.538591: I external/local_xla/xla/tsl/framework/bfc_allocator.cc:1109] InUse at 1510d8c55c00 of size 4608 next 973
2025-11-13 05:29:20.538599: I external/local_xla/xla/tsl/framework/bfc_allocator.cc:1109] InUse at 1510d8c56e00 of size 4608 next 974
2025-11-13 05:29:20.538609: I external/local_xla/xla/tsl/framework/bfc_allocator.cc:1109] InUse at 1510d8c58000 of size 4608 next 975
2025-11-13 05:29:20.538617: I external/local_xla/xla/tsl/framework/bfc_allocator.cc:1109] InUse at 1510d8c59200 of size 4608 next 976
2025-11-13 05:29:20.538624: I external/local_xla/xla/tsl/framework/bfc_allocator.cc:1109] InUse at 1510d8c5a400 of size 4608 next 977
2025-11-13 05:29:20.538632: I external/local_xla/xla/tsl/framework/bfc_allocator.cc:1109] InUse at 1510d8c5b600 of size 4608 next 978
2025-11-13 05:29:20.538639: I external/local_xla/xla/tsl/framework/bfc_allocator.cc:1109] InUse at 1510d8c5c800 of size 4608 next 979
2025-11-13 05:29:20.538646: I external/local_xla/xla/tsl/framework/bfc_allocator.cc:1109] InUse at 1510d8c5da00 of size 4608 next 980
2025-11-13 05:29:20.538654: I external/local_xla/xla/tsl/framework/bfc_allocator.cc:1109] InUse at 1510d8c5ec00 of size 4608 next 981
2025-11-13 05:29:20.538661: I external/local_xla/xla/tsl/framework/bfc_allocator.cc:1109] InUse at 1510d8c5fe00 of size 4608 next 982
2025-11-13 05:29:20.538668: I external/local_xla/xla/tsl/framework/bfc_allocator.cc:1109] InUse at 1510d8c61000 of size 4608 next 983
2025-11-13 05:29:20.538676: I external/local_xla/xla/tsl/framework/bfc_allocator.cc:1109] InUse at 1510d8c62200 of size 4608 next 984
2025-11-13 05:29:20.538683: I external/local_xla/xla/tsl/framework/bfc_allocator.cc:1109] InUse at 1510d8c63400 of size 4608 next 985
2025-11-13 05:29:20.538690: I external/local_xla/xla/tsl/framework/bfc_allocator.cc:1109] InUse at 1510d8c64600 of size 4608 next 986
2025-11-13 05:29:20.538698: I external/local_xla/xla/tsl/framework/bfc_allocator.cc:1109] InUse at 1510d8c65800 of size 4608 next 987
2025-11-13 05:29:20.538705: I external/local_xla/xla/tsl/framework/bfc_allocator.cc:1109] InUse at 1510d8c66a00 of size 4608 next 988
2025-11-13 05:29:20.538712: I external/local_xla/xla/tsl/framework/bfc_allocator.cc:1109] InUse at 1510d8c67c00 of size 4608 next 989
2025-11-13 05:29:20.538720: I external/local_xla/xla/tsl/framework/bfc_allocator.cc:1109] InUse at 1510d8c68e00 of size 4608 next 990
2025-11-13 05:29:20.538727: I external/local_xla/xla/tsl/framework/bfc_allocator.cc:1109] InUse at 1510d8c6a000 of size 4608 next 991
2025-11-13 05:29:20.538734: I external/local_xla/xla/tsl/framework/bfc_allocator.cc:1109] InUse at 1510d8c6b200 of size 4608 next 992
2025-11-13 05:29:20.538741: I external/local_xla/xla/tsl/framework/bfc_allocator.cc:1109] InUse at 1510d8c6c400 of size 4608 next 993
2025-11-13 05:29:20.538749: I external/local_xla/xla/tsl/framework/bfc_allocator.cc:1109] InUse at 1510d8c6d600 of size 4608 next 994
2025-11-13 05:29:20.538756: I external/local_xla/xla/tsl/framework/bfc_allocator.cc:1109] InUse at 1510d8c6e800 of size 4608 next 995
2025-11-13 05:29:20.538763: I external/local_xla/xla/tsl/framework/bfc_allocator.cc:1109] InUse at 1510d8c6fa00 of size 4608 next 996
2025-11-13 05:29:20.538771: I external/local_xla/xla/tsl/framework/bfc_allocator.cc:1109] InUse at 1510d8c70c00 of size 4608 next 997
2025-11-13 05:29:20.538778: I external/local_xla/xla/tsl/framework/bfc_allocator.cc:1109] InUse at 1510d8c71e00 of size 4608 next 998
2025-11-13 05:29:20.538785: I external/local_xla/xla/tsl/framework/bfc_allocator.cc:1109] InUse at 1510d8c73000 of size 4608 next 999
2025-11-13 05:29:20.538793: I external/local_xla/xla/tsl/framework/bfc_allocator.cc:1109] InUse at 1510d8c74200 of size 4608 next 1000
2025-11-13 05:29:20.538800: I external/local_xla/xla/tsl/framework/bfc_allocator.cc:1109] InUse at 1510d8c75400 of size 4608 next 1001
2025-11-13 05:29:20.538807: I external/local_xla/xla/tsl/framework/bfc_allocator.cc:1109] InUse at 1510d8c76600 of size 4608 next 1002
2025-11-13 05:29:20.538815: I external/local_xla/xla/tsl/framework/bfc_allocator.cc:1109] InUse at 1510d8c77800 of size 4608 next 1003
2025-11-13 05:29:20.538822: I external/local_xla/xla/tsl/framework/bfc_allocator.cc:1109] InUse at 1510d8c78a00 of size 4608 next 1004
2025-11-13 05:29:20.538832: I external/local_xla/xla/tsl/framework/bfc_allocator.cc:1109] InUse at 1510d8c79c00 of size 4608 next 1005
2025-11-13 05:29:20.538840: I external/local_xla/xla/tsl/framework/bfc_allocator.cc:1109] InUse at 1510d8c7ae00 of size 4608 next 1006
2025-11-13 05:29:20.538847: I external/local_xla/xla/tsl/framework/bfc_allocator.cc:1109] InUse at 1510d8c7c000 of size 4608 next 1007
2025-11-13 05:29:20.538855: I external/local_xla/xla/tsl/framework/bfc_allocator.cc:1109] InUse at 1510d8c7d200 of size 4608 next 1008
2025-11-13 05:29:20.538862: I external/local_xla/xla/tsl/framework/bfc_allocator.cc:1109] InUse at 1510d8c7e400 of size 4608 next 1009
2025-11-13 05:29:20.538870: I external/local_xla/xla/tsl/framework/bfc_allocator.cc:1109] InUse at 1510d8c7f600 of size 4608 next 1010
2025-11-13 05:29:20.538877: I external/local_xla/xla/tsl/framework/bfc_allocator.cc:1109] InUse at 1510d8c80800 of size 4608 next 1011
2025-11-13 05:29:20.538884: I external/local_xla/xla/tsl/framework/bfc_allocator.cc:1109] InUse at 1510d8c81a00 of size 221184 next 1012
2025-11-13 05:29:20.538892: I external/local_xla/xla/tsl/framework/bfc_allocator.cc:1109] InUse at 1510d8cb7a00 of size 221184 next 1013
2025-11-13 05:29:20.538899: I external/local_xla/xla/tsl/framework/bfc_allocator.cc:1109] InUse at 1510d8ceda00 of size 221184 next 1014
2025-11-13 05:29:20.538906: I external/local_xla/xla/tsl/framework/bfc_allocator.cc:1109] InUse at 1510d8d23a00 of size 221184 next 1015
2025-11-13 05:29:20.538914: I external/local_xla/xla/tsl/framework/bfc_allocator.cc:1109] InUse at 1510d8d59a00 of size 221184 next 1016
2025-11-13 05:29:20.538921: I external/local_xla/xla/tsl/framework/bfc_allocator.cc:1109] InUse at 1510d8d8fa00 of size 221184 next 1017
2025-11-13 05:29:20.538928: I external/local_xla/xla/tsl/framework/bfc_allocator.cc:1109] InUse at 1510d8dc5a00 of size 221184 next 1018
2025-11-13 05:29:20.538936: I external/local_xla/xla/tsl/framework/bfc_allocator.cc:1109] InUse at 1510d8dfba00 of size 221184 next 1019
2025-11-13 05:29:20.538943: I external/local_xla/xla/tsl/framework/bfc_allocator.cc:1109] InUse at 1510d8e31a00 of size 221184 next 1020
2025-11-13 05:29:20.538950: I external/local_xla/xla/tsl/framework/bfc_allocator.cc:1109] InUse at 1510d8e67a00 of size 221184 next 1021
2025-11-13 05:29:20.538958: I external/local_xla/xla/tsl/framework/bfc_allocator.cc:1109] InUse at 1510d8e9da00 of size 512 next 1022
2025-11-13 05:29:20.538966: I external/local_xla/xla/tsl/framework/bfc_allocator.cc:1109] InUse at 1510d8e9dc00 of size 512 next 1023
2025-11-13 05:29:20.538973: I external/local_xla/xla/tsl/framework/bfc_allocator.cc:1109] InUse at 1510d8e9de00 of size 512 next 1024
2025-11-13 05:29:20.538981: I external/local_xla/xla/tsl/framework/bfc_allocator.cc:1109] InUse at 1510d8e9e000 of size 512 next 1025
2025-11-13 05:29:20.538988: I external/local_xla/xla/tsl/framework/bfc_allocator.cc:1109] InUse at 1510d8e9e200 of size 512 next 1026
2025-11-13 05:29:20.538995: I external/local_xla/xla/tsl/framework/bfc_allocator.cc:1109] InUse at 1510d8e9e400 of size 512 next 1027
2025-11-13 05:29:20.539003: I external/local_xla/xla/tsl/framework/bfc_allocator.cc:1109] InUse at 1510d8e9e600 of size 512 next 1028
2025-11-13 05:29:20.539010: I external/local_xla/xla/tsl/framework/bfc_allocator.cc:1109] InUse at 1510d8e9e800 of size 512 next 1029
2025-11-13 05:29:20.539017: I external/local_xla/xla/tsl/framework/bfc_allocator.cc:1109] InUse at 1510d8e9ea00 of size 512 next 1030
2025-11-13 05:29:20.539025: I external/local_xla/xla/tsl/framework/bfc_allocator.cc:1109] InUse at 1510d8e9ec00 of size 512 next 1031
2025-11-13 05:29:20.539032: I external/local_xla/xla/tsl/framework/bfc_allocator.cc:1109] InUse at 1510d8e9ee00 of size 512 next 1032
2025-11-13 05:29:20.539039: I external/local_xla/xla/tsl/framework/bfc_allocator.cc:1109] InUse at 1510d8e9f000 of size 512 next 1033
2025-11-13 05:29:20.539047: I external/local_xla/xla/tsl/framework/bfc_allocator.cc:1109] InUse at 1510d8e9f200 of size 512 next 1034
2025-11-13 05:29:20.539057: I external/local_xla/xla/tsl/framework/bfc_allocator.cc:1109] InUse at 1510d8e9f400 of size 512 next 1035
2025-11-13 05:29:20.539065: I external/local_xla/xla/tsl/framework/bfc_allocator.cc:1109] InUse at 1510d8e9f600 of size 512 next 1036
2025-11-13 05:29:20.539072: I external/local_xla/xla/tsl/framework/bfc_allocator.cc:1109] InUse at 1510d8e9f800 of size 512 next 1037
2025-11-13 05:29:20.539080: I external/local_xla/xla/tsl/framework/bfc_allocator.cc:1109] InUse at 1510d8e9fa00 of size 512 next 1038
2025-11-13 05:29:20.539087: I external/local_xla/xla/tsl/framework/bfc_allocator.cc:1109] InUse at 1510d8e9fc00 of size 512 next 1039
2025-11-13 05:29:20.539094: I external/local_xla/xla/tsl/framework/bfc_allocator.cc:1109] InUse at 1510d8e9fe00 of size 5120 next 1040
2025-11-13 05:29:20.539102: I external/local_xla/xla/tsl/framework/bfc_allocator.cc:1109] InUse at 1510d8ea1200 of size 5120 next 1041
2025-11-13 05:29:20.539109: I external/local_xla/xla/tsl/framework/bfc_allocator.cc:1109] InUse at 1510d8ea2600 of size 5120 next 1042
2025-11-13 05:29:20.539116: I external/local_xla/xla/tsl/framework/bfc_allocator.cc:1109] InUse at 1510d8ea3a00 of size 5120 next 1043
2025-11-13 05:29:20.539124: I external/local_xla/xla/tsl/framework/bfc_allocator.cc:1109] InUse at 1510d8ea4e00 of size 7680 next 1044
2025-11-13 05:29:20.539134: I external/local_xla/xla/tsl/framework/bfc_allocator.cc:1109] InUse at 1510d8ea6c00 of size 7680 next 1045
2025-11-13 05:29:20.539142: I external/local_xla/xla/tsl/framework/bfc_allocator.cc:1109] InUse at 1510d8ea8a00 of size 7680 next 1046
2025-11-13 05:29:20.539149: I external/local_xla/xla/tsl/framework/bfc_allocator.cc:1109] InUse at 1510d8eaa800 of size 7680 next 1047
2025-11-13 05:29:20.539156: I external/local_xla/xla/tsl/framework/bfc_allocator.cc:1109] InUse at 1510d8eac600 of size 7680 next 1048
2025-11-13 05:29:20.539164: I external/local_xla/xla/tsl/framework/bfc_allocator.cc:1109] InUse at 1510d8eae400 of size 7680 next 1049
2025-11-13 05:29:20.539171: I external/local_xla/xla/tsl/framework/bfc_allocator.cc:1109] InUse at 1510d8eb0200 of size 7680 next 1050
2025-11-13 05:29:20.539178: I external/local_xla/xla/tsl/framework/bfc_allocator.cc:1109] InUse at 1510d8eb2000 of size 7680 next 1051
2025-11-13 05:29:20.539186: I external/local_xla/xla/tsl/framework/bfc_allocator.cc:1109] InUse at 1510d8eb3e00 of size 7680 next 1052
2025-11-13 05:29:20.539193: I external/local_xla/xla/tsl/framework/bfc_allocator.cc:1109] InUse at 1510d8eb5c00 of size 7680 next 1053
2025-11-13 05:29:20.539200: I external/local_xla/xla/tsl/framework/bfc_allocator.cc:1109] InUse at 1510d8eb7a00 of size 1280 next 1054
2025-11-13 05:29:20.539208: I external/local_xla/xla/tsl/framework/bfc_allocator.cc:1109] InUse at 1510d8eb7f00 of size 1280 next 1055
2025-11-13 05:29:20.539215: I external/local_xla/xla/tsl/framework/bfc_allocator.cc:1109] InUse at 1510d8eb8400 of size 1280 next 1056
2025-11-13 05:29:20.539223: I external/local_xla/xla/tsl/framework/bfc_allocator.cc:1109] InUse at 1510d8eb8900 of size 1280 next 1057
2025-11-13 05:29:20.539230: I external/local_xla/xla/tsl/framework/bfc_allocator.cc:1109] InUse at 1510d8eb8e00 of size 1280 next 1058
2025-11-13 05:29:20.539237: I external/local_xla/xla/tsl/framework/bfc_allocator.cc:1109] InUse at 1510d8eb9300 of size 1280 next 1059
2025-11-13 05:29:20.539245: I external/local_xla/xla/tsl/framework/bfc_allocator.cc:1109] InUse at 1510d8eb9800 of size 1280 next 1060
2025-11-13 05:29:20.539252: I external/local_xla/xla/tsl/framework/bfc_allocator.cc:1109] InUse at 1510d8eb9d00 of size 1280 next 1061
2025-11-13 05:29:20.539259: I external/local_xla/xla/tsl/framework/bfc_allocator.cc:1109] InUse at 1510d8eba200 of size 256 next 1062
2025-11-13 05:29:20.539267: I external/local_xla/xla/tsl/framework/bfc_allocator.cc:1109] InUse at 1510d8eba300 of size 512 next 1064
2025-11-13 05:29:20.539274: I external/local_xla/xla/tsl/framework/bfc_allocator.cc:1109] InUse at 1510d8eba500 of size 8192 next 1073
2025-11-13 05:29:20.539281: I external/local_xla/xla/tsl/framework/bfc_allocator.cc:1109] InUse at 1510d8ebc500 of size 256 next 1072
2025-11-13 05:29:20.539292: I external/local_xla/xla/tsl/framework/bfc_allocator.cc:1109] InUse at 1510d8ebc600 of size 256 next 1070
2025-11-13 05:29:20.539300: I external/local_xla/xla/tsl/framework/bfc_allocator.cc:1109] Free  at 1510d8ebc700 of size 51656960 next 18446744073709551615
2025-11-13 05:29:20.539307: I external/local_xla/xla/tsl/framework/bfc_allocator.cc:1089] Next region of size 33554432
2025-11-13 05:29:20.539315: I external/local_xla/xla/tsl/framework/bfc_allocator.cc:1109] InUse at 15111c000000 of size 614400 next 498
2025-11-13 05:29:20.539324: I external/local_xla/xla/tsl/framework/bfc_allocator.cc:1109] InUse at 15111c096000 of size 9216 next 541
2025-11-13 05:29:20.539331: I external/local_xla/xla/tsl/framework/bfc_allocator.cc:1109] InUse at 15111c098400 of size 1024 next 542
2025-11-13 05:29:20.539339: I external/local_xla/xla/tsl/framework/bfc_allocator.cc:1109] InUse at 15111c098800 of size 604160 next 500
2025-11-13 05:29:20.539347: I external/local_xla/xla/tsl/framework/bfc_allocator.cc:1109] InUse at 15111c12c000 of size 516096 next 364
2025-11-13 05:29:20.539354: I external/local_xla/xla/tsl/framework/bfc_allocator.cc:1109] InUse at 15111c1aa000 of size 3170304 next 489
2025-11-13 05:29:20.539362: I external/local_xla/xla/tsl/framework/bfc_allocator.cc:1109] InUse at 15111c4b0000 of size 2457600 next 502
2025-11-13 05:29:20.539369: I external/local_xla/xla/tsl/framework/bfc_allocator.cc:1109] InUse at 15111c708000 of size 2457600 next 503
2025-11-13 05:29:20.539377: I external/local_xla/xla/tsl/framework/bfc_allocator.cc:1109] InUse at 15111c960000 of size 2457600 next 544
2025-11-13 05:29:20.539384: I external/local_xla/xla/tsl/framework/bfc_allocator.cc:1109] InUse at 15111cbb8000 of size 2457600 next 547
2025-11-13 05:29:20.539391: I external/local_xla/xla/tsl/framework/bfc_allocator.cc:1109] InUse at 15111ce10000 of size 1638400 next 548
2025-11-13 05:29:20.539399: I external/local_xla/xla/tsl/framework/bfc_allocator.cc:1109] InUse at 15111cfa0000 of size 655360 next 549
2025-11-13 05:29:20.539408: I external/local_xla/xla/tsl/framework/bfc_allocator.cc:1109] InUse at 15111d040000 of size 38400 next 608
2025-11-13 05:29:20.539416: I external/local_xla/xla/tsl/framework/bfc_allocator.cc:1109] InUse at 15111d049600 of size 38400 next 609
2025-11-13 05:29:20.539423: I external/local_xla/xla/tsl/framework/bfc_allocator.cc:1109] InUse at 15111d052c00 of size 38400 next 610
2025-11-13 05:29:20.539430: I external/local_xla/xla/tsl/framework/bfc_allocator.cc:1109] InUse at 15111d05c200 of size 38400 next 611
2025-11-13 05:29:20.539438: I external/local_xla/xla/tsl/framework/bfc_allocator.cc:1109] InUse at 15111d065800 of size 38400 next 612
2025-11-13 05:29:20.539445: I external/local_xla/xla/tsl/framework/bfc_allocator.cc:1109] InUse at 15111d06ee00 of size 38400 next 613
2025-11-13 05:29:20.539453: I external/local_xla/xla/tsl/framework/bfc_allocator.cc:1109] InUse at 15111d078400 of size 9728 next 614
2025-11-13 05:29:20.539460: I external/local_xla/xla/tsl/framework/bfc_allocator.cc:1109] InUse at 15111d07aa00 of size 9728 next 615
2025-11-13 05:29:20.539468: I external/local_xla/xla/tsl/framework/bfc_allocator.cc:1109] InUse at 15111d07d000 of size 9728 next 616
2025-11-13 05:29:20.539475: I external/local_xla/xla/tsl/framework/bfc_allocator.cc:1109] InUse at 15111d07f600 of size 9728 next 617
2025-11-13 05:29:20.539482: I external/local_xla/xla/tsl/framework/bfc_allocator.cc:1109] InUse at 15111d081c00 of size 9728 next 618
2025-11-13 05:29:20.539490: I external/local_xla/xla/tsl/framework/bfc_allocator.cc:1109] InUse at 15111d084200 of size 9728 next 619
2025-11-13 05:29:20.539497: I external/local_xla/xla/tsl/framework/bfc_allocator.cc:1109] InUse at 15111d086800 of size 768 next 620
2025-11-13 05:29:20.539504: I external/local_xla/xla/tsl/framework/bfc_allocator.cc:1109] InUse at 15111d086b00 of size 768 next 621
2025-11-13 05:29:20.539512: I external/local_xla/xla/tsl/framework/bfc_allocator.cc:1109] InUse at 15111d086e00 of size 768 next 622
2025-11-13 05:29:20.539522: I external/local_xla/xla/tsl/framework/bfc_allocator.cc:1109] InUse at 15111d087100 of size 768 next 623
2025-11-13 05:29:20.539530: I external/local_xla/xla/tsl/framework/bfc_allocator.cc:1109] InUse at 15111d087400 of size 768 next 624
2025-11-13 05:29:20.539537: I external/local_xla/xla/tsl/framework/bfc_allocator.cc:1109] InUse at 15111d087700 of size 768 next 625
2025-11-13 05:29:20.539545: I external/local_xla/xla/tsl/framework/bfc_allocator.cc:1109] InUse at 15111d087a00 of size 768 next 626
2025-11-13 05:29:20.539552: I external/local_xla/xla/tsl/framework/bfc_allocator.cc:1109] InUse at 15111d087d00 of size 768 next 627
2025-11-13 05:29:20.539559: I external/local_xla/xla/tsl/framework/bfc_allocator.cc:1109] InUse at 15111d088000 of size 768 next 628
2025-11-13 05:29:20.539567: I external/local_xla/xla/tsl/framework/bfc_allocator.cc:1109] InUse at 15111d088300 of size 768 next 629
2025-11-13 05:29:20.539574: I external/local_xla/xla/tsl/framework/bfc_allocator.cc:1109] InUse at 15111d088600 of size 768 next 630
2025-11-13 05:29:20.539581: I external/local_xla/xla/tsl/framework/bfc_allocator.cc:1109] InUse at 15111d088900 of size 768 next 631
2025-11-13 05:29:20.539589: I external/local_xla/xla/tsl/framework/bfc_allocator.cc:1109] InUse at 15111d088c00 of size 768 next 632
2025-11-13 05:29:20.539596: I external/local_xla/xla/tsl/framework/bfc_allocator.cc:1109] InUse at 15111d088f00 of size 768 next 633
2025-11-13 05:29:20.539604: I external/local_xla/xla/tsl/framework/bfc_allocator.cc:1109] InUse at 15111d089200 of size 768 next 634
2025-11-13 05:29:20.539611: I external/local_xla/xla/tsl/framework/bfc_allocator.cc:1109] InUse at 15111d089500 of size 768 next 635
2025-11-13 05:29:20.539618: I external/local_xla/xla/tsl/framework/bfc_allocator.cc:1109] InUse at 15111d089800 of size 768 next 636
2025-11-13 05:29:20.539626: I external/local_xla/xla/tsl/framework/bfc_allocator.cc:1109] InUse at 15111d089b00 of size 768 next 637
2025-11-13 05:29:20.539633: I external/local_xla/xla/tsl/framework/bfc_allocator.cc:1109] InUse at 15111d089e00 of size 768 next 638
2025-11-13 05:29:20.539640: I external/local_xla/xla/tsl/framework/bfc_allocator.cc:1109] InUse at 15111d08a100 of size 768 next 639
2025-11-13 05:29:20.539648: I external/local_xla/xla/tsl/framework/bfc_allocator.cc:1109] InUse at 15111d08a400 of size 768 next 640
2025-11-13 05:29:20.539655: I external/local_xla/xla/tsl/framework/bfc_allocator.cc:1109] InUse at 15111d08a700 of size 768 next 641
2025-11-13 05:29:20.539662: I external/local_xla/xla/tsl/framework/bfc_allocator.cc:1109] InUse at 15111d08aa00 of size 768 next 642
2025-11-13 05:29:20.539670: I external/local_xla/xla/tsl/framework/bfc_allocator.cc:1109] InUse at 15111d08ad00 of size 768 next 643
2025-11-13 05:29:20.539677: I external/local_xla/xla/tsl/framework/bfc_allocator.cc:1109] InUse at 15111d08b000 of size 768 next 644
2025-11-13 05:29:20.539684: I external/local_xla/xla/tsl/framework/bfc_allocator.cc:1109] InUse at 15111d08b300 of size 768 next 645
2025-11-13 05:29:20.539692: I external/local_xla/xla/tsl/framework/bfc_allocator.cc:1109] InUse at 15111d08b600 of size 768 next 646
2025-11-13 05:29:20.539699: I external/local_xla/xla/tsl/framework/bfc_allocator.cc:1109] InUse at 15111d08b900 of size 768 next 647
2025-11-13 05:29:20.539707: I external/local_xla/xla/tsl/framework/bfc_allocator.cc:1109] InUse at 15111d08bc00 of size 768 next 648
2025-11-13 05:29:20.539714: I external/local_xla/xla/tsl/framework/bfc_allocator.cc:1109] InUse at 15111d08bf00 of size 768 next 649
2025-11-13 05:29:20.539721: I external/local_xla/xla/tsl/framework/bfc_allocator.cc:1109] InUse at 15111d08c200 of size 256 next 650
2025-11-13 05:29:20.539729: I external/local_xla/xla/tsl/framework/bfc_allocator.cc:1109] InUse at 15111d08c300 of size 256 next 651
2025-11-13 05:29:20.539736: I external/local_xla/xla/tsl/framework/bfc_allocator.cc:1109] InUse at 15111d08c400 of size 256 next 652
2025-11-13 05:29:20.539743: I external/local_xla/xla/tsl/framework/bfc_allocator.cc:1109] InUse at 15111d08c500 of size 256 next 653
2025-11-13 05:29:20.539754: I external/local_xla/xla/tsl/framework/bfc_allocator.cc:1109] InUse at 15111d08c600 of size 256 next 654
2025-11-13 05:29:20.539761: I external/local_xla/xla/tsl/framework/bfc_allocator.cc:1109] InUse at 15111d08c700 of size 256 next 655
2025-11-13 05:29:20.539769: I external/local_xla/xla/tsl/framework/bfc_allocator.cc:1109] InUse at 15111d08c800 of size 256 next 656
2025-11-13 05:29:20.539776: I external/local_xla/xla/tsl/framework/bfc_allocator.cc:1109] InUse at 15111d08c900 of size 256 next 657
2025-11-13 05:29:20.539784: I external/local_xla/xla/tsl/framework/bfc_allocator.cc:1109] InUse at 15111d08ca00 of size 256 next 658
2025-11-13 05:29:20.539791: I external/local_xla/xla/tsl/framework/bfc_allocator.cc:1109] InUse at 15111d08cb00 of size 256 next 659
2025-11-13 05:29:20.539798: I external/local_xla/xla/tsl/framework/bfc_allocator.cc:1109] InUse at 15111d08cc00 of size 256 next 660
2025-11-13 05:29:20.539806: I external/local_xla/xla/tsl/framework/bfc_allocator.cc:1109] InUse at 15111d08cd00 of size 256 next 661
2025-11-13 05:29:20.539813: I external/local_xla/xla/tsl/framework/bfc_allocator.cc:1109] InUse at 15111d08ce00 of size 1024 next 662
2025-11-13 05:29:20.539820: I external/local_xla/xla/tsl/framework/bfc_allocator.cc:1109] InUse at 15111d08d200 of size 1024 next 663
2025-11-13 05:29:20.539828: I external/local_xla/xla/tsl/framework/bfc_allocator.cc:1109] InUse at 15111d08d600 of size 1024 next 664
2025-11-13 05:29:20.539835: I external/local_xla/xla/tsl/framework/bfc_allocator.cc:1109] InUse at 15111d08da00 of size 1024 next 665
2025-11-13 05:29:20.539843: I external/local_xla/xla/tsl/framework/bfc_allocator.cc:1109] InUse at 15111d08de00 of size 1024 next 666
2025-11-13 05:29:20.539850: I external/local_xla/xla/tsl/framework/bfc_allocator.cc:1109] InUse at 15111d08e200 of size 1024 next 667
2025-11-13 05:29:20.539857: I external/local_xla/xla/tsl/framework/bfc_allocator.cc:1109] InUse at 15111d08e600 of size 1024 next 668
2025-11-13 05:29:20.539865: I external/local_xla/xla/tsl/framework/bfc_allocator.cc:1109] InUse at 15111d08ea00 of size 1024 next 669
2025-11-13 05:29:20.539872: I external/local_xla/xla/tsl/framework/bfc_allocator.cc:1109] InUse at 15111d08ee00 of size 1024 next 670
2025-11-13 05:29:20.539879: I external/local_xla/xla/tsl/framework/bfc_allocator.cc:1109] InUse at 15111d08f200 of size 1024 next 671
2025-11-13 05:29:20.539887: I external/local_xla/xla/tsl/framework/bfc_allocator.cc:1109] InUse at 15111d08f600 of size 1024 next 672
2025-11-13 05:29:20.539894: I external/local_xla/xla/tsl/framework/bfc_allocator.cc:1109] InUse at 15111d08fa00 of size 1024 next 673
2025-11-13 05:29:20.539902: I external/local_xla/xla/tsl/framework/bfc_allocator.cc:1109] InUse at 15111d08fe00 of size 1024 next 674
2025-11-13 05:29:20.539909: I external/local_xla/xla/tsl/framework/bfc_allocator.cc:1109] InUse at 15111d090200 of size 1024 next 675
2025-11-13 05:29:20.539916: I external/local_xla/xla/tsl/framework/bfc_allocator.cc:1109] InUse at 15111d090600 of size 1024 next 676
2025-11-13 05:29:20.539924: I external/local_xla/xla/tsl/framework/bfc_allocator.cc:1109] InUse at 15111d090a00 of size 1024 next 677
2025-11-13 05:29:20.539931: I external/local_xla/xla/tsl/framework/bfc_allocator.cc:1109] InUse at 15111d090e00 of size 1024 next 678
2025-11-13 05:29:20.539938: I external/local_xla/xla/tsl/framework/bfc_allocator.cc:1109] InUse at 15111d091200 of size 1024 next 679
2025-11-13 05:29:20.539946: I external/local_xla/xla/tsl/framework/bfc_allocator.cc:1109] InUse at 15111d091600 of size 1024 next 680
2025-11-13 05:29:20.539953: I external/local_xla/xla/tsl/framework/bfc_allocator.cc:1109] InUse at 15111d091a00 of size 1024 next 681
2025-11-13 05:29:20.539960: I external/local_xla/xla/tsl/framework/bfc_allocator.cc:1109] InUse at 15111d091e00 of size 1024 next 682
2025-11-13 05:29:20.539968: I external/local_xla/xla/tsl/framework/bfc_allocator.cc:1109] InUse at 15111d092200 of size 1024 next 683
2025-11-13 05:29:20.539975: I external/local_xla/xla/tsl/framework/bfc_allocator.cc:1109] InUse at 15111d092600 of size 1024 next 684
2025-11-13 05:29:20.539985: I external/local_xla/xla/tsl/framework/bfc_allocator.cc:1109] InUse at 15111d092a00 of size 1024 next 685
2025-11-13 05:29:20.539993: I external/local_xla/xla/tsl/framework/bfc_allocator.cc:1109] InUse at 15111d092e00 of size 1024 next 686
2025-11-13 05:29:20.540000: I external/local_xla/xla/tsl/framework/bfc_allocator.cc:1109] InUse at 15111d093200 of size 1024 next 687
2025-11-13 05:29:20.540008: I external/local_xla/xla/tsl/framework/bfc_allocator.cc:1109] InUse at 15111d093600 of size 1024 next 688
2025-11-13 05:29:20.540015: I external/local_xla/xla/tsl/framework/bfc_allocator.cc:1109] InUse at 15111d093a00 of size 1024 next 689
2025-11-13 05:29:20.540022: I external/local_xla/xla/tsl/framework/bfc_allocator.cc:1109] InUse at 15111d093e00 of size 1024 next 690
2025-11-13 05:29:20.540030: I external/local_xla/xla/tsl/framework/bfc_allocator.cc:1109] InUse at 15111d094200 of size 1024 next 691
2025-11-13 05:29:20.540037: I external/local_xla/xla/tsl/framework/bfc_allocator.cc:1109] InUse at 15111d094600 of size 9728 next 692
2025-11-13 05:29:20.540045: I external/local_xla/xla/tsl/framework/bfc_allocator.cc:1109] InUse at 15111d096c00 of size 9728 next 693
2025-11-13 05:29:20.540052: I external/local_xla/xla/tsl/framework/bfc_allocator.cc:1109] InUse at 15111d099200 of size 9728 next 694
2025-11-13 05:29:20.540059: I external/local_xla/xla/tsl/framework/bfc_allocator.cc:1109] InUse at 15111d09b800 of size 9728 next 695
2025-11-13 05:29:20.540067: I external/local_xla/xla/tsl/framework/bfc_allocator.cc:1109] InUse at 15111d09de00 of size 9728 next 696
2025-11-13 05:29:20.540074: I external/local_xla/xla/tsl/framework/bfc_allocator.cc:1109] InUse at 15111d0a0400 of size 9728 next 697
2025-11-13 05:29:20.540082: I external/local_xla/xla/tsl/framework/bfc_allocator.cc:1109] InUse at 15111d0a2a00 of size 17408 next 698
2025-11-13 05:29:20.540089: I external/local_xla/xla/tsl/framework/bfc_allocator.cc:1109] InUse at 15111d0a6e00 of size 17408 next 699
2025-11-13 05:29:20.540097: I external/local_xla/xla/tsl/framework/bfc_allocator.cc:1109] InUse at 15111d0ab200 of size 17408 next 700
2025-11-13 05:29:20.540104: I external/local_xla/xla/tsl/framework/bfc_allocator.cc:1109] InUse at 15111d0af600 of size 17408 next 701
2025-11-13 05:29:20.540111: I external/local_xla/xla/tsl/framework/bfc_allocator.cc:1109] InUse at 15111d0b3a00 of size 17408 next 702
2025-11-13 05:29:20.540119: I external/local_xla/xla/tsl/framework/bfc_allocator.cc:1109] InUse at 15111d0b7e00 of size 17408 next 703
2025-11-13 05:29:20.540126: I external/local_xla/xla/tsl/framework/bfc_allocator.cc:1109] InUse at 15111d0bc200 of size 256 next 704
2025-11-13 05:29:20.540136: I external/local_xla/xla/tsl/framework/bfc_allocator.cc:1109] InUse at 15111d0bc300 of size 256 next 705
2025-11-13 05:29:20.540144: I external/local_xla/xla/tsl/framework/bfc_allocator.cc:1109] InUse at 15111d0bc400 of size 256 next 706
2025-11-13 05:29:20.540151: I external/local_xla/xla/tsl/framework/bfc_allocator.cc:1109] InUse at 15111d0bc500 of size 256 next 707
2025-11-13 05:29:20.540159: I external/local_xla/xla/tsl/framework/bfc_allocator.cc:1109] InUse at 15111d0bc600 of size 256 next 708
2025-11-13 05:29:20.540166: I external/local_xla/xla/tsl/framework/bfc_allocator.cc:1109] InUse at 15111d0bc700 of size 256 next 709
2025-11-13 05:29:20.540173: I external/local_xla/xla/tsl/framework/bfc_allocator.cc:1109] InUse at 15111d0bc800 of size 256 next 710
2025-11-13 05:29:20.540181: I external/local_xla/xla/tsl/framework/bfc_allocator.cc:1109] InUse at 15111d0bc900 of size 256 next 711
2025-11-13 05:29:20.540188: I external/local_xla/xla/tsl/framework/bfc_allocator.cc:1109] InUse at 15111d0bca00 of size 256 next 712
2025-11-13 05:29:20.540195: I external/local_xla/xla/tsl/framework/bfc_allocator.cc:1109] InUse at 15111d0bcb00 of size 256 next 713
2025-11-13 05:29:20.540203: I external/local_xla/xla/tsl/framework/bfc_allocator.cc:1109] InUse at 15111d0bcc00 of size 256 next 714
2025-11-13 05:29:20.540213: I external/local_xla/xla/tsl/framework/bfc_allocator.cc:1109] InUse at 15111d0bcd00 of size 256 next 715
2025-11-13 05:29:20.540221: I external/local_xla/xla/tsl/framework/bfc_allocator.cc:1109] InUse at 15111d0bce00 of size 38400 next 716
2025-11-13 05:29:20.540228: I external/local_xla/xla/tsl/framework/bfc_allocator.cc:1109] InUse at 15111d0c6400 of size 38400 next 717
2025-11-13 05:29:20.540236: I external/local_xla/xla/tsl/framework/bfc_allocator.cc:1109] InUse at 15111d0cfa00 of size 38400 next 718
2025-11-13 05:29:20.540243: I external/local_xla/xla/tsl/framework/bfc_allocator.cc:1109] InUse at 15111d0d9000 of size 38400 next 719
2025-11-13 05:29:20.540251: I external/local_xla/xla/tsl/framework/bfc_allocator.cc:1109] InUse at 15111d0e2600 of size 38400 next 720
2025-11-13 05:29:20.540258: I external/local_xla/xla/tsl/framework/bfc_allocator.cc:1109] InUse at 15111d0ebc00 of size 38400 next 721
2025-11-13 05:29:20.540266: I external/local_xla/xla/tsl/framework/bfc_allocator.cc:1109] InUse at 15111d0f5200 of size 38400 next 722
2025-11-13 05:29:20.540273: I external/local_xla/xla/tsl/framework/bfc_allocator.cc:1109] InUse at 15111d0fe800 of size 38400 next 723
2025-11-13 05:29:20.540280: I external/local_xla/xla/tsl/framework/bfc_allocator.cc:1109] InUse at 15111d107e00 of size 153600 next 724
2025-11-13 05:29:20.540288: I external/local_xla/xla/tsl/framework/bfc_allocator.cc:1109] InUse at 15111d12d600 of size 153600 next 725
2025-11-13 05:29:20.540295: I external/local_xla/xla/tsl/framework/bfc_allocator.cc:1109] InUse at 15111d152e00 of size 153600 next 726
2025-11-13 05:29:20.540303: I external/local_xla/xla/tsl/framework/bfc_allocator.cc:1109] InUse at 15111d178600 of size 153600 next 727
2025-11-13 05:29:20.540310: I external/local_xla/xla/tsl/framework/bfc_allocator.cc:1109] InUse at 15111d19de00 of size 153600 next 728
2025-11-13 05:29:20.540317: I external/local_xla/xla/tsl/framework/bfc_allocator.cc:1109] InUse at 15111d1c3600 of size 153600 next 729
2025-11-13 05:29:20.540325: I external/local_xla/xla/tsl/framework/bfc_allocator.cc:1109] InUse at 15111d1e8e00 of size 38400 next 730
2025-11-13 05:29:20.540332: I external/local_xla/xla/tsl/framework/bfc_allocator.cc:1109] InUse at 15111d1f2400 of size 38400 next 731
2025-11-13 05:29:20.540339: I external/local_xla/xla/tsl/framework/bfc_allocator.cc:1109] InUse at 15111d1fba00 of size 38400 next 732
2025-11-13 05:29:20.540347: I external/local_xla/xla/tsl/framework/bfc_allocator.cc:1109] InUse at 15111d205000 of size 38400 next 733
2025-11-13 05:29:20.540354: I external/local_xla/xla/tsl/framework/bfc_allocator.cc:1109] InUse at 15111d20e600 of size 38400 next 734
2025-11-13 05:29:20.540362: I external/local_xla/xla/tsl/framework/bfc_allocator.cc:1109] InUse at 15111d217c00 of size 38400 next 735
2025-11-13 05:29:20.540369: I external/local_xla/xla/tsl/framework/bfc_allocator.cc:1109] InUse at 15111d221200 of size 38400 next 736
2025-11-13 05:29:20.540376: I external/local_xla/xla/tsl/framework/bfc_allocator.cc:1109] InUse at 15111d22a800 of size 38400 next 737
2025-11-13 05:29:20.540384: I external/local_xla/xla/tsl/framework/bfc_allocator.cc:1109] InUse at 15111d233e00 of size 153600 next 738
2025-11-13 05:29:20.540391: I external/local_xla/xla/tsl/framework/bfc_allocator.cc:1109] InUse at 15111d259600 of size 153600 next 739
2025-11-13 05:29:20.540398: I external/local_xla/xla/tsl/framework/bfc_allocator.cc:1109] InUse at 15111d27ee00 of size 153600 next 740
2025-11-13 05:29:20.540406: I external/local_xla/xla/tsl/framework/bfc_allocator.cc:1109] InUse at 15111d2a4600 of size 153600 next 741
2025-11-13 05:29:20.540413: I external/local_xla/xla/tsl/framework/bfc_allocator.cc:1109] InUse at 15111d2c9e00 of size 153600 next 742
2025-11-13 05:29:20.540420: I external/local_xla/xla/tsl/framework/bfc_allocator.cc:1109] InUse at 15111d2ef600 of size 153600 next 743
2025-11-13 05:29:20.540428: I external/local_xla/xla/tsl/framework/bfc_allocator.cc:1109] InUse at 15111d314e00 of size 153600 next 744
2025-11-13 05:29:20.540438: I external/local_xla/xla/tsl/framework/bfc_allocator.cc:1109] InUse at 15111d33a600 of size 153600 next 745
2025-11-13 05:29:20.540446: I external/local_xla/xla/tsl/framework/bfc_allocator.cc:1109] InUse at 15111d35fe00 of size 256 next 746
2025-11-13 05:29:20.540453: I external/local_xla/xla/tsl/framework/bfc_allocator.cc:1109] InUse at 15111d35ff00 of size 256 next 747
2025-11-13 05:29:20.540461: I external/local_xla/xla/tsl/framework/bfc_allocator.cc:1109] InUse at 15111d360000 of size 256 next 748
2025-11-13 05:29:20.540468: I external/local_xla/xla/tsl/framework/bfc_allocator.cc:1109] InUse at 15111d360100 of size 256 next 749
2025-11-13 05:29:20.540475: I external/local_xla/xla/tsl/framework/bfc_allocator.cc:1109] InUse at 15111d360200 of size 256 next 750
2025-11-13 05:29:20.540483: I external/local_xla/xla/tsl/framework/bfc_allocator.cc:1109] InUse at 15111d360300 of size 256 next 751
2025-11-13 05:29:20.540490: I external/local_xla/xla/tsl/framework/bfc_allocator.cc:1109] InUse at 15111d360400 of size 256 next 752
2025-11-13 05:29:20.540498: I external/local_xla/xla/tsl/framework/bfc_allocator.cc:1109] InUse at 15111d360500 of size 256 next 753
2025-11-13 05:29:20.540505: I external/local_xla/xla/tsl/framework/bfc_allocator.cc:1109] InUse at 15111d360600 of size 2048 next 754
2025-11-13 05:29:20.540512: I external/local_xla/xla/tsl/framework/bfc_allocator.cc:1109] InUse at 15111d360e00 of size 2048 next 755
2025-11-13 05:29:20.540520: I external/local_xla/xla/tsl/framework/bfc_allocator.cc:1109] InUse at 15111d361600 of size 2048 next 756
2025-11-13 05:29:20.540527: I external/local_xla/xla/tsl/framework/bfc_allocator.cc:1109] InUse at 15111d361e00 of size 2048 next 757
2025-11-13 05:29:20.540535: I external/local_xla/xla/tsl/framework/bfc_allocator.cc:1109] InUse at 15111d362600 of size 2048 next 758
2025-11-13 05:29:20.540542: I external/local_xla/xla/tsl/framework/bfc_allocator.cc:1109] InUse at 15111d362e00 of size 2048 next 759
2025-11-13 05:29:20.540549: I external/local_xla/xla/tsl/framework/bfc_allocator.cc:1109] InUse at 15111d363600 of size 2048 next 760
2025-11-13 05:29:20.540557: I external/local_xla/xla/tsl/framework/bfc_allocator.cc:1109] InUse at 15111d363e00 of size 2048 next 761
2025-11-13 05:29:20.540564: I external/local_xla/xla/tsl/framework/bfc_allocator.cc:1109] InUse at 15111d364600 of size 2048 next 762
2025-11-13 05:29:20.540571: I external/local_xla/xla/tsl/framework/bfc_allocator.cc:1109] InUse at 15111d364e00 of size 2048 next 763
2025-11-13 05:29:20.540579: I external/local_xla/xla/tsl/framework/bfc_allocator.cc:1109] InUse at 15111d365600 of size 2048 next 764
2025-11-13 05:29:20.540586: I external/local_xla/xla/tsl/framework/bfc_allocator.cc:1109] InUse at 15111d365e00 of size 2048 next 765
2025-11-13 05:29:20.540593: I external/local_xla/xla/tsl/framework/bfc_allocator.cc:1109] InUse at 15111d366600 of size 2048 next 766
2025-11-13 05:29:20.540601: I external/local_xla/xla/tsl/framework/bfc_allocator.cc:1109] InUse at 15111d366e00 of size 2048 next 767
2025-11-13 05:29:20.540608: I external/local_xla/xla/tsl/framework/bfc_allocator.cc:1109] InUse at 15111d367600 of size 2048 next 768
2025-11-13 05:29:20.540616: I external/local_xla/xla/tsl/framework/bfc_allocator.cc:1109] InUse at 15111d367e00 of size 2048 next 769
2025-11-13 05:29:20.540623: I external/local_xla/xla/tsl/framework/bfc_allocator.cc:1109] InUse at 15111d368600 of size 2048 next 770
2025-11-13 05:29:20.540630: I external/local_xla/xla/tsl/framework/bfc_allocator.cc:1109] InUse at 15111d368e00 of size 2048 next 771
2025-11-13 05:29:20.540638: I external/local_xla/xla/tsl/framework/bfc_allocator.cc:1109] InUse at 15111d369600 of size 2048 next 772
2025-11-13 05:29:20.540645: I external/local_xla/xla/tsl/framework/bfc_allocator.cc:1109] InUse at 15111d369e00 of size 2048 next 773
2025-11-13 05:29:20.540652: I external/local_xla/xla/tsl/framework/bfc_allocator.cc:1109] InUse at 15111d36a600 of size 2048 next 774
2025-11-13 05:29:20.540660: I external/local_xla/xla/tsl/framework/bfc_allocator.cc:1109] InUse at 15111d36ae00 of size 2048 next 775
2025-11-13 05:29:20.540670: I external/local_xla/xla/tsl/framework/bfc_allocator.cc:1109] InUse at 15111d36b600 of size 2048 next 776
2025-11-13 05:29:20.540678: I external/local_xla/xla/tsl/framework/bfc_allocator.cc:1109] InUse at 15111d36be00 of size 2048 next 777
2025-11-13 05:29:20.540685: I external/local_xla/xla/tsl/framework/bfc_allocator.cc:1109] InUse at 15111d36c600 of size 2048 next 778
2025-11-13 05:29:20.540693: I external/local_xla/xla/tsl/framework/bfc_allocator.cc:1109] InUse at 15111d36ce00 of size 2048 next 779
2025-11-13 05:29:20.540700: I external/local_xla/xla/tsl/framework/bfc_allocator.cc:1109] InUse at 15111d36d600 of size 2048 next 780
2025-11-13 05:29:20.540707: I external/local_xla/xla/tsl/framework/bfc_allocator.cc:1109] InUse at 15111d36de00 of size 2048 next 781
2025-11-13 05:29:20.540715: I external/local_xla/xla/tsl/framework/bfc_allocator.cc:1109] InUse at 15111d36e600 of size 2048 next 782
2025-11-13 05:29:20.540722: I external/local_xla/xla/tsl/framework/bfc_allocator.cc:1109] InUse at 15111d36ee00 of size 2048 next 783
2025-11-13 05:29:20.540730: I external/local_xla/xla/tsl/framework/bfc_allocator.cc:1109] InUse at 15111d36f600 of size 2048 next 784
2025-11-13 05:29:20.540737: I external/local_xla/xla/tsl/framework/bfc_allocator.cc:1109] InUse at 15111d36fe00 of size 2048 next 785
2025-11-13 05:29:20.540744: I external/local_xla/xla/tsl/framework/bfc_allocator.cc:1109] InUse at 15111d370600 of size 2048 next 786
2025-11-13 05:29:20.540752: I external/local_xla/xla/tsl/framework/bfc_allocator.cc:1109] InUse at 15111d370e00 of size 2048 next 787
2025-11-13 05:29:20.540759: I external/local_xla/xla/tsl/framework/bfc_allocator.cc:1109] InUse at 15111d371600 of size 2048 next 788
2025-11-13 05:29:20.540767: I external/local_xla/xla/tsl/framework/bfc_allocator.cc:1109] InUse at 15111d371e00 of size 2048 next 789
2025-11-13 05:29:20.540774: I external/local_xla/xla/tsl/framework/bfc_allocator.cc:1109] InUse at 15111d372600 of size 2048 next 790
2025-11-13 05:29:20.540781: I external/local_xla/xla/tsl/framework/bfc_allocator.cc:1109] InUse at 15111d372e00 of size 2048 next 791
2025-11-13 05:29:20.540789: I external/local_xla/xla/tsl/framework/bfc_allocator.cc:1109] InUse at 15111d373600 of size 2048 next 792
2025-11-13 05:29:20.540796: I external/local_xla/xla/tsl/framework/bfc_allocator.cc:1109] InUse at 15111d373e00 of size 2048 next 793
2025-11-13 05:29:20.540804: I external/local_xla/xla/tsl/framework/bfc_allocator.cc:1109] InUse at 15111d374600 of size 301056 next 794
2025-11-13 05:29:20.540811: I external/local_xla/xla/tsl/framework/bfc_allocator.cc:1109] InUse at 15111d3bde00 of size 301056 next 795
2025-11-13 05:29:20.540818: I external/local_xla/xla/tsl/framework/bfc_allocator.cc:1109] InUse at 15111d407600 of size 301056 next 796
2025-11-13 05:29:20.540826: I external/local_xla/xla/tsl/framework/bfc_allocator.cc:1109] InUse at 15111d450e00 of size 301056 next 797
2025-11-13 05:29:20.540833: I external/local_xla/xla/tsl/framework/bfc_allocator.cc:1109] InUse at 15111d49a600 of size 301056 next 798
2025-11-13 05:29:20.540840: I external/local_xla/xla/tsl/framework/bfc_allocator.cc:1109] InUse at 15111d4e3e00 of size 301056 next 799
2025-11-13 05:29:20.540848: I external/local_xla/xla/tsl/framework/bfc_allocator.cc:1109] InUse at 15111d52d600 of size 67328 next 800
2025-11-13 05:29:20.540855: I external/local_xla/xla/tsl/framework/bfc_allocator.cc:1109] InUse at 15111d53dd00 of size 67328 next 801
2025-11-13 05:29:20.540863: I external/local_xla/xla/tsl/framework/bfc_allocator.cc:1109] InUse at 15111d54e400 of size 67328 next 802
2025-11-13 05:29:20.540870: I external/local_xla/xla/tsl/framework/bfc_allocator.cc:1109] InUse at 15111d55eb00 of size 67328 next 803
2025-11-13 05:29:20.540877: I external/local_xla/xla/tsl/framework/bfc_allocator.cc:1109] InUse at 15111d56f200 of size 67328 next 804
2025-11-13 05:29:20.540885: I external/local_xla/xla/tsl/framework/bfc_allocator.cc:1109] InUse at 15111d57f900 of size 67328 next 805
2025-11-13 05:29:20.540897: I external/local_xla/xla/tsl/framework/bfc_allocator.cc:1109] InUse at 15111d590000 of size 67328 next 806
2025-11-13 05:29:20.540905: I external/local_xla/xla/tsl/framework/bfc_allocator.cc:1109] InUse at 15111d5a0700 of size 67328 next 807
2025-11-13 05:29:20.540912: I external/local_xla/xla/tsl/framework/bfc_allocator.cc:1109] InUse at 15111d5b0e00 of size 256 next 808
2025-11-13 05:29:20.540920: I external/local_xla/xla/tsl/framework/bfc_allocator.cc:1109] InUse at 15111d5b0f00 of size 256 next 809
2025-11-13 05:29:20.540927: I external/local_xla/xla/tsl/framework/bfc_allocator.cc:1109] InUse at 15111d5b1000 of size 256 next 810
2025-11-13 05:29:20.540934: I external/local_xla/xla/tsl/framework/bfc_allocator.cc:1109] InUse at 15111d5b1100 of size 256 next 811
2025-11-13 05:29:20.540942: I external/local_xla/xla/tsl/framework/bfc_allocator.cc:1109] InUse at 15111d5b1200 of size 256 next 812
2025-11-13 05:29:20.540949: I external/local_xla/xla/tsl/framework/bfc_allocator.cc:1109] InUse at 15111d5b1300 of size 256 next 813
2025-11-13 05:29:20.540957: I external/local_xla/xla/tsl/framework/bfc_allocator.cc:1109] InUse at 15111d5b1400 of size 256 next 814
2025-11-13 05:29:20.540964: I external/local_xla/xla/tsl/framework/bfc_allocator.cc:1109] InUse at 15111d5b1500 of size 256 next 815
2025-11-13 05:29:20.540971: I external/local_xla/xla/tsl/framework/bfc_allocator.cc:1109] InUse at 15111d5b1600 of size 75264 next 816
2025-11-13 05:29:20.540981: I external/local_xla/xla/tsl/framework/bfc_allocator.cc:1109] InUse at 15111d5c3c00 of size 75264 next 817
2025-11-13 05:29:20.540988: I external/local_xla/xla/tsl/framework/bfc_allocator.cc:1109] InUse at 15111d5d6200 of size 75264 next 818
2025-11-13 05:29:20.540996: I external/local_xla/xla/tsl/framework/bfc_allocator.cc:1109] InUse at 15111d5e8800 of size 75264 next 819
2025-11-13 05:29:20.541003: I external/local_xla/xla/tsl/framework/bfc_allocator.cc:1109] InUse at 15111d5fae00 of size 75264 next 820
2025-11-13 05:29:20.541011: I external/local_xla/xla/tsl/framework/bfc_allocator.cc:1109] InUse at 15111d60d400 of size 75264 next 821
2025-11-13 05:29:20.541018: I external/local_xla/xla/tsl/framework/bfc_allocator.cc:1109] InUse at 15111d61fa00 of size 75264 next 822
2025-11-13 05:29:20.541025: I external/local_xla/xla/tsl/framework/bfc_allocator.cc:1109] InUse at 15111d632000 of size 75264 next 823
2025-11-13 05:29:20.541033: I external/local_xla/xla/tsl/framework/bfc_allocator.cc:1109] InUse at 15111d644600 of size 75264 next 824
2025-11-13 05:29:20.541040: I external/local_xla/xla/tsl/framework/bfc_allocator.cc:1109] InUse at 15111d656c00 of size 75264 next 825
2025-11-13 05:29:20.541047: I external/local_xla/xla/tsl/framework/bfc_allocator.cc:1109] InUse at 15111d669200 of size 75264 next 826
2025-11-13 05:29:20.541055: I external/local_xla/xla/tsl/framework/bfc_allocator.cc:1109] InUse at 15111d67b800 of size 75264 next 827
2025-11-13 05:29:20.541062: I external/local_xla/xla/tsl/framework/bfc_allocator.cc:1109] InUse at 15111d68de00 of size 75264 next 828
2025-11-13 05:29:20.541070: I external/local_xla/xla/tsl/framework/bfc_allocator.cc:1109] InUse at 15111d6a0400 of size 75264 next 829
2025-11-13 05:29:20.541077: I external/local_xla/xla/tsl/framework/bfc_allocator.cc:1109] InUse at 15111d6b2a00 of size 75264 next 830
2025-11-13 05:29:20.541084: I external/local_xla/xla/tsl/framework/bfc_allocator.cc:1109] InUse at 15111d6c5000 of size 75264 next 831
2025-11-13 05:29:20.541092: I external/local_xla/xla/tsl/framework/bfc_allocator.cc:1109] InUse at 15111d6d7600 of size 2816 next 832
2025-11-13 05:29:20.541099: I external/local_xla/xla/tsl/framework/bfc_allocator.cc:1109] InUse at 15111d6d8100 of size 2816 next 833
2025-11-13 05:29:20.541106: I external/local_xla/xla/tsl/framework/bfc_allocator.cc:1109] InUse at 15111d6d8c00 of size 2816 next 834
2025-11-13 05:29:20.541114: I external/local_xla/xla/tsl/framework/bfc_allocator.cc:1109] InUse at 15111d6d9700 of size 2816 next 835
2025-11-13 05:29:20.541121: I external/local_xla/xla/tsl/framework/bfc_allocator.cc:1109] InUse at 15111d6da200 of size 2816 next 836
2025-11-13 05:29:20.541134: I external/local_xla/xla/tsl/framework/bfc_allocator.cc:1109] InUse at 15111d6dad00 of size 2816 next 837
2025-11-13 05:29:20.541142: I external/local_xla/xla/tsl/framework/bfc_allocator.cc:1109] InUse at 15111d6db800 of size 2816 next 838
2025-11-13 05:29:20.541150: I external/local_xla/xla/tsl/framework/bfc_allocator.cc:1109] InUse at 15111d6dc300 of size 2816 next 839
2025-11-13 05:29:20.541157: I external/local_xla/xla/tsl/framework/bfc_allocator.cc:1109] InUse at 15111d6dce00 of size 2816 next 840
2025-11-13 05:29:20.541164: I external/local_xla/xla/tsl/framework/bfc_allocator.cc:1109] InUse at 15111d6dd900 of size 2816 next 841
2025-11-13 05:29:20.541172: I external/local_xla/xla/tsl/framework/bfc_allocator.cc:1109] InUse at 15111d6de400 of size 2816 next 842
2025-11-13 05:29:20.541179: I external/local_xla/xla/tsl/framework/bfc_allocator.cc:1109] InUse at 15111d6def00 of size 2816 next 843
2025-11-13 05:29:20.541187: I external/local_xla/xla/tsl/framework/bfc_allocator.cc:1109] InUse at 15111d6dfa00 of size 2816 next 844
2025-11-13 05:29:20.541194: I external/local_xla/xla/tsl/framework/bfc_allocator.cc:1109] InUse at 15111d6e0500 of size 2816 next 845
2025-11-13 05:29:20.541202: I external/local_xla/xla/tsl/framework/bfc_allocator.cc:1109] InUse at 15111d6e1000 of size 2816 next 846
2025-11-13 05:29:20.541209: I external/local_xla/xla/tsl/framework/bfc_allocator.cc:1109] InUse at 15111d6e1b00 of size 2816 next 847
2025-11-13 05:29:20.541216: I external/local_xla/xla/tsl/framework/bfc_allocator.cc:1109] InUse at 15111d6e2600 of size 2816 next 848
2025-11-13 05:29:20.541224: I external/local_xla/xla/tsl/framework/bfc_allocator.cc:1109] InUse at 15111d6e3100 of size 2816 next 849
2025-11-13 05:29:20.541231: I external/local_xla/xla/tsl/framework/bfc_allocator.cc:1109] InUse at 15111d6e3c00 of size 2816 next 850
2025-11-13 05:29:20.541239: I external/local_xla/xla/tsl/framework/bfc_allocator.cc:1109] InUse at 15111d6e4700 of size 2816 next 851
2025-11-13 05:29:20.541246: I external/local_xla/xla/tsl/framework/bfc_allocator.cc:1109] InUse at 15111d6e5200 of size 2816 next 852
2025-11-13 05:29:20.541253: I external/local_xla/xla/tsl/framework/bfc_allocator.cc:1109] InUse at 15111d6e5d00 of size 2816 next 853
2025-11-13 05:29:20.541261: I external/local_xla/xla/tsl/framework/bfc_allocator.cc:1109] InUse at 15111d6e6800 of size 2816 next 854
2025-11-13 05:29:20.541268: I external/local_xla/xla/tsl/framework/bfc_allocator.cc:1109] InUse at 15111d6e7300 of size 2816 next 855
2025-11-13 05:29:20.541275: I external/local_xla/xla/tsl/framework/bfc_allocator.cc:1109] InUse at 15111d6e7e00 of size 2816 next 856
2025-11-13 05:29:20.541283: I external/local_xla/xla/tsl/framework/bfc_allocator.cc:1109] InUse at 15111d6e8900 of size 2816 next 857
2025-11-13 05:29:20.541290: I external/local_xla/xla/tsl/framework/bfc_allocator.cc:1109] InUse at 15111d6e9400 of size 2816 next 858
2025-11-13 05:29:20.541298: I external/local_xla/xla/tsl/framework/bfc_allocator.cc:1109] InUse at 15111d6e9f00 of size 2816 next 859
2025-11-13 05:29:20.541305: I external/local_xla/xla/tsl/framework/bfc_allocator.cc:1109] InUse at 15111d6eaa00 of size 2816 next 860
2025-11-13 05:29:20.541312: I external/local_xla/xla/tsl/framework/bfc_allocator.cc:1109] InUse at 15111d6eb500 of size 2816 next 861
2025-11-13 05:29:20.541320: I external/local_xla/xla/tsl/framework/bfc_allocator.cc:1109] InUse at 15111d6ec000 of size 2816 next 862
2025-11-13 05:29:20.541327: I external/local_xla/xla/tsl/framework/bfc_allocator.cc:1109] InUse at 15111d6ecb00 of size 2816 next 863
2025-11-13 05:29:20.541335: I external/local_xla/xla/tsl/framework/bfc_allocator.cc:1109] InUse at 15111d6ed600 of size 2816 next 864
2025-11-13 05:29:20.541342: I external/local_xla/xla/tsl/framework/bfc_allocator.cc:1109] InUse at 15111d6ee100 of size 2816 next 865
2025-11-13 05:29:20.541349: I external/local_xla/xla/tsl/framework/bfc_allocator.cc:1109] InUse at 15111d6eec00 of size 2816 next 866
2025-11-13 05:29:20.541360: I external/local_xla/xla/tsl/framework/bfc_allocator.cc:1109] InUse at 15111d6ef700 of size 2816 next 867
2025-11-13 05:29:20.541367: I external/local_xla/xla/tsl/framework/bfc_allocator.cc:1109] InUse at 15111d6f0200 of size 2816 next 868
2025-11-13 05:29:20.541375: I external/local_xla/xla/tsl/framework/bfc_allocator.cc:1109] InUse at 15111d6f0d00 of size 2816 next 869
2025-11-13 05:29:20.541382: I external/local_xla/xla/tsl/framework/bfc_allocator.cc:1109] InUse at 15111d6f1800 of size 2816 next 870
2025-11-13 05:29:20.541390: I external/local_xla/xla/tsl/framework/bfc_allocator.cc:1109] InUse at 15111d6f2300 of size 2816 next 871
2025-11-13 05:29:20.541397: I external/local_xla/xla/tsl/framework/bfc_allocator.cc:1109] InUse at 15111d6f2e00 of size 301056 next 872
2025-11-13 05:29:20.541404: I external/local_xla/xla/tsl/framework/bfc_allocator.cc:1109] InUse at 15111d73c600 of size 301056 next 873
2025-11-13 05:29:20.541412: I external/local_xla/xla/tsl/framework/bfc_allocator.cc:1109] InUse at 15111d785e00 of size 301056 next 874
2025-11-13 05:29:20.541419: I external/local_xla/xla/tsl/framework/bfc_allocator.cc:1109] InUse at 15111d7cf600 of size 301056 next 875
2025-11-13 05:29:20.541427: I external/local_xla/xla/tsl/framework/bfc_allocator.cc:1109] InUse at 15111d818e00 of size 301056 next 876
2025-11-13 05:29:20.541434: I external/local_xla/xla/tsl/framework/bfc_allocator.cc:1109] InUse at 15111d862600 of size 301056 next 877
2025-11-13 05:29:20.541441: I external/local_xla/xla/tsl/framework/bfc_allocator.cc:1109] InUse at 15111d8abe00 of size 301056 next 878
2025-11-13 05:29:20.541449: I external/local_xla/xla/tsl/framework/bfc_allocator.cc:1109] InUse at 15111d8f5600 of size 301056 next 879
2025-11-13 05:29:20.541456: I external/local_xla/xla/tsl/framework/bfc_allocator.cc:1109] InUse at 15111d93ee00 of size 512 next 880
2025-11-13 05:29:20.541464: I external/local_xla/xla/tsl/framework/bfc_allocator.cc:1109] InUse at 15111d93f000 of size 512 next 881
2025-11-13 05:29:20.541471: I external/local_xla/xla/tsl/framework/bfc_allocator.cc:1109] InUse at 15111d93f200 of size 512 next 882
2025-11-13 05:29:20.541478: I external/local_xla/xla/tsl/framework/bfc_allocator.cc:1109] InUse at 15111d93f400 of size 512 next 883
2025-11-13 05:29:20.541486: I external/local_xla/xla/tsl/framework/bfc_allocator.cc:1109] InUse at 15111d93f600 of size 512 next 884
2025-11-13 05:29:20.541493: I external/local_xla/xla/tsl/framework/bfc_allocator.cc:1109] InUse at 15111d93f800 of size 512 next 885
2025-11-13 05:29:20.541501: I external/local_xla/xla/tsl/framework/bfc_allocator.cc:1109] InUse at 15111d93fa00 of size 512 next 886
2025-11-13 05:29:20.541508: I external/local_xla/xla/tsl/framework/bfc_allocator.cc:1109] InUse at 15111d93fc00 of size 512 next 887
2025-11-13 05:29:20.541515: I external/local_xla/xla/tsl/framework/bfc_allocator.cc:1109] InUse at 15111d93fe00 of size 512 next 888
2025-11-13 05:29:20.541523: I external/local_xla/xla/tsl/framework/bfc_allocator.cc:1109] InUse at 15111d940000 of size 512 next 889
2025-11-13 05:29:20.541530: I external/local_xla/xla/tsl/framework/bfc_allocator.cc:1109] InUse at 15111d940200 of size 512 next 890
2025-11-13 05:29:20.541538: I external/local_xla/xla/tsl/framework/bfc_allocator.cc:1109] InUse at 15111d940400 of size 512 next 891
2025-11-13 05:29:20.541545: I external/local_xla/xla/tsl/framework/bfc_allocator.cc:1109] InUse at 15111d940600 of size 512 next 892
2025-11-13 05:29:20.541552: I external/local_xla/xla/tsl/framework/bfc_allocator.cc:1109] InUse at 15111d940800 of size 512 next 893
2025-11-13 05:29:20.541560: I external/local_xla/xla/tsl/framework/bfc_allocator.cc:1109] InUse at 15111d940a00 of size 512 next 894
2025-11-13 05:29:20.541567: I external/local_xla/xla/tsl/framework/bfc_allocator.cc:1109] InUse at 15111d940c00 of size 512 next 895
2025-11-13 05:29:20.541575: I external/local_xla/xla/tsl/framework/bfc_allocator.cc:1109] InUse at 15111d940e00 of size 884736 next 896
2025-11-13 05:29:20.541582: I external/local_xla/xla/tsl/framework/bfc_allocator.cc:1109] InUse at 15111da18e00 of size 884736 next 897
2025-11-13 05:29:20.541592: I external/local_xla/xla/tsl/framework/bfc_allocator.cc:1109] InUse at 15111daf0e00 of size 884736 next 898
2025-11-13 05:29:20.541600: I external/local_xla/xla/tsl/framework/bfc_allocator.cc:1109] InUse at 15111dbc8e00 of size 884736 next 899
2025-11-13 05:29:20.541607: I external/local_xla/xla/tsl/framework/bfc_allocator.cc:1109] InUse at 15111dca0e00 of size 884736 next 900
2025-11-13 05:29:20.541615: I external/local_xla/xla/tsl/framework/bfc_allocator.cc:1109] InUse at 15111dd78e00 of size 884736 next 901
2025-11-13 05:29:20.541622: I external/local_xla/xla/tsl/framework/bfc_allocator.cc:1109] InUse at 15111de50e00 of size 1765888 next 18446744073709551615
2025-11-13 05:29:20.541630: I external/local_xla/xla/tsl/framework/bfc_allocator.cc:1089] Next region of size 16777216
2025-11-13 05:29:20.541637: I external/local_xla/xla/tsl/framework/bfc_allocator.cc:1109] InUse at 15111e000000 of size 221184 next 396
2025-11-13 05:29:20.541645: I external/local_xla/xla/tsl/framework/bfc_allocator.cc:1109] InUse at 15111e036000 of size 221184 next 398
2025-11-13 05:29:20.541652: I external/local_xla/xla/tsl/framework/bfc_allocator.cc:1109] InUse at 15111e06c000 of size 221184 next 416
2025-11-13 05:29:20.541660: I external/local_xla/xla/tsl/framework/bfc_allocator.cc:1109] InUse at 15111e0a2000 of size 221184 next 384
2025-11-13 05:29:20.541667: I external/local_xla/xla/tsl/framework/bfc_allocator.cc:1109] InUse at 15111e0d8000 of size 884736 next 385
2025-11-13 05:29:20.541674: I external/local_xla/xla/tsl/framework/bfc_allocator.cc:1109] InUse at 15111e1b0000 of size 221184 next 418
2025-11-13 05:29:20.541682: I external/local_xla/xla/tsl/framework/bfc_allocator.cc:1109] InUse at 15111e1e6000 of size 38400 next 142
2025-11-13 05:29:20.541689: I external/local_xla/xla/tsl/framework/bfc_allocator.cc:1109] InUse at 15111e1ef600 of size 76800 next 205
2025-11-13 05:29:20.541697: I external/local_xla/xla/tsl/framework/bfc_allocator.cc:1109] InUse at 15111e202200 of size 105984 next 437
2025-11-13 05:29:20.541705: I external/local_xla/xla/tsl/framework/bfc_allocator.cc:1109] InUse at 15111e21c000 of size 221184 next 438
2025-11-13 05:29:20.541712: I external/local_xla/xla/tsl/framework/bfc_allocator.cc:1109] InUse at 15111e252000 of size 221184 next 400
2025-11-13 05:29:20.541719: I external/local_xla/xla/tsl/framework/bfc_allocator.cc:1109] InUse at 15111e288000 of size 884736 next 401
2025-11-13 05:29:20.541727: I external/local_xla/xla/tsl/framework/bfc_allocator.cc:1109] InUse at 15111e360000 of size 884736 next 407
2025-11-13 05:29:20.541734: I external/local_xla/xla/tsl/framework/bfc_allocator.cc:1109] InUse at 15111e438000 of size 221184 next 455
2025-11-13 05:29:20.541742: I external/local_xla/xla/tsl/framework/bfc_allocator.cc:1109] InUse at 15111e46e000 of size 221184 next 471
2025-11-13 05:29:20.541749: I external/local_xla/xla/tsl/framework/bfc_allocator.cc:1109] InUse at 15111e4a4000 of size 221184 next 467
2025-11-13 05:29:20.541757: I external/local_xla/xla/tsl/framework/bfc_allocator.cc:1109] InUse at 15111e4da000 of size 69120 next 456
2025-11-13 05:29:20.541764: I external/local_xla/xla/tsl/framework/bfc_allocator.cc:1109] InUse at 15111e4eae00 of size 152064 next 420
2025-11-13 05:29:20.541772: I external/local_xla/xla/tsl/framework/bfc_allocator.cc:1109] InUse at 15111e510000 of size 884736 next 421
2025-11-13 05:29:20.541779: I external/local_xla/xla/tsl/framework/bfc_allocator.cc:1109] InUse at 15111e5e8000 of size 884736 next 427
2025-11-13 05:29:20.541787: I external/local_xla/xla/tsl/framework/bfc_allocator.cc:1109] InUse at 15111e6c0000 of size 884736 next 440
2025-11-13 05:29:20.541794: I external/local_xla/xla/tsl/framework/bfc_allocator.cc:1109] InUse at 15111e798000 of size 884736 next 446
2025-11-13 05:29:20.541801: I external/local_xla/xla/tsl/framework/bfc_allocator.cc:1109] InUse at 15111e870000 of size 221184 next 478
2025-11-13 05:29:20.541809: I external/local_xla/xla/tsl/framework/bfc_allocator.cc:1109] InUse at 15111e8a6000 of size 215040 next 289
2025-11-13 05:29:20.541819: I external/local_xla/xla/tsl/framework/bfc_allocator.cc:1109] InUse at 15111e8da800 of size 448512 next 460
2025-11-13 05:29:20.541829: I external/local_xla/xla/tsl/framework/bfc_allocator.cc:1109] InUse at 15111e948000 of size 884736 next 461
2025-11-13 05:29:20.541836: I external/local_xla/xla/tsl/framework/bfc_allocator.cc:1109] InUse at 15111ea20000 of size 2457600 next 472
2025-11-13 05:29:20.541844: I external/local_xla/xla/tsl/framework/bfc_allocator.cc:1109] InUse at 15111ec78000 of size 614400 next 546
2025-11-13 05:29:20.541851: I external/local_xla/xla/tsl/framework/bfc_allocator.cc:1109] InUse at 15111ed0e000 of size 696320 next 242
2025-11-13 05:29:20.541859: I external/local_xla/xla/tsl/framework/bfc_allocator.cc:1109] InUse at 15111edb8000 of size 655360 next 283
2025-11-13 05:29:20.541866: I external/local_xla/xla/tsl/framework/bfc_allocator.cc:1109] InUse at 15111ee58000 of size 1736704 next 18446744073709551615
2025-11-13 05:29:20.541874: I external/local_xla/xla/tsl/framework/bfc_allocator.cc:1089] Next region of size 2097152
2025-11-13 05:29:20.541881: I external/local_xla/xla/tsl/framework/bfc_allocator.cc:1109] InUse at 15114f800000 of size 1280 next 1
2025-11-13 05:29:20.541889: I external/local_xla/xla/tsl/framework/bfc_allocator.cc:1109] InUse at 15114f800500 of size 263424 next 2
2025-11-13 05:29:20.541897: I external/local_xla/xla/tsl/framework/bfc_allocator.cc:1109] InUse at 15114f840a00 of size 131840 next 3
2025-11-13 05:29:20.541904: I external/local_xla/xla/tsl/framework/bfc_allocator.cc:1109] InUse at 15114f860d00 of size 256 next 4
2025-11-13 05:29:20.541912: I external/local_xla/xla/tsl/framework/bfc_allocator.cc:1109] InUse at 15114f860e00 of size 256 next 5
2025-11-13 05:29:20.541919: I external/local_xla/xla/tsl/framework/bfc_allocator.cc:1109] InUse at 15114f860f00 of size 256 next 6
2025-11-13 05:29:20.541927: I external/local_xla/xla/tsl/framework/bfc_allocator.cc:1109] InUse at 15114f861000 of size 256 next 7
2025-11-13 05:29:20.541934: I external/local_xla/xla/tsl/framework/bfc_allocator.cc:1109] InUse at 15114f861100 of size 256 next 8
2025-11-13 05:29:20.541941: I external/local_xla/xla/tsl/framework/bfc_allocator.cc:1109] InUse at 15114f861200 of size 263424 next 9
2025-11-13 05:29:20.541949: I external/local_xla/xla/tsl/framework/bfc_allocator.cc:1109] InUse at 15114f8a1700 of size 131840 next 10
2025-11-13 05:29:20.541956: I external/local_xla/xla/tsl/framework/bfc_allocator.cc:1109] InUse at 15114f8c1a00 of size 256 next 11
2025-11-13 05:29:20.541964: I external/local_xla/xla/tsl/framework/bfc_allocator.cc:1109] InUse at 15114f8c1b00 of size 1303808 next 18446744073709551615
2025-11-13 05:29:20.541971: I external/local_xla/xla/tsl/framework/bfc_allocator.cc:1089] Next region of size 4194304
2025-11-13 05:29:20.541979: I external/local_xla/xla/tsl/framework/bfc_allocator.cc:1109] InUse at 15114fa00000 of size 4194304 next 18446744073709551615
2025-11-13 05:29:20.541986: I external/local_xla/xla/tsl/framework/bfc_allocator.cc:1089] Next region of size 8388608
2025-11-13 05:29:20.541994: I external/local_xla/xla/tsl/framework/bfc_allocator.cc:1109] InUse at 151167000000 of size 256 next 14
2025-11-13 05:29:20.542001: I external/local_xla/xla/tsl/framework/bfc_allocator.cc:1109] InUse at 151167000100 of size 256 next 15
2025-11-13 05:29:20.542009: I external/local_xla/xla/tsl/framework/bfc_allocator.cc:1109] InUse at 151167000200 of size 256 next 16
2025-11-13 05:29:20.542016: I external/local_xla/xla/tsl/framework/bfc_allocator.cc:1109] InUse at 151167000300 of size 256 next 17
2025-11-13 05:29:20.542023: I external/local_xla/xla/tsl/framework/bfc_allocator.cc:1109] InUse at 151167000400 of size 256 next 19
2025-11-13 05:29:20.542031: I external/local_xla/xla/tsl/framework/bfc_allocator.cc:1109] InUse at 151167000500 of size 256 next 20
2025-11-13 05:29:20.542038: I external/local_xla/xla/tsl/framework/bfc_allocator.cc:1109] InUse at 151167000600 of size 256 next 513
2025-11-13 05:29:20.542046: I external/local_xla/xla/tsl/framework/bfc_allocator.cc:1109] InUse at 151167000700 of size 256 next 21
2025-11-13 05:29:20.542056: I external/local_xla/xla/tsl/framework/bfc_allocator.cc:1109] InUse at 151167000800 of size 256 next 22
2025-11-13 05:29:20.542064: I external/local_xla/xla/tsl/framework/bfc_allocator.cc:1109] InUse at 151167000900 of size 256 next 23
2025-11-13 05:29:20.542071: I external/local_xla/xla/tsl/framework/bfc_allocator.cc:1109] InUse at 151167000a00 of size 256 next 24
2025-11-13 05:29:20.542079: I external/local_xla/xla/tsl/framework/bfc_allocator.cc:1109] InUse at 151167000b00 of size 256 next 25
2025-11-13 05:29:20.542086: I external/local_xla/xla/tsl/framework/bfc_allocator.cc:1109] InUse at 151167000c00 of size 256 next 27
2025-11-13 05:29:20.542093: I external/local_xla/xla/tsl/framework/bfc_allocator.cc:1109] InUse at 151167000d00 of size 256 next 514
2025-11-13 05:29:20.542101: I external/local_xla/xla/tsl/framework/bfc_allocator.cc:1109] InUse at 151167000e00 of size 256 next 26
2025-11-13 05:29:20.542108: I external/local_xla/xla/tsl/framework/bfc_allocator.cc:1109] InUse at 151167000f00 of size 256 next 31
2025-11-13 05:29:20.542115: I external/local_xla/xla/tsl/framework/bfc_allocator.cc:1109] InUse at 151167001000 of size 256 next 49
2025-11-13 05:29:20.542123: I external/local_xla/xla/tsl/framework/bfc_allocator.cc:1109] InUse at 151167001100 of size 256 next 50
2025-11-13 05:29:20.542130: I external/local_xla/xla/tsl/framework/bfc_allocator.cc:1109] InUse at 151167001200 of size 256 next 54
2025-11-13 05:29:20.542140: I external/local_xla/xla/tsl/framework/bfc_allocator.cc:1109] InUse at 151167001300 of size 256 next 55
2025-11-13 05:29:20.542148: I external/local_xla/xla/tsl/framework/bfc_allocator.cc:1109] InUse at 151167001400 of size 256 next 58
2025-11-13 05:29:20.542155: I external/local_xla/xla/tsl/framework/bfc_allocator.cc:1109] InUse at 151167001500 of size 256 next 56
2025-11-13 05:29:20.542162: I external/local_xla/xla/tsl/framework/bfc_allocator.cc:1109] InUse at 151167001600 of size 256 next 62
2025-11-13 05:29:20.542170: I external/local_xla/xla/tsl/framework/bfc_allocator.cc:1109] InUse at 151167001700 of size 256 next 42
2025-11-13 05:29:20.542177: I external/local_xla/xla/tsl/framework/bfc_allocator.cc:1109] InUse at 151167001800 of size 256 next 34
2025-11-13 05:29:20.542185: I external/local_xla/xla/tsl/framework/bfc_allocator.cc:1109] InUse at 151167001900 of size 1024 next 36
2025-11-13 05:29:20.542192: I external/local_xla/xla/tsl/framework/bfc_allocator.cc:1109] InUse at 151167001d00 of size 256 next 32
2025-11-13 05:29:20.542199: I external/local_xla/xla/tsl/framework/bfc_allocator.cc:1109] InUse at 151167001e00 of size 256 next 33
2025-11-13 05:29:20.542207: I external/local_xla/xla/tsl/framework/bfc_allocator.cc:1109] InUse at 151167001f00 of size 1792 next 35
2025-11-13 05:29:20.542214: I external/local_xla/xla/tsl/framework/bfc_allocator.cc:1109] InUse at 151167002600 of size 256 next 39
2025-11-13 05:29:20.542222: I external/local_xla/xla/tsl/framework/bfc_allocator.cc:1109] InUse at 151167002700 of size 256 next 41
2025-11-13 05:29:20.542229: I external/local_xla/xla/tsl/framework/bfc_allocator.cc:1109] InUse at 151167002800 of size 256 next 40
2025-11-13 05:29:20.542237: I external/local_xla/xla/tsl/framework/bfc_allocator.cc:1109] InUse at 151167002900 of size 256 next 29
2025-11-13 05:29:20.542244: I external/local_xla/xla/tsl/framework/bfc_allocator.cc:1109] InUse at 151167002a00 of size 1280 next 28
2025-11-13 05:29:20.542251: I external/local_xla/xla/tsl/framework/bfc_allocator.cc:1109] InUse at 151167002f00 of size 2304 next 30
2025-11-13 05:29:20.542260: I external/local_xla/xla/tsl/framework/bfc_allocator.cc:1109] InUse at 151167003800 of size 256 next 43
2025-11-13 05:29:20.542268: I external/local_xla/xla/tsl/framework/bfc_allocator.cc:1109] InUse at 151167003900 of size 256 next 38
2025-11-13 05:29:20.542275: I external/local_xla/xla/tsl/framework/bfc_allocator.cc:1109] InUse at 151167003a00 of size 256 next 46
2025-11-13 05:29:20.542283: I external/local_xla/xla/tsl/framework/bfc_allocator.cc:1109] InUse at 151167003b00 of size 256 next 44
2025-11-13 05:29:20.542293: I external/local_xla/xla/tsl/framework/bfc_allocator.cc:1109] InUse at 151167003c00 of size 1024 next 45
2025-11-13 05:29:20.542301: I external/local_xla/xla/tsl/framework/bfc_allocator.cc:1109] InUse at 151167004000 of size 256 next 51
2025-11-13 05:29:20.542308: I external/local_xla/xla/tsl/framework/bfc_allocator.cc:1109] InUse at 151167004100 of size 256 next 52
2025-11-13 05:29:20.542315: I external/local_xla/xla/tsl/framework/bfc_allocator.cc:1109] InUse at 151167004200 of size 256 next 53
2025-11-13 05:29:20.542323: I external/local_xla/xla/tsl/framework/bfc_allocator.cc:1109] InUse at 151167004300 of size 256 next 48
2025-11-13 05:29:20.542330: I external/local_xla/xla/tsl/framework/bfc_allocator.cc:1109] InUse at 151167004400 of size 1024 next 59
2025-11-13 05:29:20.542338: I external/local_xla/xla/tsl/framework/bfc_allocator.cc:1109] InUse at 151167004800 of size 2560 next 60
2025-11-13 05:29:20.542345: I external/local_xla/xla/tsl/framework/bfc_allocator.cc:1109] InUse at 151167005200 of size 256 next 61
2025-11-13 05:29:20.542353: I external/local_xla/xla/tsl/framework/bfc_allocator.cc:1109] InUse at 151167005300 of size 256 next 57
2025-11-13 05:29:20.542360: I external/local_xla/xla/tsl/framework/bfc_allocator.cc:1109] InUse at 151167005400 of size 256 next 65
2025-11-13 05:29:20.542367: I external/local_xla/xla/tsl/framework/bfc_allocator.cc:1109] InUse at 151167005500 of size 512 next 66
2025-11-13 05:29:20.542375: I external/local_xla/xla/tsl/framework/bfc_allocator.cc:1109] InUse at 151167005700 of size 512 next 67
2025-11-13 05:29:20.542382: I external/local_xla/xla/tsl/framework/bfc_allocator.cc:1109] InUse at 151167005900 of size 512 next 63
2025-11-13 05:29:20.542389: I external/local_xla/xla/tsl/framework/bfc_allocator.cc:1109] InUse at 151167005b00 of size 256 next 47
2025-11-13 05:29:20.542397: I external/local_xla/xla/tsl/framework/bfc_allocator.cc:1109] InUse at 151167005c00 of size 768 next 64
2025-11-13 05:29:20.542404: I external/local_xla/xla/tsl/framework/bfc_allocator.cc:1109] InUse at 151167005f00 of size 512 next 69
2025-11-13 05:29:20.542412: I external/local_xla/xla/tsl/framework/bfc_allocator.cc:1109] InUse at 151167006100 of size 512 next 72
2025-11-13 05:29:20.542419: I external/local_xla/xla/tsl/framework/bfc_allocator.cc:1109] InUse at 151167006300 of size 512 next 73
2025-11-13 05:29:20.542426: I external/local_xla/xla/tsl/framework/bfc_allocator.cc:1109] InUse at 151167006500 of size 512 next 74
2025-11-13 05:29:20.542434: I external/local_xla/xla/tsl/framework/bfc_allocator.cc:1109] InUse at 151167006700 of size 768 next 77
2025-11-13 05:29:20.542441: I external/local_xla/xla/tsl/framework/bfc_allocator.cc:1109] InUse at 151167006a00 of size 256 next 76
2025-11-13 05:29:20.542448: I external/local_xla/xla/tsl/framework/bfc_allocator.cc:1109] InUse at 151167006b00 of size 256 next 87
2025-11-13 05:29:20.542456: I external/local_xla/xla/tsl/framework/bfc_allocator.cc:1109] InUse at 151167006c00 of size 768 next 88
2025-11-13 05:29:20.542463: I external/local_xla/xla/tsl/framework/bfc_allocator.cc:1109] InUse at 151167006f00 of size 768 next 89
2025-11-13 05:29:20.542471: I external/local_xla/xla/tsl/framework/bfc_allocator.cc:1109] InUse at 151167007200 of size 768 next 90
2025-11-13 05:29:20.542478: I external/local_xla/xla/tsl/framework/bfc_allocator.cc:1109] InUse at 151167007500 of size 768 next 80
2025-11-13 05:29:20.542485: I external/local_xla/xla/tsl/framework/bfc_allocator.cc:1109] InUse at 151167007800 of size 1536 next 68
2025-11-13 05:29:20.542493: I external/local_xla/xla/tsl/framework/bfc_allocator.cc:1109] InUse at 151167007e00 of size 768 next 97
2025-11-13 05:29:20.542500: I external/local_xla/xla/tsl/framework/bfc_allocator.cc:1109] InUse at 151167008100 of size 768 next 94
2025-11-13 05:29:20.542508: I external/local_xla/xla/tsl/framework/bfc_allocator.cc:1109] InUse at 151167008400 of size 768 next 95
2025-11-13 05:29:20.542515: I external/local_xla/xla/tsl/framework/bfc_allocator.cc:1109] InUse at 151167008700 of size 768 next 82
2025-11-13 05:29:20.542525: I external/local_xla/xla/tsl/framework/bfc_allocator.cc:1109] InUse at 151167008a00 of size 256 next 104
2025-11-13 05:29:20.542533: I external/local_xla/xla/tsl/framework/bfc_allocator.cc:1109] InUse at 151167008b00 of size 256 next 100
2025-11-13 05:29:20.542541: I external/local_xla/xla/tsl/framework/bfc_allocator.cc:1109] InUse at 151167008c00 of size 768 next 70
2025-11-13 05:29:20.542548: I external/local_xla/xla/tsl/framework/bfc_allocator.cc:1109] InUse at 151167008f00 of size 6144 next 71
2025-11-13 05:29:20.542556: I external/local_xla/xla/tsl/framework/bfc_allocator.cc:1109] InUse at 15116700a700 of size 256 next 515
2025-11-13 05:29:20.542563: I external/local_xla/xla/tsl/framework/bfc_allocator.cc:1109] InUse at 15116700a800 of size 256 next 79
2025-11-13 05:29:20.542571: I external/local_xla/xla/tsl/framework/bfc_allocator.cc:1109] InUse at 15116700a900 of size 256 next 78
2025-11-13 05:29:20.542578: I external/local_xla/xla/tsl/framework/bfc_allocator.cc:1109] InUse at 15116700aa00 of size 256 next 84
2025-11-13 05:29:20.542585: I external/local_xla/xla/tsl/framework/bfc_allocator.cc:1109] InUse at 15116700ab00 of size 256 next 83
2025-11-13 05:29:20.542593: I external/local_xla/xla/tsl/framework/bfc_allocator.cc:1109] InUse at 15116700ac00 of size 256 next 81
2025-11-13 05:29:20.542600: I external/local_xla/xla/tsl/framework/bfc_allocator.cc:1109] InUse at 15116700ad00 of size 768 next 517
2025-11-13 05:29:20.542608: I external/local_xla/xla/tsl/framework/bfc_allocator.cc:1109] InUse at 15116700b000 of size 3584 next 96
2025-11-13 05:29:20.542615: I external/local_xla/xla/tsl/framework/bfc_allocator.cc:1109] InUse at 15116700be00 of size 5632 next 93
2025-11-13 05:29:20.542623: I external/local_xla/xla/tsl/framework/bfc_allocator.cc:1109] InUse at 15116700d400 of size 256 next 98
2025-11-13 05:29:20.542630: I external/local_xla/xla/tsl/framework/bfc_allocator.cc:1109] InUse at 15116700d500 of size 256 next 99
2025-11-13 05:29:20.542637: I external/local_xla/xla/tsl/framework/bfc_allocator.cc:1109] InUse at 15116700d600 of size 768 next 132
2025-11-13 05:29:20.542645: I external/local_xla/xla/tsl/framework/bfc_allocator.cc:1109] InUse at 15116700d900 of size 768 next 133
2025-11-13 05:29:20.542652: I external/local_xla/xla/tsl/framework/bfc_allocator.cc:1109] InUse at 15116700dc00 of size 768 next 134
2025-11-13 05:29:20.542660: I external/local_xla/xla/tsl/framework/bfc_allocator.cc:1109] InUse at 15116700df00 of size 256 next 136
2025-11-13 05:29:20.542667: I external/local_xla/xla/tsl/framework/bfc_allocator.cc:1109] InUse at 15116700e000 of size 768 next 137
2025-11-13 05:29:20.542674: I external/local_xla/xla/tsl/framework/bfc_allocator.cc:1109] InUse at 15116700e300 of size 768 next 138
2025-11-13 05:29:20.542682: I external/local_xla/xla/tsl/framework/bfc_allocator.cc:1109] InUse at 15116700e600 of size 768 next 141
2025-11-13 05:29:20.542689: I external/local_xla/xla/tsl/framework/bfc_allocator.cc:1109] InUse at 15116700e900 of size 256 next 135
2025-11-13 05:29:20.542697: I external/local_xla/xla/tsl/framework/bfc_allocator.cc:1109] InUse at 15116700ea00 of size 1280 next 144
2025-11-13 05:29:20.542704: I external/local_xla/xla/tsl/framework/bfc_allocator.cc:1109] InUse at 15116700ef00 of size 256 next 145
2025-11-13 05:29:20.542711: I external/local_xla/xla/tsl/framework/bfc_allocator.cc:1109] InUse at 15116700f000 of size 256 next 147
2025-11-13 05:29:20.542719: I external/local_xla/xla/tsl/framework/bfc_allocator.cc:1109] InUse at 15116700f100 of size 256 next 143
2025-11-13 05:29:20.542726: I external/local_xla/xla/tsl/framework/bfc_allocator.cc:1109] InUse at 15116700f200 of size 256 next 149
2025-11-13 05:29:20.542733: I external/local_xla/xla/tsl/framework/bfc_allocator.cc:1109] InUse at 15116700f300 of size 256 next 152
2025-11-13 05:29:20.542741: I external/local_xla/xla/tsl/framework/bfc_allocator.cc:1109] InUse at 15116700f400 of size 256 next 153
2025-11-13 05:29:20.542748: I external/local_xla/xla/tsl/framework/bfc_allocator.cc:1109] InUse at 15116700f500 of size 1536 next 85
2025-11-13 05:29:20.542759: I external/local_xla/xla/tsl/framework/bfc_allocator.cc:1109] InUse at 15116700fb00 of size 9216 next 86
2025-11-13 05:29:20.542766: I external/local_xla/xla/tsl/framework/bfc_allocator.cc:1109] InUse at 151167011f00 of size 3584 next 103
2025-11-13 05:29:20.542774: I external/local_xla/xla/tsl/framework/bfc_allocator.cc:1109] InUse at 151167012d00 of size 5376 next 102
2025-11-13 05:29:20.542782: I external/local_xla/xla/tsl/framework/bfc_allocator.cc:1109] InUse at 151167014200 of size 256 next 109
2025-11-13 05:29:20.542789: I external/local_xla/xla/tsl/framework/bfc_allocator.cc:1109] InUse at 151167014300 of size 256 next 110
2025-11-13 05:29:20.542796: I external/local_xla/xla/tsl/framework/bfc_allocator.cc:1109] InUse at 151167014400 of size 768 next 111
2025-11-13 05:29:20.542804: I external/local_xla/xla/tsl/framework/bfc_allocator.cc:1109] InUse at 151167014700 of size 768 next 112
2025-11-13 05:29:20.542811: I external/local_xla/xla/tsl/framework/bfc_allocator.cc:1109] InUse at 151167014a00 of size 768 next 113
2025-11-13 05:29:20.542819: I external/local_xla/xla/tsl/framework/bfc_allocator.cc:1109] InUse at 151167014d00 of size 768 next 115
2025-11-13 05:29:20.542826: I external/local_xla/xla/tsl/framework/bfc_allocator.cc:1109] InUse at 151167015000 of size 1280 next 91
2025-11-13 05:29:20.542833: I external/local_xla/xla/tsl/framework/bfc_allocator.cc:1109] InUse at 151167015500 of size 13824 next 92
2025-11-13 05:29:20.542841: I external/local_xla/xla/tsl/framework/bfc_allocator.cc:1109] InUse at 151167018b00 of size 768 next 116
2025-11-13 05:29:20.542848: I external/local_xla/xla/tsl/framework/bfc_allocator.cc:1109] InUse at 151167018e00 of size 768 next 117
2025-11-13 05:29:20.542856: I external/local_xla/xla/tsl/framework/bfc_allocator.cc:1109] InUse at 151167019100 of size 256 next 106
2025-11-13 05:29:20.542863: I external/local_xla/xla/tsl/framework/bfc_allocator.cc:1109] InUse at 151167019200 of size 256 next 122
2025-11-13 05:29:20.542871: I external/local_xla/xla/tsl/framework/bfc_allocator.cc:1109] InUse at 151167019300 of size 256 next 125
2025-11-13 05:29:20.542878: I external/local_xla/xla/tsl/framework/bfc_allocator.cc:1109] InUse at 151167019400 of size 256 next 121
2025-11-13 05:29:20.542885: I external/local_xla/xla/tsl/framework/bfc_allocator.cc:1109] InUse at 151167019500 of size 768 next 127
2025-11-13 05:29:20.542893: I external/local_xla/xla/tsl/framework/bfc_allocator.cc:1109] InUse at 151167019800 of size 768 next 123
2025-11-13 05:29:20.542900: I external/local_xla/xla/tsl/framework/bfc_allocator.cc:1109] InUse at 151167019b00 of size 256 next 130
2025-11-13 05:29:20.542908: I external/local_xla/xla/tsl/framework/bfc_allocator.cc:1109] InUse at 151167019c00 of size 256 next 131
2025-11-13 05:29:20.542915: I external/local_xla/xla/tsl/framework/bfc_allocator.cc:1109] InUse at 151167019d00 of size 768 next 118
2025-11-13 05:29:20.542922: I external/local_xla/xla/tsl/framework/bfc_allocator.cc:1109] InUse at 15116701a000 of size 5376 next 119
2025-11-13 05:29:20.542930: I external/local_xla/xla/tsl/framework/bfc_allocator.cc:1109] InUse at 15116701b500 of size 3584 next 124
2025-11-13 05:29:20.542937: I external/local_xla/xla/tsl/framework/bfc_allocator.cc:1109] InUse at 15116701c300 of size 768 next 101
2025-11-13 05:29:20.542945: I external/local_xla/xla/tsl/framework/bfc_allocator.cc:1109] InUse at 15116701c600 of size 1024 next 148
2025-11-13 05:29:20.542952: I external/local_xla/xla/tsl/framework/bfc_allocator.cc:1109] InUse at 15116701ca00 of size 1792 next 126
2025-11-13 05:29:20.542959: I external/local_xla/xla/tsl/framework/bfc_allocator.cc:1109] InUse at 15116701d100 of size 256 next 164
2025-11-13 05:29:20.542967: I external/local_xla/xla/tsl/framework/bfc_allocator.cc:1109] InUse at 15116701d200 of size 256 next 165
2025-11-13 05:29:20.542974: I external/local_xla/xla/tsl/framework/bfc_allocator.cc:1109] InUse at 15116701d300 of size 256 next 168
2025-11-13 05:29:20.542984: I external/local_xla/xla/tsl/framework/bfc_allocator.cc:1109] InUse at 15116701d400 of size 256 next 166
2025-11-13 05:29:20.542992: I external/local_xla/xla/tsl/framework/bfc_allocator.cc:1109] InUse at 15116701d500 of size 256 next 171
2025-11-13 05:29:20.543000: I external/local_xla/xla/tsl/framework/bfc_allocator.cc:1109] InUse at 15116701d600 of size 1280 next 167
2025-11-13 05:29:20.543007: I external/local_xla/xla/tsl/framework/bfc_allocator.cc:1109] InUse at 15116701db00 of size 256 next 175
2025-11-13 05:29:20.543015: I external/local_xla/xla/tsl/framework/bfc_allocator.cc:1109] InUse at 15116701dc00 of size 256 next 176
2025-11-13 05:29:20.543022: I external/local_xla/xla/tsl/framework/bfc_allocator.cc:1109] InUse at 15116701dd00 of size 1024 next 177
2025-11-13 05:29:20.543029: I external/local_xla/xla/tsl/framework/bfc_allocator.cc:1109] InUse at 15116701e100 of size 1024 next 178
2025-11-13 05:29:20.543037: I external/local_xla/xla/tsl/framework/bfc_allocator.cc:1109] InUse at 15116701e500 of size 1024 next 179
2025-11-13 05:29:20.543044: I external/local_xla/xla/tsl/framework/bfc_allocator.cc:1109] InUse at 15116701e900 of size 1024 next 181
2025-11-13 05:29:20.543052: I external/local_xla/xla/tsl/framework/bfc_allocator.cc:1109] InUse at 15116701ed00 of size 1024 next 182
2025-11-13 05:29:20.543059: I external/local_xla/xla/tsl/framework/bfc_allocator.cc:1109] InUse at 15116701f100 of size 1536 next 107
2025-11-13 05:29:20.543066: I external/local_xla/xla/tsl/framework/bfc_allocator.cc:1109] InUse at 15116701f700 of size 13824 next 108
2025-11-13 05:29:20.543074: I external/local_xla/xla/tsl/framework/bfc_allocator.cc:1109] InUse at 151167022d00 of size 13824 next 114
2025-11-13 05:29:20.543081: I external/local_xla/xla/tsl/framework/bfc_allocator.cc:1109] InUse at 151167026300 of size 1024 next 202
2025-11-13 05:29:20.543089: I external/local_xla/xla/tsl/framework/bfc_allocator.cc:1109] InUse at 151167026700 of size 1024 next 203
2025-11-13 05:29:20.543096: I external/local_xla/xla/tsl/framework/bfc_allocator.cc:1109] InUse at 151167026b00 of size 256 next 154
2025-11-13 05:29:20.543104: I external/local_xla/xla/tsl/framework/bfc_allocator.cc:1109] InUse at 151167026c00 of size 512 next 146
2025-11-13 05:29:20.543111: I external/local_xla/xla/tsl/framework/bfc_allocator.cc:1109] InUse at 151167026e00 of size 512 next 231
2025-11-13 05:29:20.543118: I external/local_xla/xla/tsl/framework/bfc_allocator.cc:1109] InUse at 151167027000 of size 768 next 207
2025-11-13 05:29:20.543126: I external/local_xla/xla/tsl/framework/bfc_allocator.cc:1109] InUse at 151167027300 of size 256 next 209
2025-11-13 05:29:20.543136: I external/local_xla/xla/tsl/framework/bfc_allocator.cc:1109] InUse at 151167027400 of size 512 next 206
2025-11-13 05:29:20.543143: I external/local_xla/xla/tsl/framework/bfc_allocator.cc:1109] InUse at 151167027600 of size 512 next 211
2025-11-13 05:29:20.543151: I external/local_xla/xla/tsl/framework/bfc_allocator.cc:1109] InUse at 151167027800 of size 512 next 213
2025-11-13 05:29:20.543158: I external/local_xla/xla/tsl/framework/bfc_allocator.cc:1109] InUse at 151167027a00 of size 512 next 212
2025-11-13 05:29:20.543166: I external/local_xla/xla/tsl/framework/bfc_allocator.cc:1109] InUse at 151167027c00 of size 256 next 216
2025-11-13 05:29:20.543173: I external/local_xla/xla/tsl/framework/bfc_allocator.cc:1109] InUse at 151167027d00 of size 3072 next 188
2025-11-13 05:29:20.543182: I external/local_xla/xla/tsl/framework/bfc_allocator.cc:1109] InUse at 151167028900 of size 17920 next 128
2025-11-13 05:29:20.543189: I external/local_xla/xla/tsl/framework/bfc_allocator.cc:1109] InUse at 15116702cf00 of size 13824 next 129
2025-11-13 05:29:20.543197: I external/local_xla/xla/tsl/framework/bfc_allocator.cc:1109] InUse at 151167030500 of size 24064 next 157
2025-11-13 05:29:20.543205: I external/local_xla/xla/tsl/framework/bfc_allocator.cc:1109] InUse at 151167036300 of size 1024 next 160
2025-11-13 05:29:20.543212: I external/local_xla/xla/tsl/framework/bfc_allocator.cc:1109] InUse at 151167036700 of size 1024 next 161
2025-11-13 05:29:20.543223: I external/local_xla/xla/tsl/framework/bfc_allocator.cc:1109] InUse at 151167036b00 of size 1024 next 156
2025-11-13 05:29:20.543231: I external/local_xla/xla/tsl/framework/bfc_allocator.cc:1109] InUse at 151167036f00 of size 1280 next 139
2025-11-13 05:29:20.543238: I external/local_xla/xla/tsl/framework/bfc_allocator.cc:1109] InUse at 151167037400 of size 3584 next 105
2025-11-13 05:29:20.543246: I external/local_xla/xla/tsl/framework/bfc_allocator.cc:1109] InUse at 151167038200 of size 1024 next 155
2025-11-13 05:29:20.543253: I external/local_xla/xla/tsl/framework/bfc_allocator.cc:1109] InUse at 151167038600 of size 9984 next 140
2025-11-13 05:29:20.543261: I external/local_xla/xla/tsl/framework/bfc_allocator.cc:1109] InUse at 15116703ad00 of size 1024 next 183
2025-11-13 05:29:20.543268: I external/local_xla/xla/tsl/framework/bfc_allocator.cc:1109] InUse at 15116703b100 of size 256 next 172
2025-11-13 05:29:20.543276: I external/local_xla/xla/tsl/framework/bfc_allocator.cc:1109] InUse at 15116703b200 of size 256 next 187
2025-11-13 05:29:20.543283: I external/local_xla/xla/tsl/framework/bfc_allocator.cc:1109] InUse at 15116703b300 of size 256 next 186
2025-11-13 05:29:20.543291: I external/local_xla/xla/tsl/framework/bfc_allocator.cc:1109] InUse at 15116703b400 of size 256 next 191
2025-11-13 05:29:20.543298: I external/local_xla/xla/tsl/framework/bfc_allocator.cc:1109] InUse at 15116703b500 of size 1024 next 189
2025-11-13 05:29:20.543305: I external/local_xla/xla/tsl/framework/bfc_allocator.cc:1109] InUse at 15116703b900 of size 1024 next 194
2025-11-13 05:29:20.543313: I external/local_xla/xla/tsl/framework/bfc_allocator.cc:1109] InUse at 15116703bd00 of size 256 next 195
2025-11-13 05:29:20.543320: I external/local_xla/xla/tsl/framework/bfc_allocator.cc:1109] InUse at 15116703be00 of size 256 next 196
2025-11-13 05:29:20.543327: I external/local_xla/xla/tsl/framework/bfc_allocator.cc:1109] InUse at 15116703bf00 of size 1024 next 197
2025-11-13 05:29:20.543335: I external/local_xla/xla/tsl/framework/bfc_allocator.cc:1109] InUse at 15116703c300 of size 1024 next 198
2025-11-13 05:29:20.543342: I external/local_xla/xla/tsl/framework/bfc_allocator.cc:1109] InUse at 15116703c700 of size 1024 next 200
2025-11-13 05:29:20.543350: I external/local_xla/xla/tsl/framework/bfc_allocator.cc:1109] InUse at 15116703cb00 of size 1024 next 201
2025-11-13 05:29:20.543357: I external/local_xla/xla/tsl/framework/bfc_allocator.cc:1109] InUse at 15116703cf00 of size 1024 next 170
2025-11-13 05:29:20.543364: I external/local_xla/xla/tsl/framework/bfc_allocator.cc:1109] InUse at 15116703d300 of size 46080 next 169
2025-11-13 05:29:20.543372: I external/local_xla/xla/tsl/framework/bfc_allocator.cc:1109] InUse at 151167048700 of size 2048 next 224
2025-11-13 05:29:20.543379: I external/local_xla/xla/tsl/framework/bfc_allocator.cc:1109] InUse at 151167048f00 of size 2048 next 222
2025-11-13 05:29:20.543387: I external/local_xla/xla/tsl/framework/bfc_allocator.cc:1109] InUse at 151167049700 of size 256 next 227
2025-11-13 05:29:20.543394: I external/local_xla/xla/tsl/framework/bfc_allocator.cc:1109] InUse at 151167049800 of size 512 next 235
2025-11-13 05:29:20.543402: I external/local_xla/xla/tsl/framework/bfc_allocator.cc:1109] InUse at 151167049a00 of size 3840 next 238
2025-11-13 05:29:20.543409: I external/local_xla/xla/tsl/framework/bfc_allocator.cc:1109] InUse at 15116704a900 of size 256 next 239
2025-11-13 05:29:20.543417: I external/local_xla/xla/tsl/framework/bfc_allocator.cc:1109] InUse at 15116704aa00 of size 256 next 240
2025-11-13 05:29:20.543424: I external/local_xla/xla/tsl/framework/bfc_allocator.cc:1109] InUse at 15116704ab00 of size 2048 next 241
2025-11-13 05:29:20.543432: I external/local_xla/xla/tsl/framework/bfc_allocator.cc:1109] InUse at 15116704b300 of size 3072 next 162
2025-11-13 05:29:20.543439: I external/local_xla/xla/tsl/framework/bfc_allocator.cc:1109] InUse at 15116704bf00 of size 9728 next 151
2025-11-13 05:29:20.543446: I external/local_xla/xla/tsl/framework/bfc_allocator.cc:1109] InUse at 15116704e500 of size 14336 next 163
2025-11-13 05:29:20.543457: I external/local_xla/xla/tsl/framework/bfc_allocator.cc:1109] InUse at 151167051d00 of size 1024 next 150
2025-11-13 05:29:20.543465: I external/local_xla/xla/tsl/framework/bfc_allocator.cc:1109] InUse at 151167052100 of size 8704 next 190
2025-11-13 05:29:20.543472: I external/local_xla/xla/tsl/framework/bfc_allocator.cc:1109] InUse at 151167054300 of size 2048 next 518
2025-11-13 05:29:20.543480: I external/local_xla/xla/tsl/framework/bfc_allocator.cc:1109] InUse at 151167054b00 of size 2048 next 204
2025-11-13 05:29:20.543487: I external/local_xla/xla/tsl/framework/bfc_allocator.cc:1109] InUse at 151167055300 of size 2048 next 217
2025-11-13 05:29:20.543495: I external/local_xla/xla/tsl/framework/bfc_allocator.cc:1109] InUse at 151167055b00 of size 2048 next 519
2025-11-13 05:29:20.543502: I external/local_xla/xla/tsl/framework/bfc_allocator.cc:1109] InUse at 151167056300 of size 2048 next 219
2025-11-13 05:29:20.543510: I external/local_xla/xla/tsl/framework/bfc_allocator.cc:1109] InUse at 151167056b00 of size 2048 next 223
2025-11-13 05:29:20.543517: I external/local_xla/xla/tsl/framework/bfc_allocator.cc:1109] InUse at 151167057300 of size 2048 next 184
2025-11-13 05:29:20.543524: I external/local_xla/xla/tsl/framework/bfc_allocator.cc:1109] InUse at 151167057b00 of size 2048 next 199
2025-11-13 05:29:20.543532: I external/local_xla/xla/tsl/framework/bfc_allocator.cc:1109] InUse at 151167058300 of size 2560 next 158
2025-11-13 05:29:20.543539: I external/local_xla/xla/tsl/framework/bfc_allocator.cc:1109] InUse at 151167058d00 of size 38400 next 159
2025-11-13 05:29:20.543547: I external/local_xla/xla/tsl/framework/bfc_allocator.cc:1109] InUse at 151167062300 of size 9728 next 185
2025-11-13 05:29:20.543554: I external/local_xla/xla/tsl/framework/bfc_allocator.cc:1109] InUse at 151167064900 of size 2048 next 254
2025-11-13 05:29:20.543562: I external/local_xla/xla/tsl/framework/bfc_allocator.cc:1109] InUse at 151167065100 of size 28672 next 259
2025-11-13 05:29:20.543571: I external/local_xla/xla/tsl/framework/bfc_allocator.cc:1109] InUse at 15116706c100 of size 256 next 260
2025-11-13 05:29:20.543578: I external/local_xla/xla/tsl/framework/bfc_allocator.cc:1109] InUse at 15116706c200 of size 256 next 261
2025-11-13 05:29:20.543585: I external/local_xla/xla/tsl/framework/bfc_allocator.cc:1109] InUse at 15116706c300 of size 512 next 225
2025-11-13 05:29:20.543593: I external/local_xla/xla/tsl/framework/bfc_allocator.cc:1109] InUse at 15116706c500 of size 17408 next 226
2025-11-13 05:29:20.543600: I external/local_xla/xla/tsl/framework/bfc_allocator.cc:1109] InUse at 151167070900 of size 2048 next 262
2025-11-13 05:29:20.543608: I external/local_xla/xla/tsl/framework/bfc_allocator.cc:1109] InUse at 151167071100 of size 2048 next 264
2025-11-13 05:29:20.543615: I external/local_xla/xla/tsl/framework/bfc_allocator.cc:1109] InUse at 151167071900 of size 2048 next 265
2025-11-13 05:29:20.543623: I external/local_xla/xla/tsl/framework/bfc_allocator.cc:1109] InUse at 151167072100 of size 2048 next 266
2025-11-13 05:29:20.543630: I external/local_xla/xla/tsl/framework/bfc_allocator.cc:1109] InUse at 151167072900 of size 2048 next 267
2025-11-13 05:29:20.543637: I external/local_xla/xla/tsl/framework/bfc_allocator.cc:1109] InUse at 151167073100 of size 2048 next 269
2025-11-13 05:29:20.543645: I external/local_xla/xla/tsl/framework/bfc_allocator.cc:1109] InUse at 151167073900 of size 2048 next 270
2025-11-13 05:29:20.543652: I external/local_xla/xla/tsl/framework/bfc_allocator.cc:1109] InUse at 151167074100 of size 3584 next 173
2025-11-13 05:29:20.543660: I external/local_xla/xla/tsl/framework/bfc_allocator.cc:1109] InUse at 151167074f00 of size 38400 next 174
2025-11-13 05:29:20.543667: I external/local_xla/xla/tsl/framework/bfc_allocator.cc:1109] InUse at 15116707e500 of size 38400 next 180
2025-11-13 05:29:20.543674: I external/local_xla/xla/tsl/framework/bfc_allocator.cc:1109] InUse at 151167087b00 of size 9728 next 208
2025-11-13 05:29:20.543685: I external/local_xla/xla/tsl/framework/bfc_allocator.cc:1109] InUse at 15116708a100 of size 2048 next 245
2025-11-13 05:29:20.543693: I external/local_xla/xla/tsl/framework/bfc_allocator.cc:1109] InUse at 15116708a900 of size 2048 next 246
2025-11-13 05:29:20.543700: I external/local_xla/xla/tsl/framework/bfc_allocator.cc:1109] InUse at 15116708b100 of size 256 next 248
2025-11-13 05:29:20.543708: I external/local_xla/xla/tsl/framework/bfc_allocator.cc:1109] InUse at 15116708b200 of size 2048 next 253
2025-11-13 05:29:20.543715: I external/local_xla/xla/tsl/framework/bfc_allocator.cc:1109] InUse at 15116708ba00 of size 512 next 249
2025-11-13 05:29:20.543722: I external/local_xla/xla/tsl/framework/bfc_allocator.cc:1109] InUse at 15116708bc00 of size 512 next 251
2025-11-13 05:29:20.543730: I external/local_xla/xla/tsl/framework/bfc_allocator.cc:1109] InUse at 15116708be00 of size 512 next 250
2025-11-13 05:29:20.543737: I external/local_xla/xla/tsl/framework/bfc_allocator.cc:1109] InUse at 15116708c000 of size 512 next 256
2025-11-13 05:29:20.543744: I external/local_xla/xla/tsl/framework/bfc_allocator.cc:1109] InUse at 15116708c200 of size 512 next 210
2025-11-13 05:29:20.543752: I external/local_xla/xla/tsl/framework/bfc_allocator.cc:1109] InUse at 15116708c400 of size 512 next 273
2025-11-13 05:29:20.543759: I external/local_xla/xla/tsl/framework/bfc_allocator.cc:1109] InUse at 15116708c600 of size 512 next 275
2025-11-13 05:29:20.543767: I external/local_xla/xla/tsl/framework/bfc_allocator.cc:1109] InUse at 15116708c800 of size 3328 next 278
2025-11-13 05:29:20.543774: I external/local_xla/xla/tsl/framework/bfc_allocator.cc:1109] InUse at 15116708d500 of size 256 next 279
2025-11-13 05:29:20.543782: I external/local_xla/xla/tsl/framework/bfc_allocator.cc:1109] InUse at 15116708d600 of size 256 next 280
2025-11-13 05:29:20.543789: I external/local_xla/xla/tsl/framework/bfc_allocator.cc:1109] InUse at 15116708d700 of size 2048 next 281
2025-11-13 05:29:20.543796: I external/local_xla/xla/tsl/framework/bfc_allocator.cc:1109] InUse at 15116708df00 of size 2048 next 282
2025-11-13 05:29:20.543804: I external/local_xla/xla/tsl/framework/bfc_allocator.cc:1109] InUse at 15116708e700 of size 2048 next 284
2025-11-13 05:29:20.543811: I external/local_xla/xla/tsl/framework/bfc_allocator.cc:1109] InUse at 15116708ef00 of size 2048 next 285
2025-11-13 05:29:20.543819: I external/local_xla/xla/tsl/framework/bfc_allocator.cc:1109] InUse at 15116708f700 of size 2048 next 286
2025-11-13 05:29:20.543826: I external/local_xla/xla/tsl/framework/bfc_allocator.cc:1109] InUse at 15116708ff00 of size 2048 next 287
2025-11-13 05:29:20.543833: I external/local_xla/xla/tsl/framework/bfc_allocator.cc:1109] InUse at 151167090700 of size 2560 next 192
2025-11-13 05:29:20.543841: I external/local_xla/xla/tsl/framework/bfc_allocator.cc:1109] InUse at 151167091100 of size 38400 next 193
2025-11-13 05:29:20.543848: I external/local_xla/xla/tsl/framework/bfc_allocator.cc:1109] InUse at 15116709a700 of size 17408 next 218
2025-11-13 05:29:20.543856: I external/local_xla/xla/tsl/framework/bfc_allocator.cc:1109] InUse at 15116709eb00 of size 38400 next 247
2025-11-13 05:29:20.543863: I external/local_xla/xla/tsl/framework/bfc_allocator.cc:1109] InUse at 1511670a8100 of size 2048 next 290
2025-11-13 05:29:20.543871: I external/local_xla/xla/tsl/framework/bfc_allocator.cc:1109] InUse at 1511670a8900 of size 512 next 271
2025-11-13 05:29:20.543878: I external/local_xla/xla/tsl/framework/bfc_allocator.cc:1109] InUse at 1511670a8b00 of size 512 next 313
2025-11-13 05:29:20.543885: I external/local_xla/xla/tsl/framework/bfc_allocator.cc:1109] InUse at 1511670a8d00 of size 512 next 312
2025-11-13 05:29:20.543893: I external/local_xla/xla/tsl/framework/bfc_allocator.cc:1109] InUse at 1511670a8f00 of size 512 next 292
2025-11-13 05:29:20.543900: I external/local_xla/xla/tsl/framework/bfc_allocator.cc:1109] InUse at 1511670a9100 of size 256 next 293
2025-11-13 05:29:20.543908: I external/local_xla/xla/tsl/framework/bfc_allocator.cc:1109] InUse at 1511670a9200 of size 512 next 291
2025-11-13 05:29:20.543918: I external/local_xla/xla/tsl/framework/bfc_allocator.cc:1109] InUse at 1511670a9400 of size 512 next 294
2025-11-13 05:29:20.543926: I external/local_xla/xla/tsl/framework/bfc_allocator.cc:1109] InUse at 1511670a9600 of size 512 next 296
2025-11-13 05:29:20.543933: I external/local_xla/xla/tsl/framework/bfc_allocator.cc:1109] InUse at 1511670a9800 of size 512 next 295
2025-11-13 05:29:20.543940: I external/local_xla/xla/tsl/framework/bfc_allocator.cc:1109] InUse at 1511670a9a00 of size 256 next 299
2025-11-13 05:29:20.543948: I external/local_xla/xla/tsl/framework/bfc_allocator.cc:1109] InUse at 1511670a9b00 of size 2816 next 300
2025-11-13 05:29:20.543955: I external/local_xla/xla/tsl/framework/bfc_allocator.cc:1109] InUse at 1511670aa600 of size 2816 next 301
2025-11-13 05:29:20.543963: I external/local_xla/xla/tsl/framework/bfc_allocator.cc:1109] InUse at 1511670ab100 of size 2816 next 302
2025-11-13 05:29:20.543970: I external/local_xla/xla/tsl/framework/bfc_allocator.cc:1109] InUse at 1511670abc00 of size 2816 next 305
2025-11-13 05:29:20.543978: I external/local_xla/xla/tsl/framework/bfc_allocator.cc:1109] InUse at 1511670ac700 of size 3072 next 234
2025-11-13 05:29:20.543985: I external/local_xla/xla/tsl/framework/bfc_allocator.cc:1109] InUse at 1511670ad300 of size 38400 next 232
2025-11-13 05:29:20.543992: I external/local_xla/xla/tsl/framework/bfc_allocator.cc:1109] InUse at 1511670b6900 of size 38400 next 233
2025-11-13 05:29:20.544000: I external/local_xla/xla/tsl/framework/bfc_allocator.cc:1109] InUse at 1511670bff00 of size 2816 next 244
2025-11-13 05:29:20.544007: I external/local_xla/xla/tsl/framework/bfc_allocator.cc:1109] InUse at 1511670c0a00 of size 2816 next 268
2025-11-13 05:29:20.544015: I external/local_xla/xla/tsl/framework/bfc_allocator.cc:1109] InUse at 1511670c1500 of size 2816 next 307
2025-11-13 05:29:20.544022: I external/local_xla/xla/tsl/framework/bfc_allocator.cc:1109] InUse at 1511670c2000 of size 2816 next 308
2025-11-13 05:29:20.544029: I external/local_xla/xla/tsl/framework/bfc_allocator.cc:1109] InUse at 1511670c2b00 of size 2816 next 318
2025-11-13 05:29:20.544037: I external/local_xla/xla/tsl/framework/bfc_allocator.cc:1109] InUse at 1511670c3600 of size 4608 next 311
2025-11-13 05:29:20.544044: I external/local_xla/xla/tsl/framework/bfc_allocator.cc:1109] InUse at 1511670c4800 of size 768 next 399
2025-11-13 05:29:20.544052: I external/local_xla/xla/tsl/framework/bfc_allocator.cc:1109] InUse at 1511670c4b00 of size 6400 next 306
2025-11-13 05:29:20.544059: I external/local_xla/xla/tsl/framework/bfc_allocator.cc:1109] InUse at 1511670c6400 of size 256 next 310
2025-11-13 05:29:20.544066: I external/local_xla/xla/tsl/framework/bfc_allocator.cc:1109] InUse at 1511670c6500 of size 5120 next 321
2025-11-13 05:29:20.544074: I external/local_xla/xla/tsl/framework/bfc_allocator.cc:1109] InUse at 1511670c7900 of size 256 next 322
2025-11-13 05:29:20.544081: I external/local_xla/xla/tsl/framework/bfc_allocator.cc:1109] InUse at 1511670c7a00 of size 256 next 323
2025-11-13 05:29:20.544089: I external/local_xla/xla/tsl/framework/bfc_allocator.cc:1109] InUse at 1511670c7b00 of size 2816 next 324
2025-11-13 05:29:20.544096: I external/local_xla/xla/tsl/framework/bfc_allocator.cc:1109] InUse at 1511670c8600 of size 3840 next 214
2025-11-13 05:29:20.544103: I external/local_xla/xla/tsl/framework/bfc_allocator.cc:1109] InUse at 1511670c9500 of size 38400 next 520
2025-11-13 05:29:20.544111: I external/local_xla/xla/tsl/framework/bfc_allocator.cc:1109] InUse at 1511670d2b00 of size 38400 next 215
2025-11-13 05:29:20.544118: I external/local_xla/xla/tsl/framework/bfc_allocator.cc:1109] InUse at 1511670dc100 of size 2816 next 325
2025-11-13 05:29:20.544126: I external/local_xla/xla/tsl/framework/bfc_allocator.cc:1109] InUse at 1511670dcc00 of size 2816 next 327
2025-11-13 05:29:20.544135: I external/local_xla/xla/tsl/framework/bfc_allocator.cc:1109] InUse at 1511670dd700 of size 2816 next 328
2025-11-13 05:29:20.544146: I external/local_xla/xla/tsl/framework/bfc_allocator.cc:1109] InUse at 1511670de200 of size 2816 next 329
2025-11-13 05:29:20.544154: I external/local_xla/xla/tsl/framework/bfc_allocator.cc:1109] InUse at 1511670ded00 of size 2816 next 330
2025-11-13 05:29:20.544162: I external/local_xla/xla/tsl/framework/bfc_allocator.cc:1109] InUse at 1511670df800 of size 256 next 316
2025-11-13 05:29:20.544169: I external/local_xla/xla/tsl/framework/bfc_allocator.cc:1109] InUse at 1511670df900 of size 512 next 331
2025-11-13 05:29:20.544177: I external/local_xla/xla/tsl/framework/bfc_allocator.cc:1109] InUse at 1511670dfb00 of size 512 next 333
2025-11-13 05:29:20.544184: I external/local_xla/xla/tsl/framework/bfc_allocator.cc:1109] InUse at 1511670dfd00 of size 512 next 332
2025-11-13 05:29:20.544192: I external/local_xla/xla/tsl/framework/bfc_allocator.cc:1109] InUse at 1511670dff00 of size 512 next 337
2025-11-13 05:29:20.544199: I external/local_xla/xla/tsl/framework/bfc_allocator.cc:1109] InUse at 1511670e0100 of size 5376 next 340
2025-11-13 05:29:20.544206: I external/local_xla/xla/tsl/framework/bfc_allocator.cc:1109] InUse at 1511670e1600 of size 256 next 341
2025-11-13 05:29:20.544214: I external/local_xla/xla/tsl/framework/bfc_allocator.cc:1109] InUse at 1511670e1700 of size 256 next 342
2025-11-13 05:29:20.544221: I external/local_xla/xla/tsl/framework/bfc_allocator.cc:1109] InUse at 1511670e1800 of size 2816 next 343
2025-11-13 05:29:20.544229: I external/local_xla/xla/tsl/framework/bfc_allocator.cc:1109] InUse at 1511670e2300 of size 2816 next 344
2025-11-13 05:29:20.544236: I external/local_xla/xla/tsl/framework/bfc_allocator.cc:1109] InUse at 1511670e2e00 of size 2816 next 346
2025-11-13 05:29:20.544243: I external/local_xla/xla/tsl/framework/bfc_allocator.cc:1109] InUse at 1511670e3900 of size 2816 next 347
2025-11-13 05:29:20.544251: I external/local_xla/xla/tsl/framework/bfc_allocator.cc:1109] InUse at 1511670e4400 of size 4864 next 252
2025-11-13 05:29:20.544258: I external/local_xla/xla/tsl/framework/bfc_allocator.cc:1109] InUse at 1511670e5700 of size 76800 next 255
2025-11-13 05:29:20.544266: I external/local_xla/xla/tsl/framework/bfc_allocator.cc:1109] InUse at 1511670f8300 of size 2816 next 348
2025-11-13 05:29:20.544273: I external/local_xla/xla/tsl/framework/bfc_allocator.cc:1109] InUse at 1511670f8e00 of size 2816 next 349
2025-11-13 05:29:20.544281: I external/local_xla/xla/tsl/framework/bfc_allocator.cc:1109] InUse at 1511670f9900 of size 2816 next 350
2025-11-13 05:29:20.544288: I external/local_xla/xla/tsl/framework/bfc_allocator.cc:1109] InUse at 1511670fa400 of size 512 next 335
2025-11-13 05:29:20.544296: I external/local_xla/xla/tsl/framework/bfc_allocator.cc:1109] InUse at 1511670fa600 of size 512 next 352
2025-11-13 05:29:20.544303: I external/local_xla/xla/tsl/framework/bfc_allocator.cc:1109] InUse at 1511670fa800 of size 512 next 351
2025-11-13 05:29:20.544310: I external/local_xla/xla/tsl/framework/bfc_allocator.cc:1109] InUse at 1511670faa00 of size 512 next 356
2025-11-13 05:29:20.544318: I external/local_xla/xla/tsl/framework/bfc_allocator.cc:1109] InUse at 1511670fac00 of size 2816 next 359
2025-11-13 05:29:20.544325: I external/local_xla/xla/tsl/framework/bfc_allocator.cc:1109] InUse at 1511670fb700 of size 256 next 360
2025-11-13 05:29:20.544333: I external/local_xla/xla/tsl/framework/bfc_allocator.cc:1109] InUse at 1511670fb800 of size 256 next 361
2025-11-13 05:29:20.544340: I external/local_xla/xla/tsl/framework/bfc_allocator.cc:1109] InUse at 1511670fb900 of size 2816 next 362
2025-11-13 05:29:20.544348: I external/local_xla/xla/tsl/framework/bfc_allocator.cc:1109] InUse at 1511670fc400 of size 2816 next 363
2025-11-13 05:29:20.544355: I external/local_xla/xla/tsl/framework/bfc_allocator.cc:1109] InUse at 1511670fcf00 of size 2816 next 365
2025-11-13 05:29:20.544362: I external/local_xla/xla/tsl/framework/bfc_allocator.cc:1109] InUse at 1511670fda00 of size 2816 next 366
2025-11-13 05:29:20.544370: I external/local_xla/xla/tsl/framework/bfc_allocator.cc:1109] InUse at 1511670fe500 of size 2816 next 367
2025-11-13 05:29:20.544381: I external/local_xla/xla/tsl/framework/bfc_allocator.cc:1109] InUse at 1511670ff000 of size 2816 next 368
2025-11-13 05:29:20.544389: I external/local_xla/xla/tsl/framework/bfc_allocator.cc:1109] InUse at 1511670ffb00 of size 2816 next 369
2025-11-13 05:29:20.544397: I external/local_xla/xla/tsl/framework/bfc_allocator.cc:1109] InUse at 151167100600 of size 4864 next 220
2025-11-13 05:29:20.544404: I external/local_xla/xla/tsl/framework/bfc_allocator.cc:1109] InUse at 151167101900 of size 153600 next 221
2025-11-13 05:29:20.544411: I external/local_xla/xla/tsl/framework/bfc_allocator.cc:1109] InUse at 151167127100 of size 38400 next 272
2025-11-13 05:29:20.544419: I external/local_xla/xla/tsl/framework/bfc_allocator.cc:1109] InUse at 151167130700 of size 38400 next 274
2025-11-13 05:29:20.544426: I external/local_xla/xla/tsl/framework/bfc_allocator.cc:1109] InUse at 151167139d00 of size 76800 next 236
2025-11-13 05:29:20.544434: I external/local_xla/xla/tsl/framework/bfc_allocator.cc:1109] InUse at 15116714c900 of size 153600 next 237
2025-11-13 05:29:20.544441: I external/local_xla/xla/tsl/framework/bfc_allocator.cc:1109] InUse at 151167172100 of size 153600 next 243
2025-11-13 05:29:20.544449: I external/local_xla/xla/tsl/framework/bfc_allocator.cc:1109] InUse at 151167197900 of size 38400 next 288
2025-11-13 05:29:20.544456: I external/local_xla/xla/tsl/framework/bfc_allocator.cc:1109] InUse at 1511671a0f00 of size 115200 next 257
2025-11-13 05:29:20.544463: I external/local_xla/xla/tsl/framework/bfc_allocator.cc:1109] InUse at 1511671bd100 of size 153600 next 258
2025-11-13 05:29:20.544471: I external/local_xla/xla/tsl/framework/bfc_allocator.cc:1109] InUse at 1511671e2900 of size 153600 next 263
2025-11-13 05:29:20.544478: I external/local_xla/xla/tsl/framework/bfc_allocator.cc:1109] InUse at 151167208100 of size 768 next 378
2025-11-13 05:29:20.544486: I external/local_xla/xla/tsl/framework/bfc_allocator.cc:1109] InUse at 151167208400 of size 768 next 395
2025-11-13 05:29:20.544493: I external/local_xla/xla/tsl/framework/bfc_allocator.cc:1109] InUse at 151167208700 of size 1280 next 371
2025-11-13 05:29:20.544501: I external/local_xla/xla/tsl/framework/bfc_allocator.cc:1109] InUse at 151167208c00 of size 256 next 374
2025-11-13 05:29:20.544508: I external/local_xla/xla/tsl/framework/bfc_allocator.cc:1109] InUse at 151167208d00 of size 768 next 370
2025-11-13 05:29:20.544515: I external/local_xla/xla/tsl/framework/bfc_allocator.cc:1109] InUse at 151167209000 of size 768 next 375
2025-11-13 05:29:20.544523: I external/local_xla/xla/tsl/framework/bfc_allocator.cc:1109] InUse at 151167209300 of size 768 next 377
2025-11-13 05:29:20.544530: I external/local_xla/xla/tsl/framework/bfc_allocator.cc:1109] InUse at 151167209600 of size 768 next 376
2025-11-13 05:29:20.544538: I external/local_xla/xla/tsl/framework/bfc_allocator.cc:1109] InUse at 151167209900 of size 256 next 379
2025-11-13 05:29:20.544545: I external/local_xla/xla/tsl/framework/bfc_allocator.cc:1109] InUse at 151167209a00 of size 4608 next 380
2025-11-13 05:29:20.544553: I external/local_xla/xla/tsl/framework/bfc_allocator.cc:1109] InUse at 15116720ac00 of size 4608 next 381
2025-11-13 05:29:20.544560: I external/local_xla/xla/tsl/framework/bfc_allocator.cc:1109] InUse at 15116720be00 of size 4608 next 382
2025-11-13 05:29:20.544567: I external/local_xla/xla/tsl/framework/bfc_allocator.cc:1109] InUse at 15116720d000 of size 4608 next 386
2025-11-13 05:29:20.544575: I external/local_xla/xla/tsl/framework/bfc_allocator.cc:1109] InUse at 15116720e200 of size 4608 next 388
2025-11-13 05:29:20.544582: I external/local_xla/xla/tsl/framework/bfc_allocator.cc:1109] InUse at 15116720f400 of size 4608 next 389
2025-11-13 05:29:20.544590: I external/local_xla/xla/tsl/framework/bfc_allocator.cc:1109] InUse at 151167210600 of size 4608 next 390
2025-11-13 05:29:20.544597: I external/local_xla/xla/tsl/framework/bfc_allocator.cc:1109] InUse at 151167211800 of size 4608 next 387
2025-11-13 05:29:20.544605: I external/local_xla/xla/tsl/framework/bfc_allocator.cc:1109] InUse at 151167212a00 of size 256 next 392
2025-11-13 05:29:20.544615: I external/local_xla/xla/tsl/framework/bfc_allocator.cc:1109] InUse at 151167212b00 of size 7936 next 402
2025-11-13 05:29:20.544623: I external/local_xla/xla/tsl/framework/bfc_allocator.cc:1109] InUse at 151167214a00 of size 256 next 403
2025-11-13 05:29:20.544630: I external/local_xla/xla/tsl/framework/bfc_allocator.cc:1109] InUse at 151167214b00 of size 256 next 404
2025-11-13 05:29:20.544638: I external/local_xla/xla/tsl/framework/bfc_allocator.cc:1109] InUse at 151167214c00 of size 4608 next 405
2025-11-13 05:29:20.544645: I external/local_xla/xla/tsl/framework/bfc_allocator.cc:1109] InUse at 151167215e00 of size 4608 next 406
2025-11-13 05:29:20.544653: I external/local_xla/xla/tsl/framework/bfc_allocator.cc:1109] InUse at 151167217000 of size 6144 next 309
2025-11-13 05:29:20.544660: I external/local_xla/xla/tsl/framework/bfc_allocator.cc:1109] InUse at 151167218800 of size 86272 next 276
2025-11-13 05:29:20.544668: I external/local_xla/xla/tsl/framework/bfc_allocator.cc:1109] InUse at 15116722d900 of size 153600 next 277
2025-11-13 05:29:20.544675: I external/local_xla/xla/tsl/framework/bfc_allocator.cc:1109] InUse at 151167253100 of size 268800 next 391
2025-11-13 05:29:20.544683: I external/local_xla/xla/tsl/framework/bfc_allocator.cc:1109] InUse at 151167294b00 of size 115200 next 412
2025-11-13 05:29:20.544690: I external/local_xla/xla/tsl/framework/bfc_allocator.cc:1109] InUse at 1511672b0d00 of size 7680 next 491
2025-11-13 05:29:20.544697: I external/local_xla/xla/tsl/framework/bfc_allocator.cc:1109] InUse at 1511672b2b00 of size 7680 next 492
2025-11-13 05:29:20.544705: I external/local_xla/xla/tsl/framework/bfc_allocator.cc:1109] InUse at 1511672b4900 of size 7680 next 490
2025-11-13 05:29:20.544712: I external/local_xla/xla/tsl/framework/bfc_allocator.cc:1109] InUse at 1511672b6700 of size 8192 next 496
2025-11-13 05:29:20.544720: I external/local_xla/xla/tsl/framework/bfc_allocator.cc:1109] InUse at 1511672b8700 of size 1280 next 494
2025-11-13 05:29:20.544727: I external/local_xla/xla/tsl/framework/bfc_allocator.cc:1109] InUse at 1511672b8c00 of size 1280 next 495
2025-11-13 05:29:20.544734: I external/local_xla/xla/tsl/framework/bfc_allocator.cc:1109] InUse at 1511672b9100 of size 1280 next 497
2025-11-13 05:29:20.544742: I external/local_xla/xla/tsl/framework/bfc_allocator.cc:1109] InUse at 1511672b9600 of size 1280 next 501
2025-11-13 05:29:20.544749: I external/local_xla/xla/tsl/framework/bfc_allocator.cc:1109] InUse at 1511672b9b00 of size 7680 next 504
2025-11-13 05:29:20.544757: I external/local_xla/xla/tsl/framework/bfc_allocator.cc:1109] InUse at 1511672bb900 of size 256 next 505
2025-11-13 05:29:20.544764: I external/local_xla/xla/tsl/framework/bfc_allocator.cc:1109] InUse at 1511672bba00 of size 256 next 506
2025-11-13 05:29:20.544771: I external/local_xla/xla/tsl/framework/bfc_allocator.cc:1109] InUse at 1511672bbb00 of size 5120 next 507
2025-11-13 05:29:20.544779: I external/local_xla/xla/tsl/framework/bfc_allocator.cc:1109] InUse at 1511672bcf00 of size 5120 next 508
2025-11-13 05:29:20.544786: I external/local_xla/xla/tsl/framework/bfc_allocator.cc:1109] InUse at 1511672be300 of size 5120 next 509
2025-11-13 05:29:20.544794: I external/local_xla/xla/tsl/framework/bfc_allocator.cc:1109] InUse at 1511672bf700 of size 256 next 230
2025-11-13 05:29:20.544801: I external/local_xla/xla/tsl/framework/bfc_allocator.cc:1109] InUse at 1511672bf800 of size 256 next 228
2025-11-13 05:29:20.544808: I external/local_xla/xla/tsl/framework/bfc_allocator.cc:1109] InUse at 1511672bf900 of size 256 next 229
2025-11-13 05:29:20.544816: I external/local_xla/xla/tsl/framework/bfc_allocator.cc:1109] InUse at 1511672bfa00 of size 256 next 521
2025-11-13 05:29:20.544823: I external/local_xla/xla/tsl/framework/bfc_allocator.cc:1109] InUse at 1511672bfb00 of size 256 next 525
2025-11-13 05:29:20.544830: I external/local_xla/xla/tsl/framework/bfc_allocator.cc:1109] InUse at 1511672bfc00 of size 256 next 526
2025-11-13 05:29:20.544841: I external/local_xla/xla/tsl/framework/bfc_allocator.cc:1109] InUse at 1511672bfd00 of size 256 next 524
2025-11-13 05:29:20.544849: I external/local_xla/xla/tsl/framework/bfc_allocator.cc:1109] InUse at 1511672bfe00 of size 256 next 527
2025-11-13 05:29:20.544856: I external/local_xla/xla/tsl/framework/bfc_allocator.cc:1109] InUse at 1511672bff00 of size 256 next 530
2025-11-13 05:29:20.544863: I external/local_xla/xla/tsl/framework/bfc_allocator.cc:1109] InUse at 1511672c0000 of size 256 next 529
2025-11-13 05:29:20.544871: I external/local_xla/xla/tsl/framework/bfc_allocator.cc:1109] InUse at 1511672c0100 of size 256 next 531
2025-11-13 05:29:20.544878: I external/local_xla/xla/tsl/framework/bfc_allocator.cc:1109] InUse at 1511672c0200 of size 256 next 532
2025-11-13 05:29:20.544886: I external/local_xla/xla/tsl/framework/bfc_allocator.cc:1109] InUse at 1511672c0300 of size 256 next 533
2025-11-13 05:29:20.544893: I external/local_xla/xla/tsl/framework/bfc_allocator.cc:1109] InUse at 1511672c0400 of size 256 next 534
2025-11-13 05:29:20.544900: I external/local_xla/xla/tsl/framework/bfc_allocator.cc:1109] InUse at 1511672c0500 of size 256 next 535
2025-11-13 05:29:20.544908: I external/local_xla/xla/tsl/framework/bfc_allocator.cc:1109] InUse at 1511672c0600 of size 3584 next 536
2025-11-13 05:29:20.544915: I external/local_xla/xla/tsl/framework/bfc_allocator.cc:1109] InUse at 1511672c1400 of size 11264 next 528
2025-11-13 05:29:20.544923: I external/local_xla/xla/tsl/framework/bfc_allocator.cc:1109] InUse at 1511672c4000 of size 14336 next 522
2025-11-13 05:29:20.544930: I external/local_xla/xla/tsl/framework/bfc_allocator.cc:1109] InUse at 1511672c7800 of size 32768 next 523
2025-11-13 05:29:20.544939: I external/local_xla/xla/tsl/framework/bfc_allocator.cc:1109] InUse at 1511672cf800 of size 256 next 537
2025-11-13 05:29:20.544947: I external/local_xla/xla/tsl/framework/bfc_allocator.cc:1109] InUse at 1511672cf900 of size 1536 next 538
2025-11-13 05:29:20.544954: I external/local_xla/xla/tsl/framework/bfc_allocator.cc:1109] InUse at 1511672cff00 of size 256 next 539
2025-11-13 05:29:20.544962: I external/local_xla/xla/tsl/framework/bfc_allocator.cc:1109] InUse at 1511672d0000 of size 1536 next 540
2025-11-13 05:29:20.544969: I external/local_xla/xla/tsl/framework/bfc_allocator.cc:1109] InUse at 1511672d0600 of size 70400 next 297
2025-11-13 05:29:20.544977: I external/local_xla/xla/tsl/framework/bfc_allocator.cc:1109] InUse at 1511672e1900 of size 219648 next 408
2025-11-13 05:29:20.544984: I external/local_xla/xla/tsl/framework/bfc_allocator.cc:1109] InUse at 151167317300 of size 4608 next 409
2025-11-13 05:29:20.544991: I external/local_xla/xla/tsl/framework/bfc_allocator.cc:1109] InUse at 151167318500 of size 4608 next 410
2025-11-13 05:29:20.544999: I external/local_xla/xla/tsl/framework/bfc_allocator.cc:1109] InUse at 151167319700 of size 4608 next 411
2025-11-13 05:29:20.545006: I external/local_xla/xla/tsl/framework/bfc_allocator.cc:1109] InUse at 15116731a900 of size 256 next 298
2025-11-13 05:29:20.545014: I external/local_xla/xla/tsl/framework/bfc_allocator.cc:1109] InUse at 15116731aa00 of size 768 next 413
2025-11-13 05:29:20.545021: I external/local_xla/xla/tsl/framework/bfc_allocator.cc:1109] InUse at 15116731ad00 of size 768 next 415
2025-11-13 05:29:20.545028: I external/local_xla/xla/tsl/framework/bfc_allocator.cc:1109] InUse at 15116731b000 of size 768 next 414
2025-11-13 05:29:20.545036: I external/local_xla/xla/tsl/framework/bfc_allocator.cc:1109] InUse at 15116731b300 of size 768 next 419
2025-11-13 05:29:20.545043: I external/local_xla/xla/tsl/framework/bfc_allocator.cc:1109] InUse at 15116731b600 of size 8960 next 422
2025-11-13 05:29:20.545051: I external/local_xla/xla/tsl/framework/bfc_allocator.cc:1109] InUse at 15116731d900 of size 256 next 423
2025-11-13 05:29:20.545059: I external/local_xla/xla/tsl/framework/bfc_allocator.cc:1109] InUse at 15116731da00 of size 256 next 424
2025-11-13 05:29:20.545066: I external/local_xla/xla/tsl/framework/bfc_allocator.cc:1109] InUse at 15116731db00 of size 4608 next 425
2025-11-13 05:29:20.545078: I external/local_xla/xla/tsl/framework/bfc_allocator.cc:1109] InUse at 15116731ed00 of size 4608 next 426
2025-11-13 05:29:20.545086: I external/local_xla/xla/tsl/framework/bfc_allocator.cc:1109] InUse at 15116731ff00 of size 4608 next 428
2025-11-13 05:29:20.545093: I external/local_xla/xla/tsl/framework/bfc_allocator.cc:1109] InUse at 151167321100 of size 4608 next 429
2025-11-13 05:29:20.545100: I external/local_xla/xla/tsl/framework/bfc_allocator.cc:1109] InUse at 151167322300 of size 4608 next 430
2025-11-13 05:29:20.545108: I external/local_xla/xla/tsl/framework/bfc_allocator.cc:1109] InUse at 151167323500 of size 4608 next 431
2025-11-13 05:29:20.545115: I external/local_xla/xla/tsl/framework/bfc_allocator.cc:1109] InUse at 151167324700 of size 4608 next 433
2025-11-13 05:29:20.545122: I external/local_xla/xla/tsl/framework/bfc_allocator.cc:1109] InUse at 151167325900 of size 4608 next 434
2025-11-13 05:29:20.545130: I external/local_xla/xla/tsl/framework/bfc_allocator.cc:1109] InUse at 151167326b00 of size 768 next 417
2025-11-13 05:29:20.545139: I external/local_xla/xla/tsl/framework/bfc_allocator.cc:1109] InUse at 151167326e00 of size 6400 next 314
2025-11-13 05:29:20.545147: I external/local_xla/xla/tsl/framework/bfc_allocator.cc:1109] InUse at 151167328700 of size 75264 next 315
2025-11-13 05:29:20.545154: I external/local_xla/xla/tsl/framework/bfc_allocator.cc:1109] InUse at 15116733ad00 of size 75264 next 317
2025-11-13 05:29:20.545161: I external/local_xla/xla/tsl/framework/bfc_allocator.cc:1109] InUse at 15116734d300 of size 75264 next 303
2025-11-13 05:29:20.545169: I external/local_xla/xla/tsl/framework/bfc_allocator.cc:1109] InUse at 15116735f900 of size 301056 next 304
2025-11-13 05:29:20.545176: I external/local_xla/xla/tsl/framework/bfc_allocator.cc:1109] InUse at 1511673a9100 of size 75264 next 334
2025-11-13 05:29:20.545184: I external/local_xla/xla/tsl/framework/bfc_allocator.cc:1109] InUse at 1511673bb700 of size 75264 next 336
2025-11-13 05:29:20.545191: I external/local_xla/xla/tsl/framework/bfc_allocator.cc:1109] InUse at 1511673cdd00 of size 75264 next 353
2025-11-13 05:29:20.545198: I external/local_xla/xla/tsl/framework/bfc_allocator.cc:1109] InUse at 1511673e0300 of size 75264 next 319
2025-11-13 05:29:20.545206: I external/local_xla/xla/tsl/framework/bfc_allocator.cc:1109] InUse at 1511673f2900 of size 301056 next 320
2025-11-13 05:29:20.545213: I external/local_xla/xla/tsl/framework/bfc_allocator.cc:1109] InUse at 15116743c100 of size 301056 next 326
2025-11-13 05:29:20.545221: I external/local_xla/xla/tsl/framework/bfc_allocator.cc:1109] InUse at 151167485900 of size 75264 next 355
2025-11-13 05:29:20.545228: I external/local_xla/xla/tsl/framework/bfc_allocator.cc:1109] InUse at 151167497f00 of size 768 next 439
2025-11-13 05:29:20.545235: I external/local_xla/xla/tsl/framework/bfc_allocator.cc:1109] InUse at 151167498200 of size 768 next 435
2025-11-13 05:29:20.545243: I external/local_xla/xla/tsl/framework/bfc_allocator.cc:1109] InUse at 151167498500 of size 768 next 436
2025-11-13 05:29:20.545250: I external/local_xla/xla/tsl/framework/bfc_allocator.cc:1109] InUse at 151167498800 of size 1024 next 442
2025-11-13 05:29:20.545258: I external/local_xla/xla/tsl/framework/bfc_allocator.cc:1109] InUse at 151167498c00 of size 256 next 443
2025-11-13 05:29:20.545265: I external/local_xla/xla/tsl/framework/bfc_allocator.cc:1109] InUse at 151167498d00 of size 4608 next 444
2025-11-13 05:29:20.545273: I external/local_xla/xla/tsl/framework/bfc_allocator.cc:1109] InUse at 151167499f00 of size 4608 next 445
2025-11-13 05:29:20.545280: I external/local_xla/xla/tsl/framework/bfc_allocator.cc:1109] InUse at 15116749b100 of size 4608 next 447
2025-11-13 05:29:20.545288: I external/local_xla/xla/tsl/framework/bfc_allocator.cc:1109] InUse at 15116749c300 of size 4608 next 448
2025-11-13 05:29:20.545295: I external/local_xla/xla/tsl/framework/bfc_allocator.cc:1109] InUse at 15116749d500 of size 4608 next 449
2025-11-13 05:29:20.545305: I external/local_xla/xla/tsl/framework/bfc_allocator.cc:1109] InUse at 15116749e700 of size 4608 next 450
2025-11-13 05:29:20.545313: I external/local_xla/xla/tsl/framework/bfc_allocator.cc:1109] InUse at 15116749f900 of size 4608 next 451
2025-11-13 05:29:20.545321: I external/local_xla/xla/tsl/framework/bfc_allocator.cc:1109] InUse at 1511674a0b00 of size 4608 next 452
2025-11-13 05:29:20.545328: I external/local_xla/xla/tsl/framework/bfc_allocator.cc:1109] InUse at 1511674a1d00 of size 768 next 454
2025-11-13 05:29:20.545336: I external/local_xla/xla/tsl/framework/bfc_allocator.cc:1109] InUse at 1511674a2000 of size 768 next 453
2025-11-13 05:29:20.545343: I external/local_xla/xla/tsl/framework/bfc_allocator.cc:1109] InUse at 1511674a2300 of size 768 next 459
2025-11-13 05:29:20.545350: I external/local_xla/xla/tsl/framework/bfc_allocator.cc:1109] InUse at 1511674a2600 of size 5376 next 462
2025-11-13 05:29:20.545358: I external/local_xla/xla/tsl/framework/bfc_allocator.cc:1109] InUse at 1511674a3b00 of size 256 next 463
2025-11-13 05:29:20.545365: I external/local_xla/xla/tsl/framework/bfc_allocator.cc:1109] InUse at 1511674a3c00 of size 256 next 464
2025-11-13 05:29:20.545373: I external/local_xla/xla/tsl/framework/bfc_allocator.cc:1109] InUse at 1511674a3d00 of size 4608 next 465
2025-11-13 05:29:20.545380: I external/local_xla/xla/tsl/framework/bfc_allocator.cc:1109] InUse at 1511674a4f00 of size 4608 next 466
2025-11-13 05:29:20.545388: I external/local_xla/xla/tsl/framework/bfc_allocator.cc:1109] InUse at 1511674a6100 of size 4608 next 468
2025-11-13 05:29:20.545395: I external/local_xla/xla/tsl/framework/bfc_allocator.cc:1109] InUse at 1511674a7300 of size 4608 next 469
2025-11-13 05:29:20.545402: I external/local_xla/xla/tsl/framework/bfc_allocator.cc:1109] InUse at 1511674a8500 of size 8192 next 372
2025-11-13 05:29:20.545410: I external/local_xla/xla/tsl/framework/bfc_allocator.cc:1109] InUse at 1511674aa500 of size 75264 next 373
2025-11-13 05:29:20.545417: I external/local_xla/xla/tsl/framework/bfc_allocator.cc:1109] InUse at 1511674bcb00 of size 4608 next 397
2025-11-13 05:29:20.545425: I external/local_xla/xla/tsl/framework/bfc_allocator.cc:1109] InUse at 1511674bdd00 of size 70656 next 338
2025-11-13 05:29:20.545432: I external/local_xla/xla/tsl/framework/bfc_allocator.cc:1109] InUse at 1511674cf100 of size 301056 next 339
2025-11-13 05:29:20.545440: I external/local_xla/xla/tsl/framework/bfc_allocator.cc:1109] InUse at 151167518900 of size 301056 next 345
2025-11-13 05:29:20.545447: I external/local_xla/xla/tsl/framework/bfc_allocator.cc:1109] InUse at 151167562100 of size 115200 next 432
2025-11-13 05:29:20.545455: I external/local_xla/xla/tsl/framework/bfc_allocator.cc:1109] InUse at 15116757e300 of size 256 next 511
2025-11-13 05:29:20.545462: I external/local_xla/xla/tsl/framework/bfc_allocator.cc:1109] InUse at 15116757e400 of size 256 next 512
2025-11-13 05:29:20.545469: I external/local_xla/xla/tsl/framework/bfc_allocator.cc:1109] InUse at 15116757e500 of size 3584 next 18
2025-11-13 05:29:20.545477: I external/local_xla/xla/tsl/framework/bfc_allocator.cc:1109] InUse at 15116757f300 of size 6144 next 37
2025-11-13 05:29:20.545484: I external/local_xla/xla/tsl/framework/bfc_allocator.cc:1109] InUse at 151167580b00 of size 9216 next 75
2025-11-13 05:29:20.545492: I external/local_xla/xla/tsl/framework/bfc_allocator.cc:1109] InUse at 151167582f00 of size 13824 next 516
2025-11-13 05:29:20.545499: I external/local_xla/xla/tsl/framework/bfc_allocator.cc:1109] InUse at 151167586500 of size 14592 next 120
2025-11-13 05:29:20.545507: I external/local_xla/xla/tsl/framework/bfc_allocator.cc:1109] InUse at 151167589e00 of size 35072 next 473
2025-11-13 05:29:20.545514: I external/local_xla/xla/tsl/framework/bfc_allocator.cc:1109] InUse at 151167592700 of size 4608 next 474
2025-11-13 05:29:20.545522: I external/local_xla/xla/tsl/framework/bfc_allocator.cc:1109] InUse at 151167593900 of size 4608 next 470
2025-11-13 05:29:20.545529: I external/local_xla/xla/tsl/framework/bfc_allocator.cc:1109] InUse at 151167594b00 of size 256 next 458
2025-11-13 05:29:20.545539: I external/local_xla/xla/tsl/framework/bfc_allocator.cc:1109] InUse at 151167594c00 of size 4608 next 457
2025-11-13 05:29:20.545547: I external/local_xla/xla/tsl/framework/bfc_allocator.cc:1109] InUse at 151167595e00 of size 1280 next 482
2025-11-13 05:29:20.545555: I external/local_xla/xla/tsl/framework/bfc_allocator.cc:1109] InUse at 151167596300 of size 7680 next 488
2025-11-13 05:29:20.545562: I external/local_xla/xla/tsl/framework/bfc_allocator.cc:1109] InUse at 151167598100 of size 256 next 510
2025-11-13 05:29:20.545569: I external/local_xla/xla/tsl/framework/bfc_allocator.cc:1109] InUse at 151167598200 of size 256 next 393
2025-11-13 05:29:20.545577: I external/local_xla/xla/tsl/framework/bfc_allocator.cc:1109] InUse at 151167598300 of size 256 next 499
2025-11-13 05:29:20.545584: I external/local_xla/xla/tsl/framework/bfc_allocator.cc:1109] InUse at 151167598400 of size 36096 next 476
2025-11-13 05:29:20.545592: I external/local_xla/xla/tsl/framework/bfc_allocator.cc:1109] InUse at 1511675a1100 of size 256 next 477
2025-11-13 05:29:20.545599: I external/local_xla/xla/tsl/framework/bfc_allocator.cc:1109] InUse at 1511675a1200 of size 1280 next 475
2025-11-13 05:29:20.545607: I external/local_xla/xla/tsl/framework/bfc_allocator.cc:1109] InUse at 1511675a1700 of size 1280 next 479
2025-11-13 05:29:20.545614: I external/local_xla/xla/tsl/framework/bfc_allocator.cc:1109] InUse at 1511675a1c00 of size 1280 next 481
2025-11-13 05:29:20.545621: I external/local_xla/xla/tsl/framework/bfc_allocator.cc:1109] InUse at 1511675a2100 of size 512 next 394
2025-11-13 05:29:20.545629: I external/local_xla/xla/tsl/framework/bfc_allocator.cc:1109] InUse at 1511675a2300 of size 256 next 493
2025-11-13 05:29:20.545636: I external/local_xla/xla/tsl/framework/bfc_allocator.cc:1109] InUse at 1511675a2400 of size 512 next 480
2025-11-13 05:29:20.545644: I external/local_xla/xla/tsl/framework/bfc_allocator.cc:1109] InUse at 1511675a2600 of size 256 next 483
2025-11-13 05:29:20.545651: I external/local_xla/xla/tsl/framework/bfc_allocator.cc:1109] InUse at 1511675a2700 of size 7680 next 484
2025-11-13 05:29:20.545659: I external/local_xla/xla/tsl/framework/bfc_allocator.cc:1109] InUse at 1511675a4500 of size 7680 next 485
2025-11-13 05:29:20.545666: I external/local_xla/xla/tsl/framework/bfc_allocator.cc:1109] InUse at 1511675a6300 of size 7680 next 486
2025-11-13 05:29:20.545674: I external/local_xla/xla/tsl/framework/bfc_allocator.cc:1109] InUse at 1511675a8100 of size 14336 next 357
2025-11-13 05:29:20.545681: I external/local_xla/xla/tsl/framework/bfc_allocator.cc:1109] InUse at 1511675ab900 of size 301056 next 358
2025-11-13 05:29:20.545688: I external/local_xla/xla/tsl/framework/bfc_allocator.cc:1109] InUse at 1511675f5100 of size 884736 next 354
2025-11-13 05:29:20.545696: I external/local_xla/xla/tsl/framework/bfc_allocator.cc:1109] InUse at 1511676cd100 of size 614400 next 441
2025-11-13 05:29:20.545703: I external/local_xla/xla/tsl/framework/bfc_allocator.cc:1109] InUse at 151167763100 of size 41472 next 543
2025-11-13 05:29:20.545713: I external/local_xla/xla/tsl/framework/bfc_allocator.cc:1109] InUse at 15116776d300 of size 69120 next 545
2025-11-13 05:29:20.545720: I external/local_xla/xla/tsl/framework/bfc_allocator.cc:1109] InUse at 15116777e100 of size 512 next 550
2025-11-13 05:29:20.545728: I external/local_xla/xla/tsl/framework/bfc_allocator.cc:1109] InUse at 15116777e300 of size 32768 next 551
2025-11-13 05:29:20.545735: I external/local_xla/xla/tsl/framework/bfc_allocator.cc:1109] InUse at 151167786300 of size 256 next 552
2025-11-13 05:29:20.545743: I external/local_xla/xla/tsl/framework/bfc_allocator.cc:1109] InUse at 151167786400 of size 8448 next 553
2025-11-13 05:29:20.545750: I external/local_xla/xla/tsl/framework/bfc_allocator.cc:1109] InUse at 151167788500 of size 256 next 554
2025-11-13 05:29:20.545758: I external/local_xla/xla/tsl/framework/bfc_allocator.cc:1109] InUse at 151167788600 of size 256 next 555
2025-11-13 05:29:20.545765: I external/local_xla/xla/tsl/framework/bfc_allocator.cc:1109] InUse at 151167788700 of size 256 next 556
2025-11-13 05:29:20.545775: I external/local_xla/xla/tsl/framework/bfc_allocator.cc:1109] InUse at 151167788800 of size 256 next 557
2025-11-13 05:29:20.545783: I external/local_xla/xla/tsl/framework/bfc_allocator.cc:1109] InUse at 151167788900 of size 256 next 558
2025-11-13 05:29:20.545790: I external/local_xla/xla/tsl/framework/bfc_allocator.cc:1109] InUse at 151167788a00 of size 6144 next 559
2025-11-13 05:29:20.545798: I external/local_xla/xla/tsl/framework/bfc_allocator.cc:1109] InUse at 15116778a200 of size 14592 next 560
2025-11-13 05:29:20.545805: I external/local_xla/xla/tsl/framework/bfc_allocator.cc:1109] InUse at 15116778db00 of size 5376 next 561
2025-11-13 05:29:20.545812: I external/local_xla/xla/tsl/framework/bfc_allocator.cc:1109] InUse at 15116778f000 of size 5376 next 562
2025-11-13 05:29:20.545820: I external/local_xla/xla/tsl/framework/bfc_allocator.cc:1109] InUse at 151167790500 of size 5376 next 563
2025-11-13 05:29:20.545827: I external/local_xla/xla/tsl/framework/bfc_allocator.cc:1109] InUse at 151167791a00 of size 5376 next 564
2025-11-13 05:29:20.545835: I external/local_xla/xla/tsl/framework/bfc_allocator.cc:1109] InUse at 151167792f00 of size 13824 next 565
2025-11-13 05:29:20.545842: I external/local_xla/xla/tsl/framework/bfc_allocator.cc:1109] InUse at 151167796500 of size 13824 next 566
2025-11-13 05:29:20.545850: I external/local_xla/xla/tsl/framework/bfc_allocator.cc:1109] InUse at 151167799b00 of size 13824 next 567
2025-11-13 05:29:20.545857: I external/local_xla/xla/tsl/framework/bfc_allocator.cc:1109] InUse at 15116779d100 of size 13824 next 568
2025-11-13 05:29:20.545864: I external/local_xla/xla/tsl/framework/bfc_allocator.cc:1109] InUse at 1511677a0700 of size 13824 next 569
2025-11-13 05:29:20.545872: I external/local_xla/xla/tsl/framework/bfc_allocator.cc:1109] InUse at 1511677a3d00 of size 13824 next 570
2025-11-13 05:29:20.545879: I external/local_xla/xla/tsl/framework/bfc_allocator.cc:1109] InUse at 1511677a7300 of size 13824 next 571
2025-11-13 05:29:20.545887: I external/local_xla/xla/tsl/framework/bfc_allocator.cc:1109] InUse at 1511677aa900 of size 13824 next 572
2025-11-13 05:29:20.545894: I external/local_xla/xla/tsl/framework/bfc_allocator.cc:1109] InUse at 1511677adf00 of size 13824 next 573
2025-11-13 05:29:20.545901: I external/local_xla/xla/tsl/framework/bfc_allocator.cc:1109] InUse at 1511677b1500 of size 13824 next 574
2025-11-13 05:29:20.545909: I external/local_xla/xla/tsl/framework/bfc_allocator.cc:1109] InUse at 1511677b4b00 of size 256 next 575
2025-11-13 05:29:20.545916: I external/local_xla/xla/tsl/framework/bfc_allocator.cc:1109] InUse at 1511677b4c00 of size 256 next 576
2025-11-13 05:29:20.545923: I external/local_xla/xla/tsl/framework/bfc_allocator.cc:1109] InUse at 1511677b4d00 of size 256 next 577
2025-11-13 05:29:20.545931: I external/local_xla/xla/tsl/framework/bfc_allocator.cc:1109] InUse at 1511677b4e00 of size 256 next 578
2025-11-13 05:29:20.545938: I external/local_xla/xla/tsl/framework/bfc_allocator.cc:1109] InUse at 1511677b4f00 of size 24064 next 579
2025-11-13 05:29:20.545946: I external/local_xla/xla/tsl/framework/bfc_allocator.cc:1109] InUse at 1511677bad00 of size 24064 next 580
2025-11-13 05:29:20.545953: I external/local_xla/xla/tsl/framework/bfc_allocator.cc:1109] InUse at 1511677c0b00 of size 24064 next 581
2025-11-13 05:29:20.545960: I external/local_xla/xla/tsl/framework/bfc_allocator.cc:1109] InUse at 1511677c6900 of size 24064 next 582
2025-11-13 05:29:20.545968: I external/local_xla/xla/tsl/framework/bfc_allocator.cc:1109] InUse at 1511677cc700 of size 3584 next 583
2025-11-13 05:29:20.545975: I external/local_xla/xla/tsl/framework/bfc_allocator.cc:1109] InUse at 1511677cd500 of size 3584 next 584
2025-11-13 05:29:20.545983: I external/local_xla/xla/tsl/framework/bfc_allocator.cc:1109] InUse at 1511677ce300 of size 3584 next 585
2025-11-13 05:29:20.545990: I external/local_xla/xla/tsl/framework/bfc_allocator.cc:1109] InUse at 1511677cf100 of size 3584 next 586
2025-11-13 05:29:20.546000: I external/local_xla/xla/tsl/framework/bfc_allocator.cc:1109] InUse at 1511677cff00 of size 3584 next 587
2025-11-13 05:29:20.546008: I external/local_xla/xla/tsl/framework/bfc_allocator.cc:1109] InUse at 1511677d0d00 of size 3584 next 588
2025-11-13 05:29:20.546016: I external/local_xla/xla/tsl/framework/bfc_allocator.cc:1109] InUse at 1511677d1b00 of size 3584 next 589
2025-11-13 05:29:20.546023: I external/local_xla/xla/tsl/framework/bfc_allocator.cc:1109] InUse at 1511677d2900 of size 3584 next 590
2025-11-13 05:29:20.546030: I external/local_xla/xla/tsl/framework/bfc_allocator.cc:1109] InUse at 1511677d3700 of size 3584 next 591
2025-11-13 05:29:20.546038: I external/local_xla/xla/tsl/framework/bfc_allocator.cc:1109] InUse at 1511677d4500 of size 3584 next 592
2025-11-13 05:29:20.546045: I external/local_xla/xla/tsl/framework/bfc_allocator.cc:1109] InUse at 1511677d5300 of size 3584 next 593
2025-11-13 05:29:20.546053: I external/local_xla/xla/tsl/framework/bfc_allocator.cc:1109] InUse at 1511677d6100 of size 3584 next 594
2025-11-13 05:29:20.546060: I external/local_xla/xla/tsl/framework/bfc_allocator.cc:1109] InUse at 1511677d6f00 of size 512 next 595
2025-11-13 05:29:20.546067: I external/local_xla/xla/tsl/framework/bfc_allocator.cc:1109] InUse at 1511677d7100 of size 512 next 596
2025-11-13 05:29:20.546075: I external/local_xla/xla/tsl/framework/bfc_allocator.cc:1109] InUse at 1511677d7300 of size 512 next 597
2025-11-13 05:29:20.546082: I external/local_xla/xla/tsl/framework/bfc_allocator.cc:1109] InUse at 1511677d7500 of size 512 next 598
2025-11-13 05:29:20.546090: I external/local_xla/xla/tsl/framework/bfc_allocator.cc:1109] InUse at 1511677d7700 of size 512 next 599
2025-11-13 05:29:20.546097: I external/local_xla/xla/tsl/framework/bfc_allocator.cc:1109] InUse at 1511677d7900 of size 512 next 600
2025-11-13 05:29:20.546104: I external/local_xla/xla/tsl/framework/bfc_allocator.cc:1109] InUse at 1511677d7b00 of size 512 next 601
2025-11-13 05:29:20.546112: I external/local_xla/xla/tsl/framework/bfc_allocator.cc:1109] InUse at 1511677d7d00 of size 512 next 602
2025-11-13 05:29:20.546119: I external/local_xla/xla/tsl/framework/bfc_allocator.cc:1109] InUse at 1511677d7f00 of size 512 next 603
2025-11-13 05:29:20.546126: I external/local_xla/xla/tsl/framework/bfc_allocator.cc:1109] InUse at 1511677d8100 of size 512 next 604
2025-11-13 05:29:20.546136: I external/local_xla/xla/tsl/framework/bfc_allocator.cc:1109] InUse at 1511677d8300 of size 38400 next 605
2025-11-13 05:29:20.546144: I external/local_xla/xla/tsl/framework/bfc_allocator.cc:1109] InUse at 1511677e1900 of size 38400 next 606
2025-11-13 05:29:20.546151: I external/local_xla/xla/tsl/framework/bfc_allocator.cc:1109] InUse at 1511677eaf00 of size 38400 next 607
2025-11-13 05:29:20.546159: I external/local_xla/xla/tsl/framework/bfc_allocator.cc:1109] InUse at 1511677f4500 of size 47872 next 18446744073709551615
2025-11-13 05:29:20.546166: I external/local_xla/xla/tsl/framework/bfc_allocator.cc:1114]      Summary of in-use Chunks by size: 
2025-11-13 05:29:20.546174: I external/local_xla/xla/tsl/framework/bfc_allocator.cc:1117] 213 Chunks of size 256 totalling 53.2KiB
2025-11-13 05:29:20.546183: I external/local_xla/xla/tsl/framework/bfc_allocator.cc:1117] 86 Chunks of size 512 totalling 43.0KiB
2025-11-13 05:29:20.546191: I external/local_xla/xla/tsl/framework/bfc_allocator.cc:1117] 97 Chunks of size 768 totalling 72.8KiB
2025-11-13 05:29:20.546199: I external/local_xla/xla/tsl/framework/bfc_allocator.cc:1117] 56 Chunks of size 1024 totalling 56.0KiB
2025-11-13 05:29:20.546207: I external/local_xla/xla/tsl/framework/bfc_allocator.cc:1117] 23 Chunks of size 1280 totalling 28.8KiB
2025-11-13 05:29:20.546215: I external/local_xla/xla/tsl/framework/bfc_allocator.cc:1117] 5 Chunks of size 1536 totalling 7.5KiB
2025-11-13 05:29:20.546223: I external/local_xla/xla/tsl/framework/bfc_allocator.cc:1117] 2 Chunks of size 1792 totalling 3.5KiB
2025-11-13 05:29:20.546231: I external/local_xla/xla/tsl/framework/bfc_allocator.cc:1117] 69 Chunks of size 2048 totalling 138.0KiB
2025-11-13 05:29:20.546242: I external/local_xla/xla/tsl/framework/bfc_allocator.cc:1117] 1 Chunks of size 2304 totalling 2.2KiB
2025-11-13 05:29:20.546250: I external/local_xla/xla/tsl/framework/bfc_allocator.cc:1117] 3 Chunks of size 2560 totalling 7.5KiB
2025-11-13 05:29:20.546258: I external/local_xla/xla/tsl/framework/bfc_allocator.cc:1117] 70 Chunks of size 2816 totalling 192.5KiB
2025-11-13 05:29:20.546266: I external/local_xla/xla/tsl/framework/bfc_allocator.cc:1117] 3 Chunks of size 3072 totalling 9.0KiB
2025-11-13 05:29:20.546274: I external/local_xla/xla/tsl/framework/bfc_allocator.cc:1117] 1 Chunks of size 3328 totalling 3.2KiB
2025-11-13 05:29:20.546282: I external/local_xla/xla/tsl/framework/bfc_allocator.cc:1117] 19 Chunks of size 3584 totalling 66.5KiB
2025-11-13 05:29:20.546290: I external/local_xla/xla/tsl/framework/bfc_allocator.cc:1117] 2 Chunks of size 3840 totalling 7.5KiB
2025-11-13 05:29:20.546298: I external/local_xla/xla/tsl/framework/bfc_allocator.cc:1117] 88 Chunks of size 4608 totalling 396.0KiB
2025-11-13 05:29:20.546306: I external/local_xla/xla/tsl/framework/bfc_allocator.cc:1117] 2 Chunks of size 4864 totalling 9.5KiB
2025-11-13 05:29:20.546314: I external/local_xla/xla/tsl/framework/bfc_allocator.cc:1117] 8 Chunks of size 5120 totalling 40.0KiB
2025-11-13 05:29:20.546322: I external/local_xla/xla/tsl/framework/bfc_allocator.cc:1117] 8 Chunks of size 5376 totalling 42.0KiB
2025-11-13 05:29:20.546330: I external/local_xla/xla/tsl/framework/bfc_allocator.cc:1117] 1 Chunks of size 5632 totalling 5.5KiB
2025-11-13 05:29:20.546338: I external/local_xla/xla/tsl/framework/bfc_allocator.cc:1117] 4 Chunks of size 6144 totalling 24.0KiB
2025-11-13 05:29:20.546346: I external/local_xla/xla/tsl/framework/bfc_allocator.cc:1117] 2 Chunks of size 6400 totalling 12.5KiB
2025-11-13 05:29:20.546354: I external/local_xla/xla/tsl/framework/bfc_allocator.cc:1117] 18 Chunks of size 7680 totalling 135.0KiB
2025-11-13 05:29:20.546361: I external/local_xla/xla/tsl/framework/bfc_allocator.cc:1117] 1 Chunks of size 7936 totalling 7.8KiB
2025-11-13 05:29:20.546369: I external/local_xla/xla/tsl/framework/bfc_allocator.cc:1117] 3 Chunks of size 8192 totalling 24.0KiB
2025-11-13 05:29:20.546377: I external/local_xla/xla/tsl/framework/bfc_allocator.cc:1117] 1 Chunks of size 8448 totalling 8.2KiB
2025-11-13 05:29:20.546385: I external/local_xla/xla/tsl/framework/bfc_allocator.cc:1117] 1 Chunks of size 8704 totalling 8.5KiB
2025-11-13 05:29:20.546393: I external/local_xla/xla/tsl/framework/bfc_allocator.cc:1117] 1 Chunks of size 8960 totalling 8.8KiB
2025-11-13 05:29:20.546401: I external/local_xla/xla/tsl/framework/bfc_allocator.cc:1117] 3 Chunks of size 9216 totalling 27.0KiB
2025-11-13 05:29:20.546409: I external/local_xla/xla/tsl/framework/bfc_allocator.cc:1117] 15 Chunks of size 9728 totalling 142.5KiB
2025-11-13 05:29:20.546417: I external/local_xla/xla/tsl/framework/bfc_allocator.cc:1117] 1 Chunks of size 9984 totalling 9.8KiB
2025-11-13 05:29:20.546425: I external/local_xla/xla/tsl/framework/bfc_allocator.cc:1117] 1 Chunks of size 11264 totalling 11.0KiB
2025-11-13 05:29:20.546433: I external/local_xla/xla/tsl/framework/bfc_allocator.cc:1117] 15 Chunks of size 13824 totalling 202.5KiB
2025-11-13 05:29:20.546441: I external/local_xla/xla/tsl/framework/bfc_allocator.cc:1117] 3 Chunks of size 14336 totalling 42.0KiB
2025-11-13 05:29:20.546449: I external/local_xla/xla/tsl/framework/bfc_allocator.cc:1117] 2 Chunks of size 14592 totalling 28.5KiB
2025-11-13 05:29:20.546457: I external/local_xla/xla/tsl/framework/bfc_allocator.cc:1117] 8 Chunks of size 17408 totalling 136.0KiB
2025-11-13 05:29:20.546465: I external/local_xla/xla/tsl/framework/bfc_allocator.cc:1117] 1 Chunks of size 17920 totalling 17.5KiB
2025-11-13 05:29:20.546473: I external/local_xla/xla/tsl/framework/bfc_allocator.cc:1117] 5 Chunks of size 24064 totalling 117.5KiB
2025-11-13 05:29:20.546481: I external/local_xla/xla/tsl/framework/bfc_allocator.cc:1117] 1 Chunks of size 28672 totalling 28.0KiB
2025-11-13 05:29:20.546492: I external/local_xla/xla/tsl/framework/bfc_allocator.cc:1117] 2 Chunks of size 32768 totalling 64.0KiB
2025-11-13 05:29:20.546500: I external/local_xla/xla/tsl/framework/bfc_allocator.cc:1117] 1 Chunks of size 35072 totalling 34.2KiB
2025-11-13 05:29:20.546508: I external/local_xla/xla/tsl/framework/bfc_allocator.cc:1117] 1 Chunks of size 36096 totalling 35.2KiB
2025-11-13 05:29:20.546516: I external/local_xla/xla/tsl/framework/bfc_allocator.cc:1117] 38 Chunks of size 38400 totalling 1.39MiB
2025-11-13 05:29:20.546524: I external/local_xla/xla/tsl/framework/bfc_allocator.cc:1117] 1 Chunks of size 41472 totalling 40.5KiB
2025-11-13 05:29:20.546532: I external/local_xla/xla/tsl/framework/bfc_allocator.cc:1117] 1 Chunks of size 46080 totalling 45.0KiB
2025-11-13 05:29:20.546540: I external/local_xla/xla/tsl/framework/bfc_allocator.cc:1117] 1 Chunks of size 47872 totalling 46.8KiB
2025-11-13 05:29:20.546548: I external/local_xla/xla/tsl/framework/bfc_allocator.cc:1117] 8 Chunks of size 67328 totalling 526.0KiB
2025-11-13 05:29:20.546556: I external/local_xla/xla/tsl/framework/bfc_allocator.cc:1117] 2 Chunks of size 69120 totalling 135.0KiB
2025-11-13 05:29:20.546564: I external/local_xla/xla/tsl/framework/bfc_allocator.cc:1117] 1 Chunks of size 70400 totalling 68.8KiB
2025-11-13 05:29:20.546572: I external/local_xla/xla/tsl/framework/bfc_allocator.cc:1117] 1 Chunks of size 70656 totalling 69.0KiB
2025-11-13 05:29:20.546580: I external/local_xla/xla/tsl/framework/bfc_allocator.cc:1117] 25 Chunks of size 75264 totalling 1.79MiB
2025-11-13 05:29:20.546588: I external/local_xla/xla/tsl/framework/bfc_allocator.cc:1117] 3 Chunks of size 76800 totalling 225.0KiB
2025-11-13 05:29:20.546596: I external/local_xla/xla/tsl/framework/bfc_allocator.cc:1117] 1 Chunks of size 86272 totalling 84.2KiB
2025-11-13 05:29:20.546604: I external/local_xla/xla/tsl/framework/bfc_allocator.cc:1117] 1 Chunks of size 105984 totalling 103.5KiB
2025-11-13 05:29:20.546612: I external/local_xla/xla/tsl/framework/bfc_allocator.cc:1117] 11 Chunks of size 115200 totalling 1.21MiB
2025-11-13 05:29:20.546620: I external/local_xla/xla/tsl/framework/bfc_allocator.cc:1117] 2 Chunks of size 131840 totalling 257.5KiB
2025-11-13 05:29:20.546628: I external/local_xla/xla/tsl/framework/bfc_allocator.cc:1117] 1 Chunks of size 152064 totalling 148.5KiB
2025-11-13 05:29:20.546636: I external/local_xla/xla/tsl/framework/bfc_allocator.cc:1117] 20 Chunks of size 153600 totalling 2.93MiB
2025-11-13 05:29:20.546644: I external/local_xla/xla/tsl/framework/bfc_allocator.cc:1117] 1 Chunks of size 215040 totalling 210.0KiB
2025-11-13 05:29:20.546652: I external/local_xla/xla/tsl/framework/bfc_allocator.cc:1117] 1 Chunks of size 219648 totalling 214.5KiB
2025-11-13 05:29:20.546659: I external/local_xla/xla/tsl/framework/bfc_allocator.cc:1117] 31 Chunks of size 221184 totalling 6.54MiB
2025-11-13 05:29:20.546667: I external/local_xla/xla/tsl/framework/bfc_allocator.cc:1117] 2 Chunks of size 263424 totalling 514.5KiB
2025-11-13 05:29:20.546675: I external/local_xla/xla/tsl/framework/bfc_allocator.cc:1117] 1 Chunks of size 268800 totalling 262.5KiB
2025-11-13 05:29:20.546683: I external/local_xla/xla/tsl/framework/bfc_allocator.cc:1117] 20 Chunks of size 301056 totalling 5.74MiB
2025-11-13 05:29:20.546691: I external/local_xla/xla/tsl/framework/bfc_allocator.cc:1117] 1 Chunks of size 448512 totalling 438.0KiB
2025-11-13 05:29:20.546699: I external/local_xla/xla/tsl/framework/bfc_allocator.cc:1117] 1 Chunks of size 516096 totalling 504.0KiB
2025-11-13 05:29:20.546707: I external/local_xla/xla/tsl/framework/bfc_allocator.cc:1117] 1 Chunks of size 604160 totalling 590.0KiB
2025-11-13 05:29:20.546715: I external/local_xla/xla/tsl/framework/bfc_allocator.cc:1117] 3 Chunks of size 614400 totalling 1.76MiB
2025-11-13 05:29:20.546723: I external/local_xla/xla/tsl/framework/bfc_allocator.cc:1117] 2 Chunks of size 655360 totalling 1.25MiB
2025-11-13 05:29:20.546731: I external/local_xla/xla/tsl/framework/bfc_allocator.cc:1117] 1 Chunks of size 696320 totalling 680.0KiB
2025-11-13 05:29:20.546742: I external/local_xla/xla/tsl/framework/bfc_allocator.cc:1117] 26 Chunks of size 884736 totalling 21.94MiB
2025-11-13 05:29:20.546750: I external/local_xla/xla/tsl/framework/bfc_allocator.cc:1117] 1 Chunks of size 1303808 totalling 1.24MiB
2025-11-13 05:29:20.546758: I external/local_xla/xla/tsl/framework/bfc_allocator.cc:1117] 1 Chunks of size 1638400 totalling 1.56MiB
2025-11-13 05:29:20.546766: I external/local_xla/xla/tsl/framework/bfc_allocator.cc:1117] 1 Chunks of size 1736704 totalling 1.66MiB
2025-11-13 05:29:20.546774: I external/local_xla/xla/tsl/framework/bfc_allocator.cc:1117] 1 Chunks of size 1765888 totalling 1.68MiB
2025-11-13 05:29:20.546782: I external/local_xla/xla/tsl/framework/bfc_allocator.cc:1117] 5 Chunks of size 2457600 totalling 11.72MiB
2025-11-13 05:29:20.546790: I external/local_xla/xla/tsl/framework/bfc_allocator.cc:1117] 1 Chunks of size 3170304 totalling 3.02MiB
2025-11-13 05:29:20.546797: I external/local_xla/xla/tsl/framework/bfc_allocator.cc:1117] 1 Chunks of size 4194304 totalling 4.00MiB
2025-11-13 05:29:20.546805: I external/local_xla/xla/tsl/framework/bfc_allocator.cc:1117] 1 Chunks of size 536870912 totalling 512.00MiB
2025-11-13 05:29:20.546813: I external/local_xla/xla/tsl/framework/bfc_allocator.cc:1121] Sum Total of in-use chunks: 588.74MiB
2025-11-13 05:29:20.546821: I external/local_xla/xla/tsl/framework/bfc_allocator.cc:1123] Total bytes in pool: 10792992768 memory_limit_: 10792992768 available bytes: 0 curr_region_allocation_bytes_: 8589934592
2025-11-13 05:29:20.546833: I external/local_xla/xla/tsl/framework/bfc_allocator.cc:1128] Stats: 
Limit:                     10792992768
InUse:                       617334528
MaxInUse:                   8442345984
NumAllocs:                        7725
MaxAllocSize:               5261006080
Reserved:                            0
PeakReserved:                        0
LargestFreeBlock:                    0

2025-11-13 05:29:20.546856: W external/local_xla/xla/tsl/framework/bfc_allocator.cc:508] _____________________________________________________________________________________________*******
2025-11-13 05:29:20.547858: I tensorflow/core/framework/local_rendezvous.cc:405] Local rendezvous is aborting with status: RESOURCE_EXHAUSTED: Out of memory while trying to allocate 19783402800 bytes.
	 [[{{node StatefulPartitionedCall}}]]
Hint: If you want to see a list of allocated tensors when OOM happens, add report_tensor_allocations_upon_oom to RunOptions for current allocation info. This isn't available when running in Eager mode.

Traceback (most recent call last):
  File "/home/jordanw7/koa_scratch/ADSA-AI/ADSA-AI-JordanWang/ModelScripts/EfficientNetFamily/SurfaceTension/10v/ModelSurfaceTensionENFV10.py", line 213, in <module>
    main()
  File "/home/jordanw7/koa_scratch/ADSA-AI/ADSA-AI-JordanWang/ModelScripts/EfficientNetFamily/SurfaceTension/10v/ModelSurfaceTensionENFV10.py", line 125, in main
    history = model.fit(train_gen,
              ^^^^^^^^^^^^^^^^^^^^
  File "/home/jordanw7/.conda/envs/ADSAenv/lib/python3.11/site-packages/keras/src/utils/traceback_utils.py", line 122, in error_handler
    raise e.with_traceback(filtered_tb) from None
  File "/home/jordanw7/.conda/envs/ADSAenv/lib/python3.11/site-packages/tensorflow/python/eager/execute.py", line 53, in quick_execute
    tensors = pywrap_tfe.TFE_Py_Execute(ctx._handle, device_name, op_name,
  ^^^^^^^^^^^^^^^^^^^^^^^^^^^^^^^^^^^^^^^^^^^^^^^^^^^^^^^^^^^^^^^^^^^^^^^^
tensorflow.python.framework.errors_impl.ResourceExhaustedError: Graph execution error:

Detected at node StatefulPartitionedCall defined at (most recent call last):
  File "/home/jordanw7/koa_scratch/ADSA-AI/ADSA-AI-JordanWang/ModelScripts/EfficientNetFamily/SurfaceTension/10v/ModelSurfaceTensionENFV10.py", line 213, in <module>

  File "/home/jordanw7/koa_scratch/ADSA-AI/ADSA-AI-JordanWang/ModelScripts/EfficientNetFamily/SurfaceTension/10v/ModelSurfaceTensionENFV10.py", line 125, in main

  File "/home/jordanw7/.conda/envs/ADSAenv/lib/python3.11/site-packages/keras/src/utils/traceback_utils.py", line 117, in error_handler

  File "/home/jordanw7/.conda/envs/ADSAenv/lib/python3.11/site-packages/keras/src/backend/tensorflow/trainer.py", line 371, in fit

  File "/home/jordanw7/.conda/envs/ADSAenv/lib/python3.11/site-packages/keras/src/backend/tensorflow/trainer.py", line 219, in function

  File "/home/jordanw7/.conda/envs/ADSAenv/lib/python3.11/site-packages/keras/src/backend/tensorflow/trainer.py", line 132, in multi_step_on_iterator

Out of memory while trying to allocate 19783402800 bytes.
	 [[{{node StatefulPartitionedCall}}]]
Hint: If you want to see a list of allocated tensors when OOM happens, add report_tensor_allocations_upon_oom to RunOptions for current allocation info. This isn't available when running in Eager mode.
 [Op:__inference_multi_step_on_iterator_77675]
2025-11-13 05:30:06.226607: F external/local_xla/xla/tsl/framework/bfc_allocator.cc:811] Check failed: c->in_use() && (c->bin_num == kInvalidBinNum) 
/var/spool/slurm/d/job8921077/slurm_script: line 39: 1531539 Aborted                 (core dumped) python /home/jordanw7/koa_scratch/ADSA-AI/ADSA-AI-JordanWang/ModelScripts/EfficientNetFamily/SurfaceTension/10v/ModelSurfaceTensionENFV10.py --dataset_path $LOCAL_DATA
