Identity added: /home/jordanw7/.ssh/id_ed25519 (cluster_key)
From github.com:JordanT-MWang/ADSA-AI-JordanWang
 * branch            main       -> FETCH_HEAD
ModelScripts/EfficientNetFamily/SurfaceTension/10v/ST_Model_Predictions.csv already exists, no checkout
ModelScripts/EfficientNetFamily/SurfaceTension/10v/model-8889041.err already exists, no checkout
ModelScripts/EfficientNetFamily/SurfaceTension/10v/model-8889041.out already exists, no checkout
ModelScripts/EfficientNetFamily/SurfaceTension/10v/model-8914748.err already exists, no checkout
ModelScripts/EfficientNetFamily/SurfaceTension/10v/model-8914748.out already exists, no checkout
ModelScripts/EfficientNetFamily/SurfaceTension/10v/pred_vs_true_SA.png already exists, no checkout
ModelScripts/EfficientNetFamily/SurfaceTension/10v/training_curves_ST.png already exists, no checkout
ModelScripts/EfficientNetFamily/SurfaceTension/11v/ST_Model_Predictions.csv already exists, no checkout
ModelScripts/EfficientNetFamily/SurfaceTension/11v/model-8914749.err already exists, no checkout
ModelScripts/EfficientNetFamily/SurfaceTension/11v/model-8914749.out already exists, no checkout
ModelScripts/EfficientNetFamily/SurfaceTension/11v/pred_vs_true_SA.png already exists, no checkout
ModelScripts/EfficientNetFamily/SurfaceTension/11v/training_curves_ST.png already exists, no checkout
ModelScripts/EfficientNetFamily/SurfaceTension/8v/model-8830061.err already exists, no checkout
ModelScripts/EfficientNetFamily/SurfaceTension/8v/model-8830061.out already exists, no checkout
ModelScripts/EfficientNetFamily/SurfaceTension/8v/model-8830307.err already exists, no checkout
ModelScripts/EfficientNetFamily/SurfaceTension/8v/model-8830307.out already exists, no checkout
ModelScripts/EfficientNetFamily/SurfaceTension/8v/model-8830672.err already exists, no checkout
ModelScripts/EfficientNetFamily/SurfaceTension/8v/model-8830672.out already exists, no checkout
ModelScripts/EfficientNetFamily/SurfaceTension/8v/model-8830978.err already exists, no checkout
ModelScripts/EfficientNetFamily/SurfaceTension/8v/model-8830978.out already exists, no checkout
ModelScripts/customCNN/SurfaceTension/v5/ST_Model_Predictions.csv already exists, no checkout
ModelScripts/customCNN/SurfaceTension/v5/SurfaceTension_Model_Large_Cust_V10_stats.json already exists, no checkout
ModelScripts/customCNN/SurfaceTension/v5/model-8830070.err already exists, no checkout
ModelScripts/customCNN/SurfaceTension/v5/model-8830070.out already exists, no checkout
ModelScripts/customCNN/SurfaceTension/v5/model-8830300.err already exists, no checkout
ModelScripts/customCNN/SurfaceTension/v5/model-8830300.out already exists, no checkout
ModelScripts/customCNN/SurfaceTension/v5/model-8830669.err already exists, no checkout
ModelScripts/customCNN/SurfaceTension/v5/model-8830669.out already exists, no checkout
ModelScripts/customCNN/SurfaceTension/v5/model-8830840.err already exists, no checkout
ModelScripts/customCNN/SurfaceTension/v5/model-8830840.out already exists, no checkout
ModelScripts/customCNN/SurfaceTension/v5/model-8830982.err already exists, no checkout
ModelScripts/customCNN/SurfaceTension/v5/model-8830982.out already exists, no checkout
ModelScripts/customCNN/SurfaceTension/v5/model-8831976.err already exists, no checkout
ModelScripts/customCNN/SurfaceTension/v5/model-8831976.out already exists, no checkout
ModelScripts/customCNN/SurfaceTension/v5/pred_vs_true_ST_Cust.png already exists, no checkout
ModelScripts/customCNN/SurfaceTension/v5/training_curves_ST_Cust.png already exists, no checkout
ModelScripts/customCNN/SurfaceTension/v6/SurfaceTension_Model_Large_Cust_V6_stats.json already exists, no checkout
ModelScripts/customCNN/SurfaceTension/v6/model-8876076.err already exists, no checkout
ModelScripts/customCNN/SurfaceTension/v6/model-8876076.out already exists, no checkout
ModelScripts/customCNN/SurfaceTension/v6/model-8914745.err already exists, no checkout
ModelScripts/customCNN/SurfaceTension/v6/model-8914745.out already exists, no checkout
ModelScripts/customCNN/SurfaceTension/v7/ST_Model_Predictions.csv already exists, no checkout
ModelScripts/customCNN/SurfaceTension/v7/SurfaceTension_Model_Large_Cust_V10_stats.json already exists, no checkout
ModelScripts/customCNN/SurfaceTension/v7/model-8876077.err already exists, no checkout
ModelScripts/customCNN/SurfaceTension/v7/model-8876077.out already exists, no checkout
ModelScripts/customCNN/SurfaceTension/v7/pred_vs_true_ST_Cust.png already exists, no checkout
ModelScripts/customCNN/SurfaceTension/v7/training_curves_ST_Cust.png already exists, no checkout
ModelScripts/customCNN/SurfaceTension/v8/SurfaceTension_Model_Large_Cust_V10_stats.json already exists, no checkout
ModelScripts/customCNN/SurfaceTension/v8/model-8876078.err already exists, no checkout
ModelScripts/customCNN/SurfaceTension/v8/model-8876078.out already exists, no checkout
ModelScripts/customCNN/SurfaceTension/v8/model-8880748.err already exists, no checkout
ModelScripts/customCNN/SurfaceTension/v8/model-8880748.out already exists, no checkout
ModelScripts/customCNN/SurfaceTension/v8/model-8880768.err already exists, no checkout
ModelScripts/customCNN/SurfaceTension/v8/model-8880768.out already exists, no checkout
ModelScripts/customCNN/SurfaceTension/v8/model-8883211.err already exists, no checkout
ModelScripts/customCNN/SurfaceTension/v8/model-8883211.out already exists, no checkout
ModelScripts/customCNN/SurfaceTension/v8/model-8883626.err already exists, no checkout
ModelScripts/customCNN/SurfaceTension/v8/model-8883626.out already exists, no checkout
ModelScripts/customCNN/SurfaceTension/v8/model-8886443.err already exists, no checkout
ModelScripts/customCNN/SurfaceTension/v8/model-8886443.out already exists, no checkout
ModelScripts/customCNN/SurfaceTension/v8/model-8914747.err already exists, no checkout
ModelScripts/customCNN/SurfaceTension/v8/model-8914747.out already exists, no checkout
ModelScripts/customCNN/SurfaceTension/v8/model-8914758.err already exists, no checkout
ModelScripts/customCNN/SurfaceTension/v8/model-8914758.out already exists, no checkout
error: could not restore untracked files from stash
2025-11-14 00:40:55.841433: I tensorflow/core/util/port.cc:153] oneDNN custom operations are on. You may see slightly different numerical results due to floating-point round-off errors from different computation orders. To turn them off, set the environment variable `TF_ENABLE_ONEDNN_OPTS=0`.
2025-11-14 00:40:55.852797: E external/local_xla/xla/stream_executor/cuda/cuda_fft.cc:477] Unable to register cuFFT factory: Attempting to register factory for plugin cuFFT when one has already been registered
WARNING: All log messages before absl::InitializeLog() is called are written to STDERR
E0000 00:00:1763080855.866537 2512616 cuda_dnn.cc:8310] Unable to register cuDNN factory: Attempting to register factory for plugin cuDNN when one has already been registered
E0000 00:00:1763080855.870622 2512616 cuda_blas.cc:1418] Unable to register cuBLAS factory: Attempting to register factory for plugin cuBLAS when one has already been registered
2025-11-14 00:40:55.884090: I tensorflow/core/platform/cpu_feature_guard.cc:210] This TensorFlow binary is optimized to use available CPU instructions in performance-critical operations.
To enable the following instructions: AVX2 AVX512F AVX512_VNNI FMA, in other operations, rebuild TensorFlow with the appropriate compiler flags.
I0000 00:00:1763080887.048545 2512616 gpu_device.cc:2022] Created device /job:localhost/replica:0/task:0/device:GPU:0 with 14271 MB memory:  -> device: 0, name: NVIDIA RTX A4000, pci bus id: 0000:1e:00.0, compute capability: 8.6
2025-11-14 00:41:40.735992: E tensorflow/core/util/util.cc:131] oneDNN supports DT_HALF only on platforms with AVX-512. Falling back to the default Eigen-based implementation if present.
WARNING: All log messages before absl::InitializeLog() is called are written to STDERR
I0000 00:00:1763080921.264856 2514231 service.cc:148] XLA service 0x149b6c002630 initialized for platform CUDA (this does not guarantee that XLA will be used). Devices:
I0000 00:00:1763080921.265015 2514231 service.cc:156]   StreamExecutor device (0): NVIDIA RTX A4000, Compute Capability 8.6
I0000 00:00:1763080921.274716 2514231 cuda_dnn.cc:529] Loaded cuDNN version 91301
I0000 00:00:1763080921.333900 2514231 device_compiler.h:188] Compiled cluster using XLA!  This line is logged at most once for the lifetime of the process.
2025-11-14 00:42:20.758641: I tensorflow/compiler/mlir/tensorflow/utils/dump_mlir_util.cc:268] disabling MLIR crash reproducer, set env var `MLIR_CRASH_REPRODUCER_DIRECTORY` to enable.
E0000 00:00:1763080955.511489 2514230 gpu_timer.cc:82] Delay kernel timed out: measured time has sub-optimal accuracy. There may be a missing warmup execution, please investigate in Nsight Systems.
E0000 00:00:1763080955.791658 2514230 gpu_timer.cc:82] Delay kernel timed out: measured time has sub-optimal accuracy. There may be a missing warmup execution, please investigate in Nsight Systems.
2025-11-14 00:42:36.811609: E external/local_xla/xla/service/slow_operation_alarm.cc:65] Trying algorithm eng45{k2=1,k5=3,k14=5} for conv (f16[64,400,400,32]{3,2,1,0}, u8[0]{0}) custom-call(f16[64,400,400,32]{3,2,1,0}, f16[32,3,3,1]{3,2,1,0}), window={size=3x3 pad=1_1x1_1}, dim_labels=b01f_o01i->b01f, feature_group_count=32, custom_call_target="__cudnn$convForward", backend_config={"cudnn_conv_backend_config":{"activation_mode":"kNone","conv_result_scale":1,"leakyrelu_alpha":0,"side_input_scale":0},"force_earliest_schedule":false,"operation_queue_id":"0","wait_on_operation_queues":[]} is taking a while...
2025-11-14 00:42:37.303009: E external/local_xla/xla/service/slow_operation_alarm.cc:133] The operation took 1.491471174s
Trying algorithm eng45{k2=1,k5=3,k14=5} for conv (f16[64,400,400,32]{3,2,1,0}, u8[0]{0}) custom-call(f16[64,400,400,32]{3,2,1,0}, f16[32,3,3,1]{3,2,1,0}), window={size=3x3 pad=1_1x1_1}, dim_labels=b01f_o01i->b01f, feature_group_count=32, custom_call_target="__cudnn$convForward", backend_config={"cudnn_conv_backend_config":{"activation_mode":"kNone","conv_result_scale":1,"leakyrelu_alpha":0,"side_input_scale":0},"force_earliest_schedule":false,"operation_queue_id":"0","wait_on_operation_queues":[]} is taking a while...
2025-11-14 00:42:38.303188: E external/local_xla/xla/service/slow_operation_alarm.cc:65] Trying algorithm eng45{k2=0,k5=3,k14=2} for conv (f16[64,400,400,32]{3,2,1,0}, u8[0]{0}) custom-call(f16[64,400,400,32]{3,2,1,0}, f16[32,3,3,1]{3,2,1,0}), window={size=3x3 pad=1_1x1_1}, dim_labels=b01f_o01i->b01f, feature_group_count=32, custom_call_target="__cudnn$convForward", backend_config={"cudnn_conv_backend_config":{"activation_mode":"kNone","conv_result_scale":1,"leakyrelu_alpha":0,"side_input_scale":0},"force_earliest_schedule":false,"operation_queue_id":"0","wait_on_operation_queues":[]} is taking a while...
2025-11-14 00:42:39.052865: E external/local_xla/xla/service/slow_operation_alarm.cc:133] The operation took 1.749737798s
Trying algorithm eng45{k2=0,k5=3,k14=2} for conv (f16[64,400,400,32]{3,2,1,0}, u8[0]{0}) custom-call(f16[64,400,400,32]{3,2,1,0}, f16[32,3,3,1]{3,2,1,0}), window={size=3x3 pad=1_1x1_1}, dim_labels=b01f_o01i->b01f, feature_group_count=32, custom_call_target="__cudnn$convForward", backend_config={"cudnn_conv_backend_config":{"activation_mode":"kNone","conv_result_scale":1,"leakyrelu_alpha":0,"side_input_scale":0},"force_earliest_schedule":false,"operation_queue_id":"0","wait_on_operation_queues":[]} is taking a while...
2025-11-14 00:42:40.053051: E external/local_xla/xla/service/slow_operation_alarm.cc:65] Trying algorithm eng27{k2=3,k5=3,k14=2} for conv (f16[64,400,400,32]{3,2,1,0}, u8[0]{0}) custom-call(f16[64,400,400,32]{3,2,1,0}, f16[32,3,3,1]{3,2,1,0}), window={size=3x3 pad=1_1x1_1}, dim_labels=b01f_o01i->b01f, feature_group_count=32, custom_call_target="__cudnn$convForward", backend_config={"cudnn_conv_backend_config":{"activation_mode":"kNone","conv_result_scale":1,"leakyrelu_alpha":0,"side_input_scale":0},"force_earliest_schedule":false,"operation_queue_id":"0","wait_on_operation_queues":[]} is taking a while...
2025-11-14 00:42:41.032364: E external/local_xla/xla/service/slow_operation_alarm.cc:133] The operation took 1.979364674s
Trying algorithm eng27{k2=3,k5=3,k14=2} for conv (f16[64,400,400,32]{3,2,1,0}, u8[0]{0}) custom-call(f16[64,400,400,32]{3,2,1,0}, f16[32,3,3,1]{3,2,1,0}), window={size=3x3 pad=1_1x1_1}, dim_labels=b01f_o01i->b01f, feature_group_count=32, custom_call_target="__cudnn$convForward", backend_config={"cudnn_conv_backend_config":{"activation_mode":"kNone","conv_result_scale":1,"leakyrelu_alpha":0,"side_input_scale":0},"force_earliest_schedule":false,"operation_queue_id":"0","wait_on_operation_queues":[]} is taking a while...
2025-11-14 00:42:42.032561: E external/local_xla/xla/service/slow_operation_alarm.cc:65] Trying algorithm eng45{k2=1,k5=4,k14=2} for conv (f16[64,400,400,32]{3,2,1,0}, u8[0]{0}) custom-call(f16[64,400,400,32]{3,2,1,0}, f16[32,3,3,1]{3,2,1,0}), window={size=3x3 pad=1_1x1_1}, dim_labels=b01f_o01i->b01f, feature_group_count=32, custom_call_target="__cudnn$convForward", backend_config={"cudnn_conv_backend_config":{"activation_mode":"kNone","conv_result_scale":1,"leakyrelu_alpha":0,"side_input_scale":0},"force_earliest_schedule":false,"operation_queue_id":"0","wait_on_operation_queues":[]} is taking a while...
2025-11-14 00:42:43.079495: E external/local_xla/xla/service/slow_operation_alarm.cc:133] The operation took 2.046998239s
Trying algorithm eng45{k2=1,k5=4,k14=2} for conv (f16[64,400,400,32]{3,2,1,0}, u8[0]{0}) custom-call(f16[64,400,400,32]{3,2,1,0}, f16[32,3,3,1]{3,2,1,0}), window={size=3x3 pad=1_1x1_1}, dim_labels=b01f_o01i->b01f, feature_group_count=32, custom_call_target="__cudnn$convForward", backend_config={"cudnn_conv_backend_config":{"activation_mode":"kNone","conv_result_scale":1,"leakyrelu_alpha":0,"side_input_scale":0},"force_earliest_schedule":false,"operation_queue_id":"0","wait_on_operation_queues":[]} is taking a while...
2025-11-14 00:42:44.079662: E external/local_xla/xla/service/slow_operation_alarm.cc:65] Trying algorithm eng45{k2=5,k5=4,k14=4} for conv (f16[64,400,400,32]{3,2,1,0}, u8[0]{0}) custom-call(f16[64,400,400,32]{3,2,1,0}, f16[32,3,3,1]{3,2,1,0}), window={size=3x3 pad=1_1x1_1}, dim_labels=b01f_o01i->b01f, feature_group_count=32, custom_call_target="__cudnn$convForward", backend_config={"cudnn_conv_backend_config":{"activation_mode":"kNone","conv_result_scale":1,"leakyrelu_alpha":0,"side_input_scale":0},"force_earliest_schedule":false,"operation_queue_id":"0","wait_on_operation_queues":[]} is taking a while...
2025-11-14 00:42:45.452947: E external/local_xla/xla/service/slow_operation_alarm.cc:133] The operation took 2.373340523s
Trying algorithm eng45{k2=5,k5=4,k14=4} for conv (f16[64,400,400,32]{3,2,1,0}, u8[0]{0}) custom-call(f16[64,400,400,32]{3,2,1,0}, f16[32,3,3,1]{3,2,1,0}), window={size=3x3 pad=1_1x1_1}, dim_labels=b01f_o01i->b01f, feature_group_count=32, custom_call_target="__cudnn$convForward", backend_config={"cudnn_conv_backend_config":{"activation_mode":"kNone","conv_result_scale":1,"leakyrelu_alpha":0,"side_input_scale":0},"force_earliest_schedule":false,"operation_queue_id":"0","wait_on_operation_queues":[]} is taking a while...
2025-11-14 00:42:46.453110: E external/local_xla/xla/service/slow_operation_alarm.cc:65] Trying algorithm eng21{k2=1,k4=3,k5=4,k6=3,k7=2,k14=7,k19=1} for conv (f16[64,400,400,32]{3,2,1,0}, u8[0]{0}) custom-call(f16[64,400,400,32]{3,2,1,0}, f16[32,3,3,1]{3,2,1,0}), window={size=3x3 pad=1_1x1_1}, dim_labels=b01f_o01i->b01f, feature_group_count=32, custom_call_target="__cudnn$convForward", backend_config={"cudnn_conv_backend_config":{"activation_mode":"kNone","conv_result_scale":1,"leakyrelu_alpha":0,"side_input_scale":0},"force_earliest_schedule":false,"operation_queue_id":"0","wait_on_operation_queues":[]} is taking a while...
2025-11-14 00:42:48.178314: E external/local_xla/xla/service/slow_operation_alarm.cc:133] The operation took 2.725269046s
Trying algorithm eng21{k2=1,k4=3,k5=4,k6=3,k7=2,k14=7,k19=1} for conv (f16[64,400,400,32]{3,2,1,0}, u8[0]{0}) custom-call(f16[64,400,400,32]{3,2,1,0}, f16[32,3,3,1]{3,2,1,0}), window={size=3x3 pad=1_1x1_1}, dim_labels=b01f_o01i->b01f, feature_group_count=32, custom_call_target="__cudnn$convForward", backend_config={"cudnn_conv_backend_config":{"activation_mode":"kNone","conv_result_scale":1,"leakyrelu_alpha":0,"side_input_scale":0},"force_earliest_schedule":false,"operation_queue_id":"0","wait_on_operation_queues":[]} is taking a while...
2025-11-14 00:42:49.178486: E external/local_xla/xla/service/slow_operation_alarm.cc:65] Trying algorithm eng45{k2=9,k5=3,k14=3} for conv (f16[64,400,400,32]{3,2,1,0}, u8[0]{0}) custom-call(f16[64,400,400,32]{3,2,1,0}, f16[32,3,3,1]{3,2,1,0}), window={size=3x3 pad=1_1x1_1}, dim_labels=b01f_o01i->b01f, feature_group_count=32, custom_call_target="__cudnn$convForward", backend_config={"cudnn_conv_backend_config":{"activation_mode":"kNone","conv_result_scale":1,"leakyrelu_alpha":0,"side_input_scale":0},"force_earliest_schedule":false,"operation_queue_id":"0","wait_on_operation_queues":[]} is taking a while...
2025-11-14 00:42:51.537963: E external/local_xla/xla/service/slow_operation_alarm.cc:133] The operation took 3.359532126s
Trying algorithm eng45{k2=9,k5=3,k14=3} for conv (f16[64,400,400,32]{3,2,1,0}, u8[0]{0}) custom-call(f16[64,400,400,32]{3,2,1,0}, f16[32,3,3,1]{3,2,1,0}), window={size=3x3 pad=1_1x1_1}, dim_labels=b01f_o01i->b01f, feature_group_count=32, custom_call_target="__cudnn$convForward", backend_config={"cudnn_conv_backend_config":{"activation_mode":"kNone","conv_result_scale":1,"leakyrelu_alpha":0,"side_input_scale":0},"force_earliest_schedule":false,"operation_queue_id":"0","wait_on_operation_queues":[]} is taking a while...
E0000 00:00:1763080973.725307 2514230 gpu_timer.cc:82] Delay kernel timed out: measured time has sub-optimal accuracy. There may be a missing warmup execution, please investigate in Nsight Systems.
E0000 00:00:1763080973.918580 2514230 gpu_timer.cc:82] Delay kernel timed out: measured time has sub-optimal accuracy. There may be a missing warmup execution, please investigate in Nsight Systems.
2025-11-14 00:42:58.429096: E external/local_xla/xla/service/slow_operation_alarm.cc:65] Trying algorithm eng45{k2=5,k5=4,k14=4} for conv (f16[64,400,400,16]{3,2,1,0}, u8[0]{0}) custom-call(f16[64,400,400,16]{3,2,1,0}, f16[16,3,3,1]{3,2,1,0}), window={size=3x3 pad=1_1x1_1}, dim_labels=b01f_o01i->b01f, feature_group_count=16, custom_call_target="__cudnn$convForward", backend_config={"cudnn_conv_backend_config":{"activation_mode":"kNone","conv_result_scale":1,"leakyrelu_alpha":0,"side_input_scale":0},"force_earliest_schedule":false,"operation_queue_id":"0","wait_on_operation_queues":[]} is taking a while...
2025-11-14 00:42:58.601400: E external/local_xla/xla/service/slow_operation_alarm.cc:133] The operation took 1.172370969s
Trying algorithm eng45{k2=5,k5=4,k14=4} for conv (f16[64,400,400,16]{3,2,1,0}, u8[0]{0}) custom-call(f16[64,400,400,16]{3,2,1,0}, f16[16,3,3,1]{3,2,1,0}), window={size=3x3 pad=1_1x1_1}, dim_labels=b01f_o01i->b01f, feature_group_count=16, custom_call_target="__cudnn$convForward", backend_config={"cudnn_conv_backend_config":{"activation_mode":"kNone","conv_result_scale":1,"leakyrelu_alpha":0,"side_input_scale":0},"force_earliest_schedule":false,"operation_queue_id":"0","wait_on_operation_queues":[]} is taking a while...
2025-11-14 00:42:59.601531: E external/local_xla/xla/service/slow_operation_alarm.cc:65] Trying algorithm eng21{k2=1,k4=3,k5=4,k6=3,k7=2,k14=7,k19=1} for conv (f16[64,400,400,16]{3,2,1,0}, u8[0]{0}) custom-call(f16[64,400,400,16]{3,2,1,0}, f16[16,3,3,1]{3,2,1,0}), window={size=3x3 pad=1_1x1_1}, dim_labels=b01f_o01i->b01f, feature_group_count=16, custom_call_target="__cudnn$convForward", backend_config={"cudnn_conv_backend_config":{"activation_mode":"kNone","conv_result_scale":1,"leakyrelu_alpha":0,"side_input_scale":0},"force_earliest_schedule":false,"operation_queue_id":"0","wait_on_operation_queues":[]} is taking a while...
2025-11-14 00:42:59.927160: E external/local_xla/xla/service/slow_operation_alarm.cc:133] The operation took 1.325684454s
Trying algorithm eng21{k2=1,k4=3,k5=4,k6=3,k7=2,k14=7,k19=1} for conv (f16[64,400,400,16]{3,2,1,0}, u8[0]{0}) custom-call(f16[64,400,400,16]{3,2,1,0}, f16[16,3,3,1]{3,2,1,0}), window={size=3x3 pad=1_1x1_1}, dim_labels=b01f_o01i->b01f, feature_group_count=16, custom_call_target="__cudnn$convForward", backend_config={"cudnn_conv_backend_config":{"activation_mode":"kNone","conv_result_scale":1,"leakyrelu_alpha":0,"side_input_scale":0},"force_earliest_schedule":false,"operation_queue_id":"0","wait_on_operation_queues":[]} is taking a while...
2025-11-14 00:43:00.927278: E external/local_xla/xla/service/slow_operation_alarm.cc:65] Trying algorithm eng45{k2=9,k5=3,k14=3} for conv (f16[64,400,400,16]{3,2,1,0}, u8[0]{0}) custom-call(f16[64,400,400,16]{3,2,1,0}, f16[16,3,3,1]{3,2,1,0}), window={size=3x3 pad=1_1x1_1}, dim_labels=b01f_o01i->b01f, feature_group_count=16, custom_call_target="__cudnn$convForward", backend_config={"cudnn_conv_backend_config":{"activation_mode":"kNone","conv_result_scale":1,"leakyrelu_alpha":0,"side_input_scale":0},"force_earliest_schedule":false,"operation_queue_id":"0","wait_on_operation_queues":[]} is taking a while...
2025-11-14 00:43:01.570886: E external/local_xla/xla/service/slow_operation_alarm.cc:133] The operation took 1.643655902s
Trying algorithm eng45{k2=9,k5=3,k14=3} for conv (f16[64,400,400,16]{3,2,1,0}, u8[0]{0}) custom-call(f16[64,400,400,16]{3,2,1,0}, f16[16,3,3,1]{3,2,1,0}), window={size=3x3 pad=1_1x1_1}, dim_labels=b01f_o01i->b01f, feature_group_count=16, custom_call_target="__cudnn$convForward", backend_config={"cudnn_conv_backend_config":{"activation_mode":"kNone","conv_result_scale":1,"leakyrelu_alpha":0,"side_input_scale":0},"force_earliest_schedule":false,"operation_queue_id":"0","wait_on_operation_queues":[]} is taking a while...
E0000 00:00:1763080987.684083 2514230 gpu_timer.cc:82] Delay kernel timed out: measured time has sub-optimal accuracy. There may be a missing warmup execution, please investigate in Nsight Systems.
2025-11-14 00:43:07.746471: E external/local_xla/xla/service/slow_operation_alarm.cc:65] Trying algorithm eng4{} for conv (f16[64,200,200,96]{3,2,1,0}, u8[0]{0}) custom-call(f16[64,401,401,96]{3,2,1,0}, f16[96,3,3,1]{3,2,1,0}), window={size=3x3 stride=2x2}, dim_labels=b01f_o01i->b01f, feature_group_count=96, custom_call_target="__cudnn$convForward", backend_config={"cudnn_conv_backend_config":{"activation_mode":"kNone","conv_result_scale":1,"leakyrelu_alpha":0,"side_input_scale":0},"force_earliest_schedule":false,"operation_queue_id":"0","wait_on_operation_queues":[]} is taking a while...
E0000 00:00:1763080988.208465 2514230 gpu_timer.cc:82] Delay kernel timed out: measured time has sub-optimal accuracy. There may be a missing warmup execution, please investigate in Nsight Systems.
2025-11-14 00:43:08.222970: E external/local_xla/xla/service/slow_operation_alarm.cc:133] The operation took 1.476552351s
Trying algorithm eng4{} for conv (f16[64,200,200,96]{3,2,1,0}, u8[0]{0}) custom-call(f16[64,401,401,96]{3,2,1,0}, f16[96,3,3,1]{3,2,1,0}), window={size=3x3 stride=2x2}, dim_labels=b01f_o01i->b01f, feature_group_count=96, custom_call_target="__cudnn$convForward", backend_config={"cudnn_conv_backend_config":{"activation_mode":"kNone","conv_result_scale":1,"leakyrelu_alpha":0,"side_input_scale":0},"force_earliest_schedule":false,"operation_queue_id":"0","wait_on_operation_queues":[]} is taking a while...
2025-11-14 00:43:09.223074: E external/local_xla/xla/service/slow_operation_alarm.cc:65] Trying algorithm eng45{k2=0,k5=3,k14=2} for conv (f16[64,200,200,96]{3,2,1,0}, u8[0]{0}) custom-call(f16[64,401,401,96]{3,2,1,0}, f16[96,3,3,1]{3,2,1,0}), window={size=3x3 stride=2x2}, dim_labels=b01f_o01i->b01f, feature_group_count=96, custom_call_target="__cudnn$convForward", backend_config={"cudnn_conv_backend_config":{"activation_mode":"kNone","conv_result_scale":1,"leakyrelu_alpha":0,"side_input_scale":0},"force_earliest_schedule":false,"operation_queue_id":"0","wait_on_operation_queues":[]} is taking a while...
2025-11-14 00:43:10.243209: E external/local_xla/xla/service/slow_operation_alarm.cc:133] The operation took 2.020184827s
Trying algorithm eng45{k2=0,k5=3,k14=2} for conv (f16[64,200,200,96]{3,2,1,0}, u8[0]{0}) custom-call(f16[64,401,401,96]{3,2,1,0}, f16[96,3,3,1]{3,2,1,0}), window={size=3x3 stride=2x2}, dim_labels=b01f_o01i->b01f, feature_group_count=96, custom_call_target="__cudnn$convForward", backend_config={"cudnn_conv_backend_config":{"activation_mode":"kNone","conv_result_scale":1,"leakyrelu_alpha":0,"side_input_scale":0},"force_earliest_schedule":false,"operation_queue_id":"0","wait_on_operation_queues":[]} is taking a while...
2025-11-14 00:43:11.243345: E external/local_xla/xla/service/slow_operation_alarm.cc:65] Trying algorithm eng27{k2=3,k5=3,k14=2} for conv (f16[64,200,200,96]{3,2,1,0}, u8[0]{0}) custom-call(f16[64,401,401,96]{3,2,1,0}, f16[96,3,3,1]{3,2,1,0}), window={size=3x3 stride=2x2}, dim_labels=b01f_o01i->b01f, feature_group_count=96, custom_call_target="__cudnn$convForward", backend_config={"cudnn_conv_backend_config":{"activation_mode":"kNone","conv_result_scale":1,"leakyrelu_alpha":0,"side_input_scale":0},"force_earliest_schedule":false,"operation_queue_id":"0","wait_on_operation_queues":[]} is taking a while...
2025-11-14 00:43:12.442112: E external/local_xla/xla/service/slow_operation_alarm.cc:133] The operation took 2.198820486s
Trying algorithm eng27{k2=3,k5=3,k14=2} for conv (f16[64,200,200,96]{3,2,1,0}, u8[0]{0}) custom-call(f16[64,401,401,96]{3,2,1,0}, f16[96,3,3,1]{3,2,1,0}), window={size=3x3 stride=2x2}, dim_labels=b01f_o01i->b01f, feature_group_count=96, custom_call_target="__cudnn$convForward", backend_config={"cudnn_conv_backend_config":{"activation_mode":"kNone","conv_result_scale":1,"leakyrelu_alpha":0,"side_input_scale":0},"force_earliest_schedule":false,"operation_queue_id":"0","wait_on_operation_queues":[]} is taking a while...
2025-11-14 00:43:13.442266: E external/local_xla/xla/service/slow_operation_alarm.cc:65] Trying algorithm eng45{k2=1,k5=3,k14=5} for conv (f16[64,200,200,96]{3,2,1,0}, u8[0]{0}) custom-call(f16[64,401,401,96]{3,2,1,0}, f16[96,3,3,1]{3,2,1,0}), window={size=3x3 stride=2x2}, dim_labels=b01f_o01i->b01f, feature_group_count=96, custom_call_target="__cudnn$convForward", backend_config={"cudnn_conv_backend_config":{"activation_mode":"kNone","conv_result_scale":1,"leakyrelu_alpha":0,"side_input_scale":0},"force_earliest_schedule":false,"operation_queue_id":"0","wait_on_operation_queues":[]} is taking a while...
2025-11-14 00:43:14.318524: E external/local_xla/xla/service/slow_operation_alarm.cc:133] The operation took 1.87631751s
Trying algorithm eng45{k2=1,k5=3,k14=5} for conv (f16[64,200,200,96]{3,2,1,0}, u8[0]{0}) custom-call(f16[64,401,401,96]{3,2,1,0}, f16[96,3,3,1]{3,2,1,0}), window={size=3x3 stride=2x2}, dim_labels=b01f_o01i->b01f, feature_group_count=96, custom_call_target="__cudnn$convForward", backend_config={"cudnn_conv_backend_config":{"activation_mode":"kNone","conv_result_scale":1,"leakyrelu_alpha":0,"side_input_scale":0},"force_earliest_schedule":false,"operation_queue_id":"0","wait_on_operation_queues":[]} is taking a while...
2025-11-14 00:43:15.318647: E external/local_xla/xla/service/slow_operation_alarm.cc:65] Trying algorithm eng45{k2=1,k5=4,k14=2} for conv (f16[64,200,200,96]{3,2,1,0}, u8[0]{0}) custom-call(f16[64,401,401,96]{3,2,1,0}, f16[96,3,3,1]{3,2,1,0}), window={size=3x3 stride=2x2}, dim_labels=b01f_o01i->b01f, feature_group_count=96, custom_call_target="__cudnn$convForward", backend_config={"cudnn_conv_backend_config":{"activation_mode":"kNone","conv_result_scale":1,"leakyrelu_alpha":0,"side_input_scale":0},"force_earliest_schedule":false,"operation_queue_id":"0","wait_on_operation_queues":[]} is taking a while...
2025-11-14 00:43:16.595071: E external/local_xla/xla/service/slow_operation_alarm.cc:133] The operation took 2.276478266s
Trying algorithm eng45{k2=1,k5=4,k14=2} for conv (f16[64,200,200,96]{3,2,1,0}, u8[0]{0}) custom-call(f16[64,401,401,96]{3,2,1,0}, f16[96,3,3,1]{3,2,1,0}), window={size=3x3 stride=2x2}, dim_labels=b01f_o01i->b01f, feature_group_count=96, custom_call_target="__cudnn$convForward", backend_config={"cudnn_conv_backend_config":{"activation_mode":"kNone","conv_result_scale":1,"leakyrelu_alpha":0,"side_input_scale":0},"force_earliest_schedule":false,"operation_queue_id":"0","wait_on_operation_queues":[]} is taking a while...
2025-11-14 00:43:17.595209: E external/local_xla/xla/service/slow_operation_alarm.cc:65] Trying algorithm eng45{k2=5,k5=4,k14=4} for conv (f16[64,200,200,96]{3,2,1,0}, u8[0]{0}) custom-call(f16[64,401,401,96]{3,2,1,0}, f16[96,3,3,1]{3,2,1,0}), window={size=3x3 stride=2x2}, dim_labels=b01f_o01i->b01f, feature_group_count=96, custom_call_target="__cudnn$convForward", backend_config={"cudnn_conv_backend_config":{"activation_mode":"kNone","conv_result_scale":1,"leakyrelu_alpha":0,"side_input_scale":0},"force_earliest_schedule":false,"operation_queue_id":"0","wait_on_operation_queues":[]} is taking a while...
2025-11-14 00:43:19.145718: E external/local_xla/xla/service/slow_operation_alarm.cc:133] The operation took 2.550569506s
Trying algorithm eng45{k2=5,k5=4,k14=4} for conv (f16[64,200,200,96]{3,2,1,0}, u8[0]{0}) custom-call(f16[64,401,401,96]{3,2,1,0}, f16[96,3,3,1]{3,2,1,0}), window={size=3x3 stride=2x2}, dim_labels=b01f_o01i->b01f, feature_group_count=96, custom_call_target="__cudnn$convForward", backend_config={"cudnn_conv_backend_config":{"activation_mode":"kNone","conv_result_scale":1,"leakyrelu_alpha":0,"side_input_scale":0},"force_earliest_schedule":false,"operation_queue_id":"0","wait_on_operation_queues":[]} is taking a while...
2025-11-14 00:43:20.145875: E external/local_xla/xla/service/slow_operation_alarm.cc:65] Trying algorithm eng45{k2=9,k5=3,k14=3} for conv (f16[64,200,200,96]{3,2,1,0}, u8[0]{0}) custom-call(f16[64,401,401,96]{3,2,1,0}, f16[96,3,3,1]{3,2,1,0}), window={size=3x3 stride=2x2}, dim_labels=b01f_o01i->b01f, feature_group_count=96, custom_call_target="__cudnn$convForward", backend_config={"cudnn_conv_backend_config":{"activation_mode":"kNone","conv_result_scale":1,"leakyrelu_alpha":0,"side_input_scale":0},"force_earliest_schedule":false,"operation_queue_id":"0","wait_on_operation_queues":[]} is taking a while...
2025-11-14 00:43:22.396566: E external/local_xla/xla/service/slow_operation_alarm.cc:133] The operation took 3.250748355s
Trying algorithm eng45{k2=9,k5=3,k14=3} for conv (f16[64,200,200,96]{3,2,1,0}, u8[0]{0}) custom-call(f16[64,401,401,96]{3,2,1,0}, f16[96,3,3,1]{3,2,1,0}), window={size=3x3 stride=2x2}, dim_labels=b01f_o01i->b01f, feature_group_count=96, custom_call_target="__cudnn$convForward", backend_config={"cudnn_conv_backend_config":{"activation_mode":"kNone","conv_result_scale":1,"leakyrelu_alpha":0,"side_input_scale":0},"force_earliest_schedule":false,"operation_queue_id":"0","wait_on_operation_queues":[]} is taking a while...
E0000 00:00:1763081006.243965 2514230 gpu_timer.cc:82] Delay kernel timed out: measured time has sub-optimal accuracy. There may be a missing warmup execution, please investigate in Nsight Systems.
E0000 00:00:1763081006.579806 2514230 gpu_timer.cc:82] Delay kernel timed out: measured time has sub-optimal accuracy. There may be a missing warmup execution, please investigate in Nsight Systems.
2025-11-14 00:43:27.605046: E external/local_xla/xla/service/slow_operation_alarm.cc:65] Trying algorithm eng45{k2=1,k5=3,k14=5} for conv (f16[64,200,200,144]{3,2,1,0}, u8[0]{0}) custom-call(f16[64,200,200,144]{3,2,1,0}, f16[144,3,3,1]{3,2,1,0}), window={size=3x3 pad=1_1x1_1}, dim_labels=b01f_o01i->b01f, feature_group_count=144, custom_call_target="__cudnn$convForward", backend_config={"cudnn_conv_backend_config":{"activation_mode":"kNone","conv_result_scale":1,"leakyrelu_alpha":0,"side_input_scale":0},"force_earliest_schedule":false,"operation_queue_id":"0","wait_on_operation_queues":[]} is taking a while...
2025-11-14 00:43:28.567556: E external/local_xla/xla/service/slow_operation_alarm.cc:133] The operation took 1.962566488s
Trying algorithm eng45{k2=1,k5=3,k14=5} for conv (f16[64,200,200,144]{3,2,1,0}, u8[0]{0}) custom-call(f16[64,200,200,144]{3,2,1,0}, f16[144,3,3,1]{3,2,1,0}), window={size=3x3 pad=1_1x1_1}, dim_labels=b01f_o01i->b01f, feature_group_count=144, custom_call_target="__cudnn$convForward", backend_config={"cudnn_conv_backend_config":{"activation_mode":"kNone","conv_result_scale":1,"leakyrelu_alpha":0,"side_input_scale":0},"force_earliest_schedule":false,"operation_queue_id":"0","wait_on_operation_queues":[]} is taking a while...
2025-11-14 00:43:29.567738: E external/local_xla/xla/service/slow_operation_alarm.cc:65] Trying algorithm eng45{k2=0,k5=3,k14=2} for conv (f16[64,200,200,144]{3,2,1,0}, u8[0]{0}) custom-call(f16[64,200,200,144]{3,2,1,0}, f16[144,3,3,1]{3,2,1,0}), window={size=3x3 pad=1_1x1_1}, dim_labels=b01f_o01i->b01f, feature_group_count=144, custom_call_target="__cudnn$convForward", backend_config={"cudnn_conv_backend_config":{"activation_mode":"kNone","conv_result_scale":1,"leakyrelu_alpha":0,"side_input_scale":0},"force_earliest_schedule":false,"operation_queue_id":"0","wait_on_operation_queues":[]} is taking a while...
2025-11-14 00:43:30.782787: E external/local_xla/xla/service/slow_operation_alarm.cc:133] The operation took 2.215105259s
Trying algorithm eng45{k2=0,k5=3,k14=2} for conv (f16[64,200,200,144]{3,2,1,0}, u8[0]{0}) custom-call(f16[64,200,200,144]{3,2,1,0}, f16[144,3,3,1]{3,2,1,0}), window={size=3x3 pad=1_1x1_1}, dim_labels=b01f_o01i->b01f, feature_group_count=144, custom_call_target="__cudnn$convForward", backend_config={"cudnn_conv_backend_config":{"activation_mode":"kNone","conv_result_scale":1,"leakyrelu_alpha":0,"side_input_scale":0},"force_earliest_schedule":false,"operation_queue_id":"0","wait_on_operation_queues":[]} is taking a while...
2025-11-14 00:43:31.782934: E external/local_xla/xla/service/slow_operation_alarm.cc:65] Trying algorithm eng45{k2=1,k5=4,k14=2} for conv (f16[64,200,200,144]{3,2,1,0}, u8[0]{0}) custom-call(f16[64,200,200,144]{3,2,1,0}, f16[144,3,3,1]{3,2,1,0}), window={size=3x3 pad=1_1x1_1}, dim_labels=b01f_o01i->b01f, feature_group_count=144, custom_call_target="__cudnn$convForward", backend_config={"cudnn_conv_backend_config":{"activation_mode":"kNone","conv_result_scale":1,"leakyrelu_alpha":0,"side_input_scale":0},"force_earliest_schedule":false,"operation_queue_id":"0","wait_on_operation_queues":[]} is taking a while...
2025-11-14 00:43:33.344016: E external/local_xla/xla/service/slow_operation_alarm.cc:133] The operation took 2.561136466s
Trying algorithm eng45{k2=1,k5=4,k14=2} for conv (f16[64,200,200,144]{3,2,1,0}, u8[0]{0}) custom-call(f16[64,200,200,144]{3,2,1,0}, f16[144,3,3,1]{3,2,1,0}), window={size=3x3 pad=1_1x1_1}, dim_labels=b01f_o01i->b01f, feature_group_count=144, custom_call_target="__cudnn$convForward", backend_config={"cudnn_conv_backend_config":{"activation_mode":"kNone","conv_result_scale":1,"leakyrelu_alpha":0,"side_input_scale":0},"force_earliest_schedule":false,"operation_queue_id":"0","wait_on_operation_queues":[]} is taking a while...
2025-11-14 00:43:34.344172: E external/local_xla/xla/service/slow_operation_alarm.cc:65] Trying algorithm eng45{k2=5,k5=4,k14=4} for conv (f16[64,200,200,144]{3,2,1,0}, u8[0]{0}) custom-call(f16[64,200,200,144]{3,2,1,0}, f16[144,3,3,1]{3,2,1,0}), window={size=3x3 pad=1_1x1_1}, dim_labels=b01f_o01i->b01f, feature_group_count=144, custom_call_target="__cudnn$convForward", backend_config={"cudnn_conv_backend_config":{"activation_mode":"kNone","conv_result_scale":1,"leakyrelu_alpha":0,"side_input_scale":0},"force_earliest_schedule":false,"operation_queue_id":"0","wait_on_operation_queues":[]} is taking a while...
2025-11-14 00:43:36.281828: E external/local_xla/xla/service/slow_operation_alarm.cc:133] The operation took 2.937714397s
Trying algorithm eng45{k2=5,k5=4,k14=4} for conv (f16[64,200,200,144]{3,2,1,0}, u8[0]{0}) custom-call(f16[64,200,200,144]{3,2,1,0}, f16[144,3,3,1]{3,2,1,0}), window={size=3x3 pad=1_1x1_1}, dim_labels=b01f_o01i->b01f, feature_group_count=144, custom_call_target="__cudnn$convForward", backend_config={"cudnn_conv_backend_config":{"activation_mode":"kNone","conv_result_scale":1,"leakyrelu_alpha":0,"side_input_scale":0},"force_earliest_schedule":false,"operation_queue_id":"0","wait_on_operation_queues":[]} is taking a while...
2025-11-14 00:43:37.282004: E external/local_xla/xla/service/slow_operation_alarm.cc:65] Trying algorithm eng45{k2=9,k5=3,k14=3} for conv (f16[64,200,200,144]{3,2,1,0}, u8[0]{0}) custom-call(f16[64,200,200,144]{3,2,1,0}, f16[144,3,3,1]{3,2,1,0}), window={size=3x3 pad=1_1x1_1}, dim_labels=b01f_o01i->b01f, feature_group_count=144, custom_call_target="__cudnn$convForward", backend_config={"cudnn_conv_backend_config":{"activation_mode":"kNone","conv_result_scale":1,"leakyrelu_alpha":0,"side_input_scale":0},"force_earliest_schedule":false,"operation_queue_id":"0","wait_on_operation_queues":[]} is taking a while...
2025-11-14 00:43:40.353868: E external/local_xla/xla/service/slow_operation_alarm.cc:133] The operation took 4.071936077s
Trying algorithm eng45{k2=9,k5=3,k14=3} for conv (f16[64,200,200,144]{3,2,1,0}, u8[0]{0}) custom-call(f16[64,200,200,144]{3,2,1,0}, f16[144,3,3,1]{3,2,1,0}), window={size=3x3 pad=1_1x1_1}, dim_labels=b01f_o01i->b01f, feature_group_count=144, custom_call_target="__cudnn$convForward", backend_config={"cudnn_conv_backend_config":{"activation_mode":"kNone","conv_result_scale":1,"leakyrelu_alpha":0,"side_input_scale":0},"force_earliest_schedule":false,"operation_queue_id":"0","wait_on_operation_queues":[]} is taking a while...
E0000 00:00:1763081023.157117 2514230 gpu_timer.cc:82] Delay kernel timed out: measured time has sub-optimal accuracy. There may be a missing warmup execution, please investigate in Nsight Systems.
E0000 00:00:1763081023.451141 2514230 gpu_timer.cc:82] Delay kernel timed out: measured time has sub-optimal accuracy. There may be a missing warmup execution, please investigate in Nsight Systems.
2025-11-14 00:43:44.466213: E external/local_xla/xla/service/slow_operation_alarm.cc:65] Trying algorithm eng45{k2=0,k5=3,k14=2} for conv (f16[64,100,100,144]{3,2,1,0}, u8[0]{0}) custom-call(f16[64,203,203,144]{3,2,1,0}, f16[144,5,5,1]{3,2,1,0}), window={size=5x5 stride=2x2}, dim_labels=b01f_o01i->b01f, feature_group_count=144, custom_call_target="__cudnn$convForward", backend_config={"cudnn_conv_backend_config":{"activation_mode":"kNone","conv_result_scale":1,"leakyrelu_alpha":0,"side_input_scale":0},"force_earliest_schedule":false,"operation_queue_id":"0","wait_on_operation_queues":[]} is taking a while...
2025-11-14 00:43:44.707404: E external/local_xla/xla/service/slow_operation_alarm.cc:133] The operation took 1.241254109s
Trying algorithm eng45{k2=0,k5=3,k14=2} for conv (f16[64,100,100,144]{3,2,1,0}, u8[0]{0}) custom-call(f16[64,203,203,144]{3,2,1,0}, f16[144,5,5,1]{3,2,1,0}), window={size=5x5 stride=2x2}, dim_labels=b01f_o01i->b01f, feature_group_count=144, custom_call_target="__cudnn$convForward", backend_config={"cudnn_conv_backend_config":{"activation_mode":"kNone","conv_result_scale":1,"leakyrelu_alpha":0,"side_input_scale":0},"force_earliest_schedule":false,"operation_queue_id":"0","wait_on_operation_queues":[]} is taking a while...
2025-11-14 00:43:45.707559: E external/local_xla/xla/service/slow_operation_alarm.cc:65] Trying algorithm eng27{k2=3,k5=3,k14=2} for conv (f16[64,100,100,144]{3,2,1,0}, u8[0]{0}) custom-call(f16[64,203,203,144]{3,2,1,0}, f16[144,5,5,1]{3,2,1,0}), window={size=5x5 stride=2x2}, dim_labels=b01f_o01i->b01f, feature_group_count=144, custom_call_target="__cudnn$convForward", backend_config={"cudnn_conv_backend_config":{"activation_mode":"kNone","conv_result_scale":1,"leakyrelu_alpha":0,"side_input_scale":0},"force_earliest_schedule":false,"operation_queue_id":"0","wait_on_operation_queues":[]} is taking a while...
2025-11-14 00:43:46.060580: E external/local_xla/xla/service/slow_operation_alarm.cc:133] The operation took 1.353083766s
Trying algorithm eng27{k2=3,k5=3,k14=2} for conv (f16[64,100,100,144]{3,2,1,0}, u8[0]{0}) custom-call(f16[64,203,203,144]{3,2,1,0}, f16[144,5,5,1]{3,2,1,0}), window={size=5x5 stride=2x2}, dim_labels=b01f_o01i->b01f, feature_group_count=144, custom_call_target="__cudnn$convForward", backend_config={"cudnn_conv_backend_config":{"activation_mode":"kNone","conv_result_scale":1,"leakyrelu_alpha":0,"side_input_scale":0},"force_earliest_schedule":false,"operation_queue_id":"0","wait_on_operation_queues":[]} is taking a while...
2025-11-14 00:43:48.038218: E external/local_xla/xla/service/slow_operation_alarm.cc:65] Trying algorithm eng45{k2=1,k5=4,k14=2} for conv (f16[64,100,100,144]{3,2,1,0}, u8[0]{0}) custom-call(f16[64,203,203,144]{3,2,1,0}, f16[144,5,5,1]{3,2,1,0}), window={size=5x5 stride=2x2}, dim_labels=b01f_o01i->b01f, feature_group_count=144, custom_call_target="__cudnn$convForward", backend_config={"cudnn_conv_backend_config":{"activation_mode":"kNone","conv_result_scale":1,"leakyrelu_alpha":0,"side_input_scale":0},"force_earliest_schedule":false,"operation_queue_id":"0","wait_on_operation_queues":[]} is taking a while...
2025-11-14 00:43:48.441922: E external/local_xla/xla/service/slow_operation_alarm.cc:133] The operation took 1.403768851s
Trying algorithm eng45{k2=1,k5=4,k14=2} for conv (f16[64,100,100,144]{3,2,1,0}, u8[0]{0}) custom-call(f16[64,203,203,144]{3,2,1,0}, f16[144,5,5,1]{3,2,1,0}), window={size=5x5 stride=2x2}, dim_labels=b01f_o01i->b01f, feature_group_count=144, custom_call_target="__cudnn$convForward", backend_config={"cudnn_conv_backend_config":{"activation_mode":"kNone","conv_result_scale":1,"leakyrelu_alpha":0,"side_input_scale":0},"force_earliest_schedule":false,"operation_queue_id":"0","wait_on_operation_queues":[]} is taking a while...
2025-11-14 00:43:49.442038: E external/local_xla/xla/service/slow_operation_alarm.cc:65] Trying algorithm eng45{k2=5,k5=4,k14=4} for conv (f16[64,100,100,144]{3,2,1,0}, u8[0]{0}) custom-call(f16[64,203,203,144]{3,2,1,0}, f16[144,5,5,1]{3,2,1,0}), window={size=5x5 stride=2x2}, dim_labels=b01f_o01i->b01f, feature_group_count=144, custom_call_target="__cudnn$convForward", backend_config={"cudnn_conv_backend_config":{"activation_mode":"kNone","conv_result_scale":1,"leakyrelu_alpha":0,"side_input_scale":0},"force_earliest_schedule":false,"operation_queue_id":"0","wait_on_operation_queues":[]} is taking a while...
2025-11-14 00:43:50.066515: E external/local_xla/xla/service/slow_operation_alarm.cc:133] The operation took 1.624529938s
Trying algorithm eng45{k2=5,k5=4,k14=4} for conv (f16[64,100,100,144]{3,2,1,0}, u8[0]{0}) custom-call(f16[64,203,203,144]{3,2,1,0}, f16[144,5,5,1]{3,2,1,0}), window={size=5x5 stride=2x2}, dim_labels=b01f_o01i->b01f, feature_group_count=144, custom_call_target="__cudnn$convForward", backend_config={"cudnn_conv_backend_config":{"activation_mode":"kNone","conv_result_scale":1,"leakyrelu_alpha":0,"side_input_scale":0},"force_earliest_schedule":false,"operation_queue_id":"0","wait_on_operation_queues":[]} is taking a while...
2025-11-14 00:43:51.066623: E external/local_xla/xla/service/slow_operation_alarm.cc:65] Trying algorithm eng45{k2=9,k5=3,k14=3} for conv (f16[64,100,100,144]{3,2,1,0}, u8[0]{0}) custom-call(f16[64,203,203,144]{3,2,1,0}, f16[144,5,5,1]{3,2,1,0}), window={size=5x5 stride=2x2}, dim_labels=b01f_o01i->b01f, feature_group_count=144, custom_call_target="__cudnn$convForward", backend_config={"cudnn_conv_backend_config":{"activation_mode":"kNone","conv_result_scale":1,"leakyrelu_alpha":0,"side_input_scale":0},"force_earliest_schedule":false,"operation_queue_id":"0","wait_on_operation_queues":[]} is taking a while...
2025-11-14 00:43:52.288952: E external/local_xla/xla/service/slow_operation_alarm.cc:133] The operation took 2.2223795s
Trying algorithm eng45{k2=9,k5=3,k14=3} for conv (f16[64,100,100,144]{3,2,1,0}, u8[0]{0}) custom-call(f16[64,203,203,144]{3,2,1,0}, f16[144,5,5,1]{3,2,1,0}), window={size=5x5 stride=2x2}, dim_labels=b01f_o01i->b01f, feature_group_count=144, custom_call_target="__cudnn$convForward", backend_config={"cudnn_conv_backend_config":{"activation_mode":"kNone","conv_result_scale":1,"leakyrelu_alpha":0,"side_input_scale":0},"force_earliest_schedule":false,"operation_queue_id":"0","wait_on_operation_queues":[]} is taking a while...
2025-11-14 00:43:55.145205: E external/local_xla/xla/service/slow_operation_alarm.cc:65] Trying algorithm eng45{k2=1,k5=3,k14=5} for conv (f16[64,100,100,240]{3,2,1,0}, u8[0]{0}) custom-call(f16[64,100,100,240]{3,2,1,0}, f16[240,5,5,1]{3,2,1,0}), window={size=5x5 pad=2_2x2_2}, dim_labels=b01f_o01i->b01f, feature_group_count=240, custom_call_target="__cudnn$convForward", backend_config={"cudnn_conv_backend_config":{"activation_mode":"kNone","conv_result_scale":1,"leakyrelu_alpha":0,"side_input_scale":0},"force_earliest_schedule":false,"operation_queue_id":"0","wait_on_operation_queues":[]} is taking a while...
2025-11-14 00:43:55.422453: E external/local_xla/xla/service/slow_operation_alarm.cc:133] The operation took 1.2773076s
Trying algorithm eng45{k2=1,k5=3,k14=5} for conv (f16[64,100,100,240]{3,2,1,0}, u8[0]{0}) custom-call(f16[64,100,100,240]{3,2,1,0}, f16[240,5,5,1]{3,2,1,0}), window={size=5x5 pad=2_2x2_2}, dim_labels=b01f_o01i->b01f, feature_group_count=240, custom_call_target="__cudnn$convForward", backend_config={"cudnn_conv_backend_config":{"activation_mode":"kNone","conv_result_scale":1,"leakyrelu_alpha":0,"side_input_scale":0},"force_earliest_schedule":false,"operation_queue_id":"0","wait_on_operation_queues":[]} is taking a while...
2025-11-14 00:43:56.422576: E external/local_xla/xla/service/slow_operation_alarm.cc:65] Trying algorithm eng45{k2=0,k5=3,k14=2} for conv (f16[64,100,100,240]{3,2,1,0}, u8[0]{0}) custom-call(f16[64,100,100,240]{3,2,1,0}, f16[240,5,5,1]{3,2,1,0}), window={size=5x5 pad=2_2x2_2}, dim_labels=b01f_o01i->b01f, feature_group_count=240, custom_call_target="__cudnn$convForward", backend_config={"cudnn_conv_backend_config":{"activation_mode":"kNone","conv_result_scale":1,"leakyrelu_alpha":0,"side_input_scale":0},"force_earliest_schedule":false,"operation_queue_id":"0","wait_on_operation_queues":[]} is taking a while...
2025-11-14 00:43:57.157003: E external/local_xla/xla/service/slow_operation_alarm.cc:133] The operation took 1.734478486s
Trying algorithm eng45{k2=0,k5=3,k14=2} for conv (f16[64,100,100,240]{3,2,1,0}, u8[0]{0}) custom-call(f16[64,100,100,240]{3,2,1,0}, f16[240,5,5,1]{3,2,1,0}), window={size=5x5 pad=2_2x2_2}, dim_labels=b01f_o01i->b01f, feature_group_count=240, custom_call_target="__cudnn$convForward", backend_config={"cudnn_conv_backend_config":{"activation_mode":"kNone","conv_result_scale":1,"leakyrelu_alpha":0,"side_input_scale":0},"force_earliest_schedule":false,"operation_queue_id":"0","wait_on_operation_queues":[]} is taking a while...
2025-11-14 00:43:58.157117: E external/local_xla/xla/service/slow_operation_alarm.cc:65] Trying algorithm eng45{k2=1,k5=4,k14=2} for conv (f16[64,100,100,240]{3,2,1,0}, u8[0]{0}) custom-call(f16[64,100,100,240]{3,2,1,0}, f16[240,5,5,1]{3,2,1,0}), window={size=5x5 pad=2_2x2_2}, dim_labels=b01f_o01i->b01f, feature_group_count=240, custom_call_target="__cudnn$convForward", backend_config={"cudnn_conv_backend_config":{"activation_mode":"kNone","conv_result_scale":1,"leakyrelu_alpha":0,"side_input_scale":0},"force_earliest_schedule":false,"operation_queue_id":"0","wait_on_operation_queues":[]} is taking a while...
2025-11-14 00:43:59.131234: E external/local_xla/xla/service/slow_operation_alarm.cc:133] The operation took 1.97417083s
Trying algorithm eng45{k2=1,k5=4,k14=2} for conv (f16[64,100,100,240]{3,2,1,0}, u8[0]{0}) custom-call(f16[64,100,100,240]{3,2,1,0}, f16[240,5,5,1]{3,2,1,0}), window={size=5x5 pad=2_2x2_2}, dim_labels=b01f_o01i->b01f, feature_group_count=240, custom_call_target="__cudnn$convForward", backend_config={"cudnn_conv_backend_config":{"activation_mode":"kNone","conv_result_scale":1,"leakyrelu_alpha":0,"side_input_scale":0},"force_earliest_schedule":false,"operation_queue_id":"0","wait_on_operation_queues":[]} is taking a while...
E0000 00:00:1763081059.004857 2514230 gpu_timer.cc:82] Delay kernel timed out: measured time has sub-optimal accuracy. There may be a missing warmup execution, please investigate in Nsight Systems.
E0000 00:00:1763081059.370832 2514230 gpu_timer.cc:82] Delay kernel timed out: measured time has sub-optimal accuracy. There may be a missing warmup execution, please investigate in Nsight Systems.
2025-11-14 00:44:19.391065: E external/local_xla/xla/service/slow_operation_alarm.cc:65] Trying algorithm eng4{} for conv (f16[64,203,203,144]{3,2,1,0}, u8[0]{0}) custom-call(f16[64,207,207,144]{3,2,1,0}, f16[144,5,5,1]{3,2,1,0}), window={size=5x5}, dim_labels=b01f_o01i->b01f, feature_group_count=144, custom_call_target="__cudnn$convForward", backend_config={"cudnn_conv_backend_config":{"activation_mode":"kNone","conv_result_scale":1,"leakyrelu_alpha":0,"side_input_scale":0},"force_earliest_schedule":false,"operation_queue_id":"0","wait_on_operation_queues":[]} is taking a while...
2025-11-14 00:44:19.394394: E external/local_xla/xla/service/slow_operation_alarm.cc:133] The operation took 1.003389139s
Trying algorithm eng4{} for conv (f16[64,203,203,144]{3,2,1,0}, u8[0]{0}) custom-call(f16[64,207,207,144]{3,2,1,0}, f16[144,5,5,1]{3,2,1,0}), window={size=5x5}, dim_labels=b01f_o01i->b01f, feature_group_count=144, custom_call_target="__cudnn$convForward", backend_config={"cudnn_conv_backend_config":{"activation_mode":"kNone","conv_result_scale":1,"leakyrelu_alpha":0,"side_input_scale":0},"force_earliest_schedule":false,"operation_queue_id":"0","wait_on_operation_queues":[]} is taking a while...
2025-11-14 00:44:20.394505: E external/local_xla/xla/service/slow_operation_alarm.cc:65] Trying algorithm eng45{k2=1,k5=3,k14=5} for conv (f16[64,203,203,144]{3,2,1,0}, u8[0]{0}) custom-call(f16[64,207,207,144]{3,2,1,0}, f16[144,5,5,1]{3,2,1,0}), window={size=5x5}, dim_labels=b01f_o01i->b01f, feature_group_count=144, custom_call_target="__cudnn$convForward", backend_config={"cudnn_conv_backend_config":{"activation_mode":"kNone","conv_result_scale":1,"leakyrelu_alpha":0,"side_input_scale":0},"force_earliest_schedule":false,"operation_queue_id":"0","wait_on_operation_queues":[]} is taking a while...
2025-11-14 00:44:22.489294: E external/local_xla/xla/service/slow_operation_alarm.cc:133] The operation took 3.094842341s
Trying algorithm eng45{k2=1,k5=3,k14=5} for conv (f16[64,203,203,144]{3,2,1,0}, u8[0]{0}) custom-call(f16[64,207,207,144]{3,2,1,0}, f16[144,5,5,1]{3,2,1,0}), window={size=5x5}, dim_labels=b01f_o01i->b01f, feature_group_count=144, custom_call_target="__cudnn$convForward", backend_config={"cudnn_conv_backend_config":{"activation_mode":"kNone","conv_result_scale":1,"leakyrelu_alpha":0,"side_input_scale":0},"force_earliest_schedule":false,"operation_queue_id":"0","wait_on_operation_queues":[]} is taking a while...
2025-11-14 00:44:23.489433: E external/local_xla/xla/service/slow_operation_alarm.cc:65] Trying algorithm eng45{k2=0,k5=3,k14=2} for conv (f16[64,203,203,144]{3,2,1,0}, u8[0]{0}) custom-call(f16[64,207,207,144]{3,2,1,0}, f16[144,5,5,1]{3,2,1,0}), window={size=5x5}, dim_labels=b01f_o01i->b01f, feature_group_count=144, custom_call_target="__cudnn$convForward", backend_config={"cudnn_conv_backend_config":{"activation_mode":"kNone","conv_result_scale":1,"leakyrelu_alpha":0,"side_input_scale":0},"force_earliest_schedule":false,"operation_queue_id":"0","wait_on_operation_queues":[]} is taking a while...
2025-11-14 00:44:26.779828: E external/local_xla/xla/service/slow_operation_alarm.cc:133] The operation took 4.290447841s
Trying algorithm eng45{k2=0,k5=3,k14=2} for conv (f16[64,203,203,144]{3,2,1,0}, u8[0]{0}) custom-call(f16[64,207,207,144]{3,2,1,0}, f16[144,5,5,1]{3,2,1,0}), window={size=5x5}, dim_labels=b01f_o01i->b01f, feature_group_count=144, custom_call_target="__cudnn$convForward", backend_config={"cudnn_conv_backend_config":{"activation_mode":"kNone","conv_result_scale":1,"leakyrelu_alpha":0,"side_input_scale":0},"force_earliest_schedule":false,"operation_queue_id":"0","wait_on_operation_queues":[]} is taking a while...
2025-11-14 00:44:27.779938: E external/local_xla/xla/service/slow_operation_alarm.cc:65] Trying algorithm eng27{k2=3,k5=3,k14=2} for conv (f16[64,203,203,144]{3,2,1,0}, u8[0]{0}) custom-call(f16[64,207,207,144]{3,2,1,0}, f16[144,5,5,1]{3,2,1,0}), window={size=5x5}, dim_labels=b01f_o01i->b01f, feature_group_count=144, custom_call_target="__cudnn$convForward", backend_config={"cudnn_conv_backend_config":{"activation_mode":"kNone","conv_result_scale":1,"leakyrelu_alpha":0,"side_input_scale":0},"force_earliest_schedule":false,"operation_queue_id":"0","wait_on_operation_queues":[]} is taking a while...
2025-11-14 00:44:31.493174: E external/local_xla/xla/service/slow_operation_alarm.cc:133] The operation took 4.713288728s
Trying algorithm eng27{k2=3,k5=3,k14=2} for conv (f16[64,203,203,144]{3,2,1,0}, u8[0]{0}) custom-call(f16[64,207,207,144]{3,2,1,0}, f16[144,5,5,1]{3,2,1,0}), window={size=5x5}, dim_labels=b01f_o01i->b01f, feature_group_count=144, custom_call_target="__cudnn$convForward", backend_config={"cudnn_conv_backend_config":{"activation_mode":"kNone","conv_result_scale":1,"leakyrelu_alpha":0,"side_input_scale":0},"force_earliest_schedule":false,"operation_queue_id":"0","wait_on_operation_queues":[]} is taking a while...
2025-11-14 00:44:32.493305: E external/local_xla/xla/service/slow_operation_alarm.cc:65] Trying algorithm eng45{k2=1,k5=4,k14=2} for conv (f16[64,203,203,144]{3,2,1,0}, u8[0]{0}) custom-call(f16[64,207,207,144]{3,2,1,0}, f16[144,5,5,1]{3,2,1,0}), window={size=5x5}, dim_labels=b01f_o01i->b01f, feature_group_count=144, custom_call_target="__cudnn$convForward", backend_config={"cudnn_conv_backend_config":{"activation_mode":"kNone","conv_result_scale":1,"leakyrelu_alpha":0,"side_input_scale":0},"force_earliest_schedule":false,"operation_queue_id":"0","wait_on_operation_queues":[]} is taking a while...
2025-11-14 00:44:36.359576: E external/local_xla/xla/service/slow_operation_alarm.cc:133] The operation took 4.8663301s
Trying algorithm eng45{k2=1,k5=4,k14=2} for conv (f16[64,203,203,144]{3,2,1,0}, u8[0]{0}) custom-call(f16[64,207,207,144]{3,2,1,0}, f16[144,5,5,1]{3,2,1,0}), window={size=5x5}, dim_labels=b01f_o01i->b01f, feature_group_count=144, custom_call_target="__cudnn$convForward", backend_config={"cudnn_conv_backend_config":{"activation_mode":"kNone","conv_result_scale":1,"leakyrelu_alpha":0,"side_input_scale":0},"force_earliest_schedule":false,"operation_queue_id":"0","wait_on_operation_queues":[]} is taking a while...
2025-11-14 00:44:37.359722: E external/local_xla/xla/service/slow_operation_alarm.cc:65] Trying algorithm eng45{k2=5,k5=4,k14=4} for conv (f16[64,203,203,144]{3,2,1,0}, u8[0]{0}) custom-call(f16[64,207,207,144]{3,2,1,0}, f16[144,5,5,1]{3,2,1,0}), window={size=5x5}, dim_labels=b01f_o01i->b01f, feature_group_count=144, custom_call_target="__cudnn$convForward", backend_config={"cudnn_conv_backend_config":{"activation_mode":"kNone","conv_result_scale":1,"leakyrelu_alpha":0,"side_input_scale":0},"force_earliest_schedule":false,"operation_queue_id":"0","wait_on_operation_queues":[]} is taking a while...
2025-11-14 00:44:41.998221: E external/local_xla/xla/service/slow_operation_alarm.cc:133] The operation took 5.638564382s
Trying algorithm eng45{k2=5,k5=4,k14=4} for conv (f16[64,203,203,144]{3,2,1,0}, u8[0]{0}) custom-call(f16[64,207,207,144]{3,2,1,0}, f16[144,5,5,1]{3,2,1,0}), window={size=5x5}, dim_labels=b01f_o01i->b01f, feature_group_count=144, custom_call_target="__cudnn$convForward", backend_config={"cudnn_conv_backend_config":{"activation_mode":"kNone","conv_result_scale":1,"leakyrelu_alpha":0,"side_input_scale":0},"force_earliest_schedule":false,"operation_queue_id":"0","wait_on_operation_queues":[]} is taking a while...
2025-11-14 00:44:42.998360: E external/local_xla/xla/service/slow_operation_alarm.cc:65] Trying algorithm eng45{k2=9,k5=3,k14=3} for conv (f16[64,203,203,144]{3,2,1,0}, u8[0]{0}) custom-call(f16[64,207,207,144]{3,2,1,0}, f16[144,5,5,1]{3,2,1,0}), window={size=5x5}, dim_labels=b01f_o01i->b01f, feature_group_count=144, custom_call_target="__cudnn$convForward", backend_config={"cudnn_conv_backend_config":{"activation_mode":"kNone","conv_result_scale":1,"leakyrelu_alpha":0,"side_input_scale":0},"force_earliest_schedule":false,"operation_queue_id":"0","wait_on_operation_queues":[]} is taking a while...
2025-11-14 00:44:50.258407: E external/local_xla/xla/service/slow_operation_alarm.cc:133] The operation took 8.260110992s
Trying algorithm eng45{k2=9,k5=3,k14=3} for conv (f16[64,203,203,144]{3,2,1,0}, u8[0]{0}) custom-call(f16[64,207,207,144]{3,2,1,0}, f16[144,5,5,1]{3,2,1,0}), window={size=5x5}, dim_labels=b01f_o01i->b01f, feature_group_count=144, custom_call_target="__cudnn$convForward", backend_config={"cudnn_conv_backend_config":{"activation_mode":"kNone","conv_result_scale":1,"leakyrelu_alpha":0,"side_input_scale":0},"force_earliest_schedule":false,"operation_queue_id":"0","wait_on_operation_queues":[]} is taking a while...
2025-11-14 00:44:53.046945: E external/local_xla/xla/service/slow_operation_alarm.cc:65] Trying algorithm eng0{} for conv (f16[64,401,401,96]{3,2,1,0}, u8[0]{0}) custom-call(f16[64,403,403,96]{3,2,1,0}, f16[96,3,3,1]{3,2,1,0}), window={size=3x3}, dim_labels=b01f_o01i->b01f, feature_group_count=96, custom_call_target="__cudnn$convForward", backend_config={"cudnn_conv_backend_config":{"activation_mode":"kNone","conv_result_scale":1,"leakyrelu_alpha":0,"side_input_scale":0},"force_earliest_schedule":false,"operation_queue_id":"0","wait_on_operation_queues":[]} is taking a while...
2025-11-14 00:44:53.911807: E external/local_xla/xla/service/slow_operation_alarm.cc:133] The operation took 1.864923036s
Trying algorithm eng0{} for conv (f16[64,401,401,96]{3,2,1,0}, u8[0]{0}) custom-call(f16[64,403,403,96]{3,2,1,0}, f16[96,3,3,1]{3,2,1,0}), window={size=3x3}, dim_labels=b01f_o01i->b01f, feature_group_count=96, custom_call_target="__cudnn$convForward", backend_config={"cudnn_conv_backend_config":{"activation_mode":"kNone","conv_result_scale":1,"leakyrelu_alpha":0,"side_input_scale":0},"force_earliest_schedule":false,"operation_queue_id":"0","wait_on_operation_queues":[]} is taking a while...
2025-11-14 00:44:53.911922: W external/local_xla/xla/tsl/framework/bfc_allocator.cc:306] Allocator (GPU_0_bfc) ran out of memory trying to allocate 7.88GiB with freed_by_count=0. The caller indicates that this is not a failure, but this may mean that there could be performance gains if more memory were available.
2025-11-14 00:44:54.911979: E external/local_xla/xla/service/slow_operation_alarm.cc:65] Trying algorithm eng28{k2=4,k3=0} for conv (f16[64,401,401,96]{3,2,1,0}, u8[0]{0}) custom-call(f16[64,403,403,96]{3,2,1,0}, f16[96,3,3,1]{3,2,1,0}), window={size=3x3}, dim_labels=b01f_o01i->b01f, feature_group_count=96, custom_call_target="__cudnn$convForward", backend_config={"cudnn_conv_backend_config":{"activation_mode":"kNone","conv_result_scale":1,"leakyrelu_alpha":0,"side_input_scale":0},"force_earliest_schedule":false,"operation_queue_id":"0","wait_on_operation_queues":[]} is taking a while...
2025-11-14 00:44:54.916346: E external/local_xla/xla/service/slow_operation_alarm.cc:133] The operation took 1.004391338s
Trying algorithm eng28{k2=4,k3=0} for conv (f16[64,401,401,96]{3,2,1,0}, u8[0]{0}) custom-call(f16[64,403,403,96]{3,2,1,0}, f16[96,3,3,1]{3,2,1,0}), window={size=3x3}, dim_labels=b01f_o01i->b01f, feature_group_count=96, custom_call_target="__cudnn$convForward", backend_config={"cudnn_conv_backend_config":{"activation_mode":"kNone","conv_result_scale":1,"leakyrelu_alpha":0,"side_input_scale":0},"force_earliest_schedule":false,"operation_queue_id":"0","wait_on_operation_queues":[]} is taking a while...
2025-11-14 00:44:55.916448: E external/local_xla/xla/service/slow_operation_alarm.cc:65] Trying algorithm eng4{} for conv (f16[64,401,401,96]{3,2,1,0}, u8[0]{0}) custom-call(f16[64,403,403,96]{3,2,1,0}, f16[96,3,3,1]{3,2,1,0}), window={size=3x3}, dim_labels=b01f_o01i->b01f, feature_group_count=96, custom_call_target="__cudnn$convForward", backend_config={"cudnn_conv_backend_config":{"activation_mode":"kNone","conv_result_scale":1,"leakyrelu_alpha":0,"side_input_scale":0},"force_earliest_schedule":false,"operation_queue_id":"0","wait_on_operation_queues":[]} is taking a while...
E0000 00:00:1763081096.146754 2514230 gpu_timer.cc:82] Delay kernel timed out: measured time has sub-optimal accuracy. There may be a missing warmup execution, please investigate in Nsight Systems.
E0000 00:00:1763081096.820109 2514230 gpu_timer.cc:82] Delay kernel timed out: measured time has sub-optimal accuracy. There may be a missing warmup execution, please investigate in Nsight Systems.
2025-11-14 00:44:56.849510: E external/local_xla/xla/service/slow_operation_alarm.cc:133] The operation took 1.933115182s
Trying algorithm eng4{} for conv (f16[64,401,401,96]{3,2,1,0}, u8[0]{0}) custom-call(f16[64,403,403,96]{3,2,1,0}, f16[96,3,3,1]{3,2,1,0}), window={size=3x3}, dim_labels=b01f_o01i->b01f, feature_group_count=96, custom_call_target="__cudnn$convForward", backend_config={"cudnn_conv_backend_config":{"activation_mode":"kNone","conv_result_scale":1,"leakyrelu_alpha":0,"side_input_scale":0},"force_earliest_schedule":false,"operation_queue_id":"0","wait_on_operation_queues":[]} is taking a while...
2025-11-14 00:44:57.849625: E external/local_xla/xla/service/slow_operation_alarm.cc:65] Trying algorithm eng45{k2=1,k5=3,k14=5} for conv (f16[64,401,401,96]{3,2,1,0}, u8[0]{0}) custom-call(f16[64,403,403,96]{3,2,1,0}, f16[96,3,3,1]{3,2,1,0}), window={size=3x3}, dim_labels=b01f_o01i->b01f, feature_group_count=96, custom_call_target="__cudnn$convForward", backend_config={"cudnn_conv_backend_config":{"activation_mode":"kNone","conv_result_scale":1,"leakyrelu_alpha":0,"side_input_scale":0},"force_earliest_schedule":false,"operation_queue_id":"0","wait_on_operation_queues":[]} is taking a while...
2025-11-14 00:45:02.049258: E external/local_xla/xla/service/slow_operation_alarm.cc:133] The operation took 5.199679273s
Trying algorithm eng45{k2=1,k5=3,k14=5} for conv (f16[64,401,401,96]{3,2,1,0}, u8[0]{0}) custom-call(f16[64,403,403,96]{3,2,1,0}, f16[96,3,3,1]{3,2,1,0}), window={size=3x3}, dim_labels=b01f_o01i->b01f, feature_group_count=96, custom_call_target="__cudnn$convForward", backend_config={"cudnn_conv_backend_config":{"activation_mode":"kNone","conv_result_scale":1,"leakyrelu_alpha":0,"side_input_scale":0},"force_earliest_schedule":false,"operation_queue_id":"0","wait_on_operation_queues":[]} is taking a while...
2025-11-14 00:45:03.049385: E external/local_xla/xla/service/slow_operation_alarm.cc:65] Trying algorithm eng45{k2=0,k5=3,k14=2} for conv (f16[64,401,401,96]{3,2,1,0}, u8[0]{0}) custom-call(f16[64,403,403,96]{3,2,1,0}, f16[96,3,3,1]{3,2,1,0}), window={size=3x3}, dim_labels=b01f_o01i->b01f, feature_group_count=96, custom_call_target="__cudnn$convForward", backend_config={"cudnn_conv_backend_config":{"activation_mode":"kNone","conv_result_scale":1,"leakyrelu_alpha":0,"side_input_scale":0},"force_earliest_schedule":false,"operation_queue_id":"0","wait_on_operation_queues":[]} is taking a while...
2025-11-14 00:45:08.008849: E external/local_xla/xla/service/slow_operation_alarm.cc:133] The operation took 5.959512411s
Trying algorithm eng45{k2=0,k5=3,k14=2} for conv (f16[64,401,401,96]{3,2,1,0}, u8[0]{0}) custom-call(f16[64,403,403,96]{3,2,1,0}, f16[96,3,3,1]{3,2,1,0}), window={size=3x3}, dim_labels=b01f_o01i->b01f, feature_group_count=96, custom_call_target="__cudnn$convForward", backend_config={"cudnn_conv_backend_config":{"activation_mode":"kNone","conv_result_scale":1,"leakyrelu_alpha":0,"side_input_scale":0},"force_earliest_schedule":false,"operation_queue_id":"0","wait_on_operation_queues":[]} is taking a while...
2025-11-14 00:45:09.008977: E external/local_xla/xla/service/slow_operation_alarm.cc:65] Trying algorithm eng27{k2=3,k5=3,k14=2} for conv (f16[64,401,401,96]{3,2,1,0}, u8[0]{0}) custom-call(f16[64,403,403,96]{3,2,1,0}, f16[96,3,3,1]{3,2,1,0}), window={size=3x3}, dim_labels=b01f_o01i->b01f, feature_group_count=96, custom_call_target="__cudnn$convForward", backend_config={"cudnn_conv_backend_config":{"activation_mode":"kNone","conv_result_scale":1,"leakyrelu_alpha":0,"side_input_scale":0},"force_earliest_schedule":false,"operation_queue_id":"0","wait_on_operation_queues":[]} is taking a while...
2025-11-14 00:45:14.739845: E external/local_xla/xla/service/slow_operation_alarm.cc:133] The operation took 6.730909001s
Trying algorithm eng27{k2=3,k5=3,k14=2} for conv (f16[64,401,401,96]{3,2,1,0}, u8[0]{0}) custom-call(f16[64,403,403,96]{3,2,1,0}, f16[96,3,3,1]{3,2,1,0}), window={size=3x3}, dim_labels=b01f_o01i->b01f, feature_group_count=96, custom_call_target="__cudnn$convForward", backend_config={"cudnn_conv_backend_config":{"activation_mode":"kNone","conv_result_scale":1,"leakyrelu_alpha":0,"side_input_scale":0},"force_earliest_schedule":false,"operation_queue_id":"0","wait_on_operation_queues":[]} is taking a while...
2025-11-14 00:45:15.740003: E external/local_xla/xla/service/slow_operation_alarm.cc:65] Trying algorithm eng45{k2=1,k5=4,k14=2} for conv (f16[64,401,401,96]{3,2,1,0}, u8[0]{0}) custom-call(f16[64,403,403,96]{3,2,1,0}, f16[96,3,3,1]{3,2,1,0}), window={size=3x3}, dim_labels=b01f_o01i->b01f, feature_group_count=96, custom_call_target="__cudnn$convForward", backend_config={"cudnn_conv_backend_config":{"activation_mode":"kNone","conv_result_scale":1,"leakyrelu_alpha":0,"side_input_scale":0},"force_earliest_schedule":false,"operation_queue_id":"0","wait_on_operation_queues":[]} is taking a while...
2025-11-14 00:45:21.609162: E external/local_xla/xla/service/slow_operation_alarm.cc:133] The operation took 6.869211198s
Trying algorithm eng45{k2=1,k5=4,k14=2} for conv (f16[64,401,401,96]{3,2,1,0}, u8[0]{0}) custom-call(f16[64,403,403,96]{3,2,1,0}, f16[96,3,3,1]{3,2,1,0}), window={size=3x3}, dim_labels=b01f_o01i->b01f, feature_group_count=96, custom_call_target="__cudnn$convForward", backend_config={"cudnn_conv_backend_config":{"activation_mode":"kNone","conv_result_scale":1,"leakyrelu_alpha":0,"side_input_scale":0},"force_earliest_schedule":false,"operation_queue_id":"0","wait_on_operation_queues":[]} is taking a while...
2025-11-14 00:45:22.609293: E external/local_xla/xla/service/slow_operation_alarm.cc:65] Trying algorithm eng45{k2=5,k5=4,k14=4} for conv (f16[64,401,401,96]{3,2,1,0}, u8[0]{0}) custom-call(f16[64,403,403,96]{3,2,1,0}, f16[96,3,3,1]{3,2,1,0}), window={size=3x3}, dim_labels=b01f_o01i->b01f, feature_group_count=96, custom_call_target="__cudnn$convForward", backend_config={"cudnn_conv_backend_config":{"activation_mode":"kNone","conv_result_scale":1,"leakyrelu_alpha":0,"side_input_scale":0},"force_earliest_schedule":false,"operation_queue_id":"0","wait_on_operation_queues":[]} is taking a while...
2025-11-14 00:45:29.467412: E external/local_xla/xla/service/slow_operation_alarm.cc:133] The operation took 7.858163325s
Trying algorithm eng45{k2=5,k5=4,k14=4} for conv (f16[64,401,401,96]{3,2,1,0}, u8[0]{0}) custom-call(f16[64,403,403,96]{3,2,1,0}, f16[96,3,3,1]{3,2,1,0}), window={size=3x3}, dim_labels=b01f_o01i->b01f, feature_group_count=96, custom_call_target="__cudnn$convForward", backend_config={"cudnn_conv_backend_config":{"activation_mode":"kNone","conv_result_scale":1,"leakyrelu_alpha":0,"side_input_scale":0},"force_earliest_schedule":false,"operation_queue_id":"0","wait_on_operation_queues":[]} is taking a while...
2025-11-14 00:45:30.467589: E external/local_xla/xla/service/slow_operation_alarm.cc:65] Trying algorithm eng45{k2=9,k5=3,k14=3} for conv (f16[64,401,401,96]{3,2,1,0}, u8[0]{0}) custom-call(f16[64,403,403,96]{3,2,1,0}, f16[96,3,3,1]{3,2,1,0}), window={size=3x3}, dim_labels=b01f_o01i->b01f, feature_group_count=96, custom_call_target="__cudnn$convForward", backend_config={"cudnn_conv_backend_config":{"activation_mode":"kNone","conv_result_scale":1,"leakyrelu_alpha":0,"side_input_scale":0},"force_earliest_schedule":false,"operation_queue_id":"0","wait_on_operation_queues":[]} is taking a while...
2025-11-14 00:45:40.356711: E external/local_xla/xla/service/slow_operation_alarm.cc:133] The operation took 10.889167864s
Trying algorithm eng45{k2=9,k5=3,k14=3} for conv (f16[64,401,401,96]{3,2,1,0}, u8[0]{0}) custom-call(f16[64,403,403,96]{3,2,1,0}, f16[96,3,3,1]{3,2,1,0}), window={size=3x3}, dim_labels=b01f_o01i->b01f, feature_group_count=96, custom_call_target="__cudnn$convForward", backend_config={"cudnn_conv_backend_config":{"activation_mode":"kNone","conv_result_scale":1,"leakyrelu_alpha":0,"side_input_scale":0},"force_earliest_schedule":false,"operation_queue_id":"0","wait_on_operation_queues":[]} is taking a while...
E0000 00:00:1763081142.089042 2514230 buffer_comparator.cc:157] Difference at 0: 25888, expected 23024
E0000 00:00:1763081142.089096 2514230 buffer_comparator.cc:157] Difference at 1: 25728, expected 22896
E0000 00:00:1763081142.089105 2514230 buffer_comparator.cc:157] Difference at 2: 25664, expected 22816
E0000 00:00:1763081142.089124 2514230 buffer_comparator.cc:157] Difference at 3: 25744, expected 22880
E0000 00:00:1763081142.089131 2514230 buffer_comparator.cc:157] Difference at 4: 25776, expected 22944
E0000 00:00:1763081142.089137 2514230 buffer_comparator.cc:157] Difference at 5: 25584, expected 22736
E0000 00:00:1763081142.089143 2514230 buffer_comparator.cc:157] Difference at 6: 25744, expected 22912
E0000 00:00:1763081142.089149 2514230 buffer_comparator.cc:157] Difference at 7: 25648, expected 22784
E0000 00:00:1763081142.089155 2514230 buffer_comparator.cc:157] Difference at 8: 25680, expected 22848
E0000 00:00:1763081142.089161 2514230 buffer_comparator.cc:157] Difference at 9: 25776, expected 22928
2025-11-14 00:45:42.089178: E external/local_xla/xla/service/gpu/autotuning/conv_algorithm_picker.cc:771] Results mismatch between different convolution algorithms. This is likely a bug/unexpected loss of precision in cudnn.
(f16[16,1,1,16]{3,2,1,0}, u8[0]{0}) custom-call(f16[64,400,400,16]{3,2,1,0}, f16[64,400,400,16]{3,2,1,0}), window={size=1x1}, dim_labels=b01f_o01i->b01f, custom_call_target="__cudnn$convBackwardFilter", backend_config={"cudnn_conv_backend_config":{"activation_mode":"kNone","conv_result_scale":1,"leakyrelu_alpha":0,"side_input_scale":0},"force_earliest_schedule":false,"operation_queue_id":"0","wait_on_operation_queues":[]} for eng33{k0=56,k2=7,k5=3,k14=5} vs eng9{k2=8,k13=1,k14=4,k18=1,k23=0}
2025-11-14 00:45:42.089205: E external/local_xla/xla/service/gpu/autotuning/conv_algorithm_picker.cc:325] Device: NVIDIA RTX A4000
2025-11-14 00:45:42.089214: E external/local_xla/xla/service/gpu/autotuning/conv_algorithm_picker.cc:326] Platform: Compute Capability 8.6
2025-11-14 00:45:42.089223: E external/local_xla/xla/service/gpu/autotuning/conv_algorithm_picker.cc:327] Driver: 12.9.0
2025-11-14 00:45:42.089230: E external/local_xla/xla/service/gpu/autotuning/conv_algorithm_picker.cc:328] Runtime: 12.2.0
2025-11-14 00:45:42.089240: E external/local_xla/xla/service/gpu/autotuning/conv_algorithm_picker.cc:333] cudnn version: 9.13.1
E0000 00:00:1763081142.232248 2514230 buffer_comparator.cc:157] Difference at 0: 25888, expected 23024
E0000 00:00:1763081142.232275 2514230 buffer_comparator.cc:157] Difference at 1: 25728, expected 22896
E0000 00:00:1763081142.232282 2514230 buffer_comparator.cc:157] Difference at 2: 25664, expected 22816
E0000 00:00:1763081142.232288 2514230 buffer_comparator.cc:157] Difference at 3: 25744, expected 22880
E0000 00:00:1763081142.232294 2514230 buffer_comparator.cc:157] Difference at 4: 25776, expected 22944
E0000 00:00:1763081142.232300 2514230 buffer_comparator.cc:157] Difference at 5: 25584, expected 22736
E0000 00:00:1763081142.232306 2514230 buffer_comparator.cc:157] Difference at 6: 25744, expected 22912
E0000 00:00:1763081142.232311 2514230 buffer_comparator.cc:157] Difference at 7: 25648, expected 22784
E0000 00:00:1763081142.232317 2514230 buffer_comparator.cc:157] Difference at 8: 25680, expected 22848
E0000 00:00:1763081142.232323 2514230 buffer_comparator.cc:157] Difference at 9: 25776, expected 22928
2025-11-14 00:45:42.232337: E external/local_xla/xla/service/gpu/autotuning/conv_algorithm_picker.cc:771] Results mismatch between different convolution algorithms. This is likely a bug/unexpected loss of precision in cudnn.
(f16[16,1,1,16]{3,2,1,0}, u8[0]{0}) custom-call(f16[64,400,400,16]{3,2,1,0}, f16[64,400,400,16]{3,2,1,0}), window={size=1x1}, dim_labels=b01f_o01i->b01f, custom_call_target="__cudnn$convBackwardFilter", backend_config={"cudnn_conv_backend_config":{"activation_mode":"kNone","conv_result_scale":1,"leakyrelu_alpha":0,"side_input_scale":0},"force_earliest_schedule":false,"operation_queue_id":"0","wait_on_operation_queues":[]} for eng33{k0=56,k2=7,k5=3,k14=5} vs eng62{k25=0}
2025-11-14 00:45:42.232352: E external/local_xla/xla/service/gpu/autotuning/conv_algorithm_picker.cc:325] Device: NVIDIA RTX A4000
2025-11-14 00:45:42.232360: E external/local_xla/xla/service/gpu/autotuning/conv_algorithm_picker.cc:326] Platform: Compute Capability 8.6
2025-11-14 00:45:42.232377: E external/local_xla/xla/service/gpu/autotuning/conv_algorithm_picker.cc:327] Driver: 12.9.0
2025-11-14 00:45:42.232385: E external/local_xla/xla/service/gpu/autotuning/conv_algorithm_picker.cc:328] Runtime: 12.2.0
2025-11-14 00:45:42.232394: E external/local_xla/xla/service/gpu/autotuning/conv_algorithm_picker.cc:333] cudnn version: 9.13.1
E0000 00:00:1763081142.702614 2514230 buffer_comparator.cc:157] Difference at 0: 25888, expected 23024
E0000 00:00:1763081142.702655 2514230 buffer_comparator.cc:157] Difference at 1: 25728, expected 22896
E0000 00:00:1763081142.702662 2514230 buffer_comparator.cc:157] Difference at 2: 25664, expected 22816
E0000 00:00:1763081142.702668 2514230 buffer_comparator.cc:157] Difference at 3: 25744, expected 22880
E0000 00:00:1763081142.702674 2514230 buffer_comparator.cc:157] Difference at 4: 25776, expected 22944
E0000 00:00:1763081142.702680 2514230 buffer_comparator.cc:157] Difference at 5: 25584, expected 22736
E0000 00:00:1763081142.702686 2514230 buffer_comparator.cc:157] Difference at 6: 25744, expected 22912
E0000 00:00:1763081142.702692 2514230 buffer_comparator.cc:157] Difference at 7: 25648, expected 22784
E0000 00:00:1763081142.702698 2514230 buffer_comparator.cc:157] Difference at 8: 25680, expected 22848
E0000 00:00:1763081142.702704 2514230 buffer_comparator.cc:157] Difference at 9: 25776, expected 22928
2025-11-14 00:45:42.702716: E external/local_xla/xla/service/gpu/autotuning/conv_algorithm_picker.cc:771] Results mismatch between different convolution algorithms. This is likely a bug/unexpected loss of precision in cudnn.
(f16[16,1,1,16]{3,2,1,0}, u8[0]{0}) custom-call(f16[64,400,400,16]{3,2,1,0}, f16[64,400,400,16]{3,2,1,0}), window={size=1x1}, dim_labels=b01f_o01i->b01f, custom_call_target="__cudnn$convBackwardFilter", backend_config={"cudnn_conv_backend_config":{"activation_mode":"kNone","conv_result_scale":1,"leakyrelu_alpha":0,"side_input_scale":0},"force_earliest_schedule":false,"operation_queue_id":"0","wait_on_operation_queues":[]} for eng33{k0=56,k2=7,k5=3,k14=5} vs eng9{k2=5,k13=1,k14=3,k18=1,k23=0}
2025-11-14 00:45:42.702733: E external/local_xla/xla/service/gpu/autotuning/conv_algorithm_picker.cc:325] Device: NVIDIA RTX A4000
2025-11-14 00:45:42.702741: E external/local_xla/xla/service/gpu/autotuning/conv_algorithm_picker.cc:326] Platform: Compute Capability 8.6
2025-11-14 00:45:42.702749: E external/local_xla/xla/service/gpu/autotuning/conv_algorithm_picker.cc:327] Driver: 12.9.0
2025-11-14 00:45:42.702757: E external/local_xla/xla/service/gpu/autotuning/conv_algorithm_picker.cc:328] Runtime: 12.2.0
2025-11-14 00:45:42.702766: E external/local_xla/xla/service/gpu/autotuning/conv_algorithm_picker.cc:333] cudnn version: 9.13.1
E0000 00:00:1763081142.976149 2514230 buffer_comparator.cc:157] Difference at 0: 25888, expected 23024
E0000 00:00:1763081142.976172 2514230 buffer_comparator.cc:157] Difference at 1: 25728, expected 22896
E0000 00:00:1763081142.976178 2514230 buffer_comparator.cc:157] Difference at 2: 25664, expected 22816
E0000 00:00:1763081142.976184 2514230 buffer_comparator.cc:157] Difference at 3: 25744, expected 22880
E0000 00:00:1763081142.976190 2514230 buffer_comparator.cc:157] Difference at 4: 25776, expected 22944
E0000 00:00:1763081142.976196 2514230 buffer_comparator.cc:157] Difference at 5: 25584, expected 22736
E0000 00:00:1763081142.976202 2514230 buffer_comparator.cc:157] Difference at 6: 25744, expected 22912
E0000 00:00:1763081142.976208 2514230 buffer_comparator.cc:157] Difference at 7: 25648, expected 22784
E0000 00:00:1763081142.976214 2514230 buffer_comparator.cc:157] Difference at 8: 25680, expected 22848
E0000 00:00:1763081142.976220 2514230 buffer_comparator.cc:157] Difference at 9: 25776, expected 22928
2025-11-14 00:45:42.976231: E external/local_xla/xla/service/gpu/autotuning/conv_algorithm_picker.cc:771] Results mismatch between different convolution algorithms. This is likely a bug/unexpected loss of precision in cudnn.
(f16[16,1,1,16]{3,2,1,0}, u8[0]{0}) custom-call(f16[64,400,400,16]{3,2,1,0}, f16[64,400,400,16]{3,2,1,0}), window={size=1x1}, dim_labels=b01f_o01i->b01f, custom_call_target="__cudnn$convBackwardFilter", backend_config={"cudnn_conv_backend_config":{"activation_mode":"kNone","conv_result_scale":1,"leakyrelu_alpha":0,"side_input_scale":0},"force_earliest_schedule":false,"operation_queue_id":"0","wait_on_operation_queues":[]} for eng33{k0=56,k2=7,k5=3,k14=5} vs eng9{k2=23,k13=0,k14=3,k18=1,k23=0}
2025-11-14 00:45:42.976253: E external/local_xla/xla/service/gpu/autotuning/conv_algorithm_picker.cc:325] Device: NVIDIA RTX A4000
2025-11-14 00:45:42.976262: E external/local_xla/xla/service/gpu/autotuning/conv_algorithm_picker.cc:326] Platform: Compute Capability 8.6
2025-11-14 00:45:42.976270: E external/local_xla/xla/service/gpu/autotuning/conv_algorithm_picker.cc:327] Driver: 12.9.0
2025-11-14 00:45:42.976277: E external/local_xla/xla/service/gpu/autotuning/conv_algorithm_picker.cc:328] Runtime: 12.2.0
2025-11-14 00:45:42.976286: E external/local_xla/xla/service/gpu/autotuning/conv_algorithm_picker.cc:333] cudnn version: 9.13.1
E0000 00:00:1763081144.868872 2514230 buffer_comparator.cc:157] Difference at 0: 25968, expected 23072
E0000 00:00:1763081144.868919 2514230 buffer_comparator.cc:157] Difference at 1: 25888, expected 23008
E0000 00:00:1763081144.868929 2514230 buffer_comparator.cc:157] Difference at 2: 25760, expected 22880
E0000 00:00:1763081144.868935 2514230 buffer_comparator.cc:157] Difference at 3: 25840, expected 22960
E0000 00:00:1763081144.868941 2514230 buffer_comparator.cc:157] Difference at 4: 25904, expected 23040
E0000 00:00:1763081144.868947 2514230 buffer_comparator.cc:157] Difference at 5: 25936, expected 23056
E0000 00:00:1763081144.868953 2514230 buffer_comparator.cc:157] Difference at 6: 25712, expected 22848
E0000 00:00:1763081144.868959 2514230 buffer_comparator.cc:157] Difference at 7: 25760, expected 22896
E0000 00:00:1763081144.868965 2514230 buffer_comparator.cc:157] Difference at 8: 25808, expected 22928
E0000 00:00:1763081144.868975 2514230 buffer_comparator.cc:157] Difference at 9: 25888, expected 22976
2025-11-14 00:45:44.868988: E external/local_xla/xla/service/gpu/autotuning/conv_algorithm_picker.cc:771] Results mismatch between different convolution algorithms. This is likely a bug/unexpected loss of precision in cudnn.
(f16[96,1,1,16]{3,2,1,0}, u8[0]{0}) custom-call(f16[64,400,400,16]{3,2,1,0}, f16[64,400,400,96]{3,2,1,0}), window={size=1x1}, dim_labels=b01f_o01i->b01f, custom_call_target="__cudnn$convBackwardFilter", backend_config={"cudnn_conv_backend_config":{"activation_mode":"kNone","conv_result_scale":1,"leakyrelu_alpha":0,"side_input_scale":0},"force_earliest_schedule":false,"operation_queue_id":"0","wait_on_operation_queues":[]} for eng62{k25=2} vs eng9{k2=8,k13=1,k14=4,k18=1,k23=0}
2025-11-14 00:45:44.869016: E external/local_xla/xla/service/gpu/autotuning/conv_algorithm_picker.cc:325] Device: NVIDIA RTX A4000
2025-11-14 00:45:44.869024: E external/local_xla/xla/service/gpu/autotuning/conv_algorithm_picker.cc:326] Platform: Compute Capability 8.6
2025-11-14 00:45:44.869033: E external/local_xla/xla/service/gpu/autotuning/conv_algorithm_picker.cc:327] Driver: 12.9.0
2025-11-14 00:45:44.869041: E external/local_xla/xla/service/gpu/autotuning/conv_algorithm_picker.cc:328] Runtime: 12.2.0
2025-11-14 00:45:44.869050: E external/local_xla/xla/service/gpu/autotuning/conv_algorithm_picker.cc:333] cudnn version: 9.13.1
E0000 00:00:1763081145.083755 2514230 buffer_comparator.cc:157] Difference at 0: 25968, expected 23072
E0000 00:00:1763081145.083780 2514230 buffer_comparator.cc:157] Difference at 1: 25888, expected 23008
E0000 00:00:1763081145.083787 2514230 buffer_comparator.cc:157] Difference at 2: 25760, expected 22880
E0000 00:00:1763081145.083793 2514230 buffer_comparator.cc:157] Difference at 3: 25840, expected 22960
E0000 00:00:1763081145.083799 2514230 buffer_comparator.cc:157] Difference at 4: 25904, expected 23040
E0000 00:00:1763081145.083805 2514230 buffer_comparator.cc:157] Difference at 5: 25936, expected 23056
E0000 00:00:1763081145.083811 2514230 buffer_comparator.cc:157] Difference at 6: 25712, expected 22848
E0000 00:00:1763081145.083825 2514230 buffer_comparator.cc:157] Difference at 7: 25760, expected 22896
E0000 00:00:1763081145.083832 2514230 buffer_comparator.cc:157] Difference at 8: 25808, expected 22928
E0000 00:00:1763081145.083838 2514230 buffer_comparator.cc:157] Difference at 9: 25888, expected 22976
2025-11-14 00:45:45.083849: E external/local_xla/xla/service/gpu/autotuning/conv_algorithm_picker.cc:771] Results mismatch between different convolution algorithms. This is likely a bug/unexpected loss of precision in cudnn.
(f16[96,1,1,16]{3,2,1,0}, u8[0]{0}) custom-call(f16[64,400,400,16]{3,2,1,0}, f16[64,400,400,96]{3,2,1,0}), window={size=1x1}, dim_labels=b01f_o01i->b01f, custom_call_target="__cudnn$convBackwardFilter", backend_config={"cudnn_conv_backend_config":{"activation_mode":"kNone","conv_result_scale":1,"leakyrelu_alpha":0,"side_input_scale":0},"force_earliest_schedule":false,"operation_queue_id":"0","wait_on_operation_queues":[]} for eng62{k25=2} vs eng9{k2=5,k13=1,k14=3,k18=1,k23=0}
2025-11-14 00:45:45.083864: E external/local_xla/xla/service/gpu/autotuning/conv_algorithm_picker.cc:325] Device: NVIDIA RTX A4000
2025-11-14 00:45:45.083872: E external/local_xla/xla/service/gpu/autotuning/conv_algorithm_picker.cc:326] Platform: Compute Capability 8.6
2025-11-14 00:45:45.083879: E external/local_xla/xla/service/gpu/autotuning/conv_algorithm_picker.cc:327] Driver: 12.9.0
2025-11-14 00:45:45.083887: E external/local_xla/xla/service/gpu/autotuning/conv_algorithm_picker.cc:328] Runtime: 12.2.0
2025-11-14 00:45:45.083896: E external/local_xla/xla/service/gpu/autotuning/conv_algorithm_picker.cc:333] cudnn version: 9.13.1
2025-11-14 00:45:46.083981: E external/local_xla/xla/service/slow_operation_alarm.cc:65] Trying algorithm eng0{} for conv (f16[96,1,1,16]{3,2,1,0}, u8[0]{0}) custom-call(f16[64,400,400,16]{3,2,1,0}, f16[64,400,400,96]{3,2,1,0}), window={size=1x1}, dim_labels=b01f_o01i->b01f, custom_call_target="__cudnn$convBackwardFilter", backend_config={"cudnn_conv_backend_config":{"activation_mode":"kNone","conv_result_scale":1,"leakyrelu_alpha":0,"side_input_scale":0},"force_earliest_schedule":false,"operation_queue_id":"0","wait_on_operation_queues":[]} is taking a while...
2025-11-14 00:45:48.506859: E external/local_xla/xla/service/slow_operation_alarm.cc:133] The operation took 3.422938842s
Trying algorithm eng0{} for conv (f16[96,1,1,16]{3,2,1,0}, u8[0]{0}) custom-call(f16[64,400,400,16]{3,2,1,0}, f16[64,400,400,96]{3,2,1,0}), window={size=1x1}, dim_labels=b01f_o01i->b01f, custom_call_target="__cudnn$convBackwardFilter", backend_config={"cudnn_conv_backend_config":{"activation_mode":"kNone","conv_result_scale":1,"leakyrelu_alpha":0,"side_input_scale":0},"force_earliest_schedule":false,"operation_queue_id":"0","wait_on_operation_queues":[]} is taking a while...
E0000 00:00:1763081148.781833 2514230 buffer_comparator.cc:157] Difference at 0: 25968, expected 23072
E0000 00:00:1763081148.781872 2514230 buffer_comparator.cc:157] Difference at 1: 25888, expected 23008
E0000 00:00:1763081148.781880 2514230 buffer_comparator.cc:157] Difference at 2: 25760, expected 22880
E0000 00:00:1763081148.781886 2514230 buffer_comparator.cc:157] Difference at 3: 25840, expected 22960
E0000 00:00:1763081148.781891 2514230 buffer_comparator.cc:157] Difference at 4: 25904, expected 23040
E0000 00:00:1763081148.781897 2514230 buffer_comparator.cc:157] Difference at 5: 25936, expected 23056
E0000 00:00:1763081148.781903 2514230 buffer_comparator.cc:157] Difference at 6: 25712, expected 22848
E0000 00:00:1763081148.781909 2514230 buffer_comparator.cc:157] Difference at 7: 25760, expected 22896
E0000 00:00:1763081148.781915 2514230 buffer_comparator.cc:157] Difference at 8: 25808, expected 22928
E0000 00:00:1763081148.781921 2514230 buffer_comparator.cc:157] Difference at 9: 25888, expected 22976
2025-11-14 00:45:48.781932: E external/local_xla/xla/service/gpu/autotuning/conv_algorithm_picker.cc:771] Results mismatch between different convolution algorithms. This is likely a bug/unexpected loss of precision in cudnn.
(f16[96,1,1,16]{3,2,1,0}, u8[0]{0}) custom-call(f16[64,400,400,16]{3,2,1,0}, f16[64,400,400,96]{3,2,1,0}), window={size=1x1}, dim_labels=b01f_o01i->b01f, custom_call_target="__cudnn$convBackwardFilter", backend_config={"cudnn_conv_backend_config":{"activation_mode":"kNone","conv_result_scale":1,"leakyrelu_alpha":0,"side_input_scale":0},"force_earliest_schedule":false,"operation_queue_id":"0","wait_on_operation_queues":[]} for eng62{k25=2} vs eng9{k2=23,k13=0,k14=3,k18=1,k23=0}
2025-11-14 00:45:48.781956: E external/local_xla/xla/service/gpu/autotuning/conv_algorithm_picker.cc:325] Device: NVIDIA RTX A4000
2025-11-14 00:45:48.781965: E external/local_xla/xla/service/gpu/autotuning/conv_algorithm_picker.cc:326] Platform: Compute Capability 8.6
2025-11-14 00:45:48.781977: E external/local_xla/xla/service/gpu/autotuning/conv_algorithm_picker.cc:327] Driver: 12.9.0
2025-11-14 00:45:48.781985: E external/local_xla/xla/service/gpu/autotuning/conv_algorithm_picker.cc:328] Runtime: 12.2.0
2025-11-14 00:45:48.781994: E external/local_xla/xla/service/gpu/autotuning/conv_algorithm_picker.cc:333] cudnn version: 9.13.1
2025-11-14 00:45:51.947297: E external/local_xla/xla/service/slow_operation_alarm.cc:65] Trying algorithm eng0{} for conv (f16[96,3,3,1]{3,2,1,0}, u8[0]{0}) custom-call(f16[64,401,401,96]{3,2,1,0}, f16[64,200,200,96]{3,2,1,0}), window={size=3x3 stride=2x2}, dim_labels=b01f_o01i->b01f, feature_group_count=96, custom_call_target="__cudnn$convBackwardFilter", backend_config={"cudnn_conv_backend_config":{"activation_mode":"kNone","conv_result_scale":1,"leakyrelu_alpha":0,"side_input_scale":0},"force_earliest_schedule":false,"operation_queue_id":"0","wait_on_operation_queues":[]} is taking a while...
2025-11-14 00:45:52.305753: E external/local_xla/xla/service/slow_operation_alarm.cc:133] The operation took 1.358516832s
Trying algorithm eng0{} for conv (f16[96,3,3,1]{3,2,1,0}, u8[0]{0}) custom-call(f16[64,401,401,96]{3,2,1,0}, f16[64,200,200,96]{3,2,1,0}), window={size=3x3 stride=2x2}, dim_labels=b01f_o01i->b01f, feature_group_count=96, custom_call_target="__cudnn$convBackwardFilter", backend_config={"cudnn_conv_backend_config":{"activation_mode":"kNone","conv_result_scale":1,"leakyrelu_alpha":0,"side_input_scale":0},"force_earliest_schedule":false,"operation_queue_id":"0","wait_on_operation_queues":[]} is taking a while...
2025-11-14 00:46:00.921767: E external/local_xla/xla/service/slow_operation_alarm.cc:65] Trying algorithm eng0{} for conv (f16[144,3,3,1]{3,2,1,0}, u8[0]{0}) custom-call(f16[64,200,200,144]{3,2,1,0}, f16[64,200,200,144]{3,2,1,0}), window={size=3x3 pad=1_1x1_1}, dim_labels=b01f_o01i->b01f, feature_group_count=144, custom_call_target="__cudnn$convBackwardFilter", backend_config={"cudnn_conv_backend_config":{"activation_mode":"kNone","conv_result_scale":1,"leakyrelu_alpha":0,"side_input_scale":0},"force_earliest_schedule":false,"operation_queue_id":"0","wait_on_operation_queues":[]} is taking a while...
2025-11-14 00:46:02.006123: E external/local_xla/xla/service/slow_operation_alarm.cc:133] The operation took 2.08441268s
Trying algorithm eng0{} for conv (f16[144,3,3,1]{3,2,1,0}, u8[0]{0}) custom-call(f16[64,200,200,144]{3,2,1,0}, f16[64,200,200,144]{3,2,1,0}), window={size=3x3 pad=1_1x1_1}, dim_labels=b01f_o01i->b01f, feature_group_count=144, custom_call_target="__cudnn$convBackwardFilter", backend_config={"cudnn_conv_backend_config":{"activation_mode":"kNone","conv_result_scale":1,"leakyrelu_alpha":0,"side_input_scale":0},"force_earliest_schedule":false,"operation_queue_id":"0","wait_on_operation_queues":[]} is taking a while...
2025-11-14 00:46:06.836392: E external/local_xla/xla/service/slow_operation_alarm.cc:65] Trying algorithm eng0{} for conv (f16[144,5,5,1]{3,2,1,0}, u8[0]{0}) custom-call(f16[64,201,201,144]{3,2,1,0}, f16[64,100,100,144]{3,2,1,0}), window={size=5x5 stride=2x2 pad=1_1x1_1}, dim_labels=b01f_o01i->b01f, feature_group_count=144, custom_call_target="__cudnn$convBackwardFilter", backend_config={"cudnn_conv_backend_config":{"activation_mode":"kNone","conv_result_scale":1,"leakyrelu_alpha":0,"side_input_scale":0},"force_earliest_schedule":false,"operation_queue_id":"0","wait_on_operation_queues":[]} is taking a while...
2025-11-14 00:46:07.265881: E external/local_xla/xla/service/slow_operation_alarm.cc:133] The operation took 1.429560208s
Trying algorithm eng0{} for conv (f16[144,5,5,1]{3,2,1,0}, u8[0]{0}) custom-call(f16[64,201,201,144]{3,2,1,0}, f16[64,100,100,144]{3,2,1,0}), window={size=5x5 stride=2x2 pad=1_1x1_1}, dim_labels=b01f_o01i->b01f, feature_group_count=144, custom_call_target="__cudnn$convBackwardFilter", backend_config={"cudnn_conv_backend_config":{"activation_mode":"kNone","conv_result_scale":1,"leakyrelu_alpha":0,"side_input_scale":0},"force_earliest_schedule":false,"operation_queue_id":"0","wait_on_operation_queues":[]} is taking a while...
2025-11-14 00:46:14.695818: E external/local_xla/xla/service/slow_operation_alarm.cc:65] Trying algorithm eng0{} for conv (f16[240,5,5,1]{3,2,1,0}, u8[0]{0}) custom-call(f16[64,100,100,240]{3,2,1,0}, f16[64,100,100,240]{3,2,1,0}), window={size=5x5 pad=2_2x2_2}, dim_labels=b01f_o01i->b01f, feature_group_count=240, custom_call_target="__cudnn$convBackwardFilter", backend_config={"cudnn_conv_backend_config":{"activation_mode":"kNone","conv_result_scale":1,"leakyrelu_alpha":0,"side_input_scale":0},"force_earliest_schedule":false,"operation_queue_id":"0","wait_on_operation_queues":[]} is taking a while...
2025-11-14 00:46:16.175130: E external/local_xla/xla/service/slow_operation_alarm.cc:133] The operation took 2.479375378s
Trying algorithm eng0{} for conv (f16[240,5,5,1]{3,2,1,0}, u8[0]{0}) custom-call(f16[64,100,100,240]{3,2,1,0}, f16[64,100,100,240]{3,2,1,0}), window={size=5x5 pad=2_2x2_2}, dim_labels=b01f_o01i->b01f, feature_group_count=240, custom_call_target="__cudnn$convBackwardFilter", backend_config={"cudnn_conv_backend_config":{"activation_mode":"kNone","conv_result_scale":1,"leakyrelu_alpha":0,"side_input_scale":0},"force_earliest_schedule":false,"operation_queue_id":"0","wait_on_operation_queues":[]} is taking a while...
2025-11-14 00:46:31.700393: E external/local_xla/xla/service/slow_operation_alarm.cc:65] Trying algorithm eng0{} for conv (f16[480,5,5,1]{3,2,1,0}, u8[0]{0}) custom-call(f16[64,50,50,480]{3,2,1,0}, f16[64,50,50,480]{3,2,1,0}), window={size=5x5 pad=2_2x2_2}, dim_labels=b01f_o01i->b01f, feature_group_count=480, custom_call_target="__cudnn$convBackwardFilter", backend_config={"cudnn_conv_backend_config":{"activation_mode":"kNone","conv_result_scale":1,"leakyrelu_alpha":0,"side_input_scale":0},"force_earliest_schedule":false,"operation_queue_id":"0","wait_on_operation_queues":[]} is taking a while...
2025-11-14 00:46:32.589609: E external/local_xla/xla/service/slow_operation_alarm.cc:133] The operation took 1.88928108s
Trying algorithm eng0{} for conv (f16[480,5,5,1]{3,2,1,0}, u8[0]{0}) custom-call(f16[64,50,50,480]{3,2,1,0}, f16[64,50,50,480]{3,2,1,0}), window={size=5x5 pad=2_2x2_2}, dim_labels=b01f_o01i->b01f, feature_group_count=480, custom_call_target="__cudnn$convBackwardFilter", backend_config={"cudnn_conv_backend_config":{"activation_mode":"kNone","conv_result_scale":1,"leakyrelu_alpha":0,"side_input_scale":0},"force_earliest_schedule":false,"operation_queue_id":"0","wait_on_operation_queues":[]} is taking a while...
2025-11-14 00:46:40.041918: E external/local_xla/xla/service/slow_operation_alarm.cc:65] Trying algorithm eng0{} for conv (f16[672,5,5,1]{3,2,1,0}, u8[0]{0}) custom-call(f16[64,50,50,672]{3,2,1,0}, f16[64,50,50,672]{3,2,1,0}), window={size=5x5 pad=2_2x2_2}, dim_labels=b01f_o01i->b01f, feature_group_count=672, custom_call_target="__cudnn$convBackwardFilter", backend_config={"cudnn_conv_backend_config":{"activation_mode":"kNone","conv_result_scale":1,"leakyrelu_alpha":0,"side_input_scale":0},"force_earliest_schedule":false,"operation_queue_id":"0","wait_on_operation_queues":[]} is taking a while...
2025-11-14 00:46:41.438934: E external/local_xla/xla/service/slow_operation_alarm.cc:133] The operation took 2.39707988s
Trying algorithm eng0{} for conv (f16[672,5,5,1]{3,2,1,0}, u8[0]{0}) custom-call(f16[64,50,50,672]{3,2,1,0}, f16[64,50,50,672]{3,2,1,0}), window={size=5x5 pad=2_2x2_2}, dim_labels=b01f_o01i->b01f, feature_group_count=672, custom_call_target="__cudnn$convBackwardFilter", backend_config={"cudnn_conv_backend_config":{"activation_mode":"kNone","conv_result_scale":1,"leakyrelu_alpha":0,"side_input_scale":0},"force_earliest_schedule":false,"operation_queue_id":"0","wait_on_operation_queues":[]} is taking a while...
2025-11-14 00:47:12.534335: W external/local_xla/xla/service/hlo_rematerialization.cc:3005] Can't reduce memory use below 11.35GiB (12186707191 bytes) by rematerialization; only reduced to 15.60GiB (16755604672 bytes), down from 24.48GiB (26287846049 bytes) originally
2025-11-14 00:47:34.758780: I external/local_xla/xla/stream_executor/cuda/cuda_asm_compiler.cc:397] ptxas warning : Registers are spilled to local memory in function 'input_reduce_fusion_82_remat', 340 bytes spill stores, 336 bytes spill loads
ptxas warning : Registers are spilled to local memory in function 'input_reduce_fusion_260', 392 bytes spill stores, 264 bytes spill loads

2025-11-14 00:47:45.315515: W external/local_xla/xla/tsl/framework/bfc_allocator.cc:497] Allocator (GPU_0_bfc) ran out of memory trying to allocate 15.55GiB (rounded to 16696334336)requested by op 
2025-11-14 00:47:45.315616: I external/local_xla/xla/tsl/framework/bfc_allocator.cc:1053] BFCAllocator dump for GPU_0_bfc
2025-11-14 00:47:45.315632: I external/local_xla/xla/tsl/framework/bfc_allocator.cc:1060] Bin (256): 	Total Chunks: 213, Chunks in use: 213. 53.2KiB allocated for chunks. 53.2KiB in use in bin. 15.9KiB client-requested in use in bin.
2025-11-14 00:47:45.315642: I external/local_xla/xla/tsl/framework/bfc_allocator.cc:1060] Bin (512): 	Total Chunks: 183, Chunks in use: 183. 115.8KiB allocated for chunks. 115.8KiB in use in bin. 93.6KiB client-requested in use in bin.
2025-11-14 00:47:45.315651: I external/local_xla/xla/tsl/framework/bfc_allocator.cc:1060] Bin (1024): 	Total Chunks: 86, Chunks in use: 86. 95.8KiB allocated for chunks. 95.8KiB in use in bin. 86.7KiB client-requested in use in bin.
2025-11-14 00:47:45.315660: I external/local_xla/xla/tsl/framework/bfc_allocator.cc:1060] Bin (2048): 	Total Chunks: 168, Chunks in use: 168. 426.5KiB allocated for chunks. 426.5KiB in use in bin. 395.8KiB client-requested in use in bin.
2025-11-14 00:47:45.315669: I external/local_xla/xla/tsl/framework/bfc_allocator.cc:1060] Bin (4096): 	Total Chunks: 132, Chunks in use: 132. 672.2KiB allocated for chunks. 672.2KiB in use in bin. 643.9KiB client-requested in use in bin.
2025-11-14 00:47:45.315678: I external/local_xla/xla/tsl/framework/bfc_allocator.cc:1060] Bin (8192): 	Total Chunks: 46, Chunks in use: 46. 512.8KiB allocated for chunks. 512.8KiB in use in bin. 478.4KiB client-requested in use in bin.
2025-11-14 00:47:45.315687: I external/local_xla/xla/tsl/framework/bfc_allocator.cc:1060] Bin (16384): 	Total Chunks: 15, Chunks in use: 15. 299.0KiB allocated for chunks. 299.0KiB in use in bin. 278.4KiB client-requested in use in bin.
2025-11-14 00:47:45.315696: I external/local_xla/xla/tsl/framework/bfc_allocator.cc:1060] Bin (32768): 	Total Chunks: 45, Chunks in use: 45. 1.67MiB allocated for chunks. 1.67MiB in use in bin. 1.60MiB client-requested in use in bin.
2025-11-14 00:47:45.315704: I external/local_xla/xla/tsl/framework/bfc_allocator.cc:1060] Bin (65536): 	Total Chunks: 53, Chunks in use: 53. 4.19MiB allocated for chunks. 4.19MiB in use in bin. 4.04MiB client-requested in use in bin.
2025-11-14 00:47:45.315713: I external/local_xla/xla/tsl/framework/bfc_allocator.cc:1060] Bin (131072): 	Total Chunks: 56, Chunks in use: 56. 10.28MiB allocated for chunks. 10.28MiB in use in bin. 10.04MiB client-requested in use in bin.
2025-11-14 00:47:45.315722: I external/local_xla/xla/tsl/framework/bfc_allocator.cc:1060] Bin (262144): 	Total Chunks: 25, Chunks in use: 25. 7.42MiB allocated for chunks. 7.42MiB in use in bin. 7.23MiB client-requested in use in bin.
2025-11-14 00:47:45.315730: I external/local_xla/xla/tsl/framework/bfc_allocator.cc:1060] Bin (524288): 	Total Chunks: 33, Chunks in use: 33. 26.19MiB allocated for chunks. 26.19MiB in use in bin. 26.02MiB client-requested in use in bin.
2025-11-14 00:47:45.315750: I external/local_xla/xla/tsl/framework/bfc_allocator.cc:1060] Bin (1048576): 	Total Chunks: 4, Chunks in use: 4. 5.97MiB allocated for chunks. 5.97MiB in use in bin. 4.82MiB client-requested in use in bin.
2025-11-14 00:47:45.315759: I external/local_xla/xla/tsl/framework/bfc_allocator.cc:1060] Bin (2097152): 	Total Chunks: 6, Chunks in use: 6. 14.74MiB allocated for chunks. 14.74MiB in use in bin. 12.34MiB client-requested in use in bin.
2025-11-14 00:47:45.315768: I external/local_xla/xla/tsl/framework/bfc_allocator.cc:1060] Bin (4194304): 	Total Chunks: 1, Chunks in use: 1. 4.00MiB allocated for chunks. 4.00MiB in use in bin. 2.01MiB client-requested in use in bin.
2025-11-14 00:47:45.315777: I external/local_xla/xla/tsl/framework/bfc_allocator.cc:1060] Bin (8388608): 	Total Chunks: 0, Chunks in use: 0. 0B allocated for chunks. 0B in use in bin. 0B client-requested in use in bin.
2025-11-14 00:47:45.315785: I external/local_xla/xla/tsl/framework/bfc_allocator.cc:1060] Bin (16777216): 	Total Chunks: 0, Chunks in use: 0. 0B allocated for chunks. 0B in use in bin. 0B client-requested in use in bin.
2025-11-14 00:47:45.315794: I external/local_xla/xla/tsl/framework/bfc_allocator.cc:1060] Bin (33554432): 	Total Chunks: 1, Chunks in use: 0. 49.42MiB allocated for chunks. 0B in use in bin. 0B client-requested in use in bin.
2025-11-14 00:47:45.315802: I external/local_xla/xla/tsl/framework/bfc_allocator.cc:1060] Bin (67108864): 	Total Chunks: 0, Chunks in use: 0. 0B allocated for chunks. 0B in use in bin. 0B client-requested in use in bin.
2025-11-14 00:47:45.315810: I external/local_xla/xla/tsl/framework/bfc_allocator.cc:1060] Bin (134217728): 	Total Chunks: 0, Chunks in use: 0. 0B allocated for chunks. 0B in use in bin. 0B client-requested in use in bin.
2025-11-14 00:47:45.315819: I external/local_xla/xla/tsl/framework/bfc_allocator.cc:1060] Bin (268435456): 	Total Chunks: 6, Chunks in use: 1. 13.81GiB allocated for chunks. 512.00MiB in use in bin. 468.75MiB client-requested in use in bin.
2025-11-14 00:47:45.315827: I external/local_xla/xla/tsl/framework/bfc_allocator.cc:1076] Bin for 15.55GiB was 256.00MiB, Chunk State: 
2025-11-14 00:47:45.315837: I external/local_xla/xla/tsl/framework/bfc_allocator.cc:1082]   Size: 512.00MiB | Requested Size: 113.66MiB | in_use: 0 | bin_num: 20
2025-11-14 00:47:45.315846: I external/local_xla/xla/tsl/framework/bfc_allocator.cc:1082]   Size: 1.00GiB | Requested Size: 720.00MiB | in_use: 0 | bin_num: 20
2025-11-14 00:47:45.315854: I external/local_xla/xla/tsl/framework/bfc_allocator.cc:1082]   Size: 2.00GiB | Requested Size: 1.05GiB | in_use: 0 | bin_num: 20
2025-11-14 00:47:45.315863: I external/local_xla/xla/tsl/framework/bfc_allocator.cc:1082]   Size: 4.00GiB | Requested Size: 1.86GiB | in_use: 0 | bin_num: 20
2025-11-14 00:47:45.315871: I external/local_xla/xla/tsl/framework/bfc_allocator.cc:1082]   Size: 5.81GiB | Requested Size: 4.29GiB | in_use: 0 | bin_num: 20
2025-11-14 00:47:45.315878: I external/local_xla/xla/tsl/framework/bfc_allocator.cc:1089] Next region of size 6242435072
2025-11-14 00:47:45.315887: I external/local_xla/xla/tsl/framework/bfc_allocator.cc:1109] Free  at 149652000000 of size 6242435072 next 18446744073709551615
2025-11-14 00:47:45.315894: I external/local_xla/xla/tsl/framework/bfc_allocator.cc:1089] Next region of size 4294967296
2025-11-14 00:47:45.315902: I external/local_xla/xla/tsl/framework/bfc_allocator.cc:1109] Free  at 1497d8000000 of size 4294967296 next 18446744073709551615
2025-11-14 00:47:45.315909: I external/local_xla/xla/tsl/framework/bfc_allocator.cc:1089] Next region of size 2147483648
2025-11-14 00:47:45.315916: I external/local_xla/xla/tsl/framework/bfc_allocator.cc:1109] Free  at 1498ec000000 of size 2147483648 next 18446744073709551615
2025-11-14 00:47:45.315924: I external/local_xla/xla/tsl/framework/bfc_allocator.cc:1089] Next region of size 1073741824
2025-11-14 00:47:45.315935: I external/local_xla/xla/tsl/framework/bfc_allocator.cc:1109] Free  at 14999a000000 of size 1073741824 next 18446744073709551615
2025-11-14 00:47:45.315943: I external/local_xla/xla/tsl/framework/bfc_allocator.cc:1089] Next region of size 536870912
2025-11-14 00:47:45.315950: I external/local_xla/xla/tsl/framework/bfc_allocator.cc:1109] Free  at 1499da000000 of size 536870912 next 18446744073709551615
2025-11-14 00:47:45.315958: I external/local_xla/xla/tsl/framework/bfc_allocator.cc:1089] Next region of size 536870912
2025-11-14 00:47:45.315966: I external/local_xla/xla/tsl/framework/bfc_allocator.cc:1109] InUse at 149ab2000000 of size 536870912 next 18446744073709551615
2025-11-14 00:47:45.315981: I external/local_xla/xla/tsl/framework/bfc_allocator.cc:1089] Next region of size 67108864
2025-11-14 00:47:45.315989: I external/local_xla/xla/tsl/framework/bfc_allocator.cc:1109] InUse at 149af8000000 of size 884736 next 809
2025-11-14 00:47:45.315996: I external/local_xla/xla/tsl/framework/bfc_allocator.cc:1109] InUse at 149af80d8000 of size 884736 next 810
2025-11-14 00:47:45.316004: I external/local_xla/xla/tsl/framework/bfc_allocator.cc:1109] InUse at 149af81b0000 of size 884736 next 811
2025-11-14 00:47:45.316011: I external/local_xla/xla/tsl/framework/bfc_allocator.cc:1109] InUse at 149af8288000 of size 768 next 812
2025-11-14 00:47:45.316019: I external/local_xla/xla/tsl/framework/bfc_allocator.cc:1109] InUse at 149af8288300 of size 768 next 813
2025-11-14 00:47:45.316026: I external/local_xla/xla/tsl/framework/bfc_allocator.cc:1109] InUse at 149af8288600 of size 768 next 814
2025-11-14 00:47:45.316034: I external/local_xla/xla/tsl/framework/bfc_allocator.cc:1109] InUse at 149af8288900 of size 768 next 815
2025-11-14 00:47:45.316041: I external/local_xla/xla/tsl/framework/bfc_allocator.cc:1109] InUse at 149af8288c00 of size 768 next 816
2025-11-14 00:47:45.316048: I external/local_xla/xla/tsl/framework/bfc_allocator.cc:1109] InUse at 149af8288f00 of size 768 next 817
2025-11-14 00:47:45.316056: I external/local_xla/xla/tsl/framework/bfc_allocator.cc:1109] InUse at 149af8289200 of size 768 next 818
2025-11-14 00:47:45.316063: I external/local_xla/xla/tsl/framework/bfc_allocator.cc:1109] InUse at 149af8289500 of size 768 next 819
2025-11-14 00:47:45.316070: I external/local_xla/xla/tsl/framework/bfc_allocator.cc:1109] InUse at 149af8289800 of size 768 next 820
2025-11-14 00:47:45.316078: I external/local_xla/xla/tsl/framework/bfc_allocator.cc:1109] InUse at 149af8289b00 of size 768 next 821
2025-11-14 00:47:45.316085: I external/local_xla/xla/tsl/framework/bfc_allocator.cc:1109] InUse at 149af8289e00 of size 768 next 822
2025-11-14 00:47:45.316092: I external/local_xla/xla/tsl/framework/bfc_allocator.cc:1109] InUse at 149af828a100 of size 768 next 823
2025-11-14 00:47:45.316100: I external/local_xla/xla/tsl/framework/bfc_allocator.cc:1109] InUse at 149af828a400 of size 768 next 824
2025-11-14 00:47:45.316107: I external/local_xla/xla/tsl/framework/bfc_allocator.cc:1109] InUse at 149af828a700 of size 768 next 825
2025-11-14 00:47:45.316114: I external/local_xla/xla/tsl/framework/bfc_allocator.cc:1109] InUse at 149af828aa00 of size 768 next 826
2025-11-14 00:47:45.316122: I external/local_xla/xla/tsl/framework/bfc_allocator.cc:1109] InUse at 149af828ad00 of size 768 next 827
2025-11-14 00:47:45.316129: I external/local_xla/xla/tsl/framework/bfc_allocator.cc:1109] InUse at 149af828b000 of size 768 next 828
2025-11-14 00:47:45.316136: I external/local_xla/xla/tsl/framework/bfc_allocator.cc:1109] InUse at 149af828b300 of size 768 next 829
2025-11-14 00:47:45.316144: I external/local_xla/xla/tsl/framework/bfc_allocator.cc:1109] InUse at 149af828b600 of size 768 next 830
2025-11-14 00:47:45.316151: I external/local_xla/xla/tsl/framework/bfc_allocator.cc:1109] InUse at 149af828b900 of size 768 next 831
2025-11-14 00:47:45.316159: I external/local_xla/xla/tsl/framework/bfc_allocator.cc:1109] InUse at 149af828bc00 of size 221184 next 832
2025-11-14 00:47:45.316167: I external/local_xla/xla/tsl/framework/bfc_allocator.cc:1109] InUse at 149af82c1c00 of size 221184 next 833
2025-11-14 00:47:45.316179: I external/local_xla/xla/tsl/framework/bfc_allocator.cc:1109] InUse at 149af82f7c00 of size 221184 next 834
2025-11-14 00:47:45.316187: I external/local_xla/xla/tsl/framework/bfc_allocator.cc:1109] InUse at 149af832dc00 of size 221184 next 835
2025-11-14 00:47:45.316194: I external/local_xla/xla/tsl/framework/bfc_allocator.cc:1109] InUse at 149af8363c00 of size 221184 next 836
2025-11-14 00:47:45.316202: I external/local_xla/xla/tsl/framework/bfc_allocator.cc:1109] InUse at 149af8399c00 of size 221184 next 837
2025-11-14 00:47:45.316209: I external/local_xla/xla/tsl/framework/bfc_allocator.cc:1109] InUse at 149af83cfc00 of size 221184 next 838
2025-11-14 00:47:45.316216: I external/local_xla/xla/tsl/framework/bfc_allocator.cc:1109] InUse at 149af8405c00 of size 221184 next 839
2025-11-14 00:47:45.316224: I external/local_xla/xla/tsl/framework/bfc_allocator.cc:1109] InUse at 149af843bc00 of size 221184 next 840
2025-11-14 00:47:45.316231: I external/local_xla/xla/tsl/framework/bfc_allocator.cc:1109] InUse at 149af8471c00 of size 221184 next 841
2025-11-14 00:47:45.316238: I external/local_xla/xla/tsl/framework/bfc_allocator.cc:1109] InUse at 149af84a7c00 of size 884736 next 842
2025-11-14 00:47:45.316246: I external/local_xla/xla/tsl/framework/bfc_allocator.cc:1109] InUse at 149af857fc00 of size 884736 next 843
2025-11-14 00:47:45.316253: I external/local_xla/xla/tsl/framework/bfc_allocator.cc:1109] InUse at 149af8657c00 of size 884736 next 844
2025-11-14 00:47:45.316260: I external/local_xla/xla/tsl/framework/bfc_allocator.cc:1109] InUse at 149af872fc00 of size 884736 next 845
2025-11-14 00:47:45.316267: I external/local_xla/xla/tsl/framework/bfc_allocator.cc:1109] InUse at 149af8807c00 of size 884736 next 846
2025-11-14 00:47:45.316275: I external/local_xla/xla/tsl/framework/bfc_allocator.cc:1109] InUse at 149af88dfc00 of size 884736 next 847
2025-11-14 00:47:45.316282: I external/local_xla/xla/tsl/framework/bfc_allocator.cc:1109] InUse at 149af89b7c00 of size 884736 next 848
2025-11-14 00:47:45.316289: I external/local_xla/xla/tsl/framework/bfc_allocator.cc:1109] InUse at 149af8a8fc00 of size 884736 next 849
2025-11-14 00:47:45.316297: I external/local_xla/xla/tsl/framework/bfc_allocator.cc:1109] InUse at 149af8b67c00 of size 884736 next 850
2025-11-14 00:47:45.316304: I external/local_xla/xla/tsl/framework/bfc_allocator.cc:1109] InUse at 149af8c3fc00 of size 884736 next 851
2025-11-14 00:47:45.316312: I external/local_xla/xla/tsl/framework/bfc_allocator.cc:1109] InUse at 149af8d17c00 of size 115200 next 852
2025-11-14 00:47:45.316319: I external/local_xla/xla/tsl/framework/bfc_allocator.cc:1109] InUse at 149af8d33e00 of size 115200 next 853
2025-11-14 00:47:45.316326: I external/local_xla/xla/tsl/framework/bfc_allocator.cc:1109] InUse at 149af8d50000 of size 115200 next 854
2025-11-14 00:47:45.316334: I external/local_xla/xla/tsl/framework/bfc_allocator.cc:1109] InUse at 149af8d6c200 of size 115200 next 855
2025-11-14 00:47:45.316341: I external/local_xla/xla/tsl/framework/bfc_allocator.cc:1109] InUse at 149af8d88400 of size 115200 next 856
2025-11-14 00:47:45.316348: I external/local_xla/xla/tsl/framework/bfc_allocator.cc:1109] InUse at 149af8da4600 of size 115200 next 857
2025-11-14 00:47:45.316356: I external/local_xla/xla/tsl/framework/bfc_allocator.cc:1109] InUse at 149af8dc0800 of size 115200 next 858
2025-11-14 00:47:45.316363: I external/local_xla/xla/tsl/framework/bfc_allocator.cc:1109] InUse at 149af8ddca00 of size 115200 next 859
2025-11-14 00:47:45.316370: I external/local_xla/xla/tsl/framework/bfc_allocator.cc:1109] InUse at 149af8df8c00 of size 4608 next 860
2025-11-14 00:47:45.316378: I external/local_xla/xla/tsl/framework/bfc_allocator.cc:1109] InUse at 149af8df9e00 of size 4608 next 861
2025-11-14 00:47:45.316385: I external/local_xla/xla/tsl/framework/bfc_allocator.cc:1109] InUse at 149af8dfb000 of size 4608 next 862
2025-11-14 00:47:45.316392: I external/local_xla/xla/tsl/framework/bfc_allocator.cc:1109] InUse at 149af8dfc200 of size 4608 next 863
2025-11-14 00:47:45.316403: I external/local_xla/xla/tsl/framework/bfc_allocator.cc:1109] InUse at 149af8dfd400 of size 4608 next 864
2025-11-14 00:47:45.316411: I external/local_xla/xla/tsl/framework/bfc_allocator.cc:1109] InUse at 149af8dfe600 of size 4608 next 865
2025-11-14 00:47:45.316418: I external/local_xla/xla/tsl/framework/bfc_allocator.cc:1109] InUse at 149af8dff800 of size 4608 next 866
2025-11-14 00:47:45.316426: I external/local_xla/xla/tsl/framework/bfc_allocator.cc:1109] InUse at 149af8e00a00 of size 4608 next 867
2025-11-14 00:47:45.316433: I external/local_xla/xla/tsl/framework/bfc_allocator.cc:1109] InUse at 149af8e01c00 of size 4608 next 868
2025-11-14 00:47:45.316440: I external/local_xla/xla/tsl/framework/bfc_allocator.cc:1109] InUse at 149af8e02e00 of size 4608 next 869
2025-11-14 00:47:45.316447: I external/local_xla/xla/tsl/framework/bfc_allocator.cc:1109] InUse at 149af8e04000 of size 4608 next 870
2025-11-14 00:47:45.316455: I external/local_xla/xla/tsl/framework/bfc_allocator.cc:1109] InUse at 149af8e05200 of size 4608 next 871
2025-11-14 00:47:45.316462: I external/local_xla/xla/tsl/framework/bfc_allocator.cc:1109] InUse at 149af8e06400 of size 4608 next 872
2025-11-14 00:47:45.316469: I external/local_xla/xla/tsl/framework/bfc_allocator.cc:1109] InUse at 149af8e07600 of size 4608 next 873
2025-11-14 00:47:45.316477: I external/local_xla/xla/tsl/framework/bfc_allocator.cc:1109] InUse at 149af8e08800 of size 4608 next 874
2025-11-14 00:47:45.316484: I external/local_xla/xla/tsl/framework/bfc_allocator.cc:1109] InUse at 149af8e09a00 of size 4608 next 875
2025-11-14 00:47:45.316491: I external/local_xla/xla/tsl/framework/bfc_allocator.cc:1109] InUse at 149af8e0ac00 of size 4608 next 876
2025-11-14 00:47:45.316499: I external/local_xla/xla/tsl/framework/bfc_allocator.cc:1109] InUse at 149af8e0be00 of size 4608 next 877
2025-11-14 00:47:45.316506: I external/local_xla/xla/tsl/framework/bfc_allocator.cc:1109] InUse at 149af8e0d000 of size 4608 next 878
2025-11-14 00:47:45.316513: I external/local_xla/xla/tsl/framework/bfc_allocator.cc:1109] InUse at 149af8e0e200 of size 4608 next 879
2025-11-14 00:47:45.316520: I external/local_xla/xla/tsl/framework/bfc_allocator.cc:1109] InUse at 149af8e0f400 of size 4608 next 880
2025-11-14 00:47:45.316528: I external/local_xla/xla/tsl/framework/bfc_allocator.cc:1109] InUse at 149af8e10600 of size 4608 next 881
2025-11-14 00:47:45.316535: I external/local_xla/xla/tsl/framework/bfc_allocator.cc:1109] InUse at 149af8e11800 of size 4608 next 882
2025-11-14 00:47:45.316542: I external/local_xla/xla/tsl/framework/bfc_allocator.cc:1109] InUse at 149af8e12a00 of size 4608 next 883
2025-11-14 00:47:45.316550: I external/local_xla/xla/tsl/framework/bfc_allocator.cc:1109] InUse at 149af8e13c00 of size 4608 next 884
2025-11-14 00:47:45.316557: I external/local_xla/xla/tsl/framework/bfc_allocator.cc:1109] InUse at 149af8e14e00 of size 4608 next 885
2025-11-14 00:47:45.316564: I external/local_xla/xla/tsl/framework/bfc_allocator.cc:1109] InUse at 149af8e16000 of size 4608 next 886
2025-11-14 00:47:45.316572: I external/local_xla/xla/tsl/framework/bfc_allocator.cc:1109] InUse at 149af8e17200 of size 4608 next 887
2025-11-14 00:47:45.316579: I external/local_xla/xla/tsl/framework/bfc_allocator.cc:1109] InUse at 149af8e18400 of size 4608 next 888
2025-11-14 00:47:45.316586: I external/local_xla/xla/tsl/framework/bfc_allocator.cc:1109] InUse at 149af8e19600 of size 4608 next 889
2025-11-14 00:47:45.316593: I external/local_xla/xla/tsl/framework/bfc_allocator.cc:1109] InUse at 149af8e1a800 of size 4608 next 890
2025-11-14 00:47:45.316601: I external/local_xla/xla/tsl/framework/bfc_allocator.cc:1109] InUse at 149af8e1ba00 of size 4608 next 891
2025-11-14 00:47:45.316608: I external/local_xla/xla/tsl/framework/bfc_allocator.cc:1109] InUse at 149af8e1cc00 of size 4608 next 892
2025-11-14 00:47:45.316615: I external/local_xla/xla/tsl/framework/bfc_allocator.cc:1109] InUse at 149af8e1de00 of size 4608 next 893
2025-11-14 00:47:45.316623: I external/local_xla/xla/tsl/framework/bfc_allocator.cc:1109] InUse at 149af8e1f000 of size 4608 next 894
2025-11-14 00:47:45.316633: I external/local_xla/xla/tsl/framework/bfc_allocator.cc:1109] InUse at 149af8e20200 of size 4608 next 895
2025-11-14 00:47:45.316641: I external/local_xla/xla/tsl/framework/bfc_allocator.cc:1109] InUse at 149af8e21400 of size 4608 next 896
2025-11-14 00:47:45.316648: I external/local_xla/xla/tsl/framework/bfc_allocator.cc:1109] InUse at 149af8e22600 of size 4608 next 897
2025-11-14 00:47:45.316655: I external/local_xla/xla/tsl/framework/bfc_allocator.cc:1109] InUse at 149af8e23800 of size 4608 next 898
2025-11-14 00:47:45.316663: I external/local_xla/xla/tsl/framework/bfc_allocator.cc:1109] InUse at 149af8e24a00 of size 4608 next 899
2025-11-14 00:47:45.316670: I external/local_xla/xla/tsl/framework/bfc_allocator.cc:1109] InUse at 149af8e25c00 of size 4608 next 900
2025-11-14 00:47:45.316677: I external/local_xla/xla/tsl/framework/bfc_allocator.cc:1109] InUse at 149af8e26e00 of size 4608 next 901
2025-11-14 00:47:45.316685: I external/local_xla/xla/tsl/framework/bfc_allocator.cc:1109] InUse at 149af8e28000 of size 4608 next 902
2025-11-14 00:47:45.316692: I external/local_xla/xla/tsl/framework/bfc_allocator.cc:1109] InUse at 149af8e29200 of size 4608 next 903
2025-11-14 00:47:45.316699: I external/local_xla/xla/tsl/framework/bfc_allocator.cc:1109] InUse at 149af8e2a400 of size 4608 next 904
2025-11-14 00:47:45.316707: I external/local_xla/xla/tsl/framework/bfc_allocator.cc:1109] InUse at 149af8e2b600 of size 4608 next 905
2025-11-14 00:47:45.316714: I external/local_xla/xla/tsl/framework/bfc_allocator.cc:1109] InUse at 149af8e2c800 of size 4608 next 906
2025-11-14 00:47:45.316721: I external/local_xla/xla/tsl/framework/bfc_allocator.cc:1109] InUse at 149af8e2da00 of size 4608 next 907
2025-11-14 00:47:45.316728: I external/local_xla/xla/tsl/framework/bfc_allocator.cc:1109] InUse at 149af8e2ec00 of size 4608 next 908
2025-11-14 00:47:45.316736: I external/local_xla/xla/tsl/framework/bfc_allocator.cc:1109] InUse at 149af8e2fe00 of size 4608 next 909
2025-11-14 00:47:45.316743: I external/local_xla/xla/tsl/framework/bfc_allocator.cc:1109] InUse at 149af8e31000 of size 7680 next 910
2025-11-14 00:47:45.316751: I external/local_xla/xla/tsl/framework/bfc_allocator.cc:1109] InUse at 149af8e32e00 of size 7680 next 911
2025-11-14 00:47:45.316758: I external/local_xla/xla/tsl/framework/bfc_allocator.cc:1109] InUse at 149af8e34c00 of size 7680 next 912
2025-11-14 00:47:45.316766: I external/local_xla/xla/tsl/framework/bfc_allocator.cc:1109] InUse at 149af8e36a00 of size 7680 next 913
2025-11-14 00:47:45.316773: I external/local_xla/xla/tsl/framework/bfc_allocator.cc:1109] InUse at 149af8e38800 of size 7680 next 914
2025-11-14 00:47:45.316780: I external/local_xla/xla/tsl/framework/bfc_allocator.cc:1109] InUse at 149af8e3a600 of size 7680 next 915
2025-11-14 00:47:45.316787: I external/local_xla/xla/tsl/framework/bfc_allocator.cc:1109] InUse at 149af8e3c400 of size 7680 next 916
2025-11-14 00:47:45.316795: I external/local_xla/xla/tsl/framework/bfc_allocator.cc:1109] InUse at 149af8e3e200 of size 7680 next 917
2025-11-14 00:47:45.316802: I external/local_xla/xla/tsl/framework/bfc_allocator.cc:1109] InUse at 149af8e40000 of size 7680 next 918
2025-11-14 00:47:45.316809: I external/local_xla/xla/tsl/framework/bfc_allocator.cc:1109] InUse at 149af8e41e00 of size 7680 next 919
2025-11-14 00:47:45.316817: I external/local_xla/xla/tsl/framework/bfc_allocator.cc:1109] InUse at 149af8e43c00 of size 512 next 920
2025-11-14 00:47:45.316824: I external/local_xla/xla/tsl/framework/bfc_allocator.cc:1109] InUse at 149af8e43e00 of size 512 next 921
2025-11-14 00:47:45.316832: I external/local_xla/xla/tsl/framework/bfc_allocator.cc:1109] InUse at 149af8e44000 of size 512 next 922
2025-11-14 00:47:45.316839: I external/local_xla/xla/tsl/framework/bfc_allocator.cc:1109] InUse at 149af8e44200 of size 512 next 923
2025-11-14 00:47:45.316846: I external/local_xla/xla/tsl/framework/bfc_allocator.cc:1109] InUse at 149af8e44400 of size 512 next 924
2025-11-14 00:47:45.316858: I external/local_xla/xla/tsl/framework/bfc_allocator.cc:1109] InUse at 149af8e44600 of size 512 next 925
2025-11-14 00:47:45.316865: I external/local_xla/xla/tsl/framework/bfc_allocator.cc:1109] InUse at 149af8e44800 of size 512 next 926
2025-11-14 00:47:45.316873: I external/local_xla/xla/tsl/framework/bfc_allocator.cc:1109] InUse at 149af8e44a00 of size 512 next 927
2025-11-14 00:47:45.316880: I external/local_xla/xla/tsl/framework/bfc_allocator.cc:1109] InUse at 149af8e44c00 of size 512 next 928
2025-11-14 00:47:45.316888: I external/local_xla/xla/tsl/framework/bfc_allocator.cc:1109] InUse at 149af8e44e00 of size 512 next 929
2025-11-14 00:47:45.316895: I external/local_xla/xla/tsl/framework/bfc_allocator.cc:1109] InUse at 149af8e45000 of size 512 next 930
2025-11-14 00:47:45.316902: I external/local_xla/xla/tsl/framework/bfc_allocator.cc:1109] InUse at 149af8e45200 of size 512 next 931
2025-11-14 00:47:45.316909: I external/local_xla/xla/tsl/framework/bfc_allocator.cc:1109] InUse at 149af8e45400 of size 512 next 932
2025-11-14 00:47:45.316917: I external/local_xla/xla/tsl/framework/bfc_allocator.cc:1109] InUse at 149af8e45600 of size 512 next 933
2025-11-14 00:47:45.316924: I external/local_xla/xla/tsl/framework/bfc_allocator.cc:1109] InUse at 149af8e45800 of size 512 next 934
2025-11-14 00:47:45.316932: I external/local_xla/xla/tsl/framework/bfc_allocator.cc:1109] InUse at 149af8e45a00 of size 512 next 935
2025-11-14 00:47:45.316939: I external/local_xla/xla/tsl/framework/bfc_allocator.cc:1109] InUse at 149af8e45c00 of size 512 next 936
2025-11-14 00:47:45.316946: I external/local_xla/xla/tsl/framework/bfc_allocator.cc:1109] InUse at 149af8e45e00 of size 512 next 937
2025-11-14 00:47:45.316954: I external/local_xla/xla/tsl/framework/bfc_allocator.cc:1109] InUse at 149af8e46000 of size 1280 next 938
2025-11-14 00:47:45.316961: I external/local_xla/xla/tsl/framework/bfc_allocator.cc:1109] InUse at 149af8e46500 of size 1280 next 939
2025-11-14 00:47:45.316968: I external/local_xla/xla/tsl/framework/bfc_allocator.cc:1109] InUse at 149af8e46a00 of size 1280 next 940
2025-11-14 00:47:45.316978: I external/local_xla/xla/tsl/framework/bfc_allocator.cc:1109] InUse at 149af8e46f00 of size 1280 next 941
2025-11-14 00:47:45.316986: I external/local_xla/xla/tsl/framework/bfc_allocator.cc:1109] InUse at 149af8e47400 of size 1280 next 942
2025-11-14 00:47:45.316993: I external/local_xla/xla/tsl/framework/bfc_allocator.cc:1109] InUse at 149af8e47900 of size 1280 next 943
2025-11-14 00:47:45.317001: I external/local_xla/xla/tsl/framework/bfc_allocator.cc:1109] InUse at 149af8e47e00 of size 1280 next 944
2025-11-14 00:47:45.317008: I external/local_xla/xla/tsl/framework/bfc_allocator.cc:1109] InUse at 149af8e48300 of size 1280 next 945
2025-11-14 00:47:45.317016: I external/local_xla/xla/tsl/framework/bfc_allocator.cc:1109] InUse at 149af8e48800 of size 5120 next 946
2025-11-14 00:47:45.317023: I external/local_xla/xla/tsl/framework/bfc_allocator.cc:1109] InUse at 149af8e49c00 of size 5120 next 947
2025-11-14 00:47:45.317030: I external/local_xla/xla/tsl/framework/bfc_allocator.cc:1109] InUse at 149af8e4b000 of size 5120 next 948
2025-11-14 00:47:45.317038: I external/local_xla/xla/tsl/framework/bfc_allocator.cc:1109] InUse at 149af8e4c400 of size 5120 next 949
2025-11-14 00:47:45.317045: I external/local_xla/xla/tsl/framework/bfc_allocator.cc:1109] InUse at 149af8e4d800 of size 256 next 950
2025-11-14 00:47:45.317053: I external/local_xla/xla/tsl/framework/bfc_allocator.cc:1109] InUse at 149af8e4d900 of size 256 next 951
2025-11-14 00:47:45.317060: I external/local_xla/xla/tsl/framework/bfc_allocator.cc:1109] InUse at 149af8e4da00 of size 256 next 952
2025-11-14 00:47:45.317067: I external/local_xla/xla/tsl/framework/bfc_allocator.cc:1109] InUse at 149af8e4db00 of size 256 next 953
2025-11-14 00:47:45.317075: I external/local_xla/xla/tsl/framework/bfc_allocator.cc:1109] InUse at 149af8e4dc00 of size 256 next 954
2025-11-14 00:47:45.317082: I external/local_xla/xla/tsl/framework/bfc_allocator.cc:1109] InUse at 149af8e4dd00 of size 256 next 955
2025-11-14 00:47:45.317093: I external/local_xla/xla/tsl/framework/bfc_allocator.cc:1109] InUse at 149af8e4de00 of size 256 next 956
2025-11-14 00:47:45.317101: I external/local_xla/xla/tsl/framework/bfc_allocator.cc:1109] InUse at 149af8e4df00 of size 256 next 957
2025-11-14 00:47:45.317108: I external/local_xla/xla/tsl/framework/bfc_allocator.cc:1109] InUse at 149af8e4e000 of size 256 next 958
2025-11-14 00:47:45.317115: I external/local_xla/xla/tsl/framework/bfc_allocator.cc:1109] InUse at 149af8e4e100 of size 256 next 959
2025-11-14 00:47:45.317123: I external/local_xla/xla/tsl/framework/bfc_allocator.cc:1109] InUse at 149af8e4e200 of size 256 next 960
2025-11-14 00:47:45.317130: I external/local_xla/xla/tsl/framework/bfc_allocator.cc:1109] InUse at 149af8e4e300 of size 256 next 961
2025-11-14 00:47:45.317138: I external/local_xla/xla/tsl/framework/bfc_allocator.cc:1109] InUse at 149af8e4e400 of size 13824 next 962
2025-11-14 00:47:45.317147: I external/local_xla/xla/tsl/framework/bfc_allocator.cc:1109] InUse at 149af8e51a00 of size 13824 next 963
2025-11-14 00:47:45.317154: I external/local_xla/xla/tsl/framework/bfc_allocator.cc:1109] InUse at 149af8e55000 of size 13824 next 964
2025-11-14 00:47:45.317161: I external/local_xla/xla/tsl/framework/bfc_allocator.cc:1109] InUse at 149af8e58600 of size 13824 next 965
2025-11-14 00:47:45.317169: I external/local_xla/xla/tsl/framework/bfc_allocator.cc:1109] InUse at 149af8e5bc00 of size 13824 next 966
2025-11-14 00:47:45.317176: I external/local_xla/xla/tsl/framework/bfc_allocator.cc:1109] InUse at 149af8e5f200 of size 13824 next 967
2025-11-14 00:47:45.317183: I external/local_xla/xla/tsl/framework/bfc_allocator.cc:1109] InUse at 149af8e62800 of size 3584 next 968
2025-11-14 00:47:45.317191: I external/local_xla/xla/tsl/framework/bfc_allocator.cc:1109] InUse at 149af8e63600 of size 3584 next 969
2025-11-14 00:47:45.317198: I external/local_xla/xla/tsl/framework/bfc_allocator.cc:1109] InUse at 149af8e64400 of size 3584 next 970
2025-11-14 00:47:45.317206: I external/local_xla/xla/tsl/framework/bfc_allocator.cc:1109] InUse at 149af8e65200 of size 3584 next 971
2025-11-14 00:47:45.317213: I external/local_xla/xla/tsl/framework/bfc_allocator.cc:1109] InUse at 149af8e66000 of size 3584 next 972
2025-11-14 00:47:45.317221: I external/local_xla/xla/tsl/framework/bfc_allocator.cc:1109] InUse at 149af8e66e00 of size 3584 next 973
2025-11-14 00:47:45.317228: I external/local_xla/xla/tsl/framework/bfc_allocator.cc:1109] InUse at 149af8e67c00 of size 1024 next 974
2025-11-14 00:47:45.317235: I external/local_xla/xla/tsl/framework/bfc_allocator.cc:1109] InUse at 149af8e68000 of size 1024 next 975
2025-11-14 00:47:45.317243: I external/local_xla/xla/tsl/framework/bfc_allocator.cc:1109] InUse at 149af8e68400 of size 1024 next 976
2025-11-14 00:47:45.317250: I external/local_xla/xla/tsl/framework/bfc_allocator.cc:1109] InUse at 149af8e68800 of size 1024 next 977
2025-11-14 00:47:45.317258: I external/local_xla/xla/tsl/framework/bfc_allocator.cc:1109] InUse at 149af8e68c00 of size 1024 next 978
2025-11-14 00:47:45.317265: I external/local_xla/xla/tsl/framework/bfc_allocator.cc:1109] InUse at 149af8e69000 of size 1024 next 979
2025-11-14 00:47:45.317272: I external/local_xla/xla/tsl/framework/bfc_allocator.cc:1109] InUse at 149af8e69400 of size 1024 next 980
2025-11-14 00:47:45.317280: I external/local_xla/xla/tsl/framework/bfc_allocator.cc:1109] InUse at 149af8e69800 of size 1024 next 981
2025-11-14 00:47:45.317287: I external/local_xla/xla/tsl/framework/bfc_allocator.cc:1109] InUse at 149af8e69c00 of size 1024 next 982
2025-11-14 00:47:45.317294: I external/local_xla/xla/tsl/framework/bfc_allocator.cc:1109] InUse at 149af8e6a000 of size 1024 next 983
2025-11-14 00:47:45.317302: I external/local_xla/xla/tsl/framework/bfc_allocator.cc:1109] InUse at 149af8e6a400 of size 1024 next 984
2025-11-14 00:47:45.317309: I external/local_xla/xla/tsl/framework/bfc_allocator.cc:1109] InUse at 149af8e6a800 of size 1024 next 985
2025-11-14 00:47:45.317320: I external/local_xla/xla/tsl/framework/bfc_allocator.cc:1109] InUse at 149af8e6ac00 of size 1024 next 986
2025-11-14 00:47:45.317328: I external/local_xla/xla/tsl/framework/bfc_allocator.cc:1109] InUse at 149af8e6b000 of size 1024 next 987
2025-11-14 00:47:45.317336: I external/local_xla/xla/tsl/framework/bfc_allocator.cc:1109] InUse at 149af8e6b400 of size 1024 next 988
2025-11-14 00:47:45.317343: I external/local_xla/xla/tsl/framework/bfc_allocator.cc:1109] InUse at 149af8e6b800 of size 1024 next 989
2025-11-14 00:47:45.317350: I external/local_xla/xla/tsl/framework/bfc_allocator.cc:1109] InUse at 149af8e6bc00 of size 1024 next 990
2025-11-14 00:47:45.317358: I external/local_xla/xla/tsl/framework/bfc_allocator.cc:1109] InUse at 149af8e6c000 of size 1024 next 991
2025-11-14 00:47:45.317365: I external/local_xla/xla/tsl/framework/bfc_allocator.cc:1109] InUse at 149af8e6c400 of size 1024 next 992
2025-11-14 00:47:45.317372: I external/local_xla/xla/tsl/framework/bfc_allocator.cc:1109] InUse at 149af8e6c800 of size 1024 next 993
2025-11-14 00:47:45.317380: I external/local_xla/xla/tsl/framework/bfc_allocator.cc:1109] InUse at 149af8e6cc00 of size 1024 next 994
2025-11-14 00:47:45.317387: I external/local_xla/xla/tsl/framework/bfc_allocator.cc:1109] InUse at 149af8e6d000 of size 1024 next 995
2025-11-14 00:47:45.317395: I external/local_xla/xla/tsl/framework/bfc_allocator.cc:1109] InUse at 149af8e6d400 of size 1024 next 996
2025-11-14 00:47:45.317402: I external/local_xla/xla/tsl/framework/bfc_allocator.cc:1109] InUse at 149af8e6d800 of size 1024 next 997
2025-11-14 00:47:45.317409: I external/local_xla/xla/tsl/framework/bfc_allocator.cc:1109] InUse at 149af8e6dc00 of size 1024 next 998
2025-11-14 00:47:45.317417: I external/local_xla/xla/tsl/framework/bfc_allocator.cc:1109] InUse at 149af8e6e000 of size 1024 next 999
2025-11-14 00:47:45.317424: I external/local_xla/xla/tsl/framework/bfc_allocator.cc:1109] InUse at 149af8e6e400 of size 1024 next 1000
2025-11-14 00:47:45.317431: I external/local_xla/xla/tsl/framework/bfc_allocator.cc:1109] InUse at 149af8e6e800 of size 1024 next 1001
2025-11-14 00:47:45.317439: I external/local_xla/xla/tsl/framework/bfc_allocator.cc:1109] InUse at 149af8e6ec00 of size 1024 next 1002
2025-11-14 00:47:45.317446: I external/local_xla/xla/tsl/framework/bfc_allocator.cc:1109] InUse at 149af8e6f000 of size 1024 next 1003
2025-11-14 00:47:45.317454: I external/local_xla/xla/tsl/framework/bfc_allocator.cc:1109] InUse at 149af8e6f400 of size 9728 next 1004
2025-11-14 00:47:45.317461: I external/local_xla/xla/tsl/framework/bfc_allocator.cc:1109] InUse at 149af8e71a00 of size 9728 next 1005
2025-11-14 00:47:45.317469: I external/local_xla/xla/tsl/framework/bfc_allocator.cc:1109] InUse at 149af8e74000 of size 9728 next 1006
2025-11-14 00:47:45.317476: I external/local_xla/xla/tsl/framework/bfc_allocator.cc:1109] InUse at 149af8e76600 of size 9728 next 1007
2025-11-14 00:47:45.317483: I external/local_xla/xla/tsl/framework/bfc_allocator.cc:1109] InUse at 149af8e78c00 of size 9728 next 1008
2025-11-14 00:47:45.317491: I external/local_xla/xla/tsl/framework/bfc_allocator.cc:1109] InUse at 149af8e7b200 of size 9728 next 1009
2025-11-14 00:47:45.317498: I external/local_xla/xla/tsl/framework/bfc_allocator.cc:1109] InUse at 149af8e7d800 of size 768 next 1010
2025-11-14 00:47:45.317506: I external/local_xla/xla/tsl/framework/bfc_allocator.cc:1109] InUse at 149af8e7db00 of size 768 next 1011
2025-11-14 00:47:45.317513: I external/local_xla/xla/tsl/framework/bfc_allocator.cc:1109] InUse at 149af8e7de00 of size 768 next 1012
2025-11-14 00:47:45.317520: I external/local_xla/xla/tsl/framework/bfc_allocator.cc:1109] InUse at 149af8e7e100 of size 768 next 1013
2025-11-14 00:47:45.317528: I external/local_xla/xla/tsl/framework/bfc_allocator.cc:1109] InUse at 149af8e7e400 of size 768 next 1014
2025-11-14 00:47:45.317535: I external/local_xla/xla/tsl/framework/bfc_allocator.cc:1109] InUse at 149af8e7e700 of size 768 next 1015
2025-11-14 00:47:45.317542: I external/local_xla/xla/tsl/framework/bfc_allocator.cc:1109] InUse at 149af8e7ea00 of size 768 next 1016
2025-11-14 00:47:45.317553: I external/local_xla/xla/tsl/framework/bfc_allocator.cc:1109] InUse at 149af8e7ed00 of size 768 next 1017
2025-11-14 00:47:45.317561: I external/local_xla/xla/tsl/framework/bfc_allocator.cc:1109] InUse at 149af8e7f000 of size 768 next 1018
2025-11-14 00:47:45.317568: I external/local_xla/xla/tsl/framework/bfc_allocator.cc:1109] InUse at 149af8e7f300 of size 768 next 1019
2025-11-14 00:47:45.317576: I external/local_xla/xla/tsl/framework/bfc_allocator.cc:1109] InUse at 149af8e7f600 of size 768 next 1020
2025-11-14 00:47:45.317583: I external/local_xla/xla/tsl/framework/bfc_allocator.cc:1109] InUse at 149af8e7f900 of size 768 next 1021
2025-11-14 00:47:45.317590: I external/local_xla/xla/tsl/framework/bfc_allocator.cc:1109] InUse at 149af8e7fc00 of size 768 next 1022
2025-11-14 00:47:45.317598: I external/local_xla/xla/tsl/framework/bfc_allocator.cc:1109] InUse at 149af8e7ff00 of size 768 next 1023
2025-11-14 00:47:45.317605: I external/local_xla/xla/tsl/framework/bfc_allocator.cc:1109] InUse at 149af8e80200 of size 768 next 1024
2025-11-14 00:47:45.317613: I external/local_xla/xla/tsl/framework/bfc_allocator.cc:1109] InUse at 149af8e80500 of size 768 next 1025
2025-11-14 00:47:45.317620: I external/local_xla/xla/tsl/framework/bfc_allocator.cc:1109] InUse at 149af8e80800 of size 768 next 1026
2025-11-14 00:47:45.317627: I external/local_xla/xla/tsl/framework/bfc_allocator.cc:1109] InUse at 149af8e80b00 of size 768 next 1027
2025-11-14 00:47:45.317635: I external/local_xla/xla/tsl/framework/bfc_allocator.cc:1109] InUse at 149af8e80e00 of size 768 next 1028
2025-11-14 00:47:45.317642: I external/local_xla/xla/tsl/framework/bfc_allocator.cc:1109] InUse at 149af8e81100 of size 768 next 1029
2025-11-14 00:47:45.317649: I external/local_xla/xla/tsl/framework/bfc_allocator.cc:1109] InUse at 149af8e81400 of size 768 next 1030
2025-11-14 00:47:45.317657: I external/local_xla/xla/tsl/framework/bfc_allocator.cc:1109] InUse at 149af8e81700 of size 768 next 1031
2025-11-14 00:47:45.317664: I external/local_xla/xla/tsl/framework/bfc_allocator.cc:1109] InUse at 149af8e81a00 of size 768 next 1032
2025-11-14 00:47:45.317672: I external/local_xla/xla/tsl/framework/bfc_allocator.cc:1109] InUse at 149af8e81d00 of size 768 next 1033
2025-11-14 00:47:45.317679: I external/local_xla/xla/tsl/framework/bfc_allocator.cc:1109] InUse at 149af8e82000 of size 768 next 1034
2025-11-14 00:47:45.317686: I external/local_xla/xla/tsl/framework/bfc_allocator.cc:1109] InUse at 149af8e82300 of size 768 next 1035
2025-11-14 00:47:45.317694: I external/local_xla/xla/tsl/framework/bfc_allocator.cc:1109] InUse at 149af8e82600 of size 768 next 1036
2025-11-14 00:47:45.317701: I external/local_xla/xla/tsl/framework/bfc_allocator.cc:1109] InUse at 149af8e82900 of size 768 next 1037
2025-11-14 00:47:45.317708: I external/local_xla/xla/tsl/framework/bfc_allocator.cc:1109] InUse at 149af8e82c00 of size 768 next 1038
2025-11-14 00:47:45.317716: I external/local_xla/xla/tsl/framework/bfc_allocator.cc:1109] InUse at 149af8e82f00 of size 768 next 1039
2025-11-14 00:47:45.317723: I external/local_xla/xla/tsl/framework/bfc_allocator.cc:1109] InUse at 149af8e83200 of size 256 next 1040
2025-11-14 00:47:45.317730: I external/local_xla/xla/tsl/framework/bfc_allocator.cc:1109] InUse at 149af8e83300 of size 256 next 1041
2025-11-14 00:47:45.317738: I external/local_xla/xla/tsl/framework/bfc_allocator.cc:1109] InUse at 149af8e83400 of size 256 next 1042
2025-11-14 00:47:45.317745: I external/local_xla/xla/tsl/framework/bfc_allocator.cc:1109] InUse at 149af8e83500 of size 256 next 1043
2025-11-14 00:47:45.317753: I external/local_xla/xla/tsl/framework/bfc_allocator.cc:1109] InUse at 149af8e83600 of size 256 next 1044
2025-11-14 00:47:45.317760: I external/local_xla/xla/tsl/framework/bfc_allocator.cc:1109] InUse at 149af8e83700 of size 256 next 1045
2025-11-14 00:47:45.317767: I external/local_xla/xla/tsl/framework/bfc_allocator.cc:1109] InUse at 149af8e83800 of size 256 next 1046
2025-11-14 00:47:45.317778: I external/local_xla/xla/tsl/framework/bfc_allocator.cc:1109] InUse at 149af8e83900 of size 256 next 1047
2025-11-14 00:47:45.317786: I external/local_xla/xla/tsl/framework/bfc_allocator.cc:1109] InUse at 149af8e83a00 of size 256 next 1048
2025-11-14 00:47:45.317793: I external/local_xla/xla/tsl/framework/bfc_allocator.cc:1109] InUse at 149af8e83b00 of size 256 next 1049
2025-11-14 00:47:45.317801: I external/local_xla/xla/tsl/framework/bfc_allocator.cc:1109] InUse at 149af8e83c00 of size 256 next 1050
2025-11-14 00:47:45.317808: I external/local_xla/xla/tsl/framework/bfc_allocator.cc:1109] InUse at 149af8e83d00 of size 256 next 1051
2025-11-14 00:47:45.317815: I external/local_xla/xla/tsl/framework/bfc_allocator.cc:1109] InUse at 149af8e83e00 of size 256 next 1052
2025-11-14 00:47:45.317823: I external/local_xla/xla/tsl/framework/bfc_allocator.cc:1109] InUse at 149af8e83f00 of size 256 next 1053
2025-11-14 00:47:45.317830: I external/local_xla/xla/tsl/framework/bfc_allocator.cc:1109] InUse at 149af8e84000 of size 256 next 1054
2025-11-14 00:47:45.317837: I external/local_xla/xla/tsl/framework/bfc_allocator.cc:1109] InUse at 149af8e84100 of size 256 next 1055
2025-11-14 00:47:45.317845: I external/local_xla/xla/tsl/framework/bfc_allocator.cc:1109] InUse at 149af8e84200 of size 9728 next 1056
2025-11-14 00:47:45.317852: I external/local_xla/xla/tsl/framework/bfc_allocator.cc:1109] InUse at 149af8e86800 of size 9728 next 1057
2025-11-14 00:47:45.317860: I external/local_xla/xla/tsl/framework/bfc_allocator.cc:1109] InUse at 149af8e88e00 of size 9728 next 1058
2025-11-14 00:47:45.317867: I external/local_xla/xla/tsl/framework/bfc_allocator.cc:1109] InUse at 149af8e8b400 of size 9728 next 1059
2025-11-14 00:47:45.317874: I external/local_xla/xla/tsl/framework/bfc_allocator.cc:1109] InUse at 149af8e8da00 of size 9728 next 1060
2025-11-14 00:47:45.317882: I external/local_xla/xla/tsl/framework/bfc_allocator.cc:1109] InUse at 149af8e90000 of size 9728 next 1061
2025-11-14 00:47:45.317889: I external/local_xla/xla/tsl/framework/bfc_allocator.cc:1109] InUse at 149af8e92600 of size 512 next 1063
2025-11-14 00:47:45.317897: I external/local_xla/xla/tsl/framework/bfc_allocator.cc:1109] InUse at 149af8e92800 of size 256 next 1064
2025-11-14 00:47:45.317904: I external/local_xla/xla/tsl/framework/bfc_allocator.cc:1109] InUse at 149af8e92900 of size 8192 next 1069
2025-11-14 00:47:45.317911: I external/local_xla/xla/tsl/framework/bfc_allocator.cc:1109] InUse at 149af8e94900 of size 256 next 1067
2025-11-14 00:47:45.317919: I external/local_xla/xla/tsl/framework/bfc_allocator.cc:1109] InUse at 149af8e94a00 of size 256 next 1073
2025-11-14 00:47:45.317926: I external/local_xla/xla/tsl/framework/bfc_allocator.cc:1109] Free  at 149af8e94b00 of size 51819776 next 18446744073709551615
2025-11-14 00:47:45.317934: I external/local_xla/xla/tsl/framework/bfc_allocator.cc:1089] Next region of size 33554432
2025-11-14 00:47:45.317941: I external/local_xla/xla/tsl/framework/bfc_allocator.cc:1109] InUse at 149b42000000 of size 614400 next 498
2025-11-14 00:47:45.317949: I external/local_xla/xla/tsl/framework/bfc_allocator.cc:1109] InUse at 149b42096000 of size 9216 next 541
2025-11-14 00:47:45.317956: I external/local_xla/xla/tsl/framework/bfc_allocator.cc:1109] InUse at 149b42098400 of size 1024 next 542
2025-11-14 00:47:45.317964: I external/local_xla/xla/tsl/framework/bfc_allocator.cc:1109] InUse at 149b42098800 of size 604160 next 500
2025-11-14 00:47:45.317974: I external/local_xla/xla/tsl/framework/bfc_allocator.cc:1109] InUse at 149b4212c000 of size 516096 next 364
2025-11-14 00:47:45.317984: I external/local_xla/xla/tsl/framework/bfc_allocator.cc:1109] InUse at 149b421aa000 of size 3170304 next 489
2025-11-14 00:47:45.317991: I external/local_xla/xla/tsl/framework/bfc_allocator.cc:1109] InUse at 149b424b0000 of size 2457600 next 502
2025-11-14 00:47:45.317999: I external/local_xla/xla/tsl/framework/bfc_allocator.cc:1109] InUse at 149b42708000 of size 2457600 next 503
2025-11-14 00:47:45.318006: I external/local_xla/xla/tsl/framework/bfc_allocator.cc:1109] InUse at 149b42960000 of size 2457600 next 544
2025-11-14 00:47:45.318017: I external/local_xla/xla/tsl/framework/bfc_allocator.cc:1109] InUse at 149b42bb8000 of size 2457600 next 547
2025-11-14 00:47:45.318025: I external/local_xla/xla/tsl/framework/bfc_allocator.cc:1109] InUse at 149b42e10000 of size 1638400 next 548
2025-11-14 00:47:45.318032: I external/local_xla/xla/tsl/framework/bfc_allocator.cc:1109] InUse at 149b42fa0000 of size 655360 next 549
2025-11-14 00:47:45.318040: I external/local_xla/xla/tsl/framework/bfc_allocator.cc:1109] InUse at 149b43040000 of size 38400 next 573
2025-11-14 00:47:45.318048: I external/local_xla/xla/tsl/framework/bfc_allocator.cc:1109] InUse at 149b43049600 of size 17408 next 574
2025-11-14 00:47:45.318055: I external/local_xla/xla/tsl/framework/bfc_allocator.cc:1109] InUse at 149b4304da00 of size 17408 next 575
2025-11-14 00:47:45.318062: I external/local_xla/xla/tsl/framework/bfc_allocator.cc:1109] InUse at 149b43051e00 of size 17408 next 576
2025-11-14 00:47:45.318070: I external/local_xla/xla/tsl/framework/bfc_allocator.cc:1109] InUse at 149b43056200 of size 17408 next 577
2025-11-14 00:47:45.318077: I external/local_xla/xla/tsl/framework/bfc_allocator.cc:1109] InUse at 149b4305a600 of size 17408 next 578
2025-11-14 00:47:45.318085: I external/local_xla/xla/tsl/framework/bfc_allocator.cc:1109] InUse at 149b4305ea00 of size 17408 next 579
2025-11-14 00:47:45.318092: I external/local_xla/xla/tsl/framework/bfc_allocator.cc:1109] InUse at 149b43062e00 of size 3584 next 580
2025-11-14 00:47:45.318099: I external/local_xla/xla/tsl/framework/bfc_allocator.cc:1109] InUse at 149b43063c00 of size 3584 next 581
2025-11-14 00:47:45.318107: I external/local_xla/xla/tsl/framework/bfc_allocator.cc:1109] InUse at 149b43064a00 of size 3584 next 582
2025-11-14 00:47:45.318114: I external/local_xla/xla/tsl/framework/bfc_allocator.cc:1109] InUse at 149b43065800 of size 3584 next 583
2025-11-14 00:47:45.318122: I external/local_xla/xla/tsl/framework/bfc_allocator.cc:1109] InUse at 149b43066600 of size 3584 next 584
2025-11-14 00:47:45.318129: I external/local_xla/xla/tsl/framework/bfc_allocator.cc:1109] InUse at 149b43067400 of size 3584 next 585
2025-11-14 00:47:45.318136: I external/local_xla/xla/tsl/framework/bfc_allocator.cc:1109] InUse at 149b43068200 of size 256 next 586
2025-11-14 00:47:45.318144: I external/local_xla/xla/tsl/framework/bfc_allocator.cc:1109] InUse at 149b43068300 of size 256 next 587
2025-11-14 00:47:45.318151: I external/local_xla/xla/tsl/framework/bfc_allocator.cc:1109] InUse at 149b43068400 of size 256 next 588
2025-11-14 00:47:45.318158: I external/local_xla/xla/tsl/framework/bfc_allocator.cc:1109] InUse at 149b43068500 of size 256 next 589
2025-11-14 00:47:45.318166: I external/local_xla/xla/tsl/framework/bfc_allocator.cc:1109] InUse at 149b43068600 of size 256 next 590
2025-11-14 00:47:45.318173: I external/local_xla/xla/tsl/framework/bfc_allocator.cc:1109] InUse at 149b43068700 of size 256 next 591
2025-11-14 00:47:45.318181: I external/local_xla/xla/tsl/framework/bfc_allocator.cc:1109] InUse at 149b43068800 of size 256 next 592
2025-11-14 00:47:45.318188: I external/local_xla/xla/tsl/framework/bfc_allocator.cc:1109] InUse at 149b43068900 of size 256 next 593
2025-11-14 00:47:45.318195: I external/local_xla/xla/tsl/framework/bfc_allocator.cc:1109] InUse at 149b43068a00 of size 153600 next 594
2025-11-14 00:47:45.318203: I external/local_xla/xla/tsl/framework/bfc_allocator.cc:1109] InUse at 149b4308e200 of size 153600 next 595
2025-11-14 00:47:45.318210: I external/local_xla/xla/tsl/framework/bfc_allocator.cc:1109] InUse at 149b430b3a00 of size 153600 next 596
2025-11-14 00:47:45.318218: I external/local_xla/xla/tsl/framework/bfc_allocator.cc:1109] InUse at 149b430d9200 of size 153600 next 597
2025-11-14 00:47:45.318225: I external/local_xla/xla/tsl/framework/bfc_allocator.cc:1109] InUse at 149b430fea00 of size 153600 next 598
2025-11-14 00:47:45.318232: I external/local_xla/xla/tsl/framework/bfc_allocator.cc:1109] InUse at 149b43124200 of size 153600 next 599
2025-11-14 00:47:45.318243: I external/local_xla/xla/tsl/framework/bfc_allocator.cc:1109] InUse at 149b43149a00 of size 153600 next 600
2025-11-14 00:47:45.318251: I external/local_xla/xla/tsl/framework/bfc_allocator.cc:1109] InUse at 149b4316f200 of size 153600 next 601
2025-11-14 00:47:45.318258: I external/local_xla/xla/tsl/framework/bfc_allocator.cc:1109] InUse at 149b43194a00 of size 38400 next 602
2025-11-14 00:47:45.318266: I external/local_xla/xla/tsl/framework/bfc_allocator.cc:1109] InUse at 149b4319e000 of size 38400 next 603
2025-11-14 00:47:45.318273: I external/local_xla/xla/tsl/framework/bfc_allocator.cc:1109] InUse at 149b431a7600 of size 38400 next 604
2025-11-14 00:47:45.318280: I external/local_xla/xla/tsl/framework/bfc_allocator.cc:1109] InUse at 149b431b0c00 of size 38400 next 605
2025-11-14 00:47:45.318288: I external/local_xla/xla/tsl/framework/bfc_allocator.cc:1109] InUse at 149b431ba200 of size 38400 next 606
2025-11-14 00:47:45.318295: I external/local_xla/xla/tsl/framework/bfc_allocator.cc:1109] InUse at 149b431c3800 of size 38400 next 607
2025-11-14 00:47:45.318302: I external/local_xla/xla/tsl/framework/bfc_allocator.cc:1109] InUse at 149b431cce00 of size 38400 next 608
2025-11-14 00:47:45.318310: I external/local_xla/xla/tsl/framework/bfc_allocator.cc:1109] InUse at 149b431d6400 of size 38400 next 609
2025-11-14 00:47:45.318317: I external/local_xla/xla/tsl/framework/bfc_allocator.cc:1109] InUse at 149b431dfa00 of size 38400 next 610
2025-11-14 00:47:45.318325: I external/local_xla/xla/tsl/framework/bfc_allocator.cc:1109] InUse at 149b431e9000 of size 38400 next 611
2025-11-14 00:47:45.318332: I external/local_xla/xla/tsl/framework/bfc_allocator.cc:1109] InUse at 149b431f2600 of size 38400 next 612
2025-11-14 00:47:45.318339: I external/local_xla/xla/tsl/framework/bfc_allocator.cc:1109] InUse at 149b431fbc00 of size 38400 next 613
2025-11-14 00:47:45.318347: I external/local_xla/xla/tsl/framework/bfc_allocator.cc:1109] InUse at 149b43205200 of size 38400 next 614
2025-11-14 00:47:45.318354: I external/local_xla/xla/tsl/framework/bfc_allocator.cc:1109] InUse at 149b4320e800 of size 38400 next 615
2025-11-14 00:47:45.318361: I external/local_xla/xla/tsl/framework/bfc_allocator.cc:1109] InUse at 149b43217e00 of size 38400 next 616
2025-11-14 00:47:45.318369: I external/local_xla/xla/tsl/framework/bfc_allocator.cc:1109] InUse at 149b43221400 of size 38400 next 617
2025-11-14 00:47:45.318376: I external/local_xla/xla/tsl/framework/bfc_allocator.cc:1109] InUse at 149b4322aa00 of size 67328 next 618
2025-11-14 00:47:45.318386: I external/local_xla/xla/tsl/framework/bfc_allocator.cc:1109] InUse at 149b4323b100 of size 67328 next 619
2025-11-14 00:47:45.318393: I external/local_xla/xla/tsl/framework/bfc_allocator.cc:1109] InUse at 149b4324b800 of size 67328 next 620
2025-11-14 00:47:45.318400: I external/local_xla/xla/tsl/framework/bfc_allocator.cc:1109] InUse at 149b4325bf00 of size 67328 next 621
2025-11-14 00:47:45.318408: I external/local_xla/xla/tsl/framework/bfc_allocator.cc:1109] InUse at 149b4326c600 of size 67328 next 622
2025-11-14 00:47:45.318415: I external/local_xla/xla/tsl/framework/bfc_allocator.cc:1109] InUse at 149b4327cd00 of size 67328 next 623
2025-11-14 00:47:45.318422: I external/local_xla/xla/tsl/framework/bfc_allocator.cc:1109] InUse at 149b4328d400 of size 67328 next 624
2025-11-14 00:47:45.318430: I external/local_xla/xla/tsl/framework/bfc_allocator.cc:1109] InUse at 149b4329db00 of size 67328 next 625
2025-11-14 00:47:45.318437: I external/local_xla/xla/tsl/framework/bfc_allocator.cc:1109] InUse at 149b432ae200 of size 301056 next 626
2025-11-14 00:47:45.318445: I external/local_xla/xla/tsl/framework/bfc_allocator.cc:1109] InUse at 149b432f7a00 of size 301056 next 627
2025-11-14 00:47:45.318452: I external/local_xla/xla/tsl/framework/bfc_allocator.cc:1109] InUse at 149b43341200 of size 301056 next 628
2025-11-14 00:47:45.318459: I external/local_xla/xla/tsl/framework/bfc_allocator.cc:1109] InUse at 149b4338aa00 of size 301056 next 629
2025-11-14 00:47:45.318467: I external/local_xla/xla/tsl/framework/bfc_allocator.cc:1109] InUse at 149b433d4200 of size 301056 next 630
2025-11-14 00:47:45.318477: I external/local_xla/xla/tsl/framework/bfc_allocator.cc:1109] InUse at 149b4341da00 of size 301056 next 631
2025-11-14 00:47:45.318485: I external/local_xla/xla/tsl/framework/bfc_allocator.cc:1109] InUse at 149b43467200 of size 301056 next 632
2025-11-14 00:47:45.318492: I external/local_xla/xla/tsl/framework/bfc_allocator.cc:1109] InUse at 149b434b0a00 of size 301056 next 633
2025-11-14 00:47:45.318500: I external/local_xla/xla/tsl/framework/bfc_allocator.cc:1109] InUse at 149b434fa200 of size 512 next 634
2025-11-14 00:47:45.318507: I external/local_xla/xla/tsl/framework/bfc_allocator.cc:1109] InUse at 149b434fa400 of size 512 next 635
2025-11-14 00:47:45.318515: I external/local_xla/xla/tsl/framework/bfc_allocator.cc:1109] InUse at 149b434fa600 of size 512 next 636
2025-11-14 00:47:45.318522: I external/local_xla/xla/tsl/framework/bfc_allocator.cc:1109] InUse at 149b434fa800 of size 512 next 637
2025-11-14 00:47:45.318529: I external/local_xla/xla/tsl/framework/bfc_allocator.cc:1109] InUse at 149b434faa00 of size 512 next 638
2025-11-14 00:47:45.318537: I external/local_xla/xla/tsl/framework/bfc_allocator.cc:1109] InUse at 149b434fac00 of size 512 next 639
2025-11-14 00:47:45.318544: I external/local_xla/xla/tsl/framework/bfc_allocator.cc:1109] InUse at 149b434fae00 of size 512 next 640
2025-11-14 00:47:45.318552: I external/local_xla/xla/tsl/framework/bfc_allocator.cc:1109] InUse at 149b434fb000 of size 512 next 641
2025-11-14 00:47:45.318559: I external/local_xla/xla/tsl/framework/bfc_allocator.cc:1109] InUse at 149b434fb200 of size 512 next 642
2025-11-14 00:47:45.318566: I external/local_xla/xla/tsl/framework/bfc_allocator.cc:1109] InUse at 149b434fb400 of size 512 next 643
2025-11-14 00:47:45.318574: I external/local_xla/xla/tsl/framework/bfc_allocator.cc:1109] InUse at 149b434fb600 of size 13824 next 644
2025-11-14 00:47:45.318581: I external/local_xla/xla/tsl/framework/bfc_allocator.cc:1109] InUse at 149b434fec00 of size 13824 next 645
2025-11-14 00:47:45.318589: I external/local_xla/xla/tsl/framework/bfc_allocator.cc:1109] InUse at 149b43502200 of size 13824 next 646
2025-11-14 00:47:45.318596: I external/local_xla/xla/tsl/framework/bfc_allocator.cc:1109] InUse at 149b43505800 of size 13824 next 647
2025-11-14 00:47:45.318603: I external/local_xla/xla/tsl/framework/bfc_allocator.cc:1109] InUse at 149b43508e00 of size 5376 next 648
2025-11-14 00:47:45.318611: I external/local_xla/xla/tsl/framework/bfc_allocator.cc:1109] InUse at 149b4350a300 of size 5376 next 649
2025-11-14 00:47:45.318618: I external/local_xla/xla/tsl/framework/bfc_allocator.cc:1109] InUse at 149b4350b800 of size 5376 next 650
2025-11-14 00:47:45.318626: I external/local_xla/xla/tsl/framework/bfc_allocator.cc:1109] InUse at 149b4350cd00 of size 5376 next 651
2025-11-14 00:47:45.318633: I external/local_xla/xla/tsl/framework/bfc_allocator.cc:1109] InUse at 149b4350e200 of size 256 next 652
2025-11-14 00:47:45.318640: I external/local_xla/xla/tsl/framework/bfc_allocator.cc:1109] InUse at 149b4350e300 of size 256 next 653
2025-11-14 00:47:45.318648: I external/local_xla/xla/tsl/framework/bfc_allocator.cc:1109] InUse at 149b4350e400 of size 256 next 654
2025-11-14 00:47:45.318655: I external/local_xla/xla/tsl/framework/bfc_allocator.cc:1109] InUse at 149b4350e500 of size 256 next 655
2025-11-14 00:47:45.318663: I external/local_xla/xla/tsl/framework/bfc_allocator.cc:1109] InUse at 149b4350e600 of size 256 next 656
2025-11-14 00:47:45.318670: I external/local_xla/xla/tsl/framework/bfc_allocator.cc:1109] InUse at 149b4350e700 of size 256 next 657
2025-11-14 00:47:45.318677: I external/local_xla/xla/tsl/framework/bfc_allocator.cc:1109] InUse at 149b4350e800 of size 256 next 658
2025-11-14 00:47:45.318685: I external/local_xla/xla/tsl/framework/bfc_allocator.cc:1109] InUse at 149b4350e900 of size 256 next 659
2025-11-14 00:47:45.318692: I external/local_xla/xla/tsl/framework/bfc_allocator.cc:1109] InUse at 149b4350ea00 of size 301056 next 660
2025-11-14 00:47:45.318704: I external/local_xla/xla/tsl/framework/bfc_allocator.cc:1109] InUse at 149b43558200 of size 301056 next 661
2025-11-14 00:47:45.318712: I external/local_xla/xla/tsl/framework/bfc_allocator.cc:1109] InUse at 149b435a1a00 of size 301056 next 662
2025-11-14 00:47:45.318719: I external/local_xla/xla/tsl/framework/bfc_allocator.cc:1109] InUse at 149b435eb200 of size 301056 next 663
2025-11-14 00:47:45.318726: I external/local_xla/xla/tsl/framework/bfc_allocator.cc:1109] InUse at 149b43634a00 of size 301056 next 664
2025-11-14 00:47:45.318734: I external/local_xla/xla/tsl/framework/bfc_allocator.cc:1109] InUse at 149b4367e200 of size 301056 next 665
2025-11-14 00:47:45.318741: I external/local_xla/xla/tsl/framework/bfc_allocator.cc:1109] InUse at 149b436c7a00 of size 153600 next 666
2025-11-14 00:47:45.318749: I external/local_xla/xla/tsl/framework/bfc_allocator.cc:1109] InUse at 149b436ed200 of size 153600 next 667
2025-11-14 00:47:45.318756: I external/local_xla/xla/tsl/framework/bfc_allocator.cc:1109] InUse at 149b43712a00 of size 153600 next 668
2025-11-14 00:47:45.318764: I external/local_xla/xla/tsl/framework/bfc_allocator.cc:1109] InUse at 149b43738200 of size 153600 next 669
2025-11-14 00:47:45.318771: I external/local_xla/xla/tsl/framework/bfc_allocator.cc:1109] InUse at 149b4375da00 of size 153600 next 670
2025-11-14 00:47:45.318778: I external/local_xla/xla/tsl/framework/bfc_allocator.cc:1109] InUse at 149b43783200 of size 153600 next 671
2025-11-14 00:47:45.318786: I external/local_xla/xla/tsl/framework/bfc_allocator.cc:1109] InUse at 149b437a8a00 of size 2048 next 672
2025-11-14 00:47:45.318793: I external/local_xla/xla/tsl/framework/bfc_allocator.cc:1109] InUse at 149b437a9200 of size 2048 next 673
2025-11-14 00:47:45.318801: I external/local_xla/xla/tsl/framework/bfc_allocator.cc:1109] InUse at 149b437a9a00 of size 2048 next 674
2025-11-14 00:47:45.318808: I external/local_xla/xla/tsl/framework/bfc_allocator.cc:1109] InUse at 149b437aa200 of size 2048 next 675
2025-11-14 00:47:45.318816: I external/local_xla/xla/tsl/framework/bfc_allocator.cc:1109] InUse at 149b437aaa00 of size 2048 next 676
2025-11-14 00:47:45.318823: I external/local_xla/xla/tsl/framework/bfc_allocator.cc:1109] InUse at 149b437ab200 of size 2048 next 677
2025-11-14 00:47:45.318830: I external/local_xla/xla/tsl/framework/bfc_allocator.cc:1109] InUse at 149b437aba00 of size 2048 next 678
2025-11-14 00:47:45.318838: I external/local_xla/xla/tsl/framework/bfc_allocator.cc:1109] InUse at 149b437ac200 of size 2048 next 679
2025-11-14 00:47:45.318845: I external/local_xla/xla/tsl/framework/bfc_allocator.cc:1109] InUse at 149b437aca00 of size 2048 next 680
2025-11-14 00:47:45.318853: I external/local_xla/xla/tsl/framework/bfc_allocator.cc:1109] InUse at 149b437ad200 of size 2048 next 681
2025-11-14 00:47:45.318860: I external/local_xla/xla/tsl/framework/bfc_allocator.cc:1109] InUse at 149b437ada00 of size 2048 next 682
2025-11-14 00:47:45.318867: I external/local_xla/xla/tsl/framework/bfc_allocator.cc:1109] InUse at 149b437ae200 of size 2048 next 683
2025-11-14 00:47:45.318875: I external/local_xla/xla/tsl/framework/bfc_allocator.cc:1109] InUse at 149b437aea00 of size 2048 next 684
2025-11-14 00:47:45.318882: I external/local_xla/xla/tsl/framework/bfc_allocator.cc:1109] InUse at 149b437af200 of size 2048 next 685
2025-11-14 00:47:45.318890: I external/local_xla/xla/tsl/framework/bfc_allocator.cc:1109] InUse at 149b437afa00 of size 2048 next 686
2025-11-14 00:47:45.318897: I external/local_xla/xla/tsl/framework/bfc_allocator.cc:1109] InUse at 149b437b0200 of size 2048 next 687
2025-11-14 00:47:45.318904: I external/local_xla/xla/tsl/framework/bfc_allocator.cc:1109] InUse at 149b437b0a00 of size 2048 next 688
2025-11-14 00:47:45.318912: I external/local_xla/xla/tsl/framework/bfc_allocator.cc:1109] InUse at 149b437b1200 of size 2048 next 689
2025-11-14 00:47:45.318919: I external/local_xla/xla/tsl/framework/bfc_allocator.cc:1109] InUse at 149b437b1a00 of size 2048 next 690
2025-11-14 00:47:45.318927: I external/local_xla/xla/tsl/framework/bfc_allocator.cc:1109] InUse at 149b437b2200 of size 2048 next 691
2025-11-14 00:47:45.318938: I external/local_xla/xla/tsl/framework/bfc_allocator.cc:1109] InUse at 149b437b2a00 of size 2048 next 692
2025-11-14 00:47:45.318946: I external/local_xla/xla/tsl/framework/bfc_allocator.cc:1109] InUse at 149b437b3200 of size 2048 next 693
2025-11-14 00:47:45.318954: I external/local_xla/xla/tsl/framework/bfc_allocator.cc:1109] InUse at 149b437b3a00 of size 2048 next 694
2025-11-14 00:47:45.318961: I external/local_xla/xla/tsl/framework/bfc_allocator.cc:1109] InUse at 149b437b4200 of size 2048 next 695
2025-11-14 00:47:45.318971: I external/local_xla/xla/tsl/framework/bfc_allocator.cc:1109] InUse at 149b437b4a00 of size 2048 next 696
2025-11-14 00:47:45.318979: I external/local_xla/xla/tsl/framework/bfc_allocator.cc:1109] InUse at 149b437b5200 of size 2048 next 697
2025-11-14 00:47:45.318986: I external/local_xla/xla/tsl/framework/bfc_allocator.cc:1109] InUse at 149b437b5a00 of size 2048 next 698
2025-11-14 00:47:45.318994: I external/local_xla/xla/tsl/framework/bfc_allocator.cc:1109] InUse at 149b437b6200 of size 2048 next 699
2025-11-14 00:47:45.319001: I external/local_xla/xla/tsl/framework/bfc_allocator.cc:1109] InUse at 149b437b6a00 of size 2048 next 700
2025-11-14 00:47:45.319008: I external/local_xla/xla/tsl/framework/bfc_allocator.cc:1109] InUse at 149b437b7200 of size 2048 next 701
2025-11-14 00:47:45.319016: I external/local_xla/xla/tsl/framework/bfc_allocator.cc:1109] InUse at 149b437b7a00 of size 2048 next 702
2025-11-14 00:47:45.319023: I external/local_xla/xla/tsl/framework/bfc_allocator.cc:1109] InUse at 149b437b8200 of size 2048 next 703
2025-11-14 00:47:45.319031: I external/local_xla/xla/tsl/framework/bfc_allocator.cc:1109] InUse at 149b437b8a00 of size 2048 next 704
2025-11-14 00:47:45.319038: I external/local_xla/xla/tsl/framework/bfc_allocator.cc:1109] InUse at 149b437b9200 of size 2048 next 705
2025-11-14 00:47:45.319046: I external/local_xla/xla/tsl/framework/bfc_allocator.cc:1109] InUse at 149b437b9a00 of size 2048 next 706
2025-11-14 00:47:45.319053: I external/local_xla/xla/tsl/framework/bfc_allocator.cc:1109] InUse at 149b437ba200 of size 2048 next 707
2025-11-14 00:47:45.319061: I external/local_xla/xla/tsl/framework/bfc_allocator.cc:1109] InUse at 149b437baa00 of size 2048 next 708
2025-11-14 00:47:45.319068: I external/local_xla/xla/tsl/framework/bfc_allocator.cc:1109] InUse at 149b437bb200 of size 2048 next 709
2025-11-14 00:47:45.319075: I external/local_xla/xla/tsl/framework/bfc_allocator.cc:1109] InUse at 149b437bba00 of size 2048 next 710
2025-11-14 00:47:45.319083: I external/local_xla/xla/tsl/framework/bfc_allocator.cc:1109] InUse at 149b437bc200 of size 2048 next 711
2025-11-14 00:47:45.319090: I external/local_xla/xla/tsl/framework/bfc_allocator.cc:1109] InUse at 149b437bca00 of size 512 next 712
2025-11-14 00:47:45.319098: I external/local_xla/xla/tsl/framework/bfc_allocator.cc:1109] InUse at 149b437bcc00 of size 512 next 713
2025-11-14 00:47:45.319105: I external/local_xla/xla/tsl/framework/bfc_allocator.cc:1109] InUse at 149b437bce00 of size 512 next 714
2025-11-14 00:47:45.319113: I external/local_xla/xla/tsl/framework/bfc_allocator.cc:1109] InUse at 149b437bd000 of size 512 next 715
2025-11-14 00:47:45.319120: I external/local_xla/xla/tsl/framework/bfc_allocator.cc:1109] InUse at 149b437bd200 of size 512 next 716
2025-11-14 00:47:45.319128: I external/local_xla/xla/tsl/framework/bfc_allocator.cc:1109] InUse at 149b437bd400 of size 512 next 717
2025-11-14 00:47:45.319135: I external/local_xla/xla/tsl/framework/bfc_allocator.cc:1109] InUse at 149b437bd600 of size 512 next 718
2025-11-14 00:47:45.319142: I external/local_xla/xla/tsl/framework/bfc_allocator.cc:1109] InUse at 149b437bd800 of size 512 next 719
2025-11-14 00:47:45.319150: I external/local_xla/xla/tsl/framework/bfc_allocator.cc:1109] InUse at 149b437bda00 of size 512 next 720
2025-11-14 00:47:45.319157: I external/local_xla/xla/tsl/framework/bfc_allocator.cc:1109] InUse at 149b437bdc00 of size 512 next 721
2025-11-14 00:47:45.319168: I external/local_xla/xla/tsl/framework/bfc_allocator.cc:1109] InUse at 149b437bde00 of size 512 next 722
2025-11-14 00:47:45.319176: I external/local_xla/xla/tsl/framework/bfc_allocator.cc:1109] InUse at 149b437be000 of size 512 next 723
2025-11-14 00:47:45.319183: I external/local_xla/xla/tsl/framework/bfc_allocator.cc:1109] InUse at 149b437be200 of size 512 next 724
2025-11-14 00:47:45.319191: I external/local_xla/xla/tsl/framework/bfc_allocator.cc:1109] InUse at 149b437be400 of size 512 next 725
2025-11-14 00:47:45.319198: I external/local_xla/xla/tsl/framework/bfc_allocator.cc:1109] InUse at 149b437be600 of size 512 next 726
2025-11-14 00:47:45.319206: I external/local_xla/xla/tsl/framework/bfc_allocator.cc:1109] InUse at 149b437be800 of size 512 next 727
2025-11-14 00:47:45.319213: I external/local_xla/xla/tsl/framework/bfc_allocator.cc:1109] InUse at 149b437bea00 of size 75264 next 728
2025-11-14 00:47:45.319221: I external/local_xla/xla/tsl/framework/bfc_allocator.cc:1109] InUse at 149b437d1000 of size 75264 next 729
2025-11-14 00:47:45.319228: I external/local_xla/xla/tsl/framework/bfc_allocator.cc:1109] InUse at 149b437e3600 of size 75264 next 730
2025-11-14 00:47:45.319236: I external/local_xla/xla/tsl/framework/bfc_allocator.cc:1109] InUse at 149b437f5c00 of size 75264 next 731
2025-11-14 00:47:45.319243: I external/local_xla/xla/tsl/framework/bfc_allocator.cc:1109] InUse at 149b43808200 of size 75264 next 732
2025-11-14 00:47:45.319250: I external/local_xla/xla/tsl/framework/bfc_allocator.cc:1109] InUse at 149b4381a800 of size 75264 next 733
2025-11-14 00:47:45.319258: I external/local_xla/xla/tsl/framework/bfc_allocator.cc:1109] InUse at 149b4382ce00 of size 75264 next 734
2025-11-14 00:47:45.319265: I external/local_xla/xla/tsl/framework/bfc_allocator.cc:1109] InUse at 149b4383f400 of size 75264 next 735
2025-11-14 00:47:45.319273: I external/local_xla/xla/tsl/framework/bfc_allocator.cc:1109] InUse at 149b43851a00 of size 75264 next 736
2025-11-14 00:47:45.319280: I external/local_xla/xla/tsl/framework/bfc_allocator.cc:1109] InUse at 149b43864000 of size 75264 next 737
2025-11-14 00:47:45.319288: I external/local_xla/xla/tsl/framework/bfc_allocator.cc:1109] InUse at 149b43876600 of size 75264 next 738
2025-11-14 00:47:45.319295: I external/local_xla/xla/tsl/framework/bfc_allocator.cc:1109] InUse at 149b43888c00 of size 75264 next 739
2025-11-14 00:47:45.319302: I external/local_xla/xla/tsl/framework/bfc_allocator.cc:1109] InUse at 149b4389b200 of size 75264 next 740
2025-11-14 00:47:45.319310: I external/local_xla/xla/tsl/framework/bfc_allocator.cc:1109] InUse at 149b438ad800 of size 75264 next 741
2025-11-14 00:47:45.319317: I external/local_xla/xla/tsl/framework/bfc_allocator.cc:1109] InUse at 149b438bfe00 of size 75264 next 742
2025-11-14 00:47:45.319325: I external/local_xla/xla/tsl/framework/bfc_allocator.cc:1109] InUse at 149b438d2400 of size 75264 next 743
2025-11-14 00:47:45.319332: I external/local_xla/xla/tsl/framework/bfc_allocator.cc:1109] InUse at 149b438e4a00 of size 2816 next 744
2025-11-14 00:47:45.319340: I external/local_xla/xla/tsl/framework/bfc_allocator.cc:1109] InUse at 149b438e5500 of size 2816 next 745
2025-11-14 00:47:45.319347: I external/local_xla/xla/tsl/framework/bfc_allocator.cc:1109] InUse at 149b438e6000 of size 2816 next 746
2025-11-14 00:47:45.319355: I external/local_xla/xla/tsl/framework/bfc_allocator.cc:1109] InUse at 149b438e6b00 of size 2816 next 747
2025-11-14 00:47:45.319362: I external/local_xla/xla/tsl/framework/bfc_allocator.cc:1109] InUse at 149b438e7600 of size 2816 next 748
2025-11-14 00:47:45.319369: I external/local_xla/xla/tsl/framework/bfc_allocator.cc:1109] InUse at 149b438e8100 of size 2816 next 749
2025-11-14 00:47:45.319377: I external/local_xla/xla/tsl/framework/bfc_allocator.cc:1109] InUse at 149b438e8c00 of size 2816 next 750
2025-11-14 00:47:45.319384: I external/local_xla/xla/tsl/framework/bfc_allocator.cc:1109] InUse at 149b438e9700 of size 2816 next 751
2025-11-14 00:47:45.319392: I external/local_xla/xla/tsl/framework/bfc_allocator.cc:1109] InUse at 149b438ea200 of size 2816 next 752
2025-11-14 00:47:45.319402: I external/local_xla/xla/tsl/framework/bfc_allocator.cc:1109] InUse at 149b438ead00 of size 2816 next 753
2025-11-14 00:47:45.319410: I external/local_xla/xla/tsl/framework/bfc_allocator.cc:1109] InUse at 149b438eb800 of size 2816 next 754
2025-11-14 00:47:45.319417: I external/local_xla/xla/tsl/framework/bfc_allocator.cc:1109] InUse at 149b438ec300 of size 2816 next 755
2025-11-14 00:47:45.319425: I external/local_xla/xla/tsl/framework/bfc_allocator.cc:1109] InUse at 149b438ece00 of size 2816 next 756
2025-11-14 00:47:45.319432: I external/local_xla/xla/tsl/framework/bfc_allocator.cc:1109] InUse at 149b438ed900 of size 2816 next 757
2025-11-14 00:47:45.319440: I external/local_xla/xla/tsl/framework/bfc_allocator.cc:1109] InUse at 149b438ee400 of size 2816 next 758
2025-11-14 00:47:45.319447: I external/local_xla/xla/tsl/framework/bfc_allocator.cc:1109] InUse at 149b438eef00 of size 2816 next 759
2025-11-14 00:47:45.319454: I external/local_xla/xla/tsl/framework/bfc_allocator.cc:1109] InUse at 149b438efa00 of size 2816 next 760
2025-11-14 00:47:45.319462: I external/local_xla/xla/tsl/framework/bfc_allocator.cc:1109] InUse at 149b438f0500 of size 2816 next 761
2025-11-14 00:47:45.319469: I external/local_xla/xla/tsl/framework/bfc_allocator.cc:1109] InUse at 149b438f1000 of size 2816 next 762
2025-11-14 00:47:45.319477: I external/local_xla/xla/tsl/framework/bfc_allocator.cc:1109] InUse at 149b438f1b00 of size 2816 next 763
2025-11-14 00:47:45.319484: I external/local_xla/xla/tsl/framework/bfc_allocator.cc:1109] InUse at 149b438f2600 of size 2816 next 764
2025-11-14 00:47:45.319491: I external/local_xla/xla/tsl/framework/bfc_allocator.cc:1109] InUse at 149b438f3100 of size 2816 next 765
2025-11-14 00:47:45.319499: I external/local_xla/xla/tsl/framework/bfc_allocator.cc:1109] InUse at 149b438f3c00 of size 2816 next 766
2025-11-14 00:47:45.319506: I external/local_xla/xla/tsl/framework/bfc_allocator.cc:1109] InUse at 149b438f4700 of size 2816 next 767
2025-11-14 00:47:45.319514: I external/local_xla/xla/tsl/framework/bfc_allocator.cc:1109] InUse at 149b438f5200 of size 2816 next 768
2025-11-14 00:47:45.319521: I external/local_xla/xla/tsl/framework/bfc_allocator.cc:1109] InUse at 149b438f5d00 of size 2816 next 769
2025-11-14 00:47:45.319528: I external/local_xla/xla/tsl/framework/bfc_allocator.cc:1109] InUse at 149b438f6800 of size 2816 next 770
2025-11-14 00:47:45.319536: I external/local_xla/xla/tsl/framework/bfc_allocator.cc:1109] InUse at 149b438f7300 of size 2816 next 771
2025-11-14 00:47:45.319543: I external/local_xla/xla/tsl/framework/bfc_allocator.cc:1109] InUse at 149b438f7e00 of size 2816 next 772
2025-11-14 00:47:45.319551: I external/local_xla/xla/tsl/framework/bfc_allocator.cc:1109] InUse at 149b438f8900 of size 2816 next 773
2025-11-14 00:47:45.319558: I external/local_xla/xla/tsl/framework/bfc_allocator.cc:1109] InUse at 149b438f9400 of size 2816 next 774
2025-11-14 00:47:45.319565: I external/local_xla/xla/tsl/framework/bfc_allocator.cc:1109] InUse at 149b438f9f00 of size 2816 next 775
2025-11-14 00:47:45.319573: I external/local_xla/xla/tsl/framework/bfc_allocator.cc:1109] InUse at 149b438faa00 of size 2816 next 776
2025-11-14 00:47:45.319580: I external/local_xla/xla/tsl/framework/bfc_allocator.cc:1109] InUse at 149b438fb500 of size 2816 next 777
2025-11-14 00:47:45.319588: I external/local_xla/xla/tsl/framework/bfc_allocator.cc:1109] InUse at 149b438fc000 of size 2816 next 778
2025-11-14 00:47:45.319595: I external/local_xla/xla/tsl/framework/bfc_allocator.cc:1109] InUse at 149b438fcb00 of size 2816 next 779
2025-11-14 00:47:45.319602: I external/local_xla/xla/tsl/framework/bfc_allocator.cc:1109] InUse at 149b438fd600 of size 2816 next 780
2025-11-14 00:47:45.319610: I external/local_xla/xla/tsl/framework/bfc_allocator.cc:1109] InUse at 149b438fe100 of size 2816 next 781
2025-11-14 00:47:45.319617: I external/local_xla/xla/tsl/framework/bfc_allocator.cc:1109] InUse at 149b438fec00 of size 2816 next 782
2025-11-14 00:47:45.319628: I external/local_xla/xla/tsl/framework/bfc_allocator.cc:1109] InUse at 149b438ff700 of size 2816 next 783
2025-11-14 00:47:45.319636: I external/local_xla/xla/tsl/framework/bfc_allocator.cc:1109] InUse at 149b43900200 of size 221184 next 784
2025-11-14 00:47:45.319643: I external/local_xla/xla/tsl/framework/bfc_allocator.cc:1109] InUse at 149b43936200 of size 221184 next 785
2025-11-14 00:47:45.319651: I external/local_xla/xla/tsl/framework/bfc_allocator.cc:1109] InUse at 149b4396c200 of size 221184 next 786
2025-11-14 00:47:45.319658: I external/local_xla/xla/tsl/framework/bfc_allocator.cc:1109] InUse at 149b439a2200 of size 221184 next 787
2025-11-14 00:47:45.319665: I external/local_xla/xla/tsl/framework/bfc_allocator.cc:1109] InUse at 149b439d8200 of size 221184 next 788
2025-11-14 00:47:45.319673: I external/local_xla/xla/tsl/framework/bfc_allocator.cc:1109] InUse at 149b43a0e200 of size 221184 next 789
2025-11-14 00:47:45.319680: I external/local_xla/xla/tsl/framework/bfc_allocator.cc:1109] InUse at 149b43a44200 of size 221184 next 790
2025-11-14 00:47:45.319688: I external/local_xla/xla/tsl/framework/bfc_allocator.cc:1109] InUse at 149b43a7a200 of size 221184 next 791
2025-11-14 00:47:45.319695: I external/local_xla/xla/tsl/framework/bfc_allocator.cc:1109] InUse at 149b43ab0200 of size 221184 next 792
2025-11-14 00:47:45.319702: I external/local_xla/xla/tsl/framework/bfc_allocator.cc:1109] InUse at 149b43ae6200 of size 221184 next 793
2025-11-14 00:47:45.319710: I external/local_xla/xla/tsl/framework/bfc_allocator.cc:1109] InUse at 149b43b1c200 of size 256 next 794
2025-11-14 00:47:45.319717: I external/local_xla/xla/tsl/framework/bfc_allocator.cc:1109] InUse at 149b43b1c300 of size 256 next 795
2025-11-14 00:47:45.319725: I external/local_xla/xla/tsl/framework/bfc_allocator.cc:1109] InUse at 149b43b1c400 of size 256 next 796
2025-11-14 00:47:45.319732: I external/local_xla/xla/tsl/framework/bfc_allocator.cc:1109] InUse at 149b43b1c500 of size 256 next 797
2025-11-14 00:47:45.319739: I external/local_xla/xla/tsl/framework/bfc_allocator.cc:1109] InUse at 149b43b1c600 of size 256 next 798
2025-11-14 00:47:45.319747: I external/local_xla/xla/tsl/framework/bfc_allocator.cc:1109] InUse at 149b43b1c700 of size 256 next 799
2025-11-14 00:47:45.319754: I external/local_xla/xla/tsl/framework/bfc_allocator.cc:1109] InUse at 149b43b1c800 of size 256 next 800
2025-11-14 00:47:45.319762: I external/local_xla/xla/tsl/framework/bfc_allocator.cc:1109] InUse at 149b43b1c900 of size 256 next 801
2025-11-14 00:47:45.319769: I external/local_xla/xla/tsl/framework/bfc_allocator.cc:1109] InUse at 149b43b1ca00 of size 256 next 802
2025-11-14 00:47:45.319776: I external/local_xla/xla/tsl/framework/bfc_allocator.cc:1109] InUse at 149b43b1cb00 of size 256 next 803
2025-11-14 00:47:45.319784: I external/local_xla/xla/tsl/framework/bfc_allocator.cc:1109] InUse at 149b43b1cc00 of size 884736 next 804
2025-11-14 00:47:45.319791: I external/local_xla/xla/tsl/framework/bfc_allocator.cc:1109] InUse at 149b43bf4c00 of size 884736 next 805
2025-11-14 00:47:45.319799: I external/local_xla/xla/tsl/framework/bfc_allocator.cc:1109] InUse at 149b43cccc00 of size 884736 next 806
2025-11-14 00:47:45.319806: I external/local_xla/xla/tsl/framework/bfc_allocator.cc:1109] InUse at 149b43da4c00 of size 884736 next 807
2025-11-14 00:47:45.319814: I external/local_xla/xla/tsl/framework/bfc_allocator.cc:1109] InUse at 149b43e7cc00 of size 1586176 next 18446744073709551615
2025-11-14 00:47:45.319821: I external/local_xla/xla/tsl/framework/bfc_allocator.cc:1089] Next region of size 16777216
2025-11-14 00:47:45.319828: I external/local_xla/xla/tsl/framework/bfc_allocator.cc:1109] InUse at 149b52000000 of size 221184 next 396
2025-11-14 00:47:45.319836: I external/local_xla/xla/tsl/framework/bfc_allocator.cc:1109] InUse at 149b52036000 of size 221184 next 398
2025-11-14 00:47:45.319843: I external/local_xla/xla/tsl/framework/bfc_allocator.cc:1109] InUse at 149b5206c000 of size 221184 next 416
2025-11-14 00:47:45.319851: I external/local_xla/xla/tsl/framework/bfc_allocator.cc:1109] InUse at 149b520a2000 of size 221184 next 384
2025-11-14 00:47:45.319862: I external/local_xla/xla/tsl/framework/bfc_allocator.cc:1109] InUse at 149b520d8000 of size 884736 next 385
2025-11-14 00:47:45.319870: I external/local_xla/xla/tsl/framework/bfc_allocator.cc:1109] InUse at 149b521b0000 of size 221184 next 418
2025-11-14 00:47:45.319877: I external/local_xla/xla/tsl/framework/bfc_allocator.cc:1109] InUse at 149b521e6000 of size 38400 next 142
2025-11-14 00:47:45.319885: I external/local_xla/xla/tsl/framework/bfc_allocator.cc:1109] InUse at 149b521ef600 of size 76800 next 205
2025-11-14 00:47:45.319892: I external/local_xla/xla/tsl/framework/bfc_allocator.cc:1109] InUse at 149b52202200 of size 105984 next 437
2025-11-14 00:47:45.319901: I external/local_xla/xla/tsl/framework/bfc_allocator.cc:1109] InUse at 149b5221c000 of size 221184 next 438
2025-11-14 00:47:45.319908: I external/local_xla/xla/tsl/framework/bfc_allocator.cc:1109] InUse at 149b52252000 of size 221184 next 400
2025-11-14 00:47:45.319916: I external/local_xla/xla/tsl/framework/bfc_allocator.cc:1109] InUse at 149b52288000 of size 884736 next 401
2025-11-14 00:47:45.319923: I external/local_xla/xla/tsl/framework/bfc_allocator.cc:1109] InUse at 149b52360000 of size 884736 next 407
2025-11-14 00:47:45.319930: I external/local_xla/xla/tsl/framework/bfc_allocator.cc:1109] InUse at 149b52438000 of size 221184 next 455
2025-11-14 00:47:45.319938: I external/local_xla/xla/tsl/framework/bfc_allocator.cc:1109] InUse at 149b5246e000 of size 221184 next 471
2025-11-14 00:47:45.319945: I external/local_xla/xla/tsl/framework/bfc_allocator.cc:1109] InUse at 149b524a4000 of size 221184 next 467
2025-11-14 00:47:45.319953: I external/local_xla/xla/tsl/framework/bfc_allocator.cc:1109] InUse at 149b524da000 of size 69120 next 456
2025-11-14 00:47:45.319960: I external/local_xla/xla/tsl/framework/bfc_allocator.cc:1109] InUse at 149b524eae00 of size 152064 next 420
2025-11-14 00:47:45.319968: I external/local_xla/xla/tsl/framework/bfc_allocator.cc:1109] InUse at 149b52510000 of size 884736 next 421
2025-11-14 00:47:45.319978: I external/local_xla/xla/tsl/framework/bfc_allocator.cc:1109] InUse at 149b525e8000 of size 884736 next 427
2025-11-14 00:47:45.319986: I external/local_xla/xla/tsl/framework/bfc_allocator.cc:1109] InUse at 149b526c0000 of size 884736 next 440
2025-11-14 00:47:45.319993: I external/local_xla/xla/tsl/framework/bfc_allocator.cc:1109] InUse at 149b52798000 of size 884736 next 446
2025-11-14 00:47:45.320001: I external/local_xla/xla/tsl/framework/bfc_allocator.cc:1109] InUse at 149b52870000 of size 221184 next 478
2025-11-14 00:47:45.320008: I external/local_xla/xla/tsl/framework/bfc_allocator.cc:1109] InUse at 149b528a6000 of size 215040 next 289
2025-11-14 00:47:45.320016: I external/local_xla/xla/tsl/framework/bfc_allocator.cc:1109] InUse at 149b528da800 of size 448512 next 460
2025-11-14 00:47:45.320024: I external/local_xla/xla/tsl/framework/bfc_allocator.cc:1109] InUse at 149b52948000 of size 884736 next 461
2025-11-14 00:47:45.320031: I external/local_xla/xla/tsl/framework/bfc_allocator.cc:1109] InUse at 149b52a20000 of size 2457600 next 472
2025-11-14 00:47:45.320038: I external/local_xla/xla/tsl/framework/bfc_allocator.cc:1109] InUse at 149b52c78000 of size 614400 next 546
2025-11-14 00:47:45.320046: I external/local_xla/xla/tsl/framework/bfc_allocator.cc:1109] InUse at 149b52d0e000 of size 696320 next 242
2025-11-14 00:47:45.320053: I external/local_xla/xla/tsl/framework/bfc_allocator.cc:1109] InUse at 149b52db8000 of size 655360 next 283
2025-11-14 00:47:45.320061: I external/local_xla/xla/tsl/framework/bfc_allocator.cc:1109] InUse at 149b52e58000 of size 1736704 next 18446744073709551615
2025-11-14 00:47:45.320068: I external/local_xla/xla/tsl/framework/bfc_allocator.cc:1089] Next region of size 2097152
2025-11-14 00:47:45.320076: I external/local_xla/xla/tsl/framework/bfc_allocator.cc:1109] InUse at 149b7d200000 of size 1280 next 1
2025-11-14 00:47:45.320084: I external/local_xla/xla/tsl/framework/bfc_allocator.cc:1109] InUse at 149b7d200500 of size 263424 next 2
2025-11-14 00:47:45.320095: I external/local_xla/xla/tsl/framework/bfc_allocator.cc:1109] InUse at 149b7d240a00 of size 131840 next 3
2025-11-14 00:47:45.320104: I external/local_xla/xla/tsl/framework/bfc_allocator.cc:1109] InUse at 149b7d260d00 of size 256 next 4
2025-11-14 00:47:45.320111: I external/local_xla/xla/tsl/framework/bfc_allocator.cc:1109] InUse at 149b7d260e00 of size 256 next 5
2025-11-14 00:47:45.320119: I external/local_xla/xla/tsl/framework/bfc_allocator.cc:1109] InUse at 149b7d260f00 of size 256 next 6
2025-11-14 00:47:45.320126: I external/local_xla/xla/tsl/framework/bfc_allocator.cc:1109] InUse at 149b7d261000 of size 256 next 7
2025-11-14 00:47:45.320133: I external/local_xla/xla/tsl/framework/bfc_allocator.cc:1109] InUse at 149b7d261100 of size 256 next 8
2025-11-14 00:47:45.320141: I external/local_xla/xla/tsl/framework/bfc_allocator.cc:1109] InUse at 149b7d261200 of size 263424 next 9
2025-11-14 00:47:45.320148: I external/local_xla/xla/tsl/framework/bfc_allocator.cc:1109] InUse at 149b7d2a1700 of size 131840 next 10
2025-11-14 00:47:45.320156: I external/local_xla/xla/tsl/framework/bfc_allocator.cc:1109] InUse at 149b7d2c1a00 of size 256 next 11
2025-11-14 00:47:45.320163: I external/local_xla/xla/tsl/framework/bfc_allocator.cc:1109] InUse at 149b7d2c1b00 of size 1303808 next 18446744073709551615
2025-11-14 00:47:45.320171: I external/local_xla/xla/tsl/framework/bfc_allocator.cc:1089] Next region of size 4194304
2025-11-14 00:47:45.320178: I external/local_xla/xla/tsl/framework/bfc_allocator.cc:1109] InUse at 149b7d400000 of size 4194304 next 18446744073709551615
2025-11-14 00:47:45.320186: I external/local_xla/xla/tsl/framework/bfc_allocator.cc:1089] Next region of size 8388608
2025-11-14 00:47:45.320193: I external/local_xla/xla/tsl/framework/bfc_allocator.cc:1109] InUse at 149b7d800000 of size 256 next 14
2025-11-14 00:47:45.320201: I external/local_xla/xla/tsl/framework/bfc_allocator.cc:1109] InUse at 149b7d800100 of size 256 next 15
2025-11-14 00:47:45.320208: I external/local_xla/xla/tsl/framework/bfc_allocator.cc:1109] InUse at 149b7d800200 of size 256 next 16
2025-11-14 00:47:45.320215: I external/local_xla/xla/tsl/framework/bfc_allocator.cc:1109] InUse at 149b7d800300 of size 256 next 17
2025-11-14 00:47:45.320223: I external/local_xla/xla/tsl/framework/bfc_allocator.cc:1109] InUse at 149b7d800400 of size 256 next 19
2025-11-14 00:47:45.320230: I external/local_xla/xla/tsl/framework/bfc_allocator.cc:1109] InUse at 149b7d800500 of size 256 next 20
2025-11-14 00:47:45.320238: I external/local_xla/xla/tsl/framework/bfc_allocator.cc:1109] InUse at 149b7d800600 of size 256 next 513
2025-11-14 00:47:45.320245: I external/local_xla/xla/tsl/framework/bfc_allocator.cc:1109] InUse at 149b7d800700 of size 256 next 21
2025-11-14 00:47:45.320252: I external/local_xla/xla/tsl/framework/bfc_allocator.cc:1109] InUse at 149b7d800800 of size 256 next 22
2025-11-14 00:47:45.320260: I external/local_xla/xla/tsl/framework/bfc_allocator.cc:1109] InUse at 149b7d800900 of size 256 next 23
2025-11-14 00:47:45.320267: I external/local_xla/xla/tsl/framework/bfc_allocator.cc:1109] InUse at 149b7d800a00 of size 256 next 24
2025-11-14 00:47:45.320275: I external/local_xla/xla/tsl/framework/bfc_allocator.cc:1109] InUse at 149b7d800b00 of size 256 next 25
2025-11-14 00:47:45.320282: I external/local_xla/xla/tsl/framework/bfc_allocator.cc:1109] InUse at 149b7d800c00 of size 256 next 27
2025-11-14 00:47:45.320289: I external/local_xla/xla/tsl/framework/bfc_allocator.cc:1109] InUse at 149b7d800d00 of size 256 next 514
2025-11-14 00:47:45.320297: I external/local_xla/xla/tsl/framework/bfc_allocator.cc:1109] InUse at 149b7d800e00 of size 256 next 26
2025-11-14 00:47:45.320304: I external/local_xla/xla/tsl/framework/bfc_allocator.cc:1109] InUse at 149b7d800f00 of size 256 next 31
2025-11-14 00:47:45.320312: I external/local_xla/xla/tsl/framework/bfc_allocator.cc:1109] InUse at 149b7d801000 of size 256 next 49
2025-11-14 00:47:45.320319: I external/local_xla/xla/tsl/framework/bfc_allocator.cc:1109] InUse at 149b7d801100 of size 256 next 50
2025-11-14 00:47:45.320329: I external/local_xla/xla/tsl/framework/bfc_allocator.cc:1109] InUse at 149b7d801200 of size 256 next 54
2025-11-14 00:47:45.320337: I external/local_xla/xla/tsl/framework/bfc_allocator.cc:1109] InUse at 149b7d801300 of size 256 next 55
2025-11-14 00:47:45.320345: I external/local_xla/xla/tsl/framework/bfc_allocator.cc:1109] InUse at 149b7d801400 of size 256 next 58
2025-11-14 00:47:45.320352: I external/local_xla/xla/tsl/framework/bfc_allocator.cc:1109] InUse at 149b7d801500 of size 256 next 56
2025-11-14 00:47:45.320359: I external/local_xla/xla/tsl/framework/bfc_allocator.cc:1109] InUse at 149b7d801600 of size 256 next 62
2025-11-14 00:47:45.320367: I external/local_xla/xla/tsl/framework/bfc_allocator.cc:1109] InUse at 149b7d801700 of size 256 next 42
2025-11-14 00:47:45.320374: I external/local_xla/xla/tsl/framework/bfc_allocator.cc:1109] InUse at 149b7d801800 of size 256 next 34
2025-11-14 00:47:45.320382: I external/local_xla/xla/tsl/framework/bfc_allocator.cc:1109] InUse at 149b7d801900 of size 1024 next 36
2025-11-14 00:47:45.320389: I external/local_xla/xla/tsl/framework/bfc_allocator.cc:1109] InUse at 149b7d801d00 of size 256 next 32
2025-11-14 00:47:45.320396: I external/local_xla/xla/tsl/framework/bfc_allocator.cc:1109] InUse at 149b7d801e00 of size 256 next 33
2025-11-14 00:47:45.320404: I external/local_xla/xla/tsl/framework/bfc_allocator.cc:1109] InUse at 149b7d801f00 of size 1792 next 35
2025-11-14 00:47:45.320412: I external/local_xla/xla/tsl/framework/bfc_allocator.cc:1109] InUse at 149b7d802600 of size 256 next 39
2025-11-14 00:47:45.320419: I external/local_xla/xla/tsl/framework/bfc_allocator.cc:1109] InUse at 149b7d802700 of size 256 next 41
2025-11-14 00:47:45.320427: I external/local_xla/xla/tsl/framework/bfc_allocator.cc:1109] InUse at 149b7d802800 of size 256 next 40
2025-11-14 00:47:45.320434: I external/local_xla/xla/tsl/framework/bfc_allocator.cc:1109] InUse at 149b7d802900 of size 256 next 29
2025-11-14 00:47:45.320441: I external/local_xla/xla/tsl/framework/bfc_allocator.cc:1109] InUse at 149b7d802a00 of size 1280 next 28
2025-11-14 00:47:45.320449: I external/local_xla/xla/tsl/framework/bfc_allocator.cc:1109] InUse at 149b7d802f00 of size 2304 next 30
2025-11-14 00:47:45.320456: I external/local_xla/xla/tsl/framework/bfc_allocator.cc:1109] InUse at 149b7d803800 of size 256 next 43
2025-11-14 00:47:45.320464: I external/local_xla/xla/tsl/framework/bfc_allocator.cc:1109] InUse at 149b7d803900 of size 256 next 38
2025-11-14 00:47:45.320471: I external/local_xla/xla/tsl/framework/bfc_allocator.cc:1109] InUse at 149b7d803a00 of size 256 next 46
2025-11-14 00:47:45.320479: I external/local_xla/xla/tsl/framework/bfc_allocator.cc:1109] InUse at 149b7d803b00 of size 256 next 44
2025-11-14 00:47:45.320486: I external/local_xla/xla/tsl/framework/bfc_allocator.cc:1109] InUse at 149b7d803c00 of size 1024 next 45
2025-11-14 00:47:45.320493: I external/local_xla/xla/tsl/framework/bfc_allocator.cc:1109] InUse at 149b7d804000 of size 256 next 51
2025-11-14 00:47:45.320501: I external/local_xla/xla/tsl/framework/bfc_allocator.cc:1109] InUse at 149b7d804100 of size 256 next 52
2025-11-14 00:47:45.320508: I external/local_xla/xla/tsl/framework/bfc_allocator.cc:1109] InUse at 149b7d804200 of size 256 next 53
2025-11-14 00:47:45.320515: I external/local_xla/xla/tsl/framework/bfc_allocator.cc:1109] InUse at 149b7d804300 of size 256 next 48
2025-11-14 00:47:45.320523: I external/local_xla/xla/tsl/framework/bfc_allocator.cc:1109] InUse at 149b7d804400 of size 1024 next 59
2025-11-14 00:47:45.320530: I external/local_xla/xla/tsl/framework/bfc_allocator.cc:1109] InUse at 149b7d804800 of size 2560 next 60
2025-11-14 00:47:45.320538: I external/local_xla/xla/tsl/framework/bfc_allocator.cc:1109] InUse at 149b7d805200 of size 256 next 61
2025-11-14 00:47:45.320545: I external/local_xla/xla/tsl/framework/bfc_allocator.cc:1109] InUse at 149b7d805300 of size 256 next 57
2025-11-14 00:47:45.320553: I external/local_xla/xla/tsl/framework/bfc_allocator.cc:1109] InUse at 149b7d805400 of size 256 next 65
2025-11-14 00:47:45.320563: I external/local_xla/xla/tsl/framework/bfc_allocator.cc:1109] InUse at 149b7d805500 of size 512 next 66
2025-11-14 00:47:45.320571: I external/local_xla/xla/tsl/framework/bfc_allocator.cc:1109] InUse at 149b7d805700 of size 512 next 67
2025-11-14 00:47:45.320579: I external/local_xla/xla/tsl/framework/bfc_allocator.cc:1109] InUse at 149b7d805900 of size 512 next 63
2025-11-14 00:47:45.320586: I external/local_xla/xla/tsl/framework/bfc_allocator.cc:1109] InUse at 149b7d805b00 of size 256 next 47
2025-11-14 00:47:45.320593: I external/local_xla/xla/tsl/framework/bfc_allocator.cc:1109] InUse at 149b7d805c00 of size 768 next 64
2025-11-14 00:47:45.320601: I external/local_xla/xla/tsl/framework/bfc_allocator.cc:1109] InUse at 149b7d805f00 of size 512 next 69
2025-11-14 00:47:45.320608: I external/local_xla/xla/tsl/framework/bfc_allocator.cc:1109] InUse at 149b7d806100 of size 512 next 72
2025-11-14 00:47:45.320616: I external/local_xla/xla/tsl/framework/bfc_allocator.cc:1109] InUse at 149b7d806300 of size 512 next 73
2025-11-14 00:47:45.320623: I external/local_xla/xla/tsl/framework/bfc_allocator.cc:1109] InUse at 149b7d806500 of size 512 next 74
2025-11-14 00:47:45.320630: I external/local_xla/xla/tsl/framework/bfc_allocator.cc:1109] InUse at 149b7d806700 of size 768 next 77
2025-11-14 00:47:45.320638: I external/local_xla/xla/tsl/framework/bfc_allocator.cc:1109] InUse at 149b7d806a00 of size 256 next 76
2025-11-14 00:47:45.320645: I external/local_xla/xla/tsl/framework/bfc_allocator.cc:1109] InUse at 149b7d806b00 of size 256 next 87
2025-11-14 00:47:45.320653: I external/local_xla/xla/tsl/framework/bfc_allocator.cc:1109] InUse at 149b7d806c00 of size 768 next 88
2025-11-14 00:47:45.320660: I external/local_xla/xla/tsl/framework/bfc_allocator.cc:1109] InUse at 149b7d806f00 of size 768 next 89
2025-11-14 00:47:45.320668: I external/local_xla/xla/tsl/framework/bfc_allocator.cc:1109] InUse at 149b7d807200 of size 768 next 90
2025-11-14 00:47:45.320675: I external/local_xla/xla/tsl/framework/bfc_allocator.cc:1109] InUse at 149b7d807500 of size 768 next 80
2025-11-14 00:47:45.320683: I external/local_xla/xla/tsl/framework/bfc_allocator.cc:1109] InUse at 149b7d807800 of size 1536 next 68
2025-11-14 00:47:45.320690: I external/local_xla/xla/tsl/framework/bfc_allocator.cc:1109] InUse at 149b7d807e00 of size 768 next 97
2025-11-14 00:47:45.320697: I external/local_xla/xla/tsl/framework/bfc_allocator.cc:1109] InUse at 149b7d808100 of size 768 next 94
2025-11-14 00:47:45.320705: I external/local_xla/xla/tsl/framework/bfc_allocator.cc:1109] InUse at 149b7d808400 of size 768 next 95
2025-11-14 00:47:45.320712: I external/local_xla/xla/tsl/framework/bfc_allocator.cc:1109] InUse at 149b7d808700 of size 768 next 82
2025-11-14 00:47:45.320720: I external/local_xla/xla/tsl/framework/bfc_allocator.cc:1109] InUse at 149b7d808a00 of size 256 next 104
2025-11-14 00:47:45.320727: I external/local_xla/xla/tsl/framework/bfc_allocator.cc:1109] InUse at 149b7d808b00 of size 256 next 100
2025-11-14 00:47:45.320735: I external/local_xla/xla/tsl/framework/bfc_allocator.cc:1109] InUse at 149b7d808c00 of size 768 next 70
2025-11-14 00:47:45.320742: I external/local_xla/xla/tsl/framework/bfc_allocator.cc:1109] InUse at 149b7d808f00 of size 6144 next 71
2025-11-14 00:47:45.320749: I external/local_xla/xla/tsl/framework/bfc_allocator.cc:1109] InUse at 149b7d80a700 of size 256 next 515
2025-11-14 00:47:45.320757: I external/local_xla/xla/tsl/framework/bfc_allocator.cc:1109] InUse at 149b7d80a800 of size 256 next 79
2025-11-14 00:47:45.320764: I external/local_xla/xla/tsl/framework/bfc_allocator.cc:1109] InUse at 149b7d80a900 of size 256 next 78
2025-11-14 00:47:45.320772: I external/local_xla/xla/tsl/framework/bfc_allocator.cc:1109] InUse at 149b7d80aa00 of size 256 next 84
2025-11-14 00:47:45.320779: I external/local_xla/xla/tsl/framework/bfc_allocator.cc:1109] InUse at 149b7d80ab00 of size 256 next 83
2025-11-14 00:47:45.320786: I external/local_xla/xla/tsl/framework/bfc_allocator.cc:1109] InUse at 149b7d80ac00 of size 256 next 81
2025-11-14 00:47:45.320797: I external/local_xla/xla/tsl/framework/bfc_allocator.cc:1109] InUse at 149b7d80ad00 of size 768 next 517
2025-11-14 00:47:45.320805: I external/local_xla/xla/tsl/framework/bfc_allocator.cc:1109] InUse at 149b7d80b000 of size 3584 next 96
2025-11-14 00:47:45.320813: I external/local_xla/xla/tsl/framework/bfc_allocator.cc:1109] InUse at 149b7d80be00 of size 5632 next 93
2025-11-14 00:47:45.320821: I external/local_xla/xla/tsl/framework/bfc_allocator.cc:1109] InUse at 149b7d80d400 of size 256 next 98
2025-11-14 00:47:45.320829: I external/local_xla/xla/tsl/framework/bfc_allocator.cc:1109] InUse at 149b7d80d500 of size 256 next 99
2025-11-14 00:47:45.320836: I external/local_xla/xla/tsl/framework/bfc_allocator.cc:1109] InUse at 149b7d80d600 of size 768 next 132
2025-11-14 00:47:45.320843: I external/local_xla/xla/tsl/framework/bfc_allocator.cc:1109] InUse at 149b7d80d900 of size 768 next 133
2025-11-14 00:47:45.320851: I external/local_xla/xla/tsl/framework/bfc_allocator.cc:1109] InUse at 149b7d80dc00 of size 768 next 134
2025-11-14 00:47:45.320858: I external/local_xla/xla/tsl/framework/bfc_allocator.cc:1109] InUse at 149b7d80df00 of size 256 next 136
2025-11-14 00:47:45.320866: I external/local_xla/xla/tsl/framework/bfc_allocator.cc:1109] InUse at 149b7d80e000 of size 768 next 137
2025-11-14 00:47:45.320873: I external/local_xla/xla/tsl/framework/bfc_allocator.cc:1109] InUse at 149b7d80e300 of size 768 next 138
2025-11-14 00:47:45.320881: I external/local_xla/xla/tsl/framework/bfc_allocator.cc:1109] InUse at 149b7d80e600 of size 768 next 141
2025-11-14 00:47:45.320888: I external/local_xla/xla/tsl/framework/bfc_allocator.cc:1109] InUse at 149b7d80e900 of size 256 next 135
2025-11-14 00:47:45.320896: I external/local_xla/xla/tsl/framework/bfc_allocator.cc:1109] InUse at 149b7d80ea00 of size 1280 next 144
2025-11-14 00:47:45.320903: I external/local_xla/xla/tsl/framework/bfc_allocator.cc:1109] InUse at 149b7d80ef00 of size 256 next 145
2025-11-14 00:47:45.320910: I external/local_xla/xla/tsl/framework/bfc_allocator.cc:1109] InUse at 149b7d80f000 of size 256 next 147
2025-11-14 00:47:45.320918: I external/local_xla/xla/tsl/framework/bfc_allocator.cc:1109] InUse at 149b7d80f100 of size 256 next 143
2025-11-14 00:47:45.320925: I external/local_xla/xla/tsl/framework/bfc_allocator.cc:1109] InUse at 149b7d80f200 of size 256 next 149
2025-11-14 00:47:45.320933: I external/local_xla/xla/tsl/framework/bfc_allocator.cc:1109] InUse at 149b7d80f300 of size 256 next 152
2025-11-14 00:47:45.320940: I external/local_xla/xla/tsl/framework/bfc_allocator.cc:1109] InUse at 149b7d80f400 of size 256 next 153
2025-11-14 00:47:45.320947: I external/local_xla/xla/tsl/framework/bfc_allocator.cc:1109] InUse at 149b7d80f500 of size 1536 next 85
2025-11-14 00:47:45.320955: I external/local_xla/xla/tsl/framework/bfc_allocator.cc:1109] InUse at 149b7d80fb00 of size 9216 next 86
2025-11-14 00:47:45.320962: I external/local_xla/xla/tsl/framework/bfc_allocator.cc:1109] InUse at 149b7d811f00 of size 3584 next 103
2025-11-14 00:47:45.320972: I external/local_xla/xla/tsl/framework/bfc_allocator.cc:1109] InUse at 149b7d812d00 of size 5376 next 102
2025-11-14 00:47:45.320980: I external/local_xla/xla/tsl/framework/bfc_allocator.cc:1109] InUse at 149b7d814200 of size 256 next 109
2025-11-14 00:47:45.320988: I external/local_xla/xla/tsl/framework/bfc_allocator.cc:1109] InUse at 149b7d814300 of size 256 next 110
2025-11-14 00:47:45.320995: I external/local_xla/xla/tsl/framework/bfc_allocator.cc:1109] InUse at 149b7d814400 of size 768 next 111
2025-11-14 00:47:45.321003: I external/local_xla/xla/tsl/framework/bfc_allocator.cc:1109] InUse at 149b7d814700 of size 768 next 112
2025-11-14 00:47:45.321010: I external/local_xla/xla/tsl/framework/bfc_allocator.cc:1109] InUse at 149b7d814a00 of size 768 next 113
2025-11-14 00:47:45.321017: I external/local_xla/xla/tsl/framework/bfc_allocator.cc:1109] InUse at 149b7d814d00 of size 768 next 115
2025-11-14 00:47:45.321028: I external/local_xla/xla/tsl/framework/bfc_allocator.cc:1109] InUse at 149b7d815000 of size 1280 next 91
2025-11-14 00:47:45.321036: I external/local_xla/xla/tsl/framework/bfc_allocator.cc:1109] InUse at 149b7d815500 of size 13824 next 92
2025-11-14 00:47:45.321043: I external/local_xla/xla/tsl/framework/bfc_allocator.cc:1109] InUse at 149b7d818b00 of size 768 next 116
2025-11-14 00:47:45.321051: I external/local_xla/xla/tsl/framework/bfc_allocator.cc:1109] InUse at 149b7d818e00 of size 768 next 117
2025-11-14 00:47:45.321058: I external/local_xla/xla/tsl/framework/bfc_allocator.cc:1109] InUse at 149b7d819100 of size 256 next 106
2025-11-14 00:47:45.321066: I external/local_xla/xla/tsl/framework/bfc_allocator.cc:1109] InUse at 149b7d819200 of size 256 next 122
2025-11-14 00:47:45.321073: I external/local_xla/xla/tsl/framework/bfc_allocator.cc:1109] InUse at 149b7d819300 of size 256 next 125
2025-11-14 00:47:45.321080: I external/local_xla/xla/tsl/framework/bfc_allocator.cc:1109] InUse at 149b7d819400 of size 256 next 121
2025-11-14 00:47:45.321088: I external/local_xla/xla/tsl/framework/bfc_allocator.cc:1109] InUse at 149b7d819500 of size 768 next 127
2025-11-14 00:47:45.321095: I external/local_xla/xla/tsl/framework/bfc_allocator.cc:1109] InUse at 149b7d819800 of size 768 next 123
2025-11-14 00:47:45.321103: I external/local_xla/xla/tsl/framework/bfc_allocator.cc:1109] InUse at 149b7d819b00 of size 256 next 130
2025-11-14 00:47:45.321110: I external/local_xla/xla/tsl/framework/bfc_allocator.cc:1109] InUse at 149b7d819c00 of size 256 next 131
2025-11-14 00:47:45.321118: I external/local_xla/xla/tsl/framework/bfc_allocator.cc:1109] InUse at 149b7d819d00 of size 768 next 118
2025-11-14 00:47:45.321125: I external/local_xla/xla/tsl/framework/bfc_allocator.cc:1109] InUse at 149b7d81a000 of size 5376 next 119
2025-11-14 00:47:45.321132: I external/local_xla/xla/tsl/framework/bfc_allocator.cc:1109] InUse at 149b7d81b500 of size 3584 next 124
2025-11-14 00:47:45.321140: I external/local_xla/xla/tsl/framework/bfc_allocator.cc:1109] InUse at 149b7d81c300 of size 768 next 101
2025-11-14 00:47:45.321147: I external/local_xla/xla/tsl/framework/bfc_allocator.cc:1109] InUse at 149b7d81c600 of size 1024 next 148
2025-11-14 00:47:45.321155: I external/local_xla/xla/tsl/framework/bfc_allocator.cc:1109] InUse at 149b7d81ca00 of size 1792 next 126
2025-11-14 00:47:45.321162: I external/local_xla/xla/tsl/framework/bfc_allocator.cc:1109] InUse at 149b7d81d100 of size 256 next 164
2025-11-14 00:47:45.321170: I external/local_xla/xla/tsl/framework/bfc_allocator.cc:1109] InUse at 149b7d81d200 of size 256 next 165
2025-11-14 00:47:45.321177: I external/local_xla/xla/tsl/framework/bfc_allocator.cc:1109] InUse at 149b7d81d300 of size 256 next 168
2025-11-14 00:47:45.321184: I external/local_xla/xla/tsl/framework/bfc_allocator.cc:1109] InUse at 149b7d81d400 of size 256 next 166
2025-11-14 00:47:45.321192: I external/local_xla/xla/tsl/framework/bfc_allocator.cc:1109] InUse at 149b7d81d500 of size 256 next 171
2025-11-14 00:47:45.321199: I external/local_xla/xla/tsl/framework/bfc_allocator.cc:1109] InUse at 149b7d81d600 of size 1280 next 167
2025-11-14 00:47:45.321207: I external/local_xla/xla/tsl/framework/bfc_allocator.cc:1109] InUse at 149b7d81db00 of size 256 next 175
2025-11-14 00:47:45.321214: I external/local_xla/xla/tsl/framework/bfc_allocator.cc:1109] InUse at 149b7d81dc00 of size 256 next 176
2025-11-14 00:47:45.321221: I external/local_xla/xla/tsl/framework/bfc_allocator.cc:1109] InUse at 149b7d81dd00 of size 1024 next 177
2025-11-14 00:47:45.321229: I external/local_xla/xla/tsl/framework/bfc_allocator.cc:1109] InUse at 149b7d81e100 of size 1024 next 178
2025-11-14 00:47:45.321236: I external/local_xla/xla/tsl/framework/bfc_allocator.cc:1109] InUse at 149b7d81e500 of size 1024 next 179
2025-11-14 00:47:45.321244: I external/local_xla/xla/tsl/framework/bfc_allocator.cc:1109] InUse at 149b7d81e900 of size 1024 next 181
2025-11-14 00:47:45.321251: I external/local_xla/xla/tsl/framework/bfc_allocator.cc:1109] InUse at 149b7d81ed00 of size 1024 next 182
2025-11-14 00:47:45.321262: I external/local_xla/xla/tsl/framework/bfc_allocator.cc:1109] InUse at 149b7d81f100 of size 1536 next 107
2025-11-14 00:47:45.321270: I external/local_xla/xla/tsl/framework/bfc_allocator.cc:1109] InUse at 149b7d81f700 of size 13824 next 108
2025-11-14 00:47:45.321277: I external/local_xla/xla/tsl/framework/bfc_allocator.cc:1109] InUse at 149b7d822d00 of size 13824 next 114
2025-11-14 00:47:45.321285: I external/local_xla/xla/tsl/framework/bfc_allocator.cc:1109] InUse at 149b7d826300 of size 1024 next 202
2025-11-14 00:47:45.321292: I external/local_xla/xla/tsl/framework/bfc_allocator.cc:1109] InUse at 149b7d826700 of size 1024 next 203
2025-11-14 00:47:45.321300: I external/local_xla/xla/tsl/framework/bfc_allocator.cc:1109] InUse at 149b7d826b00 of size 256 next 154
2025-11-14 00:47:45.321307: I external/local_xla/xla/tsl/framework/bfc_allocator.cc:1109] InUse at 149b7d826c00 of size 512 next 146
2025-11-14 00:47:45.321314: I external/local_xla/xla/tsl/framework/bfc_allocator.cc:1109] InUse at 149b7d826e00 of size 512 next 231
2025-11-14 00:47:45.321322: I external/local_xla/xla/tsl/framework/bfc_allocator.cc:1109] InUse at 149b7d827000 of size 768 next 207
2025-11-14 00:47:45.321329: I external/local_xla/xla/tsl/framework/bfc_allocator.cc:1109] InUse at 149b7d827300 of size 256 next 209
2025-11-14 00:47:45.321337: I external/local_xla/xla/tsl/framework/bfc_allocator.cc:1109] InUse at 149b7d827400 of size 512 next 206
2025-11-14 00:47:45.321344: I external/local_xla/xla/tsl/framework/bfc_allocator.cc:1109] InUse at 149b7d827600 of size 512 next 211
2025-11-14 00:47:45.321352: I external/local_xla/xla/tsl/framework/bfc_allocator.cc:1109] InUse at 149b7d827800 of size 512 next 213
2025-11-14 00:47:45.321359: I external/local_xla/xla/tsl/framework/bfc_allocator.cc:1109] InUse at 149b7d827a00 of size 512 next 212
2025-11-14 00:47:45.321366: I external/local_xla/xla/tsl/framework/bfc_allocator.cc:1109] InUse at 149b7d827c00 of size 256 next 216
2025-11-14 00:47:45.321374: I external/local_xla/xla/tsl/framework/bfc_allocator.cc:1109] InUse at 149b7d827d00 of size 3072 next 188
2025-11-14 00:47:45.321381: I external/local_xla/xla/tsl/framework/bfc_allocator.cc:1109] InUse at 149b7d828900 of size 17920 next 128
2025-11-14 00:47:45.321389: I external/local_xla/xla/tsl/framework/bfc_allocator.cc:1109] InUse at 149b7d82cf00 of size 13824 next 129
2025-11-14 00:47:45.321396: I external/local_xla/xla/tsl/framework/bfc_allocator.cc:1109] InUse at 149b7d830500 of size 24064 next 157
2025-11-14 00:47:45.321404: I external/local_xla/xla/tsl/framework/bfc_allocator.cc:1109] InUse at 149b7d836300 of size 1024 next 160
2025-11-14 00:47:45.321411: I external/local_xla/xla/tsl/framework/bfc_allocator.cc:1109] InUse at 149b7d836700 of size 1024 next 161
2025-11-14 00:47:45.321419: I external/local_xla/xla/tsl/framework/bfc_allocator.cc:1109] InUse at 149b7d836b00 of size 1024 next 156
2025-11-14 00:47:45.321426: I external/local_xla/xla/tsl/framework/bfc_allocator.cc:1109] InUse at 149b7d836f00 of size 1280 next 139
2025-11-14 00:47:45.321434: I external/local_xla/xla/tsl/framework/bfc_allocator.cc:1109] InUse at 149b7d837400 of size 3584 next 105
2025-11-14 00:47:45.321441: I external/local_xla/xla/tsl/framework/bfc_allocator.cc:1109] InUse at 149b7d838200 of size 1024 next 155
2025-11-14 00:47:45.321449: I external/local_xla/xla/tsl/framework/bfc_allocator.cc:1109] InUse at 149b7d838600 of size 9984 next 140
2025-11-14 00:47:45.321456: I external/local_xla/xla/tsl/framework/bfc_allocator.cc:1109] InUse at 149b7d83ad00 of size 1024 next 183
2025-11-14 00:47:45.321464: I external/local_xla/xla/tsl/framework/bfc_allocator.cc:1109] InUse at 149b7d83b100 of size 256 next 172
2025-11-14 00:47:45.321471: I external/local_xla/xla/tsl/framework/bfc_allocator.cc:1109] InUse at 149b7d83b200 of size 256 next 187
2025-11-14 00:47:45.321478: I external/local_xla/xla/tsl/framework/bfc_allocator.cc:1109] InUse at 149b7d83b300 of size 256 next 186
2025-11-14 00:47:45.321486: I external/local_xla/xla/tsl/framework/bfc_allocator.cc:1109] InUse at 149b7d83b400 of size 256 next 191
2025-11-14 00:47:45.321496: I external/local_xla/xla/tsl/framework/bfc_allocator.cc:1109] InUse at 149b7d83b500 of size 1024 next 189
2025-11-14 00:47:45.321504: I external/local_xla/xla/tsl/framework/bfc_allocator.cc:1109] InUse at 149b7d83b900 of size 1024 next 194
2025-11-14 00:47:45.321512: I external/local_xla/xla/tsl/framework/bfc_allocator.cc:1109] InUse at 149b7d83bd00 of size 256 next 195
2025-11-14 00:47:45.321519: I external/local_xla/xla/tsl/framework/bfc_allocator.cc:1109] InUse at 149b7d83be00 of size 256 next 196
2025-11-14 00:47:45.321527: I external/local_xla/xla/tsl/framework/bfc_allocator.cc:1109] InUse at 149b7d83bf00 of size 1024 next 197
2025-11-14 00:47:45.321534: I external/local_xla/xla/tsl/framework/bfc_allocator.cc:1109] InUse at 149b7d83c300 of size 1024 next 198
2025-11-14 00:47:45.321541: I external/local_xla/xla/tsl/framework/bfc_allocator.cc:1109] InUse at 149b7d83c700 of size 1024 next 200
2025-11-14 00:47:45.321549: I external/local_xla/xla/tsl/framework/bfc_allocator.cc:1109] InUse at 149b7d83cb00 of size 1024 next 201
2025-11-14 00:47:45.321556: I external/local_xla/xla/tsl/framework/bfc_allocator.cc:1109] InUse at 149b7d83cf00 of size 1024 next 170
2025-11-14 00:47:45.321564: I external/local_xla/xla/tsl/framework/bfc_allocator.cc:1109] InUse at 149b7d83d300 of size 46080 next 169
2025-11-14 00:47:45.321571: I external/local_xla/xla/tsl/framework/bfc_allocator.cc:1109] InUse at 149b7d848700 of size 2048 next 224
2025-11-14 00:47:45.321579: I external/local_xla/xla/tsl/framework/bfc_allocator.cc:1109] InUse at 149b7d848f00 of size 2048 next 222
2025-11-14 00:47:45.321586: I external/local_xla/xla/tsl/framework/bfc_allocator.cc:1109] InUse at 149b7d849700 of size 256 next 227
2025-11-14 00:47:45.321593: I external/local_xla/xla/tsl/framework/bfc_allocator.cc:1109] InUse at 149b7d849800 of size 512 next 235
2025-11-14 00:47:45.321601: I external/local_xla/xla/tsl/framework/bfc_allocator.cc:1109] InUse at 149b7d849a00 of size 3840 next 238
2025-11-14 00:47:45.321609: I external/local_xla/xla/tsl/framework/bfc_allocator.cc:1109] InUse at 149b7d84a900 of size 256 next 239
2025-11-14 00:47:45.321616: I external/local_xla/xla/tsl/framework/bfc_allocator.cc:1109] InUse at 149b7d84aa00 of size 256 next 240
2025-11-14 00:47:45.321623: I external/local_xla/xla/tsl/framework/bfc_allocator.cc:1109] InUse at 149b7d84ab00 of size 2048 next 241
2025-11-14 00:47:45.321631: I external/local_xla/xla/tsl/framework/bfc_allocator.cc:1109] InUse at 149b7d84b300 of size 3072 next 162
2025-11-14 00:47:45.321638: I external/local_xla/xla/tsl/framework/bfc_allocator.cc:1109] InUse at 149b7d84bf00 of size 9728 next 151
2025-11-14 00:47:45.321646: I external/local_xla/xla/tsl/framework/bfc_allocator.cc:1109] InUse at 149b7d84e500 of size 14336 next 163
2025-11-14 00:47:45.321653: I external/local_xla/xla/tsl/framework/bfc_allocator.cc:1109] InUse at 149b7d851d00 of size 1024 next 150
2025-11-14 00:47:45.321661: I external/local_xla/xla/tsl/framework/bfc_allocator.cc:1109] InUse at 149b7d852100 of size 8704 next 190
2025-11-14 00:47:45.321670: I external/local_xla/xla/tsl/framework/bfc_allocator.cc:1109] InUse at 149b7d854300 of size 2048 next 518
2025-11-14 00:47:45.321677: I external/local_xla/xla/tsl/framework/bfc_allocator.cc:1109] InUse at 149b7d854b00 of size 2048 next 204
2025-11-14 00:47:45.321685: I external/local_xla/xla/tsl/framework/bfc_allocator.cc:1109] InUse at 149b7d855300 of size 2048 next 217
2025-11-14 00:47:45.321692: I external/local_xla/xla/tsl/framework/bfc_allocator.cc:1109] InUse at 149b7d855b00 of size 2048 next 519
2025-11-14 00:47:45.321699: I external/local_xla/xla/tsl/framework/bfc_allocator.cc:1109] InUse at 149b7d856300 of size 2048 next 219
2025-11-14 00:47:45.321707: I external/local_xla/xla/tsl/framework/bfc_allocator.cc:1109] InUse at 149b7d856b00 of size 2048 next 223
2025-11-14 00:47:45.321714: I external/local_xla/xla/tsl/framework/bfc_allocator.cc:1109] InUse at 149b7d857300 of size 2048 next 184
2025-11-14 00:47:45.321725: I external/local_xla/xla/tsl/framework/bfc_allocator.cc:1109] InUse at 149b7d857b00 of size 2048 next 199
2025-11-14 00:47:45.321733: I external/local_xla/xla/tsl/framework/bfc_allocator.cc:1109] InUse at 149b7d858300 of size 2560 next 158
2025-11-14 00:47:45.321740: I external/local_xla/xla/tsl/framework/bfc_allocator.cc:1109] InUse at 149b7d858d00 of size 38400 next 159
2025-11-14 00:47:45.321748: I external/local_xla/xla/tsl/framework/bfc_allocator.cc:1109] InUse at 149b7d862300 of size 9728 next 185
2025-11-14 00:47:45.321755: I external/local_xla/xla/tsl/framework/bfc_allocator.cc:1109] InUse at 149b7d864900 of size 2048 next 254
2025-11-14 00:47:45.321763: I external/local_xla/xla/tsl/framework/bfc_allocator.cc:1109] InUse at 149b7d865100 of size 28672 next 259
2025-11-14 00:47:45.321770: I external/local_xla/xla/tsl/framework/bfc_allocator.cc:1109] InUse at 149b7d86c100 of size 256 next 260
2025-11-14 00:47:45.321777: I external/local_xla/xla/tsl/framework/bfc_allocator.cc:1109] InUse at 149b7d86c200 of size 256 next 261
2025-11-14 00:47:45.321785: I external/local_xla/xla/tsl/framework/bfc_allocator.cc:1109] InUse at 149b7d86c300 of size 512 next 225
2025-11-14 00:47:45.321792: I external/local_xla/xla/tsl/framework/bfc_allocator.cc:1109] InUse at 149b7d86c500 of size 17408 next 226
2025-11-14 00:47:45.321800: I external/local_xla/xla/tsl/framework/bfc_allocator.cc:1109] InUse at 149b7d870900 of size 2048 next 262
2025-11-14 00:47:45.321807: I external/local_xla/xla/tsl/framework/bfc_allocator.cc:1109] InUse at 149b7d871100 of size 2048 next 264
2025-11-14 00:47:45.321814: I external/local_xla/xla/tsl/framework/bfc_allocator.cc:1109] InUse at 149b7d871900 of size 2048 next 265
2025-11-14 00:47:45.321822: I external/local_xla/xla/tsl/framework/bfc_allocator.cc:1109] InUse at 149b7d872100 of size 2048 next 266
2025-11-14 00:47:45.321829: I external/local_xla/xla/tsl/framework/bfc_allocator.cc:1109] InUse at 149b7d872900 of size 2048 next 267
2025-11-14 00:47:45.321836: I external/local_xla/xla/tsl/framework/bfc_allocator.cc:1109] InUse at 149b7d873100 of size 2048 next 269
2025-11-14 00:47:45.321844: I external/local_xla/xla/tsl/framework/bfc_allocator.cc:1109] InUse at 149b7d873900 of size 2048 next 270
2025-11-14 00:47:45.321851: I external/local_xla/xla/tsl/framework/bfc_allocator.cc:1109] InUse at 149b7d874100 of size 3584 next 173
2025-11-14 00:47:45.321859: I external/local_xla/xla/tsl/framework/bfc_allocator.cc:1109] InUse at 149b7d874f00 of size 38400 next 174
2025-11-14 00:47:45.321866: I external/local_xla/xla/tsl/framework/bfc_allocator.cc:1109] InUse at 149b7d87e500 of size 38400 next 180
2025-11-14 00:47:45.321873: I external/local_xla/xla/tsl/framework/bfc_allocator.cc:1109] InUse at 149b7d887b00 of size 9728 next 208
2025-11-14 00:47:45.321881: I external/local_xla/xla/tsl/framework/bfc_allocator.cc:1109] InUse at 149b7d88a100 of size 2048 next 245
2025-11-14 00:47:45.321888: I external/local_xla/xla/tsl/framework/bfc_allocator.cc:1109] InUse at 149b7d88a900 of size 2048 next 246
2025-11-14 00:47:45.321896: I external/local_xla/xla/tsl/framework/bfc_allocator.cc:1109] InUse at 149b7d88b100 of size 256 next 248
2025-11-14 00:47:45.321903: I external/local_xla/xla/tsl/framework/bfc_allocator.cc:1109] InUse at 149b7d88b200 of size 2048 next 253
2025-11-14 00:47:45.321910: I external/local_xla/xla/tsl/framework/bfc_allocator.cc:1109] InUse at 149b7d88ba00 of size 512 next 249
2025-11-14 00:47:45.321918: I external/local_xla/xla/tsl/framework/bfc_allocator.cc:1109] InUse at 149b7d88bc00 of size 512 next 251
2025-11-14 00:47:45.321925: I external/local_xla/xla/tsl/framework/bfc_allocator.cc:1109] InUse at 149b7d88be00 of size 512 next 250
2025-11-14 00:47:45.321932: I external/local_xla/xla/tsl/framework/bfc_allocator.cc:1109] InUse at 149b7d88c000 of size 512 next 256
2025-11-14 00:47:45.321940: I external/local_xla/xla/tsl/framework/bfc_allocator.cc:1109] InUse at 149b7d88c200 of size 512 next 210
2025-11-14 00:47:45.321947: I external/local_xla/xla/tsl/framework/bfc_allocator.cc:1109] InUse at 149b7d88c400 of size 512 next 273
2025-11-14 00:47:45.321958: I external/local_xla/xla/tsl/framework/bfc_allocator.cc:1109] InUse at 149b7d88c600 of size 512 next 275
2025-11-14 00:47:45.321966: I external/local_xla/xla/tsl/framework/bfc_allocator.cc:1109] InUse at 149b7d88c800 of size 3328 next 278
2025-11-14 00:47:45.321976: I external/local_xla/xla/tsl/framework/bfc_allocator.cc:1109] InUse at 149b7d88d500 of size 256 next 279
2025-11-14 00:47:45.321983: I external/local_xla/xla/tsl/framework/bfc_allocator.cc:1109] InUse at 149b7d88d600 of size 256 next 280
2025-11-14 00:47:45.321997: I external/local_xla/xla/tsl/framework/bfc_allocator.cc:1109] InUse at 149b7d88d700 of size 2048 next 281
2025-11-14 00:47:45.322004: I external/local_xla/xla/tsl/framework/bfc_allocator.cc:1109] InUse at 149b7d88df00 of size 2048 next 282
2025-11-14 00:47:45.322012: I external/local_xla/xla/tsl/framework/bfc_allocator.cc:1109] InUse at 149b7d88e700 of size 2048 next 284
2025-11-14 00:47:45.322019: I external/local_xla/xla/tsl/framework/bfc_allocator.cc:1109] InUse at 149b7d88ef00 of size 2048 next 285
2025-11-14 00:47:45.322027: I external/local_xla/xla/tsl/framework/bfc_allocator.cc:1109] InUse at 149b7d88f700 of size 2048 next 286
2025-11-14 00:47:45.322034: I external/local_xla/xla/tsl/framework/bfc_allocator.cc:1109] InUse at 149b7d88ff00 of size 2048 next 287
2025-11-14 00:47:45.322042: I external/local_xla/xla/tsl/framework/bfc_allocator.cc:1109] InUse at 149b7d890700 of size 2560 next 192
2025-11-14 00:47:45.322049: I external/local_xla/xla/tsl/framework/bfc_allocator.cc:1109] InUse at 149b7d891100 of size 38400 next 193
2025-11-14 00:47:45.322057: I external/local_xla/xla/tsl/framework/bfc_allocator.cc:1109] InUse at 149b7d89a700 of size 17408 next 218
2025-11-14 00:47:45.322064: I external/local_xla/xla/tsl/framework/bfc_allocator.cc:1109] InUse at 149b7d89eb00 of size 38400 next 247
2025-11-14 00:47:45.322071: I external/local_xla/xla/tsl/framework/bfc_allocator.cc:1109] InUse at 149b7d8a8100 of size 2048 next 290
2025-11-14 00:47:45.322079: I external/local_xla/xla/tsl/framework/bfc_allocator.cc:1109] InUse at 149b7d8a8900 of size 512 next 271
2025-11-14 00:47:45.322086: I external/local_xla/xla/tsl/framework/bfc_allocator.cc:1109] InUse at 149b7d8a8b00 of size 512 next 313
2025-11-14 00:47:45.322094: I external/local_xla/xla/tsl/framework/bfc_allocator.cc:1109] InUse at 149b7d8a8d00 of size 512 next 312
2025-11-14 00:47:45.322101: I external/local_xla/xla/tsl/framework/bfc_allocator.cc:1109] InUse at 149b7d8a8f00 of size 512 next 292
2025-11-14 00:47:45.322109: I external/local_xla/xla/tsl/framework/bfc_allocator.cc:1109] InUse at 149b7d8a9100 of size 256 next 293
2025-11-14 00:47:45.322116: I external/local_xla/xla/tsl/framework/bfc_allocator.cc:1109] InUse at 149b7d8a9200 of size 512 next 291
2025-11-14 00:47:45.322123: I external/local_xla/xla/tsl/framework/bfc_allocator.cc:1109] InUse at 149b7d8a9400 of size 512 next 294
2025-11-14 00:47:45.322131: I external/local_xla/xla/tsl/framework/bfc_allocator.cc:1109] InUse at 149b7d8a9600 of size 512 next 296
2025-11-14 00:47:45.322138: I external/local_xla/xla/tsl/framework/bfc_allocator.cc:1109] InUse at 149b7d8a9800 of size 512 next 295
2025-11-14 00:47:45.322146: I external/local_xla/xla/tsl/framework/bfc_allocator.cc:1109] InUse at 149b7d8a9a00 of size 256 next 299
2025-11-14 00:47:45.322153: I external/local_xla/xla/tsl/framework/bfc_allocator.cc:1109] InUse at 149b7d8a9b00 of size 2816 next 300
2025-11-14 00:47:45.322160: I external/local_xla/xla/tsl/framework/bfc_allocator.cc:1109] InUse at 149b7d8aa600 of size 2816 next 301
2025-11-14 00:47:45.322168: I external/local_xla/xla/tsl/framework/bfc_allocator.cc:1109] InUse at 149b7d8ab100 of size 2816 next 302
2025-11-14 00:47:45.322175: I external/local_xla/xla/tsl/framework/bfc_allocator.cc:1109] InUse at 149b7d8abc00 of size 2816 next 305
2025-11-14 00:47:45.322183: I external/local_xla/xla/tsl/framework/bfc_allocator.cc:1109] InUse at 149b7d8ac700 of size 3072 next 234
2025-11-14 00:47:45.322190: I external/local_xla/xla/tsl/framework/bfc_allocator.cc:1109] InUse at 149b7d8ad300 of size 38400 next 232
2025-11-14 00:47:45.322201: I external/local_xla/xla/tsl/framework/bfc_allocator.cc:1109] InUse at 149b7d8b6900 of size 38400 next 233
2025-11-14 00:47:45.322209: I external/local_xla/xla/tsl/framework/bfc_allocator.cc:1109] InUse at 149b7d8bff00 of size 2816 next 244
2025-11-14 00:47:45.322216: I external/local_xla/xla/tsl/framework/bfc_allocator.cc:1109] InUse at 149b7d8c0a00 of size 2816 next 268
2025-11-14 00:47:45.322224: I external/local_xla/xla/tsl/framework/bfc_allocator.cc:1109] InUse at 149b7d8c1500 of size 2816 next 307
2025-11-14 00:47:45.322231: I external/local_xla/xla/tsl/framework/bfc_allocator.cc:1109] InUse at 149b7d8c2000 of size 2816 next 308
2025-11-14 00:47:45.322239: I external/local_xla/xla/tsl/framework/bfc_allocator.cc:1109] InUse at 149b7d8c2b00 of size 2816 next 318
2025-11-14 00:47:45.322246: I external/local_xla/xla/tsl/framework/bfc_allocator.cc:1109] InUse at 149b7d8c3600 of size 4608 next 311
2025-11-14 00:47:45.322253: I external/local_xla/xla/tsl/framework/bfc_allocator.cc:1109] InUse at 149b7d8c4800 of size 768 next 399
2025-11-14 00:47:45.322261: I external/local_xla/xla/tsl/framework/bfc_allocator.cc:1109] InUse at 149b7d8c4b00 of size 6400 next 306
2025-11-14 00:47:45.322269: I external/local_xla/xla/tsl/framework/bfc_allocator.cc:1109] InUse at 149b7d8c6400 of size 256 next 310
2025-11-14 00:47:45.322276: I external/local_xla/xla/tsl/framework/bfc_allocator.cc:1109] InUse at 149b7d8c6500 of size 5120 next 321
2025-11-14 00:47:45.322283: I external/local_xla/xla/tsl/framework/bfc_allocator.cc:1109] InUse at 149b7d8c7900 of size 256 next 322
2025-11-14 00:47:45.322291: I external/local_xla/xla/tsl/framework/bfc_allocator.cc:1109] InUse at 149b7d8c7a00 of size 256 next 323
2025-11-14 00:47:45.322298: I external/local_xla/xla/tsl/framework/bfc_allocator.cc:1109] InUse at 149b7d8c7b00 of size 2816 next 324
2025-11-14 00:47:45.322306: I external/local_xla/xla/tsl/framework/bfc_allocator.cc:1109] InUse at 149b7d8c8600 of size 3840 next 214
2025-11-14 00:47:45.322313: I external/local_xla/xla/tsl/framework/bfc_allocator.cc:1109] InUse at 149b7d8c9500 of size 38400 next 520
2025-11-14 00:47:45.322321: I external/local_xla/xla/tsl/framework/bfc_allocator.cc:1109] InUse at 149b7d8d2b00 of size 38400 next 215
2025-11-14 00:47:45.322328: I external/local_xla/xla/tsl/framework/bfc_allocator.cc:1109] InUse at 149b7d8dc100 of size 2816 next 325
2025-11-14 00:47:45.322335: I external/local_xla/xla/tsl/framework/bfc_allocator.cc:1109] InUse at 149b7d8dcc00 of size 2816 next 327
2025-11-14 00:47:45.322343: I external/local_xla/xla/tsl/framework/bfc_allocator.cc:1109] InUse at 149b7d8dd700 of size 2816 next 328
2025-11-14 00:47:45.322350: I external/local_xla/xla/tsl/framework/bfc_allocator.cc:1109] InUse at 149b7d8de200 of size 2816 next 329
2025-11-14 00:47:45.322358: I external/local_xla/xla/tsl/framework/bfc_allocator.cc:1109] InUse at 149b7d8ded00 of size 2816 next 330
2025-11-14 00:47:45.322365: I external/local_xla/xla/tsl/framework/bfc_allocator.cc:1109] InUse at 149b7d8df800 of size 256 next 316
2025-11-14 00:47:45.322372: I external/local_xla/xla/tsl/framework/bfc_allocator.cc:1109] InUse at 149b7d8df900 of size 512 next 331
2025-11-14 00:47:45.322380: I external/local_xla/xla/tsl/framework/bfc_allocator.cc:1109] InUse at 149b7d8dfb00 of size 512 next 333
2025-11-14 00:47:45.322387: I external/local_xla/xla/tsl/framework/bfc_allocator.cc:1109] InUse at 149b7d8dfd00 of size 512 next 332
2025-11-14 00:47:45.322395: I external/local_xla/xla/tsl/framework/bfc_allocator.cc:1109] InUse at 149b7d8dff00 of size 512 next 337
2025-11-14 00:47:45.322402: I external/local_xla/xla/tsl/framework/bfc_allocator.cc:1109] InUse at 149b7d8e0100 of size 5376 next 340
2025-11-14 00:47:45.322410: I external/local_xla/xla/tsl/framework/bfc_allocator.cc:1109] InUse at 149b7d8e1600 of size 256 next 341
2025-11-14 00:47:45.322417: I external/local_xla/xla/tsl/framework/bfc_allocator.cc:1109] InUse at 149b7d8e1700 of size 256 next 342
2025-11-14 00:47:45.322428: I external/local_xla/xla/tsl/framework/bfc_allocator.cc:1109] InUse at 149b7d8e1800 of size 2816 next 343
2025-11-14 00:47:45.322436: I external/local_xla/xla/tsl/framework/bfc_allocator.cc:1109] InUse at 149b7d8e2300 of size 2816 next 344
2025-11-14 00:47:45.322444: I external/local_xla/xla/tsl/framework/bfc_allocator.cc:1109] InUse at 149b7d8e2e00 of size 2816 next 346
2025-11-14 00:47:45.322451: I external/local_xla/xla/tsl/framework/bfc_allocator.cc:1109] InUse at 149b7d8e3900 of size 2816 next 347
2025-11-14 00:47:45.322459: I external/local_xla/xla/tsl/framework/bfc_allocator.cc:1109] InUse at 149b7d8e4400 of size 4864 next 252
2025-11-14 00:47:45.322466: I external/local_xla/xla/tsl/framework/bfc_allocator.cc:1109] InUse at 149b7d8e5700 of size 76800 next 255
2025-11-14 00:47:45.322474: I external/local_xla/xla/tsl/framework/bfc_allocator.cc:1109] InUse at 149b7d8f8300 of size 2816 next 348
2025-11-14 00:47:45.322481: I external/local_xla/xla/tsl/framework/bfc_allocator.cc:1109] InUse at 149b7d8f8e00 of size 2816 next 349
2025-11-14 00:47:45.322489: I external/local_xla/xla/tsl/framework/bfc_allocator.cc:1109] InUse at 149b7d8f9900 of size 2816 next 350
2025-11-14 00:47:45.322496: I external/local_xla/xla/tsl/framework/bfc_allocator.cc:1109] InUse at 149b7d8fa400 of size 512 next 335
2025-11-14 00:47:45.322504: I external/local_xla/xla/tsl/framework/bfc_allocator.cc:1109] InUse at 149b7d8fa600 of size 512 next 352
2025-11-14 00:47:45.322511: I external/local_xla/xla/tsl/framework/bfc_allocator.cc:1109] InUse at 149b7d8fa800 of size 512 next 351
2025-11-14 00:47:45.322519: I external/local_xla/xla/tsl/framework/bfc_allocator.cc:1109] InUse at 149b7d8faa00 of size 512 next 356
2025-11-14 00:47:45.322526: I external/local_xla/xla/tsl/framework/bfc_allocator.cc:1109] InUse at 149b7d8fac00 of size 2816 next 359
2025-11-14 00:47:45.322533: I external/local_xla/xla/tsl/framework/bfc_allocator.cc:1109] InUse at 149b7d8fb700 of size 256 next 360
2025-11-14 00:47:45.322541: I external/local_xla/xla/tsl/framework/bfc_allocator.cc:1109] InUse at 149b7d8fb800 of size 256 next 361
2025-11-14 00:47:45.322548: I external/local_xla/xla/tsl/framework/bfc_allocator.cc:1109] InUse at 149b7d8fb900 of size 2816 next 362
2025-11-14 00:47:45.322556: I external/local_xla/xla/tsl/framework/bfc_allocator.cc:1109] InUse at 149b7d8fc400 of size 2816 next 363
2025-11-14 00:47:45.322563: I external/local_xla/xla/tsl/framework/bfc_allocator.cc:1109] InUse at 149b7d8fcf00 of size 2816 next 365
2025-11-14 00:47:45.322571: I external/local_xla/xla/tsl/framework/bfc_allocator.cc:1109] InUse at 149b7d8fda00 of size 2816 next 366
2025-11-14 00:47:45.322578: I external/local_xla/xla/tsl/framework/bfc_allocator.cc:1109] InUse at 149b7d8fe500 of size 2816 next 367
2025-11-14 00:47:45.322586: I external/local_xla/xla/tsl/framework/bfc_allocator.cc:1109] InUse at 149b7d8ff000 of size 2816 next 368
2025-11-14 00:47:45.322593: I external/local_xla/xla/tsl/framework/bfc_allocator.cc:1109] InUse at 149b7d8ffb00 of size 2816 next 369
2025-11-14 00:47:45.322600: I external/local_xla/xla/tsl/framework/bfc_allocator.cc:1109] InUse at 149b7d900600 of size 4864 next 220
2025-11-14 00:47:45.322608: I external/local_xla/xla/tsl/framework/bfc_allocator.cc:1109] InUse at 149b7d901900 of size 153600 next 221
2025-11-14 00:47:45.322615: I external/local_xla/xla/tsl/framework/bfc_allocator.cc:1109] InUse at 149b7d927100 of size 38400 next 272
2025-11-14 00:47:45.322623: I external/local_xla/xla/tsl/framework/bfc_allocator.cc:1109] InUse at 149b7d930700 of size 38400 next 274
2025-11-14 00:47:45.322630: I external/local_xla/xla/tsl/framework/bfc_allocator.cc:1109] InUse at 149b7d939d00 of size 76800 next 236
2025-11-14 00:47:45.322638: I external/local_xla/xla/tsl/framework/bfc_allocator.cc:1109] InUse at 149b7d94c900 of size 153600 next 237
2025-11-14 00:47:45.322645: I external/local_xla/xla/tsl/framework/bfc_allocator.cc:1109] InUse at 149b7d972100 of size 153600 next 243
2025-11-14 00:47:45.322653: I external/local_xla/xla/tsl/framework/bfc_allocator.cc:1109] InUse at 149b7d997900 of size 38400 next 288
2025-11-14 00:47:45.322663: I external/local_xla/xla/tsl/framework/bfc_allocator.cc:1109] InUse at 149b7d9a0f00 of size 115200 next 257
2025-11-14 00:47:45.322671: I external/local_xla/xla/tsl/framework/bfc_allocator.cc:1109] InUse at 149b7d9bd100 of size 153600 next 258
2025-11-14 00:47:45.322679: I external/local_xla/xla/tsl/framework/bfc_allocator.cc:1109] InUse at 149b7d9e2900 of size 153600 next 263
2025-11-14 00:47:45.322686: I external/local_xla/xla/tsl/framework/bfc_allocator.cc:1109] InUse at 149b7da08100 of size 768 next 378
2025-11-14 00:47:45.322694: I external/local_xla/xla/tsl/framework/bfc_allocator.cc:1109] InUse at 149b7da08400 of size 768 next 395
2025-11-14 00:47:45.322701: I external/local_xla/xla/tsl/framework/bfc_allocator.cc:1109] InUse at 149b7da08700 of size 1280 next 371
2025-11-14 00:47:45.322709: I external/local_xla/xla/tsl/framework/bfc_allocator.cc:1109] InUse at 149b7da08c00 of size 256 next 374
2025-11-14 00:47:45.322716: I external/local_xla/xla/tsl/framework/bfc_allocator.cc:1109] InUse at 149b7da08d00 of size 768 next 370
2025-11-14 00:47:45.322724: I external/local_xla/xla/tsl/framework/bfc_allocator.cc:1109] InUse at 149b7da09000 of size 768 next 375
2025-11-14 00:47:45.322731: I external/local_xla/xla/tsl/framework/bfc_allocator.cc:1109] InUse at 149b7da09300 of size 768 next 377
2025-11-14 00:47:45.322738: I external/local_xla/xla/tsl/framework/bfc_allocator.cc:1109] InUse at 149b7da09600 of size 768 next 376
2025-11-14 00:47:45.322746: I external/local_xla/xla/tsl/framework/bfc_allocator.cc:1109] InUse at 149b7da09900 of size 256 next 379
2025-11-14 00:47:45.322753: I external/local_xla/xla/tsl/framework/bfc_allocator.cc:1109] InUse at 149b7da09a00 of size 4608 next 380
2025-11-14 00:47:45.322761: I external/local_xla/xla/tsl/framework/bfc_allocator.cc:1109] InUse at 149b7da0ac00 of size 4608 next 381
2025-11-14 00:47:45.322768: I external/local_xla/xla/tsl/framework/bfc_allocator.cc:1109] InUse at 149b7da0be00 of size 4608 next 382
2025-11-14 00:47:45.322776: I external/local_xla/xla/tsl/framework/bfc_allocator.cc:1109] InUse at 149b7da0d000 of size 4608 next 386
2025-11-14 00:47:45.322783: I external/local_xla/xla/tsl/framework/bfc_allocator.cc:1109] InUse at 149b7da0e200 of size 4608 next 388
2025-11-14 00:47:45.322791: I external/local_xla/xla/tsl/framework/bfc_allocator.cc:1109] InUse at 149b7da0f400 of size 4608 next 389
2025-11-14 00:47:45.322798: I external/local_xla/xla/tsl/framework/bfc_allocator.cc:1109] InUse at 149b7da10600 of size 4608 next 390
2025-11-14 00:47:45.322805: I external/local_xla/xla/tsl/framework/bfc_allocator.cc:1109] InUse at 149b7da11800 of size 4608 next 387
2025-11-14 00:47:45.322813: I external/local_xla/xla/tsl/framework/bfc_allocator.cc:1109] InUse at 149b7da12a00 of size 256 next 392
2025-11-14 00:47:45.322821: I external/local_xla/xla/tsl/framework/bfc_allocator.cc:1109] InUse at 149b7da12b00 of size 7936 next 402
2025-11-14 00:47:45.322828: I external/local_xla/xla/tsl/framework/bfc_allocator.cc:1109] InUse at 149b7da14a00 of size 256 next 403
2025-11-14 00:47:45.322835: I external/local_xla/xla/tsl/framework/bfc_allocator.cc:1109] InUse at 149b7da14b00 of size 256 next 404
2025-11-14 00:47:45.322843: I external/local_xla/xla/tsl/framework/bfc_allocator.cc:1109] InUse at 149b7da14c00 of size 4608 next 405
2025-11-14 00:47:45.322850: I external/local_xla/xla/tsl/framework/bfc_allocator.cc:1109] InUse at 149b7da15e00 of size 4608 next 406
2025-11-14 00:47:45.322858: I external/local_xla/xla/tsl/framework/bfc_allocator.cc:1109] InUse at 149b7da17000 of size 6144 next 309
2025-11-14 00:47:45.322865: I external/local_xla/xla/tsl/framework/bfc_allocator.cc:1109] InUse at 149b7da18800 of size 86272 next 276
2025-11-14 00:47:45.322873: I external/local_xla/xla/tsl/framework/bfc_allocator.cc:1109] InUse at 149b7da2d900 of size 153600 next 277
2025-11-14 00:47:45.322880: I external/local_xla/xla/tsl/framework/bfc_allocator.cc:1109] InUse at 149b7da53100 of size 268800 next 391
2025-11-14 00:47:45.322891: I external/local_xla/xla/tsl/framework/bfc_allocator.cc:1109] InUse at 149b7da94b00 of size 115200 next 412
2025-11-14 00:47:45.322899: I external/local_xla/xla/tsl/framework/bfc_allocator.cc:1109] InUse at 149b7dab0d00 of size 7680 next 491
2025-11-14 00:47:45.322906: I external/local_xla/xla/tsl/framework/bfc_allocator.cc:1109] InUse at 149b7dab2b00 of size 7680 next 492
2025-11-14 00:47:45.322914: I external/local_xla/xla/tsl/framework/bfc_allocator.cc:1109] InUse at 149b7dab4900 of size 7680 next 490
2025-11-14 00:47:45.322921: I external/local_xla/xla/tsl/framework/bfc_allocator.cc:1109] InUse at 149b7dab6700 of size 8192 next 496
2025-11-14 00:47:45.322929: I external/local_xla/xla/tsl/framework/bfc_allocator.cc:1109] InUse at 149b7dab8700 of size 1280 next 494
2025-11-14 00:47:45.322936: I external/local_xla/xla/tsl/framework/bfc_allocator.cc:1109] InUse at 149b7dab8c00 of size 1280 next 495
2025-11-14 00:47:45.322944: I external/local_xla/xla/tsl/framework/bfc_allocator.cc:1109] InUse at 149b7dab9100 of size 1280 next 497
2025-11-14 00:47:45.322951: I external/local_xla/xla/tsl/framework/bfc_allocator.cc:1109] InUse at 149b7dab9600 of size 1280 next 501
2025-11-14 00:47:45.322959: I external/local_xla/xla/tsl/framework/bfc_allocator.cc:1109] InUse at 149b7dab9b00 of size 7680 next 504
2025-11-14 00:47:45.322966: I external/local_xla/xla/tsl/framework/bfc_allocator.cc:1109] InUse at 149b7dabb900 of size 256 next 505
2025-11-14 00:47:45.322976: I external/local_xla/xla/tsl/framework/bfc_allocator.cc:1109] InUse at 149b7dabba00 of size 256 next 506
2025-11-14 00:47:45.322984: I external/local_xla/xla/tsl/framework/bfc_allocator.cc:1109] InUse at 149b7dabbb00 of size 5120 next 507
2025-11-14 00:47:45.322991: I external/local_xla/xla/tsl/framework/bfc_allocator.cc:1109] InUse at 149b7dabcf00 of size 5120 next 508
2025-11-14 00:47:45.322999: I external/local_xla/xla/tsl/framework/bfc_allocator.cc:1109] InUse at 149b7dabe300 of size 5120 next 509
2025-11-14 00:47:45.323006: I external/local_xla/xla/tsl/framework/bfc_allocator.cc:1109] InUse at 149b7dabf700 of size 256 next 230
2025-11-14 00:47:45.323014: I external/local_xla/xla/tsl/framework/bfc_allocator.cc:1109] InUse at 149b7dabf800 of size 256 next 228
2025-11-14 00:47:45.323021: I external/local_xla/xla/tsl/framework/bfc_allocator.cc:1109] InUse at 149b7dabf900 of size 256 next 229
2025-11-14 00:47:45.323028: I external/local_xla/xla/tsl/framework/bfc_allocator.cc:1109] InUse at 149b7dabfa00 of size 256 next 521
2025-11-14 00:47:45.323036: I external/local_xla/xla/tsl/framework/bfc_allocator.cc:1109] InUse at 149b7dabfb00 of size 256 next 525
2025-11-14 00:47:45.323043: I external/local_xla/xla/tsl/framework/bfc_allocator.cc:1109] InUse at 149b7dabfc00 of size 256 next 526
2025-11-14 00:47:45.323051: I external/local_xla/xla/tsl/framework/bfc_allocator.cc:1109] InUse at 149b7dabfd00 of size 256 next 524
2025-11-14 00:47:45.323058: I external/local_xla/xla/tsl/framework/bfc_allocator.cc:1109] InUse at 149b7dabfe00 of size 256 next 527
2025-11-14 00:47:45.323065: I external/local_xla/xla/tsl/framework/bfc_allocator.cc:1109] InUse at 149b7dabff00 of size 256 next 530
2025-11-14 00:47:45.323073: I external/local_xla/xla/tsl/framework/bfc_allocator.cc:1109] InUse at 149b7dac0000 of size 256 next 529
2025-11-14 00:47:45.323080: I external/local_xla/xla/tsl/framework/bfc_allocator.cc:1109] InUse at 149b7dac0100 of size 256 next 531
2025-11-14 00:47:45.323088: I external/local_xla/xla/tsl/framework/bfc_allocator.cc:1109] InUse at 149b7dac0200 of size 256 next 532
2025-11-14 00:47:45.323095: I external/local_xla/xla/tsl/framework/bfc_allocator.cc:1109] InUse at 149b7dac0300 of size 256 next 533
2025-11-14 00:47:45.323103: I external/local_xla/xla/tsl/framework/bfc_allocator.cc:1109] InUse at 149b7dac0400 of size 256 next 534
2025-11-14 00:47:45.323110: I external/local_xla/xla/tsl/framework/bfc_allocator.cc:1109] InUse at 149b7dac0500 of size 256 next 535
2025-11-14 00:47:45.323117: I external/local_xla/xla/tsl/framework/bfc_allocator.cc:1109] InUse at 149b7dac0600 of size 3584 next 536
2025-11-14 00:47:45.323129: I external/local_xla/xla/tsl/framework/bfc_allocator.cc:1109] InUse at 149b7dac1400 of size 11264 next 528
2025-11-14 00:47:45.323139: I external/local_xla/xla/tsl/framework/bfc_allocator.cc:1109] InUse at 149b7dac4000 of size 14336 next 522
2025-11-14 00:47:45.323146: I external/local_xla/xla/tsl/framework/bfc_allocator.cc:1109] InUse at 149b7dac7800 of size 32768 next 523
2025-11-14 00:47:45.323154: I external/local_xla/xla/tsl/framework/bfc_allocator.cc:1109] InUse at 149b7dacf800 of size 256 next 537
2025-11-14 00:47:45.323161: I external/local_xla/xla/tsl/framework/bfc_allocator.cc:1109] InUse at 149b7dacf900 of size 1536 next 538
2025-11-14 00:47:45.323169: I external/local_xla/xla/tsl/framework/bfc_allocator.cc:1109] InUse at 149b7dacff00 of size 256 next 539
2025-11-14 00:47:45.323176: I external/local_xla/xla/tsl/framework/bfc_allocator.cc:1109] InUse at 149b7dad0000 of size 1536 next 540
2025-11-14 00:47:45.323184: I external/local_xla/xla/tsl/framework/bfc_allocator.cc:1109] InUse at 149b7dad0600 of size 70400 next 297
2025-11-14 00:47:45.323191: I external/local_xla/xla/tsl/framework/bfc_allocator.cc:1109] InUse at 149b7dae1900 of size 219648 next 408
2025-11-14 00:47:45.323199: I external/local_xla/xla/tsl/framework/bfc_allocator.cc:1109] InUse at 149b7db17300 of size 4608 next 409
2025-11-14 00:47:45.323206: I external/local_xla/xla/tsl/framework/bfc_allocator.cc:1109] InUse at 149b7db18500 of size 4608 next 410
2025-11-14 00:47:45.323214: I external/local_xla/xla/tsl/framework/bfc_allocator.cc:1109] InUse at 149b7db19700 of size 4608 next 411
2025-11-14 00:47:45.323221: I external/local_xla/xla/tsl/framework/bfc_allocator.cc:1109] InUse at 149b7db1a900 of size 256 next 298
2025-11-14 00:47:45.323229: I external/local_xla/xla/tsl/framework/bfc_allocator.cc:1109] InUse at 149b7db1aa00 of size 768 next 413
2025-11-14 00:47:45.323236: I external/local_xla/xla/tsl/framework/bfc_allocator.cc:1109] InUse at 149b7db1ad00 of size 768 next 415
2025-11-14 00:47:45.323243: I external/local_xla/xla/tsl/framework/bfc_allocator.cc:1109] InUse at 149b7db1b000 of size 768 next 414
2025-11-14 00:47:45.323251: I external/local_xla/xla/tsl/framework/bfc_allocator.cc:1109] InUse at 149b7db1b300 of size 768 next 419
2025-11-14 00:47:45.323258: I external/local_xla/xla/tsl/framework/bfc_allocator.cc:1109] InUse at 149b7db1b600 of size 8960 next 422
2025-11-14 00:47:45.323266: I external/local_xla/xla/tsl/framework/bfc_allocator.cc:1109] InUse at 149b7db1d900 of size 256 next 423
2025-11-14 00:47:45.323273: I external/local_xla/xla/tsl/framework/bfc_allocator.cc:1109] InUse at 149b7db1da00 of size 256 next 424
2025-11-14 00:47:45.323281: I external/local_xla/xla/tsl/framework/bfc_allocator.cc:1109] InUse at 149b7db1db00 of size 4608 next 425
2025-11-14 00:47:45.323288: I external/local_xla/xla/tsl/framework/bfc_allocator.cc:1109] InUse at 149b7db1ed00 of size 4608 next 426
2025-11-14 00:47:45.323296: I external/local_xla/xla/tsl/framework/bfc_allocator.cc:1109] InUse at 149b7db1ff00 of size 4608 next 428
2025-11-14 00:47:45.323303: I external/local_xla/xla/tsl/framework/bfc_allocator.cc:1109] InUse at 149b7db21100 of size 4608 next 429
2025-11-14 00:47:45.323310: I external/local_xla/xla/tsl/framework/bfc_allocator.cc:1109] InUse at 149b7db22300 of size 4608 next 430
2025-11-14 00:47:45.323318: I external/local_xla/xla/tsl/framework/bfc_allocator.cc:1109] InUse at 149b7db23500 of size 4608 next 431
2025-11-14 00:47:45.323325: I external/local_xla/xla/tsl/framework/bfc_allocator.cc:1109] InUse at 149b7db24700 of size 4608 next 433
2025-11-14 00:47:45.323333: I external/local_xla/xla/tsl/framework/bfc_allocator.cc:1109] InUse at 149b7db25900 of size 4608 next 434
2025-11-14 00:47:45.323340: I external/local_xla/xla/tsl/framework/bfc_allocator.cc:1109] InUse at 149b7db26b00 of size 768 next 417
2025-11-14 00:47:45.323348: I external/local_xla/xla/tsl/framework/bfc_allocator.cc:1109] InUse at 149b7db26e00 of size 6400 next 314
2025-11-14 00:47:45.323355: I external/local_xla/xla/tsl/framework/bfc_allocator.cc:1109] InUse at 149b7db28700 of size 75264 next 315
2025-11-14 00:47:45.323365: I external/local_xla/xla/tsl/framework/bfc_allocator.cc:1109] InUse at 149b7db3ad00 of size 75264 next 317
2025-11-14 00:47:45.323374: I external/local_xla/xla/tsl/framework/bfc_allocator.cc:1109] InUse at 149b7db4d300 of size 75264 next 303
2025-11-14 00:47:45.323381: I external/local_xla/xla/tsl/framework/bfc_allocator.cc:1109] InUse at 149b7db5f900 of size 301056 next 304
2025-11-14 00:47:45.323388: I external/local_xla/xla/tsl/framework/bfc_allocator.cc:1109] InUse at 149b7dba9100 of size 75264 next 334
2025-11-14 00:47:45.323396: I external/local_xla/xla/tsl/framework/bfc_allocator.cc:1109] InUse at 149b7dbbb700 of size 75264 next 336
2025-11-14 00:47:45.323403: I external/local_xla/xla/tsl/framework/bfc_allocator.cc:1109] InUse at 149b7dbcdd00 of size 75264 next 353
2025-11-14 00:47:45.323411: I external/local_xla/xla/tsl/framework/bfc_allocator.cc:1109] InUse at 149b7dbe0300 of size 75264 next 319
2025-11-14 00:47:45.323418: I external/local_xla/xla/tsl/framework/bfc_allocator.cc:1109] InUse at 149b7dbf2900 of size 301056 next 320
2025-11-14 00:47:45.323426: I external/local_xla/xla/tsl/framework/bfc_allocator.cc:1109] InUse at 149b7dc3c100 of size 301056 next 326
2025-11-14 00:47:45.323433: I external/local_xla/xla/tsl/framework/bfc_allocator.cc:1109] InUse at 149b7dc85900 of size 75264 next 355
2025-11-14 00:47:45.323441: I external/local_xla/xla/tsl/framework/bfc_allocator.cc:1109] InUse at 149b7dc97f00 of size 768 next 439
2025-11-14 00:47:45.323448: I external/local_xla/xla/tsl/framework/bfc_allocator.cc:1109] InUse at 149b7dc98200 of size 768 next 435
2025-11-14 00:47:45.323456: I external/local_xla/xla/tsl/framework/bfc_allocator.cc:1109] InUse at 149b7dc98500 of size 768 next 436
2025-11-14 00:47:45.323463: I external/local_xla/xla/tsl/framework/bfc_allocator.cc:1109] InUse at 149b7dc98800 of size 1024 next 442
2025-11-14 00:47:45.323470: I external/local_xla/xla/tsl/framework/bfc_allocator.cc:1109] InUse at 149b7dc98c00 of size 256 next 443
2025-11-14 00:47:45.323478: I external/local_xla/xla/tsl/framework/bfc_allocator.cc:1109] InUse at 149b7dc98d00 of size 4608 next 444
2025-11-14 00:47:45.323485: I external/local_xla/xla/tsl/framework/bfc_allocator.cc:1109] InUse at 149b7dc99f00 of size 4608 next 445
2025-11-14 00:47:45.323493: I external/local_xla/xla/tsl/framework/bfc_allocator.cc:1109] InUse at 149b7dc9b100 of size 4608 next 447
2025-11-14 00:47:45.323500: I external/local_xla/xla/tsl/framework/bfc_allocator.cc:1109] InUse at 149b7dc9c300 of size 4608 next 448
2025-11-14 00:47:45.323508: I external/local_xla/xla/tsl/framework/bfc_allocator.cc:1109] InUse at 149b7dc9d500 of size 4608 next 449
2025-11-14 00:47:45.323515: I external/local_xla/xla/tsl/framework/bfc_allocator.cc:1109] InUse at 149b7dc9e700 of size 4608 next 450
2025-11-14 00:47:45.323523: I external/local_xla/xla/tsl/framework/bfc_allocator.cc:1109] InUse at 149b7dc9f900 of size 4608 next 451
2025-11-14 00:47:45.323530: I external/local_xla/xla/tsl/framework/bfc_allocator.cc:1109] InUse at 149b7dca0b00 of size 4608 next 452
2025-11-14 00:47:45.323537: I external/local_xla/xla/tsl/framework/bfc_allocator.cc:1109] InUse at 149b7dca1d00 of size 768 next 454
2025-11-14 00:47:45.323545: I external/local_xla/xla/tsl/framework/bfc_allocator.cc:1109] InUse at 149b7dca2000 of size 768 next 453
2025-11-14 00:47:45.323552: I external/local_xla/xla/tsl/framework/bfc_allocator.cc:1109] InUse at 149b7dca2300 of size 768 next 459
2025-11-14 00:47:45.323560: I external/local_xla/xla/tsl/framework/bfc_allocator.cc:1109] InUse at 149b7dca2600 of size 5376 next 462
2025-11-14 00:47:45.323567: I external/local_xla/xla/tsl/framework/bfc_allocator.cc:1109] InUse at 149b7dca3b00 of size 256 next 463
2025-11-14 00:47:45.323575: I external/local_xla/xla/tsl/framework/bfc_allocator.cc:1109] InUse at 149b7dca3c00 of size 256 next 464
2025-11-14 00:47:45.323582: I external/local_xla/xla/tsl/framework/bfc_allocator.cc:1109] InUse at 149b7dca3d00 of size 4608 next 465
2025-11-14 00:47:45.323593: I external/local_xla/xla/tsl/framework/bfc_allocator.cc:1109] InUse at 149b7dca4f00 of size 4608 next 466
2025-11-14 00:47:45.323601: I external/local_xla/xla/tsl/framework/bfc_allocator.cc:1109] InUse at 149b7dca6100 of size 4608 next 468
2025-11-14 00:47:45.323608: I external/local_xla/xla/tsl/framework/bfc_allocator.cc:1109] InUse at 149b7dca7300 of size 4608 next 469
2025-11-14 00:47:45.323616: I external/local_xla/xla/tsl/framework/bfc_allocator.cc:1109] InUse at 149b7dca8500 of size 8192 next 372
2025-11-14 00:47:45.323623: I external/local_xla/xla/tsl/framework/bfc_allocator.cc:1109] InUse at 149b7dcaa500 of size 75264 next 373
2025-11-14 00:47:45.323631: I external/local_xla/xla/tsl/framework/bfc_allocator.cc:1109] InUse at 149b7dcbcb00 of size 4608 next 397
2025-11-14 00:47:45.323638: I external/local_xla/xla/tsl/framework/bfc_allocator.cc:1109] InUse at 149b7dcbdd00 of size 70656 next 338
2025-11-14 00:47:45.323646: I external/local_xla/xla/tsl/framework/bfc_allocator.cc:1109] InUse at 149b7dccf100 of size 301056 next 339
2025-11-14 00:47:45.323653: I external/local_xla/xla/tsl/framework/bfc_allocator.cc:1109] InUse at 149b7dd18900 of size 301056 next 345
2025-11-14 00:47:45.323660: I external/local_xla/xla/tsl/framework/bfc_allocator.cc:1109] InUse at 149b7dd62100 of size 115200 next 432
2025-11-14 00:47:45.323668: I external/local_xla/xla/tsl/framework/bfc_allocator.cc:1109] InUse at 149b7dd7e300 of size 256 next 511
2025-11-14 00:47:45.323675: I external/local_xla/xla/tsl/framework/bfc_allocator.cc:1109] InUse at 149b7dd7e400 of size 256 next 512
2025-11-14 00:47:45.323683: I external/local_xla/xla/tsl/framework/bfc_allocator.cc:1109] InUse at 149b7dd7e500 of size 3584 next 18
2025-11-14 00:47:45.323690: I external/local_xla/xla/tsl/framework/bfc_allocator.cc:1109] InUse at 149b7dd7f300 of size 6144 next 37
2025-11-14 00:47:45.323698: I external/local_xla/xla/tsl/framework/bfc_allocator.cc:1109] InUse at 149b7dd80b00 of size 9216 next 75
2025-11-14 00:47:45.323705: I external/local_xla/xla/tsl/framework/bfc_allocator.cc:1109] InUse at 149b7dd82f00 of size 13824 next 516
2025-11-14 00:47:45.323713: I external/local_xla/xla/tsl/framework/bfc_allocator.cc:1109] InUse at 149b7dd86500 of size 14592 next 120
2025-11-14 00:47:45.323720: I external/local_xla/xla/tsl/framework/bfc_allocator.cc:1109] InUse at 149b7dd89e00 of size 35072 next 473
2025-11-14 00:47:45.323728: I external/local_xla/xla/tsl/framework/bfc_allocator.cc:1109] InUse at 149b7dd92700 of size 4608 next 474
2025-11-14 00:47:45.323735: I external/local_xla/xla/tsl/framework/bfc_allocator.cc:1109] InUse at 149b7dd93900 of size 4608 next 470
2025-11-14 00:47:45.323743: I external/local_xla/xla/tsl/framework/bfc_allocator.cc:1109] InUse at 149b7dd94b00 of size 256 next 458
2025-11-14 00:47:45.323750: I external/local_xla/xla/tsl/framework/bfc_allocator.cc:1109] InUse at 149b7dd94c00 of size 4608 next 457
2025-11-14 00:47:45.323758: I external/local_xla/xla/tsl/framework/bfc_allocator.cc:1109] InUse at 149b7dd95e00 of size 1280 next 482
2025-11-14 00:47:45.323765: I external/local_xla/xla/tsl/framework/bfc_allocator.cc:1109] InUse at 149b7dd96300 of size 7680 next 488
2025-11-14 00:47:45.323773: I external/local_xla/xla/tsl/framework/bfc_allocator.cc:1109] InUse at 149b7dd98100 of size 256 next 510
2025-11-14 00:47:45.323780: I external/local_xla/xla/tsl/framework/bfc_allocator.cc:1109] InUse at 149b7dd98200 of size 256 next 393
2025-11-14 00:47:45.323787: I external/local_xla/xla/tsl/framework/bfc_allocator.cc:1109] InUse at 149b7dd98300 of size 256 next 499
2025-11-14 00:47:45.323795: I external/local_xla/xla/tsl/framework/bfc_allocator.cc:1109] InUse at 149b7dd98400 of size 36096 next 476
2025-11-14 00:47:45.323804: I external/local_xla/xla/tsl/framework/bfc_allocator.cc:1109] InUse at 149b7dda1100 of size 256 next 477
2025-11-14 00:47:45.323811: I external/local_xla/xla/tsl/framework/bfc_allocator.cc:1109] InUse at 149b7dda1200 of size 1280 next 475
2025-11-14 00:47:45.323819: I external/local_xla/xla/tsl/framework/bfc_allocator.cc:1109] InUse at 149b7dda1700 of size 1280 next 479
2025-11-14 00:47:45.323829: I external/local_xla/xla/tsl/framework/bfc_allocator.cc:1109] InUse at 149b7dda1c00 of size 1280 next 481
2025-11-14 00:47:45.323837: I external/local_xla/xla/tsl/framework/bfc_allocator.cc:1109] InUse at 149b7dda2100 of size 512 next 394
2025-11-14 00:47:45.323844: I external/local_xla/xla/tsl/framework/bfc_allocator.cc:1109] InUse at 149b7dda2300 of size 256 next 493
2025-11-14 00:47:45.323852: I external/local_xla/xla/tsl/framework/bfc_allocator.cc:1109] InUse at 149b7dda2400 of size 512 next 480
2025-11-14 00:47:45.323859: I external/local_xla/xla/tsl/framework/bfc_allocator.cc:1109] InUse at 149b7dda2600 of size 256 next 483
2025-11-14 00:47:45.323867: I external/local_xla/xla/tsl/framework/bfc_allocator.cc:1109] InUse at 149b7dda2700 of size 7680 next 484
2025-11-14 00:47:45.323874: I external/local_xla/xla/tsl/framework/bfc_allocator.cc:1109] InUse at 149b7dda4500 of size 7680 next 485
2025-11-14 00:47:45.323882: I external/local_xla/xla/tsl/framework/bfc_allocator.cc:1109] InUse at 149b7dda6300 of size 7680 next 486
2025-11-14 00:47:45.323889: I external/local_xla/xla/tsl/framework/bfc_allocator.cc:1109] InUse at 149b7dda8100 of size 14336 next 357
2025-11-14 00:47:45.323896: I external/local_xla/xla/tsl/framework/bfc_allocator.cc:1109] InUse at 149b7ddab900 of size 301056 next 358
2025-11-14 00:47:45.323904: I external/local_xla/xla/tsl/framework/bfc_allocator.cc:1109] InUse at 149b7ddf5100 of size 884736 next 354
2025-11-14 00:47:45.323911: I external/local_xla/xla/tsl/framework/bfc_allocator.cc:1109] InUse at 149b7decd100 of size 614400 next 441
2025-11-14 00:47:45.323919: I external/local_xla/xla/tsl/framework/bfc_allocator.cc:1109] InUse at 149b7df63100 of size 41472 next 543
2025-11-14 00:47:45.323926: I external/local_xla/xla/tsl/framework/bfc_allocator.cc:1109] InUse at 149b7df6d300 of size 69120 next 545
2025-11-14 00:47:45.323934: I external/local_xla/xla/tsl/framework/bfc_allocator.cc:1109] InUse at 149b7df7e100 of size 512 next 550
2025-11-14 00:47:45.323941: I external/local_xla/xla/tsl/framework/bfc_allocator.cc:1109] InUse at 149b7df7e300 of size 32768 next 551
2025-11-14 00:47:45.323949: I external/local_xla/xla/tsl/framework/bfc_allocator.cc:1109] InUse at 149b7df86300 of size 256 next 552
2025-11-14 00:47:45.323956: I external/local_xla/xla/tsl/framework/bfc_allocator.cc:1109] InUse at 149b7df86400 of size 8448 next 553
2025-11-14 00:47:45.323964: I external/local_xla/xla/tsl/framework/bfc_allocator.cc:1109] InUse at 149b7df88500 of size 256 next 554
2025-11-14 00:47:45.323974: I external/local_xla/xla/tsl/framework/bfc_allocator.cc:1109] InUse at 149b7df88600 of size 256 next 555
2025-11-14 00:47:45.323981: I external/local_xla/xla/tsl/framework/bfc_allocator.cc:1109] InUse at 149b7df88700 of size 256 next 556
2025-11-14 00:47:45.323989: I external/local_xla/xla/tsl/framework/bfc_allocator.cc:1109] InUse at 149b7df88800 of size 256 next 557
2025-11-14 00:47:45.323996: I external/local_xla/xla/tsl/framework/bfc_allocator.cc:1109] InUse at 149b7df88900 of size 256 next 558
2025-11-14 00:47:45.324004: I external/local_xla/xla/tsl/framework/bfc_allocator.cc:1109] InUse at 149b7df88a00 of size 6144 next 559
2025-11-14 00:47:45.324011: I external/local_xla/xla/tsl/framework/bfc_allocator.cc:1109] InUse at 149b7df8a200 of size 14592 next 560
2025-11-14 00:47:45.324019: I external/local_xla/xla/tsl/framework/bfc_allocator.cc:1109] InUse at 149b7df8db00 of size 24064 next 561
2025-11-14 00:47:45.324026: I external/local_xla/xla/tsl/framework/bfc_allocator.cc:1109] InUse at 149b7df93900 of size 24064 next 562
2025-11-14 00:47:45.324033: I external/local_xla/xla/tsl/framework/bfc_allocator.cc:1109] InUse at 149b7df99700 of size 24064 next 563
2025-11-14 00:47:45.324041: I external/local_xla/xla/tsl/framework/bfc_allocator.cc:1109] InUse at 149b7df9f500 of size 24064 next 564
2025-11-14 00:47:45.324048: I external/local_xla/xla/tsl/framework/bfc_allocator.cc:1109] InUse at 149b7dfa5300 of size 38400 next 565
2025-11-14 00:47:45.324059: I external/local_xla/xla/tsl/framework/bfc_allocator.cc:1109] InUse at 149b7dfae900 of size 38400 next 566
2025-11-14 00:47:45.324067: I external/local_xla/xla/tsl/framework/bfc_allocator.cc:1109] InUse at 149b7dfb7f00 of size 38400 next 567
2025-11-14 00:47:45.324074: I external/local_xla/xla/tsl/framework/bfc_allocator.cc:1109] InUse at 149b7dfc1500 of size 38400 next 568
2025-11-14 00:47:45.324082: I external/local_xla/xla/tsl/framework/bfc_allocator.cc:1109] InUse at 149b7dfcab00 of size 38400 next 569
2025-11-14 00:47:45.324089: I external/local_xla/xla/tsl/framework/bfc_allocator.cc:1109] InUse at 149b7dfd4100 of size 38400 next 570
2025-11-14 00:47:45.324096: I external/local_xla/xla/tsl/framework/bfc_allocator.cc:1109] InUse at 149b7dfdd700 of size 38400 next 571
2025-11-14 00:47:45.324104: I external/local_xla/xla/tsl/framework/bfc_allocator.cc:1109] InUse at 149b7dfe6d00 of size 38400 next 572
2025-11-14 00:47:45.324111: I external/local_xla/xla/tsl/framework/bfc_allocator.cc:1109] InUse at 149b7dff0300 of size 64768 next 18446744073709551615
2025-11-14 00:47:45.324119: I external/local_xla/xla/tsl/framework/bfc_allocator.cc:1114]      Summary of in-use Chunks by size: 
2025-11-14 00:47:45.324128: I external/local_xla/xla/tsl/framework/bfc_allocator.cc:1117] 213 Chunks of size 256 totalling 53.2KiB
2025-11-14 00:47:45.324136: I external/local_xla/xla/tsl/framework/bfc_allocator.cc:1117] 86 Chunks of size 512 totalling 43.0KiB
2025-11-14 00:47:45.324144: I external/local_xla/xla/tsl/framework/bfc_allocator.cc:1117] 97 Chunks of size 768 totalling 72.8KiB
2025-11-14 00:47:45.324152: I external/local_xla/xla/tsl/framework/bfc_allocator.cc:1117] 56 Chunks of size 1024 totalling 56.0KiB
2025-11-14 00:47:45.324160: I external/local_xla/xla/tsl/framework/bfc_allocator.cc:1117] 23 Chunks of size 1280 totalling 28.8KiB
2025-11-14 00:47:45.324168: I external/local_xla/xla/tsl/framework/bfc_allocator.cc:1117] 5 Chunks of size 1536 totalling 7.5KiB
2025-11-14 00:47:45.324176: I external/local_xla/xla/tsl/framework/bfc_allocator.cc:1117] 2 Chunks of size 1792 totalling 3.5KiB
2025-11-14 00:47:45.324185: I external/local_xla/xla/tsl/framework/bfc_allocator.cc:1117] 69 Chunks of size 2048 totalling 138.0KiB
2025-11-14 00:47:45.324193: I external/local_xla/xla/tsl/framework/bfc_allocator.cc:1117] 1 Chunks of size 2304 totalling 2.2KiB
2025-11-14 00:47:45.324200: I external/local_xla/xla/tsl/framework/bfc_allocator.cc:1117] 3 Chunks of size 2560 totalling 7.5KiB
2025-11-14 00:47:45.324209: I external/local_xla/xla/tsl/framework/bfc_allocator.cc:1117] 70 Chunks of size 2816 totalling 192.5KiB
2025-11-14 00:47:45.324217: I external/local_xla/xla/tsl/framework/bfc_allocator.cc:1117] 3 Chunks of size 3072 totalling 9.0KiB
2025-11-14 00:47:45.324224: I external/local_xla/xla/tsl/framework/bfc_allocator.cc:1117] 1 Chunks of size 3328 totalling 3.2KiB
2025-11-14 00:47:45.324233: I external/local_xla/xla/tsl/framework/bfc_allocator.cc:1117] 19 Chunks of size 3584 totalling 66.5KiB
2025-11-14 00:47:45.324240: I external/local_xla/xla/tsl/framework/bfc_allocator.cc:1117] 2 Chunks of size 3840 totalling 7.5KiB
2025-11-14 00:47:45.324249: I external/local_xla/xla/tsl/framework/bfc_allocator.cc:1117] 88 Chunks of size 4608 totalling 396.0KiB
2025-11-14 00:47:45.324257: I external/local_xla/xla/tsl/framework/bfc_allocator.cc:1117] 2 Chunks of size 4864 totalling 9.5KiB
2025-11-14 00:47:45.324265: I external/local_xla/xla/tsl/framework/bfc_allocator.cc:1117] 8 Chunks of size 5120 totalling 40.0KiB
2025-11-14 00:47:45.324273: I external/local_xla/xla/tsl/framework/bfc_allocator.cc:1117] 8 Chunks of size 5376 totalling 42.0KiB
2025-11-14 00:47:45.324281: I external/local_xla/xla/tsl/framework/bfc_allocator.cc:1117] 1 Chunks of size 5632 totalling 5.5KiB
2025-11-14 00:47:45.324289: I external/local_xla/xla/tsl/framework/bfc_allocator.cc:1117] 4 Chunks of size 6144 totalling 24.0KiB
2025-11-14 00:47:45.324297: I external/local_xla/xla/tsl/framework/bfc_allocator.cc:1117] 2 Chunks of size 6400 totalling 12.5KiB
2025-11-14 00:47:45.324309: I external/local_xla/xla/tsl/framework/bfc_allocator.cc:1117] 18 Chunks of size 7680 totalling 135.0KiB
2025-11-14 00:47:45.324317: I external/local_xla/xla/tsl/framework/bfc_allocator.cc:1117] 1 Chunks of size 7936 totalling 7.8KiB
2025-11-14 00:47:45.324325: I external/local_xla/xla/tsl/framework/bfc_allocator.cc:1117] 3 Chunks of size 8192 totalling 24.0KiB
2025-11-14 00:47:45.324333: I external/local_xla/xla/tsl/framework/bfc_allocator.cc:1117] 1 Chunks of size 8448 totalling 8.2KiB
2025-11-14 00:47:45.324341: I external/local_xla/xla/tsl/framework/bfc_allocator.cc:1117] 1 Chunks of size 8704 totalling 8.5KiB
2025-11-14 00:47:45.324349: I external/local_xla/xla/tsl/framework/bfc_allocator.cc:1117] 1 Chunks of size 8960 totalling 8.8KiB
2025-11-14 00:47:45.324357: I external/local_xla/xla/tsl/framework/bfc_allocator.cc:1117] 3 Chunks of size 9216 totalling 27.0KiB
2025-11-14 00:47:45.324365: I external/local_xla/xla/tsl/framework/bfc_allocator.cc:1117] 15 Chunks of size 9728 totalling 142.5KiB
2025-11-14 00:47:45.324373: I external/local_xla/xla/tsl/framework/bfc_allocator.cc:1117] 1 Chunks of size 9984 totalling 9.8KiB
2025-11-14 00:47:45.324381: I external/local_xla/xla/tsl/framework/bfc_allocator.cc:1117] 1 Chunks of size 11264 totalling 11.0KiB
2025-11-14 00:47:45.324389: I external/local_xla/xla/tsl/framework/bfc_allocator.cc:1117] 15 Chunks of size 13824 totalling 202.5KiB
2025-11-14 00:47:45.324397: I external/local_xla/xla/tsl/framework/bfc_allocator.cc:1117] 3 Chunks of size 14336 totalling 42.0KiB
2025-11-14 00:47:45.324405: I external/local_xla/xla/tsl/framework/bfc_allocator.cc:1117] 2 Chunks of size 14592 totalling 28.5KiB
2025-11-14 00:47:45.324413: I external/local_xla/xla/tsl/framework/bfc_allocator.cc:1117] 8 Chunks of size 17408 totalling 136.0KiB
2025-11-14 00:47:45.324421: I external/local_xla/xla/tsl/framework/bfc_allocator.cc:1117] 1 Chunks of size 17920 totalling 17.5KiB
2025-11-14 00:47:45.324429: I external/local_xla/xla/tsl/framework/bfc_allocator.cc:1117] 5 Chunks of size 24064 totalling 117.5KiB
2025-11-14 00:47:45.324437: I external/local_xla/xla/tsl/framework/bfc_allocator.cc:1117] 1 Chunks of size 28672 totalling 28.0KiB
2025-11-14 00:47:45.324445: I external/local_xla/xla/tsl/framework/bfc_allocator.cc:1117] 2 Chunks of size 32768 totalling 64.0KiB
2025-11-14 00:47:45.324453: I external/local_xla/xla/tsl/framework/bfc_allocator.cc:1117] 1 Chunks of size 35072 totalling 34.2KiB
2025-11-14 00:47:45.324461: I external/local_xla/xla/tsl/framework/bfc_allocator.cc:1117] 1 Chunks of size 36096 totalling 35.2KiB
2025-11-14 00:47:45.324469: I external/local_xla/xla/tsl/framework/bfc_allocator.cc:1117] 38 Chunks of size 38400 totalling 1.39MiB
2025-11-14 00:47:45.324477: I external/local_xla/xla/tsl/framework/bfc_allocator.cc:1117] 1 Chunks of size 41472 totalling 40.5KiB
2025-11-14 00:47:45.324485: I external/local_xla/xla/tsl/framework/bfc_allocator.cc:1117] 1 Chunks of size 46080 totalling 45.0KiB
2025-11-14 00:47:45.324493: I external/local_xla/xla/tsl/framework/bfc_allocator.cc:1117] 1 Chunks of size 64768 totalling 63.2KiB
2025-11-14 00:47:45.324501: I external/local_xla/xla/tsl/framework/bfc_allocator.cc:1117] 8 Chunks of size 67328 totalling 526.0KiB
2025-11-14 00:47:45.324509: I external/local_xla/xla/tsl/framework/bfc_allocator.cc:1117] 2 Chunks of size 69120 totalling 135.0KiB
2025-11-14 00:47:45.324517: I external/local_xla/xla/tsl/framework/bfc_allocator.cc:1117] 1 Chunks of size 70400 totalling 68.8KiB
2025-11-14 00:47:45.324525: I external/local_xla/xla/tsl/framework/bfc_allocator.cc:1117] 1 Chunks of size 70656 totalling 69.0KiB
2025-11-14 00:47:45.324533: I external/local_xla/xla/tsl/framework/bfc_allocator.cc:1117] 25 Chunks of size 75264 totalling 1.79MiB
2025-11-14 00:47:45.324541: I external/local_xla/xla/tsl/framework/bfc_allocator.cc:1117] 3 Chunks of size 76800 totalling 225.0KiB
2025-11-14 00:47:45.324549: I external/local_xla/xla/tsl/framework/bfc_allocator.cc:1117] 1 Chunks of size 86272 totalling 84.2KiB
2025-11-14 00:47:45.324560: I external/local_xla/xla/tsl/framework/bfc_allocator.cc:1117] 1 Chunks of size 105984 totalling 103.5KiB
2025-11-14 00:47:45.324568: I external/local_xla/xla/tsl/framework/bfc_allocator.cc:1117] 11 Chunks of size 115200 totalling 1.21MiB
2025-11-14 00:47:45.324576: I external/local_xla/xla/tsl/framework/bfc_allocator.cc:1117] 2 Chunks of size 131840 totalling 257.5KiB
2025-11-14 00:47:45.324585: I external/local_xla/xla/tsl/framework/bfc_allocator.cc:1117] 1 Chunks of size 152064 totalling 148.5KiB
2025-11-14 00:47:45.324593: I external/local_xla/xla/tsl/framework/bfc_allocator.cc:1117] 20 Chunks of size 153600 totalling 2.93MiB
2025-11-14 00:47:45.324601: I external/local_xla/xla/tsl/framework/bfc_allocator.cc:1117] 1 Chunks of size 215040 totalling 210.0KiB
2025-11-14 00:47:45.324609: I external/local_xla/xla/tsl/framework/bfc_allocator.cc:1117] 1 Chunks of size 219648 totalling 214.5KiB
2025-11-14 00:47:45.324617: I external/local_xla/xla/tsl/framework/bfc_allocator.cc:1117] 31 Chunks of size 221184 totalling 6.54MiB
2025-11-14 00:47:45.324625: I external/local_xla/xla/tsl/framework/bfc_allocator.cc:1117] 2 Chunks of size 263424 totalling 514.5KiB
2025-11-14 00:47:45.324633: I external/local_xla/xla/tsl/framework/bfc_allocator.cc:1117] 1 Chunks of size 268800 totalling 262.5KiB
2025-11-14 00:47:45.324641: I external/local_xla/xla/tsl/framework/bfc_allocator.cc:1117] 20 Chunks of size 301056 totalling 5.74MiB
2025-11-14 00:47:45.324648: I external/local_xla/xla/tsl/framework/bfc_allocator.cc:1117] 1 Chunks of size 448512 totalling 438.0KiB
2025-11-14 00:47:45.324657: I external/local_xla/xla/tsl/framework/bfc_allocator.cc:1117] 1 Chunks of size 516096 totalling 504.0KiB
2025-11-14 00:47:45.324665: I external/local_xla/xla/tsl/framework/bfc_allocator.cc:1117] 1 Chunks of size 604160 totalling 590.0KiB
2025-11-14 00:47:45.324672: I external/local_xla/xla/tsl/framework/bfc_allocator.cc:1117] 3 Chunks of size 614400 totalling 1.76MiB
2025-11-14 00:47:45.324680: I external/local_xla/xla/tsl/framework/bfc_allocator.cc:1117] 2 Chunks of size 655360 totalling 1.25MiB
2025-11-14 00:47:45.324688: I external/local_xla/xla/tsl/framework/bfc_allocator.cc:1117] 1 Chunks of size 696320 totalling 680.0KiB
2025-11-14 00:47:45.324696: I external/local_xla/xla/tsl/framework/bfc_allocator.cc:1117] 26 Chunks of size 884736 totalling 21.94MiB
2025-11-14 00:47:45.324704: I external/local_xla/xla/tsl/framework/bfc_allocator.cc:1117] 1 Chunks of size 1303808 totalling 1.24MiB
2025-11-14 00:47:45.324712: I external/local_xla/xla/tsl/framework/bfc_allocator.cc:1117] 1 Chunks of size 1586176 totalling 1.51MiB
2025-11-14 00:47:45.324720: I external/local_xla/xla/tsl/framework/bfc_allocator.cc:1117] 1 Chunks of size 1638400 totalling 1.56MiB
2025-11-14 00:47:45.324728: I external/local_xla/xla/tsl/framework/bfc_allocator.cc:1117] 1 Chunks of size 1736704 totalling 1.66MiB
2025-11-14 00:47:45.324736: I external/local_xla/xla/tsl/framework/bfc_allocator.cc:1117] 5 Chunks of size 2457600 totalling 11.72MiB
2025-11-14 00:47:45.324743: I external/local_xla/xla/tsl/framework/bfc_allocator.cc:1117] 1 Chunks of size 3170304 totalling 3.02MiB
2025-11-14 00:47:45.324751: I external/local_xla/xla/tsl/framework/bfc_allocator.cc:1117] 1 Chunks of size 4194304 totalling 4.00MiB
2025-11-14 00:47:45.324759: I external/local_xla/xla/tsl/framework/bfc_allocator.cc:1117] 1 Chunks of size 536870912 totalling 512.00MiB
2025-11-14 00:47:45.324767: I external/local_xla/xla/tsl/framework/bfc_allocator.cc:1121] Sum Total of in-use chunks: 588.58MiB
2025-11-14 00:47:45.324775: I external/local_xla/xla/tsl/framework/bfc_allocator.cc:1123] Total bytes in pool: 14964490240 memory_limit_: 14964490240 available bytes: 0 curr_region_allocation_bytes_: 17179869184
2025-11-14 00:47:45.324786: I external/local_xla/xla/tsl/framework/bfc_allocator.cc:1128] Stats: 
Limit:                     14964490240
InUse:                       617171712
MaxInUse:                  10204412416
NumAllocs:                        7583
MaxAllocSize:               5260297472
Reserved:                            0
PeakReserved:                        0
LargestFreeBlock:                    0

2025-11-14 00:47:45.324812: W external/local_xla/xla/tsl/framework/bfc_allocator.cc:508] _______________________________________________________________________________________________*****
2025-11-14 00:47:45.325620: I tensorflow/core/framework/local_rendezvous.cc:405] Local rendezvous is aborting with status: RESOURCE_EXHAUSTED: Out of memory while trying to allocate 16696334256 bytes.
	 [[{{node StatefulPartitionedCall}}]]
Hint: If you want to see a list of allocated tensors when OOM happens, add report_tensor_allocations_upon_oom to RunOptions for current allocation info. This isn't available when running in Eager mode.

Traceback (most recent call last):
  File "/home/jordanw7/koa_scratch/ADSA-AI/ADSA-AI-JordanWang/ModelScripts/EfficientNetFamily/SurfaceTension/10v/ModelSurfaceTensionENFV10.py", line 213, in <module>
    main()
  File "/home/jordanw7/koa_scratch/ADSA-AI/ADSA-AI-JordanWang/ModelScripts/EfficientNetFamily/SurfaceTension/10v/ModelSurfaceTensionENFV10.py", line 125, in main
    history = model.fit(train_gen,
              ^^^^^^^^^^^^^^^^^^^^
  File "/home/jordanw7/.conda/envs/ADSAenv/lib/python3.11/site-packages/keras/src/utils/traceback_utils.py", line 122, in error_handler
    raise e.with_traceback(filtered_tb) from None
  File "/home/jordanw7/.conda/envs/ADSAenv/lib/python3.11/site-packages/tensorflow/python/eager/execute.py", line 53, in quick_execute
    tensors = pywrap_tfe.TFE_Py_Execute(ctx._handle, device_name, op_name,
  ^^^^^^^^^^^^^^^^^^^^^^^^^^^^^^^^^^^^^^^^^^^^^^^^^^^^^^^^^^^^^^^^^^^^^^^^
tensorflow.python.framework.errors_impl.ResourceExhaustedError: Graph execution error:

Detected at node StatefulPartitionedCall defined at (most recent call last):
  File "/home/jordanw7/koa_scratch/ADSA-AI/ADSA-AI-JordanWang/ModelScripts/EfficientNetFamily/SurfaceTension/10v/ModelSurfaceTensionENFV10.py", line 213, in <module>

  File "/home/jordanw7/koa_scratch/ADSA-AI/ADSA-AI-JordanWang/ModelScripts/EfficientNetFamily/SurfaceTension/10v/ModelSurfaceTensionENFV10.py", line 125, in main

  File "/home/jordanw7/.conda/envs/ADSAenv/lib/python3.11/site-packages/keras/src/utils/traceback_utils.py", line 117, in error_handler

  File "/home/jordanw7/.conda/envs/ADSAenv/lib/python3.11/site-packages/keras/src/backend/tensorflow/trainer.py", line 371, in fit

  File "/home/jordanw7/.conda/envs/ADSAenv/lib/python3.11/site-packages/keras/src/backend/tensorflow/trainer.py", line 219, in function

  File "/home/jordanw7/.conda/envs/ADSAenv/lib/python3.11/site-packages/keras/src/backend/tensorflow/trainer.py", line 132, in multi_step_on_iterator

Out of memory while trying to allocate 16696334256 bytes.
	 [[{{node StatefulPartitionedCall}}]]
Hint: If you want to see a list of allocated tensors when OOM happens, add report_tensor_allocations_upon_oom to RunOptions for current allocation info. This isn't available when running in Eager mode.
 [Op:__inference_multi_step_on_iterator_77675]
2025-11-14 00:47:47.320816: F external/local_xla/xla/tsl/framework/bfc_allocator.cc:811] Check failed: c->in_use() && (c->bin_num == kInvalidBinNum) 
/var/spool/slurm/d/job8924033/slurm_script: line 39: 2512616 Aborted                 (core dumped) python /home/jordanw7/koa_scratch/ADSA-AI/ADSA-AI-JordanWang/ModelScripts/EfficientNetFamily/SurfaceTension/10v/ModelSurfaceTensionENFV10.py --dataset_path $LOCAL_DATA
